t,cycle,leg,target,volt,shoulder_pitch_q,shoulder_pitch_cmd,shoulder_pitch_i,shoulder_pitch_qd,shoulder_pitch_temp,shoulder_yaw_q,shoulder_yaw_cmd,shoulder_yaw_i,shoulder_yaw_qd,shoulder_yaw_temp,shoulder_roll_q,shoulder_roll_cmd,shoulder_roll_i,shoulder_roll_qd,shoulder_roll_temp,elbow_flex_q,elbow_flex_cmd,elbow_flex_i,elbow_flex_qd,elbow_flex_temp,wrist_roll_q,wrist_roll_cmd,wrist_roll_i,wrist_roll_qd,wrist_roll_temp,wrist_yaw_q,wrist_yaw_cmd,wrist_yaw_i,wrist_yaw_qd,wrist_yaw_temp,wrist_pitch_q,wrist_pitch_cmd,wrist_pitch_i,wrist_pitch_qd,wrist_pitch_temp
-0.0312,0,approach,-80.0,12.2,5.169,5.169,0.0,0.0,29.0,-100.0,-100.0,0.0,0.0,29.0,-100.0,-100.0,0.0,0.0,29.0,-82.533,-82.533,0.0,0.0,28.0,-90.311,-90.311,0.0,0.0,28.0,31.22,31.22,0.0,0.0,29.0,41.237,41.237,0.0,0.0,29.0
0.0209,0,approach,-80.0,12.2,5.169,5.169,0.0,0.0,29.0,-100.0,-100.0,0.0,0.0,29.0,-100.0,-100.0,0.0,0.0,29.0,-82.533,-80.0,0.0,0.0,28.0,-90.311,-90.311,0.0,0.0,28.0,31.22,31.22,0.0,0.0,29.0,41.237,41.237,0.0,0.0,29.0
0.0744,0,approach,-80.0,12.2,5.169,5.169,0.0,0.0,29.0,-100.0,-100.0,0.0,0.0,29.0,-100.0,-100.0,0.0,0.0,29.0,-82.533,-80.0,0.0,0.0,28.0,-90.311,-90.311,0.0,0.0,28.0,31.22,31.22,0.0,0.0,29.0,41.237,41.237,0.0,0.0,29.0
0.1278,0,approach,-80.0,12.2,5.169,5.169,0.0,0.0,29.0,-100.0,-100.0,0.0,0.0,29.0,-100.0,-100.0,0.0,0.0,29.0,-82.4,-80.0,0.0,1.473,28.0,-90.311,-90.311,0.0,0.0,28.0,31.22,31.22,0.0,0.0,29.0,41.237,41.237,0.0,0.0,29.0
0.1818,0,approach,-80.0,12.2,5.169,5.169,0.0,0.0,29.0,-100.0,-100.0,0.0,0.0,29.0,-100.0,-100.0,0.0,0.0,29.0,-82.133,-80.0,0.0,3.138,28.0,-90.311,-90.311,0.0,0.0,28.0,31.22,31.22,0.0,0.0,29.0,41.237,41.237,0.0,0.0,29.0
0.2351,0,approach,-80.0,12.2,5.169,5.169,0.0,0.0,29.0,-100.0,-100.0,0.0,0.0,29.0,-100.0,-100.0,0.0,0.0,29.0,-81.733,-80.0,0.0,5.142,28.0,-90.311,-90.311,0.0,0.0,28.0,31.22,31.22,0.0,0.0,29.0,41.237,41.237,0.0,0.0,29.0
0.2884,0,approach,-80.0,12.2,5.169,5.169,0.0,0.0,29.0,-100.0,-100.0,0.0,0.0,29.0,-100.0,-100.0,0.0,0.0,29.0,-81.6,-80.0,1.0,5.094,28.0,-90.311,-90.311,0.0,0.0,28.0,31.22,31.22,0.0,0.0,29.0,41.237,41.237,0.0,0.0,30.0
0.3414,0,approach,-80.0,12.2,5.169,5.169,0.0,0.0,29.0,-100.0,-100.0,0.0,0.0,29.0,-100.0,-100.0,0.0,0.0,29.0,-81.067,-80.0,1.0,5.556,28.0,-90.311,-90.311,0.0,0.0,28.0,31.22,31.22,0.0,0.0,29.0,41.237,41.237,0.0,0.0,30.0
0.3944,0,approach,-80.0,12.2,5.169,5.169,0.0,0.0,29.0,-100.0,-100.0,0.0,0.0,29.0,-100.0,-100.0,0.0,0.0,29.0,-80.8,-80.0,1.0,5.264,28.0,-90.311,-90.311,0.0,0.0,28.0,31.22,31.22,0.0,0.0,29.0,41.237,41.237,0.0,0.0,30.0
0.4474,0,approach,-80.0,12.2,5.169,5.169,0.0,0.0,29.0,-100.0,-100.0,0.0,0.0,29.0,-100.0,-100.0,0.0,0.0,29.0,-80.533,-80.0,1.0,5.103,28.0,-90.311,-90.311,0.0,0.0,28.0,31.22,31.22,0.0,0.0,29.0,41.237,41.237,0.0,0.0,30.0
0.5007,0,approach,-80.0,12.2,5.169,5.169,0.0,0.0,29.0,-100.0,-100.0,0.0,0.0,29.0,-100.0,-100.0,0.0,0.0,29.0,-80.533,-80.0,1.0,2.5,28.0,-90.311,-90.311,0.0,0.0,28.0,31.22,31.22,0.0,0.0,29.0,41.237,41.237,0.0,0.0,30.0
0.5532,0,approach,-80.0,12.2,5.169,5.169,0.0,0.0,29.0,-100.0,-100.0,0.0,0.0,29.0,-100.0,-100.0,0.0,0.0,29.0,-80.533,-80.0,1.0,1.225,28.0,-90.311,-90.311,0.0,0.0,28.0,31.22,31.22,0.0,0.0,29.0,41.237,41.237,0.0,0.0,30.0
0.6066,0,approach,-80.0,12.2,5.169,5.169,0.0,0.0,29.0,-100.0,-100.0,0.0,0.0,29.0,-100.0,-100.0,0.0,0.0,29.0,-80.533,-80.0,1.0,0.6,28.0,-90.311,-90.311,0.0,0.0,28.0,31.22,31.22,0.0,0.0,29.0,41.237,41.237,0.0,0.0,30.0
0.6596,0,approach,-80.0,12.2,5.169,5.169,0.0,0.0,29.0,-100.0,-100.0,0.0,0.0,29.0,-100.0,-100.0,0.0,0.0,29.0,-80.533,-80.0,1.0,0.294,28.0,-90.311,-90.311,0.0,0.0,28.0,31.22,31.22,0.0,0.0,29.0,41.237,41.237,0.0,0.0,30.0
0.7134,0,approach,-80.0,12.2,5.169,5.169,0.0,0.0,29.0,-100.0,-100.0,0.0,0.0,29.0,-100.0,-100.0,0.0,0.0,29.0,-80.533,-80.0,1.0,0.144,28.0,-90.311,-90.311,0.0,0.0,28.0,31.22,31.22,0.0,0.0,29.0,41.237,41.237,0.0,0.0,30.0
0.7667,0,approach,-80.0,12.2,5.169,5.169,0.0,0.0,29.0,-100.0,-100.0,0.0,0.0,29.0,-100.0,-100.0,0.0,0.0,29.0,-80.533,-80.0,1.0,0.071,28.0,-90.311,-90.311,0.0,0.0,28.0,31.22,31.22,0.0,0.0,29.0,41.237,41.237,0.0,0.0,30.0
0.8189,0,approach,-80.0,12.2,5.169,5.169,0.0,0.0,29.0,-100.0,-100.0,0.0,0.0,29.0,-100.0,-100.0,0.0,0.0,29.0,-80.533,-80.0,1.0,0.035,28.0,-90.311,-90.311,0.0,0.0,28.0,31.22,31.22,0.0,0.0,29.0,41.237,41.237,0.0,0.0,30.0
0.8723,0,approach,-80.0,12.2,5.169,5.169,0.0,0.0,29.0,-100.0,-100.0,0.0,0.0,29.0,-100.0,-100.0,0.0,0.0,29.0,-80.533,-80.0,2.0,0.024,28.0,-90.311,-90.311,0.0,0.0,28.0,31.22,31.22,0.0,0.0,29.0,41.237,41.237,0.0,0.0,30.0
0.9255,0,approach,-80.0,12.2,5.169,5.169,0.0,0.0,29.0,-100.0,-100.0,0.0,0.0,29.0,-100.0,-100.0,0.0,0.0,29.0,-80.533,-80.0,2.0,0.012,28.0,-90.311,-90.311,0.0,0.0,28.0,31.22,31.22,0.0,0.0,29.0,41.237,41.237,0.0,0.0,30.0
0.9785,0,approach,-80.0,12.2,5.169,5.169,0.0,0.0,29.0,-100.0,-100.0,0.0,0.0,29.0,-100.0,-100.0,0.0,0.0,29.0,-80.533,-80.0,2.0,0.006,28.0,-90.311,-90.311,0.0,0.0,28.0,31.22,31.22,0.0,0.0,29.0,41.237,41.237,0.0,0.0,30.0
1.0307,0,approach,-80.0,12.2,5.169,5.169,0.0,0.0,29.0,-100.0,-100.0,0.0,0.0,29.0,-100.0,-100.0,0.0,0.0,29.0,-80.533,-80.0,2.0,0.003,28.0,-90.311,-90.311,0.0,0.0,28.0,31.22,31.22,0.0,0.0,29.0,41.237,41.237,0.0,0.0,30.0
1.0829,0,approach,-80.0,12.2,5.169,5.169,0.0,0.0,29.0,-100.0,-100.0,0.0,0.0,29.0,-100.0,-100.0,0.0,0.0,29.0,-80.533,-80.0,2.0,0.001,28.0,-90.311,-90.311,0.0,0.0,28.0,31.22,31.22,0.0,0.0,29.0,41.237,41.237,0.0,0.0,30.0
1.1361,0,approach,-80.0,12.2,5.169,5.169,0.0,0.0,29.0,-100.0,-100.0,0.0,0.0,29.0,-100.0,-100.0,0.0,0.0,29.0,-80.533,-80.0,2.0,0.001,28.0,-90.311,-90.311,0.0,0.0,28.0,31.22,31.22,0.0,0.0,29.0,41.237,41.237,0.0,0.0,30.0
1.1892,0,approach,-80.0,12.2,5.169,5.169,0.0,0.0,29.0,-100.0,-100.0,0.0,0.0,29.0,-100.0,-100.0,0.0,0.0,29.0,-80.533,-80.0,2.0,0.0,28.0,-90.311,-90.311,0.0,0.0,28.0,31.22,31.22,0.0,0.0,29.0,41.237,41.237,0.0,0.0,30.0
1.2424,0,approach,-80.0,12.2,5.169,5.169,0.0,0.0,29.0,-100.0,-100.0,0.0,0.0,29.0,-100.0,-100.0,0.0,0.0,29.0,-80.533,-80.0,2.0,0.0,28.0,-90.311,-90.311,0.0,0.0,28.0,31.22,31.22,0.0,0.0,29.0,41.237,41.237,0.0,0.0,30.0
1.2953,0,approach,-80.0,12.2,5.169,5.169,0.0,0.0,29.0,-100.0,-100.0,0.0,0.0,29.0,-100.0,-100.0,0.0,0.0,29.0,-80.533,-80.0,2.0,0.0,28.0,-90.311,-90.311,0.0,0.0,28.0,31.22,31.22,0.0,0.0,29.0,41.237,41.237,0.0,0.0,30.0
1.3482,1,fwd,-30.0,12.2,5.169,5.169,0.0,0.0,29.0,-100.0,-100.0,0.0,0.0,29.0,-100.0,-100.0,0.0,0.0,29.0,-80.533,-30.0,2.0,0.0,28.0,-90.311,-90.311,0.0,0.0,28.0,31.22,31.22,0.0,0.0,29.0,41.237,41.237,0.0,0.0,30.0
1.4012,1,fwd,-30.0,12.2,5.169,5.169,0.0,0.0,29.0,-100.0,-100.0,0.0,0.0,29.0,-100.0,-100.0,0.0,0.0,29.0,-80.533,-30.0,3.0,0.0,28.0,-90.311,-90.311,0.0,0.0,28.0,31.22,31.22,0.0,0.0,29.0,41.237,41.237,0.0,0.0,30.0
1.4541,1,fwd,-30.0,12.2,5.169,5.169,0.0,0.0,29.0,-100.0,-100.0,0.0,0.0,29.0,-100.0,-100.0,0.0,0.0,29.0,-80.267,-30.0,3.0,2.025,28.0,-90.311,-90.311,0.0,0.0,28.0,31.22,31.22,0.0,0.0,29.0,41.237,41.237,0.0,0.0,30.0
1.5071,1,fwd,-30.0,12.2,5.169,5.169,0.0,0.0,29.0,-100.0,-100.0,0.0,0.0,29.0,-100.0,-100.0,0.0,0.0,29.0,-80.133,-30.0,3.0,2.877,28.0,-90.311,-90.311,0.0,0.0,28.0,31.22,31.22,0.0,0.0,29.0,41.237,41.237,0.0,0.0,30.0
1.5607,1,fwd,-30.0,12.2,5.169,5.169,0.0,0.0,29.0,-100.0,-100.0,0.0,0.0,29.0,-100.0,-100.0,0.0,0.0,29.0,-79.733,-30.0,3.0,5.35,28.0,-90.311,-90.311,0.0,0.0,28.0,31.22,31.22,0.0,0.0,29.0,41.237,41.237,0.0,0.0,30.0
1.6144,1,fwd,-30.0,12.2,5.169,5.169,0.0,0.0,29.0,-100.0,-100.0,0.0,0.0,29.0,-100.0,-100.0,0.0,0.0,29.0,-79.467,-30.0,3.0,5.056,28.0,-90.311,-90.311,0.0,0.0,28.0,31.22,31.22,0.0,0.0,29.0,41.237,41.237,0.0,0.0,30.0
1.6674,1,fwd,-30.0,12.2,5.169,5.169,0.0,0.0,29.0,-100.0,-100.0,0.0,0.0,29.0,-100.0,-100.0,0.0,0.0,29.0,-79.067,-30.0,3.0,5.892,28.0,-90.311,-90.311,0.0,0.0,28.0,31.22,31.22,0.0,0.0,29.0,41.237,41.237,0.0,0.0,30.0
1.7213,1,fwd,-30.0,12.2,5.169,5.169,0.0,0.0,29.0,-100.0,-100.0,0.0,0.0,29.0,-100.0,-100.0,0.0,0.0,29.0,-78.667,-30.0,3.0,6.455,28.0,-90.311,-90.311,0.0,0.0,28.0,31.22,31.22,0.0,0.0,29.0,41.237,41.237,0.0,0.0,30.0
1.775,1,fwd,-30.0,12.2,5.169,5.169,0.0,0.0,29.0,-100.0,-100.0,0.0,0.0,29.0,-100.0,-100.0,0.0,0.0,29.0,-78.267,-30.0,3.0,6.755,28.0,-90.311,-90.311,0.0,0.0,28.0,31.22,31.22,0.0,0.0,29.0,41.237,41.237,0.0,0.0,30.0
1.8284,1,fwd,-30.0,12.2,5.169,5.169,0.0,0.0,29.0,-100.0,-100.0,0.0,0.0,29.0,-100.0,-100.0,0.0,0.0,29.0,-77.867,-30.0,3.0,7.331,28.0,-90.311,-90.311,0.0,0.0,28.0,31.22,31.22,0.0,0.0,29.0,41.237,41.237,0.0,0.0,30.0
1.8814,1,fwd,-30.0,12.2,5.169,5.169,0.0,0.0,29.0,-100.0,-100.0,0.0,0.0,29.0,-100.0,-100.0,0.0,0.0,29.0,-77.467,-30.0,3.0,7.139,28.0,-90.311,-90.311,0.0,0.0,28.0,31.22,31.22,0.0,0.0,29.0,41.237,41.237,0.0,0.0,30.0
1.9347,1,fwd,-30.0,12.2,5.169,5.169,0.0,0.0,29.0,-100.0,-100.0,0.0,0.0,29.0,-100.0,-100.0,0.0,0.0,29.0,-77.067,-30.0,3.0,7.527,28.0,-90.311,-90.311,0.0,0.0,28.0,31.22,31.22,0.0,0.0,29.0,41.031,41.237,0.0,-2.305,30.0
1.9876,1,fwd,-30.0,12.1,5.169,5.169,0.0,0.0,29.0,-100.0,-100.0,0.0,0.0,29.0,-100.0,-100.0,0.0,0.0,29.0,-76.8,-30.0,9.0,8.27,28.0,-90.311,-90.311,0.0,0.0,28.0,31.22,31.22,0.0,0.0,29.0,40.825,41.237,1.0,-3.934,30.0
2.0408,1,fwd,-30.0,12.1,5.169,5.169,0.0,0.0,29.0,-100.0,-100.0,0.0,0.0,29.0,-100.0,-100.0,0.0,0.0,29.0,-76.267,-30.0,9.0,8.037,28.0,-90.311,-90.311,0.0,0.0,28.0,31.22,31.22,0.0,0.0,29.0,41.031,41.237,1.0,-1.143,30.0
2.0928,1,fwd,-30.0,12.1,5.169,5.169,0.0,0.0,29.0,-100.0,-100.0,0.0,0.0,29.0,-100.0,-100.0,0.0,0.0,29.0,-75.733,-30.0,9.0,9.026,28.0,-90.311,-90.311,0.0,0.0,28.0,31.22,31.22,0.0,0.0,29.0,41.031,41.237,1.0,-0.56,30.0
2.1472,1,fwd,-30.0,12.1,5.258,5.169,0.0,1.0,29.0,-100.0,-100.0,0.0,0.0,29.0,-100.0,-100.0,0.0,0.0,29.0,-75.333,-30.0,9.0,8.006,28.0,-90.311,-90.311,0.0,0.0,28.0,31.22,31.22,0.0,0.0,29.0,41.031,41.237,1.0,-0.274,30.0
2.1998,1,fwd,-30.0,12.1,5.258,5.169,0.0,0.49,29.0,-100.0,-100.0,0.0,0.0,29.0,-100.0,-100.0,0.0,0.0,29.0,-74.8,-30.0,9.0,8.996,28.0,-90.311,-90.311,0.0,0.0,28.0,31.22,31.22,0.0,0.0,29.0,41.031,41.237,1.0,-0.134,30.0
2.2531,1,fwd,-30.0,12.1,5.258,5.169,0.0,0.24,29.0,-100.0,-100.0,0.0,0.0,29.0,-100.0,-100.0,0.0,0.0,29.0,-74.4,-30.0,9.0,8.436,28.0,-90.311,-90.311,0.0,0.0,28.0,31.22,31.22,0.0,0.0,29.0,41.031,41.237,1.0,-0.066,30.0
2.3063,1,fwd,-30.0,12.1,5.258,5.169,0.0,0.118,29.0,-100.0,-100.0,0.0,0.0,29.0,-100.0,-100.0,0.0,0.0,29.0,-74.133,-30.0,9.0,6.691,28.0,-90.311,-90.311,0.0,0.0,28.0,31.22,31.22,0.0,0.0,29.0,41.031,41.237,1.0,-0.032,30.0
2.3594,1,fwd,-30.0,12.1,5.348,5.169,0.0,0.757,29.0,-100.0,-100.0,0.0,0.0,29.0,-100.0,-100.0,0.0,0.0,29.0,-73.6,-30.0,9.0,8.35,28.0,-90.311,-90.311,0.0,0.0,28.0,31.22,31.22,0.0,0.0,29.0,41.031,41.237,1.0,-0.016,30.0
2.4127,1,fwd,-30.0,12.1,5.348,5.169,0.0,0.371,29.0,-100.0,-100.0,0.0,0.0,29.0,-100.0,-100.0,0.0,0.0,29.0,-73.2,-30.0,9.0,8.077,28.0,-90.311,-90.311,0.0,0.0,28.0,31.22,31.22,0.0,0.0,29.0,41.031,41.237,1.0,-0.008,30.0
2.4649,1,fwd,-30.0,12.1,5.348,5.169,0.0,0.182,29.0,-100.0,-100.0,0.0,0.0,29.0,-100.0,-100.0,0.0,0.0,29.0,-72.8,-30.0,9.0,8.012,28.0,-90.311,-90.311,0.0,0.0,28.0,31.22,31.22,0.0,0.0,29.0,41.031,41.237,1.0,-0.004,30.0
2.5169,1,fwd,-30.0,12.1,5.348,5.169,0.0,0.089,29.0,-100.0,-100.0,0.0,0.0,29.0,-100.0,-100.0,0.0,0.0,29.0,-72.4,-30.0,9.0,7.965,28.0,-90.311,-90.311,0.0,0.0,28.0,31.22,31.22,0.0,0.0,29.0,41.031,41.237,1.0,-0.002,30.0
2.5701,1,fwd,-30.0,12.1,5.348,5.169,0.0,0.062,29.0,-100.0,-100.0,0.0,0.0,29.0,-100.0,-100.0,0.0,0.0,30.0,-71.867,-30.0,11.0,8.375,28.0,-90.311,-90.311,0.0,0.0,28.0,31.22,31.22,0.0,0.0,29.0,41.031,41.237,1.0,-0.001,30.0
2.6229,1,fwd,-30.0,12.1,5.348,5.169,0.0,0.031,29.0,-100.0,-100.0,0.0,0.0,29.0,-100.0,-100.0,0.0,0.0,30.0,-71.6,-30.0,11.0,6.641,28.0,-90.311,-90.311,0.0,0.0,28.0,31.22,31.22,0.0,0.0,29.0,41.031,41.237,1.0,-0.001,30.0
2.676,1,fwd,-30.0,12.1,5.348,5.169,0.0,0.015,29.0,-100.0,-100.0,0.0,0.0,29.0,-100.0,-100.0,0.0,0.0,30.0,-71.067,-30.0,11.0,8.303,28.0,-90.311,-90.311,0.0,0.0,28.0,31.22,31.22,0.0,0.0,29.0,41.031,41.237,1.0,-0.0,30.0
2.7301,1,fwd,-30.0,12.1,5.348,5.169,0.0,0.007,29.0,-100.0,-100.0,0.0,0.0,29.0,-100.0,-100.0,0.0,0.0,30.0,-70.8,-30.0,11.0,6.614,28.0,-90.311,-90.311,0.0,0.0,28.0,31.22,31.22,0.0,0.0,29.0,41.031,41.237,1.0,-0.0,30.0
2.7832,1,fwd,-30.0,12.1,5.348,5.169,0.0,0.004,29.0,-100.0,-100.0,0.0,0.0,29.0,-100.0,-100.0,0.0,0.0,30.0,-70.267,-30.0,11.0,8.235,28.0,-90.311,-90.311,0.0,0.0,28.0,31.22,31.22,0.0,0.0,29.0,41.031,41.237,1.0,-0.0,30.0
2.8363,1,fwd,-30.0,12.1,5.348,5.169,0.0,0.003,29.0,-100.0,-100.0,0.0,0.0,29.0,-100.0,-100.0,0.0,0.0,30.0,-70.133,-30.0,11.0,7.25,28.0,-90.311,-90.311,0.0,0.0,28.0,31.22,31.22,0.0,0.0,29.0,41.031,41.237,1.0,-0.0,30.0
2.8888,1,fwd,-30.0,12.1,5.348,5.169,0.0,0.001,29.0,-100.0,-100.0,0.0,0.0,29.0,-100.0,-100.0,0.0,0.0,30.0,-69.6,-30.0,11.0,8.331,28.0,-90.311,-90.311,0.0,0.0,28.0,31.22,31.22,0.0,0.0,29.0,41.031,41.237,1.0,-0.0,30.0
2.9422,1,fwd,-30.0,12.1,5.348,5.169,0.0,0.001,29.0,-100.0,-100.0,0.0,0.0,29.0,-100.0,-100.0,0.0,0.0,30.0,-69.067,-30.0,11.0,9.093,28.0,-90.311,-90.311,0.0,0.0,28.0,31.22,31.22,0.0,0.0,29.0,41.031,41.237,1.0,-0.0,30.0
2.9956,1,fwd,-30.0,12.1,5.348,5.169,0.0,0.0,29.0,-100.0,-100.0,0.0,0.0,29.0,-100.0,-100.0,0.0,0.0,30.0,-68.667,-30.0,11.0,8.496,28.0,-90.381,-90.311,0.0,-0.546,28.0,31.22,31.22,0.0,0.0,29.0,41.031,41.237,1.0,-0.0,30.0
3.0492,1,fwd,-30.0,12.1,5.348,5.169,0.0,0.0,29.0,-100.0,-100.0,0.0,0.0,29.0,-100.0,-100.0,0.0,0.0,30.0,-68.267,-30.0,11.0,8.191,28.0,-90.311,-90.311,0.0,0.509,28.0,31.22,31.22,0.0,0.0,29.0,41.031,41.237,1.0,-0.0,30.0
3.1018,1,fwd,-30.0,12.1,5.348,5.169,0.0,0.0,29.0,-100.0,-100.0,0.0,0.0,29.0,-100.0,-100.0,0.0,0.0,30.0,-68.0,-30.0,11.0,6.443,28.0,-90.311,-90.311,0.0,0.249,28.0,31.22,31.22,0.0,0.0,29.0,41.031,41.237,1.0,-0.0,30.0
3.1554,1,fwd,-30.0,12.1,5.348,5.169,0.0,0.0,29.0,-100.0,-100.0,0.0,0.0,29.0,-100.0,-100.0,0.0,0.0,29.0,-67.6,-30.0,14.0,6.606,28.0,-90.311,-90.311,0.0,0.174,28.0,31.22,31.22,0.0,0.0,29.0,41.031,41.237,0.0,-0.0,30.0
3.2085,1,fwd,-30.0,12.1,5.348,5.169,0.0,0.0,29.0,-100.0,-100.0,0.0,0.0,29.0,-100.0,-100.0,0.0,0.0,29.0,-67.333,-30.0,14.0,5.349,28.0,-90.311,-90.311,0.0,0.086,28.0,31.22,31.22,0.0,0.0,29.0,41.031,41.237,0.0,-0.0,30.0
3.2615,1,fwd,-30.0,12.1,5.348,5.169,0.0,0.0,29.0,-100.0,-100.0,0.0,0.0,29.0,-100.0,-100.0,0.0,0.0,29.0,-66.8,-30.0,14.0,7.703,28.0,-90.311,-90.311,0.0,0.042,28.0,31.22,31.22,0.0,0.0,29.0,41.031,41.237,0.0,-0.0,30.0
3.3146,1,fwd,-30.0,12.1,5.348,5.169,0.0,0.0,29.0,-100.0,-100.0,0.0,0.0,29.0,-100.0,-100.0,0.0,0.0,29.0,-66.267,-30.0,14.0,8.86,28.0,-90.381,-90.311,0.0,-0.526,28.0,31.22,31.22,0.0,0.0,29.0,41.031,41.237,0.0,-0.0,30.0
3.3668,1,fwd,-30.0,12.1,5.348,5.169,0.0,0.0,29.0,-100.0,-100.0,0.0,0.0,29.0,-100.0,-100.0,0.0,0.0,29.0,-65.733,-30.0,14.0,9.418,28.0,-90.381,-90.311,0.0,-0.258,28.0,31.22,31.22,0.0,0.0,29.0,41.031,41.237,0.0,-0.0,30.0
3.4201,1,fwd,-30.0,12.1,5.438,5.169,0.0,0.695,29.0,-100.0,-100.0,0.0,0.0,29.0,-100.0,-100.0,0.0,0.0,29.0,-65.333,-30.0,14.0,8.639,28.0,-90.311,-90.311,0.0,0.409,28.0,31.22,31.22,0.0,0.0,29.0,41.031,41.237,0.0,-0.0,30.0
3.4732,1,fwd,-30.0,12.1,5.438,5.169,0.0,0.341,29.0,-100.0,-100.0,0.0,0.0,29.0,-100.0,-100.0,0.0,0.0,29.0,-64.933,-30.0,14.0,8.242,28.0,-90.311,-90.311,0.0,0.2,28.0,31.22,31.22,0.0,0.0,29.0,41.031,41.237,0.0,-0.0,30.0
3.5263,1,fwd,-30.0,12.1,5.438,5.169,0.0,0.167,29.0,-100.0,-100.0,0.0,0.0,29.0,-100.0,-100.0,0.0,0.0,29.0,-64.533,-30.0,14.0,8.092,28.0,-90.311,-90.311,0.0,0.098,28.0,31.22,31.22,0.0,0.0,29.0,41.031,41.237,0.0,-0.0,30.0
3.5794,1,fwd,-30.0,12.1,5.438,5.169,0.0,0.082,29.0,-100.0,-100.0,0.0,0.0,29.0,-100.0,-100.0,0.0,0.0,29.0,-64.267,-30.0,14.0,6.505,28.0,-90.311,-90.311,0.0,0.048,28.0,31.22,31.22,0.0,0.0,29.0,41.031,41.237,0.0,-0.0,30.0
3.6322,1,fwd,-30.0,12.1,5.438,5.169,0.0,0.04,29.0,-100.0,-100.0,0.0,0.0,29.0,-100.0,-100.0,0.0,0.0,29.0,-63.867,-30.0,14.0,7.2,28.0,-90.381,-90.311,0.0,-0.517,28.0,31.22,31.22,0.0,0.0,29.0,41.031,41.237,0.0,-0.0,30.0
3.6854,1,fwd,-30.0,12.1,5.438,5.169,0.0,0.028,29.0,-100.0,-100.0,0.0,0.0,29.0,-100.0,-100.0,0.0,0.0,29.0,-63.6,-30.0,20.0,8.02,28.0,-90.381,-90.311,0.0,-0.362,28.0,31.22,31.22,0.0,0.0,29.0,41.031,41.237,0.0,-0.0,30.0
3.7392,1,fwd,-30.0,12.1,5.438,5.169,0.0,0.014,29.0,-100.0,-100.0,0.0,0.0,29.0,-100.0,-100.0,0.0,0.0,29.0,-62.933,-30.0,20.0,8.47,28.0,-90.311,-90.311,0.0,0.092,28.0,31.22,31.22,0.0,0.0,29.0,41.031,41.237,0.0,-0.0,30.0
3.7919,1,fwd,-30.0,12.1,5.438,5.169,0.0,0.007,29.0,-100.0,-100.0,0.0,0.0,29.0,-100.0,-100.0,0.0,0.0,29.0,-62.533,-30.0,20.0,7.741,28.0,-90.311,-90.311,0.0,0.045,28.0,31.22,31.22,0.0,0.0,29.0,41.031,41.237,0.0,-0.0,30.0
3.8451,1,fwd,-30.0,12.1,5.438,5.169,0.0,0.003,29.0,-100.0,-100.0,0.0,0.0,29.0,-100.0,-100.0,0.0,0.0,29.0,-62.133,-30.0,20.0,7.391,28.0,-90.311,-90.311,0.0,0.022,28.0,31.22,31.22,0.0,0.0,29.0,41.031,41.237,0.0,-0.0,30.0
3.8985,1,fwd,-30.0,12.1,5.438,5.169,0.0,0.002,29.0,-100.0,-100.0,0.0,0.0,29.0,-100.0,-100.0,0.0,0.0,29.0,-61.6,-30.0,20.0,8.633,28.0,-90.381,-90.311,0.0,-0.522,28.0,31.22,31.22,0.0,0.0,29.0,41.031,41.237,0.0,-0.0,30.0
3.9517,1,fwd,-30.0,12.1,5.438,5.169,0.0,0.001,29.0,-100.0,-100.0,0.0,0.0,29.0,-100.0,-100.0,0.0,0.0,29.0,-61.2,-30.0,20.0,7.825,28.0,-90.381,-90.311,0.0,-0.256,28.0,31.22,31.22,0.0,0.0,29.0,41.031,41.237,0.0,-0.0,30.0
4.0038,1,fwd,-30.0,12.1,5.438,5.169,0.0,0.0,29.0,-100.0,-100.0,0.0,0.0,29.0,-100.0,-100.0,0.0,0.0,29.0,-60.8,-30.0,20.0,7.891,28.0,-90.311,-90.311,0.0,0.654,28.0,31.22,31.22,0.0,0.0,29.0,41.031,41.237,0.0,-0.0,30.0
4.0559,1,fwd,-30.0,12.1,5.438,5.169,0.0,0.0,29.0,-100.0,-100.0,0.0,0.0,29.0,-100.0,-100.0,0.0,0.0,29.0,-60.4,-30.0,20.0,7.448,28.0,-90.311,-90.311,0.0,0.321,28.0,31.22,31.22,0.0,0.0,29.0,41.031,41.237,0.0,-0.0,30.0
4.1079,1,fwd,-30.0,12.1,5.438,5.169,0.0,0.0,29.0,-100.0,-100.0,0.0,0.0,29.0,-100.0,-100.0,0.0,0.0,29.0,-60.0,-30.0,20.0,7.693,28.0,-90.311,-90.311,0.0,0.157,28.0,31.22,31.22,0.0,0.0,29.0,41.031,41.237,0.0,-0.0,30.0
4.161,1,fwd,-30.0,12.1,5.438,5.169,0.0,0.0,29.0,-100.0,-100.0,0.0,0.0,29.0,-100.0,-100.0,0.0,0.0,29.0,-59.6,-30.0,20.0,7.377,28.0,-90.381,-90.311,0.0,-0.705,28.0,31.22,31.22,0.0,0.0,29.0,41.031,41.237,0.0,-0.0,30.0
4.2128,1,fwd,-30.0,12.1,5.438,5.169,0.0,0.0,29.0,-100.0,-100.0,0.0,0.0,29.0,-100.0,-100.0,0.0,0.0,29.0,-59.333,-30.0,20.0,8.138,28.0,-90.381,-90.311,0.0,-0.494,28.0,31.22,31.22,0.0,0.0,29.0,41.031,41.237,0.0,-0.0,30.0
4.2663,1,fwd,-30.0,12.1,5.438,5.169,0.0,0.0,29.0,-100.0,-100.0,0.0,0.0,29.0,-100.0,-100.0,0.0,0.0,29.0,-59.067,-30.0,21.0,8.373,28.0,-90.381,-90.311,0.0,-0.346,28.0,31.22,31.22,0.0,0.0,29.0,41.031,41.237,0.0,-0.0,29.0
4.3202,1,fwd,-30.0,12.1,5.438,5.169,0.0,0.0,29.0,-100.0,-100.0,0.0,0.0,29.0,-100.0,-100.0,0.0,0.0,29.0,-58.667,-30.0,21.0,5.62,28.0,-90.381,-90.311,0.0,-0.169,28.0,31.22,31.22,0.0,0.0,29.0,41.031,41.237,0.0,-0.0,29.0
4.3731,1,fwd,-30.0,12.1,5.438,5.169,0.0,0.0,29.0,-100.0,-100.0,0.0,0.0,29.0,-100.0,-100.0,0.0,0.0,29.0,-58.133,-30.0,21.0,7.567,28.0,-90.311,-90.311,0.0,0.397,28.0,31.22,31.22,0.0,0.0,29.0,41.031,41.237,0.0,-0.0,29.0
4.4266,1,fwd,-30.0,12.1,5.438,5.169,0.0,0.0,29.0,-100.0,-100.0,0.0,0.0,29.0,-100.0,-100.0,0.0,0.0,29.0,-57.733,-30.0,21.0,7.712,28.0,-90.311,-90.311,0.0,0.195,28.0,31.22,31.22,0.0,0.0,29.0,41.031,41.237,0.0,-0.0,29.0
4.4792,1,fwd,-30.0,12.1,5.438,5.169,0.0,0.0,29.0,-100.0,-100.0,0.0,0.0,29.0,-100.0,-100.0,0.0,0.0,29.0,-57.333,-30.0,21.0,7.375,28.0,-90.381,-90.311,0.0,-0.68,28.0,31.22,31.22,0.0,0.0,29.0,41.031,41.237,0.0,-0.0,29.0
4.5326,1,fwd,-30.0,12.1,5.438,5.169,0.0,0.0,29.0,-100.0,-100.0,0.0,0.0,29.0,-100.0,-100.0,0.0,0.0,29.0,-56.8,-30.0,21.0,8.64,28.0,-90.381,-90.311,0.0,-0.333,28.0,31.22,31.22,0.0,0.0,29.0,41.031,41.237,0.0,-0.0,29.0
4.5857,1,fwd,-30.0,12.1,5.438,5.169,0.0,0.0,29.0,-100.0,-100.0,0.0,0.0,29.0,-100.0,-100.0,0.0,0.0,29.0,-56.267,-30.0,21.0,9.333,28.0,-90.381,-90.311,0.0,-0.163,28.0,31.22,31.22,0.0,0.0,29.0,41.031,41.237,0.0,-0.0,29.0
4.6378,1,fwd,-30.0,12.1,5.438,5.169,0.0,0.0,29.0,-100.0,-100.0,0.0,0.0,29.0,-100.0,-100.0,0.0,0.0,29.0,-55.867,-30.0,21.0,8.173,28.0,-90.381,-90.311,0.0,-0.08,28.0,31.22,31.22,0.0,0.0,29.0,41.031,41.237,0.0,-0.0,29.0
4.6915,1,fwd,-30.0,12.1,5.438,5.169,0.0,0.0,29.0,-100.0,-100.0,0.0,0.0,29.0,-100.0,-100.0,0.0,0.0,29.0,-55.6,-30.0,21.0,6.533,28.0,-90.381,-90.311,0.0,-0.039,28.0,31.22,31.22,0.0,0.0,29.0,41.031,41.237,0.0,-0.0,29.0
4.7457,1,fwd,-30.0,12.1,5.438,5.169,0.0,0.0,29.0,-100.0,-100.0,0.0,0.0,29.0,-100.0,-100.0,0.0,0.0,29.0,-55.2,-30.0,21.0,6.741,28.0,-90.381,-90.311,0.0,-0.019,28.0,31.22,31.22,0.0,0.0,29.0,41.031,41.237,0.0,-0.0,29.0
4.7979,1,fwd,-30.0,12.1,5.438,5.169,0.0,0.0,29.0,-100.0,-100.0,0.0,0.0,29.0,-100.0,-100.0,0.0,0.0,29.0,-54.8,-30.0,21.0,7.378,28.0,-90.381,-90.311,0.0,-0.009,28.0,31.22,31.22,0.0,0.0,29.0,41.031,41.237,0.0,-0.0,29.0
4.85,1,fwd,-30.0,12.1,5.438,5.169,0.0,0.0,29.0,-100.0,-100.0,0.0,0.0,29.0,-100.0,-100.0,0.0,0.0,29.0,-54.4,-30.0,32.0,7.259,28.0,-90.311,-90.311,0.0,0.356,28.0,31.22,31.22,0.0,0.0,29.0,41.031,41.237,0.0,-0.0,30.0
4.9032,1,fwd,-30.0,12.1,5.438,5.169,0.0,0.0,29.0,-100.0,-100.0,0.0,0.0,29.0,-100.0,-100.0,0.0,0.0,29.0,-54.133,-30.0,32.0,6.086,28.0,-90.311,-90.311,0.0,0.174,28.0,31.22,31.22,0.0,0.0,29.0,41.031,41.237,0.0,-0.0,30.0
4.9559,1,fwd,-30.0,12.1,5.438,5.169,0.0,0.0,29.0,-100.0,-100.0,0.0,0.0,29.0,-100.0,-100.0,0.0,0.0,29.0,-53.467,-30.0,32.0,9.04,28.0,-90.381,-90.311,0.0,-0.453,28.0,31.22,31.22,0.0,0.0,29.0,41.031,41.237,0.0,-0.0,30.0
5.009,1,fwd,-30.0,12.1,5.438,5.169,0.0,0.0,29.0,-100.0,-100.0,0.0,0.0,29.0,-100.0,-100.0,0.0,0.0,29.0,-52.933,-30.0,32.0,9.849,28.0,-90.381,-90.311,0.0,-0.222,28.0,31.22,31.22,0.0,0.0,29.0,41.031,41.237,0.0,-0.0,30.0
5.0624,1,fwd,-30.0,12.1,5.438,5.169,0.0,0.0,29.0,-100.0,-100.0,0.0,0.0,29.0,-100.0,-100.0,0.0,0.0,29.0,-52.667,-30.0,32.0,7.35,28.0,-90.381,-90.311,0.0,-0.109,28.0,31.22,31.22,0.0,0.0,29.0,41.031,41.237,0.0,-0.0,30.0
5.1156,1,fwd,-30.0,12.1,5.438,5.169,0.0,0.0,29.0,-100.0,-100.0,0.0,0.0,29.0,-100.0,-100.0,0.0,0.0,29.0,-52.133,-30.0,32.0,8.729,28.0,-90.381,-90.311,0.0,-0.053,28.0,31.22,31.22,0.0,0.0,29.0,41.031,41.237,0.0,-0.0,30.0
5.1685,1,fwd,-30.0,12.1,5.438,5.169,0.0,0.0,29.0,-100.0,-100.0,0.0,0.0,29.0,-100.0,-100.0,0.0,0.0,29.0,-52.0,-30.0,32.0,5.312,28.0,-90.381,-90.311,0.0,-0.026,28.0,31.22,31.22,0.0,0.0,29.0,41.031,41.237,0.0,-0.0,30.0
5.2215,1,fwd,-30.0,12.1,5.438,5.169,0.0,0.0,29.0,-100.0,-100.0,0.0,0.0,29.0,-100.0,-100.0,0.0,0.0,29.0,-51.467,-30.0,32.0,8.118,28.0,-90.381,-90.311,0.0,-0.013,28.0,31.22,31.22,0.0,0.0,29.0,41.031,41.237,0.0,-0.0,30.0
5.2748,1,fwd,-30.0,12.1,5.438,5.169,0.0,0.0,29.0,-100.0,-100.0,0.0,0.0,29.0,-100.0,-100.0,0.0,0.0,29.0,-51.2,-30.0,32.0,6.511,28.0,-90.381,-90.311,0.0,-0.006,28.0,31.22,31.22,0.0,0.0,29.0,41.031,41.237,0.0,-0.0,30.0
5.3284,1,fwd,-30.0,12.1,5.438,5.169,0.0,0.0,29.0,-100.0,-100.0,0.0,0.0,29.0,-100.0,-100.0,0.0,0.0,29.0,-50.667,-30.0,32.0,8.627,28.0,-90.381,-90.311,0.0,-0.003,28.0,31.22,31.22,0.0,0.0,29.0,41.031,41.237,0.0,-0.0,30.0
5.3818,1,fwd,-30.0,12.1,5.438,5.169,0.0,0.0,29.0,-100.0,-100.0,0.0,0.0,29.0,-100.0,-100.0,0.0,0.0,29.0,-50.4,-30.0,21.0,9.0,28.0,-90.381,-90.311,0.0,-0.002,28.0,31.22,31.22,0.0,0.0,29.0,41.031,41.237,0.0,-0.0,30.0
5.434,1,fwd,-30.0,12.1,5.438,5.169,0.0,0.0,29.0,-100.0,-100.0,0.0,0.0,29.0,-100.0,-100.0,0.0,0.0,29.0,-49.867,-30.0,21.0,9.276,28.0,-90.381,-90.311,0.0,-0.002,28.0,31.22,31.22,0.0,0.0,29.0,41.031,41.237,0.0,-0.0,30.0
5.4875,1,fwd,-30.0,12.1,5.438,5.169,0.0,0.0,29.0,-100.0,-100.0,0.0,0.0,29.0,-100.0,-100.0,0.0,0.0,29.0,-49.6,-30.0,21.0,6.639,28.0,-90.381,-90.311,0.0,-0.001,28.0,31.22,31.22,0.0,0.0,29.0,41.031,41.237,0.0,-0.0,30.0
5.5399,1,fwd,-30.0,12.1,5.438,5.169,0.0,0.0,29.0,-100.0,-100.0,0.0,0.0,29.0,-100.0,-100.0,0.0,0.0,29.0,-49.067,-30.0,21.0,8.095,28.0,-90.381,-90.311,0.0,-0.0,28.0,31.22,31.22,0.0,0.0,29.0,41.031,41.237,0.0,-0.0,30.0
5.5933,1,fwd,-30.0,12.1,5.438,5.169,0.0,0.0,29.0,-100.0,-100.0,0.0,0.0,29.0,-100.0,-100.0,0.0,0.0,29.0,-48.8,-30.0,21.0,6.426,28.0,-90.381,-90.311,0.0,-0.0,28.0,31.22,31.22,0.0,0.0,29.0,41.031,41.237,0.0,-0.0,30.0
5.6458,1,fwd,-30.0,12.1,5.438,5.169,0.0,0.0,29.0,-100.0,-100.0,0.0,0.0,29.0,-100.0,-100.0,0.0,0.0,29.0,-48.267,-30.0,21.0,8.057,28.0,-90.381,-90.311,0.0,-0.0,28.0,31.22,31.22,0.0,0.0,29.0,41.031,41.237,0.0,-0.0,30.0
5.6992,1,fwd,-30.0,12.1,5.438,5.169,0.0,0.0,29.0,-100.0,-100.0,0.0,0.0,29.0,-100.0,-100.0,0.0,0.0,29.0,-48.0,-30.0,21.0,6.496,28.0,-90.381,-90.311,0.0,-0.0,28.0,31.22,31.22,0.0,0.0,29.0,41.031,41.237,0.0,-0.0,30.0
5.7529,1,fwd,-30.0,12.1,5.438,5.169,0.0,0.0,29.0,-100.0,-100.0,0.0,0.0,29.0,-100.0,-100.0,0.0,0.0,29.0,-47.333,-30.0,21.0,9.733,28.0,-90.381,-90.311,0.0,-0.0,28.0,31.22,31.22,0.0,0.0,29.0,41.031,41.237,0.0,-0.0,30.0
5.8061,1,fwd,-30.0,12.1,5.438,5.169,0.0,0.0,29.0,-100.0,-100.0,0.0,0.0,29.0,-100.0,-100.0,0.0,0.0,29.0,-46.8,-30.0,21.0,9.876,28.0,-90.381,-90.311,0.0,-0.0,28.0,31.22,31.22,0.0,0.0,29.0,41.031,41.237,0.0,-0.0,30.0
5.8578,1,fwd,-30.0,12.1,5.438,5.169,0.0,0.0,29.0,-100.0,-100.0,0.0,0.0,29.0,-100.0,-100.0,0.0,0.0,29.0,-46.533,-30.0,21.0,7.413,28.0,-90.381,-90.311,0.0,-0.0,28.0,31.22,31.22,0.0,0.0,29.0,41.031,41.237,0.0,-0.0,30.0
5.9104,1,fwd,-30.0,12.1,5.438,5.169,0.0,0.0,29.0,-100.0,-100.0,0.0,0.0,29.0,-100.0,-100.0,0.0,0.0,29.0,-46.133,-30.0,21.0,7.665,28.0,-90.381,-90.311,0.0,-0.0,28.0,31.22,31.22,0.0,0.0,29.0,41.031,41.237,0.0,-0.0,30.0
5.9638,1,fwd,-30.0,12.1,5.438,5.169,0.0,0.0,29.0,-100.0,-100.0,0.0,0.0,29.0,-100.0,-100.0,0.0,0.0,29.0,-45.867,-30.0,34.0,8.363,28.0,-90.381,-90.311,0.0,-0.0,28.0,31.22,31.22,0.0,0.0,29.0,41.031,41.237,0.0,-0.0,30.0
6.0171,1,fwd,-30.0,12.1,5.438,5.169,0.0,0.0,29.0,-100.0,-100.0,0.0,0.0,29.0,-100.0,-100.0,0.0,0.0,29.0,-45.467,-30.0,34.0,6.645,28.0,-90.381,-90.311,0.0,-0.0,28.0,31.22,31.22,0.0,0.0,29.0,41.031,41.237,0.0,-0.0,30.0
6.0702,1,fwd,-30.0,12.1,5.438,5.169,0.0,0.0,29.0,-100.0,-100.0,0.0,0.0,29.0,-100.0,-100.0,0.0,0.0,29.0,-44.933,-30.0,34.0,8.322,28.0,-90.381,-90.311,0.0,-0.0,28.0,31.22,31.22,0.0,0.0,29.0,41.031,41.237,0.0,-0.0,30.0
6.1234,1,fwd,-30.0,12.1,5.438,5.169,0.0,0.0,29.0,-100.0,-100.0,0.0,0.0,29.0,-100.0,-100.0,0.0,0.0,29.0,-44.533,-30.0,34.0,8.141,28.0,-90.381,-90.311,0.0,-0.0,28.0,31.22,31.22,0.0,0.0,29.0,41.031,41.237,0.0,-0.0,30.0
6.1765,1,fwd,-30.0,12.1,5.438,5.169,0.0,0.0,29.0,-100.0,-100.0,0.0,0.0,29.0,-100.0,-100.0,0.0,0.0,29.0,-44.0,-30.0,34.0,9.123,28.0,-90.381,-90.311,0.0,-0.0,28.0,31.22,31.22,0.0,0.0,29.0,41.031,41.237,0.0,-0.0,30.0
6.2297,1,fwd,-30.0,12.1,5.438,5.169,0.0,0.0,29.0,-100.0,-100.0,0.0,0.0,29.0,-100.0,-100.0,0.0,0.0,29.0,-43.467,-30.0,34.0,9.521,28.0,-90.381,-90.311,0.0,-0.0,28.0,31.22,31.22,0.0,0.0,29.0,41.031,41.237,0.0,-0.0,30.0
6.2818,1,fwd,-30.0,12.1,5.438,5.169,0.0,0.0,29.0,-100.0,-100.0,0.0,0.0,29.0,-100.0,-100.0,0.0,0.0,29.0,-43.333,-30.0,34.0,6.155,28.0,-90.381,-90.311,0.0,-0.0,28.0,31.22,31.22,0.0,0.0,29.0,41.031,41.237,0.0,-0.0,30.0
6.334,1,fwd,-30.0,12.1,5.438,5.169,0.0,0.0,29.0,-100.0,-100.0,0.0,0.0,29.0,-100.0,-100.0,0.0,0.0,29.0,-42.8,-30.0,34.0,7.613,28.0,-90.381,-90.311,0.0,-0.0,28.0,31.22,31.22,0.0,0.0,29.0,41.031,41.237,0.0,-0.0,30.0
6.3872,1,fwd,-30.0,12.1,5.438,5.169,0.0,0.0,29.0,-100.0,-100.0,0.0,0.0,29.0,-100.0,-100.0,0.0,0.0,29.0,-42.667,-30.0,34.0,4.779,28.0,-90.381,-90.311,0.0,-0.0,28.0,31.22,31.22,0.0,0.0,29.0,41.031,41.237,0.0,-0.0,30.0
6.4405,1,fwd,-30.0,12.1,5.438,5.169,0.0,0.0,29.0,-100.0,-100.0,0.0,0.0,29.0,-100.0,-100.0,0.0,0.0,29.0,-42.133,-30.0,34.0,7.908,28.0,-90.381,-90.311,0.0,-0.0,28.0,31.22,31.22,0.0,0.0,29.0,41.031,41.237,0.0,-0.0,30.0
6.4937,1,fwd,-30.0,12.1,5.438,5.169,0.0,0.0,29.0,-100.0,-100.0,0.0,0.0,29.0,-100.0,-100.0,0.0,0.0,29.0,-41.867,-30.0,34.0,5.976,28.0,-90.381,-90.311,0.0,-0.0,28.0,31.22,31.22,0.0,0.0,29.0,41.031,41.237,0.0,-0.0,30.0
6.5459,1,fwd,-30.0,12.1,5.438,5.169,0.0,0.0,29.0,-100.0,-100.0,0.0,0.0,29.0,-100.0,-100.0,0.0,0.0,29.0,-41.2,-30.0,39.0,7.862,28.0,-90.381,-90.311,0.0,-0.0,28.0,31.22,31.22,0.0,0.0,29.0,41.031,41.237,0.0,-0.0,30.0
6.5991,1,fwd,-30.0,12.1,5.438,5.169,0.0,0.0,29.0,-100.0,-100.0,0.0,0.0,29.0,-100.0,-100.0,0.0,0.0,29.0,-40.8,-30.0,39.0,7.894,28.0,-90.381,-90.311,0.0,-0.0,28.0,31.22,31.22,0.0,0.0,29.0,41.031,41.237,0.0,-0.0,30.0
6.6521,1,fwd,-30.0,12.1,5.438,5.169,0.0,0.0,29.0,-100.0,-100.0,0.0,0.0,29.0,-100.0,-100.0,0.0,0.0,29.0,-40.267,-30.0,39.0,8.96,28.0,-90.381,-90.311,0.0,-0.0,28.0,31.22,31.22,0.0,0.0,29.0,41.031,41.237,0.0,-0.0,30.0
6.7056,1,fwd,-30.0,12.1,5.438,5.169,0.0,0.0,29.0,-100.0,-100.0,0.0,0.0,29.0,-100.0,-100.0,0.0,0.0,29.0,-39.867,-30.0,39.0,8.455,28.0,-90.381,-90.311,0.0,-0.0,28.0,31.22,31.22,0.0,0.0,29.0,41.031,41.237,0.0,-0.0,30.0
6.7594,1,fwd,-30.0,12.1,5.438,5.169,0.0,0.0,29.0,-100.0,-100.0,0.0,0.0,29.0,-100.0,-100.0,0.0,0.0,29.0,-39.6,-30.0,39.0,6.682,28.0,-90.381,-90.311,0.0,-0.0,28.0,31.22,31.22,0.0,0.0,29.0,41.031,41.237,0.0,-0.0,30.0
6.8125,1,fwd,-30.0,12.1,5.438,5.169,0.0,0.0,29.0,-100.0,-100.0,0.0,0.0,29.0,-100.0,-100.0,0.0,0.0,29.0,-39.467,-30.0,39.0,4.773,28.0,-90.381,-90.311,0.0,-0.0,28.0,31.22,31.22,0.0,0.0,29.0,41.031,41.237,0.0,-0.0,30.0
6.8657,1,fwd,-30.0,12.1,5.438,5.169,0.0,0.0,29.0,-100.0,-100.0,0.0,0.0,29.0,-100.0,-100.0,0.0,0.0,29.0,-38.8,-30.0,39.0,8.032,28.0,-90.381,-90.311,0.0,-0.0,28.0,31.22,31.22,0.0,0.0,29.0,41.031,41.237,0.0,-0.0,30.0
6.9187,1,fwd,-30.0,12.1,5.438,5.169,0.0,0.0,29.0,-100.0,-100.0,0.0,0.0,29.0,-100.0,-100.0,0.0,0.0,29.0,-38.533,-30.0,39.0,6.921,28.0,-90.381,-90.311,0.0,-0.0,28.0,31.22,31.22,0.0,0.0,29.0,41.031,41.237,0.0,-0.0,30.0
6.9708,1,fwd,-30.0,12.1,5.438,5.169,0.0,0.0,29.0,-100.0,-100.0,0.0,0.0,29.0,-100.0,-100.0,0.0,0.0,29.0,-37.867,-30.0,39.0,9.391,28.0,-90.381,-90.311,0.0,-0.0,28.0,31.22,31.22,0.0,0.0,29.0,41.031,41.237,0.0,-0.0,30.0
7.024,1,fwd,-30.0,12.1,5.438,5.169,0.0,0.0,29.0,-100.0,-100.0,0.0,0.0,29.0,-100.0,-100.0,0.0,0.0,29.0,-37.333,-30.0,39.0,9.653,28.0,-90.381,-90.311,0.0,-0.0,28.0,31.22,31.22,0.0,0.0,29.0,41.031,41.237,0.0,-0.0,30.0
7.0772,1,fwd,-30.0,12.1,5.438,5.169,0.0,0.0,29.0,-100.0,-100.0,1.0,0.0,29.0,-100.0,-100.0,0.0,0.0,29.0,-37.2,-30.0,46.0,8.234,45.0,-90.381,-90.311,0.0,-0.0,28.0,31.22,31.22,0.0,0.0,29.0,41.031,41.237,0.0,-0.0,30.0
7.1304,1,fwd,-30.0,12.1,5.438,5.169,0.0,0.0,29.0,-100.0,-100.0,1.0,0.0,29.0,-100.0,-100.0,0.0,0.0,29.0,-36.667,-30.0,46.0,7.096,45.0,-90.381,-90.311,0.0,-0.0,28.0,31.22,31.22,0.0,0.0,29.0,41.031,41.237,0.0,-0.0,30.0
7.1837,1,fwd,-30.0,12.1,5.438,5.169,0.0,0.0,29.0,-100.0,-100.0,1.0,0.0,29.0,-100.0,-100.0,0.0,0.0,29.0,-36.533,-30.0,46.0,4.51,45.0,-90.381,-90.311,0.0,-0.0,28.0,31.22,31.22,0.0,0.0,29.0,41.031,41.237,0.0,-0.0,30.0
7.2368,1,fwd,-30.0,12.1,5.438,5.169,0.0,0.0,29.0,-100.0,-100.0,1.0,0.0,29.0,-100.0,-100.0,0.0,0.0,29.0,-35.867,-30.0,46.0,8.737,45.0,-90.381,-90.311,0.0,-0.0,28.0,31.22,31.22,0.0,0.0,29.0,41.031,41.237,0.0,-0.0,30.0
7.2888,1,fwd,-30.0,12.1,5.438,5.169,0.0,0.0,29.0,-100.0,-100.0,1.0,0.0,29.0,-100.0,-100.0,0.0,0.0,29.0,-35.733,-30.0,46.0,7.615,45.0,-90.381,-90.311,0.0,-0.0,28.0,31.22,31.22,0.0,0.0,29.0,41.031,41.237,0.0,-0.0,30.0
7.3422,1,fwd,-30.0,12.1,5.438,5.169,0.0,0.0,29.0,-100.0,-100.0,1.0,0.0,29.0,-100.0,-100.0,0.0,0.0,29.0,-35.2,-30.0,46.0,9.658,45.0,-90.381,-90.311,0.0,-0.0,28.0,31.22,31.22,0.0,0.0,29.0,41.031,41.237,0.0,-0.0,30.0
7.3958,1,fwd,-30.0,12.1,5.438,5.169,0.0,0.0,29.0,-100.0,-100.0,1.0,0.0,29.0,-100.0,-100.0,0.0,0.0,29.0,-34.667,-30.0,46.0,9.624,45.0,-90.381,-90.311,0.0,-0.0,28.0,31.22,31.22,0.0,0.0,29.0,41.031,41.237,0.0,-0.0,30.0
7.4494,1,fwd,-30.0,12.1,5.438,5.169,0.0,0.0,29.0,-100.0,-100.0,1.0,0.0,29.0,-100.0,-100.0,0.0,0.0,29.0,-34.133,-30.0,46.0,9.019,45.0,-90.381,-90.311,0.0,-0.0,28.0,31.707,31.22,0.0,5.469,29.0,41.031,41.237,0.0,-0.0,30.0
7.5025,1,fwd,-30.0,12.1,5.438,5.169,0.0,0.0,29.0,-100.0,-100.0,1.0,0.0,29.0,-100.0,-100.0,0.0,0.0,29.0,-33.733,-30.0,46.0,8.424,45.0,-90.381,-90.311,0.0,-0.0,28.0,31.707,31.22,0.0,2.68,29.0,41.031,41.237,0.0,-0.0,30.0
7.5553,1,fwd,-30.0,12.1,5.438,5.169,0.0,0.0,29.0,-100.0,-100.0,1.0,0.0,29.0,-100.0,-100.0,0.0,0.0,29.0,-33.6,-30.0,46.0,5.166,45.0,-90.381,-90.311,0.0,-0.0,28.0,31.707,31.22,0.0,1.313,29.0,41.031,41.237,0.0,-0.0,30.0
7.6086,1,hold_end,-30.0,12.1,5.438,5.169,0.0,0.0,29.0,-100.0,-100.0,1.0,0.0,29.0,-100.0,-100.0,0.0,0.0,29.0,-33.333,-30.0,46.0,5.079,45.0,-90.381,-90.311,0.0,-0.0,28.0,31.707,31.22,0.0,0.643,29.0,41.031,41.237,0.0,-0.0,30.0
7.6617,1,hold_end,-30.0,12.1,5.438,5.169,0.0,0.0,29.0,-100.0,-100.0,0.0,0.0,29.0,-100.0,-100.0,0.0,0.0,29.0,-32.933,-30.0,49.0,8.071,28.0,-90.381,-90.311,0.0,-0.0,28.0,31.707,31.22,0.0,0.45,29.0,41.031,41.237,0.0,-0.0,30.0
7.7148,1,hold_end,-30.0,12.1,5.438,5.169,0.0,0.0,29.0,-100.0,-100.0,0.0,0.0,29.0,-100.0,-100.0,0.0,0.0,29.0,-32.667,-30.0,49.0,4.993,28.0,-90.381,-90.311,0.0,-0.0,28.0,31.22,31.22,0.0,-1.679,29.0,41.031,41.237,0.0,-0.0,30.0
7.7687,1,hold_end,-30.0,12.1,5.438,5.169,0.0,0.0,29.0,-100.0,-100.0,0.0,0.0,29.0,-100.0,-100.0,0.0,0.0,29.0,-32.667,-30.0,49.0,2.447,28.0,-90.381,-90.311,0.0,-0.0,28.0,31.22,31.22,0.0,-0.823,29.0,41.031,41.237,0.0,-0.0,30.0
7.8212,1,hold_end,-30.0,12.1,5.438,5.169,0.0,0.0,29.0,-100.0,-100.0,0.0,0.0,29.0,-100.0,-100.0,0.0,0.0,29.0,-32.533,-30.0,49.0,2.693,28.0,-90.381,-90.311,0.0,-0.0,28.0,31.22,31.22,0.0,-0.403,29.0,41.031,41.237,0.0,-0.0,30.0
7.8745,1,hold_end,-30.0,12.1,5.438,5.169,0.0,0.0,29.0,-100.0,-100.0,0.0,0.0,29.0,-100.0,-100.0,0.0,0.0,29.0,-32.533,-30.0,49.0,1.32,28.0,-90.381,-90.311,0.0,-0.0,28.0,31.22,31.22,0.0,-0.197,29.0,41.031,41.237,0.0,-0.0,30.0
7.9272,1,hold_end,-30.0,12.1,5.438,5.169,0.0,0.0,29.0,-100.0,-100.0,0.0,0.0,29.0,-100.0,-100.0,0.0,0.0,29.0,-32.533,-30.0,49.0,0.647,28.0,-90.381,-90.311,0.0,-0.0,28.0,31.22,31.22,0.0,-0.097,29.0,41.031,41.237,0.0,-0.0,30.0
7.98,1,hold_end,-30.0,12.1,5.438,5.169,0.0,0.0,29.0,-100.0,-100.0,0.0,0.0,29.0,-100.0,-100.0,0.0,0.0,29.0,-32.533,-30.0,49.0,0.317,28.0,-90.381,-90.311,0.0,-0.0,28.0,31.22,31.22,0.0,-0.047,29.0,41.031,41.237,0.0,-0.0,30.0
8.033,1,hold_end,-30.0,12.1,5.438,5.169,0.0,0.0,29.0,-100.0,-100.0,0.0,0.0,29.0,-100.0,-100.0,0.0,0.0,29.0,-32.533,-30.0,49.0,0.155,28.0,-90.381,-90.311,0.0,-0.0,28.0,31.22,31.22,0.0,-0.023,29.0,41.031,41.237,0.0,-0.0,30.0
8.086,1,hold_end,-30.0,12.1,5.438,5.169,0.0,0.0,29.0,-100.0,-100.0,0.0,0.0,29.0,-100.0,-100.0,0.0,0.0,29.0,-32.533,-30.0,49.0,0.076,28.0,-90.381,-90.311,0.0,-0.0,28.0,31.22,31.22,0.0,-0.011,29.0,41.031,41.237,0.0,-0.0,30.0
8.139,1,hold_end,-30.0,12.1,5.438,5.169,0.0,0.0,29.0,-100.0,-100.0,0.0,0.0,29.0,-100.0,-100.0,0.0,0.0,29.0,-32.533,-30.0,49.0,0.037,28.0,-90.381,-90.311,0.0,-0.0,28.0,31.22,31.22,0.0,-0.006,29.0,41.031,41.237,0.0,-0.0,30.0
8.192,1,hold_end,-30.0,12.1,5.438,5.169,0.0,0.0,29.0,-100.0,-100.0,0.0,0.0,29.0,-100.0,-100.0,0.0,0.0,29.0,-32.533,-30.0,49.0,0.018,28.0,-90.381,-90.311,0.0,-0.0,28.0,31.22,31.22,0.0,-0.003,29.0,41.031,41.237,0.0,-0.0,30.0
8.2454,1,hold_end,-30.0,12.1,5.438,5.169,0.0,0.0,29.0,-100.0,-100.0,0.0,0.0,29.0,-100.0,-100.0,0.0,0.0,29.0,-32.533,-30.0,44.0,0.013,28.0,-90.381,-90.311,0.0,-0.0,28.0,31.22,31.22,0.0,-0.002,29.0,41.031,41.237,0.0,-0.0,30.0
8.2986,1,hold_end,-30.0,12.1,5.438,5.169,0.0,0.0,29.0,-100.0,-100.0,0.0,0.0,29.0,-100.0,-100.0,0.0,0.0,29.0,-32.533,-30.0,44.0,0.006,28.0,-90.381,-90.311,0.0,-0.0,28.0,31.22,31.22,0.0,-0.001,29.0,41.031,41.237,0.0,-0.0,30.0
8.3517,1,hold_end,-30.0,12.1,5.438,5.169,0.0,0.0,29.0,-100.0,-100.0,0.0,0.0,29.0,-100.0,-100.0,0.0,0.0,29.0,-32.533,-30.0,44.0,0.003,28.0,-90.381,-90.311,0.0,-0.0,28.0,31.22,31.22,0.0,-0.0,29.0,41.031,41.237,0.0,-0.0,30.0
8.4038,1,hold_end,-30.0,12.1,5.438,5.169,0.0,0.0,29.0,-100.0,-100.0,0.0,0.0,29.0,-100.0,-100.0,0.0,0.0,29.0,-32.533,-30.0,44.0,0.002,28.0,-90.381,-90.311,0.0,-0.0,28.0,31.22,31.22,0.0,-0.0,29.0,41.031,41.237,0.0,-0.0,30.0
8.4575,1,hold_end,-30.0,12.1,5.438,5.169,0.0,0.0,29.0,-100.0,-100.0,0.0,0.0,29.0,-100.0,-100.0,0.0,0.0,29.0,-32.533,-30.0,44.0,0.001,28.0,-90.381,-90.311,0.0,-0.0,28.0,31.22,31.22,0.0,-0.0,29.0,41.031,41.237,0.0,-0.0,30.0
8.5099,1,hold_end,-30.0,12.1,5.438,5.169,0.0,0.0,29.0,-100.0,-100.0,0.0,0.0,29.0,-100.0,-100.0,0.0,0.0,29.0,-32.533,-30.0,44.0,0.0,28.0,-90.381,-90.311,0.0,-0.0,28.0,31.22,31.22,0.0,-0.0,29.0,41.031,41.237,0.0,-0.0,30.0
8.5621,1,hold_end,-30.0,12.1,5.438,5.169,0.0,0.0,29.0,-100.0,-100.0,0.0,0.0,29.0,-100.0,-100.0,0.0,0.0,29.0,-32.533,-30.0,44.0,0.0,28.0,-90.381,-90.311,0.0,-0.0,28.0,31.22,31.22,0.0,-0.0,29.0,41.031,41.237,0.0,-0.0,30.0
8.6153,1,rev,-80.0,12.1,5.438,5.169,0.0,0.0,29.0,-100.0,-100.0,0.0,0.0,29.0,-100.0,-100.0,0.0,0.0,29.0,-32.533,-80.0,44.0,0.0,28.0,-90.381,-90.311,0.0,-0.0,28.0,31.22,31.22,0.0,-0.0,29.0,41.031,41.237,0.0,-0.0,30.0
8.6686,1,rev,-80.0,12.1,5.438,5.169,0.0,0.0,29.0,-100.0,-100.0,0.0,0.0,29.0,-100.0,-100.0,0.0,0.0,29.0,-32.533,-80.0,44.0,0.0,28.0,-90.381,-90.311,0.0,-0.0,28.0,31.22,31.22,0.0,-0.0,29.0,41.031,41.237,0.0,-0.0,30.0
8.7218,1,rev,-80.0,12.1,5.438,5.169,0.0,0.0,29.0,-100.0,-100.0,0.0,0.0,29.0,-100.0,-100.0,0.0,0.0,29.0,-32.533,-80.0,44.0,0.0,28.0,-90.381,-90.311,0.0,-0.0,28.0,31.22,31.22,0.0,-0.0,29.0,41.031,41.237,0.0,-0.0,30.0
8.776,1,rev,-80.0,12.1,5.438,5.169,0.0,0.0,29.0,-100.0,-100.0,0.0,0.0,29.0,-100.0,-100.0,0.0,0.0,29.0,-32.533,-80.0,44.0,0.0,28.0,-90.381,-90.311,0.0,-0.0,28.0,31.22,31.22,0.0,-0.0,29.0,41.031,41.237,0.0,-0.0,30.0
8.8292,1,rev,-80.0,12.1,5.438,5.169,0.0,0.0,29.0,-100.0,-100.0,0.0,0.0,29.0,-100.0,-100.0,0.0,0.0,29.0,-32.533,-80.0,16.0,0.0,28.0,-90.381,-90.311,0.0,-0.0,28.0,31.22,31.22,0.0,-0.0,29.0,41.031,41.237,0.0,-0.0,30.0
8.8828,1,rev,-80.0,12.1,5.438,5.169,0.0,0.0,29.0,-100.0,-100.0,0.0,0.0,29.0,-100.0,-100.0,0.0,0.0,29.0,-32.667,-80.0,16.0,-1.489,28.0,-90.381,-90.311,0.0,-0.0,28.0,31.22,31.22,0.0,-0.0,29.0,41.031,41.237,0.0,-0.0,30.0
8.9363,1,rev,-80.0,12.1,5.438,5.169,0.0,0.0,29.0,-100.0,-100.0,0.0,0.0,29.0,-100.0,-100.0,0.0,0.0,29.0,-33.067,-80.0,16.0,-4.677,28.0,-90.381,-90.311,0.0,-0.0,28.0,31.22,31.22,0.0,-0.0,29.0,41.031,41.237,0.0,-0.0,30.0
8.9895,1,rev,-80.0,12.1,5.438,5.169,0.0,0.0,29.0,-100.0,-100.0,0.0,0.0,29.0,-100.0,-100.0,0.0,0.0,29.0,-33.333,-80.0,16.0,-4.82,28.0,-90.381,-90.311,0.0,-0.0,28.0,31.22,31.22,0.0,-0.0,29.0,41.031,41.237,0.0,-0.0,30.0
9.0426,1,rev,-80.0,12.1,5.438,5.169,0.0,0.0,29.0,-100.0,-100.0,0.0,0.0,29.0,-100.0,-100.0,0.0,0.0,29.0,-33.733,-80.0,16.0,-6.432,28.0,-90.381,-90.311,0.0,-0.0,28.0,31.22,31.22,0.0,-0.0,29.0,41.031,41.237,0.0,-0.0,30.0
9.0956,1,rev,-80.0,12.1,5.438,5.169,0.0,0.0,29.0,-100.0,-100.0,0.0,0.0,29.0,-100.0,-100.0,0.0,0.0,29.0,-34.133,-80.0,16.0,-7.205,28.0,-90.381,-90.311,0.0,-0.0,28.0,31.22,31.22,0.0,-0.0,29.0,41.031,41.237,0.0,-0.0,30.0
9.1487,1,rev,-80.0,12.1,5.438,5.169,0.0,0.0,29.0,-100.0,-100.0,0.0,0.0,29.0,-100.0,-100.0,0.0,0.0,29.0,-34.533,-80.0,16.0,-7.562,28.0,-90.381,-90.311,0.0,-0.0,28.0,31.22,31.22,0.0,-0.0,29.0,41.031,41.237,0.0,-0.0,30.0
9.2018,1,rev,-80.0,12.1,5.438,5.169,0.0,0.0,29.0,-100.0,-100.0,0.0,0.0,29.0,-100.0,-100.0,0.0,0.0,29.0,-34.933,-80.0,16.0,-7.766,28.0,-90.381,-90.311,0.0,-0.0,28.0,31.22,31.22,0.0,-0.0,29.0,41.031,41.237,0.0,-0.0,30.0
9.2552,1,rev,-80.0,12.1,5.438,5.169,0.0,0.0,29.0,-100.0,-100.0,0.0,0.0,29.0,-100.0,-100.0,0.0,0.0,29.0,-35.467,-80.0,16.0,-8.931,28.0,-90.381,-90.311,0.0,-0.0,28.0,31.22,31.22,0.0,-0.0,29.0,41.031,41.237,0.0,-0.0,30.0
9.3084,1,rev,-80.0,12.1,5.438,5.169,0.0,0.0,29.0,-100.0,-100.0,0.0,0.0,29.0,-100.0,-100.0,0.0,0.0,29.0,-35.733,-80.0,16.0,-6.904,28.0,-90.381,-90.311,0.0,-0.0,28.0,31.22,31.22,0.0,-0.0,29.0,41.031,41.237,0.0,-0.0,30.0
9.3616,1,rev,-80.0,12.2,5.438,5.169,0.0,0.0,29.0,-100.0,-100.0,0.0,0.0,29.0,-100.0,-100.0,0.0,0.0,29.0,-36.0,-80.0,3.0,-7.841,28.0,-90.381,-90.311,0.0,-0.0,28.0,31.22,31.22,0.0,-0.0,29.0,41.031,41.237,0.0,-0.0,30.0
9.4143,1,rev,-80.0,12.2,5.438,5.169,0.0,0.0,29.0,-100.0,-100.0,0.0,0.0,29.0,-100.0,-100.0,0.0,0.0,29.0,-36.533,-80.0,3.0,-6.917,28.0,-90.381,-90.311,0.0,-0.0,28.0,31.22,31.22,0.0,-0.0,29.0,41.031,41.237,0.0,-0.0,30.0
9.4668,1,rev,-80.0,12.2,5.438,5.169,0.0,0.0,29.0,-100.0,-100.0,0.0,0.0,29.0,-100.0,-100.0,0.0,0.0,29.0,-37.067,-80.0,3.0,-8.811,28.0,-90.381,-90.311,0.0,-0.0,28.0,31.22,31.22,0.0,-0.0,29.0,41.031,41.237,0.0,-0.0,30.0
9.5201,1,rev,-80.0,12.2,5.438,5.169,0.0,0.0,29.0,-100.0,-100.0,0.0,0.0,29.0,-100.0,-100.0,0.0,0.0,29.0,-37.333,-80.0,3.0,-6.857,28.0,-90.381,-90.311,0.0,-0.0,28.0,31.22,31.22,0.0,-0.0,29.0,41.031,41.237,0.0,-0.0,30.0
9.5731,1,rev,-80.0,12.2,5.438,5.169,0.0,0.0,29.0,-100.0,-100.0,0.0,0.0,29.0,-100.0,-100.0,0.0,0.0,29.0,-37.867,-80.0,3.0,-7.935,28.0,-90.381,-90.311,0.0,-0.0,28.0,31.22,31.22,0.0,-0.0,29.0,41.031,41.237,0.0,-0.0,30.0
9.6264,1,rev,-80.0,12.2,5.438,5.169,0.0,0.0,29.0,-100.0,-100.0,0.0,0.0,29.0,-100.0,-100.0,0.0,0.0,29.0,-38.4,-80.0,3.0,-8.956,28.0,-90.381,-90.311,0.0,-0.0,28.0,31.22,31.22,0.0,-0.0,29.0,41.031,41.237,0.0,-0.0,30.0
9.6797,1,rev,-80.0,12.2,5.438,5.169,0.0,0.0,29.0,-100.0,-100.0,0.0,0.0,29.0,-100.0,-100.0,0.0,0.0,29.0,-38.667,-80.0,3.0,-6.937,28.0,-90.381,-90.311,0.0,-0.0,28.0,31.22,31.22,0.0,-0.0,29.0,41.031,41.237,0.0,-0.0,30.0
9.7331,1,rev,-80.0,12.2,5.438,5.169,0.0,0.0,29.0,-100.0,-100.0,0.0,0.0,29.0,-100.0,-100.0,0.0,0.0,29.0,-39.2,-80.0,3.0,-8.446,28.0,-90.381,-90.311,0.0,-0.0,28.0,31.22,31.22,0.0,-0.0,29.0,41.031,41.237,0.0,-0.0,30.0
9.7871,1,rev,-80.0,12.2,5.438,5.169,0.0,0.0,29.0,-100.0,-100.0,0.0,0.0,29.0,-100.0,-100.0,0.0,0.0,29.0,-39.467,-80.0,3.0,-6.664,28.0,-90.381,-90.311,0.0,-0.0,28.0,31.22,31.22,0.0,-0.0,29.0,41.031,41.237,0.0,-0.0,30.0
9.8402,1,rev,-80.0,12.2,5.438,5.169,0.0,0.0,29.0,-100.0,-100.0,0.0,0.0,29.0,-100.0,-100.0,0.0,0.0,29.0,-40.133,-80.0,3.0,-9.834,28.0,-90.381,-90.311,0.0,-0.0,28.0,31.22,31.22,0.0,-0.0,29.0,41.031,41.237,0.0,-0.0,30.0
9.8932,1,rev,-80.0,12.2,5.438,5.169,0.0,0.0,29.0,-100.0,-100.0,0.0,0.0,29.0,-100.0,-100.0,0.0,0.0,29.0,-40.4,-80.0,3.0,-7.377,28.0,-90.381,-90.311,0.0,-0.0,28.0,31.22,31.22,0.0,-0.0,29.0,41.031,41.237,0.0,-0.0,30.0
9.9461,1,rev,-80.0,12.2,5.438,5.169,0.0,0.0,29.0,-100.0,-100.0,0.0,0.0,29.0,-100.0,-100.0,0.0,0.0,29.0,-40.8,-80.0,0.0,-7.351,28.0,-90.381,-90.311,0.0,-0.0,28.0,31.22,31.22,0.0,-0.0,29.0,41.031,41.237,0.0,-0.0,30.0
9.9992,1,rev,-80.0,12.2,5.438,5.169,0.0,0.0,29.0,-100.0,-100.0,0.0,0.0,29.0,-100.0,-100.0,0.0,0.0,29.0,-41.2,-80.0,0.0,-7.633,28.0,-90.381,-90.311,0.0,-0.0,28.0,31.22,31.22,0.0,-0.0,29.0,41.031,41.237,0.0,-0.0,30.0
10.0524,1,rev,-80.0,12.2,5.438,5.169,0.0,0.0,29.0,-100.0,-100.0,0.0,0.0,29.0,-100.0,-100.0,0.0,0.0,29.0,-41.733,-80.0,0.0,-8.81,28.0,-90.381,-90.311,0.0,-0.0,28.0,31.22,31.22,0.0,-0.0,29.0,41.031,41.237,0.0,-0.0,30.0
10.1055,1,rev,-80.0,12.2,5.438,5.169,0.0,0.0,29.0,-100.0,-100.0,0.0,0.0,29.0,-100.0,-100.0,0.0,0.0,29.0,-42.133,-80.0,0.0,-8.364,28.0,-90.381,-90.311,0.0,-0.0,28.0,31.22,31.22,0.0,-0.0,29.0,41.031,41.237,0.0,-0.0,30.0
10.1579,1,rev,-80.0,12.2,5.438,5.169,0.0,0.0,29.0,-100.0,-100.0,0.0,0.0,29.0,-100.0,-100.0,0.0,0.0,29.0,-42.533,-80.0,0.0,-7.675,28.0,-90.381,-90.311,0.0,-0.0,28.0,31.22,31.22,0.0,-0.0,29.0,41.031,41.237,0.0,-0.0,30.0
10.2113,1,rev,-80.0,12.2,5.438,5.169,0.0,0.0,29.0,-100.0,-100.0,0.0,0.0,29.0,-100.0,-100.0,0.0,0.0,29.0,-43.067,-80.0,0.0,-8.812,28.0,-90.381,-90.311,0.0,-0.0,28.0,31.22,31.22,0.0,-0.0,29.0,41.031,41.237,0.0,-0.0,30.0
10.2647,1,rev,-80.0,12.2,5.438,5.169,0.0,0.0,29.0,-100.0,-100.0,0.0,0.0,29.0,-100.0,-100.0,0.0,0.0,29.0,-43.333,-80.0,0.0,-6.869,28.0,-90.381,-90.311,0.0,-0.0,28.0,31.22,31.22,0.0,-0.0,29.0,41.031,41.237,0.0,-0.0,30.0
10.3177,1,rev,-80.0,12.2,5.438,5.169,0.0,0.0,29.0,-100.0,-100.0,0.0,0.0,29.0,-100.0,-100.0,0.0,0.0,29.0,-43.867,-80.0,0.0,-8.458,28.0,-90.381,-90.311,0.0,-0.0,28.0,31.22,31.22,0.0,-0.0,29.0,41.031,41.237,0.0,-0.0,30.0
10.3708,1,rev,-80.0,12.2,5.438,5.169,0.0,0.0,29.0,-100.0,-100.0,0.0,0.0,29.0,-100.0,-100.0,0.0,0.0,29.0,-44.133,-80.0,0.0,-6.66,28.0,-90.381,-90.311,0.0,-0.0,28.0,31.22,31.22,0.0,-0.0,29.0,41.031,41.237,0.0,-0.0,30.0
10.4242,1,rev,-80.0,12.2,5.438,5.169,0.0,0.0,29.0,-100.0,-100.0,0.0,0.0,29.0,-100.0,-100.0,0.0,0.0,29.0,-44.667,-80.0,0.0,-7.945,28.0,-90.381,-90.311,0.0,-0.0,28.0,31.22,31.22,0.0,-0.0,29.0,41.031,41.237,0.0,-0.0,30.0
10.4777,1,rev,-80.0,12.2,5.438,5.169,0.0,0.0,29.0,-100.0,-100.0,0.0,0.0,29.0,-100.0,-100.0,0.0,0.0,29.0,-44.933,-80.0,0.0,-8.528,28.0,-90.381,-90.311,0.0,-0.0,28.0,31.22,31.22,0.0,-0.0,29.0,41.031,41.237,0.0,-0.0,30.0
10.5312,1,rev,-80.0,12.2,5.438,5.169,0.0,0.0,29.0,-100.0,-100.0,0.0,0.0,29.0,-100.0,-100.0,0.0,0.0,29.0,-45.467,-80.0,0.0,-7.233,28.0,-90.381,-90.311,0.0,-0.0,28.0,31.22,31.22,0.0,-0.0,29.0,41.031,41.237,0.0,-0.0,30.0
10.5847,1,rev,-80.0,12.2,5.438,5.169,0.0,0.0,29.0,-100.0,-100.0,0.0,0.0,29.0,-100.0,-100.0,0.0,0.0,29.0,-46.0,-80.0,0.0,-9.067,28.0,-90.381,-90.311,0.0,-0.0,28.0,31.22,31.22,0.0,-0.0,29.0,41.031,41.237,0.0,-0.0,30.0
10.6385,1,rev,-80.0,12.2,5.438,5.169,0.0,0.0,29.0,-100.0,-100.0,0.0,0.0,29.0,-100.0,-100.0,0.0,0.0,29.0,-46.267,-80.0,0.0,-6.969,28.0,-90.381,-90.311,0.0,-0.0,28.0,31.22,31.22,0.0,-0.0,29.0,41.031,41.237,0.0,-0.0,30.0
10.6911,1,rev,-80.0,12.2,5.438,5.169,0.0,0.0,29.0,-100.0,-100.0,0.0,0.0,29.0,-100.0,-100.0,0.0,0.0,29.0,-46.8,-80.0,0.0,-8.494,28.0,-90.381,-90.311,0.0,-0.0,28.0,31.22,31.22,0.0,-0.0,29.0,41.031,41.237,0.0,-0.0,30.0
10.7448,1,rev,-80.0,12.2,5.438,5.169,0.0,0.0,29.0,-100.0,-100.0,0.0,0.0,29.0,-100.0,-100.0,0.0,0.0,29.0,-47.2,-80.0,0.0,-8.195,28.0,-90.381,-90.311,0.0,-0.0,28.0,31.22,31.22,0.0,-0.0,29.0,41.031,41.237,0.0,-0.0,30.0
10.7991,1,rev,-80.0,12.2,5.438,5.169,0.0,0.0,29.0,-100.0,-100.0,0.0,0.0,29.0,-100.0,-100.0,0.0,0.0,29.0,-47.733,-80.0,0.0,-9.052,28.0,-90.381,-90.311,0.0,-0.0,28.0,31.22,31.22,0.0,-0.0,29.0,41.031,41.237,0.0,-0.0,30.0
10.8527,1,rev,-80.0,12.2,5.438,5.169,0.0,0.0,29.0,-100.0,-100.0,0.0,0.0,29.0,-100.0,-100.0,0.0,0.0,29.0,-48.0,-80.0,0.0,-6.983,28.0,-90.381,-90.311,0.0,-0.0,28.0,31.22,31.22,0.0,-0.0,29.0,41.031,41.237,0.0,-0.0,30.0
10.9048,1,rev,-80.0,12.2,5.438,5.169,0.0,0.0,29.0,-100.0,-100.0,0.0,0.0,29.0,-100.0,-100.0,0.0,0.0,29.0,-48.533,-80.0,0.0,-8.535,28.0,-90.381,-90.311,0.0,-0.0,28.0,31.22,31.22,0.0,-0.0,29.0,41.031,41.237,0.0,-0.0,30.0
10.9577,1,rev,-80.0,12.2,5.438,5.169,0.0,0.0,29.0,-100.0,-100.0,0.0,0.0,29.0,-100.0,-100.0,0.0,0.0,29.0,-48.933,-80.0,0.0,-8.225,28.0,-90.381,-90.311,0.0,-0.0,28.0,31.22,31.22,0.0,-0.0,29.0,41.031,41.237,0.0,-0.0,30.0
11.0099,1,rev,-80.0,12.2,5.438,5.169,0.0,0.0,29.0,-100.0,-100.0,0.0,0.0,29.0,-100.0,-100.0,0.0,0.0,29.0,-49.333,-80.0,0.0,-8.063,28.0,-90.381,-90.311,0.0,-0.0,28.0,31.22,31.22,0.0,-0.0,29.0,41.031,41.237,0.0,-0.0,30.0
11.0634,1,rev,-80.0,12.2,5.438,5.169,0.0,0.0,29.0,-100.0,-100.0,0.0,0.0,29.0,-100.0,-100.0,0.0,0.0,29.0,-49.333,-80.0,0.0,-8.063,28.0,-90.381,-90.311,0.0,-0.0,28.0,31.22,31.22,0.0,-0.0,29.0,41.031,41.237,0.0,-0.0,30.0
11.1159,1,rev,-80.0,12.2,5.438,5.169,0.0,0.0,29.0,-100.0,-100.0,0.0,0.0,29.0,-100.0,-100.0,0.0,0.0,29.0,-50.0,-80.0,0.0,-8.365,28.0,-90.381,-90.311,0.0,-0.0,28.0,31.22,31.22,0.0,-0.0,29.0,41.031,41.237,0.0,-0.0,30.0
11.1696,1,rev,-80.0,12.2,5.438,5.169,0.0,0.0,29.0,-100.0,-100.0,0.0,0.0,29.0,-100.0,-100.0,0.0,0.0,29.0,-50.4,-80.0,0.0,-8.068,28.0,-90.381,-90.311,0.0,-0.0,28.0,31.22,31.22,0.0,-0.0,29.0,41.031,41.237,0.0,-0.0,30.0
11.2233,1,rev,-80.0,12.2,5.438,5.169,0.0,0.0,29.0,-100.0,-100.0,0.0,0.0,29.0,-100.0,-100.0,0.0,0.0,29.0,-50.8,-80.0,0.0,-7.496,28.0,-90.381,-90.311,0.0,-0.0,28.0,31.22,31.22,0.0,-0.0,29.0,41.031,41.237,0.0,-0.0,30.0
11.277,1,rev,-80.0,12.2,5.438,5.169,0.0,0.0,29.0,-100.0,-100.0,0.0,0.0,29.0,-100.0,-100.0,0.0,0.0,29.0,-51.2,-80.0,0.0,-7.06,28.0,-90.381,-90.311,0.0,-0.0,28.0,31.22,31.22,0.0,-0.0,29.0,41.031,41.237,0.0,-0.0,30.0
11.3306,1,rev,-80.0,12.2,5.438,5.169,0.0,0.0,29.0,-100.0,-100.0,0.0,0.0,29.0,-100.0,-100.0,0.0,0.0,29.0,-51.733,-80.0,0.0,-8.547,28.0,-90.381,-90.311,0.0,-0.0,28.0,31.22,31.22,0.0,-0.0,29.0,41.031,41.237,0.0,-0.0,30.0
11.3841,1,rev,-80.0,12.2,5.438,5.169,0.0,0.0,29.0,-100.0,-100.0,0.0,0.0,29.0,-100.0,-100.0,0.0,0.0,29.0,-52.133,-80.0,0.0,-8.17,28.0,-90.381,-90.311,0.0,-0.0,28.0,31.22,31.22,0.0,-0.0,29.0,41.031,41.237,0.0,-0.0,30.0
11.4374,1,rev,-80.0,12.2,5.438,5.169,0.0,0.0,29.0,-100.0,-100.0,0.0,0.0,29.0,-100.0,-100.0,0.0,0.0,29.0,-52.533,-80.0,0.0,-7.619,28.0,-90.381,-90.311,0.0,-0.0,28.0,31.22,31.22,0.0,-0.0,29.0,41.031,41.237,0.0,-0.0,30.0
11.4905,1,rev,-80.0,12.2,5.438,5.169,0.0,0.0,29.0,-100.0,-100.0,0.0,0.0,29.0,-100.0,-100.0,0.0,0.0,29.0,-52.933,-80.0,0.0,-7.812,28.0,-90.381,-90.311,0.0,-0.0,28.0,31.22,31.22,0.0,-0.0,29.0,41.031,41.237,0.0,-0.0,30.0
11.543,1,rev,-80.0,12.2,5.438,5.169,0.0,0.0,29.0,-100.0,-100.0,0.0,0.0,29.0,-100.0,-100.0,0.0,0.0,29.0,-53.467,-80.0,0.0,-8.885,28.0,-90.381,-90.311,0.0,-0.0,28.0,31.22,31.22,0.0,-0.0,29.0,41.031,41.237,0.0,-0.0,30.0
11.5962,1,rev,-80.0,12.2,5.438,5.169,0.0,0.0,29.0,-100.0,-100.0,0.0,0.0,29.0,-100.0,-100.0,0.0,0.0,29.0,-53.867,-80.0,0.0,-8.442,28.0,-90.381,-90.311,0.0,-0.0,28.0,31.22,31.22,0.0,-0.0,29.0,41.031,41.237,0.0,-0.0,30.0
11.6488,1,rev,-80.0,12.2,5.438,5.169,0.0,0.0,29.0,-100.0,-100.0,0.0,0.0,29.0,-100.0,-100.0,0.0,0.0,29.0,-54.267,-80.0,0.0,-8.01,28.0,-90.381,-90.311,0.0,-0.0,28.0,31.22,31.22,0.0,-0.0,29.0,41.031,41.237,0.0,-0.0,30.0
11.702,1,rev,-80.0,12.2,5.438,5.169,0.0,0.0,29.0,-100.0,-100.0,0.0,0.0,29.0,-100.0,-100.0,0.0,0.0,29.0,-54.667,-80.0,0.0,-7.956,28.0,-90.381,-90.311,0.0,-0.0,28.0,31.22,31.22,0.0,-0.0,29.0,41.031,41.237,0.0,-0.0,30.0
11.7554,1,rev,-80.0,12.2,5.438,5.169,0.0,0.0,29.0,-100.0,-100.0,0.0,0.0,29.0,-100.0,-100.0,0.0,0.0,29.0,-55.067,-80.0,0.0,-7.935,28.0,-90.381,-90.311,0.0,-0.0,28.0,31.22,31.22,0.0,-0.0,29.0,41.031,41.237,0.0,-0.0,30.0
11.8097,1,rev,-80.0,12.2,5.438,5.169,0.0,0.0,29.0,-100.0,-100.0,0.0,0.0,29.0,-100.0,-100.0,0.0,0.0,29.0,-55.467,-80.0,0.0,-7.411,28.0,-90.381,-90.311,0.0,-0.0,28.0,31.22,31.22,0.0,-0.0,29.0,41.031,41.237,0.0,-0.0,30.0
11.8621,1,rev,-80.0,12.2,5.438,5.169,0.0,0.0,29.0,-100.0,-100.0,0.0,0.0,29.0,-100.0,-100.0,0.0,0.0,29.0,-56.0,-80.0,0.0,-8.705,28.0,-90.381,-90.311,0.0,-0.0,28.0,31.22,31.22,0.0,-0.0,29.0,41.031,41.237,0.0,-0.0,30.0
11.9155,1,rev,-80.0,12.2,5.438,5.169,0.0,0.0,29.0,-100.0,-100.0,0.0,0.0,29.0,-100.0,-100.0,0.0,0.0,29.0,-56.4,-80.0,0.0,-8.28,28.0,-90.381,-90.311,0.0,-0.0,28.0,31.22,31.22,0.0,-0.0,29.0,41.031,41.237,0.0,-0.0,30.0
11.9683,1,rev,-80.0,12.2,5.438,5.169,0.0,0.0,29.0,-100.0,-100.0,0.0,0.0,29.0,-100.0,-100.0,0.0,0.0,29.0,-56.8,-80.0,0.0,-8.111,28.0,-90.381,-90.311,0.0,-0.0,28.0,31.22,31.22,0.0,-0.0,29.0,41.031,41.237,0.0,-0.0,30.0
12.0215,1,rev,-80.0,12.2,5.438,5.169,0.0,0.0,29.0,-100.0,-100.0,0.0,0.0,29.0,-100.0,-100.0,0.0,0.0,29.0,-57.2,-80.0,0.0,-7.567,28.0,-90.381,-90.311,0.0,-0.0,28.0,31.22,31.22,0.0,-0.0,29.0,41.031,41.237,0.0,-0.0,30.0
12.0746,1,rev,-80.0,12.2,5.438,5.169,0.0,0.0,29.0,-100.0,-100.0,0.0,0.0,29.0,-100.0,-100.0,0.0,0.0,29.0,-57.6,-80.0,0.0,-7.335,28.0,-90.381,-90.311,0.0,-0.0,28.0,31.22,31.22,0.0,-0.0,29.0,41.031,41.237,0.0,-0.0,30.0
12.1275,1,rev,-80.0,12.2,5.438,5.169,0.0,0.0,29.0,-100.0,-100.0,0.0,0.0,29.0,-100.0,-100.0,0.0,0.0,29.0,-58.0,-80.0,0.0,-7.196,28.0,-90.381,-90.311,0.0,-0.0,28.0,31.22,31.22,0.0,-0.0,29.0,41.031,41.237,0.0,-0.0,30.0
12.1799,1,rev,-80.0,12.2,5.438,5.169,0.0,0.0,29.0,-100.0,-100.0,0.0,0.0,29.0,-100.0,-100.0,0.0,0.0,29.0,-58.267,-80.0,0.0,-8.019,28.0,-90.311,-90.311,0.0,0.774,28.0,31.22,31.22,0.0,-0.0,29.0,41.031,41.237,0.0,-0.0,30.0
12.232,1,rev,-80.0,12.2,5.438,5.169,0.0,0.0,29.0,-100.0,-100.0,0.0,0.0,29.0,-100.0,-100.0,0.0,0.0,29.0,-58.933,-80.0,0.0,-8.469,28.0,-90.311,-90.311,0.0,0.379,28.0,31.22,31.22,0.0,-0.0,29.0,41.031,41.237,0.0,-0.0,30.0
12.2852,1,rev,-80.0,12.2,5.438,5.169,0.0,0.0,29.0,-100.0,-100.0,0.0,0.0,29.0,-100.0,-100.0,0.0,0.0,29.0,-59.333,-80.0,0.0,-8.206,28.0,-90.311,-90.311,0.0,0.186,28.0,31.22,31.22,0.0,-0.0,29.0,41.031,41.237,0.0,-0.0,30.0
12.3383,1,rev,-80.0,12.2,5.438,5.169,0.0,0.0,29.0,-100.0,-100.0,0.0,0.0,29.0,-100.0,-100.0,0.0,0.0,29.0,-59.733,-80.0,0.0,-8.045,28.0,-90.381,-90.311,0.0,-0.446,28.0,31.22,31.22,0.0,-0.0,29.0,41.031,41.237,0.0,-0.0,30.0
12.3915,1,rev,-80.0,12.2,5.438,5.169,0.0,0.0,29.0,-100.0,-100.0,0.0,0.0,29.0,-100.0,-100.0,0.0,0.0,29.0,-60.267,-80.0,0.0,-9.002,28.0,-90.381,-90.311,0.0,-0.218,28.0,31.22,31.22,0.0,-0.0,29.0,41.031,41.237,0.0,-0.0,30.0
12.4439,1,rev,-80.0,12.2,5.438,5.169,0.0,0.0,29.0,-100.0,-100.0,0.0,0.0,29.0,-100.0,-100.0,0.0,0.0,29.0,-60.667,-80.0,0.0,-8.451,28.0,-90.381,-90.311,0.0,-0.107,28.0,31.22,31.22,0.0,-0.0,29.0,41.031,41.237,0.0,-0.0,30.0
12.4959,1,rev,-80.0,12.2,5.438,5.169,0.0,0.0,29.0,-100.0,-100.0,0.0,0.0,29.0,-100.0,-100.0,0.0,0.0,29.0,-61.067,-80.0,0.0,-8.196,28.0,-90.381,-90.311,0.0,-0.052,28.0,31.22,31.22,0.0,-0.0,29.0,41.031,41.237,0.0,-0.0,30.0
12.5487,1,rev,-80.0,12.2,5.438,5.169,0.0,0.0,29.0,-100.0,-100.0,0.0,0.0,29.0,-100.0,-100.0,0.0,0.0,29.0,-61.467,-80.0,0.0,-8.045,28.0,-90.311,-90.311,0.0,0.517,28.0,31.22,31.22,0.0,-0.0,29.0,41.031,41.237,0.0,-0.0,30.0
12.6018,1,rev,-80.0,12.2,5.438,5.169,0.0,0.0,29.0,-100.0,-100.0,0.0,0.0,29.0,-100.0,-100.0,0.0,0.0,29.0,-61.733,-80.0,0.0,-8.6,28.0,-90.311,-90.311,0.0,0.362,28.0,31.22,31.22,0.0,-0.0,29.0,41.031,41.237,0.0,-0.0,30.0
12.6555,1,rev,-80.0,12.2,5.438,5.169,0.0,0.0,29.0,-100.0,-100.0,0.0,0.0,29.0,-100.0,-100.0,0.0,0.0,29.0,-62.133,-80.0,0.0,-8.15,28.0,-90.311,-90.311,0.0,0.177,28.0,31.22,31.22,0.0,-0.0,29.0,41.031,41.237,0.0,-0.0,30.0
12.7092,1,rev,-80.0,12.2,5.438,5.169,0.0,0.0,29.0,-100.0,-100.0,0.0,0.0,29.0,-100.0,-100.0,0.0,0.0,29.0,-62.533,-80.0,0.0,-7.35,28.0,-90.311,-90.311,0.0,0.087,28.0,31.22,31.22,0.0,-0.0,29.0,41.031,41.237,0.0,-0.0,30.0
12.7627,1,rev,-80.0,12.2,5.438,5.169,0.0,0.0,29.0,-100.0,-100.0,0.0,0.0,29.0,-100.0,-100.0,0.0,0.0,29.0,-62.8,-80.0,0.0,-7.796,28.0,-90.381,-90.311,0.0,-0.627,28.0,31.22,31.22,0.0,-0.0,29.0,41.031,41.237,0.0,-0.0,30.0
12.8167,1,rev,-80.0,12.2,5.438,5.169,0.0,0.0,29.0,-100.0,-100.0,0.0,0.0,29.0,-100.0,-100.0,0.0,0.0,29.0,-63.333,-80.0,0.0,-6.85,28.0,-90.381,-90.311,0.0,-0.307,28.0,31.22,31.22,0.0,-0.0,29.0,41.031,41.237,0.0,-0.0,30.0
12.8688,1,rev,-80.0,12.2,5.438,5.169,0.0,0.0,29.0,-100.0,-100.0,0.0,0.0,29.0,-100.0,-100.0,0.0,0.0,29.0,-63.867,-80.0,0.0,-8.432,28.0,-90.381,-90.311,0.0,-0.151,28.0,31.22,31.22,0.0,-0.0,29.0,41.031,41.237,0.0,-0.0,30.0
12.9208,1,rev,-80.0,12.2,5.438,5.169,0.0,0.0,29.0,-100.0,-100.0,0.0,0.0,29.0,-100.0,-100.0,0.0,0.0,29.0,-64.267,-80.0,0.0,-8.154,28.0,-90.311,-90.311,0.0,0.469,28.0,31.22,31.22,0.0,-0.0,29.0,41.031,41.237,0.0,-0.0,30.0
12.9729,1,rev,-80.0,12.2,5.438,5.169,0.0,0.0,29.0,-100.0,-100.0,0.0,0.0,29.0,-100.0,-100.0,0.0,0.0,29.0,-64.667,-80.0,0.0,-7.587,28.0,-90.311,-90.311,0.0,0.23,28.0,31.22,31.22,0.0,-0.0,29.0,41.031,41.237,0.0,-0.0,30.0
13.026,1,rev,-80.0,12.2,5.438,5.169,0.0,0.0,29.0,-100.0,-100.0,0.0,0.0,29.0,-100.0,-100.0,0.0,0.0,29.0,-65.2,-80.0,0.0,-8.737,28.0,-90.311,-90.311,0.0,0.113,28.0,31.22,31.22,0.0,-0.0,29.0,41.031,41.237,0.0,-0.0,30.0
13.0791,1,rev,-80.0,12.2,5.438,5.169,0.0,0.0,29.0,-100.0,-100.0,0.0,0.0,29.0,-100.0,-100.0,0.0,0.0,29.0,-65.6,-80.0,0.0,-8.36,28.0,-90.311,-90.311,0.0,0.055,28.0,31.22,31.22,0.0,-0.0,29.0,41.031,41.237,0.0,-0.0,30.0
13.1322,1,rev,-80.0,12.2,5.438,5.169,0.0,0.0,29.0,-100.0,-100.0,0.0,0.0,29.0,-100.0,-100.0,0.0,0.0,29.0,-66.0,-80.0,0.0,-8.124,28.0,-90.381,-90.311,0.0,-0.521,28.0,31.22,31.22,0.0,-0.0,29.0,41.031,41.237,0.0,-0.0,30.0
13.1852,1,rev,-80.0,12.2,5.438,5.169,0.0,0.0,29.0,-100.0,-100.0,0.0,0.0,29.0,-100.0,-100.0,0.0,0.0,29.0,-66.4,-80.0,0.0,-7.579,28.0,-90.381,-90.311,0.0,-0.255,28.0,31.22,31.22,0.0,-0.0,29.0,41.031,41.237,0.0,-0.0,30.0
13.2382,1,rev,-80.0,12.2,5.438,5.169,0.0,0.0,29.0,-100.0,-100.0,0.0,0.0,29.0,-100.0,-100.0,0.0,0.0,29.0,-66.8,-80.0,0.0,-7.305,28.0,-90.311,-90.311,0.0,0.418,28.0,31.22,31.22,0.0,-0.0,29.0,41.031,41.237,0.0,-0.0,30.0
13.2913,1,rev,-80.0,12.2,5.438,5.169,0.0,0.0,29.0,-100.0,-100.0,0.0,0.0,29.0,-100.0,-100.0,0.0,0.0,29.0,-67.2,-80.0,0.0,-7.181,28.0,-90.311,-90.311,0.0,0.205,28.0,31.22,31.22,0.0,-0.0,29.0,41.031,41.237,0.0,-0.0,30.0
13.3444,1,rev,-80.0,12.2,5.438,5.169,0.0,0.0,29.0,-100.0,-100.0,0.0,0.0,29.0,-100.0,-100.0,0.0,0.0,29.0,-67.733,-80.0,0.0,-7.976,28.0,-90.311,-90.311,0.0,0.143,28.0,31.22,31.22,0.0,-0.0,29.0,41.031,41.237,0.0,-0.0,30.0
13.3976,1,rev,-80.0,12.2,5.438,5.169,0.0,0.0,29.0,-100.0,-100.0,0.0,0.0,29.0,-100.0,-100.0,0.0,0.0,29.0,-68.0,-80.0,0.0,-6.849,28.0,-90.311,-90.311,0.0,0.07,28.0,31.22,31.22,0.0,-0.0,29.0,41.031,41.237,0.0,-0.0,30.0
13.4507,1,rev,-80.0,12.2,5.438,5.169,0.0,0.0,29.0,-100.0,-100.0,0.0,0.0,29.0,-100.0,-100.0,0.0,0.0,29.0,-68.533,-80.0,0.0,-8.447,28.0,-90.311,-90.311,0.0,0.034,28.0,31.22,31.22,0.0,-0.0,29.0,41.031,41.237,0.0,-0.0,30.0
13.5038,1,rev,-80.0,12.2,5.438,5.169,0.0,0.0,29.0,-100.0,-100.0,0.0,0.0,29.0,-100.0,-100.0,0.0,0.0,29.0,-68.933,-80.0,0.0,-8.165,28.0,-90.381,-90.311,0.0,-0.523,28.0,31.22,31.22,0.0,-0.0,29.0,41.031,41.237,0.0,-0.0,30.0
13.5572,1,rev,-80.0,12.2,5.438,5.169,0.0,0.0,29.0,-100.0,-100.0,0.0,0.0,29.0,-100.0,-100.0,0.0,0.0,29.0,-69.333,-80.0,0.0,-7.583,28.0,-90.311,-90.311,0.0,0.516,28.0,31.22,31.22,0.0,-0.0,29.0,41.031,41.237,0.0,-0.0,30.0
13.6102,1,rev,-80.0,12.2,5.438,5.169,0.0,0.0,29.0,-100.0,-100.0,0.0,0.0,29.0,-100.0,-100.0,0.0,0.0,29.0,-69.867,-80.0,0.0,-8.773,28.0,-90.311,-90.311,0.0,0.253,28.0,31.22,31.22,0.0,-0.0,29.0,41.031,41.237,0.0,-0.0,30.0
13.6633,1,rev,-80.0,12.2,5.438,5.169,0.0,0.0,29.0,-100.0,-100.0,0.0,0.0,29.0,-100.0,-100.0,0.0,0.0,29.0,-70.267,-80.0,0.0,-8.313,28.0,-90.311,-90.311,0.0,0.124,28.0,31.22,31.22,0.0,-0.0,29.0,41.031,41.237,0.0,-0.0,30.0
13.7164,1,rev,-80.0,12.2,5.438,5.169,0.0,0.0,29.0,-100.0,-100.0,0.0,0.0,29.0,-100.0,-100.0,0.0,0.0,29.0,-70.667,-80.0,0.0,-8.065,28.0,-90.311,-90.311,0.0,0.061,28.0,31.22,31.22,0.0,-0.0,29.0,41.031,41.237,0.0,-0.0,30.0
13.7689,1,rev,-80.0,12.2,5.438,5.169,0.0,0.0,29.0,-100.0,-100.0,0.0,0.0,29.0,-100.0,-100.0,0.0,0.0,29.0,-71.067,-80.0,0.0,-7.978,28.0,-90.311,-90.311,0.0,0.03,28.0,31.22,31.22,0.0,-0.0,29.0,41.031,41.237,0.0,-0.0,30.0
13.8231,1,rev,-80.0,12.2,5.438,5.169,0.0,0.0,29.0,-100.0,-100.0,0.0,0.0,29.0,-100.0,-100.0,0.0,0.0,29.0,-71.467,-80.0,0.0,-7.449,28.0,-90.311,-90.311,0.0,0.015,28.0,31.22,31.22,0.0,-0.0,29.0,41.031,41.237,0.0,-0.0,30.0
13.8763,1,rev,-80.0,12.2,5.438,5.169,0.0,0.0,29.0,-100.0,-100.0,0.0,0.0,29.0,-100.0,-100.0,0.0,0.0,29.0,-71.733,-80.0,0.0,-8.204,28.0,-90.311,-90.311,0.0,0.01,28.0,31.22,31.22,1.0,-0.0,29.0,41.031,41.237,0.0,-0.0,30.0
13.9293,1,rev,-80.0,12.2,5.438,5.169,0.0,0.0,29.0,-100.0,-100.0,0.0,0.0,29.0,-100.0,-100.0,0.0,0.0,29.0,-72.267,-80.0,0.0,-7.059,28.0,-90.381,-90.311,0.0,-0.767,28.0,31.22,31.22,1.0,-0.0,29.0,41.031,41.237,0.0,-0.0,30.0
13.9827,1,rev,-80.0,12.2,5.438,5.169,0.0,0.0,29.0,-100.0,-100.0,0.0,0.0,29.0,-100.0,-100.0,0.0,0.0,29.0,-72.8,-80.0,0.0,-8.525,28.0,-90.381,-90.311,0.0,-0.376,28.0,31.22,31.22,1.0,-0.0,29.0,41.031,41.237,0.0,-0.0,30.0
14.036,1,rev,-80.0,12.2,5.438,5.169,0.0,0.0,29.0,-100.0,-100.0,0.0,0.0,29.0,-100.0,-100.0,0.0,0.0,29.0,-73.2,-80.0,0.0,-7.79,28.0,-90.311,-90.311,0.0,0.364,28.0,31.22,31.22,1.0,-0.0,29.0,41.031,41.237,0.0,-0.0,30.0
14.089,1,rev,-80.0,12.2,5.438,5.169,0.0,0.0,29.0,-100.0,-100.0,0.0,0.0,29.0,-100.0,-100.0,0.0,0.0,29.0,-73.6,-80.0,0.0,-7.425,28.0,-90.311,-90.311,0.0,0.179,28.0,31.22,31.22,1.0,-0.0,29.0,41.031,41.237,0.0,-0.0,30.0
14.1421,1,rev,-80.0,12.2,5.438,5.169,0.0,0.0,29.0,-100.0,-100.0,0.0,0.0,29.0,-100.0,-100.0,0.0,0.0,29.0,-74.0,-80.0,0.0,-7.255,28.0,-90.311,-90.311,0.0,0.087,28.0,31.22,31.22,1.0,-0.0,29.0,41.031,41.237,0.0,-0.0,30.0
14.1939,1,rev,-80.0,12.2,5.438,5.169,0.0,0.0,29.0,-100.0,-100.0,0.0,0.0,29.0,-100.0,-100.0,0.0,0.0,29.0,-74.267,-80.0,0.0,-8.077,28.0,-90.311,-90.311,0.0,0.061,28.0,31.22,31.22,1.0,-0.0,29.0,41.031,41.237,0.0,-0.0,30.0
14.2471,1,rev,-80.0,12.2,5.438,5.169,0.0,0.0,29.0,-100.0,-100.0,0.0,0.0,29.0,-100.0,-100.0,0.0,0.0,29.0,-74.667,-80.0,0.0,-7.927,28.0,-90.311,-90.311,0.0,0.03,28.0,31.22,31.22,1.0,-0.0,29.0,41.031,41.237,0.0,-0.0,30.0
14.3009,1,rev,-80.0,12.2,5.438,5.169,0.0,0.0,29.0,-100.0,-100.0,0.0,0.0,29.0,-100.0,-100.0,0.0,0.0,29.0,-75.2,-80.0,0.0,-8.788,28.0,-90.311,-90.311,0.0,0.015,28.0,31.22,31.22,1.0,-0.0,29.0,41.031,41.237,0.0,-0.0,30.0
14.3543,1,rev,-80.0,12.2,5.438,5.169,0.0,0.0,29.0,-100.0,-100.0,0.0,0.0,29.0,-100.0,-100.0,0.0,0.0,29.0,-75.6,-80.0,0.0,-7.68,28.0,-90.311,-90.311,0.0,0.007,28.0,31.22,31.22,1.0,-0.0,29.0,41.031,41.237,0.0,-0.0,30.0
14.4073,1,rev,-80.0,12.2,5.438,5.169,0.0,0.0,29.0,-100.0,-100.0,0.0,0.0,29.0,-100.0,-100.0,0.0,0.0,29.0,-76.0,-80.0,0.0,-7.32,28.0,-90.311,-90.311,0.0,0.004,28.0,31.22,31.22,1.0,-0.0,29.0,41.031,41.237,0.0,-0.0,30.0
14.4606,1,rev,-80.0,12.2,5.438,5.169,0.0,0.0,29.0,-100.0,-100.0,0.0,0.0,29.0,-100.0,-100.0,0.0,0.0,29.0,-76.267,-80.0,0.0,-8.122,28.0,-90.311,-90.311,0.0,0.002,28.0,31.22,31.22,0.0,-0.0,29.0,41.031,41.237,0.0,-0.0,30.0
14.5138,1,rev,-80.0,12.2,5.438,5.169,0.0,0.0,29.0,-100.0,-100.0,0.0,0.0,29.0,-100.0,-100.0,0.0,0.0,29.0,-76.8,-80.0,0.0,-7.04,28.0,-90.311,-90.311,0.0,0.001,28.0,31.22,31.22,0.0,-0.0,29.0,41.031,41.237,0.0,-0.0,30.0
14.5676,1,rev,-80.0,12.2,5.348,5.169,0.0,-1.003,29.0,-100.0,-100.0,0.0,0.0,29.0,-100.0,-100.0,0.0,0.0,29.0,-77.2,-80.0,0.0,-7.477,28.0,-90.311,-90.311,0.0,0.001,28.0,31.22,31.22,0.0,-0.0,29.0,41.031,41.237,0.0,-0.0,30.0
14.621,1,rev,-80.0,12.2,5.348,5.169,0.0,-0.492,29.0,-100.0,-100.0,0.0,0.0,29.0,-100.0,-100.0,0.0,0.0,29.0,-77.6,-80.0,0.0,-7.265,28.0,-90.381,-90.311,0.0,-0.544,28.0,31.22,31.22,0.0,-0.0,29.0,41.031,41.237,0.0,-0.0,30.0
14.6742,1,rev,-80.0,12.2,5.348,5.169,0.0,-0.241,29.0,-100.0,-100.0,0.0,0.0,29.0,-100.0,-100.0,0.0,0.0,29.0,-78.133,-80.0,0.0,-9.082,28.0,-90.311,-90.311,0.0,0.282,28.0,31.22,31.22,0.0,-0.0,29.0,41.031,41.237,0.0,-0.0,30.0
14.7276,1,rev,-80.0,12.2,5.348,5.169,0.0,-0.118,29.0,-100.0,-100.0,0.0,0.0,29.0,-100.0,-100.0,0.0,0.0,29.0,-78.533,-80.0,0.0,-8.506,28.0,-90.311,-90.311,0.0,0.138,28.0,31.22,31.22,0.0,-0.0,29.0,41.031,41.237,0.0,-0.0,30.0
14.7803,1,rev,-80.0,12.2,5.348,5.169,0.0,-0.058,29.0,-100.0,-100.0,0.0,0.0,29.0,-100.0,-100.0,0.0,0.0,29.0,-78.933,-80.0,0.0,-8.223,28.0,-90.311,-90.311,0.0,0.068,28.0,31.22,31.22,0.0,-0.0,29.0,41.031,41.237,0.0,-0.0,30.0
14.8347,1,rev,-80.0,12.2,5.348,5.169,0.0,-0.028,29.0,-100.0,-100.0,0.0,0.0,29.0,-100.0,-100.0,0.0,0.0,29.0,-79.333,-80.0,0.0,-8.034,28.0,-90.311,-90.311,0.0,0.033,28.0,31.22,31.22,0.0,-0.0,29.0,41.031,41.237,0.0,-0.0,30.0
14.8881,1,hold_start,-80.0,12.2,5.348,5.169,0.0,-0.014,29.0,-100.0,-100.0,0.0,0.0,29.0,-100.0,-100.0,0.0,0.0,29.0,-79.733,-80.0,0.0,-7.532,28.0,-90.311,-90.311,0.0,0.016,28.0,31.22,31.22,0.0,-0.0,29.0,41.031,41.237,0.0,-0.0,30.0
14.9414,1,hold_start,-80.0,12.2,5.348,5.169,0.0,-0.007,29.0,-100.0,-100.0,0.0,0.0,29.0,-100.0,-100.0,0.0,0.0,29.0,-80.0,-80.0,0.0,-6.213,28.0,-90.311,-90.311,0.0,0.008,28.0,31.22,31.22,0.0,-0.0,29.0,41.031,41.237,0.0,-0.0,30.0
14.9942,1,hold_start,-80.0,12.2,5.348,5.169,0.0,-0.003,29.0,-100.0,-100.0,0.0,0.0,29.0,-100.0,-100.0,0.0,0.0,29.0,-80.0,-80.0,0.0,-3.044,28.0,-90.311,-90.311,0.0,0.004,28.0,31.22,31.22,0.0,-0.0,29.0,41.031,41.237,0.0,-0.0,30.0
15.0475,1,hold_start,-80.0,12.2,5.348,5.169,0.0,-0.002,29.0,-100.0,-100.0,0.0,0.0,29.0,-100.0,-100.0,0.0,0.0,29.0,-80.0,-80.0,0.0,-2.131,28.0,-90.311,-90.311,0.0,0.003,28.0,31.22,31.22,0.0,-0.0,29.0,41.031,41.237,0.0,-0.0,30.0
15.1006,1,hold_start,-80.0,12.2,5.348,5.169,0.0,-0.001,29.0,-100.0,-100.0,0.0,0.0,29.0,-100.0,-100.0,0.0,0.0,29.0,-80.0,-80.0,0.0,-1.044,28.0,-90.311,-90.311,0.0,0.001,28.0,31.22,31.22,0.0,-0.0,29.0,41.031,41.237,0.0,-0.0,30.0
15.1538,1,hold_start,-80.0,12.2,5.348,5.169,0.0,-0.001,29.0,-100.0,-100.0,0.0,0.0,29.0,-100.0,-100.0,0.0,0.0,29.0,-80.0,-80.0,0.0,-0.512,28.0,-90.311,-90.311,0.0,0.001,28.0,31.22,31.22,0.0,-0.0,29.0,41.031,41.237,0.0,-0.0,30.0
15.2068,1,hold_start,-80.0,12.2,5.348,5.169,0.0,-0.0,29.0,-100.0,-100.0,0.0,0.0,29.0,-100.0,-100.0,0.0,0.0,29.0,-80.0,-80.0,0.0,-0.251,28.0,-90.311,-90.311,0.0,0.0,28.0,31.22,31.22,0.0,-0.0,29.0,41.031,41.237,0.0,-0.0,30.0
15.2588,1,hold_start,-80.0,12.2,5.348,5.169,0.0,-0.0,29.0,-100.0,-100.0,0.0,0.0,29.0,-100.0,-100.0,0.0,0.0,29.0,-80.0,-80.0,0.0,-0.123,28.0,-90.311,-90.311,0.0,0.0,28.0,31.22,31.22,0.0,-0.0,29.0,41.031,41.237,0.0,-0.0,30.0
15.3109,1,hold_start,-80.0,12.2,5.258,5.169,0.0,-1.019,29.0,-100.0,-100.0,0.0,0.0,29.0,-100.0,-100.0,0.0,0.0,29.0,-80.0,-80.0,0.0,-0.06,28.0,-90.311,-90.311,0.0,0.0,28.0,31.22,31.22,0.0,-0.0,29.0,41.031,41.237,0.0,-0.0,30.0
15.3628,1,hold_start,-80.0,12.2,5.258,5.169,0.0,-0.499,29.0,-100.0,-100.0,0.0,0.0,29.0,-100.0,-100.0,0.0,0.0,29.0,-80.0,-80.0,0.0,-0.029,28.0,-90.311,-90.311,0.0,0.0,28.0,31.22,31.22,0.0,-0.0,29.0,41.031,41.237,0.0,-0.0,30.0
15.4161,1,hold_start,-80.0,12.2,5.258,5.169,0.0,-0.245,29.0,-100.0,-100.0,0.0,0.0,29.0,-100.0,-100.0,0.0,0.0,29.0,-80.0,-80.0,0.0,-0.014,28.0,-90.311,-90.311,0.0,0.0,28.0,31.22,31.22,0.0,-0.0,29.0,41.031,41.237,0.0,-0.0,30.0
15.4692,1,hold_start,-80.0,12.2,5.258,5.169,0.0,-0.12,29.0,-100.0,-100.0,0.0,0.0,29.0,-100.0,-100.0,0.0,0.0,29.0,-80.0,-80.0,0.0,-0.007,28.0,-90.311,-90.311,0.0,0.0,28.0,31.22,31.22,0.0,-0.0,29.0,41.031,41.237,0.0,-0.0,30.0
15.522,1,hold_start,-80.0,12.2,5.258,5.169,0.0,-0.059,29.0,-100.0,-100.0,0.0,0.0,29.0,-100.0,-100.0,0.0,0.0,29.0,-80.0,-80.0,0.0,-0.003,28.0,-90.311,-90.311,0.0,0.0,28.0,31.22,31.22,0.0,-0.0,29.0,41.031,41.237,0.0,-0.0,30.0
15.5751,1,hold_start,-80.0,12.2,5.258,5.169,0.0,-0.041,29.0,-100.0,-100.0,0.0,0.0,29.0,-100.0,-100.0,0.0,0.0,29.0,-80.0,-80.0,0.0,-0.002,28.0,-90.311,-90.311,0.0,0.0,28.0,31.22,31.22,0.0,-0.0,29.0,41.031,41.237,0.0,-0.0,30.0
15.6281,1,hold_start,-80.0,12.2,5.258,5.169,0.0,-0.02,29.0,-100.0,-100.0,0.0,0.0,29.0,-100.0,-100.0,0.0,0.0,29.0,-80.0,-80.0,0.0,-0.001,28.0,-90.311,-90.311,0.0,0.0,28.0,31.22,31.22,0.0,-0.0,29.0,41.031,41.237,0.0,-0.0,30.0
15.6799,1,hold_start,-80.0,12.2,5.258,5.169,0.0,-0.01,29.0,-100.0,-100.0,0.0,0.0,29.0,-100.0,-100.0,0.0,0.0,29.0,-80.0,-80.0,0.0,-0.001,28.0,-90.311,-90.311,0.0,0.0,28.0,31.22,31.22,0.0,-0.0,29.0,41.031,41.237,0.0,-0.0,30.0
15.732,1,hold_start,-80.0,12.2,5.258,5.169,0.0,-0.005,29.0,-100.0,-100.0,0.0,0.0,29.0,-100.0,-100.0,0.0,0.0,29.0,-80.0,-80.0,0.0,-0.0,28.0,-90.311,-90.311,0.0,0.0,28.0,31.22,31.22,0.0,-0.0,29.0,41.031,41.237,0.0,-0.0,30.0
15.7848,1,hold_start,-80.0,12.2,5.258,5.169,0.0,-0.002,29.0,-100.0,-100.0,0.0,0.0,29.0,-100.0,-100.0,0.0,0.0,29.0,-80.0,-80.0,0.0,-0.0,28.0,-90.311,-90.311,0.0,0.0,28.0,31.22,31.22,0.0,-0.0,29.0,41.031,41.237,0.0,-0.0,30.0
15.838,1,hold_start,-80.0,12.2,5.258,5.169,0.0,-0.001,29.0,-100.0,-100.0,0.0,0.0,29.0,-100.0,-100.0,0.0,0.0,29.0,-80.0,-80.0,0.0,-0.0,28.0,-90.311,-90.311,0.0,0.0,28.0,31.22,31.22,0.0,-0.0,29.0,41.031,41.237,0.0,-0.0,30.0
15.8915,2,fwd,-30.0,12.2,5.258,5.169,0.0,-0.001,29.0,-100.0,-100.0,0.0,0.0,29.0,-100.0,-100.0,0.0,0.0,29.0,-80.0,-30.0,0.0,-0.0,28.0,-90.311,-90.311,0.0,0.0,28.0,31.22,31.22,0.0,-0.0,29.0,41.031,41.237,0.0,-0.0,30.0
15.9439,2,fwd,-30.0,12.2,5.258,5.169,0.0,-0.0,29.0,-100.0,-100.0,0.0,0.0,29.0,-100.0,-100.0,0.0,0.0,29.0,-80.0,-30.0,0.0,-0.0,28.0,-90.311,-90.311,0.0,0.0,28.0,31.22,31.22,0.0,-0.0,29.0,41.031,41.237,0.0,-0.0,30.0
15.9974,2,fwd,-30.0,12.2,5.258,5.169,0.0,-0.0,29.0,-100.0,-100.0,0.0,0.0,29.0,-100.0,-100.0,0.0,0.0,29.0,-79.6,-30.0,0.0,4.488,28.0,-90.311,-90.311,0.0,0.0,28.0,31.22,31.22,0.0,-0.0,29.0,41.031,41.237,0.0,-0.0,30.0
16.0508,2,fwd,-30.0,12.2,5.258,5.169,0.0,-0.0,29.0,-100.0,-100.0,0.0,0.0,29.0,-100.0,-100.0,0.0,0.0,29.0,-79.333,-30.0,0.0,4.724,28.0,-90.311,-90.311,0.0,0.0,28.0,31.22,31.22,0.0,-0.0,29.0,41.031,41.237,0.0,-0.0,30.0
16.1038,2,fwd,-30.0,12.2,5.258,5.169,0.0,-0.0,29.0,-100.0,-100.0,0.0,0.0,29.0,-100.0,-100.0,0.0,0.0,29.0,-79.067,-30.0,0.0,4.878,28.0,-90.311,-90.311,0.0,0.0,28.0,31.22,31.22,0.0,-0.0,29.0,41.031,41.237,0.0,-0.0,30.0
16.157,2,fwd,-30.0,12.2,5.258,5.169,0.0,-0.0,29.0,-100.0,-100.0,0.0,0.0,29.0,-100.0,-100.0,0.0,0.0,29.0,-78.667,-30.0,0.0,5.662,28.0,-90.311,-90.311,0.0,0.0,28.0,31.22,31.22,0.0,-0.0,29.0,41.031,41.237,0.0,-0.0,30.0
16.2088,2,fwd,-30.0,12.2,5.258,5.169,0.0,-0.0,29.0,-100.0,-100.0,0.0,0.0,29.0,-100.0,-100.0,0.0,0.0,29.0,-78.533,-30.0,0.0,5.464,28.0,-90.311,-90.311,0.0,0.0,28.0,31.22,31.22,0.0,-0.0,29.0,41.031,41.237,0.0,-0.0,30.0
16.2609,2,fwd,-30.0,12.2,5.258,5.169,0.0,-0.0,29.0,-100.0,-100.0,0.0,0.0,29.0,-100.0,-100.0,0.0,0.0,29.0,-78.133,-30.0,0.0,6.654,28.0,-90.311,-90.311,0.0,0.0,28.0,31.22,31.22,0.0,-0.0,29.0,41.031,41.237,0.0,-0.0,30.0
16.3141,2,fwd,-30.0,12.2,5.258,5.169,0.0,-0.0,29.0,-100.0,-100.0,0.0,0.0,29.0,-100.0,-100.0,0.0,0.0,29.0,-77.867,-30.0,0.0,5.747,28.0,-90.311,-90.311,0.0,0.0,28.0,31.22,31.22,0.0,-0.0,29.0,41.031,41.237,0.0,-0.0,30.0
16.3667,2,fwd,-30.0,12.2,5.258,5.169,0.0,-0.0,29.0,-100.0,-100.0,0.0,0.0,29.0,-100.0,-100.0,0.0,0.0,29.0,-77.467,-30.0,0.0,6.178,28.0,-90.311,-90.311,0.0,0.0,28.0,31.22,31.22,0.0,-0.0,29.0,41.031,41.237,0.0,-0.0,30.0
16.4194,2,fwd,-30.0,12.2,5.258,5.169,0.0,-0.0,29.0,-100.0,-100.0,0.0,0.0,29.0,-100.0,-100.0,0.0,0.0,29.0,-77.2,-30.0,0.0,5.555,28.0,-90.311,-90.311,0.0,0.0,28.0,31.22,31.22,0.0,-0.0,29.0,41.031,41.237,0.0,-0.0,30.0
16.4728,2,fwd,-30.0,12.2,5.258,5.169,0.0,-0.0,29.0,-100.0,-100.0,0.0,0.0,29.0,-100.0,-100.0,0.0,0.0,29.0,-76.8,-30.0,0.0,6.331,28.0,-90.311,-90.311,0.0,0.0,28.0,31.22,31.22,0.0,-0.0,29.0,41.031,41.237,0.0,-0.0,30.0
16.5269,2,fwd,-30.0,12.2,5.258,5.169,0.0,-0.0,29.0,-100.0,-100.0,0.0,0.0,29.0,-100.0,-100.0,0.0,0.0,29.0,-76.533,-30.0,0.0,5.656,28.0,-90.311,-90.311,0.0,0.0,28.0,31.22,31.22,0.0,-0.0,29.0,41.031,41.237,0.0,-0.0,30.0
16.5803,2,fwd,-30.0,12.2,5.258,5.169,0.0,-0.0,29.0,-100.0,-100.0,0.0,0.0,29.0,-100.0,-100.0,0.0,0.0,29.0,-76.133,-30.0,0.0,6.743,28.0,-90.311,-90.311,0.0,0.0,28.0,31.22,31.22,0.0,-0.0,29.0,41.031,41.237,0.0,-0.0,30.0
16.6335,2,fwd,-30.0,12.2,5.258,5.169,0.0,-0.0,29.0,-100.0,-100.0,0.0,0.0,29.0,-100.0,-100.0,0.0,0.0,29.0,-75.733,-30.0,0.0,7.34,28.0,-90.311,-90.311,0.0,0.0,28.0,31.22,31.22,0.0,-0.0,29.0,41.031,41.237,0.0,-0.0,30.0
16.6863,2,fwd,-30.0,12.2,5.258,5.169,0.0,-0.0,29.0,-100.0,-100.0,0.0,0.0,29.0,-100.0,-100.0,0.0,0.0,29.0,-75.333,-30.0,0.0,7.211,28.0,-90.311,-90.311,0.0,0.0,28.0,31.22,31.22,0.0,-0.0,29.0,41.031,41.237,0.0,-0.0,30.0
16.7394,2,fwd,-30.0,12.2,5.258,5.169,0.0,-0.0,29.0,-100.0,-100.0,0.0,0.0,29.0,-100.0,-100.0,0.0,0.0,29.0,-74.933,-30.0,10.0,7.146,28.0,-90.311,-90.311,0.0,0.0,28.0,31.22,31.22,0.0,-0.0,29.0,41.031,41.237,0.0,-0.0,30.0
16.7922,2,fwd,-30.0,12.2,5.258,5.169,0.0,-0.0,29.0,-100.0,-100.0,0.0,0.0,29.0,-100.0,-100.0,0.0,0.0,29.0,-74.533,-30.0,10.0,7.113,28.0,-90.311,-90.311,0.0,0.0,28.0,31.22,31.22,0.0,-0.0,29.0,41.031,41.237,0.0,-0.0,30.0
16.845,2,fwd,-30.0,12.2,5.258,5.169,0.0,-0.0,29.0,-100.0,-100.0,0.0,0.0,29.0,-100.0,-100.0,0.0,0.0,29.0,-74.133,-30.0,10.0,7.074,28.0,-90.311,-90.311,0.0,0.0,28.0,31.22,31.22,0.0,-0.0,29.0,41.031,41.237,0.0,-0.0,30.0
16.8981,2,fwd,-30.0,12.2,5.258,5.169,0.0,-0.0,29.0,-100.0,-100.0,0.0,0.0,29.0,-100.0,-100.0,0.0,0.0,29.0,-73.6,-30.0,10.0,8.575,28.0,-90.311,-90.311,0.0,0.0,28.0,31.22,31.22,0.0,-0.0,29.0,41.031,41.237,0.0,-0.0,30.0
16.9516,2,fwd,-30.0,12.2,5.258,5.169,0.0,-0.0,29.0,-100.0,-100.0,0.0,0.0,29.0,-100.0,-100.0,0.0,0.0,29.0,-73.333,-30.0,10.0,6.718,28.0,-90.311,-90.311,0.0,0.0,28.0,31.22,31.22,0.0,-0.0,29.0,41.031,41.237,0.0,-0.0,30.0
17.005,2,fwd,-30.0,12.2,5.348,5.169,0.0,1.015,29.0,-100.0,-100.0,0.0,0.0,29.0,-100.0,-100.0,0.0,0.0,29.0,-72.8,-30.0,10.0,8.415,28.0,-90.311,-90.311,0.0,0.0,28.0,31.22,31.22,0.0,-0.0,29.0,41.031,41.237,0.0,-0.0,30.0
17.0582,2,fwd,-30.0,12.2,5.348,5.169,0.0,0.497,29.0,-100.0,-100.0,0.0,0.0,29.0,-100.0,-100.0,0.0,0.0,29.0,-72.4,-30.0,10.0,8.164,28.0,-90.311,-90.311,0.0,0.0,28.0,31.22,31.22,0.0,-0.0,29.0,41.031,41.237,0.0,-0.0,30.0
17.1114,2,fwd,-30.0,12.2,5.438,5.169,0.0,1.245,29.0,-100.0,-100.0,0.0,0.0,29.0,-100.0,-100.0,0.0,0.0,29.0,-71.867,-30.0,10.0,9.04,28.0,-90.311,-90.311,0.0,0.0,28.0,31.22,31.22,0.0,-0.0,29.0,41.031,41.237,0.0,-0.0,30.0
17.1639,2,fwd,-30.0,12.2,5.438,5.169,0.0,0.61,29.0,-100.0,-100.0,0.0,0.0,29.0,-100.0,-100.0,0.0,0.0,29.0,-71.467,-30.0,10.0,8.472,28.0,-90.311,-90.311,0.0,0.0,28.0,31.22,31.22,0.0,-0.0,29.0,41.031,41.237,0.0,-0.0,30.0
17.2168,2,fwd,-30.0,12.2,5.438,5.169,0.0,0.299,29.0,-100.0,-100.0,0.0,0.0,29.0,-100.0,-100.0,0.0,0.0,29.0,-71.2,-30.0,10.0,6.687,28.0,-90.311,-90.311,0.0,0.0,28.0,31.22,31.22,0.0,-0.0,29.0,41.031,41.237,0.0,-0.0,30.0
17.2702,2,fwd,-30.0,12.1,5.438,5.169,0.0,0.209,29.0,-100.0,-100.0,1.0,0.0,29.0,-100.0,-100.0,0.0,0.0,29.0,-71.067,-30.0,14.0,6.186,28.0,-90.311,-90.311,0.0,0.0,28.0,31.22,31.22,0.0,-0.0,29.0,41.031,41.237,0.0,-0.0,30.0
17.3231,2,fwd,-30.0,12.1,5.438,5.169,0.0,0.103,29.0,-100.0,-100.0,1.0,0.0,29.0,-100.0,-100.0,0.0,0.0,29.0,-70.4,-30.0,14.0,6.613,28.0,-90.311,-90.311,0.0,0.0,28.0,31.22,31.22,0.0,-0.0,29.0,41.031,41.237,0.0,-0.0,30.0
17.3763,2,fwd,-30.0,12.1,5.438,5.169,0.0,0.05,29.0,-100.0,-100.0,1.0,0.0,29.0,-100.0,-100.0,0.0,0.0,29.0,-70.0,-30.0,14.0,7.26,28.0,-90.311,-90.311,0.0,0.0,28.0,31.22,31.22,0.0,-0.0,29.0,41.031,41.237,0.0,-0.0,30.0
17.4288,2,fwd,-30.0,12.1,5.438,5.169,0.0,0.025,29.0,-100.0,-100.0,1.0,0.0,29.0,-100.0,-100.0,0.0,0.0,29.0,-69.6,-30.0,14.0,7.129,28.0,-90.381,-90.311,0.0,-0.777,28.0,31.22,31.22,0.0,-0.0,29.0,41.031,41.237,0.0,-0.0,30.0
17.481,2,fwd,-30.0,12.1,5.438,5.169,0.0,0.012,29.0,-100.0,-100.0,1.0,0.0,29.0,-100.0,-100.0,0.0,0.0,29.0,-68.933,-30.0,14.0,9.566,28.0,-90.381,-90.311,0.0,-0.381,28.0,31.22,31.22,0.0,-0.0,29.0,41.031,41.237,0.0,-0.0,30.0
17.5344,2,fwd,-30.0,12.1,5.438,5.169,0.0,0.006,29.0,-100.0,-100.0,1.0,0.0,29.0,-100.0,-100.0,0.0,0.0,29.0,-68.667,-30.0,14.0,7.226,28.0,-90.311,-90.311,0.0,0.592,28.0,31.22,31.22,0.0,-0.0,29.0,41.031,41.237,0.0,-0.0,30.0
17.5876,2,fwd,-30.0,12.1,5.438,5.169,0.0,0.003,29.0,-100.0,-100.0,1.0,0.0,29.0,-100.0,-100.0,0.0,0.0,29.0,-68.267,-30.0,14.0,7.103,28.0,-90.311,-90.311,0.0,0.29,28.0,31.22,31.22,0.0,-0.0,29.0,41.031,41.237,0.0,-0.0,30.0
17.6412,2,fwd,-30.0,12.1,5.438,5.169,0.0,0.001,29.0,-100.0,-100.0,1.0,0.0,29.0,-100.0,-100.0,0.0,0.0,29.0,-67.867,-30.0,14.0,7.029,28.0,-90.311,-90.311,0.0,0.142,28.0,31.22,31.22,0.0,-0.0,29.0,41.031,41.237,0.0,-0.0,30.0
17.6944,2,fwd,-30.0,12.1,5.438,5.169,0.0,0.001,29.0,-100.0,-100.0,1.0,0.0,29.0,-100.0,-100.0,0.0,0.0,29.0,-67.467,-30.0,14.0,7.476,28.0,-90.311,-90.311,0.0,0.07,28.0,31.22,31.22,0.0,-0.0,29.0,41.031,41.237,0.0,-0.0,30.0
17.7474,2,fwd,-30.0,12.1,5.438,5.169,0.0,0.0,29.0,-100.0,-100.0,1.0,0.0,29.0,-100.0,-100.0,0.0,0.0,29.0,-67.333,-30.0,14.0,6.703,28.0,-90.311,-90.311,0.0,0.049,28.0,31.22,31.22,0.0,-0.0,29.0,41.031,41.237,0.0,-0.0,30.0
17.8006,2,fwd,-30.0,12.1,5.438,5.169,0.0,0.0,29.0,-100.0,-100.0,1.0,0.0,29.0,-100.0,-100.0,0.0,0.0,29.0,-66.933,-30.0,14.0,6.695,28.0,-90.311,-90.311,0.0,0.024,28.0,31.22,31.22,0.0,-0.0,29.0,41.031,41.237,0.0,-0.0,30.0
17.8539,2,fwd,-30.0,12.1,5.438,5.169,0.0,0.0,29.0,-100.0,-100.0,0.0,0.0,29.0,-100.0,-100.0,0.0,0.0,29.0,-66.667,-30.0,17.0,7.335,28.0,-90.311,-90.311,0.0,0.017,28.0,31.22,31.22,0.0,-0.0,29.0,41.031,41.237,0.0,-0.0,30.0
17.9076,2,fwd,-30.0,12.1,5.438,5.169,0.0,0.0,29.0,-100.0,-100.0,0.0,0.0,29.0,-100.0,-100.0,0.0,0.0,29.0,-66.0,-30.0,17.0,7.107,28.0,-90.381,-90.311,0.0,-0.253,28.0,31.22,31.22,0.0,-0.0,29.0,41.031,41.237,0.0,-0.0,30.0
17.9598,2,fwd,-30.0,12.1,5.438,5.169,0.0,0.0,29.0,-100.0,-100.0,0.0,0.0,29.0,-100.0,-100.0,0.0,0.0,29.0,-65.467,-30.0,17.0,8.558,28.0,-90.381,-90.311,0.0,-0.124,28.0,31.22,31.22,0.0,-0.0,29.0,41.031,41.237,0.0,-0.0,30.0
18.0123,2,fwd,-30.0,12.1,5.438,5.169,0.0,0.0,29.0,-100.0,-100.0,0.0,0.0,29.0,-100.0,-100.0,0.0,0.0,29.0,-65.067,-30.0,17.0,7.797,28.0,-90.311,-90.311,0.0,0.484,28.0,31.22,31.22,0.0,-0.0,29.0,41.031,41.237,0.0,-0.0,30.0
18.0649,2,fwd,-30.0,12.1,5.438,5.169,0.0,0.0,29.0,-100.0,-100.0,0.0,0.0,29.0,-100.0,-100.0,0.0,0.0,29.0,-64.667,-30.0,17.0,7.86,28.0,-90.311,-90.311,0.0,0.237,28.0,31.22,31.22,0.0,-0.0,29.0,41.031,41.237,0.0,-0.0,30.0
18.1179,2,fwd,-30.0,12.1,5.438,5.169,0.0,0.0,29.0,-100.0,-100.0,0.0,0.0,29.0,-100.0,-100.0,0.0,0.0,29.0,-64.267,-30.0,17.0,7.87,28.0,-90.311,-90.311,0.0,0.116,28.0,31.22,31.22,0.0,-0.0,29.0,41.031,41.237,0.0,-0.0,30.0
18.1718,2,fwd,-30.0,12.1,5.438,5.169,0.0,0.0,29.0,-100.0,-100.0,0.0,0.0,29.0,-100.0,-100.0,0.0,0.0,29.0,-64.0,-30.0,17.0,6.403,28.0,-90.311,-90.311,0.0,0.057,28.0,31.22,31.22,0.0,-0.0,29.0,41.031,41.237,0.0,-0.0,30.0
18.2252,2,fwd,-30.0,12.1,5.438,5.169,0.0,0.0,29.0,-100.0,-100.0,0.0,0.0,29.0,-100.0,-100.0,0.0,0.0,29.0,-63.467,-30.0,17.0,8.242,28.0,-90.381,-90.311,0.0,-0.752,28.0,31.22,31.22,0.0,-0.0,29.0,41.031,41.237,0.0,-0.0,30.0
18.2783,2,fwd,-30.0,12.1,5.438,5.169,0.0,0.0,29.0,-100.0,-100.0,0.0,0.0,29.0,-100.0,-100.0,0.0,0.0,29.0,-63.067,-30.0,17.0,8.11,28.0,-90.381,-90.311,0.0,-0.368,28.0,31.22,31.22,0.0,-0.0,29.0,41.031,41.237,0.0,-0.0,30.0
18.3312,2,fwd,-30.0,12.1,5.438,5.169,0.0,0.0,29.0,-100.0,-100.0,0.0,0.0,29.0,-100.0,-100.0,0.0,0.0,29.0,-62.533,-30.0,17.0,9.102,28.0,-90.381,-90.311,0.0,-0.18,28.0,31.22,31.22,0.0,-0.0,29.0,41.031,41.237,0.0,-0.0,30.0
18.3846,2,fwd,-30.0,12.1,5.438,5.169,0.0,0.0,29.0,-100.0,-100.0,0.0,0.0,29.0,-100.0,-100.0,0.0,0.0,29.0,-62.133,-30.0,17.0,8.055,28.0,-90.311,-90.311,0.0,0.687,28.0,31.22,31.22,0.0,-0.0,29.0,41.031,41.237,0.0,-0.0,30.0
18.4382,2,fwd,-30.0,12.1,5.438,5.169,0.0,0.0,29.0,-100.0,-100.0,0.0,0.0,29.0,-100.0,-100.0,0.0,0.0,29.0,-61.733,-30.0,18.0,7.739,28.0,-90.311,-90.311,0.0,0.481,28.0,31.22,31.22,0.0,-0.0,29.0,41.031,41.237,0.0,-0.0,30.0
18.4912,2,fwd,-30.0,12.1,5.438,5.169,0.0,0.0,29.0,-100.0,-100.0,0.0,0.0,29.0,-100.0,-100.0,0.0,0.0,29.0,-61.467,-30.0,18.0,5.886,28.0,-90.311,-90.311,0.0,0.236,28.0,31.22,31.22,0.0,-0.0,29.0,41.031,41.237,0.0,-0.0,30.0
18.5447,2,fwd,-30.0,12.1,5.438,5.169,0.0,0.0,29.0,-100.0,-100.0,0.0,0.0,29.0,-100.0,-100.0,0.0,0.0,29.0,-60.933,-30.0,18.0,7.927,28.0,-90.311,-90.311,0.0,0.116,28.0,31.22,31.22,0.0,-0.0,29.0,41.031,41.237,0.0,-0.0,30.0
18.5981,2,fwd,-30.0,12.1,5.438,5.169,0.0,0.0,29.0,-100.0,-100.0,0.0,0.0,29.0,-100.0,-100.0,0.0,0.0,29.0,-60.533,-30.0,18.0,7.974,28.0,-90.381,-90.311,0.0,-0.73,28.0,31.22,31.22,0.0,-0.0,29.0,41.031,41.237,0.0,-0.0,30.0
18.6512,2,fwd,-30.0,12.1,5.438,5.169,0.0,0.0,29.0,-100.0,-100.0,0.0,0.0,29.0,-100.0,-100.0,0.0,0.0,29.0,-60.133,-30.0,18.0,7.942,28.0,-90.381,-90.311,0.0,-0.358,28.0,31.22,31.22,0.0,-0.0,29.0,41.031,41.237,0.0,-0.0,30.0
18.7043,2,fwd,-30.0,12.1,5.438,5.169,0.0,0.0,29.0,-100.0,-100.0,0.0,0.0,29.0,-100.0,-100.0,0.0,0.0,29.0,-59.6,-30.0,18.0,9.018,28.0,-90.381,-90.311,0.0,-0.175,28.0,31.22,31.22,0.0,-0.0,29.0,41.031,41.237,0.0,-0.0,30.0
18.7576,2,fwd,-30.0,12.1,5.438,5.169,0.0,0.0,29.0,-100.0,-100.0,0.0,0.0,29.0,-100.0,-100.0,0.0,0.0,29.0,-59.2,-30.0,18.0,7.988,28.0,-90.311,-90.311,0.0,0.679,28.0,31.22,31.22,0.0,-0.0,29.0,41.031,41.237,0.0,-0.0,30.0
18.81,2,fwd,-30.0,12.1,5.438,5.169,0.0,0.0,29.0,-100.0,-100.0,0.0,0.0,29.0,-100.0,-100.0,0.0,0.0,29.0,-58.8,-30.0,18.0,7.496,28.0,-90.311,-90.311,0.0,0.333,28.0,31.22,31.22,0.0,-0.0,29.0,41.031,41.237,0.0,-0.0,30.0
18.864,2,fwd,-30.0,12.1,5.438,5.169,0.0,0.0,29.0,-100.0,-100.0,0.0,0.0,29.0,-100.0,-100.0,0.0,0.0,29.0,-58.4,-30.0,18.0,7.717,28.0,-90.311,-90.311,0.0,0.163,28.0,31.22,31.22,0.0,-0.0,29.0,41.031,41.237,0.0,-0.0,30.0
18.9173,2,fwd,-30.0,12.1,5.438,5.169,0.0,0.0,29.0,-100.0,-100.0,0.0,0.0,29.0,-100.0,-100.0,0.0,0.0,29.0,-58.133,-30.0,18.0,6.312,28.0,-90.381,-90.311,0.0,-0.688,28.0,31.22,31.22,0.0,-0.0,29.0,41.031,41.237,0.0,-0.0,30.0
18.9703,2,fwd,-30.0,12.1,5.438,5.169,0.0,0.0,29.0,-100.0,-100.0,0.0,0.0,29.0,-100.0,-100.0,0.0,0.0,29.0,-57.867,-30.0,32.0,7.433,28.0,-90.381,-90.311,0.0,-0.482,28.0,31.22,31.22,0.0,-0.0,29.0,41.031,41.237,0.0,-0.0,30.0
19.0236,2,fwd,-30.0,12.1,5.438,5.169,0.0,0.0,29.0,-100.0,-100.0,0.0,0.0,29.0,-100.0,-100.0,0.0,0.0,29.0,-57.2,-30.0,32.0,8.222,28.0,-90.381,-90.311,0.0,-0.236,28.0,31.22,31.22,0.0,-0.0,29.0,41.031,41.237,0.0,-0.0,30.0
19.0767,2,fwd,-30.0,12.1,5.438,5.169,0.0,0.0,29.0,-100.0,-100.0,0.0,0.0,29.0,-100.0,-100.0,0.0,0.0,29.0,-56.8,-30.0,32.0,7.996,28.0,-90.381,-90.311,0.0,-0.116,28.0,31.22,31.22,0.0,-0.0,29.0,41.031,41.237,0.0,-0.0,30.0
19.13,2,fwd,-30.0,12.1,5.438,5.169,0.0,0.0,29.0,-100.0,-100.0,0.0,0.0,29.0,-100.0,-100.0,0.0,0.0,29.0,-56.267,-30.0,32.0,8.997,28.0,-90.381,-90.311,0.0,-0.057,28.0,31.22,31.22,0.0,-0.0,29.0,41.031,41.237,0.0,-0.0,30.0
19.1831,2,fwd,-30.0,12.1,5.438,5.169,0.0,0.0,29.0,-100.0,-100.0,0.0,0.0,29.0,-100.0,-100.0,0.0,0.0,29.0,-55.867,-30.0,32.0,7.964,28.0,-90.381,-90.311,0.0,-0.028,28.0,31.22,31.22,0.0,-0.0,29.0,41.031,41.237,0.0,-0.0,30.0
19.2362,2,fwd,-30.0,12.1,5.438,5.169,0.0,0.0,29.0,-100.0,-100.0,0.0,0.0,29.0,-100.0,-100.0,0.0,0.0,29.0,-55.6,-30.0,32.0,6.435,28.0,-90.381,-90.311,0.0,-0.014,28.0,31.22,31.22,0.0,-0.0,29.0,41.031,41.237,0.0,-0.0,30.0
19.2894,2,fwd,-30.0,12.1,5.438,5.169,0.0,0.0,29.0,-100.0,-100.0,0.0,0.0,29.0,-100.0,-100.0,0.0,0.0,29.0,-55.067,-30.0,32.0,8.294,28.0,-90.311,-90.311,0.0,0.543,28.0,31.22,31.22,0.0,-0.0,29.0,41.031,41.237,0.0,-0.0,30.0
19.3424,2,fwd,-30.0,12.1,5.438,5.169,0.0,0.0,29.0,-100.0,-100.0,0.0,0.0,29.0,-100.0,-100.0,0.0,0.0,29.0,-54.933,-30.0,32.0,5.123,28.0,-90.311,-90.311,0.0,0.266,28.0,31.22,31.22,0.0,-0.0,29.0,41.031,41.237,0.0,-0.0,30.0
19.3953,2,fwd,-30.0,12.1,5.438,5.169,0.0,0.0,29.0,-100.0,-100.0,0.0,0.0,29.0,-100.0,-100.0,0.0,0.0,29.0,-54.267,-30.0,32.0,9.151,28.0,-90.381,-90.311,0.0,-0.655,28.0,31.22,31.22,0.0,-0.0,29.0,41.031,41.237,0.0,-0.0,30.0
19.4483,2,fwd,-30.0,12.1,5.438,5.169,0.0,0.0,29.0,-100.0,-100.0,0.0,0.0,29.0,-100.0,-100.0,0.0,0.0,29.0,-54.0,-30.0,32.0,7.03,28.0,-90.381,-90.311,0.0,-0.321,28.0,31.22,31.22,0.0,-0.0,29.0,41.031,41.237,0.0,-0.0,30.0
19.5016,2,fwd,-30.0,12.1,5.438,5.169,0.0,0.0,29.0,-100.0,-100.0,0.0,0.0,29.0,-100.0,-100.0,0.0,0.0,29.0,-53.467,-30.0,32.0,8.104,28.0,-90.381,-90.311,0.0,-0.157,28.0,31.22,31.22,0.0,-0.0,29.0,41.031,41.237,0.0,-0.0,30.0
19.555,2,fwd,-30.0,12.1,5.438,5.169,0.0,0.0,29.0,-100.0,-100.0,0.0,0.0,29.0,-100.0,-100.0,0.0,0.0,29.0,-52.933,-30.0,30.0,8.514,38.0,-90.381,-90.311,0.0,-0.11,28.0,31.22,31.22,0.0,-0.0,29.0,41.031,41.237,0.0,-0.0,30.0
19.6085,2,fwd,-30.0,12.1,5.438,5.169,0.0,0.0,29.0,-100.0,-100.0,0.0,0.0,29.0,-100.0,-100.0,0.0,0.0,29.0,-52.667,-30.0,30.0,6.692,38.0,-90.381,-90.311,0.0,-0.054,28.0,31.22,31.22,0.0,-0.0,29.0,41.031,41.237,0.0,-0.0,30.0
19.6616,2,fwd,-30.0,12.1,5.438,5.169,0.0,0.0,29.0,-100.0,-100.0,0.0,0.0,29.0,-100.0,-100.0,0.0,0.0,29.0,-52.267,-30.0,30.0,7.354,38.0,-90.381,-90.311,0.0,-0.026,28.0,31.22,31.22,0.0,-0.0,29.0,41.031,41.237,0.0,-0.0,30.0
19.7147,2,fwd,-30.0,12.1,5.438,5.169,0.0,0.0,29.0,-100.0,-100.0,0.0,0.0,29.0,-100.0,-100.0,0.0,0.0,29.0,-52.0,-30.0,30.0,5.691,38.0,-90.381,-90.311,0.0,-0.013,28.0,31.22,31.22,0.0,-0.0,29.0,41.031,41.237,0.0,-0.0,30.0
19.7677,2,fwd,-30.0,12.1,5.438,5.169,0.0,0.0,29.0,-100.0,-100.0,0.0,0.0,29.0,-100.0,-100.0,0.0,0.0,29.0,-51.467,-30.0,30.0,8.298,38.0,-90.381,-90.311,0.0,-0.006,28.0,31.22,31.22,0.0,-0.0,29.0,41.031,41.237,0.0,-0.0,30.0
19.8208,2,fwd,-30.0,12.1,5.438,5.169,0.0,0.0,29.0,-100.0,-100.0,0.0,0.0,29.0,-100.0,-100.0,0.0,0.0,29.0,-51.2,-30.0,30.0,6.621,38.0,-90.381,-90.311,0.0,-0.003,28.0,31.22,31.22,0.0,-0.0,29.0,41.031,41.237,0.0,-0.0,30.0
19.8739,2,fwd,-30.0,12.1,5.438,5.169,0.0,0.0,29.0,-100.0,-100.0,0.0,0.0,29.0,-100.0,-100.0,0.0,0.0,29.0,-51.067,-30.0,30.0,6.117,38.0,-90.381,-90.311,0.0,-0.002,28.0,31.22,31.22,0.0,-0.0,29.0,41.031,41.237,0.0,-0.0,30.0
19.9273,2,fwd,-30.0,12.1,5.438,5.169,0.0,0.0,29.0,-100.0,-100.0,0.0,0.0,29.0,-100.0,-100.0,0.0,0.0,29.0,-50.267,-30.0,30.0,9.81,38.0,-90.381,-90.311,0.0,-0.001,28.0,31.22,31.22,0.0,-0.0,29.0,41.031,41.237,0.0,-0.0,30.0
19.981,2,fwd,-30.0,12.1,5.438,5.169,0.0,0.0,29.0,-100.0,-100.0,0.0,0.0,29.0,-100.0,-100.0,0.0,0.0,29.0,-49.733,-30.0,30.0,10.238,38.0,-90.381,-90.311,0.0,-0.001,28.0,31.22,31.22,0.0,-0.0,29.0,41.031,41.237,0.0,-0.0,30.0
20.0341,2,fwd,-30.0,12.1,5.438,5.169,0.0,0.0,29.0,-100.0,-100.0,0.0,0.0,29.0,-100.0,-100.0,0.0,0.0,29.0,-49.467,-30.0,30.0,7.461,38.0,-90.381,-90.311,0.0,-0.0,28.0,31.22,31.22,0.0,-0.0,29.0,41.031,41.237,0.0,-0.0,30.0
20.0872,2,fwd,-30.0,12.1,5.438,5.169,0.0,0.0,29.0,-100.0,-100.0,0.0,0.0,29.0,-100.0,-100.0,0.0,0.0,29.0,-49.067,-30.0,30.0,7.25,38.0,-90.381,-90.311,0.0,-0.0,28.0,31.22,31.22,0.0,-0.0,29.0,41.031,41.237,0.0,-0.0,30.0
20.14,2,fwd,-30.0,12.1,5.438,5.169,0.0,0.0,29.0,-100.0,-100.0,0.0,0.0,29.0,-100.0,-100.0,0.0,0.0,29.0,-48.8,-30.0,40.0,6.481,28.0,-90.381,-90.311,0.0,-0.0,28.0,31.22,31.22,0.0,-0.0,29.0,41.031,41.237,0.0,-0.0,30.0
20.1934,2,fwd,-30.0,12.1,5.438,5.169,0.0,0.0,29.0,-100.0,-100.0,0.0,0.0,29.0,-100.0,-100.0,0.0,0.0,29.0,-48.267,-30.0,40.0,8.703,28.0,-90.381,-90.311,0.0,-0.0,28.0,31.22,31.22,0.0,-0.0,29.0,41.031,41.237,0.0,-0.0,30.0
20.2467,2,fwd,-30.0,12.1,5.438,5.169,0.0,0.0,29.0,-100.0,-100.0,0.0,0.0,29.0,-100.0,-100.0,0.0,0.0,29.0,-48.0,-30.0,40.0,6.82,28.0,-90.381,-90.311,0.0,-0.0,28.0,31.22,31.22,0.0,-0.0,29.0,41.031,41.237,0.0,-0.0,30.0
20.2989,2,fwd,-30.0,12.1,5.438,5.169,0.0,0.0,29.0,-100.0,-100.0,0.0,0.0,29.0,-100.0,-100.0,0.0,0.0,29.0,-47.333,-30.0,40.0,9.837,28.0,-90.381,-90.311,0.0,-0.0,28.0,31.22,31.22,0.0,-0.0,29.0,41.031,41.237,0.0,-0.0,30.0
20.3523,2,fwd,-30.0,12.1,5.438,5.169,0.0,0.0,29.0,-100.0,-100.0,0.0,0.0,29.0,-100.0,-100.0,0.0,0.0,29.0,-46.8,-30.0,40.0,9.887,28.0,-90.381,-90.311,0.0,-0.0,28.0,31.22,31.22,0.0,-0.0,29.0,41.031,41.237,0.0,-0.0,30.0
20.4054,2,fwd,-30.0,12.1,5.438,5.169,0.0,0.0,29.0,-100.0,-100.0,0.0,0.0,29.0,-100.0,-100.0,0.0,0.0,29.0,-46.533,-30.0,40.0,6.955,28.0,-90.381,-90.311,0.0,-0.0,28.0,31.22,31.22,0.0,-0.0,29.0,41.031,41.237,0.0,-0.0,30.0
20.4585,2,fwd,-30.0,12.1,5.438,5.169,0.0,0.0,29.0,-100.0,-100.0,0.0,0.0,29.0,-100.0,-100.0,0.0,0.0,29.0,-46.133,-30.0,40.0,7.476,28.0,-90.381,-90.311,0.0,-0.0,28.0,31.22,31.22,0.0,-0.0,29.0,41.031,41.237,0.0,-0.0,30.0
20.5115,2,fwd,-30.0,12.1,5.438,5.169,0.0,0.0,29.0,-100.0,-100.0,0.0,0.0,29.0,-100.0,-100.0,0.0,0.0,29.0,-45.733,-30.0,40.0,7.247,28.0,-90.381,-90.311,0.0,-0.0,28.0,31.22,31.22,0.0,-0.0,29.0,41.031,41.237,0.0,-0.0,30.0
20.5638,2,fwd,-30.0,12.1,5.438,5.169,0.0,0.0,29.0,-100.0,-100.0,0.0,0.0,29.0,-100.0,-100.0,0.0,0.0,29.0,-45.467,-30.0,40.0,6.53,28.0,-90.381,-90.311,0.0,-0.0,28.0,31.22,31.22,0.0,-0.0,29.0,41.031,41.237,0.0,-0.0,30.0
20.6172,2,fwd,-30.0,12.1,5.438,5.169,0.0,0.0,29.0,-100.0,-100.0,0.0,0.0,29.0,-100.0,-100.0,0.0,0.0,29.0,-45.067,-30.0,40.0,6.767,28.0,-90.381,-90.311,0.0,-0.0,28.0,31.22,31.22,0.0,-0.0,29.0,41.031,41.237,0.0,-0.0,30.0
20.6705,2,fwd,-30.0,12.1,5.438,5.169,0.0,0.0,29.0,-100.0,-100.0,0.0,0.0,29.0,-100.0,-100.0,0.0,0.0,29.0,-44.8,-30.0,43.0,7.713,28.0,-90.381,-90.311,0.0,-0.0,28.0,31.22,31.22,0.0,-0.0,29.0,41.031,41.237,0.0,-0.0,30.0
20.7228,2,fwd,-30.0,12.1,5.438,5.169,0.0,0.0,29.0,-100.0,-100.0,0.0,0.0,29.0,-100.0,-100.0,0.0,0.0,29.0,-44.0,-30.0,43.0,8.848,28.0,-90.381,-90.311,0.0,-0.0,28.0,31.22,31.22,0.0,-0.0,29.0,41.031,41.237,0.0,-0.0,30.0
20.7766,2,fwd,-30.0,12.1,5.438,5.169,0.0,0.0,29.0,-100.0,-100.0,0.0,0.0,29.0,-100.0,-100.0,0.0,0.0,29.0,-43.467,-30.0,43.0,9.38,28.0,-90.381,-90.311,0.0,-0.0,28.0,31.22,31.22,0.0,-0.0,29.0,41.031,41.237,0.0,-0.0,30.0
20.8298,2,fwd,-30.0,12.1,5.438,5.169,0.0,0.0,29.0,-100.0,-100.0,0.0,0.0,29.0,-100.0,-100.0,0.0,0.0,29.0,-43.333,-30.0,43.0,6.081,28.0,-90.381,-90.311,0.0,-0.0,28.0,31.22,31.22,0.0,-0.0,29.0,41.031,41.237,0.0,-0.0,30.0
20.884,2,fwd,-30.0,12.1,5.438,5.169,0.0,0.0,29.0,-100.0,-100.0,0.0,0.0,29.0,-100.0,-100.0,0.0,0.0,29.0,-42.8,-30.0,43.0,7.636,28.0,-90.381,-90.311,0.0,-0.0,28.0,31.22,31.22,0.0,-0.0,29.0,41.031,41.237,0.0,-0.0,30.0
20.9372,2,fwd,-30.0,12.1,5.438,5.169,0.0,0.0,29.0,-100.0,-100.0,0.0,0.0,29.0,-100.0,-100.0,0.0,0.0,29.0,-42.667,-30.0,43.0,5.251,28.0,-90.381,-90.311,0.0,-0.0,28.0,31.22,31.22,0.0,-0.0,29.0,41.031,41.237,0.0,-0.0,30.0
20.9904,2,fwd,-30.0,12.1,5.438,5.169,0.0,0.0,29.0,-100.0,-100.0,0.0,0.0,29.0,-100.0,-100.0,0.0,0.0,29.0,-42.0,-30.0,43.0,9.108,28.0,-90.381,-90.311,0.0,-0.0,28.0,31.22,31.22,0.0,-0.0,29.0,41.031,41.237,0.0,-0.0,30.0
21.0438,2,fwd,-30.0,12.1,5.438,5.169,0.0,0.0,29.0,-100.0,-100.0,0.0,0.0,29.0,-100.0,-100.0,0.0,0.0,29.0,-41.867,-30.0,43.0,5.515,28.0,-90.381,-90.311,0.0,-0.0,28.0,31.22,31.22,0.0,-0.0,29.0,41.031,41.237,0.0,-0.0,30.0
21.0971,2,fwd,-30.0,12.1,5.438,5.169,0.0,0.0,29.0,-100.0,-100.0,0.0,0.0,29.0,-100.0,-100.0,0.0,0.0,29.0,-41.2,-30.0,43.0,8.869,28.0,-90.381,-90.311,0.0,-0.0,28.0,31.22,31.22,0.0,-0.0,29.0,41.031,41.237,0.0,-0.0,30.0
21.1492,2,fwd,-30.0,12.1,5.438,5.169,0.0,0.0,29.0,-100.0,-100.0,0.0,0.0,29.0,-100.0,-100.0,0.0,0.0,29.0,-40.667,-30.0,43.0,9.36,28.0,-90.381,-90.311,0.0,-0.0,28.0,31.22,31.22,0.0,-0.0,29.0,41.031,41.237,0.0,-0.0,30.0
21.2024,2,fwd,-30.0,12.1,5.438,5.169,0.0,0.0,29.0,-100.0,-100.0,0.0,0.0,29.0,-100.0,-100.0,0.0,0.0,29.0,-40.4,-30.0,43.0,6.635,28.0,-90.381,-90.311,0.0,-0.0,28.0,31.22,31.22,0.0,-0.0,29.0,41.031,41.237,0.0,-0.0,30.0
21.2567,2,fwd,-30.0,12.1,5.438,5.169,0.0,0.0,29.0,-100.0,-100.0,0.0,0.0,29.0,-100.0,-100.0,0.0,0.0,29.0,-40.4,-30.0,34.0,6.635,29.0,-90.381,-90.311,0.0,-0.0,28.0,31.22,31.22,0.0,-0.0,29.0,41.031,41.237,0.0,-0.0,30.0
21.3097,2,fwd,-30.0,12.1,5.438,5.169,0.0,0.0,29.0,-100.0,-100.0,0.0,0.0,29.0,-100.0,-100.0,0.0,0.0,29.0,-39.733,-30.0,34.0,5.616,29.0,-90.381,-90.311,0.0,-0.0,28.0,31.22,31.22,0.0,-0.0,29.0,41.031,41.237,0.0,-0.0,30.0
21.3632,2,fwd,-30.0,12.1,5.438,5.169,0.0,0.0,29.0,-100.0,-100.0,0.0,0.0,29.0,-100.0,-100.0,0.0,0.0,29.0,-39.467,-30.0,34.0,5.201,29.0,-90.381,-90.311,0.0,-0.0,28.0,31.22,31.22,0.0,-0.0,29.0,41.031,41.237,0.0,-0.0,30.0
21.4166,2,fwd,-30.0,12.1,5.438,5.169,0.0,0.0,29.0,-100.0,-100.0,0.0,0.0,29.0,-100.0,-100.0,0.0,0.0,29.0,-38.933,-30.0,34.0,7.59,29.0,-90.381,-90.311,0.0,-0.0,28.0,31.22,31.22,0.0,-0.0,29.0,41.031,41.237,0.0,-0.0,30.0
21.4697,2,fwd,-30.0,12.1,5.438,5.169,0.0,0.0,29.0,-100.0,-100.0,0.0,0.0,29.0,-100.0,-100.0,0.0,0.0,29.0,-38.8,-30.0,34.0,4.77,29.0,-90.381,-90.311,0.0,-0.0,28.0,31.22,31.22,0.0,-0.0,29.0,41.031,41.237,0.0,-0.0,30.0
21.5227,2,fwd,-30.0,12.1,5.438,5.169,0.0,0.0,29.0,-100.0,-100.0,0.0,0.0,29.0,-100.0,-100.0,0.0,0.0,29.0,-38.0,-30.0,34.0,9.192,29.0,-90.381,-90.311,0.0,-0.0,28.0,31.22,31.22,0.0,-0.0,29.0,41.031,41.237,0.0,-0.0,30.0
21.5757,2,fwd,-30.0,12.1,5.438,5.169,0.0,0.0,29.0,-100.0,-100.0,0.0,0.0,29.0,-100.0,-100.0,0.0,0.0,29.0,-37.467,-30.0,34.0,9.603,29.0,-90.381,-90.311,0.0,-0.0,28.0,31.22,31.22,0.0,-0.0,29.0,41.031,41.237,0.0,-0.0,30.0
21.6286,2,fwd,-30.0,12.1,5.438,5.169,0.0,0.0,29.0,-100.0,-100.0,0.0,0.0,29.0,-100.0,-100.0,0.0,0.0,29.0,-37.067,-30.0,34.0,8.307,29.0,-90.381,-90.311,0.0,-0.0,28.0,31.22,31.22,0.0,-0.0,29.0,41.031,41.237,0.0,-0.0,30.0
21.681,2,fwd,-30.0,12.1,5.438,5.169,0.0,0.0,29.0,-100.0,-100.0,0.0,0.0,29.0,-100.0,-100.0,0.0,0.0,29.0,-36.667,-30.0,34.0,7.62,29.0,-90.381,-90.311,0.0,-0.0,28.0,31.22,31.22,0.0,-0.0,29.0,41.031,41.237,0.0,-0.0,30.0
21.7343,2,fwd,-30.0,12.1,5.438,5.169,0.0,0.0,29.0,-100.0,-100.0,0.0,0.0,29.0,-100.0,-100.0,0.0,0.0,29.0,-36.533,-30.0,34.0,4.782,29.0,-90.381,-90.311,0.0,-0.0,28.0,31.22,31.22,0.0,-0.0,29.0,41.031,41.237,0.0,-0.0,30.0
21.7873,2,fwd,-30.0,12.1,5.438,5.169,0.0,0.0,29.0,-100.0,-100.0,0.0,0.0,29.0,-100.0,-100.0,0.0,0.0,29.0,-36.0,-30.0,34.0,7.73,29.0,-90.381,-90.311,0.0,-0.0,28.0,31.22,31.22,0.0,-0.0,29.0,41.031,41.237,0.0,-0.0,30.0
21.8399,2,fwd,-30.0,12.2,5.438,5.169,0.0,0.0,29.0,-100.0,-100.0,1.0,0.0,29.0,-100.0,-100.0,0.0,0.0,29.0,-35.733,-30.0,36.0,6.799,29.0,-90.381,-90.311,0.0,-0.0,28.0,31.22,31.22,0.0,-0.0,29.0,41.031,41.237,0.0,-0.0,30.0
21.8928,2,fwd,-30.0,12.2,5.438,5.169,0.0,0.0,29.0,-100.0,-100.0,1.0,0.0,29.0,-100.0,-100.0,0.0,0.0,29.0,-34.933,-30.0,36.0,11.413,29.0,-90.381,-90.311,0.0,-0.0,28.0,31.22,31.22,0.0,-0.0,29.0,41.031,41.237,0.0,-0.0,30.0
21.9461,2,fwd,-30.0,12.2,5.438,5.169,0.0,0.0,29.0,-100.0,-100.0,1.0,0.0,29.0,-100.0,-100.0,0.0,0.0,29.0,-34.533,-30.0,36.0,9.561,29.0,-90.381,-90.311,0.0,-0.0,28.0,31.22,31.22,0.0,-0.0,29.0,41.031,41.237,0.0,-0.0,30.0
21.9995,2,fwd,-30.0,12.2,5.438,5.169,0.0,0.0,29.0,-100.0,-100.0,1.0,0.0,29.0,-100.0,-100.0,0.0,0.0,29.0,-34.133,-30.0,36.0,7.815,29.0,-90.381,-90.311,0.0,-0.0,28.0,31.22,31.22,0.0,-0.0,29.0,41.031,41.237,0.0,-0.0,30.0
22.0525,2,fwd,-30.0,12.2,5.438,5.169,0.0,0.0,29.0,-100.0,-100.0,1.0,0.0,29.0,-100.0,-100.0,0.0,0.0,29.0,-33.6,-30.0,36.0,8.946,29.0,-90.381,-90.311,0.0,-0.0,28.0,31.22,31.22,0.0,-0.0,29.0,41.031,41.237,0.0,-0.0,30.0
22.1049,2,fwd,-30.0,12.2,5.438,5.169,0.0,0.0,29.0,-100.0,-100.0,1.0,0.0,29.0,-100.0,-100.0,0.0,0.0,29.0,-33.467,-30.0,36.0,5.89,29.0,-90.381,-90.311,0.0,-0.0,28.0,31.22,31.22,0.0,-0.0,29.0,41.031,41.237,0.0,-0.0,30.0
22.158,2,hold_end,-30.0,12.2,5.438,5.169,0.0,0.0,29.0,-100.0,-100.0,1.0,0.0,29.0,-100.0,-100.0,0.0,0.0,29.0,-33.067,-30.0,36.0,6.932,29.0,-90.381,-90.311,0.0,-0.0,28.0,31.22,31.22,0.0,-0.0,29.0,41.031,41.237,0.0,-0.0,30.0
22.2111,2,hold_end,-30.0,12.2,5.438,5.169,0.0,0.0,29.0,-100.0,-100.0,1.0,0.0,29.0,-100.0,-100.0,0.0,0.0,29.0,-32.667,-30.0,36.0,6.929,29.0,-90.381,-90.311,0.0,-0.0,28.0,31.22,31.22,0.0,-0.0,29.0,41.031,41.237,0.0,-0.0,30.0
22.2645,2,hold_end,-30.0,12.2,5.438,5.169,0.0,0.0,29.0,-100.0,-100.0,1.0,0.0,29.0,-100.0,-100.0,0.0,0.0,29.0,-32.667,-30.0,36.0,3.395,29.0,-90.381,-90.311,0.0,-0.0,28.0,31.22,31.22,0.0,-0.0,29.0,41.031,41.237,0.0,-0.0,30.0
22.3177,2,hold_end,-30.0,12.2,5.438,5.169,0.0,0.0,29.0,-100.0,-100.0,1.0,0.0,29.0,-100.0,-100.0,0.0,0.0,29.0,-32.667,-30.0,36.0,1.664,29.0,-90.381,-90.311,0.0,-0.0,28.0,31.22,31.22,0.0,-0.0,29.0,41.031,41.237,0.0,-0.0,30.0
22.3706,2,hold_end,-30.0,12.1,5.438,5.169,0.0,0.0,29.0,-100.0,-100.0,1.0,0.0,29.0,-100.0,-100.0,0.0,0.0,29.0,-32.667,-30.0,52.0,1.164,29.0,-90.381,-90.311,0.0,-0.0,28.0,31.22,31.22,0.0,-0.0,29.0,41.031,41.237,0.0,-0.0,30.0
22.4229,2,hold_end,-30.0,12.1,5.438,5.169,0.0,0.0,29.0,-100.0,-100.0,1.0,0.0,29.0,-100.0,-100.0,0.0,0.0,29.0,-32.667,-30.0,52.0,0.571,29.0,-90.381,-90.311,0.0,-0.0,28.0,31.22,31.22,0.0,-0.0,29.0,41.031,41.237,0.0,-0.0,30.0
22.4763,2,hold_end,-30.0,12.1,5.438,5.169,0.0,0.0,29.0,-100.0,-100.0,1.0,0.0,29.0,-100.0,-100.0,0.0,0.0,29.0,-32.667,-30.0,52.0,0.28,29.0,-90.381,-90.311,0.0,-0.0,28.0,31.22,31.22,0.0,-0.0,29.0,41.031,41.237,0.0,-0.0,30.0
22.5293,2,hold_end,-30.0,12.1,5.438,5.169,0.0,0.0,29.0,-100.0,-100.0,1.0,0.0,29.0,-100.0,-100.0,0.0,0.0,29.0,-32.667,-30.0,52.0,0.196,29.0,-90.381,-90.311,0.0,-0.0,28.0,31.22,31.22,0.0,-0.0,29.0,41.031,41.237,0.0,-0.0,30.0
22.5825,2,hold_end,-30.0,12.1,5.438,5.169,0.0,0.0,29.0,-100.0,-100.0,1.0,0.0,29.0,-100.0,-100.0,0.0,0.0,29.0,-32.667,-30.0,52.0,0.096,29.0,-90.381,-90.311,0.0,-0.0,28.0,31.22,31.22,0.0,-0.0,29.0,41.031,41.237,0.0,-0.0,30.0
22.635,2,hold_end,-30.0,12.1,5.438,5.169,0.0,0.0,29.0,-100.0,-100.0,1.0,0.0,29.0,-100.0,-100.0,0.0,0.0,29.0,-32.667,-30.0,52.0,0.047,29.0,-90.381,-90.311,0.0,-0.0,28.0,31.22,31.22,0.0,-0.0,29.0,41.031,41.237,0.0,-0.0,30.0
22.6886,2,hold_end,-30.0,12.1,5.438,5.169,0.0,0.0,29.0,-100.0,-100.0,1.0,0.0,29.0,-100.0,-100.0,0.0,0.0,29.0,-32.667,-30.0,52.0,0.023,29.0,-90.381,-90.311,0.0,-0.0,28.0,31.22,31.22,0.0,-0.0,29.0,41.031,41.237,0.0,-0.0,30.0
22.7416,2,hold_end,-30.0,12.1,5.438,5.169,0.0,0.0,29.0,-100.0,-100.0,1.0,0.0,29.0,-100.0,-100.0,0.0,0.0,29.0,-32.667,-30.0,52.0,0.011,29.0,-90.381,-90.311,0.0,-0.0,28.0,31.22,31.22,0.0,-0.0,29.0,41.031,41.237,0.0,-0.0,30.0
22.7944,2,hold_end,-30.0,12.1,5.438,5.169,0.0,0.0,29.0,-100.0,-100.0,1.0,0.0,29.0,-100.0,-100.0,0.0,0.0,29.0,-32.667,-30.0,52.0,0.006,29.0,-90.381,-90.311,0.0,-0.0,28.0,31.22,31.22,0.0,-0.0,29.0,41.031,41.237,0.0,-0.0,30.0
22.8477,2,hold_end,-30.0,12.1,5.438,5.169,0.0,0.0,29.0,-100.0,-100.0,1.0,0.0,29.0,-100.0,-100.0,0.0,0.0,29.0,-32.667,-30.0,52.0,0.003,29.0,-90.381,-90.311,0.0,-0.0,28.0,31.22,31.22,0.0,-0.0,29.0,41.031,41.237,0.0,-0.0,30.0
22.9018,2,hold_end,-30.0,12.1,5.438,5.169,0.0,0.0,29.0,-100.0,-100.0,1.0,0.0,29.0,-100.0,-100.0,0.0,0.0,29.0,-32.667,-30.0,52.0,0.001,29.0,-90.381,-90.311,0.0,-0.0,28.0,31.22,31.22,0.0,-0.0,29.0,41.031,41.237,0.0,-0.0,30.0
22.9539,2,hold_end,-30.0,12.1,5.438,5.169,0.0,0.0,29.0,-100.0,-100.0,0.0,0.0,29.0,-100.0,-100.0,0.0,0.0,29.0,-32.667,-30.0,42.0,0.001,29.0,-90.381,-90.311,0.0,-0.0,28.0,31.22,31.22,0.0,-0.0,29.0,41.031,41.237,0.0,-0.0,30.0
23.0074,2,hold_end,-30.0,12.1,5.438,5.169,0.0,0.0,29.0,-100.0,-100.0,0.0,0.0,29.0,-100.0,-100.0,0.0,0.0,29.0,-32.667,-30.0,42.0,0.0,29.0,-90.381,-90.311,0.0,-0.0,28.0,31.22,31.22,0.0,-0.0,29.0,41.031,41.237,0.0,-0.0,30.0
23.061,2,hold_end,-30.0,12.1,5.438,5.169,0.0,0.0,29.0,-100.0,-100.0,0.0,0.0,29.0,-100.0,-100.0,0.0,0.0,29.0,-32.667,-30.0,42.0,0.0,29.0,-90.381,-90.311,0.0,-0.0,28.0,31.22,31.22,0.0,-0.0,29.0,41.031,41.237,0.0,-0.0,30.0
23.1143,2,hold_end,-30.0,12.1,5.438,5.169,0.0,0.0,29.0,-100.0,-100.0,0.0,0.0,29.0,-100.0,-100.0,0.0,0.0,29.0,-32.667,-30.0,42.0,0.0,29.0,-90.381,-90.311,0.0,-0.0,28.0,31.22,31.22,0.0,-0.0,29.0,41.031,41.237,0.0,-0.0,30.0
23.1675,2,rev,-80.0,12.1,5.438,5.169,0.0,0.0,29.0,-100.0,-100.0,0.0,0.0,29.0,-100.0,-100.0,0.0,0.0,29.0,-32.667,-80.0,42.0,0.0,29.0,-90.381,-90.311,0.0,-0.0,28.0,31.22,31.22,0.0,-0.0,29.0,41.031,41.237,0.0,-0.0,30.0
23.2208,2,rev,-80.0,12.1,5.438,5.169,0.0,0.0,29.0,-100.0,-100.0,0.0,0.0,29.0,-100.0,-100.0,0.0,0.0,29.0,-32.667,-80.0,42.0,0.0,29.0,-90.381,-90.311,0.0,-0.0,28.0,31.22,31.22,0.0,-0.0,29.0,41.031,41.237,0.0,-0.0,30.0
23.2741,2,rev,-80.0,12.1,5.438,5.169,0.0,0.0,29.0,-100.0,-100.0,0.0,0.0,29.0,-100.0,-100.0,0.0,0.0,29.0,-32.667,-80.0,42.0,0.0,29.0,-90.381,-90.311,0.0,-0.0,28.0,31.22,31.22,0.0,-0.0,29.0,41.031,41.237,0.0,-0.0,30.0
23.3278,2,rev,-80.0,12.1,5.438,5.169,0.0,0.0,29.0,-100.0,-100.0,0.0,0.0,29.0,-100.0,-100.0,0.0,0.0,29.0,-32.667,-80.0,42.0,0.0,29.0,-90.381,-90.311,0.0,-0.0,28.0,31.22,31.22,0.0,-0.0,29.0,41.031,41.237,0.0,-0.0,30.0
23.3814,2,rev,-80.0,12.1,5.438,5.169,0.0,0.0,29.0,-100.0,-100.0,0.0,0.0,29.0,-100.0,-100.0,0.0,0.0,29.0,-32.667,-80.0,42.0,0.0,29.0,-90.381,-90.311,0.0,-0.0,28.0,31.22,31.22,0.0,-0.0,29.0,41.031,41.237,0.0,-0.0,30.0
23.4345,2,rev,-80.0,12.1,5.438,5.169,0.0,0.0,29.0,-100.0,-100.0,0.0,0.0,29.0,-100.0,-100.0,0.0,0.0,29.0,-32.933,-80.0,42.0,-2.975,29.0,-90.381,-90.311,0.0,-0.0,28.0,31.22,31.22,0.0,-0.0,29.0,41.031,41.237,0.0,-0.0,30.0
23.4869,2,rev,-80.0,12.1,5.438,5.169,0.0,0.0,29.0,-100.0,-100.0,0.0,0.0,29.0,-100.0,-100.0,0.0,0.0,29.0,-33.2,-80.0,42.0,-3.995,29.0,-90.381,-90.311,0.0,-0.0,28.0,31.22,31.22,0.0,-0.0,29.0,41.031,41.237,0.0,-0.0,30.0
23.5402,2,rev,-80.0,12.2,5.438,5.169,0.0,0.0,29.0,-100.0,-100.0,0.0,0.0,29.0,-100.0,-100.0,0.0,0.0,29.0,-33.467,-80.0,2.0,-4.22,29.0,-90.381,-90.311,0.0,-0.0,28.0,31.22,31.22,0.0,-0.0,29.0,41.031,41.237,0.0,-0.0,30.0
23.5932,2,rev,-80.0,12.2,5.438,5.169,0.0,0.0,29.0,-100.0,-100.0,0.0,0.0,29.0,-100.0,-100.0,0.0,0.0,29.0,-33.867,-80.0,2.0,-5.665,29.0,-90.381,-90.311,0.0,-0.0,28.0,31.22,31.22,0.0,-0.0,29.0,41.031,41.237,0.0,-0.0,30.0
23.6462,2,rev,-80.0,12.2,5.438,5.169,0.0,0.0,29.0,-100.0,-100.0,0.0,0.0,29.0,-100.0,-100.0,0.0,0.0,29.0,-34.267,-80.0,2.0,-6.837,29.0,-90.381,-90.311,0.0,-0.0,28.0,31.22,31.22,0.0,-0.0,29.0,41.031,41.237,0.0,-0.0,30.0
23.6993,2,rev,-80.0,12.2,5.438,5.169,0.0,0.0,29.0,-100.0,-100.0,0.0,0.0,29.0,-100.0,-100.0,0.0,0.0,29.0,-34.533,-80.0,2.0,-7.788,29.0,-90.381,-90.311,0.0,-0.0,28.0,31.22,31.22,0.0,-0.0,29.0,41.031,41.237,0.0,-0.0,30.0
23.7527,2,rev,-80.0,12.2,5.438,5.169,0.0,0.0,29.0,-100.0,-100.0,0.0,0.0,29.0,-100.0,-100.0,0.0,0.0,29.0,-34.8,-80.0,2.0,-6.333,29.0,-90.381,-90.311,0.0,-0.0,28.0,31.22,31.22,0.0,-0.0,29.0,41.031,41.237,0.0,-0.0,30.0
23.806,2,rev,-80.0,12.2,5.438,5.169,0.0,0.0,29.0,-100.0,-100.0,0.0,0.0,29.0,-100.0,-100.0,0.0,0.0,29.0,-35.467,-80.0,2.0,-8.919,29.0,-90.381,-90.311,0.0,-0.0,28.0,31.22,31.22,0.0,-0.0,29.0,41.031,41.237,0.0,-0.0,30.0
23.8601,2,rev,-80.0,12.2,5.438,5.169,0.0,0.0,29.0,-100.0,-100.0,0.0,0.0,29.0,-100.0,-100.0,0.0,0.0,29.0,-35.733,-80.0,2.0,-6.784,29.0,-90.381,-90.311,0.0,-0.0,28.0,31.22,31.22,0.0,-0.0,29.0,41.031,41.237,0.0,-0.0,30.0
23.915,2,rev,-80.0,12.2,5.438,5.169,0.0,0.0,29.0,-100.0,-100.0,0.0,0.0,29.0,-100.0,-100.0,0.0,0.0,29.0,-36.267,-80.0,2.0,-7.814,29.0,-90.381,-90.311,0.0,-0.0,28.0,31.22,31.22,0.0,-0.0,29.0,41.031,41.237,0.0,-0.0,30.0
23.9684,2,rev,-80.0,12.2,5.438,5.169,0.0,0.0,29.0,-100.0,-100.0,0.0,0.0,29.0,-100.0,-100.0,0.0,0.0,29.0,-36.667,-80.0,2.0,-7.192,29.0,-90.381,-90.311,0.0,-0.0,28.0,31.22,31.22,0.0,-0.0,29.0,41.031,41.237,0.0,-0.0,30.0
24.0215,2,rev,-80.0,12.2,5.438,5.169,0.0,0.0,29.0,-100.0,-100.0,0.0,0.0,29.0,-100.0,-100.0,0.0,0.0,29.0,-37.067,-80.0,2.0,-7.109,29.0,-90.381,-90.311,0.0,-0.0,28.0,31.22,31.22,0.0,-0.0,29.0,41.031,41.237,0.0,-0.0,30.0
24.0744,2,rev,-80.0,12.2,5.438,5.169,0.0,0.0,29.0,-100.0,-100.0,0.0,0.0,29.0,-100.0,-100.0,0.0,0.0,29.0,-37.467,-80.0,2.0,-7.09,29.0,-90.381,-90.311,0.0,-0.0,28.0,31.22,31.22,0.0,-0.0,29.0,41.031,41.237,0.0,-0.0,30.0
24.1276,2,rev,-80.0,12.2,5.438,5.169,0.0,0.0,29.0,-100.0,-100.0,0.0,0.0,29.0,-100.0,-100.0,0.0,0.0,29.0,-38.0,-80.0,1.0,-7.77,29.0,-90.381,-90.311,0.0,-0.0,28.0,31.22,31.22,0.0,-0.0,29.0,41.031,41.237,0.0,-0.0,30.0
24.1807,2,rev,-80.0,12.2,5.438,5.169,0.0,0.0,29.0,-100.0,-100.0,0.0,0.0,29.0,-100.0,-100.0,0.0,0.0,29.0,-38.4,-80.0,1.0,-7.884,29.0,-90.381,-90.311,0.0,-0.0,28.0,31.22,31.22,0.0,-0.0,29.0,41.031,41.237,0.0,-0.0,30.0
24.2337,2,rev,-80.0,12.2,5.438,5.169,0.0,0.0,29.0,-100.0,-100.0,0.0,0.0,29.0,-100.0,-100.0,0.0,0.0,29.0,-38.8,-80.0,1.0,-7.933,29.0,-90.381,-90.311,0.0,-0.0,28.0,31.22,31.22,0.0,-0.0,29.0,41.031,41.237,0.0,-0.0,30.0
24.2858,2,rev,-80.0,12.2,5.438,5.169,0.0,0.0,29.0,-100.0,-100.0,0.0,0.0,29.0,-100.0,-100.0,0.0,0.0,29.0,-39.2,-80.0,1.0,-7.896,29.0,-90.381,-90.311,0.0,-0.0,28.0,31.22,31.22,0.0,-0.0,29.0,41.031,41.237,0.0,-0.0,30.0
24.3391,2,rev,-80.0,12.2,5.438,5.169,0.0,0.0,29.0,-100.0,-100.0,0.0,0.0,29.0,-100.0,-100.0,0.0,0.0,29.0,-39.6,-80.0,1.0,-7.414,29.0,-90.381,-90.311,0.0,-0.0,28.0,31.22,31.22,0.0,-0.0,29.0,41.031,41.237,0.0,-0.0,30.0
24.3922,2,rev,-80.0,12.2,5.438,5.169,0.0,0.0,29.0,-100.0,-100.0,0.0,0.0,29.0,-100.0,-100.0,0.0,0.0,29.0,-40.133,-80.0,1.0,-8.694,29.0,-90.381,-90.311,0.0,-0.0,28.0,31.22,31.22,0.0,-0.0,29.0,41.031,41.237,0.0,-0.0,30.0
24.4457,2,rev,-80.0,12.2,5.438,5.169,0.0,0.0,29.0,-100.0,-100.0,0.0,0.0,29.0,-100.0,-100.0,0.0,0.0,29.0,-40.533,-80.0,1.0,-8.286,29.0,-90.381,-90.311,0.0,-0.0,28.0,31.22,31.22,0.0,-0.0,29.0,41.031,41.237,0.0,-0.0,30.0
24.4979,2,rev,-80.0,12.2,5.438,5.169,0.0,0.0,29.0,-100.0,-100.0,0.0,0.0,29.0,-100.0,-100.0,0.0,0.0,29.0,-40.933,-80.0,1.0,-8.031,29.0,-90.381,-90.311,0.0,-0.0,28.0,31.22,31.22,0.0,-0.0,29.0,41.031,41.237,0.0,-0.0,30.0
24.5511,2,rev,-80.0,12.2,5.438,5.169,0.0,0.0,29.0,-100.0,-100.0,0.0,0.0,29.0,-100.0,-100.0,0.0,0.0,29.0,-41.333,-80.0,1.0,-7.935,29.0,-90.381,-90.311,0.0,-0.0,28.0,31.22,31.22,0.0,-0.0,29.0,41.031,41.237,0.0,-0.0,30.0
24.6042,2,rev,-80.0,12.2,5.438,5.169,0.0,0.0,29.0,-100.0,-100.0,0.0,0.0,29.0,-100.0,-100.0,0.0,0.0,29.0,-41.733,-80.0,1.0,-7.493,29.0,-90.381,-90.311,0.0,-0.0,28.0,31.22,31.22,0.0,-0.0,29.0,41.031,41.237,0.0,-0.0,30.0
24.6573,2,rev,-80.0,12.2,5.438,5.169,0.0,0.0,29.0,-100.0,-100.0,0.0,0.0,29.0,-100.0,-100.0,0.0,0.0,29.0,-42.0,-80.0,0.0,-8.247,29.0,-90.381,-90.311,0.0,-0.0,28.0,31.22,31.22,0.0,-0.0,29.0,41.031,41.237,0.0,-0.0,30.0
24.7103,2,rev,-80.0,12.2,5.438,5.169,0.0,0.0,29.0,-100.0,-100.0,0.0,0.0,29.0,-100.0,-100.0,0.0,0.0,29.0,-42.533,-80.0,0.0,-7.1,29.0,-90.381,-90.311,0.0,-0.0,28.0,31.22,31.22,0.0,-0.0,29.0,41.031,41.237,0.0,-0.0,30.0
24.7634,2,rev,-80.0,12.2,5.438,5.169,0.0,0.0,29.0,-100.0,-100.0,0.0,0.0,29.0,-100.0,-100.0,0.0,0.0,29.0,-43.067,-80.0,0.0,-8.563,29.0,-90.381,-90.311,0.0,-0.0,28.0,31.22,31.22,0.0,-0.0,29.0,41.031,41.237,0.0,-0.0,30.0
24.8167,2,rev,-80.0,12.2,5.438,5.169,0.0,0.0,29.0,-100.0,-100.0,0.0,0.0,29.0,-100.0,-100.0,0.0,0.0,29.0,-43.467,-80.0,0.0,-8.2,29.0,-90.381,-90.311,0.0,-0.0,28.0,31.22,31.22,0.0,-0.0,29.0,41.031,41.237,0.0,-0.0,30.0
24.869,2,rev,-80.0,12.2,5.438,5.169,0.0,0.0,29.0,-100.0,-100.0,0.0,0.0,29.0,-100.0,-100.0,0.0,0.0,29.0,-43.867,-80.0,0.0,-7.608,29.0,-90.381,-90.311,0.0,-0.0,28.0,31.22,31.22,0.0,-0.0,29.0,41.031,41.237,0.0,-0.0,30.0
24.9232,2,rev,-80.0,12.2,5.438,5.169,0.0,0.0,29.0,-100.0,-100.0,0.0,0.0,29.0,-100.0,-100.0,0.0,0.0,29.0,-44.267,-80.0,0.0,-7.275,29.0,-90.381,-90.311,0.0,-0.0,28.0,31.22,31.22,0.0,-0.0,29.0,41.031,41.237,0.0,-0.0,30.0
24.9766,2,rev,-80.0,12.2,5.438,5.169,0.0,0.0,29.0,-100.0,-100.0,0.0,0.0,29.0,-100.0,-100.0,0.0,0.0,29.0,-44.8,-80.0,0.0,-8.643,29.0,-90.381,-90.311,0.0,-0.0,28.0,31.22,31.22,0.0,-0.0,29.0,41.031,41.237,0.0,-0.0,30.0
25.0289,2,rev,-80.0,12.2,5.438,5.169,0.0,0.0,29.0,-100.0,-100.0,0.0,0.0,29.0,-100.0,-100.0,0.0,0.0,29.0,-45.2,-80.0,0.0,-8.193,29.0,-90.381,-90.311,0.0,-0.0,28.0,31.22,31.22,0.0,-0.0,29.0,41.031,41.237,0.0,-0.0,30.0
25.0821,2,rev,-80.0,12.2,5.438,5.169,0.0,0.0,29.0,-100.0,-100.0,0.0,0.0,29.0,-100.0,-100.0,0.0,0.0,29.0,-45.6,-80.0,0.0,-7.631,29.0,-90.381,-90.311,0.0,-0.0,28.0,31.22,31.22,0.0,-0.0,29.0,41.031,41.237,0.0,-0.0,30.0
25.1352,2,rev,-80.0,12.2,5.438,5.169,0.0,0.0,29.0,-100.0,-100.0,0.0,0.0,29.0,-100.0,-100.0,0.0,0.0,29.0,-45.867,-80.0,0.0,-8.319,29.0,-90.381,-90.311,0.0,-0.0,28.0,31.22,31.22,0.0,-0.0,29.0,41.031,41.237,0.0,-0.0,30.0
25.1888,2,rev,-80.0,12.2,5.438,5.169,0.0,0.0,29.0,-100.0,-100.0,0.0,0.0,29.0,-100.0,-100.0,0.0,0.0,29.0,-46.267,-80.0,0.0,-8.014,29.0,-90.381,-90.311,0.0,-0.0,28.0,31.22,31.22,0.0,-0.0,29.0,41.031,41.237,0.0,-0.0,30.0
25.2409,2,rev,-80.0,12.2,5.438,5.169,0.0,0.0,29.0,-100.0,-100.0,0.0,0.0,29.0,-100.0,-100.0,0.0,0.0,29.0,-46.533,-80.0,0.0,-8.336,28.0,-90.381,-90.311,0.0,-0.0,28.0,31.22,31.22,0.0,-0.0,29.0,41.031,41.237,0.0,-0.0,30.0
25.2948,2,rev,-80.0,12.2,5.438,5.169,0.0,0.0,29.0,-100.0,-100.0,0.0,0.0,29.0,-100.0,-100.0,0.0,0.0,29.0,-47.067,-80.0,0.0,-7.087,28.0,-90.381,-90.311,0.0,-0.0,28.0,31.22,31.22,0.0,-0.0,29.0,41.031,41.237,0.0,-0.0,30.0
25.3488,2,rev,-80.0,12.2,5.438,5.169,0.0,0.0,29.0,-100.0,-100.0,0.0,0.0,29.0,-100.0,-100.0,0.0,0.0,29.0,-47.6,-80.0,0.0,-8.489,28.0,-90.381,-90.311,0.0,-0.0,28.0,31.22,31.22,0.0,-0.0,29.0,41.031,41.237,0.0,-0.0,30.0
25.4022,2,rev,-80.0,12.2,5.438,5.169,0.0,0.0,29.0,-100.0,-100.0,0.0,0.0,29.0,-100.0,-100.0,0.0,0.0,29.0,-48.0,-80.0,0.0,-8.171,28.0,-90.381,-90.311,0.0,-0.0,28.0,31.22,31.22,0.0,-0.0,29.0,41.031,41.237,0.0,-0.0,30.0
25.4551,2,rev,-80.0,12.2,5.438,5.169,0.0,0.0,29.0,-100.0,-100.0,0.0,0.0,29.0,-100.0,-100.0,0.0,0.0,29.0,-48.4,-80.0,0.0,-8.015,28.0,-90.381,-90.311,0.0,-0.0,28.0,31.22,31.22,0.0,-0.0,29.0,41.031,41.237,0.0,-0.0,30.0
25.5089,2,rev,-80.0,12.2,5.438,5.169,0.0,0.0,29.0,-100.0,-100.0,0.0,0.0,29.0,-100.0,-100.0,0.0,0.0,29.0,-48.8,-80.0,0.0,-7.313,28.0,-90.381,-90.311,0.0,-0.0,28.0,31.22,31.22,0.0,-0.0,29.0,41.031,41.237,0.0,-0.0,30.0
25.5622,2,rev,-80.0,12.2,5.438,5.169,0.0,0.0,29.0,-100.0,-100.0,0.0,0.0,29.0,-100.0,-100.0,0.0,0.0,29.0,-49.333,-80.0,0.0,-8.655,28.0,-90.381,-90.311,0.0,-0.0,28.0,31.22,31.22,0.0,-0.0,29.0,41.031,41.237,0.0,-0.0,30.0
25.6155,2,rev,-80.0,12.2,5.438,5.169,0.0,0.0,29.0,-100.0,-100.0,0.0,0.0,29.0,-100.0,-100.0,0.0,0.0,29.0,-49.733,-80.0,0.0,-8.32,28.0,-90.381,-90.311,0.0,-0.0,28.0,31.22,31.22,0.0,-0.0,29.0,41.031,41.237,0.0,-0.0,30.0
25.6685,2,rev,-80.0,12.2,5.438,5.169,0.0,0.0,29.0,-100.0,-100.0,0.0,0.0,29.0,-100.0,-100.0,0.0,0.0,29.0,-50.133,-80.0,0.0,-8.12,28.0,-90.381,-90.311,0.0,-0.0,28.0,31.22,31.22,0.0,-0.0,29.0,41.031,41.237,0.0,-0.0,30.0
25.7214,2,rev,-80.0,12.2,5.438,5.169,0.0,0.0,29.0,-100.0,-100.0,0.0,0.0,29.0,-100.0,-100.0,0.0,0.0,29.0,-50.533,-80.0,0.0,-8.049,28.0,-90.381,-90.311,0.0,-0.0,28.0,31.22,31.22,0.0,-0.0,29.0,41.031,41.237,0.0,-0.0,30.0
25.7747,2,rev,-80.0,12.2,5.438,5.169,0.0,0.0,29.0,-100.0,-100.0,0.0,0.0,29.0,-100.0,-100.0,0.0,0.0,29.0,-50.933,-80.0,0.0,-7.521,28.0,-90.381,-90.311,0.0,-0.0,28.0,31.22,31.22,0.0,-0.0,29.0,41.031,41.237,0.0,-0.0,30.0
25.8282,2,rev,-80.0,12.2,5.438,5.169,0.0,0.0,29.0,-100.0,-100.0,0.0,0.0,29.0,-100.0,-100.0,0.0,0.0,29.0,-51.333,-80.0,0.0,-7.378,29.0,-90.381,-90.311,0.0,-0.0,28.0,31.22,31.22,0.0,-0.0,29.0,41.031,41.237,0.0,-0.0,30.0
25.8814,2,rev,-80.0,12.2,5.438,5.169,0.0,0.0,29.0,-100.0,-100.0,0.0,0.0,29.0,-100.0,-100.0,0.0,0.0,29.0,-51.733,-80.0,0.0,-7.596,29.0,-90.381,-90.311,0.0,-0.0,28.0,31.22,31.22,0.0,-0.0,29.0,41.031,41.237,0.0,-0.0,30.0
25.9356,2,rev,-80.0,12.2,5.438,5.169,0.0,0.0,29.0,-100.0,-100.0,0.0,0.0,29.0,-100.0,-100.0,0.0,0.0,29.0,-52.267,-80.0,0.0,-8.798,29.0,-90.381,-90.311,0.0,-0.0,28.0,31.22,31.22,0.0,-0.0,29.0,41.031,41.237,0.0,-0.0,30.0
25.9879,2,rev,-80.0,12.2,5.438,5.169,0.0,0.0,29.0,-100.0,-100.0,0.0,0.0,29.0,-100.0,-100.0,0.0,0.0,29.0,-52.667,-80.0,0.0,-8.312,29.0,-90.381,-90.311,0.0,-0.0,28.0,31.22,31.22,0.0,-0.0,29.0,41.031,41.237,0.0,-0.0,30.0
26.0415,2,rev,-80.0,12.2,5.438,5.169,0.0,0.0,29.0,-100.0,-100.0,0.0,0.0,29.0,-100.0,-100.0,0.0,0.0,29.0,-53.067,-80.0,0.0,-7.646,29.0,-90.381,-90.311,0.0,-0.0,28.0,31.22,31.22,0.0,-0.0,29.0,41.031,41.237,0.0,-0.0,30.0
26.0946,2,rev,-80.0,12.2,5.438,5.169,0.0,0.0,29.0,-100.0,-100.0,0.0,0.0,29.0,-100.0,-100.0,0.0,0.0,29.0,-53.467,-80.0,0.0,-7.305,29.0,-90.381,-90.311,0.0,-0.0,28.0,31.22,31.22,0.0,-0.0,29.0,41.031,41.237,0.0,-0.0,30.0
26.1468,2,rev,-80.0,12.2,5.438,5.169,0.0,0.0,29.0,-100.0,-100.0,0.0,0.0,29.0,-100.0,-100.0,0.0,0.0,29.0,-54.0,-80.0,0.0,-8.658,29.0,-90.381,-90.311,0.0,-0.0,28.0,31.22,31.22,0.0,-0.0,29.0,41.031,41.237,0.0,-0.0,30.0
26.2003,2,rev,-80.0,12.2,5.438,5.169,0.0,0.0,29.0,-100.0,-100.0,0.0,0.0,29.0,-100.0,-100.0,0.0,0.0,29.0,-54.4,-80.0,0.0,-8.277,29.0,-90.381,-90.311,0.0,-0.0,28.0,31.22,31.22,0.0,-0.0,29.0,41.031,41.237,0.0,-0.0,30.0
26.2535,2,rev,-80.0,12.2,5.438,5.169,0.0,0.0,29.0,-100.0,-100.0,0.0,0.0,29.0,-100.0,-100.0,0.0,0.0,29.0,-54.8,-80.0,0.0,-8.12,29.0,-90.381,-90.311,0.0,-0.0,28.0,31.22,31.22,0.0,-0.0,29.0,41.031,41.237,0.0,-0.0,30.0
26.306,2,rev,-80.0,12.2,5.438,5.169,0.0,0.0,29.0,-100.0,-100.0,0.0,0.0,29.0,-100.0,-100.0,0.0,0.0,29.0,-55.2,-80.0,0.0,-7.981,29.0,-90.381,-90.311,0.0,-0.0,28.0,31.22,31.22,0.0,-0.0,29.0,41.031,41.237,0.0,-0.0,30.0
26.3598,2,rev,-80.0,12.2,5.438,5.169,0.0,0.0,29.0,-100.0,-100.0,0.0,0.0,29.0,-100.0,-100.0,0.0,0.0,29.0,-55.467,-80.0,0.0,-8.567,29.0,-90.381,-90.311,0.0,-0.0,28.0,31.22,31.22,0.0,-0.0,29.0,41.031,41.237,0.0,-0.0,30.0
26.4131,2,rev,-80.0,12.2,5.438,5.169,0.0,0.0,29.0,-100.0,-100.0,0.0,0.0,29.0,-100.0,-100.0,0.0,0.0,29.0,-56.0,-80.0,0.0,-7.235,29.0,-90.381,-90.311,0.0,-0.0,28.0,31.22,31.22,0.0,-0.0,29.0,41.031,41.237,0.0,-0.0,30.0
26.4667,2,rev,-80.0,12.2,5.438,5.169,0.0,0.0,29.0,-100.0,-100.0,0.0,0.0,29.0,-100.0,-100.0,0.0,0.0,29.0,-56.4,-80.0,0.0,-7.122,29.0,-90.381,-90.311,0.0,-0.0,28.0,31.22,31.22,0.0,-0.0,29.0,41.031,41.237,0.0,-0.0,30.0
26.5201,2,rev,-80.0,12.2,5.438,5.169,0.0,0.0,29.0,-100.0,-100.0,0.0,0.0,29.0,-100.0,-100.0,0.0,0.0,29.0,-56.933,-80.0,0.0,-8.519,29.0,-90.381,-90.311,0.0,-0.0,28.0,31.22,31.22,0.0,-0.0,29.0,41.031,41.237,0.0,-0.0,30.0
26.5732,2,rev,-80.0,12.2,5.438,5.169,0.0,0.0,29.0,-100.0,-100.0,0.0,0.0,29.0,-100.0,-100.0,0.0,0.0,29.0,-57.333,-80.0,0.0,-8.199,29.0,-90.381,-90.311,0.0,-0.0,28.0,31.22,31.22,0.0,-0.0,29.0,41.031,41.237,0.0,-0.0,30.0
26.6266,2,rev,-80.0,12.2,5.438,5.169,0.0,0.0,29.0,-100.0,-100.0,0.0,0.0,29.0,-100.0,-100.0,0.0,0.0,29.0,-57.733,-80.0,0.0,-7.603,29.0,-90.381,-90.311,0.0,-0.0,28.0,31.22,31.22,0.0,-0.0,29.0,41.031,41.237,0.0,-0.0,30.0
26.6796,2,rev,-80.0,12.2,5.438,5.169,0.0,0.0,29.0,-100.0,-100.0,0.0,0.0,29.0,-100.0,-100.0,0.0,0.0,29.0,-58.267,-80.0,0.0,-8.799,29.0,-90.381,-90.311,0.0,-0.0,28.0,31.22,31.22,0.0,-0.0,29.0,41.031,41.237,0.0,-0.0,30.0
26.7328,2,rev,-80.0,12.2,5.438,5.169,0.0,0.0,29.0,-100.0,-100.0,0.0,0.0,29.0,-100.0,-100.0,0.0,0.0,29.0,-58.667,-80.0,0.0,-8.384,29.0,-90.381,-90.311,0.0,-0.0,28.0,31.22,31.22,0.0,-0.0,29.0,41.031,41.237,0.0,-0.0,30.0
26.7856,2,rev,-80.0,12.2,5.438,5.169,0.0,0.0,29.0,-100.0,-100.0,0.0,0.0,29.0,-100.0,-100.0,0.0,0.0,29.0,-59.067,-80.0,0.0,-8.158,29.0,-90.381,-90.311,0.0,-0.0,28.0,31.22,31.22,0.0,-0.0,29.0,41.031,41.237,0.0,-0.0,30.0
26.8385,2,rev,-80.0,12.2,5.438,5.169,0.0,0.0,29.0,-100.0,-100.0,0.0,0.0,29.0,-100.0,-100.0,0.0,0.0,29.0,-59.333,-80.0,0.0,-8.711,29.0,-90.381,-90.311,0.0,-0.0,28.0,31.22,31.22,0.0,-0.0,29.0,41.031,41.237,0.0,-0.0,30.0
26.891,2,rev,-80.0,12.2,5.438,5.169,0.0,0.0,29.0,-100.0,-100.0,0.0,0.0,29.0,-100.0,-100.0,0.0,0.0,29.0,-59.733,-80.0,0.0,-8.159,29.0,-90.381,-90.311,0.0,-0.0,28.0,31.22,31.22,0.0,-0.0,29.0,41.031,41.237,0.0,-0.0,30.0
26.9465,2,rev,-80.0,12.2,5.438,5.169,0.0,0.0,29.0,-100.0,-100.0,0.0,0.0,29.0,-100.0,-100.0,0.0,0.0,29.0,-59.867,-80.0,0.0,-7.053,29.0,-90.311,-90.311,0.0,0.696,28.0,31.22,31.22,0.0,-0.0,29.0,41.031,41.237,0.0,-0.0,30.0
27.0002,2,rev,-80.0,12.2,5.438,5.169,0.0,0.0,29.0,-100.0,-100.0,0.0,0.0,29.0,-100.0,-100.0,0.0,0.0,29.0,-60.533,-80.0,0.0,-7.891,29.0,-90.311,-90.311,0.0,0.341,28.0,31.22,31.22,0.0,-0.0,29.0,41.031,41.237,0.0,-0.0,30.0
27.0534,2,rev,-80.0,12.2,5.438,5.169,0.0,0.0,29.0,-100.0,-100.0,0.0,0.0,29.0,-100.0,-100.0,0.0,0.0,29.0,-60.933,-80.0,0.0,-7.409,29.0,-90.381,-90.311,0.0,-0.61,28.0,31.22,31.22,0.0,-0.0,29.0,41.031,41.237,0.0,-0.0,30.0
27.1067,2,rev,-80.0,12.2,5.438,5.169,0.0,0.0,29.0,-100.0,-100.0,0.0,0.0,29.0,-100.0,-100.0,0.0,0.0,29.0,-61.333,-80.0,0.0,-7.222,29.0,-90.381,-90.311,0.0,-0.299,28.0,31.22,31.22,0.0,-0.0,29.0,41.031,41.237,0.0,-0.0,30.0
27.1601,2,rev,-80.0,12.2,5.438,5.169,0.0,0.0,29.0,-100.0,-100.0,0.0,0.0,29.0,-100.0,-100.0,0.0,0.0,29.0,-61.867,-80.0,0.0,-8.592,29.0,-90.381,-90.311,0.0,-0.146,28.0,31.22,31.22,0.0,-0.0,29.0,41.031,41.237,0.0,-0.0,30.0
27.2134,2,rev,-80.0,12.2,5.438,5.169,0.0,0.0,29.0,-100.0,-100.0,0.0,0.0,29.0,-100.0,-100.0,0.0,0.0,29.0,-62.267,-80.0,0.0,-7.806,29.0,-90.381,-90.311,0.0,-0.072,28.0,31.22,31.22,0.0,-0.0,29.0,41.031,41.237,0.0,-0.0,30.0
27.2664,2,rev,-80.0,12.2,5.438,5.169,0.0,0.0,29.0,-100.0,-100.0,0.0,0.0,29.0,-100.0,-100.0,0.0,0.0,29.0,-62.667,-80.0,0.0,-7.415,29.0,-90.311,-90.311,0.0,0.505,28.0,31.22,31.22,0.0,-0.0,29.0,41.031,41.237,0.0,-0.0,30.0
27.3193,2,rev,-80.0,12.2,5.438,5.169,0.0,0.0,29.0,-100.0,-100.0,0.0,0.0,29.0,-100.0,-100.0,0.0,0.0,29.0,-63.067,-80.0,0.0,-7.231,29.0,-90.311,-90.311,0.0,0.247,28.0,31.22,31.22,0.0,-0.0,29.0,41.031,41.237,0.0,-0.0,30.0
27.3719,2,rev,-80.0,12.2,5.438,5.169,0.0,0.0,29.0,-100.0,-100.0,0.0,0.0,29.0,-100.0,-100.0,0.0,0.0,29.0,-63.6,-80.0,0.0,-8.601,29.0,-90.311,-90.311,0.0,0.121,28.0,31.22,31.22,0.0,-0.0,29.0,41.031,41.237,0.0,-0.0,30.0
27.4253,2,rev,-80.0,12.2,5.438,5.169,0.0,0.0,29.0,-100.0,-100.0,0.0,0.0,29.0,-100.0,-100.0,0.0,0.0,29.0,-63.867,-80.0,0.0,-6.752,29.0,-90.381,-90.311,0.0,-0.712,28.0,31.22,31.22,0.0,-0.0,29.0,41.031,41.237,0.0,-0.0,30.0
27.4778,2,rev,-80.0,12.2,5.438,5.169,0.0,0.0,29.0,-100.0,-100.0,0.0,0.0,29.0,-100.0,-100.0,0.0,0.0,29.0,-64.4,-80.0,0.0,-8.373,29.0,-90.381,-90.311,0.0,-0.349,28.0,31.22,31.22,0.0,-0.0,29.0,41.031,41.237,0.0,-0.0,30.0
27.5311,2,rev,-80.0,12.1,5.438,5.169,0.0,0.0,29.0,-100.0,-100.0,0.0,0.0,29.0,-100.0,-100.0,0.0,0.0,29.0,-64.8,-80.0,0.0,-7.971,29.0,-90.381,-90.311,0.0,-0.244,28.0,31.22,31.22,1.0,-0.0,29.0,41.031,41.237,0.0,-0.0,30.0
27.5846,2,rev,-80.0,12.1,5.438,5.169,0.0,0.0,29.0,-100.0,-100.0,0.0,0.0,29.0,-100.0,-100.0,0.0,0.0,29.0,-65.2,-80.0,0.0,-7.501,29.0,-90.311,-90.311,0.0,0.423,28.0,31.22,31.22,1.0,-0.0,29.0,41.031,41.237,0.0,-0.0,30.0
27.6369,2,rev,-80.0,12.1,5.438,5.169,0.0,0.0,29.0,-100.0,-100.0,0.0,0.0,29.0,-100.0,-100.0,0.0,0.0,29.0,-65.733,-80.0,0.0,-8.674,29.0,-90.311,-90.311,0.0,0.207,28.0,31.22,31.22,1.0,-0.0,29.0,41.031,41.237,0.0,-0.0,30.0
27.69,2,rev,-80.0,12.1,5.438,5.169,0.0,0.0,29.0,-100.0,-100.0,0.0,0.0,29.0,-100.0,-100.0,0.0,0.0,29.0,-66.133,-80.0,0.0,-8.323,29.0,-90.311,-90.311,0.0,0.102,28.0,31.22,31.22,1.0,-0.0,29.0,41.031,41.237,0.0,-0.0,30.0
27.7432,2,rev,-80.0,12.1,5.438,5.169,0.0,0.0,29.0,-100.0,-100.0,0.0,0.0,29.0,-100.0,-100.0,0.0,0.0,29.0,-66.533,-80.0,0.0,-8.114,29.0,-90.311,-90.311,0.0,0.05,28.0,31.22,31.22,1.0,-0.0,29.0,41.031,41.237,0.0,-0.0,30.0
27.796,2,rev,-80.0,12.1,5.438,5.169,0.0,0.0,29.0,-100.0,-100.0,0.0,0.0,29.0,-100.0,-100.0,0.0,0.0,29.0,-66.933,-80.0,0.0,-8.023,29.0,-90.381,-90.311,0.0,-0.519,28.0,31.22,31.22,1.0,-0.0,29.0,41.031,41.237,0.0,-0.0,30.0
27.8479,2,rev,-80.0,12.1,5.438,5.169,0.0,0.0,29.0,-100.0,-100.0,0.0,0.0,29.0,-100.0,-100.0,0.0,0.0,29.0,-67.333,-80.0,0.0,-7.542,29.0,-90.381,-90.311,0.0,-0.255,28.0,31.22,31.22,1.0,-0.0,29.0,41.031,41.237,0.0,-0.0,30.0
27.9008,2,rev,-80.0,12.1,5.438,5.169,0.0,0.0,29.0,-100.0,-100.0,0.0,0.0,29.0,-100.0,-100.0,0.0,0.0,29.0,-67.733,-80.0,0.0,-7.291,29.0,-90.311,-90.311,0.0,0.651,28.0,31.22,31.22,1.0,-0.0,29.0,41.031,41.237,0.0,-0.0,30.0
27.954,2,rev,-80.0,12.1,5.438,5.169,0.0,0.0,29.0,-100.0,-100.0,0.0,0.0,29.0,-100.0,-100.0,0.0,0.0,29.0,-68.267,-80.0,0.0,-8.65,29.0,-90.311,-90.311,0.0,0.319,28.0,31.22,31.22,1.0,-0.0,29.0,41.031,41.237,0.0,-0.0,30.0
28.0074,2,rev,-80.0,12.1,5.438,5.169,0.0,0.0,29.0,-100.0,-100.0,0.0,0.0,29.0,-100.0,-100.0,0.0,0.0,29.0,-68.667,-80.0,0.0,-8.218,29.0,-90.311,-90.311,0.0,0.156,28.0,31.22,31.22,1.0,-0.0,29.0,41.031,41.237,0.0,-0.0,30.0
28.0599,2,rev,-80.0,12.1,5.438,5.169,0.0,0.0,29.0,-100.0,-100.0,0.0,0.0,29.0,-100.0,-100.0,0.0,0.0,29.0,-68.933,-80.0,0.0,-8.701,29.0,-90.311,-90.311,0.0,0.109,28.0,31.22,31.22,0.0,-0.0,29.0,41.031,41.237,0.0,-0.0,30.0
28.113,2,rev,-80.0,12.1,5.438,5.169,0.0,0.0,29.0,-100.0,-100.0,0.0,0.0,29.0,-100.0,-100.0,0.0,0.0,29.0,-69.467,-80.0,0.0,-8.319,29.0,-90.311,-90.311,0.0,0.054,28.0,31.22,31.22,0.0,-0.0,29.0,41.031,41.237,0.0,-0.0,30.0
28.1663,2,rev,-80.0,12.1,5.438,5.169,0.0,0.0,29.0,-100.0,-100.0,0.0,0.0,29.0,-100.0,-100.0,0.0,0.0,29.0,-69.867,-80.0,0.0,-8.135,29.0,-90.311,-90.311,0.0,0.026,28.0,31.22,31.22,0.0,-0.0,29.0,41.031,41.237,0.0,-0.0,30.0
28.2194,2,rev,-80.0,12.1,5.438,5.169,0.0,0.0,29.0,-100.0,-100.0,0.0,0.0,29.0,-100.0,-100.0,0.0,0.0,29.0,-70.4,-80.0,0.0,-9.017,29.0,-90.381,-90.311,0.0,-0.76,28.0,31.22,31.22,0.0,-0.0,29.0,41.031,41.237,0.0,-0.0,30.0
28.272,2,rev,-80.0,12.1,5.438,5.169,0.0,0.0,29.0,-100.0,-100.0,0.0,0.0,29.0,-100.0,-100.0,0.0,0.0,29.0,-70.533,-80.0,0.0,-7.814,29.0,-90.381,-90.311,0.0,-0.532,28.0,31.22,31.22,0.0,-0.0,29.0,41.031,41.237,0.0,-0.0,30.0
28.3258,2,rev,-80.0,12.1,5.438,5.169,0.0,0.0,29.0,-100.0,-100.0,0.0,0.0,29.0,-100.0,-100.0,0.0,0.0,29.0,-71.067,-80.0,0.0,-8.64,29.0,-90.311,-90.311,0.0,0.501,28.0,31.22,31.22,0.0,-0.0,29.0,41.031,41.237,0.0,-0.0,30.0
28.3794,2,rev,-80.0,12.1,5.438,5.169,0.0,0.0,29.0,-100.0,-100.0,0.0,0.0,29.0,-100.0,-100.0,0.0,0.0,29.0,-71.467,-80.0,0.0,-8.21,29.0,-90.311,-90.311,0.0,0.246,28.0,31.22,31.22,0.0,-0.0,29.0,41.031,41.237,0.0,-0.0,30.0
28.4329,2,rev,-80.0,12.1,5.438,5.169,0.0,0.0,29.0,-100.0,-100.0,0.0,0.0,29.0,-100.0,-100.0,0.0,0.0,29.0,-71.867,-80.0,0.0,-8.087,29.0,-90.311,-90.311,0.0,0.12,28.0,31.22,31.22,0.0,-0.0,29.0,41.031,41.237,0.0,-0.0,30.0
28.4865,2,rev,-80.0,12.1,5.438,5.169,0.0,0.0,29.0,-100.0,-100.0,0.0,0.0,29.0,-100.0,-100.0,0.0,0.0,29.0,-72.4,-80.0,0.0,-8.787,29.0,-90.311,-90.311,0.0,0.059,28.0,31.22,31.22,0.0,-0.0,29.0,41.031,41.237,0.0,-0.0,30.0
28.5394,2,rev,-80.0,12.1,5.438,5.169,0.0,0.0,29.0,-100.0,-100.0,0.0,0.0,29.0,-100.0,-100.0,0.0,0.0,29.0,-72.8,-80.0,0.0,-8.272,29.0,-90.311,-90.311,0.0,0.029,28.0,31.22,31.22,0.0,-0.0,29.0,41.031,41.237,0.0,-0.0,30.0
28.5919,2,rev,-80.0,12.1,5.438,5.169,0.0,0.0,29.0,-100.0,-100.0,0.0,0.0,29.0,-100.0,-100.0,0.0,0.0,29.0,-73.2,-80.0,0.0,-8.063,29.0,-90.311,-90.311,0.0,0.014,28.0,31.22,31.22,0.0,-0.0,29.0,41.031,41.237,0.0,-0.0,30.0
28.6453,2,rev,-80.0,12.2,5.438,5.169,0.0,0.0,29.0,-100.0,-100.0,0.0,0.0,29.0,-100.0,-100.0,0.0,0.0,29.0,-73.467,-80.0,0.0,-8.532,29.0,-90.311,-90.311,0.0,0.01,28.0,31.22,31.22,0.0,-0.0,29.0,41.031,41.237,0.0,-0.0,30.0
28.6987,2,rev,-80.0,12.2,5.438,5.169,0.0,0.0,29.0,-100.0,-100.0,0.0,0.0,29.0,-100.0,-100.0,0.0,0.0,29.0,-74.0,-80.0,0.0,-7.24,29.0,-90.311,-90.311,0.0,0.005,28.0,31.22,31.22,0.0,-0.0,29.0,41.031,41.237,0.0,-0.0,30.0
28.7517,2,rev,-80.0,12.2,5.438,5.169,0.0,0.0,29.0,-100.0,-100.0,0.0,0.0,29.0,-100.0,-100.0,0.0,0.0,29.0,-74.4,-80.0,0.0,-7.158,29.0,-90.311,-90.311,0.0,0.002,28.0,31.22,31.22,0.0,-0.0,29.0,41.031,41.237,0.0,-0.0,30.0
28.8048,2,rev,-80.0,12.2,5.438,5.169,0.0,0.0,29.0,-100.0,-100.0,0.0,0.0,29.0,-100.0,-100.0,0.0,0.0,29.0,-74.933,-80.0,0.0,-8.592,29.0,-90.311,-90.311,0.0,0.001,28.0,31.22,31.22,0.0,-0.0,29.0,41.031,41.237,0.0,-0.0,30.0
28.8581,2,rev,-80.0,12.2,5.438,5.169,0.0,0.0,29.0,-100.0,-100.0,0.0,0.0,29.0,-100.0,-100.0,0.0,0.0,29.0,-75.333,-80.0,0.0,-8.235,29.0,-90.311,-90.311,0.0,0.001,28.0,31.22,31.22,0.0,-0.0,29.0,41.031,41.237,0.0,-0.0,30.0
28.9111,2,rev,-80.0,12.2,5.438,5.169,0.0,0.0,29.0,-100.0,-100.0,0.0,0.0,29.0,-100.0,-100.0,0.0,0.0,29.0,-75.733,-80.0,0.0,-8.106,29.0,-90.311,-90.311,0.0,0.0,28.0,31.22,31.22,0.0,-0.0,29.0,41.031,41.237,0.0,-0.0,30.0
28.9651,2,rev,-80.0,12.2,5.438,5.169,0.0,0.0,29.0,-100.0,-100.0,0.0,0.0,29.0,-100.0,-100.0,0.0,0.0,29.0,-76.133,-80.0,0.0,-7.53,29.0,-90.311,-90.311,0.0,0.0,28.0,31.22,31.22,0.0,-0.0,29.0,41.031,41.237,0.0,-0.0,30.0
29.0185,2,rev,-80.0,12.2,5.438,5.169,0.0,0.0,29.0,-100.0,-100.0,0.0,0.0,29.0,-100.0,-100.0,0.0,0.0,29.0,-76.533,-80.0,0.0,-7.275,29.0,-90.381,-90.311,0.0,-0.547,28.0,31.22,31.22,0.0,-0.0,29.0,41.031,41.237,0.0,-0.0,30.0
29.0708,2,rev,-80.0,12.2,5.438,5.169,0.0,0.0,29.0,-100.0,-100.0,0.0,0.0,29.0,-100.0,-100.0,0.0,0.0,29.0,-76.933,-80.0,0.0,-7.157,29.0,-90.311,-90.311,0.0,0.278,28.0,31.22,31.22,0.0,-0.0,29.0,41.031,41.237,0.0,-0.0,30.0
29.1238,2,rev,-80.0,12.2,5.348,5.169,0.0,-0.696,29.0,-100.0,-100.0,0.0,0.0,29.0,-100.0,-100.0,0.0,0.0,29.0,-77.333,-80.0,0.0,-7.468,29.0,-90.311,-90.311,0.0,0.136,28.0,31.22,31.22,0.0,-0.0,29.0,41.031,41.237,0.0,-0.0,30.0
29.1759,2,rev,-80.0,12.2,5.348,5.169,0.0,-0.341,29.0,-100.0,-100.0,0.0,0.0,29.0,-100.0,-100.0,0.0,0.0,29.0,-77.867,-80.0,0.0,-8.746,29.0,-90.311,-90.311,0.0,0.067,28.0,31.22,31.22,0.0,-0.0,29.0,41.031,41.237,0.0,-0.0,30.0
29.2289,2,rev,-80.0,12.1,5.348,5.169,0.0,-0.239,29.0,-100.0,-100.0,0.0,0.0,29.0,-100.0,-100.0,0.0,0.0,29.0,-78.267,-80.0,0.0,-8.248,29.0,-90.311,-90.311,0.0,0.047,28.0,31.22,31.22,0.0,-0.0,29.0,41.031,41.237,0.0,-0.0,30.0
29.2823,2,rev,-80.0,12.1,5.348,5.169,0.0,-0.117,29.0,-100.0,-100.0,0.0,0.0,29.0,-100.0,-100.0,0.0,0.0,29.0,-78.667,-80.0,0.0,-8.006,29.0,-90.311,-90.311,0.0,0.023,28.0,31.22,31.22,0.0,-0.0,29.0,41.031,41.237,0.0,-0.0,30.0
29.3354,2,rev,-80.0,12.1,5.348,5.169,0.0,-0.057,29.0,-100.0,-100.0,0.0,0.0,29.0,-100.0,-100.0,0.0,0.0,29.0,-79.067,-80.0,0.0,-7.434,29.0,-90.311,-90.311,0.0,0.011,28.0,31.22,31.22,0.0,-0.0,29.0,41.031,41.237,0.0,-0.0,30.0
29.3888,2,rev,-80.0,12.1,5.348,5.169,0.0,-0.028,29.0,-100.0,-100.0,0.0,0.0,29.0,-100.0,-100.0,0.0,0.0,29.0,-79.6,-80.0,0.0,-8.724,29.0,-90.311,-90.311,0.0,0.005,28.0,31.22,31.22,0.0,-0.0,29.0,41.031,41.237,0.0,-0.0,30.0
29.4425,2,hold_start,-80.0,12.1,5.348,5.169,0.0,-0.014,29.0,-100.0,-100.0,0.0,0.0,29.0,-100.0,-100.0,0.0,0.0,29.0,-79.867,-80.0,0.0,-6.814,29.0,-90.311,-90.311,0.0,0.003,28.0,31.22,31.22,0.0,-0.0,29.0,41.031,41.237,0.0,-0.0,30.0
29.4949,2,hold_start,-80.0,12.1,5.348,5.169,0.0,-0.007,29.0,-100.0,-100.0,0.0,0.0,29.0,-100.0,-100.0,0.0,0.0,29.0,-80.0,-80.0,0.0,-4.389,29.0,-90.311,-90.311,0.0,0.001,28.0,31.22,31.22,0.0,-0.0,29.0,41.031,41.237,0.0,-0.0,30.0
29.5482,2,hold_start,-80.0,12.1,5.348,5.169,0.0,-0.005,29.0,-100.0,-100.0,0.0,0.0,29.0,-100.0,-100.0,0.0,0.0,29.0,-80.0,-80.0,0.0,-3.072,29.0,-90.311,-90.311,0.0,0.001,28.0,31.22,31.22,0.0,-0.0,29.0,41.031,41.237,0.0,-0.0,30.0
29.6014,2,hold_start,-80.0,12.1,5.348,5.169,0.0,-0.002,29.0,-100.0,-100.0,0.0,0.0,29.0,-100.0,-100.0,0.0,0.0,29.0,-80.0,-80.0,0.0,-1.505,29.0,-90.311,-90.311,0.0,0.0,28.0,31.22,31.22,0.0,-0.0,29.0,41.031,41.237,0.0,-0.0,30.0
29.6539,2,hold_start,-80.0,12.1,5.348,5.169,0.0,-0.001,29.0,-100.0,-100.0,0.0,0.0,29.0,-100.0,-100.0,0.0,0.0,29.0,-80.0,-80.0,0.0,-0.738,29.0,-90.311,-90.311,0.0,0.0,28.0,31.22,31.22,0.0,-0.0,29.0,41.031,41.237,0.0,-0.0,30.0
29.7069,2,hold_start,-80.0,12.1,5.348,5.169,0.0,-0.001,29.0,-100.0,-100.0,0.0,0.0,29.0,-100.0,-100.0,0.0,0.0,29.0,-80.0,-80.0,0.0,-0.361,29.0,-90.311,-90.311,0.0,0.0,28.0,31.22,31.22,0.0,-0.0,29.0,41.031,41.237,0.0,-0.0,30.0
29.759,2,hold_start,-80.0,12.1,5.348,5.169,0.0,-0.0,29.0,-100.0,-100.0,0.0,0.0,29.0,-100.0,-100.0,0.0,0.0,29.0,-80.0,-80.0,0.0,-0.177,29.0,-90.311,-90.311,0.0,0.0,28.0,31.22,31.22,0.0,-0.0,29.0,41.031,41.237,0.0,-0.0,30.0
29.812,2,hold_start,-80.0,12.2,5.258,5.169,0.0,-0.482,29.0,-100.0,-100.0,0.0,0.0,29.0,-100.0,-100.0,0.0,0.0,29.0,-80.0,-80.0,0.0,-0.124,29.0,-90.311,-90.311,0.0,0.0,28.0,31.22,31.22,0.0,-0.0,29.0,41.031,41.237,0.0,-0.0,30.0
29.8638,2,hold_start,-80.0,12.2,5.258,5.169,0.0,-0.236,29.0,-100.0,-100.0,0.0,0.0,29.0,-100.0,-100.0,0.0,0.0,29.0,-80.0,-80.0,0.0,-0.061,29.0,-90.311,-90.311,0.0,0.0,28.0,31.22,31.22,0.0,-0.0,29.0,41.031,41.237,0.0,-0.0,30.0
29.9168,2,hold_start,-80.0,12.2,5.258,5.169,0.0,-0.116,29.0,-100.0,-100.0,0.0,0.0,29.0,-100.0,-100.0,0.0,0.0,29.0,-80.0,-80.0,0.0,-0.03,29.0,-90.311,-90.311,0.0,0.0,28.0,31.22,31.22,0.0,-0.0,29.0,41.031,41.237,0.0,-0.0,30.0
29.9708,2,hold_start,-80.0,12.2,5.258,5.169,0.0,-0.057,29.0,-100.0,-100.0,0.0,0.0,29.0,-100.0,-100.0,0.0,0.0,29.0,-80.0,-80.0,0.0,-0.015,29.0,-90.311,-90.311,0.0,0.0,28.0,31.22,31.22,0.0,-0.0,29.0,41.031,41.237,0.0,-0.0,30.0
30.0238,2,hold_start,-80.0,12.2,5.258,5.169,0.0,-0.028,29.0,-100.0,-100.0,0.0,0.0,29.0,-100.0,-100.0,0.0,0.0,29.0,-80.0,-80.0,0.0,-0.007,29.0,-90.311,-90.311,0.0,0.0,28.0,31.22,31.22,0.0,-0.0,29.0,41.031,41.237,0.0,-0.0,30.0
30.0767,2,hold_start,-80.0,12.2,5.258,5.169,0.0,-0.014,29.0,-100.0,-100.0,0.0,0.0,29.0,-100.0,-100.0,0.0,0.0,29.0,-80.0,-80.0,0.0,-0.004,29.0,-90.311,-90.311,0.0,0.0,28.0,31.22,31.22,0.0,-0.0,29.0,41.031,41.237,0.0,-0.0,30.0
30.1298,2,hold_start,-80.0,12.2,5.258,5.169,0.0,-0.007,29.0,-100.0,-100.0,0.0,0.0,29.0,-100.0,-100.0,0.0,0.0,29.0,-80.0,-80.0,0.0,-0.002,29.0,-90.311,-90.311,0.0,0.0,28.0,31.22,31.22,0.0,-0.0,29.0,41.031,41.237,0.0,-0.0,30.0
30.1818,2,hold_start,-80.0,12.2,5.258,5.169,0.0,-0.003,29.0,-100.0,-100.0,0.0,0.0,29.0,-100.0,-100.0,0.0,0.0,29.0,-80.0,-80.0,0.0,-0.001,29.0,-90.311,-90.311,0.0,0.0,28.0,31.22,31.22,0.0,-0.0,29.0,41.031,41.237,0.0,-0.0,30.0
30.2352,2,hold_start,-80.0,12.2,5.258,5.169,0.0,-0.002,29.0,-100.0,-100.0,0.0,0.0,29.0,-100.0,-100.0,0.0,0.0,29.0,-80.0,-80.0,0.0,-0.0,29.0,-90.311,-90.311,0.0,0.0,28.0,31.22,31.22,0.0,-0.0,29.0,41.031,41.237,0.0,-0.0,30.0
30.2886,2,hold_start,-80.0,12.2,5.258,5.169,0.0,-0.001,29.0,-100.0,-100.0,0.0,0.0,29.0,-100.0,-100.0,0.0,0.0,29.0,-80.0,-80.0,0.0,-0.0,29.0,-90.311,-90.311,0.0,0.0,28.0,31.22,31.22,0.0,-0.0,29.0,41.031,41.237,0.0,-0.0,30.0
30.3409,2,hold_start,-80.0,12.2,5.258,5.169,0.0,-0.001,29.0,-100.0,-100.0,0.0,0.0,29.0,-100.0,-100.0,0.0,0.0,29.0,-80.0,-80.0,0.0,-0.0,29.0,-90.311,-90.311,0.0,0.0,28.0,31.22,31.22,0.0,-0.0,29.0,41.031,41.237,0.0,-0.0,30.0
30.3929,2,hold_start,-80.0,12.2,5.258,5.169,0.0,-0.0,29.0,-100.0,-100.0,0.0,0.0,29.0,-100.0,-100.0,0.0,0.0,29.0,-80.0,-80.0,0.0,-0.0,29.0,-90.311,-90.311,0.0,0.0,28.0,31.22,31.22,0.0,-0.0,29.0,41.031,41.237,0.0,-0.0,30.0
30.4457,3,fwd,-30.0,12.2,5.258,5.169,0.0,-0.0,29.0,-100.0,-100.0,0.0,0.0,29.0,-100.0,-100.0,0.0,0.0,29.0,-80.0,-30.0,0.0,-0.0,29.0,-90.311,-90.311,0.0,0.0,28.0,31.22,31.22,0.0,-0.0,29.0,41.031,41.237,0.0,-0.0,30.0
30.499,3,fwd,-30.0,12.2,5.258,5.169,0.0,-0.0,29.0,-100.0,-100.0,0.0,0.0,29.0,-100.0,-100.0,0.0,0.0,29.0,-80.0,-30.0,0.0,-0.0,29.0,-90.311,-90.311,0.0,0.0,28.0,31.22,31.22,0.0,-0.0,29.0,41.031,41.237,0.0,-0.0,30.0
30.5509,3,fwd,-30.0,12.2,5.258,5.169,0.0,-0.0,29.0,-100.0,-100.0,0.0,0.0,29.0,-100.0,-100.0,0.0,0.0,29.0,-79.6,-30.0,0.0,4.492,29.0,-90.311,-90.311,0.0,0.0,28.0,31.22,31.22,0.0,-0.0,29.0,41.031,41.237,0.0,-0.0,30.0
30.6037,3,fwd,-30.0,12.2,5.258,5.169,0.0,-0.0,29.0,-100.0,-100.0,0.0,0.0,29.0,-100.0,-100.0,0.0,0.0,29.0,-79.333,-30.0,0.0,4.755,29.0,-90.311,-90.311,0.0,0.0,28.0,31.22,31.22,0.0,-0.0,29.0,41.031,41.237,0.0,-0.0,30.0
30.6567,3,fwd,-30.0,12.2,5.258,5.169,0.0,-0.0,29.0,-100.0,-100.0,0.0,0.0,29.0,-100.0,-100.0,0.0,0.0,29.0,-78.933,-30.0,0.0,6.408,29.0,-90.311,-90.311,0.0,0.0,28.0,31.22,31.22,0.0,-0.0,29.0,41.031,41.237,0.0,-0.0,30.0
30.7096,3,fwd,-30.0,12.2,5.258,5.169,0.0,-0.0,29.0,-100.0,-100.0,0.0,0.0,29.0,-100.0,-100.0,0.0,0.0,29.0,-78.667,-30.0,0.0,5.685,29.0,-90.311,-90.311,0.0,0.0,28.0,31.22,31.22,0.0,-0.0,29.0,41.031,41.237,0.0,-0.0,30.0
30.7625,3,fwd,-30.0,12.2,5.258,5.169,0.0,-0.0,29.0,-100.0,-100.0,0.0,0.0,29.0,-100.0,-100.0,0.0,0.0,29.0,-78.267,-30.0,0.0,6.862,29.0,-90.311,-90.311,0.0,0.0,28.0,31.22,31.22,0.0,-0.0,29.0,41.031,41.237,0.0,-0.0,30.0
30.8156,3,fwd,-30.0,12.2,5.258,5.169,0.0,-0.0,29.0,-100.0,-100.0,0.0,0.0,29.0,-100.0,-100.0,0.0,0.0,29.0,-78.0,-30.0,0.0,5.909,29.0,-90.311,-90.311,0.0,0.0,28.0,31.22,31.22,0.0,-0.0,29.0,41.031,41.237,0.0,-0.0,30.0
30.8685,3,fwd,-30.0,12.2,5.258,5.169,0.0,-0.0,29.0,-100.0,-100.0,0.0,0.0,29.0,-100.0,-100.0,0.0,0.0,29.0,-77.6,-30.0,0.0,6.963,29.0,-90.311,-90.311,0.0,0.0,28.0,31.22,31.22,0.0,-0.0,29.0,41.031,41.237,0.0,-0.0,30.0
30.9216,3,fwd,-30.0,12.2,5.258,5.169,0.0,-0.0,29.0,-100.0,-100.0,0.0,0.0,29.0,-100.0,-100.0,0.0,0.0,29.0,-77.333,-30.0,3.0,6.272,29.0,-90.311,-90.311,0.0,0.0,28.0,31.22,31.22,0.0,-0.0,29.0,41.031,41.237,0.0,-0.0,30.0
30.9754,3,fwd,-30.0,12.2,5.258,5.169,0.0,-0.0,29.0,-100.0,-100.0,0.0,0.0,29.0,-100.0,-100.0,0.0,0.0,29.0,-77.067,-30.0,3.0,5.62,29.0,-90.311,-90.311,0.0,0.0,28.0,31.22,31.22,0.0,-0.0,29.0,41.031,41.237,0.0,-0.0,30.0
31.0282,3,fwd,-30.0,12.2,5.258,5.169,0.0,-0.0,29.0,-100.0,-100.0,0.0,0.0,29.0,-100.0,-100.0,0.0,0.0,29.0,-76.8,-30.0,3.0,6.904,29.0,-90.311,-90.311,0.0,0.0,28.0,31.22,31.22,0.0,-0.0,29.0,41.031,41.237,0.0,-0.0,30.0
31.0815,3,fwd,-30.0,12.2,5.258,5.169,0.0,-0.0,29.0,-100.0,-100.0,0.0,0.0,29.0,-100.0,-100.0,0.0,0.0,29.0,-76.533,-30.0,3.0,5.842,29.0,-90.311,-90.311,0.0,0.0,28.0,31.22,31.22,0.0,-0.0,29.0,41.031,41.237,0.0,-0.0,30.0
31.1347,3,fwd,-30.0,12.2,5.258,5.169,0.0,-0.0,29.0,-100.0,-100.0,0.0,0.0,29.0,-100.0,-100.0,0.0,0.0,29.0,-76.133,-30.0,3.0,6.836,29.0,-90.311,-90.311,0.0,0.0,28.0,31.22,31.22,0.0,-0.0,29.0,41.031,41.237,0.0,-0.0,30.0
31.1881,3,fwd,-30.0,12.2,5.258,5.169,0.0,-0.0,29.0,-100.0,-100.0,0.0,0.0,29.0,-100.0,-100.0,0.0,0.0,29.0,-75.733,-30.0,3.0,7.343,29.0,-90.311,-90.311,0.0,0.0,28.0,31.22,31.22,0.0,-0.0,29.0,41.031,41.237,0.0,-0.0,30.0
31.2414,3,fwd,-30.0,12.2,5.258,5.169,0.0,-0.0,29.0,-100.0,-100.0,0.0,0.0,29.0,-100.0,-100.0,0.0,0.0,29.0,-75.333,-30.0,3.0,7.54,29.0,-90.311,-90.311,0.0,0.0,28.0,31.22,31.22,0.0,-0.0,29.0,41.031,41.237,0.0,-0.0,30.0
31.2948,3,fwd,-30.0,12.2,5.258,5.169,0.0,-0.0,29.0,-100.0,-100.0,0.0,0.0,29.0,-100.0,-100.0,0.0,0.0,29.0,-74.933,-30.0,3.0,7.281,29.0,-90.311,-90.311,0.0,0.0,28.0,31.22,31.22,0.0,-0.0,29.0,41.031,41.237,0.0,-0.0,30.0
31.3476,3,fwd,-30.0,12.2,5.258,5.169,0.0,-0.0,29.0,-100.0,-100.0,0.0,0.0,29.0,-100.0,-100.0,0.0,0.0,29.0,-74.533,-30.0,3.0,7.174,29.0,-90.311,-90.311,0.0,0.0,28.0,31.22,31.22,0.0,-0.0,29.0,41.031,41.237,0.0,-0.0,30.0
31.4006,3,fwd,-30.0,12.2,5.258,5.169,0.0,-0.0,29.0,-100.0,-100.0,0.0,0.0,29.0,-100.0,-100.0,0.0,0.0,29.0,-74.133,-30.0,3.0,7.135,29.0,-90.311,-90.311,0.0,0.0,28.0,31.22,31.22,0.0,-0.0,29.0,41.031,41.237,0.0,-0.0,30.0
31.4537,3,fwd,-30.0,12.2,5.348,5.169,0.0,0.701,29.0,-100.0,-100.0,0.0,0.0,29.0,-100.0,-100.0,0.0,0.0,29.0,-73.6,-30.0,3.0,8.6,29.0,-90.311,-90.311,0.0,0.0,28.0,31.22,31.22,0.0,-0.0,29.0,41.031,41.237,0.0,-0.0,30.0
31.5067,3,fwd,-30.0,12.1,5.348,5.169,0.0,0.491,29.0,-100.0,-100.0,0.0,0.0,29.0,-100.0,-100.0,0.0,0.0,29.0,-73.333,-30.0,13.0,7.45,29.0,-90.311,-90.311,0.0,0.0,28.0,31.22,31.22,0.0,-0.0,29.0,41.031,41.237,0.0,-0.0,30.0
31.5598,3,fwd,-30.0,12.1,5.348,5.169,0.0,0.24,29.0,-100.0,-100.0,0.0,0.0,29.0,-100.0,-100.0,0.0,0.0,29.0,-72.933,-30.0,13.0,7.221,29.0,-90.311,-90.311,0.0,0.0,28.0,31.22,31.22,0.0,-0.0,29.0,41.031,41.237,0.0,-0.0,30.0
31.6127,3,fwd,-30.0,12.1,5.438,5.169,0.0,1.123,29.0,-100.0,-100.0,0.0,0.0,29.0,-100.0,-100.0,0.0,0.0,29.0,-72.4,-30.0,13.0,8.616,29.0,-90.311,-90.311,0.0,0.0,28.0,31.22,31.22,0.0,-0.0,29.0,41.031,41.237,0.0,-0.0,30.0
31.6656,3,fwd,-30.0,12.1,5.438,5.169,0.0,0.55,29.0,-100.0,-100.0,0.0,0.0,29.0,-100.0,-100.0,0.0,0.0,29.0,-72.0,-30.0,13.0,8.261,29.0,-90.311,-90.311,0.0,0.0,28.0,31.22,31.22,0.0,-0.0,29.0,41.031,41.237,0.0,-0.0,30.0
31.7184,3,fwd,-30.0,12.1,5.438,5.169,0.0,0.27,29.0,-100.0,-100.0,0.0,0.0,29.0,-100.0,-100.0,0.0,0.0,29.0,-71.6,-30.0,13.0,8.087,29.0,-90.311,-90.311,0.0,0.0,28.0,31.22,31.22,0.0,-0.0,29.0,41.031,41.237,0.0,-0.0,30.0
31.7715,3,fwd,-30.0,12.1,5.438,5.169,0.0,0.132,29.0,-100.0,-100.0,0.0,0.0,29.0,-100.0,-100.0,0.0,0.0,29.0,-71.2,-30.0,13.0,7.568,29.0,-90.311,-90.311,0.0,0.0,28.0,31.22,31.22,0.0,-0.0,29.0,41.031,41.237,0.0,-0.0,30.0
31.8245,3,fwd,-30.0,12.1,5.438,5.169,0.0,0.065,29.0,-100.0,-100.0,0.0,0.0,29.0,-100.0,-100.0,0.0,0.0,29.0,-70.8,-30.0,13.0,7.763,29.0,-90.311,-90.311,0.0,0.0,28.0,31.22,31.22,0.0,-0.0,29.0,41.031,41.237,0.0,-0.0,30.0
31.8774,3,fwd,-30.0,12.1,5.438,5.169,0.0,0.032,29.0,-100.0,-100.0,0.0,0.0,29.0,-100.0,-100.0,0.0,0.0,29.0,-70.4,-30.0,13.0,7.413,29.0,-90.311,-90.311,0.0,0.0,28.0,31.22,31.22,0.0,-0.0,29.0,41.031,41.237,0.0,-0.0,30.0
31.9305,3,fwd,-30.0,12.1,5.438,5.169,0.0,0.016,29.0,-100.0,-100.0,0.0,0.0,29.0,-100.0,-100.0,0.0,0.0,29.0,-70.0,-30.0,13.0,7.705,29.0,-90.311,-90.311,0.0,0.0,28.0,31.22,31.22,0.0,-0.0,29.0,41.031,41.237,0.0,-0.0,30.0
31.9844,3,fwd,-30.0,12.1,5.438,5.169,0.0,0.008,29.0,-100.0,-100.0,0.0,0.0,29.0,-100.0,-100.0,0.0,0.0,29.0,-69.6,-30.0,13.0,7.367,29.0,-90.311,-90.311,0.0,0.0,28.0,31.22,31.22,0.0,-0.0,29.0,41.031,41.237,0.0,-0.0,30.0
32.0372,3,fwd,-30.0,12.1,5.438,5.169,0.0,0.005,29.0,-100.0,-100.0,0.0,0.0,29.0,-100.0,-100.0,0.0,0.0,29.0,-69.333,-30.0,21.0,8.159,29.0,-90.311,-90.311,0.0,0.0,28.0,31.22,31.22,0.0,-0.0,29.0,41.031,41.237,0.0,-0.0,30.0
32.0902,3,fwd,-30.0,12.1,5.438,5.169,0.0,0.003,29.0,-100.0,-100.0,0.0,0.0,29.0,-100.0,-100.0,0.0,0.0,29.0,-68.667,-30.0,21.0,7.612,29.0,-90.311,-90.311,0.0,0.0,28.0,31.22,31.22,0.0,-0.0,29.0,41.031,41.237,0.0,-0.0,30.0
32.1432,3,fwd,-30.0,12.1,5.438,5.169,0.0,0.001,29.0,-100.0,-100.0,0.0,0.0,29.0,-100.0,-100.0,0.0,0.0,29.0,-68.267,-30.0,21.0,7.795,29.0,-90.311,-90.311,0.0,0.0,28.0,31.22,31.22,0.0,-0.0,29.0,41.031,41.237,0.0,-0.0,30.0
32.1961,3,fwd,-30.0,12.1,5.438,5.169,0.0,0.001,29.0,-100.0,-100.0,0.0,0.0,29.0,-100.0,-100.0,0.0,0.0,29.0,-68.0,-30.0,21.0,6.369,29.0,-90.311,-90.311,0.0,0.0,28.0,31.22,31.22,0.0,-0.0,29.0,41.031,41.237,0.0,-0.0,30.0
32.249,3,fwd,-30.0,12.1,5.438,5.169,0.0,0.0,29.0,-100.0,-100.0,0.0,0.0,29.0,-100.0,-100.0,0.0,0.0,29.0,-67.6,-30.0,21.0,6.748,29.0,-90.381,-90.311,0.0,-0.548,28.0,31.22,31.22,0.0,-0.0,29.0,41.031,41.237,0.0,-0.0,30.0
32.302,3,fwd,-30.0,12.1,5.438,5.169,0.0,0.0,29.0,-100.0,-100.0,0.0,0.0,29.0,-100.0,-100.0,0.0,0.0,29.0,-67.2,-30.0,21.0,6.916,29.0,-90.381,-90.311,0.0,-0.269,28.0,31.22,31.22,0.0,-0.0,29.0,41.031,41.237,0.0,-0.0,30.0
32.355,3,fwd,-30.0,12.1,5.438,5.169,0.0,0.0,29.0,-100.0,-100.0,0.0,0.0,29.0,-100.0,-100.0,0.0,0.0,29.0,-66.8,-30.0,21.0,6.959,29.0,-90.311,-90.311,0.0,0.404,28.0,31.22,31.22,0.0,-0.0,29.0,41.031,41.237,0.0,-0.0,30.0
32.4083,3,fwd,-30.0,12.1,5.438,5.169,0.0,0.0,29.0,-100.0,-100.0,0.0,0.0,29.0,-100.0,-100.0,0.0,0.0,29.0,-66.267,-30.0,21.0,8.553,29.0,-90.311,-90.311,0.0,0.198,28.0,31.22,31.22,0.0,-0.0,29.0,41.031,41.237,0.0,-0.0,30.0
32.4616,3,fwd,-30.0,12.1,5.438,5.169,0.0,0.0,29.0,-100.0,-100.0,0.0,0.0,29.0,-100.0,-100.0,0.0,0.0,29.0,-65.733,-30.0,21.0,9.314,29.0,-90.311,-90.311,0.0,0.097,28.0,31.22,31.22,0.0,-0.0,29.0,41.031,41.237,0.0,-0.0,30.0
32.5147,3,fwd,-30.0,12.1,5.438,5.169,0.0,0.0,29.0,-100.0,-100.0,0.0,0.0,29.0,-100.0,-100.0,0.0,0.0,29.0,-65.333,-30.0,21.0,8.629,29.0,-90.311,-90.311,0.0,0.048,28.0,31.22,31.22,0.0,-0.0,29.0,41.031,41.237,0.0,-0.0,30.0
32.5678,3,fwd,-30.0,12.1,5.438,5.169,0.0,0.0,29.0,-100.0,-100.0,0.0,0.0,29.0,-100.0,-100.0,0.0,0.0,29.0,-65.067,-30.0,21.0,6.779,29.0,-90.311,-90.311,0.0,0.023,28.0,31.22,31.22,0.0,-0.0,29.0,41.031,41.237,0.0,-0.0,30.0
32.621,3,fwd,-30.0,12.1,5.438,5.169,0.0,0.0,29.0,-100.0,-100.0,0.0,0.0,29.0,-100.0,-100.0,0.0,0.0,29.0,-64.667,-30.0,13.0,6.848,28.0,-90.381,-90.311,0.0,-0.347,28.0,31.22,31.22,0.0,-0.0,29.0,41.031,41.237,0.0,-0.0,30.0
32.674,3,fwd,-30.0,12.1,5.438,5.169,0.0,0.0,29.0,-100.0,-100.0,0.0,0.0,29.0,-100.0,-100.0,0.0,0.0,29.0,-64.4,-30.0,13.0,5.882,28.0,-90.381,-90.311,0.0,-0.17,28.0,31.22,31.22,0.0,-0.0,29.0,41.031,41.237,0.0,-0.0,30.0
32.7259,3,fwd,-30.0,12.1,5.438,5.169,0.0,0.0,29.0,-100.0,-100.0,0.0,0.0,29.0,-100.0,-100.0,0.0,0.0,29.0,-64.0,-30.0,13.0,6.458,28.0,-90.381,-90.311,0.0,-0.083,28.0,31.22,31.22,0.0,-0.0,29.0,41.031,41.237,0.0,-0.0,30.0
32.7787,3,fwd,-30.0,12.1,5.438,5.169,0.0,0.0,29.0,-100.0,-100.0,0.0,0.0,29.0,-100.0,-100.0,0.0,0.0,29.0,-63.467,-30.0,13.0,8.258,28.0,-90.311,-90.311,0.0,0.497,28.0,31.22,31.22,0.0,-0.0,29.0,41.031,41.237,0.0,-0.0,30.0
32.8323,3,fwd,-30.0,12.1,5.438,5.169,0.0,0.0,29.0,-100.0,-100.0,0.0,0.0,29.0,-100.0,-100.0,0.0,0.0,29.0,-62.933,-30.0,13.0,9.155,28.0,-90.311,-90.311,0.0,0.244,28.0,31.22,31.22,0.0,-0.0,29.0,41.031,41.237,0.0,-0.0,30.0
32.8857,3,fwd,-30.0,12.1,5.438,5.169,0.0,0.0,29.0,-100.0,-100.0,0.0,0.0,29.0,-100.0,-100.0,0.0,0.0,29.0,-62.4,-30.0,13.0,9.608,28.0,-90.311,-90.311,0.0,0.119,28.0,31.22,31.22,0.0,-0.0,29.0,41.031,41.237,0.0,-0.0,30.0
32.9385,3,fwd,-30.0,12.1,5.438,5.169,0.0,0.0,29.0,-100.0,-100.0,0.0,0.0,29.0,-100.0,-100.0,0.0,0.0,29.0,-62.0,-30.0,13.0,8.769,28.0,-90.381,-90.311,0.0,-0.722,28.0,31.22,31.22,0.0,-0.0,29.0,41.031,41.237,0.0,-0.0,30.0
32.9923,3,fwd,-30.0,12.1,5.438,5.169,0.0,0.0,29.0,-100.0,-100.0,0.0,0.0,29.0,-100.0,-100.0,0.0,0.0,29.0,-61.6,-30.0,13.0,8.368,28.0,-90.381,-90.311,0.0,-0.354,28.0,31.22,31.22,0.0,-0.0,29.0,41.031,41.237,0.0,-0.0,30.0
33.0451,3,fwd,-30.0,12.1,5.438,5.169,0.0,0.0,29.0,-100.0,-100.0,0.0,0.0,29.0,-100.0,-100.0,0.0,0.0,29.0,-61.333,-30.0,13.0,6.643,28.0,-90.381,-90.311,0.0,-0.173,28.0,31.22,31.22,0.0,-0.0,29.0,41.031,41.237,0.0,-0.0,30.0
33.0981,3,fwd,-30.0,12.1,5.438,5.169,0.0,0.0,29.0,-100.0,-100.0,0.0,0.0,29.0,-100.0,-100.0,0.0,0.0,29.0,-60.933,-30.0,13.0,6.839,28.0,-90.311,-90.311,0.0,0.682,28.0,31.22,31.22,0.0,-0.0,29.0,41.031,41.237,0.0,-0.0,30.0
33.1509,3,fwd,-30.0,12.1,5.438,5.169,0.0,0.0,29.0,-100.0,-100.0,0.0,0.0,29.0,-100.0,-100.0,0.0,0.0,29.0,-60.667,-30.0,13.0,7.808,28.0,-90.311,-90.311,0.0,0.478,28.0,31.22,31.22,0.0,-0.0,29.0,41.031,41.237,0.0,-0.0,30.0
33.2042,3,fwd,-30.0,12.1,5.438,5.169,0.0,0.0,29.0,-100.0,-100.0,1.0,0.0,29.0,-100.0,-100.0,0.0,0.0,29.0,-60.267,-30.0,27.0,7.555,29.0,-90.311,-90.311,0.0,0.334,28.0,31.22,31.22,0.0,-0.0,29.0,41.031,41.237,0.0,-0.0,30.0
33.2573,3,fwd,-30.0,12.1,5.438,5.169,0.0,0.0,29.0,-100.0,-100.0,1.0,0.0,29.0,-100.0,-100.0,0.0,0.0,29.0,-59.733,-30.0,27.0,8.602,29.0,-90.311,-90.311,0.0,0.164,28.0,31.22,31.22,0.0,-0.0,29.0,41.031,41.237,0.0,-0.0,30.0
33.3109,3,fwd,-30.0,12.1,5.438,5.169,0.0,0.0,29.0,-100.0,-100.0,1.0,0.0,29.0,-100.0,-100.0,0.0,0.0,29.0,-59.333,-30.0,27.0,8.17,29.0,-90.381,-90.311,0.0,-0.406,28.0,31.22,31.22,0.0,-0.0,29.0,41.031,41.237,0.0,-0.0,30.0
33.3629,3,fwd,-30.0,12.1,5.438,5.169,0.0,0.0,29.0,-100.0,-100.0,1.0,0.0,29.0,-100.0,-100.0,0.0,0.0,29.0,-58.933,-30.0,27.0,7.611,29.0,-90.381,-90.311,0.0,-0.199,28.0,31.22,31.22,0.0,-0.0,29.0,41.031,41.237,0.0,-0.0,30.0
33.4148,3,fwd,-30.0,12.1,5.438,5.169,0.0,0.0,29.0,-100.0,-100.0,1.0,0.0,29.0,-100.0,-100.0,0.0,0.0,29.0,-58.533,-30.0,27.0,7.807,29.0,-90.381,-90.311,0.0,-0.098,28.0,31.22,31.22,0.0,-0.0,29.0,41.031,41.237,0.0,-0.0,30.0
33.4677,3,fwd,-30.0,12.1,5.438,5.169,0.0,0.0,29.0,-100.0,-100.0,1.0,0.0,29.0,-100.0,-100.0,0.0,0.0,29.0,-58.133,-30.0,27.0,7.869,29.0,-90.381,-90.311,0.0,-0.048,28.0,31.22,31.22,0.0,-0.0,29.0,41.031,41.237,0.0,-0.0,30.0
33.5207,3,fwd,-30.0,12.1,5.438,5.169,0.0,0.0,29.0,-100.0,-100.0,1.0,0.0,29.0,-100.0,-100.0,0.0,0.0,29.0,-57.733,-30.0,27.0,7.915,29.0,-90.311,-90.311,0.0,0.756,28.0,31.22,31.22,0.0,-0.0,29.0,41.031,41.237,0.0,-0.0,30.0
33.5736,3,fwd,-30.0,12.1,5.438,5.169,0.0,0.0,29.0,-100.0,-100.0,1.0,0.0,29.0,-100.0,-100.0,0.0,0.0,29.0,-57.333,-30.0,27.0,7.476,29.0,-90.311,-90.311,0.0,0.371,28.0,31.22,31.22,0.0,-0.0,29.0,41.031,41.237,0.0,-0.0,30.0
33.6265,3,fwd,-30.0,12.1,5.438,5.169,0.0,0.0,29.0,-100.0,-100.0,1.0,0.0,29.0,-100.0,-100.0,0.0,0.0,29.0,-56.8,-30.0,27.0,8.762,29.0,-90.311,-90.311,0.0,0.182,28.0,31.22,31.22,0.0,-0.0,29.0,41.031,41.237,0.0,-0.0,30.0
33.6789,3,fwd,-30.0,12.1,5.438,5.169,0.0,0.0,29.0,-100.0,-100.0,1.0,0.0,29.0,-100.0,-100.0,0.0,0.0,29.0,-56.4,-30.0,27.0,7.887,29.0,-90.381,-90.311,0.0,-0.68,28.0,31.22,31.22,0.0,-0.0,29.0,41.031,41.237,0.0,-0.0,30.0
33.7309,3,fwd,-30.0,12.1,5.438,5.169,0.0,0.0,29.0,-100.0,-100.0,0.0,0.0,29.0,-100.0,-100.0,0.0,0.0,29.0,-56.133,-30.0,17.0,8.465,29.0,-90.381,-90.311,0.0,-0.476,28.0,31.22,31.22,0.0,-0.0,29.0,41.031,41.237,0.0,-0.0,30.0
33.7843,3,fwd,-30.0,12.1,5.438,5.169,0.0,0.0,29.0,-100.0,-100.0,0.0,0.0,29.0,-100.0,-100.0,0.0,0.0,29.0,-55.733,-30.0,17.0,5.701,29.0,-90.381,-90.311,0.0,-0.233,28.0,31.22,31.22,0.0,-0.0,29.0,41.031,41.237,0.0,-0.0,30.0
33.8375,3,fwd,-30.0,12.1,5.438,5.169,0.0,0.0,29.0,-100.0,-100.0,0.0,0.0,29.0,-100.0,-100.0,0.0,0.0,29.0,-55.2,-30.0,17.0,8.263,29.0,-90.381,-90.311,0.0,-0.114,28.0,31.22,31.22,0.0,-0.0,29.0,41.031,41.237,0.0,-0.0,30.0
33.8899,3,fwd,-30.0,12.1,5.438,5.169,0.0,0.0,29.0,-100.0,-100.0,0.0,0.0,29.0,-100.0,-100.0,0.0,0.0,29.0,-54.933,-30.0,17.0,6.617,29.0,-90.381,-90.311,0.0,-0.056,28.0,31.22,31.22,0.0,-0.0,29.0,41.031,41.237,0.0,-0.0,30.0
33.9429,3,fwd,-30.0,12.1,5.438,5.169,0.0,0.0,29.0,-100.0,-100.0,0.0,0.0,29.0,-100.0,-100.0,0.0,0.0,29.0,-54.4,-30.0,17.0,8.377,29.0,-90.381,-90.311,0.0,-0.027,28.0,31.22,31.22,0.0,-0.0,29.0,41.031,41.237,0.0,-0.0,30.0
33.9958,3,fwd,-30.0,12.1,5.438,5.169,0.0,0.0,29.0,-100.0,-100.0,0.0,0.0,29.0,-100.0,-100.0,0.0,0.0,29.0,-54.133,-30.0,17.0,6.625,29.0,-90.381,-90.311,0.0,-0.013,28.0,31.22,31.22,0.0,-0.0,29.0,41.031,41.237,0.0,-0.0,30.0
34.0479,3,fwd,-30.0,12.1,5.438,5.169,0.0,0.0,29.0,-100.0,-100.0,0.0,0.0,29.0,-100.0,-100.0,0.0,0.0,29.0,-53.467,-30.0,17.0,9.325,29.0,-90.381,-90.311,0.0,-0.007,28.0,31.22,31.22,0.0,-0.0,29.0,41.031,41.237,0.0,-0.0,30.0
34.1015,3,fwd,-30.0,12.1,5.438,5.169,0.0,0.0,29.0,-100.0,-100.0,0.0,0.0,29.0,-100.0,-100.0,0.0,0.0,29.0,-53.067,-30.0,17.0,8.603,29.0,-90.381,-90.311,0.0,-0.003,28.0,31.22,31.22,0.0,-0.0,29.0,41.031,41.237,0.0,-0.0,30.0
34.1546,3,fwd,-30.0,12.1,5.438,5.169,0.0,0.0,29.0,-100.0,-100.0,0.0,0.0,29.0,-100.0,-100.0,0.0,0.0,29.0,-52.667,-30.0,17.0,7.827,29.0,-90.381,-90.311,0.0,-0.002,28.0,31.22,31.22,0.0,-0.0,29.0,41.031,41.237,0.0,-0.0,30.0
34.2077,3,fwd,-30.0,12.1,5.438,5.169,0.0,0.0,29.0,-100.0,-100.0,0.0,0.0,29.0,-100.0,-100.0,0.0,0.0,29.0,-52.267,-30.0,17.0,7.89,29.0,-90.381,-90.311,0.0,-0.001,28.0,31.22,31.22,0.0,-0.0,29.0,41.031,41.237,0.0,-0.0,30.0
34.2608,3,fwd,-30.0,12.1,5.438,5.169,0.0,0.0,29.0,-100.0,-100.0,0.0,0.0,29.0,-100.0,-100.0,0.0,0.0,29.0,-52.0,-30.0,17.0,6.391,29.0,-90.381,-90.311,0.0,-0.0,28.0,31.22,31.22,0.0,-0.0,29.0,41.031,41.237,0.0,-0.0,30.0
34.3141,3,fwd,-30.0,12.1,5.438,5.169,0.0,0.0,29.0,-100.0,-100.0,0.0,0.0,29.0,-100.0,-100.0,0.0,0.0,29.0,-51.6,-30.0,35.0,6.584,29.0,-90.381,-90.311,0.0,-0.0,28.0,31.22,31.22,0.0,-0.0,29.0,41.031,41.237,0.0,-0.0,30.0
34.3675,3,fwd,-30.0,12.1,5.438,5.169,0.0,0.0,29.0,-100.0,-100.0,0.0,0.0,29.0,-100.0,-100.0,0.0,0.0,29.0,-51.2,-30.0,35.0,6.822,29.0,-90.381,-90.311,0.0,-0.0,28.0,31.22,31.22,0.0,-0.0,29.0,41.031,41.237,0.0,-0.0,30.0
34.4199,3,fwd,-30.0,12.1,5.438,5.169,0.0,0.0,29.0,-100.0,-100.0,0.0,0.0,29.0,-100.0,-100.0,0.0,0.0,29.0,-51.067,-30.0,35.0,6.249,29.0,-90.381,-90.311,0.0,-0.0,28.0,31.22,31.22,0.0,-0.0,29.0,41.031,41.237,0.0,-0.0,30.0
34.4734,3,fwd,-30.0,12.1,5.438,5.169,0.0,0.0,29.0,-100.0,-100.0,0.0,0.0,29.0,-100.0,-100.0,0.0,0.0,29.0,-50.4,-30.0,35.0,9.403,29.0,-90.381,-90.311,0.0,-0.0,28.0,31.22,31.22,0.0,-0.0,29.0,41.031,41.237,0.0,-0.0,30.0
34.526,3,fwd,-30.0,12.1,5.438,5.169,0.0,0.0,29.0,-100.0,-100.0,0.0,0.0,29.0,-100.0,-100.0,0.0,0.0,29.0,-49.867,-30.0,35.0,10.044,29.0,-90.381,-90.311,0.0,-0.0,28.0,31.22,31.22,0.0,-0.0,29.0,41.031,41.237,0.0,-0.0,30.0
34.5796,3,fwd,-30.0,12.1,5.438,5.169,0.0,0.0,29.0,-100.0,-100.0,0.0,0.0,29.0,-100.0,-100.0,0.0,0.0,29.0,-49.6,-30.0,35.0,6.871,29.0,-90.381,-90.311,0.0,-0.0,28.0,31.22,31.22,0.0,-0.0,29.0,41.031,41.237,0.0,-0.0,30.0
34.6327,3,fwd,-30.0,12.1,5.438,5.169,0.0,0.0,29.0,-100.0,-100.0,0.0,0.0,29.0,-100.0,-100.0,0.0,0.0,29.0,-49.067,-30.0,35.0,8.456,29.0,-90.381,-90.311,0.0,-0.0,28.0,31.22,31.22,0.0,-0.0,29.0,41.031,41.237,0.0,-0.0,30.0
34.6848,3,fwd,-30.0,12.1,5.438,5.169,0.0,0.0,29.0,-100.0,-100.0,0.0,0.0,29.0,-100.0,-100.0,0.0,0.0,29.0,-48.8,-30.0,35.0,6.697,29.0,-90.381,-90.311,0.0,-0.0,28.0,31.22,31.22,0.0,-0.0,29.0,41.031,41.237,0.0,-0.0,30.0
34.7378,3,fwd,-30.0,12.1,5.438,5.169,0.0,0.0,29.0,-100.0,-100.0,0.0,0.0,29.0,-100.0,-100.0,0.0,0.0,29.0,-48.267,-30.0,35.0,8.809,29.0,-90.381,-90.311,0.0,-0.0,28.0,31.22,31.22,0.0,-0.0,29.0,41.031,41.237,0.0,-0.0,30.0
34.7898,3,fwd,-30.0,12.1,5.438,5.169,0.0,0.0,29.0,-100.0,-100.0,0.0,0.0,29.0,-100.0,-100.0,0.0,0.0,29.0,-48.0,-30.0,35.0,6.877,29.0,-90.381,-90.311,0.0,-0.0,28.0,31.22,31.22,0.0,-0.0,29.0,41.031,41.237,0.0,-0.0,30.0
34.8419,3,fwd,-30.0,12.1,5.438,5.169,0.0,0.0,29.0,-100.0,-100.0,0.0,0.0,29.0,-100.0,-100.0,0.0,0.0,29.0,-47.467,-30.0,35.0,8.882,29.0,-90.381,-90.311,0.0,-0.0,28.0,31.22,31.22,0.0,-0.0,29.0,41.031,41.237,0.0,-0.0,30.0
34.8953,3,fwd,-30.0,12.1,5.438,5.169,0.0,0.0,29.0,-100.0,-100.0,0.0,0.0,29.0,-100.0,-100.0,0.0,0.0,29.0,-46.933,-30.0,33.0,9.025,29.0,-90.381,-90.311,0.0,-0.0,28.0,31.22,31.22,0.0,-0.0,29.0,41.031,41.237,0.0,-0.0,30.0
34.9485,3,fwd,-30.0,12.1,5.438,5.169,0.0,0.0,29.0,-100.0,-100.0,0.0,0.0,29.0,-100.0,-100.0,0.0,0.0,29.0,-46.533,-30.0,33.0,8.029,29.0,-90.381,-90.311,0.0,-0.0,28.0,31.22,31.22,0.0,-0.0,29.0,41.031,41.237,0.0,-0.0,30.0
35.0024,3,fwd,-30.0,12.1,5.438,5.169,0.0,0.0,29.0,-100.0,-100.0,0.0,0.0,29.0,-100.0,-100.0,0.0,0.0,29.0,-46.133,-30.0,33.0,8.015,29.0,-90.381,-90.311,0.0,-0.0,28.0,31.22,31.22,0.0,-0.0,29.0,41.031,41.237,0.0,-0.0,30.0
35.0555,3,fwd,-30.0,12.1,5.438,5.169,0.0,0.0,29.0,-100.0,-100.0,0.0,0.0,29.0,-100.0,-100.0,0.0,0.0,29.0,-45.867,-30.0,33.0,6.04,29.0,-90.381,-90.311,0.0,-0.0,28.0,31.22,31.22,0.0,-0.0,29.0,41.031,41.237,0.0,-0.0,30.0
35.1087,3,fwd,-30.0,12.1,5.438,5.169,0.0,0.0,29.0,-100.0,-100.0,0.0,0.0,29.0,-100.0,-100.0,0.0,0.0,29.0,-45.467,-30.0,33.0,6.914,29.0,-90.381,-90.311,0.0,-0.0,28.0,31.22,31.22,0.0,-0.0,29.0,41.031,41.237,0.0,-0.0,30.0
35.162,3,fwd,-30.0,12.1,5.438,5.169,0.0,0.0,29.0,-100.0,-100.0,0.0,0.0,29.0,-100.0,-100.0,0.0,0.0,29.0,-45.067,-30.0,33.0,6.991,29.0,-90.381,-90.311,0.0,-0.0,28.0,31.22,31.22,0.0,-0.0,29.0,41.031,41.237,0.0,-0.0,30.0
35.2151,3,fwd,-30.0,12.1,5.438,5.169,0.0,0.0,29.0,-100.0,-100.0,0.0,0.0,29.0,-100.0,-100.0,0.0,0.0,29.0,-44.667,-30.0,33.0,7.459,29.0,-90.381,-90.311,0.0,-0.0,28.0,31.22,31.22,0.0,-0.0,29.0,41.031,41.237,0.0,-0.0,30.0
35.2684,3,fwd,-30.0,12.1,5.438,5.169,0.0,0.0,29.0,-100.0,-100.0,0.0,0.0,29.0,-100.0,-100.0,0.0,0.0,29.0,-44.133,-30.0,33.0,8.325,29.0,-90.381,-90.311,0.0,-0.0,28.0,31.22,31.22,0.0,-0.0,29.0,41.031,41.237,0.0,-0.0,30.0
35.3215,3,fwd,-30.0,12.1,5.438,5.169,0.0,0.0,29.0,-100.0,-100.0,0.0,0.0,29.0,-100.0,-100.0,0.0,0.0,29.0,-43.467,-30.0,33.0,10.17,29.0,-90.381,-90.311,0.0,-0.0,28.0,31.22,31.22,0.0,-0.0,29.0,41.031,41.237,0.0,-0.0,30.0
35.374,3,fwd,-30.0,12.1,5.438,5.169,0.0,0.0,29.0,-100.0,-100.0,0.0,0.0,29.0,-100.0,-100.0,0.0,0.0,29.0,-43.333,-30.0,33.0,6.456,29.0,-90.381,-90.311,0.0,-0.0,28.0,31.22,31.22,0.0,-0.0,29.0,41.031,41.237,0.0,-0.0,30.0
35.4273,3,fwd,-30.0,12.3,5.438,5.169,0.0,0.0,29.0,-100.0,-100.0,0.0,0.0,29.0,-100.0,-100.0,0.0,0.0,29.0,-42.933,-30.0,30.0,8.947,29.0,-90.381,-90.311,0.0,-0.0,28.0,31.22,31.22,0.0,-0.0,29.0,41.031,41.237,0.0,-0.0,30.0
35.4806,3,fwd,-30.0,12.3,5.438,5.169,0.0,0.0,29.0,-100.0,-100.0,0.0,0.0,29.0,-100.0,-100.0,0.0,0.0,29.0,-42.667,-30.0,30.0,6.387,29.0,-90.381,-90.311,0.0,-0.0,28.0,31.22,31.22,0.0,-0.0,29.0,41.031,41.237,0.0,-0.0,30.0
35.5329,3,fwd,-30.0,12.3,5.438,5.169,0.0,0.0,29.0,-100.0,-100.0,0.0,0.0,29.0,-100.0,-100.0,0.0,0.0,29.0,-42.267,-30.0,30.0,7.54,29.0,-90.381,-90.311,0.0,-0.0,28.0,31.22,31.22,0.0,-0.0,29.0,41.031,41.237,0.0,-0.0,30.0
35.5862,3,fwd,-30.0,12.3,5.438,5.169,0.0,0.0,29.0,-100.0,-100.0,0.0,0.0,29.0,-100.0,-100.0,0.0,0.0,29.0,-41.867,-30.0,30.0,6.74,29.0,-90.381,-90.311,0.0,-0.0,28.0,31.22,31.22,0.0,-0.0,29.0,41.031,41.237,0.0,-0.0,30.0
35.6395,3,fwd,-30.0,12.3,5.438,5.169,0.0,0.0,29.0,-100.0,-100.0,0.0,0.0,29.0,-100.0,-100.0,0.0,0.0,29.0,-41.733,-30.0,30.0,6.208,29.0,-90.381,-90.311,0.0,-0.0,28.0,31.22,31.22,0.0,-0.0,29.0,41.031,41.237,0.0,-0.0,30.0
35.692,3,fwd,-30.0,12.3,5.438,5.169,0.0,0.0,29.0,-100.0,-100.0,0.0,0.0,29.0,-100.0,-100.0,0.0,0.0,29.0,-40.933,-30.0,30.0,9.747,29.0,-90.381,-90.311,0.0,-0.0,28.0,31.22,31.22,0.0,-0.0,29.0,41.031,41.237,0.0,-0.0,30.0
35.7451,3,fwd,-30.0,12.3,5.438,5.169,0.0,0.0,29.0,-100.0,-100.0,0.0,0.0,29.0,-100.0,-100.0,0.0,0.0,29.0,-40.4,-30.0,30.0,9.771,29.0,-90.381,-90.311,0.0,-0.0,28.0,31.22,31.22,0.0,-0.0,29.0,41.031,41.237,0.0,-0.0,30.0
35.7985,3,fwd,-30.0,12.3,5.438,5.169,0.0,0.0,29.0,-100.0,-100.0,0.0,0.0,29.0,-100.0,-100.0,0.0,0.0,29.0,-40.133,-30.0,30.0,7.777,29.0,-90.381,-90.311,0.0,-0.0,28.0,31.22,31.22,0.0,-0.0,29.0,41.031,41.237,0.0,-0.0,30.0
35.8512,3,fwd,-30.0,12.3,5.438,5.169,0.0,0.0,29.0,-100.0,-100.0,0.0,0.0,29.0,-100.0,-100.0,0.0,0.0,29.0,-39.733,-30.0,30.0,6.652,29.0,-90.381,-90.311,0.0,-0.0,28.0,31.22,31.22,0.0,-0.0,29.0,41.031,41.237,0.0,-0.0,30.0
35.9046,3,fwd,-30.0,12.3,5.438,5.169,0.0,0.0,29.0,-100.0,-100.0,0.0,0.0,29.0,-100.0,-100.0,0.0,0.0,29.0,-39.6,-30.0,30.0,4.287,29.0,-90.381,-90.311,0.0,-0.0,28.0,31.22,31.22,0.0,-0.0,29.0,41.031,41.237,0.0,-0.0,30.0
35.957,3,fwd,-30.0,12.3,5.438,5.169,0.0,0.0,29.0,-100.0,-100.0,0.0,0.0,29.0,-100.0,-100.0,0.0,0.0,29.0,-38.933,-30.0,30.0,8.667,29.0,-90.381,-90.311,0.0,-0.0,28.0,31.22,31.22,0.0,-0.0,29.0,41.031,41.237,0.0,-0.0,30.0
36.0111,3,fwd,-30.0,12.2,5.438,5.169,0.0,0.0,29.0,-100.0,-100.0,0.0,0.0,29.0,-100.0,-100.0,0.0,0.0,29.0,-38.8,-30.0,59.0,7.548,34.0,-90.381,-90.311,0.0,-0.0,28.0,31.22,31.22,0.0,-0.0,29.0,41.031,41.237,0.0,-0.0,30.0
36.0641,3,fwd,-30.0,12.2,5.438,5.169,0.0,0.0,29.0,-100.0,-100.0,0.0,0.0,29.0,-100.0,-100.0,0.0,0.0,29.0,-38.0,-30.0,59.0,10.748,34.0,-90.381,-90.311,0.0,-0.0,28.0,31.22,31.22,0.0,-0.0,29.0,41.031,41.237,0.0,-0.0,30.0
36.117,3,fwd,-30.0,12.2,5.438,5.169,0.0,0.0,29.0,-100.0,-100.0,0.0,0.0,29.0,-100.0,-100.0,0.0,0.0,29.0,-37.467,-30.0,59.0,10.78,34.0,-90.381,-90.311,0.0,-0.0,28.0,31.22,31.22,0.0,-0.0,29.0,41.031,41.237,0.0,-0.0,30.0
36.17,3,fwd,-30.0,12.2,5.438,5.169,0.0,0.0,29.0,-100.0,-100.0,0.0,0.0,29.0,-100.0,-100.0,0.0,0.0,29.0,-37.2,-30.0,59.0,7.84,34.0,-90.381,-90.311,0.0,-0.0,28.0,31.22,31.22,0.0,-0.0,29.0,41.031,41.237,0.0,-0.0,30.0
36.2231,3,fwd,-30.0,12.2,5.438,5.169,0.0,0.0,29.0,-100.0,-100.0,0.0,0.0,29.0,-100.0,-100.0,0.0,0.0,29.0,-36.8,-30.0,59.0,7.462,34.0,-90.381,-90.311,0.0,-0.0,28.0,31.22,31.22,0.0,-0.0,29.0,41.031,41.237,0.0,-0.0,30.0
36.2764,3,fwd,-30.0,12.2,5.438,5.169,0.0,0.0,29.0,-100.0,-100.0,0.0,0.0,29.0,-100.0,-100.0,0.0,0.0,29.0,-36.533,-30.0,59.0,6.195,34.0,-90.381,-90.311,0.0,-0.0,28.0,31.22,31.22,0.0,-0.0,29.0,41.031,41.237,0.0,-0.0,30.0
36.3289,3,fwd,-30.0,12.2,5.438,5.169,0.0,0.0,29.0,-100.0,-100.0,0.0,0.0,29.0,-100.0,-100.0,0.0,0.0,29.0,-36.133,-30.0,59.0,7.479,34.0,-90.381,-90.311,0.0,-0.0,28.0,31.22,31.22,0.0,-0.0,29.0,41.031,41.237,0.0,-0.0,30.0
36.3828,3,fwd,-30.0,12.2,5.438,5.169,0.0,0.0,29.0,-100.0,-100.0,0.0,0.0,29.0,-100.0,-100.0,0.0,0.0,29.0,-35.733,-30.0,59.0,7.238,34.0,-90.381,-90.311,0.0,-0.0,28.0,31.22,31.22,0.0,-0.0,29.0,41.031,41.237,0.0,-0.0,30.0
36.4361,3,fwd,-30.0,12.2,5.438,5.169,0.0,0.0,29.0,-100.0,-100.0,0.0,0.0,29.0,-100.0,-100.0,0.0,0.0,29.0,-35.2,-30.0,59.0,9.538,34.0,-90.381,-90.311,0.0,-0.0,28.0,31.22,31.22,0.0,-0.0,29.0,41.031,41.237,0.0,-0.0,30.0
36.4894,3,fwd,-30.0,12.2,5.438,5.169,0.0,0.0,29.0,-100.0,-100.0,0.0,0.0,29.0,-100.0,-100.0,0.0,0.0,29.0,-34.667,-30.0,59.0,9.306,34.0,-90.381,-90.311,0.0,-0.0,28.0,31.22,31.22,0.0,-0.0,29.0,41.031,41.237,0.0,-0.0,30.0
36.5418,3,fwd,-30.0,12.2,5.438,5.169,0.0,0.0,29.0,-100.0,-100.0,0.0,0.0,29.0,-100.0,-100.0,0.0,0.0,29.0,-34.133,-30.0,59.0,9.223,34.0,-90.381,-90.311,0.0,-0.0,28.0,31.22,31.22,0.0,-0.0,29.0,41.031,41.237,0.0,-0.0,30.0
36.595,3,fwd,-30.0,12.3,5.438,5.169,0.0,0.0,29.0,-100.0,-100.0,0.0,0.0,29.0,-100.0,-100.0,0.0,0.0,29.0,-33.733,-30.0,37.0,8.624,29.0,-90.381,-90.311,0.0,-0.0,28.0,31.22,31.22,0.0,-0.0,29.0,41.031,41.237,0.0,-0.0,30.0
36.648,3,fwd,-30.0,12.3,5.438,5.169,0.0,0.0,29.0,-100.0,-100.0,0.0,0.0,29.0,-100.0,-100.0,0.0,0.0,29.0,-33.6,-30.0,37.0,5.274,29.0,-90.381,-90.311,0.0,-0.0,28.0,31.22,31.22,0.0,-0.0,29.0,41.031,41.237,0.0,-0.0,30.0
36.7011,3,hold_end,-30.0,12.3,5.438,5.169,0.0,0.0,29.0,-100.0,-100.0,0.0,0.0,29.0,-100.0,-100.0,0.0,0.0,29.0,-33.333,-30.0,37.0,5.126,29.0,-90.381,-90.311,0.0,-0.0,28.0,31.22,31.22,0.0,-0.0,29.0,41.031,41.237,0.0,-0.0,30.0
36.7541,3,hold_end,-30.0,12.3,5.438,5.169,0.0,0.0,29.0,-100.0,-100.0,0.0,0.0,29.0,-100.0,-100.0,0.0,0.0,29.0,-32.8,-30.0,37.0,7.181,29.0,-90.381,-90.311,0.0,-0.0,28.0,31.22,31.22,0.0,-0.0,29.0,41.031,41.237,0.0,-0.0,30.0
36.8071,3,hold_end,-30.0,12.3,5.438,5.169,0.0,0.0,29.0,-100.0,-100.0,0.0,0.0,29.0,-100.0,-100.0,0.0,0.0,29.0,-32.8,-30.0,37.0,3.519,29.0,-90.381,-90.311,0.0,-0.0,28.0,31.22,31.22,0.0,-0.0,29.0,41.031,41.237,0.0,-0.0,30.0
36.86,3,hold_end,-30.0,12.3,5.438,5.169,0.0,0.0,29.0,-100.0,-100.0,0.0,0.0,29.0,-100.0,-100.0,0.0,0.0,29.0,-32.8,-30.0,37.0,1.724,29.0,-90.381,-90.311,0.0,-0.0,28.0,31.22,31.22,0.0,-0.0,29.0,41.031,41.237,0.0,-0.0,30.0
36.9132,3,hold_end,-30.0,12.3,5.438,5.169,0.0,0.0,29.0,-100.0,-100.0,0.0,0.0,29.0,-100.0,-100.0,0.0,0.0,29.0,-32.8,-30.0,37.0,0.845,29.0,-90.381,-90.311,0.0,-0.0,28.0,31.22,31.22,0.0,-0.0,29.0,41.031,41.237,0.0,-0.0,30.0
36.966,3,hold_end,-30.0,12.3,5.438,5.169,0.0,0.0,29.0,-100.0,-100.0,0.0,0.0,29.0,-100.0,-100.0,0.0,0.0,29.0,-32.8,-30.0,37.0,0.414,29.0,-90.381,-90.311,0.0,-0.0,28.0,31.22,31.22,0.0,-0.0,29.0,41.031,41.237,0.0,-0.0,30.0
37.0197,3,hold_end,-30.0,12.3,5.438,5.169,0.0,0.0,29.0,-100.0,-100.0,0.0,0.0,29.0,-100.0,-100.0,0.0,0.0,29.0,-32.8,-30.0,37.0,0.203,29.0,-90.381,-90.311,0.0,-0.0,28.0,31.22,31.22,0.0,-0.0,29.0,41.031,41.237,0.0,-0.0,30.0
37.0726,3,hold_end,-30.0,12.3,5.438,5.169,0.0,0.0,29.0,-100.0,-100.0,0.0,0.0,29.0,-100.0,-100.0,0.0,0.0,29.0,-32.8,-30.0,37.0,0.099,29.0,-90.381,-90.311,0.0,-0.0,28.0,31.22,31.22,0.0,-0.0,29.0,41.031,41.237,0.0,-0.0,30.0
37.1253,3,hold_end,-30.0,11.9,5.438,5.169,0.0,0.0,29.0,-100.0,-100.0,1.0,0.0,29.0,-100.0,-100.0,0.0,0.0,29.0,-32.8,-30.0,58.0,0.07,29.0,-90.381,-90.311,0.0,-0.0,28.0,31.22,31.22,0.0,-0.0,29.0,41.031,41.237,0.0,-0.0,30.0
37.1782,3,hold_end,-30.0,11.9,5.438,5.169,0.0,0.0,29.0,-100.0,-100.0,1.0,0.0,29.0,-100.0,-100.0,0.0,0.0,29.0,-32.8,-30.0,58.0,0.034,29.0,-90.381,-90.311,0.0,-0.0,28.0,31.22,31.22,0.0,-0.0,29.0,41.031,41.237,0.0,-0.0,30.0
37.2313,3,hold_end,-30.0,11.9,5.438,5.169,0.0,0.0,29.0,-100.0,-100.0,1.0,0.0,29.0,-100.0,-100.0,0.0,0.0,29.0,-32.8,-30.0,58.0,0.017,29.0,-90.381,-90.311,0.0,-0.0,28.0,31.22,31.22,0.0,-0.0,29.0,41.031,41.237,0.0,-0.0,30.0
37.2845,3,hold_end,-30.0,11.9,5.438,5.169,0.0,0.0,29.0,-100.0,-100.0,1.0,0.0,29.0,-100.0,-100.0,0.0,0.0,29.0,-32.8,-30.0,58.0,0.008,29.0,-90.381,-90.311,0.0,-0.0,28.0,31.22,31.22,0.0,-0.0,29.0,41.031,41.237,0.0,-0.0,30.0
37.3375,3,hold_end,-30.0,11.9,5.438,5.169,0.0,0.0,29.0,-100.0,-100.0,1.0,0.0,29.0,-100.0,-100.0,0.0,0.0,29.0,-32.8,-30.0,58.0,0.004,29.0,-90.381,-90.311,0.0,-0.0,28.0,31.22,31.22,0.0,-0.0,29.0,41.031,41.237,0.0,-0.0,30.0
37.3907,3,hold_end,-30.0,11.9,5.438,5.169,0.0,0.0,29.0,-100.0,-100.0,1.0,0.0,29.0,-100.0,-100.0,0.0,0.0,29.0,-32.8,-30.0,58.0,0.002,29.0,-90.381,-90.311,0.0,-0.0,28.0,31.22,31.22,0.0,-0.0,29.0,41.031,41.237,0.0,-0.0,30.0
37.4428,3,hold_end,-30.0,11.9,5.438,5.169,0.0,0.0,29.0,-100.0,-100.0,1.0,0.0,29.0,-100.0,-100.0,0.0,0.0,29.0,-32.8,-30.0,58.0,0.001,29.0,-90.381,-90.311,0.0,-0.0,28.0,31.707,31.22,0.0,5.373,29.0,41.031,41.237,0.0,-0.0,30.0
37.4965,3,hold_end,-30.0,11.9,5.438,5.169,0.0,0.0,29.0,-100.0,-100.0,1.0,0.0,29.0,-100.0,-100.0,0.0,0.0,29.0,-32.667,-30.0,58.0,1.485,29.0,-90.381,-90.311,0.0,-0.0,28.0,31.707,31.22,0.0,2.633,29.0,41.031,41.237,0.0,-0.0,30.0
37.5501,3,hold_end,-30.0,11.9,5.438,5.169,0.0,0.0,29.0,-100.0,-100.0,1.0,0.0,29.0,-100.0,-100.0,0.0,0.0,29.0,-32.667,-30.0,58.0,0.727,29.0,-90.381,-90.311,0.0,-0.0,28.0,31.22,31.22,0.0,-4.181,29.0,41.031,41.237,0.0,-0.0,30.0
37.6029,3,hold_end,-30.0,11.9,5.438,5.169,0.0,0.0,29.0,-100.0,-100.0,1.0,0.0,29.0,-100.0,-100.0,0.0,0.0,29.0,-32.667,-30.0,58.0,0.356,29.0,-90.381,-90.311,0.0,-0.0,28.0,31.22,31.22,0.0,-2.049,29.0,41.031,41.237,0.0,-0.0,30.0
37.6559,3,hold_end,-30.0,11.9,5.438,5.169,0.0,0.0,29.0,-100.0,-100.0,1.0,0.0,29.0,-100.0,-100.0,0.0,0.0,29.0,-32.667,-30.0,58.0,0.175,29.0,-90.381,-90.311,0.0,-0.0,28.0,31.22,31.22,0.0,-1.004,29.0,41.031,41.237,0.0,-0.0,30.0
37.709,3,rev,-80.0,12.1,5.438,5.169,0.0,0.0,29.0,-100.0,-100.0,0.0,0.0,29.0,-100.0,-100.0,0.0,0.0,29.0,-32.667,-80.0,43.0,0.122,29.0,-90.381,-90.311,0.0,-0.0,28.0,31.22,31.22,0.0,-0.703,29.0,41.031,41.237,0.0,-0.0,30.0
37.7625,3,rev,-80.0,12.1,5.438,5.169,0.0,0.0,29.0,-100.0,-100.0,0.0,0.0,29.0,-100.0,-100.0,0.0,0.0,29.0,-32.667,-80.0,43.0,0.06,29.0,-90.381,-90.311,0.0,-0.0,28.0,31.22,31.22,0.0,-0.344,29.0,41.031,41.237,0.0,-0.0,30.0
37.8148,3,rev,-80.0,12.1,5.438,5.169,0.0,0.0,29.0,-100.0,-100.0,0.0,0.0,29.0,-100.0,-100.0,0.0,0.0,29.0,-32.667,-80.0,43.0,0.029,29.0,-90.381,-90.311,0.0,-0.0,28.0,31.22,31.22,0.0,-0.169,29.0,41.031,41.237,0.0,-0.0,30.0
37.868,3,rev,-80.0,12.1,5.438,5.169,0.0,0.0,29.0,-100.0,-100.0,0.0,0.0,29.0,-100.0,-100.0,0.0,0.0,29.0,-32.667,-80.0,43.0,0.014,29.0,-90.381,-90.311,0.0,-0.0,28.0,31.22,31.22,0.0,-0.083,29.0,41.031,41.237,0.0,-0.0,30.0
37.921,3,rev,-80.0,12.1,5.438,5.169,0.0,0.0,29.0,-100.0,-100.0,0.0,0.0,29.0,-100.0,-100.0,0.0,0.0,29.0,-32.667,-80.0,43.0,0.007,29.0,-90.381,-90.311,0.0,-0.0,28.0,31.22,31.22,0.0,-0.041,29.0,41.031,41.237,0.0,-0.0,30.0
37.9742,3,rev,-80.0,12.1,5.438,5.169,0.0,0.0,29.0,-100.0,-100.0,0.0,0.0,29.0,-100.0,-100.0,0.0,0.0,29.0,-32.933,-80.0,43.0,-2.532,29.0,-90.381,-90.311,0.0,-0.0,28.0,31.22,31.22,0.0,-0.02,29.0,41.031,41.237,0.0,-0.0,30.0
38.0287,3,rev,-80.0,12.1,5.438,5.169,0.0,0.0,29.0,-100.0,-100.0,0.0,0.0,29.0,-100.0,-100.0,0.0,0.0,29.0,-33.2,-80.0,43.0,-3.786,29.0,-90.381,-90.311,0.0,-0.0,28.0,31.22,31.22,0.0,-0.01,29.0,41.031,41.237,0.0,-0.0,30.0
38.082,3,rev,-80.0,12.1,5.438,5.169,0.0,0.0,29.0,-100.0,-100.0,0.0,0.0,29.0,-100.0,-100.0,0.0,0.0,29.0,-33.467,-80.0,43.0,-4.407,29.0,-90.381,-90.311,0.0,-0.0,28.0,31.22,31.22,0.0,-0.005,29.0,41.031,41.237,0.0,-0.0,30.0
38.135,3,rev,-80.0,12.1,5.438,5.169,0.0,0.0,29.0,-100.0,-100.0,0.0,0.0,29.0,-100.0,-100.0,0.0,0.0,29.0,-33.867,-80.0,43.0,-5.751,29.0,-90.381,-90.311,0.0,-0.0,28.0,31.22,31.22,0.0,-0.002,29.0,41.031,41.237,0.0,-0.0,30.0
38.1881,3,rev,-80.0,12.1,5.438,5.169,0.0,0.0,29.0,-100.0,-100.0,0.0,0.0,29.0,-100.0,-100.0,0.0,0.0,29.0,-34.267,-80.0,43.0,-6.865,29.0,-90.381,-90.311,0.0,-0.0,28.0,31.22,31.22,0.0,-0.001,29.0,41.031,41.237,0.0,-0.0,30.0
38.2412,3,rev,-80.0,12.1,5.438,5.169,0.0,0.0,29.0,-100.0,-100.0,0.0,0.0,29.0,-100.0,-100.0,0.0,0.0,29.0,-34.667,-80.0,43.0,-7.425,29.0,-90.381,-90.311,0.0,-0.0,28.0,31.22,31.22,0.0,-0.001,29.0,41.031,41.237,0.0,-0.0,30.0
38.2938,3,rev,-80.0,12.1,5.438,5.169,0.0,0.0,29.0,-100.0,-100.0,0.0,0.0,29.0,-100.0,-100.0,0.0,0.0,29.0,-35.067,-80.0,1.0,-7.302,29.0,-90.381,-90.311,0.0,-0.0,28.0,31.22,31.22,0.0,-0.0,29.0,41.031,41.237,0.0,-0.0,30.0
38.3459,3,rev,-80.0,12.1,5.438,5.169,0.0,0.0,29.0,-100.0,-100.0,0.0,0.0,29.0,-100.0,-100.0,0.0,0.0,29.0,-35.467,-80.0,1.0,-7.64,29.0,-90.381,-90.311,0.0,-0.0,28.0,31.22,31.22,0.0,-0.0,29.0,41.031,41.237,0.0,-0.0,30.0
38.3992,3,rev,-80.0,12.1,5.438,5.169,0.0,0.0,29.0,-100.0,-100.0,0.0,0.0,29.0,-100.0,-100.0,0.0,0.0,29.0,-35.867,-80.0,1.0,-7.33,29.0,-90.381,-90.311,0.0,-0.0,28.0,31.22,31.22,0.0,-0.0,29.0,41.031,41.237,0.0,-0.0,30.0
38.4525,3,rev,-80.0,12.1,5.438,5.169,0.0,0.0,29.0,-100.0,-100.0,0.0,0.0,29.0,-100.0,-100.0,0.0,0.0,29.0,-36.267,-80.0,1.0,-7.157,29.0,-90.381,-90.311,0.0,-0.0,28.0,31.22,31.22,0.0,-0.0,29.0,41.031,41.237,0.0,-0.0,30.0
38.5058,3,rev,-80.0,12.1,5.438,5.169,0.0,0.0,29.0,-100.0,-100.0,0.0,0.0,29.0,-100.0,-100.0,0.0,0.0,29.0,-36.8,-80.0,1.0,-8.535,29.0,-90.381,-90.311,0.0,-0.0,28.0,31.22,31.22,0.0,-0.0,29.0,41.031,41.237,0.0,-0.0,30.0
38.5591,3,rev,-80.0,12.1,5.438,5.169,0.0,0.0,29.0,-100.0,-100.0,0.0,0.0,29.0,-100.0,-100.0,0.0,0.0,29.0,-37.2,-80.0,1.0,-7.773,29.0,-90.381,-90.311,0.0,-0.0,28.0,31.22,31.22,0.0,-0.0,29.0,41.031,41.237,0.0,-0.0,30.0
38.6122,3,rev,-80.0,12.1,5.438,5.169,0.0,0.0,29.0,-100.0,-100.0,0.0,0.0,29.0,-100.0,-100.0,0.0,0.0,29.0,-37.6,-80.0,1.0,-7.876,29.0,-90.381,-90.311,0.0,-0.0,28.0,31.22,31.22,0.0,-0.0,29.0,41.031,41.237,0.0,-0.0,30.0
38.6653,3,rev,-80.0,12.1,5.438,5.169,0.0,0.0,29.0,-100.0,-100.0,0.0,0.0,29.0,-100.0,-100.0,0.0,0.0,29.0,-38.0,-80.0,1.0,-7.858,29.0,-90.381,-90.311,0.0,-0.0,28.0,31.22,31.22,0.0,-0.0,29.0,41.031,41.237,0.0,-0.0,30.0
38.7183,3,rev,-80.0,12.1,5.438,5.169,0.0,0.0,29.0,-100.0,-100.0,0.0,0.0,29.0,-100.0,-100.0,0.0,0.0,29.0,-38.4,-80.0,1.0,-7.429,29.0,-90.381,-90.311,0.0,-0.0,28.0,31.22,31.22,0.0,-0.0,29.0,41.031,41.237,0.0,-0.0,30.0
38.7713,3,rev,-80.0,12.1,5.438,5.169,0.0,0.0,29.0,-100.0,-100.0,0.0,0.0,29.0,-100.0,-100.0,0.0,0.0,29.0,-38.8,-80.0,1.0,-7.189,29.0,-90.381,-90.311,0.0,-0.0,28.0,31.22,31.22,0.0,-0.0,29.0,41.031,41.237,0.0,-0.0,30.0
38.8245,3,rev,-80.0,12.2,5.438,5.169,0.0,0.0,29.0,-100.0,-100.0,0.0,0.0,29.0,-100.0,-100.0,0.0,0.0,29.0,-39.067,-80.0,2.0,-8.009,29.0,-90.381,-90.311,0.0,-0.0,28.0,31.22,31.22,0.0,-0.0,29.0,41.031,41.237,0.0,-0.0,30.0
38.8774,3,rev,-80.0,12.2,5.438,5.169,0.0,0.0,29.0,-100.0,-100.0,0.0,0.0,29.0,-100.0,-100.0,0.0,0.0,29.0,-39.6,-80.0,2.0,-6.956,29.0,-90.381,-90.311,0.0,-0.0,28.0,31.22,31.22,0.0,-0.0,29.0,41.031,41.237,0.0,-0.0,30.0
38.9303,3,rev,-80.0,12.2,5.438,5.169,0.0,0.0,29.0,-100.0,-100.0,0.0,0.0,29.0,-100.0,-100.0,0.0,0.0,29.0,-40.133,-80.0,2.0,-8.436,29.0,-90.381,-90.311,0.0,-0.0,28.0,31.22,31.22,0.0,-0.0,29.0,41.031,41.237,0.0,-0.0,30.0
38.9836,3,rev,-80.0,12.2,5.438,5.169,0.0,0.0,29.0,-100.0,-100.0,0.0,0.0,29.0,-100.0,-100.0,0.0,0.0,29.0,-40.4,-80.0,2.0,-8.89,29.0,-90.381,-90.311,0.0,-0.0,28.0,31.22,31.22,0.0,-0.0,29.0,41.031,41.237,0.0,-0.0,30.0
39.038,3,rev,-80.0,12.2,5.438,5.169,0.0,0.0,29.0,-100.0,-100.0,0.0,0.0,29.0,-100.0,-100.0,0.0,0.0,29.0,-40.8,-80.0,2.0,-8.324,29.0,-90.381,-90.311,0.0,-0.0,28.0,31.22,31.22,0.0,-0.0,29.0,41.031,41.237,0.0,-0.0,30.0
39.0913,3,rev,-80.0,12.2,5.438,5.169,0.0,0.0,29.0,-100.0,-100.0,0.0,0.0,29.0,-100.0,-100.0,0.0,0.0,29.0,-41.2,-80.0,2.0,-7.461,29.0,-90.381,-90.311,0.0,-0.0,28.0,31.22,31.22,0.0,-0.0,29.0,41.031,41.237,0.0,-0.0,30.0
39.1457,3,rev,-80.0,12.2,5.438,5.169,0.0,0.0,29.0,-100.0,-100.0,0.0,0.0,29.0,-100.0,-100.0,0.0,0.0,29.0,-41.733,-80.0,2.0,-8.501,29.0,-90.381,-90.311,0.0,-0.0,28.0,31.22,31.22,0.0,-0.0,29.0,41.031,41.237,0.0,-0.0,30.0
39.199,3,rev,-80.0,12.2,5.438,5.169,0.0,0.0,29.0,-100.0,-100.0,0.0,0.0,29.0,-100.0,-100.0,0.0,0.0,29.0,-42.133,-80.0,2.0,-8.217,29.0,-90.381,-90.311,0.0,-0.0,28.0,31.22,31.22,0.0,-0.0,29.0,41.031,41.237,0.0,-0.0,30.0
39.2525,3,rev,-80.0,12.2,5.438,5.169,0.0,0.0,29.0,-100.0,-100.0,0.0,0.0,29.0,-100.0,-100.0,0.0,0.0,29.0,-42.533,-80.0,2.0,-7.395,29.0,-90.381,-90.311,0.0,-0.0,28.0,31.22,31.22,0.0,-0.0,29.0,41.031,41.237,0.0,-0.0,30.0
39.3058,3,rev,-80.0,12.2,5.438,5.169,0.0,0.0,29.0,-100.0,-100.0,0.0,0.0,29.0,-100.0,-100.0,0.0,0.0,29.0,-43.067,-80.0,2.0,-8.695,29.0,-90.381,-90.311,0.0,-0.0,28.0,31.22,31.22,0.0,-0.0,29.0,41.031,41.237,0.0,-0.0,30.0
39.3592,3,rev,-80.0,12.2,5.438,5.169,0.0,0.0,29.0,-100.0,-100.0,0.0,0.0,29.0,-100.0,-100.0,0.0,0.0,29.0,-43.333,-80.0,2.0,-6.767,29.0,-90.381,-90.311,0.0,-0.0,28.0,31.22,31.22,0.0,-0.0,29.0,41.031,41.237,0.0,-0.0,30.0
39.4124,3,rev,-80.0,12.2,5.438,5.169,0.0,0.0,29.0,-100.0,-100.0,0.0,0.0,29.0,-100.0,-100.0,0.0,0.0,29.0,-43.6,-80.0,1.0,-7.728,29.0,-90.381,-90.311,0.0,-0.0,28.0,31.22,31.22,0.0,-0.0,29.0,41.031,41.237,0.0,-0.0,30.0
39.4655,3,rev,-80.0,12.2,5.438,5.169,0.0,0.0,29.0,-100.0,-100.0,0.0,0.0,29.0,-100.0,-100.0,0.0,0.0,29.0,-44.133,-80.0,1.0,-6.819,29.0,-90.381,-90.311,0.0,-0.0,28.0,31.22,31.22,0.0,-0.0,29.0,41.031,41.237,0.0,-0.0,30.0
39.5188,3,rev,-80.0,12.2,5.438,5.169,0.0,0.0,29.0,-100.0,-100.0,0.0,0.0,29.0,-100.0,-100.0,0.0,0.0,29.0,-44.8,-80.0,1.0,-9.435,29.0,-90.381,-90.311,0.0,-0.0,28.0,31.22,31.22,0.0,-0.0,29.0,41.031,41.237,0.0,-0.0,30.0
39.5723,3,rev,-80.0,12.2,5.438,5.169,0.0,0.0,29.0,-100.0,-100.0,0.0,0.0,29.0,-100.0,-100.0,0.0,0.0,29.0,-45.067,-80.0,1.0,-7.131,29.0,-90.381,-90.311,0.0,-0.0,28.0,31.22,31.22,0.0,-0.0,29.0,41.031,41.237,0.0,-0.0,30.0
39.6258,3,rev,-80.0,12.2,5.438,5.169,0.0,0.0,29.0,-100.0,-100.0,0.0,0.0,29.0,-100.0,-100.0,0.0,0.0,29.0,-45.467,-80.0,1.0,-7.053,29.0,-90.381,-90.311,0.0,-0.0,28.0,31.22,31.22,0.0,-0.0,29.0,41.031,41.237,0.0,-0.0,30.0
39.6792,3,rev,-80.0,12.2,5.438,5.169,0.0,0.0,29.0,-100.0,-100.0,0.0,0.0,29.0,-100.0,-100.0,0.0,0.0,29.0,-46.0,-80.0,1.0,-8.509,29.0,-90.381,-90.311,0.0,-0.0,28.0,31.22,31.22,0.0,-0.0,29.0,41.031,41.237,0.0,-0.0,30.0
39.7319,3,rev,-80.0,12.2,5.438,5.169,0.0,0.0,29.0,-100.0,-100.0,0.0,0.0,29.0,-100.0,-100.0,0.0,0.0,29.0,-46.4,-80.0,1.0,-8.221,29.0,-90.381,-90.311,0.0,-0.0,28.0,31.22,31.22,0.0,-0.0,29.0,41.031,41.237,0.0,-0.0,30.0
39.7851,3,rev,-80.0,12.2,5.438,5.169,0.0,0.0,29.0,-100.0,-100.0,0.0,0.0,29.0,-100.0,-100.0,0.0,0.0,29.0,-46.933,-80.0,1.0,-9.134,29.0,-90.381,-90.311,0.0,-0.0,28.0,31.22,31.22,0.0,-0.0,29.0,41.031,41.237,0.0,-0.0,30.0
39.8381,3,rev,-80.0,12.2,5.438,5.169,0.0,0.0,29.0,-100.0,-100.0,0.0,0.0,29.0,-100.0,-100.0,0.0,0.0,29.0,-47.333,-80.0,1.0,-8.53,29.0,-90.381,-90.311,0.0,-0.0,28.0,31.22,31.22,0.0,-0.0,29.0,41.031,41.237,0.0,-0.0,30.0
39.891,3,rev,-80.0,12.2,5.438,5.169,0.0,0.0,29.0,-100.0,-100.0,0.0,0.0,29.0,-100.0,-100.0,0.0,0.0,29.0,-47.733,-80.0,1.0,-8.203,29.0,-90.381,-90.311,0.0,-0.0,28.0,31.22,31.22,0.0,-0.0,29.0,41.031,41.237,0.0,-0.0,30.0
39.9442,3,rev,-80.0,12.2,5.438,5.169,0.0,0.0,29.0,-100.0,-100.0,0.0,0.0,29.0,-100.0,-100.0,0.0,0.0,29.0,-48.133,-80.0,1.0,-8.083,29.0,-90.381,-90.311,0.0,-0.0,28.0,31.22,31.22,0.0,-0.0,29.0,41.031,41.237,0.0,-0.0,30.0
39.9974,3,rev,-80.0,12.2,5.438,5.169,0.0,0.0,29.0,-100.0,-100.0,0.0,0.0,29.0,-100.0,-100.0,0.0,0.0,29.0,-48.533,-80.0,1.0,-7.807,29.0,-90.381,-90.311,0.0,-0.0,28.0,31.22,31.22,0.0,-0.0,29.0,41.031,41.237,0.0,-0.0,30.0
40.0515,3,rev,-80.0,12.2,5.438,5.169,0.0,0.0,29.0,-100.0,-100.0,0.0,0.0,29.0,-100.0,-100.0,0.0,0.0,29.0,-48.933,-80.0,1.0,-7.827,29.0,-90.381,-90.311,0.0,-0.0,28.0,31.22,31.22,0.0,-0.0,29.0,41.031,41.237,0.0,-0.0,30.0
40.1038,3,rev,-80.0,12.2,5.438,5.169,0.0,0.0,29.0,-100.0,-100.0,0.0,0.0,29.0,-100.0,-100.0,0.0,0.0,29.0,-49.333,-80.0,1.0,-7.79,29.0,-90.381,-90.311,0.0,-0.0,28.0,31.22,31.22,0.0,-0.0,29.0,41.031,41.237,0.0,-0.0,30.0
40.1569,3,rev,-80.0,12.2,5.438,5.169,0.0,0.0,29.0,-100.0,-100.0,0.0,0.0,29.0,-100.0,-100.0,0.0,0.0,29.0,-49.733,-80.0,1.0,-7.407,29.0,-90.381,-90.311,0.0,-0.0,28.0,31.22,31.22,0.0,-0.0,29.0,41.031,41.237,0.0,-0.0,30.0
40.2088,3,rev,-80.0,12.2,5.438,5.169,0.0,0.0,29.0,-100.0,-100.0,0.0,0.0,29.0,-100.0,-100.0,0.0,0.0,29.0,-50.267,-80.0,1.0,-8.741,29.0,-90.381,-90.311,0.0,-0.0,28.0,31.22,31.22,0.0,-0.0,29.0,41.031,41.237,0.0,-0.0,30.0
40.2621,3,rev,-80.0,12.2,5.438,5.169,0.0,0.0,29.0,-100.0,-100.0,0.0,0.0,29.0,-100.0,-100.0,0.0,0.0,29.0,-50.667,-80.0,1.0,-8.321,29.0,-90.381,-90.311,0.0,-0.0,28.0,31.22,31.22,0.0,-0.0,29.0,41.031,41.237,0.0,-0.0,30.0
40.3154,3,rev,-80.0,12.2,5.438,5.169,0.0,0.0,29.0,-100.0,-100.0,0.0,0.0,29.0,-100.0,-100.0,0.0,0.0,29.0,-51.067,-80.0,1.0,-8.098,29.0,-90.381,-90.311,0.0,-0.0,28.0,31.22,31.22,0.0,-0.0,29.0,41.031,41.237,0.0,-0.0,30.0
40.3688,3,rev,-80.0,12.2,5.438,5.169,0.0,0.0,29.0,-100.0,-100.0,0.0,0.0,29.0,-100.0,-100.0,0.0,0.0,29.0,-51.467,-80.0,1.0,-7.501,29.0,-90.381,-90.311,0.0,-0.0,28.0,31.22,31.22,0.0,-0.0,29.0,41.031,41.237,0.0,-0.0,30.0
40.4222,3,rev,-80.0,12.2,5.438,5.169,0.0,0.0,29.0,-100.0,-100.0,0.0,0.0,29.0,-100.0,-100.0,0.0,0.0,29.0,-51.867,-80.0,1.0,-7.294,29.0,-90.381,-90.311,0.0,-0.0,28.0,31.22,31.22,0.0,-0.0,29.0,41.031,41.237,0.0,-0.0,30.0
40.4754,3,rev,-80.0,12.2,5.438,5.169,0.0,0.0,29.0,-100.0,-100.0,0.0,0.0,29.0,-100.0,-100.0,0.0,0.0,29.0,-52.267,-80.0,1.0,-7.173,29.0,-90.381,-90.311,0.0,-0.0,28.0,31.22,31.22,0.0,-0.0,29.0,41.031,41.237,0.0,-0.0,30.0
40.5281,3,rev,-80.0,12.2,5.438,5.169,0.0,0.0,30.0,-100.0,-100.0,0.0,0.0,29.0,-100.0,-100.0,0.0,0.0,29.0,-52.533,-80.0,0.0,-8.002,29.0,-90.381,-90.311,0.0,-0.0,28.0,31.22,31.22,0.0,-0.0,29.0,41.031,41.237,0.0,-0.0,30.0
40.5811,3,rev,-80.0,12.2,5.438,5.169,0.0,0.0,30.0,-100.0,-100.0,0.0,0.0,29.0,-100.0,-100.0,0.0,0.0,29.0,-53.067,-80.0,0.0,-6.98,29.0,-90.381,-90.311,0.0,-0.0,28.0,31.22,31.22,0.0,-0.0,29.0,41.031,41.237,0.0,-0.0,30.0
40.6342,3,rev,-80.0,12.2,5.438,5.169,0.0,0.0,30.0,-100.0,-100.0,0.0,0.0,29.0,-100.0,-100.0,0.0,0.0,29.0,-53.6,-80.0,0.0,-8.455,29.0,-90.381,-90.311,0.0,-0.0,28.0,31.22,31.22,0.0,-0.0,29.0,41.031,41.237,0.0,-0.0,30.0
40.6874,3,rev,-80.0,12.2,5.438,5.169,0.0,0.0,30.0,-100.0,-100.0,0.0,0.0,29.0,-100.0,-100.0,0.0,0.0,29.0,-54.0,-80.0,0.0,-8.154,29.0,-90.381,-90.311,0.0,-0.0,28.0,31.22,31.22,0.0,-0.0,29.0,41.031,41.237,0.0,-0.0,30.0
40.7405,3,rev,-80.0,12.2,5.438,5.169,0.0,0.0,30.0,-100.0,-100.0,0.0,0.0,29.0,-100.0,-100.0,0.0,0.0,29.0,-54.267,-80.0,0.0,-8.681,29.0,-90.381,-90.311,0.0,-0.0,28.0,31.22,31.22,0.0,-0.0,29.0,41.031,41.237,0.0,-0.0,30.0
40.7941,3,rev,-80.0,12.2,5.438,5.169,0.0,0.0,30.0,-100.0,-100.0,0.0,0.0,29.0,-100.0,-100.0,0.0,0.0,29.0,-54.667,-80.0,0.0,-8.157,29.0,-90.381,-90.311,0.0,-0.0,28.0,31.22,31.22,0.0,-0.0,29.0,41.031,41.237,0.0,-0.0,30.0
40.8475,3,rev,-80.0,12.2,5.438,5.169,0.0,0.0,30.0,-100.0,-100.0,0.0,0.0,29.0,-100.0,-100.0,0.0,0.0,29.0,-55.2,-80.0,0.0,-9.44,29.0,-90.381,-90.311,0.0,-0.0,28.0,31.22,31.22,0.0,-0.0,29.0,41.031,41.237,0.0,-0.0,30.0
40.9007,3,rev,-80.0,12.2,5.438,5.169,0.0,0.0,30.0,-100.0,-100.0,0.0,0.0,29.0,-100.0,-100.0,0.0,0.0,29.0,-55.467,-80.0,0.0,-6.996,29.0,-90.381,-90.311,0.0,-0.0,28.0,31.22,31.22,0.0,-0.0,29.0,41.031,41.237,0.0,-0.0,30.0
40.9528,3,rev,-80.0,12.2,5.438,5.169,0.0,0.0,30.0,-100.0,-100.0,0.0,0.0,29.0,-100.0,-100.0,0.0,0.0,29.0,-56.0,-80.0,0.0,-8.504,29.0,-90.381,-90.311,0.0,-0.0,28.0,31.22,31.22,0.0,-0.0,29.0,41.031,41.237,0.0,-0.0,30.0
41.0062,3,rev,-80.0,12.2,5.438,5.169,0.0,0.0,30.0,-100.0,-100.0,0.0,0.0,29.0,-100.0,-100.0,0.0,0.0,29.0,-56.4,-80.0,0.0,-7.784,29.0,-90.381,-90.311,0.0,-0.0,28.0,31.22,31.22,0.0,-0.0,29.0,41.031,41.237,0.0,-0.0,30.0
41.0601,3,rev,-80.0,12.2,5.438,5.169,0.0,0.0,30.0,-100.0,-100.0,0.0,0.0,29.0,-100.0,-100.0,0.0,0.0,29.0,-56.8,-80.0,0.0,-7.407,29.0,-90.311,-90.311,0.0,0.775,28.0,31.22,31.22,0.0,-0.0,29.0,41.031,41.237,0.0,-0.0,30.0
41.1132,3,rev,-80.0,12.1,5.438,5.169,0.0,0.0,30.0,-100.0,-100.0,0.0,0.0,29.0,-100.0,-100.0,0.0,0.0,29.0,-57.067,-80.0,0.0,-8.163,29.0,-90.311,-90.311,0.0,0.542,28.0,31.22,31.22,0.0,-0.0,29.0,41.031,41.237,0.0,-0.0,30.0
41.1663,3,rev,-80.0,12.1,5.438,5.169,0.0,0.0,30.0,-100.0,-100.0,0.0,0.0,29.0,-100.0,-100.0,0.0,0.0,29.0,-57.733,-80.0,0.0,-8.527,29.0,-90.311,-90.311,0.0,0.266,28.0,31.22,31.22,0.0,-0.0,29.0,41.031,41.237,0.0,-0.0,30.0
41.2195,3,rev,-80.0,12.1,5.438,5.169,0.0,0.0,30.0,-100.0,-100.0,0.0,0.0,29.0,-100.0,-100.0,0.0,0.0,29.0,-58.133,-80.0,0.0,-8.222,29.0,-90.381,-90.311,0.0,-0.646,28.0,31.22,31.22,0.0,-0.0,29.0,41.031,41.237,0.0,-0.0,30.0
41.2727,3,rev,-80.0,12.1,5.438,5.169,0.0,0.0,30.0,-100.0,-100.0,0.0,0.0,29.0,-100.0,-100.0,0.0,0.0,29.0,-58.533,-80.0,0.0,-8.087,29.0,-90.381,-90.311,0.0,-0.316,28.0,31.22,31.22,0.0,-0.0,29.0,41.031,41.237,0.0,-0.0,30.0
41.3256,3,rev,-80.0,12.1,5.438,5.169,0.0,0.0,30.0,-100.0,-100.0,0.0,0.0,29.0,-100.0,-100.0,0.0,0.0,29.0,-59.067,-80.0,0.0,-9.071,29.0,-90.381,-90.311,0.0,-0.155,28.0,31.22,31.22,0.0,-0.0,29.0,41.031,41.237,0.0,-0.0,30.0
41.3778,3,rev,-80.0,12.1,5.438,5.169,0.0,0.0,30.0,-100.0,-100.0,0.0,0.0,29.0,-100.0,-100.0,0.0,0.0,29.0,-59.467,-80.0,0.0,-8.497,29.0,-90.381,-90.311,0.0,-0.076,28.0,31.22,31.22,0.0,-0.0,29.0,41.031,41.237,0.0,-0.0,30.0
41.4309,3,rev,-80.0,12.1,5.438,5.169,0.0,0.0,30.0,-100.0,-100.0,0.0,0.0,29.0,-100.0,-100.0,0.0,0.0,29.0,-59.867,-80.0,0.0,-8.216,29.0,-90.381,-90.311,0.0,-0.037,28.0,31.22,31.22,0.0,-0.0,29.0,41.031,41.237,0.0,-0.0,30.0
41.4841,3,rev,-80.0,12.1,5.438,5.169,0.0,0.0,30.0,-100.0,-100.0,0.0,0.0,29.0,-100.0,-100.0,0.0,0.0,29.0,-60.267,-80.0,0.0,-8.087,29.0,-90.381,-90.311,0.0,-0.018,28.0,31.22,31.22,0.0,-0.0,29.0,41.031,41.237,0.0,-0.0,30.0
41.5374,3,rev,-80.0,12.1,5.438,5.169,0.0,0.0,30.0,-100.0,-100.0,0.0,0.0,29.0,-100.0,-100.0,0.0,0.0,29.0,-60.667,-80.0,0.0,-7.945,29.0,-90.381,-90.311,0.0,-0.009,28.0,31.22,31.22,0.0,-0.0,29.0,41.031,41.237,0.0,-0.0,30.0
41.5905,3,rev,-80.0,12.1,5.438,5.169,0.0,0.0,30.0,-100.0,-100.0,0.0,0.0,29.0,-100.0,-100.0,0.0,0.0,29.0,-61.067,-80.0,0.0,-7.906,29.0,-90.311,-90.311,0.0,0.53,28.0,31.22,31.22,0.0,-0.0,29.0,41.031,41.237,0.0,-0.0,30.0
41.6436,3,rev,-80.0,12.1,5.438,5.169,0.0,0.0,30.0,-100.0,-100.0,0.0,0.0,29.0,-100.0,-100.0,0.0,0.0,29.0,-61.467,-80.0,0.0,-7.951,29.0,-90.311,-90.311,0.0,0.26,28.0,31.22,31.22,0.0,-0.0,29.0,41.031,41.237,0.0,-0.0,30.0
41.6959,3,rev,-80.0,12.2,5.438,5.169,0.0,0.0,30.0,-100.0,-100.0,0.0,0.0,29.0,-100.0,-100.0,0.0,0.0,29.0,-61.867,-80.0,0.0,-7.756,29.0,-90.311,-90.311,0.0,0.182,28.0,31.22,31.22,0.0,-0.0,29.0,41.031,41.237,0.0,-0.0,30.0
41.7491,3,rev,-80.0,12.2,5.438,5.169,0.0,0.0,30.0,-100.0,-100.0,0.0,0.0,29.0,-100.0,-100.0,0.0,0.0,29.0,-62.4,-80.0,0.0,-8.897,29.0,-90.381,-90.311,0.0,-0.689,28.0,31.22,31.22,0.0,-0.0,29.0,41.031,41.237,0.0,-0.0,30.0
41.8022,3,rev,-80.0,12.2,5.438,5.169,0.0,0.0,30.0,-100.0,-100.0,0.0,0.0,29.0,-100.0,-100.0,0.0,0.0,29.0,-62.667,-80.0,0.0,-6.927,29.0,-90.381,-90.311,0.0,-0.338,28.0,31.22,31.22,0.0,-0.0,29.0,41.031,41.237,0.0,-0.0,30.0
41.8552,3,rev,-80.0,12.2,5.438,5.169,0.0,0.0,30.0,-100.0,-100.0,0.0,0.0,29.0,-100.0,-100.0,0.0,0.0,29.0,-63.2,-80.0,0.0,-8.474,29.0,-90.381,-90.311,0.0,-0.166,28.0,31.22,31.22,0.0,-0.0,29.0,41.031,41.237,0.0,-0.0,30.0
41.9085,3,rev,-80.0,12.2,5.438,5.169,0.0,0.0,30.0,-100.0,-100.0,0.0,0.0,29.0,-100.0,-100.0,0.0,0.0,29.0,-63.6,-80.0,0.0,-8.161,29.0,-90.381,-90.311,0.0,-0.081,28.0,31.22,31.22,0.0,-0.0,29.0,41.031,41.237,0.0,-0.0,30.0
41.9617,3,rev,-80.0,12.2,5.438,5.169,0.0,0.0,30.0,-100.0,-100.0,0.0,0.0,29.0,-100.0,-100.0,0.0,0.0,29.0,-64.0,-80.0,0.0,-8.015,29.0,-90.311,-90.311,0.0,0.492,28.0,31.22,31.22,0.0,-0.0,29.0,41.031,41.237,0.0,-0.0,30.0
42.0139,3,rev,-80.0,12.2,5.438,5.169,0.0,0.0,30.0,-100.0,-100.0,0.0,0.0,29.0,-100.0,-100.0,0.0,0.0,29.0,-64.533,-80.0,0.0,-8.675,29.0,-90.311,-90.311,0.0,0.241,28.0,31.22,31.22,0.0,-0.0,29.0,41.031,41.237,0.0,-0.0,30.0
42.0679,3,rev,-80.0,12.2,5.438,5.169,0.0,0.0,30.0,-100.0,-100.0,0.0,0.0,29.0,-100.0,-100.0,0.0,0.0,29.0,-64.933,-80.0,0.0,-8.301,29.0,-90.311,-90.311,0.0,0.118,28.0,31.22,31.22,0.0,-0.0,29.0,41.031,41.237,0.0,-0.0,30.0
42.1212,3,rev,-80.0,12.2,5.438,5.169,0.0,0.0,30.0,-100.0,-100.0,0.0,0.0,29.0,-100.0,-100.0,0.0,0.0,29.0,-65.333,-80.0,0.0,-8.053,29.0,-90.381,-90.311,0.0,-0.706,28.0,31.22,31.22,0.0,-0.0,29.0,41.031,41.237,0.0,-0.0,30.0
42.1744,3,rev,-80.0,12.2,5.438,5.169,0.0,0.0,30.0,-100.0,-100.0,0.0,0.0,29.0,-100.0,-100.0,0.0,0.0,29.0,-65.733,-80.0,0.0,-7.562,29.0,-90.381,-90.311,0.0,-0.346,28.0,31.22,31.22,0.0,-0.0,29.0,41.031,41.237,0.0,-0.0,30.0
42.2274,3,rev,-80.0,12.2,5.438,5.169,0.0,0.0,30.0,-100.0,-100.0,0.0,0.0,29.0,-100.0,-100.0,0.0,0.0,29.0,-66.0,-80.0,0.0,-8.255,29.0,-90.381,-90.311,0.0,-0.242,28.0,31.22,31.22,0.0,-0.0,29.0,41.031,41.237,0.0,-0.0,30.0
42.2808,3,rev,-80.0,12.2,5.438,5.169,0.0,0.0,30.0,-100.0,-100.0,1.0,0.0,29.0,-100.0,-100.0,0.0,0.0,29.0,-66.4,-80.0,0.0,-7.785,29.0,-90.311,-90.311,0.0,0.178,28.0,31.22,31.22,0.0,-0.0,29.0,41.031,41.237,0.0,-0.0,30.0
42.3344,3,rev,-80.0,12.2,5.438,5.169,0.0,0.0,30.0,-100.0,-100.0,1.0,0.0,29.0,-100.0,-100.0,0.0,0.0,29.0,-66.8,-80.0,0.0,-7.848,29.0,-90.311,-90.311,0.0,0.087,28.0,31.22,31.22,0.0,-0.0,29.0,41.031,41.237,0.0,-0.0,30.0
42.3869,3,rev,-80.0,12.2,5.438,5.169,0.0,0.0,30.0,-100.0,-100.0,1.0,0.0,29.0,-100.0,-100.0,0.0,0.0,29.0,-67.333,-80.0,0.0,-8.894,29.0,-90.311,-90.311,0.0,0.043,28.0,31.22,31.22,0.0,-0.0,29.0,41.031,41.237,0.0,-0.0,30.0
42.4406,3,rev,-80.0,12.2,5.438,5.169,0.0,0.0,30.0,-100.0,-100.0,1.0,0.0,29.0,-100.0,-100.0,0.0,0.0,29.0,-67.733,-80.0,0.0,-8.333,29.0,-90.311,-90.311,0.0,0.021,28.0,31.22,31.22,0.0,-0.0,29.0,41.031,41.237,0.0,-0.0,30.0
42.4938,3,rev,-80.0,12.2,5.438,5.169,0.0,0.0,30.0,-100.0,-100.0,1.0,0.0,29.0,-100.0,-100.0,0.0,0.0,29.0,-68.133,-80.0,0.0,-7.666,29.0,-90.311,-90.311,0.0,0.01,28.0,31.22,31.22,0.0,-0.0,29.0,41.031,41.237,0.0,-0.0,30.0
42.5472,3,rev,-80.0,12.2,5.438,5.169,0.0,0.0,30.0,-100.0,-100.0,1.0,0.0,29.0,-100.0,-100.0,0.0,0.0,29.0,-68.533,-80.0,0.0,-7.315,29.0,-90.311,-90.311,0.0,0.005,28.0,31.22,31.22,0.0,-0.0,29.0,41.031,41.237,0.0,-0.0,30.0
42.6004,3,rev,-80.0,12.2,5.438,5.169,0.0,0.0,30.0,-100.0,-100.0,1.0,0.0,29.0,-100.0,-100.0,0.0,0.0,29.0,-69.067,-80.0,0.0,-8.658,29.0,-90.311,-90.311,0.0,0.002,28.0,31.22,31.22,0.0,-0.0,29.0,41.031,41.237,0.0,-0.0,30.0
42.6529,3,rev,-80.0,12.2,5.438,5.169,0.0,0.0,30.0,-100.0,-100.0,1.0,0.0,29.0,-100.0,-100.0,0.0,0.0,29.0,-69.467,-80.0,0.0,-8.204,29.0,-90.381,-90.311,0.0,-0.542,28.0,31.22,31.22,0.0,-0.0,29.0,41.031,41.237,0.0,-0.0,30.0
42.7072,3,rev,-80.0,12.2,5.438,5.169,0.0,0.0,30.0,-100.0,-100.0,1.0,0.0,29.0,-100.0,-100.0,0.0,0.0,29.0,-69.867,-80.0,0.0,-8.069,29.0,-90.381,-90.311,0.0,-0.266,28.0,31.22,31.22,0.0,-0.0,29.0,41.031,41.237,0.0,-0.0,30.0
42.7598,3,rev,-80.0,12.2,5.438,5.169,0.0,0.0,30.0,-100.0,-100.0,1.0,0.0,29.0,-100.0,-100.0,0.0,0.0,29.0,-70.267,-80.0,0.0,-7.961,29.0,-90.311,-90.311,0.0,0.412,28.0,31.22,31.22,0.0,-0.0,29.0,41.031,41.237,0.0,-0.0,30.0
42.8131,3,rev,-80.0,12.2,5.438,5.169,0.0,0.0,30.0,-100.0,-100.0,0.0,0.0,29.0,-100.0,-100.0,0.0,0.0,29.0,-70.533,-80.0,0.0,-8.561,29.0,-90.311,-90.311,0.0,0.288,28.0,31.22,31.22,0.0,-0.0,29.0,41.031,41.237,0.0,-0.0,30.0
42.8663,3,rev,-80.0,12.2,5.438,5.169,0.0,0.0,30.0,-100.0,-100.0,0.0,0.0,29.0,-100.0,-100.0,0.0,0.0,29.0,-71.067,-80.0,0.0,-7.239,29.0,-90.311,-90.311,0.0,0.141,28.0,31.22,31.22,0.0,-0.0,29.0,41.031,41.237,0.0,-0.0,30.0
42.9198,3,rev,-80.0,12.2,5.438,5.169,0.0,0.0,30.0,-100.0,-100.0,0.0,0.0,29.0,-100.0,-100.0,0.0,0.0,29.0,-71.6,-80.0,0.0,-8.628,29.0,-90.311,-90.311,0.0,0.069,28.0,31.22,31.22,0.0,-0.0,29.0,41.031,41.237,0.0,-0.0,30.0
42.9733,3,rev,-80.0,12.2,5.438,5.169,0.0,0.0,30.0,-100.0,-100.0,0.0,0.0,29.0,-100.0,-100.0,0.0,0.0,29.0,-72.0,-80.0,0.0,-8.224,29.0,-90.311,-90.311,0.0,0.034,28.0,31.22,31.22,0.0,-0.0,29.0,41.031,41.237,0.0,-0.0,30.0
43.0265,3,rev,-80.0,12.2,5.438,5.169,0.0,0.0,30.0,-100.0,-100.0,0.0,0.0,29.0,-100.0,-100.0,0.0,0.0,29.0,-72.4,-80.0,0.0,-7.586,29.0,-90.311,-90.311,0.0,0.017,28.0,31.22,31.22,0.0,-0.0,29.0,41.031,41.237,0.0,-0.0,30.0
43.0807,3,rev,-80.0,12.2,5.438,5.169,0.0,0.0,30.0,-100.0,-100.0,0.0,0.0,29.0,-100.0,-100.0,0.0,0.0,29.0,-72.8,-80.0,0.0,-7.764,29.0,-90.311,-90.311,0.0,0.008,28.0,31.22,31.22,0.0,-0.0,29.0,41.031,41.237,0.0,-0.0,30.0
43.1339,3,rev,-80.0,12.2,5.438,5.169,0.0,0.0,30.0,-100.0,-100.0,0.0,0.0,29.0,-100.0,-100.0,0.0,0.0,29.0,-73.333,-80.0,0.0,-8.913,29.0,-90.311,-90.311,0.0,0.004,28.0,31.22,31.22,0.0,-0.0,29.0,41.031,41.237,0.0,-0.0,30.0
43.1871,3,rev,-80.0,12.2,5.438,5.169,0.0,0.0,30.0,-100.0,-100.0,0.0,0.0,29.0,-100.0,-100.0,0.0,0.0,29.0,-73.733,-80.0,0.0,-8.394,29.0,-90.311,-90.311,0.0,0.002,28.0,31.22,31.22,0.0,-0.0,29.0,41.031,41.237,0.0,-0.0,30.0
43.2404,3,rev,-80.0,12.2,5.438,5.169,0.0,0.0,30.0,-100.0,-100.0,0.0,0.0,29.0,-100.0,-100.0,0.0,0.0,29.0,-74.133,-80.0,0.0,-8.161,29.0,-90.311,-90.311,0.0,0.001,28.0,31.22,31.22,0.0,-0.0,29.0,41.031,41.237,0.0,-0.0,30.0
43.2937,3,rev,-80.0,12.2,5.438,5.169,0.0,0.0,30.0,-100.0,-100.0,0.0,0.0,29.0,-100.0,-100.0,0.0,0.0,29.0,-74.533,-80.0,0.0,-7.608,29.0,-90.311,-90.311,0.0,0.0,28.0,31.22,31.22,0.0,-0.0,29.0,41.031,41.237,0.0,-0.0,30.0
43.3466,3,rev,-80.0,12.2,5.438,5.169,0.0,0.0,30.0,-100.0,-100.0,0.0,0.0,29.0,-100.0,-100.0,0.0,0.0,29.0,-74.933,-80.0,0.0,-7.325,29.0,-90.311,-90.311,0.0,0.0,28.0,31.22,31.22,0.0,-0.0,29.0,41.031,41.237,0.0,-0.0,30.0
43.3997,3,rev,-80.0,12.2,5.438,5.169,0.0,0.0,30.0,-100.0,-100.0,0.0,0.0,29.0,-100.0,-100.0,0.0,0.0,29.0,-75.333,-80.0,0.0,-7.274,29.0,-90.311,-90.311,0.0,0.0,28.0,31.22,31.22,0.0,-0.0,29.0,41.031,41.237,0.0,-0.0,30.0
43.4518,3,rev,-80.0,12.2,5.438,5.169,0.0,0.0,30.0,-100.0,-100.0,0.0,0.0,29.0,-100.0,-100.0,0.0,0.0,29.0,-75.867,-80.0,0.0,-8.649,29.0,-90.311,-90.311,0.0,0.0,28.0,31.22,31.22,0.0,-0.0,29.0,41.031,41.237,0.0,-0.0,30.0
43.5051,3,rev,-80.0,12.2,5.438,5.169,0.0,0.0,30.0,-100.0,-100.0,0.0,0.0,29.0,-100.0,-100.0,0.0,0.0,29.0,-76.267,-80.0,0.0,-8.297,29.0,-90.381,-90.311,0.0,-0.54,28.0,31.22,31.22,0.0,-0.0,29.0,41.031,41.237,0.0,-0.0,30.0
43.5584,3,rev,-80.0,12.2,5.438,5.169,0.0,0.0,30.0,-100.0,-100.0,0.0,0.0,29.0,-100.0,-100.0,0.0,0.0,29.0,-76.533,-80.0,0.0,-6.586,29.0,-90.311,-90.311,0.0,0.497,28.0,31.22,31.22,0.0,-0.0,29.0,41.031,41.237,0.0,-0.0,30.0
43.6117,3,rev,-80.0,12.2,5.438,5.169,0.0,0.0,30.0,-100.0,-100.0,0.0,0.0,29.0,-100.0,-100.0,0.0,0.0,29.0,-77.067,-80.0,0.0,-8.798,29.0,-90.311,-90.311,0.0,0.243,28.0,31.22,31.22,0.0,-0.0,29.0,41.031,41.237,0.0,-0.0,30.0
43.6646,3,rev,-80.0,12.2,5.438,5.169,0.0,0.0,30.0,-100.0,-100.0,0.0,0.0,29.0,-100.0,-100.0,0.0,0.0,29.0,-77.467,-80.0,0.0,-8.369,29.0,-90.311,-90.311,0.0,0.119,28.0,31.22,31.22,0.0,-0.0,29.0,41.031,41.237,0.0,-0.0,30.0
43.7176,3,rev,-80.0,12.2,5.348,5.169,0.0,-0.709,30.0,-100.0,-100.0,0.0,0.0,29.0,-100.0,-100.0,0.0,0.0,29.0,-77.867,-80.0,0.0,-8.141,29.0,-90.311,-90.311,0.0,0.058,28.0,31.22,31.22,0.0,-0.0,29.0,41.031,41.237,0.0,-0.0,30.0
43.7705,3,rev,-80.0,12.2,5.348,5.169,0.0,-0.348,30.0,-100.0,-100.0,0.0,0.0,29.0,-100.0,-100.0,0.0,0.0,29.0,-78.267,-80.0,0.0,-7.527,29.0,-90.311,-90.311,0.0,0.029,28.0,31.22,31.22,0.0,-0.0,29.0,41.031,41.237,0.0,-0.0,30.0
43.8238,3,rev,-80.0,12.2,5.348,5.169,0.0,-0.17,30.0,-100.0,-100.0,0.0,0.0,29.0,-100.0,-100.0,0.0,0.0,29.0,-78.8,-80.0,0.0,-8.702,29.0,-90.311,-90.311,0.0,0.014,28.0,31.22,31.22,0.0,-0.0,29.0,41.031,41.237,0.0,-0.0,30.0
43.8773,3,rev,-80.0,12.2,5.348,5.169,0.0,-0.083,30.0,-100.0,-100.0,0.0,0.0,29.0,-100.0,-100.0,0.0,0.0,29.0,-79.067,-80.0,0.0,-6.816,29.0,-90.311,-90.311,0.0,0.007,28.0,31.22,31.22,0.0,-0.0,29.0,41.031,41.237,0.0,-0.0,30.0
43.9303,3,rev,-80.0,12.2,5.348,5.169,0.0,-0.058,30.0,-100.0,-100.0,0.0,0.0,29.0,-100.0,-100.0,0.0,0.0,29.0,-79.467,-80.0,0.0,-9.195,29.0,-90.311,-90.311,0.0,0.005,28.0,31.22,31.22,0.0,-0.0,29.0,41.031,41.237,0.0,-0.0,30.0
43.9836,3,hold_start,-80.0,12.2,5.348,5.169,0.0,-0.029,30.0,-100.0,-100.0,0.0,0.0,29.0,-100.0,-100.0,0.0,0.0,29.0,-79.867,-80.0,0.0,-7.017,29.0,-90.311,-90.311,0.0,0.002,28.0,31.22,31.22,0.0,-0.0,29.0,41.031,41.237,0.0,-0.0,30.0
44.0368,3,hold_start,-80.0,12.2,5.348,5.169,0.0,-0.014,30.0,-100.0,-100.0,0.0,0.0,29.0,-100.0,-100.0,0.0,0.0,29.0,-80.0,-80.0,0.0,-4.49,29.0,-90.311,-90.311,0.0,0.001,28.0,31.22,31.22,0.0,-0.0,29.0,41.031,41.237,0.0,-0.0,30.0
44.0913,3,hold_start,-80.0,12.2,5.348,5.169,0.0,-0.007,30.0,-100.0,-100.0,0.0,0.0,29.0,-100.0,-100.0,0.0,0.0,29.0,-80.0,-80.0,0.0,-2.2,29.0,-90.311,-90.311,0.0,0.001,28.0,31.22,31.22,0.0,-0.0,29.0,41.031,41.237,0.0,-0.0,30.0
44.1445,3,hold_start,-80.0,12.2,5.348,5.169,0.0,-0.003,30.0,-100.0,-100.0,0.0,0.0,29.0,-100.0,-100.0,0.0,0.0,29.0,-80.0,-80.0,0.0,-1.078,29.0,-90.311,-90.311,0.0,0.0,28.0,31.22,31.22,0.0,-0.0,29.0,41.031,41.237,0.0,-0.0,30.0
44.1973,3,hold_start,-80.0,12.2,5.348,5.169,0.0,-0.002,30.0,-100.0,-100.0,0.0,0.0,29.0,-100.0,-100.0,0.0,0.0,29.0,-80.0,-80.0,0.0,-0.528,29.0,-90.311,-90.311,0.0,0.0,28.0,31.22,31.22,0.0,-0.0,29.0,41.031,41.237,0.0,-0.0,30.0
44.2504,3,hold_start,-80.0,12.2,5.348,5.169,0.0,-0.001,30.0,-100.0,-100.0,0.0,0.0,29.0,-100.0,-100.0,0.0,0.0,29.0,-80.0,-80.0,0.0,-0.259,29.0,-90.311,-90.311,0.0,0.0,28.0,31.22,31.22,0.0,-0.0,29.0,41.031,41.237,0.0,-0.0,30.0
44.3036,3,hold_start,-80.0,12.2,5.348,5.169,0.0,-0.0,30.0,-100.0,-100.0,0.0,0.0,29.0,-100.0,-100.0,0.0,0.0,29.0,-80.0,-80.0,0.0,-0.127,29.0,-90.311,-90.311,0.0,0.0,28.0,31.22,31.22,0.0,-0.0,29.0,41.031,41.237,0.0,-0.0,30.0
44.3565,3,hold_start,-80.0,12.2,5.348,5.169,0.0,-0.0,30.0,-100.0,-100.0,0.0,0.0,29.0,-100.0,-100.0,0.0,0.0,29.0,-80.0,-80.0,0.0,-0.089,29.0,-90.311,-90.311,0.0,0.0,28.0,31.22,31.22,0.0,-0.0,29.0,41.031,41.237,0.0,-0.0,30.0
44.4097,3,hold_start,-80.0,12.2,5.258,5.169,0.0,-0.633,30.0,-100.0,-100.0,0.0,0.0,29.0,-100.0,-100.0,0.0,0.0,29.0,-80.0,-80.0,0.0,-0.044,29.0,-90.311,-90.311,0.0,0.0,28.0,31.22,31.22,0.0,-0.0,29.0,41.031,41.237,0.0,-0.0,30.0
44.4619,3,hold_start,-80.0,12.2,5.258,5.169,0.0,-0.31,30.0,-100.0,-100.0,0.0,0.0,29.0,-100.0,-100.0,0.0,0.0,29.0,-80.0,-80.0,0.0,-0.021,29.0,-90.311,-90.311,0.0,0.0,28.0,31.22,31.22,0.0,-0.0,29.0,41.031,41.237,0.0,-0.0,30.0
44.5153,3,hold_start,-80.0,12.2,5.258,5.169,0.0,-0.217,30.0,-100.0,-100.0,0.0,0.0,29.0,-100.0,-100.0,0.0,0.0,29.0,-80.0,-80.0,0.0,-0.015,29.0,-90.311,-90.311,0.0,0.0,28.0,31.22,31.22,0.0,-0.0,29.0,41.031,41.237,0.0,-0.0,30.0
44.5683,3,hold_start,-80.0,12.2,5.258,5.169,0.0,-0.106,30.0,-100.0,-100.0,0.0,0.0,29.0,-100.0,-100.0,0.0,0.0,29.0,-80.0,-80.0,0.0,-0.007,29.0,-90.311,-90.311,0.0,0.0,28.0,31.22,31.22,0.0,-0.0,29.0,41.031,41.237,0.0,-0.0,30.0
44.6213,3,hold_start,-80.0,12.2,5.258,5.169,0.0,-0.052,30.0,-100.0,-100.0,0.0,0.0,29.0,-100.0,-100.0,0.0,0.0,29.0,-80.0,-80.0,0.0,-0.004,29.0,-90.311,-90.311,0.0,0.0,28.0,31.22,31.22,0.0,-0.0,29.0,41.031,41.237,0.0,-0.0,30.0
44.6747,3,hold_start,-80.0,12.2,5.258,5.169,0.0,-0.026,30.0,-100.0,-100.0,0.0,0.0,29.0,-100.0,-100.0,0.0,0.0,29.0,-80.0,-80.0,0.0,-0.002,29.0,-90.311,-90.311,0.0,0.0,28.0,31.22,31.22,0.0,-0.0,29.0,41.031,41.237,0.0,-0.0,30.0
44.7276,3,hold_start,-80.0,12.2,5.258,5.169,0.0,-0.013,30.0,-100.0,-100.0,0.0,0.0,29.0,-100.0,-100.0,0.0,0.0,29.0,-80.0,-80.0,0.0,-0.001,29.0,-90.311,-90.311,0.0,0.0,28.0,31.22,31.22,0.0,-0.0,29.0,41.031,41.237,0.0,-0.0,30.0
44.7806,3,hold_start,-80.0,12.2,5.258,5.169,0.0,-0.006,30.0,-100.0,-100.0,0.0,0.0,29.0,-100.0,-100.0,0.0,0.0,29.0,-80.0,-80.0,0.0,-0.0,29.0,-90.311,-90.311,0.0,0.0,28.0,31.22,31.22,0.0,-0.0,29.0,41.031,41.237,0.0,-0.0,30.0
44.8335,3,hold_start,-80.0,12.2,5.258,5.169,0.0,-0.003,30.0,-100.0,-100.0,0.0,0.0,29.0,-100.0,-100.0,0.0,0.0,29.0,-80.0,-80.0,0.0,-0.0,29.0,-90.311,-90.311,0.0,0.0,28.0,31.22,31.22,0.0,-0.0,29.0,41.031,41.237,0.0,-0.0,30.0
44.8859,3,hold_start,-80.0,12.2,5.258,5.169,0.0,-0.001,30.0,-100.0,-100.0,0.0,0.0,29.0,-100.0,-100.0,0.0,0.0,29.0,-80.0,-80.0,0.0,-0.0,29.0,-90.311,-90.311,0.0,0.0,28.0,31.22,31.22,0.0,-0.0,29.0,41.031,41.237,0.0,-0.0,30.0
44.9393,3,hold_start,-80.0,12.2,5.258,5.169,0.0,-0.001,30.0,-100.0,-100.0,0.0,0.0,29.0,-100.0,-100.0,0.0,0.0,29.0,-80.0,-80.0,0.0,-0.0,29.0,-90.311,-90.311,0.0,0.0,28.0,31.22,31.22,0.0,-0.0,29.0,41.031,41.237,0.0,-0.0,30.0
