t,cycle,leg,target,volt,shoulder_pitch_q,shoulder_pitch_cmd,shoulder_pitch_i,shoulder_pitch_qd,shoulder_pitch_temp,shoulder_yaw_q,shoulder_yaw_cmd,shoulder_yaw_i,shoulder_yaw_qd,shoulder_yaw_temp,shoulder_roll_q,shoulder_roll_cmd,shoulder_roll_i,shoulder_roll_qd,shoulder_roll_temp,elbow_flex_q,elbow_flex_cmd,elbow_flex_i,elbow_flex_qd,elbow_flex_temp,wrist_roll_q,wrist_roll_cmd,wrist_roll_i,wrist_roll_qd,wrist_roll_temp,wrist_yaw_q,wrist_yaw_cmd,wrist_yaw_i,wrist_yaw_qd,wrist_yaw_temp,wrist_pitch_q,wrist_pitch_cmd,wrist_pitch_i,wrist_pitch_qd,wrist_pitch_temp
-0.0057,0,approach,-80.0,12.2,5.169,5.169,0.0,0.0,30.0,-100.0,-100.0,-16.0,0.0,30.0,-100.0,-100.0,-8.0,0.0,30.0,-80.0,-80.0,0.0,0.0,29.0,-90.311,-90.311,0.0,0.0,29.0,31.22,31.22,0.0,0.0,29.0,41.031,41.031,0.0,0.0,30.0
0.0486,0,approach,-80.0,12.2,5.169,5.169,0.0,0.0,30.0,-100.0,-100.0,-16.0,0.0,30.0,-100.0,-100.0,-8.0,0.0,30.0,-80.0,-80.0,0.0,0.0,29.0,-90.311,-90.311,0.0,0.0,29.0,31.22,31.22,0.0,0.0,29.0,41.031,41.031,0.0,0.0,30.0
0.1019,0,approach,-80.0,12.2,5.169,5.169,0.0,0.0,30.0,-100.0,-100.0,-16.0,0.0,30.0,-100.0,-100.0,-8.0,0.0,30.0,-80.0,-80.0,0.0,0.0,29.0,-90.311,-90.311,0.0,0.0,29.0,31.22,31.22,0.0,0.0,29.0,41.031,41.031,0.0,0.0,30.0
0.1553,0,approach,-80.0,12.2,5.169,5.169,0.0,0.0,30.0,-100.0,-100.0,-16.0,0.0,30.0,-100.0,-100.0,-8.0,0.0,30.0,-80.0,-80.0,0.0,0.0,29.0,-90.311,-90.311,0.0,0.0,29.0,31.22,31.22,0.0,0.0,29.0,41.031,41.031,0.0,0.0,30.0
0.2078,0,approach,-80.0,12.2,5.169,5.169,0.0,0.0,30.0,-100.0,-100.0,-16.0,0.0,30.0,-100.0,-100.0,-8.0,0.0,30.0,-80.0,-80.0,0.0,0.0,29.0,-90.311,-90.311,0.0,0.0,29.0,31.22,31.22,0.0,0.0,29.0,41.031,41.031,0.0,0.0,30.0
0.261,0,approach,-80.0,12.2,5.169,5.169,0.0,0.0,30.0,-100.0,-100.0,-16.0,0.0,30.0,-100.0,-100.0,-8.0,0.0,30.0,-80.0,-80.0,0.0,0.0,29.0,-90.311,-90.311,0.0,0.0,29.0,31.22,31.22,0.0,0.0,29.0,41.031,41.031,0.0,0.0,30.0
0.3149,0,approach,-80.0,12.2,5.169,5.169,0.0,0.0,30.0,-100.0,-100.0,-16.0,0.0,30.0,-100.0,-100.0,-8.0,0.0,30.0,-80.0,-80.0,0.0,0.0,29.0,-90.311,-90.311,0.0,0.0,29.0,31.22,31.22,0.0,0.0,29.0,41.031,41.031,0.0,0.0,30.0
0.3682,0,approach,-80.0,12.2,5.169,5.169,0.0,0.0,30.0,-100.0,-100.0,-16.0,0.0,30.0,-100.0,-100.0,-8.0,0.0,30.0,-80.0,-80.0,0.0,0.0,29.0,-90.311,-90.311,0.0,0.0,29.0,31.22,31.22,0.0,0.0,29.0,41.031,41.031,0.0,0.0,30.0
0.4213,0,approach,-80.0,12.2,5.169,5.169,0.0,0.0,30.0,-100.0,-100.0,-16.0,0.0,30.0,-100.0,-100.0,-8.0,0.0,30.0,-80.0,-80.0,0.0,0.0,29.0,-90.311,-90.311,0.0,0.0,29.0,31.22,31.22,0.0,0.0,29.0,41.031,41.031,0.0,0.0,30.0
0.4744,0,approach,-80.0,12.2,5.169,5.169,0.0,0.0,30.0,-100.0,-100.0,-16.0,0.0,30.0,-100.0,-100.0,-8.0,0.0,30.0,-80.0,-80.0,0.0,0.0,29.0,-90.311,-90.311,0.0,0.0,29.0,31.22,31.22,0.0,0.0,29.0,41.031,41.031,0.0,0.0,30.0
0.5267,0,approach,-80.0,12.2,5.169,5.169,0.0,0.0,30.0,-100.0,-100.0,-16.0,0.0,30.0,-100.0,-100.0,-8.0,0.0,30.0,-80.0,-80.0,0.0,0.0,29.0,-90.311,-90.311,0.0,0.0,29.0,31.22,31.22,0.0,0.0,29.0,41.031,41.031,0.0,0.0,30.0
0.581,0,approach,-80.0,12.2,5.169,5.169,0.0,0.0,30.0,-100.0,-100.0,-16.0,0.0,30.0,-100.0,-100.0,-8.0,0.0,30.0,-80.0,-80.0,0.0,0.0,29.0,-90.311,-90.311,0.0,0.0,29.0,31.22,31.22,0.0,0.0,29.0,41.031,41.031,0.0,0.0,30.0
0.6342,0,approach,-80.0,12.2,5.169,5.169,0.0,0.0,30.0,-100.0,-100.0,-16.0,0.0,30.0,-100.0,-100.0,-8.0,0.0,30.0,-80.0,-80.0,0.0,0.0,29.0,-90.311,-90.311,0.0,0.0,29.0,31.22,31.22,0.0,0.0,29.0,41.031,41.031,0.0,0.0,30.0
0.6873,0,approach,-80.0,12.2,5.169,5.169,0.0,0.0,30.0,-100.0,-100.0,-16.0,0.0,30.0,-100.0,-100.0,-8.0,0.0,30.0,-80.0,-80.0,0.0,0.0,29.0,-90.311,-90.311,0.0,0.0,29.0,31.22,31.22,0.0,0.0,29.0,41.031,41.031,0.0,0.0,30.0
0.7406,0,approach,-80.0,12.2,5.169,5.169,0.0,0.0,30.0,-100.0,-100.0,-16.0,0.0,30.0,-100.0,-100.0,-8.0,0.0,30.0,-80.0,-80.0,0.0,0.0,29.0,-90.311,-90.311,0.0,0.0,29.0,31.22,31.22,0.0,0.0,29.0,41.031,41.031,0.0,0.0,30.0
0.7939,0,approach,-80.0,12.2,5.169,5.169,0.0,0.0,30.0,-100.0,-100.0,-16.0,0.0,30.0,-100.0,-100.0,-8.0,0.0,30.0,-80.0,-80.0,0.0,0.0,29.0,-90.311,-90.311,0.0,0.0,29.0,31.22,31.22,0.0,0.0,29.0,41.031,41.031,0.0,0.0,30.0
0.8471,0,approach,-80.0,12.2,5.169,5.169,0.0,0.0,30.0,-100.0,-100.0,-16.0,0.0,30.0,-100.0,-100.0,-8.0,0.0,30.0,-80.0,-80.0,0.0,0.0,29.0,-90.311,-90.311,0.0,0.0,29.0,31.22,31.22,0.0,0.0,29.0,41.031,41.031,0.0,0.0,30.0
0.9003,0,approach,-80.0,12.2,5.169,5.169,0.0,0.0,30.0,-100.0,-100.0,-16.0,0.0,30.0,-100.0,-100.0,-8.0,0.0,30.0,-80.0,-80.0,0.0,0.0,29.0,-90.311,-90.311,0.0,0.0,29.0,31.22,31.22,0.0,0.0,29.0,41.031,41.031,0.0,0.0,30.0
0.9527,0,approach,-80.0,12.2,5.169,5.169,0.0,0.0,30.0,-100.0,-100.0,-16.0,0.0,30.0,-100.0,-100.0,-8.0,0.0,30.0,-80.0,-80.0,0.0,0.0,29.0,-90.311,-90.311,0.0,0.0,29.0,31.22,31.22,0.0,0.0,29.0,41.031,41.031,0.0,0.0,30.0
1.006,1,fwd,-30.0,12.2,5.169,5.169,0.0,0.0,30.0,-100.0,-100.0,-16.0,0.0,30.0,-100.0,-100.0,-8.0,0.0,30.0,-80.0,-80.0,0.0,0.0,29.0,-90.311,-90.311,0.0,0.0,29.0,31.22,31.22,0.0,0.0,29.0,41.031,41.031,0.0,0.0,30.0
1.0594,1,fwd,-30.0,12.2,5.169,5.169,0.0,0.0,30.0,-100.0,-100.0,-16.0,0.0,30.0,-100.0,-100.0,-8.0,0.0,30.0,-80.0,-30.0,0.0,0.0,29.0,-90.311,-90.311,0.0,0.0,29.0,31.22,31.22,0.0,0.0,29.0,41.031,41.031,0.0,0.0,30.0
1.1127,1,fwd,-30.0,12.2,5.169,5.169,0.0,0.0,30.0,-100.0,-100.0,-16.0,0.0,30.0,-100.0,-100.0,-8.0,0.0,30.0,-80.0,-30.0,0.0,0.0,29.0,-90.311,-90.311,0.0,0.0,29.0,31.22,31.22,0.0,0.0,29.0,41.031,41.031,0.0,0.0,30.0
1.1661,1,fwd,-30.0,12.2,5.169,5.169,0.0,0.0,30.0,-100.0,-100.0,-16.0,0.0,30.0,-100.0,-100.0,-8.0,0.0,30.0,-79.733,-30.0,0.0,3.024,29.0,-90.311,-90.311,0.0,0.0,29.0,31.22,31.22,0.0,0.0,29.0,41.031,41.031,0.0,0.0,30.0
1.2191,1,fwd,-30.0,12.2,5.169,5.169,0.0,0.0,30.0,-100.0,-100.0,-16.0,0.0,30.0,-100.0,-100.0,-8.0,0.0,30.0,-79.2,-30.0,-16.0,4.702,29.0,-90.311,-90.311,0.0,0.0,29.0,31.22,31.22,0.0,0.0,29.0,41.031,41.031,0.0,0.0,30.0
1.2723,1,fwd,-30.0,12.2,5.169,5.169,0.0,0.0,30.0,-100.0,-100.0,-16.0,0.0,30.0,-100.0,-100.0,-8.0,0.0,30.0,-78.933,-30.0,-16.0,5.277,29.0,-90.311,-90.311,0.0,0.0,29.0,31.22,31.22,0.0,0.0,29.0,41.031,41.031,0.0,0.0,30.0
1.3253,1,fwd,-30.0,12.2,5.169,5.169,0.0,0.0,30.0,-100.0,-100.0,-16.0,0.0,30.0,-100.0,-100.0,-8.0,0.0,30.0,-78.533,-30.0,-16.0,6.517,29.0,-90.311,-90.311,0.0,0.0,29.0,31.22,31.22,0.0,0.0,29.0,41.031,41.031,0.0,0.0,30.0
1.3783,1,fwd,-30.0,12.2,5.169,5.169,0.0,0.0,30.0,-100.0,-100.0,-16.0,0.0,30.0,-100.0,-100.0,-8.0,0.0,30.0,-78.267,-30.0,-16.0,5.758,29.0,-90.311,-90.311,0.0,0.0,29.0,31.22,31.22,0.0,0.0,29.0,41.031,41.031,0.0,0.0,30.0
1.4312,1,fwd,-30.0,12.2,5.169,5.169,0.0,0.0,30.0,-100.0,-100.0,-16.0,0.0,30.0,-100.0,-100.0,-8.0,0.0,30.0,-77.867,-30.0,-16.0,6.431,29.0,-90.311,-90.311,0.0,0.0,29.0,31.22,31.22,0.0,0.0,29.0,41.031,41.031,0.0,0.0,30.0
1.4845,1,fwd,-30.0,12.2,5.169,5.169,0.0,0.0,30.0,-100.0,-100.0,-16.0,0.0,30.0,-100.0,-100.0,-8.0,0.0,30.0,-77.467,-30.0,-16.0,7.19,29.0,-90.311,-90.311,0.0,0.0,29.0,31.22,31.22,0.0,0.0,29.0,41.031,41.031,0.0,0.0,30.0
1.5369,1,fwd,-30.0,12.2,5.169,5.169,0.0,0.0,30.0,-100.0,-100.0,-16.0,0.0,30.0,-100.0,-100.0,-8.0,0.0,30.0,-77.333,-30.0,-16.0,5.012,29.0,-90.311,-90.311,0.0,0.0,29.0,31.22,31.22,0.0,0.0,29.0,41.031,41.031,0.0,0.0,30.0
1.591,1,fwd,-30.0,12.2,5.169,5.169,0.0,0.0,30.0,-100.0,-100.0,-16.0,0.0,30.0,-100.0,-100.0,-8.0,0.0,30.0,-76.933,-30.0,-16.0,6.041,29.0,-90.311,-90.311,0.0,0.0,29.0,31.22,31.22,0.0,0.0,29.0,41.031,41.031,0.0,0.0,30.0
1.6436,1,fwd,-30.0,12.2,5.169,5.169,0.0,0.0,30.0,-100.0,-100.0,-16.0,0.0,30.0,-100.0,-100.0,-8.0,0.0,30.0,-76.533,-30.0,-16.0,6.979,29.0,-90.311,-90.311,0.0,0.0,29.0,31.22,31.22,0.0,0.0,29.0,41.031,41.031,0.0,0.0,30.0
1.697,1,fwd,-30.0,12.2,5.169,5.169,0.0,0.0,30.0,-100.0,-100.0,-16.0,0.0,30.0,-100.0,-100.0,-8.0,0.0,30.0,-76.267,-30.0,-16.0,6.412,29.0,-90.311,-90.311,0.0,0.0,29.0,31.22,31.22,0.0,0.0,29.0,41.031,41.031,0.0,0.0,30.0
1.7501,1,fwd,-30.0,12.1,5.169,5.169,0.0,0.0,30.0,-100.0,-100.0,-16.0,0.0,30.0,-100.0,-100.0,-8.0,0.0,30.0,-76.133,-30.0,-68.0,5.998,29.0,-90.311,-90.311,0.0,0.0,29.0,31.22,31.22,0.0,0.0,29.0,41.031,41.031,0.0,0.0,30.0
1.8032,1,fwd,-30.0,12.1,5.169,5.169,0.0,0.0,30.0,-100.0,-100.0,-16.0,0.0,30.0,-100.0,-100.0,-8.0,0.0,30.0,-75.6,-30.0,-68.0,5.89,29.0,-90.311,-90.311,0.0,0.0,29.0,31.22,31.22,0.0,0.0,29.0,41.031,41.031,0.0,0.0,30.0
1.8565,1,fwd,-30.0,12.1,5.258,5.169,0.0,0.705,30.0,-100.0,-100.0,-16.0,0.0,30.0,-100.0,-100.0,-8.0,0.0,30.0,-75.2,-30.0,-68.0,6.463,29.0,-90.311,-90.311,0.0,0.0,29.0,31.22,31.22,0.0,0.0,29.0,41.031,41.031,0.0,0.0,30.0
1.9094,1,fwd,-30.0,12.1,5.258,5.169,0.0,0.346,30.0,-100.0,-100.0,-16.0,0.0,30.0,-100.0,-100.0,-8.0,0.0,30.0,-74.667,-30.0,-68.0,8.238,29.0,-90.311,-90.311,0.0,0.0,29.0,31.22,31.22,0.0,0.0,29.0,41.031,41.031,0.0,0.0,30.0
1.9617,1,fwd,-30.0,12.1,5.348,5.169,0.0,0.871,30.0,-100.0,-100.0,-16.0,0.0,30.0,-100.0,-100.0,-8.0,0.0,30.0,-74.267,-30.0,-68.0,8.004,29.0,-90.311,-90.311,0.0,0.0,29.0,31.22,31.22,0.0,0.0,29.0,41.031,41.031,0.0,0.0,30.0
2.0151,1,fwd,-30.0,12.1,5.348,5.169,0.0,0.427,30.0,-100.0,-100.0,-16.0,0.0,30.0,-100.0,-100.0,-8.0,0.0,30.0,-73.867,-30.0,-68.0,7.45,29.0,-90.311,-90.311,0.0,0.0,29.0,31.22,31.22,0.0,0.0,29.0,41.031,41.031,0.0,0.0,30.0
2.0683,1,fwd,-30.0,12.1,5.348,5.169,0.0,0.209,30.0,-100.0,-100.0,-16.0,0.0,30.0,-100.0,-100.0,-8.0,0.0,30.0,-73.467,-30.0,-68.0,7.184,29.0,-90.311,-90.311,0.0,0.0,29.0,31.22,31.22,0.0,0.0,29.0,41.031,41.031,0.0,0.0,30.0
2.1215,1,fwd,-30.0,12.1,5.348,5.169,0.0,0.102,30.0,-100.0,-100.0,-16.0,0.0,30.0,-100.0,-100.0,-8.0,0.0,30.0,-73.067,-30.0,-68.0,7.048,29.0,-90.311,-90.311,0.0,0.0,29.0,31.22,31.22,0.0,0.0,29.0,41.031,41.031,0.0,0.0,30.0
2.1738,1,fwd,-30.0,12.1,5.348,5.169,0.0,0.05,30.0,-100.0,-100.0,-16.0,0.0,30.0,-100.0,-100.0,-8.0,0.0,30.0,-72.667,-30.0,-68.0,7.032,29.0,-90.311,-90.311,0.0,0.0,29.0,31.22,31.22,0.0,0.0,29.0,41.031,41.031,0.0,0.0,30.0
2.2269,1,fwd,-30.0,12.1,5.348,5.169,0.0,0.025,30.0,-100.0,-100.0,-16.0,0.0,30.0,-100.0,-100.0,-8.0,0.0,30.0,-72.133,-30.0,-68.0,8.556,29.0,-90.311,-90.311,0.0,0.0,29.0,31.22,31.22,0.0,0.0,29.0,41.031,41.031,0.0,0.0,30.0
2.2801,1,fwd,-30.0,12.1,5.348,5.169,0.0,0.012,30.0,-100.0,-100.0,-16.0,0.0,30.0,-100.0,-100.0,-8.0,0.0,30.0,-71.733,-30.0,-68.0,7.801,29.0,-90.311,-90.311,0.0,0.0,29.0,31.22,31.22,0.0,0.0,29.0,41.031,41.031,0.0,0.0,30.0
2.3332,1,fwd,-30.0,12.1,5.348,5.169,8.0,0.012,30.0,-100.0,-100.0,-16.0,0.0,30.0,-100.0,-100.0,-8.0,0.0,30.0,-71.733,-30.0,-92.0,7.801,29.0,-90.311,-90.311,0.0,0.0,29.0,31.22,31.22,0.0,0.0,29.0,41.031,41.031,0.0,0.0,30.0
2.3866,1,fwd,-30.0,12.1,5.348,5.169,8.0,0.006,30.0,-100.0,-100.0,-16.0,0.0,30.0,-100.0,-100.0,-8.0,0.0,30.0,-71.067,-30.0,-92.0,8.125,29.0,-90.311,-90.311,0.0,0.0,29.0,31.22,31.22,0.0,0.0,29.0,41.031,41.031,0.0,0.0,30.0
2.4388,1,fwd,-30.0,12.1,5.348,5.169,8.0,0.003,30.0,-100.0,-100.0,-16.0,0.0,30.0,-100.0,-100.0,-8.0,0.0,30.0,-70.667,-30.0,-92.0,7.911,29.0,-90.311,-90.311,0.0,0.0,29.0,31.22,31.22,0.0,0.0,29.0,41.031,41.031,0.0,0.0,30.0
2.4919,1,fwd,-30.0,12.1,5.348,5.169,8.0,0.001,30.0,-100.0,-100.0,-16.0,0.0,30.0,-100.0,-100.0,-8.0,0.0,30.0,-70.267,-30.0,-92.0,7.868,29.0,-90.311,-90.311,0.0,0.0,29.0,31.22,31.22,0.0,0.0,29.0,41.031,41.031,0.0,0.0,30.0
2.5457,1,fwd,-30.0,12.1,5.348,5.169,8.0,0.001,30.0,-100.0,-100.0,-16.0,0.0,30.0,-100.0,-100.0,-8.0,0.0,30.0,-69.867,-30.0,-92.0,7.443,29.0,-90.311,-90.311,0.0,0.0,29.0,31.22,31.22,0.0,0.0,29.0,41.031,41.031,0.0,0.0,30.0
2.5988,1,fwd,-30.0,12.1,5.348,5.169,8.0,0.0,30.0,-100.0,-100.0,-16.0,0.0,30.0,-100.0,-100.0,-8.0,0.0,30.0,-69.333,-30.0,-92.0,8.693,29.0,-90.311,-90.311,0.0,0.0,29.0,31.22,31.22,0.0,0.0,29.0,41.031,41.031,0.0,0.0,30.0
2.6522,1,fwd,-30.0,12.1,5.348,5.169,8.0,0.0,30.0,-100.0,-100.0,-16.0,0.0,30.0,-100.0,-100.0,-8.0,0.0,30.0,-68.8,-30.0,-92.0,9.326,29.0,-90.311,-90.311,0.0,0.0,29.0,31.22,31.22,0.0,0.0,29.0,41.031,41.031,0.0,0.0,30.0
2.7055,1,fwd,-30.0,12.1,5.348,5.169,8.0,0.0,30.0,-100.0,-100.0,-16.0,0.0,30.0,-100.0,-100.0,-8.0,0.0,30.0,-68.4,-30.0,-92.0,8.556,29.0,-90.311,-90.311,0.0,0.0,29.0,31.22,31.22,0.0,0.0,29.0,41.031,41.031,0.0,0.0,30.0
2.7587,1,fwd,-30.0,12.1,5.348,5.169,8.0,0.0,30.0,-100.0,-100.0,-16.0,0.0,30.0,-100.0,-100.0,-8.0,0.0,30.0,-68.133,-30.0,-92.0,6.739,29.0,-90.311,-90.311,0.0,0.0,29.0,31.22,31.22,0.0,0.0,29.0,41.031,41.031,0.0,0.0,30.0
2.8118,1,fwd,-30.0,12.1,5.348,5.169,8.0,0.0,30.0,-100.0,-100.0,-16.0,0.0,30.0,-100.0,-100.0,-8.0,0.0,30.0,-67.733,-30.0,-92.0,6.898,29.0,-90.311,-90.311,0.0,0.0,29.0,31.22,31.22,0.0,0.0,29.0,41.031,41.031,0.0,0.0,30.0
2.865,1,fwd,-30.0,12.1,5.348,5.169,8.0,0.0,30.0,-100.0,-100.0,-16.0,0.0,30.0,-100.0,-100.0,-8.0,0.0,30.0,-67.333,-30.0,-92.0,7.382,29.0,-90.381,-90.311,0.0,-0.77,29.0,31.22,31.22,0.0,0.0,29.0,41.031,41.031,0.0,0.0,30.0
2.9184,1,fwd,-30.0,12.1,5.348,5.169,8.0,0.0,30.0,-100.0,-100.0,-16.0,0.0,30.0,-100.0,-100.0,-8.0,0.0,30.0,-66.933,-30.0,-104.0,7.257,29.0,-90.381,-90.311,-8.0,-0.539,29.0,31.22,31.22,0.0,0.0,29.0,41.031,41.031,0.0,0.0,30.0
2.9714,1,fwd,-30.0,12.1,5.438,5.169,8.0,0.707,30.0,-100.0,-100.0,-16.0,0.0,30.0,-100.0,-100.0,-8.0,0.0,30.0,-66.533,-30.0,-104.0,7.599,29.0,-90.311,-90.311,-8.0,0.513,29.0,31.22,31.22,0.0,0.0,29.0,41.031,41.031,0.0,0.0,30.0
3.0242,1,fwd,-30.0,12.1,5.438,5.169,8.0,0.346,30.0,-100.0,-100.0,-16.0,0.0,30.0,-100.0,-100.0,-8.0,0.0,30.0,-66.0,-30.0,-104.0,8.684,29.0,-90.311,-90.311,-8.0,0.251,29.0,31.22,31.22,0.0,0.0,29.0,40.825,41.031,0.0,-1.57,30.0
3.0773,1,fwd,-30.0,12.1,5.438,5.169,8.0,0.17,30.0,-100.0,-100.0,-16.0,0.0,30.0,-100.0,-100.0,-8.0,0.0,30.0,-65.6,-30.0,-104.0,7.876,29.0,-90.311,-90.311,-8.0,0.123,29.0,31.22,31.22,0.0,0.0,29.0,40.825,41.031,0.0,-0.769,30.0
3.1304,1,fwd,-30.0,12.1,5.438,5.169,8.0,0.083,30.0,-100.0,-100.0,-16.0,0.0,30.0,-100.0,-100.0,-8.0,0.0,30.0,-65.2,-30.0,-104.0,7.407,29.0,-90.311,-90.311,-8.0,0.06,29.0,31.22,31.22,0.0,0.0,29.0,40.825,41.031,0.0,-0.377,30.0
3.1828,1,fwd,-30.0,12.1,5.438,5.169,8.0,0.041,30.0,-100.0,-100.0,-16.0,0.0,30.0,-100.0,-100.0,-8.0,0.0,30.0,-64.8,-30.0,-104.0,7.219,29.0,-90.311,-90.311,-8.0,0.03,29.0,31.22,31.22,0.0,0.0,29.0,40.825,41.031,0.0,-0.185,30.0
3.2358,1,fwd,-30.0,12.1,5.438,5.169,8.0,0.02,30.0,-100.0,-100.0,-16.0,0.0,30.0,-100.0,-100.0,-8.0,0.0,30.0,-64.4,-30.0,-104.0,7.132,29.0,-90.381,-90.311,-8.0,-0.766,29.0,31.22,31.22,0.0,0.0,29.0,40.825,41.031,0.0,-0.09,30.0
3.2892,1,fwd,-30.0,12.1,5.438,5.169,8.0,0.01,30.0,-100.0,-100.0,-16.0,0.0,30.0,-100.0,-100.0,-8.0,0.0,30.0,-64.133,-30.0,-104.0,6.029,29.0,-90.381,-90.311,-8.0,-0.376,29.0,31.22,31.22,0.0,0.0,29.0,40.825,41.031,0.0,-0.044,30.0
3.3427,1,fwd,-30.0,12.1,5.438,5.169,8.0,0.005,30.0,-100.0,-100.0,-16.0,0.0,30.0,-100.0,-100.0,-8.0,0.0,30.0,-63.6,-30.0,-104.0,8.44,29.0,-90.381,-90.311,-8.0,-0.184,29.0,31.22,31.22,0.0,0.0,29.0,40.825,41.031,0.0,-0.022,30.0
3.3961,1,fwd,-30.0,12.1,5.438,5.169,8.0,0.002,30.0,-100.0,-100.0,-16.0,0.0,30.0,-100.0,-100.0,-8.0,0.0,30.0,-63.2,-30.0,-104.0,7.697,29.0,-90.311,-90.311,-8.0,0.45,29.0,31.22,31.22,0.0,0.0,29.0,40.825,41.031,0.0,-0.011,30.0
3.4493,1,fwd,-30.0,12.1,5.438,5.169,8.0,0.002,30.0,-100.0,-100.0,-16.0,0.0,30.0,-100.0,-100.0,-8.0,0.0,30.0,-62.933,-30.0,-104.0,8.4,29.0,-90.311,-90.311,-8.0,0.315,29.0,31.22,31.22,0.0,0.0,29.0,40.825,41.031,0.0,-0.007,30.0
3.5026,1,fwd,-30.0,12.1,5.438,5.169,16.0,0.001,30.0,-100.0,-100.0,-16.0,0.0,30.0,-100.0,-100.0,-8.0,0.0,30.0,-62.4,-30.0,-104.0,8.557,29.0,-90.311,-90.311,0.0,0.22,29.0,31.22,31.22,0.0,0.0,29.0,40.825,41.031,-8.0,-0.005,30.0
3.5549,1,fwd,-30.0,12.1,5.438,5.169,16.0,0.001,30.0,-100.0,-100.0,-16.0,0.0,30.0,-100.0,-100.0,-8.0,0.0,30.0,-62.0,-30.0,-104.0,8.069,29.0,-90.311,-90.311,0.0,0.108,29.0,31.22,31.22,0.0,0.0,29.0,40.825,41.031,-8.0,-0.003,30.0
3.6092,1,fwd,-30.0,12.1,5.438,5.169,16.0,0.0,30.0,-100.0,-100.0,-16.0,0.0,30.0,-100.0,-100.0,-8.0,0.0,30.0,-61.6,-30.0,-104.0,7.896,29.0,-90.311,-90.311,0.0,0.053,29.0,31.22,31.22,0.0,0.0,29.0,40.825,41.031,-8.0,-0.001,30.0
3.6625,1,fwd,-30.0,12.1,5.438,5.169,16.0,0.0,30.0,-100.0,-100.0,-16.0,0.0,30.0,-100.0,-100.0,-8.0,0.0,30.0,-61.2,-30.0,-104.0,7.476,29.0,-90.381,-90.311,0.0,-0.52,29.0,31.22,31.22,0.0,0.0,29.0,40.825,41.031,-8.0,-0.001,30.0
3.7155,1,fwd,-30.0,12.1,5.438,5.169,16.0,0.0,30.0,-100.0,-100.0,-16.0,0.0,30.0,-100.0,-100.0,-8.0,0.0,30.0,-60.8,-30.0,-104.0,7.708,29.0,-90.381,-90.311,0.0,-0.255,29.0,31.22,31.22,0.0,0.0,29.0,40.825,41.031,-8.0,-0.0,30.0
3.7678,1,fwd,-30.0,12.1,5.438,5.169,16.0,0.0,30.0,-100.0,-100.0,-16.0,0.0,30.0,-100.0,-100.0,-8.0,0.0,30.0,-60.4,-30.0,-104.0,7.325,29.0,-90.381,-90.311,0.0,-0.125,29.0,31.22,31.22,0.0,0.0,29.0,40.825,41.031,-8.0,-0.0,30.0
3.8211,1,fwd,-30.0,12.1,5.438,5.169,16.0,0.0,30.0,-100.0,-100.0,-16.0,0.0,30.0,-100.0,-100.0,-8.0,0.0,30.0,-59.867,-30.0,-104.0,8.706,29.0,-90.311,-90.311,0.0,0.721,29.0,31.22,31.22,0.0,0.0,29.0,40.825,41.031,-8.0,-0.0,30.0
3.8742,1,fwd,-30.0,12.1,5.438,5.169,16.0,0.0,30.0,-100.0,-100.0,-16.0,0.0,30.0,-100.0,-100.0,-8.0,0.0,30.0,-59.467,-30.0,-104.0,7.847,29.0,-90.311,-90.311,0.0,0.353,29.0,31.22,31.22,0.0,0.0,29.0,40.825,41.031,-8.0,-0.0,30.0
3.9276,1,fwd,-30.0,12.1,5.438,5.169,16.0,0.0,30.0,-100.0,-100.0,-16.0,0.0,30.0,-100.0,-100.0,-8.0,0.0,30.0,-59.067,-30.0,-104.0,7.431,29.0,-90.311,-90.311,0.0,0.173,29.0,31.22,31.22,0.0,0.0,29.0,40.825,41.031,-8.0,-0.0,30.0
3.9805,1,fwd,-30.0,12.1,5.438,5.169,16.0,0.0,30.0,-100.0,-100.0,-16.0,0.0,30.0,-100.0,-100.0,-8.0,0.0,30.0,-58.667,-30.0,-104.0,7.174,29.0,-90.381,-90.311,0.0,-0.687,29.0,31.22,31.22,0.0,0.0,29.0,40.825,41.031,-8.0,-0.0,30.0
4.0328,1,fwd,-30.0,12.1,5.438,5.169,16.0,0.0,30.0,-100.0,-100.0,-16.0,0.0,30.0,-100.0,-100.0,-8.0,0.0,30.0,-58.533,-30.0,-112.0,6.51,29.0,-90.381,-90.311,-8.0,-0.481,29.0,31.22,31.22,0.0,0.0,29.0,41.031,41.031,0.0,2.301,30.0
4.0865,1,fwd,-30.0,12.1,5.438,5.169,16.0,0.0,30.0,-100.0,-100.0,-16.0,0.0,30.0,-100.0,-100.0,-8.0,0.0,30.0,-58.0,-30.0,-112.0,5.12,29.0,-90.381,-90.311,-8.0,-0.236,29.0,31.22,31.22,0.0,0.0,29.0,40.825,41.031,0.0,-1.164,30.0
4.1388,1,fwd,-30.0,12.1,5.438,5.169,16.0,0.0,30.0,-100.0,-100.0,-16.0,0.0,30.0,-100.0,-100.0,-8.0,0.0,30.0,-57.467,-30.0,-112.0,8.014,29.0,-90.381,-90.311,-8.0,-0.116,29.0,31.22,31.22,0.0,0.0,29.0,40.825,41.031,0.0,-0.571,30.0
4.1921,1,fwd,-30.0,12.1,5.438,5.169,16.0,0.0,30.0,-100.0,-100.0,-16.0,0.0,30.0,-100.0,-100.0,-8.0,0.0,30.0,-56.933,-30.0,-112.0,8.968,29.0,-90.381,-90.311,-8.0,-0.057,29.0,31.22,31.22,0.0,0.0,29.0,40.825,41.031,0.0,-0.28,30.0
4.2456,1,fwd,-30.0,12.1,5.438,5.169,16.0,0.0,30.0,-100.0,-100.0,-16.0,0.0,30.0,-100.0,-100.0,-8.0,0.0,30.0,-56.533,-30.0,-112.0,7.95,29.0,-90.381,-90.311,-8.0,-0.028,29.0,31.22,31.22,0.0,0.0,29.0,40.825,41.031,0.0,-0.137,30.0
4.2978,1,fwd,-30.0,12.1,5.438,5.169,16.0,0.0,30.0,-100.0,-100.0,-16.0,0.0,30.0,-100.0,-100.0,-8.0,0.0,30.0,-56.0,-30.0,-112.0,8.919,29.0,-90.311,-90.311,-8.0,0.52,29.0,31.22,31.22,0.0,0.0,29.0,40.825,41.031,0.0,-0.067,30.0
4.3512,1,fwd,-30.0,12.1,5.438,5.169,16.0,0.0,30.0,-100.0,-100.0,-16.0,0.0,30.0,-100.0,-100.0,-8.0,0.0,30.0,-55.6,-30.0,-112.0,8.432,29.0,-90.311,-90.311,-8.0,0.255,29.0,31.22,31.22,0.0,0.0,29.0,40.825,41.031,0.0,-0.033,30.0
4.404,1,fwd,-30.0,12.1,5.438,5.169,16.0,0.0,30.0,-100.0,-100.0,-16.0,0.0,30.0,-100.0,-100.0,-8.0,0.0,30.0,-55.333,-30.0,-112.0,6.658,29.0,-90.381,-90.311,-8.0,-0.646,29.0,31.22,31.22,0.0,0.0,29.0,40.825,41.031,0.0,-0.016,30.0
4.4559,1,fwd,-30.0,12.1,5.438,5.169,16.0,0.0,30.0,-100.0,-100.0,-16.0,0.0,30.0,-100.0,-100.0,-8.0,0.0,30.0,-55.067,-30.0,-112.0,7.685,29.0,-90.381,-90.311,-8.0,-0.453,29.0,31.22,31.22,0.0,0.0,29.0,40.825,41.031,0.0,-0.011,30.0
4.5093,1,fwd,-30.0,12.1,5.438,5.169,16.0,0.0,30.0,-100.0,-100.0,-16.0,0.0,30.0,-100.0,-100.0,-8.0,0.0,30.0,-54.8,-30.0,-112.0,6.195,29.0,-90.381,-90.311,-8.0,-0.222,29.0,31.22,31.22,0.0,0.0,29.0,40.825,41.031,0.0,-0.006,30.0
4.5624,1,fwd,-30.0,12.1,5.438,5.169,16.0,0.0,30.0,-100.0,-100.0,-16.0,0.0,30.0,-100.0,-100.0,-8.0,0.0,30.0,-54.267,-30.0,-112.0,7.999,29.0,-90.381,-90.311,-8.0,-0.109,29.0,31.22,31.22,0.0,0.0,29.0,40.825,41.031,0.0,-0.003,30.0
4.617,1,fwd,-30.0,12.1,5.438,5.169,16.0,0.0,30.0,-100.0,-100.0,-16.0,0.0,30.0,-100.0,-100.0,-8.0,0.0,30.0,-54.133,-30.0,-140.0,6.99,29.0,-90.381,-90.311,-8.0,-0.076,29.0,31.22,31.22,0.0,0.0,29.0,40.825,41.031,-8.0,-0.002,30.0
4.6703,1,fwd,-30.0,12.1,5.438,5.169,16.0,0.0,30.0,-100.0,-100.0,-16.0,0.0,30.0,-100.0,-100.0,-8.0,0.0,30.0,-53.333,-30.0,-140.0,7.371,29.0,-90.381,-90.311,-8.0,-0.037,29.0,31.22,31.22,0.0,0.0,29.0,40.825,41.031,-8.0,-0.001,30.0
4.7232,1,fwd,-30.0,12.1,5.438,5.169,16.0,0.0,30.0,-100.0,-100.0,-16.0,0.0,30.0,-100.0,-100.0,-8.0,0.0,30.0,-52.8,-30.0,-140.0,8.698,29.0,-90.381,-90.311,-8.0,-0.018,29.0,31.22,31.22,0.0,0.0,29.0,40.825,41.031,-8.0,-0.0,30.0
4.7762,1,fwd,-30.0,12.1,5.438,5.169,16.0,0.0,30.0,-100.0,-100.0,-16.0,0.0,30.0,-100.0,-100.0,-8.0,0.0,30.0,-52.667,-30.0,-140.0,5.733,29.0,-90.381,-90.311,-8.0,-0.009,29.0,31.22,31.22,0.0,0.0,29.0,40.825,41.031,-8.0,-0.0,30.0
4.8292,1,fwd,-30.0,12.1,5.438,5.169,16.0,0.0,30.0,-100.0,-100.0,-16.0,0.0,30.0,-100.0,-100.0,-8.0,0.0,30.0,-52.133,-30.0,-140.0,7.476,29.0,-90.381,-90.311,-8.0,-0.004,29.0,31.22,31.22,0.0,0.0,29.0,40.825,41.031,-8.0,-0.0,30.0
4.8822,1,fwd,-30.0,12.1,5.438,5.169,16.0,0.0,30.0,-100.0,-100.0,-16.0,0.0,30.0,-100.0,-100.0,-8.0,0.0,30.0,-52.0,-30.0,-140.0,4.717,29.0,-90.381,-90.311,-8.0,-0.002,29.0,31.22,31.22,0.0,0.0,29.0,40.825,41.031,-8.0,-0.0,30.0
4.9352,1,fwd,-30.0,12.1,5.438,5.169,16.0,0.0,30.0,-100.0,-100.0,-16.0,0.0,30.0,-100.0,-100.0,-8.0,0.0,30.0,-51.333,-30.0,-140.0,8.912,29.0,-90.381,-90.311,-8.0,-0.001,29.0,31.22,31.22,0.0,0.0,29.0,40.825,41.031,-8.0,-0.0,30.0
4.9883,1,fwd,-30.0,12.1,5.438,5.169,16.0,0.0,30.0,-100.0,-100.0,-16.0,0.0,30.0,-100.0,-100.0,-8.0,0.0,30.0,-51.2,-30.0,-140.0,5.417,29.0,-90.381,-90.311,-8.0,-0.001,29.0,31.22,31.22,0.0,0.0,29.0,40.825,41.031,-8.0,-0.0,30.0
5.0415,1,fwd,-30.0,12.1,5.438,5.169,16.0,0.0,30.0,-100.0,-100.0,-16.0,0.0,30.0,-100.0,-100.0,-8.0,0.0,30.0,-50.4,-30.0,-140.0,10.268,29.0,-90.381,-90.311,-8.0,-0.0,29.0,31.22,31.22,0.0,0.0,29.0,40.825,41.031,-8.0,-0.0,30.0
5.0944,1,fwd,-30.0,12.1,5.438,5.169,16.0,0.0,30.0,-100.0,-100.0,-16.0,0.0,30.0,-100.0,-100.0,-8.0,0.0,30.0,-50.0,-30.0,-140.0,9.118,29.0,-90.381,-90.311,-8.0,-0.0,29.0,31.22,31.22,0.0,0.0,29.0,40.825,41.031,-8.0,-0.0,30.0
5.1474,1,fwd,-30.0,12.1,5.438,5.169,16.0,0.0,30.0,-100.0,-100.0,-16.0,0.0,30.0,-100.0,-100.0,-8.0,0.0,30.0,-49.6,-30.0,-140.0,8.093,29.0,-90.381,-90.311,-8.0,-0.0,29.0,31.22,31.22,0.0,0.0,29.0,40.825,41.031,-8.0,-0.0,30.0
5.2005,1,fwd,-30.0,12.1,5.438,5.169,16.0,0.0,30.0,-100.0,-100.0,-16.0,0.0,30.0,-100.0,-100.0,-8.0,0.0,30.0,-49.2,-30.0,-140.0,7.764,29.0,-90.381,-90.311,-8.0,-0.0,29.0,31.22,31.22,0.0,0.0,29.0,40.825,41.031,-8.0,-0.0,30.0
5.2535,1,fwd,-30.0,12.1,5.438,5.169,16.0,0.0,30.0,-100.0,-100.0,-16.0,0.0,30.0,-100.0,-100.0,-8.0,0.0,30.0,-48.933,-30.0,-140.0,5.919,29.0,-90.381,-90.311,-8.0,-0.0,29.0,31.22,31.22,0.0,0.0,29.0,40.825,41.031,-8.0,-0.0,30.0
5.3056,1,fwd,-30.0,12.1,5.438,5.169,16.0,0.0,30.0,-100.0,-100.0,-16.0,0.0,30.0,-100.0,-100.0,-8.0,0.0,30.0,-48.533,-30.0,-140.0,6.933,29.0,-90.381,-90.311,-8.0,-0.0,29.0,31.22,31.22,0.0,0.0,29.0,40.825,41.031,-8.0,-0.0,30.0
5.3579,1,fwd,-30.0,12.1,5.438,5.169,16.0,0.0,30.0,-100.0,-100.0,-16.0,0.0,30.0,-100.0,-100.0,-8.0,0.0,30.0,-48.133,-30.0,-140.0,6.987,29.0,-90.381,-90.311,-8.0,-0.0,29.0,31.22,31.22,0.0,0.0,29.0,40.825,41.031,-8.0,-0.0,30.0
5.4109,1,fwd,-30.0,12.1,5.438,5.169,16.0,0.0,30.0,-100.0,-100.0,-16.0,0.0,30.0,-100.0,-100.0,-8.0,0.0,30.0,-47.733,-30.0,-140.0,7.483,29.0,-90.381,-90.311,-8.0,-0.0,29.0,31.22,31.22,0.0,0.0,29.0,40.825,41.031,-8.0,-0.0,30.0
5.4639,1,fwd,-30.0,12.1,5.438,5.169,16.0,0.0,30.0,-100.0,-100.0,-16.0,0.0,30.0,-100.0,-100.0,-8.0,0.0,30.0,-47.067,-30.0,-140.0,9.832,29.0,-90.381,-90.311,-8.0,-0.0,29.0,31.22,31.22,0.0,0.0,29.0,40.825,41.031,-8.0,-0.0,30.0
5.517,1,fwd,-30.0,12.1,5.438,5.169,16.0,0.0,30.0,-100.0,-100.0,-16.0,0.0,30.0,-100.0,-100.0,-8.0,0.0,30.0,-46.667,-30.0,-140.0,8.405,29.0,-90.381,-90.311,-8.0,-0.0,29.0,31.22,31.22,0.0,0.0,29.0,40.825,41.031,-8.0,-0.0,30.0
5.5699,1,fwd,-30.0,12.1,5.438,5.169,16.0,0.0,30.0,-100.0,-100.0,-16.0,0.0,30.0,-100.0,-100.0,-8.0,0.0,30.0,-46.267,-30.0,-140.0,8.168,29.0,-90.381,-90.311,-8.0,-0.0,29.0,31.22,31.22,0.0,0.0,29.0,40.825,41.031,-8.0,-0.0,30.0
5.6236,1,fwd,-30.0,12.1,5.438,5.169,16.0,0.0,30.0,-100.0,-100.0,-16.0,0.0,30.0,-100.0,-100.0,-8.0,0.0,30.0,-45.867,-30.0,-140.0,8.045,29.0,-90.381,-90.311,-8.0,-0.0,29.0,31.22,31.22,0.0,0.0,29.0,40.825,41.031,-8.0,-0.0,30.0
5.6757,1,fwd,-30.0,12.1,5.438,5.169,16.0,0.0,30.0,-100.0,-100.0,-16.0,0.0,30.0,-100.0,-100.0,-8.0,0.0,30.0,-45.6,-30.0,-140.0,6.464,29.0,-90.381,-90.311,-8.0,-0.0,29.0,31.22,31.22,0.0,0.0,29.0,40.825,41.031,-8.0,-0.0,30.0
5.7289,1,fwd,-30.0,12.1,5.438,5.169,16.0,0.0,30.0,-100.0,-100.0,-16.0,0.0,30.0,-100.0,-100.0,-8.0,0.0,30.0,-45.333,-30.0,-140.0,7.545,29.0,-90.381,-90.311,-8.0,-0.0,29.0,31.22,31.22,0.0,0.0,29.0,40.825,41.031,-8.0,-0.0,30.0
5.7823,1,fwd,-30.0,12.0,5.438,5.169,16.0,0.0,30.0,-100.0,-100.0,-16.0,0.0,30.0,-100.0,-100.0,-8.0,0.0,30.0,-44.933,-30.0,-140.0,7.302,29.0,-90.381,-90.311,-8.0,-0.0,29.0,31.22,31.22,0.0,0.0,29.0,40.825,41.031,-8.0,-0.0,30.0
5.8357,1,fwd,-30.0,12.0,5.438,5.169,16.0,0.0,30.0,-100.0,-100.0,-16.0,0.0,30.0,-100.0,-100.0,-8.0,0.0,30.0,-44.4,-30.0,-140.0,9.01,29.0,-90.381,-90.311,-8.0,-0.0,29.0,31.22,31.22,0.0,0.0,29.0,40.825,41.031,-8.0,-0.0,30.0
5.8896,1,fwd,-30.0,12.0,5.438,5.169,16.0,0.0,30.0,-100.0,-100.0,-16.0,0.0,30.0,-100.0,-100.0,-8.0,0.0,30.0,-43.733,-30.0,-140.0,10.684,29.0,-90.381,-90.311,-8.0,-0.0,29.0,31.22,31.22,0.0,0.0,29.0,40.825,41.031,-8.0,-0.0,30.0
5.9429,1,fwd,-30.0,12.0,5.438,5.169,16.0,0.0,30.0,-100.0,-100.0,-16.0,0.0,30.0,-100.0,-100.0,-8.0,0.0,30.0,-43.467,-30.0,-140.0,7.788,29.0,-90.381,-90.311,-8.0,-0.0,29.0,31.22,31.22,0.0,0.0,29.0,40.825,41.031,-8.0,-0.0,30.0
5.9961,1,fwd,-30.0,12.0,5.438,5.169,16.0,0.0,30.0,-100.0,-100.0,-16.0,0.0,30.0,-100.0,-100.0,-8.0,0.0,30.0,-43.067,-30.0,-140.0,8.289,29.0,-90.381,-90.311,-8.0,-0.0,29.0,31.22,31.22,0.0,0.0,29.0,40.825,41.031,-8.0,-0.0,30.0
6.0494,1,fwd,-30.0,12.0,5.438,5.169,16.0,0.0,30.0,-100.0,-100.0,-16.0,0.0,30.0,-100.0,-100.0,-8.0,0.0,30.0,-42.8,-30.0,-140.0,6.164,29.0,-90.381,-90.311,-8.0,-0.0,29.0,31.22,31.22,0.0,0.0,29.0,40.825,41.031,-8.0,-0.0,30.0
6.1025,1,fwd,-30.0,12.0,5.438,5.169,16.0,0.0,30.0,-100.0,-100.0,-16.0,0.0,30.0,-100.0,-100.0,-8.0,0.0,30.0,-42.533,-30.0,-140.0,6.021,29.0,-90.381,-90.311,-8.0,-0.0,29.0,31.22,31.22,0.0,0.0,29.0,40.825,41.031,-8.0,-0.0,30.0
6.1548,1,fwd,-30.0,12.0,5.438,5.169,16.0,0.0,30.0,-100.0,-100.0,-16.0,0.0,30.0,-100.0,-100.0,-8.0,0.0,30.0,-42.0,-30.0,-140.0,7.536,29.0,-90.381,-90.311,-8.0,-0.0,29.0,31.22,31.22,0.0,0.0,29.0,40.825,41.031,-8.0,-0.0,30.0
6.2081,1,fwd,-30.0,12.0,5.438,5.169,16.0,0.0,30.0,-100.0,-100.0,-16.0,0.0,30.0,-100.0,-100.0,-8.0,0.0,30.0,-41.6,-30.0,-140.0,7.742,29.0,-90.381,-90.311,-8.0,-0.0,29.0,31.22,31.22,0.0,0.0,29.0,40.825,41.031,-8.0,-0.0,30.0
6.2612,1,fwd,-30.0,12.0,5.438,5.169,16.0,0.0,30.0,-100.0,-100.0,-16.0,0.0,30.0,-100.0,-100.0,-8.0,0.0,30.0,-41.067,-30.0,-140.0,8.41,29.0,-90.381,-90.311,-8.0,-0.0,29.0,31.22,31.22,0.0,0.0,29.0,40.825,41.031,-8.0,-0.0,30.0
6.3142,1,fwd,-30.0,12.1,5.438,5.169,16.0,0.0,30.0,-100.0,-100.0,-16.0,0.0,30.0,-100.0,-100.0,-8.0,0.0,30.0,-40.8,-30.0,-144.0,8.873,29.0,-90.381,-90.311,-8.0,-0.0,29.0,31.22,31.22,0.0,0.0,29.0,40.825,41.031,-8.0,-0.0,30.0
6.3673,1,fwd,-30.0,12.1,5.438,5.169,16.0,0.0,30.0,-100.0,-100.0,-16.0,0.0,30.0,-100.0,-100.0,-8.0,0.0,30.0,-40.267,-30.0,-144.0,7.332,29.0,-90.381,-90.311,-8.0,-0.0,29.0,31.22,31.22,0.0,0.0,29.0,40.825,41.031,-8.0,-0.0,30.0
6.4206,1,fwd,-30.0,12.1,5.438,5.169,16.0,0.0,30.0,-100.0,-100.0,-16.0,0.0,30.0,-100.0,-100.0,-8.0,0.0,30.0,-39.733,-30.0,-144.0,8.691,29.0,-90.381,-90.311,-8.0,-0.0,29.0,31.22,31.22,0.0,0.0,29.0,40.825,41.031,-8.0,-0.0,30.0
6.4727,1,fwd,-30.0,12.1,5.438,5.169,16.0,0.0,30.0,-100.0,-100.0,-16.0,0.0,30.0,-100.0,-100.0,-8.0,0.0,30.0,-39.6,-30.0,-144.0,5.309,29.0,-90.381,-90.311,-8.0,-0.0,29.0,31.22,31.22,0.0,0.0,29.0,40.825,41.031,-8.0,-0.0,30.0
6.5247,1,fwd,-30.0,12.1,5.438,5.169,16.0,0.0,30.0,-100.0,-100.0,-16.0,0.0,30.0,-100.0,-100.0,-8.0,0.0,30.0,-39.067,-30.0,-144.0,8.568,29.0,-90.381,-90.311,-8.0,-0.0,29.0,31.22,31.22,0.0,0.0,29.0,40.825,41.031,-8.0,-0.0,30.0
6.578,1,fwd,-30.0,12.1,5.438,5.169,16.0,0.0,30.0,-100.0,-100.0,-16.0,0.0,30.0,-100.0,-100.0,-8.0,0.0,30.0,-38.8,-30.0,-144.0,6.176,29.0,-90.381,-90.311,-8.0,-0.0,29.0,31.22,31.22,0.0,0.0,29.0,40.825,41.031,-8.0,-0.0,30.0
6.6331,1,fwd,-30.0,12.1,5.438,5.169,16.0,0.0,30.0,-100.0,-100.0,-16.0,0.0,30.0,-100.0,-100.0,-8.0,0.0,30.0,-38.133,-30.0,-144.0,9.6,29.0,-90.381,-90.311,-8.0,-0.0,29.0,31.22,31.22,0.0,0.0,29.0,40.825,41.031,-8.0,-0.0,30.0
6.6864,1,fwd,-30.0,12.1,5.438,5.169,16.0,0.0,30.0,-100.0,-100.0,-16.0,0.0,30.0,-100.0,-100.0,-8.0,0.0,30.0,-37.6,-30.0,-144.0,9.804,29.0,-90.381,-90.311,-8.0,-0.0,29.0,31.22,31.22,0.0,0.0,29.0,40.825,41.031,-8.0,-0.0,30.0
6.7396,1,fwd,-30.0,12.1,5.438,5.169,16.0,0.0,30.0,-100.0,-100.0,-16.0,0.0,30.0,-100.0,-100.0,-8.0,0.0,30.0,-37.333,-30.0,-144.0,6.909,29.0,-90.381,-90.311,-8.0,-0.0,29.0,31.22,31.22,0.0,0.0,29.0,40.825,41.031,-8.0,-0.0,30.0
6.7927,1,fwd,-30.0,12.1,5.438,5.169,16.0,0.0,30.0,-100.0,-100.0,-16.0,0.0,30.0,-100.0,-100.0,-8.0,0.0,30.0,-36.8,-30.0,-144.0,8.486,29.0,-90.381,-90.311,-8.0,-0.0,29.0,31.22,31.22,0.0,0.0,29.0,40.825,41.031,-8.0,-0.0,30.0
6.8456,1,fwd,-30.0,12.1,5.438,5.169,16.0,0.0,30.0,-100.0,-100.0,-16.0,0.0,30.0,-100.0,-100.0,-8.0,0.0,30.0,-36.533,-30.0,-144.0,6.707,29.0,-90.381,-90.311,-8.0,-0.0,29.0,31.22,31.22,0.0,0.0,29.0,40.825,41.031,-8.0,-0.0,30.0
6.8986,1,fwd,-30.0,12.1,5.438,5.169,16.0,0.0,30.0,-100.0,-100.0,-16.0,0.0,30.0,-100.0,-100.0,-8.0,0.0,30.0,-36.533,-30.0,-168.0,6.707,29.0,-90.381,-90.311,-8.0,-0.0,29.0,31.22,31.22,0.0,0.0,29.0,40.825,41.031,-8.0,-0.0,30.0
6.9516,1,fwd,-30.0,12.1,5.438,5.169,16.0,0.0,30.0,-100.0,-100.0,-16.0,0.0,30.0,-100.0,-100.0,-8.0,0.0,30.0,-35.867,-30.0,-168.0,7.629,29.0,-90.381,-90.311,-8.0,-0.0,29.0,31.22,31.22,0.0,0.0,29.0,40.825,41.031,-8.0,-0.0,30.0
7.0037,1,fwd,-30.0,12.1,5.438,5.169,16.0,0.0,30.0,-100.0,-100.0,-16.0,0.0,30.0,-100.0,-100.0,-8.0,0.0,30.0,-35.6,-30.0,-168.0,6.747,29.0,-90.381,-90.311,-8.0,-0.0,29.0,31.22,31.22,0.0,0.0,29.0,40.825,41.031,-8.0,-0.0,30.0
7.057,1,fwd,-30.0,12.1,5.438,5.169,16.0,0.0,30.0,-100.0,-100.0,-16.0,0.0,30.0,-100.0,-100.0,-8.0,0.0,30.0,-34.933,-30.0,-168.0,8.75,29.0,-90.381,-90.311,-8.0,-0.0,29.0,31.22,31.22,0.0,0.0,29.0,40.825,41.031,-8.0,-0.0,30.0
7.11,1,fwd,-30.0,12.1,5.438,5.169,16.0,0.0,30.0,-100.0,-100.0,-16.0,0.0,30.0,-100.0,-100.0,-8.0,0.0,30.0,-34.4,-30.0,-168.0,9.81,29.0,-90.381,-90.311,-8.0,-0.0,29.0,31.22,31.22,0.0,0.0,29.0,40.825,41.031,-8.0,-0.0,30.0
7.1631,1,fwd,-30.0,12.1,5.438,5.169,16.0,0.0,30.0,-100.0,-100.0,-16.0,0.0,30.0,-100.0,-100.0,-8.0,0.0,30.0,-34.0,-30.0,-168.0,8.413,29.0,-90.381,-90.311,-8.0,-0.0,29.0,31.22,31.22,0.0,0.0,29.0,40.825,41.031,-8.0,-0.0,30.0
7.2162,1,fwd,-30.0,12.1,5.438,5.169,16.0,0.0,30.0,-100.0,-100.0,-16.0,0.0,30.0,-100.0,-100.0,-8.0,0.0,30.0,-33.6,-30.0,-168.0,7.704,29.0,-90.381,-90.311,-8.0,-0.0,29.0,31.22,31.22,0.0,0.0,29.0,40.825,41.031,-8.0,-0.0,30.0
7.2694,1,hold_end,-30.0,12.1,5.438,5.169,16.0,0.0,30.0,-100.0,-100.0,-16.0,0.0,30.0,-100.0,-100.0,-8.0,0.0,30.0,-33.467,-30.0,-168.0,4.83,29.0,-90.381,-90.311,-8.0,-0.0,29.0,31.22,31.22,0.0,0.0,29.0,40.825,41.031,-8.0,-0.0,30.0
7.3224,1,hold_end,-30.0,12.1,5.438,5.169,16.0,0.0,30.0,-100.0,-100.0,-16.0,0.0,30.0,-100.0,-100.0,-8.0,0.0,30.0,-32.933,-30.0,-168.0,7.475,29.0,-90.381,-90.311,-8.0,-0.0,29.0,31.22,31.22,0.0,0.0,29.0,40.825,41.031,-8.0,-0.0,30.0
7.3753,1,hold_end,-30.0,12.1,5.438,5.169,16.0,0.0,30.0,-100.0,-100.0,-16.0,0.0,30.0,-100.0,-100.0,-8.0,0.0,30.0,-32.8,-30.0,-168.0,4.701,29.0,-90.381,-90.311,-8.0,-0.0,29.0,31.22,31.22,0.0,0.0,29.0,40.825,41.031,-8.0,-0.0,30.0
7.4283,1,hold_end,-30.0,12.1,5.438,5.169,16.0,0.0,30.0,-100.0,-100.0,-16.0,0.0,30.0,-100.0,-100.0,-8.0,0.0,30.0,-32.8,-30.0,-168.0,2.304,29.0,-90.381,-90.311,-8.0,-0.0,29.0,31.22,31.22,0.0,0.0,29.0,40.825,41.031,-8.0,-0.0,30.0
7.4816,1,hold_end,-30.0,12.2,5.438,5.169,16.0,0.0,30.0,-100.0,-100.0,-16.0,0.0,30.0,-100.0,-100.0,-8.0,0.0,30.0,-32.8,-30.0,-168.0,1.613,29.0,-90.381,-90.311,-8.0,-0.0,29.0,31.22,31.22,0.0,0.0,29.0,40.825,41.031,-8.0,-0.0,30.0
7.5345,1,hold_end,-30.0,12.2,5.438,5.169,16.0,0.0,30.0,-100.0,-100.0,-16.0,0.0,30.0,-100.0,-100.0,-8.0,0.0,30.0,-32.8,-30.0,-168.0,0.79,29.0,-90.381,-90.311,-8.0,-0.0,29.0,31.22,31.22,0.0,0.0,29.0,40.825,41.031,-8.0,-0.0,30.0
7.5876,1,hold_end,-30.0,12.2,5.438,5.169,16.0,0.0,30.0,-100.0,-100.0,-16.0,0.0,30.0,-100.0,-100.0,-8.0,0.0,30.0,-32.8,-30.0,-168.0,0.387,29.0,-90.381,-90.311,-8.0,-0.0,29.0,31.22,31.22,0.0,0.0,29.0,40.825,41.031,-8.0,-0.0,30.0
7.6407,1,hold_end,-30.0,12.2,5.438,5.169,16.0,0.0,30.0,-100.0,-100.0,-16.0,0.0,30.0,-100.0,-100.0,-8.0,0.0,30.0,-32.8,-30.0,-168.0,0.19,29.0,-90.381,-90.311,-8.0,-0.0,29.0,31.22,31.22,0.0,0.0,29.0,40.825,41.031,-8.0,-0.0,30.0
7.6929,1,hold_end,-30.0,12.2,5.438,5.169,16.0,0.0,30.0,-100.0,-100.0,-16.0,0.0,30.0,-100.0,-100.0,-8.0,0.0,30.0,-32.8,-30.0,-168.0,0.093,29.0,-90.381,-90.311,-8.0,-0.0,29.0,31.22,31.22,0.0,0.0,29.0,40.825,41.031,-8.0,-0.0,30.0
7.7461,1,hold_end,-30.0,12.2,5.438,5.169,16.0,0.0,30.0,-100.0,-100.0,-16.0,0.0,30.0,-100.0,-100.0,-8.0,0.0,30.0,-32.8,-30.0,-168.0,0.046,29.0,-90.381,-90.311,-8.0,-0.0,29.0,31.22,31.22,0.0,0.0,29.0,40.825,41.031,-8.0,-0.0,30.0
7.7989,1,hold_end,-30.0,12.2,5.438,5.169,16.0,0.0,30.0,-100.0,-100.0,-16.0,0.0,30.0,-100.0,-100.0,-8.0,0.0,30.0,-32.8,-30.0,-168.0,0.022,29.0,-90.381,-90.311,-8.0,-0.0,29.0,31.22,31.22,0.0,0.0,29.0,40.825,41.031,-8.0,-0.0,30.0
7.8521,1,hold_end,-30.0,12.2,5.438,5.169,16.0,0.0,30.0,-100.0,-100.0,-16.0,0.0,30.0,-100.0,-100.0,-8.0,0.0,30.0,-32.8,-30.0,-168.0,0.011,29.0,-90.381,-90.311,-8.0,-0.0,29.0,31.22,31.22,0.0,0.0,29.0,40.825,41.031,-8.0,-0.0,30.0
7.905,1,hold_end,-30.0,12.2,5.528,5.169,16.0,0.709,30.0,-100.0,-100.0,-16.0,0.0,30.0,-100.0,-100.0,-8.0,0.0,30.0,-32.8,-30.0,-168.0,0.005,29.0,-90.381,-90.311,-8.0,-0.0,29.0,31.22,31.22,0.0,0.0,29.0,40.825,41.031,-8.0,-0.0,30.0
7.9569,1,hold_end,-30.0,12.2,5.528,5.169,16.0,0.347,30.0,-100.0,-100.0,-16.0,0.0,30.0,-100.0,-100.0,-8.0,0.0,30.0,-32.8,-30.0,-168.0,0.003,29.0,-90.381,-90.311,-8.0,-0.0,29.0,31.22,31.22,0.0,0.0,29.0,40.825,41.031,-8.0,-0.0,30.0
8.01,1,hold_end,-30.0,12.2,5.528,5.169,16.0,0.243,30.0,-100.0,-100.0,-16.0,0.0,30.0,-100.0,-100.0,-8.0,0.0,30.0,-32.8,-30.0,-168.0,0.002,29.0,-90.381,-90.311,-8.0,-0.0,29.0,31.22,31.22,0.0,0.0,29.0,40.825,41.031,-8.0,-0.0,30.0
8.0632,1,hold_end,-30.0,12.1,5.528,5.169,24.0,0.17,30.0,-100.0,-100.0,-16.0,0.0,30.0,-100.0,-100.0,-8.0,0.0,30.0,-32.8,-30.0,-168.0,0.001,29.0,-90.381,-90.311,-8.0,-0.0,29.0,31.22,31.22,0.0,0.0,29.0,40.825,41.031,-8.0,-0.0,30.0
8.1164,1,hold_end,-30.0,12.1,5.528,5.169,24.0,0.083,30.0,-100.0,-100.0,-16.0,0.0,30.0,-100.0,-100.0,-8.0,0.0,30.0,-32.8,-30.0,-168.0,0.001,29.0,-90.381,-90.311,-8.0,-0.0,29.0,31.22,31.22,0.0,0.0,29.0,40.825,41.031,-8.0,-0.0,30.0
8.1687,1,hold_end,-30.0,12.1,5.528,5.169,24.0,0.041,30.0,-100.0,-100.0,-16.0,0.0,30.0,-100.0,-100.0,-8.0,0.0,30.0,-32.8,-30.0,-168.0,0.0,29.0,-90.381,-90.311,-8.0,-0.0,29.0,31.22,31.22,0.0,0.0,29.0,40.825,41.031,-8.0,-0.0,30.0
8.2208,1,hold_end,-30.0,12.1,5.528,5.169,24.0,0.02,30.0,-100.0,-100.0,-16.0,0.0,30.0,-100.0,-100.0,-8.0,0.0,30.0,-32.8,-30.0,-168.0,0.0,29.0,-90.381,-90.311,-8.0,-0.0,29.0,31.22,31.22,0.0,0.0,29.0,40.825,41.031,-8.0,-0.0,30.0
8.2727,1,rev,-80.0,12.1,5.528,5.169,24.0,0.01,30.0,-100.0,-100.0,-16.0,0.0,30.0,-100.0,-100.0,-8.0,0.0,30.0,-32.8,-30.0,-168.0,0.0,29.0,-90.381,-90.311,-8.0,-0.0,29.0,31.22,31.22,0.0,0.0,29.0,40.825,41.031,-8.0,-0.0,30.0
8.3256,1,rev,-80.0,12.1,5.528,5.169,24.0,0.005,30.0,-100.0,-100.0,-16.0,0.0,30.0,-100.0,-100.0,-8.0,0.0,30.0,-32.8,-80.0,-168.0,0.0,29.0,-90.381,-90.311,-8.0,-0.0,29.0,31.22,31.22,0.0,0.0,29.0,40.825,41.031,-8.0,-0.0,30.0
8.3777,1,rev,-80.0,12.1,5.528,5.169,24.0,0.002,30.0,-100.0,-100.0,-16.0,0.0,30.0,-100.0,-100.0,-8.0,0.0,30.0,-32.8,-80.0,-168.0,0.0,29.0,-90.381,-90.311,-8.0,-0.0,29.0,31.22,31.22,0.0,0.0,29.0,40.825,41.031,-8.0,-0.0,30.0
8.4306,1,rev,-80.0,12.1,5.528,5.169,24.0,0.001,30.0,-100.0,-100.0,-16.0,0.0,30.0,-100.0,-100.0,-8.0,0.0,30.0,-32.8,-80.0,-168.0,0.0,29.0,-90.381,-90.311,-8.0,-0.0,29.0,31.22,31.22,0.0,0.0,29.0,40.825,41.031,-8.0,-0.0,30.0
8.4827,1,rev,-80.0,12.1,5.528,5.169,24.0,0.001,30.0,-100.0,-100.0,-16.0,0.0,30.0,-100.0,-100.0,-8.0,0.0,30.0,-32.8,-80.0,-168.0,0.0,29.0,-90.381,-90.311,-8.0,-0.0,29.0,31.22,31.22,0.0,0.0,29.0,40.825,41.031,-8.0,-0.0,30.0
8.5347,1,rev,-80.0,12.1,5.528,5.169,24.0,0.0,30.0,-100.0,-100.0,-16.0,0.0,30.0,-100.0,-100.0,-8.0,0.0,30.0,-32.8,-80.0,-168.0,0.0,29.0,-90.381,-90.311,-8.0,-0.0,29.0,31.22,31.22,0.0,0.0,29.0,40.825,41.031,-8.0,-0.0,30.0
8.5868,1,rev,-80.0,12.2,5.528,5.169,24.0,0.0,30.0,-100.0,-100.0,-16.0,0.0,29.0,-100.0,-100.0,-8.0,0.0,30.0,-32.933,-80.0,-48.0,-1.506,29.0,-90.381,-90.311,-8.0,-0.0,29.0,31.22,31.22,0.0,0.0,29.0,40.825,41.031,-8.0,-0.0,30.0
8.6399,1,rev,-80.0,12.2,5.528,5.169,24.0,0.0,30.0,-100.0,-100.0,-16.0,0.0,29.0,-100.0,-100.0,-8.0,0.0,30.0,-33.333,-80.0,-48.0,-3.208,29.0,-90.381,-90.311,-8.0,-0.0,29.0,31.22,31.22,0.0,0.0,29.0,40.825,41.031,-8.0,-0.0,30.0
8.6942,1,rev,-80.0,12.2,5.528,5.169,24.0,0.0,30.0,-100.0,-100.0,-16.0,0.0,29.0,-100.0,-100.0,-8.0,0.0,30.0,-33.733,-80.0,-48.0,-5.596,29.0,-90.381,-90.311,-8.0,-0.0,29.0,31.22,31.22,0.0,0.0,29.0,40.825,41.031,-8.0,-0.0,30.0
8.7471,1,rev,-80.0,12.2,5.528,5.169,24.0,0.0,30.0,-100.0,-100.0,-16.0,0.0,29.0,-100.0,-100.0,-8.0,0.0,30.0,-34.0,-80.0,-48.0,-5.295,29.0,-90.381,-90.311,-8.0,-0.0,29.0,31.22,31.22,0.0,0.0,29.0,40.825,41.031,-8.0,-0.0,30.0
8.8001,1,rev,-80.0,12.2,5.528,5.169,24.0,0.0,30.0,-100.0,-100.0,-16.0,0.0,29.0,-100.0,-100.0,-8.0,0.0,30.0,-34.533,-80.0,-48.0,-8.179,29.0,-90.381,-90.311,-8.0,-0.0,29.0,31.22,31.22,0.0,0.0,29.0,40.825,41.031,-8.0,-0.0,30.0
8.853,1,rev,-80.0,12.2,5.528,5.169,24.0,0.0,30.0,-100.0,-100.0,-16.0,0.0,29.0,-100.0,-100.0,-8.0,0.0,30.0,-34.8,-80.0,-48.0,-6.555,29.0,-90.381,-90.311,-8.0,-0.0,29.0,31.22,31.22,0.0,0.0,29.0,40.825,41.031,-8.0,-0.0,30.0
8.9058,1,rev,-80.0,12.2,5.528,5.169,24.0,0.0,30.0,-100.0,-100.0,-16.0,0.0,29.0,-100.0,-100.0,-8.0,0.0,30.0,-35.333,-80.0,-48.0,-8.289,29.0,-90.381,-90.311,-8.0,-0.0,29.0,31.22,31.22,0.0,0.0,29.0,40.825,41.031,-8.0,-0.0,30.0
8.9577,1,rev,-80.0,12.2,5.528,5.169,24.0,0.0,30.0,-100.0,-100.0,-16.0,0.0,29.0,-100.0,-100.0,-8.0,0.0,30.0,-35.733,-80.0,-48.0,-7.675,29.0,-90.381,-90.311,-8.0,-0.0,29.0,31.22,31.22,0.0,0.0,29.0,40.825,41.031,-8.0,-0.0,30.0
9.0105,1,rev,-80.0,12.2,5.528,5.169,24.0,0.0,30.0,-100.0,-100.0,-16.0,0.0,29.0,-100.0,-100.0,-8.0,0.0,30.0,-36.133,-80.0,-48.0,-7.363,29.0,-90.381,-90.311,-8.0,-0.0,29.0,31.22,31.22,0.0,0.0,29.0,40.825,41.031,-8.0,-0.0,30.0
9.0633,1,rev,-80.0,12.2,5.528,5.169,24.0,0.0,30.0,-100.0,-100.0,-16.0,0.0,29.0,-100.0,-100.0,-8.0,0.0,30.0,-36.533,-80.0,-48.0,-7.194,29.0,-90.381,-90.311,-8.0,-0.0,29.0,31.22,31.22,0.0,0.0,29.0,40.825,41.031,-8.0,-0.0,30.0
9.1165,1,rev,-80.0,12.2,5.528,5.169,24.0,0.0,30.0,-100.0,-100.0,-16.0,0.0,29.0,-100.0,-100.0,-8.0,0.0,30.0,-37.067,-80.0,-48.0,-8.662,29.0,-90.381,-90.311,-8.0,-0.0,29.0,31.22,31.22,0.0,0.0,29.0,40.825,41.031,-8.0,-0.0,30.0
9.1688,1,rev,-80.0,12.2,5.528,5.169,24.0,0.0,30.0,-100.0,-100.0,-16.0,0.0,30.0,-100.0,-100.0,-8.0,0.0,30.0,-37.067,-80.0,-24.0,-8.662,29.0,-90.381,-90.311,-8.0,-0.0,29.0,31.22,31.22,0.0,0.0,29.0,40.825,41.031,-8.0,-0.0,30.0
9.222,1,rev,-80.0,12.2,5.528,5.169,24.0,0.0,30.0,-100.0,-100.0,-16.0,0.0,30.0,-100.0,-100.0,-8.0,0.0,30.0,-37.6,-80.0,-24.0,-8.183,29.0,-90.381,-90.311,-8.0,-0.0,29.0,31.22,31.22,0.0,0.0,29.0,40.825,41.031,-8.0,-0.0,30.0
9.2754,1,rev,-80.0,12.2,5.528,5.169,24.0,0.0,30.0,-100.0,-100.0,-16.0,0.0,30.0,-100.0,-100.0,-8.0,0.0,30.0,-38.0,-80.0,-24.0,-7.954,29.0,-90.381,-90.311,-8.0,-0.0,29.0,31.22,31.22,0.0,0.0,29.0,40.825,41.031,-8.0,-0.0,30.0
9.3284,1,rev,-80.0,12.2,5.528,5.169,24.0,0.0,30.0,-100.0,-100.0,-16.0,0.0,30.0,-100.0,-100.0,-8.0,0.0,30.0,-38.533,-80.0,-24.0,-8.99,29.0,-90.381,-90.311,-8.0,-0.0,29.0,31.22,31.22,0.0,0.0,29.0,40.825,41.031,-8.0,-0.0,30.0
9.3815,1,rev,-80.0,12.2,5.528,5.169,24.0,0.0,30.0,-100.0,-100.0,-16.0,0.0,30.0,-100.0,-100.0,-8.0,0.0,30.0,-38.8,-80.0,-24.0,-6.96,29.0,-90.381,-90.311,-8.0,-0.0,29.0,31.22,31.22,0.0,0.0,29.0,40.825,41.031,-8.0,-0.0,30.0
9.4343,1,rev,-80.0,12.2,5.528,5.169,24.0,0.0,30.0,-100.0,-100.0,-16.0,0.0,30.0,-100.0,-100.0,-8.0,0.0,30.0,-39.333,-80.0,-24.0,-8.534,29.0,-90.381,-90.311,-8.0,-0.0,29.0,31.22,31.22,0.0,0.0,29.0,40.825,41.031,-8.0,-0.0,30.0
9.4876,1,rev,-80.0,12.2,5.528,5.169,24.0,0.0,30.0,-100.0,-100.0,-16.0,0.0,30.0,-100.0,-100.0,-8.0,0.0,30.0,-39.733,-80.0,-24.0,-8.224,29.0,-90.381,-90.311,-8.0,-0.0,29.0,31.22,31.22,0.0,0.0,29.0,40.825,41.031,-8.0,-0.0,30.0
9.5404,1,rev,-80.0,12.2,5.528,5.169,24.0,0.0,30.0,-100.0,-100.0,-16.0,0.0,30.0,-100.0,-100.0,-8.0,0.0,30.0,-40.267,-80.0,-24.0,-9.111,29.0,-90.381,-90.311,-8.0,-0.0,29.0,31.22,31.22,0.0,0.0,29.0,40.825,41.031,-8.0,-0.0,30.0
9.5935,1,rev,-80.0,12.2,5.528,5.169,24.0,0.0,30.0,-100.0,-100.0,-16.0,0.0,30.0,-100.0,-100.0,-8.0,0.0,30.0,-40.533,-80.0,-24.0,-7.021,29.0,-90.381,-90.311,-8.0,-0.0,29.0,31.22,31.22,0.0,0.0,29.0,40.825,41.031,-8.0,-0.0,30.0
9.6458,1,rev,-80.0,12.2,5.528,5.169,24.0,0.0,30.0,-100.0,-100.0,-16.0,0.0,30.0,-100.0,-100.0,-8.0,0.0,30.0,-41.067,-80.0,-24.0,-8.492,29.0,-90.381,-90.311,-8.0,-0.0,29.0,31.22,31.22,0.0,0.0,29.0,40.825,41.031,-8.0,-0.0,30.0
9.7001,1,rev,-80.0,12.2,5.528,5.169,24.0,0.0,30.0,-100.0,-100.0,-16.0,0.0,30.0,-100.0,-100.0,-8.0,0.0,30.0,-41.467,-80.0,-24.0,-8.226,29.0,-90.381,-90.311,-8.0,-0.0,29.0,31.22,31.22,0.0,0.0,29.0,40.825,41.031,-8.0,-0.0,30.0
9.7533,1,rev,-80.0,12.2,5.528,5.169,24.0,0.0,30.0,-100.0,-100.0,-16.0,0.0,30.0,-100.0,-100.0,-8.0,0.0,30.0,-41.867,-80.0,-16.0,-7.775,29.0,-90.381,-90.311,-8.0,-0.0,29.0,31.22,31.22,0.0,0.0,29.0,40.825,41.031,-8.0,-0.0,30.0
9.8062,1,rev,-80.0,12.2,5.528,5.169,24.0,0.0,30.0,-100.0,-100.0,-16.0,0.0,30.0,-100.0,-100.0,-8.0,0.0,30.0,-42.267,-80.0,-16.0,-7.88,29.0,-90.381,-90.311,-8.0,-0.0,29.0,31.22,31.22,0.0,0.0,29.0,40.825,41.031,-8.0,-0.0,30.0
9.8594,1,rev,-80.0,12.2,5.528,5.169,24.0,0.0,30.0,-100.0,-100.0,-16.0,0.0,30.0,-100.0,-100.0,-8.0,0.0,30.0,-42.667,-80.0,-16.0,-7.449,29.0,-90.381,-90.311,-8.0,-0.0,29.0,31.22,31.22,0.0,0.0,29.0,40.825,41.031,-8.0,-0.0,30.0
9.9126,1,rev,-80.0,12.2,5.528,5.169,24.0,0.0,30.0,-100.0,-100.0,-16.0,0.0,30.0,-100.0,-100.0,-8.0,0.0,30.0,-43.2,-80.0,-16.0,-8.773,29.0,-90.381,-90.311,-8.0,-0.0,29.0,31.22,31.22,0.0,0.0,29.0,40.825,41.031,-8.0,-0.0,30.0
9.9649,1,rev,-80.0,12.2,5.528,5.169,24.0,0.0,30.0,-100.0,-100.0,-16.0,0.0,30.0,-100.0,-100.0,-8.0,0.0,30.0,-43.6,-80.0,-16.0,-8.36,29.0,-90.381,-90.311,-8.0,-0.0,29.0,31.22,31.22,0.0,0.0,29.0,40.825,41.031,-8.0,-0.0,30.0
10.018,1,rev,-80.0,12.2,5.528,5.169,24.0,0.0,30.0,-100.0,-100.0,-16.0,0.0,30.0,-100.0,-100.0,-8.0,0.0,30.0,-44.0,-80.0,-16.0,-7.718,29.0,-90.381,-90.311,-8.0,-0.0,29.0,31.22,31.22,0.0,0.0,29.0,40.825,41.031,-8.0,-0.0,30.0
10.0714,1,rev,-80.0,12.2,5.528,5.169,24.0,0.0,30.0,-100.0,-100.0,-16.0,0.0,30.0,-100.0,-100.0,-8.0,0.0,30.0,-44.4,-80.0,-16.0,-7.844,29.0,-90.381,-90.311,-8.0,-0.0,29.0,31.22,31.22,0.0,0.0,29.0,40.825,41.031,-8.0,-0.0,30.0
10.1245,1,rev,-80.0,12.2,5.528,5.169,24.0,0.0,30.0,-100.0,-100.0,-16.0,0.0,30.0,-100.0,-100.0,-8.0,0.0,30.0,-44.933,-80.0,-16.0,-8.947,29.0,-90.381,-90.311,-8.0,-0.0,29.0,31.22,31.22,0.0,0.0,29.0,40.825,41.031,-8.0,-0.0,30.0
10.1776,1,rev,-80.0,12.2,5.528,5.169,24.0,0.0,30.0,-100.0,-100.0,-16.0,0.0,30.0,-100.0,-100.0,-8.0,0.0,30.0,-45.333,-80.0,-16.0,-8.43,29.0,-90.381,-90.311,-8.0,-0.0,29.0,31.22,31.22,0.0,0.0,29.0,40.825,41.031,-8.0,-0.0,30.0
10.2307,1,rev,-80.0,12.2,5.528,5.169,24.0,0.0,30.0,-100.0,-100.0,-16.0,0.0,30.0,-100.0,-100.0,-8.0,0.0,30.0,-45.733,-80.0,-16.0,-8.063,29.0,-90.381,-90.311,-8.0,-0.0,29.0,31.22,31.22,0.0,0.0,29.0,40.825,41.031,-8.0,-0.0,30.0
10.2828,1,rev,-80.0,12.2,5.528,5.169,24.0,0.0,30.0,-100.0,-100.0,-16.0,0.0,30.0,-100.0,-100.0,-8.0,0.0,30.0,-45.867,-80.0,-16.0,-7.139,30.0,-90.381,-90.311,-8.0,-0.0,29.0,31.22,31.22,0.0,0.0,29.0,40.825,41.031,-8.0,-0.0,30.0
10.3356,1,rev,-80.0,12.2,5.528,5.169,24.0,0.0,30.0,-100.0,-100.0,-16.0,0.0,30.0,-100.0,-100.0,-8.0,0.0,30.0,-46.4,-80.0,-16.0,-7.795,30.0,-90.381,-90.311,-8.0,-0.0,29.0,31.22,31.22,0.0,0.0,29.0,40.825,41.031,-8.0,-0.0,30.0
10.3879,1,rev,-80.0,12.2,5.528,5.169,24.0,0.0,30.0,-100.0,-100.0,-16.0,0.0,30.0,-100.0,-100.0,-8.0,0.0,30.0,-46.8,-80.0,-16.0,-7.746,30.0,-90.381,-90.311,-8.0,-0.0,29.0,31.22,31.22,0.0,0.0,29.0,40.825,41.031,-8.0,-0.0,30.0
10.4412,1,rev,-80.0,12.2,5.528,5.169,24.0,0.0,30.0,-100.0,-100.0,-16.0,0.0,30.0,-100.0,-100.0,-8.0,0.0,30.0,-47.2,-80.0,-16.0,-7.793,30.0,-90.381,-90.311,-8.0,-0.0,29.0,31.22,31.22,0.0,0.0,29.0,40.825,41.031,-8.0,-0.0,30.0
10.4946,1,rev,-80.0,12.2,5.528,5.169,24.0,0.0,30.0,-100.0,-100.0,-16.0,0.0,30.0,-100.0,-100.0,-8.0,0.0,30.0,-47.733,-80.0,-16.0,-8.429,30.0,-90.381,-90.311,-8.0,-0.0,29.0,31.22,31.22,0.0,0.0,29.0,40.825,41.031,-8.0,-0.0,30.0
10.5482,1,rev,-80.0,12.2,5.528,5.169,24.0,0.0,30.0,-100.0,-100.0,-16.0,0.0,30.0,-100.0,-100.0,-8.0,0.0,30.0,-48.133,-80.0,-16.0,-8.16,30.0,-90.381,-90.311,-8.0,-0.0,29.0,31.22,31.22,0.0,0.0,29.0,40.825,41.031,-8.0,-0.0,30.0
10.6015,1,rev,-80.0,12.2,5.528,5.169,24.0,0.0,30.0,-100.0,-100.0,-16.0,0.0,30.0,-100.0,-100.0,-8.0,0.0,30.0,-48.533,-80.0,-16.0,-7.907,30.0,-90.381,-90.311,-8.0,-0.0,29.0,31.22,31.22,0.0,0.0,29.0,40.825,41.031,-8.0,-0.0,30.0
10.6546,1,rev,-80.0,12.2,5.528,5.169,24.0,0.0,30.0,-100.0,-100.0,-16.0,0.0,30.0,-100.0,-100.0,-8.0,0.0,30.0,-48.933,-80.0,-16.0,-7.42,30.0,-90.381,-90.311,-8.0,-0.0,29.0,31.22,31.22,0.0,0.0,29.0,40.825,41.031,-8.0,-0.0,30.0
10.709,1,rev,-80.0,12.2,5.528,5.169,24.0,0.0,30.0,-100.0,-100.0,-16.0,0.0,30.0,-100.0,-100.0,-8.0,0.0,30.0,-49.333,-80.0,-16.0,-7.218,30.0,-90.381,-90.311,-8.0,-0.0,29.0,31.22,31.22,0.0,0.0,29.0,40.825,41.031,-8.0,-0.0,30.0
10.7623,1,rev,-80.0,12.2,5.528,5.169,24.0,0.0,30.0,-100.0,-100.0,-16.0,0.0,30.0,-100.0,-100.0,-8.0,0.0,30.0,-49.867,-80.0,-16.0,-8.643,30.0,-90.381,-90.311,-8.0,-0.0,29.0,31.22,31.22,0.0,0.0,29.0,40.825,41.031,-8.0,-0.0,30.0
10.8153,1,rev,-80.0,12.2,5.528,5.169,24.0,0.0,30.0,-100.0,-100.0,-16.0,0.0,30.0,-100.0,-100.0,-8.0,0.0,30.0,-50.267,-80.0,-16.0,-8.26,30.0,-90.381,-90.311,-8.0,-0.0,29.0,31.22,31.22,0.0,0.0,29.0,40.825,41.031,-8.0,-0.0,30.0
10.869,1,rev,-80.0,12.1,5.528,5.169,24.0,0.0,30.0,-100.0,-100.0,-16.0,0.0,30.0,-100.0,-100.0,-8.0,0.0,30.0,-50.4,-80.0,-8.0,-7.292,29.0,-90.381,-90.311,-8.0,-0.0,29.0,31.22,31.22,0.0,0.0,29.0,40.825,41.031,-8.0,-0.0,30.0
10.9223,1,rev,-80.0,12.1,5.528,5.169,24.0,0.0,30.0,-100.0,-100.0,-16.0,0.0,30.0,-100.0,-100.0,-8.0,0.0,30.0,-51.067,-80.0,-8.0,-7.981,29.0,-90.381,-90.311,-8.0,-0.0,29.0,31.22,31.22,0.0,0.0,29.0,40.825,41.031,-8.0,-0.0,30.0
10.9751,1,rev,-80.0,12.1,5.528,5.169,24.0,0.0,30.0,-100.0,-100.0,-16.0,0.0,30.0,-100.0,-100.0,-8.0,0.0,30.0,-51.6,-80.0,-8.0,-8.966,29.0,-90.381,-90.311,-8.0,-0.0,29.0,31.22,31.22,0.0,0.0,29.0,40.825,41.031,-8.0,-0.0,30.0
11.0284,1,rev,-80.0,12.1,5.528,5.169,24.0,0.0,30.0,-100.0,-100.0,-16.0,0.0,30.0,-100.0,-100.0,-8.0,0.0,30.0,-51.867,-80.0,-8.0,-6.887,29.0,-90.381,-90.311,-8.0,-0.0,29.0,31.22,31.22,0.0,0.0,29.0,40.825,41.031,-8.0,-0.0,30.0
11.0807,1,rev,-80.0,12.1,5.438,5.169,24.0,-1.02,30.0,-100.0,-100.0,-16.0,0.0,30.0,-100.0,-100.0,-8.0,0.0,30.0,-52.4,-80.0,-8.0,-8.493,29.0,-90.381,-90.311,-8.0,-0.0,29.0,31.22,31.22,0.0,0.0,29.0,40.825,41.031,-8.0,-0.0,30.0
11.1327,1,rev,-80.0,12.1,5.438,5.169,24.0,-0.5,30.0,-100.0,-100.0,-16.0,0.0,30.0,-100.0,-100.0,-8.0,0.0,30.0,-52.8,-80.0,-8.0,-8.176,29.0,-90.381,-90.311,-8.0,-0.0,29.0,31.22,31.22,0.0,0.0,29.0,40.825,41.031,-8.0,-0.0,30.0
11.186,1,rev,-80.0,12.1,5.438,5.169,24.0,-0.245,30.0,-100.0,-100.0,-16.0,0.0,30.0,-100.0,-100.0,-8.0,0.0,30.0,-53.2,-80.0,-8.0,-7.588,29.0,-90.381,-90.311,-8.0,-0.0,29.0,31.22,31.22,0.0,0.0,29.0,40.825,41.031,-8.0,-0.0,30.0
11.2389,1,rev,-80.0,12.1,5.438,5.169,24.0,-0.12,30.0,-100.0,-100.0,-16.0,0.0,30.0,-100.0,-100.0,-8.0,0.0,30.0,-53.6,-80.0,-8.0,-7.321,29.0,-90.381,-90.311,-8.0,-0.0,29.0,31.22,31.22,0.0,0.0,29.0,40.825,41.031,-8.0,-0.0,30.0
11.2924,1,rev,-80.0,12.1,5.438,5.169,24.0,-0.059,30.0,-100.0,-100.0,-16.0,0.0,30.0,-100.0,-100.0,-8.0,0.0,30.0,-54.133,-80.0,-8.0,-8.675,29.0,-90.381,-90.311,-8.0,-0.0,29.0,31.22,31.22,0.0,0.0,29.0,40.825,41.031,-8.0,-0.0,30.0
11.3456,1,rev,-80.0,12.1,5.438,5.169,24.0,-0.029,30.0,-100.0,-100.0,-16.0,0.0,30.0,-100.0,-100.0,-8.0,0.0,30.0,-54.533,-80.0,-8.0,-8.256,29.0,-90.381,-90.311,-8.0,-0.0,29.0,31.22,31.22,0.0,0.0,29.0,40.825,41.031,-8.0,-0.0,30.0
11.399,1,rev,-80.0,12.1,5.438,5.169,24.0,-0.014,30.0,-100.0,-100.0,-16.0,0.0,30.0,-100.0,-100.0,-8.0,0.0,30.0,-54.933,-80.0,-8.0,-8.046,29.0,-90.381,-90.311,-8.0,-0.0,29.0,31.22,31.22,0.0,0.0,29.0,40.825,41.031,-8.0,-0.0,30.0
11.4525,1,rev,-80.0,12.2,5.438,5.169,16.0,-0.014,30.0,-100.0,-100.0,-16.0,0.0,30.0,-100.0,-100.0,-8.0,0.0,30.0,-54.933,-80.0,-8.0,-8.046,30.0,-90.381,-90.311,-8.0,-0.0,29.0,31.22,31.22,0.0,0.0,29.0,40.825,41.031,-8.0,-0.0,30.0
11.5048,1,rev,-80.0,12.2,5.438,5.169,16.0,-0.007,30.0,-100.0,-100.0,-16.0,0.0,30.0,-100.0,-100.0,-8.0,0.0,30.0,-55.6,-80.0,-8.0,-8.235,30.0,-90.381,-90.311,-8.0,-0.0,29.0,31.22,31.22,0.0,0.0,29.0,40.825,41.031,-8.0,-0.0,30.0
11.5582,1,rev,-80.0,12.2,5.438,5.169,16.0,-0.003,30.0,-100.0,-100.0,-16.0,0.0,30.0,-100.0,-100.0,-8.0,0.0,30.0,-56.0,-80.0,-8.0,-8.027,30.0,-90.381,-90.311,-8.0,-0.0,29.0,31.22,31.22,0.0,0.0,29.0,40.825,41.031,-8.0,-0.0,30.0
11.6113,1,rev,-80.0,12.2,5.438,5.169,16.0,-0.002,30.0,-100.0,-100.0,-16.0,0.0,30.0,-100.0,-100.0,-8.0,0.0,30.0,-56.4,-80.0,-8.0,-7.325,30.0,-90.381,-90.311,-8.0,-0.0,29.0,31.22,31.22,0.0,0.0,29.0,40.825,41.031,-8.0,-0.0,30.0
11.6637,1,rev,-80.0,12.2,5.438,5.169,16.0,-0.001,30.0,-100.0,-100.0,-16.0,0.0,30.0,-100.0,-100.0,-8.0,0.0,30.0,-56.933,-80.0,-8.0,-8.659,30.0,-90.381,-90.311,-8.0,-0.0,29.0,31.22,31.22,0.0,0.0,29.0,40.825,41.031,-8.0,-0.0,30.0
11.7167,1,rev,-80.0,12.2,5.438,5.169,16.0,-0.0,30.0,-100.0,-100.0,-16.0,0.0,30.0,-100.0,-100.0,-8.0,0.0,30.0,-57.333,-80.0,-8.0,-7.797,30.0,-90.381,-90.311,-8.0,-0.0,29.0,31.22,31.22,0.0,0.0,29.0,40.825,41.031,-8.0,-0.0,30.0
11.7688,1,rev,-80.0,12.2,5.438,5.169,16.0,-0.0,30.0,-100.0,-100.0,-16.0,0.0,30.0,-100.0,-100.0,-8.0,0.0,30.0,-57.733,-80.0,-8.0,-7.435,30.0,-90.381,-90.311,-8.0,-0.0,29.0,31.22,31.22,0.0,0.0,29.0,40.825,41.031,-8.0,-0.0,30.0
11.8218,1,rev,-80.0,12.2,5.438,5.169,16.0,-0.0,30.0,-100.0,-100.0,-16.0,0.0,30.0,-100.0,-100.0,-8.0,0.0,30.0,-58.133,-80.0,-8.0,-7.251,30.0,-90.381,-90.311,-8.0,-0.0,29.0,31.22,31.22,0.0,0.0,29.0,40.825,41.031,-8.0,-0.0,30.0
11.875,1,rev,-80.0,12.2,5.438,5.169,16.0,-0.0,30.0,-100.0,-100.0,-16.0,0.0,30.0,-100.0,-100.0,-8.0,0.0,30.0,-58.667,-80.0,-8.0,-8.63,30.0,-90.381,-90.311,-8.0,-0.0,29.0,31.22,31.22,0.0,0.0,29.0,40.825,41.031,-8.0,-0.0,30.0
11.9281,1,rev,-80.0,12.2,5.438,5.169,16.0,-0.0,30.0,-100.0,-100.0,-16.0,0.0,30.0,-100.0,-100.0,-8.0,0.0,30.0,-59.067,-80.0,-8.0,-8.264,30.0,-90.381,-90.311,-8.0,-0.0,29.0,31.22,31.22,0.0,0.0,29.0,40.825,41.031,-8.0,-0.0,30.0
11.9815,1,rev,-80.0,12.2,5.438,5.169,16.0,-0.0,30.0,-100.0,-100.0,-16.0,0.0,30.0,-100.0,-100.0,-8.0,0.0,30.0,-59.467,-80.0,-8.0,-8.056,30.0,-90.381,-90.311,-8.0,-0.0,29.0,31.22,31.22,0.0,0.0,29.0,40.825,41.031,-8.0,-0.0,30.0
12.0349,1,rev,-80.0,12.1,5.438,5.169,16.0,-0.0,30.0,-100.0,-100.0,-16.0,0.0,30.0,-100.0,-100.0,-8.0,0.0,30.0,-60.0,-80.0,-8.0,-8.286,29.0,-90.311,-90.311,-8.0,0.343,29.0,31.22,31.22,0.0,0.0,29.0,40.825,41.031,-8.0,-0.0,30.0
12.0885,1,rev,-80.0,12.1,5.438,5.169,16.0,-0.0,30.0,-100.0,-100.0,-16.0,0.0,30.0,-100.0,-100.0,-8.0,0.0,30.0,-60.267,-80.0,-8.0,-7.052,29.0,-90.311,-90.311,-8.0,0.168,29.0,31.22,31.22,0.0,0.0,29.0,40.825,41.031,-8.0,-0.0,30.0
12.1408,1,rev,-80.0,12.1,5.438,5.169,16.0,-0.0,30.0,-100.0,-100.0,-16.0,0.0,30.0,-100.0,-100.0,-8.0,0.0,30.0,-60.667,-80.0,-8.0,-7.032,29.0,-90.311,-90.311,-8.0,0.082,29.0,31.22,31.22,0.0,0.0,29.0,40.825,41.031,-8.0,-0.0,30.0
12.1946,1,rev,-80.0,12.1,5.438,5.169,16.0,-0.0,30.0,-100.0,-100.0,-16.0,0.0,30.0,-100.0,-100.0,-8.0,0.0,30.0,-61.2,-80.0,-8.0,-8.052,29.0,-90.381,-90.311,-8.0,-0.5,29.0,31.22,31.22,0.0,0.0,29.0,40.825,41.031,-8.0,-0.0,30.0
12.2481,1,rev,-80.0,12.1,5.438,5.169,16.0,-0.0,30.0,-100.0,-100.0,-16.0,0.0,30.0,-100.0,-100.0,-8.0,0.0,30.0,-61.6,-80.0,-8.0,-7.963,29.0,-90.381,-90.311,-8.0,-0.245,29.0,31.22,31.22,0.0,0.0,29.0,40.825,41.031,-8.0,-0.0,30.0
12.3014,1,rev,-80.0,12.1,5.438,5.169,16.0,-0.0,30.0,-100.0,-100.0,-16.0,0.0,30.0,-100.0,-100.0,-8.0,0.0,30.0,-62.133,-80.0,-8.0,-9.029,29.0,-90.381,-90.311,-8.0,-0.12,29.0,31.22,31.22,0.0,0.0,29.0,40.825,41.031,-8.0,-0.0,30.0
12.3546,1,rev,-80.0,12.1,5.438,5.169,16.0,-0.0,30.0,-100.0,-100.0,-16.0,0.0,30.0,-100.0,-100.0,-8.0,0.0,30.0,-62.533,-80.0,-8.0,-8.488,29.0,-90.311,-90.311,-8.0,0.723,29.0,31.22,31.22,0.0,0.0,29.0,40.825,41.031,-8.0,-0.0,30.0
12.4068,1,rev,-80.0,12.1,5.438,5.169,16.0,-0.0,30.0,-100.0,-100.0,-16.0,0.0,30.0,-100.0,-100.0,-8.0,0.0,30.0,-62.933,-80.0,-8.0,-8.193,29.0,-90.311,-90.311,-8.0,0.354,29.0,31.22,31.22,0.0,0.0,29.0,40.825,41.031,-8.0,-0.0,30.0
12.4601,1,rev,-80.0,12.1,5.438,5.169,16.0,-0.0,30.0,-100.0,-100.0,-16.0,0.0,30.0,-100.0,-100.0,-8.0,0.0,30.0,-63.333,-80.0,-8.0,-8.062,29.0,-90.311,-90.311,-8.0,0.174,29.0,31.22,31.22,0.0,0.0,29.0,40.825,41.031,-8.0,-0.0,30.0
12.513,1,rev,-80.0,12.1,5.438,5.169,16.0,-0.0,30.0,-100.0,-100.0,-16.0,0.0,30.0,-100.0,-100.0,-8.0,0.0,30.0,-63.733,-80.0,-8.0,-7.91,29.0,-90.381,-90.311,-8.0,-0.673,29.0,31.22,31.22,0.0,0.0,29.0,40.825,41.031,-8.0,-0.0,30.0
12.5663,1,rev,-80.0,12.1,5.438,5.169,16.0,-0.0,30.0,-100.0,-100.0,-16.0,0.0,30.0,-100.0,-100.0,-8.0,0.0,30.0,-63.867,-80.0,-8.0,-7.026,29.0,-90.381,-90.311,-8.0,-0.471,29.0,31.22,31.22,0.0,0.0,29.0,40.825,41.031,-8.0,-0.0,30.0
12.6196,1,rev,-80.0,12.1,5.438,5.169,16.0,-0.0,30.0,-100.0,-100.0,-16.0,0.0,30.0,-100.0,-100.0,-8.0,0.0,30.0,-64.4,-80.0,0.0,-7.554,30.0,-90.381,-90.311,-8.0,-0.33,29.0,31.22,31.22,0.0,0.0,29.0,40.825,41.031,-8.0,-0.0,30.0
12.6719,1,rev,-80.0,12.1,5.438,5.169,16.0,-0.0,30.0,-100.0,-100.0,-16.0,0.0,30.0,-100.0,-100.0,-8.0,0.0,30.0,-64.8,-80.0,0.0,-7.634,30.0,-90.381,-90.311,-8.0,-0.161,29.0,31.22,31.22,0.0,0.0,29.0,40.825,41.031,-8.0,-0.0,30.0
12.7247,1,rev,-80.0,12.1,5.438,5.169,16.0,-0.0,30.0,-100.0,-100.0,-16.0,0.0,30.0,-100.0,-100.0,-8.0,0.0,30.0,-65.2,-80.0,0.0,-7.341,30.0,-90.311,-90.311,-8.0,0.466,29.0,31.22,31.22,0.0,0.0,29.0,40.825,41.031,-8.0,-0.0,30.0
12.7767,1,rev,-80.0,12.1,5.438,5.169,16.0,-0.0,30.0,-100.0,-100.0,-16.0,0.0,30.0,-100.0,-100.0,-8.0,0.0,30.0,-65.733,-80.0,0.0,-8.7,30.0,-90.311,-90.311,-8.0,0.228,29.0,31.22,31.22,0.0,0.0,29.0,40.825,41.031,-8.0,-0.0,30.0
12.8298,1,rev,-80.0,12.1,5.438,5.169,16.0,-0.0,30.0,-100.0,-100.0,-16.0,0.0,30.0,-100.0,-100.0,-8.0,0.0,30.0,-66.133,-80.0,0.0,-8.318,30.0,-90.311,-90.311,-8.0,0.112,29.0,31.22,31.22,0.0,0.0,29.0,40.825,41.031,-8.0,-0.0,30.0
12.8818,1,rev,-80.0,12.1,5.438,5.169,16.0,-0.0,30.0,-100.0,-100.0,-16.0,0.0,30.0,-100.0,-100.0,-8.0,0.0,30.0,-66.533,-80.0,0.0,-7.683,30.0,-90.311,-90.311,-8.0,0.055,29.0,31.22,31.22,0.0,0.0,29.0,40.825,41.031,-8.0,-0.0,30.0
12.9348,1,rev,-80.0,12.1,5.438,5.169,16.0,-0.0,30.0,-100.0,-100.0,-16.0,0.0,30.0,-100.0,-100.0,-8.0,0.0,30.0,-66.933,-80.0,0.0,-7.375,30.0,-90.311,-90.311,-8.0,0.027,29.0,31.22,31.22,0.0,0.0,29.0,40.825,41.031,-8.0,-0.0,30.0
12.9881,1,rev,-80.0,12.1,5.438,5.169,16.0,-0.0,30.0,-100.0,-100.0,-16.0,0.0,30.0,-100.0,-100.0,-8.0,0.0,30.0,-67.467,-80.0,0.0,-8.638,30.0,-90.381,-90.311,-8.0,-0.746,29.0,31.22,31.22,0.0,0.0,29.0,40.825,41.031,-8.0,-0.0,30.0
13.0415,1,rev,-80.0,12.1,5.438,5.169,16.0,-0.0,30.0,-100.0,-100.0,-16.0,0.0,30.0,-100.0,-100.0,-8.0,0.0,30.0,-67.867,-80.0,0.0,-8.283,30.0,-90.381,-90.311,-8.0,-0.365,29.0,31.22,31.22,0.0,0.0,29.0,40.825,41.031,-8.0,-0.0,30.0
13.0938,1,rev,-80.0,12.1,5.438,5.169,16.0,-0.0,30.0,-100.0,-100.0,-16.0,0.0,30.0,-100.0,-100.0,-8.0,0.0,30.0,-68.267,-80.0,0.0,-8.07,30.0,-90.381,-90.311,-8.0,-0.179,29.0,31.22,31.22,0.0,0.0,29.0,40.825,41.031,-8.0,-0.0,30.0
13.147,1,rev,-80.0,12.2,5.438,5.169,16.0,-0.0,30.0,-100.0,-100.0,-16.0,0.0,30.0,-100.0,-100.0,-8.0,0.0,30.0,-68.533,-80.0,12.0,-8.669,29.0,-90.311,-90.311,0.0,0.658,29.0,31.22,31.22,0.0,0.0,29.0,40.825,41.031,-8.0,-0.0,30.0
13.2003,1,rev,-80.0,12.2,5.438,5.169,16.0,-0.0,30.0,-100.0,-100.0,-16.0,0.0,30.0,-100.0,-100.0,-8.0,0.0,30.0,-69.067,-80.0,12.0,-7.224,29.0,-90.311,-90.311,0.0,0.323,29.0,31.22,31.22,0.0,0.0,29.0,40.825,41.031,-8.0,-0.0,30.0
13.2534,1,rev,-80.0,12.2,5.438,5.169,16.0,-0.0,30.0,-100.0,-100.0,-16.0,0.0,30.0,-100.0,-100.0,-8.0,0.0,30.0,-69.6,-80.0,12.0,-8.534,29.0,-90.311,-90.311,0.0,0.158,29.0,31.22,31.22,0.0,0.0,29.0,40.825,41.031,-8.0,-0.0,30.0
13.3065,1,rev,-80.0,12.2,5.438,5.169,16.0,-0.0,30.0,-100.0,-100.0,-16.0,0.0,30.0,-100.0,-100.0,-8.0,0.0,30.0,-70.0,-80.0,12.0,-8.175,29.0,-90.311,-90.311,0.0,0.077,29.0,31.22,31.22,0.0,0.0,29.0,40.825,41.031,-8.0,-0.0,30.0
13.3595,1,rev,-80.0,12.2,5.438,5.169,16.0,-0.0,30.0,-100.0,-100.0,-16.0,0.0,30.0,-100.0,-100.0,-8.0,0.0,30.0,-70.4,-80.0,12.0,-8.014,29.0,-90.311,-90.311,0.0,0.038,29.0,31.22,31.22,0.0,0.0,29.0,40.825,41.031,-8.0,-0.0,30.0
13.4123,1,rev,-80.0,12.2,5.438,5.169,16.0,-0.0,30.0,-100.0,-100.0,-16.0,0.0,30.0,-100.0,-100.0,-8.0,0.0,30.0,-70.8,-80.0,12.0,-7.462,29.0,-90.311,-90.311,0.0,0.019,29.0,31.22,31.22,0.0,0.0,29.0,40.825,41.031,-8.0,-0.0,30.0
13.4655,1,rev,-80.0,12.2,5.438,5.169,16.0,-0.0,30.0,-100.0,-100.0,-16.0,0.0,30.0,-100.0,-100.0,-8.0,0.0,30.0,-71.333,-80.0,12.0,-8.75,29.0,-90.311,-90.311,0.0,0.009,29.0,31.22,31.22,0.0,0.0,29.0,40.825,41.031,-8.0,-0.0,30.0
13.5183,1,rev,-80.0,12.2,5.438,5.169,16.0,-0.0,30.0,-100.0,-100.0,-16.0,0.0,30.0,-100.0,-100.0,-8.0,0.0,30.0,-71.733,-80.0,12.0,-8.307,29.0,-90.311,-90.311,0.0,0.004,29.0,31.22,31.22,0.0,0.0,29.0,40.825,41.031,-8.0,-0.0,30.0
13.5714,1,rev,-80.0,12.2,5.438,5.169,16.0,-0.0,30.0,-100.0,-100.0,-16.0,0.0,30.0,-100.0,-100.0,-8.0,0.0,30.0,-71.867,-80.0,12.0,-7.297,29.0,-90.381,-90.311,0.0,-0.766,29.0,31.22,31.22,0.0,0.0,29.0,40.825,41.031,-8.0,-0.0,30.0
13.6238,1,rev,-80.0,12.2,5.438,5.169,16.0,-0.0,30.0,-100.0,-100.0,-16.0,0.0,30.0,-100.0,-100.0,-8.0,0.0,30.0,-72.4,-80.0,12.0,-8.398,29.0,-90.381,-90.311,0.0,-0.375,29.0,31.22,31.22,0.0,0.0,29.0,40.825,41.031,-8.0,-0.0,30.0
13.6772,1,rev,-80.0,12.2,5.438,5.169,16.0,-0.0,30.0,-100.0,-100.0,-16.0,0.0,30.0,-100.0,-100.0,-8.0,0.0,30.0,-72.8,-80.0,12.0,-8.038,29.0,-90.311,-90.311,0.0,0.576,29.0,31.22,31.22,0.0,0.0,29.0,40.825,41.031,-8.0,-0.0,30.0
13.7316,1,rev,-80.0,12.1,5.438,5.169,16.0,-0.0,30.0,-100.0,-100.0,-16.0,0.0,30.0,-100.0,-100.0,-8.0,0.0,30.0,-73.067,-80.0,-4.0,-8.274,30.0,-90.311,-90.311,0.0,0.403,29.0,31.22,31.22,0.0,0.0,29.0,40.825,41.031,-8.0,-0.0,30.0
13.7846,1,rev,-80.0,12.1,5.438,5.169,16.0,-0.0,30.0,-100.0,-100.0,-16.0,0.0,30.0,-100.0,-100.0,-8.0,0.0,30.0,-73.6,-80.0,-4.0,-7.028,30.0,-90.311,-90.311,0.0,0.198,29.0,31.22,31.22,0.0,0.0,29.0,40.825,41.031,-8.0,-0.0,30.0
13.8379,1,rev,-80.0,12.1,5.438,5.169,16.0,-0.0,30.0,-100.0,-100.0,-16.0,0.0,30.0,-100.0,-100.0,-8.0,0.0,30.0,-74.0,-80.0,-4.0,-7.043,30.0,-90.311,-90.311,0.0,0.097,29.0,31.22,31.22,0.0,0.0,29.0,40.825,41.031,-8.0,-0.0,30.0
13.8912,1,rev,-80.0,12.1,5.438,5.169,16.0,-0.0,30.0,-100.0,-100.0,-16.0,0.0,30.0,-100.0,-100.0,-8.0,0.0,30.0,-74.533,-80.0,-4.0,-8.088,30.0,-90.311,-90.311,0.0,0.047,29.0,31.22,31.22,0.0,0.0,29.0,40.825,41.031,-8.0,-0.0,30.0
13.9443,1,rev,-80.0,12.1,5.438,5.169,16.0,-0.0,30.0,-100.0,-100.0,-16.0,0.0,30.0,-100.0,-100.0,-8.0,0.0,30.0,-74.933,-80.0,-4.0,-7.571,30.0,-90.311,-90.311,0.0,0.023,29.0,31.22,31.22,0.0,0.0,29.0,40.825,41.031,-8.0,-0.0,30.0
13.9974,1,rev,-80.0,12.1,5.438,5.169,16.0,-0.0,30.0,-100.0,-100.0,-16.0,0.0,30.0,-100.0,-100.0,-8.0,0.0,30.0,-75.333,-80.0,-4.0,-7.293,30.0,-90.311,-90.311,0.0,0.011,29.0,31.22,31.22,0.0,0.0,29.0,40.825,41.031,-8.0,-0.0,30.0
14.0505,1,rev,-80.0,12.1,5.438,5.169,16.0,-0.0,30.0,-100.0,-100.0,-16.0,0.0,30.0,-100.0,-100.0,-8.0,0.0,30.0,-75.733,-80.0,-4.0,-7.172,30.0,-90.311,-90.311,0.0,0.006,29.0,31.22,31.22,0.0,0.0,29.0,40.825,41.031,-8.0,-0.0,30.0
14.1028,1,rev,-80.0,12.1,5.438,5.169,16.0,-0.0,30.0,-100.0,-100.0,-16.0,0.0,30.0,-100.0,-100.0,-8.0,0.0,30.0,-76.267,-80.0,-4.0,-8.503,30.0,-90.311,-90.311,0.0,0.003,29.0,31.22,31.22,0.0,0.0,29.0,40.825,41.031,-8.0,-0.0,30.0
14.1559,1,rev,-80.0,12.1,5.438,5.169,16.0,-0.0,30.0,-100.0,-100.0,-16.0,0.0,30.0,-100.0,-100.0,-8.0,0.0,30.0,-76.533,-80.0,-4.0,-6.71,30.0,-90.311,-90.311,0.0,0.001,29.0,31.22,31.22,0.0,0.0,29.0,40.825,41.031,-8.0,-0.0,30.0
14.2091,1,rev,-80.0,12.1,5.438,5.169,16.0,-0.0,30.0,-100.0,-100.0,-16.0,0.0,30.0,-100.0,-100.0,-8.0,0.0,30.0,-77.067,-80.0,-4.0,-8.37,30.0,-90.311,-90.311,0.0,0.001,29.0,31.22,31.22,0.0,0.0,29.0,40.825,41.031,-8.0,-0.0,30.0
14.262,1,rev,-80.0,12.1,5.438,5.169,16.0,-0.0,30.0,-100.0,-100.0,-16.0,0.0,30.0,-100.0,-100.0,-8.0,0.0,30.0,-77.467,-80.0,-4.0,-8.13,30.0,-90.311,-90.311,0.0,0.0,29.0,31.22,31.22,0.0,0.0,29.0,40.825,41.031,-8.0,-0.0,30.0
14.3149,1,rev,-80.0,12.2,5.438,5.169,16.0,-0.0,30.0,-100.0,-100.0,-16.0,0.0,30.0,-100.0,-100.0,-8.0,0.0,30.0,-77.867,-80.0,8.0,-7.684,30.0,-90.311,-90.311,0.0,0.0,29.0,31.22,31.22,0.0,0.0,29.0,40.825,41.031,-8.0,-0.0,30.0
14.3681,1,rev,-80.0,12.2,5.348,5.169,16.0,-0.708,30.0,-100.0,-100.0,-16.0,0.0,30.0,-100.0,-100.0,-8.0,0.0,30.0,-78.133,-80.0,8.0,-5.865,30.0,-90.311,-90.311,0.0,0.0,29.0,31.22,31.22,0.0,0.0,29.0,40.825,41.031,-8.0,-0.0,30.0
14.4211,1,rev,-80.0,12.2,5.348,5.169,16.0,-0.347,30.0,-100.0,-100.0,-16.0,0.0,30.0,-100.0,-100.0,-8.0,0.0,30.0,-78.8,-80.0,8.0,-9.034,30.0,-90.311,-90.311,0.0,0.0,29.0,31.22,31.22,0.0,0.0,29.0,40.825,41.031,-8.0,-0.0,30.0
14.4743,1,rev,-80.0,12.2,5.348,5.169,16.0,-0.17,30.0,-100.0,-100.0,-16.0,0.0,30.0,-100.0,-100.0,-8.0,0.0,30.0,-79.2,-80.0,8.0,-8.459,30.0,-90.311,-90.311,0.0,0.0,29.0,31.22,31.22,0.0,0.0,29.0,40.825,41.031,-8.0,-0.0,30.0
14.5277,1,hold_start,-80.0,12.2,5.348,5.169,16.0,-0.083,30.0,-100.0,-100.0,-16.0,0.0,30.0,-100.0,-100.0,-8.0,0.0,30.0,-79.6,-80.0,8.0,-8.171,30.0,-90.311,-90.311,0.0,0.0,29.0,31.22,31.22,0.0,0.0,29.0,40.825,41.031,-8.0,-0.0,30.0
14.581,1,hold_start,-80.0,12.2,5.348,5.169,16.0,-0.058,30.0,-100.0,-100.0,-16.0,0.0,30.0,-100.0,-100.0,-8.0,0.0,30.0,-79.867,-80.0,8.0,-8.68,30.0,-90.311,-90.311,0.0,0.0,29.0,31.22,31.22,0.0,0.0,29.0,40.825,41.031,-8.0,-0.0,30.0
14.6343,1,hold_start,-80.0,12.2,5.348,5.169,16.0,-0.029,30.0,-100.0,-100.0,-16.0,0.0,30.0,-100.0,-100.0,-8.0,0.0,30.0,-80.0,-80.0,8.0,-5.744,30.0,-90.311,-90.311,0.0,0.0,29.0,31.22,31.22,0.0,0.0,29.0,40.825,41.031,-8.0,-0.0,30.0
14.6868,1,hold_start,-80.0,12.2,5.348,5.169,16.0,-0.014,30.0,-100.0,-100.0,-16.0,0.0,30.0,-100.0,-100.0,-8.0,0.0,30.0,-80.0,-80.0,8.0,-2.815,30.0,-90.311,-90.311,0.0,0.0,29.0,31.22,31.22,0.0,0.0,29.0,40.825,41.031,-8.0,-0.0,30.0
14.7409,1,hold_start,-80.0,12.2,5.348,5.169,16.0,-0.007,30.0,-100.0,-100.0,-16.0,0.0,30.0,-100.0,-100.0,-8.0,0.0,30.0,-80.0,-80.0,8.0,-1.379,30.0,-90.311,-90.311,0.0,0.0,29.0,31.22,31.22,0.0,0.0,29.0,40.825,41.031,-8.0,-0.0,30.0
14.7942,1,hold_start,-80.0,12.2,5.348,5.169,16.0,-0.003,30.0,-100.0,-100.0,-16.0,0.0,30.0,-100.0,-100.0,-8.0,0.0,30.0,-80.0,-80.0,8.0,-0.676,30.0,-90.311,-90.311,0.0,0.0,29.0,31.22,31.22,0.0,0.0,29.0,41.031,41.031,-8.0,1.627,30.0
14.8468,1,hold_start,-80.0,12.2,5.348,5.169,16.0,-0.002,30.0,-100.0,-100.0,-16.0,0.0,30.0,-100.0,-100.0,-8.0,0.0,30.0,-80.0,-80.0,8.0,-0.331,30.0,-90.311,-90.311,0.0,0.0,29.0,31.22,31.22,0.0,0.0,29.0,41.031,41.031,-8.0,0.797,30.0
14.9002,1,hold_start,-80.0,12.2,5.348,5.169,8.0,-0.001,30.0,-100.0,-100.0,-16.0,0.0,30.0,-100.0,-100.0,-8.0,0.0,30.0,-80.0,-80.0,0.0,-0.232,29.0,-90.311,-90.311,0.0,0.0,29.0,31.22,31.22,0.0,0.0,29.0,40.825,41.031,0.0,-0.461,30.0
14.9535,1,hold_start,-80.0,12.2,5.348,5.169,8.0,-0.001,30.0,-100.0,-100.0,-16.0,0.0,30.0,-100.0,-100.0,-8.0,0.0,30.0,-80.0,-80.0,0.0,-0.114,29.0,-90.311,-90.311,0.0,0.0,29.0,31.22,31.22,0.0,0.0,29.0,40.825,41.031,0.0,-0.226,30.0
15.0066,1,hold_start,-80.0,12.2,5.258,5.169,8.0,-0.708,30.0,-100.0,-100.0,-16.0,0.0,30.0,-100.0,-100.0,-8.0,0.0,30.0,-80.0,-80.0,0.0,-0.056,29.0,-90.311,-90.311,0.0,0.0,29.0,31.22,31.22,0.0,0.0,29.0,40.825,41.031,0.0,-0.111,30.0
15.0588,1,hold_start,-80.0,12.2,5.258,5.169,8.0,-0.347,30.0,-100.0,-100.0,-16.0,0.0,30.0,-100.0,-100.0,-8.0,0.0,30.0,-80.0,-80.0,0.0,-0.027,29.0,-90.311,-90.311,0.0,0.0,29.0,31.22,31.22,0.0,0.0,29.0,40.825,41.031,0.0,-0.054,30.0
15.1119,1,hold_start,-80.0,12.2,5.258,5.169,8.0,-0.17,30.0,-100.0,-100.0,-16.0,0.0,30.0,-100.0,-100.0,-8.0,0.0,30.0,-80.0,-80.0,0.0,-0.013,29.0,-90.311,-90.311,0.0,0.0,29.0,31.22,31.22,0.0,0.0,29.0,40.825,41.031,0.0,-0.027,30.0
15.1649,1,hold_start,-80.0,12.2,5.348,5.169,8.0,0.907,30.0,-100.0,-100.0,-16.0,0.0,30.0,-100.0,-100.0,-8.0,0.0,30.0,-80.0,-80.0,0.0,-0.007,29.0,-90.311,-90.311,0.0,0.0,29.0,31.22,31.22,0.0,0.0,29.0,40.825,41.031,0.0,-0.013,30.0
15.2181,1,hold_start,-80.0,12.2,5.348,5.169,8.0,0.445,30.0,-100.0,-100.0,-16.0,0.0,30.0,-100.0,-100.0,-8.0,0.0,30.0,-80.0,-80.0,0.0,-0.003,29.0,-90.311,-90.311,0.0,0.0,29.0,31.22,31.22,0.0,0.0,29.0,40.825,41.031,0.0,-0.006,30.0
15.2711,1,hold_start,-80.0,12.2,5.348,5.169,8.0,0.218,30.0,-100.0,-100.0,-16.0,0.0,30.0,-100.0,-100.0,-8.0,0.0,30.0,-80.0,-80.0,0.0,-0.002,29.0,-90.311,-90.311,0.0,0.0,29.0,31.22,31.22,0.0,0.0,29.0,40.825,41.031,0.0,-0.003,30.0
15.3245,1,hold_start,-80.0,12.2,5.348,5.169,8.0,0.107,30.0,-100.0,-100.0,-16.0,0.0,30.0,-100.0,-100.0,-8.0,0.0,30.0,-80.0,-80.0,0.0,-0.001,29.0,-90.311,-90.311,0.0,0.0,29.0,31.22,31.22,0.0,0.0,29.0,40.825,41.031,0.0,-0.002,30.0
15.3781,1,hold_start,-80.0,12.2,5.258,5.169,8.0,-0.652,30.0,-100.0,-100.0,-16.0,0.0,30.0,-100.0,-100.0,-8.0,0.0,30.0,-80.0,-80.0,0.0,-0.0,29.0,-90.311,-90.311,0.0,0.0,29.0,31.22,31.22,0.0,0.0,29.0,40.825,41.031,0.0,-0.001,30.0
15.4315,1,hold_start,-80.0,12.2,5.258,5.169,8.0,-0.456,30.0,-100.0,-100.0,-16.0,0.0,30.0,-100.0,-100.0,-8.0,0.0,30.0,-80.0,-80.0,0.0,-0.0,29.0,-90.311,-90.311,0.0,0.0,29.0,31.22,31.22,0.0,0.0,29.0,40.825,41.031,0.0,-0.001,30.0
15.4837,1,hold_start,-80.0,12.2,5.258,5.169,0.0,-0.319,30.0,-100.0,-100.0,-16.0,0.0,30.0,-100.0,-100.0,-8.0,0.0,30.0,-80.0,-80.0,0.0,-0.0,29.0,-90.311,-90.311,0.0,0.0,29.0,31.22,31.22,0.0,0.0,29.0,40.825,41.031,-8.0,-0.0,30.0
15.5368,2,fwd,-30.0,12.2,5.258,5.169,0.0,-0.156,30.0,-100.0,-100.0,-16.0,0.0,30.0,-100.0,-100.0,-8.0,0.0,30.0,-80.0,-80.0,0.0,-0.0,29.0,-90.311,-90.311,0.0,0.0,29.0,31.22,31.22,0.0,0.0,29.0,40.825,41.031,-8.0,-0.0,30.0
15.5889,2,fwd,-30.0,12.2,5.258,5.169,0.0,-0.077,30.0,-100.0,-100.0,-16.0,0.0,30.0,-100.0,-100.0,-8.0,0.0,30.0,-80.0,-30.0,0.0,-0.0,29.0,-90.311,-90.311,0.0,0.0,29.0,31.22,31.22,0.0,0.0,29.0,40.825,41.031,-8.0,-0.0,30.0
15.642,2,fwd,-30.0,12.2,5.258,5.169,0.0,-0.038,30.0,-100.0,-100.0,-16.0,0.0,30.0,-100.0,-100.0,-8.0,0.0,30.0,-79.867,-30.0,0.0,1.486,29.0,-90.311,-90.311,0.0,0.0,29.0,31.22,31.22,0.0,0.0,29.0,40.825,41.031,-8.0,-0.0,30.0
15.6955,2,fwd,-30.0,12.2,5.258,5.169,0.0,-0.018,30.0,-100.0,-100.0,-16.0,0.0,30.0,-100.0,-100.0,-8.0,0.0,30.0,-79.733,-30.0,0.0,2.2,29.0,-90.311,-90.311,0.0,0.0,29.0,31.22,31.22,0.0,0.0,29.0,40.825,41.031,-8.0,-0.0,30.0
15.7497,2,fwd,-30.0,12.2,5.258,5.169,0.0,-0.009,30.0,-100.0,-100.0,-16.0,0.0,30.0,-100.0,-100.0,-8.0,0.0,30.0,-79.333,-30.0,0.0,4.674,29.0,-90.311,-90.311,0.0,0.0,29.0,31.22,31.22,0.0,0.0,29.0,40.825,41.031,-8.0,-0.0,30.0
15.8018,2,fwd,-30.0,12.2,5.258,5.169,0.0,-0.004,30.0,-100.0,-100.0,-16.0,0.0,30.0,-100.0,-100.0,-8.0,0.0,30.0,-78.933,-30.0,0.0,6.319,29.0,-90.311,-90.311,0.0,0.0,29.0,31.22,31.22,0.0,0.0,29.0,40.825,41.031,-8.0,-0.0,30.0
15.8537,2,fwd,-30.0,12.2,5.258,5.169,0.0,-0.002,30.0,-100.0,-100.0,-16.0,0.0,30.0,-100.0,-100.0,-8.0,0.0,30.0,-78.533,-30.0,0.0,7.152,29.0,-90.311,-90.311,0.0,0.0,29.0,31.22,31.22,0.0,0.0,29.0,40.825,41.031,-8.0,-0.0,30.0
15.9063,2,fwd,-30.0,12.2,5.258,5.169,0.0,-0.001,30.0,-100.0,-100.0,-16.0,0.0,30.0,-100.0,-100.0,-8.0,0.0,30.0,-78.267,-30.0,0.0,6.021,29.0,-90.311,-90.311,0.0,0.0,29.0,31.22,31.22,0.0,0.0,29.0,40.825,41.031,-8.0,-0.0,30.0
15.9587,2,fwd,-30.0,12.2,5.258,5.169,0.0,-0.001,30.0,-100.0,-100.0,-16.0,0.0,30.0,-100.0,-100.0,-8.0,0.0,30.0,-77.867,-30.0,0.0,6.988,29.0,-90.311,-90.311,0.0,0.0,29.0,31.22,31.22,0.0,0.0,29.0,40.825,41.031,-8.0,-0.0,30.0
16.0108,2,fwd,-30.0,12.2,5.258,5.169,0.0,-0.0,30.0,-100.0,-100.0,-16.0,0.0,30.0,-100.0,-100.0,-8.0,0.0,30.0,-77.733,-30.0,-48.0,6.399,30.0,-90.311,-90.311,0.0,0.0,29.0,31.22,31.22,0.0,0.0,29.0,40.825,41.031,-8.0,-0.0,30.0
16.0627,2,fwd,-30.0,12.2,5.258,5.169,0.0,-0.0,30.0,-100.0,-100.0,-16.0,0.0,30.0,-100.0,-100.0,-8.0,0.0,30.0,-77.333,-30.0,-48.0,5.597,30.0,-90.311,-90.311,0.0,0.0,29.0,31.22,31.22,0.0,0.0,29.0,40.825,41.031,-8.0,-0.0,30.0
16.1161,2,fwd,-30.0,12.2,5.258,5.169,0.0,-0.0,30.0,-100.0,-100.0,-16.0,0.0,30.0,-100.0,-100.0,-8.0,0.0,30.0,-76.933,-30.0,-48.0,6.785,30.0,-90.311,-90.311,0.0,0.0,29.0,31.22,31.22,0.0,0.0,29.0,40.825,41.031,-8.0,-0.0,30.0
16.1693,2,fwd,-30.0,12.2,5.258,5.169,0.0,-0.0,30.0,-100.0,-100.0,-16.0,0.0,30.0,-100.0,-100.0,-8.0,0.0,30.0,-76.667,-30.0,-48.0,5.867,30.0,-90.311,-90.311,0.0,0.0,29.0,31.22,31.22,0.0,0.0,29.0,40.825,41.031,-8.0,-0.0,30.0
16.2224,2,fwd,-30.0,12.2,5.258,5.169,0.0,-0.0,30.0,-100.0,-100.0,-16.0,0.0,30.0,-100.0,-100.0,-8.0,0.0,30.0,-76.267,-30.0,-48.0,6.858,30.0,-90.311,-90.311,0.0,0.0,29.0,31.22,31.22,0.0,0.0,29.0,40.825,41.031,-8.0,-0.0,30.0
16.2748,2,fwd,-30.0,12.2,5.258,5.169,0.0,-0.0,30.0,-100.0,-100.0,-16.0,0.0,30.0,-100.0,-100.0,-8.0,0.0,30.0,-76.0,-30.0,-48.0,5.918,30.0,-90.311,-90.311,0.0,0.0,29.0,31.22,31.22,0.0,0.0,29.0,40.825,41.031,-8.0,-0.0,30.0
16.3269,2,fwd,-30.0,12.2,5.258,5.169,0.0,-0.0,30.0,-100.0,-100.0,-16.0,0.0,30.0,-100.0,-100.0,-8.0,0.0,30.0,-75.733,-30.0,-48.0,7.093,30.0,-90.311,-90.311,0.0,0.0,29.0,31.22,31.22,0.0,0.0,29.0,40.825,41.031,-8.0,-0.0,30.0
16.3804,2,fwd,-30.0,12.2,5.258,5.169,0.0,-0.0,30.0,-100.0,-100.0,-16.0,0.0,30.0,-100.0,-100.0,-8.0,0.0,30.0,-75.333,-30.0,-48.0,7.49,30.0,-90.311,-90.311,0.0,0.0,29.0,31.22,31.22,0.0,0.0,29.0,40.825,41.031,-8.0,-0.0,30.0
16.4329,2,fwd,-30.0,12.2,5.258,5.169,0.0,-0.0,30.0,-100.0,-100.0,-16.0,0.0,30.0,-100.0,-100.0,-8.0,0.0,30.0,-74.933,-30.0,-48.0,7.563,30.0,-90.311,-90.311,0.0,0.0,29.0,31.22,31.22,0.0,0.0,29.0,40.825,41.031,-8.0,-0.0,30.0
16.4863,2,fwd,-30.0,12.2,5.348,5.169,0.0,1.013,30.0,-100.0,-100.0,-16.0,0.0,30.0,-100.0,-100.0,-8.0,0.0,30.0,-74.533,-30.0,-48.0,7.202,30.0,-90.311,-90.311,0.0,0.0,29.0,31.22,31.22,0.0,0.0,29.0,40.825,41.031,-8.0,-0.0,30.0
16.5396,2,fwd,-30.0,12.2,5.348,5.169,0.0,0.496,30.0,-100.0,-100.0,-16.0,0.0,30.0,-100.0,-100.0,-8.0,0.0,30.0,-74.133,-30.0,-48.0,7.127,30.0,-90.311,-90.311,0.0,0.0,29.0,31.22,31.22,0.0,0.0,29.0,40.825,41.031,-8.0,-0.0,30.0
16.5919,2,fwd,-30.0,12.1,5.348,5.169,8.0,0.348,30.0,-100.0,-100.0,-16.0,0.0,30.0,-100.0,-100.0,-8.0,0.0,30.0,-73.867,-30.0,-88.0,7.996,30.0,-90.311,-90.311,0.0,0.0,29.0,31.22,31.22,0.0,0.0,29.0,40.825,41.031,-8.0,-0.0,30.0
16.6451,2,fwd,-30.0,12.1,5.348,5.169,8.0,0.17,30.0,-100.0,-100.0,-16.0,0.0,30.0,-100.0,-100.0,-8.0,0.0,30.0,-73.333,-30.0,-88.0,6.868,30.0,-90.311,-90.311,0.0,0.0,29.0,31.22,31.22,0.0,0.0,29.0,40.825,41.031,-8.0,-0.0,30.0
16.6984,2,fwd,-30.0,12.1,5.348,5.169,8.0,0.083,30.0,-100.0,-100.0,-16.0,0.0,30.0,-100.0,-100.0,-8.0,0.0,30.0,-72.8,-30.0,-88.0,8.449,30.0,-90.311,-90.311,0.0,0.0,29.0,31.22,31.22,0.0,0.0,29.0,40.825,41.031,-8.0,-0.0,30.0
16.7518,2,fwd,-30.0,12.1,5.348,5.169,8.0,0.041,30.0,-100.0,-100.0,-16.0,0.0,30.0,-100.0,-100.0,-8.0,0.0,30.0,-72.4,-30.0,-88.0,8.145,30.0,-90.311,-90.311,0.0,0.0,29.0,31.22,31.22,0.0,0.0,29.0,40.825,41.031,-8.0,-0.0,30.0
16.8049,2,fwd,-30.0,12.1,5.438,5.169,8.0,0.726,30.0,-100.0,-100.0,-16.0,0.0,30.0,-100.0,-100.0,-8.0,0.0,30.0,-72.0,-30.0,-88.0,8.016,30.0,-90.311,-90.311,0.0,0.0,29.0,31.22,31.22,0.0,0.0,29.0,40.825,41.031,-8.0,-0.0,30.0
16.8579,2,fwd,-30.0,12.1,5.438,5.169,8.0,0.356,30.0,-100.0,-100.0,-16.0,0.0,30.0,-100.0,-100.0,-8.0,0.0,30.0,-71.6,-30.0,-88.0,7.935,30.0,-90.311,-90.311,0.0,0.0,29.0,31.22,31.22,0.0,0.0,29.0,40.825,41.031,-8.0,-0.0,30.0
16.9113,2,fwd,-30.0,12.1,5.438,5.169,8.0,0.174,30.0,-100.0,-100.0,-16.0,0.0,30.0,-100.0,-100.0,-8.0,0.0,30.0,-71.2,-30.0,-88.0,7.469,30.0,-90.311,-90.311,0.0,0.0,29.0,31.22,31.22,0.0,0.0,29.0,40.825,41.031,-8.0,-0.0,30.0
16.9641,2,fwd,-30.0,12.1,5.438,5.169,8.0,0.085,30.0,-100.0,-100.0,-16.0,0.0,30.0,-100.0,-100.0,-8.0,0.0,30.0,-70.8,-30.0,-88.0,7.718,30.0,-90.311,-90.311,0.0,0.0,29.0,31.22,31.22,0.0,0.0,29.0,40.825,41.031,-8.0,-0.0,30.0
17.0171,2,fwd,-30.0,12.1,5.438,5.169,8.0,0.042,30.0,-100.0,-100.0,-16.0,0.0,30.0,-100.0,-100.0,-8.0,0.0,30.0,-70.4,-30.0,-88.0,7.372,30.0,-90.311,-90.311,0.0,0.0,29.0,31.22,31.22,0.0,0.0,29.0,40.825,41.031,-8.0,-0.0,30.0
17.0703,2,fwd,-30.0,12.1,5.438,5.169,8.0,0.02,30.0,-100.0,-100.0,-16.0,0.0,30.0,-100.0,-100.0,-8.0,0.0,30.0,-70.0,-30.0,-88.0,7.686,30.0,-90.311,-90.311,0.0,0.0,29.0,31.22,31.22,0.0,0.0,29.0,40.825,41.031,-8.0,-0.0,30.0
17.1235,2,fwd,-30.0,12.1,5.438,5.169,8.0,0.01,30.0,-100.0,-100.0,-16.0,0.0,30.0,-100.0,-100.0,-8.0,0.0,30.0,-69.6,-30.0,-88.0,7.335,30.0,-90.311,-90.311,0.0,0.0,29.0,31.22,31.22,0.0,0.0,29.0,40.825,41.031,-8.0,-0.0,30.0
17.1757,2,fwd,-30.0,12.1,5.438,5.169,16.0,0.007,30.0,-100.0,-100.0,-16.0,0.0,30.0,-100.0,-100.0,-8.0,0.0,30.0,-69.067,-30.0,-96.0,7.835,30.0,-90.381,-90.311,0.0,-0.35,29.0,31.22,31.22,0.0,0.0,29.0,40.825,41.031,-8.0,-0.0,30.0
17.2278,2,fwd,-30.0,12.1,5.438,5.169,16.0,0.003,30.0,-100.0,-100.0,-16.0,0.0,30.0,-100.0,-100.0,-8.0,0.0,30.0,-68.667,-30.0,-96.0,7.437,30.0,-90.381,-90.311,0.0,-0.172,29.0,31.22,31.22,0.0,0.0,29.0,40.825,41.031,-8.0,-0.0,30.0
17.2813,2,fwd,-30.0,12.1,5.438,5.169,16.0,0.002,30.0,-100.0,-100.0,-16.0,0.0,30.0,-100.0,-100.0,-8.0,0.0,30.0,-68.267,-30.0,-96.0,7.227,30.0,-90.311,-90.311,0.0,0.689,29.0,31.22,31.22,0.0,0.0,29.0,40.825,41.031,-8.0,-0.0,30.0
17.3347,2,fwd,-30.0,12.1,5.438,5.169,16.0,0.001,30.0,-100.0,-100.0,-16.0,0.0,30.0,-100.0,-100.0,-8.0,0.0,30.0,-67.867,-30.0,-96.0,7.132,30.0,-90.311,-90.311,0.0,0.338,29.0,31.22,31.22,0.0,0.0,29.0,40.825,41.031,-8.0,-0.0,30.0
17.3869,2,fwd,-30.0,12.1,5.438,5.169,16.0,0.0,30.0,-100.0,-100.0,-16.0,0.0,30.0,-100.0,-100.0,-8.0,0.0,30.0,-67.467,-30.0,-96.0,7.515,30.0,-90.311,-90.311,0.0,0.165,29.0,31.22,31.22,0.0,0.0,29.0,40.825,41.031,-8.0,-0.0,30.0
17.44,2,fwd,-30.0,12.1,5.438,5.169,16.0,0.0,30.0,-100.0,-100.0,-16.0,0.0,30.0,-100.0,-100.0,-8.0,0.0,30.0,-67.2,-30.0,-96.0,6.192,30.0,-90.311,-90.311,0.0,0.081,29.0,31.22,31.22,0.0,0.0,29.0,40.825,41.031,-8.0,-0.0,30.0
17.4934,2,fwd,-30.0,12.1,5.438,5.169,16.0,0.0,30.0,-100.0,-100.0,-16.0,0.0,30.0,-100.0,-100.0,-8.0,0.0,30.0,-66.8,-30.0,-96.0,8.757,30.0,-90.311,-90.311,0.0,0.057,29.0,31.22,31.22,0.0,0.0,29.0,40.825,41.031,-8.0,-0.0,30.0
17.5471,2,fwd,-30.0,12.1,5.438,5.169,16.0,0.0,30.0,-100.0,-100.0,-16.0,0.0,30.0,-100.0,-100.0,-8.0,0.0,30.0,-66.4,-30.0,-96.0,8.236,30.0,-90.311,-90.311,0.0,0.028,29.0,31.22,31.22,0.0,0.0,29.0,40.825,41.031,-8.0,-0.0,30.0
17.6003,2,fwd,-30.0,12.1,5.438,5.169,16.0,0.0,30.0,-100.0,-100.0,-16.0,0.0,30.0,-100.0,-100.0,-8.0,0.0,30.0,-65.867,-30.0,-96.0,8.942,30.0,-90.311,-90.311,0.0,0.014,29.0,31.22,31.22,0.0,0.0,29.0,40.825,41.031,-8.0,-0.0,30.0
17.6528,2,fwd,-30.0,12.1,5.438,5.169,16.0,0.0,30.0,-100.0,-100.0,-16.0,0.0,30.0,-100.0,-100.0,-8.0,0.0,30.0,-65.467,-30.0,-96.0,8.428,30.0,-90.381,-90.311,0.0,-0.774,29.0,31.22,31.22,0.0,0.0,29.0,40.825,41.031,-8.0,-0.0,30.0
17.7061,2,fwd,-30.0,12.1,5.438,5.169,16.0,0.0,30.0,-100.0,-100.0,-16.0,0.0,30.0,-100.0,-100.0,-8.0,0.0,30.0,-65.067,-30.0,-96.0,7.567,30.0,-90.381,-90.311,0.0,-0.379,29.0,31.22,31.22,0.0,0.0,29.0,40.825,41.031,-8.0,-0.0,30.0
17.7602,2,fwd,-30.0,12.1,5.438,5.169,16.0,0.0,30.0,-100.0,-100.0,-16.0,0.0,30.0,-100.0,-100.0,-8.0,0.0,30.0,-64.667,-30.0,-104.0,7.269,30.0,-90.311,-90.311,-8.0,0.076,29.0,31.22,31.22,0.0,0.0,29.0,40.825,41.031,-8.0,-0.0,30.0
17.8134,2,fwd,-30.0,12.1,5.438,5.169,16.0,0.0,30.0,-100.0,-100.0,-16.0,0.0,30.0,-100.0,-100.0,-8.0,0.0,30.0,-64.4,-30.0,-104.0,6.071,30.0,-90.311,-90.311,-8.0,0.037,29.0,31.22,31.22,0.0,0.0,29.0,40.825,41.031,-8.0,-0.0,30.0
17.8657,2,fwd,-30.0,12.1,5.438,5.169,16.0,0.0,30.0,-100.0,-100.0,-16.0,0.0,30.0,-100.0,-100.0,-8.0,0.0,30.0,-64.0,-30.0,-104.0,6.526,30.0,-90.311,-90.311,-8.0,0.018,29.0,31.22,31.22,0.0,0.0,29.0,40.825,41.031,-8.0,-0.0,30.0
17.9191,2,fwd,-30.0,12.1,5.438,5.169,16.0,0.0,30.0,-100.0,-100.0,-16.0,0.0,30.0,-100.0,-100.0,-8.0,0.0,30.0,-63.467,-30.0,-104.0,8.253,30.0,-90.311,-90.311,-8.0,0.009,29.0,31.22,31.22,0.0,0.0,29.0,40.825,41.031,-8.0,-0.0,30.0
17.9724,2,fwd,-30.0,12.1,5.438,5.169,16.0,0.0,30.0,-100.0,-100.0,-16.0,0.0,30.0,-100.0,-100.0,-8.0,0.0,30.0,-62.933,-30.0,-104.0,9.124,30.0,-90.311,-90.311,-8.0,0.004,29.0,31.22,31.22,0.0,0.0,29.0,40.825,41.031,-8.0,-0.0,30.0
18.0254,2,fwd,-30.0,12.1,5.438,5.169,16.0,0.0,30.0,-100.0,-100.0,-16.0,0.0,30.0,-100.0,-100.0,-8.0,0.0,30.0,-62.533,-30.0,-104.0,8.081,30.0,-90.381,-90.311,-8.0,-0.543,29.0,31.22,31.22,0.0,0.0,29.0,40.825,41.031,-8.0,-0.0,30.0
18.0778,2,fwd,-30.0,12.1,5.438,5.169,16.0,0.0,30.0,-100.0,-100.0,-16.0,0.0,30.0,-100.0,-100.0,-8.0,0.0,30.0,-62.0,-30.0,-104.0,9.083,30.0,-90.381,-90.311,-8.0,-0.266,29.0,31.22,31.22,0.0,0.0,29.0,40.825,41.031,-8.0,-0.0,30.0
18.131,2,fwd,-30.0,12.1,5.438,5.169,16.0,0.0,30.0,-100.0,-100.0,-16.0,0.0,30.0,-100.0,-100.0,-8.0,0.0,30.0,-61.6,-30.0,-104.0,8.507,30.0,-90.311,-90.311,-8.0,0.648,29.0,31.22,31.22,0.0,0.0,29.0,40.825,41.031,-8.0,-0.0,30.0
18.1842,2,fwd,-30.0,12.1,5.438,5.169,16.0,0.0,30.0,-100.0,-100.0,-16.0,0.0,30.0,-100.0,-100.0,-8.0,0.0,30.0,-61.333,-30.0,-104.0,6.687,30.0,-90.311,-90.311,-8.0,0.318,29.0,31.22,31.22,0.0,0.0,29.0,40.825,41.031,-8.0,-0.0,30.0
18.2374,2,fwd,-30.0,12.1,5.438,5.169,16.0,0.0,30.0,-100.0,-100.0,-16.0,0.0,30.0,-100.0,-100.0,-8.0,0.0,30.0,-60.933,-30.0,-104.0,7.223,30.0,-90.311,-90.311,-8.0,0.156,29.0,31.22,31.22,0.0,0.0,29.0,40.825,41.031,-8.0,-0.0,30.0
18.2898,2,fwd,-30.0,12.1,5.438,5.169,16.0,0.0,30.0,-100.0,-100.0,-16.0,0.0,30.0,-100.0,-100.0,-8.0,0.0,30.0,-60.667,-30.0,-104.0,8.064,30.0,-90.311,-90.311,-8.0,0.109,29.0,31.22,31.22,0.0,0.0,29.0,40.825,41.031,-8.0,-0.0,30.0
18.343,2,fwd,-30.0,12.1,5.438,5.169,16.0,0.0,30.0,-100.0,-100.0,-16.0,0.0,30.0,-100.0,-100.0,-8.0,0.0,30.0,-60.267,-30.0,-120.0,7.633,30.0,-90.381,-90.311,0.0,-0.268,29.0,31.22,31.22,0.0,0.0,29.0,40.825,41.031,-8.0,-0.0,30.0
18.3966,2,fwd,-30.0,12.1,5.438,5.169,16.0,0.0,30.0,-100.0,-100.0,-16.0,0.0,30.0,-100.0,-100.0,-8.0,0.0,30.0,-59.733,-30.0,-120.0,8.669,30.0,-90.381,-90.311,0.0,-0.131,29.0,31.22,31.22,0.0,0.0,29.0,40.825,41.031,-8.0,-0.0,30.0
18.4502,2,fwd,-30.0,12.1,5.438,5.169,16.0,0.0,30.0,-100.0,-100.0,-16.0,0.0,30.0,-100.0,-100.0,-8.0,0.0,30.0,-59.2,-30.0,-120.0,9.106,30.0,-90.381,-90.311,0.0,-0.064,29.0,31.22,31.22,0.0,0.0,29.0,40.825,41.031,-8.0,-0.0,30.0
18.5027,2,fwd,-30.0,12.1,5.438,5.169,16.0,0.0,30.0,-100.0,-100.0,-16.0,0.0,30.0,-100.0,-100.0,-8.0,0.0,30.0,-58.933,-30.0,-120.0,6.983,30.0,-90.381,-90.311,0.0,-0.032,29.0,31.22,31.22,0.0,0.0,29.0,41.031,41.031,-8.0,1.601,30.0
18.5548,2,fwd,-30.0,12.1,5.438,5.169,16.0,0.0,30.0,-100.0,-100.0,-16.0,0.0,30.0,-100.0,-100.0,-8.0,0.0,30.0,-58.533,-30.0,-120.0,7.407,30.0,-90.311,-90.311,0.0,0.529,29.0,31.22,31.22,0.0,0.0,29.0,40.825,41.031,-8.0,-1.485,30.0
18.608,2,fwd,-30.0,12.1,5.438,5.169,16.0,0.0,30.0,-100.0,-100.0,-16.0,0.0,30.0,-100.0,-100.0,-8.0,0.0,30.0,-58.133,-30.0,-120.0,7.234,30.0,-90.311,-90.311,0.0,0.259,29.0,31.22,31.22,0.0,0.0,29.0,40.825,41.031,-8.0,-0.728,30.0
18.6612,2,fwd,-30.0,12.1,5.438,5.169,16.0,0.0,30.0,-100.0,-100.0,-16.0,0.0,30.0,-100.0,-100.0,-8.0,0.0,30.0,-57.733,-30.0,-120.0,7.563,30.0,-90.311,-90.311,0.0,0.127,29.0,31.22,31.22,0.0,0.0,29.0,40.825,41.031,-8.0,-0.357,30.0
18.7137,2,fwd,-30.0,12.1,5.438,5.169,16.0,0.0,30.0,-100.0,-100.0,-16.0,0.0,30.0,-100.0,-100.0,-8.0,0.0,30.0,-57.2,-30.0,-120.0,8.822,30.0,-90.381,-90.311,0.0,-0.482,29.0,31.22,31.22,0.0,0.0,29.0,40.825,41.031,-8.0,-0.175,30.0
18.7676,2,fwd,-30.0,12.1,5.438,5.169,16.0,0.0,30.0,-100.0,-100.0,-16.0,0.0,30.0,-100.0,-100.0,-8.0,0.0,30.0,-56.8,-30.0,-120.0,8.392,30.0,-90.381,-90.311,0.0,-0.236,29.0,31.22,31.22,0.0,0.0,29.0,40.825,41.031,-8.0,-0.086,30.0
18.8206,2,fwd,-30.0,12.1,5.438,5.169,16.0,0.0,30.0,-100.0,-100.0,-16.0,0.0,30.0,-100.0,-100.0,-8.0,0.0,30.0,-56.267,-30.0,-120.0,9.194,30.0,-90.381,-90.311,0.0,-0.116,29.0,31.22,31.22,0.0,0.0,29.0,40.825,41.031,-8.0,-0.042,30.0
18.8727,2,fwd,-30.0,12.1,5.438,5.169,16.0,0.0,30.0,-100.0,-100.0,-16.0,0.0,30.0,-100.0,-100.0,-8.0,0.0,30.0,-56.133,-30.0,-112.0,7.935,30.0,-90.381,-90.311,-8.0,-0.081,29.0,31.22,31.22,0.0,0.0,29.0,40.825,41.031,-8.0,-0.029,30.0
18.9248,2,fwd,-30.0,12.1,5.438,5.169,16.0,0.0,30.0,-100.0,-100.0,-16.0,0.0,30.0,-100.0,-100.0,-8.0,0.0,30.0,-55.733,-30.0,-112.0,5.33,30.0,-90.381,-90.311,-8.0,-0.04,29.0,31.22,31.22,0.0,0.0,29.0,40.825,41.031,-8.0,-0.014,30.0
18.9781,2,fwd,-30.0,12.1,5.438,5.169,16.0,0.0,30.0,-100.0,-100.0,-16.0,0.0,30.0,-100.0,-100.0,-8.0,0.0,30.0,-55.2,-30.0,-112.0,7.701,30.0,-90.381,-90.311,-8.0,-0.019,29.0,31.22,31.22,0.0,0.0,29.0,40.825,41.031,-8.0,-0.007,30.0
19.0313,2,fwd,-30.0,12.1,5.438,5.169,16.0,0.0,30.0,-100.0,-100.0,-16.0,0.0,30.0,-100.0,-100.0,-8.0,0.0,30.0,-54.933,-30.0,-112.0,5.85,30.0,-90.381,-90.311,-8.0,-0.01,29.0,31.22,31.22,0.0,0.0,29.0,40.825,41.031,-8.0,-0.003,30.0
19.0847,2,fwd,-30.0,12.1,5.438,5.169,16.0,0.0,30.0,-100.0,-100.0,-16.0,0.0,30.0,-100.0,-100.0,-8.0,0.0,30.0,-54.4,-30.0,-112.0,7.992,30.0,-90.381,-90.311,-8.0,-0.005,29.0,31.22,31.22,0.0,0.0,29.0,40.825,41.031,-8.0,-0.002,30.0
19.1375,2,fwd,-30.0,12.1,5.438,5.169,16.0,0.0,30.0,-100.0,-100.0,-16.0,0.0,30.0,-100.0,-100.0,-8.0,0.0,30.0,-54.0,-30.0,-112.0,7.992,30.0,-90.381,-90.311,-8.0,-0.002,29.0,31.22,31.22,0.0,0.0,29.0,40.825,41.031,-8.0,-0.001,30.0
19.1906,2,fwd,-30.0,12.1,5.438,5.169,16.0,0.0,30.0,-100.0,-100.0,-16.0,0.0,30.0,-100.0,-100.0,-8.0,0.0,30.0,-53.467,-30.0,-112.0,8.554,30.0,-90.381,-90.311,-8.0,-0.001,29.0,31.22,31.22,0.0,0.0,29.0,40.825,41.031,-8.0,-0.0,30.0
19.244,2,fwd,-30.0,12.1,5.438,5.169,16.0,0.0,30.0,-100.0,-100.0,-16.0,0.0,30.0,-100.0,-100.0,-8.0,0.0,30.0,-53.067,-30.0,-112.0,7.729,30.0,-90.381,-90.311,-8.0,-0.001,29.0,31.22,31.22,0.0,0.0,29.0,40.825,41.031,-8.0,-0.0,30.0
19.2971,2,fwd,-30.0,12.1,5.438,5.169,16.0,0.0,30.0,-100.0,-100.0,-16.0,0.0,30.0,-100.0,-100.0,-8.0,0.0,30.0,-52.667,-30.0,-112.0,7.389,30.0,-90.381,-90.311,-8.0,-0.0,29.0,31.22,31.22,0.0,0.0,29.0,40.825,41.031,-8.0,-0.0,30.0
19.3498,2,fwd,-30.0,12.1,5.438,5.169,16.0,0.0,30.0,-100.0,-100.0,-16.0,0.0,30.0,-100.0,-100.0,-8.0,0.0,30.0,-52.267,-30.0,-112.0,7.625,30.0,-90.381,-90.311,-8.0,-0.0,29.0,31.22,31.22,0.0,0.0,29.0,40.825,41.031,-8.0,-0.0,30.0
19.403,2,fwd,-30.0,12.1,5.438,5.169,16.0,0.0,30.0,-100.0,-100.0,-16.0,0.0,30.0,-100.0,-100.0,-8.0,0.0,30.0,-52.0,-30.0,-112.0,6.297,30.0,-90.381,-90.311,-8.0,-0.0,29.0,31.22,31.22,0.0,0.0,29.0,40.825,41.031,-8.0,-0.0,30.0
19.4562,2,fwd,-30.0,12.1,5.438,5.169,16.0,0.0,30.0,-100.0,-100.0,-16.0,0.0,30.0,-100.0,-100.0,-8.0,0.0,30.0,-52.0,-30.0,-136.0,6.297,30.0,-90.381,-90.311,-8.0,-0.0,29.0,31.22,31.22,0.0,0.0,29.0,40.825,41.031,-8.0,-0.0,30.0
19.5088,2,fwd,-30.0,12.1,5.438,5.169,16.0,0.0,30.0,-100.0,-100.0,-16.0,0.0,30.0,-100.0,-100.0,-8.0,0.0,30.0,-51.333,-30.0,-136.0,6.383,30.0,-90.311,-90.311,-8.0,0.772,29.0,31.22,31.22,0.0,0.0,29.0,40.825,41.031,-8.0,-0.0,30.0
19.5625,2,fwd,-30.0,12.1,5.438,5.169,16.0,0.0,30.0,-100.0,-100.0,-16.0,0.0,30.0,-100.0,-100.0,-8.0,0.0,30.0,-50.933,-30.0,-136.0,7.085,30.0,-90.311,-90.311,-8.0,0.378,29.0,31.22,31.22,0.0,0.0,29.0,40.825,41.031,-8.0,-0.0,30.0
19.6161,2,fwd,-30.0,12.1,5.438,5.169,16.0,0.0,30.0,-100.0,-100.0,-16.0,0.0,30.0,-100.0,-100.0,-8.0,0.0,30.0,-50.267,-30.0,-136.0,10.009,30.0,-90.381,-90.311,-8.0,-0.588,29.0,31.22,31.22,0.0,0.0,29.0,40.825,41.031,-8.0,-0.0,30.0
19.6693,2,fwd,-30.0,12.1,5.438,5.169,16.0,0.0,30.0,-100.0,-100.0,-16.0,0.0,30.0,-100.0,-100.0,-8.0,0.0,30.0,-49.867,-30.0,-136.0,8.961,30.0,-90.381,-90.311,-8.0,-0.288,29.0,31.22,31.22,0.0,0.0,29.0,40.825,41.031,-8.0,-0.0,30.0
19.7225,2,fwd,-30.0,12.1,5.438,5.169,16.0,0.0,30.0,-100.0,-100.0,-16.0,0.0,30.0,-100.0,-100.0,-8.0,0.0,30.0,-49.6,-30.0,-136.0,6.5,30.0,-90.381,-90.311,-8.0,-0.141,29.0,31.22,31.22,0.0,0.0,29.0,40.825,41.031,-8.0,-0.0,30.0
19.7762,2,fwd,-30.0,12.1,5.438,5.169,16.0,0.0,30.0,-100.0,-100.0,-16.0,0.0,30.0,-100.0,-100.0,-8.0,0.0,30.0,-48.933,-30.0,-136.0,9.279,30.0,-90.381,-90.311,-8.0,-0.069,29.0,31.22,31.22,0.0,0.0,29.0,40.825,41.031,-8.0,-0.0,30.0
19.8294,2,fwd,-30.0,12.1,5.438,5.169,16.0,0.0,30.0,-100.0,-100.0,-16.0,0.0,30.0,-100.0,-100.0,-8.0,0.0,30.0,-48.8,-30.0,-136.0,6.035,30.0,-90.381,-90.311,-8.0,-0.034,29.0,31.22,31.22,0.0,0.0,29.0,40.825,41.031,-8.0,-0.0,30.0
19.8831,2,fwd,-30.0,12.1,5.438,5.169,16.0,0.0,30.0,-100.0,-100.0,-16.0,0.0,30.0,-100.0,-100.0,-8.0,0.0,30.0,-48.267,-30.0,-136.0,8.006,30.0,-90.381,-90.311,-8.0,-0.017,29.0,31.22,31.22,0.0,0.0,29.0,40.825,41.031,-8.0,-0.0,30.0
19.9358,2,fwd,-30.0,12.1,5.438,5.169,16.0,0.0,30.0,-100.0,-100.0,-16.0,0.0,30.0,-100.0,-100.0,-8.0,0.0,30.0,-48.0,-30.0,-136.0,6.438,30.0,-90.381,-90.311,-8.0,-0.008,29.0,31.22,31.22,0.0,0.0,29.0,40.825,41.031,-8.0,-0.0,30.0
19.9892,2,fwd,-30.0,12.1,5.438,5.169,16.0,0.0,30.0,-100.0,-100.0,-16.0,0.0,30.0,-100.0,-100.0,-8.0,0.0,30.0,-47.333,-30.0,-136.0,9.701,30.0,-90.381,-90.311,-8.0,-0.004,29.0,31.22,31.22,0.0,0.0,29.0,40.825,41.031,-8.0,-0.0,30.0
20.0425,2,fwd,-30.0,12.1,5.438,5.169,16.0,0.0,30.0,-100.0,-100.0,-16.0,0.0,30.0,-100.0,-100.0,-8.0,0.0,30.0,-46.8,-30.0,-136.0,9.456,30.0,-90.381,-90.311,-8.0,-0.003,29.0,31.22,31.22,0.0,0.0,29.0,40.825,41.031,-8.0,-0.0,30.0
20.0947,2,fwd,-30.0,12.1,5.438,5.169,16.0,0.0,30.0,-100.0,-100.0,-16.0,0.0,30.0,-100.0,-100.0,-8.0,0.0,30.0,-46.533,-30.0,-136.0,7.175,30.0,-90.381,-90.311,-8.0,-0.001,29.0,31.22,31.22,0.0,0.0,29.0,40.825,41.031,-8.0,-0.0,30.0
20.1479,2,fwd,-30.0,12.1,5.438,5.169,16.0,0.0,30.0,-100.0,-100.0,-16.0,0.0,30.0,-100.0,-100.0,-8.0,0.0,30.0,-46.133,-30.0,-136.0,7.031,30.0,-90.381,-90.311,-8.0,-0.001,29.0,31.22,31.22,0.0,0.0,29.0,40.825,41.031,-8.0,-0.0,30.0
20.2009,2,fwd,-30.0,12.1,5.438,5.169,16.0,0.0,30.0,-100.0,-100.0,-16.0,0.0,30.0,-100.0,-100.0,-8.0,0.0,30.0,-45.733,-30.0,-136.0,7.025,30.0,-90.381,-90.311,-8.0,-0.0,29.0,31.22,31.22,0.0,0.0,29.0,40.825,41.031,-8.0,-0.0,30.0
20.2528,2,fwd,-30.0,12.1,5.438,5.169,16.0,0.0,30.0,-100.0,-100.0,-16.0,0.0,30.0,-100.0,-100.0,-8.0,0.0,30.0,-45.333,-30.0,-136.0,7.801,30.0,-90.381,-90.311,-8.0,-0.0,29.0,31.22,31.22,0.0,0.0,29.0,40.825,41.031,-8.0,-0.0,30.0
20.306,2,fwd,-30.0,12.1,5.438,5.169,16.0,0.0,30.0,-100.0,-100.0,-16.0,0.0,30.0,-100.0,-100.0,-8.0,0.0,30.0,-44.933,-30.0,-136.0,7.418,30.0,-90.381,-90.311,-8.0,-0.0,29.0,31.22,31.22,0.0,0.0,29.0,40.825,41.031,-8.0,-0.0,30.0
20.3578,2,fwd,-30.0,12.1,5.438,5.169,16.0,0.0,30.0,-100.0,-100.0,-16.0,0.0,30.0,-100.0,-100.0,-8.0,0.0,30.0,-44.8,-30.0,-136.0,6.688,30.0,-90.381,-90.311,-8.0,-0.0,29.0,31.22,31.22,0.0,0.0,29.0,40.825,41.031,-8.0,-0.0,30.0
20.4113,2,fwd,-30.0,12.1,5.438,5.169,16.0,0.0,30.0,-100.0,-100.0,-16.0,0.0,30.0,-100.0,-100.0,-8.0,0.0,30.0,-44.133,-30.0,-136.0,9.047,30.0,-90.381,-90.311,-8.0,-0.0,29.0,31.22,31.22,0.0,0.0,29.0,40.825,41.031,-8.0,-0.0,30.0
20.465,2,fwd,-30.0,12.1,5.438,5.169,16.0,0.0,30.0,-100.0,-100.0,-16.0,0.0,30.0,-100.0,-100.0,-8.0,0.0,30.0,-43.6,-30.0,-136.0,9.299,30.0,-90.381,-90.311,-8.0,-0.0,29.0,31.22,31.22,0.0,0.0,29.0,40.825,41.031,-8.0,-0.0,30.0
20.5178,2,fwd,-30.0,12.1,5.438,5.169,16.0,0.0,30.0,-100.0,-100.0,-16.0,0.0,30.0,-100.0,-100.0,-8.0,0.0,30.0,-43.333,-30.0,-136.0,6.973,30.0,-90.381,-90.311,-8.0,-0.0,29.0,31.22,31.22,0.0,0.0,29.0,40.825,41.031,-8.0,-0.0,30.0
20.571,2,fwd,-30.0,12.1,5.438,5.169,16.0,0.0,30.0,-100.0,-100.0,-16.0,0.0,30.0,-100.0,-100.0,-8.0,0.0,30.0,-42.8,-30.0,-136.0,8.476,30.0,-90.381,-90.311,-8.0,-0.0,29.0,31.22,31.22,0.0,0.0,29.0,40.825,41.031,-8.0,-0.0,30.0
20.6242,2,fwd,-30.0,12.1,5.438,5.169,16.0,0.0,30.0,-100.0,-100.0,-16.0,0.0,30.0,-100.0,-100.0,-8.0,0.0,30.0,-42.667,-30.0,-144.0,6.601,30.0,-90.381,-90.311,-8.0,-0.0,29.0,31.22,31.22,0.0,0.0,29.0,40.825,41.031,-8.0,-0.0,30.0
20.6774,2,fwd,-30.0,12.1,5.438,5.169,16.0,0.0,30.0,-100.0,-100.0,-16.0,0.0,30.0,-100.0,-100.0,-8.0,0.0,30.0,-42.133,-30.0,-144.0,8.567,30.0,-90.381,-90.311,-8.0,-0.0,29.0,31.22,31.22,0.0,0.0,29.0,40.825,41.031,-8.0,-0.0,30.0
20.7305,2,fwd,-30.0,12.1,5.438,5.169,16.0,0.0,30.0,-100.0,-100.0,-16.0,0.0,30.0,-100.0,-100.0,-8.0,0.0,30.0,-41.867,-30.0,-144.0,6.767,30.0,-90.381,-90.311,-8.0,-0.0,29.0,31.22,31.22,0.0,0.0,29.0,40.825,41.031,-8.0,-0.0,30.0
20.7843,2,fwd,-30.0,12.1,5.438,5.169,16.0,0.0,30.0,-100.0,-100.0,-16.0,0.0,30.0,-100.0,-100.0,-8.0,0.0,30.0,-41.2,-30.0,-144.0,9.88,30.0,-90.381,-90.311,-8.0,-0.0,29.0,31.22,31.22,0.0,0.0,29.0,40.825,41.031,-8.0,-0.0,30.0
20.8371,2,fwd,-30.0,12.1,5.438,5.169,16.0,0.0,30.0,-100.0,-100.0,-16.0,0.0,30.0,-100.0,-100.0,-8.0,0.0,30.0,-40.667,-30.0,-144.0,10.276,30.0,-90.381,-90.311,-8.0,-0.0,29.0,31.22,31.22,0.0,0.0,29.0,40.825,41.031,-8.0,-0.0,30.0
20.8904,2,fwd,-30.0,12.1,5.438,5.169,16.0,0.0,30.0,-100.0,-100.0,-16.0,0.0,30.0,-100.0,-100.0,-8.0,0.0,30.0,-40.4,-30.0,-144.0,7.12,30.0,-90.381,-90.311,-8.0,-0.0,29.0,31.22,31.22,0.0,0.0,29.0,40.825,41.031,-8.0,-0.0,30.0
20.9439,2,fwd,-30.0,12.1,5.438,5.169,16.0,0.0,30.0,-100.0,-100.0,-16.0,0.0,30.0,-100.0,-100.0,-8.0,0.0,30.0,-39.867,-30.0,-144.0,8.506,30.0,-90.381,-90.311,-8.0,-0.0,29.0,31.22,31.22,0.0,0.0,29.0,40.825,41.031,-8.0,-0.0,30.0
20.9975,2,fwd,-30.0,12.1,5.438,5.169,16.0,0.0,30.0,-100.0,-100.0,-16.0,0.0,30.0,-100.0,-100.0,-8.0,0.0,30.0,-39.6,-30.0,-144.0,6.715,30.0,-90.381,-90.311,-8.0,-0.0,29.0,31.22,31.22,0.0,0.0,29.0,40.825,41.031,-8.0,-0.0,30.0
21.0503,2,fwd,-30.0,12.1,5.438,5.169,16.0,0.0,30.0,-100.0,-100.0,-16.0,0.0,30.0,-100.0,-100.0,-8.0,0.0,30.0,-39.467,-30.0,-144.0,4.769,30.0,-90.381,-90.311,-8.0,-0.0,29.0,31.22,31.22,0.0,0.0,29.0,40.825,41.031,-8.0,-0.0,30.0
21.1035,2,fwd,-30.0,12.1,5.438,5.169,16.0,0.0,30.0,-100.0,-100.0,-16.0,0.0,30.0,-100.0,-100.0,-8.0,0.0,30.0,-38.8,-30.0,-144.0,8.005,30.0,-90.381,-90.311,-8.0,-0.0,29.0,31.22,31.22,0.0,0.0,29.0,40.825,41.031,-8.0,-0.0,30.0
21.1564,2,fwd,-30.0,12.1,5.438,5.169,16.0,0.0,30.0,-100.0,-100.0,-16.0,0.0,30.0,-100.0,-100.0,-8.0,0.0,30.0,-38.8,-30.0,-144.0,5.604,30.0,-90.381,-90.311,-8.0,-0.0,29.0,31.22,31.22,0.0,0.0,29.0,40.825,41.031,-8.0,-0.0,30.0
21.2095,2,fwd,-30.0,11.9,5.438,5.169,16.0,0.0,30.0,-100.0,-100.0,-16.0,0.0,30.0,-100.0,-100.0,-8.0,0.0,30.0,-38.0,-30.0,-184.0,7.976,30.0,-90.381,-90.311,-8.0,-0.0,29.0,31.22,31.22,0.0,0.0,29.0,40.825,41.031,-8.0,-0.0,30.0
21.2626,2,fwd,-30.0,11.9,5.438,5.169,16.0,0.0,30.0,-100.0,-100.0,-16.0,0.0,30.0,-100.0,-100.0,-8.0,0.0,30.0,-37.6,-30.0,-184.0,8.36,30.0,-90.381,-90.311,-8.0,-0.0,29.0,31.22,31.22,0.0,0.0,29.0,40.825,41.031,-8.0,-0.0,30.0
21.3155,2,fwd,-30.0,11.9,5.438,5.169,16.0,0.0,30.0,-100.0,-100.0,-16.0,0.0,30.0,-100.0,-100.0,-8.0,0.0,30.0,-37.2,-30.0,-184.0,7.687,30.0,-90.381,-90.311,-8.0,-0.0,29.0,31.22,31.22,0.0,0.0,29.0,40.825,41.031,-8.0,-0.0,30.0
21.3694,2,fwd,-30.0,11.9,5.438,5.169,16.0,0.0,30.0,-100.0,-100.0,-16.0,0.0,30.0,-100.0,-100.0,-8.0,0.0,30.0,-36.667,-30.0,-184.0,8.629,30.0,-90.381,-90.311,-8.0,-0.0,29.0,31.22,31.22,0.0,0.0,29.0,40.825,41.031,-8.0,-0.0,30.0
21.422,2,fwd,-30.0,11.9,5.438,5.169,16.0,0.0,30.0,-100.0,-100.0,-16.0,0.0,30.0,-100.0,-100.0,-8.0,0.0,30.0,-36.533,-30.0,-184.0,5.266,30.0,-90.381,-90.311,-8.0,-0.0,29.0,31.22,31.22,0.0,0.0,29.0,40.825,41.031,-8.0,-0.0,30.0
21.4754,2,fwd,-30.0,11.9,5.438,5.169,16.0,0.0,30.0,-100.0,-100.0,-16.0,0.0,30.0,-100.0,-100.0,-8.0,0.0,30.0,-36.0,-30.0,-184.0,8.069,30.0,-90.381,-90.311,-8.0,-0.0,29.0,31.22,31.22,0.0,0.0,29.0,40.825,41.031,-8.0,-0.0,30.0
21.5278,2,fwd,-30.0,11.9,5.438,5.169,16.0,0.0,30.0,-100.0,-100.0,-16.0,0.0,30.0,-100.0,-100.0,-8.0,0.0,30.0,-35.733,-30.0,-184.0,6.48,30.0,-90.381,-90.311,-8.0,-0.0,29.0,31.22,31.22,0.0,0.0,29.0,40.825,41.031,-8.0,-0.0,30.0
21.5812,2,fwd,-30.0,11.9,5.438,5.169,16.0,0.0,30.0,-100.0,-100.0,-16.0,0.0,30.0,-100.0,-100.0,-8.0,0.0,30.0,-35.067,-30.0,-184.0,9.684,30.0,-90.381,-90.311,-8.0,-0.0,29.0,31.22,31.22,0.0,0.0,29.0,40.825,41.031,-8.0,-0.0,30.0
21.6344,2,fwd,-30.0,11.9,5.438,5.169,16.0,0.0,30.0,-100.0,-100.0,-16.0,0.0,30.0,-100.0,-100.0,-8.0,0.0,30.0,-34.533,-30.0,-184.0,9.847,30.0,-90.381,-90.311,-8.0,-0.0,29.0,31.22,31.22,0.0,0.0,29.0,40.825,41.031,-8.0,-0.0,30.0
21.6869,2,fwd,-30.0,11.9,5.438,5.169,16.0,0.0,30.0,-100.0,-100.0,-16.0,0.0,30.0,-100.0,-100.0,-8.0,0.0,30.0,-34.133,-30.0,-184.0,8.372,30.0,-90.381,-90.311,-8.0,-0.0,29.0,31.22,31.22,0.0,0.0,29.0,40.825,41.031,-8.0,-0.0,30.0
21.7402,2,fwd,-30.0,12.1,5.438,5.169,16.0,0.0,30.0,-100.0,-100.0,-16.0,0.0,30.0,-100.0,-100.0,-8.0,0.0,30.0,-34.0,-30.0,-156.0,7.321,30.0,-90.381,-90.311,-8.0,-0.0,29.0,31.22,31.22,0.0,0.0,29.0,40.825,41.031,-8.0,-0.0,30.0
21.7943,2,hold_end,-30.0,12.1,5.438,5.169,16.0,0.0,30.0,-100.0,-100.0,-16.0,0.0,30.0,-100.0,-100.0,-8.0,0.0,30.0,-33.6,-30.0,-156.0,5.061,30.0,-90.381,-90.311,-8.0,-0.0,29.0,31.22,31.22,0.0,0.0,29.0,40.825,41.031,-8.0,-0.0,30.0
21.8472,2,hold_end,-30.0,12.1,5.438,5.169,16.0,0.0,30.0,-100.0,-100.0,-16.0,0.0,30.0,-100.0,-100.0,-8.0,0.0,30.0,-33.2,-30.0,-156.0,6.487,30.0,-90.381,-90.311,-8.0,-0.0,29.0,31.22,31.22,0.0,0.0,29.0,40.825,41.031,-8.0,-0.0,30.0
21.9004,2,hold_end,-30.0,12.1,5.438,5.169,16.0,0.0,30.0,-100.0,-100.0,-16.0,0.0,30.0,-100.0,-100.0,-8.0,0.0,30.0,-32.8,-30.0,-156.0,6.748,30.0,-90.381,-90.311,-8.0,-0.0,29.0,31.22,31.22,0.0,0.0,29.0,40.825,41.031,-8.0,-0.0,30.0
21.9535,2,hold_end,-30.0,12.1,5.438,5.169,16.0,0.0,30.0,-100.0,-100.0,-16.0,0.0,30.0,-100.0,-100.0,-8.0,0.0,30.0,-32.8,-30.0,-156.0,3.306,30.0,-90.381,-90.311,-8.0,-0.0,29.0,31.22,31.22,0.0,0.0,29.0,40.825,41.031,-8.0,-0.0,30.0
22.0066,2,hold_end,-30.0,12.1,5.438,5.169,16.0,0.0,30.0,-100.0,-100.0,-16.0,0.0,30.0,-100.0,-100.0,-8.0,0.0,30.0,-32.8,-30.0,-156.0,1.62,30.0,-90.381,-90.311,-8.0,-0.0,29.0,31.22,31.22,0.0,0.0,29.0,40.825,41.031,-8.0,-0.0,30.0
22.0594,2,hold_end,-30.0,12.1,5.438,5.169,16.0,0.0,30.0,-100.0,-100.0,-16.0,0.0,30.0,-100.0,-100.0,-8.0,0.0,30.0,-32.8,-30.0,-156.0,0.794,30.0,-90.381,-90.311,-8.0,-0.0,29.0,31.22,31.22,0.0,0.0,29.0,40.825,41.031,-8.0,-0.0,30.0
22.1125,2,hold_end,-30.0,12.1,5.528,5.169,16.0,0.698,30.0,-100.0,-100.0,-16.0,0.0,30.0,-100.0,-100.0,-8.0,0.0,30.0,-32.8,-30.0,-156.0,0.389,30.0,-90.381,-90.311,-8.0,-0.0,29.0,31.22,31.22,0.0,0.0,29.0,40.825,41.031,-8.0,-0.0,30.0
22.1654,2,hold_end,-30.0,12.1,5.528,5.169,16.0,0.342,30.0,-100.0,-100.0,-16.0,0.0,30.0,-100.0,-100.0,-8.0,0.0,30.0,-32.8,-30.0,-156.0,0.191,30.0,-90.381,-90.311,-8.0,-0.0,29.0,31.22,31.22,0.0,0.0,29.0,40.825,41.031,-8.0,-0.0,30.0
22.2177,2,hold_end,-30.0,12.1,5.528,5.169,16.0,0.168,30.0,-100.0,-100.0,-16.0,0.0,30.0,-100.0,-100.0,-8.0,0.0,30.0,-32.8,-30.0,-156.0,0.093,30.0,-90.381,-90.311,-8.0,-0.0,29.0,31.22,31.22,0.0,0.0,29.0,40.825,41.031,-8.0,-0.0,30.0
22.2704,2,hold_end,-30.0,12.1,5.528,5.169,16.0,0.082,30.0,-100.0,-100.0,-16.0,0.0,30.0,-100.0,-100.0,-8.0,0.0,30.0,-32.8,-30.0,-156.0,0.046,30.0,-90.381,-90.311,-8.0,-0.0,29.0,31.22,31.22,0.0,0.0,29.0,40.825,41.031,-8.0,-0.0,30.0
22.3235,2,hold_end,-30.0,12.1,5.528,5.169,24.0,0.082,30.0,-100.0,-100.0,-16.0,0.0,30.0,-100.0,-100.0,-8.0,0.0,30.0,-32.8,-30.0,-168.0,0.046,30.0,-90.381,-90.311,-8.0,-0.0,29.0,31.22,31.22,0.0,0.0,29.0,40.825,41.031,-8.0,-0.0,30.0
22.3758,2,hold_end,-30.0,12.1,5.528,5.169,24.0,0.04,30.0,-100.0,-100.0,-16.0,0.0,30.0,-100.0,-100.0,-8.0,0.0,30.0,-32.8,-30.0,-168.0,0.022,30.0,-90.381,-90.311,-8.0,-0.0,29.0,31.22,31.22,0.0,0.0,29.0,40.825,41.031,-8.0,-0.0,30.0
22.4292,2,hold_end,-30.0,12.1,5.528,5.169,24.0,0.02,30.0,-100.0,-100.0,-16.0,0.0,30.0,-100.0,-100.0,-8.0,0.0,30.0,-32.8,-30.0,-168.0,0.011,30.0,-90.381,-90.311,-8.0,-0.0,29.0,31.22,31.22,0.0,0.0,29.0,40.825,41.031,-8.0,-0.0,30.0
22.483,2,hold_end,-30.0,12.1,5.528,5.169,24.0,0.01,30.0,-100.0,-100.0,-16.0,0.0,30.0,-100.0,-100.0,-8.0,0.0,30.0,-32.8,-30.0,-168.0,0.005,30.0,-90.381,-90.311,-8.0,-0.0,29.0,31.22,31.22,0.0,0.0,29.0,40.825,41.031,-8.0,-0.0,30.0
22.5363,2,hold_end,-30.0,12.1,5.528,5.169,24.0,0.005,30.0,-100.0,-100.0,-16.0,0.0,30.0,-100.0,-100.0,-8.0,0.0,30.0,-32.8,-30.0,-168.0,0.003,30.0,-90.381,-90.311,-8.0,-0.0,29.0,31.22,31.22,0.0,0.0,29.0,40.825,41.031,-8.0,-0.0,30.0
22.5893,2,hold_end,-30.0,12.1,5.528,5.169,24.0,0.002,30.0,-100.0,-100.0,-16.0,0.0,30.0,-100.0,-100.0,-8.0,0.0,30.0,-32.8,-30.0,-168.0,0.001,30.0,-90.381,-90.311,-8.0,-0.0,29.0,31.22,31.22,0.0,0.0,29.0,40.825,41.031,-8.0,-0.0,30.0
22.6424,2,hold_end,-30.0,12.1,5.528,5.169,24.0,0.001,30.0,-100.0,-100.0,-16.0,0.0,30.0,-100.0,-100.0,-8.0,0.0,30.0,-32.8,-30.0,-168.0,0.001,30.0,-90.381,-90.311,-8.0,-0.0,29.0,31.22,31.22,0.0,0.0,29.0,40.825,41.031,-8.0,-0.0,30.0
22.6959,2,hold_end,-30.0,12.1,5.528,5.169,24.0,0.001,30.0,-100.0,-100.0,-16.0,0.0,30.0,-100.0,-100.0,-8.0,0.0,30.0,-32.8,-30.0,-168.0,0.0,30.0,-90.381,-90.311,-8.0,-0.0,29.0,31.22,31.22,0.0,0.0,29.0,40.825,41.031,-8.0,-0.0,30.0
22.7497,2,hold_end,-30.0,12.1,5.528,5.169,24.0,0.0,30.0,-100.0,-100.0,-16.0,0.0,30.0,-100.0,-100.0,-8.0,0.0,30.0,-32.8,-30.0,-168.0,0.0,30.0,-90.381,-90.311,-8.0,-0.0,29.0,31.22,31.22,0.0,0.0,29.0,40.825,41.031,-8.0,-0.0,30.0
22.8028,2,rev,-80.0,12.1,5.528,5.169,24.0,0.0,30.0,-100.0,-100.0,-16.0,0.0,30.0,-100.0,-100.0,-8.0,0.0,30.0,-32.8,-30.0,-168.0,0.0,30.0,-90.381,-90.311,-8.0,-0.0,29.0,31.22,31.22,0.0,0.0,29.0,40.825,41.031,-8.0,-0.0,30.0
22.8558,2,rev,-80.0,12.1,5.528,5.169,24.0,0.0,30.0,-100.0,-100.0,-16.0,0.0,30.0,-100.0,-100.0,-8.0,0.0,30.0,-32.8,-80.0,-168.0,0.0,30.0,-90.381,-90.311,-8.0,-0.0,29.0,31.22,31.22,0.0,0.0,29.0,40.825,41.031,-8.0,-0.0,30.0
22.909,2,rev,-80.0,12.1,5.528,5.169,24.0,0.0,30.0,-100.0,-100.0,-16.0,0.0,30.0,-100.0,-100.0,-8.0,0.0,30.0,-32.8,-80.0,-152.0,0.0,30.0,-90.381,-90.311,-8.0,-0.0,29.0,31.707,31.22,0.0,2.442,29.0,40.825,41.031,-8.0,-0.0,30.0
22.9621,2,rev,-80.0,12.1,5.528,5.169,24.0,0.0,30.0,-100.0,-100.0,-16.0,0.0,30.0,-100.0,-100.0,-8.0,0.0,30.0,-32.8,-80.0,-152.0,0.0,30.0,-90.381,-90.311,-8.0,-0.0,29.0,31.22,31.22,0.0,-4.186,29.0,40.825,41.031,-8.0,-0.0,30.0
23.0155,2,rev,-80.0,12.1,5.528,5.169,24.0,0.0,30.0,-100.0,-100.0,-16.0,0.0,30.0,-100.0,-100.0,-8.0,0.0,30.0,-32.8,-80.0,-152.0,0.0,30.0,-90.381,-90.311,-8.0,-0.0,29.0,31.22,31.22,0.0,-2.051,29.0,40.825,41.031,-8.0,-0.0,30.0
23.0689,2,rev,-80.0,12.1,5.528,5.169,24.0,0.0,30.0,-100.0,-100.0,-16.0,0.0,30.0,-100.0,-100.0,-8.0,0.0,30.0,-32.8,-80.0,-152.0,0.0,30.0,-90.381,-90.311,-8.0,-0.0,29.0,31.22,31.22,0.0,-1.005,29.0,40.825,41.031,-8.0,-0.0,30.0
23.1222,2,rev,-80.0,12.1,5.528,5.169,24.0,0.0,30.0,-100.0,-100.0,-16.0,0.0,30.0,-100.0,-100.0,-8.0,0.0,30.0,-33.067,-80.0,-152.0,-2.543,30.0,-90.381,-90.311,-8.0,-0.0,29.0,31.22,31.22,0.0,-0.492,29.0,40.825,41.031,-8.0,-0.0,30.0
23.1753,2,rev,-80.0,12.1,5.528,5.169,24.0,0.0,30.0,-100.0,-100.0,-16.0,0.0,30.0,-100.0,-100.0,-8.0,0.0,30.0,-33.333,-80.0,-152.0,-3.761,30.0,-90.381,-90.311,-8.0,-0.0,29.0,31.22,31.22,0.0,-0.241,29.0,40.825,41.031,-8.0,-0.0,30.0
23.2283,2,rev,-80.0,12.1,5.528,5.169,24.0,0.0,30.0,-100.0,-100.0,-16.0,0.0,30.0,-100.0,-100.0,-8.0,0.0,30.0,-33.733,-80.0,-152.0,-5.41,30.0,-90.381,-90.311,-8.0,-0.0,29.0,31.22,31.22,0.0,-0.118,29.0,40.825,41.031,-8.0,-0.0,30.0
23.2813,2,rev,-80.0,12.1,5.528,5.169,24.0,0.0,30.0,-100.0,-100.0,-16.0,0.0,30.0,-100.0,-100.0,-8.0,0.0,30.0,-34.0,-80.0,-152.0,-5.199,30.0,-90.381,-90.311,-8.0,-0.0,29.0,31.22,31.22,0.0,-0.058,29.0,40.825,41.031,-8.0,-0.0,30.0
23.3341,2,rev,-80.0,12.1,5.528,5.169,24.0,0.0,30.0,-100.0,-100.0,-16.0,0.0,30.0,-100.0,-100.0,-8.0,0.0,30.0,-34.533,-80.0,-152.0,-7.623,30.0,-90.381,-90.311,-8.0,-0.0,29.0,31.22,31.22,0.0,-0.028,29.0,40.825,41.031,-8.0,-0.0,30.0
23.3874,2,rev,-80.0,12.1,5.528,5.169,24.0,0.0,30.0,-100.0,-100.0,-16.0,0.0,30.0,-100.0,-100.0,-8.0,0.0,30.0,-34.933,-80.0,-152.0,-7.77,30.0,-90.381,-90.311,-8.0,-0.0,29.0,31.22,31.22,0.0,-0.014,29.0,40.825,41.031,-8.0,-0.0,30.0
23.4403,2,rev,-80.0,12.1,5.528,5.169,24.0,0.0,30.0,-100.0,-100.0,-16.0,0.0,30.0,-100.0,-100.0,-8.0,0.0,30.0,-35.2,-80.0,-152.0,-8.405,30.0,-90.381,-90.311,-8.0,-0.0,29.0,31.22,31.22,0.0,-0.01,29.0,40.825,41.031,-8.0,-0.0,30.0
23.4937,2,rev,-80.0,12.2,5.528,5.169,24.0,0.0,30.0,-100.0,-100.0,-16.0,0.0,30.0,-100.0,-100.0,-8.0,0.0,30.0,-35.6,-80.0,-24.0,-7.906,30.0,-90.381,-90.311,-8.0,-0.0,29.0,31.22,31.22,0.0,-0.007,29.0,40.825,41.031,-8.0,-0.0,30.0
23.5473,2,rev,-80.0,12.2,5.528,5.169,24.0,0.0,30.0,-100.0,-100.0,-16.0,0.0,30.0,-100.0,-100.0,-8.0,0.0,30.0,-36.0,-80.0,-24.0,-7.854,30.0,-90.381,-90.311,-8.0,-0.0,29.0,31.22,31.22,0.0,-0.003,29.0,40.825,41.031,-8.0,-0.0,30.0
23.5997,2,rev,-80.0,12.2,5.528,5.169,24.0,0.0,30.0,-100.0,-100.0,-16.0,0.0,30.0,-100.0,-100.0,-8.0,0.0,30.0,-36.4,-80.0,-24.0,-7.199,30.0,-90.381,-90.311,-8.0,-0.0,29.0,31.22,31.22,0.0,-0.002,29.0,40.825,41.031,-8.0,-0.0,30.0
23.653,2,rev,-80.0,12.2,5.528,5.169,24.0,0.0,30.0,-100.0,-100.0,-16.0,0.0,30.0,-100.0,-100.0,-8.0,0.0,30.0,-36.933,-80.0,-24.0,-8.583,30.0,-90.381,-90.311,-8.0,-0.0,29.0,31.22,31.22,0.0,-0.001,29.0,40.825,41.031,-8.0,-0.0,30.0
23.7066,2,rev,-80.0,12.2,5.528,5.169,24.0,0.0,30.0,-100.0,-100.0,-16.0,0.0,30.0,-100.0,-100.0,-8.0,0.0,30.0,-37.2,-80.0,-24.0,-6.753,30.0,-90.381,-90.311,-8.0,-0.0,29.0,31.22,31.22,0.0,-0.0,29.0,40.825,41.031,-8.0,-0.0,30.0
23.7599,2,rev,-80.0,12.2,5.528,5.169,24.0,0.0,30.0,-100.0,-100.0,-16.0,0.0,30.0,-100.0,-100.0,-8.0,0.0,30.0,-37.733,-80.0,-24.0,-8.403,30.0,-90.381,-90.311,-8.0,-0.0,29.0,31.22,31.22,0.0,-0.0,29.0,40.825,41.031,-8.0,-0.0,30.0
23.8129,2,rev,-80.0,12.2,5.528,5.169,24.0,0.0,30.0,-100.0,-100.0,-16.0,0.0,30.0,-100.0,-100.0,-8.0,0.0,30.0,-38.133,-80.0,-24.0,-8.148,30.0,-90.381,-90.311,-8.0,-0.0,29.0,31.22,31.22,0.0,-0.0,29.0,40.825,41.031,-8.0,-0.0,30.0
23.8662,2,rev,-80.0,12.2,5.528,5.169,24.0,0.0,30.0,-100.0,-100.0,-16.0,0.0,30.0,-100.0,-100.0,-8.0,0.0,30.0,-38.533,-80.0,-24.0,-7.572,30.0,-90.381,-90.311,-8.0,-0.0,29.0,31.22,31.22,0.0,-0.0,29.0,40.825,41.031,-8.0,-0.0,30.0
23.9197,2,rev,-80.0,12.2,5.528,5.169,24.0,0.0,30.0,-100.0,-100.0,-16.0,0.0,30.0,-100.0,-100.0,-8.0,0.0,30.0,-38.933,-80.0,-24.0,-7.298,30.0,-90.381,-90.311,-8.0,-0.0,29.0,31.22,31.22,0.0,-0.0,29.0,40.825,41.031,-8.0,-0.0,30.0
23.9736,2,rev,-80.0,12.2,5.528,5.169,24.0,0.0,30.0,-100.0,-100.0,-16.0,0.0,30.0,-100.0,-100.0,-8.0,0.0,30.0,-39.467,-80.0,-24.0,-8.645,30.0,-90.381,-90.311,-8.0,-0.0,29.0,31.22,31.22,0.0,-0.0,29.0,40.825,41.031,-8.0,-0.0,30.0
24.0269,2,rev,-80.0,12.2,5.528,5.169,24.0,0.0,30.0,-100.0,-100.0,-16.0,0.0,30.0,-100.0,-100.0,-8.0,0.0,30.0,-39.6,-80.0,-4.0,-7.547,30.0,-90.381,-90.311,-8.0,-0.0,29.0,31.22,31.22,0.0,-0.0,29.0,40.825,41.031,-8.0,-0.0,30.0
24.0801,2,rev,-80.0,12.2,5.528,5.169,24.0,0.0,30.0,-100.0,-100.0,-16.0,0.0,30.0,-100.0,-100.0,-8.0,0.0,30.0,-40.133,-80.0,-4.0,-5.641,30.0,-90.381,-90.311,-8.0,-0.0,29.0,31.22,31.22,0.0,-0.0,29.0,40.825,41.031,-8.0,-0.0,30.0
24.1334,2,rev,-80.0,12.2,5.528,5.169,24.0,0.0,30.0,-100.0,-100.0,-16.0,0.0,30.0,-100.0,-100.0,-8.0,0.0,30.0,-40.667,-80.0,-4.0,-7.85,30.0,-90.381,-90.311,-8.0,-0.0,29.0,31.22,31.22,0.0,-0.0,29.0,40.825,41.031,-8.0,-0.0,30.0
24.1865,2,rev,-80.0,12.2,5.528,5.169,24.0,0.0,30.0,-100.0,-100.0,-16.0,0.0,30.0,-100.0,-100.0,-8.0,0.0,30.0,-41.067,-80.0,-4.0,-7.464,30.0,-90.381,-90.311,-8.0,-0.0,29.0,31.22,31.22,0.0,-0.0,29.0,40.825,41.031,-8.0,-0.0,30.0
24.2394,2,rev,-80.0,12.2,5.528,5.169,24.0,0.0,30.0,-100.0,-100.0,-16.0,0.0,30.0,-100.0,-100.0,-8.0,0.0,30.0,-41.6,-80.0,-4.0,-8.707,30.0,-90.381,-90.311,-8.0,-0.0,29.0,31.22,31.22,0.0,-0.0,29.0,40.825,41.031,-8.0,-0.0,30.0
24.2926,2,rev,-80.0,12.2,5.528,5.169,24.0,0.0,30.0,-100.0,-100.0,-16.0,0.0,30.0,-100.0,-100.0,-8.0,0.0,30.0,-41.867,-80.0,-4.0,-6.823,30.0,-90.381,-90.311,-8.0,-0.0,29.0,31.22,31.22,0.0,-0.0,29.0,40.825,41.031,-8.0,-0.0,30.0
24.3447,2,rev,-80.0,12.2,5.528,5.169,24.0,0.0,30.0,-100.0,-100.0,-16.0,0.0,30.0,-100.0,-100.0,-8.0,0.0,30.0,-42.4,-80.0,-4.0,-7.994,30.0,-90.381,-90.311,-8.0,-0.0,29.0,31.22,31.22,0.0,-0.0,29.0,40.825,41.031,-8.0,-0.0,30.0
24.3979,2,rev,-80.0,12.2,5.528,5.169,24.0,0.0,30.0,-100.0,-100.0,-16.0,0.0,30.0,-100.0,-100.0,-8.0,0.0,30.0,-42.8,-80.0,-4.0,-7.987,30.0,-90.381,-90.311,-8.0,-0.0,29.0,31.22,31.22,0.0,-0.0,29.0,40.825,41.031,-8.0,-0.0,30.0
24.4509,2,rev,-80.0,12.2,5.528,5.169,24.0,0.0,30.0,-100.0,-100.0,-16.0,0.0,30.0,-100.0,-100.0,-8.0,0.0,30.0,-43.2,-80.0,-4.0,-7.522,30.0,-90.381,-90.311,-8.0,-0.0,29.0,31.22,31.22,0.0,-0.0,29.0,40.825,41.031,-8.0,-0.0,30.0
24.504,2,rev,-80.0,12.2,5.528,5.169,24.0,0.0,30.0,-100.0,-100.0,-16.0,0.0,30.0,-100.0,-100.0,-8.0,0.0,30.0,-43.733,-80.0,-4.0,-8.707,30.0,-90.381,-90.311,-8.0,-0.0,29.0,31.22,31.22,0.0,-0.0,29.0,40.825,41.031,-8.0,-0.0,30.0
24.5574,2,rev,-80.0,12.2,5.528,5.169,24.0,0.0,30.0,-100.0,-100.0,-16.0,0.0,30.0,-100.0,-100.0,-8.0,0.0,30.0,-44.0,-80.0,-4.0,-6.79,30.0,-90.381,-90.311,-8.0,-0.0,29.0,31.22,31.22,0.0,-0.0,29.0,40.825,41.031,-8.0,-0.0,30.0
24.6097,2,rev,-80.0,12.2,5.528,5.169,24.0,0.0,30.0,-100.0,-100.0,-16.0,0.0,30.0,-100.0,-100.0,-8.0,0.0,30.0,-44.0,-80.0,-16.0,-6.79,30.0,-90.381,-90.311,-8.0,-0.0,29.0,31.22,31.22,0.0,-0.0,29.0,40.825,41.031,-8.0,-0.0,30.0
24.6631,2,rev,-80.0,12.2,5.528,5.169,24.0,0.0,30.0,-100.0,-100.0,-16.0,0.0,30.0,-100.0,-100.0,-8.0,0.0,30.0,-44.667,-80.0,-16.0,-6.596,30.0,-90.381,-90.311,-8.0,-0.0,29.0,31.22,31.22,0.0,-0.0,29.0,40.825,41.031,-8.0,-0.0,30.0
24.7164,2,rev,-80.0,12.2,5.528,5.169,24.0,0.0,30.0,-100.0,-100.0,-16.0,0.0,30.0,-100.0,-100.0,-8.0,0.0,30.0,-45.2,-80.0,-16.0,-8.151,30.0,-90.381,-90.311,-8.0,-0.0,29.0,31.22,31.22,0.0,-0.0,29.0,40.825,41.031,-8.0,-0.0,30.0
24.7702,2,rev,-80.0,12.2,5.528,5.169,24.0,0.0,30.0,-100.0,-100.0,-16.0,0.0,30.0,-100.0,-100.0,-8.0,0.0,30.0,-45.6,-80.0,-16.0,-7.341,30.0,-90.381,-90.311,-8.0,-0.0,29.0,31.22,31.22,0.0,-0.0,29.0,40.825,41.031,-8.0,-0.0,30.0
24.8242,2,rev,-80.0,12.2,5.528,5.169,24.0,0.0,30.0,-100.0,-100.0,-16.0,0.0,30.0,-100.0,-100.0,-8.0,0.0,30.0,-46.133,-80.0,-16.0,-8.627,30.0,-90.381,-90.311,-8.0,-0.0,29.0,31.22,31.22,0.0,-0.0,29.0,40.825,41.031,-8.0,-0.0,30.0
24.8771,2,rev,-80.0,12.2,5.528,5.169,24.0,0.0,30.0,-100.0,-100.0,-16.0,0.0,30.0,-100.0,-100.0,-8.0,0.0,30.0,-46.533,-80.0,-16.0,-8.266,30.0,-90.381,-90.311,-8.0,-0.0,29.0,31.22,31.22,0.0,-0.0,29.0,40.825,41.031,-8.0,-0.0,30.0
24.9301,2,rev,-80.0,12.2,5.528,5.169,24.0,0.0,30.0,-100.0,-100.0,-16.0,0.0,30.0,-100.0,-100.0,-8.0,0.0,30.0,-46.933,-80.0,-16.0,-7.665,30.0,-90.381,-90.311,-8.0,-0.0,29.0,31.22,31.22,0.0,-0.0,29.0,40.825,41.031,-8.0,-0.0,30.0
24.9833,2,rev,-80.0,12.2,5.528,5.169,24.0,0.0,30.0,-100.0,-100.0,-16.0,0.0,30.0,-100.0,-100.0,-8.0,0.0,30.0,-47.467,-80.0,-16.0,-8.869,30.0,-90.381,-90.311,-8.0,-0.0,29.0,31.22,31.22,0.0,-0.0,29.0,40.825,41.031,-8.0,-0.0,30.0
25.0367,2,rev,-80.0,12.2,5.528,5.169,24.0,0.0,30.0,-100.0,-100.0,-16.0,0.0,30.0,-100.0,-100.0,-8.0,0.0,30.0,-47.867,-80.0,-16.0,-8.39,30.0,-90.381,-90.311,-8.0,-0.0,29.0,31.22,31.22,0.0,-0.0,29.0,40.825,41.031,-8.0,-0.0,30.0
25.0901,2,rev,-80.0,12.2,5.528,5.169,24.0,0.0,30.0,-100.0,-100.0,-16.0,0.0,30.0,-100.0,-100.0,-8.0,0.0,30.0,-48.267,-80.0,-16.0,-8.11,30.0,-90.381,-90.311,-8.0,-0.0,29.0,31.22,31.22,0.0,-0.0,29.0,40.825,41.031,-8.0,-0.0,30.0
25.1427,2,rev,-80.0,12.2,5.528,5.169,24.0,0.0,30.0,-100.0,-100.0,-16.0,0.0,30.0,-100.0,-100.0,-8.0,0.0,30.0,-48.667,-80.0,-16.0,-7.976,30.0,-90.381,-90.311,-8.0,-0.0,29.0,31.22,31.22,0.0,-0.0,29.0,40.825,41.031,-8.0,-0.0,30.0
25.1959,2,rev,-80.0,12.2,5.528,5.169,24.0,0.0,30.0,-100.0,-100.0,-16.0,0.0,30.0,-100.0,-100.0,-8.0,0.0,30.0,-49.067,-80.0,-8.0,-7.588,30.0,-90.381,-90.311,-8.0,-0.0,29.0,31.22,31.22,0.0,-0.0,29.0,40.825,41.031,-8.0,-0.0,30.0
25.2492,2,rev,-80.0,12.2,5.528,5.169,24.0,0.0,30.0,-100.0,-100.0,-16.0,0.0,30.0,-100.0,-100.0,-8.0,0.0,30.0,-49.467,-80.0,-8.0,-7.702,30.0,-90.381,-90.311,-8.0,-0.0,29.0,31.22,31.22,0.0,-0.0,29.0,40.825,41.031,-8.0,-0.0,30.0
25.3026,2,rev,-80.0,12.2,5.528,5.169,24.0,0.0,30.0,-100.0,-100.0,-16.0,0.0,30.0,-100.0,-100.0,-8.0,0.0,30.0,-50.0,-80.0,-8.0,-8.795,30.0,-90.381,-90.311,-8.0,-0.0,29.0,31.22,31.22,0.0,-0.0,29.0,40.825,41.031,-8.0,-0.0,30.0
25.3556,2,rev,-80.0,12.2,5.528,5.169,24.0,0.0,30.0,-100.0,-100.0,-16.0,0.0,30.0,-100.0,-100.0,-8.0,0.0,30.0,-50.4,-80.0,-8.0,-8.364,30.0,-90.381,-90.311,-8.0,-0.0,29.0,31.22,31.22,0.0,-0.0,29.0,40.825,41.031,-8.0,-0.0,30.0
25.4087,2,rev,-80.0,12.2,5.528,5.169,24.0,0.0,30.0,-100.0,-100.0,-16.0,0.0,30.0,-100.0,-100.0,-8.0,0.0,30.0,-50.8,-80.0,-8.0,-8.055,30.0,-90.381,-90.311,-8.0,-0.0,29.0,31.22,31.22,0.0,-0.0,29.0,40.825,41.031,-8.0,-0.0,30.0
25.4621,2,rev,-80.0,12.2,5.438,5.169,24.0,-0.706,30.0,-100.0,-100.0,-16.0,0.0,30.0,-100.0,-100.0,-8.0,0.0,30.0,-51.2,-80.0,-8.0,-8.003,30.0,-90.381,-90.311,-8.0,-0.0,29.0,31.22,31.22,0.0,-0.0,29.0,40.825,41.031,-8.0,-0.0,30.0
25.5153,2,rev,-80.0,12.2,5.438,5.169,24.0,-0.346,30.0,-100.0,-100.0,-16.0,0.0,30.0,-100.0,-100.0,-8.0,0.0,30.0,-51.6,-80.0,-8.0,-7.504,30.0,-90.381,-90.311,-8.0,-0.0,29.0,31.22,31.22,0.0,-0.0,29.0,40.825,41.031,-8.0,-0.0,30.0
25.5685,2,rev,-80.0,12.2,5.438,5.169,24.0,-0.169,30.0,-100.0,-100.0,-16.0,0.0,30.0,-100.0,-100.0,-8.0,0.0,30.0,-52.133,-80.0,-8.0,-8.726,30.0,-90.381,-90.311,-8.0,-0.0,29.0,31.22,31.22,0.0,-0.0,29.0,40.825,41.031,-8.0,-0.0,30.0
25.6208,2,rev,-80.0,12.2,5.438,5.169,24.0,-0.083,30.0,-100.0,-100.0,-16.0,0.0,30.0,-100.0,-100.0,-8.0,0.0,30.0,-52.533,-80.0,-8.0,-8.323,30.0,-90.381,-90.311,-8.0,-0.0,29.0,31.22,31.22,0.0,-0.0,29.0,40.825,41.031,-8.0,-0.0,30.0
25.6742,2,rev,-80.0,12.2,5.438,5.169,24.0,-0.041,30.0,-100.0,-100.0,-16.0,0.0,30.0,-100.0,-100.0,-8.0,0.0,30.0,-52.933,-80.0,-8.0,-8.042,30.0,-90.381,-90.311,-8.0,-0.0,29.0,31.22,31.22,0.0,-0.0,29.0,40.825,41.031,-8.0,-0.0,30.0
25.7275,2,rev,-80.0,12.2,5.438,5.169,24.0,-0.028,30.0,-100.0,-100.0,-16.0,0.0,30.0,-100.0,-100.0,-8.0,0.0,30.0,-53.2,-80.0,-8.0,-8.602,30.0,-90.381,-90.311,-8.0,-0.0,29.0,31.22,31.22,0.0,-0.0,29.0,40.825,41.031,-8.0,-0.0,30.0
25.7798,2,rev,-80.0,12.1,5.438,5.169,16.0,-0.02,30.0,-100.0,-100.0,-16.0,0.0,30.0,-100.0,-100.0,-8.0,0.0,30.0,-53.6,-80.0,-8.0,-8.011,30.0,-90.381,-90.311,-8.0,-0.0,29.0,31.22,31.22,0.0,-0.0,29.0,40.825,41.031,-8.0,-0.0,30.0
25.8344,2,rev,-80.0,12.1,5.438,5.169,16.0,-0.01,30.0,-100.0,-100.0,-16.0,0.0,30.0,-100.0,-100.0,-8.0,0.0,30.0,-54.0,-80.0,-8.0,-7.83,30.0,-90.381,-90.311,-8.0,-0.0,29.0,31.22,31.22,0.0,-0.0,29.0,40.825,41.031,-8.0,-0.0,30.0
25.8873,2,rev,-80.0,12.1,5.438,5.169,16.0,-0.005,30.0,-100.0,-100.0,-16.0,0.0,30.0,-100.0,-100.0,-8.0,0.0,30.0,-54.4,-80.0,-8.0,-7.359,30.0,-90.381,-90.311,-8.0,-0.0,29.0,31.22,31.22,0.0,-0.0,29.0,40.825,41.031,-8.0,-0.0,30.0
25.9409,2,rev,-80.0,12.1,5.438,5.169,16.0,-0.002,30.0,-100.0,-100.0,-16.0,0.0,30.0,-100.0,-100.0,-8.0,0.0,30.0,-54.933,-80.0,-8.0,-8.718,30.0,-90.381,-90.311,-8.0,-0.0,29.0,31.22,31.22,0.0,-0.0,29.0,40.825,41.031,-8.0,-0.0,30.0
25.9941,2,rev,-80.0,12.1,5.438,5.169,16.0,-0.001,30.0,-100.0,-100.0,-16.0,0.0,30.0,-100.0,-100.0,-8.0,0.0,30.0,-55.333,-80.0,-8.0,-8.277,30.0,-90.381,-90.311,-8.0,-0.0,29.0,31.22,31.22,0.0,-0.0,29.0,40.825,41.031,-8.0,-0.0,30.0
26.0473,2,rev,-80.0,12.1,5.438,5.169,16.0,-0.001,30.0,-100.0,-100.0,-16.0,0.0,30.0,-100.0,-100.0,-8.0,0.0,30.0,-55.733,-80.0,-8.0,-8.092,30.0,-90.381,-90.311,-8.0,-0.0,29.0,31.22,31.22,0.0,-0.0,29.0,40.825,41.031,-8.0,-0.0,30.0
26.1006,2,rev,-80.0,12.1,5.438,5.169,16.0,-0.0,30.0,-100.0,-100.0,-16.0,0.0,30.0,-100.0,-100.0,-8.0,0.0,30.0,-56.267,-80.0,-8.0,-9.027,30.0,-90.381,-90.311,-8.0,-0.0,29.0,31.22,31.22,0.0,-0.0,29.0,40.825,41.031,-8.0,-0.0,30.0
26.1535,2,rev,-80.0,12.1,5.438,5.169,16.0,-0.0,30.0,-100.0,-100.0,-16.0,0.0,30.0,-100.0,-100.0,-8.0,0.0,30.0,-56.533,-80.0,-8.0,-6.949,30.0,-90.381,-90.311,-8.0,-0.0,29.0,31.22,31.22,0.0,-0.0,29.0,40.825,41.031,-8.0,-0.0,30.0
26.2057,2,rev,-80.0,12.1,5.438,5.169,16.0,-0.0,30.0,-100.0,-100.0,-16.0,0.0,30.0,-100.0,-100.0,-8.0,0.0,30.0,-57.067,-80.0,-8.0,-8.49,30.0,-90.381,-90.311,-8.0,-0.0,29.0,31.22,31.22,0.0,-0.0,29.0,40.825,41.031,-8.0,-0.0,30.0
26.2588,2,rev,-80.0,12.1,5.438,5.169,16.0,-0.0,30.0,-100.0,-100.0,-16.0,0.0,30.0,-100.0,-100.0,-8.0,0.0,30.0,-57.467,-80.0,-8.0,-8.156,30.0,-90.381,-90.311,-8.0,-0.0,29.0,31.22,31.22,0.0,-0.0,29.0,40.825,41.031,-8.0,-0.0,30.0
26.3123,2,rev,-80.0,12.2,5.438,5.169,16.0,-0.0,30.0,-100.0,-100.0,-16.0,0.0,30.0,-100.0,-100.0,-8.0,0.0,30.0,-57.733,-80.0,0.0,-8.678,30.0,-90.381,-90.311,-8.0,-0.0,29.0,31.22,31.22,0.0,-0.0,29.0,40.825,41.031,-8.0,-0.0,30.0
26.3655,2,rev,-80.0,12.2,5.438,5.169,16.0,-0.0,30.0,-100.0,-100.0,-16.0,0.0,30.0,-100.0,-100.0,-8.0,0.0,30.0,-58.267,-80.0,0.0,-7.225,30.0,-90.381,-90.311,-8.0,-0.0,29.0,31.22,31.22,0.0,-0.0,29.0,40.825,41.031,-8.0,-0.0,30.0
26.4185,2,rev,-80.0,12.2,5.438,5.169,16.0,-0.0,30.0,-100.0,-100.0,-16.0,0.0,30.0,-100.0,-100.0,-8.0,0.0,30.0,-58.8,-80.0,0.0,-8.616,30.0,-90.381,-90.311,-8.0,-0.0,29.0,31.22,31.22,0.0,-0.0,29.0,40.825,41.031,-8.0,-0.0,30.0
26.4714,2,rev,-80.0,12.2,5.438,5.169,16.0,-0.0,30.0,-100.0,-100.0,-16.0,0.0,30.0,-100.0,-100.0,-8.0,0.0,30.0,-59.2,-80.0,0.0,-8.291,30.0,-90.381,-90.311,-8.0,-0.0,29.0,31.22,31.22,0.0,-0.0,29.0,40.825,41.031,-8.0,-0.0,30.0
26.5245,2,rev,-80.0,12.2,5.438,5.169,16.0,-0.0,30.0,-100.0,-100.0,-16.0,0.0,30.0,-100.0,-100.0,-8.0,0.0,30.0,-59.6,-80.0,0.0,-7.642,30.0,-90.381,-90.311,-8.0,-0.0,29.0,31.22,31.22,0.0,-0.0,29.0,40.825,41.031,-8.0,-0.0,30.0
26.5774,2,rev,-80.0,12.2,5.438,5.169,16.0,-0.0,30.0,-100.0,-100.0,-16.0,0.0,30.0,-100.0,-100.0,-8.0,0.0,30.0,-60.0,-80.0,0.0,-7.344,30.0,-90.381,-90.311,-8.0,-0.0,29.0,31.22,31.22,0.0,-0.0,29.0,40.825,41.031,-8.0,-0.0,30.0
26.6304,2,rev,-80.0,12.2,5.438,5.169,16.0,-0.0,30.0,-100.0,-100.0,-16.0,0.0,30.0,-100.0,-100.0,-8.0,0.0,30.0,-60.4,-80.0,0.0,-7.175,30.0,-90.381,-90.311,-8.0,-0.0,29.0,31.22,31.22,0.0,-0.0,29.0,40.825,41.031,-8.0,-0.0,30.0
26.6827,2,rev,-80.0,12.2,5.438,5.169,16.0,-0.0,30.0,-100.0,-100.0,-16.0,0.0,30.0,-100.0,-100.0,-8.0,0.0,30.0,-60.8,-80.0,0.0,-7.091,30.0,-90.381,-90.311,-8.0,-0.0,29.0,31.22,31.22,0.0,-0.0,29.0,40.825,41.031,-8.0,-0.0,30.0
26.7361,2,rev,-80.0,12.2,5.438,5.169,16.0,-0.0,30.0,-100.0,-100.0,-16.0,0.0,30.0,-100.0,-100.0,-8.0,0.0,30.0,-61.2,-80.0,0.0,-7.016,30.0,-90.381,-90.311,-8.0,-0.0,29.0,31.22,31.22,0.0,-0.0,29.0,40.825,41.031,-8.0,-0.0,30.0
26.7894,2,rev,-80.0,12.2,5.438,5.169,16.0,-0.0,30.0,-100.0,-100.0,-16.0,0.0,30.0,-100.0,-100.0,-8.0,0.0,30.0,-61.733,-80.0,0.0,-8.511,30.0,-90.381,-90.311,-8.0,-0.0,29.0,31.22,31.22,0.0,-0.0,29.0,40.825,41.031,-8.0,-0.0,30.0
26.8435,2,rev,-80.0,12.2,5.438,5.169,16.0,-0.0,30.0,-100.0,-100.0,-16.0,0.0,30.0,-100.0,-100.0,-8.0,0.0,30.0,-62.133,-80.0,0.0,-8.129,30.0,-90.311,-90.311,-8.0,0.531,29.0,31.22,31.22,0.0,-0.0,29.0,40.825,41.031,-8.0,-0.0,30.0
26.8969,2,rev,-80.0,12.2,5.438,5.169,16.0,-0.0,30.0,-100.0,-100.0,-16.0,0.0,30.0,-100.0,-100.0,-8.0,0.0,30.0,-62.133,-80.0,-4.0,-8.129,30.0,-90.311,-90.311,0.0,0.531,29.0,31.22,31.22,0.0,-0.0,29.0,40.825,41.031,-8.0,-0.0,30.0
26.9505,2,rev,-80.0,12.2,5.438,5.169,16.0,-0.0,30.0,-100.0,-100.0,-16.0,0.0,30.0,-100.0,-100.0,-8.0,0.0,30.0,-62.8,-80.0,-4.0,-8.289,30.0,-90.311,-90.311,0.0,0.26,29.0,31.22,31.22,0.0,-0.0,29.0,40.825,41.031,-8.0,-0.0,30.0
27.0039,2,rev,-80.0,12.2,5.438,5.169,16.0,-0.0,30.0,-100.0,-100.0,-16.0,0.0,30.0,-100.0,-100.0,-8.0,0.0,30.0,-63.333,-80.0,-4.0,-8.916,30.0,-90.311,-90.311,0.0,0.127,29.0,31.22,31.22,0.0,-0.0,29.0,40.825,41.031,-8.0,-0.0,30.0
27.0574,2,rev,-80.0,12.2,5.438,5.169,16.0,-0.0,30.0,-100.0,-100.0,-16.0,0.0,30.0,-100.0,-100.0,-8.0,0.0,30.0,-63.733,-80.0,-4.0,-8.375,30.0,-90.381,-90.311,0.0,-0.475,29.0,31.22,31.22,0.0,-0.0,29.0,40.825,41.031,-8.0,-0.0,30.0
27.11,2,rev,-80.0,12.2,5.438,5.169,16.0,-0.0,30.0,-100.0,-100.0,-16.0,0.0,30.0,-100.0,-100.0,-8.0,0.0,30.0,-64.133,-80.0,-4.0,-8.083,30.0,-90.381,-90.311,0.0,-0.233,29.0,31.22,31.22,0.0,-0.0,29.0,40.825,41.031,-8.0,-0.0,30.0
27.1632,2,rev,-80.0,12.2,5.438,5.169,16.0,-0.0,30.0,-100.0,-100.0,-16.0,0.0,30.0,-100.0,-100.0,-8.0,0.0,30.0,-64.533,-80.0,-4.0,-7.536,30.0,-90.381,-90.311,0.0,-0.114,29.0,31.22,31.22,0.0,-0.0,29.0,40.825,41.031,-8.0,-0.0,30.0
27.2164,2,rev,-80.0,12.2,5.438,5.169,16.0,-0.0,30.0,-100.0,-100.0,-16.0,0.0,30.0,-100.0,-100.0,-8.0,0.0,30.0,-64.933,-80.0,-4.0,-7.259,30.0,-90.311,-90.311,0.0,0.494,29.0,31.22,31.22,0.0,-0.0,29.0,40.825,41.031,-8.0,-0.0,30.0
27.2696,2,rev,-80.0,12.2,5.438,5.169,16.0,-0.0,30.0,-100.0,-100.0,-16.0,0.0,30.0,-100.0,-100.0,-8.0,0.0,30.0,-65.467,-80.0,-4.0,-8.578,30.0,-90.311,-90.311,0.0,0.242,29.0,31.22,31.22,0.0,-0.0,29.0,40.825,41.031,-8.0,-0.0,30.0
27.3218,2,rev,-80.0,12.2,5.438,5.169,16.0,-0.0,30.0,-100.0,-100.0,-16.0,0.0,30.0,-100.0,-100.0,-8.0,0.0,30.0,-65.867,-80.0,-4.0,-8.248,30.0,-90.311,-90.311,0.0,0.119,29.0,31.22,31.22,0.0,-0.0,29.0,40.825,41.031,-8.0,-0.0,30.0
27.3749,2,rev,-80.0,12.2,5.438,5.169,16.0,-0.0,30.0,-100.0,-100.0,-16.0,0.0,30.0,-100.0,-100.0,-8.0,0.0,30.0,-66.267,-80.0,-4.0,-7.591,30.0,-90.311,-90.311,0.0,0.058,29.0,31.22,31.22,0.0,-0.0,29.0,40.825,41.031,-8.0,-0.0,30.0
27.4283,2,rev,-80.0,12.2,5.438,5.169,16.0,-0.0,30.0,-100.0,-100.0,-16.0,0.0,30.0,-100.0,-100.0,-8.0,0.0,30.0,-66.667,-80.0,-4.0,-7.324,30.0,-90.381,-90.311,0.0,-0.749,29.0,31.22,31.22,0.0,-0.0,29.0,40.825,41.031,-8.0,-0.0,30.0
27.4816,2,rev,-80.0,12.2,5.438,5.169,16.0,-0.0,30.0,-100.0,-100.0,-16.0,0.0,30.0,-100.0,-100.0,-8.0,0.0,30.0,-67.2,-80.0,-4.0,-7.779,30.0,-90.381,-90.311,-8.0,-0.524,29.0,31.22,31.22,0.0,-0.0,29.0,40.825,41.031,-8.0,-0.0,30.0
27.5347,2,rev,-80.0,12.2,5.438,5.169,16.0,-0.0,30.0,-100.0,-100.0,-16.0,0.0,30.0,-100.0,-100.0,-8.0,0.0,30.0,-67.6,-80.0,-4.0,-8.266,30.0,-90.311,-90.311,-8.0,0.514,29.0,31.22,31.22,0.0,-0.0,29.0,40.825,41.031,-8.0,-0.0,30.0
27.5868,2,rev,-80.0,12.2,5.438,5.169,16.0,-0.0,30.0,-100.0,-100.0,-16.0,0.0,30.0,-100.0,-100.0,-8.0,0.0,30.0,-68.0,-80.0,-4.0,-8.099,30.0,-90.311,-90.311,-8.0,0.252,29.0,31.22,31.22,0.0,-0.0,29.0,40.825,41.031,-8.0,-0.0,30.0
27.6401,2,rev,-80.0,12.2,5.438,5.169,16.0,-0.0,30.0,-100.0,-100.0,-16.0,0.0,30.0,-100.0,-100.0,-8.0,0.0,30.0,-68.4,-80.0,-4.0,-7.561,30.0,-90.311,-90.311,-8.0,0.123,29.0,31.22,31.22,0.0,-0.0,29.0,40.825,41.031,-8.0,-0.0,30.0
27.6934,2,rev,-80.0,12.2,5.438,5.169,16.0,-0.0,30.0,-100.0,-100.0,-16.0,0.0,30.0,-100.0,-100.0,-8.0,0.0,30.0,-68.933,-80.0,-4.0,-8.798,30.0,-90.311,-90.311,-8.0,0.06,29.0,31.22,31.22,0.0,-0.0,29.0,40.825,41.031,-8.0,-0.0,30.0
27.7463,2,rev,-80.0,12.2,5.438,5.169,16.0,-0.0,30.0,-100.0,-100.0,-16.0,0.0,30.0,-100.0,-100.0,-8.0,0.0,30.0,-69.333,-80.0,-4.0,-8.359,30.0,-90.311,-90.311,-8.0,0.03,29.0,31.22,31.22,0.0,-0.0,29.0,40.825,41.031,-8.0,-0.0,30.0
27.7992,2,rev,-80.0,12.2,5.438,5.169,16.0,-0.0,30.0,-100.0,-100.0,-16.0,0.0,30.0,-100.0,-100.0,-8.0,0.0,30.0,-69.733,-80.0,-4.0,-8.157,30.0,-90.381,-90.311,-8.0,-0.531,29.0,31.22,31.22,0.0,-0.0,29.0,40.825,41.031,-8.0,-0.0,30.0
27.853,2,rev,-80.0,12.2,5.438,5.169,16.0,-0.0,30.0,-100.0,-100.0,-16.0,0.0,30.0,-100.0,-100.0,-8.0,0.0,30.0,-70.133,-80.0,-4.0,-7.549,30.0,-90.311,-90.311,-8.0,0.496,29.0,31.22,31.22,0.0,-0.0,29.0,40.825,41.031,-8.0,-0.0,30.0
27.9054,2,rev,-80.0,12.2,5.438,5.169,16.0,-0.0,30.0,-100.0,-100.0,-16.0,0.0,30.0,-100.0,-100.0,-8.0,0.0,30.0,-70.4,-80.0,-4.0,-8.26,30.0,-90.311,-90.311,-8.0,0.347,29.0,31.22,31.22,0.0,-0.0,29.0,40.825,41.031,-8.0,-0.0,30.0
27.9577,2,rev,-80.0,12.2,5.438,5.169,16.0,-0.0,30.0,-100.0,-100.0,-16.0,0.0,30.0,-100.0,-100.0,-8.0,0.0,30.0,-70.8,-80.0,-4.0,-7.429,30.0,-90.311,-90.311,-8.0,0.17,29.0,31.22,31.22,0.0,-0.0,29.0,40.825,41.031,-8.0,-0.0,30.0
28.0109,2,rev,-80.0,12.2,5.438,5.169,16.0,-0.0,30.0,-100.0,-100.0,-16.0,0.0,30.0,-100.0,-100.0,-8.0,0.0,30.0,-71.2,-80.0,-4.0,-7.12,30.0,-90.311,-90.311,-8.0,0.083,29.0,31.22,31.22,0.0,-0.0,29.0,40.825,41.031,-8.0,-0.0,30.0
28.0643,2,rev,-80.0,12.2,5.438,5.169,16.0,-0.0,30.0,-100.0,-100.0,-16.0,0.0,30.0,-100.0,-100.0,-8.0,0.0,30.0,-71.733,-80.0,12.0,-7.644,30.0,-90.311,-90.311,0.0,0.058,29.0,31.22,31.22,0.0,-0.0,29.0,40.825,41.031,-8.0,-0.0,30.0
28.1173,2,rev,-80.0,12.2,5.438,5.169,16.0,-0.0,30.0,-100.0,-100.0,-16.0,0.0,30.0,-100.0,-100.0,-8.0,0.0,30.0,-72.133,-80.0,12.0,-7.839,30.0,-90.311,-90.311,0.0,0.029,29.0,31.22,31.22,0.0,-0.0,29.0,40.825,41.031,-8.0,-0.0,30.0
28.1703,2,rev,-80.0,12.2,5.438,5.169,16.0,-0.0,30.0,-100.0,-100.0,-16.0,0.0,30.0,-100.0,-100.0,-8.0,0.0,30.0,-72.533,-80.0,12.0,-7.449,30.0,-90.311,-90.311,0.0,0.014,29.0,31.22,31.22,0.0,-0.0,29.0,40.825,41.031,-8.0,-0.0,30.0
28.2236,2,rev,-80.0,12.2,5.438,5.169,16.0,-0.0,30.0,-100.0,-100.0,-16.0,0.0,30.0,-100.0,-100.0,-8.0,0.0,30.0,-73.067,-80.0,12.0,-8.722,30.0,-90.311,-90.311,0.0,0.007,29.0,31.22,31.22,0.0,-0.0,29.0,40.825,41.031,-8.0,-0.0,30.0
28.2759,2,rev,-80.0,12.2,5.438,5.169,16.0,-0.0,30.0,-100.0,-100.0,-16.0,0.0,30.0,-100.0,-100.0,-8.0,0.0,30.0,-73.467,-80.0,12.0,-8.311,30.0,-90.381,-90.311,0.0,-0.773,29.0,31.22,31.22,0.0,-0.0,29.0,40.825,41.031,-8.0,-0.0,30.0
28.3293,2,rev,-80.0,12.2,5.438,5.169,16.0,-0.0,30.0,-100.0,-100.0,-16.0,0.0,30.0,-100.0,-100.0,-8.0,0.0,30.0,-73.867,-80.0,12.0,-8.136,30.0,-90.311,-90.311,0.0,0.404,29.0,31.22,31.22,0.0,-0.0,29.0,40.825,41.031,-8.0,-0.0,30.0
28.3824,2,rev,-80.0,12.2,5.438,5.169,16.0,-0.0,30.0,-100.0,-100.0,-16.0,0.0,30.0,-100.0,-100.0,-8.0,0.0,30.0,-74.267,-80.0,12.0,-7.542,30.0,-90.311,-90.311,0.0,0.198,29.0,31.22,31.22,0.0,-0.0,29.0,40.825,41.031,-8.0,-0.0,30.0
28.4356,2,rev,-80.0,12.2,5.438,5.169,16.0,-0.0,30.0,-100.0,-100.0,-16.0,0.0,30.0,-100.0,-100.0,-8.0,0.0,30.0,-74.667,-80.0,12.0,-7.321,30.0,-90.311,-90.311,0.0,0.097,29.0,31.22,31.22,0.0,-0.0,29.0,40.825,41.031,-8.0,-0.0,30.0
28.4886,2,rev,-80.0,12.2,5.438,5.169,16.0,-0.0,30.0,-100.0,-100.0,-16.0,0.0,30.0,-100.0,-100.0,-8.0,0.0,30.0,-75.067,-80.0,12.0,-7.195,30.0,-90.311,-90.311,0.0,0.048,29.0,31.22,31.22,0.0,-0.0,29.0,40.825,41.031,-8.0,-0.0,30.0
28.5415,2,rev,-80.0,12.2,5.438,5.169,16.0,-0.0,30.0,-100.0,-100.0,-16.0,0.0,30.0,-100.0,-100.0,-8.0,0.0,30.0,-75.467,-80.0,12.0,-7.052,30.0,-90.311,-90.311,0.0,0.023,29.0,31.22,31.22,0.0,-0.0,29.0,40.825,41.031,-8.0,-0.0,30.0
28.5938,2,rev,-80.0,12.2,5.438,5.169,16.0,-0.0,30.0,-100.0,-100.0,-16.0,0.0,30.0,-100.0,-100.0,-8.0,0.0,30.0,-75.733,-80.0,16.0,-7.957,30.0,-90.311,-90.311,0.0,0.016,29.0,31.22,31.22,0.0,-0.0,29.0,40.825,41.031,-8.0,-0.0,30.0
28.647,2,rev,-80.0,12.2,5.438,5.169,16.0,-0.0,30.0,-100.0,-100.0,-16.0,0.0,30.0,-100.0,-100.0,-8.0,0.0,30.0,-76.4,-80.0,16.0,-8.402,30.0,-90.311,-90.311,0.0,0.008,29.0,31.22,31.22,0.0,-0.0,29.0,40.825,41.031,-8.0,-0.0,30.0
28.7003,2,rev,-80.0,12.2,5.438,5.169,16.0,-0.0,30.0,-100.0,-100.0,-16.0,0.0,30.0,-100.0,-100.0,-8.0,0.0,30.0,-76.8,-80.0,16.0,-8.196,30.0,-90.311,-90.311,0.0,0.004,29.0,31.22,31.22,0.0,-0.0,29.0,40.825,41.031,-8.0,-0.0,30.0
28.7532,2,rev,-80.0,12.2,5.438,5.169,16.0,-0.0,30.0,-100.0,-100.0,-16.0,0.0,30.0,-100.0,-100.0,-8.0,0.0,30.0,-77.2,-80.0,16.0,-7.589,30.0,-90.311,-90.311,0.0,0.002,29.0,31.22,31.22,0.0,-0.0,29.0,40.825,41.031,-8.0,-0.0,30.0
28.8064,2,rev,-80.0,12.2,5.348,5.169,16.0,-1.006,30.0,-100.0,-100.0,-16.0,0.0,30.0,-100.0,-100.0,-8.0,0.0,30.0,-77.6,-80.0,16.0,-7.294,30.0,-90.311,-90.311,0.0,0.001,29.0,31.22,31.22,0.0,-0.0,29.0,40.825,41.031,-8.0,-0.0,30.0
28.8606,2,rev,-80.0,12.2,5.348,5.169,16.0,-0.493,30.0,-100.0,-100.0,-16.0,0.0,30.0,-100.0,-100.0,-8.0,0.0,30.0,-78.0,-80.0,16.0,-7.099,30.0,-90.311,-90.311,0.0,0.0,29.0,31.22,31.22,0.0,-0.0,29.0,40.825,41.031,-8.0,-0.0,30.0
28.9129,2,rev,-80.0,12.2,5.348,5.169,16.0,-0.241,30.0,-100.0,-100.0,-16.0,0.0,30.0,-100.0,-100.0,-8.0,0.0,30.0,-78.533,-80.0,16.0,-8.562,30.0,-90.311,-90.311,0.0,0.0,29.0,31.22,31.22,0.0,-0.0,29.0,40.825,41.031,-8.0,-0.0,30.0
28.9663,2,rev,-80.0,12.2,5.348,5.169,16.0,-0.118,30.0,-100.0,-100.0,-16.0,0.0,30.0,-100.0,-100.0,-8.0,0.0,30.0,-78.933,-80.0,16.0,-8.225,30.0,-90.311,-90.311,0.0,0.0,29.0,31.22,31.22,0.0,-0.0,29.0,40.825,41.031,-8.0,-0.0,30.0
29.0189,2,rev,-80.0,12.2,5.348,5.169,16.0,-0.058,30.0,-100.0,-100.0,-16.0,0.0,30.0,-100.0,-100.0,-8.0,0.0,30.0,-79.333,-80.0,16.0,-8.079,30.0,-90.311,-90.311,0.0,0.0,29.0,31.22,31.22,0.0,-0.0,29.0,40.825,41.031,-8.0,-0.0,30.0
29.0723,2,hold_start,-80.0,12.2,5.348,5.169,16.0,-0.028,30.0,-100.0,-100.0,-16.0,0.0,30.0,-100.0,-100.0,-8.0,0.0,30.0,-79.733,-80.0,16.0,-7.502,30.0,-90.311,-90.311,0.0,0.0,29.0,31.22,31.22,0.0,-0.0,29.0,40.825,41.031,-8.0,-0.0,30.0
29.1257,2,hold_start,-80.0,12.2,5.348,5.169,16.0,-0.02,30.0,-100.0,-100.0,-16.0,0.0,30.0,-100.0,-100.0,-8.0,0.0,30.0,-79.867,-80.0,16.0,-6.737,30.0,-90.311,-90.311,0.0,0.0,29.0,31.22,31.22,0.0,-0.0,29.0,40.825,41.031,-8.0,-0.0,30.0
29.179,2,hold_start,-80.0,12.2,5.348,5.169,8.0,-0.014,30.0,-100.0,-100.0,-16.0,0.0,30.0,-100.0,-100.0,-8.0,0.0,30.0,-79.867,-80.0,8.0,-4.716,30.0,-90.311,-90.311,0.0,0.0,29.0,31.22,31.22,0.0,-0.0,29.0,40.825,41.031,-8.0,-0.0,30.0
29.2326,2,hold_start,-80.0,12.2,5.348,5.169,8.0,-0.007,30.0,-100.0,-100.0,-16.0,0.0,30.0,-100.0,-100.0,-8.0,0.0,30.0,-80.0,-80.0,8.0,-2.782,30.0,-90.311,-90.311,0.0,0.0,29.0,31.22,31.22,0.0,-0.0,29.0,40.825,41.031,-8.0,-0.0,30.0
29.2861,2,hold_start,-80.0,12.2,5.348,5.169,8.0,-0.003,30.0,-100.0,-100.0,-16.0,0.0,30.0,-100.0,-100.0,-8.0,0.0,30.0,-80.0,-80.0,8.0,-1.363,30.0,-90.311,-90.311,0.0,0.0,29.0,31.22,31.22,0.0,-0.0,29.0,40.825,41.031,-8.0,-0.0,30.0
29.3396,2,hold_start,-80.0,12.2,5.348,5.169,8.0,-0.002,30.0,-100.0,-100.0,-16.0,0.0,30.0,-100.0,-100.0,-8.0,0.0,30.0,-80.0,-80.0,8.0,-0.668,30.0,-90.311,-90.311,0.0,0.0,29.0,31.22,31.22,0.0,-0.0,29.0,40.825,41.031,-8.0,-0.0,30.0
29.3926,2,hold_start,-80.0,12.2,5.348,5.169,8.0,-0.001,30.0,-100.0,-100.0,-16.0,0.0,30.0,-100.0,-100.0,-8.0,0.0,30.0,-80.0,-80.0,8.0,-0.327,30.0,-90.311,-90.311,0.0,0.0,29.0,31.22,31.22,0.0,-0.0,29.0,40.825,41.031,-8.0,-0.0,30.0
29.4455,2,hold_start,-80.0,12.2,5.348,5.169,8.0,-0.0,30.0,-100.0,-100.0,-16.0,0.0,30.0,-100.0,-100.0,-8.0,0.0,30.0,-80.0,-80.0,8.0,-0.16,30.0,-90.311,-90.311,0.0,0.0,29.0,31.22,31.22,0.0,-0.0,29.0,40.825,41.031,-8.0,-0.0,30.0
29.4985,2,hold_start,-80.0,12.2,5.258,5.169,8.0,-0.715,30.0,-100.0,-100.0,-16.0,0.0,30.0,-100.0,-100.0,-8.0,0.0,30.0,-80.0,-80.0,8.0,-0.079,30.0,-90.311,-90.311,0.0,0.0,29.0,31.22,31.22,0.0,-0.0,29.0,40.825,41.031,-8.0,-0.0,30.0
29.5515,2,hold_start,-80.0,12.2,5.258,5.169,8.0,-0.35,30.0,-100.0,-100.0,-16.0,0.0,30.0,-100.0,-100.0,-8.0,0.0,30.0,-80.0,-80.0,8.0,-0.038,30.0,-90.311,-90.311,0.0,0.0,29.0,31.22,31.22,0.0,-0.0,29.0,40.825,41.031,-8.0,-0.0,30.0
29.6046,2,hold_start,-80.0,12.2,5.258,5.169,8.0,-0.172,30.0,-100.0,-100.0,-16.0,0.0,30.0,-100.0,-100.0,-8.0,0.0,30.0,-80.0,-80.0,8.0,-0.019,30.0,-90.311,-90.311,0.0,0.0,29.0,31.22,31.22,0.0,-0.0,29.0,40.825,41.031,-8.0,-0.0,30.0
29.6567,2,hold_start,-80.0,12.2,5.258,5.169,8.0,-0.084,30.0,-100.0,-100.0,-16.0,0.0,30.0,-100.0,-100.0,-8.0,0.0,30.0,-80.0,-80.0,8.0,-0.009,30.0,-90.311,-90.311,0.0,0.0,29.0,31.22,31.22,0.0,-0.0,29.0,40.825,41.031,-8.0,-0.0,30.0
29.7096,2,hold_start,-80.0,12.2,5.258,5.169,8.0,-0.041,30.0,-100.0,-100.0,-16.0,0.0,30.0,-100.0,-100.0,-8.0,0.0,30.0,-80.0,-80.0,8.0,-0.005,30.0,-90.311,-90.311,0.0,0.0,29.0,31.22,31.22,0.0,-0.0,29.0,40.825,41.031,-8.0,-0.0,30.0
29.7626,2,hold_start,-80.0,12.2,5.258,5.169,0.0,-0.029,30.0,-100.0,-100.0,-16.0,0.0,30.0,-100.0,-100.0,-8.0,0.0,30.0,-80.0,-80.0,0.0,-0.003,30.0,-90.311,-90.311,0.0,0.0,29.0,31.22,31.22,0.0,-0.0,29.0,40.825,41.031,-8.0,-0.0,30.0
29.8148,2,hold_start,-80.0,12.2,5.258,5.169,0.0,-0.014,30.0,-100.0,-100.0,-16.0,0.0,30.0,-100.0,-100.0,-8.0,0.0,30.0,-80.0,-80.0,0.0,-0.002,30.0,-90.311,-90.311,0.0,0.0,29.0,31.22,31.22,0.0,-0.0,29.0,40.825,41.031,-8.0,-0.0,30.0
29.8677,2,hold_start,-80.0,12.2,5.258,5.169,0.0,-0.007,30.0,-100.0,-100.0,-16.0,0.0,30.0,-100.0,-100.0,-8.0,0.0,30.0,-80.0,-80.0,0.0,-0.001,30.0,-90.311,-90.311,0.0,0.0,29.0,31.22,31.22,0.0,-0.0,29.0,40.825,41.031,-8.0,-0.0,30.0
29.9197,2,hold_start,-80.0,12.2,5.258,5.169,0.0,-0.003,30.0,-100.0,-100.0,-16.0,0.0,30.0,-100.0,-100.0,-8.0,0.0,30.0,-80.0,-80.0,0.0,-0.0,30.0,-90.311,-90.311,0.0,0.0,29.0,31.22,31.22,0.0,-0.0,29.0,40.825,41.031,-8.0,-0.0,30.0
29.9727,2,hold_start,-80.0,12.2,5.258,5.169,0.0,-0.002,30.0,-100.0,-100.0,-16.0,0.0,30.0,-100.0,-100.0,-8.0,0.0,30.0,-80.0,-80.0,0.0,-0.0,30.0,-90.311,-90.311,0.0,0.0,29.0,31.22,31.22,0.0,-0.0,29.0,40.825,41.031,-8.0,-0.0,30.0
30.0259,2,hold_start,-80.0,12.2,5.258,5.169,0.0,-0.001,30.0,-100.0,-100.0,-16.0,0.0,30.0,-100.0,-100.0,-8.0,0.0,30.0,-80.0,-80.0,0.0,-0.0,30.0,-90.311,-90.311,0.0,0.0,29.0,31.22,31.22,0.0,-0.0,29.0,40.825,41.031,-8.0,-0.0,30.0
30.079,3,fwd,-30.0,12.2,5.258,5.169,0.0,-0.0,30.0,-100.0,-100.0,-16.0,0.0,30.0,-100.0,-100.0,-8.0,0.0,30.0,-80.0,-80.0,0.0,-0.0,30.0,-90.311,-90.311,0.0,0.0,29.0,31.22,31.22,0.0,-0.0,29.0,40.825,41.031,-8.0,-0.0,30.0
30.1318,3,fwd,-30.0,12.2,5.258,5.169,0.0,-0.0,30.0,-100.0,-100.0,-16.0,0.0,30.0,-100.0,-100.0,-8.0,0.0,30.0,-80.0,-30.0,0.0,-0.0,30.0,-90.311,-90.311,0.0,0.0,29.0,31.22,31.22,0.0,-0.0,29.0,40.825,41.031,-8.0,-0.0,30.0
30.1837,3,fwd,-30.0,12.2,5.258,5.169,0.0,-0.0,30.0,-100.0,-100.0,-16.0,0.0,30.0,-100.0,-100.0,-8.0,0.0,30.0,-79.867,-30.0,0.0,1.039,30.0,-90.311,-90.311,0.0,0.0,29.0,31.22,31.22,0.0,-0.0,29.0,40.825,41.031,-8.0,-0.0,30.0
30.2366,3,fwd,-30.0,12.2,5.258,5.169,0.0,-0.0,30.0,-100.0,-100.0,-16.0,0.0,30.0,-100.0,-100.0,-8.0,0.0,30.0,-79.467,-30.0,0.0,4.543,30.0,-90.311,-90.311,0.0,0.0,29.0,31.22,31.22,0.0,-0.0,29.0,40.825,41.031,-8.0,-0.0,30.0
30.2896,3,fwd,-30.0,12.2,5.258,5.169,0.0,-0.0,30.0,-100.0,-100.0,-16.0,0.0,30.0,-100.0,-100.0,-8.0,0.0,30.0,-79.333,-30.0,0.0,4.679,30.0,-90.311,-90.311,0.0,0.0,29.0,31.22,31.22,0.0,-0.0,29.0,40.825,41.031,-8.0,-0.0,30.0
30.3417,3,fwd,-30.0,12.2,5.258,5.169,0.0,-0.0,30.0,-100.0,-100.0,-16.0,0.0,30.0,-100.0,-100.0,-8.0,0.0,30.0,-78.933,-30.0,-16.0,5.291,30.0,-90.311,-90.311,0.0,0.0,29.0,31.22,31.22,0.0,-0.0,29.0,40.825,41.031,-8.0,-0.0,30.0
30.3951,3,fwd,-30.0,12.2,5.258,5.169,0.0,-0.0,30.0,-100.0,-100.0,-16.0,0.0,30.0,-100.0,-100.0,-8.0,0.0,30.0,-78.667,-30.0,-16.0,5.045,30.0,-90.311,-90.311,0.0,0.0,29.0,31.22,31.22,0.0,-0.0,29.0,40.825,41.031,-8.0,-0.0,30.0
30.4482,3,fwd,-30.0,12.2,5.258,5.169,0.0,-0.0,30.0,-100.0,-100.0,-16.0,0.0,30.0,-100.0,-100.0,-8.0,0.0,30.0,-78.267,-30.0,-16.0,6.067,30.0,-90.311,-90.311,0.0,0.0,29.0,31.22,31.22,0.0,-0.0,29.0,40.825,41.031,-8.0,-0.0,30.0
30.5004,3,fwd,-30.0,12.2,5.258,5.169,0.0,-0.0,30.0,-100.0,-100.0,-16.0,0.0,30.0,-100.0,-100.0,-8.0,0.0,30.0,-77.867,-30.0,-16.0,7.012,30.0,-90.311,-90.311,0.0,0.0,29.0,31.22,31.22,0.0,-0.0,29.0,40.825,41.031,-8.0,-0.0,30.0
30.5545,3,fwd,-30.0,12.2,5.258,5.169,0.0,-0.0,30.0,-100.0,-100.0,-16.0,0.0,30.0,-100.0,-100.0,-8.0,0.0,30.0,-77.6,-30.0,-16.0,5.984,30.0,-90.311,-90.311,0.0,0.0,29.0,31.22,31.22,0.0,-0.0,29.0,40.825,41.031,-8.0,-0.0,30.0
30.6075,3,fwd,-30.0,12.2,5.258,5.169,0.0,-0.0,30.0,-100.0,-100.0,-16.0,0.0,30.0,-100.0,-100.0,-8.0,0.0,30.0,-77.333,-30.0,-16.0,5.479,30.0,-90.311,-90.311,0.0,0.0,29.0,31.22,31.22,0.0,-0.0,29.0,40.825,41.031,-8.0,-0.0,30.0
30.6609,3,fwd,-30.0,12.2,5.258,5.169,0.0,-0.0,30.0,-100.0,-100.0,-16.0,0.0,30.0,-100.0,-100.0,-8.0,0.0,30.0,-76.933,-30.0,-16.0,6.265,30.0,-90.311,-90.311,0.0,0.0,29.0,31.22,31.22,0.0,-0.0,29.0,40.825,41.031,-8.0,-0.0,30.0
30.7143,3,fwd,-30.0,12.2,5.258,5.169,0.0,-0.0,30.0,-100.0,-100.0,-16.0,0.0,30.0,-100.0,-100.0,-8.0,0.0,30.0,-76.667,-30.0,-16.0,5.616,30.0,-90.311,-90.311,0.0,0.0,29.0,31.22,31.22,0.0,-0.0,29.0,40.825,41.031,-8.0,-0.0,30.0
30.7673,3,fwd,-30.0,12.2,5.258,5.169,0.0,-0.0,30.0,-100.0,-100.0,-16.0,0.0,30.0,-100.0,-100.0,-8.0,0.0,30.0,-76.267,-30.0,-16.0,6.805,30.0,-90.311,-90.311,0.0,0.0,29.0,31.22,31.22,0.0,-0.0,29.0,40.825,41.031,-8.0,-0.0,30.0
30.8205,3,fwd,-30.0,12.2,5.258,5.169,0.0,-0.0,30.0,-100.0,-100.0,-16.0,0.0,30.0,-100.0,-100.0,-8.0,0.0,30.0,-76.0,-30.0,-16.0,5.87,30.0,-90.311,-90.311,0.0,0.0,29.0,31.22,31.22,0.0,-0.0,29.0,40.825,41.031,-8.0,-0.0,30.0
30.8736,3,fwd,-30.0,12.1,5.258,5.169,0.0,-0.0,30.0,-100.0,-100.0,-16.0,0.0,30.0,-100.0,-100.0,-8.0,0.0,30.0,-75.867,-30.0,-80.0,5.605,30.0,-90.311,-90.311,0.0,0.0,29.0,31.22,31.22,0.0,-0.0,29.0,40.825,41.031,-8.0,-0.0,30.0
30.9257,3,fwd,-30.0,12.1,5.258,5.169,0.0,-0.0,30.0,-100.0,-100.0,-16.0,0.0,30.0,-100.0,-100.0,-8.0,0.0,30.0,-75.2,-30.0,-80.0,6.214,30.0,-90.311,-90.311,0.0,0.0,29.0,31.22,31.22,0.0,-0.0,29.0,40.825,41.031,-8.0,-0.0,30.0
30.9786,3,fwd,-30.0,12.1,5.258,5.169,0.0,-0.0,30.0,-100.0,-100.0,-16.0,0.0,30.0,-100.0,-100.0,-8.0,0.0,30.0,-74.8,-30.0,-80.0,7.072,30.0,-90.311,-90.311,0.0,0.0,29.0,31.22,31.22,0.0,-0.0,29.0,40.825,41.031,-8.0,-0.0,30.0
31.0309,3,fwd,-30.0,12.1,5.348,5.169,0.0,0.697,30.0,-100.0,-100.0,-16.0,0.0,30.0,-100.0,-100.0,-8.0,0.0,30.0,-74.4,-30.0,-80.0,7.019,30.0,-90.311,-90.311,0.0,0.0,29.0,31.22,31.22,0.0,-0.0,29.0,40.825,41.031,-8.0,-0.0,30.0
31.0843,3,fwd,-30.0,12.1,5.348,5.169,0.0,0.341,30.0,-100.0,-100.0,-16.0,0.0,30.0,-100.0,-100.0,-8.0,0.0,30.0,-74.0,-30.0,-80.0,7.482,30.0,-90.311,-90.311,0.0,0.0,29.0,31.22,31.22,0.0,-0.0,29.0,40.825,41.031,-8.0,-0.0,30.0
31.1376,3,fwd,-30.0,12.1,5.348,5.169,0.0,0.167,30.0,-100.0,-100.0,-16.0,0.0,30.0,-100.0,-100.0,-8.0,0.0,30.0,-73.6,-30.0,-80.0,7.257,30.0,-90.311,-90.311,0.0,0.0,29.0,31.22,31.22,0.0,-0.0,29.0,40.825,41.031,-8.0,-0.0,30.0
31.19,3,fwd,-30.0,12.1,5.348,5.169,0.0,0.082,30.0,-100.0,-100.0,-16.0,0.0,30.0,-100.0,-100.0,-8.0,0.0,30.0,-73.067,-30.0,-80.0,8.62,30.0,-90.311,-90.311,0.0,0.0,29.0,31.22,31.22,0.0,-0.0,29.0,40.825,41.031,-8.0,-0.0,30.0
31.2433,3,fwd,-30.0,12.1,5.348,5.169,0.0,0.04,30.0,-100.0,-100.0,-16.0,0.0,30.0,-100.0,-100.0,-8.0,0.0,30.0,-72.8,-30.0,-80.0,6.778,30.0,-90.311,-90.311,0.0,0.0,29.0,31.22,31.22,0.0,-0.0,29.0,40.825,41.031,-8.0,-0.0,30.0
31.2961,3,fwd,-30.0,12.1,5.438,5.169,0.0,1.03,30.0,-100.0,-100.0,-16.0,0.0,30.0,-100.0,-100.0,-8.0,0.0,30.0,-72.267,-30.0,-80.0,8.432,30.0,-90.311,-90.311,0.0,0.0,29.0,31.22,31.22,0.0,-0.0,29.0,40.825,41.031,-8.0,-0.0,30.0
31.3492,3,fwd,-30.0,12.1,5.438,5.169,0.0,0.505,30.0,-100.0,-100.0,-16.0,0.0,30.0,-100.0,-100.0,-8.0,0.0,30.0,-71.867,-30.0,-80.0,7.716,30.0,-90.311,-90.311,0.0,0.0,29.0,31.22,31.22,0.0,-0.0,29.0,40.825,41.031,-8.0,-0.0,30.0
31.402,3,fwd,-30.0,12.1,5.438,5.169,0.0,0.247,30.0,-100.0,-100.0,-16.0,0.0,30.0,-100.0,-100.0,-8.0,0.0,30.0,-71.467,-30.0,-80.0,7.764,30.0,-90.311,-90.311,0.0,0.0,29.0,31.22,31.22,0.0,-0.0,29.0,40.825,41.031,-8.0,-0.0,30.0
31.4555,3,fwd,-30.0,12.1,5.438,5.169,16.0,0.247,30.0,-100.0,-100.0,-16.0,0.0,30.0,-100.0,-100.0,-8.0,0.0,29.0,-71.467,-30.0,-88.0,7.764,30.0,-90.311,-90.311,0.0,0.0,29.0,31.22,31.22,0.0,-0.0,29.0,40.825,41.031,-8.0,-0.0,30.0
31.508,3,fwd,-30.0,12.1,5.438,5.169,16.0,0.121,30.0,-100.0,-100.0,-16.0,0.0,30.0,-100.0,-100.0,-8.0,0.0,29.0,-70.933,-30.0,-88.0,6.641,30.0,-90.311,-90.311,0.0,0.0,29.0,31.22,31.22,0.0,-0.0,29.0,40.825,41.031,-8.0,-0.0,30.0
31.5624,3,fwd,-30.0,12.1,5.438,5.169,16.0,0.059,30.0,-100.0,-100.0,-16.0,0.0,30.0,-100.0,-100.0,-8.0,0.0,29.0,-70.4,-30.0,-88.0,8.315,30.0,-90.311,-90.311,0.0,0.0,29.0,31.22,31.22,0.0,-0.0,29.0,40.825,41.031,-8.0,-0.0,30.0
31.6148,3,fwd,-30.0,12.1,5.438,5.169,16.0,0.029,30.0,-100.0,-100.0,-16.0,0.0,30.0,-100.0,-100.0,-8.0,0.0,29.0,-70.0,-30.0,-88.0,8.078,30.0,-90.311,-90.311,0.0,0.0,29.0,31.22,31.22,0.0,-0.0,29.0,40.825,41.031,-8.0,-0.0,30.0
31.6688,3,fwd,-30.0,12.1,5.438,5.169,16.0,0.014,30.0,-100.0,-100.0,-16.0,0.0,30.0,-100.0,-100.0,-8.0,0.0,29.0,-69.6,-30.0,-88.0,7.37,30.0,-90.311,-90.311,0.0,0.0,29.0,31.22,31.22,0.0,-0.0,29.0,40.825,41.031,-8.0,-0.0,30.0
31.7213,3,fwd,-30.0,12.1,5.438,5.169,16.0,0.007,30.0,-100.0,-100.0,-16.0,0.0,30.0,-100.0,-100.0,-8.0,0.0,29.0,-69.067,-30.0,-88.0,8.651,30.0,-90.311,-90.311,0.0,0.0,29.0,31.22,31.22,0.0,-0.0,29.0,40.825,41.031,-8.0,-0.0,30.0
31.7741,3,fwd,-30.0,12.1,5.438,5.169,16.0,0.003,30.0,-100.0,-100.0,-16.0,0.0,30.0,-100.0,-100.0,-8.0,0.0,29.0,-68.667,-30.0,-88.0,7.77,30.0,-90.381,-90.311,0.0,-0.762,29.0,31.22,31.22,0.0,-0.0,29.0,40.825,41.031,-8.0,-0.0,30.0
31.8274,3,fwd,-30.0,12.1,5.438,5.169,16.0,0.002,30.0,-100.0,-100.0,-16.0,0.0,30.0,-100.0,-100.0,-8.0,0.0,29.0,-68.267,-30.0,-88.0,7.414,30.0,-90.381,-90.311,0.0,-0.373,29.0,31.22,31.22,0.0,-0.0,29.0,40.825,41.031,-8.0,-0.0,30.0
31.8812,3,fwd,-30.0,12.1,5.438,5.169,16.0,0.001,30.0,-100.0,-100.0,-16.0,0.0,30.0,-100.0,-100.0,-8.0,0.0,29.0,-67.867,-30.0,-88.0,7.249,30.0,-90.311,-90.311,0.0,0.366,29.0,31.22,31.22,0.0,-0.0,29.0,40.825,41.031,-8.0,-0.0,30.0
31.9344,3,fwd,-30.0,12.1,5.438,5.169,16.0,0.0,30.0,-100.0,-100.0,-16.0,0.0,30.0,-100.0,-100.0,-8.0,0.0,29.0,-67.467,-30.0,-88.0,7.54,30.0,-90.311,-90.311,0.0,0.18,29.0,31.22,31.22,0.0,-0.0,29.0,40.825,41.031,-8.0,-0.0,30.0
31.9877,3,fwd,-30.0,12.1,5.438,5.169,16.0,0.0,30.0,-100.0,-100.0,-16.0,0.0,30.0,-100.0,-100.0,-8.0,0.0,29.0,-67.2,-30.0,-88.0,6.245,30.0,-90.311,-90.311,0.0,0.088,29.0,31.22,31.22,0.0,-0.0,29.0,40.825,41.031,-8.0,-0.0,30.0
32.0398,3,fwd,-30.0,12.2,5.438,5.169,16.0,0.0,30.0,-100.0,-100.0,-16.0,0.0,30.0,-100.0,-100.0,-8.0,0.0,30.0,-66.667,-30.0,-108.0,7.099,30.0,-90.311,-90.311,0.0,0.062,29.0,31.22,31.22,0.0,-0.0,29.0,40.825,41.031,-8.0,-0.0,30.0
32.0929,3,fwd,-30.0,12.2,5.438,5.169,16.0,0.0,30.0,-100.0,-100.0,-16.0,0.0,30.0,-100.0,-100.0,-8.0,0.0,30.0,-66.267,-30.0,-108.0,7.493,30.0,-90.311,-90.311,0.0,0.03,29.0,31.22,31.22,0.0,-0.0,29.0,40.825,41.031,-8.0,-0.0,30.0
32.146,3,fwd,-30.0,12.2,5.438,5.169,16.0,0.0,30.0,-100.0,-100.0,-16.0,0.0,30.0,-100.0,-100.0,-8.0,0.0,30.0,-65.733,-30.0,-108.0,8.725,30.0,-90.381,-90.311,0.0,-0.521,29.0,31.22,31.22,0.0,-0.0,29.0,40.825,41.031,-8.0,-0.0,30.0
32.1995,3,fwd,-30.0,12.2,5.438,5.169,16.0,0.0,30.0,-100.0,-100.0,-16.0,0.0,30.0,-100.0,-100.0,-8.0,0.0,30.0,-65.333,-30.0,-108.0,7.812,30.0,-90.381,-90.311,0.0,-0.256,29.0,31.22,31.22,0.0,-0.0,29.0,40.825,41.031,-8.0,-0.0,30.0
32.2529,3,fwd,-30.0,12.2,5.438,5.169,16.0,0.0,30.0,-100.0,-100.0,-16.0,0.0,30.0,-100.0,-100.0,-8.0,0.0,30.0,-64.933,-30.0,-108.0,7.411,30.0,-90.311,-90.311,0.0,0.417,29.0,31.22,31.22,0.0,-0.0,29.0,40.825,41.031,-8.0,-0.0,30.0
32.3073,3,fwd,-30.0,12.2,5.438,5.169,16.0,0.0,30.0,-100.0,-100.0,-16.0,0.0,30.0,-100.0,-100.0,-8.0,0.0,30.0,-64.533,-30.0,-108.0,7.182,30.0,-90.311,-90.311,0.0,0.204,29.0,31.22,31.22,0.0,-0.0,29.0,40.825,41.031,-8.0,-0.0,30.0
32.3614,3,fwd,-30.0,12.2,5.438,5.169,16.0,0.0,30.0,-100.0,-100.0,-16.0,0.0,30.0,-100.0,-100.0,-8.0,0.0,30.0,-64.133,-30.0,-108.0,7.141,30.0,-90.311,-90.311,0.0,0.1,29.0,31.22,31.22,0.0,-0.0,29.0,40.825,41.031,-8.0,-0.0,30.0
32.4156,3,fwd,-30.0,12.2,5.438,5.169,16.0,0.0,30.0,-100.0,-100.0,-16.0,0.0,30.0,-100.0,-100.0,-8.0,0.0,30.0,-63.733,-30.0,-108.0,7.512,30.0,-90.311,-90.311,0.0,0.049,29.0,31.22,31.22,0.0,-0.0,29.0,40.825,41.031,-8.0,-0.0,30.0
32.4678,3,fwd,-30.0,12.2,5.438,5.169,16.0,0.0,30.0,-100.0,-100.0,-16.0,0.0,30.0,-100.0,-100.0,-8.0,0.0,30.0,-63.333,-30.0,-108.0,7.244,30.0,-90.311,-90.311,0.0,0.024,29.0,31.22,31.22,0.0,-0.0,29.0,40.825,41.031,-8.0,-0.0,30.0
32.5209,3,fwd,-30.0,12.2,5.438,5.169,16.0,0.0,30.0,-100.0,-100.0,-16.0,0.0,30.0,-100.0,-100.0,-8.0,0.0,30.0,-62.8,-30.0,-108.0,8.602,30.0,-90.381,-90.311,0.0,-0.532,29.0,31.22,31.22,0.0,-0.0,29.0,40.825,41.031,-8.0,-0.0,30.0
32.5741,3,fwd,-30.0,12.1,5.438,5.169,16.0,0.0,30.0,-100.0,-100.0,-16.0,0.0,30.0,-100.0,-100.0,-8.0,0.0,30.0,-62.533,-30.0,-112.0,8.945,30.0,-90.381,-90.311,-8.0,-0.372,29.0,31.22,31.22,0.0,-0.0,29.0,40.825,41.031,-8.0,-0.0,30.0
32.6273,3,fwd,-30.0,12.1,5.438,5.169,16.0,0.0,30.0,-100.0,-100.0,-16.0,0.0,30.0,-100.0,-100.0,-8.0,0.0,30.0,-62.133,-30.0,-112.0,8.381,30.0,-90.381,-90.311,-8.0,-0.261,29.0,31.22,31.22,0.0,-0.0,29.0,40.825,41.031,-8.0,-0.0,30.0
32.6804,3,fwd,-30.0,12.1,5.438,5.169,16.0,0.0,30.0,-100.0,-100.0,-16.0,0.0,30.0,-100.0,-100.0,-8.0,0.0,30.0,-61.733,-30.0,-112.0,8.052,30.0,-90.311,-90.311,-8.0,0.652,29.0,31.22,31.22,0.0,-0.0,29.0,40.825,41.031,-8.0,-0.0,30.0
32.7337,3,fwd,-30.0,12.1,5.438,5.169,16.0,0.0,30.0,-100.0,-100.0,-16.0,0.0,30.0,-100.0,-100.0,-8.0,0.0,30.0,-61.333,-30.0,-112.0,7.354,30.0,-90.311,-90.311,-8.0,0.32,29.0,31.22,31.22,0.0,-0.0,29.0,40.825,41.031,-8.0,-0.0,30.0
32.7873,3,fwd,-30.0,12.1,5.438,5.169,16.0,0.0,30.0,-100.0,-100.0,-16.0,0.0,30.0,-100.0,-100.0,-8.0,0.0,30.0,-60.933,-30.0,-112.0,7.61,30.0,-90.311,-90.311,-8.0,0.157,29.0,31.22,31.22,0.0,-0.0,29.0,40.825,41.031,-8.0,-0.0,30.0
32.84,3,fwd,-30.0,12.1,5.438,5.169,16.0,0.0,30.0,-100.0,-100.0,-16.0,0.0,30.0,-100.0,-100.0,-8.0,0.0,30.0,-60.4,-30.0,-112.0,8.595,30.0,-90.381,-90.311,-8.0,-0.407,29.0,31.22,31.22,0.0,-0.0,29.0,40.825,41.031,-8.0,-0.0,30.0
32.8932,3,fwd,-30.0,12.1,5.438,5.169,16.0,0.0,30.0,-100.0,-100.0,-16.0,0.0,30.0,-100.0,-100.0,-8.0,0.0,30.0,-60.0,-30.0,-112.0,8.255,30.0,-90.381,-90.311,-8.0,-0.2,29.0,31.22,31.22,0.0,-0.0,29.0,40.825,41.031,-8.0,-0.0,30.0
32.9457,3,fwd,-30.0,12.1,5.438,5.169,16.0,0.0,30.0,-100.0,-100.0,-16.0,0.0,30.0,-100.0,-100.0,-8.0,0.0,30.0,-59.6,-30.0,-112.0,7.656,30.0,-90.381,-90.311,-8.0,-0.098,29.0,31.22,31.22,0.0,-0.0,29.0,40.825,41.031,-8.0,-0.0,30.0
32.9981,3,fwd,-30.0,12.1,5.438,5.169,16.0,0.0,30.0,-100.0,-100.0,-16.0,0.0,30.0,-100.0,-100.0,-8.0,0.0,30.0,-59.067,-30.0,-112.0,8.776,30.0,-90.381,-90.311,-8.0,-0.048,29.0,31.22,31.22,0.0,-0.0,29.0,40.825,41.031,-8.0,-0.0,30.0
33.0501,3,fwd,-30.0,12.1,5.438,5.169,16.0,0.0,30.0,-100.0,-100.0,-16.0,0.0,30.0,-100.0,-100.0,-8.0,0.0,30.0,-58.8,-30.0,-112.0,6.849,30.0,-90.311,-90.311,-8.0,0.52,29.0,31.22,31.22,0.0,-0.0,29.0,40.825,41.031,-8.0,-0.0,30.0
33.1034,3,fwd,-30.0,12.1,5.438,5.169,16.0,0.0,30.0,-100.0,-100.0,-16.0,0.0,30.0,-100.0,-100.0,-8.0,0.0,30.0,-58.4,-30.0,-112.0,6.902,30.0,-90.311,-90.311,-8.0,0.255,29.0,31.22,31.22,0.0,-0.0,29.0,40.825,41.031,-8.0,-0.0,30.0
33.1564,3,fwd,-30.0,12.2,5.438,5.169,16.0,0.0,30.0,-100.0,-100.0,-16.0,0.0,30.0,-100.0,-100.0,-8.0,0.0,30.0,-58.133,-30.0,-120.0,7.816,30.0,-90.311,-90.311,0.0,0.178,29.0,31.22,31.22,0.0,-0.0,29.0,40.825,41.031,-8.0,-0.0,30.0
33.2096,3,fwd,-30.0,12.2,5.438,5.169,16.0,0.0,30.0,-100.0,-100.0,-16.0,0.0,30.0,-100.0,-100.0,-8.0,0.0,30.0,-57.6,-30.0,-120.0,7.81,30.0,-90.381,-90.311,0.0,-0.166,29.0,31.22,31.22,0.0,-0.0,29.0,40.825,41.031,-8.0,-0.0,30.0
33.2626,3,fwd,-30.0,12.2,5.438,5.169,16.0,0.0,30.0,-100.0,-100.0,-16.0,0.0,30.0,-100.0,-100.0,-8.0,0.0,30.0,-57.2,-30.0,-120.0,7.86,30.0,-90.381,-90.311,0.0,-0.081,29.0,31.22,31.22,0.0,-0.0,29.0,40.825,41.031,-8.0,-0.0,30.0
33.3147,3,fwd,-30.0,12.2,5.438,5.169,16.0,0.0,30.0,-100.0,-100.0,-16.0,0.0,30.0,-100.0,-100.0,-8.0,0.0,30.0,-56.667,-30.0,-120.0,8.924,30.0,-90.381,-90.311,0.0,-0.04,29.0,31.22,31.22,0.0,-0.0,29.0,40.825,41.031,-8.0,-0.0,30.0
33.368,3,fwd,-30.0,12.2,5.438,5.169,16.0,0.0,30.0,-100.0,-100.0,-16.0,0.0,30.0,-100.0,-100.0,-8.0,0.0,30.0,-56.133,-30.0,-120.0,9.41,30.0,-90.381,-90.311,0.0,-0.02,29.0,31.22,31.22,0.0,-0.0,29.0,40.825,41.031,-8.0,-0.0,30.0
33.4212,3,fwd,-30.0,12.2,5.438,5.169,16.0,0.0,30.0,-100.0,-100.0,-16.0,0.0,30.0,-100.0,-100.0,-8.0,0.0,30.0,-55.733,-30.0,-120.0,8.223,30.0,-90.381,-90.311,0.0,-0.01,29.0,31.22,31.22,0.0,-0.0,29.0,40.825,41.031,-8.0,-0.0,30.0
33.4744,3,fwd,-30.0,12.2,5.438,5.169,16.0,0.0,30.0,-100.0,-100.0,-16.0,0.0,30.0,-100.0,-100.0,-8.0,0.0,30.0,-55.467,-30.0,-120.0,7.019,30.0,-90.311,-90.311,0.0,0.771,29.0,31.22,31.22,0.0,-0.0,29.0,40.825,41.031,-8.0,-0.0,30.0
33.5269,3,fwd,-30.0,12.2,5.438,5.169,16.0,0.0,30.0,-100.0,-100.0,-16.0,0.0,30.0,-100.0,-100.0,-8.0,0.0,30.0,-55.067,-30.0,-120.0,7.007,30.0,-90.311,-90.311,0.0,0.378,29.0,31.22,31.22,0.0,-0.0,29.0,40.825,41.031,-8.0,-0.0,30.0
33.5801,3,fwd,-30.0,12.2,5.438,5.169,16.0,0.0,30.0,-100.0,-100.0,-16.0,0.0,30.0,-100.0,-100.0,-8.0,0.0,30.0,-54.667,-30.0,-120.0,7.454,30.0,-90.311,-90.311,0.0,0.185,29.0,31.22,31.22,0.0,-0.0,29.0,40.825,41.031,-8.0,-0.0,30.0
33.6336,3,fwd,-30.0,12.2,5.438,5.169,16.0,0.0,30.0,-100.0,-100.0,-16.0,0.0,30.0,-100.0,-100.0,-8.0,0.0,30.0,-54.267,-30.0,-120.0,7.207,30.0,-90.381,-90.311,0.0,-0.453,29.0,31.22,31.22,0.0,-0.0,29.0,40.825,41.031,-8.0,-0.0,30.0
33.6858,3,fwd,-30.0,12.2,5.438,5.169,16.0,0.0,30.0,-100.0,-100.0,-16.0,0.0,30.0,-100.0,-100.0,-8.0,0.0,30.0,-53.867,-30.0,-120.0,7.617,30.0,-90.381,-90.311,0.0,-0.222,29.0,31.22,31.22,0.0,-0.0,29.0,40.825,41.031,-8.0,-0.0,30.0
33.7389,3,fwd,-30.0,12.1,5.438,5.169,16.0,0.0,30.0,-100.0,-100.0,-16.0,0.0,30.0,-100.0,-100.0,-8.0,0.0,30.0,-53.867,-30.0,-128.0,7.617,30.0,-90.381,-90.311,-8.0,-0.222,29.0,31.22,31.22,0.0,-0.0,29.0,40.825,41.031,-8.0,-0.0,30.0
33.7919,3,fwd,-30.0,12.1,5.438,5.169,16.0,0.0,30.0,-100.0,-100.0,-16.0,0.0,30.0,-100.0,-100.0,-8.0,0.0,30.0,-53.067,-30.0,-128.0,8.615,30.0,-90.381,-90.311,-8.0,-0.109,29.0,31.22,31.22,0.0,-0.0,29.0,40.825,41.031,-8.0,-0.0,30.0
33.8455,3,fwd,-30.0,12.1,5.438,5.169,16.0,0.0,30.0,-100.0,-100.0,-16.0,0.0,30.0,-100.0,-100.0,-8.0,0.0,30.0,-52.8,-30.0,-128.0,6.299,30.0,-90.381,-90.311,-8.0,-0.053,29.0,31.22,31.22,0.0,-0.0,29.0,40.825,41.031,-8.0,-0.0,30.0
33.9,3,fwd,-30.0,12.1,5.438,5.169,16.0,0.0,30.0,-100.0,-100.0,-16.0,0.0,30.0,-100.0,-100.0,-8.0,0.0,30.0,-52.267,-30.0,-128.0,8.064,30.0,-90.381,-90.311,-8.0,-0.026,29.0,31.22,31.22,0.0,-0.0,29.0,40.825,41.031,-8.0,-0.0,30.0
33.9536,3,fwd,-30.0,12.1,5.438,5.169,16.0,0.0,30.0,-100.0,-100.0,-16.0,0.0,30.0,-100.0,-100.0,-8.0,0.0,30.0,-52.0,-30.0,-128.0,6.393,30.0,-90.381,-90.311,-8.0,-0.013,29.0,31.22,31.22,0.0,-0.0,29.0,40.825,41.031,-8.0,-0.0,30.0
34.0073,3,fwd,-30.0,12.1,5.438,5.169,16.0,0.0,30.0,-100.0,-100.0,-16.0,0.0,30.0,-100.0,-100.0,-8.0,0.0,30.0,-51.6,-30.0,-128.0,7.139,30.0,-90.381,-90.311,-8.0,-0.006,29.0,31.22,31.22,0.0,-0.0,29.0,40.825,41.031,-8.0,-0.0,30.0
34.059,3,fwd,-30.0,12.1,5.438,5.169,16.0,0.0,30.0,-100.0,-100.0,-16.0,0.0,30.0,-100.0,-100.0,-8.0,0.0,30.0,-51.2,-30.0,-128.0,7.057,30.0,-90.381,-90.311,-8.0,-0.003,29.0,31.22,31.22,0.0,-0.0,29.0,40.825,41.031,-8.0,-0.0,30.0
34.1125,3,fwd,-30.0,12.1,5.438,5.169,16.0,0.0,30.0,-100.0,-100.0,-16.0,0.0,30.0,-100.0,-100.0,-8.0,0.0,30.0,-50.667,-30.0,-128.0,8.943,30.0,-90.381,-90.311,-8.0,-0.002,29.0,31.22,31.22,0.0,-0.0,29.0,40.825,41.031,-8.0,-0.0,30.0
34.1649,3,fwd,-30.0,12.1,5.438,5.169,16.0,0.0,30.0,-100.0,-100.0,-16.0,0.0,30.0,-100.0,-100.0,-8.0,0.0,30.0,-50.133,-30.0,-128.0,9.468,30.0,-90.381,-90.311,-8.0,-0.001,29.0,31.22,31.22,0.0,-0.0,29.0,40.825,41.031,-8.0,-0.0,30.0
34.2174,3,fwd,-30.0,12.1,5.438,5.169,16.0,0.0,30.0,-100.0,-100.0,-16.0,0.0,30.0,-100.0,-100.0,-8.0,0.0,30.0,-49.733,-30.0,-128.0,8.215,30.0,-90.381,-90.311,-8.0,-0.0,29.0,31.22,31.22,0.0,-0.0,29.0,40.825,41.031,-8.0,-0.0,30.0
34.2701,3,fwd,-30.0,12.1,5.438,5.169,16.0,0.0,30.0,-100.0,-100.0,-16.0,0.0,30.0,-100.0,-100.0,-8.0,0.0,30.0,-49.333,-30.0,-128.0,8.046,30.0,-90.381,-90.311,-8.0,-0.0,29.0,31.22,31.22,0.0,-0.0,29.0,40.825,41.031,-8.0,-0.0,30.0
34.3235,3,fwd,-30.0,12.1,5.438,5.169,16.0,0.0,30.0,-100.0,-100.0,-16.0,0.0,30.0,-100.0,-100.0,-8.0,0.0,30.0,-48.933,-30.0,-132.0,7.647,43.0,-90.381,-90.311,-8.0,-0.0,29.0,31.22,31.22,0.0,-0.0,29.0,40.825,41.031,-8.0,-0.0,30.0
34.3757,3,fwd,-30.0,12.1,5.438,5.169,16.0,0.0,30.0,-100.0,-100.0,-16.0,0.0,30.0,-100.0,-100.0,-8.0,0.0,30.0,-48.667,-30.0,-132.0,6.287,43.0,-90.381,-90.311,-8.0,-0.0,29.0,31.22,31.22,0.0,-0.0,29.0,40.825,41.031,-8.0,-0.0,30.0
34.429,3,fwd,-30.0,12.1,5.438,5.169,16.0,0.0,30.0,-100.0,-100.0,-16.0,0.0,30.0,-100.0,-100.0,-8.0,0.0,30.0,-48.133,-30.0,-132.0,7.688,43.0,-90.381,-90.311,-8.0,-0.0,29.0,31.22,31.22,0.0,-0.0,29.0,40.825,41.031,-8.0,-0.0,30.0
34.4823,3,fwd,-30.0,12.1,5.438,5.169,16.0,0.0,30.0,-100.0,-100.0,-16.0,0.0,30.0,-100.0,-100.0,-8.0,0.0,30.0,-47.733,-30.0,-132.0,7.805,43.0,-90.381,-90.311,-8.0,-0.0,29.0,31.22,31.22,0.0,-0.0,29.0,40.825,41.031,-8.0,-0.0,30.0
34.5355,3,fwd,-30.0,12.1,5.438,5.169,16.0,0.0,30.0,-100.0,-100.0,-16.0,0.0,30.0,-100.0,-100.0,-8.0,0.0,30.0,-47.2,-30.0,-132.0,8.492,43.0,-90.381,-90.311,-8.0,-0.0,29.0,31.22,31.22,0.0,-0.0,29.0,40.825,41.031,-8.0,-0.0,30.0
34.5885,3,fwd,-30.0,12.1,5.438,5.169,16.0,0.0,30.0,-100.0,-100.0,-16.0,0.0,30.0,-100.0,-100.0,-8.0,0.0,30.0,-46.667,-30.0,-132.0,9.223,43.0,-90.381,-90.311,-8.0,-0.0,29.0,31.22,31.22,0.0,-0.0,29.0,40.825,41.031,-8.0,-0.0,30.0
34.6421,3,fwd,-30.0,12.1,5.438,5.169,16.0,0.0,30.0,-100.0,-100.0,-16.0,0.0,30.0,-100.0,-100.0,-8.0,0.0,30.0,-46.4,-30.0,-132.0,7.069,43.0,-90.381,-90.311,-8.0,-0.0,29.0,31.22,31.22,0.0,-0.0,29.0,40.825,41.031,-8.0,-0.0,30.0
34.6953,3,fwd,-30.0,12.1,5.438,5.169,16.0,0.0,30.0,-100.0,-100.0,-16.0,0.0,30.0,-100.0,-100.0,-8.0,0.0,30.0,-45.867,-30.0,-132.0,8.571,43.0,-90.381,-90.311,-8.0,-0.0,29.0,31.22,31.22,0.0,-0.0,29.0,40.825,41.031,-8.0,-0.0,30.0
34.7484,3,fwd,-30.0,12.1,5.438,5.169,16.0,0.0,30.0,-100.0,-100.0,-16.0,0.0,30.0,-100.0,-100.0,-8.0,0.0,30.0,-45.733,-30.0,-132.0,5.711,43.0,-90.381,-90.311,-8.0,-0.0,29.0,31.22,31.22,0.0,-0.0,29.0,40.825,41.031,-8.0,-0.0,30.0
34.8015,3,fwd,-30.0,12.1,5.438,5.169,16.0,0.0,30.0,-100.0,-100.0,-16.0,0.0,30.0,-100.0,-100.0,-8.0,0.0,30.0,-45.2,-30.0,-132.0,7.446,43.0,-90.381,-90.311,-8.0,-0.0,29.0,31.22,31.22,0.0,-0.0,29.0,40.825,41.031,-8.0,-0.0,30.0
34.8546,3,fwd,-30.0,12.1,5.438,5.169,16.0,0.0,30.0,-100.0,-100.0,-16.0,0.0,30.0,-100.0,-100.0,-8.0,0.0,30.0,-45.067,-30.0,-132.0,6.696,43.0,-90.381,-90.311,-8.0,-0.0,29.0,31.22,31.22,0.0,-0.0,29.0,40.825,41.031,-8.0,-0.0,30.0
34.9091,3,fwd,-30.0,12.1,5.438,5.169,16.0,0.0,30.0,-100.0,-100.0,-16.0,0.0,30.0,-100.0,-100.0,-8.0,0.0,30.0,-44.533,-30.0,-152.0,7.35,30.0,-90.381,-90.311,-8.0,-0.0,29.0,31.22,31.22,0.0,-0.0,29.0,40.825,41.031,-8.0,-0.0,30.0
34.9624,3,fwd,-30.0,12.1,5.438,5.169,16.0,0.0,30.0,-100.0,-100.0,-16.0,0.0,30.0,-100.0,-100.0,-8.0,0.0,30.0,-44.133,-30.0,-152.0,7.051,30.0,-90.381,-90.311,-8.0,-0.0,29.0,31.22,31.22,0.0,-0.0,29.0,40.825,41.031,-8.0,-0.0,30.0
35.0148,3,fwd,-30.0,12.1,5.438,5.169,16.0,0.0,30.0,-100.0,-100.0,-16.0,0.0,30.0,-100.0,-100.0,-8.0,0.0,30.0,-43.467,-30.0,-152.0,9.524,30.0,-90.381,-90.311,-8.0,-0.0,29.0,31.22,31.22,0.0,-0.0,29.0,40.825,41.031,-8.0,-0.0,30.0
35.068,3,fwd,-30.0,12.1,5.438,5.169,16.0,0.0,30.0,-100.0,-100.0,-16.0,0.0,30.0,-100.0,-100.0,-8.0,0.0,30.0,-43.2,-30.0,-152.0,7.636,30.0,-90.381,-90.311,-8.0,-0.0,29.0,31.22,31.22,0.0,-0.0,29.0,40.825,41.031,-8.0,-0.0,30.0
35.121,3,fwd,-30.0,12.1,5.438,5.169,16.0,0.0,30.0,-100.0,-100.0,-16.0,0.0,30.0,-100.0,-100.0,-8.0,0.0,30.0,-42.8,-30.0,-152.0,7.342,30.0,-90.381,-90.311,-8.0,-0.0,29.0,31.22,31.22,0.0,-0.0,29.0,40.825,41.031,-8.0,-0.0,30.0
35.1733,3,fwd,-30.0,12.1,5.438,5.169,16.0,0.0,30.0,-100.0,-100.0,-16.0,0.0,30.0,-100.0,-100.0,-8.0,0.0,30.0,-42.667,-30.0,-152.0,5.087,30.0,-90.381,-90.311,-8.0,-0.0,29.0,31.22,31.22,0.0,-0.0,29.0,40.825,41.031,-8.0,-0.0,30.0
35.2257,3,fwd,-30.0,12.1,5.438,5.169,16.0,0.0,30.0,-100.0,-100.0,-16.0,0.0,30.0,-100.0,-100.0,-8.0,0.0,30.0,-42.0,-30.0,-152.0,8.643,30.0,-90.381,-90.311,-8.0,-0.0,29.0,31.22,31.22,0.0,-0.0,29.0,40.825,41.031,-8.0,-0.0,30.0
35.2778,3,fwd,-30.0,12.1,5.438,5.169,16.0,0.0,30.0,-100.0,-100.0,-16.0,0.0,30.0,-100.0,-100.0,-8.0,0.0,30.0,-41.867,-30.0,-152.0,5.729,30.0,-90.381,-90.311,-8.0,-0.0,29.0,31.22,31.22,0.0,-0.0,29.0,40.825,41.031,-8.0,-0.0,30.0
35.3311,3,fwd,-30.0,12.1,5.438,5.169,16.0,0.0,30.0,-100.0,-100.0,-16.0,0.0,30.0,-100.0,-100.0,-8.0,0.0,30.0,-41.2,-30.0,-152.0,8.951,30.0,-90.381,-90.311,-8.0,-0.0,29.0,31.22,31.22,0.0,-0.0,29.0,40.825,41.031,-8.0,-0.0,30.0
35.3842,3,fwd,-30.0,12.1,5.438,5.169,16.0,0.0,30.0,-100.0,-100.0,-16.0,0.0,30.0,-100.0,-100.0,-8.0,0.0,30.0,-40.667,-30.0,-152.0,9.47,30.0,-90.381,-90.311,-8.0,-0.0,29.0,31.22,31.22,0.0,-0.0,29.0,40.825,41.031,-8.0,-0.0,30.0
35.4375,3,fwd,-30.0,12.1,5.438,5.169,16.0,0.0,30.0,-100.0,-100.0,-16.0,0.0,30.0,-100.0,-100.0,-8.0,0.0,30.0,-40.4,-30.0,-152.0,9.62,30.0,-90.381,-90.311,-8.0,-0.0,29.0,31.22,31.22,0.0,-0.0,29.0,40.825,41.031,-8.0,-0.0,30.0
35.4897,3,fwd,-30.0,12.1,5.438,5.169,16.0,0.0,30.0,-100.0,-100.0,-16.0,0.0,30.0,-100.0,-100.0,-8.0,0.0,30.0,-39.867,-30.0,-152.0,7.694,30.0,-90.381,-90.311,-8.0,-0.0,29.0,31.22,31.22,0.0,-0.0,29.0,40.825,41.031,-8.0,-0.0,30.0
35.5429,3,fwd,-30.0,12.1,5.438,5.169,16.0,0.0,30.0,-100.0,-100.0,-16.0,0.0,30.0,-100.0,-100.0,-8.0,0.0,30.0,-39.6,-30.0,-152.0,6.328,30.0,-90.381,-90.311,-8.0,-0.0,29.0,31.22,31.22,0.0,-0.0,29.0,40.825,41.031,-8.0,-0.0,30.0
35.5949,3,fwd,-30.0,12.1,5.438,5.169,16.0,0.0,30.0,-100.0,-100.0,-16.0,0.0,30.0,-100.0,-100.0,-8.0,0.0,30.0,-39.2,-30.0,-152.0,7.585,30.0,-90.381,-90.311,-8.0,-0.0,29.0,31.22,31.22,0.0,-0.0,29.0,40.825,41.031,-8.0,-0.0,30.0
35.648,3,fwd,-30.0,12.1,5.438,5.169,16.0,0.0,30.0,-100.0,-100.0,-16.0,0.0,30.0,-100.0,-100.0,-8.0,0.0,30.0,-38.8,-30.0,-152.0,7.314,30.0,-90.381,-90.311,-8.0,-0.0,29.0,31.22,31.22,0.0,-0.0,29.0,40.825,41.031,-8.0,-0.0,30.0
35.7014,3,fwd,-30.0,12.1,5.438,5.169,16.0,0.0,30.0,-100.0,-100.0,-16.0,0.0,30.0,-100.0,-100.0,-8.0,0.0,30.0,-38.4,-30.0,-152.0,8.068,30.0,-90.381,-90.311,-8.0,-0.0,29.0,31.22,31.22,0.0,-0.0,29.0,40.825,41.031,-8.0,-0.0,30.0
35.7545,3,fwd,-30.0,12.1,5.438,5.169,16.0,0.0,30.0,-100.0,-100.0,-16.0,0.0,30.0,-100.0,-100.0,-8.0,0.0,30.0,-37.867,-30.0,-152.0,8.606,30.0,-90.381,-90.311,-8.0,-0.0,29.0,31.22,31.22,0.0,-0.0,29.0,40.825,41.031,-8.0,-0.0,30.0
35.8074,3,fwd,-30.0,12.1,5.438,5.169,16.0,0.0,30.0,-100.0,-100.0,-16.0,0.0,30.0,-100.0,-100.0,-8.0,0.0,30.0,-37.333,-30.0,-152.0,8.866,30.0,-90.381,-90.311,-8.0,-0.0,29.0,31.22,31.22,0.0,-0.0,29.0,40.825,41.031,-8.0,-0.0,30.0
35.8597,3,fwd,-30.0,12.1,5.438,5.169,16.0,0.0,30.0,-100.0,-100.0,-16.0,0.0,30.0,-100.0,-100.0,-8.0,0.0,30.0,-36.8,-30.0,-152.0,9.774,30.0,-90.381,-90.311,-8.0,-0.0,29.0,31.22,31.22,0.0,-0.0,29.0,40.825,41.031,-8.0,-0.0,30.0
35.9141,3,fwd,-30.0,12.1,5.438,5.169,16.0,0.0,30.0,-100.0,-100.0,-16.0,0.0,30.0,-100.0,-100.0,-8.0,0.0,30.0,-36.533,-30.0,-152.0,7.307,30.0,-90.381,-90.311,-8.0,-0.0,29.0,31.22,31.22,0.0,-0.0,29.0,40.825,41.031,-8.0,-0.0,30.0
35.9675,3,fwd,-30.0,12.1,5.438,5.169,16.0,0.0,30.0,-100.0,-100.0,-16.0,0.0,30.0,-100.0,-100.0,-8.0,0.0,30.0,-36.533,-30.0,-152.0,3.58,30.0,-90.381,-90.311,-8.0,-0.0,29.0,31.22,31.22,0.0,-0.0,29.0,40.825,41.031,-8.0,-0.0,30.0
36.0197,3,fwd,-30.0,12.1,5.438,5.169,16.0,0.0,30.0,-100.0,-100.0,-16.0,0.0,30.0,-100.0,-100.0,-8.0,0.0,30.0,-36.533,-30.0,-184.0,3.58,30.0,-90.381,-90.311,-8.0,-0.0,29.0,31.22,31.22,0.0,-0.0,29.0,40.825,41.031,-8.0,-0.0,30.0
36.0732,3,fwd,-30.0,12.1,5.438,5.169,16.0,0.0,30.0,-100.0,-100.0,-16.0,0.0,30.0,-100.0,-100.0,-8.0,0.0,30.0,-35.733,-30.0,-184.0,5.598,30.0,-90.381,-90.311,-8.0,-0.0,29.0,31.22,31.22,0.0,-0.0,29.0,40.825,41.031,-8.0,-0.0,30.0
36.1267,3,fwd,-30.0,12.1,5.438,5.169,16.0,0.0,30.0,-100.0,-100.0,-16.0,0.0,30.0,-100.0,-100.0,-8.0,0.0,30.0,-35.067,-30.0,-184.0,9.782,30.0,-90.381,-90.311,-8.0,-0.0,29.0,31.22,31.22,0.0,-0.0,29.0,40.825,41.031,-8.0,-0.0,30.0
36.1801,3,fwd,-30.0,12.1,5.438,5.169,16.0,0.0,30.0,-100.0,-100.0,-16.0,0.0,30.0,-100.0,-100.0,-8.0,0.0,30.0,-34.533,-30.0,-184.0,9.648,30.0,-90.381,-90.311,-8.0,-0.0,29.0,31.22,31.22,0.0,-0.0,29.0,40.825,41.031,-8.0,-0.0,30.0
36.2326,3,fwd,-30.0,12.1,5.438,5.169,16.0,0.0,30.0,-100.0,-100.0,-16.0,0.0,30.0,-100.0,-100.0,-8.0,0.0,30.0,-34.133,-30.0,-184.0,8.322,30.0,-90.381,-90.311,-8.0,-0.0,29.0,31.22,31.22,0.0,-0.0,29.0,40.825,41.031,-8.0,-0.0,30.0
36.2856,3,fwd,-30.0,12.1,5.438,5.169,16.0,0.0,30.0,-100.0,-100.0,-16.0,0.0,30.0,-100.0,-100.0,-8.0,0.0,30.0,-33.6,-30.0,-184.0,9.623,30.0,-90.381,-90.311,-8.0,-0.0,29.0,31.22,31.22,0.0,-0.0,29.0,40.825,41.031,-8.0,-0.0,30.0
36.3377,3,hold_end,-30.0,12.1,5.438,5.169,16.0,0.0,30.0,-100.0,-100.0,-16.0,0.0,30.0,-100.0,-100.0,-8.0,0.0,30.0,-33.467,-30.0,-184.0,5.765,30.0,-90.381,-90.311,-8.0,-0.0,29.0,31.22,31.22,0.0,-0.0,29.0,40.825,41.031,-8.0,-0.0,30.0
36.3898,3,hold_end,-30.0,12.1,5.438,5.169,16.0,0.0,30.0,-100.0,-100.0,-16.0,0.0,30.0,-100.0,-100.0,-8.0,0.0,30.0,-33.2,-30.0,-184.0,5.84,30.0,-90.381,-90.311,-8.0,-0.0,29.0,31.22,31.22,0.0,-0.0,29.0,40.825,41.031,-8.0,-0.0,30.0
36.4422,3,hold_end,-30.0,12.1,5.438,5.169,16.0,0.0,30.0,-100.0,-100.0,-16.0,0.0,30.0,-100.0,-100.0,-8.0,0.0,30.0,-32.8,-30.0,-184.0,5.989,30.0,-90.381,-90.311,-8.0,-0.0,29.0,31.22,31.22,0.0,-0.0,29.0,40.825,41.031,-8.0,-0.0,30.0
36.4947,3,hold_end,-30.0,12.1,5.438,5.169,16.0,0.0,30.0,-100.0,-100.0,-16.0,0.0,30.0,-100.0,-100.0,-8.0,0.0,30.0,-32.8,-30.0,-184.0,2.934,30.0,-90.381,-90.311,-8.0,-0.0,29.0,31.22,31.22,0.0,-0.0,29.0,40.825,41.031,-8.0,-0.0,30.0
36.5485,3,hold_end,-30.0,12.1,5.438,5.169,16.0,0.0,30.0,-100.0,-100.0,-16.0,0.0,30.0,-100.0,-100.0,-8.0,0.0,30.0,-32.8,-30.0,-184.0,1.438,30.0,-90.381,-90.311,-8.0,-0.0,29.0,31.22,31.22,0.0,-0.0,29.0,40.825,41.031,-8.0,-0.0,30.0
36.6021,3,hold_end,-30.0,12.1,5.438,5.169,16.0,0.0,30.0,-100.0,-100.0,-16.0,0.0,30.0,-100.0,-100.0,-8.0,0.0,30.0,-32.8,-30.0,-168.0,1.007,30.0,-90.381,-90.311,-8.0,-0.0,29.0,31.22,31.22,0.0,-0.0,29.0,40.825,41.031,-8.0,-0.0,30.0
36.6553,3,hold_end,-30.0,12.1,5.438,5.169,16.0,0.0,30.0,-100.0,-100.0,-16.0,0.0,30.0,-100.0,-100.0,-8.0,0.0,30.0,-32.8,-30.0,-168.0,0.493,30.0,-90.381,-90.311,-8.0,-0.0,29.0,31.22,31.22,0.0,-0.0,29.0,40.825,41.031,-8.0,-0.0,30.0
36.7077,3,hold_end,-30.0,12.1,5.528,5.169,16.0,1.0,30.0,-100.0,-100.0,-16.0,0.0,30.0,-100.0,-100.0,-8.0,0.0,30.0,-32.8,-30.0,-168.0,0.242,30.0,-90.381,-90.311,-8.0,-0.0,29.0,31.22,31.22,0.0,-0.0,29.0,40.825,41.031,-8.0,-0.0,30.0
36.7609,3,hold_end,-30.0,12.1,5.528,5.169,16.0,0.49,30.0,-100.0,-100.0,-16.0,0.0,30.0,-100.0,-100.0,-8.0,0.0,30.0,-32.8,-30.0,-168.0,0.118,30.0,-90.381,-90.311,-8.0,-0.0,29.0,31.22,31.22,0.0,-0.0,29.0,40.825,41.031,-8.0,-0.0,30.0
36.8128,3,hold_end,-30.0,12.1,5.528,5.169,16.0,0.24,30.0,-100.0,-100.0,-16.0,0.0,30.0,-100.0,-100.0,-8.0,0.0,30.0,-32.8,-30.0,-168.0,0.058,30.0,-90.381,-90.311,-8.0,-0.0,29.0,31.22,31.22,0.0,-0.0,29.0,40.825,41.031,-8.0,-0.0,30.0
36.8648,3,hold_end,-30.0,12.1,5.528,5.169,16.0,0.168,30.0,-100.0,-100.0,-16.0,0.0,30.0,-100.0,-100.0,-8.0,0.0,30.0,-32.8,-30.0,-168.0,0.041,30.0,-90.381,-90.311,-8.0,-0.0,29.0,31.22,31.22,0.0,-0.0,29.0,40.825,41.031,-8.0,-0.0,30.0
36.9197,3,hold_end,-30.0,12.1,5.528,5.169,16.0,0.082,30.0,-100.0,-100.0,-16.0,0.0,30.0,-100.0,-100.0,-8.0,0.0,30.0,-32.8,-30.0,-168.0,0.02,30.0,-90.381,-90.311,-8.0,-0.0,29.0,31.22,31.22,0.0,-0.0,29.0,40.825,41.031,-8.0,-0.0,30.0
36.973,3,hold_end,-30.0,12.1,5.528,5.169,16.0,0.04,30.0,-100.0,-100.0,-16.0,0.0,30.0,-100.0,-100.0,-8.0,0.0,30.0,-32.8,-30.0,-168.0,0.01,30.0,-90.381,-90.311,-8.0,-0.0,29.0,31.22,31.22,0.0,-0.0,29.0,40.825,41.031,-8.0,-0.0,30.0
37.0264,3,hold_end,-30.0,12.1,5.528,5.169,16.0,0.02,30.0,-100.0,-100.0,-16.0,0.0,30.0,-100.0,-100.0,-8.0,0.0,30.0,-32.8,-30.0,-168.0,0.005,30.0,-90.381,-90.311,-8.0,-0.0,29.0,31.22,31.22,0.0,-0.0,29.0,40.825,41.031,-8.0,-0.0,30.0
37.0796,3,hold_end,-30.0,12.1,5.528,5.169,16.0,0.01,30.0,-100.0,-100.0,-16.0,0.0,30.0,-100.0,-100.0,-8.0,0.0,30.0,-32.8,-30.0,-168.0,0.002,30.0,-90.381,-90.311,-8.0,-0.0,29.0,31.22,31.22,0.0,-0.0,29.0,40.825,41.031,-8.0,-0.0,30.0
37.1319,3,hold_end,-30.0,12.1,5.528,5.169,16.0,0.005,30.0,-100.0,-100.0,-16.0,0.0,30.0,-100.0,-100.0,-8.0,0.0,30.0,-32.8,-30.0,-168.0,0.001,30.0,-90.381,-90.311,-8.0,-0.0,29.0,31.22,31.22,0.0,-0.0,29.0,40.825,41.031,-8.0,-0.0,30.0
37.1849,3,hold_end,-30.0,12.0,5.528,5.169,24.0,0.003,30.0,-100.0,-100.0,-16.0,0.0,30.0,-100.0,-100.0,-8.0,0.0,30.0,-32.8,-30.0,-168.0,0.001,30.0,-90.381,-90.311,-8.0,-0.0,29.0,31.22,31.22,0.0,-0.0,29.0,40.825,41.031,-8.0,-0.0,30.0
37.2381,3,hold_end,-30.0,12.0,5.528,5.169,24.0,0.002,30.0,-100.0,-100.0,-16.0,0.0,30.0,-100.0,-100.0,-8.0,0.0,30.0,-32.8,-30.0,-168.0,0.0,30.0,-90.381,-90.311,-8.0,-0.0,29.0,31.22,31.22,0.0,-0.0,29.0,40.825,41.031,-8.0,-0.0,30.0
37.2913,3,hold_end,-30.0,12.0,5.528,5.169,24.0,0.001,30.0,-100.0,-100.0,-16.0,0.0,30.0,-100.0,-100.0,-8.0,0.0,30.0,-32.8,-30.0,-168.0,0.0,30.0,-90.381,-90.311,-8.0,-0.0,29.0,31.22,31.22,0.0,-0.0,29.0,40.825,41.031,-8.0,-0.0,30.0
37.3428,3,rev,-80.0,12.0,5.528,5.169,24.0,0.0,30.0,-100.0,-100.0,-16.0,0.0,30.0,-100.0,-100.0,-8.0,0.0,30.0,-32.8,-30.0,-168.0,0.0,30.0,-90.381,-90.311,-8.0,-0.0,29.0,31.22,31.22,0.0,-0.0,29.0,40.825,41.031,-8.0,-0.0,30.0
37.3961,3,rev,-80.0,12.0,5.528,5.169,24.0,0.0,30.0,-100.0,-100.0,-16.0,0.0,30.0,-100.0,-100.0,-8.0,0.0,30.0,-32.8,-80.0,-168.0,0.0,30.0,-90.381,-90.311,-8.0,-0.0,29.0,31.22,31.22,0.0,-0.0,29.0,40.825,41.031,-8.0,-0.0,30.0
37.4494,3,rev,-80.0,12.0,5.528,5.169,24.0,0.0,30.0,-100.0,-100.0,-16.0,0.0,30.0,-100.0,-100.0,-8.0,0.0,30.0,-32.8,-80.0,-168.0,0.0,30.0,-90.381,-90.311,-8.0,-0.0,29.0,31.22,31.22,0.0,-0.0,29.0,40.825,41.031,-8.0,-0.0,30.0
37.5026,3,rev,-80.0,12.0,5.528,5.169,24.0,0.0,30.0,-100.0,-100.0,-16.0,0.0,30.0,-100.0,-100.0,-8.0,0.0,30.0,-32.8,-80.0,-168.0,0.0,30.0,-90.381,-90.311,-8.0,-0.0,29.0,31.22,31.22,0.0,-0.0,29.0,40.825,41.031,-8.0,-0.0,30.0
37.5561,3,rev,-80.0,12.0,5.528,5.169,24.0,0.0,30.0,-100.0,-100.0,-16.0,0.0,30.0,-100.0,-100.0,-8.0,0.0,30.0,-32.8,-80.0,-168.0,0.0,30.0,-90.381,-90.311,-8.0,-0.0,29.0,31.22,31.22,0.0,-0.0,29.0,40.825,41.031,-8.0,-0.0,30.0
37.6094,3,rev,-80.0,12.0,5.528,5.169,24.0,0.0,30.0,-100.0,-100.0,-16.0,0.0,30.0,-100.0,-100.0,-8.0,0.0,30.0,-32.8,-80.0,-168.0,0.0,30.0,-90.381,-90.311,-8.0,-0.0,29.0,31.22,31.22,0.0,-0.0,29.0,40.825,41.031,-8.0,-0.0,30.0
37.6625,3,rev,-80.0,12.0,5.528,5.169,24.0,0.0,30.0,-100.0,-100.0,-16.0,0.0,30.0,-100.0,-100.0,-8.0,0.0,30.0,-33.067,-80.0,-168.0,-2.536,30.0,-90.381,-90.311,-8.0,-0.0,29.0,31.22,31.22,0.0,-0.0,29.0,40.825,41.031,-8.0,-0.0,30.0
37.7156,3,rev,-80.0,12.0,5.528,5.169,24.0,0.0,30.0,-100.0,-100.0,-16.0,0.0,30.0,-100.0,-100.0,-8.0,0.0,30.0,-33.2,-80.0,-168.0,-3.276,30.0,-90.381,-90.311,-8.0,-0.0,29.0,31.22,31.22,0.0,-0.0,29.0,40.825,41.031,-8.0,-0.0,30.0
37.7678,3,rev,-80.0,12.2,5.528,5.169,24.0,0.0,30.0,-100.0,-100.0,-16.0,0.0,30.0,-100.0,-100.0,-8.0,0.0,30.0,-33.6,-80.0,-28.0,-4.309,30.0,-90.381,-90.311,-8.0,-0.0,29.0,31.22,31.22,0.0,-0.0,29.0,40.825,41.031,-8.0,-0.0,30.0
37.821,3,rev,-80.0,12.2,5.528,5.169,24.0,0.0,30.0,-100.0,-100.0,-16.0,0.0,30.0,-100.0,-100.0,-8.0,0.0,30.0,-33.867,-80.0,-28.0,-4.573,30.0,-90.381,-90.311,-8.0,-0.0,29.0,31.22,31.22,0.0,-0.0,29.0,40.825,41.031,-8.0,-0.0,30.0
37.8717,3,rev,-80.0,12.2,5.528,5.169,24.0,0.0,30.0,-100.0,-100.0,-16.0,0.0,30.0,-100.0,-100.0,-8.0,0.0,30.0,-34.267,-80.0,-28.0,-6.303,30.0,-90.381,-90.311,-8.0,-0.0,29.0,31.22,31.22,0.0,-0.0,29.0,40.825,41.031,-8.0,-0.0,30.0
37.9252,3,rev,-80.0,12.2,5.528,5.169,24.0,0.0,30.0,-100.0,-100.0,-16.0,0.0,30.0,-100.0,-100.0,-8.0,0.0,30.0,-34.667,-80.0,-28.0,-6.672,30.0,-90.381,-90.311,-8.0,-0.0,29.0,31.22,31.22,0.0,-0.0,29.0,40.825,41.031,-8.0,-0.0,30.0
37.9786,3,rev,-80.0,12.2,5.528,5.169,24.0,0.0,30.0,-100.0,-100.0,-16.0,0.0,30.0,-100.0,-100.0,-8.0,0.0,30.0,-35.2,-80.0,-28.0,-8.784,30.0,-90.381,-90.311,-8.0,-0.0,29.0,31.22,31.22,0.0,-0.0,29.0,40.825,41.031,-8.0,-0.0,30.0
38.0307,3,rev,-80.0,12.2,5.528,5.169,24.0,0.0,30.0,-100.0,-100.0,-16.0,0.0,30.0,-100.0,-100.0,-8.0,0.0,30.0,-35.6,-80.0,-28.0,-8.323,30.0,-90.381,-90.311,-8.0,-0.0,29.0,31.22,31.22,0.0,-0.0,29.0,40.825,41.031,-8.0,-0.0,30.0
38.0828,3,rev,-80.0,12.2,5.528,5.169,24.0,0.0,30.0,-100.0,-100.0,-16.0,0.0,30.0,-100.0,-100.0,-8.0,0.0,30.0,-36.0,-80.0,-28.0,-8.065,30.0,-90.381,-90.311,-8.0,-0.0,29.0,31.22,31.22,0.0,-0.0,29.0,40.825,41.031,-8.0,-0.0,30.0
38.136,3,rev,-80.0,12.2,5.528,5.169,24.0,0.0,30.0,-100.0,-100.0,-16.0,0.0,30.0,-100.0,-100.0,-8.0,0.0,30.0,-36.4,-80.0,-28.0,-7.541,30.0,-90.381,-90.311,-8.0,-0.0,29.0,31.22,31.22,0.0,-0.0,29.0,40.825,41.031,-8.0,-0.0,30.0
38.189,3,rev,-80.0,12.2,5.528,5.169,24.0,0.0,30.0,-100.0,-100.0,-16.0,0.0,30.0,-100.0,-100.0,-8.0,0.0,30.0,-36.8,-80.0,-28.0,-7.261,30.0,-90.381,-90.311,-8.0,-0.0,29.0,31.22,31.22,0.0,-0.0,29.0,40.825,41.031,-8.0,-0.0,30.0
38.2421,3,rev,-80.0,12.2,5.528,5.169,24.0,0.0,30.0,-100.0,-100.0,-16.0,0.0,30.0,-100.0,-100.0,-8.0,0.0,30.0,-37.2,-80.0,-28.0,-7.103,30.0,-90.381,-90.311,-8.0,-0.0,29.0,31.22,31.22,0.0,-0.0,29.0,40.825,41.031,-8.0,-0.0,30.0
38.2952,3,rev,-80.0,12.1,5.528,5.169,24.0,0.0,30.0,-100.0,-100.0,-16.0,0.0,30.0,-100.0,-100.0,-8.0,0.0,30.0,-37.333,-80.0,-16.0,-6.469,30.0,-90.381,-90.311,-8.0,-0.0,29.0,31.22,31.22,0.0,-0.0,29.0,40.825,41.031,-8.0,-0.0,30.0
38.3486,3,rev,-80.0,12.1,5.528,5.169,24.0,0.0,30.0,-100.0,-100.0,-16.0,0.0,30.0,-100.0,-100.0,-8.0,0.0,30.0,-38.0,-80.0,-16.0,-6.628,30.0,-90.381,-90.311,-8.0,-0.0,29.0,31.22,31.22,0.0,-0.0,29.0,40.825,41.031,-8.0,-0.0,30.0
38.4014,3,rev,-80.0,12.1,5.528,5.169,24.0,0.0,30.0,-100.0,-100.0,-16.0,0.0,30.0,-100.0,-100.0,-8.0,0.0,30.0,-38.533,-80.0,-16.0,-8.312,30.0,-90.381,-90.311,-8.0,-0.0,29.0,31.22,31.22,0.0,-0.0,29.0,40.825,41.031,-8.0,-0.0,30.0
38.4545,3,rev,-80.0,12.1,5.528,5.169,24.0,0.0,30.0,-100.0,-100.0,-16.0,0.0,30.0,-100.0,-100.0,-8.0,0.0,30.0,-38.933,-80.0,-16.0,-8.077,30.0,-90.381,-90.311,-8.0,-0.0,29.0,31.22,31.22,0.0,-0.0,29.0,40.825,41.031,-8.0,-0.0,30.0
38.5074,3,rev,-80.0,12.1,5.528,5.169,24.0,0.0,30.0,-100.0,-100.0,-16.0,0.0,30.0,-100.0,-100.0,-8.0,0.0,30.0,-39.333,-80.0,-16.0,-7.54,30.0,-90.381,-90.311,-8.0,-0.0,29.0,31.22,31.22,0.0,-0.0,29.0,40.825,41.031,-8.0,-0.0,30.0
38.5603,3,rev,-80.0,12.1,5.528,5.169,24.0,0.0,30.0,-100.0,-100.0,-16.0,0.0,30.0,-100.0,-100.0,-8.0,0.0,30.0,-39.733,-80.0,-16.0,-7.735,30.0,-90.381,-90.311,-8.0,-0.0,29.0,31.22,31.22,0.0,-0.0,29.0,40.825,41.031,-8.0,-0.0,30.0
38.6132,3,rev,-80.0,12.1,5.528,5.169,24.0,0.0,30.0,-100.0,-100.0,-16.0,0.0,30.0,-100.0,-100.0,-8.0,0.0,30.0,-40.267,-80.0,-16.0,-8.893,30.0,-90.381,-90.311,-8.0,-0.0,29.0,31.22,31.22,0.0,-0.0,29.0,40.825,41.031,-8.0,-0.0,30.0
38.6662,3,rev,-80.0,12.1,5.528,5.169,24.0,0.0,30.0,-100.0,-100.0,-16.0,0.0,30.0,-100.0,-100.0,-8.0,0.0,30.0,-40.4,-80.0,-16.0,-7.706,30.0,-90.381,-90.311,-8.0,-0.0,29.0,31.22,31.22,0.0,-0.0,29.0,40.825,41.031,-8.0,-0.0,30.0
38.7186,3,rev,-80.0,12.1,5.528,5.169,24.0,0.0,30.0,-100.0,-100.0,-16.0,0.0,30.0,-100.0,-100.0,-8.0,0.0,30.0,-40.933,-80.0,-16.0,-8.872,30.0,-90.381,-90.311,-8.0,-0.0,29.0,31.22,31.22,0.0,-0.0,29.0,40.825,41.031,-8.0,-0.0,30.0
38.7718,3,rev,-80.0,12.1,5.528,5.169,24.0,0.0,30.0,-100.0,-100.0,-16.0,0.0,30.0,-100.0,-100.0,-8.0,0.0,30.0,-41.333,-80.0,-16.0,-8.246,30.0,-90.381,-90.311,-8.0,-0.0,29.0,31.22,31.22,0.0,-0.0,29.0,40.825,41.031,-8.0,-0.0,30.0
38.8253,3,rev,-80.0,12.1,5.528,5.169,24.0,0.0,30.0,-100.0,-100.0,-16.0,0.0,30.0,-100.0,-100.0,-8.0,0.0,30.0,-41.733,-80.0,-16.0,-8.043,30.0,-90.381,-90.311,-8.0,-0.0,29.0,31.22,31.22,0.0,-0.0,29.0,40.825,41.031,-8.0,-0.0,30.0
38.8786,3,rev,-80.0,12.2,5.528,5.169,24.0,0.0,30.0,-100.0,-100.0,-16.0,0.0,30.0,-100.0,-100.0,-8.0,0.0,30.0,-41.867,-80.0,-16.0,-7.099,30.0,-90.381,-90.311,-8.0,-0.0,29.0,31.22,31.22,0.0,-0.0,29.0,40.825,41.031,-8.0,-0.0,30.0
38.9318,3,rev,-80.0,12.2,5.528,5.169,24.0,0.0,30.0,-100.0,-100.0,-16.0,0.0,30.0,-100.0,-100.0,-8.0,0.0,30.0,-42.533,-80.0,-16.0,-6.916,30.0,-90.381,-90.311,-8.0,-0.0,29.0,31.22,31.22,0.0,-0.0,29.0,40.825,41.031,-8.0,-0.0,30.0
38.9851,3,rev,-80.0,12.2,5.528,5.169,24.0,0.0,30.0,-100.0,-100.0,-16.0,0.0,30.0,-100.0,-100.0,-8.0,0.0,30.0,-43.067,-80.0,-16.0,-8.481,30.0,-90.381,-90.311,-8.0,-0.0,29.0,31.22,31.22,0.0,-0.0,29.0,40.825,41.031,-8.0,-0.0,30.0
39.0383,3,rev,-80.0,12.2,5.528,5.169,24.0,0.0,30.0,-100.0,-100.0,-16.0,0.0,30.0,-100.0,-100.0,-8.0,0.0,30.0,-43.333,-80.0,-16.0,-6.702,30.0,-90.381,-90.311,-8.0,-0.0,29.0,31.22,31.22,0.0,-0.0,29.0,40.825,41.031,-8.0,-0.0,30.0
39.0911,3,rev,-80.0,12.2,5.528,5.169,24.0,0.0,30.0,-100.0,-100.0,-16.0,0.0,30.0,-100.0,-100.0,-8.0,0.0,30.0,-43.867,-80.0,-16.0,-8.324,30.0,-90.381,-90.311,-8.0,-0.0,29.0,31.22,31.22,0.0,-0.0,29.0,40.825,41.031,-8.0,-0.0,30.0
39.1435,3,rev,-80.0,12.2,5.528,5.169,24.0,0.0,30.0,-100.0,-100.0,-16.0,0.0,30.0,-100.0,-100.0,-8.0,0.0,30.0,-44.267,-80.0,-16.0,-7.64,30.0,-90.381,-90.311,-8.0,-0.0,29.0,31.22,31.22,0.0,-0.0,29.0,40.825,41.031,-8.0,-0.0,30.0
39.1971,3,rev,-80.0,12.2,5.528,5.169,24.0,0.0,30.0,-100.0,-100.0,-16.0,0.0,30.0,-100.0,-100.0,-8.0,0.0,30.0,-44.667,-80.0,-16.0,-7.345,30.0,-90.381,-90.311,-8.0,-0.0,29.0,31.22,31.22,0.0,-0.0,29.0,40.825,41.031,-8.0,-0.0,30.0
39.2505,3,rev,-80.0,12.2,5.528,5.169,24.0,0.0,30.0,-100.0,-100.0,-16.0,0.0,30.0,-100.0,-100.0,-8.0,0.0,30.0,-45.067,-80.0,-16.0,-7.195,30.0,-90.381,-90.311,-8.0,-0.0,29.0,31.22,31.22,0.0,-0.0,29.0,40.825,41.031,-8.0,-0.0,30.0
39.3036,3,rev,-80.0,12.2,5.528,5.169,24.0,0.0,30.0,-100.0,-100.0,-16.0,0.0,30.0,-100.0,-100.0,-8.0,0.0,30.0,-45.6,-80.0,-16.0,-8.611,30.0,-90.381,-90.311,-8.0,-0.0,29.0,31.22,31.22,0.0,-0.0,29.0,40.825,41.031,-8.0,-0.0,30.0
39.356,3,rev,-80.0,12.2,5.528,5.169,24.0,0.0,30.0,-100.0,-100.0,-16.0,0.0,30.0,-100.0,-100.0,-8.0,0.0,30.0,-46.0,-80.0,-16.0,-8.267,30.0,-90.381,-90.311,-8.0,-0.0,29.0,31.22,31.22,0.0,-0.0,29.0,40.825,41.031,-8.0,-0.0,30.0
39.4097,3,rev,-80.0,12.2,5.528,5.169,24.0,0.0,30.0,-100.0,-100.0,-16.0,0.0,30.0,-100.0,-100.0,-8.0,0.0,30.0,-46.4,-80.0,-16.0,-7.612,30.0,-90.381,-90.311,-8.0,-0.0,29.0,31.22,31.22,0.0,-0.0,29.0,40.825,41.031,-8.0,-0.0,30.0
39.4627,3,rev,-80.0,12.2,5.528,5.169,24.0,0.0,30.0,-100.0,-100.0,-16.0,0.0,30.0,-100.0,-100.0,-8.0,0.0,30.0,-46.933,-80.0,-20.0,-7.933,30.0,-90.381,-90.311,-8.0,-0.0,29.0,31.22,31.22,0.0,-0.0,29.0,40.825,41.031,-8.0,-0.0,30.0
39.5156,3,rev,-80.0,12.2,5.528,5.169,24.0,0.0,30.0,-100.0,-100.0,-16.0,0.0,30.0,-100.0,-100.0,-8.0,0.0,30.0,-47.2,-80.0,-20.0,-6.9,30.0,-90.381,-90.311,-8.0,-0.0,29.0,31.22,31.22,0.0,-0.0,29.0,40.825,41.031,-8.0,-0.0,30.0
39.5678,3,rev,-80.0,12.2,5.528,5.169,24.0,0.0,30.0,-100.0,-100.0,-16.0,0.0,30.0,-100.0,-100.0,-8.0,0.0,30.0,-47.6,-80.0,-20.0,-9.315,30.0,-90.381,-90.311,-8.0,-0.0,29.0,31.22,31.22,0.0,-0.0,29.0,40.825,41.031,-8.0,-0.0,30.0
39.6215,3,rev,-80.0,12.2,5.528,5.169,24.0,0.0,30.0,-100.0,-100.0,-16.0,0.0,30.0,-100.0,-100.0,-8.0,0.0,30.0,-47.867,-80.0,-20.0,-6.969,30.0,-90.381,-90.311,-8.0,-0.0,29.0,31.22,31.22,0.0,-0.0,29.0,40.825,41.031,-8.0,-0.0,30.0
39.6754,3,rev,-80.0,12.2,5.528,5.169,24.0,0.0,30.0,-100.0,-100.0,-16.0,0.0,30.0,-100.0,-100.0,-8.0,0.0,30.0,-48.4,-80.0,-20.0,-8.203,30.0,-90.381,-90.311,-8.0,-0.0,29.0,31.22,31.22,0.0,-0.0,29.0,40.825,41.031,-8.0,-0.0,30.0
39.7291,3,rev,-80.0,12.2,5.528,5.169,24.0,0.0,30.0,-100.0,-100.0,-16.0,0.0,30.0,-100.0,-100.0,-8.0,0.0,30.0,-48.933,-80.0,-20.0,-8.885,30.0,-90.381,-90.311,-8.0,-0.0,29.0,31.22,31.22,0.0,-0.0,29.0,40.825,41.031,-8.0,-0.0,30.0
39.7825,3,rev,-80.0,12.2,5.528,5.169,24.0,0.0,30.0,-100.0,-100.0,-16.0,0.0,30.0,-100.0,-100.0,-8.0,0.0,30.0,-49.333,-80.0,-20.0,-8.393,30.0,-90.381,-90.311,-8.0,-0.0,29.0,31.22,31.22,0.0,-0.0,29.0,40.825,41.031,-8.0,-0.0,30.0
39.8348,3,rev,-80.0,12.2,5.528,5.169,24.0,0.0,30.0,-100.0,-100.0,-16.0,0.0,30.0,-100.0,-100.0,-8.0,0.0,30.0,-49.733,-80.0,-20.0,-7.683,30.0,-90.381,-90.311,-8.0,-0.0,29.0,31.22,31.22,0.0,-0.0,29.0,40.825,41.031,-8.0,-0.0,30.0
39.888,3,rev,-80.0,12.2,5.528,5.169,24.0,0.0,30.0,-100.0,-100.0,-16.0,0.0,30.0,-100.0,-100.0,-8.0,0.0,30.0,-50.133,-80.0,-20.0,-7.35,30.0,-90.381,-90.311,-8.0,-0.0,29.0,31.22,31.22,0.0,-0.0,29.0,40.825,41.031,-8.0,-0.0,30.0
39.9421,3,rev,-80.0,12.2,5.528,5.169,24.0,0.0,30.0,-100.0,-100.0,-16.0,0.0,30.0,-100.0,-100.0,-8.0,0.0,30.0,-50.667,-80.0,-20.0,-8.694,30.0,-90.381,-90.311,-8.0,-0.0,29.0,31.22,31.22,0.0,-0.0,29.0,40.825,41.031,-8.0,-0.0,30.0
39.9951,3,rev,-80.0,12.2,5.528,5.169,24.0,0.0,30.0,-100.0,-100.0,-16.0,0.0,30.0,-100.0,-100.0,-8.0,0.0,30.0,-50.933,-80.0,-20.0,-6.824,30.0,-90.381,-90.311,-8.0,-0.0,29.0,31.22,31.22,0.0,-0.0,29.0,40.825,41.031,-8.0,-0.0,30.0
40.0493,3,rev,-80.0,12.2,5.438,5.169,12.0,-0.443,30.0,-100.0,-100.0,-16.0,0.0,30.0,-100.0,-100.0,-8.0,0.0,30.0,-51.467,-80.0,-8.0,-7.406,30.0,-90.381,-90.311,-8.0,-0.0,29.0,31.22,31.22,0.0,-0.0,29.0,40.825,41.031,-8.0,-0.0,30.0
40.1026,3,rev,-80.0,12.2,5.438,5.169,12.0,-0.217,30.0,-100.0,-100.0,-16.0,0.0,30.0,-100.0,-100.0,-8.0,0.0,30.0,-51.733,-80.0,-8.0,-6.149,30.0,-90.381,-90.311,-8.0,-0.0,29.0,31.22,31.22,0.0,-0.0,29.0,40.825,41.031,-8.0,-0.0,30.0
40.1548,3,rev,-80.0,12.2,5.438,5.169,12.0,-0.106,30.0,-100.0,-100.0,-16.0,0.0,30.0,-100.0,-100.0,-8.0,0.0,30.0,-52.267,-80.0,-8.0,-7.669,30.0,-90.381,-90.311,-8.0,-0.0,29.0,31.22,31.22,0.0,-0.0,29.0,40.825,41.031,-8.0,-0.0,30.0
40.2066,3,rev,-80.0,12.2,5.438,5.169,12.0,-0.052,30.0,-100.0,-100.0,-16.0,0.0,30.0,-100.0,-100.0,-8.0,0.0,30.0,-52.667,-80.0,-8.0,-7.353,30.0,-90.381,-90.311,-8.0,-0.0,29.0,31.22,31.22,0.0,-0.0,29.0,40.825,41.031,-8.0,-0.0,30.0
40.2587,3,rev,-80.0,12.2,5.438,5.169,12.0,-0.026,30.0,-100.0,-100.0,-16.0,0.0,30.0,-100.0,-100.0,-8.0,0.0,30.0,-53.2,-80.0,-8.0,-8.718,30.0,-90.381,-90.311,-8.0,-0.0,29.0,31.22,31.22,0.0,-0.0,29.0,40.825,41.031,-8.0,-0.0,30.0
40.3117,3,rev,-80.0,12.2,5.438,5.169,12.0,-0.013,30.0,-100.0,-100.0,-16.0,0.0,30.0,-100.0,-100.0,-8.0,0.0,30.0,-53.6,-80.0,-8.0,-8.303,30.0,-90.381,-90.311,-8.0,-0.0,29.0,31.22,31.22,0.0,-0.0,29.0,40.825,41.031,-8.0,-0.0,30.0
40.3638,3,rev,-80.0,12.2,5.438,5.169,12.0,-0.006,30.0,-100.0,-100.0,-16.0,0.0,30.0,-100.0,-100.0,-8.0,0.0,30.0,-54.0,-80.0,-8.0,-7.671,30.0,-90.381,-90.311,-8.0,-0.0,29.0,31.22,31.22,0.0,-0.0,29.0,40.825,41.031,-8.0,-0.0,30.0
40.4171,3,rev,-80.0,12.2,5.438,5.169,12.0,-0.003,30.0,-100.0,-100.0,-16.0,0.0,30.0,-100.0,-100.0,-8.0,0.0,30.0,-54.4,-80.0,-8.0,-7.37,30.0,-90.381,-90.311,-8.0,-0.0,29.0,31.22,31.22,0.0,-0.0,29.0,40.825,41.031,-8.0,-0.0,30.0
40.4703,3,rev,-80.0,12.2,5.438,5.169,12.0,-0.001,30.0,-100.0,-100.0,-16.0,0.0,30.0,-100.0,-100.0,-8.0,0.0,30.0,-54.8,-80.0,-8.0,-7.201,30.0,-90.381,-90.311,-8.0,-0.0,29.0,31.22,31.22,0.0,-0.0,29.0,40.825,41.031,-8.0,-0.0,30.0
40.5236,3,rev,-80.0,12.2,5.438,5.169,12.0,-0.001,30.0,-100.0,-100.0,-16.0,0.0,30.0,-100.0,-100.0,-8.0,0.0,30.0,-55.333,-80.0,-8.0,-8.604,30.0,-90.381,-90.311,-8.0,-0.0,29.0,31.22,31.22,0.0,-0.0,29.0,40.825,41.031,-8.0,-0.0,30.0
40.5769,3,rev,-80.0,12.2,5.438,5.169,12.0,-0.001,30.0,-100.0,-100.0,-16.0,0.0,30.0,-100.0,-100.0,-8.0,0.0,30.0,-55.467,-80.0,-8.0,-7.521,30.0,-90.381,-90.311,-8.0,-0.0,29.0,31.22,31.22,0.0,-0.0,29.0,40.825,41.031,-8.0,-0.0,30.0
40.6301,3,rev,-80.0,12.2,5.438,5.169,16.0,-0.0,30.0,-100.0,-100.0,-16.0,0.0,30.0,-100.0,-100.0,-8.0,0.0,30.0,-55.867,-80.0,0.0,-7.289,30.0,-90.381,-90.311,-8.0,-0.0,29.0,31.22,31.22,0.0,-0.0,29.0,40.825,41.031,-8.0,-0.0,30.0
40.6836,3,rev,-80.0,12.2,5.438,5.169,16.0,-0.0,30.0,-100.0,-100.0,-16.0,0.0,30.0,-100.0,-100.0,-8.0,0.0,30.0,-56.267,-80.0,0.0,-6.98,30.0,-90.381,-90.311,-8.0,-0.0,29.0,31.22,31.22,0.0,-0.0,29.0,40.825,41.031,-8.0,-0.0,30.0
40.7372,3,rev,-80.0,12.2,5.438,5.169,16.0,-0.0,30.0,-100.0,-100.0,-16.0,0.0,30.0,-100.0,-100.0,-8.0,0.0,30.0,-56.8,-80.0,0.0,-8.451,30.0,-90.381,-90.311,-8.0,-0.0,29.0,31.22,31.22,0.0,-0.0,29.0,40.825,41.031,-8.0,-0.0,30.0
40.7905,3,rev,-80.0,12.2,5.438,5.169,16.0,-0.0,30.0,-100.0,-100.0,-16.0,0.0,30.0,-100.0,-100.0,-8.0,0.0,30.0,-57.2,-80.0,0.0,-7.458,30.0,-90.381,-90.311,-8.0,-0.0,29.0,31.22,31.22,0.0,-0.0,29.0,40.825,41.031,-8.0,-0.0,30.0
40.8428,3,rev,-80.0,12.2,5.438,5.169,16.0,-0.0,30.0,-100.0,-100.0,-16.0,0.0,30.0,-100.0,-100.0,-8.0,0.0,30.0,-57.733,-80.0,0.0,-8.753,30.0,-90.381,-90.311,-8.0,-0.0,29.0,31.22,31.22,0.0,-0.0,29.0,40.825,41.031,-8.0,-0.0,30.0
40.8956,3,rev,-80.0,12.2,5.438,5.169,16.0,-0.0,30.0,-100.0,-100.0,-16.0,0.0,30.0,-100.0,-100.0,-8.0,0.0,30.0,-58.133,-80.0,0.0,-8.354,30.0,-90.381,-90.311,-8.0,-0.0,29.0,31.22,31.22,0.0,-0.0,29.0,40.825,41.031,-8.0,-0.0,30.0
40.9496,3,rev,-80.0,12.2,5.438,5.169,16.0,-0.0,30.0,-100.0,-100.0,-16.0,0.0,30.0,-100.0,-100.0,-8.0,0.0,30.0,-58.533,-80.0,0.0,-8.15,30.0,-90.381,-90.311,-8.0,-0.0,29.0,31.22,31.22,0.0,-0.0,29.0,40.825,41.031,-8.0,-0.0,30.0
41.0025,3,rev,-80.0,12.2,5.438,5.169,16.0,-0.0,30.0,-100.0,-100.0,-16.0,0.0,30.0,-100.0,-100.0,-8.0,0.0,30.0,-59.067,-80.0,0.0,-9.068,30.0,-90.381,-90.311,-8.0,-0.0,29.0,31.22,31.22,0.0,-0.0,29.0,40.825,41.031,-8.0,-0.0,30.0
41.0547,3,rev,-80.0,12.2,5.438,5.169,16.0,-0.0,30.0,-100.0,-100.0,-16.0,0.0,30.0,-100.0,-100.0,-8.0,0.0,30.0,-59.467,-80.0,0.0,-8.521,30.0,-90.381,-90.311,-8.0,-0.0,29.0,31.22,31.22,0.0,-0.0,29.0,40.825,41.031,-8.0,-0.0,30.0
41.1067,3,rev,-80.0,12.2,5.438,5.169,16.0,-0.0,30.0,-100.0,-100.0,-16.0,0.0,30.0,-100.0,-100.0,-8.0,0.0,30.0,-59.867,-80.0,0.0,-8.233,30.0,-90.381,-90.311,-8.0,-0.0,29.0,31.22,31.22,0.0,-0.0,29.0,40.825,41.031,-8.0,-0.0,30.0
41.1589,3,rev,-80.0,12.2,5.438,5.169,16.0,-0.0,30.0,-100.0,-100.0,-16.0,0.0,30.0,-100.0,-100.0,-8.0,0.0,30.0,-60.0,-80.0,4.0,-7.264,30.0,-90.381,-90.311,-8.0,-0.0,29.0,31.22,31.22,0.0,-0.0,29.0,40.825,41.031,-8.0,-0.0,30.0
41.2109,3,rev,-80.0,12.2,5.438,5.169,16.0,-0.0,30.0,-100.0,-100.0,-16.0,0.0,30.0,-100.0,-100.0,-8.0,0.0,30.0,-60.667,-80.0,4.0,-7.024,30.0,-90.381,-90.311,-8.0,-0.0,29.0,31.22,31.22,0.0,-0.0,29.0,40.825,41.031,-8.0,-0.0,30.0
41.264,3,rev,-80.0,12.2,5.438,5.169,16.0,-0.0,30.0,-100.0,-100.0,-16.0,0.0,30.0,-100.0,-100.0,-8.0,0.0,30.0,-61.2,-80.0,4.0,-8.965,30.0,-90.381,-90.311,-8.0,-0.0,29.0,31.22,31.22,0.0,-0.0,29.0,40.825,41.031,-8.0,-0.0,30.0
41.3172,3,rev,-80.0,12.2,5.438,5.169,16.0,-0.0,30.0,-100.0,-100.0,-16.0,0.0,30.0,-100.0,-100.0,-8.0,0.0,30.0,-61.467,-80.0,4.0,-6.943,30.0,-90.381,-90.311,-8.0,-0.0,29.0,31.22,31.22,0.0,-0.0,29.0,40.825,41.031,-8.0,-0.0,30.0
41.3703,3,rev,-80.0,12.2,5.438,5.169,16.0,-0.0,30.0,-100.0,-100.0,-16.0,0.0,30.0,-100.0,-100.0,-8.0,0.0,30.0,-61.867,-80.0,4.0,-6.996,30.0,-90.381,-90.311,-8.0,-0.0,29.0,31.22,31.22,0.0,-0.0,29.0,40.825,41.031,-8.0,-0.0,30.0
41.4228,3,rev,-80.0,12.2,5.438,5.169,16.0,-0.0,30.0,-100.0,-100.0,-16.0,0.0,30.0,-100.0,-100.0,-8.0,0.0,30.0,-62.4,-80.0,4.0,-8.426,30.0,-90.311,-90.311,-8.0,0.54,29.0,31.22,31.22,0.0,-0.0,29.0,40.825,41.031,-8.0,-0.0,30.0
41.4761,3,rev,-80.0,12.2,5.438,5.169,16.0,-0.0,30.0,-100.0,-100.0,-16.0,0.0,30.0,-100.0,-100.0,-8.0,0.0,30.0,-62.8,-80.0,4.0,-8.163,30.0,-90.311,-90.311,-8.0,0.265,29.0,31.22,31.22,0.0,-0.0,29.0,40.825,41.031,-8.0,-0.0,30.0
41.5286,3,rev,-80.0,12.2,5.438,5.169,16.0,-0.0,30.0,-100.0,-100.0,-16.0,0.0,30.0,-100.0,-100.0,-8.0,0.0,30.0,-63.2,-80.0,4.0,-7.984,30.0,-90.311,-90.311,-8.0,0.13,29.0,31.22,31.22,0.0,-0.0,29.0,40.825,41.031,-8.0,-0.0,30.0
41.5819,3,rev,-80.0,12.2,5.438,5.169,16.0,-0.0,30.0,-100.0,-100.0,-16.0,0.0,30.0,-100.0,-100.0,-8.0,0.0,30.0,-63.6,-80.0,4.0,-7.511,30.0,-90.311,-90.311,-8.0,0.064,29.0,31.22,31.22,0.0,-0.0,29.0,40.825,41.031,-8.0,-0.0,30.0
41.6351,3,rev,-80.0,12.2,5.438,5.169,16.0,-0.0,30.0,-100.0,-100.0,-16.0,0.0,30.0,-100.0,-100.0,-8.0,0.0,30.0,-64.0,-80.0,4.0,-7.29,30.0,-90.381,-90.311,-8.0,-0.517,29.0,31.22,31.22,0.0,-0.0,29.0,40.825,41.031,-8.0,-0.0,30.0
41.6883,3,rev,-80.0,12.2,5.438,5.169,16.0,-0.0,30.0,-100.0,-100.0,-16.0,0.0,30.0,-100.0,-100.0,-8.0,0.0,30.0,-64.533,-80.0,4.0,-8.714,30.0,-90.381,-90.311,-8.0,-0.253,29.0,31.22,31.22,0.0,-0.0,29.0,40.825,41.031,-8.0,-0.0,30.0
41.7415,3,rev,-80.0,12.2,5.438,5.169,16.0,-0.0,30.0,-100.0,-100.0,-16.0,0.0,30.0,-100.0,-100.0,-8.0,0.0,30.0,-64.533,-80.0,8.0,-8.714,30.0,-90.381,-90.311,-8.0,-0.253,29.0,31.22,31.22,0.0,-0.0,29.0,40.825,41.031,-8.0,-0.0,30.0
41.7937,3,rev,-80.0,12.2,5.438,5.169,16.0,-0.0,30.0,-100.0,-100.0,-16.0,0.0,30.0,-100.0,-100.0,-8.0,0.0,30.0,-65.067,-80.0,8.0,-7.155,30.0,-90.311,-90.311,-8.0,0.114,29.0,31.22,31.22,0.0,-0.0,29.0,40.825,41.031,-8.0,-0.0,30.0
41.8471,3,rev,-80.0,12.2,5.438,5.169,16.0,-0.0,30.0,-100.0,-100.0,-16.0,0.0,30.0,-100.0,-100.0,-8.0,0.0,30.0,-65.6,-80.0,8.0,-8.432,30.0,-90.311,-90.311,-8.0,0.056,29.0,31.22,31.22,0.0,-0.0,29.0,40.825,41.031,-8.0,-0.0,30.0
41.8991,3,rev,-80.0,12.2,5.438,5.169,16.0,-0.0,30.0,-100.0,-100.0,-16.0,0.0,30.0,-100.0,-100.0,-8.0,0.0,30.0,-66.0,-80.0,8.0,-8.213,30.0,-90.311,-90.311,-8.0,0.027,29.0,31.22,31.22,0.0,-0.0,29.0,40.825,41.031,-8.0,-0.0,30.0
41.9531,3,rev,-80.0,12.2,5.438,5.169,16.0,-0.0,30.0,-100.0,-100.0,-16.0,0.0,30.0,-100.0,-100.0,-8.0,0.0,30.0,-66.4,-80.0,8.0,-7.618,30.0,-90.311,-90.311,-8.0,0.013,29.0,31.22,31.22,0.0,-0.0,29.0,40.825,41.031,-8.0,-0.0,30.0
42.006,3,rev,-80.0,12.2,5.438,5.169,16.0,-0.0,30.0,-100.0,-100.0,-16.0,0.0,30.0,-100.0,-100.0,-8.0,0.0,30.0,-66.8,-80.0,8.0,-7.348,30.0,-90.381,-90.311,-8.0,-0.769,29.0,31.22,31.22,0.0,-0.0,29.0,40.825,41.031,-8.0,-0.0,30.0
42.0605,3,rev,-80.0,12.2,5.438,5.169,16.0,-0.0,30.0,-100.0,-100.0,-16.0,0.0,30.0,-100.0,-100.0,-8.0,0.0,30.0,-67.333,-80.0,8.0,-8.73,30.0,-90.381,-90.311,-8.0,-0.377,29.0,31.22,31.22,0.0,-0.0,29.0,40.825,41.031,-8.0,-0.0,30.0
42.113,3,rev,-80.0,12.2,5.438,5.169,16.0,-0.0,30.0,-100.0,-100.0,-16.0,0.0,30.0,-100.0,-100.0,-8.0,0.0,30.0,-67.733,-80.0,8.0,-8.326,30.0,-90.381,-90.311,-8.0,-0.185,29.0,31.22,31.22,0.0,-0.0,29.0,40.825,41.031,-8.0,-0.0,30.0
42.1662,3,rev,-80.0,12.2,5.438,5.169,16.0,-0.0,30.0,-100.0,-100.0,-16.0,0.0,30.0,-100.0,-100.0,-8.0,0.0,30.0,-68.133,-80.0,8.0,-8.103,30.0,-90.311,-90.311,-8.0,0.458,29.0,31.22,31.22,0.0,-0.0,29.0,40.825,41.031,-8.0,-0.0,30.0
42.2193,3,rev,-80.0,12.2,5.438,5.169,16.0,-0.0,30.0,-100.0,-100.0,-16.0,0.0,30.0,-100.0,-100.0,-8.0,0.0,30.0,-68.533,-80.0,8.0,-7.576,30.0,-90.311,-90.311,-8.0,0.224,29.0,31.22,31.22,0.0,-0.0,29.0,40.825,41.031,-8.0,-0.0,30.0
42.2723,3,rev,-80.0,12.2,5.438,5.169,16.0,-0.0,30.0,-100.0,-100.0,-16.0,0.0,30.0,-100.0,-100.0,-8.0,0.0,30.0,-68.933,-80.0,8.0,-7.317,30.0,-90.311,-90.311,-8.0,0.11,29.0,31.22,31.22,0.0,-0.0,29.0,40.825,41.031,-8.0,-0.0,30.0
42.3246,3,rev,-80.0,12.2,5.438,5.169,16.0,-0.0,30.0,-100.0,-100.0,-16.0,0.0,30.0,-100.0,-100.0,-8.0,0.0,30.0,-69.467,-80.0,12.0,-7.824,30.0,-90.311,-90.311,0.0,0.077,29.0,31.22,31.22,0.0,-0.0,29.0,40.825,41.031,-8.0,-0.0,30.0
42.3775,3,rev,-80.0,12.2,5.438,5.169,16.0,-0.0,30.0,-100.0,-100.0,-16.0,0.0,30.0,-100.0,-100.0,-8.0,0.0,30.0,-69.867,-80.0,12.0,-7.856,30.0,-90.311,-90.311,0.0,0.038,29.0,31.22,31.22,0.0,-0.0,29.0,40.825,41.031,-8.0,-0.0,30.0
42.4306,3,rev,-80.0,12.2,5.438,5.169,16.0,-0.0,30.0,-100.0,-100.0,-16.0,0.0,30.0,-100.0,-100.0,-8.0,0.0,30.0,-70.267,-80.0,12.0,-7.42,30.0,-90.311,-90.311,0.0,0.018,29.0,31.22,31.22,0.0,-0.0,29.0,40.825,41.031,-8.0,-0.0,30.0
42.484,3,rev,-80.0,12.2,5.438,5.169,16.0,-0.0,30.0,-100.0,-100.0,-16.0,0.0,30.0,-100.0,-100.0,-8.0,0.0,30.0,-70.8,-80.0,12.0,-8.728,30.0,-90.381,-90.311,0.0,-0.768,29.0,31.22,31.22,0.0,-0.0,29.0,40.825,41.031,-8.0,-0.0,30.0
42.5373,3,rev,-80.0,12.2,5.438,5.169,16.0,-0.0,30.0,-100.0,-100.0,-16.0,0.0,30.0,-100.0,-100.0,-8.0,0.0,30.0,-71.2,-80.0,12.0,-8.347,30.0,-90.381,-90.311,0.0,-0.376,29.0,31.22,31.22,0.0,-0.0,29.0,40.825,41.031,-8.0,-0.0,30.0
42.5902,3,rev,-80.0,12.2,5.438,5.169,16.0,-0.0,30.0,-100.0,-100.0,-16.0,0.0,30.0,-100.0,-100.0,-8.0,0.0,30.0,-71.6,-80.0,12.0,-8.158,30.0,-90.311,-90.311,0.0,0.359,29.0,31.22,31.22,0.0,-0.0,29.0,40.825,41.031,-8.0,-0.0,30.0
42.6433,3,rev,-80.0,12.2,5.438,5.169,16.0,-0.0,30.0,-100.0,-100.0,-16.0,0.0,30.0,-100.0,-100.0,-8.0,0.0,30.0,-72.0,-80.0,12.0,-8.064,30.0,-90.311,-90.311,0.0,0.176,29.0,31.22,31.22,0.0,-0.0,29.0,40.825,41.031,-8.0,-0.0,30.0
42.6957,3,rev,-80.0,12.2,5.438,5.169,16.0,-0.0,30.0,-100.0,-100.0,-16.0,0.0,30.0,-100.0,-100.0,-8.0,0.0,30.0,-72.4,-80.0,12.0,-7.578,30.0,-90.311,-90.311,0.0,0.086,29.0,31.22,31.22,0.0,-0.0,29.0,40.825,41.031,-8.0,-0.0,30.0
42.7479,3,rev,-80.0,12.2,5.438,5.169,16.0,-0.0,30.0,-100.0,-100.0,-16.0,0.0,30.0,-100.0,-100.0,-8.0,0.0,30.0,-72.933,-80.0,12.0,-9.287,30.0,-90.311,-90.311,0.0,0.042,29.0,31.22,31.22,0.0,-0.0,29.0,40.825,41.031,-8.0,-0.0,30.0
42.8008,3,rev,-80.0,12.2,5.438,5.169,16.0,-0.0,30.0,-100.0,-100.0,-16.0,0.0,30.0,-100.0,-100.0,-8.0,0.0,30.0,-73.333,-80.0,12.0,-8.615,30.0,-90.311,-90.311,0.0,0.021,29.0,31.22,31.22,0.0,-0.0,29.0,40.825,41.031,-8.0,-0.0,30.0
42.8539,3,rev,-80.0,12.2,5.438,5.169,16.0,-0.0,30.0,-100.0,-100.0,-16.0,0.0,30.0,-100.0,-100.0,-8.0,0.0,30.0,-73.467,-80.0,20.0,-7.524,30.0,-90.311,-90.311,0.0,0.014,29.0,31.22,31.22,0.0,-0.0,29.0,40.825,41.031,-8.0,-0.0,30.0
42.9084,3,rev,-80.0,12.2,5.438,5.169,16.0,-0.0,30.0,-100.0,-100.0,-16.0,0.0,30.0,-100.0,-100.0,-8.0,0.0,30.0,-74.133,-80.0,20.0,-7.166,30.0,-90.311,-90.311,0.0,0.007,29.0,31.22,31.22,0.0,-0.0,29.0,40.825,41.031,-8.0,-0.0,30.0
42.964,3,rev,-80.0,12.2,5.438,5.169,16.0,-0.0,30.0,-100.0,-100.0,-16.0,0.0,30.0,-100.0,-100.0,-8.0,0.0,30.0,-74.533,-80.0,20.0,-7.549,30.0,-90.311,-90.311,0.0,0.003,29.0,31.22,31.22,0.0,-0.0,29.0,40.825,41.031,-8.0,-0.0,30.0
43.0174,3,rev,-80.0,12.2,5.438,5.169,16.0,-0.0,30.0,-100.0,-100.0,-16.0,0.0,30.0,-100.0,-100.0,-8.0,0.0,30.0,-74.933,-80.0,20.0,-7.3,30.0,-90.311,-90.311,0.0,0.002,29.0,31.22,31.22,0.0,-0.0,29.0,40.825,41.031,-8.0,-0.0,30.0
43.0705,3,rev,-80.0,12.2,5.438,5.169,16.0,-0.0,30.0,-100.0,-100.0,-16.0,0.0,30.0,-100.0,-100.0,-8.0,0.0,30.0,-75.333,-80.0,20.0,-7.163,30.0,-90.311,-90.311,0.0,0.001,29.0,31.22,31.22,0.0,-0.0,29.0,40.825,41.031,-8.0,-0.0,30.0
43.1235,3,rev,-80.0,12.2,5.438,5.169,16.0,-0.0,30.0,-100.0,-100.0,-16.0,0.0,30.0,-100.0,-100.0,-8.0,0.0,30.0,-75.733,-80.0,20.0,-7.127,30.0,-90.311,-90.311,0.0,0.0,29.0,31.22,31.22,0.0,-0.0,29.0,40.825,41.031,-8.0,-0.0,30.0
43.1758,3,rev,-80.0,12.2,5.438,5.169,16.0,-0.0,30.0,-100.0,-100.0,-16.0,0.0,30.0,-100.0,-100.0,-8.0,0.0,30.0,-76.267,-80.0,20.0,-8.623,30.0,-90.381,-90.311,0.0,-0.784,29.0,31.22,31.22,0.0,-0.0,29.0,40.825,41.031,-8.0,-0.0,30.0
43.2289,3,rev,-80.0,12.2,5.438,5.169,16.0,-0.0,30.0,-100.0,-100.0,-16.0,0.0,30.0,-100.0,-100.0,-8.0,0.0,30.0,-76.667,-80.0,20.0,-8.306,30.0,-90.381,-90.311,0.0,-0.384,29.0,31.22,31.22,0.0,-0.0,29.0,40.825,41.031,-8.0,-0.0,30.0
43.2819,3,rev,-80.0,12.2,5.438,5.169,16.0,-0.0,30.0,-100.0,-100.0,-16.0,0.0,30.0,-100.0,-100.0,-8.0,0.0,30.0,-77.067,-80.0,20.0,-8.128,30.0,-90.311,-90.311,0.0,0.353,29.0,31.22,31.22,0.0,-0.0,29.0,40.825,41.031,-8.0,-0.0,30.0
43.335,3,rev,-80.0,12.2,5.348,5.169,16.0,-1.017,30.0,-100.0,-100.0,-16.0,0.0,30.0,-100.0,-100.0,-8.0,0.0,30.0,-77.467,-80.0,20.0,-8.057,30.0,-90.311,-90.311,0.0,0.173,29.0,31.22,31.22,0.0,-0.0,29.0,40.825,41.031,-8.0,-0.0,30.0
43.388,3,rev,-80.0,12.2,5.348,5.169,16.0,-0.498,30.0,-100.0,-100.0,-16.0,0.0,30.0,-100.0,-100.0,-8.0,0.0,30.0,-77.867,-80.0,20.0,-7.548,30.0,-90.311,-90.311,0.0,0.085,29.0,31.22,31.22,0.0,-0.0,29.0,40.825,41.031,-8.0,-0.0,30.0
43.4413,3,rev,-80.0,12.2,5.348,5.169,8.0,-0.498,30.0,-100.0,-100.0,-16.0,0.0,30.0,-100.0,-100.0,-8.0,0.0,30.0,-77.867,-80.0,12.0,-7.548,30.0,-90.311,-90.311,0.0,0.085,29.0,31.22,31.22,0.0,-0.0,29.0,40.825,41.031,-8.0,-0.0,30.0
43.4945,3,rev,-80.0,12.2,5.348,5.169,8.0,-0.244,30.0,-100.0,-100.0,-16.0,0.0,30.0,-100.0,-100.0,-8.0,0.0,30.0,-78.4,-80.0,12.0,-6.601,30.0,-90.311,-90.311,0.0,0.042,29.0,31.22,31.22,0.0,-0.0,29.0,40.825,41.031,-8.0,-0.0,30.0
43.5469,3,rev,-80.0,12.2,5.348,5.169,8.0,-0.12,30.0,-100.0,-100.0,-16.0,0.0,30.0,-100.0,-100.0,-8.0,0.0,30.0,-78.933,-80.0,12.0,-8.156,30.0,-90.311,-90.311,0.0,0.02,29.0,31.22,31.22,0.0,-0.0,29.0,40.825,41.031,-8.0,-0.0,30.0
43.6001,3,hold_start,-80.0,12.2,5.348,5.169,8.0,-0.059,30.0,-100.0,-100.0,-16.0,0.0,30.0,-100.0,-100.0,-8.0,0.0,30.0,-79.467,-80.0,12.0,-8.929,30.0,-90.311,-90.311,0.0,0.01,29.0,31.22,31.22,0.0,-0.0,29.0,40.825,41.031,-8.0,-0.0,30.0
43.6534,3,hold_start,-80.0,12.2,5.348,5.169,8.0,-0.029,30.0,-100.0,-100.0,-16.0,0.0,30.0,-100.0,-100.0,-8.0,0.0,30.0,-79.733,-80.0,12.0,-6.917,30.0,-90.311,-90.311,0.0,0.005,29.0,31.22,31.22,0.0,-0.0,29.0,40.825,41.031,-8.0,-0.0,30.0
43.7058,3,hold_start,-80.0,12.2,5.348,5.169,8.0,-0.014,30.0,-100.0,-100.0,-16.0,0.0,30.0,-100.0,-100.0,-8.0,0.0,30.0,-79.867,-80.0,12.0,-4.432,30.0,-90.311,-90.311,0.0,0.002,29.0,31.22,31.22,0.0,-0.0,29.0,40.825,41.031,-8.0,-0.0,30.0
43.7589,3,hold_start,-80.0,12.2,5.348,5.169,8.0,-0.007,30.0,-100.0,-100.0,-16.0,0.0,30.0,-100.0,-100.0,-8.0,0.0,30.0,-80.0,-80.0,12.0,-3.673,30.0,-90.311,-90.311,0.0,0.001,29.0,31.22,31.22,0.0,-0.0,29.0,40.825,41.031,-8.0,-0.0,30.0
43.812,3,hold_start,-80.0,12.2,5.348,5.169,8.0,-0.003,30.0,-100.0,-100.0,-16.0,0.0,30.0,-100.0,-100.0,-8.0,0.0,30.0,-80.0,-80.0,12.0,-1.8,30.0,-90.311,-90.311,0.0,0.001,29.0,31.22,31.22,0.0,-0.0,29.0,40.825,41.031,-8.0,-0.0,30.0
43.8651,3,hold_start,-80.0,12.2,5.348,5.169,8.0,-0.002,30.0,-100.0,-100.0,-16.0,0.0,30.0,-100.0,-100.0,-8.0,0.0,30.0,-80.0,-80.0,12.0,-0.882,30.0,-90.311,-90.311,0.0,0.0,29.0,31.22,31.22,0.0,-0.0,29.0,40.825,41.031,-8.0,-0.0,30.0
43.9181,3,hold_start,-80.0,12.2,5.348,5.169,8.0,-0.001,30.0,-100.0,-100.0,-16.0,0.0,30.0,-100.0,-100.0,-8.0,0.0,30.0,-80.0,-80.0,12.0,-0.432,30.0,-90.311,-90.311,0.0,0.0,29.0,31.22,31.22,0.0,-0.0,29.0,40.825,41.031,-8.0,-0.0,30.0
43.972,3,hold_start,-80.0,12.2,5.348,5.169,8.0,-0.0,30.0,-100.0,-100.0,-16.0,0.0,30.0,-100.0,-100.0,-8.0,0.0,30.0,-80.0,-80.0,12.0,-0.212,30.0,-90.311,-90.311,0.0,0.0,29.0,31.22,31.22,0.0,-0.0,29.0,40.825,41.031,-8.0,-0.0,30.0
44.0252,3,hold_start,-80.0,12.2,5.258,5.169,8.0,-0.449,30.0,-100.0,-100.0,-16.0,0.0,30.0,-100.0,-100.0,-8.0,0.0,30.0,-80.0,-80.0,0.0,-0.148,30.0,-90.311,-90.311,0.0,0.0,29.0,31.22,31.22,0.0,-0.0,29.0,40.825,41.031,-8.0,-0.0,30.0
44.0784,3,hold_start,-80.0,12.2,5.258,5.169,8.0,-0.22,30.0,-100.0,-100.0,-16.0,0.0,30.0,-100.0,-100.0,-8.0,0.0,30.0,-80.0,-80.0,0.0,-0.073,30.0,-90.311,-90.311,0.0,0.0,29.0,31.22,31.22,0.0,-0.0,29.0,40.825,41.031,-8.0,-0.0,30.0
44.1321,3,hold_start,-80.0,12.2,5.258,5.169,8.0,-0.108,30.0,-100.0,-100.0,-16.0,0.0,30.0,-100.0,-100.0,-8.0,0.0,30.0,-80.0,-80.0,0.0,-0.036,30.0,-90.311,-90.311,0.0,0.0,29.0,31.22,31.22,0.0,-0.0,29.0,40.825,41.031,-8.0,-0.0,30.0
44.1851,3,hold_start,-80.0,12.2,5.258,5.169,8.0,-0.053,30.0,-100.0,-100.0,-16.0,0.0,30.0,-100.0,-100.0,-8.0,0.0,30.0,-80.0,-80.0,0.0,-0.017,30.0,-90.311,-90.311,0.0,0.0,29.0,31.22,31.22,0.0,-0.0,29.0,40.825,41.031,-8.0,-0.0,30.0
44.2385,3,hold_start,-80.0,12.2,5.258,5.169,8.0,-0.026,30.0,-100.0,-100.0,-16.0,0.0,30.0,-100.0,-100.0,-8.0,0.0,30.0,-80.0,-80.0,0.0,-0.009,30.0,-90.311,-90.311,0.0,0.0,29.0,31.22,31.22,0.0,-0.0,29.0,40.825,41.031,-8.0,-0.0,30.0
44.2916,3,hold_start,-80.0,12.2,5.258,5.169,8.0,-0.013,30.0,-100.0,-100.0,-16.0,0.0,30.0,-100.0,-100.0,-8.0,0.0,30.0,-80.0,-80.0,0.0,-0.004,30.0,-90.311,-90.311,0.0,0.0,29.0,31.22,31.22,0.0,-0.0,29.0,40.825,41.031,-8.0,-0.0,30.0
44.3438,3,hold_start,-80.0,12.2,5.258,5.169,8.0,-0.006,30.0,-100.0,-100.0,-16.0,0.0,30.0,-100.0,-100.0,-8.0,0.0,30.0,-80.0,-80.0,0.0,-0.002,30.0,-90.311,-90.311,0.0,0.0,29.0,31.22,31.22,0.0,-0.0,29.0,40.825,41.031,-8.0,-0.0,30.0
44.3969,3,hold_start,-80.0,12.2,5.258,5.169,8.0,-0.003,30.0,-100.0,-100.0,-16.0,0.0,30.0,-100.0,-100.0,-8.0,0.0,30.0,-80.0,-80.0,0.0,-0.001,30.0,-90.311,-90.311,0.0,0.0,29.0,31.22,31.22,0.0,-0.0,29.0,40.825,41.031,-8.0,-0.0,30.0
44.45,3,hold_start,-80.0,12.2,5.258,5.169,8.0,-0.001,30.0,-100.0,-100.0,-16.0,0.0,30.0,-100.0,-100.0,-8.0,0.0,30.0,-80.0,-80.0,0.0,-0.0,30.0,-90.311,-90.311,0.0,0.0,29.0,31.22,31.22,0.0,-0.0,29.0,40.825,41.031,-8.0,-0.0,30.0
44.503,3,hold_start,-80.0,12.2,5.258,5.169,8.0,-0.001,30.0,-100.0,-100.0,-16.0,0.0,30.0,-100.0,-100.0,-8.0,0.0,30.0,-80.0,-80.0,0.0,-0.0,30.0,-90.311,-90.311,0.0,0.0,29.0,31.22,31.22,0.0,-0.0,29.0,40.825,41.031,-8.0,-0.0,30.0
44.5561,3,hold_start,-80.0,12.2,5.258,5.169,0.0,-0.001,30.0,-100.0,-100.0,-16.0,0.0,30.0,-100.0,-100.0,-8.0,0.0,30.0,-80.0,-80.0,0.0,-0.0,30.0,-90.311,-90.311,0.0,0.0,29.0,31.22,31.22,0.0,-0.0,29.0,40.825,41.031,-8.0,-0.0,30.0
