t,cycle,leg,target,volt,shoulder_pitch_q,shoulder_pitch_cmd,shoulder_pitch_i,shoulder_pitch_cur,shoulder_pitch_qd,shoulder_pitch_temp,shoulder_yaw_q,shoulder_yaw_cmd,shoulder_yaw_i,shoulder_yaw_cur,shoulder_yaw_qd,shoulder_yaw_temp,shoulder_roll_q,shoulder_roll_cmd,shoulder_roll_i,shoulder_roll_cur,shoulder_roll_qd,shoulder_roll_temp,elbow_flex_q,elbow_flex_cmd,elbow_flex_i,elbow_flex_cur,elbow_flex_qd,elbow_flex_temp,wrist_roll_q,wrist_roll_cmd,wrist_roll_i,wrist_roll_cur,wrist_roll_qd,wrist_roll_temp,wrist_yaw_q,wrist_yaw_cmd,wrist_yaw_i,wrist_yaw_cur,wrist_yaw_qd,wrist_yaw_temp,wrist_pitch_q,wrist_pitch_cmd,wrist_pitch_i,wrist_pitch_cur,wrist_pitch_qd,wrist_pitch_temp
-0.0435,0,approach,-95.0,12.2,5.169,5.169,0.0,0.0,-0.0,31.0,-100.0,-100.0,-8.0,0.0,0.0,31.0,-100.0,-100.0,0.0,0.0,-0.0,31.0,-80.267,-80.0,-16.0,0.0,-0.0,32.0,-90.311,-90.311,0.0,0.0,0.0,31.0,31.22,31.22,0.0,0.0,-0.0,31.0,40.619,40.825,-8.0,0.0,0.0,33.0
0.0094,0,approach,-95.0,12.2,5.169,5.169,0.0,0.0,-0.0,31.0,-100.0,-100.0,-8.0,0.0,0.0,31.0,-100.0,-100.0,0.0,0.0,-0.0,31.0,-80.267,-95.0,-16.0,0.0,-0.0,32.0,-90.311,-90.311,0.0,0.0,0.0,31.0,31.22,31.22,0.0,0.0,-0.0,31.0,40.619,40.825,-8.0,0.0,0.0,33.0
0.0616,0,approach,-95.0,12.2,5.169,5.169,0.0,0.0,-0.0,31.0,-100.0,-100.0,-8.0,0.0,0.0,31.0,-100.0,-100.0,0.0,0.0,-0.0,31.0,-80.267,-95.0,-16.0,0.0,-0.0,32.0,-90.311,-90.311,0.0,0.0,0.0,31.0,31.22,31.22,0.0,0.0,-0.0,31.0,40.619,40.825,-8.0,0.0,0.0,33.0
0.1152,0,approach,-95.0,12.2,5.169,5.169,0.0,0.0,-0.0,31.0,-100.0,-100.0,-8.0,0.0,0.0,31.0,-100.0,-100.0,0.0,0.0,-0.0,31.0,-80.533,-95.0,-16.0,0.0,-2.995,32.0,-90.311,-90.311,0.0,0.0,0.0,31.0,31.22,31.22,0.0,0.0,-0.0,31.0,40.619,40.825,-8.0,0.0,0.0,33.0
0.1676,0,approach,-95.0,12.2,5.169,5.169,0.0,0.0,-0.0,31.0,-100.0,-100.0,-8.0,0.0,0.0,31.0,-100.0,-100.0,0.0,0.0,-0.0,31.0,-80.8,-95.0,-16.0,0.0,-4.024,32.0,-90.311,-90.311,0.0,0.0,0.0,31.0,31.22,31.22,0.0,0.0,-0.0,31.0,40.619,40.825,-8.0,0.0,0.0,33.0
0.2206,0,approach,-95.0,12.2,5.169,5.169,0.0,0.0,-0.0,31.0,-100.0,-100.0,-8.0,0.0,0.0,31.0,-100.0,-100.0,0.0,0.0,-0.0,31.0,-81.067,-95.0,-16.0,0.0,-4.526,32.0,-90.311,-90.311,0.0,0.0,0.0,31.0,31.22,31.22,0.0,0.0,-0.0,31.0,40.619,40.825,-8.0,0.0,0.0,33.0
0.2745,0,approach,-95.0,12.2,5.169,5.169,0.0,0.0,-0.0,31.0,-100.0,-100.0,-8.0,0.0,0.0,31.0,-100.0,-100.0,0.0,0.0,-0.0,31.0,-81.333,-95.0,-16.0,0.0,-4.768,32.0,-90.311,-90.311,0.0,0.0,0.0,31.0,31.22,31.22,0.0,0.0,-0.0,31.0,40.619,40.825,-8.0,0.0,0.0,33.0
0.3273,0,approach,-95.0,12.2,5.169,5.169,0.0,0.0,-0.0,31.0,-100.0,-100.0,-8.0,0.0,0.0,31.0,-100.0,-100.0,0.0,0.0,-0.0,31.0,-81.6,-95.0,-16.0,0.0,-4.888,32.0,-90.311,-90.311,0.0,0.0,0.0,31.0,31.22,31.22,0.0,0.0,-0.0,31.0,40.619,40.825,-8.0,0.0,0.0,33.0
0.3805,0,approach,-95.0,12.2,5.169,5.169,0.0,0.0,-0.0,31.0,-100.0,-100.0,-8.0,0.0,0.0,31.0,-100.0,-100.0,0.0,0.0,-0.0,31.0,-81.867,-95.0,-16.0,0.0,-4.893,32.0,-90.311,-90.311,0.0,0.0,0.0,31.0,31.22,31.22,0.0,0.0,-0.0,31.0,40.619,40.825,-8.0,0.0,0.0,33.0
0.4327,0,approach,-95.0,12.2,5.169,5.169,0.0,0.0,-0.0,31.0,-100.0,-100.0,-8.0,0.0,0.0,31.0,-100.0,-100.0,0.0,0.0,-0.0,31.0,-82.0,-95.0,-16.0,0.0,-3.43,32.0,-90.311,-90.311,0.0,0.0,0.0,31.0,31.22,31.22,0.0,0.0,-0.0,31.0,40.619,40.825,-8.0,0.0,0.0,33.0
0.486,0,approach,-95.0,12.2,5.169,5.169,0.0,0.0,-0.0,31.0,-100.0,-100.0,-8.0,0.0,0.0,31.0,-100.0,-100.0,0.0,0.0,-0.0,31.0,-82.133,-95.0,-16.0,0.0,-3.895,32.0,-90.311,-90.311,0.0,0.0,0.0,31.0,31.22,31.22,0.0,0.0,-0.0,31.0,40.619,40.825,-8.0,0.0,0.0,33.0
0.5392,0,approach,-95.0,12.2,5.169,5.169,0.0,0.0,-0.0,31.0,-100.0,-100.0,-8.0,0.0,0.0,31.0,-100.0,-100.0,0.0,0.0,-0.0,31.0,-82.267,-95.0,4.0,0.0,-3.397,32.0,-90.311,-90.311,0.0,0.0,0.0,31.0,31.22,31.22,0.0,0.0,-0.0,31.0,40.619,40.825,-8.0,0.0,0.0,33.0
0.5921,0,approach,-95.0,12.2,5.169,5.169,0.0,0.0,-0.0,31.0,-100.0,-100.0,-8.0,0.0,0.0,31.0,-100.0,-100.0,0.0,0.0,-0.0,31.0,-82.667,-95.0,4.0,0.0,-5.215,32.0,-90.311,-90.311,0.0,0.0,0.0,31.0,31.22,31.22,0.0,0.0,-0.0,31.0,40.619,40.825,-8.0,0.0,0.0,33.0
0.6447,0,approach,-95.0,12.2,5.169,5.169,0.0,0.0,-0.0,31.0,-100.0,-100.0,-8.0,0.0,0.0,31.0,-100.0,-100.0,0.0,0.0,-0.0,31.0,-82.933,-95.0,4.0,0.0,-5.11,32.0,-90.311,-90.311,0.0,0.0,0.0,31.0,31.22,31.22,0.0,0.0,-0.0,31.0,40.619,40.825,-8.0,0.0,0.0,33.0
0.6982,0,approach,-95.0,12.2,5.169,5.169,0.0,0.0,-0.0,31.0,-100.0,-100.0,-8.0,0.0,0.0,31.0,-100.0,-100.0,0.0,0.0,-0.0,31.0,-83.2,-95.0,4.0,0.0,-4.959,32.0,-90.311,-90.311,0.0,0.0,0.0,31.0,31.22,31.22,0.0,0.0,-0.0,31.0,40.619,40.825,-8.0,0.0,0.0,33.0
0.7519,0,approach,-95.0,12.2,5.169,5.169,0.0,0.0,-0.0,31.0,-100.0,-100.0,-8.0,0.0,0.0,31.0,-100.0,-100.0,0.0,0.0,-0.0,31.0,-83.333,-95.0,4.0,0.0,-3.46,32.0,-90.311,-90.311,0.0,0.0,0.0,31.0,31.22,31.22,0.0,0.0,-0.0,31.0,40.619,40.825,-8.0,0.0,0.0,33.0
0.8052,0,approach,-95.0,12.2,5.169,5.169,0.0,0.0,-0.0,31.0,-100.0,-100.0,-8.0,0.0,0.0,31.0,-100.0,-100.0,0.0,0.0,-0.0,31.0,-83.6,-95.0,4.0,0.0,-4.243,32.0,-90.311,-90.311,0.0,0.0,0.0,31.0,31.22,31.22,0.0,0.0,-0.0,31.0,40.619,40.825,-8.0,0.0,0.0,33.0
0.8586,0,approach,-95.0,12.2,5.169,5.169,0.0,0.0,-0.0,31.0,-100.0,-100.0,-8.0,0.0,0.0,31.0,-100.0,-100.0,0.0,0.0,-0.0,31.0,-83.867,-95.0,4.0,0.0,-4.634,32.0,-90.311,-90.311,0.0,0.0,0.0,31.0,31.22,31.22,0.0,0.0,-0.0,31.0,40.619,40.825,-8.0,0.0,0.0,33.0
0.9122,0,approach,-95.0,12.2,5.169,5.169,0.0,0.0,-0.0,31.0,-100.0,-100.0,-8.0,0.0,0.0,31.0,-100.0,-100.0,0.0,0.0,-0.0,31.0,-84.0,-95.0,4.0,0.0,-3.75,32.0,-90.311,-90.311,0.0,0.0,0.0,31.0,31.22,31.22,0.0,0.0,-0.0,31.0,40.619,40.825,-8.0,0.0,0.0,33.0
0.9646,0,approach,-95.0,12.2,5.169,5.169,0.0,0.0,-0.0,31.0,-100.0,-100.0,-8.0,0.0,0.0,31.0,-100.0,-100.0,0.0,0.0,-0.0,31.0,-84.267,-95.0,4.0,0.0,-4.405,32.0,-90.311,-90.311,0.0,0.0,0.0,31.0,31.22,31.22,0.0,0.0,-0.0,31.0,40.619,40.825,-8.0,0.0,0.0,33.0
1.0167,0,approach,-95.0,12.2,5.169,5.169,0.0,0.0,-0.0,31.0,-100.0,-100.0,-8.0,0.0,0.0,31.0,-100.0,-100.0,0.0,0.0,-0.0,31.0,-84.533,-95.0,4.0,0.0,-4.719,32.0,-90.311,-90.311,0.0,0.0,0.0,31.0,31.22,31.22,0.0,0.0,-0.0,31.0,40.619,40.825,-8.0,0.0,0.0,33.0
1.07,0,approach,-95.0,12.2,5.169,5.169,0.0,0.0,-0.0,31.0,-100.0,-100.0,-8.0,0.0,0.0,31.0,-100.0,-100.0,0.0,0.0,-0.0,31.0,-84.667,-95.0,32.0,2.0,-4.806,32.0,-90.311,-90.311,0.0,0.0,0.0,31.0,31.22,31.22,0.0,0.0,-0.0,31.0,40.619,40.825,-8.0,0.0,0.0,33.0
1.1233,0,approach,-95.0,12.2,5.169,5.169,0.0,0.0,-0.0,31.0,-100.0,-100.0,-8.0,0.0,0.0,31.0,-100.0,-100.0,0.0,0.0,-0.0,31.0,-84.933,-95.0,32.0,2.0,-4.347,32.0,-90.311,-90.311,0.0,0.0,0.0,31.0,31.22,31.22,0.0,0.0,-0.0,31.0,40.619,40.825,-8.0,0.0,0.0,33.0
1.1766,0,approach,-95.0,12.2,5.169,5.169,0.0,0.0,-0.0,31.0,-100.0,-100.0,-8.0,0.0,0.0,31.0,-100.0,-100.0,0.0,0.0,-0.0,31.0,-85.333,-95.0,32.0,2.0,-6.179,32.0,-90.311,-90.311,0.0,0.0,0.0,31.0,31.22,31.22,0.0,0.0,-0.0,31.0,40.619,40.825,-8.0,0.0,0.0,33.0
1.2299,0,approach,-95.0,12.2,5.169,5.169,0.0,0.0,-0.0,31.0,-100.0,-100.0,-8.0,0.0,0.0,31.0,-100.0,-100.0,0.0,0.0,-0.0,31.0,-85.6,-95.0,32.0,2.0,-5.575,32.0,-90.311,-90.311,0.0,0.0,0.0,31.0,31.22,31.22,0.0,0.0,-0.0,31.0,40.619,40.825,-8.0,0.0,0.0,33.0
1.284,0,approach,-95.0,12.2,5.169,5.169,0.0,0.0,-0.0,31.0,-100.0,-100.0,-8.0,0.0,0.0,31.0,-100.0,-100.0,0.0,0.0,-0.0,31.0,-85.867,-95.0,32.0,2.0,-5.734,32.0,-90.311,-90.311,0.0,0.0,0.0,31.0,31.22,31.22,0.0,0.0,-0.0,31.0,40.619,40.825,-8.0,0.0,0.0,33.0
1.3374,0,approach,-95.0,12.2,5.169,5.169,0.0,0.0,-0.0,31.0,-100.0,-100.0,-8.0,0.0,0.0,31.0,-100.0,-100.0,0.0,0.0,-0.0,31.0,-86.133,-95.0,32.0,2.0,-5.31,32.0,-90.311,-90.311,0.0,0.0,0.0,31.0,31.22,31.22,0.0,0.0,-0.0,31.0,40.619,40.825,-8.0,0.0,0.0,33.0
1.3897,0,approach,-95.0,12.2,5.169,5.169,0.0,0.0,-0.0,31.0,-100.0,-100.0,-8.0,0.0,0.0,31.0,-100.0,-100.0,0.0,0.0,-0.0,31.0,-86.4,-95.0,32.0,2.0,-5.15,32.0,-90.311,-90.311,0.0,0.0,0.0,31.0,31.22,31.22,0.0,0.0,-0.0,31.0,40.619,40.825,-8.0,0.0,0.0,33.0
1.4431,0,approach,-95.0,12.2,5.169,5.169,0.0,0.0,-0.0,31.0,-100.0,-100.0,-8.0,0.0,0.0,31.0,-100.0,-100.0,0.0,0.0,-0.0,31.0,-86.533,-95.0,32.0,2.0,-4.017,32.0,-90.311,-90.311,0.0,0.0,0.0,31.0,31.22,31.22,0.0,0.0,-0.0,31.0,40.619,40.825,-8.0,0.0,0.0,33.0
1.496,0,approach,-95.0,12.2,5.169,5.169,0.0,0.0,-0.0,31.0,-100.0,-100.0,-8.0,0.0,0.0,31.0,-100.0,-100.0,0.0,0.0,-0.0,31.0,-86.8,-95.0,32.0,2.0,-4.515,32.0,-90.311,-90.311,0.0,0.0,0.0,31.0,31.22,31.22,0.0,0.0,-0.0,31.0,40.619,40.825,-8.0,0.0,0.0,33.0
1.549,0,approach,-95.0,12.2,5.169,5.169,0.0,0.0,-0.0,31.0,-100.0,-100.0,-8.0,0.0,0.0,31.0,-100.0,-100.0,0.0,0.0,-0.0,31.0,-87.067,-95.0,32.0,2.0,-4.775,32.0,-90.311,-90.311,0.0,0.0,0.0,31.0,31.22,31.22,0.0,0.0,-0.0,31.0,40.619,40.825,-8.0,0.0,0.0,33.0
1.602,0,approach,-95.0,12.2,5.169,5.169,0.0,0.0,-0.0,31.0,-100.0,-100.0,-8.0,0.0,0.0,31.0,-100.0,-100.0,0.0,0.0,-0.0,31.0,-87.333,-95.0,32.0,2.0,-4.891,32.0,-90.311,-90.311,0.0,0.0,0.0,31.0,31.22,31.22,0.0,0.0,-0.0,31.0,40.619,40.825,-8.0,0.0,0.0,33.0
1.6551,0,approach,-95.0,12.2,5.169,5.169,0.0,0.0,-0.0,31.0,-100.0,-100.0,-8.0,0.0,0.0,31.0,-100.0,-100.0,0.0,0.0,-0.0,31.0,-87.6,-95.0,40.0,3.0,-4.758,33.0,-90.311,-90.311,0.0,0.0,0.0,31.0,31.22,31.22,0.0,0.0,-0.0,31.0,40.619,40.825,-8.0,0.0,0.0,33.0
1.7084,0,approach,-95.0,12.2,5.169,5.169,0.0,0.0,-0.0,31.0,-100.0,-100.0,-8.0,0.0,0.0,31.0,-100.0,-100.0,0.0,0.0,-0.0,31.0,-87.867,-95.0,40.0,3.0,-5.339,33.0,-90.311,-90.311,0.0,0.0,0.0,31.0,31.22,31.22,0.0,0.0,-0.0,31.0,40.619,40.825,-8.0,0.0,0.0,33.0
1.7615,0,approach,-95.0,12.2,5.169,5.169,0.0,0.0,-0.0,31.0,-100.0,-100.0,-8.0,0.0,0.0,31.0,-100.0,-100.0,0.0,0.0,-0.0,31.0,-88.133,-95.0,40.0,3.0,-5.154,33.0,-90.311,-90.311,0.0,0.0,0.0,31.0,31.22,31.22,0.0,0.0,-0.0,31.0,40.619,40.825,-8.0,0.0,0.0,33.0
1.8147,0,approach,-95.0,12.2,5.169,5.169,0.0,0.0,-0.0,31.0,-100.0,-100.0,-8.0,0.0,0.0,31.0,-100.0,-100.0,0.0,0.0,-0.0,31.0,-88.4,-95.0,40.0,3.0,-5.072,33.0,-90.311,-90.311,0.0,0.0,0.0,31.0,31.22,31.22,0.0,0.0,-0.0,31.0,40.619,40.825,-8.0,0.0,0.0,33.0
1.8676,0,approach,-95.0,12.2,5.169,5.169,0.0,0.0,-0.0,31.0,-100.0,-100.0,-8.0,0.0,0.0,31.0,-100.0,-100.0,0.0,0.0,-0.0,31.0,-88.667,-95.0,40.0,3.0,-5.0,33.0,-90.311,-90.311,0.0,0.0,0.0,31.0,31.22,31.22,0.0,0.0,-0.0,31.0,40.619,40.825,-8.0,0.0,0.0,33.0
1.9212,0,approach,-95.0,12.2,5.169,5.169,0.0,0.0,-0.0,31.0,-100.0,-100.0,-8.0,0.0,0.0,31.0,-100.0,-100.0,0.0,0.0,-0.0,31.0,-88.933,-95.0,40.0,3.0,-4.97,33.0,-90.311,-90.311,0.0,0.0,0.0,31.0,31.22,31.22,0.0,0.0,-0.0,31.0,40.619,40.825,-8.0,0.0,0.0,33.0
1.9746,0,approach,-95.0,12.2,5.169,5.169,0.0,0.0,-0.0,31.0,-100.0,-100.0,-8.0,0.0,0.0,31.0,-100.0,-100.0,0.0,0.0,-0.0,31.0,-89.2,-95.0,40.0,3.0,-4.988,33.0,-90.311,-90.311,0.0,0.0,0.0,31.0,31.22,31.22,0.0,0.0,-0.0,31.0,40.619,40.825,-8.0,0.0,0.0,33.0
2.0267,0,approach,-95.0,12.2,5.169,5.169,0.0,0.0,-0.0,31.0,-100.0,-100.0,-8.0,0.0,0.0,31.0,-100.0,-100.0,0.0,0.0,-0.0,31.0,-89.333,-95.0,40.0,3.0,-4.987,33.0,-90.311,-90.311,0.0,0.0,0.0,31.0,31.22,31.22,0.0,0.0,-0.0,31.0,40.619,40.825,-8.0,0.0,0.0,33.0
2.08,0,approach,-95.0,12.2,5.169,5.169,0.0,0.0,-0.0,31.0,-100.0,-100.0,-8.0,0.0,0.0,31.0,-100.0,-100.0,0.0,0.0,-0.0,31.0,-89.6,-95.0,40.0,3.0,-4.885,33.0,-90.311,-90.311,0.0,0.0,0.0,31.0,31.22,31.22,0.0,0.0,-0.0,31.0,40.619,40.825,-8.0,0.0,0.0,33.0
2.1332,0,approach,-95.0,12.2,5.169,5.169,0.0,0.0,-0.0,31.0,-100.0,-100.0,-8.0,0.0,0.0,31.0,-100.0,-100.0,0.0,0.0,-0.0,31.0,-90.0,-95.0,40.0,3.0,-6.336,33.0,-90.311,-90.311,0.0,0.0,0.0,31.0,31.22,31.22,0.0,0.0,-0.0,31.0,40.619,40.825,-8.0,0.0,0.0,33.0
2.1857,0,approach,-95.0,12.2,5.169,5.169,0.0,0.0,-0.0,31.0,-100.0,-100.0,-8.0,0.0,0.0,31.0,-100.0,-100.0,0.0,0.0,-0.0,31.0,-90.267,-95.0,40.0,3.0,-5.554,33.0,-90.311,-90.311,0.0,0.0,0.0,31.0,31.22,31.22,0.0,0.0,-0.0,31.0,40.619,40.825,-8.0,0.0,0.0,33.0
2.2388,0,approach,-95.0,12.2,5.169,5.169,0.0,0.0,-0.0,31.0,-100.0,-100.0,-8.0,0.0,0.0,31.0,-100.0,-100.0,0.0,0.0,-0.0,31.0,-90.4,-95.0,40.0,3.0,-4.552,32.0,-90.311,-90.311,0.0,0.0,0.0,31.0,31.22,31.22,0.0,0.0,-0.0,31.0,40.619,40.825,-8.0,0.0,0.0,33.0
2.2926,0,approach,-95.0,12.2,5.169,5.169,0.0,0.0,-0.0,31.0,-100.0,-100.0,-8.0,0.0,0.0,31.0,-100.0,-100.0,0.0,0.0,-0.0,31.0,-90.667,-95.0,40.0,3.0,-4.79,32.0,-90.311,-90.311,0.0,0.0,0.0,31.0,31.22,31.22,0.0,0.0,-0.0,31.0,40.619,40.825,-8.0,0.0,0.0,33.0
2.3454,0,approach,-95.0,12.2,5.169,5.169,0.0,0.0,-0.0,31.0,-100.0,-100.0,-8.0,0.0,0.0,31.0,-100.0,-100.0,0.0,0.0,-0.0,31.0,-91.067,-95.0,40.0,3.0,-5.963,32.0,-90.311,-90.311,0.0,0.0,0.0,31.0,31.22,31.22,0.0,0.0,-0.0,31.0,40.619,40.825,-8.0,0.0,0.0,33.0
2.3985,0,approach,-95.0,12.2,5.169,5.169,0.0,0.0,-0.0,31.0,-100.0,-100.0,-8.0,0.0,0.0,31.0,-100.0,-100.0,0.0,0.0,-0.0,31.0,-91.2,-95.0,40.0,3.0,-3.962,32.0,-90.311,-90.311,0.0,0.0,0.0,31.0,31.22,31.22,0.0,0.0,-0.0,31.0,40.619,40.825,-8.0,0.0,0.0,33.0
2.4519,0,approach,-95.0,12.2,5.169,5.169,0.0,0.0,-0.0,31.0,-100.0,-100.0,-8.0,0.0,0.0,31.0,-100.0,-100.0,0.0,0.0,-0.0,31.0,-91.6,-95.0,40.0,3.0,-5.987,32.0,-90.311,-90.311,0.0,0.0,0.0,31.0,31.22,31.22,0.0,0.0,-0.0,31.0,40.619,40.825,-8.0,0.0,0.0,33.0
2.5049,0,approach,-95.0,12.2,5.169,5.169,0.0,0.0,-0.0,31.0,-100.0,-100.0,-8.0,0.0,0.0,31.0,-100.0,-100.0,0.0,0.0,-0.0,31.0,-91.867,-95.0,40.0,3.0,-5.442,32.0,-90.311,-90.311,0.0,0.0,0.0,31.0,31.22,31.22,0.0,0.0,-0.0,31.0,40.619,40.825,-8.0,0.0,0.0,33.0
2.5582,0,approach,-95.0,12.2,5.169,5.169,0.0,0.0,-0.0,31.0,-100.0,-100.0,-8.0,0.0,0.0,31.0,-100.0,-100.0,0.0,0.0,-0.0,31.0,-92.133,-95.0,40.0,3.0,-5.219,32.0,-90.311,-90.311,0.0,0.0,0.0,31.0,31.22,31.22,0.0,0.0,-0.0,31.0,40.619,40.825,-8.0,0.0,0.0,33.0
2.6112,0,approach,-95.0,12.2,5.169,5.169,0.0,0.0,-0.0,31.0,-100.0,-100.0,-8.0,0.0,0.0,31.0,-100.0,-100.0,0.0,0.0,-0.0,31.0,-92.4,-95.0,40.0,3.0,-5.076,32.0,-90.311,-90.311,0.0,0.0,0.0,31.0,31.22,31.22,0.0,0.0,-0.0,31.0,40.619,40.825,-8.0,0.0,0.0,33.0
2.6645,0,approach,-95.0,12.2,5.169,5.169,0.0,0.0,-0.0,31.0,-100.0,-100.0,-8.0,0.0,0.0,31.0,-100.0,-100.0,0.0,0.0,-0.0,31.0,-92.667,-95.0,40.0,3.0,-5.018,32.0,-90.311,-90.311,0.0,0.0,0.0,31.0,31.22,31.22,0.0,0.0,-0.0,31.0,40.619,40.825,-8.0,0.0,0.0,33.0
2.7179,0,approach,-95.0,12.2,5.169,5.169,0.0,0.0,-0.0,31.0,-100.0,-100.0,-8.0,0.0,0.0,31.0,-100.0,-100.0,0.0,0.0,-0.0,31.0,-92.933,-95.0,40.0,3.0,-4.98,32.0,-90.311,-90.311,0.0,0.0,0.0,31.0,31.22,31.22,0.0,0.0,-0.0,31.0,40.619,40.825,-8.0,0.0,0.0,33.0
2.7708,0,approach,-95.0,12.2,5.169,5.169,0.0,0.0,-0.0,31.0,-100.0,-100.0,-8.0,0.0,0.0,31.0,-100.0,-100.0,0.0,0.0,-0.0,31.0,-93.067,-95.0,40.0,3.0,-4.978,32.0,-90.311,-90.311,0.0,0.0,0.0,31.0,31.22,31.22,0.0,0.0,-0.0,31.0,40.619,40.825,-8.0,0.0,0.0,33.0
2.8239,0,approach,-95.0,12.2,5.169,5.169,0.0,0.0,-0.0,31.0,-100.0,-100.0,-8.0,0.0,0.0,31.0,-100.0,-100.0,0.0,0.0,-0.0,31.0,-93.2,-95.0,40.0,3.0,-2.938,32.0,-90.311,-90.311,0.0,0.0,0.0,31.0,31.22,31.22,0.0,0.0,-0.0,31.0,40.619,40.825,-8.0,0.0,0.0,33.0
2.8769,0,approach,-95.0,12.2,5.169,5.169,0.0,0.0,-0.0,31.0,-100.0,-100.0,-8.0,0.0,0.0,31.0,-100.0,-100.0,0.0,0.0,-0.0,31.0,-93.6,-95.0,40.0,3.0,-5.002,32.0,-90.311,-90.311,0.0,0.0,0.0,31.0,31.22,31.22,0.0,0.0,-0.0,31.0,40.619,40.825,-8.0,0.0,0.0,33.0
2.9304,0,approach,-95.0,12.2,5.169,5.169,0.0,0.0,-0.0,31.0,-100.0,-100.0,-8.0,0.0,0.0,31.0,-100.0,-100.0,0.0,0.0,-0.0,31.0,-93.867,-95.0,40.0,3.0,-4.972,32.0,-90.311,-90.311,0.0,0.0,0.0,31.0,31.22,31.22,0.0,0.0,-0.0,31.0,40.619,40.825,-8.0,0.0,0.0,33.0
2.984,0,approach,-95.0,12.2,5.169,5.169,0.0,0.0,-0.0,31.0,-100.0,-100.0,-8.0,0.0,0.0,31.0,-100.0,-100.0,0.0,0.0,-0.0,31.0,-94.133,-95.0,40.0,3.0,-4.983,32.0,-90.311,-90.311,0.0,0.0,0.0,31.0,31.22,31.22,0.0,0.0,-0.0,31.0,40.619,40.825,-8.0,0.0,0.0,33.0
3.037,0,approach,-95.0,12.2,5.169,5.169,0.0,0.0,-0.0,31.0,-100.0,-100.0,-8.0,0.0,0.0,31.0,-100.0,-100.0,0.0,0.0,-0.0,31.0,-94.4,-95.0,40.0,3.0,-4.981,32.0,-90.242,-90.311,0.0,0.0,0.775,31.0,31.22,31.22,0.0,0.0,-0.0,31.0,40.619,40.825,-8.0,0.0,0.0,33.0
3.0901,0,approach,-95.0,12.2,5.169,5.169,0.0,0.0,-0.0,31.0,-100.0,-100.0,-8.0,0.0,0.0,31.0,-100.0,-100.0,0.0,0.0,-0.0,31.0,-94.533,-95.0,40.0,3.0,-3.478,32.0,-90.242,-90.311,0.0,0.0,0.38,31.0,31.22,31.22,0.0,0.0,-0.0,31.0,40.619,40.825,-8.0,0.0,0.0,33.0
3.143,0,approach,-95.0,12.2,5.169,5.169,0.0,0.0,-0.0,31.0,-100.0,-100.0,-8.0,0.0,0.0,31.0,-100.0,-100.0,0.0,0.0,-0.0,31.0,-94.533,-95.0,40.0,3.0,-2.434,32.0,-90.242,-90.311,0.0,0.0,0.266,31.0,31.22,31.22,0.0,0.0,-0.0,31.0,40.619,40.825,-8.0,0.0,0.0,33.0
3.1962,0,approach,-95.0,12.2,5.169,5.169,0.0,0.0,-0.0,31.0,-100.0,-100.0,-8.0,0.0,0.0,31.0,-100.0,-100.0,0.0,0.0,-0.0,31.0,-94.533,-95.0,40.0,3.0,-1.193,32.0,-90.311,-90.311,0.0,0.0,-0.649,31.0,31.22,31.22,0.0,0.0,-0.0,31.0,40.619,40.825,-8.0,0.0,0.0,33.0
3.2487,0,approach,-95.0,12.2,5.169,5.169,0.0,0.0,-0.0,31.0,-100.0,-100.0,-8.0,0.0,0.0,31.0,-100.0,-100.0,0.0,0.0,-0.0,31.0,-94.533,-95.0,40.0,3.0,-0.584,32.0,-90.311,-90.311,0.0,0.0,-0.318,31.0,31.22,31.22,0.0,0.0,-0.0,31.0,40.619,40.825,-8.0,0.0,0.0,33.0
3.3032,0,approach,-95.0,12.2,5.169,5.169,0.0,0.0,-0.0,31.0,-100.0,-100.0,-8.0,0.0,0.0,31.0,-100.0,-100.0,0.0,0.0,-0.0,31.0,-94.533,-95.0,40.0,3.0,-0.286,32.0,-90.311,-90.311,0.0,0.0,-0.156,31.0,31.22,31.22,0.0,0.0,-0.0,31.0,40.619,40.825,-8.0,0.0,0.0,33.0
3.3562,0,approach,-95.0,12.2,5.169,5.169,0.0,0.0,-0.0,31.0,-100.0,-100.0,-8.0,0.0,0.0,31.0,-100.0,-100.0,0.0,0.0,-0.0,31.0,-94.533,-95.0,32.0,2.0,-0.2,32.0,-90.311,-90.311,0.0,0.0,-0.109,31.0,31.22,31.22,0.0,0.0,-0.0,31.0,40.619,40.825,-8.0,0.0,0.0,33.0
3.4102,0,approach,-95.0,12.2,5.169,5.169,0.0,0.0,-0.0,31.0,-100.0,-100.0,-8.0,0.0,0.0,31.0,-100.0,-100.0,0.0,0.0,-0.0,31.0,-94.533,-95.0,32.0,2.0,-0.098,32.0,-90.311,-90.311,0.0,0.0,-0.053,31.0,31.22,31.22,0.0,0.0,-0.0,31.0,40.619,40.825,-8.0,0.0,0.0,33.0
3.463,0,approach,-95.0,12.2,5.169,5.169,0.0,0.0,-0.0,31.0,-100.0,-100.0,-8.0,0.0,0.0,31.0,-100.0,-100.0,0.0,0.0,-0.0,31.0,-94.533,-95.0,32.0,2.0,-0.048,32.0,-90.311,-90.311,0.0,0.0,-0.026,31.0,31.22,31.22,0.0,0.0,-0.0,31.0,40.619,40.825,-8.0,0.0,0.0,33.0
3.5161,0,approach,-95.0,12.2,5.169,5.169,0.0,0.0,-0.0,31.0,-100.0,-100.0,-8.0,0.0,0.0,31.0,-100.0,-100.0,0.0,0.0,-0.0,31.0,-94.533,-95.0,32.0,2.0,-0.024,32.0,-90.311,-90.311,0.0,0.0,-0.013,31.0,31.22,31.22,0.0,0.0,-0.0,31.0,40.619,40.825,-8.0,0.0,0.0,33.0
3.5694,0,approach,-95.0,12.2,5.169,5.169,0.0,0.0,-0.0,31.0,-100.0,-100.0,-8.0,0.0,0.0,31.0,-100.0,-100.0,0.0,0.0,-0.0,31.0,-94.533,-95.0,32.0,2.0,-0.012,32.0,-90.311,-90.311,0.0,0.0,-0.006,31.0,31.22,31.22,0.0,0.0,-0.0,31.0,40.619,40.825,-8.0,0.0,0.0,33.0
3.6226,0,approach,-95.0,12.2,5.169,5.169,0.0,0.0,-0.0,31.0,-100.0,-100.0,-8.0,0.0,0.0,31.0,-100.0,-100.0,0.0,0.0,-0.0,31.0,-94.533,-95.0,32.0,2.0,-0.006,32.0,-90.311,-90.311,0.0,0.0,-0.003,31.0,31.22,31.22,0.0,0.0,-0.0,31.0,40.619,40.825,-8.0,0.0,0.0,33.0
3.6747,0,approach,-95.0,12.2,5.169,5.169,0.0,0.0,-0.0,31.0,-100.0,-100.0,-8.0,0.0,0.0,31.0,-100.0,-100.0,0.0,0.0,-0.0,31.0,-94.533,-95.0,32.0,2.0,-0.003,32.0,-90.311,-90.311,0.0,0.0,-0.002,31.0,31.22,31.22,0.0,0.0,-0.0,31.0,40.619,40.825,-8.0,0.0,0.0,33.0
3.7278,0,approach,-95.0,12.2,5.169,5.169,0.0,0.0,-0.0,31.0,-100.0,-100.0,-8.0,0.0,0.0,31.0,-100.0,-100.0,0.0,0.0,-0.0,31.0,-94.533,-95.0,32.0,2.0,-0.001,32.0,-90.311,-90.311,0.0,0.0,-0.001,31.0,31.22,31.22,0.0,0.0,-0.0,31.0,40.619,40.825,-8.0,0.0,0.0,33.0
3.7815,0,approach,-95.0,12.2,5.169,5.169,0.0,0.0,-0.0,31.0,-100.0,-100.0,-8.0,0.0,0.0,31.0,-100.0,-100.0,0.0,0.0,-0.0,31.0,-94.533,-95.0,32.0,2.0,-0.001,32.0,-90.311,-90.311,0.0,0.0,-0.0,31.0,31.22,31.22,0.0,0.0,-0.0,31.0,40.619,40.825,-8.0,0.0,0.0,33.0
3.8349,0,approach,-95.0,12.2,5.169,5.169,0.0,0.0,-0.0,31.0,-100.0,-100.0,-8.0,0.0,0.0,31.0,-100.0,-100.0,0.0,0.0,-0.0,31.0,-94.533,-95.0,32.0,2.0,-0.0,32.0,-90.311,-90.311,0.0,0.0,-0.0,31.0,31.22,31.22,0.0,0.0,-0.0,31.0,40.619,40.825,-8.0,0.0,0.0,33.0
3.8881,0,approach,-95.0,12.2,5.169,5.169,0.0,0.0,-0.0,31.0,-100.0,-100.0,-8.0,0.0,0.0,31.0,-100.0,-100.0,0.0,0.0,-0.0,31.0,-94.533,-95.0,32.0,2.0,-0.0,32.0,-90.311,-90.311,0.0,0.0,-0.0,31.0,31.22,31.22,0.0,0.0,-0.0,31.0,40.619,40.825,-8.0,0.0,0.0,33.0
3.9414,0,approach,-95.0,12.1,5.169,5.169,0.0,0.0,-0.0,31.0,-100.0,-100.0,0.0,0.0,0.0,31.0,-100.0,-100.0,0.0,0.0,-0.0,31.0,-94.533,-95.0,32.0,2.0,-0.0,33.0,-90.311,-90.311,0.0,0.0,-0.0,31.0,31.22,31.22,0.0,0.0,-0.0,31.0,40.619,40.825,-8.0,0.0,0.0,33.0
3.9948,0,approach,-95.0,12.1,5.169,5.169,0.0,0.0,-0.0,31.0,-100.0,-100.0,0.0,0.0,0.0,31.0,-100.0,-100.0,0.0,0.0,-0.0,31.0,-94.533,-95.0,32.0,2.0,-0.0,33.0,-90.311,-90.311,0.0,0.0,-0.0,31.0,31.22,31.22,0.0,0.0,-0.0,31.0,40.619,40.825,-8.0,0.0,0.0,33.0
4.0482,1,fwd,95.0,12.1,5.169,5.169,0.0,0.0,-0.0,31.0,-100.0,-100.0,0.0,0.0,0.0,31.0,-100.0,-100.0,0.0,0.0,-0.0,31.0,-94.533,95.0,32.0,2.0,-0.0,33.0,-90.311,-90.311,0.0,0.0,-0.0,31.0,31.22,31.22,0.0,0.0,-0.0,31.0,40.619,40.825,-8.0,0.0,0.0,33.0
4.1013,1,fwd,95.0,12.1,5.169,5.169,0.0,0.0,-0.0,31.0,-100.0,-100.0,0.0,0.0,0.0,31.0,-100.0,-100.0,0.0,0.0,-0.0,31.0,-94.533,95.0,32.0,2.0,-0.0,33.0,-90.311,-90.311,0.0,0.0,-0.0,31.0,31.22,31.22,0.0,0.0,-0.0,31.0,40.619,40.825,-8.0,0.0,0.0,33.0
4.1544,1,fwd,95.0,12.1,5.169,5.169,0.0,0.0,-0.0,31.0,-100.0,-100.0,0.0,0.0,0.0,31.0,-100.0,-100.0,0.0,0.0,-0.0,31.0,-94.533,95.0,32.0,2.0,-0.0,33.0,-90.311,-90.311,0.0,0.0,-0.0,31.0,31.22,31.22,0.0,0.0,-0.0,31.0,40.619,40.825,-8.0,0.0,0.0,33.0
4.2072,1,fwd,95.0,12.1,5.169,5.169,0.0,0.0,-0.0,31.0,-100.0,-100.0,0.0,0.0,0.0,31.0,-100.0,-100.0,0.0,0.0,-0.0,31.0,-94.4,95.0,32.0,2.0,1.048,33.0,-90.311,-90.311,0.0,0.0,-0.0,31.0,31.22,31.22,0.0,0.0,-0.0,31.0,40.619,40.825,-8.0,0.0,0.0,33.0
4.2603,1,fwd,95.0,12.1,5.169,5.169,0.0,0.0,-0.0,31.0,-100.0,-100.0,0.0,0.0,0.0,31.0,-100.0,-100.0,0.0,0.0,-0.0,31.0,-94.133,95.0,32.0,2.0,3.056,33.0,-90.311,-90.311,0.0,0.0,-0.0,31.0,31.22,31.22,0.0,0.0,-0.0,31.0,40.619,40.825,-8.0,0.0,0.0,33.0
4.3143,1,fwd,95.0,12.1,5.169,5.169,0.0,0.0,-0.0,31.0,-100.0,-100.0,0.0,0.0,0.0,31.0,-100.0,-100.0,0.0,0.0,-0.0,31.0,-93.867,95.0,32.0,2.0,4.045,33.0,-90.311,-90.311,0.0,0.0,-0.0,31.0,31.22,31.22,0.0,0.0,-0.0,31.0,40.619,40.825,-8.0,0.0,0.0,33.0
4.3673,1,fwd,95.0,12.1,5.169,5.169,0.0,0.0,-0.0,31.0,-100.0,-100.0,0.0,0.0,0.0,31.0,-100.0,-100.0,0.0,0.0,-0.0,31.0,-93.6,95.0,32.0,2.0,4.516,33.0,-90.311,-90.311,0.0,0.0,-0.0,31.0,31.22,31.22,0.0,0.0,-0.0,31.0,40.619,40.825,-8.0,0.0,0.0,33.0
4.4202,1,fwd,95.0,12.1,5.169,5.169,0.0,0.0,-0.0,31.0,-100.0,-100.0,0.0,0.0,0.0,31.0,-100.0,-100.0,0.0,0.0,-0.0,31.0,-93.467,95.0,32.0,2.0,4.657,33.0,-90.311,-90.311,0.0,0.0,-0.0,31.0,31.22,31.22,0.0,0.0,-0.0,31.0,40.619,40.825,-8.0,0.0,0.0,33.0
4.4727,1,fwd,95.0,12.1,5.169,5.169,0.0,0.0,-0.0,31.0,-100.0,-100.0,0.0,0.0,0.0,31.0,-100.0,-100.0,0.0,0.0,-0.0,31.0,-93.333,95.0,32.0,2.0,3.208,33.0,-90.311,-90.311,0.0,0.0,-0.0,31.0,31.22,31.22,0.0,0.0,-0.0,31.0,40.619,40.825,-8.0,0.0,0.0,33.0
4.5261,1,fwd,95.0,12.2,5.169,5.169,0.0,0.0,-0.0,31.0,-100.0,-100.0,-8.0,0.0,0.0,31.0,-100.0,-100.0,0.0,0.0,-0.0,31.0,-93.067,95.0,-16.0,0.0,3.643,32.0,-90.311,-90.311,0.0,0.0,-0.0,31.0,31.22,31.22,0.0,0.0,-0.0,31.0,40.619,40.825,-8.0,0.0,0.0,33.0
4.5794,1,fwd,95.0,12.2,5.169,5.169,0.0,0.0,-0.0,31.0,-100.0,-100.0,-8.0,0.0,0.0,31.0,-100.0,-100.0,0.0,0.0,-0.0,31.0,-92.933,95.0,-16.0,0.0,3.285,32.0,-90.311,-90.311,0.0,0.0,-0.0,31.0,31.22,31.22,0.0,0.0,-0.0,31.0,40.619,40.825,-8.0,0.0,0.0,33.0
4.6316,1,fwd,95.0,12.2,5.169,5.169,0.0,0.0,-0.0,31.0,-100.0,-100.0,-8.0,0.0,0.0,31.0,-100.0,-100.0,0.0,0.0,-0.0,31.0,-92.533,95.0,-16.0,0.0,5.661,32.0,-90.311,-90.311,0.0,0.0,-0.0,31.0,31.22,31.22,0.0,0.0,-0.0,31.0,40.619,40.825,-8.0,0.0,0.0,33.0
4.6837,1,fwd,95.0,12.2,5.169,5.169,0.0,0.0,-0.0,31.0,-100.0,-100.0,-8.0,0.0,0.0,31.0,-100.0,-100.0,0.0,0.0,-0.0,31.0,-92.4,95.0,-16.0,0.0,4.283,32.0,-90.311,-90.311,0.0,0.0,-0.0,31.0,31.22,31.22,0.0,0.0,-0.0,31.0,40.619,40.825,-8.0,0.0,0.0,33.0
4.7368,1,fwd,95.0,12.2,5.169,5.169,0.0,0.0,-0.0,31.0,-100.0,-100.0,-8.0,0.0,0.0,31.0,-100.0,-100.0,0.0,0.0,-0.0,31.0,-92.133,95.0,-16.0,0.0,4.653,32.0,-90.311,-90.311,0.0,0.0,-0.0,31.0,31.22,31.22,0.0,0.0,-0.0,31.0,40.619,40.825,-8.0,0.0,0.0,33.0
4.7899,1,fwd,95.0,12.2,5.169,5.169,0.0,0.0,-0.0,31.0,-100.0,-100.0,-8.0,0.0,0.0,31.0,-100.0,-100.0,0.0,0.0,-0.0,31.0,-91.867,95.0,-16.0,0.0,4.834,32.0,-90.311,-90.311,0.0,0.0,-0.0,31.0,31.22,31.22,0.0,0.0,-0.0,31.0,40.619,40.825,-8.0,0.0,0.0,33.0
4.8432,1,fwd,95.0,12.2,5.169,5.169,0.0,0.0,-0.0,31.0,-100.0,-100.0,-8.0,0.0,0.0,31.0,-100.0,-100.0,0.0,0.0,-0.0,31.0,-91.6,95.0,-16.0,0.0,4.922,32.0,-90.311,-90.311,0.0,0.0,-0.0,31.0,31.22,31.22,0.0,0.0,-0.0,31.0,40.619,40.825,-8.0,0.0,0.0,33.0
4.8962,1,fwd,95.0,12.2,5.169,5.169,0.0,0.0,-0.0,31.0,-100.0,-100.0,-8.0,0.0,0.0,31.0,-100.0,-100.0,0.0,0.0,-0.0,31.0,-91.333,95.0,-16.0,0.0,4.974,32.0,-90.311,-90.311,0.0,0.0,-0.0,31.0,31.22,31.22,0.0,0.0,-0.0,31.0,40.619,40.825,-8.0,0.0,0.0,33.0
4.9494,1,fwd,95.0,12.2,5.169,5.169,0.0,0.0,-0.0,31.0,-100.0,-100.0,-8.0,0.0,0.0,31.0,-100.0,-100.0,0.0,0.0,-0.0,31.0,-91.067,95.0,-16.0,0.0,4.995,32.0,-90.311,-90.311,0.0,0.0,-0.0,31.0,31.22,31.22,0.0,0.0,-0.0,31.0,40.619,40.825,-8.0,0.0,0.0,33.0
5.0024,1,fwd,95.0,12.2,5.169,5.169,0.0,0.0,-0.0,31.0,-100.0,-100.0,-8.0,0.0,0.0,31.0,-100.0,-100.0,0.0,0.0,-0.0,31.0,-90.933,95.0,-16.0,0.0,3.496,32.0,-90.311,-90.311,0.0,0.0,-0.0,31.0,31.22,31.22,0.0,0.0,-0.0,31.0,40.619,40.825,-8.0,0.0,0.0,33.0
5.0556,1,fwd,95.0,12.2,5.169,5.169,0.0,0.0,-0.0,31.0,-100.0,-100.0,-8.0,0.0,0.0,31.0,-100.0,-100.0,0.0,0.0,-0.0,31.0,-90.8,95.0,-20.0,1.0,3.952,32.0,-90.311,-90.311,0.0,0.0,-0.0,31.0,31.22,31.22,0.0,0.0,-0.0,31.0,40.619,40.825,-8.0,0.0,0.0,33.0
5.1088,1,fwd,95.0,12.2,5.169,5.169,0.0,0.0,-0.0,31.0,-100.0,-100.0,-8.0,0.0,0.0,31.0,-100.0,-100.0,0.0,0.0,-0.0,31.0,-90.533,95.0,-20.0,1.0,2.915,32.0,-90.311,-90.311,0.0,0.0,-0.0,31.0,31.22,31.22,0.0,0.0,-0.0,31.0,40.619,40.825,-8.0,0.0,0.0,33.0
5.1607,1,fwd,95.0,12.2,5.169,5.169,0.0,0.0,-0.0,31.0,-100.0,-100.0,-8.0,0.0,0.0,31.0,-100.0,-100.0,0.0,0.0,-0.0,31.0,-90.133,95.0,-20.0,1.0,5.468,32.0,-90.311,-90.311,0.0,0.0,-0.0,31.0,31.22,31.22,0.0,0.0,-0.0,31.0,40.619,40.825,-8.0,0.0,0.0,33.0
5.2127,1,fwd,95.0,12.2,5.169,5.169,0.0,0.0,-0.0,31.0,-100.0,-100.0,-8.0,0.0,0.0,31.0,-100.0,-100.0,0.0,0.0,-0.0,31.0,-90.0,95.0,-20.0,1.0,3.735,32.0,-90.311,-90.311,0.0,0.0,-0.0,31.0,31.22,31.22,0.0,0.0,-0.0,31.0,40.619,40.825,-8.0,0.0,0.0,33.0
5.2646,1,fwd,95.0,12.2,5.169,5.169,0.0,0.0,-0.0,31.0,-100.0,-100.0,-8.0,0.0,0.0,31.0,-100.0,-100.0,0.0,0.0,-0.0,31.0,-89.6,95.0,-20.0,1.0,5.42,32.0,-90.311,-90.311,0.0,0.0,-0.0,31.0,31.22,31.22,0.0,0.0,-0.0,31.0,40.619,40.825,-8.0,0.0,0.0,33.0
5.3184,1,fwd,95.0,12.2,5.169,5.169,0.0,0.0,-0.0,31.0,-100.0,-100.0,-8.0,0.0,0.0,31.0,-100.0,-100.0,0.0,0.0,-0.0,31.0,-89.333,95.0,-20.0,1.0,5.677,32.0,-90.311,-90.311,0.0,0.0,-0.0,31.0,31.22,31.22,0.0,0.0,-0.0,31.0,40.619,40.825,-8.0,0.0,0.0,33.0
5.3714,1,fwd,95.0,12.2,5.169,5.169,0.0,0.0,-0.0,31.0,-100.0,-100.0,-8.0,0.0,0.0,31.0,-100.0,-100.0,0.0,0.0,-0.0,31.0,-89.2,95.0,-20.0,1.0,4.289,32.0,-90.311,-90.311,0.0,0.0,-0.0,31.0,31.22,31.22,0.0,0.0,-0.0,31.0,40.619,40.825,-8.0,0.0,0.0,33.0
5.4243,1,fwd,95.0,12.2,5.169,5.169,0.0,0.0,-0.0,31.0,-100.0,-100.0,-8.0,0.0,0.0,31.0,-100.0,-100.0,0.0,0.0,-0.0,31.0,-88.933,95.0,-20.0,1.0,4.659,32.0,-90.311,-90.311,0.0,0.0,-0.0,31.0,31.22,31.22,0.0,0.0,-0.0,31.0,40.619,40.825,-8.0,0.0,0.0,33.0
5.4772,1,fwd,95.0,12.2,5.169,5.169,0.0,0.0,-0.0,31.0,-100.0,-100.0,-8.0,0.0,0.0,31.0,-100.0,-100.0,0.0,0.0,-0.0,31.0,-88.667,95.0,-20.0,1.0,4.835,32.0,-90.311,-90.311,0.0,0.0,-0.0,31.0,31.22,31.22,0.0,0.0,-0.0,31.0,40.619,40.825,-8.0,0.0,0.0,33.0
5.53,1,fwd,95.0,12.2,5.169,5.169,0.0,0.0,-0.0,31.0,-100.0,-100.0,-8.0,0.0,0.0,31.0,-100.0,-100.0,0.0,0.0,-0.0,31.0,-88.533,95.0,-20.0,1.0,3.425,32.0,-90.311,-90.311,0.0,0.0,-0.0,31.0,31.22,31.22,0.0,0.0,-0.0,31.0,40.619,40.825,-8.0,0.0,0.0,33.0
5.583,1,fwd,95.0,12.2,5.169,5.169,0.0,0.0,-0.0,31.0,-100.0,-100.0,-8.0,0.0,0.0,31.0,-100.0,-100.0,0.0,0.0,-0.0,31.0,-88.133,95.0,-20.0,1.0,5.7,32.0,-90.311,-90.311,0.0,0.0,-0.0,31.0,31.22,31.22,0.0,0.0,-0.0,31.0,40.619,40.825,-8.0,0.0,0.0,33.0
5.6363,1,fwd,95.0,12.2,5.169,5.169,0.0,0.0,-0.0,31.0,-100.0,-100.0,0.0,0.0,0.0,31.0,-100.0,-100.0,0.0,0.0,-0.0,31.0,-88.133,95.0,-48.0,4.0,5.7,32.0,-90.311,-90.311,0.0,0.0,-0.0,31.0,31.22,31.22,0.0,0.0,-0.0,31.0,40.619,40.825,-8.0,1.0,0.0,33.0
5.6894,1,fwd,95.0,12.2,5.169,5.169,0.0,0.0,-0.0,31.0,-100.0,-100.0,0.0,0.0,0.0,31.0,-100.0,-100.0,0.0,0.0,-0.0,31.0,-87.867,95.0,-48.0,4.0,3.719,32.0,-90.311,-90.311,0.0,0.0,-0.0,31.0,31.22,31.22,0.0,0.0,-0.0,31.0,40.619,40.825,-8.0,1.0,0.0,33.0
5.7426,1,fwd,95.0,12.2,5.169,5.169,0.0,0.0,-0.0,31.0,-100.0,-100.0,0.0,0.0,0.0,31.0,-100.0,-100.0,0.0,0.0,-0.0,31.0,-87.733,95.0,-48.0,4.0,2.788,32.0,-90.311,-90.311,0.0,0.0,-0.0,31.0,31.22,31.22,0.0,0.0,-0.0,31.0,40.619,40.825,-8.0,1.0,0.0,33.0
5.7955,1,fwd,95.0,12.2,5.169,5.169,0.0,0.0,-0.0,31.0,-100.0,-100.0,0.0,0.0,0.0,31.0,-100.0,-100.0,0.0,0.0,-0.0,31.0,-87.333,95.0,-48.0,4.0,4.953,32.0,-90.311,-90.311,0.0,0.0,-0.0,31.0,31.22,31.22,0.0,0.0,-0.0,31.0,40.619,40.825,-8.0,1.0,0.0,33.0
5.849,1,fwd,95.0,12.2,5.169,5.169,0.0,0.0,-0.0,31.0,-100.0,-100.0,0.0,0.0,0.0,31.0,-100.0,-100.0,0.0,0.0,-0.0,31.0,-87.067,95.0,-48.0,4.0,4.976,32.0,-90.311,-90.311,0.0,0.0,-0.0,31.0,31.22,31.22,0.0,0.0,-0.0,31.0,40.619,40.825,-8.0,1.0,0.0,33.0
5.9024,1,fwd,95.0,12.2,5.169,5.169,0.0,0.0,-0.0,31.0,-100.0,-100.0,0.0,0.0,0.0,31.0,-100.0,-100.0,0.0,0.0,-0.0,31.0,-86.933,95.0,-48.0,4.0,3.481,32.0,-90.311,-90.311,0.0,0.0,-0.0,31.0,31.22,31.22,0.0,0.0,-0.0,31.0,40.619,40.825,-8.0,1.0,0.0,33.0
5.9559,1,fwd,95.0,12.2,5.169,5.169,0.0,0.0,-0.0,31.0,-100.0,-100.0,0.0,0.0,0.0,31.0,-100.0,-100.0,0.0,0.0,-0.0,31.0,-86.533,95.0,-48.0,4.0,5.611,32.0,-90.311,-90.311,0.0,0.0,-0.0,31.0,31.22,31.22,0.0,0.0,-0.0,31.0,40.619,40.825,-8.0,1.0,0.0,33.0
6.0092,1,fwd,95.0,12.2,5.169,5.169,0.0,0.0,-0.0,31.0,-100.0,-100.0,0.0,0.0,0.0,31.0,-100.0,-100.0,0.0,0.0,-0.0,31.0,-86.267,95.0,-48.0,4.0,5.291,32.0,-90.311,-90.311,0.0,0.0,-0.0,31.0,31.22,31.22,0.0,0.0,-0.0,31.0,40.619,40.825,-8.0,1.0,0.0,33.0
6.0622,1,fwd,95.0,12.2,5.169,5.169,0.0,0.0,-0.0,31.0,-100.0,-100.0,0.0,0.0,0.0,31.0,-100.0,-100.0,0.0,0.0,-0.0,31.0,-86.133,95.0,-48.0,4.0,3.63,32.0,-90.381,-90.311,0.0,0.0,-0.538,31.0,31.22,31.22,0.0,0.0,-0.0,31.0,40.619,40.825,-8.0,1.0,0.0,33.0
6.1151,1,fwd,95.0,12.2,5.169,5.169,0.0,0.0,-0.0,31.0,-100.0,-100.0,0.0,0.0,0.0,31.0,-100.0,-100.0,0.0,0.0,-0.0,31.0,-85.867,95.0,-48.0,4.0,4.306,32.0,-90.381,-90.311,0.0,0.0,-0.264,31.0,31.22,31.22,0.0,0.0,-0.0,31.0,40.619,40.825,-8.0,1.0,0.0,33.0
6.1682,1,fwd,95.0,12.2,5.169,5.169,0.0,0.0,-0.0,31.0,-100.0,-100.0,0.0,0.0,0.0,31.0,-100.0,-100.0,0.0,0.0,-0.0,31.0,-85.467,95.0,-48.0,4.0,6.168,32.0,-90.311,-90.311,0.0,0.0,0.417,31.0,31.22,31.22,0.0,0.0,-0.0,31.0,40.619,40.825,-8.0,1.0,0.0,33.0
6.2214,1,fwd,95.0,12.2,5.169,5.169,0.0,0.0,-0.0,31.0,-100.0,-100.0,-8.0,0.0,0.0,31.0,-100.0,-100.0,0.0,0.0,-0.0,31.0,-85.333,95.0,-56.0,5.0,4.999,33.0,-90.311,-90.311,0.0,0.0,0.292,31.0,31.22,31.22,0.0,0.0,-0.0,31.0,40.619,40.825,-8.0,0.0,0.0,33.0
6.2744,1,fwd,95.0,12.2,5.169,5.169,0.0,0.0,-0.0,31.0,-100.0,-100.0,-8.0,0.0,0.0,31.0,-100.0,-100.0,0.0,0.0,-0.0,31.0,-85.2,95.0,-56.0,5.0,3.945,33.0,-90.311,-90.311,0.0,0.0,0.143,31.0,31.22,31.22,0.0,0.0,-0.0,31.0,40.619,40.825,-8.0,0.0,0.0,33.0
6.3282,1,fwd,95.0,12.2,5.169,5.169,0.0,0.0,-0.0,31.0,-100.0,-100.0,-8.0,0.0,0.0,31.0,-100.0,-100.0,0.0,0.0,-0.0,31.0,-84.8,95.0,-56.0,5.0,5.529,33.0,-90.311,-90.311,0.0,0.0,0.07,31.0,31.22,31.22,0.0,0.0,-0.0,31.0,40.619,40.825,-8.0,0.0,0.0,33.0
6.3812,1,fwd,95.0,12.2,5.169,5.169,0.0,0.0,-0.0,31.0,-100.0,-100.0,-8.0,0.0,0.0,31.0,-100.0,-100.0,0.0,0.0,-0.0,31.0,-84.533,95.0,-56.0,5.0,5.249,33.0,-90.311,-90.311,0.0,0.0,0.034,31.0,31.22,31.22,0.0,0.0,-0.0,31.0,40.619,40.825,-8.0,0.0,0.0,33.0
6.4342,1,fwd,95.0,12.2,5.169,5.169,0.0,0.0,-0.0,31.0,-100.0,-100.0,-8.0,0.0,0.0,31.0,-100.0,-100.0,0.0,0.0,-0.0,31.0,-84.267,95.0,-56.0,5.0,5.115,33.0,-90.311,-90.311,0.0,0.0,0.017,31.0,31.22,31.22,0.0,0.0,-0.0,31.0,40.619,40.825,-8.0,0.0,0.0,33.0
6.4871,1,fwd,95.0,12.2,5.169,5.169,0.0,0.0,-0.0,31.0,-100.0,-100.0,-8.0,0.0,0.0,31.0,-100.0,-100.0,0.0,0.0,-0.0,31.0,-84.0,95.0,-56.0,5.0,5.063,33.0,-90.311,-90.311,0.0,0.0,0.008,31.0,31.22,31.22,0.0,0.0,-0.0,31.0,40.619,40.825,-8.0,0.0,0.0,33.0
6.5402,1,fwd,95.0,12.2,5.169,5.169,0.0,0.0,-0.0,31.0,-100.0,-100.0,-8.0,0.0,0.0,31.0,-100.0,-100.0,0.0,0.0,-0.0,31.0,-83.733,95.0,-56.0,5.0,5.032,33.0,-90.311,-90.311,0.0,0.0,0.004,31.0,31.22,31.22,0.0,0.0,-0.0,31.0,40.619,40.825,-8.0,0.0,0.0,33.0
6.5931,1,fwd,95.0,12.2,5.169,5.169,0.0,0.0,-0.0,31.0,-100.0,-100.0,-8.0,0.0,0.0,31.0,-100.0,-100.0,0.0,0.0,-0.0,31.0,-83.6,95.0,-56.0,5.0,3.518,33.0,-90.311,-90.311,0.0,0.0,0.002,31.0,31.22,31.22,0.0,0.0,-0.0,31.0,40.619,40.825,-8.0,0.0,0.0,33.0
6.6462,1,fwd,95.0,12.2,5.169,5.169,0.0,0.0,-0.0,31.0,-100.0,-100.0,-8.0,0.0,0.0,31.0,-100.0,-100.0,0.0,0.0,-0.0,31.0,-83.2,95.0,-56.0,5.0,5.314,33.0,-90.311,-90.311,0.0,0.0,0.001,31.0,31.22,31.22,0.0,0.0,-0.0,31.0,40.619,40.825,-8.0,0.0,0.0,33.0
6.6991,1,fwd,95.0,12.2,5.169,5.169,0.0,0.0,-0.0,31.0,-100.0,-100.0,-8.0,0.0,0.0,31.0,-100.0,-100.0,0.0,0.0,-0.0,31.0,-83.067,95.0,-56.0,5.0,3.648,33.0,-90.311,-90.311,0.0,0.0,0.0,31.0,31.22,31.22,0.0,0.0,-0.0,31.0,40.619,40.825,-8.0,0.0,0.0,33.0
6.7528,1,fwd,95.0,12.1,5.169,5.169,0.0,0.0,-0.0,31.0,-100.0,-100.0,-8.0,0.0,0.0,31.0,-100.0,-100.0,0.0,0.0,-0.0,31.0,-82.933,95.0,-64.0,9.0,4.043,32.0,-90.311,-90.311,0.0,0.0,0.0,31.0,31.22,31.22,0.0,0.0,-0.0,31.0,40.619,40.825,-8.0,0.0,0.0,33.0
6.8046,1,fwd,95.0,12.1,5.169,5.169,0.0,0.0,-0.0,31.0,-100.0,-100.0,-8.0,0.0,0.0,31.0,-100.0,-100.0,0.0,0.0,-0.0,31.0,-82.533,95.0,-64.0,9.0,3.462,32.0,-90.311,-90.311,0.0,0.0,0.0,31.0,31.22,31.22,0.0,0.0,-0.0,31.0,40.619,40.825,-8.0,0.0,0.0,33.0
6.8575,1,fwd,95.0,12.1,5.169,5.169,0.0,0.0,-0.0,31.0,-100.0,-100.0,-8.0,0.0,0.0,31.0,-100.0,-100.0,0.0,0.0,-0.0,31.0,-82.267,95.0,-64.0,9.0,4.251,32.0,-90.311,-90.311,0.0,0.0,0.0,31.0,31.22,31.22,0.0,0.0,-0.0,31.0,40.619,40.825,-8.0,0.0,0.0,33.0
6.9103,1,fwd,95.0,12.1,5.169,5.169,0.0,0.0,-0.0,31.0,-100.0,-100.0,-8.0,0.0,0.0,31.0,-100.0,-100.0,0.0,0.0,-0.0,31.0,-82.133,95.0,-64.0,9.0,4.477,32.0,-90.311,-90.311,0.0,0.0,0.0,31.0,31.22,31.22,0.0,0.0,-0.0,31.0,40.619,40.825,-8.0,0.0,0.0,33.0
6.9632,1,fwd,95.0,12.1,5.169,5.169,0.0,0.0,-0.0,31.0,-100.0,-100.0,-8.0,0.0,0.0,31.0,-100.0,-100.0,0.0,0.0,-0.0,31.0,-81.733,95.0,-64.0,9.0,6.149,32.0,-90.311,-90.311,0.0,0.0,0.0,31.0,31.22,31.22,0.0,0.0,-0.0,31.0,40.619,40.825,-8.0,0.0,0.0,33.0
7.0158,1,fwd,95.0,12.1,5.169,5.169,0.0,0.0,-0.0,31.0,-100.0,-100.0,-8.0,0.0,0.0,31.0,-100.0,-100.0,0.0,0.0,-0.0,31.0,-81.467,95.0,-64.0,9.0,5.47,32.0,-90.311,-90.311,0.0,0.0,0.0,31.0,31.22,31.22,0.0,0.0,-0.0,31.0,40.619,40.825,-8.0,0.0,0.0,33.0
7.0694,1,fwd,95.0,12.1,5.169,5.169,0.0,0.0,-0.0,31.0,-100.0,-100.0,-8.0,0.0,0.0,31.0,-100.0,-100.0,0.0,0.0,-0.0,31.0,-81.2,95.0,-64.0,9.0,5.143,32.0,-90.311,-90.311,0.0,0.0,0.0,31.0,31.22,31.22,0.0,0.0,-0.0,31.0,40.619,40.825,-8.0,0.0,0.0,33.0
7.1225,1,fwd,95.0,12.1,5.169,5.169,0.0,0.0,-0.0,31.0,-100.0,-100.0,-8.0,0.0,0.0,31.0,-100.0,-100.0,0.0,0.0,-0.0,31.0,-80.933,95.0,-64.0,9.0,5.061,32.0,-90.311,-90.311,0.0,0.0,0.0,31.0,31.22,31.22,0.0,0.0,-0.0,31.0,40.619,40.825,-8.0,0.0,0.0,33.0
7.1755,1,fwd,95.0,12.1,5.169,5.169,0.0,0.0,-0.0,31.0,-100.0,-100.0,-8.0,0.0,0.0,31.0,-100.0,-100.0,0.0,0.0,-0.0,31.0,-80.667,95.0,-64.0,9.0,5.041,32.0,-90.311,-90.311,0.0,0.0,0.0,31.0,31.22,31.22,0.0,0.0,-0.0,31.0,40.619,40.825,-8.0,0.0,0.0,33.0
7.2285,1,fwd,95.0,12.1,5.169,5.169,0.0,0.0,-0.0,31.0,-100.0,-100.0,-8.0,0.0,0.0,31.0,-100.0,-100.0,0.0,0.0,-0.0,31.0,-80.533,95.0,-64.0,9.0,3.965,32.0,-90.311,-90.311,0.0,0.0,0.0,31.0,31.22,31.22,0.0,0.0,-0.0,31.0,40.619,40.825,-8.0,0.0,0.0,33.0
7.2814,1,fwd,95.0,12.1,5.169,5.169,0.0,0.0,-0.0,31.0,-100.0,-100.0,-8.0,0.0,0.0,31.0,-100.0,-100.0,0.0,0.0,-0.0,31.0,-80.267,95.0,-64.0,9.0,4.505,32.0,-90.311,-90.311,0.0,0.0,0.0,31.0,31.22,31.22,0.0,0.0,-0.0,31.0,40.619,40.825,-8.0,0.0,0.0,33.0
7.3356,1,fwd,95.0,12.2,5.169,5.169,0.0,0.0,-0.0,31.0,-100.0,-100.0,-8.0,0.0,0.0,31.0,-100.0,-100.0,0.0,0.0,-0.0,31.0,-80.133,95.0,-68.0,9.0,4.642,32.0,-90.311,-90.311,0.0,0.0,0.0,31.0,31.22,31.22,0.0,0.0,-0.0,31.0,40.619,40.825,-8.0,0.0,0.0,33.0
7.3887,1,fwd,95.0,12.2,5.169,5.169,0.0,0.0,-0.0,31.0,-100.0,-100.0,-8.0,0.0,0.0,31.0,-100.0,-100.0,0.0,0.0,-0.0,31.0,-79.867,95.0,-68.0,9.0,3.257,32.0,-90.311,-90.311,0.0,0.0,0.0,31.0,31.22,31.22,0.0,0.0,-0.0,31.0,40.619,40.825,-8.0,0.0,0.0,33.0
7.4406,1,fwd,95.0,12.2,5.169,5.169,0.0,0.0,-0.0,31.0,-100.0,-100.0,-8.0,0.0,0.0,31.0,-100.0,-100.0,0.0,0.0,-0.0,31.0,-79.6,95.0,-68.0,9.0,4.156,32.0,-90.311,-90.311,0.0,0.0,0.0,31.0,31.22,31.22,0.0,0.0,-0.0,31.0,40.619,40.825,-8.0,0.0,0.0,33.0
7.4937,1,fwd,95.0,12.2,5.169,5.169,0.0,0.0,-0.0,31.0,-100.0,-100.0,-8.0,0.0,0.0,31.0,-100.0,-100.0,0.0,0.0,-0.0,31.0,-79.2,95.0,-68.0,9.0,5.659,32.0,-90.311,-90.311,0.0,0.0,0.0,31.0,31.22,31.22,0.0,0.0,-0.0,31.0,40.619,40.825,-8.0,0.0,0.0,33.0
7.5456,1,fwd,95.0,12.2,5.169,5.169,0.0,0.0,-0.0,31.0,-100.0,-100.0,-8.0,0.0,0.0,31.0,-100.0,-100.0,0.0,0.0,-0.0,31.0,-78.933,95.0,-68.0,9.0,5.33,32.0,-90.311,-90.311,0.0,0.0,0.0,31.0,31.22,31.22,0.0,0.0,-0.0,31.0,40.619,40.825,-8.0,0.0,0.0,33.0
7.5987,1,fwd,95.0,12.2,5.169,5.169,0.0,0.0,-0.0,31.0,-100.0,-100.0,-8.0,0.0,0.0,31.0,-100.0,-100.0,0.0,0.0,-0.0,31.0,-78.667,95.0,-68.0,9.0,5.169,32.0,-90.311,-90.311,0.0,0.0,0.0,31.0,31.22,31.22,0.0,0.0,-0.0,31.0,40.619,40.825,-8.0,0.0,0.0,33.0
7.6519,1,fwd,95.0,12.2,5.169,5.169,0.0,0.0,-0.0,31.0,-100.0,-100.0,-8.0,0.0,0.0,31.0,-100.0,-100.0,0.0,0.0,-0.0,31.0,-78.4,95.0,-68.0,9.0,4.633,32.0,-90.311,-90.311,0.0,0.0,0.0,31.0,31.22,31.22,0.0,0.0,-0.0,31.0,40.619,40.825,-8.0,0.0,0.0,33.0
7.7049,1,fwd,95.0,12.2,5.169,5.169,0.0,0.0,-0.0,31.0,-100.0,-100.0,-8.0,0.0,0.0,31.0,-100.0,-100.0,0.0,0.0,-0.0,31.0,-78.267,95.0,-68.0,9.0,3.319,32.0,-90.311,-90.311,0.0,0.0,0.0,31.0,31.22,31.22,0.0,0.0,-0.0,31.0,40.619,40.825,-8.0,0.0,0.0,33.0
7.758,1,fwd,95.0,12.2,5.169,5.169,0.0,0.0,-0.0,31.0,-100.0,-100.0,-8.0,0.0,0.0,31.0,-100.0,-100.0,0.0,0.0,-0.0,31.0,-77.867,95.0,-68.0,9.0,5.239,32.0,-90.311,-90.311,0.0,0.0,0.0,31.0,31.22,31.22,0.0,0.0,-0.0,31.0,40.619,40.825,-8.0,0.0,0.0,33.0
7.8109,1,fwd,95.0,12.2,5.169,5.169,0.0,0.0,-0.0,31.0,-100.0,-100.0,-8.0,0.0,0.0,31.0,-100.0,-100.0,0.0,0.0,-0.0,31.0,-77.6,95.0,-68.0,9.0,5.122,32.0,-90.311,-90.311,0.0,0.0,0.0,31.0,31.22,31.22,0.0,0.0,-0.0,31.0,40.619,40.825,-8.0,0.0,0.0,33.0
7.8639,1,fwd,95.0,12.2,5.169,5.169,0.0,0.0,-0.0,31.0,-100.0,-100.0,-8.0,0.0,0.0,31.0,-100.0,-100.0,0.0,0.0,-0.0,31.0,-77.467,95.0,-68.0,9.0,3.998,32.0,-90.311,-90.311,0.0,0.0,0.0,31.0,31.22,31.22,0.0,0.0,-0.0,31.0,40.619,40.825,-8.0,0.0,0.0,33.0
7.9169,1,fwd,95.0,12.1,5.169,5.169,0.0,0.0,-0.0,31.0,-100.0,-100.0,-8.0,0.0,0.0,31.0,-100.0,-100.0,0.0,0.0,-0.0,31.0,-77.333,95.0,-80.0,17.0,3.477,32.0,-90.311,-90.311,0.0,0.0,0.0,31.0,31.22,31.22,0.0,0.0,-0.0,31.0,40.619,40.825,-8.0,0.0,0.0,33.0
7.97,1,fwd,95.0,12.1,5.169,5.169,0.0,0.0,-0.0,31.0,-100.0,-100.0,-8.0,0.0,0.0,31.0,-100.0,-100.0,0.0,0.0,-0.0,31.0,-76.933,95.0,-80.0,17.0,5.708,32.0,-90.311,-90.311,0.0,0.0,0.0,31.0,31.22,31.22,0.0,0.0,-0.0,31.0,40.619,40.825,-8.0,0.0,0.0,33.0
8.0234,1,fwd,95.0,12.1,5.169,5.169,0.0,0.0,-0.0,31.0,-100.0,-100.0,-8.0,0.0,0.0,31.0,-100.0,-100.0,0.0,0.0,-0.0,31.0,-76.667,95.0,-80.0,17.0,5.338,32.0,-90.311,-90.311,0.0,0.0,0.0,31.0,31.22,31.22,0.0,0.0,-0.0,31.0,40.619,40.825,-8.0,0.0,0.0,33.0
8.0765,1,fwd,95.0,12.1,5.169,5.169,0.0,0.0,-0.0,31.0,-100.0,-100.0,-8.0,0.0,0.0,31.0,-100.0,-100.0,0.0,0.0,-0.0,31.0,-76.4,95.0,-80.0,17.0,5.183,32.0,-90.311,-90.311,0.0,0.0,0.0,31.0,31.22,31.22,0.0,0.0,-0.0,31.0,40.619,40.825,-8.0,0.0,0.0,33.0
8.1294,1,fwd,95.0,12.1,5.169,5.169,0.0,0.0,-0.0,31.0,-100.0,-100.0,-8.0,0.0,0.0,31.0,-100.0,-100.0,0.0,0.0,-0.0,31.0,-76.0,95.0,-80.0,17.0,6.581,32.0,-90.311,-90.311,0.0,0.0,0.0,31.0,31.22,31.22,0.0,0.0,-0.0,31.0,40.619,40.825,-8.0,0.0,0.0,33.0
8.1824,1,fwd,95.0,12.1,5.169,5.169,0.0,0.0,-0.0,31.0,-100.0,-100.0,-8.0,0.0,0.0,31.0,-100.0,-100.0,0.0,0.0,-0.0,31.0,-75.867,95.0,-80.0,17.0,4.271,32.0,-90.311,-90.311,0.0,0.0,0.0,31.0,31.22,31.22,0.0,0.0,-0.0,31.0,40.619,40.825,-8.0,0.0,0.0,33.0
8.2353,1,fwd,95.0,12.1,5.169,5.169,0.0,0.0,-0.0,31.0,-100.0,-100.0,-8.0,0.0,0.0,31.0,-100.0,-100.0,0.0,0.0,-0.0,31.0,-75.467,95.0,-80.0,17.0,5.7,32.0,-90.311,-90.311,0.0,0.0,0.0,31.0,31.22,31.22,0.0,0.0,-0.0,31.0,40.619,40.825,-8.0,0.0,0.0,33.0
8.2883,1,fwd,95.0,12.1,5.169,5.169,0.0,0.0,-0.0,31.0,-100.0,-100.0,-8.0,0.0,0.0,31.0,-100.0,-100.0,0.0,0.0,-0.0,31.0,-75.333,95.0,-80.0,17.0,5.485,32.0,-90.311,-90.311,0.0,0.0,0.0,31.0,31.22,31.22,0.0,0.0,-0.0,31.0,40.619,40.825,-8.0,0.0,0.0,33.0
8.3421,1,fwd,95.0,12.1,5.169,5.169,0.0,0.0,-0.0,31.0,-100.0,-100.0,-8.0,0.0,0.0,31.0,-100.0,-100.0,0.0,0.0,-0.0,31.0,-75.067,95.0,-80.0,17.0,5.181,32.0,-90.311,-90.311,0.0,0.0,0.0,31.0,31.22,31.22,0.0,0.0,-0.0,31.0,40.619,40.825,-8.0,0.0,0.0,33.0
8.3954,1,fwd,95.0,12.1,5.169,5.169,0.0,0.0,-0.0,31.0,-100.0,-100.0,-8.0,0.0,0.0,31.0,-100.0,-100.0,0.0,0.0,-0.0,31.0,-74.933,95.0,-80.0,17.0,4.038,32.0,-90.311,-90.311,0.0,0.0,0.0,31.0,31.22,31.22,0.0,0.0,-0.0,31.0,40.619,40.825,-8.0,0.0,0.0,33.0
8.4492,1,fwd,95.0,12.1,5.258,5.169,0.0,0.0,0.634,31.0,-100.0,-100.0,-8.0,0.0,0.0,31.0,-100.0,-100.0,0.0,0.0,-0.0,31.0,-74.533,95.0,-80.0,17.0,5.881,32.0,-90.311,-90.311,0.0,0.0,0.0,31.0,31.22,31.22,0.0,0.0,-0.0,31.0,40.619,40.825,-8.0,0.0,0.0,33.0
8.5023,1,fwd,95.0,12.1,5.258,5.169,0.0,0.0,0.444,31.0,-100.0,-100.0,-8.0,0.0,0.0,31.0,-100.0,-100.0,0.0,0.0,-0.0,31.0,-74.4,95.0,-80.0,11.0,4.782,33.0,-90.311,-90.311,0.0,0.0,0.0,31.0,31.22,31.22,0.0,0.0,-0.0,31.0,40.619,40.825,-8.0,0.0,0.0,33.0
8.5552,1,fwd,95.0,12.1,5.258,5.169,0.0,0.0,0.218,31.0,-100.0,-100.0,-8.0,0.0,0.0,31.0,-100.0,-100.0,0.0,0.0,-0.0,31.0,-74.267,95.0,-80.0,11.0,3.852,33.0,-90.311,-90.311,0.0,0.0,0.0,31.0,31.22,31.22,0.0,0.0,-0.0,31.0,40.619,40.825,-8.0,0.0,0.0,33.0
8.6072,1,fwd,95.0,12.1,5.258,5.169,0.0,0.0,0.107,31.0,-100.0,-100.0,-8.0,0.0,0.0,31.0,-100.0,-100.0,0.0,0.0,-0.0,31.0,-73.867,95.0,-80.0,11.0,5.47,33.0,-90.311,-90.311,0.0,0.0,0.0,31.0,31.22,31.22,0.0,0.0,-0.0,31.0,40.619,40.825,-8.0,0.0,0.0,33.0
8.6593,1,fwd,95.0,12.1,5.258,5.169,0.0,0.0,0.052,31.0,-100.0,-100.0,-8.0,0.0,0.0,31.0,-100.0,-100.0,0.0,0.0,-0.0,31.0,-73.6,95.0,-80.0,11.0,4.778,33.0,-90.311,-90.311,0.0,0.0,0.0,31.0,31.22,31.22,0.0,0.0,-0.0,31.0,40.619,40.825,-8.0,0.0,0.0,33.0
8.7124,1,fwd,95.0,12.1,5.258,5.169,0.0,0.0,0.026,31.0,-100.0,-100.0,-8.0,0.0,0.0,31.0,-100.0,-100.0,0.0,0.0,-0.0,31.0,-73.2,95.0,-80.0,11.0,5.874,33.0,-90.311,-90.311,0.0,0.0,0.0,31.0,31.22,31.22,0.0,0.0,-0.0,31.0,40.619,40.825,-8.0,0.0,0.0,33.0
8.7655,1,fwd,95.0,12.1,5.258,5.169,0.0,0.0,0.013,31.0,-100.0,-100.0,-8.0,0.0,0.0,31.0,-100.0,-100.0,0.0,0.0,-0.0,31.0,-72.933,95.0,-80.0,11.0,5.429,33.0,-90.311,-90.311,0.0,0.0,0.0,31.0,31.22,31.22,0.0,0.0,-0.0,31.0,40.619,40.825,-8.0,0.0,0.0,33.0
8.8177,1,fwd,95.0,12.1,5.258,5.169,0.0,0.0,0.006,31.0,-100.0,-100.0,-8.0,0.0,0.0,31.0,-100.0,-100.0,0.0,0.0,-0.0,31.0,-72.667,95.0,-80.0,11.0,5.198,33.0,-90.311,-90.311,0.0,0.0,0.0,31.0,31.22,31.22,0.0,0.0,-0.0,31.0,40.619,40.825,-8.0,0.0,0.0,33.0
8.8697,1,fwd,95.0,12.1,5.258,5.169,0.0,0.0,0.003,31.0,-100.0,-100.0,-8.0,0.0,0.0,31.0,-100.0,-100.0,0.0,0.0,-0.0,31.0,-72.4,95.0,-80.0,11.0,5.555,33.0,-90.311,-90.311,0.0,0.0,0.0,31.0,31.22,31.22,0.0,0.0,-0.0,31.0,40.619,40.825,-8.0,0.0,0.0,33.0
8.9229,1,fwd,95.0,12.1,5.258,5.169,0.0,0.0,0.001,31.0,-100.0,-100.0,-8.0,0.0,0.0,31.0,-100.0,-100.0,0.0,0.0,-0.0,31.0,-72.133,95.0,-80.0,11.0,5.251,33.0,-90.311,-90.311,0.0,0.0,0.0,31.0,31.22,31.22,0.0,0.0,-0.0,31.0,40.619,40.825,-8.0,0.0,0.0,33.0
8.9765,1,fwd,95.0,12.1,5.348,5.169,0.0,0.0,0.701,31.0,-100.0,-100.0,-8.0,0.0,0.0,31.0,-100.0,-100.0,0.0,0.0,-0.0,31.0,-71.867,95.0,-80.0,11.0,5.105,33.0,-90.311,-90.311,0.0,0.0,0.0,31.0,31.22,31.22,0.0,0.0,-0.0,31.0,40.619,40.825,-8.0,0.0,0.0,33.0
9.0295,1,fwd,95.0,12.1,5.348,5.169,8.0,0.0,0.491,31.0,-100.0,-100.0,-8.0,0.0,0.0,31.0,-100.0,-100.0,0.0,0.0,-0.0,31.0,-71.733,95.0,-88.0,13.0,5.069,32.0,-90.311,-90.311,0.0,0.0,0.0,31.0,31.22,31.22,0.0,0.0,-0.0,31.0,40.619,40.825,-8.0,0.0,0.0,33.0
9.0817,1,fwd,95.0,12.1,5.348,5.169,8.0,0.0,0.344,31.0,-100.0,-100.0,-8.0,0.0,0.0,31.0,-100.0,-100.0,0.0,0.0,-0.0,31.0,-71.467,95.0,-88.0,13.0,4.937,32.0,-90.311,-90.311,0.0,0.0,0.0,31.0,31.22,31.22,0.0,0.0,-0.0,31.0,40.619,40.825,-8.0,0.0,0.0,33.0
9.1352,1,fwd,95.0,12.1,5.348,5.169,8.0,0.0,0.168,31.0,-100.0,-100.0,-8.0,0.0,0.0,31.0,-100.0,-100.0,0.0,0.0,-0.0,31.0,-71.333,95.0,-88.0,13.0,3.927,32.0,-90.311,-90.311,0.0,0.0,0.0,31.0,31.22,31.22,0.0,0.0,-0.0,31.0,40.619,40.825,-8.0,0.0,0.0,33.0
9.1885,1,fwd,95.0,12.1,5.348,5.169,8.0,0.0,0.083,31.0,-100.0,-100.0,-8.0,0.0,0.0,31.0,-100.0,-100.0,0.0,0.0,-0.0,31.0,-71.067,95.0,-88.0,13.0,4.381,32.0,-90.311,-90.311,0.0,0.0,0.0,31.0,31.22,31.22,0.0,0.0,-0.0,31.0,40.619,40.825,-8.0,0.0,0.0,33.0
9.241,1,fwd,95.0,12.1,5.348,5.169,8.0,0.0,0.04,31.0,-100.0,-100.0,-8.0,0.0,0.0,31.0,-100.0,-100.0,0.0,0.0,-0.0,31.0,-70.8,95.0,-88.0,13.0,4.658,32.0,-90.311,-90.311,0.0,0.0,0.0,31.0,31.22,31.22,0.0,0.0,-0.0,31.0,40.619,40.825,-8.0,0.0,0.0,33.0
9.2936,1,fwd,95.0,12.1,5.348,5.169,8.0,0.0,0.02,31.0,-100.0,-100.0,-8.0,0.0,0.0,31.0,-100.0,-100.0,0.0,0.0,-0.0,31.0,-70.533,95.0,-88.0,13.0,4.743,32.0,-90.311,-90.311,0.0,0.0,0.0,31.0,31.22,31.22,0.0,0.0,-0.0,31.0,40.619,40.825,-8.0,0.0,0.0,33.0
9.3475,1,fwd,95.0,12.1,5.348,5.169,8.0,0.0,0.01,31.0,-100.0,-100.0,-8.0,0.0,0.0,31.0,-100.0,-100.0,0.0,0.0,-0.0,31.0,-70.267,95.0,-88.0,13.0,4.872,32.0,-90.311,-90.311,0.0,0.0,0.0,31.0,31.22,31.22,0.0,0.0,-0.0,31.0,40.619,40.825,-8.0,0.0,0.0,33.0
9.4004,1,fwd,95.0,12.1,5.348,5.169,8.0,0.0,0.005,31.0,-100.0,-100.0,-8.0,0.0,0.0,31.0,-100.0,-100.0,0.0,0.0,-0.0,31.0,-70.0,95.0,-88.0,13.0,4.939,32.0,-90.311,-90.311,0.0,0.0,0.0,31.0,31.22,31.22,0.0,0.0,-0.0,31.0,40.619,40.825,-8.0,0.0,0.0,33.0
9.4536,1,fwd,95.0,12.1,5.348,5.169,8.0,0.0,0.002,31.0,-100.0,-100.0,-8.0,0.0,0.0,31.0,-100.0,-100.0,0.0,0.0,-0.0,31.0,-69.733,95.0,-88.0,13.0,4.965,32.0,-90.381,-90.311,0.0,0.0,-0.546,31.0,31.22,31.22,0.0,0.0,-0.0,31.0,40.619,40.825,-8.0,0.0,0.0,33.0
9.507,1,fwd,95.0,12.1,5.348,5.169,8.0,0.0,0.001,31.0,-100.0,-100.0,-8.0,0.0,0.0,31.0,-100.0,-100.0,0.0,0.0,-0.0,31.0,-69.467,95.0,-88.0,13.0,4.944,32.0,-90.311,-90.311,0.0,0.0,0.502,31.0,31.22,31.22,0.0,0.0,-0.0,31.0,40.619,40.825,-8.0,0.0,0.0,33.0
9.5603,1,fwd,95.0,12.1,5.348,5.169,8.0,0.0,0.001,31.0,-100.0,-100.0,-8.0,0.0,0.0,31.0,-100.0,-100.0,0.0,0.0,-0.0,31.0,-69.067,95.0,-88.0,13.0,5.822,32.0,-90.311,-90.311,0.0,0.0,0.246,31.0,31.22,31.22,0.0,0.0,-0.0,31.0,40.619,40.825,-8.0,0.0,0.0,33.0
9.6133,1,fwd,95.0,12.1,5.348,5.169,8.0,0.0,0.0,31.0,-100.0,-100.0,-8.0,0.0,0.0,31.0,-100.0,-100.0,0.0,0.0,-0.0,31.0,-68.933,95.0,-88.0,14.0,5.579,55.0,-90.311,-90.311,0.0,0.0,0.172,31.0,31.22,31.22,0.0,0.0,-0.0,31.0,40.619,40.825,-8.0,0.0,0.0,33.0
9.6664,1,fwd,95.0,12.1,5.348,5.169,8.0,0.0,0.0,31.0,-100.0,-100.0,-8.0,0.0,0.0,31.0,-100.0,-100.0,0.0,0.0,-0.0,31.0,-68.667,95.0,-88.0,14.0,4.719,55.0,-90.311,-90.311,0.0,0.0,0.084,31.0,31.22,31.22,0.0,0.0,-0.0,31.0,40.619,40.825,-8.0,0.0,0.0,33.0
9.7186,1,fwd,95.0,12.1,5.348,5.169,8.0,0.0,0.0,31.0,-100.0,-100.0,-8.0,0.0,0.0,31.0,-100.0,-100.0,0.0,0.0,-0.0,31.0,-68.4,95.0,-88.0,14.0,5.293,55.0,-90.311,-90.311,0.0,0.0,0.041,31.0,31.22,31.22,0.0,0.0,-0.0,31.0,40.619,40.825,-8.0,0.0,0.0,33.0
9.7708,1,fwd,95.0,12.1,5.348,5.169,8.0,0.0,0.0,31.0,-100.0,-100.0,-8.0,0.0,0.0,31.0,-100.0,-100.0,0.0,0.0,-0.0,31.0,-68.133,95.0,-88.0,14.0,5.105,55.0,-90.311,-90.311,0.0,0.0,0.02,31.0,31.22,31.22,0.0,0.0,-0.0,31.0,40.619,40.825,-8.0,0.0,0.0,33.0
9.824,1,fwd,95.0,12.1,5.348,5.169,8.0,0.0,0.0,31.0,-100.0,-100.0,-8.0,0.0,0.0,31.0,-100.0,-100.0,0.0,0.0,-0.0,31.0,-67.867,95.0,-88.0,14.0,5.043,55.0,-90.311,-90.311,0.0,0.0,0.01,31.0,31.22,31.22,0.0,0.0,-0.0,31.0,40.619,40.825,-8.0,0.0,0.0,33.0
9.8772,1,fwd,95.0,12.1,5.348,5.169,8.0,0.0,0.0,31.0,-100.0,-100.0,-8.0,0.0,0.0,31.0,-100.0,-100.0,0.0,0.0,-0.0,31.0,-67.6,95.0,-88.0,14.0,5.033,55.0,-90.381,-90.311,0.0,0.0,-0.541,31.0,31.22,31.22,0.0,0.0,-0.0,31.0,40.619,40.825,-8.0,0.0,0.0,33.0
9.93,1,fwd,95.0,12.1,5.348,5.169,8.0,0.0,0.0,31.0,-100.0,-100.0,-8.0,0.0,0.0,31.0,-100.0,-100.0,0.0,0.0,-0.0,31.0,-67.333,95.0,-88.0,14.0,5.023,55.0,-90.381,-90.311,0.0,0.0,-0.265,31.0,31.22,31.22,0.0,0.0,-0.0,31.0,40.619,40.825,-8.0,0.0,0.0,33.0
9.9828,1,fwd,95.0,12.1,5.348,5.169,8.0,0.0,0.0,31.0,-100.0,-100.0,-8.0,0.0,0.0,31.0,-100.0,-100.0,0.0,0.0,-0.0,31.0,-67.2,95.0,-88.0,14.0,3.966,55.0,-90.311,-90.311,0.0,0.0,0.412,31.0,31.22,31.22,0.0,0.0,-0.0,31.0,40.619,40.825,-8.0,0.0,0.0,33.0
10.0359,1,fwd,95.0,12.1,5.348,5.169,8.0,0.0,0.0,31.0,-100.0,-100.0,-8.0,0.0,0.0,31.0,-100.0,-100.0,0.0,0.0,-0.0,31.0,-66.8,95.0,-88.0,14.0,5.508,55.0,-90.311,-90.311,0.0,0.0,0.202,31.0,31.22,31.22,0.0,0.0,-0.0,31.0,40.619,40.825,-8.0,0.0,0.0,33.0
10.0891,1,fwd,95.0,12.1,5.348,5.169,8.0,0.0,0.0,31.0,-100.0,-100.0,-8.0,0.0,0.0,31.0,-100.0,-100.0,0.0,0.0,-0.0,31.0,-66.533,95.0,-88.0,14.0,5.701,55.0,-90.311,-90.311,0.0,0.0,0.099,31.0,31.22,31.22,0.0,0.0,-0.0,31.0,40.619,40.825,-8.0,0.0,0.0,33.0
10.1424,1,fwd,95.0,12.1,5.348,5.169,8.0,0.0,0.0,31.0,-100.0,-100.0,-8.0,0.0,0.0,31.0,-100.0,-100.0,0.0,0.0,-0.0,31.0,-66.267,95.0,-88.0,14.0,5.351,55.0,-90.311,-90.311,0.0,0.0,0.048,31.0,31.22,31.22,0.0,0.0,-0.0,31.0,40.619,40.825,-8.0,0.0,0.0,33.0
10.1954,1,fwd,95.0,12.1,5.348,5.169,8.0,0.0,0.0,31.0,-100.0,-100.0,-8.0,0.0,0.0,31.0,-100.0,-100.0,0.0,0.0,-0.0,31.0,-66.267,95.0,-104.0,17.0,5.351,33.0,-90.311,-90.311,0.0,0.0,0.048,31.0,31.22,31.22,0.0,0.0,-0.0,31.0,40.619,40.825,-8.0,0.0,0.0,33.0
10.2479,1,fwd,95.0,12.1,5.438,5.169,8.0,0.0,0.306,31.0,-100.0,-100.0,-8.0,0.0,0.0,31.0,-100.0,-100.0,0.0,0.0,-0.0,31.0,-65.867,95.0,-104.0,17.0,5.032,33.0,-90.381,-90.311,0.0,0.0,-0.756,31.0,31.22,31.22,0.0,0.0,-0.0,31.0,40.619,40.825,-8.0,0.0,0.0,33.0
10.3005,1,fwd,95.0,12.1,5.438,5.169,8.0,0.0,0.15,31.0,-100.0,-100.0,-8.0,0.0,0.0,31.0,-100.0,-100.0,0.0,0.0,-0.0,31.0,-65.6,95.0,-104.0,17.0,4.932,33.0,-90.381,-90.311,0.0,0.0,-0.37,31.0,31.22,31.22,0.0,0.0,-0.0,31.0,40.619,40.825,-8.0,0.0,0.0,33.0
10.3545,1,fwd,95.0,12.1,5.438,5.169,8.0,0.0,0.073,31.0,-100.0,-100.0,-8.0,0.0,0.0,31.0,-100.0,-100.0,0.0,0.0,-0.0,31.0,-65.333,95.0,-104.0,17.0,4.946,33.0,-90.311,-90.311,0.0,0.0,0.584,31.0,31.22,31.22,0.0,0.0,-0.0,31.0,40.619,40.825,-8.0,0.0,0.0,33.0
10.4073,1,fwd,95.0,12.1,5.438,5.169,8.0,0.0,0.036,31.0,-100.0,-100.0,-8.0,0.0,0.0,31.0,-100.0,-100.0,0.0,0.0,-0.0,31.0,-65.067,95.0,-104.0,17.0,4.982,33.0,-90.311,-90.311,0.0,0.0,0.286,31.0,31.22,31.22,0.0,0.0,-0.0,31.0,40.619,40.825,-8.0,0.0,0.0,33.0
10.4603,1,fwd,95.0,12.1,5.438,5.169,8.0,0.0,0.018,31.0,-100.0,-100.0,-8.0,0.0,0.0,31.0,-100.0,-100.0,0.0,0.0,-0.0,31.0,-64.933,95.0,-104.0,17.0,3.951,33.0,-90.311,-90.311,0.0,0.0,0.14,31.0,31.22,31.22,0.0,0.0,-0.0,31.0,40.619,40.825,-8.0,0.0,0.0,33.0
10.5136,1,fwd,95.0,12.1,5.438,5.169,8.0,0.0,0.009,31.0,-100.0,-100.0,-8.0,0.0,0.0,31.0,-100.0,-100.0,0.0,0.0,-0.0,31.0,-64.667,95.0,-104.0,17.0,4.47,33.0,-90.311,-90.311,0.0,0.0,0.069,31.0,31.22,31.22,0.0,0.0,-0.0,31.0,40.619,40.825,-8.0,0.0,0.0,33.0
10.5668,1,fwd,95.0,12.1,5.438,5.169,8.0,0.0,0.004,31.0,-100.0,-100.0,-8.0,0.0,0.0,31.0,-100.0,-100.0,0.0,0.0,-0.0,31.0,-64.4,95.0,-104.0,17.0,4.733,33.0,-90.311,-90.311,0.0,0.0,0.034,31.0,31.22,31.22,0.0,0.0,-0.0,31.0,40.619,40.825,-8.0,0.0,0.0,33.0
10.6208,1,fwd,95.0,12.1,5.438,5.169,8.0,0.0,0.002,31.0,-100.0,-100.0,-8.0,0.0,0.0,31.0,-100.0,-100.0,0.0,0.0,-0.0,31.0,-64.133,95.0,-104.0,17.0,4.876,33.0,-90.381,-90.311,0.0,0.0,-0.527,31.0,31.22,31.22,0.0,0.0,-0.0,31.0,40.619,40.825,-8.0,0.0,0.0,33.0
10.6726,1,fwd,95.0,12.1,5.438,5.169,8.0,0.0,0.001,31.0,-100.0,-100.0,-8.0,0.0,0.0,31.0,-100.0,-100.0,0.0,0.0,-0.0,31.0,-63.867,95.0,-104.0,17.0,5.375,33.0,-90.381,-90.311,0.0,0.0,-0.258,31.0,31.22,31.22,0.0,0.0,-0.0,31.0,40.619,40.825,-8.0,0.0,0.0,33.0
10.7245,1,fwd,95.0,12.1,5.438,5.169,8.0,0.0,0.0,31.0,-100.0,-100.0,-8.0,0.0,0.0,31.0,-100.0,-100.0,0.0,0.0,-0.0,31.0,-63.6,95.0,-104.0,17.0,5.128,33.0,-90.311,-90.311,0.0,0.0,0.4,31.0,31.22,31.22,0.0,0.0,-0.0,31.0,40.619,40.825,-8.0,0.0,0.0,33.0
10.7782,1,fwd,95.0,12.1,5.438,5.169,16.0,0.0,0.0,31.0,-100.0,-100.0,-8.0,0.0,0.0,31.0,-100.0,-100.0,0.0,0.0,-0.0,31.0,-63.333,95.0,-100.0,26.0,4.925,33.0,-90.311,-90.311,0.0,0.0,0.28,31.0,31.22,31.22,0.0,0.0,-0.0,31.0,40.619,40.825,-8.0,0.0,0.0,33.0
10.8311,1,fwd,95.0,12.1,5.438,5.169,16.0,0.0,0.0,31.0,-100.0,-100.0,-8.0,0.0,0.0,31.0,-100.0,-100.0,0.0,0.0,-0.0,31.0,-63.067,95.0,-100.0,26.0,5.42,33.0,-90.311,-90.311,0.0,0.0,0.137,31.0,31.22,31.22,0.0,0.0,-0.0,31.0,40.619,40.825,-8.0,0.0,0.0,33.0
10.8844,1,fwd,95.0,12.1,5.438,5.169,16.0,0.0,0.0,31.0,-100.0,-100.0,-8.0,0.0,0.0,31.0,-100.0,-100.0,0.0,0.0,-0.0,31.0,-62.667,95.0,-100.0,26.0,6.229,33.0,-90.311,-90.311,0.0,0.0,0.067,31.0,31.22,31.22,0.0,0.0,-0.0,31.0,40.619,40.825,-8.0,0.0,0.0,33.0
10.9374,1,fwd,95.0,12.1,5.438,5.169,16.0,0.0,0.0,31.0,-100.0,-100.0,-8.0,0.0,0.0,31.0,-100.0,-100.0,0.0,0.0,-0.0,31.0,-62.533,95.0,-100.0,26.0,4.563,33.0,-90.381,-90.311,0.0,0.0,-0.751,31.0,31.22,31.22,0.0,0.0,-0.0,31.0,40.619,40.825,-8.0,0.0,0.0,33.0
10.9904,1,fwd,95.0,12.1,5.438,5.169,16.0,0.0,0.0,31.0,-100.0,-100.0,-8.0,0.0,0.0,31.0,-100.0,-100.0,0.0,0.0,-0.0,31.0,-62.267,95.0,-100.0,26.0,4.344,33.0,-90.381,-90.311,0.0,0.0,-0.368,31.0,31.22,31.22,0.0,0.0,-0.0,31.0,40.619,40.825,-8.0,0.0,0.0,33.0
11.0432,1,fwd,95.0,12.1,5.438,5.169,16.0,0.0,0.0,31.0,-100.0,-100.0,-8.0,0.0,0.0,31.0,-100.0,-100.0,0.0,0.0,-0.0,31.0,-61.867,95.0,-100.0,26.0,6.133,33.0,-90.381,-90.311,0.0,0.0,-0.18,31.0,31.22,31.22,0.0,0.0,-0.0,31.0,40.619,40.825,-8.0,0.0,0.0,33.0
11.0963,1,fwd,95.0,12.1,5.438,5.169,16.0,0.0,0.0,31.0,-100.0,-100.0,-8.0,0.0,0.0,31.0,-100.0,-100.0,0.0,0.0,-0.0,31.0,-61.733,95.0,-100.0,26.0,4.495,33.0,-90.311,-90.311,0.0,0.0,0.685,31.0,31.22,31.22,0.0,0.0,-0.0,31.0,40.619,40.825,-8.0,0.0,0.0,33.0
11.1495,1,fwd,95.0,12.1,5.438,5.169,16.0,0.0,0.0,31.0,-100.0,-100.0,-8.0,0.0,0.0,31.0,-100.0,-100.0,0.0,0.0,-0.0,31.0,-61.467,95.0,-100.0,26.0,4.747,33.0,-90.311,-90.311,0.0,0.0,0.336,31.0,31.22,31.22,0.0,0.0,-0.0,31.0,40.619,40.825,-8.0,0.0,0.0,33.0
11.2019,1,fwd,95.0,12.1,5.438,5.169,16.0,0.0,0.0,31.0,-100.0,-100.0,-8.0,0.0,0.0,31.0,-100.0,-100.0,0.0,0.0,-0.0,31.0,-61.2,95.0,-100.0,26.0,5.348,33.0,-90.311,-90.311,0.0,0.0,0.164,31.0,31.22,31.22,0.0,0.0,-0.0,31.0,40.619,40.825,-8.0,0.0,0.0,33.0
11.2551,1,fwd,95.0,12.1,5.438,5.169,16.0,0.0,0.0,31.0,-100.0,-100.0,-8.0,0.0,0.0,31.0,-100.0,-100.0,0.0,0.0,-0.0,31.0,-61.067,95.0,-100.0,26.0,4.122,33.0,-90.311,-90.311,0.0,0.0,0.081,31.0,31.22,31.22,0.0,0.0,-0.0,31.0,40.619,40.825,-8.0,0.0,0.0,33.0
11.308,1,fwd,95.0,12.1,5.438,5.169,16.0,0.0,0.0,31.0,-100.0,-100.0,-8.0,0.0,0.0,31.0,-100.0,-100.0,0.0,0.0,-0.0,31.0,-60.933,95.0,-100.0,26.0,4.384,33.0,-90.381,-90.311,0.0,0.0,-0.721,31.0,31.22,31.22,0.0,0.0,-0.0,31.0,40.619,40.825,-8.0,0.0,0.0,33.0
11.3623,1,fwd,95.0,12.1,5.438,5.169,16.0,0.0,0.0,31.0,-100.0,-100.0,-8.0,0.0,0.0,31.0,-100.0,-100.0,0.0,0.0,-0.0,31.0,-60.533,95.0,-120.0,19.0,5.061,33.0,-90.381,-90.311,-8.0,0.0,-0.505,31.0,31.22,31.22,0.0,0.0,-0.0,31.0,40.619,40.825,-8.0,0.0,0.0,33.0
11.4159,1,fwd,95.0,12.1,5.438,5.169,16.0,0.0,0.0,31.0,-100.0,-100.0,-8.0,0.0,0.0,31.0,-100.0,-100.0,0.0,0.0,-0.0,31.0,-60.4,95.0,-120.0,19.0,3.982,33.0,-90.381,-90.311,-8.0,0.0,-0.247,31.0,31.22,31.22,0.0,0.0,-0.0,31.0,40.619,40.825,-8.0,0.0,0.0,33.0
11.4696,1,fwd,95.0,12.1,5.438,5.169,16.0,0.0,0.0,31.0,-100.0,-100.0,-8.0,0.0,0.0,31.0,-100.0,-100.0,0.0,0.0,-0.0,31.0,-59.867,95.0,-120.0,19.0,6.809,33.0,-90.381,-90.311,-8.0,0.0,-0.121,31.0,31.22,31.22,0.0,0.0,-0.0,31.0,40.619,40.825,-8.0,0.0,0.0,33.0
11.5216,1,fwd,95.0,12.1,5.438,5.169,16.0,0.0,0.0,31.0,-100.0,-100.0,-8.0,0.0,0.0,31.0,-100.0,-100.0,0.0,0.0,-0.0,31.0,-59.6,95.0,-120.0,19.0,5.895,33.0,-90.311,-90.311,-8.0,0.0,0.723,31.0,31.22,31.22,0.0,0.0,-0.0,31.0,40.619,40.825,-8.0,0.0,0.0,33.0
11.5752,1,fwd,95.0,12.1,5.438,5.169,16.0,0.0,0.0,31.0,-100.0,-100.0,-8.0,0.0,0.0,31.0,-100.0,-100.0,0.0,0.0,-0.0,31.0,-59.333,95.0,-120.0,19.0,5.892,33.0,-90.311,-90.311,-8.0,0.0,0.354,31.0,31.22,31.22,0.0,0.0,-0.0,31.0,40.619,40.825,-8.0,0.0,0.0,33.0
11.6285,1,fwd,95.0,12.1,5.438,5.169,16.0,0.0,0.0,31.0,-100.0,-100.0,-8.0,0.0,0.0,31.0,-100.0,-100.0,0.0,0.0,-0.0,31.0,-59.067,95.0,-120.0,19.0,5.445,33.0,-90.311,-90.311,-8.0,0.0,0.174,31.0,31.22,31.22,0.0,0.0,-0.0,31.0,40.619,40.825,-8.0,0.0,0.0,33.0
11.6814,1,fwd,95.0,12.1,5.438,5.169,16.0,0.0,0.0,31.0,-100.0,-100.0,-8.0,0.0,0.0,31.0,-100.0,-100.0,0.0,0.0,-0.0,31.0,-58.933,95.0,-120.0,19.0,3.723,33.0,-90.311,-90.311,-8.0,0.0,0.085,31.0,31.22,31.22,0.0,0.0,-0.0,31.0,40.619,40.825,-8.0,0.0,0.0,33.0
11.7331,1,fwd,95.0,12.1,5.438,5.169,16.0,0.0,0.0,31.0,-100.0,-100.0,-8.0,0.0,0.0,31.0,-100.0,-100.0,0.0,0.0,-0.0,31.0,-58.667,95.0,-120.0,19.0,4.36,33.0,-90.381,-90.311,-8.0,0.0,-0.504,31.0,31.22,31.22,0.0,0.0,-0.0,31.0,40.619,40.825,-8.0,0.0,0.0,33.0
11.786,1,fwd,95.0,12.1,5.438,5.169,16.0,0.0,0.0,31.0,-100.0,-100.0,-8.0,0.0,0.0,31.0,-100.0,-100.0,0.0,0.0,-0.0,31.0,-58.4,95.0,-120.0,19.0,5.126,33.0,-90.381,-90.311,-8.0,0.0,-0.247,31.0,31.22,31.22,0.0,0.0,-0.0,31.0,40.619,40.825,-8.0,0.0,0.0,33.0
11.8391,1,fwd,95.0,12.1,5.438,5.169,16.0,0.0,0.0,31.0,-100.0,-100.0,-8.0,0.0,0.0,31.0,-100.0,-100.0,0.0,0.0,-0.0,31.0,-58.267,95.0,-120.0,19.0,3.558,33.0,-90.381,-90.311,-8.0,0.0,-0.121,31.0,31.22,31.22,0.0,0.0,-0.0,31.0,40.619,40.825,-8.0,0.0,0.0,33.0
11.8922,1,fwd,95.0,12.1,5.438,5.169,16.0,0.0,0.0,31.0,-100.0,-100.0,-8.0,0.0,0.0,31.0,-100.0,-100.0,0.0,0.0,-0.0,31.0,-58.0,95.0,-120.0,30.0,5.472,32.0,-90.381,-90.311,-8.0,0.0,-0.085,31.0,31.22,31.22,0.0,0.0,-0.0,31.0,40.619,40.825,-8.0,0.0,0.0,33.0
11.9453,1,fwd,95.0,12.1,5.438,5.169,16.0,0.0,0.0,31.0,-100.0,-100.0,-8.0,0.0,0.0,31.0,-100.0,-100.0,0.0,0.0,-0.0,31.0,-57.867,95.0,-120.0,30.0,3.175,32.0,-90.311,-90.311,-8.0,0.0,0.742,31.0,31.22,31.22,0.0,0.0,-0.0,31.0,40.619,40.825,-8.0,0.0,0.0,33.0
11.9981,1,fwd,95.0,12.1,5.438,5.169,16.0,0.0,0.0,31.0,-100.0,-100.0,-8.0,0.0,0.0,31.0,-100.0,-100.0,0.0,0.0,-0.0,31.0,-57.467,95.0,-120.0,30.0,5.137,32.0,-90.311,-90.311,-8.0,0.0,0.364,31.0,31.22,31.22,0.0,0.0,-0.0,31.0,40.619,40.825,-8.0,0.0,0.0,33.0
12.0513,1,fwd,95.0,12.1,5.438,5.169,16.0,0.0,0.0,31.0,-100.0,-100.0,-8.0,0.0,0.0,31.0,-100.0,-100.0,0.0,0.0,-0.0,31.0,-57.2,95.0,-120.0,30.0,5.083,32.0,-90.311,-90.311,-8.0,0.0,0.178,31.0,31.22,31.22,0.0,0.0,-0.0,31.0,40.619,40.825,-8.0,0.0,0.0,33.0
12.1044,1,fwd,95.0,12.1,5.438,5.169,16.0,0.0,0.0,31.0,-100.0,-100.0,-8.0,0.0,0.0,31.0,-100.0,-100.0,0.0,0.0,-0.0,31.0,-56.8,95.0,-120.0,30.0,6.504,32.0,-90.381,-90.311,-8.0,0.0,-0.682,31.0,31.22,31.22,0.0,0.0,-0.0,31.0,40.619,40.825,-8.0,0.0,0.0,33.0
12.1573,1,fwd,95.0,12.1,5.438,5.169,16.0,0.0,0.0,31.0,-100.0,-100.0,-8.0,0.0,0.0,31.0,-100.0,-100.0,0.0,0.0,-0.0,31.0,-56.533,95.0,-120.0,30.0,5.751,32.0,-90.381,-90.311,-8.0,0.0,-0.334,31.0,31.22,31.22,0.0,0.0,-0.0,31.0,40.619,40.825,-8.0,0.0,0.0,33.0
12.2103,1,fwd,95.0,12.1,5.438,5.169,16.0,0.0,0.0,31.0,-100.0,-100.0,-8.0,0.0,0.0,31.0,-100.0,-100.0,0.0,0.0,-0.0,31.0,-56.133,95.0,-120.0,30.0,6.86,32.0,-90.381,-90.311,-8.0,0.0,-0.164,31.0,31.22,31.22,0.0,0.0,-0.0,31.0,40.619,40.825,-8.0,0.0,0.0,33.0
12.2626,1,fwd,95.0,12.1,5.438,5.169,16.0,0.0,0.0,31.0,-100.0,-100.0,-8.0,0.0,0.0,31.0,-100.0,-100.0,0.0,0.0,-0.0,31.0,-56.0,95.0,-120.0,30.0,4.418,32.0,-90.381,-90.311,-8.0,0.0,-0.08,31.0,31.22,31.22,0.0,0.0,-0.0,31.0,40.619,40.825,-8.0,0.0,0.0,33.0
12.3146,1,fwd,95.0,12.1,5.438,5.169,16.0,0.0,0.0,31.0,-100.0,-100.0,-8.0,0.0,0.0,31.0,-100.0,-100.0,0.0,0.0,-0.0,31.0,-55.733,95.0,-120.0,30.0,4.705,32.0,-90.381,-90.311,-8.0,0.0,-0.039,31.0,31.22,31.22,0.0,0.0,-0.0,31.0,40.619,40.825,-8.0,0.0,0.0,33.0
12.3684,1,fwd,95.0,12.1,5.438,5.169,16.0,0.0,0.0,31.0,-100.0,-100.0,-8.0,0.0,0.0,31.0,-100.0,-100.0,0.0,0.0,-0.0,31.0,-55.733,95.0,-120.0,30.0,2.306,32.0,-90.381,-90.311,-8.0,0.0,-0.019,31.0,31.22,31.22,0.0,0.0,-0.0,31.0,40.619,40.825,-8.0,0.0,0.0,33.0
12.4212,1,fwd,95.0,12.1,5.438,5.169,16.0,0.0,0.0,31.0,-100.0,-100.0,-8.0,0.0,0.0,31.0,-100.0,-100.0,0.0,0.0,-0.0,31.0,-55.333,95.0,-120.0,30.0,5.131,32.0,-90.381,-90.311,-8.0,0.0,-0.009,31.0,31.22,31.22,0.0,0.0,-0.0,31.0,40.619,40.825,-8.0,0.0,0.0,33.0
12.4737,1,fwd,95.0,12.1,5.438,5.169,16.0,0.0,0.0,31.0,-100.0,-100.0,-8.0,0.0,0.0,31.0,-100.0,-100.0,0.0,0.0,-0.0,31.0,-55.333,95.0,-116.0,26.0,5.131,33.0,-90.381,-90.311,-8.0,0.0,-0.009,31.0,31.22,31.22,0.0,0.0,-0.0,31.0,40.619,40.825,-8.0,0.0,0.0,33.0
12.527,1,fwd,95.0,12.1,5.438,5.169,16.0,0.0,0.0,31.0,-100.0,-100.0,-8.0,0.0,0.0,31.0,-100.0,-100.0,0.0,0.0,-0.0,31.0,-55.067,95.0,-116.0,26.0,3.406,33.0,-90.381,-90.311,-8.0,0.0,-0.005,31.0,31.22,31.22,0.0,0.0,-0.0,31.0,40.619,40.825,-8.0,0.0,0.0,33.0
12.5804,1,fwd,95.0,12.1,5.438,5.169,16.0,0.0,0.0,31.0,-100.0,-100.0,-8.0,0.0,0.0,31.0,-100.0,-100.0,0.0,0.0,-0.0,31.0,-54.667,95.0,-116.0,26.0,5.717,33.0,-90.311,-90.311,-8.0,0.0,0.534,31.0,31.22,31.22,0.0,0.0,-0.0,31.0,40.619,40.825,-8.0,0.0,0.0,33.0
12.6343,1,fwd,95.0,12.1,5.438,5.169,16.0,0.0,0.0,31.0,-100.0,-100.0,-8.0,0.0,0.0,31.0,-100.0,-100.0,0.0,0.0,-0.0,31.0,-54.4,95.0,-116.0,26.0,5.211,33.0,-90.311,-90.311,-8.0,0.0,0.262,31.0,31.22,31.22,0.0,0.0,-0.0,31.0,40.619,40.825,-8.0,0.0,0.0,33.0
12.6878,1,fwd,95.0,12.1,5.438,5.169,16.0,0.0,0.0,31.0,-100.0,-100.0,-8.0,0.0,0.0,31.0,-100.0,-100.0,0.0,0.0,-0.0,31.0,-54.267,95.0,-116.0,26.0,3.597,33.0,-90.381,-90.311,-8.0,0.0,-0.636,31.0,31.22,31.22,0.0,0.0,-0.0,31.0,40.619,40.825,-8.0,0.0,0.0,33.0
12.7397,1,fwd,95.0,12.1,5.438,5.169,16.0,0.0,0.0,31.0,-100.0,-100.0,-8.0,0.0,0.0,31.0,-100.0,-100.0,0.0,0.0,-0.0,31.0,-54.0,95.0,-116.0,26.0,4.322,33.0,-90.381,-90.311,-8.0,0.0,-0.312,31.0,31.22,31.22,0.0,0.0,-0.0,31.0,40.619,40.825,-8.0,0.0,0.0,33.0
12.7917,1,fwd,95.0,12.1,5.438,5.169,16.0,0.0,0.0,31.0,-100.0,-100.0,-8.0,0.0,0.0,31.0,-100.0,-100.0,0.0,0.0,-0.0,31.0,-53.6,95.0,-116.0,26.0,5.698,33.0,-90.381,-90.311,-8.0,0.0,-0.153,31.0,31.22,31.22,0.0,0.0,-0.0,31.0,40.619,40.825,-8.0,0.0,0.0,33.0
12.8438,1,fwd,95.0,12.1,5.438,5.169,16.0,0.0,0.0,31.0,-100.0,-100.0,-8.0,0.0,0.0,31.0,-100.0,-100.0,0.0,0.0,-0.0,31.0,-53.333,95.0,-116.0,26.0,5.782,33.0,-90.381,-90.311,-8.0,0.0,-0.075,31.0,31.22,31.22,0.0,0.0,-0.0,31.0,40.619,40.825,-8.0,0.0,0.0,33.0
12.8964,1,fwd,95.0,12.1,5.438,5.169,16.0,0.0,0.0,31.0,-100.0,-100.0,-8.0,0.0,0.0,31.0,-100.0,-100.0,0.0,0.0,-0.0,31.0,-52.933,95.0,-116.0,26.0,6.887,33.0,-90.381,-90.311,-8.0,0.0,-0.037,31.0,31.22,31.22,0.0,0.0,-0.0,31.0,40.619,40.825,-8.0,0.0,0.0,33.0
12.9488,1,fwd,95.0,12.1,5.438,5.169,16.0,0.0,0.0,31.0,-100.0,-100.0,-8.0,0.0,0.0,31.0,-100.0,-100.0,0.0,0.0,-0.0,31.0,-52.8,95.0,-116.0,26.0,4.85,33.0,-90.381,-90.311,-8.0,0.0,-0.018,31.0,31.22,31.22,0.0,0.0,-0.0,31.0,40.619,40.825,-8.0,0.0,0.0,33.0
13.002,1,fwd,95.0,12.1,5.438,5.169,16.0,0.0,0.0,31.0,-100.0,-100.0,-8.0,0.0,0.0,31.0,-100.0,-100.0,0.0,0.0,-0.0,31.0,-52.667,95.0,-116.0,26.0,3.883,33.0,-90.381,-90.311,-8.0,0.0,-0.009,31.0,31.22,31.22,0.0,0.0,-0.0,31.0,40.619,40.825,-8.0,0.0,0.0,33.0
13.0546,1,fwd,95.0,12.0,5.438,5.169,16.0,0.0,0.0,31.0,-100.0,-100.0,-8.0,0.0,0.0,31.0,-100.0,-100.0,0.0,0.0,-0.0,31.0,-52.133,95.0,-148.0,38.0,5.386,32.0,-90.381,-90.311,-8.0,0.0,-0.006,31.0,31.22,31.22,0.0,0.0,-0.0,31.0,40.619,40.825,-8.0,0.0,0.0,33.0
13.1067,1,fwd,95.0,12.0,5.438,5.169,16.0,0.0,0.0,31.0,-100.0,-100.0,-8.0,0.0,0.0,31.0,-100.0,-100.0,0.0,0.0,-0.0,31.0,-52.133,95.0,-148.0,38.0,3.77,32.0,-90.381,-90.311,-8.0,0.0,-0.004,31.0,31.22,31.22,0.0,0.0,-0.0,31.0,40.619,40.825,-8.0,0.0,0.0,33.0
13.1599,1,fwd,95.0,12.0,5.438,5.169,16.0,0.0,0.0,31.0,-100.0,-100.0,-8.0,0.0,0.0,31.0,-100.0,-100.0,0.0,0.0,-0.0,31.0,-52.133,95.0,-148.0,38.0,1.847,32.0,-90.381,-90.311,-8.0,0.0,-0.002,31.0,31.22,31.22,0.0,0.0,-0.0,31.0,40.619,40.825,-8.0,0.0,0.0,33.0
13.2134,1,fwd,95.0,12.0,5.438,5.169,16.0,0.0,0.0,31.0,-100.0,-100.0,-8.0,0.0,0.0,31.0,-100.0,-100.0,0.0,0.0,-0.0,31.0,-51.6,95.0,-148.0,38.0,5.745,32.0,-90.381,-90.311,-8.0,0.0,-0.001,31.0,31.22,31.22,0.0,0.0,-0.0,31.0,40.619,40.825,-8.0,0.0,0.0,33.0
13.2673,1,fwd,95.0,12.0,5.438,5.169,16.0,0.0,0.0,31.0,-100.0,-100.0,-8.0,0.0,0.0,31.0,-100.0,-100.0,0.0,0.0,-0.0,31.0,-51.333,95.0,-148.0,38.0,5.232,32.0,-90.381,-90.311,-8.0,0.0,-0.001,31.0,31.22,31.22,0.0,0.0,-0.0,31.0,40.619,40.825,-8.0,0.0,0.0,33.0
13.3204,1,fwd,95.0,12.0,5.438,5.169,16.0,0.0,0.0,31.0,-100.0,-100.0,-8.0,0.0,0.0,31.0,-100.0,-100.0,0.0,0.0,-0.0,31.0,-51.2,95.0,-148.0,38.0,4.061,32.0,-90.381,-90.311,-8.0,0.0,-0.0,31.0,31.22,31.22,0.0,0.0,-0.0,31.0,40.619,40.825,-8.0,0.0,0.0,33.0
13.3741,1,fwd,95.0,12.0,5.438,5.169,16.0,0.0,0.0,31.0,-100.0,-100.0,-8.0,0.0,0.0,31.0,-100.0,-100.0,0.0,0.0,-0.0,31.0,-50.933,95.0,-148.0,38.0,4.536,32.0,-90.381,-90.311,-8.0,0.0,-0.0,31.0,31.22,31.22,0.0,0.0,-0.0,31.0,40.619,40.825,-8.0,0.0,0.0,33.0
13.4283,1,fwd,95.0,12.0,5.438,5.169,16.0,0.0,0.0,31.0,-100.0,-100.0,-8.0,0.0,0.0,31.0,-100.0,-100.0,0.0,0.0,-0.0,31.0,-50.533,95.0,-148.0,38.0,5.799,32.0,-90.381,-90.311,-8.0,0.0,-0.0,31.0,31.22,31.22,0.0,0.0,-0.0,31.0,40.619,40.825,-8.0,0.0,0.0,33.0
13.4808,1,fwd,95.0,12.0,5.438,5.169,16.0,0.0,0.0,31.0,-100.0,-100.0,-8.0,0.0,0.0,31.0,-100.0,-100.0,0.0,0.0,-0.0,31.0,-50.4,95.0,-148.0,38.0,3.877,32.0,-90.381,-90.311,-8.0,0.0,-0.0,31.0,31.22,31.22,0.0,0.0,-0.0,31.0,40.619,40.825,-8.0,0.0,0.0,33.0
13.5331,1,fwd,95.0,12.0,5.438,5.169,16.0,0.0,0.0,31.0,-100.0,-100.0,-8.0,0.0,0.0,31.0,-100.0,-100.0,0.0,0.0,-0.0,31.0,-49.867,95.0,-148.0,38.0,7.367,32.0,-90.381,-90.311,-8.0,0.0,-0.0,31.0,31.22,31.22,0.0,0.0,-0.0,31.0,40.619,40.825,-8.0,0.0,0.0,33.0
13.5865,1,fwd,95.0,12.0,5.438,5.169,16.0,0.0,0.0,31.0,-100.0,-100.0,-8.0,0.0,0.0,31.0,-100.0,-100.0,0.0,0.0,-0.0,31.0,-49.733,95.0,-148.0,38.0,4.642,32.0,-90.381,-90.311,-8.0,0.0,-0.0,31.0,31.22,31.22,0.0,0.0,-0.0,31.0,40.619,40.825,-8.0,0.0,0.0,33.0
13.6397,1,fwd,95.0,12.1,5.438,5.169,16.0,0.0,0.0,31.0,-100.0,-100.0,-8.0,0.0,0.0,31.0,-100.0,-100.0,0.0,0.0,-0.0,31.0,-49.6,95.0,-136.0,32.0,3.927,33.0,-90.381,-90.311,-8.0,0.0,-0.0,31.0,31.22,31.22,0.0,0.0,-0.0,31.0,40.619,40.825,-8.0,0.0,0.0,33.0
13.6928,1,fwd,95.0,12.1,5.438,5.169,16.0,0.0,0.0,31.0,-100.0,-100.0,-8.0,0.0,0.0,31.0,-100.0,-100.0,0.0,0.0,-0.0,31.0,-49.333,95.0,-136.0,32.0,4.907,33.0,-90.381,-90.311,-8.0,0.0,-0.0,31.0,31.22,31.22,0.0,0.0,-0.0,31.0,40.619,40.825,-8.0,0.0,0.0,33.0
13.7456,1,fwd,95.0,12.1,5.438,5.169,16.0,0.0,0.0,31.0,-100.0,-100.0,-8.0,0.0,0.0,31.0,-100.0,-100.0,0.0,0.0,-0.0,31.0,-49.067,95.0,-136.0,32.0,4.961,33.0,-90.381,-90.311,-8.0,0.0,-0.0,31.0,31.22,31.22,0.0,0.0,-0.0,31.0,40.619,40.825,-8.0,0.0,0.0,33.0
13.7976,1,fwd,95.0,12.1,5.438,5.169,16.0,0.0,0.0,31.0,-100.0,-100.0,-8.0,0.0,0.0,31.0,-100.0,-100.0,0.0,0.0,-0.0,31.0,-48.8,95.0,-136.0,32.0,4.987,33.0,-90.381,-90.311,-8.0,0.0,-0.0,31.0,31.22,31.22,0.0,0.0,-0.0,31.0,40.619,40.825,-8.0,0.0,0.0,33.0
13.8496,1,fwd,95.0,12.1,5.438,5.169,16.0,0.0,0.0,31.0,-100.0,-100.0,-8.0,0.0,0.0,31.0,-100.0,-100.0,0.0,0.0,-0.0,31.0,-48.4,95.0,-136.0,32.0,6.043,33.0,-90.381,-90.311,-8.0,0.0,-0.0,31.0,31.22,31.22,0.0,0.0,-0.0,31.0,40.619,40.825,-8.0,0.0,0.0,33.0
13.9024,1,fwd,95.0,12.1,5.438,5.169,16.0,0.0,0.0,31.0,-100.0,-100.0,-8.0,0.0,0.0,31.0,-100.0,-100.0,0.0,0.0,-0.0,31.0,-48.267,95.0,-136.0,32.0,4.446,33.0,-90.381,-90.311,-8.0,0.0,-0.0,31.0,31.22,31.22,0.0,0.0,-0.0,31.0,40.619,40.825,-8.0,0.0,0.0,33.0
13.9555,1,fwd,95.0,12.1,5.438,5.169,16.0,0.0,0.0,31.0,-100.0,-100.0,-8.0,0.0,0.0,31.0,-100.0,-100.0,0.0,0.0,-0.0,31.0,-48.0,95.0,-136.0,32.0,4.285,33.0,-90.381,-90.311,-8.0,0.0,-0.0,31.0,31.22,31.22,0.0,0.0,-0.0,31.0,40.619,40.825,-8.0,0.0,0.0,33.0
14.0083,1,fwd,95.0,12.1,5.438,5.169,16.0,0.0,0.0,31.0,-100.0,-100.0,-8.0,0.0,0.0,31.0,-100.0,-100.0,0.0,0.0,-0.0,31.0,-47.467,95.0,-136.0,32.0,7.655,33.0,-90.381,-90.311,-8.0,0.0,-0.0,31.0,31.22,31.22,0.0,0.0,-0.0,31.0,40.619,40.825,-8.0,0.0,0.0,33.0
14.0613,1,fwd,95.0,12.1,5.438,5.169,16.0,0.0,0.0,31.0,-100.0,-100.0,-8.0,0.0,0.0,31.0,-100.0,-100.0,0.0,0.0,-0.0,31.0,-47.467,95.0,-136.0,32.0,3.751,33.0,-90.381,-90.311,-8.0,0.0,-0.0,31.0,31.22,31.22,0.0,0.0,-0.0,31.0,40.619,40.825,-8.0,0.0,0.0,33.0
14.1144,1,fwd,95.0,12.1,5.438,5.169,16.0,0.0,0.0,31.0,-100.0,-100.0,-8.0,0.0,0.0,31.0,-100.0,-100.0,0.0,0.0,-0.0,31.0,-46.933,95.0,-136.0,32.0,6.943,33.0,-90.381,-90.311,-8.0,0.0,-0.0,31.0,31.22,31.22,0.0,0.0,-0.0,31.0,40.619,40.825,-8.0,0.0,0.0,33.0
14.1674,1,fwd,95.0,12.1,5.438,5.169,16.0,0.0,0.0,31.0,-100.0,-100.0,-8.0,0.0,0.0,31.0,-100.0,-100.0,0.0,0.0,-0.0,31.0,-46.8,95.0,-136.0,32.0,6.369,33.0,-90.381,-90.311,-8.0,0.0,-0.0,31.0,31.22,31.22,0.0,0.0,-0.0,31.0,40.619,40.825,-8.0,0.0,0.0,33.0
14.2209,1,fwd,95.0,12.1,5.438,5.169,16.0,0.0,0.0,31.0,-100.0,-100.0,-8.0,0.0,0.0,31.0,-100.0,-100.0,0.0,0.0,-0.0,31.0,-46.667,95.0,-128.0,25.0,5.123,33.0,-90.381,-90.311,-8.0,0.0,-0.0,31.0,31.22,31.22,0.0,0.0,-0.0,31.0,40.619,40.825,-8.0,0.0,0.0,33.0
14.274,1,fwd,95.0,12.1,5.438,5.169,16.0,0.0,0.0,31.0,-100.0,-100.0,-8.0,0.0,0.0,31.0,-100.0,-100.0,0.0,0.0,-0.0,31.0,-46.533,95.0,-128.0,25.0,3.49,33.0,-90.381,-90.311,-8.0,0.0,-0.0,31.0,31.22,31.22,0.0,0.0,-0.0,31.0,40.619,40.825,-8.0,0.0,0.0,33.0
14.3279,1,fwd,95.0,12.1,5.438,5.169,16.0,0.0,0.0,31.0,-100.0,-100.0,-8.0,0.0,0.0,31.0,-100.0,-100.0,0.0,0.0,-0.0,31.0,-46.133,95.0,-128.0,25.0,5.653,33.0,-90.381,-90.311,-8.0,0.0,-0.0,31.0,31.22,31.22,0.0,0.0,-0.0,31.0,40.619,40.825,-8.0,0.0,0.0,33.0
14.382,1,fwd,95.0,12.1,5.438,5.169,16.0,0.0,0.0,31.0,-100.0,-100.0,-8.0,0.0,0.0,31.0,-100.0,-100.0,0.0,0.0,-0.0,31.0,-45.867,95.0,-128.0,25.0,5.298,33.0,-90.381,-90.311,-8.0,0.0,-0.0,31.0,31.22,31.22,0.0,0.0,-0.0,31.0,40.619,40.825,-8.0,0.0,0.0,33.0
14.4356,1,fwd,95.0,12.1,5.438,5.169,16.0,0.0,0.0,31.0,-100.0,-100.0,-8.0,0.0,0.0,31.0,-100.0,-100.0,0.0,0.0,-0.0,31.0,-45.867,95.0,-128.0,25.0,2.596,33.0,-90.381,-90.311,-8.0,0.0,-0.0,31.0,31.22,31.22,0.0,0.0,-0.0,31.0,40.619,40.825,-8.0,0.0,0.0,33.0
14.4881,1,fwd,95.0,12.1,5.438,5.169,16.0,0.0,0.0,31.0,-100.0,-100.0,-8.0,0.0,0.0,31.0,-100.0,-100.0,0.0,0.0,-0.0,31.0,-45.333,95.0,-128.0,25.0,6.806,33.0,-90.381,-90.311,-8.0,0.0,-0.0,31.0,31.22,31.22,0.0,0.0,-0.0,31.0,40.619,40.825,-8.0,0.0,0.0,33.0
14.5406,1,fwd,95.0,12.1,5.438,5.169,16.0,0.0,0.0,31.0,-100.0,-100.0,-8.0,0.0,0.0,31.0,-100.0,-100.0,0.0,0.0,-0.0,31.0,-45.2,95.0,-128.0,25.0,4.37,33.0,-90.381,-90.311,-8.0,0.0,-0.0,31.0,31.22,31.22,0.0,0.0,-0.0,31.0,40.619,40.825,-8.0,0.0,0.0,33.0
14.5939,1,fwd,95.0,12.1,5.438,5.169,16.0,0.0,0.0,31.0,-100.0,-100.0,-8.0,0.0,0.0,31.0,-100.0,-100.0,0.0,0.0,-0.0,31.0,-44.933,95.0,-128.0,25.0,4.689,33.0,-90.381,-90.311,-8.0,0.0,-0.0,31.0,31.22,31.22,0.0,0.0,-0.0,31.0,40.619,40.825,-8.0,0.0,0.0,33.0
14.6468,1,fwd,95.0,12.1,5.438,5.169,16.0,0.0,0.0,31.0,-100.0,-100.0,-8.0,0.0,0.0,31.0,-100.0,-100.0,0.0,0.0,-0.0,31.0,-44.8,95.0,-128.0,25.0,3.807,33.0,-90.381,-90.311,-8.0,0.0,-0.0,31.0,31.22,31.22,0.0,0.0,-0.0,31.0,40.619,40.825,-8.0,0.0,0.0,33.0
14.6996,1,fwd,95.0,12.1,5.438,5.169,16.0,0.0,0.0,31.0,-100.0,-100.0,-8.0,0.0,0.0,31.0,-100.0,-100.0,0.0,0.0,-0.0,31.0,-44.267,95.0,-128.0,25.0,6.994,33.0,-90.381,-90.311,-8.0,0.0,-0.0,31.0,31.22,31.22,0.0,0.0,-0.0,31.0,40.619,40.825,-8.0,0.0,0.0,33.0
14.7516,1,fwd,95.0,11.9,5.438,5.169,16.0,0.0,0.0,31.0,-100.0,-100.0,-8.0,0.0,0.0,31.0,-100.0,-100.0,0.0,0.0,-0.0,31.0,-44.267,95.0,-152.0,46.0,4.896,33.0,-90.381,-90.311,-8.0,0.0,-0.0,31.0,31.22,31.22,0.0,0.0,-0.0,31.0,40.619,40.825,-8.0,0.0,0.0,33.0
14.8035,1,fwd,95.0,11.9,5.438,5.169,16.0,0.0,0.0,31.0,-100.0,-100.0,-8.0,0.0,0.0,31.0,-100.0,-100.0,0.0,0.0,-0.0,31.0,-43.733,95.0,-152.0,46.0,6.385,33.0,-90.381,-90.311,-8.0,0.0,-0.0,31.0,31.22,31.22,0.0,0.0,-0.0,31.0,40.619,40.825,-8.0,0.0,0.0,33.0
14.8564,1,fwd,95.0,11.9,5.438,5.169,16.0,0.0,0.0,31.0,-100.0,-100.0,-8.0,0.0,0.0,31.0,-100.0,-100.0,0.0,0.0,-0.0,31.0,-43.6,95.0,-152.0,46.0,4.171,33.0,-90.381,-90.311,-8.0,0.0,-0.0,31.0,31.22,31.22,0.0,0.0,-0.0,31.0,40.619,40.825,-8.0,0.0,0.0,33.0
14.9093,1,fwd,95.0,11.9,5.438,5.169,16.0,0.0,0.0,31.0,-100.0,-100.0,-8.0,0.0,0.0,31.0,-100.0,-100.0,0.0,0.0,-0.0,31.0,-43.467,95.0,-152.0,46.0,3.092,33.0,-90.381,-90.311,-8.0,0.0,-0.0,31.0,31.22,31.22,0.0,0.0,-0.0,31.0,40.619,40.825,-8.0,0.0,0.0,33.0
14.9626,1,fwd,95.0,11.9,5.438,5.169,16.0,0.0,0.0,31.0,-100.0,-100.0,-8.0,0.0,0.0,31.0,-100.0,-100.0,0.0,0.0,-0.0,31.0,-42.933,95.0,-152.0,46.0,6.128,33.0,-90.381,-90.311,-8.0,0.0,-0.0,31.0,31.22,31.22,0.0,0.0,-0.0,31.0,40.619,40.825,-8.0,0.0,0.0,33.0
15.0147,1,fwd,95.0,11.9,5.438,5.169,16.0,0.0,0.0,31.0,-100.0,-100.0,-8.0,0.0,0.0,31.0,-100.0,-100.0,0.0,0.0,-0.0,31.0,-42.8,95.0,-152.0,46.0,4.466,33.0,-90.381,-90.311,-8.0,0.0,-0.0,31.0,31.22,31.22,0.0,0.0,-0.0,31.0,40.619,40.825,-8.0,0.0,0.0,33.0
15.0679,1,fwd,95.0,11.9,5.438,5.169,16.0,0.0,0.0,31.0,-100.0,-100.0,-8.0,0.0,0.0,31.0,-100.0,-100.0,0.0,0.0,-0.0,31.0,-42.8,95.0,-152.0,46.0,2.188,33.0,-90.381,-90.311,-8.0,0.0,-0.0,31.0,31.22,31.22,0.0,0.0,-0.0,31.0,40.619,40.825,-8.0,0.0,0.0,33.0
15.121,1,fwd,95.0,11.9,5.438,5.169,16.0,0.0,0.0,31.0,-100.0,-100.0,-8.0,0.0,0.0,31.0,-100.0,-100.0,0.0,0.0,-0.0,31.0,-42.4,95.0,-152.0,46.0,5.067,33.0,-90.381,-90.311,-8.0,0.0,-0.0,31.0,31.22,31.22,0.0,0.0,-0.0,31.0,40.619,40.825,-8.0,0.0,0.0,33.0
15.1741,1,fwd,95.0,11.9,5.438,5.169,16.0,0.0,0.0,31.0,-100.0,-100.0,-8.0,0.0,0.0,31.0,-100.0,-100.0,0.0,0.0,-0.0,31.0,-42.133,95.0,-152.0,46.0,4.585,33.0,-90.381,-90.311,-8.0,0.0,-0.0,31.0,31.22,31.22,0.0,0.0,-0.0,31.0,40.619,40.825,-8.0,0.0,0.0,33.0
15.227,1,fwd,95.0,11.9,5.438,5.169,16.0,0.0,0.0,31.0,-100.0,-100.0,-8.0,0.0,0.0,31.0,-100.0,-100.0,0.0,0.0,-0.0,31.0,-42.0,95.0,-152.0,46.0,3.303,33.0,-90.381,-90.311,-8.0,0.0,-0.0,31.0,31.22,31.22,0.0,0.0,-0.0,31.0,40.619,40.825,-8.0,0.0,0.0,33.0
15.2803,1,fwd,95.0,11.9,5.438,5.169,16.0,0.0,0.0,31.0,-100.0,-100.0,-8.0,0.0,0.0,31.0,-100.0,-100.0,0.0,0.0,-0.0,31.0,-41.867,95.0,-152.0,46.0,3.794,33.0,-90.381,-90.311,-8.0,0.0,-0.0,31.0,31.22,31.22,0.0,0.0,-0.0,31.0,40.619,40.825,-8.0,0.0,0.0,33.0
15.3338,1,fwd,95.0,12.1,5.438,5.169,16.0,0.0,0.0,31.0,-100.0,-100.0,-8.0,0.0,0.0,31.0,-100.0,-100.0,0.0,0.0,-0.0,31.0,-41.6,95.0,-152.0,44.0,5.273,33.0,-90.381,-90.311,-8.0,0.0,-0.0,31.0,31.22,31.22,0.0,0.0,-0.0,31.0,40.619,40.825,-8.0,0.0,0.0,33.0
15.3877,1,fwd,95.0,12.1,5.438,5.169,16.0,0.0,0.0,31.0,-100.0,-100.0,-8.0,0.0,0.0,31.0,-100.0,-100.0,0.0,0.0,-0.0,31.0,-41.2,95.0,-152.0,44.0,3.98,33.0,-90.381,-90.311,-8.0,0.0,-0.0,31.0,31.22,31.22,0.0,0.0,-0.0,31.0,40.619,40.825,-8.0,0.0,0.0,33.0
15.4407,1,fwd,95.0,12.1,5.438,5.169,16.0,0.0,0.0,31.0,-100.0,-100.0,-8.0,0.0,0.0,31.0,-100.0,-100.0,0.0,0.0,-0.0,31.0,-41.067,95.0,-152.0,44.0,3.455,33.0,-90.381,-90.311,-8.0,0.0,-0.0,31.0,31.22,31.22,0.0,0.0,-0.0,31.0,40.619,40.825,-8.0,0.0,0.0,33.0
15.4942,1,fwd,95.0,12.1,5.438,5.169,16.0,0.0,0.0,31.0,-100.0,-100.0,-8.0,0.0,0.0,31.0,-100.0,-100.0,0.0,0.0,-0.0,31.0,-40.533,95.0,-152.0,44.0,6.386,33.0,-90.381,-90.311,-8.0,0.0,-0.0,31.0,31.22,31.22,0.0,0.0,-0.0,31.0,40.619,40.825,-8.0,0.0,0.0,33.0
15.5468,1,fwd,95.0,12.1,5.438,5.169,16.0,0.0,0.0,31.0,-100.0,-100.0,-8.0,0.0,0.0,31.0,-100.0,-100.0,0.0,0.0,-0.0,31.0,-40.4,95.0,-152.0,44.0,4.186,33.0,-90.381,-90.311,-8.0,0.0,-0.0,31.0,31.22,31.22,0.0,0.0,-0.0,31.0,40.619,40.825,-8.0,0.0,0.0,33.0
15.5996,1,fwd,95.0,12.1,5.438,5.169,16.0,0.0,0.0,31.0,-100.0,-100.0,-8.0,0.0,0.0,31.0,-100.0,-100.0,0.0,0.0,-0.0,31.0,-39.867,95.0,-152.0,44.0,7.148,33.0,-90.381,-90.311,-8.0,0.0,-0.0,31.0,31.22,31.22,0.0,0.0,-0.0,31.0,40.619,40.825,-8.0,0.0,0.0,33.0
15.6531,1,fwd,95.0,12.1,5.438,5.169,16.0,0.0,0.0,31.0,-100.0,-100.0,-8.0,0.0,0.0,31.0,-100.0,-100.0,0.0,0.0,-0.0,31.0,-39.733,95.0,-152.0,44.0,4.557,33.0,-90.381,-90.311,-8.0,0.0,-0.0,31.0,31.22,31.22,0.0,0.0,-0.0,31.0,40.619,40.825,-8.0,0.0,0.0,33.0
15.7062,1,fwd,95.0,12.1,5.438,5.169,16.0,0.0,0.0,31.0,-100.0,-100.0,-8.0,0.0,0.0,31.0,-100.0,-100.0,0.0,0.0,-0.0,31.0,-39.6,95.0,-152.0,44.0,3.282,33.0,-90.381,-90.311,-8.0,0.0,-0.0,31.0,31.22,31.22,0.0,0.0,-0.0,31.0,40.619,40.825,-8.0,0.0,0.0,33.0
15.7594,1,fwd,95.0,12.1,5.438,5.169,16.0,0.0,0.0,31.0,-100.0,-100.0,-8.0,0.0,0.0,31.0,-100.0,-100.0,0.0,0.0,-0.0,31.0,-39.467,95.0,-152.0,44.0,3.113,33.0,-90.381,-90.311,-8.0,0.0,-0.0,31.0,31.22,31.22,0.0,0.0,-0.0,31.0,40.619,40.825,-8.0,0.0,0.0,33.0
15.8125,1,fwd,95.0,12.1,5.438,5.169,16.0,0.0,0.0,31.0,-100.0,-100.0,-8.0,0.0,0.0,31.0,-100.0,-100.0,0.0,0.0,-0.0,31.0,-39.067,95.0,-152.0,44.0,5.143,33.0,-90.381,-90.311,-8.0,0.0,-0.0,31.0,31.22,31.22,0.0,0.0,-0.0,31.0,40.619,40.825,-8.0,0.0,0.0,33.0
15.8655,1,fwd,95.0,12.1,5.438,5.169,16.0,0.0,0.0,31.0,-100.0,-100.0,-8.0,0.0,0.0,31.0,-100.0,-100.0,0.0,0.0,-0.0,31.0,-38.8,95.0,-152.0,44.0,5.491,33.0,-90.381,-90.311,-8.0,0.0,-0.0,31.0,31.707,31.22,0.0,0.0,5.435,31.0,40.619,40.825,-8.0,0.0,0.0,33.0
15.9188,1,fwd,95.0,12.0,5.438,5.169,16.0,0.0,0.0,31.0,-100.0,-100.0,-8.0,0.0,0.0,31.0,-100.0,-100.0,0.0,0.0,-0.0,31.0,-38.667,95.0,-168.0,56.0,4.518,33.0,-90.381,-90.311,-8.0,0.0,-0.0,31.0,31.707,31.22,8.0,0.0,3.804,31.0,40.619,40.825,-8.0,0.0,0.0,33.0
15.9712,1,fwd,95.0,12.0,5.438,5.169,16.0,0.0,0.0,31.0,-100.0,-100.0,-8.0,0.0,0.0,31.0,-100.0,-100.0,0.0,0.0,-0.0,31.0,-38.267,95.0,-168.0,56.0,5.753,33.0,-90.381,-90.311,-8.0,0.0,-0.0,31.0,31.707,31.22,8.0,0.0,1.864,31.0,40.619,40.825,-8.0,0.0,0.0,33.0
16.0246,1,fwd,95.0,12.0,5.438,5.169,16.0,0.0,0.0,31.0,-100.0,-100.0,-8.0,0.0,0.0,31.0,-100.0,-100.0,0.0,0.0,-0.0,31.0,-38.133,95.0,-168.0,56.0,3.861,33.0,-90.381,-90.311,-8.0,0.0,-0.0,31.0,31.22,31.22,8.0,0.0,-4.591,31.0,40.619,40.825,-8.0,0.0,0.0,33.0
16.0767,1,fwd,95.0,12.0,5.438,5.169,16.0,0.0,0.0,31.0,-100.0,-100.0,-8.0,0.0,0.0,31.0,-100.0,-100.0,0.0,0.0,-0.0,31.0,-37.6,95.0,-168.0,56.0,6.999,33.0,-90.381,-90.311,-8.0,0.0,-0.0,31.0,31.22,31.22,8.0,0.0,-2.25,31.0,40.619,40.825,-8.0,0.0,0.0,33.0
16.1299,1,fwd,95.0,12.0,5.438,5.169,16.0,0.0,0.0,31.0,-100.0,-100.0,-8.0,0.0,0.0,31.0,-100.0,-100.0,0.0,0.0,-0.0,31.0,-37.333,95.0,-168.0,56.0,5.482,33.0,-90.381,-90.311,-8.0,0.0,-0.0,31.0,31.22,31.22,8.0,0.0,-1.102,31.0,40.619,40.825,-8.0,0.0,0.0,33.0
16.1832,1,fwd,95.0,12.0,5.438,5.169,16.0,0.0,0.0,31.0,-100.0,-100.0,-8.0,0.0,0.0,31.0,-100.0,-100.0,0.0,0.0,-0.0,31.0,-37.067,95.0,-168.0,56.0,5.706,33.0,-90.381,-90.311,-8.0,0.0,-0.0,31.0,31.22,31.22,8.0,0.0,-0.54,31.0,40.619,40.825,-8.0,0.0,0.0,33.0
16.2364,1,fwd,95.0,12.0,5.438,5.169,16.0,0.0,0.0,31.0,-100.0,-100.0,-8.0,0.0,0.0,31.0,-100.0,-100.0,0.0,0.0,-0.0,31.0,-36.8,95.0,-168.0,56.0,5.337,33.0,-90.381,-90.311,-8.0,0.0,-0.0,31.0,31.22,31.22,8.0,0.0,-0.265,31.0,40.619,40.825,-8.0,0.0,0.0,33.0
16.2886,1,fwd,95.0,12.0,5.438,5.169,16.0,0.0,0.0,31.0,-100.0,-100.0,-8.0,0.0,0.0,31.0,-100.0,-100.0,0.0,0.0,-0.0,31.0,-36.667,95.0,-168.0,56.0,4.107,33.0,-90.381,-90.311,-8.0,0.0,-0.0,31.0,31.22,31.22,8.0,0.0,-0.13,31.0,40.619,40.825,-8.0,0.0,0.0,33.0
16.3407,1,fwd,95.0,12.0,5.438,5.169,16.0,0.0,0.0,31.0,-100.0,-100.0,-8.0,0.0,0.0,31.0,-100.0,-100.0,0.0,0.0,-0.0,31.0,-36.533,95.0,-168.0,56.0,3.483,33.0,-90.381,-90.311,-8.0,0.0,-0.0,31.0,31.22,31.22,8.0,0.0,-0.064,31.0,40.619,40.825,-8.0,0.0,0.0,33.0
16.395,1,fwd,95.0,12.0,5.438,5.169,16.0,0.0,0.0,31.0,-100.0,-100.0,-8.0,0.0,0.0,31.0,-100.0,-100.0,0.0,0.0,-0.0,31.0,-36.133,95.0,-168.0,56.0,5.735,33.0,-90.381,-90.311,-8.0,0.0,-0.0,31.0,31.22,31.22,8.0,0.0,-0.031,31.0,40.619,40.825,-8.0,0.0,0.0,33.0
16.4484,1,fwd,95.0,12.0,5.438,5.169,16.0,0.0,0.0,31.0,-100.0,-100.0,-8.0,0.0,0.0,31.0,-100.0,-100.0,0.0,0.0,-0.0,31.0,-36.0,95.0,-168.0,56.0,5.505,33.0,-90.381,-90.311,-8.0,0.0,-0.0,31.0,31.22,31.22,8.0,0.0,-0.022,31.0,40.619,40.825,-8.0,0.0,0.0,33.0
16.502,1,fwd,95.0,12.2,5.438,5.169,16.0,0.0,0.0,31.0,-100.0,-100.0,-8.0,0.0,0.0,31.0,-100.0,-100.0,0.0,0.0,-0.0,31.0,-35.733,95.0,-168.0,54.0,5.164,33.0,-90.381,-90.311,-8.0,0.0,-0.0,31.0,31.22,31.22,0.0,0.0,-0.015,31.0,40.619,40.825,-8.0,0.0,0.0,33.0
16.5556,1,fwd,95.0,12.2,5.438,5.169,16.0,0.0,0.0,31.0,-100.0,-100.0,-8.0,0.0,0.0,31.0,-100.0,-100.0,0.0,0.0,-0.0,31.0,-35.733,95.0,-168.0,54.0,2.53,33.0,-90.381,-90.311,-8.0,0.0,-0.0,31.0,31.22,31.22,0.0,0.0,-0.007,31.0,40.619,40.825,-8.0,0.0,0.0,33.0
16.6091,1,fwd,95.0,12.2,5.438,5.169,16.0,0.0,0.0,31.0,-100.0,-100.0,-8.0,0.0,0.0,31.0,-100.0,-100.0,0.0,0.0,-0.0,31.0,-35.067,95.0,-168.0,54.0,7.311,33.0,-90.381,-90.311,-8.0,0.0,-0.0,31.0,31.22,31.22,0.0,0.0,-0.004,31.0,40.619,40.825,-8.0,0.0,0.0,33.0
16.6618,1,fwd,95.0,12.2,5.438,5.169,16.0,0.0,0.0,31.0,-100.0,-100.0,-8.0,0.0,0.0,31.0,-100.0,-100.0,0.0,0.0,-0.0,31.0,-34.933,95.0,-168.0,54.0,5.067,33.0,-90.381,-90.311,-8.0,0.0,-0.0,31.0,31.707,31.22,0.0,0.0,5.429,31.0,40.619,40.825,-8.0,0.0,0.0,33.0
16.7151,1,fwd,95.0,12.2,5.438,5.169,16.0,0.0,0.0,31.0,-100.0,-100.0,-8.0,0.0,0.0,31.0,-100.0,-100.0,0.0,0.0,-0.0,31.0,-34.8,95.0,-168.0,54.0,3.985,33.0,-90.381,-90.311,-8.0,0.0,-0.0,31.0,31.707,31.22,0.0,0.0,2.66,31.0,40.619,40.825,-8.0,0.0,0.0,33.0
16.7681,1,fwd,95.0,12.2,5.438,5.169,16.0,0.0,0.0,31.0,-100.0,-100.0,-8.0,0.0,0.0,31.0,-100.0,-100.0,0.0,0.0,-0.0,31.0,-34.133,95.0,-168.0,54.0,7.999,33.0,-90.381,-90.311,-8.0,0.0,-0.0,31.0,31.22,31.22,0.0,0.0,-2.416,31.0,40.619,40.825,-8.0,0.0,0.0,33.0
16.821,1,fwd,95.0,12.2,5.438,5.169,16.0,0.0,0.0,31.0,-100.0,-100.0,-8.0,0.0,0.0,31.0,-100.0,-100.0,0.0,0.0,-0.0,31.0,-34.0,95.0,-168.0,54.0,5.422,33.0,-90.381,-90.311,-8.0,0.0,-0.0,31.0,31.22,31.22,0.0,0.0,-1.184,31.0,40.619,40.825,-8.0,0.0,0.0,33.0
16.8741,1,fwd,95.0,12.2,5.438,5.169,16.0,0.0,0.0,31.0,-100.0,-100.0,-8.0,0.0,0.0,31.0,-100.0,-100.0,0.0,0.0,-0.0,31.0,-33.6,95.0,-168.0,54.0,6.284,33.0,-90.381,-90.311,-8.0,0.0,-0.0,31.0,31.22,31.22,0.0,0.0,-0.58,31.0,40.619,40.825,-8.0,0.0,0.0,33.0
16.9265,1,fwd,95.0,12.2,5.438,5.169,16.0,0.0,0.0,31.0,-100.0,-100.0,-8.0,0.0,0.0,31.0,-100.0,-100.0,0.0,0.0,-0.0,31.0,-33.6,95.0,-168.0,54.0,3.079,33.0,-90.381,-90.311,-8.0,0.0,-0.0,31.0,31.22,31.22,0.0,0.0,-0.284,31.0,40.619,40.825,-8.0,0.0,0.0,33.0
16.9799,1,fwd,95.0,12.2,5.438,5.169,16.0,0.0,0.0,31.0,-100.0,-100.0,-8.0,0.0,0.0,31.0,-100.0,-100.0,0.0,0.0,-0.0,31.0,-33.467,95.0,-168.0,54.0,2.974,33.0,-90.381,-90.311,-8.0,0.0,-0.0,31.0,31.22,31.22,0.0,0.0,-0.139,31.0,40.619,40.825,-8.0,0.0,0.0,33.0
17.0336,1,fwd,95.0,12.2,5.438,5.169,16.0,0.0,0.0,31.0,-100.0,-100.0,-8.0,0.0,0.0,31.0,-100.0,-100.0,0.0,0.0,-0.0,31.0,-33.333,95.0,-184.0,70.0,3.582,33.0,-90.381,-90.311,-8.0,0.0,-0.0,31.0,31.22,31.22,0.0,0.0,-0.097,31.0,40.619,40.825,-8.0,0.0,0.0,33.0
17.0857,1,fwd,95.0,12.2,5.438,5.169,16.0,0.0,0.0,31.0,-100.0,-100.0,-8.0,0.0,0.0,31.0,-100.0,-100.0,0.0,0.0,-0.0,31.0,-32.933,95.0,-184.0,70.0,4.218,33.0,-90.381,-90.311,-8.0,0.0,-0.0,31.0,31.22,31.22,0.0,0.0,-0.048,31.0,40.619,40.825,-8.0,0.0,0.0,33.0
17.139,1,fwd,95.0,12.2,5.438,5.169,16.0,0.0,0.0,31.0,-100.0,-100.0,-8.0,0.0,0.0,31.0,-100.0,-100.0,0.0,0.0,-0.0,31.0,-32.667,95.0,-184.0,70.0,4.581,33.0,-90.381,-90.311,-8.0,0.0,-0.0,31.0,31.22,31.22,0.0,0.0,-0.023,31.0,40.619,40.825,-8.0,0.0,0.0,33.0
17.1924,1,fwd,95.0,12.2,5.438,5.169,16.0,0.0,0.0,31.0,-100.0,-100.0,-8.0,0.0,0.0,31.0,-100.0,-100.0,0.0,0.0,-0.0,31.0,-32.267,95.0,-184.0,70.0,5.808,33.0,-90.381,-90.311,-8.0,0.0,-0.0,31.0,31.22,31.22,0.0,0.0,-0.011,31.0,40.619,40.825,-8.0,0.0,0.0,33.0
17.2448,1,fwd,95.0,12.2,5.438,5.169,16.0,0.0,0.0,31.0,-100.0,-100.0,-8.0,0.0,0.0,31.0,-100.0,-100.0,0.0,0.0,-0.0,31.0,-32.0,95.0,-184.0,70.0,4.929,33.0,-90.381,-90.311,-8.0,0.0,-0.0,31.0,31.22,31.22,0.0,0.0,-0.006,31.0,40.619,40.825,-8.0,0.0,0.0,33.0
17.2981,1,fwd,95.0,12.2,5.438,5.169,16.0,0.0,0.0,31.0,-100.0,-100.0,-8.0,0.0,0.0,31.0,-100.0,-100.0,0.0,0.0,-0.0,31.0,-31.6,95.0,-184.0,70.0,6.496,33.0,-90.381,-90.311,-8.0,0.0,-0.0,31.0,31.22,31.22,0.0,0.0,-0.003,31.0,40.619,40.825,-8.0,0.0,0.0,33.0
17.3511,1,fwd,95.0,12.2,5.528,5.169,16.0,0.0,1.009,31.0,-100.0,-100.0,-8.0,0.0,0.0,31.0,-100.0,-100.0,0.0,0.0,-0.0,31.0,-31.2,95.0,-184.0,70.0,6.763,33.0,-90.381,-90.311,-8.0,0.0,-0.0,31.0,31.22,31.22,0.0,0.0,-0.001,31.0,40.619,40.825,-8.0,0.0,0.0,33.0
17.4053,1,fwd,95.0,12.2,5.528,5.169,16.0,0.0,0.494,31.0,-100.0,-100.0,-8.0,0.0,0.0,31.0,-100.0,-100.0,0.0,0.0,-0.0,31.0,-31.2,95.0,-184.0,70.0,3.314,33.0,-90.381,-90.311,-8.0,0.0,-0.0,31.0,31.22,31.22,0.0,0.0,-0.001,31.0,40.619,40.825,-8.0,0.0,0.0,33.0
17.4578,1,fwd,95.0,12.2,5.528,5.169,16.0,0.0,0.242,31.0,-100.0,-100.0,-8.0,0.0,0.0,31.0,-100.0,-100.0,0.0,0.0,-0.0,31.0,-30.8,95.0,-184.0,70.0,5.654,33.0,-90.381,-90.311,-8.0,0.0,-0.0,31.0,31.22,31.22,0.0,0.0,-0.0,31.0,40.619,40.825,-8.0,0.0,0.0,33.0
17.5115,1,fwd,95.0,12.2,5.528,5.169,16.0,0.0,0.119,31.0,-100.0,-100.0,-8.0,0.0,0.0,31.0,-100.0,-100.0,0.0,0.0,-0.0,31.0,-30.533,95.0,-184.0,70.0,5.321,33.0,-90.381,-90.311,-8.0,0.0,-0.0,31.0,31.22,31.22,0.0,0.0,-0.0,31.0,40.619,40.825,-8.0,0.0,0.0,33.0
17.5651,1,fwd,95.0,12.2,5.528,5.169,16.0,0.0,0.058,31.0,-100.0,-100.0,-8.0,0.0,0.0,31.0,-100.0,-100.0,0.0,0.0,-0.0,31.0,-30.4,95.0,-184.0,70.0,4.111,33.0,-90.381,-90.311,-8.0,0.0,-0.0,31.0,31.22,31.22,0.0,0.0,-0.0,31.0,40.619,40.825,-8.0,0.0,0.0,33.0
17.6183,1,fwd,95.0,12.1,5.528,5.169,24.0,0.0,0.058,31.0,-100.0,-100.0,-8.0,0.0,0.0,31.0,-100.0,-100.0,0.0,0.0,-0.0,31.0,-30.4,95.0,-176.0,58.0,4.111,33.0,-90.381,-90.311,-8.0,0.0,-0.0,31.0,31.22,31.22,0.0,0.0,-0.0,31.0,40.619,40.825,-8.0,0.0,0.0,33.0
17.6707,1,fwd,95.0,12.1,5.528,5.169,24.0,0.0,0.029,31.0,-100.0,-100.0,-8.0,0.0,0.0,31.0,-100.0,-100.0,0.0,0.0,-0.0,31.0,-30.267,95.0,-176.0,58.0,2.464,33.0,-90.381,-90.311,-8.0,0.0,-0.0,31.0,31.22,31.22,0.0,0.0,-0.0,31.0,40.619,40.825,-8.0,0.0,0.0,33.0
17.7239,1,fwd,95.0,12.1,5.528,5.169,24.0,0.0,0.014,31.0,-100.0,-100.0,-8.0,0.0,0.0,31.0,-100.0,-100.0,0.0,0.0,-0.0,31.0,-29.867,95.0,-176.0,58.0,5.709,33.0,-90.381,-90.311,-8.0,0.0,-0.0,31.0,31.22,31.22,0.0,0.0,-0.0,31.0,40.619,40.825,-8.0,0.0,0.0,33.0
17.7775,1,fwd,95.0,12.1,5.528,5.169,24.0,0.0,0.007,31.0,-100.0,-100.0,-8.0,0.0,0.0,31.0,-100.0,-100.0,0.0,0.0,-0.0,31.0,-29.733,95.0,-176.0,58.0,3.846,33.0,-90.381,-90.311,-8.0,0.0,-0.0,31.0,31.707,31.22,0.0,0.0,5.456,31.0,40.619,40.825,-8.0,0.0,0.0,33.0
17.831,1,fwd,95.0,12.1,5.528,5.169,24.0,0.0,0.003,31.0,-100.0,-100.0,-8.0,0.0,0.0,31.0,-100.0,-100.0,0.0,0.0,-0.0,31.0,-29.333,95.0,-176.0,58.0,5.907,33.0,-90.381,-90.311,-8.0,0.0,-0.0,31.0,31.707,31.22,0.0,0.0,2.673,31.0,40.619,40.825,-8.0,0.0,0.0,33.0
17.8842,1,fwd,95.0,12.1,5.528,5.169,24.0,0.0,0.002,31.0,-100.0,-100.0,-8.0,0.0,0.0,31.0,-100.0,-100.0,0.0,0.0,-0.0,31.0,-28.933,95.0,-176.0,58.0,6.284,33.0,-90.381,-90.311,-8.0,0.0,-0.0,31.0,31.707,31.22,0.0,0.0,1.31,31.0,40.619,40.825,-8.0,0.0,0.0,33.0
17.9372,1,fwd,95.0,12.1,5.528,5.169,24.0,0.0,0.001,31.0,-100.0,-100.0,-8.0,0.0,0.0,31.0,-100.0,-100.0,0.0,0.0,-0.0,31.0,-28.933,95.0,-176.0,58.0,3.079,33.0,-90.381,-90.311,-8.0,0.0,-0.0,31.0,31.22,31.22,0.0,0.0,-4.76,31.0,40.619,40.825,-8.0,0.0,0.0,33.0
17.9898,1,fwd,95.0,12.1,5.528,5.169,24.0,0.0,0.0,31.0,-100.0,-100.0,-8.0,0.0,0.0,31.0,-100.0,-100.0,0.0,0.0,-0.0,31.0,-28.4,95.0,-176.0,58.0,6.593,33.0,-90.381,-90.311,-8.0,0.0,-0.0,31.0,31.22,31.22,0.0,0.0,-2.332,31.0,40.619,40.825,-8.0,0.0,0.0,33.0
18.042,1,fwd,95.0,12.1,5.528,5.169,24.0,0.0,0.0,31.0,-100.0,-100.0,-8.0,0.0,0.0,31.0,-100.0,-100.0,0.0,0.0,-0.0,31.0,-28.267,95.0,-176.0,58.0,4.285,33.0,-90.381,-90.311,-8.0,0.0,-0.0,31.0,31.22,31.22,0.0,0.0,-1.143,31.0,40.619,40.825,-8.0,0.0,0.0,33.0
18.0945,1,fwd,95.0,12.1,5.528,5.169,24.0,0.0,0.0,31.0,-100.0,-100.0,-8.0,0.0,0.0,31.0,-100.0,-100.0,0.0,0.0,-0.0,31.0,-28.0,95.0,-176.0,58.0,4.622,33.0,-90.381,-90.311,-8.0,0.0,-0.0,31.0,31.22,31.22,0.0,0.0,-0.56,31.0,40.619,40.825,-8.0,0.0,0.0,33.0
18.1467,1,fwd,95.0,12.1,5.528,5.169,24.0,0.0,0.0,31.0,-100.0,-100.0,-8.0,0.0,0.0,31.0,-100.0,-100.0,0.0,0.0,-0.0,31.0,-27.733,95.0,-176.0,58.0,4.343,33.0,-90.381,-90.311,-8.0,0.0,-0.0,31.0,31.22,31.22,0.0,0.0,-0.274,31.0,40.619,40.825,-8.0,0.0,0.0,33.0
18.2,1,fwd,95.0,12.1,5.528,5.169,24.0,0.0,0.0,31.0,-100.0,-100.0,-8.0,0.0,0.0,31.0,-100.0,-100.0,0.0,0.0,-0.0,31.0,-27.467,95.0,-184.0,72.0,4.371,33.0,-90.381,-90.311,-8.0,0.0,-0.0,31.0,31.707,31.22,0.0,0.0,2.243,31.0,40.619,40.825,-8.0,0.0,0.0,33.0
18.2533,1,fwd,95.0,12.1,5.528,5.169,24.0,0.0,0.0,31.0,-100.0,-100.0,-8.0,0.0,0.0,31.0,-100.0,-100.0,0.0,0.0,-0.0,31.0,-27.467,95.0,-184.0,72.0,2.142,33.0,-90.381,-90.311,-8.0,0.0,-0.0,31.0,31.707,31.22,0.0,0.0,1.099,31.0,40.619,40.825,-8.0,0.0,0.0,33.0
18.3056,1,fwd,95.0,12.1,5.528,5.169,24.0,0.0,0.0,31.0,-100.0,-100.0,-8.0,0.0,0.0,31.0,-100.0,-100.0,0.0,0.0,-0.0,31.0,-27.067,95.0,-184.0,72.0,4.631,33.0,-90.381,-90.311,-8.0,0.0,-0.0,31.0,31.707,31.22,0.0,0.0,0.539,31.0,40.619,40.825,-8.0,0.0,0.0,33.0
18.3591,1,fwd,95.0,12.1,5.528,5.169,24.0,0.0,0.0,31.0,-100.0,-100.0,-8.0,0.0,0.0,31.0,-100.0,-100.0,0.0,0.0,-0.0,31.0,-26.8,95.0,-184.0,72.0,4.375,33.0,-90.381,-90.311,-8.0,0.0,-0.0,31.0,31.707,31.22,0.0,0.0,0.264,31.0,40.619,40.825,-8.0,0.0,0.0,33.0
18.4129,1,fwd,95.0,12.1,5.528,5.169,24.0,0.0,0.0,31.0,-100.0,-100.0,-8.0,0.0,0.0,31.0,-100.0,-100.0,0.0,0.0,-0.0,31.0,-26.533,95.0,-184.0,72.0,4.679,33.0,-90.381,-90.311,-8.0,0.0,-0.0,31.0,31.707,31.22,0.0,0.0,0.129,31.0,40.619,40.825,-8.0,0.0,0.0,33.0
18.4663,1,fwd,95.0,12.1,5.528,5.169,24.0,0.0,0.0,31.0,-100.0,-100.0,-8.0,0.0,0.0,31.0,-100.0,-100.0,0.0,0.0,-0.0,31.0,-26.133,95.0,-184.0,72.0,5.868,33.0,-90.381,-90.311,-8.0,0.0,-0.0,31.0,31.707,31.22,0.0,0.0,0.063,31.0,40.619,40.825,-8.0,0.0,0.0,33.0
18.5195,1,fwd,95.0,12.1,5.528,5.169,24.0,0.0,0.0,31.0,-100.0,-100.0,-8.0,0.0,0.0,31.0,-100.0,-100.0,0.0,0.0,-0.0,31.0,-25.867,95.0,-184.0,72.0,5.422,33.0,-90.381,-90.311,-8.0,0.0,-0.0,31.0,31.22,31.22,0.0,0.0,-3.816,31.0,40.619,40.825,-8.0,0.0,0.0,33.0
18.5727,1,fwd,95.0,12.1,5.528,5.169,24.0,0.0,0.0,31.0,-100.0,-100.0,-8.0,0.0,0.0,31.0,-100.0,-100.0,0.0,0.0,-0.0,31.0,-25.733,95.0,-184.0,72.0,4.13,33.0,-90.381,-90.311,-8.0,0.0,-0.0,31.0,31.22,31.22,0.0,0.0,-1.87,31.0,40.619,40.825,-8.0,0.0,0.0,33.0
18.6259,1,fwd,95.0,12.1,5.528,5.169,24.0,0.0,0.0,31.0,-100.0,-100.0,-8.0,0.0,0.0,31.0,-100.0,-100.0,0.0,0.0,-0.0,31.0,-25.2,95.0,-184.0,72.0,7.133,33.0,-90.381,-90.311,-8.0,0.0,-0.0,31.0,31.22,31.22,0.0,0.0,-0.916,31.0,40.619,40.825,-8.0,0.0,0.0,33.0
18.679,1,fwd,95.0,12.1,5.528,5.169,24.0,0.0,0.0,31.0,-100.0,-100.0,-8.0,0.0,0.0,31.0,-100.0,-100.0,0.0,0.0,-0.0,31.0,-25.067,95.0,-184.0,72.0,4.981,33.0,-90.381,-90.311,-8.0,0.0,-0.0,31.0,31.22,31.22,0.0,0.0,-0.449,31.0,40.619,40.825,-8.0,0.0,0.0,33.0
18.7323,1,fwd,95.0,12.1,5.528,5.169,24.0,0.0,0.0,31.0,-100.0,-100.0,-8.0,0.0,0.0,31.0,-100.0,-100.0,0.0,0.0,-0.0,31.0,-24.8,95.0,-184.0,72.0,6.448,33.0,-90.381,-90.311,-8.0,0.0,-0.0,31.0,31.22,31.22,0.0,0.0,-0.314,31.0,40.619,40.825,-8.0,0.0,0.0,33.0
18.7847,1,fwd,95.0,12.1,5.528,5.169,24.0,0.0,0.0,31.0,-100.0,-100.0,-8.0,0.0,0.0,31.0,-100.0,-100.0,0.0,0.0,-0.0,31.0,-24.533,95.0,-172.0,50.0,5.861,33.0,-90.381,-90.311,-8.0,0.0,-0.0,31.0,31.22,31.22,0.0,0.0,-0.22,31.0,40.619,40.825,-8.0,0.0,0.0,33.0
18.8382,1,fwd,95.0,12.1,5.528,5.169,24.0,0.0,0.0,31.0,-100.0,-100.0,-8.0,0.0,0.0,31.0,-100.0,-100.0,0.0,0.0,-0.0,31.0,-24.4,95.0,-172.0,50.0,4.36,33.0,-90.381,-90.311,-8.0,0.0,-0.0,31.0,31.707,31.22,0.0,0.0,3.635,31.0,40.619,40.825,-8.0,0.0,0.0,33.0
18.8913,1,fwd,95.0,12.1,5.528,5.169,24.0,0.0,0.0,31.0,-100.0,-100.0,-8.0,0.0,0.0,31.0,-100.0,-100.0,0.0,0.0,-0.0,31.0,-24.133,95.0,-172.0,50.0,4.593,33.0,-90.381,-90.311,-8.0,0.0,-0.0,31.0,31.707,31.22,0.0,0.0,1.781,31.0,40.619,40.825,-8.0,0.0,0.0,33.0
18.9443,1,fwd,95.0,12.1,5.528,5.169,24.0,0.0,0.0,31.0,-100.0,-100.0,-8.0,0.0,0.0,31.0,-100.0,-100.0,0.0,0.0,-0.0,31.0,-24.0,95.0,-172.0,50.0,3.751,33.0,-90.381,-90.311,-8.0,0.0,-0.0,31.0,31.707,31.22,0.0,0.0,0.873,31.0,40.619,40.825,-8.0,0.0,0.0,33.0
18.9966,1,fwd,95.0,12.1,5.528,5.169,24.0,0.0,0.0,31.0,-100.0,-100.0,-8.0,0.0,0.0,31.0,-100.0,-100.0,0.0,0.0,-0.0,31.0,-23.6,95.0,-172.0,50.0,5.436,33.0,-90.381,-90.311,-8.0,0.0,-0.0,31.0,31.22,31.22,0.0,0.0,-5.033,31.0,40.619,40.825,-8.0,0.0,0.0,33.0
19.0498,1,fwd,95.0,12.1,5.528,5.169,24.0,0.0,0.0,31.0,-100.0,-100.0,-8.0,0.0,0.0,31.0,-100.0,-100.0,0.0,0.0,-0.0,31.0,-23.333,95.0,-172.0,50.0,5.637,33.0,-90.381,-90.311,-8.0,0.0,-0.0,31.0,31.22,31.22,0.0,0.0,-2.466,31.0,40.619,40.825,-8.0,0.0,0.0,33.0
19.1035,1,fwd,95.0,12.1,5.528,5.169,24.0,0.0,0.0,31.0,-100.0,-100.0,-8.0,0.0,0.0,31.0,-100.0,-100.0,0.0,0.0,-0.0,31.0,-23.067,95.0,-172.0,50.0,5.294,33.0,-90.381,-90.311,-8.0,0.0,-0.0,31.0,31.22,31.22,0.0,0.0,-1.209,31.0,40.619,40.825,-8.0,0.0,0.0,33.0
19.1569,1,fwd,95.0,12.1,5.528,5.169,24.0,0.0,0.0,31.0,-100.0,-100.0,-8.0,0.0,0.0,31.0,-100.0,-100.0,0.0,0.0,-0.0,31.0,-22.933,95.0,-172.0,50.0,3.651,33.0,-90.381,-90.311,-8.0,0.0,-0.0,31.0,31.22,31.22,0.0,0.0,-0.592,31.0,40.619,40.825,-8.0,0.0,0.0,33.0
19.2099,1,fwd,95.0,12.1,5.528,5.169,24.0,0.0,0.0,31.0,-100.0,-100.0,-8.0,0.0,0.0,31.0,-100.0,-100.0,0.0,0.0,-0.0,31.0,-22.533,95.0,-172.0,50.0,5.81,33.0,-90.381,-90.311,-8.0,0.0,-0.0,31.0,31.707,31.22,0.0,0.0,3.519,31.0,40.619,40.825,-8.0,0.0,0.0,33.0
19.263,1,fwd,95.0,12.1,5.528,5.169,24.0,0.0,0.0,31.0,-100.0,-100.0,-8.0,0.0,0.0,31.0,-100.0,-100.0,0.0,0.0,-0.0,31.0,-22.133,95.0,-172.0,50.0,6.415,33.0,-90.381,-90.311,-8.0,0.0,-0.0,31.0,31.707,31.22,0.0,0.0,1.724,31.0,40.619,40.825,-8.0,0.0,0.0,33.0
19.3162,1,fwd,95.0,11.9,5.528,5.169,24.0,0.0,0.0,31.0,-100.0,-100.0,-8.0,0.0,0.0,31.0,-100.0,-100.0,0.0,0.0,-0.0,31.0,-22.133,95.0,-192.0,64.0,4.49,33.0,-90.381,-90.311,-8.0,0.0,-0.0,31.0,31.707,31.22,8.0,0.0,1.207,31.0,40.619,40.825,-8.0,0.0,0.0,33.0
19.3694,1,fwd,95.0,11.9,5.528,5.169,24.0,0.0,0.0,31.0,-100.0,-100.0,-8.0,0.0,0.0,31.0,-100.0,-100.0,0.0,0.0,-0.0,31.0,-21.6,95.0,-192.0,64.0,5.159,33.0,-90.381,-90.311,-8.0,0.0,-0.0,31.0,31.707,31.22,8.0,0.0,0.591,31.0,40.619,40.825,-8.0,0.0,0.0,33.0
19.4226,1,fwd,95.0,11.9,5.528,5.169,24.0,0.0,0.0,31.0,-100.0,-100.0,-8.0,0.0,0.0,31.0,-100.0,-100.0,0.0,0.0,-0.0,31.0,-21.333,95.0,-192.0,64.0,5.518,33.0,-90.381,-90.311,-8.0,0.0,-0.0,31.0,31.707,31.22,8.0,0.0,0.29,31.0,40.619,40.825,-8.0,0.0,0.0,33.0
19.4748,1,fwd,95.0,11.9,5.528,5.169,24.0,0.0,0.0,31.0,-100.0,-100.0,-8.0,0.0,0.0,31.0,-100.0,-100.0,0.0,0.0,-0.0,31.0,-21.333,95.0,-192.0,64.0,2.704,33.0,-90.381,-90.311,-8.0,0.0,-0.0,31.0,31.707,31.22,8.0,0.0,0.142,31.0,40.619,40.825,-8.0,0.0,0.0,33.0
19.5281,1,fwd,95.0,11.9,5.528,5.169,24.0,0.0,0.0,31.0,-100.0,-100.0,-8.0,0.0,0.0,31.0,-100.0,-100.0,0.0,0.0,-0.0,31.0,-20.933,95.0,-192.0,64.0,5.765,33.0,-90.381,-90.311,-8.0,0.0,-0.0,31.0,31.707,31.22,8.0,0.0,0.07,31.0,40.619,40.825,-8.0,0.0,0.0,33.0
19.5815,1,fwd,95.0,11.9,5.528,5.169,24.0,0.0,0.0,31.0,-100.0,-100.0,-8.0,0.0,0.0,31.0,-100.0,-100.0,0.0,0.0,-0.0,31.0,-20.8,95.0,-192.0,64.0,4.322,33.0,-90.381,-90.311,-8.0,0.0,-0.0,31.0,31.707,31.22,8.0,0.0,0.034,31.0,40.619,40.825,-8.0,0.0,0.0,33.0
19.6352,1,fwd,95.0,11.9,5.528,5.169,24.0,0.0,0.0,31.0,-100.0,-100.0,-8.0,0.0,0.0,31.0,-100.0,-100.0,0.0,0.0,-0.0,31.0,-20.533,95.0,-192.0,64.0,5.109,33.0,-90.381,-90.311,-8.0,0.0,-0.0,31.0,31.707,31.22,8.0,0.0,0.017,31.0,40.619,40.825,-8.0,0.0,0.0,33.0
19.6883,1,fwd,95.0,11.9,5.528,5.169,24.0,0.0,0.0,31.0,-100.0,-100.0,-8.0,0.0,0.0,31.0,-100.0,-100.0,0.0,0.0,-0.0,31.0,-20.4,95.0,-192.0,64.0,4.017,33.0,-90.381,-90.311,-8.0,0.0,-0.0,31.0,31.22,31.22,8.0,0.0,-3.849,31.0,40.619,40.825,-8.0,0.0,0.0,33.0
19.7413,1,fwd,95.0,11.9,5.528,5.169,24.0,0.0,0.0,31.0,-100.0,-100.0,-8.0,0.0,0.0,31.0,-100.0,-100.0,0.0,0.0,-0.0,31.0,-19.867,95.0,-192.0,64.0,7.019,33.0,-90.381,-90.311,-8.0,0.0,-0.0,31.0,31.22,31.22,8.0,0.0,-1.886,31.0,40.619,40.825,-8.0,0.0,0.0,33.0
19.7946,1,fwd,95.0,11.9,5.528,5.169,24.0,0.0,0.0,31.0,-100.0,-100.0,-8.0,0.0,0.0,31.0,-100.0,-100.0,0.0,0.0,-0.0,31.0,-19.867,95.0,-192.0,64.0,3.439,33.0,-90.381,-90.311,-8.0,0.0,-0.0,31.0,31.22,31.22,8.0,0.0,-0.924,31.0,40.619,40.825,-8.0,0.0,0.0,33.0
19.8478,1,fwd,95.0,11.9,5.528,5.169,24.0,0.0,0.0,31.0,-100.0,-100.0,-8.0,0.0,0.0,31.0,-100.0,-100.0,0.0,0.0,-0.0,31.0,-19.6,95.0,-192.0,64.0,4.651,33.0,-90.381,-90.311,-8.0,0.0,-0.0,31.0,31.707,31.22,8.0,0.0,3.306,31.0,40.619,40.825,-8.0,0.0,0.0,33.0
19.9013,1,fwd,95.0,11.9,5.528,5.169,24.0,0.0,0.0,31.0,-100.0,-100.0,-8.0,0.0,0.0,31.0,-100.0,-100.0,0.0,0.0,-0.0,31.0,-19.6,95.0,-196.0,52.0,4.651,33.0,-90.381,-90.311,-8.0,0.0,-0.0,31.0,31.707,31.22,8.0,0.0,3.306,31.0,40.619,40.825,-8.0,0.0,0.0,33.0
19.9542,1,fwd,95.0,11.9,5.528,5.169,24.0,0.0,0.0,31.0,-100.0,-100.0,-8.0,0.0,0.0,31.0,-100.0,-100.0,0.0,0.0,-0.0,31.0,-19.067,95.0,-196.0,52.0,4.038,33.0,-90.381,-90.311,-8.0,0.0,-0.0,31.0,31.707,31.22,8.0,0.0,1.62,31.0,40.619,40.825,-8.0,0.0,0.0,33.0
20.0073,1,fwd,95.0,11.9,5.528,5.169,24.0,0.0,0.0,31.0,-100.0,-100.0,-8.0,0.0,0.0,31.0,-100.0,-100.0,0.0,0.0,-0.0,31.0,-18.667,95.0,-196.0,52.0,6.001,33.0,-90.381,-90.311,-8.0,0.0,-0.0,31.0,31.707,31.22,8.0,0.0,0.794,31.0,40.619,40.825,-8.0,0.0,0.0,33.0
20.0598,1,fwd,95.0,11.9,5.528,5.169,24.0,0.0,0.0,31.0,-100.0,-100.0,-8.0,0.0,0.0,31.0,-100.0,-100.0,0.0,0.0,-0.0,31.0,-18.267,95.0,-196.0,52.0,6.456,33.0,-90.381,-90.311,-8.0,0.0,-0.0,31.0,31.707,31.22,8.0,0.0,0.389,31.0,40.619,40.825,-8.0,0.0,0.0,33.0
20.1127,1,fwd,95.0,11.9,5.528,5.169,24.0,0.0,0.0,31.0,-100.0,-100.0,-8.0,0.0,0.0,31.0,-100.0,-100.0,0.0,0.0,-0.0,31.0,-18.133,95.0,-196.0,52.0,4.657,33.0,-90.381,-90.311,-8.0,0.0,-0.0,31.0,31.707,31.22,8.0,0.0,0.191,31.0,40.619,40.825,-8.0,0.0,0.0,33.0
20.1662,1,fwd,95.0,11.9,5.528,5.169,24.0,0.0,0.0,31.0,-100.0,-100.0,-8.0,0.0,0.0,31.0,-100.0,-100.0,0.0,0.0,-0.0,31.0,-17.867,95.0,-196.0,52.0,4.824,33.0,-90.381,-90.311,-8.0,0.0,-0.0,31.0,31.707,31.22,8.0,0.0,0.093,31.0,40.619,40.825,-8.0,0.0,0.0,33.0
20.2188,1,fwd,95.0,11.9,5.528,5.169,24.0,0.0,0.0,31.0,-100.0,-100.0,-8.0,0.0,0.0,31.0,-100.0,-100.0,0.0,0.0,-0.0,31.0,-17.733,95.0,-196.0,52.0,3.402,33.0,-90.381,-90.311,-8.0,0.0,-0.0,31.0,31.707,31.22,8.0,0.0,0.046,31.0,40.619,40.825,-8.0,0.0,0.0,33.0
20.2724,1,fwd,95.0,11.9,5.528,5.169,24.0,0.0,0.0,31.0,-100.0,-100.0,-8.0,0.0,0.0,31.0,-100.0,-100.0,0.0,0.0,-0.0,31.0,-17.467,95.0,-196.0,52.0,4.15,33.0,-90.381,-90.311,-8.0,0.0,-0.0,31.0,31.707,31.22,8.0,0.0,0.022,31.0,40.619,40.825,-8.0,0.0,0.0,33.0
20.3262,1,fwd,95.0,11.9,5.528,5.169,24.0,0.0,0.0,31.0,-100.0,-100.0,-8.0,0.0,0.0,31.0,-100.0,-100.0,0.0,0.0,-0.0,31.0,-17.467,95.0,-196.0,52.0,2.034,33.0,-90.381,-90.311,-8.0,0.0,-0.0,31.0,31.707,31.22,8.0,0.0,0.011,31.0,40.619,40.825,-8.0,0.0,0.0,33.0
20.379,1,fwd,95.0,11.9,5.528,5.169,24.0,0.0,0.0,31.0,-100.0,-100.0,-8.0,0.0,0.0,31.0,-100.0,-100.0,0.0,0.0,-0.0,31.0,-16.933,95.0,-196.0,52.0,5.597,33.0,-90.381,-90.311,-8.0,0.0,-0.0,31.0,31.707,31.22,8.0,0.0,0.005,31.0,40.619,40.825,-8.0,0.0,0.0,33.0
20.4749,1,fwd,95.0,11.9,5.528,5.169,24.0,0.0,0.0,31.0,-100.0,-100.0,-8.0,0.0,0.0,31.0,-100.0,-100.0,0.0,0.0,-0.0,31.0,-16.8,95.0,-196.0,52.0,3.194,33.0,-90.381,-90.311,-8.0,0.0,-0.0,31.0,31.707,31.22,8.0,0.0,0.003,31.0,40.619,40.825,-8.0,0.0,0.0,33.0
20.5282,1,fwd,95.0,11.9,5.528,5.169,24.0,0.0,0.0,31.0,-100.0,-100.0,-8.0,0.0,0.0,31.0,-100.0,-100.0,0.0,0.0,-0.0,31.0,-16.267,95.0,-216.0,75.0,4.903,33.0,-90.381,-90.311,-8.0,0.0,-0.0,31.0,31.707,31.22,8.0,0.0,0.002,31.0,40.619,40.825,-8.0,0.0,0.0,33.0
20.581,1,fwd,95.0,11.9,5.528,5.169,24.0,0.0,0.0,31.0,-100.0,-100.0,-8.0,0.0,0.0,31.0,-100.0,-100.0,0.0,0.0,-0.0,31.0,-16.133,95.0,-216.0,75.0,3.431,33.0,-90.381,-90.311,-8.0,0.0,-0.0,31.0,31.707,31.22,8.0,0.0,0.001,31.0,40.619,40.825,-8.0,0.0,0.0,33.0
20.6337,1,fwd,95.0,11.9,5.528,5.169,24.0,0.0,0.0,31.0,-100.0,-100.0,-8.0,0.0,0.0,31.0,-100.0,-100.0,0.0,0.0,-0.0,31.0,-15.6,95.0,-216.0,75.0,6.785,33.0,-90.381,-90.311,-8.0,0.0,-0.0,31.0,31.707,31.22,8.0,0.0,0.0,31.0,40.619,40.825,-8.0,0.0,0.0,33.0
20.6868,1,fwd,95.0,11.9,5.528,5.169,24.0,0.0,0.0,31.0,-100.0,-100.0,-8.0,0.0,0.0,31.0,-100.0,-100.0,0.0,0.0,-0.0,31.0,-15.333,95.0,-216.0,75.0,5.43,33.0,-90.381,-90.311,-8.0,0.0,-0.0,31.0,31.707,31.22,8.0,0.0,0.0,31.0,40.619,40.825,-8.0,0.0,0.0,33.0
20.7398,1,fwd,95.0,11.9,5.528,5.169,24.0,0.0,0.0,31.0,-100.0,-100.0,-8.0,0.0,0.0,31.0,-100.0,-100.0,0.0,0.0,-0.0,31.0,-15.067,95.0,-216.0,75.0,5.68,33.0,-90.381,-90.311,-8.0,0.0,-0.0,31.0,31.707,31.22,8.0,0.0,0.0,31.0,40.619,40.825,-8.0,0.0,0.0,33.0
20.7929,1,fwd,95.0,11.9,5.528,5.169,24.0,0.0,0.0,31.0,-100.0,-100.0,-8.0,0.0,0.0,31.0,-100.0,-100.0,0.0,0.0,-0.0,31.0,-14.8,95.0,-216.0,75.0,4.899,33.0,-90.381,-90.311,-8.0,0.0,-0.0,31.0,31.707,31.22,8.0,0.0,0.0,31.0,40.619,40.825,-8.0,0.0,0.0,33.0
20.846,1,fwd,95.0,11.9,5.528,5.169,24.0,0.0,0.0,31.0,-100.0,-100.0,-8.0,0.0,0.0,31.0,-100.0,-100.0,0.0,0.0,-0.0,31.0,-14.667,95.0,-216.0,75.0,3.875,33.0,-90.381,-90.311,-8.0,0.0,-0.0,31.0,31.707,31.22,8.0,0.0,0.0,31.0,40.619,40.825,-8.0,0.0,0.0,33.0
20.8995,1,fwd,95.0,11.9,5.528,5.169,24.0,0.0,0.0,31.0,-100.0,-100.0,-8.0,0.0,0.0,31.0,-100.0,-100.0,0.0,0.0,-0.0,31.0,-14.533,95.0,-216.0,75.0,2.92,33.0,-90.381,-90.311,-8.0,0.0,-0.0,31.0,31.707,31.22,8.0,0.0,0.0,31.0,40.619,40.825,-8.0,0.0,0.0,33.0
20.9529,1,fwd,95.0,11.9,5.528,5.169,24.0,0.0,0.0,31.0,-100.0,-100.0,-8.0,0.0,0.0,31.0,-100.0,-100.0,0.0,0.0,-0.0,31.0,-14.267,95.0,-216.0,75.0,4.443,33.0,-90.381,-90.311,-8.0,0.0,-0.0,31.0,31.707,31.22,8.0,0.0,0.0,31.0,40.619,40.825,-8.0,0.0,0.0,33.0
21.0062,1,fwd,95.0,11.9,5.528,5.169,24.0,0.0,0.0,31.0,-100.0,-100.0,-8.0,0.0,0.0,31.0,-100.0,-100.0,0.0,0.0,-0.0,31.0,-13.867,95.0,-216.0,75.0,5.737,33.0,-90.381,-90.311,-8.0,0.0,-0.0,31.0,31.707,31.22,8.0,0.0,0.0,31.0,40.619,40.825,-8.0,0.0,0.0,33.0
21.0594,1,fwd,95.0,11.9,5.528,5.169,24.0,0.0,0.0,31.0,-100.0,-100.0,-8.0,0.0,0.0,31.0,-100.0,-100.0,0.0,0.0,-0.0,31.0,-13.867,95.0,-224.0,74.0,4.016,33.0,-90.381,-90.311,-8.0,0.0,-0.0,31.0,31.707,31.22,8.0,1.0,0.0,31.0,40.619,40.825,-8.0,0.0,0.0,32.0
21.1126,1,fwd,95.0,11.9,5.528,5.169,24.0,0.0,0.0,31.0,-100.0,-100.0,-8.0,0.0,0.0,31.0,-100.0,-100.0,0.0,0.0,-0.0,31.0,-13.333,95.0,-224.0,74.0,5.934,33.0,-90.381,-90.311,-8.0,0.0,-0.0,31.0,31.707,31.22,8.0,1.0,0.0,31.0,40.619,40.825,-8.0,0.0,0.0,32.0
21.1661,1,fwd,95.0,11.9,5.528,5.169,24.0,0.0,0.0,31.0,-100.0,-100.0,-8.0,0.0,0.0,31.0,-100.0,-100.0,0.0,0.0,-0.0,31.0,-13.2,95.0,-224.0,74.0,3.953,33.0,-90.381,-90.311,-8.0,0.0,-0.0,31.0,31.707,31.22,8.0,1.0,0.0,31.0,40.619,40.825,-8.0,0.0,0.0,32.0
21.2194,1,fwd,95.0,11.9,5.528,5.169,24.0,0.0,0.0,31.0,-100.0,-100.0,-8.0,0.0,0.0,31.0,-100.0,-100.0,0.0,0.0,-0.0,31.0,-12.667,95.0,-224.0,74.0,6.956,33.0,-90.381,-90.311,-8.0,0.0,-0.0,31.0,31.707,31.22,8.0,1.0,0.0,31.0,40.619,40.825,-8.0,0.0,0.0,32.0
21.2718,1,fwd,95.0,11.9,5.528,5.169,24.0,0.0,0.0,31.0,-100.0,-100.0,-8.0,0.0,0.0,31.0,-100.0,-100.0,0.0,0.0,-0.0,31.0,-12.4,95.0,-224.0,74.0,5.936,33.0,-90.381,-90.311,-8.0,0.0,-0.0,31.0,31.707,31.22,8.0,1.0,0.0,31.0,40.619,40.825,-8.0,0.0,0.0,32.0
21.3249,1,fwd,95.0,11.9,5.528,5.169,24.0,0.0,0.0,31.0,-100.0,-100.0,-8.0,0.0,0.0,31.0,-100.0,-100.0,0.0,0.0,-0.0,31.0,-12.133,95.0,-224.0,74.0,5.447,33.0,-90.381,-90.311,-8.0,0.0,-0.0,31.0,31.707,31.22,8.0,1.0,0.0,31.0,40.619,40.825,-8.0,0.0,0.0,32.0
21.378,1,fwd,95.0,11.9,5.528,5.169,24.0,0.0,0.0,31.0,-100.0,-100.0,-8.0,0.0,0.0,31.0,-100.0,-100.0,0.0,0.0,-0.0,31.0,-12.133,95.0,-224.0,74.0,2.669,33.0,-90.381,-90.311,-8.0,0.0,-0.0,31.0,31.707,31.22,8.0,1.0,0.0,31.0,40.619,40.825,-8.0,0.0,0.0,32.0
21.4312,1,fwd,95.0,11.9,5.528,5.169,24.0,0.0,0.0,31.0,-100.0,-100.0,-8.0,0.0,0.0,31.0,-100.0,-100.0,0.0,0.0,-0.0,31.0,-11.733,95.0,-224.0,74.0,4.865,33.0,-90.381,-90.311,-8.0,0.0,-0.0,31.0,31.707,31.22,8.0,1.0,0.0,31.0,40.619,40.825,-8.0,0.0,0.0,32.0
21.4852,1,fwd,95.0,11.9,5.528,5.169,24.0,0.0,0.0,31.0,-100.0,-100.0,-8.0,0.0,0.0,31.0,-100.0,-100.0,0.0,0.0,-0.0,31.0,-11.6,95.0,-224.0,74.0,3.423,33.0,-90.381,-90.311,-8.0,0.0,-0.0,31.0,31.22,31.22,8.0,1.0,-5.458,31.0,40.619,40.825,-8.0,0.0,0.0,32.0
21.5383,1,fwd,95.0,11.9,5.528,5.169,24.0,0.0,0.0,31.0,-100.0,-100.0,-8.0,0.0,0.0,31.0,-100.0,-100.0,0.0,0.0,-0.0,31.0,-11.467,95.0,-224.0,74.0,2.734,33.0,-90.381,-90.311,-8.0,0.0,-0.0,31.0,31.22,31.22,8.0,1.0,-2.674,31.0,40.619,40.825,-8.0,0.0,0.0,32.0
21.5913,1,fwd,95.0,11.9,5.528,5.169,24.0,0.0,0.0,31.0,-100.0,-100.0,-8.0,0.0,0.0,31.0,-100.0,-100.0,0.0,0.0,-0.0,31.0,-11.067,95.0,-224.0,74.0,6.351,33.0,-90.381,-90.311,-8.0,0.0,-0.0,31.0,31.22,31.22,8.0,1.0,-1.872,31.0,40.619,40.825,-8.0,0.0,0.0,32.0
21.6436,1,fwd,95.0,12.1,5.528,5.169,24.0,0.0,0.0,31.0,-100.0,-100.0,-8.0,0.0,0.0,31.0,-100.0,-100.0,0.0,0.0,-0.0,31.0,-10.8,95.0,-208.0,67.0,7.108,33.0,-90.381,-90.311,-8.0,0.0,-0.0,31.0,31.707,31.22,8.0,0.0,3.559,31.0,40.619,40.825,-8.0,0.0,0.0,33.0
21.6974,1,fwd,95.0,12.1,5.528,5.169,24.0,0.0,0.0,31.0,-100.0,-100.0,-8.0,0.0,0.0,31.0,-100.0,-100.0,0.0,0.0,-0.0,31.0,-10.8,95.0,-208.0,67.0,3.483,33.0,-90.381,-90.311,-8.0,0.0,-0.0,31.0,31.707,31.22,8.0,0.0,1.744,31.0,40.619,40.825,-8.0,0.0,0.0,33.0
21.7506,1,fwd,95.0,12.1,5.528,5.169,24.0,0.0,0.0,31.0,-100.0,-100.0,-8.0,0.0,0.0,31.0,-100.0,-100.0,0.0,0.0,-0.0,31.0,-10.667,95.0,-208.0,67.0,3.197,33.0,-90.381,-90.311,-8.0,0.0,-0.0,31.0,31.707,31.22,8.0,0.0,0.854,31.0,40.619,40.825,-8.0,0.0,0.0,33.0
21.8028,1,fwd,95.0,12.1,5.528,5.169,24.0,0.0,0.0,31.0,-100.0,-100.0,-8.0,0.0,0.0,31.0,-100.0,-100.0,0.0,0.0,-0.0,31.0,-10.0,95.0,-208.0,67.0,8.1,33.0,-90.381,-90.311,-8.0,0.0,-0.0,31.0,31.707,31.22,8.0,0.0,0.419,31.0,40.619,40.825,-8.0,0.0,0.0,33.0
21.8564,1,fwd,95.0,12.1,5.528,5.169,24.0,0.0,0.0,31.0,-100.0,-100.0,-8.0,0.0,0.0,31.0,-100.0,-100.0,0.0,0.0,-0.0,31.0,-9.867,95.0,-208.0,67.0,5.013,33.0,-90.381,-90.311,-8.0,0.0,-0.0,31.0,31.707,31.22,8.0,0.0,0.205,31.0,40.619,40.825,-8.0,0.0,0.0,33.0
21.9086,1,fwd,95.0,12.1,5.528,5.169,24.0,0.0,0.0,31.0,-100.0,-100.0,-8.0,0.0,0.0,31.0,-100.0,-100.0,0.0,0.0,-0.0,31.0,-9.2,95.0,-208.0,67.0,8.617,33.0,-90.381,-90.311,-8.0,0.0,-0.0,31.0,31.707,31.22,8.0,0.0,0.101,31.0,40.619,40.825,-8.0,0.0,0.0,33.0
21.9609,1,fwd,95.0,12.1,5.528,5.169,24.0,0.0,0.0,31.0,-100.0,-100.0,-8.0,0.0,0.0,31.0,-100.0,-100.0,0.0,0.0,-0.0,31.0,-9.2,95.0,-208.0,67.0,4.222,33.0,-90.381,-90.311,-8.0,0.0,-0.0,31.0,31.707,31.22,8.0,0.0,0.049,31.0,40.619,40.825,-8.0,0.0,0.0,33.0
22.0142,1,fwd,95.0,12.1,5.528,5.169,24.0,0.0,0.0,31.0,-100.0,-100.0,-8.0,0.0,0.0,31.0,-100.0,-100.0,0.0,0.0,-0.0,31.0,-9.067,95.0,-208.0,67.0,3.121,33.0,-90.381,-90.311,-8.0,0.0,-0.0,31.0,31.707,31.22,8.0,0.0,0.024,31.0,40.619,40.825,-8.0,0.0,0.0,33.0
22.0673,1,fwd,95.0,12.1,5.528,5.169,24.0,0.0,0.0,31.0,-100.0,-100.0,-8.0,0.0,0.0,31.0,-100.0,-100.0,0.0,0.0,-0.0,31.0,-9.067,95.0,-208.0,67.0,1.529,33.0,-90.381,-90.311,-8.0,0.0,-0.0,31.0,31.707,31.22,8.0,0.0,0.012,31.0,40.619,40.825,-8.0,0.0,0.0,33.0
22.1204,1,fwd,95.0,12.1,5.528,5.169,24.0,0.0,0.0,31.0,-100.0,-100.0,-8.0,0.0,0.0,31.0,-100.0,-100.0,0.0,0.0,-0.0,31.0,-8.533,95.0,-208.0,67.0,5.364,33.0,-90.381,-90.311,-8.0,0.0,-0.0,31.0,31.707,31.22,8.0,0.0,0.006,31.0,40.619,40.825,-8.0,0.0,0.0,33.0
22.1727,1,fwd,95.0,12.1,5.528,5.169,24.0,0.0,0.0,31.0,-100.0,-100.0,-8.0,0.0,0.0,31.0,-100.0,-100.0,0.0,0.0,-0.0,31.0,-8.4,95.0,-208.0,67.0,3.676,33.0,-90.381,-90.311,-8.0,0.0,-0.0,31.0,31.707,31.22,8.0,0.0,0.003,31.0,40.619,40.825,-8.0,0.0,0.0,33.0
22.2263,1,fwd,95.0,12.2,5.528,5.169,24.0,0.0,0.0,31.0,-100.0,-100.0,-8.0,0.0,0.0,31.0,-100.0,-100.0,0.0,0.0,-0.0,31.0,-7.867,95.0,-232.0,83.0,5.227,33.0,-90.381,-90.311,-8.0,0.0,-0.0,31.0,31.707,31.22,8.0,0.0,0.002,31.0,40.619,40.825,-8.0,0.0,0.0,33.0
22.2794,1,fwd,95.0,12.2,5.528,5.169,24.0,0.0,0.0,31.0,-100.0,-100.0,-8.0,0.0,0.0,31.0,-100.0,-100.0,0.0,0.0,-0.0,31.0,-7.733,95.0,-232.0,83.0,3.598,33.0,-90.381,-90.311,-8.0,0.0,-0.0,31.0,31.707,31.22,8.0,0.0,0.001,31.0,40.619,40.825,-8.0,0.0,0.0,33.0
22.3316,1,fwd,95.0,12.2,5.528,5.169,24.0,0.0,0.0,31.0,-100.0,-100.0,-8.0,0.0,0.0,31.0,-100.0,-100.0,0.0,0.0,-0.0,31.0,-7.6,95.0,-232.0,83.0,4.008,33.0,-90.381,-90.311,-8.0,0.0,-0.0,31.0,31.707,31.22,8.0,0.0,0.001,31.0,40.619,40.825,-8.0,0.0,0.0,33.0
22.3852,1,fwd,95.0,12.2,5.528,5.169,24.0,0.0,0.0,31.0,-100.0,-100.0,-8.0,0.0,0.0,31.0,-100.0,-100.0,0.0,0.0,-0.0,31.0,-7.6,95.0,-232.0,83.0,1.964,33.0,-90.381,-90.311,-8.0,0.0,-0.0,31.0,31.707,31.22,8.0,0.0,0.0,31.0,40.619,40.825,-8.0,0.0,0.0,33.0
22.439,1,fwd,95.0,12.2,5.528,5.169,24.0,0.0,0.0,31.0,-100.0,-100.0,-8.0,0.0,0.0,31.0,-100.0,-100.0,0.0,0.0,-0.0,31.0,-6.933,95.0,-232.0,83.0,7.844,33.0,-90.381,-90.311,-8.0,0.0,-0.0,31.0,31.707,31.22,8.0,0.0,0.0,31.0,40.619,40.825,-8.0,0.0,0.0,33.0
22.494,1,fwd,95.0,12.2,5.528,5.169,24.0,0.0,0.0,31.0,-100.0,-100.0,-8.0,0.0,0.0,31.0,-100.0,-100.0,0.0,0.0,-0.0,31.0,-6.8,95.0,-232.0,83.0,4.854,33.0,-90.381,-90.311,-8.0,0.0,-0.0,31.0,31.707,31.22,8.0,0.0,0.0,31.0,40.619,40.825,-8.0,0.0,0.0,33.0
22.5468,1,fwd,95.0,12.2,5.528,5.169,24.0,0.0,0.0,31.0,-100.0,-100.0,-8.0,0.0,0.0,31.0,-100.0,-100.0,0.0,0.0,-0.0,31.0,-6.133,95.0,-232.0,83.0,9.264,33.0,-90.381,-90.311,-8.0,0.0,-0.0,31.0,31.707,31.22,8.0,0.0,0.0,31.0,40.619,40.825,-8.0,0.0,0.0,33.0
22.6005,1,fwd,95.0,12.2,5.528,5.169,24.0,0.0,0.0,31.0,-100.0,-100.0,-8.0,0.0,0.0,31.0,-100.0,-100.0,0.0,0.0,-0.0,31.0,-5.867,95.0,-232.0,83.0,7.09,33.0,-90.381,-90.311,-8.0,0.0,-0.0,31.0,31.707,31.22,8.0,0.0,0.0,31.0,40.619,40.825,-8.0,0.0,0.0,33.0
22.6535,1,fwd,95.0,12.2,5.528,5.169,24.0,0.0,0.0,31.0,-100.0,-100.0,-8.0,0.0,0.0,31.0,-100.0,-100.0,0.0,0.0,-0.0,31.0,-5.733,95.0,-232.0,83.0,4.979,33.0,-90.381,-90.311,-8.0,0.0,-0.0,31.0,31.707,31.22,8.0,0.0,0.0,31.0,40.619,40.825,-8.0,0.0,0.0,33.0
22.7061,1,fwd,95.0,12.2,5.528,5.169,24.0,0.0,0.0,31.0,-100.0,-100.0,-8.0,0.0,0.0,31.0,-100.0,-100.0,0.0,0.0,-0.0,31.0,-5.467,95.0,-232.0,83.0,4.978,33.0,-90.381,-90.311,-8.0,0.0,-0.0,31.0,31.707,31.22,8.0,0.0,0.0,31.0,40.619,40.825,-8.0,0.0,0.0,33.0
22.7594,1,fwd,95.0,12.2,5.528,5.169,24.0,0.0,0.0,31.0,-100.0,-100.0,-8.0,0.0,0.0,31.0,-100.0,-100.0,0.0,0.0,-0.0,31.0,-5.467,95.0,-232.0,83.0,2.439,33.0,-90.381,-90.311,-8.0,0.0,-0.0,31.0,31.707,31.22,8.0,0.0,0.0,31.0,40.619,40.825,-8.0,0.0,0.0,33.0
22.8119,1,fwd,95.0,11.9,5.528,5.169,24.0,0.0,0.0,31.0,-100.0,-100.0,-8.0,0.0,0.0,31.0,-100.0,-100.0,0.0,0.0,-0.0,31.0,-5.2,95.0,-232.0,95.0,3.031,33.0,-90.381,-90.311,-8.0,0.0,-0.0,31.0,31.707,31.22,8.0,0.0,0.0,31.0,40.619,40.825,-8.0,0.0,0.0,33.0
22.8652,1,fwd,95.0,11.9,5.528,5.169,24.0,0.0,0.0,31.0,-100.0,-100.0,-8.0,0.0,0.0,31.0,-100.0,-100.0,0.0,0.0,-0.0,31.0,-5.2,95.0,-232.0,95.0,1.485,33.0,-90.381,-90.311,-8.0,0.0,-0.0,31.0,31.707,31.22,8.0,0.0,0.0,31.0,40.619,40.825,-8.0,0.0,0.0,33.0
22.9184,1,fwd,95.0,11.9,5.528,5.169,24.0,0.0,0.0,31.0,-100.0,-100.0,-8.0,0.0,0.0,31.0,-100.0,-100.0,0.0,0.0,-0.0,31.0,-4.533,95.0,-232.0,95.0,6.758,33.0,-90.381,-90.311,-8.0,0.0,-0.0,31.0,31.707,31.22,8.0,0.0,0.0,31.0,40.619,40.825,-8.0,0.0,0.0,33.0
22.9707,1,fwd,95.0,11.9,5.528,5.169,24.0,0.0,0.0,31.0,-100.0,-100.0,-8.0,0.0,0.0,31.0,-100.0,-100.0,0.0,0.0,-0.0,31.0,-4.533,95.0,-232.0,95.0,3.312,33.0,-90.381,-90.311,-8.0,0.0,-0.0,31.0,31.707,31.22,8.0,0.0,0.0,31.0,40.619,40.825,-8.0,0.0,0.0,33.0
23.0241,1,fwd,95.0,11.9,5.528,5.169,24.0,0.0,0.0,31.0,-100.0,-100.0,-8.0,0.0,0.0,31.0,-100.0,-100.0,0.0,0.0,-0.0,31.0,-3.867,95.0,-232.0,95.0,8.215,33.0,-90.381,-90.311,-8.0,0.0,-0.0,31.0,31.707,31.22,8.0,0.0,0.0,31.0,40.619,40.825,-8.0,0.0,0.0,33.0
23.0773,1,fwd,95.0,11.9,5.528,5.169,24.0,0.0,0.0,31.0,-100.0,-100.0,-8.0,0.0,0.0,31.0,-100.0,-100.0,0.0,0.0,-0.0,31.0,-3.733,95.0,-232.0,95.0,5.068,33.0,-90.381,-90.311,-8.0,0.0,-0.0,31.0,31.707,31.22,8.0,0.0,0.0,31.0,40.619,40.825,-8.0,0.0,0.0,33.0
23.1302,1,fwd,95.0,11.9,5.528,5.169,24.0,0.0,0.0,31.0,-100.0,-100.0,-8.0,0.0,0.0,31.0,-100.0,-100.0,0.0,0.0,-0.0,31.0,-3.067,95.0,-232.0,95.0,9.095,33.0,-90.381,-90.311,-8.0,0.0,-0.0,31.0,31.707,31.22,8.0,0.0,0.0,31.0,40.619,40.825,-8.0,0.0,0.0,33.0
23.1833,1,fwd,95.0,11.9,5.528,5.169,24.0,0.0,0.0,31.0,-100.0,-100.0,-8.0,0.0,0.0,31.0,-100.0,-100.0,0.0,0.0,-0.0,31.0,-2.933,95.0,-232.0,95.0,5.935,33.0,-90.381,-90.311,-8.0,0.0,-0.0,31.0,31.707,31.22,8.0,0.0,0.0,31.0,40.619,40.825,-8.0,0.0,0.0,33.0
23.2366,1,fwd,95.0,11.9,5.528,5.169,24.0,0.0,0.0,31.0,-100.0,-100.0,-8.0,0.0,0.0,31.0,-100.0,-100.0,0.0,0.0,-0.0,31.0,-2.933,95.0,-232.0,95.0,2.908,33.0,-90.381,-90.311,-8.0,0.0,-0.0,31.0,31.707,31.22,8.0,0.0,0.0,31.0,40.619,40.825,-8.0,0.0,0.0,33.0
23.2901,1,fwd,95.0,11.9,5.528,5.169,24.0,0.0,0.0,31.0,-100.0,-100.0,-8.0,0.0,0.0,31.0,-100.0,-100.0,0.0,0.0,-0.0,31.0,-2.533,95.0,-232.0,95.0,5.443,33.0,-90.381,-90.311,-8.0,0.0,-0.0,31.0,31.707,31.22,8.0,0.0,0.0,31.0,40.619,40.825,-8.0,0.0,0.0,33.0
23.3434,1,fwd,95.0,11.9,5.528,5.169,24.0,0.0,0.0,31.0,-100.0,-100.0,-8.0,0.0,0.0,31.0,-100.0,-100.0,0.0,0.0,-0.0,31.0,-2.533,95.0,-232.0,95.0,3.81,33.0,-90.381,-90.311,-8.0,0.0,-0.0,31.0,31.707,31.22,8.0,0.0,0.0,31.0,40.619,40.825,-8.0,0.0,0.0,33.0
23.3956,1,fwd,95.0,12.1,5.528,5.169,24.0,0.0,0.0,31.0,-100.0,-100.0,-8.0,0.0,0.0,31.0,-100.0,-100.0,0.0,0.0,-0.0,31.0,-2.4,95.0,-232.0,87.0,3.341,33.0,-90.381,-90.311,-8.0,0.0,-0.0,31.0,31.707,31.22,8.0,0.0,0.0,31.0,40.619,40.825,-8.0,0.0,0.0,33.0
23.4491,1,fwd,95.0,12.1,5.528,5.169,24.0,0.0,0.0,31.0,-100.0,-100.0,-8.0,0.0,0.0,31.0,-100.0,-100.0,0.0,0.0,-0.0,31.0,-2.267,95.0,-232.0,87.0,3.123,33.0,-90.381,-90.311,-8.0,0.0,-0.0,31.0,31.707,31.22,8.0,0.0,0.0,31.0,40.619,40.825,-8.0,0.0,0.0,33.0
23.5027,1,fwd,95.0,12.1,5.528,5.169,24.0,0.0,0.0,31.0,-100.0,-100.0,-8.0,0.0,0.0,31.0,-100.0,-100.0,0.0,0.0,-0.0,31.0,-2.133,95.0,-232.0,87.0,2.552,33.0,-90.381,-90.311,-8.0,0.0,-0.0,31.0,31.707,31.22,8.0,0.0,0.0,31.0,40.619,40.825,-8.0,0.0,0.0,33.0
23.5562,1,fwd,95.0,12.1,5.528,5.169,24.0,0.0,0.0,31.0,-100.0,-100.0,-8.0,0.0,0.0,31.0,-100.0,-100.0,0.0,0.0,-0.0,31.0,-1.867,95.0,-232.0,87.0,4.218,33.0,-90.381,-90.311,-8.0,0.0,-0.0,31.0,31.707,31.22,8.0,0.0,0.0,31.0,40.619,40.825,-8.0,0.0,0.0,33.0
23.6096,1,fwd,95.0,12.1,5.528,5.169,24.0,0.0,0.0,31.0,-100.0,-100.0,-8.0,0.0,0.0,31.0,-100.0,-100.0,0.0,0.0,-0.0,31.0,-1.467,95.0,-232.0,87.0,5.218,33.0,-90.381,-90.311,-8.0,0.0,-0.0,31.0,31.707,31.22,8.0,0.0,0.0,31.0,40.619,40.825,-8.0,0.0,0.0,33.0
23.6629,1,fwd,95.0,12.1,5.528,5.169,24.0,0.0,0.0,31.0,-100.0,-100.0,-8.0,0.0,0.0,31.0,-100.0,-100.0,0.0,0.0,-0.0,31.0,-1.2,95.0,-232.0,87.0,5.556,33.0,-90.381,-90.311,-8.0,0.0,-0.0,31.0,31.707,31.22,8.0,0.0,0.0,31.0,40.619,40.825,-8.0,0.0,0.0,33.0
23.7158,1,fwd,95.0,12.1,5.528,5.169,24.0,0.0,0.0,31.0,-100.0,-100.0,-8.0,0.0,0.0,31.0,-100.0,-100.0,0.0,0.0,-0.0,31.0,-0.667,95.0,-232.0,87.0,7.784,33.0,-90.381,-90.311,-8.0,0.0,-0.0,31.0,31.707,31.22,8.0,0.0,0.0,31.0,40.619,40.825,-8.0,0.0,0.0,33.0
23.7692,1,fwd,95.0,12.1,5.528,5.169,24.0,0.0,0.0,31.0,-100.0,-100.0,-8.0,0.0,0.0,31.0,-100.0,-100.0,0.0,0.0,-0.0,31.0,-0.533,95.0,-232.0,87.0,5.287,33.0,-90.381,-90.311,-8.0,0.0,-0.0,31.0,31.707,31.22,8.0,0.0,0.0,31.0,40.619,40.825,-8.0,0.0,0.0,33.0
23.8223,1,fwd,95.0,12.1,5.528,5.169,24.0,0.0,0.0,31.0,-100.0,-100.0,-8.0,0.0,0.0,31.0,-100.0,-100.0,0.0,0.0,-0.0,31.0,-0.267,95.0,-232.0,87.0,5.56,33.0,-90.381,-90.311,-8.0,0.0,-0.0,31.0,31.707,31.22,8.0,0.0,0.0,31.0,40.619,40.825,-8.0,0.0,0.0,33.0
23.875,1,fwd,95.0,12.1,5.528,5.169,24.0,0.0,0.0,31.0,-100.0,-100.0,-8.0,0.0,0.0,31.0,-100.0,-100.0,0.0,0.0,-0.0,31.0,0.133,95.0,-232.0,87.0,6.306,33.0,-90.381,-90.311,-8.0,0.0,-0.0,31.0,31.707,31.22,8.0,0.0,0.0,31.0,40.619,40.825,-8.0,0.0,0.0,33.0
23.9281,1,fwd,95.0,11.9,5.528,5.169,24.0,0.0,0.0,31.0,-100.0,-100.0,-8.0,0.0,0.0,31.0,-100.0,-100.0,0.0,0.0,-0.0,31.0,0.133,95.0,-240.0,75.0,4.414,33.0,-90.381,-90.311,-8.0,0.0,-0.0,31.0,31.707,31.22,8.0,0.0,0.0,31.0,40.619,40.825,-8.0,0.0,0.0,33.0
23.9814,1,fwd,95.0,11.9,5.528,5.169,24.0,0.0,0.0,31.0,-100.0,-100.0,-8.0,0.0,0.0,31.0,-100.0,-100.0,0.0,0.0,-0.0,31.0,0.667,95.0,-240.0,75.0,4.113,33.0,-90.381,-90.311,-8.0,0.0,-0.0,31.0,31.707,31.22,8.0,0.0,0.0,31.0,40.619,40.825,-8.0,0.0,0.0,33.0
24.0346,1,fwd,95.0,11.9,5.528,5.169,24.0,0.0,0.0,31.0,-100.0,-100.0,-8.0,0.0,0.0,31.0,-100.0,-100.0,0.0,0.0,-0.0,31.0,0.933,95.0,-240.0,75.0,4.543,33.0,-90.381,-90.311,-8.0,0.0,-0.0,31.0,31.707,31.22,8.0,0.0,0.0,31.0,40.619,40.825,-8.0,0.0,0.0,33.0
24.0879,1,fwd,95.0,11.9,5.528,5.169,24.0,0.0,0.0,31.0,-100.0,-100.0,-8.0,0.0,0.0,31.0,-100.0,-100.0,0.0,0.0,-0.0,31.0,0.933,95.0,-240.0,75.0,2.226,33.0,-90.381,-90.311,-8.0,0.0,-0.0,31.0,31.707,31.22,8.0,0.0,0.0,31.0,40.619,40.825,-8.0,0.0,0.0,33.0
24.141,1,fwd,95.0,11.9,5.528,5.169,24.0,0.0,0.0,31.0,-100.0,-100.0,-8.0,0.0,0.0,31.0,-100.0,-100.0,0.0,0.0,-0.0,31.0,1.067,95.0,-240.0,75.0,2.601,33.0,-90.381,-90.311,-8.0,0.0,-0.0,31.0,31.707,31.22,8.0,0.0,0.0,31.0,40.619,40.825,-8.0,0.0,0.0,33.0
24.1939,1,fwd,95.0,11.9,5.528,5.169,24.0,0.0,0.0,31.0,-100.0,-100.0,-8.0,0.0,0.0,31.0,-100.0,-100.0,0.0,0.0,-0.0,31.0,1.6,95.0,-240.0,75.0,6.347,33.0,-90.381,-90.311,-8.0,0.0,-0.0,31.0,31.707,31.22,8.0,0.0,0.0,31.0,40.619,40.825,-8.0,0.0,0.0,33.0
24.2468,1,fwd,95.0,11.9,5.528,5.169,24.0,0.0,0.0,31.0,-100.0,-100.0,-8.0,0.0,0.0,31.0,-100.0,-100.0,0.0,0.0,-0.0,31.0,1.6,95.0,-240.0,75.0,3.11,33.0,-90.381,-90.311,-8.0,0.0,-0.0,31.0,31.707,31.22,8.0,0.0,0.0,31.0,40.619,40.825,-8.0,0.0,0.0,33.0
24.2987,1,fwd,95.0,11.9,5.528,5.169,24.0,0.0,0.0,31.0,-100.0,-100.0,-8.0,0.0,0.0,31.0,-100.0,-100.0,0.0,0.0,-0.0,31.0,2.267,95.0,-240.0,75.0,7.967,33.0,-90.381,-90.311,-8.0,0.0,-0.0,31.0,31.707,31.22,8.0,0.0,0.0,31.0,40.619,40.825,-8.0,0.0,0.0,33.0
24.3521,1,fwd,95.0,11.9,5.528,5.169,24.0,0.0,0.0,31.0,-100.0,-100.0,-8.0,0.0,0.0,31.0,-100.0,-100.0,0.0,0.0,-0.0,31.0,2.533,95.0,-240.0,75.0,5.995,33.0,-90.381,-90.311,-8.0,0.0,-0.0,31.0,31.707,31.22,8.0,0.0,0.0,31.0,40.619,40.825,-8.0,0.0,0.0,33.0
24.4055,1,fwd,95.0,11.9,5.528,5.169,24.0,0.0,0.0,31.0,-100.0,-100.0,-8.0,0.0,0.0,31.0,-100.0,-100.0,0.0,0.0,-0.0,31.0,2.8,95.0,-240.0,75.0,5.896,33.0,-90.381,-90.311,-8.0,0.0,-0.0,31.0,31.707,31.22,8.0,0.0,0.0,31.0,40.619,40.825,-8.0,0.0,0.0,33.0
24.4585,1,fwd,95.0,11.9,5.528,5.169,24.0,0.0,0.0,31.0,-100.0,-100.0,-8.0,0.0,0.0,31.0,-100.0,-100.0,0.0,0.0,-0.0,31.0,3.2,95.0,-240.0,75.0,6.02,33.0,-90.381,-90.311,-8.0,0.0,-0.0,31.0,31.707,31.22,8.0,0.0,0.0,31.0,40.619,40.825,-8.0,0.0,0.0,33.0
24.5129,1,fwd,95.0,11.9,5.528,5.169,24.0,0.0,0.0,31.0,-100.0,-100.0,-8.0,0.0,0.0,31.0,-100.0,-100.0,0.0,0.0,-0.0,31.0,3.2,95.0,-224.0,68.0,6.02,33.0,-90.381,-90.311,-8.0,0.0,-0.0,31.0,31.707,31.22,8.0,0.0,0.0,31.0,40.619,40.825,-8.0,0.0,0.0,33.0
24.5662,1,fwd,95.0,11.9,5.528,5.169,24.0,0.0,0.0,31.0,-100.0,-100.0,-8.0,0.0,0.0,31.0,-100.0,-100.0,0.0,0.0,-0.0,31.0,3.2,95.0,-224.0,68.0,2.95,33.0,-90.381,-90.311,-8.0,0.0,-0.0,31.0,31.707,31.22,8.0,0.0,0.0,31.0,40.619,40.825,-8.0,0.0,0.0,33.0
24.6197,1,fwd,95.0,11.9,5.528,5.169,24.0,0.0,0.0,31.0,-100.0,-100.0,-8.0,0.0,0.0,31.0,-100.0,-100.0,0.0,0.0,-0.0,31.0,3.867,95.0,-224.0,68.0,7.249,33.0,-90.381,-90.311,-8.0,0.0,-0.0,31.0,31.707,31.22,8.0,0.0,0.0,31.0,40.619,40.825,-8.0,0.0,0.0,33.0
24.6729,1,fwd,95.0,11.9,5.528,5.169,24.0,0.0,0.0,31.0,-100.0,-100.0,-8.0,0.0,0.0,31.0,-100.0,-100.0,0.0,0.0,-0.0,31.0,4.0,95.0,-224.0,68.0,4.587,33.0,-90.381,-90.311,-8.0,0.0,-0.0,31.0,31.707,31.22,8.0,0.0,0.0,31.0,40.619,40.825,-8.0,0.0,0.0,33.0
24.7259,1,fwd,95.0,11.9,5.528,5.169,24.0,0.0,0.0,31.0,-100.0,-100.0,-8.0,0.0,0.0,31.0,-100.0,-100.0,0.0,0.0,-0.0,31.0,4.0,95.0,-224.0,68.0,2.247,33.0,-90.381,-90.311,-8.0,0.0,-0.0,31.0,31.707,31.22,8.0,0.0,0.0,31.0,40.619,40.825,-8.0,0.0,0.0,33.0
24.7792,1,fwd,95.0,11.9,5.528,5.169,24.0,0.0,0.0,31.0,-100.0,-100.0,-8.0,0.0,0.0,31.0,-100.0,-100.0,0.0,0.0,-0.0,31.0,4.667,95.0,-224.0,68.0,7.234,33.0,-90.381,-90.311,-8.0,0.0,-0.0,31.0,31.707,31.22,8.0,0.0,0.0,31.0,40.619,40.825,-8.0,0.0,0.0,33.0
24.8323,1,fwd,95.0,11.9,5.528,5.169,24.0,0.0,0.0,31.0,-100.0,-100.0,-8.0,0.0,0.0,31.0,-100.0,-100.0,0.0,0.0,-0.0,31.0,4.667,95.0,-224.0,68.0,3.545,33.0,-90.381,-90.311,-8.0,0.0,-0.0,31.0,31.707,31.22,8.0,0.0,0.0,31.0,40.619,40.825,-8.0,0.0,0.0,33.0
24.8855,1,fwd,95.0,11.9,5.528,5.169,24.0,0.0,0.0,31.0,-100.0,-100.0,-8.0,0.0,0.0,31.0,-100.0,-100.0,0.0,0.0,-0.0,31.0,4.8,95.0,-224.0,68.0,2.786,33.0,-90.381,-90.311,-8.0,0.0,-0.0,31.0,31.707,31.22,8.0,0.0,0.0,31.0,40.619,40.825,-8.0,0.0,0.0,33.0
24.9376,1,fwd,95.0,11.9,5.528,5.169,24.0,0.0,0.0,31.0,-100.0,-100.0,-8.0,0.0,0.0,31.0,-100.0,-100.0,0.0,0.0,-0.0,31.0,4.933,95.0,-224.0,68.0,2.85,33.0,-90.381,-90.311,-8.0,0.0,-0.0,31.0,31.707,31.22,8.0,0.0,0.0,31.0,40.619,40.825,-8.0,0.0,0.0,33.0
24.9908,1,fwd,95.0,11.9,5.528,5.169,24.0,0.0,0.0,31.0,-100.0,-100.0,-8.0,0.0,0.0,31.0,-100.0,-100.0,0.0,0.0,-0.0,31.0,5.467,95.0,-224.0,68.0,6.058,33.0,-90.381,-90.311,-8.0,0.0,-0.0,31.0,31.707,31.22,8.0,0.0,0.0,31.0,40.619,40.825,-8.0,0.0,0.0,33.0
25.0441,1,fwd,95.0,11.9,5.528,5.169,24.0,0.0,0.0,31.0,-100.0,-100.0,-8.0,0.0,0.0,31.0,-100.0,-100.0,0.0,0.0,-0.0,31.0,5.467,95.0,-224.0,68.0,2.968,33.0,-90.381,-90.311,-8.0,0.0,-0.0,31.0,31.707,31.22,8.0,0.0,0.0,31.0,40.619,40.825,-8.0,0.0,0.0,33.0
25.0974,1,fwd,95.0,11.9,5.528,5.169,24.0,0.0,0.0,31.0,-100.0,-100.0,-8.0,0.0,0.0,31.0,-100.0,-100.0,0.0,0.0,-0.0,31.0,6.4,95.0,-256.0,85.0,6.76,33.0,-90.381,-90.311,-8.0,0.0,-0.0,31.0,31.707,31.22,8.0,0.0,0.0,31.0,40.619,40.825,-8.0,0.0,0.0,33.0
25.1504,1,fwd,95.0,11.9,5.528,5.169,24.0,0.0,0.0,31.0,-100.0,-100.0,-8.0,0.0,0.0,31.0,-100.0,-100.0,0.0,0.0,-0.0,31.0,6.4,95.0,-256.0,85.0,3.313,33.0,-90.381,-90.311,-8.0,0.0,-0.0,31.0,31.707,31.22,8.0,0.0,0.0,31.0,40.619,40.825,-8.0,0.0,0.0,33.0
25.2035,1,fwd,95.0,11.9,5.528,5.169,24.0,0.0,0.0,31.0,-100.0,-100.0,-8.0,0.0,0.0,31.0,-100.0,-100.0,0.0,0.0,-0.0,31.0,6.8,95.0,-256.0,85.0,5.656,33.0,-90.381,-90.311,-8.0,0.0,-0.0,31.0,31.707,31.22,8.0,0.0,0.0,31.0,40.619,40.825,-8.0,0.0,0.0,33.0
25.2564,1,fwd,95.0,11.9,5.528,5.169,24.0,0.0,0.0,31.0,-100.0,-100.0,-8.0,0.0,0.0,31.0,-100.0,-100.0,0.0,0.0,-0.0,31.0,6.933,95.0,-256.0,85.0,3.822,33.0,-90.381,-90.311,-8.0,0.0,-0.0,31.0,31.707,31.22,8.0,0.0,0.0,31.0,40.619,40.825,-8.0,0.0,0.0,33.0
25.3095,1,fwd,95.0,11.9,5.528,5.169,24.0,0.0,0.0,31.0,-100.0,-100.0,-8.0,0.0,0.0,31.0,-100.0,-100.0,0.0,0.0,-0.0,31.0,7.067,95.0,-256.0,85.0,2.924,33.0,-90.381,-90.311,-8.0,0.0,-0.0,31.0,31.707,31.22,8.0,0.0,0.0,31.0,40.619,40.825,-8.0,0.0,0.0,33.0
25.3617,1,fwd,95.0,11.9,5.528,5.169,24.0,0.0,0.0,31.0,-100.0,-100.0,-8.0,0.0,0.0,31.0,-100.0,-100.0,0.0,0.0,-0.0,31.0,7.2,95.0,-256.0,85.0,2.915,33.0,-90.381,-90.311,-8.0,0.0,-0.0,31.0,31.707,31.22,8.0,0.0,0.0,31.0,40.619,40.825,-8.0,0.0,0.0,33.0
25.415,1,fwd,95.0,11.9,5.528,5.169,24.0,0.0,0.0,31.0,-100.0,-100.0,-8.0,0.0,0.0,31.0,-100.0,-100.0,0.0,0.0,-0.0,31.0,7.733,95.0,-256.0,85.0,6.036,33.0,-90.381,-90.311,-8.0,0.0,-0.0,31.0,31.707,31.22,8.0,0.0,0.0,31.0,40.619,40.825,-8.0,0.0,0.0,33.0
25.4684,1,fwd,95.0,11.9,5.528,5.169,24.0,0.0,0.0,31.0,-100.0,-100.0,-8.0,0.0,0.0,31.0,-100.0,-100.0,0.0,0.0,-0.0,31.0,7.733,95.0,-256.0,85.0,2.957,33.0,-90.381,-90.311,-8.0,0.0,-0.0,31.0,31.707,31.22,8.0,0.0,0.0,31.0,40.619,40.825,-8.0,0.0,0.0,33.0
25.5225,1,fwd,95.0,11.9,5.528,5.169,24.0,0.0,0.0,31.0,-100.0,-100.0,-8.0,0.0,0.0,31.0,-100.0,-100.0,0.0,0.0,-0.0,31.0,7.867,95.0,-256.0,85.0,2.497,33.0,-90.381,-90.311,-8.0,0.0,-0.0,31.0,31.707,31.22,8.0,0.0,0.0,31.0,40.619,40.825,-8.0,0.0,0.0,33.0
25.5759,1,fwd,95.0,11.9,5.528,5.169,24.0,0.0,0.0,31.0,-100.0,-100.0,-8.0,0.0,0.0,31.0,-100.0,-100.0,0.0,0.0,-0.0,31.0,8.4,95.0,-256.0,85.0,6.337,33.0,-90.381,-90.311,-8.0,0.0,-0.0,31.0,31.707,31.22,8.0,0.0,0.0,31.0,40.619,40.825,-8.0,0.0,0.0,33.0
25.629,1,fwd,95.0,11.9,5.528,5.169,24.0,0.0,0.0,31.0,-100.0,-100.0,-8.0,0.0,0.0,31.0,-100.0,-100.0,0.0,0.0,-0.0,31.0,8.533,95.0,-256.0,85.0,5.897,33.0,-90.381,-90.311,-8.0,0.0,-0.0,31.0,31.707,31.22,8.0,0.0,0.0,31.0,40.619,40.825,-8.0,0.0,0.0,33.0
25.6826,1,fwd,95.0,11.9,5.528,5.169,24.0,0.0,0.0,31.0,-100.0,-100.0,-8.0,0.0,0.0,31.0,-100.0,-100.0,0.0,0.0,-0.0,31.0,8.667,95.0,-248.0,94.0,4.795,33.0,-90.381,-90.311,-8.0,1.0,-0.0,31.0,31.707,31.22,8.0,0.0,0.0,31.0,40.619,40.825,-8.0,0.0,0.0,33.0
25.7361,1,fwd,95.0,11.9,5.528,5.169,24.0,0.0,0.0,31.0,-100.0,-100.0,-8.0,0.0,0.0,31.0,-100.0,-100.0,0.0,0.0,-0.0,31.0,8.667,95.0,-248.0,94.0,2.349,33.0,-90.381,-90.311,-8.0,1.0,-0.0,31.0,31.707,31.22,8.0,0.0,0.0,31.0,40.619,40.825,-8.0,0.0,0.0,33.0
25.7892,1,fwd,95.0,11.9,5.528,5.169,24.0,0.0,0.0,31.0,-100.0,-100.0,-8.0,0.0,0.0,31.0,-100.0,-100.0,0.0,0.0,-0.0,31.0,9.467,95.0,-248.0,94.0,8.819,33.0,-90.381,-90.311,-8.0,1.0,-0.0,31.0,31.707,31.22,8.0,0.0,0.0,31.0,40.619,40.825,-8.0,0.0,0.0,33.0
25.8423,1,fwd,95.0,11.9,5.528,5.169,24.0,0.0,0.0,31.0,-100.0,-100.0,-8.0,0.0,0.0,31.0,-100.0,-100.0,0.0,0.0,-0.0,31.0,9.6,95.0,-248.0,94.0,5.368,33.0,-90.381,-90.311,-8.0,1.0,-0.0,31.0,31.707,31.22,8.0,0.0,0.0,31.0,40.619,40.825,-8.0,0.0,0.0,33.0
25.8947,1,fwd,95.0,11.9,5.528,5.169,24.0,0.0,0.0,31.0,-100.0,-100.0,-8.0,0.0,0.0,31.0,-100.0,-100.0,0.0,0.0,-0.0,31.0,10.0,95.0,-248.0,94.0,6.227,33.0,-90.381,-90.311,-8.0,1.0,-0.0,31.0,31.707,31.22,8.0,0.0,0.0,31.0,40.619,40.825,-8.0,0.0,0.0,33.0
25.9482,1,fwd,95.0,11.9,5.528,5.169,24.0,0.0,0.0,31.0,-100.0,-100.0,-8.0,0.0,0.0,31.0,-100.0,-100.0,0.0,0.0,-0.0,31.0,10.133,95.0,-248.0,94.0,4.102,33.0,-90.381,-90.311,-8.0,1.0,-0.0,31.0,31.707,31.22,8.0,0.0,0.0,31.0,40.619,40.825,-8.0,0.0,0.0,33.0
26.0015,1,fwd,95.0,11.9,5.528,5.169,24.0,0.0,0.0,31.0,-100.0,-100.0,-8.0,0.0,0.0,31.0,-100.0,-100.0,0.0,0.0,-0.0,31.0,10.267,95.0,-248.0,94.0,3.05,33.0,-90.381,-90.311,-8.0,1.0,-0.0,31.0,31.707,31.22,8.0,0.0,0.0,31.0,40.619,40.825,-8.0,0.0,0.0,33.0
26.0533,1,fwd,95.0,11.9,5.528,5.169,24.0,0.0,0.0,31.0,-100.0,-100.0,-8.0,0.0,0.0,31.0,-100.0,-100.0,0.0,0.0,-0.0,31.0,10.4,95.0,-248.0,94.0,2.545,33.0,-90.381,-90.311,-8.0,1.0,-0.0,31.0,31.707,31.22,8.0,0.0,0.0,31.0,40.619,40.825,-8.0,0.0,0.0,33.0
26.1058,1,fwd,95.0,11.9,5.528,5.169,24.0,0.0,0.0,31.0,-100.0,-100.0,-8.0,0.0,0.0,31.0,-100.0,-100.0,0.0,0.0,-0.0,31.0,10.667,95.0,-248.0,94.0,3.796,33.0,-90.381,-90.311,-8.0,1.0,-0.0,31.0,31.707,31.22,8.0,0.0,0.0,31.0,40.619,40.825,-8.0,0.0,0.0,33.0
26.1588,1,fwd,95.0,11.9,5.528,5.169,24.0,0.0,0.0,31.0,-100.0,-100.0,-8.0,0.0,0.0,31.0,-100.0,-100.0,0.0,0.0,-0.0,31.0,10.933,95.0,-248.0,94.0,3.919,33.0,-90.381,-90.311,-8.0,1.0,-0.0,31.0,31.707,31.22,8.0,0.0,0.0,31.0,40.619,40.825,-8.0,0.0,0.0,33.0
26.212,1,fwd,95.0,11.9,5.528,5.169,24.0,0.0,0.0,31.0,-100.0,-100.0,-8.0,0.0,0.0,32.0,-100.0,-100.0,0.0,0.0,-0.0,31.0,11.067,95.0,-272.0,108.0,4.251,33.0,-90.381,-90.311,-8.0,0.0,-0.0,31.0,31.707,31.22,8.0,0.0,0.0,31.0,40.619,40.825,-8.0,0.0,0.0,33.0
26.2651,1,fwd,95.0,11.9,5.528,5.169,24.0,0.0,0.0,31.0,-100.0,-100.0,-8.0,0.0,0.0,32.0,-100.0,-100.0,0.0,0.0,-0.0,31.0,11.733,95.0,-272.0,108.0,4.562,33.0,-90.381,-90.311,-8.0,0.0,-0.0,31.0,31.707,31.22,8.0,0.0,0.0,31.0,40.619,40.825,-8.0,0.0,0.0,33.0
26.3174,1,fwd,95.0,11.9,5.528,5.169,24.0,0.0,0.0,31.0,-100.0,-100.0,-8.0,0.0,0.0,32.0,-100.0,-100.0,0.0,0.0,-0.0,31.0,11.733,95.0,-272.0,108.0,2.236,33.0,-90.381,-90.311,-8.0,0.0,-0.0,31.0,31.707,31.22,8.0,0.0,0.0,31.0,40.619,40.825,-8.0,0.0,0.0,33.0
26.3697,1,fwd,95.0,11.9,5.528,5.169,24.0,0.0,0.0,31.0,-100.0,-100.0,-8.0,0.0,0.0,32.0,-100.0,-100.0,0.0,0.0,-0.0,31.0,12.4,95.0,-272.0,108.0,7.687,33.0,-90.381,-90.311,-8.0,0.0,-0.0,31.0,31.707,31.22,8.0,0.0,0.0,31.0,40.619,40.825,-8.0,0.0,0.0,33.0
26.4231,1,fwd,95.0,11.9,5.528,5.169,24.0,0.0,0.0,31.0,-100.0,-100.0,-8.0,0.0,0.0,32.0,-100.0,-100.0,0.0,0.0,-0.0,31.0,12.533,95.0,-272.0,108.0,4.791,33.0,-90.381,-90.311,-8.0,0.0,-0.0,31.0,31.707,31.22,8.0,0.0,0.0,31.0,40.619,40.825,-8.0,0.0,0.0,33.0
26.4757,1,fwd,95.0,11.9,5.528,5.169,24.0,0.0,0.0,31.0,-100.0,-100.0,-8.0,0.0,0.0,32.0,-100.0,-100.0,0.0,0.0,-0.0,31.0,12.933,95.0,-272.0,108.0,6.818,33.0,-90.381,-90.311,-8.0,0.0,-0.0,31.0,31.707,31.22,8.0,0.0,0.0,31.0,40.619,40.825,-8.0,0.0,0.0,33.0
26.5288,1,fwd,95.0,11.9,5.528,5.169,24.0,0.0,0.0,31.0,-100.0,-100.0,-8.0,0.0,0.0,32.0,-100.0,-100.0,0.0,0.0,-0.0,31.0,13.333,95.0,-272.0,108.0,6.899,33.0,-90.381,-90.311,-8.0,0.0,-0.0,31.0,31.707,31.22,8.0,0.0,0.0,31.0,40.619,40.825,-8.0,0.0,0.0,33.0
26.5821,1,fwd,95.0,11.9,5.528,5.169,24.0,0.0,0.0,31.0,-100.0,-100.0,-8.0,0.0,0.0,32.0,-100.0,-100.0,0.0,0.0,-0.0,31.0,13.467,95.0,-272.0,108.0,4.869,33.0,-90.381,-90.311,-8.0,0.0,-0.0,31.0,31.707,31.22,8.0,0.0,0.0,31.0,40.619,40.825,-8.0,0.0,0.0,33.0
26.6354,1,fwd,95.0,11.9,5.528,5.169,24.0,0.0,0.0,31.0,-100.0,-100.0,-8.0,0.0,0.0,32.0,-100.0,-100.0,0.0,0.0,-0.0,31.0,13.6,95.0,-272.0,108.0,4.892,33.0,-90.381,-90.311,-8.0,0.0,-0.0,31.0,31.707,31.22,8.0,0.0,0.0,31.0,40.619,40.825,-8.0,0.0,0.0,33.0
26.6889,1,fwd,95.0,11.9,5.528,5.169,24.0,0.0,0.0,31.0,-100.0,-100.0,-8.0,0.0,0.0,32.0,-100.0,-100.0,0.0,0.0,-0.0,31.0,13.733,95.0,-272.0,108.0,3.333,33.0,-90.381,-90.311,-8.0,0.0,-0.0,31.0,31.707,31.22,8.0,0.0,0.0,31.0,40.619,40.825,-8.0,0.0,0.0,33.0
26.7425,1,fwd,95.0,11.9,5.528,5.169,24.0,0.0,0.0,31.0,-100.0,-100.0,-8.0,0.0,0.0,32.0,-100.0,-100.0,0.0,0.0,-0.0,31.0,13.867,95.0,-272.0,108.0,3.119,33.0,-90.381,-90.311,-8.0,0.0,-0.0,31.0,31.707,31.22,8.0,0.0,0.0,31.0,40.619,40.825,-8.0,0.0,0.0,33.0
26.796,1,fwd,95.0,11.9,5.528,5.169,24.0,0.0,0.0,31.0,-100.0,-100.0,-8.0,0.0,0.0,32.0,-100.0,-100.0,0.0,0.0,-0.0,31.0,14.0,95.0,-264.0,102.0,3.544,33.0,-90.381,-90.311,-8.0,0.0,-0.0,31.0,31.707,31.22,8.0,0.0,0.0,31.0,40.619,40.825,-8.0,0.0,0.0,33.0
26.8491,1,fwd,95.0,11.9,5.528,5.169,24.0,0.0,0.0,31.0,-100.0,-100.0,-8.0,0.0,0.0,32.0,-100.0,-100.0,0.0,0.0,-0.0,31.0,14.533,95.0,-264.0,102.0,4.702,33.0,-90.381,-90.311,-8.0,0.0,-0.0,31.0,31.707,31.22,8.0,0.0,0.0,31.0,40.619,40.825,-8.0,0.0,0.0,33.0
26.9013,1,fwd,95.0,11.9,5.528,5.169,24.0,0.0,0.0,31.0,-100.0,-100.0,-8.0,0.0,0.0,32.0,-100.0,-100.0,0.0,0.0,-0.0,31.0,14.8,95.0,-264.0,102.0,4.849,33.0,-90.381,-90.311,-8.0,0.0,-0.0,31.0,31.707,31.22,8.0,0.0,0.0,31.0,40.619,40.825,-8.0,0.0,0.0,33.0
26.9554,1,fwd,95.0,11.9,5.528,5.169,24.0,0.0,0.0,31.0,-100.0,-100.0,-8.0,0.0,0.0,32.0,-100.0,-100.0,0.0,0.0,-0.0,31.0,15.333,95.0,-264.0,102.0,7.42,33.0,-90.381,-90.311,-8.0,0.0,-0.0,31.0,31.707,31.22,8.0,0.0,0.0,31.0,40.619,40.825,-8.0,0.0,0.0,33.0
27.0081,1,fwd,95.0,11.9,5.528,5.169,24.0,0.0,0.0,31.0,-100.0,-100.0,-8.0,0.0,0.0,32.0,-100.0,-100.0,0.0,0.0,-0.0,31.0,15.6,95.0,-264.0,102.0,6.161,33.0,-90.381,-90.311,-8.0,0.0,-0.0,31.0,31.707,31.22,8.0,0.0,0.0,31.0,40.619,40.825,-8.0,0.0,0.0,33.0
27.0614,1,fwd,95.0,11.9,5.528,5.169,24.0,0.0,0.0,31.0,-100.0,-100.0,-8.0,0.0,0.0,32.0,-100.0,-100.0,0.0,0.0,-0.0,31.0,16.0,95.0,-264.0,102.0,7.506,33.0,-90.381,-90.311,-8.0,0.0,-0.0,31.0,31.707,31.22,8.0,0.0,0.0,31.0,40.619,40.825,-8.0,0.0,0.0,33.0
27.1134,1,fwd,95.0,11.9,5.528,5.169,24.0,0.0,0.0,31.0,-100.0,-100.0,-8.0,0.0,0.0,32.0,-100.0,-100.0,0.0,0.0,-0.0,31.0,16.267,95.0,-264.0,102.0,5.79,33.0,-90.381,-90.311,-8.0,0.0,-0.0,31.0,31.707,31.22,8.0,0.0,0.0,31.0,40.619,40.825,-8.0,0.0,0.0,33.0
27.1668,1,fwd,95.0,11.9,5.528,5.169,24.0,0.0,0.0,31.0,-100.0,-100.0,-8.0,0.0,0.0,32.0,-100.0,-100.0,0.0,0.0,-0.0,31.0,16.267,95.0,-264.0,102.0,2.837,33.0,-90.381,-90.311,-8.0,0.0,-0.0,31.0,31.707,31.22,8.0,0.0,0.0,31.0,40.619,40.825,-8.0,0.0,0.0,33.0
27.2197,1,fwd,95.0,11.9,5.528,5.169,24.0,0.0,0.0,31.0,-100.0,-100.0,-8.0,0.0,0.0,32.0,-100.0,-100.0,0.0,0.0,-0.0,31.0,16.4,95.0,-264.0,102.0,2.437,33.0,-90.381,-90.311,-8.0,0.0,-0.0,31.0,31.707,31.22,8.0,0.0,0.0,31.0,40.619,40.825,-8.0,0.0,0.0,33.0
27.2716,1,fwd,95.0,11.9,5.528,5.169,24.0,0.0,0.0,31.0,-100.0,-100.0,-8.0,0.0,0.0,32.0,-100.0,-100.0,0.0,0.0,-0.0,31.0,16.8,95.0,-264.0,102.0,5.691,33.0,-90.381,-90.311,-8.0,0.0,-0.0,31.0,31.707,31.22,8.0,0.0,0.0,31.0,40.619,40.825,-8.0,0.0,0.0,33.0
27.3237,1,fwd,95.0,11.9,5.528,5.169,24.0,0.0,0.0,31.0,-100.0,-100.0,-8.0,0.0,0.0,32.0,-100.0,-100.0,0.0,0.0,-0.0,31.0,17.067,95.0,-264.0,102.0,4.901,33.0,-90.381,-90.311,-8.0,0.0,-0.0,31.0,31.707,31.22,8.0,0.0,0.0,31.0,40.619,40.825,-8.0,0.0,0.0,33.0
27.377,1,fwd,95.0,11.8,5.528,5.169,24.0,0.0,0.0,31.0,-100.0,-100.0,-8.0,0.0,0.0,32.0,-100.0,-100.0,0.0,0.0,-0.0,31.0,17.067,95.0,-256.0,110.0,4.901,33.0,-90.381,-90.311,-8.0,0.0,-0.0,31.0,31.707,31.22,8.0,0.0,0.0,31.0,40.619,40.825,-8.0,0.0,0.0,33.0
27.4305,1,fwd,95.0,11.8,5.528,5.169,24.0,0.0,0.0,31.0,-100.0,-100.0,-8.0,0.0,0.0,32.0,-100.0,-100.0,0.0,0.0,-0.0,31.0,17.2,95.0,-256.0,110.0,2.841,33.0,-90.381,-90.311,-8.0,0.0,-0.0,31.0,31.707,31.22,8.0,0.0,0.0,31.0,40.619,40.825,-8.0,0.0,0.0,33.0
27.484,1,fwd,95.0,11.8,5.528,5.169,24.0,0.0,0.0,31.0,-100.0,-100.0,-8.0,0.0,0.0,32.0,-100.0,-100.0,0.0,0.0,-0.0,31.0,17.6,95.0,-256.0,110.0,4.831,33.0,-90.381,-90.311,-8.0,0.0,-0.0,31.0,31.707,31.22,8.0,0.0,0.0,31.0,40.619,40.825,-8.0,0.0,0.0,33.0
27.5374,1,fwd,95.0,11.8,5.528,5.169,24.0,0.0,0.0,31.0,-100.0,-100.0,-8.0,0.0,0.0,32.0,-100.0,-100.0,0.0,0.0,-0.0,31.0,17.733,95.0,-256.0,110.0,3.29,33.0,-90.381,-90.311,-8.0,0.0,-0.0,31.0,31.707,31.22,8.0,0.0,0.0,31.0,40.619,40.825,-8.0,0.0,0.0,33.0
27.5906,1,fwd,95.0,11.8,5.528,5.169,24.0,0.0,0.0,31.0,-100.0,-100.0,-8.0,0.0,0.0,32.0,-100.0,-100.0,0.0,0.0,-0.0,31.0,17.867,95.0,-256.0,110.0,3.101,33.0,-90.381,-90.311,-8.0,0.0,-0.0,31.0,31.707,31.22,8.0,0.0,0.0,31.0,40.619,40.825,-8.0,0.0,0.0,33.0
27.6437,1,fwd,95.0,11.8,5.528,5.169,24.0,0.0,0.0,31.0,-100.0,-100.0,-8.0,0.0,0.0,32.0,-100.0,-100.0,0.0,0.0,-0.0,31.0,18.533,95.0,-256.0,110.0,8.068,33.0,-90.381,-90.311,-8.0,0.0,-0.0,31.0,31.707,31.22,8.0,0.0,0.0,31.0,40.619,40.825,-8.0,0.0,0.0,33.0
27.6957,1,fwd,95.0,11.8,5.528,5.169,24.0,0.0,0.0,31.0,-100.0,-100.0,-8.0,0.0,0.0,32.0,-100.0,-100.0,0.0,0.0,-0.0,31.0,18.8,95.0,-256.0,110.0,6.498,33.0,-90.381,-90.311,-8.0,0.0,-0.0,31.0,31.707,31.22,8.0,0.0,0.0,31.0,40.619,40.825,-8.0,0.0,0.0,33.0
27.749,1,fwd,95.0,11.8,5.528,5.169,24.0,0.0,0.0,31.0,-100.0,-100.0,-8.0,0.0,0.0,32.0,-100.0,-100.0,0.0,0.0,-0.0,31.0,19.067,95.0,-256.0,110.0,6.162,33.0,-90.381,-90.311,-8.0,0.0,-0.0,31.0,31.707,31.22,8.0,0.0,0.0,31.0,40.619,40.825,-8.0,0.0,0.0,33.0
27.8024,1,fwd,95.0,11.8,5.528,5.169,24.0,0.0,0.0,31.0,-100.0,-100.0,-8.0,0.0,0.0,32.0,-100.0,-100.0,0.0,0.0,-0.0,31.0,19.467,95.0,-256.0,110.0,6.173,33.0,-90.381,-90.311,-8.0,0.0,-0.0,31.0,31.707,31.22,8.0,0.0,0.0,31.0,40.619,40.825,-8.0,0.0,0.0,33.0
27.8554,1,fwd,95.0,11.8,5.528,5.169,24.0,0.0,0.0,31.0,-100.0,-100.0,-8.0,0.0,0.0,32.0,-100.0,-100.0,0.0,0.0,-0.0,31.0,19.467,95.0,-256.0,110.0,3.025,33.0,-90.381,-90.311,-8.0,0.0,-0.0,31.0,31.707,31.22,8.0,0.0,0.0,31.0,40.619,40.825,-8.0,0.0,0.0,33.0
27.9076,1,fwd,95.0,11.8,5.528,5.169,24.0,0.0,0.0,31.0,-100.0,-100.0,-8.0,0.0,0.0,32.0,-100.0,-100.0,0.0,0.0,-0.0,31.0,19.733,95.0,-256.0,110.0,3.986,33.0,-90.381,-90.311,-8.0,0.0,-0.0,31.0,31.707,31.22,8.0,0.0,0.0,31.0,40.619,40.825,-8.0,0.0,0.0,33.0
27.961,1,fwd,95.0,11.9,5.528,5.169,24.0,0.0,0.0,31.0,-100.0,-100.0,-8.0,0.0,0.0,32.0,-100.0,-100.0,0.0,0.0,-0.0,31.0,20.133,95.0,-256.0,105.0,4.791,33.0,-90.381,-90.311,-8.0,0.0,-0.0,31.0,31.707,31.22,8.0,0.0,0.0,31.0,40.619,40.825,-8.0,0.0,0.0,33.0
28.0134,1,fwd,95.0,11.9,5.528,5.169,24.0,0.0,0.0,31.0,-100.0,-100.0,-8.0,0.0,0.0,32.0,-100.0,-100.0,0.0,0.0,-0.0,31.0,20.267,95.0,-256.0,105.0,3.395,33.0,-90.381,-90.311,-8.0,0.0,-0.0,31.0,31.707,31.22,8.0,0.0,0.0,31.0,40.619,40.825,-8.0,0.0,0.0,33.0
28.0664,1,fwd,95.0,11.9,5.528,5.169,24.0,0.0,0.0,31.0,-100.0,-100.0,-8.0,0.0,0.0,32.0,-100.0,-100.0,0.0,0.0,-0.0,31.0,20.4,95.0,-256.0,105.0,3.155,33.0,-90.381,-90.311,-8.0,0.0,-0.0,31.0,31.707,31.22,8.0,0.0,0.0,31.0,40.619,40.825,-8.0,0.0,0.0,33.0
28.1195,1,fwd,95.0,11.9,5.528,5.169,24.0,0.0,0.0,31.0,-100.0,-100.0,-8.0,0.0,0.0,32.0,-100.0,-100.0,0.0,0.0,-0.0,31.0,20.8,95.0,-256.0,105.0,5.176,33.0,-90.381,-90.311,-8.0,0.0,-0.0,31.0,31.707,31.22,8.0,0.0,0.0,31.0,40.619,40.825,-8.0,0.0,0.0,33.0
28.1726,1,fwd,95.0,11.9,5.528,5.169,24.0,0.0,0.0,31.0,-100.0,-100.0,-8.0,0.0,0.0,32.0,-100.0,-100.0,0.0,0.0,-0.0,31.0,20.933,95.0,-256.0,105.0,3.58,33.0,-90.381,-90.311,-8.0,0.0,-0.0,31.0,31.707,31.22,8.0,0.0,0.0,31.0,40.619,40.825,-8.0,0.0,0.0,33.0
28.2265,1,fwd,95.0,11.9,5.528,5.169,24.0,0.0,0.0,31.0,-100.0,-100.0,-8.0,0.0,0.0,32.0,-100.0,-100.0,0.0,0.0,-0.0,31.0,21.067,95.0,-256.0,105.0,2.787,33.0,-90.381,-90.311,-8.0,0.0,-0.0,31.0,31.707,31.22,8.0,0.0,0.0,31.0,40.619,40.825,-8.0,0.0,0.0,33.0
28.2798,1,fwd,95.0,11.9,5.528,5.169,24.0,0.0,0.0,31.0,-100.0,-100.0,-8.0,0.0,0.0,32.0,-100.0,-100.0,0.0,0.0,-0.0,31.0,21.867,95.0,-256.0,105.0,9.054,33.0,-90.381,-90.311,-8.0,0.0,-0.0,31.0,31.707,31.22,8.0,0.0,0.0,31.0,40.619,40.825,-8.0,0.0,0.0,33.0
28.3316,1,fwd,95.0,11.9,5.528,5.169,24.0,0.0,0.0,31.0,-100.0,-100.0,-8.0,0.0,0.0,32.0,-100.0,-100.0,0.0,0.0,-0.0,31.0,22.133,95.0,-256.0,105.0,6.552,33.0,-90.381,-90.311,-8.0,0.0,-0.0,31.0,31.707,31.22,8.0,0.0,0.0,31.0,40.619,40.825,-8.0,0.0,0.0,33.0
28.3845,1,fwd,95.0,11.9,5.528,5.169,24.0,0.0,0.0,31.0,-100.0,-100.0,-8.0,0.0,0.0,32.0,-100.0,-100.0,0.0,0.0,-0.0,31.0,22.4,95.0,-256.0,105.0,5.767,33.0,-90.381,-90.311,-8.0,0.0,-0.0,31.0,31.707,31.22,8.0,0.0,0.0,31.0,40.619,40.825,-8.0,0.0,0.0,33.0
28.4375,1,fwd,95.0,11.9,5.528,5.169,24.0,0.0,0.0,31.0,-100.0,-100.0,-8.0,0.0,0.0,32.0,-100.0,-100.0,0.0,0.0,-0.0,31.0,22.667,95.0,-256.0,105.0,5.387,33.0,-90.381,-90.311,-8.0,0.0,-0.0,31.0,31.707,31.22,8.0,0.0,0.0,31.0,40.619,40.825,-8.0,0.0,0.0,33.0
28.4906,1,fwd,95.0,11.9,5.528,5.169,24.0,0.0,0.0,31.0,-100.0,-100.0,-8.0,0.0,0.0,32.0,-100.0,-100.0,0.0,0.0,-0.0,31.0,22.667,95.0,-256.0,105.0,3.771,33.0,-90.381,-90.311,-8.0,0.0,-0.0,31.0,31.707,31.22,8.0,0.0,0.0,31.0,40.619,40.825,-8.0,0.0,0.0,33.0
28.5438,1,fwd,95.0,11.8,5.528,5.169,24.0,0.0,0.0,31.0,-100.0,-100.0,-8.0,0.0,0.0,31.0,-100.0,-100.0,0.0,0.0,-0.0,31.0,22.667,95.0,-264.0,88.0,2.64,33.0,-90.381,-90.311,-8.0,0.0,-0.0,31.0,31.707,31.22,8.0,0.0,0.0,31.0,40.619,40.825,-8.0,0.0,0.0,33.0
28.5973,1,fwd,95.0,11.8,5.528,5.169,24.0,0.0,0.0,31.0,-100.0,-100.0,-8.0,0.0,0.0,31.0,-100.0,-100.0,0.0,0.0,-0.0,31.0,22.667,95.0,-264.0,88.0,1.293,33.0,-90.381,-90.311,-8.0,0.0,-0.0,31.0,31.707,31.22,8.0,0.0,0.0,31.0,40.619,40.825,-8.0,0.0,0.0,33.0
28.6509,1,fwd,95.0,11.8,5.528,5.169,24.0,0.0,0.0,31.0,-100.0,-100.0,-8.0,0.0,0.0,31.0,-100.0,-100.0,0.0,0.0,-0.0,31.0,23.467,95.0,-264.0,88.0,7.392,33.0,-90.381,-90.311,-8.0,0.0,-0.0,31.0,31.707,31.22,8.0,0.0,0.0,31.0,40.619,40.825,-8.0,0.0,0.0,33.0
28.7043,1,fwd,95.0,11.8,5.528,5.169,24.0,0.0,0.0,31.0,-100.0,-100.0,-8.0,0.0,0.0,31.0,-100.0,-100.0,0.0,0.0,-0.0,31.0,23.467,95.0,-264.0,88.0,3.622,33.0,-90.381,-90.311,-8.0,0.0,-0.0,31.0,31.707,31.22,8.0,0.0,0.0,31.0,40.619,40.825,-8.0,0.0,0.0,33.0
28.7567,1,fwd,95.0,11.8,5.528,5.169,24.0,0.0,0.0,31.0,-100.0,-100.0,-8.0,0.0,0.0,31.0,-100.0,-100.0,0.0,0.0,-0.0,31.0,23.733,95.0,-264.0,88.0,4.782,33.0,-90.381,-90.311,-8.0,0.0,-0.0,31.0,31.707,31.22,8.0,0.0,0.0,31.0,40.619,40.825,-8.0,0.0,0.0,33.0
28.8101,1,fwd,95.0,11.8,5.528,5.169,24.0,0.0,0.0,31.0,-100.0,-100.0,-8.0,0.0,0.0,31.0,-100.0,-100.0,0.0,0.0,-0.0,31.0,24.133,95.0,-264.0,88.0,5.934,33.0,-90.381,-90.311,-8.0,0.0,-0.0,31.0,31.707,31.22,8.0,0.0,0.0,31.0,40.619,40.825,-8.0,0.0,0.0,33.0
28.8635,1,fwd,95.0,11.8,5.528,5.169,24.0,0.0,0.0,31.0,-100.0,-100.0,-8.0,0.0,0.0,31.0,-100.0,-100.0,0.0,0.0,-0.0,31.0,24.133,95.0,-264.0,88.0,2.907,33.0,-90.381,-90.311,-8.0,0.0,-0.0,31.0,31.707,31.22,8.0,0.0,0.0,31.0,40.619,40.825,-8.0,0.0,0.0,33.0
28.9168,1,fwd,95.0,11.8,5.528,5.169,24.0,0.0,0.0,31.0,-100.0,-100.0,-8.0,0.0,0.0,31.0,-100.0,-100.0,0.0,0.0,-0.0,31.0,24.133,95.0,-264.0,88.0,1.425,33.0,-90.381,-90.311,-8.0,0.0,-0.0,31.0,31.707,31.22,8.0,0.0,0.0,31.0,40.619,40.825,-8.0,0.0,0.0,33.0
28.9698,1,fwd,95.0,11.8,5.528,5.169,24.0,0.0,0.0,31.0,-100.0,-100.0,-8.0,0.0,0.0,31.0,-100.0,-100.0,0.0,0.0,-0.0,31.0,24.667,95.0,-264.0,88.0,6.208,33.0,-90.381,-90.311,-8.0,0.0,-0.0,31.0,31.707,31.22,8.0,0.0,0.0,31.0,40.619,40.825,-8.0,0.0,0.0,33.0
29.023,1,fwd,95.0,11.8,5.528,5.169,24.0,0.0,0.0,31.0,-100.0,-100.0,-8.0,0.0,0.0,31.0,-100.0,-100.0,0.0,0.0,-0.0,31.0,25.333,95.0,-264.0,88.0,9.202,33.0,-90.381,-90.311,-8.0,0.0,-0.0,31.0,31.707,31.22,8.0,0.0,0.0,31.0,40.619,40.825,-8.0,0.0,0.0,33.0
29.0764,1,fwd,95.0,11.9,5.528,5.169,24.0,0.0,0.0,31.0,-100.0,-100.0,-8.0,0.0,0.0,32.0,-100.0,-100.0,0.0,0.0,-0.0,31.0,25.467,95.0,-264.0,86.0,7.916,33.0,-90.381,-90.311,-8.0,0.0,-0.0,31.0,31.707,31.22,8.0,0.0,0.0,31.0,40.619,40.825,-8.0,0.0,0.0,33.0
29.1293,1,fwd,95.0,11.9,5.528,5.169,24.0,0.0,0.0,31.0,-100.0,-100.0,-8.0,0.0,0.0,32.0,-100.0,-100.0,0.0,0.0,-0.0,31.0,25.733,95.0,-264.0,86.0,4.863,33.0,-90.381,-90.311,-8.0,0.0,-0.0,31.0,31.707,31.22,8.0,0.0,0.0,31.0,40.619,40.825,-8.0,0.0,0.0,33.0
29.1816,1,fwd,95.0,11.9,5.528,5.169,24.0,0.0,0.0,31.0,-100.0,-100.0,-8.0,0.0,0.0,32.0,-100.0,-100.0,0.0,0.0,-0.0,31.0,25.733,95.0,-264.0,86.0,2.383,33.0,-90.381,-90.311,-8.0,0.0,-0.0,31.0,31.707,31.22,8.0,0.0,0.0,31.0,40.619,40.825,-8.0,0.0,0.0,33.0
29.2337,1,fwd,95.0,11.9,5.528,5.169,24.0,0.0,0.0,31.0,-100.0,-100.0,-8.0,0.0,0.0,32.0,-100.0,-100.0,0.0,0.0,-0.0,31.0,25.867,95.0,-264.0,86.0,2.226,33.0,-90.381,-90.311,-8.0,0.0,-0.0,31.0,31.707,31.22,8.0,0.0,0.0,31.0,40.619,40.825,-8.0,0.0,0.0,33.0
29.2873,1,fwd,95.0,11.9,5.528,5.169,24.0,0.0,0.0,31.0,-100.0,-100.0,-8.0,0.0,0.0,32.0,-100.0,-100.0,0.0,0.0,-0.0,31.0,26.267,95.0,-264.0,86.0,4.651,33.0,-90.381,-90.311,-8.0,0.0,-0.0,31.0,31.707,31.22,8.0,0.0,0.0,31.0,40.619,40.825,-8.0,0.0,0.0,33.0
29.3409,1,fwd,95.0,11.9,5.528,5.169,24.0,0.0,0.0,31.0,-100.0,-100.0,-8.0,0.0,0.0,32.0,-100.0,-100.0,0.0,0.0,-0.0,31.0,26.533,95.0,-264.0,86.0,4.848,33.0,-90.381,-90.311,-8.0,0.0,-0.0,31.0,31.707,31.22,8.0,0.0,0.0,31.0,40.619,40.825,-8.0,0.0,0.0,33.0
29.3941,1,fwd,95.0,11.9,5.528,5.169,24.0,0.0,0.0,31.0,-100.0,-100.0,-8.0,0.0,0.0,32.0,-100.0,-100.0,0.0,0.0,-0.0,31.0,26.8,95.0,-264.0,86.0,4.921,33.0,-90.381,-90.311,-8.0,0.0,-0.0,31.0,31.707,31.22,8.0,0.0,0.0,31.0,40.619,40.825,-8.0,0.0,0.0,33.0
29.4475,1,fwd,95.0,11.9,5.528,5.169,24.0,0.0,0.0,31.0,-100.0,-100.0,-8.0,0.0,0.0,32.0,-100.0,-100.0,0.0,0.0,-0.0,31.0,27.333,95.0,-264.0,86.0,7.085,33.0,-90.381,-90.311,-8.0,0.0,-0.0,31.0,31.707,31.22,8.0,0.0,0.0,31.0,40.619,40.825,-8.0,0.0,0.0,33.0
29.4996,1,fwd,95.0,11.9,5.528,5.169,24.0,0.0,0.0,31.0,-100.0,-100.0,-8.0,0.0,0.0,32.0,-100.0,-100.0,0.0,0.0,-0.0,31.0,27.333,95.0,-264.0,86.0,3.472,33.0,-90.381,-90.311,-8.0,0.0,-0.0,31.0,31.707,31.22,8.0,0.0,0.0,31.0,40.619,40.825,-8.0,0.0,0.0,33.0
29.5538,1,fwd,95.0,11.9,5.528,5.169,24.0,0.0,0.0,31.0,-100.0,-100.0,-8.0,0.0,0.0,32.0,-100.0,-100.0,0.0,0.0,-0.0,31.0,27.333,95.0,-264.0,86.0,1.701,33.0,-90.381,-90.311,-8.0,0.0,-0.0,31.0,31.707,31.22,8.0,0.0,0.0,31.0,40.619,40.825,-8.0,0.0,0.0,33.0
29.6071,1,fwd,95.0,11.9,5.528,5.169,24.0,0.0,0.0,31.0,-100.0,-100.0,-8.0,0.0,0.0,32.0,-100.0,-100.0,0.0,0.0,-0.0,31.0,28.0,95.0,-264.0,86.0,7.401,33.0,-90.381,-90.311,-8.0,0.0,-0.0,31.0,31.707,31.22,8.0,0.0,0.0,31.0,40.619,40.825,-8.0,0.0,0.0,33.0
29.6605,1,fwd,95.0,11.9,5.528,5.169,24.0,0.0,0.0,31.0,-100.0,-100.0,-8.0,0.0,0.0,32.0,-100.0,-100.0,0.0,0.0,-0.0,31.0,28.667,95.0,-268.0,91.0,8.543,34.0,-90.381,-90.311,-8.0,0.0,-0.0,31.0,31.707,31.22,8.0,0.0,0.0,31.0,40.619,40.825,-8.0,0.0,0.0,33.0
29.7126,1,fwd,95.0,11.9,5.528,5.169,24.0,0.0,0.0,31.0,-100.0,-100.0,-8.0,0.0,0.0,32.0,-100.0,-100.0,0.0,0.0,-0.0,31.0,28.667,95.0,-268.0,91.0,5.98,34.0,-90.381,-90.311,-8.0,0.0,-0.0,31.0,31.707,31.22,8.0,0.0,0.0,31.0,40.619,40.825,-8.0,0.0,0.0,33.0
29.7661,1,fwd,95.0,11.9,5.528,5.169,24.0,0.0,0.0,31.0,-100.0,-100.0,-8.0,0.0,0.0,32.0,-100.0,-100.0,0.0,0.0,-0.0,31.0,29.067,95.0,-268.0,91.0,6.318,34.0,-90.381,-90.311,-8.0,0.0,-0.0,31.0,31.707,31.22,8.0,0.0,0.0,31.0,40.619,40.825,-8.0,0.0,0.0,33.0
29.8187,1,fwd,95.0,11.9,5.528,5.169,24.0,0.0,0.0,31.0,-100.0,-100.0,-8.0,0.0,0.0,32.0,-100.0,-100.0,0.0,0.0,-0.0,31.0,29.333,95.0,-268.0,91.0,5.011,34.0,-90.381,-90.311,-8.0,0.0,-0.0,31.0,31.707,31.22,8.0,0.0,0.0,31.0,40.619,40.825,-8.0,0.0,0.0,33.0
29.8726,1,fwd,95.0,11.9,5.528,5.169,24.0,0.0,0.0,31.0,-100.0,-100.0,-8.0,0.0,0.0,32.0,-100.0,-100.0,0.0,0.0,-0.0,31.0,29.467,95.0,-268.0,91.0,3.421,34.0,-90.381,-90.311,-8.0,0.0,-0.0,31.0,31.707,31.22,8.0,0.0,0.0,31.0,40.619,40.825,-8.0,0.0,0.0,33.0
29.9256,1,fwd,95.0,11.9,5.528,5.169,24.0,0.0,0.0,31.0,-100.0,-100.0,-8.0,0.0,0.0,32.0,-100.0,-100.0,0.0,0.0,-0.0,31.0,29.6,95.0,-268.0,91.0,3.164,34.0,-90.381,-90.311,-8.0,0.0,-0.0,31.0,31.707,31.22,8.0,0.0,0.0,31.0,40.619,40.825,-8.0,0.0,0.0,33.0
29.9787,1,fwd,95.0,11.9,5.528,5.169,24.0,0.0,0.0,31.0,-100.0,-100.0,-8.0,0.0,0.0,32.0,-100.0,-100.0,0.0,0.0,-0.0,31.0,29.733,95.0,-268.0,91.0,2.607,34.0,-90.381,-90.311,-8.0,0.0,-0.0,31.0,31.707,31.22,8.0,0.0,0.0,31.0,40.619,40.825,-8.0,0.0,0.0,33.0
30.0322,1,fwd,95.0,11.9,5.528,5.169,24.0,0.0,0.0,31.0,-100.0,-100.0,-8.0,0.0,0.0,32.0,-100.0,-100.0,0.0,0.0,-0.0,31.0,30.267,95.0,-268.0,91.0,7.281,34.0,-90.381,-90.311,-8.0,0.0,-0.0,31.0,31.707,31.22,8.0,0.0,0.0,31.0,40.619,40.825,-8.0,0.0,0.0,33.0
30.0855,1,fwd,95.0,11.9,5.528,5.169,24.0,0.0,0.0,31.0,-100.0,-100.0,-8.0,0.0,0.0,32.0,-100.0,-100.0,0.0,0.0,-0.0,31.0,30.4,95.0,-268.0,91.0,4.619,34.0,-90.381,-90.311,-8.0,0.0,-0.0,31.0,31.707,31.22,8.0,0.0,0.0,31.0,40.619,40.825,-8.0,0.0,0.0,33.0
30.1388,1,fwd,95.0,11.9,5.528,5.169,24.0,0.0,0.0,31.0,-100.0,-100.0,-8.0,0.0,0.0,32.0,-100.0,-100.0,0.0,0.0,-0.0,31.0,30.533,95.0,-268.0,91.0,3.318,34.0,-90.381,-90.311,-8.0,0.0,-0.0,31.0,31.707,31.22,8.0,0.0,0.0,31.0,40.619,40.825,-8.0,0.0,0.0,33.0
30.1917,1,fwd,95.0,11.9,5.528,5.169,24.0,0.0,0.0,31.0,-100.0,-100.0,-8.0,0.0,0.0,32.0,-100.0,-100.0,0.0,0.0,-0.0,31.0,30.667,95.0,-268.0,91.0,2.673,34.0,-90.381,-90.311,-8.0,0.0,-0.0,31.0,31.707,31.22,8.0,0.0,0.0,31.0,40.619,40.825,-8.0,0.0,0.0,33.0
30.2447,1,fwd,95.0,11.8,5.528,5.169,24.0,0.0,0.0,31.0,-100.0,-100.0,-8.0,0.0,0.0,32.0,-100.0,-100.0,0.0,0.0,-0.0,31.0,30.933,95.0,-296.0,111.0,3.197,34.0,-90.381,-90.311,-8.0,0.0,-0.0,31.0,31.707,31.22,8.0,0.0,0.0,31.0,40.619,40.825,-8.0,0.0,0.0,33.0
30.2979,1,fwd,95.0,11.8,5.528,5.169,24.0,0.0,0.0,31.0,-100.0,-100.0,-8.0,0.0,0.0,32.0,-100.0,-100.0,0.0,0.0,-0.0,31.0,31.467,95.0,-296.0,111.0,7.151,34.0,-90.381,-90.311,-8.0,0.0,-0.0,31.0,31.707,31.22,8.0,0.0,0.0,31.0,40.619,40.825,-8.0,0.0,0.0,33.0
30.3509,1,fwd,95.0,11.8,5.528,5.169,24.0,0.0,0.0,31.0,-100.0,-100.0,-8.0,0.0,0.0,32.0,-100.0,-100.0,0.0,0.0,-0.0,31.0,31.867,95.0,-296.0,111.0,8.04,34.0,-90.381,-90.311,-8.0,0.0,-0.0,31.0,31.707,31.22,8.0,0.0,0.0,31.0,40.619,40.825,-8.0,0.0,0.0,33.0
30.4039,1,fwd,95.0,11.8,5.528,5.169,24.0,0.0,0.0,31.0,-100.0,-100.0,-8.0,0.0,0.0,32.0,-100.0,-100.0,0.0,0.0,-0.0,31.0,32.4,95.0,-296.0,111.0,9.036,34.0,-90.381,-90.311,-8.0,0.0,-0.0,31.0,31.707,31.22,8.0,0.0,0.0,31.0,40.619,40.825,-8.0,0.0,0.0,33.0
30.4568,1,fwd,95.0,11.8,5.528,5.169,24.0,0.0,0.0,31.0,-100.0,-100.0,-8.0,0.0,0.0,32.0,-100.0,-100.0,0.0,0.0,-0.0,31.0,32.667,95.0,-296.0,111.0,6.957,34.0,-90.381,-90.311,-8.0,0.0,-0.0,31.0,31.707,31.22,8.0,0.0,0.0,31.0,40.619,40.825,-8.0,0.0,0.0,33.0
30.5101,1,fwd,95.0,11.8,5.528,5.169,24.0,0.0,0.0,31.0,-100.0,-100.0,-8.0,0.0,0.0,32.0,-100.0,-100.0,0.0,0.0,-0.0,31.0,32.667,95.0,-296.0,111.0,3.409,34.0,-90.381,-90.311,-8.0,0.0,-0.0,31.0,31.707,31.22,8.0,0.0,0.0,31.0,40.619,40.825,-8.0,0.0,0.0,33.0
30.564,1,fwd,95.0,11.8,5.528,5.169,24.0,0.0,0.0,31.0,-100.0,-100.0,-8.0,0.0,0.0,32.0,-100.0,-100.0,0.0,0.0,-0.0,31.0,32.8,95.0,-296.0,111.0,2.717,34.0,-90.381,-90.311,-8.0,0.0,-0.0,31.0,31.707,31.22,8.0,0.0,0.0,31.0,40.619,40.825,-8.0,0.0,0.0,33.0
30.6173,1,fwd,95.0,11.8,5.528,5.169,24.0,0.0,0.0,31.0,-100.0,-100.0,-8.0,0.0,0.0,32.0,-100.0,-100.0,0.0,0.0,-0.0,31.0,32.8,95.0,-296.0,111.0,1.331,34.0,-90.381,-90.311,-8.0,0.0,-0.0,31.0,31.707,31.22,8.0,0.0,0.0,31.0,40.619,40.825,-8.0,0.0,0.0,33.0
30.6696,1,fwd,95.0,11.8,5.528,5.169,24.0,0.0,0.0,31.0,-100.0,-100.0,-8.0,0.0,0.0,32.0,-100.0,-100.0,0.0,0.0,-0.0,31.0,33.067,95.0,-296.0,111.0,3.163,34.0,-90.381,-90.311,-8.0,0.0,-0.0,31.0,31.707,31.22,8.0,0.0,0.0,31.0,40.619,40.825,-8.0,0.0,0.0,33.0
30.7231,1,fwd,95.0,11.8,5.528,5.169,24.0,0.0,0.0,31.0,-100.0,-100.0,-8.0,0.0,0.0,32.0,-100.0,-100.0,0.0,0.0,-0.0,31.0,33.733,95.0,-296.0,111.0,8.102,34.0,-90.381,-90.311,-8.0,0.0,-0.0,31.0,31.707,31.22,8.0,0.0,0.0,31.0,40.619,40.825,-8.0,0.0,0.0,33.0
30.7764,1,fwd,95.0,12.3,5.528,5.169,24.0,0.0,0.0,31.0,-100.0,-100.0,-8.0,0.0,0.0,32.0,-100.0,-100.0,0.0,0.0,-0.0,31.0,33.733,95.0,-280.0,104.0,5.671,34.0,-90.381,-90.311,-8.0,0.0,-0.0,31.0,31.707,31.22,8.0,0.0,0.0,31.0,40.619,40.825,-8.0,0.0,0.0,33.0
30.8288,1,fwd,95.0,12.3,5.528,5.169,24.0,0.0,0.0,31.0,-100.0,-100.0,-8.0,0.0,0.0,32.0,-100.0,-100.0,0.0,0.0,-0.0,31.0,33.867,95.0,-280.0,104.0,4.663,34.0,-90.381,-90.311,-8.0,0.0,-0.0,31.0,31.707,31.22,8.0,0.0,0.0,31.0,40.619,40.825,-8.0,0.0,0.0,33.0
30.8823,1,fwd,95.0,12.3,5.528,5.169,24.0,0.0,0.0,31.0,-100.0,-100.0,-8.0,0.0,0.0,32.0,-100.0,-100.0,0.0,0.0,-0.0,31.0,34.267,95.0,-280.0,104.0,6.235,34.0,-90.381,-90.311,-8.0,0.0,-0.0,31.0,31.707,31.22,8.0,0.0,0.0,31.0,40.619,40.825,-8.0,0.0,0.0,33.0
30.9359,1,fwd,95.0,12.3,5.528,5.169,24.0,0.0,0.0,31.0,-100.0,-100.0,-8.0,0.0,0.0,32.0,-100.0,-100.0,0.0,0.0,-0.0,31.0,34.4,95.0,-280.0,104.0,4.003,34.0,-90.381,-90.311,-8.0,0.0,-0.0,31.0,31.707,31.22,8.0,0.0,0.0,31.0,40.619,40.825,-8.0,0.0,0.0,33.0
30.9892,1,fwd,95.0,12.3,5.528,5.169,24.0,0.0,0.0,31.0,-100.0,-100.0,-8.0,0.0,0.0,32.0,-100.0,-100.0,0.0,0.0,-0.0,31.0,35.067,95.0,-280.0,104.0,8.378,34.0,-90.381,-90.311,-8.0,0.0,-0.0,31.0,31.707,31.22,8.0,0.0,0.0,31.0,40.619,40.825,-8.0,0.0,0.0,33.0
31.0424,1,fwd,95.0,12.3,5.528,5.169,24.0,0.0,0.0,31.0,-100.0,-100.0,-8.0,0.0,0.0,32.0,-100.0,-100.0,0.0,0.0,-0.0,31.0,35.333,95.0,-280.0,104.0,6.629,34.0,-90.381,-90.311,-8.0,0.0,-0.0,31.0,31.707,31.22,8.0,0.0,0.0,31.0,40.619,40.825,-8.0,0.0,0.0,33.0
31.0956,1,fwd,95.0,12.3,5.528,5.169,24.0,0.0,0.0,31.0,-100.0,-100.0,-8.0,0.0,0.0,32.0,-100.0,-100.0,0.0,0.0,-0.0,31.0,35.733,95.0,-280.0,104.0,7.301,34.0,-90.381,-90.311,-8.0,0.0,-0.0,31.0,31.707,31.22,8.0,0.0,0.0,31.0,40.619,40.825,-8.0,0.0,0.0,33.0
31.149,1,fwd,95.0,12.3,5.528,5.169,24.0,0.0,0.0,31.0,-100.0,-100.0,-8.0,0.0,0.0,32.0,-100.0,-100.0,0.0,0.0,-0.0,31.0,35.867,95.0,-280.0,104.0,4.619,34.0,-90.381,-90.311,-8.0,0.0,-0.0,31.0,31.707,31.22,8.0,0.0,0.0,31.0,40.619,40.825,-8.0,0.0,0.0,33.0
31.2016,1,fwd,95.0,12.3,5.528,5.169,24.0,0.0,0.0,31.0,-100.0,-100.0,-8.0,0.0,0.0,32.0,-100.0,-100.0,0.0,0.0,-0.0,31.0,35.867,95.0,-280.0,104.0,2.263,34.0,-90.381,-90.311,-8.0,0.0,-0.0,31.0,31.707,31.22,8.0,0.0,0.0,31.0,40.619,40.825,-8.0,0.0,0.0,33.0
31.2555,1,fwd,95.0,12.3,5.528,5.169,24.0,0.0,0.0,31.0,-100.0,-100.0,-8.0,0.0,0.0,32.0,-100.0,-100.0,0.0,0.0,-0.0,31.0,36.0,95.0,-280.0,104.0,2.165,34.0,-90.381,-90.311,-8.0,0.0,-0.0,31.0,31.707,31.22,8.0,0.0,0.0,31.0,40.619,40.825,-8.0,0.0,0.0,33.0
31.3088,1,fwd,95.0,12.3,5.528,5.169,24.0,0.0,0.0,31.0,-100.0,-100.0,-8.0,0.0,0.0,32.0,-100.0,-100.0,0.0,0.0,-0.0,31.0,36.0,95.0,-280.0,104.0,1.061,34.0,-90.381,-90.311,-8.0,0.0,-0.0,31.0,31.707,31.22,8.0,0.0,0.0,31.0,40.619,40.825,-8.0,0.0,0.0,33.0
31.3624,1,fwd,95.0,11.8,5.528,5.169,24.0,0.0,0.0,31.0,-100.0,-100.0,-8.0,0.0,0.0,32.0,-100.0,-100.0,0.0,0.0,-0.0,31.0,36.4,95.0,-296.0,108.0,5.182,34.0,-90.381,-90.311,-8.0,0.0,-0.0,31.0,31.707,31.22,8.0,0.0,0.0,31.0,40.619,40.825,-8.0,0.0,0.0,33.0
31.4147,1,fwd,95.0,11.8,5.528,5.169,24.0,0.0,0.0,31.0,-100.0,-100.0,-8.0,0.0,0.0,32.0,-100.0,-100.0,0.0,0.0,-0.0,31.0,36.8,95.0,-296.0,108.0,4.02,34.0,-90.381,-90.311,-8.0,0.0,-0.0,31.0,31.707,31.22,8.0,0.0,0.0,31.0,40.619,40.825,-8.0,0.0,0.0,33.0
31.4678,1,fwd,95.0,11.8,5.528,5.169,24.0,0.0,0.0,31.0,-100.0,-100.0,-8.0,0.0,0.0,32.0,-100.0,-100.0,0.0,0.0,-0.0,31.0,36.8,95.0,-296.0,108.0,1.97,34.0,-90.381,-90.311,-8.0,0.0,-0.0,31.0,31.707,31.22,8.0,0.0,0.0,31.0,40.619,40.825,-8.0,0.0,0.0,33.0
31.5215,1,fwd,95.0,11.8,5.528,5.169,24.0,0.0,0.0,31.0,-100.0,-100.0,-8.0,0.0,0.0,32.0,-100.0,-100.0,0.0,0.0,-0.0,31.0,37.2,95.0,-296.0,108.0,4.992,34.0,-90.381,-90.311,-8.0,0.0,-0.0,31.0,31.707,31.22,8.0,0.0,0.0,31.0,40.619,40.825,-8.0,0.0,0.0,33.0
31.5758,1,fwd,95.0,11.8,5.528,5.169,24.0,0.0,0.0,31.0,-100.0,-100.0,-8.0,0.0,0.0,32.0,-100.0,-100.0,0.0,0.0,-0.0,31.0,37.6,95.0,-296.0,108.0,6.053,34.0,-90.381,-90.311,-8.0,0.0,-0.0,31.0,31.707,31.22,8.0,0.0,0.0,31.0,40.619,40.825,-8.0,0.0,0.0,33.0
31.629,1,fwd,95.0,11.8,5.528,5.169,24.0,0.0,0.0,31.0,-100.0,-100.0,-8.0,0.0,0.0,32.0,-100.0,-100.0,0.0,0.0,-0.0,31.0,37.867,95.0,-296.0,108.0,5.929,34.0,-90.381,-90.311,-8.0,0.0,-0.0,31.0,31.707,31.22,8.0,0.0,0.0,31.0,40.619,40.825,-8.0,0.0,0.0,33.0
31.6817,1,fwd,95.0,11.8,5.528,5.169,24.0,0.0,0.0,31.0,-100.0,-100.0,-8.0,0.0,0.0,32.0,-100.0,-100.0,0.0,0.0,-0.0,31.0,38.533,95.0,-296.0,108.0,8.567,34.0,-90.381,-90.311,-8.0,0.0,-0.0,31.0,31.707,31.22,8.0,0.0,0.0,31.0,40.619,40.825,-8.0,0.0,0.0,33.0
31.7349,1,fwd,95.0,11.8,5.528,5.169,24.0,0.0,0.0,31.0,-100.0,-100.0,-8.0,0.0,0.0,32.0,-100.0,-100.0,0.0,0.0,-0.0,31.0,38.933,95.0,-296.0,108.0,8.217,34.0,-90.381,-90.311,-8.0,0.0,-0.0,31.0,31.707,31.22,8.0,0.0,0.0,31.0,40.619,40.825,-8.0,0.0,0.0,33.0
31.7883,1,fwd,95.0,11.8,5.528,5.169,24.0,0.0,0.0,31.0,-100.0,-100.0,-8.0,0.0,0.0,32.0,-100.0,-100.0,0.0,0.0,-0.0,31.0,39.067,95.0,-296.0,108.0,5.069,34.0,-90.381,-90.311,-8.0,0.0,-0.0,31.0,31.707,31.22,8.0,0.0,0.0,31.0,40.619,40.825,-8.0,0.0,0.0,33.0
31.8406,1,fwd,95.0,11.8,5.528,5.169,24.0,0.0,0.0,31.0,-100.0,-100.0,-8.0,0.0,0.0,32.0,-100.0,-100.0,0.0,0.0,-0.0,31.0,39.067,95.0,-296.0,108.0,2.484,34.0,-90.381,-90.311,-8.0,0.0,-0.0,31.0,31.707,31.22,8.0,0.0,0.0,31.0,40.619,40.825,-8.0,0.0,0.0,33.0
31.8928,1,fwd,95.0,11.8,5.528,5.169,24.0,0.0,0.0,31.0,-100.0,-100.0,-8.0,0.0,0.0,32.0,-100.0,-100.0,0.0,0.0,-0.0,31.0,39.2,95.0,-296.0,108.0,2.264,34.0,-90.381,-90.311,-8.0,0.0,-0.0,31.0,31.707,31.22,8.0,0.0,0.0,31.0,40.619,40.825,-8.0,0.0,0.0,33.0
31.9463,1,fwd,95.0,11.8,5.528,5.169,24.0,0.0,0.0,31.0,-100.0,-100.0,-8.0,0.0,0.0,32.0,-100.0,-100.0,0.0,0.0,-0.0,31.0,39.2,95.0,-296.0,107.0,2.264,34.0,-90.381,-90.311,-8.0,0.0,-0.0,31.0,31.707,31.22,8.0,0.0,0.0,31.0,40.619,40.825,-8.0,0.0,0.0,33.0
31.9999,1,fwd,95.0,11.8,5.528,5.169,24.0,0.0,0.0,31.0,-100.0,-100.0,-8.0,0.0,0.0,32.0,-100.0,-100.0,0.0,0.0,-0.0,31.0,39.2,95.0,-296.0,107.0,1.109,34.0,-90.381,-90.311,-8.0,0.0,-0.0,31.0,31.707,31.22,8.0,0.0,0.0,31.0,40.619,40.825,-8.0,0.0,0.0,33.0
32.0533,1,fwd,95.0,11.8,5.528,5.169,24.0,0.0,0.0,31.0,-100.0,-100.0,-8.0,0.0,0.0,32.0,-100.0,-100.0,0.0,0.0,-0.0,31.0,40.0,95.0,-296.0,107.0,7.791,34.0,-90.381,-90.311,-8.0,0.0,-0.0,31.0,31.707,31.22,8.0,0.0,0.0,31.0,40.619,40.825,-8.0,0.0,0.0,33.0
32.1069,1,fwd,95.0,11.8,5.528,5.169,24.0,0.0,0.0,31.0,-100.0,-100.0,-8.0,0.0,0.0,32.0,-100.0,-100.0,0.0,0.0,-0.0,31.0,40.0,95.0,-296.0,107.0,3.818,34.0,-90.381,-90.311,-8.0,0.0,-0.0,31.0,31.707,31.22,8.0,0.0,0.0,31.0,40.619,40.825,-8.0,0.0,0.0,33.0
32.1603,1,fwd,95.0,11.8,5.528,5.169,24.0,0.0,0.0,31.0,-100.0,-100.0,-8.0,0.0,0.0,32.0,-100.0,-100.0,0.0,0.0,-0.0,31.0,40.533,95.0,-296.0,107.0,7.366,34.0,-90.381,-90.311,-8.0,0.0,-0.0,31.0,31.707,31.22,8.0,0.0,0.0,31.0,40.619,40.825,-8.0,0.0,0.0,33.0
32.2136,1,fwd,95.0,11.8,5.528,5.169,24.0,0.0,0.0,31.0,-100.0,-100.0,-8.0,0.0,0.0,32.0,-100.0,-100.0,0.0,0.0,-0.0,31.0,41.067,95.0,-296.0,107.0,8.739,34.0,-90.381,-90.311,-8.0,0.0,-0.0,31.0,31.707,31.22,8.0,0.0,0.0,31.0,40.619,40.825,-8.0,0.0,0.0,33.0
32.2672,1,fwd,95.0,11.8,5.528,5.169,24.0,0.0,0.0,31.0,-100.0,-100.0,-8.0,0.0,0.0,32.0,-100.0,-100.0,0.0,0.0,-0.0,31.0,41.467,95.0,-296.0,107.0,8.283,34.0,-90.381,-90.311,-8.0,0.0,-0.0,31.0,31.707,31.22,8.0,0.0,0.0,31.0,40.619,40.825,-8.0,0.0,0.0,33.0
32.3203,1,fwd,95.0,11.8,5.528,5.169,24.0,0.0,0.0,31.0,-100.0,-100.0,-8.0,0.0,0.0,32.0,-100.0,-100.0,0.0,0.0,-0.0,31.0,41.6,95.0,-296.0,107.0,5.113,34.0,-90.381,-90.311,-8.0,0.0,-0.0,31.0,31.707,31.22,8.0,0.0,0.0,31.0,40.619,40.825,-8.0,0.0,0.0,33.0
32.3735,1,fwd,95.0,11.8,5.528,5.169,24.0,0.0,0.0,31.0,-100.0,-100.0,-8.0,0.0,0.0,32.0,-100.0,-100.0,0.0,0.0,-0.0,31.0,42.0,95.0,-296.0,107.0,7.011,34.0,-90.381,-90.311,-8.0,0.0,-0.0,31.0,31.707,31.22,8.0,0.0,0.0,31.0,40.619,40.825,-8.0,0.0,0.0,33.0
32.427,1,fwd,95.0,11.8,5.528,5.169,24.0,0.0,0.0,31.0,-100.0,-100.0,-8.0,0.0,0.0,32.0,-100.0,-100.0,0.0,0.0,-0.0,31.0,42.267,95.0,-296.0,107.0,5.969,34.0,-90.381,-90.311,-8.0,0.0,-0.0,31.0,31.707,31.22,8.0,0.0,0.0,31.0,40.619,40.825,-8.0,0.0,0.0,33.0
32.48,1,fwd,95.0,11.8,5.528,5.169,24.0,0.0,0.0,31.0,-100.0,-100.0,-8.0,0.0,0.0,32.0,-100.0,-100.0,0.0,0.0,-0.0,31.0,42.267,95.0,-296.0,107.0,2.925,34.0,-90.381,-90.311,-8.0,0.0,-0.0,31.0,31.707,31.22,8.0,0.0,0.0,31.0,40.619,40.825,-8.0,0.0,0.0,33.0
32.5327,1,fwd,95.0,11.8,5.528,5.169,24.0,0.0,0.0,31.0,-100.0,-100.0,-8.0,0.0,0.0,32.0,-100.0,-100.0,0.0,0.0,-0.0,31.0,42.4,95.0,-288.0,116.0,2.713,34.0,-90.381,-90.311,-8.0,0.0,-0.0,31.0,31.707,31.22,8.0,0.0,0.0,31.0,40.619,40.825,-8.0,0.0,0.0,33.0
32.5868,1,fwd,95.0,11.8,5.528,5.169,24.0,0.0,0.0,31.0,-100.0,-100.0,-8.0,0.0,0.0,32.0,-100.0,-100.0,0.0,0.0,-0.0,31.0,42.8,95.0,-288.0,116.0,4.931,34.0,-90.381,-90.311,-8.0,0.0,-0.0,31.0,31.707,31.22,8.0,0.0,0.0,31.0,40.619,40.825,-8.0,0.0,0.0,33.0
32.6396,1,fwd,95.0,11.8,5.528,5.169,24.0,0.0,0.0,31.0,-100.0,-100.0,-8.0,0.0,0.0,32.0,-100.0,-100.0,0.0,0.0,-0.0,31.0,43.067,95.0,-288.0,116.0,4.994,34.0,-90.381,-90.311,-8.0,0.0,-0.0,31.0,31.707,31.22,8.0,0.0,0.0,31.0,40.619,40.825,-8.0,0.0,0.0,33.0
32.6928,1,fwd,95.0,11.8,5.528,5.169,24.0,0.0,0.0,31.0,-100.0,-100.0,-8.0,0.0,0.0,32.0,-100.0,-100.0,0.0,0.0,-0.0,31.0,43.067,95.0,-288.0,116.0,2.447,34.0,-90.381,-90.311,-8.0,0.0,-0.0,31.0,31.707,31.22,8.0,0.0,0.0,31.0,40.619,40.825,-8.0,0.0,0.0,33.0
32.7462,1,fwd,95.0,11.8,5.528,5.169,24.0,0.0,0.0,31.0,-100.0,-100.0,-8.0,0.0,0.0,32.0,-100.0,-100.0,0.0,0.0,-0.0,31.0,43.333,95.0,-288.0,116.0,4.177,34.0,-90.381,-90.311,-8.0,0.0,-0.0,31.0,31.707,31.22,8.0,0.0,0.0,31.0,40.619,40.825,-8.0,0.0,0.0,33.0
32.7988,1,fwd,95.0,11.8,5.528,5.169,24.0,0.0,0.0,31.0,-100.0,-100.0,-8.0,0.0,0.0,32.0,-100.0,-100.0,0.0,0.0,-0.0,31.0,43.867,95.0,-288.0,116.0,7.073,34.0,-90.381,-90.311,-8.0,0.0,-0.0,31.0,31.707,31.22,8.0,0.0,0.0,31.0,40.619,40.825,-8.0,0.0,0.0,33.0
32.8521,1,fwd,95.0,11.8,5.528,5.169,24.0,0.0,0.0,31.0,-100.0,-100.0,-8.0,0.0,0.0,32.0,-100.0,-100.0,0.0,0.0,-0.0,31.0,43.867,95.0,-288.0,116.0,3.466,34.0,-90.45,-90.311,-8.0,0.0,-0.764,31.0,31.707,31.22,8.0,0.0,0.0,31.0,40.619,40.825,-8.0,0.0,0.0,33.0
32.9047,1,fwd,95.0,11.8,5.528,5.169,24.0,0.0,0.0,31.0,-100.0,-100.0,-8.0,0.0,0.0,32.0,-100.0,-100.0,0.0,0.0,-0.0,31.0,44.4,95.0,-288.0,116.0,7.506,34.0,-90.45,-90.311,-8.0,0.0,-0.374,31.0,31.707,31.22,8.0,0.0,0.0,31.0,40.619,40.825,-8.0,0.0,0.0,33.0
32.9579,1,fwd,95.0,11.8,5.528,5.169,24.0,0.0,0.0,31.0,-100.0,-100.0,-8.0,0.0,0.0,32.0,-100.0,-100.0,0.0,0.0,-0.0,31.0,45.067,95.0,-288.0,116.0,9.81,34.0,-90.45,-90.311,-8.0,0.0,-0.183,31.0,31.707,31.22,8.0,0.0,0.0,31.0,40.619,40.825,-8.0,0.0,0.0,33.0
33.0112,1,fwd,95.0,11.8,5.528,5.169,24.0,0.0,0.0,31.0,-100.0,-100.0,-8.0,0.0,0.0,32.0,-100.0,-100.0,0.0,0.0,-0.0,31.0,45.2,95.0,-288.0,116.0,6.303,34.0,-90.45,-90.311,-8.0,0.0,-0.09,31.0,31.707,31.22,8.0,0.0,0.0,31.0,40.619,40.825,-8.0,0.0,0.0,33.0
33.0644,1,fwd,95.0,11.8,5.528,5.169,24.0,0.0,0.0,31.0,-100.0,-100.0,-8.0,0.0,0.0,32.0,-100.0,-100.0,0.0,0.0,-0.0,31.0,45.333,95.0,-288.0,116.0,5.907,34.0,-90.45,-90.311,-8.0,0.0,-0.063,31.0,31.707,31.22,8.0,0.0,0.0,31.0,40.619,40.825,-8.0,0.0,0.0,33.0
33.1169,1,fwd,95.0,11.8,5.528,5.169,24.0,0.0,0.0,31.0,-100.0,-100.0,-8.0,0.0,0.0,32.0,-100.0,-100.0,0.0,0.0,-0.0,31.0,45.467,95.0,-264.0,100.0,4.799,34.0,-90.45,-90.311,-16.0,0.0,-0.044,31.0,31.707,31.22,8.0,0.0,0.0,31.0,40.619,40.825,-8.0,0.0,0.0,33.0
33.1703,1,fwd,95.0,11.8,5.528,5.169,24.0,0.0,0.0,31.0,-100.0,-100.0,-8.0,0.0,0.0,32.0,-100.0,-100.0,0.0,0.0,-0.0,31.0,45.467,95.0,-264.0,100.0,2.352,34.0,-90.45,-90.311,-16.0,0.0,-0.022,31.0,31.707,31.22,8.0,0.0,0.0,31.0,40.619,40.825,-8.0,0.0,0.0,33.0
33.2229,1,fwd,95.0,11.8,5.528,5.169,24.0,0.0,0.0,31.0,-100.0,-100.0,-8.0,0.0,0.0,32.0,-100.0,-100.0,0.0,0.0,-0.0,31.0,45.467,95.0,-264.0,100.0,1.152,34.0,-90.45,-90.311,-16.0,0.0,-0.011,31.0,31.707,31.22,8.0,0.0,0.0,31.0,40.619,40.825,-8.0,0.0,0.0,33.0
33.2757,1,fwd,95.0,11.8,5.528,5.169,24.0,0.0,0.0,31.0,-100.0,-100.0,-8.0,0.0,0.0,32.0,-100.0,-100.0,0.0,0.0,-0.0,31.0,46.133,95.0,-264.0,100.0,6.71,34.0,-90.45,-90.311,-16.0,0.0,-0.005,31.0,31.707,31.22,8.0,0.0,0.0,31.0,40.619,40.825,-8.0,0.0,0.0,33.0
33.3292,1,fwd,95.0,11.8,5.528,5.169,24.0,0.0,0.0,31.0,-100.0,-100.0,-8.0,0.0,0.0,32.0,-100.0,-100.0,0.0,0.0,-0.0,31.0,46.4,95.0,-264.0,100.0,5.394,34.0,-90.45,-90.311,-16.0,0.0,-0.003,31.0,31.707,31.22,8.0,0.0,0.0,31.0,40.619,40.825,-8.0,0.0,0.0,33.0
33.3823,1,fwd,95.0,11.8,5.528,5.169,24.0,0.0,0.0,31.0,-100.0,-100.0,-8.0,0.0,0.0,32.0,-100.0,-100.0,0.0,0.0,-0.0,31.0,46.933,95.0,-264.0,100.0,8.222,34.0,-90.45,-90.311,-16.0,0.0,-0.001,31.0,31.707,31.22,8.0,0.0,0.0,31.0,40.619,40.825,-8.0,0.0,0.0,33.0
33.4348,1,fwd,95.0,11.8,5.528,5.169,24.0,0.0,0.0,31.0,-100.0,-100.0,-8.0,0.0,0.0,32.0,-100.0,-100.0,0.0,0.0,-0.0,31.0,47.067,95.0,-264.0,100.0,5.081,34.0,-90.45,-90.311,-16.0,0.0,-0.001,31.0,31.707,31.22,8.0,0.0,0.0,31.0,40.619,40.825,-8.0,0.0,0.0,33.0
33.4882,1,fwd,95.0,11.8,5.528,5.169,24.0,0.0,0.0,31.0,-100.0,-100.0,-8.0,0.0,0.0,32.0,-100.0,-100.0,0.0,0.0,-0.0,31.0,47.6,95.0,-264.0,100.0,8.005,34.0,-90.45,-90.311,-16.0,0.0,-0.0,31.0,31.707,31.22,8.0,0.0,0.0,31.0,40.619,40.825,-8.0,0.0,0.0,33.0
33.5412,1,fwd,95.0,11.8,5.528,5.169,24.0,0.0,0.0,31.0,-100.0,-100.0,-8.0,0.0,0.0,32.0,-100.0,-100.0,0.0,0.0,-0.0,31.0,47.733,95.0,-264.0,100.0,4.977,34.0,-90.45,-90.311,-16.0,0.0,-0.0,31.0,31.707,31.22,8.0,0.0,0.0,31.0,40.619,40.825,-8.0,0.0,0.0,33.0
33.5952,1,fwd,95.0,11.8,5.528,5.169,24.0,0.0,0.0,31.0,-100.0,-100.0,-8.0,0.0,0.0,32.0,-100.0,-100.0,0.0,0.0,-0.0,31.0,47.867,95.0,-264.0,100.0,3.496,34.0,-90.45,-90.311,-16.0,0.0,-0.0,31.0,31.707,31.22,8.0,0.0,0.0,31.0,40.619,40.825,-8.0,0.0,0.0,33.0
33.6483,1,fwd,95.0,11.9,5.528,5.169,24.0,0.0,0.0,31.0,-100.0,-100.0,-8.0,0.0,0.0,32.0,-100.0,-100.0,0.0,0.0,-0.0,31.0,48.267,95.0,-272.0,85.0,6.953,34.0,-90.45,-90.311,-16.0,1.0,-0.0,31.0,31.707,31.22,8.0,0.0,0.0,31.0,40.619,40.825,-8.0,0.0,0.0,33.0
33.7012,1,fwd,95.0,11.9,5.528,5.169,24.0,0.0,0.0,31.0,-100.0,-100.0,-8.0,0.0,0.0,32.0,-100.0,-100.0,0.0,0.0,-0.0,31.0,48.533,95.0,-272.0,85.0,4.383,34.0,-90.45,-90.311,-16.0,1.0,-0.0,31.0,31.707,31.22,8.0,0.0,0.0,31.0,40.619,40.825,-8.0,0.0,0.0,33.0
33.7543,1,fwd,95.0,11.9,5.528,5.169,24.0,0.0,0.0,31.0,-100.0,-100.0,-8.0,0.0,0.0,32.0,-100.0,-100.0,0.0,0.0,-0.0,31.0,48.667,95.0,-272.0,85.0,3.199,34.0,-90.45,-90.311,-16.0,1.0,-0.0,31.0,31.707,31.22,8.0,0.0,0.0,31.0,40.619,40.825,-8.0,0.0,0.0,33.0
33.8067,1,fwd,95.0,11.9,5.528,5.169,24.0,0.0,0.0,31.0,-100.0,-100.0,-8.0,0.0,0.0,32.0,-100.0,-100.0,0.0,0.0,-0.0,31.0,48.667,95.0,-272.0,85.0,1.567,34.0,-90.45,-90.311,-16.0,1.0,-0.0,31.0,31.707,31.22,8.0,0.0,0.0,31.0,40.619,40.825,-8.0,0.0,0.0,33.0
33.8594,1,fwd,95.0,11.9,5.528,5.169,24.0,0.0,0.0,31.0,-100.0,-100.0,-8.0,0.0,0.0,32.0,-100.0,-100.0,0.0,0.0,-0.0,31.0,48.667,95.0,-272.0,85.0,0.768,34.0,-90.45,-90.311,-16.0,1.0,-0.0,31.0,31.707,31.22,8.0,0.0,0.0,31.0,40.619,40.825,-8.0,0.0,0.0,33.0
33.9128,1,fwd,95.0,11.9,5.528,5.169,24.0,0.0,0.0,31.0,-100.0,-100.0,-8.0,0.0,0.0,32.0,-100.0,-100.0,0.0,0.0,-0.0,31.0,49.333,95.0,-272.0,85.0,6.508,34.0,-90.45,-90.311,-16.0,1.0,-0.0,31.0,31.707,31.22,8.0,0.0,0.0,31.0,40.619,40.825,-8.0,0.0,0.0,33.0
33.9659,1,fwd,95.0,11.9,5.528,5.169,24.0,0.0,0.0,31.0,-100.0,-100.0,-8.0,0.0,0.0,32.0,-100.0,-100.0,0.0,0.0,-0.0,31.0,49.467,95.0,-272.0,85.0,4.232,34.0,-90.45,-90.311,-16.0,1.0,-0.0,31.0,31.707,31.22,8.0,0.0,0.0,31.0,40.619,40.825,-8.0,0.0,0.0,33.0
34.0194,1,fwd,95.0,11.9,5.528,5.169,24.0,0.0,0.0,31.0,-100.0,-100.0,-8.0,0.0,0.0,32.0,-100.0,-100.0,0.0,0.0,-0.0,31.0,49.867,95.0,-272.0,85.0,6.498,34.0,-90.45,-90.311,-16.0,1.0,-0.0,31.0,31.707,31.22,8.0,0.0,0.0,31.0,40.619,40.825,-8.0,0.0,0.0,33.0
34.0726,1,fwd,95.0,11.9,5.528,5.169,24.0,0.0,0.0,31.0,-100.0,-100.0,-8.0,0.0,0.0,32.0,-100.0,-100.0,0.0,0.0,-0.0,31.0,50.133,95.0,-272.0,85.0,5.285,34.0,-90.45,-90.311,-16.0,1.0,-0.0,31.0,31.707,31.22,8.0,0.0,0.0,31.0,40.619,40.825,-8.0,0.0,0.0,33.0
34.1248,1,fwd,95.0,11.9,5.528,5.169,24.0,0.0,0.0,31.0,-100.0,-100.0,-8.0,0.0,0.0,32.0,-100.0,-100.0,0.0,0.0,-0.0,31.0,50.133,95.0,-272.0,85.0,2.59,34.0,-90.45,-90.311,-16.0,1.0,-0.0,31.0,31.707,31.22,8.0,0.0,0.0,31.0,40.619,40.825,-8.0,0.0,0.0,33.0
34.1784,1,fwd,95.0,11.9,5.528,5.169,24.0,0.0,0.0,31.0,-100.0,-100.0,-8.0,0.0,0.0,32.0,-100.0,-100.0,0.0,0.0,-0.0,31.0,50.267,95.0,-272.0,85.0,2.321,34.0,-90.45,-90.311,-16.0,1.0,-0.0,31.0,31.707,31.22,8.0,0.0,0.0,31.0,40.619,40.825,-8.0,0.0,0.0,33.0
34.232,1,fwd,95.0,11.8,5.528,5.169,24.0,0.0,0.0,31.0,-100.0,-100.0,-8.0,0.0,0.0,32.0,-100.0,-100.0,0.0,0.0,-0.0,31.0,50.267,95.0,-320.0,121.0,2.321,34.0,-90.45,-90.311,-16.0,0.0,-0.0,31.0,31.707,31.22,8.0,0.0,0.0,31.0,40.619,40.825,-8.0,0.0,0.0,33.0
34.2852,1,fwd,95.0,11.8,5.528,5.169,24.0,0.0,0.0,31.0,-100.0,-100.0,-8.0,0.0,0.0,32.0,-100.0,-100.0,0.0,0.0,-0.0,31.0,51.067,95.0,-320.0,121.0,6.872,34.0,-90.45,-90.311,-16.0,0.0,-0.0,31.0,31.707,31.22,8.0,0.0,0.0,31.0,40.619,40.825,-8.0,0.0,0.0,33.0
34.3378,1,fwd,95.0,11.8,5.528,5.169,24.0,0.0,0.0,31.0,-100.0,-100.0,-8.0,0.0,0.0,32.0,-100.0,-100.0,0.0,0.0,-0.0,31.0,51.333,95.0,-320.0,121.0,5.324,34.0,-90.45,-90.311,-16.0,0.0,-0.0,31.0,31.707,31.22,8.0,0.0,0.0,31.0,40.619,40.825,-8.0,0.0,0.0,33.0
34.3913,1,fwd,95.0,11.8,5.528,5.169,24.0,0.0,0.0,31.0,-100.0,-100.0,-8.0,0.0,0.0,32.0,-100.0,-100.0,0.0,0.0,-0.0,31.0,51.733,95.0,-320.0,121.0,6.02,34.0,-90.45,-90.311,-16.0,0.0,-0.0,31.0,31.707,31.22,8.0,0.0,0.0,31.0,40.619,40.825,-8.0,0.0,0.0,33.0
34.4445,1,fwd,95.0,11.8,5.528,5.169,24.0,0.0,0.0,31.0,-100.0,-100.0,-8.0,0.0,0.0,32.0,-100.0,-100.0,0.0,0.0,-0.0,31.0,51.733,95.0,-320.0,121.0,2.95,34.0,-90.45,-90.311,-16.0,0.0,-0.0,31.0,31.707,31.22,8.0,0.0,0.0,31.0,40.619,40.825,-8.0,0.0,0.0,33.0
34.4971,1,fwd,95.0,11.8,5.528,5.169,24.0,0.0,0.0,31.0,-100.0,-100.0,-8.0,0.0,0.0,32.0,-100.0,-100.0,0.0,0.0,-0.0,31.0,52.133,95.0,-320.0,121.0,5.495,34.0,-90.45,-90.311,-16.0,0.0,-0.0,31.0,31.707,31.22,8.0,0.0,0.0,31.0,40.619,40.825,-8.0,0.0,0.0,33.0
34.5503,1,fwd,95.0,11.8,5.528,5.169,24.0,0.0,0.0,31.0,-100.0,-100.0,-8.0,0.0,0.0,32.0,-100.0,-100.0,0.0,0.0,-0.0,31.0,52.267,95.0,-320.0,121.0,4.194,34.0,-90.45,-90.311,-16.0,0.0,-0.0,31.0,31.707,31.22,8.0,0.0,0.0,31.0,40.619,40.825,-8.0,0.0,0.0,33.0
34.6042,1,fwd,95.0,11.8,5.528,5.169,24.0,0.0,0.0,31.0,-100.0,-100.0,-8.0,0.0,0.0,32.0,-100.0,-100.0,0.0,0.0,-0.0,31.0,52.4,95.0,-320.0,121.0,3.564,34.0,-90.45,-90.311,-16.0,0.0,-0.0,31.0,31.707,31.22,8.0,0.0,0.0,31.0,40.619,40.825,-8.0,0.0,0.0,33.0
34.6572,1,fwd,95.0,11.8,5.528,5.169,24.0,0.0,0.0,31.0,-100.0,-100.0,-8.0,0.0,0.0,32.0,-100.0,-100.0,0.0,0.0,-0.0,31.0,52.667,95.0,-320.0,121.0,4.675,34.0,-90.45,-90.311,-16.0,0.0,-0.0,31.0,31.707,31.22,8.0,0.0,0.0,31.0,40.619,40.825,-8.0,0.0,0.0,33.0
34.7105,1,fwd,95.0,11.8,5.528,5.169,24.0,0.0,0.0,31.0,-100.0,-100.0,-8.0,0.0,0.0,32.0,-100.0,-100.0,0.0,0.0,-0.0,31.0,52.933,95.0,-320.0,121.0,5.291,34.0,-90.45,-90.311,-16.0,0.0,-0.0,31.0,31.707,31.22,8.0,0.0,0.0,31.0,40.619,40.825,-8.0,0.0,0.0,33.0
34.7626,1,fwd,95.0,11.8,5.528,5.169,24.0,0.0,0.0,31.0,-100.0,-100.0,-8.0,0.0,0.0,32.0,-100.0,-100.0,0.0,0.0,-0.0,31.0,53.333,95.0,-320.0,121.0,6.164,34.0,-90.45,-90.311,-16.0,0.0,-0.0,31.0,31.707,31.22,8.0,0.0,0.0,31.0,40.619,40.825,-8.0,0.0,0.0,33.0
34.8158,1,fwd,95.0,11.8,5.528,5.169,24.0,0.0,0.0,31.0,-100.0,-100.0,-8.0,0.0,0.0,32.0,-100.0,-100.0,0.0,0.0,-0.0,31.0,53.467,95.0,-304.0,122.0,5.007,34.0,-90.45,-90.311,-16.0,0.0,-0.0,31.0,31.707,31.22,8.0,0.0,0.0,31.0,40.619,40.825,-8.0,0.0,0.0,33.0
34.8688,1,fwd,95.0,11.8,5.528,5.169,24.0,0.0,0.0,31.0,-100.0,-100.0,-8.0,0.0,0.0,32.0,-100.0,-100.0,0.0,0.0,-0.0,31.0,53.6,95.0,-304.0,122.0,3.938,34.0,-90.45,-90.311,-16.0,0.0,-0.0,31.0,31.707,31.22,8.0,0.0,0.0,31.0,40.619,40.825,-8.0,0.0,0.0,33.0
34.9222,1,fwd,95.0,11.8,5.528,5.169,24.0,0.0,0.0,31.0,-100.0,-100.0,-8.0,0.0,0.0,32.0,-100.0,-100.0,0.0,0.0,-0.0,31.0,54.533,95.0,-304.0,122.0,10.558,34.0,-90.45,-90.311,-16.0,0.0,-0.0,31.0,31.707,31.22,8.0,0.0,0.0,31.0,40.619,40.825,-8.0,0.0,0.0,33.0
34.9751,1,fwd,95.0,11.8,5.528,5.169,24.0,0.0,0.0,31.0,-100.0,-100.0,-8.0,0.0,0.0,32.0,-100.0,-100.0,0.0,0.0,-0.0,31.0,54.8,95.0,-304.0,122.0,7.711,34.0,-90.45,-90.311,-16.0,0.0,-0.0,31.0,31.707,31.22,8.0,0.0,0.0,31.0,40.619,40.825,-8.0,0.0,0.0,33.0
35.0274,1,fwd,95.0,11.8,5.528,5.169,24.0,0.0,0.0,31.0,-100.0,-100.0,-8.0,0.0,0.0,32.0,-100.0,-100.0,0.0,0.0,-0.0,31.0,55.333,95.0,-304.0,122.0,9.318,34.0,-90.45,-90.311,-16.0,0.0,-0.0,31.0,31.707,31.22,8.0,0.0,0.0,31.0,40.619,40.825,-8.0,0.0,0.0,33.0
35.0797,1,fwd,95.0,11.8,5.528,5.169,24.0,0.0,0.0,31.0,-100.0,-100.0,-8.0,0.0,0.0,32.0,-100.0,-100.0,0.0,0.0,-0.0,31.0,55.467,95.0,-304.0,122.0,5.597,34.0,-90.45,-90.311,-16.0,0.0,-0.0,31.0,31.707,31.22,8.0,0.0,0.0,31.0,40.619,40.825,-8.0,0.0,0.0,33.0
35.1333,1,fwd,95.0,11.8,5.528,5.169,24.0,0.0,0.0,31.0,-100.0,-100.0,-8.0,0.0,0.0,32.0,-100.0,-100.0,0.0,0.0,-0.0,31.0,55.467,95.0,-304.0,122.0,2.742,34.0,-90.45,-90.311,-16.0,0.0,-0.0,31.0,31.707,31.22,8.0,0.0,0.0,31.0,40.619,40.825,-8.0,0.0,0.0,33.0
35.1865,1,fwd,95.0,11.8,5.528,5.169,24.0,0.0,0.0,31.0,-100.0,-100.0,-8.0,0.0,0.0,32.0,-100.0,-100.0,0.0,0.0,-0.0,31.0,55.6,95.0,-304.0,122.0,2.4,34.0,-90.45,-90.311,-16.0,0.0,-0.0,31.0,31.707,31.22,8.0,0.0,0.0,31.0,40.619,40.825,-8.0,0.0,0.0,33.0
35.24,1,fwd,95.0,11.8,5.528,5.169,24.0,0.0,0.0,31.0,-100.0,-100.0,-8.0,0.0,0.0,32.0,-100.0,-100.0,0.0,0.0,-0.0,31.0,55.6,95.0,-304.0,122.0,1.176,34.0,-90.45,-90.311,-16.0,0.0,-0.0,31.0,31.707,31.22,8.0,0.0,0.0,31.0,40.619,40.825,-8.0,0.0,0.0,33.0
35.2932,1,fwd,95.0,11.8,5.528,5.169,24.0,0.0,0.0,31.0,-100.0,-100.0,-8.0,0.0,0.0,32.0,-100.0,-100.0,0.0,0.0,-0.0,31.0,56.267,95.0,-304.0,122.0,7.173,34.0,-90.45,-90.311,-16.0,0.0,-0.0,31.0,31.707,31.22,8.0,0.0,0.0,31.0,40.619,40.825,-8.0,0.0,0.0,33.0
35.3462,1,fwd,95.0,11.8,5.528,5.169,24.0,0.0,0.0,31.0,-100.0,-100.0,-8.0,0.0,0.0,32.0,-100.0,-100.0,0.0,0.0,-0.0,31.0,56.4,95.0,-304.0,122.0,6.494,34.0,-90.45,-90.311,-16.0,0.0,-0.0,31.0,31.707,31.22,8.0,0.0,0.0,31.0,40.619,40.825,-8.0,0.0,0.0,33.0
35.3986,1,fwd,95.0,11.8,5.528,5.169,24.0,0.0,0.0,31.0,-100.0,-100.0,-8.0,0.0,0.0,32.0,-100.0,-100.0,0.0,0.0,-0.0,31.0,56.667,95.0,-296.0,102.0,5.876,34.0,-90.45,-90.311,-16.0,0.0,-0.0,31.0,31.707,31.22,8.0,0.0,0.0,31.0,40.619,40.825,-8.0,0.0,0.0,33.0
35.4522,1,fwd,95.0,11.8,5.528,5.169,24.0,0.0,0.0,31.0,-100.0,-100.0,-8.0,0.0,0.0,32.0,-100.0,-100.0,0.0,0.0,-0.0,31.0,57.2,95.0,-296.0,102.0,7.408,34.0,-90.45,-90.311,-16.0,0.0,-0.0,31.0,31.707,31.22,8.0,0.0,0.0,31.0,40.619,40.825,-8.0,0.0,0.0,33.0
35.5054,1,fwd,95.0,11.8,5.528,5.169,24.0,0.0,0.0,31.0,-100.0,-100.0,-8.0,0.0,0.0,32.0,-100.0,-100.0,0.0,0.0,-0.0,31.0,57.2,95.0,-296.0,102.0,3.63,34.0,-90.45,-90.311,-16.0,0.0,-0.0,31.0,31.707,31.22,8.0,0.0,0.0,31.0,40.619,40.825,-8.0,0.0,0.0,33.0
35.5585,1,fwd,95.0,11.8,5.528,5.169,24.0,0.0,0.0,31.0,-100.0,-100.0,-8.0,0.0,0.0,32.0,-100.0,-100.0,0.0,0.0,-0.0,31.0,57.733,95.0,-296.0,102.0,6.682,34.0,-90.45,-90.311,-16.0,0.0,-0.0,31.0,31.707,31.22,8.0,0.0,0.0,31.0,40.619,40.825,-8.0,0.0,0.0,33.0
35.6117,1,fwd,95.0,11.8,5.528,5.169,24.0,0.0,0.0,31.0,-100.0,-100.0,-8.0,0.0,0.0,32.0,-100.0,-100.0,0.0,0.0,-0.0,31.0,57.867,95.0,-296.0,102.0,4.275,34.0,-90.45,-90.311,-16.0,0.0,-0.0,31.0,31.707,31.22,8.0,0.0,0.0,31.0,40.619,40.825,-8.0,0.0,0.0,33.0
35.6648,1,fwd,95.0,11.8,5.528,5.169,24.0,0.0,0.0,31.0,-100.0,-100.0,-8.0,0.0,0.0,32.0,-100.0,-100.0,0.0,0.0,-0.0,31.0,58.133,95.0,-296.0,102.0,4.639,34.0,-90.45,-90.311,-16.0,0.0,-0.0,31.0,31.707,31.22,8.0,0.0,0.0,31.0,40.619,40.825,-8.0,0.0,0.0,33.0
35.7185,1,fwd,95.0,11.8,5.528,5.169,24.0,0.0,0.0,31.0,-100.0,-100.0,-8.0,0.0,0.0,32.0,-100.0,-100.0,0.0,0.0,-0.0,31.0,58.533,95.0,-296.0,102.0,5.831,34.0,-90.45,-90.311,-16.0,0.0,-0.0,31.0,31.707,31.22,8.0,0.0,0.0,31.0,40.619,40.825,-8.0,0.0,0.0,33.0
35.7707,1,fwd,95.0,11.8,5.528,5.169,24.0,0.0,0.0,31.0,-100.0,-100.0,-8.0,0.0,0.0,32.0,-100.0,-100.0,0.0,0.0,-0.0,31.0,58.667,95.0,-296.0,102.0,3.848,34.0,-90.45,-90.311,-16.0,0.0,-0.0,31.0,31.707,31.22,8.0,0.0,0.0,31.0,40.619,40.825,-8.0,0.0,0.0,33.0
35.8239,1,fwd,95.0,11.8,5.528,5.169,24.0,0.0,0.0,31.0,-100.0,-100.0,-8.0,0.0,0.0,32.0,-100.0,-100.0,0.0,0.0,-0.0,31.0,58.667,95.0,-296.0,102.0,1.886,34.0,-90.45,-90.311,-16.0,0.0,-0.0,31.0,31.707,31.22,8.0,0.0,0.0,31.0,40.619,40.825,-8.0,0.0,0.0,33.0
35.8772,1,fwd,95.0,11.8,5.528,5.169,24.0,0.0,0.0,31.0,-100.0,-100.0,-8.0,0.0,0.0,32.0,-100.0,-100.0,0.0,0.0,-0.0,31.0,58.933,95.0,-296.0,102.0,3.469,34.0,-90.45,-90.311,-16.0,0.0,-0.0,31.0,31.707,31.22,8.0,0.0,0.0,31.0,40.619,40.825,-8.0,0.0,0.0,33.0
35.9303,1,fwd,95.0,11.9,5.528,5.169,24.0,0.0,0.0,31.0,-100.0,-100.0,-8.0,0.0,0.0,32.0,-100.0,-100.0,0.0,0.0,-0.0,31.0,59.2,95.0,-296.0,114.0,5.443,34.0,-90.45,-90.311,-16.0,0.0,-0.0,31.0,31.707,31.22,8.0,0.0,0.0,31.0,40.619,40.825,-8.0,0.0,0.0,33.0
35.9834,1,fwd,95.0,11.9,5.528,5.169,24.0,0.0,0.0,31.0,-100.0,-100.0,-8.0,0.0,0.0,32.0,-100.0,-100.0,0.0,0.0,-0.0,31.0,59.467,95.0,-296.0,114.0,3.643,34.0,-90.45,-90.311,-16.0,0.0,-0.0,31.0,31.707,31.22,8.0,0.0,0.0,31.0,40.619,40.825,-8.0,0.0,0.0,33.0
36.0357,1,fwd,95.0,11.9,5.528,5.169,24.0,0.0,0.0,31.0,-100.0,-100.0,-8.0,0.0,0.0,32.0,-100.0,-100.0,0.0,0.0,-0.0,31.0,59.6,95.0,-296.0,114.0,3.249,34.0,-90.45,-90.311,-16.0,0.0,-0.0,31.0,31.707,31.22,8.0,0.0,0.0,31.0,40.619,40.825,-8.0,0.0,0.0,33.0
36.0891,1,fwd,95.0,11.9,5.528,5.169,24.0,0.0,0.0,31.0,-100.0,-100.0,-8.0,0.0,0.0,32.0,-100.0,-100.0,0.0,0.0,-0.0,31.0,60.4,95.0,-296.0,114.0,9.191,34.0,-90.45,-90.311,-16.0,0.0,-0.0,31.0,31.707,31.22,8.0,0.0,0.0,31.0,40.619,40.825,-8.0,0.0,0.0,33.0
36.1419,1,fwd,95.0,11.9,5.528,5.169,24.0,0.0,0.0,31.0,-100.0,-100.0,-8.0,0.0,0.0,32.0,-100.0,-100.0,0.0,0.0,-0.0,31.0,60.667,95.0,-296.0,114.0,7.024,34.0,-90.45,-90.311,-16.0,0.0,-0.0,31.0,31.707,31.22,8.0,0.0,0.0,31.0,40.619,40.825,-8.0,0.0,0.0,33.0
36.1952,1,fwd,95.0,11.9,5.528,5.169,24.0,0.0,0.0,31.0,-100.0,-100.0,-8.0,0.0,0.0,32.0,-100.0,-100.0,0.0,0.0,-0.0,31.0,61.067,95.0,-296.0,114.0,7.474,34.0,-90.45,-90.311,-16.0,0.0,-0.0,31.0,31.707,31.22,8.0,0.0,0.0,31.0,40.619,40.825,-8.0,0.0,0.0,33.0
36.2485,1,fwd,95.0,11.9,5.528,5.169,24.0,0.0,0.0,31.0,-100.0,-100.0,-8.0,0.0,0.0,32.0,-100.0,-100.0,0.0,0.0,-0.0,31.0,61.067,95.0,-296.0,114.0,3.662,34.0,-90.45,-90.311,-16.0,0.0,-0.0,31.0,31.707,31.22,8.0,0.0,0.0,31.0,40.619,40.825,-8.0,0.0,0.0,33.0
36.3019,1,fwd,95.0,11.9,5.528,5.169,24.0,0.0,0.0,31.0,-100.0,-100.0,-8.0,0.0,0.0,32.0,-100.0,-100.0,0.0,0.0,-0.0,31.0,61.067,95.0,-296.0,114.0,1.794,34.0,-90.45,-90.311,-16.0,0.0,-0.0,31.0,31.707,31.22,8.0,0.0,0.0,31.0,40.619,40.825,-8.0,0.0,0.0,33.0
36.3551,1,fwd,95.0,11.9,5.528,5.169,24.0,0.0,0.0,31.0,-100.0,-100.0,-8.0,0.0,0.0,32.0,-100.0,-100.0,0.0,0.0,-0.0,31.0,61.2,95.0,-296.0,114.0,2.39,34.0,-90.45,-90.311,-16.0,0.0,-0.0,31.0,31.707,31.22,8.0,0.0,0.0,31.0,40.619,40.825,-8.0,0.0,0.0,33.0
36.4086,1,fwd,95.0,11.9,5.528,5.169,24.0,0.0,0.0,31.0,-100.0,-100.0,-8.0,0.0,0.0,32.0,-100.0,-100.0,0.0,0.0,-0.0,31.0,61.733,95.0,-296.0,114.0,6.222,34.0,-90.45,-90.311,-16.0,0.0,-0.0,31.0,31.707,31.22,8.0,0.0,0.0,31.0,40.619,40.825,-8.0,0.0,0.0,33.0
36.462,1,fwd,95.0,11.9,5.528,5.169,24.0,0.0,0.0,31.0,-100.0,-100.0,-8.0,0.0,0.0,32.0,-100.0,-100.0,0.0,0.0,-0.0,31.0,61.867,95.0,-296.0,114.0,4.078,34.0,-90.45,-90.311,-16.0,0.0,-0.0,31.0,31.707,31.22,8.0,0.0,0.0,31.0,40.619,40.825,-8.0,0.0,0.0,33.0
36.5155,1,fwd,95.0,11.8,5.528,5.169,24.0,0.0,0.0,31.0,-100.0,-100.0,-8.0,0.0,0.0,32.0,-100.0,-100.0,0.0,0.0,-0.0,31.0,61.867,95.0,-316.0,120.0,4.078,34.0,-90.45,-90.311,-16.0,0.0,-0.0,31.0,31.707,31.22,8.0,0.0,0.0,31.0,40.619,40.825,-8.0,0.0,0.0,33.0
36.5691,1,fwd,95.0,11.8,5.528,5.169,24.0,0.0,0.0,31.0,-100.0,-100.0,-8.0,0.0,0.0,32.0,-100.0,-100.0,0.0,0.0,-0.0,31.0,62.4,95.0,-316.0,120.0,4.828,34.0,-90.45,-90.311,-16.0,0.0,-0.0,31.0,31.707,31.22,8.0,0.0,0.0,31.0,40.619,40.825,-8.0,0.0,0.0,33.0
36.6234,1,fwd,95.0,11.8,5.528,5.169,24.0,0.0,0.0,31.0,-100.0,-100.0,-8.0,0.0,0.0,32.0,-100.0,-100.0,0.0,0.0,-0.0,31.0,62.533,95.0,-316.0,120.0,3.372,34.0,-90.45,-90.311,-16.0,0.0,-0.0,31.0,31.707,31.22,8.0,0.0,0.0,31.0,40.619,40.825,-8.0,0.0,0.0,33.0
36.6768,1,fwd,95.0,11.8,5.528,5.169,24.0,0.0,0.0,31.0,-100.0,-100.0,-8.0,0.0,0.0,32.0,-100.0,-100.0,0.0,0.0,-0.0,31.0,62.667,95.0,-316.0,120.0,3.17,34.0,-90.45,-90.311,-16.0,0.0,-0.0,31.0,31.707,31.22,8.0,0.0,0.0,31.0,40.619,40.825,-8.0,0.0,0.0,33.0
36.7298,1,fwd,95.0,11.8,5.528,5.169,24.0,0.0,0.0,31.0,-100.0,-100.0,-8.0,0.0,0.0,32.0,-100.0,-100.0,0.0,0.0,-0.0,31.0,63.067,95.0,-316.0,120.0,6.034,34.0,-90.45,-90.311,-16.0,0.0,-0.0,31.0,31.707,31.22,8.0,0.0,0.0,31.0,40.619,40.825,-8.0,0.0,0.0,33.0
36.7833,1,fwd,95.0,11.8,5.528,5.169,24.0,0.0,0.0,31.0,-100.0,-100.0,-8.0,0.0,0.0,32.0,-100.0,-100.0,0.0,0.0,-0.0,31.0,63.867,95.0,-316.0,120.0,10.567,34.0,-90.45,-90.311,-16.0,0.0,-0.0,31.0,31.707,31.22,8.0,0.0,0.0,31.0,40.619,40.825,-8.0,0.0,0.0,33.0
36.8356,1,fwd,95.0,11.8,5.528,5.169,24.0,0.0,0.0,31.0,-100.0,-100.0,-8.0,0.0,0.0,32.0,-100.0,-100.0,0.0,0.0,-0.0,31.0,64.0,95.0,-316.0,120.0,6.685,34.0,-90.45,-90.311,-16.0,0.0,-0.0,31.0,31.707,31.22,8.0,0.0,0.0,31.0,40.619,40.825,-8.0,0.0,0.0,33.0
36.8888,1,fwd,95.0,11.8,5.528,5.169,24.0,0.0,0.0,31.0,-100.0,-100.0,-8.0,0.0,0.0,32.0,-100.0,-100.0,0.0,0.0,-0.0,31.0,64.4,95.0,-316.0,120.0,7.334,34.0,-90.45,-90.311,-16.0,0.0,-0.0,31.0,31.707,31.22,8.0,0.0,0.0,31.0,40.619,40.825,-8.0,0.0,0.0,33.0
36.9423,1,fwd,95.0,11.8,5.528,5.169,24.0,0.0,0.0,31.0,-100.0,-100.0,-8.0,0.0,0.0,32.0,-100.0,-100.0,0.0,0.0,-0.0,31.0,64.533,95.0,-316.0,120.0,4.636,34.0,-90.45,-90.311,-16.0,0.0,-0.0,31.0,31.707,31.22,8.0,0.0,0.0,31.0,40.619,40.825,-8.0,0.0,0.0,33.0
36.9955,1,fwd,95.0,11.8,5.528,5.169,24.0,0.0,0.0,31.0,-100.0,-100.0,-8.0,0.0,0.0,32.0,-100.0,-100.0,0.0,0.0,-0.0,31.0,64.533,95.0,-316.0,120.0,2.272,34.0,-90.45,-90.311,-16.0,0.0,-0.0,31.0,31.707,31.22,8.0,0.0,0.0,31.0,40.619,40.825,-8.0,0.0,0.0,33.0
37.0488,1,fwd,95.0,11.8,5.528,5.169,24.0,0.0,0.0,31.0,-100.0,-100.0,-8.0,0.0,0.0,32.0,-100.0,-100.0,0.0,0.0,-0.0,31.0,64.8,95.0,-316.0,120.0,3.672,34.0,-90.45,-90.311,-16.0,0.0,-0.0,31.0,31.707,31.22,8.0,0.0,0.0,31.0,40.619,40.825,-8.0,0.0,0.0,33.0
37.1024,1,fwd,95.0,11.8,5.528,5.169,24.0,0.0,0.0,31.0,-100.0,-100.0,-8.0,0.0,0.0,32.0,-100.0,-100.0,0.0,0.0,-0.0,31.0,64.933,95.0,-292.0,117.0,3.242,34.0,-90.45,-90.311,-16.0,0.0,-0.0,31.0,31.707,31.22,8.0,0.0,0.0,31.0,40.619,40.825,-8.0,0.0,0.0,33.0
37.1556,1,fwd,95.0,11.8,5.528,5.169,24.0,0.0,0.0,31.0,-100.0,-100.0,-8.0,0.0,0.0,32.0,-100.0,-100.0,0.0,0.0,-0.0,31.0,64.933,95.0,-292.0,117.0,1.589,34.0,-90.45,-90.311,-16.0,0.0,-0.0,31.0,31.707,31.22,8.0,0.0,0.0,31.0,40.619,40.825,-8.0,0.0,0.0,33.0
37.2092,1,fwd,95.0,11.8,5.528,5.169,24.0,0.0,0.0,31.0,-100.0,-100.0,-8.0,0.0,0.0,32.0,-100.0,-100.0,0.0,0.0,-0.0,31.0,65.467,95.0,-292.0,117.0,5.81,34.0,-90.45,-90.311,-16.0,0.0,-0.0,31.0,31.707,31.22,8.0,0.0,0.0,31.0,40.619,40.825,-8.0,0.0,0.0,33.0
37.2625,1,fwd,95.0,11.8,5.528,5.169,24.0,0.0,0.0,31.0,-100.0,-100.0,-8.0,0.0,0.0,32.0,-100.0,-100.0,0.0,0.0,-0.0,31.0,65.6,95.0,-292.0,117.0,3.883,34.0,-90.45,-90.311,-16.0,0.0,-0.0,31.0,31.707,31.22,8.0,0.0,0.0,31.0,40.619,40.825,-8.0,0.0,0.0,33.0
37.3149,1,fwd,95.0,11.8,5.528,5.169,24.0,0.0,0.0,31.0,-100.0,-100.0,-8.0,0.0,0.0,32.0,-100.0,-100.0,0.0,0.0,-0.0,31.0,65.6,95.0,-292.0,117.0,1.903,34.0,-90.45,-90.311,-16.0,0.0,-0.0,31.0,31.707,31.22,8.0,0.0,0.0,31.0,40.619,40.825,-8.0,0.0,0.0,33.0
37.3682,1,fwd,95.0,11.8,5.528,5.169,24.0,0.0,0.0,31.0,-100.0,-100.0,-8.0,0.0,0.0,32.0,-100.0,-100.0,0.0,0.0,-0.0,31.0,66.4,95.0,-292.0,117.0,8.574,34.0,-90.45,-90.311,-16.0,0.0,-0.0,31.0,31.707,31.22,8.0,0.0,0.0,31.0,40.619,40.825,-8.0,0.0,0.0,33.0
37.4218,1,fwd,95.0,11.8,5.528,5.169,24.0,0.0,0.0,31.0,-100.0,-100.0,-8.0,0.0,0.0,32.0,-100.0,-100.0,0.0,0.0,-0.0,31.0,67.067,95.0,-292.0,117.0,10.304,34.0,-90.45,-90.311,-16.0,0.0,-0.0,31.0,31.707,31.22,8.0,0.0,0.0,31.0,40.619,40.825,-8.0,0.0,0.0,33.0
37.4749,1,fwd,95.0,11.8,5.528,5.169,24.0,0.0,0.0,31.0,-100.0,-100.0,-8.0,0.0,0.0,32.0,-100.0,-100.0,0.0,0.0,-0.0,31.0,67.333,95.0,-292.0,117.0,7.579,34.0,-90.45,-90.311,-16.0,0.0,-0.0,31.0,31.707,31.22,8.0,0.0,0.0,31.0,40.619,40.825,-8.0,0.0,0.0,33.0
37.528,1,fwd,95.0,11.8,5.528,5.169,24.0,0.0,0.0,31.0,-100.0,-100.0,-8.0,0.0,0.0,32.0,-100.0,-100.0,0.0,0.0,-0.0,31.0,67.6,95.0,-292.0,117.0,6.715,34.0,-90.45,-90.311,-16.0,0.0,-0.0,31.0,31.707,31.22,8.0,0.0,0.0,31.0,40.619,40.825,-8.0,0.0,0.0,33.0
37.5811,1,fwd,95.0,11.8,5.528,5.169,24.0,0.0,0.0,31.0,-100.0,-100.0,-8.0,0.0,0.0,32.0,-100.0,-100.0,0.0,0.0,-0.0,31.0,67.733,95.0,-292.0,117.0,4.788,34.0,-90.45,-90.311,-16.0,0.0,-0.0,31.0,31.707,31.22,8.0,0.0,0.0,31.0,40.619,40.825,-8.0,0.0,0.0,33.0
37.6354,1,fwd,95.0,11.8,5.528,5.169,24.0,0.0,0.0,31.0,-100.0,-100.0,-8.0,0.0,0.0,32.0,-100.0,-100.0,0.0,0.0,-0.0,31.0,67.733,95.0,-296.0,119.0,3.352,34.0,-90.45,-90.311,-16.0,0.0,-0.0,31.0,31.707,31.22,8.0,0.0,0.0,31.0,40.619,40.825,-8.0,0.0,0.0,33.0
37.6884,1,fwd,95.0,11.8,5.528,5.169,24.0,0.0,0.0,31.0,-100.0,-100.0,-8.0,0.0,0.0,32.0,-100.0,-100.0,0.0,0.0,-0.0,31.0,67.733,95.0,-296.0,119.0,1.642,34.0,-90.45,-90.311,-16.0,0.0,-0.0,31.0,31.707,31.22,8.0,0.0,0.0,31.0,40.619,40.825,-8.0,0.0,0.0,33.0
37.7416,1,fwd,95.0,11.8,5.528,5.169,24.0,0.0,0.0,31.0,-100.0,-100.0,-8.0,0.0,0.0,32.0,-100.0,-100.0,0.0,0.0,-0.0,31.0,68.133,95.0,-296.0,119.0,4.352,34.0,-90.45,-90.311,-16.0,0.0,-0.0,31.0,31.707,31.22,8.0,0.0,0.0,31.0,40.619,40.825,-8.0,0.0,0.0,33.0
37.7954,1,fwd,95.0,11.8,5.528,5.169,24.0,0.0,0.0,31.0,-100.0,-100.0,-8.0,0.0,0.0,32.0,-100.0,-100.0,0.0,0.0,-0.0,31.0,68.533,95.0,-296.0,119.0,5.24,34.0,-90.45,-90.311,-16.0,0.0,-0.0,31.0,31.707,31.22,8.0,0.0,0.0,31.0,40.619,40.825,-8.0,0.0,0.0,33.0
37.8491,1,fwd,95.0,11.8,5.528,5.169,24.0,0.0,0.0,31.0,-100.0,-100.0,-8.0,0.0,0.0,32.0,-100.0,-100.0,0.0,0.0,-0.0,31.0,68.8,95.0,-296.0,119.0,6.626,34.0,-90.45,-90.311,-16.0,0.0,-0.0,31.0,31.707,31.22,8.0,0.0,0.0,31.0,40.619,40.825,-8.0,0.0,0.0,33.0
37.9025,1,fwd,95.0,11.8,5.528,5.169,24.0,0.0,0.0,31.0,-100.0,-100.0,-8.0,0.0,0.0,32.0,-100.0,-100.0,0.0,0.0,-0.0,31.0,68.8,95.0,-296.0,119.0,3.247,34.0,-90.45,-90.311,-16.0,0.0,-0.0,31.0,31.707,31.22,8.0,0.0,0.0,31.0,40.619,40.825,-8.0,0.0,0.0,33.0
37.9547,1,fwd,95.0,11.8,5.528,5.169,24.0,0.0,0.0,31.0,-100.0,-100.0,-8.0,0.0,0.0,32.0,-100.0,-100.0,0.0,0.0,-0.0,31.0,69.2,95.0,-296.0,119.0,6.05,34.0,-90.45,-90.311,-16.0,0.0,-0.0,31.0,31.707,31.22,8.0,0.0,0.0,31.0,40.619,40.825,-8.0,0.0,0.0,33.0
38.0088,1,fwd,95.0,11.8,5.528,5.169,24.0,0.0,0.0,31.0,-100.0,-100.0,-8.0,0.0,0.0,32.0,-100.0,-100.0,0.0,0.0,-0.0,31.0,69.733,95.0,-296.0,119.0,7.884,34.0,-90.45,-90.311,-16.0,0.0,-0.0,31.0,31.707,31.22,8.0,0.0,0.0,31.0,40.619,40.825,-8.0,0.0,0.0,33.0
38.0623,1,fwd,95.0,11.8,5.528,5.169,24.0,0.0,0.0,31.0,-100.0,-100.0,-8.0,0.0,0.0,32.0,-100.0,-100.0,0.0,0.0,-0.0,31.0,70.133,95.0,-296.0,119.0,7.361,34.0,-90.45,-90.311,-16.0,0.0,-0.0,31.0,31.707,31.22,8.0,0.0,0.0,31.0,40.619,40.825,-8.0,0.0,0.0,33.0
38.1147,1,fwd,95.0,11.8,5.528,5.169,24.0,0.0,0.0,31.0,-100.0,-100.0,-8.0,0.0,0.0,32.0,-100.0,-100.0,0.0,0.0,-0.0,31.0,70.667,95.0,-296.0,119.0,8.223,34.0,-90.45,-90.311,-16.0,0.0,-0.0,31.0,31.707,31.22,8.0,0.0,0.0,31.0,40.619,40.825,-8.0,0.0,0.0,33.0
38.1686,1,fwd,95.0,11.8,5.528,5.169,24.0,0.0,0.0,31.0,-100.0,-100.0,-8.0,0.0,0.0,32.0,-100.0,-100.0,0.0,0.0,-0.0,31.0,70.933,95.0,-296.0,119.0,6.103,34.0,-90.45,-90.311,-16.0,0.0,-0.0,31.0,31.707,31.22,8.0,0.0,0.0,31.0,40.619,40.825,-8.0,0.0,0.0,33.0
38.2219,1,fwd,95.0,11.8,5.528,5.169,24.0,0.0,0.0,31.0,-100.0,-100.0,-8.0,0.0,0.0,32.0,-100.0,-100.0,0.0,0.0,-0.0,31.0,70.933,95.0,-280.0,101.0,4.272,34.0,-90.45,-90.311,-16.0,0.0,-0.0,31.0,31.707,31.22,8.0,0.0,0.0,31.0,40.619,40.825,-8.0,0.0,0.0,33.0
38.2738,1,fwd,95.0,11.8,5.528,5.169,24.0,0.0,0.0,31.0,-100.0,-100.0,-8.0,0.0,0.0,32.0,-100.0,-100.0,0.0,0.0,-0.0,31.0,71.067,95.0,-280.0,101.0,2.581,34.0,-90.45,-90.311,-16.0,0.0,-0.0,31.0,31.707,31.22,8.0,0.0,0.0,31.0,40.619,40.825,-8.0,0.0,0.0,33.0
38.3273,1,fwd,95.0,11.8,5.528,5.169,24.0,0.0,0.0,31.0,-100.0,-100.0,-8.0,0.0,0.0,32.0,-100.0,-100.0,0.0,0.0,-0.0,31.0,71.2,95.0,-280.0,101.0,2.753,34.0,-90.45,-90.311,-16.0,0.0,-0.0,31.0,31.707,31.22,8.0,0.0,0.0,31.0,40.619,40.825,-8.0,0.0,0.0,33.0
38.3806,1,fwd,95.0,11.8,5.528,5.169,24.0,0.0,0.0,31.0,-100.0,-100.0,-8.0,0.0,0.0,32.0,-100.0,-100.0,0.0,0.0,-0.0,31.0,71.733,95.0,-280.0,101.0,6.234,34.0,-90.45,-90.311,-16.0,0.0,-0.0,31.0,31.707,31.22,8.0,0.0,0.0,31.0,40.619,40.825,-8.0,0.0,0.0,33.0
38.4338,1,fwd,95.0,11.8,5.528,5.169,24.0,0.0,0.0,31.0,-100.0,-100.0,-8.0,0.0,0.0,32.0,-100.0,-100.0,0.0,0.0,-0.0,31.0,71.867,95.0,-280.0,101.0,4.565,34.0,-90.45,-90.311,-16.0,0.0,-0.0,31.0,31.707,31.22,8.0,0.0,0.0,31.0,40.619,40.825,-8.0,0.0,0.0,33.0
38.487,1,fwd,95.0,11.8,5.528,5.169,24.0,0.0,0.0,31.0,-100.0,-100.0,-8.0,0.0,0.0,32.0,-100.0,-100.0,0.0,0.0,-0.0,31.0,72.0,95.0,-280.0,101.0,3.731,34.0,-90.45,-90.311,-16.0,0.0,-0.0,31.0,31.707,31.22,8.0,0.0,0.0,31.0,40.619,40.825,-8.0,0.0,0.0,33.0
38.5405,1,fwd,95.0,11.8,5.528,5.169,24.0,0.0,0.0,31.0,-100.0,-100.0,-8.0,0.0,0.0,32.0,-100.0,-100.0,0.0,0.0,-0.0,31.0,72.133,95.0,-280.0,101.0,2.858,34.0,-90.45,-90.311,-16.0,0.0,-0.0,31.0,31.707,31.22,8.0,0.0,0.0,31.0,40.619,40.825,-8.0,0.0,0.0,33.0
38.5943,1,fwd,95.0,11.8,5.528,5.169,24.0,0.0,0.0,31.0,-100.0,-100.0,-8.0,0.0,0.0,32.0,-100.0,-100.0,0.0,0.0,-0.0,31.0,72.533,95.0,-280.0,101.0,5.865,34.0,-90.45,-90.311,-16.0,0.0,-0.0,31.0,31.707,31.22,8.0,0.0,0.0,31.0,40.619,40.825,-8.0,0.0,0.0,33.0
38.6483,1,fwd,95.0,11.8,5.528,5.169,24.0,0.0,0.0,31.0,-100.0,-100.0,-8.0,0.0,0.0,32.0,-100.0,-100.0,0.0,0.0,-0.0,31.0,73.2,95.0,-280.0,101.0,9.471,34.0,-90.45,-90.311,-16.0,0.0,-0.0,31.0,31.707,31.22,8.0,0.0,0.0,31.0,40.619,40.825,-8.0,0.0,0.0,33.0
38.7014,1,fwd,95.0,11.8,5.528,5.169,24.0,0.0,0.0,31.0,-100.0,-100.0,-8.0,0.0,0.0,32.0,-100.0,-100.0,0.0,0.0,-0.0,31.0,73.467,95.0,-280.0,101.0,6.741,34.0,-90.45,-90.311,-16.0,0.0,-0.0,31.0,31.707,31.22,8.0,0.0,0.0,31.0,40.619,40.825,-8.0,0.0,0.0,33.0
38.7542,1,fwd,95.0,11.8,5.528,5.169,24.0,0.0,0.0,31.0,-100.0,-100.0,-8.0,0.0,0.0,32.0,-100.0,-100.0,0.0,0.0,-0.0,31.0,74.0,95.0,-280.0,101.0,8.398,34.0,-90.45,-90.311,-16.0,0.0,-0.0,31.0,31.707,31.22,8.0,0.0,0.0,31.0,40.619,40.825,-8.0,0.0,0.0,33.0
38.8076,1,fwd,95.0,11.8,5.528,5.169,24.0,0.0,0.0,31.0,-100.0,-100.0,-8.0,0.0,0.0,32.0,-100.0,-100.0,0.0,0.0,-0.0,31.0,74.0,95.0,-264.0,105.0,8.398,34.0,-90.45,-90.311,-16.0,0.0,-0.0,31.0,31.707,31.22,8.0,0.0,0.0,31.0,40.619,40.825,-8.0,0.0,0.0,33.0
38.8609,1,fwd,95.0,11.8,5.528,5.169,24.0,0.0,0.0,31.0,-100.0,-100.0,-8.0,0.0,0.0,32.0,-100.0,-100.0,0.0,0.0,-0.0,31.0,74.0,95.0,-264.0,105.0,4.115,34.0,-90.45,-90.311,-16.0,0.0,-0.0,31.0,31.707,31.22,8.0,0.0,0.0,31.0,40.619,40.825,-8.0,0.0,0.0,33.0
38.9139,1,fwd,95.0,11.8,5.528,5.169,24.0,0.0,0.0,31.0,-100.0,-100.0,-8.0,0.0,0.0,32.0,-100.0,-100.0,0.0,0.0,-0.0,31.0,74.133,95.0,-264.0,105.0,2.951,34.0,-90.45,-90.311,-16.0,0.0,-0.0,31.0,31.707,31.22,8.0,0.0,0.0,31.0,40.619,40.825,-8.0,0.0,0.0,33.0
38.9667,1,fwd,95.0,11.8,5.528,5.169,24.0,0.0,0.0,31.0,-100.0,-100.0,-8.0,0.0,0.0,32.0,-100.0,-100.0,0.0,0.0,-0.0,31.0,74.533,95.0,-264.0,105.0,5.416,34.0,-90.45,-90.311,-16.0,0.0,-0.0,31.0,31.707,31.22,8.0,0.0,0.0,31.0,40.619,40.825,-8.0,0.0,0.0,33.0
39.02,1,fwd,95.0,11.8,5.528,5.169,24.0,0.0,0.0,31.0,-100.0,-100.0,-8.0,0.0,0.0,32.0,-100.0,-100.0,0.0,0.0,-0.0,31.0,74.8,95.0,-264.0,105.0,4.754,34.0,-90.45,-90.311,-16.0,0.0,-0.0,31.0,31.707,31.22,8.0,0.0,0.0,31.0,40.619,40.825,-8.0,0.0,0.0,33.0
39.0731,1,fwd,95.0,11.8,5.528,5.169,24.0,0.0,0.0,31.0,-100.0,-100.0,-8.0,0.0,0.0,32.0,-100.0,-100.0,0.0,0.0,-0.0,31.0,74.933,95.0,-264.0,105.0,3.388,34.0,-90.45,-90.311,-16.0,0.0,-0.0,31.0,31.707,31.22,8.0,0.0,0.0,31.0,40.619,40.825,-8.0,0.0,0.0,33.0
39.1265,1,fwd,95.0,11.8,5.528,5.169,24.0,0.0,0.0,31.0,-100.0,-100.0,-8.0,0.0,0.0,32.0,-100.0,-100.0,0.0,0.0,-0.0,31.0,75.067,95.0,-264.0,105.0,3.155,34.0,-90.45,-90.311,-16.0,0.0,-0.0,31.0,31.707,31.22,8.0,0.0,0.0,31.0,40.619,40.825,-8.0,0.0,0.0,33.0
39.1794,1,fwd,95.0,11.8,5.528,5.169,24.0,0.0,0.0,31.0,-100.0,-100.0,-8.0,0.0,0.0,32.0,-100.0,-100.0,0.0,0.0,-0.0,31.0,75.067,95.0,-264.0,105.0,1.546,34.0,-90.45,-90.311,-16.0,0.0,-0.0,31.0,31.707,31.22,8.0,0.0,0.0,31.0,40.619,40.825,-8.0,0.0,0.0,33.0
39.2319,1,fwd,95.0,11.8,5.528,5.169,24.0,0.0,0.0,31.0,-100.0,-100.0,-8.0,0.0,0.0,32.0,-100.0,-100.0,0.0,0.0,-0.0,31.0,75.067,95.0,-264.0,105.0,0.758,34.0,-90.45,-90.311,-16.0,0.0,-0.0,31.0,31.707,31.22,8.0,0.0,0.0,31.0,40.619,40.825,-8.0,0.0,0.0,33.0
39.2851,1,fwd,95.0,11.8,5.528,5.169,24.0,0.0,0.0,31.0,-100.0,-100.0,-8.0,0.0,0.0,32.0,-100.0,-100.0,0.0,0.0,-0.0,31.0,75.867,95.0,-264.0,105.0,7.888,34.0,-90.45,-90.311,-16.0,0.0,-0.0,31.0,31.707,31.22,8.0,0.0,0.0,31.0,40.619,40.825,-8.0,0.0,0.0,33.0
39.3385,1,fwd,95.0,11.8,5.528,5.169,24.0,0.0,0.0,31.0,-100.0,-100.0,-8.0,0.0,0.0,32.0,-100.0,-100.0,0.0,0.0,-0.0,31.0,76.533,95.0,-264.0,105.0,9.084,34.0,-90.45,-90.311,-16.0,0.0,-0.0,31.0,31.707,31.22,8.0,0.0,0.0,31.0,40.619,40.825,-8.0,0.0,0.0,33.0
39.3915,1,fwd,95.0,11.9,5.528,5.169,24.0,0.0,0.0,31.0,-100.0,-100.0,-8.0,0.0,0.0,32.0,-100.0,-100.0,0.0,0.0,-0.0,31.0,77.067,95.0,-280.0,112.0,9.117,34.0,-90.45,-90.311,-16.0,1.0,-0.0,31.0,31.707,31.22,8.0,0.0,0.0,31.0,40.619,40.825,-8.0,0.0,0.0,33.0
39.4438,1,fwd,95.0,11.9,5.528,5.169,24.0,0.0,0.0,31.0,-100.0,-100.0,-8.0,0.0,0.0,32.0,-100.0,-100.0,0.0,0.0,-0.0,31.0,77.2,95.0,-280.0,112.0,5.511,34.0,-90.45,-90.311,-16.0,1.0,-0.0,31.0,31.707,31.22,8.0,0.0,0.0,31.0,40.619,40.825,-8.0,0.0,0.0,33.0
39.4971,1,fwd,95.0,11.9,5.528,5.169,24.0,0.0,0.0,31.0,-100.0,-100.0,-8.0,0.0,0.0,32.0,-100.0,-100.0,0.0,0.0,-0.0,31.0,77.2,95.0,-280.0,112.0,2.7,34.0,-90.45,-90.311,-16.0,1.0,-0.0,31.0,31.707,31.22,8.0,0.0,0.0,31.0,40.619,40.825,-8.0,0.0,0.0,33.0
39.5503,1,fwd,95.0,11.9,5.528,5.169,24.0,0.0,0.0,31.0,-100.0,-100.0,-8.0,0.0,0.0,32.0,-100.0,-100.0,0.0,0.0,-0.0,31.0,77.2,95.0,-280.0,112.0,1.323,34.0,-90.45,-90.311,-16.0,1.0,-0.0,31.0,31.707,31.22,8.0,0.0,0.0,31.0,40.619,40.825,-8.0,0.0,0.0,33.0
39.6026,1,fwd,95.0,11.9,5.528,5.169,24.0,0.0,0.0,31.0,-100.0,-100.0,-8.0,0.0,0.0,32.0,-100.0,-100.0,0.0,0.0,-0.0,31.0,77.733,95.0,-280.0,112.0,5.695,34.0,-90.45,-90.311,-16.0,1.0,-0.0,31.0,31.707,31.22,8.0,0.0,0.0,31.0,40.619,40.825,-8.0,0.0,0.0,33.0
39.6566,1,fwd,95.0,11.9,5.528,5.169,24.0,0.0,0.0,31.0,-100.0,-100.0,-8.0,0.0,0.0,32.0,-100.0,-100.0,0.0,0.0,-0.0,31.0,78.0,95.0,-280.0,112.0,4.864,34.0,-90.45,-90.311,-16.0,1.0,-0.0,31.0,31.707,31.22,8.0,0.0,0.0,31.0,40.619,40.825,-8.0,0.0,0.0,33.0
39.7088,1,fwd,95.0,11.9,5.528,5.169,24.0,0.0,0.0,31.0,-100.0,-100.0,-8.0,0.0,0.0,32.0,-100.0,-100.0,0.0,0.0,-0.0,31.0,78.0,95.0,-280.0,112.0,2.383,34.0,-90.45,-90.311,-16.0,1.0,-0.0,31.0,31.707,31.22,8.0,0.0,0.0,31.0,40.619,40.825,-8.0,0.0,0.0,33.0
39.7615,1,fwd,95.0,11.9,5.528,5.169,24.0,0.0,0.0,31.0,-100.0,-100.0,-8.0,0.0,0.0,32.0,-100.0,-100.0,0.0,0.0,-0.0,31.0,78.133,95.0,-280.0,112.0,2.209,34.0,-90.45,-90.311,-16.0,1.0,-0.0,31.0,31.707,31.22,8.0,0.0,0.0,31.0,40.619,40.825,-8.0,0.0,0.0,33.0
39.8145,1,fwd,95.0,11.9,5.528,5.169,24.0,0.0,0.0,31.0,-100.0,-100.0,-8.0,0.0,0.0,32.0,-100.0,-100.0,0.0,0.0,-0.0,31.0,78.133,95.0,-280.0,112.0,1.082,34.0,-90.45,-90.311,-16.0,1.0,-0.0,31.0,31.707,31.22,8.0,0.0,0.0,31.0,40.619,40.825,-8.0,0.0,0.0,33.0
39.8667,1,fwd,95.0,11.9,5.528,5.169,24.0,0.0,0.0,31.0,-100.0,-100.0,-8.0,0.0,0.0,32.0,-100.0,-100.0,0.0,0.0,-0.0,31.0,78.267,95.0,-280.0,112.0,1.995,34.0,-90.45,-90.311,-16.0,1.0,-0.0,31.0,31.707,31.22,8.0,0.0,0.0,31.0,40.619,40.825,-8.0,0.0,0.0,33.0
39.9206,1,fwd,95.0,11.9,5.528,5.169,24.0,0.0,0.0,31.0,-100.0,-100.0,-8.0,0.0,0.0,32.0,-100.0,-100.0,0.0,0.0,-0.0,31.0,78.8,95.0,-280.0,112.0,7.334,34.0,-90.45,-90.311,-16.0,1.0,-0.0,31.0,31.707,31.22,8.0,0.0,0.0,31.0,40.619,40.825,-8.0,0.0,0.0,33.0
39.9741,1,fwd,95.0,11.8,5.528,5.169,24.0,0.0,0.0,31.0,-100.0,-100.0,-8.0,0.0,0.0,32.0,-100.0,-100.0,0.0,0.0,-0.0,31.0,79.733,95.0,-308.0,120.0,9.797,34.0,-90.45,-90.311,-16.0,0.0,-0.0,31.0,31.707,31.22,8.0,0.0,0.0,31.0,40.619,40.825,-8.0,0.0,0.0,33.0
40.0274,1,fwd,95.0,11.8,5.528,5.169,24.0,0.0,0.0,31.0,-100.0,-100.0,-8.0,0.0,0.0,32.0,-100.0,-100.0,0.0,0.0,-0.0,31.0,80.0,95.0,-308.0,120.0,7.799,34.0,-90.45,-90.311,-16.0,0.0,-0.0,31.0,31.707,31.22,8.0,0.0,0.0,31.0,40.619,40.825,-8.0,0.0,0.0,33.0
40.0812,1,fwd,95.0,11.8,5.528,5.169,24.0,0.0,0.0,31.0,-100.0,-100.0,-8.0,0.0,0.0,32.0,-100.0,-100.0,0.0,0.0,-0.0,31.0,80.4,95.0,-308.0,120.0,6.885,34.0,-90.45,-90.311,-16.0,0.0,-0.0,31.0,31.707,31.22,8.0,0.0,0.0,31.0,40.619,40.825,-8.0,0.0,0.0,33.0
40.1356,1,fwd,95.0,11.8,5.528,5.169,24.0,0.0,0.0,31.0,-100.0,-100.0,-8.0,0.0,0.0,32.0,-100.0,-100.0,0.0,0.0,-0.0,31.0,80.667,95.0,-308.0,120.0,6.357,34.0,-90.45,-90.311,-16.0,0.0,-0.0,31.0,31.707,31.22,8.0,0.0,0.0,31.0,40.619,40.825,-8.0,0.0,0.0,33.0
40.1892,1,fwd,95.0,11.8,5.528,5.169,24.0,0.0,0.0,31.0,-100.0,-100.0,-8.0,0.0,0.0,32.0,-100.0,-100.0,0.0,0.0,-0.0,31.0,80.8,95.0,-308.0,120.0,4.603,34.0,-90.45,-90.311,-16.0,0.0,-0.0,31.0,31.707,31.22,8.0,0.0,0.0,31.0,40.619,40.825,-8.0,0.0,0.0,33.0
40.2426,1,fwd,95.0,11.8,5.528,5.169,24.0,0.0,0.0,31.0,-100.0,-100.0,-8.0,0.0,0.0,32.0,-100.0,-100.0,0.0,0.0,-0.0,31.0,81.067,95.0,-308.0,120.0,5.252,34.0,-90.45,-90.311,-16.0,0.0,-0.0,31.0,31.707,31.22,8.0,0.0,0.0,31.0,40.619,40.825,-8.0,0.0,0.0,33.0
40.2959,1,fwd,95.0,11.8,5.528,5.169,24.0,0.0,0.0,31.0,-100.0,-100.0,-8.0,0.0,0.0,32.0,-100.0,-100.0,0.0,0.0,-0.0,31.0,81.333,95.0,-308.0,120.0,5.102,34.0,-90.45,-90.311,-16.0,0.0,-0.0,31.0,31.707,31.22,8.0,0.0,0.0,31.0,40.619,40.825,-8.0,0.0,0.0,33.0
40.3494,1,fwd,95.0,11.8,5.528,5.169,24.0,0.0,0.0,31.0,-100.0,-100.0,-8.0,0.0,0.0,32.0,-100.0,-100.0,0.0,0.0,-0.0,31.0,81.733,95.0,-308.0,120.0,6.504,34.0,-90.45,-90.311,-16.0,0.0,-0.0,31.0,31.707,31.22,8.0,0.0,0.0,31.0,40.619,40.825,-8.0,0.0,0.0,33.0
40.4017,1,fwd,95.0,11.8,5.528,5.169,24.0,0.0,0.0,31.0,-100.0,-100.0,-8.0,0.0,0.0,32.0,-100.0,-100.0,0.0,0.0,-0.0,31.0,81.733,95.0,-308.0,120.0,3.187,34.0,-90.45,-90.311,-16.0,0.0,-0.0,31.0,31.707,31.22,8.0,0.0,0.0,31.0,40.619,40.825,-8.0,0.0,0.0,33.0
40.4557,1,fwd,95.0,11.8,5.528,5.169,24.0,0.0,0.0,31.0,-100.0,-100.0,-8.0,0.0,0.0,32.0,-100.0,-100.0,0.0,0.0,-0.0,31.0,81.733,95.0,-308.0,120.0,1.562,34.0,-90.45,-90.311,-16.0,0.0,-0.0,31.0,31.707,31.22,8.0,0.0,0.0,31.0,40.619,40.825,-8.0,0.0,0.0,33.0
40.509,1,fwd,95.0,11.9,5.528,5.169,24.0,0.0,0.0,31.0,-100.0,-100.0,-8.0,0.0,0.0,32.0,-100.0,-100.0,0.0,0.0,-0.0,31.0,82.0,95.0,-296.0,112.0,4.063,34.0,-90.45,-90.311,-16.0,0.0,-0.0,31.0,31.707,31.22,8.0,0.0,0.0,31.0,40.619,40.825,-8.0,0.0,0.0,33.0
40.562,1,fwd,95.0,11.9,5.528,5.169,24.0,0.0,0.0,31.0,-100.0,-100.0,-8.0,0.0,0.0,32.0,-100.0,-100.0,0.0,0.0,-0.0,31.0,82.667,95.0,-296.0,112.0,4.433,34.0,-90.45,-90.311,-16.0,0.0,-0.0,31.0,31.707,31.22,8.0,0.0,0.0,31.0,40.619,40.825,-8.0,0.0,0.0,33.0
40.6153,1,fwd,95.0,11.9,5.528,5.169,24.0,0.0,0.0,31.0,-100.0,-100.0,-8.0,0.0,0.0,32.0,-100.0,-100.0,0.0,0.0,-0.0,31.0,83.2,95.0,-296.0,112.0,7.721,34.0,-90.45,-90.311,-16.0,0.0,-0.0,31.0,31.707,31.22,8.0,0.0,0.0,31.0,40.619,40.825,-8.0,0.0,0.0,33.0
40.6692,1,fwd,95.0,11.9,5.528,5.169,24.0,0.0,0.0,31.0,-100.0,-100.0,-8.0,0.0,0.0,32.0,-100.0,-100.0,0.0,0.0,-0.0,31.0,83.467,95.0,-296.0,112.0,5.832,34.0,-90.45,-90.311,-16.0,0.0,-0.0,31.0,31.707,31.22,8.0,0.0,0.0,31.0,40.619,40.825,-8.0,0.0,0.0,33.0
40.7219,1,fwd,95.0,11.9,5.528,5.169,24.0,0.0,0.0,31.0,-100.0,-100.0,-8.0,0.0,0.0,32.0,-100.0,-100.0,0.0,0.0,-0.0,31.0,83.6,95.0,-296.0,112.0,4.359,34.0,-90.45,-90.311,-16.0,0.0,-0.0,31.0,31.707,31.22,8.0,0.0,0.0,31.0,40.619,40.825,-8.0,0.0,0.0,33.0
40.7752,1,fwd,95.0,11.9,5.528,5.169,24.0,0.0,0.0,31.0,-100.0,-100.0,-8.0,0.0,0.0,32.0,-100.0,-100.0,0.0,0.0,-0.0,31.0,83.867,95.0,-296.0,112.0,4.174,34.0,-90.45,-90.311,-16.0,0.0,-0.0,31.0,31.707,31.22,8.0,0.0,0.0,31.0,40.619,40.825,-8.0,0.0,0.0,33.0
40.8283,1,fwd,95.0,11.9,5.528,5.169,24.0,0.0,0.0,31.0,-100.0,-100.0,-8.0,0.0,0.0,32.0,-100.0,-100.0,0.0,0.0,-0.0,31.0,84.0,95.0,-296.0,112.0,3.513,34.0,-90.45,-90.311,-16.0,0.0,-0.0,31.0,31.707,31.22,8.0,0.0,0.0,31.0,40.619,40.825,-8.0,0.0,0.0,33.0
40.8822,1,fwd,95.0,11.9,5.528,5.169,24.0,0.0,0.0,31.0,-100.0,-100.0,-8.0,0.0,0.0,32.0,-100.0,-100.0,0.0,0.0,-0.0,31.0,84.267,95.0,-296.0,112.0,4.24,34.0,-90.45,-90.311,-16.0,0.0,-0.0,31.0,31.707,31.22,8.0,0.0,0.0,31.0,40.619,40.825,-8.0,0.0,0.0,33.0
40.9356,1,fwd,95.0,11.9,5.528,5.169,24.0,0.0,0.0,31.0,-100.0,-100.0,-8.0,0.0,0.0,32.0,-100.0,-100.0,0.0,0.0,-0.0,31.0,84.4,95.0,-296.0,112.0,3.126,34.0,-90.45,-90.311,-16.0,0.0,-0.0,31.0,31.707,31.22,8.0,0.0,0.0,31.0,40.619,40.825,-8.0,0.0,0.0,33.0
40.9885,1,fwd,95.0,11.9,5.528,5.169,24.0,0.0,0.0,31.0,-100.0,-100.0,-8.0,0.0,0.0,32.0,-100.0,-100.0,0.0,0.0,-0.0,31.0,84.4,95.0,-296.0,112.0,1.532,34.0,-90.45,-90.311,-16.0,0.0,-0.0,31.0,31.707,31.22,8.0,0.0,0.0,31.0,40.619,40.825,-8.0,0.0,0.0,33.0
41.0415,1,fwd,95.0,11.9,5.528,5.169,24.0,0.0,0.0,31.0,-100.0,-100.0,-8.0,0.0,0.0,32.0,-100.0,-100.0,0.0,0.0,-0.0,31.0,84.933,95.0,-296.0,112.0,6.312,34.0,-90.45,-90.311,-16.0,0.0,-0.0,31.0,31.707,31.22,8.0,0.0,0.0,31.0,40.619,40.825,-8.0,0.0,0.0,33.0
41.0936,1,fwd,95.0,11.8,5.528,5.169,24.0,0.0,0.0,31.0,-100.0,-100.0,-8.0,0.0,0.0,32.0,-100.0,-100.0,0.0,0.0,-0.0,31.0,84.933,95.0,-296.0,121.0,6.312,35.0,-90.45,-90.311,-16.0,1.0,-0.0,31.0,31.707,31.22,8.0,0.0,0.0,31.0,40.619,40.825,-8.0,0.0,0.0,33.0
41.1456,1,fwd,95.0,11.8,5.528,5.169,24.0,0.0,0.0,31.0,-100.0,-100.0,-8.0,0.0,0.0,32.0,-100.0,-100.0,0.0,0.0,-0.0,31.0,85.733,95.0,-296.0,121.0,8.953,35.0,-90.45,-90.311,-16.0,1.0,-0.0,31.0,31.707,31.22,8.0,0.0,0.0,31.0,40.619,40.825,-8.0,0.0,0.0,33.0
41.1991,1,fwd,95.0,11.8,5.528,5.169,24.0,0.0,0.0,31.0,-100.0,-100.0,-8.0,0.0,0.0,32.0,-100.0,-100.0,0.0,0.0,-0.0,31.0,86.267,95.0,-296.0,121.0,8.847,35.0,-90.45,-90.311,-16.0,1.0,-0.0,31.0,31.707,31.22,8.0,0.0,0.0,31.0,40.619,40.825,-8.0,0.0,0.0,33.0
41.2516,1,fwd,95.0,11.8,5.528,5.169,24.0,0.0,0.0,31.0,-100.0,-100.0,-8.0,0.0,0.0,32.0,-100.0,-100.0,0.0,0.0,-0.0,31.0,86.533,95.0,-296.0,121.0,6.88,35.0,-90.45,-90.311,-16.0,1.0,-0.0,31.0,31.707,31.22,8.0,0.0,0.0,31.0,40.619,40.825,-8.0,0.0,0.0,33.0
41.3053,1,fwd,95.0,11.8,5.528,5.169,24.0,0.0,0.0,31.0,-100.0,-100.0,-8.0,0.0,0.0,32.0,-100.0,-100.0,0.0,0.0,-0.0,31.0,86.533,95.0,-296.0,121.0,3.371,35.0,-90.45,-90.311,-16.0,1.0,-0.0,31.0,31.707,31.22,8.0,0.0,0.0,31.0,40.619,40.825,-8.0,0.0,0.0,33.0
41.3584,1,fwd,95.0,11.8,5.528,5.169,24.0,0.0,0.0,31.0,-100.0,-100.0,-8.0,0.0,0.0,32.0,-100.0,-100.0,0.0,0.0,-0.0,31.0,86.533,95.0,-296.0,121.0,1.652,35.0,-90.45,-90.311,-16.0,1.0,-0.0,31.0,31.707,31.22,8.0,0.0,0.0,31.0,40.619,40.825,-8.0,0.0,0.0,33.0
41.4116,1,fwd,95.0,11.8,5.528,5.169,24.0,0.0,0.0,31.0,-100.0,-100.0,-8.0,0.0,0.0,32.0,-100.0,-100.0,0.0,0.0,-0.0,31.0,86.933,95.0,-296.0,121.0,5.293,35.0,-90.45,-90.311,-16.0,1.0,-0.0,31.0,31.707,31.22,8.0,0.0,0.0,31.0,40.619,40.825,-8.0,0.0,0.0,33.0
41.4645,1,fwd,95.0,11.8,5.528,5.169,24.0,0.0,0.0,31.0,-100.0,-100.0,-8.0,0.0,0.0,32.0,-100.0,-100.0,0.0,0.0,-0.0,31.0,87.333,95.0,-296.0,121.0,6.187,35.0,-90.45,-90.311,-16.0,1.0,-0.0,31.0,31.707,31.22,8.0,0.0,0.0,31.0,40.619,40.825,-8.0,0.0,0.0,33.0
41.5174,1,fwd,95.0,11.8,5.528,5.169,24.0,0.0,0.0,31.0,-100.0,-100.0,-8.0,0.0,0.0,32.0,-100.0,-100.0,0.0,0.0,-0.0,31.0,87.333,95.0,-296.0,121.0,3.032,35.0,-90.45,-90.311,-16.0,1.0,-0.0,31.0,31.707,31.22,8.0,0.0,0.0,31.0,40.619,40.825,-8.0,0.0,0.0,33.0
41.5703,1,fwd,95.0,11.8,5.528,5.169,24.0,0.0,0.0,31.0,-100.0,-100.0,-8.0,0.0,0.0,32.0,-100.0,-100.0,0.0,0.0,-0.0,31.0,87.733,95.0,-296.0,121.0,5.081,35.0,-90.45,-90.311,-16.0,1.0,-0.0,31.0,31.707,31.22,8.0,0.0,0.0,31.0,40.619,40.825,-8.0,0.0,0.0,33.0
41.6234,1,fwd,95.0,11.8,5.528,5.169,24.0,0.0,0.0,31.0,-100.0,-100.0,-8.0,0.0,0.0,32.0,-100.0,-100.0,0.0,0.0,-0.0,31.0,87.867,95.0,-296.0,121.0,3.971,35.0,-90.45,-90.311,-16.0,1.0,-0.0,31.0,31.707,31.22,8.0,0.0,0.0,31.0,40.619,40.825,-8.0,0.0,0.0,33.0
41.6775,1,fwd,95.0,11.8,5.528,5.169,24.0,0.0,0.0,31.0,-100.0,-100.0,-8.0,0.0,0.0,32.0,-100.0,-100.0,0.0,0.0,-0.0,31.0,88.0,95.0,-296.0,108.0,3.448,35.0,-90.45,-90.311,-16.0,0.0,-0.0,31.0,31.707,31.22,8.0,0.0,0.0,31.0,40.619,40.825,-8.0,0.0,0.0,33.0
41.7305,1,fwd,95.0,11.8,5.528,5.169,24.0,0.0,0.0,31.0,-100.0,-100.0,-8.0,0.0,0.0,32.0,-100.0,-100.0,0.0,0.0,-0.0,31.0,88.133,95.0,-296.0,108.0,3.186,35.0,-90.45,-90.311,-16.0,0.0,-0.0,31.0,31.707,31.22,8.0,0.0,0.0,31.0,40.619,40.825,-8.0,0.0,0.0,33.0
41.783,1,fwd,95.0,11.8,5.528,5.169,24.0,0.0,0.0,31.0,-100.0,-100.0,-8.0,0.0,0.0,32.0,-100.0,-100.0,0.0,0.0,-0.0,31.0,88.8,95.0,-296.0,108.0,7.591,35.0,-90.45,-90.311,-16.0,0.0,-0.0,31.0,31.707,31.22,8.0,0.0,0.0,31.0,40.619,40.825,-8.0,0.0,0.0,33.0
41.8362,1,fwd,95.0,11.8,5.528,5.169,24.0,0.0,0.0,31.0,-100.0,-100.0,-8.0,0.0,0.0,32.0,-100.0,-100.0,0.0,0.0,-0.0,31.0,89.2,95.0,-296.0,108.0,7.313,35.0,-90.45,-90.311,-16.0,0.0,-0.0,31.0,31.707,31.22,8.0,0.0,0.0,31.0,40.619,40.825,-8.0,0.0,0.0,33.0
41.8892,1,fwd,95.0,11.8,5.528,5.169,24.0,0.0,0.0,31.0,-100.0,-100.0,-8.0,0.0,0.0,32.0,-100.0,-100.0,0.0,0.0,-0.0,31.0,89.6,95.0,-296.0,108.0,7.203,35.0,-90.45,-90.311,-16.0,0.0,-0.0,31.0,31.707,31.22,8.0,0.0,0.0,31.0,40.619,40.825,-8.0,0.0,0.0,33.0
41.9423,1,fwd,95.0,11.8,5.528,5.169,24.0,0.0,0.0,31.0,-100.0,-100.0,-8.0,0.0,0.0,32.0,-100.0,-100.0,0.0,0.0,-0.0,31.0,90.0,95.0,-296.0,108.0,7.124,35.0,-90.45,-90.311,-16.0,0.0,-0.0,31.0,31.707,31.22,8.0,0.0,0.0,31.0,40.619,40.825,-8.0,0.0,0.0,33.0
41.9953,1,fwd,95.0,11.8,5.528,5.169,24.0,0.0,0.0,31.0,-100.0,-100.0,-8.0,0.0,0.0,32.0,-100.0,-100.0,0.0,0.0,-0.0,31.0,90.267,95.0,-296.0,108.0,6.044,35.0,-90.45,-90.311,-16.0,0.0,-0.0,31.0,31.707,31.22,8.0,0.0,0.0,31.0,40.619,40.825,-8.0,0.0,0.0,33.0
42.0484,1,hold_end,95.0,11.8,5.528,5.169,24.0,0.0,0.0,31.0,-100.0,-100.0,-8.0,0.0,0.0,32.0,-100.0,-100.0,0.0,0.0,-0.0,31.0,90.267,95.0,-296.0,108.0,2.962,35.0,-90.45,-90.311,-16.0,0.0,-0.0,31.0,31.707,31.22,8.0,0.0,0.0,31.0,40.619,40.825,-8.0,0.0,0.0,33.0
42.1014,1,hold_end,95.0,11.8,5.528,5.169,24.0,0.0,0.0,31.0,-100.0,-100.0,-8.0,0.0,0.0,32.0,-100.0,-100.0,0.0,0.0,-0.0,31.0,90.267,95.0,-296.0,108.0,1.451,35.0,-90.45,-90.311,-16.0,0.0,-0.0,31.0,31.707,31.22,8.0,0.0,0.0,31.0,40.619,40.825,-8.0,0.0,0.0,33.0
42.1544,1,hold_end,95.0,11.8,5.528,5.169,24.0,0.0,0.0,31.0,-100.0,-100.0,-8.0,0.0,0.0,32.0,-100.0,-100.0,0.0,0.0,-0.0,31.0,90.267,95.0,-296.0,108.0,0.711,35.0,-90.45,-90.311,-16.0,0.0,-0.0,31.0,31.707,31.22,8.0,0.0,0.0,31.0,40.619,40.825,-8.0,0.0,0.0,33.0
42.2075,1,hold_end,95.0,11.8,5.528,5.169,24.0,0.0,0.0,31.0,-100.0,-100.0,-8.0,0.0,0.0,32.0,-100.0,-100.0,0.0,0.0,-0.0,31.0,90.267,95.0,-280.0,96.0,0.498,35.0,-90.45,-90.311,-16.0,1.0,-0.0,31.0,31.707,31.22,8.0,0.0,0.0,31.0,40.619,40.825,-8.0,0.0,0.0,33.0
42.2605,1,hold_end,95.0,11.8,5.528,5.169,24.0,0.0,0.0,31.0,-100.0,-100.0,-8.0,0.0,0.0,32.0,-100.0,-100.0,0.0,0.0,-0.0,31.0,90.267,95.0,-280.0,96.0,0.244,35.0,-90.45,-90.311,-16.0,1.0,-0.0,31.0,31.707,31.22,8.0,0.0,0.0,31.0,40.619,40.825,-8.0,0.0,0.0,33.0
42.3135,1,hold_end,95.0,11.8,5.528,5.169,24.0,0.0,0.0,31.0,-100.0,-100.0,-8.0,0.0,0.0,32.0,-100.0,-100.0,0.0,0.0,-0.0,31.0,90.267,95.0,-280.0,96.0,0.12,35.0,-90.45,-90.311,-16.0,1.0,-0.0,31.0,31.707,31.22,8.0,0.0,0.0,31.0,40.619,40.825,-8.0,0.0,0.0,33.0
42.3664,1,hold_end,95.0,11.8,5.528,5.169,24.0,0.0,0.0,31.0,-100.0,-100.0,-8.0,0.0,0.0,32.0,-100.0,-100.0,0.0,0.0,-0.0,31.0,90.267,95.0,-280.0,96.0,0.059,35.0,-90.45,-90.311,-16.0,1.0,-0.0,31.0,31.707,31.22,8.0,0.0,0.0,31.0,40.619,40.825,-8.0,0.0,0.0,33.0
42.4194,1,hold_end,95.0,11.8,5.528,5.169,24.0,0.0,0.0,31.0,-100.0,-100.0,-8.0,0.0,0.0,32.0,-100.0,-100.0,0.0,0.0,-0.0,31.0,90.267,95.0,-280.0,96.0,0.029,35.0,-90.45,-90.311,-16.0,1.0,-0.0,31.0,31.707,31.22,8.0,0.0,0.0,31.0,40.619,40.825,-8.0,0.0,0.0,33.0
42.4724,1,hold_end,95.0,11.8,5.528,5.169,24.0,0.0,0.0,31.0,-100.0,-100.0,-8.0,0.0,0.0,32.0,-100.0,-100.0,0.0,0.0,-0.0,31.0,90.267,95.0,-280.0,96.0,0.014,35.0,-90.45,-90.311,-16.0,1.0,-0.0,31.0,31.707,31.22,8.0,0.0,0.0,31.0,40.619,40.825,-8.0,0.0,0.0,33.0
42.5254,1,hold_end,95.0,11.8,5.528,5.169,24.0,0.0,0.0,31.0,-100.0,-100.0,-8.0,0.0,0.0,32.0,-100.0,-100.0,0.0,0.0,-0.0,31.0,90.267,95.0,-280.0,96.0,0.01,35.0,-90.45,-90.311,-16.0,1.0,-0.0,31.0,31.707,31.22,8.0,0.0,0.0,31.0,40.619,40.825,-8.0,0.0,0.0,33.0
42.5776,1,hold_end,95.0,11.8,5.528,5.169,24.0,0.0,0.0,31.0,-100.0,-100.0,-8.0,0.0,0.0,32.0,-100.0,-100.0,0.0,0.0,-0.0,31.0,90.267,95.0,-280.0,96.0,0.005,35.0,-90.45,-90.311,-16.0,1.0,-0.0,31.0,31.707,31.22,8.0,0.0,0.0,31.0,40.619,40.825,-8.0,0.0,0.0,33.0
42.6311,1,hold_end,95.0,11.8,5.528,5.169,24.0,0.0,0.0,31.0,-100.0,-100.0,-8.0,0.0,0.0,32.0,-100.0,-100.0,0.0,0.0,-0.0,31.0,90.267,95.0,-280.0,96.0,0.002,35.0,-90.45,-90.311,-16.0,1.0,-0.0,31.0,31.707,31.22,8.0,0.0,0.0,31.0,40.619,40.825,-8.0,0.0,0.0,33.0
42.6851,1,hold_end,95.0,11.8,5.528,5.169,24.0,0.0,0.0,31.0,-100.0,-100.0,-8.0,0.0,0.0,32.0,-100.0,-100.0,0.0,0.0,-0.0,31.0,90.267,95.0,-280.0,96.0,0.001,35.0,-90.45,-90.311,-16.0,1.0,-0.0,31.0,31.707,31.22,8.0,0.0,0.0,31.0,40.619,40.825,-8.0,0.0,0.0,33.0
42.7376,1,hold_end,95.0,11.8,5.528,5.169,24.0,0.0,0.0,31.0,-100.0,-100.0,-8.0,0.0,0.0,32.0,-100.0,-100.0,0.0,0.0,-0.0,31.0,90.267,95.0,-280.0,96.0,0.001,35.0,-90.45,-90.311,-16.0,1.0,-0.0,31.0,31.707,31.22,8.0,0.0,0.0,31.0,40.619,40.825,-8.0,0.0,0.0,33.0
42.7908,1,hold_end,95.0,12.1,5.528,5.169,24.0,0.0,0.0,31.0,-100.0,-100.0,-8.0,0.0,0.0,32.0,-100.0,-100.0,0.0,0.0,-0.0,31.0,90.267,95.0,-280.0,89.0,0.0,35.0,-90.45,-90.311,-16.0,1.0,-0.0,31.0,31.707,31.22,8.0,0.0,0.0,31.0,40.619,40.825,-8.0,0.0,0.0,33.0
42.8438,1,hold_end,95.0,12.1,5.528,5.169,24.0,0.0,0.0,31.0,-100.0,-100.0,-8.0,0.0,0.0,32.0,-100.0,-100.0,0.0,0.0,-0.0,31.0,90.267,95.0,-280.0,89.0,0.0,35.0,-90.45,-90.311,-16.0,1.0,-0.0,31.0,31.707,31.22,8.0,0.0,0.0,31.0,40.619,40.825,-8.0,0.0,0.0,33.0
42.8967,1,hold_end,95.0,12.1,5.528,5.169,24.0,0.0,0.0,31.0,-100.0,-100.0,-8.0,0.0,0.0,32.0,-100.0,-100.0,0.0,0.0,-0.0,31.0,90.267,95.0,-280.0,89.0,0.0,35.0,-90.45,-90.311,-16.0,1.0,-0.0,31.0,31.707,31.22,8.0,0.0,0.0,31.0,40.619,40.825,-8.0,0.0,0.0,33.0
42.95,1,hold_end,95.0,12.1,5.528,5.169,24.0,0.0,0.0,31.0,-100.0,-100.0,-8.0,0.0,0.0,32.0,-100.0,-100.0,0.0,0.0,-0.0,31.0,90.267,95.0,-280.0,89.0,0.0,35.0,-90.45,-90.311,-16.0,1.0,-0.0,31.0,31.707,31.22,8.0,0.0,0.0,31.0,40.619,40.825,-8.0,0.0,0.0,33.0
43.0033,1,hold_end,95.0,12.1,5.528,5.169,24.0,0.0,0.0,31.0,-100.0,-100.0,-8.0,0.0,0.0,32.0,-100.0,-100.0,0.0,0.0,-0.0,31.0,90.267,95.0,-280.0,89.0,0.0,35.0,-90.45,-90.311,-16.0,1.0,-0.0,31.0,31.707,31.22,8.0,0.0,0.0,31.0,40.619,40.825,-8.0,0.0,0.0,33.0
43.0563,1,rev,-95.0,12.1,5.528,5.169,24.0,0.0,0.0,31.0,-100.0,-100.0,-8.0,0.0,0.0,32.0,-100.0,-100.0,0.0,0.0,-0.0,31.0,90.267,-95.0,-280.0,89.0,0.0,35.0,-90.45,-90.311,-16.0,1.0,-0.0,31.0,31.707,31.22,8.0,0.0,0.0,31.0,40.619,40.825,-8.0,0.0,0.0,33.0
43.1087,1,rev,-95.0,12.1,5.528,5.169,24.0,0.0,0.0,31.0,-100.0,-100.0,-8.0,0.0,0.0,32.0,-100.0,-100.0,0.0,0.0,-0.0,31.0,90.267,-95.0,-280.0,89.0,0.0,35.0,-90.45,-90.311,-16.0,1.0,-0.0,31.0,31.707,31.22,8.0,0.0,0.0,31.0,40.619,40.825,-8.0,0.0,0.0,33.0
43.1617,1,rev,-95.0,12.1,5.528,5.169,24.0,0.0,0.0,31.0,-100.0,-100.0,-8.0,0.0,0.0,32.0,-100.0,-100.0,0.0,0.0,-0.0,31.0,90.267,-95.0,-280.0,89.0,0.0,35.0,-90.45,-90.311,-16.0,1.0,-0.0,31.0,31.707,31.22,8.0,0.0,0.0,31.0,40.619,40.825,-8.0,0.0,0.0,33.0
43.2137,1,rev,-95.0,12.1,5.528,5.169,24.0,0.0,0.0,31.0,-100.0,-100.0,-8.0,0.0,0.0,32.0,-100.0,-100.0,0.0,0.0,-0.0,31.0,90.267,-95.0,-280.0,89.0,0.0,35.0,-90.45,-90.311,-16.0,1.0,-0.0,31.0,31.707,31.22,8.0,0.0,0.0,31.0,40.619,40.825,-8.0,0.0,0.0,33.0
43.2656,1,rev,-95.0,12.1,5.528,5.169,24.0,0.0,0.0,31.0,-100.0,-100.0,-8.0,0.0,0.0,32.0,-100.0,-100.0,0.0,0.0,-0.0,31.0,90.267,-95.0,-280.0,89.0,0.0,35.0,-90.45,-90.311,-16.0,1.0,-0.0,31.0,31.707,31.22,8.0,0.0,0.0,31.0,40.619,40.825,-8.0,0.0,0.0,33.0
43.3176,1,rev,-95.0,12.1,5.528,5.169,24.0,0.0,0.0,31.0,-100.0,-100.0,-8.0,0.0,0.0,32.0,-100.0,-100.0,0.0,0.0,-0.0,31.0,90.267,-95.0,-280.0,89.0,0.0,35.0,-90.45,-90.311,-16.0,1.0,-0.0,31.0,31.707,31.22,8.0,0.0,0.0,31.0,40.619,40.825,-8.0,0.0,0.0,33.0
43.3697,1,rev,-95.0,12.1,5.528,5.169,24.0,0.0,0.0,31.0,-100.0,-100.0,-8.0,0.0,0.0,32.0,-100.0,-100.0,0.0,0.0,-0.0,31.0,90.267,-95.0,-192.0,44.0,0.0,35.0,-90.45,-90.311,-16.0,1.0,-0.0,31.0,31.707,31.22,8.0,0.0,0.0,31.0,40.619,40.825,-8.0,0.0,0.0,33.0
43.4228,1,rev,-95.0,12.1,5.528,5.169,24.0,0.0,0.0,31.0,-100.0,-100.0,-8.0,0.0,0.0,32.0,-100.0,-100.0,0.0,0.0,-0.0,31.0,90.267,-95.0,-192.0,44.0,0.0,35.0,-90.45,-90.311,-16.0,1.0,-0.0,31.0,31.707,31.22,8.0,0.0,0.0,31.0,40.619,40.825,-8.0,0.0,0.0,33.0
43.4761,1,rev,-95.0,12.1,5.528,5.169,24.0,0.0,0.0,31.0,-100.0,-100.0,-8.0,0.0,0.0,32.0,-100.0,-100.0,0.0,0.0,-0.0,31.0,90.267,-95.0,-192.0,44.0,0.0,35.0,-90.45,-90.311,-16.0,1.0,-0.0,31.0,31.707,31.22,8.0,0.0,0.0,31.0,40.619,40.825,-8.0,0.0,0.0,33.0
43.5294,1,rev,-95.0,12.1,5.528,5.169,24.0,0.0,0.0,31.0,-100.0,-100.0,-8.0,0.0,0.0,32.0,-100.0,-100.0,0.0,0.0,-0.0,31.0,90.267,-95.0,-192.0,44.0,0.0,35.0,-90.45,-90.311,-16.0,1.0,-0.0,31.0,31.707,31.22,8.0,0.0,0.0,31.0,40.619,40.825,-8.0,0.0,0.0,33.0
43.5828,1,rev,-95.0,12.1,5.528,5.169,24.0,0.0,0.0,31.0,-100.0,-100.0,-8.0,0.0,0.0,32.0,-100.0,-100.0,0.0,0.0,-0.0,31.0,90.267,-95.0,-192.0,44.0,0.0,35.0,-90.45,-90.311,-16.0,1.0,-0.0,31.0,31.707,31.22,8.0,0.0,0.0,31.0,40.619,40.825,-8.0,0.0,0.0,33.0
43.6362,1,rev,-95.0,12.1,5.528,5.169,24.0,0.0,0.0,31.0,-100.0,-100.0,-8.0,0.0,0.0,32.0,-100.0,-100.0,0.0,0.0,-0.0,31.0,90.267,-95.0,-192.0,44.0,0.0,35.0,-90.45,-90.311,-16.0,1.0,-0.0,31.0,31.707,31.22,8.0,0.0,0.0,31.0,40.619,40.825,-8.0,0.0,0.0,33.0
43.6909,1,rev,-95.0,12.1,5.528,5.169,24.0,0.0,0.0,31.0,-100.0,-100.0,-8.0,0.0,0.0,32.0,-100.0,-100.0,0.0,0.0,-0.0,31.0,90.267,-95.0,-192.0,44.0,0.0,35.0,-90.45,-90.311,-16.0,1.0,-0.0,31.0,31.707,31.22,8.0,0.0,0.0,31.0,40.619,40.825,-8.0,0.0,0.0,33.0
43.7443,1,rev,-95.0,12.1,5.528,5.169,24.0,0.0,0.0,31.0,-100.0,-100.0,-8.0,0.0,0.0,32.0,-100.0,-100.0,0.0,0.0,-0.0,31.0,90.0,-95.0,-192.0,44.0,-2.552,35.0,-90.45,-90.311,-16.0,1.0,-0.0,31.0,31.707,31.22,8.0,0.0,0.0,31.0,40.619,40.825,-8.0,0.0,0.0,33.0
43.7978,1,rev,-95.0,12.1,5.528,5.169,24.0,0.0,0.0,31.0,-100.0,-100.0,-8.0,0.0,0.0,32.0,-100.0,-100.0,0.0,0.0,-0.0,31.0,89.867,-95.0,-192.0,44.0,-2.748,35.0,-90.45,-90.311,-16.0,1.0,-0.0,31.0,31.707,31.22,8.0,0.0,0.0,31.0,40.619,40.825,-8.0,0.0,0.0,33.0
43.8512,1,rev,-95.0,12.1,5.528,5.169,24.0,0.0,0.0,31.0,-100.0,-100.0,-8.0,0.0,0.0,32.0,-100.0,-100.0,0.0,0.0,-0.0,31.0,89.733,-95.0,-192.0,44.0,-2.286,35.0,-90.45,-90.311,-16.0,1.0,-0.0,31.0,31.707,31.22,8.0,0.0,0.0,31.0,40.619,40.825,-8.0,0.0,0.0,33.0
43.9036,1,rev,-95.0,12.1,5.528,5.169,24.0,0.0,0.0,31.0,-100.0,-100.0,-8.0,0.0,0.0,32.0,-100.0,-100.0,0.0,0.0,-0.0,31.0,89.467,-95.0,-192.0,44.0,-4.142,35.0,-90.45,-90.311,-16.0,1.0,-0.0,31.0,31.707,31.22,8.0,0.0,0.0,31.0,40.619,40.825,-8.0,0.0,0.0,33.0
43.956,1,rev,-95.0,12.1,5.528,5.169,24.0,0.0,0.0,31.0,-100.0,-100.0,-8.0,0.0,0.0,32.0,-100.0,-100.0,0.0,0.0,-0.0,31.0,89.333,-95.0,-72.0,10.0,-3.571,35.0,-90.45,-90.311,-16.0,1.0,-0.0,31.0,31.707,31.22,8.0,0.0,0.0,31.0,40.619,40.825,-8.0,0.0,0.0,33.0
44.0103,1,rev,-95.0,12.1,5.528,5.169,24.0,0.0,0.0,31.0,-100.0,-100.0,-8.0,0.0,0.0,32.0,-100.0,-100.0,0.0,0.0,-0.0,31.0,89.067,-95.0,-72.0,10.0,-4.767,35.0,-90.45,-90.311,-16.0,1.0,-0.0,31.0,31.707,31.22,8.0,0.0,0.0,31.0,40.619,40.825,-8.0,0.0,0.0,33.0
44.0635,1,rev,-95.0,12.1,5.528,5.169,24.0,0.0,0.0,31.0,-100.0,-100.0,-8.0,0.0,0.0,32.0,-100.0,-100.0,0.0,0.0,-0.0,31.0,88.933,-95.0,-72.0,10.0,-3.853,35.0,-90.45,-90.311,-16.0,1.0,-0.0,31.0,31.707,31.22,8.0,0.0,0.0,31.0,40.619,40.825,-8.0,0.0,0.0,33.0
44.1164,1,rev,-95.0,12.1,5.528,5.169,24.0,0.0,0.0,31.0,-100.0,-100.0,-8.0,0.0,0.0,32.0,-100.0,-100.0,0.0,0.0,-0.0,31.0,88.533,-95.0,-72.0,10.0,-5.943,35.0,-90.45,-90.311,-16.0,1.0,-0.0,31.0,31.707,31.22,8.0,0.0,0.0,31.0,40.619,40.825,-8.0,0.0,0.0,33.0
44.1695,1,rev,-95.0,12.1,5.528,5.169,24.0,0.0,0.0,31.0,-100.0,-100.0,-8.0,0.0,0.0,32.0,-100.0,-100.0,0.0,0.0,-0.0,31.0,88.267,-95.0,-72.0,10.0,-5.475,35.0,-90.45,-90.311,-16.0,1.0,-0.0,31.0,31.707,31.22,8.0,0.0,0.0,31.0,40.619,40.825,-8.0,0.0,0.0,33.0
44.2216,1,rev,-95.0,12.1,5.528,5.169,24.0,0.0,0.0,31.0,-100.0,-100.0,-8.0,0.0,0.0,32.0,-100.0,-100.0,0.0,0.0,-0.0,31.0,88.133,-95.0,-72.0,10.0,-4.183,35.0,-90.45,-90.311,-16.0,1.0,-0.0,31.0,31.707,31.22,8.0,0.0,0.0,31.0,40.619,40.825,-8.0,0.0,0.0,33.0
44.2746,1,rev,-95.0,12.1,5.528,5.169,24.0,0.0,0.0,31.0,-100.0,-100.0,-8.0,0.0,0.0,32.0,-100.0,-100.0,0.0,0.0,-0.0,31.0,87.733,-95.0,-72.0,10.0,-5.651,35.0,-90.45,-90.311,-16.0,1.0,-0.0,31.0,31.707,31.22,8.0,0.0,0.0,31.0,40.619,40.825,-8.0,0.0,0.0,33.0
44.3276,1,rev,-95.0,12.1,5.528,5.169,24.0,0.0,0.0,31.0,-100.0,-100.0,-8.0,0.0,0.0,32.0,-100.0,-100.0,0.0,0.0,-0.0,31.0,87.6,-95.0,-72.0,10.0,-3.812,35.0,-90.45,-90.311,-16.0,1.0,-0.0,31.0,31.707,31.22,8.0,0.0,0.0,31.0,40.619,40.825,-8.0,0.0,0.0,33.0
44.3805,1,rev,-95.0,12.1,5.528,5.169,24.0,0.0,0.0,31.0,-100.0,-100.0,-8.0,0.0,0.0,32.0,-100.0,-100.0,0.0,0.0,-0.0,31.0,87.333,-95.0,-72.0,10.0,-4.431,35.0,-90.45,-90.311,-16.0,1.0,-0.0,31.0,31.707,31.22,8.0,0.0,0.0,31.0,40.619,40.825,-8.0,0.0,0.0,33.0
44.4335,1,rev,-95.0,12.1,5.528,5.169,24.0,0.0,0.0,31.0,-100.0,-100.0,-8.0,0.0,0.0,32.0,-100.0,-100.0,0.0,0.0,-0.0,31.0,86.933,-95.0,-72.0,10.0,-5.764,35.0,-90.45,-90.311,-16.0,1.0,-0.0,31.0,31.707,31.22,8.0,0.0,0.0,31.0,40.619,40.825,-8.0,0.0,0.0,33.0
44.4863,1,rev,-95.0,12.2,5.528,5.169,24.0,0.0,0.0,31.0,-100.0,-100.0,-8.0,0.0,0.0,32.0,-100.0,-100.0,0.0,0.0,-0.0,31.0,86.8,-95.0,-56.0,5.0,-5.517,35.0,-90.45,-90.311,-16.0,0.0,-0.0,31.0,31.707,31.22,8.0,0.0,0.0,31.0,40.619,40.825,-8.0,0.0,0.0,33.0
44.5392,1,rev,-95.0,12.2,5.528,5.169,24.0,0.0,0.0,31.0,-100.0,-100.0,-8.0,0.0,0.0,32.0,-100.0,-100.0,0.0,0.0,-0.0,31.0,86.667,-95.0,-56.0,5.0,-3.196,35.0,-90.45,-90.311,-16.0,0.0,-0.0,31.0,31.707,31.22,8.0,0.0,0.0,31.0,40.619,40.825,-8.0,0.0,0.0,33.0
44.5921,1,rev,-95.0,12.2,5.528,5.169,24.0,0.0,0.0,31.0,-100.0,-100.0,-8.0,0.0,0.0,32.0,-100.0,-100.0,0.0,0.0,-0.0,31.0,86.267,-95.0,-56.0,5.0,-5.64,35.0,-90.45,-90.311,-16.0,0.0,-0.0,31.0,31.707,31.22,8.0,0.0,0.0,31.0,40.619,40.825,-8.0,0.0,0.0,33.0
44.6452,1,rev,-95.0,12.2,5.528,5.169,24.0,0.0,0.0,31.0,-100.0,-100.0,-8.0,0.0,0.0,32.0,-100.0,-100.0,0.0,0.0,-0.0,31.0,86.0,-95.0,-56.0,5.0,-4.869,35.0,-90.45,-90.311,-16.0,0.0,-0.0,31.0,31.707,31.22,8.0,0.0,0.0,31.0,40.619,40.825,-8.0,0.0,0.0,33.0
44.6989,1,rev,-95.0,12.2,5.528,5.169,24.0,0.0,0.0,31.0,-100.0,-100.0,-8.0,0.0,0.0,32.0,-100.0,-100.0,0.0,0.0,-0.0,31.0,85.733,-95.0,-56.0,5.0,-4.89,35.0,-90.45,-90.311,-16.0,0.0,-0.0,31.0,31.707,31.22,8.0,0.0,0.0,31.0,40.619,40.825,-8.0,0.0,0.0,33.0
44.7519,1,rev,-95.0,12.2,5.528,5.169,24.0,0.0,0.0,31.0,-100.0,-100.0,-8.0,0.0,0.0,32.0,-100.0,-100.0,0.0,0.0,-0.0,31.0,85.333,-95.0,-56.0,5.0,-5.557,35.0,-90.45,-90.311,-16.0,0.0,-0.0,31.0,31.707,31.22,8.0,0.0,0.0,31.0,40.619,40.825,-8.0,0.0,0.0,33.0
44.8048,1,rev,-95.0,12.2,5.528,5.169,24.0,0.0,0.0,31.0,-100.0,-100.0,-8.0,0.0,0.0,32.0,-100.0,-100.0,0.0,0.0,-0.0,31.0,85.067,-95.0,-56.0,5.0,-5.716,35.0,-90.45,-90.311,-16.0,0.0,-0.0,31.0,31.707,31.22,8.0,0.0,0.0,31.0,40.619,40.825,-8.0,0.0,0.0,33.0
44.8579,1,rev,-95.0,12.2,5.528,5.169,24.0,0.0,0.0,31.0,-100.0,-100.0,-8.0,0.0,0.0,32.0,-100.0,-100.0,0.0,0.0,-0.0,31.0,84.933,-95.0,-56.0,5.0,-3.828,35.0,-90.45,-90.311,-16.0,0.0,-0.0,31.0,31.707,31.22,8.0,0.0,0.0,31.0,40.619,40.825,-8.0,0.0,0.0,33.0
44.9115,1,rev,-95.0,12.2,5.528,5.169,24.0,0.0,0.0,31.0,-100.0,-100.0,-8.0,0.0,0.0,32.0,-100.0,-100.0,0.0,0.0,-0.0,31.0,84.667,-95.0,-56.0,5.0,-5.701,35.0,-90.45,-90.311,-16.0,0.0,-0.0,31.0,31.707,31.22,8.0,0.0,0.0,31.0,40.619,40.825,-8.0,0.0,0.0,33.0
44.9648,1,rev,-95.0,12.2,5.528,5.169,24.0,0.0,0.0,31.0,-100.0,-100.0,-8.0,0.0,0.0,32.0,-100.0,-100.0,0.0,0.0,-0.0,31.0,84.533,-95.0,-56.0,5.0,-3.663,35.0,-90.45,-90.311,-16.0,0.0,-0.0,31.0,31.707,31.22,8.0,0.0,0.0,31.0,40.619,40.825,-8.0,0.0,0.0,33.0
45.0184,1,rev,-95.0,12.2,5.528,5.169,24.0,0.0,0.0,31.0,-100.0,-100.0,-8.0,0.0,0.0,32.0,-100.0,-100.0,0.0,0.0,-0.0,31.0,84.133,-95.0,-56.0,5.0,-5.773,35.0,-90.45,-90.311,-16.0,0.0,-0.0,31.0,31.707,31.22,8.0,0.0,0.0,31.0,40.619,40.825,-8.0,0.0,0.0,33.0
45.0721,1,rev,-95.0,12.1,5.528,5.169,24.0,0.0,0.0,31.0,-100.0,-100.0,-8.0,0.0,0.0,32.0,-100.0,-100.0,0.0,0.0,-0.0,31.0,84.0,-95.0,-68.0,7.0,-5.483,34.0,-90.45,-90.311,-16.0,1.0,-0.0,31.0,31.707,31.22,8.0,0.0,0.0,31.0,40.619,40.825,-8.0,0.0,0.0,33.0
45.1254,1,rev,-95.0,12.1,5.528,5.169,24.0,0.0,0.0,31.0,-100.0,-100.0,-8.0,0.0,0.0,32.0,-100.0,-100.0,0.0,0.0,-0.0,31.0,83.867,-95.0,-68.0,7.0,-3.182,34.0,-90.45,-90.311,-16.0,1.0,-0.0,31.0,31.707,31.22,8.0,0.0,0.0,31.0,40.619,40.825,-8.0,0.0,0.0,33.0
45.1782,1,rev,-95.0,12.1,5.528,5.169,24.0,0.0,0.0,31.0,-100.0,-100.0,-8.0,0.0,0.0,32.0,-100.0,-100.0,0.0,0.0,-0.0,31.0,83.333,-95.0,-68.0,7.0,-6.647,34.0,-90.45,-90.311,-16.0,1.0,-0.0,31.0,31.707,31.22,8.0,0.0,0.0,31.0,40.619,40.825,-8.0,0.0,0.0,33.0
45.2315,1,rev,-95.0,12.1,5.528,5.169,24.0,0.0,0.0,31.0,-100.0,-100.0,-8.0,0.0,0.0,32.0,-100.0,-100.0,0.0,0.0,-0.0,31.0,83.067,-95.0,-68.0,7.0,-5.351,34.0,-90.45,-90.311,-16.0,1.0,-0.0,31.0,31.707,31.22,8.0,0.0,0.0,31.0,40.619,40.825,-8.0,0.0,0.0,33.0
45.2834,1,rev,-95.0,12.1,5.528,5.169,24.0,0.0,0.0,31.0,-100.0,-100.0,-8.0,0.0,0.0,32.0,-100.0,-100.0,0.0,0.0,-0.0,31.0,82.8,-95.0,-68.0,7.0,-5.175,34.0,-90.45,-90.311,-16.0,1.0,-0.0,31.0,31.707,31.22,8.0,0.0,0.0,31.0,40.619,40.825,-8.0,0.0,0.0,33.0
45.3356,1,rev,-95.0,12.1,5.528,5.169,24.0,0.0,0.0,31.0,-100.0,-100.0,-8.0,0.0,0.0,32.0,-100.0,-100.0,0.0,0.0,-0.0,31.0,82.4,-95.0,-68.0,7.0,-6.086,34.0,-90.45,-90.311,-16.0,1.0,-0.0,31.0,31.707,31.22,8.0,0.0,0.0,31.0,40.619,40.825,-8.0,0.0,0.0,33.0
45.3883,1,rev,-95.0,12.1,5.528,5.169,24.0,0.0,0.0,31.0,-100.0,-100.0,-8.0,0.0,0.0,32.0,-100.0,-100.0,0.0,0.0,-0.0,31.0,82.267,-95.0,-68.0,7.0,-4.012,34.0,-90.45,-90.311,-16.0,1.0,-0.0,31.0,31.707,31.22,8.0,0.0,0.0,31.0,40.619,40.825,-8.0,0.0,0.0,33.0
45.4397,1,rev,-95.0,12.1,5.528,5.169,24.0,0.0,0.0,31.0,-100.0,-100.0,-8.0,0.0,0.0,32.0,-100.0,-100.0,0.0,0.0,-0.0,31.0,82.0,-95.0,-68.0,7.0,-4.88,34.0,-90.45,-90.311,-16.0,1.0,-0.0,31.0,31.707,31.22,8.0,0.0,0.0,31.0,40.619,40.825,-8.0,0.0,0.0,33.0
45.492,1,rev,-95.0,12.1,5.528,5.169,24.0,0.0,0.0,31.0,-100.0,-100.0,-8.0,0.0,0.0,32.0,-100.0,-100.0,0.0,0.0,-0.0,31.0,81.6,-95.0,-68.0,7.0,-6.37,34.0,-90.45,-90.311,-16.0,1.0,-0.0,31.0,31.707,31.22,8.0,0.0,0.0,31.0,40.619,40.825,-8.0,0.0,0.0,33.0
45.5453,1,rev,-95.0,12.1,5.528,5.169,24.0,0.0,0.0,31.0,-100.0,-100.0,-8.0,0.0,0.0,32.0,-100.0,-100.0,0.0,0.0,-0.0,31.0,81.467,-95.0,-68.0,7.0,-4.173,34.0,-90.45,-90.311,-16.0,1.0,-0.0,31.0,31.707,31.22,8.0,0.0,0.0,31.0,40.619,40.825,-8.0,0.0,0.0,33.0
45.5984,1,rev,-95.0,12.1,5.528,5.169,24.0,0.0,0.0,31.0,-100.0,-100.0,-8.0,0.0,0.0,32.0,-100.0,-100.0,0.0,0.0,-0.0,31.0,81.2,-95.0,-68.0,7.0,-4.574,34.0,-90.45,-90.311,-16.0,1.0,-0.0,31.0,31.707,31.22,8.0,0.0,0.0,31.0,40.619,40.825,-8.0,0.0,0.0,33.0
45.652,1,rev,-95.0,12.1,5.528,5.169,24.0,0.0,0.0,31.0,-100.0,-100.0,-8.0,0.0,0.0,32.0,-100.0,-100.0,0.0,0.0,-0.0,31.0,81.2,-95.0,-56.0,5.0,-4.574,35.0,-90.45,-90.311,-16.0,1.0,-0.0,31.0,31.707,31.22,8.0,0.0,0.0,31.0,40.619,40.825,-8.0,0.0,0.0,33.0
45.7063,1,rev,-95.0,12.1,5.528,5.169,24.0,0.0,0.0,31.0,-100.0,-100.0,-8.0,0.0,0.0,32.0,-100.0,-100.0,0.0,0.0,-0.0,31.0,80.933,-95.0,-56.0,5.0,-4.159,35.0,-90.45,-90.311,-16.0,1.0,-0.0,31.0,31.707,31.22,8.0,0.0,0.0,31.0,40.619,40.825,-8.0,0.0,0.0,33.0
45.7598,1,rev,-95.0,12.1,5.528,5.169,24.0,0.0,0.0,31.0,-100.0,-100.0,-8.0,0.0,0.0,32.0,-100.0,-100.0,0.0,0.0,-0.0,31.0,80.4,-95.0,-56.0,5.0,-7.488,35.0,-90.45,-90.311,-16.0,1.0,-0.0,31.0,31.707,31.22,8.0,0.0,0.0,31.0,40.619,40.825,-8.0,0.0,0.0,33.0
45.8134,1,rev,-95.0,12.1,5.528,5.169,24.0,0.0,0.0,31.0,-100.0,-100.0,-8.0,0.0,0.0,32.0,-100.0,-100.0,0.0,0.0,-0.0,31.0,80.0,-95.0,-56.0,5.0,-7.714,35.0,-90.45,-90.311,-16.0,1.0,-0.0,31.0,31.707,31.22,8.0,0.0,0.0,31.0,40.619,40.825,-8.0,0.0,0.0,33.0
45.867,1,rev,-95.0,12.1,5.528,5.169,24.0,0.0,0.0,31.0,-100.0,-100.0,-8.0,0.0,0.0,32.0,-100.0,-100.0,0.0,0.0,-0.0,31.0,79.733,-95.0,-56.0,5.0,-6.276,35.0,-90.45,-90.311,-16.0,1.0,-0.0,31.0,31.707,31.22,8.0,0.0,0.0,31.0,40.619,40.825,-8.0,0.0,0.0,33.0
45.9203,1,rev,-95.0,12.1,5.528,5.169,24.0,0.0,0.0,31.0,-100.0,-100.0,-8.0,0.0,0.0,32.0,-100.0,-100.0,0.0,0.0,-0.0,31.0,79.733,-95.0,-56.0,5.0,-3.075,35.0,-90.45,-90.311,-16.0,1.0,-0.0,31.0,31.707,31.22,8.0,0.0,0.0,31.0,40.619,40.825,-8.0,0.0,0.0,33.0
45.9733,1,rev,-95.0,12.1,5.528,5.169,24.0,0.0,0.0,31.0,-100.0,-100.0,-8.0,0.0,0.0,32.0,-100.0,-100.0,0.0,0.0,-0.0,31.0,79.333,-95.0,-56.0,5.0,-5.112,35.0,-90.45,-90.311,-16.0,1.0,-0.0,31.0,31.707,31.22,8.0,0.0,0.0,31.0,40.619,40.825,-8.0,0.0,0.0,33.0
46.0265,1,rev,-95.0,12.1,5.528,5.169,24.0,0.0,0.0,31.0,-100.0,-100.0,-8.0,0.0,0.0,32.0,-100.0,-100.0,0.0,0.0,-0.0,31.0,79.2,-95.0,-56.0,5.0,-3.55,35.0,-90.45,-90.311,-16.0,1.0,-0.0,31.0,31.707,31.22,8.0,0.0,0.0,31.0,40.619,40.825,-8.0,0.0,0.0,33.0
46.0778,1,rev,-95.0,12.1,5.528,5.169,24.0,0.0,0.0,31.0,-100.0,-100.0,-8.0,0.0,0.0,32.0,-100.0,-100.0,0.0,0.0,-0.0,31.0,78.933,-95.0,-56.0,5.0,-4.291,35.0,-90.45,-90.311,-16.0,1.0,-0.0,31.0,31.707,31.22,8.0,0.0,0.0,31.0,40.619,40.825,-8.0,0.0,0.0,33.0
46.1302,1,rev,-95.0,12.1,5.528,5.169,24.0,0.0,0.0,31.0,-100.0,-100.0,-8.0,0.0,0.0,32.0,-100.0,-100.0,0.0,0.0,-0.0,31.0,78.533,-95.0,-56.0,5.0,-5.671,35.0,-90.45,-90.311,-16.0,1.0,-0.0,31.0,31.707,31.22,8.0,0.0,0.0,31.0,40.619,40.825,-8.0,0.0,0.0,33.0
46.1831,1,rev,-95.0,12.1,5.528,5.169,24.0,0.0,0.0,31.0,-100.0,-100.0,-8.0,0.0,0.0,32.0,-100.0,-100.0,0.0,0.0,-0.0,31.0,78.4,-95.0,-56.0,5.0,-3.83,35.0,-90.45,-90.311,-16.0,1.0,-0.0,31.0,31.707,31.22,8.0,0.0,0.0,31.0,40.619,40.825,-8.0,0.0,0.0,33.0
46.2364,1,rev,-95.0,12.1,5.528,5.169,24.0,0.0,0.0,31.0,-100.0,-100.0,-8.0,0.0,0.0,32.0,-100.0,-100.0,0.0,0.0,-0.0,31.0,78.267,-95.0,-48.0,3.0,-3.349,35.0,-90.45,-90.311,-16.0,0.0,-0.0,31.0,31.707,31.22,8.0,0.0,0.0,31.0,40.619,40.825,-8.0,0.0,0.0,33.0
46.2887,1,rev,-95.0,12.1,5.528,5.169,24.0,0.0,0.0,31.0,-100.0,-100.0,-8.0,0.0,0.0,32.0,-100.0,-100.0,0.0,0.0,-0.0,31.0,77.867,-95.0,-48.0,3.0,-5.689,35.0,-90.45,-90.311,-16.0,0.0,-0.0,31.0,31.707,31.22,8.0,0.0,0.0,31.0,40.619,40.825,-8.0,0.0,0.0,33.0
46.3419,1,rev,-95.0,12.1,5.528,5.169,24.0,0.0,0.0,31.0,-100.0,-100.0,-8.0,0.0,0.0,32.0,-100.0,-100.0,0.0,0.0,-0.0,31.0,77.6,-95.0,-48.0,3.0,-5.323,35.0,-90.45,-90.311,-16.0,0.0,-0.0,31.0,31.707,31.22,8.0,0.0,0.0,31.0,40.619,40.825,-8.0,0.0,0.0,33.0
46.3959,1,rev,-95.0,12.1,5.528,5.169,24.0,0.0,0.0,31.0,-100.0,-100.0,-8.0,0.0,0.0,32.0,-100.0,-100.0,0.0,0.0,-0.0,31.0,77.2,-95.0,-48.0,3.0,-6.682,35.0,-90.45,-90.311,-16.0,0.0,-0.0,31.0,31.707,31.22,8.0,0.0,0.0,31.0,40.619,40.825,-8.0,0.0,0.0,33.0
46.449,1,rev,-95.0,12.1,5.528,5.169,24.0,0.0,0.0,31.0,-100.0,-100.0,-8.0,0.0,0.0,32.0,-100.0,-100.0,0.0,0.0,-0.0,31.0,76.933,-95.0,-48.0,3.0,-5.833,35.0,-90.45,-90.311,-16.0,0.0,-0.0,31.0,31.707,31.22,8.0,0.0,0.0,31.0,40.619,40.825,-8.0,0.0,0.0,33.0
46.5022,1,rev,-95.0,12.1,5.528,5.169,24.0,0.0,0.0,31.0,-100.0,-100.0,-8.0,0.0,0.0,32.0,-100.0,-100.0,0.0,0.0,-0.0,31.0,76.8,-95.0,-48.0,3.0,-3.897,35.0,-90.45,-90.311,-16.0,0.0,-0.0,31.0,31.707,31.22,8.0,0.0,0.0,31.0,40.619,40.825,-8.0,0.0,0.0,33.0
46.5553,1,rev,-95.0,12.1,5.528,5.169,24.0,0.0,0.0,31.0,-100.0,-100.0,-8.0,0.0,0.0,32.0,-100.0,-100.0,0.0,0.0,-0.0,31.0,76.4,-95.0,-48.0,3.0,-5.913,35.0,-90.45,-90.311,-16.0,0.0,-0.0,31.0,31.707,31.22,8.0,0.0,0.0,31.0,40.619,40.825,-8.0,0.0,0.0,33.0
46.6077,1,rev,-95.0,12.1,5.528,5.169,24.0,0.0,0.0,31.0,-100.0,-100.0,-8.0,0.0,0.0,32.0,-100.0,-100.0,0.0,0.0,-0.0,31.0,76.133,-95.0,-48.0,3.0,-5.436,35.0,-90.45,-90.311,-16.0,0.0,-0.0,31.0,31.707,31.22,8.0,0.0,0.0,31.0,40.619,40.825,-8.0,0.0,0.0,33.0
46.6597,1,rev,-95.0,12.1,5.528,5.169,24.0,0.0,0.0,31.0,-100.0,-100.0,-8.0,0.0,0.0,32.0,-100.0,-100.0,0.0,0.0,-0.0,31.0,75.867,-95.0,-48.0,3.0,-5.668,35.0,-90.45,-90.311,-16.0,0.0,-0.0,31.0,31.707,31.22,8.0,0.0,0.0,31.0,40.619,40.825,-8.0,0.0,0.0,33.0
46.7136,1,rev,-95.0,12.1,5.528,5.169,24.0,0.0,0.0,31.0,-100.0,-100.0,-8.0,0.0,0.0,32.0,-100.0,-100.0,0.0,0.0,-0.0,31.0,75.6,-95.0,-48.0,3.0,-5.744,35.0,-90.45,-90.311,-16.0,0.0,-0.0,31.0,31.707,31.22,8.0,0.0,0.0,31.0,40.619,40.825,-8.0,0.0,0.0,33.0
46.7669,1,rev,-95.0,12.1,5.528,5.169,24.0,0.0,0.0,31.0,-100.0,-100.0,-8.0,0.0,0.0,32.0,-100.0,-100.0,0.0,0.0,-0.0,31.0,75.467,-95.0,-48.0,3.0,-5.505,35.0,-90.45,-90.311,-16.0,0.0,-0.0,31.0,31.707,31.22,8.0,0.0,0.0,31.0,40.619,40.825,-8.0,0.0,0.0,33.0
46.8203,1,rev,-95.0,12.1,5.528,5.169,24.0,0.0,0.0,31.0,-100.0,-100.0,-8.0,0.0,0.0,32.0,-100.0,-100.0,0.0,0.0,-0.0,31.0,75.333,-95.0,-56.0,4.0,-4.523,35.0,-90.45,-90.311,-16.0,0.0,-0.0,31.0,31.707,31.22,8.0,0.0,0.0,31.0,40.619,40.825,-8.0,0.0,0.0,33.0
46.8727,1,rev,-95.0,12.1,5.528,5.169,24.0,0.0,0.0,31.0,-100.0,-100.0,-8.0,0.0,0.0,32.0,-100.0,-100.0,0.0,0.0,-0.0,31.0,75.067,-95.0,-56.0,4.0,-5.162,35.0,-90.45,-90.311,-16.0,0.0,-0.0,31.0,31.707,31.22,8.0,0.0,0.0,31.0,40.619,40.825,-8.0,0.0,0.0,33.0
46.9258,1,rev,-95.0,12.1,5.528,5.169,24.0,0.0,0.0,31.0,-100.0,-100.0,-8.0,0.0,0.0,32.0,-100.0,-100.0,0.0,0.0,-0.0,31.0,74.533,-95.0,-56.0,4.0,-7.463,35.0,-90.45,-90.311,-16.0,0.0,-0.0,31.0,31.707,31.22,8.0,0.0,0.0,31.0,40.619,40.825,-8.0,0.0,0.0,33.0
46.9791,1,rev,-95.0,12.1,5.528,5.169,24.0,0.0,0.0,31.0,-100.0,-100.0,-8.0,0.0,0.0,32.0,-100.0,-100.0,0.0,0.0,-0.0,31.0,74.4,-95.0,-56.0,4.0,-5.158,35.0,-90.45,-90.311,-16.0,0.0,-0.0,31.0,31.707,31.22,8.0,0.0,0.0,31.0,40.619,40.825,-8.0,0.0,0.0,33.0
47.0317,1,rev,-95.0,12.1,5.528,5.169,24.0,0.0,0.0,31.0,-100.0,-100.0,-8.0,0.0,0.0,32.0,-100.0,-100.0,0.0,0.0,-0.0,31.0,73.867,-95.0,-56.0,4.0,-7.564,35.0,-90.45,-90.311,-16.0,0.0,-0.0,31.0,31.707,31.22,8.0,0.0,0.0,31.0,40.619,40.825,-8.0,0.0,0.0,33.0
47.0848,1,rev,-95.0,12.1,5.528,5.169,24.0,0.0,0.0,31.0,-100.0,-100.0,-8.0,0.0,0.0,32.0,-100.0,-100.0,0.0,0.0,-0.0,31.0,73.867,-95.0,-56.0,4.0,-3.706,35.0,-90.45,-90.311,-16.0,0.0,-0.0,31.0,31.707,31.22,8.0,0.0,0.0,31.0,40.619,40.825,-8.0,0.0,0.0,33.0
47.138,1,rev,-95.0,12.1,5.528,5.169,24.0,0.0,0.0,31.0,-100.0,-100.0,-8.0,0.0,0.0,32.0,-100.0,-100.0,0.0,0.0,-0.0,31.0,73.467,-95.0,-56.0,4.0,-5.395,35.0,-90.45,-90.311,-16.0,0.0,-0.0,31.0,31.707,31.22,8.0,0.0,0.0,31.0,40.619,40.825,-8.0,0.0,0.0,33.0
47.1901,1,rev,-95.0,12.1,5.528,5.169,24.0,0.0,0.0,31.0,-100.0,-100.0,-8.0,0.0,0.0,32.0,-100.0,-100.0,0.0,0.0,-0.0,31.0,73.2,-95.0,-56.0,4.0,-5.175,35.0,-90.45,-90.311,-16.0,0.0,-0.0,31.0,31.707,31.22,8.0,0.0,0.0,31.0,40.619,40.825,-8.0,0.0,0.0,33.0
47.2424,1,rev,-95.0,12.1,5.528,5.169,24.0,0.0,0.0,31.0,-100.0,-100.0,-8.0,0.0,0.0,32.0,-100.0,-100.0,0.0,0.0,-0.0,31.0,73.067,-95.0,-56.0,4.0,-3.586,35.0,-90.45,-90.311,-16.0,0.0,-0.0,31.0,31.707,31.22,8.0,0.0,0.0,31.0,40.619,40.825,-8.0,0.0,0.0,33.0
47.2958,1,rev,-95.0,12.1,5.528,5.169,24.0,0.0,0.0,31.0,-100.0,-100.0,-8.0,0.0,0.0,32.0,-100.0,-100.0,0.0,0.0,-0.0,31.0,72.667,-95.0,-56.0,4.0,-5.369,35.0,-90.45,-90.311,-16.0,0.0,-0.0,31.0,31.707,31.22,8.0,0.0,0.0,31.0,40.619,40.825,-8.0,0.0,0.0,33.0
47.3492,1,rev,-95.0,12.2,5.528,5.169,24.0,0.0,0.0,31.0,-100.0,-100.0,-8.0,0.0,0.0,32.0,-100.0,-100.0,0.0,0.0,-0.0,31.0,72.533,-95.0,-56.0,5.0,-5.269,35.0,-90.45,-90.311,-16.0,1.0,-0.0,31.0,31.707,31.22,8.0,1.0,0.0,31.0,40.619,40.825,-8.0,0.0,0.0,33.0
47.4024,1,rev,-95.0,12.2,5.528,5.169,24.0,0.0,0.0,31.0,-100.0,-100.0,-8.0,0.0,0.0,32.0,-100.0,-100.0,0.0,0.0,-0.0,31.0,72.4,-95.0,-56.0,5.0,-3.075,35.0,-90.45,-90.311,-16.0,1.0,-0.0,31.0,31.707,31.22,8.0,1.0,0.0,31.0,40.619,40.825,-8.0,0.0,0.0,33.0
47.4549,1,rev,-95.0,12.2,5.528,5.169,24.0,0.0,0.0,31.0,-100.0,-100.0,-8.0,0.0,0.0,32.0,-100.0,-100.0,0.0,0.0,-0.0,31.0,71.867,-95.0,-56.0,5.0,-6.585,35.0,-90.45,-90.311,-16.0,1.0,-0.0,31.0,31.707,31.22,8.0,1.0,0.0,31.0,40.619,40.825,-8.0,0.0,0.0,33.0
47.508,1,rev,-95.0,12.2,5.528,5.169,24.0,0.0,0.0,31.0,-100.0,-100.0,-8.0,0.0,0.0,32.0,-100.0,-100.0,0.0,0.0,-0.0,31.0,71.6,-95.0,-56.0,5.0,-5.736,35.0,-90.45,-90.311,-16.0,1.0,-0.0,31.0,31.707,31.22,8.0,1.0,0.0,31.0,40.619,40.825,-8.0,0.0,0.0,33.0
47.5614,1,rev,-95.0,12.2,5.528,5.169,24.0,0.0,0.0,31.0,-100.0,-100.0,-8.0,0.0,0.0,32.0,-100.0,-100.0,0.0,0.0,-0.0,31.0,71.333,-95.0,-56.0,5.0,-5.334,35.0,-90.45,-90.311,-16.0,1.0,-0.0,31.0,31.707,31.22,8.0,1.0,0.0,31.0,40.619,40.825,-8.0,0.0,0.0,33.0
47.6148,1,rev,-95.0,12.2,5.528,5.169,24.0,0.0,0.0,31.0,-100.0,-100.0,-8.0,0.0,0.0,32.0,-100.0,-100.0,0.0,0.0,-0.0,31.0,70.933,-95.0,-56.0,5.0,-6.187,35.0,-90.45,-90.311,-16.0,1.0,-0.0,31.0,31.707,31.22,8.0,1.0,0.0,31.0,40.619,40.825,-8.0,0.0,0.0,33.0
47.6683,1,rev,-95.0,12.2,5.528,5.169,24.0,0.0,0.0,31.0,-100.0,-100.0,-8.0,0.0,0.0,32.0,-100.0,-100.0,0.0,0.0,-0.0,31.0,70.8,-95.0,-56.0,5.0,-4.529,35.0,-90.45,-90.311,-16.0,1.0,-0.0,31.0,31.707,31.22,8.0,1.0,0.0,31.0,40.619,40.825,-8.0,0.0,0.0,33.0
47.7222,1,rev,-95.0,12.2,5.528,5.169,24.0,0.0,0.0,31.0,-100.0,-100.0,-8.0,0.0,0.0,32.0,-100.0,-100.0,0.0,0.0,-0.0,31.0,70.667,-95.0,-56.0,5.0,-3.266,35.0,-90.45,-90.311,-16.0,1.0,-0.0,31.0,31.707,31.22,8.0,1.0,0.0,31.0,40.619,40.825,-8.0,0.0,0.0,33.0
47.7753,1,rev,-95.0,12.2,5.528,5.169,24.0,0.0,0.0,31.0,-100.0,-100.0,-8.0,0.0,0.0,32.0,-100.0,-100.0,0.0,0.0,-0.0,31.0,70.133,-95.0,-56.0,5.0,-6.641,35.0,-90.45,-90.311,-16.0,1.0,-0.0,31.0,31.707,31.22,8.0,1.0,0.0,31.0,40.619,40.825,-8.0,0.0,0.0,33.0
47.8285,1,rev,-95.0,12.2,5.528,5.169,24.0,0.0,0.0,31.0,-100.0,-100.0,-8.0,0.0,0.0,32.0,-100.0,-100.0,0.0,0.0,-0.0,31.0,70.0,-95.0,-56.0,5.0,-4.293,35.0,-90.45,-90.311,-16.0,1.0,-0.0,31.0,31.707,31.22,8.0,1.0,0.0,31.0,40.619,40.825,-8.0,0.0,0.0,33.0
47.8818,1,rev,-95.0,12.2,5.528,5.169,24.0,0.0,0.0,31.0,-100.0,-100.0,-8.0,0.0,0.0,32.0,-100.0,-100.0,0.0,0.0,-0.0,31.0,69.733,-95.0,-56.0,5.0,-4.66,35.0,-90.45,-90.311,-16.0,1.0,-0.0,31.0,31.707,31.22,8.0,1.0,0.0,31.0,40.619,40.825,-8.0,0.0,0.0,33.0
47.9351,1,rev,-95.0,12.1,5.528,5.169,24.0,0.0,0.0,31.0,-100.0,-100.0,-8.0,0.0,0.0,32.0,-100.0,-100.0,0.0,0.0,-0.0,31.0,69.733,-95.0,-64.0,5.0,-4.66,35.0,-90.45,-90.311,-16.0,0.0,-0.0,31.0,31.707,31.22,8.0,0.0,0.0,31.0,40.619,40.825,-8.0,0.0,0.0,33.0
47.9877,1,rev,-95.0,12.1,5.528,5.169,24.0,0.0,0.0,31.0,-100.0,-100.0,-8.0,0.0,0.0,32.0,-100.0,-100.0,0.0,0.0,-0.0,31.0,69.467,-95.0,-64.0,5.0,-3.209,35.0,-90.45,-90.311,-16.0,0.0,-0.0,31.0,31.707,31.22,8.0,0.0,0.0,31.0,40.619,40.825,-8.0,0.0,0.0,33.0
48.0411,1,rev,-95.0,12.1,5.528,5.169,24.0,0.0,0.0,31.0,-100.0,-100.0,-8.0,0.0,0.0,32.0,-100.0,-100.0,0.0,0.0,-0.0,31.0,69.067,-95.0,-64.0,5.0,-5.031,35.0,-90.45,-90.311,-16.0,0.0,-0.0,31.0,31.707,31.22,8.0,0.0,0.0,31.0,40.619,40.825,-8.0,0.0,0.0,33.0
48.0945,1,rev,-95.0,12.1,5.528,5.169,24.0,0.0,0.0,31.0,-100.0,-100.0,-8.0,0.0,0.0,32.0,-100.0,-100.0,0.0,0.0,-0.0,31.0,68.667,-95.0,-64.0,5.0,-6.498,35.0,-90.45,-90.311,-16.0,0.0,-0.0,31.0,31.707,31.22,8.0,0.0,0.0,31.0,40.619,40.825,-8.0,0.0,0.0,33.0
48.1483,1,rev,-95.0,12.1,5.528,5.169,24.0,0.0,0.0,31.0,-100.0,-100.0,-8.0,0.0,0.0,32.0,-100.0,-100.0,0.0,0.0,-0.0,31.0,68.4,-95.0,-64.0,5.0,-5.046,35.0,-90.45,-90.311,-16.0,0.0,-0.0,31.0,31.707,31.22,8.0,0.0,0.0,31.0,40.619,40.825,-8.0,0.0,0.0,33.0
48.2015,1,rev,-95.0,12.1,5.528,5.169,24.0,0.0,0.0,31.0,-100.0,-100.0,-8.0,0.0,0.0,32.0,-100.0,-100.0,0.0,0.0,-0.0,31.0,68.0,-95.0,-64.0,5.0,-6.536,35.0,-90.45,-90.311,-16.0,0.0,-0.0,31.0,31.707,31.22,8.0,0.0,0.0,31.0,40.619,40.825,-8.0,0.0,0.0,33.0
48.2542,1,rev,-95.0,12.1,5.528,5.169,24.0,0.0,0.0,31.0,-100.0,-100.0,-8.0,0.0,0.0,32.0,-100.0,-100.0,0.0,0.0,-0.0,31.0,67.733,-95.0,-64.0,5.0,-5.745,35.0,-90.45,-90.311,-16.0,0.0,-0.0,31.0,31.707,31.22,8.0,0.0,0.0,31.0,40.619,40.825,-8.0,0.0,0.0,33.0
48.3068,1,rev,-95.0,12.1,5.528,5.169,24.0,0.0,0.0,31.0,-100.0,-100.0,-8.0,0.0,0.0,32.0,-100.0,-100.0,0.0,0.0,-0.0,31.0,67.6,-95.0,-64.0,5.0,-4.29,35.0,-90.45,-90.311,-16.0,0.0,-0.0,31.0,31.707,31.22,8.0,0.0,0.0,31.0,40.619,40.825,-8.0,0.0,0.0,33.0
48.3603,1,rev,-95.0,12.1,5.528,5.169,24.0,0.0,0.0,31.0,-100.0,-100.0,-8.0,0.0,0.0,32.0,-100.0,-100.0,0.0,0.0,-0.0,31.0,67.333,-95.0,-64.0,5.0,-4.618,35.0,-90.45,-90.311,-16.0,0.0,-0.0,31.0,31.707,31.22,8.0,0.0,0.0,31.0,40.619,40.825,-8.0,0.0,0.0,33.0
48.4136,1,rev,-95.0,12.1,5.528,5.169,24.0,0.0,0.0,31.0,-100.0,-100.0,-8.0,0.0,0.0,32.0,-100.0,-100.0,0.0,0.0,-0.0,31.0,66.933,-95.0,-64.0,5.0,-5.864,35.0,-90.45,-90.311,-16.0,0.0,-0.0,31.0,31.707,31.22,8.0,0.0,0.0,31.0,40.619,40.825,-8.0,0.0,0.0,33.0
48.4657,1,rev,-95.0,12.1,5.528,5.169,24.0,0.0,0.0,31.0,-100.0,-100.0,-8.0,0.0,0.0,32.0,-100.0,-100.0,0.0,0.0,-0.0,31.0,66.8,-95.0,-64.0,5.0,-4.344,35.0,-90.45,-90.311,-16.0,0.0,-0.0,31.0,31.707,31.22,8.0,0.0,0.0,31.0,40.619,40.825,-8.0,0.0,0.0,33.0
48.5182,1,rev,-95.0,12.2,5.528,5.169,24.0,0.0,0.0,31.0,-100.0,-100.0,-8.0,0.0,0.0,32.0,-100.0,-100.0,0.0,0.0,-0.0,31.0,66.667,-95.0,-56.0,6.0,-3.734,35.0,-90.45,-90.311,-16.0,0.0,-0.0,31.0,31.707,31.22,8.0,0.0,0.0,31.0,40.619,40.825,-8.0,0.0,0.0,33.0
48.5702,1,rev,-95.0,12.2,5.528,5.169,24.0,0.0,0.0,31.0,-100.0,-100.0,-8.0,0.0,0.0,32.0,-100.0,-100.0,0.0,0.0,-0.0,31.0,66.4,-95.0,-56.0,6.0,-4.354,35.0,-90.45,-90.311,-16.0,0.0,-0.0,31.0,31.707,31.22,8.0,0.0,0.0,31.0,40.619,40.825,-8.0,0.0,0.0,33.0
48.6234,1,rev,-95.0,12.2,5.528,5.169,24.0,0.0,0.0,31.0,-100.0,-100.0,-8.0,0.0,0.0,32.0,-100.0,-100.0,0.0,0.0,-0.0,31.0,66.0,-95.0,-56.0,6.0,-5.705,35.0,-90.45,-90.311,-16.0,0.0,-0.0,31.0,31.707,31.22,8.0,0.0,0.0,31.0,40.619,40.825,-8.0,0.0,0.0,33.0
48.6765,1,rev,-95.0,12.2,5.528,5.169,24.0,0.0,0.0,31.0,-100.0,-100.0,-8.0,0.0,0.0,32.0,-100.0,-100.0,0.0,0.0,-0.0,31.0,66.0,-95.0,-56.0,6.0,-2.796,35.0,-90.45,-90.311,-16.0,0.0,-0.0,31.0,31.707,31.22,8.0,0.0,0.0,31.0,40.619,40.825,-8.0,0.0,0.0,33.0
48.7296,1,rev,-95.0,12.2,5.528,5.169,24.0,0.0,0.0,31.0,-100.0,-100.0,-8.0,0.0,0.0,32.0,-100.0,-100.0,0.0,0.0,-0.0,31.0,65.333,-95.0,-56.0,6.0,-7.446,35.0,-90.45,-90.311,-16.0,0.0,-0.0,31.0,31.707,31.22,8.0,0.0,0.0,31.0,40.619,40.825,-8.0,0.0,0.0,33.0
48.7817,1,rev,-95.0,12.2,5.528,5.169,24.0,0.0,0.0,31.0,-100.0,-100.0,-8.0,0.0,0.0,32.0,-100.0,-100.0,0.0,0.0,-0.0,31.0,65.333,-95.0,-56.0,6.0,-3.648,35.0,-90.45,-90.311,-16.0,0.0,-0.0,31.0,31.707,31.22,8.0,0.0,0.0,31.0,40.619,40.825,-8.0,0.0,0.0,33.0
48.8346,1,rev,-95.0,12.2,5.528,5.169,24.0,0.0,0.0,31.0,-100.0,-100.0,-8.0,0.0,0.0,32.0,-100.0,-100.0,0.0,0.0,-0.0,31.0,65.067,-95.0,-56.0,6.0,-4.304,35.0,-90.45,-90.311,-16.0,0.0,-0.0,31.0,31.707,31.22,8.0,0.0,0.0,31.0,40.619,40.825,-8.0,0.0,0.0,33.0
48.8867,1,rev,-95.0,12.2,5.528,5.169,24.0,0.0,0.0,31.0,-100.0,-100.0,-8.0,0.0,0.0,32.0,-100.0,-100.0,0.0,0.0,-0.0,31.0,64.933,-95.0,-56.0,6.0,-4.485,35.0,-90.45,-90.311,-16.0,0.0,-0.0,31.0,31.707,31.22,8.0,0.0,0.0,31.0,40.619,40.825,-8.0,0.0,0.0,33.0
48.9403,1,rev,-95.0,12.2,5.528,5.169,24.0,0.0,0.0,31.0,-100.0,-100.0,-8.0,0.0,0.0,32.0,-100.0,-100.0,0.0,0.0,-0.0,31.0,64.533,-95.0,-56.0,6.0,-5.583,35.0,-90.45,-90.311,-16.0,0.0,-0.0,31.0,31.707,31.22,8.0,0.0,0.0,31.0,40.619,40.825,-8.0,0.0,0.0,33.0
48.9937,1,rev,-95.0,12.2,5.528,5.169,24.0,0.0,0.0,31.0,-100.0,-100.0,-8.0,0.0,0.0,32.0,-100.0,-100.0,0.0,0.0,-0.0,31.0,64.267,-95.0,-56.0,6.0,-5.751,35.0,-90.45,-90.311,-16.0,0.0,-0.0,31.0,31.707,31.22,8.0,0.0,0.0,31.0,40.619,40.825,-8.0,0.0,0.0,33.0
49.0474,1,rev,-95.0,12.2,5.528,5.169,24.0,0.0,0.0,31.0,-100.0,-100.0,-8.0,0.0,0.0,32.0,-100.0,-100.0,0.0,0.0,-0.0,31.0,63.867,-95.0,-56.0,6.0,-6.713,35.0,-90.45,-90.311,-16.0,0.0,-0.0,31.0,31.707,31.22,8.0,0.0,0.0,31.0,40.619,40.825,-8.0,0.0,0.0,33.0
49.1009,1,rev,-95.0,12.2,5.528,5.169,24.0,0.0,0.0,31.0,-100.0,-100.0,-8.0,0.0,0.0,32.0,-100.0,-100.0,0.0,0.0,-0.0,31.0,63.733,-95.0,-64.0,6.0,-5.37,35.0,-90.45,-90.311,-16.0,0.0,-0.0,31.0,31.707,31.22,8.0,0.0,0.0,31.0,40.619,40.825,-8.0,0.0,0.0,33.0
49.1542,1,rev,-95.0,12.2,5.528,5.169,24.0,0.0,0.0,31.0,-100.0,-100.0,-8.0,0.0,0.0,32.0,-100.0,-100.0,0.0,0.0,-0.0,31.0,63.733,-95.0,-64.0,6.0,-2.631,35.0,-90.45,-90.311,-16.0,0.0,-0.0,31.0,31.707,31.22,8.0,0.0,0.0,31.0,40.619,40.825,-8.0,0.0,0.0,33.0
49.2075,1,rev,-95.0,12.2,5.528,5.169,24.0,0.0,0.0,31.0,-100.0,-100.0,-8.0,0.0,0.0,32.0,-100.0,-100.0,0.0,0.0,-0.0,31.0,63.067,-95.0,-64.0,6.0,-7.865,35.0,-90.45,-90.311,-16.0,0.0,-0.0,31.0,31.707,31.22,8.0,0.0,0.0,31.0,40.619,40.825,-8.0,0.0,0.0,33.0
49.2598,1,rev,-95.0,12.2,5.528,5.169,24.0,0.0,0.0,31.0,-100.0,-100.0,-8.0,0.0,0.0,32.0,-100.0,-100.0,0.0,0.0,-0.0,31.0,62.933,-95.0,-64.0,6.0,-4.904,35.0,-90.45,-90.311,-16.0,0.0,-0.0,31.0,31.707,31.22,8.0,0.0,0.0,31.0,40.619,40.825,-8.0,0.0,0.0,33.0
49.3132,1,rev,-95.0,12.2,5.528,5.169,24.0,0.0,0.0,31.0,-100.0,-100.0,-8.0,0.0,0.0,32.0,-100.0,-100.0,0.0,0.0,-0.0,31.0,62.4,-95.0,-64.0,6.0,-7.82,35.0,-90.45,-90.311,-16.0,0.0,-0.0,31.0,31.707,31.22,8.0,0.0,0.0,31.0,40.619,40.825,-8.0,0.0,0.0,33.0
49.3655,1,rev,-95.0,12.2,5.528,5.169,24.0,0.0,0.0,31.0,-100.0,-100.0,-8.0,0.0,0.0,32.0,-100.0,-100.0,0.0,0.0,-0.0,31.0,62.267,-95.0,-64.0,6.0,-4.883,35.0,-90.45,-90.311,-16.0,0.0,-0.0,31.0,31.707,31.22,8.0,0.0,0.0,31.0,40.619,40.825,-8.0,0.0,0.0,33.0
49.4184,1,rev,-95.0,12.2,5.528,5.169,24.0,0.0,0.0,31.0,-100.0,-100.0,-8.0,0.0,0.0,32.0,-100.0,-100.0,0.0,0.0,-0.0,31.0,62.133,-95.0,-64.0,6.0,-3.42,35.0,-90.45,-90.311,-16.0,0.0,-0.0,31.0,31.707,31.22,8.0,0.0,0.0,31.0,40.619,40.825,-8.0,0.0,0.0,33.0
49.4706,1,rev,-95.0,12.2,5.528,5.169,24.0,0.0,0.0,31.0,-100.0,-100.0,-8.0,0.0,0.0,32.0,-100.0,-100.0,0.0,0.0,-0.0,31.0,61.867,-95.0,-64.0,6.0,-4.647,35.0,-90.45,-90.311,-16.0,0.0,-0.0,31.0,31.707,31.22,8.0,0.0,0.0,31.0,40.619,40.825,-8.0,0.0,0.0,33.0
49.5235,1,rev,-95.0,12.2,5.528,5.169,24.0,0.0,0.0,31.0,-100.0,-100.0,-8.0,0.0,0.0,32.0,-100.0,-100.0,0.0,0.0,-0.0,31.0,61.467,-95.0,-64.0,6.0,-5.841,35.0,-90.45,-90.311,-16.0,0.0,-0.0,31.0,31.707,31.22,8.0,0.0,0.0,31.0,40.619,40.825,-8.0,0.0,0.0,33.0
49.5769,1,rev,-95.0,12.2,5.528,5.169,24.0,0.0,0.0,31.0,-100.0,-100.0,-8.0,0.0,0.0,32.0,-100.0,-100.0,0.0,0.0,-0.0,31.0,61.333,-95.0,-64.0,6.0,-3.905,35.0,-90.45,-90.311,-16.0,0.0,-0.0,31.0,31.707,31.22,8.0,0.0,0.0,31.0,40.619,40.825,-8.0,0.0,0.0,33.0
49.6302,1,rev,-95.0,12.2,5.528,5.169,24.0,0.0,0.0,31.0,-100.0,-100.0,-8.0,0.0,0.0,32.0,-100.0,-100.0,0.0,0.0,-0.0,31.0,61.2,-95.0,-64.0,6.0,-4.214,35.0,-90.45,-90.311,-16.0,0.0,-0.0,31.0,31.707,31.22,8.0,0.0,0.0,31.0,40.619,40.825,-8.0,0.0,0.0,33.0
49.6836,1,rev,-95.0,12.2,5.528,5.169,24.0,0.0,0.0,31.0,-100.0,-100.0,-8.0,0.0,0.0,32.0,-100.0,-100.0,0.0,0.0,-0.0,31.0,60.667,-95.0,-60.0,4.0,-5.646,35.0,-90.45,-90.311,-16.0,0.0,-0.0,31.0,31.707,31.22,8.0,0.0,0.0,31.0,40.619,40.825,-8.0,0.0,0.0,33.0
49.7372,1,rev,-95.0,12.2,5.528,5.169,24.0,0.0,0.0,31.0,-100.0,-100.0,-8.0,0.0,0.0,32.0,-100.0,-100.0,0.0,0.0,-0.0,31.0,60.667,-95.0,-60.0,4.0,-2.767,35.0,-90.45,-90.311,-16.0,0.0,-0.0,31.0,31.707,31.22,8.0,0.0,0.0,31.0,40.619,40.825,-8.0,0.0,0.0,33.0
49.7899,1,rev,-95.0,12.2,5.528,5.169,24.0,0.0,0.0,31.0,-100.0,-100.0,-8.0,0.0,0.0,32.0,-100.0,-100.0,0.0,0.0,-0.0,31.0,60.267,-95.0,-60.0,4.0,-5.294,35.0,-90.45,-90.311,-16.0,0.0,-0.0,31.0,31.707,31.22,8.0,0.0,0.0,31.0,40.619,40.825,-8.0,0.0,0.0,33.0
49.8431,1,rev,-95.0,12.2,5.528,5.169,24.0,0.0,0.0,31.0,-100.0,-100.0,-8.0,0.0,0.0,32.0,-100.0,-100.0,0.0,0.0,-0.0,31.0,60.0,-95.0,-60.0,4.0,-5.124,35.0,-90.45,-90.311,-16.0,0.0,-0.0,31.0,31.707,31.22,8.0,0.0,0.0,31.0,40.619,40.825,-8.0,0.0,0.0,33.0
49.8961,1,rev,-95.0,12.2,5.528,5.169,24.0,0.0,0.0,31.0,-100.0,-100.0,-8.0,0.0,0.0,32.0,-100.0,-100.0,0.0,0.0,-0.0,31.0,59.867,-95.0,-60.0,4.0,-3.55,35.0,-90.45,-90.311,-16.0,0.0,-0.0,31.0,31.707,31.22,8.0,0.0,0.0,31.0,40.619,40.825,-8.0,0.0,0.0,33.0
49.949,1,rev,-95.0,12.2,5.528,5.169,24.0,0.0,0.0,31.0,-100.0,-100.0,-8.0,0.0,0.0,32.0,-100.0,-100.0,0.0,0.0,-0.0,31.0,59.467,-95.0,-60.0,4.0,-5.26,35.0,-90.45,-90.311,-16.0,0.0,-0.0,31.0,31.707,31.22,8.0,0.0,0.0,31.0,40.619,40.825,-8.0,0.0,0.0,33.0
50.0022,1,rev,-95.0,12.2,5.528,5.169,24.0,0.0,0.0,31.0,-100.0,-100.0,-8.0,0.0,0.0,32.0,-100.0,-100.0,0.0,0.0,-0.0,31.0,59.2,-95.0,-60.0,4.0,-5.125,35.0,-90.45,-90.311,-16.0,0.0,-0.0,31.0,31.707,31.22,8.0,0.0,0.0,31.0,40.619,40.825,-8.0,0.0,0.0,33.0
50.0547,1,rev,-95.0,12.2,5.528,5.169,24.0,0.0,0.0,31.0,-100.0,-100.0,-8.0,0.0,0.0,32.0,-100.0,-100.0,0.0,0.0,-0.0,31.0,59.067,-95.0,-60.0,4.0,-3.568,35.0,-90.45,-90.311,-16.0,0.0,-0.0,31.0,31.707,31.22,8.0,0.0,0.0,31.0,40.619,40.825,-8.0,0.0,0.0,33.0
50.1081,1,rev,-95.0,12.2,5.528,5.169,24.0,0.0,0.0,31.0,-100.0,-100.0,-8.0,0.0,0.0,32.0,-100.0,-100.0,0.0,0.0,-0.0,31.0,58.667,-95.0,-60.0,4.0,-5.807,35.0,-90.45,-90.311,-16.0,0.0,-0.0,31.0,31.707,31.22,8.0,0.0,0.0,31.0,40.619,40.825,-8.0,0.0,0.0,33.0
50.1609,1,rev,-95.0,12.2,5.528,5.169,24.0,0.0,0.0,31.0,-100.0,-100.0,-8.0,0.0,0.0,32.0,-100.0,-100.0,0.0,0.0,-0.0,31.0,58.4,-95.0,-60.0,4.0,-4.953,35.0,-90.45,-90.311,-16.0,0.0,-0.0,31.0,31.707,31.22,8.0,0.0,0.0,31.0,40.619,40.825,-8.0,0.0,0.0,33.0
50.2145,1,rev,-95.0,12.1,5.528,5.169,24.0,0.0,0.0,31.0,-100.0,-100.0,-8.0,0.0,0.0,32.0,-100.0,-100.0,0.0,0.0,-0.0,31.0,58.267,-95.0,-56.0,4.0,-4.959,35.0,-90.45,-90.311,-16.0,0.0,-0.0,31.0,31.707,31.22,8.0,0.0,0.0,31.0,40.619,40.825,-8.0,0.0,0.0,33.0
50.2678,1,rev,-95.0,12.1,5.528,5.169,24.0,0.0,0.0,31.0,-100.0,-100.0,-8.0,0.0,0.0,32.0,-100.0,-100.0,0.0,0.0,-0.0,31.0,57.867,-95.0,-56.0,4.0,-4.929,35.0,-90.45,-90.311,-16.0,0.0,-0.0,31.0,31.707,31.22,8.0,0.0,0.0,31.0,40.619,40.825,-8.0,0.0,0.0,33.0
50.321,1,rev,-95.0,12.1,5.528,5.169,24.0,0.0,0.0,31.0,-100.0,-100.0,-8.0,0.0,0.0,32.0,-100.0,-100.0,0.0,0.0,-0.0,31.0,57.467,-95.0,-56.0,4.0,-6.421,35.0,-90.45,-90.311,-16.0,0.0,-0.0,31.0,31.707,31.22,8.0,0.0,0.0,31.0,40.619,40.825,-8.0,0.0,0.0,33.0
50.3744,1,rev,-95.0,12.1,5.528,5.169,24.0,0.0,0.0,31.0,-100.0,-100.0,-8.0,0.0,0.0,32.0,-100.0,-100.0,0.0,0.0,-0.0,31.0,57.333,-95.0,-56.0,4.0,-4.608,35.0,-90.45,-90.311,-16.0,0.0,-0.0,31.0,31.707,31.22,8.0,0.0,0.0,31.0,40.619,40.825,-8.0,0.0,0.0,33.0
50.4276,1,rev,-95.0,12.1,5.528,5.169,24.0,0.0,0.0,31.0,-100.0,-100.0,-8.0,0.0,0.0,32.0,-100.0,-100.0,0.0,0.0,-0.0,31.0,56.933,-95.0,-56.0,4.0,-6.679,35.0,-90.45,-90.311,-16.0,0.0,-0.0,31.0,31.707,31.22,8.0,0.0,0.0,31.0,40.619,40.825,-8.0,0.0,0.0,33.0
50.4797,1,rev,-95.0,12.1,5.528,5.169,24.0,0.0,0.0,31.0,-100.0,-100.0,-8.0,0.0,0.0,32.0,-100.0,-100.0,0.0,0.0,-0.0,31.0,56.667,-95.0,-56.0,4.0,-5.803,35.0,-90.45,-90.311,-16.0,0.0,-0.0,31.0,31.707,31.22,8.0,0.0,0.0,31.0,40.619,40.825,-8.0,0.0,0.0,33.0
50.5328,1,rev,-95.0,12.1,5.528,5.169,24.0,0.0,0.0,31.0,-100.0,-100.0,-8.0,0.0,0.0,32.0,-100.0,-100.0,0.0,0.0,-0.0,31.0,56.4,-95.0,-56.0,4.0,-5.853,35.0,-90.45,-90.311,-16.0,0.0,-0.0,31.0,31.707,31.22,8.0,0.0,0.0,31.0,40.619,40.825,-8.0,0.0,0.0,33.0
50.5856,1,rev,-95.0,12.1,5.528,5.169,24.0,0.0,0.0,31.0,-100.0,-100.0,-8.0,0.0,0.0,32.0,-100.0,-100.0,0.0,0.0,-0.0,31.0,56.0,-95.0,-56.0,4.0,-6.422,35.0,-90.45,-90.311,-16.0,0.0,-0.0,31.0,31.707,31.22,8.0,0.0,0.0,31.0,40.619,40.825,-8.0,0.0,0.0,33.0
50.6378,1,rev,-95.0,12.1,5.528,5.169,24.0,0.0,0.0,31.0,-100.0,-100.0,-8.0,0.0,0.0,32.0,-100.0,-100.0,0.0,0.0,-0.0,31.0,55.867,-95.0,-56.0,4.0,-4.608,35.0,-90.45,-90.311,-16.0,0.0,-0.0,31.0,31.707,31.22,8.0,0.0,0.0,31.0,40.619,40.825,-8.0,0.0,0.0,33.0
50.691,1,rev,-95.0,12.1,5.528,5.169,24.0,0.0,0.0,31.0,-100.0,-100.0,-8.0,0.0,0.0,32.0,-100.0,-100.0,0.0,0.0,-0.0,31.0,55.6,-95.0,-56.0,4.0,-4.804,35.0,-90.45,-90.311,-16.0,0.0,-0.0,31.0,31.707,31.22,8.0,0.0,0.0,31.0,40.619,40.825,-8.0,0.0,0.0,33.0
50.7454,1,rev,-95.0,12.1,5.528,5.169,24.0,0.0,0.0,31.0,-100.0,-100.0,-8.0,0.0,0.0,32.0,-100.0,-100.0,0.0,0.0,-0.0,31.0,55.2,-95.0,-56.0,4.0,-6.335,35.0,-90.45,-90.311,-16.0,0.0,-0.0,31.0,31.707,31.22,8.0,0.0,0.0,31.0,40.619,40.825,-8.0,0.0,0.0,33.0
50.7989,1,rev,-95.0,12.1,5.528,5.169,24.0,0.0,0.0,31.0,-100.0,-100.0,-8.0,0.0,0.0,32.0,-100.0,-100.0,0.0,0.0,-0.0,32.0,55.2,-95.0,-64.0,7.0,-6.335,35.0,-90.45,-90.311,-16.0,0.0,-0.0,31.0,31.707,31.22,8.0,0.0,0.0,31.0,40.619,40.825,-8.0,0.0,0.0,33.0
50.8526,1,rev,-95.0,12.1,5.528,5.169,24.0,0.0,0.0,31.0,-100.0,-100.0,-8.0,0.0,0.0,32.0,-100.0,-100.0,0.0,0.0,-0.0,32.0,55.067,-95.0,-64.0,7.0,-3.567,35.0,-90.45,-90.311,-16.0,0.0,-0.0,31.0,31.707,31.22,8.0,0.0,0.0,31.0,40.619,40.825,-8.0,0.0,0.0,33.0
50.9053,1,rev,-95.0,12.1,5.528,5.169,24.0,0.0,0.0,31.0,-100.0,-100.0,-8.0,0.0,0.0,32.0,-100.0,-100.0,0.0,0.0,-0.0,32.0,54.533,-95.0,-64.0,7.0,-6.609,35.0,-90.45,-90.311,-16.0,0.0,-0.0,31.0,31.707,31.22,8.0,0.0,0.0,31.0,40.619,40.825,-8.0,0.0,0.0,33.0
50.957,1,rev,-95.0,12.1,5.528,5.169,24.0,0.0,0.0,31.0,-100.0,-100.0,-8.0,0.0,0.0,32.0,-100.0,-100.0,0.0,0.0,-0.0,32.0,54.4,-95.0,-64.0,7.0,-4.285,35.0,-90.45,-90.311,-16.0,0.0,-0.0,31.0,31.707,31.22,8.0,0.0,0.0,31.0,40.619,40.825,-8.0,0.0,0.0,33.0
51.0103,1,rev,-95.0,12.1,5.528,5.169,24.0,0.0,0.0,31.0,-100.0,-100.0,-8.0,0.0,0.0,32.0,-100.0,-100.0,0.0,0.0,-0.0,32.0,54.133,-95.0,-64.0,7.0,-4.635,35.0,-90.45,-90.311,-16.0,0.0,-0.0,31.0,31.707,31.22,8.0,0.0,0.0,31.0,40.619,40.825,-8.0,0.0,0.0,33.0
51.0635,1,rev,-95.0,12.1,5.528,5.169,24.0,0.0,0.0,31.0,-100.0,-100.0,-8.0,0.0,0.0,32.0,-100.0,-100.0,0.0,0.0,-0.0,32.0,53.867,-95.0,-64.0,7.0,-4.347,35.0,-90.45,-90.311,-16.0,0.0,-0.0,31.0,31.707,31.22,8.0,0.0,0.0,31.0,40.619,40.825,-8.0,0.0,0.0,33.0
51.1161,1,rev,-95.0,12.1,5.528,5.169,24.0,0.0,0.0,31.0,-100.0,-100.0,-8.0,0.0,0.0,32.0,-100.0,-100.0,0.0,0.0,-0.0,32.0,53.6,-95.0,-64.0,7.0,-4.622,35.0,-90.45,-90.311,-16.0,0.0,-0.0,31.0,31.707,31.22,8.0,0.0,0.0,31.0,40.619,40.825,-8.0,0.0,0.0,33.0
51.1694,1,rev,-95.0,12.1,5.528,5.169,24.0,0.0,0.0,31.0,-100.0,-100.0,-8.0,0.0,0.0,32.0,-100.0,-100.0,0.0,0.0,-0.0,32.0,53.467,-95.0,-64.0,7.0,-3.766,35.0,-90.45,-90.311,-16.0,0.0,-0.0,31.0,31.707,31.22,8.0,0.0,0.0,31.0,40.619,40.825,-8.0,0.0,0.0,33.0
51.2212,1,rev,-95.0,12.1,5.528,5.169,24.0,0.0,0.0,31.0,-100.0,-100.0,-8.0,0.0,0.0,32.0,-100.0,-100.0,0.0,0.0,-0.0,32.0,53.067,-95.0,-64.0,7.0,-5.864,35.0,-90.45,-90.311,-16.0,0.0,-0.0,31.0,31.707,31.22,8.0,0.0,0.0,31.0,40.619,40.825,-8.0,0.0,0.0,33.0
51.2742,1,rev,-95.0,12.1,5.528,5.169,24.0,0.0,0.0,31.0,-100.0,-100.0,-8.0,0.0,0.0,32.0,-100.0,-100.0,0.0,0.0,-0.0,32.0,52.933,-95.0,-64.0,7.0,-4.367,35.0,-90.45,-90.311,-16.0,0.0,-0.0,31.0,31.707,31.22,8.0,0.0,0.0,31.0,40.619,40.825,-8.0,0.0,0.0,33.0
51.3272,1,rev,-95.0,12.1,5.528,5.169,24.0,0.0,0.0,31.0,-100.0,-100.0,-8.0,0.0,0.0,32.0,-100.0,-100.0,0.0,0.0,-0.0,32.0,52.667,-95.0,-64.0,7.0,-4.689,35.0,-90.45,-90.311,-16.0,0.0,-0.0,31.0,31.707,31.22,8.0,0.0,0.0,31.0,40.619,40.825,-8.0,0.0,0.0,33.0
51.3804,1,rev,-95.0,12.2,5.528,5.169,24.0,0.0,0.0,31.0,-100.0,-100.0,-8.0,0.0,0.0,32.0,-100.0,-100.0,0.0,0.0,-0.0,31.0,52.4,-95.0,-56.0,3.0,-4.63,35.0,-90.45,-90.311,-16.0,0.0,-0.0,31.0,31.707,31.22,8.0,0.0,0.0,31.0,40.619,40.825,-8.0,0.0,0.0,33.0
51.4327,1,rev,-95.0,12.2,5.528,5.169,24.0,0.0,0.0,31.0,-100.0,-100.0,-8.0,0.0,0.0,32.0,-100.0,-100.0,0.0,0.0,-0.0,31.0,52.133,-95.0,-56.0,3.0,-4.767,35.0,-90.45,-90.311,-16.0,0.0,-0.0,31.0,31.707,31.22,8.0,0.0,0.0,31.0,40.619,40.825,-8.0,0.0,0.0,33.0
51.4861,1,rev,-95.0,12.2,5.528,5.169,24.0,0.0,0.0,31.0,-100.0,-100.0,-8.0,0.0,0.0,32.0,-100.0,-100.0,0.0,0.0,-0.0,31.0,51.867,-95.0,-56.0,3.0,-6.319,35.0,-90.45,-90.311,-16.0,0.0,-0.0,31.0,31.707,31.22,8.0,0.0,0.0,31.0,40.619,40.825,-8.0,0.0,0.0,33.0
51.5395,1,rev,-95.0,12.2,5.528,5.169,24.0,0.0,0.0,31.0,-100.0,-100.0,-8.0,0.0,0.0,32.0,-100.0,-100.0,0.0,0.0,-0.0,31.0,51.733,-95.0,-56.0,3.0,-4.597,35.0,-90.45,-90.311,-16.0,0.0,-0.0,31.0,31.707,31.22,8.0,0.0,0.0,31.0,40.619,40.825,-8.0,0.0,0.0,33.0
51.593,1,rev,-95.0,12.2,5.528,5.169,24.0,0.0,0.0,31.0,-100.0,-100.0,-8.0,0.0,0.0,32.0,-100.0,-100.0,0.0,0.0,-0.0,31.0,51.2,-95.0,-56.0,3.0,-7.139,35.0,-90.45,-90.311,-16.0,0.0,-0.0,31.0,31.707,31.22,8.0,0.0,0.0,31.0,40.619,40.825,-8.0,0.0,0.0,33.0
51.6464,1,rev,-95.0,12.2,5.528,5.169,24.0,0.0,0.0,31.0,-100.0,-100.0,-8.0,0.0,0.0,32.0,-100.0,-100.0,0.0,0.0,-0.0,31.0,50.933,-95.0,-56.0,3.0,-6.038,35.0,-90.45,-90.311,-16.0,0.0,-0.0,31.0,31.707,31.22,8.0,0.0,0.0,31.0,40.619,40.825,-8.0,0.0,0.0,33.0
51.6987,1,rev,-95.0,12.2,5.528,5.169,24.0,0.0,0.0,31.0,-100.0,-100.0,-8.0,0.0,0.0,32.0,-100.0,-100.0,0.0,0.0,-0.0,31.0,50.533,-95.0,-56.0,3.0,-6.858,35.0,-90.45,-90.311,-16.0,0.0,-0.0,31.0,31.707,31.22,8.0,0.0,0.0,31.0,40.619,40.825,-8.0,0.0,0.0,33.0
51.7535,1,rev,-95.0,12.2,5.528,5.169,24.0,0.0,0.0,31.0,-100.0,-100.0,-8.0,0.0,0.0,32.0,-100.0,-100.0,0.0,0.0,-0.0,31.0,50.4,-95.0,-56.0,3.0,-4.845,35.0,-90.45,-90.311,-16.0,0.0,-0.0,31.0,31.707,31.22,8.0,0.0,0.0,31.0,40.619,40.825,-8.0,0.0,0.0,33.0
51.8069,1,rev,-95.0,12.2,5.528,5.169,24.0,0.0,0.0,31.0,-100.0,-100.0,-8.0,0.0,0.0,32.0,-100.0,-100.0,0.0,0.0,-0.0,31.0,50.133,-95.0,-56.0,3.0,-5.378,35.0,-90.45,-90.311,-16.0,0.0,-0.0,31.0,31.707,31.22,8.0,0.0,0.0,31.0,40.619,40.825,-8.0,0.0,0.0,33.0
51.8601,1,rev,-95.0,12.2,5.528,5.169,24.0,0.0,0.0,31.0,-100.0,-100.0,-8.0,0.0,0.0,32.0,-100.0,-100.0,0.0,0.0,-0.0,31.0,49.867,-95.0,-56.0,3.0,-5.168,35.0,-90.45,-90.311,-16.0,0.0,-0.0,31.0,31.707,31.22,8.0,0.0,0.0,31.0,40.619,40.825,-8.0,0.0,0.0,33.0
51.9136,1,rev,-95.0,12.2,5.528,5.169,24.0,0.0,0.0,31.0,-100.0,-100.0,-8.0,0.0,0.0,32.0,-100.0,-100.0,0.0,0.0,-0.0,31.0,49.6,-95.0,-56.0,3.0,-5.08,35.0,-90.45,-90.311,-16.0,0.0,-0.0,31.0,31.707,31.22,8.0,0.0,0.0,31.0,40.619,40.825,-8.0,0.0,0.0,33.0
51.9672,1,rev,-95.0,12.2,5.528,5.169,24.0,0.0,0.0,31.0,-100.0,-100.0,-8.0,0.0,0.0,32.0,-100.0,-100.0,0.0,0.0,-0.0,31.0,49.467,-95.0,-56.0,5.0,-4.224,35.0,-90.45,-90.311,-16.0,0.0,-0.0,31.0,31.707,31.22,8.0,0.0,0.0,31.0,40.619,40.825,-8.0,0.0,0.0,33.0
52.0197,1,rev,-95.0,12.2,5.528,5.169,24.0,0.0,0.0,31.0,-100.0,-100.0,-8.0,0.0,0.0,32.0,-100.0,-100.0,0.0,0.0,-0.0,31.0,49.2,-95.0,-56.0,5.0,-4.615,35.0,-90.45,-90.311,-16.0,0.0,-0.0,31.0,31.707,31.22,8.0,0.0,0.0,31.0,40.619,40.825,-8.0,0.0,0.0,33.0
52.0732,1,rev,-95.0,12.2,5.528,5.169,24.0,0.0,0.0,31.0,-100.0,-100.0,-8.0,0.0,0.0,32.0,-100.0,-100.0,0.0,0.0,-0.0,31.0,48.933,-95.0,-56.0,5.0,-4.297,35.0,-90.45,-90.311,-16.0,0.0,-0.0,31.0,31.707,31.22,8.0,0.0,0.0,31.0,40.619,40.825,-8.0,0.0,0.0,33.0
52.1264,1,rev,-95.0,12.2,5.528,5.169,24.0,0.0,0.0,31.0,-100.0,-100.0,-8.0,0.0,0.0,32.0,-100.0,-100.0,0.0,0.0,-0.0,31.0,48.533,-95.0,-56.0,5.0,-6.164,35.0,-90.45,-90.311,-16.0,0.0,-0.0,31.0,31.707,31.22,8.0,0.0,0.0,31.0,40.619,40.825,-8.0,0.0,0.0,33.0
52.1788,1,rev,-95.0,12.2,5.528,5.169,24.0,0.0,0.0,31.0,-100.0,-100.0,-8.0,0.0,0.0,32.0,-100.0,-100.0,0.0,0.0,-0.0,31.0,48.267,-95.0,-56.0,5.0,-5.107,35.0,-90.45,-90.311,-16.0,0.0,-0.0,31.0,31.707,31.22,8.0,0.0,0.0,31.0,40.619,40.825,-8.0,0.0,0.0,33.0
52.2318,1,rev,-95.0,12.2,5.528,5.169,24.0,0.0,0.0,31.0,-100.0,-100.0,-8.0,0.0,0.0,32.0,-100.0,-100.0,0.0,0.0,-0.0,31.0,48.0,-95.0,-56.0,5.0,-5.057,35.0,-90.45,-90.311,-16.0,0.0,-0.0,31.0,31.707,31.22,8.0,0.0,0.0,31.0,40.619,40.825,-8.0,0.0,0.0,33.0
52.285,1,rev,-95.0,12.2,5.528,5.169,24.0,0.0,0.0,31.0,-100.0,-100.0,-8.0,0.0,0.0,32.0,-100.0,-100.0,0.0,0.0,-0.0,31.0,47.733,-95.0,-56.0,5.0,-5.0,35.0,-90.45,-90.311,-16.0,0.0,-0.0,31.0,31.707,31.22,8.0,0.0,0.0,31.0,40.619,40.825,-8.0,0.0,0.0,33.0
52.338,1,rev,-95.0,12.2,5.528,5.169,24.0,0.0,0.0,31.0,-100.0,-100.0,-8.0,0.0,0.0,32.0,-100.0,-100.0,0.0,0.0,-0.0,31.0,47.467,-95.0,-56.0,5.0,-5.01,35.0,-90.45,-90.311,-16.0,0.0,-0.0,31.0,31.707,31.22,8.0,0.0,0.0,31.0,40.619,40.825,-8.0,0.0,0.0,33.0
52.3911,1,rev,-95.0,12.2,5.528,5.169,24.0,0.0,0.0,31.0,-100.0,-100.0,-8.0,0.0,0.0,32.0,-100.0,-100.0,0.0,0.0,-0.0,31.0,47.333,-95.0,-56.0,5.0,-3.505,35.0,-90.45,-90.311,-16.0,0.0,-0.0,31.0,31.707,31.22,8.0,0.0,0.0,31.0,40.619,40.825,-8.0,0.0,0.0,33.0
52.4445,1,rev,-95.0,12.2,5.528,5.169,24.0,0.0,0.0,31.0,-100.0,-100.0,-8.0,0.0,0.0,32.0,-100.0,-100.0,0.0,0.0,-0.0,31.0,46.933,-95.0,-56.0,5.0,-5.764,35.0,-90.45,-90.311,-16.0,0.0,-0.0,31.0,31.707,31.22,8.0,0.0,0.0,31.0,40.619,40.825,-8.0,0.0,0.0,33.0
52.4979,1,rev,-95.0,12.2,5.528,5.169,24.0,0.0,0.0,31.0,-100.0,-100.0,-8.0,0.0,0.0,32.0,-100.0,-100.0,0.0,0.0,-0.0,31.0,46.667,-95.0,-56.0,5.0,-6.984,35.0,-90.45,-90.311,-16.0,0.0,-0.0,31.0,31.707,31.22,8.0,0.0,0.0,31.0,40.619,40.825,-8.0,0.0,0.0,33.0
52.5514,1,rev,-95.0,12.2,5.528,5.169,24.0,0.0,0.0,31.0,-100.0,-100.0,-8.0,0.0,0.0,31.0,-100.0,-100.0,0.0,0.0,-0.0,31.0,46.667,-95.0,-64.0,6.0,-4.889,35.0,-90.45,-90.311,-16.0,0.0,-0.0,31.0,31.707,31.22,8.0,0.0,0.0,31.0,40.619,40.825,-8.0,0.0,0.0,33.0
52.6048,1,rev,-95.0,12.2,5.528,5.169,24.0,0.0,0.0,31.0,-100.0,-100.0,-8.0,0.0,0.0,31.0,-100.0,-100.0,0.0,0.0,-0.0,31.0,46.4,-95.0,-64.0,6.0,-4.821,35.0,-90.45,-90.311,-16.0,0.0,-0.0,31.0,31.707,31.22,8.0,0.0,0.0,31.0,40.619,40.825,-8.0,0.0,0.0,33.0
52.6583,1,rev,-95.0,12.2,5.528,5.169,24.0,0.0,0.0,31.0,-100.0,-100.0,-8.0,0.0,0.0,31.0,-100.0,-100.0,0.0,0.0,-0.0,31.0,45.867,-95.0,-64.0,6.0,-7.243,35.0,-90.45,-90.311,-16.0,0.0,-0.0,31.0,31.707,31.22,8.0,0.0,0.0,31.0,40.619,40.825,-8.0,0.0,0.0,33.0
52.7107,1,rev,-95.0,12.2,5.528,5.169,24.0,0.0,0.0,31.0,-100.0,-100.0,-8.0,0.0,0.0,31.0,-100.0,-100.0,0.0,0.0,-0.0,31.0,45.6,-95.0,-64.0,6.0,-6.086,35.0,-90.45,-90.311,-16.0,0.0,-0.0,31.0,31.707,31.22,8.0,0.0,0.0,31.0,40.619,40.825,-8.0,0.0,0.0,33.0
52.7644,1,rev,-95.0,12.2,5.528,5.169,24.0,0.0,0.0,31.0,-100.0,-100.0,-8.0,0.0,0.0,31.0,-100.0,-100.0,0.0,0.0,-0.0,31.0,45.2,-95.0,-64.0,6.0,-6.991,35.0,-90.45,-90.311,-16.0,0.0,-0.0,31.0,31.707,31.22,8.0,0.0,0.0,31.0,40.619,40.825,-8.0,0.0,0.0,33.0
52.8182,1,rev,-95.0,12.2,5.528,5.169,24.0,0.0,0.0,31.0,-100.0,-100.0,-8.0,0.0,0.0,31.0,-100.0,-100.0,0.0,0.0,-0.0,31.0,44.933,-95.0,-64.0,6.0,-5.939,35.0,-90.45,-90.311,-16.0,0.0,-0.0,31.0,31.707,31.22,8.0,0.0,0.0,31.0,40.619,40.825,-8.0,0.0,0.0,33.0
52.8707,1,rev,-95.0,12.2,5.528,5.169,24.0,0.0,0.0,31.0,-100.0,-100.0,-8.0,0.0,0.0,31.0,-100.0,-100.0,0.0,0.0,-0.0,31.0,44.8,-95.0,-64.0,6.0,-4.394,35.0,-90.45,-90.311,-16.0,0.0,-0.0,31.0,31.707,31.22,8.0,0.0,0.0,31.0,40.619,40.825,-8.0,0.0,0.0,33.0
52.9245,1,rev,-95.0,12.2,5.528,5.169,24.0,0.0,0.0,31.0,-100.0,-100.0,-8.0,0.0,0.0,31.0,-100.0,-100.0,0.0,0.0,-0.0,31.0,44.533,-95.0,-64.0,6.0,-4.697,35.0,-90.45,-90.311,-16.0,0.0,-0.0,31.0,31.707,31.22,8.0,0.0,0.0,31.0,40.619,40.825,-8.0,0.0,0.0,33.0
52.9782,1,rev,-95.0,12.2,5.528,5.169,24.0,0.0,0.0,31.0,-100.0,-100.0,-8.0,0.0,0.0,31.0,-100.0,-100.0,0.0,0.0,-0.0,31.0,44.267,-95.0,-64.0,6.0,-4.838,35.0,-90.45,-90.311,-16.0,0.0,-0.0,31.0,31.707,31.22,8.0,0.0,0.0,31.0,40.619,40.825,-8.0,0.0,0.0,33.0
53.0304,1,rev,-95.0,12.2,5.528,5.169,24.0,0.0,0.0,31.0,-100.0,-100.0,-8.0,0.0,0.0,31.0,-100.0,-100.0,0.0,0.0,-0.0,31.0,44.133,-95.0,-64.0,6.0,-3.837,35.0,-90.45,-90.311,-16.0,0.0,-0.0,31.0,31.707,31.22,8.0,0.0,0.0,31.0,40.619,40.825,-8.0,0.0,0.0,33.0
53.0827,1,rev,-95.0,12.1,5.528,5.169,24.0,0.0,0.0,31.0,-100.0,-100.0,-8.0,0.0,0.0,32.0,-100.0,-100.0,0.0,0.0,-0.0,31.0,43.867,-95.0,-68.0,5.0,-5.632,35.0,-90.45,-90.311,-16.0,0.0,-0.0,31.0,31.707,31.22,8.0,0.0,0.0,31.0,40.619,40.825,-8.0,0.0,0.0,33.0
53.1359,1,rev,-95.0,12.1,5.528,5.169,24.0,0.0,0.0,31.0,-100.0,-100.0,-8.0,0.0,0.0,32.0,-100.0,-100.0,0.0,0.0,-0.0,31.0,43.467,-95.0,-68.0,5.0,-5.241,35.0,-90.45,-90.311,-16.0,0.0,-0.0,31.0,31.707,31.22,8.0,0.0,0.0,31.0,40.619,40.825,-8.0,0.0,0.0,33.0
53.1891,1,rev,-95.0,12.1,5.528,5.169,24.0,0.0,0.0,31.0,-100.0,-100.0,-8.0,0.0,0.0,32.0,-100.0,-100.0,0.0,0.0,-0.0,31.0,43.2,-95.0,-68.0,5.0,-5.318,35.0,-90.45,-90.311,-16.0,0.0,-0.0,31.0,31.707,31.22,8.0,0.0,0.0,31.0,40.619,40.825,-8.0,0.0,0.0,33.0
53.2422,1,rev,-95.0,12.1,5.528,5.169,24.0,0.0,0.0,31.0,-100.0,-100.0,-8.0,0.0,0.0,32.0,-100.0,-100.0,0.0,0.0,-0.0,31.0,42.933,-95.0,-68.0,5.0,-5.147,35.0,-90.45,-90.311,-16.0,0.0,-0.0,31.0,31.707,31.22,8.0,0.0,0.0,31.0,40.619,40.825,-8.0,0.0,0.0,33.0
53.2952,1,rev,-95.0,12.1,5.528,5.169,24.0,0.0,0.0,31.0,-100.0,-100.0,-8.0,0.0,0.0,32.0,-100.0,-100.0,0.0,0.0,-0.0,31.0,42.667,-95.0,-68.0,5.0,-5.031,35.0,-90.45,-90.311,-16.0,0.0,-0.0,31.0,31.707,31.22,8.0,0.0,0.0,31.0,40.619,40.825,-8.0,0.0,0.0,33.0
53.3483,1,rev,-95.0,12.1,5.528,5.169,24.0,0.0,0.0,31.0,-100.0,-100.0,-8.0,0.0,0.0,32.0,-100.0,-100.0,0.0,0.0,-0.0,31.0,42.4,-95.0,-68.0,5.0,-4.955,35.0,-90.45,-90.311,-16.0,0.0,-0.0,31.0,31.707,31.22,8.0,0.0,0.0,31.0,40.619,40.825,-8.0,0.0,0.0,33.0
53.4015,1,rev,-95.0,12.1,5.528,5.169,24.0,0.0,0.0,31.0,-100.0,-100.0,-8.0,0.0,0.0,32.0,-100.0,-100.0,0.0,0.0,-0.0,31.0,42.0,-95.0,-68.0,5.0,-6.016,35.0,-90.45,-90.311,-16.0,0.0,-0.0,31.0,31.707,31.22,8.0,0.0,0.0,31.0,40.619,40.825,-8.0,0.0,0.0,33.0
53.4549,1,rev,-95.0,12.1,5.528,5.169,24.0,0.0,0.0,31.0,-100.0,-100.0,-8.0,0.0,0.0,32.0,-100.0,-100.0,0.0,0.0,-0.0,31.0,41.867,-95.0,-68.0,5.0,-4.446,35.0,-90.45,-90.311,-16.0,0.0,-0.0,31.0,31.707,31.22,8.0,0.0,0.0,31.0,40.619,40.825,-8.0,0.0,0.0,33.0
53.5078,1,rev,-95.0,12.1,5.528,5.169,24.0,0.0,0.0,31.0,-100.0,-100.0,-8.0,0.0,0.0,32.0,-100.0,-100.0,0.0,0.0,-0.0,31.0,41.6,-95.0,-68.0,5.0,-4.695,35.0,-90.45,-90.311,-16.0,0.0,-0.0,31.0,31.707,31.22,8.0,0.0,0.0,31.0,40.619,40.825,-8.0,0.0,0.0,33.0
53.5606,1,rev,-95.0,12.1,5.528,5.169,24.0,0.0,0.0,31.0,-100.0,-100.0,-8.0,0.0,0.0,32.0,-100.0,-100.0,0.0,0.0,-0.0,31.0,41.467,-95.0,-68.0,5.0,-4.759,35.0,-90.45,-90.311,-16.0,0.0,-0.0,31.0,31.707,31.22,8.0,0.0,0.0,31.0,40.619,40.825,-8.0,0.0,0.0,33.0
53.6136,1,rev,-95.0,12.1,5.528,5.169,24.0,0.0,0.0,31.0,-100.0,-100.0,-8.0,0.0,0.0,32.0,-100.0,-100.0,0.0,0.0,-0.0,31.0,41.067,-95.0,-68.0,5.0,-5.67,35.0,-90.45,-90.311,-16.0,0.0,-0.0,31.0,31.707,31.22,8.0,0.0,0.0,31.0,40.619,40.825,-8.0,0.0,0.0,33.0
53.6669,1,rev,-95.0,12.2,5.528,5.169,24.0,0.0,0.0,31.0,-100.0,-100.0,-8.0,0.0,0.0,32.0,-100.0,-100.0,0.0,0.0,-0.0,31.0,41.067,-95.0,-56.0,6.0,-3.969,35.0,-90.45,-90.311,-16.0,0.0,-0.0,31.0,31.707,31.22,8.0,0.0,0.0,31.0,40.619,40.825,-8.0,0.0,0.0,33.0
53.72,1,rev,-95.0,12.2,5.528,5.169,24.0,0.0,0.0,31.0,-100.0,-100.0,-8.0,0.0,0.0,32.0,-100.0,-100.0,0.0,0.0,-0.0,31.0,40.8,-95.0,-56.0,6.0,-3.944,35.0,-90.45,-90.311,-16.0,0.0,-0.0,31.0,31.707,31.22,8.0,0.0,0.0,31.0,40.619,40.825,-8.0,0.0,0.0,33.0
53.7739,1,rev,-95.0,12.2,5.528,5.169,24.0,0.0,0.0,31.0,-100.0,-100.0,-8.0,0.0,0.0,32.0,-100.0,-100.0,0.0,0.0,-0.0,31.0,40.4,-95.0,-56.0,6.0,-5.987,35.0,-90.45,-90.311,-16.0,0.0,-0.0,31.0,31.707,31.22,8.0,0.0,0.0,31.0,40.619,40.825,-8.0,0.0,0.0,33.0
53.8268,1,rev,-95.0,12.2,5.528,5.169,24.0,0.0,0.0,31.0,-100.0,-100.0,-8.0,0.0,0.0,32.0,-100.0,-100.0,0.0,0.0,-0.0,31.0,40.133,-95.0,-56.0,6.0,-5.487,35.0,-90.45,-90.311,-16.0,0.0,-0.0,31.0,31.707,31.22,8.0,0.0,0.0,31.0,40.619,40.825,-8.0,0.0,0.0,33.0
53.8804,1,rev,-95.0,12.2,5.528,5.169,24.0,0.0,0.0,31.0,-100.0,-100.0,-8.0,0.0,0.0,32.0,-100.0,-100.0,0.0,0.0,-0.0,31.0,39.733,-95.0,-56.0,6.0,-6.732,35.0,-90.45,-90.311,-16.0,0.0,-0.0,31.0,31.707,31.22,8.0,0.0,0.0,31.0,40.619,40.825,-8.0,0.0,0.0,33.0
53.9327,1,rev,-95.0,12.2,5.528,5.169,24.0,0.0,0.0,31.0,-100.0,-100.0,-8.0,0.0,0.0,32.0,-100.0,-100.0,0.0,0.0,-0.0,31.0,39.467,-95.0,-56.0,6.0,-5.842,35.0,-90.45,-90.311,-16.0,0.0,-0.0,31.0,31.707,31.22,8.0,0.0,0.0,31.0,40.619,40.825,-8.0,0.0,0.0,33.0
53.9859,1,rev,-95.0,12.2,5.528,5.169,24.0,0.0,0.0,31.0,-100.0,-100.0,-8.0,0.0,0.0,32.0,-100.0,-100.0,0.0,0.0,-0.0,31.0,39.333,-95.0,-56.0,6.0,-4.336,35.0,-90.45,-90.311,-16.0,0.0,-0.0,31.0,31.707,31.22,8.0,0.0,0.0,31.0,40.619,40.825,-8.0,0.0,0.0,33.0
54.0393,1,rev,-95.0,12.2,5.528,5.169,24.0,0.0,0.0,31.0,-100.0,-100.0,-8.0,0.0,0.0,32.0,-100.0,-100.0,0.0,0.0,-0.0,31.0,39.067,-95.0,-56.0,6.0,-4.663,35.0,-90.45,-90.311,-16.0,0.0,-0.0,31.0,31.707,31.22,8.0,0.0,0.0,31.0,40.619,40.825,-8.0,0.0,0.0,33.0
54.0911,1,rev,-95.0,12.2,5.528,5.169,24.0,0.0,0.0,31.0,-100.0,-100.0,-8.0,0.0,0.0,32.0,-100.0,-100.0,0.0,0.0,-0.0,31.0,38.8,-95.0,-56.0,6.0,-4.391,35.0,-90.45,-90.311,-16.0,0.0,-0.0,31.0,31.707,31.22,8.0,0.0,0.0,31.0,40.619,40.825,-8.0,0.0,0.0,33.0
54.1443,1,rev,-95.0,12.2,5.528,5.169,24.0,0.0,0.0,31.0,-100.0,-100.0,-8.0,0.0,0.0,32.0,-100.0,-100.0,0.0,0.0,-0.0,31.0,38.533,-95.0,-56.0,6.0,-4.697,35.0,-90.45,-90.311,-16.0,0.0,-0.0,31.0,31.707,31.22,8.0,0.0,0.0,31.0,40.619,40.825,-8.0,0.0,0.0,33.0
54.1975,1,rev,-95.0,12.2,5.528,5.169,24.0,0.0,0.0,31.0,-100.0,-100.0,-8.0,0.0,0.0,32.0,-100.0,-100.0,0.0,0.0,-0.0,31.0,38.133,-95.0,-56.0,6.0,-5.894,35.0,-90.45,-90.311,-16.0,0.0,-0.0,31.0,31.707,31.22,8.0,0.0,0.0,31.0,40.619,40.825,-8.0,0.0,0.0,33.0
54.2505,1,rev,-95.0,12.2,5.528,5.169,24.0,0.0,0.0,31.0,-100.0,-100.0,-8.0,0.0,0.0,31.0,-100.0,-100.0,0.0,0.0,-0.0,31.0,38.0,-95.0,-64.0,7.0,-4.823,34.0,-90.45,-90.311,-16.0,1.0,-0.0,31.0,31.707,31.22,8.0,0.0,0.0,31.0,40.619,40.825,-8.0,0.0,0.0,33.0
54.3033,1,rev,-95.0,12.2,5.528,5.169,24.0,0.0,0.0,31.0,-100.0,-100.0,-8.0,0.0,0.0,31.0,-100.0,-100.0,0.0,0.0,-0.0,31.0,37.733,-95.0,-64.0,7.0,-5.335,34.0,-90.45,-90.311,-16.0,1.0,-0.0,31.0,31.707,31.22,8.0,0.0,0.0,31.0,40.619,40.825,-8.0,0.0,0.0,33.0
54.3556,1,rev,-95.0,12.2,5.528,5.169,24.0,0.0,0.0,31.0,-100.0,-100.0,-8.0,0.0,0.0,31.0,-100.0,-100.0,0.0,0.0,-0.0,31.0,37.467,-95.0,-64.0,7.0,-5.142,34.0,-90.45,-90.311,-16.0,1.0,-0.0,31.0,31.707,31.22,8.0,0.0,0.0,31.0,40.619,40.825,-8.0,0.0,0.0,33.0
54.4095,1,rev,-95.0,12.2,5.528,5.169,24.0,0.0,0.0,31.0,-100.0,-100.0,-8.0,0.0,0.0,31.0,-100.0,-100.0,0.0,0.0,-0.0,31.0,37.2,-95.0,-64.0,7.0,-4.636,34.0,-90.45,-90.311,-16.0,1.0,-0.0,31.0,31.707,31.22,8.0,0.0,0.0,31.0,40.619,40.825,-8.0,0.0,0.0,33.0
54.4617,1,rev,-95.0,12.2,5.528,5.169,24.0,0.0,0.0,31.0,-100.0,-100.0,-8.0,0.0,0.0,31.0,-100.0,-100.0,0.0,0.0,-0.0,31.0,36.933,-95.0,-64.0,7.0,-4.819,34.0,-90.45,-90.311,-16.0,1.0,-0.0,31.0,31.707,31.22,8.0,0.0,0.0,31.0,40.619,40.825,-8.0,0.0,0.0,33.0
54.5145,1,rev,-95.0,12.2,5.528,5.169,24.0,0.0,0.0,31.0,-100.0,-100.0,-8.0,0.0,0.0,31.0,-100.0,-100.0,0.0,0.0,-0.0,31.0,36.533,-95.0,-64.0,7.0,-5.942,34.0,-90.45,-90.311,-16.0,1.0,-0.0,31.0,31.707,31.22,8.0,0.0,0.0,31.0,40.619,40.825,-8.0,0.0,0.0,33.0
54.5676,1,rev,-95.0,12.2,5.528,5.169,24.0,0.0,0.0,31.0,-100.0,-100.0,-8.0,0.0,0.0,31.0,-100.0,-100.0,0.0,0.0,-0.0,31.0,36.4,-95.0,-64.0,7.0,-3.966,34.0,-90.45,-90.311,-16.0,1.0,-0.0,31.0,31.707,31.22,8.0,0.0,0.0,31.0,40.619,40.825,-8.0,0.0,0.0,33.0
54.6208,1,rev,-95.0,12.2,5.528,5.169,24.0,0.0,0.0,31.0,-100.0,-100.0,-8.0,0.0,0.0,31.0,-100.0,-100.0,0.0,0.0,-0.0,31.0,36.133,-95.0,-64.0,7.0,-4.429,34.0,-90.45,-90.311,-16.0,1.0,-0.0,31.0,31.707,31.22,8.0,0.0,0.0,31.0,40.619,40.825,-8.0,0.0,0.0,33.0
54.6744,1,rev,-95.0,12.2,5.528,5.169,24.0,0.0,0.0,31.0,-100.0,-100.0,-8.0,0.0,0.0,31.0,-100.0,-100.0,0.0,0.0,-0.0,31.0,35.733,-95.0,-64.0,7.0,-6.19,34.0,-90.45,-90.311,-16.0,1.0,-0.0,31.0,31.707,31.22,8.0,0.0,0.0,31.0,40.619,40.825,-8.0,0.0,0.0,33.0
54.7276,1,rev,-95.0,12.2,5.528,5.169,24.0,0.0,0.0,31.0,-100.0,-100.0,-8.0,0.0,0.0,31.0,-100.0,-100.0,0.0,0.0,-0.0,31.0,35.467,-95.0,-64.0,7.0,-5.594,34.0,-90.45,-90.311,-16.0,1.0,-0.0,31.0,31.707,31.22,8.0,0.0,0.0,31.0,40.619,40.825,-8.0,0.0,0.0,33.0
54.7815,1,rev,-95.0,12.2,5.528,5.169,24.0,0.0,0.0,31.0,-100.0,-100.0,-8.0,0.0,0.0,31.0,-100.0,-100.0,0.0,0.0,-0.0,31.0,35.467,-95.0,-64.0,7.0,-3.916,34.0,-90.45,-90.311,-16.0,1.0,-0.0,31.0,31.707,31.22,8.0,0.0,0.0,31.0,40.619,40.825,-8.0,0.0,0.0,33.0
54.8345,1,rev,-95.0,12.1,5.528,5.169,24.0,0.0,0.0,31.0,-100.0,-100.0,-8.0,0.0,0.0,32.0,-100.0,-100.0,0.0,0.0,-0.0,31.0,35.067,-95.0,-60.0,5.0,-4.785,35.0,-90.45,-90.311,-16.0,0.0,-0.0,31.0,31.707,31.22,8.0,0.0,0.0,31.0,40.619,40.825,-8.0,0.0,0.0,33.0
54.8881,1,rev,-95.0,12.1,5.528,5.169,24.0,0.0,0.0,31.0,-100.0,-100.0,-8.0,0.0,0.0,32.0,-100.0,-100.0,0.0,0.0,-0.0,31.0,34.933,-95.0,-60.0,5.0,-3.826,35.0,-90.45,-90.311,-16.0,0.0,-0.0,31.0,31.707,31.22,8.0,0.0,0.0,31.0,40.619,40.825,-8.0,0.0,0.0,33.0
54.941,1,rev,-95.0,12.1,5.528,5.169,24.0,0.0,0.0,31.0,-100.0,-100.0,-8.0,0.0,0.0,32.0,-100.0,-100.0,0.0,0.0,-0.0,31.0,34.667,-95.0,-60.0,5.0,-4.315,35.0,-90.45,-90.311,-16.0,0.0,-0.0,31.0,31.707,31.22,8.0,0.0,0.0,31.0,40.619,40.825,-8.0,0.0,0.0,33.0
54.9945,1,rev,-95.0,12.1,5.528,5.169,24.0,0.0,0.0,31.0,-100.0,-100.0,-8.0,0.0,0.0,32.0,-100.0,-100.0,0.0,0.0,-0.0,31.0,34.267,-95.0,-60.0,5.0,-6.111,35.0,-90.45,-90.311,-16.0,0.0,-0.0,31.0,31.707,31.22,8.0,0.0,0.0,31.0,40.619,40.825,-8.0,0.0,0.0,33.0
55.048,1,rev,-95.0,12.1,5.528,5.169,24.0,0.0,0.0,31.0,-100.0,-100.0,-8.0,0.0,0.0,32.0,-100.0,-100.0,0.0,0.0,-0.0,31.0,34.0,-95.0,-60.0,5.0,-5.529,35.0,-90.45,-90.311,-16.0,0.0,-0.0,31.0,31.707,31.22,8.0,0.0,0.0,31.0,40.619,40.825,-8.0,0.0,0.0,33.0
55.1017,1,rev,-95.0,12.1,5.528,5.169,24.0,0.0,0.0,31.0,-100.0,-100.0,-8.0,0.0,0.0,32.0,-100.0,-100.0,0.0,0.0,-0.0,31.0,33.867,-95.0,-60.0,5.0,-4.214,35.0,-90.45,-90.311,-16.0,0.0,-0.0,31.0,31.707,31.22,8.0,0.0,0.0,31.0,40.619,40.825,-8.0,0.0,0.0,33.0
55.1556,1,rev,-95.0,12.1,5.528,5.169,24.0,0.0,0.0,31.0,-100.0,-100.0,-8.0,0.0,0.0,32.0,-100.0,-100.0,0.0,0.0,-0.0,31.0,33.6,-95.0,-60.0,5.0,-4.157,35.0,-90.45,-90.311,-16.0,0.0,-0.0,31.0,31.707,31.22,8.0,0.0,0.0,31.0,40.619,40.825,-8.0,0.0,0.0,33.0
55.2081,1,rev,-95.0,12.1,5.528,5.169,24.0,0.0,0.0,31.0,-100.0,-100.0,-8.0,0.0,0.0,32.0,-100.0,-100.0,0.0,0.0,-0.0,31.0,33.333,-95.0,-60.0,5.0,-4.586,35.0,-90.45,-90.311,-16.0,0.0,-0.0,31.0,31.707,31.22,8.0,0.0,0.0,31.0,40.619,40.825,-8.0,0.0,0.0,33.0
55.2615,1,rev,-95.0,12.1,5.528,5.169,24.0,0.0,0.0,31.0,-100.0,-100.0,-8.0,0.0,0.0,32.0,-100.0,-100.0,0.0,0.0,-0.0,31.0,33.067,-95.0,-60.0,5.0,-4.784,35.0,-90.45,-90.311,-16.0,0.0,-0.0,31.0,31.707,31.22,8.0,0.0,0.0,31.0,40.619,40.825,-8.0,0.0,0.0,33.0
55.3145,1,rev,-95.0,12.1,5.528,5.169,24.0,0.0,0.0,31.0,-100.0,-100.0,-8.0,0.0,0.0,32.0,-100.0,-100.0,0.0,0.0,-0.0,31.0,32.667,-95.0,-60.0,5.0,-5.922,35.0,-90.45,-90.311,-16.0,0.0,-0.0,31.0,31.707,31.22,8.0,0.0,0.0,31.0,40.619,40.825,-8.0,0.0,0.0,33.0
55.3666,1,rev,-95.0,12.2,5.528,5.169,24.0,0.0,0.0,31.0,-100.0,-100.0,-8.0,0.0,0.0,32.0,-100.0,-100.0,0.0,0.0,-0.0,31.0,32.533,-95.0,-56.0,5.0,-5.647,35.0,-90.45,-90.311,-16.0,0.0,-0.0,31.0,31.707,31.22,8.0,0.0,0.0,31.0,40.619,40.825,-8.0,0.0,0.0,33.0
55.4185,1,rev,-95.0,12.2,5.528,5.169,24.0,0.0,0.0,31.0,-100.0,-100.0,-8.0,0.0,0.0,32.0,-100.0,-100.0,0.0,0.0,-0.0,31.0,32.267,-95.0,-56.0,5.0,-4.755,35.0,-90.45,-90.311,-16.0,0.0,-0.0,31.0,31.707,31.22,8.0,0.0,0.0,31.0,40.619,40.825,-8.0,0.0,0.0,33.0
55.4716,1,rev,-95.0,12.2,5.528,5.169,24.0,0.0,0.0,31.0,-100.0,-100.0,-8.0,0.0,0.0,32.0,-100.0,-100.0,0.0,0.0,-0.0,31.0,31.867,-95.0,-56.0,5.0,-6.329,35.0,-90.45,-90.311,-16.0,0.0,-0.0,31.0,31.707,31.22,8.0,0.0,0.0,31.0,40.619,40.825,-8.0,0.0,0.0,33.0
55.5247,1,rev,-95.0,12.2,5.528,5.169,24.0,0.0,0.0,31.0,-100.0,-100.0,-8.0,0.0,0.0,32.0,-100.0,-100.0,0.0,0.0,-0.0,31.0,31.6,-95.0,-56.0,5.0,-5.649,35.0,-90.45,-90.311,-16.0,0.0,-0.0,31.0,31.707,31.22,8.0,0.0,0.0,31.0,40.619,40.825,-8.0,0.0,0.0,33.0
55.577,1,rev,-95.0,12.2,5.528,5.169,24.0,0.0,0.0,31.0,-100.0,-100.0,-8.0,0.0,0.0,32.0,-100.0,-100.0,0.0,0.0,-0.0,31.0,31.2,-95.0,-56.0,5.0,-6.336,35.0,-90.45,-90.311,-16.0,0.0,-0.0,31.0,31.707,31.22,8.0,0.0,0.0,31.0,40.619,40.825,-8.0,0.0,0.0,33.0
55.6296,1,rev,-95.0,12.2,5.528,5.169,24.0,0.0,0.0,31.0,-100.0,-100.0,-8.0,0.0,0.0,32.0,-100.0,-100.0,0.0,0.0,-0.0,31.0,30.933,-95.0,-56.0,5.0,-5.154,35.0,-90.45,-90.311,-16.0,0.0,-0.0,31.0,31.707,31.22,8.0,0.0,0.0,31.0,40.619,40.825,-8.0,0.0,0.0,33.0
55.683,1,rev,-95.0,12.2,5.528,5.169,24.0,0.0,0.0,31.0,-100.0,-100.0,-8.0,0.0,0.0,32.0,-100.0,-100.0,0.0,0.0,-0.0,31.0,30.667,-95.0,-56.0,5.0,-5.512,35.0,-90.45,-90.311,-16.0,0.0,-0.0,31.0,31.707,31.22,8.0,0.0,0.0,31.0,40.619,40.825,-8.0,0.0,0.0,33.0
55.7363,1,rev,-95.0,12.2,5.528,5.169,24.0,0.0,0.0,31.0,-100.0,-100.0,-8.0,0.0,0.0,32.0,-100.0,-100.0,0.0,0.0,-0.0,31.0,30.4,-95.0,-56.0,5.0,-5.226,35.0,-90.45,-90.311,-16.0,0.0,-0.0,31.0,31.707,31.22,8.0,0.0,0.0,31.0,40.619,40.825,-8.0,0.0,0.0,33.0
55.7906,1,rev,-95.0,12.2,5.528,5.169,24.0,0.0,0.0,31.0,-100.0,-100.0,-8.0,0.0,0.0,32.0,-100.0,-100.0,0.0,0.0,-0.0,31.0,30.133,-95.0,-56.0,5.0,-5.537,35.0,-90.45,-90.311,-16.0,0.0,-0.0,31.0,31.707,31.22,8.0,0.0,0.0,31.0,40.619,40.825,-8.0,0.0,0.0,33.0
55.8436,1,rev,-95.0,12.2,5.528,5.169,24.0,0.0,0.0,31.0,-100.0,-100.0,-8.0,0.0,0.0,32.0,-100.0,-100.0,0.0,0.0,-0.0,31.0,30.0,-95.0,-56.0,5.0,-3.758,35.0,-90.45,-90.311,-16.0,0.0,-0.0,31.0,31.707,31.22,8.0,0.0,0.0,31.0,40.619,40.825,-8.0,0.0,0.0,33.0
55.8956,1,rev,-95.0,12.2,5.528,5.169,24.0,0.0,0.0,31.0,-100.0,-100.0,-8.0,0.0,0.0,32.0,-100.0,-100.0,0.0,0.0,-0.0,31.0,29.467,-95.0,-56.0,5.0,-7.385,35.0,-90.45,-90.311,-16.0,0.0,-0.0,31.0,31.707,31.22,8.0,0.0,0.0,31.0,40.619,40.825,-8.0,0.0,0.0,33.0
55.9477,1,rev,-95.0,12.1,5.528,5.169,24.0,0.0,0.0,31.0,-100.0,-100.0,-8.0,0.0,0.0,32.0,-100.0,-100.0,0.0,0.0,-0.0,31.0,29.467,-95.0,-64.0,6.0,-7.385,35.0,-90.45,-90.311,-16.0,1.0,-0.0,31.0,31.707,31.22,8.0,0.0,0.0,31.0,40.619,40.825,-8.0,0.0,0.0,33.0
55.9997,1,rev,-95.0,12.1,5.528,5.169,24.0,0.0,0.0,31.0,-100.0,-100.0,-8.0,0.0,0.0,32.0,-100.0,-100.0,0.0,0.0,-0.0,31.0,29.333,-95.0,-64.0,6.0,-4.092,35.0,-90.45,-90.311,-16.0,1.0,-0.0,31.0,31.707,31.22,8.0,0.0,0.0,31.0,40.619,40.825,-8.0,0.0,0.0,33.0
56.0525,1,rev,-95.0,12.1,5.528,5.169,24.0,0.0,0.0,31.0,-100.0,-100.0,-8.0,0.0,0.0,32.0,-100.0,-100.0,0.0,0.0,-0.0,31.0,28.933,-95.0,-64.0,6.0,-5.913,35.0,-90.45,-90.311,-16.0,1.0,-0.0,31.0,31.707,31.22,8.0,0.0,0.0,31.0,40.619,40.825,-8.0,0.0,0.0,33.0
56.1062,1,rev,-95.0,12.1,5.528,5.169,24.0,0.0,0.0,31.0,-100.0,-100.0,-8.0,0.0,0.0,32.0,-100.0,-100.0,0.0,0.0,-0.0,31.0,28.667,-95.0,-64.0,6.0,-5.441,35.0,-90.45,-90.311,-16.0,1.0,-0.0,31.0,31.707,31.22,8.0,0.0,0.0,31.0,40.619,40.825,-8.0,0.0,0.0,33.0
56.159,1,rev,-95.0,12.1,5.528,5.169,24.0,0.0,0.0,31.0,-100.0,-100.0,-8.0,0.0,0.0,32.0,-100.0,-100.0,0.0,0.0,-0.0,31.0,28.533,-95.0,-64.0,6.0,-3.719,35.0,-90.45,-90.311,-16.0,1.0,-0.0,31.0,31.707,31.22,8.0,0.0,0.0,31.0,40.619,40.825,-8.0,0.0,0.0,33.0
56.2113,1,rev,-95.0,12.1,5.528,5.169,24.0,0.0,0.0,31.0,-100.0,-100.0,-8.0,0.0,0.0,32.0,-100.0,-100.0,0.0,0.0,-0.0,31.0,28.133,-95.0,-64.0,6.0,-5.845,35.0,-90.45,-90.311,-16.0,1.0,-0.0,31.0,31.707,31.22,8.0,0.0,0.0,31.0,40.619,40.825,-8.0,0.0,0.0,33.0
56.2644,1,rev,-95.0,12.1,5.528,5.169,24.0,0.0,0.0,31.0,-100.0,-100.0,-8.0,0.0,0.0,32.0,-100.0,-100.0,0.0,0.0,-0.0,31.0,27.867,-95.0,-64.0,6.0,-4.918,35.0,-90.45,-90.311,-16.0,1.0,-0.0,31.0,31.707,31.22,8.0,0.0,0.0,31.0,40.619,40.825,-8.0,0.0,0.0,33.0
56.3166,1,rev,-95.0,12.1,5.528,5.169,24.0,0.0,0.0,31.0,-100.0,-100.0,-8.0,0.0,0.0,32.0,-100.0,-100.0,0.0,0.0,-0.0,31.0,27.6,-95.0,-64.0,6.0,-4.916,35.0,-90.45,-90.311,-16.0,1.0,-0.0,31.0,31.707,31.22,8.0,0.0,0.0,31.0,40.619,40.825,-8.0,0.0,0.0,33.0
56.3687,1,rev,-95.0,12.1,5.528,5.169,24.0,0.0,0.0,31.0,-100.0,-100.0,-8.0,0.0,0.0,32.0,-100.0,-100.0,0.0,0.0,-0.0,31.0,27.467,-95.0,-64.0,6.0,-3.904,35.0,-90.45,-90.311,-16.0,1.0,-0.0,31.0,31.707,31.22,8.0,0.0,0.0,31.0,40.619,40.825,-8.0,0.0,0.0,33.0
56.4218,1,rev,-95.0,12.1,5.528,5.169,24.0,0.0,0.0,31.0,-100.0,-100.0,-8.0,0.0,0.0,32.0,-100.0,-100.0,0.0,0.0,-0.0,31.0,27.067,-95.0,-64.0,6.0,-5.496,35.0,-90.45,-90.311,-16.0,1.0,-0.0,31.0,31.707,31.22,8.0,0.0,0.0,31.0,40.619,40.825,-8.0,0.0,0.0,33.0
56.4751,1,rev,-95.0,12.1,5.528,5.169,24.0,0.0,0.0,31.0,-100.0,-100.0,-8.0,0.0,0.0,32.0,-100.0,-100.0,0.0,0.0,-0.0,31.0,26.933,-95.0,-64.0,6.0,-4.166,35.0,-90.45,-90.311,-16.0,1.0,-0.0,31.0,31.707,31.22,8.0,0.0,0.0,31.0,40.619,40.825,-8.0,0.0,0.0,33.0
56.5281,1,rev,-95.0,12.2,5.528,5.169,24.0,0.0,0.0,31.0,-100.0,-100.0,-8.0,0.0,0.0,32.0,-100.0,-100.0,0.0,0.0,-0.0,31.0,26.8,-95.0,-48.0,3.0,-3.578,35.0,-90.45,-90.311,-16.0,1.0,-0.0,31.0,31.707,31.22,8.0,0.0,0.0,31.0,40.619,40.825,-8.0,0.0,0.0,32.0
56.5815,1,rev,-95.0,12.2,5.528,5.169,24.0,0.0,0.0,31.0,-100.0,-100.0,-8.0,0.0,0.0,32.0,-100.0,-100.0,0.0,0.0,-0.0,31.0,26.4,-95.0,-48.0,3.0,-6.224,35.0,-90.45,-90.311,-16.0,1.0,-0.0,31.0,31.707,31.22,8.0,0.0,0.0,31.0,40.619,40.825,-8.0,0.0,0.0,32.0
56.6345,1,rev,-95.0,12.2,5.528,5.169,24.0,0.0,0.0,31.0,-100.0,-100.0,-8.0,0.0,0.0,32.0,-100.0,-100.0,0.0,0.0,-0.0,31.0,26.267,-95.0,-48.0,3.0,-5.858,35.0,-90.45,-90.311,-16.0,1.0,-0.0,31.0,31.707,31.22,8.0,0.0,0.0,31.0,40.619,40.825,-8.0,0.0,0.0,32.0
56.688,1,rev,-95.0,12.2,5.528,5.169,24.0,0.0,0.0,31.0,-100.0,-100.0,-8.0,0.0,0.0,32.0,-100.0,-100.0,0.0,0.0,-0.0,31.0,26.0,-95.0,-48.0,3.0,-5.274,35.0,-90.45,-90.311,-16.0,1.0,-0.0,31.0,31.707,31.22,8.0,0.0,0.0,31.0,40.619,40.825,-8.0,0.0,0.0,32.0
56.742,1,rev,-95.0,12.2,5.528,5.169,24.0,0.0,0.0,31.0,-100.0,-100.0,-8.0,0.0,0.0,32.0,-100.0,-100.0,0.0,0.0,-0.0,31.0,25.467,-95.0,-48.0,3.0,-7.409,35.0,-90.45,-90.311,-16.0,1.0,-0.0,31.0,31.707,31.22,8.0,0.0,0.0,31.0,40.619,40.825,-8.0,0.0,0.0,32.0
56.7964,1,rev,-95.0,12.2,5.528,5.169,24.0,0.0,0.0,31.0,-100.0,-100.0,-8.0,0.0,0.0,32.0,-100.0,-100.0,0.0,0.0,-0.0,31.0,25.333,-95.0,-48.0,3.0,-4.638,35.0,-90.45,-90.311,-16.0,1.0,-0.0,31.0,31.707,31.22,8.0,0.0,0.0,31.0,40.619,40.825,-8.0,0.0,0.0,32.0
56.85,1,rev,-95.0,12.2,5.528,5.169,24.0,0.0,0.0,31.0,-100.0,-100.0,-8.0,0.0,0.0,32.0,-100.0,-100.0,0.0,0.0,-0.0,31.0,25.067,-95.0,-48.0,3.0,-4.673,35.0,-90.45,-90.311,-16.0,1.0,-0.0,31.0,31.707,31.22,8.0,0.0,0.0,31.0,40.619,40.825,-8.0,0.0,0.0,32.0
56.9033,1,rev,-95.0,12.2,5.528,5.169,24.0,0.0,0.0,31.0,-100.0,-100.0,-8.0,0.0,0.0,32.0,-100.0,-100.0,0.0,0.0,-0.0,31.0,24.8,-95.0,-48.0,3.0,-4.851,35.0,-90.45,-90.311,-16.0,1.0,-0.0,31.0,31.707,31.22,8.0,0.0,0.0,31.0,40.619,40.825,-8.0,0.0,0.0,32.0
56.9558,1,rev,-95.0,12.2,5.528,5.169,24.0,0.0,0.0,31.0,-100.0,-100.0,-8.0,0.0,0.0,32.0,-100.0,-100.0,0.0,0.0,-0.0,31.0,24.533,-95.0,-48.0,3.0,-4.917,35.0,-90.45,-90.311,-16.0,1.0,-0.0,31.0,31.707,31.22,8.0,0.0,0.0,31.0,40.619,40.825,-8.0,0.0,0.0,32.0
57.008,1,rev,-95.0,12.2,5.528,5.169,24.0,0.0,0.0,31.0,-100.0,-100.0,-8.0,0.0,0.0,32.0,-100.0,-100.0,0.0,0.0,-0.0,31.0,24.4,-95.0,-48.0,3.0,-3.899,35.0,-90.45,-90.311,-16.0,1.0,-0.0,31.0,31.707,31.22,8.0,0.0,0.0,31.0,40.619,40.825,-8.0,0.0,0.0,32.0
57.0614,1,rev,-95.0,12.2,5.528,5.169,24.0,0.0,0.0,31.0,-100.0,-100.0,-8.0,0.0,0.0,32.0,-100.0,-100.0,0.0,0.0,-0.0,31.0,23.867,-95.0,-48.0,3.0,-6.933,35.0,-90.45,-90.311,-16.0,1.0,-0.0,31.0,31.707,31.22,8.0,0.0,0.0,31.0,40.619,40.825,-8.0,0.0,0.0,32.0
57.1137,1,rev,-95.0,12.1,5.528,5.169,24.0,0.0,0.0,31.0,-100.0,-100.0,-8.0,0.0,0.0,31.0,-100.0,-100.0,0.0,0.0,-0.0,31.0,23.733,-95.0,-56.0,5.0,-5.542,35.0,-90.45,-90.311,-16.0,0.0,-0.0,31.0,31.707,31.22,8.0,0.0,0.0,31.0,40.619,40.825,-8.0,0.0,0.0,33.0
57.1666,1,rev,-95.0,12.1,5.528,5.169,24.0,0.0,0.0,31.0,-100.0,-100.0,-8.0,0.0,0.0,31.0,-100.0,-100.0,0.0,0.0,-0.0,31.0,23.6,-95.0,-56.0,5.0,-4.206,35.0,-90.45,-90.311,-16.0,0.0,-0.0,31.0,31.707,31.22,8.0,0.0,0.0,31.0,40.619,40.825,-8.0,0.0,0.0,33.0
57.2198,1,rev,-95.0,12.1,5.528,5.169,24.0,0.0,0.0,31.0,-100.0,-100.0,-8.0,0.0,0.0,31.0,-100.0,-100.0,0.0,0.0,-0.0,31.0,23.2,-95.0,-56.0,5.0,-5.602,35.0,-90.45,-90.311,-16.0,0.0,-0.0,31.0,31.707,31.22,8.0,0.0,0.0,31.0,40.619,40.825,-8.0,0.0,0.0,33.0
57.2732,1,rev,-95.0,12.1,5.528,5.169,24.0,0.0,0.0,31.0,-100.0,-100.0,-8.0,0.0,0.0,31.0,-100.0,-100.0,0.0,0.0,-0.0,31.0,22.933,-95.0,-56.0,5.0,-5.279,35.0,-90.45,-90.311,-16.0,0.0,-0.0,31.0,31.707,31.22,8.0,0.0,0.0,31.0,40.619,40.825,-8.0,0.0,0.0,33.0
57.3256,1,rev,-95.0,12.1,5.528,5.169,24.0,0.0,0.0,31.0,-100.0,-100.0,-8.0,0.0,0.0,31.0,-100.0,-100.0,0.0,0.0,-0.0,31.0,22.667,-95.0,-56.0,5.0,-5.098,35.0,-90.45,-90.311,-16.0,0.0,-0.0,31.0,31.707,31.22,8.0,0.0,0.0,31.0,40.619,40.825,-8.0,0.0,0.0,33.0
57.3789,1,rev,-95.0,12.1,5.528,5.169,24.0,0.0,0.0,31.0,-100.0,-100.0,-8.0,0.0,0.0,31.0,-100.0,-100.0,0.0,0.0,-0.0,31.0,22.267,-95.0,-56.0,5.0,-6.105,35.0,-90.45,-90.311,-16.0,0.0,-0.0,31.0,31.707,31.22,8.0,0.0,0.0,31.0,40.619,40.825,-8.0,0.0,0.0,33.0
57.4318,1,rev,-95.0,12.1,5.528,5.169,24.0,0.0,0.0,31.0,-100.0,-100.0,-8.0,0.0,0.0,31.0,-100.0,-100.0,0.0,0.0,-0.0,31.0,22.133,-95.0,-56.0,5.0,-4.477,35.0,-90.45,-90.311,-16.0,0.0,-0.0,31.0,31.707,31.22,8.0,0.0,0.0,31.0,40.619,40.825,-8.0,0.0,0.0,33.0
57.4849,1,rev,-95.0,12.1,5.528,5.169,24.0,0.0,0.0,31.0,-100.0,-100.0,-8.0,0.0,0.0,31.0,-100.0,-100.0,0.0,0.0,-0.0,31.0,21.867,-95.0,-56.0,5.0,-5.097,35.0,-90.45,-90.311,-16.0,0.0,-0.0,31.0,31.707,31.22,8.0,0.0,0.0,31.0,40.619,40.825,-8.0,0.0,0.0,33.0
57.5381,1,rev,-95.0,12.1,5.528,5.169,24.0,0.0,0.0,31.0,-100.0,-100.0,-8.0,0.0,0.0,31.0,-100.0,-100.0,0.0,0.0,-0.0,31.0,21.6,-95.0,-56.0,5.0,-5.009,35.0,-90.45,-90.311,-16.0,0.0,-0.0,31.0,31.707,31.22,8.0,0.0,0.0,31.0,40.619,40.825,-8.0,0.0,0.0,33.0
57.5914,1,rev,-95.0,12.1,5.528,5.169,24.0,0.0,0.0,31.0,-100.0,-100.0,-8.0,0.0,0.0,31.0,-100.0,-100.0,0.0,0.0,-0.0,31.0,21.467,-95.0,-56.0,5.0,-4.973,35.0,-90.45,-90.311,-16.0,0.0,-0.0,31.0,31.707,31.22,8.0,0.0,0.0,31.0,40.619,40.825,-8.0,0.0,0.0,33.0
57.6437,1,rev,-95.0,12.1,5.528,5.169,24.0,0.0,0.0,31.0,-100.0,-100.0,-8.0,0.0,0.0,31.0,-100.0,-100.0,0.0,0.0,-0.0,31.0,21.333,-95.0,-56.0,5.0,-3.378,35.0,-90.45,-90.311,-16.0,0.0,-0.0,31.0,31.707,31.22,8.0,0.0,0.0,31.0,40.619,40.825,-8.0,0.0,0.0,33.0
57.6966,1,rev,-95.0,12.2,5.528,5.169,24.0,0.0,0.0,31.0,-100.0,-100.0,-8.0,0.0,0.0,32.0,-100.0,-100.0,0.0,0.0,-0.0,31.0,20.933,-95.0,-52.0,3.0,-4.46,35.0,-90.45,-90.311,-16.0,0.0,-0.0,31.0,31.707,31.22,8.0,0.0,0.0,31.0,40.619,40.825,-8.0,0.0,0.0,33.0
57.7497,1,rev,-95.0,12.2,5.528,5.169,24.0,0.0,0.0,31.0,-100.0,-100.0,-8.0,0.0,0.0,32.0,-100.0,-100.0,0.0,0.0,-0.0,31.0,20.667,-95.0,-52.0,3.0,-4.241,35.0,-90.45,-90.311,-16.0,0.0,-0.0,31.0,31.707,31.22,8.0,0.0,0.0,31.0,40.619,40.825,-8.0,0.0,0.0,33.0
57.8039,1,rev,-95.0,12.2,5.528,5.169,24.0,0.0,0.0,31.0,-100.0,-100.0,-8.0,0.0,0.0,32.0,-100.0,-100.0,0.0,0.0,-0.0,31.0,20.267,-95.0,-52.0,3.0,-6.113,35.0,-90.45,-90.311,-16.0,0.0,-0.0,31.0,31.707,31.22,8.0,0.0,0.0,31.0,40.619,40.825,-8.0,0.0,0.0,33.0
57.8572,1,rev,-95.0,12.2,5.528,5.169,24.0,0.0,0.0,31.0,-100.0,-100.0,-8.0,0.0,0.0,32.0,-100.0,-100.0,0.0,0.0,-0.0,31.0,20.0,-95.0,-52.0,3.0,-5.538,35.0,-90.45,-90.311,-16.0,0.0,-0.0,31.0,31.707,31.22,8.0,0.0,0.0,31.0,40.619,40.825,-8.0,0.0,0.0,33.0
57.9103,1,rev,-95.0,12.2,5.528,5.169,24.0,0.0,0.0,31.0,-100.0,-100.0,-8.0,0.0,0.0,32.0,-100.0,-100.0,0.0,0.0,-0.0,31.0,19.6,-95.0,-52.0,3.0,-6.786,35.0,-90.45,-90.311,-16.0,0.0,-0.0,31.0,31.707,31.22,8.0,0.0,0.0,31.0,40.619,40.825,-8.0,0.0,0.0,33.0
57.9635,1,rev,-95.0,12.2,5.528,5.169,24.0,0.0,0.0,31.0,-100.0,-100.0,-8.0,0.0,0.0,32.0,-100.0,-100.0,0.0,0.0,-0.0,31.0,19.467,-95.0,-52.0,3.0,-4.836,35.0,-90.45,-90.311,-16.0,0.0,-0.0,31.0,31.707,31.22,8.0,0.0,0.0,31.0,40.619,40.825,-8.0,0.0,0.0,33.0
58.0166,1,rev,-95.0,12.2,5.528,5.169,24.0,0.0,0.0,31.0,-100.0,-100.0,-8.0,0.0,0.0,32.0,-100.0,-100.0,0.0,0.0,-0.0,31.0,19.067,-95.0,-52.0,3.0,-5.954,35.0,-90.45,-90.311,-16.0,0.0,-0.0,31.0,31.707,31.22,8.0,0.0,0.0,31.0,40.619,40.825,-8.0,0.0,0.0,33.0
58.0689,1,rev,-95.0,12.2,5.528,5.169,24.0,0.0,0.0,31.0,-100.0,-100.0,-8.0,0.0,0.0,32.0,-100.0,-100.0,0.0,0.0,-0.0,31.0,18.933,-95.0,-52.0,3.0,-4.398,35.0,-90.45,-90.311,-16.0,0.0,-0.0,31.0,31.707,31.22,8.0,0.0,0.0,31.0,40.619,40.825,-8.0,0.0,0.0,33.0
58.1221,1,rev,-95.0,12.2,5.528,5.169,24.0,0.0,0.0,31.0,-100.0,-100.0,-8.0,0.0,0.0,32.0,-100.0,-100.0,0.0,0.0,-0.0,31.0,18.667,-95.0,-52.0,3.0,-4.686,35.0,-90.45,-90.311,-16.0,0.0,-0.0,31.0,31.707,31.22,8.0,0.0,0.0,31.0,40.619,40.825,-8.0,0.0,0.0,33.0
58.1753,1,rev,-95.0,12.2,5.528,5.169,24.0,0.0,0.0,31.0,-100.0,-100.0,-8.0,0.0,0.0,32.0,-100.0,-100.0,0.0,0.0,-0.0,31.0,18.4,-95.0,-52.0,3.0,-4.355,35.0,-90.45,-90.311,-16.0,0.0,-0.0,31.0,31.707,31.22,8.0,0.0,0.0,31.0,40.619,40.825,-8.0,0.0,0.0,33.0
58.2286,1,rev,-95.0,12.2,5.528,5.169,24.0,0.0,0.0,31.0,-100.0,-100.0,-8.0,0.0,0.0,31.0,-100.0,-100.0,0.0,0.0,-0.0,31.0,18.267,-95.0,-48.0,4.0,-4.546,35.0,-90.45,-90.311,-16.0,0.0,-0.0,31.0,31.707,31.22,8.0,0.0,0.0,31.0,40.619,40.825,-8.0,0.0,0.0,33.0
58.2816,1,rev,-95.0,12.2,5.528,5.169,24.0,0.0,0.0,31.0,-100.0,-100.0,-8.0,0.0,0.0,31.0,-100.0,-100.0,0.0,0.0,-0.0,31.0,18.133,-95.0,-48.0,4.0,-2.718,35.0,-90.45,-90.311,-16.0,0.0,-0.0,31.0,31.707,31.22,8.0,0.0,0.0,31.0,40.619,40.825,-8.0,0.0,0.0,33.0
58.3349,1,rev,-95.0,12.2,5.528,5.169,24.0,0.0,0.0,31.0,-100.0,-100.0,-8.0,0.0,0.0,31.0,-100.0,-100.0,0.0,0.0,-0.0,31.0,17.6,-95.0,-48.0,4.0,-6.397,35.0,-90.45,-90.311,-16.0,0.0,-0.0,31.0,31.707,31.22,8.0,0.0,0.0,31.0,40.619,40.825,-8.0,0.0,0.0,33.0
58.3885,1,rev,-95.0,12.2,5.528,5.169,24.0,0.0,0.0,31.0,-100.0,-100.0,-8.0,0.0,0.0,31.0,-100.0,-100.0,0.0,0.0,-0.0,31.0,17.467,-95.0,-48.0,4.0,-4.176,35.0,-90.45,-90.311,-16.0,0.0,-0.0,31.0,31.707,31.22,8.0,0.0,0.0,31.0,40.619,40.825,-8.0,0.0,0.0,33.0
58.4406,1,rev,-95.0,12.2,5.528,5.169,24.0,0.0,0.0,31.0,-100.0,-100.0,-8.0,0.0,0.0,31.0,-100.0,-100.0,0.0,0.0,-0.0,31.0,16.933,-95.0,-48.0,4.0,-7.156,35.0,-90.45,-90.311,-16.0,0.0,-0.0,31.0,31.707,31.22,8.0,0.0,0.0,31.0,40.619,40.825,-8.0,0.0,0.0,33.0
58.4935,1,rev,-95.0,12.2,5.528,5.169,24.0,0.0,0.0,31.0,-100.0,-100.0,-8.0,0.0,0.0,31.0,-100.0,-100.0,0.0,0.0,-0.0,31.0,16.667,-95.0,-48.0,4.0,-6.063,35.0,-90.45,-90.311,-16.0,0.0,-0.0,31.0,31.707,31.22,8.0,0.0,0.0,31.0,40.619,40.825,-8.0,0.0,0.0,33.0
58.5456,1,rev,-95.0,12.2,5.528,5.169,24.0,0.0,0.0,31.0,-100.0,-100.0,-8.0,0.0,0.0,31.0,-100.0,-100.0,0.0,0.0,-0.0,31.0,16.533,-95.0,-48.0,4.0,-4.467,35.0,-90.45,-90.311,-16.0,0.0,-0.0,31.0,31.707,31.22,8.0,0.0,0.0,31.0,40.619,40.825,-8.0,0.0,0.0,33.0
58.599,1,rev,-95.0,12.2,5.528,5.169,24.0,0.0,0.0,31.0,-100.0,-100.0,-8.0,0.0,0.0,31.0,-100.0,-100.0,0.0,0.0,-0.0,31.0,16.267,-95.0,-48.0,4.0,-4.717,35.0,-90.45,-90.311,-16.0,0.0,-0.0,31.0,31.707,31.22,8.0,0.0,0.0,31.0,40.619,40.825,-8.0,0.0,0.0,33.0
58.6517,1,rev,-95.0,12.2,5.528,5.169,24.0,0.0,0.0,31.0,-100.0,-100.0,-8.0,0.0,0.0,31.0,-100.0,-100.0,0.0,0.0,-0.0,31.0,15.867,-95.0,-48.0,4.0,-6.334,35.0,-90.45,-90.311,-16.0,0.0,-0.0,31.0,31.707,31.22,8.0,0.0,0.0,31.0,40.619,40.825,-8.0,0.0,0.0,33.0
58.7048,1,rev,-95.0,12.2,5.528,5.169,24.0,0.0,0.0,31.0,-100.0,-100.0,-8.0,0.0,0.0,31.0,-100.0,-100.0,0.0,0.0,-0.0,31.0,15.867,-95.0,-48.0,4.0,-3.104,35.0,-90.45,-90.311,-16.0,0.0,-0.0,31.0,31.707,31.22,8.0,0.0,0.0,31.0,40.619,40.825,-8.0,0.0,0.0,33.0
58.7579,1,rev,-95.0,12.2,5.528,5.169,24.0,0.0,0.0,31.0,-100.0,-100.0,-8.0,0.0,0.0,31.0,-100.0,-100.0,0.0,0.0,-0.0,31.0,15.333,-95.0,-48.0,4.0,-6.634,35.0,-90.45,-90.311,-16.0,0.0,-0.0,31.0,31.707,31.22,8.0,0.0,0.0,31.0,40.619,40.825,-8.0,0.0,0.0,33.0
58.812,1,rev,-95.0,12.1,5.528,5.169,24.0,0.0,0.0,31.0,-100.0,-100.0,-8.0,0.0,0.0,32.0,-100.0,-100.0,0.0,0.0,-0.0,31.0,15.333,-95.0,-56.0,5.0,-6.634,35.0,-90.45,-90.311,-16.0,0.0,-0.0,31.0,31.707,31.22,8.0,0.0,0.0,31.0,40.619,40.825,-8.0,0.0,0.0,33.0
58.8654,1,rev,-95.0,12.1,5.528,5.169,24.0,0.0,0.0,31.0,-100.0,-100.0,-8.0,0.0,0.0,32.0,-100.0,-100.0,0.0,0.0,-0.0,31.0,15.067,-95.0,-56.0,5.0,-5.198,35.0,-90.45,-90.311,-16.0,0.0,-0.0,31.0,31.707,31.22,8.0,0.0,0.0,31.0,40.619,40.825,-8.0,0.0,0.0,33.0
58.9189,1,rev,-95.0,12.1,5.528,5.169,24.0,0.0,0.0,31.0,-100.0,-100.0,-8.0,0.0,0.0,32.0,-100.0,-100.0,0.0,0.0,-0.0,31.0,14.933,-95.0,-56.0,5.0,-4.038,35.0,-90.45,-90.311,-16.0,0.0,-0.0,31.0,31.707,31.22,8.0,0.0,0.0,31.0,40.619,40.825,-8.0,0.0,0.0,33.0
58.9725,1,rev,-95.0,12.1,5.528,5.169,24.0,0.0,0.0,31.0,-100.0,-100.0,-8.0,0.0,0.0,32.0,-100.0,-100.0,0.0,0.0,-0.0,31.0,14.533,-95.0,-56.0,5.0,-5.351,35.0,-90.45,-90.311,-16.0,0.0,-0.0,31.0,31.707,31.22,8.0,0.0,0.0,31.0,40.619,40.825,-8.0,0.0,0.0,33.0
59.0256,1,rev,-95.0,12.1,5.528,5.169,24.0,0.0,0.0,31.0,-100.0,-100.0,-8.0,0.0,0.0,32.0,-100.0,-100.0,0.0,0.0,-0.0,31.0,14.267,-95.0,-56.0,5.0,-5.164,35.0,-90.45,-90.311,-16.0,0.0,-0.0,31.0,31.707,31.22,8.0,0.0,0.0,31.0,40.619,40.825,-8.0,0.0,0.0,33.0
59.0781,1,rev,-95.0,12.1,5.528,5.169,24.0,0.0,0.0,31.0,-100.0,-100.0,-8.0,0.0,0.0,32.0,-100.0,-100.0,0.0,0.0,-0.0,31.0,14.0,-95.0,-56.0,5.0,-5.07,35.0,-90.45,-90.311,-16.0,0.0,-0.0,31.0,31.707,31.22,8.0,0.0,0.0,31.0,40.619,40.825,-8.0,0.0,0.0,33.0
59.1309,1,rev,-95.0,12.1,5.528,5.169,24.0,0.0,0.0,31.0,-100.0,-100.0,-8.0,0.0,0.0,32.0,-100.0,-100.0,0.0,0.0,-0.0,31.0,13.6,-95.0,-56.0,5.0,-6.086,35.0,-90.45,-90.311,-16.0,0.0,-0.0,31.0,31.707,31.22,8.0,0.0,0.0,31.0,40.619,40.825,-8.0,0.0,0.0,33.0
59.1832,1,rev,-95.0,12.1,5.528,5.169,24.0,0.0,0.0,31.0,-100.0,-100.0,-8.0,0.0,0.0,32.0,-100.0,-100.0,0.0,0.0,-0.0,31.0,13.467,-95.0,-56.0,5.0,-4.475,35.0,-90.45,-90.311,-16.0,0.0,-0.0,31.0,31.707,31.22,8.0,0.0,0.0,31.0,40.619,40.825,-8.0,0.0,0.0,33.0
59.2364,1,rev,-95.0,12.1,5.528,5.169,24.0,0.0,0.0,31.0,-100.0,-100.0,-8.0,0.0,0.0,32.0,-100.0,-100.0,0.0,0.0,-0.0,31.0,13.2,-95.0,-56.0,5.0,-4.714,35.0,-90.45,-90.311,-16.0,0.0,-0.0,31.0,31.707,31.22,8.0,0.0,0.0,31.0,40.619,40.825,-8.0,0.0,0.0,33.0
59.2885,1,rev,-95.0,12.1,5.528,5.169,24.0,0.0,0.0,31.0,-100.0,-100.0,-8.0,0.0,0.0,32.0,-100.0,-100.0,0.0,0.0,-0.0,31.0,12.8,-95.0,-56.0,5.0,-5.895,35.0,-90.45,-90.311,-16.0,0.0,-0.0,31.0,31.707,31.22,8.0,0.0,0.0,31.0,40.619,40.825,-8.0,0.0,0.0,33.0
59.3416,1,rev,-95.0,12.1,5.528,5.169,24.0,0.0,0.0,31.0,-100.0,-100.0,-8.0,0.0,0.0,32.0,-100.0,-100.0,0.0,0.0,-0.0,31.0,12.667,-95.0,-56.0,5.0,-4.391,35.0,-90.45,-90.311,-16.0,0.0,-0.0,31.0,31.707,31.22,8.0,0.0,0.0,31.0,40.619,40.825,-8.0,0.0,0.0,33.0
59.3938,1,rev,-95.0,12.2,5.528,5.169,24.0,0.0,0.0,31.0,-100.0,-100.0,-8.0,0.0,0.0,32.0,-100.0,-100.0,0.0,0.0,-0.0,31.0,12.4,-95.0,-48.0,4.0,-4.42,35.0,-90.45,-90.311,-16.0,0.0,-0.0,31.0,31.707,31.22,8.0,0.0,0.0,31.0,40.619,40.825,-8.0,0.0,0.0,33.0
59.4457,1,rev,-95.0,12.2,5.528,5.169,24.0,0.0,0.0,31.0,-100.0,-100.0,-8.0,0.0,0.0,32.0,-100.0,-100.0,0.0,0.0,-0.0,31.0,12.133,-95.0,-48.0,4.0,-4.732,35.0,-90.45,-90.311,-16.0,0.0,-0.0,31.0,31.707,31.22,8.0,0.0,0.0,31.0,40.619,40.825,-8.0,0.0,0.0,33.0
59.4977,1,rev,-95.0,12.2,5.528,5.169,24.0,0.0,0.0,31.0,-100.0,-100.0,-8.0,0.0,0.0,32.0,-100.0,-100.0,0.0,0.0,-0.0,31.0,11.867,-95.0,-48.0,4.0,-4.875,35.0,-90.45,-90.311,-16.0,0.0,-0.0,31.0,31.707,31.22,8.0,0.0,0.0,31.0,40.619,40.825,-8.0,0.0,0.0,33.0
59.5497,1,rev,-95.0,12.2,5.528,5.169,24.0,0.0,0.0,31.0,-100.0,-100.0,-8.0,0.0,0.0,32.0,-100.0,-100.0,0.0,0.0,-0.0,31.0,11.467,-95.0,-48.0,4.0,-6.391,35.0,-90.45,-90.311,-16.0,0.0,-0.0,31.0,31.707,31.22,8.0,0.0,0.0,31.0,40.619,40.825,-8.0,0.0,0.0,33.0
59.6029,1,rev,-95.0,12.2,5.528,5.169,24.0,0.0,0.0,31.0,-100.0,-100.0,-8.0,0.0,0.0,32.0,-100.0,-100.0,0.0,0.0,-0.0,31.0,11.2,-95.0,-48.0,4.0,-5.689,35.0,-90.45,-90.311,-16.0,0.0,-0.0,31.0,31.707,31.22,8.0,0.0,0.0,31.0,40.619,40.825,-8.0,0.0,0.0,33.0
59.6562,1,rev,-95.0,12.2,5.528,5.169,24.0,0.0,0.0,31.0,-100.0,-100.0,-8.0,0.0,0.0,32.0,-100.0,-100.0,0.0,0.0,-0.0,31.0,11.2,-95.0,-48.0,4.0,-3.982,35.0,-90.45,-90.311,-16.0,0.0,-0.0,31.0,31.707,31.22,8.0,0.0,0.0,31.0,40.619,40.825,-8.0,0.0,0.0,33.0
59.7091,1,rev,-95.0,12.2,5.528,5.169,24.0,0.0,0.0,31.0,-100.0,-100.0,-8.0,0.0,0.0,32.0,-100.0,-100.0,0.0,0.0,-0.0,31.0,10.8,-95.0,-48.0,4.0,-5.899,35.0,-90.45,-90.311,-16.0,0.0,-0.0,31.0,31.707,31.22,8.0,0.0,0.0,31.0,40.619,40.825,-8.0,0.0,0.0,33.0
59.7625,1,rev,-95.0,12.2,5.528,5.169,24.0,0.0,0.0,31.0,-100.0,-100.0,-8.0,0.0,0.0,32.0,-100.0,-100.0,0.0,0.0,-0.0,31.0,10.533,-95.0,-48.0,4.0,-5.316,35.0,-90.45,-90.311,-16.0,0.0,-0.0,31.0,31.707,31.22,8.0,0.0,0.0,31.0,40.619,40.825,-8.0,0.0,0.0,33.0
59.8173,1,rev,-95.0,12.2,5.528,5.169,24.0,0.0,0.0,31.0,-100.0,-100.0,-8.0,0.0,0.0,32.0,-100.0,-100.0,0.0,0.0,-0.0,31.0,10.4,-95.0,-48.0,4.0,-4.108,35.0,-90.45,-90.311,-16.0,0.0,-0.0,31.0,31.707,31.22,8.0,0.0,0.0,31.0,40.619,40.825,-8.0,0.0,0.0,33.0
59.871,1,rev,-95.0,12.2,5.528,5.169,24.0,0.0,0.0,31.0,-100.0,-100.0,-8.0,0.0,0.0,32.0,-100.0,-100.0,0.0,0.0,-0.0,31.0,10.0,-95.0,-48.0,4.0,-6.01,35.0,-90.45,-90.311,-16.0,0.0,-0.0,31.0,31.707,31.22,8.0,0.0,0.0,31.0,40.619,40.825,-8.0,0.0,0.0,33.0
59.9237,1,rev,-95.0,12.2,5.528,5.169,24.0,0.0,0.0,31.0,-100.0,-100.0,-8.0,0.0,0.0,32.0,-100.0,-100.0,0.0,0.0,-0.0,31.0,9.733,-95.0,-48.0,4.0,-4.82,35.0,-90.45,-90.311,-16.0,0.0,-0.0,31.0,31.707,31.22,8.0,0.0,0.0,31.0,40.619,40.825,-8.0,0.0,0.0,33.0
59.9769,1,rev,-95.0,12.2,5.528,5.169,24.0,0.0,0.0,31.0,-100.0,-100.0,-8.0,0.0,0.0,32.0,-100.0,-100.0,0.0,1.0,-0.0,31.0,9.6,-95.0,-48.0,4.0,-4.041,35.0,-90.45,-90.311,-16.0,0.0,-0.0,31.0,31.707,31.22,8.0,0.0,0.0,31.0,40.619,40.825,-8.0,0.0,0.0,33.0
60.03,1,rev,-95.0,12.2,5.528,5.169,24.0,0.0,0.0,31.0,-100.0,-100.0,-8.0,0.0,0.0,32.0,-100.0,-100.0,0.0,1.0,-0.0,31.0,9.333,-95.0,-48.0,4.0,-4.537,35.0,-90.45,-90.311,-16.0,0.0,-0.0,31.0,31.707,31.22,8.0,0.0,0.0,31.0,40.619,40.825,-8.0,0.0,0.0,33.0
60.0834,1,rev,-95.0,12.2,5.528,5.169,24.0,0.0,0.0,31.0,-100.0,-100.0,-8.0,0.0,0.0,32.0,-100.0,-100.0,0.0,1.0,-0.0,31.0,8.933,-95.0,-48.0,4.0,-5.824,35.0,-90.381,-90.311,-16.0,0.0,0.772,31.0,31.707,31.22,8.0,0.0,0.0,31.0,40.619,40.825,-8.0,0.0,0.0,33.0
60.1355,1,rev,-95.0,12.2,5.528,5.169,24.0,0.0,0.0,31.0,-100.0,-100.0,-8.0,0.0,0.0,32.0,-100.0,-100.0,0.0,1.0,-0.0,31.0,8.8,-95.0,-48.0,4.0,-4.34,35.0,-90.381,-90.311,-16.0,0.0,0.378,31.0,31.707,31.22,8.0,0.0,0.0,31.0,40.619,40.825,-8.0,0.0,0.0,33.0
60.1889,1,rev,-95.0,12.2,5.528,5.169,24.0,0.0,0.0,31.0,-100.0,-100.0,-8.0,0.0,0.0,32.0,-100.0,-100.0,0.0,1.0,-0.0,31.0,8.4,-95.0,-48.0,4.0,-6.165,35.0,-90.381,-90.311,-16.0,0.0,0.185,31.0,31.707,31.22,8.0,0.0,0.0,31.0,40.619,40.825,-8.0,0.0,0.0,33.0
60.2411,1,rev,-95.0,12.2,5.528,5.169,24.0,0.0,0.0,31.0,-100.0,-100.0,-8.0,0.0,0.0,32.0,-100.0,-100.0,0.0,1.0,-0.0,31.0,8.0,-95.0,-48.0,4.0,-6.631,35.0,-90.381,-90.311,-16.0,0.0,0.091,31.0,31.707,31.22,8.0,0.0,0.0,31.0,40.619,40.825,-8.0,0.0,0.0,33.0
60.2946,1,rev,-95.0,12.2,5.528,5.169,24.0,0.0,0.0,31.0,-100.0,-100.0,-8.0,0.0,0.0,32.0,-100.0,-100.0,0.0,1.0,-0.0,31.0,7.867,-95.0,-48.0,4.0,-4.737,35.0,-90.381,-90.311,-16.0,0.0,0.044,31.0,31.707,31.22,8.0,0.0,0.0,31.0,40.619,40.825,-8.0,0.0,0.0,33.0
60.3479,1,rev,-95.0,12.2,5.528,5.169,24.0,0.0,0.0,31.0,-100.0,-100.0,-8.0,0.0,0.0,32.0,-100.0,-100.0,0.0,1.0,-0.0,31.0,7.6,-95.0,-48.0,4.0,-4.868,35.0,-90.381,-90.311,-16.0,0.0,0.022,31.0,31.707,31.22,8.0,0.0,0.0,31.0,40.619,40.825,-8.0,0.0,0.0,33.0
60.4013,1,rev,-95.0,12.2,5.528,5.169,24.0,0.0,0.0,31.0,-100.0,-100.0,-8.0,0.0,0.0,32.0,-100.0,-100.0,0.0,1.0,-0.0,31.0,7.333,-95.0,-48.0,4.0,-4.904,35.0,-90.381,-90.311,-16.0,0.0,0.011,31.0,31.707,31.22,8.0,0.0,0.0,31.0,40.619,40.825,-8.0,0.0,0.0,33.0
60.4538,1,rev,-95.0,12.2,5.528,5.169,24.0,0.0,0.0,31.0,-100.0,-100.0,-8.0,0.0,0.0,32.0,-100.0,-100.0,0.0,1.0,-0.0,31.0,6.933,-95.0,-48.0,4.0,-6.46,35.0,-90.381,-90.311,-16.0,0.0,0.005,31.0,31.707,31.22,8.0,0.0,0.0,31.0,40.619,40.825,-8.0,0.0,0.0,33.0
60.5069,1,rev,-95.0,12.1,5.528,5.169,24.0,0.0,0.0,31.0,-100.0,-100.0,-8.0,0.0,0.0,32.0,-100.0,-100.0,0.0,0.0,-0.0,31.0,6.8,-95.0,-48.0,3.0,-6.033,35.0,-90.381,-90.311,-8.0,0.0,0.004,31.0,31.707,31.22,8.0,0.0,0.0,31.0,40.619,40.825,-8.0,0.0,0.0,33.0
60.5599,1,rev,-95.0,12.1,5.528,5.169,24.0,0.0,0.0,31.0,-100.0,-100.0,-8.0,0.0,0.0,32.0,-100.0,-100.0,0.0,0.0,-0.0,31.0,6.533,-95.0,-48.0,3.0,-4.959,35.0,-90.381,-90.311,-8.0,0.0,0.002,31.0,31.707,31.22,8.0,0.0,0.0,31.0,40.619,40.825,-8.0,0.0,0.0,33.0
60.6128,1,rev,-95.0,12.1,5.528,5.169,24.0,0.0,0.0,31.0,-100.0,-100.0,-8.0,0.0,0.0,32.0,-100.0,-100.0,0.0,0.0,-0.0,31.0,6.267,-95.0,-48.0,3.0,-4.992,35.0,-90.381,-90.311,-8.0,0.0,0.001,31.0,31.707,31.22,8.0,0.0,0.0,31.0,40.619,40.825,-8.0,0.0,0.0,33.0
60.6658,1,rev,-95.0,12.1,5.528,5.169,24.0,0.0,0.0,31.0,-100.0,-100.0,-8.0,0.0,0.0,32.0,-100.0,-100.0,0.0,0.0,-0.0,31.0,6.0,-95.0,-48.0,3.0,-6.452,35.0,-90.381,-90.311,-8.0,0.0,0.001,31.0,31.707,31.22,8.0,0.0,0.0,31.0,40.619,40.825,-8.0,0.0,0.0,33.0
60.7191,1,rev,-95.0,12.1,5.528,5.169,24.0,0.0,0.0,31.0,-100.0,-100.0,-8.0,0.0,0.0,32.0,-100.0,-100.0,0.0,0.0,-0.0,31.0,5.867,-95.0,-48.0,3.0,-4.196,35.0,-90.381,-90.311,-8.0,0.0,0.0,31.0,31.707,31.22,8.0,0.0,0.0,31.0,40.619,40.825,-8.0,0.0,0.0,33.0
60.7721,1,rev,-95.0,12.1,5.528,5.169,24.0,0.0,0.0,31.0,-100.0,-100.0,-8.0,0.0,0.0,32.0,-100.0,-100.0,0.0,0.0,-0.0,31.0,5.6,-95.0,-48.0,3.0,-4.49,35.0,-90.381,-90.311,-8.0,0.0,0.0,31.0,31.707,31.22,8.0,0.0,0.0,31.0,40.619,40.825,-8.0,0.0,0.0,33.0
60.8269,1,rev,-95.0,12.1,5.528,5.169,24.0,0.0,0.0,31.0,-100.0,-100.0,-8.0,0.0,0.0,32.0,-100.0,-100.0,0.0,0.0,-0.0,31.0,5.2,-95.0,-48.0,3.0,-6.09,35.0,-90.381,-90.311,-8.0,0.0,0.0,31.0,31.707,31.22,8.0,0.0,0.0,31.0,40.619,40.825,-8.0,0.0,0.0,33.0
60.8803,1,rev,-95.0,12.1,5.528,5.169,24.0,0.0,0.0,31.0,-100.0,-100.0,-8.0,0.0,0.0,32.0,-100.0,-100.0,0.0,0.0,-0.0,31.0,5.067,-95.0,-48.0,3.0,-4.032,35.0,-90.381,-90.311,-8.0,0.0,0.0,31.0,31.707,31.22,8.0,0.0,0.0,31.0,40.619,40.825,-8.0,0.0,0.0,33.0
60.9339,1,rev,-95.0,12.1,5.528,5.169,24.0,0.0,0.0,31.0,-100.0,-100.0,-8.0,0.0,0.0,32.0,-100.0,-100.0,0.0,0.0,-0.0,31.0,4.8,-95.0,-48.0,3.0,-4.404,35.0,-90.381,-90.311,-8.0,0.0,0.0,31.0,31.707,31.22,8.0,0.0,0.0,31.0,40.619,40.825,-8.0,0.0,0.0,33.0
60.9868,1,rev,-95.0,12.1,5.528,5.169,24.0,0.0,0.0,31.0,-100.0,-100.0,-8.0,0.0,0.0,32.0,-100.0,-100.0,0.0,0.0,-0.0,31.0,4.533,-95.0,-48.0,3.0,-4.687,35.0,-90.381,-90.311,-8.0,0.0,0.0,31.0,31.707,31.22,8.0,0.0,0.0,31.0,40.619,40.825,-8.0,0.0,0.0,33.0
61.04,1,rev,-95.0,12.1,5.528,5.169,24.0,0.0,0.0,31.0,-100.0,-100.0,-8.0,0.0,0.0,32.0,-100.0,-100.0,0.0,0.0,-0.0,31.0,4.267,-95.0,-48.0,3.0,-4.409,35.0,-90.381,-90.311,-8.0,0.0,0.0,31.0,31.707,31.22,8.0,0.0,0.0,31.0,40.619,40.825,-8.0,0.0,0.0,33.0
61.0933,1,rev,-95.0,12.1,5.528,5.169,24.0,0.0,0.0,31.0,-100.0,-100.0,-8.0,0.0,0.0,32.0,-100.0,-100.0,0.0,0.0,-0.0,31.0,4.133,-95.0,-40.0,3.0,-4.592,35.0,-90.381,-90.311,-8.0,0.0,0.0,31.0,31.707,31.22,8.0,0.0,0.0,31.0,40.619,40.825,-8.0,0.0,0.0,33.0
61.1464,1,rev,-95.0,12.1,5.528,5.169,24.0,0.0,0.0,31.0,-100.0,-100.0,-8.0,0.0,0.0,32.0,-100.0,-100.0,0.0,0.0,-0.0,31.0,3.733,-95.0,-40.0,3.0,-4.728,35.0,-90.381,-90.311,-8.0,0.0,0.0,31.0,31.707,31.22,8.0,0.0,0.0,31.0,40.619,40.825,-8.0,0.0,0.0,33.0
61.1999,1,rev,-95.0,12.1,5.528,5.169,24.0,0.0,0.0,31.0,-100.0,-100.0,-8.0,0.0,0.0,32.0,-100.0,-100.0,0.0,0.0,-0.0,31.0,3.333,-95.0,-40.0,3.0,-6.37,35.0,-90.381,-90.311,-8.0,0.0,0.0,31.0,31.707,31.22,8.0,0.0,0.0,31.0,40.619,40.825,-8.0,0.0,0.0,33.0
61.2529,1,rev,-95.0,12.1,5.528,5.169,24.0,0.0,0.0,31.0,-100.0,-100.0,-8.0,0.0,0.0,32.0,-100.0,-100.0,0.0,0.0,-0.0,31.0,3.2,-95.0,-40.0,3.0,-4.613,35.0,-90.381,-90.311,-8.0,0.0,0.0,31.0,31.707,31.22,8.0,0.0,0.0,31.0,40.619,40.825,-8.0,0.0,0.0,33.0
61.3051,1,rev,-95.0,12.1,5.528,5.169,24.0,0.0,0.0,31.0,-100.0,-100.0,-8.0,0.0,0.0,32.0,-100.0,-100.0,0.0,0.0,-0.0,31.0,2.8,-95.0,-40.0,3.0,-5.857,35.0,-90.381,-90.311,-8.0,0.0,0.0,31.0,31.707,31.22,8.0,0.0,0.0,31.0,40.619,40.825,-8.0,0.0,0.0,33.0
61.3586,1,rev,-95.0,12.1,5.528,5.169,24.0,0.0,0.0,31.0,-100.0,-100.0,-8.0,0.0,0.0,32.0,-100.0,-100.0,0.0,0.0,-0.0,31.0,2.667,-95.0,-40.0,3.0,-3.908,35.0,-90.381,-90.311,-8.0,0.0,0.0,31.0,31.707,31.22,8.0,0.0,0.0,31.0,40.619,40.825,-8.0,0.0,0.0,33.0
61.4119,1,rev,-95.0,12.1,5.528,5.169,24.0,0.0,0.0,31.0,-100.0,-100.0,-8.0,0.0,0.0,32.0,-100.0,-100.0,0.0,0.0,-0.0,31.0,2.4,-95.0,-40.0,3.0,-4.443,35.0,-90.381,-90.311,-8.0,0.0,0.0,31.0,31.707,31.22,8.0,0.0,0.0,31.0,40.619,40.825,-8.0,0.0,0.0,33.0
61.4652,1,rev,-95.0,12.1,5.528,5.169,24.0,0.0,0.0,31.0,-100.0,-100.0,-8.0,0.0,0.0,32.0,-100.0,-100.0,0.0,0.0,-0.0,31.0,2.0,-95.0,-40.0,3.0,-6.194,35.0,-90.381,-90.311,-8.0,0.0,0.0,31.0,31.707,31.22,8.0,0.0,0.0,31.0,40.619,40.825,-8.0,0.0,0.0,33.0
61.5176,1,rev,-95.0,12.1,5.528,5.169,24.0,0.0,0.0,31.0,-100.0,-100.0,-8.0,0.0,0.0,32.0,-100.0,-100.0,0.0,0.0,-0.0,31.0,2.0,-95.0,-40.0,3.0,-3.035,35.0,-90.381,-90.311,-8.0,0.0,0.0,31.0,31.707,31.22,8.0,0.0,0.0,31.0,40.619,40.825,-8.0,0.0,0.0,33.0
61.571,1,rev,-95.0,12.1,5.528,5.169,24.0,0.0,0.0,31.0,-100.0,-100.0,-8.0,0.0,0.0,32.0,-100.0,-100.0,0.0,0.0,-0.0,31.0,1.6,-95.0,-40.0,3.0,-5.066,35.0,-90.381,-90.311,-8.0,0.0,0.0,31.0,31.707,31.22,8.0,0.0,0.0,31.0,40.619,40.825,-8.0,0.0,0.0,33.0
61.6239,1,rev,-95.0,12.1,5.528,5.169,24.0,0.0,0.0,31.0,-100.0,-100.0,-8.0,0.0,0.0,32.0,-100.0,-100.0,0.0,0.0,-0.0,31.0,1.333,-95.0,-40.0,3.0,-5.037,35.0,-90.381,-90.311,-8.0,0.0,0.0,31.0,31.707,31.22,8.0,0.0,0.0,31.0,40.619,40.825,-8.0,0.0,0.0,33.0
61.6771,1,rev,-95.0,12.2,5.528,5.169,24.0,0.0,0.0,31.0,-100.0,-100.0,-8.0,0.0,0.0,31.0,-100.0,-100.0,0.0,0.0,-0.0,31.0,1.2,-95.0,-40.0,3.0,-4.193,35.0,-90.381,-90.311,-8.0,0.0,0.0,31.0,31.707,31.22,8.0,0.0,0.0,31.0,40.619,40.825,-8.0,0.0,0.0,33.0
61.7303,1,rev,-95.0,12.2,5.528,5.169,24.0,0.0,0.0,31.0,-100.0,-100.0,-8.0,0.0,0.0,31.0,-100.0,-100.0,0.0,0.0,-0.0,31.0,1.2,-95.0,-40.0,3.0,-2.935,35.0,-90.381,-90.311,-8.0,0.0,0.0,31.0,31.707,31.22,8.0,0.0,0.0,31.0,40.619,40.825,-8.0,0.0,0.0,33.0
61.7827,1,rev,-95.0,12.2,5.528,5.169,24.0,0.0,0.0,31.0,-100.0,-100.0,-8.0,0.0,0.0,31.0,-100.0,-100.0,0.0,0.0,-0.0,31.0,0.667,-95.0,-40.0,3.0,-6.463,35.0,-90.381,-90.311,-8.0,0.0,0.0,31.0,31.707,31.22,8.0,0.0,0.0,31.0,40.619,40.825,-8.0,0.0,0.0,33.0
61.8369,1,rev,-95.0,12.2,5.528,5.169,24.0,0.0,0.0,31.0,-100.0,-100.0,-8.0,0.0,0.0,31.0,-100.0,-100.0,0.0,0.0,-0.0,31.0,0.4,-95.0,-40.0,3.0,-5.587,35.0,-90.381,-90.311,-8.0,0.0,0.0,31.0,31.707,31.22,8.0,0.0,0.0,31.0,40.619,40.825,-8.0,0.0,0.0,33.0
61.8903,1,rev,-95.0,12.2,5.528,5.169,24.0,0.0,0.0,31.0,-100.0,-100.0,-8.0,0.0,0.0,31.0,-100.0,-100.0,0.0,0.0,-0.0,31.0,0.0,-95.0,-40.0,3.0,-6.222,35.0,-90.381,-90.311,-8.0,0.0,0.0,31.0,31.707,31.22,8.0,0.0,0.0,31.0,40.619,40.825,-8.0,0.0,0.0,33.0
61.9432,1,rev,-95.0,12.2,5.528,5.169,24.0,0.0,0.0,31.0,-100.0,-100.0,-8.0,0.0,0.0,31.0,-100.0,-100.0,0.0,0.0,-0.0,31.0,-0.267,-95.0,-40.0,3.0,-5.57,35.0,-90.381,-90.311,-8.0,0.0,0.0,31.0,31.707,31.22,8.0,0.0,0.0,31.0,40.619,40.825,-8.0,0.0,0.0,33.0
61.9957,1,rev,-95.0,12.2,5.528,5.169,24.0,0.0,0.0,31.0,-100.0,-100.0,-8.0,0.0,0.0,31.0,-100.0,-100.0,0.0,0.0,-0.0,31.0,-0.533,-95.0,-40.0,3.0,-5.196,35.0,-90.381,-90.311,-8.0,0.0,0.0,31.0,31.707,31.22,8.0,0.0,0.0,31.0,40.619,40.825,-8.0,0.0,0.0,33.0
62.0489,1,rev,-95.0,12.2,5.528,5.169,24.0,0.0,0.0,31.0,-100.0,-100.0,-8.0,0.0,0.0,31.0,-100.0,-100.0,0.0,0.0,-0.0,31.0,-0.8,-95.0,-40.0,3.0,-5.082,35.0,-90.381,-90.311,-8.0,0.0,0.0,31.0,31.707,31.22,8.0,0.0,0.0,31.0,40.619,40.825,-8.0,0.0,0.0,33.0
62.1023,1,rev,-95.0,12.2,5.528,5.169,24.0,0.0,0.0,31.0,-100.0,-100.0,-8.0,0.0,0.0,31.0,-100.0,-100.0,0.0,0.0,-0.0,31.0,-1.067,-95.0,-40.0,3.0,-5.008,35.0,-90.381,-90.311,-8.0,0.0,0.0,31.0,31.707,31.22,8.0,0.0,0.0,31.0,40.619,40.825,-8.0,0.0,0.0,33.0
62.1554,1,rev,-95.0,12.2,5.528,5.169,24.0,0.0,0.0,31.0,-100.0,-100.0,-8.0,0.0,0.0,31.0,-100.0,-100.0,0.0,0.0,-0.0,31.0,-1.2,-95.0,-40.0,3.0,-3.955,35.0,-90.381,-90.311,-8.0,0.0,0.0,31.0,31.707,31.22,8.0,0.0,0.0,31.0,40.619,40.825,-8.0,0.0,0.0,33.0
62.2086,1,rev,-95.0,12.2,5.528,5.169,24.0,0.0,0.0,31.0,-100.0,-100.0,-8.0,0.0,0.0,31.0,-100.0,-100.0,0.0,0.0,-0.0,31.0,-1.6,-95.0,-40.0,3.0,-5.548,35.0,-90.381,-90.311,-8.0,0.0,0.0,31.0,31.707,31.22,8.0,0.0,0.0,31.0,40.619,40.825,-8.0,0.0,0.0,33.0
62.2621,1,rev,-95.0,12.2,5.528,5.169,24.0,0.0,0.0,31.0,-100.0,-100.0,-8.0,0.0,0.0,31.0,-100.0,-100.0,0.0,0.0,-0.0,31.0,-1.733,-95.0,-40.0,2.0,-4.545,35.0,-90.381,-90.311,-8.0,0.0,0.0,31.0,31.707,31.22,8.0,0.0,0.0,31.0,40.619,40.825,-8.0,0.0,0.0,33.0
62.3142,1,rev,-95.0,12.2,5.528,5.169,24.0,0.0,0.0,31.0,-100.0,-100.0,-8.0,0.0,0.0,31.0,-100.0,-100.0,0.0,0.0,-0.0,31.0,-2.0,-95.0,-40.0,2.0,-4.759,35.0,-90.381,-90.311,-8.0,0.0,0.0,31.0,31.707,31.22,8.0,0.0,0.0,31.0,40.619,40.825,-8.0,0.0,0.0,33.0
62.3676,1,rev,-95.0,12.2,5.528,5.169,24.0,0.0,0.0,31.0,-100.0,-100.0,-8.0,0.0,0.0,31.0,-100.0,-100.0,0.0,0.0,-0.0,31.0,-2.4,-95.0,-40.0,2.0,-5.932,35.0,-90.381,-90.311,-8.0,0.0,0.0,31.0,31.707,31.22,8.0,0.0,0.0,31.0,40.619,40.825,-8.0,0.0,0.0,33.0
62.4209,1,rev,-95.0,12.2,5.528,5.169,24.0,0.0,0.0,31.0,-100.0,-100.0,-8.0,0.0,0.0,31.0,-100.0,-100.0,0.0,0.0,-0.0,31.0,-2.667,-95.0,-40.0,2.0,-5.458,35.0,-90.381,-90.311,-8.0,0.0,0.0,31.0,31.707,31.22,8.0,0.0,0.0,31.0,40.619,40.825,-8.0,0.0,0.0,33.0
62.4742,1,rev,-95.0,12.2,5.528,5.169,24.0,0.0,0.0,31.0,-100.0,-100.0,-8.0,0.0,0.0,31.0,-100.0,-100.0,0.0,0.0,-0.0,31.0,-2.933,-95.0,-40.0,2.0,-5.225,35.0,-90.381,-90.311,-8.0,0.0,0.0,31.0,31.707,31.22,8.0,0.0,0.0,31.0,40.619,40.825,-8.0,0.0,0.0,33.0
62.5274,1,rev,-95.0,12.2,5.528,5.169,24.0,0.0,0.0,31.0,-100.0,-100.0,-8.0,0.0,0.0,31.0,-100.0,-100.0,0.0,0.0,-0.0,31.0,-3.333,-95.0,-40.0,2.0,-6.589,35.0,-90.381,-90.311,-8.0,0.0,0.0,31.0,31.707,31.22,8.0,0.0,0.0,31.0,40.619,40.825,-8.0,0.0,0.0,33.0
62.5798,1,rev,-95.0,12.2,5.528,5.169,24.0,0.0,0.0,31.0,-100.0,-100.0,-8.0,0.0,0.0,31.0,-100.0,-100.0,0.0,0.0,-0.0,31.0,-3.467,-95.0,-40.0,2.0,-4.71,35.0,-90.381,-90.311,-8.0,0.0,0.0,31.0,31.707,31.22,8.0,0.0,0.0,31.0,40.619,40.825,-8.0,0.0,0.0,33.0
62.633,1,rev,-95.0,12.2,5.528,5.169,24.0,0.0,0.0,31.0,-100.0,-100.0,-8.0,0.0,0.0,31.0,-100.0,-100.0,0.0,0.0,-0.0,31.0,-3.6,-95.0,-40.0,2.0,-3.361,35.0,-90.381,-90.311,-8.0,0.0,0.0,31.0,31.707,31.22,8.0,0.0,0.0,31.0,40.619,40.825,-8.0,0.0,0.0,33.0
62.6874,1,rev,-95.0,12.2,5.528,5.169,24.0,0.0,0.0,31.0,-100.0,-100.0,-8.0,0.0,0.0,31.0,-100.0,-100.0,0.0,0.0,-0.0,31.0,-4.0,-95.0,-40.0,2.0,-5.715,35.0,-90.381,-90.311,-8.0,0.0,0.0,31.0,31.707,31.22,8.0,0.0,0.0,31.0,40.619,40.825,-8.0,0.0,0.0,33.0
62.7399,1,rev,-95.0,12.2,5.528,5.169,24.0,0.0,0.0,31.0,-100.0,-100.0,-8.0,0.0,0.0,31.0,-100.0,-100.0,0.0,0.0,-0.0,31.0,-4.133,-95.0,-40.0,2.0,-3.859,35.0,-90.381,-90.311,-8.0,0.0,0.0,31.0,31.707,31.22,8.0,0.0,0.0,31.0,40.619,40.825,-8.0,0.0,0.0,33.0
62.793,1,rev,-95.0,12.2,5.528,5.169,24.0,0.0,0.0,31.0,-100.0,-100.0,-8.0,0.0,0.0,32.0,-100.0,-100.0,0.0,0.0,-0.0,31.0,-4.267,-95.0,-40.0,3.0,-4.208,35.0,-90.381,-90.311,-8.0,0.0,0.0,31.0,31.707,31.22,8.0,0.0,0.0,31.0,40.619,40.825,-8.0,0.0,0.0,33.0
62.847,1,rev,-95.0,12.2,5.528,5.169,24.0,0.0,0.0,31.0,-100.0,-100.0,-8.0,0.0,0.0,32.0,-100.0,-100.0,0.0,0.0,-0.0,31.0,-4.533,-95.0,-40.0,3.0,-3.042,35.0,-90.381,-90.311,-8.0,0.0,0.0,31.0,31.707,31.22,8.0,0.0,0.0,31.0,40.619,40.825,-8.0,0.0,0.0,33.0
62.8999,1,rev,-95.0,12.2,5.528,5.169,24.0,0.0,0.0,31.0,-100.0,-100.0,-8.0,0.0,0.0,32.0,-100.0,-100.0,0.0,0.0,-0.0,31.0,-4.933,-95.0,-40.0,3.0,-5.088,35.0,-90.381,-90.311,-8.0,0.0,0.0,31.0,31.707,31.22,8.0,0.0,0.0,31.0,40.619,40.825,-8.0,0.0,0.0,33.0
62.9532,1,rev,-95.0,12.2,5.528,5.169,24.0,0.0,0.0,31.0,-100.0,-100.0,-8.0,0.0,0.0,32.0,-100.0,-100.0,0.0,0.0,-0.0,31.0,-5.2,-95.0,-40.0,3.0,-5.007,35.0,-90.381,-90.311,-8.0,0.0,0.0,31.0,31.707,31.22,8.0,0.0,0.0,31.0,40.619,40.825,-8.0,0.0,0.0,33.0
63.0058,1,rev,-95.0,12.2,5.528,5.169,24.0,0.0,0.0,31.0,-100.0,-100.0,-8.0,0.0,0.0,32.0,-100.0,-100.0,0.0,0.0,-0.0,31.0,-5.467,-95.0,-40.0,3.0,-6.5,35.0,-90.381,-90.311,-8.0,0.0,0.0,31.0,31.707,31.22,8.0,0.0,0.0,31.0,40.619,40.825,-8.0,0.0,0.0,33.0
63.0591,1,rev,-95.0,12.2,5.528,5.169,24.0,0.0,0.0,31.0,-100.0,-100.0,-8.0,0.0,0.0,32.0,-100.0,-100.0,0.0,0.0,-0.0,31.0,-5.733,-95.0,-40.0,3.0,-5.634,35.0,-90.381,-90.311,-8.0,0.0,0.0,31.0,31.707,31.22,8.0,0.0,0.0,31.0,40.619,40.825,-8.0,0.0,0.0,33.0
63.1127,1,rev,-95.0,12.2,5.528,5.169,24.0,0.0,0.0,31.0,-100.0,-100.0,-8.0,0.0,0.0,32.0,-100.0,-100.0,0.0,0.0,-0.0,31.0,-6.133,-95.0,-40.0,3.0,-6.7,35.0,-90.381,-90.311,-8.0,0.0,0.0,31.0,31.707,31.22,8.0,0.0,0.0,31.0,40.619,40.825,-8.0,0.0,0.0,33.0
63.1657,1,rev,-95.0,12.2,5.528,5.169,24.0,0.0,0.0,31.0,-100.0,-100.0,-8.0,0.0,0.0,32.0,-100.0,-100.0,0.0,0.0,-0.0,31.0,-6.4,-95.0,-40.0,3.0,-5.69,35.0,-90.381,-90.311,-8.0,0.0,0.0,31.0,31.707,31.22,8.0,0.0,0.0,31.0,40.619,40.825,-8.0,0.0,0.0,33.0
63.2187,1,rev,-95.0,12.2,5.528,5.169,24.0,0.0,0.0,31.0,-100.0,-100.0,-8.0,0.0,0.0,32.0,-100.0,-100.0,0.0,0.0,-0.0,31.0,-6.533,-95.0,-40.0,3.0,-3.838,35.0,-90.381,-90.311,-8.0,0.0,0.0,31.0,31.707,31.22,8.0,0.0,0.0,31.0,40.619,40.825,-8.0,0.0,0.0,33.0
63.2723,1,rev,-95.0,12.2,5.528,5.169,24.0,0.0,0.0,31.0,-100.0,-100.0,-8.0,0.0,0.0,32.0,-100.0,-100.0,0.0,0.0,-0.0,31.0,-6.933,-95.0,-40.0,3.0,-5.872,35.0,-90.381,-90.311,-8.0,0.0,0.0,31.0,31.707,31.22,8.0,0.0,0.0,31.0,40.619,40.825,-8.0,0.0,0.0,33.0
63.3255,1,rev,-95.0,12.2,5.528,5.169,24.0,0.0,0.0,31.0,-100.0,-100.0,-8.0,0.0,0.0,32.0,-100.0,-100.0,0.0,0.0,-0.0,31.0,-7.2,-95.0,-40.0,3.0,-5.415,35.0,-90.381,-90.311,-8.0,0.0,0.0,31.0,31.707,31.22,8.0,0.0,0.0,31.0,40.619,40.825,-8.0,0.0,0.0,33.0
63.3784,1,rev,-95.0,12.2,5.528,5.169,24.0,0.0,0.0,31.0,-100.0,-100.0,-8.0,0.0,0.0,31.0,-100.0,-100.0,0.0,0.0,-0.0,31.0,-7.333,-95.0,-40.0,3.0,-5.259,35.0,-90.381,-90.311,-8.0,0.0,0.0,31.0,31.707,31.22,8.0,0.0,0.0,31.0,40.619,40.825,-8.0,0.0,0.0,33.0
63.4316,1,rev,-95.0,12.2,5.528,5.169,24.0,0.0,0.0,31.0,-100.0,-100.0,-8.0,0.0,0.0,31.0,-100.0,-100.0,0.0,0.0,-0.0,31.0,-7.6,-95.0,-40.0,3.0,-4.545,35.0,-90.381,-90.311,-8.0,0.0,0.0,31.0,31.707,31.22,8.0,0.0,0.0,31.0,40.619,40.825,-8.0,0.0,0.0,33.0
63.4849,1,rev,-95.0,12.2,5.528,5.169,24.0,0.0,0.0,31.0,-100.0,-100.0,-8.0,0.0,0.0,31.0,-100.0,-100.0,0.0,0.0,-0.0,31.0,-8.0,-95.0,-40.0,3.0,-6.274,35.0,-90.381,-90.311,-8.0,0.0,0.0,31.0,31.707,31.22,8.0,0.0,0.0,31.0,40.619,40.825,-8.0,0.0,0.0,33.0
63.5379,1,rev,-95.0,12.2,5.528,5.169,24.0,0.0,0.0,31.0,-100.0,-100.0,-8.0,0.0,0.0,31.0,-100.0,-100.0,0.0,0.0,-0.0,31.0,-8.133,-95.0,-40.0,3.0,-4.555,35.0,-90.381,-90.311,-8.0,0.0,0.0,31.0,31.707,31.22,8.0,0.0,0.0,31.0,40.619,40.825,-8.0,0.0,0.0,33.0
63.5913,1,rev,-95.0,12.2,5.528,5.169,24.0,0.0,0.0,31.0,-100.0,-100.0,-8.0,0.0,0.0,31.0,-100.0,-100.0,0.0,0.0,-0.0,31.0,-8.533,-95.0,-40.0,3.0,-6.202,35.0,-90.381,-90.311,-8.0,0.0,0.0,31.0,31.707,31.22,8.0,0.0,0.0,31.0,40.619,40.825,-8.0,0.0,0.0,33.0
63.6437,1,rev,-95.0,12.2,5.528,5.169,24.0,0.0,0.0,31.0,-100.0,-100.0,-8.0,0.0,0.0,31.0,-100.0,-100.0,0.0,0.0,-0.0,31.0,-8.8,-95.0,-40.0,3.0,-5.596,35.0,-90.381,-90.311,-8.0,0.0,0.0,31.0,31.707,31.22,8.0,0.0,0.0,31.0,40.619,40.825,-8.0,0.0,0.0,33.0
63.6957,1,rev,-95.0,12.2,5.528,5.169,24.0,0.0,0.0,31.0,-100.0,-100.0,-8.0,0.0,0.0,31.0,-100.0,-100.0,0.0,0.0,-0.0,31.0,-9.067,-95.0,-40.0,3.0,-5.294,35.0,-90.381,-90.311,-8.0,0.0,0.0,31.0,31.707,31.22,8.0,0.0,0.0,31.0,40.619,40.825,-8.0,0.0,0.0,33.0
63.7488,1,rev,-95.0,12.2,5.528,5.169,24.0,0.0,0.0,31.0,-100.0,-100.0,-8.0,0.0,0.0,31.0,-100.0,-100.0,0.0,0.0,-0.0,31.0,-9.333,-95.0,-40.0,3.0,-5.161,35.0,-90.381,-90.311,-8.0,0.0,0.0,31.0,31.707,31.22,8.0,0.0,0.0,31.0,40.619,40.825,-8.0,0.0,0.0,33.0
63.802,1,rev,-95.0,12.2,5.528,5.169,24.0,0.0,0.0,31.0,-100.0,-100.0,-8.0,0.0,0.0,31.0,-100.0,-100.0,0.0,0.0,-0.0,31.0,-9.6,-95.0,-40.0,3.0,-5.037,35.0,-90.381,-90.311,-8.0,0.0,0.0,31.0,31.707,31.22,8.0,0.0,0.0,31.0,40.619,40.825,-8.0,0.0,0.0,33.0
63.8561,1,rev,-95.0,12.2,5.528,5.169,24.0,0.0,0.0,31.0,-100.0,-100.0,-8.0,0.0,0.0,31.0,-100.0,-100.0,0.0,0.0,-0.0,31.0,-9.733,-95.0,-40.0,3.0,-3.922,35.0,-90.381,-90.311,-8.0,0.0,0.0,31.0,31.707,31.22,8.0,0.0,0.0,31.0,40.619,40.825,-8.0,0.0,0.0,33.0
63.9096,1,rev,-95.0,12.2,5.528,5.169,24.0,0.0,0.0,31.0,-100.0,-100.0,-8.0,0.0,0.0,31.0,-100.0,-100.0,0.0,0.0,-0.0,31.0,-10.0,-95.0,-40.0,3.0,-4.01,35.0,-90.381,-90.311,-8.0,0.0,0.0,31.0,31.707,31.22,8.0,0.0,0.0,31.0,40.619,40.825,-8.0,0.0,0.0,33.0
63.963,1,rev,-95.0,12.2,5.528,5.169,24.0,0.0,0.0,31.0,-100.0,-100.0,-8.0,0.0,0.0,32.0,-100.0,-100.0,0.0,0.0,-0.0,31.0,-10.0,-95.0,-40.0,3.0,-4.01,35.0,-90.381,-90.311,-8.0,0.0,0.0,31.0,31.707,31.22,8.0,0.0,0.0,31.0,40.619,40.825,-8.0,0.0,0.0,33.0
64.0161,1,rev,-95.0,12.2,5.528,5.169,24.0,0.0,0.0,31.0,-100.0,-100.0,-8.0,0.0,0.0,32.0,-100.0,-100.0,0.0,0.0,-0.0,31.0,-10.4,-95.0,-40.0,3.0,-4.374,35.0,-90.381,-90.311,-8.0,0.0,0.0,31.0,31.707,31.22,8.0,0.0,0.0,31.0,40.619,40.825,-8.0,0.0,0.0,33.0
64.0694,1,rev,-95.0,12.2,5.528,5.169,24.0,0.0,0.0,31.0,-100.0,-100.0,-8.0,0.0,0.0,32.0,-100.0,-100.0,0.0,0.0,-0.0,31.0,-10.667,-95.0,-40.0,3.0,-4.566,35.0,-90.381,-90.311,-8.0,0.0,0.0,31.0,31.707,31.22,8.0,0.0,0.0,31.0,40.619,40.825,-8.0,0.0,0.0,33.0
64.1236,1,rev,-95.0,12.2,5.528,5.169,24.0,0.0,0.0,31.0,-100.0,-100.0,-8.0,0.0,0.0,32.0,-100.0,-100.0,0.0,0.0,-0.0,31.0,-11.067,-95.0,-40.0,3.0,-5.59,35.0,-90.381,-90.311,-8.0,0.0,0.0,31.0,31.707,31.22,8.0,0.0,0.0,31.0,40.619,40.825,-8.0,0.0,0.0,33.0
64.1772,1,rev,-95.0,12.2,5.528,5.169,24.0,0.0,0.0,31.0,-100.0,-100.0,-8.0,0.0,0.0,32.0,-100.0,-100.0,0.0,0.0,-0.0,31.0,-11.2,-95.0,-40.0,3.0,-3.774,35.0,-90.381,-90.311,-8.0,0.0,0.0,31.0,31.707,31.22,8.0,0.0,0.0,31.0,40.619,40.825,-8.0,0.0,0.0,33.0
64.2301,1,rev,-95.0,12.2,5.528,5.169,24.0,0.0,0.0,31.0,-100.0,-100.0,-8.0,0.0,0.0,32.0,-100.0,-100.0,0.0,0.0,-0.0,31.0,-11.6,-95.0,-40.0,3.0,-5.888,35.0,-90.381,-90.311,-8.0,0.0,0.0,31.0,31.707,31.22,8.0,0.0,0.0,31.0,40.619,40.825,-8.0,0.0,0.0,33.0
64.283,1,rev,-95.0,12.2,5.528,5.169,24.0,0.0,0.0,31.0,-100.0,-100.0,-8.0,0.0,0.0,32.0,-100.0,-100.0,0.0,0.0,-0.0,31.0,-11.867,-95.0,-40.0,3.0,-5.442,35.0,-90.381,-90.311,-8.0,0.0,0.0,31.0,31.707,31.22,8.0,0.0,0.0,31.0,40.619,40.825,-8.0,0.0,0.0,33.0
64.336,1,rev,-95.0,12.2,5.528,5.169,24.0,0.0,0.0,31.0,-100.0,-100.0,-8.0,0.0,0.0,32.0,-100.0,-100.0,0.0,0.0,-0.0,31.0,-12.133,-95.0,-40.0,3.0,-5.694,35.0,-90.381,-90.311,-8.0,0.0,0.0,31.0,31.707,31.22,8.0,0.0,0.0,31.0,40.619,40.825,-8.0,0.0,0.0,33.0
64.3894,1,rev,-95.0,12.2,5.528,5.169,24.0,0.0,0.0,31.0,-100.0,-100.0,-8.0,0.0,0.0,32.0,-100.0,-100.0,0.0,0.0,-0.0,31.0,-12.4,-95.0,-40.0,3.0,-5.343,35.0,-90.381,-90.311,-8.0,0.0,0.0,31.0,31.707,31.22,8.0,0.0,0.0,31.0,40.619,40.825,-8.0,0.0,0.0,33.0
64.4416,1,rev,-95.0,12.2,5.528,5.169,24.0,0.0,0.0,31.0,-100.0,-100.0,-8.0,0.0,0.0,32.0,-100.0,-100.0,0.0,0.0,-0.0,31.0,-12.667,-95.0,-40.0,3.0,-5.153,35.0,-90.381,-90.311,-8.0,0.0,0.0,31.0,31.707,31.22,8.0,0.0,0.0,31.0,40.619,40.825,-8.0,0.0,0.0,33.0
64.4945,1,rev,-95.0,12.2,5.528,5.169,24.0,0.0,0.0,31.0,-100.0,-100.0,-8.0,0.0,0.0,32.0,-100.0,-100.0,0.0,0.0,-0.0,31.0,-12.933,-95.0,-40.0,3.0,-5.039,35.0,-90.381,-90.311,-8.0,0.0,0.0,31.0,31.707,31.22,8.0,0.0,0.0,31.0,40.619,40.825,-8.0,0.0,0.0,33.0
64.5479,1,rev,-95.0,12.2,5.528,5.169,24.0,0.0,0.0,31.0,-100.0,-100.0,-8.0,0.0,0.0,32.0,-100.0,-100.0,0.0,0.0,-0.0,31.0,-13.2,-95.0,-32.0,2.0,-4.895,35.0,-90.381,-90.311,-8.0,0.0,0.0,31.0,31.707,31.22,8.0,0.0,0.0,31.0,40.619,40.825,-8.0,0.0,0.0,33.0
64.601,1,rev,-95.0,12.2,5.528,5.169,24.0,0.0,0.0,31.0,-100.0,-100.0,-8.0,0.0,0.0,32.0,-100.0,-100.0,0.0,0.0,-0.0,31.0,-13.467,-95.0,-32.0,2.0,-5.412,35.0,-90.381,-90.311,-8.0,0.0,0.0,31.0,31.707,31.22,8.0,0.0,0.0,31.0,40.619,40.825,-8.0,0.0,0.0,33.0
64.6543,1,rev,-95.0,12.2,5.528,5.169,24.0,0.0,0.0,31.0,-100.0,-100.0,-8.0,0.0,0.0,32.0,-100.0,-100.0,0.0,0.0,-0.0,31.0,-13.6,-95.0,-32.0,2.0,-3.672,35.0,-90.381,-90.311,-8.0,0.0,0.0,31.0,31.707,31.22,8.0,0.0,0.0,31.0,40.619,40.825,-8.0,0.0,0.0,33.0
64.7067,1,rev,-95.0,12.2,5.528,5.169,24.0,0.0,0.0,31.0,-100.0,-100.0,-8.0,0.0,0.0,32.0,-100.0,-100.0,0.0,0.0,-0.0,31.0,-14.0,-95.0,-32.0,2.0,-5.426,35.0,-90.381,-90.311,-8.0,0.0,0.0,31.0,31.707,31.22,8.0,0.0,0.0,31.0,40.619,40.825,-8.0,0.0,0.0,33.0
64.7598,1,rev,-95.0,12.2,5.528,5.169,24.0,0.0,0.0,31.0,-100.0,-100.0,-8.0,0.0,0.0,32.0,-100.0,-100.0,0.0,0.0,-0.0,31.0,-14.267,-95.0,-32.0,2.0,-5.211,35.0,-90.381,-90.311,-8.0,0.0,0.0,31.0,31.707,31.22,8.0,0.0,0.0,31.0,40.619,40.825,-8.0,0.0,0.0,33.0
64.813,1,rev,-95.0,12.2,5.528,5.169,24.0,0.0,0.0,31.0,-100.0,-100.0,-8.0,0.0,0.0,32.0,-100.0,-100.0,0.0,0.0,-0.0,31.0,-14.533,-95.0,-32.0,2.0,-5.534,35.0,-90.381,-90.311,-8.0,0.0,0.0,31.0,31.707,31.22,8.0,0.0,0.0,31.0,40.619,40.825,-8.0,0.0,0.0,33.0
64.8669,1,rev,-95.0,12.2,5.528,5.169,24.0,0.0,0.0,31.0,-100.0,-100.0,-8.0,0.0,0.0,32.0,-100.0,-100.0,0.0,0.0,-0.0,31.0,-14.8,-95.0,-32.0,2.0,-5.247,35.0,-90.381,-90.311,-8.0,0.0,0.0,31.0,31.707,31.22,8.0,0.0,0.0,31.0,40.619,40.825,-8.0,0.0,0.0,33.0
64.9203,1,rev,-95.0,12.2,5.528,5.169,24.0,0.0,0.0,31.0,-100.0,-100.0,-8.0,0.0,0.0,32.0,-100.0,-100.0,0.0,0.0,-0.0,31.0,-14.933,-95.0,-32.0,2.0,-3.603,35.0,-90.381,-90.311,-8.0,0.0,0.0,31.0,31.707,31.22,8.0,0.0,0.0,31.0,40.619,40.825,-8.0,0.0,0.0,33.0
64.9732,1,rev,-95.0,12.2,5.528,5.169,24.0,0.0,0.0,31.0,-100.0,-100.0,-8.0,0.0,0.0,32.0,-100.0,-100.0,0.0,0.0,-0.0,31.0,-15.333,-95.0,-32.0,2.0,-5.351,35.0,-90.381,-90.311,-8.0,0.0,0.0,31.0,31.707,31.22,8.0,0.0,0.0,31.0,40.619,40.825,-8.0,0.0,0.0,33.0
65.0269,1,rev,-95.0,12.2,5.528,5.169,24.0,0.0,0.0,31.0,-100.0,-100.0,-8.0,0.0,0.0,32.0,-100.0,-100.0,0.0,0.0,-0.0,31.0,-15.6,-95.0,-32.0,2.0,-5.191,35.0,-90.381,-90.311,-8.0,0.0,0.0,31.0,31.707,31.22,8.0,0.0,0.0,31.0,40.619,40.825,-8.0,0.0,0.0,33.0
65.0799,1,rev,-95.0,12.2,5.528,5.169,24.0,0.0,0.0,31.0,-100.0,-100.0,-8.0,0.0,0.0,32.0,-100.0,-100.0,0.0,0.0,-0.0,31.0,-15.733,-95.0,-32.0,1.0,-5.142,35.0,-90.381,-90.311,-8.0,0.0,0.0,31.0,31.707,31.22,8.0,0.0,0.0,31.0,40.619,40.825,-8.0,0.0,0.0,33.0
65.133,1,rev,-95.0,12.2,5.528,5.169,24.0,0.0,0.0,31.0,-100.0,-100.0,-8.0,0.0,0.0,32.0,-100.0,-100.0,0.0,0.0,-0.0,31.0,-16.0,-95.0,-32.0,1.0,-3.48,35.0,-90.381,-90.311,-8.0,0.0,0.0,31.0,31.707,31.22,8.0,0.0,0.0,31.0,40.619,40.825,-8.0,0.0,0.0,33.0
65.1863,1,rev,-95.0,12.2,5.528,5.169,24.0,0.0,0.0,31.0,-100.0,-100.0,-8.0,0.0,0.0,32.0,-100.0,-100.0,0.0,0.0,-0.0,31.0,-16.4,-95.0,-32.0,1.0,-5.763,35.0,-90.381,-90.311,-8.0,0.0,0.0,31.0,31.707,31.22,8.0,0.0,0.0,31.0,40.619,40.825,-8.0,0.0,0.0,33.0
65.2394,1,rev,-95.0,12.2,5.528,5.169,24.0,0.0,0.0,31.0,-100.0,-100.0,-8.0,0.0,0.0,32.0,-100.0,-100.0,0.0,0.0,-0.0,31.0,-16.533,-95.0,-32.0,1.0,-3.869,35.0,-90.381,-90.311,-8.0,0.0,0.0,31.0,31.707,31.22,8.0,0.0,0.0,31.0,40.619,40.825,-8.0,0.0,0.0,33.0
65.2926,1,rev,-95.0,12.2,5.528,5.169,24.0,0.0,0.0,31.0,-100.0,-100.0,-8.0,0.0,0.0,32.0,-100.0,-100.0,0.0,0.0,-0.0,31.0,-16.667,-95.0,-32.0,1.0,-4.193,35.0,-90.381,-90.311,-8.0,0.0,0.0,31.0,31.707,31.22,8.0,0.0,0.0,31.0,40.619,40.825,-8.0,0.0,0.0,33.0
65.3456,1,rev,-95.0,12.2,5.528,5.169,24.0,0.0,0.0,31.0,-100.0,-100.0,-8.0,0.0,0.0,32.0,-100.0,-100.0,0.0,0.0,-0.0,31.0,-17.067,-95.0,-32.0,1.0,-5.447,35.0,-90.381,-90.311,-8.0,0.0,0.0,31.0,31.707,31.22,8.0,0.0,0.0,31.0,40.619,40.825,-8.0,0.0,0.0,33.0
65.3989,1,rev,-95.0,12.2,5.528,5.169,24.0,0.0,0.0,31.0,-100.0,-100.0,-8.0,0.0,0.0,32.0,-100.0,-100.0,0.0,0.0,-0.0,31.0,-17.2,-95.0,-32.0,1.0,-3.615,35.0,-90.381,-90.311,-8.0,0.0,0.0,31.0,31.707,31.22,8.0,0.0,0.0,31.0,40.619,40.825,-8.0,0.0,0.0,33.0
65.4518,1,rev,-95.0,12.2,5.528,5.169,24.0,0.0,0.0,31.0,-100.0,-100.0,-8.0,0.0,0.0,32.0,-100.0,-100.0,0.0,0.0,-0.0,31.0,-17.6,-95.0,-32.0,1.0,-5.316,35.0,-90.381,-90.311,-8.0,0.0,0.0,31.0,31.707,31.22,8.0,0.0,0.0,31.0,40.619,40.825,-8.0,0.0,0.0,33.0
65.5049,1,rev,-95.0,12.2,5.528,5.169,24.0,0.0,0.0,31.0,-100.0,-100.0,-8.0,0.0,0.0,32.0,-100.0,-100.0,0.0,0.0,-0.0,31.0,-17.867,-95.0,-32.0,1.0,-5.048,35.0,-90.381,-90.311,-8.0,0.0,0.0,31.0,31.707,31.22,8.0,0.0,0.0,31.0,40.619,40.825,-8.0,0.0,0.0,33.0
65.5582,1,rev,-95.0,12.2,5.528,5.169,24.0,0.0,0.0,31.0,-100.0,-100.0,-8.0,0.0,0.0,32.0,-100.0,-100.0,0.0,0.0,-0.0,31.0,-18.133,-95.0,-32.0,1.0,-5.454,35.0,-90.381,-90.311,-8.0,0.0,0.0,31.0,31.707,31.22,8.0,0.0,0.0,31.0,40.619,40.825,-8.0,0.0,0.0,33.0
65.6115,1,rev,-95.0,12.2,5.528,5.169,24.0,0.0,0.0,31.0,-100.0,-100.0,-8.0,0.0,0.0,32.0,-100.0,-100.0,0.0,0.0,-0.0,31.0,-18.533,-95.0,-32.0,1.0,-6.715,35.0,-90.381,-90.311,-8.0,0.0,0.0,31.0,31.707,31.22,8.0,0.0,0.0,31.0,40.619,40.825,-8.0,0.0,0.0,33.0
65.6646,1,rev,-95.0,12.2,5.528,5.169,24.0,0.0,0.0,31.0,-100.0,-100.0,-8.0,0.0,0.0,31.0,-100.0,-100.0,0.0,0.0,-0.0,31.0,-18.667,-95.0,-32.0,2.0,-6.192,35.0,-90.381,-90.311,-8.0,0.0,0.0,31.0,31.707,31.22,8.0,0.0,0.0,31.0,40.619,40.825,-8.0,0.0,0.0,33.0
65.7167,1,rev,-95.0,12.2,5.528,5.169,24.0,0.0,0.0,31.0,-100.0,-100.0,-8.0,0.0,0.0,31.0,-100.0,-100.0,0.0,0.0,-0.0,31.0,-18.8,-95.0,-32.0,2.0,-3.524,35.0,-90.381,-90.311,-8.0,0.0,0.0,31.0,31.707,31.22,8.0,0.0,0.0,31.0,40.619,40.825,-8.0,0.0,0.0,33.0
65.7697,1,rev,-95.0,12.2,5.528,5.169,24.0,0.0,0.0,31.0,-100.0,-100.0,-8.0,0.0,0.0,31.0,-100.0,-100.0,0.0,0.0,-0.0,31.0,-19.333,-95.0,-32.0,2.0,-6.806,35.0,-90.381,-90.311,-8.0,0.0,0.0,31.0,31.707,31.22,8.0,0.0,0.0,31.0,40.619,40.825,-8.0,0.0,0.0,33.0
65.8228,1,rev,-95.0,12.2,5.528,5.169,24.0,0.0,0.0,31.0,-100.0,-100.0,-8.0,0.0,0.0,31.0,-100.0,-100.0,0.0,0.0,-0.0,31.0,-19.467,-95.0,-32.0,2.0,-4.837,35.0,-90.381,-90.311,-8.0,0.0,0.0,31.0,31.707,31.22,8.0,0.0,0.0,31.0,40.619,40.825,-8.0,0.0,0.0,33.0
65.8773,1,rev,-95.0,12.2,5.528,5.169,24.0,0.0,0.0,31.0,-100.0,-100.0,-8.0,0.0,0.0,31.0,-100.0,-100.0,0.0,0.0,-0.0,31.0,-19.867,-95.0,-32.0,2.0,-6.376,35.0,-90.381,-90.311,-8.0,0.0,0.0,31.0,31.707,31.22,8.0,0.0,0.0,31.0,40.619,40.825,-8.0,0.0,0.0,33.0
65.9301,1,rev,-95.0,12.2,5.528,5.169,24.0,0.0,0.0,31.0,-100.0,-100.0,-8.0,0.0,0.0,31.0,-100.0,-100.0,0.0,0.0,-0.0,31.0,-20.133,-95.0,-32.0,2.0,-5.672,35.0,-90.381,-90.311,-8.0,0.0,0.0,31.0,31.707,31.22,8.0,0.0,0.0,31.0,40.619,40.825,-8.0,0.0,0.0,33.0
65.983,1,rev,-95.0,12.2,5.528,5.169,24.0,0.0,0.0,31.0,-100.0,-100.0,-8.0,0.0,0.0,31.0,-100.0,-100.0,0.0,0.0,-0.0,31.0,-20.267,-95.0,-32.0,2.0,-3.834,35.0,-90.381,-90.311,-8.0,0.0,0.0,31.0,31.707,31.22,8.0,0.0,0.0,31.0,40.619,40.825,-8.0,0.0,0.0,33.0
66.0357,1,rev,-95.0,12.2,5.528,5.169,24.0,0.0,0.0,31.0,-100.0,-100.0,-8.0,0.0,0.0,31.0,-100.0,-100.0,0.0,0.0,-0.0,31.0,-20.533,-95.0,-32.0,2.0,-4.426,35.0,-90.381,-90.311,-8.0,0.0,0.0,31.0,31.707,31.22,8.0,0.0,0.0,31.0,40.619,40.825,-8.0,0.0,0.0,33.0
66.0893,1,rev,-95.0,12.2,5.528,5.169,24.0,0.0,0.0,31.0,-100.0,-100.0,-8.0,0.0,0.0,31.0,-100.0,-100.0,0.0,0.0,-0.0,31.0,-20.8,-95.0,-32.0,2.0,-4.724,35.0,-90.381,-90.311,-8.0,0.0,0.0,31.0,31.707,31.22,8.0,0.0,0.0,31.0,40.619,40.825,-8.0,0.0,0.0,33.0
66.1412,1,rev,-95.0,12.2,5.528,5.169,24.0,0.0,0.0,31.0,-100.0,-100.0,-8.0,0.0,0.0,31.0,-100.0,-100.0,0.0,0.0,-0.0,31.0,-21.067,-95.0,-32.0,2.0,-4.823,35.0,-90.381,-90.311,-8.0,0.0,0.0,31.0,31.707,31.22,8.0,0.0,0.0,31.0,40.619,40.825,-8.0,0.0,0.0,33.0
66.1946,1,rev,-95.0,12.2,5.528,5.169,24.0,0.0,0.0,31.0,-100.0,-100.0,-8.0,0.0,0.0,31.0,-100.0,-100.0,0.0,0.0,-0.0,31.0,-21.467,-95.0,-32.0,2.0,-5.925,35.0,-90.381,-90.311,-8.0,0.0,0.0,31.0,31.707,31.22,8.0,0.0,0.0,31.0,40.619,40.825,-8.0,0.0,0.0,33.0
66.2481,1,rev,-95.0,12.2,5.528,5.169,24.0,0.0,0.0,31.0,-100.0,-100.0,-8.0,0.0,0.0,31.0,-100.0,-100.0,0.0,0.0,-0.0,31.0,-21.467,-95.0,-32.0,1.0,-5.925,35.0,-90.381,-90.311,-8.0,0.0,0.0,31.0,31.707,31.22,8.0,0.0,0.0,31.0,40.619,40.825,-8.0,0.0,0.0,33.0
66.3012,1,rev,-95.0,12.2,5.528,5.169,24.0,0.0,0.0,31.0,-100.0,-100.0,-8.0,0.0,0.0,31.0,-100.0,-100.0,0.0,0.0,-0.0,31.0,-21.733,-95.0,-32.0,1.0,-3.796,35.0,-90.381,-90.311,-8.0,0.0,0.0,31.0,31.707,31.22,8.0,0.0,0.0,31.0,40.619,40.825,-8.0,0.0,0.0,33.0
66.3543,1,rev,-95.0,12.2,5.528,5.169,24.0,0.0,0.0,31.0,-100.0,-100.0,-8.0,0.0,0.0,31.0,-100.0,-100.0,0.0,0.0,-0.0,31.0,-22.133,-95.0,-32.0,1.0,-5.815,35.0,-90.381,-90.311,-8.0,0.0,0.0,31.0,31.707,31.22,8.0,0.0,0.0,31.0,40.619,40.825,-8.0,0.0,0.0,33.0
66.4074,1,rev,-95.0,12.2,5.528,5.169,24.0,0.0,0.0,31.0,-100.0,-100.0,-8.0,0.0,0.0,31.0,-100.0,-100.0,0.0,0.0,-0.0,31.0,-22.267,-95.0,-32.0,1.0,-4.357,35.0,-90.381,-90.311,-8.0,0.0,0.0,31.0,31.707,31.22,8.0,0.0,0.0,31.0,40.619,40.825,-8.0,0.0,0.0,33.0
66.4604,1,rev,-95.0,12.2,5.528,5.169,24.0,0.0,0.0,31.0,-100.0,-100.0,-8.0,0.0,0.0,31.0,-100.0,-100.0,0.0,0.0,-0.0,31.0,-22.533,-95.0,-32.0,1.0,-4.248,35.0,-90.381,-90.311,-8.0,0.0,0.0,31.0,31.707,31.22,8.0,0.0,0.0,31.0,40.619,40.825,-8.0,0.0,0.0,33.0
66.5145,1,rev,-95.0,12.2,5.528,5.169,24.0,0.0,0.0,31.0,-100.0,-100.0,-8.0,0.0,0.0,31.0,-100.0,-100.0,0.0,0.0,-0.0,31.0,-22.933,-95.0,-32.0,1.0,-5.441,35.0,-90.381,-90.311,-8.0,0.0,0.0,31.0,31.707,31.22,8.0,0.0,0.0,31.0,40.619,40.825,-8.0,0.0,0.0,33.0
66.5674,1,rev,-95.0,12.2,5.528,5.169,24.0,0.0,0.0,31.0,-100.0,-100.0,-8.0,0.0,0.0,31.0,-100.0,-100.0,0.0,0.0,-0.0,31.0,-23.2,-95.0,-32.0,1.0,-5.207,35.0,-90.381,-90.311,-8.0,0.0,0.0,31.0,31.707,31.22,8.0,0.0,0.0,31.0,40.619,40.825,-8.0,0.0,0.0,33.0
66.6196,1,rev,-95.0,12.2,5.528,5.169,24.0,0.0,0.0,31.0,-100.0,-100.0,-8.0,0.0,0.0,31.0,-100.0,-100.0,0.0,0.0,-0.0,31.0,-23.333,-95.0,-32.0,1.0,-3.604,35.0,-90.381,-90.311,-8.0,0.0,0.0,31.0,31.707,31.22,8.0,0.0,0.0,31.0,40.619,40.825,-8.0,0.0,0.0,33.0
66.6729,1,rev,-95.0,12.2,5.528,5.169,24.0,0.0,0.0,31.0,-100.0,-100.0,-8.0,0.0,0.0,31.0,-100.0,-100.0,0.0,0.0,-0.0,31.0,-23.6,-95.0,-32.0,1.0,-4.274,35.0,-90.381,-90.311,-8.0,0.0,0.0,31.0,31.707,31.22,8.0,0.0,0.0,31.0,40.619,40.825,-8.0,0.0,0.0,33.0
66.7257,1,rev,-95.0,12.2,5.528,5.169,24.0,0.0,0.0,31.0,-100.0,-100.0,-8.0,0.0,0.0,31.0,-100.0,-100.0,0.0,0.0,-0.0,31.0,-23.867,-95.0,-32.0,1.0,-4.604,35.0,-90.381,-90.311,-8.0,0.0,0.0,31.0,31.707,31.22,8.0,0.0,0.0,31.0,40.619,40.825,-8.0,0.0,0.0,33.0
66.7791,1,rev,-95.0,12.2,5.528,5.169,24.0,0.0,0.0,31.0,-100.0,-100.0,-8.0,0.0,0.0,31.0,-100.0,-100.0,0.0,0.0,-0.0,31.0,-24.133,-95.0,-32.0,1.0,-4.815,35.0,-90.381,-90.311,-8.0,0.0,0.0,31.0,31.707,31.22,8.0,0.0,0.0,31.0,40.619,40.825,-8.0,0.0,0.0,33.0
66.8322,1,rev,-95.0,12.2,5.528,5.169,24.0,0.0,0.0,31.0,-100.0,-100.0,-8.0,0.0,0.0,32.0,-100.0,-100.0,0.0,0.0,-0.0,31.0,-24.267,-95.0,-24.0,1.0,-4.062,35.0,-90.381,-90.311,-8.0,0.0,0.0,31.0,31.707,31.22,8.0,0.0,0.0,31.0,40.619,40.825,-8.0,0.0,0.0,33.0
66.8864,1,rev,-95.0,12.2,5.528,5.169,24.0,0.0,0.0,31.0,-100.0,-100.0,-8.0,0.0,0.0,32.0,-100.0,-100.0,0.0,0.0,-0.0,31.0,-24.533,-95.0,-24.0,1.0,-4.532,35.0,-90.381,-90.311,-8.0,0.0,0.0,31.0,31.707,31.22,8.0,0.0,0.0,31.0,40.619,40.825,-8.0,0.0,0.0,33.0
66.9397,1,rev,-95.0,12.2,5.528,5.169,24.0,0.0,0.0,31.0,-100.0,-100.0,-8.0,0.0,0.0,32.0,-100.0,-100.0,0.0,0.0,-0.0,31.0,-24.933,-95.0,-24.0,1.0,-5.79,35.0,-90.381,-90.311,-8.0,0.0,0.0,31.0,31.707,31.22,8.0,0.0,0.0,31.0,40.619,40.825,-8.0,0.0,0.0,33.0
66.9929,1,rev,-95.0,12.2,5.528,5.169,24.0,0.0,0.0,31.0,-100.0,-100.0,-8.0,0.0,0.0,32.0,-100.0,-100.0,0.0,0.0,-0.0,31.0,-25.333,-95.0,-24.0,1.0,-6.854,35.0,-90.381,-90.311,-8.0,0.0,0.0,31.0,31.707,31.22,8.0,0.0,0.0,31.0,40.619,40.825,-8.0,0.0,0.0,33.0
67.0462,1,rev,-95.0,12.2,5.528,5.169,24.0,0.0,0.0,31.0,-100.0,-100.0,-8.0,0.0,0.0,32.0,-100.0,-100.0,0.0,0.0,-0.0,31.0,-25.6,-95.0,-24.0,1.0,-5.868,35.0,-90.381,-90.311,-8.0,0.0,0.0,31.0,31.707,31.22,8.0,0.0,0.0,31.0,40.619,40.825,-8.0,0.0,0.0,33.0
67.0988,1,rev,-95.0,12.2,5.528,5.169,24.0,0.0,0.0,31.0,-100.0,-100.0,-8.0,0.0,0.0,32.0,-100.0,-100.0,0.0,0.0,-0.0,31.0,-25.867,-95.0,-24.0,1.0,-5.434,35.0,-90.381,-90.311,-8.0,0.0,0.0,31.0,31.707,31.22,8.0,0.0,0.0,31.0,40.619,40.825,-8.0,0.0,0.0,33.0
67.1526,1,rev,-95.0,12.2,5.528,5.169,24.0,0.0,0.0,31.0,-100.0,-100.0,-8.0,0.0,0.0,32.0,-100.0,-100.0,0.0,0.0,-0.0,31.0,-26.133,-95.0,-24.0,1.0,-5.206,35.0,-90.381,-90.311,-8.0,0.0,0.0,31.0,31.707,31.22,8.0,0.0,0.0,31.0,40.619,40.825,-8.0,0.0,0.0,33.0
67.2055,1,rev,-95.0,12.2,5.528,5.169,24.0,0.0,0.0,31.0,-100.0,-100.0,-8.0,0.0,0.0,32.0,-100.0,-100.0,0.0,0.0,-0.0,31.0,-26.4,-95.0,-24.0,1.0,-5.105,35.0,-90.381,-90.311,-8.0,0.0,0.0,31.0,31.707,31.22,8.0,0.0,0.0,31.0,40.619,40.825,-8.0,0.0,0.0,33.0
67.259,1,rev,-95.0,12.2,5.528,5.169,24.0,0.0,0.0,31.0,-100.0,-100.0,-8.0,0.0,0.0,32.0,-100.0,-100.0,0.0,0.0,-0.0,31.0,-26.667,-95.0,-24.0,1.0,-5.45,35.0,-90.381,-90.311,-8.0,0.0,0.0,31.0,31.707,31.22,8.0,0.0,0.0,31.0,40.619,40.825,-8.0,0.0,0.0,33.0
67.3126,1,rev,-95.0,12.2,5.528,5.169,24.0,0.0,0.0,31.0,-100.0,-100.0,-8.0,0.0,0.0,32.0,-100.0,-100.0,0.0,0.0,-0.0,31.0,-26.933,-95.0,-24.0,1.0,-5.21,35.0,-90.381,-90.311,-8.0,0.0,0.0,31.0,31.707,31.22,8.0,0.0,0.0,31.0,40.619,40.825,-8.0,0.0,0.0,33.0
67.3663,1,rev,-95.0,12.2,5.528,5.169,24.0,0.0,0.0,31.0,-100.0,-100.0,-8.0,0.0,0.0,32.0,-100.0,-100.0,0.0,0.0,-0.0,31.0,-27.067,-95.0,-24.0,1.0,-5.112,35.0,-90.381,-90.311,-8.0,0.0,0.0,31.0,31.707,31.22,8.0,0.0,0.0,31.0,40.619,40.825,-8.0,0.0,0.0,33.0
67.4199,1,rev,-95.0,12.2,5.528,5.169,24.0,0.0,0.0,31.0,-100.0,-100.0,-8.0,0.0,0.0,32.0,-100.0,-100.0,0.0,0.0,-0.0,31.0,-27.333,-95.0,-24.0,1.0,-4.496,35.0,-90.381,-90.311,-8.0,0.0,0.0,31.0,31.707,31.22,8.0,0.0,0.0,31.0,40.619,40.825,-8.0,0.0,0.0,33.0
67.473,1,rev,-95.0,12.2,5.528,5.169,24.0,0.0,0.0,31.0,-100.0,-100.0,-8.0,0.0,0.0,32.0,-100.0,-100.0,0.0,0.0,-0.0,31.0,-27.733,-95.0,-24.0,1.0,-6.2,35.0,-90.381,-90.311,-8.0,0.0,0.0,31.0,31.707,31.22,8.0,0.0,0.0,31.0,40.619,40.825,-8.0,0.0,0.0,33.0
67.5263,1,rev,-95.0,12.2,5.528,5.169,24.0,0.0,0.0,31.0,-100.0,-100.0,-8.0,0.0,0.0,32.0,-100.0,-100.0,0.0,0.0,-0.0,31.0,-27.867,-95.0,-24.0,1.0,-4.091,35.0,-90.381,-90.311,-8.0,0.0,0.0,31.0,31.707,31.22,8.0,0.0,0.0,31.0,40.619,40.825,-8.0,0.0,0.0,33.0
67.5787,1,rev,-95.0,12.2,5.528,5.169,24.0,0.0,0.0,31.0,-100.0,-100.0,-8.0,0.0,0.0,32.0,-100.0,-100.0,0.0,0.0,-0.0,31.0,-28.0,-95.0,-24.0,1.0,-4.338,35.0,-90.381,-90.311,-8.0,0.0,0.0,31.0,31.707,31.22,8.0,0.0,0.0,31.0,40.619,40.825,-8.0,0.0,0.0,33.0
67.6322,1,rev,-95.0,12.2,5.528,5.169,24.0,0.0,0.0,31.0,-100.0,-100.0,-8.0,0.0,0.0,32.0,-100.0,-100.0,0.0,0.0,-0.0,31.0,-28.4,-95.0,-24.0,1.0,-5.444,35.0,-90.381,-90.311,-8.0,0.0,0.0,31.0,31.22,31.22,8.0,0.0,-3.412,31.0,40.619,40.825,-8.0,0.0,0.0,33.0
67.6851,1,rev,-95.0,12.2,5.528,5.169,24.0,0.0,0.0,31.0,-100.0,-100.0,-8.0,0.0,0.0,32.0,-100.0,-100.0,0.0,0.0,-0.0,31.0,-28.667,-95.0,-24.0,1.0,-5.115,35.0,-90.381,-90.311,-8.0,0.0,0.0,31.0,31.22,31.22,8.0,0.0,-1.672,31.0,40.619,40.825,-8.0,0.0,0.0,33.0
67.7385,1,rev,-95.0,12.2,5.528,5.169,24.0,0.0,0.0,31.0,-100.0,-100.0,-8.0,0.0,0.0,32.0,-100.0,-100.0,0.0,0.0,-0.0,31.0,-28.933,-95.0,-24.0,1.0,-4.962,35.0,-90.381,-90.311,-8.0,0.0,0.0,31.0,31.22,31.22,8.0,0.0,-0.819,31.0,40.619,40.825,-8.0,0.0,0.0,33.0
67.7921,1,rev,-95.0,12.2,5.528,5.169,24.0,0.0,0.0,31.0,-100.0,-100.0,-8.0,0.0,0.0,32.0,-100.0,-100.0,0.0,0.0,-0.0,31.0,-29.2,-95.0,-24.0,1.0,-5.451,35.0,-90.381,-90.311,-8.0,0.0,0.0,31.0,31.707,31.22,8.0,0.0,3.372,31.0,40.619,40.825,-8.0,0.0,0.0,33.0
67.8451,1,rev,-95.0,12.2,5.528,5.169,24.0,0.0,0.0,31.0,-100.0,-100.0,-8.0,0.0,0.0,32.0,-100.0,-100.0,0.0,0.0,-0.0,31.0,-29.333,-95.0,-24.0,1.0,-4.178,35.0,-90.381,-90.311,-8.0,0.0,0.0,31.0,31.707,31.22,8.0,0.0,1.652,31.0,40.619,40.825,-8.0,0.0,0.0,33.0
67.8989,1,rev,-95.0,12.2,5.528,5.169,24.0,0.0,0.0,31.0,-100.0,-100.0,-8.0,0.0,0.0,32.0,-100.0,-100.0,0.0,0.0,-0.0,31.0,-29.6,-95.0,-24.0,1.0,-4.556,35.0,-90.381,-90.311,-8.0,0.0,0.0,31.0,31.707,31.22,8.0,0.0,0.81,31.0,40.619,40.825,-8.0,0.0,0.0,33.0
67.9521,1,rev,-95.0,12.2,5.528,5.169,24.0,0.0,0.0,31.0,-100.0,-100.0,-8.0,0.0,0.0,32.0,-100.0,-100.0,0.0,0.0,-0.0,31.0,-29.867,-95.0,-24.0,1.0,-6.174,35.0,-90.381,-90.311,-8.0,0.0,0.0,31.0,31.707,31.22,8.0,0.0,0.567,31.0,40.619,40.825,-8.0,0.0,0.0,33.0
68.0047,1,rev,-95.0,12.2,5.528,5.169,24.0,0.0,0.0,31.0,-100.0,-100.0,-8.0,0.0,0.0,32.0,-100.0,-100.0,0.0,0.0,-0.0,31.0,-30.133,-95.0,-24.0,1.0,-5.013,35.0,-90.381,-90.311,-8.0,0.0,0.0,31.0,31.707,31.22,8.0,0.0,0.278,31.0,40.619,40.825,-8.0,0.0,0.0,33.0
68.0579,1,rev,-95.0,12.2,5.528,5.169,24.0,0.0,0.0,31.0,-100.0,-100.0,-8.0,0.0,0.0,32.0,-100.0,-100.0,0.0,0.0,-0.0,31.0,-30.4,-95.0,-24.0,1.0,-4.934,35.0,-90.381,-90.311,-8.0,0.0,0.0,31.0,31.707,31.22,8.0,0.0,0.136,31.0,40.619,40.825,-8.0,0.0,0.0,33.0
68.1107,1,rev,-95.0,12.2,5.528,5.169,24.0,0.0,0.0,31.0,-100.0,-100.0,-8.0,0.0,0.0,32.0,-100.0,-100.0,0.0,0.0,-0.0,31.0,-30.8,-95.0,-24.0,1.0,-6.004,35.0,-90.381,-90.311,-8.0,0.0,0.0,31.0,31.707,31.22,8.0,0.0,0.067,31.0,40.619,40.825,-8.0,0.0,0.0,33.0
68.1639,1,rev,-95.0,12.2,5.528,5.169,24.0,0.0,0.0,31.0,-100.0,-100.0,-8.0,0.0,0.0,32.0,-100.0,-100.0,0.0,0.0,-0.0,31.0,-31.067,-95.0,-24.0,1.0,-5.486,35.0,-90.381,-90.311,-8.0,0.0,0.0,31.0,31.707,31.22,8.0,0.0,0.033,31.0,40.619,40.825,-8.0,0.0,0.0,33.0
68.2175,1,rev,-95.0,12.2,5.528,5.169,24.0,0.0,0.0,31.0,-100.0,-100.0,-8.0,0.0,0.0,32.0,-100.0,-100.0,0.0,0.0,-0.0,31.0,-31.467,-95.0,-24.0,1.0,-6.305,35.0,-90.381,-90.311,-8.0,0.0,0.0,31.0,31.707,31.22,8.0,0.0,0.016,31.0,40.619,40.825,-8.0,0.0,0.0,33.0
68.2708,1,rev,-95.0,12.2,5.528,5.169,24.0,0.0,0.0,31.0,-100.0,-100.0,-8.0,0.0,0.0,32.0,-100.0,-100.0,0.0,0.0,-0.0,31.0,-31.733,-95.0,-24.0,1.0,-5.59,35.0,-90.381,-90.311,-8.0,0.0,0.0,31.0,31.707,31.22,8.0,0.0,0.008,31.0,40.619,40.825,-8.0,0.0,0.0,33.0
68.3244,1,rev,-95.0,12.2,5.528,5.169,24.0,0.0,0.0,31.0,-100.0,-100.0,-8.0,0.0,0.0,32.0,-100.0,-100.0,0.0,0.0,-0.0,31.0,-31.867,-95.0,-24.0,1.0,-3.776,35.0,-90.381,-90.311,-8.0,0.0,0.0,31.0,31.707,31.22,8.0,0.0,0.004,31.0,40.619,40.825,-8.0,0.0,0.0,33.0
68.3771,1,rev,-95.0,12.2,5.528,5.169,24.0,0.0,0.0,31.0,-100.0,-100.0,-8.0,0.0,0.0,32.0,-100.0,-100.0,0.0,0.0,-0.0,31.0,-32.267,-95.0,-24.0,1.0,-5.857,35.0,-90.381,-90.311,-8.0,0.0,0.0,31.0,31.707,31.22,8.0,0.0,0.002,31.0,40.619,40.825,-8.0,0.0,0.0,33.0
68.4307,1,rev,-95.0,12.2,5.528,5.169,24.0,0.0,0.0,31.0,-100.0,-100.0,-8.0,0.0,0.0,32.0,-100.0,-100.0,0.0,0.0,-0.0,31.0,-32.4,-95.0,-24.0,1.0,-4.362,35.0,-90.381,-90.311,-8.0,0.0,0.0,31.0,31.707,31.22,8.0,0.0,0.001,31.0,40.619,40.825,-8.0,0.0,0.0,33.0
68.4841,1,rev,-95.0,12.2,5.528,5.169,24.0,0.0,0.0,31.0,-100.0,-100.0,-8.0,0.0,0.0,32.0,-100.0,-100.0,0.0,0.0,-0.0,31.0,-32.667,-95.0,-24.0,1.0,-4.691,35.0,-90.381,-90.311,-8.0,0.0,0.0,31.0,31.707,31.22,8.0,0.0,0.0,31.0,40.619,40.825,-8.0,0.0,0.0,33.0
68.5373,1,rev,-95.0,12.2,5.528,5.169,24.0,0.0,0.0,31.0,-100.0,-100.0,-8.0,0.0,0.0,31.0,-100.0,-100.0,0.0,0.0,-0.0,31.0,-32.933,-95.0,-28.0,1.0,-4.624,35.0,-90.381,-90.311,-8.0,0.0,0.0,31.0,31.707,31.22,8.0,0.0,0.0,31.0,40.619,40.825,-8.0,0.0,0.0,33.0
68.5906,1,rev,-95.0,12.2,5.528,5.169,24.0,0.0,0.0,31.0,-100.0,-100.0,-8.0,0.0,0.0,31.0,-100.0,-100.0,0.0,0.0,-0.0,31.0,-33.067,-95.0,-28.0,1.0,-4.714,35.0,-90.381,-90.311,-8.0,0.0,0.0,31.0,31.707,31.22,8.0,0.0,0.0,31.0,40.619,40.825,-8.0,0.0,0.0,33.0
68.6444,1,rev,-95.0,12.2,5.528,5.169,24.0,0.0,0.0,31.0,-100.0,-100.0,-8.0,0.0,0.0,31.0,-100.0,-100.0,0.0,0.0,-0.0,31.0,-33.333,-95.0,-28.0,1.0,-4.714,35.0,-90.381,-90.311,-8.0,0.0,0.0,31.0,31.707,31.22,8.0,0.0,0.0,31.0,40.619,40.825,-8.0,0.0,0.0,33.0
68.6986,1,rev,-95.0,12.2,5.528,5.169,24.0,0.0,0.0,31.0,-100.0,-100.0,-8.0,0.0,0.0,31.0,-100.0,-100.0,0.0,0.0,-0.0,31.0,-33.733,-95.0,-28.0,1.0,-6.215,35.0,-90.381,-90.311,-8.0,0.0,0.0,31.0,31.707,31.22,8.0,0.0,0.0,31.0,40.619,40.825,-8.0,0.0,0.0,33.0
68.7521,1,rev,-95.0,12.2,5.528,5.169,24.0,0.0,0.0,31.0,-100.0,-100.0,-8.0,0.0,0.0,31.0,-100.0,-100.0,0.0,0.0,-0.0,31.0,-34.0,-95.0,-28.0,1.0,-5.474,35.0,-90.381,-90.311,-8.0,0.0,0.0,31.0,31.707,31.22,8.0,0.0,0.0,31.0,40.619,40.825,-8.0,0.0,0.0,33.0
68.8051,1,rev,-95.0,12.2,5.528,5.169,24.0,0.0,0.0,31.0,-100.0,-100.0,-8.0,0.0,0.0,31.0,-100.0,-100.0,0.0,0.0,-0.0,31.0,-34.267,-95.0,-28.0,1.0,-5.696,35.0,-90.381,-90.311,-8.0,0.0,0.0,31.0,31.707,31.22,8.0,0.0,0.0,31.0,40.619,40.825,-8.0,0.0,0.0,33.0
68.8581,1,rev,-95.0,12.2,5.528,5.169,24.0,0.0,0.0,31.0,-100.0,-100.0,-8.0,0.0,0.0,31.0,-100.0,-100.0,0.0,0.0,-0.0,31.0,-34.533,-95.0,-28.0,1.0,-5.339,35.0,-90.381,-90.311,-8.0,0.0,0.0,31.0,31.22,31.22,8.0,0.0,-5.522,31.0,40.619,40.825,-8.0,0.0,0.0,33.0
68.9125,1,rev,-95.0,12.2,5.528,5.169,24.0,0.0,0.0,31.0,-100.0,-100.0,-8.0,0.0,0.0,31.0,-100.0,-100.0,0.0,0.0,-0.0,31.0,-34.667,-95.0,-28.0,1.0,-3.657,35.0,-90.381,-90.311,-8.0,0.0,0.0,31.0,31.22,31.22,8.0,0.0,-2.706,31.0,40.619,40.825,-8.0,0.0,0.0,33.0
68.9658,1,rev,-95.0,12.2,5.528,5.169,24.0,0.0,0.0,31.0,-100.0,-100.0,-8.0,0.0,0.0,31.0,-100.0,-100.0,0.0,0.0,-0.0,31.0,-34.933,-95.0,-28.0,1.0,-4.335,35.0,-90.381,-90.311,-8.0,0.0,0.0,31.0,31.22,31.22,8.0,0.0,-1.326,31.0,40.619,40.825,-8.0,0.0,0.0,33.0
69.019,1,rev,-95.0,12.2,5.528,5.169,24.0,0.0,0.0,31.0,-100.0,-100.0,-8.0,0.0,0.0,31.0,-100.0,-100.0,0.0,0.0,-0.0,31.0,-35.2,-95.0,-28.0,1.0,-4.236,35.0,-90.381,-90.311,-8.0,0.0,0.0,31.0,31.22,31.22,8.0,0.0,-0.65,31.0,40.619,40.825,-8.0,0.0,0.0,33.0
69.0717,1,rev,-95.0,12.2,5.528,5.169,24.0,0.0,0.0,31.0,-100.0,-100.0,-8.0,0.0,0.0,31.0,-100.0,-100.0,0.0,0.0,-0.0,31.0,-35.467,-95.0,-28.0,1.0,-4.6,35.0,-90.381,-90.311,-8.0,0.0,0.0,31.0,31.707,31.22,8.0,0.0,5.112,31.0,40.619,40.825,-8.0,0.0,0.0,33.0
69.1243,1,rev,-95.0,12.2,5.528,5.169,24.0,0.0,0.0,31.0,-100.0,-100.0,-8.0,0.0,0.0,31.0,-100.0,-100.0,0.0,0.0,-0.0,31.0,-35.733,-95.0,-24.0,2.0,-4.544,35.0,-90.381,-90.311,-8.0,0.0,0.0,31.0,31.707,31.22,8.0,0.0,3.578,31.0,40.619,40.825,-8.0,0.0,0.0,33.0
69.1767,1,rev,-95.0,12.2,5.528,5.169,24.0,0.0,0.0,31.0,-100.0,-100.0,-8.0,0.0,0.0,31.0,-100.0,-100.0,0.0,0.0,-0.0,31.0,-36.0,-95.0,-24.0,2.0,-5.19,35.0,-90.381,-90.311,-8.0,0.0,0.0,31.0,31.707,31.22,8.0,0.0,1.753,31.0,40.619,40.825,-8.0,0.0,0.0,33.0
69.2299,1,rev,-95.0,12.2,5.528,5.169,24.0,0.0,0.0,31.0,-100.0,-100.0,-8.0,0.0,0.0,31.0,-100.0,-100.0,0.0,0.0,-0.0,31.0,-36.267,-95.0,-24.0,2.0,-4.641,35.0,-90.381,-90.311,-8.0,0.0,0.0,31.0,31.707,31.22,8.0,0.0,0.859,31.0,40.619,40.825,-8.0,0.0,0.0,33.0
69.2835,1,rev,-95.0,12.2,5.528,5.169,24.0,0.0,0.0,31.0,-100.0,-100.0,-8.0,0.0,0.0,31.0,-100.0,-100.0,0.0,0.0,-0.0,31.0,-36.667,-95.0,-24.0,2.0,-5.85,35.0,-90.381,-90.311,-8.0,0.0,0.0,31.0,31.707,31.22,8.0,0.0,0.421,31.0,40.619,40.825,-8.0,0.0,0.0,33.0
69.337,1,rev,-95.0,12.2,5.528,5.169,24.0,0.0,0.0,31.0,-100.0,-100.0,-8.0,0.0,0.0,31.0,-100.0,-100.0,0.0,0.0,-0.0,31.0,-36.933,-95.0,-24.0,2.0,-5.413,35.0,-90.381,-90.311,-8.0,0.0,0.0,31.0,31.707,31.22,8.0,0.0,0.206,31.0,40.619,40.825,-8.0,0.0,0.0,33.0
69.3896,1,rev,-95.0,12.2,5.528,5.169,24.0,0.0,0.0,31.0,-100.0,-100.0,-8.0,0.0,0.0,31.0,-100.0,-100.0,0.0,0.0,-0.0,31.0,-37.2,-95.0,-24.0,2.0,-5.183,35.0,-90.381,-90.311,-8.0,0.0,0.0,31.0,31.707,31.22,8.0,0.0,0.101,31.0,40.619,40.825,-8.0,0.0,0.0,33.0
69.4417,1,rev,-95.0,12.2,5.528,5.169,24.0,0.0,0.0,31.0,-100.0,-100.0,-8.0,0.0,0.0,31.0,-100.0,-100.0,0.0,0.0,-0.0,31.0,-37.467,-95.0,-24.0,2.0,-5.076,35.0,-90.381,-90.311,-8.0,0.0,0.0,31.0,31.707,31.22,8.0,0.0,0.05,31.0,40.619,40.825,-8.0,0.0,0.0,33.0
69.4948,1,rev,-95.0,12.2,5.528,5.169,24.0,0.0,0.0,31.0,-100.0,-100.0,-8.0,0.0,0.0,31.0,-100.0,-100.0,0.0,0.0,-0.0,31.0,-37.733,-95.0,-24.0,2.0,-5.043,35.0,-90.381,-90.311,-8.0,0.0,0.0,31.0,31.707,31.22,8.0,0.0,0.024,31.0,40.619,40.825,-8.0,0.0,0.0,33.0
69.5476,1,rev,-95.0,12.2,5.528,5.169,24.0,0.0,0.0,31.0,-100.0,-100.0,-8.0,0.0,0.0,31.0,-100.0,-100.0,0.0,0.0,-0.0,31.0,-38.0,-95.0,-24.0,2.0,-5.495,35.0,-90.381,-90.311,-8.0,0.0,0.0,31.0,31.707,31.22,8.0,0.0,0.012,31.0,40.619,40.825,-8.0,0.0,0.0,33.0
69.6009,1,rev,-95.0,12.2,5.528,5.169,24.0,0.0,0.0,31.0,-100.0,-100.0,-8.0,0.0,0.0,31.0,-100.0,-100.0,0.0,0.0,-0.0,31.0,-38.267,-95.0,-24.0,2.0,-5.214,35.0,-90.381,-90.311,-8.0,0.0,0.0,31.0,31.707,31.22,8.0,0.0,0.006,31.0,40.619,40.825,-8.0,0.0,0.0,33.0
69.6541,1,rev,-95.0,12.2,5.528,5.169,24.0,0.0,0.0,31.0,-100.0,-100.0,-8.0,0.0,0.0,31.0,-100.0,-100.0,0.0,0.0,-0.0,31.0,-38.4,-95.0,-24.0,2.0,-5.132,35.0,-90.381,-90.311,-8.0,0.0,0.0,31.0,31.22,31.22,8.0,0.0,-5.418,31.0,40.619,40.825,-8.0,0.0,0.0,33.0
69.7068,1,rev,-95.0,12.2,5.528,5.169,24.0,0.0,0.0,31.0,-100.0,-100.0,-8.0,0.0,0.0,31.0,-100.0,-100.0,0.0,0.0,-0.0,31.0,-38.533,-95.0,-16.0,0.0,-4.241,35.0,-90.381,-90.311,-8.0,0.0,0.0,31.0,31.22,31.22,0.0,0.0,-3.792,31.0,40.619,40.825,-8.0,0.0,0.0,33.0
69.7603,1,rev,-95.0,12.2,5.528,5.169,24.0,0.0,0.0,31.0,-100.0,-100.0,-8.0,0.0,0.0,31.0,-100.0,-100.0,0.0,0.0,-0.0,31.0,-38.933,-95.0,-16.0,0.0,-5.987,35.0,-90.381,-90.311,-8.0,0.0,0.0,31.0,31.22,31.22,0.0,0.0,-1.858,31.0,40.619,40.825,-8.0,0.0,0.0,33.0
69.8139,1,rev,-95.0,12.2,5.528,5.169,24.0,0.0,0.0,31.0,-100.0,-100.0,-8.0,0.0,0.0,31.0,-100.0,-100.0,0.0,0.0,-0.0,31.0,-39.2,-95.0,-16.0,0.0,-5.456,35.0,-90.381,-90.311,-8.0,0.0,0.0,31.0,31.22,31.22,0.0,0.0,-0.911,31.0,40.619,40.825,-8.0,0.0,0.0,33.0
69.8669,1,rev,-95.0,12.2,5.528,5.169,24.0,0.0,0.0,31.0,-100.0,-100.0,-8.0,0.0,0.0,31.0,-100.0,-100.0,0.0,0.0,-0.0,31.0,-39.333,-95.0,-16.0,0.0,-3.718,35.0,-90.381,-90.311,-8.0,0.0,0.0,31.0,31.707,31.22,0.0,0.0,5.04,31.0,40.619,40.825,-8.0,0.0,0.0,33.0
69.9212,1,rev,-95.0,12.2,5.528,5.169,24.0,0.0,0.0,31.0,-100.0,-100.0,-8.0,0.0,0.0,31.0,-100.0,-100.0,0.0,0.0,-0.0,31.0,-39.733,-95.0,-16.0,0.0,-5.865,35.0,-90.381,-90.311,-8.0,0.0,0.0,31.0,31.707,31.22,0.0,0.0,2.47,31.0,40.619,40.825,-8.0,0.0,0.0,33.0
69.9746,1,rev,-95.0,12.2,5.528,5.169,24.0,0.0,0.0,31.0,-100.0,-100.0,-8.0,0.0,0.0,31.0,-100.0,-100.0,0.0,0.0,-0.0,31.0,-40.0,-95.0,-16.0,0.0,-5.391,35.0,-90.381,-90.311,-8.0,0.0,0.0,31.0,31.707,31.22,0.0,0.0,1.21,31.0,40.619,40.825,-8.0,0.0,0.0,33.0
70.0267,1,rev,-95.0,12.2,5.528,5.169,24.0,0.0,0.0,31.0,-100.0,-100.0,-8.0,0.0,0.0,31.0,-100.0,-100.0,0.0,0.0,-0.0,31.0,-40.267,-95.0,-16.0,0.0,-5.182,35.0,-90.381,-90.311,-8.0,0.0,0.0,31.0,31.707,31.22,0.0,0.0,0.593,31.0,40.619,40.825,-8.0,0.0,0.0,33.0
70.08,1,rev,-95.0,12.2,5.528,5.169,24.0,0.0,0.0,31.0,-100.0,-100.0,-8.0,0.0,0.0,31.0,-100.0,-100.0,0.0,0.0,-0.0,31.0,-40.533,-95.0,-16.0,0.0,-5.097,35.0,-90.381,-90.311,-8.0,0.0,0.0,31.0,31.707,31.22,0.0,0.0,0.291,31.0,40.619,40.825,-8.0,0.0,0.0,33.0
70.133,1,rev,-95.0,12.2,5.528,5.169,24.0,0.0,0.0,31.0,-100.0,-100.0,-8.0,0.0,0.0,31.0,-100.0,-100.0,0.0,0.0,-0.0,31.0,-40.8,-95.0,-16.0,0.0,-5.45,35.0,-90.381,-90.311,-8.0,0.0,0.0,31.0,31.707,31.22,0.0,0.0,0.142,31.0,40.619,40.825,-8.0,0.0,0.0,33.0
70.1859,1,rev,-95.0,12.2,5.528,5.169,24.0,0.0,0.0,31.0,-100.0,-100.0,-8.0,0.0,0.0,31.0,-100.0,-100.0,0.0,0.0,-0.0,31.0,-40.933,-95.0,-16.0,0.0,-3.727,35.0,-90.381,-90.311,-8.0,0.0,0.0,31.0,31.707,31.22,0.0,0.0,0.07,31.0,40.619,40.825,-8.0,0.0,0.0,33.0
70.2386,1,rev,-95.0,12.1,5.528,5.169,24.0,0.0,0.0,31.0,-100.0,-100.0,-8.0,0.0,0.0,32.0,-100.0,-100.0,0.0,0.0,-0.0,31.0,-41.067,-95.0,-16.0,0.0,-4.079,35.0,-90.381,-90.311,-8.0,0.0,0.0,31.0,31.707,31.22,8.0,0.0,0.049,31.0,40.619,40.825,-8.0,0.0,0.0,33.0
70.2908,1,rev,-95.0,12.1,5.528,5.169,24.0,0.0,0.0,31.0,-100.0,-100.0,-8.0,0.0,0.0,32.0,-100.0,-100.0,0.0,0.0,-0.0,31.0,-41.467,-95.0,-16.0,0.0,-4.465,35.0,-90.381,-90.311,-8.0,0.0,0.0,31.0,31.22,31.22,8.0,0.0,-1.745,31.0,40.619,40.825,-8.0,0.0,0.0,33.0
70.344,1,rev,-95.0,12.1,5.528,5.169,24.0,0.0,0.0,31.0,-100.0,-100.0,-8.0,0.0,0.0,32.0,-100.0,-100.0,0.0,0.0,-0.0,31.0,-41.733,-95.0,-16.0,0.0,-4.725,35.0,-90.381,-90.311,-8.0,0.0,0.0,31.0,31.22,31.22,8.0,0.0,-0.855,31.0,40.619,40.825,-8.0,0.0,0.0,33.0
70.3969,1,rev,-95.0,12.1,5.528,5.169,24.0,0.0,0.0,31.0,-100.0,-100.0,-8.0,0.0,0.0,32.0,-100.0,-100.0,0.0,0.0,-0.0,31.0,-42.0,-95.0,-16.0,0.0,-4.824,35.0,-90.381,-90.311,-8.0,0.0,0.0,31.0,31.22,31.22,8.0,0.0,-0.419,31.0,40.619,40.825,-8.0,0.0,0.0,33.0
70.4503,1,rev,-95.0,12.1,5.528,5.169,24.0,0.0,0.0,31.0,-100.0,-100.0,-8.0,0.0,0.0,32.0,-100.0,-100.0,0.0,0.0,-0.0,31.0,-42.267,-95.0,-16.0,0.0,-4.416,35.0,-90.381,-90.311,-8.0,0.0,0.0,31.0,31.22,31.22,8.0,0.0,-0.205,31.0,40.619,40.825,-8.0,0.0,0.0,33.0
70.5027,1,rev,-95.0,12.1,5.528,5.169,24.0,0.0,0.0,31.0,-100.0,-100.0,-8.0,0.0,0.0,32.0,-100.0,-100.0,0.0,0.0,-0.0,31.0,-42.533,-95.0,-16.0,0.0,-4.683,35.0,-90.381,-90.311,-8.0,0.0,0.0,31.0,31.22,31.22,8.0,0.0,-0.101,31.0,40.619,40.825,-8.0,0.0,0.0,33.0
70.5561,1,rev,-95.0,12.1,5.528,5.169,24.0,0.0,0.0,31.0,-100.0,-100.0,-8.0,0.0,0.0,32.0,-100.0,-100.0,0.0,0.0,-0.0,31.0,-42.933,-95.0,-16.0,0.0,-6.305,35.0,-90.381,-90.311,-8.0,0.0,0.0,31.0,31.707,31.22,8.0,0.0,3.743,31.0,40.619,40.825,-8.0,0.0,0.0,33.0
70.6092,1,rev,-95.0,12.1,5.528,5.169,24.0,0.0,0.0,31.0,-100.0,-100.0,-8.0,0.0,0.0,32.0,-100.0,-100.0,0.0,0.0,-0.0,31.0,-43.2,-95.0,-16.0,0.0,-5.642,35.0,-90.381,-90.311,-8.0,0.0,0.0,31.0,31.707,31.22,8.0,0.0,1.834,31.0,40.619,40.825,-8.0,0.0,0.0,33.0
70.662,1,rev,-95.0,12.1,5.528,5.169,24.0,0.0,0.0,31.0,-100.0,-100.0,-8.0,0.0,0.0,32.0,-100.0,-100.0,0.0,0.0,-0.0,31.0,-43.467,-95.0,-16.0,0.0,-5.286,35.0,-90.381,-90.311,-8.0,0.0,0.0,31.0,31.707,31.22,8.0,0.0,0.899,31.0,40.619,40.825,-8.0,0.0,0.0,33.0
70.7146,1,rev,-95.0,12.1,5.528,5.169,24.0,0.0,0.0,31.0,-100.0,-100.0,-8.0,0.0,0.0,32.0,-100.0,-100.0,0.0,0.0,-0.0,31.0,-43.6,-95.0,-16.0,0.0,-5.195,35.0,-90.381,-90.311,-8.0,0.0,0.0,31.0,31.707,31.22,8.0,0.0,0.629,31.0,40.619,40.825,-8.0,0.0,0.0,33.0
70.7679,1,rev,-95.0,12.1,5.528,5.169,24.0,0.0,0.0,31.0,-100.0,-100.0,-8.0,0.0,0.0,32.0,-100.0,-100.0,0.0,0.0,-0.0,31.0,-44.0,-95.0,-16.0,0.0,-6.468,35.0,-90.381,-90.311,-8.0,0.0,0.0,31.0,31.707,31.22,8.0,0.0,0.308,31.0,40.619,40.825,-8.0,0.0,0.0,33.0
70.8214,1,rev,-95.0,12.2,5.528,5.169,24.0,0.0,0.0,31.0,-100.0,-100.0,-8.0,0.0,0.0,32.0,-100.0,-100.0,0.0,0.0,-0.0,31.0,-44.0,-95.0,-20.0,0.0,-4.528,35.0,-90.381,-90.311,-8.0,0.0,0.0,31.0,31.707,31.22,0.0,0.0,0.216,31.0,40.619,40.825,-8.0,0.0,0.0,33.0
70.8746,1,rev,-95.0,12.2,5.528,5.169,24.0,0.0,0.0,31.0,-100.0,-100.0,-8.0,0.0,0.0,32.0,-100.0,-100.0,0.0,0.0,-0.0,31.0,-44.267,-95.0,-20.0,0.0,-3.197,35.0,-90.381,-90.311,-8.0,0.0,0.0,31.0,31.22,31.22,0.0,0.0,-1.684,31.0,40.619,40.825,-8.0,0.0,0.0,33.0
70.9277,1,rev,-95.0,12.2,5.528,5.169,24.0,0.0,0.0,31.0,-100.0,-100.0,-8.0,0.0,0.0,32.0,-100.0,-100.0,0.0,0.0,-0.0,31.0,-44.667,-95.0,-20.0,0.0,-5.176,35.0,-90.381,-90.311,-8.0,0.0,0.0,31.0,31.22,31.22,0.0,0.0,-0.825,31.0,40.619,40.825,-8.0,0.0,0.0,33.0
70.9808,1,rev,-95.0,12.2,5.528,5.169,24.0,0.0,0.0,31.0,-100.0,-100.0,-8.0,0.0,0.0,32.0,-100.0,-100.0,0.0,0.0,-0.0,31.0,-44.933,-95.0,-20.0,0.0,-5.094,35.0,-90.381,-90.311,-8.0,0.0,0.0,31.0,31.22,31.22,0.0,0.0,-0.404,31.0,40.619,40.825,-8.0,0.0,0.0,33.0
71.034,1,rev,-95.0,12.2,5.528,5.169,24.0,0.0,0.0,31.0,-100.0,-100.0,-8.0,0.0,0.0,32.0,-100.0,-100.0,0.0,0.0,-0.0,31.0,-45.2,-95.0,-20.0,0.0,-5.011,35.0,-90.381,-90.311,-8.0,0.0,0.0,31.0,31.22,31.22,0.0,0.0,-0.198,31.0,40.619,40.825,-8.0,0.0,0.0,33.0
71.0875,1,rev,-95.0,12.2,5.528,5.169,24.0,0.0,0.0,31.0,-100.0,-100.0,-8.0,0.0,0.0,32.0,-100.0,-100.0,0.0,0.0,-0.0,31.0,-45.467,-95.0,-20.0,0.0,-4.983,35.0,-90.381,-90.311,-8.0,0.0,0.0,31.0,31.707,31.22,0.0,0.0,5.34,31.0,40.619,40.825,-8.0,0.0,0.0,33.0
71.1396,1,rev,-95.0,12.2,5.528,5.169,24.0,0.0,0.0,31.0,-100.0,-100.0,-8.0,0.0,0.0,32.0,-100.0,-100.0,0.0,0.0,-0.0,31.0,-45.733,-95.0,-20.0,0.0,-4.998,35.0,-90.381,-90.311,-8.0,0.0,0.0,31.0,31.707,31.22,0.0,0.0,2.617,31.0,40.619,40.825,-8.0,0.0,0.0,33.0
71.1915,1,rev,-95.0,12.2,5.528,5.169,24.0,0.0,0.0,31.0,-100.0,-100.0,-8.0,0.0,0.0,32.0,-100.0,-100.0,0.0,0.0,-0.0,31.0,-46.0,-95.0,-20.0,0.0,-5.006,35.0,-90.381,-90.311,-8.0,0.0,0.0,31.0,31.707,31.22,0.0,0.0,1.282,31.0,40.619,40.825,-8.0,0.0,0.0,33.0
71.2437,1,rev,-95.0,12.2,5.528,5.169,24.0,0.0,0.0,31.0,-100.0,-100.0,-8.0,0.0,0.0,32.0,-100.0,-100.0,0.0,0.0,-0.0,31.0,-46.267,-95.0,-20.0,0.0,-4.972,35.0,-90.381,-90.311,-8.0,0.0,0.0,31.0,31.22,31.22,0.0,0.0,-4.784,31.0,40.619,40.825,-8.0,0.0,0.0,33.0
71.2973,1,rev,-95.0,12.2,5.528,5.169,24.0,0.0,0.0,31.0,-100.0,-100.0,-8.0,0.0,0.0,32.0,-100.0,-100.0,0.0,0.0,-0.0,31.0,-46.533,-95.0,-20.0,0.0,-4.979,35.0,-90.381,-90.311,-8.0,0.0,0.0,31.0,31.22,31.22,0.0,0.0,-2.344,31.0,40.619,40.825,-8.0,0.0,0.0,33.0
71.3504,1,rev,-95.0,12.2,5.528,5.169,24.0,0.0,0.0,31.0,-100.0,-100.0,-8.0,0.0,0.0,32.0,-100.0,-100.0,0.0,0.0,-0.0,31.0,-46.8,-95.0,-20.0,0.0,-4.991,35.0,-90.381,-90.311,-8.0,0.0,0.0,31.0,31.22,31.22,0.0,0.0,-1.149,31.0,40.619,40.825,-8.0,0.0,0.0,33.0
71.4036,1,rev,-95.0,12.1,5.438,5.169,24.0,0.0,-0.448,31.0,-100.0,-100.0,-8.0,0.0,0.0,31.0,-100.0,-100.0,0.0,0.0,-0.0,31.0,-47.067,-95.0,-16.0,0.0,-4.821,35.0,-90.381,-90.311,-8.0,0.0,0.0,31.0,31.22,31.22,0.0,0.0,-0.804,31.0,40.619,40.825,-8.0,0.0,0.0,33.0
71.4568,1,rev,-95.0,12.1,5.438,5.169,24.0,0.0,-0.219,31.0,-100.0,-100.0,-8.0,0.0,0.0,31.0,-100.0,-100.0,0.0,0.0,-0.0,31.0,-47.333,-95.0,-16.0,0.0,-5.275,35.0,-90.381,-90.311,-8.0,0.0,0.0,31.0,31.22,31.22,0.0,0.0,-0.394,31.0,40.619,40.825,-8.0,0.0,0.0,33.0
71.5103,1,rev,-95.0,12.1,5.438,5.169,24.0,0.0,-0.107,31.0,-100.0,-100.0,-8.0,0.0,0.0,31.0,-100.0,-100.0,0.0,0.0,-0.0,31.0,-47.6,-95.0,-16.0,0.0,-5.138,35.0,-90.381,-90.311,-8.0,0.0,0.0,31.0,31.22,31.22,0.0,0.0,-0.193,31.0,40.619,40.825,-8.0,0.0,0.0,33.0
71.5632,1,rev,-95.0,12.1,5.438,5.169,24.0,0.0,-0.053,31.0,-100.0,-100.0,-8.0,0.0,0.0,31.0,-100.0,-100.0,0.0,0.0,-0.0,31.0,-47.867,-95.0,-16.0,0.0,-5.053,35.0,-90.381,-90.311,-8.0,0.0,0.0,31.0,31.22,31.22,0.0,0.0,-0.095,31.0,40.619,40.825,-8.0,0.0,0.0,33.0
71.6163,1,rev,-95.0,12.1,5.438,5.169,24.0,0.0,-0.026,31.0,-100.0,-100.0,-8.0,0.0,0.0,31.0,-100.0,-100.0,0.0,0.0,-0.0,31.0,-48.133,-95.0,-16.0,0.0,-4.989,35.0,-90.381,-90.311,-8.0,0.0,0.0,31.0,31.22,31.22,0.0,0.0,-0.046,31.0,40.619,40.825,-8.0,0.0,0.0,33.0
71.6695,1,rev,-95.0,12.1,5.438,5.169,24.0,0.0,-0.013,31.0,-100.0,-100.0,-8.0,0.0,0.0,31.0,-100.0,-100.0,0.0,0.0,-0.0,31.0,-48.4,-95.0,-16.0,0.0,-5.005,35.0,-90.381,-90.311,-8.0,0.0,0.0,31.0,31.707,31.22,0.0,0.0,3.834,31.0,40.619,40.825,-8.0,0.0,0.0,33.0
71.7226,1,rev,-95.0,12.1,5.438,5.169,24.0,0.0,-0.006,31.0,-100.0,-100.0,-8.0,0.0,0.0,31.0,-100.0,-100.0,0.0,0.0,-0.0,31.0,-48.667,-95.0,-16.0,0.0,-4.98,35.0,-90.381,-90.311,-8.0,0.0,0.0,31.0,31.707,31.22,0.0,0.0,1.878,31.0,40.619,40.825,-8.0,0.0,0.0,33.0
71.7758,1,rev,-95.0,12.1,5.438,5.169,24.0,0.0,-0.004,31.0,-100.0,-100.0,-8.0,0.0,0.0,31.0,-100.0,-100.0,0.0,0.0,-0.0,31.0,-48.8,-95.0,-16.0,0.0,-4.947,35.0,-90.381,-90.311,-8.0,0.0,0.0,31.0,31.707,31.22,0.0,0.0,1.315,31.0,40.619,40.825,-8.0,0.0,0.0,33.0
71.8293,1,rev,-95.0,12.1,5.438,5.169,24.0,0.0,-0.002,31.0,-100.0,-100.0,-8.0,0.0,0.0,31.0,-100.0,-100.0,0.0,0.0,-0.0,31.0,-49.067,-95.0,-16.0,0.0,-4.849,35.0,-90.381,-90.311,-8.0,0.0,0.0,31.0,31.22,31.22,0.0,0.0,-2.825,31.0,40.619,40.825,-8.0,0.0,0.0,33.0
71.8827,1,rev,-95.0,12.1,5.438,5.169,24.0,0.0,-0.001,31.0,-100.0,-100.0,-8.0,0.0,0.0,31.0,-100.0,-100.0,0.0,0.0,-0.0,31.0,-49.333,-95.0,-16.0,0.0,-4.798,35.0,-90.381,-90.311,-8.0,0.0,0.0,31.0,31.22,31.22,0.0,0.0,-1.384,31.0,40.619,40.825,-8.0,0.0,0.0,33.0
71.9372,1,rev,-95.0,12.1,5.438,5.169,24.0,0.0,-0.001,31.0,-100.0,-100.0,-8.0,0.0,0.0,31.0,-100.0,-100.0,0.0,0.0,-0.0,31.0,-49.733,-95.0,-16.0,0.0,-6.256,35.0,-90.381,-90.311,-8.0,0.0,0.0,31.0,31.22,31.22,0.0,0.0,-0.678,31.0,40.619,40.825,-8.0,0.0,0.0,33.0
71.9898,1,rev,-95.0,12.2,5.438,5.169,16.0,0.0,-0.0,31.0,-100.0,-100.0,-8.0,0.0,0.0,31.0,-100.0,-100.0,0.0,0.0,-0.0,31.0,-49.867,-95.0,-8.0,0.0,-5.044,35.0,-90.381,-90.311,-8.0,0.0,0.0,31.0,31.22,31.22,0.0,0.0,-0.475,31.0,40.619,40.825,-8.0,0.0,0.0,33.0
72.0429,1,rev,-95.0,12.2,5.438,5.169,16.0,0.0,-0.0,31.0,-100.0,-100.0,-8.0,0.0,0.0,31.0,-100.0,-100.0,0.0,0.0,-0.0,31.0,-50.133,-95.0,-8.0,0.0,-4.992,35.0,-90.381,-90.311,-8.0,0.0,0.0,31.0,31.22,31.22,0.0,0.0,-0.233,31.0,40.619,40.825,-8.0,0.0,0.0,33.0
72.0965,1,rev,-95.0,12.2,5.438,5.169,16.0,0.0,-0.0,31.0,-100.0,-100.0,-8.0,0.0,0.0,31.0,-100.0,-100.0,0.0,0.0,-0.0,31.0,-50.533,-95.0,-8.0,0.0,-6.004,35.0,-90.381,-90.311,-8.0,0.0,0.0,31.0,31.22,31.22,0.0,0.0,-0.114,31.0,40.619,40.825,-8.0,0.0,0.0,33.0
72.1488,1,rev,-95.0,12.2,5.438,5.169,16.0,0.0,-0.0,31.0,-100.0,-100.0,-8.0,0.0,0.0,31.0,-100.0,-100.0,0.0,0.0,-0.0,31.0,-50.8,-95.0,-8.0,0.0,-5.46,35.0,-90.381,-90.311,-8.0,0.0,0.0,31.0,31.22,31.22,0.0,0.0,-0.056,31.0,40.619,40.825,-8.0,0.0,0.0,33.0
72.202,1,rev,-95.0,12.2,5.438,5.169,16.0,0.0,-0.0,31.0,-100.0,-100.0,-8.0,0.0,0.0,31.0,-100.0,-100.0,0.0,0.0,-0.0,31.0,-51.067,-95.0,-8.0,0.0,-5.69,35.0,-90.381,-90.311,-8.0,0.0,0.0,31.0,31.22,31.22,0.0,0.0,-0.027,31.0,40.619,40.825,-8.0,0.0,0.0,33.0
72.2551,1,rev,-95.0,12.2,5.438,5.169,16.0,0.0,-0.0,31.0,-100.0,-100.0,-8.0,0.0,0.0,31.0,-100.0,-100.0,0.0,0.0,-0.0,31.0,-51.333,-95.0,-8.0,0.0,-5.313,35.0,-90.381,-90.311,-8.0,0.0,0.0,31.0,31.22,31.22,0.0,0.0,-0.013,31.0,40.619,40.825,-8.0,0.0,0.0,33.0
72.3085,1,rev,-95.0,12.2,5.438,5.169,16.0,0.0,-0.0,31.0,-100.0,-100.0,-8.0,0.0,0.0,31.0,-100.0,-100.0,0.0,0.0,-0.0,31.0,-51.6,-95.0,-8.0,0.0,-5.124,35.0,-90.381,-90.311,-8.0,0.0,0.0,31.0,31.22,31.22,0.0,0.0,-0.007,31.0,40.619,40.825,-8.0,0.0,0.0,33.0
72.3618,1,rev,-95.0,12.2,5.438,5.169,16.0,0.0,-0.0,31.0,-100.0,-100.0,-8.0,0.0,0.0,31.0,-100.0,-100.0,0.0,0.0,-0.0,31.0,-51.733,-95.0,-8.0,0.0,-4.018,35.0,-90.381,-90.311,-8.0,0.0,0.0,31.0,31.22,31.22,0.0,0.0,-0.003,31.0,40.619,40.825,-8.0,0.0,0.0,33.0
72.4154,1,rev,-95.0,12.2,5.438,5.169,16.0,0.0,-0.0,31.0,-100.0,-100.0,-8.0,0.0,0.0,31.0,-100.0,-100.0,0.0,0.0,-0.0,31.0,-52.0,-95.0,-8.0,0.0,-4.519,35.0,-90.381,-90.311,-8.0,0.0,0.0,31.0,31.22,31.22,0.0,0.0,-0.002,31.0,40.619,40.825,-8.0,0.0,0.0,33.0
72.4676,1,rev,-95.0,12.2,5.438,5.169,16.0,0.0,-0.0,31.0,-100.0,-100.0,-8.0,0.0,0.0,31.0,-100.0,-100.0,0.0,0.0,-0.0,31.0,-52.4,-95.0,-8.0,0.0,-6.239,35.0,-90.381,-90.311,-8.0,0.0,0.0,31.0,31.22,31.22,0.0,0.0,-0.001,31.0,40.619,40.825,-8.0,0.0,0.0,33.0
72.5198,1,rev,-95.0,12.2,5.438,5.169,16.0,0.0,-0.0,31.0,-100.0,-100.0,-8.0,0.0,0.0,31.0,-100.0,-100.0,0.0,0.0,-0.0,31.0,-52.4,-95.0,-8.0,0.0,-4.367,35.0,-90.381,-90.311,-8.0,0.0,0.0,31.0,31.22,31.22,0.0,0.0,-0.001,31.0,40.619,40.825,-8.0,0.0,0.0,33.0
72.5731,1,rev,-95.0,12.1,5.438,5.169,16.0,0.0,-0.0,31.0,-100.0,-100.0,-8.0,0.0,0.0,31.0,-100.0,-100.0,0.0,0.0,-0.0,31.0,-52.667,-95.0,-12.0,0.0,-4.403,35.0,-90.381,-90.311,-8.0,0.0,0.0,31.0,31.22,31.22,0.0,0.0,-0.0,31.0,40.619,40.825,-8.0,0.0,0.0,33.0
72.6256,1,rev,-95.0,12.1,5.438,5.169,16.0,0.0,-0.0,31.0,-100.0,-100.0,-8.0,0.0,0.0,31.0,-100.0,-100.0,0.0,0.0,-0.0,31.0,-52.933,-95.0,-12.0,0.0,-5.143,35.0,-90.381,-90.311,-8.0,0.0,0.0,31.0,31.22,31.22,0.0,0.0,-0.0,31.0,40.619,40.825,-8.0,0.0,0.0,33.0
72.6789,1,rev,-95.0,12.1,5.438,5.169,16.0,0.0,-0.0,31.0,-100.0,-100.0,-8.0,0.0,0.0,31.0,-100.0,-100.0,0.0,0.0,-0.0,31.0,-53.2,-95.0,-12.0,0.0,-4.978,35.0,-90.381,-90.311,-8.0,0.0,0.0,31.0,31.22,31.22,0.0,0.0,-0.0,31.0,40.619,40.825,-8.0,0.0,0.0,33.0
72.7324,1,rev,-95.0,12.1,5.438,5.169,16.0,0.0,-0.0,31.0,-100.0,-100.0,-8.0,0.0,0.0,31.0,-100.0,-100.0,0.0,0.0,-0.0,31.0,-53.6,-95.0,-12.0,0.0,-6.034,35.0,-90.381,-90.311,-8.0,0.0,0.0,31.0,31.22,31.22,0.0,0.0,-0.0,31.0,40.619,40.825,-8.0,0.0,0.0,33.0
72.7854,1,rev,-95.0,12.1,5.438,5.169,16.0,0.0,-0.0,31.0,-100.0,-100.0,-8.0,0.0,0.0,31.0,-100.0,-100.0,0.0,0.0,-0.0,31.0,-53.867,-95.0,-12.0,0.0,-5.511,35.0,-90.381,-90.311,-8.0,0.0,0.0,31.0,31.707,31.22,0.0,0.0,3.858,31.0,40.619,40.825,-8.0,0.0,0.0,33.0
72.8376,1,rev,-95.0,12.1,5.438,5.169,16.0,0.0,-0.0,31.0,-100.0,-100.0,-8.0,0.0,0.0,31.0,-100.0,-100.0,0.0,0.0,-0.0,31.0,-54.267,-95.0,-12.0,0.0,-6.742,35.0,-90.381,-90.311,-8.0,0.0,0.0,31.0,31.707,31.22,0.0,0.0,1.89,31.0,40.619,40.825,-8.0,0.0,0.0,33.0
72.8911,1,rev,-95.0,12.1,5.438,5.169,16.0,0.0,-0.0,31.0,-100.0,-100.0,-8.0,0.0,0.0,31.0,-100.0,-100.0,0.0,0.0,-0.0,31.0,-54.4,-95.0,-12.0,0.0,-4.36,35.0,-90.381,-90.311,-8.0,0.0,0.0,31.0,31.22,31.22,0.0,0.0,-4.449,31.0,40.619,40.825,-8.0,0.0,0.0,33.0
72.9457,1,rev,-95.0,12.1,5.438,5.169,16.0,0.0,-0.0,31.0,-100.0,-100.0,-8.0,0.0,0.0,31.0,-100.0,-100.0,0.0,0.0,-0.0,31.0,-54.667,-95.0,-12.0,0.0,-4.671,35.0,-90.381,-90.311,-8.0,0.0,0.0,31.0,31.22,31.22,0.0,0.0,-2.18,31.0,40.619,40.825,-8.0,0.0,0.0,33.0
72.999,1,rev,-95.0,12.1,5.438,5.169,16.0,0.0,-0.0,31.0,-100.0,-100.0,-8.0,0.0,0.0,31.0,-100.0,-100.0,0.0,0.0,-0.0,31.0,-54.933,-95.0,-12.0,0.0,-4.829,35.0,-90.381,-90.311,-8.0,0.0,0.0,31.0,31.22,31.22,0.0,0.0,-1.068,31.0,40.619,40.825,-8.0,0.0,0.0,33.0
73.0525,1,rev,-95.0,12.1,5.438,5.169,16.0,0.0,-0.0,31.0,-100.0,-100.0,-8.0,0.0,0.0,31.0,-100.0,-100.0,0.0,0.0,-0.0,31.0,-55.2,-95.0,-12.0,0.0,-4.917,35.0,-90.381,-90.311,-8.0,0.0,0.0,31.0,31.22,31.22,0.0,0.0,-0.523,31.0,40.619,40.825,-8.0,0.0,0.0,33.0
73.106,1,rev,-95.0,12.2,5.438,5.169,16.0,0.0,-0.0,31.0,-100.0,-100.0,-8.0,0.0,0.0,32.0,-100.0,-100.0,0.0,0.0,-0.0,31.0,-55.333,-95.0,-8.0,0.0,-4.927,35.0,-90.381,-90.311,-8.0,0.0,0.0,31.0,31.22,31.22,0.0,0.0,-0.366,31.0,40.619,40.825,-8.0,0.0,0.0,33.0
73.1592,1,rev,-95.0,12.2,5.438,5.169,16.0,0.0,-0.0,31.0,-100.0,-100.0,-8.0,0.0,0.0,32.0,-100.0,-100.0,0.0,0.0,-0.0,31.0,-55.6,-95.0,-8.0,0.0,-3.399,35.0,-90.381,-90.311,-8.0,0.0,0.0,31.0,31.22,31.22,0.0,0.0,-0.18,31.0,40.619,40.825,-8.0,0.0,0.0,33.0
73.2125,1,rev,-95.0,12.2,5.438,5.169,16.0,0.0,-0.0,31.0,-100.0,-100.0,-8.0,0.0,0.0,32.0,-100.0,-100.0,0.0,0.0,-0.0,31.0,-56.0,-95.0,-8.0,0.0,-5.246,35.0,-90.381,-90.311,-8.0,0.0,0.0,31.0,31.22,31.22,0.0,0.0,-0.088,31.0,40.619,40.825,-8.0,0.0,0.0,33.0
73.2655,1,rev,-95.0,12.2,5.438,5.169,16.0,0.0,-0.0,31.0,-100.0,-100.0,-8.0,0.0,0.0,32.0,-100.0,-100.0,0.0,0.0,-0.0,31.0,-56.267,-95.0,-8.0,0.0,-5.117,35.0,-90.381,-90.311,-8.0,0.0,0.0,31.0,31.22,31.22,0.0,0.0,-0.043,31.0,40.619,40.825,-8.0,0.0,0.0,33.0
73.3186,1,rev,-95.0,12.2,5.438,5.169,16.0,0.0,-0.0,31.0,-100.0,-100.0,-8.0,0.0,0.0,32.0,-100.0,-100.0,0.0,0.0,-0.0,31.0,-56.533,-95.0,-8.0,0.0,-5.042,35.0,-90.381,-90.311,-8.0,0.0,0.0,31.0,31.22,31.22,0.0,0.0,-0.021,31.0,40.619,40.825,-8.0,0.0,0.0,33.0
73.3718,1,rev,-95.0,12.2,5.438,5.169,16.0,0.0,-0.0,31.0,-100.0,-100.0,-8.0,0.0,0.0,32.0,-100.0,-100.0,0.0,0.0,-0.0,31.0,-56.8,-95.0,-8.0,0.0,-4.997,35.0,-90.381,-90.311,-8.0,0.0,0.0,31.0,31.22,31.22,0.0,0.0,-0.01,31.0,40.619,40.825,-8.0,0.0,0.0,33.0
73.4254,1,rev,-95.0,12.2,5.438,5.169,16.0,0.0,-0.0,31.0,-100.0,-100.0,-8.0,0.0,0.0,32.0,-100.0,-100.0,0.0,0.0,-0.0,31.0,-57.067,-95.0,-8.0,0.0,-4.987,35.0,-90.381,-90.311,-8.0,0.0,0.0,31.0,31.22,31.22,0.0,0.0,-0.005,31.0,40.619,40.825,-8.0,0.0,0.0,33.0
73.4786,1,rev,-95.0,12.2,5.438,5.169,16.0,0.0,-0.0,31.0,-100.0,-100.0,-8.0,0.0,0.0,32.0,-100.0,-100.0,0.0,0.0,-0.0,31.0,-57.333,-95.0,-8.0,0.0,-4.962,35.0,-90.381,-90.311,-8.0,0.0,0.0,31.0,31.22,31.22,0.0,0.0,-0.002,31.0,40.619,40.825,-8.0,0.0,0.0,33.0
73.5319,1,rev,-95.0,12.2,5.438,5.169,16.0,0.0,-0.0,31.0,-100.0,-100.0,-8.0,0.0,0.0,32.0,-100.0,-100.0,0.0,0.0,-0.0,31.0,-57.6,-95.0,-8.0,0.0,-4.962,35.0,-90.381,-90.311,-8.0,0.0,0.0,31.0,31.22,31.22,0.0,0.0,-0.001,31.0,40.619,40.825,-8.0,0.0,0.0,33.0
73.5853,1,rev,-95.0,12.2,5.438,5.169,16.0,0.0,-0.0,31.0,-100.0,-100.0,-8.0,0.0,0.0,32.0,-100.0,-100.0,0.0,0.0,-0.0,31.0,-57.867,-95.0,-8.0,0.0,-4.972,35.0,-90.381,-90.311,-8.0,0.0,0.0,31.0,31.22,31.22,0.0,0.0,-0.001,31.0,40.619,40.825,-8.0,0.0,0.0,33.0
73.6376,1,rev,-95.0,12.2,5.438,5.169,16.0,0.0,-0.0,31.0,-100.0,-100.0,-8.0,0.0,0.0,32.0,-100.0,-100.0,0.0,0.0,-0.0,31.0,-58.133,-95.0,-8.0,0.0,-4.949,35.0,-90.381,-90.311,-8.0,0.0,0.0,31.0,31.22,31.22,0.0,0.0,-0.0,31.0,40.619,40.825,-8.0,0.0,0.0,33.0
73.691,1,rev,-95.0,12.2,5.438,5.169,16.0,0.0,-0.0,31.0,-100.0,-100.0,-8.0,0.0,0.0,32.0,-100.0,-100.0,0.0,0.0,-0.0,31.0,-58.267,-95.0,0.0,0.0,-4.134,35.0,-90.381,-90.311,-8.0,0.0,0.0,31.0,31.22,31.22,0.0,0.0,-0.0,31.0,40.619,40.825,-8.0,0.0,0.0,33.0
73.7441,1,rev,-95.0,12.2,5.438,5.169,16.0,0.0,-0.0,31.0,-100.0,-100.0,-8.0,0.0,0.0,32.0,-100.0,-100.0,0.0,0.0,-0.0,31.0,-58.533,-95.0,0.0,0.0,-4.569,35.0,-90.381,-90.311,-8.0,0.0,0.0,31.0,31.22,31.22,0.0,0.0,-0.0,31.0,40.619,40.825,-8.0,0.0,0.0,33.0
73.7972,1,rev,-95.0,12.2,5.438,5.169,16.0,0.0,-0.0,31.0,-100.0,-100.0,-8.0,0.0,0.0,32.0,-100.0,-100.0,0.0,0.0,-0.0,31.0,-58.933,-95.0,0.0,0.0,-5.841,35.0,-90.381,-90.311,-8.0,0.0,0.0,31.0,31.22,31.22,0.0,0.0,-0.0,31.0,40.619,40.825,-8.0,0.0,0.0,33.0
73.8504,1,rev,-95.0,12.2,5.438,5.169,16.0,0.0,-0.0,31.0,-100.0,-100.0,-8.0,0.0,0.0,32.0,-100.0,-100.0,0.0,0.0,-0.0,31.0,-59.067,-95.0,0.0,0.0,-5.596,35.0,-90.381,-90.311,-8.0,0.0,0.0,31.0,31.22,31.22,0.0,0.0,-0.0,31.0,40.619,40.825,-8.0,0.0,0.0,33.0
73.9038,1,rev,-95.0,12.2,5.438,5.169,16.0,0.0,-0.0,31.0,-100.0,-100.0,-8.0,0.0,0.0,32.0,-100.0,-100.0,0.0,0.0,-0.0,31.0,-59.333,-95.0,0.0,0.0,-5.177,35.0,-90.381,-90.311,-8.0,0.0,0.0,31.0,31.22,31.22,0.0,0.0,-0.0,31.0,40.619,40.825,-8.0,0.0,0.0,33.0
73.9579,1,rev,-95.0,12.2,5.438,5.169,16.0,0.0,-0.0,31.0,-100.0,-100.0,-8.0,0.0,0.0,32.0,-100.0,-100.0,0.0,0.0,-0.0,31.0,-59.6,-95.0,0.0,0.0,-4.967,35.0,-90.381,-90.311,-8.0,0.0,0.0,31.0,31.22,31.22,0.0,0.0,-0.0,31.0,40.619,40.825,-8.0,0.0,0.0,33.0
74.0114,1,rev,-95.0,12.2,5.438,5.169,16.0,0.0,-0.0,31.0,-100.0,-100.0,-8.0,0.0,0.0,32.0,-100.0,-100.0,0.0,0.0,-0.0,31.0,-59.867,-95.0,0.0,0.0,-4.931,35.0,-90.381,-90.311,-8.0,0.0,0.0,31.0,31.22,31.22,0.0,0.0,-0.0,31.0,40.619,40.825,-8.0,0.0,0.0,33.0
74.065,1,rev,-95.0,12.2,5.438,5.169,16.0,0.0,-0.0,31.0,-100.0,-100.0,-8.0,0.0,0.0,32.0,-100.0,-100.0,0.0,0.0,-0.0,31.0,-60.133,-95.0,0.0,0.0,-4.847,35.0,-90.381,-90.311,-8.0,0.0,0.0,31.0,31.22,31.22,0.0,0.0,-0.0,31.0,40.619,40.825,-8.0,0.0,0.0,33.0
74.1182,1,rev,-95.0,12.2,5.438,5.169,16.0,0.0,-0.0,31.0,-100.0,-100.0,-8.0,0.0,0.0,32.0,-100.0,-100.0,0.0,0.0,-0.0,31.0,-60.4,-95.0,0.0,0.0,-4.93,35.0,-90.311,-90.311,-8.0,0.0,0.545,31.0,31.22,31.22,0.0,0.0,-0.0,31.0,40.619,40.825,-8.0,0.0,0.0,33.0
74.1709,1,rev,-95.0,12.2,5.438,5.169,16.0,0.0,-0.0,31.0,-100.0,-100.0,-8.0,0.0,0.0,32.0,-100.0,-100.0,0.0,0.0,-0.0,31.0,-60.667,-95.0,0.0,0.0,-4.517,35.0,-90.311,-90.311,-8.0,0.0,0.267,31.0,31.22,31.22,0.0,0.0,-0.0,31.0,40.619,40.825,-8.0,0.0,0.0,33.0
74.2243,1,rev,-95.0,12.2,5.438,5.169,16.0,0.0,-0.0,31.0,-100.0,-100.0,-8.0,0.0,0.0,32.0,-100.0,-100.0,0.0,0.0,-0.0,31.0,-61.067,-95.0,0.0,0.0,-6.191,35.0,-90.311,-90.311,-8.0,0.0,0.131,31.0,31.22,31.22,0.0,0.0,-0.0,31.0,40.619,40.825,-8.0,0.0,0.0,33.0
74.2775,1,rev,-95.0,12.2,5.438,5.169,16.0,0.0,-0.0,31.0,-100.0,-100.0,-8.0,0.0,0.0,31.0,-100.0,-100.0,0.0,0.0,-0.0,31.0,-61.2,-95.0,0.0,0.0,-5.0,35.0,-90.381,-90.311,0.0,0.0,-0.254,31.0,31.22,31.22,0.0,0.0,-0.0,31.0,40.619,40.825,-8.0,0.0,0.0,33.0
74.3304,1,rev,-95.0,12.2,5.438,5.169,16.0,0.0,-0.0,31.0,-100.0,-100.0,-8.0,0.0,0.0,31.0,-100.0,-100.0,0.0,0.0,-0.0,31.0,-61.467,-95.0,0.0,0.0,-5.414,35.0,-90.381,-90.311,0.0,0.0,-0.125,31.0,31.22,31.22,0.0,0.0,-0.0,31.0,40.619,40.825,-8.0,0.0,0.0,33.0
74.3832,1,rev,-95.0,12.2,5.438,5.169,16.0,0.0,-0.0,31.0,-100.0,-100.0,-8.0,0.0,0.0,31.0,-100.0,-100.0,0.0,0.0,-0.0,31.0,-61.867,-95.0,0.0,0.0,-6.645,35.0,-90.381,-90.311,0.0,0.0,-0.061,31.0,31.22,31.22,0.0,0.0,-0.0,31.0,40.619,40.825,-8.0,0.0,0.0,33.0
74.4359,1,rev,-95.0,12.2,5.438,5.169,16.0,0.0,-0.0,31.0,-100.0,-100.0,-8.0,0.0,0.0,31.0,-100.0,-100.0,0.0,0.0,-0.0,31.0,-62.0,-95.0,0.0,0.0,-4.738,35.0,-90.311,-90.311,0.0,0.0,0.509,31.0,31.22,31.22,0.0,0.0,-0.0,31.0,40.619,40.825,-8.0,0.0,0.0,33.0
74.489,1,rev,-95.0,12.2,5.438,5.169,16.0,0.0,-0.0,31.0,-100.0,-100.0,-8.0,0.0,0.0,31.0,-100.0,-100.0,0.0,0.0,-0.0,31.0,-62.267,-95.0,0.0,0.0,-4.88,35.0,-90.311,-90.311,0.0,0.0,0.249,31.0,31.22,31.22,0.0,0.0,-0.0,31.0,40.619,40.825,-8.0,0.0,0.0,33.0
74.5419,1,rev,-95.0,12.2,5.438,5.169,16.0,0.0,-0.0,31.0,-100.0,-100.0,-8.0,0.0,0.0,31.0,-100.0,-100.0,0.0,0.0,-0.0,31.0,-62.533,-95.0,0.0,0.0,-4.94,35.0,-90.311,-90.311,0.0,0.0,0.122,31.0,31.22,31.22,0.0,0.0,-0.0,31.0,40.619,40.825,-8.0,0.0,0.0,33.0
74.5952,1,rev,-95.0,12.2,5.438,5.169,16.0,0.0,-0.0,31.0,-100.0,-100.0,-8.0,0.0,0.0,31.0,-100.0,-100.0,0.0,0.0,-0.0,31.0,-62.8,-95.0,0.0,0.0,-4.523,35.0,-90.381,-90.311,0.0,0.0,-0.486,31.0,31.22,31.22,0.0,0.0,-0.0,31.0,40.619,40.825,-8.0,0.0,0.0,33.0
74.6486,1,rev,-95.0,12.2,5.438,5.169,16.0,0.0,-0.0,31.0,-100.0,-100.0,-8.0,0.0,0.0,31.0,-100.0,-100.0,0.0,0.0,-0.0,31.0,-63.067,-95.0,0.0,0.0,-4.742,35.0,-90.381,-90.311,0.0,0.0,-0.238,31.0,31.22,31.22,0.0,0.0,-0.0,31.0,40.619,40.825,-8.0,0.0,0.0,33.0
74.7021,1,rev,-95.0,12.2,5.438,5.169,16.0,0.0,-0.0,31.0,-100.0,-100.0,-8.0,0.0,0.0,31.0,-100.0,-100.0,0.0,0.0,-0.0,31.0,-63.333,-95.0,0.0,0.0,-4.856,35.0,-90.311,-90.311,0.0,0.0,0.42,31.0,31.22,31.22,0.0,0.0,-0.0,31.0,40.619,40.825,-8.0,0.0,0.0,33.0
74.7555,1,rev,-95.0,12.2,5.438,5.169,16.0,0.0,-0.0,31.0,-100.0,-100.0,-8.0,0.0,0.0,31.0,-100.0,-100.0,0.0,0.0,-0.0,31.0,-63.733,-95.0,0.0,0.0,-6.406,35.0,-90.311,-90.311,0.0,0.0,0.206,31.0,31.22,31.22,0.0,0.0,-0.0,31.0,40.619,40.825,-8.0,0.0,0.0,33.0
74.8089,1,rev,-95.0,12.2,5.438,5.169,16.0,0.0,-0.0,31.0,-100.0,-100.0,-8.0,0.0,0.0,31.0,-100.0,-100.0,0.0,0.0,-0.0,31.0,-63.733,-95.0,-4.0,0.0,-4.484,35.0,-90.311,-90.311,0.0,0.0,0.144,31.0,31.22,31.22,0.0,0.0,-0.0,31.0,40.619,40.825,-8.0,0.0,0.0,33.0
74.8619,1,rev,-95.0,12.2,5.438,5.169,16.0,0.0,-0.0,31.0,-100.0,-100.0,-8.0,0.0,0.0,31.0,-100.0,-100.0,0.0,0.0,-0.0,31.0,-64.0,-95.0,-4.0,0.0,-4.539,35.0,-90.311,-90.311,0.0,0.0,0.101,31.0,31.22,31.22,0.0,0.0,-0.0,31.0,40.619,40.825,-8.0,0.0,0.0,33.0
74.9156,1,rev,-95.0,12.2,5.438,5.169,16.0,0.0,-0.0,31.0,-100.0,-100.0,-8.0,0.0,0.0,31.0,-100.0,-100.0,0.0,0.0,-0.0,31.0,-64.267,-95.0,-4.0,0.0,-5.163,35.0,-90.381,-90.311,0.0,0.0,-0.713,31.0,31.22,31.22,0.0,0.0,-0.0,31.0,40.619,40.825,-8.0,0.0,0.0,33.0
74.97,1,rev,-95.0,12.2,5.438,5.169,16.0,0.0,-0.0,31.0,-100.0,-100.0,-8.0,0.0,0.0,31.0,-100.0,-100.0,0.0,0.0,-0.0,31.0,-64.533,-95.0,-4.0,0.0,-4.97,35.0,-90.381,-90.311,0.0,0.0,-0.349,31.0,31.22,31.22,0.0,0.0,-0.0,31.0,40.619,40.825,-8.0,0.0,0.0,33.0
75.0232,1,rev,-95.0,12.2,5.438,5.169,16.0,0.0,-0.0,31.0,-100.0,-100.0,-8.0,0.0,0.0,31.0,-100.0,-100.0,0.0,0.0,-0.0,31.0,-64.933,-95.0,-4.0,0.0,-6.458,35.0,-90.311,-90.311,0.0,0.0,0.608,31.0,31.22,31.22,0.0,0.0,-0.0,31.0,40.619,40.825,-8.0,0.0,0.0,33.0
75.0757,1,rev,-95.0,12.2,5.438,5.169,16.0,0.0,-0.0,31.0,-100.0,-100.0,-8.0,0.0,0.0,31.0,-100.0,-100.0,0.0,0.0,-0.0,31.0,-65.067,-95.0,-4.0,0.0,-4.656,35.0,-90.311,-90.311,0.0,0.0,0.298,31.0,31.22,31.22,0.0,0.0,-0.0,31.0,40.619,40.825,-8.0,0.0,0.0,33.0
75.1277,1,rev,-95.0,12.2,5.438,5.169,16.0,0.0,-0.0,31.0,-100.0,-100.0,-8.0,0.0,0.0,31.0,-100.0,-100.0,0.0,0.0,-0.0,31.0,-65.333,-95.0,-4.0,0.0,-4.835,35.0,-90.311,-90.311,0.0,0.0,0.146,31.0,31.22,31.22,0.0,0.0,-0.0,31.0,40.619,40.825,-8.0,0.0,0.0,33.0
75.1797,1,rev,-95.0,12.2,5.438,5.169,16.0,0.0,-0.0,31.0,-100.0,-100.0,-8.0,0.0,0.0,31.0,-100.0,-100.0,0.0,0.0,-0.0,31.0,-65.6,-95.0,-4.0,0.0,-4.895,35.0,-90.311,-90.311,0.0,0.0,0.072,31.0,31.22,31.22,0.0,0.0,-0.0,31.0,40.619,40.825,-8.0,0.0,0.0,33.0
75.2334,1,rev,-95.0,12.2,5.438,5.169,16.0,0.0,-0.0,31.0,-100.0,-100.0,-8.0,0.0,0.0,31.0,-100.0,-100.0,0.0,0.0,-0.0,31.0,-65.867,-95.0,-4.0,0.0,-4.939,35.0,-90.311,-90.311,0.0,0.0,0.035,31.0,31.22,31.22,0.0,0.0,-0.0,31.0,40.619,40.825,-8.0,0.0,0.0,33.0
75.2861,1,rev,-95.0,12.2,5.438,5.169,16.0,0.0,-0.0,31.0,-100.0,-100.0,-8.0,0.0,0.0,31.0,-100.0,-100.0,0.0,0.0,-0.0,31.0,-66.133,-95.0,-4.0,0.0,-4.881,35.0,-90.381,-90.311,0.0,0.0,-0.509,31.0,31.22,31.22,0.0,0.0,-0.0,31.0,40.619,40.825,-8.0,0.0,0.0,33.0
75.3394,1,rev,-95.0,12.2,5.438,5.169,16.0,0.0,-0.0,31.0,-100.0,-100.0,-8.0,0.0,0.0,31.0,-100.0,-100.0,0.0,0.0,-0.0,31.0,-66.533,-95.0,-4.0,0.0,-5.972,35.0,-90.311,-90.311,0.0,0.0,0.526,31.0,31.22,31.22,0.0,0.0,-0.0,31.0,40.619,40.825,-8.0,0.0,0.0,33.0
75.3926,1,rev,-95.0,12.2,5.438,5.169,16.0,0.0,-0.0,31.0,-100.0,-100.0,-8.0,0.0,0.0,32.0,-100.0,-100.0,0.0,0.0,-0.0,31.0,-66.667,-95.0,8.0,0.0,-5.682,35.0,-90.311,-90.311,0.0,0.0,0.368,31.0,31.22,31.22,0.0,0.0,-0.0,31.0,40.619,40.825,-8.0,0.0,0.0,32.0
75.4456,1,rev,-95.0,12.2,5.438,5.169,16.0,0.0,-0.0,31.0,-100.0,-100.0,-8.0,0.0,0.0,32.0,-100.0,-100.0,0.0,0.0,-0.0,31.0,-66.933,-95.0,8.0,0.0,-3.769,35.0,-90.311,-90.311,0.0,0.0,0.18,31.0,31.22,31.22,0.0,0.0,-0.0,31.0,40.619,40.825,-8.0,0.0,0.0,32.0
75.4976,1,rev,-95.0,12.2,5.438,5.169,16.0,0.0,-0.0,31.0,-100.0,-100.0,-8.0,0.0,0.0,32.0,-100.0,-100.0,0.0,0.0,-0.0,31.0,-67.333,-95.0,8.0,0.0,-5.442,35.0,-90.311,-90.311,0.0,0.0,0.088,31.0,31.22,31.22,0.0,0.0,-0.0,31.0,40.619,40.825,-8.0,0.0,0.0,32.0
75.5522,1,rev,-95.0,12.2,5.438,5.169,16.0,0.0,-0.0,31.0,-100.0,-100.0,-8.0,0.0,0.0,32.0,-100.0,-100.0,0.0,0.0,-0.0,31.0,-67.6,-95.0,8.0,0.0,-5.209,35.0,-90.311,-90.311,0.0,0.0,0.043,31.0,31.22,31.22,0.0,0.0,-0.0,31.0,40.619,40.825,-8.0,0.0,0.0,32.0
75.6054,1,rev,-95.0,12.2,5.438,5.169,16.0,0.0,-0.0,31.0,-100.0,-100.0,-8.0,0.0,0.0,32.0,-100.0,-100.0,0.0,0.0,-0.0,31.0,-67.867,-95.0,8.0,0.0,-5.1,35.0,-90.311,-90.311,0.0,0.0,0.021,31.0,31.22,31.22,0.0,0.0,-0.0,31.0,40.619,40.825,-8.0,0.0,0.0,32.0
75.6582,1,rev,-95.0,12.2,5.438,5.169,16.0,0.0,-0.0,31.0,-100.0,-100.0,-8.0,0.0,0.0,32.0,-100.0,-100.0,0.0,0.0,-0.0,31.0,-68.133,-95.0,8.0,0.0,-5.038,35.0,-90.381,-90.311,0.0,0.0,-0.536,31.0,31.22,31.22,0.0,0.0,-0.0,31.0,40.619,40.825,-8.0,0.0,0.0,32.0
75.7115,1,rev,-95.0,12.2,5.438,5.169,16.0,0.0,-0.0,31.0,-100.0,-100.0,-8.0,0.0,0.0,32.0,-100.0,-100.0,0.0,0.0,-0.0,31.0,-68.4,-95.0,8.0,0.0,-4.971,35.0,-90.311,-90.311,0.0,0.0,0.508,31.0,31.22,31.22,0.0,0.0,-0.0,31.0,40.619,40.825,-8.0,0.0,0.0,32.0
75.7645,1,rev,-95.0,12.2,5.438,5.169,16.0,0.0,-0.0,31.0,-100.0,-100.0,-8.0,0.0,0.0,32.0,-100.0,-100.0,0.0,0.0,-0.0,31.0,-68.667,-95.0,8.0,0.0,-4.961,35.0,-90.311,-90.311,0.0,0.0,0.249,31.0,31.22,31.22,0.0,0.0,-0.0,31.0,40.619,40.825,-8.0,0.0,0.0,32.0
75.8166,1,rev,-95.0,12.2,5.438,5.169,16.0,0.0,-0.0,31.0,-100.0,-100.0,-8.0,0.0,0.0,32.0,-100.0,-100.0,0.0,0.0,-0.0,31.0,-68.933,-95.0,8.0,0.0,-4.941,35.0,-90.311,-90.311,0.0,0.0,0.122,31.0,31.22,31.22,0.0,0.0,-0.0,31.0,40.619,40.825,-8.0,0.0,0.0,32.0
75.8687,1,rev,-95.0,12.2,5.438,5.169,16.0,0.0,-0.0,31.0,-100.0,-100.0,-8.0,0.0,0.0,32.0,-100.0,-100.0,0.0,0.0,-0.0,31.0,-69.067,-95.0,8.0,0.0,-4.968,35.0,-90.311,-90.311,0.0,0.0,0.085,31.0,31.22,31.22,0.0,0.0,-0.0,31.0,40.619,40.825,-8.0,0.0,0.0,32.0
75.922,1,rev,-95.0,12.2,5.438,5.169,16.0,0.0,-0.0,31.0,-100.0,-100.0,-8.0,0.0,0.0,32.0,-100.0,-100.0,0.0,0.0,-0.0,31.0,-69.333,-95.0,8.0,0.0,-4.875,35.0,-90.311,-90.311,0.0,0.0,0.042,31.0,31.22,31.22,0.0,0.0,-0.0,31.0,40.619,40.825,-8.0,0.0,0.0,32.0
75.9763,1,rev,-95.0,12.2,5.438,5.169,16.0,0.0,-0.0,31.0,-100.0,-100.0,-8.0,0.0,0.0,31.0,-100.0,-100.0,0.0,0.0,-0.0,31.0,-69.467,-95.0,8.0,0.0,-4.732,35.0,-90.311,-90.311,0.0,0.0,0.029,31.0,31.22,31.22,0.0,0.0,-0.0,31.0,40.619,40.825,-8.0,0.0,0.0,33.0
76.0297,1,rev,-95.0,12.2,5.438,5.169,16.0,0.0,-0.0,31.0,-100.0,-100.0,-8.0,0.0,0.0,31.0,-100.0,-100.0,0.0,0.0,-0.0,31.0,-69.733,-95.0,8.0,0.0,-4.318,35.0,-90.311,-90.311,0.0,0.0,0.014,31.0,31.22,31.22,0.0,0.0,-0.0,31.0,40.619,40.825,-8.0,0.0,0.0,33.0
76.0832,1,rev,-95.0,12.2,5.438,5.169,16.0,0.0,-0.0,31.0,-100.0,-100.0,-8.0,0.0,0.0,31.0,-100.0,-100.0,0.0,0.0,-0.0,31.0,-70.133,-95.0,8.0,0.0,-5.632,35.0,-90.381,-90.311,0.0,0.0,-0.516,31.0,31.22,31.22,0.0,0.0,-0.0,31.0,40.619,40.825,-8.0,0.0,0.0,33.0
76.1366,1,rev,-95.0,12.2,5.438,5.169,16.0,0.0,-0.0,31.0,-100.0,-100.0,-8.0,0.0,0.0,31.0,-100.0,-100.0,0.0,0.0,-0.0,31.0,-70.4,-95.0,8.0,0.0,-5.286,35.0,-90.311,-90.311,0.0,0.0,0.516,31.0,31.22,31.22,0.0,0.0,-0.0,31.0,40.619,40.825,-8.0,0.0,0.0,33.0
76.1889,1,rev,-95.0,12.2,5.438,5.169,16.0,0.0,-0.0,31.0,-100.0,-100.0,-8.0,0.0,0.0,31.0,-100.0,-100.0,0.0,0.0,-0.0,31.0,-70.667,-95.0,8.0,0.0,-5.136,35.0,-90.311,-90.311,0.0,0.0,0.253,31.0,31.22,31.22,0.0,0.0,-0.0,31.0,40.619,40.825,-8.0,0.0,0.0,33.0
76.2423,1,rev,-95.0,12.2,5.438,5.169,16.0,0.0,-0.0,31.0,-100.0,-100.0,-8.0,0.0,0.0,31.0,-100.0,-100.0,0.0,0.0,-0.0,31.0,-70.933,-95.0,8.0,0.0,-5.055,35.0,-90.311,-90.311,0.0,0.0,0.124,31.0,31.22,31.22,0.0,0.0,-0.0,31.0,40.619,40.825,-8.0,0.0,0.0,33.0
76.2945,1,rev,-95.0,12.2,5.438,5.169,16.0,0.0,-0.0,31.0,-100.0,-100.0,-8.0,0.0,0.0,31.0,-100.0,-100.0,0.0,0.0,-0.0,31.0,-71.2,-95.0,8.0,0.0,-5.007,35.0,-90.311,-90.311,0.0,0.0,0.061,31.0,31.22,31.22,0.0,0.0,-0.0,31.0,40.619,40.825,-8.0,0.0,0.0,33.0
76.3476,1,rev,-95.0,12.2,5.438,5.169,16.0,0.0,-0.0,31.0,-100.0,-100.0,-8.0,0.0,0.0,31.0,-100.0,-100.0,0.0,0.0,-0.0,31.0,-71.467,-95.0,8.0,0.0,-4.967,35.0,-90.311,-90.311,0.0,0.0,0.03,31.0,31.22,31.22,0.0,0.0,-0.0,31.0,40.619,40.825,-8.0,0.0,0.0,33.0
76.4009,1,rev,-95.0,12.2,5.438,5.169,16.0,0.0,-0.0,31.0,-100.0,-100.0,-8.0,0.0,0.0,31.0,-100.0,-100.0,0.0,0.0,-0.0,31.0,-71.733,-95.0,8.0,0.0,-4.993,35.0,-90.311,-90.311,0.0,0.0,0.015,31.0,31.22,31.22,0.0,0.0,-0.0,31.0,40.619,40.825,-8.0,0.0,0.0,33.0
76.4538,1,rev,-95.0,12.2,5.438,5.169,16.0,0.0,-0.0,31.0,-100.0,-100.0,-8.0,0.0,0.0,31.0,-100.0,-100.0,0.0,0.0,-0.0,31.0,-72.0,-95.0,8.0,0.0,-4.961,35.0,-90.311,-90.311,0.0,0.0,0.007,31.0,31.22,31.22,0.0,0.0,-0.0,31.0,40.619,40.825,-8.0,0.0,0.0,33.0
76.5072,1,rev,-95.0,12.2,5.438,5.169,16.0,0.0,-0.0,31.0,-100.0,-100.0,-8.0,0.0,0.0,31.0,-100.0,-100.0,0.0,0.0,-0.0,31.0,-72.267,-95.0,8.0,0.0,-4.963,35.0,-90.311,-90.311,0.0,0.0,0.003,31.0,31.22,31.22,0.0,0.0,-0.0,31.0,40.619,40.825,-8.0,0.0,0.0,33.0
76.56,1,rev,-95.0,12.2,5.438,5.169,16.0,0.0,-0.0,31.0,-100.0,-100.0,-8.0,0.0,0.0,31.0,-100.0,-100.0,0.0,0.0,-0.0,31.0,-72.4,-95.0,8.0,0.0,-4.145,35.0,-90.311,-90.311,0.0,0.0,0.002,31.0,31.22,31.22,0.0,0.0,-0.0,31.0,40.619,40.825,-8.0,0.0,0.0,33.0
76.6136,1,rev,-95.0,12.2,5.438,5.169,16.0,0.0,-0.0,31.0,-100.0,-100.0,-8.0,0.0,0.0,31.0,-100.0,-100.0,0.0,0.0,-0.0,31.0,-72.667,-95.0,8.0,0.0,-4.572,35.0,-90.311,-90.311,0.0,0.0,0.001,31.0,31.22,31.22,0.0,0.0,-0.0,31.0,40.619,40.825,-8.0,0.0,0.0,33.0
76.6657,1,rev,-95.0,12.2,5.438,5.169,16.0,0.0,-0.0,31.0,-100.0,-100.0,-8.0,0.0,0.0,31.0,-100.0,-100.0,0.0,0.0,-0.0,31.0,-73.067,-95.0,8.0,0.0,-5.871,35.0,-90.311,-90.311,0.0,0.0,0.001,31.0,31.22,31.22,0.0,0.0,-0.0,31.0,40.619,40.825,-8.0,0.0,0.0,33.0
76.7186,1,rev,-95.0,12.2,5.438,5.169,16.0,0.0,-0.0,31.0,-100.0,-100.0,-8.0,0.0,0.0,31.0,-100.0,-100.0,0.0,0.0,-0.0,31.0,-73.333,-95.0,8.0,0.0,-5.823,35.0,-90.381,-90.311,0.0,0.0,-0.542,31.0,31.22,31.22,0.0,0.0,-0.0,31.0,40.619,40.825,-8.0,0.0,0.0,33.0
76.7707,1,rev,-95.0,12.2,5.438,5.169,16.0,0.0,-0.0,31.0,-100.0,-100.0,-8.0,0.0,0.0,31.0,-100.0,-100.0,0.0,0.0,-0.0,31.0,-73.733,-95.0,8.0,0.0,-6.804,35.0,-90.311,-90.311,0.0,0.0,0.491,31.0,31.22,31.22,0.0,0.0,-0.0,31.0,40.619,40.825,-8.0,0.0,0.0,33.0
76.8239,1,rev,-95.0,12.2,5.438,5.169,16.0,0.0,-0.0,31.0,-100.0,-100.0,-8.0,0.0,0.0,31.0,-100.0,-100.0,0.0,0.0,-0.0,31.0,-73.733,-95.0,8.0,0.0,-4.763,35.0,-90.311,-90.311,0.0,0.0,0.343,31.0,31.22,31.22,0.0,0.0,-0.0,31.0,40.619,40.825,-8.0,0.0,0.0,33.0
76.8773,1,rev,-95.0,12.2,5.438,5.169,16.0,0.0,-0.0,31.0,-100.0,-100.0,-8.0,0.0,0.0,31.0,-100.0,-100.0,0.0,0.0,-0.0,31.0,-74.133,-95.0,8.0,0.0,-6.34,35.0,-90.311,-90.311,0.0,0.0,0.168,31.0,31.22,31.22,0.0,0.0,-0.0,31.0,40.619,40.825,-8.0,0.0,0.0,33.0
76.9308,1,rev,-95.0,12.2,5.438,5.169,16.0,0.0,-0.0,31.0,-100.0,-100.0,-8.0,0.0,0.0,31.0,-100.0,-100.0,0.0,0.0,-0.0,31.0,-74.4,-95.0,8.0,0.0,-5.554,35.0,-90.311,-90.311,0.0,0.0,0.082,31.0,31.22,31.22,0.0,0.0,-0.0,31.0,40.619,40.825,-8.0,0.0,0.0,33.0
76.9848,1,rev,-95.0,12.2,5.438,5.169,16.0,0.0,-0.0,31.0,-100.0,-100.0,-8.0,0.0,0.0,31.0,-100.0,-100.0,0.0,0.0,-0.0,31.0,-74.667,-95.0,8.0,0.0,-5.715,35.0,-90.311,-90.311,0.0,0.0,0.04,31.0,31.22,31.22,0.0,0.0,-0.0,31.0,40.619,40.825,-8.0,0.0,0.0,33.0
77.0383,1,rev,-95.0,12.2,5.438,5.169,16.0,0.0,-0.0,31.0,-100.0,-100.0,-8.0,0.0,0.0,31.0,-100.0,-100.0,0.0,0.0,-0.0,31.0,-74.8,-95.0,8.0,0.0,-4.294,35.0,-90.311,-90.311,0.0,0.0,0.02,31.0,31.22,31.22,0.0,0.0,-0.0,31.0,40.619,40.825,-8.0,0.0,0.0,33.0
77.092,1,rev,-95.0,12.2,5.438,5.169,16.0,0.0,-0.0,31.0,-100.0,-100.0,-8.0,0.0,0.0,31.0,-100.0,-100.0,0.0,0.0,-0.0,31.0,-75.067,-95.0,8.0,0.0,-4.529,35.0,-90.311,-90.311,0.0,0.0,0.01,31.0,31.22,31.22,0.0,0.0,-0.0,31.0,40.619,40.825,-8.0,0.0,0.0,33.0
77.1453,1,rev,-95.0,12.2,5.438,5.169,16.0,0.0,-0.0,31.0,-100.0,-100.0,-8.0,0.0,0.0,31.0,-100.0,-100.0,0.0,0.0,-0.0,31.0,-75.333,-95.0,8.0,0.0,-4.509,35.0,-90.311,-90.311,0.0,0.0,0.007,31.0,31.22,31.22,0.0,0.0,-0.0,31.0,40.619,40.825,-8.0,0.0,0.0,33.0
77.1984,1,rev,-95.0,12.2,5.438,5.169,16.0,0.0,-0.0,31.0,-100.0,-100.0,-8.0,0.0,0.0,31.0,-100.0,-100.0,0.0,0.0,-0.0,31.0,-75.467,-95.0,8.0,0.0,-3.705,35.0,-90.311,-90.311,0.0,0.0,0.003,31.0,31.22,31.22,0.0,0.0,-0.0,31.0,40.619,40.825,-8.0,0.0,0.0,33.0
77.2514,1,rev,-95.0,12.2,5.348,5.169,16.0,0.0,-0.707,31.0,-100.0,-100.0,-8.0,0.0,0.0,31.0,-100.0,-100.0,0.0,0.0,-0.0,31.0,-75.867,-95.0,8.0,0.0,-5.404,35.0,-90.311,-90.311,0.0,0.0,0.002,31.0,31.22,31.22,0.0,0.0,-0.0,31.0,40.619,40.825,-8.0,0.0,0.0,33.0
77.3045,1,rev,-95.0,12.2,5.348,5.169,16.0,0.0,-0.346,31.0,-100.0,-100.0,-8.0,0.0,0.0,31.0,-100.0,-100.0,0.0,0.0,-0.0,31.0,-76.133,-95.0,8.0,0.0,-5.167,35.0,-90.311,-90.311,0.0,0.0,0.001,31.0,31.22,31.22,0.0,0.0,-0.0,31.0,40.619,40.825,-8.0,0.0,0.0,33.0
77.3573,1,rev,-95.0,12.2,5.348,5.169,16.0,0.0,-0.17,31.0,-100.0,-100.0,-8.0,0.0,0.0,31.0,-100.0,-100.0,0.0,0.0,-0.0,31.0,-76.4,-95.0,8.0,0.0,-5.063,35.0,-90.311,-90.311,0.0,0.0,0.0,31.0,31.22,31.22,0.0,0.0,-0.0,31.0,40.619,40.825,-8.0,0.0,0.0,33.0
77.4104,1,rev,-95.0,12.2,5.348,5.169,16.0,0.0,-0.083,31.0,-100.0,-100.0,-8.0,0.0,0.0,31.0,-100.0,-100.0,0.0,0.0,-0.0,31.0,-76.667,-95.0,8.0,0.0,-5.025,35.0,-90.311,-90.311,0.0,0.0,0.0,31.0,31.22,31.22,0.0,0.0,-0.0,31.0,40.619,40.825,-8.0,0.0,0.0,33.0
77.4634,1,rev,-95.0,12.2,5.348,5.169,16.0,0.0,-0.041,31.0,-100.0,-100.0,-8.0,0.0,0.0,31.0,-100.0,-100.0,0.0,0.0,-0.0,31.0,-76.933,-95.0,8.0,0.0,-5.033,35.0,-90.311,-90.311,0.0,0.0,0.0,31.0,31.22,31.22,0.0,0.0,-0.0,31.0,40.619,40.825,-8.0,0.0,0.0,33.0
77.5165,1,rev,-95.0,12.2,5.348,5.169,16.0,0.0,-0.02,31.0,-100.0,-100.0,-8.0,0.0,0.0,31.0,-100.0,-100.0,0.0,0.0,-0.0,31.0,-77.2,-95.0,8.0,0.0,-5.004,35.0,-90.311,-90.311,0.0,0.0,0.0,31.0,31.22,31.22,0.0,0.0,-0.0,31.0,40.619,40.825,-8.0,0.0,0.0,33.0
77.5695,1,rev,-95.0,12.2,5.348,5.169,16.0,0.0,-0.01,31.0,-100.0,-100.0,-8.0,0.0,0.0,31.0,-100.0,-100.0,0.0,0.0,-0.0,31.0,-77.467,-95.0,8.0,0.0,-5.443,35.0,-90.311,-90.311,0.0,0.0,0.0,31.0,31.22,31.22,0.0,0.0,-0.0,31.0,40.619,40.825,-8.0,0.0,0.0,33.0
77.6221,1,rev,-95.0,12.2,5.348,5.169,16.0,0.0,-0.005,31.0,-100.0,-100.0,-8.0,0.0,0.0,31.0,-100.0,-100.0,0.0,0.0,-0.0,31.0,-77.733,-95.0,8.0,0.0,-5.227,35.0,-90.311,-90.311,0.0,0.0,0.0,31.0,31.22,31.22,0.0,0.0,-0.0,31.0,40.619,40.825,-8.0,0.0,0.0,33.0
77.6752,1,rev,-95.0,12.2,5.348,5.169,8.0,0.0,-0.003,31.0,-100.0,-100.0,-8.0,0.0,0.0,31.0,-100.0,-100.0,0.0,0.0,-0.0,31.0,-77.733,-95.0,16.0,0.0,-3.659,35.0,-90.311,-90.311,0.0,0.0,0.0,31.0,31.22,31.22,0.0,0.0,-0.0,31.0,40.619,40.825,-8.0,0.0,0.0,33.0
77.7276,1,rev,-95.0,12.2,5.348,5.169,8.0,0.0,-0.002,31.0,-100.0,-100.0,-8.0,0.0,0.0,31.0,-100.0,-100.0,0.0,0.0,-0.0,31.0,-78.0,-95.0,16.0,0.0,-2.78,35.0,-90.311,-90.311,0.0,0.0,0.0,31.0,31.22,31.22,0.0,0.0,-0.0,31.0,40.619,40.825,-8.0,0.0,0.0,33.0
77.7812,1,rev,-95.0,12.2,5.348,5.169,8.0,0.0,-0.001,31.0,-100.0,-100.0,-8.0,0.0,0.0,31.0,-100.0,-100.0,0.0,0.0,-0.0,31.0,-78.4,-95.0,16.0,0.0,-4.973,35.0,-90.311,-90.311,0.0,0.0,0.0,31.0,31.22,31.22,0.0,0.0,-0.0,31.0,40.619,40.825,-8.0,0.0,0.0,33.0
77.8343,1,rev,-95.0,12.2,5.348,5.169,8.0,0.0,-0.0,31.0,-100.0,-100.0,-8.0,0.0,0.0,31.0,-100.0,-100.0,0.0,0.0,-0.0,31.0,-78.667,-95.0,16.0,0.0,-4.986,35.0,-90.311,-90.311,0.0,0.0,0.0,31.0,31.22,31.22,0.0,0.0,-0.0,31.0,40.619,40.825,-8.0,0.0,0.0,33.0
77.8889,1,rev,-95.0,12.2,5.258,5.169,8.0,0.0,-0.711,31.0,-100.0,-100.0,-8.0,0.0,0.0,31.0,-100.0,-100.0,0.0,0.0,-0.0,31.0,-78.933,-95.0,16.0,0.0,-5.01,35.0,-90.311,-90.311,0.0,0.0,0.0,31.0,31.22,31.22,0.0,0.0,-0.0,31.0,40.619,40.825,-8.0,0.0,0.0,33.0
77.9433,1,rev,-95.0,12.2,5.258,5.169,8.0,0.0,-0.349,31.0,-100.0,-100.0,-8.0,0.0,0.0,31.0,-100.0,-100.0,0.0,0.0,-0.0,31.0,-79.2,-95.0,16.0,0.0,-5.024,35.0,-90.311,-90.311,0.0,0.0,0.0,31.0,31.22,31.22,0.0,0.0,-0.0,31.0,40.619,40.825,-8.0,0.0,0.0,33.0
77.9994,1,rev,-95.0,12.2,5.258,5.169,8.0,0.0,-0.171,31.0,-100.0,-100.0,-8.0,0.0,0.0,31.0,-100.0,-100.0,0.0,0.0,-0.0,31.0,-79.467,-95.0,16.0,0.0,-4.988,35.0,-90.311,-90.311,0.0,0.0,0.0,31.0,31.22,31.22,0.0,0.0,-0.0,31.0,40.619,40.825,-8.0,0.0,0.0,33.0
78.0539,1,rev,-95.0,12.2,5.258,5.169,8.0,0.0,-0.084,31.0,-100.0,-100.0,-8.0,0.0,0.0,31.0,-100.0,-100.0,0.0,0.0,-0.0,31.0,-79.733,-95.0,16.0,0.0,-4.994,35.0,-90.311,-90.311,0.0,0.0,0.0,31.0,31.22,31.22,0.0,0.0,-0.0,31.0,40.619,40.825,-8.0,0.0,0.0,33.0
78.1086,1,rev,-95.0,12.2,5.258,5.169,8.0,0.0,-0.041,31.0,-100.0,-100.0,-8.0,0.0,0.0,31.0,-100.0,-100.0,0.0,0.0,-0.0,31.0,-80.0,-95.0,16.0,0.0,-5.007,35.0,-90.311,-90.311,0.0,0.0,0.0,31.0,31.22,31.22,0.0,0.0,-0.0,31.0,40.619,40.825,-8.0,0.0,0.0,33.0
78.1632,1,rev,-95.0,12.2,5.258,5.169,8.0,0.0,-0.02,31.0,-100.0,-100.0,-8.0,0.0,0.0,31.0,-100.0,-100.0,0.0,0.0,-0.0,31.0,-80.267,-95.0,16.0,0.0,-4.998,35.0,-90.311,-90.311,0.0,0.0,0.0,31.0,31.22,31.22,0.0,0.0,-0.0,31.0,40.619,40.825,-8.0,0.0,0.0,33.0
78.2156,1,rev,-95.0,12.2,5.258,5.169,8.0,0.0,-0.01,31.0,-100.0,-100.0,-8.0,0.0,0.0,31.0,-100.0,-100.0,0.0,0.0,-0.0,31.0,-80.533,-95.0,16.0,0.0,-5.006,35.0,-90.311,-90.311,0.0,0.0,0.0,31.0,31.22,31.22,0.0,0.0,-0.0,31.0,40.619,40.825,-8.0,0.0,0.0,33.0
78.2676,1,rev,-95.0,12.1,5.258,5.169,0.0,0.0,-0.007,31.0,-100.0,-100.0,-8.0,0.0,0.0,32.0,-100.0,-100.0,0.0,0.0,-0.0,31.0,-80.667,-95.0,24.0,1.0,-4.175,35.0,-90.311,-90.311,0.0,0.0,0.0,31.0,31.22,31.22,0.0,0.0,-0.0,31.0,40.619,40.825,-8.0,0.0,0.0,33.0
78.3196,1,rev,-95.0,12.1,5.258,5.169,0.0,0.0,-0.003,31.0,-100.0,-100.0,-8.0,0.0,0.0,32.0,-100.0,-100.0,0.0,0.0,-0.0,31.0,-80.933,-95.0,24.0,1.0,-4.604,35.0,-90.311,-90.311,0.0,0.0,0.0,31.0,31.22,31.22,0.0,0.0,-0.0,31.0,40.619,40.825,-8.0,0.0,0.0,33.0
78.3726,1,rev,-95.0,12.1,5.258,5.169,0.0,0.0,-0.002,31.0,-100.0,-100.0,-8.0,0.0,0.0,32.0,-100.0,-100.0,0.0,0.0,-0.0,31.0,-81.333,-95.0,24.0,1.0,-5.837,35.0,-90.311,-90.311,0.0,0.0,0.0,31.0,31.22,31.22,0.0,0.0,-0.0,31.0,40.619,40.825,-8.0,0.0,0.0,33.0
78.4246,1,rev,-95.0,12.1,5.258,5.169,0.0,0.0,-0.001,31.0,-100.0,-100.0,-8.0,0.0,0.0,32.0,-100.0,-100.0,0.0,0.0,-0.0,31.0,-81.733,-95.0,24.0,1.0,-6.936,35.0,-90.311,-90.311,0.0,0.0,0.0,31.0,31.22,31.22,0.0,0.0,-0.0,31.0,40.619,40.825,-8.0,0.0,0.0,33.0
78.4766,1,rev,-95.0,12.1,5.258,5.169,0.0,0.0,-0.001,31.0,-100.0,-100.0,-8.0,0.0,0.0,32.0,-100.0,-100.0,0.0,0.0,-0.0,31.0,-81.733,-95.0,24.0,1.0,-4.855,35.0,-90.311,-90.311,0.0,0.0,0.0,31.0,31.22,31.22,0.0,0.0,-0.0,31.0,40.619,40.825,-8.0,0.0,0.0,33.0
78.5298,1,rev,-95.0,12.1,5.258,5.169,0.0,0.0,-0.0,31.0,-100.0,-100.0,-8.0,0.0,0.0,32.0,-100.0,-100.0,0.0,0.0,-0.0,31.0,-82.0,-95.0,24.0,1.0,-4.293,35.0,-90.311,-90.311,0.0,0.0,0.0,31.0,31.22,31.22,0.0,0.0,-0.0,31.0,40.619,40.825,-8.0,0.0,0.0,33.0
78.5828,1,rev,-95.0,12.1,5.258,5.169,0.0,0.0,-0.0,31.0,-100.0,-100.0,-8.0,0.0,0.0,32.0,-100.0,-100.0,0.0,0.0,-0.0,31.0,-82.4,-95.0,24.0,1.0,-5.542,35.0,-90.311,-90.311,0.0,0.0,0.0,31.0,31.22,31.22,0.0,0.0,-0.0,31.0,40.619,40.825,-8.0,0.0,0.0,33.0
78.636,1,rev,-95.0,12.1,5.258,5.169,0.0,0.0,-0.0,31.0,-100.0,-100.0,-8.0,0.0,0.0,32.0,-100.0,-100.0,0.0,0.0,-0.0,31.0,-82.667,-95.0,24.0,1.0,-5.699,35.0,-90.311,-90.311,0.0,0.0,0.0,31.0,31.22,31.22,0.0,0.0,-0.0,31.0,40.619,40.825,-8.0,0.0,0.0,33.0
78.6895,1,rev,-95.0,12.1,5.258,5.169,0.0,0.0,-0.0,31.0,-100.0,-100.0,-8.0,0.0,0.0,32.0,-100.0,-100.0,0.0,0.0,-0.0,31.0,-82.8,-95.0,24.0,1.0,-3.754,35.0,-90.311,-90.311,0.0,0.0,0.0,31.0,31.22,31.22,0.0,0.0,-0.0,31.0,40.619,40.825,-8.0,0.0,0.0,33.0
78.7429,1,rev,-95.0,12.1,5.258,5.169,0.0,0.0,-0.0,31.0,-100.0,-100.0,-8.0,0.0,0.0,32.0,-100.0,-100.0,0.0,0.0,-0.0,31.0,-83.067,-95.0,24.0,1.0,-4.364,35.0,-90.311,-90.311,0.0,0.0,0.0,31.0,31.22,31.22,0.0,0.0,-0.0,31.0,40.619,40.825,-8.0,0.0,0.0,33.0
78.7963,1,rev,-95.0,12.1,5.258,5.169,0.0,0.0,-0.0,31.0,-100.0,-100.0,-8.0,0.0,0.0,32.0,-100.0,-100.0,0.0,0.0,-0.0,31.0,-83.333,-95.0,24.0,1.0,-4.673,35.0,-90.311,-90.311,0.0,0.0,0.0,31.0,31.22,31.22,0.0,0.0,-0.0,31.0,40.619,40.825,-8.0,0.0,0.0,33.0
78.8486,1,rev,-95.0,12.2,5.258,5.169,0.0,0.0,-0.0,31.0,-100.0,-100.0,-8.0,0.0,0.0,31.0,-100.0,-100.0,0.0,0.0,-0.0,31.0,-83.6,-95.0,32.0,2.0,-4.613,35.0,-90.311,-90.311,0.0,0.0,0.0,31.0,31.22,31.22,0.0,0.0,-0.0,31.0,40.619,40.825,-8.0,0.0,0.0,33.0
78.9007,1,rev,-95.0,12.2,5.258,5.169,0.0,0.0,-0.0,31.0,-100.0,-100.0,-8.0,0.0,0.0,31.0,-100.0,-100.0,0.0,0.0,-0.0,31.0,-83.733,-95.0,32.0,2.0,-3.761,35.0,-90.311,-90.311,0.0,0.0,0.0,31.0,31.22,31.22,0.0,0.0,-0.0,31.0,40.619,40.825,-8.0,0.0,0.0,33.0
78.9537,1,rev,-95.0,12.2,5.258,5.169,0.0,0.0,-0.0,31.0,-100.0,-100.0,-8.0,0.0,0.0,31.0,-100.0,-100.0,0.0,0.0,-0.0,31.0,-84.133,-95.0,32.0,2.0,-5.448,35.0,-90.311,-90.311,0.0,0.0,0.0,31.0,31.22,31.22,0.0,0.0,-0.0,31.0,40.619,40.825,-8.0,0.0,0.0,33.0
79.0066,1,rev,-95.0,12.2,5.258,5.169,0.0,0.0,-0.0,31.0,-100.0,-100.0,-8.0,0.0,0.0,31.0,-100.0,-100.0,0.0,0.0,-0.0,31.0,-84.4,-95.0,32.0,2.0,-5.199,35.0,-90.311,-90.311,0.0,0.0,0.0,31.0,31.22,31.22,0.0,0.0,-0.0,31.0,40.619,40.825,-8.0,0.0,0.0,33.0
79.0594,1,rev,-95.0,12.2,5.258,5.169,0.0,0.0,-0.0,31.0,-100.0,-100.0,-8.0,0.0,0.0,31.0,-100.0,-100.0,0.0,0.0,-0.0,31.0,-84.667,-95.0,32.0,2.0,-5.1,35.0,-90.311,-90.311,0.0,0.0,0.0,31.0,31.22,31.22,0.0,0.0,-0.0,31.0,40.619,40.825,-8.0,0.0,0.0,33.0
79.1125,1,rev,-95.0,12.2,5.258,5.169,0.0,0.0,-0.0,31.0,-100.0,-100.0,-8.0,0.0,0.0,31.0,-100.0,-100.0,0.0,0.0,-0.0,31.0,-84.933,-95.0,32.0,2.0,-5.49,35.0,-90.311,-90.311,0.0,0.0,0.0,31.0,31.22,31.22,0.0,0.0,-0.0,31.0,40.619,40.825,-8.0,0.0,0.0,33.0
79.1658,1,rev,-95.0,12.2,5.258,5.169,0.0,0.0,-0.0,31.0,-100.0,-100.0,-8.0,0.0,0.0,31.0,-100.0,-100.0,0.0,0.0,-0.0,31.0,-85.2,-95.0,32.0,2.0,-5.221,35.0,-90.311,-90.311,0.0,0.0,0.0,31.0,31.22,31.22,0.0,0.0,-0.0,31.0,40.619,40.825,-8.0,0.0,0.0,33.0
79.2177,1,rev,-95.0,12.2,5.258,5.169,0.0,0.0,-0.0,31.0,-100.0,-100.0,-8.0,0.0,0.0,31.0,-100.0,-100.0,0.0,0.0,-0.0,31.0,-85.467,-95.0,32.0,2.0,-5.111,35.0,-90.311,-90.311,0.0,0.0,0.0,31.0,31.22,31.22,0.0,0.0,-0.0,31.0,40.619,40.825,-8.0,0.0,0.0,33.0
79.2697,1,rev,-95.0,12.2,5.258,5.169,0.0,0.0,-0.0,31.0,-100.0,-100.0,-8.0,0.0,0.0,31.0,-100.0,-100.0,0.0,0.0,-0.0,31.0,-85.733,-95.0,32.0,2.0,-5.067,35.0,-90.311,-90.311,0.0,0.0,0.0,31.0,31.22,31.22,0.0,0.0,-0.0,31.0,40.619,40.825,-8.0,0.0,0.0,33.0
79.3216,1,rev,-95.0,12.2,5.258,5.169,0.0,0.0,-0.0,31.0,-100.0,-100.0,-8.0,0.0,0.0,31.0,-100.0,-100.0,0.0,0.0,-0.0,31.0,-86.0,-95.0,32.0,2.0,-5.029,35.0,-90.311,-90.311,0.0,0.0,0.0,31.0,31.22,31.22,0.0,0.0,-0.0,31.0,40.619,40.825,-8.0,0.0,0.0,33.0
79.3749,1,rev,-95.0,12.2,5.258,5.169,0.0,0.0,-0.0,31.0,-100.0,-100.0,-8.0,0.0,0.0,31.0,-100.0,-100.0,0.0,0.0,-0.0,31.0,-86.133,-95.0,32.0,2.0,-5.029,35.0,-90.311,-90.311,0.0,0.0,0.0,31.0,31.22,31.22,0.0,0.0,-0.0,31.0,40.619,40.825,-8.0,0.0,0.0,33.0
79.4282,1,rev,-95.0,12.2,5.258,5.169,0.0,0.0,-0.0,31.0,-100.0,-100.0,-8.0,0.0,0.0,32.0,-100.0,-100.0,0.0,0.0,-0.0,31.0,-86.267,-95.0,32.0,2.0,-4.193,35.0,-90.311,-90.311,0.0,0.0,0.0,31.0,31.22,31.22,0.0,0.0,-0.0,31.0,40.619,40.825,-8.0,0.0,0.0,33.0
79.4812,1,rev,-95.0,12.2,5.258,5.169,0.0,0.0,-0.0,31.0,-100.0,-100.0,-8.0,0.0,0.0,32.0,-100.0,-100.0,0.0,0.0,-0.0,31.0,-86.533,-95.0,32.0,2.0,-5.04,35.0,-90.311,-90.311,0.0,0.0,0.0,31.0,31.22,31.22,0.0,0.0,-0.0,31.0,40.619,40.825,-8.0,0.0,0.0,33.0
79.5345,1,rev,-95.0,12.2,5.258,5.169,0.0,0.0,-0.0,31.0,-100.0,-100.0,-8.0,0.0,0.0,32.0,-100.0,-100.0,0.0,0.0,-0.0,31.0,-86.933,-95.0,32.0,2.0,-6.417,35.0,-90.311,-90.311,0.0,0.0,0.0,31.0,31.22,31.22,0.0,0.0,-0.0,31.0,40.619,40.825,-8.0,0.0,0.0,33.0
79.5874,1,rev,-95.0,12.2,5.169,5.169,0.0,0.0,-0.712,31.0,-100.0,-100.0,-8.0,0.0,0.0,32.0,-100.0,-100.0,0.0,0.0,-0.0,31.0,-87.2,-95.0,32.0,2.0,-5.704,35.0,-90.311,-90.311,0.0,0.0,0.0,31.0,31.22,31.22,0.0,0.0,-0.0,31.0,40.619,40.825,-8.0,0.0,0.0,33.0
79.6406,1,rev,-95.0,12.2,5.169,5.169,0.0,0.0,-0.349,31.0,-100.0,-100.0,-8.0,0.0,0.0,32.0,-100.0,-100.0,0.0,0.0,-0.0,31.0,-87.467,-95.0,32.0,2.0,-5.355,35.0,-90.311,-90.311,0.0,0.0,0.0,31.0,31.22,31.22,0.0,0.0,-0.0,31.0,40.619,40.825,-8.0,0.0,0.0,33.0
79.6936,1,rev,-95.0,12.2,5.169,5.169,0.0,0.0,-0.171,31.0,-100.0,-100.0,-8.0,0.0,0.0,32.0,-100.0,-100.0,0.0,0.0,-0.0,31.0,-87.733,-95.0,32.0,2.0,-5.18,35.0,-90.311,-90.311,0.0,0.0,0.0,31.0,31.22,31.22,0.0,0.0,-0.0,31.0,40.619,40.825,-8.0,0.0,0.0,33.0
79.7458,1,rev,-95.0,12.2,5.169,5.169,0.0,0.0,-0.084,31.0,-100.0,-100.0,-8.0,0.0,0.0,32.0,-100.0,-100.0,0.0,0.0,-0.0,31.0,-88.0,-95.0,32.0,2.0,-5.079,35.0,-90.311,-90.311,0.0,0.0,0.0,31.0,31.22,31.22,0.0,0.0,-0.0,31.0,40.619,40.825,-8.0,0.0,0.0,33.0
79.7989,1,rev,-95.0,12.2,5.169,5.169,0.0,0.0,-0.041,31.0,-100.0,-100.0,-8.0,0.0,0.0,32.0,-100.0,-100.0,0.0,0.0,-0.0,31.0,-88.267,-95.0,32.0,2.0,-5.047,35.0,-90.311,-90.311,0.0,0.0,0.0,31.0,31.22,31.22,0.0,0.0,-0.0,31.0,40.619,40.825,-8.0,0.0,0.0,33.0
79.8522,1,rev,-95.0,12.2,5.169,5.169,0.0,0.0,-0.02,31.0,-100.0,-100.0,-8.0,0.0,0.0,32.0,-100.0,-100.0,0.0,0.0,-0.0,31.0,-88.533,-95.0,32.0,2.0,-5.03,35.0,-90.311,-90.311,0.0,0.0,0.0,31.0,31.22,31.22,0.0,0.0,-0.0,31.0,40.619,40.825,-8.0,0.0,0.0,33.0
79.9054,1,rev,-95.0,12.2,5.169,5.169,0.0,0.0,-0.01,31.0,-100.0,-100.0,-8.0,0.0,0.0,32.0,-100.0,-100.0,0.0,0.0,-0.0,31.0,-88.8,-95.0,32.0,2.0,-5.019,35.0,-90.311,-90.311,0.0,0.0,0.0,31.0,31.22,31.22,0.0,0.0,-0.0,31.0,40.619,40.825,-8.0,0.0,0.0,33.0
79.9584,1,rev,-95.0,12.2,5.169,5.169,0.0,0.0,-0.007,31.0,-100.0,-100.0,-8.0,0.0,0.0,31.0,-100.0,-100.0,0.0,0.0,-0.0,31.0,-88.933,-95.0,40.0,3.0,-5.02,35.0,-90.311,-90.311,0.0,0.0,0.0,31.0,31.22,31.22,0.0,0.0,-0.0,31.0,40.619,40.825,-8.0,0.0,0.0,33.0
80.0124,1,rev,-95.0,12.2,5.169,5.169,0.0,0.0,-0.003,31.0,-100.0,-100.0,-8.0,0.0,0.0,31.0,-100.0,-100.0,0.0,0.0,-0.0,31.0,-89.2,-95.0,40.0,3.0,-3.448,35.0,-90.311,-90.311,0.0,0.0,0.0,31.0,31.22,31.22,0.0,0.0,-0.0,31.0,40.619,40.825,-8.0,0.0,0.0,33.0
80.0655,1,rev,-95.0,12.2,5.169,5.169,0.0,0.0,-0.002,31.0,-100.0,-100.0,-8.0,0.0,0.0,31.0,-100.0,-100.0,0.0,0.0,-0.0,31.0,-89.6,-95.0,40.0,3.0,-5.294,35.0,-90.311,-90.311,0.0,0.0,0.0,31.0,31.22,31.22,0.0,0.0,-0.0,31.0,40.619,40.825,-8.0,0.0,0.0,33.0
80.1186,1,rev,-95.0,12.2,5.169,5.169,0.0,0.0,-0.001,31.0,-100.0,-100.0,-8.0,0.0,0.0,31.0,-100.0,-100.0,0.0,0.0,-0.0,31.0,-89.867,-95.0,40.0,3.0,-5.138,35.0,-90.311,-90.311,0.0,0.0,0.0,31.0,31.22,31.22,0.0,0.0,-0.0,31.0,40.619,40.825,-8.0,0.0,0.0,33.0
80.1719,1,rev,-95.0,12.2,5.169,5.169,0.0,0.0,-0.0,31.0,-100.0,-100.0,-8.0,0.0,0.0,31.0,-100.0,-100.0,0.0,0.0,-0.0,31.0,-90.133,-95.0,40.0,3.0,-5.081,35.0,-90.311,-90.311,0.0,0.0,0.0,31.0,31.22,31.22,0.0,0.0,-0.0,31.0,40.619,40.825,-8.0,0.0,0.0,33.0
80.2249,1,rev,-95.0,12.2,5.169,5.169,0.0,0.0,-0.0,31.0,-100.0,-100.0,-8.0,0.0,0.0,31.0,-100.0,-100.0,0.0,0.0,-0.0,31.0,-90.4,-95.0,40.0,3.0,-5.036,35.0,-90.311,-90.311,0.0,0.0,0.0,31.0,31.22,31.22,0.0,0.0,-0.0,31.0,40.619,40.825,-8.0,0.0,0.0,33.0
80.2779,1,rev,-95.0,12.2,5.169,5.169,0.0,0.0,-0.0,31.0,-100.0,-100.0,-8.0,0.0,0.0,31.0,-100.0,-100.0,0.0,0.0,-0.0,31.0,-90.667,-95.0,40.0,3.0,-5.017,35.0,-90.311,-90.311,0.0,0.0,0.0,31.0,31.22,31.22,0.0,0.0,-0.0,31.0,40.619,40.825,-8.0,0.0,0.0,33.0
80.3313,1,rev,-95.0,12.2,5.169,5.169,0.0,0.0,-0.0,31.0,-100.0,-100.0,-8.0,0.0,0.0,31.0,-100.0,-100.0,0.0,0.0,-0.0,31.0,-90.933,-95.0,40.0,3.0,-5.015,35.0,-90.311,-90.311,0.0,0.0,0.0,31.0,31.22,31.22,0.0,0.0,-0.0,31.0,40.619,40.825,-8.0,0.0,0.0,33.0
80.3837,1,rev,-95.0,12.2,5.169,5.169,0.0,0.0,-0.0,31.0,-100.0,-100.0,-8.0,0.0,0.0,31.0,-100.0,-100.0,0.0,0.0,-0.0,31.0,-91.2,-95.0,40.0,3.0,-5.001,35.0,-90.311,-90.311,0.0,0.0,0.0,31.0,31.22,31.22,0.0,0.0,-0.0,31.0,40.619,40.825,-8.0,0.0,0.0,33.0
80.4369,1,rev,-95.0,12.2,5.169,5.169,0.0,0.0,-0.0,31.0,-100.0,-100.0,-8.0,0.0,0.0,31.0,-100.0,-100.0,0.0,0.0,-0.0,31.0,-91.467,-95.0,40.0,3.0,-5.462,35.0,-90.311,-90.311,0.0,0.0,0.0,31.0,31.22,31.22,0.0,0.0,-0.0,31.0,40.619,40.825,-8.0,0.0,0.0,33.0
80.4899,1,rev,-95.0,12.2,5.169,5.169,0.0,0.0,-0.0,31.0,-100.0,-100.0,-8.0,0.0,0.0,31.0,-100.0,-100.0,0.0,0.0,-0.0,31.0,-91.733,-95.0,40.0,3.0,-5.224,35.0,-90.311,-90.311,0.0,0.0,0.0,31.0,31.22,31.22,0.0,0.0,-0.0,31.0,40.619,40.825,-8.0,0.0,0.0,33.0
80.543,1,rev,-95.0,12.2,5.169,5.169,0.0,0.0,-0.0,31.0,-100.0,-100.0,0.0,0.0,0.0,32.0,-100.0,-100.0,0.0,0.0,-0.0,31.0,-91.867,-95.0,40.0,3.0,-4.331,35.0,-90.311,-90.311,0.0,0.0,0.0,31.0,31.22,31.22,0.0,0.0,-0.0,31.0,40.619,40.825,-8.0,0.0,0.0,33.0
80.5958,1,rev,-95.0,12.2,5.169,5.169,0.0,0.0,-0.0,31.0,-100.0,-100.0,0.0,0.0,0.0,32.0,-100.0,-100.0,0.0,0.0,-0.0,31.0,-92.133,-95.0,40.0,3.0,-4.681,35.0,-90.311,-90.311,0.0,0.0,0.0,31.0,31.22,31.22,0.0,0.0,-0.0,31.0,40.619,40.825,-8.0,0.0,0.0,33.0
80.6476,1,rev,-95.0,12.2,5.169,5.169,0.0,0.0,-0.0,31.0,-100.0,-100.0,0.0,0.0,0.0,32.0,-100.0,-100.0,0.0,0.0,-0.0,31.0,-92.533,-95.0,40.0,3.0,-5.923,35.0,-90.311,-90.311,0.0,0.0,0.0,31.0,31.22,31.22,0.0,0.0,-0.0,31.0,40.619,40.825,-8.0,0.0,0.0,33.0
80.7005,1,rev,-95.0,12.2,5.169,5.169,0.0,0.0,-0.0,31.0,-100.0,-100.0,0.0,0.0,0.0,32.0,-100.0,-100.0,0.0,0.0,-0.0,31.0,-92.8,-95.0,40.0,3.0,-5.457,35.0,-90.242,-90.311,0.0,0.0,0.547,31.0,31.22,31.22,0.0,0.0,-0.0,31.0,40.619,40.825,-8.0,0.0,0.0,33.0
80.7536,1,rev,-95.0,12.2,5.169,5.169,0.0,0.0,-0.0,31.0,-100.0,-100.0,0.0,0.0,0.0,32.0,-100.0,-100.0,0.0,0.0,-0.0,31.0,-93.067,-95.0,40.0,3.0,-5.227,35.0,-90.242,-90.311,0.0,0.0,0.268,31.0,31.22,31.22,0.0,0.0,-0.0,31.0,40.619,40.825,-8.0,0.0,0.0,33.0
80.8064,1,rev,-95.0,12.2,5.169,5.169,0.0,0.0,-0.0,31.0,-100.0,-100.0,0.0,0.0,0.0,32.0,-100.0,-100.0,0.0,0.0,-0.0,31.0,-93.2,-95.0,40.0,3.0,-3.607,35.0,-90.311,-90.311,0.0,0.0,-0.411,31.0,31.22,31.22,0.0,0.0,-0.0,31.0,40.619,40.825,-8.0,0.0,0.0,33.0
80.8595,1,rev,-95.0,12.2,5.169,5.169,0.0,0.0,-0.0,31.0,-100.0,-100.0,0.0,0.0,0.0,32.0,-100.0,-100.0,0.0,0.0,-0.0,31.0,-93.6,-95.0,40.0,3.0,-5.37,35.0,-90.311,-90.311,0.0,0.0,-0.202,31.0,31.22,31.22,0.0,0.0,-0.0,31.0,40.619,40.825,-8.0,0.0,0.0,33.0
80.9117,1,rev,-95.0,12.2,5.169,5.169,0.0,0.0,-0.0,31.0,-100.0,-100.0,0.0,0.0,0.0,32.0,-100.0,-100.0,0.0,0.0,-0.0,31.0,-93.733,-95.0,40.0,3.0,-5.265,35.0,-90.311,-90.311,0.0,0.0,-0.141,31.0,31.22,31.22,0.0,0.0,-0.0,31.0,40.619,40.825,-8.0,0.0,0.0,33.0
80.9649,1,rev,-95.0,12.2,5.169,5.169,0.0,0.0,-0.0,31.0,-100.0,-100.0,0.0,0.0,0.0,32.0,-100.0,-100.0,0.0,0.0,-0.0,31.0,-94.0,-95.0,40.0,3.0,-5.04,35.0,-90.311,-90.311,0.0,0.0,-0.069,31.0,31.22,31.22,0.0,0.0,-0.0,31.0,40.619,40.825,-8.0,0.0,0.0,33.0
81.019,1,rev,-95.0,12.2,5.169,5.169,0.0,0.0,-0.0,31.0,-100.0,-100.0,0.0,0.0,0.0,32.0,-100.0,-100.0,0.0,0.0,-0.0,31.0,-94.133,-95.0,40.0,3.0,-3.402,35.0,-90.311,-90.311,0.0,0.0,-0.034,31.0,31.22,31.22,0.0,0.0,-0.0,31.0,40.619,40.825,-8.0,0.0,0.0,33.0
81.0722,1,hold_start,-95.0,12.2,5.169,5.169,0.0,0.0,-0.0,31.0,-100.0,-100.0,0.0,0.0,0.0,32.0,-100.0,-100.0,0.0,0.0,-0.0,31.0,-94.4,-95.0,40.0,3.0,-4.186,35.0,-90.311,-90.311,0.0,0.0,-0.017,31.0,31.22,31.22,0.0,0.0,-0.0,31.0,40.619,40.825,-8.0,0.0,0.0,33.0
81.1255,1,hold_start,-95.0,12.2,5.169,5.169,0.0,0.0,-0.0,31.0,-100.0,-100.0,0.0,0.0,0.0,32.0,-100.0,-100.0,0.0,0.0,-0.0,31.0,-94.533,-95.0,32.0,2.0,-3.599,35.0,-90.311,-90.311,0.0,0.0,-0.012,31.0,31.22,31.22,0.0,0.0,-0.0,31.0,40.619,40.825,-8.0,0.0,0.0,33.0
81.1778,1,hold_start,-95.0,12.2,5.169,5.169,0.0,0.0,-0.0,31.0,-100.0,-100.0,0.0,0.0,0.0,32.0,-100.0,-100.0,0.0,0.0,-0.0,31.0,-94.533,-95.0,32.0,2.0,-1.763,35.0,-90.311,-90.311,0.0,0.0,-0.006,31.0,31.22,31.22,0.0,0.0,-0.0,31.0,40.619,40.825,-8.0,0.0,0.0,33.0
81.2314,1,hold_start,-95.0,12.2,5.169,5.169,0.0,0.0,-0.0,31.0,-100.0,-100.0,0.0,0.0,0.0,32.0,-100.0,-100.0,0.0,0.0,-0.0,31.0,-94.533,-95.0,32.0,2.0,-0.864,35.0,-90.311,-90.311,0.0,0.0,-0.003,31.0,31.22,31.22,0.0,0.0,-0.0,31.0,40.619,40.825,-8.0,0.0,0.0,33.0
81.2848,1,hold_start,-95.0,12.2,5.169,5.169,0.0,0.0,-0.0,31.0,-100.0,-100.0,0.0,0.0,0.0,32.0,-100.0,-100.0,0.0,0.0,-0.0,31.0,-94.533,-95.0,32.0,2.0,-0.423,35.0,-90.311,-90.311,0.0,0.0,-0.001,31.0,31.22,31.22,0.0,0.0,-0.0,31.0,40.619,40.825,-8.0,0.0,0.0,33.0
81.3379,1,hold_start,-95.0,12.2,5.169,5.169,0.0,0.0,-0.0,31.0,-100.0,-100.0,0.0,0.0,0.0,32.0,-100.0,-100.0,0.0,0.0,-0.0,31.0,-94.533,-95.0,32.0,2.0,-0.207,35.0,-90.311,-90.311,0.0,0.0,-0.001,31.0,31.22,31.22,0.0,0.0,-0.0,31.0,40.619,40.825,-8.0,0.0,0.0,33.0
81.3911,1,hold_start,-95.0,12.2,5.169,5.169,0.0,0.0,-0.0,31.0,-100.0,-100.0,0.0,0.0,0.0,32.0,-100.0,-100.0,0.0,0.0,-0.0,31.0,-94.533,-95.0,32.0,2.0,-0.102,35.0,-90.311,-90.311,0.0,0.0,-0.0,31.0,31.22,31.22,0.0,0.0,-0.0,31.0,40.619,40.825,-8.0,0.0,0.0,33.0
81.4439,1,hold_start,-95.0,12.2,5.169,5.169,0.0,0.0,-0.0,31.0,-100.0,-100.0,0.0,0.0,0.0,32.0,-100.0,-100.0,0.0,0.0,-0.0,31.0,-94.533,-95.0,32.0,2.0,-0.05,35.0,-90.311,-90.311,0.0,0.0,-0.0,31.0,31.22,31.22,0.0,0.0,-0.0,31.0,40.619,40.825,-8.0,0.0,0.0,33.0
81.4972,1,hold_start,-95.0,12.2,5.169,5.169,0.0,0.0,-0.0,31.0,-100.0,-100.0,0.0,0.0,0.0,32.0,-100.0,-100.0,0.0,0.0,-0.0,31.0,-94.533,-95.0,32.0,2.0,-0.024,35.0,-90.311,-90.311,0.0,0.0,-0.0,31.0,31.22,31.22,0.0,0.0,-0.0,31.0,40.619,40.825,-8.0,0.0,0.0,33.0
81.5504,1,hold_start,-95.0,12.2,5.169,5.169,0.0,0.0,-0.0,31.0,-100.0,-100.0,0.0,0.0,0.0,32.0,-100.0,-100.0,0.0,0.0,-0.0,31.0,-94.533,-95.0,32.0,2.0,-0.012,35.0,-90.311,-90.311,0.0,0.0,-0.0,31.0,31.22,31.22,0.0,0.0,-0.0,31.0,40.619,40.825,-8.0,0.0,0.0,33.0
81.6039,1,hold_start,-95.0,12.2,5.169,5.169,0.0,0.0,-0.0,31.0,-100.0,-100.0,0.0,0.0,0.0,32.0,-100.0,-100.0,0.0,0.0,-0.0,31.0,-94.533,-95.0,32.0,2.0,-0.006,35.0,-90.311,-90.311,0.0,0.0,-0.0,31.0,31.22,31.22,0.0,0.0,-0.0,31.0,40.619,40.825,-8.0,0.0,0.0,33.0
81.6571,1,hold_start,-95.0,12.2,5.169,5.169,0.0,0.0,-0.0,31.0,-100.0,-100.0,-8.0,0.0,0.0,31.0,-100.0,-100.0,0.0,0.0,-0.0,31.0,-94.533,-95.0,32.0,1.0,-0.004,35.0,-90.311,-90.311,0.0,0.0,-0.0,31.0,31.22,31.22,0.0,0.0,-0.0,31.0,40.619,40.825,-8.0,0.0,0.0,33.0
81.7102,1,hold_start,-95.0,12.2,5.169,5.169,0.0,0.0,-0.0,31.0,-100.0,-100.0,-8.0,0.0,0.0,31.0,-100.0,-100.0,0.0,0.0,-0.0,31.0,-94.667,-95.0,32.0,1.0,-1.485,35.0,-90.311,-90.311,0.0,0.0,-0.0,31.0,31.22,31.22,0.0,0.0,-0.0,31.0,40.619,40.825,-8.0,0.0,0.0,33.0
81.7634,1,hold_start,-95.0,12.2,5.169,5.169,0.0,0.0,-0.0,31.0,-100.0,-100.0,-8.0,0.0,0.0,31.0,-100.0,-100.0,0.0,0.0,-0.0,31.0,-94.667,-95.0,32.0,1.0,-0.728,35.0,-90.311,-90.311,0.0,0.0,-0.0,31.0,31.22,31.22,0.0,0.0,-0.0,31.0,40.619,40.825,-8.0,0.0,0.0,33.0
81.8158,1,hold_start,-95.0,12.2,5.169,5.169,0.0,0.0,-0.0,31.0,-100.0,-100.0,-8.0,0.0,0.0,31.0,-100.0,-100.0,0.0,0.0,-0.0,31.0,-94.667,-95.0,32.0,1.0,-0.356,35.0,-90.311,-90.311,0.0,0.0,-0.0,31.0,31.22,31.22,0.0,0.0,-0.0,31.0,40.619,40.825,-8.0,0.0,0.0,33.0
81.8689,1,hold_start,-95.0,12.2,5.169,5.169,0.0,0.0,-0.0,31.0,-100.0,-100.0,-8.0,0.0,0.0,31.0,-100.0,-100.0,0.0,0.0,-0.0,31.0,-94.667,-95.0,32.0,1.0,-0.175,35.0,-90.311,-90.311,0.0,0.0,-0.0,31.0,31.22,31.22,0.0,0.0,-0.0,31.0,40.619,40.825,-8.0,0.0,0.0,33.0
81.922,1,hold_start,-95.0,12.2,5.169,5.169,0.0,0.0,-0.0,31.0,-100.0,-100.0,-8.0,0.0,0.0,31.0,-100.0,-100.0,0.0,0.0,-0.0,31.0,-94.667,-95.0,32.0,1.0,-0.086,35.0,-90.311,-90.311,0.0,0.0,-0.0,31.0,31.22,31.22,0.0,0.0,-0.0,31.0,40.619,40.825,-8.0,0.0,0.0,33.0
81.9747,1,hold_start,-95.0,12.2,5.169,5.169,0.0,0.0,-0.0,31.0,-100.0,-100.0,-8.0,0.0,0.0,31.0,-100.0,-100.0,0.0,0.0,-0.0,31.0,-94.667,-95.0,32.0,1.0,-0.06,35.0,-90.311,-90.311,0.0,0.0,-0.0,31.0,31.22,31.22,0.0,0.0,-0.0,31.0,40.619,40.825,-8.0,0.0,0.0,33.0
82.0291,1,hold_start,-95.0,12.2,5.169,5.169,0.0,0.0,-0.0,31.0,-100.0,-100.0,-8.0,0.0,0.0,31.0,-100.0,-100.0,0.0,0.0,-0.0,31.0,-94.667,-95.0,32.0,1.0,-0.029,35.0,-90.311,-90.311,0.0,0.0,-0.0,31.0,31.22,31.22,0.0,0.0,-0.0,31.0,40.619,40.825,-8.0,0.0,0.0,33.0
82.0817,2,fwd,95.0,12.2,5.169,5.169,0.0,0.0,-0.0,31.0,-100.0,-100.0,-8.0,0.0,0.0,31.0,-100.0,-100.0,0.0,0.0,-0.0,31.0,-94.667,95.0,32.0,1.0,-0.014,35.0,-90.311,-90.311,0.0,0.0,-0.0,31.0,31.22,31.22,0.0,0.0,-0.0,31.0,40.619,40.825,-8.0,0.0,0.0,33.0
82.1356,2,fwd,95.0,12.2,5.169,5.169,0.0,0.0,-0.0,31.0,-100.0,-100.0,-8.0,0.0,0.0,31.0,-100.0,-100.0,0.0,0.0,-0.0,31.0,-94.667,95.0,32.0,1.0,-0.007,35.0,-90.311,-90.311,0.0,0.0,-0.0,31.0,31.22,31.22,0.0,0.0,-0.0,31.0,40.619,40.825,-8.0,0.0,0.0,33.0
82.1892,2,fwd,95.0,12.2,5.169,5.169,0.0,0.0,-0.0,31.0,-100.0,-100.0,-8.0,0.0,0.0,31.0,-100.0,-100.0,0.0,0.0,-0.0,31.0,-94.667,95.0,32.0,1.0,-0.003,35.0,-90.311,-90.311,0.0,0.0,-0.0,31.0,31.22,31.22,0.0,0.0,-0.0,31.0,40.619,40.825,-8.0,0.0,0.0,33.0
82.2416,2,fwd,95.0,12.2,5.169,5.169,0.0,0.0,-0.0,31.0,-100.0,-100.0,0.0,0.0,0.0,32.0,-100.0,-100.0,0.0,0.0,-0.0,31.0,-94.533,95.0,0.0,0.0,1.474,35.0,-90.311,-90.311,0.0,0.0,-0.0,31.0,31.22,31.22,0.0,0.0,-0.0,31.0,40.619,40.825,-8.0,0.0,0.0,33.0
82.2953,2,fwd,95.0,12.2,5.169,5.169,0.0,0.0,-0.0,31.0,-100.0,-100.0,0.0,0.0,0.0,32.0,-100.0,-100.0,0.0,0.0,-0.0,31.0,-94.267,95.0,0.0,0.0,2.694,35.0,-90.311,-90.311,0.0,0.0,-0.0,31.0,31.22,31.22,0.0,0.0,-0.0,31.0,40.619,40.825,-8.0,0.0,0.0,33.0
82.3485,2,fwd,95.0,12.2,5.169,5.169,0.0,0.0,-0.0,31.0,-100.0,-100.0,0.0,0.0,0.0,32.0,-100.0,-100.0,0.0,0.0,-0.0,31.0,-94.133,95.0,0.0,0.0,2.832,35.0,-90.311,-90.311,0.0,0.0,-0.0,31.0,31.22,31.22,0.0,0.0,-0.0,31.0,40.619,40.825,-8.0,0.0,0.0,33.0
82.4013,2,fwd,95.0,12.2,5.169,5.169,0.0,0.0,-0.0,31.0,-100.0,-100.0,0.0,0.0,0.0,32.0,-100.0,-100.0,0.0,0.0,-0.0,31.0,-93.733,95.0,0.0,0.0,4.986,35.0,-90.311,-90.311,0.0,0.0,-0.0,31.0,31.22,31.22,0.0,0.0,-0.0,31.0,40.619,40.825,-8.0,0.0,0.0,33.0
82.4539,2,fwd,95.0,12.2,5.169,5.169,0.0,0.0,-0.0,31.0,-100.0,-100.0,0.0,0.0,0.0,32.0,-100.0,-100.0,0.0,0.0,-0.0,31.0,-93.6,95.0,0.0,0.0,3.48,35.0,-90.311,-90.311,0.0,0.0,-0.0,31.0,31.22,31.22,0.0,0.0,-0.0,31.0,40.619,40.825,-8.0,0.0,0.0,33.0
82.5073,2,fwd,95.0,12.2,5.169,5.169,0.0,0.0,-0.0,31.0,-100.0,-100.0,0.0,0.0,0.0,32.0,-100.0,-100.0,0.0,0.0,-0.0,31.0,-93.333,95.0,0.0,0.0,4.216,35.0,-90.311,-90.311,0.0,0.0,-0.0,31.0,31.22,31.22,0.0,0.0,-0.0,31.0,40.619,40.825,-8.0,0.0,0.0,33.0
82.5599,2,fwd,95.0,12.2,5.169,5.169,0.0,0.0,-0.0,31.0,-100.0,-100.0,0.0,0.0,0.0,32.0,-100.0,-100.0,0.0,0.0,-0.0,31.0,-93.067,95.0,0.0,0.0,4.569,35.0,-90.311,-90.311,0.0,0.0,-0.0,31.0,31.22,31.22,0.0,0.0,-0.0,31.0,40.619,40.825,-8.0,0.0,0.0,33.0
82.6133,2,fwd,95.0,12.2,5.169,5.169,0.0,0.0,-0.0,31.0,-100.0,-100.0,0.0,0.0,0.0,32.0,-100.0,-100.0,0.0,0.0,-0.0,31.0,-92.8,95.0,0.0,0.0,4.774,35.0,-90.311,-90.311,0.0,0.0,-0.0,31.0,31.22,31.22,0.0,0.0,-0.0,31.0,40.619,40.825,-8.0,0.0,0.0,33.0
82.6657,2,fwd,95.0,12.2,5.169,5.169,0.0,0.0,-0.0,31.0,-100.0,-100.0,0.0,0.0,0.0,32.0,-100.0,-100.0,0.0,0.0,-0.0,31.0,-92.667,95.0,0.0,0.0,3.849,35.0,-90.311,-90.311,0.0,0.0,-0.0,31.0,31.22,31.22,0.0,0.0,-0.0,31.0,40.619,40.825,-8.0,0.0,0.0,33.0
82.7189,2,fwd,95.0,12.2,5.169,5.169,0.0,0.0,-0.0,31.0,-100.0,-100.0,0.0,0.0,0.0,32.0,-100.0,-100.0,0.0,0.0,-0.0,31.0,-92.4,95.0,0.0,0.0,4.455,35.0,-90.311,-90.311,0.0,0.0,-0.0,31.0,31.22,31.22,0.0,0.0,-0.0,31.0,40.619,40.825,-8.0,0.0,0.0,33.0
82.7723,2,fwd,95.0,12.2,5.169,5.169,0.0,0.0,-0.0,31.0,-100.0,-100.0,0.0,0.0,0.0,32.0,-100.0,-100.0,0.0,0.0,-0.0,31.0,-92.133,95.0,0.0,0.0,4.726,35.0,-90.311,-90.311,0.0,0.0,-0.0,31.0,31.22,31.22,0.0,0.0,-0.0,31.0,40.619,40.825,-8.0,0.0,0.0,33.0
82.8254,2,fwd,95.0,12.2,5.169,5.169,0.0,0.0,-0.0,31.0,-100.0,-100.0,-8.0,0.0,0.0,31.0,-100.0,-100.0,0.0,0.0,-0.0,31.0,-91.867,95.0,-24.0,1.0,4.657,35.0,-90.311,-90.311,0.0,0.0,-0.0,31.0,31.22,31.22,0.0,0.0,-0.0,31.0,40.619,40.825,-8.0,0.0,0.0,33.0
82.8781,2,fwd,95.0,12.2,5.169,5.169,0.0,0.0,-0.0,31.0,-100.0,-100.0,-8.0,0.0,0.0,31.0,-100.0,-100.0,0.0,0.0,-0.0,31.0,-91.733,95.0,-24.0,1.0,3.769,35.0,-90.311,-90.311,0.0,0.0,-0.0,31.0,31.22,31.22,0.0,0.0,-0.0,31.0,40.619,40.825,-8.0,0.0,0.0,33.0
82.9313,2,fwd,95.0,12.2,5.169,5.169,0.0,0.0,-0.0,31.0,-100.0,-100.0,-8.0,0.0,0.0,31.0,-100.0,-100.0,0.0,0.0,-0.0,31.0,-91.333,95.0,-24.0,1.0,5.9,35.0,-90.311,-90.311,0.0,0.0,-0.0,31.0,31.22,31.22,0.0,0.0,-0.0,31.0,40.619,40.825,-8.0,0.0,0.0,33.0
82.9845,2,fwd,95.0,12.2,5.169,5.169,0.0,0.0,-0.0,31.0,-100.0,-100.0,-8.0,0.0,0.0,31.0,-100.0,-100.0,0.0,0.0,-0.0,31.0,-91.067,95.0,-24.0,1.0,5.416,35.0,-90.311,-90.311,0.0,0.0,-0.0,31.0,31.22,31.22,0.0,0.0,-0.0,31.0,40.619,40.825,-8.0,0.0,0.0,33.0
83.0377,2,fwd,95.0,12.2,5.169,5.169,0.0,0.0,-0.0,31.0,-100.0,-100.0,-8.0,0.0,0.0,31.0,-100.0,-100.0,0.0,0.0,-0.0,31.0,-90.8,95.0,-24.0,1.0,5.196,35.0,-90.311,-90.311,0.0,0.0,-0.237,31.0,31.22,31.22,0.0,0.0,-0.0,31.0,40.619,40.825,-8.0,0.0,0.0,33.0
83.091,2,fwd,95.0,12.2,5.169,5.169,0.0,0.0,-0.0,31.0,-100.0,-100.0,-8.0,0.0,0.0,31.0,-100.0,-100.0,0.0,0.0,-0.0,31.0,-90.667,95.0,-24.0,1.0,4.033,35.0,-90.311,-90.311,0.0,0.0,-0.116,31.0,31.22,31.22,0.0,0.0,-0.0,31.0,40.619,40.825,-8.0,0.0,0.0,33.0
83.1445,2,fwd,95.0,12.2,5.169,5.169,0.0,0.0,-0.0,31.0,-100.0,-100.0,-8.0,0.0,0.0,31.0,-100.0,-100.0,0.0,0.0,-0.0,31.0,-90.4,95.0,-24.0,1.0,4.483,35.0,-90.311,-90.311,0.0,0.0,-0.057,31.0,31.22,31.22,0.0,0.0,-0.0,31.0,40.619,40.825,-8.0,0.0,0.0,33.0
83.1982,2,fwd,95.0,12.2,5.169,5.169,0.0,0.0,-0.0,31.0,-100.0,-100.0,-8.0,0.0,0.0,31.0,-100.0,-100.0,0.0,0.0,-0.0,31.0,-90.267,95.0,-24.0,1.0,3.253,35.0,-90.311,-90.311,0.0,0.0,-0.028,31.0,31.22,31.22,0.0,0.0,-0.0,31.0,40.619,40.825,-8.0,0.0,0.0,33.0
83.2512,2,fwd,95.0,12.2,5.169,5.169,0.0,0.0,-0.0,31.0,-100.0,-100.0,-8.0,0.0,0.0,31.0,-100.0,-100.0,0.0,0.0,-0.0,31.0,-90.0,95.0,-24.0,1.0,4.132,35.0,-90.311,-90.311,0.0,0.0,-0.014,31.0,31.22,31.22,0.0,0.0,-0.0,31.0,40.619,40.825,-8.0,0.0,0.0,33.0
83.3038,2,fwd,95.0,12.2,5.169,5.169,0.0,0.0,-0.0,31.0,-100.0,-100.0,-8.0,0.0,0.0,31.0,-100.0,-100.0,0.0,0.0,-0.0,31.0,-89.733,95.0,-24.0,1.0,4.558,35.0,-90.311,-90.311,0.0,0.0,-0.007,31.0,31.22,31.22,0.0,0.0,-0.0,31.0,40.619,40.825,-8.0,0.0,0.0,33.0
83.3569,2,fwd,95.0,12.2,5.169,5.169,0.0,0.0,-0.0,31.0,-100.0,-100.0,-8.0,0.0,0.0,31.0,-100.0,-100.0,0.0,0.0,-0.0,31.0,-89.6,95.0,-24.0,1.0,4.677,35.0,-90.311,-90.311,0.0,0.0,-0.005,31.0,31.22,31.22,0.0,0.0,-0.0,31.0,40.619,40.825,-8.0,0.0,0.0,33.0
83.4104,2,fwd,95.0,12.2,5.169,5.169,0.0,0.0,-0.0,31.0,-100.0,-100.0,0.0,0.0,0.0,32.0,-100.0,-100.0,0.0,0.0,-0.0,31.0,-89.333,95.0,-48.0,3.0,4.622,35.0,-90.311,-90.311,0.0,0.0,-0.003,31.0,31.22,31.22,0.0,0.0,-0.0,31.0,40.619,40.825,-8.0,0.0,0.0,33.0
83.4635,2,fwd,95.0,12.2,5.169,5.169,0.0,0.0,-0.0,31.0,-100.0,-100.0,0.0,0.0,0.0,32.0,-100.0,-100.0,0.0,0.0,-0.0,31.0,-89.2,95.0,-48.0,3.0,3.75,35.0,-90.311,-90.311,0.0,0.0,-0.002,31.0,31.22,31.22,0.0,0.0,-0.0,31.0,40.619,40.825,-8.0,0.0,0.0,33.0
83.5176,2,fwd,95.0,12.2,5.169,5.169,0.0,0.0,-0.0,31.0,-100.0,-100.0,0.0,0.0,0.0,32.0,-100.0,-100.0,0.0,0.0,-0.0,31.0,-88.8,95.0,-48.0,3.0,5.813,35.0,-90.311,-90.311,0.0,0.0,-0.001,31.0,31.22,31.22,0.0,0.0,-0.0,31.0,40.619,40.825,-8.0,0.0,0.0,33.0
83.5716,2,fwd,95.0,12.2,5.169,5.169,0.0,0.0,-0.0,31.0,-100.0,-100.0,0.0,0.0,0.0,32.0,-100.0,-100.0,0.0,0.0,-0.0,31.0,-88.667,95.0,-48.0,3.0,3.814,35.0,-90.311,-90.311,0.0,0.0,-0.0,31.0,31.22,31.22,0.0,0.0,-0.0,31.0,40.619,40.825,-8.0,0.0,0.0,33.0
83.6257,2,fwd,95.0,12.2,5.169,5.169,0.0,0.0,-0.0,31.0,-100.0,-100.0,0.0,0.0,0.0,32.0,-100.0,-100.0,0.0,0.0,-0.0,31.0,-88.4,95.0,-48.0,3.0,4.369,35.0,-90.311,-90.311,0.0,0.0,-0.0,31.0,31.22,31.22,0.0,0.0,-0.0,31.0,40.619,40.825,-8.0,0.0,0.0,33.0
83.6791,2,fwd,95.0,12.2,5.169,5.169,0.0,0.0,-0.0,31.0,-100.0,-100.0,0.0,0.0,0.0,32.0,-100.0,-100.0,0.0,0.0,-0.0,31.0,-88.0,95.0,-48.0,3.0,5.71,35.0,-90.311,-90.311,0.0,0.0,-0.0,31.0,31.22,31.22,0.0,0.0,-0.0,31.0,40.619,40.825,-8.0,0.0,0.0,33.0
83.7325,2,fwd,95.0,12.2,5.169,5.169,0.0,0.0,-0.0,31.0,-100.0,-100.0,0.0,0.0,0.0,32.0,-100.0,-100.0,0.0,0.0,-0.0,31.0,-87.733,95.0,-48.0,3.0,5.352,35.0,-90.311,-90.311,0.0,0.0,-0.0,31.0,31.22,31.22,0.0,0.0,-0.0,31.0,40.619,40.825,-8.0,0.0,0.0,33.0
83.7855,2,fwd,95.0,12.2,5.169,5.169,0.0,0.0,-0.0,31.0,-100.0,-100.0,0.0,0.0,0.0,32.0,-100.0,-100.0,0.0,0.0,-0.0,31.0,-87.6,95.0,-48.0,3.0,4.125,35.0,-90.311,-90.311,0.0,0.0,-0.0,31.0,31.22,31.22,0.0,0.0,-0.0,31.0,40.619,40.825,-8.0,0.0,0.0,33.0
83.8386,2,fwd,95.0,12.2,5.169,5.169,0.0,0.0,-0.0,31.0,-100.0,-100.0,0.0,0.0,0.0,32.0,-100.0,-100.0,0.0,0.0,-0.0,31.0,-87.333,95.0,-48.0,3.0,4.576,35.0,-90.311,-90.311,0.0,0.0,-0.0,31.0,31.22,31.22,0.0,0.0,-0.0,31.0,40.619,40.825,-8.0,0.0,0.0,33.0
83.8918,2,fwd,95.0,12.2,5.169,5.169,0.0,0.0,-0.0,31.0,-100.0,-100.0,0.0,0.0,0.0,32.0,-100.0,-100.0,0.0,0.0,-0.0,31.0,-87.067,95.0,-48.0,3.0,4.77,35.0,-90.311,-90.311,0.0,0.0,-0.0,31.0,31.22,31.22,0.0,0.0,-0.0,31.0,40.619,40.825,-8.0,0.0,0.0,33.0
83.9452,2,fwd,95.0,12.1,5.169,5.169,0.0,0.0,-0.0,31.0,-100.0,-100.0,-8.0,0.0,0.0,32.0,-100.0,-100.0,0.0,0.0,-0.0,31.0,-86.933,95.0,-56.0,5.0,4.849,35.0,-90.311,-90.311,0.0,0.0,-0.0,31.0,31.22,31.22,0.0,0.0,-0.0,31.0,40.619,40.825,-8.0,0.0,0.0,33.0
83.9983,2,fwd,95.0,12.1,5.169,5.169,0.0,0.0,-0.0,31.0,-100.0,-100.0,-8.0,0.0,0.0,32.0,-100.0,-100.0,0.0,0.0,-0.0,31.0,-86.8,95.0,-56.0,5.0,2.864,35.0,-90.311,-90.311,0.0,0.0,-0.0,31.0,31.22,31.22,0.0,0.0,-0.0,31.0,40.619,40.825,-8.0,0.0,0.0,33.0
84.0522,2,fwd,95.0,12.1,5.169,5.169,0.0,0.0,-0.0,31.0,-100.0,-100.0,-8.0,0.0,0.0,32.0,-100.0,-100.0,0.0,0.0,-0.0,31.0,-86.4,95.0,-56.0,5.0,4.998,35.0,-90.311,-90.311,0.0,0.0,-0.0,31.0,31.22,31.22,0.0,0.0,-0.0,31.0,40.619,40.825,-8.0,0.0,0.0,33.0
84.106,2,fwd,95.0,12.1,5.169,5.169,0.0,0.0,-0.0,31.0,-100.0,-100.0,-8.0,0.0,0.0,32.0,-100.0,-100.0,0.0,0.0,-0.0,31.0,-86.133,95.0,-56.0,5.0,5.003,35.0,-90.311,-90.311,0.0,0.0,-0.0,31.0,31.22,31.22,0.0,0.0,-0.0,31.0,40.619,40.825,-8.0,0.0,0.0,33.0
84.1595,2,fwd,95.0,12.1,5.169,5.169,0.0,0.0,-0.0,31.0,-100.0,-100.0,-8.0,0.0,0.0,32.0,-100.0,-100.0,0.0,0.0,-0.0,31.0,-85.867,95.0,-56.0,5.0,4.977,35.0,-90.381,-90.311,0.0,0.0,-0.528,31.0,31.22,31.22,0.0,0.0,-0.0,31.0,40.619,40.825,-8.0,0.0,0.0,33.0
84.2117,2,fwd,95.0,12.1,5.169,5.169,0.0,0.0,-0.0,31.0,-100.0,-100.0,-8.0,0.0,0.0,32.0,-100.0,-100.0,0.0,0.0,-0.0,31.0,-85.467,95.0,-56.0,5.0,6.47,35.0,-90.381,-90.311,0.0,0.0,-0.259,31.0,31.22,31.22,0.0,0.0,-0.0,31.0,40.619,40.825,-8.0,0.0,0.0,33.0
84.2648,2,fwd,95.0,12.1,5.169,5.169,0.0,0.0,-0.0,31.0,-100.0,-100.0,-8.0,0.0,0.0,32.0,-100.0,-100.0,0.0,0.0,-0.0,31.0,-85.333,95.0,-56.0,5.0,4.204,35.0,-90.311,-90.311,0.0,0.0,0.41,31.0,31.22,31.22,0.0,0.0,-0.0,31.0,40.619,40.825,-8.0,0.0,0.0,33.0
84.3182,2,fwd,95.0,12.1,5.169,5.169,0.0,0.0,-0.0,31.0,-100.0,-100.0,-8.0,0.0,0.0,32.0,-100.0,-100.0,0.0,0.0,-0.0,31.0,-84.933,95.0,-56.0,5.0,6.148,35.0,-90.311,-90.311,0.0,0.0,0.201,31.0,31.22,31.22,0.0,0.0,-0.0,31.0,40.619,40.825,-8.0,0.0,0.0,33.0
84.3715,2,fwd,95.0,12.1,5.169,5.169,0.0,0.0,-0.0,31.0,-100.0,-100.0,-8.0,0.0,0.0,32.0,-100.0,-100.0,0.0,0.0,-0.0,31.0,-84.8,95.0,-56.0,5.0,4.068,35.0,-90.311,-90.311,0.0,0.0,0.098,31.0,31.22,31.22,0.0,0.0,-0.0,31.0,40.619,40.825,-8.0,0.0,0.0,33.0
84.4236,2,fwd,95.0,12.1,5.169,5.169,0.0,0.0,-0.0,31.0,-100.0,-100.0,-8.0,0.0,0.0,32.0,-100.0,-100.0,0.0,0.0,-0.0,31.0,-84.533,95.0,-56.0,5.0,4.553,35.0,-90.311,-90.311,0.0,0.0,0.048,31.0,31.22,31.22,0.0,0.0,-0.0,31.0,40.619,40.825,-8.0,0.0,0.0,33.0
84.4764,2,fwd,95.0,12.1,5.169,5.169,0.0,0.0,-0.0,31.0,-100.0,-100.0,-8.0,0.0,0.0,32.0,-100.0,-100.0,0.0,0.0,-0.0,31.0,-84.267,95.0,-56.0,5.0,4.741,35.0,-90.311,-90.311,0.0,0.0,0.024,31.0,31.22,31.22,0.0,0.0,-0.0,31.0,40.619,40.825,-8.0,0.0,0.0,33.0
84.5288,2,fwd,95.0,12.2,5.169,5.169,0.0,0.0,-0.0,31.0,-100.0,-100.0,-8.0,0.0,0.0,31.0,-100.0,-100.0,0.0,0.0,-0.0,31.0,-84.0,95.0,-56.0,4.0,4.649,35.0,-90.311,-90.311,0.0,0.0,0.017,31.0,31.22,31.22,0.0,0.0,-0.0,31.0,40.619,40.825,-8.0,0.0,0.0,33.0
84.5819,2,fwd,95.0,12.2,5.169,5.169,0.0,0.0,-0.0,31.0,-100.0,-100.0,-8.0,0.0,0.0,31.0,-100.0,-100.0,0.0,0.0,-0.0,31.0,-83.867,95.0,-56.0,4.0,3.771,35.0,-90.311,-90.311,0.0,0.0,0.008,31.0,31.22,31.22,0.0,0.0,-0.0,31.0,40.619,40.825,-8.0,0.0,0.0,33.0
84.6354,2,fwd,95.0,12.2,5.169,5.169,0.0,0.0,-0.0,31.0,-100.0,-100.0,-8.0,0.0,0.0,31.0,-100.0,-100.0,0.0,0.0,-0.0,31.0,-83.733,95.0,-56.0,4.0,4.114,35.0,-90.311,-90.311,0.0,0.0,0.006,31.0,31.22,31.22,0.0,0.0,-0.0,31.0,40.619,40.825,-8.0,0.0,0.0,33.0
84.6877,2,fwd,95.0,12.2,5.169,5.169,0.0,0.0,-0.0,31.0,-100.0,-100.0,-8.0,0.0,0.0,31.0,-100.0,-100.0,0.0,0.0,-0.0,31.0,-83.333,95.0,-56.0,4.0,5.347,35.0,-90.311,-90.311,0.0,0.0,0.003,31.0,31.22,31.22,0.0,0.0,-0.0,31.0,40.619,40.825,-8.0,0.0,0.0,33.0
84.7414,2,fwd,95.0,12.2,5.169,5.169,0.0,0.0,-0.0,31.0,-100.0,-100.0,-8.0,0.0,0.0,31.0,-100.0,-100.0,0.0,0.0,-0.0,31.0,-83.067,95.0,-56.0,4.0,4.592,35.0,-90.311,-90.311,0.0,0.0,0.001,31.0,31.22,31.22,0.0,0.0,-0.0,31.0,40.619,40.825,-8.0,0.0,0.0,33.0
84.7949,2,fwd,95.0,12.2,5.169,5.169,0.0,0.0,-0.0,31.0,-100.0,-100.0,-8.0,0.0,0.0,31.0,-100.0,-100.0,0.0,0.0,-0.0,31.0,-82.8,95.0,-56.0,4.0,4.695,35.0,-90.311,-90.311,0.0,0.0,0.001,31.0,31.22,31.22,0.0,0.0,-0.0,31.0,40.619,40.825,-8.0,0.0,0.0,33.0
84.8488,2,fwd,95.0,12.2,5.169,5.169,0.0,0.0,-0.0,31.0,-100.0,-100.0,-8.0,0.0,0.0,31.0,-100.0,-100.0,0.0,0.0,-0.0,31.0,-82.4,95.0,-56.0,4.0,5.889,35.0,-90.311,-90.311,0.0,0.0,0.0,31.0,31.22,31.22,0.0,0.0,-0.0,31.0,40.619,40.825,-8.0,0.0,0.0,33.0
84.9017,2,fwd,95.0,12.2,5.169,5.169,0.0,0.0,-0.0,31.0,-100.0,-100.0,-8.0,0.0,0.0,31.0,-100.0,-100.0,0.0,0.0,-0.0,31.0,-82.267,95.0,-56.0,4.0,3.928,35.0,-90.311,-90.311,0.0,0.0,0.0,31.0,31.22,31.22,0.0,0.0,-0.0,31.0,40.619,40.825,-8.0,0.0,0.0,33.0
84.9559,2,fwd,95.0,12.2,5.169,5.169,0.0,0.0,-0.0,31.0,-100.0,-100.0,-8.0,0.0,0.0,31.0,-100.0,-100.0,0.0,0.0,-0.0,31.0,-82.0,95.0,-56.0,4.0,4.463,35.0,-90.311,-90.311,0.0,0.0,0.0,31.0,31.22,31.22,0.0,0.0,-0.0,31.0,40.619,40.825,-8.0,0.0,0.0,33.0
85.0089,2,fwd,95.0,12.2,5.169,5.169,0.0,0.0,-0.0,31.0,-100.0,-100.0,-8.0,0.0,0.0,31.0,-100.0,-100.0,0.0,0.0,-0.0,31.0,-81.6,95.0,-56.0,4.0,5.772,35.0,-90.311,-90.311,0.0,0.0,0.0,31.0,31.22,31.22,0.0,0.0,-0.0,31.0,40.619,40.825,-8.0,0.0,0.0,33.0
85.0631,2,fwd,95.0,12.2,5.169,5.169,0.0,0.0,-0.0,31.0,-100.0,-100.0,-8.0,0.0,0.0,31.0,-100.0,-100.0,0.0,0.0,-0.0,31.0,-81.467,95.0,-56.0,4.0,4.327,35.0,-90.311,-90.311,0.0,0.0,0.0,31.0,31.22,31.22,0.0,0.0,-0.0,31.0,40.619,40.825,-8.0,0.0,0.0,33.0
85.1164,2,fwd,95.0,12.1,5.169,5.169,0.0,0.0,-0.0,31.0,-100.0,-100.0,-8.0,0.0,0.0,32.0,-100.0,-100.0,0.0,0.0,-0.0,31.0,-81.333,95.0,-64.0,10.0,3.7,35.0,-90.311,-90.311,0.0,0.0,0.0,31.0,31.22,31.22,0.0,0.0,-0.0,31.0,40.619,40.825,-8.0,0.0,0.0,33.0
85.1697,2,fwd,95.0,12.1,5.169,5.169,0.0,0.0,-0.0,31.0,-100.0,-100.0,-8.0,0.0,0.0,32.0,-100.0,-100.0,0.0,0.0,-0.0,31.0,-81.067,95.0,-64.0,10.0,4.355,35.0,-90.311,-90.311,0.0,0.0,0.0,31.0,31.22,31.22,0.0,0.0,-0.0,31.0,40.619,40.825,-8.0,0.0,0.0,33.0
85.2235,2,fwd,95.0,12.1,5.169,5.169,0.0,0.0,-0.0,31.0,-100.0,-100.0,-8.0,0.0,0.0,32.0,-100.0,-100.0,0.0,0.0,-0.0,31.0,-80.667,95.0,-64.0,10.0,6.184,35.0,-90.311,-90.311,0.0,0.0,0.0,31.0,31.22,31.22,0.0,0.0,-0.0,31.0,40.619,40.825,-8.0,0.0,0.0,33.0
85.2765,2,fwd,95.0,12.1,5.169,5.169,0.0,0.0,-0.0,31.0,-100.0,-100.0,-8.0,0.0,0.0,32.0,-100.0,-100.0,0.0,0.0,-0.0,31.0,-80.533,95.0,-64.0,10.0,4.51,35.0,-90.311,-90.311,0.0,0.0,0.0,31.0,31.22,31.22,0.0,0.0,-0.0,31.0,40.619,40.825,-8.0,0.0,0.0,33.0
85.33,2,fwd,95.0,12.1,5.169,5.169,0.0,0.0,-0.0,31.0,-100.0,-100.0,-8.0,0.0,0.0,32.0,-100.0,-100.0,0.0,0.0,-0.0,31.0,-80.267,95.0,-64.0,10.0,5.217,35.0,-90.311,-90.311,0.0,0.0,0.0,31.0,31.22,31.22,0.0,0.0,-0.0,31.0,40.619,40.825,-8.0,0.0,0.0,33.0
85.3829,2,fwd,95.0,12.1,5.169,5.169,0.0,0.0,-0.0,31.0,-100.0,-100.0,-8.0,0.0,0.0,32.0,-100.0,-100.0,0.0,0.0,-0.0,31.0,-80.0,95.0,-64.0,10.0,5.101,35.0,-90.311,-90.311,0.0,0.0,0.0,31.0,31.22,31.22,0.0,0.0,-0.0,31.0,40.619,40.825,-8.0,0.0,0.0,33.0
85.4363,2,fwd,95.0,12.1,5.169,5.169,0.0,0.0,-0.0,31.0,-100.0,-100.0,-8.0,0.0,0.0,32.0,-100.0,-100.0,0.0,0.0,-0.0,31.0,-79.733,95.0,-64.0,10.0,5.04,35.0,-90.381,-90.311,0.0,0.0,-0.777,31.0,31.22,31.22,0.0,0.0,-0.0,31.0,40.619,40.825,-8.0,0.0,0.0,33.0
85.4895,2,fwd,95.0,12.1,5.169,5.169,0.0,0.0,-0.0,31.0,-100.0,-100.0,-8.0,0.0,0.0,32.0,-100.0,-100.0,0.0,0.0,-0.0,31.0,-79.467,95.0,-64.0,10.0,4.998,35.0,-90.311,-90.311,0.0,0.0,0.384,31.0,31.22,31.22,0.0,0.0,-0.0,31.0,40.619,40.825,-8.0,0.0,0.0,33.0
85.5417,2,fwd,95.0,12.1,5.169,5.169,0.0,0.0,-0.0,31.0,-100.0,-100.0,-8.0,0.0,0.0,32.0,-100.0,-100.0,0.0,0.0,-0.0,31.0,-79.2,95.0,-64.0,10.0,4.96,35.0,-90.311,-90.311,0.0,0.0,0.188,31.0,31.22,31.22,0.0,0.0,-0.0,31.0,40.619,40.825,-8.0,0.0,0.0,33.0
85.5951,2,fwd,95.0,12.1,5.169,5.169,0.0,0.0,-0.0,31.0,-100.0,-100.0,-8.0,0.0,0.0,32.0,-100.0,-100.0,0.0,0.0,-0.0,31.0,-78.933,95.0,-64.0,10.0,4.963,35.0,-90.311,-90.311,0.0,0.0,0.092,31.0,31.22,31.22,0.0,0.0,-0.0,31.0,40.619,40.825,-8.0,0.0,0.0,33.0
85.6482,2,fwd,95.0,12.1,5.169,5.169,0.0,0.0,-0.0,31.0,-100.0,-100.0,-8.0,0.0,0.0,31.0,-100.0,-100.0,0.0,0.0,-0.0,31.0,-78.8,95.0,-80.0,10.0,4.983,35.0,-90.311,-90.311,0.0,0.0,0.065,31.0,31.22,31.22,0.0,0.0,-0.0,31.0,40.619,40.825,-8.0,0.0,0.0,33.0
85.7009,2,fwd,95.0,12.1,5.169,5.169,0.0,0.0,-0.0,31.0,-100.0,-100.0,-8.0,0.0,0.0,31.0,-100.0,-100.0,0.0,0.0,-0.0,31.0,-78.533,95.0,-80.0,10.0,3.431,35.0,-90.311,-90.311,0.0,0.0,0.032,31.0,31.22,31.22,0.0,0.0,-0.0,31.0,40.619,40.825,-8.0,0.0,0.0,33.0
85.7541,2,fwd,95.0,12.1,5.169,5.169,0.0,0.0,-0.0,31.0,-100.0,-100.0,-8.0,0.0,0.0,31.0,-100.0,-100.0,0.0,0.0,-0.0,31.0,-78.267,95.0,-80.0,10.0,4.214,35.0,-90.311,-90.311,0.0,0.0,0.016,31.0,31.22,31.22,0.0,0.0,-0.0,31.0,40.619,40.825,-8.0,0.0,0.0,33.0
85.8074,2,fwd,95.0,12.1,5.169,5.169,0.0,0.0,-0.0,31.0,-100.0,-100.0,-8.0,0.0,0.0,31.0,-100.0,-100.0,0.0,0.0,-0.0,31.0,-77.867,95.0,-80.0,10.0,6.106,35.0,-90.311,-90.311,0.0,0.0,0.008,31.0,31.22,31.22,0.0,0.0,-0.0,31.0,40.619,40.825,-8.0,0.0,0.0,33.0
85.8603,2,fwd,95.0,12.1,5.169,5.169,0.0,0.0,-0.0,31.0,-100.0,-100.0,-8.0,0.0,0.0,31.0,-100.0,-100.0,0.0,0.0,-0.0,31.0,-77.6,95.0,-80.0,10.0,5.547,35.0,-90.311,-90.311,0.0,0.0,0.004,31.0,31.22,31.22,0.0,0.0,-0.0,31.0,40.619,40.825,-8.0,0.0,0.0,33.0
85.9123,2,fwd,95.0,12.1,5.169,5.169,0.0,0.0,-0.0,31.0,-100.0,-100.0,-8.0,0.0,0.0,31.0,-100.0,-100.0,0.0,0.0,-0.0,31.0,-77.467,95.0,-80.0,10.0,5.376,35.0,-90.311,-90.311,0.0,0.0,0.003,31.0,31.22,31.22,0.0,0.0,-0.0,31.0,40.619,40.825,-8.0,0.0,0.0,33.0
85.9654,2,fwd,95.0,12.1,5.169,5.169,0.0,0.0,-0.0,31.0,-100.0,-100.0,-8.0,0.0,0.0,31.0,-100.0,-100.0,0.0,0.0,-0.0,31.0,-77.467,95.0,-80.0,10.0,2.634,35.0,-90.311,-90.311,0.0,0.0,0.001,31.0,31.22,31.22,0.0,0.0,-0.0,31.0,40.619,40.825,-8.0,0.0,0.0,33.0
86.0199,2,fwd,95.0,12.1,5.169,5.169,0.0,0.0,-0.0,31.0,-100.0,-100.0,-8.0,0.0,0.0,31.0,-100.0,-100.0,0.0,0.0,-0.0,31.0,-76.933,95.0,-80.0,10.0,6.211,35.0,-90.311,-90.311,0.0,0.0,0.001,31.0,31.22,31.22,0.0,0.0,-0.0,31.0,40.619,40.825,-8.0,0.0,0.0,33.0
86.0745,2,fwd,95.0,12.1,5.169,5.169,0.0,0.0,-0.0,31.0,-100.0,-100.0,-8.0,0.0,0.0,31.0,-100.0,-100.0,0.0,0.0,-0.0,31.0,-76.667,95.0,-80.0,10.0,5.511,35.0,-90.311,-90.311,0.0,0.0,0.0,31.0,31.22,31.22,0.0,0.0,-0.0,31.0,40.619,40.825,-8.0,0.0,0.0,33.0
86.1273,2,fwd,95.0,12.1,5.169,5.169,0.0,0.0,-0.0,31.0,-100.0,-100.0,-8.0,0.0,0.0,31.0,-100.0,-100.0,0.0,0.0,-0.0,31.0,-76.533,95.0,-80.0,10.0,3.748,35.0,-90.311,-90.311,0.0,0.0,0.0,31.0,31.22,31.22,0.0,0.0,-0.0,31.0,40.619,40.825,-8.0,0.0,0.0,33.0
86.1803,2,fwd,95.0,12.1,5.169,5.169,0.0,0.0,-0.0,31.0,-100.0,-100.0,-8.0,0.0,0.0,31.0,-100.0,-100.0,0.0,0.0,-0.0,31.0,-76.0,95.0,-80.0,10.0,6.731,35.0,-90.311,-90.311,0.0,0.0,0.0,31.0,31.22,31.22,0.0,0.0,-0.0,31.0,40.619,40.825,-8.0,0.0,0.0,33.0
86.2337,2,fwd,95.0,12.2,5.169,5.169,0.0,0.0,-0.0,31.0,-100.0,-100.0,-8.0,0.0,0.0,32.0,-100.0,-100.0,0.0,0.0,-0.0,31.0,-76.0,95.0,-88.0,11.0,4.712,35.0,-90.311,-90.311,0.0,0.0,0.0,31.0,31.22,31.22,0.0,0.0,-0.0,31.0,40.619,40.825,-8.0,0.0,0.0,33.0
86.2868,2,fwd,95.0,12.2,5.169,5.169,0.0,0.0,-0.0,31.0,-100.0,-100.0,-8.0,0.0,0.0,32.0,-100.0,-100.0,0.0,0.0,-0.0,31.0,-75.733,95.0,-88.0,11.0,3.292,35.0,-90.311,-90.311,0.0,0.0,0.0,31.0,31.22,31.22,0.0,0.0,-0.0,31.0,40.619,40.825,-8.0,0.0,0.0,33.0
86.3402,2,fwd,95.0,12.2,5.169,5.169,0.0,0.0,-0.0,31.0,-100.0,-100.0,-8.0,0.0,0.0,32.0,-100.0,-100.0,0.0,0.0,-0.0,31.0,-75.333,95.0,-88.0,11.0,5.2,35.0,-90.311,-90.311,0.0,0.0,0.0,31.0,31.22,31.22,0.0,0.0,-0.0,31.0,40.619,40.825,-8.0,0.0,0.0,33.0
86.3931,2,fwd,95.0,12.2,5.169,5.169,0.0,0.0,-0.0,31.0,-100.0,-100.0,-8.0,0.0,0.0,32.0,-100.0,-100.0,0.0,0.0,-0.0,31.0,-75.067,95.0,-88.0,11.0,5.097,35.0,-90.311,-90.311,0.0,0.0,0.0,31.0,31.22,31.22,0.0,0.0,-0.0,31.0,40.619,40.825,-8.0,0.0,0.0,33.0
86.4464,2,fwd,95.0,12.2,5.169,5.169,0.0,0.0,-0.0,31.0,-100.0,-100.0,-8.0,0.0,0.0,32.0,-100.0,-100.0,0.0,0.0,-0.0,31.0,-74.8,95.0,-88.0,11.0,5.045,35.0,-90.311,-90.311,0.0,0.0,0.0,31.0,31.22,31.22,0.0,0.0,-0.0,31.0,40.619,40.825,-8.0,0.0,0.0,33.0
86.4996,2,fwd,95.0,12.2,5.169,5.169,0.0,0.0,-0.0,31.0,-100.0,-100.0,-8.0,0.0,0.0,32.0,-100.0,-100.0,0.0,0.0,-0.0,31.0,-74.533,95.0,-88.0,11.0,5.046,35.0,-90.311,-90.311,0.0,0.0,0.0,31.0,31.22,31.22,0.0,0.0,-0.0,31.0,40.619,40.825,-8.0,0.0,0.0,33.0
86.5515,2,fwd,95.0,12.2,5.258,5.169,0.0,0.0,0.713,31.0,-100.0,-100.0,-8.0,0.0,0.0,32.0,-100.0,-100.0,0.0,0.0,-0.0,31.0,-74.267,95.0,-88.0,11.0,5.037,35.0,-90.311,-90.311,0.0,0.0,0.0,31.0,31.22,31.22,0.0,0.0,-0.0,31.0,40.619,40.825,-8.0,0.0,0.0,33.0
86.6034,2,fwd,95.0,12.2,5.258,5.169,0.0,0.0,0.35,31.0,-100.0,-100.0,-8.0,0.0,0.0,32.0,-100.0,-100.0,0.0,0.0,-0.0,31.0,-74.133,95.0,-88.0,11.0,3.962,35.0,-90.311,-90.311,0.0,0.0,0.0,31.0,31.22,31.22,0.0,0.0,-0.0,31.0,40.619,40.825,-8.0,0.0,0.0,33.0
86.6565,2,fwd,95.0,12.2,5.258,5.169,0.0,0.0,0.171,31.0,-100.0,-100.0,-8.0,0.0,0.0,32.0,-100.0,-100.0,0.0,0.0,-0.0,31.0,-73.733,95.0,-88.0,11.0,5.947,35.0,-90.311,-90.311,0.0,0.0,0.0,31.0,31.22,31.22,0.0,0.0,-0.0,31.0,40.619,40.825,-8.0,0.0,0.0,33.0
86.7086,2,fwd,95.0,12.2,5.258,5.169,0.0,0.0,0.084,31.0,-100.0,-100.0,-8.0,0.0,0.0,32.0,-100.0,-100.0,0.0,0.0,-0.0,31.0,-73.6,95.0,-88.0,11.0,4.414,35.0,-90.311,-90.311,0.0,0.0,0.0,31.0,31.22,31.22,0.0,0.0,-0.0,31.0,40.619,40.825,-8.0,0.0,0.0,33.0
86.7615,2,fwd,95.0,12.2,5.258,5.169,0.0,0.0,0.041,31.0,-100.0,-100.0,-8.0,0.0,0.0,32.0,-100.0,-100.0,0.0,0.0,-0.0,31.0,-73.333,95.0,-88.0,11.0,4.7,35.0,-90.311,-90.311,0.0,0.0,0.0,31.0,31.22,31.22,0.0,0.0,-0.0,31.0,40.619,40.825,-8.0,0.0,0.0,33.0
86.8148,2,fwd,95.0,12.1,5.258,5.169,0.0,0.0,0.041,31.0,-100.0,-100.0,-8.0,0.0,0.0,31.0,-100.0,-100.0,0.0,0.0,-0.0,32.0,-73.333,95.0,-88.0,12.0,4.7,35.0,-90.311,-90.311,0.0,0.0,0.0,31.0,31.22,31.22,0.0,0.0,-0.0,31.0,40.619,40.825,-8.0,0.0,0.0,33.0
86.868,2,fwd,95.0,12.1,5.258,5.169,0.0,0.0,0.02,31.0,-100.0,-100.0,-8.0,0.0,0.0,31.0,-100.0,-100.0,0.0,0.0,-0.0,32.0,-72.933,95.0,-88.0,12.0,4.696,35.0,-90.311,-90.311,0.0,0.0,0.0,31.0,31.22,31.22,0.0,0.0,-0.0,31.0,40.619,40.825,-8.0,0.0,0.0,33.0
86.9213,2,fwd,95.0,12.1,5.258,5.169,0.0,0.0,0.01,31.0,-100.0,-100.0,-8.0,0.0,0.0,31.0,-100.0,-100.0,0.0,0.0,-0.0,32.0,-72.667,95.0,-88.0,12.0,4.756,35.0,-90.311,-90.311,0.0,0.0,0.0,31.0,31.22,31.22,0.0,0.0,-0.0,31.0,40.619,40.825,-8.0,0.0,0.0,33.0
86.9744,2,fwd,95.0,12.1,5.258,5.169,0.0,0.0,0.005,31.0,-100.0,-100.0,-8.0,0.0,0.0,31.0,-100.0,-100.0,0.0,0.0,-0.0,32.0,-72.267,95.0,-88.0,12.0,5.951,35.0,-90.311,-90.311,0.0,0.0,0.0,31.0,31.22,31.22,0.0,0.0,-0.0,31.0,40.619,40.825,-8.0,0.0,0.0,33.0
87.0281,2,fwd,95.0,12.1,5.348,5.169,0.0,0.0,1.002,31.0,-100.0,-100.0,-8.0,0.0,0.0,31.0,-100.0,-100.0,0.0,0.0,-0.0,32.0,-71.867,95.0,-88.0,12.0,6.474,35.0,-90.311,-90.311,0.0,0.0,0.0,31.0,31.22,31.22,0.0,0.0,-0.0,31.0,40.619,40.825,-8.0,0.0,0.0,33.0
87.0825,2,fwd,95.0,12.1,5.348,5.169,0.0,0.0,0.491,31.0,-100.0,-100.0,-8.0,0.0,0.0,31.0,-100.0,-100.0,0.0,0.0,-0.0,32.0,-71.6,95.0,-88.0,12.0,6.18,35.0,-90.311,-90.311,0.0,0.0,0.0,31.0,31.22,31.22,0.0,0.0,-0.0,31.0,40.619,40.825,-8.0,0.0,0.0,33.0
87.1355,2,fwd,95.0,12.1,5.348,5.169,0.0,0.0,0.241,31.0,-100.0,-100.0,-8.0,0.0,0.0,31.0,-100.0,-100.0,0.0,0.0,-0.0,32.0,-71.467,95.0,-88.0,12.0,4.08,35.0,-90.311,-90.311,0.0,0.0,0.0,31.0,31.22,31.22,0.0,0.0,-0.0,31.0,40.619,40.825,-8.0,0.0,0.0,33.0
87.1884,2,fwd,95.0,12.1,5.348,5.169,0.0,0.0,0.118,31.0,-100.0,-100.0,-8.0,0.0,0.0,31.0,-100.0,-100.0,0.0,0.0,-0.0,32.0,-71.2,95.0,-88.0,12.0,4.569,35.0,-90.311,-90.311,0.0,0.0,0.0,31.0,31.22,31.22,0.0,0.0,-0.0,31.0,40.619,40.825,-8.0,0.0,0.0,33.0
87.2406,2,fwd,95.0,12.1,5.348,5.169,0.0,0.0,0.058,31.0,-100.0,-100.0,-8.0,0.0,0.0,31.0,-100.0,-100.0,0.0,0.0,-0.0,32.0,-71.067,95.0,-88.0,12.0,3.284,35.0,-90.311,-90.311,0.0,0.0,0.0,31.0,31.22,31.22,0.0,0.0,-0.0,31.0,40.619,40.825,-8.0,0.0,0.0,33.0
87.2922,2,fwd,95.0,12.1,5.348,5.169,0.0,0.0,0.028,31.0,-100.0,-100.0,-8.0,0.0,0.0,31.0,-100.0,-100.0,0.0,0.0,-0.0,32.0,-70.667,95.0,-88.0,12.0,5.208,35.0,-90.381,-90.311,0.0,0.0,-0.548,31.0,31.22,31.22,0.0,0.0,-0.0,31.0,40.619,40.825,-8.0,0.0,0.0,33.0
87.3445,2,fwd,95.0,12.1,5.348,5.169,0.0,0.0,0.014,31.0,-100.0,-100.0,-8.0,0.0,0.0,31.0,-100.0,-100.0,0.0,0.0,-0.0,32.0,-70.4,95.0,-88.0,12.0,5.113,35.0,-90.311,-90.311,0.0,0.0,0.277,31.0,31.22,31.22,0.0,0.0,-0.0,31.0,40.619,40.825,-8.0,0.0,0.0,33.0
87.3966,2,fwd,95.0,12.1,5.348,5.169,8.0,0.0,0.01,31.0,-100.0,-100.0,-8.0,0.0,0.0,31.0,-100.0,-100.0,0.0,0.0,-0.0,31.0,-70.133,95.0,-96.0,14.0,4.978,35.0,-90.311,-90.311,0.0,0.0,0.194,31.0,31.22,31.22,0.0,0.0,-0.0,31.0,40.619,40.825,-8.0,0.0,0.0,33.0
87.4499,2,fwd,95.0,12.1,5.348,5.169,8.0,0.0,0.005,31.0,-100.0,-100.0,-8.0,0.0,0.0,31.0,-100.0,-100.0,0.0,0.0,-0.0,31.0,-70.0,95.0,-96.0,14.0,3.931,35.0,-90.311,-90.311,0.0,0.0,0.095,31.0,31.22,31.22,0.0,0.0,-0.0,31.0,40.619,40.825,-8.0,0.0,0.0,33.0
87.503,2,fwd,95.0,12.1,5.348,5.169,8.0,0.0,0.002,31.0,-100.0,-100.0,-8.0,0.0,0.0,31.0,-100.0,-100.0,0.0,0.0,-0.0,31.0,-69.6,95.0,-96.0,14.0,5.99,35.0,-90.311,-90.311,0.0,0.0,0.047,31.0,31.22,31.22,0.0,0.0,-0.0,31.0,40.619,40.825,-8.0,0.0,0.0,33.0
87.5561,2,fwd,95.0,12.1,5.348,5.169,8.0,0.0,0.001,31.0,-100.0,-100.0,-8.0,0.0,0.0,31.0,-100.0,-100.0,0.0,0.0,-0.0,31.0,-69.333,95.0,-96.0,14.0,5.502,35.0,-90.311,-90.311,0.0,0.0,0.023,31.0,31.22,31.22,0.0,0.0,-0.0,31.0,40.619,40.825,-8.0,0.0,0.0,33.0
87.609,2,fwd,95.0,12.1,5.348,5.169,8.0,0.0,0.001,31.0,-100.0,-100.0,-8.0,0.0,0.0,31.0,-100.0,-100.0,0.0,0.0,-0.0,31.0,-69.067,95.0,-96.0,14.0,5.252,35.0,-90.311,-90.311,0.0,0.0,0.011,31.0,31.22,31.22,0.0,0.0,-0.0,31.0,40.619,40.825,-8.0,0.0,0.0,33.0
87.6622,2,fwd,95.0,12.1,5.348,5.169,8.0,0.0,0.0,31.0,-100.0,-100.0,-8.0,0.0,0.0,31.0,-100.0,-100.0,0.0,0.0,-0.0,31.0,-68.8,95.0,-96.0,14.0,5.081,35.0,-90.311,-90.311,0.0,0.0,0.005,31.0,31.22,31.22,0.0,0.0,-0.0,31.0,40.619,40.825,-8.0,0.0,0.0,33.0
87.7155,2,fwd,95.0,12.1,5.348,5.169,8.0,0.0,0.0,31.0,-100.0,-100.0,-8.0,0.0,0.0,31.0,-100.0,-100.0,0.0,0.0,-0.0,31.0,-68.533,95.0,-96.0,14.0,4.997,35.0,-90.381,-90.311,0.0,0.0,-0.534,31.0,31.22,31.22,0.0,0.0,-0.0,31.0,40.619,40.825,-8.0,0.0,0.0,33.0
87.7685,2,fwd,95.0,12.1,5.348,5.169,8.0,0.0,0.0,31.0,-100.0,-100.0,-8.0,0.0,0.0,31.0,-100.0,-100.0,0.0,0.0,-0.0,31.0,-68.267,95.0,-96.0,14.0,4.989,35.0,-90.311,-90.311,0.0,0.0,0.516,31.0,31.22,31.22,0.0,0.0,-0.0,31.0,40.619,40.825,-8.0,0.0,0.0,33.0
87.8215,2,fwd,95.0,12.1,5.348,5.169,8.0,0.0,0.0,31.0,-100.0,-100.0,-8.0,0.0,0.0,31.0,-100.0,-100.0,0.0,0.0,-0.0,31.0,-68.133,95.0,-96.0,14.0,3.949,35.0,-90.311,-90.311,0.0,0.0,0.253,31.0,31.22,31.22,0.0,0.0,-0.0,31.0,40.619,40.825,-8.0,0.0,0.0,33.0
87.8746,2,fwd,95.0,12.1,5.348,5.169,8.0,0.0,0.0,31.0,-100.0,-100.0,-8.0,0.0,0.0,31.0,-100.0,-100.0,0.0,0.0,-0.0,31.0,-67.867,95.0,-96.0,14.0,4.446,35.0,-90.311,-90.311,0.0,0.0,0.124,31.0,31.22,31.22,0.0,0.0,-0.0,31.0,40.619,40.825,-8.0,0.0,0.0,33.0
87.9279,2,fwd,95.0,12.1,5.348,5.169,8.0,0.0,0.0,31.0,-100.0,-100.0,-8.0,0.0,0.0,31.0,-100.0,-100.0,0.0,0.0,-0.0,31.0,-67.733,95.0,-96.0,14.0,4.6,35.0,-90.311,-90.311,0.0,0.0,0.087,31.0,31.22,31.22,0.0,0.0,-0.0,31.0,40.619,40.825,-8.0,0.0,0.0,33.0
87.9814,2,fwd,95.0,12.1,5.348,5.169,8.0,0.0,0.0,31.0,-100.0,-100.0,-8.0,0.0,0.0,31.0,-100.0,-100.0,0.0,0.0,-0.0,31.0,-67.467,95.0,-104.0,19.0,4.559,35.0,-90.311,-90.311,0.0,0.0,0.061,31.0,31.22,31.22,0.0,0.0,-0.0,31.0,40.619,40.825,-8.0,0.0,0.0,33.0
88.0338,2,fwd,95.0,12.1,5.348,5.169,8.0,0.0,0.0,31.0,-100.0,-100.0,-8.0,0.0,0.0,31.0,-100.0,-100.0,0.0,0.0,-0.0,31.0,-67.333,95.0,-104.0,19.0,3.716,35.0,-90.311,-90.311,0.0,0.0,0.03,31.0,31.22,31.22,0.0,0.0,-0.0,31.0,40.619,40.825,-8.0,0.0,0.0,33.0
88.0871,2,fwd,95.0,12.1,5.348,5.169,8.0,0.0,0.0,31.0,-100.0,-100.0,-8.0,0.0,0.0,31.0,-100.0,-100.0,0.0,0.0,-0.0,31.0,-67.067,95.0,-104.0,19.0,4.268,35.0,-90.381,-90.311,0.0,0.0,-0.768,31.0,31.22,31.22,0.0,0.0,-0.0,31.0,40.619,40.825,-8.0,0.0,0.0,33.0
88.1403,2,fwd,95.0,12.1,5.348,5.169,8.0,0.0,0.0,31.0,-100.0,-100.0,-8.0,0.0,0.0,31.0,-100.0,-100.0,0.0,0.0,-0.0,31.0,-66.8,95.0,-104.0,19.0,4.193,35.0,-90.381,-90.311,0.0,0.0,-0.376,31.0,31.22,31.22,0.0,0.0,-0.0,31.0,40.619,40.825,-8.0,0.0,0.0,33.0
88.1931,2,fwd,95.0,12.1,5.348,5.169,8.0,0.0,0.0,31.0,-100.0,-100.0,-8.0,0.0,0.0,31.0,-100.0,-100.0,0.0,0.0,-0.0,31.0,-66.4,95.0,-104.0,19.0,6.108,35.0,-90.311,-90.311,0.0,0.0,0.594,31.0,31.22,31.22,0.0,0.0,-0.0,31.0,40.619,40.825,-8.0,0.0,0.0,33.0
88.2462,2,fwd,95.0,12.1,5.348,5.169,8.0,0.0,0.0,31.0,-100.0,-100.0,-8.0,0.0,0.0,31.0,-100.0,-100.0,0.0,0.0,-0.0,31.0,-66.133,95.0,-104.0,19.0,5.554,35.0,-90.311,-90.311,0.0,0.0,0.291,31.0,31.22,31.22,0.0,0.0,-0.0,31.0,40.619,40.825,-8.0,0.0,0.0,33.0
88.2989,2,fwd,95.0,12.1,5.348,5.169,8.0,0.0,0.0,31.0,-100.0,-100.0,-8.0,0.0,0.0,31.0,-100.0,-100.0,0.0,0.0,-0.0,31.0,-65.867,95.0,-104.0,19.0,5.237,35.0,-90.311,-90.311,0.0,0.0,0.143,31.0,31.22,31.22,0.0,0.0,-0.0,31.0,40.619,40.825,-8.0,0.0,0.0,33.0
88.3508,2,fwd,95.0,12.1,5.348,5.169,8.0,0.0,0.0,31.0,-100.0,-100.0,-8.0,0.0,0.0,31.0,-100.0,-100.0,0.0,0.0,-0.0,31.0,-65.6,95.0,-104.0,19.0,5.072,35.0,-90.311,-90.311,0.0,0.0,0.07,31.0,31.22,31.22,0.0,0.0,-0.0,31.0,40.619,40.825,-8.0,0.0,0.0,33.0
88.4037,2,fwd,95.0,12.1,5.438,5.169,8.0,0.0,0.699,31.0,-100.0,-100.0,-8.0,0.0,0.0,31.0,-100.0,-100.0,0.0,0.0,-0.0,31.0,-65.333,95.0,-104.0,19.0,5.011,35.0,-90.311,-90.311,0.0,0.0,0.034,31.0,31.22,31.22,0.0,0.0,-0.0,31.0,40.619,40.825,-8.0,0.0,0.0,33.0
88.4574,2,fwd,95.0,12.1,5.438,5.169,8.0,0.0,0.342,31.0,-100.0,-100.0,-8.0,0.0,0.0,31.0,-100.0,-100.0,0.0,0.0,-0.0,31.0,-65.2,95.0,-104.0,19.0,3.937,35.0,-90.381,-90.311,0.0,0.0,-0.752,31.0,31.22,31.22,0.0,0.0,-0.0,31.0,40.619,40.825,-8.0,0.0,0.0,33.0
88.5096,2,fwd,95.0,12.1,5.438,5.169,16.0,0.0,0.24,31.0,-100.0,-100.0,-8.0,0.0,0.0,31.0,-100.0,-100.0,0.0,0.0,-0.0,31.0,-65.067,95.0,-112.0,10.0,4.256,35.0,-90.381,-90.311,-8.0,0.0,-0.527,31.0,31.22,31.22,0.0,0.0,-0.0,31.0,40.619,40.825,-8.0,0.0,0.0,33.0
88.5616,2,fwd,95.0,12.1,5.438,5.169,16.0,0.0,0.117,31.0,-100.0,-100.0,-8.0,0.0,0.0,31.0,-100.0,-100.0,0.0,0.0,-0.0,31.0,-64.8,95.0,-112.0,10.0,3.068,35.0,-90.311,-90.311,-8.0,0.0,0.525,31.0,31.22,31.22,0.0,0.0,-0.0,31.0,40.619,40.825,-8.0,0.0,0.0,33.0
88.6146,2,fwd,95.0,12.1,5.438,5.169,16.0,0.0,0.058,31.0,-100.0,-100.0,-8.0,0.0,0.0,31.0,-100.0,-100.0,0.0,0.0,-0.0,31.0,-64.533,95.0,-112.0,10.0,4.053,35.0,-90.311,-90.311,-8.0,0.0,0.257,31.0,31.22,31.22,0.0,0.0,-0.0,31.0,40.619,40.825,-8.0,0.0,0.0,33.0
88.6674,2,fwd,95.0,12.1,5.438,5.169,16.0,0.0,0.028,31.0,-100.0,-100.0,-8.0,0.0,0.0,31.0,-100.0,-100.0,0.0,0.0,-0.0,31.0,-64.133,95.0,-112.0,10.0,5.545,35.0,-90.311,-90.311,-8.0,0.0,0.126,31.0,31.22,31.22,0.0,0.0,-0.0,31.0,40.619,40.825,-8.0,0.0,0.0,33.0
88.7198,2,fwd,95.0,12.1,5.438,5.169,16.0,0.0,0.014,31.0,-100.0,-100.0,-8.0,0.0,0.0,31.0,-100.0,-100.0,0.0,0.0,-0.0,31.0,-63.867,95.0,-112.0,10.0,5.24,35.0,-90.311,-90.311,-8.0,0.0,0.062,31.0,31.22,31.22,0.0,0.0,-0.0,31.0,40.619,40.825,-8.0,0.0,0.0,33.0
88.7732,2,fwd,95.0,12.1,5.438,5.169,16.0,0.0,0.007,31.0,-100.0,-100.0,-8.0,0.0,0.0,31.0,-100.0,-100.0,0.0,0.0,-0.0,31.0,-63.467,95.0,-112.0,10.0,6.148,35.0,-90.381,-90.311,-8.0,0.0,-0.738,31.0,31.22,31.22,0.0,0.0,-0.0,31.0,40.619,40.825,-8.0,0.0,0.0,33.0
88.8257,2,fwd,95.0,12.1,5.438,5.169,16.0,0.0,0.003,31.0,-100.0,-100.0,-8.0,0.0,0.0,31.0,-100.0,-100.0,0.0,0.0,-0.0,31.0,-63.2,95.0,-112.0,10.0,5.51,35.0,-90.381,-90.311,-8.0,0.0,-0.361,31.0,31.22,31.22,0.0,0.0,-0.0,31.0,40.619,40.825,-8.0,0.0,0.0,33.0
88.8789,2,fwd,95.0,12.1,5.438,5.169,16.0,0.0,0.002,31.0,-100.0,-100.0,-8.0,0.0,0.0,31.0,-100.0,-100.0,0.0,0.0,-0.0,31.0,-63.067,95.0,-112.0,10.0,5.354,35.0,-90.381,-90.311,-8.0,0.0,-0.253,31.0,31.22,31.22,0.0,0.0,-0.0,31.0,40.619,40.825,-8.0,0.0,0.0,33.0
88.9325,2,fwd,95.0,12.1,5.438,5.169,16.0,0.0,0.001,31.0,-100.0,-100.0,-8.0,0.0,0.0,31.0,-100.0,-100.0,0.0,0.0,-0.0,31.0,-62.667,95.0,-112.0,10.0,5.989,35.0,-90.311,-90.311,-8.0,0.0,0.654,31.0,31.22,31.22,0.0,0.0,-0.0,31.0,40.619,40.825,-8.0,0.0,0.0,33.0
88.9859,2,fwd,95.0,12.1,5.438,5.169,16.0,0.0,0.001,31.0,-100.0,-100.0,-8.0,0.0,0.0,31.0,-100.0,-100.0,0.0,0.0,-0.0,31.0,-62.533,95.0,-112.0,10.0,4.402,35.0,-90.311,-90.311,-8.0,0.0,0.32,31.0,31.22,31.22,0.0,0.0,-0.0,31.0,40.619,40.825,-8.0,0.0,0.0,33.0
89.0395,2,fwd,95.0,12.1,5.438,5.169,16.0,0.0,0.0,31.0,-100.0,-100.0,-8.0,0.0,0.0,31.0,-100.0,-100.0,0.0,0.0,-0.0,31.0,-62.267,95.0,-112.0,10.0,3.893,35.0,-90.311,-90.311,-8.0,0.0,0.157,31.0,31.22,31.22,0.0,0.0,-0.0,31.0,40.619,40.825,-8.0,0.0,0.0,33.0
89.0935,2,fwd,95.0,12.1,5.438,5.169,16.0,0.0,0.0,31.0,-100.0,-100.0,-8.0,0.0,0.0,31.0,-100.0,-100.0,0.0,0.0,-0.0,31.0,-62.133,95.0,-112.0,19.0,4.236,35.0,-90.311,-90.311,0.0,0.0,0.11,31.0,31.22,31.22,0.0,0.0,-0.0,31.0,40.619,40.825,-8.0,0.0,0.0,33.0
89.1456,2,fwd,95.0,12.1,5.438,5.169,16.0,0.0,0.0,31.0,-100.0,-100.0,-8.0,0.0,0.0,31.0,-100.0,-100.0,0.0,0.0,-0.0,31.0,-61.867,95.0,-112.0,19.0,3.048,35.0,-90.381,-90.311,0.0,0.0,-0.198,31.0,31.22,31.22,0.0,0.0,-0.0,31.0,40.619,40.825,-8.0,0.0,0.0,33.0
89.1988,2,fwd,95.0,12.1,5.438,5.169,16.0,0.0,0.0,31.0,-100.0,-100.0,-8.0,0.0,0.0,31.0,-100.0,-100.0,0.0,0.0,-0.0,31.0,-61.6,95.0,-112.0,19.0,4.478,35.0,-90.381,-90.311,0.0,0.0,-0.097,31.0,31.22,31.22,0.0,0.0,-0.0,31.0,40.619,40.825,-8.0,0.0,0.0,33.0
89.2507,2,fwd,95.0,12.1,5.438,5.169,16.0,0.0,0.0,31.0,-100.0,-100.0,-8.0,0.0,0.0,31.0,-100.0,-100.0,0.0,0.0,-0.0,31.0,-61.333,95.0,-112.0,19.0,4.277,35.0,-90.311,-90.311,0.0,0.0,0.493,31.0,31.22,31.22,0.0,0.0,-0.0,31.0,40.619,40.825,-8.0,0.0,0.0,33.0
89.3027,2,fwd,95.0,12.1,5.438,5.169,16.0,0.0,0.0,31.0,-100.0,-100.0,-8.0,0.0,0.0,31.0,-100.0,-100.0,0.0,0.0,-0.0,31.0,-61.067,95.0,-112.0,19.0,4.604,35.0,-90.311,-90.311,0.0,0.0,0.241,31.0,31.22,31.22,0.0,0.0,-0.0,31.0,40.619,40.825,-8.0,0.0,0.0,33.0
89.3561,2,fwd,95.0,12.1,5.438,5.169,16.0,0.0,0.0,31.0,-100.0,-100.0,-8.0,0.0,0.0,31.0,-100.0,-100.0,0.0,0.0,-0.0,31.0,-60.8,95.0,-112.0,19.0,5.201,35.0,-90.311,-90.311,0.0,0.0,0.118,31.0,31.22,31.22,0.0,0.0,-0.0,31.0,40.619,40.825,-8.0,0.0,0.0,33.0
89.4095,2,fwd,95.0,12.1,5.438,5.169,16.0,0.0,0.0,31.0,-100.0,-100.0,-8.0,0.0,0.0,31.0,-100.0,-100.0,0.0,0.0,-0.0,31.0,-60.533,95.0,-112.0,19.0,4.615,35.0,-90.381,-90.311,0.0,0.0,-0.478,31.0,31.22,31.22,0.0,0.0,-0.0,31.0,40.619,40.825,-8.0,0.0,0.0,33.0
89.4629,2,fwd,95.0,12.1,5.438,5.169,16.0,0.0,0.0,31.0,-100.0,-100.0,-8.0,0.0,0.0,31.0,-100.0,-100.0,0.0,0.0,-0.0,31.0,-60.267,95.0,-112.0,19.0,4.809,35.0,-90.381,-90.311,0.0,0.0,-0.234,31.0,31.22,31.22,0.0,0.0,-0.0,31.0,40.619,40.825,-8.0,0.0,0.0,33.0
89.5161,2,fwd,95.0,12.1,5.438,5.169,16.0,0.0,0.0,31.0,-100.0,-100.0,-8.0,0.0,0.0,31.0,-100.0,-100.0,0.0,0.0,-0.0,31.0,-59.733,95.0,-112.0,19.0,7.397,35.0,-90.311,-90.311,0.0,0.0,0.647,31.0,31.22,31.22,0.0,0.0,-0.0,31.0,40.619,40.825,-8.0,0.0,0.0,33.0
89.5695,2,fwd,95.0,12.1,5.438,5.169,16.0,0.0,0.0,31.0,-100.0,-100.0,-8.0,0.0,0.0,31.0,-100.0,-100.0,0.0,0.0,-0.0,31.0,-59.6,95.0,-112.0,19.0,4.667,35.0,-90.311,-90.311,0.0,0.0,0.317,31.0,31.22,31.22,0.0,0.0,-0.0,31.0,40.619,40.825,-8.0,0.0,0.0,33.0
89.6218,2,fwd,95.0,12.1,5.438,5.169,16.0,0.0,0.0,31.0,-100.0,-100.0,-8.0,0.0,0.0,31.0,-100.0,-100.0,0.0,0.0,-0.0,31.0,-59.2,95.0,-112.0,19.0,6.349,35.0,-90.311,-90.311,0.0,0.0,0.155,31.0,31.22,31.22,0.0,0.0,-0.0,31.0,40.619,40.825,-8.0,0.0,0.0,33.0
89.6749,2,fwd,95.0,12.1,5.438,5.169,16.0,0.0,0.0,31.0,-100.0,-100.0,-8.0,0.0,0.0,31.0,-100.0,-100.0,0.0,0.0,-0.0,31.0,-59.2,95.0,-112.0,19.0,6.349,35.0,-90.311,-90.311,0.0,0.0,0.155,31.0,31.22,31.22,0.0,0.0,-0.0,31.0,40.619,40.825,-8.0,0.0,0.0,33.0
89.7283,2,fwd,95.0,12.1,5.438,5.169,16.0,0.0,0.0,31.0,-100.0,-100.0,-8.0,0.0,0.0,31.0,-100.0,-100.0,0.0,0.0,-0.0,31.0,-59.067,95.0,-112.0,19.0,3.569,35.0,-90.381,-90.311,0.0,0.0,-0.162,31.0,31.22,31.22,0.0,0.0,-0.0,31.0,40.619,40.825,-8.0,0.0,0.0,33.0
89.7807,2,fwd,95.0,12.1,5.438,5.169,16.0,0.0,0.0,31.0,-100.0,-100.0,-8.0,0.0,0.0,31.0,-100.0,-100.0,0.0,0.0,-0.0,31.0,-58.8,95.0,-112.0,19.0,4.208,35.0,-90.381,-90.311,0.0,0.0,-0.079,31.0,31.22,31.22,0.0,0.0,-0.0,31.0,40.619,40.825,-8.0,0.0,0.0,33.0
89.8339,2,fwd,95.0,12.1,5.438,5.169,16.0,0.0,0.0,31.0,-100.0,-100.0,-8.0,0.0,0.0,31.0,-100.0,-100.0,0.0,0.0,-0.0,31.0,-58.533,95.0,-112.0,19.0,4.616,35.0,-90.381,-90.311,0.0,0.0,-0.039,31.0,31.22,31.22,0.0,0.0,-0.0,31.0,40.619,40.825,-8.0,0.0,0.0,33.0
89.8862,2,fwd,95.0,12.1,5.438,5.169,16.0,0.0,0.0,31.0,-100.0,-100.0,-8.0,0.0,0.0,31.0,-100.0,-100.0,0.0,0.0,-0.0,31.0,-58.4,95.0,-112.0,19.0,3.302,35.0,-90.311,-90.311,0.0,0.0,0.521,31.0,31.22,31.22,0.0,0.0,-0.0,31.0,40.619,40.825,-8.0,0.0,0.0,33.0
89.9396,2,fwd,95.0,12.1,5.438,5.169,16.0,0.0,0.0,31.0,-100.0,-100.0,-8.0,0.0,0.0,31.0,-100.0,-100.0,0.0,0.0,-0.0,31.0,-58.0,95.0,-112.0,19.0,4.745,35.0,-90.311,-90.311,0.0,0.0,0.255,31.0,31.22,31.22,0.0,0.0,-0.0,31.0,40.619,40.825,-8.0,0.0,0.0,33.0
89.9926,2,fwd,95.0,12.1,5.438,5.169,16.0,0.0,0.0,31.0,-100.0,-100.0,-8.0,0.0,0.0,31.0,-100.0,-100.0,0.0,0.0,-0.0,31.0,-57.733,95.0,-112.0,19.0,4.883,35.0,-90.381,-90.311,0.0,0.0,-0.658,31.0,31.22,31.22,0.0,0.0,-0.0,31.0,40.619,40.825,-8.0,0.0,0.0,33.0
90.0447,2,fwd,95.0,12.1,5.438,5.169,16.0,0.0,0.0,31.0,-100.0,-100.0,-8.0,0.0,0.0,31.0,-100.0,-100.0,0.0,0.0,-0.0,31.0,-57.467,95.0,-112.0,19.0,4.92,35.0,-90.381,-90.311,0.0,0.0,-0.322,31.0,31.22,31.22,0.0,0.0,-0.0,31.0,40.619,40.825,-8.0,0.0,0.0,33.0
90.0984,2,fwd,95.0,12.1,5.438,5.169,16.0,0.0,0.0,31.0,-100.0,-100.0,-8.0,0.0,0.0,31.0,-100.0,-100.0,0.0,0.0,-0.0,31.0,-57.2,95.0,-112.0,19.0,4.973,35.0,-90.381,-90.311,0.0,0.0,-0.158,31.0,31.22,31.22,0.0,0.0,-0.0,31.0,40.619,40.825,-8.0,0.0,0.0,33.0
90.1505,2,fwd,95.0,12.1,5.438,5.169,16.0,0.0,0.0,31.0,-100.0,-100.0,-8.0,0.0,0.0,31.0,-100.0,-100.0,0.0,0.0,-0.0,31.0,-56.8,95.0,-112.0,19.0,6.433,35.0,-90.381,-90.311,0.0,0.0,-0.077,31.0,31.22,31.22,0.0,0.0,-0.0,31.0,40.619,40.825,-8.0,0.0,0.0,33.0
90.204,2,fwd,95.0,12.1,5.438,5.169,16.0,0.0,0.0,31.0,-100.0,-100.0,-8.0,0.0,0.0,31.0,-100.0,-100.0,0.0,0.0,-0.0,31.0,-56.533,95.0,-112.0,19.0,6.111,35.0,-90.381,-90.311,0.0,0.0,-0.038,31.0,31.22,31.22,0.0,0.0,-0.0,31.0,40.619,40.825,-8.0,0.0,0.0,33.0
90.2582,2,fwd,95.0,12.1,5.438,5.169,16.0,0.0,0.0,31.0,-100.0,-100.0,-8.0,0.0,0.0,31.0,-100.0,-100.0,0.0,0.0,-0.0,31.0,-56.267,95.0,-120.0,28.0,5.624,35.0,-90.311,-90.311,4.0,0.0,0.323,31.0,31.22,31.22,0.0,0.0,-0.0,31.0,40.619,40.825,-8.0,0.0,0.0,33.0
90.3115,2,fwd,95.0,12.1,5.438,5.169,16.0,0.0,0.0,31.0,-100.0,-100.0,-8.0,0.0,0.0,31.0,-100.0,-100.0,0.0,0.0,-0.0,31.0,-56.133,95.0,-120.0,28.0,4.252,35.0,-90.311,-90.311,4.0,0.0,0.158,31.0,31.22,31.22,0.0,0.0,-0.0,31.0,40.619,40.825,-8.0,0.0,0.0,33.0
90.3636,2,fwd,95.0,12.1,5.438,5.169,16.0,0.0,0.0,31.0,-100.0,-100.0,-8.0,0.0,0.0,31.0,-100.0,-100.0,0.0,0.0,-0.0,31.0,-55.867,95.0,-120.0,28.0,4.185,35.0,-90.381,-90.311,4.0,0.0,-0.696,31.0,31.22,31.22,0.0,0.0,-0.0,31.0,40.619,40.825,-8.0,0.0,0.0,33.0
90.4175,2,fwd,95.0,12.1,5.438,5.169,16.0,0.0,0.0,31.0,-100.0,-100.0,-8.0,0.0,0.0,31.0,-100.0,-100.0,0.0,0.0,-0.0,31.0,-55.733,95.0,-120.0,28.0,3.083,35.0,-90.381,-90.311,4.0,0.0,-0.341,31.0,31.22,31.22,0.0,0.0,-0.0,31.0,40.619,40.825,-8.0,0.0,0.0,33.0
90.4713,2,fwd,95.0,12.1,5.438,5.169,16.0,0.0,0.0,31.0,-100.0,-100.0,-8.0,0.0,0.0,31.0,-100.0,-100.0,0.0,0.0,-0.0,31.0,-55.333,95.0,-120.0,28.0,5.492,35.0,-90.381,-90.311,4.0,0.0,-0.167,31.0,31.22,31.22,0.0,0.0,-0.0,31.0,40.619,40.825,-8.0,0.0,0.0,33.0
90.5238,2,fwd,95.0,12.1,5.438,5.169,16.0,0.0,0.0,31.0,-100.0,-100.0,-8.0,0.0,0.0,31.0,-100.0,-100.0,0.0,0.0,-0.0,31.0,-55.2,95.0,-120.0,28.0,4.199,35.0,-90.381,-90.311,4.0,0.0,-0.082,31.0,31.22,31.22,0.0,0.0,-0.0,31.0,40.619,40.825,-8.0,0.0,0.0,33.0
90.5769,2,fwd,95.0,12.1,5.438,5.169,16.0,0.0,0.0,31.0,-100.0,-100.0,-8.0,0.0,0.0,31.0,-100.0,-100.0,0.0,0.0,-0.0,31.0,-54.933,95.0,-120.0,28.0,4.604,35.0,-90.381,-90.311,4.0,0.0,-0.04,31.0,31.22,31.22,0.0,0.0,-0.0,31.0,40.619,40.825,-8.0,0.0,0.0,33.0
90.6318,2,fwd,95.0,12.1,5.438,5.169,16.0,0.0,0.0,31.0,-100.0,-100.0,-8.0,0.0,0.0,31.0,-100.0,-100.0,0.0,0.0,-0.0,31.0,-54.533,95.0,-120.0,28.0,6.336,35.0,-90.381,-90.311,4.0,0.0,-0.02,31.0,31.22,31.22,0.0,0.0,-0.0,31.0,40.619,40.825,-8.0,0.0,0.0,33.0
90.6848,2,fwd,95.0,12.1,5.438,5.169,16.0,0.0,0.0,31.0,-100.0,-100.0,-8.0,0.0,0.0,31.0,-100.0,-100.0,0.0,0.0,-0.0,31.0,-54.4,95.0,-120.0,28.0,4.145,35.0,-90.381,-90.311,4.0,0.0,-0.01,31.0,31.22,31.22,0.0,0.0,-0.0,31.0,40.619,40.825,-8.0,0.0,0.0,33.0
90.738,2,fwd,95.0,12.1,5.438,5.169,16.0,0.0,0.0,31.0,-100.0,-100.0,-8.0,0.0,0.0,31.0,-100.0,-100.0,0.0,0.0,-0.0,31.0,-54.133,95.0,-120.0,28.0,4.577,35.0,-90.311,-90.311,4.0,0.0,0.534,31.0,31.22,31.22,0.0,0.0,-0.0,31.0,40.619,40.825,-8.0,0.0,0.0,33.0
90.7912,2,fwd,95.0,12.1,5.438,5.169,16.0,0.0,0.0,31.0,-100.0,-100.0,-8.0,0.0,0.0,31.0,-100.0,-100.0,0.0,0.0,-0.0,31.0,-54.133,95.0,-132.0,33.0,3.204,35.0,-90.311,-90.311,0.0,0.0,0.374,31.0,31.22,31.22,0.0,0.0,-0.0,31.0,40.619,40.825,-8.0,0.0,0.0,33.0
90.8444,2,fwd,95.0,12.1,5.438,5.169,16.0,0.0,0.0,31.0,-100.0,-100.0,-8.0,0.0,0.0,31.0,-100.0,-100.0,0.0,0.0,-0.0,31.0,-53.733,95.0,-132.0,33.0,3.038,35.0,-90.381,-90.311,0.0,0.0,-0.071,31.0,31.22,31.22,0.0,0.0,-0.0,31.0,40.619,40.825,-8.0,0.0,0.0,33.0
90.8976,2,fwd,95.0,12.1,5.438,5.169,16.0,0.0,0.0,31.0,-100.0,-100.0,-8.0,0.0,0.0,31.0,-100.0,-100.0,0.0,0.0,-0.0,31.0,-53.333,95.0,-132.0,33.0,5.47,35.0,-90.381,-90.311,0.0,0.0,-0.035,31.0,31.22,31.22,0.0,0.0,-0.0,31.0,40.619,40.825,-8.0,0.0,0.0,33.0
90.9512,2,fwd,95.0,12.1,5.438,5.169,16.0,0.0,0.0,31.0,-100.0,-100.0,-8.0,0.0,0.0,31.0,-100.0,-100.0,0.0,0.0,-0.0,31.0,-52.933,95.0,-132.0,33.0,6.272,35.0,-90.381,-90.311,0.0,0.0,-0.017,31.0,31.22,31.22,0.0,0.0,-0.0,31.0,40.619,40.825,-8.0,0.0,0.0,33.0
91.0046,2,fwd,95.0,12.1,5.438,5.169,16.0,0.0,0.0,31.0,-100.0,-100.0,-8.0,0.0,0.0,31.0,-100.0,-100.0,0.0,0.0,-0.0,31.0,-52.933,95.0,-132.0,33.0,4.391,35.0,-90.381,-90.311,0.0,0.0,-0.012,31.0,31.22,31.22,0.0,0.0,-0.0,31.0,40.619,40.825,-8.0,0.0,0.0,33.0
91.0579,2,fwd,95.0,12.1,5.438,5.169,16.0,0.0,0.0,31.0,-100.0,-100.0,-8.0,0.0,0.0,31.0,-100.0,-100.0,0.0,0.0,-0.0,31.0,-52.667,95.0,-132.0,33.0,4.671,35.0,-90.381,-90.311,0.0,0.0,-0.006,31.0,31.22,31.22,0.0,0.0,-0.0,31.0,40.619,40.825,-8.0,0.0,0.0,33.0
91.1118,2,fwd,95.0,12.1,5.438,5.169,16.0,0.0,0.0,31.0,-100.0,-100.0,-8.0,0.0,0.0,31.0,-100.0,-100.0,0.0,0.0,-0.0,31.0,-52.4,95.0,-132.0,33.0,5.296,35.0,-90.381,-90.311,0.0,0.0,-0.003,31.0,31.22,31.22,0.0,0.0,-0.0,31.0,40.619,40.825,-8.0,0.0,0.0,33.0
91.165,2,fwd,95.0,12.1,5.438,5.169,16.0,0.0,0.0,31.0,-100.0,-100.0,-8.0,0.0,0.0,31.0,-100.0,-100.0,0.0,0.0,-0.0,31.0,-52.133,95.0,-132.0,33.0,5.024,35.0,-90.381,-90.311,0.0,0.0,-0.001,31.0,31.22,31.22,0.0,0.0,-0.0,31.0,40.619,40.825,-8.0,0.0,0.0,33.0
91.2183,2,fwd,95.0,12.1,5.438,5.169,16.0,0.0,0.0,31.0,-100.0,-100.0,-8.0,0.0,0.0,31.0,-100.0,-100.0,0.0,0.0,-0.0,31.0,-52.0,95.0,-132.0,33.0,3.941,35.0,-90.381,-90.311,0.0,0.0,-0.001,31.0,31.22,31.22,0.0,0.0,-0.0,31.0,40.619,40.825,-8.0,0.0,0.0,33.0
91.272,2,fwd,95.0,12.1,5.438,5.169,16.0,0.0,0.0,31.0,-100.0,-100.0,-8.0,0.0,0.0,31.0,-100.0,-100.0,0.0,0.0,-0.0,31.0,-51.6,95.0,-132.0,33.0,5.237,35.0,-90.381,-90.311,0.0,0.0,-0.0,31.0,31.22,31.22,0.0,0.0,-0.0,31.0,40.619,40.825,-8.0,0.0,0.0,33.0
91.3255,2,fwd,95.0,12.1,5.438,5.169,16.0,0.0,0.0,31.0,-100.0,-100.0,-8.0,0.0,0.0,31.0,-100.0,-100.0,0.0,0.0,-0.0,31.0,-51.333,95.0,-132.0,33.0,5.082,35.0,-90.381,-90.311,0.0,0.0,-0.0,31.0,31.22,31.22,0.0,0.0,-0.0,31.0,40.619,40.825,-8.0,0.0,0.0,33.0
91.3787,2,fwd,95.0,12.1,5.438,5.169,16.0,0.0,0.0,31.0,-100.0,-100.0,-8.0,0.0,0.0,31.0,-100.0,-100.0,0.0,0.0,-0.0,31.0,-51.2,95.0,-144.0,43.0,5.057,35.0,-90.381,-90.311,-8.0,0.0,-0.0,31.0,31.22,31.22,0.0,0.0,-0.0,31.0,40.619,40.825,-8.0,0.0,0.0,33.0
91.432,2,fwd,95.0,12.1,5.438,5.169,16.0,0.0,0.0,31.0,-100.0,-100.0,-8.0,0.0,0.0,31.0,-100.0,-100.0,0.0,0.0,-0.0,31.0,-50.8,95.0,-144.0,43.0,4.95,35.0,-90.381,-90.311,-8.0,0.0,-0.0,31.0,31.22,31.22,0.0,0.0,-0.0,31.0,40.619,40.825,-8.0,0.0,0.0,33.0
91.4844,2,fwd,95.0,12.1,5.438,5.169,16.0,0.0,0.0,31.0,-100.0,-100.0,-8.0,0.0,0.0,31.0,-100.0,-100.0,0.0,0.0,-0.0,31.0,-50.533,95.0,-144.0,43.0,4.967,35.0,-90.381,-90.311,-8.0,0.0,-0.0,31.0,31.22,31.22,0.0,0.0,-0.0,31.0,40.619,40.825,-8.0,0.0,0.0,33.0
91.5368,2,fwd,95.0,12.1,5.438,5.169,16.0,0.0,0.0,31.0,-100.0,-100.0,-8.0,0.0,0.0,31.0,-100.0,-100.0,0.0,0.0,-0.0,31.0,-50.267,95.0,-144.0,43.0,4.976,35.0,-90.381,-90.311,-8.0,0.0,-0.0,31.0,31.22,31.22,0.0,0.0,-0.0,31.0,40.619,40.825,-8.0,0.0,0.0,33.0
91.589,2,fwd,95.0,12.1,5.438,5.169,16.0,0.0,0.0,31.0,-100.0,-100.0,-8.0,0.0,0.0,31.0,-100.0,-100.0,0.0,0.0,-0.0,31.0,-49.867,95.0,-144.0,43.0,5.996,35.0,-90.381,-90.311,-8.0,0.0,-0.0,31.0,31.22,31.22,0.0,0.0,-0.0,31.0,40.619,40.825,-8.0,0.0,0.0,33.0
91.6425,2,fwd,95.0,12.1,5.438,5.169,16.0,0.0,0.0,31.0,-100.0,-100.0,-8.0,0.0,0.0,31.0,-100.0,-100.0,0.0,0.0,-0.0,31.0,-49.733,95.0,-144.0,43.0,3.956,35.0,-90.381,-90.311,-8.0,0.0,-0.0,31.0,31.22,31.22,0.0,0.0,-0.0,31.0,40.619,40.825,-8.0,0.0,0.0,33.0
91.6958,2,fwd,95.0,12.1,5.438,5.169,16.0,0.0,0.0,31.0,-100.0,-100.0,-8.0,0.0,0.0,31.0,-100.0,-100.0,0.0,0.0,-0.0,31.0,-49.467,95.0,-144.0,43.0,4.952,35.0,-90.381,-90.311,-8.0,0.0,-0.0,31.0,31.22,31.22,0.0,0.0,-0.0,31.0,40.619,40.825,-8.0,0.0,0.0,33.0
91.7488,2,fwd,95.0,12.1,5.438,5.169,16.0,0.0,0.0,31.0,-100.0,-100.0,-8.0,0.0,0.0,31.0,-100.0,-100.0,0.0,0.0,-0.0,31.0,-49.2,95.0,-144.0,43.0,4.52,35.0,-90.381,-90.311,-8.0,0.0,-0.0,31.0,31.22,31.22,0.0,0.0,-0.0,31.0,40.619,40.825,-8.0,0.0,0.0,33.0
91.8017,2,fwd,95.0,12.1,5.438,5.169,16.0,0.0,0.0,31.0,-100.0,-100.0,-8.0,0.0,0.0,31.0,-100.0,-100.0,0.0,0.0,-0.0,31.0,-49.067,95.0,-144.0,43.0,3.261,35.0,-90.381,-90.311,-8.0,0.0,-0.0,31.0,31.22,31.22,0.0,0.0,-0.0,31.0,40.619,40.825,-8.0,0.0,0.0,33.0
91.8538,2,fwd,95.0,12.1,5.438,5.169,16.0,0.0,0.0,31.0,-100.0,-100.0,-8.0,0.0,0.0,31.0,-100.0,-100.0,0.0,0.0,-0.0,31.0,-48.8,95.0,-144.0,43.0,4.112,35.0,-90.381,-90.311,-8.0,0.0,-0.0,31.0,31.22,31.22,0.0,0.0,-0.0,31.0,40.619,40.825,-8.0,0.0,0.0,33.0
91.9072,2,fwd,95.0,12.1,5.438,5.169,16.0,0.0,0.0,31.0,-100.0,-100.0,-8.0,0.0,0.0,31.0,-100.0,-100.0,0.0,0.0,-0.0,31.0,-48.4,95.0,-144.0,43.0,5.985,35.0,-90.381,-90.311,-8.0,0.0,-0.0,31.0,31.22,31.22,0.0,0.0,-0.0,31.0,40.619,40.825,-8.0,0.0,0.0,33.0
91.9597,2,fwd,95.0,12.1,5.438,5.169,16.0,0.0,0.0,31.0,-100.0,-100.0,-8.0,0.0,0.0,32.0,-100.0,-100.0,0.0,0.0,-0.0,31.0,-48.4,95.0,-144.0,42.0,5.985,35.0,-90.381,-90.311,-8.0,0.0,-0.0,31.0,31.22,31.22,0.0,0.0,-0.0,31.0,40.619,40.825,-8.0,0.0,0.0,33.0
92.0131,2,fwd,95.0,12.1,5.438,5.169,16.0,0.0,0.0,31.0,-100.0,-100.0,-8.0,0.0,0.0,32.0,-100.0,-100.0,0.0,0.0,-0.0,31.0,-48.133,95.0,-144.0,42.0,3.864,35.0,-90.381,-90.311,-8.0,0.0,-0.0,31.0,31.22,31.22,0.0,0.0,-0.0,31.0,40.619,40.825,-8.0,0.0,0.0,33.0
92.0656,2,fwd,95.0,12.1,5.438,5.169,16.0,0.0,0.0,31.0,-100.0,-100.0,-8.0,0.0,0.0,32.0,-100.0,-100.0,0.0,0.0,-0.0,31.0,-48.0,95.0,-144.0,42.0,3.384,35.0,-90.381,-90.311,-8.0,0.0,-0.0,31.0,31.22,31.22,0.0,0.0,-0.0,31.0,40.619,40.825,-8.0,0.0,0.0,33.0
92.1212,2,fwd,95.0,12.1,5.438,5.169,16.0,0.0,0.0,31.0,-100.0,-100.0,-8.0,0.0,0.0,32.0,-100.0,-100.0,0.0,0.0,-0.0,31.0,-47.467,95.0,-144.0,42.0,5.844,35.0,-90.381,-90.311,-8.0,0.0,-0.0,31.0,31.22,31.22,0.0,0.0,-0.0,31.0,40.619,40.825,-8.0,0.0,0.0,33.0
92.1737,2,fwd,95.0,12.1,5.438,5.169,16.0,0.0,0.0,31.0,-100.0,-100.0,-8.0,0.0,0.0,32.0,-100.0,-100.0,0.0,0.0,-0.0,31.0,-47.2,95.0,-144.0,42.0,5.842,35.0,-90.381,-90.311,-8.0,0.0,-0.0,31.0,31.22,31.22,0.0,0.0,-0.0,31.0,40.619,40.825,-8.0,0.0,0.0,33.0
92.227,2,fwd,95.0,12.1,5.438,5.169,16.0,0.0,0.0,31.0,-100.0,-100.0,-8.0,0.0,0.0,32.0,-100.0,-100.0,0.0,0.0,-0.0,31.0,-46.667,95.0,-144.0,42.0,7.958,35.0,-90.381,-90.311,-8.0,0.0,-0.0,31.0,31.22,31.22,0.0,0.0,-0.0,31.0,40.619,40.825,-8.0,0.0,0.0,33.0
92.2788,2,fwd,95.0,12.1,5.438,5.169,16.0,0.0,0.0,31.0,-100.0,-100.0,-8.0,0.0,0.0,32.0,-100.0,-100.0,0.0,0.0,-0.0,31.0,-46.533,95.0,-144.0,42.0,5.393,35.0,-90.381,-90.311,-8.0,0.0,-0.0,31.0,31.22,31.22,0.0,0.0,-0.0,31.0,40.619,40.825,-8.0,0.0,0.0,33.0
92.3308,2,fwd,95.0,12.1,5.438,5.169,16.0,0.0,0.0,31.0,-100.0,-100.0,-8.0,0.0,0.0,32.0,-100.0,-100.0,0.0,0.0,-0.0,31.0,-46.4,95.0,-144.0,42.0,4.152,35.0,-90.381,-90.311,-8.0,0.0,-0.0,31.0,31.22,31.22,0.0,0.0,-0.0,31.0,40.619,40.825,-8.0,0.0,0.0,33.0
92.3828,2,fwd,95.0,12.1,5.438,5.169,16.0,0.0,0.0,31.0,-100.0,-100.0,-8.0,0.0,0.0,32.0,-100.0,-100.0,0.0,0.0,-0.0,31.0,-46.0,95.0,-144.0,42.0,5.646,35.0,-90.381,-90.311,-8.0,0.0,-0.0,31.0,31.22,31.22,0.0,0.0,-0.0,31.0,40.619,40.825,-8.0,0.0,0.0,33.0
92.436,2,fwd,95.0,12.1,5.438,5.169,16.0,0.0,0.0,31.0,-100.0,-100.0,-8.0,0.0,0.0,32.0,-100.0,-100.0,0.0,0.0,-0.0,31.0,-45.867,95.0,-144.0,42.0,3.823,35.0,-90.381,-90.311,-8.0,0.0,-0.0,31.0,31.22,31.22,0.0,0.0,-0.0,31.0,40.619,40.825,-8.0,0.0,0.0,33.0
92.4886,2,fwd,95.0,12.1,5.438,5.169,16.0,0.0,0.0,31.0,-100.0,-100.0,-8.0,0.0,0.0,32.0,-100.0,-100.0,0.0,0.0,-0.0,31.0,-45.733,95.0,-144.0,42.0,3.348,35.0,-90.381,-90.311,-8.0,0.0,-0.0,31.0,31.22,31.22,0.0,0.0,-0.0,31.0,40.619,40.825,-8.0,0.0,0.0,33.0
92.5421,2,fwd,95.0,12.1,5.438,5.169,16.0,0.0,0.0,31.0,-100.0,-100.0,-8.0,0.0,0.0,31.0,-100.0,-100.0,0.0,0.0,-0.0,31.0,-45.333,95.0,-160.0,45.0,4.336,35.0,-90.381,-90.311,-8.0,0.0,-0.0,31.0,31.22,31.22,0.0,0.0,-0.0,31.0,40.619,40.825,-8.0,0.0,0.0,33.0
92.5956,2,fwd,95.0,12.1,5.438,5.169,16.0,0.0,0.0,31.0,-100.0,-100.0,-8.0,0.0,0.0,31.0,-100.0,-100.0,0.0,0.0,-0.0,31.0,-45.2,95.0,-160.0,45.0,3.616,35.0,-90.381,-90.311,-8.0,0.0,-0.0,31.0,31.22,31.22,0.0,0.0,-0.0,31.0,40.619,40.825,-8.0,0.0,0.0,33.0
92.649,2,fwd,95.0,12.1,5.438,5.169,16.0,0.0,0.0,31.0,-100.0,-100.0,-8.0,0.0,0.0,31.0,-100.0,-100.0,0.0,0.0,-0.0,31.0,-44.933,95.0,-160.0,45.0,4.274,35.0,-90.381,-90.311,-8.0,0.0,-0.0,31.0,31.22,31.22,0.0,0.0,-0.0,31.0,40.619,40.825,-8.0,0.0,0.0,33.0
92.7022,2,fwd,95.0,12.1,5.438,5.169,16.0,0.0,0.0,31.0,-100.0,-100.0,-8.0,0.0,0.0,31.0,-100.0,-100.0,0.0,0.0,-0.0,31.0,-44.533,95.0,-160.0,45.0,5.717,35.0,-90.381,-90.311,-8.0,0.0,-0.0,31.0,31.22,31.22,0.0,0.0,-0.0,31.0,40.619,40.825,-8.0,0.0,0.0,33.0
92.7555,2,fwd,95.0,12.1,5.438,5.169,16.0,0.0,0.0,31.0,-100.0,-100.0,-8.0,0.0,0.0,31.0,-100.0,-100.0,0.0,0.0,-0.0,31.0,-44.267,95.0,-160.0,45.0,5.357,35.0,-90.381,-90.311,-8.0,0.0,-0.0,31.0,31.22,31.22,0.0,0.0,-0.0,31.0,40.619,40.825,-8.0,0.0,0.0,33.0
92.8078,2,fwd,95.0,12.1,5.438,5.169,16.0,0.0,0.0,31.0,-100.0,-100.0,-8.0,0.0,0.0,31.0,-100.0,-100.0,0.0,0.0,-0.0,31.0,-44.133,95.0,-160.0,45.0,4.136,35.0,-90.381,-90.311,-8.0,0.0,-0.0,31.0,31.22,31.22,0.0,0.0,-0.0,31.0,40.619,40.825,-8.0,0.0,0.0,33.0
92.8613,2,fwd,95.0,12.1,5.438,5.169,16.0,0.0,0.0,31.0,-100.0,-100.0,-8.0,0.0,0.0,31.0,-100.0,-100.0,0.0,0.0,-0.0,31.0,-43.6,95.0,-160.0,45.0,6.618,35.0,-90.381,-90.311,-8.0,0.0,-0.0,31.0,31.22,31.22,0.0,0.0,-0.0,31.0,40.619,40.825,-8.0,0.0,0.0,33.0
92.9148,2,fwd,95.0,12.1,5.438,5.169,16.0,0.0,0.0,31.0,-100.0,-100.0,-8.0,0.0,0.0,31.0,-100.0,-100.0,0.0,0.0,-0.0,31.0,-43.6,95.0,-160.0,45.0,3.243,35.0,-90.381,-90.311,-8.0,0.0,-0.0,31.0,31.22,31.22,0.0,0.0,-0.0,31.0,40.619,40.825,-8.0,0.0,0.0,33.0
92.9686,2,fwd,95.0,12.1,5.438,5.169,16.0,0.0,0.0,31.0,-100.0,-100.0,-8.0,0.0,0.0,31.0,-100.0,-100.0,0.0,0.0,-0.0,31.0,-43.333,95.0,-160.0,45.0,4.109,35.0,-90.381,-90.311,-8.0,0.0,-0.0,31.0,31.22,31.22,0.0,0.0,-0.0,31.0,40.619,40.825,-8.0,0.0,0.0,33.0
93.0221,2,fwd,95.0,12.1,5.438,5.169,16.0,0.0,0.0,31.0,-100.0,-100.0,-8.0,0.0,0.0,31.0,-100.0,-100.0,0.0,0.0,-0.0,31.0,-42.933,95.0,-160.0,45.0,5.625,35.0,-90.381,-90.311,-8.0,0.0,-0.0,31.0,31.22,31.22,0.0,0.0,-0.0,31.0,40.619,40.825,-8.0,0.0,0.0,33.0
93.0756,2,fwd,95.0,12.1,5.438,5.169,16.0,0.0,0.0,31.0,-100.0,-100.0,-8.0,0.0,0.0,31.0,-100.0,-100.0,0.0,0.0,-0.0,31.0,-42.933,95.0,-160.0,45.0,3.938,35.0,-90.381,-90.311,-8.0,0.0,-0.0,31.0,31.22,31.22,0.0,0.0,-0.0,31.0,40.619,40.825,-8.0,0.0,0.0,33.0
93.1297,2,fwd,95.0,12.3,5.438,5.169,16.0,0.0,0.0,31.0,-100.0,-100.0,-8.0,0.0,0.0,32.0,-100.0,-100.0,0.0,0.0,-0.0,31.0,-42.8,95.0,-160.0,42.0,3.403,35.0,-90.381,-90.311,-8.0,0.0,-0.0,31.0,31.22,31.22,0.0,0.0,-0.0,31.0,40.619,40.825,-8.0,0.0,0.0,33.0
93.1833,2,fwd,95.0,12.3,5.438,5.169,16.0,0.0,0.0,31.0,-100.0,-100.0,-8.0,0.0,0.0,32.0,-100.0,-100.0,0.0,0.0,-0.0,31.0,-42.667,95.0,-160.0,42.0,3.145,35.0,-90.381,-90.311,-8.0,0.0,-0.0,31.0,31.22,31.22,0.0,0.0,-0.0,31.0,40.619,40.825,-8.0,0.0,0.0,33.0
93.2365,2,fwd,95.0,12.3,5.438,5.169,16.0,0.0,0.0,31.0,-100.0,-100.0,-8.0,0.0,0.0,32.0,-100.0,-100.0,0.0,0.0,-0.0,31.0,-42.133,95.0,-160.0,42.0,6.585,35.0,-90.381,-90.311,-8.0,0.0,-0.0,31.0,31.22,31.22,0.0,0.0,-0.0,31.0,40.619,40.825,-8.0,0.0,0.0,33.0
93.29,2,fwd,95.0,12.3,5.438,5.169,16.0,0.0,0.0,31.0,-100.0,-100.0,-8.0,0.0,0.0,32.0,-100.0,-100.0,0.0,0.0,-0.0,31.0,-42.0,95.0,-160.0,42.0,4.273,35.0,-90.381,-90.311,-8.0,0.0,-0.0,31.0,31.22,31.22,0.0,0.0,-0.0,31.0,40.619,40.825,-8.0,0.0,0.0,33.0
93.3434,2,fwd,95.0,12.3,5.438,5.169,16.0,0.0,0.0,31.0,-100.0,-100.0,-8.0,0.0,0.0,32.0,-100.0,-100.0,0.0,0.0,-0.0,31.0,-41.467,95.0,-160.0,42.0,7.641,35.0,-90.381,-90.311,-8.0,0.0,-0.0,31.0,31.22,31.22,0.0,0.0,-0.0,31.0,40.619,40.825,-8.0,0.0,0.0,33.0
93.3966,2,fwd,95.0,12.3,5.438,5.169,16.0,0.0,0.0,31.0,-100.0,-100.0,-8.0,0.0,0.0,32.0,-100.0,-100.0,0.0,0.0,-0.0,31.0,-41.2,95.0,-160.0,42.0,6.278,35.0,-90.381,-90.311,-8.0,0.0,-0.0,31.0,31.22,31.22,0.0,0.0,-0.0,31.0,40.619,40.825,-8.0,0.0,0.0,33.0
93.4487,2,fwd,95.0,12.3,5.438,5.169,16.0,0.0,0.0,31.0,-100.0,-100.0,-8.0,0.0,0.0,32.0,-100.0,-100.0,0.0,0.0,-0.0,31.0,-41.2,95.0,-160.0,42.0,3.076,35.0,-90.381,-90.311,-8.0,0.0,-0.0,31.0,31.22,31.22,0.0,0.0,-0.0,31.0,40.619,40.825,-8.0,0.0,0.0,33.0
93.5018,2,fwd,95.0,12.3,5.438,5.169,16.0,0.0,0.0,31.0,-100.0,-100.0,-8.0,0.0,0.0,32.0,-100.0,-100.0,0.0,0.0,-0.0,31.0,-40.667,95.0,-160.0,42.0,6.62,35.0,-90.381,-90.311,-8.0,0.0,-0.0,31.0,31.22,31.22,0.0,0.0,-0.0,31.0,40.619,40.825,-8.0,0.0,0.0,33.0
93.555,2,fwd,95.0,12.3,5.438,5.169,16.0,0.0,0.0,31.0,-100.0,-100.0,-8.0,0.0,0.0,32.0,-100.0,-100.0,0.0,0.0,-0.0,31.0,-40.533,95.0,-160.0,42.0,4.292,35.0,-90.381,-90.311,-8.0,0.0,-0.0,31.0,31.22,31.22,0.0,0.0,-0.0,31.0,40.619,40.825,-8.0,0.0,0.0,33.0
93.6076,2,fwd,95.0,12.3,5.438,5.169,16.0,0.0,0.0,31.0,-100.0,-100.0,-8.0,0.0,0.0,32.0,-100.0,-100.0,0.0,0.0,-0.0,31.0,-40.267,95.0,-160.0,42.0,4.65,35.0,-90.381,-90.311,-8.0,0.0,-0.0,31.0,31.22,31.22,0.0,0.0,-0.0,31.0,40.619,40.825,-8.0,0.0,0.0,33.0
93.6613,2,fwd,95.0,12.2,5.438,5.169,16.0,0.0,0.0,31.0,-100.0,-100.0,-8.0,0.0,0.0,32.0,-100.0,-100.0,0.0,0.0,-0.0,31.0,-40.0,95.0,-160.0,49.0,6.201,35.0,-90.381,-90.311,-8.0,0.0,-0.0,31.0,31.22,31.22,0.0,0.0,-0.0,31.0,40.619,40.825,-8.0,0.0,0.0,33.0
93.7148,2,fwd,95.0,12.2,5.438,5.169,16.0,0.0,0.0,31.0,-100.0,-100.0,-8.0,0.0,0.0,32.0,-100.0,-100.0,0.0,0.0,-0.0,31.0,-39.867,95.0,-160.0,49.0,3.532,35.0,-90.381,-90.311,-8.0,0.0,-0.0,31.0,31.22,31.22,0.0,0.0,-0.0,31.0,40.619,40.825,-8.0,0.0,0.0,33.0
93.7684,2,fwd,95.0,12.2,5.438,5.169,16.0,0.0,0.0,31.0,-100.0,-100.0,-8.0,0.0,0.0,32.0,-100.0,-100.0,0.0,0.0,-0.0,31.0,-39.6,95.0,-160.0,49.0,3.806,35.0,-90.381,-90.311,-8.0,0.0,-0.0,31.0,31.22,31.22,0.0,0.0,-0.0,31.0,40.619,40.825,-8.0,0.0,0.0,33.0
93.8216,2,fwd,95.0,12.2,5.438,5.169,16.0,0.0,0.0,31.0,-100.0,-100.0,-8.0,0.0,0.0,32.0,-100.0,-100.0,0.0,0.0,-0.0,31.0,-39.333,95.0,-160.0,49.0,4.84,35.0,-90.381,-90.311,-8.0,0.0,-0.0,31.0,31.22,31.22,0.0,0.0,-0.0,31.0,40.619,40.825,-8.0,0.0,0.0,33.0
93.875,2,fwd,95.0,12.2,5.438,5.169,16.0,0.0,0.0,31.0,-100.0,-100.0,-8.0,0.0,0.0,32.0,-100.0,-100.0,0.0,0.0,-0.0,31.0,-39.067,95.0,-160.0,49.0,4.462,35.0,-90.381,-90.311,-8.0,0.0,-0.0,31.0,31.22,31.22,0.0,0.0,-0.0,31.0,40.619,40.825,-8.0,0.0,0.0,33.0
93.9282,2,fwd,95.0,12.2,5.438,5.169,16.0,0.0,0.0,31.0,-100.0,-100.0,-8.0,0.0,0.0,32.0,-100.0,-100.0,0.0,0.0,-0.0,31.0,-38.8,95.0,-160.0,49.0,4.743,35.0,-90.381,-90.311,-8.0,0.0,-0.0,31.0,31.22,31.22,0.0,0.0,-0.0,31.0,40.619,40.825,-8.0,0.0,0.0,33.0
93.9815,2,fwd,95.0,12.2,5.438,5.169,16.0,0.0,0.0,31.0,-100.0,-100.0,-8.0,0.0,0.0,32.0,-100.0,-100.0,0.0,0.0,-0.0,31.0,-38.4,95.0,-160.0,49.0,6.361,35.0,-90.381,-90.311,-8.0,0.0,-0.0,31.0,31.22,31.22,0.0,0.0,-0.0,31.0,40.619,40.825,-8.0,0.0,0.0,33.0
94.0337,2,fwd,95.0,12.2,5.438,5.169,16.0,0.0,0.0,31.0,-100.0,-100.0,-8.0,0.0,0.0,32.0,-100.0,-100.0,0.0,0.0,-0.0,31.0,-38.133,95.0,-160.0,49.0,5.208,35.0,-90.381,-90.311,-8.0,0.0,-0.0,31.0,31.22,31.22,0.0,0.0,-0.0,31.0,40.619,40.825,-8.0,0.0,0.0,33.0
94.087,2,fwd,95.0,12.2,5.438,5.169,16.0,0.0,0.0,31.0,-100.0,-100.0,-8.0,0.0,0.0,32.0,-100.0,-100.0,0.0,0.0,-0.0,31.0,-38.133,95.0,-160.0,49.0,2.552,35.0,-90.381,-90.311,-8.0,0.0,-0.0,31.0,31.22,31.22,0.0,0.0,-0.0,31.0,40.619,40.825,-8.0,0.0,0.0,33.0
94.1414,2,fwd,95.0,12.2,5.438,5.169,16.0,0.0,0.0,31.0,-100.0,-100.0,-8.0,0.0,0.0,32.0,-100.0,-100.0,0.0,0.0,-0.0,31.0,-37.467,95.0,-160.0,49.0,7.851,35.0,-90.381,-90.311,-8.0,0.0,-0.0,31.0,31.22,31.22,0.0,0.0,-0.0,31.0,40.619,40.825,-8.0,0.0,0.0,33.0
94.1946,2,fwd,95.0,12.2,5.438,5.169,16.0,0.0,0.0,31.0,-100.0,-100.0,-8.0,0.0,0.0,32.0,-100.0,-100.0,0.0,0.0,-0.0,31.0,-37.333,95.0,-160.0,49.0,4.895,35.0,-90.381,-90.311,-8.0,0.0,-0.0,31.0,31.22,31.22,0.0,0.0,-0.0,31.0,40.619,40.825,-8.0,0.0,0.0,33.0
94.2478,2,fwd,95.0,11.9,5.438,5.169,16.0,0.0,0.0,31.0,-100.0,-100.0,-8.0,0.0,0.0,32.0,-100.0,-100.0,0.0,0.0,-0.0,31.0,-37.067,95.0,-168.0,42.0,4.781,35.0,-90.381,-90.311,-8.0,0.0,-0.0,31.0,31.707,31.22,0.0,0.0,2.478,31.0,40.619,40.825,-8.0,0.0,0.0,33.0
94.3008,2,fwd,95.0,11.9,5.438,5.169,16.0,0.0,0.0,31.0,-100.0,-100.0,-8.0,0.0,0.0,32.0,-100.0,-100.0,0.0,0.0,-0.0,31.0,-36.933,95.0,-168.0,42.0,3.403,35.0,-90.381,-90.311,-8.0,0.0,-0.0,31.0,31.707,31.22,0.0,0.0,1.214,31.0,40.619,40.825,-8.0,0.0,0.0,33.0
94.3539,2,fwd,95.0,11.9,5.438,5.169,16.0,0.0,0.0,31.0,-100.0,-100.0,-8.0,0.0,0.0,32.0,-100.0,-100.0,0.0,0.0,-0.0,31.0,-36.667,95.0,-168.0,42.0,4.216,35.0,-90.381,-90.311,-8.0,0.0,-0.0,31.0,31.707,31.22,0.0,0.0,0.595,31.0,40.619,40.825,-8.0,0.0,0.0,33.0
94.4069,2,fwd,95.0,11.9,5.438,5.169,16.0,0.0,0.0,31.0,-100.0,-100.0,-8.0,0.0,0.0,32.0,-100.0,-100.0,0.0,0.0,-0.0,31.0,-36.533,95.0,-168.0,42.0,3.578,35.0,-90.381,-90.311,-8.0,0.0,-0.0,31.0,31.22,31.22,0.0,0.0,-3.552,31.0,40.619,40.825,-8.0,0.0,0.0,33.0
94.46,2,fwd,95.0,11.9,5.438,5.169,16.0,0.0,0.0,31.0,-100.0,-100.0,-8.0,0.0,0.0,32.0,-100.0,-100.0,0.0,0.0,-0.0,31.0,-36.267,95.0,-168.0,42.0,4.707,35.0,-90.381,-90.311,-8.0,0.0,-0.0,31.0,31.22,31.22,0.0,0.0,-1.74,31.0,40.619,40.825,-8.0,0.0,0.0,33.0
94.5132,2,fwd,95.0,11.9,5.438,5.169,16.0,0.0,0.0,31.0,-100.0,-100.0,-8.0,0.0,0.0,32.0,-100.0,-100.0,0.0,0.0,-0.0,31.0,-35.867,95.0,-168.0,42.0,5.922,35.0,-90.381,-90.311,-8.0,0.0,-0.0,31.0,31.22,31.22,0.0,0.0,-0.853,31.0,40.619,40.825,-8.0,0.0,0.0,33.0
94.5656,2,fwd,95.0,11.9,5.438,5.169,16.0,0.0,0.0,31.0,-100.0,-100.0,-8.0,0.0,0.0,32.0,-100.0,-100.0,0.0,0.0,-0.0,31.0,-35.733,95.0,-168.0,42.0,4.415,35.0,-90.381,-90.311,-8.0,0.0,-0.0,31.0,31.22,31.22,0.0,0.0,-0.418,31.0,40.619,40.825,-8.0,0.0,0.0,33.0
94.6176,2,fwd,95.0,11.9,5.438,5.169,16.0,0.0,0.0,31.0,-100.0,-100.0,-8.0,0.0,0.0,32.0,-100.0,-100.0,0.0,0.0,-0.0,31.0,-35.333,95.0,-168.0,42.0,7.614,35.0,-90.381,-90.311,-8.0,0.0,-0.0,31.0,31.22,31.22,0.0,0.0,-0.292,31.0,40.619,40.825,-8.0,0.0,0.0,33.0
94.6714,2,fwd,95.0,11.9,5.438,5.169,16.0,0.0,0.0,31.0,-100.0,-100.0,-8.0,0.0,0.0,32.0,-100.0,-100.0,0.0,0.0,-0.0,31.0,-35.067,95.0,-168.0,42.0,5.609,35.0,-90.381,-90.311,-8.0,0.0,-0.0,31.0,31.22,31.22,0.0,0.0,-0.143,31.0,40.619,40.825,-8.0,0.0,0.0,33.0
94.7242,2,fwd,95.0,11.9,5.438,5.169,16.0,0.0,0.0,31.0,-100.0,-100.0,-8.0,0.0,0.0,32.0,-100.0,-100.0,0.0,0.0,-0.0,31.0,-34.933,95.0,-168.0,42.0,4.217,35.0,-90.381,-90.311,-8.0,0.0,-0.0,31.0,31.22,31.22,0.0,0.0,-0.07,31.0,40.619,40.825,-8.0,0.0,0.0,33.0
94.7782,2,fwd,95.0,11.9,5.438,5.169,16.0,0.0,0.0,31.0,-100.0,-100.0,-8.0,0.0,0.0,32.0,-100.0,-100.0,0.0,0.0,-0.0,31.0,-34.533,95.0,-168.0,42.0,5.499,35.0,-90.381,-90.311,-8.0,0.0,-0.0,31.0,31.22,31.22,0.0,0.0,-0.034,31.0,40.619,40.825,-8.0,0.0,0.0,33.0
94.8315,2,fwd,95.0,12.1,5.438,5.169,16.0,0.0,0.0,31.0,-100.0,-100.0,-8.0,0.0,0.0,32.0,-100.0,-100.0,0.0,0.0,-0.0,31.0,-34.267,95.0,-168.0,58.0,5.185,35.0,-90.381,-90.311,-8.0,0.0,-0.0,31.0,31.707,31.22,0.0,0.0,2.419,31.0,40.619,40.825,-8.0,0.0,0.0,33.0
94.8837,2,fwd,95.0,12.1,5.438,5.169,16.0,0.0,0.0,31.0,-100.0,-100.0,-8.0,0.0,0.0,32.0,-100.0,-100.0,0.0,0.0,-0.0,31.0,-34.133,95.0,-168.0,58.0,4.047,35.0,-90.381,-90.311,-8.0,0.0,-0.0,31.0,31.707,31.22,0.0,0.0,1.186,31.0,40.619,40.825,-8.0,0.0,0.0,33.0
94.937,2,fwd,95.0,12.1,5.438,5.169,16.0,0.0,0.0,31.0,-100.0,-100.0,-8.0,0.0,0.0,32.0,-100.0,-100.0,0.0,0.0,-0.0,31.0,-33.733,95.0,-168.0,58.0,5.571,35.0,-90.381,-90.311,-8.0,0.0,-0.0,31.0,31.707,31.22,0.0,0.0,0.581,31.0,40.619,40.825,-8.0,0.0,0.0,33.0
94.9897,2,fwd,95.0,12.1,5.438,5.169,16.0,0.0,0.0,31.0,-100.0,-100.0,-8.0,0.0,0.0,32.0,-100.0,-100.0,0.0,0.0,-0.0,31.0,-33.6,95.0,-168.0,58.0,3.774,35.0,-90.381,-90.311,-8.0,0.0,-0.0,31.0,31.707,31.22,0.0,0.0,0.285,31.0,40.619,40.825,-8.0,0.0,0.0,33.0
95.0434,2,fwd,95.0,12.1,5.438,5.169,16.0,0.0,0.0,31.0,-100.0,-100.0,-8.0,0.0,0.0,32.0,-100.0,-100.0,0.0,0.0,-0.0,31.0,-33.467,95.0,-168.0,58.0,3.344,35.0,-90.381,-90.311,-8.0,0.0,-0.0,31.0,31.707,31.22,0.0,0.0,0.139,31.0,40.619,40.825,-8.0,0.0,0.0,33.0
95.0969,2,fwd,95.0,12.1,5.438,5.169,16.0,0.0,0.0,31.0,-100.0,-100.0,-8.0,0.0,0.0,32.0,-100.0,-100.0,0.0,0.0,-0.0,31.0,-33.333,95.0,-168.0,58.0,2.689,35.0,-90.381,-90.311,-8.0,0.0,-0.0,31.0,31.707,31.22,0.0,0.0,0.068,31.0,40.619,40.825,-8.0,0.0,0.0,33.0
95.1514,2,fwd,95.0,12.1,5.438,5.169,16.0,0.0,0.0,31.0,-100.0,-100.0,-8.0,0.0,0.0,32.0,-100.0,-100.0,0.0,0.0,-0.0,31.0,-32.8,95.0,-168.0,58.0,6.345,35.0,-90.381,-90.311,-8.0,0.0,-0.0,31.0,31.22,31.22,0.0,0.0,-3.722,31.0,40.619,40.825,-8.0,0.0,0.0,33.0
95.2041,2,fwd,95.0,12.1,5.528,5.169,16.0,0.0,0.702,31.0,-100.0,-100.0,-8.0,0.0,0.0,32.0,-100.0,-100.0,0.0,0.0,-0.0,31.0,-32.667,95.0,-168.0,58.0,4.57,35.0,-90.381,-90.311,-8.0,0.0,-0.0,31.0,31.22,31.22,0.0,0.0,-1.824,31.0,40.619,40.825,-8.0,0.0,0.0,33.0
95.2566,2,fwd,95.0,12.1,5.528,5.169,16.0,0.0,0.344,31.0,-100.0,-100.0,-8.0,0.0,0.0,32.0,-100.0,-100.0,0.0,0.0,-0.0,31.0,-32.267,95.0,-168.0,58.0,5.829,35.0,-90.381,-90.311,-8.0,0.0,-0.0,31.0,31.22,31.22,0.0,0.0,-0.894,31.0,40.619,40.825,-8.0,0.0,0.0,33.0
95.3104,2,fwd,95.0,12.1,5.528,5.169,16.0,0.0,0.169,31.0,-100.0,-100.0,-8.0,0.0,0.0,32.0,-100.0,-100.0,0.0,0.0,-0.0,31.0,-32.0,95.0,-168.0,58.0,4.919,35.0,-90.381,-90.311,-8.0,0.0,-0.0,31.0,31.22,31.22,0.0,0.0,-0.438,31.0,40.619,40.825,-8.0,0.0,0.0,33.0
95.3639,2,fwd,95.0,12.1,5.528,5.169,24.0,0.0,0.118,31.0,-100.0,-100.0,-8.0,0.0,0.0,32.0,-100.0,-100.0,0.0,0.0,-0.0,31.0,-31.867,95.0,-172.0,49.0,4.939,35.0,-90.381,-90.311,-8.0,0.0,-0.0,31.0,31.22,31.22,0.0,0.0,-0.307,31.0,40.619,40.825,-8.0,0.0,0.0,33.0
95.4172,2,fwd,95.0,12.1,5.528,5.169,24.0,0.0,0.058,31.0,-100.0,-100.0,-8.0,0.0,0.0,32.0,-100.0,-100.0,0.0,0.0,-0.0,31.0,-31.333,95.0,-172.0,49.0,4.379,35.0,-90.381,-90.311,-8.0,0.0,-0.0,31.0,31.22,31.22,0.0,0.0,-0.15,31.0,40.619,40.825,-8.0,0.0,0.0,33.0
95.4704,2,fwd,95.0,12.1,5.528,5.169,24.0,0.0,0.028,31.0,-100.0,-100.0,-8.0,0.0,0.0,32.0,-100.0,-100.0,0.0,0.0,-0.0,31.0,-31.2,95.0,-172.0,49.0,3.187,35.0,-90.381,-90.311,-8.0,0.0,-0.0,31.0,31.22,31.22,0.0,0.0,-0.074,31.0,40.619,40.825,-8.0,0.0,0.0,33.0
95.5238,2,fwd,95.0,12.1,5.528,5.169,24.0,0.0,0.014,31.0,-100.0,-100.0,-8.0,0.0,0.0,32.0,-100.0,-100.0,0.0,0.0,-0.0,31.0,-30.8,95.0,-172.0,49.0,5.146,35.0,-90.381,-90.311,-8.0,0.0,-0.0,31.0,31.707,31.22,0.0,0.0,3.811,31.0,40.619,40.825,-8.0,0.0,0.0,33.0
95.577,2,fwd,95.0,12.1,5.528,5.169,24.0,0.0,0.007,31.0,-100.0,-100.0,-8.0,0.0,0.0,32.0,-100.0,-100.0,0.0,0.0,-0.0,31.0,-30.667,95.0,-172.0,49.0,3.572,35.0,-90.381,-90.311,-8.0,0.0,-0.0,31.0,31.707,31.22,0.0,0.0,1.868,31.0,40.619,40.825,-8.0,0.0,0.0,33.0
95.6297,2,fwd,95.0,12.1,5.528,5.169,24.0,0.0,0.003,31.0,-100.0,-100.0,-8.0,0.0,0.0,32.0,-100.0,-100.0,0.0,0.0,-0.0,31.0,-30.4,95.0,-172.0,49.0,4.277,35.0,-90.381,-90.311,-8.0,0.0,-0.0,31.0,31.707,31.22,0.0,0.0,0.915,31.0,40.619,40.825,-8.0,0.0,0.0,33.0
95.6832,2,fwd,95.0,12.1,5.528,5.169,24.0,0.0,0.002,31.0,-100.0,-100.0,-8.0,0.0,0.0,32.0,-100.0,-100.0,0.0,0.0,-0.0,31.0,-30.267,95.0,-172.0,49.0,3.588,35.0,-90.381,-90.311,-8.0,0.0,-0.0,31.0,31.707,31.22,0.0,0.0,0.448,31.0,40.619,40.825,-8.0,0.0,0.0,33.0
95.7366,2,fwd,95.0,12.1,5.528,5.169,24.0,0.0,0.001,31.0,-100.0,-100.0,-8.0,0.0,0.0,32.0,-100.0,-100.0,0.0,0.0,-0.0,31.0,-29.867,95.0,-172.0,49.0,5.346,35.0,-90.381,-90.311,-8.0,0.0,-0.0,31.0,31.707,31.22,0.0,0.0,0.22,31.0,40.619,40.825,-8.0,0.0,0.0,33.0
95.7886,2,fwd,95.0,12.1,5.528,5.169,24.0,0.0,0.001,31.0,-100.0,-100.0,-8.0,0.0,0.0,32.0,-100.0,-100.0,0.0,0.0,-0.0,31.0,-29.867,95.0,-172.0,49.0,3.742,35.0,-90.381,-90.311,-8.0,0.0,-0.0,31.0,31.707,31.22,0.0,0.0,0.154,31.0,40.619,40.825,-8.0,0.0,0.0,33.0
95.842,2,fwd,95.0,12.1,5.528,5.169,24.0,0.0,0.0,31.0,-100.0,-100.0,-8.0,0.0,0.0,32.0,-100.0,-100.0,0.0,0.0,-0.0,31.0,-29.6,95.0,-172.0,49.0,4.278,35.0,-90.381,-90.311,-8.0,0.0,-0.0,31.0,31.22,31.22,0.0,0.0,-3.376,31.0,40.619,40.825,-8.0,0.0,0.0,33.0
95.8953,2,fwd,95.0,12.1,5.528,5.169,24.0,0.0,0.0,31.0,-100.0,-100.0,-8.0,0.0,0.0,32.0,-100.0,-100.0,0.0,0.0,-0.0,31.0,-29.333,95.0,-172.0,49.0,4.587,35.0,-90.381,-90.311,-8.0,0.0,-0.0,31.0,31.22,31.22,0.0,0.0,-1.654,31.0,40.619,40.825,-8.0,0.0,0.0,33.0
95.9488,2,fwd,95.0,12.1,5.528,5.169,24.0,0.0,0.0,31.0,-100.0,-100.0,-8.0,0.0,0.0,32.0,-100.0,-100.0,0.0,0.0,-0.0,31.0,-29.067,95.0,-184.0,48.0,6.187,35.0,-90.381,-90.311,-8.0,0.0,-0.0,31.0,31.22,31.22,0.0,0.0,-1.158,31.0,40.619,40.825,-8.0,0.0,0.0,33.0
96.0018,2,fwd,95.0,12.1,5.528,5.169,24.0,0.0,0.0,31.0,-100.0,-100.0,-8.0,0.0,0.0,32.0,-100.0,-100.0,0.0,0.0,-0.0,31.0,-28.933,95.0,-184.0,48.0,3.52,35.0,-90.381,-90.311,-8.0,0.0,-0.0,31.0,31.22,31.22,0.0,0.0,-0.567,31.0,40.619,40.825,-8.0,0.0,0.0,33.0
96.0552,2,fwd,95.0,12.1,5.528,5.169,24.0,0.0,0.0,31.0,-100.0,-100.0,-8.0,0.0,0.0,32.0,-100.0,-100.0,0.0,0.0,-0.0,31.0,-28.533,95.0,-184.0,48.0,5.756,35.0,-90.381,-90.311,-8.0,0.0,-0.0,31.0,31.707,31.22,0.0,0.0,3.526,31.0,40.619,40.825,-8.0,0.0,0.0,33.0
96.1081,2,fwd,95.0,12.1,5.528,5.169,24.0,0.0,0.0,31.0,-100.0,-100.0,-8.0,0.0,0.0,32.0,-100.0,-100.0,0.0,0.0,-0.0,31.0,-28.267,95.0,-184.0,48.0,4.923,35.0,-90.381,-90.311,-8.0,0.0,-0.0,31.0,31.707,31.22,0.0,0.0,1.728,31.0,40.619,40.825,-8.0,0.0,0.0,33.0
96.1624,2,fwd,95.0,12.1,5.528,5.169,24.0,0.0,0.0,31.0,-100.0,-100.0,-8.0,0.0,0.0,32.0,-100.0,-100.0,0.0,0.0,-0.0,31.0,-27.867,95.0,-184.0,48.0,6.437,35.0,-90.381,-90.311,-8.0,0.0,-0.0,31.0,31.707,31.22,0.0,0.0,0.847,31.0,40.619,40.825,-8.0,0.0,0.0,33.0
96.2156,2,fwd,95.0,12.1,5.528,5.169,24.0,0.0,0.0,31.0,-100.0,-100.0,-8.0,0.0,0.0,32.0,-100.0,-100.0,0.0,0.0,-0.0,31.0,-27.733,95.0,-184.0,48.0,4.201,35.0,-90.381,-90.311,-8.0,0.0,-0.0,31.0,31.707,31.22,0.0,0.0,0.415,31.0,40.619,40.825,-8.0,0.0,0.0,33.0
96.2679,2,fwd,95.0,12.1,5.528,5.169,24.0,0.0,0.0,31.0,-100.0,-100.0,-8.0,0.0,0.0,32.0,-100.0,-100.0,0.0,0.0,-0.0,31.0,-27.467,95.0,-184.0,48.0,5.041,35.0,-90.381,-90.311,-8.0,0.0,-0.0,31.0,31.707,31.22,0.0,0.0,0.203,31.0,40.619,40.825,-8.0,0.0,0.0,33.0
96.3215,2,fwd,95.0,12.1,5.528,5.169,24.0,0.0,0.0,31.0,-100.0,-100.0,-8.0,0.0,0.0,32.0,-100.0,-100.0,0.0,0.0,-0.0,31.0,-27.333,95.0,-184.0,48.0,3.527,35.0,-90.381,-90.311,-8.0,0.0,-0.0,31.0,31.707,31.22,0.0,0.0,0.1,31.0,40.619,40.825,-8.0,0.0,0.0,33.0
96.3749,2,fwd,95.0,12.1,5.528,5.169,24.0,0.0,0.0,31.0,-100.0,-100.0,-8.0,0.0,0.0,32.0,-100.0,-100.0,0.0,0.0,-0.0,31.0,-27.2,95.0,-184.0,48.0,2.78,35.0,-90.381,-90.311,-8.0,0.0,-0.0,31.0,31.22,31.22,0.0,0.0,-5.412,31.0,40.619,40.825,-8.0,0.0,0.0,33.0
96.4279,2,fwd,95.0,12.1,5.528,5.169,24.0,0.0,0.0,31.0,-100.0,-100.0,-8.0,0.0,0.0,32.0,-100.0,-100.0,0.0,0.0,-0.0,31.0,-26.8,95.0,-184.0,48.0,4.958,35.0,-90.381,-90.311,-8.0,0.0,-0.0,31.0,31.22,31.22,0.0,0.0,-2.652,31.0,40.619,40.825,-8.0,0.0,0.0,33.0
96.4809,2,fwd,95.0,12.1,5.528,5.169,24.0,0.0,0.0,31.0,-100.0,-100.0,-8.0,0.0,0.0,32.0,-100.0,-100.0,0.0,0.0,-0.0,31.0,-26.667,95.0,-184.0,48.0,3.918,35.0,-90.381,-90.311,-8.0,0.0,-0.0,31.0,31.22,31.22,0.0,0.0,-1.299,31.0,40.619,40.825,-8.0,0.0,0.0,33.0
96.5341,2,fwd,95.0,12.1,5.528,5.169,24.0,0.0,0.0,31.0,-100.0,-100.0,-8.0,0.0,0.0,32.0,-100.0,-100.0,0.0,0.0,-0.0,31.0,-26.267,95.0,-200.0,54.0,4.846,35.0,-90.381,-90.311,-8.0,0.0,-0.0,31.0,31.707,31.22,0.0,0.0,1.656,31.0,40.619,40.825,-8.0,0.0,0.0,33.0
96.587,2,fwd,95.0,12.1,5.528,5.169,24.0,0.0,0.0,31.0,-100.0,-100.0,-8.0,0.0,0.0,32.0,-100.0,-100.0,0.0,0.0,-0.0,31.0,-26.133,95.0,-200.0,54.0,3.863,35.0,-90.381,-90.311,-8.0,0.0,-0.0,31.0,31.707,31.22,0.0,0.0,0.812,31.0,40.619,40.825,-8.0,0.0,0.0,33.0
96.6402,2,fwd,95.0,12.1,5.528,5.169,24.0,0.0,0.0,31.0,-100.0,-100.0,-8.0,0.0,0.0,32.0,-100.0,-100.0,0.0,0.0,-0.0,31.0,-25.867,95.0,-200.0,54.0,4.456,35.0,-90.381,-90.311,-8.0,0.0,-0.0,31.0,31.707,31.22,0.0,0.0,0.398,31.0,40.619,40.825,-8.0,0.0,0.0,33.0
96.6923,2,fwd,95.0,12.1,5.528,5.169,24.0,0.0,0.0,31.0,-100.0,-100.0,-8.0,0.0,0.0,32.0,-100.0,-100.0,0.0,0.0,-0.0,31.0,-25.6,95.0,-200.0,54.0,5.107,35.0,-90.381,-90.311,-8.0,0.0,-0.0,31.0,31.707,31.22,0.0,0.0,0.195,31.0,40.619,40.825,-8.0,0.0,0.0,33.0
96.7461,2,fwd,95.0,12.1,5.528,5.169,24.0,0.0,0.0,31.0,-100.0,-100.0,-8.0,0.0,0.0,32.0,-100.0,-100.0,0.0,0.0,-0.0,31.0,-25.067,95.0,-200.0,54.0,7.08,35.0,-90.381,-90.311,-8.0,0.0,-0.0,31.0,31.707,31.22,0.0,0.0,0.095,31.0,40.619,40.825,-8.0,0.0,0.0,33.0
96.7988,2,fwd,95.0,12.1,5.528,5.169,24.0,0.0,0.0,31.0,-100.0,-100.0,-8.0,0.0,0.0,32.0,-100.0,-100.0,0.0,0.0,-0.0,31.0,-24.667,95.0,-200.0,54.0,7.501,35.0,-90.381,-90.311,-8.0,0.0,-0.0,31.0,31.707,31.22,0.0,0.0,0.047,31.0,40.619,40.825,-8.0,0.0,0.0,33.0
96.8524,2,fwd,95.0,12.1,5.528,5.169,24.0,0.0,0.0,31.0,-100.0,-100.0,-8.0,0.0,0.0,32.0,-100.0,-100.0,0.0,0.0,-0.0,31.0,-24.533,95.0,-200.0,54.0,4.718,35.0,-90.381,-90.311,-8.0,0.0,-0.0,31.0,31.707,31.22,0.0,0.0,0.023,31.0,40.619,40.825,-8.0,0.0,0.0,33.0
96.9058,2,fwd,95.0,12.1,5.528,5.169,24.0,0.0,0.0,31.0,-100.0,-100.0,-8.0,0.0,0.0,32.0,-100.0,-100.0,0.0,0.0,-0.0,31.0,-24.133,95.0,-200.0,54.0,6.364,35.0,-90.381,-90.311,-8.0,0.0,-0.0,31.0,31.707,31.22,0.0,0.0,0.011,31.0,40.619,40.825,-8.0,0.0,0.0,33.0
96.9577,2,fwd,95.0,12.1,5.528,5.169,24.0,0.0,0.0,31.0,-100.0,-100.0,-8.0,0.0,0.0,32.0,-100.0,-100.0,0.0,0.0,-0.0,31.0,-24.0,95.0,-200.0,54.0,4.17,35.0,-90.381,-90.311,-8.0,0.0,-0.0,31.0,31.707,31.22,0.0,0.0,0.006,31.0,40.619,40.825,-8.0,0.0,0.0,33.0
97.0109,2,fwd,95.0,12.1,5.528,5.169,24.0,0.0,0.0,31.0,-100.0,-100.0,-8.0,0.0,0.0,32.0,-100.0,-100.0,0.0,0.0,-0.0,31.0,-23.867,95.0,-200.0,54.0,3.516,35.0,-90.381,-90.311,-8.0,0.0,-0.0,31.0,31.707,31.22,0.0,0.0,0.003,31.0,40.619,40.825,-8.0,0.0,0.0,33.0
97.0645,2,fwd,95.0,12.1,5.528,5.169,24.0,0.0,0.0,31.0,-100.0,-100.0,-8.0,0.0,0.0,32.0,-100.0,-100.0,0.0,0.0,-0.0,31.0,-23.6,95.0,-200.0,54.0,5.439,35.0,-90.381,-90.311,-8.0,0.0,-0.0,31.0,31.707,31.22,0.0,0.0,0.002,31.0,40.619,40.825,-8.0,0.0,0.0,33.0
97.1187,2,fwd,95.0,12.1,5.528,5.169,24.0,0.0,0.0,31.0,-100.0,-100.0,-8.0,0.0,0.0,32.0,-100.0,-100.0,0.0,0.0,-0.0,31.0,-23.467,95.0,-200.0,66.0,4.466,35.0,-90.381,-90.311,-8.0,0.0,-0.0,31.0,31.707,31.22,8.0,0.0,0.001,31.0,40.619,40.825,-8.0,0.0,0.0,33.0
97.1728,2,fwd,95.0,12.1,5.528,5.169,24.0,0.0,0.0,31.0,-100.0,-100.0,-8.0,0.0,0.0,32.0,-100.0,-100.0,0.0,0.0,-0.0,31.0,-23.2,95.0,-200.0,66.0,4.642,35.0,-90.381,-90.311,-8.0,0.0,-0.0,31.0,31.707,31.22,8.0,0.0,0.001,31.0,40.619,40.825,-8.0,0.0,0.0,33.0
97.2263,2,fwd,95.0,12.1,5.528,5.169,24.0,0.0,0.0,31.0,-100.0,-100.0,-8.0,0.0,0.0,32.0,-100.0,-100.0,0.0,0.0,-0.0,31.0,-22.8,95.0,-200.0,66.0,5.7,35.0,-90.381,-90.311,-8.0,0.0,-0.0,31.0,31.707,31.22,8.0,0.0,0.0,31.0,40.619,40.825,-8.0,0.0,0.0,33.0
97.279,2,fwd,95.0,12.1,5.528,5.169,24.0,0.0,0.0,31.0,-100.0,-100.0,-8.0,0.0,0.0,32.0,-100.0,-100.0,0.0,0.0,-0.0,31.0,-22.533,95.0,-200.0,66.0,5.776,35.0,-90.381,-90.311,-8.0,0.0,-0.0,31.0,31.707,31.22,8.0,0.0,0.0,31.0,40.619,40.825,-8.0,0.0,0.0,33.0
97.3323,2,fwd,95.0,12.1,5.528,5.169,24.0,0.0,0.0,31.0,-100.0,-100.0,-8.0,0.0,0.0,32.0,-100.0,-100.0,0.0,0.0,-0.0,31.0,-22.133,95.0,-200.0,66.0,5.994,35.0,-90.381,-90.311,-8.0,0.0,-0.0,31.0,31.707,31.22,8.0,0.0,0.0,31.0,40.619,40.825,-8.0,0.0,0.0,33.0
97.385,2,fwd,95.0,12.1,5.528,5.169,24.0,0.0,0.0,31.0,-100.0,-100.0,-8.0,0.0,0.0,32.0,-100.0,-100.0,0.0,0.0,-0.0,31.0,-22.0,95.0,-200.0,66.0,4.402,35.0,-90.381,-90.311,-8.0,0.0,-0.0,31.0,31.707,31.22,8.0,0.0,0.0,31.0,40.619,40.825,-8.0,0.0,0.0,33.0
97.4385,2,fwd,95.0,12.1,5.528,5.169,24.0,0.0,0.0,31.0,-100.0,-100.0,-8.0,0.0,0.0,32.0,-100.0,-100.0,0.0,0.0,-0.0,31.0,-21.467,95.0,-200.0,66.0,6.834,35.0,-90.381,-90.311,-8.0,0.0,-0.0,31.0,31.22,31.22,8.0,0.0,-5.508,31.0,40.619,40.825,-8.0,0.0,0.0,33.0
97.4914,2,fwd,95.0,12.1,5.528,5.169,24.0,0.0,0.0,31.0,-100.0,-100.0,-8.0,0.0,0.0,32.0,-100.0,-100.0,0.0,0.0,-0.0,31.0,-21.467,95.0,-200.0,66.0,3.349,35.0,-90.381,-90.311,-8.0,0.0,-0.0,31.0,31.22,31.22,8.0,0.0,-2.699,31.0,40.619,40.825,-8.0,0.0,0.0,33.0
97.545,2,fwd,95.0,12.1,5.528,5.169,24.0,0.0,0.0,31.0,-100.0,-100.0,-8.0,0.0,0.0,32.0,-100.0,-100.0,0.0,0.0,-0.0,31.0,-21.333,95.0,-200.0,66.0,2.698,35.0,-90.381,-90.311,-8.0,0.0,-0.0,31.0,31.22,31.22,8.0,0.0,-1.322,31.0,40.619,40.825,-8.0,0.0,0.0,33.0
97.5988,2,fwd,95.0,12.1,5.528,5.169,24.0,0.0,0.0,31.0,-100.0,-100.0,-8.0,0.0,0.0,32.0,-100.0,-100.0,0.0,0.0,-0.0,31.0,-20.933,95.0,-200.0,66.0,5.354,35.0,-90.381,-90.311,-8.0,0.0,-0.0,31.0,31.707,31.22,8.0,0.0,4.837,31.0,40.619,40.825,-8.0,0.0,0.0,33.0
97.6523,2,fwd,95.0,11.9,5.528,5.169,24.0,0.0,0.0,31.0,-100.0,-100.0,-8.0,0.0,0.0,31.0,-100.0,-100.0,0.0,0.0,-0.0,31.0,-20.933,95.0,-208.0,70.0,3.748,35.0,-90.381,-90.311,-8.0,0.0,-0.0,31.0,31.707,31.22,8.0,0.0,3.386,31.0,40.619,40.825,-8.0,0.0,0.0,33.0
97.7054,2,fwd,95.0,11.9,5.528,5.169,24.0,0.0,0.0,31.0,-100.0,-100.0,-8.0,0.0,0.0,31.0,-100.0,-100.0,0.0,0.0,-0.0,31.0,-20.667,95.0,-208.0,70.0,2.815,35.0,-90.381,-90.311,-8.0,0.0,-0.0,31.0,31.707,31.22,8.0,0.0,1.659,31.0,40.619,40.825,-8.0,0.0,0.0,33.0
97.758,2,fwd,95.0,11.9,5.528,5.169,24.0,0.0,0.0,31.0,-100.0,-100.0,-8.0,0.0,0.0,31.0,-100.0,-100.0,0.0,0.0,-0.0,31.0,-20.267,95.0,-208.0,70.0,5.864,35.0,-90.381,-90.311,-8.0,0.0,-0.0,31.0,31.707,31.22,8.0,0.0,0.813,31.0,40.619,40.825,-8.0,0.0,0.0,33.0
97.8116,2,fwd,95.0,11.9,5.528,5.169,24.0,0.0,0.0,31.0,-100.0,-100.0,-8.0,0.0,0.0,31.0,-100.0,-100.0,0.0,0.0,-0.0,31.0,-20.0,95.0,-208.0,70.0,4.966,35.0,-90.381,-90.311,-8.0,0.0,-0.0,31.0,31.707,31.22,8.0,0.0,0.398,31.0,40.619,40.825,-8.0,0.0,0.0,33.0
97.8649,2,fwd,95.0,11.9,5.528,5.169,24.0,0.0,0.0,31.0,-100.0,-100.0,-8.0,0.0,0.0,31.0,-100.0,-100.0,0.0,0.0,-0.0,31.0,-19.867,95.0,-208.0,70.0,3.483,35.0,-90.381,-90.311,-8.0,0.0,-0.0,31.0,31.707,31.22,8.0,0.0,0.195,31.0,40.619,40.825,-8.0,0.0,0.0,33.0
97.9185,2,fwd,95.0,11.9,5.528,5.169,24.0,0.0,0.0,31.0,-100.0,-100.0,-8.0,0.0,0.0,31.0,-100.0,-100.0,0.0,0.0,-0.0,31.0,-19.6,95.0,-208.0,70.0,4.705,35.0,-90.381,-90.311,-8.0,0.0,-0.0,31.0,31.707,31.22,8.0,0.0,0.096,31.0,40.619,40.825,-8.0,0.0,0.0,33.0
97.9719,2,fwd,95.0,11.9,5.528,5.169,24.0,0.0,0.0,31.0,-100.0,-100.0,-8.0,0.0,0.0,31.0,-100.0,-100.0,0.0,0.0,-0.0,31.0,-19.067,95.0,-208.0,70.0,6.955,35.0,-90.381,-90.311,-8.0,0.0,-0.0,31.0,31.707,31.22,8.0,0.0,0.047,31.0,40.619,40.825,-8.0,0.0,0.0,33.0
98.0252,2,fwd,95.0,11.9,5.528,5.169,24.0,0.0,0.0,31.0,-100.0,-100.0,-8.0,0.0,0.0,31.0,-100.0,-100.0,0.0,0.0,-0.0,31.0,-18.933,95.0,-208.0,70.0,4.913,35.0,-90.381,-90.311,-8.0,0.0,-0.0,31.0,31.707,31.22,8.0,0.0,0.023,31.0,40.619,40.825,-8.0,0.0,0.0,33.0
98.0785,2,fwd,95.0,11.9,5.528,5.169,24.0,0.0,0.0,31.0,-100.0,-100.0,-8.0,0.0,0.0,31.0,-100.0,-100.0,0.0,0.0,-0.0,31.0,-18.4,95.0,-208.0,70.0,7.056,35.0,-90.381,-90.311,-8.0,0.0,-0.0,31.0,31.707,31.22,8.0,0.0,0.011,31.0,40.619,40.825,-8.0,0.0,0.0,33.0
98.1319,2,fwd,95.0,11.9,5.528,5.169,24.0,0.0,0.0,31.0,-100.0,-100.0,-8.0,0.0,0.0,31.0,-100.0,-100.0,0.0,0.0,-0.0,31.0,-18.267,95.0,-208.0,70.0,4.954,35.0,-90.381,-90.311,-8.0,0.0,-0.0,31.0,31.707,31.22,8.0,0.0,0.006,31.0,40.619,40.825,-8.0,0.0,0.0,33.0
98.1862,2,fwd,95.0,11.9,5.528,5.169,24.0,0.0,0.0,31.0,-100.0,-100.0,-8.0,0.0,0.0,31.0,-100.0,-100.0,0.0,0.0,-0.0,31.0,-18.133,95.0,-208.0,70.0,3.908,35.0,-90.381,-90.311,-8.0,0.0,-0.0,31.0,31.707,31.22,8.0,0.0,0.003,31.0,40.619,40.825,-8.0,0.0,0.0,33.0
98.2385,2,fwd,95.0,11.9,5.528,5.169,24.0,0.0,0.0,31.0,-100.0,-100.0,-8.0,0.0,0.0,32.0,-100.0,-100.0,0.0,0.0,-0.0,31.0,-18.0,95.0,-200.0,68.0,3.398,35.0,-90.381,-90.311,-8.0,0.0,-0.0,31.0,31.707,31.22,8.0,0.0,0.002,31.0,40.619,40.825,-8.0,0.0,0.0,33.0
98.2907,2,fwd,95.0,11.9,5.528,5.169,24.0,0.0,0.0,31.0,-100.0,-100.0,-8.0,0.0,0.0,32.0,-100.0,-100.0,0.0,0.0,-0.0,31.0,-18.0,95.0,-200.0,68.0,2.379,35.0,-90.381,-90.311,-8.0,0.0,-0.0,31.0,31.707,31.22,8.0,0.0,0.001,31.0,40.619,40.825,-8.0,0.0,0.0,33.0
98.3444,2,fwd,95.0,11.9,5.528,5.169,24.0,0.0,0.0,31.0,-100.0,-100.0,-8.0,0.0,0.0,32.0,-100.0,-100.0,0.0,0.0,-0.0,31.0,-17.6,95.0,-200.0,68.0,5.64,35.0,-90.381,-90.311,-8.0,0.0,-0.0,31.0,31.707,31.22,8.0,0.0,0.001,31.0,40.619,40.825,-8.0,0.0,0.0,33.0
98.3968,2,fwd,95.0,11.9,5.528,5.169,24.0,0.0,0.0,31.0,-100.0,-100.0,-8.0,0.0,0.0,32.0,-100.0,-100.0,0.0,0.0,-0.0,31.0,-17.467,95.0,-200.0,68.0,3.721,35.0,-90.381,-90.311,-8.0,0.0,-0.0,31.0,31.707,31.22,8.0,0.0,0.0,31.0,40.619,40.825,-8.0,0.0,0.0,33.0
98.4501,2,fwd,95.0,11.9,5.528,5.169,24.0,0.0,0.0,31.0,-100.0,-100.0,-8.0,0.0,0.0,32.0,-100.0,-100.0,0.0,0.0,-0.0,31.0,-16.933,95.0,-200.0,68.0,6.222,35.0,-90.381,-90.311,-8.0,0.0,-0.0,31.0,31.707,31.22,8.0,0.0,0.0,31.0,40.619,40.825,-8.0,0.0,0.0,33.0
98.5035,2,fwd,95.0,11.9,5.528,5.169,24.0,0.0,0.0,31.0,-100.0,-100.0,-8.0,0.0,0.0,32.0,-100.0,-100.0,0.0,0.0,-0.0,31.0,-16.8,95.0,-200.0,68.0,4.101,35.0,-90.381,-90.311,-8.0,0.0,-0.0,31.0,31.707,31.22,8.0,0.0,0.0,31.0,40.619,40.825,-8.0,0.0,0.0,33.0
98.5569,2,fwd,95.0,11.9,5.528,5.169,24.0,0.0,0.0,31.0,-100.0,-100.0,-8.0,0.0,0.0,32.0,-100.0,-100.0,0.0,0.0,-0.0,31.0,-16.267,95.0,-200.0,68.0,7.13,35.0,-90.381,-90.311,-8.0,0.0,-0.0,31.0,31.707,31.22,8.0,0.0,0.0,31.0,40.619,40.825,-8.0,0.0,0.0,33.0
98.61,2,fwd,95.0,11.9,5.528,5.169,24.0,0.0,0.0,31.0,-100.0,-100.0,-8.0,0.0,0.0,32.0,-100.0,-100.0,0.0,0.0,-0.0,31.0,-16.133,95.0,-200.0,68.0,4.535,35.0,-90.381,-90.311,-8.0,0.0,-0.0,31.0,31.707,31.22,8.0,0.0,0.0,31.0,40.619,40.825,-8.0,0.0,0.0,33.0
98.6634,2,fwd,95.0,11.9,5.528,5.169,24.0,0.0,0.0,31.0,-100.0,-100.0,-8.0,0.0,0.0,32.0,-100.0,-100.0,0.0,0.0,-0.0,31.0,-15.867,95.0,-200.0,68.0,5.225,35.0,-90.381,-90.311,-8.0,0.0,-0.0,31.0,31.707,31.22,8.0,0.0,0.0,31.0,40.619,40.825,-8.0,0.0,0.0,33.0
98.7159,2,fwd,95.0,11.9,5.528,5.169,24.0,0.0,0.0,31.0,-100.0,-100.0,-8.0,0.0,0.0,32.0,-100.0,-100.0,0.0,0.0,-0.0,31.0,-15.467,95.0,-200.0,68.0,6.181,35.0,-90.381,-90.311,-8.0,0.0,-0.0,31.0,31.707,31.22,8.0,0.0,0.0,31.0,40.619,40.825,-8.0,0.0,0.0,33.0
98.7706,2,fwd,95.0,11.9,5.528,5.169,24.0,0.0,0.0,31.0,-100.0,-100.0,-8.0,0.0,0.0,32.0,-100.0,-100.0,0.0,0.0,-0.0,31.0,-15.333,95.0,-200.0,68.0,4.535,35.0,-90.381,-90.311,-8.0,0.0,-0.0,31.0,31.707,31.22,8.0,0.0,0.0,31.0,40.619,40.825,-8.0,0.0,0.0,33.0
98.8238,2,fwd,95.0,11.9,5.528,5.169,24.0,0.0,0.0,31.0,-100.0,-100.0,-8.0,0.0,0.0,32.0,-100.0,-100.0,0.0,0.0,-0.0,31.0,-15.333,95.0,-216.0,65.0,3.174,36.0,-90.381,-90.311,-8.0,0.0,-0.0,31.0,31.707,31.22,8.0,0.0,0.0,31.0,40.619,40.825,-8.0,0.0,0.0,33.0
98.877,2,fwd,95.0,11.9,5.528,5.169,24.0,0.0,0.0,31.0,-100.0,-100.0,-8.0,0.0,0.0,32.0,-100.0,-100.0,0.0,0.0,-0.0,31.0,-15.067,95.0,-216.0,65.0,4.54,36.0,-90.381,-90.311,-8.0,0.0,-0.0,31.0,31.707,31.22,8.0,0.0,0.0,31.0,40.619,40.825,-8.0,0.0,0.0,33.0
98.9293,2,fwd,95.0,11.9,5.528,5.169,24.0,0.0,0.0,31.0,-100.0,-100.0,-8.0,0.0,0.0,32.0,-100.0,-100.0,0.0,0.0,-0.0,31.0,-14.667,95.0,-216.0,65.0,5.807,36.0,-90.381,-90.311,-8.0,0.0,-0.0,31.0,31.707,31.22,8.0,0.0,0.0,31.0,40.619,40.825,-8.0,0.0,0.0,33.0
98.9825,2,fwd,95.0,11.9,5.528,5.169,24.0,0.0,0.0,31.0,-100.0,-100.0,-8.0,0.0,0.0,32.0,-100.0,-100.0,0.0,0.0,-0.0,31.0,-14.533,95.0,-216.0,65.0,4.344,36.0,-90.381,-90.311,-8.0,0.0,-0.0,31.0,31.707,31.22,8.0,0.0,0.0,31.0,40.619,40.825,-8.0,0.0,0.0,33.0
99.0355,2,fwd,95.0,11.9,5.528,5.169,24.0,0.0,0.0,31.0,-100.0,-100.0,-8.0,0.0,0.0,32.0,-100.0,-100.0,0.0,0.0,-0.0,31.0,-14.133,95.0,-216.0,65.0,6.206,36.0,-90.381,-90.311,-8.0,0.0,-0.0,31.0,31.707,31.22,8.0,0.0,0.0,31.0,40.619,40.825,-8.0,0.0,0.0,33.0
99.0888,2,fwd,95.0,11.9,5.528,5.169,24.0,0.0,0.0,31.0,-100.0,-100.0,-8.0,0.0,0.0,32.0,-100.0,-100.0,0.0,0.0,-0.0,31.0,-13.867,95.0,-216.0,65.0,5.587,36.0,-90.381,-90.311,-8.0,0.0,-0.0,31.0,31.707,31.22,8.0,0.0,0.0,31.0,40.619,40.825,-8.0,0.0,0.0,33.0
99.1419,2,fwd,95.0,11.9,5.528,5.169,24.0,0.0,0.0,31.0,-100.0,-100.0,-8.0,0.0,0.0,32.0,-100.0,-100.0,0.0,0.0,-0.0,31.0,-13.733,95.0,-216.0,65.0,4.223,36.0,-90.381,-90.311,-8.0,0.0,-0.0,31.0,31.707,31.22,8.0,0.0,0.0,31.0,40.619,40.825,-8.0,0.0,0.0,33.0
99.1963,2,fwd,95.0,11.9,5.528,5.169,24.0,0.0,0.0,31.0,-100.0,-100.0,-8.0,0.0,0.0,32.0,-100.0,-100.0,0.0,0.0,-0.0,31.0,-13.6,95.0,-216.0,65.0,3.578,36.0,-90.381,-90.311,-8.0,0.0,-0.0,31.0,31.707,31.22,8.0,0.0,0.0,31.0,40.619,40.825,-8.0,0.0,0.0,33.0
99.2494,2,fwd,95.0,11.9,5.528,5.169,24.0,0.0,0.0,31.0,-100.0,-100.0,-8.0,0.0,0.0,32.0,-100.0,-100.0,0.0,0.0,-0.0,31.0,-13.067,95.0,-216.0,65.0,6.306,36.0,-90.381,-90.311,-8.0,0.0,-0.0,31.0,31.707,31.22,8.0,0.0,0.0,31.0,40.619,40.825,-8.0,0.0,0.0,33.0
99.3016,2,fwd,95.0,11.9,5.528,5.169,24.0,0.0,0.0,31.0,-100.0,-100.0,-8.0,0.0,0.0,32.0,-100.0,-100.0,0.0,0.0,-0.0,31.0,-12.8,95.0,-216.0,65.0,6.044,36.0,-90.381,-90.311,-8.0,0.0,-0.0,31.0,31.707,31.22,8.0,0.0,0.0,31.0,40.619,40.825,-8.0,0.0,0.0,33.0
99.3552,2,fwd,95.0,11.9,5.528,5.169,24.0,0.0,0.0,31.0,-100.0,-100.0,-8.0,0.0,0.0,31.0,-100.0,-100.0,0.0,0.0,-0.0,31.0,-12.533,95.0,-208.0,77.0,7.174,36.0,-90.381,-90.311,-8.0,0.0,-0.0,31.0,31.707,31.22,8.0,0.0,0.0,31.0,40.619,40.825,-8.0,0.0,0.0,33.0
99.4082,2,fwd,95.0,11.9,5.528,5.169,24.0,0.0,0.0,31.0,-100.0,-100.0,-8.0,0.0,0.0,31.0,-100.0,-100.0,0.0,0.0,-0.0,31.0,-12.267,95.0,-208.0,77.0,4.488,36.0,-90.381,-90.311,-8.0,0.0,-0.0,31.0,31.707,31.22,8.0,0.0,0.0,31.0,40.619,40.825,-8.0,0.0,0.0,33.0
99.4612,2,fwd,95.0,11.9,5.528,5.169,24.0,0.0,0.0,31.0,-100.0,-100.0,-8.0,0.0,0.0,31.0,-100.0,-100.0,0.0,0.0,-0.0,31.0,-12.0,95.0,-208.0,77.0,5.149,36.0,-90.381,-90.311,-8.0,0.0,-0.0,31.0,31.22,31.22,8.0,0.0,-3.835,31.0,40.619,40.825,-8.0,0.0,0.0,33.0
99.5143,2,fwd,95.0,11.9,5.528,5.169,24.0,0.0,0.0,31.0,-100.0,-100.0,-8.0,0.0,0.0,31.0,-100.0,-100.0,0.0,0.0,-0.0,31.0,-11.733,95.0,-208.0,77.0,4.609,36.0,-90.381,-90.311,-8.0,0.0,-0.0,31.0,31.707,31.22,8.0,0.0,3.51,31.0,40.619,40.825,-8.0,0.0,0.0,33.0
99.5675,2,fwd,95.0,11.9,5.528,5.169,24.0,0.0,0.0,31.0,-100.0,-100.0,-8.0,0.0,0.0,31.0,-100.0,-100.0,0.0,0.0,-0.0,31.0,-11.6,95.0,-208.0,77.0,4.726,36.0,-90.381,-90.311,-8.0,0.0,-0.0,31.0,31.707,31.22,8.0,0.0,2.457,31.0,40.619,40.825,-8.0,0.0,0.0,33.0
99.621,2,fwd,95.0,11.9,5.528,5.169,24.0,0.0,0.0,31.0,-100.0,-100.0,-8.0,0.0,0.0,31.0,-100.0,-100.0,0.0,0.0,-0.0,31.0,-11.467,95.0,-208.0,77.0,3.801,36.0,-90.381,-90.311,-8.0,0.0,-0.0,31.0,31.707,31.22,8.0,0.0,1.204,31.0,40.619,40.825,-8.0,0.0,0.0,33.0
99.6744,2,fwd,95.0,11.9,5.528,5.169,24.0,0.0,0.0,31.0,-100.0,-100.0,-8.0,0.0,0.0,31.0,-100.0,-100.0,0.0,0.0,-0.0,31.0,-10.8,95.0,-208.0,77.0,7.714,36.0,-90.381,-90.311,-8.0,0.0,-0.0,31.0,31.707,31.22,8.0,0.0,0.59,31.0,40.619,40.825,-8.0,0.0,0.0,33.0
99.7279,2,fwd,95.0,11.9,5.528,5.169,24.0,0.0,0.0,31.0,-100.0,-100.0,-8.0,0.0,0.0,31.0,-100.0,-100.0,0.0,0.0,-0.0,31.0,-10.8,95.0,-208.0,77.0,3.78,36.0,-90.381,-90.311,-8.0,0.0,-0.0,31.0,31.707,31.22,8.0,0.0,0.289,31.0,40.619,40.825,-8.0,0.0,0.0,33.0
99.7806,2,fwd,95.0,11.9,5.528,5.169,24.0,0.0,0.0,31.0,-100.0,-100.0,-8.0,0.0,0.0,31.0,-100.0,-100.0,0.0,0.0,-0.0,31.0,-10.667,95.0,-208.0,77.0,3.36,36.0,-90.381,-90.311,-8.0,0.0,-0.0,31.0,31.707,31.22,8.0,0.0,0.142,31.0,40.619,40.825,-8.0,0.0,0.0,33.0
99.8338,2,fwd,95.0,11.9,5.528,5.169,24.0,0.0,0.0,31.0,-100.0,-100.0,-8.0,0.0,0.0,31.0,-100.0,-100.0,0.0,0.0,-0.0,31.0,-10.667,95.0,-208.0,77.0,1.647,36.0,-90.381,-90.311,-8.0,0.0,-0.0,31.0,31.707,31.22,8.0,0.0,0.069,31.0,40.619,40.825,-8.0,0.0,0.0,33.0
99.8865,2,fwd,95.0,11.9,5.528,5.169,24.0,0.0,0.0,31.0,-100.0,-100.0,-8.0,0.0,0.0,31.0,-100.0,-100.0,0.0,0.0,-0.0,31.0,-10.133,95.0,-208.0,77.0,6.684,36.0,-90.381,-90.311,-8.0,0.0,-0.0,31.0,31.707,31.22,8.0,0.0,0.034,31.0,40.619,40.825,-8.0,0.0,0.0,33.0
99.9397,2,fwd,95.0,11.9,5.528,5.169,24.0,0.0,0.0,31.0,-100.0,-100.0,-8.0,0.0,0.0,32.0,-100.0,-100.0,0.0,0.0,-0.0,31.0,-9.733,95.0,-216.0,71.0,9.139,36.0,-90.381,-90.311,-8.0,0.0,-0.0,31.0,31.707,31.22,8.0,0.0,0.024,31.0,40.619,40.825,-8.0,0.0,0.0,33.0
99.9932,2,fwd,95.0,11.9,5.528,5.169,24.0,0.0,0.0,31.0,-100.0,-100.0,-8.0,0.0,0.0,32.0,-100.0,-100.0,0.0,0.0,-0.0,31.0,-9.333,95.0,-216.0,71.0,5.957,36.0,-90.381,-90.311,-8.0,0.0,-0.0,31.0,31.707,31.22,8.0,0.0,0.012,31.0,40.619,40.825,-8.0,0.0,0.0,33.0
100.0464,2,fwd,95.0,11.9,5.528,5.169,24.0,0.0,0.0,31.0,-100.0,-100.0,-8.0,0.0,0.0,32.0,-100.0,-100.0,0.0,0.0,-0.0,31.0,-9.067,95.0,-216.0,71.0,5.465,36.0,-90.381,-90.311,-8.0,0.0,-0.0,31.0,31.707,31.22,8.0,0.0,0.006,31.0,40.619,40.825,-8.0,0.0,0.0,33.0
100.0995,2,fwd,95.0,11.9,5.528,5.169,24.0,0.0,0.0,31.0,-100.0,-100.0,-8.0,0.0,0.0,32.0,-100.0,-100.0,0.0,0.0,-0.0,31.0,-8.667,95.0,-216.0,71.0,6.246,36.0,-90.381,-90.311,-8.0,0.0,-0.0,31.0,31.707,31.22,8.0,0.0,0.003,31.0,40.619,40.825,-8.0,0.0,0.0,33.0
100.1525,2,fwd,95.0,11.9,5.528,5.169,24.0,0.0,0.0,31.0,-100.0,-100.0,-8.0,0.0,0.0,32.0,-100.0,-100.0,0.0,0.0,-0.0,31.0,-8.667,95.0,-216.0,71.0,3.06,36.0,-90.381,-90.311,-8.0,0.0,-0.0,31.0,31.707,31.22,8.0,0.0,0.001,31.0,40.619,40.825,-8.0,0.0,0.0,33.0
100.2058,2,fwd,95.0,11.9,5.528,5.169,24.0,0.0,0.0,31.0,-100.0,-100.0,-8.0,0.0,0.0,32.0,-100.0,-100.0,0.0,0.0,-0.0,31.0,-8.533,95.0,-216.0,71.0,2.958,36.0,-90.381,-90.311,-8.0,0.0,-0.0,31.0,31.707,31.22,8.0,0.0,0.001,31.0,40.619,40.825,-8.0,0.0,0.0,33.0
100.2593,2,fwd,95.0,11.9,5.528,5.169,24.0,0.0,0.0,31.0,-100.0,-100.0,-8.0,0.0,0.0,32.0,-100.0,-100.0,0.0,0.0,-0.0,31.0,-8.267,95.0,-216.0,71.0,3.98,36.0,-90.381,-90.311,-8.0,0.0,-0.0,31.0,31.707,31.22,8.0,0.0,0.0,31.0,40.619,40.825,-8.0,0.0,0.0,33.0
100.3126,2,fwd,95.0,11.9,5.528,5.169,24.0,0.0,0.0,31.0,-100.0,-100.0,-8.0,0.0,0.0,32.0,-100.0,-100.0,0.0,0.0,-0.0,31.0,-7.867,95.0,-216.0,71.0,6.393,36.0,-90.381,-90.311,-8.0,0.0,-0.0,31.0,31.707,31.22,8.0,0.0,0.0,31.0,40.619,40.825,-8.0,0.0,0.0,33.0
100.3651,2,fwd,95.0,11.9,5.528,5.169,24.0,0.0,0.0,31.0,-100.0,-100.0,-8.0,0.0,0.0,32.0,-100.0,-100.0,0.0,0.0,-0.0,31.0,-7.6,95.0,-216.0,71.0,5.213,36.0,-90.381,-90.311,-8.0,0.0,-0.0,31.0,31.707,31.22,8.0,0.0,0.0,31.0,40.619,40.825,-8.0,0.0,0.0,33.0
100.4184,2,fwd,95.0,11.9,5.528,5.169,24.0,0.0,0.0,31.0,-100.0,-100.0,-8.0,0.0,0.0,32.0,-100.0,-100.0,0.0,0.0,-0.0,31.0,-7.6,95.0,-216.0,71.0,2.554,36.0,-90.381,-90.311,-8.0,0.0,-0.0,31.0,31.707,31.22,8.0,0.0,0.0,31.0,40.619,40.825,-8.0,0.0,0.0,33.0
100.4707,2,fwd,95.0,11.9,5.528,5.169,24.0,0.0,0.0,31.0,-100.0,-100.0,-8.0,0.0,0.0,32.0,-100.0,-100.0,0.0,0.0,-0.0,31.0,-7.467,95.0,-216.0,71.0,2.719,36.0,-90.381,-90.311,-8.0,0.0,-0.0,31.0,31.707,31.22,8.0,0.0,0.0,31.0,40.619,40.825,-8.0,0.0,0.0,33.0
100.5241,2,fwd,95.0,11.9,5.528,5.169,24.0,0.0,0.0,31.0,-100.0,-100.0,-8.0,0.0,0.0,32.0,-100.0,-100.0,0.0,0.0,-0.0,31.0,-7.467,95.0,-240.0,78.0,2.719,36.0,-90.381,-90.311,-8.0,0.0,-0.0,31.0,31.707,31.22,8.0,0.0,0.0,31.0,40.619,40.825,-8.0,0.0,0.0,33.0
100.5773,2,fwd,95.0,11.9,5.528,5.169,24.0,0.0,0.0,31.0,-100.0,-100.0,-8.0,0.0,0.0,32.0,-100.0,-100.0,0.0,0.0,-0.0,31.0,-6.8,95.0,-240.0,78.0,3.639,36.0,-90.381,-90.311,-8.0,0.0,-0.0,31.0,31.707,31.22,8.0,0.0,0.0,31.0,40.619,40.825,-8.0,0.0,0.0,33.0
100.6296,2,fwd,95.0,11.9,5.528,5.169,24.0,0.0,0.0,31.0,-100.0,-100.0,-8.0,0.0,0.0,32.0,-100.0,-100.0,0.0,0.0,-0.0,31.0,-6.267,95.0,-240.0,78.0,7.812,36.0,-90.381,-90.311,-8.0,0.0,-0.0,31.0,31.707,31.22,8.0,0.0,0.0,31.0,40.619,40.825,-8.0,0.0,0.0,33.0
100.683,2,fwd,95.0,11.9,5.528,5.169,24.0,0.0,0.0,31.0,-100.0,-100.0,-8.0,0.0,0.0,32.0,-100.0,-100.0,0.0,0.0,-0.0,31.0,-5.867,95.0,-240.0,78.0,6.716,36.0,-90.381,-90.311,-8.0,0.0,-0.0,31.0,31.707,31.22,8.0,0.0,0.0,31.0,40.619,40.825,-8.0,0.0,0.0,33.0
100.7359,2,fwd,95.0,11.9,5.528,5.169,24.0,0.0,0.0,31.0,-100.0,-100.0,-8.0,0.0,0.0,32.0,-100.0,-100.0,0.0,0.0,-0.0,31.0,-5.6,95.0,-240.0,78.0,6.248,36.0,-90.381,-90.311,-8.0,0.0,-0.0,31.0,31.707,31.22,8.0,0.0,0.0,31.0,40.619,40.825,-8.0,0.0,0.0,33.0
100.7886,2,fwd,95.0,11.9,5.528,5.169,24.0,0.0,0.0,31.0,-100.0,-100.0,-8.0,0.0,0.0,32.0,-100.0,-100.0,0.0,0.0,-0.0,31.0,-5.467,95.0,-240.0,78.0,4.101,36.0,-90.381,-90.311,-8.0,0.0,-0.0,31.0,31.707,31.22,8.0,0.0,0.0,31.0,40.619,40.825,-8.0,0.0,0.0,33.0
100.8414,2,fwd,95.0,11.9,5.528,5.169,24.0,0.0,0.0,31.0,-100.0,-100.0,-8.0,0.0,0.0,32.0,-100.0,-100.0,0.0,0.0,-0.0,31.0,-5.333,95.0,-240.0,78.0,3.063,36.0,-90.381,-90.311,-8.0,0.0,-0.0,31.0,31.707,31.22,8.0,0.0,0.0,31.0,40.619,40.825,-8.0,0.0,0.0,33.0
100.8953,2,fwd,95.0,11.9,5.528,5.169,24.0,0.0,0.0,31.0,-100.0,-100.0,-8.0,0.0,0.0,32.0,-100.0,-100.0,0.0,0.0,-0.0,31.0,-5.067,95.0,-240.0,78.0,4.048,36.0,-90.381,-90.311,-8.0,0.0,-0.0,31.0,31.707,31.22,8.0,0.0,0.0,31.0,40.619,40.825,-8.0,0.0,0.0,33.0
100.948,2,fwd,95.0,11.9,5.528,5.169,24.0,0.0,0.0,31.0,-100.0,-100.0,-8.0,0.0,0.0,32.0,-100.0,-100.0,0.0,0.0,-0.0,31.0,-4.8,95.0,-240.0,78.0,4.069,36.0,-90.381,-90.311,-8.0,0.0,-0.0,31.0,31.707,31.22,8.0,0.0,0.0,31.0,40.619,40.825,-8.0,0.0,0.0,33.0
101.0011,2,fwd,95.0,11.9,5.528,5.169,24.0,0.0,0.0,31.0,-100.0,-100.0,-8.0,0.0,0.0,32.0,-100.0,-100.0,0.0,0.0,-0.0,31.0,-4.533,95.0,-240.0,78.0,4.537,36.0,-90.381,-90.311,-8.0,0.0,-0.0,31.0,31.707,31.22,8.0,0.0,0.0,31.0,40.619,40.825,-8.0,0.0,0.0,33.0
101.0543,2,fwd,95.0,11.9,5.528,5.169,24.0,0.0,0.0,31.0,-100.0,-100.0,-8.0,0.0,0.0,32.0,-100.0,-100.0,0.0,0.0,-0.0,31.0,-4.533,95.0,-240.0,78.0,2.223,36.0,-90.381,-90.311,-8.0,0.0,-0.0,31.0,31.707,31.22,8.0,0.0,0.0,31.0,40.619,40.825,-8.0,0.0,0.0,33.0
101.1064,2,fwd,95.0,11.9,5.528,5.169,24.0,0.0,0.0,31.0,-100.0,-100.0,-8.0,0.0,0.0,32.0,-100.0,-100.0,0.0,0.0,-0.0,31.0,-3.867,95.0,-244.0,91.0,4.991,36.0,-90.381,-90.311,-8.0,0.0,-0.0,31.0,31.707,31.22,8.0,0.0,0.0,31.0,40.619,40.825,-8.0,0.0,0.0,33.0
101.1595,2,fwd,95.0,11.9,5.528,5.169,24.0,0.0,0.0,31.0,-100.0,-100.0,-8.0,0.0,0.0,32.0,-100.0,-100.0,0.0,0.0,-0.0,31.0,-3.867,95.0,-244.0,91.0,2.446,36.0,-90.381,-90.311,-8.0,0.0,-0.0,31.0,31.707,31.22,8.0,0.0,0.0,31.0,40.619,40.825,-8.0,0.0,0.0,33.0
101.2135,2,fwd,95.0,11.9,5.528,5.169,24.0,0.0,0.0,31.0,-100.0,-100.0,-8.0,0.0,0.0,32.0,-100.0,-100.0,0.0,0.0,-0.0,31.0,-3.467,95.0,-244.0,91.0,5.29,36.0,-90.381,-90.311,-8.0,0.0,-0.0,31.0,31.707,31.22,8.0,0.0,0.0,31.0,40.619,40.825,-8.0,0.0,0.0,33.0
101.2655,2,fwd,95.0,11.9,5.528,5.169,24.0,0.0,0.0,31.0,-100.0,-100.0,-8.0,0.0,0.0,32.0,-100.0,-100.0,0.0,0.0,-0.0,31.0,-2.933,95.0,-244.0,91.0,7.255,36.0,-90.381,-90.311,-8.0,0.0,-0.0,31.0,31.707,31.22,8.0,0.0,0.0,31.0,40.619,40.825,-8.0,0.0,0.0,33.0
101.3185,2,fwd,95.0,11.9,5.528,5.169,24.0,0.0,0.0,31.0,-100.0,-100.0,-8.0,0.0,0.0,32.0,-100.0,-100.0,0.0,0.0,-0.0,31.0,-2.933,95.0,-244.0,91.0,3.555,36.0,-90.381,-90.311,-8.0,0.0,-0.0,31.0,31.707,31.22,8.0,0.0,0.0,31.0,40.619,40.825,-8.0,0.0,0.0,33.0
101.3707,2,fwd,95.0,11.9,5.528,5.169,24.0,0.0,0.0,31.0,-100.0,-100.0,-8.0,0.0,0.0,32.0,-100.0,-100.0,0.0,0.0,-0.0,31.0,-2.533,95.0,-244.0,91.0,5.246,36.0,-90.381,-90.311,-8.0,0.0,-0.0,31.0,31.707,31.22,8.0,0.0,0.0,31.0,40.619,40.825,-8.0,0.0,0.0,33.0
101.4241,2,fwd,95.0,11.9,5.528,5.169,24.0,0.0,0.0,31.0,-100.0,-100.0,-8.0,0.0,0.0,32.0,-100.0,-100.0,0.0,0.0,-0.0,31.0,-2.533,95.0,-244.0,91.0,2.57,36.0,-90.381,-90.311,-8.0,0.0,-0.0,31.0,31.707,31.22,8.0,0.0,0.0,31.0,40.619,40.825,-8.0,0.0,0.0,33.0
101.4775,2,fwd,95.0,11.9,5.528,5.169,24.0,0.0,0.0,31.0,-100.0,-100.0,-8.0,0.0,0.0,32.0,-100.0,-100.0,0.0,0.0,-0.0,31.0,-2.267,95.0,-244.0,91.0,3.358,36.0,-90.381,-90.311,-8.0,0.0,-0.0,31.0,31.707,31.22,8.0,0.0,0.0,31.0,40.619,40.825,-8.0,0.0,0.0,33.0
101.5298,2,fwd,95.0,11.9,5.528,5.169,24.0,0.0,0.0,31.0,-100.0,-100.0,-8.0,0.0,0.0,32.0,-100.0,-100.0,0.0,0.0,-0.0,31.0,-2.267,95.0,-244.0,91.0,1.646,36.0,-90.381,-90.311,-8.0,0.0,-0.0,31.0,31.707,31.22,8.0,0.0,0.0,31.0,40.619,40.825,-8.0,0.0,0.0,33.0
101.5833,2,fwd,95.0,11.9,5.528,5.169,24.0,0.0,0.0,31.0,-100.0,-100.0,-8.0,0.0,0.0,32.0,-100.0,-100.0,0.0,0.0,-0.0,31.0,-2.0,95.0,-244.0,91.0,3.782,36.0,-90.381,-90.311,-8.0,0.0,-0.0,31.0,31.707,31.22,8.0,0.0,0.0,31.0,40.619,40.825,-8.0,0.0,0.0,33.0
101.6356,2,fwd,95.0,11.9,5.528,5.169,24.0,0.0,0.0,31.0,-100.0,-100.0,-8.0,0.0,0.0,32.0,-100.0,-100.0,0.0,0.0,-0.0,31.0,-1.6,95.0,-244.0,91.0,7.092,36.0,-90.381,-90.311,-8.0,0.0,-0.0,31.0,31.707,31.22,8.0,0.0,0.0,31.0,40.619,40.825,-8.0,0.0,0.0,33.0
101.6892,2,fwd,95.0,11.8,5.528,5.169,24.0,0.0,0.0,31.0,-100.0,-100.0,-8.0,0.0,0.0,32.0,-100.0,-100.0,0.0,0.0,-0.0,31.0,-1.467,95.0,-248.0,78.0,5.64,36.0,-90.381,-90.311,-8.0,0.0,-0.0,31.0,31.707,31.22,8.0,0.0,0.0,31.0,40.619,40.825,-8.0,0.0,0.0,33.0
101.7423,2,fwd,95.0,11.8,5.528,5.169,24.0,0.0,0.0,31.0,-100.0,-100.0,-8.0,0.0,0.0,32.0,-100.0,-100.0,0.0,0.0,-0.0,31.0,-1.467,95.0,-248.0,78.0,2.764,36.0,-90.381,-90.311,-8.0,0.0,-0.0,31.0,31.707,31.22,8.0,0.0,0.0,31.0,40.619,40.825,-8.0,0.0,0.0,33.0
101.796,2,fwd,95.0,11.8,5.528,5.169,24.0,0.0,0.0,31.0,-100.0,-100.0,-8.0,0.0,0.0,32.0,-100.0,-100.0,0.0,0.0,-0.0,31.0,-0.8,95.0,-248.0,78.0,7.745,36.0,-90.381,-90.311,-8.0,0.0,-0.0,31.0,31.707,31.22,8.0,0.0,0.0,31.0,40.619,40.825,-8.0,0.0,0.0,33.0
101.8492,2,fwd,95.0,11.8,5.528,5.169,24.0,0.0,0.0,31.0,-100.0,-100.0,-8.0,0.0,0.0,32.0,-100.0,-100.0,0.0,0.0,-0.0,31.0,-0.667,95.0,-248.0,78.0,4.822,36.0,-90.381,-90.311,-8.0,0.0,-0.0,31.0,31.707,31.22,8.0,0.0,0.0,31.0,40.619,40.825,-8.0,0.0,0.0,33.0
101.9023,2,fwd,95.0,11.8,5.528,5.169,24.0,0.0,0.0,31.0,-100.0,-100.0,-8.0,0.0,0.0,32.0,-100.0,-100.0,0.0,0.0,-0.0,31.0,-0.533,95.0,-248.0,78.0,3.417,36.0,-90.381,-90.311,-8.0,0.0,-0.0,31.0,31.707,31.22,8.0,0.0,0.0,31.0,40.619,40.825,-8.0,0.0,0.0,33.0
101.9554,2,fwd,95.0,11.8,5.528,5.169,24.0,0.0,0.0,31.0,-100.0,-100.0,-8.0,0.0,0.0,32.0,-100.0,-100.0,0.0,0.0,-0.0,31.0,0.133,95.0,-248.0,78.0,7.811,36.0,-90.381,-90.311,-8.0,0.0,-0.0,31.0,31.707,31.22,8.0,0.0,0.0,31.0,40.619,40.825,-8.0,0.0,0.0,33.0
102.0074,2,fwd,95.0,11.8,5.528,5.169,24.0,0.0,0.0,31.0,-100.0,-100.0,-8.0,0.0,0.0,32.0,-100.0,-100.0,0.0,0.0,-0.0,31.0,0.4,95.0,-248.0,78.0,6.375,36.0,-90.381,-90.311,-8.0,0.0,-0.0,31.0,31.707,31.22,8.0,0.0,0.0,31.0,40.619,40.825,-8.0,0.0,0.0,33.0
102.0598,2,fwd,95.0,11.8,5.528,5.169,24.0,0.0,0.0,31.0,-100.0,-100.0,-8.0,0.0,0.0,32.0,-100.0,-100.0,0.0,0.0,-0.0,31.0,0.667,95.0,-248.0,78.0,5.229,36.0,-90.381,-90.311,-8.0,0.0,-0.0,31.0,31.707,31.22,8.0,0.0,0.0,31.0,40.619,40.825,-8.0,0.0,0.0,33.0
102.1131,2,fwd,95.0,11.8,5.528,5.169,24.0,0.0,0.0,31.0,-100.0,-100.0,-8.0,0.0,0.0,32.0,-100.0,-100.0,0.0,0.0,-0.0,31.0,0.8,95.0,-248.0,78.0,3.608,36.0,-90.381,-90.311,-8.0,0.0,-0.0,31.0,31.707,31.22,8.0,0.0,0.0,31.0,40.619,40.825,-8.0,0.0,0.0,33.0
102.1662,2,fwd,95.0,11.8,5.528,5.169,24.0,0.0,0.0,31.0,-100.0,-100.0,-8.0,0.0,0.0,32.0,-100.0,-100.0,0.0,0.0,-0.0,31.0,0.933,95.0,-248.0,78.0,3.255,36.0,-90.381,-90.311,-8.0,0.0,-0.0,31.0,31.707,31.22,8.0,0.0,0.0,31.0,40.619,40.825,-8.0,0.0,0.0,33.0
102.2203,2,fwd,95.0,11.9,5.528,5.169,24.0,0.0,0.0,31.0,-100.0,-100.0,-8.0,0.0,0.0,32.0,-100.0,-100.0,0.0,0.0,-0.0,31.0,1.2,95.0,-248.0,99.0,5.293,36.0,-90.381,-90.311,-8.0,0.0,-0.0,31.0,31.707,31.22,8.0,0.0,0.0,31.0,40.619,40.825,-8.0,0.0,0.0,33.0
102.2733,2,fwd,95.0,11.9,5.528,5.169,24.0,0.0,0.0,31.0,-100.0,-100.0,-8.0,0.0,0.0,32.0,-100.0,-100.0,0.0,0.0,-0.0,31.0,1.6,95.0,-248.0,99.0,5.087,36.0,-90.381,-90.311,-8.0,0.0,-0.0,31.0,31.707,31.22,8.0,0.0,0.0,31.0,40.619,40.825,-8.0,0.0,0.0,33.0
102.3264,2,fwd,95.0,11.9,5.528,5.169,24.0,0.0,0.0,31.0,-100.0,-100.0,-8.0,0.0,0.0,32.0,-100.0,-100.0,0.0,0.0,-0.0,31.0,1.733,95.0,-248.0,99.0,3.962,36.0,-90.381,-90.311,-8.0,0.0,-0.0,31.0,31.707,31.22,8.0,0.0,0.0,31.0,40.619,40.825,-8.0,0.0,0.0,33.0
102.3787,2,fwd,95.0,11.9,5.528,5.169,24.0,0.0,0.0,31.0,-100.0,-100.0,-8.0,0.0,0.0,32.0,-100.0,-100.0,0.0,0.0,-0.0,31.0,2.4,95.0,-248.0,99.0,8.453,36.0,-90.381,-90.311,-8.0,0.0,-0.0,31.0,31.707,31.22,8.0,0.0,0.0,31.0,40.619,40.825,-8.0,0.0,0.0,33.0
102.4321,2,fwd,95.0,11.9,5.528,5.169,24.0,0.0,0.0,31.0,-100.0,-100.0,-8.0,0.0,0.0,32.0,-100.0,-100.0,0.0,0.0,-0.0,31.0,2.4,95.0,-248.0,99.0,4.142,36.0,-90.381,-90.311,-8.0,0.0,-0.0,31.0,31.707,31.22,8.0,0.0,0.0,31.0,40.619,40.825,-8.0,0.0,0.0,33.0
102.4846,2,fwd,95.0,11.9,5.528,5.169,24.0,0.0,0.0,31.0,-100.0,-100.0,-8.0,0.0,0.0,32.0,-100.0,-100.0,0.0,0.0,-0.0,31.0,3.067,95.0,-248.0,99.0,8.599,36.0,-90.381,-90.311,-8.0,0.0,-0.0,31.0,31.707,31.22,8.0,0.0,0.0,31.0,40.619,40.825,-8.0,0.0,0.0,33.0
102.5378,2,fwd,95.0,11.9,5.528,5.169,24.0,0.0,0.0,31.0,-100.0,-100.0,-8.0,0.0,0.0,32.0,-100.0,-100.0,0.0,0.0,-0.0,31.0,3.2,95.0,-248.0,99.0,5.248,36.0,-90.381,-90.311,-8.0,0.0,-0.0,31.0,31.707,31.22,8.0,0.0,0.0,31.0,40.619,40.825,-8.0,0.0,0.0,33.0
102.5912,2,fwd,95.0,11.9,5.528,5.169,24.0,0.0,0.0,31.0,-100.0,-100.0,-8.0,0.0,0.0,32.0,-100.0,-100.0,0.0,0.0,-0.0,31.0,3.6,95.0,-248.0,99.0,6.611,36.0,-90.381,-90.311,-8.0,0.0,-0.0,31.0,31.707,31.22,8.0,0.0,0.0,31.0,40.619,40.825,-8.0,0.0,0.0,33.0
102.6444,2,fwd,95.0,11.9,5.528,5.169,24.0,0.0,0.0,31.0,-100.0,-100.0,-8.0,0.0,0.0,32.0,-100.0,-100.0,0.0,0.0,-0.0,31.0,3.867,95.0,-248.0,99.0,5.304,36.0,-90.381,-90.311,-8.0,0.0,-0.0,31.0,31.707,31.22,8.0,0.0,0.0,31.0,40.619,40.825,-8.0,0.0,0.0,33.0
102.6975,2,fwd,95.0,11.9,5.528,5.169,24.0,0.0,0.0,31.0,-100.0,-100.0,-8.0,0.0,0.0,32.0,-100.0,-100.0,0.0,0.0,-0.0,31.0,3.867,95.0,-248.0,99.0,2.599,36.0,-90.381,-90.311,-8.0,0.0,-0.0,31.0,31.707,31.22,8.0,0.0,0.0,31.0,40.619,40.825,-8.0,0.0,0.0,33.0
102.7497,2,fwd,95.0,11.9,5.528,5.169,24.0,0.0,0.0,31.0,-100.0,-100.0,-8.0,0.0,0.0,32.0,-100.0,-100.0,0.0,0.0,-0.0,31.0,3.867,95.0,-248.0,99.0,1.819,36.0,-90.381,-90.311,-8.0,0.0,-0.0,31.0,31.707,31.22,8.0,0.0,0.0,31.0,40.619,40.825,-8.0,0.0,0.0,33.0
102.8032,2,fwd,95.0,11.9,5.528,5.169,24.0,0.0,0.0,31.0,-100.0,-100.0,-8.0,0.0,0.0,32.0,-100.0,-100.0,0.0,0.0,-0.0,31.0,4.0,95.0,-256.0,85.0,2.653,36.0,-90.381,-90.311,-8.0,0.0,-0.0,31.0,31.707,31.22,8.0,0.0,0.0,31.0,40.619,40.825,-8.0,0.0,0.0,33.0
102.857,2,fwd,95.0,11.9,5.528,5.169,24.0,0.0,0.0,31.0,-100.0,-100.0,-8.0,0.0,0.0,32.0,-100.0,-100.0,0.0,0.0,-0.0,31.0,4.0,95.0,-256.0,85.0,1.3,36.0,-90.381,-90.311,-8.0,0.0,-0.0,31.0,31.707,31.22,8.0,0.0,0.0,31.0,40.619,40.825,-8.0,0.0,0.0,33.0
102.9097,2,fwd,95.0,11.9,5.528,5.169,24.0,0.0,0.0,31.0,-100.0,-100.0,-8.0,0.0,0.0,32.0,-100.0,-100.0,0.0,0.0,-0.0,31.0,4.667,95.0,-256.0,85.0,6.692,36.0,-90.381,-90.311,-8.0,0.0,-0.0,31.0,31.707,31.22,8.0,0.0,0.0,31.0,40.619,40.825,-8.0,0.0,0.0,33.0
102.9616,2,fwd,95.0,11.9,5.528,5.169,24.0,0.0,0.0,31.0,-100.0,-100.0,-8.0,0.0,0.0,32.0,-100.0,-100.0,0.0,0.0,-0.0,31.0,4.8,95.0,-256.0,85.0,4.784,36.0,-90.381,-90.311,-8.0,0.0,-0.0,31.0,31.707,31.22,8.0,0.0,0.0,31.0,40.619,40.825,-8.0,0.0,0.0,33.0
103.0148,2,fwd,95.0,11.9,5.528,5.169,24.0,0.0,0.0,31.0,-100.0,-100.0,-8.0,0.0,0.0,32.0,-100.0,-100.0,0.0,0.0,-0.0,31.0,5.2,95.0,-256.0,85.0,6.38,36.0,-90.381,-90.311,-8.0,0.0,-0.0,31.0,31.707,31.22,8.0,0.0,0.0,31.0,40.619,40.825,-8.0,0.0,0.0,33.0
103.0683,2,fwd,95.0,11.9,5.528,5.169,24.0,0.0,0.0,31.0,-100.0,-100.0,-8.0,0.0,0.0,32.0,-100.0,-100.0,0.0,0.0,-0.0,31.0,5.467,95.0,-256.0,85.0,5.224,36.0,-90.381,-90.311,-8.0,0.0,-0.0,31.0,31.707,31.22,8.0,0.0,0.0,31.0,40.619,40.825,-8.0,0.0,0.0,33.0
103.1216,2,fwd,95.0,11.9,5.528,5.169,24.0,0.0,0.0,31.0,-100.0,-100.0,-8.0,0.0,0.0,32.0,-100.0,-100.0,0.0,0.0,-0.0,31.0,5.467,95.0,-256.0,85.0,2.56,36.0,-90.381,-90.311,-8.0,0.0,-0.0,31.0,31.707,31.22,8.0,0.0,0.0,31.0,40.619,40.825,-8.0,0.0,0.0,33.0
103.1745,2,fwd,95.0,11.9,5.528,5.169,24.0,0.0,0.0,31.0,-100.0,-100.0,-8.0,0.0,0.0,32.0,-100.0,-100.0,0.0,0.0,-0.0,31.0,6.267,95.0,-256.0,85.0,8.883,36.0,-90.381,-90.311,-8.0,0.0,-0.0,31.0,31.707,31.22,8.0,0.0,0.0,31.0,40.619,40.825,-8.0,0.0,0.0,33.0
103.2279,2,fwd,95.0,11.9,5.528,5.169,24.0,0.0,0.0,31.0,-100.0,-100.0,-8.0,0.0,0.0,32.0,-100.0,-100.0,0.0,0.0,-0.0,31.0,6.267,95.0,-256.0,85.0,4.353,36.0,-90.381,-90.311,-8.0,0.0,-0.0,31.0,31.707,31.22,8.0,0.0,0.0,31.0,40.619,40.825,-8.0,0.0,0.0,33.0
103.2813,2,fwd,95.0,11.9,5.528,5.169,24.0,0.0,0.0,31.0,-100.0,-100.0,-8.0,0.0,0.0,32.0,-100.0,-100.0,0.0,0.0,-0.0,31.0,6.8,95.0,-256.0,85.0,7.669,36.0,-90.381,-90.311,-8.0,0.0,-0.0,31.0,31.707,31.22,8.0,0.0,0.0,31.0,40.619,40.825,-8.0,0.0,0.0,33.0
103.3342,2,fwd,95.0,11.9,5.528,5.169,24.0,0.0,0.0,31.0,-100.0,-100.0,-8.0,0.0,0.0,32.0,-100.0,-100.0,0.0,0.0,-0.0,31.0,7.067,95.0,-256.0,85.0,5.878,36.0,-90.381,-90.311,-8.0,0.0,-0.0,31.0,31.707,31.22,8.0,0.0,0.0,31.0,40.619,40.825,-8.0,0.0,0.0,33.0
103.3864,2,fwd,95.0,11.9,5.528,5.169,24.0,0.0,0.0,31.0,-100.0,-100.0,-8.0,0.0,0.0,31.0,-100.0,-100.0,0.0,0.0,-0.0,31.0,7.067,95.0,-240.0,86.0,4.114,36.0,-90.381,-90.311,-8.0,0.0,-0.0,31.0,31.707,31.22,8.0,0.0,0.0,31.0,40.619,40.825,-8.0,0.0,0.0,33.0
103.4386,2,fwd,95.0,11.9,5.528,5.169,24.0,0.0,0.0,31.0,-100.0,-100.0,-8.0,0.0,0.0,31.0,-100.0,-100.0,0.0,0.0,-0.0,31.0,7.067,95.0,-240.0,86.0,2.016,36.0,-90.381,-90.311,-8.0,0.0,-0.0,31.0,31.707,31.22,8.0,0.0,0.0,31.0,40.619,40.825,-8.0,0.0,0.0,33.0
103.4918,2,fwd,95.0,11.9,5.528,5.169,24.0,0.0,0.0,31.0,-100.0,-100.0,-8.0,0.0,0.0,31.0,-100.0,-100.0,0.0,0.0,-0.0,31.0,7.6,95.0,-240.0,86.0,6.516,36.0,-90.381,-90.311,-8.0,0.0,-0.0,31.0,31.707,31.22,8.0,0.0,0.0,31.0,40.619,40.825,-8.0,0.0,0.0,33.0
103.5449,2,fwd,95.0,11.9,5.528,5.169,24.0,0.0,0.0,31.0,-100.0,-100.0,-8.0,0.0,0.0,31.0,-100.0,-100.0,0.0,0.0,-0.0,31.0,7.733,95.0,-240.0,86.0,4.237,36.0,-90.381,-90.311,-8.0,0.0,-0.0,31.0,31.707,31.22,8.0,0.0,0.0,31.0,40.619,40.825,-8.0,0.0,0.0,33.0
103.5981,2,fwd,95.0,11.9,5.528,5.169,24.0,0.0,0.0,31.0,-100.0,-100.0,-8.0,0.0,0.0,31.0,-100.0,-100.0,0.0,0.0,-0.0,31.0,8.133,95.0,-240.0,86.0,6.513,36.0,-90.381,-90.311,-8.0,0.0,-0.0,31.0,31.707,31.22,8.0,0.0,0.0,31.0,40.619,40.825,-8.0,0.0,0.0,33.0
103.6512,2,fwd,95.0,11.9,5.528,5.169,24.0,0.0,0.0,31.0,-100.0,-100.0,-8.0,0.0,0.0,31.0,-100.0,-100.0,0.0,0.0,-0.0,31.0,8.533,95.0,-240.0,86.0,6.738,36.0,-90.381,-90.311,-8.0,0.0,-0.0,31.0,31.707,31.22,8.0,0.0,0.0,31.0,40.619,40.825,-8.0,0.0,0.0,33.0
103.7043,2,fwd,95.0,11.9,5.528,5.169,24.0,0.0,0.0,31.0,-100.0,-100.0,-8.0,0.0,0.0,31.0,-100.0,-100.0,0.0,0.0,-0.0,31.0,8.667,95.0,-240.0,86.0,4.348,36.0,-90.381,-90.311,-8.0,0.0,-0.0,31.0,31.707,31.22,8.0,0.0,0.0,31.0,40.619,40.825,-8.0,0.0,0.0,33.0
103.7576,2,fwd,95.0,11.9,5.528,5.169,24.0,0.0,0.0,31.0,-100.0,-100.0,-8.0,0.0,0.0,31.0,-100.0,-100.0,0.0,0.0,-0.0,31.0,8.667,95.0,-240.0,86.0,2.13,36.0,-90.381,-90.311,-8.0,0.0,-0.0,31.0,31.707,31.22,8.0,0.0,0.0,31.0,40.619,40.825,-8.0,0.0,0.0,33.0
103.8108,2,fwd,95.0,11.9,5.528,5.169,24.0,0.0,0.0,31.0,-100.0,-100.0,-8.0,0.0,0.0,31.0,-100.0,-100.0,0.0,0.0,-0.0,31.0,9.2,95.0,-240.0,86.0,7.032,36.0,-90.381,-90.311,-8.0,0.0,-0.0,31.0,31.707,31.22,8.0,0.0,0.0,31.0,40.619,40.825,-8.0,0.0,0.0,33.0
103.8639,2,fwd,95.0,11.9,5.528,5.169,24.0,0.0,0.0,31.0,-100.0,-100.0,-8.0,0.0,0.0,31.0,-100.0,-100.0,0.0,0.0,-0.0,31.0,9.467,95.0,-240.0,86.0,5.552,36.0,-90.381,-90.311,-8.0,0.0,-0.0,31.0,31.707,31.22,8.0,0.0,0.0,31.0,40.619,40.825,-8.0,0.0,0.0,33.0
103.9157,2,fwd,95.0,11.9,5.528,5.169,24.0,0.0,0.0,31.0,-100.0,-100.0,-8.0,0.0,0.0,31.0,-100.0,-100.0,0.0,0.0,-0.0,31.0,9.467,95.0,-240.0,86.0,3.886,36.0,-90.381,-90.311,-8.0,0.0,-0.0,31.0,31.707,31.22,8.0,0.0,0.0,31.0,40.619,40.825,-8.0,0.0,0.0,33.0
103.9683,2,fwd,95.0,11.9,5.528,5.169,24.0,0.0,0.0,31.0,-100.0,-100.0,-8.0,0.0,0.0,32.0,-100.0,-100.0,0.0,0.0,-0.0,31.0,10.133,95.0,-260.0,88.0,6.062,36.0,-90.381,-90.311,-8.0,0.0,-0.0,31.0,31.707,31.22,8.0,0.0,0.0,31.0,40.619,40.825,-8.0,0.0,0.0,33.0
104.0215,2,fwd,95.0,11.9,5.528,5.169,24.0,0.0,0.0,31.0,-100.0,-100.0,-8.0,0.0,0.0,32.0,-100.0,-100.0,0.0,0.0,-0.0,31.0,10.133,95.0,-260.0,88.0,2.97,36.0,-90.381,-90.311,-8.0,0.0,-0.0,31.0,31.707,31.22,8.0,0.0,0.0,31.0,40.619,40.825,-8.0,0.0,0.0,33.0
104.0741,2,fwd,95.0,11.9,5.528,5.169,24.0,0.0,0.0,31.0,-100.0,-100.0,-8.0,0.0,0.0,32.0,-100.0,-100.0,0.0,0.0,-0.0,31.0,10.267,95.0,-260.0,88.0,2.957,36.0,-90.381,-90.311,-8.0,0.0,-0.0,31.0,31.707,31.22,8.0,0.0,0.0,31.0,40.619,40.825,-8.0,0.0,0.0,33.0
104.1267,2,fwd,95.0,11.9,5.528,5.169,24.0,0.0,0.0,31.0,-100.0,-100.0,-8.0,0.0,0.0,32.0,-100.0,-100.0,0.0,0.0,-0.0,31.0,10.4,95.0,-260.0,88.0,2.488,36.0,-90.381,-90.311,-8.0,0.0,-0.0,31.0,31.707,31.22,8.0,0.0,0.0,31.0,40.619,40.825,-8.0,0.0,0.0,33.0
104.18,2,fwd,95.0,11.9,5.528,5.169,24.0,0.0,0.0,31.0,-100.0,-100.0,-8.0,0.0,0.0,32.0,-100.0,-100.0,0.0,0.0,-0.0,31.0,10.533,95.0,-260.0,88.0,2.699,36.0,-90.381,-90.311,-8.0,0.0,-0.0,31.0,31.707,31.22,8.0,0.0,0.0,31.0,40.619,40.825,-8.0,0.0,0.0,33.0
104.2326,2,fwd,95.0,11.9,5.528,5.169,24.0,0.0,0.0,31.0,-100.0,-100.0,-8.0,0.0,0.0,32.0,-100.0,-100.0,0.0,0.0,-0.0,31.0,11.067,95.0,-260.0,88.0,5.923,36.0,-90.381,-90.311,-8.0,0.0,-0.0,31.0,31.707,31.22,8.0,0.0,0.0,31.0,40.619,40.825,-8.0,0.0,0.0,33.0
104.2847,2,fwd,95.0,11.9,5.528,5.169,24.0,0.0,0.0,31.0,-100.0,-100.0,-8.0,0.0,0.0,32.0,-100.0,-100.0,0.0,0.0,-0.0,31.0,11.333,95.0,-260.0,88.0,5.891,36.0,-90.381,-90.311,-8.0,0.0,-0.0,31.0,31.707,31.22,8.0,0.0,0.0,31.0,40.619,40.825,-8.0,0.0,0.0,33.0
104.3379,2,fwd,95.0,11.9,5.528,5.169,24.0,0.0,0.0,31.0,-100.0,-100.0,-8.0,0.0,0.0,32.0,-100.0,-100.0,0.0,0.0,-0.0,31.0,11.733,95.0,-260.0,88.0,6.435,36.0,-90.381,-90.311,-8.0,0.0,-0.0,31.0,31.707,31.22,8.0,0.0,0.0,31.0,40.619,40.825,-8.0,0.0,0.0,33.0
104.3913,2,fwd,95.0,11.9,5.528,5.169,24.0,0.0,0.0,31.0,-100.0,-100.0,-8.0,0.0,0.0,32.0,-100.0,-100.0,0.0,0.0,-0.0,31.0,11.867,95.0,-260.0,88.0,4.661,36.0,-90.381,-90.311,-8.0,0.0,-0.0,31.0,31.707,31.22,8.0,0.0,0.0,31.0,40.619,40.825,-8.0,0.0,0.0,33.0
104.4444,2,fwd,95.0,11.9,5.528,5.169,24.0,0.0,0.0,31.0,-100.0,-100.0,-8.0,0.0,0.0,32.0,-100.0,-100.0,0.0,0.0,-0.0,31.0,12.4,95.0,-260.0,88.0,7.788,36.0,-90.381,-90.311,-8.0,0.0,-0.0,31.0,31.707,31.22,8.0,0.0,0.0,31.0,40.619,40.825,-8.0,0.0,0.0,33.0
104.4975,2,fwd,95.0,11.8,5.528,5.169,24.0,0.0,0.0,31.0,-100.0,-100.0,-8.0,0.0,0.0,32.0,-100.0,-100.0,0.0,0.0,-0.0,31.0,12.4,95.0,-252.0,83.0,5.452,36.0,-90.381,-90.311,-8.0,0.0,-0.0,31.0,31.707,31.22,8.0,0.0,0.0,31.0,40.619,40.825,-8.0,0.0,0.0,33.0
104.5506,2,fwd,95.0,11.8,5.528,5.169,24.0,0.0,0.0,31.0,-100.0,-100.0,-8.0,0.0,0.0,32.0,-100.0,-100.0,0.0,0.0,-0.0,31.0,12.8,95.0,-252.0,83.0,6.147,36.0,-90.381,-90.311,-8.0,0.0,-0.0,31.0,31.707,31.22,8.0,0.0,0.0,31.0,40.619,40.825,-8.0,0.0,0.0,33.0
104.6039,2,fwd,95.0,11.8,5.528,5.169,24.0,0.0,0.0,31.0,-100.0,-100.0,-8.0,0.0,0.0,32.0,-100.0,-100.0,0.0,0.0,-0.0,31.0,13.2,95.0,-252.0,83.0,6.572,36.0,-90.381,-90.311,-8.0,0.0,-0.0,31.0,31.707,31.22,8.0,0.0,0.0,31.0,40.619,40.825,-8.0,0.0,0.0,33.0
104.6575,2,fwd,95.0,11.8,5.528,5.169,24.0,0.0,0.0,31.0,-100.0,-100.0,-8.0,0.0,0.0,32.0,-100.0,-100.0,0.0,0.0,-0.0,31.0,13.2,95.0,-252.0,83.0,3.22,36.0,-90.381,-90.311,-8.0,0.0,-0.0,31.0,31.707,31.22,8.0,0.0,0.0,31.0,40.619,40.825,-8.0,0.0,0.0,33.0
104.7096,2,fwd,95.0,11.8,5.528,5.169,24.0,0.0,0.0,31.0,-100.0,-100.0,-8.0,0.0,0.0,32.0,-100.0,-100.0,0.0,0.0,-0.0,31.0,13.333,95.0,-252.0,83.0,3.064,36.0,-90.381,-90.311,-8.0,0.0,-0.0,31.0,31.707,31.22,8.0,0.0,0.0,31.0,40.619,40.825,-8.0,0.0,0.0,33.0
104.7619,2,fwd,95.0,11.8,5.528,5.169,24.0,0.0,0.0,31.0,-100.0,-100.0,-8.0,0.0,0.0,32.0,-100.0,-100.0,0.0,0.0,-0.0,31.0,13.867,95.0,-252.0,83.0,6.509,36.0,-90.381,-90.311,-8.0,0.0,-0.0,31.0,31.707,31.22,8.0,0.0,0.0,31.0,40.619,40.825,-8.0,0.0,0.0,33.0
104.8153,2,fwd,95.0,11.8,5.528,5.169,24.0,0.0,0.0,31.0,-100.0,-100.0,-8.0,0.0,0.0,32.0,-100.0,-100.0,0.0,0.0,-0.0,31.0,13.867,95.0,-252.0,83.0,3.189,36.0,-90.381,-90.311,-8.0,0.0,-0.0,31.0,31.707,31.22,8.0,0.0,0.0,31.0,40.619,40.825,-8.0,0.0,0.0,33.0
104.8677,2,fwd,95.0,11.8,5.528,5.169,24.0,0.0,0.0,31.0,-100.0,-100.0,-8.0,0.0,0.0,32.0,-100.0,-100.0,0.0,0.0,-0.0,31.0,14.267,95.0,-252.0,83.0,5.611,36.0,-90.381,-90.311,-8.0,0.0,-0.0,31.0,31.707,31.22,8.0,0.0,0.0,31.0,40.619,40.825,-8.0,0.0,0.0,33.0
104.9209,2,fwd,95.0,11.8,5.528,5.169,24.0,0.0,0.0,31.0,-100.0,-100.0,-8.0,0.0,0.0,32.0,-100.0,-100.0,0.0,0.0,-0.0,31.0,14.533,95.0,-252.0,83.0,4.845,36.0,-90.381,-90.311,-8.0,0.0,-0.0,31.0,31.707,31.22,8.0,0.0,0.0,31.0,40.619,40.825,-8.0,0.0,0.0,33.0
104.974,2,fwd,95.0,11.8,5.528,5.169,24.0,0.0,0.0,31.0,-100.0,-100.0,-8.0,0.0,0.0,32.0,-100.0,-100.0,0.0,0.0,-0.0,31.0,14.8,95.0,-252.0,83.0,5.35,36.0,-90.381,-90.311,-8.0,0.0,-0.0,31.0,31.707,31.22,8.0,0.0,0.0,31.0,40.619,40.825,-8.0,0.0,0.0,33.0
105.0268,2,fwd,95.0,11.8,5.528,5.169,24.0,0.0,0.0,31.0,-100.0,-100.0,-8.0,0.0,0.0,32.0,-100.0,-100.0,0.0,0.0,-0.0,31.0,14.8,95.0,-252.0,83.0,3.745,36.0,-90.381,-90.311,-8.0,0.0,-0.0,31.0,31.707,31.22,8.0,0.0,0.0,31.0,40.619,40.825,-8.0,0.0,0.0,33.0
105.08,2,fwd,95.0,11.9,5.528,5.169,24.0,0.0,0.0,31.0,-100.0,-100.0,-8.0,0.0,0.0,32.0,-100.0,-100.0,0.0,0.0,-0.0,31.0,14.933,95.0,-268.0,94.0,3.985,36.0,-90.381,-90.311,-8.0,0.0,-0.0,31.0,31.707,31.22,8.0,0.0,0.0,31.0,40.619,40.825,-8.0,0.0,0.0,33.0
105.1326,2,fwd,95.0,11.9,5.528,5.169,24.0,0.0,0.0,31.0,-100.0,-100.0,-8.0,0.0,0.0,32.0,-100.0,-100.0,0.0,0.0,-0.0,31.0,15.6,95.0,-268.0,94.0,4.307,36.0,-90.381,-90.311,-8.0,0.0,-0.0,31.0,31.707,31.22,8.0,0.0,0.0,31.0,40.619,40.825,-8.0,0.0,0.0,33.0
105.186,2,fwd,95.0,11.9,5.528,5.169,24.0,0.0,0.0,31.0,-100.0,-100.0,-8.0,0.0,0.0,32.0,-100.0,-100.0,0.0,0.0,-0.0,31.0,16.133,95.0,-268.0,94.0,7.62,36.0,-90.381,-90.311,-8.0,0.0,-0.0,31.0,31.707,31.22,8.0,0.0,0.0,31.0,40.619,40.825,-8.0,0.0,0.0,33.0
105.2402,2,fwd,95.0,11.9,5.528,5.169,24.0,0.0,0.0,31.0,-100.0,-100.0,-8.0,0.0,0.0,32.0,-100.0,-100.0,0.0,0.0,-0.0,31.0,16.267,95.0,-268.0,94.0,4.789,36.0,-90.381,-90.311,-8.0,0.0,-0.0,31.0,31.707,31.22,8.0,0.0,0.0,31.0,40.619,40.825,-8.0,0.0,0.0,33.0
105.2928,2,fwd,95.0,11.9,5.528,5.169,24.0,0.0,0.0,31.0,-100.0,-100.0,-8.0,0.0,0.0,32.0,-100.0,-100.0,0.0,0.0,-0.0,31.0,16.533,95.0,-268.0,94.0,4.869,36.0,-90.381,-90.311,-8.0,0.0,-0.0,31.0,31.707,31.22,8.0,0.0,0.0,31.0,40.619,40.825,-8.0,0.0,0.0,33.0
105.3461,2,fwd,95.0,11.9,5.528,5.169,24.0,0.0,0.0,31.0,-100.0,-100.0,-8.0,0.0,0.0,32.0,-100.0,-100.0,0.0,0.0,-0.0,31.0,16.667,95.0,-268.0,94.0,3.421,36.0,-90.381,-90.311,-8.0,0.0,-0.0,31.0,31.707,31.22,8.0,0.0,0.0,31.0,40.619,40.825,-8.0,0.0,0.0,33.0
105.3995,2,fwd,95.0,11.9,5.528,5.169,24.0,0.0,0.0,31.0,-100.0,-100.0,-8.0,0.0,0.0,32.0,-100.0,-100.0,0.0,0.0,-0.0,31.0,17.067,95.0,-268.0,94.0,5.704,36.0,-90.381,-90.311,-8.0,0.0,-0.0,31.0,31.707,31.22,8.0,0.0,0.0,31.0,40.619,40.825,-8.0,0.0,0.0,33.0
105.4516,2,fwd,95.0,11.9,5.528,5.169,24.0,0.0,0.0,31.0,-100.0,-100.0,-8.0,0.0,0.0,32.0,-100.0,-100.0,0.0,0.0,-0.0,31.0,17.067,95.0,-268.0,94.0,2.795,36.0,-90.381,-90.311,-8.0,0.0,-0.0,31.0,31.707,31.22,8.0,0.0,0.0,31.0,40.619,40.825,-8.0,0.0,0.0,33.0
105.5045,2,fwd,95.0,11.9,5.528,5.169,24.0,0.0,0.0,31.0,-100.0,-100.0,-8.0,0.0,0.0,32.0,-100.0,-100.0,0.0,0.0,-0.0,31.0,17.333,95.0,-268.0,94.0,4.332,36.0,-90.381,-90.311,-8.0,0.0,-0.0,31.0,31.707,31.22,8.0,0.0,0.0,31.0,40.619,40.825,-8.0,0.0,0.0,33.0
105.5579,2,fwd,95.0,11.9,5.528,5.169,24.0,0.0,0.0,31.0,-100.0,-100.0,-8.0,0.0,0.0,32.0,-100.0,-100.0,0.0,0.0,-0.0,31.0,17.733,95.0,-268.0,94.0,5.658,36.0,-90.381,-90.311,-8.0,0.0,-0.0,31.0,31.707,31.22,8.0,0.0,0.0,31.0,40.619,40.825,-8.0,0.0,0.0,33.0
105.6114,2,fwd,95.0,11.9,5.528,5.169,24.0,0.0,0.0,31.0,-100.0,-100.0,-8.0,0.0,0.0,32.0,-100.0,-100.0,0.0,0.0,-0.0,31.0,17.733,95.0,-268.0,94.0,2.772,36.0,-90.381,-90.311,-8.0,0.0,-0.0,31.0,31.707,31.22,8.0,0.0,0.0,31.0,40.619,40.825,-8.0,0.0,0.0,33.0
105.6637,2,fwd,95.0,11.8,5.528,5.169,24.0,0.0,0.0,31.0,-100.0,-100.0,-8.0,0.0,0.0,32.0,-100.0,-100.0,0.0,0.0,-0.0,31.0,18.0,95.0,-288.0,116.0,3.281,36.0,-90.381,-90.311,-8.0,0.0,-0.0,31.0,31.707,31.22,8.0,0.0,0.0,31.0,40.619,40.825,-8.0,0.0,0.0,33.0
105.7164,2,fwd,95.0,11.8,5.528,5.169,24.0,0.0,0.0,31.0,-100.0,-100.0,-8.0,0.0,0.0,32.0,-100.0,-100.0,0.0,0.0,-0.0,31.0,18.533,95.0,-288.0,116.0,6.684,36.0,-90.381,-90.311,-8.0,0.0,-0.0,31.0,31.707,31.22,8.0,0.0,0.0,31.0,40.619,40.825,-8.0,0.0,0.0,33.0
105.7696,2,fwd,95.0,11.8,5.528,5.169,24.0,0.0,0.0,31.0,-100.0,-100.0,-8.0,0.0,0.0,32.0,-100.0,-100.0,0.0,0.0,-0.0,31.0,18.667,95.0,-288.0,116.0,4.322,36.0,-90.381,-90.311,-8.0,0.0,-0.0,31.0,31.707,31.22,8.0,0.0,0.0,31.0,40.619,40.825,-8.0,0.0,0.0,33.0
105.8217,2,fwd,95.0,11.8,5.528,5.169,24.0,0.0,0.0,31.0,-100.0,-100.0,-8.0,0.0,0.0,32.0,-100.0,-100.0,0.0,0.0,-0.0,31.0,18.667,95.0,-288.0,116.0,3.025,36.0,-90.381,-90.311,-8.0,0.0,-0.0,31.0,31.707,31.22,8.0,0.0,0.0,31.0,40.619,40.825,-8.0,0.0,0.0,33.0
105.8754,2,fwd,95.0,11.8,5.528,5.169,24.0,0.0,0.0,31.0,-100.0,-100.0,-8.0,0.0,0.0,32.0,-100.0,-100.0,0.0,0.0,-0.0,31.0,19.467,95.0,-288.0,116.0,8.609,36.0,-90.381,-90.311,-8.0,0.0,-0.0,31.0,31.707,31.22,8.0,0.0,0.0,31.0,40.619,40.825,-8.0,0.0,0.0,33.0
105.9288,2,fwd,95.0,11.8,5.528,5.169,24.0,0.0,0.0,31.0,-100.0,-100.0,-8.0,0.0,0.0,32.0,-100.0,-100.0,0.0,0.0,-0.0,31.0,19.467,95.0,-288.0,116.0,4.219,36.0,-90.381,-90.311,-8.0,0.0,-0.0,31.0,31.707,31.22,8.0,0.0,0.0,31.0,40.619,40.825,-8.0,0.0,0.0,33.0
105.9819,2,fwd,95.0,11.8,5.528,5.169,24.0,0.0,0.0,31.0,-100.0,-100.0,-8.0,0.0,0.0,32.0,-100.0,-100.0,0.0,0.0,-0.0,31.0,19.733,95.0,-288.0,116.0,5.058,36.0,-90.381,-90.311,-8.0,0.0,-0.0,31.0,31.707,31.22,8.0,0.0,0.0,31.0,40.619,40.825,-8.0,0.0,0.0,33.0
106.035,2,fwd,95.0,11.8,5.528,5.169,24.0,0.0,0.0,31.0,-100.0,-100.0,-8.0,0.0,0.0,32.0,-100.0,-100.0,0.0,0.0,-0.0,31.0,20.133,95.0,-288.0,116.0,5.881,36.0,-90.381,-90.311,-8.0,0.0,-0.0,31.0,31.707,31.22,8.0,0.0,0.0,31.0,40.619,40.825,-8.0,0.0,0.0,33.0
106.088,2,fwd,95.0,11.8,5.528,5.169,24.0,0.0,0.0,31.0,-100.0,-100.0,-8.0,0.0,0.0,32.0,-100.0,-100.0,0.0,0.0,-0.0,31.0,20.267,95.0,-288.0,116.0,4.377,36.0,-90.381,-90.311,-8.0,0.0,-0.0,31.0,31.707,31.22,8.0,0.0,0.0,31.0,40.619,40.825,-8.0,0.0,0.0,33.0
106.1412,2,fwd,95.0,11.8,5.528,5.169,24.0,0.0,0.0,31.0,-100.0,-100.0,-8.0,0.0,0.0,32.0,-100.0,-100.0,0.0,0.0,-0.0,31.0,20.267,95.0,-288.0,116.0,2.145,36.0,-90.381,-90.311,-8.0,0.0,-0.0,31.0,31.707,31.22,8.0,0.0,0.0,31.0,40.619,40.825,-8.0,0.0,0.0,33.0
106.1942,2,fwd,95.0,11.8,5.528,5.169,24.0,0.0,0.0,31.0,-100.0,-100.0,-8.0,0.0,0.0,32.0,-100.0,-100.0,0.0,0.0,-0.0,31.0,20.533,95.0,-288.0,116.0,4.049,36.0,-90.381,-90.311,-8.0,0.0,-0.0,31.0,31.707,31.22,8.0,0.0,0.0,31.0,40.619,40.825,-8.0,0.0,0.0,33.0
106.2482,2,fwd,95.0,11.8,5.528,5.169,24.0,0.0,0.0,31.0,-100.0,-100.0,-8.0,0.0,0.0,32.0,-100.0,-100.0,0.0,0.0,-0.0,31.0,20.8,95.0,-288.0,105.0,4.172,36.0,-90.381,-90.311,-8.0,0.0,-0.0,31.0,31.707,31.22,8.0,0.0,0.0,31.0,40.619,40.825,-8.0,0.0,0.0,33.0
106.3002,2,fwd,95.0,11.8,5.528,5.169,24.0,0.0,0.0,31.0,-100.0,-100.0,-8.0,0.0,0.0,32.0,-100.0,-100.0,0.0,0.0,-0.0,31.0,20.933,95.0,-288.0,105.0,3.088,36.0,-90.381,-90.311,-8.0,0.0,-0.0,31.0,31.707,31.22,8.0,0.0,0.0,31.0,40.619,40.825,-8.0,0.0,0.0,33.0
106.3534,2,fwd,95.0,11.8,5.528,5.169,24.0,0.0,0.0,31.0,-100.0,-100.0,-8.0,0.0,0.0,32.0,-100.0,-100.0,0.0,0.0,-0.0,31.0,21.467,95.0,-288.0,105.0,7.471,36.0,-90.381,-90.311,-8.0,0.0,-0.0,31.0,31.707,31.22,8.0,0.0,0.0,31.0,40.619,40.825,-8.0,0.0,0.0,33.0
106.4057,2,fwd,95.0,11.8,5.528,5.169,24.0,0.0,0.0,31.0,-100.0,-100.0,-8.0,0.0,0.0,32.0,-100.0,-100.0,0.0,0.0,-0.0,31.0,22.133,95.0,-288.0,105.0,9.71,36.0,-90.381,-90.311,-8.0,0.0,-0.0,31.0,31.707,31.22,8.0,0.0,0.0,31.0,40.619,40.825,-8.0,0.0,0.0,33.0
106.4589,2,fwd,95.0,11.8,5.528,5.169,24.0,0.0,0.0,31.0,-100.0,-100.0,-8.0,0.0,0.0,32.0,-100.0,-100.0,0.0,0.0,-0.0,31.0,22.4,95.0,-288.0,105.0,7.776,36.0,-90.381,-90.311,-8.0,0.0,-0.0,31.0,31.707,31.22,8.0,0.0,0.0,31.0,40.619,40.825,-8.0,0.0,0.0,33.0
106.5121,2,fwd,95.0,11.8,5.528,5.169,24.0,0.0,0.0,31.0,-100.0,-100.0,-8.0,0.0,0.0,32.0,-100.0,-100.0,0.0,0.0,-0.0,31.0,22.533,95.0,-288.0,105.0,5.292,36.0,-90.381,-90.311,-8.0,0.0,-0.0,31.0,31.707,31.22,8.0,0.0,0.0,31.0,40.619,40.825,-8.0,0.0,0.0,33.0
106.5653,2,fwd,95.0,11.8,5.528,5.169,24.0,0.0,0.0,31.0,-100.0,-100.0,-8.0,0.0,0.0,32.0,-100.0,-100.0,0.0,0.0,-0.0,31.0,22.667,95.0,-288.0,105.0,4.082,36.0,-90.381,-90.311,-8.0,0.0,-0.0,31.0,31.707,31.22,8.0,0.0,0.0,31.0,40.619,40.825,-8.0,0.0,0.0,33.0
106.6185,2,fwd,95.0,11.8,5.528,5.169,24.0,0.0,0.0,31.0,-100.0,-100.0,-8.0,0.0,0.0,32.0,-100.0,-100.0,0.0,0.0,-0.0,31.0,22.8,95.0,-288.0,105.0,3.475,36.0,-90.381,-90.311,-8.0,0.0,-0.0,31.0,31.707,31.22,8.0,0.0,0.0,31.0,40.619,40.825,-8.0,0.0,0.0,33.0
106.6707,2,fwd,95.0,11.8,5.528,5.169,24.0,0.0,0.0,31.0,-100.0,-100.0,-8.0,0.0,0.0,32.0,-100.0,-100.0,0.0,0.0,-0.0,31.0,22.933,95.0,-288.0,105.0,2.753,36.0,-90.381,-90.311,-8.0,0.0,-0.0,31.0,31.707,31.22,8.0,0.0,0.0,31.0,40.619,40.825,-8.0,0.0,0.0,33.0
106.7238,2,fwd,95.0,11.8,5.528,5.169,24.0,0.0,0.0,31.0,-100.0,-100.0,-8.0,0.0,0.0,32.0,-100.0,-100.0,0.0,0.0,-0.0,31.0,23.467,95.0,-288.0,105.0,6.879,36.0,-90.381,-90.311,-8.0,0.0,-0.0,31.0,31.707,31.22,8.0,0.0,0.0,31.0,40.619,40.825,-8.0,0.0,0.0,33.0
106.7771,2,fwd,95.0,11.8,5.528,5.169,24.0,0.0,0.0,31.0,-100.0,-100.0,-8.0,0.0,0.0,32.0,-100.0,-100.0,0.0,0.0,-0.0,31.0,23.467,95.0,-288.0,105.0,4.815,36.0,-90.381,-90.311,-8.0,0.0,-0.0,31.0,31.707,31.22,8.0,0.0,0.0,31.0,40.619,40.825,-8.0,0.0,0.0,33.0
106.8296,2,fwd,95.0,11.8,5.528,5.169,24.0,0.0,0.0,31.0,-100.0,-100.0,-8.0,0.0,0.0,32.0,-100.0,-100.0,0.0,0.0,-0.0,31.0,23.467,95.0,-288.0,121.0,3.371,36.0,-90.381,-90.311,-8.0,0.0,-0.0,31.0,31.707,31.22,8.0,0.0,0.0,31.0,40.619,40.825,-8.0,0.0,0.0,33.0
106.883,2,fwd,95.0,11.8,5.528,5.169,24.0,0.0,0.0,31.0,-100.0,-100.0,-8.0,0.0,0.0,32.0,-100.0,-100.0,0.0,0.0,-0.0,31.0,23.6,95.0,-288.0,121.0,3.112,36.0,-90.381,-90.311,-8.0,0.0,-0.0,31.0,31.707,31.22,8.0,0.0,0.0,31.0,40.619,40.825,-8.0,0.0,0.0,33.0
106.9361,2,fwd,95.0,11.8,5.528,5.169,24.0,0.0,0.0,31.0,-100.0,-100.0,-8.0,0.0,0.0,32.0,-100.0,-100.0,0.0,0.0,-0.0,31.0,24.0,95.0,-288.0,121.0,4.869,36.0,-90.381,-90.311,-8.0,0.0,-0.0,31.0,31.707,31.22,8.0,0.0,0.0,31.0,40.619,40.825,-8.0,0.0,0.0,33.0
106.9895,2,fwd,95.0,11.8,5.528,5.169,24.0,0.0,0.0,31.0,-100.0,-100.0,-8.0,0.0,0.0,32.0,-100.0,-100.0,0.0,0.0,-0.0,31.0,24.133,95.0,-288.0,121.0,3.433,36.0,-90.381,-90.311,-8.0,0.0,-0.0,31.0,31.707,31.22,8.0,0.0,0.0,31.0,40.619,40.825,-8.0,0.0,0.0,33.0
107.0417,2,fwd,95.0,11.8,5.528,5.169,24.0,0.0,0.0,31.0,-100.0,-100.0,-8.0,0.0,0.0,32.0,-100.0,-100.0,0.0,0.0,-0.0,31.0,24.133,95.0,-288.0,121.0,1.682,36.0,-90.381,-90.311,-8.0,0.0,-0.0,31.0,31.707,31.22,8.0,0.0,0.0,31.0,40.619,40.825,-8.0,0.0,0.0,33.0
107.094,2,fwd,95.0,11.8,5.528,5.169,24.0,0.0,0.0,31.0,-100.0,-100.0,-8.0,0.0,0.0,32.0,-100.0,-100.0,0.0,0.0,-0.0,31.0,25.333,95.0,-288.0,121.0,11.756,36.0,-90.381,-90.311,-8.0,0.0,-0.0,31.0,31.707,31.22,8.0,0.0,0.0,31.0,40.619,40.825,-8.0,0.0,0.0,33.0
107.1474,2,fwd,95.0,11.8,5.528,5.169,24.0,0.0,0.0,31.0,-100.0,-100.0,-8.0,0.0,0.0,32.0,-100.0,-100.0,0.0,0.0,-0.0,31.0,25.467,95.0,-288.0,121.0,6.804,36.0,-90.381,-90.311,-8.0,0.0,-0.0,31.0,31.707,31.22,8.0,0.0,0.0,31.0,40.619,40.825,-8.0,0.0,0.0,33.0
107.1996,2,fwd,95.0,11.8,5.528,5.169,24.0,0.0,0.0,31.0,-100.0,-100.0,-8.0,0.0,0.0,32.0,-100.0,-100.0,0.0,0.0,-0.0,31.0,25.733,95.0,-288.0,121.0,5.882,36.0,-90.381,-90.311,-8.0,0.0,-0.0,31.0,31.707,31.22,8.0,0.0,0.0,31.0,40.619,40.825,-8.0,0.0,0.0,33.0
107.2538,2,fwd,95.0,11.8,5.528,5.169,24.0,0.0,0.0,31.0,-100.0,-100.0,-8.0,0.0,0.0,32.0,-100.0,-100.0,0.0,0.0,-0.0,31.0,25.733,95.0,-288.0,121.0,2.882,36.0,-90.381,-90.311,-8.0,0.0,-0.0,31.0,31.707,31.22,8.0,0.0,0.0,31.0,40.619,40.825,-8.0,0.0,0.0,33.0
107.3068,2,fwd,95.0,11.8,5.528,5.169,24.0,0.0,0.0,31.0,-100.0,-100.0,-8.0,0.0,0.0,32.0,-100.0,-100.0,0.0,0.0,-0.0,31.0,25.867,95.0,-288.0,121.0,2.895,36.0,-90.381,-90.311,-8.0,0.0,-0.0,31.0,31.707,31.22,8.0,0.0,0.0,31.0,40.619,40.825,-8.0,0.0,0.0,33.0
107.3587,2,fwd,95.0,11.8,5.528,5.169,24.0,0.0,0.0,31.0,-100.0,-100.0,-8.0,0.0,0.0,32.0,-100.0,-100.0,0.0,0.0,-0.0,31.0,26.0,95.0,-296.0,115.0,3.53,36.0,-90.381,-90.311,-8.0,0.0,-0.0,31.0,31.707,31.22,8.0,0.0,0.0,31.0,40.619,40.825,-8.0,0.0,0.0,33.0
107.4107,2,fwd,95.0,11.8,5.528,5.169,24.0,0.0,0.0,31.0,-100.0,-100.0,-8.0,0.0,0.0,32.0,-100.0,-100.0,0.0,0.0,-0.0,31.0,26.4,95.0,-296.0,115.0,4.199,36.0,-90.381,-90.311,-8.0,0.0,-0.0,31.0,31.707,31.22,8.0,0.0,0.0,31.0,40.619,40.825,-8.0,0.0,0.0,33.0
107.4642,2,fwd,95.0,11.8,5.528,5.169,24.0,0.0,0.0,31.0,-100.0,-100.0,-8.0,0.0,0.0,32.0,-100.0,-100.0,0.0,0.0,-0.0,31.0,26.667,95.0,-296.0,115.0,4.591,36.0,-90.381,-90.311,-8.0,0.0,-0.0,31.0,31.707,31.22,8.0,0.0,0.0,31.0,40.619,40.825,-8.0,0.0,0.0,33.0
107.5175,2,fwd,95.0,11.8,5.528,5.169,24.0,0.0,0.0,31.0,-100.0,-100.0,-8.0,0.0,0.0,32.0,-100.0,-100.0,0.0,0.0,-0.0,31.0,27.333,95.0,-296.0,115.0,8.387,36.0,-90.381,-90.311,-8.0,0.0,-0.0,31.0,31.707,31.22,8.0,0.0,0.0,31.0,40.619,40.825,-8.0,0.0,0.0,33.0
107.5696,2,fwd,95.0,11.8,5.528,5.169,24.0,0.0,0.0,31.0,-100.0,-100.0,-8.0,0.0,0.0,32.0,-100.0,-100.0,0.0,0.0,-0.0,31.0,27.333,95.0,-296.0,115.0,4.11,36.0,-90.381,-90.311,-8.0,0.0,-0.0,31.0,31.707,31.22,8.0,0.0,0.0,31.0,40.619,40.825,-8.0,0.0,0.0,33.0
107.6224,2,fwd,95.0,11.8,5.528,5.169,24.0,0.0,0.0,31.0,-100.0,-100.0,-8.0,0.0,0.0,32.0,-100.0,-100.0,0.0,0.0,-0.0,31.0,27.467,95.0,-296.0,115.0,3.056,36.0,-90.381,-90.311,-8.0,0.0,-0.0,31.0,31.707,31.22,8.0,0.0,0.0,31.0,40.619,40.825,-8.0,0.0,0.0,33.0
107.6756,2,fwd,95.0,11.8,5.528,5.169,24.0,0.0,0.0,31.0,-100.0,-100.0,-8.0,0.0,0.0,32.0,-100.0,-100.0,0.0,0.0,-0.0,31.0,27.733,95.0,-296.0,115.0,5.063,36.0,-90.381,-90.311,-8.0,0.0,-0.0,31.0,31.707,31.22,8.0,0.0,0.0,31.0,40.619,40.825,-8.0,0.0,0.0,33.0
107.7293,2,fwd,95.0,11.8,5.528,5.169,24.0,0.0,0.0,31.0,-100.0,-100.0,-8.0,0.0,0.0,32.0,-100.0,-100.0,0.0,0.0,-0.0,31.0,28.267,95.0,-296.0,115.0,7.292,36.0,-90.381,-90.311,-8.0,0.0,-0.0,31.0,31.707,31.22,8.0,0.0,0.0,31.0,40.619,40.825,-8.0,0.0,0.0,33.0
107.782,2,fwd,95.0,11.8,5.528,5.169,24.0,0.0,0.0,31.0,-100.0,-100.0,-8.0,0.0,0.0,32.0,-100.0,-100.0,0.0,0.0,-0.0,31.0,28.8,95.0,-296.0,115.0,8.405,36.0,-90.381,-90.311,-8.0,0.0,-0.0,31.0,31.707,31.22,8.0,0.0,0.0,31.0,40.619,40.825,-8.0,0.0,0.0,33.0
107.8347,2,fwd,95.0,11.8,5.528,5.169,24.0,0.0,0.0,31.0,-100.0,-100.0,-8.0,0.0,0.0,32.0,-100.0,-100.0,0.0,0.0,-0.0,31.0,28.933,95.0,-296.0,115.0,5.094,36.0,-90.381,-90.311,-8.0,0.0,-0.0,31.0,31.707,31.22,8.0,0.0,0.0,31.0,40.619,40.825,-8.0,0.0,0.0,33.0
107.8867,2,fwd,95.0,11.8,5.528,5.169,24.0,0.0,0.0,31.0,-100.0,-100.0,-8.0,0.0,0.0,32.0,-100.0,-100.0,0.0,0.0,-0.0,31.0,29.2,95.0,-296.0,115.0,5.482,36.0,-90.381,-90.311,-8.0,0.0,-0.0,31.0,31.707,31.22,8.0,0.0,0.0,31.0,40.619,40.825,-8.0,0.0,0.0,33.0
107.94,2,fwd,95.0,11.9,5.528,5.169,24.0,0.0,0.0,31.0,-100.0,-100.0,-8.0,0.0,0.0,32.0,-100.0,-100.0,0.0,0.0,-0.0,31.0,29.467,95.0,-272.0,107.0,6.828,36.0,-90.381,-90.311,-8.0,0.0,-0.0,31.0,31.707,31.22,8.0,0.0,0.0,31.0,40.619,40.825,-8.0,0.0,0.0,33.0
107.9931,2,fwd,95.0,11.9,5.528,5.169,24.0,0.0,0.0,31.0,-100.0,-100.0,-8.0,0.0,0.0,32.0,-100.0,-100.0,0.0,0.0,-0.0,31.0,29.467,95.0,-272.0,107.0,3.346,36.0,-90.381,-90.311,-8.0,0.0,-0.0,31.0,31.707,31.22,8.0,0.0,0.0,31.0,40.619,40.825,-8.0,0.0,0.0,33.0
108.0464,2,fwd,95.0,11.9,5.528,5.169,24.0,0.0,0.0,31.0,-100.0,-100.0,-8.0,0.0,0.0,32.0,-100.0,-100.0,0.0,0.0,-0.0,31.0,29.733,95.0,-272.0,107.0,4.646,36.0,-90.381,-90.311,-8.0,0.0,-0.0,31.0,31.707,31.22,8.0,0.0,0.0,31.0,40.619,40.825,-8.0,0.0,0.0,33.0
108.0986,2,fwd,95.0,11.9,5.528,5.169,24.0,0.0,0.0,31.0,-100.0,-100.0,-8.0,0.0,0.0,32.0,-100.0,-100.0,0.0,0.0,-0.0,31.0,30.267,95.0,-272.0,107.0,7.403,36.0,-90.381,-90.311,-8.0,0.0,-0.0,31.0,31.707,31.22,8.0,0.0,0.0,31.0,40.619,40.825,-8.0,0.0,0.0,33.0
108.1507,2,fwd,95.0,11.9,5.528,5.169,24.0,0.0,0.0,31.0,-100.0,-100.0,-8.0,0.0,0.0,32.0,-100.0,-100.0,0.0,0.0,-0.0,31.0,30.267,95.0,-272.0,107.0,3.628,36.0,-90.381,-90.311,-8.0,0.0,-0.0,31.0,31.707,31.22,8.0,0.0,0.0,31.0,40.619,40.825,-8.0,0.0,0.0,33.0
108.2038,2,fwd,95.0,11.9,5.528,5.169,24.0,0.0,0.0,31.0,-100.0,-100.0,-8.0,0.0,0.0,32.0,-100.0,-100.0,0.0,0.0,-0.0,31.0,30.533,95.0,-272.0,107.0,4.315,36.0,-90.381,-90.311,-8.0,0.0,-0.0,31.0,31.707,31.22,8.0,0.0,0.0,31.0,40.619,40.825,-8.0,0.0,0.0,33.0
108.2579,2,fwd,95.0,11.9,5.528,5.169,24.0,0.0,0.0,31.0,-100.0,-100.0,-8.0,0.0,0.0,32.0,-100.0,-100.0,0.0,0.0,-0.0,31.0,30.533,95.0,-272.0,107.0,2.114,36.0,-90.381,-90.311,-8.0,0.0,-0.0,31.0,31.707,31.22,8.0,0.0,0.0,31.0,40.619,40.825,-8.0,0.0,0.0,33.0
108.311,2,fwd,95.0,11.9,5.528,5.169,24.0,0.0,0.0,31.0,-100.0,-100.0,-8.0,0.0,0.0,32.0,-100.0,-100.0,0.0,0.0,-0.0,31.0,30.533,95.0,-272.0,107.0,1.036,36.0,-90.381,-90.311,-8.0,0.0,-0.0,31.0,31.707,31.22,8.0,0.0,0.0,31.0,40.619,40.825,-8.0,0.0,0.0,33.0
108.3639,2,fwd,95.0,11.9,5.528,5.169,24.0,0.0,0.0,31.0,-100.0,-100.0,-8.0,0.0,0.0,32.0,-100.0,-100.0,0.0,0.0,-0.0,31.0,31.333,95.0,-272.0,107.0,7.663,36.0,-90.381,-90.311,-8.0,0.0,-0.0,31.0,31.707,31.22,8.0,0.0,0.0,31.0,40.619,40.825,-8.0,0.0,0.0,33.0
108.4171,2,fwd,95.0,11.9,5.528,5.169,24.0,0.0,0.0,31.0,-100.0,-100.0,-8.0,0.0,0.0,32.0,-100.0,-100.0,0.0,0.0,-0.0,31.0,31.867,95.0,-272.0,107.0,8.313,36.0,-90.381,-90.311,-8.0,0.0,-0.0,31.0,31.707,31.22,8.0,0.0,0.0,31.0,40.619,40.825,-8.0,0.0,0.0,33.0
108.471,2,fwd,95.0,11.9,5.528,5.169,24.0,0.0,0.0,31.0,-100.0,-100.0,-8.0,0.0,0.0,32.0,-100.0,-100.0,0.0,0.0,-0.0,31.0,32.133,95.0,-272.0,107.0,6.16,36.0,-90.381,-90.311,-8.0,0.0,-0.0,31.0,31.707,31.22,8.0,0.0,0.0,31.0,40.619,40.825,-8.0,0.0,0.0,33.0
108.5246,2,fwd,95.0,11.9,5.528,5.169,24.0,0.0,0.0,31.0,-100.0,-100.0,-8.0,0.0,0.0,32.0,-100.0,-100.0,0.0,0.0,-0.0,31.0,32.133,95.0,-272.0,84.0,6.16,36.0,-90.381,-90.311,-8.0,0.0,-0.0,31.0,31.707,31.22,8.0,0.0,0.0,31.0,40.619,40.825,-8.0,0.0,0.0,33.0
108.5785,2,fwd,95.0,11.9,5.528,5.169,24.0,0.0,0.0,31.0,-100.0,-100.0,-8.0,0.0,0.0,32.0,-100.0,-100.0,0.0,0.0,-0.0,31.0,32.533,95.0,-272.0,84.0,4.372,36.0,-90.381,-90.311,-8.0,0.0,-0.0,31.0,31.707,31.22,8.0,0.0,0.0,31.0,40.619,40.825,-8.0,0.0,0.0,33.0
108.6316,2,fwd,95.0,11.9,5.528,5.169,24.0,0.0,0.0,31.0,-100.0,-100.0,-8.0,0.0,0.0,32.0,-100.0,-100.0,0.0,0.0,-0.0,31.0,32.667,95.0,-272.0,84.0,3.103,36.0,-90.381,-90.311,-8.0,0.0,-0.0,31.0,31.707,31.22,8.0,0.0,0.0,31.0,40.619,40.825,-8.0,0.0,0.0,33.0
108.6855,2,fwd,95.0,11.9,5.528,5.169,24.0,0.0,0.0,31.0,-100.0,-100.0,-8.0,0.0,0.0,32.0,-100.0,-100.0,0.0,0.0,-0.0,31.0,32.8,95.0,-272.0,84.0,2.465,36.0,-90.381,-90.311,-8.0,0.0,-0.0,31.0,31.707,31.22,8.0,0.0,0.0,31.0,40.619,40.825,-8.0,0.0,0.0,33.0
108.7396,2,fwd,95.0,11.9,5.528,5.169,24.0,0.0,0.0,31.0,-100.0,-100.0,-8.0,0.0,0.0,32.0,-100.0,-100.0,0.0,0.0,-0.0,31.0,33.067,95.0,-272.0,84.0,4.192,36.0,-90.381,-90.311,-8.0,0.0,-0.0,31.0,31.707,31.22,8.0,0.0,0.0,31.0,40.619,40.825,-8.0,0.0,0.0,33.0
108.7931,2,fwd,95.0,11.9,5.528,5.169,24.0,0.0,0.0,31.0,-100.0,-100.0,-8.0,0.0,0.0,32.0,-100.0,-100.0,0.0,0.0,-0.0,31.0,33.6,95.0,-272.0,84.0,6.68,36.0,-90.381,-90.311,-8.0,0.0,-0.0,31.0,31.707,31.22,8.0,0.0,0.0,31.0,40.619,40.825,-8.0,0.0,0.0,33.0
108.8469,2,fwd,95.0,11.9,5.528,5.169,24.0,0.0,0.0,31.0,-100.0,-100.0,-8.0,0.0,0.0,32.0,-100.0,-100.0,0.0,0.0,-0.0,31.0,33.6,95.0,-272.0,84.0,3.273,36.0,-90.381,-90.311,-8.0,0.0,-0.0,31.0,31.707,31.22,8.0,0.0,0.0,31.0,40.619,40.825,-8.0,0.0,0.0,33.0
108.9005,2,fwd,95.0,11.9,5.528,5.169,24.0,0.0,0.0,31.0,-100.0,-100.0,-8.0,0.0,0.0,32.0,-100.0,-100.0,0.0,0.0,-0.0,31.0,33.733,95.0,-272.0,84.0,2.643,36.0,-90.381,-90.311,-8.0,0.0,-0.0,31.0,31.707,31.22,8.0,0.0,0.0,31.0,40.619,40.825,-8.0,0.0,0.0,33.0
108.9541,2,fwd,95.0,11.9,5.528,5.169,24.0,0.0,0.0,31.0,-100.0,-100.0,-8.0,0.0,0.0,32.0,-100.0,-100.0,0.0,0.0,-0.0,31.0,33.867,95.0,-272.0,84.0,2.337,36.0,-90.45,-90.311,-8.0,0.0,-0.765,31.0,31.707,31.22,8.0,0.0,0.0,31.0,40.619,40.825,-8.0,0.0,0.0,33.0
109.0072,2,fwd,95.0,11.9,5.528,5.169,24.0,0.0,0.0,31.0,-100.0,-100.0,-8.0,0.0,0.0,32.0,-100.0,-100.0,0.0,0.0,-0.0,31.0,33.867,95.0,-272.0,84.0,1.145,36.0,-90.45,-90.311,-8.0,0.0,-0.375,31.0,31.707,31.22,8.0,0.0,0.0,31.0,40.619,40.825,-8.0,0.0,0.0,33.0
109.0597,2,fwd,95.0,11.9,5.528,5.169,24.0,0.0,0.0,31.0,-100.0,-100.0,-8.0,0.0,0.0,32.0,-100.0,-100.0,0.0,0.0,-0.0,31.0,34.933,95.0,-272.0,84.0,10.753,36.0,-90.45,-90.311,-8.0,0.0,-0.184,31.0,31.707,31.22,8.0,0.0,0.0,31.0,40.619,40.825,-8.0,0.0,0.0,33.0
109.1131,2,fwd,95.0,11.8,5.528,5.169,24.0,0.0,0.0,31.0,-100.0,-100.0,-8.0,0.0,0.0,32.0,-100.0,-100.0,0.0,0.0,-0.0,31.0,35.2,95.0,-276.0,100.0,8.856,36.0,-90.45,-90.311,-16.0,0.0,-0.129,31.0,31.707,31.22,8.0,0.0,0.0,31.0,40.619,40.825,-8.0,0.0,0.0,33.0
109.1664,2,fwd,95.0,11.8,5.528,5.169,24.0,0.0,0.0,31.0,-100.0,-100.0,-8.0,0.0,0.0,32.0,-100.0,-100.0,0.0,0.0,-0.0,31.0,35.6,95.0,-276.0,100.0,8.837,36.0,-90.45,-90.311,-16.0,0.0,-0.063,31.0,31.707,31.22,8.0,0.0,0.0,31.0,40.619,40.825,-8.0,0.0,0.0,33.0
109.2187,2,fwd,95.0,11.8,5.528,5.169,24.0,0.0,0.0,31.0,-100.0,-100.0,-8.0,0.0,0.0,32.0,-100.0,-100.0,0.0,0.0,-0.0,31.0,35.867,95.0,-276.0,100.0,6.396,36.0,-90.45,-90.311,-16.0,0.0,-0.031,31.0,31.707,31.22,8.0,0.0,0.0,31.0,40.619,40.825,-8.0,0.0,0.0,33.0
109.2727,2,fwd,95.0,11.8,5.528,5.169,24.0,0.0,0.0,31.0,-100.0,-100.0,-8.0,0.0,0.0,32.0,-100.0,-100.0,0.0,0.0,-0.0,31.0,35.867,95.0,-276.0,100.0,3.134,36.0,-90.45,-90.311,-16.0,0.0,-0.015,31.0,31.707,31.22,8.0,0.0,0.0,31.0,40.619,40.825,-8.0,0.0,0.0,33.0
109.3258,2,fwd,95.0,11.8,5.528,5.169,24.0,0.0,0.0,31.0,-100.0,-100.0,-8.0,0.0,0.0,32.0,-100.0,-100.0,0.0,0.0,-0.0,31.0,36.0,95.0,-276.0,100.0,2.584,36.0,-90.45,-90.311,-16.0,0.0,-0.007,31.0,31.707,31.22,8.0,0.0,0.0,31.0,40.619,40.825,-8.0,0.0,0.0,33.0
109.3789,2,fwd,95.0,11.8,5.528,5.169,24.0,0.0,0.0,31.0,-100.0,-100.0,-8.0,0.0,0.0,32.0,-100.0,-100.0,0.0,0.0,-0.0,31.0,36.0,95.0,-276.0,100.0,1.266,36.0,-90.45,-90.311,-16.0,0.0,-0.004,31.0,31.707,31.22,8.0,0.0,0.0,31.0,40.619,40.825,-8.0,0.0,0.0,33.0
109.4323,2,fwd,95.0,11.8,5.528,5.169,24.0,0.0,0.0,31.0,-100.0,-100.0,-8.0,0.0,0.0,32.0,-100.0,-100.0,0.0,0.0,-0.0,31.0,36.667,95.0,-276.0,100.0,6.653,36.0,-90.45,-90.311,-16.0,0.0,-0.002,31.0,31.707,31.22,8.0,0.0,0.0,31.0,40.619,40.825,-8.0,0.0,0.0,33.0
109.4848,2,fwd,95.0,11.8,5.528,5.169,24.0,0.0,0.0,31.0,-100.0,-100.0,-8.0,0.0,0.0,32.0,-100.0,-100.0,0.0,0.0,-0.0,31.0,36.8,95.0,-276.0,100.0,4.287,36.0,-90.45,-90.311,-16.0,0.0,-0.001,31.0,31.707,31.22,8.0,0.0,0.0,31.0,40.619,40.825,-8.0,0.0,0.0,33.0
109.538,2,fwd,95.0,11.8,5.528,5.169,24.0,0.0,0.0,31.0,-100.0,-100.0,-8.0,0.0,0.0,32.0,-100.0,-100.0,0.0,0.0,-0.0,31.0,36.8,95.0,-276.0,100.0,2.101,36.0,-90.45,-90.311,-16.0,0.0,-0.0,31.0,31.707,31.22,8.0,0.0,0.0,31.0,40.619,40.825,-8.0,0.0,0.0,33.0
109.5909,2,fwd,95.0,11.8,5.528,5.169,24.0,0.0,0.0,31.0,-100.0,-100.0,-8.0,0.0,0.0,32.0,-100.0,-100.0,0.0,0.0,-0.0,31.0,36.933,95.0,-276.0,100.0,2.51,36.0,-90.45,-90.311,-16.0,0.0,-0.0,31.0,31.707,31.22,8.0,0.0,0.0,31.0,40.619,40.825,-8.0,0.0,0.0,33.0
109.6444,2,fwd,95.0,11.8,5.528,5.169,24.0,0.0,0.0,31.0,-100.0,-100.0,-8.0,0.0,0.0,32.0,-100.0,-100.0,0.0,0.0,-0.0,31.0,36.933,95.0,-336.0,157.0,1.757,36.0,-90.45,-90.311,-16.0,0.0,-0.0,31.0,31.707,31.22,8.0,0.0,0.0,31.0,40.619,40.825,-8.0,0.0,0.0,33.0
109.6975,2,fwd,95.0,11.8,5.528,5.169,24.0,0.0,0.0,31.0,-100.0,-100.0,-8.0,0.0,0.0,32.0,-100.0,-100.0,0.0,0.0,-0.0,31.0,37.6,95.0,-336.0,157.0,4.729,36.0,-90.45,-90.311,-16.0,0.0,-0.0,31.0,31.707,31.22,8.0,0.0,0.0,31.0,40.619,40.825,-8.0,0.0,0.0,33.0
109.751,2,fwd,95.0,11.8,5.528,5.169,24.0,0.0,0.0,31.0,-100.0,-100.0,-8.0,0.0,0.0,32.0,-100.0,-100.0,0.0,0.0,-0.0,31.0,38.0,95.0,-336.0,157.0,6.231,36.0,-90.45,-90.311,-16.0,0.0,-0.0,31.0,31.707,31.22,8.0,0.0,0.0,31.0,40.619,40.825,-8.0,0.0,0.0,33.0
109.8043,2,fwd,95.0,11.8,5.528,5.169,24.0,0.0,0.0,31.0,-100.0,-100.0,-8.0,0.0,0.0,32.0,-100.0,-100.0,0.0,0.0,-0.0,31.0,38.8,95.0,-336.0,157.0,10.33,36.0,-90.45,-90.311,-16.0,0.0,-0.0,31.0,31.707,31.22,8.0,0.0,0.0,31.0,40.619,40.825,-8.0,0.0,0.0,33.0
109.8574,2,fwd,95.0,11.8,5.528,5.169,24.0,0.0,0.0,31.0,-100.0,-100.0,-8.0,0.0,0.0,32.0,-100.0,-100.0,0.0,0.0,-0.0,31.0,39.067,95.0,-336.0,157.0,7.505,36.0,-90.45,-90.311,-16.0,0.0,-0.0,31.0,31.707,31.22,8.0,0.0,0.0,31.0,40.619,40.825,-8.0,0.0,0.0,33.0
109.9099,2,fwd,95.0,11.8,5.528,5.169,24.0,0.0,0.0,31.0,-100.0,-100.0,-8.0,0.0,0.0,32.0,-100.0,-100.0,0.0,0.0,-0.0,31.0,39.067,95.0,-336.0,157.0,3.678,36.0,-90.45,-90.311,-16.0,0.0,-0.0,31.0,31.707,31.22,8.0,0.0,0.0,31.0,40.619,40.825,-8.0,0.0,0.0,33.0
109.9623,2,fwd,95.0,11.8,5.528,5.169,24.0,0.0,0.0,31.0,-100.0,-100.0,-8.0,0.0,0.0,32.0,-100.0,-100.0,0.0,0.0,-0.0,31.0,39.2,95.0,-336.0,157.0,2.851,36.0,-90.45,-90.311,-16.0,0.0,-0.0,31.0,31.707,31.22,8.0,0.0,0.0,31.0,40.619,40.825,-8.0,0.0,0.0,33.0
110.0156,2,fwd,95.0,11.8,5.528,5.169,24.0,0.0,0.0,31.0,-100.0,-100.0,-8.0,0.0,0.0,32.0,-100.0,-100.0,0.0,0.0,-0.0,31.0,39.2,95.0,-336.0,157.0,1.397,36.0,-90.45,-90.311,-16.0,0.0,-0.0,31.0,31.707,31.22,8.0,0.0,0.0,31.0,40.619,40.825,-8.0,0.0,0.0,33.0
110.0688,2,fwd,95.0,11.8,5.528,5.169,24.0,0.0,0.0,31.0,-100.0,-100.0,-8.0,0.0,0.0,32.0,-100.0,-100.0,0.0,0.0,-0.0,31.0,39.467,95.0,-336.0,157.0,3.676,36.0,-90.45,-90.311,-16.0,0.0,-0.0,31.0,31.707,31.22,8.0,0.0,0.0,31.0,40.619,40.825,-8.0,0.0,0.0,33.0
110.1219,2,fwd,95.0,11.8,5.528,5.169,24.0,0.0,0.0,31.0,-100.0,-100.0,-8.0,0.0,0.0,32.0,-100.0,-100.0,0.0,0.0,-0.0,31.0,40.0,95.0,-336.0,157.0,6.465,36.0,-90.45,-90.311,-16.0,0.0,-0.0,31.0,31.707,31.22,8.0,0.0,0.0,31.0,40.619,40.825,-8.0,0.0,0.0,33.0
110.1752,2,fwd,95.0,11.8,5.528,5.169,24.0,0.0,0.0,31.0,-100.0,-100.0,-8.0,0.0,0.0,32.0,-100.0,-100.0,0.0,0.0,-0.0,31.0,40.0,95.0,-336.0,157.0,3.168,36.0,-90.45,-90.311,-16.0,0.0,-0.0,31.0,31.707,31.22,8.0,0.0,0.0,31.0,40.619,40.825,-8.0,0.0,0.0,33.0
110.2283,2,fwd,95.0,11.8,5.528,5.169,24.0,0.0,0.0,31.0,-100.0,-100.0,-8.0,0.0,0.0,32.0,-100.0,-100.0,0.0,0.0,-0.0,32.0,40.267,95.0,-304.0,122.0,5.184,37.0,-90.45,-90.311,-16.0,0.0,-0.0,31.0,31.707,31.22,8.0,0.0,0.0,31.0,40.619,40.825,-8.0,0.0,0.0,33.0
110.2824,2,fwd,95.0,11.8,5.528,5.169,24.0,0.0,0.0,31.0,-100.0,-100.0,-8.0,0.0,0.0,32.0,-100.0,-100.0,0.0,0.0,-0.0,32.0,40.667,95.0,-304.0,122.0,4.016,37.0,-90.45,-90.311,-16.0,0.0,-0.0,31.0,31.707,31.22,8.0,0.0,0.0,31.0,40.619,40.825,-8.0,0.0,0.0,33.0
110.3364,2,fwd,95.0,11.8,5.528,5.169,24.0,0.0,0.0,31.0,-100.0,-100.0,-8.0,0.0,0.0,32.0,-100.0,-100.0,0.0,0.0,-0.0,32.0,40.8,95.0,-304.0,122.0,3.008,37.0,-90.45,-90.311,-16.0,0.0,-0.0,31.0,31.707,31.22,8.0,0.0,0.0,31.0,40.619,40.825,-8.0,0.0,0.0,33.0
110.39,2,fwd,95.0,11.8,5.528,5.169,24.0,0.0,0.0,31.0,-100.0,-100.0,-8.0,0.0,0.0,32.0,-100.0,-100.0,0.0,0.0,-0.0,32.0,41.067,95.0,-304.0,122.0,4.501,37.0,-90.45,-90.311,-16.0,0.0,-0.0,31.0,31.707,31.22,8.0,0.0,0.0,31.0,40.619,40.825,-8.0,0.0,0.0,33.0
110.443,2,fwd,95.0,11.8,5.528,5.169,24.0,0.0,0.0,31.0,-100.0,-100.0,-8.0,0.0,0.0,32.0,-100.0,-100.0,0.0,0.0,-0.0,32.0,42.0,95.0,-304.0,122.0,10.77,37.0,-90.45,-90.311,-16.0,0.0,-0.0,31.0,31.707,31.22,8.0,0.0,0.0,31.0,40.619,40.825,-8.0,0.0,0.0,33.0
110.4954,2,fwd,95.0,11.8,5.528,5.169,24.0,0.0,0.0,31.0,-100.0,-100.0,-8.0,0.0,0.0,32.0,-100.0,-100.0,0.0,0.0,-0.0,32.0,42.133,95.0,-304.0,122.0,6.728,37.0,-90.45,-90.311,-16.0,0.0,-0.0,31.0,31.707,31.22,8.0,0.0,0.0,31.0,40.619,40.825,-8.0,0.0,0.0,33.0
110.5491,2,fwd,95.0,11.8,5.528,5.169,24.0,0.0,0.0,31.0,-100.0,-100.0,-8.0,0.0,0.0,32.0,-100.0,-100.0,0.0,0.0,-0.0,32.0,42.267,95.0,-304.0,122.0,4.336,37.0,-90.45,-90.311,-16.0,0.0,-0.0,31.0,31.707,31.22,8.0,0.0,0.0,31.0,40.619,40.825,-8.0,0.0,0.0,33.0
110.6024,2,fwd,95.0,11.8,5.528,5.169,24.0,0.0,0.0,31.0,-100.0,-100.0,-8.0,0.0,0.0,32.0,-100.0,-100.0,0.0,0.0,-0.0,32.0,42.4,95.0,-304.0,122.0,3.161,37.0,-90.45,-90.311,-16.0,0.0,-0.0,31.0,31.707,31.22,8.0,0.0,0.0,31.0,40.619,40.825,-8.0,0.0,0.0,33.0
110.6548,2,fwd,95.0,11.8,5.528,5.169,24.0,0.0,0.0,31.0,-100.0,-100.0,-8.0,0.0,0.0,32.0,-100.0,-100.0,0.0,0.0,-0.0,32.0,42.4,95.0,-304.0,122.0,1.549,37.0,-90.45,-90.311,-16.0,0.0,-0.0,31.0,31.707,31.22,8.0,0.0,0.0,31.0,40.619,40.825,-8.0,0.0,0.0,33.0
110.7081,2,fwd,95.0,11.8,5.528,5.169,24.0,0.0,0.0,31.0,-100.0,-100.0,-8.0,0.0,0.0,32.0,-100.0,-100.0,0.0,0.0,-0.0,32.0,42.8,95.0,-304.0,122.0,4.326,37.0,-90.45,-90.311,-16.0,0.0,-0.0,31.0,31.707,31.22,8.0,0.0,0.0,31.0,40.619,40.825,-8.0,0.0,0.0,33.0
110.7611,2,fwd,95.0,11.8,5.528,5.169,24.0,0.0,0.0,31.0,-100.0,-100.0,-8.0,0.0,0.0,32.0,-100.0,-100.0,0.0,0.0,-0.0,32.0,43.067,95.0,-304.0,122.0,4.637,37.0,-90.45,-90.311,-16.0,0.0,-0.0,31.0,31.707,31.22,8.0,0.0,0.0,31.0,40.619,40.825,-8.0,0.0,0.0,33.0
110.8149,2,fwd,95.0,11.8,5.528,5.169,24.0,0.0,0.0,31.0,-100.0,-100.0,-8.0,0.0,0.0,32.0,-100.0,-100.0,0.0,0.0,-0.0,31.0,43.467,95.0,-312.0,113.0,5.306,37.0,-90.45,-90.311,-16.0,0.0,-0.0,31.0,31.707,31.22,8.0,0.0,0.0,31.0,40.619,40.825,-8.0,0.0,0.0,33.0
110.868,2,fwd,95.0,11.8,5.528,5.169,24.0,0.0,0.0,31.0,-100.0,-100.0,-8.0,0.0,0.0,32.0,-100.0,-100.0,0.0,0.0,-0.0,31.0,43.733,95.0,-312.0,113.0,6.665,37.0,-90.45,-90.311,-16.0,0.0,-0.0,31.0,31.707,31.22,8.0,0.0,0.0,31.0,40.619,40.825,-8.0,0.0,0.0,33.0
110.9213,2,fwd,95.0,11.8,5.528,5.169,24.0,0.0,0.0,31.0,-100.0,-100.0,-8.0,0.0,0.0,32.0,-100.0,-100.0,0.0,0.0,-0.0,31.0,43.867,95.0,-312.0,113.0,4.202,37.0,-90.45,-90.311,-16.0,0.0,-0.0,31.0,31.707,31.22,8.0,0.0,0.0,31.0,40.619,40.825,-8.0,0.0,0.0,33.0
110.9748,2,fwd,95.0,11.8,5.528,5.169,24.0,0.0,0.0,31.0,-100.0,-100.0,-8.0,0.0,0.0,32.0,-100.0,-100.0,0.0,0.0,-0.0,31.0,43.867,95.0,-312.0,113.0,2.059,37.0,-90.45,-90.311,-16.0,0.0,-0.0,31.0,31.707,31.22,8.0,0.0,0.0,31.0,40.619,40.825,-8.0,0.0,0.0,33.0
111.0284,2,fwd,95.0,11.8,5.528,5.169,24.0,0.0,0.0,31.0,-100.0,-100.0,-8.0,0.0,0.0,32.0,-100.0,-100.0,0.0,0.0,-0.0,31.0,43.867,95.0,-312.0,113.0,1.009,37.0,-90.45,-90.311,-16.0,0.0,-0.0,31.0,31.707,31.22,8.0,0.0,0.0,31.0,40.619,40.825,-8.0,0.0,0.0,33.0
111.0819,2,fwd,95.0,11.8,5.528,5.169,24.0,0.0,0.0,31.0,-100.0,-100.0,-8.0,0.0,0.0,32.0,-100.0,-100.0,0.0,0.0,-0.0,31.0,44.933,95.0,-312.0,113.0,10.594,37.0,-90.45,-90.311,-16.0,0.0,-0.0,31.0,31.707,31.22,8.0,0.0,0.0,31.0,40.619,40.825,-8.0,0.0,0.0,33.0
111.1352,2,fwd,95.0,11.8,5.528,5.169,24.0,0.0,0.0,31.0,-100.0,-100.0,-8.0,0.0,0.0,32.0,-100.0,-100.0,0.0,0.0,-0.0,31.0,45.333,95.0,-312.0,113.0,8.326,37.0,-90.45,-90.311,-16.0,0.0,-0.0,31.0,31.707,31.22,8.0,0.0,0.0,31.0,40.619,40.825,-8.0,0.0,0.0,33.0
111.1882,2,fwd,95.0,11.8,5.528,5.169,24.0,0.0,0.0,31.0,-100.0,-100.0,-8.0,0.0,0.0,32.0,-100.0,-100.0,0.0,0.0,-0.0,31.0,45.467,95.0,-312.0,113.0,5.117,37.0,-90.45,-90.311,-16.0,0.0,-0.0,31.0,31.707,31.22,8.0,0.0,0.0,31.0,40.619,40.825,-8.0,0.0,0.0,33.0
111.2413,2,fwd,95.0,11.8,5.528,5.169,24.0,0.0,0.0,31.0,-100.0,-100.0,-8.0,0.0,0.0,32.0,-100.0,-100.0,0.0,0.0,-0.0,31.0,45.6,95.0,-312.0,113.0,4.01,37.0,-90.45,-90.311,-16.0,0.0,-0.0,31.0,31.707,31.22,8.0,0.0,0.0,31.0,40.619,40.825,-8.0,0.0,0.0,33.0
111.2949,2,fwd,95.0,11.8,5.528,5.169,24.0,0.0,0.0,31.0,-100.0,-100.0,-8.0,0.0,0.0,32.0,-100.0,-100.0,0.0,0.0,-0.0,31.0,45.867,95.0,-312.0,113.0,4.063,37.0,-90.45,-90.311,-16.0,0.0,-0.0,31.0,31.707,31.22,8.0,0.0,0.0,31.0,40.619,40.825,-8.0,0.0,0.0,33.0
111.3483,2,fwd,95.0,11.8,5.528,5.169,24.0,0.0,0.0,31.0,-100.0,-100.0,-8.0,0.0,0.0,32.0,-100.0,-100.0,0.0,0.0,-0.0,31.0,46.0,95.0,-312.0,113.0,3.456,37.0,-90.45,-90.311,-16.0,0.0,-0.0,31.0,31.707,31.22,8.0,0.0,0.0,31.0,40.619,40.825,-8.0,0.0,0.0,33.0
111.4007,2,fwd,95.0,11.8,5.528,5.169,24.0,0.0,0.0,31.0,-100.0,-100.0,-8.0,0.0,0.0,32.0,-100.0,-100.0,0.0,0.0,-0.0,31.0,46.267,95.0,-312.0,109.0,3.758,37.0,-90.45,-90.311,-16.0,1.0,-0.0,31.0,31.707,31.22,8.0,0.0,0.0,31.0,40.619,40.825,-8.0,0.0,0.0,33.0
111.454,2,fwd,95.0,11.8,5.528,5.169,24.0,0.0,0.0,31.0,-100.0,-100.0,-8.0,0.0,0.0,32.0,-100.0,-100.0,0.0,0.0,-0.0,31.0,46.533,95.0,-312.0,109.0,4.394,37.0,-90.45,-90.311,-16.0,1.0,-0.0,31.0,31.707,31.22,8.0,0.0,0.0,31.0,40.619,40.825,-8.0,0.0,0.0,33.0
111.5073,2,fwd,95.0,11.8,5.528,5.169,24.0,0.0,0.0,31.0,-100.0,-100.0,-8.0,0.0,0.0,32.0,-100.0,-100.0,0.0,0.0,-0.0,31.0,47.067,95.0,-312.0,109.0,6.819,37.0,-90.45,-90.311,-16.0,1.0,-0.0,31.0,31.707,31.22,8.0,0.0,0.0,31.0,40.619,40.825,-8.0,0.0,0.0,33.0
111.5598,2,fwd,95.0,11.8,5.528,5.169,24.0,0.0,0.0,31.0,-100.0,-100.0,-8.0,0.0,0.0,32.0,-100.0,-100.0,0.0,0.0,-0.0,31.0,47.067,95.0,-312.0,109.0,3.341,37.0,-90.45,-90.311,-16.0,1.0,-0.0,31.0,31.707,31.22,8.0,0.0,0.0,31.0,40.619,40.825,-8.0,0.0,0.0,33.0
111.6126,2,fwd,95.0,11.8,5.528,5.169,24.0,0.0,0.0,31.0,-100.0,-100.0,-8.0,0.0,0.0,32.0,-100.0,-100.0,0.0,0.0,-0.0,31.0,47.333,95.0,-312.0,109.0,4.615,37.0,-90.45,-90.311,-16.0,1.0,-0.0,31.0,31.707,31.22,8.0,0.0,0.0,31.0,40.619,40.825,-8.0,0.0,0.0,33.0
111.6646,2,fwd,95.0,11.8,5.528,5.169,24.0,0.0,0.0,31.0,-100.0,-100.0,-8.0,0.0,0.0,32.0,-100.0,-100.0,0.0,0.0,-0.0,31.0,48.0,95.0,-312.0,109.0,8.407,37.0,-90.45,-90.311,-16.0,1.0,-0.0,31.0,31.707,31.22,8.0,0.0,0.0,31.0,40.619,40.825,-8.0,0.0,0.0,33.0
111.7183,2,fwd,95.0,11.8,5.528,5.169,24.0,0.0,0.0,31.0,-100.0,-100.0,-8.0,0.0,0.0,32.0,-100.0,-100.0,0.0,0.0,-0.0,31.0,48.267,95.0,-312.0,109.0,6.654,37.0,-90.45,-90.311,-16.0,1.0,-0.0,31.0,31.707,31.22,8.0,0.0,0.0,31.0,40.619,40.825,-8.0,0.0,0.0,33.0
111.7714,2,fwd,95.0,11.8,5.528,5.169,24.0,0.0,0.0,31.0,-100.0,-100.0,-8.0,0.0,0.0,32.0,-100.0,-100.0,0.0,0.0,-0.0,31.0,48.667,95.0,-312.0,109.0,6.863,37.0,-90.45,-90.311,-16.0,1.0,-0.0,31.0,31.707,31.22,8.0,0.0,0.0,31.0,40.619,40.825,-8.0,0.0,0.0,33.0
111.8242,2,fwd,95.0,11.8,5.528,5.169,24.0,0.0,0.0,31.0,-100.0,-100.0,-8.0,0.0,0.0,32.0,-100.0,-100.0,0.0,0.0,-0.0,31.0,48.667,95.0,-312.0,109.0,3.363,37.0,-90.45,-90.311,-16.0,1.0,-0.0,31.0,31.707,31.22,8.0,0.0,0.0,31.0,40.619,40.825,-8.0,0.0,0.0,33.0
111.8768,2,fwd,95.0,11.8,5.528,5.169,24.0,0.0,0.0,31.0,-100.0,-100.0,-8.0,0.0,0.0,32.0,-100.0,-100.0,0.0,0.0,-0.0,31.0,48.667,95.0,-312.0,109.0,1.648,37.0,-90.45,-90.311,-16.0,1.0,-0.0,31.0,31.707,31.22,8.0,0.0,0.0,31.0,40.619,40.825,-8.0,0.0,0.0,33.0
111.93,2,fwd,95.0,11.8,5.528,5.169,24.0,0.0,0.0,31.0,-100.0,-100.0,-8.0,0.0,0.0,32.0,-100.0,-100.0,0.0,0.0,-0.0,31.0,48.667,95.0,-312.0,109.0,1.153,37.0,-90.45,-90.311,-16.0,1.0,-0.0,31.0,31.707,31.22,8.0,0.0,0.0,31.0,40.619,40.825,-8.0,0.0,0.0,33.0
111.9832,2,fwd,95.0,11.8,5.528,5.169,24.0,0.0,0.0,31.0,-100.0,-100.0,-8.0,0.0,0.0,32.0,-100.0,-100.0,0.0,0.0,-0.0,31.0,48.933,95.0,-320.0,130.0,2.143,37.0,-90.45,-90.311,-16.0,0.0,-0.0,31.0,31.707,31.22,8.0,0.0,0.0,31.0,40.619,40.825,-8.0,0.0,0.0,33.0
112.0368,2,fwd,95.0,11.8,5.528,5.169,24.0,0.0,0.0,31.0,-100.0,-100.0,-8.0,0.0,0.0,32.0,-100.0,-100.0,0.0,0.0,-0.0,31.0,49.333,95.0,-320.0,130.0,5.1,37.0,-90.45,-90.311,-16.0,0.0,-0.0,31.0,31.707,31.22,8.0,0.0,0.0,31.0,40.619,40.825,-8.0,0.0,0.0,33.0
112.0903,2,fwd,95.0,11.8,5.528,5.169,24.0,0.0,0.0,31.0,-100.0,-100.0,-8.0,0.0,0.0,32.0,-100.0,-100.0,0.0,0.0,-0.0,31.0,49.467,95.0,-320.0,130.0,3.975,37.0,-90.45,-90.311,-16.0,0.0,-0.0,31.0,31.707,31.22,8.0,0.0,0.0,31.0,40.619,40.825,-8.0,0.0,0.0,33.0
112.143,2,fwd,95.0,11.8,5.528,5.169,24.0,0.0,0.0,31.0,-100.0,-100.0,-8.0,0.0,0.0,32.0,-100.0,-100.0,0.0,0.0,-0.0,31.0,49.733,95.0,-320.0,130.0,4.944,37.0,-90.45,-90.311,-16.0,0.0,-0.0,31.0,31.707,31.22,8.0,0.0,0.0,31.0,40.619,40.825,-8.0,0.0,0.0,33.0
112.1954,2,fwd,95.0,11.8,5.528,5.169,24.0,0.0,0.0,31.0,-100.0,-100.0,-8.0,0.0,0.0,32.0,-100.0,-100.0,0.0,0.0,-0.0,31.0,50.133,95.0,-320.0,130.0,5.971,37.0,-90.45,-90.311,-16.0,0.0,-0.0,31.0,31.707,31.22,8.0,0.0,0.0,31.0,40.619,40.825,-8.0,0.0,0.0,33.0
112.2488,2,fwd,95.0,11.8,5.528,5.169,24.0,0.0,0.0,31.0,-100.0,-100.0,-8.0,0.0,0.0,32.0,-100.0,-100.0,0.0,0.0,-0.0,31.0,50.133,95.0,-320.0,130.0,2.926,37.0,-90.45,-90.311,-16.0,0.0,-0.0,31.0,31.707,31.22,8.0,0.0,0.0,31.0,40.619,40.825,-8.0,0.0,0.0,33.0
112.3017,2,fwd,95.0,11.8,5.528,5.169,24.0,0.0,0.0,31.0,-100.0,-100.0,-8.0,0.0,0.0,32.0,-100.0,-100.0,0.0,0.0,-0.0,31.0,50.933,95.0,-320.0,130.0,9.069,37.0,-90.45,-90.311,-16.0,0.0,-0.0,31.0,31.707,31.22,8.0,0.0,0.0,31.0,40.619,40.825,-8.0,0.0,0.0,33.0
112.3537,2,fwd,95.0,11.8,5.528,5.169,24.0,0.0,0.0,31.0,-100.0,-100.0,-8.0,0.0,0.0,32.0,-100.0,-100.0,0.0,0.0,-0.0,31.0,51.467,95.0,-320.0,130.0,9.04,37.0,-90.45,-90.311,-16.0,0.0,-0.0,31.0,31.707,31.22,8.0,0.0,0.0,31.0,40.619,40.825,-8.0,0.0,0.0,33.0
112.4075,2,fwd,95.0,11.8,5.528,5.169,24.0,0.0,0.0,31.0,-100.0,-100.0,-8.0,0.0,0.0,32.0,-100.0,-100.0,0.0,0.0,-0.0,31.0,51.6,95.0,-320.0,130.0,5.911,37.0,-90.45,-90.311,-16.0,0.0,-0.0,31.0,31.707,31.22,8.0,0.0,0.0,31.0,40.619,40.825,-8.0,0.0,0.0,33.0
112.4596,2,fwd,95.0,11.8,5.528,5.169,24.0,0.0,0.0,31.0,-100.0,-100.0,-8.0,0.0,0.0,32.0,-100.0,-100.0,0.0,0.0,-0.0,31.0,51.6,95.0,-320.0,130.0,2.896,37.0,-90.45,-90.311,-16.0,0.0,-0.0,31.0,31.707,31.22,8.0,0.0,0.0,31.0,40.619,40.825,-8.0,0.0,0.0,33.0
112.5117,2,fwd,95.0,11.8,5.528,5.169,24.0,0.0,0.0,31.0,-100.0,-100.0,-8.0,0.0,0.0,32.0,-100.0,-100.0,0.0,0.0,-0.0,31.0,51.733,95.0,-312.0,136.0,3.532,37.0,-90.45,-90.311,-16.0,1.0,-0.0,31.0,31.707,31.22,8.0,0.0,0.0,31.0,40.619,40.825,-8.0,0.0,0.0,33.0
112.565,2,fwd,95.0,11.8,5.528,5.169,24.0,0.0,0.0,31.0,-100.0,-100.0,-8.0,0.0,0.0,32.0,-100.0,-100.0,0.0,0.0,-0.0,31.0,51.733,95.0,-312.0,136.0,1.731,37.0,-90.45,-90.311,-16.0,1.0,-0.0,31.0,31.707,31.22,8.0,0.0,0.0,31.0,40.619,40.825,-8.0,0.0,0.0,33.0
112.6186,2,fwd,95.0,11.8,5.528,5.169,24.0,0.0,0.0,31.0,-100.0,-100.0,-8.0,0.0,0.0,32.0,-100.0,-100.0,0.0,0.0,-0.0,31.0,52.0,95.0,-312.0,136.0,3.805,37.0,-90.45,-90.311,-16.0,1.0,-0.0,31.0,31.707,31.22,8.0,0.0,0.0,31.0,40.619,40.825,-8.0,0.0,0.0,33.0
112.6724,2,fwd,95.0,11.8,5.528,5.169,24.0,0.0,0.0,31.0,-100.0,-100.0,-8.0,0.0,0.0,32.0,-100.0,-100.0,0.0,0.0,-0.0,31.0,52.533,95.0,-312.0,136.0,6.431,37.0,-90.45,-90.311,-16.0,1.0,-0.0,31.0,31.707,31.22,8.0,0.0,0.0,31.0,40.619,40.825,-8.0,0.0,0.0,33.0
112.7261,2,fwd,95.0,11.8,5.528,5.169,24.0,0.0,0.0,31.0,-100.0,-100.0,-8.0,0.0,0.0,32.0,-100.0,-100.0,0.0,0.0,-0.0,31.0,52.667,95.0,-312.0,136.0,4.636,37.0,-90.45,-90.311,-16.0,1.0,-0.0,31.0,31.707,31.22,8.0,0.0,0.0,31.0,40.619,40.825,-8.0,0.0,0.0,33.0
112.7795,2,fwd,95.0,11.8,5.528,5.169,24.0,0.0,0.0,31.0,-100.0,-100.0,-8.0,0.0,0.0,32.0,-100.0,-100.0,0.0,0.0,-0.0,31.0,52.933,95.0,-312.0,136.0,4.824,37.0,-90.45,-90.311,-16.0,1.0,-0.0,31.0,31.707,31.22,8.0,0.0,0.0,31.0,40.619,40.825,-8.0,0.0,0.0,33.0
112.8334,2,fwd,95.0,11.8,5.528,5.169,24.0,0.0,0.0,31.0,-100.0,-100.0,-8.0,0.0,0.0,32.0,-100.0,-100.0,0.0,0.0,-0.0,31.0,53.333,95.0,-312.0,136.0,5.958,37.0,-90.45,-90.311,-16.0,1.0,-0.0,31.0,31.707,31.22,8.0,0.0,0.0,31.0,40.619,40.825,-8.0,0.0,0.0,33.0
112.8864,2,fwd,95.0,11.8,5.528,5.169,24.0,0.0,0.0,31.0,-100.0,-100.0,-8.0,0.0,0.0,32.0,-100.0,-100.0,0.0,0.0,-0.0,31.0,53.333,95.0,-312.0,136.0,2.919,37.0,-90.45,-90.311,-16.0,1.0,-0.0,31.0,31.707,31.22,8.0,0.0,0.0,31.0,40.619,40.825,-8.0,0.0,0.0,33.0
112.9394,2,fwd,95.0,11.8,5.528,5.169,24.0,0.0,0.0,31.0,-100.0,-100.0,-8.0,0.0,0.0,32.0,-100.0,-100.0,0.0,0.0,-0.0,31.0,54.0,95.0,-312.0,136.0,7.546,37.0,-90.45,-90.311,-16.0,1.0,-0.0,31.0,31.707,31.22,8.0,0.0,0.0,31.0,40.619,40.825,-8.0,0.0,0.0,33.0
112.9931,2,fwd,95.0,11.8,5.528,5.169,24.0,0.0,0.0,31.0,-100.0,-100.0,-8.0,0.0,0.0,32.0,-100.0,-100.0,0.0,0.0,-0.0,31.0,54.533,95.0,-312.0,136.0,7.846,37.0,-90.45,-90.311,-16.0,1.0,-0.0,31.0,31.707,31.22,8.0,0.0,0.0,31.0,40.619,40.825,-8.0,0.0,0.0,33.0
113.0462,2,fwd,95.0,11.8,5.528,5.169,24.0,0.0,0.0,31.0,-100.0,-100.0,-8.0,0.0,0.0,32.0,-100.0,-100.0,0.0,0.0,-0.0,31.0,54.8,95.0,-312.0,136.0,5.95,37.0,-90.45,-90.311,-16.0,1.0,-0.0,31.0,31.707,31.22,8.0,0.0,0.0,31.0,40.619,40.825,-8.0,0.0,0.0,33.0
113.0989,2,fwd,95.0,11.8,5.528,5.169,24.0,0.0,0.0,31.0,-100.0,-100.0,-8.0,0.0,0.0,32.0,-100.0,-100.0,0.0,0.0,-0.0,31.0,54.8,95.0,-296.0,119.0,5.95,37.0,-90.45,-90.311,-16.0,0.0,-0.0,31.0,31.707,31.22,8.0,0.0,0.0,31.0,40.619,40.825,-8.0,0.0,0.0,33.0
113.1516,2,fwd,95.0,11.8,5.528,5.169,24.0,0.0,0.0,31.0,-100.0,-100.0,-8.0,0.0,0.0,32.0,-100.0,-100.0,0.0,0.0,-0.0,31.0,54.933,95.0,-296.0,119.0,4.364,37.0,-90.45,-90.311,-16.0,0.0,-0.0,31.0,31.707,31.22,8.0,0.0,0.0,31.0,40.619,40.825,-8.0,0.0,0.0,33.0
113.2056,2,fwd,95.0,11.8,5.528,5.169,24.0,0.0,0.0,31.0,-100.0,-100.0,-8.0,0.0,0.0,32.0,-100.0,-100.0,0.0,0.0,-0.0,31.0,55.067,95.0,-296.0,119.0,3.62,37.0,-90.45,-90.311,-16.0,0.0,-0.0,31.0,31.707,31.22,8.0,0.0,0.0,31.0,40.619,40.825,-8.0,0.0,0.0,33.0
113.2591,2,fwd,95.0,11.8,5.528,5.169,24.0,0.0,0.0,31.0,-100.0,-100.0,-8.0,0.0,0.0,32.0,-100.0,-100.0,0.0,0.0,-0.0,31.0,55.467,95.0,-296.0,119.0,5.339,37.0,-90.45,-90.311,-16.0,0.0,-0.0,31.0,31.707,31.22,8.0,0.0,0.0,31.0,40.619,40.825,-8.0,0.0,0.0,33.0
113.3136,2,fwd,95.0,11.8,5.528,5.169,24.0,0.0,0.0,31.0,-100.0,-100.0,-8.0,0.0,0.0,32.0,-100.0,-100.0,0.0,0.0,-0.0,31.0,55.6,95.0,-296.0,119.0,3.621,37.0,-90.45,-90.311,-16.0,0.0,-0.0,31.0,31.707,31.22,8.0,0.0,0.0,31.0,40.619,40.825,-8.0,0.0,0.0,33.0
113.3669,2,fwd,95.0,11.8,5.528,5.169,24.0,0.0,0.0,31.0,-100.0,-100.0,-8.0,0.0,0.0,32.0,-100.0,-100.0,0.0,0.0,-0.0,31.0,56.267,95.0,-296.0,119.0,7.943,37.0,-90.45,-90.311,-16.0,0.0,-0.0,31.0,31.707,31.22,8.0,0.0,0.0,31.0,40.619,40.825,-8.0,0.0,0.0,33.0
113.4187,2,fwd,95.0,11.8,5.528,5.169,24.0,0.0,0.0,31.0,-100.0,-100.0,-8.0,0.0,0.0,32.0,-100.0,-100.0,0.0,0.0,-0.0,31.0,56.4,95.0,-296.0,119.0,4.946,37.0,-90.45,-90.311,-16.0,0.0,-0.0,31.0,31.707,31.22,8.0,0.0,0.0,31.0,40.619,40.825,-8.0,0.0,0.0,33.0
113.4721,2,fwd,95.0,11.8,5.528,5.169,24.0,0.0,0.0,31.0,-100.0,-100.0,-8.0,0.0,0.0,32.0,-100.0,-100.0,0.0,0.0,-0.0,31.0,56.4,95.0,-296.0,119.0,2.424,37.0,-90.45,-90.311,-16.0,0.0,-0.0,31.0,31.707,31.22,8.0,0.0,0.0,31.0,40.619,40.825,-8.0,0.0,0.0,33.0
113.5253,2,fwd,95.0,11.8,5.528,5.169,24.0,0.0,0.0,31.0,-100.0,-100.0,-8.0,0.0,0.0,32.0,-100.0,-100.0,0.0,0.0,-0.0,31.0,56.4,95.0,-296.0,119.0,1.188,37.0,-90.45,-90.311,-16.0,0.0,-0.0,31.0,31.707,31.22,8.0,0.0,0.0,31.0,40.619,40.825,-8.0,0.0,0.0,33.0
113.5782,2,fwd,95.0,11.8,5.528,5.169,24.0,0.0,0.0,31.0,-100.0,-100.0,-8.0,0.0,0.0,32.0,-100.0,-100.0,0.0,0.0,-0.0,31.0,56.933,95.0,-296.0,119.0,6.607,37.0,-90.45,-90.311,-16.0,0.0,-0.0,31.0,31.707,31.22,8.0,0.0,0.0,31.0,40.619,40.825,-8.0,0.0,0.0,33.0
113.6312,2,fwd,95.0,11.8,5.528,5.169,24.0,0.0,0.0,31.0,-100.0,-100.0,-8.0,0.0,0.0,32.0,-100.0,-100.0,0.0,0.0,-0.0,31.0,57.733,95.0,-296.0,119.0,11.339,37.0,-90.45,-90.311,-16.0,0.0,-0.0,31.0,31.707,31.22,8.0,0.0,0.0,31.0,40.619,40.825,-8.0,0.0,0.0,33.0
113.6845,2,fwd,95.0,11.8,5.528,5.169,24.0,0.0,0.0,31.0,-100.0,-100.0,-8.0,0.0,0.0,32.0,-100.0,-100.0,0.0,0.0,-0.0,31.0,57.733,95.0,-288.0,97.0,7.938,37.0,-90.45,-90.311,-16.0,0.0,-0.0,31.0,31.707,31.22,8.0,0.0,0.0,31.0,40.619,40.825,-8.0,0.0,0.0,33.0
113.7367,2,fwd,95.0,11.8,5.528,5.169,24.0,0.0,0.0,31.0,-100.0,-100.0,-8.0,0.0,0.0,32.0,-100.0,-100.0,0.0,0.0,-0.0,31.0,58.0,95.0,-288.0,97.0,6.9,37.0,-90.45,-90.311,-16.0,0.0,-0.0,31.0,31.707,31.22,8.0,0.0,0.0,31.0,40.619,40.825,-8.0,0.0,0.0,33.0
113.7896,2,fwd,95.0,11.8,5.528,5.169,24.0,0.0,0.0,31.0,-100.0,-100.0,-8.0,0.0,0.0,32.0,-100.0,-100.0,0.0,0.0,-0.0,31.0,58.267,95.0,-288.0,97.0,5.928,37.0,-90.45,-90.311,-16.0,0.0,-0.0,31.0,31.707,31.22,8.0,0.0,0.0,31.0,40.619,40.825,-8.0,0.0,0.0,33.0
113.8427,2,fwd,95.0,11.8,5.528,5.169,24.0,0.0,0.0,31.0,-100.0,-100.0,-8.0,0.0,0.0,32.0,-100.0,-100.0,0.0,0.0,-0.0,31.0,58.533,95.0,-288.0,97.0,5.455,37.0,-90.45,-90.311,-16.0,0.0,-0.0,31.0,31.707,31.22,8.0,0.0,0.0,31.0,40.619,40.825,-8.0,0.0,0.0,33.0
113.8969,2,fwd,95.0,11.8,5.528,5.169,24.0,0.0,0.0,31.0,-100.0,-100.0,-8.0,0.0,0.0,32.0,-100.0,-100.0,0.0,0.0,-0.0,31.0,58.667,95.0,-288.0,97.0,3.714,37.0,-90.45,-90.311,-16.0,0.0,-0.0,31.0,31.707,31.22,8.0,0.0,0.0,31.0,40.619,40.825,-8.0,0.0,0.0,33.0
113.95,2,fwd,95.0,11.8,5.528,5.169,24.0,0.0,0.0,31.0,-100.0,-100.0,-8.0,0.0,0.0,32.0,-100.0,-100.0,0.0,0.0,-0.0,31.0,59.2,95.0,-288.0,97.0,7.364,37.0,-90.45,-90.311,-16.0,0.0,-0.0,31.0,31.707,31.22,8.0,0.0,0.0,31.0,40.619,40.825,-8.0,0.0,0.0,33.0
114.003,2,fwd,95.0,11.8,5.528,5.169,24.0,0.0,0.0,31.0,-100.0,-100.0,-8.0,0.0,0.0,32.0,-100.0,-100.0,0.0,0.0,-0.0,31.0,59.467,95.0,-288.0,97.0,5.713,37.0,-90.45,-90.311,-16.0,0.0,-0.0,31.0,31.707,31.22,8.0,0.0,0.0,31.0,40.619,40.825,-8.0,0.0,0.0,33.0
114.0559,2,fwd,95.0,11.8,5.528,5.169,24.0,0.0,0.0,31.0,-100.0,-100.0,-8.0,0.0,0.0,32.0,-100.0,-100.0,0.0,0.0,-0.0,31.0,59.467,95.0,-288.0,97.0,2.8,37.0,-90.45,-90.311,-16.0,0.0,-0.0,31.0,31.707,31.22,8.0,0.0,0.0,31.0,40.619,40.825,-8.0,0.0,0.0,33.0
114.1091,2,fwd,95.0,11.8,5.528,5.169,24.0,0.0,0.0,31.0,-100.0,-100.0,-8.0,0.0,0.0,32.0,-100.0,-100.0,0.0,0.0,-0.0,31.0,59.6,95.0,-288.0,97.0,2.425,37.0,-90.45,-90.311,-16.0,0.0,-0.0,31.0,31.707,31.22,8.0,0.0,0.0,31.0,40.619,40.825,-8.0,0.0,0.0,33.0
114.162,2,fwd,95.0,11.8,5.528,5.169,24.0,0.0,0.0,31.0,-100.0,-100.0,-8.0,0.0,0.0,32.0,-100.0,-100.0,0.0,0.0,-0.0,31.0,59.6,95.0,-288.0,97.0,1.188,37.0,-90.45,-90.311,-16.0,0.0,-0.0,31.0,31.707,31.22,8.0,0.0,0.0,31.0,40.619,40.825,-8.0,0.0,0.0,33.0
114.215,2,fwd,95.0,11.8,5.528,5.169,24.0,0.0,0.0,31.0,-100.0,-100.0,-8.0,0.0,0.0,32.0,-100.0,-100.0,0.0,0.0,-0.0,31.0,60.0,95.0,-320.0,114.0,5.3,37.0,-90.45,-90.311,-16.0,0.0,-0.0,31.0,31.707,31.22,8.0,0.0,0.0,31.0,40.619,40.825,-8.0,0.0,0.0,33.0
114.268,2,fwd,95.0,11.8,5.528,5.169,24.0,0.0,0.0,31.0,-100.0,-100.0,-8.0,0.0,0.0,32.0,-100.0,-100.0,0.0,0.0,-0.0,31.0,60.933,95.0,-320.0,114.0,6.033,37.0,-90.45,-90.311,-16.0,0.0,-0.0,31.0,31.707,31.22,8.0,0.0,0.0,31.0,40.619,40.825,-8.0,0.0,0.0,33.0
114.3219,2,fwd,95.0,11.8,5.528,5.169,24.0,0.0,0.0,31.0,-100.0,-100.0,-8.0,0.0,0.0,32.0,-100.0,-100.0,0.0,0.0,-0.0,31.0,61.067,95.0,-320.0,114.0,4.014,37.0,-90.45,-90.311,-16.0,0.0,-0.0,31.0,31.707,31.22,8.0,0.0,0.0,31.0,40.619,40.825,-8.0,0.0,0.0,33.0
114.375,2,fwd,95.0,11.8,5.528,5.169,24.0,0.0,0.0,31.0,-100.0,-100.0,-8.0,0.0,0.0,32.0,-100.0,-100.0,0.0,0.0,-0.0,31.0,61.467,95.0,-320.0,114.0,5.098,37.0,-90.45,-90.311,-16.0,0.0,-0.0,31.0,31.707,31.22,8.0,0.0,0.0,31.0,40.619,40.825,-8.0,0.0,0.0,33.0
114.4278,2,fwd,95.0,11.8,5.528,5.169,24.0,0.0,0.0,31.0,-100.0,-100.0,-8.0,0.0,0.0,32.0,-100.0,-100.0,0.0,0.0,-0.0,31.0,61.467,95.0,-320.0,114.0,2.498,37.0,-90.45,-90.311,-16.0,0.0,-0.0,31.0,31.707,31.22,8.0,0.0,0.0,31.0,40.619,40.825,-8.0,0.0,0.0,33.0
114.4809,2,fwd,95.0,11.8,5.528,5.169,24.0,0.0,0.0,31.0,-100.0,-100.0,-8.0,0.0,0.0,32.0,-100.0,-100.0,0.0,0.0,-0.0,31.0,61.733,95.0,-320.0,114.0,3.773,37.0,-90.45,-90.311,-16.0,0.0,-0.0,31.0,31.707,31.22,8.0,0.0,0.0,31.0,40.619,40.825,-8.0,0.0,0.0,33.0
114.5337,2,fwd,95.0,11.8,5.528,5.169,24.0,0.0,0.0,31.0,-100.0,-100.0,-8.0,0.0,0.0,32.0,-100.0,-100.0,0.0,0.0,-0.0,31.0,61.733,95.0,-320.0,114.0,2.641,37.0,-90.45,-90.311,-16.0,0.0,-0.0,31.0,31.707,31.22,8.0,0.0,0.0,31.0,40.619,40.825,-8.0,0.0,0.0,33.0
114.5869,2,fwd,95.0,11.8,5.528,5.169,24.0,0.0,0.0,31.0,-100.0,-100.0,-8.0,0.0,0.0,32.0,-100.0,-100.0,0.0,0.0,-0.0,31.0,61.867,95.0,-320.0,114.0,2.21,37.0,-90.45,-90.311,-16.0,0.0,-0.0,31.0,31.707,31.22,8.0,0.0,0.0,31.0,40.619,40.825,-8.0,0.0,0.0,33.0
114.6399,2,fwd,95.0,11.8,5.528,5.169,24.0,0.0,0.0,31.0,-100.0,-100.0,-8.0,0.0,0.0,32.0,-100.0,-100.0,0.0,0.0,-0.0,31.0,62.267,95.0,-320.0,114.0,4.037,37.0,-90.45,-90.311,-16.0,0.0,-0.0,31.0,31.707,31.22,8.0,0.0,0.0,31.0,40.619,40.825,-8.0,0.0,0.0,33.0
114.6931,2,fwd,95.0,11.8,5.528,5.169,24.0,0.0,0.0,31.0,-100.0,-100.0,-8.0,0.0,0.0,32.0,-100.0,-100.0,0.0,0.0,-0.0,31.0,62.4,95.0,-320.0,114.0,3.026,37.0,-90.45,-90.311,-16.0,0.0,-0.0,31.0,31.707,31.22,8.0,0.0,0.0,31.0,40.619,40.825,-8.0,0.0,0.0,33.0
114.746,2,fwd,95.0,11.8,5.528,5.169,24.0,0.0,0.0,31.0,-100.0,-100.0,-8.0,0.0,0.0,32.0,-100.0,-100.0,0.0,0.0,-0.0,31.0,62.667,95.0,-320.0,114.0,4.488,37.0,-90.45,-90.311,-16.0,0.0,-0.0,31.0,31.707,31.22,8.0,0.0,0.0,31.0,40.619,40.825,-8.0,0.0,0.0,33.0
114.7991,2,fwd,95.0,11.8,5.528,5.169,24.0,0.0,0.0,31.0,-100.0,-100.0,-8.0,0.0,0.0,32.0,-100.0,-100.0,0.0,0.0,-0.0,32.0,62.667,95.0,-336.0,131.0,3.141,37.0,-90.45,-90.311,-16.0,0.0,-0.0,31.0,31.707,31.22,8.0,0.0,0.0,31.0,40.619,40.825,-8.0,0.0,0.0,33.0
114.8521,2,fwd,95.0,11.8,5.528,5.169,24.0,0.0,0.0,31.0,-100.0,-100.0,-8.0,0.0,0.0,32.0,-100.0,-100.0,0.0,0.0,-0.0,32.0,63.467,95.0,-336.0,131.0,6.521,37.0,-90.45,-90.311,-16.0,0.0,-0.0,31.0,31.707,31.22,8.0,0.0,0.0,31.0,40.619,40.825,-8.0,0.0,0.0,33.0
114.9052,2,fwd,95.0,11.8,5.528,5.169,24.0,0.0,0.0,31.0,-100.0,-100.0,-8.0,0.0,0.0,32.0,-100.0,-100.0,0.0,0.0,-0.0,32.0,63.733,95.0,-336.0,131.0,6.188,37.0,-90.45,-90.311,-16.0,0.0,-0.0,31.0,31.707,31.22,8.0,0.0,0.0,31.0,40.619,40.825,-8.0,0.0,0.0,33.0
114.9581,2,fwd,95.0,11.8,5.528,5.169,24.0,0.0,0.0,31.0,-100.0,-100.0,-8.0,0.0,0.0,32.0,-100.0,-100.0,0.0,0.0,-0.0,32.0,64.4,95.0,-336.0,131.0,9.598,37.0,-90.45,-90.311,-16.0,0.0,-0.0,31.0,31.707,31.22,8.0,0.0,0.0,31.0,40.619,40.825,-8.0,0.0,0.0,33.0
115.0111,2,fwd,95.0,11.8,5.528,5.169,24.0,0.0,0.0,31.0,-100.0,-100.0,-8.0,0.0,0.0,32.0,-100.0,-100.0,0.0,0.0,-0.0,32.0,64.4,95.0,-336.0,131.0,4.703,37.0,-90.45,-90.311,-16.0,0.0,-0.0,31.0,31.707,31.22,8.0,0.0,0.0,31.0,40.619,40.825,-8.0,0.0,0.0,33.0
115.0641,2,fwd,95.0,11.8,5.528,5.169,24.0,0.0,0.0,31.0,-100.0,-100.0,-8.0,0.0,0.0,32.0,-100.0,-100.0,0.0,0.0,-0.0,32.0,64.667,95.0,-336.0,131.0,4.378,37.0,-90.45,-90.311,-16.0,0.0,-0.0,31.0,31.707,31.22,8.0,0.0,0.0,31.0,40.619,40.825,-8.0,0.0,0.0,33.0
115.1172,2,fwd,95.0,11.8,5.528,5.169,24.0,0.0,0.0,31.0,-100.0,-100.0,-8.0,0.0,0.0,32.0,-100.0,-100.0,0.0,0.0,-0.0,32.0,64.667,95.0,-336.0,131.0,2.145,37.0,-90.45,-90.311,-16.0,0.0,-0.0,31.0,31.707,31.22,8.0,0.0,0.0,31.0,40.619,40.825,-8.0,0.0,0.0,33.0
115.1702,2,fwd,95.0,11.8,5.528,5.169,24.0,0.0,0.0,31.0,-100.0,-100.0,-8.0,0.0,0.0,32.0,-100.0,-100.0,0.0,0.0,-0.0,32.0,64.933,95.0,-336.0,131.0,3.151,37.0,-90.45,-90.311,-16.0,0.0,-0.0,31.0,31.707,31.22,8.0,0.0,0.0,31.0,40.619,40.825,-8.0,0.0,0.0,33.0
115.2232,2,fwd,95.0,11.8,5.528,5.169,24.0,0.0,0.0,31.0,-100.0,-100.0,-8.0,0.0,0.0,32.0,-100.0,-100.0,0.0,0.0,-0.0,32.0,64.933,95.0,-336.0,131.0,1.544,37.0,-90.45,-90.311,-16.0,0.0,-0.0,31.0,31.707,31.22,8.0,0.0,0.0,31.0,40.619,40.825,-8.0,0.0,0.0,33.0
115.2757,2,fwd,95.0,11.8,5.528,5.169,24.0,0.0,0.0,31.0,-100.0,-100.0,-8.0,0.0,0.0,32.0,-100.0,-100.0,0.0,0.0,-0.0,32.0,65.333,95.0,-336.0,131.0,5.279,37.0,-90.45,-90.311,-16.0,0.0,-0.0,31.0,31.707,31.22,8.0,0.0,0.0,31.0,40.619,40.825,-8.0,0.0,0.0,33.0
115.3299,2,fwd,95.0,11.8,5.528,5.169,24.0,0.0,0.0,31.0,-100.0,-100.0,-8.0,0.0,0.0,32.0,-100.0,-100.0,0.0,0.0,-0.0,32.0,65.733,95.0,-336.0,131.0,6.648,37.0,-90.45,-90.311,-16.0,0.0,-0.0,31.0,31.707,31.22,8.0,0.0,0.0,31.0,40.619,40.825,-8.0,0.0,0.0,33.0
115.3831,2,fwd,95.0,11.8,5.528,5.169,24.0,0.0,0.0,31.0,-100.0,-100.0,-8.0,0.0,0.0,32.0,-100.0,-100.0,0.0,0.0,-0.0,31.0,65.733,95.0,-320.0,119.0,4.654,37.0,-90.45,-90.311,-16.0,1.0,-0.0,31.0,31.707,31.22,8.0,0.0,0.0,31.0,40.619,40.825,-8.0,0.0,0.0,33.0
115.4361,2,fwd,95.0,11.8,5.528,5.169,24.0,0.0,0.0,31.0,-100.0,-100.0,-8.0,0.0,0.0,32.0,-100.0,-100.0,0.0,0.0,-0.0,31.0,65.867,95.0,-320.0,119.0,3.333,37.0,-90.45,-90.311,-16.0,1.0,-0.0,31.0,31.707,31.22,8.0,0.0,0.0,31.0,40.619,40.825,-8.0,0.0,0.0,33.0
115.4892,2,fwd,95.0,11.8,5.528,5.169,24.0,0.0,0.0,31.0,-100.0,-100.0,-8.0,0.0,0.0,32.0,-100.0,-100.0,0.0,0.0,-0.0,31.0,66.667,95.0,-320.0,119.0,9.318,37.0,-90.45,-90.311,-16.0,1.0,-0.0,31.0,31.707,31.22,8.0,0.0,0.0,31.0,40.619,40.825,-8.0,0.0,0.0,33.0
115.5422,2,fwd,95.0,11.8,5.528,5.169,24.0,0.0,0.0,31.0,-100.0,-100.0,-8.0,0.0,0.0,32.0,-100.0,-100.0,0.0,0.0,-0.0,31.0,67.2,95.0,-320.0,119.0,9.204,37.0,-90.45,-90.311,-16.0,1.0,-0.0,31.0,31.707,31.22,8.0,0.0,0.0,31.0,40.619,40.825,-8.0,0.0,0.0,33.0
115.5949,2,fwd,95.0,11.8,5.528,5.169,24.0,0.0,0.0,31.0,-100.0,-100.0,-8.0,0.0,0.0,32.0,-100.0,-100.0,0.0,0.0,-0.0,31.0,67.2,95.0,-320.0,119.0,6.443,37.0,-90.45,-90.311,-16.0,1.0,-0.0,31.0,31.707,31.22,8.0,0.0,0.0,31.0,40.619,40.825,-8.0,0.0,0.0,33.0
115.6481,2,fwd,95.0,11.8,5.528,5.169,24.0,0.0,0.0,31.0,-100.0,-100.0,-8.0,0.0,0.0,32.0,-100.0,-100.0,0.0,0.0,-0.0,31.0,67.867,95.0,-320.0,119.0,9.565,37.0,-90.45,-90.311,-16.0,1.0,-0.0,31.0,31.707,31.22,8.0,0.0,0.0,31.0,40.619,40.825,-8.0,0.0,0.0,33.0
115.7006,2,fwd,95.0,11.8,5.528,5.169,24.0,0.0,0.0,31.0,-100.0,-100.0,-8.0,0.0,0.0,32.0,-100.0,-100.0,0.0,0.0,-0.0,31.0,68.0,95.0,-320.0,119.0,5.664,37.0,-90.45,-90.311,-16.0,1.0,-0.0,31.0,31.707,31.22,8.0,0.0,0.0,31.0,40.619,40.825,-8.0,0.0,0.0,33.0
115.754,2,fwd,95.0,11.8,5.528,5.169,24.0,0.0,0.0,31.0,-100.0,-100.0,-8.0,0.0,0.0,32.0,-100.0,-100.0,0.0,0.0,-0.0,31.0,68.0,95.0,-320.0,119.0,2.776,37.0,-90.45,-90.311,-16.0,1.0,-0.0,31.0,31.707,31.22,8.0,0.0,0.0,31.0,40.619,40.825,-8.0,0.0,0.0,33.0
115.8071,2,fwd,95.0,11.8,5.528,5.169,24.0,0.0,0.0,31.0,-100.0,-100.0,-8.0,0.0,0.0,32.0,-100.0,-100.0,0.0,0.0,-0.0,31.0,68.133,95.0,-320.0,119.0,2.852,37.0,-90.45,-90.311,-16.0,1.0,-0.0,31.0,31.707,31.22,8.0,0.0,0.0,31.0,40.619,40.825,-8.0,0.0,0.0,33.0
115.8605,2,fwd,95.0,11.8,5.528,5.169,24.0,0.0,0.0,31.0,-100.0,-100.0,-8.0,0.0,0.0,32.0,-100.0,-100.0,0.0,0.0,-0.0,31.0,68.133,95.0,-320.0,119.0,1.397,37.0,-90.45,-90.311,-16.0,1.0,-0.0,31.0,31.707,31.22,8.0,0.0,0.0,31.0,40.619,40.825,-8.0,0.0,0.0,33.0
115.9134,2,fwd,95.0,11.8,5.528,5.169,24.0,0.0,0.0,31.0,-100.0,-100.0,-8.0,0.0,0.0,32.0,-100.0,-100.0,0.0,0.0,-0.0,31.0,68.533,95.0,-320.0,119.0,5.181,37.0,-90.45,-90.311,-16.0,1.0,-0.0,31.0,31.707,31.22,8.0,0.0,0.0,31.0,40.619,40.825,-8.0,0.0,0.0,33.0
115.9674,2,fwd,95.0,11.8,5.528,5.169,24.0,0.0,0.0,31.0,-100.0,-100.0,-8.0,0.0,0.0,32.0,-100.0,-100.0,0.0,0.0,-0.0,32.0,68.8,95.0,-316.0,134.0,4.956,37.0,-90.45,-90.311,-16.0,0.0,-0.0,31.0,31.707,31.22,8.0,0.0,0.0,31.0,40.619,40.825,-8.0,0.0,0.0,33.0
116.0203,2,fwd,95.0,11.8,5.528,5.169,24.0,0.0,0.0,31.0,-100.0,-100.0,-8.0,0.0,0.0,32.0,-100.0,-100.0,0.0,0.0,-0.0,32.0,69.067,95.0,-316.0,134.0,5.419,37.0,-90.45,-90.311,-16.0,0.0,-0.0,31.0,31.707,31.22,8.0,0.0,0.0,31.0,40.619,40.825,-8.0,0.0,0.0,33.0
116.0735,2,fwd,95.0,11.8,5.528,5.169,24.0,0.0,0.0,31.0,-100.0,-100.0,-8.0,0.0,0.0,32.0,-100.0,-100.0,0.0,0.0,-0.0,32.0,69.733,95.0,-316.0,134.0,8.765,37.0,-90.45,-90.311,-16.0,0.0,-0.0,31.0,31.707,31.22,8.0,0.0,0.0,31.0,40.619,40.825,-8.0,0.0,0.0,33.0
116.1265,2,fwd,95.0,11.8,5.528,5.169,24.0,0.0,0.0,31.0,-100.0,-100.0,-8.0,0.0,0.0,32.0,-100.0,-100.0,0.0,0.0,-0.0,32.0,70.133,95.0,-316.0,134.0,7.888,37.0,-90.45,-90.311,-16.0,0.0,-0.0,31.0,31.707,31.22,8.0,0.0,0.0,31.0,40.619,40.825,-8.0,0.0,0.0,33.0
116.1795,2,fwd,95.0,11.8,5.528,5.169,24.0,0.0,0.0,31.0,-100.0,-100.0,-8.0,0.0,0.0,32.0,-100.0,-100.0,0.0,0.0,-0.0,32.0,70.4,95.0,-316.0,134.0,5.943,37.0,-90.45,-90.311,-16.0,0.0,-0.0,31.0,31.707,31.22,8.0,0.0,0.0,31.0,40.619,40.825,-8.0,0.0,0.0,33.0
116.2324,2,fwd,95.0,11.8,5.528,5.169,24.0,0.0,0.0,31.0,-100.0,-100.0,-8.0,0.0,0.0,32.0,-100.0,-100.0,0.0,0.0,-0.0,32.0,70.4,95.0,-316.0,134.0,2.912,37.0,-90.45,-90.311,-16.0,0.0,-0.0,31.0,31.707,31.22,8.0,0.0,0.0,31.0,40.619,40.825,-8.0,0.0,0.0,33.0
116.2847,2,fwd,95.0,11.8,5.528,5.169,24.0,0.0,0.0,31.0,-100.0,-100.0,-8.0,0.0,0.0,32.0,-100.0,-100.0,0.0,0.0,-0.0,32.0,70.933,95.0,-316.0,134.0,6.077,37.0,-90.45,-90.311,-16.0,0.0,-0.0,31.0,31.707,31.22,8.0,0.0,0.0,31.0,40.619,40.825,-8.0,0.0,0.0,33.0
116.339,2,fwd,95.0,11.8,5.528,5.169,24.0,0.0,0.0,31.0,-100.0,-100.0,-8.0,0.0,0.0,32.0,-100.0,-100.0,0.0,0.0,-0.0,32.0,71.067,95.0,-316.0,134.0,4.464,37.0,-90.45,-90.311,-16.0,0.0,-0.0,31.0,31.707,31.22,8.0,0.0,0.0,31.0,40.619,40.825,-8.0,0.0,0.0,33.0
116.3921,2,fwd,95.0,11.8,5.528,5.169,24.0,0.0,0.0,31.0,-100.0,-100.0,-8.0,0.0,0.0,32.0,-100.0,-100.0,0.0,0.0,-0.0,32.0,71.333,95.0,-316.0,134.0,5.156,37.0,-90.45,-90.311,-16.0,0.0,-0.0,31.0,31.707,31.22,8.0,0.0,0.0,31.0,40.619,40.825,-8.0,0.0,0.0,33.0
116.4452,2,fwd,95.0,11.8,5.528,5.169,24.0,0.0,0.0,31.0,-100.0,-100.0,-8.0,0.0,0.0,32.0,-100.0,-100.0,0.0,0.0,-0.0,32.0,71.6,95.0,-316.0,134.0,5.527,37.0,-90.45,-90.311,-16.0,0.0,-0.0,31.0,31.707,31.22,8.0,0.0,0.0,31.0,40.619,40.825,-8.0,0.0,0.0,33.0
116.4983,2,fwd,95.0,11.8,5.528,5.169,24.0,0.0,0.0,31.0,-100.0,-100.0,-8.0,0.0,0.0,32.0,-100.0,-100.0,0.0,0.0,-0.0,31.0,71.733,95.0,-304.0,105.0,5.336,37.0,-90.45,-90.311,-16.0,0.0,-0.0,31.0,31.707,31.22,8.0,0.0,0.0,31.0,40.619,40.825,-8.0,0.0,0.0,33.0
116.5512,2,fwd,95.0,11.8,5.528,5.169,24.0,0.0,0.0,31.0,-100.0,-100.0,-8.0,0.0,0.0,32.0,-100.0,-100.0,0.0,0.0,-0.0,31.0,71.867,95.0,-304.0,105.0,3.11,37.0,-90.45,-90.311,-16.0,0.0,-0.0,31.0,31.707,31.22,8.0,0.0,0.0,31.0,40.619,40.825,-8.0,0.0,0.0,33.0
116.6043,2,fwd,95.0,11.8,5.528,5.169,24.0,0.0,0.0,31.0,-100.0,-100.0,-8.0,0.0,0.0,32.0,-100.0,-100.0,0.0,0.0,-0.0,31.0,72.0,95.0,-304.0,105.0,3.01,37.0,-90.45,-90.311,-16.0,0.0,-0.0,31.0,31.707,31.22,8.0,0.0,0.0,31.0,40.619,40.825,-8.0,0.0,0.0,33.0
116.6573,2,fwd,95.0,11.8,5.528,5.169,24.0,0.0,0.0,31.0,-100.0,-100.0,-8.0,0.0,0.0,32.0,-100.0,-100.0,0.0,0.0,-0.0,31.0,72.533,95.0,-304.0,105.0,7.043,37.0,-90.45,-90.311,-16.0,0.0,-0.0,31.0,31.707,31.22,8.0,0.0,0.0,31.0,40.619,40.825,-8.0,0.0,0.0,33.0
116.7105,2,fwd,95.0,11.8,5.528,5.169,24.0,0.0,0.0,31.0,-100.0,-100.0,-8.0,0.0,0.0,32.0,-100.0,-100.0,0.0,0.0,-0.0,31.0,73.2,95.0,-304.0,105.0,10.038,37.0,-90.45,-90.311,-16.0,0.0,-0.0,31.0,31.707,31.22,8.0,0.0,0.0,31.0,40.619,40.825,-8.0,0.0,0.0,33.0
116.7627,2,fwd,95.0,11.8,5.528,5.169,24.0,0.0,0.0,31.0,-100.0,-100.0,-8.0,0.0,0.0,32.0,-100.0,-100.0,0.0,0.0,-0.0,31.0,73.467,95.0,-304.0,105.0,10.009,37.0,-90.45,-90.311,-16.0,0.0,-0.0,31.0,31.707,31.22,8.0,0.0,0.0,31.0,40.619,40.825,-8.0,0.0,0.0,33.0
116.8162,2,fwd,95.0,11.8,5.528,5.169,24.0,0.0,0.0,31.0,-100.0,-100.0,-8.0,0.0,0.0,32.0,-100.0,-100.0,0.0,0.0,-0.0,31.0,73.6,95.0,-304.0,105.0,6.398,37.0,-90.45,-90.311,-16.0,0.0,-0.0,31.0,31.707,31.22,8.0,0.0,0.0,31.0,40.619,40.825,-8.0,0.0,0.0,33.0
116.8694,2,fwd,95.0,11.8,5.528,5.169,24.0,0.0,0.0,31.0,-100.0,-100.0,-8.0,0.0,0.0,32.0,-100.0,-100.0,0.0,0.0,-0.0,31.0,73.867,95.0,-304.0,105.0,6.127,37.0,-90.45,-90.311,-16.0,0.0,-0.0,31.0,31.707,31.22,8.0,0.0,0.0,31.0,40.619,40.825,-8.0,0.0,0.0,33.0
116.9229,2,fwd,95.0,11.8,5.528,5.169,24.0,0.0,0.0,31.0,-100.0,-100.0,-8.0,0.0,0.0,32.0,-100.0,-100.0,0.0,0.0,-0.0,31.0,74.0,95.0,-304.0,105.0,4.043,37.0,-90.45,-90.311,-16.0,0.0,-0.0,31.0,31.707,31.22,8.0,0.0,0.0,31.0,40.619,40.825,-8.0,0.0,0.0,33.0
116.9764,2,fwd,95.0,11.8,5.528,5.169,24.0,0.0,0.0,31.0,-100.0,-100.0,-8.0,0.0,0.0,32.0,-100.0,-100.0,0.0,0.0,-0.0,31.0,74.267,95.0,-304.0,105.0,4.995,37.0,-90.45,-90.311,-16.0,0.0,-0.0,31.0,31.707,31.22,8.0,0.0,0.0,31.0,40.619,40.825,-8.0,0.0,0.0,33.0
117.0294,2,fwd,95.0,11.8,5.528,5.169,24.0,0.0,0.0,31.0,-100.0,-100.0,-8.0,0.0,0.0,32.0,-100.0,-100.0,0.0,0.0,-0.0,31.0,74.667,95.0,-304.0,105.0,6.479,37.0,-90.45,-90.311,-16.0,0.0,-0.0,31.0,31.707,31.22,8.0,0.0,0.0,31.0,40.619,40.825,-8.0,0.0,0.0,33.0
117.0824,2,fwd,95.0,11.8,5.528,5.169,24.0,0.0,0.0,31.0,-100.0,-100.0,-8.0,0.0,0.0,32.0,-100.0,-100.0,0.0,1.0,-0.0,31.0,74.8,95.0,-296.0,120.0,6.038,37.0,-90.45,-90.311,-16.0,0.0,-0.0,31.0,31.707,31.22,8.0,0.0,0.0,31.0,40.619,40.825,-8.0,0.0,0.0,33.0
117.1352,2,fwd,95.0,11.8,5.528,5.169,24.0,0.0,0.0,31.0,-100.0,-100.0,-8.0,0.0,0.0,32.0,-100.0,-100.0,0.0,1.0,-0.0,31.0,74.8,95.0,-296.0,120.0,2.958,37.0,-90.45,-90.311,-16.0,0.0,-0.0,31.0,31.707,31.22,8.0,0.0,0.0,31.0,40.619,40.825,-8.0,0.0,0.0,33.0
117.1882,2,fwd,95.0,11.8,5.528,5.169,24.0,0.0,0.0,31.0,-100.0,-100.0,-8.0,0.0,0.0,32.0,-100.0,-100.0,0.0,1.0,-0.0,31.0,74.933,95.0,-296.0,120.0,2.51,37.0,-90.45,-90.311,-16.0,0.0,-0.0,31.0,31.707,31.22,8.0,0.0,0.0,31.0,40.619,40.825,-8.0,0.0,0.0,33.0
117.2413,2,fwd,95.0,11.8,5.528,5.169,24.0,0.0,0.0,31.0,-100.0,-100.0,-8.0,0.0,0.0,32.0,-100.0,-100.0,0.0,1.0,-0.0,31.0,74.933,95.0,-296.0,120.0,1.23,37.0,-90.45,-90.311,-16.0,0.0,-0.0,31.0,31.707,31.22,8.0,0.0,0.0,31.0,40.619,40.825,-8.0,0.0,0.0,33.0
117.2943,2,fwd,95.0,11.8,5.528,5.169,24.0,0.0,0.0,31.0,-100.0,-100.0,-8.0,0.0,0.0,32.0,-100.0,-100.0,0.0,1.0,-0.0,31.0,75.6,95.0,-296.0,120.0,7.639,37.0,-90.45,-90.311,-16.0,0.0,-0.0,31.0,31.707,31.22,8.0,0.0,0.0,31.0,40.619,40.825,-8.0,0.0,0.0,33.0
117.3482,2,fwd,95.0,11.8,5.528,5.169,24.0,0.0,0.0,31.0,-100.0,-100.0,-8.0,0.0,0.0,32.0,-100.0,-100.0,0.0,1.0,-0.0,31.0,76.4,95.0,-296.0,120.0,11.401,37.0,-90.45,-90.311,-16.0,0.0,-0.0,31.0,31.707,31.22,8.0,0.0,0.0,31.0,40.619,40.825,-8.0,0.0,0.0,33.0
117.4011,2,fwd,95.0,11.8,5.528,5.169,24.0,0.0,0.0,31.0,-100.0,-100.0,-8.0,0.0,0.0,32.0,-100.0,-100.0,0.0,1.0,-0.0,31.0,76.533,95.0,-296.0,120.0,6.637,37.0,-90.45,-90.311,-16.0,0.0,-0.0,31.0,31.707,31.22,8.0,0.0,0.0,31.0,40.619,40.825,-8.0,0.0,0.0,33.0
117.4542,2,fwd,95.0,11.8,5.528,5.169,24.0,0.0,0.0,31.0,-100.0,-100.0,-8.0,0.0,0.0,32.0,-100.0,-100.0,0.0,1.0,-0.0,31.0,76.933,95.0,-296.0,120.0,7.332,37.0,-90.45,-90.311,-16.0,0.0,-0.0,31.0,31.707,31.22,8.0,0.0,0.0,31.0,40.619,40.825,-8.0,0.0,0.0,33.0
117.5075,2,fwd,95.0,11.8,5.528,5.169,24.0,0.0,0.0,31.0,-100.0,-100.0,-8.0,0.0,0.0,32.0,-100.0,-100.0,0.0,1.0,-0.0,31.0,77.067,95.0,-296.0,120.0,4.59,37.0,-90.45,-90.311,-16.0,0.0,-0.0,31.0,31.707,31.22,8.0,0.0,0.0,31.0,40.619,40.825,-8.0,0.0,0.0,33.0
117.5606,2,fwd,95.0,11.8,5.528,5.169,24.0,0.0,0.0,31.0,-100.0,-100.0,-8.0,0.0,0.0,32.0,-100.0,-100.0,0.0,1.0,-0.0,31.0,77.067,95.0,-296.0,120.0,2.249,37.0,-90.45,-90.311,-16.0,0.0,-0.0,31.0,31.707,31.22,8.0,0.0,0.0,31.0,40.619,40.825,-8.0,0.0,0.0,33.0
117.6139,2,fwd,95.0,11.8,5.528,5.169,24.0,0.0,0.0,31.0,-100.0,-100.0,-8.0,0.0,0.0,32.0,-100.0,-100.0,0.0,1.0,-0.0,31.0,77.2,95.0,-296.0,120.0,2.601,37.0,-90.45,-90.311,-16.0,0.0,-0.0,31.0,31.707,31.22,8.0,0.0,0.0,31.0,40.619,40.825,-8.0,0.0,0.0,33.0
117.667,2,fwd,95.0,11.8,5.528,5.169,24.0,0.0,0.0,31.0,-100.0,-100.0,-8.0,0.0,0.0,32.0,-100.0,-100.0,0.0,0.0,-0.0,32.0,77.867,95.0,-308.0,119.0,5.196,37.0,-90.45,-90.311,-16.0,1.0,-0.0,31.0,31.707,31.22,8.0,0.0,0.0,31.0,40.619,40.825,-8.0,0.0,0.0,33.0
117.7201,2,fwd,95.0,11.8,5.528,5.169,24.0,0.0,0.0,31.0,-100.0,-100.0,-8.0,0.0,0.0,32.0,-100.0,-100.0,0.0,0.0,-0.0,32.0,77.867,95.0,-308.0,119.0,2.546,37.0,-90.45,-90.311,-16.0,1.0,-0.0,31.0,31.707,31.22,8.0,0.0,0.0,31.0,40.619,40.825,-8.0,0.0,0.0,33.0
117.7733,2,fwd,95.0,11.8,5.528,5.169,24.0,0.0,0.0,31.0,-100.0,-100.0,-8.0,0.0,0.0,32.0,-100.0,-100.0,0.0,0.0,-0.0,32.0,78.0,95.0,-308.0,119.0,2.293,37.0,-90.45,-90.311,-16.0,1.0,-0.0,31.0,31.707,31.22,8.0,0.0,0.0,31.0,40.619,40.825,-8.0,0.0,0.0,33.0
117.8264,2,fwd,95.0,11.8,5.528,5.169,24.0,0.0,0.0,31.0,-100.0,-100.0,-8.0,0.0,0.0,32.0,-100.0,-100.0,0.0,0.0,-0.0,32.0,78.0,95.0,-308.0,119.0,1.123,37.0,-90.45,-90.311,-16.0,1.0,-0.0,31.0,31.707,31.22,8.0,0.0,0.0,31.0,40.619,40.825,-8.0,0.0,0.0,33.0
117.8793,2,fwd,95.0,11.8,5.528,5.169,24.0,0.0,0.0,31.0,-100.0,-100.0,-8.0,0.0,0.0,32.0,-100.0,-100.0,0.0,0.0,-0.0,32.0,78.133,95.0,-308.0,119.0,2.053,37.0,-90.45,-90.311,-16.0,1.0,-0.0,31.0,31.707,31.22,8.0,0.0,0.0,31.0,40.619,40.825,-8.0,0.0,0.0,33.0
117.9326,2,fwd,95.0,11.8,5.528,5.169,24.0,0.0,0.0,31.0,-100.0,-100.0,-8.0,0.0,0.0,32.0,-100.0,-100.0,0.0,0.0,-0.0,32.0,78.533,95.0,-308.0,119.0,5.409,37.0,-90.45,-90.311,-16.0,1.0,-0.0,31.0,31.707,31.22,8.0,0.0,0.0,31.0,40.619,40.825,-8.0,0.0,0.0,33.0
117.9859,2,fwd,95.0,11.8,5.528,5.169,24.0,0.0,0.0,31.0,-100.0,-100.0,-8.0,0.0,0.0,32.0,-100.0,-100.0,0.0,0.0,-0.0,32.0,79.467,95.0,-308.0,119.0,11.747,37.0,-90.45,-90.311,-16.0,1.0,-0.0,31.0,31.707,31.22,8.0,0.0,0.0,31.0,40.619,40.825,-8.0,0.0,0.0,33.0
118.0392,2,fwd,95.0,11.8,5.528,5.169,24.0,0.0,0.0,31.0,-100.0,-100.0,-8.0,0.0,0.0,32.0,-100.0,-100.0,0.0,0.0,-0.0,32.0,79.867,95.0,-308.0,119.0,9.819,37.0,-90.45,-90.311,-16.0,1.0,-0.0,31.0,31.707,31.22,8.0,0.0,0.0,31.0,40.619,40.825,-8.0,0.0,0.0,33.0
118.0924,2,fwd,95.0,11.8,5.528,5.169,24.0,0.0,0.0,31.0,-100.0,-100.0,-8.0,0.0,0.0,32.0,-100.0,-100.0,0.0,0.0,-0.0,32.0,80.0,95.0,-308.0,119.0,8.372,37.0,-90.45,-90.311,-16.0,1.0,-0.0,31.0,31.707,31.22,8.0,0.0,0.0,31.0,40.619,40.825,-8.0,0.0,0.0,33.0
118.1456,2,fwd,95.0,11.8,5.528,5.169,24.0,0.0,0.0,31.0,-100.0,-100.0,-8.0,0.0,0.0,32.0,-100.0,-100.0,0.0,0.0,-0.0,32.0,80.267,95.0,-308.0,119.0,5.993,37.0,-90.45,-90.311,-16.0,1.0,-0.0,31.0,31.707,31.22,8.0,0.0,0.0,31.0,40.619,40.825,-8.0,0.0,0.0,33.0
118.1991,2,fwd,95.0,11.8,5.528,5.169,24.0,0.0,0.0,31.0,-100.0,-100.0,-8.0,0.0,0.0,32.0,-100.0,-100.0,0.0,0.0,-0.0,32.0,80.267,95.0,-308.0,119.0,2.937,37.0,-90.45,-90.311,-16.0,1.0,-0.0,31.0,31.707,31.22,8.0,0.0,0.0,31.0,40.619,40.825,-8.0,0.0,0.0,33.0
118.2525,2,fwd,95.0,11.8,5.528,5.169,24.0,0.0,0.0,31.0,-100.0,-100.0,-8.0,0.0,0.0,32.0,-100.0,-100.0,0.0,0.0,-0.0,31.0,80.267,95.0,-304.0,107.0,2.056,37.0,-90.45,-90.311,-16.0,1.0,-0.0,31.0,31.707,31.22,8.0,0.0,0.0,31.0,40.619,40.825,-8.0,0.0,0.0,33.0
118.3046,2,fwd,95.0,11.8,5.528,5.169,24.0,0.0,0.0,31.0,-100.0,-100.0,-8.0,0.0,0.0,32.0,-100.0,-100.0,0.0,0.0,-0.0,31.0,80.667,95.0,-304.0,107.0,5.402,37.0,-90.45,-90.311,-16.0,1.0,-0.0,31.0,31.707,31.22,8.0,0.0,0.0,31.0,40.619,40.825,-8.0,0.0,0.0,33.0
118.3576,2,fwd,95.0,11.8,5.528,5.169,24.0,0.0,0.0,31.0,-100.0,-100.0,-8.0,0.0,0.0,32.0,-100.0,-100.0,0.0,0.0,-0.0,31.0,81.2,95.0,-304.0,107.0,7.715,37.0,-90.45,-90.311,-16.0,1.0,-0.0,31.0,31.707,31.22,8.0,0.0,0.0,31.0,40.619,40.825,-8.0,0.0,0.0,33.0
118.41,2,fwd,95.0,11.8,5.528,5.169,24.0,0.0,0.0,31.0,-100.0,-100.0,-8.0,0.0,0.0,32.0,-100.0,-100.0,0.0,0.0,-0.0,31.0,81.333,95.0,-304.0,107.0,5.235,37.0,-90.45,-90.311,-16.0,1.0,-0.0,31.0,31.707,31.22,8.0,0.0,0.0,31.0,40.619,40.825,-8.0,0.0,0.0,33.0
118.4633,2,fwd,95.0,11.8,5.528,5.169,24.0,0.0,0.0,31.0,-100.0,-100.0,-8.0,0.0,0.0,32.0,-100.0,-100.0,0.0,0.0,-0.0,31.0,81.867,95.0,-304.0,107.0,7.162,37.0,-90.45,-90.311,-16.0,1.0,-0.0,31.0,31.707,31.22,8.0,0.0,0.0,31.0,40.619,40.825,-8.0,0.0,0.0,33.0
118.5156,2,fwd,95.0,11.8,5.528,5.169,24.0,0.0,0.0,31.0,-100.0,-100.0,-8.0,0.0,0.0,32.0,-100.0,-100.0,0.0,0.0,-0.0,31.0,81.867,95.0,-304.0,107.0,3.51,37.0,-90.45,-90.311,-16.0,1.0,-0.0,31.0,31.707,31.22,8.0,0.0,0.0,31.0,40.619,40.825,-8.0,0.0,0.0,33.0
118.5686,2,fwd,95.0,11.8,5.528,5.169,24.0,0.0,0.0,31.0,-100.0,-100.0,-8.0,0.0,0.0,32.0,-100.0,-100.0,0.0,0.0,-0.0,31.0,82.533,95.0,-304.0,107.0,7.823,37.0,-90.45,-90.311,-16.0,1.0,-0.0,31.0,31.707,31.22,8.0,0.0,0.0,31.0,40.619,40.825,-8.0,0.0,0.0,33.0
118.6207,2,fwd,95.0,11.8,5.528,5.169,24.0,0.0,0.0,31.0,-100.0,-100.0,-8.0,0.0,0.0,32.0,-100.0,-100.0,0.0,0.0,-0.0,31.0,82.667,95.0,-304.0,107.0,4.892,37.0,-90.45,-90.311,-16.0,1.0,-0.0,31.0,31.707,31.22,8.0,0.0,0.0,31.0,40.619,40.825,-8.0,0.0,0.0,33.0
118.6735,2,fwd,95.0,11.8,5.528,5.169,24.0,0.0,0.0,31.0,-100.0,-100.0,-8.0,0.0,0.0,32.0,-100.0,-100.0,0.0,0.0,-0.0,31.0,83.2,95.0,-304.0,107.0,8.426,37.0,-90.45,-90.311,-16.0,1.0,-0.0,31.0,31.707,31.22,8.0,0.0,0.0,31.0,40.619,40.825,-8.0,0.0,0.0,33.0
118.7266,2,fwd,95.0,11.8,5.528,5.169,24.0,0.0,0.0,31.0,-100.0,-100.0,-8.0,0.0,0.0,32.0,-100.0,-100.0,0.0,0.0,-0.0,31.0,83.333,95.0,-304.0,107.0,5.172,37.0,-90.45,-90.311,-16.0,1.0,-0.0,31.0,31.707,31.22,8.0,0.0,0.0,31.0,40.619,40.825,-8.0,0.0,0.0,33.0
118.7791,2,fwd,95.0,11.8,5.528,5.169,24.0,0.0,0.0,31.0,-100.0,-100.0,-8.0,0.0,0.0,32.0,-100.0,-100.0,0.0,0.0,-0.0,31.0,83.333,95.0,-304.0,107.0,3.621,37.0,-90.45,-90.311,-16.0,1.0,-0.0,31.0,31.707,31.22,8.0,0.0,0.0,31.0,40.619,40.825,-8.0,0.0,0.0,33.0
118.8325,2,fwd,95.0,11.8,5.528,5.169,24.0,0.0,0.0,31.0,-100.0,-100.0,-8.0,0.0,0.0,32.0,-100.0,-100.0,0.0,0.0,-0.0,32.0,83.733,95.0,-296.0,102.0,4.527,37.0,-90.45,-90.311,-16.0,0.0,-0.0,31.0,31.707,31.22,8.0,0.0,0.0,32.0,40.619,40.825,-8.0,0.0,0.0,33.0
118.8848,2,fwd,95.0,11.8,5.528,5.169,24.0,0.0,0.0,31.0,-100.0,-100.0,-8.0,0.0,0.0,32.0,-100.0,-100.0,0.0,0.0,-0.0,32.0,83.867,95.0,-296.0,102.0,3.701,37.0,-90.45,-90.311,-16.0,0.0,-0.0,31.0,31.707,31.22,8.0,0.0,0.0,32.0,40.619,40.825,-8.0,0.0,0.0,33.0
118.9385,2,fwd,95.0,11.8,5.528,5.169,24.0,0.0,0.0,31.0,-100.0,-100.0,-8.0,0.0,0.0,32.0,-100.0,-100.0,0.0,0.0,-0.0,32.0,84.0,95.0,-296.0,102.0,3.301,37.0,-90.45,-90.311,-16.0,0.0,-0.0,31.0,31.707,31.22,8.0,0.0,0.0,32.0,40.619,40.825,-8.0,0.0,0.0,33.0
118.992,2,fwd,95.0,11.8,5.528,5.169,24.0,0.0,0.0,31.0,-100.0,-100.0,-8.0,0.0,0.0,32.0,-100.0,-100.0,0.0,0.0,-0.0,32.0,84.267,95.0,-296.0,102.0,4.145,37.0,-90.45,-90.311,-16.0,0.0,-0.0,31.0,31.707,31.22,8.0,0.0,0.0,32.0,40.619,40.825,-8.0,0.0,0.0,33.0
119.0453,2,fwd,95.0,11.8,5.528,5.169,24.0,0.0,0.0,31.0,-100.0,-100.0,-8.0,0.0,0.0,32.0,-100.0,-100.0,0.0,0.0,-0.0,32.0,84.4,95.0,-296.0,102.0,3.514,37.0,-90.45,-90.311,-16.0,0.0,-0.0,31.0,31.707,31.22,8.0,0.0,0.0,32.0,40.619,40.825,-8.0,0.0,0.0,33.0
119.0977,2,fwd,95.0,11.8,5.528,5.169,24.0,0.0,0.0,31.0,-100.0,-100.0,-8.0,0.0,0.0,32.0,-100.0,-100.0,0.0,0.0,-0.0,32.0,84.933,95.0,-296.0,102.0,6.321,37.0,-90.45,-90.311,-16.0,0.0,-0.0,31.0,31.707,31.22,8.0,0.0,0.0,32.0,40.619,40.825,-8.0,0.0,0.0,33.0
119.1497,2,fwd,95.0,11.8,5.528,5.169,24.0,0.0,0.0,31.0,-100.0,-100.0,-8.0,0.0,0.0,32.0,-100.0,-100.0,0.0,0.0,-0.0,32.0,84.933,95.0,-296.0,102.0,3.097,37.0,-90.45,-90.311,-16.0,0.0,-0.0,31.0,31.707,31.22,8.0,0.0,0.0,32.0,40.619,40.825,-8.0,0.0,0.0,33.0
119.2028,2,fwd,95.0,11.8,5.528,5.169,24.0,0.0,0.0,31.0,-100.0,-100.0,-8.0,0.0,0.0,32.0,-100.0,-100.0,0.0,0.0,-0.0,32.0,85.6,95.0,-296.0,102.0,8.123,37.0,-90.45,-90.311,-16.0,0.0,-0.0,31.0,31.707,31.22,8.0,0.0,0.0,32.0,40.619,40.825,-8.0,0.0,0.0,33.0
119.2559,2,fwd,95.0,11.8,5.528,5.169,24.0,0.0,0.0,31.0,-100.0,-100.0,-8.0,0.0,0.0,32.0,-100.0,-100.0,0.0,0.0,-0.0,32.0,85.867,95.0,-296.0,102.0,6.077,37.0,-90.45,-90.311,-16.0,0.0,-0.0,31.0,31.707,31.22,8.0,0.0,0.0,32.0,40.619,40.825,-8.0,0.0,0.0,33.0
119.309,2,fwd,95.0,11.8,5.528,5.169,24.0,0.0,0.0,31.0,-100.0,-100.0,-8.0,0.0,0.0,32.0,-100.0,-100.0,0.0,0.0,-0.0,32.0,86.4,95.0,-296.0,102.0,8.506,37.0,-90.45,-90.311,-16.0,0.0,-0.0,31.0,31.707,31.22,8.0,0.0,0.0,32.0,40.619,40.825,-8.0,0.0,0.0,33.0
119.3632,2,fwd,95.0,11.9,5.528,5.169,24.0,0.0,0.0,31.0,-100.0,-100.0,-8.0,0.0,0.0,32.0,-100.0,-100.0,0.0,0.0,-0.0,32.0,86.533,95.0,-272.0,87.0,7.458,38.0,-90.45,-90.311,-16.0,0.0,-0.0,31.0,31.707,31.22,8.0,0.0,0.0,31.0,40.619,40.825,-8.0,0.0,0.0,33.0
119.4164,2,fwd,95.0,11.9,5.528,5.169,24.0,0.0,0.0,31.0,-100.0,-100.0,-8.0,0.0,0.0,32.0,-100.0,-100.0,0.0,0.0,-0.0,32.0,86.533,95.0,-272.0,87.0,3.654,38.0,-90.45,-90.311,-16.0,0.0,-0.0,31.0,31.707,31.22,8.0,0.0,0.0,31.0,40.619,40.825,-8.0,0.0,0.0,33.0
119.4687,2,fwd,95.0,11.9,5.528,5.169,24.0,0.0,0.0,31.0,-100.0,-100.0,-8.0,0.0,0.0,32.0,-100.0,-100.0,0.0,0.0,-0.0,32.0,86.667,95.0,-272.0,87.0,3.274,38.0,-90.45,-90.311,-16.0,0.0,-0.0,31.0,31.707,31.22,8.0,0.0,0.0,31.0,40.619,40.825,-8.0,0.0,0.0,33.0
119.5224,2,fwd,95.0,11.9,5.528,5.169,24.0,0.0,0.0,31.0,-100.0,-100.0,-8.0,0.0,0.0,32.0,-100.0,-100.0,0.0,0.0,-0.0,32.0,87.067,95.0,-272.0,87.0,5.163,38.0,-90.45,-90.311,-16.0,0.0,-0.0,31.0,31.707,31.22,8.0,0.0,0.0,31.0,40.619,40.825,-8.0,0.0,0.0,33.0
119.5747,2,fwd,95.0,11.9,5.528,5.169,24.0,0.0,0.0,31.0,-100.0,-100.0,-8.0,0.0,0.0,32.0,-100.0,-100.0,0.0,0.0,-0.0,32.0,87.2,95.0,-272.0,87.0,3.555,38.0,-90.45,-90.311,-16.0,0.0,-0.0,31.0,31.707,31.22,8.0,0.0,0.0,31.0,40.619,40.825,-8.0,0.0,0.0,33.0
119.6278,2,fwd,95.0,11.9,5.528,5.169,24.0,0.0,0.0,31.0,-100.0,-100.0,-8.0,0.0,0.0,32.0,-100.0,-100.0,0.0,0.0,-0.0,32.0,87.733,95.0,-272.0,87.0,6.825,38.0,-90.45,-90.311,-16.0,0.0,-0.0,31.0,31.707,31.22,8.0,0.0,0.0,31.0,40.619,40.825,-8.0,0.0,0.0,33.0
119.6811,2,fwd,95.0,11.9,5.528,5.169,24.0,0.0,0.0,31.0,-100.0,-100.0,-8.0,0.0,0.0,32.0,-100.0,-100.0,0.0,0.0,-0.0,32.0,88.0,95.0,-272.0,87.0,5.449,38.0,-90.45,-90.311,-16.0,0.0,-0.0,31.0,31.707,31.22,8.0,0.0,0.0,31.0,40.619,40.825,-8.0,0.0,0.0,33.0
119.7342,2,fwd,95.0,11.9,5.528,5.169,24.0,0.0,0.0,31.0,-100.0,-100.0,-8.0,0.0,0.0,32.0,-100.0,-100.0,0.0,0.0,-0.0,32.0,88.0,95.0,-272.0,87.0,2.67,38.0,-90.45,-90.311,-16.0,0.0,-0.0,31.0,31.707,31.22,8.0,0.0,0.0,31.0,40.619,40.825,-8.0,0.0,0.0,33.0
119.7869,2,fwd,95.0,11.9,5.528,5.169,24.0,0.0,0.0,31.0,-100.0,-100.0,-8.0,0.0,0.0,32.0,-100.0,-100.0,0.0,0.0,-0.0,32.0,88.0,95.0,-272.0,87.0,1.308,38.0,-90.45,-90.311,-16.0,0.0,-0.0,31.0,31.707,31.22,8.0,0.0,0.0,31.0,40.619,40.825,-8.0,0.0,0.0,33.0
119.8398,2,fwd,95.0,11.9,5.528,5.169,24.0,0.0,0.0,31.0,-100.0,-100.0,-8.0,0.0,0.0,32.0,-100.0,-100.0,0.0,0.0,-0.0,32.0,88.4,95.0,-272.0,87.0,5.155,38.0,-90.45,-90.311,-16.0,0.0,-0.0,31.0,31.707,31.22,8.0,0.0,0.0,31.0,40.619,40.825,-8.0,0.0,0.0,33.0
119.893,2,fwd,95.0,11.9,5.528,5.169,24.0,0.0,0.0,31.0,-100.0,-100.0,-8.0,0.0,0.0,32.0,-100.0,-100.0,0.0,0.0,-0.0,32.0,89.067,95.0,-272.0,87.0,8.588,38.0,-90.45,-90.311,-16.0,0.0,-0.0,31.0,31.707,31.22,8.0,0.0,0.0,31.0,40.619,40.825,-8.0,0.0,0.0,33.0
119.9461,2,fwd,95.0,11.9,5.528,5.169,24.0,0.0,0.0,31.0,-100.0,-100.0,-8.0,0.0,0.0,32.0,-100.0,-100.0,0.0,0.0,-0.0,31.0,89.067,95.0,-288.0,88.0,8.588,38.0,-90.45,-90.311,-16.0,0.0,-0.0,31.0,31.707,31.22,8.0,0.0,0.0,31.0,40.619,40.825,-8.0,0.0,0.0,33.0
119.9994,2,fwd,95.0,11.9,5.528,5.169,24.0,0.0,0.0,31.0,-100.0,-100.0,-8.0,0.0,0.0,32.0,-100.0,-100.0,0.0,0.0,-0.0,31.0,89.6,95.0,-288.0,88.0,6.019,38.0,-90.45,-90.311,-16.0,0.0,-0.0,31.0,31.707,31.22,8.0,0.0,0.0,31.0,40.619,40.825,-8.0,0.0,0.0,33.0
120.0532,2,fwd,95.0,11.9,5.528,5.169,24.0,0.0,0.0,31.0,-100.0,-100.0,-8.0,0.0,0.0,32.0,-100.0,-100.0,0.0,0.0,-0.0,31.0,90.0,95.0,-288.0,88.0,6.327,38.0,-90.45,-90.311,-16.0,0.0,-0.0,31.0,31.707,31.22,8.0,0.0,0.0,31.0,40.825,40.825,-8.0,0.0,1.462,33.0
120.1056,2,hold_end,95.0,11.9,5.528,5.169,24.0,0.0,0.0,31.0,-100.0,-100.0,-8.0,0.0,0.0,32.0,-100.0,-100.0,0.0,0.0,-0.0,31.0,90.133,95.0,-288.0,88.0,4.13,38.0,-90.45,-90.311,-16.0,0.0,-0.0,31.0,31.707,31.22,8.0,0.0,0.0,31.0,40.825,40.825,-8.0,0.0,0.717,33.0
120.1585,2,hold_end,95.0,11.9,5.528,5.169,24.0,0.0,0.0,31.0,-100.0,-100.0,-8.0,0.0,0.0,32.0,-100.0,-100.0,0.0,0.0,-0.0,31.0,90.133,95.0,-288.0,88.0,2.024,38.0,-90.45,-90.311,-16.0,0.0,-0.0,31.0,31.707,31.22,8.0,0.0,0.0,31.0,40.825,40.825,-8.0,0.0,0.351,33.0
120.2115,2,hold_end,95.0,11.9,5.528,5.169,24.0,0.0,0.0,31.0,-100.0,-100.0,-8.0,0.0,0.0,32.0,-100.0,-100.0,0.0,0.0,-0.0,31.0,90.133,95.0,-288.0,88.0,0.992,38.0,-90.45,-90.311,-16.0,0.0,-0.0,31.0,31.707,31.22,8.0,0.0,0.0,31.0,40.825,40.825,-8.0,0.0,0.172,33.0
120.2644,2,hold_end,95.0,11.9,5.528,5.169,24.0,0.0,0.0,31.0,-100.0,-100.0,-8.0,0.0,0.0,32.0,-100.0,-100.0,0.0,0.0,-0.0,31.0,90.133,95.0,-288.0,88.0,0.486,38.0,-90.45,-90.311,-16.0,0.0,-0.0,31.0,31.707,31.22,8.0,0.0,0.0,31.0,40.825,40.825,-8.0,0.0,0.084,33.0
120.3172,2,hold_end,95.0,11.9,5.528,5.169,24.0,0.0,0.0,31.0,-100.0,-100.0,-8.0,0.0,0.0,32.0,-100.0,-100.0,0.0,0.0,-0.0,31.0,90.267,95.0,-288.0,88.0,1.289,38.0,-90.45,-90.311,-16.0,0.0,-0.0,31.0,31.707,31.22,8.0,0.0,0.0,31.0,40.825,40.825,-8.0,0.0,0.041,33.0
120.3706,2,hold_end,95.0,11.9,5.528,5.169,24.0,0.0,0.0,31.0,-100.0,-100.0,-8.0,0.0,0.0,32.0,-100.0,-100.0,0.0,0.0,-0.0,31.0,90.267,95.0,-288.0,88.0,0.632,38.0,-90.45,-90.311,-16.0,0.0,-0.0,31.0,31.707,31.22,8.0,0.0,0.0,31.0,40.825,40.825,-8.0,0.0,0.02,33.0
120.424,2,hold_end,95.0,11.9,5.528,5.169,24.0,0.0,0.0,31.0,-100.0,-100.0,-8.0,0.0,0.0,32.0,-100.0,-100.0,0.0,0.0,-0.0,31.0,90.267,95.0,-288.0,88.0,0.309,38.0,-90.381,-90.311,-16.0,0.0,0.537,31.0,31.707,31.22,8.0,0.0,0.0,31.0,40.825,40.825,-8.0,0.0,0.01,33.0
120.4773,2,hold_end,95.0,11.9,5.528,5.169,24.0,0.0,0.0,31.0,-100.0,-100.0,-8.0,0.0,0.0,32.0,-100.0,-100.0,0.0,0.0,-0.0,31.0,90.267,95.0,-288.0,88.0,0.152,38.0,-90.381,-90.311,-16.0,0.0,0.263,31.0,31.707,31.22,8.0,0.0,0.0,31.0,40.825,40.825,-8.0,0.0,0.005,33.0
120.5304,2,hold_end,95.0,11.9,5.528,5.169,24.0,0.0,0.0,31.0,-100.0,-100.0,-8.0,0.0,0.0,32.0,-100.0,-100.0,0.0,0.0,-0.0,32.0,90.267,95.0,-280.0,91.0,0.106,38.0,-90.381,-90.311,-8.0,0.0,0.184,31.0,31.707,31.22,8.0,0.0,0.0,31.0,40.825,40.825,0.0,0.0,0.003,33.0
120.5836,2,hold_end,95.0,11.9,5.528,5.169,24.0,0.0,0.0,31.0,-100.0,-100.0,-8.0,0.0,0.0,32.0,-100.0,-100.0,0.0,0.0,-0.0,32.0,90.267,95.0,-280.0,91.0,0.052,38.0,-90.381,-90.311,-8.0,0.0,0.09,31.0,31.707,31.22,8.0,0.0,0.0,31.0,40.825,40.825,0.0,0.0,0.002,33.0
120.6368,2,hold_end,95.0,11.9,5.528,5.169,24.0,0.0,0.0,31.0,-100.0,-100.0,-8.0,0.0,0.0,32.0,-100.0,-100.0,0.0,0.0,-0.0,32.0,90.267,95.0,-280.0,91.0,0.025,38.0,-90.381,-90.311,-8.0,0.0,0.044,31.0,31.707,31.22,8.0,0.0,0.0,31.0,40.825,40.825,0.0,0.0,0.001,33.0
120.69,2,hold_end,95.0,11.9,5.528,5.169,24.0,0.0,0.0,31.0,-100.0,-100.0,-8.0,0.0,0.0,32.0,-100.0,-100.0,0.0,0.0,-0.0,32.0,90.267,95.0,-280.0,91.0,0.012,38.0,-90.381,-90.311,-8.0,0.0,0.022,31.0,31.707,31.22,8.0,0.0,0.0,31.0,40.825,40.825,0.0,0.0,0.0,33.0
120.7432,2,hold_end,95.0,11.9,5.528,5.169,24.0,0.0,0.0,31.0,-100.0,-100.0,-8.0,0.0,0.0,32.0,-100.0,-100.0,0.0,0.0,-0.0,32.0,90.267,95.0,-280.0,91.0,0.006,38.0,-90.381,-90.311,-8.0,0.0,0.011,31.0,31.707,31.22,8.0,0.0,0.0,31.0,40.825,40.825,0.0,0.0,0.0,33.0
120.7963,2,hold_end,95.0,11.9,5.528,5.169,24.0,0.0,0.0,31.0,-100.0,-100.0,-8.0,0.0,0.0,32.0,-100.0,-100.0,0.0,0.0,-0.0,32.0,90.267,95.0,-280.0,91.0,0.003,38.0,-90.381,-90.311,-8.0,0.0,0.005,31.0,31.707,31.22,8.0,0.0,0.0,31.0,40.825,40.825,0.0,0.0,0.0,33.0
120.849,2,hold_end,95.0,11.9,5.528,5.169,24.0,0.0,0.0,31.0,-100.0,-100.0,-8.0,0.0,0.0,32.0,-100.0,-100.0,0.0,0.0,-0.0,32.0,90.267,95.0,-280.0,91.0,0.001,38.0,-90.381,-90.311,-8.0,0.0,0.003,31.0,31.707,31.22,8.0,0.0,0.0,31.0,40.825,40.825,0.0,0.0,0.0,33.0
120.9019,2,hold_end,95.0,11.9,5.528,5.169,24.0,0.0,0.0,31.0,-100.0,-100.0,-8.0,0.0,0.0,32.0,-100.0,-100.0,0.0,0.0,-0.0,32.0,90.267,95.0,-280.0,91.0,0.001,38.0,-90.381,-90.311,-8.0,0.0,0.001,31.0,31.707,31.22,8.0,0.0,0.0,31.0,40.825,40.825,0.0,0.0,0.0,33.0
120.9548,2,hold_end,95.0,11.9,5.528,5.169,24.0,0.0,0.0,31.0,-100.0,-100.0,-8.0,0.0,0.0,32.0,-100.0,-100.0,0.0,0.0,-0.0,32.0,90.267,95.0,-280.0,91.0,0.0,38.0,-90.381,-90.311,-8.0,0.0,0.001,31.0,31.707,31.22,8.0,0.0,0.0,31.0,40.825,40.825,0.0,0.0,0.0,33.0
121.0068,2,hold_end,95.0,11.9,5.528,5.169,24.0,0.0,0.0,31.0,-100.0,-100.0,-8.0,0.0,0.0,32.0,-100.0,-100.0,0.0,0.0,-0.0,32.0,90.267,95.0,-280.0,91.0,0.0,38.0,-90.381,-90.311,-8.0,0.0,0.0,31.0,31.707,31.22,8.0,0.0,0.0,31.0,40.825,40.825,0.0,0.0,0.0,33.0
121.0605,2,hold_end,95.0,11.9,5.528,5.169,24.0,0.0,0.0,31.0,-100.0,-100.0,-8.0,0.0,0.0,32.0,-100.0,-100.0,0.0,0.0,-0.0,32.0,90.267,95.0,-280.0,91.0,0.0,38.0,-90.381,-90.311,-8.0,0.0,0.0,31.0,31.707,31.22,8.0,0.0,0.0,31.0,40.825,40.825,0.0,0.0,0.0,33.0
121.1142,2,rev,-95.0,11.9,5.528,5.169,24.0,0.0,0.0,31.0,-100.0,-100.0,-8.0,0.0,0.0,32.0,-100.0,-100.0,0.0,0.0,-0.0,31.0,90.267,-95.0,-280.0,88.0,0.0,38.0,-90.381,-90.311,-8.0,0.0,0.0,31.0,31.707,31.22,8.0,0.0,0.0,31.0,40.825,40.825,0.0,0.0,0.0,33.0
121.1682,2,rev,-95.0,11.9,5.528,5.169,24.0,0.0,0.0,31.0,-100.0,-100.0,-8.0,0.0,0.0,32.0,-100.0,-100.0,0.0,0.0,-0.0,31.0,90.267,-95.0,-280.0,88.0,0.0,38.0,-90.381,-90.311,-8.0,0.0,0.0,31.0,31.707,31.22,8.0,0.0,0.0,31.0,40.825,40.825,0.0,0.0,0.0,33.0
121.2207,2,rev,-95.0,11.9,5.528,5.169,24.0,0.0,0.0,31.0,-100.0,-100.0,-8.0,0.0,0.0,32.0,-100.0,-100.0,0.0,0.0,-0.0,31.0,90.267,-95.0,-280.0,88.0,0.0,38.0,-90.381,-90.311,-8.0,0.0,0.0,31.0,31.707,31.22,8.0,0.0,0.0,31.0,40.825,40.825,0.0,0.0,0.0,33.0
121.2727,2,rev,-95.0,11.9,5.528,5.169,24.0,0.0,0.0,31.0,-100.0,-100.0,-8.0,0.0,0.0,32.0,-100.0,-100.0,0.0,0.0,-0.0,31.0,90.267,-95.0,-280.0,88.0,0.0,38.0,-90.381,-90.311,-8.0,0.0,0.0,31.0,31.707,31.22,8.0,0.0,0.0,31.0,40.825,40.825,0.0,0.0,0.0,33.0
121.3248,2,rev,-95.0,11.9,5.528,5.169,24.0,0.0,0.0,31.0,-100.0,-100.0,-8.0,0.0,0.0,32.0,-100.0,-100.0,0.0,0.0,-0.0,31.0,90.267,-95.0,-280.0,88.0,0.0,38.0,-90.381,-90.311,-8.0,0.0,0.0,31.0,31.707,31.22,8.0,0.0,0.0,31.0,40.825,40.825,0.0,0.0,0.0,33.0
121.3793,2,rev,-95.0,11.9,5.528,5.169,24.0,0.0,0.0,31.0,-100.0,-100.0,-8.0,0.0,0.0,32.0,-100.0,-100.0,0.0,0.0,-0.0,31.0,90.267,-95.0,-280.0,88.0,0.0,38.0,-90.381,-90.311,-8.0,0.0,0.0,31.0,31.707,31.22,8.0,0.0,0.0,31.0,40.825,40.825,0.0,0.0,0.0,33.0
121.4317,2,rev,-95.0,11.9,5.528,5.169,24.0,0.0,0.0,31.0,-100.0,-100.0,-8.0,0.0,0.0,32.0,-100.0,-100.0,0.0,0.0,-0.0,31.0,90.267,-95.0,-280.0,88.0,0.0,38.0,-90.381,-90.311,-8.0,0.0,0.0,31.0,31.707,31.22,8.0,0.0,0.0,31.0,40.825,40.825,0.0,0.0,0.0,33.0
121.485,2,rev,-95.0,11.9,5.528,5.169,24.0,0.0,0.0,31.0,-100.0,-100.0,-8.0,0.0,0.0,32.0,-100.0,-100.0,0.0,0.0,-0.0,31.0,90.267,-95.0,-280.0,88.0,0.0,38.0,-90.381,-90.311,-8.0,0.0,0.0,31.0,31.707,31.22,8.0,0.0,0.0,31.0,40.825,40.825,0.0,0.0,0.0,33.0
121.5383,2,rev,-95.0,11.9,5.528,5.169,24.0,0.0,0.0,31.0,-100.0,-100.0,-8.0,0.0,0.0,32.0,-100.0,-100.0,0.0,0.0,-0.0,31.0,90.267,-95.0,-280.0,88.0,0.0,38.0,-90.381,-90.311,-8.0,0.0,0.0,31.0,31.707,31.22,8.0,0.0,0.0,31.0,40.825,40.825,0.0,0.0,0.0,33.0
121.5915,2,rev,-95.0,11.9,5.528,5.169,24.0,0.0,0.0,31.0,-100.0,-100.0,-8.0,0.0,0.0,32.0,-100.0,-100.0,0.0,0.0,-0.0,31.0,90.267,-95.0,-280.0,88.0,0.0,38.0,-90.381,-90.311,-8.0,0.0,0.0,31.0,31.707,31.22,8.0,0.0,0.0,31.0,40.825,40.825,0.0,0.0,0.0,33.0
121.6437,2,rev,-95.0,12.1,5.528,5.169,24.0,0.0,0.0,31.0,-100.0,-100.0,-8.0,0.0,0.0,32.0,-100.0,-100.0,0.0,0.0,-0.0,32.0,90.267,-95.0,-112.0,22.0,0.0,38.0,-90.381,-90.311,-8.0,0.0,0.0,31.0,31.707,31.22,8.0,0.0,0.0,31.0,40.825,40.825,0.0,0.0,0.0,33.0
121.6958,2,rev,-95.0,12.1,5.528,5.169,24.0,0.0,0.0,31.0,-100.0,-100.0,-8.0,0.0,0.0,32.0,-100.0,-100.0,0.0,0.0,-0.0,32.0,90.133,-95.0,-112.0,22.0,-1.5,38.0,-90.381,-90.311,-8.0,0.0,0.0,31.0,31.707,31.22,8.0,0.0,0.0,31.0,40.825,40.825,0.0,0.0,0.0,33.0
121.7489,2,rev,-95.0,12.1,5.528,5.169,24.0,0.0,0.0,31.0,-100.0,-100.0,-8.0,0.0,0.0,32.0,-100.0,-100.0,0.0,0.0,-0.0,32.0,90.0,-95.0,-112.0,22.0,-1.762,38.0,-90.381,-90.311,-8.0,0.0,0.0,31.0,31.707,31.22,8.0,0.0,0.0,31.0,40.825,40.825,0.0,0.0,0.0,33.0
121.8021,2,rev,-95.0,12.1,5.528,5.169,24.0,0.0,0.0,31.0,-100.0,-100.0,-8.0,0.0,0.0,32.0,-100.0,-100.0,0.0,0.0,-0.0,32.0,89.867,-95.0,-112.0,22.0,-1.92,38.0,-90.381,-90.311,-8.0,0.0,0.0,31.0,31.707,31.22,8.0,0.0,0.0,31.0,40.825,40.825,0.0,0.0,0.0,33.0
121.855,2,rev,-95.0,12.1,5.528,5.169,24.0,0.0,0.0,31.0,-100.0,-100.0,-8.0,0.0,0.0,32.0,-100.0,-100.0,0.0,0.0,-0.0,32.0,89.733,-95.0,-112.0,22.0,-2.448,38.0,-90.381,-90.311,-8.0,0.0,0.0,31.0,31.707,31.22,8.0,0.0,0.0,31.0,40.825,40.825,0.0,0.0,0.0,33.0
121.9085,2,rev,-95.0,12.1,5.528,5.169,24.0,0.0,0.0,31.0,-100.0,-100.0,-8.0,0.0,0.0,32.0,-100.0,-100.0,0.0,0.0,-0.0,32.0,89.467,-95.0,-112.0,22.0,-3.754,38.0,-90.381,-90.311,-8.0,0.0,0.0,31.0,31.707,31.22,8.0,0.0,0.0,31.0,40.825,40.825,0.0,0.0,0.0,33.0
121.9618,2,rev,-95.0,12.1,5.528,5.169,24.0,0.0,0.0,31.0,-100.0,-100.0,-8.0,0.0,0.0,32.0,-100.0,-100.0,0.0,0.0,-0.0,32.0,89.2,-95.0,-112.0,22.0,-4.84,38.0,-90.381,-90.311,-8.0,0.0,0.0,31.0,31.707,31.22,8.0,0.0,0.0,31.0,40.825,40.825,0.0,0.0,0.0,33.0
122.0149,2,rev,-95.0,12.1,5.528,5.169,24.0,0.0,0.0,31.0,-100.0,-100.0,-8.0,0.0,0.0,32.0,-100.0,-100.0,0.0,0.0,-0.0,32.0,89.067,-95.0,-112.0,22.0,-3.414,38.0,-90.381,-90.311,-8.0,0.0,0.0,31.0,31.707,31.22,8.0,0.0,0.0,31.0,40.825,40.825,0.0,0.0,0.0,33.0
122.0683,2,rev,-95.0,12.1,5.528,5.169,24.0,0.0,0.0,31.0,-100.0,-100.0,-8.0,0.0,0.0,32.0,-100.0,-100.0,0.0,0.0,-0.0,32.0,88.933,-95.0,-112.0,22.0,-3.182,38.0,-90.381,-90.311,-8.0,0.0,0.0,31.0,31.707,31.22,8.0,0.0,0.0,31.0,40.825,40.825,0.0,0.0,0.0,33.0
122.1212,2,rev,-95.0,12.1,5.528,5.169,24.0,0.0,0.0,31.0,-100.0,-100.0,-8.0,0.0,0.0,32.0,-100.0,-100.0,0.0,0.0,-0.0,32.0,88.667,-95.0,-112.0,22.0,-4.086,38.0,-90.381,-90.311,-8.0,0.0,0.0,31.0,31.707,31.22,8.0,0.0,0.0,31.0,40.825,40.825,0.0,0.0,0.0,33.0
122.1745,2,rev,-95.0,12.1,5.528,5.169,24.0,0.0,0.0,31.0,-100.0,-100.0,-8.0,0.0,0.0,32.0,-100.0,-100.0,0.0,0.0,-0.0,32.0,88.533,-95.0,-112.0,22.0,-3.039,38.0,-90.381,-90.311,-8.0,0.0,0.0,31.0,31.707,31.22,8.0,0.0,0.0,31.0,40.825,40.825,0.0,0.0,0.0,33.0
122.228,2,rev,-95.0,12.2,5.528,5.169,24.0,0.0,0.0,31.0,-100.0,-100.0,-8.0,0.0,0.0,32.0,-100.0,-100.0,0.0,0.0,-0.0,32.0,88.533,-95.0,-56.0,6.0,-3.039,38.0,-90.381,-90.311,-8.0,0.0,0.0,31.0,31.707,31.22,8.0,0.0,0.0,31.0,40.825,40.825,0.0,0.0,0.0,33.0
122.2815,2,rev,-95.0,12.2,5.528,5.169,24.0,0.0,0.0,31.0,-100.0,-100.0,-8.0,0.0,0.0,32.0,-100.0,-100.0,0.0,0.0,-0.0,32.0,88.267,-95.0,-56.0,6.0,-2.399,38.0,-90.381,-90.311,-8.0,0.0,0.0,31.0,31.707,31.22,8.0,0.0,0.0,31.0,40.825,40.825,0.0,0.0,0.0,33.0
122.3348,2,rev,-95.0,12.2,5.528,5.169,24.0,0.0,0.0,31.0,-100.0,-100.0,-8.0,0.0,0.0,32.0,-100.0,-100.0,0.0,0.0,-0.0,32.0,87.733,-95.0,-56.0,6.0,-6.17,38.0,-90.381,-90.311,-8.0,0.0,0.0,31.0,31.707,31.22,8.0,0.0,0.0,31.0,40.825,40.825,0.0,0.0,0.0,33.0
122.3889,2,rev,-95.0,12.2,5.528,5.169,24.0,0.0,0.0,31.0,-100.0,-100.0,-8.0,0.0,0.0,32.0,-100.0,-100.0,0.0,0.0,-0.0,32.0,87.467,-95.0,-56.0,6.0,-5.525,38.0,-90.381,-90.311,-8.0,0.0,0.0,31.0,31.707,31.22,8.0,0.0,0.0,31.0,40.825,40.825,0.0,0.0,0.0,33.0
122.4424,2,rev,-95.0,12.2,5.528,5.169,24.0,0.0,0.0,31.0,-100.0,-100.0,-8.0,0.0,0.0,32.0,-100.0,-100.0,0.0,0.0,-0.0,32.0,87.067,-95.0,-56.0,6.0,-6.623,38.0,-90.381,-90.311,-8.0,0.0,0.0,31.0,31.707,31.22,8.0,0.0,0.0,31.0,40.825,40.825,0.0,0.0,0.0,33.0
122.4964,2,rev,-95.0,12.2,5.528,5.169,24.0,0.0,0.0,31.0,-100.0,-100.0,-8.0,0.0,0.0,32.0,-100.0,-100.0,0.0,0.0,-0.0,32.0,86.8,-95.0,-56.0,6.0,-5.802,38.0,-90.381,-90.311,-8.0,0.0,0.0,31.0,31.707,31.22,8.0,0.0,0.0,31.0,40.825,40.825,0.0,0.0,0.0,33.0
122.5499,2,rev,-95.0,12.2,5.528,5.169,24.0,0.0,0.0,31.0,-100.0,-100.0,-8.0,0.0,0.0,32.0,-100.0,-100.0,0.0,0.0,-0.0,32.0,86.667,-95.0,-56.0,6.0,-4.345,38.0,-90.381,-90.311,-8.0,0.0,0.0,31.0,31.707,31.22,8.0,0.0,0.0,31.0,40.825,40.825,0.0,0.0,0.0,33.0
122.6032,2,rev,-95.0,12.2,5.528,5.169,24.0,0.0,0.0,31.0,-100.0,-100.0,-8.0,0.0,0.0,32.0,-100.0,-100.0,0.0,0.0,-0.0,32.0,86.4,-95.0,-56.0,6.0,-4.671,38.0,-90.381,-90.311,-8.0,0.0,0.0,31.0,31.707,31.22,8.0,0.0,0.0,31.0,40.825,40.825,0.0,0.0,0.0,33.0
122.6563,2,rev,-95.0,12.2,5.528,5.169,24.0,0.0,0.0,31.0,-100.0,-100.0,-8.0,0.0,0.0,32.0,-100.0,-100.0,0.0,0.0,-0.0,32.0,86.0,-95.0,-56.0,6.0,-5.847,38.0,-90.381,-90.311,-8.0,0.0,0.0,31.0,31.707,31.22,8.0,0.0,0.0,31.0,40.825,40.825,0.0,0.0,0.0,33.0
122.7086,2,rev,-95.0,12.2,5.528,5.169,24.0,0.0,0.0,31.0,-100.0,-100.0,-8.0,0.0,0.0,32.0,-100.0,-100.0,0.0,0.0,-0.0,32.0,85.733,-95.0,-56.0,6.0,-5.855,38.0,-90.381,-90.311,-8.0,0.0,0.0,31.0,31.707,31.22,8.0,0.0,0.0,31.0,40.825,40.825,0.0,0.0,0.0,33.0
122.7609,2,rev,-95.0,12.2,5.528,5.169,24.0,0.0,0.0,31.0,-100.0,-100.0,-8.0,0.0,0.0,32.0,-100.0,-100.0,0.0,0.0,-0.0,32.0,85.467,-95.0,-56.0,6.0,-5.424,38.0,-90.381,-90.311,-8.0,0.0,0.0,31.0,31.707,31.22,8.0,0.0,0.0,31.0,40.825,40.825,0.0,0.0,0.0,33.0
122.8142,2,rev,-95.0,12.1,5.528,5.169,24.0,0.0,0.0,31.0,-100.0,-100.0,-8.0,0.0,0.0,32.0,-100.0,-100.0,0.0,0.0,-0.0,31.0,85.333,-95.0,-64.0,5.0,-4.483,38.0,-90.381,-90.311,-8.0,0.0,0.0,31.0,31.707,31.22,8.0,0.0,0.0,31.0,40.825,40.825,0.0,0.0,0.0,33.0
122.8669,2,rev,-95.0,12.1,5.528,5.169,24.0,0.0,0.0,31.0,-100.0,-100.0,-8.0,0.0,0.0,32.0,-100.0,-100.0,0.0,0.0,-0.0,31.0,85.067,-95.0,-64.0,5.0,-5.2,38.0,-90.381,-90.311,-8.0,0.0,0.0,31.0,31.707,31.22,8.0,0.0,0.0,31.0,40.825,40.825,0.0,0.0,0.0,33.0
122.9199,2,rev,-95.0,12.1,5.528,5.169,24.0,0.0,0.0,31.0,-100.0,-100.0,-8.0,0.0,0.0,32.0,-100.0,-100.0,0.0,0.0,-0.0,31.0,84.667,-95.0,-64.0,5.0,-6.624,38.0,-90.381,-90.311,-8.0,0.0,0.0,31.0,31.707,31.22,8.0,0.0,0.0,31.0,40.825,40.825,0.0,0.0,0.0,33.0
122.9731,2,rev,-95.0,12.1,5.528,5.169,24.0,0.0,0.0,31.0,-100.0,-100.0,-8.0,0.0,0.0,32.0,-100.0,-100.0,0.0,0.0,-0.0,31.0,84.533,-95.0,-64.0,5.0,-4.307,38.0,-90.381,-90.311,-8.0,0.0,0.0,31.0,31.707,31.22,8.0,0.0,0.0,31.0,40.825,40.825,0.0,0.0,0.0,33.0
123.0264,2,rev,-95.0,12.1,5.528,5.169,24.0,0.0,0.0,31.0,-100.0,-100.0,-8.0,0.0,0.0,32.0,-100.0,-100.0,0.0,0.0,-0.0,31.0,84.133,-95.0,-64.0,5.0,-5.722,38.0,-90.381,-90.311,-8.0,0.0,0.0,31.0,31.707,31.22,8.0,0.0,0.0,31.0,40.825,40.825,0.0,0.0,0.0,33.0
123.0799,2,rev,-95.0,12.1,5.528,5.169,24.0,0.0,0.0,31.0,-100.0,-100.0,-8.0,0.0,0.0,32.0,-100.0,-100.0,0.0,0.0,-0.0,31.0,83.867,-95.0,-64.0,5.0,-5.351,38.0,-90.381,-90.311,-8.0,0.0,0.0,31.0,31.707,31.22,8.0,0.0,0.0,31.0,40.825,40.825,0.0,0.0,0.0,33.0
123.1332,2,rev,-95.0,12.1,5.528,5.169,24.0,0.0,0.0,31.0,-100.0,-100.0,-8.0,0.0,0.0,32.0,-100.0,-100.0,0.0,0.0,-0.0,31.0,83.733,-95.0,-64.0,5.0,-4.12,38.0,-90.381,-90.311,-8.0,0.0,0.0,31.0,31.707,31.22,8.0,0.0,0.0,31.0,40.825,40.825,0.0,0.0,0.0,33.0
123.1866,2,rev,-95.0,12.1,5.528,5.169,24.0,0.0,0.0,31.0,-100.0,-100.0,-8.0,0.0,0.0,32.0,-100.0,-100.0,0.0,0.0,-0.0,31.0,83.333,-95.0,-64.0,5.0,-5.546,38.0,-90.381,-90.311,-8.0,0.0,0.0,31.0,31.707,31.22,8.0,0.0,0.0,31.0,40.825,40.825,0.0,0.0,0.0,33.0
123.2399,2,rev,-95.0,12.1,5.528,5.169,24.0,0.0,0.0,31.0,-100.0,-100.0,-8.0,0.0,0.0,32.0,-100.0,-100.0,0.0,0.0,-0.0,31.0,83.067,-95.0,-64.0,5.0,-4.791,38.0,-90.381,-90.311,-8.0,0.0,0.0,31.0,31.707,31.22,8.0,0.0,0.0,31.0,40.825,40.825,0.0,0.0,0.0,33.0
123.2932,2,rev,-95.0,12.1,5.528,5.169,24.0,0.0,0.0,31.0,-100.0,-100.0,-8.0,0.0,0.0,32.0,-100.0,-100.0,0.0,0.0,-0.0,31.0,82.8,-95.0,-64.0,5.0,-4.871,38.0,-90.381,-90.311,-8.0,0.0,0.0,31.0,31.707,31.22,8.0,0.0,0.0,31.0,40.825,40.825,0.0,0.0,0.0,33.0
123.3465,2,rev,-95.0,12.2,5.528,5.169,24.0,0.0,0.0,31.0,-100.0,-100.0,-8.0,0.0,0.0,32.0,-100.0,-100.0,0.0,0.0,-0.0,31.0,82.667,-95.0,-64.0,6.0,-4.918,38.0,-90.381,-90.311,-8.0,0.0,0.0,31.0,31.707,31.22,8.0,0.0,0.0,31.0,40.825,40.825,0.0,0.0,0.0,33.0
123.4005,2,rev,-95.0,12.2,5.528,5.169,24.0,0.0,0.0,31.0,-100.0,-100.0,-8.0,0.0,0.0,32.0,-100.0,-100.0,0.0,0.0,-0.0,31.0,82.4,-95.0,-64.0,6.0,-3.389,38.0,-90.381,-90.311,-8.0,0.0,0.0,31.0,31.707,31.22,8.0,0.0,0.0,31.0,40.825,40.825,0.0,0.0,0.0,33.0
123.4538,2,rev,-95.0,12.2,5.528,5.169,24.0,0.0,0.0,31.0,-100.0,-100.0,-8.0,0.0,0.0,32.0,-100.0,-100.0,0.0,0.0,-0.0,31.0,82.0,-95.0,-64.0,6.0,-5.715,38.0,-90.381,-90.311,-8.0,0.0,0.0,31.0,31.707,31.22,8.0,0.0,0.0,31.0,40.825,40.825,0.0,0.0,0.0,33.0
123.5071,2,rev,-95.0,12.2,5.528,5.169,24.0,0.0,0.0,31.0,-100.0,-100.0,-8.0,0.0,0.0,32.0,-100.0,-100.0,0.0,0.0,-0.0,31.0,81.733,-95.0,-64.0,6.0,-5.345,38.0,-90.381,-90.311,-8.0,0.0,0.0,31.0,31.707,31.22,8.0,0.0,0.0,31.0,40.825,40.825,0.0,0.0,0.0,33.0
123.5605,2,rev,-95.0,12.2,5.528,5.169,24.0,0.0,0.0,31.0,-100.0,-100.0,-8.0,0.0,0.0,32.0,-100.0,-100.0,0.0,0.0,-0.0,31.0,81.467,-95.0,-64.0,6.0,-4.724,38.0,-90.381,-90.311,-8.0,0.0,0.0,31.0,31.707,31.22,8.0,0.0,0.0,31.0,40.619,40.825,0.0,0.0,-2.305,33.0
123.6139,2,rev,-95.0,12.2,5.528,5.169,24.0,0.0,0.0,31.0,-100.0,-100.0,-8.0,0.0,0.0,32.0,-100.0,-100.0,0.0,0.0,-0.0,31.0,81.2,-95.0,-64.0,6.0,-4.839,38.0,-90.381,-90.311,-8.0,0.0,0.0,31.0,31.707,31.22,8.0,0.0,0.0,31.0,40.619,40.825,0.0,0.0,-1.13,33.0
123.6671,2,rev,-95.0,12.2,5.528,5.169,24.0,0.0,0.0,31.0,-100.0,-100.0,-8.0,0.0,0.0,32.0,-100.0,-100.0,0.0,0.0,-0.0,31.0,80.933,-95.0,-64.0,6.0,-4.909,38.0,-90.381,-90.311,-8.0,0.0,0.0,31.0,31.707,31.22,8.0,0.0,0.0,31.0,40.619,40.825,0.0,0.0,-0.553,33.0
123.7206,2,rev,-95.0,12.2,5.528,5.169,24.0,0.0,0.0,31.0,-100.0,-100.0,-8.0,0.0,0.0,32.0,-100.0,-100.0,0.0,0.0,-0.0,31.0,80.533,-95.0,-64.0,6.0,-5.909,38.0,-90.45,-90.311,-8.0,0.0,-0.534,31.0,31.707,31.22,8.0,0.0,0.0,31.0,40.619,40.825,0.0,0.0,-0.271,33.0
123.7739,2,rev,-95.0,12.2,5.528,5.169,24.0,0.0,0.0,31.0,-100.0,-100.0,-8.0,0.0,0.0,32.0,-100.0,-100.0,0.0,0.0,-0.0,31.0,80.4,-95.0,-64.0,6.0,-5.618,38.0,-90.45,-90.311,-8.0,0.0,-0.374,31.0,31.707,31.22,8.0,0.0,0.0,31.0,40.619,40.825,0.0,0.0,-0.19,33.0
123.827,2,rev,-95.0,12.2,5.528,5.169,24.0,0.0,0.0,31.0,-100.0,-100.0,-8.0,0.0,0.0,32.0,-100.0,-100.0,0.0,0.0,-0.0,31.0,80.0,-95.0,-64.0,6.0,-6.154,38.0,-90.45,-90.311,-8.0,0.0,-0.183,31.0,31.707,31.22,8.0,0.0,0.0,31.0,40.619,40.825,0.0,0.0,-0.093,33.0
123.88,2,rev,-95.0,12.2,5.528,5.169,24.0,0.0,0.0,31.0,-100.0,-100.0,-8.0,0.0,0.0,32.0,-100.0,-100.0,0.0,0.0,-0.0,31.0,79.867,-95.0,-64.0,6.0,-3.927,38.0,-90.45,-90.311,-8.0,0.0,-0.09,31.0,31.707,31.22,8.0,0.0,0.0,31.0,40.619,40.825,0.0,0.0,-0.046,33.0
123.9333,2,rev,-95.0,12.1,5.528,5.169,24.0,0.0,0.0,31.0,-100.0,-100.0,-8.0,0.0,0.0,32.0,-100.0,-100.0,0.0,0.0,-0.0,31.0,79.867,-95.0,-56.0,6.0,-2.749,38.0,-90.45,-90.311,-16.0,0.0,-0.063,31.0,31.707,31.22,8.0,0.0,0.0,31.0,40.619,40.825,-8.0,0.0,-0.032,33.0
123.9865,2,rev,-95.0,12.1,5.528,5.169,24.0,0.0,0.0,31.0,-100.0,-100.0,-8.0,0.0,0.0,32.0,-100.0,-100.0,0.0,0.0,-0.0,31.0,79.467,-95.0,-56.0,6.0,-3.842,38.0,-90.45,-90.311,-16.0,0.0,-0.031,31.0,31.707,31.22,8.0,0.0,0.0,31.0,40.619,40.825,-8.0,0.0,-0.016,33.0
124.0394,2,rev,-95.0,12.1,5.528,5.169,24.0,0.0,0.0,31.0,-100.0,-100.0,-8.0,0.0,0.0,32.0,-100.0,-100.0,0.0,0.0,-0.0,31.0,79.067,-95.0,-56.0,6.0,-5.847,38.0,-90.45,-90.311,-16.0,0.0,-0.015,31.0,31.707,31.22,8.0,0.0,0.0,31.0,40.619,40.825,-8.0,0.0,-0.008,33.0
124.0916,2,rev,-95.0,12.1,5.528,5.169,24.0,0.0,0.0,31.0,-100.0,-100.0,-8.0,0.0,0.0,32.0,-100.0,-100.0,0.0,0.0,-0.0,31.0,78.933,-95.0,-56.0,6.0,-4.374,38.0,-90.45,-90.311,-16.0,0.0,-0.007,31.0,31.707,31.22,8.0,0.0,0.0,31.0,40.619,40.825,-8.0,0.0,-0.004,33.0
124.1445,2,rev,-95.0,12.1,5.528,5.169,24.0,0.0,0.0,31.0,-100.0,-100.0,-8.0,0.0,0.0,32.0,-100.0,-100.0,0.0,0.0,-0.0,31.0,78.533,-95.0,-56.0,6.0,-6.098,38.0,-90.45,-90.311,-16.0,0.0,-0.004,31.0,31.707,31.22,8.0,0.0,0.0,31.0,40.825,40.825,-8.0,0.0,1.62,33.0
124.1979,2,rev,-95.0,12.1,5.528,5.169,24.0,0.0,0.0,31.0,-100.0,-100.0,-8.0,0.0,0.0,32.0,-100.0,-100.0,0.0,0.0,-0.0,31.0,78.4,-95.0,-56.0,6.0,-4.034,38.0,-90.45,-90.311,-16.0,0.0,-0.002,31.0,31.707,31.22,8.0,0.0,0.0,31.0,40.825,40.825,-8.0,0.0,0.794,33.0
124.2508,2,rev,-95.0,12.1,5.528,5.169,24.0,0.0,0.0,31.0,-100.0,-100.0,-8.0,0.0,0.0,32.0,-100.0,-100.0,0.0,0.0,-0.0,31.0,78.133,-95.0,-56.0,6.0,-4.495,38.0,-90.45,-90.311,-16.0,0.0,-0.001,31.0,31.707,31.22,8.0,0.0,0.0,31.0,40.825,40.825,-8.0,0.0,0.389,33.0
124.3041,2,rev,-95.0,12.1,5.528,5.169,24.0,0.0,0.0,31.0,-100.0,-100.0,-8.0,0.0,0.0,32.0,-100.0,-100.0,0.0,0.0,-0.0,31.0,77.733,-95.0,-56.0,6.0,-6.222,38.0,-90.45,-90.311,-16.0,0.0,-0.0,31.0,31.707,31.22,8.0,0.0,0.0,31.0,40.825,40.825,-8.0,0.0,0.191,33.0
124.3573,2,rev,-95.0,12.1,5.528,5.169,24.0,0.0,0.0,31.0,-100.0,-100.0,-8.0,0.0,0.0,32.0,-100.0,-100.0,0.0,0.0,-0.0,31.0,77.6,-95.0,-56.0,6.0,-4.092,38.0,-90.45,-90.311,-16.0,0.0,-0.0,31.0,31.707,31.22,8.0,0.0,0.0,31.0,40.825,40.825,-8.0,0.0,0.093,33.0
124.4115,2,rev,-95.0,12.1,5.528,5.169,24.0,0.0,0.0,31.0,-100.0,-100.0,-8.0,0.0,0.0,32.0,-100.0,-100.0,0.0,0.0,-0.0,31.0,77.2,-95.0,-56.0,6.0,-6.066,38.0,-90.45,-90.311,-16.0,0.0,-0.0,31.0,31.707,31.22,8.0,0.0,0.0,31.0,40.825,40.825,-8.0,0.0,0.046,33.0
124.4644,2,rev,-95.0,12.1,5.528,5.169,24.0,0.0,0.0,31.0,-100.0,-100.0,-8.0,0.0,0.0,32.0,-100.0,-100.0,0.0,0.0,-0.0,31.0,76.933,-95.0,-56.0,6.0,-5.513,38.0,-90.45,-90.311,-16.0,0.0,-0.0,31.0,31.707,31.22,8.0,0.0,0.0,31.0,40.825,40.825,-8.0,0.0,0.022,33.0
124.5179,2,rev,-95.0,12.2,5.528,5.169,24.0,0.0,0.0,31.0,-100.0,-100.0,-8.0,0.0,0.0,32.0,-100.0,-100.0,0.0,0.0,-0.0,31.0,76.8,-95.0,-56.0,4.0,-4.526,38.0,-90.45,-90.311,-16.0,0.0,-0.0,31.0,31.707,31.22,8.0,0.0,0.0,31.0,40.619,40.825,0.0,0.0,-1.016,33.0
124.5708,2,rev,-95.0,12.2,5.528,5.169,24.0,0.0,0.0,31.0,-100.0,-100.0,-8.0,0.0,0.0,32.0,-100.0,-100.0,0.0,0.0,-0.0,31.0,76.533,-95.0,-56.0,4.0,-4.768,38.0,-90.45,-90.311,-16.0,0.0,-0.0,31.0,31.707,31.22,8.0,0.0,0.0,31.0,40.619,40.825,0.0,0.0,-0.498,33.0
124.6241,2,rev,-95.0,12.2,5.528,5.169,24.0,0.0,0.0,31.0,-100.0,-100.0,-8.0,0.0,0.0,32.0,-100.0,-100.0,0.0,0.0,-0.0,31.0,76.133,-95.0,-56.0,4.0,-5.909,38.0,-90.45,-90.311,-16.0,0.0,-0.0,31.0,31.707,31.22,8.0,0.0,0.0,31.0,40.619,40.825,0.0,0.0,-0.244,33.0
124.6774,2,rev,-95.0,12.2,5.528,5.169,24.0,0.0,0.0,31.0,-100.0,-100.0,-8.0,0.0,0.0,32.0,-100.0,-100.0,0.0,0.0,-0.0,31.0,76.133,-95.0,-56.0,4.0,-4.136,38.0,-90.45,-90.311,-16.0,0.0,-0.0,31.0,31.707,31.22,8.0,0.0,0.0,31.0,40.619,40.825,0.0,0.0,-0.171,33.0
124.7309,2,rev,-95.0,12.2,5.528,5.169,24.0,0.0,0.0,31.0,-100.0,-100.0,-8.0,0.0,0.0,32.0,-100.0,-100.0,0.0,0.0,-0.0,31.0,75.733,-95.0,-56.0,4.0,-6.013,38.0,-90.45,-90.311,-16.0,0.0,-0.0,31.0,31.707,31.22,8.0,0.0,0.0,31.0,40.619,40.825,0.0,0.0,-0.084,33.0
124.7842,2,rev,-95.0,12.2,5.528,5.169,24.0,0.0,0.0,31.0,-100.0,-100.0,-8.0,0.0,0.0,32.0,-100.0,-100.0,0.0,0.0,-0.0,31.0,75.467,-95.0,-56.0,4.0,-5.381,38.0,-90.45,-90.311,-16.0,0.0,-0.0,31.0,31.707,31.22,8.0,0.0,0.0,31.0,40.619,40.825,0.0,0.0,-0.041,33.0
124.8376,2,rev,-95.0,12.2,5.528,5.169,24.0,0.0,0.0,31.0,-100.0,-100.0,-8.0,0.0,0.0,32.0,-100.0,-100.0,0.0,0.0,-0.0,31.0,75.2,-95.0,-56.0,4.0,-5.092,38.0,-90.45,-90.311,-16.0,0.0,-0.0,31.0,31.707,31.22,8.0,0.0,0.0,31.0,40.619,40.825,0.0,0.0,-0.02,33.0
124.8897,2,rev,-95.0,12.2,5.528,5.169,24.0,0.0,0.0,31.0,-100.0,-100.0,-8.0,0.0,0.0,32.0,-100.0,-100.0,0.0,0.0,-0.0,31.0,74.8,-95.0,-56.0,4.0,-6.104,38.0,-90.45,-90.311,-16.0,0.0,-0.0,31.0,31.707,31.22,8.0,0.0,0.0,31.0,40.619,40.825,0.0,0.0,-0.01,33.0
124.9428,2,rev,-95.0,12.2,5.528,5.169,24.0,0.0,0.0,31.0,-100.0,-100.0,-8.0,0.0,0.0,32.0,-100.0,-100.0,0.0,0.0,-0.0,31.0,74.533,-95.0,-56.0,4.0,-5.472,38.0,-90.45,-90.311,-16.0,0.0,-0.0,31.0,31.707,31.22,8.0,0.0,0.0,31.0,40.619,40.825,0.0,0.0,-0.005,33.0
124.9958,2,rev,-95.0,12.2,5.528,5.169,24.0,0.0,0.0,31.0,-100.0,-100.0,-8.0,0.0,0.0,32.0,-100.0,-100.0,0.0,0.0,-0.0,31.0,74.267,-95.0,-56.0,4.0,-5.669,38.0,-90.45,-90.311,-16.0,0.0,-0.0,31.0,31.707,31.22,8.0,0.0,0.0,31.0,40.619,40.825,0.0,0.0,-0.002,33.0
125.049,2,rev,-95.0,12.2,5.528,5.169,24.0,0.0,0.0,31.0,-100.0,-100.0,-8.0,0.0,0.0,32.0,-100.0,-100.0,0.0,0.0,-0.0,31.0,74.0,-95.0,-56.0,4.0,-5.331,38.0,-90.45,-90.311,-16.0,0.0,-0.0,31.0,31.707,31.22,8.0,0.0,0.0,31.0,40.619,40.825,0.0,0.0,-0.001,33.0
125.1019,2,rev,-95.0,12.2,5.528,5.169,24.0,0.0,0.0,31.0,-100.0,-100.0,-8.0,0.0,0.0,32.0,-100.0,-100.0,0.0,0.0,-0.0,31.0,73.867,-95.0,-64.0,6.0,-4.397,38.0,-90.45,-90.311,-16.0,0.0,-0.0,31.0,31.707,31.22,8.0,0.0,0.0,31.0,40.825,40.825,4.0,0.0,1.027,33.0
125.155,2,rev,-95.0,12.2,5.528,5.169,24.0,0.0,0.0,31.0,-100.0,-100.0,-8.0,0.0,0.0,32.0,-100.0,-100.0,0.0,0.0,-0.0,31.0,73.6,-95.0,-64.0,6.0,-4.698,38.0,-90.45,-90.311,-16.0,0.0,-0.0,31.0,31.707,31.22,8.0,0.0,0.0,31.0,40.825,40.825,4.0,0.0,0.503,33.0
125.208,2,rev,-95.0,12.2,5.528,5.169,24.0,0.0,0.0,31.0,-100.0,-100.0,-8.0,0.0,0.0,32.0,-100.0,-100.0,0.0,0.0,-0.0,31.0,73.2,-95.0,-64.0,6.0,-5.846,38.0,-90.45,-90.311,-16.0,0.0,-0.0,31.0,31.707,31.22,8.0,0.0,0.0,31.0,40.825,40.825,4.0,0.0,0.247,33.0
125.2612,2,rev,-95.0,12.2,5.528,5.169,24.0,0.0,0.0,31.0,-100.0,-100.0,-8.0,0.0,0.0,32.0,-100.0,-100.0,0.0,0.0,-0.0,31.0,73.067,-95.0,-64.0,6.0,-3.917,38.0,-90.45,-90.311,-16.0,0.0,-0.0,31.0,31.707,31.22,8.0,0.0,0.0,31.0,40.825,40.825,4.0,0.0,0.121,33.0
125.3136,2,rev,-95.0,12.2,5.528,5.169,24.0,0.0,0.0,31.0,-100.0,-100.0,-8.0,0.0,0.0,32.0,-100.0,-100.0,0.0,0.0,-0.0,31.0,72.667,-95.0,-64.0,6.0,-5.488,38.0,-90.45,-90.311,-16.0,0.0,-0.0,31.0,31.707,31.22,8.0,0.0,0.0,31.0,40.825,40.825,4.0,0.0,0.059,33.0
125.3669,2,rev,-95.0,12.2,5.528,5.169,24.0,0.0,0.0,31.0,-100.0,-100.0,-8.0,0.0,0.0,32.0,-100.0,-100.0,0.0,0.0,-0.0,31.0,72.4,-95.0,-64.0,6.0,-5.215,38.0,-90.45,-90.311,-16.0,0.0,-0.0,31.0,31.707,31.22,8.0,0.0,0.0,31.0,40.619,40.825,4.0,0.0,-1.547,33.0
125.4211,2,rev,-95.0,12.2,5.528,5.169,24.0,0.0,0.0,31.0,-100.0,-100.0,-8.0,0.0,0.0,32.0,-100.0,-100.0,0.0,0.0,-0.0,31.0,72.267,-95.0,-64.0,6.0,-4.03,38.0,-90.45,-90.311,-16.0,0.0,-0.0,31.0,31.707,31.22,8.0,0.0,0.0,31.0,40.619,40.825,4.0,0.0,-0.758,33.0
125.4745,2,rev,-95.0,12.2,5.528,5.169,24.0,0.0,0.0,31.0,-100.0,-100.0,-8.0,0.0,0.0,32.0,-100.0,-100.0,0.0,0.0,-0.0,31.0,71.867,-95.0,-64.0,6.0,-6.037,38.0,-90.45,-90.311,-16.0,0.0,-0.0,31.0,31.707,31.22,8.0,0.0,0.0,31.0,40.619,40.825,4.0,0.0,-0.371,33.0
125.5267,2,rev,-95.0,12.2,5.528,5.169,24.0,0.0,0.0,31.0,-100.0,-100.0,-8.0,0.0,0.0,32.0,-100.0,-100.0,0.0,0.0,-0.0,31.0,71.6,-95.0,-64.0,6.0,-5.487,38.0,-90.45,-90.311,-16.0,0.0,-0.0,31.0,31.707,31.22,8.0,0.0,0.0,31.0,40.619,40.825,4.0,0.0,-0.182,33.0
125.58,2,rev,-95.0,12.2,5.528,5.169,24.0,0.0,0.0,31.0,-100.0,-100.0,-8.0,0.0,0.0,32.0,-100.0,-100.0,0.0,0.0,-0.0,31.0,71.333,-95.0,-64.0,6.0,-5.208,38.0,-90.45,-90.311,-16.0,0.0,-0.0,31.0,31.707,31.22,8.0,0.0,0.0,31.0,40.619,40.825,4.0,0.0,-0.089,33.0
125.6333,2,rev,-95.0,12.2,5.528,5.169,24.0,0.0,0.0,31.0,-100.0,-100.0,-8.0,0.0,0.0,32.0,-100.0,-100.0,0.0,0.0,-0.0,31.0,71.2,-95.0,-64.0,6.0,-5.126,38.0,-90.45,-90.311,-16.0,0.0,-0.0,31.0,31.707,31.22,8.0,0.0,0.0,31.0,40.619,40.825,4.0,0.0,-0.062,33.0
125.6868,2,rev,-95.0,12.2,5.528,5.169,24.0,0.0,0.0,31.0,-100.0,-100.0,-8.0,0.0,0.0,32.0,-100.0,-100.0,0.0,0.0,-0.0,31.0,70.933,-95.0,-64.0,9.0,-4.927,38.0,-90.45,-90.311,-16.0,0.0,-0.0,31.0,31.707,31.22,8.0,0.0,0.0,31.0,40.619,40.825,-8.0,0.0,-0.044,33.0
125.7406,2,rev,-95.0,12.2,5.528,5.169,24.0,0.0,0.0,31.0,-100.0,-100.0,-8.0,0.0,0.0,32.0,-100.0,-100.0,0.0,0.0,-0.0,31.0,70.667,-95.0,-64.0,9.0,-4.816,38.0,-90.45,-90.311,-16.0,0.0,-0.0,31.0,31.707,31.22,8.0,0.0,0.0,31.0,40.619,40.825,-8.0,0.0,-0.021,33.0
125.794,2,rev,-95.0,12.2,5.528,5.169,24.0,0.0,0.0,31.0,-100.0,-100.0,-8.0,0.0,0.0,32.0,-100.0,-100.0,0.0,0.0,-0.0,31.0,70.267,-95.0,-64.0,9.0,-6.312,38.0,-90.45,-90.311,-16.0,0.0,-0.0,31.0,31.707,31.22,8.0,0.0,0.0,31.0,40.619,40.825,-8.0,0.0,-0.01,33.0
125.847,2,rev,-95.0,12.2,5.528,5.169,24.0,0.0,0.0,31.0,-100.0,-100.0,-8.0,0.0,0.0,32.0,-100.0,-100.0,0.0,0.0,-0.0,31.0,69.867,-95.0,-64.0,9.0,-6.705,38.0,-90.45,-90.311,-16.0,0.0,-0.0,31.0,31.707,31.22,8.0,0.0,0.0,31.0,40.619,40.825,-8.0,0.0,-0.005,33.0
125.9,2,rev,-95.0,12.2,5.528,5.169,24.0,0.0,0.0,31.0,-100.0,-100.0,-8.0,0.0,0.0,32.0,-100.0,-100.0,0.0,0.0,-0.0,31.0,69.733,-95.0,-64.0,9.0,-4.799,38.0,-90.45,-90.311,-16.0,0.0,-0.0,31.0,31.707,31.22,8.0,0.0,0.0,31.0,40.619,40.825,-8.0,0.0,-0.003,33.0
125.9529,2,rev,-95.0,12.2,5.528,5.169,24.0,0.0,0.0,31.0,-100.0,-100.0,-8.0,0.0,0.0,32.0,-100.0,-100.0,0.0,0.0,-0.0,31.0,69.333,-95.0,-64.0,9.0,-6.402,38.0,-90.45,-90.311,-16.0,0.0,-0.0,31.0,31.707,31.22,8.0,0.0,0.0,31.0,40.619,40.825,-8.0,0.0,-0.001,33.0
126.0059,2,rev,-95.0,12.2,5.528,5.169,24.0,0.0,0.0,31.0,-100.0,-100.0,-8.0,0.0,0.0,32.0,-100.0,-100.0,0.0,0.0,-0.0,31.0,69.2,-95.0,-64.0,9.0,-4.639,38.0,-90.45,-90.311,-16.0,0.0,-0.0,31.0,31.707,31.22,8.0,0.0,0.0,31.0,40.619,40.825,-8.0,0.0,-0.001,33.0
126.0595,2,rev,-95.0,12.2,5.528,5.169,24.0,0.0,0.0,31.0,-100.0,-100.0,-8.0,0.0,0.0,32.0,-100.0,-100.0,0.0,0.0,-0.0,31.0,68.933,-95.0,-64.0,9.0,-4.826,38.0,-90.45,-90.311,-16.0,0.0,-0.0,31.0,31.707,31.22,8.0,0.0,0.0,31.0,40.619,40.825,-8.0,0.0,-0.0,33.0
126.113,2,rev,-95.0,12.2,5.528,5.169,24.0,0.0,0.0,31.0,-100.0,-100.0,-8.0,0.0,0.0,32.0,-100.0,-100.0,0.0,0.0,-0.0,31.0,68.533,-95.0,-64.0,9.0,-6.401,38.0,-90.45,-90.311,-16.0,0.0,-0.0,31.0,31.707,31.22,8.0,0.0,0.0,31.0,40.619,40.825,-8.0,0.0,-0.0,33.0
126.1658,2,rev,-95.0,12.2,5.528,5.169,24.0,0.0,0.0,31.0,-100.0,-100.0,-8.0,0.0,0.0,32.0,-100.0,-100.0,0.0,0.0,-0.0,31.0,68.4,-95.0,-64.0,9.0,-4.19,38.0,-90.45,-90.311,-16.0,0.0,-0.0,31.0,31.707,31.22,8.0,0.0,0.0,31.0,40.619,40.825,-8.0,0.0,-0.0,33.0
126.219,2,rev,-95.0,12.1,5.528,5.169,24.0,0.0,0.0,31.0,-100.0,-100.0,-8.0,0.0,0.0,32.0,-100.0,-100.0,0.0,0.0,-0.0,31.0,68.267,-95.0,-56.0,4.0,-4.434,38.0,-90.45,-90.311,-16.0,0.0,-0.0,31.0,31.707,31.22,8.0,0.0,0.0,31.0,40.619,40.825,-8.0,0.0,-0.0,33.0
126.2719,2,rev,-95.0,12.1,5.528,5.169,24.0,0.0,0.0,31.0,-100.0,-100.0,-8.0,0.0,0.0,32.0,-100.0,-100.0,0.0,0.0,-0.0,31.0,68.0,-95.0,-56.0,4.0,-3.162,38.0,-90.45,-90.311,-16.0,0.0,-0.0,31.0,31.707,31.22,8.0,0.0,0.0,31.0,40.619,40.825,-8.0,0.0,-0.0,33.0
126.3238,2,rev,-95.0,12.1,5.528,5.169,24.0,0.0,0.0,31.0,-100.0,-100.0,-8.0,0.0,0.0,32.0,-100.0,-100.0,0.0,0.0,-0.0,31.0,67.6,-95.0,-56.0,4.0,-5.103,38.0,-90.45,-90.311,-16.0,0.0,-0.0,31.0,31.707,31.22,8.0,0.0,0.0,31.0,40.619,40.825,-8.0,0.0,-0.0,33.0
126.3769,2,rev,-95.0,12.1,5.528,5.169,24.0,0.0,0.0,31.0,-100.0,-100.0,-8.0,0.0,0.0,32.0,-100.0,-100.0,0.0,0.0,-0.0,31.0,67.333,-95.0,-56.0,4.0,-4.583,38.0,-90.45,-90.311,-16.0,0.0,-0.0,31.0,31.707,31.22,8.0,0.0,0.0,31.0,40.619,40.825,-8.0,0.0,-0.0,33.0
126.4311,2,rev,-95.0,12.1,5.528,5.169,24.0,0.0,0.0,31.0,-100.0,-100.0,-8.0,0.0,0.0,32.0,-100.0,-100.0,0.0,0.0,-0.0,31.0,66.933,-95.0,-56.0,4.0,-5.822,38.0,-90.45,-90.311,-16.0,0.0,-0.0,31.0,31.707,31.22,8.0,0.0,0.0,31.0,40.619,40.825,-8.0,0.0,-0.0,33.0
126.4843,2,rev,-95.0,12.1,5.528,5.169,24.0,0.0,0.0,31.0,-100.0,-100.0,-8.0,0.0,0.0,32.0,-100.0,-100.0,0.0,0.0,-0.0,31.0,66.8,-95.0,-56.0,4.0,-3.887,38.0,-90.45,-90.311,-16.0,0.0,-0.0,31.0,31.707,31.22,8.0,0.0,0.0,31.0,40.619,40.825,-8.0,0.0,-0.0,33.0
126.5367,2,rev,-95.0,12.1,5.528,5.169,24.0,0.0,0.0,31.0,-100.0,-100.0,-8.0,0.0,0.0,32.0,-100.0,-100.0,0.0,0.0,-0.0,31.0,66.533,-95.0,-56.0,4.0,-4.462,38.0,-90.45,-90.311,-16.0,0.0,-0.0,31.0,31.707,31.22,8.0,0.0,0.0,31.0,40.619,40.825,-8.0,0.0,-0.0,33.0
126.5897,2,rev,-95.0,12.1,5.528,5.169,24.0,0.0,0.0,31.0,-100.0,-100.0,-8.0,0.0,0.0,32.0,-100.0,-100.0,0.0,0.0,-0.0,31.0,66.267,-95.0,-56.0,4.0,-4.742,38.0,-90.45,-90.311,-16.0,0.0,-0.0,31.0,31.707,31.22,8.0,0.0,0.0,31.0,40.619,40.825,-8.0,0.0,-0.0,33.0
126.6416,2,rev,-95.0,12.1,5.528,5.169,24.0,0.0,0.0,31.0,-100.0,-100.0,-8.0,0.0,0.0,32.0,-100.0,-100.0,0.0,0.0,-0.0,31.0,66.0,-95.0,-56.0,4.0,-4.828,38.0,-90.45,-90.311,-16.0,0.0,-0.0,31.0,31.707,31.22,8.0,0.0,0.0,31.0,40.619,40.825,-8.0,0.0,-0.0,33.0
126.695,2,rev,-95.0,12.1,5.528,5.169,24.0,0.0,0.0,31.0,-100.0,-100.0,-8.0,0.0,0.0,32.0,-100.0,-100.0,0.0,0.0,-0.0,31.0,65.867,-95.0,-56.0,4.0,-3.855,38.0,-90.45,-90.311,-16.0,0.0,-0.0,31.0,31.707,31.22,8.0,0.0,0.0,31.0,40.619,40.825,-8.0,0.0,-0.0,33.0
126.7482,2,rev,-95.0,12.1,5.528,5.169,24.0,0.0,0.0,31.0,-100.0,-100.0,-8.0,0.0,0.0,32.0,-100.0,-100.0,0.0,0.0,-0.0,31.0,65.467,-95.0,-56.0,4.0,-5.442,38.0,-90.45,-90.311,-16.0,0.0,-0.0,31.0,31.707,31.22,8.0,0.0,0.0,31.0,40.619,40.825,-8.0,0.0,-0.0,33.0
126.8019,2,rev,-95.0,12.2,5.528,5.169,24.0,0.0,0.0,31.0,-100.0,-100.0,-8.0,0.0,0.0,32.0,-100.0,-100.0,0.0,0.0,-0.0,31.0,65.467,-95.0,-68.0,5.0,-5.442,38.0,-90.45,-90.311,-16.0,1.0,-0.0,31.0,31.707,31.22,8.0,0.0,0.0,31.0,40.619,40.825,-8.0,0.0,-0.0,33.0
126.8547,2,rev,-95.0,12.2,5.528,5.169,24.0,0.0,0.0,31.0,-100.0,-100.0,-8.0,0.0,0.0,32.0,-100.0,-100.0,0.0,0.0,-0.0,31.0,65.333,-95.0,-68.0,5.0,-3.115,38.0,-90.45,-90.311,-16.0,1.0,-0.0,31.0,31.707,31.22,8.0,0.0,0.0,31.0,40.619,40.825,-8.0,0.0,-0.0,33.0
126.9078,2,rev,-95.0,12.2,5.528,5.169,24.0,0.0,0.0,31.0,-100.0,-100.0,-8.0,0.0,0.0,32.0,-100.0,-100.0,0.0,0.0,-0.0,31.0,64.933,-95.0,-68.0,5.0,-4.93,38.0,-90.45,-90.311,-16.0,1.0,-0.0,31.0,31.707,31.22,8.0,0.0,0.0,31.0,40.619,40.825,-8.0,0.0,-0.0,33.0
126.9616,2,rev,-95.0,12.2,5.528,5.169,24.0,0.0,0.0,31.0,-100.0,-100.0,-8.0,0.0,0.0,32.0,-100.0,-100.0,0.0,0.0,-0.0,31.0,64.533,-95.0,-68.0,5.0,-6.006,38.0,-90.45,-90.311,-16.0,1.0,-0.0,31.0,31.707,31.22,8.0,0.0,0.0,31.0,40.619,40.825,-8.0,0.0,-0.0,33.0
127.015,2,rev,-95.0,12.2,5.528,5.169,24.0,0.0,0.0,31.0,-100.0,-100.0,-8.0,0.0,0.0,32.0,-100.0,-100.0,0.0,0.0,-0.0,31.0,64.267,-95.0,-68.0,5.0,-5.498,38.0,-90.45,-90.311,-16.0,1.0,-0.0,31.0,31.707,31.22,8.0,0.0,0.0,31.0,40.619,40.825,-8.0,0.0,-0.0,33.0
127.0681,2,rev,-95.0,12.2,5.528,5.169,24.0,0.0,0.0,31.0,-100.0,-100.0,-8.0,0.0,0.0,32.0,-100.0,-100.0,0.0,0.0,-0.0,31.0,63.867,-95.0,-68.0,5.0,-6.764,38.0,-90.45,-90.311,-16.0,1.0,-0.0,31.0,31.707,31.22,8.0,0.0,0.0,31.0,40.619,40.825,-8.0,0.0,-0.0,33.0
127.1211,2,rev,-95.0,12.2,5.528,5.169,24.0,0.0,0.0,31.0,-100.0,-100.0,-8.0,0.0,0.0,32.0,-100.0,-100.0,0.0,0.0,-0.0,31.0,63.733,-95.0,-68.0,5.0,-4.814,38.0,-90.45,-90.311,-16.0,1.0,-0.0,31.0,31.707,31.22,8.0,0.0,0.0,31.0,40.619,40.825,-8.0,0.0,-0.0,33.0
127.1744,2,rev,-95.0,12.2,5.528,5.169,24.0,0.0,0.0,31.0,-100.0,-100.0,-8.0,0.0,0.0,32.0,-100.0,-100.0,0.0,0.0,-0.0,31.0,63.6,-95.0,-68.0,5.0,-3.851,38.0,-90.45,-90.311,-16.0,1.0,-0.0,31.0,31.707,31.22,8.0,0.0,0.0,31.0,40.619,40.825,-8.0,0.0,-0.0,33.0
127.2267,2,rev,-95.0,12.2,5.528,5.169,24.0,0.0,0.0,31.0,-100.0,-100.0,-8.0,0.0,0.0,32.0,-100.0,-100.0,0.0,0.0,-0.0,31.0,63.2,-95.0,-68.0,5.0,-5.902,38.0,-90.45,-90.311,-16.0,1.0,-0.0,31.0,31.707,31.22,8.0,0.0,0.0,31.0,40.619,40.825,-8.0,0.0,-0.0,33.0
127.28,2,rev,-95.0,12.2,5.528,5.169,24.0,0.0,0.0,31.0,-100.0,-100.0,-8.0,0.0,0.0,32.0,-100.0,-100.0,0.0,0.0,-0.0,31.0,62.933,-95.0,-68.0,5.0,-4.96,38.0,-90.45,-90.311,-16.0,1.0,-0.0,31.0,31.707,31.22,8.0,0.0,0.0,31.0,40.619,40.825,-8.0,0.0,-0.0,33.0
127.3328,2,rev,-95.0,12.2,5.528,5.169,24.0,0.0,0.0,31.0,-100.0,-100.0,-8.0,0.0,0.0,32.0,-100.0,-100.0,0.0,0.0,-0.0,31.0,62.667,-95.0,-68.0,5.0,-5.391,38.0,-90.45,-90.311,-16.0,1.0,-0.0,31.0,31.707,31.22,8.0,0.0,0.0,31.0,40.619,40.825,-8.0,0.0,-0.0,33.0
127.3865,2,rev,-95.0,12.2,5.528,5.169,24.0,0.0,0.0,31.0,-100.0,-100.0,-8.0,0.0,0.0,32.0,-100.0,-100.0,0.0,0.0,-0.0,31.0,62.267,-95.0,-52.0,8.0,-5.808,38.0,-90.45,-90.311,-16.0,0.0,-0.0,31.0,31.707,31.22,8.0,0.0,0.0,31.0,40.619,40.825,-8.0,0.0,-0.0,33.0
127.4405,2,rev,-95.0,12.2,5.528,5.169,24.0,0.0,0.0,31.0,-100.0,-100.0,-8.0,0.0,0.0,32.0,-100.0,-100.0,0.0,0.0,-0.0,31.0,62.133,-95.0,-52.0,8.0,-4.339,38.0,-90.45,-90.311,-16.0,0.0,-0.0,31.0,31.707,31.22,8.0,0.0,0.0,31.0,40.619,40.825,-8.0,0.0,-0.0,33.0
127.4939,2,rev,-95.0,12.2,5.528,5.169,24.0,0.0,0.0,31.0,-100.0,-100.0,-8.0,0.0,0.0,32.0,-100.0,-100.0,0.0,0.0,-0.0,31.0,61.867,-95.0,-52.0,8.0,-4.632,38.0,-90.45,-90.311,-16.0,0.0,-0.0,31.0,31.707,31.22,8.0,0.0,0.0,31.0,40.619,40.825,-8.0,0.0,-0.0,33.0
127.547,2,rev,-95.0,12.2,5.528,5.169,24.0,0.0,0.0,31.0,-100.0,-100.0,-8.0,0.0,0.0,32.0,-100.0,-100.0,0.0,0.0,-0.0,31.0,61.467,-95.0,-52.0,8.0,-5.823,38.0,-90.45,-90.311,-16.0,0.0,-0.0,31.0,31.707,31.22,8.0,0.0,0.0,31.0,40.619,40.825,-8.0,0.0,-0.0,33.0
127.6003,2,rev,-95.0,12.2,5.528,5.169,24.0,0.0,0.0,31.0,-100.0,-100.0,-8.0,0.0,0.0,32.0,-100.0,-100.0,0.0,0.0,-0.0,31.0,61.2,-95.0,-52.0,8.0,-5.399,38.0,-90.45,-90.311,-16.0,0.0,-0.0,31.0,31.707,31.22,8.0,0.0,0.0,31.0,40.619,40.825,-8.0,0.0,-0.0,33.0
127.6534,2,rev,-95.0,12.2,5.528,5.169,24.0,0.0,0.0,31.0,-100.0,-100.0,-8.0,0.0,0.0,32.0,-100.0,-100.0,0.0,0.0,-0.0,31.0,60.8,-95.0,-52.0,8.0,-6.655,38.0,-90.45,-90.311,-16.0,0.0,-0.0,31.0,31.707,31.22,8.0,0.0,0.0,31.0,40.619,40.825,-8.0,0.0,-0.0,33.0
127.7068,2,rev,-95.0,12.2,5.528,5.169,24.0,0.0,0.0,31.0,-100.0,-100.0,-8.0,0.0,0.0,32.0,-100.0,-100.0,0.0,0.0,-0.0,31.0,60.667,-95.0,-52.0,8.0,-4.31,38.0,-90.45,-90.311,-16.0,0.0,-0.0,31.0,31.707,31.22,8.0,0.0,0.0,31.0,40.619,40.825,-8.0,0.0,-0.0,33.0
127.7596,2,rev,-95.0,12.2,5.528,5.169,24.0,0.0,0.0,31.0,-100.0,-100.0,-8.0,0.0,0.0,32.0,-100.0,-100.0,0.0,0.0,-0.0,31.0,60.533,-95.0,-52.0,8.0,-3.154,38.0,-90.45,-90.311,-16.0,0.0,-0.0,31.0,31.707,31.22,8.0,0.0,0.0,31.0,40.619,40.825,-8.0,0.0,-0.0,33.0
127.8129,2,rev,-95.0,12.2,5.528,5.169,24.0,0.0,0.0,31.0,-100.0,-100.0,-8.0,0.0,0.0,32.0,-100.0,-100.0,0.0,0.0,-0.0,31.0,60.267,-95.0,-52.0,8.0,-4.073,38.0,-90.45,-90.311,-16.0,0.0,-0.0,31.0,31.707,31.22,8.0,0.0,0.0,31.0,40.619,40.825,-8.0,0.0,-0.0,33.0
127.8661,2,rev,-95.0,12.2,5.528,5.169,24.0,0.0,0.0,31.0,-100.0,-100.0,-8.0,0.0,0.0,32.0,-100.0,-100.0,0.0,0.0,-0.0,31.0,59.867,-95.0,-52.0,8.0,-5.543,38.0,-90.45,-90.311,-16.0,0.0,-0.0,31.0,31.707,31.22,8.0,0.0,0.0,31.0,40.619,40.825,-8.0,0.0,-0.0,33.0
127.9195,2,rev,-95.0,12.2,5.528,5.169,24.0,0.0,0.0,31.0,-100.0,-100.0,-8.0,0.0,0.0,32.0,-100.0,-100.0,0.0,0.0,-0.0,31.0,59.867,-95.0,-52.0,8.0,-3.88,38.0,-90.45,-90.311,-16.0,0.0,-0.0,31.0,31.707,31.22,8.0,0.0,0.0,31.0,40.619,40.825,-8.0,0.0,-0.0,33.0
127.9731,2,rev,-95.0,12.1,5.528,5.169,24.0,0.0,0.0,31.0,-100.0,-100.0,-8.0,0.0,0.0,32.0,-100.0,-100.0,0.0,0.0,-0.0,31.0,59.6,-95.0,-60.0,5.0,-4.032,38.0,-90.45,-90.311,-16.0,0.0,-0.0,31.0,31.707,31.22,8.0,0.0,0.0,31.0,40.619,40.825,-8.0,0.0,-0.0,33.0
128.0261,2,rev,-95.0,12.1,5.528,5.169,24.0,0.0,0.0,31.0,-100.0,-100.0,-8.0,0.0,0.0,32.0,-100.0,-100.0,0.0,0.0,-0.0,31.0,59.2,-95.0,-60.0,5.0,-5.927,38.0,-90.45,-90.311,-16.0,0.0,-0.0,31.0,31.707,31.22,8.0,0.0,0.0,31.0,40.619,40.825,-8.0,0.0,-0.0,33.0
128.0798,2,rev,-95.0,12.1,5.528,5.169,24.0,0.0,0.0,31.0,-100.0,-100.0,-8.0,0.0,0.0,32.0,-100.0,-100.0,0.0,0.0,-0.0,31.0,59.067,-95.0,-60.0,5.0,-3.854,38.0,-90.45,-90.311,-16.0,0.0,-0.0,31.0,31.707,31.22,8.0,0.0,0.0,31.0,40.619,40.825,-8.0,0.0,-0.0,33.0
128.1329,2,rev,-95.0,12.1,5.528,5.169,24.0,0.0,0.0,31.0,-100.0,-100.0,-8.0,0.0,0.0,32.0,-100.0,-100.0,0.0,0.0,-0.0,31.0,58.667,-95.0,-60.0,5.0,-5.953,38.0,-90.45,-90.311,-16.0,0.0,-0.0,31.0,31.707,31.22,8.0,0.0,0.0,31.0,40.619,40.825,-8.0,0.0,-0.0,33.0
128.1858,2,rev,-95.0,12.1,5.528,5.169,24.0,0.0,0.0,31.0,-100.0,-100.0,-8.0,0.0,0.0,32.0,-100.0,-100.0,0.0,0.0,-0.0,31.0,58.4,-95.0,-60.0,5.0,-5.031,38.0,-90.45,-90.311,-16.0,0.0,-0.0,31.0,31.707,31.22,8.0,0.0,0.0,31.0,40.619,40.825,-8.0,0.0,-0.0,33.0
128.2388,2,rev,-95.0,12.1,5.528,5.169,24.0,0.0,0.0,31.0,-100.0,-100.0,-8.0,0.0,0.0,32.0,-100.0,-100.0,0.0,0.0,-0.0,31.0,58.133,-95.0,-60.0,5.0,-5.018,38.0,-90.45,-90.311,-16.0,0.0,-0.0,31.0,31.707,31.22,8.0,0.0,0.0,31.0,40.619,40.825,-8.0,0.0,-0.0,33.0
128.2918,2,rev,-95.0,12.1,5.528,5.169,24.0,0.0,0.0,31.0,-100.0,-100.0,-8.0,0.0,0.0,32.0,-100.0,-100.0,0.0,0.0,-0.0,31.0,57.733,-95.0,-60.0,5.0,-6.064,38.0,-90.45,-90.311,-16.0,0.0,-0.0,31.0,31.707,31.22,8.0,0.0,0.0,31.0,40.619,40.825,-8.0,0.0,-0.0,33.0
128.3449,2,rev,-95.0,12.1,5.528,5.169,24.0,0.0,0.0,31.0,-100.0,-100.0,-8.0,0.0,0.0,32.0,-100.0,-100.0,0.0,0.0,-0.0,31.0,57.467,-95.0,-60.0,5.0,-5.533,38.0,-90.45,-90.311,-16.0,0.0,-0.0,31.0,31.707,31.22,8.0,0.0,0.0,31.0,40.619,40.825,-8.0,0.0,-0.0,33.0
128.3987,2,rev,-95.0,12.1,5.528,5.169,24.0,0.0,0.0,31.0,-100.0,-100.0,-8.0,0.0,0.0,32.0,-100.0,-100.0,0.0,0.0,-0.0,31.0,57.333,-95.0,-60.0,5.0,-4.19,38.0,-90.45,-90.311,-16.0,0.0,-0.0,31.0,31.707,31.22,8.0,0.0,0.0,31.0,40.619,40.825,-8.0,0.0,-0.0,33.0
128.4528,2,rev,-95.0,12.1,5.528,5.169,24.0,0.0,0.0,31.0,-100.0,-100.0,-8.0,0.0,0.0,32.0,-100.0,-100.0,0.0,0.0,-0.0,31.0,56.933,-95.0,-60.0,5.0,-6.051,38.0,-90.45,-90.311,-16.0,0.0,-0.0,31.0,31.707,31.22,8.0,0.0,0.0,31.0,40.619,40.825,-8.0,0.0,-0.0,33.0
128.5062,2,rev,-95.0,12.1,5.528,5.169,24.0,0.0,0.0,31.0,-100.0,-100.0,-8.0,0.0,0.0,32.0,-100.0,-100.0,0.0,0.0,-0.0,31.0,56.8,-95.0,-64.0,7.0,-5.729,38.0,-90.45,-90.311,-16.0,1.0,-0.0,31.0,31.707,31.22,8.0,0.0,0.0,31.0,40.619,40.825,-8.0,0.0,-0.0,33.0
128.5591,2,rev,-95.0,12.1,5.528,5.169,24.0,0.0,0.0,31.0,-100.0,-100.0,-8.0,0.0,0.0,32.0,-100.0,-100.0,0.0,0.0,-0.0,31.0,56.8,-95.0,-64.0,7.0,-2.807,38.0,-90.45,-90.311,-16.0,1.0,-0.0,31.0,31.707,31.22,8.0,0.0,0.0,31.0,40.619,40.825,-8.0,0.0,-0.0,33.0
128.6124,2,rev,-95.0,12.1,5.528,5.169,24.0,0.0,0.0,31.0,-100.0,-100.0,-8.0,0.0,0.0,32.0,-100.0,-100.0,0.0,0.0,-0.0,31.0,56.267,-95.0,-64.0,7.0,-6.461,38.0,-90.45,-90.311,-16.0,1.0,-0.0,31.0,31.707,31.22,8.0,0.0,0.0,31.0,40.619,40.825,-8.0,0.0,-0.0,33.0
128.6655,2,rev,-95.0,12.1,5.528,5.169,24.0,0.0,0.0,31.0,-100.0,-100.0,-8.0,0.0,0.0,32.0,-100.0,-100.0,0.0,0.0,-0.0,31.0,55.867,-95.0,-64.0,7.0,-6.737,38.0,-90.45,-90.311,-16.0,1.0,-0.0,31.0,31.707,31.22,8.0,0.0,0.0,31.0,40.619,40.825,-8.0,0.0,-0.0,33.0
128.719,2,rev,-95.0,12.1,5.528,5.169,24.0,0.0,0.0,31.0,-100.0,-100.0,-8.0,0.0,0.0,32.0,-100.0,-100.0,0.0,0.0,-0.0,31.0,55.6,-95.0,-64.0,7.0,-6.293,38.0,-90.45,-90.311,-16.0,1.0,-0.0,31.0,31.707,31.22,8.0,0.0,0.0,31.0,40.619,40.825,-8.0,0.0,-0.0,33.0
128.7723,2,rev,-95.0,12.1,5.528,5.169,24.0,0.0,0.0,31.0,-100.0,-100.0,-8.0,0.0,0.0,32.0,-100.0,-100.0,0.0,0.0,-0.0,31.0,55.2,-95.0,-64.0,7.0,-6.621,38.0,-90.45,-90.311,-16.0,1.0,-0.0,31.0,31.707,31.22,8.0,0.0,0.0,31.0,40.619,40.825,-8.0,0.0,-0.0,33.0
128.8256,2,rev,-95.0,12.1,5.528,5.169,24.0,0.0,0.0,31.0,-100.0,-100.0,-8.0,0.0,0.0,32.0,-100.0,-100.0,0.0,0.0,-0.0,31.0,55.067,-95.0,-64.0,7.0,-4.282,38.0,-90.45,-90.311,-16.0,1.0,-0.0,31.0,31.707,31.22,8.0,0.0,0.0,31.0,40.619,40.825,-8.0,0.0,-0.0,33.0
128.8777,2,rev,-95.0,12.1,5.528,5.169,24.0,0.0,0.0,31.0,-100.0,-100.0,-8.0,0.0,0.0,32.0,-100.0,-100.0,0.0,0.0,-0.0,31.0,54.667,-95.0,-64.0,7.0,-6.147,38.0,-90.45,-90.311,-16.0,1.0,-0.0,31.0,31.707,31.22,8.0,0.0,0.0,31.0,40.619,40.825,-8.0,0.0,-0.0,33.0
128.9309,2,rev,-95.0,12.1,5.528,5.169,24.0,0.0,0.0,31.0,-100.0,-100.0,-8.0,0.0,0.0,32.0,-100.0,-100.0,0.0,0.0,-0.0,31.0,54.533,-95.0,-64.0,7.0,-4.491,38.0,-90.45,-90.311,-16.0,1.0,-0.0,31.0,31.707,31.22,8.0,0.0,0.0,31.0,40.619,40.825,-8.0,0.0,-0.0,33.0
128.984,2,rev,-95.0,12.1,5.528,5.169,24.0,0.0,0.0,31.0,-100.0,-100.0,-8.0,0.0,0.0,32.0,-100.0,-100.0,0.0,0.0,-0.0,31.0,54.133,-95.0,-64.0,7.0,-5.781,38.0,-90.45,-90.311,-16.0,1.0,-0.0,31.0,31.707,31.22,8.0,0.0,0.0,31.0,40.619,40.825,-8.0,0.0,-0.0,33.0
129.0373,2,rev,-95.0,12.1,5.528,5.169,24.0,0.0,0.0,31.0,-100.0,-100.0,-8.0,0.0,0.0,32.0,-100.0,-100.0,0.0,0.0,-0.0,31.0,53.867,-95.0,-64.0,7.0,-5.782,38.0,-90.45,-90.311,-16.0,1.0,-0.0,31.0,31.707,31.22,8.0,0.0,0.0,31.0,40.619,40.825,-8.0,0.0,-0.0,33.0
129.0908,2,rev,-95.0,12.1,5.528,5.169,24.0,0.0,0.0,31.0,-100.0,-100.0,-8.0,0.0,0.0,32.0,-100.0,-100.0,0.0,0.0,-0.0,31.0,53.867,-95.0,-64.0,9.0,-5.782,51.0,-90.45,-90.311,-16.0,0.0,-0.0,31.0,31.707,31.22,8.0,0.0,0.0,31.0,40.619,40.825,-8.0,0.0,-0.0,33.0
129.144,2,rev,-95.0,12.1,5.528,5.169,24.0,0.0,0.0,31.0,-100.0,-100.0,-8.0,0.0,0.0,32.0,-100.0,-100.0,0.0,0.0,-0.0,31.0,53.733,-95.0,-64.0,9.0,-3.29,51.0,-90.45,-90.311,-16.0,0.0,-0.0,31.0,31.707,31.22,8.0,0.0,0.0,31.0,40.619,40.825,-8.0,0.0,-0.0,33.0
129.1974,2,rev,-95.0,12.1,5.528,5.169,24.0,0.0,0.0,31.0,-100.0,-100.0,-8.0,0.0,0.0,32.0,-100.0,-100.0,0.0,0.0,-0.0,31.0,53.467,-95.0,-64.0,9.0,-4.068,51.0,-90.45,-90.311,-16.0,0.0,-0.0,31.0,31.707,31.22,8.0,0.0,0.0,31.0,40.619,40.825,-8.0,0.0,-0.0,33.0
129.2497,2,rev,-95.0,12.1,5.528,5.169,24.0,0.0,0.0,31.0,-100.0,-100.0,-8.0,0.0,0.0,32.0,-100.0,-100.0,0.0,0.0,-0.0,31.0,53.2,-95.0,-64.0,9.0,-4.522,51.0,-90.45,-90.311,-16.0,0.0,-0.0,31.0,31.707,31.22,8.0,0.0,0.0,31.0,40.619,40.825,-8.0,0.0,-0.0,33.0
129.3031,2,rev,-95.0,12.1,5.528,5.169,24.0,0.0,0.0,31.0,-100.0,-100.0,-8.0,0.0,0.0,32.0,-100.0,-100.0,0.0,0.0,-0.0,31.0,52.8,-95.0,-64.0,9.0,-5.641,51.0,-90.45,-90.311,-16.0,0.0,-0.0,31.0,31.707,31.22,8.0,0.0,0.0,31.0,40.619,40.825,-8.0,0.0,-0.0,33.0
129.3562,2,rev,-95.0,12.1,5.528,5.169,24.0,0.0,0.0,31.0,-100.0,-100.0,-8.0,0.0,0.0,32.0,-100.0,-100.0,0.0,0.0,-0.0,31.0,52.667,-95.0,-64.0,9.0,-4.242,51.0,-90.45,-90.311,-16.0,0.0,-0.0,31.0,31.707,31.22,8.0,0.0,0.0,31.0,40.619,40.825,-8.0,0.0,-0.0,33.0
129.4091,2,rev,-95.0,12.1,5.528,5.169,24.0,0.0,0.0,31.0,-100.0,-100.0,-8.0,0.0,0.0,32.0,-100.0,-100.0,0.0,0.0,-0.0,31.0,52.267,-95.0,-64.0,9.0,-5.668,51.0,-90.45,-90.311,-16.0,0.0,-0.0,31.0,31.707,31.22,8.0,0.0,0.0,31.0,40.619,40.825,-8.0,0.0,-0.0,33.0
129.4634,2,rev,-95.0,12.1,5.528,5.169,24.0,0.0,0.0,31.0,-100.0,-100.0,-8.0,0.0,0.0,32.0,-100.0,-100.0,0.0,0.0,-0.0,31.0,52.0,-95.0,-64.0,9.0,-5.298,51.0,-90.45,-90.311,-16.0,0.0,-0.0,31.0,31.707,31.22,8.0,0.0,0.0,31.0,40.619,40.825,-8.0,0.0,-0.0,33.0
129.5176,2,rev,-95.0,12.1,5.528,5.169,24.0,0.0,0.0,31.0,-100.0,-100.0,-8.0,0.0,0.0,32.0,-100.0,-100.0,0.0,0.0,-0.0,31.0,51.867,-95.0,-64.0,9.0,-4.084,51.0,-90.45,-90.311,-16.0,0.0,-0.0,31.0,31.707,31.22,8.0,0.0,0.0,31.0,40.619,40.825,-8.0,0.0,-0.0,33.0
129.5711,2,rev,-95.0,12.1,5.528,5.169,24.0,0.0,0.0,31.0,-100.0,-100.0,-8.0,0.0,0.0,32.0,-100.0,-100.0,0.0,0.0,-0.0,31.0,51.467,-95.0,-64.0,9.0,-5.997,51.0,-90.45,-90.311,-16.0,0.0,-0.0,31.0,31.707,31.22,8.0,0.0,0.0,31.0,40.619,40.825,-8.0,0.0,-0.0,33.0
129.6239,2,rev,-95.0,12.1,5.528,5.169,24.0,0.0,0.0,31.0,-100.0,-100.0,-8.0,0.0,0.0,32.0,-100.0,-100.0,0.0,0.0,-0.0,31.0,51.2,-95.0,-64.0,9.0,-5.022,51.0,-90.45,-90.311,-16.0,0.0,-0.0,31.0,31.707,31.22,8.0,0.0,0.0,31.0,40.619,40.825,-8.0,0.0,-0.0,33.0
129.6775,2,rev,-95.0,12.1,5.528,5.169,24.0,0.0,0.0,31.0,-100.0,-100.0,-8.0,0.0,0.0,32.0,-100.0,-100.0,0.0,0.0,-0.0,31.0,51.067,-95.0,-56.0,6.0,-4.164,38.0,-90.45,-90.311,-16.0,0.0,-0.0,31.0,31.707,31.22,8.0,0.0,0.0,31.0,40.619,40.825,-8.0,0.0,-0.0,33.0
129.7297,2,rev,-95.0,12.1,5.528,5.169,24.0,0.0,0.0,31.0,-100.0,-100.0,-8.0,0.0,0.0,32.0,-100.0,-100.0,0.0,0.0,-0.0,31.0,50.8,-95.0,-56.0,6.0,-4.577,38.0,-90.45,-90.311,-16.0,0.0,-0.0,31.0,31.707,31.22,8.0,0.0,0.0,31.0,40.619,40.825,-8.0,0.0,-0.0,33.0
129.7833,2,rev,-95.0,12.1,5.528,5.169,24.0,0.0,0.0,31.0,-100.0,-100.0,-8.0,0.0,0.0,32.0,-100.0,-100.0,0.0,0.0,-0.0,31.0,50.4,-95.0,-56.0,6.0,-5.833,38.0,-90.45,-90.311,-16.0,0.0,-0.0,31.0,31.707,31.22,8.0,0.0,0.0,31.0,40.619,40.825,-8.0,0.0,-0.0,33.0
129.8364,2,rev,-95.0,12.1,5.528,5.169,24.0,0.0,0.0,31.0,-100.0,-100.0,-8.0,0.0,0.0,32.0,-100.0,-100.0,0.0,0.0,-0.0,31.0,50.133,-95.0,-56.0,6.0,-5.392,38.0,-90.45,-90.311,-16.0,0.0,-0.0,31.0,31.707,31.22,8.0,0.0,0.0,31.0,40.619,40.825,-8.0,0.0,-0.0,33.0
129.8893,2,rev,-95.0,12.1,5.528,5.169,24.0,0.0,0.0,31.0,-100.0,-100.0,-8.0,0.0,0.0,32.0,-100.0,-100.0,0.0,0.0,-0.0,31.0,49.733,-95.0,-56.0,6.0,-6.201,38.0,-90.45,-90.311,-16.0,0.0,-0.0,31.0,31.707,31.22,8.0,0.0,0.0,31.0,40.619,40.825,-8.0,0.0,-0.0,33.0
129.9424,2,rev,-95.0,12.1,5.528,5.169,24.0,0.0,0.0,31.0,-100.0,-100.0,-8.0,0.0,0.0,32.0,-100.0,-100.0,0.0,0.0,-0.0,31.0,49.6,-95.0,-56.0,6.0,-4.085,38.0,-90.45,-90.311,-16.0,0.0,-0.0,31.0,31.707,31.22,8.0,0.0,0.0,31.0,40.619,40.825,-8.0,0.0,-0.0,33.0
129.9955,2,rev,-95.0,12.1,5.528,5.169,24.0,0.0,0.0,31.0,-100.0,-100.0,-8.0,0.0,0.0,32.0,-100.0,-100.0,0.0,0.0,-0.0,31.0,49.333,-95.0,-56.0,6.0,-4.078,38.0,-90.45,-90.311,-16.0,0.0,-0.0,31.0,31.707,31.22,8.0,0.0,0.0,31.0,40.619,40.825,-8.0,0.0,-0.0,33.0
130.0477,2,rev,-95.0,12.1,5.528,5.169,24.0,0.0,0.0,31.0,-100.0,-100.0,-8.0,0.0,0.0,32.0,-100.0,-100.0,0.0,0.0,-0.0,31.0,49.067,-95.0,-56.0,6.0,-5.796,38.0,-90.45,-90.311,-16.0,0.0,-0.0,31.0,31.707,31.22,8.0,0.0,0.0,31.0,40.619,40.825,-8.0,0.0,-0.0,33.0
130.1015,2,rev,-95.0,12.1,5.528,5.169,24.0,0.0,0.0,31.0,-100.0,-100.0,-8.0,0.0,0.0,32.0,-100.0,-100.0,0.0,0.0,-0.0,31.0,48.933,-95.0,-56.0,6.0,-3.761,38.0,-90.45,-90.311,-16.0,0.0,-0.0,31.0,31.707,31.22,8.0,0.0,0.0,31.0,40.619,40.825,-8.0,0.0,-0.0,33.0
130.1551,2,rev,-95.0,12.1,5.528,5.169,24.0,0.0,0.0,31.0,-100.0,-100.0,-8.0,0.0,0.0,32.0,-100.0,-100.0,0.0,0.0,-0.0,31.0,48.533,-95.0,-56.0,6.0,-5.781,38.0,-90.45,-90.311,-16.0,0.0,-0.0,31.0,31.707,31.22,8.0,0.0,0.0,31.0,40.619,40.825,-8.0,0.0,-0.0,33.0
130.209,2,rev,-95.0,12.1,5.528,5.169,24.0,0.0,0.0,31.0,-100.0,-100.0,-8.0,0.0,0.0,32.0,-100.0,-100.0,0.0,0.0,-0.0,31.0,48.267,-95.0,-56.0,6.0,-4.892,38.0,-90.45,-90.311,-16.0,0.0,-0.0,31.0,31.707,31.22,8.0,0.0,0.0,31.0,40.619,40.825,-8.0,0.0,-0.0,33.0
130.2622,2,rev,-95.0,12.2,5.528,5.169,24.0,0.0,0.0,31.0,-100.0,-100.0,-8.0,0.0,0.0,32.0,-100.0,-100.0,0.0,0.0,-0.0,31.0,48.133,-95.0,-68.0,5.0,-4.089,38.0,-90.45,-90.311,-16.0,0.0,-0.0,31.0,31.707,31.22,8.0,0.0,0.0,31.0,40.619,40.825,-8.0,0.0,-0.0,33.0
130.3145,2,rev,-95.0,12.2,5.528,5.169,24.0,0.0,0.0,31.0,-100.0,-100.0,-8.0,0.0,0.0,32.0,-100.0,-100.0,0.0,0.0,-0.0,31.0,47.867,-95.0,-68.0,5.0,-4.47,38.0,-90.45,-90.311,-16.0,0.0,-0.0,31.0,31.707,31.22,8.0,0.0,0.0,31.0,40.619,40.825,-8.0,0.0,-0.0,33.0
130.3694,2,rev,-95.0,12.2,5.528,5.169,24.0,0.0,0.0,31.0,-100.0,-100.0,-8.0,0.0,0.0,32.0,-100.0,-100.0,0.0,0.0,-0.0,31.0,47.467,-95.0,-68.0,5.0,-6.232,38.0,-90.45,-90.311,-16.0,0.0,-0.0,31.0,31.707,31.22,8.0,0.0,0.0,31.0,40.619,40.825,-8.0,0.0,-0.0,33.0
130.4227,2,rev,-95.0,12.2,5.528,5.169,24.0,0.0,0.0,31.0,-100.0,-100.0,-8.0,0.0,0.0,32.0,-100.0,-100.0,0.0,0.0,-0.0,31.0,47.333,-95.0,-68.0,5.0,-4.099,38.0,-90.45,-90.311,-16.0,0.0,-0.0,31.0,31.707,31.22,8.0,0.0,0.0,31.0,40.619,40.825,-8.0,0.0,-0.0,33.0
130.478,2,rev,-95.0,12.2,5.528,5.169,24.0,0.0,0.0,31.0,-100.0,-100.0,-8.0,0.0,0.0,32.0,-100.0,-100.0,0.0,0.0,-0.0,31.0,46.933,-95.0,-68.0,5.0,-6.044,38.0,-90.45,-90.311,-16.0,0.0,-0.0,31.0,31.707,31.22,8.0,0.0,0.0,31.0,40.619,40.825,-8.0,0.0,-0.0,33.0
130.5308,2,rev,-95.0,12.2,5.528,5.169,24.0,0.0,0.0,31.0,-100.0,-100.0,-8.0,0.0,0.0,32.0,-100.0,-100.0,0.0,0.0,-0.0,31.0,46.667,-95.0,-68.0,5.0,-4.994,38.0,-90.45,-90.311,-16.0,0.0,-0.0,31.0,31.707,31.22,8.0,0.0,0.0,31.0,40.619,40.825,-8.0,0.0,-0.0,33.0
130.5841,2,rev,-95.0,12.2,5.528,5.169,24.0,0.0,0.0,31.0,-100.0,-100.0,-8.0,0.0,0.0,32.0,-100.0,-100.0,0.0,0.0,-0.0,31.0,46.4,-95.0,-68.0,5.0,-4.985,38.0,-90.45,-90.311,-16.0,0.0,-0.0,31.0,31.707,31.22,8.0,0.0,0.0,31.0,40.619,40.825,-8.0,0.0,-0.0,33.0
130.6372,2,rev,-95.0,12.2,5.528,5.169,24.0,0.0,0.0,31.0,-100.0,-100.0,-8.0,0.0,0.0,32.0,-100.0,-100.0,0.0,0.0,-0.0,31.0,46.133,-95.0,-68.0,5.0,-4.941,38.0,-90.45,-90.311,-16.0,0.0,-0.0,31.0,31.707,31.22,8.0,0.0,0.0,31.0,40.619,40.825,-8.0,0.0,-0.0,33.0
130.6904,2,rev,-95.0,12.2,5.528,5.169,24.0,0.0,0.0,31.0,-100.0,-100.0,-8.0,0.0,0.0,32.0,-100.0,-100.0,0.0,0.0,-0.0,31.0,45.733,-95.0,-68.0,5.0,-5.982,38.0,-90.45,-90.311,-16.0,0.0,-0.0,31.0,31.707,31.22,8.0,0.0,0.0,31.0,40.619,40.825,-8.0,0.0,-0.0,33.0
130.7437,2,rev,-95.0,12.2,5.528,5.169,24.0,0.0,0.0,31.0,-100.0,-100.0,-8.0,0.0,0.0,32.0,-100.0,-100.0,0.0,0.0,-0.0,31.0,45.467,-95.0,-68.0,5.0,-5.484,38.0,-90.45,-90.311,-16.0,0.0,-0.0,31.0,31.707,31.22,8.0,0.0,0.0,31.0,40.619,40.825,-8.0,0.0,-0.0,33.0
130.7968,2,rev,-95.0,12.1,5.528,5.169,24.0,0.0,0.0,31.0,-100.0,-100.0,-8.0,0.0,0.0,32.0,-100.0,-100.0,0.0,0.0,-0.0,31.0,45.333,-95.0,-68.0,8.0,-5.341,38.0,-90.45,-90.311,-16.0,1.0,-0.0,31.0,31.707,31.22,8.0,0.0,0.0,31.0,40.619,40.825,-8.0,0.0,-0.0,33.0
130.8496,2,rev,-95.0,12.1,5.528,5.169,24.0,0.0,0.0,31.0,-100.0,-100.0,-8.0,0.0,0.0,32.0,-100.0,-100.0,0.0,0.0,-0.0,31.0,45.067,-95.0,-68.0,8.0,-3.588,38.0,-90.45,-90.311,-16.0,1.0,-0.0,31.0,31.707,31.22,8.0,0.0,0.0,31.0,40.619,40.825,-8.0,0.0,-0.0,33.0
130.9019,2,rev,-95.0,12.1,5.528,5.169,24.0,0.0,0.0,31.0,-100.0,-100.0,-8.0,0.0,0.0,32.0,-100.0,-100.0,0.0,0.0,-0.0,31.0,44.667,-95.0,-68.0,8.0,-5.755,38.0,-90.45,-90.311,-16.0,1.0,-0.0,31.0,31.707,31.22,8.0,0.0,0.0,31.0,40.619,40.825,-8.0,0.0,-0.0,33.0
130.9553,2,rev,-95.0,12.1,5.528,5.169,24.0,0.0,0.0,31.0,-100.0,-100.0,-8.0,0.0,0.0,32.0,-100.0,-100.0,0.0,0.0,-0.0,31.0,44.4,-95.0,-68.0,8.0,-5.354,38.0,-90.45,-90.311,-16.0,1.0,-0.0,31.0,31.707,31.22,8.0,0.0,0.0,31.0,40.619,40.825,-8.0,0.0,-0.0,33.0
131.0084,2,rev,-95.0,12.1,5.528,5.169,24.0,0.0,0.0,31.0,-100.0,-100.0,-8.0,0.0,0.0,32.0,-100.0,-100.0,0.0,0.0,-0.0,31.0,44.133,-95.0,-68.0,8.0,-5.162,38.0,-90.45,-90.311,-16.0,1.0,-0.0,31.0,31.707,31.22,8.0,0.0,0.0,31.0,40.619,40.825,-8.0,0.0,-0.0,33.0
131.0613,2,rev,-95.0,12.1,5.528,5.169,24.0,0.0,0.0,31.0,-100.0,-100.0,-8.0,0.0,0.0,32.0,-100.0,-100.0,0.0,0.0,-0.0,31.0,43.867,-95.0,-68.0,8.0,-5.069,38.0,-90.45,-90.311,-16.0,1.0,-0.0,31.0,31.707,31.22,8.0,0.0,0.0,31.0,40.619,40.825,-8.0,0.0,-0.0,33.0
131.1146,2,rev,-95.0,12.1,5.528,5.169,24.0,0.0,0.0,31.0,-100.0,-100.0,-8.0,0.0,0.0,32.0,-100.0,-100.0,0.0,0.0,-0.0,31.0,43.467,-95.0,-68.0,8.0,-6.522,38.0,-90.45,-90.311,-16.0,1.0,-0.0,31.0,31.707,31.22,8.0,0.0,0.0,31.0,40.619,40.825,-8.0,0.0,-0.0,33.0
131.1682,2,rev,-95.0,12.1,5.528,5.169,24.0,0.0,0.0,31.0,-100.0,-100.0,-8.0,0.0,0.0,32.0,-100.0,-100.0,0.0,0.0,-0.0,31.0,43.467,-95.0,-68.0,8.0,-3.196,38.0,-90.45,-90.311,-16.0,1.0,-0.0,31.0,31.707,31.22,8.0,0.0,0.0,31.0,40.619,40.825,-8.0,0.0,-0.0,33.0
131.2215,2,rev,-95.0,12.1,5.528,5.169,24.0,0.0,0.0,31.0,-100.0,-100.0,-8.0,0.0,0.0,32.0,-100.0,-100.0,0.0,0.0,-0.0,31.0,43.2,-95.0,-68.0,8.0,-5.232,38.0,-90.45,-90.311,-16.0,1.0,-0.0,31.0,31.707,31.22,8.0,0.0,0.0,31.0,40.619,40.825,-8.0,0.0,-0.0,33.0
131.2745,2,rev,-95.0,12.1,5.528,5.169,24.0,0.0,0.0,31.0,-100.0,-100.0,-8.0,0.0,0.0,32.0,-100.0,-100.0,0.0,0.0,-0.0,31.0,43.067,-95.0,-68.0,8.0,-3.493,38.0,-90.45,-90.311,-16.0,1.0,-0.0,31.0,31.707,31.22,8.0,0.0,0.0,31.0,40.619,40.825,-8.0,0.0,-0.0,33.0
131.3284,2,rev,-95.0,12.1,5.528,5.169,24.0,0.0,0.0,31.0,-100.0,-100.0,-8.0,0.0,0.0,32.0,-100.0,-100.0,0.0,0.0,-0.0,31.0,42.533,-95.0,-68.0,8.0,-7.119,38.0,-90.45,-90.311,-16.0,1.0,-0.0,31.0,31.707,31.22,8.0,0.0,0.0,31.0,40.619,40.825,-8.0,0.0,-0.0,33.0
131.382,2,rev,-95.0,12.1,5.528,5.169,24.0,0.0,0.0,31.0,-100.0,-100.0,-8.0,0.0,0.0,32.0,-100.0,-100.0,0.0,0.0,-0.0,31.0,42.533,-95.0,-56.0,4.0,-4.983,38.0,-90.45,-90.311,-16.0,0.0,-0.0,31.0,31.707,31.22,8.0,0.0,0.0,31.0,40.619,40.825,-8.0,0.0,-0.0,33.0
131.4353,2,rev,-95.0,12.1,5.528,5.169,24.0,0.0,0.0,31.0,-100.0,-100.0,-8.0,0.0,0.0,32.0,-100.0,-100.0,0.0,0.0,-0.0,31.0,42.267,-95.0,-56.0,4.0,-4.439,38.0,-90.45,-90.311,-16.0,0.0,-0.0,31.0,31.707,31.22,8.0,0.0,0.0,31.0,40.619,40.825,-8.0,0.0,-0.0,33.0
131.4899,2,rev,-95.0,12.1,5.528,5.169,24.0,0.0,0.0,31.0,-100.0,-100.0,-8.0,0.0,0.0,32.0,-100.0,-100.0,0.0,0.0,-0.0,31.0,41.867,-95.0,-56.0,4.0,-5.674,38.0,-90.45,-90.311,-16.0,0.0,-0.0,31.0,31.707,31.22,8.0,0.0,0.0,31.0,40.619,40.825,-8.0,0.0,-0.0,33.0
131.5424,2,rev,-95.0,12.1,5.528,5.169,24.0,0.0,0.0,31.0,-100.0,-100.0,-8.0,0.0,0.0,32.0,-100.0,-100.0,0.0,0.0,-0.0,31.0,41.6,-95.0,-56.0,4.0,-5.322,38.0,-90.45,-90.311,-16.0,0.0,-0.0,31.0,31.707,31.22,8.0,0.0,0.0,31.0,40.619,40.825,-8.0,0.0,-0.0,33.0
131.5946,2,rev,-95.0,12.1,5.528,5.169,24.0,0.0,0.0,31.0,-100.0,-100.0,-8.0,0.0,0.0,32.0,-100.0,-100.0,0.0,0.0,-0.0,31.0,41.2,-95.0,-56.0,4.0,-6.166,38.0,-90.45,-90.311,-16.0,0.0,-0.0,31.0,31.707,31.22,8.0,0.0,0.0,31.0,40.619,40.825,-8.0,0.0,-0.0,33.0
131.6469,2,rev,-95.0,12.1,5.528,5.169,24.0,0.0,0.0,31.0,-100.0,-100.0,-8.0,0.0,0.0,32.0,-100.0,-100.0,0.0,0.0,-0.0,31.0,41.067,-95.0,-56.0,4.0,-4.523,38.0,-90.45,-90.311,-16.0,0.0,-0.0,31.0,31.707,31.22,8.0,0.0,0.0,31.0,40.619,40.825,-8.0,0.0,-0.0,33.0
131.6996,2,rev,-95.0,12.1,5.528,5.169,24.0,0.0,0.0,31.0,-100.0,-100.0,-8.0,0.0,0.0,32.0,-100.0,-100.0,0.0,0.0,-0.0,31.0,40.933,-95.0,-56.0,4.0,-3.268,38.0,-90.45,-90.311,-16.0,0.0,-0.0,31.0,31.707,31.22,8.0,0.0,0.0,31.0,40.619,40.825,-8.0,0.0,-0.0,33.0
131.7534,2,rev,-95.0,12.1,5.528,5.169,24.0,0.0,0.0,31.0,-100.0,-100.0,-8.0,0.0,0.0,32.0,-100.0,-100.0,0.0,0.0,-0.0,31.0,40.667,-95.0,-56.0,4.0,-4.154,38.0,-90.45,-90.311,-16.0,0.0,-0.0,31.0,31.707,31.22,8.0,0.0,0.0,31.0,40.619,40.825,-8.0,0.0,-0.0,33.0
131.8056,2,rev,-95.0,12.1,5.528,5.169,24.0,0.0,0.0,31.0,-100.0,-100.0,-8.0,0.0,0.0,32.0,-100.0,-100.0,0.0,0.0,-0.0,31.0,40.4,-95.0,-56.0,4.0,-4.14,38.0,-90.45,-90.311,-16.0,0.0,-0.0,31.0,31.707,31.22,8.0,0.0,0.0,31.0,40.619,40.825,-8.0,0.0,-0.0,33.0
131.8588,2,rev,-95.0,12.1,5.528,5.169,24.0,0.0,0.0,31.0,-100.0,-100.0,-8.0,0.0,0.0,32.0,-100.0,-100.0,0.0,0.0,-0.0,31.0,40.133,-95.0,-56.0,4.0,-4.572,38.0,-90.45,-90.311,-16.0,0.0,-0.0,31.0,31.707,31.22,8.0,0.0,0.0,31.0,40.619,40.825,-8.0,0.0,-0.0,33.0
131.9121,2,rev,-95.0,12.1,5.528,5.169,24.0,0.0,0.0,31.0,-100.0,-100.0,-8.0,0.0,0.0,32.0,-100.0,-100.0,0.0,0.0,-0.0,31.0,39.733,-95.0,-56.0,4.0,-5.779,38.0,-90.45,-90.311,-16.0,0.0,-0.0,31.0,31.707,31.22,8.0,0.0,0.0,31.0,40.619,40.825,-8.0,0.0,-0.0,33.0
131.9655,2,rev,-95.0,12.1,5.528,5.169,24.0,0.0,0.0,31.0,-100.0,-100.0,-8.0,0.0,0.0,32.0,-100.0,-100.0,0.0,0.0,-0.0,31.0,39.6,-95.0,-56.0,5.0,-4.722,38.0,-90.45,-90.311,-16.0,1.0,-0.0,31.0,31.707,31.22,8.0,0.0,0.0,31.0,40.619,40.825,-8.0,0.0,-0.0,33.0
132.019,2,rev,-95.0,12.1,5.528,5.169,24.0,0.0,0.0,31.0,-100.0,-100.0,-8.0,0.0,0.0,32.0,-100.0,-100.0,0.0,0.0,-0.0,31.0,39.467,-95.0,-56.0,5.0,-3.815,38.0,-90.45,-90.311,-16.0,1.0,-0.0,31.0,31.707,31.22,8.0,0.0,0.0,31.0,40.619,40.825,-8.0,0.0,-0.0,33.0
132.0723,2,rev,-95.0,12.1,5.528,5.169,24.0,0.0,0.0,31.0,-100.0,-100.0,-8.0,0.0,0.0,32.0,-100.0,-100.0,0.0,0.0,-0.0,31.0,38.933,-95.0,-56.0,5.0,-6.938,38.0,-90.45,-90.311,-16.0,1.0,-0.0,31.0,31.707,31.22,8.0,0.0,0.0,31.0,40.619,40.825,-8.0,0.0,-0.0,33.0
132.1254,2,rev,-95.0,12.1,5.528,5.169,24.0,0.0,0.0,31.0,-100.0,-100.0,-8.0,0.0,0.0,32.0,-100.0,-100.0,0.0,0.0,-0.0,31.0,38.667,-95.0,-56.0,5.0,-5.484,38.0,-90.45,-90.311,-16.0,1.0,-0.0,31.0,31.707,31.22,8.0,0.0,0.0,31.0,40.619,40.825,-8.0,0.0,-0.0,33.0
132.1782,2,rev,-95.0,12.1,5.528,5.169,24.0,0.0,0.0,31.0,-100.0,-100.0,-8.0,0.0,0.0,32.0,-100.0,-100.0,0.0,0.0,-0.0,31.0,38.267,-95.0,-56.0,5.0,-6.697,38.0,-90.45,-90.311,-16.0,1.0,-0.0,31.0,31.707,31.22,8.0,0.0,0.0,31.0,40.619,40.825,-8.0,0.0,-0.0,33.0
132.2314,2,rev,-95.0,12.1,5.528,5.169,24.0,0.0,0.0,31.0,-100.0,-100.0,-8.0,0.0,0.0,32.0,-100.0,-100.0,0.0,0.0,-0.0,31.0,38.0,-95.0,-56.0,5.0,-5.816,38.0,-90.45,-90.311,-16.0,1.0,-0.0,31.0,31.707,31.22,8.0,0.0,0.0,31.0,40.619,40.825,-8.0,0.0,-0.0,33.0
132.2844,2,rev,-95.0,12.1,5.528,5.169,24.0,0.0,0.0,31.0,-100.0,-100.0,-8.0,0.0,0.0,32.0,-100.0,-100.0,0.0,0.0,-0.0,31.0,37.867,-95.0,-56.0,5.0,-3.896,38.0,-90.45,-90.311,-16.0,1.0,-0.0,31.0,31.707,31.22,8.0,0.0,0.0,31.0,40.619,40.825,-8.0,0.0,-0.0,33.0
132.3373,2,rev,-95.0,12.1,5.528,5.169,24.0,0.0,0.0,31.0,-100.0,-100.0,-8.0,0.0,0.0,32.0,-100.0,-100.0,0.0,0.0,-0.0,31.0,37.6,-95.0,-56.0,5.0,-4.477,38.0,-90.45,-90.311,-16.0,1.0,-0.0,31.0,31.707,31.22,8.0,0.0,0.0,31.0,40.619,40.825,-8.0,0.0,-0.0,33.0
132.3906,2,rev,-95.0,12.1,5.528,5.169,24.0,0.0,0.0,31.0,-100.0,-100.0,-8.0,0.0,0.0,32.0,-100.0,-100.0,0.0,0.0,-0.0,31.0,37.2,-95.0,-56.0,5.0,-6.196,38.0,-90.45,-90.311,-16.0,1.0,-0.0,31.0,31.707,31.22,8.0,0.0,0.0,31.0,40.619,40.825,-8.0,0.0,-0.0,33.0
132.4446,2,rev,-95.0,12.1,5.528,5.169,24.0,0.0,0.0,31.0,-100.0,-100.0,-8.0,0.0,0.0,32.0,-100.0,-100.0,0.0,0.0,-0.0,31.0,37.067,-95.0,-56.0,5.0,-4.539,38.0,-90.45,-90.311,-16.0,1.0,-0.0,31.0,31.707,31.22,8.0,0.0,0.0,31.0,40.619,40.825,-8.0,0.0,-0.0,33.0
132.4986,2,rev,-95.0,12.1,5.528,5.169,24.0,0.0,0.0,31.0,-100.0,-100.0,-8.0,0.0,0.0,32.0,-100.0,-100.0,0.0,0.0,-0.0,31.0,36.933,-95.0,-56.0,5.0,-4.679,38.0,-90.45,-90.311,-16.0,1.0,-0.0,31.0,31.707,31.22,8.0,0.0,0.0,31.0,40.619,40.825,-8.0,0.0,-0.0,33.0
132.5522,2,rev,-95.0,12.1,5.528,5.169,24.0,0.0,0.0,31.0,-100.0,-100.0,-8.0,0.0,0.0,32.0,-100.0,-100.0,0.0,0.0,-0.0,31.0,36.667,-95.0,-56.0,5.0,-4.628,38.0,-90.45,-90.311,-16.0,1.0,-0.0,31.0,31.707,31.22,8.0,0.0,0.0,31.0,40.619,40.825,-8.0,0.0,-0.0,33.0
132.6064,2,rev,-95.0,12.1,5.528,5.169,24.0,0.0,0.0,31.0,-100.0,-100.0,-8.0,0.0,0.0,32.0,-100.0,-100.0,0.0,0.0,-0.0,31.0,36.4,-95.0,-56.0,5.0,-4.672,38.0,-90.45,-90.311,-16.0,1.0,-0.0,31.0,31.707,31.22,8.0,0.0,0.0,31.0,40.619,40.825,-8.0,0.0,-0.0,33.0
132.6596,2,rev,-95.0,12.1,5.528,5.169,24.0,0.0,0.0,31.0,-100.0,-100.0,-8.0,0.0,0.0,32.0,-100.0,-100.0,0.0,0.0,-0.0,31.0,36.133,-95.0,-56.0,5.0,-4.721,38.0,-90.45,-90.311,-16.0,1.0,-0.0,31.0,31.707,31.22,8.0,0.0,0.0,31.0,40.619,40.825,-8.0,0.0,-0.0,33.0
132.7124,2,rev,-95.0,12.1,5.528,5.169,24.0,0.0,0.0,31.0,-100.0,-100.0,-8.0,0.0,0.0,32.0,-100.0,-100.0,0.0,0.0,-0.0,31.0,35.733,-95.0,-56.0,5.0,-6.343,38.0,-90.45,-90.311,-16.0,1.0,-0.0,31.0,31.707,31.22,8.0,0.0,0.0,31.0,40.619,40.825,-8.0,0.0,-0.0,33.0
132.7641,2,rev,-95.0,12.1,5.528,5.169,24.0,0.0,0.0,31.0,-100.0,-100.0,-8.0,0.0,0.0,32.0,-100.0,-100.0,0.0,0.0,-0.0,31.0,35.467,-95.0,-56.0,5.0,-5.64,38.0,-90.45,-90.311,-16.0,1.0,-0.0,31.0,31.707,31.22,8.0,0.0,0.0,31.0,40.619,40.825,-8.0,0.0,-0.0,33.0
132.8175,2,rev,-95.0,12.1,5.528,5.169,24.0,0.0,0.0,31.0,-100.0,-100.0,-8.0,0.0,0.0,32.0,-100.0,-100.0,0.0,0.0,-0.0,31.0,35.2,-95.0,-56.0,5.0,-5.766,38.0,-90.45,-90.311,-16.0,1.0,-0.0,31.0,31.707,31.22,8.0,0.0,0.0,31.0,40.619,40.825,-8.0,0.0,-0.0,33.0
132.8698,2,rev,-95.0,12.1,5.528,5.169,24.0,0.0,0.0,31.0,-100.0,-100.0,-8.0,0.0,0.0,32.0,-100.0,-100.0,0.0,0.0,-0.0,31.0,34.933,-95.0,-56.0,5.0,-5.361,38.0,-90.45,-90.311,-16.0,1.0,-0.0,31.0,31.707,31.22,8.0,0.0,0.0,31.0,40.619,40.825,-8.0,0.0,-0.0,33.0
132.9233,2,rev,-95.0,12.1,5.528,5.169,24.0,0.0,0.0,31.0,-100.0,-100.0,-8.0,0.0,0.0,32.0,-100.0,-100.0,0.0,0.0,-0.0,31.0,34.8,-95.0,-56.0,5.0,-3.676,38.0,-90.45,-90.311,-16.0,1.0,-0.0,31.0,31.707,31.22,8.0,0.0,0.0,31.0,40.619,40.825,-8.0,0.0,-0.0,33.0
132.9757,2,rev,-95.0,12.1,5.528,5.169,24.0,0.0,0.0,31.0,-100.0,-100.0,-8.0,0.0,0.0,32.0,-100.0,-100.0,0.0,0.0,-0.0,31.0,34.4,-95.0,-56.0,5.0,-5.784,38.0,-90.45,-90.311,-16.0,1.0,-0.0,31.0,31.707,31.22,8.0,0.0,0.0,31.0,40.619,40.825,-8.0,0.0,-0.0,33.0
133.0295,2,rev,-95.0,12.1,5.528,5.169,24.0,0.0,0.0,31.0,-100.0,-100.0,-8.0,0.0,0.0,32.0,-100.0,-100.0,0.0,0.0,-0.0,31.0,34.133,-95.0,-56.0,5.0,-5.38,38.0,-90.45,-90.311,-16.0,1.0,-0.0,31.0,31.707,31.22,8.0,0.0,0.0,31.0,40.619,40.825,-8.0,0.0,-0.0,33.0
133.0828,2,rev,-95.0,12.2,5.528,5.169,24.0,0.0,0.0,31.0,-100.0,-100.0,-8.0,0.0,0.0,32.0,-100.0,-100.0,0.0,0.0,-0.0,31.0,34.0,-95.0,-56.0,5.0,-5.261,38.0,-90.45,-90.311,-16.0,1.0,-0.0,31.0,31.707,31.22,8.0,0.0,0.0,31.0,40.619,40.825,-8.0,0.0,-0.0,33.0
133.1352,2,rev,-95.0,12.2,5.528,5.169,24.0,0.0,0.0,31.0,-100.0,-100.0,-8.0,0.0,0.0,32.0,-100.0,-100.0,0.0,0.0,-0.0,31.0,33.867,-95.0,-56.0,5.0,-4.073,38.0,-90.45,-90.311,-16.0,1.0,-0.0,31.0,31.707,31.22,8.0,0.0,0.0,31.0,40.619,40.825,-8.0,0.0,-0.0,33.0
133.1886,2,rev,-95.0,12.2,5.528,5.169,24.0,0.0,0.0,31.0,-100.0,-100.0,-8.0,0.0,0.0,32.0,-100.0,-100.0,0.0,0.0,-0.0,31.0,33.467,-95.0,-56.0,5.0,-5.524,38.0,-90.45,-90.311,-16.0,1.0,-0.0,31.0,31.707,31.22,8.0,0.0,0.0,31.0,40.619,40.825,-8.0,0.0,-0.0,33.0
133.2408,2,rev,-95.0,12.2,5.528,5.169,24.0,0.0,0.0,31.0,-100.0,-100.0,-8.0,0.0,0.0,32.0,-100.0,-100.0,0.0,0.0,-0.0,31.0,33.2,-95.0,-56.0,5.0,-5.227,38.0,-90.45,-90.311,-16.0,1.0,-0.0,31.0,31.707,31.22,8.0,0.0,0.0,31.0,40.619,40.825,-8.0,0.0,-0.0,33.0
133.2941,2,rev,-95.0,12.2,5.528,5.169,24.0,0.0,0.0,31.0,-100.0,-100.0,-8.0,0.0,0.0,32.0,-100.0,-100.0,0.0,0.0,-0.0,31.0,32.8,-95.0,-56.0,5.0,-6.63,38.0,-90.45,-90.311,-16.0,1.0,-0.0,31.0,31.707,31.22,8.0,0.0,0.0,31.0,40.619,40.825,-8.0,0.0,-0.0,33.0
133.3472,2,rev,-95.0,12.2,5.528,5.169,24.0,0.0,0.0,31.0,-100.0,-100.0,-8.0,0.0,0.0,32.0,-100.0,-100.0,0.0,0.0,-0.0,31.0,32.533,-95.0,-56.0,5.0,-5.807,38.0,-90.45,-90.311,-16.0,1.0,-0.0,31.0,31.707,31.22,8.0,0.0,0.0,31.0,40.619,40.825,-8.0,0.0,-0.0,33.0
133.4,2,rev,-95.0,12.2,5.528,5.169,24.0,0.0,0.0,31.0,-100.0,-100.0,-8.0,0.0,0.0,32.0,-100.0,-100.0,0.0,0.0,-0.0,31.0,32.4,-95.0,-56.0,5.0,-3.896,38.0,-90.45,-90.311,-16.0,1.0,-0.0,31.0,31.707,31.22,8.0,0.0,0.0,31.0,40.619,40.825,-8.0,0.0,-0.0,33.0
133.453,2,rev,-95.0,12.2,5.528,5.169,24.0,0.0,0.0,31.0,-100.0,-100.0,-8.0,0.0,0.0,32.0,-100.0,-100.0,0.0,0.0,-0.0,31.0,32.133,-95.0,-56.0,5.0,-4.417,38.0,-90.45,-90.311,-16.0,1.0,-0.0,31.0,31.707,31.22,8.0,0.0,0.0,31.0,40.619,40.825,-8.0,0.0,-0.0,33.0
133.5067,2,rev,-95.0,12.2,5.528,5.169,24.0,0.0,0.0,31.0,-100.0,-100.0,-8.0,0.0,0.0,32.0,-100.0,-100.0,0.0,0.0,-0.0,31.0,31.733,-95.0,-56.0,5.0,-5.763,38.0,-90.45,-90.311,-16.0,1.0,-0.0,31.0,31.707,31.22,8.0,0.0,0.0,31.0,40.619,40.825,-8.0,0.0,-0.0,33.0
133.5595,2,rev,-95.0,12.2,5.528,5.169,24.0,0.0,0.0,31.0,-100.0,-100.0,-8.0,0.0,0.0,32.0,-100.0,-100.0,0.0,0.0,-0.0,31.0,31.6,-95.0,-56.0,5.0,-3.866,38.0,-90.45,-90.311,-16.0,1.0,-0.0,31.0,31.707,31.22,8.0,0.0,0.0,31.0,40.619,40.825,-8.0,0.0,-0.0,33.0
133.6126,2,rev,-95.0,12.2,5.528,5.169,24.0,0.0,0.0,31.0,-100.0,-100.0,-8.0,0.0,0.0,32.0,-100.0,-100.0,0.0,0.0,-0.0,31.0,31.2,-95.0,-56.0,5.0,-5.486,38.0,-90.45,-90.311,-16.0,1.0,-0.0,31.0,31.707,31.22,8.0,0.0,0.0,31.0,40.619,40.825,-8.0,0.0,-0.0,33.0
133.6658,2,rev,-95.0,12.1,5.528,5.169,24.0,0.0,0.0,31.0,-100.0,-100.0,-8.0,0.0,0.0,32.0,-100.0,-100.0,0.0,0.0,-0.0,31.0,31.2,-95.0,-64.0,5.0,-5.486,38.0,-90.45,-90.311,-16.0,0.0,-0.0,31.0,31.707,31.22,8.0,0.0,0.0,31.0,40.619,40.825,-8.0,0.0,-0.0,33.0
133.7169,2,rev,-95.0,12.1,5.528,5.169,24.0,0.0,0.0,31.0,-100.0,-100.0,-8.0,0.0,0.0,32.0,-100.0,-100.0,0.0,0.0,-0.0,31.0,30.933,-95.0,-64.0,5.0,-3.61,38.0,-90.45,-90.311,-16.0,0.0,-0.0,31.0,31.707,31.22,8.0,0.0,0.0,31.0,40.619,40.825,-8.0,0.0,-0.0,33.0
133.77,2,rev,-95.0,12.1,5.528,5.169,24.0,0.0,0.0,31.0,-100.0,-100.0,-8.0,0.0,0.0,32.0,-100.0,-100.0,0.0,0.0,-0.0,31.0,30.533,-95.0,-64.0,5.0,-5.754,38.0,-90.45,-90.311,-16.0,0.0,-0.0,31.0,31.707,31.22,8.0,0.0,0.0,31.0,40.619,40.825,-8.0,0.0,-0.0,33.0
133.8236,2,rev,-95.0,12.1,5.528,5.169,24.0,0.0,0.0,31.0,-100.0,-100.0,-8.0,0.0,0.0,32.0,-100.0,-100.0,0.0,0.0,-0.0,31.0,30.133,-95.0,-64.0,5.0,-6.866,38.0,-90.45,-90.311,-16.0,0.0,-0.0,31.0,31.707,31.22,8.0,0.0,0.0,31.0,40.619,40.825,-8.0,0.0,-0.0,33.0
133.8775,2,rev,-95.0,12.1,5.528,5.169,24.0,0.0,0.0,31.0,-100.0,-100.0,-8.0,0.0,0.0,32.0,-100.0,-100.0,0.0,0.0,-0.0,31.0,30.0,-95.0,-64.0,5.0,-4.858,38.0,-90.45,-90.311,-16.0,0.0,-0.0,31.0,31.707,31.22,8.0,0.0,0.0,31.0,40.619,40.825,-8.0,0.0,-0.0,33.0
133.9297,2,rev,-95.0,12.1,5.528,5.169,24.0,0.0,0.0,31.0,-100.0,-100.0,-8.0,0.0,0.0,32.0,-100.0,-100.0,0.0,0.0,-0.0,31.0,29.467,-95.0,-64.0,5.0,-7.407,38.0,-90.45,-90.311,-16.0,0.0,-0.0,31.0,31.707,31.22,8.0,0.0,0.0,31.0,40.619,40.825,-8.0,0.0,-0.0,33.0
133.9829,2,rev,-95.0,12.1,5.528,5.169,24.0,0.0,0.0,31.0,-100.0,-100.0,-8.0,0.0,0.0,32.0,-100.0,-100.0,0.0,0.0,-0.0,31.0,29.333,-95.0,-64.0,5.0,-4.687,38.0,-90.45,-90.311,-16.0,0.0,-0.0,31.0,31.707,31.22,8.0,0.0,0.0,31.0,40.619,40.825,-8.0,0.0,-0.0,33.0
134.0361,2,rev,-95.0,12.1,5.528,5.169,24.0,0.0,0.0,31.0,-100.0,-100.0,-8.0,0.0,0.0,32.0,-100.0,-100.0,0.0,0.0,-0.0,31.0,29.2,-95.0,-64.0,5.0,-3.358,38.0,-90.45,-90.311,-16.0,0.0,-0.0,31.0,31.707,31.22,8.0,0.0,0.0,31.0,40.619,40.825,-8.0,0.0,-0.0,33.0
134.0883,2,rev,-95.0,12.1,5.528,5.169,24.0,0.0,0.0,31.0,-100.0,-100.0,-8.0,0.0,0.0,32.0,-100.0,-100.0,0.0,0.0,-0.0,31.0,28.8,-95.0,-64.0,5.0,-5.208,38.0,-90.45,-90.311,-16.0,0.0,-0.0,31.0,31.707,31.22,8.0,0.0,0.0,31.0,40.619,40.825,-8.0,0.0,-0.0,33.0
134.1411,2,rev,-95.0,12.1,5.528,5.169,24.0,0.0,0.0,31.0,-100.0,-100.0,-8.0,0.0,0.0,32.0,-100.0,-100.0,0.0,0.0,-0.0,31.0,28.533,-95.0,-64.0,5.0,-5.099,38.0,-90.45,-90.311,-16.0,0.0,-0.0,31.0,31.707,31.22,8.0,0.0,0.0,31.0,40.619,40.825,-8.0,0.0,-0.0,33.0
134.1945,2,rev,-95.0,12.1,5.528,5.169,24.0,0.0,0.0,31.0,-100.0,-100.0,-8.0,0.0,0.0,32.0,-100.0,-100.0,0.0,0.0,-0.0,31.0,28.4,-95.0,-64.0,5.0,-3.533,38.0,-90.45,-90.311,-16.0,0.0,-0.0,31.0,31.707,31.22,8.0,0.0,0.0,31.0,40.619,40.825,-8.0,0.0,-0.0,33.0
134.2468,2,rev,-95.0,12.2,5.528,5.169,24.0,0.0,0.0,31.0,-100.0,-100.0,-8.0,0.0,0.0,32.0,-100.0,-100.0,0.0,0.0,-0.0,31.0,28.0,-95.0,-60.0,5.0,-4.548,38.0,-90.45,-90.311,-16.0,0.0,-0.0,31.0,31.707,31.22,8.0,0.0,0.0,31.0,40.619,40.825,-8.0,0.0,-0.0,33.0
134.2999,2,rev,-95.0,12.2,5.528,5.169,24.0,0.0,0.0,31.0,-100.0,-100.0,-8.0,0.0,0.0,32.0,-100.0,-100.0,0.0,0.0,-0.0,31.0,27.733,-95.0,-60.0,5.0,-5.228,38.0,-90.45,-90.311,-16.0,0.0,-0.0,31.0,31.707,31.22,8.0,0.0,0.0,31.0,40.619,40.825,-8.0,0.0,-0.0,33.0
134.353,2,rev,-95.0,12.2,5.528,5.169,24.0,0.0,0.0,31.0,-100.0,-100.0,-8.0,0.0,0.0,32.0,-100.0,-100.0,0.0,0.0,-0.0,31.0,27.6,-95.0,-60.0,5.0,-3.619,38.0,-90.45,-90.311,-16.0,0.0,-0.0,31.0,31.707,31.22,8.0,0.0,0.0,31.0,40.619,40.825,-8.0,0.0,-0.0,33.0
134.4061,2,rev,-95.0,12.2,5.528,5.169,24.0,0.0,0.0,31.0,-100.0,-100.0,-8.0,0.0,0.0,32.0,-100.0,-100.0,0.0,0.0,-0.0,31.0,27.2,-95.0,-60.0,5.0,-5.815,38.0,-90.45,-90.311,-16.0,0.0,-0.0,31.0,31.707,31.22,8.0,0.0,0.0,31.0,40.619,40.825,-8.0,0.0,-0.0,33.0
134.4594,2,rev,-95.0,12.2,5.528,5.169,24.0,0.0,0.0,31.0,-100.0,-100.0,-8.0,0.0,0.0,32.0,-100.0,-100.0,0.0,0.0,-0.0,31.0,27.067,-95.0,-60.0,5.0,-3.897,38.0,-90.45,-90.311,-16.0,0.0,-0.0,31.0,31.707,31.22,8.0,0.0,0.0,31.0,40.619,40.825,-8.0,0.0,-0.0,33.0
134.5133,2,rev,-95.0,12.2,5.528,5.169,24.0,0.0,0.0,31.0,-100.0,-100.0,-8.0,0.0,0.0,32.0,-100.0,-100.0,0.0,0.0,-0.0,31.0,26.8,-95.0,-60.0,5.0,-4.459,38.0,-90.45,-90.311,-16.0,0.0,-0.0,31.0,31.707,31.22,8.0,0.0,0.0,31.0,40.619,40.825,-8.0,0.0,-0.0,33.0
134.5662,2,rev,-95.0,12.2,5.528,5.169,24.0,0.0,0.0,31.0,-100.0,-100.0,-8.0,0.0,0.0,32.0,-100.0,-100.0,0.0,0.0,-0.0,31.0,26.533,-95.0,-60.0,5.0,-5.162,38.0,-90.45,-90.311,-16.0,0.0,-0.0,31.0,31.707,31.22,8.0,0.0,0.0,31.0,40.619,40.825,-8.0,0.0,-0.0,33.0
134.6193,2,rev,-95.0,12.2,5.528,5.169,24.0,0.0,0.0,31.0,-100.0,-100.0,-8.0,0.0,0.0,32.0,-100.0,-100.0,0.0,0.0,-0.0,31.0,26.267,-95.0,-60.0,5.0,-5.078,38.0,-90.45,-90.311,-16.0,0.0,-0.0,31.0,31.707,31.22,8.0,0.0,0.0,31.0,40.619,40.825,-8.0,0.0,-0.0,33.0
134.6724,2,rev,-95.0,12.2,5.528,5.169,24.0,0.0,0.0,31.0,-100.0,-100.0,-8.0,0.0,0.0,32.0,-100.0,-100.0,0.0,0.0,-0.0,31.0,26.0,-95.0,-60.0,5.0,-5.023,38.0,-90.45,-90.311,-16.0,0.0,-0.0,31.0,31.707,31.22,8.0,0.0,0.0,31.0,40.619,40.825,-8.0,0.0,-0.0,33.0
134.725,2,rev,-95.0,12.2,5.528,5.169,24.0,0.0,0.0,31.0,-100.0,-100.0,-8.0,0.0,0.0,32.0,-100.0,-100.0,0.0,0.0,-0.0,31.0,25.6,-95.0,-60.0,5.0,-6.453,38.0,-90.45,-90.311,-16.0,0.0,-0.0,31.0,31.707,31.22,8.0,0.0,0.0,31.0,40.619,40.825,-8.0,0.0,-0.0,33.0
134.7783,2,rev,-95.0,12.2,5.528,5.169,24.0,0.0,0.0,31.0,-100.0,-100.0,-8.0,0.0,0.0,32.0,-100.0,-100.0,0.0,0.0,-0.0,31.0,25.467,-95.0,-56.0,6.0,-6.012,38.0,-90.45,-90.311,-16.0,0.0,-0.0,31.0,31.707,31.22,8.0,0.0,0.0,31.0,40.619,40.825,-8.0,0.0,-0.0,33.0
134.8306,2,rev,-95.0,12.2,5.528,5.169,24.0,0.0,0.0,31.0,-100.0,-100.0,-8.0,0.0,0.0,32.0,-100.0,-100.0,0.0,0.0,-0.0,31.0,25.333,-95.0,-56.0,6.0,-4.915,38.0,-90.45,-90.311,-16.0,0.0,-0.0,31.0,31.707,31.22,8.0,0.0,0.0,31.0,40.619,40.825,-8.0,0.0,-0.0,33.0
134.884,2,rev,-95.0,12.2,5.528,5.169,24.0,0.0,0.0,31.0,-100.0,-100.0,-8.0,0.0,0.0,32.0,-100.0,-100.0,0.0,0.0,-0.0,31.0,25.067,-95.0,-56.0,6.0,-5.396,38.0,-90.45,-90.311,-16.0,0.0,-0.0,31.0,31.707,31.22,8.0,0.0,0.0,31.0,40.619,40.825,-8.0,0.0,-0.0,33.0
134.9375,2,rev,-95.0,12.2,5.528,5.169,24.0,0.0,0.0,31.0,-100.0,-100.0,-8.0,0.0,0.0,32.0,-100.0,-100.0,0.0,0.0,-0.0,31.0,24.8,-95.0,-56.0,6.0,-5.091,38.0,-90.45,-90.311,-16.0,0.0,-0.0,31.0,31.707,31.22,8.0,0.0,0.0,31.0,40.619,40.825,-8.0,0.0,-0.0,33.0
134.991,2,rev,-95.0,12.2,5.528,5.169,24.0,0.0,0.0,31.0,-100.0,-100.0,-8.0,0.0,0.0,32.0,-100.0,-100.0,0.0,0.0,-0.0,31.0,24.533,-95.0,-56.0,6.0,-5.048,38.0,-90.45,-90.311,-16.0,0.0,-0.0,31.0,31.707,31.22,8.0,0.0,0.0,31.0,40.619,40.825,-8.0,0.0,-0.0,33.0
135.0445,2,rev,-95.0,12.2,5.528,5.169,24.0,0.0,0.0,31.0,-100.0,-100.0,-8.0,0.0,0.0,32.0,-100.0,-100.0,0.0,0.0,-0.0,31.0,24.267,-95.0,-56.0,6.0,-4.995,38.0,-90.45,-90.311,-16.0,0.0,-0.0,31.0,31.707,31.22,8.0,0.0,0.0,31.0,40.619,40.825,-8.0,0.0,-0.0,33.0
135.0982,2,rev,-95.0,12.2,5.528,5.169,24.0,0.0,0.0,31.0,-100.0,-100.0,-8.0,0.0,0.0,32.0,-100.0,-100.0,0.0,0.0,-0.0,31.0,23.867,-95.0,-56.0,6.0,-6.496,38.0,-90.45,-90.311,-16.0,0.0,-0.0,31.0,31.707,31.22,8.0,0.0,0.0,31.0,40.619,40.825,-8.0,0.0,-0.0,33.0
135.1499,2,rev,-95.0,12.2,5.528,5.169,24.0,0.0,0.0,31.0,-100.0,-100.0,-8.0,0.0,0.0,32.0,-100.0,-100.0,0.0,0.0,-0.0,31.0,23.733,-95.0,-56.0,6.0,-4.684,38.0,-90.45,-90.311,-16.0,0.0,-0.0,31.0,31.707,31.22,8.0,0.0,0.0,31.0,40.619,40.825,-8.0,0.0,-0.0,33.0
135.2023,2,rev,-95.0,12.2,5.528,5.169,24.0,0.0,0.0,31.0,-100.0,-100.0,-8.0,0.0,0.0,32.0,-100.0,-100.0,0.0,0.0,-0.0,31.0,23.333,-95.0,-56.0,6.0,-6.337,38.0,-90.45,-90.311,-16.0,0.0,-0.0,31.0,31.707,31.22,8.0,0.0,0.0,31.0,40.619,40.825,-8.0,0.0,-0.0,33.0
135.2543,2,rev,-95.0,12.2,5.528,5.169,24.0,0.0,0.0,31.0,-100.0,-100.0,-8.0,0.0,0.0,32.0,-100.0,-100.0,0.0,0.0,-0.0,31.0,22.933,-95.0,-56.0,6.0,-7.178,38.0,-90.45,-90.311,-16.0,0.0,-0.0,31.0,31.707,31.22,8.0,0.0,0.0,31.0,40.619,40.825,-8.0,0.0,-0.0,33.0
135.3072,2,rev,-95.0,12.2,5.528,5.169,24.0,0.0,0.0,31.0,-100.0,-100.0,-8.0,0.0,0.0,32.0,-100.0,-100.0,0.0,0.0,-0.0,31.0,22.8,-95.0,-56.0,6.0,-4.992,38.0,-90.45,-90.311,-16.0,0.0,-0.0,31.0,31.707,31.22,8.0,0.0,0.0,31.0,40.619,40.825,-8.0,0.0,-0.0,33.0
135.3606,2,rev,-95.0,12.2,5.528,5.169,24.0,0.0,0.0,31.0,-100.0,-100.0,-8.0,0.0,0.0,32.0,-100.0,-100.0,0.0,0.0,-0.0,31.0,22.667,-95.0,-56.0,6.0,-5.0,38.0,-90.45,-90.311,-16.0,0.0,-0.0,31.0,31.707,31.22,8.0,0.0,0.0,31.0,40.619,40.825,-8.0,0.0,-0.0,33.0
135.4135,2,rev,-95.0,12.2,5.528,5.169,24.0,0.0,0.0,31.0,-100.0,-100.0,-8.0,0.0,0.0,32.0,-100.0,-100.0,0.0,0.0,-0.0,31.0,22.267,-95.0,-56.0,6.0,-3.931,38.0,-90.45,-90.311,-16.0,0.0,-0.0,31.0,31.707,31.22,8.0,0.0,0.0,31.0,40.619,40.825,-8.0,0.0,-0.0,33.0
135.4657,2,rev,-95.0,12.2,5.528,5.169,24.0,0.0,0.0,31.0,-100.0,-100.0,-8.0,0.0,0.0,32.0,-100.0,-100.0,0.0,0.0,-0.0,31.0,22.0,-95.0,-56.0,6.0,-4.474,38.0,-90.45,-90.311,-16.0,0.0,-0.0,31.0,31.707,31.22,8.0,0.0,0.0,31.0,40.619,40.825,-8.0,0.0,-0.0,33.0
135.5196,2,rev,-95.0,12.2,5.528,5.169,24.0,0.0,0.0,31.0,-100.0,-100.0,-8.0,0.0,0.0,32.0,-100.0,-100.0,0.0,0.0,-0.0,31.0,21.733,-95.0,-56.0,6.0,-4.757,38.0,-90.45,-90.311,-16.0,0.0,-0.0,31.0,31.707,31.22,8.0,0.0,0.0,31.0,40.619,40.825,-8.0,0.0,-0.0,33.0
135.5724,2,rev,-95.0,12.2,5.528,5.169,24.0,0.0,0.0,31.0,-100.0,-100.0,-8.0,0.0,0.0,32.0,-100.0,-100.0,0.0,0.0,-0.0,31.0,21.467,-95.0,-56.0,6.0,-4.865,38.0,-90.45,-90.311,-16.0,0.0,-0.0,31.0,31.707,31.22,8.0,0.0,0.0,31.0,40.619,40.825,-8.0,0.0,-0.0,33.0
135.6255,2,rev,-95.0,12.2,5.528,5.169,24.0,0.0,0.0,31.0,-100.0,-100.0,-8.0,0.0,0.0,32.0,-100.0,-100.0,0.0,0.0,-0.0,31.0,21.333,-95.0,-56.0,6.0,-3.431,38.0,-90.45,-90.311,-16.0,0.0,-0.0,31.0,31.707,31.22,8.0,0.0,0.0,31.0,40.619,40.825,-8.0,0.0,-0.0,33.0
135.6777,2,rev,-95.0,12.2,5.528,5.169,24.0,0.0,0.0,31.0,-100.0,-100.0,-8.0,0.0,0.0,32.0,-100.0,-100.0,0.0,0.0,-0.0,31.0,20.933,-95.0,-56.0,6.0,-5.298,38.0,-90.45,-90.311,-16.0,0.0,-0.0,31.0,31.707,31.22,8.0,0.0,0.0,31.0,40.619,40.825,-8.0,0.0,-0.0,33.0
135.7306,2,rev,-95.0,12.2,5.528,5.169,24.0,0.0,0.0,31.0,-100.0,-100.0,-8.0,0.0,0.0,32.0,-100.0,-100.0,0.0,0.0,-0.0,31.0,20.667,-95.0,-56.0,6.0,-5.123,38.0,-90.45,-90.311,-16.0,0.0,-0.0,31.0,31.707,31.22,8.0,0.0,0.0,31.0,40.619,40.825,-8.0,0.0,-0.0,33.0
135.7843,2,rev,-95.0,12.2,5.528,5.169,24.0,0.0,0.0,31.0,-100.0,-100.0,-8.0,0.0,0.0,32.0,-100.0,-100.0,0.0,0.0,-0.0,31.0,20.533,-95.0,-56.0,6.0,-3.985,38.0,-90.45,-90.311,-16.0,0.0,-0.0,31.0,31.707,31.22,8.0,0.0,0.0,31.0,40.619,40.825,-8.0,0.0,-0.0,33.0
135.8376,2,rev,-95.0,12.2,5.528,5.169,24.0,0.0,0.0,31.0,-100.0,-100.0,-8.0,0.0,0.0,32.0,-100.0,-100.0,0.0,0.0,-0.0,31.0,20.133,-95.0,-56.0,6.0,-5.544,38.0,-90.45,-90.311,-16.0,0.0,-0.0,31.0,31.707,31.22,8.0,0.0,0.0,31.0,40.619,40.825,-8.0,0.0,-0.0,33.0
135.8908,2,rev,-95.0,12.2,5.528,5.169,24.0,0.0,0.0,31.0,-100.0,-100.0,-8.0,0.0,0.0,32.0,-100.0,-100.0,0.0,0.0,-0.0,31.0,19.867,-95.0,-56.0,6.0,-5.234,38.0,-90.45,-90.311,-16.0,0.0,-0.0,31.0,31.707,31.22,8.0,0.0,0.0,31.0,40.619,40.825,-8.0,0.0,-0.0,33.0
135.9444,2,rev,-95.0,12.2,5.528,5.169,24.0,0.0,0.0,31.0,-100.0,-100.0,-8.0,0.0,0.0,32.0,-100.0,-100.0,0.0,0.0,-0.0,31.0,19.867,-95.0,-48.0,3.0,-5.234,38.0,-90.45,-90.311,-16.0,1.0,-0.0,31.0,31.707,31.22,8.0,0.0,0.0,31.0,40.619,40.825,-8.0,0.0,-0.0,33.0
135.9978,2,rev,-95.0,12.2,5.528,5.169,24.0,0.0,0.0,31.0,-100.0,-100.0,-8.0,0.0,0.0,32.0,-100.0,-100.0,0.0,0.0,-0.0,31.0,19.6,-95.0,-48.0,3.0,-3.485,38.0,-90.45,-90.311,-16.0,1.0,-0.0,31.0,31.707,31.22,8.0,0.0,0.0,31.0,40.619,40.825,-8.0,0.0,-0.0,33.0
136.0515,2,rev,-95.0,12.2,5.528,5.169,24.0,0.0,0.0,31.0,-100.0,-100.0,-8.0,0.0,0.0,32.0,-100.0,-100.0,0.0,0.0,-0.0,31.0,19.067,-95.0,-48.0,3.0,-6.561,38.0,-90.45,-90.311,-16.0,1.0,-0.0,31.0,31.707,31.22,8.0,0.0,0.0,31.0,40.619,40.825,-8.0,0.0,-0.0,33.0
136.1049,2,rev,-95.0,12.2,5.528,5.169,24.0,0.0,0.0,31.0,-100.0,-100.0,-8.0,0.0,0.0,32.0,-100.0,-100.0,0.0,0.0,-0.0,31.0,18.933,-95.0,-48.0,3.0,-4.726,38.0,-90.45,-90.311,-16.0,1.0,-0.0,31.0,31.707,31.22,8.0,0.0,0.0,31.0,40.619,40.825,-8.0,0.0,-0.0,33.0
136.1582,2,rev,-95.0,12.2,5.528,5.169,24.0,0.0,0.0,31.0,-100.0,-100.0,-8.0,0.0,0.0,32.0,-100.0,-100.0,0.0,0.0,-0.0,31.0,18.667,-95.0,-48.0,3.0,-4.853,38.0,-90.45,-90.311,-16.0,1.0,-0.0,31.0,31.707,31.22,8.0,0.0,0.0,31.0,40.619,40.825,-8.0,0.0,-0.0,33.0
136.2099,2,rev,-95.0,12.2,5.528,5.169,24.0,0.0,0.0,31.0,-100.0,-100.0,-8.0,0.0,0.0,32.0,-100.0,-100.0,0.0,0.0,-0.0,31.0,18.4,-95.0,-48.0,3.0,-4.481,38.0,-90.45,-90.311,-16.0,1.0,-0.0,31.0,31.707,31.22,8.0,0.0,0.0,31.0,40.619,40.825,-8.0,0.0,-0.0,33.0
136.2635,2,rev,-95.0,12.2,5.528,5.169,24.0,0.0,0.0,31.0,-100.0,-100.0,-8.0,0.0,0.0,32.0,-100.0,-100.0,0.0,0.0,-0.0,31.0,18.133,-95.0,-48.0,3.0,-4.727,38.0,-90.45,-90.311,-16.0,1.0,-0.0,31.0,31.707,31.22,8.0,0.0,0.0,31.0,40.619,40.825,-8.0,0.0,-0.0,33.0
136.3158,2,rev,-95.0,12.2,5.528,5.169,24.0,0.0,0.0,31.0,-100.0,-100.0,-8.0,0.0,0.0,32.0,-100.0,-100.0,0.0,0.0,-0.0,31.0,18.0,-95.0,-48.0,3.0,-3.8,38.0,-90.45,-90.311,-16.0,1.0,-0.0,31.0,31.707,31.22,8.0,0.0,0.0,31.0,40.619,40.825,-8.0,0.0,-0.0,33.0
136.3691,2,rev,-95.0,12.2,5.528,5.169,24.0,0.0,0.0,31.0,-100.0,-100.0,-8.0,0.0,0.0,32.0,-100.0,-100.0,0.0,0.0,-0.0,31.0,17.6,-95.0,-48.0,3.0,-5.41,38.0,-90.45,-90.311,-16.0,1.0,-0.0,31.0,31.707,31.22,8.0,0.0,0.0,31.0,40.619,40.825,-8.0,0.0,-0.0,33.0
136.4223,2,rev,-95.0,12.2,5.528,5.169,24.0,0.0,0.0,31.0,-100.0,-100.0,-8.0,0.0,0.0,32.0,-100.0,-100.0,0.0,0.0,-0.0,31.0,17.333,-95.0,-48.0,3.0,-5.216,38.0,-90.45,-90.311,-16.0,1.0,-0.0,31.0,31.707,31.22,8.0,0.0,0.0,31.0,40.619,40.825,-8.0,0.0,-0.0,33.0
136.4754,2,rev,-95.0,12.2,5.528,5.169,24.0,0.0,0.0,31.0,-100.0,-100.0,-8.0,0.0,0.0,32.0,-100.0,-100.0,0.0,0.0,-0.0,31.0,17.067,-95.0,-48.0,3.0,-5.111,38.0,-90.45,-90.311,-16.0,1.0,-0.0,31.0,31.707,31.22,8.0,0.0,0.0,31.0,40.619,40.825,-8.0,0.0,-0.0,33.0
136.5296,2,rev,-95.0,12.2,5.528,5.169,24.0,0.0,0.0,31.0,-100.0,-100.0,-8.0,0.0,0.0,32.0,-100.0,-100.0,0.0,0.0,-0.0,31.0,16.8,-95.0,-56.0,6.0,-4.942,38.0,-90.45,-90.311,-16.0,0.0,-0.0,31.0,31.707,31.22,8.0,0.0,0.0,31.0,40.619,40.825,-8.0,0.0,-0.0,33.0
136.5825,2,rev,-95.0,12.2,5.528,5.169,24.0,0.0,0.0,31.0,-100.0,-100.0,-8.0,0.0,0.0,32.0,-100.0,-100.0,0.0,0.0,-0.0,31.0,16.667,-95.0,-56.0,6.0,-3.479,38.0,-90.45,-90.311,-16.0,0.0,-0.0,31.0,31.707,31.22,8.0,0.0,0.0,31.0,40.619,40.825,-8.0,0.0,-0.0,33.0
136.6344,2,rev,-95.0,12.2,5.528,5.169,24.0,0.0,0.0,31.0,-100.0,-100.0,-8.0,0.0,0.0,32.0,-100.0,-100.0,0.0,0.0,-0.0,31.0,16.133,-95.0,-56.0,6.0,-6.767,38.0,-90.45,-90.311,-16.0,0.0,-0.0,31.0,31.707,31.22,8.0,0.0,0.0,31.0,40.619,40.825,-8.0,0.0,-0.0,33.0
136.6873,2,rev,-95.0,12.2,5.528,5.169,24.0,0.0,0.0,31.0,-100.0,-100.0,-8.0,0.0,0.0,32.0,-100.0,-100.0,0.0,0.0,-0.0,31.0,15.867,-95.0,-56.0,6.0,-5.879,38.0,-90.45,-90.311,-16.0,0.0,-0.0,31.0,31.707,31.22,8.0,0.0,0.0,31.0,40.619,40.825,-8.0,0.0,-0.0,33.0
136.7398,2,rev,-95.0,12.2,5.528,5.169,24.0,0.0,0.0,31.0,-100.0,-100.0,-8.0,0.0,0.0,32.0,-100.0,-100.0,0.0,0.0,-0.0,31.0,15.467,-95.0,-56.0,6.0,-7.385,38.0,-90.45,-90.311,-16.0,0.0,-0.0,31.0,31.707,31.22,8.0,0.0,0.0,31.0,40.619,40.825,-8.0,0.0,-0.0,33.0
136.7932,2,rev,-95.0,12.2,5.528,5.169,24.0,0.0,0.0,31.0,-100.0,-100.0,-8.0,0.0,0.0,32.0,-100.0,-100.0,0.0,0.0,-0.0,31.0,15.2,-95.0,-56.0,6.0,-6.118,38.0,-90.45,-90.311,-16.0,0.0,-0.0,31.0,31.707,31.22,8.0,0.0,0.0,31.0,40.619,40.825,-8.0,0.0,-0.0,33.0
136.8464,2,rev,-95.0,12.2,5.528,5.169,24.0,0.0,0.0,31.0,-100.0,-100.0,-8.0,0.0,0.0,32.0,-100.0,-100.0,0.0,0.0,-0.0,31.0,15.067,-95.0,-56.0,6.0,-4.056,38.0,-90.45,-90.311,-16.0,0.0,-0.0,31.0,31.707,31.22,8.0,0.0,0.0,31.0,40.619,40.825,-8.0,0.0,-0.0,33.0
136.8999,2,rev,-95.0,12.2,5.528,5.169,24.0,0.0,0.0,31.0,-100.0,-100.0,-8.0,0.0,0.0,32.0,-100.0,-100.0,0.0,0.0,-0.0,31.0,14.933,-95.0,-56.0,6.0,-3.478,38.0,-90.45,-90.311,-16.0,0.0,-0.0,31.0,31.707,31.22,8.0,0.0,0.0,31.0,40.619,40.825,-8.0,0.0,-0.0,33.0
136.9526,2,rev,-95.0,12.2,5.528,5.169,24.0,0.0,0.0,31.0,-100.0,-100.0,-8.0,0.0,0.0,32.0,-100.0,-100.0,0.0,0.0,-0.0,31.0,14.533,-95.0,-56.0,6.0,-5.23,38.0,-90.45,-90.311,-16.0,0.0,-0.0,31.0,31.707,31.22,8.0,0.0,0.0,31.0,40.619,40.825,-8.0,0.0,-0.0,33.0
137.0058,2,rev,-95.0,12.2,5.528,5.169,24.0,0.0,0.0,31.0,-100.0,-100.0,-8.0,0.0,0.0,32.0,-100.0,-100.0,0.0,0.0,-0.0,31.0,14.4,-95.0,-56.0,6.0,-3.597,38.0,-90.45,-90.311,-16.0,0.0,-0.0,31.0,31.707,31.22,8.0,0.0,0.0,31.0,40.619,40.825,-8.0,0.0,-0.0,33.0
137.0593,2,rev,-95.0,12.2,5.528,5.169,24.0,0.0,0.0,31.0,-100.0,-100.0,-8.0,0.0,0.0,32.0,-100.0,-100.0,0.0,0.0,-0.0,31.0,14.267,-95.0,-56.0,6.0,-4.016,38.0,-90.45,-90.311,-16.0,0.0,-0.0,31.0,31.707,31.22,8.0,0.0,0.0,31.0,40.619,40.825,-8.0,0.0,-0.0,33.0
137.1124,2,rev,-95.0,12.1,5.528,5.169,24.0,0.0,0.0,31.0,-100.0,-100.0,-8.0,0.0,0.0,32.0,-100.0,-100.0,0.0,0.0,-0.0,31.0,14.0,-95.0,-40.0,2.0,-4.153,38.0,-90.45,-90.311,-16.0,1.0,-0.0,31.0,31.707,31.22,8.0,0.0,0.0,31.0,40.619,40.825,-8.0,0.0,-0.0,33.0
137.1661,2,rev,-95.0,12.1,5.528,5.169,24.0,0.0,0.0,31.0,-100.0,-100.0,-8.0,0.0,0.0,32.0,-100.0,-100.0,0.0,0.0,-0.0,31.0,13.733,-95.0,-40.0,2.0,-4.959,38.0,-90.45,-90.311,-16.0,1.0,-0.0,31.0,31.707,31.22,8.0,0.0,0.0,31.0,40.619,40.825,-8.0,0.0,-0.0,33.0
137.2186,2,rev,-95.0,12.1,5.528,5.169,24.0,0.0,0.0,31.0,-100.0,-100.0,-8.0,0.0,0.0,32.0,-100.0,-100.0,0.0,0.0,-0.0,31.0,13.467,-95.0,-40.0,2.0,-4.889,38.0,-90.45,-90.311,-16.0,1.0,-0.0,31.0,31.707,31.22,8.0,0.0,0.0,31.0,40.619,40.825,-8.0,0.0,-0.0,33.0
137.2712,2,rev,-95.0,12.1,5.528,5.169,24.0,0.0,0.0,31.0,-100.0,-100.0,-8.0,0.0,0.0,32.0,-100.0,-100.0,0.0,0.0,-0.0,31.0,13.2,-95.0,-40.0,2.0,-4.923,38.0,-90.45,-90.311,-16.0,1.0,-0.0,31.0,31.707,31.22,8.0,0.0,0.0,31.0,40.619,40.825,-8.0,0.0,-0.0,33.0
137.3238,2,rev,-95.0,12.1,5.528,5.169,24.0,0.0,0.0,31.0,-100.0,-100.0,-8.0,0.0,0.0,32.0,-100.0,-100.0,0.0,0.0,-0.0,31.0,12.8,-95.0,-40.0,2.0,-5.923,38.0,-90.45,-90.311,-16.0,1.0,-0.0,31.0,31.707,31.22,8.0,0.0,0.0,31.0,40.619,40.825,-8.0,0.0,-0.0,33.0
137.376,2,rev,-95.0,12.1,5.528,5.169,24.0,0.0,0.0,31.0,-100.0,-100.0,-8.0,0.0,0.0,32.0,-100.0,-100.0,0.0,0.0,-0.0,31.0,12.667,-95.0,-40.0,2.0,-3.951,38.0,-90.45,-90.311,-16.0,1.0,-0.0,31.0,31.707,31.22,8.0,0.0,0.0,31.0,40.619,40.825,-8.0,0.0,-0.0,33.0
137.4294,2,rev,-95.0,12.1,5.528,5.169,24.0,0.0,0.0,31.0,-100.0,-100.0,-8.0,0.0,0.0,32.0,-100.0,-100.0,0.0,0.0,-0.0,31.0,12.267,-95.0,-40.0,2.0,-5.526,38.0,-90.45,-90.311,-16.0,1.0,-0.0,31.0,31.707,31.22,8.0,0.0,0.0,31.0,40.619,40.825,-8.0,0.0,-0.0,33.0
137.4826,2,rev,-95.0,12.1,5.528,5.169,24.0,0.0,0.0,31.0,-100.0,-100.0,-8.0,0.0,0.0,32.0,-100.0,-100.0,0.0,0.0,-0.0,31.0,12.0,-95.0,-40.0,2.0,-5.247,38.0,-90.45,-90.311,-16.0,1.0,-0.0,31.0,31.707,31.22,8.0,0.0,0.0,31.0,40.619,40.825,-8.0,0.0,-0.0,33.0
137.5365,2,rev,-95.0,12.1,5.528,5.169,24.0,0.0,0.0,31.0,-100.0,-100.0,-8.0,0.0,0.0,32.0,-100.0,-100.0,0.0,0.0,-0.0,31.0,11.867,-95.0,-40.0,2.0,-4.077,38.0,-90.45,-90.311,-16.0,1.0,-0.0,31.0,31.707,31.22,8.0,0.0,0.0,31.0,40.619,40.825,-8.0,0.0,-0.0,33.0
137.5895,2,rev,-95.0,12.1,5.528,5.169,24.0,0.0,0.0,31.0,-100.0,-100.0,-8.0,0.0,0.0,32.0,-100.0,-100.0,0.0,0.0,-0.0,31.0,11.467,-95.0,-40.0,2.0,-6.039,38.0,-90.45,-90.311,-16.0,1.0,-0.0,31.0,31.707,31.22,8.0,0.0,0.0,31.0,40.619,40.825,-8.0,0.0,-0.0,33.0
137.6417,2,rev,-95.0,12.1,5.528,5.169,24.0,0.0,0.0,31.0,-100.0,-100.0,-8.0,0.0,0.0,32.0,-100.0,-100.0,0.0,0.0,-0.0,31.0,11.333,-95.0,-60.0,3.0,-5.725,38.0,-90.45,-90.311,-16.0,1.0,-0.0,31.0,31.707,31.22,8.0,0.0,0.0,31.0,40.619,40.825,-8.0,0.0,-0.0,33.0
137.6937,2,rev,-95.0,12.1,5.528,5.169,24.0,0.0,0.0,31.0,-100.0,-100.0,-8.0,0.0,0.0,32.0,-100.0,-100.0,0.0,0.0,-0.0,31.0,11.2,-95.0,-60.0,3.0,-3.29,38.0,-90.45,-90.311,-16.0,1.0,-0.0,31.0,31.707,31.22,8.0,0.0,0.0,31.0,40.619,40.825,-8.0,0.0,-0.0,33.0
137.7475,2,rev,-95.0,12.1,5.528,5.169,24.0,0.0,0.0,31.0,-100.0,-100.0,-8.0,0.0,0.0,32.0,-100.0,-100.0,0.0,0.0,-0.0,31.0,10.8,-95.0,-60.0,3.0,-5.216,38.0,-90.45,-90.311,-16.0,1.0,-0.0,31.0,31.707,31.22,8.0,0.0,0.0,31.0,40.619,40.825,-8.0,0.0,-0.0,33.0
137.8005,2,rev,-95.0,12.1,5.528,5.169,24.0,0.0,0.0,31.0,-100.0,-100.0,-8.0,0.0,0.0,32.0,-100.0,-100.0,0.0,0.0,-0.0,31.0,10.4,-95.0,-60.0,3.0,-6.627,38.0,-90.45,-90.311,-16.0,1.0,-0.0,31.0,31.707,31.22,8.0,0.0,0.0,31.0,40.619,40.825,-8.0,0.0,-0.0,33.0
137.8534,2,rev,-95.0,12.1,5.528,5.169,24.0,0.0,0.0,31.0,-100.0,-100.0,-8.0,0.0,0.0,32.0,-100.0,-100.0,0.0,0.0,-0.0,31.0,10.267,-95.0,-60.0,3.0,-4.744,38.0,-90.45,-90.311,-16.0,1.0,-0.0,31.0,31.707,31.22,8.0,0.0,0.0,31.0,40.619,40.825,-8.0,0.0,-0.0,33.0
137.9063,2,rev,-95.0,12.1,5.528,5.169,24.0,0.0,0.0,31.0,-100.0,-100.0,-8.0,0.0,0.0,32.0,-100.0,-100.0,0.0,0.0,-0.0,31.0,9.733,-95.0,-60.0,3.0,-7.419,38.0,-90.45,-90.311,-16.0,1.0,-0.0,31.0,31.707,31.22,8.0,0.0,0.0,31.0,40.619,40.825,-8.0,0.0,-0.0,33.0
137.9587,2,rev,-95.0,12.1,5.528,5.169,24.0,0.0,0.0,31.0,-100.0,-100.0,-8.0,0.0,0.0,32.0,-100.0,-100.0,0.0,0.0,-0.0,31.0,9.6,-95.0,-60.0,3.0,-5.128,38.0,-90.45,-90.311,-16.0,1.0,-0.0,31.0,31.707,31.22,8.0,0.0,0.0,31.0,40.619,40.825,-8.0,0.0,-0.0,33.0
138.0124,2,rev,-95.0,12.1,5.528,5.169,24.0,0.0,0.0,31.0,-100.0,-100.0,-8.0,0.0,0.0,32.0,-100.0,-100.0,0.0,0.0,-0.0,31.0,9.467,-95.0,-60.0,3.0,-3.555,38.0,-90.45,-90.311,-16.0,1.0,-0.0,31.0,31.707,31.22,8.0,0.0,0.0,31.0,40.619,40.825,-8.0,0.0,-0.0,33.0
138.0649,2,rev,-95.0,12.1,5.528,5.169,24.0,0.0,0.0,31.0,-100.0,-100.0,-8.0,0.0,0.0,32.0,-100.0,-100.0,0.0,0.0,-0.0,31.0,9.067,-95.0,-60.0,3.0,-5.747,38.0,-90.45,-90.311,-16.0,1.0,-0.0,31.0,31.707,31.22,8.0,0.0,0.0,31.0,40.619,40.825,-8.0,0.0,-0.0,33.0
138.1184,2,rev,-95.0,12.1,5.528,5.169,24.0,0.0,0.0,31.0,-100.0,-100.0,-8.0,0.0,0.0,32.0,-100.0,-100.0,0.0,0.0,-0.0,31.0,8.933,-95.0,-60.0,3.0,-3.866,38.0,-90.45,-90.311,-16.0,1.0,-0.0,31.0,31.707,31.22,8.0,0.0,0.0,31.0,40.619,40.825,-8.0,0.0,-0.0,33.0
138.1707,2,rev,-95.0,12.1,5.528,5.169,24.0,0.0,0.0,31.0,-100.0,-100.0,-8.0,0.0,0.0,32.0,-100.0,-100.0,0.0,0.0,-0.0,31.0,8.8,-95.0,-60.0,3.0,-4.216,38.0,-90.45,-90.311,-16.0,1.0,-0.0,31.0,31.707,31.22,8.0,0.0,0.0,31.0,40.619,40.825,-8.0,0.0,-0.0,33.0
138.2242,2,rev,-95.0,12.1,5.528,5.169,24.0,0.0,0.0,31.0,-100.0,-100.0,-8.0,0.0,0.0,32.0,-100.0,-100.0,0.0,0.0,-0.0,31.0,8.667,-95.0,-40.0,3.0,-4.276,38.0,-90.45,-90.311,-16.0,1.0,-0.0,31.0,31.707,31.22,8.0,0.0,0.0,31.0,40.619,40.825,-8.0,0.0,-0.0,33.0
138.277,2,rev,-95.0,12.1,5.528,5.169,24.0,0.0,0.0,31.0,-100.0,-100.0,-8.0,0.0,0.0,32.0,-100.0,-100.0,0.0,0.0,-0.0,31.0,8.267,-95.0,-40.0,3.0,-4.578,38.0,-90.45,-90.311,-16.0,1.0,-0.0,31.0,31.707,31.22,8.0,0.0,0.0,31.0,40.619,40.825,-8.0,0.0,-0.0,33.0
138.3301,2,rev,-95.0,12.1,5.528,5.169,24.0,0.0,0.0,31.0,-100.0,-100.0,-8.0,0.0,0.0,32.0,-100.0,-100.0,0.0,0.0,-0.0,31.0,8.0,-95.0,-40.0,3.0,-4.69,38.0,-90.45,-90.311,-16.0,1.0,-0.0,31.0,31.707,31.22,8.0,0.0,0.0,31.0,40.619,40.825,-8.0,0.0,-0.0,33.0
138.3822,2,rev,-95.0,12.1,5.528,5.169,24.0,0.0,0.0,31.0,-100.0,-100.0,-8.0,0.0,0.0,32.0,-100.0,-100.0,0.0,0.0,-0.0,31.0,7.6,-95.0,-40.0,3.0,-6.33,38.0,-90.45,-90.311,-16.0,1.0,-0.0,31.0,31.707,31.22,8.0,0.0,0.0,31.0,40.619,40.825,-8.0,0.0,-0.0,33.0
138.4351,2,rev,-95.0,12.1,5.528,5.169,24.0,0.0,0.0,31.0,-100.0,-100.0,-8.0,0.0,0.0,32.0,-100.0,-100.0,0.0,0.0,-0.0,31.0,7.333,-95.0,-40.0,3.0,-5.637,38.0,-90.45,-90.311,-16.0,1.0,-0.0,31.0,31.707,31.22,8.0,0.0,0.0,31.0,40.619,40.825,-8.0,0.0,-0.0,33.0
138.4884,2,rev,-95.0,12.1,5.528,5.169,24.0,0.0,0.0,31.0,-100.0,-100.0,-8.0,0.0,0.0,32.0,-100.0,-100.0,0.0,0.0,-0.0,31.0,7.067,-95.0,-40.0,3.0,-5.326,38.0,-90.45,-90.311,-16.0,1.0,-0.0,31.0,31.707,31.22,8.0,0.0,0.0,31.0,40.619,40.825,-8.0,0.0,-0.0,33.0
138.5422,2,rev,-95.0,12.1,5.528,5.169,24.0,0.0,0.0,31.0,-100.0,-100.0,-8.0,0.0,0.0,32.0,-100.0,-100.0,0.0,0.0,-0.0,31.0,6.667,-95.0,-40.0,3.0,-6.186,38.0,-90.381,-90.311,-16.0,1.0,0.778,31.0,31.707,31.22,8.0,0.0,0.0,31.0,40.619,40.825,-8.0,0.0,-0.0,33.0
138.5943,2,rev,-95.0,12.1,5.528,5.169,24.0,0.0,0.0,31.0,-100.0,-100.0,-8.0,0.0,0.0,32.0,-100.0,-100.0,0.0,0.0,-0.0,31.0,6.533,-95.0,-40.0,3.0,-4.513,38.0,-90.381,-90.311,-16.0,1.0,0.381,31.0,31.707,31.22,8.0,0.0,0.0,31.0,40.619,40.825,-8.0,0.0,-0.0,33.0
138.6466,2,rev,-95.0,12.1,5.528,5.169,24.0,0.0,0.0,31.0,-100.0,-100.0,-8.0,0.0,0.0,32.0,-100.0,-100.0,0.0,0.0,-0.0,31.0,6.267,-95.0,-40.0,3.0,-4.768,38.0,-90.381,-90.311,-16.0,1.0,0.187,31.0,31.707,31.22,8.0,0.0,0.0,31.0,40.619,40.825,-8.0,0.0,-0.0,33.0
138.6985,2,rev,-95.0,12.1,5.528,5.169,24.0,0.0,0.0,31.0,-100.0,-100.0,-8.0,0.0,0.0,32.0,-100.0,-100.0,0.0,0.0,-0.0,31.0,5.867,-95.0,-40.0,3.0,-5.959,38.0,-90.381,-90.311,-16.0,1.0,0.092,31.0,31.707,31.22,8.0,0.0,0.0,31.0,40.619,40.825,-8.0,0.0,-0.0,33.0
138.7516,2,rev,-95.0,12.1,5.528,5.169,24.0,0.0,0.0,31.0,-100.0,-100.0,-8.0,0.0,0.0,32.0,-100.0,-100.0,0.0,0.0,-0.0,31.0,5.733,-95.0,-40.0,3.0,-3.934,38.0,-90.381,-90.311,-16.0,1.0,0.045,31.0,31.707,31.22,8.0,0.0,0.0,31.0,40.619,40.825,-8.0,0.0,-0.0,33.0
138.8049,2,rev,-95.0,12.2,5.528,5.169,24.0,0.0,0.0,31.0,-100.0,-100.0,-8.0,0.0,0.0,32.0,-100.0,-100.0,0.0,0.0,-0.0,31.0,5.6,-95.0,-40.0,3.0,-3.421,38.0,-90.381,-90.311,-8.0,0.0,0.031,31.0,31.707,31.22,8.0,0.0,0.0,31.0,40.619,40.825,-8.0,0.0,-0.0,33.0
138.8584,2,rev,-95.0,12.2,5.528,5.169,24.0,0.0,0.0,31.0,-100.0,-100.0,-8.0,0.0,0.0,32.0,-100.0,-100.0,0.0,0.0,-0.0,31.0,5.2,-95.0,-40.0,3.0,-5.614,38.0,-90.381,-90.311,-8.0,0.0,0.015,31.0,31.707,31.22,8.0,0.0,0.0,31.0,40.619,40.825,-8.0,0.0,-0.0,33.0
138.9122,2,rev,-95.0,12.2,5.528,5.169,24.0,0.0,0.0,31.0,-100.0,-100.0,-8.0,0.0,0.0,32.0,-100.0,-100.0,0.0,0.0,-0.0,31.0,4.933,-95.0,-40.0,3.0,-5.283,38.0,-90.381,-90.311,-8.0,0.0,0.008,31.0,31.707,31.22,8.0,0.0,0.0,31.0,40.619,40.825,-8.0,0.0,-0.0,33.0
138.9649,2,rev,-95.0,12.2,5.528,5.169,24.0,0.0,0.0,31.0,-100.0,-100.0,-8.0,0.0,0.0,32.0,-100.0,-100.0,0.0,0.0,-0.0,31.0,4.667,-95.0,-40.0,3.0,-5.103,38.0,-90.381,-90.311,-8.0,0.0,0.004,31.0,31.707,31.22,8.0,0.0,0.0,31.0,40.619,40.825,-8.0,0.0,-0.0,33.0
139.0181,2,rev,-95.0,12.2,5.528,5.169,24.0,0.0,0.0,31.0,-100.0,-100.0,-8.0,0.0,0.0,32.0,-100.0,-100.0,0.0,0.0,-0.0,31.0,4.267,-95.0,-40.0,3.0,-6.55,38.0,-90.381,-90.311,-8.0,0.0,0.002,31.0,31.707,31.22,8.0,0.0,0.0,31.0,40.619,40.825,-8.0,0.0,-0.0,33.0
139.0716,2,rev,-95.0,12.2,5.528,5.169,24.0,0.0,0.0,31.0,-100.0,-100.0,-8.0,0.0,0.0,32.0,-100.0,-100.0,0.0,0.0,-0.0,31.0,4.267,-95.0,-40.0,3.0,-4.585,38.0,-90.381,-90.311,-8.0,0.0,0.001,31.0,31.707,31.22,8.0,0.0,0.0,31.0,40.619,40.825,-8.0,0.0,-0.0,33.0
139.125,2,rev,-95.0,12.2,5.528,5.169,24.0,0.0,0.0,31.0,-100.0,-100.0,-8.0,0.0,0.0,32.0,-100.0,-100.0,0.0,0.0,-0.0,31.0,3.867,-95.0,-40.0,3.0,-6.184,38.0,-90.381,-90.311,-8.0,0.0,0.001,31.0,31.707,31.22,8.0,0.0,0.0,31.0,40.619,40.825,-8.0,0.0,-0.0,33.0
139.1785,2,rev,-95.0,12.2,5.528,5.169,24.0,0.0,0.0,31.0,-100.0,-100.0,-8.0,0.0,0.0,32.0,-100.0,-100.0,0.0,0.0,-0.0,31.0,3.733,-95.0,-40.0,3.0,-3.963,38.0,-90.381,-90.311,-8.0,0.0,0.0,31.0,31.707,31.22,8.0,0.0,0.0,31.0,40.619,40.825,-8.0,0.0,-0.0,33.0
139.2315,2,rev,-95.0,12.2,5.528,5.169,24.0,0.0,0.0,31.0,-100.0,-100.0,-8.0,0.0,0.0,32.0,-100.0,-100.0,0.0,0.0,-0.0,31.0,3.467,-95.0,-40.0,3.0,-4.052,38.0,-90.381,-90.311,-8.0,0.0,0.0,31.0,31.707,31.22,8.0,0.0,0.0,31.0,40.619,40.825,-8.0,0.0,-0.0,33.0
139.2838,2,rev,-95.0,12.2,5.528,5.169,24.0,0.0,0.0,31.0,-100.0,-100.0,-8.0,0.0,0.0,32.0,-100.0,-100.0,0.0,0.0,-0.0,31.0,3.067,-95.0,-40.0,3.0,-6.02,38.0,-90.381,-90.311,-8.0,0.0,0.0,31.0,31.707,31.22,8.0,0.0,0.0,31.0,40.619,40.825,-8.0,0.0,-0.0,33.0
139.3375,2,rev,-95.0,12.2,5.528,5.169,24.0,0.0,0.0,31.0,-100.0,-100.0,-8.0,0.0,0.0,32.0,-100.0,-100.0,0.0,0.0,-0.0,31.0,2.8,-95.0,-40.0,3.0,-5.397,38.0,-90.381,-90.311,-8.0,0.0,0.0,31.0,31.707,31.22,8.0,0.0,0.0,31.0,40.619,40.825,-8.0,0.0,-0.0,33.0
139.3909,2,rev,-95.0,12.2,5.528,5.169,24.0,0.0,0.0,31.0,-100.0,-100.0,-8.0,0.0,0.0,32.0,-100.0,-100.0,0.0,0.0,-0.0,31.0,2.533,-95.0,-48.0,5.0,-5.108,38.0,-90.381,-90.311,-8.0,0.0,0.0,31.0,31.707,31.22,8.0,0.0,0.0,31.0,40.619,40.825,-8.0,0.0,-0.0,33.0
139.4433,2,rev,-95.0,12.2,5.528,5.169,24.0,0.0,0.0,31.0,-100.0,-100.0,-8.0,0.0,0.0,32.0,-100.0,-100.0,0.0,0.0,-0.0,31.0,2.267,-95.0,-48.0,5.0,-5.443,38.0,-90.381,-90.311,-8.0,0.0,0.0,31.0,31.707,31.22,8.0,0.0,0.0,31.0,40.619,40.825,-8.0,0.0,-0.0,33.0
139.4966,2,rev,-95.0,12.2,5.528,5.169,24.0,0.0,0.0,31.0,-100.0,-100.0,-8.0,0.0,0.0,32.0,-100.0,-100.0,0.0,0.0,-0.0,31.0,2.0,-95.0,-48.0,5.0,-5.209,38.0,-90.381,-90.311,-8.0,0.0,0.0,31.0,31.707,31.22,8.0,0.0,0.0,31.0,40.619,40.825,-8.0,0.0,-0.0,33.0
139.5505,2,rev,-95.0,12.2,5.528,5.169,24.0,0.0,0.0,31.0,-100.0,-100.0,-8.0,0.0,0.0,32.0,-100.0,-100.0,0.0,0.0,-0.0,31.0,1.867,-95.0,-48.0,5.0,-3.608,38.0,-90.381,-90.311,-8.0,0.0,0.0,31.0,31.707,31.22,8.0,0.0,0.0,31.0,40.619,40.825,-8.0,0.0,-0.0,33.0
139.6035,2,rev,-95.0,12.2,5.528,5.169,24.0,0.0,0.0,31.0,-100.0,-100.0,-8.0,0.0,0.0,32.0,-100.0,-100.0,0.0,0.0,-0.0,31.0,1.467,-95.0,-48.0,5.0,-5.294,38.0,-90.381,-90.311,-8.0,0.0,0.0,31.0,31.707,31.22,8.0,0.0,0.0,31.0,40.619,40.825,-8.0,0.0,-0.0,33.0
139.6569,2,rev,-95.0,12.2,5.528,5.169,24.0,0.0,0.0,31.0,-100.0,-100.0,-8.0,0.0,0.0,32.0,-100.0,-100.0,0.0,0.0,-0.0,31.0,1.2,-95.0,-48.0,5.0,-5.086,38.0,-90.381,-90.311,-8.0,0.0,0.0,31.0,31.707,31.22,8.0,0.0,0.0,31.0,40.619,40.825,-8.0,0.0,-0.0,33.0
139.71,2,rev,-95.0,12.2,5.528,5.169,24.0,0.0,0.0,31.0,-100.0,-100.0,-8.0,0.0,0.0,32.0,-100.0,-100.0,0.0,0.0,-0.0,31.0,1.067,-95.0,-48.0,5.0,-3.544,38.0,-90.381,-90.311,-8.0,0.0,0.0,31.0,31.707,31.22,8.0,0.0,0.0,31.0,40.619,40.825,-8.0,0.0,-0.0,33.0
139.7631,2,rev,-95.0,12.2,5.528,5.169,24.0,0.0,0.0,31.0,-100.0,-100.0,-8.0,0.0,0.0,32.0,-100.0,-100.0,0.0,0.0,-0.0,31.0,0.667,-95.0,-48.0,5.0,-5.772,38.0,-90.381,-90.311,-8.0,0.0,0.0,31.0,31.707,31.22,8.0,0.0,0.0,31.0,40.619,40.825,-8.0,0.0,-0.0,33.0
139.8162,2,rev,-95.0,12.2,5.528,5.169,24.0,0.0,0.0,31.0,-100.0,-100.0,-8.0,0.0,0.0,32.0,-100.0,-100.0,0.0,0.0,-0.0,31.0,0.4,-95.0,-48.0,5.0,-5.347,38.0,-90.381,-90.311,-8.0,0.0,0.0,31.0,31.707,31.22,8.0,0.0,0.0,31.0,40.619,40.825,-8.0,0.0,-0.0,33.0
139.8693,2,rev,-95.0,12.2,5.528,5.169,24.0,0.0,0.0,31.0,-100.0,-100.0,-8.0,0.0,0.0,32.0,-100.0,-100.0,0.0,0.0,-0.0,31.0,0.133,-95.0,-48.0,5.0,-5.174,38.0,-90.381,-90.311,-8.0,0.0,0.0,31.0,31.707,31.22,8.0,0.0,0.0,31.0,40.619,40.825,-8.0,0.0,-0.0,33.0
139.9224,2,rev,-95.0,12.2,5.528,5.169,24.0,0.0,0.0,31.0,-100.0,-100.0,-8.0,0.0,0.0,32.0,-100.0,-100.0,0.0,0.0,-0.0,31.0,0.0,-95.0,-40.0,3.0,-5.11,38.0,-90.381,-90.311,-8.0,0.0,0.0,31.0,31.707,31.22,8.0,0.0,0.0,31.0,40.619,40.825,-8.0,0.0,-0.0,33.0
139.9755,2,rev,-95.0,12.2,5.528,5.169,24.0,0.0,0.0,31.0,-100.0,-100.0,-8.0,0.0,0.0,32.0,-100.0,-100.0,0.0,0.0,-0.0,31.0,-0.267,-95.0,-40.0,3.0,-3.493,38.0,-90.381,-90.311,-8.0,0.0,0.0,31.0,31.707,31.22,8.0,0.0,0.0,31.0,40.619,40.825,-8.0,0.0,-0.0,33.0
140.0276,2,rev,-95.0,12.2,5.528,5.169,24.0,0.0,0.0,31.0,-100.0,-100.0,-8.0,0.0,0.0,32.0,-100.0,-100.0,0.0,0.0,-0.0,31.0,-0.4,-95.0,-40.0,3.0,-3.939,38.0,-90.381,-90.311,-8.0,0.0,0.0,31.0,31.707,31.22,8.0,0.0,0.0,31.0,40.619,40.825,-8.0,0.0,-0.0,33.0
140.081,2,rev,-95.0,12.2,5.528,5.169,24.0,0.0,0.0,31.0,-100.0,-100.0,-8.0,0.0,0.0,32.0,-100.0,-100.0,0.0,0.0,-0.0,31.0,-0.8,-95.0,-40.0,3.0,-5.841,38.0,-90.381,-90.311,-8.0,0.0,0.0,31.0,31.707,31.22,8.0,0.0,0.0,31.0,40.619,40.825,-8.0,0.0,-0.0,33.0
140.1336,2,rev,-95.0,12.2,5.528,5.169,24.0,0.0,0.0,31.0,-100.0,-100.0,-8.0,0.0,0.0,32.0,-100.0,-100.0,0.0,0.0,-0.0,31.0,-1.067,-95.0,-40.0,3.0,-5.814,38.0,-90.381,-90.311,-8.0,0.0,0.0,31.0,31.707,31.22,8.0,0.0,0.0,31.0,40.619,40.825,-8.0,0.0,-0.0,33.0
140.1862,2,rev,-95.0,12.2,5.528,5.169,24.0,0.0,0.0,31.0,-100.0,-100.0,-8.0,0.0,0.0,32.0,-100.0,-100.0,0.0,0.0,-0.0,31.0,-1.333,-95.0,-40.0,3.0,-5.827,38.0,-90.381,-90.311,-8.0,0.0,0.0,31.0,31.707,31.22,8.0,0.0,0.0,31.0,40.619,40.825,-8.0,0.0,-0.0,33.0
140.2396,2,rev,-95.0,12.2,5.528,5.169,24.0,0.0,0.0,31.0,-100.0,-100.0,-8.0,0.0,0.0,32.0,-100.0,-100.0,0.0,0.0,-0.0,31.0,-1.6,-95.0,-40.0,3.0,-5.403,38.0,-90.381,-90.311,-8.0,0.0,0.0,31.0,31.707,31.22,8.0,0.0,0.0,31.0,40.619,40.825,-8.0,0.0,-0.0,33.0
140.2931,2,rev,-95.0,12.2,5.528,5.169,24.0,0.0,0.0,31.0,-100.0,-100.0,-8.0,0.0,0.0,32.0,-100.0,-100.0,0.0,0.0,-0.0,31.0,-1.867,-95.0,-40.0,3.0,-5.173,38.0,-90.381,-90.311,-8.0,0.0,0.0,31.0,31.707,31.22,8.0,0.0,0.0,31.0,40.619,40.825,-8.0,0.0,-0.0,33.0
140.3461,2,rev,-95.0,12.2,5.528,5.169,24.0,0.0,0.0,31.0,-100.0,-100.0,-8.0,0.0,0.0,32.0,-100.0,-100.0,0.0,0.0,-0.0,31.0,-2.0,-95.0,-40.0,3.0,-4.022,38.0,-90.381,-90.311,-8.0,0.0,0.0,31.0,31.707,31.22,8.0,0.0,0.0,31.0,40.619,40.825,-8.0,0.0,-0.0,33.0
140.3994,2,rev,-95.0,12.2,5.528,5.169,24.0,0.0,0.0,31.0,-100.0,-100.0,-8.0,0.0,0.0,32.0,-100.0,-100.0,0.0,0.0,-0.0,31.0,-2.4,-95.0,-40.0,3.0,-5.51,38.0,-90.381,-90.311,-8.0,0.0,0.0,31.0,31.707,31.22,8.0,0.0,0.0,31.0,40.619,40.825,-8.0,0.0,-0.0,33.0
140.4517,2,rev,-95.0,12.2,5.528,5.169,24.0,0.0,0.0,31.0,-100.0,-100.0,-8.0,0.0,0.0,32.0,-100.0,-100.0,0.0,0.0,-0.0,31.0,-2.8,-95.0,-40.0,3.0,-6.255,38.0,-90.381,-90.311,-8.0,0.0,0.0,31.0,31.707,31.22,8.0,0.0,0.0,31.0,40.619,40.825,-8.0,0.0,-0.0,33.0
140.505,2,rev,-95.0,12.2,5.528,5.169,24.0,0.0,0.0,31.0,-100.0,-100.0,-8.0,0.0,0.0,32.0,-100.0,-100.0,0.0,0.0,-0.0,31.0,-2.8,-95.0,-40.0,3.0,-4.379,38.0,-90.381,-90.311,-8.0,0.0,0.0,31.0,31.707,31.22,8.0,0.0,0.0,31.0,40.619,40.825,-8.0,0.0,-0.0,33.0
140.559,2,rev,-95.0,12.2,5.528,5.169,24.0,0.0,0.0,31.0,-100.0,-100.0,-8.0,0.0,0.0,32.0,-100.0,-100.0,0.0,0.0,-0.0,31.0,-3.2,-95.0,-40.0,3.0,-3.621,38.0,-90.381,-90.311,-8.0,0.0,0.0,31.0,31.707,31.22,8.0,0.0,0.0,31.0,40.619,40.825,-8.0,0.0,-0.0,33.0
140.612,2,rev,-95.0,12.2,5.528,5.169,24.0,0.0,0.0,31.0,-100.0,-100.0,-8.0,0.0,0.0,32.0,-100.0,-100.0,0.0,0.0,-0.0,31.0,-3.467,-95.0,-40.0,3.0,-3.875,38.0,-90.381,-90.311,-8.0,0.0,0.0,31.0,31.707,31.22,8.0,0.0,0.0,31.0,40.619,40.825,-8.0,0.0,-0.0,33.0
140.6642,2,rev,-95.0,12.2,5.528,5.169,24.0,0.0,0.0,31.0,-100.0,-100.0,-8.0,0.0,0.0,32.0,-100.0,-100.0,0.0,0.0,-0.0,31.0,-3.733,-95.0,-40.0,3.0,-4.441,38.0,-90.381,-90.311,-8.0,0.0,0.0,31.0,31.707,31.22,8.0,0.0,0.0,31.0,40.619,40.825,-8.0,0.0,-0.0,33.0
140.7166,2,rev,-95.0,12.2,5.528,5.169,24.0,0.0,0.0,31.0,-100.0,-100.0,-8.0,0.0,0.0,32.0,-100.0,-100.0,0.0,0.0,-0.0,31.0,-4.133,-95.0,-40.0,3.0,-5.719,38.0,-90.381,-90.311,-8.0,0.0,0.0,31.0,31.707,31.22,8.0,0.0,0.0,31.0,40.619,40.825,-8.0,0.0,-0.0,33.0
140.7687,2,rev,-95.0,12.2,5.528,5.169,24.0,0.0,0.0,31.0,-100.0,-100.0,-8.0,0.0,0.0,32.0,-100.0,-100.0,0.0,0.0,-0.0,31.0,-4.267,-95.0,-40.0,3.0,-3.864,38.0,-90.381,-90.311,-8.0,0.0,0.0,31.0,31.707,31.22,8.0,0.0,0.0,31.0,40.619,40.825,-8.0,0.0,-0.0,33.0
140.8207,2,rev,-95.0,12.2,5.528,5.169,24.0,0.0,0.0,31.0,-100.0,-100.0,-8.0,0.0,0.0,32.0,-100.0,-100.0,0.0,0.0,-0.0,31.0,-4.533,-95.0,-40.0,3.0,-3.997,38.0,-90.381,-90.311,-8.0,0.0,0.0,31.0,31.707,31.22,8.0,0.0,0.0,31.0,40.619,40.825,-8.0,0.0,-0.0,33.0
140.8737,2,rev,-95.0,12.2,5.528,5.169,24.0,0.0,0.0,31.0,-100.0,-100.0,-8.0,0.0,0.0,32.0,-100.0,-100.0,0.0,0.0,-0.0,31.0,-4.933,-95.0,-40.0,3.0,-5.562,38.0,-90.381,-90.311,-8.0,0.0,0.0,31.0,31.707,31.22,8.0,0.0,0.0,31.0,40.619,40.825,-8.0,0.0,-0.0,33.0
140.9269,2,rev,-95.0,12.2,5.528,5.169,24.0,0.0,0.0,31.0,-100.0,-100.0,-8.0,0.0,0.0,32.0,-100.0,-100.0,0.0,0.0,-0.0,31.0,-5.067,-95.0,-40.0,3.0,-4.234,38.0,-90.381,-90.311,-8.0,0.0,0.0,31.0,31.707,31.22,8.0,0.0,0.0,31.0,40.619,40.825,-8.0,0.0,-0.0,33.0
140.9799,2,rev,-95.0,12.2,5.528,5.169,24.0,0.0,0.0,31.0,-100.0,-100.0,-8.0,0.0,0.0,32.0,-100.0,-100.0,0.0,0.0,-0.0,31.0,-5.467,-95.0,-40.0,3.0,-6.098,38.0,-90.381,-90.311,-8.0,0.0,0.0,31.0,31.707,31.22,8.0,0.0,0.0,31.0,40.619,40.825,-8.0,0.0,-0.0,33.0
141.0335,2,rev,-95.0,12.2,5.528,5.169,24.0,0.0,0.0,31.0,-100.0,-100.0,-8.0,0.0,0.0,32.0,-100.0,-100.0,0.0,0.0,-0.0,31.0,-5.733,-95.0,-40.0,3.0,-5.547,38.0,-90.381,-90.311,-8.0,0.0,0.0,31.0,31.707,31.22,8.0,0.0,0.0,31.0,40.619,40.825,-8.0,0.0,-0.0,33.0
141.0869,2,rev,-95.0,12.2,5.528,5.169,24.0,0.0,0.0,31.0,-100.0,-100.0,-8.0,0.0,0.0,32.0,-100.0,-100.0,0.0,0.0,-0.0,31.0,-5.733,-95.0,-40.0,3.0,-5.547,38.0,-90.381,-90.311,-8.0,0.0,0.0,31.0,31.707,31.22,8.0,0.0,0.0,31.0,40.619,40.825,-8.0,0.0,-0.0,33.0
141.1408,2,rev,-95.0,12.2,5.528,5.169,24.0,0.0,0.0,31.0,-100.0,-100.0,-8.0,0.0,0.0,32.0,-100.0,-100.0,0.0,0.0,-0.0,31.0,-6.0,-95.0,-40.0,3.0,-4.649,38.0,-90.381,-90.311,-8.0,0.0,0.0,31.0,31.707,31.22,8.0,0.0,0.0,31.0,40.619,40.825,-8.0,0.0,-0.0,33.0
141.194,2,rev,-95.0,12.2,5.528,5.169,24.0,0.0,0.0,31.0,-100.0,-100.0,-8.0,0.0,0.0,32.0,-100.0,-100.0,0.0,0.0,-0.0,31.0,-6.4,-95.0,-40.0,3.0,-5.581,38.0,-90.381,-90.311,-8.0,0.0,0.0,31.0,31.707,31.22,8.0,0.0,0.0,31.0,40.619,40.825,-8.0,0.0,-0.0,33.0
141.2474,2,rev,-95.0,12.2,5.528,5.169,24.0,0.0,0.0,31.0,-100.0,-100.0,-8.0,0.0,0.0,32.0,-100.0,-100.0,0.0,0.0,-0.0,31.0,-6.533,-95.0,-40.0,3.0,-3.788,38.0,-90.381,-90.311,-8.0,0.0,0.0,31.0,31.707,31.22,8.0,0.0,0.0,31.0,40.619,40.825,-8.0,0.0,-0.0,33.0
141.2997,2,rev,-95.0,12.2,5.528,5.169,24.0,0.0,0.0,31.0,-100.0,-100.0,-8.0,0.0,0.0,32.0,-100.0,-100.0,0.0,0.0,-0.0,31.0,-6.8,-95.0,-40.0,3.0,-4.864,38.0,-90.381,-90.311,-8.0,0.0,0.0,31.0,31.707,31.22,8.0,0.0,0.0,31.0,40.619,40.825,-8.0,0.0,-0.0,33.0
141.3517,2,rev,-95.0,12.2,5.528,5.169,24.0,0.0,0.0,31.0,-100.0,-100.0,-8.0,0.0,0.0,32.0,-100.0,-100.0,0.0,0.0,-0.0,31.0,-7.2,-95.0,-40.0,3.0,-5.96,38.0,-90.381,-90.311,-8.0,0.0,0.0,31.0,31.707,31.22,8.0,0.0,0.0,31.0,40.619,40.825,-8.0,0.0,-0.0,33.0
141.4031,2,rev,-95.0,12.2,5.528,5.169,24.0,0.0,0.0,31.0,-100.0,-100.0,-8.0,0.0,0.0,32.0,-100.0,-100.0,0.0,0.0,-0.0,31.0,-7.333,-95.0,-40.0,3.0,-3.954,38.0,-90.381,-90.311,-8.0,0.0,0.0,31.0,31.707,31.22,8.0,0.0,0.0,31.0,40.619,40.825,-8.0,0.0,-0.0,33.0
141.4556,2,rev,-95.0,12.2,5.528,5.169,24.0,0.0,0.0,31.0,-100.0,-100.0,-8.0,0.0,0.0,32.0,-100.0,-100.0,0.0,0.0,-0.0,31.0,-7.733,-95.0,-40.0,3.0,-5.922,38.0,-90.381,-90.311,-8.0,0.0,0.0,31.0,31.707,31.22,8.0,0.0,0.0,31.0,40.619,40.825,-8.0,0.0,-0.0,33.0
141.508,2,rev,-95.0,12.2,5.528,5.169,24.0,0.0,0.0,31.0,-100.0,-100.0,-8.0,0.0,0.0,32.0,-100.0,-100.0,0.0,0.0,-0.0,31.0,-8.0,-95.0,-40.0,3.0,-5.437,38.0,-90.381,-90.311,-8.0,0.0,0.0,31.0,31.707,31.22,8.0,0.0,0.0,31.0,40.619,40.825,-8.0,0.0,-0.0,33.0
141.5622,2,rev,-95.0,12.2,5.528,5.169,24.0,0.0,0.0,31.0,-100.0,-100.0,-8.0,0.0,0.0,32.0,-100.0,-100.0,0.0,0.0,-0.0,31.0,-8.133,-95.0,-40.0,3.0,-4.161,38.0,-90.381,-90.311,-8.0,0.0,0.0,31.0,31.707,31.22,8.0,0.0,0.0,31.0,40.619,40.825,-8.0,0.0,-0.0,33.0
141.6155,2,rev,-95.0,12.2,5.528,5.169,24.0,0.0,0.0,31.0,-100.0,-100.0,-8.0,0.0,0.0,32.0,-100.0,-100.0,0.0,0.0,-0.0,31.0,-8.533,-95.0,-40.0,3.0,-6.119,38.0,-90.381,-90.311,-8.0,0.0,0.0,31.0,31.707,31.22,8.0,0.0,0.0,31.0,40.619,40.825,-8.0,0.0,-0.0,33.0
141.6677,2,rev,-95.0,12.2,5.528,5.169,24.0,0.0,0.0,31.0,-100.0,-100.0,-8.0,0.0,0.0,32.0,-100.0,-100.0,0.0,0.0,-0.0,31.0,-8.8,-95.0,-40.0,3.0,-5.614,38.0,-90.381,-90.311,-8.0,0.0,0.0,31.0,31.707,31.22,8.0,0.0,0.0,31.0,40.619,40.825,-8.0,0.0,-0.0,33.0
141.7205,2,rev,-95.0,12.2,5.528,5.169,24.0,0.0,0.0,31.0,-100.0,-100.0,-8.0,0.0,0.0,32.0,-100.0,-100.0,0.0,0.0,-0.0,31.0,-8.8,-95.0,-40.0,3.0,-3.93,38.0,-90.381,-90.311,-8.0,0.0,0.0,31.0,31.707,31.22,8.0,0.0,0.0,31.0,40.619,40.825,-8.0,0.0,-0.0,33.0
141.7742,2,rev,-95.0,12.2,5.528,5.169,24.0,0.0,0.0,31.0,-100.0,-100.0,-8.0,0.0,0.0,32.0,-100.0,-100.0,0.0,0.0,-0.0,31.0,-9.2,-95.0,-40.0,3.0,-5.869,38.0,-90.381,-90.311,-8.0,0.0,0.0,31.0,31.707,31.22,8.0,0.0,0.0,31.0,40.619,40.825,-8.0,0.0,-0.0,33.0
141.8278,2,rev,-95.0,12.2,5.528,5.169,24.0,0.0,0.0,31.0,-100.0,-100.0,-8.0,0.0,0.0,32.0,-100.0,-100.0,0.0,0.0,-0.0,31.0,-9.6,-95.0,-40.0,3.0,-6.274,38.0,-90.381,-90.311,-8.0,0.0,0.0,31.0,31.707,31.22,8.0,0.0,0.0,31.0,40.619,40.825,-8.0,0.0,-0.0,33.0
141.8812,2,rev,-95.0,12.2,5.528,5.169,24.0,0.0,0.0,31.0,-100.0,-100.0,-8.0,0.0,0.0,32.0,-100.0,-100.0,0.0,0.0,-0.0,31.0,-9.733,-95.0,-40.0,3.0,-4.58,38.0,-90.381,-90.311,-8.0,0.0,0.0,31.0,31.707,31.22,8.0,0.0,0.0,31.0,40.619,40.825,-8.0,0.0,-0.0,33.0
141.9352,2,rev,-95.0,12.2,5.528,5.169,24.0,0.0,0.0,31.0,-100.0,-100.0,-8.0,0.0,0.0,32.0,-100.0,-100.0,0.0,0.0,-0.0,31.0,-10.133,-95.0,-40.0,3.0,-5.574,38.0,-90.381,-90.311,-8.0,0.0,0.0,31.0,31.707,31.22,8.0,0.0,0.0,31.0,40.619,40.825,-8.0,0.0,-0.0,33.0
141.9876,2,rev,-95.0,12.2,5.528,5.169,24.0,0.0,0.0,31.0,-100.0,-100.0,-8.0,0.0,0.0,32.0,-100.0,-100.0,0.0,0.0,-0.0,31.0,-10.4,-95.0,-40.0,3.0,-5.269,38.0,-90.381,-90.311,-8.0,0.0,0.0,31.0,31.707,31.22,8.0,0.0,0.0,31.0,40.619,40.825,-8.0,0.0,-0.0,33.0
142.0397,2,rev,-95.0,12.2,5.528,5.169,24.0,0.0,0.0,31.0,-100.0,-100.0,-8.0,0.0,0.0,32.0,-100.0,-100.0,0.0,0.0,-0.0,31.0,-10.533,-95.0,-40.0,3.0,-4.072,38.0,-90.381,-90.311,-8.0,0.0,0.0,31.0,31.707,31.22,8.0,0.0,0.0,31.0,40.619,40.825,-8.0,0.0,-0.0,33.0
142.0917,2,rev,-95.0,12.2,5.528,5.169,24.0,0.0,0.0,31.0,-100.0,-100.0,-8.0,0.0,0.0,32.0,-100.0,-100.0,0.0,0.0,-0.0,31.0,-10.8,-95.0,-40.0,3.0,-4.545,38.0,-90.381,-90.311,-8.0,0.0,0.0,31.0,31.707,31.22,8.0,0.0,0.0,31.0,40.619,40.825,-8.0,0.0,-0.0,33.0
142.1443,2,rev,-95.0,12.2,5.528,5.169,24.0,0.0,0.0,31.0,-100.0,-100.0,-8.0,0.0,0.0,32.0,-100.0,-100.0,0.0,0.0,-0.0,31.0,-11.067,-95.0,-40.0,3.0,-4.756,38.0,-90.381,-90.311,-8.0,0.0,0.0,31.0,31.707,31.22,8.0,0.0,0.0,31.0,40.619,40.825,-8.0,0.0,-0.0,33.0
142.1967,2,rev,-95.0,12.2,5.528,5.169,24.0,0.0,0.0,31.0,-100.0,-100.0,-8.0,0.0,0.0,32.0,-100.0,-100.0,0.0,0.0,-0.0,31.0,-11.2,-95.0,-40.0,3.0,-3.375,38.0,-90.381,-90.311,-8.0,0.0,0.0,31.0,31.707,31.22,8.0,0.0,0.0,31.0,40.619,40.825,-8.0,0.0,-0.0,33.0
142.2497,2,rev,-95.0,12.2,5.528,5.169,24.0,0.0,0.0,31.0,-100.0,-100.0,-8.0,0.0,0.0,32.0,-100.0,-100.0,0.0,0.0,-0.0,31.0,-11.467,-95.0,-32.0,2.0,-3.694,38.0,-90.381,-90.311,-8.0,0.0,0.0,31.0,31.707,31.22,8.0,0.0,0.0,31.0,40.619,40.825,-8.0,1.0,-0.0,33.0
142.3026,2,rev,-95.0,12.2,5.528,5.169,24.0,0.0,0.0,31.0,-100.0,-100.0,-8.0,0.0,0.0,32.0,-100.0,-100.0,0.0,0.0,-0.0,31.0,-11.733,-95.0,-32.0,2.0,-4.317,38.0,-90.381,-90.311,-8.0,0.0,0.0,31.0,31.707,31.22,8.0,0.0,0.0,31.0,40.619,40.825,-8.0,1.0,-0.0,33.0
142.3563,2,rev,-95.0,12.2,5.528,5.169,24.0,0.0,0.0,31.0,-100.0,-100.0,-8.0,0.0,0.0,32.0,-100.0,-100.0,0.0,0.0,-0.0,31.0,-12.0,-95.0,-32.0,2.0,-4.659,38.0,-90.381,-90.311,-8.0,0.0,0.0,31.0,31.707,31.22,8.0,0.0,0.0,31.0,40.619,40.825,-8.0,1.0,-0.0,33.0
142.4095,2,rev,-95.0,12.2,5.528,5.169,24.0,0.0,0.0,31.0,-100.0,-100.0,-8.0,0.0,0.0,32.0,-100.0,-100.0,0.0,0.0,-0.0,31.0,-12.4,-95.0,-32.0,2.0,-5.849,38.0,-90.381,-90.311,-8.0,0.0,0.0,31.0,31.707,31.22,8.0,0.0,0.0,31.0,40.619,40.825,-8.0,1.0,-0.0,33.0
142.4631,2,rev,-95.0,12.2,5.528,5.169,24.0,0.0,0.0,31.0,-100.0,-100.0,-8.0,0.0,0.0,32.0,-100.0,-100.0,0.0,0.0,-0.0,31.0,-12.667,-95.0,-32.0,2.0,-5.411,38.0,-90.381,-90.311,-8.0,0.0,0.0,31.0,31.707,31.22,8.0,0.0,0.0,31.0,40.619,40.825,-8.0,1.0,-0.0,33.0
142.5159,2,rev,-95.0,12.2,5.528,5.169,24.0,0.0,0.0,31.0,-100.0,-100.0,-8.0,0.0,0.0,32.0,-100.0,-100.0,0.0,0.0,-0.0,31.0,-12.933,-95.0,-32.0,2.0,-5.164,38.0,-90.381,-90.311,-8.0,0.0,0.0,31.0,31.707,31.22,8.0,0.0,0.0,31.0,40.619,40.825,-8.0,1.0,-0.0,33.0
142.5698,2,rev,-95.0,12.2,5.528,5.169,24.0,0.0,0.0,31.0,-100.0,-100.0,-8.0,0.0,0.0,32.0,-100.0,-100.0,0.0,0.0,-0.0,31.0,-13.067,-95.0,-32.0,2.0,-5.068,38.0,-90.381,-90.311,-8.0,0.0,0.0,31.0,31.707,31.22,8.0,0.0,0.0,31.0,40.619,40.825,-8.0,1.0,-0.0,33.0
142.6235,2,rev,-95.0,12.2,5.528,5.169,24.0,0.0,0.0,31.0,-100.0,-100.0,-8.0,0.0,0.0,32.0,-100.0,-100.0,0.0,0.0,-0.0,31.0,-13.333,-95.0,-32.0,2.0,-4.918,38.0,-90.381,-90.311,-8.0,0.0,0.0,31.0,31.707,31.22,8.0,0.0,0.0,31.0,40.619,40.825,-8.0,1.0,-0.0,33.0
142.677,2,rev,-95.0,12.2,5.528,5.169,24.0,0.0,0.0,31.0,-100.0,-100.0,-8.0,0.0,0.0,32.0,-100.0,-100.0,0.0,0.0,-0.0,31.0,-13.6,-95.0,-32.0,2.0,-4.842,38.0,-90.381,-90.311,-8.0,0.0,0.0,31.0,31.707,31.22,8.0,0.0,0.0,31.0,40.619,40.825,-8.0,1.0,-0.0,33.0
142.7304,2,rev,-95.0,12.2,5.528,5.169,24.0,0.0,0.0,31.0,-100.0,-100.0,-8.0,0.0,0.0,32.0,-100.0,-100.0,0.0,0.0,-0.0,31.0,-14.0,-95.0,-32.0,2.0,-6.375,38.0,-90.381,-90.311,-8.0,0.0,0.0,31.0,31.707,31.22,8.0,0.0,0.0,31.0,40.619,40.825,-8.0,1.0,-0.0,33.0
142.7846,2,rev,-95.0,12.2,5.528,5.169,24.0,0.0,0.0,31.0,-100.0,-100.0,-8.0,0.0,0.0,32.0,-100.0,-100.0,0.0,0.0,-0.0,31.0,-14.267,-95.0,-32.0,2.0,-5.55,38.0,-90.381,-90.311,-8.0,0.0,0.0,31.0,31.707,31.22,8.0,0.0,0.0,31.0,40.619,40.825,-8.0,1.0,-0.0,33.0
142.8383,2,rev,-95.0,12.2,5.528,5.169,24.0,0.0,0.0,31.0,-100.0,-100.0,-8.0,0.0,0.0,32.0,-100.0,-100.0,0.0,0.0,-0.0,31.0,-14.4,-95.0,-32.0,1.0,-4.546,38.0,-90.381,-90.311,-8.0,0.0,0.0,31.0,31.707,31.22,8.0,0.0,0.0,31.0,40.619,40.825,-8.0,0.0,-0.0,33.0
142.8913,2,rev,-95.0,12.2,5.528,5.169,24.0,0.0,0.0,31.0,-100.0,-100.0,-8.0,0.0,0.0,32.0,-100.0,-100.0,0.0,0.0,-0.0,31.0,-14.667,-95.0,-32.0,1.0,-4.756,38.0,-90.381,-90.311,-8.0,0.0,0.0,31.0,31.707,31.22,8.0,0.0,0.0,31.0,40.619,40.825,-8.0,0.0,-0.0,33.0
142.9437,2,rev,-95.0,12.2,5.528,5.169,24.0,0.0,0.0,31.0,-100.0,-100.0,-8.0,0.0,0.0,32.0,-100.0,-100.0,0.0,0.0,-0.0,31.0,-14.933,-95.0,-32.0,1.0,-4.431,38.0,-90.381,-90.311,-8.0,0.0,0.0,31.0,31.707,31.22,8.0,0.0,0.0,31.0,40.619,40.825,-8.0,0.0,-0.0,33.0
142.9975,2,rev,-95.0,12.2,5.528,5.169,24.0,0.0,0.0,31.0,-100.0,-100.0,-8.0,0.0,0.0,32.0,-100.0,-100.0,0.0,0.0,-0.0,31.0,-15.333,-95.0,-32.0,1.0,-6.23,38.0,-90.381,-90.311,-8.0,0.0,0.0,31.0,31.707,31.22,8.0,0.0,0.0,31.0,40.619,40.825,-8.0,0.0,-0.0,33.0
143.0496,2,rev,-95.0,12.2,5.528,5.169,24.0,0.0,0.0,31.0,-100.0,-100.0,-8.0,0.0,0.0,32.0,-100.0,-100.0,0.0,0.0,-0.0,31.0,-15.6,-95.0,-32.0,1.0,-5.606,38.0,-90.381,-90.311,-8.0,0.0,0.0,31.0,31.707,31.22,8.0,0.0,0.0,31.0,40.619,40.825,-8.0,0.0,-0.0,33.0
143.1016,2,rev,-95.0,12.2,5.528,5.169,24.0,0.0,0.0,31.0,-100.0,-100.0,-8.0,0.0,0.0,32.0,-100.0,-100.0,0.0,0.0,-0.0,31.0,-15.867,-95.0,-32.0,1.0,-5.295,38.0,-90.381,-90.311,-8.0,0.0,0.0,31.0,31.707,31.22,8.0,0.0,0.0,31.0,40.619,40.825,-8.0,0.0,-0.0,33.0
143.1537,2,rev,-95.0,12.2,5.528,5.169,24.0,0.0,0.0,31.0,-100.0,-100.0,-8.0,0.0,0.0,32.0,-100.0,-100.0,0.0,0.0,-0.0,31.0,-16.133,-95.0,-32.0,1.0,-5.099,38.0,-90.381,-90.311,-8.0,0.0,0.0,31.0,31.707,31.22,8.0,0.0,0.0,31.0,40.619,40.825,-8.0,0.0,-0.0,33.0
143.2069,2,rev,-95.0,12.2,5.528,5.169,24.0,0.0,0.0,31.0,-100.0,-100.0,-8.0,0.0,0.0,32.0,-100.0,-100.0,0.0,0.0,-0.0,31.0,-16.4,-95.0,-32.0,1.0,-5.043,38.0,-90.381,-90.311,-8.0,0.0,0.0,31.0,31.707,31.22,8.0,0.0,0.0,31.0,40.619,40.825,-8.0,0.0,-0.0,33.0
143.26,2,rev,-95.0,12.2,5.528,5.169,24.0,0.0,0.0,31.0,-100.0,-100.0,-8.0,0.0,0.0,32.0,-100.0,-100.0,0.0,0.0,-0.0,31.0,-16.533,-95.0,-32.0,1.0,-3.951,38.0,-90.381,-90.311,-8.0,0.0,0.0,31.0,31.707,31.22,8.0,0.0,0.0,31.0,40.619,40.825,-8.0,0.0,-0.0,33.0
143.3132,2,rev,-95.0,12.2,5.528,5.169,24.0,0.0,0.0,31.0,-100.0,-100.0,-8.0,0.0,0.0,32.0,-100.0,-100.0,0.0,0.0,-0.0,31.0,-16.933,-95.0,-32.0,1.0,-5.549,38.0,-90.381,-90.311,-8.0,0.0,0.0,31.0,31.707,31.22,8.0,0.0,0.0,31.0,40.619,40.825,-8.0,0.0,-0.0,33.0
143.3664,2,rev,-95.0,12.2,5.528,5.169,24.0,0.0,0.0,31.0,-100.0,-100.0,-8.0,0.0,0.0,32.0,-100.0,-100.0,0.0,0.0,-0.0,31.0,-17.067,-95.0,-32.0,1.0,-5.35,38.0,-90.381,-90.311,-8.0,0.0,0.0,31.0,31.707,31.22,8.0,0.0,0.0,31.0,40.619,40.825,-8.0,0.0,-0.0,33.0
143.4199,2,rev,-95.0,12.2,5.528,5.169,24.0,0.0,0.0,31.0,-100.0,-100.0,-8.0,0.0,0.0,32.0,-100.0,-100.0,0.0,0.0,-0.0,31.0,-17.2,-95.0,-32.0,2.0,-4.417,38.0,-90.381,-90.311,-8.0,0.0,0.0,31.0,31.707,31.22,8.0,0.0,0.0,31.0,40.619,40.825,-8.0,0.0,-0.0,33.0
143.4733,2,rev,-95.0,12.2,5.528,5.169,24.0,0.0,0.0,31.0,-100.0,-100.0,-8.0,0.0,0.0,32.0,-100.0,-100.0,0.0,0.0,-0.0,31.0,-17.467,-95.0,-32.0,2.0,-4.621,38.0,-90.381,-90.311,-8.0,0.0,0.0,31.0,31.707,31.22,8.0,0.0,0.0,31.0,40.619,40.825,-8.0,0.0,-0.0,33.0
143.5262,2,rev,-95.0,12.2,5.528,5.169,24.0,0.0,0.0,31.0,-100.0,-100.0,-8.0,0.0,0.0,32.0,-100.0,-100.0,0.0,0.0,-0.0,31.0,-17.867,-95.0,-32.0,2.0,-5.598,38.0,-90.381,-90.311,-8.0,0.0,0.0,31.0,31.707,31.22,8.0,0.0,0.0,31.0,40.619,40.825,-8.0,0.0,-0.0,33.0
143.5801,2,rev,-95.0,12.2,5.528,5.169,24.0,0.0,0.0,31.0,-100.0,-100.0,-8.0,0.0,0.0,32.0,-100.0,-100.0,0.0,0.0,-0.0,31.0,-18.133,-95.0,-32.0,2.0,-5.281,38.0,-90.381,-90.311,-8.0,0.0,0.0,31.0,31.707,31.22,8.0,0.0,0.0,31.0,40.619,40.825,-8.0,0.0,-0.0,33.0
143.6334,2,rev,-95.0,12.2,5.528,5.169,24.0,0.0,0.0,31.0,-100.0,-100.0,-8.0,0.0,0.0,32.0,-100.0,-100.0,0.0,0.0,-0.0,31.0,-18.533,-95.0,-32.0,2.0,-6.191,38.0,-90.381,-90.311,-8.0,0.0,0.0,31.0,31.707,31.22,8.0,0.0,0.0,31.0,40.619,40.825,-8.0,0.0,-0.0,33.0
143.6856,2,rev,-95.0,12.2,5.528,5.169,24.0,0.0,0.0,31.0,-100.0,-100.0,-8.0,0.0,0.0,32.0,-100.0,-100.0,0.0,0.0,-0.0,31.0,-18.8,-95.0,-32.0,2.0,-5.582,38.0,-90.381,-90.311,-8.0,0.0,0.0,31.0,31.707,31.22,8.0,0.0,0.0,31.0,40.619,40.825,-8.0,0.0,-0.0,33.0
143.7392,2,rev,-95.0,12.2,5.528,5.169,24.0,0.0,0.0,31.0,-100.0,-100.0,-8.0,0.0,0.0,32.0,-100.0,-100.0,0.0,0.0,-0.0,31.0,-19.067,-95.0,-32.0,2.0,-5.74,38.0,-90.381,-90.311,-8.0,0.0,0.0,31.0,31.707,31.22,8.0,0.0,0.0,31.0,40.619,40.825,-8.0,0.0,-0.0,33.0
143.7916,2,rev,-95.0,12.2,5.528,5.169,24.0,0.0,0.0,31.0,-100.0,-100.0,-8.0,0.0,0.0,32.0,-100.0,-100.0,0.0,0.0,-0.0,31.0,-19.333,-95.0,-32.0,2.0,-5.359,38.0,-90.381,-90.311,-8.0,0.0,0.0,31.0,31.707,31.22,8.0,0.0,0.0,31.0,40.619,40.825,-8.0,0.0,-0.0,33.0
143.8455,2,rev,-95.0,12.2,5.528,5.169,24.0,0.0,0.0,31.0,-100.0,-100.0,-8.0,0.0,0.0,32.0,-100.0,-100.0,0.0,0.0,-0.0,31.0,-19.467,-95.0,-32.0,2.0,-4.107,38.0,-90.381,-90.311,-8.0,0.0,0.0,31.0,31.707,31.22,8.0,0.0,0.0,31.0,40.619,40.825,-8.0,0.0,-0.0,33.0
143.8988,2,rev,-95.0,12.2,5.528,5.169,24.0,0.0,0.0,31.0,-100.0,-100.0,-8.0,0.0,0.0,32.0,-100.0,-100.0,0.0,0.0,-0.0,31.0,-19.733,-95.0,-32.0,2.0,-4.123,38.0,-90.381,-90.311,-8.0,0.0,0.0,31.0,31.707,31.22,8.0,0.0,0.0,31.0,40.619,40.825,-8.0,0.0,-0.0,33.0
143.9518,2,rev,-95.0,12.2,5.528,5.169,24.0,0.0,0.0,31.0,-100.0,-100.0,-8.0,0.0,0.0,32.0,-100.0,-100.0,0.0,0.0,-0.0,31.0,-20.0,-95.0,-32.0,1.0,-5.906,38.0,-90.381,-90.311,-8.0,0.0,0.0,31.0,31.707,31.22,8.0,0.0,0.0,31.0,40.619,40.825,-8.0,0.0,-0.0,33.0
144.0036,2,rev,-95.0,12.2,5.528,5.169,24.0,0.0,0.0,31.0,-100.0,-100.0,-8.0,0.0,0.0,32.0,-100.0,-100.0,0.0,0.0,-0.0,31.0,-20.267,-95.0,-32.0,1.0,-4.892,38.0,-90.381,-90.311,-8.0,0.0,0.0,31.0,31.707,31.22,8.0,0.0,0.0,31.0,40.619,40.825,-8.0,0.0,-0.0,33.0
144.0564,2,rev,-95.0,12.2,5.528,5.169,24.0,0.0,0.0,31.0,-100.0,-100.0,-8.0,0.0,0.0,32.0,-100.0,-100.0,0.0,0.0,-0.0,31.0,-20.533,-95.0,-32.0,1.0,-5.407,38.0,-90.381,-90.311,-8.0,0.0,0.0,31.0,31.707,31.22,8.0,0.0,0.0,31.0,40.619,40.825,-8.0,0.0,-0.0,33.0
144.1099,2,rev,-95.0,12.2,5.528,5.169,24.0,0.0,0.0,31.0,-100.0,-100.0,-8.0,0.0,0.0,32.0,-100.0,-100.0,0.0,0.0,-0.0,31.0,-20.8,-95.0,-32.0,1.0,-5.194,38.0,-90.381,-90.311,-8.0,0.0,0.0,31.0,31.707,31.22,8.0,0.0,0.0,31.0,40.619,40.825,-8.0,0.0,-0.0,33.0
144.1631,2,rev,-95.0,12.2,5.528,5.169,24.0,0.0,0.0,31.0,-100.0,-100.0,-8.0,0.0,0.0,32.0,-100.0,-100.0,0.0,0.0,-0.0,31.0,-21.067,-95.0,-32.0,1.0,-5.075,38.0,-90.381,-90.311,-8.0,0.0,0.0,31.0,31.707,31.22,8.0,0.0,0.0,31.0,40.619,40.825,-8.0,0.0,-0.0,33.0
144.2153,2,rev,-95.0,12.2,5.528,5.169,24.0,0.0,0.0,31.0,-100.0,-100.0,-8.0,0.0,0.0,32.0,-100.0,-100.0,0.0,0.0,-0.0,31.0,-21.467,-95.0,-32.0,1.0,-6.518,38.0,-90.381,-90.311,-8.0,0.0,0.0,31.0,31.707,31.22,8.0,0.0,0.0,31.0,40.619,40.825,-8.0,0.0,-0.0,33.0
144.2678,2,rev,-95.0,12.2,5.528,5.169,24.0,0.0,0.0,31.0,-100.0,-100.0,-8.0,0.0,0.0,32.0,-100.0,-100.0,0.0,0.0,-0.0,31.0,-21.733,-95.0,-32.0,1.0,-5.72,38.0,-90.381,-90.311,-8.0,0.0,0.0,31.0,31.707,31.22,8.0,0.0,0.0,31.0,40.619,40.825,-8.0,0.0,-0.0,33.0
144.3211,2,rev,-95.0,12.2,5.528,5.169,24.0,0.0,0.0,31.0,-100.0,-100.0,-8.0,0.0,0.0,32.0,-100.0,-100.0,0.0,0.0,-0.0,31.0,-21.867,-95.0,-32.0,1.0,-3.861,38.0,-90.381,-90.311,-8.0,0.0,0.0,31.0,31.707,31.22,8.0,0.0,0.0,31.0,40.619,40.825,-8.0,0.0,-0.0,33.0
144.3743,2,rev,-95.0,12.2,5.528,5.169,24.0,0.0,0.0,31.0,-100.0,-100.0,-8.0,0.0,0.0,32.0,-100.0,-100.0,0.0,0.0,-0.0,31.0,-22.133,-95.0,-32.0,1.0,-3.981,38.0,-90.381,-90.311,-8.0,0.0,0.0,31.0,31.707,31.22,8.0,0.0,0.0,31.0,40.619,40.825,-8.0,0.0,-0.0,33.0
144.4267,2,rev,-95.0,12.2,5.528,5.169,24.0,0.0,0.0,31.0,-100.0,-100.0,-8.0,0.0,0.0,32.0,-100.0,-100.0,0.0,0.0,-0.0,31.0,-22.533,-95.0,-32.0,1.0,-5.818,38.0,-90.381,-90.311,-8.0,0.0,0.0,31.0,31.707,31.22,8.0,0.0,0.0,31.0,40.619,40.825,-8.0,0.0,-0.0,33.0
144.4801,2,rev,-95.0,12.2,5.528,5.169,24.0,0.0,0.0,31.0,-100.0,-100.0,-8.0,0.0,0.0,32.0,-100.0,-100.0,0.0,0.0,-0.0,31.0,-22.667,-95.0,-32.0,1.0,-4.362,38.0,-90.381,-90.311,-8.0,0.0,0.0,31.0,31.707,31.22,8.0,0.0,0.0,31.0,40.619,40.825,-8.0,0.0,-0.0,33.0
144.5333,2,rev,-95.0,12.2,5.528,5.169,24.0,0.0,0.0,31.0,-100.0,-100.0,-8.0,0.0,0.0,32.0,-100.0,-100.0,0.0,0.0,-0.0,31.0,-22.667,-95.0,-32.0,2.0,-4.362,38.0,-90.381,-90.311,-8.0,0.0,0.0,31.0,31.707,31.22,8.0,0.0,0.0,31.0,40.619,40.825,-8.0,0.0,-0.0,33.0
144.5868,2,rev,-95.0,12.2,5.528,5.169,24.0,0.0,0.0,31.0,-100.0,-100.0,-8.0,0.0,0.0,32.0,-100.0,-100.0,0.0,0.0,-0.0,31.0,-23.067,-95.0,-32.0,2.0,-4.503,38.0,-90.381,-90.311,-8.0,0.0,0.0,31.0,31.707,31.22,8.0,0.0,0.0,31.0,40.619,40.825,-8.0,0.0,-0.0,33.0
144.6396,2,rev,-95.0,12.2,5.528,5.169,24.0,0.0,0.0,31.0,-100.0,-100.0,-8.0,0.0,0.0,32.0,-100.0,-100.0,0.0,0.0,-0.0,31.0,-23.333,-95.0,-32.0,2.0,-4.148,38.0,-90.381,-90.311,-8.0,0.0,0.0,31.0,31.707,31.22,8.0,0.0,0.0,31.0,40.619,40.825,-8.0,0.0,-0.0,33.0
144.6929,2,rev,-95.0,12.2,5.528,5.169,24.0,0.0,0.0,31.0,-100.0,-100.0,-8.0,0.0,0.0,32.0,-100.0,-100.0,0.0,0.0,-0.0,31.0,-23.6,-95.0,-32.0,2.0,-4.59,38.0,-90.381,-90.311,-8.0,0.0,0.0,31.0,31.707,31.22,8.0,0.0,0.0,31.0,40.619,40.825,-8.0,0.0,-0.0,33.0
144.7459,2,rev,-95.0,12.2,5.528,5.169,24.0,0.0,0.0,31.0,-100.0,-100.0,-8.0,0.0,0.0,32.0,-100.0,-100.0,0.0,0.0,-0.0,31.0,-23.867,-95.0,-32.0,2.0,-4.777,38.0,-90.381,-90.311,-8.0,0.0,0.0,31.0,31.707,31.22,8.0,0.0,0.0,31.0,40.619,40.825,-8.0,0.0,-0.0,33.0
144.7988,2,rev,-95.0,12.2,5.528,5.169,24.0,0.0,0.0,31.0,-100.0,-100.0,-8.0,0.0,0.0,32.0,-100.0,-100.0,0.0,0.0,-0.0,31.0,-24.133,-95.0,-32.0,2.0,-4.898,38.0,-90.381,-90.311,-8.0,0.0,0.0,31.0,31.707,31.22,8.0,0.0,0.0,31.0,40.619,40.825,-8.0,0.0,-0.0,33.0
144.8524,2,rev,-95.0,12.2,5.528,5.169,24.0,0.0,0.0,31.0,-100.0,-100.0,-8.0,0.0,0.0,32.0,-100.0,-100.0,0.0,0.0,-0.0,31.0,-24.4,-95.0,-32.0,2.0,-4.945,38.0,-90.381,-90.311,-8.0,0.0,0.0,31.0,31.707,31.22,8.0,0.0,0.0,31.0,40.619,40.825,-8.0,0.0,-0.0,33.0
144.9058,2,rev,-95.0,12.2,5.528,5.169,24.0,0.0,0.0,31.0,-100.0,-100.0,-8.0,0.0,0.0,32.0,-100.0,-100.0,0.0,0.0,-0.0,31.0,-24.667,-95.0,-32.0,2.0,-4.936,38.0,-90.381,-90.311,-8.0,0.0,0.0,31.0,31.707,31.22,8.0,0.0,0.0,31.0,40.619,40.825,-8.0,0.0,-0.0,33.0
144.9592,2,rev,-95.0,12.2,5.528,5.169,24.0,0.0,0.0,31.0,-100.0,-100.0,-8.0,0.0,0.0,32.0,-100.0,-100.0,0.0,0.0,-0.0,31.0,-24.933,-95.0,-32.0,2.0,-4.942,38.0,-90.381,-90.311,-8.0,0.0,0.0,31.0,31.707,31.22,8.0,0.0,0.0,31.0,40.619,40.825,-8.0,0.0,-0.0,33.0
145.0123,2,rev,-95.0,12.2,5.528,5.169,24.0,0.0,0.0,31.0,-100.0,-100.0,-8.0,0.0,0.0,32.0,-100.0,-100.0,0.0,0.0,-0.0,31.0,-25.2,-95.0,-32.0,2.0,-4.965,38.0,-90.381,-90.311,-8.0,0.0,0.0,31.0,31.707,31.22,8.0,0.0,0.0,31.0,40.619,40.825,-8.0,0.0,-0.0,33.0
145.0654,2,rev,-95.0,12.2,5.528,5.169,24.0,0.0,0.0,31.0,-100.0,-100.0,-8.0,0.0,0.0,32.0,-100.0,-100.0,0.0,0.0,-0.0,31.0,-25.6,-95.0,-32.0,2.0,-6.04,38.0,-90.381,-90.311,-8.0,0.0,0.0,31.0,31.707,31.22,8.0,0.0,0.0,31.0,40.619,40.825,-8.0,0.0,-0.0,33.0
145.1177,2,rev,-95.0,12.2,5.528,5.169,24.0,0.0,0.0,31.0,-100.0,-100.0,-8.0,0.0,0.0,32.0,-100.0,-100.0,0.0,0.0,-0.0,31.0,-25.867,-95.0,-24.0,1.0,-5.598,38.0,-90.381,-90.311,-8.0,0.0,0.0,31.0,31.707,31.22,8.0,0.0,0.0,31.0,40.619,40.825,-8.0,0.0,-0.0,33.0
145.171,2,rev,-95.0,12.2,5.528,5.169,24.0,0.0,0.0,31.0,-100.0,-100.0,-8.0,0.0,0.0,32.0,-100.0,-100.0,0.0,0.0,-0.0,31.0,-26.0,-95.0,-24.0,1.0,-4.241,38.0,-90.381,-90.311,-8.0,0.0,0.0,31.0,31.707,31.22,8.0,0.0,0.0,31.0,40.619,40.825,-8.0,0.0,-0.0,33.0
145.2239,2,rev,-95.0,12.2,5.528,5.169,24.0,0.0,0.0,31.0,-100.0,-100.0,-8.0,0.0,0.0,32.0,-100.0,-100.0,0.0,0.0,-0.0,31.0,-26.4,-95.0,-24.0,1.0,-5.641,38.0,-90.381,-90.311,-8.0,0.0,0.0,31.0,31.707,31.22,8.0,0.0,0.0,31.0,40.619,40.825,-8.0,0.0,-0.0,33.0
145.2776,2,rev,-95.0,12.2,5.528,5.169,24.0,0.0,0.0,31.0,-100.0,-100.0,-8.0,0.0,0.0,32.0,-100.0,-100.0,0.0,0.0,-0.0,31.0,-26.533,-95.0,-24.0,1.0,-4.249,38.0,-90.381,-90.311,-8.0,0.0,0.0,31.0,31.707,31.22,8.0,0.0,0.0,31.0,40.619,40.825,-8.0,0.0,-0.0,33.0
145.3311,2,rev,-95.0,12.2,5.528,5.169,24.0,0.0,0.0,31.0,-100.0,-100.0,-8.0,0.0,0.0,32.0,-100.0,-100.0,0.0,0.0,-0.0,31.0,-26.933,-95.0,-24.0,1.0,-5.671,38.0,-90.381,-90.311,-8.0,0.0,0.0,31.0,31.707,31.22,8.0,0.0,0.0,31.0,40.619,40.825,-8.0,0.0,-0.0,33.0
145.3838,2,rev,-95.0,12.2,5.528,5.169,24.0,0.0,0.0,31.0,-100.0,-100.0,-8.0,0.0,0.0,32.0,-100.0,-100.0,0.0,0.0,-0.0,31.0,-27.2,-95.0,-24.0,1.0,-5.304,38.0,-90.381,-90.311,-8.0,0.0,0.0,31.0,31.707,31.22,8.0,0.0,0.0,31.0,40.619,40.825,-8.0,0.0,-0.0,33.0
145.4369,2,rev,-95.0,12.2,5.528,5.169,24.0,0.0,0.0,31.0,-100.0,-100.0,-8.0,0.0,0.0,32.0,-100.0,-100.0,0.0,0.0,-0.0,31.0,-27.467,-95.0,-24.0,1.0,-5.134,38.0,-90.381,-90.311,-8.0,0.0,0.0,31.0,31.707,31.22,8.0,0.0,0.0,31.0,40.619,40.825,-8.0,0.0,-0.0,33.0
145.4906,2,rev,-95.0,12.2,5.528,5.169,24.0,0.0,0.0,31.0,-100.0,-100.0,-8.0,0.0,0.0,32.0,-100.0,-100.0,0.0,0.0,-0.0,31.0,-27.733,-95.0,-24.0,1.0,-5.059,38.0,-90.381,-90.311,-8.0,0.0,0.0,31.0,31.707,31.22,8.0,0.0,0.0,31.0,40.619,40.825,-8.0,0.0,-0.0,33.0
145.544,2,rev,-95.0,12.2,5.528,5.169,24.0,0.0,0.0,31.0,-100.0,-100.0,-8.0,0.0,0.0,32.0,-100.0,-100.0,0.0,0.0,-0.0,31.0,-27.867,-95.0,-24.0,1.0,-3.532,38.0,-90.381,-90.311,-8.0,0.0,0.0,31.0,31.707,31.22,8.0,0.0,0.0,31.0,40.619,40.825,-8.0,0.0,-0.0,33.0
145.5979,2,rev,-95.0,12.2,5.528,5.169,24.0,0.0,0.0,31.0,-100.0,-100.0,-8.0,0.0,0.0,32.0,-100.0,-100.0,0.0,0.0,-0.0,31.0,-28.267,-95.0,-24.0,1.0,-5.788,38.0,-90.381,-90.311,-8.0,0.0,0.0,31.0,31.707,31.22,8.0,0.0,0.0,31.0,40.619,40.825,-8.0,0.0,-0.0,33.0
145.651,2,rev,-95.0,12.2,5.528,5.169,24.0,0.0,0.0,31.0,-100.0,-100.0,-8.0,0.0,0.0,32.0,-100.0,-100.0,0.0,0.0,-0.0,31.0,-28.4,-95.0,-24.0,1.0,-5.547,37.0,-90.381,-90.311,-8.0,0.0,0.0,31.0,31.707,31.22,8.0,0.0,0.0,31.0,40.619,40.825,-8.0,0.0,-0.0,33.0
145.7044,2,rev,-95.0,12.2,5.528,5.169,24.0,0.0,0.0,31.0,-100.0,-100.0,-8.0,0.0,0.0,32.0,-100.0,-100.0,0.0,0.0,-0.0,31.0,-28.667,-95.0,-24.0,1.0,-4.719,37.0,-90.381,-90.311,-8.0,0.0,0.0,31.0,31.707,31.22,8.0,0.0,0.0,31.0,40.619,40.825,-8.0,0.0,-0.0,33.0
145.7575,2,rev,-95.0,12.2,5.528,5.169,24.0,0.0,0.0,31.0,-100.0,-100.0,-8.0,0.0,0.0,32.0,-100.0,-100.0,0.0,0.0,-0.0,31.0,-28.933,-95.0,-24.0,1.0,-5.326,37.0,-90.381,-90.311,-8.0,0.0,0.0,31.0,31.707,31.22,8.0,0.0,0.0,31.0,40.619,40.825,-8.0,0.0,-0.0,33.0
145.8106,2,rev,-95.0,12.2,5.528,5.169,24.0,0.0,0.0,31.0,-100.0,-100.0,-8.0,0.0,0.0,32.0,-100.0,-100.0,0.0,0.0,-0.0,31.0,-29.2,-95.0,-24.0,1.0,-5.168,37.0,-90.381,-90.311,-8.0,0.0,0.0,31.0,31.22,31.22,8.0,0.0,-5.504,31.0,40.619,40.825,-8.0,0.0,-0.0,33.0
145.8642,2,rev,-95.0,12.2,5.528,5.169,24.0,0.0,0.0,31.0,-100.0,-100.0,-8.0,0.0,0.0,32.0,-100.0,-100.0,0.0,0.0,-0.0,31.0,-29.467,-95.0,-24.0,1.0,-5.055,37.0,-90.381,-90.311,-8.0,0.0,0.0,31.0,31.22,31.22,8.0,0.0,-2.697,31.0,40.619,40.825,-8.0,0.0,-0.0,33.0
145.9172,2,rev,-95.0,12.2,5.528,5.169,24.0,0.0,0.0,31.0,-100.0,-100.0,-8.0,0.0,0.0,32.0,-100.0,-100.0,0.0,0.0,-0.0,31.0,-29.867,-95.0,-24.0,1.0,-6.067,37.0,-90.381,-90.311,-8.0,0.0,0.0,31.0,31.22,31.22,8.0,0.0,-1.322,31.0,40.619,40.825,-8.0,0.0,-0.0,33.0
145.9705,2,rev,-95.0,12.2,5.528,5.169,24.0,0.0,0.0,31.0,-100.0,-100.0,-8.0,0.0,0.0,32.0,-100.0,-100.0,0.0,0.0,-0.0,31.0,-30.0,-95.0,-24.0,1.0,-5.759,37.0,-90.381,-90.311,-8.0,0.0,0.0,31.0,31.22,31.22,8.0,0.0,-0.925,31.0,40.619,40.825,-8.0,0.0,-0.0,33.0
146.024,2,rev,-95.0,12.2,5.528,5.169,24.0,0.0,0.0,31.0,-100.0,-100.0,-8.0,0.0,0.0,32.0,-100.0,-100.0,0.0,0.0,-0.0,31.0,-30.133,-95.0,-24.0,1.0,-3.734,37.0,-90.381,-90.311,-8.0,0.0,0.0,31.0,31.707,31.22,8.0,0.0,2.883,31.0,40.619,40.825,-8.0,0.0,-0.0,33.0
146.0773,2,rev,-95.0,12.2,5.528,5.169,24.0,0.0,0.0,31.0,-100.0,-100.0,-8.0,0.0,0.0,32.0,-100.0,-100.0,0.0,0.0,-0.0,31.0,-30.533,-95.0,-24.0,1.0,-5.248,37.0,-90.381,-90.311,-8.0,0.0,0.0,31.0,31.707,31.22,8.0,0.0,1.412,31.0,40.619,40.825,-8.0,0.0,-0.0,33.0
146.1303,2,rev,-95.0,12.2,5.528,5.169,24.0,0.0,0.0,31.0,-100.0,-100.0,-8.0,0.0,0.0,32.0,-100.0,-100.0,0.0,0.0,-0.0,31.0,-30.8,-95.0,-24.0,1.0,-5.576,37.0,-90.381,-90.311,-8.0,0.0,0.0,31.0,31.707,31.22,8.0,0.0,0.692,31.0,40.619,40.825,-8.0,0.0,-0.0,33.0
146.1834,2,rev,-95.0,12.2,5.528,5.169,24.0,0.0,0.0,31.0,-100.0,-100.0,-8.0,0.0,0.0,32.0,-100.0,-100.0,0.0,0.0,-0.0,31.0,-30.933,-95.0,-24.0,1.0,-3.699,37.0,-90.381,-90.311,-8.0,0.0,0.0,31.0,31.707,31.22,8.0,0.0,0.339,31.0,40.619,40.825,-8.0,0.0,-0.0,33.0
146.2356,2,rev,-95.0,12.1,5.528,5.169,24.0,0.0,0.0,31.0,-100.0,-100.0,-8.0,0.0,0.0,32.0,-100.0,-100.0,0.0,0.0,-0.0,31.0,-31.067,-95.0,-28.0,1.0,-4.067,38.0,-90.381,-90.311,-8.0,0.0,0.0,31.0,31.707,31.22,8.0,0.0,0.237,31.0,40.619,40.825,-8.0,0.0,-0.0,33.0
146.2887,2,rev,-95.0,12.1,5.528,5.169,24.0,0.0,0.0,31.0,-100.0,-100.0,-8.0,0.0,0.0,32.0,-100.0,-100.0,0.0,0.0,-0.0,31.0,-31.467,-95.0,-28.0,1.0,-4.463,38.0,-90.381,-90.311,-8.0,0.0,0.0,31.0,31.707,31.22,8.0,0.0,0.116,31.0,40.619,40.825,-8.0,0.0,-0.0,33.0
146.341,2,rev,-95.0,12.1,5.528,5.169,24.0,0.0,0.0,31.0,-100.0,-100.0,-8.0,0.0,0.0,32.0,-100.0,-100.0,0.0,0.0,-0.0,31.0,-31.733,-95.0,-28.0,1.0,-4.724,38.0,-90.381,-90.311,-8.0,0.0,0.0,31.0,31.707,31.22,8.0,0.0,0.057,31.0,40.619,40.825,-8.0,0.0,-0.0,33.0
146.394,2,rev,-95.0,12.1,5.528,5.169,24.0,0.0,0.0,31.0,-100.0,-100.0,-8.0,0.0,0.0,32.0,-100.0,-100.0,0.0,0.0,-0.0,31.0,-32.0,-95.0,-28.0,1.0,-4.834,38.0,-90.381,-90.311,-8.0,0.0,0.0,31.0,31.707,31.22,8.0,0.0,0.028,31.0,40.619,40.825,-8.0,0.0,-0.0,33.0
146.4466,2,rev,-95.0,12.1,5.528,5.169,24.0,0.0,0.0,31.0,-100.0,-100.0,-8.0,0.0,0.0,32.0,-100.0,-100.0,0.0,0.0,-0.0,31.0,-32.4,-95.0,-28.0,1.0,-5.943,38.0,-90.381,-90.311,-8.0,0.0,0.0,31.0,31.707,31.22,8.0,0.0,0.014,31.0,40.619,40.825,-8.0,0.0,-0.0,33.0
146.4987,2,rev,-95.0,12.1,5.528,5.169,24.0,0.0,0.0,31.0,-100.0,-100.0,-8.0,0.0,0.0,32.0,-100.0,-100.0,0.0,0.0,-0.0,31.0,-32.533,-95.0,-28.0,1.0,-4.405,38.0,-90.381,-90.311,-8.0,0.0,0.0,31.0,31.707,31.22,8.0,0.0,0.007,31.0,40.619,40.825,-8.0,0.0,-0.0,33.0
146.5525,2,rev,-95.0,12.1,5.528,5.169,24.0,0.0,0.0,31.0,-100.0,-100.0,-8.0,0.0,0.0,32.0,-100.0,-100.0,0.0,0.0,-0.0,31.0,-32.933,-95.0,-28.0,1.0,-6.15,38.0,-90.381,-90.311,-8.0,0.0,0.0,31.0,31.707,31.22,8.0,0.0,0.003,31.0,40.619,40.825,-8.0,0.0,-0.0,33.0
146.6056,2,rev,-95.0,12.1,5.528,5.169,24.0,0.0,0.0,31.0,-100.0,-100.0,-8.0,0.0,0.0,32.0,-100.0,-100.0,0.0,0.0,-0.0,31.0,-33.2,-95.0,-28.0,1.0,-5.579,38.0,-90.381,-90.311,-8.0,0.0,0.0,31.0,31.707,31.22,8.0,0.0,0.002,31.0,40.619,40.825,-8.0,0.0,-0.0,33.0
146.6589,2,rev,-95.0,12.1,5.528,5.169,24.0,0.0,0.0,31.0,-100.0,-100.0,-8.0,0.0,0.0,32.0,-100.0,-100.0,0.0,0.0,-0.0,31.0,-33.467,-95.0,-28.0,1.0,-5.288,38.0,-90.381,-90.311,-8.0,0.0,0.0,31.0,31.707,31.22,8.0,0.0,0.001,31.0,40.619,40.825,-8.0,0.0,-0.0,33.0
146.7122,2,rev,-95.0,12.1,5.528,5.169,24.0,0.0,0.0,31.0,-100.0,-100.0,-8.0,0.0,0.0,32.0,-100.0,-100.0,0.0,0.0,-0.0,31.0,-33.867,-95.0,-28.0,1.0,-6.186,38.0,-90.381,-90.311,-8.0,0.0,0.0,31.0,31.707,31.22,8.0,0.0,0.0,31.0,40.619,40.825,-8.0,0.0,-0.0,33.0
146.7655,2,rev,-95.0,12.1,5.528,5.169,24.0,0.0,0.0,31.0,-100.0,-100.0,-8.0,0.0,0.0,32.0,-100.0,-100.0,0.0,0.0,-0.0,31.0,-34.0,-95.0,-28.0,1.0,-4.523,38.0,-90.381,-90.311,-8.0,0.0,0.0,31.0,31.707,31.22,8.0,0.0,0.0,31.0,40.619,40.825,-8.0,0.0,-0.0,33.0
146.8189,2,rev,-95.0,12.2,5.528,5.169,24.0,0.0,0.0,31.0,-100.0,-100.0,-8.0,0.0,0.0,32.0,-100.0,-100.0,0.0,0.0,-0.0,31.0,-34.0,-95.0,-28.0,0.0,-4.523,38.0,-90.381,-90.311,-8.0,0.0,0.0,31.0,31.707,31.22,8.0,0.0,0.0,31.0,40.619,40.825,-8.0,0.0,-0.0,33.0
146.8717,2,rev,-95.0,12.2,5.528,5.169,24.0,0.0,0.0,31.0,-100.0,-100.0,-8.0,0.0,0.0,32.0,-100.0,-100.0,0.0,0.0,-0.0,31.0,-34.4,-95.0,-28.0,0.0,-4.558,38.0,-90.381,-90.311,-8.0,0.0,0.0,31.0,31.707,31.22,8.0,0.0,0.0,31.0,40.619,40.825,-8.0,0.0,-0.0,33.0
146.9253,2,rev,-95.0,12.2,5.528,5.169,24.0,0.0,0.0,31.0,-100.0,-100.0,-8.0,0.0,0.0,32.0,-100.0,-100.0,0.0,0.0,-0.0,31.0,-34.667,-95.0,-28.0,0.0,-4.695,38.0,-90.381,-90.311,-8.0,0.0,0.0,31.0,31.707,31.22,8.0,0.0,0.0,31.0,40.619,40.825,-8.0,0.0,-0.0,33.0
146.9786,2,rev,-95.0,12.2,5.528,5.169,24.0,0.0,0.0,31.0,-100.0,-100.0,-8.0,0.0,0.0,32.0,-100.0,-100.0,0.0,0.0,-0.0,31.0,-34.933,-95.0,-28.0,0.0,-4.75,38.0,-90.381,-90.311,-8.0,0.0,0.0,31.0,31.22,31.22,8.0,0.0,-3.494,31.0,40.619,40.825,-8.0,0.0,-0.0,33.0
147.0321,2,rev,-95.0,12.2,5.528,5.169,24.0,0.0,0.0,31.0,-100.0,-100.0,-8.0,0.0,0.0,32.0,-100.0,-100.0,0.0,0.0,-0.0,31.0,-35.333,-95.0,-28.0,0.0,-6.379,38.0,-90.381,-90.311,-8.0,0.0,0.0,31.0,31.22,31.22,8.0,0.0,-1.712,31.0,40.619,40.825,-8.0,0.0,-0.0,33.0
147.0855,2,rev,-95.0,12.2,5.528,5.169,24.0,0.0,0.0,31.0,-100.0,-100.0,-8.0,0.0,0.0,32.0,-100.0,-100.0,0.0,0.0,-0.0,31.0,-35.6,-95.0,-28.0,0.0,-6.072,38.0,-90.381,-90.311,-8.0,0.0,0.0,31.0,31.22,31.22,8.0,0.0,-0.839,31.0,40.619,40.825,-8.0,0.0,-0.0,33.0
147.1376,2,rev,-95.0,12.2,5.528,5.169,24.0,0.0,0.0,31.0,-100.0,-100.0,-8.0,0.0,0.0,32.0,-100.0,-100.0,0.0,0.0,-0.0,31.0,-35.733,-95.0,-28.0,0.0,-4.478,38.0,-90.381,-90.311,-8.0,0.0,0.0,31.0,31.22,31.22,8.0,0.0,-0.411,31.0,40.619,40.825,-8.0,0.0,-0.0,33.0
147.1912,2,rev,-95.0,12.2,5.528,5.169,24.0,0.0,0.0,31.0,-100.0,-100.0,-8.0,0.0,0.0,32.0,-100.0,-100.0,0.0,0.0,-0.0,31.0,-36.0,-95.0,-28.0,0.0,-4.732,38.0,-90.381,-90.311,-8.0,0.0,0.0,31.0,31.707,31.22,8.0,0.0,3.616,31.0,40.619,40.825,-8.0,0.0,-0.0,33.0
147.2442,2,rev,-95.0,12.2,5.528,5.169,24.0,0.0,0.0,31.0,-100.0,-100.0,-8.0,0.0,0.0,32.0,-100.0,-100.0,0.0,0.0,-0.0,31.0,-36.267,-95.0,-28.0,0.0,-4.877,38.0,-90.381,-90.311,-8.0,0.0,0.0,31.0,31.707,31.22,8.0,0.0,1.772,31.0,40.619,40.825,-8.0,0.0,-0.0,33.0
147.2971,2,rev,-95.0,12.2,5.528,5.169,24.0,0.0,0.0,31.0,-100.0,-100.0,-8.0,0.0,0.0,32.0,-100.0,-100.0,0.0,0.0,-0.0,31.0,-36.533,-95.0,-28.0,0.0,-4.939,38.0,-90.381,-90.311,-8.0,0.0,0.0,31.0,31.707,31.22,8.0,0.0,0.868,31.0,40.619,40.825,-8.0,0.0,-0.0,33.0
147.3501,2,rev,-95.0,12.2,5.528,5.169,24.0,0.0,0.0,31.0,-100.0,-100.0,-8.0,0.0,0.0,32.0,-100.0,-100.0,0.0,0.0,-0.0,31.0,-36.8,-95.0,-28.0,0.0,-4.966,38.0,-90.381,-90.311,-8.0,0.0,0.0,31.0,31.707,31.22,8.0,0.0,0.425,31.0,40.619,40.825,-8.0,0.0,-0.0,33.0
147.4033,2,rev,-95.0,12.2,5.528,5.169,24.0,0.0,0.0,31.0,-100.0,-100.0,-8.0,0.0,0.0,31.0,-100.0,-100.0,0.0,0.0,-0.0,31.0,-37.067,-95.0,-28.0,1.0,-4.829,38.0,-90.381,-90.311,-8.0,0.0,0.0,31.0,31.707,31.22,8.0,0.0,0.298,31.0,40.619,40.825,-8.0,0.0,-0.0,33.0
147.4562,2,rev,-95.0,12.2,5.528,5.169,24.0,0.0,0.0,31.0,-100.0,-100.0,-8.0,0.0,0.0,31.0,-100.0,-100.0,0.0,0.0,-0.0,31.0,-37.2,-95.0,-28.0,1.0,-3.872,38.0,-90.381,-90.311,-8.0,0.0,0.0,31.0,31.707,31.22,8.0,0.0,0.146,31.0,40.619,40.825,-8.0,0.0,-0.0,33.0
147.5084,2,rev,-95.0,12.2,5.528,5.169,24.0,0.0,0.0,31.0,-100.0,-100.0,-8.0,0.0,0.0,31.0,-100.0,-100.0,0.0,0.0,-0.0,31.0,-37.467,-95.0,-28.0,1.0,-4.011,38.0,-90.381,-90.311,-8.0,0.0,0.0,31.0,31.707,31.22,8.0,0.0,0.071,31.0,40.619,40.825,-8.0,0.0,-0.0,33.0
147.5607,2,rev,-95.0,12.2,5.528,5.169,24.0,0.0,0.0,31.0,-100.0,-100.0,-8.0,0.0,0.0,31.0,-100.0,-100.0,0.0,0.0,-0.0,31.0,-37.867,-95.0,-28.0,1.0,-5.523,38.0,-90.381,-90.311,-8.0,0.0,0.0,31.0,31.707,31.22,8.0,0.0,0.035,31.0,40.619,40.825,-8.0,0.0,-0.0,33.0
147.615,2,rev,-95.0,12.2,5.528,5.169,24.0,0.0,0.0,31.0,-100.0,-100.0,-8.0,0.0,0.0,31.0,-100.0,-100.0,0.0,0.0,-0.0,31.0,-38.133,-95.0,-28.0,1.0,-5.702,38.0,-90.381,-90.311,-8.0,0.0,0.0,31.0,31.22,31.22,8.0,0.0,-5.463,31.0,40.619,40.825,-8.0,0.0,-0.0,33.0
147.6682,2,rev,-95.0,12.2,5.528,5.169,24.0,0.0,0.0,31.0,-100.0,-100.0,-8.0,0.0,0.0,31.0,-100.0,-100.0,0.0,0.0,-0.0,31.0,-38.4,-95.0,-28.0,1.0,-5.336,38.0,-90.381,-90.311,-8.0,0.0,0.0,31.0,31.22,31.22,8.0,0.0,-2.677,31.0,40.619,40.825,-8.0,0.0,-0.0,33.0
147.7213,2,rev,-95.0,12.2,5.528,5.169,24.0,0.0,0.0,31.0,-100.0,-100.0,-8.0,0.0,0.0,31.0,-100.0,-100.0,0.0,0.0,-0.0,31.0,-38.533,-95.0,-28.0,1.0,-3.653,38.0,-90.381,-90.311,-8.0,0.0,0.0,31.0,31.22,31.22,8.0,0.0,-1.312,31.0,40.619,40.825,-8.0,0.0,-0.0,33.0
147.7746,2,rev,-95.0,12.2,5.528,5.169,24.0,0.0,0.0,31.0,-100.0,-100.0,-8.0,0.0,0.0,31.0,-100.0,-100.0,0.0,0.0,-0.0,31.0,-38.933,-95.0,-28.0,1.0,-5.337,38.0,-90.381,-90.311,-8.0,0.0,0.0,31.0,31.22,31.22,8.0,0.0,-0.643,31.0,40.619,40.825,-8.0,0.0,-0.0,33.0
147.828,2,rev,-95.0,12.2,5.528,5.169,24.0,0.0,0.0,31.0,-100.0,-100.0,-8.0,0.0,0.0,31.0,-100.0,-100.0,0.0,0.0,-0.0,31.0,-39.2,-95.0,-28.0,1.0,-5.632,38.0,-90.381,-90.311,-8.0,0.0,0.0,31.0,31.707,31.22,8.0,0.0,5.204,31.0,40.619,40.825,-8.0,0.0,-0.0,33.0
147.8809,2,rev,-95.0,12.2,5.528,5.169,24.0,0.0,0.0,31.0,-100.0,-100.0,-8.0,0.0,0.0,31.0,-100.0,-100.0,0.0,0.0,-0.0,31.0,-39.333,-95.0,-28.0,1.0,-3.813,38.0,-90.381,-90.311,-8.0,0.0,0.0,31.0,31.707,31.22,8.0,0.0,2.55,31.0,40.619,40.825,-8.0,0.0,-0.0,33.0
147.9341,2,rev,-95.0,12.2,5.528,5.169,24.0,0.0,0.0,31.0,-100.0,-100.0,-8.0,0.0,0.0,31.0,-100.0,-100.0,0.0,0.0,-0.0,31.0,-39.467,-95.0,-28.0,1.0,-4.147,38.0,-90.381,-90.311,-8.0,0.0,0.0,31.0,31.707,31.22,8.0,0.0,1.785,31.0,40.619,40.825,-8.0,0.0,-0.0,33.0
147.9866,2,rev,-95.0,12.2,5.528,5.169,24.0,0.0,0.0,31.0,-100.0,-100.0,-8.0,0.0,0.0,32.0,-100.0,-100.0,0.0,0.0,-0.0,31.0,-39.733,-95.0,-8.0,0.0,-4.244,38.0,-90.381,-90.311,-8.0,0.0,0.0,31.0,31.707,31.22,8.0,0.0,1.25,31.0,40.619,40.825,-8.0,0.0,-0.0,33.0
148.0401,2,rev,-95.0,12.2,5.528,5.169,24.0,0.0,0.0,31.0,-100.0,-100.0,-8.0,0.0,0.0,32.0,-100.0,-100.0,0.0,0.0,-0.0,31.0,-40.133,-95.0,-8.0,0.0,-6.023,38.0,-90.381,-90.311,-8.0,0.0,0.0,31.0,31.707,31.22,8.0,0.0,0.612,31.0,40.619,40.825,-8.0,0.0,-0.0,33.0
148.0939,2,rev,-95.0,12.2,5.528,5.169,24.0,0.0,0.0,31.0,-100.0,-100.0,-8.0,0.0,0.0,32.0,-100.0,-100.0,0.0,0.0,-0.0,31.0,-40.4,-95.0,-8.0,0.0,-5.391,38.0,-90.381,-90.311,-8.0,0.0,0.0,31.0,31.707,31.22,8.0,0.0,0.3,31.0,40.619,40.825,-8.0,0.0,-0.0,33.0
148.1472,2,rev,-95.0,12.2,5.528,5.169,24.0,0.0,0.0,31.0,-100.0,-100.0,-8.0,0.0,0.0,32.0,-100.0,-100.0,0.0,0.0,-0.0,31.0,-40.8,-95.0,-8.0,0.0,-6.679,38.0,-90.381,-90.311,-8.0,0.0,0.0,31.0,31.707,31.22,8.0,0.0,0.147,31.0,40.619,40.825,-8.0,0.0,-0.0,33.0
148.2002,2,rev,-95.0,12.2,5.528,5.169,24.0,0.0,0.0,31.0,-100.0,-100.0,-8.0,0.0,0.0,32.0,-100.0,-100.0,0.0,0.0,-0.0,31.0,-40.933,-95.0,-8.0,0.0,-4.319,38.0,-90.381,-90.311,-8.0,0.0,0.0,31.0,31.707,31.22,8.0,0.0,0.072,31.0,40.619,40.825,-8.0,0.0,-0.0,33.0
148.2536,2,rev,-95.0,12.2,5.528,5.169,24.0,0.0,0.0,31.0,-100.0,-100.0,-8.0,0.0,0.0,32.0,-100.0,-100.0,0.0,0.0,-0.0,31.0,-41.333,-95.0,-8.0,0.0,-5.706,38.0,-90.381,-90.311,-8.0,0.0,0.0,31.0,31.707,31.22,8.0,0.0,0.035,31.0,40.619,40.825,-8.0,0.0,-0.0,33.0
148.3069,2,rev,-95.0,12.2,5.528,5.169,24.0,0.0,0.0,31.0,-100.0,-100.0,-8.0,0.0,0.0,32.0,-100.0,-100.0,0.0,0.0,-0.0,31.0,-41.6,-95.0,-8.0,0.0,-5.811,38.0,-90.381,-90.311,-8.0,0.0,0.0,31.0,31.22,31.22,8.0,0.0,-3.831,31.0,40.619,40.825,-8.0,0.0,-0.0,33.0
148.3606,2,rev,-95.0,12.2,5.528,5.169,24.0,0.0,0.0,31.0,-100.0,-100.0,-8.0,0.0,0.0,32.0,-100.0,-100.0,0.0,0.0,-0.0,31.0,-41.733,-95.0,-8.0,0.0,-4.325,38.0,-90.381,-90.311,-8.0,0.0,0.0,31.0,31.22,31.22,8.0,0.0,-1.877,31.0,40.619,40.825,-8.0,0.0,-0.0,33.0
148.4138,2,rev,-95.0,12.2,5.528,5.169,24.0,0.0,0.0,31.0,-100.0,-100.0,-8.0,0.0,0.0,32.0,-100.0,-100.0,0.0,0.0,-0.0,31.0,-42.0,-95.0,-8.0,0.0,-4.654,38.0,-90.381,-90.311,-8.0,0.0,0.0,31.0,31.22,31.22,8.0,0.0,-0.92,31.0,40.619,40.825,-8.0,0.0,-0.0,33.0
148.4676,2,rev,-95.0,12.2,5.528,5.169,24.0,0.0,0.0,31.0,-100.0,-100.0,-8.0,0.0,0.0,32.0,-100.0,-100.0,0.0,0.0,-0.0,31.0,-42.267,-95.0,-8.0,0.0,-4.841,38.0,-90.381,-90.311,-8.0,0.0,0.0,31.0,31.22,31.22,8.0,0.0,-0.451,31.0,40.619,40.825,-8.0,0.0,-0.0,33.0
148.5209,2,rev,-95.0,12.2,5.528,5.169,24.0,0.0,0.0,31.0,-100.0,-100.0,-8.0,0.0,0.0,32.0,-100.0,-100.0,0.0,0.0,-0.0,31.0,-42.4,-95.0,-8.0,0.0,-4.881,38.0,-90.381,-90.311,-8.0,0.0,0.0,31.0,31.22,31.22,0.0,0.0,-0.316,31.0,40.619,40.825,-8.0,0.0,-0.0,33.0
148.5745,2,rev,-95.0,12.2,5.528,5.169,24.0,0.0,0.0,31.0,-100.0,-100.0,-8.0,0.0,0.0,32.0,-100.0,-100.0,0.0,0.0,-0.0,31.0,-42.667,-95.0,-8.0,0.0,-3.365,38.0,-90.381,-90.311,-8.0,0.0,0.0,31.0,31.707,31.22,0.0,0.0,1.626,31.0,40.619,40.825,-8.0,0.0,-0.0,33.0
148.6286,2,rev,-95.0,12.2,5.528,5.169,24.0,0.0,0.0,31.0,-100.0,-100.0,-8.0,0.0,0.0,32.0,-100.0,-100.0,0.0,0.0,-0.0,31.0,-43.067,-95.0,-8.0,0.0,-5.241,38.0,-90.381,-90.311,-8.0,0.0,0.0,31.0,31.707,31.22,0.0,0.0,0.797,31.0,40.619,40.825,-8.0,0.0,-0.0,33.0
148.6807,2,rev,-95.0,12.2,5.528,5.169,24.0,0.0,0.0,31.0,-100.0,-100.0,-8.0,0.0,0.0,32.0,-100.0,-100.0,0.0,0.0,-0.0,31.0,-43.333,-95.0,-8.0,0.0,-5.115,38.0,-90.381,-90.311,-8.0,0.0,0.0,31.0,31.707,31.22,0.0,0.0,0.39,31.0,40.619,40.825,-8.0,0.0,-0.0,33.0
148.7326,2,rev,-95.0,12.2,5.528,5.169,24.0,0.0,0.0,31.0,-100.0,-100.0,-8.0,0.0,0.0,32.0,-100.0,-100.0,0.0,0.0,-0.0,31.0,-43.6,-95.0,-8.0,0.0,-5.044,38.0,-90.381,-90.311,-8.0,0.0,0.0,31.0,31.707,31.22,0.0,0.0,0.191,31.0,40.619,40.825,-8.0,0.0,-0.0,33.0
148.7859,2,rev,-95.0,12.2,5.528,5.169,24.0,0.0,0.0,31.0,-100.0,-100.0,-8.0,0.0,0.0,32.0,-100.0,-100.0,0.0,0.0,-0.0,31.0,-43.867,-95.0,-8.0,0.0,-4.992,38.0,-90.381,-90.311,-8.0,0.0,0.0,31.0,31.707,31.22,0.0,0.0,0.094,31.0,40.619,40.825,-8.0,0.0,-0.0,33.0
148.8391,2,rev,-95.0,12.2,5.528,5.169,24.0,0.0,0.0,31.0,-100.0,-100.0,-8.0,0.0,0.0,32.0,-100.0,-100.0,0.0,0.0,-0.0,31.0,-44.133,-95.0,-8.0,0.0,-4.995,38.0,-90.381,-90.311,-8.0,0.0,0.0,31.0,31.22,31.22,0.0,0.0,-3.793,31.0,40.619,40.825,-8.0,0.0,-0.0,33.0
148.8919,2,rev,-95.0,12.2,5.528,5.169,24.0,0.0,0.0,31.0,-100.0,-100.0,-8.0,0.0,0.0,32.0,-100.0,-100.0,0.0,0.0,-0.0,31.0,-44.4,-95.0,-8.0,0.0,-4.995,38.0,-90.381,-90.311,-8.0,0.0,0.0,31.0,31.22,31.22,0.0,0.0,-1.859,31.0,40.619,40.825,-8.0,0.0,-0.0,33.0
148.9449,2,rev,-95.0,12.2,5.528,5.169,24.0,0.0,0.0,31.0,-100.0,-100.0,-8.0,0.0,0.0,32.0,-100.0,-100.0,0.0,0.0,-0.0,31.0,-44.667,-95.0,-8.0,0.0,-5.002,38.0,-90.381,-90.311,-8.0,0.0,0.0,31.0,31.22,31.22,0.0,0.0,-0.911,31.0,40.619,40.825,-8.0,0.0,-0.0,33.0
148.998,2,rev,-95.0,12.2,5.528,5.169,24.0,0.0,0.0,31.0,-100.0,-100.0,-8.0,0.0,0.0,32.0,-100.0,-100.0,0.0,0.0,-0.0,31.0,-44.933,-95.0,-8.0,0.0,-4.986,38.0,-90.381,-90.311,-8.0,0.0,0.0,31.0,31.22,31.22,0.0,0.0,-0.446,31.0,40.619,40.825,-8.0,0.0,-0.0,33.0
149.0512,2,rev,-95.0,12.2,5.528,5.169,24.0,0.0,0.0,31.0,-100.0,-100.0,-8.0,0.0,0.0,32.0,-100.0,-100.0,0.0,0.0,-0.0,31.0,-45.2,-95.0,-8.0,0.0,-5.001,38.0,-90.381,-90.311,-8.0,0.0,0.0,31.0,31.22,31.22,0.0,0.0,-0.219,31.0,40.619,40.825,-8.0,0.0,-0.0,33.0
149.1043,2,rev,-95.0,12.2,5.528,5.169,24.0,0.0,0.0,31.0,-100.0,-100.0,-8.0,0.0,0.0,32.0,-100.0,-100.0,0.0,0.0,-0.0,31.0,-45.467,-95.0,-8.0,0.0,-4.834,38.0,-90.381,-90.311,-8.0,0.0,0.0,31.0,31.22,31.22,0.0,0.0,-0.153,31.0,40.619,40.825,-8.0,0.0,-0.0,33.0
149.1567,2,rev,-95.0,12.2,5.528,5.169,24.0,0.0,0.0,31.0,-100.0,-100.0,-8.0,0.0,0.0,32.0,-100.0,-100.0,0.0,0.0,-0.0,31.0,-45.467,-95.0,-8.0,0.0,-3.384,38.0,-90.381,-90.311,-8.0,0.0,0.0,31.0,31.707,31.22,0.0,0.0,5.373,31.0,40.619,40.825,-8.0,0.0,-0.0,33.0
149.2102,2,rev,-95.0,12.2,5.528,5.169,24.0,0.0,0.0,31.0,-100.0,-100.0,-8.0,0.0,0.0,32.0,-100.0,-100.0,0.0,0.0,-0.0,31.0,-45.867,-95.0,-8.0,0.0,-5.563,38.0,-90.381,-90.311,-8.0,0.0,0.0,31.0,31.707,31.22,0.0,0.0,2.633,31.0,40.619,40.825,-8.0,0.0,-0.0,33.0
149.2629,2,rev,-95.0,12.2,5.528,5.169,24.0,0.0,0.0,31.0,-100.0,-100.0,-8.0,0.0,0.0,32.0,-100.0,-100.0,0.0,0.0,-0.0,31.0,-46.133,-95.0,-8.0,0.0,-5.181,38.0,-90.381,-90.311,-8.0,0.0,0.0,31.0,31.707,31.22,0.0,0.0,1.29,31.0,40.619,40.825,-8.0,0.0,-0.0,33.0
149.3165,2,rev,-95.0,12.2,5.528,5.169,24.0,0.0,0.0,31.0,-100.0,-100.0,-8.0,0.0,0.0,32.0,-100.0,-100.0,0.0,0.0,-0.0,31.0,-46.533,-95.0,-8.0,0.0,-5.93,38.0,-90.381,-90.311,-8.0,0.0,0.0,31.0,31.707,31.22,0.0,0.0,0.632,31.0,40.619,40.825,-8.0,0.0,-0.0,33.0
149.3695,2,rev,-95.0,12.2,5.528,5.169,24.0,0.0,0.0,31.0,-100.0,-100.0,-8.0,0.0,0.0,32.0,-100.0,-100.0,0.0,0.0,-0.0,31.0,-46.8,-95.0,-8.0,0.0,-5.442,38.0,-90.381,-90.311,-8.0,0.0,0.0,31.0,31.22,31.22,0.0,0.0,-3.49,31.0,40.619,40.825,-8.0,0.0,-0.0,33.0
149.4228,2,rev,-95.0,12.2,5.528,5.169,24.0,0.0,0.0,31.0,-100.0,-100.0,-8.0,0.0,0.0,32.0,-100.0,-100.0,0.0,0.0,-0.0,31.0,-47.067,-95.0,-8.0,0.0,-5.23,38.0,-90.381,-90.311,-8.0,0.0,0.0,31.0,31.22,31.22,0.0,0.0,-1.71,31.0,40.619,40.825,-8.0,0.0,-0.0,33.0
149.4756,2,rev,-95.0,12.2,5.528,5.169,24.0,0.0,0.0,31.0,-100.0,-100.0,-8.0,0.0,0.0,32.0,-100.0,-100.0,0.0,0.0,-0.0,31.0,-47.333,-95.0,-8.0,0.0,-5.097,38.0,-90.381,-90.311,-8.0,0.0,0.0,31.0,31.22,31.22,0.0,0.0,-0.838,31.0,40.619,40.825,-8.0,0.0,-0.0,33.0
149.5289,2,rev,-95.0,12.2,5.528,5.169,24.0,0.0,0.0,31.0,-100.0,-100.0,-8.0,0.0,0.0,32.0,-100.0,-100.0,0.0,0.0,-0.0,31.0,-47.6,-95.0,-8.0,0.0,-5.02,38.0,-90.381,-90.311,-8.0,0.0,0.0,31.0,31.22,31.22,0.0,0.0,-0.411,31.0,40.619,40.825,-8.0,0.0,-0.0,33.0
149.5817,2,rev,-95.0,12.2,5.438,5.169,24.0,0.0,-0.998,31.0,-100.0,-100.0,-8.0,0.0,0.0,32.0,-100.0,-100.0,0.0,0.0,-0.0,31.0,-47.867,-95.0,-8.0,0.0,-4.978,38.0,-90.381,-90.311,-8.0,0.0,0.0,31.0,31.22,31.22,0.0,0.0,-0.201,31.0,40.619,40.825,-8.0,0.0,-0.0,33.0
149.6359,2,rev,-95.0,12.2,5.438,5.169,24.0,0.0,-0.489,31.0,-100.0,-100.0,-8.0,0.0,0.0,32.0,-100.0,-100.0,0.0,0.0,-0.0,31.0,-48.133,-95.0,-8.0,0.0,-5.448,38.0,-90.381,-90.311,-8.0,0.0,0.0,31.0,31.22,31.22,0.0,0.0,-0.099,31.0,40.619,40.825,-8.0,0.0,-0.0,33.0
149.6882,2,rev,-95.0,12.2,5.438,5.169,16.0,0.0,-0.342,31.0,-100.0,-100.0,-8.0,0.0,0.0,32.0,-100.0,-100.0,0.0,0.0,-0.0,31.0,-48.4,-95.0,-8.0,0.0,-5.149,38.0,-90.381,-90.311,-8.0,0.0,0.0,31.0,31.22,31.22,0.0,0.0,-0.069,31.0,40.619,40.825,-8.0,0.0,-0.0,33.0
149.7411,2,rev,-95.0,12.2,5.438,5.169,16.0,0.0,-0.168,31.0,-100.0,-100.0,-8.0,0.0,0.0,32.0,-100.0,-100.0,0.0,0.0,-0.0,31.0,-48.533,-95.0,-8.0,0.0,-4.028,38.0,-90.381,-90.311,-8.0,0.0,0.0,31.0,31.707,31.22,0.0,0.0,3.837,31.0,40.619,40.825,-8.0,0.0,-0.0,33.0
149.7942,2,rev,-95.0,12.2,5.438,5.169,16.0,0.0,-0.082,31.0,-100.0,-100.0,-8.0,0.0,0.0,32.0,-100.0,-100.0,0.0,0.0,-0.0,31.0,-48.933,-95.0,-8.0,0.0,-5.561,38.0,-90.381,-90.311,-8.0,0.0,0.0,31.0,31.707,31.22,0.0,0.0,1.88,31.0,40.619,40.825,-8.0,0.0,-0.0,33.0
149.8473,2,rev,-95.0,12.2,5.438,5.169,16.0,0.0,-0.04,31.0,-100.0,-100.0,-8.0,0.0,0.0,32.0,-100.0,-100.0,0.0,0.0,-0.0,31.0,-49.067,-95.0,-8.0,0.0,-3.751,38.0,-90.381,-90.311,-8.0,0.0,0.0,31.0,31.22,31.22,0.0,0.0,-4.505,31.0,40.619,40.825,-8.0,0.0,-0.0,33.0
149.8996,2,rev,-95.0,12.2,5.438,5.169,16.0,0.0,-0.02,31.0,-100.0,-100.0,-8.0,0.0,0.0,32.0,-100.0,-100.0,0.0,0.0,-0.0,31.0,-49.467,-95.0,-8.0,0.0,-5.454,38.0,-90.381,-90.311,-8.0,0.0,0.0,31.0,31.22,31.22,0.0,0.0,-2.207,31.0,40.619,40.825,-8.0,0.0,-0.0,33.0
149.9528,2,rev,-95.0,12.2,5.438,5.169,16.0,0.0,-0.01,31.0,-100.0,-100.0,-8.0,0.0,0.0,32.0,-100.0,-100.0,0.0,0.0,-0.0,31.0,-49.733,-95.0,-8.0,0.0,-5.221,38.0,-90.381,-90.311,-8.0,0.0,0.0,31.0,31.22,31.22,0.0,0.0,-1.082,31.0,40.619,40.825,-8.0,0.0,-0.0,33.0
150.0057,2,rev,-95.0,12.2,5.438,5.169,16.0,0.0,-0.005,31.0,-100.0,-100.0,-8.0,0.0,0.0,32.0,-100.0,-100.0,0.0,0.0,-0.0,31.0,-50.0,-95.0,-8.0,0.0,-5.112,38.0,-90.381,-90.311,-8.0,0.0,0.0,31.0,31.22,31.22,0.0,0.0,-0.53,31.0,40.619,40.825,-8.0,0.0,-0.0,33.0
150.0591,2,rev,-95.0,12.2,5.438,5.169,16.0,0.0,-0.002,31.0,-100.0,-100.0,-8.0,0.0,0.0,32.0,-100.0,-100.0,0.0,0.0,-0.0,31.0,-50.267,-95.0,-8.0,0.0,-5.525,38.0,-90.381,-90.311,-8.0,0.0,0.0,31.0,31.22,31.22,0.0,0.0,-0.26,31.0,40.619,40.825,-8.0,0.0,-0.0,33.0
150.1122,2,rev,-95.0,12.2,5.438,5.169,16.0,0.0,-0.001,31.0,-100.0,-100.0,-8.0,0.0,0.0,32.0,-100.0,-100.0,0.0,0.0,-0.0,31.0,-50.4,-95.0,-8.0,0.0,-4.214,38.0,-90.381,-90.311,-8.0,0.0,0.0,31.0,31.22,31.22,0.0,0.0,-0.127,31.0,40.619,40.825,-8.0,0.0,-0.0,33.0
150.1654,2,rev,-95.0,12.2,5.438,5.169,16.0,0.0,-0.001,31.0,-100.0,-100.0,-8.0,0.0,0.0,32.0,-100.0,-100.0,0.0,0.0,-0.0,31.0,-50.8,-95.0,-8.0,0.0,-5.644,38.0,-90.381,-90.311,-8.0,0.0,0.0,31.0,31.22,31.22,0.0,0.0,-0.062,31.0,40.619,40.825,-8.0,0.0,-0.0,33.0
150.2184,2,rev,-95.0,12.2,5.438,5.169,16.0,0.0,-0.0,31.0,-100.0,-100.0,-8.0,0.0,0.0,32.0,-100.0,-100.0,0.0,0.0,-0.0,31.0,-50.8,-95.0,-8.0,0.0,-3.951,38.0,-90.381,-90.311,-8.0,0.0,0.0,31.0,31.22,31.22,0.0,0.0,-0.044,32.0,40.619,40.825,-8.0,0.0,-0.0,33.0
150.2714,2,rev,-95.0,12.2,5.438,5.169,16.0,0.0,-0.0,31.0,-100.0,-100.0,-8.0,0.0,0.0,32.0,-100.0,-100.0,0.0,0.0,-0.0,31.0,-51.067,-95.0,-8.0,0.0,-4.17,38.0,-90.381,-90.311,-8.0,0.0,0.0,31.0,31.22,31.22,0.0,0.0,-0.031,32.0,40.619,40.825,-8.0,0.0,-0.0,33.0
150.3245,2,rev,-95.0,12.2,5.438,5.169,16.0,0.0,-0.0,31.0,-100.0,-100.0,-8.0,0.0,0.0,32.0,-100.0,-100.0,0.0,0.0,-0.0,31.0,-51.333,-95.0,-8.0,0.0,-4.478,38.0,-90.381,-90.311,-8.0,0.0,0.0,31.0,31.22,31.22,0.0,0.0,-0.015,32.0,40.619,40.825,-8.0,0.0,-0.0,33.0
150.3775,2,rev,-95.0,12.2,5.438,5.169,16.0,0.0,-0.0,31.0,-100.0,-100.0,-8.0,0.0,0.0,32.0,-100.0,-100.0,0.0,0.0,-0.0,31.0,-51.6,-95.0,-8.0,0.0,-4.652,38.0,-90.381,-90.311,-8.0,0.0,0.0,31.0,31.22,31.22,0.0,0.0,-0.007,32.0,40.619,40.825,-8.0,0.0,-0.0,33.0
150.4308,2,rev,-95.0,12.2,5.438,5.169,16.0,0.0,-0.0,31.0,-100.0,-100.0,-8.0,0.0,0.0,32.0,-100.0,-100.0,0.0,0.0,-0.0,31.0,-51.867,-95.0,-8.0,0.0,-4.846,38.0,-90.381,-90.311,-8.0,0.0,0.0,31.0,31.22,31.22,0.0,0.0,-0.004,32.0,40.619,40.825,-8.0,0.0,-0.0,33.0
150.4841,2,rev,-95.0,12.2,5.438,5.169,16.0,0.0,-0.0,31.0,-100.0,-100.0,-8.0,0.0,0.0,32.0,-100.0,-100.0,0.0,0.0,-0.0,31.0,-52.267,-95.0,-8.0,0.0,-6.408,38.0,-90.381,-90.311,-8.0,0.0,0.0,31.0,31.22,31.22,0.0,0.0,-0.002,32.0,40.619,40.825,-8.0,0.0,-0.0,33.0
150.5375,2,rev,-95.0,12.2,5.438,5.169,16.0,0.0,-0.0,31.0,-100.0,-100.0,-8.0,0.0,0.0,32.0,-100.0,-100.0,0.0,0.0,-0.0,31.0,-52.4,-95.0,-8.0,0.0,-4.642,38.0,-90.381,-90.311,-8.0,0.0,0.0,31.0,31.22,31.22,0.0,0.0,-0.001,32.0,40.619,40.825,-8.0,0.0,-0.0,33.0
150.5897,2,rev,-95.0,12.2,5.438,5.169,16.0,0.0,-0.0,31.0,-100.0,-100.0,-8.0,0.0,0.0,32.0,-100.0,-100.0,0.0,0.0,-0.0,31.0,-52.667,-95.0,-8.0,0.0,-4.184,38.0,-90.381,-90.311,-8.0,0.0,0.0,31.0,31.22,31.22,0.0,0.0,-0.0,32.0,40.619,40.825,-8.0,0.0,-0.0,33.0
150.6436,2,rev,-95.0,12.2,5.438,5.169,16.0,0.0,-0.0,31.0,-100.0,-100.0,-8.0,0.0,0.0,32.0,-100.0,-100.0,0.0,0.0,-0.0,31.0,-53.067,-95.0,-8.0,0.0,-5.668,38.0,-90.381,-90.311,-8.0,0.0,0.0,31.0,31.22,31.22,0.0,0.0,-0.0,32.0,40.619,40.825,-8.0,0.0,-0.0,33.0
150.6965,2,rev,-95.0,12.2,5.438,5.169,16.0,0.0,-0.0,31.0,-100.0,-100.0,-8.0,0.0,0.0,32.0,-100.0,-100.0,0.0,0.0,-0.0,31.0,-53.333,-95.0,-8.0,0.0,-5.317,38.0,-90.381,-90.311,-8.0,0.0,0.0,31.0,31.22,31.22,0.0,0.0,-0.0,32.0,40.619,40.825,-8.0,0.0,-0.0,33.0
150.7486,2,rev,-95.0,12.2,5.438,5.169,16.0,0.0,-0.0,31.0,-100.0,-100.0,-8.0,0.0,0.0,32.0,-100.0,-100.0,0.0,0.0,-0.0,31.0,-53.6,-95.0,-8.0,0.0,-5.155,38.0,-90.381,-90.311,-8.0,0.0,0.0,31.0,31.707,31.22,0.0,0.0,5.481,32.0,40.619,40.825,-8.0,0.0,-0.0,33.0
150.8007,2,rev,-95.0,12.1,5.438,5.169,16.0,0.0,-0.0,31.0,-100.0,-100.0,-8.0,0.0,0.0,32.0,-100.0,-100.0,0.0,0.0,-0.0,31.0,-53.733,-95.0,-12.0,0.0,-5.115,38.0,-90.381,-90.311,-8.0,0.0,0.0,31.0,31.707,31.22,8.0,0.0,3.837,32.0,40.619,40.825,-8.0,0.0,-0.0,33.0
150.8539,2,rev,-95.0,12.1,5.438,5.169,16.0,0.0,-0.0,31.0,-100.0,-100.0,-8.0,0.0,0.0,32.0,-100.0,-100.0,0.0,0.0,-0.0,31.0,-54.0,-95.0,-12.0,0.0,-3.499,38.0,-90.381,-90.311,-8.0,0.0,0.0,31.0,31.707,31.22,8.0,0.0,1.88,32.0,40.619,40.825,-8.0,0.0,-0.0,33.0
150.9071,2,rev,-95.0,12.1,5.438,5.169,16.0,0.0,-0.0,31.0,-100.0,-100.0,-8.0,0.0,0.0,32.0,-100.0,-100.0,0.0,0.0,-0.0,31.0,-54.4,-95.0,-12.0,0.0,-5.334,38.0,-90.381,-90.311,-8.0,0.0,0.0,31.0,31.22,31.22,8.0,0.0,-4.592,32.0,40.619,40.825,-8.0,0.0,-0.0,33.0
150.9603,2,rev,-95.0,12.1,5.438,5.169,16.0,0.0,-0.0,31.0,-100.0,-100.0,-8.0,0.0,0.0,32.0,-100.0,-100.0,0.0,0.0,-0.0,31.0,-54.667,-95.0,-12.0,0.0,-5.178,38.0,-90.381,-90.311,-8.0,0.0,0.0,31.0,31.22,31.22,8.0,0.0,-2.25,32.0,40.619,40.825,-8.0,0.0,-0.0,33.0
151.0134,2,rev,-95.0,12.1,5.438,5.169,16.0,0.0,-0.0,31.0,-100.0,-100.0,-8.0,0.0,0.0,32.0,-100.0,-100.0,0.0,0.0,-0.0,31.0,-54.933,-95.0,-12.0,0.0,-5.534,38.0,-90.381,-90.311,-8.0,0.0,0.0,31.0,31.22,31.22,8.0,0.0,-1.103,32.0,40.619,40.825,-8.0,0.0,-0.0,33.0
151.0665,2,rev,-95.0,12.1,5.438,5.169,16.0,0.0,-0.0,31.0,-100.0,-100.0,-8.0,0.0,0.0,32.0,-100.0,-100.0,0.0,0.0,-0.0,31.0,-55.2,-95.0,-12.0,0.0,-5.27,38.0,-90.381,-90.311,-8.0,0.0,0.0,31.0,31.22,31.22,8.0,0.0,-0.54,32.0,40.619,40.825,-8.0,0.0,-0.0,33.0
151.1195,2,rev,-95.0,12.1,5.438,5.169,16.0,0.0,-0.0,31.0,-100.0,-100.0,-8.0,0.0,0.0,32.0,-100.0,-100.0,0.0,0.0,-0.0,31.0,-55.467,-95.0,-12.0,0.0,-5.133,38.0,-90.381,-90.311,-8.0,0.0,0.0,31.0,31.22,31.22,8.0,0.0,-0.265,32.0,40.619,40.825,-8.0,0.0,-0.0,33.0
151.1725,2,rev,-95.0,12.1,5.438,5.169,16.0,0.0,-0.0,31.0,-100.0,-100.0,-8.0,0.0,0.0,32.0,-100.0,-100.0,0.0,0.0,-0.0,31.0,-55.733,-95.0,-12.0,0.0,-5.081,38.0,-90.381,-90.311,-8.0,0.0,0.0,31.0,31.22,31.22,8.0,0.0,-0.13,32.0,40.619,40.825,-8.0,0.0,-0.0,33.0
151.2255,2,rev,-95.0,12.1,5.438,5.169,16.0,0.0,-0.0,31.0,-100.0,-100.0,-8.0,0.0,0.0,32.0,-100.0,-100.0,0.0,0.0,-0.0,31.0,-56.0,-95.0,-12.0,0.0,-5.049,38.0,-90.381,-90.311,-8.0,0.0,0.0,31.0,31.22,31.22,8.0,0.0,-0.064,32.0,40.619,40.825,-8.0,0.0,-0.0,33.0
151.2785,2,rev,-95.0,12.1,5.438,5.169,16.0,0.0,-0.0,31.0,-100.0,-100.0,-8.0,0.0,0.0,32.0,-100.0,-100.0,0.0,0.0,-0.0,31.0,-56.267,-95.0,-12.0,0.0,-5.01,38.0,-90.381,-90.311,-8.0,0.0,0.0,31.0,31.22,31.22,8.0,0.0,-0.031,32.0,40.619,40.825,-8.0,0.0,-0.0,33.0
151.3315,2,rev,-95.0,12.1,5.438,5.169,16.0,0.0,-0.0,31.0,-100.0,-100.0,-8.0,0.0,0.0,32.0,-100.0,-100.0,0.0,0.0,-0.0,31.0,-56.4,-95.0,-12.0,0.0,-3.511,38.0,-90.381,-90.311,-8.0,0.0,0.0,31.0,31.22,31.22,8.0,0.0,-0.015,32.0,40.619,40.825,-8.0,0.0,-0.0,33.0
151.3845,2,rev,-95.0,12.1,5.438,5.169,16.0,0.0,-0.0,31.0,-100.0,-100.0,-8.0,0.0,0.0,32.0,-100.0,-100.0,0.0,0.0,-0.0,31.0,-56.667,-95.0,-4.0,0.0,-3.788,38.0,-90.381,-90.311,-8.0,0.0,0.0,31.0,31.22,31.22,0.0,0.0,-0.011,31.0,40.619,40.825,-8.0,0.0,-0.0,33.0
151.4372,2,rev,-95.0,12.1,5.438,5.169,16.0,0.0,-0.0,31.0,-100.0,-100.0,-8.0,0.0,0.0,32.0,-100.0,-100.0,0.0,0.0,-0.0,31.0,-56.933,-95.0,-4.0,0.0,-4.411,38.0,-90.381,-90.311,-8.0,0.0,0.0,31.0,31.22,31.22,0.0,0.0,-0.005,31.0,40.619,40.825,-8.0,0.0,-0.0,33.0
151.4904,2,rev,-95.0,12.1,5.438,5.169,16.0,0.0,-0.0,31.0,-100.0,-100.0,-8.0,0.0,0.0,32.0,-100.0,-100.0,0.0,0.0,-0.0,31.0,-57.333,-95.0,-4.0,0.0,-5.777,38.0,-90.381,-90.311,-8.0,0.0,0.0,31.0,31.22,31.22,0.0,0.0,-0.003,31.0,40.619,40.825,-8.0,0.0,-0.0,33.0
151.5426,2,rev,-95.0,12.1,5.438,5.169,16.0,0.0,-0.0,31.0,-100.0,-100.0,-8.0,0.0,0.0,32.0,-100.0,-100.0,0.0,0.0,-0.0,31.0,-57.6,-95.0,-4.0,0.0,-5.38,38.0,-90.381,-90.311,-8.0,0.0,0.0,31.0,31.22,31.22,0.0,0.0,-0.001,31.0,40.619,40.825,-8.0,0.0,-0.0,33.0
151.5946,2,rev,-95.0,12.1,5.438,5.169,16.0,0.0,-0.0,31.0,-100.0,-100.0,-8.0,0.0,0.0,32.0,-100.0,-100.0,0.0,0.0,-0.0,31.0,-57.733,-95.0,-4.0,0.0,-5.256,38.0,-90.381,-90.311,-8.0,0.0,0.0,31.0,31.22,31.22,0.0,0.0,-0.001,31.0,40.619,40.825,-8.0,0.0,-0.0,33.0
151.6484,2,rev,-95.0,12.1,5.438,5.169,16.0,0.0,-0.0,31.0,-100.0,-100.0,-8.0,0.0,0.0,32.0,-100.0,-100.0,0.0,0.0,-0.0,31.0,-58.0,-95.0,-4.0,0.0,-5.117,38.0,-90.381,-90.311,-8.0,0.0,0.0,31.0,31.22,31.22,0.0,0.0,-0.0,31.0,40.619,40.825,-8.0,0.0,-0.0,33.0
151.7019,2,rev,-95.0,12.1,5.438,5.169,16.0,0.0,-0.0,31.0,-100.0,-100.0,-8.0,0.0,0.0,32.0,-100.0,-100.0,0.0,0.0,-0.0,31.0,-58.267,-95.0,-4.0,0.0,-4.941,38.0,-90.381,-90.311,-8.0,0.0,0.0,31.0,31.22,31.22,0.0,0.0,-0.0,31.0,40.619,40.825,-8.0,0.0,-0.0,33.0
151.7556,2,rev,-95.0,12.1,5.438,5.169,16.0,0.0,-0.0,31.0,-100.0,-100.0,-8.0,0.0,0.0,32.0,-100.0,-100.0,0.0,0.0,-0.0,31.0,-58.533,-95.0,-4.0,0.0,-4.877,38.0,-90.381,-90.311,-8.0,0.0,0.0,31.0,31.22,31.22,0.0,0.0,-0.0,31.0,40.619,40.825,-8.0,0.0,-0.0,33.0
151.8076,2,rev,-95.0,12.1,5.438,5.169,16.0,0.0,-0.0,31.0,-100.0,-100.0,-8.0,0.0,0.0,32.0,-100.0,-100.0,0.0,0.0,-0.0,31.0,-58.8,-95.0,-4.0,0.0,-5.409,38.0,-90.381,-90.311,-8.0,0.0,0.0,31.0,31.22,31.22,0.0,0.0,-0.0,31.0,40.619,40.825,-8.0,0.0,-0.0,33.0
151.8609,2,rev,-95.0,12.1,5.438,5.169,16.0,0.0,-0.0,31.0,-100.0,-100.0,-8.0,0.0,0.0,32.0,-100.0,-100.0,0.0,0.0,-0.0,31.0,-59.067,-95.0,-4.0,0.0,-5.13,38.0,-90.381,-90.311,-8.0,0.0,0.0,31.0,31.22,31.22,0.0,0.0,-0.0,31.0,40.619,40.825,-8.0,0.0,-0.0,33.0
151.9142,2,rev,-95.0,12.1,5.438,5.169,16.0,0.0,-0.0,31.0,-100.0,-100.0,-8.0,0.0,0.0,32.0,-100.0,-100.0,0.0,0.0,-0.0,31.0,-59.333,-95.0,-4.0,0.0,-5.525,38.0,-90.381,-90.311,-8.0,0.0,0.0,31.0,31.22,31.22,0.0,0.0,-0.0,31.0,40.619,40.825,-8.0,0.0,-0.0,33.0
151.9675,2,rev,-95.0,12.2,5.438,5.169,16.0,0.0,-0.0,31.0,-100.0,-100.0,-8.0,0.0,0.0,32.0,-100.0,-100.0,0.0,0.0,-0.0,31.0,-59.467,-95.0,0.0,0.0,-4.537,38.0,-90.381,-90.311,-8.0,0.0,0.0,31.0,31.22,31.22,0.0,0.0,-0.0,31.0,40.619,40.825,-8.0,0.0,-0.0,33.0
152.0204,2,rev,-95.0,12.2,5.438,5.169,16.0,0.0,-0.0,31.0,-100.0,-100.0,-8.0,0.0,0.0,32.0,-100.0,-100.0,0.0,0.0,-0.0,31.0,-59.733,-95.0,0.0,0.0,-5.185,38.0,-90.381,-90.311,-8.0,0.0,0.0,31.0,31.22,31.22,0.0,0.0,-0.0,31.0,40.619,40.825,-8.0,0.0,-0.0,33.0
152.0727,2,rev,-95.0,12.2,5.438,5.169,16.0,0.0,-0.0,31.0,-100.0,-100.0,-8.0,0.0,0.0,32.0,-100.0,-100.0,0.0,0.0,-0.0,31.0,-60.133,-95.0,0.0,0.0,-6.625,38.0,-90.381,-90.311,-8.0,0.0,0.0,31.0,31.22,31.22,0.0,0.0,-0.0,31.0,40.619,40.825,-8.0,0.0,-0.0,33.0
152.1256,2,rev,-95.0,12.2,5.438,5.169,16.0,0.0,-0.0,31.0,-100.0,-100.0,-8.0,0.0,0.0,32.0,-100.0,-100.0,0.0,0.0,-0.0,31.0,-60.267,-95.0,0.0,0.0,-4.753,38.0,-90.381,-90.311,-8.0,0.0,0.0,31.0,31.22,31.22,0.0,0.0,-0.0,31.0,40.619,40.825,-8.0,0.0,-0.0,33.0
152.1785,2,rev,-95.0,12.2,5.438,5.169,16.0,0.0,-0.0,31.0,-100.0,-100.0,-8.0,0.0,0.0,32.0,-100.0,-100.0,0.0,0.0,-0.0,31.0,-60.667,-95.0,0.0,0.0,-5.942,38.0,-90.381,-90.311,-8.0,0.0,0.0,31.0,31.22,31.22,0.0,0.0,-0.0,31.0,40.619,40.825,-8.0,0.0,-0.0,33.0
152.2315,2,rev,-95.0,12.2,5.438,5.169,16.0,0.0,-0.0,31.0,-100.0,-100.0,-8.0,0.0,0.0,32.0,-100.0,-100.0,0.0,0.0,-0.0,31.0,-60.8,-95.0,0.0,0.0,-3.961,38.0,-90.381,-90.311,-8.0,0.0,0.0,31.0,31.22,31.22,0.0,0.0,-0.0,31.0,40.619,40.825,-8.0,0.0,-0.0,33.0
152.2845,2,rev,-95.0,12.2,5.438,5.169,16.0,0.0,-0.0,31.0,-100.0,-100.0,-8.0,0.0,0.0,32.0,-100.0,-100.0,0.0,0.0,-0.0,31.0,-61.067,-95.0,0.0,0.0,-4.057,38.0,-90.311,-90.311,-8.0,0.0,0.773,31.0,31.22,31.22,0.0,0.0,-0.0,31.0,40.619,40.825,-8.0,0.0,-0.0,33.0
152.3374,2,rev,-95.0,12.2,5.438,5.169,16.0,0.0,-0.0,31.0,-100.0,-100.0,-8.0,0.0,0.0,32.0,-100.0,-100.0,0.0,0.0,-0.0,31.0,-61.467,-95.0,0.0,0.0,-6.036,38.0,-90.311,-90.311,-8.0,0.0,0.379,31.0,31.22,31.22,0.0,0.0,-0.0,31.0,40.619,40.825,-8.0,0.0,-0.0,33.0
152.3904,2,rev,-95.0,12.2,5.438,5.169,16.0,0.0,-0.0,31.0,-100.0,-100.0,-8.0,0.0,0.0,32.0,-100.0,-100.0,0.0,0.0,-0.0,31.0,-61.733,-95.0,0.0,0.0,-5.972,38.0,-90.311,-90.311,-8.0,0.0,0.186,31.0,31.22,31.22,0.0,0.0,-0.0,31.0,40.619,40.825,-8.0,0.0,-0.0,33.0
152.4434,2,rev,-95.0,12.2,5.438,5.169,16.0,0.0,-0.0,31.0,-100.0,-100.0,-8.0,0.0,0.0,32.0,-100.0,-100.0,0.0,0.0,-0.0,31.0,-61.867,-95.0,0.0,0.0,-4.424,38.0,-90.311,-90.311,-8.0,0.0,0.091,31.0,31.22,31.22,0.0,0.0,-0.0,31.0,40.619,40.825,-8.0,0.0,-0.0,33.0
152.4965,2,rev,-95.0,12.2,5.438,5.169,16.0,0.0,-0.0,31.0,-100.0,-100.0,-8.0,0.0,0.0,32.0,-100.0,-100.0,0.0,0.0,-0.0,31.0,-62.0,-95.0,0.0,0.0,-4.594,38.0,-90.381,-90.311,-8.0,0.0,-0.714,31.0,31.22,31.22,0.0,0.0,-0.0,31.0,40.619,40.825,-8.0,0.0,-0.0,33.0
152.5496,2,rev,-95.0,12.2,5.438,5.169,16.0,0.0,-0.0,31.0,-100.0,-100.0,-8.0,0.0,0.0,32.0,-100.0,-100.0,0.0,0.0,-0.0,31.0,-62.4,-95.0,0.0,0.0,-4.733,38.0,-90.381,-90.311,-8.0,0.0,-0.35,31.0,31.22,31.22,0.0,0.0,-0.0,31.0,40.619,40.825,-8.0,0.0,-0.0,33.0
152.6016,2,rev,-95.0,12.2,5.438,5.169,16.0,0.0,-0.0,31.0,-100.0,-100.0,-8.0,0.0,0.0,32.0,-100.0,-100.0,0.0,0.0,-0.0,31.0,-62.8,-95.0,0.0,0.0,-6.362,38.0,-90.311,-90.311,-8.0,0.0,0.607,31.0,31.22,31.22,0.0,0.0,-0.0,31.0,40.619,40.825,-8.0,0.0,-0.0,33.0
152.6554,2,rev,-95.0,12.2,5.438,5.169,16.0,0.0,-0.0,31.0,-100.0,-100.0,-8.0,0.0,0.0,32.0,-100.0,-100.0,0.0,0.0,-0.0,31.0,-63.067,-95.0,0.0,0.0,-5.673,38.0,-90.311,-90.311,-8.0,0.0,0.298,31.0,31.22,31.22,0.0,0.0,-0.0,31.0,40.619,40.825,-8.0,0.0,-0.0,33.0
152.7084,2,rev,-95.0,12.2,5.438,5.169,16.0,0.0,-0.0,31.0,-100.0,-100.0,-8.0,0.0,0.0,32.0,-100.0,-100.0,0.0,0.0,-0.0,31.0,-63.333,-95.0,0.0,0.0,-5.33,38.0,-90.311,-90.311,-8.0,0.0,0.146,31.0,31.22,31.22,0.0,0.0,-0.0,31.0,40.619,40.825,-8.0,0.0,-0.0,33.0
152.7614,2,rev,-95.0,12.2,5.438,5.169,16.0,0.0,-0.0,31.0,-100.0,-100.0,-8.0,0.0,0.0,32.0,-100.0,-100.0,0.0,0.0,-0.0,31.0,-63.6,-95.0,0.0,0.0,-5.176,38.0,-90.311,-90.311,-8.0,0.0,0.071,31.0,31.22,31.22,0.0,0.0,-0.0,31.0,40.619,40.825,-8.0,0.0,-0.0,33.0
152.8143,2,rev,-95.0,12.2,5.438,5.169,16.0,0.0,-0.0,31.0,-100.0,-100.0,-8.0,0.0,0.0,32.0,-100.0,-100.0,0.0,0.0,-0.0,31.0,-63.867,-95.0,0.0,0.0,-5.072,38.0,-90.381,-90.311,-8.0,0.0,-0.508,31.0,31.22,31.22,0.0,0.0,-0.0,31.0,40.619,40.825,-8.0,0.0,-0.0,33.0
152.8674,2,rev,-95.0,12.2,5.438,5.169,16.0,0.0,-0.0,31.0,-100.0,-100.0,-8.0,0.0,0.0,32.0,-100.0,-100.0,0.0,0.0,-0.0,31.0,-64.133,-95.0,0.0,0.0,-5.054,38.0,-90.381,-90.311,-8.0,0.0,-0.249,31.0,31.22,31.22,0.0,0.0,-0.0,31.0,40.619,40.825,-8.0,0.0,-0.0,33.0
152.9197,2,rev,-95.0,12.2,5.438,5.169,16.0,0.0,-0.0,31.0,-100.0,-100.0,-8.0,0.0,0.0,32.0,-100.0,-100.0,0.0,0.0,-0.0,31.0,-64.4,-95.0,0.0,0.0,-5.024,38.0,-90.311,-90.311,-8.0,0.0,0.425,31.0,31.22,31.22,0.0,0.0,-0.0,31.0,40.619,40.825,-8.0,0.0,-0.0,33.0
152.9717,2,rev,-95.0,12.2,5.438,5.169,16.0,0.0,-0.0,31.0,-100.0,-100.0,-8.0,0.0,0.0,32.0,-100.0,-100.0,0.0,0.0,-0.0,31.0,-64.533,-95.0,0.0,0.0,-5.017,38.0,-90.311,-90.311,-8.0,0.0,0.298,31.0,31.22,31.22,0.0,0.0,-0.0,31.0,40.619,40.825,-8.0,0.0,-0.0,33.0
153.025,2,rev,-95.0,12.2,5.438,5.169,16.0,0.0,-0.0,31.0,-100.0,-100.0,-8.0,0.0,0.0,32.0,-100.0,-100.0,0.0,0.0,-0.0,31.0,-64.933,-95.0,0.0,0.0,-6.403,38.0,-90.311,-90.311,-8.0,0.0,0.146,31.0,31.22,31.22,0.0,0.0,-0.0,31.0,40.619,40.825,-8.0,0.0,-0.0,33.0
153.0785,2,rev,-95.0,12.2,5.438,5.169,16.0,0.0,-0.0,31.0,-100.0,-100.0,-8.0,0.0,0.0,32.0,-100.0,-100.0,0.0,0.0,-0.0,31.0,-64.933,-95.0,8.0,0.0,-4.482,38.0,-90.311,-90.311,0.0,0.0,0.102,31.0,31.22,31.22,0.0,0.0,-0.0,31.0,40.619,40.825,-8.0,0.0,-0.0,33.0
153.1307,2,rev,-95.0,12.2,5.438,5.169,16.0,0.0,-0.0,31.0,-100.0,-100.0,-8.0,0.0,0.0,32.0,-100.0,-100.0,0.0,0.0,-0.0,31.0,-65.2,-95.0,8.0,0.0,-3.184,38.0,-90.381,-90.311,0.0,0.0,-0.206,31.0,31.22,31.22,0.0,0.0,-0.0,31.0,40.619,40.825,-8.0,0.0,-0.0,33.0
153.184,2,rev,-95.0,12.2,5.438,5.169,16.0,0.0,-0.0,31.0,-100.0,-100.0,-8.0,0.0,0.0,32.0,-100.0,-100.0,0.0,0.0,-0.0,31.0,-65.6,-95.0,8.0,0.0,-5.16,38.0,-90.311,-90.311,0.0,0.0,0.681,31.0,31.22,31.22,0.0,0.0,-0.0,31.0,40.619,40.825,-8.0,0.0,-0.0,33.0
153.2373,2,rev,-95.0,12.2,5.438,5.169,16.0,0.0,-0.0,31.0,-100.0,-100.0,-8.0,0.0,0.0,32.0,-100.0,-100.0,0.0,0.0,-0.0,31.0,-65.867,-95.0,8.0,0.0,-5.087,38.0,-90.311,-90.311,0.0,0.0,0.334,31.0,31.22,31.22,0.0,0.0,-0.0,31.0,40.619,40.825,-8.0,0.0,-0.0,33.0
153.2903,2,rev,-95.0,12.2,5.438,5.169,16.0,0.0,-0.0,31.0,-100.0,-100.0,-8.0,0.0,0.0,32.0,-100.0,-100.0,0.0,0.0,-0.0,31.0,-66.133,-95.0,8.0,0.0,-5.036,38.0,-90.311,-90.311,0.0,0.0,0.164,31.0,31.22,31.22,0.0,0.0,-0.0,31.0,40.619,40.825,-8.0,0.0,-0.0,33.0
153.3432,2,rev,-95.0,12.2,5.438,5.169,16.0,0.0,-0.0,31.0,-100.0,-100.0,-8.0,0.0,0.0,32.0,-100.0,-100.0,0.0,0.0,-0.0,31.0,-66.4,-95.0,8.0,0.0,-5.016,38.0,-90.311,-90.311,0.0,0.0,0.08,31.0,31.22,31.22,0.0,0.0,-0.0,31.0,40.619,40.825,-8.0,0.0,-0.0,33.0
153.3963,2,rev,-95.0,12.2,5.438,5.169,16.0,0.0,-0.0,31.0,-100.0,-100.0,-8.0,0.0,0.0,32.0,-100.0,-100.0,0.0,0.0,-0.0,31.0,-66.667,-95.0,8.0,0.0,-5.018,38.0,-90.381,-90.311,0.0,0.0,-0.742,31.0,31.22,31.22,0.0,0.0,-0.0,31.0,40.619,40.825,-8.0,0.0,-0.0,33.0
153.4493,2,rev,-95.0,12.2,5.438,5.169,16.0,0.0,-0.0,31.0,-100.0,-100.0,-8.0,0.0,0.0,32.0,-100.0,-100.0,0.0,0.0,-0.0,31.0,-66.933,-95.0,8.0,0.0,-5.024,38.0,-90.381,-90.311,0.0,0.0,-0.364,31.0,31.22,31.22,0.0,0.0,-0.0,31.0,40.619,40.825,-8.0,0.0,-0.0,33.0
153.5017,2,rev,-95.0,12.2,5.438,5.169,16.0,0.0,-0.0,31.0,-100.0,-100.0,-8.0,0.0,0.0,32.0,-100.0,-100.0,0.0,0.0,-0.0,31.0,-67.2,-95.0,8.0,0.0,-5.022,38.0,-90.311,-90.311,0.0,0.0,0.608,31.0,31.22,31.22,0.0,0.0,-0.0,31.0,40.619,40.825,-8.0,0.0,-0.0,33.0
153.5552,2,rev,-95.0,12.2,5.438,5.169,16.0,0.0,-0.0,31.0,-100.0,-100.0,-8.0,0.0,0.0,32.0,-100.0,-100.0,0.0,0.0,-0.0,31.0,-67.467,-95.0,8.0,0.0,-5.002,38.0,-90.311,-90.311,0.0,0.0,0.298,31.0,31.22,31.22,0.0,0.0,-0.0,31.0,40.619,40.825,-8.0,0.0,-0.0,33.0
153.6083,2,rev,-95.0,12.2,5.438,5.169,16.0,0.0,-0.0,31.0,-100.0,-100.0,-8.0,0.0,0.0,32.0,-100.0,-100.0,0.0,0.0,-0.0,31.0,-67.733,-95.0,8.0,0.0,-5.001,38.0,-90.311,-90.311,0.0,0.0,0.146,31.0,31.22,31.22,0.0,0.0,-0.0,31.0,40.619,40.825,-8.0,0.0,-0.0,33.0
153.6625,2,rev,-95.0,12.2,5.438,5.169,16.0,0.0,-0.0,31.0,-100.0,-100.0,-8.0,0.0,0.0,32.0,-100.0,-100.0,0.0,0.0,-0.0,31.0,-67.867,-95.0,8.0,0.0,-4.171,38.0,-90.311,-90.311,0.0,0.0,0.102,31.0,31.22,31.22,0.0,0.0,-0.0,31.0,40.619,40.825,-8.0,0.0,-0.0,33.0
153.7154,2,rev,-95.0,12.2,5.438,5.169,16.0,0.0,-0.0,31.0,-100.0,-100.0,-8.0,0.0,0.0,32.0,-100.0,-100.0,0.0,0.0,-0.0,31.0,-68.133,-95.0,8.0,0.0,-4.613,38.0,-90.311,-90.311,0.0,0.0,0.05,31.0,31.22,31.22,0.0,0.0,-0.0,31.0,40.619,40.825,-8.0,0.0,-0.0,33.0
153.7691,2,rev,-95.0,12.2,5.438,5.169,16.0,0.0,-0.0,31.0,-100.0,-100.0,-8.0,0.0,0.0,32.0,-100.0,-100.0,0.0,0.0,-0.0,31.0,-68.533,-95.0,8.0,0.0,-5.858,38.0,-90.381,-90.311,0.0,0.0,-0.753,31.0,31.22,31.22,0.0,0.0,-0.0,31.0,40.619,40.825,-8.0,0.0,-0.0,33.0
153.8223,2,rev,-95.0,12.2,5.438,5.169,16.0,0.0,-0.0,31.0,-100.0,-100.0,-8.0,0.0,0.0,32.0,-100.0,-100.0,0.0,0.0,-0.0,31.0,-68.8,-95.0,8.0,0.0,-5.421,38.0,-90.381,-90.311,0.0,0.0,-0.369,31.0,31.22,31.22,0.0,0.0,-0.0,31.0,40.619,40.825,-8.0,0.0,-0.0,33.0
153.8746,2,rev,-95.0,12.2,5.438,5.169,16.0,0.0,-0.0,31.0,-100.0,-100.0,-8.0,0.0,0.0,32.0,-100.0,-100.0,0.0,0.0,-0.0,31.0,-69.067,-95.0,8.0,0.0,-5.204,38.0,-90.311,-90.311,0.0,0.0,0.364,31.0,31.22,31.22,0.0,0.0,-0.0,31.0,40.619,40.825,-8.0,0.0,-0.0,33.0
153.9279,2,rev,-95.0,12.2,5.438,5.169,16.0,0.0,-0.0,31.0,-100.0,-100.0,-8.0,0.0,0.0,32.0,-100.0,-100.0,0.0,0.0,-0.0,31.0,-69.333,-95.0,8.0,0.0,-5.072,38.0,-90.311,-90.311,0.0,0.0,0.178,31.0,31.22,31.22,0.0,0.0,-0.0,31.0,40.619,40.825,-8.0,0.0,-0.0,33.0
153.9814,2,rev,-95.0,12.2,5.438,5.169,16.0,0.0,-0.0,31.0,-100.0,-100.0,-8.0,0.0,0.0,32.0,-100.0,-100.0,0.0,0.0,-0.0,31.0,-69.6,-95.0,8.0,0.0,-5.038,38.0,-90.311,-90.311,0.0,0.0,0.087,31.0,31.22,31.22,0.0,0.0,-0.0,31.0,40.619,40.825,-8.0,0.0,-0.0,33.0
154.0345,2,rev,-95.0,12.2,5.438,5.169,16.0,0.0,-0.0,31.0,-100.0,-100.0,-8.0,0.0,0.0,32.0,-100.0,-100.0,0.0,0.0,-0.0,31.0,-69.867,-95.0,8.0,0.0,-5.01,38.0,-90.311,-90.311,0.0,0.0,0.043,31.0,31.22,31.22,0.0,0.0,-0.0,31.0,40.619,40.825,-8.0,0.0,-0.0,33.0
154.0875,2,rev,-95.0,12.2,5.438,5.169,16.0,0.0,-0.0,31.0,-100.0,-100.0,-8.0,0.0,0.0,32.0,-100.0,-100.0,0.0,0.0,-0.0,31.0,-70.133,-95.0,8.0,0.0,-5.001,38.0,-90.311,-90.311,0.0,0.0,0.021,31.0,31.22,31.22,0.0,0.0,-0.0,31.0,40.619,40.825,-8.0,0.0,-0.0,33.0
154.1404,2,rev,-95.0,12.2,5.438,5.169,16.0,0.0,-0.0,31.0,-100.0,-100.0,-8.0,0.0,0.0,32.0,-100.0,-100.0,0.0,0.0,-0.0,31.0,-70.4,-95.0,8.0,0.0,-5.007,38.0,-90.311,-90.311,0.0,0.0,0.01,31.0,31.22,31.22,0.0,0.0,-0.0,31.0,40.619,40.825,-8.0,0.0,-0.0,33.0
154.1926,2,rev,-95.0,12.2,5.438,5.169,16.0,0.0,-0.0,31.0,-100.0,-100.0,-8.0,0.0,0.0,32.0,-100.0,-100.0,0.0,0.0,-0.0,31.0,-70.533,-95.0,8.0,0.0,-4.991,38.0,-90.311,-90.311,0.0,0.0,0.007,31.0,31.22,31.22,0.0,0.0,-0.0,31.0,40.619,40.825,-8.0,0.0,-0.0,33.0
154.2459,2,rev,-95.0,12.2,5.438,5.169,16.0,0.0,-0.0,31.0,-100.0,-100.0,-8.0,0.0,0.0,32.0,-100.0,-100.0,0.0,0.0,-0.0,31.0,-70.8,-95.0,8.0,0.0,-4.427,38.0,-90.381,-90.311,0.0,0.0,-0.253,31.0,31.22,31.22,0.0,0.0,-0.0,31.0,40.619,40.825,-8.0,0.0,-0.0,33.0
154.2994,2,rev,-95.0,12.2,5.438,5.169,16.0,0.0,-0.0,31.0,-100.0,-100.0,-8.0,0.0,0.0,32.0,-100.0,-100.0,0.0,0.0,-0.0,31.0,-71.2,-95.0,8.0,0.0,-6.204,38.0,-90.311,-90.311,0.0,0.0,0.657,31.0,31.22,31.22,0.0,0.0,-0.0,31.0,40.619,40.825,-8.0,0.0,-0.0,33.0
154.3517,2,rev,-95.0,12.2,5.438,5.169,16.0,0.0,-0.0,31.0,-100.0,-100.0,-8.0,0.0,0.0,32.0,-100.0,-100.0,0.0,0.0,-0.0,31.0,-71.333,-95.0,8.0,0.0,-5.811,38.0,-90.311,-90.311,0.0,0.0,0.46,31.0,31.22,31.22,0.0,0.0,-0.0,31.0,40.619,40.825,-8.0,0.0,-0.0,33.0
154.4051,2,rev,-95.0,12.2,5.438,5.169,16.0,0.0,-0.0,31.0,-100.0,-100.0,-8.0,0.0,0.0,32.0,-100.0,-100.0,0.0,0.0,-0.0,31.0,-71.6,-95.0,8.0,0.0,-5.836,38.0,-90.311,-90.311,0.0,0.0,0.225,31.0,31.22,31.22,0.0,0.0,-0.0,31.0,40.619,40.825,-8.0,0.0,-0.0,33.0
154.4576,2,rev,-95.0,12.2,5.438,5.169,16.0,0.0,-0.0,31.0,-100.0,-100.0,-8.0,0.0,0.0,32.0,-100.0,-100.0,0.0,0.0,-0.0,31.0,-71.733,-95.0,8.0,0.0,-3.816,38.0,-90.311,-90.311,0.0,0.0,0.11,31.0,31.22,31.22,0.0,0.0,-0.0,31.0,40.619,40.825,-8.0,0.0,-0.0,33.0
154.5097,2,rev,-95.0,12.2,5.438,5.169,16.0,0.0,-0.0,31.0,-100.0,-100.0,-8.0,0.0,0.0,32.0,-100.0,-100.0,0.0,0.0,-0.0,31.0,-72.0,-95.0,8.0,0.0,-4.376,38.0,-90.311,-90.311,0.0,0.0,0.054,31.0,31.22,31.22,0.0,0.0,-0.0,31.0,40.619,40.825,-8.0,0.0,-0.0,33.0
154.5621,2,rev,-95.0,12.2,5.438,5.169,16.0,0.0,-0.0,31.0,-100.0,-100.0,-8.0,0.0,0.0,32.0,-100.0,-100.0,0.0,0.0,-0.0,31.0,-72.4,-95.0,8.0,0.0,-5.707,38.0,-90.311,-90.311,0.0,0.0,0.027,31.0,31.22,31.22,0.0,0.0,-0.0,31.0,40.619,40.825,-8.0,0.0,-0.0,33.0
154.6154,2,rev,-95.0,12.2,5.438,5.169,16.0,0.0,-0.0,31.0,-100.0,-100.0,-8.0,0.0,0.0,32.0,-100.0,-100.0,0.0,0.0,-0.0,31.0,-72.667,-95.0,8.0,0.0,-5.337,38.0,-90.311,-90.311,0.0,0.0,0.013,31.0,31.22,31.22,0.0,0.0,-0.0,31.0,40.619,40.825,-8.0,0.0,-0.0,33.0
154.6694,2,rev,-95.0,12.2,5.438,5.169,16.0,0.0,-0.0,31.0,-100.0,-100.0,-8.0,0.0,0.0,32.0,-100.0,-100.0,0.0,0.0,-0.0,31.0,-73.067,-95.0,8.0,0.0,-6.643,38.0,-90.311,-90.311,0.0,0.0,0.006,31.0,31.22,31.22,0.0,0.0,-0.0,31.0,40.619,40.825,-8.0,0.0,-0.0,33.0
154.7217,2,rev,-95.0,12.2,5.438,5.169,16.0,0.0,-0.0,31.0,-100.0,-100.0,-8.0,0.0,0.0,32.0,-100.0,-100.0,0.0,0.0,-0.0,31.0,-73.2,-95.0,8.0,0.0,-4.736,38.0,-90.311,-90.311,0.0,0.0,0.003,31.0,31.22,31.22,0.0,0.0,-0.0,31.0,40.619,40.825,-8.0,0.0,-0.0,33.0
154.775,2,rev,-95.0,12.2,5.438,5.169,16.0,0.0,-0.0,31.0,-100.0,-100.0,-8.0,0.0,0.0,32.0,-100.0,-100.0,0.0,0.0,-0.0,31.0,-73.333,-95.0,8.0,0.0,-4.818,38.0,-90.311,-90.311,0.0,0.0,0.002,31.0,31.22,31.22,0.0,0.0,-0.0,31.0,40.619,40.825,-8.0,0.0,-0.0,33.0
154.8281,2,rev,-95.0,12.2,5.438,5.169,16.0,0.0,-0.0,31.0,-100.0,-100.0,-8.0,0.0,0.0,32.0,-100.0,-100.0,0.0,0.0,-0.0,31.0,-73.6,-95.0,8.0,0.0,-3.341,38.0,-90.311,-90.311,0.0,0.0,0.001,31.0,31.22,31.22,0.0,0.0,-0.0,31.0,40.619,40.825,-8.0,0.0,-0.0,33.0
154.8815,2,rev,-95.0,12.2,5.438,5.169,16.0,0.0,-0.0,31.0,-100.0,-100.0,-8.0,0.0,0.0,32.0,-100.0,-100.0,0.0,0.0,-0.0,31.0,-74.0,-95.0,8.0,0.0,-5.219,38.0,-90.381,-90.311,0.0,0.0,-0.544,31.0,31.22,31.22,0.0,0.0,-0.0,31.0,40.619,40.825,-8.0,0.0,-0.0,33.0
154.9348,2,rev,-95.0,12.2,5.438,5.169,16.0,0.0,-0.0,31.0,-100.0,-100.0,-8.0,0.0,0.0,32.0,-100.0,-100.0,0.0,0.0,-0.0,31.0,-74.267,-95.0,8.0,0.0,-5.077,38.0,-90.311,-90.311,0.0,0.0,0.499,31.0,31.22,31.22,0.0,0.0,-0.0,31.0,40.619,40.825,-8.0,0.0,-0.0,33.0
154.9883,2,rev,-95.0,12.2,5.438,5.169,16.0,0.0,-0.0,31.0,-100.0,-100.0,-8.0,0.0,0.0,32.0,-100.0,-100.0,0.0,0.0,-0.0,31.0,-74.533,-95.0,8.0,0.0,-5.028,38.0,-90.311,-90.311,0.0,0.0,0.245,31.0,31.22,31.22,0.0,0.0,-0.0,31.0,40.619,40.825,-8.0,0.0,-0.0,33.0
155.0414,2,rev,-95.0,12.2,5.348,5.169,16.0,0.0,-0.998,31.0,-100.0,-100.0,-8.0,0.0,0.0,32.0,-100.0,-100.0,0.0,0.0,-0.0,31.0,-74.8,-95.0,8.0,0.0,-4.996,38.0,-90.311,-90.311,0.0,0.0,0.12,31.0,31.22,31.22,0.0,0.0,-0.0,31.0,40.619,40.825,-8.0,0.0,-0.0,33.0
155.0936,2,rev,-95.0,12.2,5.348,5.169,16.0,0.0,-0.489,31.0,-100.0,-100.0,-8.0,0.0,0.0,32.0,-100.0,-100.0,0.0,0.0,-0.0,31.0,-75.067,-95.0,8.0,0.0,-5.008,38.0,-90.311,-90.311,0.0,0.0,0.059,31.0,31.22,31.22,0.0,0.0,-0.0,31.0,40.619,40.825,-8.0,0.0,-0.0,33.0
155.1466,2,rev,-95.0,12.2,5.348,5.169,16.0,0.0,-0.24,31.0,-100.0,-100.0,-8.0,0.0,0.0,32.0,-100.0,-100.0,0.0,0.0,-0.0,31.0,-75.2,-95.0,8.0,0.0,-3.511,38.0,-90.311,-90.311,0.0,0.0,0.029,31.0,31.22,31.22,0.0,0.0,-0.0,31.0,40.619,40.825,-8.0,0.0,-0.0,33.0
155.2,2,rev,-95.0,12.2,5.348,5.169,16.0,0.0,-0.117,31.0,-100.0,-100.0,-8.0,0.0,0.0,32.0,-100.0,-100.0,0.0,0.0,-0.0,31.0,-75.6,-95.0,8.0,0.0,-5.288,38.0,-90.311,-90.311,0.0,0.0,0.014,31.0,31.22,31.22,0.0,0.0,-0.0,31.0,40.619,40.825,-8.0,0.0,-0.0,33.0
155.2535,2,rev,-95.0,12.2,5.348,5.169,16.0,0.0,-0.058,31.0,-100.0,-100.0,-8.0,0.0,0.0,32.0,-100.0,-100.0,0.0,0.0,-0.0,31.0,-75.733,-95.0,8.0,0.0,-4.086,38.0,-90.311,-90.311,0.0,0.0,0.007,31.0,31.22,31.22,0.0,0.0,-0.0,31.0,40.619,40.825,-8.0,0.0,-0.0,33.0
155.3068,2,rev,-95.0,12.2,5.348,5.169,16.0,0.0,-0.028,31.0,-100.0,-100.0,-8.0,0.0,0.0,32.0,-100.0,-100.0,0.0,0.0,-0.0,31.0,-76.133,-95.0,8.0,0.0,-5.572,38.0,-90.311,-90.311,0.0,0.0,0.003,31.0,31.22,31.22,0.0,0.0,-0.0,31.0,40.619,40.825,-8.0,0.0,-0.0,33.0
155.3602,2,rev,-95.0,12.2,5.348,5.169,8.0,0.0,-0.028,31.0,-100.0,-100.0,-8.0,0.0,0.0,32.0,-100.0,-100.0,0.0,0.0,-0.0,31.0,-76.133,-95.0,16.0,0.0,-5.572,38.0,-90.311,-90.311,0.0,0.0,0.003,31.0,31.22,31.22,0.0,0.0,-0.0,31.0,40.619,40.825,-8.0,0.0,-0.0,33.0
155.4134,2,rev,-95.0,12.2,5.348,5.169,8.0,0.0,-0.014,31.0,-100.0,-100.0,-8.0,0.0,0.0,32.0,-100.0,-100.0,0.0,0.0,-0.0,31.0,-76.267,-95.0,16.0,0.0,-3.177,38.0,-90.311,-90.311,0.0,0.0,0.002,31.0,31.22,31.22,0.0,0.0,-0.0,31.0,40.619,40.825,-8.0,0.0,-0.0,33.0
155.4658,2,rev,-95.0,12.2,5.348,5.169,8.0,0.0,-0.007,31.0,-100.0,-100.0,-8.0,0.0,0.0,32.0,-100.0,-100.0,0.0,0.0,-0.0,31.0,-76.667,-95.0,16.0,0.0,-4.938,38.0,-90.311,-90.311,0.0,0.0,0.001,31.0,31.22,31.22,0.0,0.0,-0.0,31.0,40.619,40.825,-8.0,0.0,-0.0,33.0
155.5194,2,rev,-95.0,12.2,5.348,5.169,8.0,0.0,-0.003,31.0,-100.0,-100.0,-8.0,0.0,0.0,32.0,-100.0,-100.0,0.0,0.0,-0.0,31.0,-76.933,-95.0,16.0,0.0,-4.907,38.0,-90.311,-90.311,0.0,0.0,0.0,31.0,31.22,31.22,0.0,0.0,-0.0,31.0,40.619,40.825,-8.0,0.0,-0.0,33.0
155.5716,2,rev,-95.0,12.2,5.348,5.169,8.0,0.0,-0.002,31.0,-100.0,-100.0,-8.0,0.0,0.0,32.0,-100.0,-100.0,0.0,0.0,-0.0,31.0,-77.2,-95.0,16.0,0.0,-4.949,38.0,-90.311,-90.311,0.0,0.0,0.0,31.0,31.22,31.22,0.0,0.0,-0.0,31.0,40.619,40.825,-8.0,0.0,-0.0,33.0
155.6236,2,rev,-95.0,12.2,5.348,5.169,8.0,0.0,-0.001,31.0,-100.0,-100.0,-8.0,0.0,0.0,32.0,-100.0,-100.0,0.0,0.0,-0.0,31.0,-77.467,-95.0,16.0,0.0,-4.967,38.0,-90.311,-90.311,0.0,0.0,0.0,31.0,31.22,31.22,0.0,0.0,-0.0,31.0,40.619,40.825,-8.0,0.0,-0.0,33.0
155.6766,2,rev,-95.0,12.2,5.348,5.169,8.0,0.0,-0.0,31.0,-100.0,-100.0,-8.0,0.0,0.0,32.0,-100.0,-100.0,0.0,0.0,-0.0,31.0,-77.733,-95.0,16.0,0.0,-4.989,38.0,-90.311,-90.311,0.0,0.0,0.0,31.0,31.22,31.22,0.0,0.0,-0.0,31.0,40.619,40.825,-8.0,0.0,-0.0,33.0
155.7286,2,rev,-95.0,12.2,5.348,5.169,8.0,0.0,-0.0,31.0,-100.0,-100.0,-8.0,0.0,0.0,32.0,-100.0,-100.0,0.0,0.0,-0.0,31.0,-78.0,-95.0,16.0,0.0,-4.972,38.0,-90.311,-90.311,0.0,0.0,0.0,31.0,31.22,31.22,0.0,0.0,-0.0,31.0,40.619,40.825,-8.0,0.0,-0.0,33.0
155.7821,2,rev,-95.0,12.2,5.348,5.169,8.0,0.0,-0.0,31.0,-100.0,-100.0,-8.0,0.0,0.0,32.0,-100.0,-100.0,0.0,0.0,-0.0,31.0,-78.267,-95.0,16.0,0.0,-5.002,38.0,-90.311,-90.311,0.0,0.0,0.0,31.0,31.22,31.22,0.0,0.0,-0.0,31.0,40.619,40.825,-8.0,0.0,-0.0,33.0
155.8354,2,rev,-95.0,12.2,5.348,5.169,8.0,0.0,-0.0,31.0,-100.0,-100.0,-8.0,0.0,0.0,32.0,-100.0,-100.0,0.0,0.0,-0.0,31.0,-78.533,-95.0,16.0,0.0,-5.008,38.0,-90.311,-90.311,0.0,0.0,0.0,31.0,31.22,31.22,0.0,0.0,-0.0,31.0,40.619,40.825,-8.0,0.0,-0.0,33.0
155.8884,2,rev,-95.0,12.2,5.258,5.169,8.0,0.0,-0.704,31.0,-100.0,-100.0,-8.0,0.0,0.0,32.0,-100.0,-100.0,0.0,0.0,-0.0,31.0,-78.8,-95.0,16.0,0.0,-4.997,38.0,-90.311,-90.311,0.0,0.0,0.0,31.0,31.22,31.22,0.0,0.0,-0.0,31.0,40.619,40.825,-8.0,0.0,-0.0,33.0
155.9419,2,rev,-95.0,12.2,5.258,5.169,0.0,0.0,-0.493,31.0,-100.0,-100.0,-8.0,0.0,0.0,32.0,-100.0,-100.0,0.0,0.0,-0.0,31.0,-78.933,-95.0,24.0,1.0,-4.191,38.0,-90.311,-90.311,0.0,0.0,0.0,31.0,31.22,31.22,0.0,0.0,-0.0,31.0,40.619,40.825,-8.0,0.0,-0.0,33.0
155.9951,2,rev,-95.0,12.2,5.258,5.169,0.0,0.0,-0.242,31.0,-100.0,-100.0,-8.0,0.0,0.0,32.0,-100.0,-100.0,0.0,0.0,-0.0,31.0,-79.333,-95.0,24.0,1.0,-5.973,38.0,-90.311,-90.311,0.0,0.0,0.0,31.0,31.22,31.22,0.0,0.0,-0.0,31.0,40.619,40.825,-8.0,0.0,-0.0,33.0
156.0482,2,rev,-95.0,12.2,5.258,5.169,0.0,0.0,-0.118,31.0,-100.0,-100.0,-8.0,0.0,0.0,32.0,-100.0,-100.0,0.0,0.0,-0.0,31.0,-79.6,-95.0,24.0,1.0,-5.472,38.0,-90.311,-90.311,0.0,0.0,0.0,31.0,31.22,31.22,0.0,0.0,-0.0,31.0,40.619,40.825,-8.0,0.0,-0.0,33.0
156.1016,2,rev,-95.0,12.2,5.258,5.169,0.0,0.0,-0.058,31.0,-100.0,-100.0,-8.0,0.0,0.0,32.0,-100.0,-100.0,0.0,0.0,-0.0,31.0,-80.0,-95.0,24.0,1.0,-6.748,38.0,-90.311,-90.311,0.0,0.0,0.0,31.0,31.22,31.22,0.0,0.0,-0.0,31.0,40.619,40.825,-8.0,0.0,-0.0,33.0
156.1537,2,rev,-95.0,12.2,5.258,5.169,0.0,0.0,-0.028,31.0,-100.0,-100.0,-8.0,0.0,0.0,32.0,-100.0,-100.0,0.0,0.0,-0.0,31.0,-80.133,-95.0,24.0,1.0,-4.815,38.0,-90.311,-90.311,0.0,0.0,0.0,31.0,31.22,31.22,0.0,0.0,-0.0,31.0,40.619,40.825,-8.0,0.0,-0.0,33.0
156.2068,2,rev,-95.0,12.2,5.258,5.169,0.0,0.0,-0.014,31.0,-100.0,-100.0,-8.0,0.0,0.0,32.0,-100.0,-100.0,0.0,0.0,-0.0,31.0,-80.4,-95.0,24.0,1.0,-4.916,38.0,-90.311,-90.311,0.0,0.0,0.0,31.0,31.22,31.22,0.0,0.0,-0.0,31.0,40.619,40.825,-8.0,0.0,-0.0,33.0
156.2586,2,rev,-95.0,12.2,5.258,5.169,0.0,0.0,-0.007,31.0,-100.0,-100.0,-8.0,0.0,0.0,32.0,-100.0,-100.0,0.0,0.0,-0.0,31.0,-80.8,-95.0,24.0,1.0,-6.46,38.0,-90.311,-90.311,0.0,0.0,0.0,31.0,31.22,31.22,0.0,0.0,-0.0,31.0,40.619,40.825,-8.0,0.0,-0.0,33.0
156.3117,2,rev,-95.0,12.2,5.258,5.169,0.0,0.0,-0.003,31.0,-100.0,-100.0,-8.0,0.0,0.0,32.0,-100.0,-100.0,0.0,0.0,-0.0,31.0,-80.933,-95.0,24.0,1.0,-4.675,38.0,-90.311,-90.311,0.0,0.0,0.0,31.0,31.22,31.22,0.0,0.0,-0.0,31.0,40.619,40.825,-8.0,0.0,-0.0,33.0
156.3637,2,rev,-95.0,12.2,5.258,5.169,0.0,0.0,-0.002,31.0,-100.0,-100.0,-8.0,0.0,0.0,32.0,-100.0,-100.0,0.0,0.0,-0.0,31.0,-81.2,-95.0,24.0,1.0,-4.845,38.0,-90.311,-90.311,0.0,0.0,0.0,31.0,31.22,31.22,0.0,0.0,-0.0,31.0,40.619,40.825,-8.0,0.0,-0.0,33.0
156.4169,2,rev,-95.0,12.2,5.258,5.169,0.0,0.0,-0.001,31.0,-100.0,-100.0,-8.0,0.0,0.0,32.0,-100.0,-100.0,0.0,0.0,-0.0,31.0,-81.467,-95.0,24.0,1.0,-4.906,38.0,-90.311,-90.311,0.0,0.0,0.0,31.0,31.22,31.22,0.0,0.0,-0.0,31.0,40.619,40.825,-8.0,0.0,-0.0,33.0
156.4702,2,rev,-95.0,12.2,5.258,5.169,0.0,0.0,-0.001,31.0,-100.0,-100.0,-8.0,0.0,0.0,32.0,-100.0,-100.0,0.0,0.0,-0.0,31.0,-81.6,-95.0,24.0,1.0,-4.936,38.0,-90.311,-90.311,0.0,0.0,0.0,31.0,31.22,31.22,0.0,0.0,-0.0,31.0,40.619,40.825,-8.0,0.0,-0.0,33.0
156.5235,2,rev,-95.0,12.2,5.258,5.169,0.0,0.0,-0.0,31.0,-100.0,-100.0,-8.0,0.0,0.0,32.0,-100.0,-100.0,0.0,0.0,-0.0,31.0,-81.867,-95.0,32.0,3.0,-4.798,38.0,-90.311,-90.311,0.0,0.0,0.0,31.0,31.22,31.22,0.0,0.0,-0.0,31.0,40.619,40.825,-8.0,0.0,-0.0,33.0
156.577,2,rev,-95.0,12.2,5.258,5.169,0.0,0.0,-0.0,31.0,-100.0,-100.0,-8.0,0.0,0.0,32.0,-100.0,-100.0,0.0,0.0,-0.0,31.0,-82.0,-95.0,32.0,3.0,-3.863,38.0,-90.311,-90.311,0.0,0.0,0.0,31.0,31.22,31.22,0.0,0.0,-0.0,31.0,40.619,40.825,-8.0,0.0,-0.0,33.0
156.6304,2,rev,-95.0,12.2,5.258,5.169,0.0,0.0,-0.0,31.0,-100.0,-100.0,-8.0,0.0,0.0,32.0,-100.0,-100.0,0.0,0.0,-0.0,31.0,-82.4,-95.0,32.0,3.0,-5.444,38.0,-90.311,-90.311,0.0,0.0,0.0,31.0,31.22,31.22,0.0,0.0,-0.0,31.0,40.619,40.825,-8.0,0.0,-0.0,33.0
156.685,2,rev,-95.0,12.2,5.258,5.169,0.0,0.0,-0.0,31.0,-100.0,-100.0,-8.0,0.0,0.0,32.0,-100.0,-100.0,0.0,0.0,-0.0,31.0,-82.667,-95.0,32.0,3.0,-5.176,38.0,-90.311,-90.311,0.0,0.0,0.0,31.0,31.22,31.22,0.0,0.0,-0.0,31.0,40.619,40.825,-8.0,0.0,-0.0,33.0
156.7384,2,rev,-95.0,12.2,5.258,5.169,0.0,0.0,-0.0,31.0,-100.0,-100.0,-8.0,0.0,0.0,32.0,-100.0,-100.0,0.0,0.0,-0.0,31.0,-82.933,-95.0,32.0,3.0,-5.068,38.0,-90.311,-90.311,0.0,0.0,0.0,31.0,31.22,31.22,0.0,0.0,-0.0,31.0,40.619,40.825,-8.0,0.0,-0.0,33.0
156.7921,2,rev,-95.0,12.2,5.258,5.169,0.0,0.0,-0.0,31.0,-100.0,-100.0,-8.0,0.0,0.0,32.0,-100.0,-100.0,0.0,0.0,-0.0,31.0,-83.2,-95.0,32.0,3.0,-4.904,38.0,-90.311,-90.311,0.0,0.0,0.0,31.0,31.22,31.22,0.0,0.0,-0.0,31.0,40.619,40.825,-8.0,0.0,-0.0,33.0
156.8448,2,rev,-95.0,12.2,5.258,5.169,0.0,0.0,-0.0,31.0,-100.0,-100.0,-8.0,0.0,0.0,32.0,-100.0,-100.0,0.0,0.0,-0.0,31.0,-83.333,-95.0,32.0,3.0,-3.448,38.0,-90.311,-90.311,0.0,0.0,0.0,31.0,31.22,31.22,0.0,0.0,-0.0,31.0,40.619,40.825,-8.0,0.0,-0.0,33.0
156.8989,2,rev,-95.0,12.2,5.258,5.169,0.0,0.0,-0.0,31.0,-100.0,-100.0,-8.0,0.0,0.0,32.0,-100.0,-100.0,0.0,0.0,-0.0,31.0,-83.733,-95.0,32.0,3.0,-5.278,38.0,-90.311,-90.311,0.0,0.0,0.0,31.0,31.22,31.22,0.0,0.0,-0.0,31.0,40.619,40.825,-8.0,0.0,-0.0,33.0
156.9523,2,rev,-95.0,12.2,5.258,5.169,0.0,0.0,-0.0,31.0,-100.0,-100.0,-8.0,0.0,0.0,32.0,-100.0,-100.0,0.0,0.0,-0.0,31.0,-83.867,-95.0,32.0,3.0,-4.074,38.0,-90.311,-90.311,0.0,0.0,0.0,31.0,31.22,31.22,0.0,0.0,-0.0,31.0,40.619,40.825,-8.0,0.0,-0.0,33.0
157.0051,2,rev,-95.0,12.2,5.258,5.169,0.0,0.0,-0.0,31.0,-100.0,-100.0,-8.0,0.0,0.0,32.0,-100.0,-100.0,0.0,0.0,-0.0,31.0,-84.133,-95.0,32.0,3.0,-4.532,38.0,-90.311,-90.311,0.0,0.0,0.0,31.0,31.22,31.22,0.0,0.0,-0.0,31.0,40.619,40.825,-8.0,0.0,-0.0,33.0
157.0585,2,rev,-95.0,12.2,5.258,5.169,0.0,0.0,-0.0,31.0,-100.0,-100.0,-8.0,0.0,0.0,32.0,-100.0,-100.0,0.0,0.0,-0.0,31.0,-84.267,-95.0,28.0,3.0,-4.682,38.0,-90.311,-90.311,0.0,0.0,0.0,31.0,31.22,31.22,0.0,0.0,-0.0,31.0,40.619,40.825,-8.0,0.0,-0.0,33.0
157.1115,2,rev,-95.0,12.2,5.258,5.169,0.0,0.0,-0.0,31.0,-100.0,-100.0,-8.0,0.0,0.0,32.0,-100.0,-100.0,0.0,0.0,-0.0,31.0,-84.533,-95.0,28.0,3.0,-3.26,38.0,-90.311,-90.311,0.0,0.0,0.0,31.0,31.22,31.22,0.0,0.0,-0.0,31.0,40.619,40.825,-8.0,0.0,-0.0,33.0
157.1636,2,rev,-95.0,12.2,5.258,5.169,0.0,0.0,-0.0,31.0,-100.0,-100.0,-8.0,0.0,0.0,32.0,-100.0,-100.0,0.0,0.0,-0.0,31.0,-84.933,-95.0,28.0,3.0,-5.593,38.0,-90.311,-90.311,0.0,0.0,0.0,31.0,31.22,31.22,0.0,0.0,-0.0,31.0,40.619,40.825,-8.0,0.0,-0.0,33.0
157.2169,2,rev,-95.0,12.2,5.258,5.169,0.0,0.0,-0.0,31.0,-100.0,-100.0,-8.0,0.0,0.0,32.0,-100.0,-100.0,0.0,0.0,-0.0,31.0,-85.2,-95.0,28.0,3.0,-5.295,38.0,-90.311,-90.311,0.0,0.0,0.0,31.0,31.22,31.22,0.0,0.0,-0.0,31.0,40.619,40.825,-8.0,0.0,-0.0,33.0
157.2698,2,rev,-95.0,12.2,5.258,5.169,0.0,0.0,-0.0,31.0,-100.0,-100.0,-8.0,0.0,0.0,32.0,-100.0,-100.0,0.0,0.0,-0.0,31.0,-85.467,-95.0,28.0,3.0,-5.123,38.0,-90.311,-90.311,0.0,0.0,0.0,31.0,31.22,31.22,0.0,0.0,-0.0,31.0,40.619,40.825,-8.0,0.0,-0.0,33.0
157.323,2,rev,-95.0,12.2,5.258,5.169,0.0,0.0,-0.0,31.0,-100.0,-100.0,-8.0,0.0,0.0,32.0,-100.0,-100.0,0.0,0.0,-0.0,31.0,-85.733,-95.0,28.0,3.0,-5.041,38.0,-90.311,-90.311,0.0,0.0,0.0,31.0,31.22,31.22,0.0,0.0,-0.0,31.0,40.619,40.825,-8.0,0.0,-0.0,33.0
157.3755,2,rev,-95.0,12.2,5.258,5.169,0.0,0.0,-0.0,31.0,-100.0,-100.0,-8.0,0.0,0.0,32.0,-100.0,-100.0,0.0,0.0,-0.0,31.0,-86.0,-95.0,28.0,3.0,-4.974,38.0,-90.311,-90.311,0.0,0.0,0.0,31.0,31.22,31.22,0.0,0.0,-0.0,31.0,40.619,40.825,-8.0,0.0,-0.0,33.0
157.4289,2,rev,-95.0,12.2,5.169,5.169,0.0,0.0,-0.699,31.0,-100.0,-100.0,-8.0,0.0,0.0,32.0,-100.0,-100.0,0.0,0.0,-0.0,31.0,-86.267,-95.0,28.0,3.0,-4.953,38.0,-90.311,-90.311,0.0,0.0,0.0,31.0,31.22,31.22,0.0,0.0,-0.0,31.0,40.619,40.825,-8.0,0.0,-0.0,33.0
157.4822,2,rev,-95.0,12.2,5.169,5.169,0.0,0.0,-0.343,31.0,-100.0,-100.0,-8.0,0.0,0.0,32.0,-100.0,-100.0,0.0,0.0,-0.0,31.0,-86.533,-95.0,28.0,3.0,-4.941,38.0,-90.311,-90.311,0.0,0.0,0.0,31.0,31.22,31.22,0.0,0.0,-0.0,31.0,40.619,40.825,-8.0,0.0,-0.0,33.0
157.5353,2,rev,-95.0,12.2,5.169,5.169,0.0,0.0,-0.168,31.0,-100.0,-100.0,-8.0,0.0,0.0,32.0,-100.0,-100.0,0.0,0.0,-0.0,31.0,-86.8,-95.0,28.0,3.0,-4.925,38.0,-90.311,-90.311,0.0,0.0,0.0,31.0,31.22,31.22,0.0,0.0,-0.0,31.0,40.619,40.825,-8.0,0.0,-0.0,33.0
157.5885,2,rev,-95.0,12.2,5.169,5.169,0.0,0.0,-0.082,31.0,-100.0,-100.0,-8.0,0.0,0.0,32.0,-100.0,-100.0,0.0,0.0,-0.0,31.0,-87.067,-95.0,28.0,3.0,-4.939,38.0,-90.311,-90.311,0.0,0.0,0.0,31.0,31.22,31.22,0.0,0.0,-0.0,31.0,40.619,40.825,-8.0,0.0,-0.0,33.0
157.6419,2,rev,-95.0,12.2,5.169,5.169,0.0,0.0,-0.082,31.0,-100.0,-100.0,-8.0,0.0,0.0,32.0,-100.0,-100.0,0.0,0.0,-0.0,31.0,-87.067,-95.0,40.0,2.0,-4.939,38.0,-90.311,-90.311,0.0,0.0,0.0,31.0,31.22,31.22,0.0,0.0,-0.0,31.0,40.619,40.825,-8.0,0.0,-0.0,33.0
157.696,2,rev,-95.0,12.2,5.169,5.169,0.0,0.0,-0.04,31.0,-100.0,-100.0,-8.0,0.0,0.0,32.0,-100.0,-100.0,0.0,0.0,-0.0,31.0,-87.467,-95.0,40.0,2.0,-4.878,38.0,-90.311,-90.311,0.0,0.0,0.0,31.0,31.22,31.22,0.0,0.0,-0.0,31.0,40.619,40.825,-8.0,0.0,-0.0,33.0
157.7496,2,rev,-95.0,12.2,5.169,5.169,0.0,0.0,-0.02,31.0,-100.0,-100.0,-8.0,0.0,0.0,32.0,-100.0,-100.0,0.0,0.0,-0.0,31.0,-87.733,-95.0,40.0,2.0,-4.813,38.0,-90.311,-90.311,0.0,0.0,0.0,31.0,31.22,31.22,0.0,0.0,-0.0,31.0,40.619,40.825,-8.0,0.0,-0.0,33.0
157.8032,2,rev,-95.0,12.2,5.169,5.169,0.0,0.0,-0.01,31.0,-100.0,-100.0,-8.0,0.0,0.0,32.0,-100.0,-100.0,0.0,0.0,-0.0,31.0,-88.133,-95.0,40.0,2.0,-5.777,38.0,-90.311,-90.311,0.0,0.0,0.0,31.0,31.22,31.22,0.0,0.0,-0.0,31.0,40.619,40.825,-8.0,0.0,-0.0,33.0
157.8566,2,rev,-95.0,12.2,5.169,5.169,0.0,0.0,-0.005,31.0,-100.0,-100.0,-8.0,0.0,0.0,32.0,-100.0,-100.0,0.0,0.0,-0.0,31.0,-88.4,-95.0,40.0,2.0,-5.835,38.0,-90.311,-90.311,0.0,0.0,0.0,31.0,31.22,31.22,0.0,0.0,-0.0,31.0,40.619,40.825,-8.0,0.0,-0.0,33.0
157.9097,2,rev,-95.0,12.2,5.169,5.169,0.0,0.0,-0.002,31.0,-100.0,-100.0,-8.0,0.0,0.0,32.0,-100.0,-100.0,0.0,0.0,-0.0,31.0,-88.667,-95.0,40.0,2.0,-5.797,38.0,-90.311,-90.311,0.0,0.0,0.0,31.0,31.22,31.22,0.0,0.0,-0.0,31.0,40.619,40.825,-8.0,0.0,-0.0,33.0
157.9632,2,rev,-95.0,12.2,5.169,5.169,0.0,0.0,-0.001,31.0,-100.0,-100.0,-8.0,0.0,0.0,32.0,-100.0,-100.0,0.0,0.0,-0.0,31.0,-88.933,-95.0,40.0,2.0,-5.301,38.0,-90.311,-90.311,0.0,0.0,0.0,31.0,31.22,31.22,0.0,0.0,-0.0,31.0,40.619,40.825,-8.0,0.0,-0.0,33.0
158.0156,2,rev,-95.0,12.2,5.169,5.169,0.0,0.0,-0.001,31.0,-100.0,-100.0,-8.0,0.0,0.0,32.0,-100.0,-100.0,0.0,0.0,-0.0,31.0,-89.2,-95.0,40.0,2.0,-5.145,38.0,-90.311,-90.311,0.0,0.0,0.0,31.0,31.22,31.22,0.0,0.0,-0.0,31.0,40.619,40.825,-8.0,0.0,-0.0,33.0
158.069,2,rev,-95.0,12.2,5.169,5.169,0.0,0.0,-0.0,31.0,-100.0,-100.0,-8.0,0.0,0.0,32.0,-100.0,-100.0,0.0,0.0,-0.0,31.0,-89.467,-95.0,40.0,2.0,-5.064,38.0,-90.311,-90.311,0.0,0.0,0.0,31.0,31.22,31.22,0.0,0.0,-0.0,31.0,40.619,40.825,-8.0,0.0,-0.0,33.0
158.1225,2,rev,-95.0,12.2,5.169,5.169,0.0,0.0,-0.0,31.0,-100.0,-100.0,-8.0,0.0,0.0,32.0,-100.0,-100.0,0.0,0.0,-0.0,31.0,-89.733,-95.0,40.0,2.0,-5.429,38.0,-90.311,-90.311,0.0,0.0,0.0,31.0,31.22,31.22,0.0,0.0,-0.0,31.0,40.619,40.825,-8.0,0.0,-0.0,33.0
158.1759,2,rev,-95.0,12.2,5.169,5.169,0.0,0.0,-0.0,31.0,-100.0,-100.0,-8.0,0.0,0.0,32.0,-100.0,-100.0,0.0,0.0,-0.0,31.0,-89.867,-95.0,40.0,2.0,-3.71,38.0,-90.311,-90.311,0.0,0.0,0.0,31.0,31.22,31.22,0.0,0.0,-0.0,31.0,40.619,40.825,-8.0,0.0,-0.0,33.0
158.229,2,rev,-95.0,12.2,5.169,5.169,0.0,0.0,-0.0,31.0,-100.0,-100.0,-8.0,0.0,0.0,32.0,-100.0,-100.0,0.0,0.0,-0.0,31.0,-90.133,-95.0,40.0,3.0,-3.937,38.0,-90.311,-90.311,0.0,0.0,0.0,31.0,31.22,31.22,0.0,0.0,-0.0,31.0,40.619,40.825,-8.0,0.0,-0.0,33.0
158.282,2,rev,-95.0,12.2,5.169,5.169,0.0,0.0,-0.0,31.0,-100.0,-100.0,-8.0,0.0,0.0,32.0,-100.0,-100.0,0.0,0.0,-0.0,31.0,-90.4,-95.0,40.0,3.0,-4.479,38.0,-90.311,-90.311,0.0,0.0,0.0,31.0,31.22,31.22,0.0,0.0,-0.0,31.0,40.619,40.825,-8.0,0.0,-0.0,33.0
158.3349,2,rev,-95.0,12.2,5.169,5.169,0.0,0.0,-0.0,31.0,-100.0,-100.0,-8.0,0.0,0.0,32.0,-100.0,-100.0,0.0,0.0,-0.0,31.0,-90.667,-95.0,40.0,3.0,-4.715,38.0,-90.311,-90.311,0.0,0.0,0.0,31.0,31.22,31.22,0.0,0.0,-0.0,31.0,40.619,40.825,-8.0,0.0,-0.0,33.0
158.3885,2,rev,-95.0,12.2,5.169,5.169,0.0,0.0,-0.0,31.0,-100.0,-100.0,-8.0,0.0,0.0,32.0,-100.0,-100.0,0.0,0.0,-0.0,31.0,-90.933,-95.0,40.0,3.0,-4.81,38.0,-90.311,-90.311,0.0,0.0,0.0,31.0,31.22,31.22,0.0,0.0,-0.0,31.0,40.619,40.825,-8.0,0.0,-0.0,33.0
158.4421,2,rev,-95.0,12.2,5.169,5.169,0.0,0.0,-0.0,31.0,-100.0,-100.0,-8.0,0.0,0.0,32.0,-100.0,-100.0,0.0,0.0,-0.0,31.0,-91.2,-95.0,40.0,3.0,-4.889,38.0,-90.311,-90.311,0.0,0.0,0.0,31.0,31.22,31.22,0.0,0.0,-0.0,31.0,40.619,40.825,-8.0,0.0,-0.0,33.0
158.4947,2,rev,-95.0,12.2,5.169,5.169,0.0,0.0,-0.0,31.0,-100.0,-100.0,-8.0,0.0,0.0,32.0,-100.0,-100.0,0.0,0.0,-0.0,31.0,-91.467,-95.0,40.0,3.0,-4.919,38.0,-90.311,-90.311,0.0,0.0,0.0,31.0,31.22,31.22,0.0,0.0,-0.0,31.0,40.619,40.825,-8.0,0.0,-0.0,33.0
158.5482,2,rev,-95.0,12.2,5.169,5.169,0.0,0.0,-0.0,31.0,-100.0,-100.0,-8.0,0.0,0.0,32.0,-100.0,-100.0,0.0,0.0,-0.0,31.0,-91.733,-95.0,40.0,3.0,-4.936,38.0,-90.311,-90.311,0.0,0.0,0.0,31.0,31.22,31.22,0.0,0.0,-0.0,31.0,40.619,40.825,-8.0,0.0,-0.0,33.0
158.6023,2,rev,-95.0,12.2,5.169,5.169,0.0,0.0,-0.0,31.0,-100.0,-100.0,-8.0,0.0,0.0,32.0,-100.0,-100.0,0.0,0.0,-0.0,31.0,-92.0,-95.0,40.0,3.0,-4.921,38.0,-90.311,-90.311,0.0,0.0,0.0,31.0,31.22,31.22,0.0,0.0,-0.0,31.0,40.619,40.825,-8.0,0.0,-0.0,33.0
158.6558,2,rev,-95.0,12.2,5.169,5.169,0.0,0.0,-0.0,31.0,-100.0,-100.0,-8.0,0.0,0.0,32.0,-100.0,-100.0,0.0,0.0,-0.0,31.0,-92.267,-95.0,40.0,3.0,-4.941,38.0,-90.311,-90.311,0.0,0.0,0.0,31.0,31.22,31.22,0.0,0.0,-0.0,31.0,40.619,40.825,-8.0,0.0,-0.0,33.0
158.7099,2,rev,-95.0,12.2,5.169,5.169,0.0,0.0,-0.0,31.0,-100.0,-100.0,-8.0,0.0,0.0,32.0,-100.0,-100.0,0.0,0.0,-0.0,31.0,-92.533,-95.0,40.0,3.0,-4.981,38.0,-90.311,-90.311,0.0,0.0,0.0,31.0,31.22,31.22,0.0,0.0,-0.0,31.0,40.619,40.825,-8.0,0.0,-0.0,33.0
158.7628,2,rev,-95.0,12.2,5.169,5.169,0.0,0.0,-0.0,31.0,-100.0,-100.0,0.0,0.0,0.0,32.0,-100.0,-100.0,0.0,0.0,-0.0,31.0,-92.667,-95.0,40.0,3.0,-4.961,38.0,-90.311,-90.311,0.0,0.0,0.0,31.0,31.22,31.22,0.0,0.0,-0.0,31.0,40.619,40.825,-8.0,0.0,-0.0,33.0
158.816,2,rev,-95.0,12.2,5.169,5.169,0.0,0.0,-0.0,31.0,-100.0,-100.0,0.0,0.0,0.0,32.0,-100.0,-100.0,0.0,0.0,-0.0,31.0,-93.067,-95.0,40.0,3.0,-4.918,38.0,-90.311,-90.311,0.0,0.0,0.0,31.0,31.22,31.22,0.0,0.0,-0.0,31.0,40.619,40.825,-8.0,0.0,-0.0,33.0
158.8691,2,rev,-95.0,12.2,5.169,5.169,0.0,0.0,-0.0,31.0,-100.0,-100.0,0.0,0.0,0.0,32.0,-100.0,-100.0,0.0,0.0,-0.0,31.0,-93.467,-95.0,40.0,3.0,-6.473,38.0,-90.242,-90.311,0.0,0.0,0.782,31.0,31.22,31.22,0.0,0.0,-0.0,31.0,40.619,40.825,-8.0,0.0,-0.0,33.0
158.9221,2,rev,-95.0,12.2,5.169,5.169,0.0,0.0,-0.0,31.0,-100.0,-100.0,0.0,0.0,0.0,32.0,-100.0,-100.0,0.0,0.0,-0.0,31.0,-93.6,-95.0,40.0,3.0,-6.02,38.0,-90.242,-90.311,0.0,0.0,0.547,31.0,31.22,31.22,0.0,0.0,-0.0,31.0,40.619,40.825,-8.0,0.0,-0.0,33.0
158.9756,2,rev,-95.0,12.2,5.169,5.169,0.0,0.0,-0.0,31.0,-100.0,-100.0,0.0,0.0,0.0,32.0,-100.0,-100.0,0.0,0.0,-0.0,31.0,-93.867,-95.0,40.0,3.0,-5.376,38.0,-90.311,-90.311,0.0,0.0,-0.501,31.0,31.22,31.22,0.0,0.0,-0.0,31.0,40.619,40.825,-8.0,0.0,-0.0,33.0
159.029,2,rev,-95.0,12.2,5.169,5.169,0.0,0.0,-0.0,31.0,-100.0,-100.0,0.0,0.0,0.0,32.0,-100.0,-100.0,0.0,0.0,-0.0,31.0,-94.133,-95.0,40.0,3.0,-5.06,38.0,-90.311,-90.311,0.0,0.0,-0.245,31.0,31.22,31.22,0.0,0.0,-0.0,31.0,40.619,40.825,-8.0,0.0,-0.0,33.0
159.0817,2,rev,-95.0,12.2,5.169,5.169,0.0,0.0,-0.0,31.0,-100.0,-100.0,0.0,0.0,0.0,32.0,-100.0,-100.0,0.0,0.0,-0.0,31.0,-94.4,-95.0,40.0,3.0,-4.861,38.0,-90.311,-90.311,0.0,0.0,-0.12,31.0,31.22,31.22,0.0,0.0,-0.0,31.0,40.619,40.825,-8.0,0.0,-0.0,33.0
159.1352,2,hold_start,-95.0,12.2,5.169,5.169,0.0,0.0,-0.0,31.0,-100.0,-100.0,0.0,0.0,0.0,32.0,-100.0,-100.0,0.0,0.0,-0.0,31.0,-94.4,-95.0,40.0,3.0,-2.382,38.0,-90.311,-90.311,0.0,0.0,-0.059,31.0,31.22,31.22,0.0,0.0,-0.0,31.0,40.619,40.825,-8.0,0.0,-0.0,33.0
159.1886,2,hold_start,-95.0,12.2,5.169,5.169,0.0,0.0,-0.0,31.0,-100.0,-100.0,0.0,0.0,0.0,32.0,-100.0,-100.0,0.0,0.0,-0.0,31.0,-94.4,-95.0,40.0,3.0,-1.167,38.0,-90.311,-90.311,0.0,0.0,-0.029,31.0,31.22,31.22,0.0,0.0,-0.0,31.0,40.619,40.825,-8.0,0.0,-0.0,33.0
159.2418,2,hold_start,-95.0,12.2,5.169,5.169,0.0,0.0,-0.0,31.0,-100.0,-100.0,0.0,0.0,0.0,32.0,-100.0,-100.0,0.0,0.0,-0.0,31.0,-94.533,-95.0,40.0,3.0,-1.624,38.0,-90.311,-90.311,0.0,0.0,-0.014,31.0,31.22,31.22,0.0,0.0,-0.0,31.0,40.619,40.825,-8.0,0.0,-0.0,33.0
159.295,2,hold_start,-95.0,12.2,5.169,5.169,0.0,0.0,-0.0,31.0,-100.0,-100.0,0.0,0.0,0.0,32.0,-100.0,-100.0,0.0,0.0,-0.0,31.0,-94.533,-95.0,40.0,3.0,-0.796,38.0,-90.311,-90.311,0.0,0.0,-0.007,31.0,31.22,31.22,0.0,0.0,-0.0,31.0,40.619,40.825,-8.0,0.0,-0.0,33.0
159.348,2,hold_start,-95.0,12.2,5.169,5.169,0.0,0.0,-0.0,31.0,-100.0,-100.0,-8.0,0.0,0.0,32.0,-100.0,-100.0,0.0,0.0,-0.0,31.0,-94.533,-95.0,32.0,2.0,-0.557,38.0,-90.311,-90.311,0.0,0.0,-0.005,31.0,31.22,31.22,0.0,0.0,-0.0,32.0,40.619,40.825,-8.0,0.0,-0.0,33.0
159.401,2,hold_start,-95.0,12.2,5.169,5.169,0.0,0.0,-0.0,31.0,-100.0,-100.0,-8.0,0.0,0.0,32.0,-100.0,-100.0,0.0,0.0,-0.0,31.0,-94.533,-95.0,32.0,2.0,-0.273,38.0,-90.311,-90.311,0.0,0.0,-0.002,31.0,31.22,31.22,0.0,0.0,-0.0,32.0,40.619,40.825,-8.0,0.0,-0.0,33.0
159.4542,2,hold_start,-95.0,12.2,5.169,5.169,0.0,0.0,-0.0,31.0,-100.0,-100.0,-8.0,0.0,0.0,32.0,-100.0,-100.0,0.0,0.0,-0.0,31.0,-94.533,-95.0,32.0,2.0,-0.134,38.0,-90.311,-90.311,0.0,0.0,-0.001,31.0,31.22,31.22,0.0,0.0,-0.0,32.0,40.619,40.825,-8.0,0.0,-0.0,33.0
159.5068,2,hold_start,-95.0,12.2,5.169,5.169,0.0,0.0,-0.0,31.0,-100.0,-100.0,-8.0,0.0,0.0,32.0,-100.0,-100.0,0.0,0.0,-0.0,31.0,-94.533,-95.0,32.0,2.0,-0.066,38.0,-90.311,-90.311,0.0,0.0,-0.001,31.0,31.22,31.22,0.0,0.0,-0.0,32.0,40.619,40.825,-8.0,0.0,-0.0,33.0
159.5601,2,hold_start,-95.0,12.2,5.169,5.169,0.0,0.0,-0.0,31.0,-100.0,-100.0,-8.0,0.0,0.0,32.0,-100.0,-100.0,0.0,0.0,-0.0,31.0,-94.533,-95.0,32.0,2.0,-0.032,38.0,-90.311,-90.311,0.0,0.0,-0.0,31.0,31.22,31.22,0.0,0.0,-0.0,32.0,40.619,40.825,-8.0,0.0,-0.0,33.0
159.6136,2,hold_start,-95.0,12.2,5.169,5.169,0.0,0.0,-0.0,31.0,-100.0,-100.0,-8.0,0.0,0.0,32.0,-100.0,-100.0,0.0,0.0,-0.0,31.0,-94.533,-95.0,32.0,2.0,-0.016,38.0,-90.311,-90.311,0.0,0.0,-0.0,31.0,31.22,31.22,0.0,0.0,-0.0,32.0,40.619,40.825,-8.0,0.0,-0.0,33.0
159.667,2,hold_start,-95.0,12.2,5.169,5.169,0.0,0.0,-0.0,31.0,-100.0,-100.0,-8.0,0.0,0.0,32.0,-100.0,-100.0,0.0,0.0,-0.0,31.0,-94.533,-95.0,32.0,2.0,-0.008,38.0,-90.311,-90.311,0.0,0.0,-0.0,31.0,31.22,31.22,0.0,0.0,-0.0,32.0,40.619,40.825,-8.0,0.0,-0.0,33.0
159.7212,2,hold_start,-95.0,12.2,5.169,5.169,0.0,0.0,-0.0,31.0,-100.0,-100.0,-8.0,0.0,0.0,32.0,-100.0,-100.0,0.0,0.0,-0.0,31.0,-94.533,-95.0,32.0,2.0,-0.004,38.0,-90.311,-90.311,0.0,0.0,-0.0,31.0,31.22,31.22,0.0,0.0,-0.0,32.0,40.619,40.825,-8.0,0.0,-0.0,33.0
159.7744,2,hold_start,-95.0,12.2,5.169,5.169,0.0,0.0,-0.0,31.0,-100.0,-100.0,-8.0,0.0,0.0,32.0,-100.0,-100.0,0.0,0.0,-0.0,31.0,-94.533,-95.0,32.0,2.0,-0.002,38.0,-90.311,-90.311,0.0,0.0,-0.0,31.0,31.22,31.22,0.0,0.0,-0.0,32.0,40.619,40.825,-8.0,0.0,-0.0,33.0
159.8275,2,hold_start,-95.0,12.2,5.169,5.169,0.0,0.0,-0.0,31.0,-100.0,-100.0,-8.0,0.0,0.0,32.0,-100.0,-100.0,0.0,0.0,-0.0,31.0,-94.533,-95.0,32.0,2.0,-0.001,38.0,-90.311,-90.311,0.0,0.0,-0.0,31.0,31.22,31.22,0.0,0.0,-0.0,32.0,40.619,40.825,-8.0,0.0,-0.0,33.0
159.8815,2,hold_start,-95.0,12.2,5.169,5.169,0.0,0.0,-0.0,31.0,-100.0,-100.0,-8.0,0.0,0.0,32.0,-100.0,-100.0,0.0,0.0,-0.0,31.0,-94.533,-95.0,32.0,2.0,-0.0,38.0,-90.311,-90.311,0.0,0.0,-0.0,31.0,31.22,31.22,0.0,0.0,-0.0,32.0,40.619,40.825,-8.0,0.0,-0.0,33.0
159.9349,2,hold_start,-95.0,12.2,5.169,5.169,0.0,0.0,-0.0,31.0,-100.0,-100.0,0.0,0.0,0.0,32.0,-100.0,-100.0,0.0,0.0,-0.0,31.0,-94.533,-95.0,32.0,1.0,-0.0,38.0,-90.311,-90.311,0.0,0.0,-0.0,31.0,31.22,31.22,0.0,0.0,-0.0,31.0,40.619,40.825,-8.0,0.0,-0.0,33.0
159.9884,2,hold_start,-95.0,12.2,5.169,5.169,0.0,0.0,-0.0,31.0,-100.0,-100.0,0.0,0.0,0.0,32.0,-100.0,-100.0,0.0,0.0,-0.0,31.0,-94.533,-95.0,32.0,1.0,-0.0,38.0,-90.311,-90.311,0.0,0.0,-0.0,31.0,31.22,31.22,0.0,0.0,-0.0,31.0,40.619,40.825,-8.0,0.0,-0.0,33.0
160.041,2,hold_start,-95.0,12.2,5.169,5.169,0.0,0.0,-0.0,31.0,-100.0,-100.0,0.0,0.0,0.0,32.0,-100.0,-100.0,0.0,0.0,-0.0,31.0,-94.533,-95.0,32.0,1.0,-0.0,38.0,-90.311,-90.311,0.0,0.0,-0.0,31.0,31.22,31.22,0.0,0.0,-0.0,31.0,40.619,40.825,-8.0,0.0,-0.0,33.0
160.0944,2,hold_start,-95.0,12.2,5.169,5.169,0.0,0.0,-0.0,31.0,-100.0,-100.0,0.0,0.0,0.0,32.0,-100.0,-100.0,0.0,0.0,-0.0,31.0,-94.533,-95.0,32.0,1.0,-0.0,38.0,-90.311,-90.311,0.0,0.0,-0.0,31.0,31.22,31.22,0.0,0.0,-0.0,31.0,40.619,40.825,-8.0,0.0,-0.0,33.0
