t,cycle,leg,target,volt,shoulder_pitch_q,shoulder_pitch_cmd,shoulder_pitch_out,shoulder_pitch_i,shoulder_pitch_cur,shoulder_pitch_qd,shoulder_pitch_temp,shoulder_yaw_q,shoulder_yaw_cmd,shoulder_yaw_out,shoulder_yaw_i,shoulder_yaw_cur,shoulder_yaw_qd,shoulder_yaw_temp,shoulder_roll_q,shoulder_roll_cmd,shoulder_roll_out,shoulder_roll_i,shoulder_roll_cur,shoulder_roll_qd,shoulder_roll_temp,elbow_flex_q,elbow_flex_cmd,elbow_flex_out,elbow_flex_i,elbow_flex_cur,elbow_flex_qd,elbow_flex_temp,wrist_roll_q,wrist_roll_cmd,wrist_roll_out,wrist_roll_i,wrist_roll_cur,wrist_roll_qd,wrist_roll_temp,wrist_yaw_q,wrist_yaw_cmd,wrist_yaw_out,wrist_yaw_i,wrist_yaw_cur,wrist_yaw_qd,wrist_yaw_temp,wrist_pitch_q,wrist_pitch_cmd,wrist_pitch_out,wrist_pitch_i,wrist_pitch_cur,wrist_pitch_qd,wrist_pitch_temp
-0.036,0,approach,-90.0,11.9,5.528,5.4,5.4,8.0,0.0,0.0,37.0,-100.0,-100.0,-100.0,0.0,0.0,-0.0,32.0,-99.858,-100.0,-100.0,8.0,0.0,-0.0,33.0,-43.733,-40.0,-40.0,-224.0,73.0,0.0,42.0,-100.0,-100.0,-100.0,-8.0,1.0,-0.0,32.0,9.756,9.756,9.756,0.0,0.0,-0.0,32.0,22.887,23.299,23.299,-16.0,0.0,-0.0,32.0
0.0165,0,approach,-90.0,11.9,5.528,5.4,5.4,8.0,0.0,0.0,37.0,-100.0,-100.0,-100.0,0.0,0.0,-0.0,32.0,-99.858,-100.0,-100.0,8.0,0.0,-0.0,33.0,-43.733,-90.0,-40.138,-224.0,73.0,0.0,42.0,-100.0,-100.0,-100.0,-8.0,1.0,-0.0,32.0,9.756,9.756,9.756,0.0,0.0,-0.0,32.0,22.887,23.299,23.299,-16.0,0.0,-0.0,32.0
0.0696,0,approach,-90.0,11.9,5.528,5.4,5.4,8.0,0.0,0.0,37.0,-100.0,-100.0,-100.0,0.0,0.0,-0.0,32.0,-99.858,-100.0,-100.0,8.0,0.0,-0.0,33.0,-43.733,-90.0,-40.409,-224.0,73.0,0.0,42.0,-100.0,-100.0,-100.0,-8.0,1.0,-0.0,32.0,9.756,9.756,9.756,0.0,0.0,-0.0,32.0,22.887,23.299,23.299,-16.0,0.0,-0.0,32.0
0.1227,0,approach,-90.0,11.9,5.528,5.4,5.4,8.0,0.0,0.0,37.0,-100.0,-100.0,-100.0,0.0,0.0,-0.0,32.0,-99.858,-100.0,-100.0,8.0,0.0,-0.0,33.0,-43.733,-90.0,-40.68,-224.0,73.0,0.0,42.0,-100.0,-100.0,-100.0,-8.0,1.0,-0.0,32.0,9.756,9.756,9.756,0.0,0.0,-0.0,32.0,22.887,23.299,23.299,-16.0,0.0,-0.0,32.0
0.176,0,approach,-90.0,11.9,5.528,5.4,5.4,8.0,0.0,0.0,37.0,-100.0,-100.0,-100.0,0.0,0.0,-0.0,32.0,-99.858,-100.0,-100.0,8.0,0.0,-0.0,33.0,-43.733,-90.0,-40.947,-224.0,73.0,0.0,42.0,-100.0,-100.0,-100.0,-8.0,1.0,-0.0,32.0,9.756,9.756,9.756,0.0,0.0,-0.0,32.0,22.887,23.299,23.299,-16.0,0.0,-0.0,32.0
0.2293,0,approach,-90.0,11.9,5.528,5.4,5.4,8.0,0.0,0.0,37.0,-100.0,-100.0,-100.0,0.0,0.0,-0.0,32.0,-99.858,-100.0,-100.0,8.0,0.0,-0.0,33.0,-43.733,-90.0,-41.215,-224.0,73.0,0.0,42.0,-100.0,-100.0,-100.0,-8.0,1.0,-0.0,32.0,9.756,9.756,9.756,0.0,0.0,-0.0,32.0,22.887,23.299,23.299,-16.0,0.0,-0.0,32.0
0.2827,0,approach,-90.0,11.9,5.528,5.4,5.4,8.0,0.0,0.0,37.0,-100.0,-100.0,-100.0,0.0,0.0,-0.0,32.0,-99.858,-100.0,-100.0,8.0,0.0,-0.0,33.0,-43.733,-90.0,-41.484,-224.0,73.0,0.0,42.0,-100.0,-100.0,-100.0,-8.0,1.0,-0.0,32.0,9.756,9.756,9.756,0.0,0.0,-0.0,32.0,22.887,23.299,23.299,-16.0,0.0,-0.0,32.0
0.3361,0,approach,-90.0,11.9,5.528,5.4,5.4,8.0,0.0,0.0,37.0,-100.0,-100.0,-100.0,0.0,0.0,-0.0,32.0,-99.858,-100.0,-100.0,8.0,0.0,-0.0,33.0,-43.733,-90.0,-41.754,-224.0,73.0,0.0,42.0,-100.0,-100.0,-100.0,-8.0,1.0,-0.0,32.0,9.756,9.756,9.756,0.0,0.0,-0.0,32.0,22.887,23.299,23.299,-16.0,0.0,-0.0,32.0
0.3896,0,approach,-90.0,12.2,5.528,5.4,5.4,8.0,0.0,0.0,37.0,-100.0,-100.0,-100.0,0.0,0.0,-0.0,32.0,-99.858,-100.0,-100.0,8.0,0.0,-0.0,33.0,-43.733,-90.0,-41.889,-104.0,20.0,0.0,42.0,-100.0,-100.0,-100.0,-8.0,0.0,-0.0,32.0,9.756,9.756,9.756,0.0,0.0,-0.0,32.0,22.887,23.299,23.299,-16.0,1.0,-0.0,33.0
0.4429,0,approach,-90.0,12.2,5.528,5.4,5.4,8.0,0.0,0.0,37.0,-100.0,-100.0,-100.0,0.0,0.0,-0.0,32.0,-99.858,-100.0,-100.0,8.0,0.0,-0.0,33.0,-43.867,-90.0,-42.314,-104.0,20.0,-1.494,42.0,-100.0,-100.0,-100.0,-8.0,0.0,-0.0,32.0,9.756,9.756,9.756,0.0,0.0,-0.0,32.0,22.887,23.299,23.299,-16.0,1.0,-0.0,33.0
0.4954,0,approach,-90.0,12.2,5.528,5.4,5.4,8.0,0.0,0.0,37.0,-100.0,-100.0,-100.0,0.0,0.0,-0.0,32.0,-99.858,-100.0,-100.0,8.0,0.0,-0.0,33.0,-43.867,-90.0,-42.584,-104.0,20.0,-1.046,42.0,-100.0,-100.0,-100.0,-8.0,0.0,-0.0,32.0,9.756,9.756,9.756,0.0,0.0,-0.0,32.0,22.887,23.299,23.299,-16.0,1.0,-0.0,33.0
0.5493,0,approach,-90.0,12.2,5.528,5.4,5.4,8.0,0.0,0.0,37.0,-100.0,-100.0,-100.0,0.0,0.0,-0.0,32.0,-99.858,-100.0,-100.0,8.0,0.0,-0.0,33.0,-44.0,-90.0,-42.871,-104.0,20.0,-1.446,42.0,-100.0,-100.0,-100.0,-8.0,0.0,-0.0,32.0,9.756,9.756,9.756,0.0,0.0,-0.0,32.0,22.887,23.299,23.299,-16.0,1.0,-0.0,33.0
0.6029,0,approach,-90.0,12.2,5.528,5.4,5.4,8.0,0.0,0.0,37.0,-100.0,-100.0,-100.0,0.0,0.0,-0.0,32.0,-99.858,-100.0,-100.0,8.0,0.0,-0.0,33.0,-44.133,-90.0,-43.02,-104.0,20.0,-1.657,42.0,-100.0,-100.0,-100.0,-8.0,0.0,-0.0,32.0,9.756,9.756,9.756,0.0,0.0,-0.0,32.0,22.887,23.299,23.299,-16.0,1.0,-0.0,33.0
0.6554,0,approach,-90.0,12.2,5.528,5.4,5.4,8.0,0.0,0.0,37.0,-100.0,-100.0,-100.0,0.0,0.0,-0.0,32.0,-99.858,-100.0,-100.0,8.0,0.0,-0.0,33.0,-44.4,-90.0,-43.302,-104.0,20.0,-3.258,42.0,-100.0,-100.0,-100.0,-8.0,0.0,-0.0,32.0,9.756,9.756,9.756,0.0,0.0,-0.0,32.0,22.887,23.299,23.299,-16.0,1.0,-0.0,33.0
0.7084,0,approach,-90.0,12.2,5.528,5.4,5.4,8.0,0.0,0.0,37.0,-100.0,-100.0,-100.0,0.0,0.0,-0.0,32.0,-99.858,-100.0,-100.0,8.0,0.0,-0.0,33.0,-44.533,-90.0,-43.568,-104.0,20.0,-2.654,42.0,-100.0,-100.0,-100.0,-8.0,0.0,-0.0,32.0,9.756,9.756,9.756,0.0,0.0,-0.0,32.0,22.887,23.299,23.299,-16.0,1.0,-0.0,33.0
0.7616,0,approach,-90.0,12.2,5.528,5.4,5.4,8.0,0.0,0.0,37.0,-100.0,-100.0,-100.0,0.0,0.0,-0.0,32.0,-99.858,-100.0,-100.0,8.0,0.0,-0.0,33.0,-44.8,-90.0,-43.835,-104.0,20.0,-3.824,42.0,-100.0,-100.0,-100.0,-8.0,0.0,-0.0,32.0,9.756,9.756,9.756,0.0,0.0,-0.0,32.0,22.887,23.299,23.299,-16.0,1.0,-0.0,33.0
0.8145,0,approach,-90.0,12.2,5.528,5.4,5.4,8.0,0.0,0.0,37.0,-100.0,-100.0,-100.0,0.0,0.0,-0.0,32.0,-99.858,-100.0,-100.0,8.0,0.0,-0.0,33.0,-44.8,-90.0,-44.104,-104.0,20.0,-1.874,42.0,-100.0,-100.0,-100.0,-8.0,0.0,-0.0,32.0,9.756,9.756,9.756,0.0,0.0,-0.0,32.0,22.887,23.299,23.299,-16.0,1.0,-0.0,33.0
0.8687,0,approach,-90.0,12.2,5.528,5.4,5.4,8.0,0.0,0.0,37.0,-100.0,-100.0,-100.0,0.0,0.0,-0.0,32.0,-99.858,-100.0,-100.0,8.0,0.0,-0.0,33.0,-45.067,-90.0,-44.372,-104.0,20.0,-3.464,42.0,-100.0,-100.0,-100.0,-8.0,0.0,-0.0,32.0,9.756,9.756,9.756,0.0,0.0,-0.0,32.0,22.887,23.299,23.299,-16.0,1.0,-0.0,33.0
0.9216,0,approach,-90.0,12.2,5.528,5.4,5.4,8.0,0.0,0.0,37.0,-100.0,-100.0,-100.0,0.0,0.0,-0.0,32.0,-99.858,-100.0,-100.0,8.0,0.0,-0.0,33.0,-45.333,-90.0,-44.638,-104.0,20.0,-4.258,42.0,-100.0,-100.0,-100.0,-8.0,0.0,-0.0,32.0,9.756,9.756,9.756,0.0,0.0,-0.0,32.0,22.887,23.299,23.299,-16.0,1.0,-0.0,33.0
0.9748,0,approach,-90.0,12.1,5.528,5.4,5.4,8.0,0.0,0.0,37.0,-100.0,-100.0,-100.0,0.0,0.0,-0.0,32.0,-99.858,-100.0,-100.0,8.0,0.0,-0.0,33.0,-45.467,-90.0,-44.771,-40.0,2.0,-4.488,42.0,-100.0,-100.0,-100.0,-8.0,0.0,-0.0,31.0,9.756,9.756,9.756,0.0,0.0,-0.0,32.0,22.887,23.299,23.299,-16.0,0.0,-0.0,33.0
1.0278,0,approach,-90.0,12.1,5.528,5.4,5.4,8.0,0.0,0.0,37.0,-100.0,-100.0,-100.0,0.0,0.0,-0.0,32.0,-99.858,-100.0,-100.0,8.0,0.0,-0.0,33.0,-45.6,-90.0,-45.188,-40.0,2.0,-3.676,42.0,-100.0,-100.0,-100.0,-8.0,0.0,-0.0,31.0,9.756,9.756,9.756,0.0,0.0,-0.0,32.0,22.887,23.299,23.299,-16.0,0.0,-0.0,33.0
1.0801,0,approach,-90.0,12.1,5.528,5.4,5.4,8.0,0.0,0.0,37.0,-100.0,-100.0,-100.0,0.0,0.0,-0.0,32.0,-99.858,-100.0,-100.0,8.0,0.0,-0.0,33.0,-46.0,-90.0,-45.458,-40.0,2.0,-5.798,42.0,-100.0,-100.0,-100.0,-8.0,0.0,-0.0,31.0,9.756,9.756,9.756,0.0,0.0,-0.0,32.0,22.887,23.299,23.299,-16.0,0.0,-0.0,33.0
1.1335,0,approach,-90.0,12.1,5.528,5.4,5.4,8.0,0.0,0.0,37.0,-100.0,-100.0,-100.0,0.0,0.0,-0.0,32.0,-99.858,-100.0,-100.0,8.0,0.0,-0.0,33.0,-46.267,-90.0,-45.725,-40.0,2.0,-5.395,42.0,-100.0,-100.0,-100.0,-8.0,0.0,-0.0,31.0,9.756,9.756,9.756,0.0,0.0,-0.0,32.0,22.887,23.299,23.299,-16.0,0.0,-0.0,33.0
1.1866,0,approach,-90.0,12.1,5.528,5.4,5.4,8.0,0.0,0.0,37.0,-100.0,-100.0,-100.0,0.0,0.0,-0.0,32.0,-99.858,-100.0,-100.0,8.0,0.0,-0.0,33.0,-46.533,-90.0,-45.994,-40.0,2.0,-5.608,42.0,-100.0,-100.0,-100.0,-8.0,0.0,-0.0,31.0,9.756,9.756,9.756,0.0,0.0,-0.0,32.0,22.887,23.299,23.299,-16.0,0.0,-0.0,33.0
1.2397,0,approach,-90.0,12.1,5.528,5.4,5.4,8.0,0.0,0.0,37.0,-100.0,-100.0,-100.0,0.0,0.0,-0.0,32.0,-99.858,-100.0,-100.0,8.0,0.0,-0.0,33.0,-46.8,-90.0,-46.263,-40.0,2.0,-5.301,42.0,-100.0,-100.0,-100.0,-8.0,0.0,-0.0,31.0,9.756,9.756,9.756,0.0,0.0,-0.0,32.0,22.887,23.299,23.299,-16.0,0.0,-0.0,33.0
1.2925,0,approach,-90.0,12.1,5.528,5.4,5.4,8.0,0.0,0.0,37.0,-100.0,-100.0,-100.0,0.0,0.0,-0.0,32.0,-99.858,-100.0,-100.0,8.0,0.0,-0.0,33.0,-47.067,-90.0,-46.53,-40.0,2.0,-5.102,42.0,-100.0,-100.0,-100.0,-8.0,0.0,-0.0,31.0,9.756,9.756,9.756,0.0,0.0,-0.0,32.0,22.887,23.299,23.299,-16.0,0.0,-0.0,33.0
1.345,0,approach,-90.0,12.1,5.528,5.4,5.4,8.0,0.0,0.0,37.0,-100.0,-100.0,-100.0,0.0,0.0,-0.0,32.0,-99.858,-100.0,-100.0,8.0,0.0,-0.0,33.0,-47.333,-90.0,-46.803,-40.0,2.0,-5.024,42.0,-100.0,-100.0,-100.0,-8.0,0.0,-0.0,31.0,9.756,9.756,9.756,0.0,0.0,-0.0,32.0,22.887,23.299,23.299,-16.0,0.0,-0.0,33.0
1.3982,0,approach,-90.0,12.1,5.528,5.4,5.4,8.0,0.0,0.0,37.0,-100.0,-100.0,-100.0,0.0,0.0,-0.0,32.0,-99.858,-100.0,-100.0,8.0,0.0,-0.0,33.0,-47.733,-90.0,-47.07,-40.0,2.0,-6.504,42.0,-100.0,-100.0,-100.0,-8.0,0.0,-0.0,31.0,9.756,9.756,9.756,0.0,0.0,-0.0,32.0,22.887,23.299,23.299,-16.0,0.0,-0.0,33.0
1.4517,0,approach,-90.0,12.1,5.528,5.4,5.4,8.0,0.0,0.0,37.0,-100.0,-100.0,-100.0,0.0,0.0,-0.0,32.0,-99.858,-100.0,-100.0,8.0,0.0,-0.0,33.0,-47.867,-90.0,-47.343,-40.0,2.0,-4.206,42.0,-100.0,-100.0,-100.0,-8.0,0.0,-0.0,31.0,9.756,9.756,9.756,0.0,0.0,-0.0,32.0,22.887,23.299,23.299,-16.0,0.0,-0.0,33.0
1.505,0,approach,-90.0,12.1,5.528,5.4,5.4,8.0,0.0,0.0,37.0,-100.0,-100.0,-100.0,0.0,0.0,-0.0,32.0,-99.858,-100.0,-100.0,8.0,0.0,-0.0,33.0,-48.267,-90.0,-47.615,-40.0,2.0,-6.028,42.0,-100.0,-100.0,-100.0,-8.0,0.0,-0.0,31.0,9.756,9.756,9.756,0.0,0.0,-0.0,32.0,22.887,23.299,23.299,-16.0,0.0,-0.0,33.0
1.5574,0,approach,-90.0,12.2,5.528,5.4,5.4,8.0,0.0,0.0,37.0,-100.0,-100.0,-100.0,0.0,0.0,-0.0,32.0,-99.858,-100.0,-100.0,8.0,0.0,-0.0,33.0,-48.267,-90.0,-47.913,-32.0,1.0,-6.028,42.0,-100.0,-100.0,-100.0,-8.0,0.0,-0.0,31.0,9.756,9.756,9.756,0.0,0.0,-0.0,32.0,22.887,23.299,23.299,-16.0,0.0,-0.0,33.0
1.6114,0,approach,-90.0,12.2,5.528,5.4,5.4,8.0,0.0,0.0,37.0,-100.0,-100.0,-100.0,0.0,0.0,-0.0,32.0,-99.858,-100.0,-100.0,8.0,0.0,-0.0,33.0,-48.533,-90.0,-48.194,-32.0,1.0,-4.9,42.0,-100.0,-100.0,-100.0,-8.0,0.0,-0.0,31.0,9.756,9.756,9.756,0.0,0.0,-0.0,32.0,22.887,23.299,23.299,-16.0,0.0,-0.0,33.0
1.6652,0,approach,-90.0,12.2,5.528,5.4,5.4,8.0,0.0,0.0,37.0,-100.0,-100.0,-100.0,0.0,0.0,-0.0,32.0,-99.858,-100.0,-100.0,8.0,0.0,-0.0,33.0,-48.8,-90.0,-48.343,-32.0,1.0,-4.84,42.0,-100.0,-100.0,-100.0,-8.0,0.0,-0.0,31.0,9.756,9.756,9.756,0.0,0.0,-0.0,32.0,22.887,23.299,23.299,-16.0,0.0,-0.0,33.0
1.7173,0,approach,-90.0,12.2,5.528,5.4,5.4,8.0,0.0,0.0,37.0,-100.0,-100.0,-100.0,0.0,0.0,-0.0,32.0,-99.858,-100.0,-100.0,8.0,0.0,-0.0,33.0,-49.067,-90.0,-48.611,-32.0,1.0,-4.915,42.0,-100.0,-100.0,-100.0,-8.0,0.0,-0.0,31.0,9.756,9.756,9.756,0.0,0.0,-0.0,32.0,22.887,23.299,23.299,-16.0,0.0,-0.0,33.0
1.7706,0,approach,-90.0,12.2,5.528,5.4,5.4,8.0,0.0,0.0,37.0,-100.0,-100.0,-100.0,0.0,0.0,-0.0,32.0,-99.858,-100.0,-100.0,8.0,0.0,-0.0,33.0,-49.333,-90.0,-48.878,-32.0,1.0,-4.959,42.0,-100.0,-100.0,-100.0,-8.0,0.0,-0.0,31.0,9.756,9.756,9.756,0.0,0.0,-0.0,32.0,22.887,23.299,23.299,-16.0,0.0,-0.0,33.0
1.8241,0,approach,-90.0,12.2,5.528,5.4,5.4,8.0,0.0,0.0,37.0,-100.0,-100.0,-100.0,0.0,0.0,-0.0,32.0,-99.858,-100.0,-100.0,8.0,0.0,-0.0,33.0,-49.6,-90.0,-49.143,-32.0,1.0,-4.977,42.0,-100.0,-100.0,-100.0,-8.0,0.0,-0.0,31.0,9.756,9.756,9.756,0.0,0.0,-0.0,32.0,22.887,23.299,23.299,-16.0,0.0,-0.0,33.0
1.8775,0,approach,-90.0,12.2,5.528,5.4,5.4,8.0,0.0,0.0,37.0,-100.0,-100.0,-100.0,0.0,0.0,-0.0,32.0,-99.858,-100.0,-100.0,8.0,0.0,-0.0,33.0,-49.867,-90.0,-49.413,-32.0,1.0,-4.954,42.0,-100.0,-100.0,-100.0,-8.0,0.0,-0.0,31.0,9.756,9.756,9.756,0.0,0.0,-0.0,32.0,22.887,23.299,23.299,-16.0,0.0,-0.0,33.0
1.9298,0,approach,-90.0,12.2,5.528,5.4,5.4,8.0,0.0,0.0,37.0,-100.0,-100.0,-100.0,0.0,0.0,-0.0,32.0,-99.858,-100.0,-100.0,8.0,0.0,-0.0,33.0,-50.133,-90.0,-49.681,-32.0,1.0,-4.971,42.0,-100.0,-100.0,-100.0,-8.0,0.0,-0.0,31.0,9.756,9.756,9.756,0.0,0.0,-0.0,32.0,22.887,23.299,23.299,-16.0,0.0,-0.0,33.0
1.983,0,approach,-90.0,12.2,5.528,5.4,5.4,8.0,0.0,0.0,37.0,-100.0,-100.0,-100.0,0.0,0.0,-0.0,32.0,-99.858,-100.0,-100.0,8.0,0.0,-0.0,33.0,-50.4,-90.0,-49.948,-32.0,1.0,-4.981,42.0,-100.0,-100.0,-100.0,-8.0,0.0,-0.0,31.0,9.756,9.756,9.756,0.0,0.0,-0.0,32.0,22.887,23.299,23.299,-16.0,0.0,-0.0,33.0
2.0358,0,approach,-90.0,12.2,5.528,5.4,5.4,8.0,0.0,0.0,37.0,-100.0,-100.0,-100.0,0.0,0.0,-0.0,32.0,-99.858,-100.0,-100.0,8.0,0.0,-0.0,33.0,-50.667,-90.0,-50.216,-32.0,1.0,-5.4,42.0,-100.0,-100.0,-100.0,-8.0,0.0,-0.0,31.0,9.756,9.756,9.756,0.0,0.0,-0.0,32.0,22.887,23.299,23.299,-16.0,0.0,-0.0,33.0
2.0893,0,approach,-90.0,12.2,5.528,5.4,5.4,8.0,0.0,0.0,37.0,-100.0,-100.0,-100.0,0.0,0.0,-0.0,32.0,-99.858,-100.0,-100.0,8.0,0.0,-0.0,33.0,-50.8,-90.0,-50.485,-32.0,1.0,-3.691,42.0,-100.0,-100.0,-100.0,-8.0,0.0,-0.0,31.0,9.756,9.756,9.756,0.0,0.0,-0.0,32.0,22.887,23.299,23.299,-16.0,0.0,-0.0,33.0
2.1429,0,approach,-90.0,12.2,5.528,5.4,5.4,8.0,0.0,0.0,37.0,-100.0,-100.0,-100.0,-8.0,0.0,-0.0,32.0,-99.858,-100.0,-100.0,8.0,0.0,-0.0,33.0,-51.067,-90.0,-50.777,-24.0,0.0,-3.939,42.0,-100.0,-100.0,-100.0,-8.0,0.0,-0.0,32.0,9.756,9.756,9.756,0.0,0.0,-0.0,32.0,22.887,23.299,23.299,-16.0,0.0,-0.0,33.0
2.1962,0,approach,-90.0,12.2,5.528,5.4,5.4,8.0,0.0,0.0,37.0,-100.0,-100.0,-100.0,-8.0,0.0,-0.0,32.0,-99.858,-100.0,-100.0,8.0,0.0,-0.0,33.0,-51.333,-90.0,-51.051,-24.0,0.0,-4.899,42.0,-100.0,-100.0,-100.0,-8.0,0.0,-0.0,32.0,9.756,9.756,9.756,0.0,0.0,-0.0,32.0,22.887,23.299,23.299,-16.0,0.0,-0.0,33.0
2.2502,0,approach,-90.0,12.2,5.528,5.4,5.4,8.0,0.0,0.0,37.0,-100.0,-100.0,-100.0,-8.0,0.0,-0.0,32.0,-99.858,-100.0,-100.0,8.0,0.0,-0.0,33.0,-51.6,-90.0,-51.32,-24.0,0.0,-4.49,42.0,-100.0,-100.0,-100.0,-8.0,0.0,-0.0,32.0,9.756,9.756,9.756,0.0,0.0,-0.0,32.0,22.887,23.299,23.299,-16.0,0.0,-0.0,33.0
2.3023,0,approach,-90.0,12.2,5.528,5.4,5.4,8.0,0.0,0.0,37.0,-100.0,-100.0,-100.0,-8.0,0.0,-0.0,32.0,-99.858,-100.0,-100.0,8.0,0.0,-0.0,33.0,-51.867,-90.0,-51.587,-24.0,0.0,-4.762,42.0,-100.0,-100.0,-100.0,-8.0,0.0,-0.0,32.0,9.756,9.756,9.756,0.0,0.0,-0.0,32.0,22.887,23.299,23.299,-16.0,0.0,-0.0,33.0
2.3558,0,approach,-90.0,12.2,5.528,5.4,5.4,8.0,0.0,0.0,37.0,-100.0,-100.0,-100.0,-8.0,0.0,-0.0,32.0,-99.858,-100.0,-100.0,8.0,0.0,-0.0,33.0,-52.133,-90.0,-51.854,-24.0,0.0,-4.86,42.0,-100.0,-100.0,-100.0,-8.0,0.0,-0.0,32.0,9.756,9.756,9.756,0.0,0.0,-0.0,32.0,22.887,23.299,23.299,-16.0,0.0,-0.0,33.0
2.409,0,approach,-90.0,12.2,5.528,5.4,5.4,8.0,0.0,0.0,37.0,-100.0,-100.0,-100.0,-8.0,0.0,-0.0,32.0,-99.858,-100.0,-100.0,8.0,0.0,-0.0,33.0,-52.533,-90.0,-52.122,-24.0,0.0,-6.384,42.0,-100.0,-100.0,-100.0,-8.0,0.0,-0.0,32.0,9.756,9.756,9.756,0.0,0.0,-0.0,32.0,22.887,23.299,23.299,-16.0,0.0,-0.0,33.0
2.4617,0,approach,-90.0,12.2,5.528,5.4,5.4,8.0,0.0,0.0,37.0,-100.0,-100.0,-100.0,-8.0,0.0,-0.0,32.0,-99.858,-100.0,-100.0,8.0,0.0,-0.0,33.0,-52.667,-90.0,-52.391,-24.0,0.0,-4.628,42.0,-100.0,-100.0,-100.0,-8.0,0.0,-0.0,32.0,9.756,9.756,9.756,0.0,0.0,-0.0,32.0,22.887,23.299,23.299,-16.0,0.0,-0.0,33.0
2.5147,0,approach,-90.0,12.2,5.528,5.4,5.4,8.0,0.0,0.0,37.0,-100.0,-100.0,-100.0,-8.0,0.0,-0.0,32.0,-99.858,-100.0,-100.0,8.0,0.0,-0.0,33.0,-53.067,-90.0,-52.658,-24.0,0.0,-5.851,42.0,-100.0,-100.0,-100.0,-8.0,0.0,-0.0,32.0,9.756,9.756,9.756,0.0,0.0,-0.0,32.0,22.887,23.299,23.299,-16.0,0.0,-0.0,33.0
2.568,0,approach,-90.0,12.2,5.528,5.4,5.4,8.0,0.0,0.0,37.0,-100.0,-100.0,-100.0,-8.0,0.0,-0.0,32.0,-99.858,-100.0,-100.0,8.0,0.0,-0.0,33.0,-53.2,-90.0,-52.928,-24.0,0.0,-4.331,42.0,-100.0,-100.0,-100.0,-8.0,0.0,-0.0,32.0,9.756,9.756,9.756,0.0,0.0,-0.0,32.0,22.887,23.299,23.299,-16.0,0.0,-0.0,33.0
2.6203,0,approach,-90.0,12.2,5.528,5.4,5.4,8.0,0.0,0.0,37.0,-100.0,-100.0,-100.0,-8.0,0.0,-0.0,32.0,-99.858,-100.0,-100.0,8.0,0.0,-0.0,33.0,-53.467,-90.0,-53.2,-24.0,0.0,-4.639,42.0,-100.0,-100.0,-100.0,-8.0,0.0,-0.0,32.0,9.756,9.756,9.756,0.0,0.0,-0.0,32.0,22.887,23.299,23.299,-16.0,0.0,-0.0,33.0
2.6739,0,approach,-90.0,12.2,5.528,5.4,5.4,8.0,0.0,0.0,37.0,-100.0,-100.0,-100.0,-8.0,0.0,-0.0,32.0,-99.858,-100.0,-100.0,8.0,0.0,-0.0,33.0,-53.6,-90.0,-53.334,-24.0,0.0,-4.736,42.0,-100.0,-100.0,-100.0,-8.0,0.0,-0.0,32.0,9.756,9.756,9.756,0.0,0.0,-0.0,32.0,22.887,23.299,23.299,-16.0,0.0,-0.0,33.0
2.7273,0,approach,-90.0,12.2,5.528,5.4,5.4,8.0,0.0,0.0,37.0,-100.0,-100.0,-100.0,-8.0,0.0,-0.0,32.0,-99.858,-100.0,-100.0,8.0,0.0,-0.0,33.0,-54.0,-90.0,-53.768,-28.0,1.0,-5.318,42.0,-100.0,-100.0,-100.0,-8.0,0.0,-0.0,31.0,9.756,9.756,9.756,0.0,0.0,-0.0,32.0,22.887,23.299,23.299,-16.0,0.0,-0.0,33.0
2.7806,0,approach,-90.0,12.2,5.528,5.4,5.4,8.0,0.0,0.0,37.0,-100.0,-100.0,-100.0,-8.0,0.0,-0.0,32.0,-99.858,-100.0,-100.0,8.0,0.0,-0.0,33.0,-54.133,-90.0,-54.039,-28.0,1.0,-4.101,42.0,-100.0,-100.0,-100.0,-8.0,0.0,-0.0,31.0,9.756,9.756,9.756,0.0,0.0,-0.0,32.0,22.887,23.299,23.299,-16.0,0.0,-0.0,33.0
2.8338,0,approach,-90.0,12.2,5.528,5.4,5.4,8.0,0.0,0.0,37.0,-100.0,-100.0,-100.0,-8.0,0.0,-0.0,32.0,-99.858,-100.0,-100.0,8.0,0.0,-0.0,33.0,-54.533,-90.0,-54.306,-28.0,1.0,-5.62,42.0,-100.0,-100.0,-100.0,-8.0,0.0,-0.0,31.0,9.756,9.756,9.756,0.0,0.0,-0.0,32.0,22.887,23.299,23.299,-16.0,0.0,-0.0,33.0
2.8879,0,approach,-90.0,12.2,5.528,5.4,5.4,8.0,0.0,0.0,37.0,-100.0,-100.0,-100.0,-8.0,0.0,-0.0,32.0,-99.858,-100.0,-100.0,8.0,0.0,-0.0,33.0,-54.8,-90.0,-54.447,-28.0,1.0,-5.229,42.0,-100.0,-100.0,-100.0,-8.0,0.0,-0.0,31.0,9.756,9.756,9.756,0.0,0.0,-0.0,32.0,22.887,23.299,23.299,-16.0,0.0,-0.0,33.0
2.9413,0,approach,-90.0,12.2,5.528,5.4,5.4,8.0,0.0,0.0,37.0,-100.0,-100.0,-100.0,-8.0,0.0,-0.0,32.0,-99.858,-100.0,-100.0,8.0,0.0,-0.0,33.0,-55.067,-90.0,-54.727,-28.0,1.0,-5.008,42.0,-100.0,-100.0,-100.0,-8.0,0.0,-0.0,31.0,9.756,9.756,9.756,0.0,0.0,-0.0,32.0,22.887,23.299,23.299,-16.0,0.0,-0.0,33.0
2.9946,0,approach,-90.0,12.2,5.528,5.4,5.4,8.0,0.0,0.0,37.0,-100.0,-100.0,-100.0,-8.0,0.0,-0.0,32.0,-99.858,-100.0,-100.0,8.0,0.0,-0.0,33.0,-55.333,-90.0,-54.997,-28.0,1.0,-4.976,42.0,-100.0,-100.0,-100.0,-8.0,0.0,-0.0,31.0,9.756,9.756,9.756,0.0,0.0,-0.0,32.0,22.887,23.299,23.299,-16.0,0.0,-0.0,33.0
3.0481,0,approach,-90.0,12.2,5.528,5.4,5.4,8.0,0.0,0.0,37.0,-100.0,-100.0,-100.0,-8.0,0.0,-0.0,32.0,-99.858,-100.0,-100.0,8.0,0.0,-0.0,33.0,-55.6,-90.0,-55.268,-28.0,1.0,-4.943,42.0,-100.0,-100.0,-100.0,-8.0,0.0,-0.0,31.0,9.756,9.756,9.756,0.0,0.0,-0.0,32.0,22.887,23.299,23.299,-16.0,0.0,-0.0,33.0
3.1004,0,approach,-90.0,12.2,5.528,5.4,5.4,8.0,0.0,0.0,37.0,-100.0,-100.0,-100.0,-8.0,0.0,-0.0,32.0,-99.858,-100.0,-100.0,8.0,0.0,-0.0,33.0,-55.867,-90.0,-55.537,-28.0,1.0,-4.963,42.0,-100.0,-100.0,-100.0,-8.0,0.0,-0.0,31.0,9.756,9.756,9.756,0.0,0.0,-0.0,32.0,22.887,23.299,23.299,-16.0,0.0,-0.0,33.0
3.1531,0,approach,-90.0,12.2,5.528,5.4,5.4,8.0,0.0,0.0,37.0,-100.0,-100.0,-100.0,-8.0,0.0,-0.0,32.0,-99.858,-100.0,-100.0,8.0,0.0,-0.0,33.0,-56.133,-90.0,-55.807,-28.0,1.0,-4.928,42.0,-100.0,-100.0,-100.0,-8.0,0.0,-0.0,31.0,9.756,9.756,9.756,0.0,0.0,-0.0,32.0,22.887,23.299,23.299,-16.0,0.0,-0.0,33.0
3.2054,0,approach,-90.0,12.2,5.528,5.4,5.4,8.0,0.0,0.0,37.0,-100.0,-100.0,-100.0,-8.0,0.0,-0.0,32.0,-99.858,-100.0,-100.0,8.0,0.0,-0.0,33.0,-56.4,-90.0,-56.078,-28.0,1.0,-4.948,42.0,-100.0,-100.0,-100.0,-8.0,0.0,-0.0,31.0,9.756,9.756,9.756,0.0,0.0,-0.0,32.0,22.887,23.299,23.299,-16.0,0.0,-0.0,33.0
3.259,0,approach,-90.0,12.2,5.528,5.4,5.4,8.0,0.0,0.0,37.0,-100.0,-100.0,-100.0,-8.0,0.0,-0.0,32.0,-99.858,-100.0,-100.0,8.0,0.0,-0.0,33.0,-56.4,-90.0,-56.212,-20.0,0.0,-3.463,42.0,-100.0,-100.0,-100.0,-8.0,0.0,-0.0,32.0,9.756,9.756,9.756,0.0,0.0,-0.0,32.0,22.887,23.299,23.299,-16.0,0.0,-0.0,33.0
3.3121,0,approach,-90.0,12.2,5.528,5.4,5.4,8.0,0.0,0.0,37.0,-100.0,-100.0,-100.0,-8.0,0.0,-0.0,32.0,-99.858,-100.0,-100.0,8.0,0.0,-0.0,33.0,-56.8,-90.0,-56.633,-20.0,0.0,-4.167,42.0,-100.0,-100.0,-100.0,-8.0,0.0,-0.0,32.0,9.756,9.756,9.756,0.0,0.0,-0.0,32.0,22.887,23.299,23.299,-16.0,0.0,-0.0,33.0
3.365,0,approach,-90.0,12.2,5.528,5.4,5.4,8.0,0.0,0.0,37.0,-100.0,-100.0,-100.0,-8.0,0.0,-0.0,32.0,-99.858,-100.0,-100.0,8.0,0.0,-0.0,33.0,-57.067,-90.0,-56.901,-20.0,0.0,-4.588,42.0,-100.0,-100.0,-100.0,-8.0,0.0,-0.0,32.0,9.756,9.756,9.756,0.0,0.0,-0.0,32.0,22.887,23.299,23.299,-16.0,0.0,-0.0,33.0
3.418,0,approach,-90.0,12.2,5.528,5.4,5.4,8.0,0.0,0.0,37.0,-100.0,-100.0,-100.0,-8.0,0.0,-0.0,32.0,-99.858,-100.0,-100.0,8.0,0.0,-0.0,33.0,-57.333,-90.0,-57.167,-20.0,0.0,-4.808,42.0,-100.0,-100.0,-100.0,-8.0,0.0,-0.0,32.0,9.756,9.756,9.756,0.0,0.0,-0.0,32.0,22.887,23.299,23.299,-16.0,0.0,-0.0,33.0
3.4711,0,approach,-90.0,12.2,5.528,5.4,5.4,8.0,0.0,0.0,37.0,-100.0,-100.0,-100.0,-8.0,0.0,-0.0,32.0,-99.858,-100.0,-100.0,8.0,0.0,-0.0,33.0,-57.733,-90.0,-57.437,-20.0,0.0,-5.909,42.0,-100.0,-100.0,-100.0,-8.0,0.0,-0.0,32.0,9.756,9.756,9.756,0.0,0.0,-0.0,32.0,22.887,23.299,23.299,-16.0,0.0,-0.0,33.0
3.5234,0,approach,-90.0,12.2,5.528,5.4,5.4,8.0,0.0,0.0,37.0,-100.0,-100.0,-100.0,-8.0,0.0,-0.0,32.0,-99.858,-100.0,-100.0,8.0,0.0,-0.0,33.0,-57.867,-90.0,-57.705,-20.0,0.0,-4.37,42.0,-100.0,-100.0,-100.0,-8.0,0.0,-0.0,32.0,9.756,9.756,9.756,0.0,0.0,-0.0,32.0,22.887,23.299,23.299,-16.0,0.0,-0.0,33.0
3.5764,0,approach,-90.0,12.2,5.528,5.4,5.4,8.0,0.0,0.0,37.0,-100.0,-100.0,-100.0,-8.0,0.0,-0.0,32.0,-99.858,-100.0,-100.0,8.0,0.0,-0.0,33.0,-58.267,-90.0,-57.975,-20.0,0.0,-6.166,42.0,-100.0,-100.0,-100.0,-8.0,0.0,-0.0,32.0,9.756,9.756,9.756,0.0,0.0,-0.0,32.0,22.887,23.299,23.299,-16.0,0.0,-0.0,33.0
3.6296,0,approach,-90.0,12.2,5.528,5.4,5.4,8.0,0.0,0.0,37.0,-100.0,-100.0,-100.0,-8.0,0.0,-0.0,32.0,-99.858,-100.0,-100.0,8.0,0.0,-0.0,33.0,-58.4,-90.0,-58.245,-20.0,0.0,-4.516,42.0,-100.0,-100.0,-100.0,-8.0,0.0,-0.0,32.0,9.756,9.756,9.756,0.0,0.0,-0.0,32.0,22.887,23.299,23.299,-16.0,0.0,-0.0,33.0
3.683,0,approach,-90.0,12.2,5.528,5.4,5.4,8.0,0.0,0.0,37.0,-100.0,-100.0,-100.0,-8.0,0.0,-0.0,32.0,-99.858,-100.0,-100.0,8.0,0.0,-0.0,33.0,-58.667,-90.0,-58.512,-20.0,0.0,-4.306,42.0,-100.0,-100.0,-100.0,-8.0,0.0,-0.0,32.0,9.756,9.756,9.756,0.0,0.0,-0.0,32.0,22.887,23.299,23.299,-16.0,0.0,-0.0,33.0
3.7362,0,approach,-90.0,12.2,5.528,5.4,5.4,8.0,0.0,0.0,37.0,-100.0,-100.0,-100.0,-8.0,0.0,-0.0,32.0,-99.858,-100.0,-100.0,8.0,0.0,-0.0,33.0,-59.067,-90.0,-58.784,-20.0,0.0,-6.093,42.0,-100.0,-100.0,-100.0,-8.0,0.0,-0.0,32.0,9.756,9.756,9.756,0.0,0.0,-0.0,32.0,22.887,23.299,23.299,-16.0,0.0,-0.0,33.0
3.7897,0,approach,-90.0,12.2,5.528,5.4,5.4,8.0,0.0,0.0,37.0,-100.0,-100.0,-100.0,-8.0,0.0,-0.0,32.0,-99.858,-100.0,-100.0,8.0,0.0,-0.0,33.0,-59.2,-90.0,-59.051,-20.0,0.0,-4.471,42.0,-100.0,-100.0,-100.0,-8.0,0.0,-0.0,32.0,9.756,9.756,9.756,0.0,0.0,-0.0,32.0,22.887,23.299,23.299,-16.0,0.0,-0.0,33.0
3.8432,0,approach,-90.0,12.2,5.528,5.4,5.4,8.0,0.0,0.0,37.0,-100.0,-100.0,-100.0,-8.0,0.0,-0.0,32.0,-99.858,-100.0,-100.0,8.0,0.0,-0.0,33.0,-59.2,-90.0,-59.338,-16.0,0.0,-4.471,42.0,-100.0,-100.0,-100.0,-8.0,0.0,-0.0,31.0,9.756,9.756,9.756,0.0,0.0,-0.0,32.0,22.887,23.299,23.299,-16.0,0.0,-0.0,33.0
3.8977,0,approach,-90.0,12.2,5.528,5.4,5.4,8.0,0.0,0.0,37.0,-100.0,-100.0,-100.0,-8.0,0.0,-0.0,32.0,-99.858,-100.0,-100.0,8.0,0.0,-0.0,33.0,-59.467,-90.0,-59.623,-16.0,0.0,-3.109,42.0,-100.0,-100.0,-100.0,-8.0,0.0,-0.0,31.0,9.756,9.756,9.756,0.0,0.0,-0.0,32.0,22.887,23.299,23.299,-16.0,0.0,-0.0,33.0
3.9514,0,approach,-90.0,12.2,5.528,5.4,5.4,8.0,0.0,0.0,37.0,-100.0,-100.0,-100.0,-8.0,0.0,-0.0,32.0,-99.858,-100.0,-100.0,8.0,0.0,-0.0,33.0,-60.0,-90.0,-59.76,-16.0,0.0,-6.509,42.0,-100.0,-100.0,-100.0,-8.0,0.0,-0.0,31.0,9.756,9.756,9.756,0.0,0.0,-0.0,32.0,22.887,23.299,23.299,-16.0,0.0,-0.0,33.0
4.0044,0,approach,-90.0,12.2,5.528,5.4,5.4,8.0,0.0,0.0,37.0,-100.0,-100.0,-100.0,-8.0,0.0,-0.0,32.0,-99.858,-100.0,-100.0,8.0,0.0,-0.0,33.0,-60.267,-90.0,-60.045,-16.0,0.0,-5.61,42.0,-100.0,-100.0,-100.0,-8.0,0.0,-0.0,31.0,9.756,9.756,9.756,0.0,0.0,-0.0,32.0,22.887,23.299,23.299,-16.0,0.0,-0.0,33.0
4.0575,0,approach,-90.0,12.2,5.528,5.4,5.4,8.0,0.0,0.0,37.0,-100.0,-100.0,-100.0,-8.0,0.0,-0.0,32.0,-99.858,-100.0,-100.0,8.0,0.0,-0.0,33.0,-60.533,-90.0,-60.313,-16.0,0.0,-5.291,42.0,-100.0,-100.0,-100.0,-8.0,0.0,-0.0,31.0,9.756,9.756,9.756,0.0,0.0,-0.0,32.0,22.887,23.299,23.299,-16.0,0.0,-0.0,33.0
4.1106,0,approach,-90.0,12.2,5.528,5.4,5.4,8.0,0.0,0.0,37.0,-100.0,-100.0,-100.0,-8.0,0.0,-0.0,32.0,-99.858,-100.0,-100.0,8.0,0.0,-0.0,33.0,-60.8,-90.0,-60.581,-16.0,0.0,-5.136,42.0,-100.0,-100.0,-100.0,-8.0,0.0,-0.0,31.0,9.756,9.756,9.756,0.0,0.0,-0.0,32.0,22.887,23.299,23.299,-16.0,0.0,-0.0,33.0
4.1634,0,approach,-90.0,12.2,5.528,5.4,5.4,8.0,0.0,0.0,37.0,-100.0,-100.0,-100.0,-8.0,0.0,-0.0,32.0,-99.858,-100.0,-100.0,8.0,0.0,-0.0,33.0,-61.067,-90.0,-60.85,-16.0,0.0,-5.042,42.0,-100.0,-100.0,-100.0,-8.0,0.0,-0.0,31.0,9.756,9.756,9.756,0.0,0.0,-0.0,32.0,22.887,23.299,23.299,-16.0,0.0,-0.0,33.0
4.2162,0,approach,-90.0,12.2,5.528,5.4,5.4,8.0,0.0,0.0,37.0,-100.0,-100.0,-100.0,-8.0,0.0,-0.0,32.0,-99.858,-100.0,-100.0,8.0,0.0,-0.0,33.0,-61.333,-90.0,-61.12,-16.0,0.0,-4.969,42.0,-100.0,-100.0,-100.0,-8.0,0.0,-0.0,31.0,9.756,9.756,9.756,0.0,0.0,-0.0,32.0,22.887,23.299,23.299,-16.0,0.0,-0.0,33.0
4.2685,0,approach,-90.0,12.2,5.528,5.4,5.4,8.0,0.0,0.0,37.0,-100.0,-100.0,-100.0,-8.0,0.0,-0.0,32.0,-99.858,-100.0,-100.0,8.0,0.0,-0.0,33.0,-61.6,-90.0,-61.394,-16.0,0.0,-4.915,42.0,-100.0,-100.0,-100.0,-8.0,0.0,-0.0,31.0,9.756,9.756,9.756,0.0,0.0,-0.0,32.0,22.887,23.299,23.299,-16.0,0.0,-0.0,33.0
4.3219,0,approach,-90.0,12.2,5.528,5.4,5.4,8.0,0.0,0.0,37.0,-100.0,-100.0,-100.0,-8.0,0.0,-0.0,32.0,-99.858,-100.0,-100.0,8.0,0.0,-0.0,33.0,-61.867,-90.0,-61.664,-16.0,0.0,-4.942,42.0,-100.0,-100.0,-100.0,-8.0,0.0,-0.0,31.0,9.756,9.756,9.756,0.0,0.0,-0.0,32.0,22.887,23.299,23.299,-16.0,0.0,-0.0,33.0
4.3753,0,approach,-90.0,12.2,5.528,5.4,5.4,8.0,0.0,0.0,37.0,-100.0,-100.0,-100.0,-8.0,0.0,-0.0,32.0,-99.858,-100.0,-100.0,8.0,0.0,-0.0,33.0,-62.133,-90.0,-61.933,-16.0,0.0,-4.968,42.0,-100.0,-100.0,-100.0,-8.0,0.0,-0.0,31.0,9.756,9.756,9.756,0.0,0.0,-0.0,32.0,22.887,23.299,23.299,-16.0,0.0,-0.0,33.0
4.4288,0,approach,-90.0,12.1,5.528,5.4,5.4,8.0,0.0,0.0,37.0,-100.0,-100.0,-100.0,-8.0,0.0,-0.0,32.0,-99.858,-100.0,-100.0,8.0,0.0,-0.0,33.0,-62.267,-90.0,-62.228,-8.0,0.0,-4.156,42.0,-100.0,-100.0,-100.0,-8.0,0.0,-0.0,31.0,9.756,9.756,9.756,0.0,0.0,-0.0,32.0,22.887,23.299,23.299,-16.0,1.0,-0.0,33.0
4.4819,0,approach,-90.0,12.1,5.528,5.4,5.4,8.0,0.0,0.0,37.0,-100.0,-100.0,-100.0,-8.0,0.0,-0.0,32.0,-99.858,-100.0,-100.0,8.0,0.0,-0.0,33.0,-62.533,-90.0,-62.495,-8.0,0.0,-4.576,42.0,-100.0,-100.0,-100.0,-8.0,0.0,-0.0,31.0,9.756,9.756,9.756,0.0,0.0,-0.0,32.0,22.887,23.299,23.299,-16.0,1.0,-0.0,33.0
4.5349,0,approach,-90.0,12.1,5.528,5.4,5.4,8.0,0.0,0.0,37.0,-100.0,-100.0,-100.0,-8.0,0.0,-0.0,32.0,-99.858,-100.0,-100.0,8.0,0.0,-0.0,33.0,-62.933,-90.0,-62.763,-8.0,0.0,-6.274,42.0,-100.0,-100.0,-100.0,-8.0,0.0,-0.0,31.0,9.756,9.756,9.756,0.0,0.0,-0.0,32.0,22.887,23.299,23.299,-16.0,1.0,-0.0,33.0
4.5877,0,approach,-90.0,12.1,5.528,5.4,5.4,8.0,0.0,0.0,37.0,-100.0,-100.0,-100.0,-8.0,0.0,-0.0,32.0,-99.858,-100.0,-100.0,8.0,0.0,-0.0,33.0,-63.2,-90.0,-63.033,-8.0,0.0,-6.058,42.0,-100.0,-100.0,-100.0,-8.0,0.0,-0.0,31.0,9.756,9.756,9.756,0.0,0.0,-0.0,32.0,22.887,23.299,23.299,-16.0,1.0,-0.0,33.0
4.641,0,approach,-90.0,12.1,5.528,5.4,5.4,8.0,0.0,0.0,37.0,-100.0,-100.0,-100.0,-8.0,0.0,-0.0,32.0,-99.858,-100.0,-100.0,8.0,0.0,-0.0,33.0,-63.333,-90.0,-63.3,-8.0,0.0,-4.449,42.0,-100.0,-100.0,-100.0,-8.0,0.0,-0.0,31.0,9.756,9.756,9.756,0.0,0.0,-0.0,32.0,22.887,23.299,23.299,-16.0,1.0,-0.0,33.0
4.6943,0,approach,-90.0,12.1,5.528,5.4,5.4,8.0,0.0,0.0,37.0,-100.0,-100.0,-100.0,-8.0,0.0,-0.0,32.0,-99.858,-100.0,-100.0,8.0,0.0,-0.0,33.0,-63.733,-90.0,-63.571,-8.0,0.0,-6.188,42.0,-100.0,-100.0,-100.0,-8.0,0.0,-0.0,31.0,9.756,9.756,9.756,0.0,0.0,-0.0,32.0,22.887,23.299,23.299,-16.0,1.0,-0.0,33.0
4.7478,0,approach,-90.0,12.1,5.528,5.4,5.4,8.0,0.0,0.0,37.0,-100.0,-100.0,-100.0,-8.0,0.0,-0.0,32.0,-99.858,-100.0,-100.0,8.0,0.0,-0.0,33.0,-63.867,-90.0,-63.843,-8.0,0.0,-5.802,42.0,-100.0,-100.0,-100.0,-8.0,0.0,-0.0,31.0,9.756,9.756,9.756,0.0,0.0,-0.0,32.0,22.887,23.299,23.299,-16.0,1.0,-0.0,33.0
4.8005,0,approach,-90.0,12.1,5.528,5.4,5.4,8.0,0.0,0.0,37.0,-100.0,-100.0,-100.0,-8.0,0.0,-0.0,32.0,-99.858,-100.0,-100.0,8.0,0.0,-0.0,33.0,-64.0,-90.0,-64.114,-8.0,0.0,-4.325,42.0,-100.0,-100.0,-100.0,-8.0,0.0,-0.0,31.0,9.756,9.756,9.756,0.0,0.0,-0.0,32.0,22.887,23.299,23.299,-16.0,1.0,-0.0,33.0
4.854,0,approach,-90.0,12.1,5.528,5.4,5.4,8.0,0.0,0.0,37.0,-100.0,-100.0,-100.0,-8.0,0.0,-0.0,32.0,-99.858,-100.0,-100.0,8.0,0.0,-0.0,33.0,-64.267,-90.0,-64.395,-8.0,0.0,-4.008,42.0,-100.0,-100.0,-100.0,-8.0,0.0,-0.0,31.0,9.756,9.756,9.756,0.0,0.0,-0.0,32.0,22.887,23.299,23.299,-16.0,1.0,-0.0,33.0
4.9074,0,approach,-90.0,12.1,5.438,5.4,5.4,8.0,0.0,-1.012,37.0,-100.0,-100.0,-100.0,-8.0,0.0,-0.0,32.0,-99.858,-100.0,-100.0,8.0,0.0,-0.0,33.0,-64.667,-90.0,-64.545,-8.0,0.0,-5.905,42.0,-100.0,-100.0,-100.0,-8.0,0.0,-0.0,31.0,9.756,9.756,9.756,0.0,0.0,-0.0,32.0,22.887,23.299,23.299,-16.0,1.0,-0.0,33.0
4.961,0,approach,-90.0,12.1,5.438,5.4,5.4,8.0,0.0,-0.496,37.0,-100.0,-100.0,-100.0,-8.0,0.0,-0.0,32.0,-99.858,-100.0,-100.0,8.0,0.0,-0.0,33.0,-64.933,-90.0,-64.823,-8.0,0.0,-5.902,42.0,-100.0,-100.0,-100.0,-8.0,0.0,-0.0,31.0,9.756,9.756,9.756,0.0,0.0,-0.0,32.0,22.887,23.299,23.299,-16.0,1.0,-0.0,33.0
5.0131,0,approach,-90.0,12.2,5.438,5.4,5.4,0.0,0.0,-0.347,37.0,-100.0,-100.0,-100.0,-8.0,0.0,-0.0,32.0,-99.858,-100.0,-100.0,8.0,0.0,-0.0,33.0,-65.2,-90.0,-65.121,4.0,0.0,-5.466,42.0,-100.0,-100.0,-100.0,-8.0,0.0,-0.0,31.0,9.756,9.756,9.756,0.0,0.0,-0.0,32.0,22.887,23.299,23.299,-16.0,0.0,-0.0,33.0
5.0654,0,approach,-90.0,12.2,5.438,5.4,5.4,0.0,0.0,-0.17,37.0,-100.0,-100.0,-100.0,-8.0,0.0,-0.0,32.0,-99.858,-100.0,-100.0,8.0,0.0,-0.0,33.0,-65.467,-90.0,-65.395,4.0,0.0,-5.633,42.0,-100.0,-100.0,-100.0,-8.0,0.0,-0.0,31.0,9.756,9.756,9.756,0.0,0.0,-0.0,32.0,22.887,23.299,23.299,-16.0,0.0,-0.0,33.0
5.1188,0,approach,-90.0,12.2,5.438,5.4,5.4,0.0,0.0,-0.083,37.0,-100.0,-100.0,-100.0,-8.0,0.0,-0.0,32.0,-99.858,-100.0,-100.0,8.0,0.0,-0.0,33.0,-65.733,-90.0,-65.664,4.0,0.0,-5.302,42.0,-100.0,-100.0,-100.0,-8.0,0.0,-0.0,31.0,9.756,9.756,9.756,0.0,0.0,-0.0,32.0,22.887,23.299,23.299,-16.0,0.0,-0.0,33.0
5.1722,0,approach,-90.0,12.2,5.348,5.4,5.4,0.0,0.0,-0.746,37.0,-100.0,-100.0,-100.0,-8.0,0.0,-0.0,32.0,-99.858,-100.0,-100.0,8.0,0.0,-0.0,33.0,-66.0,-90.0,-65.93,4.0,0.0,-5.142,42.0,-100.0,-100.0,-100.0,-8.0,0.0,-0.0,31.0,9.756,9.756,9.756,0.0,0.0,-0.0,32.0,22.887,23.299,23.299,-16.0,0.0,-0.0,33.0
5.2253,0,approach,-90.0,12.2,5.348,5.4,5.4,0.0,0.0,-0.366,37.0,-100.0,-100.0,-100.0,-8.0,0.0,-0.0,32.0,-99.858,-100.0,-100.0,8.0,0.0,-0.0,33.0,-66.267,-90.0,-66.199,4.0,0.0,-5.031,42.0,-100.0,-100.0,-100.0,-8.0,0.0,-0.0,31.0,9.756,9.756,9.756,0.0,0.0,-0.0,32.0,22.887,23.299,23.299,-16.0,0.0,-0.0,33.0
5.2785,0,approach,-90.0,12.2,5.348,5.4,5.4,0.0,0.0,-0.179,37.0,-100.0,-100.0,-100.0,-8.0,0.0,-0.0,32.0,-99.858,-100.0,-100.0,8.0,0.0,-0.0,33.0,-66.533,-90.0,-66.469,4.0,0.0,-4.977,42.0,-100.0,-100.0,-100.0,-8.0,0.0,-0.0,31.0,9.756,9.756,9.756,0.0,0.0,-0.0,32.0,22.887,23.299,23.299,-16.0,0.0,-0.0,33.0
5.3315,0,approach,-90.0,12.2,5.348,5.4,5.4,0.0,0.0,-0.088,37.0,-100.0,-100.0,-100.0,-8.0,0.0,-0.0,32.0,-99.858,-100.0,-100.0,8.0,0.0,-0.0,33.0,-66.8,-90.0,-66.739,4.0,0.0,-4.964,42.0,-100.0,-100.0,-100.0,-8.0,0.0,-0.0,31.0,9.756,9.756,9.756,0.0,0.0,-0.0,32.0,22.887,23.299,23.299,-16.0,0.0,-0.0,33.0
5.3847,0,approach,-90.0,12.2,5.348,5.4,5.4,0.0,0.0,-0.043,37.0,-100.0,-100.0,-100.0,-8.0,0.0,-0.0,32.0,-99.858,-100.0,-100.0,8.0,0.0,-0.0,33.0,-67.067,-90.0,-67.01,4.0,0.0,-4.961,42.0,-100.0,-100.0,-100.0,-8.0,0.0,-0.0,31.0,9.756,9.756,9.756,0.0,0.0,-0.0,32.0,22.887,23.299,23.299,-16.0,0.0,-0.0,33.0
5.4378,0,approach,-90.0,12.2,5.348,5.4,5.4,0.0,0.0,-0.021,37.0,-100.0,-100.0,-100.0,-8.0,0.0,-0.0,32.0,-99.858,-100.0,-100.0,8.0,0.0,-0.0,33.0,-67.333,-90.0,-67.277,4.0,0.0,-4.987,42.0,-100.0,-100.0,-100.0,-8.0,0.0,-0.0,31.0,9.756,9.756,9.756,0.0,0.0,-0.0,32.0,22.887,23.299,23.299,-16.0,0.0,-0.0,33.0
5.4911,0,approach,-90.0,12.2,5.348,5.4,5.4,0.0,0.0,-0.01,37.0,-100.0,-100.0,-100.0,-8.0,0.0,-0.0,32.0,-99.858,-100.0,-100.0,8.0,0.0,-0.0,33.0,-67.6,-90.0,-67.543,4.0,0.0,-4.981,42.0,-100.0,-100.0,-100.0,-8.0,0.0,-0.0,31.0,9.756,9.756,9.756,0.0,0.0,-0.0,32.0,22.887,23.299,23.299,-16.0,0.0,-0.0,33.0
5.5434,0,approach,-90.0,12.2,5.348,5.4,5.4,0.0,0.0,-0.007,37.0,-100.0,-100.0,-100.0,-8.0,0.0,-0.0,32.0,-99.858,-100.0,-100.0,8.0,0.0,-0.0,33.0,-67.733,-90.0,-67.677,4.0,0.0,-4.989,42.0,-100.0,-100.0,-100.0,-8.0,0.0,-0.0,31.0,9.756,9.756,9.756,0.0,0.0,-0.0,32.0,22.887,23.299,23.299,-16.0,0.0,-0.0,33.0
5.597,0,approach,-90.0,12.2,5.348,5.4,5.4,0.0,0.0,-0.005,37.0,-100.0,-100.0,-100.0,-8.0,0.0,-0.0,32.0,-99.858,-100.0,-100.0,8.0,0.0,-0.0,33.0,-67.867,-90.0,-68.11,0.0,0.0,-4.16,42.0,-100.0,-100.0,-100.0,0.0,0.0,-0.0,31.0,9.756,9.756,9.756,0.0,0.0,-0.0,32.0,22.887,23.299,23.299,-16.0,1.0,-0.0,33.0
5.6495,0,approach,-90.0,12.2,5.258,5.4,5.4,0.0,0.0,-1.007,37.0,-100.0,-100.0,-100.0,-8.0,0.0,-0.0,32.0,-99.858,-100.0,-100.0,8.0,0.0,-0.0,33.0,-68.133,-90.0,-68.255,0.0,0.0,-4.493,42.0,-100.0,-100.0,-100.0,0.0,0.0,-0.0,31.0,9.756,9.756,9.756,0.0,0.0,-0.0,32.0,22.887,23.299,23.299,-16.0,1.0,-0.0,33.0
5.7031,0,approach,-90.0,12.2,5.258,5.4,5.4,0.0,0.0,-0.493,37.0,-100.0,-100.0,-100.0,-8.0,0.0,-0.0,32.0,-99.858,-100.0,-100.0,8.0,0.0,-0.0,33.0,-68.533,-90.0,-68.533,0.0,0.0,-5.639,42.0,-100.0,-100.0,-100.0,0.0,0.0,-0.0,31.0,9.756,9.756,9.756,0.0,0.0,-0.0,32.0,22.887,23.299,23.299,-16.0,1.0,-0.0,33.0
5.7555,0,approach,-90.0,12.2,5.258,5.4,5.4,0.0,0.0,-0.242,37.0,-100.0,-100.0,-100.0,-8.0,0.0,-0.0,32.0,-99.858,-100.0,-100.0,8.0,0.0,-0.0,33.0,-68.667,-90.0,-68.8,0.0,0.0,-3.818,42.0,-100.0,-100.0,-100.0,0.0,0.0,-0.0,31.0,9.756,9.756,9.756,0.0,0.0,-0.0,32.0,22.887,23.299,23.299,-16.0,1.0,-0.0,33.0
5.8085,0,approach,-90.0,12.2,5.258,5.4,5.4,0.0,0.0,-0.118,37.0,-100.0,-100.0,-100.0,-8.0,0.0,-0.0,32.0,-99.858,-100.0,-100.0,8.0,0.0,-0.0,33.0,-69.067,-90.0,-69.07,0.0,0.0,-5.408,42.0,-100.0,-100.0,-100.0,0.0,0.0,-0.0,31.0,9.756,9.756,9.756,0.0,0.0,-0.0,32.0,22.887,23.299,23.299,-16.0,1.0,-0.0,33.0
5.8619,0,approach,-90.0,12.2,5.258,5.4,5.4,0.0,0.0,-0.058,37.0,-100.0,-100.0,-100.0,-8.0,0.0,-0.0,32.0,-99.858,-100.0,-100.0,8.0,0.0,-0.0,33.0,-69.333,-90.0,-69.34,0.0,0.0,-5.187,42.0,-100.0,-100.0,-100.0,0.0,0.0,-0.0,31.0,9.756,9.756,9.756,0.0,0.0,-0.0,32.0,22.887,23.299,23.299,-16.0,1.0,-0.0,33.0
5.9158,0,approach,-90.0,12.2,5.258,5.4,5.4,0.0,0.0,-0.028,37.0,-100.0,-100.0,-100.0,-8.0,0.0,-0.0,32.0,-99.858,-100.0,-100.0,8.0,0.0,-0.0,33.0,-69.6,-90.0,-69.606,0.0,0.0,-5.107,42.0,-100.0,-100.0,-100.0,0.0,0.0,-0.0,31.0,9.756,9.756,9.756,0.0,0.0,-0.0,32.0,22.887,23.299,23.299,-16.0,1.0,-0.0,33.0
5.969,0,approach,-90.0,12.2,5.258,5.4,5.4,0.0,0.0,-0.014,37.0,-100.0,-100.0,-100.0,-8.0,0.0,-0.0,32.0,-99.858,-100.0,-100.0,8.0,0.0,-0.0,33.0,-69.867,-90.0,-69.873,0.0,0.0,-4.586,42.0,-100.0,-100.0,-100.0,0.0,0.0,-0.0,31.0,9.756,9.756,9.756,0.0,0.0,-0.0,32.0,22.887,23.299,23.299,-16.0,1.0,-0.0,33.0
6.022,0,approach,-90.0,12.2,5.258,5.4,5.4,0.0,0.0,-0.007,37.0,-100.0,-100.0,-100.0,-8.0,0.0,-0.0,32.0,-99.858,-100.0,-100.0,8.0,0.0,-0.0,33.0,-70.267,-90.0,-70.139,0.0,0.0,-5.83,42.0,-100.0,-100.0,-100.0,0.0,0.0,-0.0,31.0,9.756,9.756,9.756,0.0,0.0,-0.0,32.0,22.887,23.299,23.299,-16.0,1.0,-0.0,33.0
6.0756,0,approach,-90.0,12.2,5.258,5.4,5.4,0.0,0.0,-0.003,37.0,-100.0,-100.0,-100.0,-8.0,0.0,-0.0,32.0,-99.858,-100.0,-100.0,8.0,0.0,-0.0,33.0,-70.533,-90.0,-70.408,0.0,0.0,-5.864,42.0,-100.0,-100.0,-100.0,0.0,0.0,-0.0,31.0,9.756,9.756,9.756,0.0,0.0,-0.0,32.0,22.887,23.299,23.299,-16.0,1.0,-0.0,33.0
6.1293,0,approach,-90.0,12.2,5.258,5.4,5.4,0.0,0.0,-0.002,37.0,-100.0,-100.0,-100.0,-8.0,0.0,-0.0,32.0,-99.858,-100.0,-100.0,8.0,0.0,-0.0,33.0,-70.533,-90.0,-70.542,-4.0,0.0,-4.105,42.0,-100.0,-100.0,-100.0,0.0,0.0,-0.0,32.0,9.756,9.756,9.756,0.0,0.0,-0.0,32.0,22.887,23.299,23.299,-16.0,1.0,-0.0,33.0
6.1828,0,approach,-90.0,12.2,5.258,5.4,5.4,0.0,0.0,-0.001,37.0,-100.0,-100.0,-100.0,-8.0,0.0,-0.0,32.0,-99.858,-100.0,-100.0,8.0,0.0,-0.0,33.0,-70.8,-90.0,-70.961,-4.0,0.0,-3.0,42.0,-100.0,-100.0,-100.0,0.0,0.0,-0.0,32.0,9.756,9.756,9.756,0.0,0.0,-0.0,32.0,22.887,23.299,23.299,-16.0,1.0,-0.0,33.0
6.2352,0,approach,-90.0,12.2,5.258,5.4,5.4,0.0,0.0,-0.001,37.0,-100.0,-100.0,-100.0,-8.0,0.0,-0.0,32.0,-99.858,-100.0,-100.0,8.0,0.0,-0.0,33.0,-71.2,-90.0,-71.231,-4.0,0.0,-5.009,42.0,-100.0,-100.0,-100.0,0.0,0.0,-0.0,32.0,9.756,9.756,9.756,0.0,0.0,-0.0,32.0,22.887,23.299,23.299,-16.0,1.0,-0.0,33.0
6.2876,0,approach,-90.0,12.2,5.258,5.4,5.4,0.0,0.0,-0.0,37.0,-100.0,-100.0,-100.0,-8.0,0.0,-0.0,32.0,-99.858,-100.0,-100.0,8.0,0.0,-0.0,33.0,-71.467,-90.0,-71.504,-4.0,0.0,-4.972,42.0,-100.0,-100.0,-100.0,0.0,0.0,-0.0,32.0,9.756,9.756,9.756,0.0,0.0,-0.0,32.0,22.887,23.299,23.299,-16.0,1.0,-0.0,33.0
6.34,0,approach,-90.0,12.2,5.258,5.4,5.4,0.0,0.0,-0.0,37.0,-100.0,-100.0,-100.0,-8.0,0.0,-0.0,32.0,-99.858,-100.0,-100.0,8.0,0.0,-0.0,33.0,-71.733,-90.0,-71.773,-4.0,0.0,-4.94,42.0,-100.0,-100.0,-100.0,0.0,0.0,-0.0,32.0,9.756,9.756,9.756,0.0,0.0,-0.0,32.0,22.887,23.299,23.299,-16.0,1.0,-0.0,33.0
6.3923,0,approach,-90.0,12.2,5.258,5.4,5.4,0.0,0.0,-0.0,37.0,-100.0,-100.0,-100.0,-8.0,0.0,-0.0,32.0,-99.858,-100.0,-100.0,8.0,0.0,-0.0,33.0,-72.0,-90.0,-72.042,-4.0,0.0,-4.958,42.0,-100.0,-100.0,-100.0,0.0,0.0,-0.0,32.0,9.756,9.756,9.756,0.0,0.0,-0.0,32.0,22.887,23.299,23.299,-16.0,1.0,-0.0,33.0
6.4459,0,approach,-90.0,12.2,5.258,5.4,5.4,0.0,0.0,-0.0,37.0,-100.0,-100.0,-100.0,-8.0,0.0,-0.0,32.0,-99.858,-100.0,-100.0,8.0,0.0,-0.0,33.0,-72.267,-90.0,-72.313,-4.0,0.0,-4.923,42.0,-100.0,-100.0,-100.0,0.0,0.0,-0.0,32.0,9.756,9.756,9.756,0.0,0.0,-0.0,32.0,22.887,23.299,23.299,-16.0,1.0,-0.0,33.0
6.4987,0,approach,-90.0,12.2,5.258,5.4,5.4,0.0,0.0,-0.0,37.0,-100.0,-100.0,-100.0,-8.0,0.0,-0.0,32.0,-99.858,-100.0,-100.0,8.0,0.0,-0.0,33.0,-72.533,-90.0,-72.582,-4.0,0.0,-4.968,42.0,-100.0,-100.0,-100.0,0.0,0.0,-0.0,32.0,9.756,9.756,9.756,0.0,0.0,-0.0,32.0,22.887,23.299,23.299,-16.0,1.0,-0.0,33.0
6.5519,0,approach,-90.0,12.2,5.258,5.4,5.4,0.0,0.0,-0.0,37.0,-100.0,-100.0,-100.0,-8.0,0.0,-0.0,32.0,-99.858,-100.0,-100.0,8.0,0.0,-0.0,33.0,-72.8,-90.0,-72.847,-4.0,0.0,-4.99,42.0,-100.0,-100.0,-100.0,0.0,0.0,-0.0,32.0,9.756,9.756,9.756,0.0,0.0,-0.0,32.0,22.887,23.299,23.299,-16.0,1.0,-0.0,33.0
6.605,0,approach,-90.0,12.2,5.258,5.4,5.4,0.0,0.0,-0.0,37.0,-100.0,-100.0,-100.0,-8.0,0.0,-0.0,32.0,-99.858,-100.0,-100.0,8.0,0.0,-0.0,33.0,-73.067,-90.0,-73.118,-4.0,0.0,-4.954,42.0,-100.0,-100.0,-100.0,0.0,0.0,-0.0,32.0,9.756,9.756,9.756,0.0,0.0,-0.0,32.0,22.887,23.299,23.299,-16.0,1.0,-0.0,33.0
6.6578,0,approach,-90.0,12.2,5.258,5.4,5.4,0.0,0.0,-0.0,37.0,-100.0,-100.0,-100.0,-8.0,0.0,-0.0,32.0,-99.858,-100.0,-100.0,8.0,0.0,-0.0,33.0,-73.333,-90.0,-73.385,-4.0,0.0,-4.955,42.0,-100.0,-100.0,-100.0,0.0,0.0,-0.0,32.0,9.756,9.756,9.756,0.0,0.0,-0.0,32.0,22.887,23.299,23.299,-16.0,1.0,-0.0,33.0
6.7112,0,approach,-90.0,12.2,5.258,5.4,5.4,0.0,0.0,-0.0,37.0,-100.0,-100.0,-100.0,-8.0,0.0,-0.0,32.0,-99.858,-100.0,-100.0,8.0,0.0,-0.0,33.0,-73.333,-90.0,-73.679,0.0,0.0,-4.955,42.0,-100.0,-100.0,-100.0,0.0,0.0,-0.0,31.0,9.756,9.756,9.756,0.0,0.0,-0.0,32.0,22.887,23.299,23.299,-16.0,1.0,-0.0,33.0
6.7638,0,approach,-90.0,12.2,5.258,5.4,5.4,0.0,0.0,-0.0,37.0,-100.0,-100.0,-100.0,-8.0,0.0,-0.0,32.0,-99.858,-100.0,-100.0,8.0,0.0,-0.0,33.0,-73.6,-90.0,-73.825,0.0,0.0,-3.347,42.0,-100.0,-100.0,-100.0,0.0,0.0,-0.0,31.0,9.756,9.756,9.756,0.0,0.0,-0.0,32.0,22.887,23.299,23.299,-16.0,1.0,-0.0,33.0
6.8164,0,approach,-90.0,12.2,5.258,5.4,5.4,0.0,0.0,-0.0,37.0,-100.0,-100.0,-100.0,-8.0,0.0,-0.0,32.0,-99.858,-100.0,-100.0,8.0,0.0,-0.0,33.0,-74.0,-90.0,-74.107,0.0,0.0,-5.049,42.0,-100.0,-100.0,-100.0,0.0,0.0,-0.0,31.0,9.756,9.756,9.756,0.0,0.0,-0.0,32.0,22.887,23.299,23.299,-16.0,1.0,-0.0,33.0
6.8697,0,approach,-90.0,12.2,5.169,5.4,5.4,0.0,0.0,-1.001,37.0,-100.0,-100.0,-100.0,-8.0,0.0,-0.0,32.0,-99.858,-100.0,-100.0,8.0,0.0,-0.0,33.0,-74.267,-90.0,-74.372,0.0,0.0,-5.014,42.0,-100.0,-100.0,-100.0,0.0,0.0,-0.0,31.0,9.756,9.756,9.756,0.0,0.0,-0.0,32.0,22.887,23.299,23.299,-16.0,1.0,-0.0,33.0
6.9241,0,approach,-90.0,12.2,5.169,5.4,5.4,0.0,0.0,-0.491,37.0,-100.0,-100.0,-100.0,-8.0,0.0,-0.0,32.0,-99.858,-100.0,-100.0,8.0,0.0,-0.0,33.0,-74.533,-90.0,-74.642,0.0,0.0,-4.991,42.0,-100.0,-100.0,-100.0,0.0,0.0,-0.0,31.0,9.756,9.756,9.756,0.0,0.0,-0.0,32.0,22.887,23.299,23.299,-16.0,1.0,-0.0,33.0
6.9773,0,approach,-90.0,12.2,5.169,5.4,5.4,0.0,0.0,-0.24,37.0,-100.0,-100.0,-100.0,-8.0,0.0,-0.0,32.0,-99.858,-100.0,-100.0,8.0,0.0,-0.0,33.0,-74.8,-90.0,-74.91,0.0,0.0,-4.996,42.0,-100.0,-100.0,-100.0,0.0,0.0,-0.0,31.0,9.756,9.756,9.756,0.0,0.0,-0.0,32.0,22.887,23.299,23.299,-16.0,1.0,-0.0,33.0
7.0302,0,approach,-90.0,12.2,5.169,5.4,5.4,0.0,0.0,-0.118,37.0,-100.0,-100.0,-100.0,-8.0,0.0,-0.0,32.0,-99.858,-100.0,-100.0,8.0,0.0,-0.0,33.0,-75.067,-90.0,-75.176,0.0,0.0,-4.993,42.0,-100.0,-100.0,-100.0,0.0,0.0,-0.0,31.0,9.756,9.756,9.756,0.0,0.0,-0.0,32.0,22.887,23.299,23.299,-16.0,1.0,-0.0,33.0
7.0824,0,approach,-90.0,12.2,5.169,5.4,5.4,0.0,0.0,-0.058,37.0,-100.0,-100.0,-100.0,-8.0,0.0,-0.0,32.0,-99.858,-100.0,-100.0,8.0,0.0,-0.0,33.0,-75.333,-90.0,-75.442,0.0,0.0,-4.973,42.0,-100.0,-100.0,-100.0,0.0,0.0,-0.0,31.0,9.756,9.756,9.756,0.0,0.0,-0.0,32.0,22.887,23.299,23.299,-16.0,1.0,-0.0,33.0
7.1353,0,approach,-90.0,12.2,5.169,5.4,5.4,0.0,0.0,-0.028,37.0,-100.0,-100.0,-100.0,-8.0,0.0,-0.0,32.0,-99.858,-100.0,-100.0,8.0,0.0,-0.0,33.0,-75.6,-90.0,-75.713,0.0,0.0,-4.942,42.0,-100.0,-100.0,-100.0,0.0,0.0,-0.0,31.0,9.756,9.756,9.756,0.0,0.0,-0.0,32.0,22.887,23.299,23.299,-16.0,1.0,-0.0,33.0
7.1887,0,approach,-90.0,12.2,5.169,5.4,5.4,0.0,0.0,-0.014,37.0,-100.0,-100.0,-100.0,-8.0,0.0,-0.0,32.0,-99.858,-100.0,-100.0,8.0,0.0,-0.0,33.0,-75.867,-90.0,-75.985,0.0,0.0,-4.952,42.0,-100.0,-100.0,-100.0,0.0,0.0,-0.0,31.0,9.756,9.756,9.756,0.0,0.0,-0.0,32.0,22.887,23.299,23.299,-16.0,1.0,-0.0,33.0
7.242,0,approach,-90.0,12.2,5.169,5.4,5.4,0.0,0.0,-0.007,37.0,-100.0,-100.0,-100.0,-8.0,0.0,-0.0,32.0,-99.858,-100.0,-100.0,8.0,0.0,-0.0,33.0,-76.133,-90.0,-76.252,0.0,0.0,-4.96,42.0,-100.0,-100.0,-100.0,0.0,0.0,-0.0,31.0,9.756,9.756,9.756,0.0,0.0,-0.0,32.0,22.887,23.299,23.299,-16.0,1.0,-0.0,33.0
7.2945,0,approach,-90.0,12.2,5.169,5.4,5.4,-8.0,0.0,-0.005,37.0,-100.0,-100.0,-100.0,-8.0,0.0,-0.0,32.0,-99.858,-100.0,-100.0,8.0,0.0,-0.0,33.0,-76.267,-90.0,-76.554,8.0,0.0,-4.133,42.0,-100.0,-100.0,-100.0,0.0,0.0,-0.0,31.0,9.756,9.756,9.756,0.0,0.0,-0.0,32.0,22.887,23.299,23.299,-16.0,0.0,-0.0,33.0
7.3476,0,approach,-90.0,12.2,5.169,5.4,5.4,-8.0,0.0,-0.002,37.0,-100.0,-100.0,-100.0,-8.0,0.0,-0.0,32.0,-99.858,-100.0,-100.0,8.0,0.0,-0.0,33.0,-76.667,-90.0,-76.824,8.0,0.0,-6.026,42.0,-100.0,-100.0,-100.0,0.0,0.0,-0.0,31.0,9.756,9.756,9.756,0.0,0.0,-0.0,32.0,22.887,23.299,23.299,-16.0,0.0,-0.0,33.0
7.401,0,approach,-90.0,12.2,5.169,5.4,5.4,-8.0,0.0,-0.001,37.0,-100.0,-100.0,-100.0,-8.0,0.0,-0.0,32.0,-99.858,-100.0,-100.0,8.0,0.0,-0.0,33.0,-76.933,-90.0,-77.095,8.0,0.0,-5.475,42.0,-100.0,-100.0,-100.0,0.0,0.0,-0.0,31.0,9.756,9.756,9.756,0.0,0.0,-0.0,32.0,22.887,23.299,23.299,-16.0,0.0,-0.0,33.0
7.4537,0,approach,-90.0,12.2,5.169,5.4,5.4,-8.0,0.0,-0.001,37.0,-100.0,-100.0,-100.0,-8.0,0.0,-0.0,32.0,-99.858,-100.0,-100.0,8.0,0.0,-0.0,33.0,-77.333,-90.0,-77.366,8.0,0.0,-6.209,42.0,-100.0,-100.0,-100.0,0.0,0.0,-0.0,31.0,9.756,9.756,9.756,0.0,0.0,-0.0,32.0,22.887,23.299,23.299,-16.0,0.0,-0.0,33.0
7.5071,0,approach,-90.0,12.2,5.169,5.4,5.4,-8.0,0.0,-0.0,37.0,-100.0,-100.0,-100.0,-8.0,0.0,-0.0,32.0,-99.858,-100.0,-100.0,8.0,0.0,-0.0,33.0,-77.6,-90.0,-77.635,8.0,0.0,-5.575,42.0,-100.0,-100.0,-100.0,0.0,0.0,-0.0,31.0,9.756,9.756,9.756,0.0,0.0,-0.0,32.0,22.887,23.299,23.299,-16.0,0.0,-0.0,33.0
7.5593,0,approach,-90.0,12.2,5.169,5.4,5.4,-8.0,0.0,-0.0,37.0,-100.0,-100.0,-100.0,-8.0,0.0,-0.0,32.0,-99.858,-100.0,-100.0,8.0,0.0,-0.0,33.0,-77.733,-90.0,-77.902,8.0,0.0,-5.406,42.0,-100.0,-100.0,-100.0,0.0,0.0,-0.0,31.0,9.756,9.756,9.756,0.0,0.0,-0.0,32.0,22.887,23.299,23.299,-16.0,0.0,-0.0,33.0
7.6115,0,approach,-90.0,12.2,5.169,5.4,5.4,-8.0,0.0,-0.0,37.0,-100.0,-100.0,-100.0,-8.0,0.0,-0.0,32.0,-99.858,-100.0,-100.0,8.0,0.0,-0.0,33.0,-78.0,-90.0,-78.184,8.0,0.0,-5.092,42.0,-100.0,-100.0,-100.0,0.0,0.0,-0.0,31.0,9.756,9.756,9.756,0.0,0.0,-0.0,32.0,22.887,23.299,23.299,-16.0,0.0,-0.0,33.0
7.6654,0,approach,-90.0,12.2,5.169,5.4,5.4,-8.0,0.0,-0.0,37.0,-100.0,-100.0,-100.0,-8.0,0.0,-0.0,32.0,-99.858,-100.0,-100.0,8.0,0.0,-0.0,33.0,-78.267,-90.0,-78.331,8.0,0.0,-4.93,42.0,-100.0,-100.0,-100.0,0.0,0.0,-0.0,31.0,9.756,9.756,9.756,0.0,0.0,-0.0,32.0,22.887,23.299,23.299,-16.0,0.0,-0.0,33.0
7.7186,0,approach,-90.0,12.2,5.169,5.4,5.4,-8.0,0.0,-0.0,37.0,-100.0,-100.0,-100.0,-8.0,0.0,-0.0,32.0,-99.858,-100.0,-100.0,8.0,0.0,-0.0,33.0,-78.533,-90.0,-78.613,8.0,0.0,-4.816,42.0,-100.0,-100.0,-100.0,0.0,0.0,-0.0,31.0,9.756,9.756,9.756,0.0,0.0,-0.0,32.0,22.887,23.299,23.299,-16.0,0.0,-0.0,33.0
7.7715,0,approach,-90.0,12.2,5.169,5.4,5.4,-8.0,0.0,-0.0,37.0,-100.0,-100.0,-100.0,-8.0,0.0,-0.0,32.0,-99.858,-100.0,-100.0,8.0,0.0,-0.0,33.0,-78.8,-90.0,-78.884,8.0,0.0,-4.896,42.0,-100.0,-100.0,-100.0,0.0,0.0,-0.0,31.0,9.756,9.756,9.756,0.0,0.0,-0.0,32.0,22.887,23.299,23.299,-16.0,0.0,-0.0,33.0
7.8248,0,approach,-90.0,12.2,5.169,5.4,5.4,-8.0,0.0,-0.0,37.0,-100.0,-100.0,-100.0,-8.0,0.0,-0.0,32.0,-99.858,-100.0,-100.0,8.0,0.0,-0.0,33.0,-78.933,-90.0,-79.152,8.0,0.0,-3.896,42.0,-100.0,-100.0,-100.0,0.0,0.0,-0.0,31.0,9.756,9.756,9.756,0.0,0.0,-0.0,32.0,22.887,23.299,23.299,-16.0,0.0,-0.0,33.0
7.877,0,approach,-90.0,12.2,5.169,5.4,5.4,-8.0,0.0,-0.0,37.0,-100.0,-100.0,-100.0,-8.0,0.0,-0.0,32.0,-99.858,-100.0,-100.0,8.0,0.0,-0.0,33.0,-79.067,-90.0,-79.449,8.0,1.0,-3.397,42.0,-100.0,-100.0,-100.0,0.0,0.0,-0.0,31.0,9.756,9.756,9.756,0.0,0.0,-0.0,32.0,22.887,23.299,23.299,-16.0,1.0,-0.0,33.0
7.9312,0,approach,-90.0,12.2,5.169,5.4,5.4,-8.0,0.0,-0.0,37.0,-100.0,-100.0,-100.0,-8.0,0.0,-0.0,32.0,-99.858,-100.0,-100.0,8.0,0.0,-0.0,33.0,-79.467,-90.0,-79.718,8.0,1.0,-5.716,42.0,-100.0,-100.0,-100.0,0.0,0.0,-0.0,31.0,9.756,9.756,9.756,0.0,0.0,-0.0,32.0,22.887,23.299,23.299,-16.0,1.0,-0.0,33.0
7.9834,0,approach,-90.0,12.2,5.169,5.4,5.4,-8.0,0.0,-0.0,37.0,-100.0,-100.0,-100.0,-8.0,0.0,-0.0,32.0,-99.858,-100.0,-100.0,8.0,0.0,-0.0,33.0,-79.733,-90.0,-79.984,8.0,1.0,-5.365,42.0,-100.0,-100.0,-100.0,0.0,0.0,-0.0,31.0,9.756,9.756,9.756,0.0,0.0,-0.0,32.0,22.887,23.299,23.299,-16.0,1.0,-0.0,33.0
8.0365,0,approach,-90.0,12.2,5.169,5.4,5.4,-8.0,0.0,-0.0,37.0,-100.0,-100.0,-100.0,-8.0,0.0,-0.0,32.0,-99.858,-100.0,-100.0,8.0,0.0,-0.0,33.0,-80.0,-90.0,-80.25,8.0,1.0,-5.144,42.0,-100.0,-100.0,-100.0,0.0,0.0,-0.0,31.0,9.756,9.756,9.756,0.0,0.0,-0.0,32.0,22.887,23.299,23.299,-16.0,1.0,-0.0,33.0
8.09,0,approach,-90.0,12.2,5.169,5.4,5.4,-8.0,0.0,-0.0,37.0,-100.0,-100.0,-100.0,-8.0,0.0,-0.0,32.0,-99.858,-100.0,-100.0,8.0,0.0,-0.0,33.0,-80.267,-90.0,-80.52,8.0,1.0,-5.071,42.0,-100.0,-100.0,-100.0,0.0,0.0,-0.0,31.0,9.756,9.756,9.756,0.0,0.0,-0.0,32.0,22.887,23.299,23.299,-16.0,1.0,-0.0,33.0
8.1433,0,approach,-90.0,12.2,5.169,5.4,5.4,-8.0,0.0,-0.0,37.0,-100.0,-100.0,-100.0,-8.0,0.0,-0.0,32.0,-99.858,-100.0,-100.0,8.0,0.0,-0.0,33.0,-80.533,-90.0,-80.786,8.0,1.0,-5.042,42.0,-100.0,-100.0,-100.0,0.0,0.0,-0.0,31.0,9.756,9.756,9.756,0.0,0.0,-0.0,32.0,22.887,23.299,23.299,-16.0,1.0,-0.0,33.0
8.1963,0,approach,-90.0,12.2,5.169,5.4,5.4,-8.0,0.0,-0.0,37.0,-100.0,-100.0,-100.0,-8.0,0.0,-0.0,32.0,-99.858,-100.0,-100.0,8.0,0.0,-0.0,33.0,-80.8,-90.0,-81.053,8.0,1.0,-4.998,42.0,-100.0,-100.0,-100.0,0.0,0.0,-0.0,31.0,9.756,9.756,9.756,0.0,0.0,-0.0,32.0,22.887,23.299,23.299,-16.0,1.0,-0.0,33.0
8.2485,0,approach,-90.0,12.2,5.169,5.4,5.4,-8.0,0.0,-0.0,37.0,-100.0,-100.0,-100.0,-8.0,0.0,-0.0,32.0,-99.858,-100.0,-100.0,8.0,0.0,-0.0,33.0,-81.2,-90.0,-81.325,8.0,1.0,-6.458,42.0,-100.0,-100.0,-100.0,0.0,0.0,-0.0,31.0,9.756,9.756,9.756,0.0,0.0,-0.0,32.0,22.887,23.299,23.299,-16.0,1.0,-0.0,33.0
8.3017,0,approach,-90.0,12.2,5.169,5.4,5.4,-8.0,0.0,-0.0,37.0,-100.0,-100.0,-100.0,-8.0,0.0,-0.0,32.0,-99.858,-100.0,-100.0,8.0,0.0,-0.0,33.0,-81.333,-90.0,-81.595,8.0,1.0,-4.665,42.0,-100.0,-100.0,-100.0,0.0,0.0,-0.0,31.0,9.756,9.756,9.756,0.0,0.0,-0.0,32.0,22.887,23.299,23.299,-16.0,1.0,-0.0,33.0
8.3549,0,approach,-90.0,12.2,5.169,5.4,5.4,-8.0,0.0,-0.0,37.0,-100.0,-100.0,-100.0,-8.0,0.0,-0.0,32.0,-99.858,-100.0,-100.0,8.0,0.0,-0.0,33.0,-81.6,-90.0,-81.864,8.0,1.0,-4.788,42.0,-100.0,-100.0,-100.0,0.0,0.0,-0.0,31.0,9.756,9.756,9.756,0.0,0.0,-0.0,32.0,22.887,23.299,23.299,-16.0,1.0,-0.0,33.0
8.4081,0,approach,-90.0,12.2,5.169,5.4,5.4,-8.0,0.0,-0.0,37.0,-100.0,-100.0,-100.0,-8.0,0.0,-0.0,32.0,-99.858,-100.0,-100.0,8.0,0.0,-0.0,33.0,-81.733,-90.0,-82.0,8.0,1.0,-4.843,42.0,-100.0,-100.0,-100.0,0.0,0.0,-0.0,31.0,9.756,9.756,9.756,0.0,0.0,-0.0,32.0,22.887,23.299,23.299,-16.0,1.0,-0.0,33.0
8.4605,0,approach,-90.0,12.2,5.169,5.4,5.4,-8.0,0.0,-0.0,37.0,-100.0,-100.0,-100.0,-8.0,0.0,-0.0,32.0,-99.858,-100.0,-100.0,8.0,0.0,-0.0,33.0,-81.867,-90.0,-82.435,16.0,0.0,-4.055,42.0,-100.0,-100.0,-100.0,0.0,0.0,-0.0,31.0,9.756,9.756,9.756,0.0,0.0,-0.0,32.0,22.887,23.299,23.299,-16.0,1.0,-0.0,33.0
8.5137,0,approach,-90.0,12.2,5.169,5.4,5.4,-8.0,0.0,-0.0,37.0,-100.0,-100.0,-100.0,-8.0,0.0,-0.0,32.0,-99.858,-100.0,-100.0,8.0,0.0,-0.0,33.0,-82.133,-90.0,-82.574,16.0,0.0,-4.483,42.0,-100.0,-100.0,-100.0,0.0,0.0,-0.0,31.0,9.756,9.756,9.756,0.0,0.0,-0.0,32.0,22.887,23.299,23.299,-16.0,1.0,-0.0,33.0
8.5675,0,approach,-90.0,12.2,5.169,5.4,5.4,-8.0,0.0,-0.0,37.0,-100.0,-100.0,-100.0,-8.0,0.0,-0.0,32.0,-99.858,-100.0,-100.0,8.0,0.0,-0.0,33.0,-82.533,-90.0,-82.855,16.0,0.0,-5.611,42.0,-100.0,-100.0,-100.0,0.0,0.0,-0.0,31.0,9.756,9.756,9.756,0.0,0.0,-0.0,32.0,22.887,23.299,23.299,-16.0,1.0,-0.0,33.0
8.6209,0,approach,-90.0,12.2,5.169,5.4,5.4,-8.0,0.0,-0.0,37.0,-100.0,-100.0,-100.0,-8.0,0.0,-0.0,32.0,-99.858,-100.0,-100.0,8.0,0.0,-0.0,33.0,-82.8,-90.0,-83.125,16.0,0.0,-4.788,42.0,-100.0,-100.0,-100.0,0.0,0.0,-0.0,31.0,9.756,9.756,9.756,0.0,0.0,-0.0,32.0,22.887,23.299,23.299,-16.0,1.0,-0.0,33.0
8.6744,0,approach,-90.0,12.2,5.169,5.4,5.4,-8.0,0.0,-0.0,37.0,-100.0,-100.0,-100.0,-8.0,0.0,-0.0,32.0,-99.858,-100.0,-100.0,8.0,0.0,-0.0,33.0,-83.067,-90.0,-83.393,16.0,0.0,-4.89,42.0,-100.0,-100.0,-100.0,0.0,0.0,-0.0,31.0,9.756,9.756,9.756,0.0,0.0,-0.0,32.0,22.887,23.299,23.299,-16.0,1.0,-0.0,33.0
8.7278,0,approach,-90.0,12.2,5.169,5.4,5.4,-8.0,0.0,-0.0,37.0,-100.0,-100.0,-100.0,-8.0,0.0,-0.0,32.0,-99.858,-100.0,-100.0,8.0,0.0,-0.0,33.0,-83.333,-90.0,-83.661,16.0,0.0,-4.936,42.0,-100.0,-100.0,-100.0,0.0,0.0,-0.0,31.0,9.756,9.756,9.756,0.0,0.0,-0.0,32.0,22.887,23.299,23.299,-16.0,1.0,-0.0,33.0
8.7809,0,approach,-90.0,12.2,5.169,5.4,5.4,-8.0,0.0,-0.0,37.0,-100.0,-100.0,-100.0,-8.0,0.0,-0.0,32.0,-99.858,-100.0,-100.0,8.0,0.0,-0.0,33.0,-83.6,-90.0,-83.927,16.0,0.0,-4.94,42.0,-100.0,-100.0,-100.0,0.0,0.0,-0.0,31.0,9.756,9.756,9.756,0.0,0.0,-0.0,32.0,22.887,23.299,23.299,-16.0,1.0,-0.0,33.0
8.8334,0,approach,-90.0,12.2,5.169,5.4,5.4,-8.0,0.0,-0.0,37.0,-100.0,-100.0,-100.0,-8.0,0.0,-0.0,32.0,-99.858,-100.0,-100.0,8.0,0.0,-0.0,33.0,-83.867,-90.0,-84.199,16.0,0.0,-4.929,42.0,-100.0,-100.0,-100.0,0.0,0.0,-0.0,31.0,9.756,9.756,9.756,0.0,0.0,-0.0,32.0,22.887,23.299,23.299,-16.0,1.0,-0.0,33.0
8.8867,0,approach,-90.0,12.2,5.169,5.4,5.4,-8.0,0.0,-0.0,37.0,-100.0,-100.0,-100.0,-8.0,0.0,-0.0,32.0,-99.858,-100.0,-100.0,8.0,0.0,-0.0,33.0,-84.133,-90.0,-84.471,16.0,0.0,-4.919,42.0,-100.0,-100.0,-100.0,0.0,0.0,-0.0,31.0,9.756,9.756,9.756,0.0,0.0,-0.0,32.0,22.887,23.299,23.299,-16.0,1.0,-0.0,33.0
8.9403,0,approach,-90.0,12.2,5.169,5.4,5.4,-8.0,0.0,-0.0,37.0,-100.0,-100.0,-100.0,-8.0,0.0,-0.0,32.0,-99.858,-100.0,-100.0,8.0,0.0,-0.0,33.0,-84.4,-90.0,-84.74,16.0,0.0,-4.957,42.0,-100.0,-100.0,-100.0,0.0,0.0,-0.0,31.0,9.756,9.756,9.756,0.0,0.0,-0.0,32.0,22.887,23.299,23.299,-16.0,1.0,-0.0,33.0
8.9924,0,approach,-90.0,12.2,5.169,5.4,5.4,-8.0,0.0,-0.0,37.0,-100.0,-100.0,-100.0,-8.0,0.0,-0.0,32.0,-99.858,-100.0,-100.0,8.0,0.0,-0.0,33.0,-84.533,-90.0,-84.873,24.0,1.0,-4.979,42.0,-100.0,-100.0,-100.0,0.0,0.0,-0.0,31.0,9.756,9.756,9.756,0.0,0.0,-0.0,32.0,22.887,23.299,23.299,-16.0,1.0,-0.0,33.0
9.0453,0,approach,-90.0,12.2,5.169,5.4,5.4,-8.0,0.0,-0.0,37.0,-100.0,-100.0,-100.0,-8.0,0.0,-0.0,32.0,-99.858,-100.0,-100.0,8.0,0.0,-0.0,33.0,-84.8,-90.0,-85.287,24.0,1.0,-4.419,42.0,-100.0,-100.0,-100.0,0.0,0.0,-0.0,31.0,9.756,9.756,9.756,0.0,0.0,-0.0,32.0,22.887,23.299,23.299,-16.0,1.0,-0.0,33.0
9.0974,0,approach,-90.0,12.2,5.169,5.4,5.4,-8.0,0.0,-0.0,37.0,-100.0,-100.0,-100.0,-8.0,0.0,-0.0,32.0,-99.858,-100.0,-100.0,8.0,0.0,-0.0,33.0,-85.2,-90.0,-85.557,24.0,1.0,-6.192,42.0,-100.0,-100.0,-100.0,0.0,0.0,-0.0,31.0,9.756,9.756,9.756,0.0,0.0,-0.0,32.0,22.887,23.299,23.299,-16.0,1.0,-0.0,33.0
9.1506,0,approach,-90.0,12.2,5.169,5.4,5.4,-8.0,0.0,-0.0,37.0,-100.0,-100.0,-100.0,-8.0,0.0,-0.0,32.0,-99.858,-100.0,-100.0,8.0,0.0,-0.0,33.0,-85.467,-90.0,-85.825,24.0,1.0,-5.595,42.0,-100.0,-100.0,-100.0,0.0,0.0,-0.0,31.0,9.756,9.756,9.756,0.0,0.0,-0.0,32.0,22.887,23.299,23.299,-16.0,1.0,-0.0,33.0
9.2037,0,approach,-90.0,12.2,5.169,5.4,5.4,-8.0,0.0,-0.0,37.0,-100.0,-100.0,-100.0,-8.0,0.0,-0.0,32.0,-99.858,-100.0,-100.0,8.0,0.0,-0.0,33.0,-85.6,-90.0,-86.089,24.0,1.0,-3.8,42.0,-100.0,-100.0,-100.0,0.0,0.0,-0.0,31.0,9.756,9.756,9.756,0.0,0.0,-0.0,32.0,22.887,23.299,23.299,-16.0,1.0,-0.0,33.0
9.2569,0,approach,-90.0,12.2,5.169,5.4,5.4,-8.0,0.0,-0.0,37.0,-100.0,-100.0,-100.0,-8.0,0.0,-0.0,32.0,-99.858,-100.0,-100.0,8.0,0.0,-0.0,33.0,-85.867,-90.0,-86.356,24.0,1.0,-4.384,42.0,-100.0,-100.0,-100.0,0.0,0.0,-0.0,31.0,9.756,9.756,9.756,0.0,0.0,-0.0,32.0,22.887,23.299,23.299,-16.0,1.0,-0.0,33.0
9.31,0,approach,-90.0,12.2,5.169,5.4,5.4,-8.0,0.0,-0.0,37.0,-100.0,-100.0,-100.0,-8.0,0.0,-0.0,32.0,-99.858,-100.0,-100.0,8.0,0.0,-0.0,33.0,-86.133,-90.0,-86.624,24.0,1.0,-4.684,42.0,-100.0,-100.0,-100.0,0.0,0.0,-0.0,31.0,9.756,9.756,9.756,0.0,0.0,-0.0,32.0,22.887,23.299,23.299,-16.0,1.0,-0.0,33.0
9.3632,0,approach,-90.0,12.2,5.169,5.4,5.4,-8.0,0.0,-0.0,37.0,-100.0,-100.0,-100.0,-8.0,0.0,-0.0,32.0,-99.858,-100.0,-100.0,8.0,0.0,-0.0,33.0,-86.4,-90.0,-86.893,24.0,1.0,-4.828,42.0,-100.0,-100.0,-100.0,0.0,0.0,-0.0,31.0,9.756,9.756,9.756,0.0,0.0,-0.0,32.0,22.887,23.299,23.299,-16.0,1.0,-0.0,33.0
9.4163,0,approach,-90.0,12.2,5.169,5.4,5.4,-8.0,0.0,-0.0,37.0,-100.0,-100.0,-100.0,-8.0,0.0,-0.0,32.0,-99.858,-100.0,-100.0,8.0,0.0,-0.0,33.0,-86.667,-90.0,-87.165,24.0,1.0,-4.866,42.0,-100.0,-100.0,-100.0,0.0,0.0,-0.0,31.0,9.756,9.756,9.756,0.0,0.0,-0.0,32.0,22.887,23.299,23.299,-16.0,1.0,-0.0,33.0
9.4697,0,approach,-90.0,12.2,5.169,5.4,5.4,-8.0,0.0,-0.0,37.0,-100.0,-100.0,-100.0,-8.0,0.0,-0.0,32.0,-99.858,-100.0,-100.0,8.0,0.0,-0.0,33.0,-86.933,-90.0,-87.434,24.0,1.0,-4.921,42.0,-100.0,-100.0,-100.0,0.0,0.0,-0.0,31.0,9.756,9.756,9.756,0.0,0.0,-0.0,32.0,22.887,23.299,23.299,-16.0,1.0,-0.0,33.0
9.523,0,approach,-90.0,12.2,5.169,5.4,5.4,-8.0,0.0,-0.0,37.0,-100.0,-100.0,-100.0,-8.0,0.0,-0.0,32.0,-99.858,-100.0,-100.0,8.0,0.0,-0.0,33.0,-87.2,-90.0,-87.701,24.0,1.0,-4.96,42.0,-100.0,-100.0,-100.0,0.0,0.0,-0.0,31.0,9.756,9.756,9.756,0.0,0.0,-0.0,32.0,22.887,23.299,23.299,-16.0,1.0,-0.0,33.0
9.5762,0,approach,-90.0,12.2,5.169,5.4,5.4,-8.0,0.0,-0.0,37.0,-100.0,-100.0,-100.0,-8.0,0.0,-0.0,32.0,-99.858,-100.0,-100.0,8.0,0.0,-0.0,33.0,-87.2,-90.0,-87.988,32.0,2.0,-4.96,42.0,-100.0,-100.0,-100.0,0.0,0.0,-0.0,31.0,9.756,9.756,9.756,0.0,0.0,-0.0,32.0,22.887,23.299,23.299,-16.0,0.0,-0.0,33.0
9.6296,0,approach,-90.0,12.2,5.169,5.4,5.4,-8.0,0.0,-0.0,37.0,-100.0,-100.0,-100.0,-8.0,0.0,-0.0,32.0,-99.858,-100.0,-100.0,8.0,0.0,-0.0,33.0,-87.467,-90.0,-88.272,32.0,2.0,-3.357,42.0,-100.0,-100.0,-100.0,0.0,0.0,-0.0,31.0,9.756,9.756,9.756,0.0,0.0,-0.0,32.0,22.887,23.299,23.299,-16.0,0.0,-0.0,33.0
9.6833,0,approach,-90.0,12.2,5.169,5.4,5.4,-8.0,0.0,-0.0,37.0,-100.0,-100.0,-100.0,-8.0,0.0,-0.0,32.0,-99.858,-100.0,-100.0,8.0,0.0,-0.0,33.0,-87.867,-90.0,-88.552,32.0,2.0,-5.046,42.0,-100.0,-100.0,-100.0,0.0,0.0,-0.0,31.0,9.756,9.756,9.756,0.0,0.0,-0.0,32.0,22.887,23.299,23.299,-16.0,0.0,-0.0,33.0
9.7354,0,approach,-90.0,12.2,5.169,5.4,5.4,-8.0,0.0,-0.0,37.0,-100.0,-100.0,-100.0,-8.0,0.0,-0.0,32.0,-99.858,-100.0,-100.0,8.0,0.0,-0.0,33.0,-88.267,-90.0,-88.684,32.0,2.0,-6.086,42.0,-100.0,-100.0,-100.0,0.0,0.0,-0.0,31.0,9.756,9.756,9.756,0.0,0.0,-0.0,32.0,22.887,23.299,23.299,-16.0,0.0,-0.0,33.0
9.7887,0,approach,-90.0,12.2,5.169,5.4,5.4,-8.0,0.0,-0.0,37.0,-100.0,-100.0,-100.0,-8.0,0.0,-0.0,32.0,-99.858,-100.0,-100.0,8.0,0.0,-0.0,33.0,-88.533,-90.0,-88.962,32.0,2.0,-5.424,42.0,-100.0,-100.0,-100.0,0.0,0.0,-0.0,31.0,9.756,9.756,9.756,0.0,0.0,-0.0,32.0,22.887,23.299,23.299,-16.0,0.0,-0.0,33.0
9.8422,0,approach,-90.0,12.2,5.169,5.4,5.4,-8.0,0.0,-0.0,37.0,-100.0,-100.0,-100.0,-8.0,0.0,-0.0,32.0,-99.858,-100.0,-100.0,8.0,0.0,-0.0,33.0,-88.8,-90.0,-89.232,32.0,2.0,-5.189,42.0,-100.0,-100.0,-100.0,0.0,0.0,-0.0,31.0,9.756,9.756,9.756,0.0,0.0,-0.0,32.0,22.887,23.299,23.299,-16.0,0.0,-0.0,33.0
9.8945,0,approach,-90.0,12.2,5.169,5.4,5.4,-8.0,0.0,-0.0,37.0,-100.0,-100.0,-100.0,-8.0,0.0,-0.0,32.0,-99.858,-100.0,-100.0,8.0,0.0,-0.0,33.0,-89.067,-90.0,-89.5,32.0,2.0,-5.097,42.0,-100.0,-100.0,-100.0,0.0,0.0,-0.0,31.0,9.756,9.756,9.756,0.0,0.0,-0.0,32.0,22.887,23.299,23.299,-16.0,0.0,-0.0,33.0
9.9485,0,approach,-90.0,12.2,5.169,5.4,5.4,-8.0,0.0,-0.0,37.0,-100.0,-100.0,-100.0,-8.0,0.0,-0.0,32.0,-99.858,-100.0,-100.0,8.0,0.0,-0.0,33.0,-89.333,-90.0,-89.767,32.0,2.0,-5.049,42.0,-100.0,-100.0,-100.0,0.0,0.0,-0.0,31.0,9.756,9.756,9.756,0.0,0.0,-0.0,32.0,22.887,23.299,23.299,-16.0,0.0,-0.0,33.0
10.0019,0,approach,-90.0,12.2,5.169,5.4,5.4,-8.0,0.0,-0.0,37.0,-100.0,-100.0,-100.0,-8.0,0.0,-0.0,32.0,-99.858,-100.0,-100.0,8.0,0.0,-0.0,33.0,-89.6,-90.0,-90.0,32.0,2.0,-5.022,42.0,-99.931,-100.0,-100.0,0.0,0.0,0.544,31.0,9.756,9.756,9.756,0.0,0.0,-0.0,32.0,22.887,23.299,23.299,-16.0,0.0,-0.0,33.0
10.0552,0,approach,-90.0,12.2,5.169,5.4,5.4,-8.0,0.0,-0.0,37.0,-100.0,-100.0,-100.0,-8.0,0.0,-0.0,32.0,-99.858,-100.0,-100.0,8.0,0.0,-0.0,33.0,-89.733,-90.0,-90.0,32.0,2.0,-3.966,42.0,-100.0,-100.0,-100.0,0.0,0.0,-0.28,31.0,9.756,9.756,9.756,0.0,0.0,-0.0,32.0,22.887,23.299,23.299,-16.0,0.0,-0.0,33.0
10.1082,0,approach,-90.0,12.2,5.169,5.4,5.4,-8.0,0.0,-0.0,37.0,-100.0,-100.0,-100.0,-8.0,0.0,-0.0,32.0,-99.858,-100.0,-100.0,8.0,0.0,-0.0,33.0,-89.733,-90.0,-90.0,32.0,2.0,-1.944,42.0,-100.0,-100.0,-100.0,0.0,0.0,-0.137,31.0,9.756,9.756,9.756,0.0,0.0,-0.0,32.0,22.887,23.299,23.299,-16.0,0.0,-0.0,33.0
10.161,0,approach,-90.0,12.2,5.169,5.4,5.4,-8.0,0.0,-0.0,37.0,-100.0,-100.0,-100.0,-8.0,0.0,-0.0,32.0,-99.858,-100.0,-100.0,8.0,0.0,-0.0,33.0,-89.733,-90.0,-90.0,16.0,0.0,-1.36,42.0,-100.0,-100.0,-100.0,0.0,0.0,-0.096,31.0,9.756,9.756,9.756,0.0,0.0,-0.0,32.0,22.887,23.299,23.299,-16.0,0.0,-0.0,33.0
10.2138,0,approach,-90.0,12.2,5.169,5.4,5.4,-8.0,0.0,-0.0,37.0,-100.0,-100.0,-100.0,-8.0,0.0,-0.0,32.0,-99.858,-100.0,-100.0,8.0,0.0,-0.0,33.0,-89.733,-90.0,-90.0,16.0,0.0,-0.667,42.0,-100.0,-100.0,-100.0,0.0,0.0,-0.047,31.0,9.756,9.756,9.756,0.0,0.0,-0.0,32.0,22.887,23.299,23.299,-16.0,0.0,-0.0,33.0
10.267,0,approach,-90.0,12.2,5.169,5.4,5.4,-8.0,0.0,-0.0,37.0,-100.0,-100.0,-100.0,-8.0,0.0,-0.0,32.0,-99.858,-100.0,-100.0,8.0,0.0,-0.0,33.0,-89.733,-90.0,-90.0,16.0,0.0,-0.327,42.0,-100.0,-100.0,-100.0,0.0,0.0,-0.023,31.0,9.756,9.756,9.756,0.0,0.0,-0.0,32.0,22.887,23.299,23.299,-16.0,0.0,-0.0,33.0
10.3193,0,approach,-90.0,12.2,5.169,5.4,5.4,-8.0,0.0,-0.0,37.0,-100.0,-100.0,-100.0,-8.0,0.0,-0.0,32.0,-99.858,-100.0,-100.0,8.0,0.0,-0.0,33.0,-89.733,-90.0,-90.0,16.0,0.0,-0.16,42.0,-100.0,-100.0,-100.0,0.0,0.0,-0.011,31.0,9.756,9.756,9.756,0.0,0.0,-0.0,32.0,22.887,23.299,23.299,-16.0,0.0,-0.0,33.0
10.3727,0,approach,-90.0,12.2,5.169,5.4,5.4,-8.0,0.0,-0.0,37.0,-100.0,-100.0,-100.0,-8.0,0.0,-0.0,32.0,-99.858,-100.0,-100.0,8.0,0.0,-0.0,33.0,-89.733,-90.0,-90.0,16.0,0.0,-0.078,42.0,-100.0,-100.0,-100.0,0.0,0.0,-0.006,31.0,9.756,9.756,9.756,0.0,0.0,-0.0,32.0,22.887,23.299,23.299,-16.0,0.0,-0.0,33.0
10.4261,0,approach,-90.0,12.2,5.169,5.4,5.4,-8.0,0.0,-0.0,37.0,-100.0,-100.0,-100.0,-8.0,0.0,-0.0,32.0,-99.858,-100.0,-100.0,8.0,0.0,-0.0,33.0,-89.733,-90.0,-90.0,16.0,0.0,-0.038,42.0,-100.0,-100.0,-100.0,0.0,0.0,-0.003,31.0,9.756,9.756,9.756,0.0,0.0,-0.0,32.0,22.887,23.299,23.299,-16.0,0.0,-0.0,33.0
10.4785,0,approach,-90.0,12.2,5.169,5.4,5.4,-8.0,0.0,-0.0,37.0,-100.0,-100.0,-100.0,-8.0,0.0,-0.0,32.0,-99.858,-100.0,-100.0,8.0,0.0,-0.0,33.0,-89.733,-90.0,-90.0,16.0,0.0,-0.019,42.0,-100.0,-100.0,-100.0,0.0,0.0,-0.001,31.0,9.756,9.756,9.756,0.0,0.0,-0.0,32.0,22.887,23.299,23.299,-16.0,0.0,-0.0,33.0
10.5346,0,approach,-90.0,12.2,5.169,5.4,5.4,-8.0,0.0,-0.0,37.0,-100.0,-100.0,-100.0,-8.0,0.0,-0.0,32.0,-99.858,-100.0,-100.0,8.0,0.0,-0.0,33.0,-89.733,-90.0,-90.0,16.0,0.0,-0.009,42.0,-100.0,-100.0,-100.0,0.0,0.0,-0.001,31.0,9.756,9.756,9.756,0.0,0.0,-0.0,32.0,22.887,23.299,23.299,-16.0,0.0,-0.0,33.0
10.5877,0,approach,-90.0,12.2,5.169,5.4,5.4,-8.0,0.0,-0.0,37.0,-100.0,-100.0,-100.0,-8.0,0.0,-0.0,32.0,-99.858,-100.0,-100.0,8.0,0.0,-0.0,33.0,-89.733,-90.0,-90.0,16.0,0.0,-0.005,42.0,-100.0,-100.0,-100.0,0.0,0.0,-0.0,31.0,9.756,9.756,9.756,0.0,0.0,-0.0,32.0,22.887,23.299,23.299,-16.0,0.0,-0.0,33.0
10.6408,0,approach,-90.0,12.2,5.169,5.4,5.4,-8.0,0.0,-0.0,37.0,-100.0,-100.0,-100.0,-8.0,0.0,-0.0,32.0,-99.858,-100.0,-100.0,8.0,0.0,-0.0,33.0,-89.733,-90.0,-90.0,16.0,0.0,-0.002,42.0,-100.0,-100.0,-100.0,0.0,0.0,-0.0,31.0,9.756,9.756,9.756,0.0,0.0,-0.0,32.0,22.887,23.299,23.299,-16.0,0.0,-0.0,33.0
10.6942,0,approach,-90.0,12.2,5.169,5.4,5.4,-8.0,0.0,-0.0,37.0,-100.0,-100.0,-100.0,-8.0,0.0,-0.0,32.0,-99.858,-100.0,-100.0,8.0,0.0,-0.0,33.0,-89.733,-90.0,-90.0,16.0,0.0,-0.002,42.0,-100.0,-100.0,-100.0,0.0,0.0,-0.0,31.0,9.756,9.756,9.756,0.0,0.0,-0.0,32.0,22.887,23.299,23.299,-16.0,0.0,-0.0,33.0
10.7477,0,approach,-90.0,12.2,5.169,5.4,5.4,-8.0,0.0,-0.0,37.0,-100.0,-100.0,-100.0,-8.0,0.0,-0.0,32.0,-99.858,-100.0,-100.0,8.0,0.0,-0.0,33.0,-89.733,-90.0,-90.0,16.0,0.0,-0.001,42.0,-100.0,-100.0,-100.0,0.0,0.0,-0.0,31.0,9.756,9.756,9.756,0.0,0.0,-0.0,32.0,22.887,23.299,23.299,-16.0,0.0,-0.0,33.0
10.801,0,approach,-90.0,12.2,5.169,5.4,5.4,-8.0,0.0,-0.0,37.0,-100.0,-100.0,-100.0,-8.0,0.0,-0.0,32.0,-99.858,-100.0,-100.0,8.0,0.0,-0.0,33.0,-89.733,-90.0,-90.0,16.0,0.0,-0.001,42.0,-100.0,-100.0,-100.0,0.0,0.0,-0.0,31.0,9.756,9.756,9.756,0.0,0.0,-0.0,32.0,22.887,23.299,23.299,-16.0,0.0,-0.0,33.0
10.8549,0,approach,-90.0,12.2,5.169,5.4,5.4,-8.0,0.0,-0.0,37.0,-100.0,-100.0,-100.0,-8.0,0.0,-0.0,32.0,-99.858,-100.0,-100.0,8.0,0.0,-0.0,33.0,-89.733,-90.0,-90.0,16.0,0.0,-0.0,42.0,-100.0,-100.0,-100.0,0.0,0.0,-0.0,31.0,9.756,9.756,9.756,0.0,0.0,-0.0,32.0,22.887,23.299,23.299,-16.0,0.0,-0.0,33.0
10.9095,0,approach,-90.0,12.2,5.169,5.4,5.4,-8.0,0.0,-0.0,37.0,-100.0,-100.0,-100.0,-8.0,0.0,-0.0,32.0,-99.858,-100.0,-100.0,8.0,0.0,-0.0,33.0,-89.733,-90.0,-90.0,16.0,0.0,-0.0,42.0,-100.0,-100.0,-100.0,0.0,0.0,-0.0,31.0,9.756,9.756,9.756,0.0,0.0,-0.0,32.0,22.887,23.299,23.299,-16.0,0.0,-0.0,33.0
10.9641,0,approach,-90.0,12.2,5.169,5.4,5.4,-8.0,0.0,-0.0,37.0,-100.0,-100.0,-100.0,-8.0,0.0,-0.0,32.0,-99.858,-100.0,-100.0,8.0,0.0,-0.0,33.0,-89.733,-90.0,-90.0,16.0,0.0,-0.0,42.0,-99.931,-100.0,-100.0,0.0,0.0,0.778,31.0,9.756,9.756,9.756,0.0,0.0,-0.0,32.0,22.887,23.299,23.299,-16.0,0.0,-0.0,33.0
11.0164,1,fwd,10.0,12.2,5.169,5.4,5.4,-8.0,0.0,-0.0,37.0,-100.0,-100.0,-100.0,-8.0,0.0,-0.0,32.0,-99.858,-100.0,-100.0,8.0,0.0,-0.0,33.0,-89.733,-90.0,-90.0,16.0,0.0,-0.0,42.0,-100.0,-100.0,-100.0,0.0,0.0,-0.154,31.0,9.756,9.756,9.756,0.0,0.0,-0.0,32.0,22.887,23.299,23.299,-16.0,0.0,-0.0,33.0
11.0698,1,fwd,10.0,12.2,5.169,5.4,5.4,-8.0,0.0,-0.0,37.0,-100.0,-100.0,-100.0,-8.0,0.0,-0.0,32.0,-99.858,-100.0,-100.0,8.0,0.0,-0.0,33.0,-89.733,10.0,-89.732,16.0,0.0,-0.0,42.0,-100.0,-100.0,-100.0,0.0,0.0,-0.075,31.0,9.756,9.756,9.756,0.0,0.0,-0.0,32.0,22.887,23.299,23.299,-16.0,0.0,-0.0,33.0
11.1226,1,fwd,10.0,12.2,5.169,5.4,5.4,-8.0,0.0,-0.0,37.0,-100.0,-100.0,-100.0,-8.0,0.0,-0.0,32.0,-99.858,-100.0,-100.0,8.0,0.0,-0.0,33.0,-89.733,10.0,-89.462,16.0,0.0,-0.0,42.0,-100.0,-100.0,-100.0,0.0,0.0,-0.037,31.0,9.756,9.756,9.756,0.0,0.0,-0.0,32.0,22.887,23.299,23.299,-16.0,0.0,-0.0,33.0
11.1756,1,fwd,10.0,12.2,5.169,5.4,5.4,-8.0,0.0,-0.0,37.0,-100.0,-100.0,-100.0,-8.0,0.0,-0.0,32.0,-99.858,-100.0,-100.0,8.0,0.0,-0.0,33.0,-89.467,10.0,-89.19,16.0,0.0,2.49,42.0,-100.0,-100.0,-100.0,0.0,0.0,-0.018,31.0,9.756,9.756,9.756,0.0,0.0,-0.0,32.0,22.887,23.299,23.299,-16.0,0.0,-0.0,33.0
11.2291,1,fwd,10.0,12.2,5.169,5.4,5.4,-8.0,0.0,-0.0,37.0,-100.0,-100.0,-100.0,-8.0,0.0,-0.0,32.0,-99.858,-100.0,-100.0,8.0,0.0,-0.0,33.0,-89.2,10.0,-88.921,16.0,0.0,3.755,42.0,-100.0,-100.0,-100.0,0.0,0.0,-0.009,31.0,9.756,9.756,9.756,0.0,0.0,-0.0,32.0,22.887,23.299,23.299,-16.0,0.0,-0.0,33.0
11.2815,1,fwd,10.0,12.2,5.169,5.4,5.4,-8.0,0.0,-0.0,37.0,-100.0,-100.0,-100.0,-8.0,0.0,-0.0,32.0,-99.858,-100.0,-100.0,8.0,0.0,-0.0,33.0,-89.067,10.0,-88.787,-8.0,0.0,4.115,42.0,-100.0,-100.0,-100.0,0.0,0.0,-0.006,31.0,9.756,9.756,9.756,0.0,0.0,-0.0,32.0,22.887,23.299,23.299,-16.0,1.0,-0.0,33.0
11.3334,1,fwd,10.0,12.2,5.169,5.4,5.4,-8.0,0.0,-0.0,37.0,-100.0,-100.0,-100.0,-8.0,0.0,-0.0,32.0,-99.858,-100.0,-100.0,8.0,0.0,-0.0,33.0,-88.8,10.0,-88.365,-8.0,0.0,2.991,42.0,-100.0,-100.0,-100.0,0.0,0.0,-0.003,31.0,9.756,9.756,9.756,0.0,0.0,-0.0,32.0,22.887,23.299,23.299,-16.0,1.0,-0.0,33.0
11.3855,1,fwd,10.0,12.2,5.169,5.4,5.4,-8.0,0.0,-0.0,37.0,-100.0,-100.0,-100.0,-8.0,0.0,-0.0,32.0,-99.858,-100.0,-100.0,8.0,0.0,-0.0,33.0,-88.533,10.0,-88.098,-8.0,0.0,4.01,42.0,-100.0,-100.0,-100.0,0.0,0.0,-0.001,31.0,9.756,9.756,9.756,0.0,0.0,-0.0,32.0,22.887,23.299,23.299,-16.0,1.0,-0.0,33.0
11.4374,1,fwd,10.0,12.2,5.169,5.4,5.4,-8.0,0.0,-0.0,37.0,-100.0,-100.0,-100.0,-8.0,0.0,-0.0,32.0,-99.858,-100.0,-100.0,8.0,0.0,-0.0,33.0,-88.267,10.0,-87.831,-8.0,0.0,4.517,42.0,-100.0,-100.0,-100.0,0.0,0.0,-0.001,31.0,9.756,9.756,9.756,0.0,0.0,-0.0,32.0,22.887,23.299,23.299,-16.0,1.0,-0.0,33.0
11.4893,1,fwd,10.0,12.2,5.169,5.4,5.4,-8.0,0.0,-0.0,37.0,-100.0,-100.0,-100.0,-8.0,0.0,-0.0,32.0,-99.858,-100.0,-100.0,8.0,0.0,-0.0,33.0,-88.0,10.0,-87.564,-8.0,0.0,4.306,42.0,-100.0,-100.0,-100.0,0.0,0.0,-0.0,31.0,9.756,9.756,9.756,0.0,0.0,-0.0,32.0,22.887,23.299,23.299,-16.0,1.0,-0.0,33.0
11.5421,1,fwd,10.0,12.2,5.169,5.4,5.4,-8.0,0.0,-0.0,37.0,-100.0,-100.0,-100.0,-8.0,0.0,-0.0,32.0,-99.858,-100.0,-100.0,8.0,0.0,-0.0,33.0,-87.733,10.0,-87.296,-8.0,0.0,4.673,42.0,-100.0,-100.0,-100.0,0.0,0.0,-0.0,31.0,9.756,9.756,9.756,0.0,0.0,-0.0,32.0,22.887,23.299,23.299,-16.0,1.0,-0.0,33.0
11.5949,1,fwd,10.0,12.2,5.169,5.4,5.4,-8.0,0.0,-0.0,37.0,-100.0,-100.0,-100.0,-8.0,0.0,-0.0,32.0,-99.858,-100.0,-100.0,8.0,0.0,-0.0,33.0,-87.467,10.0,-87.031,-8.0,0.0,4.851,42.0,-100.0,-100.0,-100.0,0.0,0.0,-0.0,31.0,9.756,9.756,9.756,0.0,0.0,-0.0,32.0,22.887,23.299,23.299,-16.0,1.0,-0.0,33.0
11.6477,1,fwd,10.0,12.2,5.169,5.4,5.4,-8.0,0.0,-0.0,37.0,-100.0,-100.0,-100.0,-8.0,0.0,-0.0,32.0,-99.858,-100.0,-100.0,8.0,0.0,-0.0,33.0,-87.333,10.0,-86.766,-8.0,0.0,3.433,42.0,-100.0,-100.0,-100.0,0.0,0.0,-0.0,31.0,9.756,9.756,9.756,0.0,0.0,-0.0,32.0,22.887,23.299,23.299,-16.0,1.0,-0.0,33.0
11.7008,1,fwd,10.0,12.2,5.169,5.4,5.4,-8.0,0.0,-0.0,37.0,-100.0,-100.0,-100.0,-8.0,0.0,-0.0,32.0,-99.858,-100.0,-100.0,8.0,0.0,-0.0,33.0,-87.2,10.0,-86.499,-8.0,0.0,3.905,42.0,-100.0,-100.0,-100.0,0.0,0.0,-0.0,31.0,9.756,9.756,9.756,0.0,0.0,-0.0,32.0,22.887,23.299,23.299,-16.0,1.0,-0.0,33.0
11.7539,1,fwd,10.0,12.2,5.169,5.4,5.4,-8.0,0.0,-0.0,37.0,-100.0,-100.0,-100.0,-8.0,0.0,-0.0,32.0,-99.858,-100.0,-100.0,8.0,0.0,-0.0,33.0,-86.933,10.0,-86.218,-8.0,0.0,4.37,42.0,-100.0,-100.0,-100.0,0.0,0.0,-0.0,31.0,9.756,9.756,9.756,0.0,0.0,-0.0,32.0,22.887,23.299,23.299,-16.0,1.0,-0.0,33.0
11.8071,1,fwd,10.0,12.2,5.169,5.4,5.4,-8.0,0.0,-0.0,37.0,-100.0,-100.0,-100.0,-8.0,0.0,-0.0,32.0,-99.858,-100.0,-100.0,8.0,0.0,-0.0,33.0,-86.667,10.0,-85.939,-8.0,0.0,4.608,42.0,-100.0,-100.0,-100.0,0.0,0.0,-0.0,31.0,9.756,9.756,9.756,0.0,0.0,-0.0,32.0,22.887,23.299,23.299,-16.0,1.0,-0.0,33.0
11.8594,1,fwd,10.0,12.2,5.169,5.4,5.4,-8.0,0.0,-0.0,37.0,-100.0,-100.0,-100.0,-8.0,0.0,-0.0,32.0,-99.858,-100.0,-100.0,8.0,0.0,-0.0,33.0,-86.533,10.0,-85.939,-24.0,1.0,4.689,42.0,-100.0,-100.0,-100.0,0.0,0.0,-0.0,31.0,9.756,9.756,9.756,0.0,0.0,-0.0,32.0,22.887,23.299,23.299,-16.0,0.0,-0.0,33.0
11.9114,1,fwd,10.0,12.2,5.169,5.4,5.4,-8.0,0.0,-0.0,37.0,-100.0,-100.0,-100.0,-8.0,0.0,-0.0,32.0,-99.858,-100.0,-100.0,8.0,0.0,-0.0,33.0,-86.267,10.0,-85.519,-24.0,1.0,4.298,42.0,-100.0,-100.0,-100.0,0.0,0.0,-0.0,31.0,9.756,9.756,9.756,0.0,0.0,-0.0,32.0,22.887,23.299,23.299,-16.0,0.0,-0.0,33.0
11.9644,1,fwd,10.0,12.2,5.169,5.4,5.4,-8.0,0.0,-0.0,37.0,-100.0,-100.0,-100.0,-8.0,0.0,-0.0,32.0,-99.858,-100.0,-100.0,8.0,0.0,-0.0,33.0,-86.0,10.0,-85.253,-24.0,1.0,5.108,42.0,-100.0,-100.0,-100.0,0.0,0.0,-0.0,31.0,9.756,9.756,9.756,0.0,0.0,-0.0,32.0,22.887,23.299,23.299,-16.0,0.0,-0.0,33.0
12.0172,1,fwd,10.0,12.2,5.169,5.4,5.4,-8.0,0.0,-0.0,37.0,-100.0,-100.0,-100.0,-8.0,0.0,-0.0,32.0,-99.858,-100.0,-100.0,8.0,0.0,-0.0,33.0,-85.733,10.0,-84.987,-24.0,1.0,5.522,42.0,-100.0,-100.0,-100.0,0.0,0.0,-0.0,31.0,9.756,9.756,9.756,0.0,0.0,-0.0,32.0,22.887,23.299,23.299,-16.0,0.0,-0.0,33.0
12.0703,1,fwd,10.0,12.2,5.169,5.4,5.4,-8.0,0.0,-0.0,37.0,-100.0,-100.0,-100.0,-8.0,0.0,-0.0,32.0,-99.858,-100.0,-100.0,8.0,0.0,-0.0,33.0,-85.6,10.0,-84.721,-24.0,1.0,4.221,42.0,-100.0,-100.0,-100.0,0.0,0.0,-0.0,31.0,9.756,9.756,9.756,0.0,0.0,-0.0,32.0,22.887,23.299,23.299,-16.0,0.0,-0.0,33.0
12.1241,1,fwd,10.0,12.2,5.169,5.4,5.4,-8.0,0.0,-0.0,37.0,-100.0,-100.0,-100.0,-8.0,0.0,-0.0,32.0,-99.858,-100.0,-100.0,8.0,0.0,-0.0,33.0,-85.333,10.0,-84.456,-24.0,1.0,4.626,42.0,-100.0,-100.0,-100.0,0.0,0.0,-0.0,31.0,9.756,9.756,9.756,0.0,0.0,-0.0,32.0,22.887,23.299,23.299,-16.0,0.0,-0.0,33.0
12.1764,1,fwd,10.0,12.2,5.169,5.4,5.4,-8.0,0.0,-0.0,37.0,-100.0,-100.0,-100.0,-8.0,0.0,-0.0,32.0,-99.858,-100.0,-100.0,8.0,0.0,-0.0,33.0,-85.2,10.0,-84.19,-24.0,1.0,3.748,42.0,-100.0,-100.0,-100.0,0.0,0.0,-0.0,31.0,9.756,9.756,9.756,0.0,0.0,-0.0,32.0,22.887,23.299,23.299,-16.0,0.0,-0.0,33.0
12.2292,1,fwd,10.0,12.2,5.169,5.4,5.4,-8.0,0.0,-0.0,37.0,-100.0,-100.0,-100.0,-8.0,0.0,-0.0,32.0,-99.858,-100.0,-100.0,8.0,0.0,-0.0,33.0,-84.933,10.0,-83.923,-24.0,1.0,4.396,42.0,-100.0,-100.0,-100.0,0.0,0.0,-0.0,31.0,9.756,9.756,9.756,0.0,0.0,-0.0,32.0,22.887,23.299,23.299,-16.0,0.0,-0.0,33.0
12.2822,1,fwd,10.0,12.2,5.169,5.4,5.4,-8.0,0.0,-0.0,37.0,-100.0,-100.0,-100.0,-8.0,0.0,-0.0,32.0,-99.858,-100.0,-100.0,8.0,0.0,-0.0,33.0,-84.667,10.0,-83.657,-24.0,1.0,4.718,42.0,-100.0,-100.0,-100.0,0.0,0.0,-0.0,31.0,9.756,9.756,9.756,0.0,0.0,-0.0,32.0,22.887,23.299,23.299,-16.0,0.0,-0.0,33.0
12.335,1,fwd,10.0,12.2,5.169,5.4,5.4,-8.0,0.0,-0.0,37.0,-100.0,-100.0,-100.0,-8.0,0.0,-0.0,32.0,-99.858,-100.0,-100.0,8.0,0.0,-0.0,33.0,-84.533,10.0,-83.392,-24.0,1.0,3.808,42.0,-100.0,-100.0,-100.0,0.0,0.0,-0.0,31.0,9.756,9.756,9.756,0.0,0.0,-0.0,32.0,22.887,23.299,23.299,-16.0,0.0,-0.0,33.0
12.3881,1,fwd,10.0,12.2,5.169,5.4,5.4,-8.0,0.0,-0.0,37.0,-100.0,-100.0,-100.0,-8.0,0.0,-0.0,32.0,-99.858,-100.0,-100.0,8.0,0.0,-0.0,33.0,-84.4,10.0,-83.124,-24.0,1.0,3.361,42.0,-100.0,-100.0,-100.0,0.0,0.0,-0.0,31.0,9.756,9.756,9.756,0.0,0.0,-0.0,32.0,22.887,23.299,23.299,-16.0,0.0,-0.0,33.0
12.441,1,fwd,10.0,12.2,5.169,5.4,5.4,-8.0,0.0,-0.0,37.0,-100.0,-100.0,-100.0,-8.0,0.0,-0.0,32.0,-99.858,-100.0,-100.0,8.0,0.0,-0.0,33.0,-84.133,10.0,-82.826,-64.0,8.0,3.698,42.0,-100.0,-100.0,-100.0,0.0,0.0,-0.0,31.0,9.756,9.756,9.756,0.0,0.0,-0.0,32.0,22.887,23.299,23.299,-16.0,0.0,-0.0,33.0
12.4938,1,fwd,10.0,12.2,5.169,5.4,5.4,-8.0,0.0,-0.0,37.0,-100.0,-100.0,-100.0,-8.0,0.0,-0.0,32.0,-99.858,-100.0,-100.0,8.0,0.0,-0.0,33.0,-84.0,10.0,-82.559,-64.0,8.0,3.319,42.0,-100.0,-100.0,-100.0,0.0,0.0,-0.0,31.0,9.756,9.756,9.756,0.0,0.0,-0.0,32.0,22.887,23.299,23.299,-16.0,0.0,-0.0,33.0
12.5466,1,fwd,10.0,12.2,5.169,5.4,5.4,-8.0,0.0,-0.0,37.0,-100.0,-100.0,-100.0,-8.0,0.0,-0.0,32.0,-99.858,-100.0,-100.0,8.0,0.0,-0.0,33.0,-83.867,10.0,-82.294,-64.0,8.0,2.682,42.0,-100.0,-100.0,-100.0,0.0,0.0,-0.0,31.0,9.756,9.756,9.756,0.0,0.0,-0.0,32.0,22.887,23.299,23.299,-16.0,0.0,-0.0,33.0
12.5984,1,fwd,10.0,12.2,5.169,5.4,5.4,-8.0,0.0,-0.0,37.0,-100.0,-100.0,-100.0,-8.0,0.0,-0.0,32.0,-99.858,-100.0,-100.0,8.0,0.0,-0.0,33.0,-83.733,10.0,-82.029,-64.0,8.0,2.37,42.0,-100.0,-100.0,-100.0,0.0,0.0,-0.0,31.0,9.756,9.756,9.756,0.0,0.0,-0.0,32.0,22.887,23.299,23.299,-16.0,0.0,-0.0,33.0
12.6511,1,fwd,10.0,12.2,5.169,5.4,5.4,-8.0,0.0,-0.0,37.0,-100.0,-100.0,-100.0,-8.0,0.0,-0.0,32.0,-99.858,-100.0,-100.0,8.0,0.0,-0.0,33.0,-83.333,10.0,-81.761,-64.0,8.0,4.745,42.0,-100.0,-100.0,-100.0,0.0,0.0,-0.0,31.0,9.756,9.756,9.756,0.0,0.0,-0.0,32.0,22.887,23.299,23.299,-16.0,0.0,-0.0,33.0
12.704,1,fwd,10.0,12.2,5.169,5.4,5.4,-8.0,0.0,-0.0,37.0,-100.0,-100.0,-100.0,-8.0,0.0,-0.0,32.0,-99.858,-100.0,-100.0,8.0,0.0,-0.0,33.0,-83.2,10.0,-81.494,-64.0,8.0,3.831,42.0,-100.0,-100.0,-100.0,0.0,0.0,-0.0,31.0,9.756,9.756,9.756,0.0,0.0,-0.0,32.0,22.887,23.299,23.299,-16.0,0.0,-0.0,33.0
12.7567,1,fwd,10.0,12.2,5.169,5.4,5.4,-8.0,0.0,-0.0,37.0,-100.0,-100.0,-100.0,-8.0,0.0,-0.0,32.0,-99.858,-100.0,-100.0,8.0,0.0,-0.0,33.0,-83.067,10.0,-81.229,-64.0,8.0,2.933,42.0,-100.0,-100.0,-100.0,0.0,0.0,-0.0,31.0,9.756,9.756,9.756,0.0,0.0,-0.0,32.0,22.887,23.299,23.299,-16.0,0.0,-0.0,33.0
12.8095,1,fwd,10.0,12.2,5.169,5.4,5.4,-8.0,0.0,-0.0,37.0,-100.0,-100.0,-100.0,-8.0,0.0,-0.0,32.0,-99.858,-100.0,-100.0,8.0,0.0,-0.0,33.0,-82.8,10.0,-80.961,-64.0,8.0,3.973,42.0,-100.0,-100.0,-100.0,0.0,0.0,-0.0,31.0,9.756,9.756,9.756,0.0,0.0,-0.0,32.0,22.887,23.299,23.299,-16.0,0.0,-0.0,33.0
12.8614,1,fwd,10.0,12.2,5.169,5.4,5.4,-8.0,0.0,-0.0,37.0,-100.0,-100.0,-100.0,-8.0,0.0,-0.0,32.0,-99.858,-100.0,-100.0,8.0,0.0,-0.0,33.0,-82.667,10.0,-80.694,-64.0,8.0,4.288,42.0,-100.0,-100.0,-100.0,0.0,0.0,-0.0,31.0,9.756,9.756,9.756,0.0,0.0,-0.0,32.0,22.887,23.299,23.299,-16.0,0.0,-0.0,33.0
12.9134,1,fwd,10.0,12.2,5.169,5.4,5.4,-8.0,0.0,-0.0,37.0,-100.0,-100.0,-100.0,-8.0,0.0,-0.0,32.0,-99.858,-100.0,-100.0,8.0,0.0,-0.0,33.0,-82.4,10.0,-80.415,-64.0,8.0,4.566,42.0,-100.0,-100.0,-100.0,0.0,0.0,-0.0,31.0,9.756,9.756,9.756,0.0,0.0,-0.0,32.0,22.887,23.299,23.299,-16.0,0.0,-0.0,33.0
12.9677,1,fwd,10.0,12.2,5.169,5.4,5.4,-8.0,0.0,-0.0,37.0,-100.0,-100.0,-100.0,-8.0,0.0,-0.0,32.0,-99.858,-100.0,-100.0,8.0,0.0,-0.0,33.0,-82.267,10.0,-80.265,-64.0,8.0,3.168,42.0,-100.0,-100.0,-100.0,0.0,0.0,-0.0,31.0,9.756,9.756,9.756,0.0,0.0,-0.0,32.0,22.887,23.299,23.299,-16.0,0.0,-0.0,33.0
13.0207,1,fwd,10.0,12.1,5.169,5.4,5.4,-8.0,0.0,-0.0,37.0,-100.0,-100.0,-100.0,-8.0,0.0,-0.0,32.0,-99.858,-100.0,-100.0,8.0,0.0,-0.0,33.0,-81.867,10.0,-79.97,-104.0,18.0,4.242,42.0,-100.0,-100.0,-100.0,0.0,0.0,-0.0,31.0,9.756,9.756,9.756,0.0,0.0,-0.0,32.0,22.887,23.299,23.299,-16.0,1.0,-0.0,33.0
13.0739,1,fwd,10.0,12.1,5.169,5.4,5.4,-8.0,0.0,-0.0,37.0,-100.0,-100.0,-100.0,-8.0,0.0,-0.0,32.0,-99.858,-100.0,-100.0,8.0,0.0,-0.0,33.0,-81.6,10.0,-79.702,-104.0,18.0,4.631,42.0,-100.0,-100.0,-100.0,0.0,0.0,-0.0,31.0,9.756,9.756,9.756,0.0,0.0,-0.0,32.0,22.887,23.299,23.299,-16.0,1.0,-0.0,33.0
13.1267,1,fwd,10.0,12.1,5.169,5.4,5.4,-8.0,0.0,-0.0,37.0,-100.0,-100.0,-100.0,-8.0,0.0,-0.0,32.0,-99.858,-100.0,-100.0,8.0,0.0,-0.0,33.0,-81.467,10.0,-79.435,-104.0,18.0,3.776,42.0,-100.0,-100.0,-100.0,0.0,0.0,-0.0,31.0,9.756,9.756,9.756,0.0,0.0,-0.0,32.0,22.887,23.299,23.299,-16.0,1.0,-0.0,33.0
13.1796,1,fwd,10.0,12.1,5.169,5.4,5.4,-8.0,0.0,-0.0,37.0,-100.0,-100.0,-100.0,-8.0,0.0,-0.0,32.0,-99.858,-100.0,-100.0,8.0,0.0,-0.0,33.0,-81.2,10.0,-79.169,-104.0,18.0,4.405,42.0,-100.0,-100.0,-100.0,0.0,0.0,-0.0,31.0,9.756,9.756,9.756,0.0,0.0,-0.0,32.0,22.887,23.299,23.299,-16.0,1.0,-0.0,33.0
13.2314,1,fwd,10.0,12.1,5.169,5.4,5.4,-8.0,0.0,-0.0,37.0,-100.0,-100.0,-100.0,-8.0,0.0,-0.0,32.0,-99.858,-100.0,-100.0,8.0,0.0,-0.0,33.0,-80.933,10.0,-78.903,-104.0,18.0,4.72,42.0,-100.0,-100.0,-100.0,0.0,0.0,-0.0,31.0,9.756,9.756,9.756,0.0,0.0,-0.0,32.0,22.887,23.299,23.299,-16.0,1.0,-0.0,33.0
13.2842,1,fwd,10.0,12.1,5.169,5.4,5.4,-8.0,0.0,-0.0,37.0,-100.0,-100.0,-100.0,-8.0,0.0,-0.0,32.0,-99.858,-100.0,-100.0,8.0,0.0,-0.0,33.0,-80.667,10.0,-78.638,-104.0,18.0,4.872,42.0,-100.0,-100.0,-100.0,0.0,0.0,-0.0,31.0,9.756,9.756,9.756,0.0,0.0,-0.0,32.0,22.887,23.299,23.299,-16.0,1.0,-0.0,33.0
13.337,1,fwd,10.0,12.1,5.169,5.4,5.4,-8.0,0.0,-0.0,37.0,-100.0,-100.0,-100.0,-8.0,0.0,-0.0,32.0,-99.858,-100.0,-100.0,8.0,0.0,-0.0,33.0,-80.667,10.0,-78.373,-104.0,18.0,2.387,42.0,-100.0,-100.0,-100.0,0.0,0.0,-0.0,31.0,9.756,9.756,9.756,0.0,0.0,-0.0,32.0,22.887,23.299,23.299,-16.0,1.0,-0.0,33.0
13.3901,1,fwd,10.0,12.1,5.169,5.4,5.4,-8.0,0.0,-0.0,37.0,-100.0,-100.0,-100.0,-8.0,0.0,-0.0,32.0,-99.858,-100.0,-100.0,8.0,0.0,-0.0,33.0,-80.133,10.0,-78.105,-104.0,18.0,6.756,42.0,-100.0,-100.0,-100.0,0.0,0.0,-0.0,31.0,9.756,9.756,9.756,0.0,0.0,-0.0,32.0,22.887,23.299,23.299,-16.0,1.0,-0.0,33.0
13.4429,1,fwd,10.0,12.1,5.169,5.4,5.4,-8.0,0.0,-0.0,37.0,-100.0,-100.0,-100.0,-8.0,0.0,-0.0,32.0,-99.858,-100.0,-100.0,8.0,0.0,-0.0,33.0,-80.0,10.0,-77.84,-104.0,18.0,4.819,42.0,-100.0,-100.0,-100.0,0.0,0.0,-0.0,31.0,9.756,9.756,9.756,0.0,0.0,-0.0,32.0,22.887,23.299,23.299,-16.0,1.0,-0.0,33.0
13.4957,1,fwd,10.0,12.1,5.169,5.4,5.4,-8.0,0.0,-0.0,37.0,-100.0,-100.0,-100.0,-8.0,0.0,-0.0,32.0,-99.858,-100.0,-100.0,8.0,0.0,-0.0,33.0,-79.867,10.0,-77.575,-104.0,18.0,3.418,42.0,-100.0,-100.0,-100.0,0.0,0.0,-0.0,31.0,9.756,9.756,9.756,0.0,0.0,-0.0,32.0,22.887,23.299,23.299,-16.0,1.0,-0.0,33.0
13.5484,1,fwd,10.0,12.1,5.169,5.4,5.4,-8.0,0.0,-0.0,37.0,-100.0,-100.0,-100.0,-8.0,0.0,-0.0,32.0,-99.858,-100.0,-100.0,8.0,0.0,-0.0,33.0,-79.733,10.0,-77.441,-116.0,32.0,3.9,42.0,-100.0,-100.0,-100.0,0.0,0.0,-0.0,31.0,9.756,9.756,9.756,0.0,0.0,-0.0,32.0,22.887,23.299,23.299,-16.0,0.0,-0.0,33.0
13.6004,1,fwd,10.0,12.1,5.169,5.4,5.4,-8.0,0.0,-0.0,37.0,-100.0,-100.0,-100.0,-8.0,0.0,-0.0,32.0,-99.858,-100.0,-100.0,8.0,0.0,-0.0,33.0,-79.2,10.0,-77.027,-116.0,32.0,4.917,42.0,-100.0,-100.0,-100.0,0.0,0.0,-0.0,31.0,9.756,9.756,9.756,0.0,0.0,-0.0,32.0,22.887,23.299,23.299,-16.0,0.0,-0.0,33.0
13.6531,1,fwd,10.0,12.1,5.169,5.4,5.4,-8.0,0.0,-0.0,37.0,-100.0,-100.0,-100.0,-8.0,0.0,-0.0,32.0,-99.858,-100.0,-100.0,8.0,0.0,-0.0,33.0,-79.067,10.0,-76.762,-116.0,32.0,3.906,42.0,-100.0,-100.0,-100.0,0.0,0.0,-0.0,31.0,9.756,9.756,9.756,0.0,0.0,-0.0,32.0,22.887,23.299,23.299,-16.0,0.0,-0.0,33.0
13.7062,1,fwd,10.0,12.1,5.169,5.4,5.4,-8.0,0.0,-0.0,37.0,-100.0,-100.0,-100.0,-8.0,0.0,-0.0,32.0,-99.858,-100.0,-100.0,8.0,0.0,-0.0,33.0,-78.667,10.0,-76.495,-116.0,32.0,5.504,42.0,-100.0,-100.0,-100.0,0.0,0.0,-0.0,31.0,9.756,9.756,9.756,0.0,0.0,-0.0,32.0,22.887,23.299,23.299,-16.0,0.0,-0.0,33.0
13.7592,1,fwd,10.0,12.1,5.169,5.4,5.4,-8.0,0.0,-0.0,37.0,-100.0,-100.0,-100.0,-8.0,0.0,-0.0,32.0,-99.858,-100.0,-100.0,8.0,0.0,-0.0,33.0,-78.533,10.0,-76.227,-116.0,32.0,3.744,42.0,-100.0,-100.0,-100.0,0.0,0.0,-0.0,31.0,9.756,9.756,9.756,0.0,0.0,-0.0,32.0,22.887,23.299,23.299,-16.0,0.0,-0.0,33.0
13.8121,1,fwd,10.0,12.1,5.169,5.4,5.4,-8.0,0.0,-0.0,37.0,-100.0,-100.0,-100.0,-8.0,0.0,-0.0,32.0,-99.858,-100.0,-100.0,8.0,0.0,-0.0,33.0,-78.267,10.0,-75.96,-116.0,32.0,4.382,42.0,-100.0,-100.0,-100.0,0.0,0.0,-0.0,31.0,9.756,9.756,9.756,0.0,0.0,-0.0,32.0,22.887,23.299,23.299,-16.0,0.0,-0.0,33.0
13.8652,1,fwd,10.0,12.1,5.169,5.4,5.4,-8.0,0.0,-0.0,37.0,-100.0,-100.0,-100.0,-8.0,0.0,-0.0,32.0,-99.858,-100.0,-100.0,8.0,0.0,-0.0,33.0,-78.0,10.0,-75.694,-116.0,32.0,5.171,42.0,-100.0,-100.0,-100.0,0.0,0.0,-0.0,31.0,9.756,9.756,9.756,0.0,0.0,-0.0,32.0,22.887,23.299,23.299,-16.0,0.0,-0.0,33.0
13.9181,1,fwd,10.0,12.1,5.169,5.4,5.4,-8.0,0.0,-0.0,37.0,-100.0,-100.0,-100.0,-8.0,0.0,-0.0,32.0,-99.858,-100.0,-100.0,8.0,0.0,-0.0,33.0,-77.733,10.0,-75.428,-116.0,32.0,5.081,42.0,-100.0,-100.0,-100.0,0.0,0.0,-0.0,31.0,9.756,9.756,9.756,0.0,0.0,-0.0,32.0,22.887,23.299,23.299,-16.0,0.0,-0.0,33.0
13.9723,1,fwd,10.0,12.1,5.169,5.4,5.4,-8.0,0.0,-0.0,37.0,-100.0,-100.0,-100.0,-8.0,0.0,-0.0,32.0,-99.858,-100.0,-100.0,8.0,0.0,-0.0,33.0,-77.6,10.0,-75.16,-116.0,32.0,3.999,42.0,-100.0,-100.0,-100.0,0.0,0.0,-0.0,31.0,9.756,9.756,9.756,0.0,0.0,-0.0,32.0,22.887,23.299,23.299,-16.0,0.0,-0.0,33.0
14.0251,1,fwd,10.0,12.1,5.169,5.4,5.4,-8.0,0.0,-0.0,37.0,-100.0,-100.0,-100.0,-8.0,0.0,-0.0,32.0,-99.858,-100.0,-100.0,8.0,0.0,-0.0,33.0,-77.467,10.0,-74.896,-116.0,32.0,3.023,42.0,-100.0,-100.0,-100.0,0.0,0.0,-0.0,31.0,9.756,9.756,9.756,0.0,0.0,-0.0,32.0,22.887,23.299,23.299,-16.0,0.0,-0.0,33.0
14.078,1,fwd,10.0,12.1,5.169,5.4,5.4,-8.0,0.0,-0.0,37.0,-100.0,-100.0,-100.0,-8.0,0.0,-0.0,32.0,-99.858,-100.0,-100.0,8.0,0.0,-0.0,33.0,-77.2,10.0,-74.631,-116.0,32.0,4.496,42.0,-100.0,-100.0,-100.0,0.0,0.0,-0.0,31.0,9.756,9.756,9.756,0.0,0.0,-0.0,32.0,22.887,23.299,23.299,-16.0,0.0,-0.0,33.0
14.1313,1,fwd,10.0,12.1,5.169,5.4,5.4,-8.0,0.0,-0.0,37.0,-100.0,-100.0,-100.0,-8.0,0.0,-0.0,32.0,-99.858,-100.0,-100.0,8.0,0.0,-0.0,33.0,-77.2,10.0,-74.344,-132.0,32.0,4.496,42.0,-100.0,-100.0,-100.0,0.0,0.0,-0.0,31.0,9.756,9.756,9.756,0.0,0.0,-0.0,32.0,22.887,23.299,23.299,-16.0,1.0,-0.0,33.0
14.1852,1,fwd,10.0,12.1,5.169,5.4,5.4,-8.0,0.0,-0.0,37.0,-100.0,-100.0,-100.0,-8.0,0.0,-0.0,32.0,-99.858,-100.0,-100.0,8.0,0.0,-0.0,33.0,-76.8,10.0,-74.063,-132.0,32.0,3.601,42.0,-100.0,-100.0,-100.0,0.0,0.0,-0.0,31.0,9.756,9.756,9.756,0.0,0.0,-0.0,32.0,22.887,23.299,23.299,-16.0,1.0,-0.0,33.0
14.2373,1,fwd,10.0,12.1,5.169,5.4,5.4,-8.0,0.0,-0.0,37.0,-100.0,-100.0,-100.0,-8.0,0.0,-0.0,32.0,-99.858,-100.0,-100.0,8.0,0.0,-0.0,33.0,-76.533,10.0,-73.917,-132.0,32.0,4.747,42.0,-100.0,-100.0,-100.0,0.0,0.0,-0.0,31.0,9.756,9.756,9.756,0.0,0.0,-0.0,32.0,22.887,23.299,23.299,-16.0,1.0,-0.0,33.0
14.2894,1,fwd,10.0,12.1,5.169,5.4,5.4,-8.0,0.0,-0.0,37.0,-100.0,-100.0,-100.0,-8.0,0.0,-0.0,32.0,-99.858,-100.0,-100.0,8.0,0.0,-0.0,33.0,-76.133,10.0,-73.636,-132.0,32.0,5.731,42.0,-100.0,-100.0,-100.0,0.0,0.0,-0.0,31.0,9.756,9.756,9.756,0.0,0.0,-0.0,32.0,22.887,23.299,23.299,-16.0,1.0,-0.0,33.0
14.3423,1,fwd,10.0,12.1,5.169,5.4,5.4,-8.0,0.0,-0.0,37.0,-100.0,-100.0,-100.0,-8.0,0.0,-0.0,32.0,-99.858,-100.0,-100.0,8.0,0.0,-0.0,33.0,-75.867,10.0,-73.368,-132.0,32.0,5.812,42.0,-100.0,-100.0,-100.0,0.0,0.0,-0.0,31.0,9.756,9.756,9.756,0.0,0.0,-0.0,32.0,22.887,23.299,23.299,-16.0,1.0,-0.0,33.0
14.3953,1,fwd,10.0,12.1,5.169,5.4,5.4,-8.0,0.0,-0.0,37.0,-100.0,-100.0,-100.0,-8.0,0.0,-0.0,32.0,-99.858,-100.0,-100.0,8.0,0.0,-0.0,33.0,-75.467,10.0,-73.089,-132.0,32.0,6.808,42.0,-100.0,-100.0,-100.0,0.0,0.0,-0.0,31.0,9.756,9.756,9.756,0.0,0.0,-0.0,32.0,22.887,23.299,23.299,-16.0,1.0,-0.0,33.0
14.4483,1,fwd,10.0,12.1,5.169,5.4,5.4,-8.0,0.0,-0.0,37.0,-100.0,-100.0,-100.0,-8.0,0.0,-0.0,32.0,-99.858,-100.0,-100.0,8.0,0.0,-0.0,33.0,-75.333,10.0,-72.821,-132.0,32.0,4.373,42.0,-100.0,-100.0,-100.0,0.0,0.0,-0.0,31.0,9.756,9.756,9.756,0.0,0.0,-0.0,32.0,22.887,23.299,23.299,-16.0,1.0,-0.0,33.0
14.5013,1,fwd,10.0,12.1,5.169,5.4,5.4,-8.0,0.0,-0.0,37.0,-100.0,-100.0,-100.0,-8.0,0.0,-0.0,32.0,-99.858,-100.0,-100.0,8.0,0.0,-0.0,33.0,-75.067,10.0,-72.553,-132.0,32.0,4.689,42.0,-100.0,-100.0,-100.0,0.0,0.0,-0.0,31.0,9.756,9.756,9.756,0.0,0.0,-0.0,32.0,22.887,23.299,23.299,-16.0,1.0,-0.0,33.0
14.5541,1,fwd,10.0,12.1,5.169,5.4,5.4,-8.0,0.0,-0.0,37.0,-100.0,-100.0,-100.0,-8.0,0.0,-0.0,32.0,-99.858,-100.0,-100.0,8.0,0.0,-0.0,33.0,-74.8,10.0,-72.287,-132.0,32.0,4.854,42.0,-100.0,-100.0,-100.0,0.0,0.0,-0.0,31.0,9.756,9.756,9.756,0.0,0.0,-0.0,32.0,22.887,23.299,23.299,-16.0,1.0,-0.0,33.0
14.607,1,fwd,10.0,12.1,5.169,5.4,5.4,-8.0,0.0,-0.0,37.0,-100.0,-100.0,-100.0,-8.0,0.0,-0.0,32.0,-99.858,-100.0,-100.0,8.0,0.0,-0.0,33.0,-74.667,10.0,-72.018,-132.0,32.0,3.88,42.0,-100.0,-100.0,-100.0,0.0,0.0,-0.0,31.0,9.756,9.756,9.756,0.0,0.0,-0.0,32.0,22.887,23.299,23.299,-16.0,1.0,-0.0,33.0
14.6601,1,fwd,10.0,12.1,5.169,5.4,5.4,-8.0,0.0,-0.0,37.0,-100.0,-100.0,-100.0,-8.0,0.0,-0.0,32.0,-99.858,-100.0,-100.0,8.0,0.0,-0.0,33.0,-74.4,10.0,-71.753,-132.0,32.0,4.452,42.0,-100.0,-100.0,-100.0,0.0,0.0,-0.0,31.0,9.756,9.756,9.756,0.0,0.0,-0.0,32.0,22.887,23.299,23.299,-16.0,1.0,-0.0,33.0
14.7132,1,fwd,10.0,12.2,5.169,5.4,5.4,-8.0,0.0,-0.0,37.0,-100.0,-100.0,-100.0,-8.0,0.0,-0.0,32.0,-99.858,-100.0,-100.0,8.0,0.0,-0.0,33.0,-74.267,10.0,-71.454,-144.0,41.0,3.786,42.0,-100.0,-100.0,-100.0,0.0,0.0,-0.0,31.0,9.756,9.756,9.756,0.0,0.0,-0.0,32.0,22.887,23.299,23.299,-16.0,1.0,-0.0,33.0
14.7661,1,fwd,10.0,12.2,5.169,5.4,5.4,-8.0,0.0,-0.0,37.0,-100.0,-100.0,-100.0,-8.0,0.0,-0.0,32.0,-99.858,-100.0,-100.0,8.0,0.0,-0.0,33.0,-74.133,10.0,-71.186,-144.0,41.0,2.899,42.0,-100.0,-100.0,-100.0,0.0,0.0,-0.0,31.0,9.756,9.756,9.756,0.0,0.0,-0.0,32.0,22.887,23.299,23.299,-16.0,1.0,-0.0,33.0
14.8189,1,fwd,10.0,12.2,5.169,5.4,5.4,-8.0,0.0,-0.0,37.0,-100.0,-100.0,-100.0,-8.0,0.0,-0.0,32.0,-99.858,-100.0,-100.0,8.0,0.0,-0.0,33.0,-73.6,10.0,-70.92,-144.0,41.0,6.103,42.0,-100.0,-100.0,-100.0,0.0,0.0,-0.0,31.0,9.756,9.756,9.756,0.0,0.0,-0.0,32.0,22.887,23.299,23.299,-16.0,1.0,-0.0,33.0
14.8718,1,fwd,10.0,12.2,5.169,5.4,5.4,-8.0,0.0,-0.0,37.0,-100.0,-100.0,-100.0,-8.0,0.0,-0.0,32.0,-99.858,-100.0,-100.0,8.0,0.0,-0.0,33.0,-73.467,10.0,-70.654,-144.0,41.0,4.486,42.0,-100.0,-100.0,-100.0,0.0,0.0,-0.0,31.0,9.756,9.756,9.756,0.0,0.0,-0.0,32.0,22.887,23.299,23.299,-16.0,1.0,-0.0,33.0
14.9248,1,fwd,10.0,12.2,5.169,5.4,5.4,-8.0,0.0,-0.0,37.0,-100.0,-100.0,-100.0,-8.0,0.0,-0.0,32.0,-99.858,-100.0,-100.0,8.0,0.0,-0.0,33.0,-72.933,10.0,-70.386,-144.0,41.0,6.822,42.0,-100.0,-100.0,-100.0,0.0,0.0,-0.0,31.0,9.756,9.756,9.756,0.0,0.0,-0.0,32.0,22.887,23.299,23.299,-16.0,1.0,-0.0,33.0
14.9791,1,fwd,10.0,12.2,5.169,5.4,5.4,-8.0,0.0,-0.0,37.0,-100.0,-100.0,-100.0,-8.0,0.0,-0.0,32.0,-99.858,-100.0,-100.0,8.0,0.0,-0.0,33.0,-72.8,10.0,-70.12,-144.0,41.0,4.399,42.0,-100.0,-100.0,-100.0,0.0,0.0,-0.0,31.0,9.756,9.756,9.756,0.0,0.0,-0.0,32.0,22.887,23.299,23.299,-16.0,1.0,-0.0,33.0
15.032,1,fwd,10.0,12.2,5.169,5.4,5.4,-8.0,0.0,-0.0,37.0,-100.0,-100.0,-100.0,-8.0,0.0,-0.0,32.0,-99.858,-100.0,-100.0,8.0,0.0,-0.0,33.0,-72.4,10.0,-69.851,-144.0,41.0,6.203,42.0,-100.0,-100.0,-100.0,0.0,0.0,-0.0,31.0,9.756,9.756,9.756,0.0,0.0,-0.0,32.0,22.887,23.299,23.299,-16.0,1.0,-0.0,33.0
15.085,1,fwd,10.0,12.2,5.169,5.4,5.4,-8.0,0.0,-0.0,37.0,-100.0,-100.0,-100.0,-8.0,0.0,-0.0,32.0,-99.858,-100.0,-100.0,8.0,0.0,-0.0,33.0,-72.133,10.0,-69.585,-144.0,41.0,5.138,42.0,-100.0,-100.0,-100.0,0.0,0.0,-0.0,31.0,9.756,9.756,9.756,0.0,0.0,-0.0,32.0,22.887,23.299,23.299,-16.0,1.0,-0.0,33.0
15.1379,1,fwd,10.0,12.2,5.169,5.4,5.4,-8.0,0.0,-0.0,37.0,-100.0,-100.0,-100.0,-8.0,0.0,-0.0,32.0,-99.858,-100.0,-100.0,8.0,0.0,-0.0,33.0,-72.0,10.0,-69.319,-144.0,41.0,3.573,42.0,-100.0,-100.0,-100.0,0.0,0.0,-0.0,31.0,9.756,9.756,9.756,0.0,0.0,-0.0,32.0,22.887,23.299,23.299,-16.0,1.0,-0.0,33.0
15.1907,1,fwd,10.0,12.2,5.169,5.4,5.4,-8.0,0.0,-0.0,37.0,-100.0,-100.0,-100.0,-8.0,0.0,-0.0,32.0,-99.858,-100.0,-100.0,8.0,0.0,-0.0,33.0,-71.6,10.0,-69.054,-144.0,41.0,5.377,42.0,-100.0,-100.0,-100.0,0.0,0.0,-0.0,31.0,9.756,9.756,9.756,0.0,0.0,-0.0,32.0,22.887,23.299,23.299,-16.0,1.0,-0.0,33.0
15.2439,1,fwd,10.0,12.2,5.169,5.4,5.4,-8.0,0.0,-0.0,37.0,-100.0,-100.0,-100.0,-8.0,0.0,-0.0,32.0,-99.858,-100.0,-100.0,8.0,0.0,-0.0,33.0,-71.6,10.0,-68.921,-144.0,41.0,3.764,42.0,-100.0,-100.0,-100.0,0.0,0.0,-0.0,31.0,9.756,9.756,9.756,0.0,0.0,-0.0,32.0,22.887,23.299,23.299,-16.0,1.0,-0.0,33.0
15.2973,1,fwd,10.0,12.0,5.169,5.4,5.4,-8.0,0.0,-0.0,37.0,-100.0,-100.0,-100.0,-8.0,0.0,-0.0,32.0,-99.858,-100.0,-100.0,8.0,0.0,-0.0,33.0,-71.333,10.0,-68.488,-152.0,36.0,3.977,42.0,-100.0,-100.0,-100.0,0.0,0.0,-0.0,31.0,9.756,9.756,9.756,0.0,0.0,-0.0,32.0,22.887,23.299,23.299,-16.0,0.0,-0.0,33.0
15.3509,1,fwd,10.0,12.0,5.169,5.4,5.4,-8.0,0.0,-0.0,37.0,-100.0,-100.0,-100.0,-8.0,0.0,-0.0,32.0,-99.858,-100.0,-100.0,8.0,0.0,-0.0,33.0,-71.333,10.0,-68.348,-152.0,36.0,1.949,42.0,-100.0,-100.0,-100.0,0.0,0.0,-0.0,31.0,9.756,9.756,9.756,0.0,0.0,-0.0,32.0,22.887,23.299,23.299,-16.0,0.0,-0.0,33.0
15.4053,1,fwd,10.0,12.0,5.169,5.4,5.4,-8.0,0.0,-0.0,37.0,-100.0,-100.0,-100.0,-8.0,0.0,-0.0,32.0,-99.858,-100.0,-100.0,8.0,0.0,-0.0,33.0,-71.067,10.0,-68.064,-152.0,36.0,3.398,42.0,-100.0,-100.0,-100.0,0.0,0.0,-0.0,31.0,9.756,9.756,9.756,0.0,0.0,-0.0,32.0,22.887,23.299,23.299,-16.0,0.0,-0.0,33.0
15.46,1,fwd,10.0,12.0,5.169,5.4,5.4,-8.0,0.0,-0.0,37.0,-100.0,-100.0,-100.0,-8.0,0.0,-0.0,32.0,-99.858,-100.0,-100.0,8.0,0.0,-0.0,33.0,-70.667,10.0,-67.787,-152.0,36.0,5.115,42.0,-100.0,-100.0,-100.0,0.0,0.0,-0.0,31.0,9.756,9.756,9.756,0.0,0.0,-0.0,32.0,22.887,23.299,23.299,-16.0,0.0,-0.0,33.0
15.513,1,fwd,10.0,12.0,5.169,5.4,5.4,-8.0,0.0,-0.0,37.0,-100.0,-100.0,-100.0,-8.0,0.0,-0.0,32.0,-99.858,-100.0,-100.0,8.0,0.0,-0.0,33.0,-70.533,10.0,-67.521,-152.0,36.0,3.998,42.0,-100.0,-100.0,-100.0,0.0,0.0,-0.0,31.0,9.756,9.756,9.756,0.0,0.0,-0.0,32.0,22.887,23.299,23.299,-16.0,0.0,-0.0,33.0
15.5653,1,fwd,10.0,12.0,5.258,5.4,5.4,-8.0,0.0,0.995,37.0,-100.0,-100.0,-100.0,-8.0,0.0,-0.0,32.0,-99.858,-100.0,-100.0,8.0,0.0,-0.0,33.0,-70.133,10.0,-67.253,-152.0,36.0,5.529,42.0,-100.0,-100.0,-100.0,0.0,0.0,-0.0,31.0,9.756,9.756,9.756,0.0,0.0,-0.0,32.0,22.887,23.299,23.299,-16.0,0.0,-0.0,33.0
15.6183,1,fwd,10.0,12.0,5.258,5.4,5.4,-8.0,0.0,0.488,37.0,-100.0,-100.0,-100.0,-8.0,0.0,-0.0,32.0,-99.858,-100.0,-100.0,8.0,0.0,-0.0,33.0,-70.0,10.0,-66.985,-152.0,36.0,3.76,42.0,-100.0,-100.0,-100.0,0.0,0.0,-0.0,31.0,9.756,9.756,9.756,0.0,0.0,-0.0,32.0,22.887,23.299,23.299,-16.0,0.0,-0.0,33.0
15.6717,1,fwd,10.0,12.0,5.258,5.4,5.4,-8.0,0.0,0.239,37.0,-100.0,-100.0,-100.0,-8.0,0.0,-0.0,32.0,-99.858,-100.0,-100.0,8.0,0.0,-0.0,33.0,-69.6,10.0,-66.718,-152.0,36.0,5.454,42.0,-100.0,-100.0,-100.0,0.0,0.0,-0.0,31.0,9.756,9.756,9.756,0.0,0.0,-0.0,32.0,22.887,23.299,23.299,-16.0,0.0,-0.0,33.0
15.7246,1,fwd,10.0,12.0,5.258,5.4,5.4,-8.0,0.0,0.117,37.0,-100.0,-100.0,-100.0,-8.0,0.0,-0.0,32.0,-99.858,-100.0,-100.0,8.0,0.0,-0.0,33.0,-69.2,10.0,-66.452,-152.0,36.0,6.274,42.0,-100.0,-100.0,-100.0,0.0,0.0,-0.0,31.0,9.756,9.756,9.756,0.0,0.0,-0.0,32.0,22.887,23.299,23.299,-16.0,0.0,-0.0,33.0
15.7777,1,fwd,10.0,12.0,5.258,5.4,5.4,-8.0,0.0,0.057,37.0,-100.0,-100.0,-100.0,-8.0,0.0,-0.0,32.0,-99.858,-100.0,-100.0,8.0,0.0,-0.0,33.0,-69.067,10.0,-66.183,-152.0,36.0,4.123,42.0,-100.0,-100.0,-100.0,0.0,0.0,-0.0,31.0,9.756,9.756,9.756,0.0,0.0,-0.0,32.0,22.887,23.299,23.299,-16.0,0.0,-0.0,33.0
15.8313,1,fwd,10.0,12.1,5.258,5.4,5.4,0.0,0.0,0.04,37.0,-100.0,-100.0,-100.0,-8.0,0.0,-0.0,32.0,-99.858,-100.0,-100.0,8.0,0.0,-0.0,33.0,-68.933,10.0,-66.046,-152.0,34.0,4.37,42.0,-100.0,-100.0,-100.0,0.0,0.0,-0.0,31.0,9.756,9.756,9.756,0.0,0.0,-0.0,32.0,22.887,23.299,23.299,-16.0,0.0,-0.0,33.0
15.8842,1,fwd,10.0,12.1,5.258,5.4,5.4,0.0,0.0,0.02,37.0,-100.0,-100.0,-100.0,-8.0,0.0,-0.0,32.0,-99.858,-100.0,-100.0,8.0,0.0,-0.0,33.0,-68.667,10.0,-65.624,-152.0,34.0,3.111,42.0,-100.0,-100.0,-100.0,0.0,0.0,-0.0,31.0,9.756,9.756,9.756,0.0,0.0,-0.0,32.0,22.887,23.299,23.299,-16.0,0.0,-0.0,33.0
15.9376,1,fwd,10.0,12.1,5.258,5.4,5.4,0.0,0.0,0.01,37.0,-100.0,-100.0,-100.0,-8.0,0.0,-0.0,32.0,-99.858,-100.0,-100.0,8.0,0.0,-0.0,33.0,-68.4,10.0,-65.358,-152.0,34.0,4.067,42.0,-100.0,-100.0,-100.0,0.0,0.0,-0.0,31.0,9.756,9.756,9.756,0.0,0.0,-0.0,32.0,22.887,23.299,23.299,-16.0,0.0,-0.0,33.0
15.9918,1,fwd,10.0,12.1,5.258,5.4,5.4,0.0,0.0,0.005,37.0,-100.0,-100.0,-100.0,-8.0,0.0,-0.0,32.0,-99.858,-100.0,-100.0,8.0,0.0,-0.0,33.0,-68.133,10.0,-65.091,-152.0,34.0,4.547,42.0,-100.0,-100.0,-100.0,0.0,0.0,-0.0,31.0,9.756,9.756,9.756,0.0,0.0,-0.0,32.0,22.887,23.299,23.299,-16.0,0.0,-0.0,33.0
16.0447,1,fwd,10.0,12.1,5.258,5.4,5.4,0.0,0.0,0.002,37.0,-100.0,-100.0,-100.0,-8.0,0.0,-0.0,32.0,-99.858,-100.0,-100.0,8.0,0.0,-0.0,33.0,-68.0,10.0,-64.824,-152.0,34.0,3.708,42.0,-100.0,-100.0,-100.0,0.0,0.0,-0.0,31.0,9.756,9.756,9.756,0.0,0.0,-0.0,32.0,22.887,23.299,23.299,-16.0,0.0,-0.0,33.0
16.0981,1,fwd,10.0,12.1,5.258,5.4,5.4,0.0,0.0,0.001,37.0,-100.0,-100.0,-100.0,-8.0,0.0,-0.0,32.0,-99.858,-100.0,-100.0,8.0,0.0,-0.0,33.0,-67.733,10.0,-64.553,-152.0,34.0,4.342,42.0,-100.0,-100.0,-100.0,0.0,0.0,-0.0,31.0,9.756,9.756,9.756,0.0,0.0,-0.0,32.0,22.887,23.299,23.299,-16.0,0.0,-0.0,33.0
16.1505,1,fwd,10.0,12.1,5.348,5.4,5.4,0.0,0.0,0.704,37.0,-100.0,-100.0,-100.0,-8.0,0.0,-0.0,32.0,-99.858,-100.0,-100.0,8.0,0.0,-0.0,33.0,-67.467,10.0,-64.285,-152.0,34.0,4.214,42.0,-100.0,-100.0,-100.0,0.0,0.0,-0.0,31.0,9.756,9.756,9.756,0.0,0.0,-0.0,32.0,22.887,23.299,23.299,-16.0,0.0,-0.0,33.0
16.2038,1,fwd,10.0,12.1,5.348,5.4,5.4,0.0,0.0,0.345,37.0,-100.0,-100.0,-100.0,-8.0,0.0,-0.0,32.0,-99.858,-100.0,-100.0,8.0,0.0,-0.0,33.0,-67.333,10.0,-64.017,-152.0,34.0,3.523,42.0,-100.0,-100.0,-100.0,0.0,0.0,-0.0,31.0,9.756,9.756,9.756,0.0,0.0,-0.0,32.0,22.887,23.299,23.299,-16.0,0.0,-0.0,33.0
16.2568,1,fwd,10.0,12.1,5.348,5.4,5.4,0.0,0.0,0.169,37.0,-100.0,-100.0,-100.0,-8.0,0.0,-0.0,32.0,-99.858,-100.0,-100.0,8.0,0.0,-0.0,33.0,-66.933,10.0,-63.748,-152.0,34.0,5.333,42.0,-100.0,-100.0,-100.0,0.0,0.0,-0.0,31.0,9.756,9.756,9.756,0.0,0.0,-0.0,32.0,22.887,23.299,23.299,-16.0,0.0,-0.0,33.0
16.3102,1,fwd,10.0,12.1,5.438,5.4,5.4,0.0,0.0,1.086,37.0,-100.0,-100.0,-100.0,-8.0,0.0,-0.0,32.0,-99.858,-100.0,-100.0,8.0,0.0,-0.0,33.0,-66.8,10.0,-63.481,-152.0,34.0,4.101,42.0,-100.0,-100.0,-100.0,0.0,0.0,-0.0,31.0,9.756,9.756,9.756,0.0,0.0,-0.0,32.0,22.887,23.299,23.299,-16.0,0.0,-0.0,33.0
16.3636,1,fwd,10.0,12.1,5.438,5.4,5.4,0.0,0.0,0.532,37.0,-100.0,-100.0,-100.0,-8.0,0.0,-0.0,32.0,-99.858,-100.0,-100.0,8.0,0.0,-0.0,33.0,-66.533,10.0,-63.211,-152.0,34.0,4.071,42.0,-100.0,-100.0,-100.0,0.0,0.0,-0.0,31.0,9.756,9.756,9.756,0.0,0.0,-0.0,32.0,22.887,23.299,23.299,-16.0,0.0,-0.0,33.0
16.4169,1,fwd,10.0,12.2,5.438,5.4,5.4,0.0,0.0,0.532,37.0,-100.0,-100.0,-100.0,-8.0,0.0,-0.0,32.0,-99.858,-100.0,-100.0,8.0,0.0,-0.0,33.0,-66.533,10.0,-62.914,-172.0,60.0,4.071,42.0,-100.0,-100.0,-100.0,0.0,0.0,-0.0,31.0,9.756,9.756,9.756,0.0,0.0,-0.0,32.0,22.887,23.299,23.299,-16.0,0.0,-0.0,33.0
16.4693,1,fwd,10.0,12.2,5.438,5.4,5.4,0.0,0.0,0.261,37.0,-100.0,-100.0,-100.0,-8.0,0.0,-0.0,32.0,-99.858,-100.0,-100.0,8.0,0.0,-0.0,33.0,-66.0,10.0,-62.634,-172.0,60.0,3.808,42.0,-100.0,-100.0,-100.0,0.0,0.0,-0.0,31.0,9.756,9.756,9.756,0.0,0.0,-0.0,32.0,22.887,23.299,23.299,-16.0,0.0,-0.0,33.0
16.5214,1,fwd,10.0,12.2,5.438,5.4,5.4,0.0,0.0,0.128,37.0,-100.0,-100.0,-100.0,-8.0,0.0,-0.0,32.0,-99.858,-100.0,-100.0,8.0,0.0,-0.0,33.0,-65.733,10.0,-62.492,-172.0,60.0,4.855,42.0,-100.0,-100.0,-100.0,0.0,0.0,-0.0,31.0,9.756,9.756,9.756,0.0,0.0,-0.0,32.0,22.887,23.299,23.299,-16.0,0.0,-0.0,33.0
16.5753,1,fwd,10.0,12.2,5.438,5.4,5.4,0.0,0.0,0.063,37.0,-100.0,-100.0,-100.0,-8.0,0.0,-0.0,32.0,-99.858,-100.0,-100.0,8.0,0.0,-0.0,33.0,-65.467,10.0,-62.224,-172.0,60.0,4.463,42.0,-100.0,-100.0,-100.0,0.0,0.0,-0.0,31.0,9.756,9.756,9.756,0.0,0.0,-0.0,32.0,22.887,23.299,23.299,-16.0,0.0,-0.0,33.0
16.6293,1,fwd,10.0,12.2,5.438,5.4,5.4,0.0,0.0,0.031,37.0,-100.0,-100.0,-100.0,-8.0,0.0,-0.0,32.0,-99.858,-100.0,-100.0,8.0,0.0,-0.0,33.0,-65.2,10.0,-61.945,-172.0,60.0,4.128,42.0,-100.0,-100.0,-100.0,0.0,0.0,-0.0,31.0,9.756,9.756,9.756,0.0,0.0,-0.0,32.0,22.887,23.299,23.299,-16.0,0.0,-0.0,33.0
16.6818,1,fwd,10.0,12.2,5.438,5.4,5.4,0.0,0.0,0.015,37.0,-100.0,-100.0,-100.0,-8.0,0.0,-0.0,32.0,-99.858,-100.0,-100.0,8.0,0.0,-0.0,33.0,-65.067,10.0,-61.675,-172.0,60.0,3.061,42.0,-100.0,-100.0,-100.0,0.0,0.0,-0.0,31.0,9.756,9.756,9.756,0.0,0.0,-0.0,32.0,22.887,23.299,23.299,-16.0,0.0,-0.0,33.0
16.7345,1,fwd,10.0,12.2,5.438,5.4,5.4,0.0,0.0,0.007,37.0,-100.0,-100.0,-100.0,-8.0,0.0,-0.0,32.0,-99.858,-100.0,-100.0,8.0,0.0,-0.0,33.0,-64.667,10.0,-61.405,-172.0,60.0,5.046,42.0,-100.0,-100.0,-100.0,0.0,0.0,-0.0,31.0,9.756,9.756,9.756,0.0,0.0,-0.0,32.0,22.887,23.299,23.299,-16.0,0.0,-0.0,33.0
16.7881,1,fwd,10.0,12.2,5.438,5.4,5.4,0.0,0.0,0.004,37.0,-100.0,-100.0,-100.0,-8.0,0.0,-0.0,32.0,-99.858,-100.0,-100.0,8.0,0.0,-0.0,33.0,-64.533,10.0,-61.137,-172.0,60.0,3.961,42.0,-100.0,-100.0,-100.0,0.0,0.0,-0.0,31.0,9.756,9.756,9.756,0.0,0.0,-0.0,32.0,22.887,23.299,23.299,-16.0,0.0,-0.0,33.0
16.8418,1,fwd,10.0,12.2,5.438,5.4,5.4,0.0,0.0,0.002,37.0,-100.0,-100.0,-100.0,-8.0,0.0,-0.0,32.0,-99.858,-100.0,-100.0,8.0,0.0,-0.0,33.0,-64.4,10.0,-60.868,-172.0,60.0,2.979,42.0,-100.0,-100.0,-100.0,0.0,0.0,-0.0,31.0,9.756,9.756,9.756,0.0,0.0,-0.0,32.0,22.887,23.299,23.299,-16.0,0.0,-0.0,33.0
16.8952,1,fwd,10.0,12.2,5.438,5.4,5.4,0.0,0.0,0.001,37.0,-100.0,-100.0,-100.0,-8.0,0.0,-0.0,32.0,-99.858,-100.0,-100.0,8.0,0.0,-0.0,33.0,-64.133,10.0,-60.6,-172.0,60.0,4.463,42.0,-100.0,-100.0,-100.0,0.0,0.0,-0.0,31.0,9.756,9.756,9.756,0.0,0.0,-0.0,32.0,22.887,23.299,23.299,-16.0,0.0,-0.0,33.0
16.9491,1,fwd,10.0,12.2,5.438,5.4,5.4,0.0,0.0,0.0,37.0,-100.0,-100.0,-100.0,-8.0,0.0,-0.0,32.0,-99.858,-100.0,-100.0,8.0,0.0,-0.0,33.0,-63.733,10.0,-60.331,-172.0,60.0,5.733,42.0,-100.0,-100.0,-100.0,0.0,0.0,-0.0,31.0,9.756,9.756,9.756,0.0,0.0,-0.0,32.0,22.887,23.299,23.299,-16.0,0.0,-0.0,33.0
17.0035,1,fwd,10.0,11.9,5.438,5.4,5.4,0.0,0.0,0.0,37.0,-100.0,-100.0,-100.0,-8.0,0.0,-0.0,32.0,-99.858,-100.0,-100.0,8.0,0.0,-0.0,33.0,-63.6,10.0,-60.028,-192.0,64.0,4.675,42.0,-100.0,-100.0,-100.0,0.0,0.0,-0.0,31.0,9.756,9.756,9.756,0.0,0.0,-0.0,32.0,22.887,23.299,23.299,-16.0,0.0,-0.0,33.0
17.0553,1,fwd,10.0,11.9,5.438,5.4,5.4,0.0,0.0,0.0,37.0,-100.0,-100.0,-100.0,-8.0,0.0,-0.0,32.0,-99.858,-100.0,-100.0,8.0,0.0,-0.0,33.0,-63.333,10.0,-59.761,-192.0,64.0,4.838,42.0,-100.0,-100.0,-100.0,0.0,0.0,-0.0,31.0,9.756,9.756,9.756,0.0,0.0,-0.0,32.0,22.887,23.299,23.299,-16.0,0.0,-0.0,33.0
17.1076,1,fwd,10.0,11.9,5.438,5.4,5.4,0.0,0.0,0.0,37.0,-100.0,-100.0,-100.0,-8.0,0.0,-0.0,32.0,-99.858,-100.0,-100.0,8.0,0.0,-0.0,33.0,-62.8,10.0,-59.493,-192.0,64.0,7.436,42.0,-100.0,-100.0,-100.0,0.0,0.0,-0.0,31.0,9.756,9.756,9.756,0.0,0.0,-0.0,32.0,22.887,23.299,23.299,-16.0,0.0,-0.0,33.0
17.1609,1,fwd,10.0,11.9,5.438,5.4,5.4,0.0,0.0,0.0,37.0,-100.0,-100.0,-100.0,-8.0,0.0,-0.0,32.0,-99.858,-100.0,-100.0,8.0,0.0,-0.0,33.0,-62.667,10.0,-59.225,-192.0,64.0,5.12,42.0,-100.0,-100.0,-100.0,0.0,0.0,-0.0,31.0,9.756,9.756,9.756,0.0,0.0,-0.0,32.0,22.887,23.299,23.299,-16.0,0.0,-0.0,33.0
17.2135,1,fwd,10.0,11.9,5.438,5.4,5.4,0.0,0.0,0.0,37.0,-100.0,-100.0,-100.0,-8.0,0.0,-0.0,32.0,-99.858,-100.0,-100.0,8.0,0.0,-0.0,33.0,-62.267,10.0,-58.954,-192.0,64.0,6.076,42.0,-100.0,-100.0,-100.0,0.0,0.0,-0.0,31.0,9.756,9.756,9.756,0.0,0.0,-0.0,32.0,22.887,23.299,23.299,-16.0,0.0,-0.0,33.0
17.2668,1,fwd,10.0,11.9,5.438,5.4,5.4,0.0,0.0,0.0,37.0,-100.0,-100.0,-100.0,-8.0,0.0,-0.0,32.0,-99.858,-100.0,-100.0,8.0,0.0,-0.0,33.0,-62.133,10.0,-58.687,-192.0,64.0,4.481,42.0,-100.0,-100.0,-100.0,0.0,0.0,-0.0,31.0,9.756,9.756,9.756,0.0,0.0,-0.0,32.0,22.887,23.299,23.299,-16.0,0.0,-0.0,33.0
17.3201,1,fwd,10.0,11.9,5.438,5.4,5.4,0.0,0.0,0.0,37.0,-100.0,-100.0,-100.0,-8.0,0.0,-0.0,32.0,-99.858,-100.0,-100.0,8.0,0.0,-0.0,33.0,-62.0,10.0,-58.421,-192.0,64.0,3.246,42.0,-100.0,-100.0,-100.0,0.0,0.0,-0.0,31.0,9.756,9.756,9.756,0.0,0.0,-0.0,32.0,22.887,23.299,23.299,-16.0,0.0,-0.0,33.0
17.3733,1,fwd,10.0,11.9,5.438,5.4,5.4,0.0,0.0,0.0,37.0,-100.0,-100.0,-100.0,-8.0,0.0,-0.0,32.0,-99.858,-100.0,-100.0,8.0,0.0,-0.0,33.0,-61.6,10.0,-58.151,-192.0,64.0,5.142,42.0,-100.0,-100.0,-100.0,0.0,0.0,-0.0,31.0,9.756,9.756,9.756,0.0,0.0,-0.0,32.0,22.887,23.299,23.299,-16.0,0.0,-0.0,33.0
17.4271,1,fwd,10.0,11.9,5.438,5.4,5.4,0.0,0.0,0.0,37.0,-100.0,-100.0,-100.0,-8.0,0.0,-0.0,32.0,-99.858,-100.0,-100.0,8.0,0.0,-0.0,33.0,-61.6,10.0,-57.88,-192.0,64.0,2.52,42.0,-100.0,-100.0,-100.0,0.0,0.0,-0.0,31.0,9.756,9.756,9.756,0.0,0.0,-0.0,32.0,22.887,23.299,23.299,-16.0,0.0,-0.0,33.0
17.4795,1,fwd,10.0,11.9,5.438,5.4,5.4,0.0,0.0,0.0,37.0,-100.0,-100.0,-100.0,-8.0,0.0,-0.0,32.0,-99.858,-100.0,-100.0,8.0,0.0,-0.0,33.0,-61.2,10.0,-57.612,-192.0,64.0,4.828,42.0,-100.0,-100.0,-100.0,0.0,0.0,-0.0,31.0,9.756,9.756,9.756,0.0,0.0,-0.0,32.0,22.887,23.299,23.299,-16.0,0.0,-0.0,33.0
17.5328,1,fwd,10.0,11.9,5.438,5.4,5.4,0.0,0.0,0.0,37.0,-100.0,-100.0,-100.0,-8.0,0.0,-0.0,32.0,-99.858,-100.0,-100.0,8.0,0.0,-0.0,33.0,-61.2,10.0,-57.479,-192.0,64.0,3.38,42.0,-100.0,-100.0,-100.0,0.0,0.0,-0.0,31.0,9.756,9.756,9.756,0.0,0.0,-0.0,32.0,22.887,23.299,23.299,-16.0,0.0,-0.0,33.0
17.5862,1,fwd,10.0,11.9,5.438,5.4,5.4,0.0,0.0,0.0,37.0,-100.0,-100.0,-100.0,-8.0,0.0,-0.0,32.0,-99.858,-100.0,-100.0,8.0,0.0,-0.0,33.0,-60.8,10.0,-57.048,-208.0,57.0,4.383,42.0,-100.0,-100.0,-100.0,-8.0,0.0,-0.0,32.0,9.756,9.756,9.756,0.0,0.0,-0.0,32.0,22.887,23.299,23.299,-16.0,0.0,-0.0,33.0
17.6401,1,fwd,10.0,11.9,5.438,5.4,5.4,0.0,0.0,0.0,37.0,-100.0,-100.0,-100.0,-8.0,0.0,-0.0,32.0,-99.858,-100.0,-100.0,8.0,0.0,-0.0,33.0,-60.667,10.0,-56.77,-208.0,57.0,3.619,42.0,-100.0,-100.0,-100.0,-8.0,0.0,-0.0,32.0,9.756,9.756,9.756,0.0,0.0,-0.0,32.0,22.887,23.299,23.299,-16.0,0.0,-0.0,33.0
17.6943,1,fwd,10.0,11.9,5.438,5.4,5.4,0.0,0.0,0.0,37.0,-100.0,-100.0,-100.0,-8.0,0.0,-0.0,32.0,-99.858,-100.0,-100.0,8.0,0.0,-0.0,33.0,-60.4,10.0,-56.62,-208.0,57.0,3.629,42.0,-100.0,-100.0,-100.0,-8.0,0.0,-0.0,32.0,9.756,9.756,9.756,0.0,0.0,-0.0,32.0,22.887,23.299,23.299,-16.0,0.0,-0.0,33.0
17.748,1,fwd,10.0,11.9,5.528,5.4,5.4,0.0,0.0,1.011,37.0,-100.0,-100.0,-100.0,-8.0,0.0,-0.0,32.0,-99.858,-100.0,-100.0,8.0,0.0,-0.0,33.0,-59.733,10.0,-56.348,-208.0,57.0,8.782,42.0,-100.0,-100.0,-100.0,-8.0,0.0,-0.0,32.0,9.756,9.756,9.756,0.0,0.0,-0.0,32.0,22.887,23.299,23.299,-16.0,0.0,-0.0,33.0
17.802,1,fwd,10.0,11.9,5.528,5.4,5.4,0.0,0.0,0.495,37.0,-100.0,-100.0,-100.0,-8.0,0.0,-0.0,32.0,-99.858,-100.0,-100.0,8.0,0.0,-0.0,33.0,-59.6,10.0,-56.08,-208.0,57.0,5.345,42.0,-100.0,-100.0,-100.0,-8.0,0.0,-0.0,32.0,9.756,9.756,9.756,0.0,0.0,-0.0,32.0,22.887,23.299,23.299,-16.0,0.0,-0.0,33.0
17.8551,1,fwd,10.0,11.9,5.528,5.4,5.4,0.0,0.0,0.243,37.0,-100.0,-100.0,-100.0,-8.0,0.0,-0.0,32.0,-99.858,-100.0,-100.0,8.0,0.0,-0.0,33.0,-59.333,10.0,-55.809,-208.0,57.0,5.615,42.0,-100.0,-100.0,-100.0,-8.0,0.0,-0.0,32.0,9.756,9.756,9.756,0.0,0.0,-0.0,32.0,22.887,23.299,23.299,-16.0,0.0,-0.0,33.0
17.9074,1,fwd,10.0,11.9,5.528,5.4,5.4,0.0,0.0,0.119,37.0,-100.0,-100.0,-100.0,-8.0,0.0,-0.0,32.0,-99.858,-100.0,-100.0,8.0,0.0,-0.0,33.0,-59.067,10.0,-55.543,-208.0,57.0,4.861,42.0,-100.0,-100.0,-100.0,-8.0,0.0,-0.0,32.0,9.756,9.756,9.756,0.0,0.0,-0.0,32.0,22.887,23.299,23.299,-16.0,0.0,-0.0,33.0
17.9612,1,fwd,10.0,11.9,5.528,5.4,5.4,0.0,0.0,0.058,37.0,-100.0,-100.0,-100.0,-8.0,0.0,-0.0,32.0,-99.858,-100.0,-100.0,8.0,0.0,-0.0,33.0,-59.067,10.0,-55.274,-208.0,57.0,2.382,42.0,-100.0,-100.0,-100.0,-8.0,0.0,-0.0,32.0,9.756,9.756,9.756,0.0,0.0,-0.0,32.0,22.887,23.299,23.299,-16.0,0.0,-0.0,33.0
18.016,1,fwd,10.0,11.9,5.528,5.4,5.4,0.0,0.0,0.029,37.0,-100.0,-100.0,-100.0,-8.0,0.0,-0.0,32.0,-99.858,-100.0,-100.0,8.0,0.0,-0.0,33.0,-58.667,10.0,-55.006,-208.0,57.0,5.642,42.0,-100.0,-100.0,-100.0,-8.0,0.0,-0.0,32.0,9.756,9.756,9.756,0.0,0.0,-0.0,32.0,22.887,23.299,23.299,-16.0,0.0,-0.0,33.0
18.0685,1,fwd,10.0,11.9,5.528,5.4,5.4,0.0,0.0,0.014,37.0,-100.0,-100.0,-100.0,-8.0,0.0,-0.0,32.0,-99.858,-100.0,-100.0,8.0,0.0,-0.0,33.0,-58.533,10.0,-54.738,-208.0,57.0,3.811,42.0,-100.0,-100.0,-100.0,-8.0,0.0,-0.0,32.0,9.756,9.756,9.756,0.0,0.0,-0.0,32.0,22.887,23.299,23.299,-16.0,0.0,-0.0,33.0
18.1203,1,fwd,10.0,12.1,5.528,5.4,5.4,8.0,0.0,0.01,37.0,-100.0,-100.0,-100.0,-8.0,0.0,-0.0,32.0,-99.858,-100.0,-100.0,8.0,0.0,-0.0,33.0,-58.533,10.0,-54.605,-212.0,87.0,2.668,42.0,-100.0,-100.0,-100.0,-8.0,0.0,-0.0,31.0,9.756,9.756,9.756,0.0,0.0,-0.0,32.0,22.887,23.299,23.299,-16.0,0.0,-0.0,33.0
18.1725,1,fwd,10.0,12.1,5.528,5.4,5.4,8.0,0.0,0.005,37.0,-100.0,-100.0,-100.0,-8.0,0.0,-0.0,32.0,-99.858,-100.0,-100.0,8.0,0.0,-0.0,33.0,-58.133,10.0,-54.186,-212.0,87.0,2.776,42.0,-100.0,-100.0,-100.0,-8.0,0.0,-0.0,31.0,9.756,9.756,9.756,0.0,0.0,-0.0,32.0,22.887,23.299,23.299,-16.0,0.0,-0.0,33.0
18.2263,1,fwd,10.0,12.1,5.528,5.4,5.4,8.0,0.0,0.002,37.0,-100.0,-100.0,-100.0,-8.0,0.0,-0.0,32.0,-99.858,-100.0,-100.0,8.0,0.0,-0.0,33.0,-58.0,10.0,-53.916,-212.0,87.0,2.402,42.0,-100.0,-100.0,-100.0,-8.0,0.0,-0.0,31.0,9.756,9.756,9.756,0.0,0.0,-0.0,32.0,22.887,23.299,23.299,-16.0,0.0,-0.0,33.0
18.2785,1,fwd,10.0,12.1,5.528,5.4,5.4,8.0,0.0,0.001,37.0,-100.0,-100.0,-100.0,-8.0,0.0,-0.0,32.0,-99.858,-100.0,-100.0,8.0,0.0,-0.0,33.0,-57.467,10.0,-53.647,-212.0,87.0,5.835,42.0,-100.0,-100.0,-100.0,-8.0,0.0,-0.0,31.0,9.756,9.756,9.756,0.0,0.0,-0.0,32.0,22.887,23.299,23.299,-16.0,0.0,-0.0,33.0
18.3318,1,fwd,10.0,12.1,5.528,5.4,5.4,8.0,0.0,0.001,37.0,-100.0,-100.0,-100.0,-8.0,0.0,-0.0,32.0,-99.858,-100.0,-100.0,8.0,0.0,-0.0,33.0,-57.467,10.0,-53.38,-212.0,87.0,2.859,42.0,-100.0,-100.0,-100.0,-8.0,0.0,-0.0,31.0,9.756,9.756,9.756,0.0,0.0,-0.0,32.0,22.887,23.299,23.299,-16.0,0.0,-0.0,33.0
18.3846,1,fwd,10.0,12.1,5.528,5.4,5.4,8.0,0.0,0.0,37.0,-100.0,-100.0,-100.0,-8.0,0.0,-0.0,32.0,-99.858,-100.0,-100.0,8.0,0.0,-0.0,33.0,-56.8,10.0,-53.114,-212.0,87.0,8.009,42.0,-100.0,-100.0,-100.0,-8.0,0.0,-0.0,31.0,9.756,9.756,9.756,0.0,0.0,-0.0,32.0,22.887,23.299,23.299,-16.0,0.0,-0.0,33.0
18.4376,1,fwd,10.0,12.1,5.528,5.4,5.4,8.0,0.0,0.0,37.0,-100.0,-100.0,-100.0,-8.0,0.0,-0.0,32.0,-99.858,-100.0,-100.0,8.0,0.0,-0.0,33.0,-56.667,10.0,-52.847,-212.0,87.0,4.973,42.0,-100.0,-100.0,-100.0,-8.0,0.0,-0.0,31.0,9.756,9.756,9.756,0.0,0.0,-0.0,32.0,22.887,23.299,23.299,-16.0,0.0,-0.0,33.0
18.491,1,fwd,10.0,12.1,5.528,5.4,5.4,8.0,0.0,0.0,37.0,-100.0,-100.0,-100.0,-8.0,0.0,-0.0,32.0,-99.858,-100.0,-100.0,8.0,0.0,-0.0,33.0,-56.133,10.0,-52.578,-212.0,87.0,7.51,42.0,-100.0,-100.0,-100.0,-8.0,0.0,-0.0,31.0,9.756,9.756,9.756,0.0,0.0,-0.0,32.0,22.887,23.299,23.299,-16.0,0.0,-0.0,33.0
18.5435,1,fwd,10.0,12.1,5.528,5.4,5.4,8.0,0.0,0.0,37.0,-100.0,-100.0,-100.0,-8.0,0.0,-0.0,32.0,-99.858,-100.0,-100.0,8.0,0.0,-0.0,33.0,-56.0,10.0,-52.31,-212.0,87.0,5.152,42.0,-100.0,-100.0,-100.0,-8.0,0.0,-0.0,31.0,9.756,9.756,9.756,0.0,0.0,-0.0,32.0,22.887,23.299,23.299,-16.0,0.0,-0.0,33.0
18.5968,1,fwd,10.0,12.1,5.528,5.4,5.4,8.0,0.0,0.0,37.0,-100.0,-100.0,-100.0,-8.0,0.0,-0.0,32.0,-99.858,-100.0,-100.0,8.0,0.0,-0.0,33.0,-55.867,10.0,-52.041,-212.0,87.0,4.03,42.0,-100.0,-100.0,-100.0,-8.0,0.0,-0.0,31.0,9.756,9.756,9.756,0.0,0.0,-0.0,32.0,22.887,23.299,23.299,-16.0,0.0,-0.0,33.0
18.6497,1,fwd,10.0,12.1,5.528,5.4,5.4,8.0,0.0,0.0,37.0,-100.0,-100.0,-100.0,-8.0,0.0,-0.0,32.0,-99.858,-100.0,-100.0,8.0,0.0,-0.0,33.0,-55.867,10.0,-51.772,-212.0,87.0,1.975,42.0,-100.0,-100.0,-100.0,-8.0,0.0,-0.0,31.0,9.756,9.756,9.756,0.0,0.0,-0.0,32.0,22.887,23.299,23.299,-16.0,0.0,-0.0,33.0
18.7029,1,fwd,10.0,12.2,5.528,5.4,5.4,8.0,0.0,0.0,37.0,-100.0,-100.0,-100.0,0.0,0.0,-0.0,32.0,-99.858,-100.0,-100.0,8.0,0.0,-0.0,33.0,-55.867,10.0,-51.485,-224.0,87.0,1.975,42.0,-100.0,-100.0,-100.0,-8.0,0.0,-0.0,31.0,9.756,9.756,9.756,0.0,0.0,-0.0,32.0,22.887,23.299,23.299,-16.0,0.0,-0.0,33.0
18.7563,1,fwd,10.0,12.2,5.528,5.4,5.4,8.0,0.0,0.0,37.0,-100.0,-100.0,-100.0,0.0,0.0,-0.0,32.0,-99.858,-100.0,-100.0,8.0,0.0,-0.0,33.0,-55.333,10.0,-51.202,-224.0,87.0,3.852,42.0,-100.0,-100.0,-100.0,-8.0,0.0,-0.0,31.0,9.756,9.756,9.756,0.0,0.0,-0.0,32.0,22.887,23.299,23.299,-16.0,0.0,-0.0,33.0
18.8099,1,fwd,10.0,12.2,5.528,5.4,5.4,8.0,0.0,0.0,37.0,-100.0,-100.0,-100.0,0.0,0.0,-0.0,32.0,-99.858,-100.0,-100.0,8.0,0.0,-0.0,33.0,-55.333,10.0,-50.922,-224.0,87.0,1.887,42.0,-100.0,-100.0,-100.0,-8.0,0.0,-0.0,31.0,9.756,9.756,9.756,0.0,0.0,-0.0,32.0,22.887,23.299,23.299,-16.0,0.0,-0.0,33.0
18.8632,1,fwd,10.0,12.2,5.528,5.4,5.4,8.0,0.0,0.0,37.0,-100.0,-100.0,-100.0,0.0,0.0,-0.0,32.0,-99.858,-100.0,-100.0,8.0,0.0,-0.0,33.0,-54.8,10.0,-50.774,-224.0,87.0,5.838,42.0,-100.0,-100.0,-100.0,-8.0,0.0,-0.0,31.0,9.756,9.756,9.756,0.0,0.0,-0.0,32.0,22.887,23.299,23.299,-16.0,0.0,-0.0,33.0
18.9158,1,fwd,10.0,12.2,5.528,5.4,5.4,8.0,0.0,0.0,37.0,-100.0,-100.0,-100.0,0.0,0.0,-0.0,32.0,-99.858,-100.0,-100.0,8.0,0.0,-0.0,33.0,-54.533,10.0,-50.507,-224.0,87.0,5.399,42.0,-100.0,-100.0,-100.0,-8.0,0.0,-0.0,31.0,9.756,9.756,9.756,0.0,0.0,-0.0,32.0,22.887,23.299,23.299,-16.0,0.0,-0.0,33.0
18.9688,1,fwd,10.0,12.2,5.528,5.4,5.4,8.0,0.0,0.0,37.0,-100.0,-100.0,-100.0,0.0,0.0,-0.0,32.0,-99.858,-100.0,-100.0,8.0,0.0,-0.0,33.0,-54.4,10.0,-50.24,-224.0,87.0,4.127,42.0,-100.0,-100.0,-100.0,-8.0,0.0,-0.0,31.0,9.756,9.756,9.756,0.0,0.0,-0.0,32.0,22.887,23.299,23.299,-16.0,0.0,-0.0,33.0
19.0223,1,fwd,10.0,12.2,5.528,5.4,5.4,8.0,0.0,0.0,37.0,-100.0,-100.0,-100.0,0.0,0.0,-0.0,32.0,-99.858,-100.0,-100.0,8.0,0.0,-0.0,33.0,-53.867,10.0,-49.972,-224.0,87.0,6.653,42.0,-100.0,-100.0,-100.0,-8.0,0.0,-0.0,31.0,9.756,9.756,9.756,0.0,0.0,-0.0,32.0,22.887,23.299,23.299,-16.0,0.0,-0.0,33.0
19.0742,1,fwd,10.0,12.2,5.528,5.4,5.4,8.0,0.0,0.0,37.0,-100.0,-100.0,-100.0,0.0,0.0,-0.0,32.0,-99.858,-100.0,-100.0,8.0,0.0,-0.0,33.0,-53.733,10.0,-49.702,-224.0,87.0,4.767,42.0,-100.0,-100.0,-100.0,-8.0,0.0,-0.0,31.0,9.756,9.756,9.756,0.0,0.0,-0.0,32.0,22.887,23.299,23.299,-16.0,0.0,-0.0,33.0
19.1263,1,fwd,10.0,12.2,5.528,5.4,5.4,8.0,0.0,0.0,37.0,-100.0,-100.0,-100.0,0.0,0.0,-0.0,32.0,-99.858,-100.0,-100.0,8.0,0.0,-0.0,33.0,-53.333,10.0,-49.436,-224.0,87.0,5.939,42.0,-100.0,-100.0,-100.0,-8.0,0.0,-0.0,31.0,9.756,9.756,9.756,0.0,0.0,-0.0,32.0,22.887,23.299,23.299,-16.0,0.0,-0.0,33.0
19.1783,1,fwd,10.0,12.2,5.528,5.4,5.4,8.0,0.0,0.0,37.0,-100.0,-100.0,-100.0,0.0,0.0,-0.0,32.0,-99.858,-100.0,-100.0,8.0,0.0,-0.0,33.0,-53.067,10.0,-49.169,-224.0,87.0,5.013,42.0,-100.0,-100.0,-100.0,-8.0,0.0,-0.0,31.0,9.756,9.756,9.756,0.0,0.0,-0.0,32.0,22.887,23.299,23.299,-16.0,0.0,-0.0,33.0
19.2317,1,fwd,10.0,12.2,5.528,5.4,5.4,8.0,0.0,0.0,37.0,-100.0,-100.0,-100.0,0.0,0.0,-0.0,32.0,-99.858,-100.0,-100.0,8.0,0.0,-0.0,33.0,-52.933,10.0,-48.901,-224.0,87.0,3.953,42.0,-100.0,-100.0,-100.0,-8.0,0.0,-0.0,31.0,9.756,9.756,9.756,0.0,0.0,-0.0,32.0,22.887,23.299,23.299,-16.0,0.0,-0.0,33.0
19.2851,1,fwd,10.0,11.9,5.528,5.4,5.4,8.0,0.0,0.0,37.0,-100.0,-100.0,-100.0,0.0,0.0,-0.0,32.0,-99.858,-100.0,-100.0,8.0,0.0,-0.0,33.0,-52.8,10.0,-48.603,-232.0,83.0,3.432,42.0,-100.0,-100.0,-100.0,-8.0,0.0,-0.0,31.0,9.756,9.756,9.756,0.0,0.0,-0.0,32.0,22.887,23.299,23.299,-16.0,0.0,-0.0,33.0
19.3382,1,fwd,10.0,11.9,5.528,5.4,5.4,8.0,0.0,0.0,37.0,-100.0,-100.0,-100.0,0.0,0.0,-0.0,32.0,-99.858,-100.0,-100.0,8.0,0.0,-0.0,33.0,-52.8,10.0,-48.333,-232.0,83.0,1.682,42.0,-100.0,-100.0,-100.0,-8.0,0.0,-0.0,31.0,9.756,9.756,9.756,0.0,0.0,-0.0,32.0,22.887,23.299,23.299,-16.0,0.0,-0.0,33.0
19.3916,1,fwd,10.0,11.9,5.528,5.4,5.4,8.0,0.0,0.0,37.0,-100.0,-100.0,-100.0,0.0,0.0,-0.0,32.0,-99.858,-100.0,-100.0,8.0,0.0,-0.0,33.0,-52.267,10.0,-48.067,-232.0,83.0,6.418,42.0,-100.0,-100.0,-100.0,-8.0,0.0,-0.0,31.0,9.756,9.756,9.756,0.0,0.0,-0.0,32.0,22.887,23.299,23.299,-16.0,0.0,-0.0,33.0
19.4452,1,fwd,10.0,11.9,5.528,5.4,5.4,8.0,0.0,0.0,37.0,-100.0,-100.0,-100.0,0.0,0.0,-0.0,32.0,-99.858,-100.0,-100.0,8.0,0.0,-0.0,33.0,-52.133,10.0,-47.8,-232.0,83.0,4.178,42.0,-100.0,-100.0,-100.0,-8.0,0.0,-0.0,31.0,9.756,9.756,9.756,0.0,0.0,-0.0,32.0,22.887,23.299,23.299,-16.0,0.0,-0.0,33.0
19.4976,1,fwd,10.0,11.9,5.528,5.4,5.4,8.0,0.0,0.0,37.0,-100.0,-100.0,-100.0,0.0,0.0,-0.0,32.0,-99.858,-100.0,-100.0,8.0,0.0,-0.0,33.0,-52.133,10.0,-47.532,-232.0,83.0,2.047,42.0,-100.0,-100.0,-100.0,-8.0,0.0,-0.0,31.0,9.756,9.756,9.756,0.0,0.0,-0.0,32.0,22.887,23.299,23.299,-16.0,0.0,-0.0,33.0
19.5509,1,fwd,10.0,11.9,5.528,5.4,5.4,8.0,0.0,0.0,37.0,-100.0,-100.0,-100.0,0.0,0.0,-0.0,32.0,-99.858,-100.0,-100.0,8.0,0.0,-0.0,33.0,-51.467,10.0,-47.262,-232.0,83.0,8.002,42.0,-100.0,-100.0,-100.0,-8.0,0.0,-0.0,31.0,9.756,9.756,9.756,0.0,0.0,-0.0,32.0,22.887,23.299,23.299,-16.0,0.0,-0.0,33.0
19.6041,1,fwd,10.0,11.9,5.528,5.4,5.4,8.0,0.0,0.0,37.0,-100.0,-100.0,-100.0,0.0,0.0,-0.0,32.0,-99.858,-100.0,-100.0,8.0,0.0,-0.0,33.0,-51.333,10.0,-46.991,-232.0,83.0,4.957,42.0,-100.0,-100.0,-100.0,-8.0,0.0,-0.0,31.0,9.756,9.756,9.756,0.0,0.0,-0.0,32.0,22.887,23.299,23.299,-16.0,0.0,-0.0,33.0
19.6575,1,fwd,10.0,11.9,5.528,5.4,5.4,8.0,0.0,0.0,37.0,-100.0,-100.0,-100.0,0.0,0.0,-0.0,32.0,-99.858,-100.0,-100.0,8.0,0.0,-0.0,33.0,-51.333,10.0,-46.725,-232.0,83.0,2.429,42.0,-100.0,-100.0,-100.0,-8.0,0.0,-0.0,31.0,9.756,9.756,9.756,0.0,0.0,-0.0,32.0,22.887,23.299,23.299,-16.0,0.0,-0.0,33.0
19.7107,1,fwd,10.0,11.9,5.528,5.4,5.4,8.0,0.0,0.0,37.0,-100.0,-100.0,-100.0,0.0,0.0,-0.0,32.0,-99.858,-100.0,-100.0,8.0,0.0,-0.0,33.0,-50.533,10.0,-46.453,-232.0,83.0,9.155,42.0,-100.0,-100.0,-100.0,-8.0,0.0,-0.0,31.0,9.756,9.756,9.756,0.0,0.0,-0.0,32.0,22.887,23.299,23.299,-16.0,0.0,-0.0,33.0
19.764,1,fwd,10.0,11.9,5.528,5.4,5.4,8.0,0.0,0.0,37.0,-100.0,-100.0,-100.0,0.0,0.0,-0.0,32.0,-99.858,-100.0,-100.0,8.0,0.0,-0.0,33.0,-50.533,10.0,-46.181,-232.0,83.0,6.408,42.0,-100.0,-100.0,-100.0,-8.0,0.0,-0.0,31.0,9.756,9.756,9.756,0.0,0.0,-0.0,32.0,22.887,23.299,23.299,-16.0,0.0,-0.0,33.0
19.8164,1,fwd,10.0,11.9,5.528,5.4,5.4,8.0,0.0,0.0,37.0,-100.0,-100.0,-100.0,0.0,0.0,-0.0,32.0,-99.858,-100.0,-100.0,8.0,0.0,-0.0,33.0,-50.4,10.0,-46.029,-232.0,83.0,4.603,42.0,-100.0,-100.0,-100.0,-8.0,0.0,-0.0,31.0,9.756,9.756,9.756,0.0,0.0,-0.0,32.0,22.887,23.299,23.299,-16.0,0.0,-0.0,33.0
19.8699,1,fwd,10.0,11.9,5.528,5.4,5.4,8.0,0.0,0.0,37.0,-100.0,-100.0,-100.0,0.0,0.0,-0.0,32.0,-99.858,-100.0,-100.0,8.0,0.0,-0.0,33.0,-49.867,10.0,-45.741,-232.0,71.0,6.012,43.0,-100.0,-100.0,-100.0,-8.0,0.0,-0.0,32.0,9.756,9.756,9.756,0.0,0.0,-0.0,32.0,22.887,23.299,23.299,-16.0,0.0,-0.0,33.0
19.9229,1,fwd,10.0,11.9,5.528,5.4,5.4,8.0,0.0,0.0,37.0,-100.0,-100.0,-100.0,0.0,0.0,-0.0,32.0,-99.858,-100.0,-100.0,8.0,0.0,-0.0,33.0,-49.867,10.0,-45.473,-232.0,71.0,2.946,43.0,-100.0,-100.0,-100.0,-8.0,0.0,-0.0,32.0,9.756,9.756,9.756,0.0,0.0,-0.0,32.0,22.887,23.299,23.299,-16.0,0.0,-0.0,33.0
19.9752,1,fwd,10.0,11.9,5.528,5.4,5.4,8.0,0.0,0.0,37.0,-100.0,-100.0,-100.0,0.0,0.0,-0.0,32.0,-99.858,-100.0,-100.0,8.0,0.0,-0.0,33.0,-49.733,10.0,-45.204,-232.0,71.0,2.945,43.0,-100.0,-100.0,-100.0,-8.0,0.0,-0.0,32.0,9.756,9.756,9.756,0.0,0.0,-0.0,32.0,22.887,23.299,23.299,-16.0,0.0,-0.0,33.0
20.0287,1,fwd,10.0,11.9,5.528,5.4,5.4,8.0,0.0,0.0,37.0,-100.0,-100.0,-100.0,0.0,0.0,-0.0,32.0,-99.858,-100.0,-100.0,8.0,0.0,-0.0,33.0,-49.2,10.0,-44.939,-232.0,71.0,6.124,43.0,-100.0,-100.0,-100.0,-8.0,0.0,-0.0,32.0,9.756,9.756,9.756,0.0,0.0,-0.0,32.0,22.887,23.299,23.299,-16.0,0.0,-0.0,33.0
20.0822,1,fwd,10.0,11.9,5.528,5.4,5.4,8.0,0.0,0.0,37.0,-100.0,-100.0,-100.0,0.0,0.0,-0.0,32.0,-99.858,-100.0,-100.0,8.0,0.0,-0.0,33.0,-49.2,10.0,-44.671,-232.0,71.0,3.001,43.0,-100.0,-100.0,-100.0,-8.0,0.0,-0.0,32.0,9.756,9.756,9.756,0.0,0.0,-0.0,32.0,22.887,23.299,23.299,-16.0,0.0,-0.0,33.0
20.136,1,fwd,10.0,11.9,5.528,5.4,5.4,8.0,0.0,0.0,37.0,-100.0,-100.0,-100.0,0.0,0.0,-0.0,32.0,-99.858,-100.0,-100.0,8.0,0.0,-0.0,33.0,-49.067,10.0,-44.399,-232.0,71.0,2.938,43.0,-100.0,-100.0,-100.0,-8.0,0.0,-0.0,32.0,9.756,9.756,9.756,0.0,0.0,-0.0,32.0,22.887,23.299,23.299,-16.0,0.0,-0.0,33.0
20.1885,1,fwd,10.0,11.9,5.528,5.4,5.4,8.0,0.0,0.0,37.0,-100.0,-100.0,-100.0,0.0,0.0,-0.0,32.0,-99.858,-100.0,-100.0,8.0,0.0,-0.0,33.0,-48.8,10.0,-44.131,-232.0,71.0,4.435,43.0,-100.0,-100.0,-100.0,-8.0,0.0,-0.0,32.0,9.756,9.756,9.756,0.0,0.0,-0.0,32.0,22.887,23.299,23.299,-16.0,0.0,-0.0,33.0
20.2411,1,fwd,10.0,11.9,5.528,5.4,5.4,8.0,0.0,0.0,37.0,-100.0,-100.0,-100.0,0.0,0.0,-0.0,32.0,-99.858,-100.0,-100.0,8.0,0.0,-0.0,33.0,-48.267,10.0,-43.864,-232.0,71.0,6.818,43.0,-100.0,-100.0,-100.0,-8.0,0.0,-0.0,32.0,9.756,9.756,9.756,0.0,0.0,-0.0,32.0,22.887,23.299,23.299,-16.0,0.0,-0.0,33.0
20.294,1,fwd,10.0,11.9,5.528,5.4,5.4,8.0,0.0,0.0,37.0,-100.0,-100.0,-100.0,0.0,0.0,-0.0,32.0,-99.858,-100.0,-100.0,8.0,0.0,-0.0,33.0,-48.267,10.0,-43.597,-232.0,71.0,3.341,43.0,-100.0,-100.0,-100.0,-8.0,0.0,-0.0,32.0,9.756,9.756,9.756,0.0,0.0,-0.0,32.0,22.887,23.299,23.299,-16.0,0.0,-0.0,33.0
20.3466,1,fwd,10.0,11.9,5.528,5.4,5.4,8.0,0.0,0.0,37.0,-100.0,-100.0,-100.0,0.0,0.0,-0.0,32.0,-99.858,-100.0,-100.0,8.0,0.0,-0.0,33.0,-47.867,10.0,-43.33,-232.0,71.0,6.055,43.0,-100.0,-100.0,-100.0,-8.0,0.0,-0.0,32.0,9.756,9.756,9.756,0.0,0.0,-0.0,32.0,22.887,23.299,23.299,-16.0,0.0,-0.0,33.0
20.4006,1,fwd,10.0,11.9,5.528,5.4,5.4,8.0,0.0,0.0,37.0,-100.0,-100.0,-100.0,0.0,0.0,-0.0,32.0,-99.858,-100.0,-100.0,8.0,0.0,-0.0,33.0,-47.467,10.0,-43.195,-248.0,104.0,8.756,42.0,-100.0,-100.0,-100.0,-8.0,0.0,-0.0,31.0,9.756,9.756,9.756,0.0,0.0,-0.0,32.0,22.887,23.299,23.299,-16.0,0.0,-0.0,33.0
20.4537,1,fwd,10.0,11.9,5.528,5.4,5.4,8.0,0.0,0.0,37.0,-100.0,-100.0,-100.0,0.0,0.0,-0.0,32.0,-99.858,-100.0,-100.0,8.0,0.0,-0.0,33.0,-47.067,10.0,-42.773,-248.0,104.0,7.716,42.0,-100.0,-100.0,-100.0,-8.0,0.0,-0.0,31.0,9.756,9.756,9.756,0.0,0.0,-0.0,32.0,22.887,23.299,23.299,-16.0,0.0,-0.0,33.0
20.5071,1,fwd,10.0,11.9,5.528,5.4,5.4,8.0,0.0,0.0,37.0,-100.0,-100.0,-100.0,0.0,0.0,-0.0,32.0,-99.858,-100.0,-100.0,8.0,0.0,-0.0,33.0,-46.8,10.0,-42.504,-248.0,104.0,5.859,42.0,-100.0,-100.0,-100.0,-8.0,0.0,-0.0,31.0,9.756,9.756,9.756,0.0,0.0,-0.0,32.0,22.887,23.299,23.299,-16.0,0.0,-0.0,33.0
20.5606,1,fwd,10.0,11.9,5.528,5.4,5.4,8.0,0.0,0.0,37.0,-100.0,-100.0,-100.0,0.0,0.0,-0.0,32.0,-99.858,-100.0,-100.0,8.0,0.0,-0.0,33.0,-46.667,10.0,-42.235,-248.0,104.0,4.343,42.0,-100.0,-100.0,-100.0,-8.0,0.0,-0.0,31.0,9.756,9.756,9.756,0.0,0.0,-0.0,32.0,22.887,23.299,23.299,-16.0,0.0,-0.0,33.0
20.613,1,fwd,10.0,11.9,5.528,5.4,5.4,8.0,0.0,0.0,37.0,-100.0,-100.0,-100.0,0.0,0.0,-0.0,32.0,-99.858,-100.0,-100.0,8.0,0.0,-0.0,33.0,-46.667,10.0,-41.968,-248.0,104.0,2.128,42.0,-100.0,-100.0,-100.0,-8.0,0.0,-0.0,31.0,9.756,9.756,9.756,0.0,0.0,-0.0,32.0,22.887,23.299,23.299,-16.0,0.0,-0.0,33.0
20.6657,1,fwd,10.0,11.9,5.528,5.4,5.4,8.0,0.0,0.0,37.0,-100.0,-100.0,-100.0,0.0,0.0,-0.0,32.0,-99.858,-100.0,-100.0,8.0,0.0,-0.0,33.0,-46.133,10.0,-41.698,-248.0,104.0,6.568,42.0,-100.0,-100.0,-100.0,-8.0,0.0,-0.0,31.0,9.756,9.756,9.756,0.0,0.0,-0.0,32.0,22.887,23.299,23.299,-16.0,0.0,-0.0,33.0
20.7191,1,fwd,10.0,11.9,5.528,5.4,5.4,8.0,0.0,0.0,37.0,-100.0,-100.0,-100.0,0.0,0.0,-0.0,32.0,-99.858,-100.0,-100.0,8.0,0.0,-0.0,33.0,-46.0,10.0,-41.432,-248.0,104.0,4.278,42.0,-100.0,-100.0,-100.0,-8.0,0.0,-0.0,31.0,9.756,9.756,9.756,0.0,0.0,-0.0,32.0,22.887,23.299,23.299,-16.0,0.0,-0.0,33.0
20.772,1,fwd,10.0,11.9,5.528,5.4,5.4,8.0,0.0,0.0,37.0,-100.0,-100.0,-100.0,0.0,0.0,-0.0,32.0,-99.858,-100.0,-100.0,8.0,0.0,-0.0,33.0,-46.0,10.0,-41.163,-248.0,104.0,2.096,42.0,-100.0,-100.0,-100.0,-8.0,0.0,-0.0,31.0,9.756,9.756,9.756,0.0,0.0,-0.0,32.0,22.887,23.299,23.299,-16.0,0.0,-0.0,33.0
20.8251,1,fwd,10.0,11.9,5.528,5.4,5.4,8.0,0.0,0.0,37.0,-100.0,-100.0,-100.0,0.0,0.0,-0.0,32.0,-99.858,-100.0,-100.0,8.0,0.0,-0.0,33.0,-45.467,10.0,-40.894,-248.0,104.0,6.101,42.0,-100.0,-100.0,-100.0,-8.0,0.0,-0.0,31.0,9.756,9.756,9.756,0.0,0.0,-0.0,32.0,22.887,23.299,23.299,-16.0,0.0,-0.0,33.0
20.8779,1,fwd,10.0,11.9,5.528,5.4,5.4,8.0,0.0,0.0,37.0,-100.0,-100.0,-100.0,0.0,0.0,-0.0,32.0,-99.858,-100.0,-100.0,8.0,0.0,-0.0,33.0,-45.2,10.0,-40.628,-248.0,104.0,5.531,42.0,-100.0,-100.0,-100.0,-8.0,0.0,-0.0,31.0,9.756,9.756,9.756,0.0,0.0,-0.0,32.0,22.887,23.299,23.299,-16.0,0.0,-0.0,33.0
20.9309,1,fwd,10.0,11.9,5.528,5.4,5.4,8.0,0.0,0.0,37.0,-100.0,-100.0,-100.0,0.0,0.0,-0.0,32.0,-99.858,-100.0,-100.0,8.0,0.0,-0.0,33.0,-45.2,10.0,-40.355,-248.0,104.0,2.71,42.0,-100.0,-100.0,-100.0,-8.0,0.0,-0.0,31.0,9.756,9.756,9.756,0.0,0.0,-0.0,32.0,22.887,23.299,23.299,-16.0,0.0,-0.0,33.0
20.9845,1,fwd,10.0,11.9,5.528,5.4,5.4,8.0,0.0,0.0,37.0,-100.0,-100.0,-100.0,0.0,0.0,-0.0,32.0,-99.858,-100.0,-100.0,8.0,0.0,-0.0,33.0,-45.2,10.0,-40.064,-280.0,106.0,2.71,42.0,-100.0,-100.0,-100.0,-8.0,0.0,-0.0,31.0,9.756,9.756,9.756,0.0,0.0,-0.0,32.0,22.887,23.299,23.299,-16.0,0.0,-0.0,33.0
21.0387,1,fwd,10.0,11.9,5.528,5.4,5.4,8.0,0.0,0.0,37.0,-100.0,-100.0,-100.0,0.0,0.0,-0.0,32.0,-99.858,-100.0,-100.0,8.0,0.0,-0.0,33.0,-44.533,10.0,-39.779,-280.0,106.0,4.632,42.0,-100.0,-100.0,-100.0,-8.0,0.0,-0.0,31.0,10.244,9.756,9.756,0.0,0.0,1.679,32.0,22.887,23.299,23.299,-16.0,0.0,-0.0,33.0
21.092,1,fwd,10.0,11.9,5.528,5.4,5.4,8.0,0.0,0.0,37.0,-100.0,-100.0,-100.0,0.0,0.0,-0.0,32.0,-99.858,-100.0,-100.0,8.0,0.0,-0.0,33.0,-44.533,10.0,-39.641,-280.0,106.0,2.27,42.0,-100.0,-100.0,-100.0,-8.0,0.0,-0.0,31.0,10.244,9.756,9.756,0.0,0.0,0.823,32.0,22.887,23.299,23.299,-16.0,0.0,-0.0,33.0
21.1443,1,fwd,10.0,11.9,5.528,5.4,5.4,8.0,0.0,0.0,37.0,-100.0,-100.0,-100.0,0.0,0.0,-0.0,32.0,-99.858,-100.0,-100.0,8.0,0.0,-0.0,33.0,-43.867,10.0,-39.36,-280.0,106.0,7.504,42.0,-100.0,-100.0,-100.0,-8.0,0.0,-0.0,31.0,9.756,9.756,9.756,0.0,0.0,-3.095,32.0,22.887,23.299,23.299,-16.0,0.0,-0.0,33.0
21.1964,1,fwd,10.0,11.9,5.528,5.4,5.4,8.0,0.0,0.0,37.0,-100.0,-100.0,-100.0,0.0,0.0,-0.0,32.0,-99.858,-100.0,-100.0,8.0,0.0,-0.0,33.0,-43.733,10.0,-39.092,-280.0,106.0,4.725,42.0,-100.0,-100.0,-100.0,-8.0,0.0,-0.0,31.0,9.756,9.756,9.756,0.0,0.0,-1.516,32.0,22.887,23.299,23.299,-16.0,0.0,-0.0,33.0
21.2492,1,fwd,10.0,11.9,5.528,5.4,5.4,8.0,0.0,0.0,37.0,-100.0,-100.0,-100.0,0.0,0.0,-0.0,32.0,-99.858,-100.0,-100.0,8.0,0.0,-0.0,33.0,-43.6,10.0,-38.823,-280.0,106.0,3.83,42.0,-100.0,-100.0,-100.0,-8.0,0.0,-0.0,31.0,9.756,9.756,9.756,0.0,0.0,-0.743,32.0,22.887,23.299,23.299,-16.0,0.0,-0.0,33.0
21.3014,1,fwd,10.0,11.9,5.528,5.4,5.4,8.0,0.0,0.0,37.0,-100.0,-100.0,-100.0,0.0,0.0,-0.0,32.0,-99.858,-100.0,-100.0,8.0,0.0,-0.0,33.0,-43.067,10.0,-38.558,-280.0,106.0,6.941,42.0,-100.0,-100.0,-100.0,-8.0,0.0,-0.0,31.0,9.756,9.756,9.756,0.0,0.0,-0.364,32.0,22.887,23.299,23.299,-16.0,0.0,-0.0,33.0
21.3549,1,fwd,10.0,11.9,5.528,5.4,5.4,8.0,0.0,0.0,37.0,-100.0,-100.0,-100.0,0.0,0.0,-0.0,32.0,-99.858,-100.0,-100.0,8.0,0.0,-0.0,33.0,-43.067,10.0,-38.284,-280.0,106.0,3.401,42.0,-100.0,-100.0,-100.0,-8.0,0.0,-0.0,31.0,9.756,9.756,9.756,0.0,0.0,-0.178,32.0,22.887,23.299,23.299,-16.0,0.0,-0.0,33.0
21.4082,1,fwd,10.0,11.9,5.528,5.4,5.4,8.0,0.0,0.0,37.0,-100.0,-100.0,-100.0,0.0,0.0,-0.0,32.0,-99.858,-100.0,-100.0,8.0,0.0,-0.0,33.0,-42.933,10.0,-38.017,-280.0,106.0,2.72,42.0,-100.0,-100.0,-100.0,-8.0,0.0,-0.0,31.0,9.756,9.756,9.756,0.0,0.0,-0.087,32.0,22.887,23.299,23.299,-16.0,0.0,-0.0,33.0
21.4612,1,fwd,10.0,11.9,5.528,5.4,5.4,8.0,0.0,0.0,37.0,-100.0,-100.0,-100.0,0.0,0.0,-0.0,32.0,-99.858,-100.0,-100.0,8.0,0.0,-0.0,33.0,-42.933,10.0,-37.75,-280.0,106.0,1.333,42.0,-100.0,-100.0,-100.0,-8.0,0.0,-0.0,31.0,9.756,9.756,9.756,0.0,0.0,-0.043,32.0,22.887,23.299,23.299,-16.0,0.0,-0.0,33.0
21.5141,1,fwd,10.0,11.9,5.528,5.4,5.4,8.0,0.0,0.0,37.0,-100.0,-100.0,-100.0,0.0,0.0,-0.0,32.0,-99.858,-100.0,-100.0,8.0,0.0,-0.0,33.0,-42.533,10.0,-37.481,-280.0,106.0,5.049,42.0,-100.0,-100.0,-100.0,-8.0,0.0,-0.0,31.0,9.756,9.756,9.756,0.0,0.0,-0.021,32.0,22.887,23.299,23.299,-16.0,0.0,-0.0,33.0
21.5676,1,fwd,10.0,11.9,5.528,5.4,5.4,8.0,0.0,0.0,37.0,-100.0,-100.0,-100.0,0.0,0.0,-0.0,32.0,-99.858,-100.0,-100.0,8.0,0.0,-0.0,33.0,-42.267,10.0,-37.179,-280.0,89.0,4.855,42.0,-100.0,-100.0,-100.0,-8.0,0.0,-0.0,32.0,9.756,9.756,9.756,0.0,0.0,-0.015,32.0,22.887,23.299,23.299,-16.0,0.0,-0.0,33.0
21.6195,1,fwd,10.0,11.9,5.528,5.4,5.4,8.0,0.0,0.0,37.0,-100.0,-100.0,-100.0,0.0,0.0,-0.0,32.0,-99.858,-100.0,-100.0,8.0,0.0,-0.0,33.0,-42.267,10.0,-36.909,-280.0,89.0,2.379,42.0,-100.0,-100.0,-100.0,-8.0,0.0,-0.0,32.0,9.756,9.756,9.756,0.0,0.0,-0.007,32.0,22.887,23.299,23.299,-16.0,0.0,-0.0,33.0
21.6728,1,fwd,10.0,11.9,5.528,5.4,5.4,8.0,0.0,0.0,37.0,-100.0,-100.0,-100.0,0.0,0.0,-0.0,32.0,-99.858,-100.0,-100.0,8.0,0.0,-0.0,33.0,-42.0,10.0,-36.634,-280.0,89.0,4.525,42.0,-100.0,-100.0,-100.0,-8.0,0.0,-0.0,32.0,9.756,9.756,9.756,0.0,0.0,-0.005,32.0,22.887,23.299,23.299,-16.0,0.0,-0.0,33.0
21.7262,1,fwd,10.0,11.9,5.528,5.4,5.4,8.0,0.0,0.0,37.0,-100.0,-100.0,-100.0,0.0,0.0,-0.0,32.0,-99.858,-100.0,-100.0,8.0,0.0,-0.0,33.0,-41.333,10.0,-36.351,-280.0,89.0,8.019,42.0,-100.0,-100.0,-100.0,-8.0,0.0,-0.0,32.0,9.756,9.756,9.756,0.0,0.0,-0.002,32.0,22.887,23.299,23.299,-16.0,0.0,-0.0,33.0
21.7798,1,fwd,10.0,11.9,5.528,5.4,5.4,8.0,0.0,0.0,37.0,-100.0,-100.0,-100.0,0.0,0.0,-0.0,32.0,-99.858,-100.0,-100.0,8.0,0.0,-0.0,33.0,-41.333,10.0,-36.072,-280.0,89.0,3.929,42.0,-100.0,-100.0,-100.0,-8.0,0.0,-0.0,32.0,9.756,9.756,9.756,0.0,0.0,-0.001,32.0,22.887,23.299,23.299,-16.0,0.0,-0.0,33.0
21.833,1,fwd,10.0,11.9,5.528,5.4,5.4,8.0,0.0,0.0,37.0,-100.0,-100.0,-100.0,0.0,0.0,-0.0,32.0,-99.858,-100.0,-100.0,8.0,0.0,-0.0,33.0,-40.667,10.0,-35.806,-280.0,89.0,8.091,42.0,-100.0,-100.0,-100.0,-8.0,0.0,-0.0,32.0,9.756,9.756,9.756,0.0,0.0,-0.001,32.0,22.887,23.299,23.299,-16.0,0.0,-0.0,33.0
21.8859,1,fwd,10.0,11.9,5.528,5.4,5.4,8.0,0.0,0.0,37.0,-100.0,-100.0,-100.0,0.0,0.0,-0.0,32.0,-99.858,-100.0,-100.0,8.0,0.0,-0.0,33.0,-40.533,10.0,-35.656,-280.0,89.0,5.454,42.0,-100.0,-100.0,-100.0,-8.0,0.0,-0.0,32.0,9.756,9.756,9.756,0.0,0.0,-0.0,32.0,22.887,23.299,23.299,-16.0,0.0,-0.0,33.0
21.9384,1,fwd,10.0,11.9,5.528,5.4,5.4,8.0,0.0,0.0,37.0,-100.0,-100.0,-100.0,0.0,0.0,-0.0,32.0,-99.858,-100.0,-100.0,8.0,0.0,-0.0,33.0,-40.267,10.0,-35.385,-280.0,89.0,5.617,42.0,-100.0,-100.0,-100.0,-8.0,0.0,-0.0,32.0,9.756,9.756,9.756,0.0,0.0,-0.0,32.0,22.887,23.299,23.299,-16.0,0.0,-0.0,33.0
21.9919,1,fwd,10.0,11.9,5.528,5.4,5.4,8.0,0.0,0.0,37.0,-100.0,-100.0,-100.0,0.0,0.0,-0.0,32.0,-99.858,-100.0,-100.0,8.0,0.0,-0.0,33.0,-40.0,10.0,-35.117,-280.0,89.0,4.844,42.0,-100.0,-100.0,-100.0,-8.0,0.0,-0.0,32.0,9.756,9.756,9.756,0.0,0.0,-0.0,32.0,22.887,23.299,23.299,-16.0,0.0,-0.0,33.0
22.0461,1,fwd,10.0,11.9,5.528,5.4,5.4,8.0,0.0,0.0,37.0,-100.0,-100.0,-100.0,0.0,0.0,-0.0,32.0,-99.858,-100.0,-100.0,8.0,0.0,-0.0,33.0,-39.867,10.0,-34.846,-280.0,89.0,3.852,42.0,-100.0,-100.0,-100.0,-8.0,0.0,-0.0,32.0,9.756,9.756,9.756,0.0,0.0,-0.0,32.0,22.887,23.299,23.299,-16.0,0.0,-0.0,33.0
22.0996,1,fwd,10.0,11.9,5.528,5.4,5.4,8.0,0.0,0.0,37.0,-100.0,-100.0,-100.0,0.0,0.0,-0.0,32.0,-99.858,-100.0,-100.0,8.0,0.0,-0.0,33.0,-39.867,10.0,-34.577,-280.0,89.0,1.888,42.0,-100.0,-100.0,-100.0,-8.0,0.0,-0.0,32.0,9.756,9.756,9.756,0.0,0.0,-0.0,32.0,22.887,23.299,23.299,-16.0,0.0,-0.0,33.0
22.1531,1,fwd,10.0,11.8,5.528,5.4,5.4,8.0,0.0,0.0,36.0,-100.0,-100.0,-100.0,0.0,0.0,-0.0,32.0,-99.858,-100.0,-100.0,8.0,0.0,-0.0,33.0,-39.867,10.0,-34.28,-304.0,124.0,1.321,43.0,-100.0,-100.0,-100.0,-8.0,0.0,-0.0,31.0,9.756,9.756,9.756,0.0,0.0,-0.0,32.0,22.887,23.299,23.299,-16.0,0.0,-0.0,33.0
22.2054,1,fwd,10.0,11.8,5.528,5.4,5.4,8.0,0.0,0.0,36.0,-100.0,-100.0,-100.0,0.0,0.0,-0.0,32.0,-99.858,-100.0,-100.0,8.0,0.0,-0.0,33.0,-39.733,10.0,-34.011,-304.0,124.0,2.124,43.0,-100.0,-100.0,-100.0,-8.0,0.0,-0.0,31.0,9.756,9.756,9.756,0.0,0.0,-0.0,32.0,22.887,23.299,23.299,-16.0,0.0,-0.0,33.0
22.2584,1,fwd,10.0,11.8,5.528,5.4,5.4,8.0,0.0,0.0,36.0,-100.0,-100.0,-100.0,0.0,0.0,-0.0,32.0,-99.858,-100.0,-100.0,8.0,0.0,-0.0,33.0,-39.067,10.0,-33.743,-304.0,124.0,6.682,43.0,-100.0,-100.0,-100.0,-8.0,0.0,-0.0,31.0,9.756,9.756,9.756,0.0,0.0,-0.0,32.0,22.887,23.299,23.299,-16.0,0.0,-0.0,33.0
22.3116,1,fwd,10.0,11.8,5.528,5.4,5.4,8.0,0.0,0.0,36.0,-100.0,-100.0,-100.0,0.0,0.0,-0.0,32.0,-99.858,-100.0,-100.0,8.0,0.0,-0.0,33.0,-39.067,10.0,-33.473,-304.0,124.0,3.274,43.0,-100.0,-100.0,-100.0,-8.0,0.0,-0.0,31.0,9.756,9.756,9.756,0.0,0.0,-0.0,32.0,22.887,23.299,23.299,-16.0,0.0,-0.0,33.0
22.3647,1,fwd,10.0,11.8,5.528,5.4,5.4,8.0,0.0,0.0,36.0,-100.0,-100.0,-100.0,0.0,0.0,-0.0,32.0,-99.858,-100.0,-100.0,8.0,0.0,-0.0,33.0,-38.4,10.0,-33.206,-304.0,124.0,8.614,43.0,-100.0,-100.0,-100.0,-8.0,0.0,-0.0,31.0,9.756,9.756,9.756,0.0,0.0,-0.0,32.0,22.887,23.299,23.299,-16.0,0.0,-0.0,33.0
22.4175,1,fwd,10.0,11.8,5.528,5.4,5.4,8.0,0.0,0.0,36.0,-100.0,-100.0,-100.0,0.0,0.0,-0.0,32.0,-99.858,-100.0,-100.0,8.0,0.0,-0.0,33.0,-37.867,10.0,-32.934,-304.0,124.0,9.243,43.0,-100.0,-100.0,-100.0,-8.0,0.0,-0.0,31.0,9.756,9.756,9.756,0.0,0.0,-0.0,32.0,22.887,23.299,23.299,-16.0,0.0,-0.0,33.0
22.4708,1,fwd,10.0,11.8,5.528,5.4,5.4,8.0,0.0,0.0,36.0,-100.0,-100.0,-100.0,0.0,0.0,-0.0,32.0,-99.858,-100.0,-100.0,8.0,0.0,-0.0,33.0,-37.467,10.0,-32.667,-304.0,124.0,8.125,43.0,-100.0,-100.0,-100.0,-8.0,0.0,-0.0,31.0,9.756,9.756,9.756,0.0,0.0,-0.0,32.0,22.887,23.299,23.299,-16.0,0.0,-0.0,33.0
22.5238,1,fwd,10.0,11.8,5.528,5.4,5.4,8.0,0.0,0.0,36.0,-100.0,-100.0,-100.0,0.0,0.0,-0.0,32.0,-99.858,-100.0,-100.0,8.0,0.0,-0.0,33.0,-37.467,10.0,-32.4,-304.0,124.0,3.981,43.0,-100.0,-100.0,-100.0,-8.0,0.0,-0.0,31.0,9.756,9.756,9.756,0.0,0.0,-0.0,32.0,22.887,23.299,23.299,-16.0,0.0,-0.0,33.0
22.5768,1,fwd,10.0,11.8,5.528,5.4,5.4,8.0,0.0,0.0,36.0,-100.0,-100.0,-100.0,0.0,0.0,-0.0,32.0,-99.858,-100.0,-100.0,8.0,0.0,-0.0,33.0,-37.067,10.0,-32.134,-304.0,124.0,5.99,43.0,-100.0,-100.0,-100.0,-8.0,0.0,-0.0,31.0,9.756,9.756,9.756,0.0,0.0,-0.0,32.0,22.887,23.299,23.299,-16.0,0.0,-0.0,33.0
22.6301,1,fwd,10.0,11.8,5.528,5.4,5.4,8.0,0.0,0.0,36.0,-100.0,-100.0,-100.0,0.0,0.0,-0.0,32.0,-99.858,-100.0,-100.0,8.0,0.0,-0.0,33.0,-37.067,10.0,-31.865,-304.0,124.0,2.935,43.0,-100.0,-100.0,-100.0,-8.0,0.0,-0.0,31.0,9.756,9.756,9.756,0.0,0.0,-0.0,32.0,22.887,23.299,23.299,-16.0,0.0,-0.0,33.0
22.683,1,fwd,10.0,11.8,5.528,5.4,5.4,8.0,0.0,0.0,36.0,-100.0,-100.0,-100.0,0.0,0.0,-0.0,32.0,-99.858,-100.0,-100.0,8.0,0.0,-0.0,33.0,-36.933,10.0,-31.732,-304.0,124.0,3.543,43.0,-100.0,-100.0,-100.0,-8.0,0.0,-0.0,31.0,9.756,9.756,9.756,0.0,0.0,-0.0,32.0,22.887,23.299,23.299,-16.0,0.0,-0.0,33.0
22.7363,1,fwd,10.0,11.9,5.528,5.4,5.4,8.0,0.0,0.0,36.0,-100.0,-100.0,-100.0,0.0,0.0,-0.0,32.0,-99.858,-100.0,-100.0,8.0,0.0,-0.0,33.0,-36.933,10.0,-31.293,-304.0,107.0,2.48,43.0,-100.0,-100.0,-100.0,-8.0,0.0,-0.0,32.0,9.756,9.756,9.756,0.0,0.0,-0.0,32.0,22.887,23.299,23.299,-16.0,0.0,-0.0,33.0
22.79,1,fwd,10.0,11.9,5.528,5.4,5.4,8.0,0.0,0.0,36.0,-100.0,-100.0,-100.0,0.0,0.0,-0.0,32.0,-99.858,-100.0,-100.0,8.0,0.0,-0.0,33.0,-36.8,10.0,-31.152,-304.0,107.0,2.67,43.0,-100.0,-100.0,-100.0,-8.0,0.0,-0.0,32.0,10.244,9.756,9.756,0.0,0.0,5.322,32.0,22.887,23.299,23.299,-16.0,0.0,-0.0,33.0
22.8432,1,fwd,10.0,11.9,5.528,5.4,5.4,8.0,0.0,0.0,36.0,-100.0,-100.0,-100.0,0.0,0.0,-0.0,32.0,-99.858,-100.0,-100.0,8.0,0.0,-0.0,33.0,-36.133,10.0,-30.872,-304.0,107.0,7.209,43.0,-100.0,-100.0,-100.0,-8.0,0.0,-0.0,32.0,10.244,9.756,9.756,0.0,0.0,2.608,32.0,22.887,23.299,23.299,-16.0,0.0,-0.0,33.0
22.8958,1,fwd,10.0,11.9,5.528,5.4,5.4,8.0,0.0,0.0,36.0,-100.0,-100.0,-100.0,0.0,0.0,-0.0,32.0,-99.858,-100.0,-100.0,8.0,0.0,-0.0,33.0,-36.133,10.0,-30.606,-304.0,107.0,3.532,43.0,-100.0,-100.0,-100.0,-8.0,0.0,-0.0,32.0,10.244,9.756,9.756,0.0,0.0,1.278,32.0,22.887,23.299,23.299,-16.0,0.0,-0.0,33.0
22.9484,1,fwd,10.0,11.9,5.528,5.4,5.4,8.0,0.0,0.0,36.0,-100.0,-100.0,-100.0,0.0,0.0,-0.0,32.0,-99.858,-100.0,-100.0,8.0,0.0,-0.0,33.0,-35.733,10.0,-30.34,-304.0,107.0,5.747,43.0,-100.0,-100.0,-100.0,-8.0,0.0,-0.0,32.0,10.244,9.756,9.756,0.0,0.0,0.626,32.0,22.887,23.299,23.299,-16.0,0.0,-0.0,33.0
23.0014,1,fwd,10.0,11.9,5.528,5.4,5.4,8.0,0.0,0.0,36.0,-100.0,-100.0,-100.0,0.0,0.0,-0.0,32.0,-99.858,-100.0,-100.0,8.0,0.0,-0.0,33.0,-35.2,10.0,-30.071,-304.0,107.0,7.421,43.0,-100.0,-100.0,-100.0,-8.0,0.0,-0.0,32.0,10.244,9.756,9.756,0.0,0.0,0.307,32.0,22.887,23.299,23.299,-16.0,0.0,-0.0,33.0
23.0552,1,fwd,10.0,11.9,5.528,5.4,5.4,8.0,0.0,0.0,36.0,-100.0,-100.0,-100.0,0.0,0.0,-0.0,32.0,-99.858,-100.0,-100.0,8.0,0.0,-0.0,33.0,-35.2,10.0,-29.803,-304.0,107.0,3.636,43.0,-100.0,-100.0,-100.0,-8.0,0.0,-0.0,32.0,10.244,9.756,9.756,0.0,0.0,0.15,32.0,22.887,23.299,23.299,-16.0,0.0,-0.0,33.0
23.1086,1,fwd,10.0,11.9,5.528,5.4,5.4,8.0,0.0,0.0,36.0,-100.0,-100.0,-100.0,0.0,0.0,-0.0,32.0,-99.858,-100.0,-100.0,8.0,0.0,-0.0,33.0,-34.933,10.0,-29.535,-304.0,107.0,4.778,43.0,-100.0,-100.0,-100.0,-8.0,0.0,-0.0,32.0,10.244,9.756,9.756,0.0,0.0,0.074,32.0,22.887,23.299,23.299,-16.0,0.0,-0.0,33.0
23.1618,1,fwd,10.0,11.9,5.528,5.4,5.4,8.0,0.0,0.0,36.0,-100.0,-100.0,-100.0,0.0,0.0,-0.0,32.0,-99.858,-100.0,-100.0,8.0,0.0,-0.0,33.0,-34.4,10.0,-29.268,-304.0,107.0,6.528,43.0,-100.0,-100.0,-100.0,-8.0,0.0,-0.0,32.0,10.244,9.756,9.756,0.0,0.0,0.036,32.0,22.887,23.299,23.299,-16.0,0.0,-0.0,33.0
23.2141,1,fwd,10.0,11.9,5.528,5.4,5.4,8.0,0.0,0.0,36.0,-100.0,-100.0,-100.0,0.0,0.0,-0.0,32.0,-99.858,-100.0,-100.0,8.0,0.0,-0.0,33.0,-34.133,10.0,-28.997,-304.0,107.0,6.132,43.0,-100.0,-100.0,-100.0,-8.0,0.0,-0.0,32.0,10.244,9.756,9.756,0.0,0.0,0.018,32.0,22.887,23.299,23.299,-16.0,0.0,-0.0,33.0
23.2663,1,fwd,10.0,11.8,5.528,5.4,5.4,8.0,0.0,0.0,37.0,-100.0,-100.0,-100.0,0.0,0.0,-0.0,32.0,-99.858,-100.0,-100.0,8.0,0.0,-0.0,33.0,-34.133,10.0,-28.863,-296.0,110.0,4.292,43.0,-100.0,-100.0,-100.0,-16.0,1.0,-0.0,31.0,10.244,9.756,9.756,8.0,0.0,0.012,32.0,22.887,23.299,23.299,-16.0,0.0,-0.0,33.0
23.3186,1,fwd,10.0,11.8,5.528,5.4,5.4,8.0,0.0,0.0,37.0,-100.0,-100.0,-100.0,0.0,0.0,-0.0,32.0,-99.858,-100.0,-100.0,8.0,0.0,-0.0,33.0,-33.867,10.0,-28.443,-296.0,110.0,3.083,43.0,-100.0,-100.0,-100.0,-16.0,1.0,-0.0,31.0,10.244,9.756,9.756,8.0,0.0,0.006,32.0,22.887,23.299,23.299,-16.0,0.0,-0.0,33.0
23.3719,1,fwd,10.0,11.8,5.528,5.4,5.4,8.0,0.0,0.0,37.0,-100.0,-100.0,-100.0,0.0,0.0,-0.0,32.0,-99.858,-100.0,-100.0,8.0,0.0,-0.0,33.0,-33.733,10.0,-28.178,-296.0,110.0,3.02,43.0,-100.0,-100.0,-100.0,-16.0,1.0,-0.0,31.0,10.244,9.756,9.756,8.0,0.0,0.003,32.0,22.887,23.299,23.299,-16.0,0.0,-0.0,33.0
23.4249,1,fwd,10.0,11.8,5.528,5.4,5.4,8.0,0.0,0.0,37.0,-100.0,-100.0,-100.0,0.0,0.0,-0.0,32.0,-99.858,-100.0,-100.0,8.0,0.0,-0.0,33.0,-33.733,10.0,-27.911,-296.0,110.0,1.48,43.0,-100.0,-100.0,-100.0,-16.0,1.0,-0.0,31.0,10.244,9.756,9.756,8.0,0.0,0.001,32.0,22.887,23.299,23.299,-16.0,0.0,-0.0,33.0
23.4774,1,fwd,10.0,11.8,5.528,5.4,5.4,8.0,0.0,0.0,37.0,-100.0,-100.0,-100.0,0.0,0.0,-0.0,32.0,-99.858,-100.0,-100.0,8.0,0.0,-0.0,33.0,-33.6,10.0,-27.642,-296.0,110.0,1.76,43.0,-100.0,-100.0,-100.0,-16.0,1.0,-0.0,31.0,10.244,9.756,9.756,8.0,0.0,0.001,32.0,22.887,23.299,23.299,-16.0,0.0,-0.0,33.0
23.5296,1,fwd,10.0,11.8,5.528,5.4,5.4,8.0,0.0,0.0,37.0,-100.0,-100.0,-100.0,0.0,0.0,-0.0,32.0,-99.858,-100.0,-100.0,8.0,0.0,-0.0,33.0,-33.2,10.0,-27.373,-296.0,110.0,5.404,43.0,-100.0,-100.0,-100.0,-16.0,1.0,-0.0,31.0,9.756,9.756,9.756,8.0,0.0,-3.819,32.0,22.887,23.299,23.299,-16.0,0.0,-0.0,33.0
23.5815,1,fwd,10.0,11.8,5.528,5.4,5.4,8.0,0.0,0.0,37.0,-100.0,-100.0,-100.0,0.0,0.0,-0.0,32.0,-99.858,-100.0,-100.0,8.0,0.0,-0.0,33.0,-32.933,10.0,-27.105,-296.0,110.0,4.71,43.0,-100.0,-100.0,-100.0,-16.0,1.0,-0.0,31.0,9.756,9.756,9.756,8.0,0.0,-1.871,32.0,22.887,23.299,23.299,-16.0,0.0,-0.0,33.0
23.6349,1,fwd,10.0,11.8,5.528,5.4,5.4,8.0,0.0,0.0,37.0,-100.0,-100.0,-100.0,0.0,0.0,-0.0,32.0,-99.858,-100.0,-100.0,8.0,0.0,-0.0,33.0,-32.667,10.0,-26.836,-296.0,110.0,5.293,43.0,-100.0,-100.0,-100.0,-16.0,1.0,-0.0,31.0,9.756,9.756,9.756,8.0,0.0,-0.917,32.0,22.887,23.299,23.299,-16.0,0.0,-0.0,33.0
23.6883,1,fwd,10.0,11.8,5.528,5.4,5.4,8.0,0.0,0.0,37.0,-100.0,-100.0,-100.0,0.0,0.0,-0.0,32.0,-99.858,-100.0,-100.0,8.0,0.0,-0.0,33.0,-32.0,10.0,-26.566,-296.0,110.0,8.649,43.0,-100.0,-100.0,-100.0,-16.0,1.0,-0.0,31.0,9.756,9.756,9.756,8.0,0.0,-0.449,32.0,22.887,23.299,23.299,-16.0,0.0,-0.0,33.0
23.7418,1,fwd,10.0,11.8,5.528,5.4,5.4,8.0,0.0,0.0,37.0,-100.0,-100.0,-100.0,0.0,0.0,-0.0,32.0,-99.858,-100.0,-100.0,8.0,0.0,-0.0,33.0,-32.0,10.0,-26.296,-296.0,110.0,4.238,43.0,-100.0,-100.0,-100.0,-16.0,1.0,-0.0,31.0,9.756,9.756,9.756,8.0,0.0,-0.22,32.0,22.887,23.299,23.299,-16.0,0.0,-0.0,33.0
23.7951,1,fwd,10.0,11.8,5.528,5.4,5.4,8.0,0.0,0.0,37.0,-100.0,-100.0,-100.0,0.0,0.0,-0.0,32.0,-99.858,-100.0,-100.0,8.0,0.0,-0.0,33.0,-31.2,10.0,-26.028,-296.0,110.0,9.304,43.0,-100.0,-100.0,-100.0,-16.0,1.0,-0.0,31.0,10.244,9.756,9.756,8.0,0.0,5.416,32.0,22.887,23.299,23.299,-16.0,0.0,-0.0,33.0
23.8481,1,fwd,10.0,11.8,5.528,5.4,5.4,8.0,0.0,0.0,37.0,-100.0,-100.0,-100.0,0.0,0.0,-0.0,32.0,-99.858,-100.0,-100.0,8.0,0.0,-0.0,33.0,-31.2,10.0,-25.743,-284.0,101.0,9.304,43.0,-100.0,-100.0,-100.0,-16.0,0.0,-0.0,32.0,10.244,9.756,9.756,8.0,0.0,5.416,32.0,22.887,23.299,23.299,-16.0,1.0,-0.0,33.0
23.9009,1,fwd,10.0,11.8,5.528,5.4,5.4,8.0,0.0,0.0,37.0,-100.0,-100.0,-100.0,0.0,0.0,-0.0,32.0,-99.858,-100.0,-100.0,8.0,0.0,-0.0,33.0,-31.067,10.0,-25.466,-284.0,101.0,5.03,43.0,-100.0,-100.0,-100.0,-16.0,0.0,-0.0,32.0,10.244,9.756,9.756,8.0,0.0,2.654,32.0,22.887,23.299,23.299,-16.0,1.0,-0.0,33.0
23.9539,1,fwd,10.0,11.8,5.528,5.4,5.4,8.0,0.0,0.0,37.0,-100.0,-100.0,-100.0,0.0,0.0,-0.0,32.0,-99.858,-100.0,-100.0,8.0,0.0,-0.0,33.0,-30.8,10.0,-25.319,-284.0,101.0,4.922,43.0,-100.0,-100.0,-100.0,-16.0,0.0,-0.0,32.0,10.244,9.756,9.756,8.0,0.0,1.3,32.0,22.887,23.299,23.299,-16.0,1.0,-0.0,33.0
24.0071,1,fwd,10.0,11.8,5.528,5.4,5.4,8.0,0.0,0.0,37.0,-100.0,-100.0,-100.0,0.0,0.0,-0.0,32.0,-99.858,-100.0,-100.0,8.0,0.0,-0.0,33.0,-30.667,10.0,-25.052,-284.0,101.0,3.454,43.0,-100.0,-100.0,-100.0,-16.0,0.0,-0.0,32.0,10.244,9.756,9.756,8.0,0.0,0.637,32.0,22.887,23.299,23.299,-16.0,1.0,-0.0,33.0
24.0604,1,fwd,10.0,11.8,5.528,5.4,5.4,8.0,0.0,0.0,37.0,-100.0,-100.0,-100.0,0.0,0.0,-0.0,32.0,-99.858,-100.0,-100.0,8.0,0.0,-0.0,33.0,-30.667,10.0,-24.781,-284.0,101.0,1.692,43.0,-100.0,-100.0,-100.0,-16.0,0.0,-0.0,32.0,10.244,9.756,9.756,8.0,0.0,0.312,32.0,22.887,23.299,23.299,-16.0,1.0,-0.0,33.0
24.114,1,fwd,10.0,11.8,5.528,5.4,5.4,8.0,0.0,0.0,37.0,-100.0,-100.0,-100.0,0.0,0.0,-0.0,32.0,-99.858,-100.0,-100.0,8.0,0.0,-0.0,33.0,-30.267,10.0,-24.513,-284.0,101.0,4.385,43.0,-100.0,-100.0,-100.0,-16.0,0.0,-0.0,32.0,10.244,9.756,9.756,8.0,0.0,0.153,32.0,22.887,23.299,23.299,-16.0,1.0,-0.0,33.0
24.167,1,fwd,10.0,11.8,5.528,5.4,5.4,8.0,0.0,0.0,37.0,-100.0,-100.0,-100.0,0.0,0.0,-0.0,32.0,-99.858,-100.0,-100.0,8.0,0.0,-0.0,33.0,-30.0,10.0,-24.244,-284.0,101.0,4.688,43.0,-100.0,-100.0,-100.0,-16.0,0.0,-0.0,32.0,10.244,9.756,9.756,8.0,0.0,0.075,32.0,22.887,23.299,23.299,-16.0,1.0,-0.0,33.0
24.2197,1,fwd,10.0,11.8,5.528,5.4,5.4,8.0,0.0,0.0,37.0,-100.0,-100.0,-100.0,0.0,0.0,-0.0,32.0,-99.858,-100.0,-100.0,8.0,0.0,-0.0,33.0,-29.867,10.0,-23.975,-284.0,101.0,3.785,43.0,-100.0,-100.0,-100.0,-16.0,0.0,-0.0,32.0,10.244,9.756,9.756,8.0,0.0,0.037,32.0,22.887,23.299,23.299,-16.0,1.0,-0.0,33.0
24.2735,1,fwd,10.0,11.8,5.528,5.4,5.4,8.0,0.0,0.0,37.0,-100.0,-100.0,-100.0,0.0,0.0,-0.0,32.0,-99.858,-100.0,-100.0,8.0,0.0,-0.0,33.0,-29.467,10.0,-23.705,-284.0,101.0,5.858,43.0,-100.0,-100.0,-100.0,-16.0,0.0,-0.0,32.0,10.244,9.756,9.756,8.0,0.0,0.018,32.0,22.887,23.299,23.299,-16.0,1.0,-0.0,33.0
24.3265,1,fwd,10.0,11.8,5.528,5.4,5.4,8.0,0.0,0.0,37.0,-100.0,-100.0,-100.0,0.0,0.0,-0.0,32.0,-99.858,-100.0,-100.0,8.0,0.0,-0.0,33.0,-29.2,10.0,-23.434,-284.0,101.0,4.911,43.0,-100.0,-100.0,-100.0,-16.0,0.0,-0.0,32.0,10.244,9.756,9.756,8.0,0.0,0.009,32.0,22.887,23.299,23.299,-16.0,1.0,-0.0,33.0
24.3802,1,fwd,10.0,11.8,5.528,5.4,5.4,8.0,0.0,0.0,37.0,-100.0,-100.0,-100.0,0.0,0.0,-0.0,32.0,-99.858,-100.0,-100.0,8.0,0.0,-0.0,33.0,-29.2,10.0,-23.164,-284.0,101.0,2.406,43.0,-100.0,-100.0,-100.0,-16.0,0.0,-0.0,32.0,10.244,9.756,9.756,8.0,0.0,0.004,32.0,22.887,23.299,23.299,-16.0,1.0,-0.0,33.0
24.4335,1,fwd,10.0,11.8,5.528,5.4,5.4,8.0,0.0,0.0,37.0,-100.0,-100.0,-100.0,0.0,0.0,-0.0,32.0,-99.858,-100.0,-100.0,8.0,0.0,-0.0,33.0,-28.4,10.0,-22.879,-352.0,161.0,5.911,43.0,-100.0,-100.0,-100.0,-16.0,0.0,-0.0,32.0,10.244,9.756,9.756,8.0,0.0,0.003,32.0,22.887,23.299,23.299,-16.0,0.0,-0.0,33.0
24.4867,1,fwd,10.0,11.8,5.528,5.4,5.4,8.0,0.0,0.0,37.0,-100.0,-100.0,-100.0,0.0,0.0,-0.0,32.0,-99.858,-100.0,-100.0,8.0,0.0,-0.0,33.0,-28.4,10.0,-22.612,-352.0,161.0,2.896,43.0,-100.0,-100.0,-100.0,-16.0,0.0,-0.0,32.0,10.244,9.756,9.756,8.0,0.0,0.001,32.0,22.887,23.299,23.299,-16.0,0.0,-0.0,33.0
24.54,1,fwd,10.0,11.8,5.528,5.4,5.4,8.0,0.0,0.0,37.0,-100.0,-100.0,-100.0,0.0,0.0,-0.0,32.0,-99.858,-100.0,-100.0,8.0,0.0,-0.0,33.0,-28.0,10.0,-22.344,-352.0,161.0,5.458,43.0,-100.0,-100.0,-100.0,-16.0,0.0,-0.0,32.0,10.244,9.756,9.756,8.0,0.0,0.001,32.0,22.887,23.299,23.299,-16.0,0.0,-0.0,33.0
24.5924,1,fwd,10.0,11.8,5.528,5.4,5.4,8.0,0.0,0.0,37.0,-100.0,-100.0,-100.0,0.0,0.0,-0.0,32.0,-99.858,-100.0,-100.0,8.0,0.0,-0.0,33.0,-27.867,10.0,-22.074,-352.0,161.0,3.712,43.0,-100.0,-100.0,-100.0,-16.0,0.0,-0.0,32.0,10.244,9.756,9.756,8.0,0.0,0.0,32.0,22.887,23.299,23.299,-16.0,0.0,-0.0,33.0
24.6458,1,fwd,10.0,11.8,5.528,5.4,5.4,8.0,0.0,0.0,37.0,-100.0,-100.0,-100.0,0.0,0.0,-0.0,32.0,-99.858,-100.0,-100.0,8.0,0.0,-0.0,33.0,-27.733,10.0,-21.805,-352.0,161.0,2.859,43.0,-100.0,-100.0,-100.0,-16.0,0.0,-0.0,32.0,10.244,9.756,9.756,8.0,0.0,0.0,32.0,22.887,23.299,23.299,-16.0,0.0,-0.0,33.0
24.6993,1,fwd,10.0,11.8,5.528,5.4,5.4,8.0,0.0,0.0,37.0,-100.0,-100.0,-100.0,0.0,0.0,-0.0,32.0,-99.858,-100.0,-100.0,8.0,0.0,-0.0,33.0,-27.6,10.0,-21.534,-352.0,161.0,2.428,43.0,-100.0,-100.0,-100.0,-16.0,0.0,-0.0,32.0,10.244,9.756,9.756,8.0,0.0,0.0,32.0,22.887,23.299,23.299,-16.0,0.0,-0.0,33.0
24.7514,1,fwd,10.0,11.8,5.528,5.4,5.4,8.0,0.0,0.0,37.0,-100.0,-100.0,-100.0,0.0,0.0,-0.0,32.0,-99.858,-100.0,-100.0,8.0,0.0,-0.0,33.0,-27.333,10.0,-21.26,-352.0,161.0,4.118,43.0,-100.0,-100.0,-100.0,-16.0,0.0,-0.0,32.0,10.244,9.756,9.756,8.0,0.0,0.0,32.0,22.887,23.299,23.299,-16.0,0.0,-0.0,33.0
24.8049,1,fwd,10.0,11.8,5.528,5.4,5.4,8.0,0.0,0.0,37.0,-100.0,-100.0,-100.0,0.0,0.0,-0.0,32.0,-99.858,-100.0,-100.0,8.0,0.0,-0.0,33.0,-26.933,10.0,-20.991,-352.0,161.0,6.043,43.0,-100.0,-100.0,-100.0,-16.0,0.0,-0.0,32.0,10.244,9.756,9.756,8.0,0.0,0.0,32.0,22.887,23.299,23.299,-16.0,0.0,-0.0,33.0
24.8581,1,fwd,10.0,11.8,5.528,5.4,5.4,8.0,0.0,0.0,37.0,-100.0,-100.0,-100.0,0.0,0.0,-0.0,32.0,-99.858,-100.0,-100.0,8.0,0.0,-0.0,33.0,-26.933,10.0,-20.722,-352.0,161.0,2.961,43.0,-100.0,-100.0,-100.0,-16.0,0.0,-0.0,32.0,10.244,9.756,9.756,8.0,0.0,0.0,32.0,22.887,23.299,23.299,-16.0,0.0,-0.0,33.0
24.9105,1,fwd,10.0,11.8,5.528,5.4,5.4,8.0,0.0,0.0,37.0,-100.0,-100.0,-100.0,0.0,0.0,-0.0,32.0,-99.858,-100.0,-100.0,8.0,0.0,-0.0,33.0,-26.933,10.0,-20.454,-352.0,161.0,1.451,43.0,-100.0,-100.0,-100.0,-16.0,0.0,-0.0,32.0,10.244,9.756,9.756,8.0,0.0,0.0,32.0,22.887,23.299,23.299,-16.0,0.0,-0.0,33.0
24.9636,1,fwd,10.0,11.8,5.528,5.4,5.4,8.0,0.0,0.0,37.0,-100.0,-100.0,-100.0,0.0,0.0,-0.0,32.0,-99.858,-100.0,-100.0,8.0,0.0,-0.0,33.0,-26.667,10.0,-20.321,-352.0,161.0,4.012,43.0,-100.0,-100.0,-100.0,-16.0,0.0,-0.0,32.0,10.244,9.756,9.756,8.0,0.0,0.0,32.0,22.887,23.299,23.299,-16.0,0.0,-0.0,33.0
25.0169,1,fwd,10.0,11.8,5.528,5.4,5.4,8.0,0.0,0.0,37.0,-100.0,-100.0,-100.0,0.0,0.0,-0.0,32.0,-99.858,-100.0,-100.0,8.0,0.0,-0.0,33.0,-26.133,10.0,-19.89,-360.0,150.0,5.496,43.0,-100.0,-100.0,-100.0,-16.0,0.0,-0.0,31.0,10.244,9.756,9.756,8.0,0.0,0.0,32.0,22.887,23.299,23.299,-16.0,0.0,-0.0,33.0
25.0704,1,fwd,10.0,11.8,5.618,5.4,5.4,8.0,0.0,0.987,37.0,-100.0,-100.0,-100.0,0.0,0.0,-0.0,32.0,-99.858,-100.0,-100.0,8.0,0.0,-0.0,33.0,-26.133,10.0,-19.746,-360.0,150.0,2.693,43.0,-100.0,-100.0,-100.0,-16.0,0.0,-0.0,31.0,10.244,9.756,9.756,8.0,0.0,0.0,32.0,22.887,23.299,23.299,-16.0,0.0,-0.0,33.0
25.1245,1,fwd,10.0,11.8,5.618,5.4,5.4,8.0,0.0,0.484,37.0,-100.0,-100.0,-100.0,0.0,0.0,-0.0,32.0,-99.858,-100.0,-100.0,8.0,0.0,-0.0,33.0,-25.6,10.0,-19.469,-360.0,150.0,6.794,43.0,-100.0,-100.0,-100.0,-16.0,0.0,-0.0,31.0,10.244,9.756,9.756,8.0,0.0,0.0,32.0,22.887,23.299,23.299,-16.0,0.0,-0.0,33.0
25.1783,1,fwd,10.0,11.8,5.618,5.4,5.4,8.0,0.0,0.237,37.0,-100.0,-100.0,-100.0,0.0,0.0,-0.0,32.0,-99.858,-100.0,-100.0,8.0,0.0,-0.0,33.0,-25.067,10.0,-19.199,-360.0,150.0,7.901,43.0,-100.0,-100.0,-100.0,-16.0,0.0,-0.0,31.0,10.244,9.756,9.756,8.0,0.0,0.0,32.0,22.887,23.299,23.299,-16.0,0.0,-0.0,33.0
25.2318,1,fwd,10.0,11.8,5.618,5.4,5.4,8.0,0.0,0.116,37.0,-100.0,-100.0,-100.0,0.0,0.0,-0.0,32.0,-99.858,-100.0,-100.0,8.0,0.0,-0.0,33.0,-24.8,10.0,-18.929,-360.0,150.0,6.843,43.0,-100.0,-100.0,-100.0,-16.0,0.0,-0.0,31.0,10.244,9.756,9.756,8.0,0.0,0.0,32.0,22.887,23.299,23.299,-16.0,0.0,-0.0,33.0
25.2847,1,fwd,10.0,11.8,5.618,5.4,5.4,8.0,0.0,0.057,37.0,-100.0,-100.0,-100.0,0.0,0.0,-0.0,32.0,-99.858,-100.0,-100.0,8.0,0.0,-0.0,33.0,-24.8,10.0,-18.661,-360.0,150.0,3.353,43.0,-100.0,-100.0,-100.0,-16.0,0.0,-0.0,31.0,10.244,9.756,9.756,8.0,0.0,0.0,32.0,22.887,23.299,23.299,-16.0,0.0,-0.0,33.0
25.3374,1,fwd,10.0,11.8,5.618,5.4,5.4,8.0,0.0,0.028,37.0,-100.0,-100.0,-100.0,0.0,0.0,-0.0,32.0,-99.858,-100.0,-100.0,8.0,0.0,-0.0,33.0,-24.267,10.0,-18.393,-360.0,150.0,6.68,43.0,-100.0,-100.0,-100.0,-16.0,0.0,-0.0,31.0,10.244,9.756,9.756,8.0,0.0,0.0,32.0,22.887,23.299,23.299,-16.0,0.0,-0.0,33.0
25.391,1,fwd,10.0,11.8,5.618,5.4,5.4,8.0,0.0,0.014,37.0,-100.0,-100.0,-100.0,0.0,0.0,-0.0,32.0,-99.858,-100.0,-100.0,8.0,0.0,-0.0,33.0,-24.0,10.0,-18.122,-360.0,150.0,6.24,43.0,-100.0,-100.0,-100.0,-16.0,0.0,-0.0,31.0,10.244,9.756,9.756,8.0,0.0,0.0,32.0,22.887,23.299,23.299,-16.0,0.0,-0.0,33.0
25.4443,1,fwd,10.0,11.8,5.618,5.4,5.4,8.0,0.0,0.007,37.0,-100.0,-100.0,-100.0,0.0,0.0,-0.0,32.0,-99.858,-100.0,-100.0,8.0,0.0,-0.0,33.0,-24.0,10.0,-17.854,-360.0,150.0,3.058,43.0,-100.0,-100.0,-100.0,-16.0,0.0,-0.0,31.0,10.244,9.756,9.756,8.0,0.0,0.0,32.0,22.887,23.299,23.299,-16.0,0.0,-0.0,33.0
25.4978,1,fwd,10.0,11.8,5.618,5.4,5.4,8.0,0.0,0.003,37.0,-100.0,-100.0,-100.0,0.0,0.0,-0.0,32.0,-99.858,-100.0,-100.0,8.0,0.0,-0.0,33.0,-23.733,10.0,-17.585,-360.0,150.0,4.513,43.0,-100.0,-100.0,-100.0,-16.0,0.0,-0.0,31.0,10.244,9.756,9.756,8.0,0.0,0.0,32.0,22.887,23.299,23.299,-16.0,0.0,-0.0,33.0
25.5504,1,fwd,10.0,11.8,5.618,5.4,5.4,16.0,0.0,0.002,37.0,-100.0,-100.0,-100.0,-8.0,0.0,-0.0,32.0,-99.858,-100.0,-100.0,8.0,0.0,-0.0,33.0,-23.6,10.0,-17.453,-360.0,155.0,4.633,43.0,-100.0,-100.0,-100.0,-16.0,0.0,-0.0,32.0,10.244,9.756,9.756,8.0,0.0,0.0,32.0,22.887,23.299,23.299,-16.0,0.0,-0.0,33.0
25.6036,1,fwd,10.0,11.8,5.618,5.4,5.4,16.0,0.0,0.001,37.0,-100.0,-100.0,-100.0,-8.0,0.0,-0.0,32.0,-99.858,-100.0,-100.0,8.0,0.0,-0.0,33.0,-23.467,10.0,-17.034,-360.0,155.0,3.753,43.0,-100.0,-100.0,-100.0,-16.0,0.0,-0.0,32.0,10.244,9.756,9.756,8.0,0.0,0.0,32.0,22.887,23.299,23.299,-16.0,0.0,-0.0,33.0
25.6566,1,fwd,10.0,11.8,5.618,5.4,5.4,16.0,0.0,0.001,37.0,-100.0,-100.0,-100.0,-8.0,0.0,-0.0,32.0,-99.858,-100.0,-100.0,8.0,0.0,-0.0,33.0,-23.067,10.0,-16.764,-360.0,155.0,5.834,43.0,-100.0,-100.0,-100.0,-16.0,0.0,-0.0,32.0,10.244,9.756,9.756,8.0,0.0,0.0,32.0,22.887,23.299,23.299,-16.0,0.0,-0.0,33.0
25.7101,1,fwd,10.0,11.8,5.618,5.4,5.4,16.0,0.0,0.0,37.0,-100.0,-100.0,-100.0,-8.0,0.0,-0.0,32.0,-99.858,-100.0,-100.0,8.0,0.0,-0.0,33.0,-22.667,10.0,-16.497,-360.0,155.0,7.328,43.0,-100.0,-100.0,-100.0,-16.0,0.0,-0.0,32.0,10.244,9.756,9.756,8.0,0.0,0.0,32.0,22.887,23.299,23.299,-16.0,0.0,-0.0,33.0
25.7623,1,fwd,10.0,11.8,5.618,5.4,5.4,16.0,0.0,0.0,37.0,-100.0,-100.0,-100.0,-8.0,0.0,-0.0,32.0,-99.858,-100.0,-100.0,8.0,0.0,-0.0,33.0,-22.0,10.0,-16.229,-360.0,155.0,9.697,43.0,-100.0,-100.0,-100.0,-16.0,0.0,-0.0,32.0,10.244,9.756,9.756,8.0,0.0,0.0,32.0,22.887,23.299,23.299,-16.0,0.0,-0.0,33.0
25.8159,1,fwd,10.0,11.8,5.618,5.4,5.4,16.0,0.0,0.0,37.0,-100.0,-100.0,-100.0,-8.0,0.0,-0.0,32.0,-99.858,-100.0,-100.0,8.0,0.0,-0.0,33.0,-22.0,10.0,-15.959,-360.0,155.0,4.752,43.0,-100.0,-100.0,-100.0,-16.0,0.0,-0.0,32.0,10.244,9.756,9.756,8.0,0.0,0.0,32.0,22.887,23.299,23.299,-16.0,0.0,-0.0,33.0
25.8681,1,fwd,10.0,11.8,5.618,5.4,5.4,16.0,0.0,0.0,37.0,-100.0,-100.0,-100.0,-8.0,0.0,-0.0,32.0,-99.858,-100.0,-100.0,8.0,0.0,-0.0,33.0,-21.6,10.0,-15.692,-360.0,155.0,5.905,43.0,-100.0,-100.0,-100.0,-16.0,0.0,-0.0,32.0,10.244,9.756,9.756,8.0,0.0,0.0,32.0,22.887,23.299,23.299,-16.0,0.0,-0.0,33.0
25.9209,1,fwd,10.0,11.8,5.618,5.4,5.4,16.0,0.0,0.0,37.0,-100.0,-100.0,-100.0,-8.0,0.0,-0.0,32.0,-99.858,-100.0,-100.0,8.0,0.0,-0.0,33.0,-21.6,10.0,-15.421,-360.0,155.0,2.893,43.0,-100.0,-100.0,-100.0,-16.0,0.0,-0.0,32.0,10.244,9.756,9.756,8.0,0.0,0.0,32.0,22.887,23.299,23.299,-16.0,0.0,-0.0,33.0
25.9739,1,fwd,10.0,11.8,5.618,5.4,5.4,16.0,0.0,0.0,37.0,-100.0,-100.0,-100.0,-8.0,0.0,-0.0,32.0,-99.858,-100.0,-100.0,8.0,0.0,-0.0,33.0,-21.6,10.0,-15.153,-360.0,155.0,1.418,43.0,-100.0,-100.0,-100.0,-16.0,0.0,-0.0,32.0,10.244,9.756,9.756,8.0,0.0,0.0,32.0,22.887,23.299,23.299,-16.0,0.0,-0.0,33.0
26.027,1,fwd,10.0,11.8,5.618,5.4,5.4,16.0,0.0,0.0,37.0,-100.0,-100.0,-100.0,-8.0,0.0,-0.0,32.0,-99.858,-100.0,-100.0,8.0,0.0,-0.0,33.0,-21.2,10.0,-14.886,-360.0,155.0,3.852,43.0,-100.0,-100.0,-100.0,-16.0,0.0,-0.0,32.0,10.244,9.756,9.756,8.0,0.0,0.0,32.0,22.887,23.299,23.299,-16.0,0.0,-0.0,33.0
26.0809,1,fwd,10.0,11.8,5.618,5.4,5.4,16.0,0.0,0.0,37.0,-100.0,-100.0,-100.0,-8.0,0.0,-0.0,32.0,-99.858,-100.0,-100.0,8.0,0.0,-0.0,33.0,-21.2,10.0,-14.613,-360.0,155.0,1.888,43.0,-100.0,-100.0,-100.0,-16.0,0.0,-0.0,32.0,10.244,9.756,9.756,8.0,0.0,0.0,32.0,22.887,23.299,23.299,-16.0,0.0,-0.0,33.0
26.1343,1,fwd,10.0,11.8,5.618,5.4,5.4,16.0,0.0,0.0,37.0,-100.0,-100.0,-100.0,0.0,0.0,-0.0,32.0,-99.858,-100.0,-100.0,8.0,0.0,-0.0,33.0,-21.2,10.0,-14.314,-384.0,169.0,1.888,43.0,-100.0,-100.0,-100.0,-16.0,0.0,-0.0,32.0,10.244,9.756,9.756,8.0,0.0,0.0,32.0,22.887,23.299,23.299,-16.0,0.0,-0.0,33.0
26.1879,1,fwd,10.0,11.8,5.618,5.4,5.4,16.0,0.0,0.0,37.0,-100.0,-100.0,-100.0,0.0,0.0,-0.0,32.0,-99.858,-100.0,-100.0,8.0,0.0,-0.0,33.0,-20.8,10.0,-14.032,-384.0,169.0,2.272,43.0,-100.0,-100.0,-100.0,-16.0,0.0,-0.0,32.0,10.244,9.756,9.756,8.0,0.0,0.0,32.0,22.887,23.299,23.299,-16.0,0.0,-0.0,33.0
26.2413,1,fwd,10.0,11.8,5.618,5.4,5.4,16.0,0.0,0.0,37.0,-100.0,-100.0,-100.0,0.0,0.0,-0.0,32.0,-99.858,-100.0,-100.0,8.0,0.0,-0.0,33.0,-20.8,10.0,-13.897,-384.0,169.0,1.113,43.0,-100.0,-100.0,-100.0,-16.0,0.0,-0.0,32.0,10.244,9.756,9.756,8.0,0.0,0.0,32.0,22.887,23.299,23.299,-16.0,0.0,-0.0,33.0
26.2953,1,fwd,10.0,11.8,5.618,5.4,5.4,16.0,0.0,0.0,37.0,-100.0,-100.0,-100.0,0.0,0.0,-0.0,32.0,-99.858,-100.0,-100.0,8.0,0.0,-0.0,33.0,-20.133,10.0,-13.613,-384.0,169.0,7.48,43.0,-100.0,-100.0,-100.0,-16.0,0.0,-0.0,32.0,10.244,9.756,9.756,8.0,0.0,0.0,32.0,22.887,23.299,23.299,-16.0,0.0,-0.0,33.0
26.3484,1,fwd,10.0,11.8,5.618,5.4,5.4,16.0,0.0,0.0,37.0,-100.0,-100.0,-100.0,0.0,0.0,-0.0,32.0,-99.858,-100.0,-100.0,8.0,0.0,-0.0,33.0,-20.0,10.0,-13.343,-384.0,169.0,4.69,43.0,-100.0,-100.0,-100.0,-16.0,0.0,-0.0,32.0,10.244,9.756,9.756,8.0,0.0,0.0,32.0,22.887,23.299,23.299,-16.0,0.0,-0.0,33.0
26.402,1,fwd,10.0,11.8,5.618,5.4,5.4,16.0,0.0,0.0,37.0,-100.0,-100.0,-100.0,0.0,0.0,-0.0,32.0,-99.858,-100.0,-100.0,8.0,0.0,-0.0,33.0,-19.733,10.0,-13.076,-384.0,169.0,5.282,43.0,-100.0,-100.0,-100.0,-16.0,0.0,-0.0,32.0,10.244,9.756,9.756,8.0,0.0,0.0,32.0,22.887,23.299,23.299,-16.0,0.0,-0.0,33.0
26.4543,1,fwd,10.0,11.8,5.618,5.4,5.4,16.0,0.0,0.0,37.0,-100.0,-100.0,-100.0,0.0,0.0,-0.0,32.0,-99.858,-100.0,-100.0,8.0,0.0,-0.0,33.0,-18.933,10.0,-12.806,-384.0,169.0,9.695,43.0,-100.0,-100.0,-100.0,-16.0,0.0,-0.0,32.0,10.244,9.756,9.756,8.0,0.0,0.0,32.0,22.887,23.299,23.299,-16.0,0.0,-0.0,33.0
26.5075,1,fwd,10.0,11.8,5.618,5.4,5.4,16.0,0.0,0.0,37.0,-100.0,-100.0,-100.0,0.0,0.0,-0.0,32.0,-99.858,-100.0,-100.0,8.0,0.0,-0.0,33.0,-18.8,10.0,-12.538,-384.0,169.0,6.237,43.0,-100.0,-100.0,-100.0,-16.0,0.0,-0.0,32.0,10.244,9.756,9.756,8.0,0.0,0.0,32.0,22.887,23.299,23.299,-16.0,0.0,-0.0,33.0
26.5605,1,fwd,10.0,11.8,5.618,5.4,5.4,16.0,0.0,0.0,37.0,-100.0,-100.0,-100.0,0.0,0.0,-0.0,32.0,-99.858,-100.0,-100.0,8.0,0.0,-0.0,33.0,-18.533,10.0,-12.268,-384.0,169.0,5.585,43.0,-100.0,-100.0,-100.0,-16.0,0.0,-0.0,32.0,10.244,9.756,9.756,8.0,0.0,0.0,32.0,22.887,23.299,23.299,-16.0,0.0,-0.0,33.0
26.6124,1,fwd,10.0,11.8,5.618,5.4,5.4,16.0,0.0,0.0,37.0,-100.0,-100.0,-100.0,0.0,0.0,-0.0,32.0,-99.858,-100.0,-100.0,8.0,0.0,-0.0,33.0,-18.533,10.0,-12.001,-384.0,169.0,2.737,43.0,-100.0,-100.0,-100.0,-16.0,0.0,-0.0,32.0,10.244,9.756,9.756,8.0,0.0,0.0,32.0,22.887,23.299,23.299,-16.0,0.0,-0.0,33.0
26.6654,1,fwd,10.0,11.8,5.618,5.4,5.4,16.0,0.0,0.0,37.0,-100.0,-100.0,-100.0,0.0,0.0,-0.0,32.0,-99.858,-100.0,-100.0,8.0,0.0,-0.0,33.0,-18.133,10.0,-11.735,-384.0,169.0,5.763,43.0,-100.0,-100.0,-100.0,-16.0,0.0,-0.0,32.0,10.244,9.756,9.756,8.0,0.0,0.0,32.0,22.887,23.299,23.299,-16.0,0.0,-0.0,33.0
26.7191,1,fwd,10.0,11.8,5.618,5.4,5.4,16.0,0.0,0.0,37.0,-100.0,-100.0,-100.0,0.0,0.0,-0.0,32.0,-99.858,-100.0,-100.0,8.0,0.0,-0.0,33.0,-18.133,10.0,-11.428,-368.0,157.0,4.034,43.0,-100.0,-100.0,-100.0,-16.0,1.0,-0.0,32.0,10.244,9.756,9.756,8.0,0.0,0.0,32.0,22.887,23.299,23.299,-16.0,0.0,-0.0,33.0
26.7719,1,fwd,10.0,11.8,5.618,5.4,5.4,16.0,0.0,0.0,37.0,-100.0,-100.0,-100.0,0.0,0.0,-0.0,32.0,-99.858,-100.0,-100.0,8.0,0.0,-0.0,33.0,-18.133,10.0,-11.159,-368.0,157.0,1.977,43.0,-100.0,-100.0,-100.0,-16.0,1.0,-0.0,32.0,10.244,9.756,9.756,8.0,0.0,0.0,32.0,22.887,23.299,23.299,-16.0,0.0,-0.0,33.0
26.8246,1,fwd,10.0,11.8,5.618,5.4,5.4,16.0,0.0,0.0,37.0,-100.0,-100.0,-100.0,0.0,0.0,-0.0,32.0,-99.858,-100.0,-100.0,8.0,0.0,-0.0,33.0,-17.867,10.0,-10.889,-368.0,157.0,3.054,43.0,-100.0,-100.0,-100.0,-16.0,1.0,-0.0,32.0,10.244,9.756,9.756,8.0,0.0,0.0,32.0,22.887,23.299,23.299,-16.0,0.0,-0.0,33.0
26.8777,1,fwd,10.0,11.8,5.618,5.4,5.4,16.0,0.0,0.0,37.0,-100.0,-100.0,-100.0,0.0,0.0,-0.0,32.0,-99.858,-100.0,-100.0,8.0,0.0,-0.0,33.0,-17.6,10.0,-10.618,-368.0,157.0,4.479,43.0,-100.0,-100.0,-100.0,-16.0,1.0,-0.0,32.0,10.244,9.756,9.756,8.0,0.0,0.0,32.0,22.887,23.299,23.299,-16.0,0.0,-0.0,33.0
26.9309,1,fwd,10.0,11.8,5.618,5.4,5.4,16.0,0.0,0.0,37.0,-100.0,-100.0,-100.0,0.0,0.0,-0.0,32.0,-99.858,-100.0,-100.0,8.0,0.0,-0.0,33.0,-17.2,10.0,-10.349,-368.0,157.0,7.594,43.0,-100.0,-100.0,-100.0,-16.0,1.0,-0.0,32.0,10.244,9.756,9.756,8.0,0.0,0.0,32.0,22.887,23.299,23.299,-16.0,0.0,-0.0,33.0
26.9846,1,fwd,10.0,11.8,5.618,5.4,5.4,16.0,0.0,0.0,37.0,-100.0,-100.0,-100.0,0.0,0.0,-0.0,32.0,-99.858,-100.0,-100.0,8.0,0.0,-0.0,33.0,-17.067,10.0,-10.064,-368.0,157.0,4.647,43.0,-100.0,-100.0,-100.0,-16.0,1.0,-0.0,32.0,10.244,9.756,9.756,8.0,0.0,0.0,32.0,22.887,23.299,23.299,-16.0,0.0,-0.0,33.0
27.0374,1,fwd,10.0,11.8,5.618,5.4,5.4,16.0,0.0,0.0,37.0,-100.0,-100.0,-100.0,0.0,0.0,-0.0,32.0,-99.858,-100.0,-100.0,8.0,0.0,-0.0,33.0,-17.067,10.0,-9.911,-368.0,157.0,2.277,43.0,-100.0,-100.0,-100.0,-16.0,1.0,-0.0,32.0,10.244,9.756,9.756,8.0,0.0,0.0,32.0,22.887,23.299,23.299,-16.0,0.0,-0.0,33.0
27.0921,1,fwd,10.0,11.8,5.618,5.4,5.4,16.0,0.0,0.0,37.0,-100.0,-100.0,-100.0,0.0,0.0,-0.0,32.0,-99.858,-100.0,-100.0,8.0,0.0,-0.0,33.0,-16.8,10.0,-9.629,-368.0,157.0,4.121,43.0,-100.0,-100.0,-100.0,-16.0,1.0,-0.0,32.0,10.244,9.756,9.756,8.0,0.0,0.0,32.0,22.887,23.299,23.299,-16.0,0.0,-0.0,33.0
27.1457,1,fwd,10.0,11.8,5.618,5.4,5.4,16.0,0.0,0.0,37.0,-100.0,-100.0,-100.0,0.0,0.0,-0.0,32.0,-99.858,-100.0,-100.0,8.0,0.0,-0.0,33.0,-16.0,10.0,-9.36,-368.0,157.0,9.141,43.0,-100.0,-100.0,-100.0,-16.0,1.0,-0.0,32.0,10.244,9.756,9.756,8.0,0.0,0.0,32.0,22.887,23.299,23.299,-16.0,0.0,-0.0,33.0
27.199,1,fwd,10.0,11.8,5.618,5.4,5.4,16.0,0.0,0.0,37.0,-100.0,-100.0,-100.0,0.0,0.0,-0.0,32.0,-99.858,-100.0,-100.0,8.0,0.0,-0.0,33.0,-15.733,10.0,-9.094,-368.0,157.0,7.027,43.0,-100.0,-100.0,-100.0,-16.0,1.0,-0.0,32.0,10.244,9.756,9.756,8.0,0.0,0.0,32.0,22.887,23.299,23.299,-16.0,0.0,-0.0,33.0
27.2523,1,fwd,10.0,11.8,5.618,5.4,5.4,16.0,0.0,0.0,37.0,-100.0,-100.0,-100.0,0.0,0.0,-0.0,32.0,-99.858,-100.0,-100.0,8.0,0.0,-0.0,33.0,-15.6,10.0,-8.825,-368.0,157.0,4.946,43.0,-100.0,-100.0,-100.0,-16.0,1.0,-0.0,32.0,10.244,9.756,9.756,8.0,0.0,0.0,32.0,22.887,23.299,23.299,-16.0,0.0,-0.0,33.0
27.3057,1,fwd,10.0,11.8,5.618,5.4,5.4,16.0,0.0,0.0,37.0,-100.0,-100.0,-100.0,0.0,0.0,-0.0,32.0,-99.858,-100.0,-100.0,8.0,0.0,-0.0,33.0,-15.467,10.0,-8.526,-392.0,189.0,4.129,43.0,-100.0,-100.0,-100.0,-16.0,0.0,-0.0,32.0,10.244,9.756,9.756,8.0,0.0,0.0,32.0,22.887,23.299,23.299,-16.0,0.0,-0.0,33.0
27.359,1,fwd,10.0,11.8,5.618,5.4,5.4,16.0,0.0,0.0,37.0,-100.0,-100.0,-100.0,0.0,0.0,-0.0,32.0,-99.858,-100.0,-100.0,8.0,0.0,-0.0,33.0,-15.467,10.0,-8.258,-392.0,189.0,2.023,43.0,-100.0,-100.0,-100.0,-16.0,0.0,-0.0,32.0,10.244,9.756,9.756,8.0,0.0,0.0,32.0,22.887,23.299,23.299,-16.0,0.0,-0.0,33.0
27.4114,1,fwd,10.0,11.8,5.618,5.4,5.4,16.0,0.0,0.0,37.0,-100.0,-100.0,-100.0,0.0,0.0,-0.0,32.0,-99.858,-100.0,-100.0,8.0,0.0,-0.0,33.0,-15.067,10.0,-7.99,-392.0,189.0,5.389,43.0,-100.0,-100.0,-100.0,-16.0,0.0,-0.0,32.0,10.244,9.756,9.756,8.0,0.0,0.0,32.0,22.887,23.299,23.299,-16.0,0.0,-0.0,33.0
27.4646,1,fwd,10.0,11.8,5.618,5.4,5.4,16.0,0.0,0.0,37.0,-100.0,-100.0,-100.0,0.0,0.0,-0.0,32.0,-99.858,-100.0,-100.0,8.0,0.0,-0.0,33.0,-14.8,10.0,-7.717,-392.0,189.0,5.164,43.0,-100.0,-100.0,-100.0,-16.0,0.0,-0.0,32.0,10.244,9.756,9.756,8.0,0.0,0.0,32.0,22.887,23.299,23.299,-16.0,0.0,-0.0,33.0
27.5171,1,fwd,10.0,11.8,5.618,5.4,5.4,16.0,0.0,0.0,37.0,-100.0,-100.0,-100.0,0.0,0.0,-0.0,32.0,-99.858,-100.0,-100.0,8.0,0.0,-0.0,33.0,-14.8,10.0,-7.448,-392.0,189.0,2.53,43.0,-100.0,-100.0,-100.0,-16.0,0.0,-0.0,32.0,10.244,9.756,9.756,8.0,0.0,0.0,32.0,22.887,23.299,23.299,-16.0,0.0,-0.0,33.0
27.5702,1,fwd,10.0,11.8,5.618,5.4,5.4,16.0,0.0,0.0,37.0,-100.0,-100.0,-100.0,0.0,0.0,-0.0,32.0,-99.858,-100.0,-100.0,8.0,0.0,-0.0,33.0,-14.533,10.0,-7.182,-392.0,189.0,4.245,43.0,-100.0,-100.0,-100.0,-16.0,0.0,-0.0,32.0,10.244,9.756,9.756,8.0,0.0,0.0,32.0,22.887,23.299,23.299,-16.0,0.0,-0.0,33.0
27.6233,1,fwd,10.0,11.8,5.618,5.4,5.4,16.0,0.0,0.0,37.0,-100.0,-100.0,-100.0,0.0,0.0,-0.0,32.0,-99.858,-100.0,-100.0,8.0,0.0,-0.0,33.0,-14.133,10.0,-6.914,-392.0,189.0,5.675,43.0,-100.0,-100.0,-100.0,-16.0,0.0,-0.0,32.0,10.244,9.756,9.756,8.0,0.0,0.0,32.0,22.887,23.299,23.299,-16.0,0.0,-0.0,33.0
27.6762,1,fwd,10.0,11.8,5.618,5.4,5.4,16.0,0.0,0.0,37.0,-100.0,-100.0,-100.0,0.0,0.0,-0.0,32.0,-99.858,-100.0,-100.0,8.0,0.0,-0.0,33.0,-14.0,10.0,-6.65,-392.0,189.0,4.275,43.0,-100.0,-100.0,-100.0,-16.0,0.0,-0.0,32.0,10.244,9.756,9.756,8.0,0.0,0.0,32.0,22.887,23.299,23.299,-16.0,0.0,-0.0,33.0
27.7284,1,fwd,10.0,11.8,5.618,5.4,5.4,16.0,0.0,0.0,37.0,-100.0,-100.0,-100.0,0.0,0.0,-0.0,32.0,-99.858,-100.0,-100.0,8.0,0.0,-0.0,33.0,-13.2,10.0,-6.38,-392.0,189.0,9.608,43.0,-100.0,-100.0,-100.0,-16.0,0.0,-0.0,32.0,10.244,9.756,9.756,8.0,0.0,0.0,32.0,22.887,23.299,23.299,-16.0,0.0,-0.0,33.0
27.7819,1,fwd,10.0,11.8,5.618,5.4,5.4,16.0,0.0,0.0,37.0,-100.0,-100.0,-100.0,0.0,0.0,-0.0,32.0,-99.858,-100.0,-100.0,8.0,0.0,-0.0,33.0,-13.067,10.0,-6.109,-392.0,189.0,6.182,43.0,-100.0,-100.0,-100.0,-16.0,0.0,-0.0,32.0,10.244,9.756,9.756,8.0,0.0,0.0,32.0,22.887,23.299,23.299,-16.0,0.0,-0.0,33.0
27.8343,1,fwd,10.0,11.8,5.618,5.4,5.4,16.0,0.0,0.0,37.0,-100.0,-100.0,-100.0,0.0,0.0,-0.0,32.0,-99.858,-100.0,-100.0,8.0,0.0,-0.0,33.0,-12.667,10.0,-5.974,-392.0,189.0,8.814,43.0,-100.0,-100.0,-100.0,-16.0,0.0,-0.0,32.0,10.244,9.756,9.756,8.0,0.0,0.0,32.0,22.887,23.299,23.299,-16.0,0.0,-0.0,33.0
27.8877,1,fwd,10.0,11.8,5.618,5.4,5.4,16.0,0.0,0.0,37.0,-100.0,-100.0,-100.0,0.0,0.0,-0.0,32.0,-99.858,-100.0,-100.0,8.0,0.0,-0.0,33.0,-12.533,10.0,-5.542,-384.0,156.0,6.84,43.0,-100.0,-100.0,-100.0,-16.0,0.0,-0.0,32.0,10.244,9.756,9.756,8.0,0.0,0.0,32.0,22.887,23.299,23.299,-16.0,0.0,-0.0,33.0
27.9406,1,fwd,10.0,11.8,5.618,5.4,5.4,16.0,0.0,0.0,37.0,-100.0,-100.0,-100.0,0.0,0.0,-0.0,32.0,-99.858,-100.0,-100.0,8.0,0.0,-0.0,33.0,-12.533,10.0,-5.399,-384.0,156.0,3.352,43.0,-100.0,-100.0,-100.0,-16.0,0.0,-0.0,32.0,10.244,9.756,9.756,8.0,0.0,0.0,32.0,22.887,23.299,23.299,-16.0,0.0,-0.0,33.0
27.9938,1,fwd,10.0,11.8,5.618,5.4,5.4,16.0,0.0,0.0,37.0,-100.0,-100.0,-100.0,0.0,0.0,-0.0,32.0,-99.858,-100.0,-100.0,8.0,0.0,-0.0,33.0,-12.133,10.0,-5.12,-384.0,156.0,5.572,43.0,-100.0,-100.0,-100.0,-16.0,0.0,-0.0,32.0,10.244,9.756,9.756,8.0,0.0,0.0,32.0,22.887,23.299,23.299,-16.0,0.0,-0.0,33.0
28.0475,1,fwd,10.0,11.8,5.618,5.4,5.4,16.0,0.0,0.0,37.0,-100.0,-100.0,-100.0,0.0,0.0,-0.0,32.0,-99.858,-100.0,-100.0,8.0,0.0,-0.0,33.0,-11.867,10.0,-4.852,-384.0,156.0,4.833,43.0,-100.0,-100.0,-100.0,-16.0,0.0,-0.0,32.0,10.244,9.756,9.756,8.0,0.0,0.0,32.0,22.887,23.299,23.299,-16.0,0.0,-0.0,33.0
28.102,1,fwd,10.0,11.8,5.618,5.4,5.4,16.0,0.0,0.0,37.0,-100.0,-100.0,-100.0,0.0,0.0,-0.0,32.0,-99.858,-100.0,-100.0,8.0,0.0,-0.0,33.0,-11.867,10.0,-4.578,-384.0,156.0,2.368,43.0,-100.0,-100.0,-100.0,-16.0,0.0,-0.0,32.0,10.244,9.756,9.756,8.0,0.0,0.0,32.0,22.887,23.299,23.299,-16.0,0.0,-0.0,33.0
28.1549,1,fwd,10.0,11.8,5.618,5.4,5.4,16.0,0.0,0.0,37.0,-100.0,-100.0,-100.0,0.0,0.0,-0.0,32.0,-99.858,-100.0,-100.0,8.0,0.0,-0.0,33.0,-11.733,10.0,-4.311,-384.0,156.0,2.212,43.0,-100.0,-100.0,-100.0,-16.0,0.0,-0.0,32.0,10.244,9.756,9.756,8.0,0.0,0.0,32.0,22.887,23.299,23.299,-16.0,0.0,-0.0,33.0
28.208,1,fwd,10.0,11.8,5.618,5.4,5.4,16.0,0.0,0.0,37.0,-100.0,-100.0,-100.0,0.0,0.0,-0.0,32.0,-99.858,-100.0,-100.0,8.0,0.0,-0.0,33.0,-11.733,10.0,-4.045,-384.0,156.0,1.084,43.0,-100.0,-100.0,-100.0,-16.0,0.0,-0.0,32.0,10.244,9.756,9.756,8.0,0.0,0.0,32.0,22.887,23.299,23.299,-16.0,0.0,-0.0,33.0
28.2607,1,fwd,10.0,11.8,5.618,5.4,5.4,16.0,0.0,0.0,37.0,-100.0,-100.0,-100.0,0.0,0.0,-0.0,32.0,-99.858,-100.0,-100.0,8.0,0.0,-0.0,33.0,-10.933,10.0,-3.778,-384.0,156.0,8.111,43.0,-100.0,-100.0,-100.0,-16.0,0.0,-0.0,32.0,10.244,9.756,9.756,8.0,0.0,0.0,32.0,22.887,23.299,23.299,-16.0,0.0,-0.0,33.0
28.3141,1,fwd,10.0,11.8,5.618,5.4,5.4,16.0,0.0,0.0,37.0,-100.0,-100.0,-100.0,0.0,0.0,-0.0,32.0,-99.858,-100.0,-100.0,8.0,0.0,-0.0,33.0,-10.933,10.0,-3.509,-384.0,156.0,3.975,43.0,-100.0,-100.0,-100.0,-16.0,0.0,-0.0,32.0,10.244,9.756,9.756,8.0,0.0,0.0,32.0,22.887,23.299,23.299,-16.0,0.0,-0.0,33.0
28.3672,1,fwd,10.0,11.8,5.618,5.4,5.4,16.0,0.0,0.0,37.0,-100.0,-100.0,-100.0,0.0,0.0,-0.0,32.0,-99.858,-100.0,-100.0,8.0,0.0,-0.0,33.0,-10.933,10.0,-3.241,-384.0,156.0,1.948,43.0,-100.0,-100.0,-100.0,-16.0,0.0,-0.0,32.0,10.244,9.756,9.756,8.0,0.0,0.0,32.0,22.887,23.299,23.299,-16.0,0.0,-0.0,33.0
28.4202,1,fwd,10.0,11.8,5.618,5.4,5.4,16.0,0.0,0.0,37.0,-100.0,-100.0,-100.0,0.0,0.0,-0.0,32.0,-99.858,-100.0,-100.0,8.0,0.0,-0.0,33.0,-10.667,10.0,-3.107,-424.0,173.0,4.354,43.0,-100.0,-100.0,-100.0,-16.0,0.0,-0.0,32.0,10.244,9.756,9.756,8.0,0.0,0.0,32.0,22.887,23.299,23.299,-16.0,0.0,-0.0,33.0
28.4732,1,fwd,10.0,11.8,5.618,5.4,5.4,16.0,0.0,0.0,37.0,-100.0,-100.0,-100.0,0.0,0.0,-0.0,32.0,-99.858,-100.0,-100.0,8.0,0.0,-0.0,33.0,-9.6,10.0,-2.685,-424.0,173.0,6.023,43.0,-100.0,-100.0,-100.0,-16.0,0.0,-0.0,32.0,10.244,9.756,9.756,8.0,0.0,0.0,32.0,22.887,23.299,23.299,-16.0,0.0,-0.0,33.0
28.5256,1,fwd,10.0,11.8,5.618,5.4,5.4,16.0,0.0,0.0,37.0,-100.0,-100.0,-100.0,0.0,0.0,-0.0,32.0,-99.858,-100.0,-100.0,8.0,0.0,-0.0,33.0,-9.467,10.0,-2.417,-424.0,173.0,4.001,43.0,-100.0,-100.0,-100.0,-16.0,0.0,-0.0,32.0,10.244,9.756,9.756,8.0,0.0,0.0,32.0,22.887,23.299,23.299,-16.0,0.0,-0.0,33.0
28.5791,1,fwd,10.0,11.8,5.618,5.4,5.4,16.0,0.0,0.0,37.0,-100.0,-100.0,-100.0,0.0,0.0,-0.0,32.0,-99.858,-100.0,-100.0,8.0,0.0,-0.0,33.0,-9.467,10.0,-2.149,-424.0,173.0,1.96,43.0,-100.0,-100.0,-100.0,-16.0,0.0,-0.0,32.0,10.244,9.756,9.756,8.0,0.0,0.0,32.0,22.887,23.299,23.299,-16.0,0.0,-0.0,33.0
28.6315,1,fwd,10.0,11.8,5.618,5.4,5.4,16.0,0.0,0.0,37.0,-100.0,-100.0,-100.0,0.0,0.0,-0.0,32.0,-99.858,-100.0,-100.0,8.0,0.0,-0.0,33.0,-9.333,10.0,-1.881,-424.0,173.0,2.456,43.0,-100.0,-100.0,-100.0,-16.0,0.0,-0.0,32.0,10.244,9.756,9.756,8.0,0.0,0.0,32.0,22.887,23.299,23.299,-16.0,0.0,-0.0,33.0
28.6848,1,fwd,10.0,11.8,5.618,5.4,5.4,16.0,0.0,0.0,37.0,-100.0,-100.0,-100.0,0.0,0.0,-0.0,32.0,-99.858,-100.0,-100.0,8.0,0.0,-0.0,33.0,-8.8,10.0,-1.614,-424.0,173.0,6.308,43.0,-100.0,-100.0,-100.0,-16.0,0.0,-0.0,32.0,10.244,9.756,9.756,8.0,0.0,0.0,32.0,22.887,23.299,23.299,-16.0,0.0,-0.0,33.0
28.7376,1,fwd,10.0,11.8,5.618,5.4,5.4,16.0,0.0,0.0,37.0,-100.0,-100.0,-100.0,0.0,0.0,-0.0,32.0,-99.858,-100.0,-100.0,8.0,0.0,-0.0,33.0,-8.8,10.0,-1.348,-424.0,173.0,3.091,43.0,-100.0,-100.0,-100.0,-16.0,0.0,-0.0,32.0,10.244,9.756,9.756,8.0,0.0,0.0,32.0,22.887,23.299,23.299,-16.0,0.0,-0.0,33.0
28.7907,1,fwd,10.0,11.8,5.618,5.4,5.4,16.0,0.0,0.0,37.0,-100.0,-100.0,-100.0,0.0,0.0,-0.0,32.0,-99.858,-100.0,-100.0,8.0,0.0,-0.0,33.0,-8.667,10.0,-1.074,-424.0,173.0,2.557,43.0,-100.0,-100.0,-100.0,-16.0,0.0,-0.0,32.0,10.244,9.756,9.756,8.0,0.0,0.0,32.0,22.887,23.299,23.299,-16.0,0.0,-0.0,33.0
28.8438,1,fwd,10.0,11.8,5.618,5.4,5.4,16.0,0.0,0.0,37.0,-100.0,-100.0,-100.0,0.0,0.0,-0.0,32.0,-99.858,-100.0,-100.0,8.0,0.0,-0.0,33.0,-8.667,10.0,-0.803,-424.0,173.0,1.253,43.0,-100.0,-100.0,-100.0,-16.0,0.0,-0.0,32.0,10.244,9.756,9.756,8.0,0.0,0.0,32.0,22.887,23.299,23.299,-16.0,0.0,-0.0,33.0
28.8971,1,fwd,10.0,11.8,5.618,5.4,5.4,16.0,0.0,0.0,37.0,-100.0,-100.0,-100.0,0.0,0.0,-0.0,32.0,-99.858,-100.0,-100.0,8.0,0.0,-0.0,33.0,-8.133,10.0,-0.533,-424.0,173.0,6.584,43.0,-100.0,-100.0,-100.0,-16.0,0.0,-0.0,32.0,10.244,9.756,9.756,8.0,0.0,0.0,32.0,22.887,23.299,23.299,-16.0,0.0,-0.0,33.0
28.9494,1,fwd,10.0,11.8,5.618,5.4,5.4,16.0,0.0,0.0,37.0,-100.0,-100.0,-100.0,0.0,0.0,-0.0,32.0,-99.858,-100.0,-100.0,8.0,0.0,-0.0,33.0,-7.867,10.0,-0.264,-424.0,173.0,5.3,43.0,-100.0,-100.0,-100.0,-16.0,0.0,-0.0,32.0,10.244,9.756,9.756,8.0,0.0,0.0,32.0,22.887,23.299,23.299,-16.0,0.0,-0.0,33.0
29.003,1,fwd,10.0,11.7,5.618,5.4,5.4,16.0,0.0,0.0,37.0,-100.0,-100.0,-100.0,0.0,0.0,-0.0,32.0,-99.858,-100.0,-100.0,8.0,0.0,-0.0,33.0,-7.867,10.0,0.032,-452.0,209.0,5.3,43.0,-100.0,-100.0,-100.0,-16.0,0.0,-0.0,32.0,10.244,9.756,9.756,8.0,0.0,0.0,32.0,22.887,23.299,23.299,-16.0,0.0,-0.0,33.0
29.0556,1,fwd,10.0,11.7,5.618,5.4,5.4,16.0,0.0,0.0,37.0,-100.0,-100.0,-100.0,0.0,0.0,-0.0,32.0,-99.858,-100.0,-100.0,8.0,0.0,-0.0,33.0,-7.733,10.0,0.178,-452.0,209.0,3.055,43.0,-100.0,-100.0,-100.0,-16.0,0.0,-0.0,32.0,10.244,9.756,9.756,8.0,0.0,0.0,32.0,22.887,23.299,23.299,-16.0,0.0,-0.0,33.0
29.1094,1,fwd,10.0,11.7,5.618,5.4,5.4,16.0,0.0,0.0,37.0,-100.0,-100.0,-100.0,0.0,0.0,-0.0,32.0,-99.858,-100.0,-100.0,8.0,0.0,-0.0,33.0,-6.933,10.0,0.465,-452.0,209.0,8.765,43.0,-100.0,-100.0,-100.0,-16.0,0.0,-0.0,32.0,10.244,9.756,9.756,8.0,0.0,0.0,32.0,22.887,23.299,23.299,-16.0,0.0,-0.0,33.0
29.1631,1,fwd,10.0,11.7,5.618,5.4,5.4,16.0,0.0,0.0,37.0,-100.0,-100.0,-100.0,0.0,0.0,-0.0,32.0,-99.858,-100.0,-100.0,8.0,0.0,-0.0,33.0,-6.4,10.0,0.733,-452.0,209.0,8.917,43.0,-100.0,-100.0,-100.0,-16.0,0.0,-0.0,32.0,10.244,9.756,9.756,8.0,0.0,0.0,32.0,22.887,23.299,23.299,-16.0,0.0,-0.0,33.0
29.2155,1,fwd,10.0,11.7,5.618,5.4,5.4,16.0,0.0,0.0,37.0,-100.0,-100.0,-100.0,0.0,0.0,-0.0,32.0,-99.858,-100.0,-100.0,8.0,0.0,-0.0,33.0,-6.267,10.0,0.999,-452.0,209.0,5.427,43.0,-100.0,-100.0,-100.0,-16.0,0.0,-0.0,32.0,10.244,9.756,9.756,8.0,0.0,0.0,32.0,22.887,23.299,23.299,-16.0,0.0,-0.0,33.0
29.2685,1,fwd,10.0,11.7,5.618,5.4,5.4,16.0,0.0,0.0,37.0,-100.0,-100.0,-100.0,0.0,0.0,-0.0,32.0,-99.858,-100.0,-100.0,8.0,0.0,-0.0,33.0,-6.0,10.0,1.269,-452.0,209.0,5.586,43.0,-100.0,-100.0,-100.0,-16.0,0.0,-0.0,32.0,10.244,9.756,9.756,8.0,0.0,0.0,32.0,22.887,23.299,23.299,-16.0,0.0,-0.0,33.0
29.3215,1,fwd,10.0,11.7,5.618,5.4,5.4,16.0,0.0,0.0,37.0,-100.0,-100.0,-100.0,0.0,0.0,-0.0,32.0,-99.858,-100.0,-100.0,8.0,0.0,-0.0,33.0,-6.0,10.0,1.538,-452.0,209.0,2.737,43.0,-100.0,-100.0,-100.0,-16.0,0.0,-0.0,32.0,10.244,9.756,9.756,8.0,0.0,0.0,32.0,22.887,23.299,23.299,-16.0,0.0,-0.0,33.0
29.3752,1,fwd,10.0,11.7,5.618,5.4,5.4,16.0,0.0,0.0,37.0,-100.0,-100.0,-100.0,0.0,0.0,-0.0,32.0,-99.858,-100.0,-100.0,8.0,0.0,-0.0,33.0,-5.467,10.0,1.811,-452.0,209.0,6.321,43.0,-100.0,-100.0,-100.0,-16.0,0.0,-0.0,32.0,10.244,9.756,9.756,8.0,0.0,0.0,32.0,22.887,23.299,23.299,-16.0,0.0,-0.0,33.0
29.4276,1,fwd,10.0,11.7,5.618,5.4,5.4,16.0,0.0,0.0,37.0,-100.0,-100.0,-100.0,0.0,0.0,-0.0,32.0,-99.858,-100.0,-100.0,8.0,0.0,-0.0,33.0,-5.467,10.0,2.081,-452.0,209.0,3.097,43.0,-100.0,-100.0,-100.0,-16.0,0.0,-0.0,32.0,10.244,9.756,9.756,8.0,0.0,0.0,32.0,22.887,23.299,23.299,-16.0,0.0,-0.0,33.0
29.4805,1,fwd,10.0,11.7,5.618,5.4,5.4,16.0,0.0,0.0,37.0,-100.0,-100.0,-100.0,0.0,0.0,-0.0,32.0,-99.858,-100.0,-100.0,8.0,0.0,-0.0,33.0,-5.467,10.0,2.351,-452.0,209.0,1.518,43.0,-100.0,-100.0,-100.0,-16.0,0.0,-0.0,32.0,10.244,9.756,9.756,8.0,0.0,0.0,32.0,22.887,23.299,23.299,-16.0,0.0,-0.0,33.0
29.5341,1,fwd,10.0,11.7,5.618,5.4,5.4,16.0,0.0,0.0,37.0,-100.0,-100.0,-100.0,0.0,0.0,-0.0,32.0,-99.858,-100.0,-100.0,8.0,0.0,-0.0,33.0,-5.467,10.0,2.622,-452.0,209.0,0.744,43.0,-100.0,-100.0,-100.0,-16.0,0.0,-0.0,32.0,10.244,9.756,9.756,8.0,0.0,0.0,32.0,22.887,23.299,23.299,-16.0,0.0,-0.0,33.0
29.5871,1,fwd,10.0,11.7,5.618,5.4,5.4,16.0,0.0,0.0,37.0,-100.0,-100.0,-100.0,0.0,0.0,-0.0,32.0,-99.858,-100.0,-100.0,8.0,0.0,-0.0,33.0,-5.467,10.0,2.925,-472.0,224.0,0.521,43.0,-100.0,-100.0,-100.0,-16.0,0.0,-0.0,32.0,10.244,9.756,9.756,8.0,0.0,0.0,32.0,22.887,23.299,23.299,-16.0,1.0,-0.0,33.0
29.6395,1,fwd,10.0,11.7,5.618,5.4,5.4,16.0,0.0,0.0,37.0,-100.0,-100.0,-100.0,0.0,0.0,-0.0,32.0,-99.858,-100.0,-100.0,8.0,0.0,-0.0,33.0,-4.8,10.0,3.192,-472.0,224.0,7.699,43.0,-100.0,-100.0,-100.0,-16.0,0.0,-0.0,32.0,10.244,9.756,9.756,8.0,0.0,0.0,32.0,22.887,23.299,23.299,-16.0,1.0,-0.0,33.0
29.6926,1,fwd,10.0,11.7,5.618,5.4,5.4,16.0,0.0,0.0,37.0,-100.0,-100.0,-100.0,0.0,0.0,-0.0,32.0,-99.858,-100.0,-100.0,8.0,0.0,-0.0,33.0,-4.667,10.0,3.46,-472.0,224.0,6.894,43.0,-100.0,-100.0,-100.0,-16.0,0.0,-0.0,32.0,10.244,9.756,9.756,8.0,0.0,0.0,32.0,22.887,23.299,23.299,-16.0,1.0,-0.0,33.0
29.7458,1,fwd,10.0,11.7,5.618,5.4,5.4,16.0,0.0,0.0,37.0,-100.0,-100.0,-100.0,0.0,0.0,-0.0,32.0,-99.858,-100.0,-100.0,8.0,0.0,-0.0,33.0,-4.667,10.0,3.751,-472.0,224.0,3.378,43.0,-100.0,-100.0,-100.0,-16.0,0.0,-0.0,32.0,10.244,9.756,9.756,8.0,0.0,0.0,32.0,22.887,23.299,23.299,-16.0,1.0,-0.0,33.0
29.7992,1,fwd,10.0,11.7,5.618,5.4,5.4,16.0,0.0,0.0,37.0,-100.0,-100.0,-100.0,0.0,0.0,-0.0,32.0,-99.858,-100.0,-100.0,8.0,0.0,-0.0,33.0,-3.867,10.0,4.025,-472.0,224.0,8.176,43.0,-100.0,-100.0,-100.0,-16.0,0.0,-0.0,32.0,10.244,9.756,9.756,8.0,0.0,0.0,32.0,22.887,23.299,23.299,-16.0,1.0,-0.0,33.0
29.8529,1,fwd,10.0,11.7,5.618,5.4,5.4,16.0,0.0,0.0,37.0,-100.0,-100.0,-100.0,0.0,0.0,-0.0,32.0,-99.858,-100.0,-100.0,8.0,0.0,-0.0,33.0,-3.2,10.0,4.173,-472.0,224.0,10.923,43.0,-100.0,-100.0,-100.0,-16.0,0.0,-0.0,32.0,10.244,9.756,9.756,8.0,0.0,0.0,32.0,22.887,23.299,23.299,-16.0,1.0,-0.0,33.0
29.9056,1,fwd,10.0,11.7,5.618,5.4,5.4,16.0,0.0,0.0,37.0,-100.0,-100.0,-100.0,0.0,0.0,-0.0,32.0,-99.858,-100.0,-100.0,8.0,0.0,-0.0,33.0,-2.8,10.0,4.446,-472.0,224.0,8.862,43.0,-100.0,-100.0,-100.0,-16.0,0.0,-0.0,32.0,10.244,9.756,9.756,8.0,0.0,0.0,32.0,22.887,23.299,23.299,-16.0,1.0,-0.0,33.0
29.9584,1,fwd,10.0,11.7,5.618,5.4,5.4,16.0,0.0,0.0,37.0,-100.0,-100.0,-100.0,0.0,0.0,-0.0,32.0,-99.858,-100.0,-100.0,8.0,0.0,-0.0,33.0,-2.667,10.0,4.713,-472.0,224.0,5.833,43.0,-100.0,-100.0,-100.0,-16.0,0.0,-0.0,32.0,10.244,9.756,9.756,8.0,0.0,0.0,32.0,22.887,23.299,23.299,-16.0,1.0,-0.0,33.0
30.0116,1,fwd,10.0,11.7,5.618,5.4,5.4,16.0,0.0,0.0,37.0,-100.0,-100.0,-100.0,0.0,0.0,-0.0,32.0,-99.858,-100.0,-100.0,8.0,0.0,-0.0,33.0,-2.533,10.0,4.981,-472.0,224.0,4.326,43.0,-100.0,-100.0,-100.0,-16.0,0.0,-0.0,32.0,10.244,9.756,9.756,8.0,0.0,0.0,32.0,22.887,23.299,23.299,-16.0,1.0,-0.0,33.0
30.0645,1,fwd,10.0,11.7,5.618,5.4,5.4,16.0,0.0,0.0,37.0,-100.0,-100.0,-100.0,0.0,0.0,-0.0,32.0,-99.858,-100.0,-100.0,8.0,0.0,-0.0,33.0,-2.533,10.0,5.249,-472.0,224.0,2.12,43.0,-100.0,-100.0,-100.0,-16.0,0.0,-0.0,32.0,10.244,9.756,9.756,8.0,0.0,0.0,32.0,22.887,23.299,23.299,-16.0,1.0,-0.0,33.0
30.1189,1,fwd,10.0,11.7,5.618,5.4,5.4,16.0,0.0,0.0,37.0,-100.0,-100.0,-100.0,0.0,0.0,-0.0,32.0,-99.858,-100.0,-100.0,8.0,0.0,-0.0,33.0,-2.533,10.0,5.517,-472.0,224.0,1.039,43.0,-100.0,-100.0,-100.0,-16.0,0.0,-0.0,32.0,10.244,9.756,9.756,8.0,0.0,0.0,32.0,22.887,23.299,23.299,-16.0,1.0,-0.0,33.0
30.1723,1,fwd,10.0,11.7,5.618,5.4,5.4,16.0,0.0,0.0,37.0,-100.0,-100.0,-100.0,0.0,0.0,-0.0,33.0,-99.858,-100.0,-100.0,8.0,0.0,-0.0,33.0,-2.533,10.0,5.816,-472.0,215.0,0.727,44.0,-100.0,-100.0,-100.0,-16.0,1.0,-0.0,32.0,10.244,9.756,9.756,8.0,0.0,0.0,32.0,22.887,23.299,23.299,-16.0,0.0,-0.0,33.0
30.2258,1,fwd,10.0,11.7,5.618,5.4,5.4,16.0,0.0,0.0,37.0,-100.0,-100.0,-100.0,0.0,0.0,-0.0,33.0,-99.858,-100.0,-100.0,8.0,0.0,-0.0,33.0,-2.533,10.0,6.083,-472.0,215.0,0.356,44.0,-100.0,-100.0,-100.0,-16.0,1.0,-0.0,32.0,10.244,9.756,9.756,8.0,0.0,0.0,32.0,22.887,23.299,23.299,-16.0,0.0,-0.0,33.0
30.2788,1,fwd,10.0,11.7,5.618,5.4,5.4,16.0,0.0,0.0,37.0,-100.0,-100.0,-100.0,0.0,0.0,-0.0,33.0,-99.858,-100.0,-100.0,8.0,0.0,-0.0,33.0,-2.0,10.0,6.351,-472.0,215.0,6.037,44.0,-100.0,-100.0,-100.0,-16.0,1.0,-0.0,32.0,10.244,9.756,9.756,8.0,0.0,0.0,32.0,22.887,23.299,23.299,-16.0,0.0,-0.0,33.0
30.3314,1,fwd,10.0,11.7,5.618,5.4,5.4,16.0,0.0,0.0,37.0,-100.0,-100.0,-100.0,0.0,0.0,-0.0,33.0,-99.858,-100.0,-100.0,8.0,0.0,-0.0,33.0,-1.6,10.0,6.622,-472.0,215.0,6.035,44.0,-100.0,-100.0,-100.0,-16.0,1.0,-0.0,32.0,10.244,9.756,9.756,8.0,0.0,0.0,32.0,22.887,23.299,23.299,-16.0,0.0,-0.0,33.0
30.385,1,fwd,10.0,11.7,5.618,5.4,5.4,16.0,0.0,0.0,37.0,-100.0,-100.0,-100.0,0.0,0.0,-0.0,33.0,-99.858,-100.0,-100.0,8.0,0.0,-0.0,33.0,-1.333,10.0,6.893,-472.0,215.0,5.921,44.0,-100.0,-100.0,-100.0,-16.0,1.0,-0.0,32.0,10.244,9.756,9.756,8.0,0.0,0.0,32.0,22.887,23.299,23.299,-16.0,0.0,-0.0,33.0
30.4375,1,fwd,10.0,11.7,5.618,5.4,5.4,16.0,0.0,0.0,37.0,-100.0,-100.0,-100.0,0.0,0.0,-0.0,33.0,-99.858,-100.0,-100.0,8.0,0.0,-0.0,33.0,-0.667,10.0,7.163,-472.0,215.0,9.018,44.0,-100.0,-100.0,-100.0,-16.0,1.0,-0.0,32.0,10.244,9.756,9.756,8.0,0.0,0.0,32.0,22.887,23.299,23.299,-16.0,0.0,-0.0,33.0
30.491,1,fwd,10.0,11.7,5.618,5.4,5.4,16.0,0.0,0.0,37.0,-100.0,-100.0,-100.0,0.0,0.0,-0.0,33.0,-99.858,-100.0,-100.0,8.0,0.0,-0.0,33.0,-0.133,10.0,7.433,-472.0,215.0,9.418,44.0,-100.0,-100.0,-100.0,-16.0,1.0,-0.0,32.0,10.244,9.756,9.756,8.0,0.0,0.0,32.0,22.887,23.299,23.299,-16.0,0.0,-0.0,33.0
30.5434,1,fwd,10.0,11.7,5.618,5.4,5.4,16.0,0.0,0.0,37.0,-100.0,-100.0,-100.0,0.0,0.0,-0.0,33.0,-99.858,-100.0,-100.0,8.0,0.0,-0.0,33.0,-0.133,10.0,7.705,-472.0,215.0,4.615,44.0,-100.0,-100.0,-100.0,-16.0,1.0,-0.0,32.0,10.244,9.756,9.756,8.0,0.0,0.0,32.0,22.887,23.299,23.299,-16.0,0.0,-0.0,33.0
30.5968,1,fwd,10.0,11.7,5.618,5.4,5.4,16.0,0.0,0.0,37.0,-100.0,-100.0,-100.0,0.0,0.0,-0.0,33.0,-99.858,-100.0,-100.0,8.0,0.0,-0.0,33.0,-0.133,10.0,7.973,-472.0,215.0,2.261,44.0,-100.0,-100.0,-100.0,-16.0,1.0,-0.0,32.0,10.244,9.756,9.756,8.0,0.0,0.0,32.0,22.887,23.299,23.299,-16.0,0.0,-0.0,33.0
30.6502,1,fwd,10.0,11.7,5.618,5.4,5.4,16.0,0.0,0.0,37.0,-100.0,-100.0,-100.0,0.0,0.0,-0.0,33.0,-99.858,-100.0,-100.0,8.0,0.0,-0.0,33.0,0.533,10.0,8.242,-472.0,215.0,7.702,44.0,-100.0,-100.0,-100.0,-16.0,1.0,-0.0,32.0,10.244,9.756,9.756,8.0,0.0,0.0,32.0,22.887,23.299,23.299,-16.0,0.0,-0.0,33.0
30.7038,1,fwd,10.0,11.7,5.618,5.4,5.4,16.0,0.0,0.0,37.0,-100.0,-100.0,-100.0,0.0,0.0,-0.0,33.0,-99.858,-100.0,-100.0,8.0,0.0,-0.0,33.0,0.667,10.0,8.375,-472.0,215.0,6.867,44.0,-100.0,-100.0,-100.0,-16.0,1.0,-0.0,32.0,10.244,9.756,9.756,8.0,0.0,0.0,32.0,22.887,23.299,23.299,-16.0,0.0,-0.0,33.0
30.7565,1,fwd,10.0,11.7,5.618,5.4,5.4,16.0,0.0,0.0,37.0,-100.0,-100.0,-100.0,0.0,0.0,-0.0,33.0,-99.858,-100.0,-100.0,8.0,0.0,-0.0,33.0,0.667,10.0,8.811,-448.0,193.0,4.807,44.0,-100.0,-100.0,-100.0,-16.0,0.0,-0.0,32.0,10.244,9.756,9.756,8.0,0.0,0.0,32.0,22.887,23.299,23.299,-16.0,0.0,-0.0,33.0
30.8093,1,fwd,10.0,11.7,5.618,5.4,5.4,16.0,0.0,0.0,37.0,-100.0,-100.0,-100.0,0.0,0.0,-0.0,33.0,-99.858,-100.0,-100.0,8.0,0.0,-0.0,33.0,0.667,10.0,8.945,-448.0,193.0,2.356,44.0,-100.0,-100.0,-100.0,-16.0,0.0,-0.0,32.0,10.244,9.756,9.756,8.0,0.0,0.0,32.0,22.887,23.299,23.299,-16.0,0.0,-0.0,33.0
30.863,1,fwd,10.0,11.7,5.618,5.4,5.4,16.0,0.0,0.0,37.0,-100.0,-100.0,-100.0,0.0,0.0,-0.0,33.0,-99.858,-100.0,-100.0,8.0,0.0,-0.0,33.0,0.667,10.0,9.228,-448.0,193.0,1.154,44.0,-100.0,-100.0,-100.0,-16.0,0.0,-0.0,32.0,10.244,9.756,9.756,8.0,0.0,0.0,32.0,22.887,23.299,23.299,-16.0,0.0,-0.0,33.0
30.9155,1,fwd,10.0,11.7,5.618,5.4,5.4,16.0,0.0,0.0,37.0,-100.0,-100.0,-100.0,0.0,0.0,-0.0,33.0,-99.858,-100.0,-100.0,8.0,0.0,-0.0,33.0,0.933,10.0,9.495,-448.0,193.0,3.543,44.0,-100.0,-100.0,-100.0,-16.0,0.0,-0.0,32.0,10.244,9.756,9.756,8.0,0.0,0.0,32.0,22.887,23.299,23.299,-16.0,0.0,-0.0,33.0
30.969,1,fwd,10.0,11.7,5.618,5.4,5.4,16.0,0.0,0.0,37.0,-100.0,-100.0,-100.0,0.0,0.0,-0.0,33.0,-99.858,-100.0,-100.0,8.0,0.0,-0.0,33.0,1.467,10.0,9.761,-448.0,193.0,5.968,44.0,-100.0,-100.0,-100.0,-16.0,0.0,-0.0,32.0,10.244,9.756,9.756,8.0,0.0,0.0,32.0,22.887,23.299,23.299,-16.0,0.0,-0.0,33.0
31.0222,1,hold_end,10.0,11.7,5.618,5.4,5.4,16.0,0.0,0.0,37.0,-100.0,-100.0,-100.0,0.0,0.0,-0.0,33.0,-99.858,-100.0,-100.0,8.0,0.0,-0.0,33.0,1.467,10.0,10.0,-448.0,193.0,2.924,44.0,-100.0,-100.0,-100.0,-16.0,0.0,-0.0,32.0,10.244,9.756,9.756,8.0,0.0,0.0,32.0,22.887,23.299,23.299,-16.0,0.0,-0.0,33.0
31.0756,1,hold_end,10.0,11.7,5.618,5.4,5.4,16.0,0.0,0.0,37.0,-100.0,-100.0,-100.0,0.0,0.0,-0.0,33.0,-99.858,-100.0,-100.0,8.0,0.0,-0.0,33.0,1.867,10.0,10.0,-448.0,193.0,5.898,44.0,-100.0,-100.0,-100.0,-16.0,0.0,-0.0,32.0,10.244,9.756,9.756,8.0,0.0,0.0,32.0,22.887,23.299,23.299,-16.0,0.0,-0.0,33.0
31.1305,1,hold_end,10.0,11.7,5.618,5.4,5.4,16.0,0.0,0.0,37.0,-100.0,-100.0,-100.0,0.0,0.0,-0.0,33.0,-99.858,-100.0,-100.0,8.0,0.0,-0.0,33.0,2.8,10.0,10.0,-448.0,193.0,11.552,44.0,-100.0,-100.0,-100.0,-16.0,0.0,-0.0,32.0,10.244,9.756,9.756,8.0,0.0,0.0,32.0,22.887,23.299,23.299,-16.0,0.0,-0.0,33.0
31.1838,1,hold_end,10.0,11.7,5.618,5.4,5.4,16.0,0.0,0.0,37.0,-100.0,-100.0,-100.0,0.0,0.0,-0.0,33.0,-99.858,-100.0,-100.0,8.0,0.0,-0.0,33.0,2.933,10.0,10.0,-448.0,193.0,6.698,44.0,-100.0,-100.0,-100.0,-16.0,0.0,-0.0,32.0,10.244,9.756,9.756,8.0,0.0,0.0,32.0,22.887,23.299,23.299,-16.0,0.0,-0.0,33.0
31.2369,1,hold_end,10.0,11.7,5.618,5.4,5.4,16.0,0.0,0.0,37.0,-100.0,-100.0,-100.0,0.0,0.0,-0.0,33.0,-99.858,-100.0,-100.0,8.0,0.0,-0.0,33.0,2.933,10.0,10.0,-448.0,193.0,3.282,44.0,-100.0,-100.0,-100.0,-16.0,0.0,-0.0,32.0,10.244,9.756,9.756,8.0,0.0,0.0,32.0,22.887,23.299,23.299,-16.0,0.0,-0.0,33.0
31.2899,1,hold_end,10.0,11.7,5.618,5.4,5.4,16.0,0.0,0.0,37.0,-100.0,-100.0,-100.0,0.0,0.0,-0.0,33.0,-99.858,-100.0,-100.0,8.0,0.0,-0.0,33.0,2.933,10.0,10.0,-424.0,178.0,2.297,44.0,-100.0,-100.0,-100.0,-16.0,0.0,-0.0,31.0,10.244,9.756,9.756,8.0,0.0,0.0,32.0,22.887,23.299,23.299,-16.0,0.0,-0.0,33.0
31.3428,1,hold_end,10.0,11.7,5.618,5.4,5.4,16.0,0.0,0.0,37.0,-100.0,-100.0,-100.0,0.0,0.0,-0.0,33.0,-99.858,-100.0,-100.0,8.0,0.0,-0.0,33.0,2.933,10.0,10.0,-424.0,178.0,1.126,44.0,-100.0,-100.0,-100.0,-16.0,0.0,-0.0,31.0,10.244,9.756,9.756,8.0,0.0,0.0,32.0,22.887,23.299,23.299,-16.0,0.0,-0.0,33.0
31.3952,1,hold_end,10.0,11.7,5.618,5.4,5.4,16.0,0.0,0.0,37.0,-100.0,-100.0,-100.0,0.0,0.0,-0.0,33.0,-99.858,-100.0,-100.0,8.0,0.0,-0.0,33.0,2.933,10.0,10.0,-424.0,178.0,0.552,44.0,-100.0,-100.0,-100.0,-16.0,0.0,-0.0,31.0,10.244,9.756,9.756,8.0,0.0,0.0,32.0,22.887,23.299,23.299,-16.0,0.0,-0.0,33.0
31.4486,1,hold_end,10.0,11.7,5.618,5.4,5.4,16.0,0.0,0.0,37.0,-100.0,-100.0,-100.0,0.0,0.0,-0.0,33.0,-99.858,-100.0,-100.0,8.0,0.0,-0.0,33.0,2.933,10.0,10.0,-424.0,178.0,0.27,44.0,-100.0,-100.0,-100.0,-16.0,0.0,-0.0,31.0,10.244,9.756,9.756,8.0,0.0,0.0,32.0,22.887,23.299,23.299,-16.0,0.0,-0.0,33.0
31.5012,1,hold_end,10.0,11.7,5.618,5.4,5.4,16.0,0.0,0.0,37.0,-100.0,-100.0,-100.0,0.0,0.0,-0.0,33.0,-99.858,-100.0,-100.0,8.0,0.0,-0.0,33.0,2.933,10.0,10.0,-424.0,178.0,0.132,44.0,-100.0,-100.0,-100.0,-16.0,0.0,-0.0,31.0,10.244,9.756,9.756,8.0,0.0,0.0,32.0,22.887,23.299,23.299,-16.0,0.0,-0.0,33.0
31.5534,1,hold_end,10.0,11.7,5.618,5.4,5.4,16.0,0.0,0.0,37.0,-100.0,-100.0,-100.0,0.0,0.0,-0.0,33.0,-99.858,-100.0,-100.0,8.0,0.0,-0.0,33.0,2.933,10.0,10.0,-424.0,178.0,0.065,44.0,-100.0,-100.0,-100.0,-16.0,0.0,-0.0,31.0,10.244,9.756,9.756,8.0,0.0,0.0,32.0,22.887,23.299,23.299,-16.0,0.0,-0.0,33.0
31.6071,1,hold_end,10.0,11.7,5.618,5.4,5.4,16.0,0.0,0.0,37.0,-100.0,-100.0,-100.0,0.0,0.0,-0.0,33.0,-99.858,-100.0,-100.0,8.0,0.0,-0.0,33.0,2.933,10.0,10.0,-424.0,178.0,0.032,44.0,-100.0,-100.0,-100.0,-16.0,0.0,-0.0,31.0,10.244,9.756,9.756,8.0,0.0,0.0,32.0,22.887,23.299,23.299,-16.0,0.0,-0.0,33.0
31.6595,1,hold_end,10.0,11.7,5.618,5.4,5.4,16.0,0.0,0.0,37.0,-100.0,-100.0,-100.0,0.0,0.0,-0.0,33.0,-99.858,-100.0,-100.0,8.0,0.0,-0.0,33.0,2.933,10.0,10.0,-424.0,178.0,0.016,44.0,-100.0,-100.0,-100.0,-16.0,0.0,-0.0,31.0,10.244,9.756,9.756,8.0,0.0,0.0,32.0,22.887,23.299,23.299,-16.0,0.0,-0.0,33.0
31.7128,1,hold_end,10.0,11.7,5.618,5.4,5.4,16.0,0.0,0.0,37.0,-100.0,-100.0,-100.0,0.0,0.0,-0.0,33.0,-99.858,-100.0,-100.0,8.0,0.0,-0.0,33.0,2.933,10.0,10.0,-424.0,178.0,0.008,44.0,-100.0,-100.0,-100.0,-16.0,0.0,-0.0,31.0,10.244,9.756,9.756,8.0,0.0,0.0,32.0,22.887,23.299,23.299,-16.0,0.0,-0.0,33.0
31.7662,1,hold_end,10.0,11.7,5.618,5.4,5.4,16.0,0.0,0.0,37.0,-100.0,-100.0,-100.0,0.0,0.0,-0.0,33.0,-99.858,-100.0,-100.0,8.0,0.0,-0.0,33.0,2.933,10.0,10.0,-424.0,178.0,0.004,44.0,-100.0,-100.0,-100.0,-16.0,0.0,-0.0,31.0,10.244,9.756,9.756,8.0,0.0,0.0,32.0,22.887,23.299,23.299,-16.0,0.0,-0.0,33.0
31.8194,1,hold_end,10.0,11.7,5.618,5.4,5.4,16.0,0.0,0.0,37.0,-100.0,-100.0,-100.0,0.0,0.0,-0.0,33.0,-99.858,-100.0,-100.0,8.0,0.0,-0.0,33.0,2.933,10.0,10.0,-424.0,178.0,0.002,44.0,-100.0,-100.0,-100.0,-16.0,0.0,-0.0,31.0,10.244,9.756,9.756,8.0,0.0,0.0,32.0,22.887,23.299,23.299,-16.0,0.0,-0.0,33.0
31.8714,1,hold_end,10.0,11.8,5.618,5.4,5.4,16.0,0.0,0.0,37.0,-100.0,-100.0,-100.0,0.0,0.0,-0.0,33.0,-99.858,-100.0,-100.0,8.0,0.0,-0.0,33.0,2.933,10.0,10.0,-424.0,174.0,0.002,44.0,-100.0,-100.0,-100.0,-16.0,0.0,-0.0,32.0,10.244,9.756,9.756,8.0,0.0,0.0,32.0,22.887,23.299,23.299,-16.0,0.0,-0.0,33.0
31.9237,1,hold_end,10.0,11.8,5.618,5.4,5.4,16.0,0.0,0.0,37.0,-100.0,-100.0,-100.0,0.0,0.0,-0.0,33.0,-99.858,-100.0,-100.0,8.0,0.0,-0.0,33.0,2.933,10.0,10.0,-424.0,174.0,0.001,44.0,-100.0,-100.0,-100.0,-16.0,0.0,-0.0,32.0,10.244,9.756,9.756,8.0,0.0,0.0,32.0,22.887,23.299,23.299,-16.0,0.0,-0.0,33.0
31.9769,1,hold_end,10.0,11.8,5.618,5.4,5.4,16.0,0.0,0.0,37.0,-100.0,-100.0,-100.0,0.0,0.0,-0.0,33.0,-99.858,-100.0,-100.0,8.0,0.0,-0.0,33.0,2.933,10.0,10.0,-424.0,174.0,0.0,44.0,-100.0,-100.0,-100.0,-16.0,0.0,-0.0,32.0,10.244,9.756,9.756,8.0,0.0,0.0,32.0,22.887,23.299,23.299,-16.0,0.0,-0.0,33.0
32.0303,1,rev,-90.0,11.8,5.618,5.4,5.4,16.0,0.0,0.0,37.0,-100.0,-100.0,-100.0,0.0,0.0,-0.0,33.0,-99.858,-100.0,-100.0,8.0,0.0,-0.0,33.0,2.933,10.0,10.0,-424.0,174.0,0.0,44.0,-100.0,-100.0,-100.0,-16.0,0.0,-0.0,32.0,10.244,9.756,9.756,8.0,0.0,0.0,32.0,22.887,23.299,23.299,-16.0,0.0,-0.0,33.0
32.0826,1,rev,-90.0,11.8,5.618,5.4,5.4,16.0,0.0,0.0,37.0,-100.0,-100.0,-100.0,0.0,0.0,-0.0,33.0,-99.858,-100.0,-100.0,8.0,0.0,-0.0,33.0,2.933,-90.0,9.733,-424.0,174.0,0.0,44.0,-100.0,-100.0,-100.0,-16.0,0.0,-0.0,32.0,10.244,9.756,9.756,8.0,0.0,0.0,32.0,22.887,23.299,23.299,-16.0,0.0,-0.0,33.0
32.1371,1,rev,-90.0,11.8,5.618,5.4,5.4,16.0,0.0,0.0,37.0,-100.0,-100.0,-100.0,0.0,0.0,-0.0,33.0,-99.858,-100.0,-100.0,8.0,0.0,-0.0,33.0,2.933,-90.0,9.466,-424.0,174.0,0.0,44.0,-100.0,-100.0,-100.0,-16.0,0.0,-0.0,32.0,10.244,9.756,9.756,8.0,0.0,0.0,32.0,22.887,23.299,23.299,-16.0,0.0,-0.0,33.0
32.1895,1,rev,-90.0,11.8,5.618,5.4,5.4,16.0,0.0,0.0,37.0,-100.0,-100.0,-100.0,0.0,0.0,-0.0,33.0,-99.858,-100.0,-100.0,8.0,0.0,-0.0,33.0,2.933,-90.0,9.199,-424.0,174.0,0.0,44.0,-100.0,-100.0,-100.0,-16.0,0.0,-0.0,32.0,10.244,9.756,9.756,8.0,0.0,0.0,32.0,22.887,23.299,23.299,-16.0,0.0,-0.0,33.0
32.2428,1,rev,-90.0,11.8,5.618,5.4,5.4,16.0,0.0,0.0,37.0,-100.0,-100.0,-100.0,0.0,0.0,-0.0,33.0,-99.858,-100.0,-100.0,8.0,0.0,-0.0,33.0,2.933,-90.0,8.931,-424.0,174.0,0.0,44.0,-100.0,-100.0,-100.0,-16.0,0.0,-0.0,32.0,10.244,9.756,9.756,8.0,0.0,0.0,32.0,22.887,23.299,23.299,-16.0,0.0,-0.0,33.0
32.2958,1,rev,-90.0,11.8,5.618,5.4,5.4,16.0,0.0,0.0,37.0,-100.0,-100.0,-100.0,0.0,0.0,-0.0,33.0,-99.858,-100.0,-100.0,8.0,0.0,-0.0,33.0,2.933,-90.0,8.663,-424.0,174.0,0.0,44.0,-100.0,-100.0,-100.0,-16.0,0.0,-0.0,32.0,10.244,9.756,9.756,8.0,0.0,0.0,32.0,22.887,23.299,23.299,-16.0,0.0,-0.0,33.0
32.3493,1,rev,-90.0,11.8,5.618,5.4,5.4,16.0,0.0,0.0,37.0,-100.0,-100.0,-100.0,0.0,0.0,-0.0,33.0,-99.858,-100.0,-100.0,8.0,0.0,-0.0,33.0,2.933,-90.0,8.395,-424.0,174.0,0.0,44.0,-100.0,-100.0,-100.0,-16.0,0.0,-0.0,32.0,10.244,9.756,9.756,8.0,0.0,0.0,32.0,22.887,23.299,23.299,-16.0,0.0,-0.0,33.0
32.4016,1,rev,-90.0,11.8,5.618,5.4,5.4,16.0,0.0,0.0,37.0,-100.0,-100.0,-100.0,0.0,0.0,-0.0,33.0,-99.858,-100.0,-100.0,8.0,0.0,-0.0,33.0,2.933,-90.0,8.128,-424.0,174.0,0.0,44.0,-100.0,-100.0,-100.0,-16.0,0.0,-0.0,32.0,10.244,9.756,9.756,8.0,0.0,0.0,32.0,22.887,23.299,23.299,-16.0,0.0,-0.0,33.0
32.4549,1,rev,-90.0,11.9,5.618,5.4,5.4,16.0,0.0,0.0,37.0,-100.0,-100.0,-100.0,0.0,0.0,-0.0,33.0,-99.858,-100.0,-100.0,8.0,0.0,-0.0,33.0,2.933,-90.0,7.836,-304.0,103.0,0.0,44.0,-100.0,-100.0,-100.0,-16.0,0.0,-0.0,32.0,10.244,9.756,9.756,8.0,0.0,0.0,32.0,22.887,23.299,23.299,-16.0,0.0,-0.0,33.0
32.5074,1,rev,-90.0,11.9,5.618,5.4,5.4,16.0,0.0,0.0,37.0,-100.0,-100.0,-100.0,0.0,0.0,-0.0,33.0,-99.858,-100.0,-100.0,8.0,0.0,-0.0,33.0,2.933,-90.0,7.567,-304.0,103.0,0.0,44.0,-100.0,-100.0,-100.0,-16.0,0.0,-0.0,32.0,10.244,9.756,9.756,8.0,0.0,0.0,32.0,22.887,23.299,23.299,-16.0,0.0,-0.0,33.0
32.5607,1,rev,-90.0,11.9,5.618,5.4,5.4,16.0,0.0,0.0,37.0,-100.0,-100.0,-100.0,0.0,0.0,-0.0,33.0,-99.858,-100.0,-100.0,8.0,0.0,-0.0,33.0,2.933,-90.0,7.296,-304.0,103.0,0.0,44.0,-100.0,-100.0,-100.0,-16.0,0.0,-0.0,32.0,10.244,9.756,9.756,8.0,0.0,0.0,32.0,22.887,23.299,23.299,-16.0,0.0,-0.0,33.0
32.6135,1,rev,-90.0,11.9,5.618,5.4,5.4,16.0,0.0,0.0,37.0,-100.0,-100.0,-100.0,0.0,0.0,-0.0,33.0,-99.858,-100.0,-100.0,8.0,0.0,-0.0,33.0,2.933,-90.0,7.027,-304.0,103.0,0.0,44.0,-100.0,-100.0,-100.0,-16.0,0.0,-0.0,32.0,10.244,9.756,9.756,8.0,0.0,0.0,32.0,22.887,23.299,23.299,-16.0,0.0,-0.0,33.0
32.6668,1,rev,-90.0,11.9,5.618,5.4,5.4,16.0,0.0,0.0,37.0,-100.0,-100.0,-100.0,0.0,0.0,-0.0,33.0,-99.858,-100.0,-100.0,8.0,0.0,-0.0,33.0,2.933,-90.0,6.756,-304.0,103.0,0.0,44.0,-100.0,-100.0,-100.0,-16.0,0.0,-0.0,32.0,10.244,9.756,9.756,8.0,0.0,0.0,32.0,22.887,23.299,23.299,-16.0,0.0,-0.0,33.0
32.7203,1,rev,-90.0,11.9,5.618,5.4,5.4,16.0,0.0,0.0,37.0,-100.0,-100.0,-100.0,0.0,0.0,-0.0,33.0,-99.858,-100.0,-100.0,8.0,0.0,-0.0,33.0,2.933,-90.0,6.488,-304.0,103.0,0.0,44.0,-100.0,-100.0,-100.0,-16.0,0.0,-0.0,32.0,10.244,9.756,9.756,8.0,0.0,0.0,32.0,22.887,23.299,23.299,-16.0,0.0,-0.0,33.0
32.7736,1,rev,-90.0,11.9,5.618,5.4,5.4,16.0,0.0,0.0,37.0,-100.0,-100.0,-100.0,0.0,0.0,-0.0,33.0,-99.858,-100.0,-100.0,8.0,0.0,-0.0,33.0,2.933,-90.0,6.221,-304.0,103.0,0.0,44.0,-100.0,-100.0,-100.0,-16.0,0.0,-0.0,32.0,10.244,9.756,9.756,8.0,0.0,0.0,32.0,22.887,23.299,23.299,-16.0,0.0,-0.0,33.0
32.827,1,rev,-90.0,11.9,5.618,5.4,5.4,16.0,0.0,0.0,37.0,-100.0,-100.0,-100.0,0.0,0.0,-0.0,33.0,-99.858,-100.0,-100.0,8.0,0.0,-0.0,33.0,2.933,-90.0,5.954,-304.0,103.0,0.0,44.0,-100.0,-100.0,-100.0,-16.0,0.0,-0.0,32.0,10.244,9.756,9.756,8.0,0.0,0.0,32.0,22.887,23.299,23.299,-16.0,0.0,-0.0,33.0
32.8802,1,rev,-90.0,11.9,5.618,5.4,5.4,16.0,0.0,0.0,37.0,-100.0,-100.0,-100.0,0.0,0.0,-0.0,33.0,-99.858,-100.0,-100.0,8.0,0.0,-0.0,33.0,2.933,-90.0,5.686,-304.0,103.0,0.0,44.0,-100.0,-100.0,-100.0,-16.0,0.0,-0.0,32.0,10.244,9.756,9.756,8.0,0.0,0.0,32.0,22.887,23.299,23.299,-16.0,0.0,-0.0,33.0
32.9324,1,rev,-90.0,11.9,5.618,5.4,5.4,16.0,0.0,0.0,37.0,-100.0,-100.0,-100.0,0.0,0.0,-0.0,33.0,-99.858,-100.0,-100.0,8.0,0.0,-0.0,33.0,2.533,-90.0,5.419,-304.0,103.0,-3.572,44.0,-100.0,-100.0,-100.0,-16.0,0.0,-0.0,32.0,10.244,9.756,9.756,8.0,0.0,0.0,32.0,22.887,23.299,23.299,-16.0,0.0,-0.0,33.0
32.9857,1,rev,-90.0,11.9,5.618,5.4,5.4,16.0,0.0,0.0,37.0,-100.0,-100.0,-100.0,0.0,0.0,-0.0,33.0,-99.858,-100.0,-100.0,8.0,0.0,-0.0,33.0,2.533,-90.0,5.284,-304.0,103.0,-2.5,44.0,-100.0,-100.0,-100.0,-16.0,0.0,-0.0,32.0,10.244,9.756,9.756,8.0,0.0,0.0,32.0,22.887,23.299,23.299,-16.0,0.0,-0.0,33.0
33.0393,1,rev,-90.0,12.1,5.618,5.4,5.4,16.0,0.0,0.0,37.0,-100.0,-100.0,-100.0,0.0,0.0,-0.0,33.0,-99.858,-100.0,-100.0,8.0,0.0,-0.0,33.0,2.533,-90.0,4.853,-160.0,37.0,-1.75,44.0,-100.0,-100.0,-100.0,-16.0,1.0,-0.0,32.0,10.244,9.756,9.756,8.0,0.0,0.0,32.0,22.887,23.299,23.299,-16.0,0.0,-0.0,33.0
33.0928,1,rev,-90.0,12.1,5.618,5.4,5.4,16.0,0.0,0.0,37.0,-100.0,-100.0,-100.0,0.0,0.0,-0.0,33.0,-99.858,-100.0,-100.0,8.0,0.0,-0.0,33.0,2.4,-90.0,4.572,-160.0,37.0,-2.365,44.0,-100.0,-100.0,-100.0,-16.0,1.0,-0.0,32.0,10.244,9.756,9.756,8.0,0.0,0.0,32.0,22.887,23.299,23.299,-16.0,0.0,-0.0,33.0
33.1464,1,rev,-90.0,12.1,5.618,5.4,5.4,16.0,0.0,0.0,37.0,-100.0,-100.0,-100.0,0.0,0.0,-0.0,33.0,-99.858,-100.0,-100.0,8.0,0.0,-0.0,33.0,2.133,-90.0,4.433,-160.0,37.0,-3.166,44.0,-100.0,-100.0,-100.0,-16.0,1.0,-0.0,32.0,10.244,9.756,9.756,8.0,0.0,0.0,32.0,22.887,23.299,23.299,-16.0,0.0,-0.0,33.0
33.1995,1,rev,-90.0,12.1,5.618,5.4,5.4,16.0,0.0,0.0,37.0,-100.0,-100.0,-100.0,0.0,0.0,-0.0,33.0,-99.858,-100.0,-100.0,8.0,0.0,-0.0,33.0,2.0,-90.0,4.152,-160.0,37.0,-3.043,44.0,-100.0,-100.0,-100.0,-16.0,1.0,-0.0,32.0,10.244,9.756,9.756,8.0,0.0,0.0,32.0,22.887,23.299,23.299,-16.0,0.0,-0.0,33.0
33.2527,1,rev,-90.0,12.1,5.618,5.4,5.4,16.0,0.0,0.0,37.0,-100.0,-100.0,-100.0,0.0,0.0,-0.0,33.0,-99.858,-100.0,-100.0,8.0,0.0,-0.0,33.0,1.867,-90.0,3.886,-160.0,37.0,-2.546,44.0,-100.0,-100.0,-100.0,-16.0,1.0,-0.0,32.0,10.244,9.756,9.756,8.0,0.0,0.0,32.0,22.887,23.299,23.299,-16.0,0.0,-0.0,33.0
33.3061,1,rev,-90.0,12.1,5.618,5.4,5.4,16.0,0.0,0.0,37.0,-100.0,-100.0,-100.0,0.0,0.0,-0.0,33.0,-99.858,-100.0,-100.0,8.0,0.0,-0.0,33.0,1.733,-90.0,3.617,-160.0,37.0,-2.735,44.0,-100.0,-100.0,-100.0,-16.0,1.0,-0.0,32.0,10.244,9.756,9.756,8.0,0.0,0.0,32.0,22.887,23.299,23.299,-16.0,0.0,-0.0,33.0
33.3585,1,rev,-90.0,12.1,5.618,5.4,5.4,16.0,0.0,0.0,37.0,-100.0,-100.0,-100.0,0.0,0.0,-0.0,33.0,-99.858,-100.0,-100.0,8.0,0.0,-0.0,33.0,1.733,-90.0,3.35,-160.0,37.0,-1.34,44.0,-100.0,-100.0,-100.0,-16.0,1.0,-0.0,32.0,10.244,9.756,9.756,8.0,0.0,0.0,32.0,22.887,23.299,23.299,-16.0,0.0,-0.0,33.0
33.4118,1,rev,-90.0,12.1,5.618,5.4,5.4,16.0,0.0,0.0,37.0,-100.0,-100.0,-100.0,0.0,0.0,-0.0,33.0,-99.858,-100.0,-100.0,8.0,0.0,-0.0,33.0,1.333,-90.0,3.084,-160.0,37.0,-4.692,44.0,-100.0,-100.0,-100.0,-16.0,1.0,-0.0,32.0,10.244,9.756,9.756,8.0,0.0,0.0,32.0,22.887,23.299,23.299,-16.0,0.0,-0.0,33.0
33.4649,1,rev,-90.0,12.1,5.618,5.4,5.4,16.0,0.0,0.0,37.0,-100.0,-100.0,-100.0,0.0,0.0,-0.0,33.0,-99.858,-100.0,-100.0,8.0,0.0,-0.0,33.0,1.2,-90.0,2.811,-160.0,37.0,-3.322,44.0,-100.0,-100.0,-100.0,-16.0,1.0,-0.0,32.0,10.244,9.756,9.756,8.0,0.0,0.0,32.0,22.887,23.299,23.299,-16.0,0.0,-0.0,33.0
33.5175,1,rev,-90.0,12.1,5.618,5.4,5.4,16.0,0.0,0.0,37.0,-100.0,-100.0,-100.0,0.0,0.0,-0.0,33.0,-99.858,-100.0,-100.0,8.0,0.0,-0.0,33.0,1.067,-90.0,2.545,-160.0,37.0,-3.101,44.0,-100.0,-100.0,-100.0,-16.0,1.0,-0.0,32.0,10.244,9.756,9.756,8.0,0.0,0.0,32.0,22.887,23.299,23.299,-16.0,0.0,-0.0,33.0
33.5708,1,rev,-90.0,12.2,5.618,5.4,5.4,16.0,0.0,0.0,37.0,-100.0,-100.0,-100.0,0.0,0.0,-0.0,33.0,-99.858,-100.0,-100.0,8.0,0.0,-0.0,33.0,0.933,-90.0,2.408,-96.0,17.0,-3.661,44.0,-100.0,-100.0,-100.0,-16.0,0.0,-0.0,32.0,10.244,9.756,9.756,8.0,0.0,0.0,32.0,22.887,23.299,23.299,-16.0,0.0,-0.0,33.0
33.6243,1,rev,-90.0,12.2,5.618,5.4,5.4,16.0,0.0,0.0,37.0,-100.0,-100.0,-100.0,0.0,0.0,-0.0,33.0,-99.858,-100.0,-100.0,8.0,0.0,-0.0,33.0,0.533,-90.0,1.986,-96.0,17.0,-4.26,44.0,-100.0,-100.0,-100.0,-16.0,0.0,-0.0,32.0,10.244,9.756,9.756,8.0,0.0,0.0,32.0,22.887,23.299,23.299,-16.0,0.0,-0.0,33.0
33.6773,1,rev,-90.0,12.2,5.618,5.4,5.4,16.0,0.0,0.0,37.0,-100.0,-100.0,-100.0,0.0,0.0,-0.0,33.0,-99.858,-100.0,-100.0,8.0,0.0,-0.0,33.0,0.133,-90.0,1.719,-96.0,17.0,-5.694,44.0,-100.0,-100.0,-100.0,-16.0,0.0,-0.0,32.0,10.244,9.756,9.756,8.0,0.0,0.0,32.0,22.887,23.299,23.299,-16.0,0.0,-0.0,33.0
33.7294,1,rev,-90.0,12.2,5.618,5.4,5.4,16.0,0.0,0.0,37.0,-100.0,-100.0,-100.0,0.0,0.0,-0.0,33.0,-99.858,-100.0,-100.0,8.0,0.0,-0.0,33.0,-0.267,-90.0,1.451,-96.0,17.0,-6.823,44.0,-100.0,-100.0,-100.0,-16.0,0.0,-0.0,32.0,10.244,9.756,9.756,8.0,0.0,0.0,32.0,22.887,23.299,23.299,-16.0,0.0,-0.0,33.0
33.7827,1,rev,-90.0,12.2,5.618,5.4,5.4,16.0,0.0,0.0,37.0,-100.0,-100.0,-100.0,0.0,0.0,-0.0,33.0,-99.858,-100.0,-100.0,8.0,0.0,-0.0,33.0,-0.533,-90.0,1.183,-96.0,17.0,-5.871,44.0,-100.0,-100.0,-100.0,-16.0,0.0,-0.0,32.0,10.244,9.756,9.756,8.0,0.0,0.0,32.0,22.887,23.299,23.299,-16.0,0.0,-0.0,33.0
33.836,1,rev,-90.0,12.2,5.618,5.4,5.4,16.0,0.0,0.0,37.0,-100.0,-100.0,-100.0,0.0,0.0,-0.0,33.0,-99.858,-100.0,-100.0,8.0,0.0,-0.0,33.0,-0.8,-90.0,0.912,-96.0,17.0,-5.879,44.0,-100.0,-100.0,-100.0,-16.0,0.0,-0.0,32.0,10.244,9.756,9.756,8.0,0.0,0.0,32.0,22.887,23.299,23.299,-16.0,0.0,-0.0,33.0
33.8892,1,rev,-90.0,12.2,5.618,5.4,5.4,16.0,0.0,0.0,37.0,-100.0,-100.0,-100.0,0.0,0.0,-0.0,33.0,-99.858,-100.0,-100.0,8.0,0.0,-0.0,33.0,-1.2,-90.0,0.644,-96.0,17.0,-6.896,44.0,-100.0,-100.0,-100.0,-16.0,0.0,-0.0,32.0,10.244,9.756,9.756,8.0,0.0,0.0,32.0,22.887,23.299,23.299,-16.0,0.0,-0.0,33.0
33.9415,1,rev,-90.0,12.2,5.618,5.4,5.4,16.0,0.0,0.0,37.0,-100.0,-100.0,-100.0,0.0,0.0,-0.0,33.0,-99.858,-100.0,-100.0,8.0,0.0,-0.0,33.0,-1.2,-90.0,0.377,-96.0,17.0,-3.379,44.0,-100.0,-100.0,-100.0,-16.0,0.0,-0.0,32.0,10.244,9.756,9.756,8.0,0.0,0.0,32.0,22.887,23.299,23.299,-16.0,0.0,-0.0,33.0
33.9944,1,rev,-90.0,12.2,5.618,5.4,5.4,16.0,0.0,0.0,37.0,-100.0,-100.0,-100.0,0.0,0.0,-0.0,33.0,-99.858,-100.0,-100.0,8.0,0.0,-0.0,33.0,-1.467,-90.0,0.111,-96.0,17.0,-4.206,44.0,-100.0,-100.0,-100.0,-16.0,0.0,-0.0,32.0,10.244,9.756,9.756,8.0,0.0,0.0,32.0,22.887,23.299,23.299,-16.0,0.0,-0.0,33.0
34.0476,1,rev,-90.0,12.2,5.618,5.4,5.4,16.0,0.0,0.0,37.0,-100.0,-100.0,-100.0,0.0,0.0,-0.0,33.0,-99.858,-100.0,-100.0,8.0,0.0,-0.0,33.0,-1.733,-90.0,-0.159,-96.0,17.0,-4.141,44.0,-100.0,-100.0,-100.0,-16.0,0.0,-0.0,32.0,10.244,9.756,9.756,8.0,0.0,0.0,32.0,22.887,23.299,23.299,-16.0,0.0,-0.0,33.0
34.1009,1,rev,-90.0,12.2,5.618,5.4,5.4,16.0,0.0,0.0,37.0,-100.0,-100.0,-100.0,0.0,0.0,-0.0,33.0,-99.858,-100.0,-100.0,8.0,0.0,-0.0,33.0,-2.0,-90.0,-0.428,-96.0,17.0,-4.557,44.0,-100.0,-100.0,-100.0,-16.0,0.0,-0.0,32.0,10.244,9.756,9.756,8.0,0.0,0.0,32.0,22.887,23.299,23.299,-16.0,0.0,-0.0,33.0
34.1544,1,rev,-90.0,12.1,5.618,5.4,5.4,16.0,0.0,0.0,37.0,-100.0,-100.0,-100.0,0.0,0.0,-0.0,33.0,-99.858,-100.0,-100.0,8.0,0.0,-0.0,33.0,-2.0,-90.0,-0.727,-88.0,10.0,-4.557,44.0,-100.0,-100.0,-100.0,-16.0,0.0,-0.0,32.0,10.244,9.756,9.756,8.0,0.0,0.0,32.0,22.887,23.299,23.299,-16.0,0.0,-0.0,33.0
34.208,1,rev,-90.0,12.1,5.618,5.4,5.4,16.0,0.0,0.0,37.0,-100.0,-100.0,-100.0,0.0,0.0,-0.0,33.0,-99.858,-100.0,-100.0,8.0,0.0,-0.0,33.0,-2.4,-90.0,-1.004,-88.0,10.0,-5.693,44.0,-100.0,-100.0,-100.0,-16.0,0.0,-0.0,32.0,10.244,9.756,9.756,8.0,0.0,0.0,32.0,22.887,23.299,23.299,-16.0,0.0,-0.0,33.0
34.2619,1,rev,-90.0,12.1,5.618,5.4,5.4,16.0,0.0,0.0,37.0,-100.0,-100.0,-100.0,0.0,0.0,-0.0,33.0,-99.858,-100.0,-100.0,8.0,0.0,-0.0,33.0,-2.8,-90.0,-1.153,-88.0,10.0,-5.606,44.0,-100.0,-100.0,-100.0,-16.0,0.0,-0.0,32.0,10.244,9.756,9.756,8.0,0.0,0.0,32.0,22.887,23.299,23.299,-16.0,0.0,-0.0,33.0
34.3146,1,rev,-90.0,12.1,5.618,5.4,5.4,16.0,0.0,0.0,37.0,-100.0,-100.0,-100.0,0.0,0.0,-0.0,33.0,-99.858,-100.0,-100.0,8.0,0.0,-0.0,33.0,-2.933,-90.0,-1.423,-88.0,10.0,-3.779,44.0,-100.0,-100.0,-100.0,-16.0,0.0,-0.0,32.0,10.244,9.756,9.756,8.0,0.0,0.0,32.0,22.887,23.299,23.299,-16.0,0.0,-0.0,33.0
34.3683,1,rev,-90.0,12.1,5.618,5.4,5.4,16.0,0.0,0.0,37.0,-100.0,-100.0,-100.0,0.0,0.0,-0.0,33.0,-99.858,-100.0,-100.0,8.0,0.0,-0.0,33.0,-3.333,-90.0,-1.69,-88.0,10.0,-5.896,44.0,-100.0,-100.0,-100.0,-16.0,0.0,-0.0,32.0,10.244,9.756,9.756,8.0,0.0,0.0,32.0,22.887,23.299,23.299,-16.0,0.0,-0.0,33.0
34.4219,1,rev,-90.0,12.1,5.618,5.4,5.4,16.0,0.0,0.0,37.0,-100.0,-100.0,-100.0,0.0,0.0,-0.0,33.0,-99.858,-100.0,-100.0,8.0,0.0,-0.0,33.0,-3.6,-90.0,-1.957,-88.0,10.0,-4.988,44.0,-100.0,-100.0,-100.0,-16.0,0.0,-0.0,32.0,10.244,9.756,9.756,8.0,0.0,0.0,32.0,22.887,23.299,23.299,-16.0,0.0,-0.0,33.0
34.4751,1,rev,-90.0,12.1,5.618,5.4,5.4,16.0,0.0,0.0,37.0,-100.0,-100.0,-100.0,0.0,0.0,-0.0,33.0,-99.858,-100.0,-100.0,8.0,0.0,-0.0,33.0,-3.733,-90.0,-2.223,-88.0,10.0,-3.953,44.0,-100.0,-100.0,-100.0,-16.0,0.0,-0.0,32.0,10.244,9.756,9.756,8.0,0.0,0.0,32.0,22.887,23.299,23.299,-16.0,0.0,-0.0,33.0
34.5289,1,rev,-90.0,12.1,5.618,5.4,5.4,16.0,0.0,0.0,37.0,-100.0,-100.0,-100.0,0.0,0.0,-0.0,33.0,-99.858,-100.0,-100.0,8.0,0.0,-0.0,33.0,-4.133,-90.0,-2.488,-88.0,10.0,-5.968,44.0,-100.0,-100.0,-100.0,-16.0,0.0,-0.0,32.0,10.244,9.756,9.756,8.0,0.0,0.0,32.0,22.887,23.299,23.299,-16.0,0.0,-0.0,33.0
34.5815,1,rev,-90.0,12.1,5.618,5.4,5.4,16.0,0.0,0.0,37.0,-100.0,-100.0,-100.0,0.0,0.0,-0.0,33.0,-99.858,-100.0,-100.0,8.0,0.0,-0.0,33.0,-4.267,-90.0,-2.758,-88.0,10.0,-3.957,44.0,-100.0,-100.0,-100.0,-16.0,0.0,-0.0,32.0,10.244,9.756,9.756,8.0,0.0,0.0,32.0,22.887,23.299,23.299,-16.0,0.0,-0.0,33.0
34.6353,1,rev,-90.0,12.1,5.618,5.4,5.4,16.0,0.0,0.0,37.0,-100.0,-100.0,-100.0,0.0,0.0,-0.0,33.0,-99.858,-100.0,-100.0,8.0,0.0,-0.0,33.0,-4.533,-90.0,-3.027,-88.0,10.0,-4.914,44.0,-100.0,-100.0,-100.0,-16.0,0.0,-0.0,32.0,10.244,9.756,9.756,8.0,0.0,0.0,32.0,22.887,23.299,23.299,-16.0,0.0,-0.0,33.0
34.6887,1,rev,-90.0,12.1,5.618,5.4,5.4,16.0,0.0,0.0,37.0,-100.0,-100.0,-100.0,0.0,0.0,-0.0,33.0,-99.858,-100.0,-100.0,8.0,0.0,-0.0,33.0,-4.933,-90.0,-3.296,-88.0,10.0,-6.426,44.0,-100.0,-100.0,-100.0,-16.0,0.0,-0.0,32.0,10.244,9.756,9.756,8.0,0.0,0.0,32.0,22.887,23.299,23.299,-16.0,0.0,-0.0,33.0
34.7414,1,rev,-90.0,12.2,5.618,5.4,5.4,16.0,0.0,0.0,37.0,-100.0,-100.0,-100.0,0.0,0.0,-0.0,33.0,-99.858,-100.0,-100.0,8.0,0.0,-0.0,33.0,-4.933,-90.0,-3.597,-96.0,12.0,-4.498,44.0,-100.0,-100.0,-100.0,-16.0,1.0,-0.0,32.0,10.244,9.756,9.756,8.0,0.0,0.0,32.0,22.887,23.299,23.299,-16.0,1.0,-0.0,33.0
34.7947,1,rev,-90.0,12.2,5.618,5.4,5.4,16.0,0.0,0.0,37.0,-100.0,-100.0,-100.0,0.0,0.0,-0.0,33.0,-99.858,-100.0,-100.0,8.0,0.0,-0.0,33.0,-5.067,-90.0,-3.865,-96.0,12.0,-3.254,44.0,-100.0,-100.0,-100.0,-16.0,1.0,-0.0,32.0,10.244,9.756,9.756,8.0,0.0,0.0,32.0,22.887,23.299,23.299,-16.0,1.0,-0.0,33.0
34.8473,1,rev,-90.0,12.2,5.618,5.4,5.4,16.0,0.0,0.0,37.0,-100.0,-100.0,-100.0,0.0,0.0,-0.0,33.0,-99.858,-100.0,-100.0,8.0,0.0,-0.0,33.0,-5.733,-90.0,-4.132,-96.0,12.0,-8.158,44.0,-100.0,-100.0,-100.0,-16.0,1.0,-0.0,32.0,10.244,9.756,9.756,8.0,0.0,0.0,32.0,22.887,23.299,23.299,-16.0,1.0,-0.0,33.0
34.9003,1,rev,-90.0,12.2,5.618,5.4,5.4,16.0,0.0,0.0,37.0,-100.0,-100.0,-100.0,0.0,0.0,-0.0,33.0,-99.858,-100.0,-100.0,8.0,0.0,-0.0,33.0,-5.867,-90.0,-4.399,-96.0,12.0,-5.052,44.0,-100.0,-100.0,-100.0,-16.0,1.0,-0.0,32.0,10.244,9.756,9.756,8.0,0.0,0.0,32.0,22.887,23.299,23.299,-16.0,1.0,-0.0,33.0
34.9524,1,rev,-90.0,12.2,5.618,5.4,5.4,16.0,0.0,0.0,37.0,-100.0,-100.0,-100.0,0.0,0.0,-0.0,33.0,-99.858,-100.0,-100.0,8.0,0.0,-0.0,33.0,-6.267,-90.0,-4.671,-96.0,12.0,-6.502,44.0,-100.0,-100.0,-100.0,-16.0,1.0,-0.0,32.0,10.244,9.756,9.756,8.0,0.0,0.0,32.0,22.887,23.299,23.299,-16.0,1.0,-0.0,33.0
35.0055,1,rev,-90.0,12.2,5.618,5.4,5.4,16.0,0.0,0.0,37.0,-100.0,-100.0,-100.0,0.0,0.0,-0.0,33.0,-99.858,-100.0,-100.0,8.0,0.0,-0.0,33.0,-6.533,-90.0,-4.938,-96.0,12.0,-5.712,44.0,-100.0,-100.0,-100.0,-16.0,1.0,-0.0,32.0,10.244,9.756,9.756,8.0,0.0,0.0,32.0,22.887,23.299,23.299,-16.0,1.0,-0.0,33.0
35.0588,1,rev,-90.0,12.2,5.618,5.4,5.4,16.0,0.0,0.0,37.0,-100.0,-100.0,-100.0,0.0,0.0,-0.0,33.0,-99.858,-100.0,-100.0,8.0,0.0,-0.0,33.0,-6.667,-90.0,-5.208,-96.0,12.0,-3.83,44.0,-100.0,-100.0,-100.0,-16.0,1.0,-0.0,32.0,10.244,9.756,9.756,8.0,0.0,0.0,32.0,22.887,23.299,23.299,-16.0,1.0,-0.0,33.0
35.1114,1,rev,-90.0,12.2,5.618,5.4,5.4,16.0,0.0,0.0,37.0,-100.0,-100.0,-100.0,0.0,0.0,-0.0,33.0,-99.858,-100.0,-100.0,8.0,0.0,-0.0,33.0,-7.2,-90.0,-5.478,-96.0,12.0,-7.385,44.0,-100.0,-100.0,-100.0,-16.0,1.0,-0.0,32.0,10.244,9.756,9.756,8.0,0.0,0.0,32.0,22.887,23.299,23.299,-16.0,1.0,-0.0,33.0
35.1657,1,rev,-90.0,12.2,5.618,5.4,5.4,16.0,0.0,0.0,37.0,-100.0,-100.0,-100.0,0.0,0.0,-0.0,33.0,-99.858,-100.0,-100.0,8.0,0.0,-0.0,33.0,-7.333,-90.0,-5.746,-96.0,12.0,-4.66,44.0,-100.0,-100.0,-100.0,-16.0,1.0,-0.0,32.0,10.244,9.756,9.756,8.0,0.0,0.0,32.0,22.887,23.299,23.299,-16.0,1.0,-0.0,33.0
35.2189,1,rev,-90.0,12.2,5.618,5.4,5.4,16.0,0.0,0.0,37.0,-100.0,-100.0,-100.0,0.0,0.0,-0.0,33.0,-99.858,-100.0,-100.0,8.0,0.0,-0.0,33.0,-7.467,-90.0,-6.016,-96.0,12.0,-3.325,44.0,-100.0,-100.0,-100.0,-16.0,1.0,-0.0,32.0,10.244,9.756,9.756,8.0,0.0,0.0,32.0,22.887,23.299,23.299,-16.0,1.0,-0.0,33.0
35.272,1,rev,-90.0,12.2,5.618,5.4,5.4,16.0,0.0,0.0,37.0,-100.0,-100.0,-100.0,0.0,0.0,-0.0,33.0,-99.858,-100.0,-100.0,8.0,0.0,-0.0,33.0,-7.467,-90.0,-6.151,-96.0,12.0,-2.327,44.0,-100.0,-100.0,-100.0,-16.0,1.0,-0.0,32.0,10.244,9.756,9.756,8.0,0.0,0.0,32.0,22.887,23.299,23.299,-16.0,1.0,-0.0,33.0
35.3257,1,rev,-90.0,12.1,5.618,5.4,5.4,16.0,0.0,0.0,37.0,-100.0,-100.0,-100.0,0.0,0.0,-0.0,33.0,-99.858,-100.0,-100.0,8.0,0.0,-0.0,33.0,-8.0,-90.0,-6.592,-72.0,8.0,-4.264,44.0,-100.0,-100.0,-100.0,-16.0,1.0,-0.0,32.0,10.244,9.756,9.756,8.0,0.0,0.0,32.0,22.887,23.299,23.299,-16.0,0.0,-0.0,33.0
35.3791,1,rev,-90.0,12.1,5.618,5.4,5.4,16.0,0.0,0.0,37.0,-100.0,-100.0,-100.0,0.0,0.0,-0.0,33.0,-99.858,-100.0,-100.0,8.0,0.0,-0.0,33.0,-8.133,-90.0,-6.741,-72.0,8.0,-3.011,44.0,-100.0,-100.0,-100.0,-16.0,1.0,-0.0,32.0,10.244,9.756,9.756,8.0,0.0,0.0,32.0,22.887,23.299,23.299,-16.0,0.0,-0.0,33.0
35.4331,1,rev,-90.0,12.1,5.618,5.4,5.4,16.0,0.0,0.0,37.0,-100.0,-100.0,-100.0,0.0,0.0,-0.0,33.0,-99.858,-100.0,-100.0,8.0,0.0,-0.0,33.0,-8.533,-90.0,-7.011,-72.0,8.0,-5.472,44.0,-100.0,-100.0,-100.0,-16.0,1.0,-0.0,32.0,10.244,9.756,9.756,8.0,0.0,0.0,32.0,22.887,23.299,23.299,-16.0,0.0,-0.0,33.0
35.4865,1,rev,-90.0,12.1,5.618,5.4,5.4,16.0,0.0,0.0,37.0,-100.0,-100.0,-100.0,0.0,0.0,-0.0,33.0,-99.858,-100.0,-100.0,8.0,0.0,-0.0,33.0,-8.933,-90.0,-7.281,-72.0,8.0,-6.722,44.0,-100.0,-100.0,-100.0,-16.0,1.0,-0.0,32.0,10.244,9.756,9.756,8.0,0.0,0.0,32.0,22.887,23.299,23.299,-16.0,0.0,-0.0,33.0
35.5396,1,rev,-90.0,12.1,5.618,5.4,5.4,16.0,0.0,0.0,37.0,-100.0,-100.0,-100.0,0.0,0.0,-0.0,33.0,-99.858,-100.0,-100.0,8.0,0.0,-0.0,33.0,-9.067,-90.0,-7.547,-72.0,8.0,-4.799,44.0,-100.0,-100.0,-100.0,-16.0,1.0,-0.0,32.0,10.244,9.756,9.756,8.0,0.0,0.0,32.0,22.887,23.299,23.299,-16.0,0.0,-0.0,33.0
35.5929,1,rev,-90.0,12.1,5.618,5.4,5.4,16.0,0.0,0.0,37.0,-100.0,-100.0,-100.0,0.0,0.0,-0.0,33.0,-99.858,-100.0,-100.0,8.0,0.0,-0.0,33.0,-9.467,-90.0,-7.813,-72.0,8.0,-5.952,44.0,-100.0,-100.0,-100.0,-16.0,1.0,-0.0,32.0,10.244,9.756,9.756,8.0,0.0,0.0,32.0,22.887,23.299,23.299,-16.0,0.0,-0.0,33.0
35.6462,1,rev,-90.0,12.1,5.618,5.4,5.4,16.0,0.0,0.0,37.0,-100.0,-100.0,-100.0,0.0,0.0,-0.0,33.0,-99.858,-100.0,-100.0,8.0,0.0,-0.0,33.0,-9.733,-90.0,-8.082,-72.0,8.0,-5.443,44.0,-100.0,-100.0,-100.0,-16.0,1.0,-0.0,32.0,10.244,9.756,9.756,8.0,0.0,0.0,32.0,22.887,23.299,23.299,-16.0,0.0,-0.0,33.0
35.6986,1,rev,-90.0,12.1,5.618,5.4,5.4,16.0,0.0,0.0,37.0,-100.0,-100.0,-100.0,0.0,0.0,-0.0,33.0,-99.858,-100.0,-100.0,8.0,0.0,-0.0,33.0,-9.733,-90.0,-8.348,-72.0,8.0,-2.667,44.0,-100.0,-100.0,-100.0,-16.0,1.0,-0.0,32.0,10.244,9.756,9.756,8.0,0.0,0.0,32.0,22.887,23.299,23.299,-16.0,0.0,-0.0,33.0
35.7519,1,rev,-90.0,12.1,5.618,5.4,5.4,16.0,0.0,0.0,37.0,-100.0,-100.0,-100.0,0.0,0.0,-0.0,33.0,-99.858,-100.0,-100.0,8.0,0.0,-0.0,33.0,-10.133,-90.0,-8.618,-72.0,8.0,-4.899,44.0,-100.0,-100.0,-100.0,-16.0,1.0,-0.0,32.0,10.244,9.756,9.756,8.0,0.0,0.0,32.0,22.887,23.299,23.299,-16.0,0.0,-0.0,33.0
35.805,1,rev,-90.0,12.1,5.618,5.4,5.4,16.0,0.0,0.0,37.0,-100.0,-100.0,-100.0,0.0,0.0,-0.0,33.0,-99.858,-100.0,-100.0,8.0,0.0,-0.0,33.0,-10.4,-90.0,-8.885,-72.0,8.0,-4.944,44.0,-100.0,-100.0,-100.0,-16.0,1.0,-0.0,32.0,10.244,9.756,9.756,8.0,0.0,0.0,32.0,22.887,23.299,23.299,-16.0,0.0,-0.0,33.0
35.8575,1,rev,-90.0,12.2,5.618,5.4,5.4,16.0,0.0,0.0,37.0,-100.0,-100.0,-100.0,0.0,0.0,-0.0,33.0,-99.858,-100.0,-100.0,8.0,0.0,-0.0,33.0,-10.533,-90.0,-9.018,-88.0,12.0,-4.965,47.0,-100.0,-100.0,-100.0,-16.0,1.0,-0.0,32.0,10.244,9.756,9.756,8.0,0.0,0.0,32.0,22.887,23.299,23.299,-16.0,1.0,-0.0,33.0
35.9104,1,rev,-90.0,12.2,5.618,5.4,5.4,16.0,0.0,0.0,37.0,-100.0,-100.0,-100.0,0.0,0.0,-0.0,33.0,-99.858,-100.0,-100.0,8.0,0.0,-0.0,33.0,-10.667,-90.0,-9.436,-88.0,12.0,-3.93,47.0,-100.0,-100.0,-100.0,-16.0,1.0,-0.0,32.0,10.244,9.756,9.756,8.0,0.0,0.0,32.0,22.887,23.299,23.299,-16.0,1.0,-0.0,33.0
35.9635,1,rev,-90.0,12.2,5.618,5.4,5.4,16.0,0.0,0.0,37.0,-100.0,-100.0,-100.0,0.0,0.0,-0.0,33.0,-99.858,-100.0,-100.0,8.0,0.0,-0.0,33.0,-11.2,-90.0,-9.704,-88.0,12.0,-6.998,47.0,-100.0,-100.0,-100.0,-16.0,1.0,-0.0,32.0,10.244,9.756,9.756,8.0,0.0,0.0,32.0,22.887,23.299,23.299,-16.0,1.0,-0.0,33.0
36.0164,1,rev,-90.0,12.2,5.618,5.4,5.4,16.0,0.0,0.0,37.0,-100.0,-100.0,-100.0,0.0,0.0,-0.0,33.0,-99.858,-100.0,-100.0,8.0,0.0,-0.0,33.0,-11.333,-90.0,-9.971,-88.0,12.0,-4.939,47.0,-100.0,-100.0,-100.0,-16.0,1.0,-0.0,32.0,10.244,9.756,9.756,8.0,0.0,0.0,32.0,22.887,23.299,23.299,-16.0,1.0,-0.0,33.0
36.0693,1,rev,-90.0,12.2,5.618,5.4,5.4,16.0,0.0,0.0,37.0,-100.0,-100.0,-100.0,0.0,0.0,-0.0,33.0,-99.858,-100.0,-100.0,8.0,0.0,-0.0,33.0,-11.333,-90.0,-10.238,-88.0,12.0,-2.42,47.0,-100.0,-100.0,-100.0,-16.0,1.0,-0.0,32.0,10.244,9.756,9.756,8.0,0.0,0.0,32.0,22.887,23.299,23.299,-16.0,1.0,-0.0,33.0
36.1228,1,rev,-90.0,12.2,5.618,5.4,5.4,16.0,0.0,0.0,37.0,-100.0,-100.0,-100.0,0.0,0.0,-0.0,33.0,-99.858,-100.0,-100.0,8.0,0.0,-0.0,33.0,-11.867,-90.0,-10.508,-88.0,12.0,-6.217,47.0,-100.0,-100.0,-100.0,-16.0,1.0,-0.0,32.0,10.244,9.756,9.756,8.0,0.0,0.0,32.0,22.887,23.299,23.299,-16.0,1.0,-0.0,33.0
36.1771,1,rev,-90.0,12.2,5.618,5.4,5.4,16.0,0.0,0.0,37.0,-100.0,-100.0,-100.0,0.0,0.0,-0.0,33.0,-99.858,-100.0,-100.0,8.0,0.0,-0.0,33.0,-12.0,-90.0,-10.777,-88.0,12.0,-4.091,47.0,-100.0,-100.0,-100.0,-16.0,1.0,-0.0,32.0,10.244,9.756,9.756,8.0,0.0,0.0,32.0,22.887,23.299,23.299,-16.0,1.0,-0.0,33.0
36.2306,1,rev,-90.0,12.2,5.618,5.4,5.4,16.0,0.0,0.0,37.0,-100.0,-100.0,-100.0,0.0,0.0,-0.0,33.0,-99.858,-100.0,-100.0,8.0,0.0,-0.0,33.0,-12.267,-90.0,-11.049,-88.0,12.0,-4.518,47.0,-100.0,-100.0,-100.0,-16.0,1.0,-0.0,32.0,10.244,9.756,9.756,8.0,0.0,0.0,32.0,22.887,23.299,23.299,-16.0,1.0,-0.0,33.0
36.2839,1,rev,-90.0,12.2,5.618,5.4,5.4,16.0,0.0,0.0,37.0,-100.0,-100.0,-100.0,0.0,0.0,-0.0,33.0,-99.858,-100.0,-100.0,8.0,0.0,-0.0,33.0,-12.667,-90.0,-11.32,-88.0,12.0,-5.765,47.0,-100.0,-100.0,-100.0,-16.0,1.0,-0.0,32.0,10.244,9.756,9.756,8.0,0.0,0.0,32.0,22.887,23.299,23.299,-16.0,1.0,-0.0,33.0
36.3364,1,rev,-90.0,12.2,5.618,5.4,5.4,16.0,0.0,0.0,37.0,-100.0,-100.0,-100.0,0.0,0.0,-0.0,33.0,-99.858,-100.0,-100.0,8.0,0.0,-0.0,33.0,-12.8,-90.0,-11.59,-88.0,12.0,-3.865,47.0,-100.0,-100.0,-100.0,-16.0,1.0,-0.0,32.0,10.244,9.756,9.756,8.0,0.0,0.0,32.0,22.887,23.299,23.299,-16.0,1.0,-0.0,33.0
36.3897,1,rev,-90.0,12.2,5.618,5.4,5.4,16.0,0.0,0.0,37.0,-100.0,-100.0,-100.0,0.0,0.0,-0.0,33.0,-99.858,-100.0,-100.0,8.0,0.0,-0.0,33.0,-13.067,-90.0,-11.86,-88.0,12.0,-4.4,47.0,-100.0,-100.0,-100.0,-16.0,1.0,-0.0,32.0,10.244,9.756,9.756,8.0,0.0,0.0,32.0,22.887,23.299,23.299,-16.0,1.0,-0.0,33.0
36.4424,1,rev,-90.0,12.1,5.618,5.4,5.4,16.0,0.0,0.0,37.0,-100.0,-100.0,-100.0,0.0,0.0,-0.0,32.0,-99.858,-100.0,-100.0,8.0,0.0,-0.0,33.0,-13.067,-90.0,-12.152,-80.0,12.0,-4.4,44.0,-100.0,-100.0,-100.0,-16.0,0.0,-0.0,32.0,10.244,9.756,9.756,8.0,0.0,0.0,32.0,22.887,23.299,23.299,-16.0,1.0,-0.0,33.0
36.4956,1,rev,-90.0,12.1,5.618,5.4,5.4,16.0,0.0,0.0,37.0,-100.0,-100.0,-100.0,0.0,0.0,-0.0,32.0,-99.858,-100.0,-100.0,8.0,0.0,-0.0,33.0,-13.467,-90.0,-12.438,-80.0,12.0,-3.529,44.0,-100.0,-100.0,-100.0,-16.0,0.0,-0.0,32.0,10.244,9.756,9.756,8.0,0.0,0.0,32.0,22.887,23.299,23.299,-16.0,1.0,-0.0,33.0
36.5491,1,rev,-90.0,12.1,5.618,5.4,5.4,16.0,0.0,0.0,37.0,-100.0,-100.0,-100.0,0.0,0.0,-0.0,32.0,-99.858,-100.0,-100.0,8.0,0.0,-0.0,33.0,-13.733,-90.0,-12.709,-80.0,12.0,-4.235,44.0,-100.0,-100.0,-100.0,-16.0,0.0,-0.0,32.0,10.244,9.756,9.756,8.0,0.0,0.0,32.0,22.887,23.299,23.299,-16.0,1.0,-0.0,33.0
36.6015,1,rev,-90.0,12.1,5.618,5.4,5.4,16.0,0.0,0.0,37.0,-100.0,-100.0,-100.0,0.0,0.0,-0.0,32.0,-99.858,-100.0,-100.0,8.0,0.0,-0.0,33.0,-14.267,-90.0,-12.844,-80.0,12.0,-7.089,44.0,-100.0,-100.0,-100.0,-16.0,0.0,-0.0,32.0,10.244,9.756,9.756,8.0,0.0,0.0,32.0,22.887,23.299,23.299,-16.0,1.0,-0.0,33.0
36.6551,1,rev,-90.0,12.1,5.618,5.4,5.4,16.0,0.0,0.0,37.0,-100.0,-100.0,-100.0,0.0,0.0,-0.0,32.0,-99.858,-100.0,-100.0,8.0,0.0,-0.0,33.0,-14.267,-90.0,-13.123,-80.0,12.0,-3.474,44.0,-100.0,-100.0,-100.0,-16.0,0.0,-0.0,32.0,10.244,9.756,9.756,8.0,0.0,0.0,32.0,22.887,23.299,23.299,-16.0,1.0,-0.0,33.0
36.7085,1,rev,-90.0,12.1,5.618,5.4,5.4,16.0,0.0,0.0,37.0,-100.0,-100.0,-100.0,0.0,0.0,-0.0,32.0,-99.858,-100.0,-100.0,8.0,0.0,-0.0,33.0,-14.667,-90.0,-13.391,-80.0,12.0,-5.745,44.0,-100.0,-100.0,-100.0,-16.0,0.0,-0.0,32.0,10.244,9.756,9.756,8.0,0.0,0.0,32.0,22.887,23.299,23.299,-16.0,1.0,-0.0,33.0
36.7619,1,rev,-90.0,12.1,5.618,5.4,5.4,16.0,0.0,0.0,37.0,-100.0,-100.0,-100.0,0.0,0.0,-0.0,32.0,-99.858,-100.0,-100.0,8.0,0.0,-0.0,33.0,-15.067,-90.0,-13.658,-80.0,12.0,-6.422,44.0,-100.0,-100.0,-100.0,-16.0,0.0,-0.0,32.0,10.244,9.756,9.756,8.0,0.0,0.0,32.0,22.887,23.299,23.299,-16.0,1.0,-0.0,33.0
36.8153,1,rev,-90.0,12.1,5.618,5.4,5.4,16.0,0.0,0.0,37.0,-100.0,-100.0,-100.0,0.0,0.0,-0.0,32.0,-99.858,-100.0,-100.0,8.0,0.0,-0.0,33.0,-15.2,-90.0,-13.926,-80.0,12.0,-4.624,44.0,-100.0,-100.0,-100.0,-16.0,0.0,-0.0,32.0,10.244,9.756,9.756,8.0,0.0,0.0,32.0,22.887,23.299,23.299,-16.0,1.0,-0.0,33.0
36.8676,1,rev,-90.0,12.1,5.618,5.4,5.4,16.0,0.0,0.0,37.0,-100.0,-100.0,-100.0,0.0,0.0,-0.0,32.0,-99.858,-100.0,-100.0,8.0,0.0,-0.0,33.0,-15.6,-90.0,-14.197,-80.0,12.0,-6.307,44.0,-100.0,-100.0,-100.0,-16.0,0.0,-0.0,32.0,10.244,9.756,9.756,8.0,0.0,0.0,32.0,22.887,23.299,23.299,-16.0,1.0,-0.0,33.0
36.9208,1,rev,-90.0,12.1,5.618,5.4,5.4,16.0,0.0,0.0,37.0,-100.0,-100.0,-100.0,0.0,0.0,-0.0,32.0,-99.858,-100.0,-100.0,8.0,0.0,-0.0,33.0,-15.733,-90.0,-14.463,-80.0,12.0,-4.142,44.0,-100.0,-100.0,-100.0,-16.0,0.0,-0.0,32.0,10.244,9.756,9.756,8.0,0.0,0.0,32.0,22.887,23.299,23.299,-16.0,1.0,-0.0,33.0
36.974,1,rev,-90.0,12.1,5.618,5.4,5.4,16.0,0.0,0.0,37.0,-100.0,-100.0,-100.0,0.0,0.0,-0.0,32.0,-99.858,-100.0,-100.0,8.0,0.0,-0.0,33.0,-16.0,-90.0,-14.733,-80.0,12.0,-4.567,44.0,-100.0,-100.0,-100.0,-16.0,0.0,-0.0,32.0,10.244,9.756,9.756,8.0,0.0,0.0,32.0,22.887,23.299,23.299,-16.0,1.0,-0.0,33.0
37.0275,1,rev,-90.0,12.2,5.618,5.4,5.4,16.0,0.0,0.0,36.0,-100.0,-100.0,-100.0,0.0,0.0,-0.0,32.0,-99.858,-100.0,-100.0,8.0,0.0,-0.0,33.0,-16.267,-90.0,-15.028,-84.0,9.0,-4.554,44.0,-100.0,-100.0,-100.0,-16.0,0.0,-0.0,32.0,10.244,9.756,9.756,8.0,0.0,0.0,32.0,22.887,23.299,23.299,-16.0,0.0,-0.0,33.0
37.0805,1,rev,-90.0,12.2,5.618,5.4,5.4,16.0,0.0,0.0,36.0,-100.0,-100.0,-100.0,0.0,0.0,-0.0,32.0,-99.858,-100.0,-100.0,8.0,0.0,-0.0,33.0,-16.4,-90.0,-15.295,-84.0,9.0,-3.722,44.0,-100.0,-100.0,-100.0,-16.0,0.0,-0.0,32.0,10.244,9.756,9.756,8.0,0.0,0.0,32.0,22.887,23.299,23.299,-16.0,0.0,-0.0,33.0
37.1336,1,rev,-90.0,12.2,5.618,5.4,5.4,16.0,0.0,0.0,36.0,-100.0,-100.0,-100.0,0.0,0.0,-0.0,32.0,-99.858,-100.0,-100.0,8.0,0.0,-0.0,33.0,-16.8,-90.0,-15.563,-84.0,9.0,-5.387,44.0,-100.0,-100.0,-100.0,-16.0,0.0,-0.0,32.0,10.244,9.756,9.756,8.0,0.0,0.0,32.0,22.887,23.299,23.299,-16.0,0.0,-0.0,33.0
37.1878,1,rev,-90.0,12.2,5.618,5.4,5.4,16.0,0.0,0.0,36.0,-100.0,-100.0,-100.0,0.0,0.0,-0.0,32.0,-99.858,-100.0,-100.0,8.0,0.0,-0.0,33.0,-17.067,-90.0,-15.836,-84.0,9.0,-5.575,44.0,-100.0,-100.0,-100.0,-16.0,0.0,-0.0,32.0,10.244,9.756,9.756,8.0,0.0,0.0,32.0,22.887,23.299,23.299,-16.0,0.0,-0.0,33.0
37.2408,1,rev,-90.0,12.2,5.618,5.4,5.4,16.0,0.0,0.0,36.0,-100.0,-100.0,-100.0,0.0,0.0,-0.0,32.0,-99.858,-100.0,-100.0,8.0,0.0,-0.0,33.0,-17.333,-90.0,-16.105,-84.0,9.0,-5.258,44.0,-100.0,-100.0,-100.0,-16.0,0.0,-0.0,32.0,10.244,9.756,9.756,8.0,0.0,0.0,32.0,22.887,23.299,23.299,-16.0,0.0,-0.0,33.0
37.2941,1,rev,-90.0,12.2,5.618,5.4,5.4,16.0,0.0,0.0,36.0,-100.0,-100.0,-100.0,0.0,0.0,-0.0,32.0,-99.858,-100.0,-100.0,8.0,0.0,-0.0,33.0,-17.467,-90.0,-16.377,-84.0,9.0,-4.063,44.0,-100.0,-100.0,-100.0,-16.0,0.0,-0.0,32.0,10.244,9.756,9.756,8.0,0.0,0.0,32.0,22.887,23.299,23.299,-16.0,0.0,-0.0,33.0
37.3466,1,rev,-90.0,12.2,5.618,5.4,5.4,16.0,0.0,0.0,36.0,-100.0,-100.0,-100.0,0.0,0.0,-0.0,32.0,-99.858,-100.0,-100.0,8.0,0.0,-0.0,33.0,-17.867,-90.0,-16.646,-84.0,9.0,-5.555,44.0,-100.0,-100.0,-100.0,-16.0,0.0,-0.0,32.0,10.244,9.756,9.756,8.0,0.0,0.0,32.0,22.887,23.299,23.299,-16.0,0.0,-0.0,33.0
37.3999,1,rev,-90.0,12.2,5.618,5.4,5.4,16.0,0.0,0.0,36.0,-100.0,-100.0,-100.0,0.0,0.0,-0.0,32.0,-99.858,-100.0,-100.0,8.0,0.0,-0.0,33.0,-18.133,-90.0,-16.916,-84.0,9.0,-5.226,44.0,-100.0,-100.0,-100.0,-16.0,0.0,-0.0,32.0,10.244,9.756,9.756,8.0,0.0,0.0,32.0,22.887,23.299,23.299,-16.0,0.0,-0.0,33.0
37.453,1,rev,-90.0,12.2,5.618,5.4,5.4,16.0,0.0,0.0,36.0,-100.0,-100.0,-100.0,0.0,0.0,-0.0,32.0,-99.858,-100.0,-100.0,8.0,0.0,-0.0,33.0,-18.267,-90.0,-17.189,-84.0,9.0,-4.042,44.0,-100.0,-100.0,-100.0,-16.0,0.0,-0.0,32.0,10.244,9.756,9.756,8.0,0.0,0.0,32.0,22.887,23.299,23.299,-16.0,0.0,-0.0,33.0
37.5055,1,rev,-90.0,12.2,5.618,5.4,5.4,16.0,0.0,0.0,36.0,-100.0,-100.0,-100.0,0.0,0.0,-0.0,32.0,-99.858,-100.0,-100.0,8.0,0.0,-0.0,33.0,-18.667,-90.0,-17.458,-84.0,9.0,-5.554,44.0,-100.0,-100.0,-100.0,-16.0,0.0,-0.0,32.0,10.244,9.756,9.756,8.0,0.0,0.0,32.0,22.887,23.299,23.299,-16.0,0.0,-0.0,33.0
37.5588,1,rev,-90.0,12.2,5.618,5.4,5.4,16.0,0.0,0.0,36.0,-100.0,-100.0,-100.0,0.0,0.0,-0.0,32.0,-99.858,-100.0,-100.0,8.0,0.0,-0.0,33.0,-18.8,-90.0,-17.594,-84.0,9.0,-5.355,44.0,-100.0,-100.0,-100.0,-16.0,0.0,-0.0,32.0,10.244,9.756,9.756,8.0,0.0,0.0,32.0,22.887,23.299,23.299,-16.0,0.0,-0.0,33.0
37.6121,1,rev,-90.0,12.2,5.618,5.4,5.4,16.0,0.0,0.0,36.0,-100.0,-100.0,-100.0,0.0,0.0,-0.0,32.0,-99.858,-100.0,-100.0,8.0,0.0,-0.0,33.0,-18.8,-90.0,-17.895,-72.0,7.0,-3.748,44.0,-100.0,-100.0,-100.0,-16.0,0.0,-0.0,32.0,10.244,9.756,9.756,8.0,0.0,0.0,32.0,22.887,23.299,23.299,-16.0,0.0,-0.0,33.0
37.6644,1,rev,-90.0,12.2,5.618,5.4,5.4,16.0,0.0,0.0,36.0,-100.0,-100.0,-100.0,0.0,0.0,-0.0,32.0,-99.858,-100.0,-100.0,8.0,0.0,-0.0,33.0,-19.333,-90.0,-18.175,-72.0,7.0,-6.742,44.0,-100.0,-100.0,-100.0,-16.0,0.0,-0.0,32.0,10.244,9.756,9.756,8.0,0.0,0.0,32.0,22.887,23.299,23.299,-16.0,0.0,-0.0,33.0
37.718,1,rev,-90.0,12.2,5.618,5.4,5.4,16.0,0.0,0.0,36.0,-100.0,-100.0,-100.0,0.0,0.0,-0.0,32.0,-99.858,-100.0,-100.0,8.0,0.0,-0.0,33.0,-19.6,-90.0,-18.444,-72.0,7.0,-5.825,44.0,-100.0,-100.0,-100.0,-16.0,0.0,-0.0,32.0,10.244,9.756,9.756,8.0,0.0,0.0,32.0,22.887,23.299,23.299,-16.0,0.0,-0.0,33.0
37.7704,1,rev,-90.0,12.2,5.618,5.4,5.4,16.0,0.0,0.0,36.0,-100.0,-100.0,-100.0,0.0,0.0,-0.0,32.0,-99.858,-100.0,-100.0,8.0,0.0,-0.0,33.0,-19.867,-90.0,-18.711,-72.0,7.0,-5.407,44.0,-100.0,-100.0,-100.0,-16.0,0.0,-0.0,32.0,10.244,9.756,9.756,8.0,0.0,0.0,32.0,22.887,23.299,23.299,-16.0,0.0,-0.0,33.0
37.8224,1,rev,-90.0,12.2,5.618,5.4,5.4,16.0,0.0,0.0,36.0,-100.0,-100.0,-100.0,0.0,0.0,-0.0,32.0,-99.858,-100.0,-100.0,8.0,0.0,-0.0,33.0,-20.267,-90.0,-18.98,-72.0,7.0,-6.222,44.0,-100.0,-100.0,-100.0,-16.0,0.0,-0.0,32.0,10.244,9.756,9.756,8.0,0.0,0.0,32.0,22.887,23.299,23.299,-16.0,0.0,-0.0,33.0
37.8745,1,rev,-90.0,12.2,5.618,5.4,5.4,16.0,0.0,0.0,36.0,-100.0,-100.0,-100.0,0.0,0.0,-0.0,32.0,-99.858,-100.0,-100.0,8.0,0.0,-0.0,33.0,-20.4,-90.0,-19.25,-72.0,7.0,-4.082,44.0,-100.0,-100.0,-100.0,-16.0,0.0,-0.0,32.0,10.244,9.756,9.756,8.0,0.0,0.0,32.0,22.887,23.299,23.299,-16.0,0.0,-0.0,33.0
37.9278,1,rev,-90.0,12.2,5.618,5.4,5.4,16.0,0.0,0.0,36.0,-100.0,-100.0,-100.0,0.0,0.0,-0.0,32.0,-99.858,-100.0,-100.0,8.0,0.0,-0.0,33.0,-20.667,-90.0,-19.519,-72.0,7.0,-4.997,44.0,-100.0,-100.0,-100.0,-16.0,0.0,-0.0,32.0,10.244,9.756,9.756,8.0,0.0,0.0,32.0,22.887,23.299,23.299,-16.0,0.0,-0.0,33.0
37.9808,1,rev,-90.0,12.2,5.618,5.4,5.4,16.0,0.0,0.0,36.0,-100.0,-100.0,-100.0,0.0,0.0,-0.0,32.0,-99.858,-100.0,-100.0,8.0,0.0,-0.0,33.0,-21.067,-90.0,-19.786,-72.0,7.0,-6.031,44.0,-100.0,-100.0,-100.0,-16.0,0.0,-0.0,32.0,10.244,9.756,9.756,8.0,0.0,0.0,32.0,22.887,23.299,23.299,-16.0,0.0,-0.0,33.0
38.0339,1,rev,-90.0,12.2,5.618,5.4,5.4,16.0,0.0,0.0,36.0,-100.0,-100.0,-100.0,0.0,0.0,-0.0,32.0,-99.858,-100.0,-100.0,8.0,0.0,-0.0,33.0,-21.2,-90.0,-20.055,-72.0,7.0,-3.997,44.0,-100.0,-100.0,-100.0,-16.0,0.0,-0.0,32.0,10.244,9.756,9.756,8.0,0.0,0.0,32.0,22.887,23.299,23.299,-16.0,0.0,-0.0,33.0
38.0867,1,rev,-90.0,12.2,5.618,5.4,5.4,16.0,0.0,0.0,36.0,-100.0,-100.0,-100.0,0.0,0.0,-0.0,32.0,-99.858,-100.0,-100.0,8.0,0.0,-0.0,33.0,-21.6,-90.0,-20.322,-72.0,7.0,-5.93,44.0,-100.0,-100.0,-100.0,-16.0,0.0,-0.0,32.0,10.244,9.756,9.756,8.0,0.0,0.0,32.0,22.887,23.299,23.299,-16.0,0.0,-0.0,33.0
38.1399,1,rev,-90.0,12.1,5.618,5.4,5.4,16.0,0.0,0.0,36.0,-100.0,-100.0,-100.0,0.0,0.0,-0.0,32.0,-99.858,-100.0,-100.0,8.0,0.0,-0.0,33.0,-21.733,-90.0,-20.458,-72.0,10.0,-5.641,45.0,-100.0,-100.0,-100.0,-16.0,1.0,-0.0,32.0,10.244,9.756,9.756,8.0,0.0,0.0,32.0,22.887,23.299,23.299,-16.0,1.0,-0.0,33.0
38.194,1,rev,-90.0,12.1,5.618,5.4,5.4,16.0,0.0,0.0,36.0,-100.0,-100.0,-100.0,0.0,0.0,-0.0,32.0,-99.858,-100.0,-100.0,8.0,0.0,-0.0,33.0,-22.0,-90.0,-20.88,-72.0,10.0,-4.732,45.0,-100.0,-100.0,-100.0,-16.0,1.0,-0.0,32.0,10.244,9.756,9.756,8.0,0.0,0.0,32.0,22.887,23.299,23.299,-16.0,1.0,-0.0,33.0
38.2466,1,rev,-90.0,12.1,5.618,5.4,5.4,16.0,0.0,0.0,36.0,-100.0,-100.0,-100.0,0.0,0.0,-0.0,32.0,-99.858,-100.0,-100.0,8.0,0.0,-0.0,33.0,-22.267,-90.0,-21.149,-72.0,10.0,-4.857,45.0,-100.0,-100.0,-100.0,-16.0,1.0,-0.0,32.0,10.244,9.756,9.756,8.0,0.0,0.0,32.0,22.887,23.299,23.299,-16.0,1.0,-0.0,33.0
38.2999,1,rev,-90.0,12.1,5.618,5.4,5.4,16.0,0.0,0.0,36.0,-100.0,-100.0,-100.0,0.0,0.0,-0.0,32.0,-99.858,-100.0,-100.0,8.0,0.0,-0.0,33.0,-22.667,-90.0,-21.417,-72.0,10.0,-5.925,45.0,-100.0,-100.0,-100.0,-16.0,1.0,-0.0,32.0,10.244,9.756,9.756,8.0,0.0,0.0,32.0,22.887,23.299,23.299,-16.0,1.0,-0.0,33.0
38.3525,1,rev,-90.0,12.1,5.618,5.4,5.4,16.0,0.0,0.0,36.0,-100.0,-100.0,-100.0,0.0,0.0,-0.0,32.0,-99.858,-100.0,-100.0,8.0,0.0,-0.0,33.0,-22.8,-90.0,-21.689,-72.0,10.0,-4.374,45.0,-100.0,-100.0,-100.0,-16.0,1.0,-0.0,32.0,10.244,9.756,9.756,8.0,0.0,0.0,32.0,22.887,23.299,23.299,-16.0,1.0,-0.0,33.0
38.4059,1,rev,-90.0,12.1,5.618,5.4,5.4,16.0,0.0,0.0,36.0,-100.0,-100.0,-100.0,0.0,0.0,-0.0,32.0,-99.858,-100.0,-100.0,8.0,0.0,-0.0,33.0,-23.067,-90.0,-21.96,-72.0,10.0,-4.659,45.0,-100.0,-100.0,-100.0,-16.0,1.0,-0.0,32.0,10.244,9.756,9.756,8.0,0.0,0.0,32.0,22.887,23.299,23.299,-16.0,1.0,-0.0,33.0
38.4583,1,rev,-90.0,12.1,5.618,5.4,5.4,16.0,0.0,0.0,36.0,-100.0,-100.0,-100.0,0.0,0.0,-0.0,32.0,-99.858,-100.0,-100.0,8.0,0.0,-0.0,33.0,-23.2,-90.0,-22.227,-72.0,10.0,-4.767,45.0,-100.0,-100.0,-100.0,-16.0,1.0,-0.0,32.0,10.244,9.756,9.756,8.0,0.0,0.0,32.0,22.887,23.299,23.299,-16.0,1.0,-0.0,33.0
38.5116,1,rev,-90.0,12.1,5.618,5.4,5.4,16.0,0.0,0.0,36.0,-100.0,-100.0,-100.0,0.0,0.0,-0.0,32.0,-99.858,-100.0,-100.0,8.0,0.0,-0.0,33.0,-23.467,-90.0,-22.512,-72.0,10.0,-4.234,45.0,-100.0,-100.0,-100.0,-16.0,1.0,-0.0,32.0,10.244,9.756,9.756,8.0,0.0,0.0,32.0,22.887,23.299,23.299,-16.0,1.0,-0.0,33.0
38.5651,1,rev,-90.0,12.1,5.618,5.4,5.4,16.0,0.0,0.0,36.0,-100.0,-100.0,-100.0,0.0,0.0,-0.0,32.0,-99.858,-100.0,-100.0,8.0,0.0,-0.0,33.0,-23.6,-90.0,-22.656,-72.0,10.0,-3.564,45.0,-100.0,-100.0,-100.0,-16.0,1.0,-0.0,32.0,10.244,9.756,9.756,8.0,0.0,0.0,32.0,22.887,23.299,23.299,-16.0,1.0,-0.0,33.0
38.6193,1,rev,-90.0,12.1,5.618,5.4,5.4,16.0,0.0,0.0,36.0,-100.0,-100.0,-100.0,0.0,0.0,-0.0,32.0,-99.858,-100.0,-100.0,8.0,0.0,-0.0,33.0,-23.867,-90.0,-22.943,-72.0,10.0,-3.589,45.0,-100.0,-100.0,-100.0,-16.0,1.0,-0.0,32.0,10.244,9.756,9.756,8.0,0.0,0.0,32.0,22.887,23.299,23.299,-16.0,1.0,-0.0,33.0
38.6726,1,rev,-90.0,12.1,5.618,5.4,5.4,16.0,0.0,0.0,36.0,-100.0,-100.0,-100.0,0.0,0.0,-0.0,32.0,-99.858,-100.0,-100.0,8.0,0.0,-0.0,33.0,-24.267,-90.0,-23.211,-72.0,10.0,-5.355,45.0,-100.0,-100.0,-100.0,-16.0,1.0,-0.0,32.0,10.244,9.756,9.756,8.0,0.0,0.0,32.0,22.887,23.299,23.299,-16.0,1.0,-0.0,33.0
38.7261,1,rev,-90.0,12.2,5.618,5.4,5.4,16.0,0.0,0.0,37.0,-100.0,-100.0,-100.0,0.0,0.0,-0.0,32.0,-99.858,-100.0,-100.0,8.0,0.0,-0.0,33.0,-24.4,-90.0,-23.344,-56.0,4.0,-5.256,45.0,-100.0,-100.0,-100.0,-16.0,0.0,-0.0,32.0,10.244,9.756,9.756,8.0,0.0,0.0,32.0,22.887,23.299,23.299,-16.0,0.0,-0.0,33.0
38.779,1,rev,-90.0,12.2,5.618,5.4,5.4,16.0,0.0,0.0,37.0,-100.0,-100.0,-100.0,0.0,0.0,-0.0,32.0,-99.858,-100.0,-100.0,8.0,0.0,-0.0,33.0,-24.667,-90.0,-23.764,-56.0,4.0,-4.54,45.0,-100.0,-100.0,-100.0,-16.0,0.0,-0.0,32.0,10.244,9.756,9.756,8.0,0.0,0.0,32.0,22.887,23.299,23.299,-16.0,0.0,-0.0,33.0
38.8315,1,rev,-90.0,12.2,5.618,5.4,5.4,16.0,0.0,0.0,37.0,-100.0,-100.0,-100.0,0.0,0.0,-0.0,32.0,-99.858,-100.0,-100.0,8.0,0.0,-0.0,33.0,-25.067,-90.0,-24.03,-56.0,4.0,-5.831,45.0,-100.0,-100.0,-100.0,-16.0,0.0,-0.0,32.0,10.244,9.756,9.756,8.0,0.0,0.0,32.0,22.887,23.299,23.299,-16.0,0.0,-0.0,33.0
38.8847,1,rev,-90.0,12.2,5.618,5.4,5.4,16.0,0.0,0.0,37.0,-100.0,-100.0,-100.0,0.0,0.0,-0.0,32.0,-99.858,-100.0,-100.0,8.0,0.0,-0.0,33.0,-25.333,-90.0,-24.299,-56.0,4.0,-5.397,45.0,-100.0,-100.0,-100.0,-16.0,0.0,-0.0,32.0,10.244,9.756,9.756,8.0,0.0,0.0,32.0,22.887,23.299,23.299,-16.0,0.0,-0.0,33.0
38.9379,1,rev,-90.0,12.2,5.618,5.4,5.4,16.0,0.0,0.0,37.0,-100.0,-100.0,-100.0,0.0,0.0,-0.0,32.0,-99.858,-100.0,-100.0,8.0,0.0,-0.0,33.0,-25.733,-90.0,-24.568,-56.0,4.0,-6.664,45.0,-100.0,-100.0,-100.0,-16.0,0.0,-0.0,32.0,10.244,9.756,9.756,8.0,0.0,0.0,32.0,22.887,23.299,23.299,-16.0,0.0,-0.0,33.0
38.9911,1,rev,-90.0,12.2,5.618,5.4,5.4,16.0,0.0,0.0,37.0,-100.0,-100.0,-100.0,0.0,0.0,-0.0,32.0,-99.858,-100.0,-100.0,8.0,0.0,-0.0,33.0,-25.733,-90.0,-24.84,-56.0,4.0,-3.265,45.0,-100.0,-100.0,-100.0,-16.0,0.0,-0.0,32.0,10.244,9.756,9.756,8.0,0.0,0.0,32.0,22.887,23.299,23.299,-16.0,0.0,-0.0,33.0
39.0446,1,rev,-90.0,12.2,5.618,5.4,5.4,16.0,0.0,0.0,37.0,-100.0,-100.0,-100.0,0.0,0.0,-0.0,32.0,-99.858,-100.0,-100.0,8.0,0.0,-0.0,33.0,-26.133,-90.0,-25.11,-56.0,4.0,-5.154,45.0,-100.0,-100.0,-100.0,-16.0,0.0,-0.0,32.0,10.244,9.756,9.756,8.0,0.0,0.0,32.0,22.887,23.299,23.299,-16.0,0.0,-0.0,33.0
39.0978,1,rev,-90.0,12.2,5.618,5.4,5.4,16.0,0.0,0.0,37.0,-100.0,-100.0,-100.0,0.0,0.0,-0.0,32.0,-99.858,-100.0,-100.0,8.0,0.0,-0.0,33.0,-26.4,-90.0,-25.376,-56.0,4.0,-5.07,45.0,-100.0,-100.0,-100.0,-16.0,0.0,-0.0,32.0,10.244,9.756,9.756,8.0,0.0,0.0,32.0,22.887,23.299,23.299,-16.0,0.0,-0.0,33.0
39.1509,1,rev,-90.0,12.2,5.618,5.4,5.4,16.0,0.0,0.0,37.0,-100.0,-100.0,-100.0,0.0,0.0,-0.0,32.0,-99.858,-100.0,-100.0,8.0,0.0,-0.0,33.0,-26.533,-90.0,-25.646,-56.0,4.0,-3.51,45.0,-100.0,-100.0,-100.0,-16.0,0.0,-0.0,32.0,10.244,9.756,9.756,8.0,0.0,0.0,32.0,22.887,23.299,23.299,-16.0,0.0,-0.0,33.0
39.205,1,rev,-90.0,12.2,5.618,5.4,5.4,16.0,0.0,0.0,37.0,-100.0,-100.0,-100.0,0.0,0.0,-0.0,32.0,-99.858,-100.0,-100.0,8.0,0.0,-0.0,33.0,-26.933,-90.0,-25.914,-56.0,4.0,-5.739,45.0,-100.0,-100.0,-100.0,-16.0,0.0,-0.0,32.0,10.244,9.756,9.756,8.0,0.0,0.0,32.0,22.887,23.299,23.299,-16.0,0.0,-0.0,33.0
39.258,1,rev,-90.0,12.2,5.618,5.4,5.4,16.0,0.0,0.0,37.0,-100.0,-100.0,-100.0,0.0,0.0,-0.0,32.0,-99.858,-100.0,-100.0,8.0,0.0,-0.0,33.0,-27.2,-90.0,-26.185,-56.0,4.0,-5.287,45.0,-100.0,-100.0,-100.0,-16.0,0.0,-0.0,32.0,10.244,9.756,9.756,8.0,0.0,0.0,32.0,22.887,23.299,23.299,-16.0,0.0,-0.0,33.0
39.3112,1,rev,-90.0,12.2,5.618,5.4,5.4,16.0,0.0,0.0,36.0,-100.0,-100.0,-100.0,0.0,0.0,-0.0,32.0,-99.858,-100.0,-100.0,8.0,0.0,-0.0,33.0,-27.2,-90.0,-26.489,-56.0,4.0,-5.287,44.0,-100.0,-100.0,-100.0,-16.0,0.0,-0.0,32.0,10.244,9.756,9.756,8.0,0.0,0.0,32.0,22.887,23.299,23.299,-16.0,0.0,-0.0,33.0
39.3649,1,rev,-90.0,12.2,5.618,5.4,5.4,16.0,0.0,0.0,36.0,-100.0,-100.0,-100.0,0.0,0.0,-0.0,32.0,-99.858,-100.0,-100.0,8.0,0.0,-0.0,33.0,-27.333,-90.0,-26.774,-56.0,4.0,-3.035,44.0,-100.0,-100.0,-100.0,-16.0,0.0,-0.0,32.0,10.244,9.756,9.756,8.0,0.0,0.0,32.0,22.887,23.299,23.299,-16.0,0.0,-0.0,33.0
39.4173,1,rev,-90.0,12.2,5.618,5.4,5.4,16.0,0.0,0.0,36.0,-100.0,-100.0,-100.0,0.0,0.0,-0.0,32.0,-99.858,-100.0,-100.0,8.0,0.0,-0.0,33.0,-28.0,-90.0,-26.924,-56.0,4.0,-7.264,44.0,-100.0,-100.0,-100.0,-16.0,0.0,-0.0,32.0,10.244,9.756,9.756,8.0,0.0,0.0,32.0,22.887,23.299,23.299,-16.0,0.0,-0.0,33.0
39.4709,1,rev,-90.0,12.2,5.618,5.4,5.4,16.0,0.0,0.0,36.0,-100.0,-100.0,-100.0,0.0,0.0,-0.0,32.0,-99.858,-100.0,-100.0,8.0,0.0,-0.0,33.0,-28.0,-90.0,-27.202,-56.0,4.0,-3.559,44.0,-100.0,-100.0,-100.0,-16.0,0.0,-0.0,32.0,10.244,9.756,9.756,8.0,0.0,0.0,32.0,22.887,23.299,23.299,-16.0,0.0,-0.0,33.0
39.5232,1,rev,-90.0,12.2,5.618,5.4,5.4,16.0,0.0,0.0,36.0,-100.0,-100.0,-100.0,0.0,0.0,-0.0,32.0,-99.858,-100.0,-100.0,8.0,0.0,-0.0,33.0,-28.4,-90.0,-27.47,-56.0,4.0,-5.348,44.0,-100.0,-100.0,-100.0,-16.0,0.0,-0.0,32.0,10.244,9.756,9.756,8.0,0.0,0.0,32.0,22.887,23.299,23.299,-16.0,0.0,-0.0,33.0
39.5757,1,rev,-90.0,12.2,5.618,5.4,5.4,16.0,0.0,0.0,36.0,-100.0,-100.0,-100.0,0.0,0.0,-0.0,32.0,-99.858,-100.0,-100.0,8.0,0.0,-0.0,33.0,-28.8,-90.0,-27.735,-56.0,4.0,-6.209,44.0,-100.0,-100.0,-100.0,-16.0,0.0,-0.0,32.0,10.244,9.756,9.756,8.0,0.0,0.0,32.0,22.887,23.299,23.299,-16.0,0.0,-0.0,33.0
39.6295,1,rev,-90.0,12.2,5.618,5.4,5.4,16.0,0.0,0.0,36.0,-100.0,-100.0,-100.0,0.0,0.0,-0.0,32.0,-99.858,-100.0,-100.0,8.0,0.0,-0.0,33.0,-28.933,-90.0,-28.005,-56.0,4.0,-4.534,44.0,-100.0,-100.0,-100.0,-16.0,0.0,-0.0,32.0,10.244,9.756,9.756,8.0,0.0,0.0,32.0,22.887,23.299,23.299,-16.0,0.0,-0.0,33.0
39.6826,1,rev,-90.0,12.2,5.618,5.4,5.4,16.0,0.0,0.0,36.0,-100.0,-100.0,-100.0,0.0,0.0,-0.0,32.0,-99.858,-100.0,-100.0,8.0,0.0,-0.0,33.0,-29.333,-90.0,-28.273,-56.0,4.0,-5.785,44.0,-100.0,-100.0,-100.0,-16.0,0.0,-0.0,32.0,10.244,9.756,9.756,8.0,0.0,0.0,32.0,22.887,23.299,23.299,-16.0,0.0,-0.0,33.0
39.7358,1,rev,-90.0,12.2,5.618,5.4,5.4,16.0,0.0,0.0,36.0,-100.0,-100.0,-100.0,0.0,0.0,-0.0,32.0,-99.858,-100.0,-100.0,8.0,0.0,-0.0,33.0,-29.467,-90.0,-28.541,-56.0,4.0,-3.892,44.0,-100.0,-100.0,-100.0,-16.0,0.0,-0.0,32.0,10.244,9.756,9.756,8.0,0.0,0.0,32.0,22.887,23.299,23.299,-16.0,0.0,-0.0,33.0
39.7896,1,rev,-90.0,12.2,5.618,5.4,5.4,16.0,0.0,0.0,36.0,-100.0,-100.0,-100.0,0.0,0.0,-0.0,32.0,-99.858,-100.0,-100.0,8.0,0.0,-0.0,33.0,-29.733,-90.0,-28.809,-56.0,4.0,-4.439,44.0,-100.0,-100.0,-100.0,-16.0,0.0,-0.0,32.0,10.244,9.756,9.756,8.0,0.0,0.0,32.0,22.887,23.299,23.299,-16.0,0.0,-0.0,33.0
39.8429,1,rev,-90.0,12.2,5.618,5.4,5.4,16.0,0.0,0.0,36.0,-100.0,-100.0,-100.0,0.0,0.0,-0.0,32.0,-99.858,-100.0,-100.0,8.0,0.0,-0.0,33.0,-30.133,-90.0,-29.078,-56.0,4.0,-6.213,44.0,-100.0,-100.0,-100.0,-16.0,0.0,-0.0,32.0,10.244,9.756,9.756,8.0,0.0,0.0,32.0,22.887,23.299,23.299,-16.0,0.0,-0.0,33.0
39.8959,1,rev,-90.0,12.2,5.618,5.4,5.4,16.0,0.0,0.0,36.0,-100.0,-100.0,-100.0,0.0,0.0,-0.0,32.0,-99.858,-100.0,-100.0,8.0,0.0,-0.0,33.0,-30.267,-90.0,-29.37,-56.0,4.0,-5.031,44.0,-100.0,-100.0,-100.0,-16.0,1.0,-0.0,32.0,10.244,9.756,9.756,8.0,0.0,0.0,32.0,22.887,23.299,23.299,-16.0,1.0,-0.0,33.0
39.9492,1,rev,-90.0,12.2,5.618,5.4,5.4,16.0,0.0,0.0,36.0,-100.0,-100.0,-100.0,0.0,0.0,-0.0,32.0,-99.858,-100.0,-100.0,8.0,0.0,-0.0,33.0,-30.4,-90.0,-29.638,-56.0,4.0,-3.964,44.0,-100.0,-100.0,-100.0,-16.0,1.0,-0.0,32.0,10.244,9.756,9.756,8.0,0.0,0.0,32.0,22.887,23.299,23.299,-16.0,1.0,-0.0,33.0
40.0015,1,rev,-90.0,12.2,5.618,5.4,5.4,16.0,0.0,0.0,36.0,-100.0,-100.0,-100.0,0.0,0.0,-0.0,32.0,-99.858,-100.0,-100.0,8.0,0.0,-0.0,33.0,-30.933,-90.0,-29.908,-56.0,4.0,-6.957,44.0,-100.0,-100.0,-100.0,-16.0,1.0,-0.0,32.0,10.244,9.756,9.756,8.0,0.0,0.0,32.0,22.887,23.299,23.299,-16.0,1.0,-0.0,33.0
40.0549,1,rev,-90.0,12.2,5.618,5.4,5.4,16.0,0.0,0.0,36.0,-100.0,-100.0,-100.0,0.0,0.0,-0.0,32.0,-99.858,-100.0,-100.0,8.0,0.0,-0.0,33.0,-31.067,-90.0,-30.176,-56.0,4.0,-4.456,44.0,-100.0,-100.0,-100.0,-16.0,1.0,-0.0,32.0,10.244,9.756,9.756,8.0,0.0,0.0,32.0,22.887,23.299,23.299,-16.0,1.0,-0.0,33.0
40.1081,1,rev,-90.0,12.2,5.618,5.4,5.4,16.0,0.0,0.0,36.0,-100.0,-100.0,-100.0,0.0,0.0,-0.0,32.0,-99.858,-100.0,-100.0,8.0,0.0,-0.0,33.0,-31.333,-90.0,-30.445,-56.0,4.0,-4.735,44.0,-100.0,-100.0,-100.0,-16.0,1.0,-0.0,32.0,10.244,9.756,9.756,8.0,0.0,0.0,32.0,22.887,23.299,23.299,-16.0,1.0,-0.0,33.0
40.1613,1,rev,-90.0,12.2,5.618,5.4,5.4,16.0,0.0,0.0,36.0,-100.0,-100.0,-100.0,0.0,0.0,-0.0,32.0,-99.858,-100.0,-100.0,8.0,0.0,-0.0,33.0,-31.733,-90.0,-30.711,-56.0,4.0,-6.397,44.0,-100.0,-100.0,-100.0,-16.0,1.0,-0.0,32.0,10.244,9.756,9.756,8.0,0.0,0.0,32.0,22.887,23.299,23.299,-16.0,1.0,-0.0,33.0
40.2152,1,rev,-90.0,12.2,5.618,5.4,5.4,16.0,0.0,0.0,36.0,-100.0,-100.0,-100.0,0.0,0.0,-0.0,32.0,-99.858,-100.0,-100.0,8.0,0.0,-0.0,33.0,-31.867,-90.0,-30.977,-56.0,4.0,-4.624,44.0,-100.0,-100.0,-100.0,-16.0,1.0,-0.0,32.0,10.244,9.756,9.756,8.0,0.0,0.0,32.0,22.887,23.299,23.299,-16.0,1.0,-0.0,33.0
40.2685,1,rev,-90.0,12.2,5.618,5.4,5.4,16.0,0.0,0.0,36.0,-100.0,-100.0,-100.0,0.0,0.0,-0.0,32.0,-99.858,-100.0,-100.0,8.0,0.0,-0.0,33.0,-32.133,-90.0,-31.243,-56.0,4.0,-4.838,44.0,-100.0,-100.0,-100.0,-16.0,1.0,-0.0,32.0,10.244,9.756,9.756,8.0,0.0,0.0,32.0,22.887,23.299,23.299,-16.0,1.0,-0.0,33.0
40.3218,1,rev,-90.0,12.2,5.618,5.4,5.4,16.0,0.0,0.0,36.0,-100.0,-100.0,-100.0,0.0,0.0,-0.0,32.0,-99.858,-100.0,-100.0,8.0,0.0,-0.0,33.0,-32.4,-90.0,-31.508,-56.0,4.0,-4.916,44.0,-100.0,-100.0,-100.0,-16.0,1.0,-0.0,32.0,10.244,9.756,9.756,8.0,0.0,0.0,32.0,22.887,23.299,23.299,-16.0,1.0,-0.0,33.0
40.3751,1,rev,-90.0,12.2,5.618,5.4,5.4,16.0,0.0,0.0,36.0,-100.0,-100.0,-100.0,0.0,0.0,-0.0,32.0,-99.858,-100.0,-100.0,8.0,0.0,-0.0,33.0,-32.667,-90.0,-31.779,-56.0,4.0,-4.91,44.0,-100.0,-100.0,-100.0,-16.0,1.0,-0.0,32.0,10.244,9.756,9.756,8.0,0.0,0.0,32.0,22.887,23.299,23.299,-16.0,1.0,-0.0,33.0
40.4275,1,rev,-90.0,12.2,5.618,5.4,5.4,16.0,0.0,0.0,36.0,-100.0,-100.0,-100.0,-8.0,0.0,-0.0,32.0,-99.858,-100.0,-100.0,8.0,0.0,-0.0,33.0,-32.8,-90.0,-31.914,-48.0,3.0,-4.946,45.0,-100.0,-100.0,-100.0,-16.0,0.0,-0.0,32.0,10.244,9.756,9.756,8.0,0.0,0.0,32.0,22.887,23.299,23.299,-16.0,0.0,-0.0,33.0
40.4794,1,rev,-90.0,12.2,5.618,5.4,5.4,16.0,0.0,0.0,36.0,-100.0,-100.0,-100.0,-8.0,0.0,-0.0,32.0,-99.858,-100.0,-100.0,8.0,0.0,-0.0,33.0,-33.067,-90.0,-32.327,-48.0,3.0,-4.432,45.0,-100.0,-100.0,-100.0,-16.0,0.0,-0.0,32.0,10.244,9.756,9.756,8.0,0.0,0.0,32.0,22.887,23.299,23.299,-16.0,0.0,-0.0,33.0
40.5323,1,rev,-90.0,12.2,5.618,5.4,5.4,16.0,0.0,0.0,36.0,-100.0,-100.0,-100.0,-8.0,0.0,-0.0,32.0,-99.858,-100.0,-100.0,8.0,0.0,-0.0,33.0,-33.333,-90.0,-32.595,-48.0,3.0,-6.073,45.0,-100.0,-100.0,-100.0,-16.0,0.0,-0.0,32.0,10.244,9.756,9.756,8.0,0.0,0.0,32.0,22.887,23.299,23.299,-16.0,0.0,-0.0,33.0
40.5859,1,rev,-90.0,12.2,5.618,5.4,5.4,16.0,0.0,0.0,36.0,-100.0,-100.0,-100.0,-8.0,0.0,-0.0,32.0,-99.858,-100.0,-100.0,8.0,0.0,-0.0,33.0,-33.6,-90.0,-32.879,-48.0,3.0,-5.393,45.0,-100.0,-100.0,-100.0,-16.0,0.0,-0.0,32.0,10.244,9.756,9.756,8.0,0.0,0.0,32.0,22.887,23.299,23.299,-16.0,0.0,-0.0,33.0
40.64,1,rev,-90.0,12.2,5.618,5.4,5.4,16.0,0.0,0.0,36.0,-100.0,-100.0,-100.0,-8.0,0.0,-0.0,32.0,-99.858,-100.0,-100.0,8.0,0.0,-0.0,33.0,-33.867,-90.0,-33.163,-48.0,3.0,-5.071,45.0,-100.0,-100.0,-100.0,-16.0,0.0,-0.0,32.0,10.244,9.756,9.756,8.0,0.0,0.0,32.0,22.887,23.299,23.299,-16.0,0.0,-0.0,33.0
40.6934,1,rev,-90.0,12.2,5.618,5.4,5.4,16.0,0.0,0.0,36.0,-100.0,-100.0,-100.0,-8.0,0.0,-0.0,32.0,-99.858,-100.0,-100.0,8.0,0.0,-0.0,33.0,-34.133,-90.0,-33.43,-48.0,3.0,-5.032,45.0,-100.0,-100.0,-100.0,-16.0,0.0,-0.0,32.0,10.244,9.756,9.756,8.0,0.0,0.0,32.0,22.887,23.299,23.299,-16.0,0.0,-0.0,33.0
40.7471,1,rev,-90.0,12.2,5.618,5.4,5.4,16.0,0.0,0.0,36.0,-100.0,-100.0,-100.0,-8.0,0.0,-0.0,32.0,-99.858,-100.0,-100.0,8.0,0.0,-0.0,33.0,-34.4,-90.0,-33.698,-48.0,3.0,-5.007,45.0,-100.0,-100.0,-100.0,-16.0,0.0,-0.0,32.0,10.244,9.756,9.756,8.0,0.0,0.0,32.0,22.887,23.299,23.299,-16.0,0.0,-0.0,33.0
40.8002,1,rev,-90.0,12.2,5.618,5.4,5.4,16.0,0.0,0.0,36.0,-100.0,-100.0,-100.0,-8.0,0.0,-0.0,32.0,-99.858,-100.0,-100.0,8.0,0.0,-0.0,33.0,-34.667,-90.0,-33.833,-48.0,3.0,-4.988,45.0,-100.0,-100.0,-100.0,-16.0,0.0,-0.0,32.0,10.244,9.756,9.756,8.0,0.0,0.0,32.0,22.887,23.299,23.299,-16.0,0.0,-0.0,33.0
40.854,1,rev,-90.0,12.2,5.618,5.4,5.4,16.0,0.0,0.0,36.0,-100.0,-100.0,-100.0,-8.0,0.0,-0.0,32.0,-99.858,-100.0,-100.0,8.0,0.0,-0.0,33.0,-34.933,-90.0,-34.116,-48.0,3.0,-4.878,45.0,-100.0,-100.0,-100.0,-16.0,0.0,-0.0,32.0,10.244,9.756,9.756,8.0,0.0,0.0,32.0,22.887,23.299,23.299,-16.0,0.0,-0.0,33.0
40.9072,1,rev,-90.0,12.2,5.618,5.4,5.4,16.0,0.0,0.0,36.0,-100.0,-100.0,-100.0,-8.0,0.0,-0.0,32.0,-99.858,-100.0,-100.0,8.0,0.0,-0.0,33.0,-35.2,-90.0,-34.383,-48.0,3.0,-5.403,45.0,-100.0,-100.0,-100.0,-16.0,0.0,-0.0,32.0,10.244,9.756,9.756,8.0,0.0,0.0,32.0,22.887,23.299,23.299,-16.0,0.0,-0.0,33.0
40.9607,1,rev,-90.0,12.2,5.618,5.4,5.4,16.0,0.0,0.0,36.0,-100.0,-100.0,-100.0,-8.0,0.0,-0.0,32.0,-99.858,-100.0,-100.0,8.0,0.0,-0.0,33.0,-35.467,-90.0,-34.65,-48.0,3.0,-5.176,45.0,-100.0,-100.0,-100.0,-16.0,0.0,-0.0,32.0,10.244,9.756,9.756,8.0,0.0,0.0,32.0,22.887,23.299,23.299,-16.0,0.0,-0.0,33.0
41.0141,1,rev,-90.0,12.2,5.618,5.4,5.4,16.0,0.0,0.0,37.0,-100.0,-100.0,-100.0,0.0,0.0,-0.0,32.0,-99.858,-100.0,-100.0,8.0,0.0,-0.0,33.0,-35.6,-90.0,-34.785,-48.0,3.0,-5.13,45.0,-100.0,-100.0,-100.0,-16.0,1.0,-0.0,32.0,10.244,9.756,9.756,8.0,0.0,0.0,32.0,22.887,23.299,23.299,-16.0,0.0,-0.0,33.0
41.0664,1,rev,-90.0,12.2,5.618,5.4,5.4,16.0,0.0,0.0,37.0,-100.0,-100.0,-100.0,0.0,0.0,-0.0,32.0,-99.858,-100.0,-100.0,8.0,0.0,-0.0,33.0,-35.733,-90.0,-35.201,-48.0,3.0,-3.014,45.0,-100.0,-100.0,-100.0,-16.0,1.0,-0.0,32.0,10.244,9.756,9.756,8.0,0.0,0.0,32.0,22.887,23.299,23.299,-16.0,0.0,-0.0,33.0
41.1198,1,rev,-90.0,12.2,5.618,5.4,5.4,16.0,0.0,0.0,37.0,-100.0,-100.0,-100.0,0.0,0.0,-0.0,32.0,-99.858,-100.0,-100.0,8.0,0.0,-0.0,33.0,-36.267,-90.0,-35.474,-48.0,3.0,-6.476,45.0,-100.0,-100.0,-100.0,-16.0,1.0,-0.0,32.0,10.244,9.756,9.756,8.0,0.0,0.0,32.0,22.887,23.299,23.299,-16.0,0.0,-0.0,33.0
41.1729,1,rev,-90.0,12.2,5.528,5.4,5.4,16.0,0.0,-0.703,37.0,-100.0,-100.0,-100.0,0.0,0.0,-0.0,32.0,-99.858,-100.0,-100.0,8.0,0.0,-0.0,33.0,-36.4,-90.0,-35.742,-48.0,3.0,-4.215,45.0,-100.0,-100.0,-100.0,-16.0,1.0,-0.0,32.0,10.244,9.756,9.756,8.0,0.0,0.0,32.0,22.887,23.299,23.299,-16.0,0.0,-0.0,33.0
41.2269,1,rev,-90.0,12.2,5.528,5.4,5.4,16.0,0.0,-0.344,37.0,-100.0,-100.0,-100.0,0.0,0.0,-0.0,32.0,-99.858,-100.0,-100.0,8.0,0.0,-0.0,33.0,-36.933,-90.0,-36.008,-48.0,3.0,-7.118,45.0,-100.0,-100.0,-100.0,-16.0,1.0,-0.0,32.0,10.244,9.756,9.756,8.0,0.0,0.0,32.0,22.887,23.299,23.299,-16.0,0.0,-0.0,33.0
41.2796,1,rev,-90.0,12.2,5.528,5.4,5.4,16.0,0.0,-0.169,37.0,-100.0,-100.0,-100.0,0.0,0.0,-0.0,32.0,-99.858,-100.0,-100.0,8.0,0.0,-0.0,33.0,-37.067,-90.0,-36.277,-48.0,3.0,-4.539,45.0,-100.0,-100.0,-100.0,-16.0,1.0,-0.0,32.0,10.244,9.756,9.756,8.0,0.0,0.0,32.0,22.887,23.299,23.299,-16.0,0.0,-0.0,33.0
41.3328,1,rev,-90.0,12.2,5.528,5.4,5.4,16.0,0.0,-0.083,37.0,-100.0,-100.0,-100.0,0.0,0.0,-0.0,32.0,-99.858,-100.0,-100.0,8.0,0.0,-0.0,33.0,-37.333,-90.0,-36.546,-48.0,3.0,-4.766,45.0,-100.0,-100.0,-100.0,-16.0,1.0,-0.0,32.0,10.244,9.756,9.756,8.0,0.0,0.0,32.0,22.887,23.299,23.299,-16.0,0.0,-0.0,33.0
41.386,1,rev,-90.0,12.2,5.528,5.4,5.4,16.0,0.0,-0.04,37.0,-100.0,-100.0,-100.0,0.0,0.0,-0.0,32.0,-99.858,-100.0,-100.0,8.0,0.0,-0.0,33.0,-37.6,-90.0,-36.816,-48.0,3.0,-4.852,45.0,-100.0,-100.0,-100.0,-16.0,1.0,-0.0,32.0,10.244,9.756,9.756,8.0,0.0,0.0,32.0,22.887,23.299,23.299,-16.0,0.0,-0.0,33.0
41.4385,1,rev,-90.0,12.2,5.528,5.4,5.4,16.0,0.0,-0.02,37.0,-100.0,-100.0,-100.0,0.0,0.0,-0.0,32.0,-99.858,-100.0,-100.0,8.0,0.0,-0.0,33.0,-37.867,-90.0,-37.087,-48.0,3.0,-4.867,45.0,-100.0,-100.0,-100.0,-16.0,1.0,-0.0,32.0,10.244,9.756,9.756,8.0,0.0,0.0,32.0,22.887,23.299,23.299,-16.0,0.0,-0.0,33.0
41.4913,1,rev,-90.0,12.2,5.528,5.4,5.4,16.0,0.0,-0.01,37.0,-100.0,-100.0,-100.0,0.0,0.0,-0.0,32.0,-99.858,-100.0,-100.0,8.0,0.0,-0.0,33.0,-38.133,-90.0,-37.359,-48.0,3.0,-4.902,45.0,-100.0,-100.0,-100.0,-16.0,1.0,-0.0,32.0,10.244,9.756,9.756,8.0,0.0,0.0,32.0,22.887,23.299,23.299,-16.0,0.0,-0.0,33.0
41.5448,1,rev,-90.0,12.2,5.528,5.4,5.4,16.0,0.0,-0.005,37.0,-100.0,-100.0,-100.0,0.0,0.0,-0.0,32.0,-99.858,-100.0,-100.0,8.0,0.0,-0.0,33.0,-38.267,-90.0,-37.629,-48.0,3.0,-3.879,45.0,-100.0,-100.0,-100.0,-16.0,1.0,-0.0,32.0,10.244,9.756,9.756,8.0,0.0,0.0,32.0,22.887,23.299,23.299,-16.0,0.0,-0.0,33.0
41.5982,1,rev,-90.0,12.2,5.528,5.4,5.4,8.0,0.0,-0.005,37.0,-100.0,-100.0,-100.0,-8.0,0.0,-0.0,32.0,-99.858,-100.0,-100.0,8.0,0.0,-0.0,33.0,-38.267,-90.0,-37.925,-40.0,3.0,-3.879,45.0,-100.0,-100.0,-100.0,-16.0,0.0,-0.0,32.0,10.244,9.756,9.756,8.0,0.0,0.0,32.0,22.887,23.299,23.299,-16.0,0.0,-0.0,33.0
41.6507,1,rev,-90.0,12.2,5.528,5.4,5.4,8.0,0.0,-0.002,37.0,-100.0,-100.0,-100.0,-8.0,0.0,-0.0,32.0,-99.858,-100.0,-100.0,8.0,0.0,-0.0,33.0,-38.667,-90.0,-38.209,-40.0,3.0,-4.29,45.0,-100.0,-100.0,-100.0,-16.0,0.0,-0.0,32.0,10.244,9.756,9.756,8.0,0.0,0.0,32.0,22.887,23.299,23.299,-16.0,0.0,-0.0,33.0
41.7037,1,rev,-90.0,12.2,5.528,5.4,5.4,8.0,0.0,-0.001,37.0,-100.0,-100.0,-100.0,-8.0,0.0,-0.0,32.0,-99.858,-100.0,-100.0,8.0,0.0,-0.0,33.0,-38.933,-90.0,-38.352,-40.0,3.0,-4.572,45.0,-100.0,-100.0,-100.0,-16.0,0.0,-0.0,32.0,10.244,9.756,9.756,8.0,0.0,0.0,32.0,22.887,23.299,23.299,-16.0,0.0,-0.0,33.0
41.7569,1,rev,-90.0,12.2,5.528,5.4,5.4,8.0,0.0,-0.001,37.0,-100.0,-100.0,-100.0,-8.0,0.0,-0.0,32.0,-99.858,-100.0,-100.0,8.0,0.0,-0.0,33.0,-39.333,-90.0,-38.619,-40.0,3.0,-6.278,45.0,-100.0,-100.0,-100.0,-16.0,0.0,-0.0,32.0,10.244,9.756,9.756,8.0,0.0,0.0,32.0,22.887,23.299,23.299,-16.0,0.0,-0.0,33.0
41.8109,1,rev,-90.0,12.2,5.528,5.4,5.4,8.0,0.0,-0.0,37.0,-100.0,-100.0,-100.0,-8.0,0.0,-0.0,32.0,-99.858,-100.0,-100.0,8.0,0.0,-0.0,33.0,-39.467,-90.0,-38.901,-40.0,3.0,-4.02,45.0,-100.0,-100.0,-100.0,-16.0,0.0,-0.0,32.0,10.244,9.756,9.756,8.0,0.0,0.0,32.0,22.887,23.299,23.299,-16.0,0.0,-0.0,33.0
41.8641,1,rev,-90.0,12.2,5.528,5.4,5.4,8.0,0.0,-0.0,37.0,-100.0,-100.0,-100.0,-8.0,0.0,-0.0,32.0,-99.858,-100.0,-100.0,8.0,0.0,-0.0,33.0,-39.733,-90.0,-39.17,-40.0,3.0,-4.516,45.0,-100.0,-100.0,-100.0,-16.0,0.0,-0.0,32.0,10.244,9.756,9.756,8.0,0.0,0.0,32.0,22.887,23.299,23.299,-16.0,0.0,-0.0,33.0
41.9172,1,rev,-90.0,12.2,5.528,5.4,5.4,8.0,0.0,-0.0,37.0,-100.0,-100.0,-100.0,-8.0,0.0,-0.0,32.0,-99.858,-100.0,-100.0,8.0,0.0,-0.0,33.0,-40.133,-90.0,-39.436,-40.0,3.0,-5.805,45.0,-100.0,-100.0,-100.0,-16.0,0.0,-0.0,32.0,10.244,9.756,9.756,8.0,0.0,0.0,32.0,22.887,23.299,23.299,-16.0,0.0,-0.0,33.0
41.9693,1,rev,-90.0,12.2,5.528,5.4,5.4,8.0,0.0,-0.0,37.0,-100.0,-100.0,-100.0,-8.0,0.0,-0.0,32.0,-99.858,-100.0,-100.0,8.0,0.0,-0.0,33.0,-40.267,-90.0,-39.703,-40.0,3.0,-3.901,45.0,-100.0,-100.0,-100.0,-16.0,0.0,-0.0,32.0,10.244,9.756,9.756,8.0,0.0,0.0,32.0,22.887,23.299,23.299,-16.0,0.0,-0.0,33.0
42.0214,1,rev,-90.0,12.2,5.528,5.4,5.4,8.0,0.0,-0.0,37.0,-100.0,-100.0,-100.0,-8.0,0.0,-0.0,32.0,-99.858,-100.0,-100.0,8.0,0.0,-0.0,33.0,-40.533,-90.0,-39.968,-40.0,3.0,-4.023,45.0,-100.0,-100.0,-100.0,-16.0,0.0,-0.0,32.0,9.756,9.756,9.756,8.0,0.0,-5.527,32.0,22.887,23.299,23.299,-16.0,0.0,-0.0,33.0
42.0745,1,rev,-90.0,12.2,5.528,5.4,5.4,8.0,0.0,-0.0,37.0,-100.0,-100.0,-100.0,-8.0,0.0,-0.0,32.0,-99.858,-100.0,-100.0,8.0,0.0,-0.0,33.0,-40.933,-90.0,-40.234,-40.0,3.0,-5.581,45.0,-100.0,-100.0,-100.0,-16.0,0.0,-0.0,32.0,9.756,9.756,9.756,8.0,0.0,-2.708,32.0,22.887,23.299,23.299,-16.0,0.0,-0.0,33.0
42.1279,1,rev,-90.0,12.2,5.528,5.4,5.4,8.0,0.0,-0.0,37.0,-100.0,-100.0,-100.0,-8.0,0.0,-0.0,32.0,-99.858,-100.0,-100.0,8.0,0.0,-0.0,33.0,-41.067,-90.0,-40.503,-40.0,3.0,-4.212,45.0,-100.0,-100.0,-100.0,-16.0,0.0,-0.0,32.0,9.756,9.756,9.756,8.0,0.0,-1.327,32.0,22.887,23.299,23.299,-16.0,0.0,-0.0,33.0
42.1811,1,rev,-90.0,12.2,5.528,5.4,5.4,8.0,0.0,-0.0,37.0,-100.0,-100.0,-100.0,-8.0,0.0,-0.0,32.0,-99.858,-100.0,-100.0,8.0,0.0,-0.0,33.0,-41.333,-90.0,-40.828,-32.0,2.0,-4.182,44.0,-100.0,-100.0,-100.0,-16.0,0.0,-0.0,32.0,9.756,9.756,9.756,0.0,0.0,-0.929,32.0,22.887,23.299,23.299,-16.0,0.0,-0.0,33.0
42.2349,1,rev,-90.0,12.2,5.528,5.4,5.4,8.0,0.0,-0.0,37.0,-100.0,-100.0,-100.0,-8.0,0.0,-0.0,32.0,-99.858,-100.0,-100.0,8.0,0.0,-0.0,33.0,-41.6,-90.0,-41.093,-32.0,2.0,-5.046,44.0,-100.0,-100.0,-100.0,-16.0,0.0,-0.0,32.0,9.756,9.756,9.756,0.0,0.0,-0.455,32.0,22.887,23.299,23.299,-16.0,0.0,-0.0,33.0
42.2877,1,rev,-90.0,12.2,5.528,5.4,5.4,8.0,0.0,-0.0,37.0,-100.0,-100.0,-100.0,-8.0,0.0,-0.0,32.0,-99.858,-100.0,-100.0,8.0,0.0,-0.0,33.0,-42.0,-90.0,-41.364,-32.0,2.0,-6.442,44.0,-100.0,-100.0,-100.0,-16.0,0.0,-0.0,32.0,9.756,9.756,9.756,0.0,0.0,-0.223,32.0,22.887,23.299,23.299,-16.0,0.0,-0.0,33.0
42.3409,1,rev,-90.0,12.2,5.528,5.4,5.4,8.0,0.0,-0.0,37.0,-100.0,-100.0,-100.0,-8.0,0.0,-0.0,32.0,-99.858,-100.0,-100.0,8.0,0.0,-0.0,33.0,-42.267,-90.0,-41.634,-32.0,2.0,-5.689,44.0,-100.0,-100.0,-100.0,-16.0,0.0,-0.0,32.0,9.756,9.756,9.756,0.0,0.0,-0.109,32.0,22.887,23.299,23.299,-16.0,0.0,-0.0,33.0
42.3941,1,rev,-90.0,12.2,5.528,5.4,5.4,8.0,0.0,-0.0,37.0,-100.0,-100.0,-100.0,-8.0,0.0,-0.0,32.0,-99.858,-100.0,-100.0,8.0,0.0,-0.0,33.0,-42.4,-90.0,-41.905,-32.0,2.0,-5.464,44.0,-100.0,-100.0,-100.0,-16.0,0.0,-0.0,32.0,9.756,9.756,9.756,0.0,0.0,-0.076,32.0,22.887,23.299,23.299,-16.0,0.0,-0.0,33.0
42.4465,1,rev,-90.0,12.2,5.528,5.4,5.4,8.0,0.0,-0.0,37.0,-100.0,-100.0,-100.0,-8.0,0.0,-0.0,32.0,-99.858,-100.0,-100.0,8.0,0.0,-0.0,33.0,-42.667,-90.0,-42.189,-32.0,2.0,-5.085,44.0,-100.0,-100.0,-100.0,-16.0,0.0,-0.0,32.0,9.756,9.756,9.756,0.0,0.0,-0.037,32.0,22.887,23.299,23.299,-16.0,0.0,-0.0,33.0
42.5004,1,rev,-90.0,12.2,5.528,5.4,5.4,8.0,0.0,-0.0,37.0,-100.0,-100.0,-100.0,-8.0,0.0,-0.0,32.0,-99.858,-100.0,-100.0,8.0,0.0,-0.0,33.0,-42.933,-90.0,-42.467,-32.0,2.0,-4.953,44.0,-100.0,-100.0,-100.0,-16.0,0.0,-0.0,32.0,9.756,9.756,9.756,0.0,0.0,-0.018,32.0,22.887,23.299,23.299,-16.0,0.0,-0.0,33.0
42.5539,1,rev,-90.0,12.2,5.528,5.4,5.4,8.0,0.0,-0.0,37.0,-100.0,-100.0,-100.0,-8.0,0.0,-0.0,32.0,-99.858,-100.0,-100.0,8.0,0.0,-0.0,33.0,-43.2,-90.0,-42.615,-32.0,2.0,-4.317,44.0,-100.0,-100.0,-100.0,-16.0,0.0,-0.0,32.0,9.756,9.756,9.756,0.0,0.0,-0.009,32.0,22.887,23.299,23.299,-16.0,0.0,-0.0,33.0
42.6068,1,rev,-90.0,12.2,5.528,5.4,5.4,8.0,0.0,-0.0,37.0,-100.0,-100.0,-100.0,-8.0,0.0,-0.0,32.0,-99.858,-100.0,-100.0,8.0,0.0,-0.0,33.0,-43.467,-90.0,-42.884,-32.0,2.0,-4.641,44.0,-100.0,-100.0,-100.0,-16.0,0.0,-0.0,32.0,10.244,9.756,9.756,0.0,0.0,5.443,32.0,22.887,23.299,23.299,-16.0,0.0,-0.0,33.0
42.6603,1,rev,-90.0,12.2,5.528,5.4,5.4,8.0,0.0,-0.0,37.0,-100.0,-100.0,-100.0,-8.0,0.0,-0.0,32.0,-99.858,-100.0,-100.0,8.0,0.0,-0.0,33.0,-43.733,-90.0,-43.151,-32.0,2.0,-4.808,44.0,-100.0,-100.0,-100.0,-16.0,0.0,-0.0,32.0,10.244,9.756,9.756,0.0,0.0,2.667,32.0,22.887,23.299,23.299,-16.0,0.0,-0.0,33.0
42.7138,1,rev,-90.0,12.2,5.528,5.4,5.4,8.0,0.0,-0.0,37.0,-100.0,-100.0,-100.0,-8.0,0.0,-0.0,32.0,-99.858,-100.0,-100.0,8.0,0.0,-0.0,33.0,-44.0,-90.0,-43.42,-32.0,2.0,-4.893,44.0,-100.0,-100.0,-100.0,-16.0,0.0,-0.0,32.0,10.244,9.756,9.756,0.0,0.0,1.307,32.0,22.887,23.299,23.299,-16.0,0.0,-0.0,33.0
42.7673,1,rev,-90.0,12.2,5.528,5.4,5.4,8.0,0.0,-0.0,37.0,-100.0,-100.0,-100.0,-8.0,0.0,-0.0,32.0,-99.858,-100.0,-100.0,8.0,0.0,-0.0,33.0,-44.133,-90.0,-43.718,-32.0,1.0,-4.097,45.0,-100.0,-100.0,-100.0,-16.0,0.0,-0.0,32.0,10.244,9.756,9.756,8.0,0.0,0.915,32.0,22.887,23.299,23.299,-16.0,1.0,-0.0,33.0
42.8193,1,rev,-90.0,12.2,5.528,5.4,5.4,8.0,0.0,-0.0,37.0,-100.0,-100.0,-100.0,-8.0,0.0,-0.0,32.0,-99.858,-100.0,-100.0,8.0,0.0,-0.0,33.0,-44.533,-90.0,-43.984,-32.0,1.0,-6.469,45.0,-100.0,-100.0,-100.0,-16.0,0.0,-0.0,32.0,10.244,9.756,9.756,8.0,0.0,0.448,32.0,22.887,23.299,23.299,-16.0,1.0,-0.0,33.0
42.8714,1,rev,-90.0,12.2,5.528,5.4,5.4,8.0,0.0,-0.0,37.0,-100.0,-100.0,-100.0,-8.0,0.0,-0.0,32.0,-99.858,-100.0,-100.0,8.0,0.0,-0.0,33.0,-44.8,-90.0,-44.253,-32.0,1.0,-5.72,45.0,-100.0,-100.0,-100.0,-16.0,0.0,-0.0,32.0,10.244,9.756,9.756,8.0,0.0,0.22,32.0,22.887,23.299,23.299,-16.0,1.0,-0.0,33.0
42.9246,1,rev,-90.0,12.2,5.528,5.4,5.4,8.0,0.0,-0.0,37.0,-100.0,-100.0,-100.0,-8.0,0.0,-0.0,32.0,-99.858,-100.0,-100.0,8.0,0.0,-0.0,33.0,-45.067,-90.0,-44.519,-32.0,1.0,-5.809,45.0,-100.0,-100.0,-100.0,-16.0,0.0,-0.0,32.0,10.244,9.756,9.756,8.0,0.0,0.108,32.0,22.887,23.299,23.299,-16.0,1.0,-0.0,33.0
42.9775,1,rev,-90.0,12.2,5.528,5.4,5.4,8.0,0.0,-0.0,37.0,-100.0,-100.0,-100.0,-8.0,0.0,-0.0,32.0,-99.858,-100.0,-100.0,8.0,0.0,-0.0,33.0,-45.333,-90.0,-44.785,-32.0,1.0,-5.41,45.0,-100.0,-100.0,-100.0,-16.0,0.0,-0.0,32.0,10.244,9.756,9.756,8.0,0.0,0.053,32.0,22.887,23.299,23.299,-16.0,1.0,-0.0,33.0
43.0307,1,rev,-90.0,12.2,5.528,5.4,5.4,8.0,0.0,-0.0,37.0,-100.0,-100.0,-100.0,-8.0,0.0,-0.0,32.0,-99.858,-100.0,-100.0,8.0,0.0,-0.0,33.0,-45.467,-90.0,-45.054,-32.0,1.0,-3.681,45.0,-100.0,-100.0,-100.0,-16.0,0.0,-0.0,32.0,10.244,9.756,9.756,8.0,0.0,0.026,32.0,22.887,23.299,23.299,-16.0,1.0,-0.0,33.0
43.0839,1,rev,-90.0,12.2,5.528,5.4,5.4,8.0,0.0,-0.0,37.0,-100.0,-100.0,-100.0,-8.0,0.0,-0.0,32.0,-99.858,-100.0,-100.0,8.0,0.0,-0.0,33.0,-45.867,-90.0,-45.323,-32.0,1.0,-5.841,45.0,-100.0,-100.0,-100.0,-16.0,0.0,-0.0,32.0,10.244,9.756,9.756,8.0,0.0,0.013,32.0,22.887,23.299,23.299,-16.0,1.0,-0.0,33.0
43.1364,1,rev,-90.0,12.2,5.528,5.4,5.4,8.0,0.0,-0.0,37.0,-100.0,-100.0,-100.0,-8.0,0.0,-0.0,32.0,-99.858,-100.0,-100.0,8.0,0.0,-0.0,33.0,-46.0,-90.0,-45.588,-32.0,1.0,-4.356,45.0,-100.0,-100.0,-100.0,-16.0,0.0,-0.0,32.0,10.244,9.756,9.756,8.0,0.0,0.006,32.0,22.887,23.299,23.299,-16.0,1.0,-0.0,33.0
43.1896,1,rev,-90.0,12.2,5.528,5.4,5.4,8.0,0.0,-0.0,37.0,-100.0,-100.0,-100.0,-8.0,0.0,-0.0,32.0,-99.858,-100.0,-100.0,8.0,0.0,-0.0,33.0,-46.267,-90.0,-45.857,-32.0,1.0,-4.212,45.0,-100.0,-100.0,-100.0,-16.0,0.0,-0.0,32.0,10.244,9.756,9.756,8.0,0.0,0.003,32.0,22.887,23.299,23.299,-16.0,1.0,-0.0,33.0
43.2435,1,rev,-90.0,12.2,5.528,5.4,5.4,8.0,0.0,-0.0,37.0,-100.0,-100.0,-100.0,-8.0,0.0,-0.0,32.0,-99.858,-100.0,-100.0,8.0,0.0,-0.0,33.0,-46.667,-90.0,-46.122,-32.0,1.0,-6.106,45.0,-100.0,-100.0,-100.0,-16.0,0.0,-0.0,32.0,10.244,9.756,9.756,8.0,0.0,0.001,32.0,22.887,23.299,23.299,-16.0,1.0,-0.0,33.0
43.2956,1,rev,-90.0,12.2,5.528,5.4,5.4,8.0,0.0,-0.0,37.0,-100.0,-100.0,-100.0,-8.0,0.0,-0.0,32.0,-99.858,-100.0,-100.0,8.0,0.0,-0.0,33.0,-46.8,-90.0,-46.258,-32.0,1.0,-5.744,45.0,-100.0,-100.0,-100.0,-16.0,0.0,-0.0,32.0,9.756,9.756,9.756,0.0,0.0,-5.374,32.0,22.887,23.299,23.299,-16.0,1.0,-0.0,33.0
43.3491,1,rev,-90.0,12.2,5.528,5.4,5.4,8.0,0.0,-0.0,37.0,-100.0,-100.0,-100.0,-8.0,0.0,-0.0,32.0,-99.858,-100.0,-100.0,8.0,0.0,-0.0,33.0,-47.067,-90.0,-46.676,-32.0,1.0,-4.803,45.0,-100.0,-100.0,-100.0,-16.0,0.0,-0.0,32.0,9.756,9.756,9.756,0.0,0.0,-2.633,32.0,22.887,23.299,23.299,-16.0,1.0,-0.0,33.0
43.4019,1,rev,-90.0,12.2,5.528,5.4,5.4,8.0,0.0,-0.0,37.0,-100.0,-100.0,-100.0,-8.0,0.0,-0.0,32.0,-99.858,-100.0,-100.0,8.0,0.0,-0.0,33.0,-47.2,-90.0,-46.945,-32.0,1.0,-4.848,45.0,-100.0,-100.0,-100.0,-16.0,0.0,-0.0,32.0,9.756,9.756,9.756,0.0,0.0,-1.843,32.0,22.887,23.299,23.299,-16.0,1.0,-0.0,33.0
43.4554,1,rev,-90.0,12.2,5.528,5.4,5.4,8.0,0.0,-0.0,37.0,-100.0,-100.0,-100.0,-8.0,0.0,-0.0,32.0,-99.858,-100.0,-100.0,8.0,0.0,-0.0,33.0,-47.6,-90.0,-47.226,-32.0,1.0,-5.775,45.0,-100.0,-100.0,-100.0,-16.0,0.0,-0.0,32.0,9.756,9.756,9.756,0.0,0.0,-0.903,32.0,22.887,23.299,23.299,-16.0,1.0,-0.0,33.0
43.5092,1,rev,-90.0,12.2,5.528,5.4,5.4,8.0,0.0,-0.0,37.0,-100.0,-100.0,-100.0,-8.0,0.0,-0.0,32.0,-99.858,-100.0,-100.0,8.0,0.0,-0.0,33.0,-47.867,-90.0,-47.51,-32.0,1.0,-4.705,45.0,-100.0,-100.0,-100.0,-16.0,0.0,-0.0,32.0,9.756,9.756,9.756,0.0,0.0,-0.443,32.0,22.887,23.299,23.299,-16.0,1.0,-0.0,33.0
43.563,1,rev,-90.0,12.2,5.528,5.4,5.4,8.0,0.0,-0.0,37.0,-100.0,-100.0,-100.0,-8.0,0.0,-0.0,32.0,-99.858,-100.0,-100.0,8.0,0.0,-0.0,33.0,-48.133,-90.0,-47.659,-32.0,1.0,-4.734,45.0,-100.0,-100.0,-100.0,-16.0,0.0,-0.0,32.0,9.756,9.756,9.756,0.0,0.0,-0.217,32.0,22.887,23.299,23.299,-16.0,1.0,-0.0,33.0
43.6156,1,rev,-90.0,12.2,5.528,5.4,5.4,8.0,0.0,-0.0,37.0,-100.0,-100.0,-100.0,-8.0,0.0,-0.0,32.0,-99.858,-100.0,-100.0,8.0,0.0,-0.0,33.0,-48.533,-90.0,-47.93,-32.0,1.0,-6.341,45.0,-100.0,-100.0,-100.0,-16.0,0.0,-0.0,32.0,9.756,9.756,9.756,0.0,0.0,-0.106,32.0,22.887,23.299,23.299,-16.0,1.0,-0.0,33.0
43.6692,1,rev,-90.0,12.2,5.528,5.4,5.4,8.0,0.0,-0.0,37.0,-100.0,-100.0,-100.0,-8.0,0.0,-0.0,32.0,-99.858,-100.0,-100.0,8.0,0.0,-0.0,33.0,-48.667,-90.0,-48.197,-32.0,1.0,-4.601,45.0,-100.0,-100.0,-100.0,-16.0,0.0,-0.0,32.0,9.756,9.756,9.756,0.0,0.0,-0.052,32.0,22.887,23.299,23.299,-16.0,1.0,-0.0,33.0
43.723,1,rev,-90.0,12.2,5.528,5.4,5.4,8.0,0.0,-0.0,37.0,-100.0,-100.0,-100.0,-8.0,0.0,-0.0,32.0,-99.858,-100.0,-100.0,8.0,0.0,-0.0,33.0,-48.933,-90.0,-48.465,-32.0,1.0,-4.769,45.0,-100.0,-100.0,-100.0,-16.0,0.0,-0.0,32.0,9.756,9.756,9.756,0.0,0.0,-0.026,32.0,22.887,23.299,23.299,-16.0,1.0,-0.0,33.0
43.7758,1,rev,-90.0,12.2,5.528,5.4,5.4,8.0,0.0,-0.0,37.0,-100.0,-100.0,-100.0,-8.0,0.0,-0.0,32.0,-99.858,-100.0,-100.0,8.0,0.0,-0.0,33.0,-49.2,-90.0,-48.735,-32.0,1.0,-4.864,45.0,-100.0,-100.0,-100.0,-16.0,0.0,-0.0,32.0,9.756,9.756,9.756,0.0,0.0,-0.013,32.0,22.887,23.299,23.299,-16.0,1.0,-0.0,33.0
43.8293,1,rev,-90.0,12.2,5.528,5.4,5.4,8.0,0.0,-0.0,37.0,-100.0,-100.0,-100.0,-8.0,0.0,-0.0,32.0,-99.858,-100.0,-100.0,8.0,0.0,-0.0,33.0,-49.467,-90.0,-49.004,-32.0,1.0,-4.922,45.0,-100.0,-100.0,-100.0,-16.0,0.0,-0.0,32.0,9.756,9.756,9.756,0.0,0.0,-0.006,32.0,22.887,23.299,23.299,-16.0,1.0,-0.0,33.0
43.8821,1,rev,-90.0,12.2,5.528,5.4,5.4,8.0,0.0,-0.0,36.0,-100.0,-100.0,-100.0,-8.0,0.0,-0.0,32.0,-99.858,-100.0,-100.0,8.0,0.0,-0.0,33.0,-49.6,-90.0,-49.138,-24.0,0.0,-4.925,44.0,-100.0,-100.0,-100.0,-16.0,0.0,-0.0,32.0,9.756,9.756,9.756,0.0,0.0,-0.004,32.0,22.887,23.299,23.299,-16.0,0.0,-0.0,33.0
43.9351,1,rev,-90.0,12.2,5.528,5.4,5.4,8.0,0.0,-0.0,36.0,-100.0,-100.0,-100.0,-8.0,0.0,-0.0,32.0,-99.858,-100.0,-100.0,8.0,0.0,-0.0,33.0,-49.867,-90.0,-49.556,-24.0,0.0,-3.403,44.0,-100.0,-100.0,-100.0,-16.0,0.0,-0.0,32.0,9.756,9.756,9.756,0.0,0.0,-0.002,32.0,22.887,23.299,23.299,-16.0,0.0,-0.0,33.0
43.9881,1,rev,-90.0,12.2,5.528,5.4,5.4,8.0,0.0,-0.0,36.0,-100.0,-100.0,-100.0,-8.0,0.0,-0.0,32.0,-99.858,-100.0,-100.0,8.0,0.0,-0.0,33.0,-50.267,-90.0,-49.821,-24.0,0.0,-5.723,44.0,-100.0,-100.0,-100.0,-16.0,0.0,-0.0,32.0,9.756,9.756,9.756,0.0,0.0,-0.001,32.0,22.887,23.299,23.299,-16.0,0.0,-0.0,33.0
44.0406,1,rev,-90.0,12.2,5.528,5.4,5.4,8.0,0.0,-0.0,36.0,-100.0,-100.0,-100.0,-8.0,0.0,-0.0,32.0,-99.858,-100.0,-100.0,8.0,0.0,-0.0,33.0,-50.533,-90.0,-50.089,-24.0,0.0,-5.336,44.0,-100.0,-100.0,-100.0,-16.0,0.0,-0.0,32.0,9.756,9.756,9.756,0.0,0.0,-0.001,32.0,22.887,23.299,23.299,-16.0,0.0,-0.0,33.0
44.0937,1,rev,-90.0,12.2,5.528,5.4,5.4,8.0,0.0,-0.0,36.0,-100.0,-100.0,-100.0,-8.0,0.0,-0.0,32.0,-99.858,-100.0,-100.0,8.0,0.0,-0.0,33.0,-50.8,-90.0,-50.358,-24.0,0.0,-5.147,44.0,-100.0,-100.0,-100.0,-16.0,0.0,-0.0,32.0,9.756,9.756,9.756,0.0,0.0,-0.0,32.0,22.887,23.299,23.299,-16.0,0.0,-0.0,33.0
44.1471,1,rev,-90.0,12.2,5.528,5.4,5.4,8.0,0.0,-0.0,36.0,-100.0,-100.0,-100.0,-8.0,0.0,-0.0,32.0,-99.858,-100.0,-100.0,8.0,0.0,-0.0,33.0,-51.067,-90.0,-50.627,-24.0,0.0,-5.519,44.0,-100.0,-100.0,-100.0,-16.0,0.0,-0.0,32.0,9.756,9.756,9.756,0.0,0.0,-0.0,32.0,22.887,23.299,23.299,-16.0,0.0,-0.0,33.0
44.1999,1,rev,-90.0,12.2,5.528,5.4,5.4,8.0,0.0,-0.0,36.0,-100.0,-100.0,-100.0,-8.0,0.0,-0.0,32.0,-99.858,-100.0,-100.0,8.0,0.0,-0.0,33.0,-51.333,-90.0,-50.893,-24.0,0.0,-5.256,44.0,-100.0,-100.0,-100.0,-16.0,0.0,-0.0,32.0,9.756,9.756,9.756,0.0,0.0,-0.0,32.0,22.887,23.299,23.299,-16.0,0.0,-0.0,33.0
44.2541,1,rev,-90.0,12.2,5.528,5.4,5.4,8.0,0.0,-0.0,36.0,-100.0,-100.0,-100.0,-8.0,0.0,-0.0,32.0,-99.858,-100.0,-100.0,8.0,0.0,-0.0,33.0,-51.6,-90.0,-51.16,-24.0,0.0,-5.133,44.0,-100.0,-100.0,-100.0,-16.0,0.0,-0.0,32.0,9.756,9.756,9.756,0.0,0.0,-0.0,32.0,22.887,23.299,23.299,-16.0,0.0,-0.0,33.0
44.3071,1,rev,-90.0,12.2,5.528,5.4,5.4,8.0,0.0,-0.0,36.0,-100.0,-100.0,-100.0,-8.0,0.0,-0.0,32.0,-99.858,-100.0,-100.0,8.0,0.0,-0.0,33.0,-51.733,-90.0,-51.427,-24.0,0.0,-3.573,44.0,-100.0,-100.0,-100.0,-16.0,0.0,-0.0,32.0,9.756,9.756,9.756,0.0,0.0,-0.0,32.0,22.887,23.299,23.299,-16.0,0.0,-0.0,33.0
44.3595,1,rev,-90.0,12.2,5.528,5.4,5.4,8.0,0.0,-0.0,36.0,-100.0,-100.0,-100.0,-8.0,0.0,-0.0,32.0,-99.858,-100.0,-100.0,8.0,0.0,-0.0,33.0,-52.133,-90.0,-51.698,-24.0,0.0,-5.739,44.0,-100.0,-100.0,-100.0,-16.0,0.0,-0.0,32.0,9.756,9.756,9.756,0.0,0.0,-0.0,32.0,22.887,23.299,23.299,-16.0,0.0,-0.0,33.0
44.4129,1,rev,-90.0,12.2,5.528,5.4,5.4,8.0,0.0,-0.0,36.0,-100.0,-100.0,-100.0,-8.0,0.0,-0.0,32.0,-99.858,-100.0,-100.0,8.0,0.0,-0.0,33.0,-52.4,-90.0,-51.965,-24.0,0.0,-5.368,44.0,-100.0,-100.0,-100.0,-16.0,0.0,-0.0,32.0,9.756,9.756,9.756,0.0,0.0,-0.0,32.0,22.887,23.299,23.299,-16.0,0.0,-0.0,33.0
44.4653,1,rev,-90.0,12.2,5.528,5.4,5.4,8.0,0.0,-0.0,37.0,-100.0,-100.0,-100.0,-8.0,0.0,-0.0,32.0,-99.858,-100.0,-100.0,8.0,0.0,-0.0,33.0,-52.4,-90.0,-52.26,-24.0,1.0,-5.368,45.0,-100.0,-100.0,-100.0,-8.0,0.0,-0.0,32.0,9.756,9.756,9.756,0.0,0.0,-0.0,32.0,22.887,23.299,23.299,-16.0,0.0,-0.0,33.0
44.5191,1,rev,-90.0,12.2,5.528,5.4,5.4,8.0,0.0,-0.0,37.0,-100.0,-100.0,-100.0,-8.0,0.0,-0.0,32.0,-99.858,-100.0,-100.0,8.0,0.0,-0.0,33.0,-52.533,-90.0,-52.541,-24.0,1.0,-3.083,45.0,-100.0,-100.0,-100.0,-8.0,0.0,-0.0,32.0,9.756,9.756,9.756,0.0,0.0,-0.0,32.0,22.887,23.299,23.299,-16.0,0.0,-0.0,33.0
44.572,1,rev,-90.0,12.2,5.528,5.4,5.4,8.0,0.0,-0.0,37.0,-100.0,-100.0,-100.0,-8.0,0.0,-0.0,32.0,-99.858,-100.0,-100.0,8.0,0.0,-0.0,33.0,-53.067,-90.0,-52.692,-24.0,1.0,-6.348,45.0,-100.0,-100.0,-100.0,-8.0,0.0,-0.0,32.0,9.756,9.756,9.756,0.0,0.0,-0.0,32.0,22.887,23.299,23.299,-16.0,0.0,-0.0,33.0
44.6245,1,rev,-90.0,12.2,5.528,5.4,5.4,8.0,0.0,-0.0,37.0,-100.0,-100.0,-100.0,-8.0,0.0,-0.0,32.0,-99.858,-100.0,-100.0,8.0,0.0,-0.0,33.0,-53.333,-90.0,-52.975,-24.0,1.0,-5.536,45.0,-100.0,-100.0,-100.0,-8.0,0.0,-0.0,32.0,9.756,9.756,9.756,0.0,0.0,-0.0,32.0,22.887,23.299,23.299,-16.0,0.0,-0.0,33.0
44.6784,1,rev,-90.0,12.2,5.528,5.4,5.4,8.0,0.0,-0.0,37.0,-100.0,-100.0,-100.0,-8.0,0.0,-0.0,32.0,-99.858,-100.0,-100.0,8.0,0.0,-0.0,33.0,-53.6,-90.0,-53.243,-24.0,1.0,-5.247,45.0,-100.0,-100.0,-100.0,-8.0,0.0,-0.0,32.0,9.756,9.756,9.756,0.0,0.0,-0.0,32.0,22.887,23.299,23.299,-16.0,0.0,-0.0,33.0
44.7317,1,rev,-90.0,12.2,5.528,5.4,5.4,8.0,0.0,-0.0,37.0,-100.0,-100.0,-100.0,-8.0,0.0,-0.0,32.0,-99.858,-100.0,-100.0,8.0,0.0,-0.0,33.0,-53.867,-90.0,-53.512,-24.0,1.0,-4.659,45.0,-100.0,-100.0,-100.0,-8.0,0.0,-0.0,32.0,9.756,9.756,9.756,0.0,0.0,-0.0,32.0,22.887,23.299,23.299,-16.0,0.0,-0.0,33.0
44.7853,1,rev,-90.0,12.2,5.528,5.4,5.4,8.0,0.0,-0.0,37.0,-100.0,-100.0,-100.0,-8.0,0.0,-0.0,32.0,-99.858,-100.0,-100.0,8.0,0.0,-0.0,33.0,-54.133,-90.0,-53.781,-24.0,1.0,-4.809,45.0,-100.0,-100.0,-100.0,-8.0,0.0,-0.0,32.0,9.756,9.756,9.756,0.0,0.0,-0.0,32.0,22.887,23.299,23.299,-16.0,0.0,-0.0,33.0
44.8391,1,rev,-90.0,12.2,5.528,5.4,5.4,8.0,0.0,-0.0,37.0,-100.0,-100.0,-100.0,-8.0,0.0,-0.0,32.0,-99.858,-100.0,-100.0,8.0,0.0,-0.0,33.0,-54.4,-90.0,-54.05,-24.0,1.0,-4.896,45.0,-100.0,-100.0,-100.0,-8.0,0.0,-0.0,32.0,9.756,9.756,9.756,0.0,0.0,-0.0,32.0,22.887,23.299,23.299,-16.0,0.0,-0.0,33.0
44.8927,1,rev,-90.0,12.2,5.528,5.4,5.4,8.0,0.0,-0.0,37.0,-100.0,-100.0,-100.0,-8.0,0.0,-0.0,32.0,-99.858,-100.0,-100.0,8.0,0.0,-0.0,33.0,-54.667,-90.0,-54.317,-24.0,1.0,-4.956,45.0,-100.0,-100.0,-100.0,-8.0,0.0,-0.0,32.0,9.756,9.756,9.756,0.0,0.0,-0.0,32.0,22.887,23.299,23.299,-16.0,0.0,-0.0,33.0
44.9461,1,rev,-90.0,12.2,5.528,5.4,5.4,8.0,0.0,-0.0,37.0,-100.0,-100.0,-100.0,-8.0,0.0,-0.0,32.0,-99.858,-100.0,-100.0,8.0,0.0,-0.0,33.0,-54.933,-90.0,-54.586,-24.0,1.0,-4.921,45.0,-100.0,-100.0,-100.0,-8.0,0.0,-0.0,32.0,9.756,9.756,9.756,0.0,0.0,-0.0,32.0,22.887,23.299,23.299,-16.0,0.0,-0.0,33.0
44.9993,1,rev,-90.0,12.2,5.528,5.4,5.4,8.0,0.0,-0.0,37.0,-100.0,-100.0,-100.0,-8.0,0.0,-0.0,32.0,-99.858,-100.0,-100.0,8.0,0.0,-0.0,33.0,-55.2,-90.0,-54.856,-24.0,1.0,-4.966,45.0,-100.0,-100.0,-100.0,-8.0,0.0,-0.0,32.0,9.756,9.756,9.756,0.0,0.0,-0.0,32.0,22.887,23.299,23.299,-16.0,0.0,-0.0,33.0
45.0526,1,rev,-90.0,12.2,5.528,5.4,5.4,8.0,0.0,-0.0,36.0,-100.0,-100.0,-100.0,-8.0,0.0,-0.0,32.0,-99.858,-100.0,-100.0,8.0,0.0,-0.0,33.0,-55.467,-90.0,-55.152,-16.0,0.0,-4.825,44.0,-100.0,-100.0,-100.0,-8.0,0.0,-0.0,32.0,9.756,9.756,9.756,0.0,0.0,-0.0,32.0,22.887,23.299,23.299,-16.0,0.0,-0.0,33.0
45.1057,1,rev,-90.0,12.2,5.528,5.4,5.4,8.0,0.0,-0.0,36.0,-100.0,-100.0,-100.0,-8.0,0.0,-0.0,32.0,-99.858,-100.0,-100.0,8.0,0.0,-0.0,33.0,-55.733,-90.0,-55.424,-16.0,0.0,-5.308,44.0,-100.0,-100.0,-100.0,-8.0,0.0,-0.0,32.0,9.756,9.756,9.756,0.0,0.0,-0.0,32.0,22.887,23.299,23.299,-16.0,0.0,-0.0,33.0
45.1591,1,rev,-90.0,12.2,5.528,5.4,5.4,8.0,0.0,-0.0,36.0,-100.0,-100.0,-100.0,-8.0,0.0,-0.0,32.0,-99.858,-100.0,-100.0,8.0,0.0,-0.0,33.0,-56.0,-90.0,-55.692,-16.0,0.0,-5.136,44.0,-100.0,-100.0,-100.0,-8.0,0.0,-0.0,32.0,9.756,9.756,9.756,0.0,0.0,-0.0,32.0,22.887,23.299,23.299,-16.0,0.0,-0.0,33.0
45.2123,1,rev,-90.0,12.2,5.528,5.4,5.4,8.0,0.0,-0.0,36.0,-100.0,-100.0,-100.0,-8.0,0.0,-0.0,32.0,-99.858,-100.0,-100.0,8.0,0.0,-0.0,33.0,-56.267,-90.0,-55.961,-16.0,0.0,-5.039,44.0,-100.0,-100.0,-100.0,-8.0,0.0,-0.0,32.0,9.756,9.756,9.756,0.0,0.0,-0.0,32.0,22.887,23.299,23.299,-16.0,0.0,-0.0,33.0
45.2667,1,rev,-90.0,12.2,5.528,5.4,5.4,8.0,0.0,-0.0,36.0,-100.0,-100.0,-100.0,-8.0,0.0,-0.0,32.0,-99.858,-100.0,-100.0,8.0,0.0,-0.0,33.0,-56.4,-90.0,-56.231,-16.0,0.0,-3.503,44.0,-100.0,-100.0,-100.0,-8.0,0.0,-0.0,32.0,9.756,9.756,9.756,0.0,0.0,-0.0,32.0,22.887,23.299,23.299,-16.0,0.0,-0.0,33.0
45.3199,1,rev,-90.0,12.2,5.528,5.4,5.4,8.0,0.0,-0.0,36.0,-100.0,-100.0,-100.0,-8.0,0.0,-0.0,32.0,-99.858,-100.0,-100.0,8.0,0.0,-0.0,33.0,-56.8,-90.0,-56.499,-16.0,0.0,-5.285,44.0,-100.0,-100.0,-100.0,-8.0,0.0,-0.0,32.0,9.756,9.756,9.756,0.0,0.0,-0.0,32.0,22.887,23.299,23.299,-16.0,0.0,-0.0,33.0
45.3729,1,rev,-90.0,12.2,5.528,5.4,5.4,8.0,0.0,-0.0,36.0,-100.0,-100.0,-100.0,-8.0,0.0,-0.0,32.0,-99.858,-100.0,-100.0,8.0,0.0,-0.0,33.0,-57.067,-90.0,-56.768,-16.0,0.0,-5.124,44.0,-100.0,-100.0,-100.0,-8.0,0.0,-0.0,32.0,9.756,9.756,9.756,0.0,0.0,-0.0,32.0,22.887,23.299,23.299,-16.0,0.0,-0.0,33.0
45.4262,1,rev,-90.0,12.2,5.528,5.4,5.4,8.0,0.0,-0.0,36.0,-100.0,-100.0,-100.0,-8.0,0.0,-0.0,32.0,-99.858,-100.0,-100.0,8.0,0.0,-0.0,33.0,-57.333,-90.0,-57.038,-16.0,0.0,-5.018,44.0,-100.0,-100.0,-100.0,-8.0,0.0,-0.0,32.0,9.756,9.756,9.756,0.0,0.0,-0.0,32.0,22.887,23.299,23.299,-16.0,0.0,-0.0,33.0
45.4783,1,rev,-90.0,12.2,5.528,5.4,5.4,8.0,0.0,-0.0,36.0,-100.0,-100.0,-100.0,-8.0,0.0,-0.0,32.0,-99.858,-100.0,-100.0,8.0,0.0,-0.0,33.0,-57.6,-90.0,-57.309,-16.0,0.0,-5.003,44.0,-100.0,-100.0,-100.0,-8.0,0.0,-0.0,32.0,9.756,9.756,9.756,0.0,0.0,-0.0,32.0,22.887,23.299,23.299,-16.0,0.0,-0.0,33.0
45.5305,1,rev,-90.0,12.2,5.528,5.4,5.4,8.0,0.0,-0.0,36.0,-100.0,-100.0,-100.0,-8.0,0.0,-0.0,32.0,-99.858,-100.0,-100.0,8.0,0.0,-0.0,33.0,-57.867,-90.0,-57.575,-16.0,0.0,-4.998,44.0,-100.0,-100.0,-100.0,-8.0,0.0,-0.0,32.0,9.756,9.756,9.756,0.0,0.0,-0.0,32.0,22.887,23.299,23.299,-16.0,0.0,-0.0,33.0
45.5836,1,rev,-90.0,12.2,5.528,5.4,5.4,8.0,0.0,-0.0,36.0,-100.0,-100.0,-100.0,-8.0,0.0,-0.0,32.0,-99.858,-100.0,-100.0,8.0,0.0,-0.0,33.0,-57.867,-90.0,-57.708,-16.0,0.0,-3.499,44.0,-100.0,-100.0,-100.0,-8.0,0.0,-0.0,32.0,9.756,9.756,9.756,0.0,0.0,-0.0,32.0,22.887,23.299,23.299,-16.0,0.0,-0.0,33.0
45.6374,1,rev,-90.0,12.2,5.528,5.4,5.4,8.0,0.0,-0.0,36.0,-100.0,-100.0,-100.0,-8.0,0.0,-0.0,32.0,-99.858,-100.0,-100.0,8.0,0.0,-0.0,33.0,-58.133,-90.0,-58.14,-20.0,0.0,-3.799,44.0,-100.0,-100.0,-100.0,-8.0,0.0,-0.0,32.0,9.756,9.756,9.756,0.0,0.0,-0.0,32.0,22.887,23.299,23.299,-16.0,0.0,-0.0,33.0
45.6915,1,rev,-90.0,12.2,5.528,5.4,5.4,8.0,0.0,-0.0,36.0,-100.0,-100.0,-100.0,-8.0,0.0,-0.0,32.0,-99.858,-100.0,-100.0,8.0,0.0,-0.0,33.0,-58.533,-90.0,-58.421,-20.0,0.0,-5.794,44.0,-100.0,-100.0,-100.0,-8.0,0.0,-0.0,32.0,9.756,9.756,9.756,0.0,0.0,-0.0,32.0,22.887,23.299,23.299,-16.0,0.0,-0.0,33.0
45.7444,1,rev,-90.0,12.2,5.528,5.4,5.4,8.0,0.0,-0.0,36.0,-100.0,-100.0,-100.0,-8.0,0.0,-0.0,32.0,-99.858,-100.0,-100.0,8.0,0.0,-0.0,33.0,-58.8,-90.0,-58.572,-20.0,0.0,-5.246,44.0,-100.0,-100.0,-100.0,-8.0,0.0,-0.0,32.0,9.756,9.756,9.756,0.0,0.0,-0.0,32.0,22.887,23.299,23.299,-16.0,0.0,-0.0,33.0
45.7974,1,rev,-90.0,12.2,5.528,5.4,5.4,8.0,0.0,-0.0,36.0,-100.0,-100.0,-100.0,-8.0,0.0,-0.0,32.0,-99.858,-100.0,-100.0,8.0,0.0,-0.0,33.0,-59.067,-90.0,-58.84,-20.0,0.0,-4.666,44.0,-100.0,-100.0,-100.0,-8.0,0.0,-0.0,32.0,9.756,9.756,9.756,0.0,0.0,-0.0,32.0,22.887,23.299,23.299,-16.0,0.0,-0.0,33.0
45.8514,1,rev,-90.0,12.2,5.528,5.4,5.4,8.0,0.0,-0.0,36.0,-100.0,-100.0,-100.0,-8.0,0.0,-0.0,32.0,-99.858,-100.0,-100.0,8.0,0.0,-0.0,33.0,-59.467,-90.0,-59.109,-20.0,0.0,-5.866,44.0,-100.0,-100.0,-100.0,-8.0,0.0,-0.0,32.0,9.756,9.756,9.756,0.0,0.0,-0.0,32.0,22.887,23.299,23.299,-16.0,0.0,-0.0,33.0
45.9047,1,rev,-90.0,12.2,5.528,5.4,5.4,8.0,0.0,-0.0,36.0,-100.0,-100.0,-100.0,-8.0,0.0,-0.0,32.0,-99.858,-100.0,-100.0,8.0,0.0,-0.0,33.0,-59.733,-90.0,-59.377,-20.0,0.0,-5.811,44.0,-100.0,-100.0,-100.0,-8.0,0.0,-0.0,32.0,9.756,9.756,9.756,0.0,0.0,-0.0,32.0,22.887,23.299,23.299,-16.0,0.0,-0.0,33.0
45.9579,1,rev,-90.0,12.2,5.528,5.4,5.4,8.0,0.0,-0.0,36.0,-100.0,-100.0,-100.0,-8.0,0.0,-0.0,32.0,-99.858,-100.0,-100.0,8.0,0.0,-0.0,33.0,-60.0,-90.0,-59.645,-20.0,0.0,-5.412,44.0,-100.0,-100.0,-100.0,-8.0,0.0,-0.0,32.0,9.756,9.756,9.756,0.0,0.0,-0.0,32.0,22.887,23.299,23.299,-16.0,0.0,-0.0,33.0
46.0109,1,rev,-90.0,12.2,5.528,5.4,5.4,8.0,0.0,-0.0,36.0,-100.0,-100.0,-100.0,-8.0,0.0,-0.0,32.0,-99.858,-100.0,-100.0,8.0,0.0,-0.0,33.0,-60.133,-90.0,-59.91,-20.0,0.0,-3.71,44.0,-100.0,-100.0,-100.0,-8.0,0.0,-0.0,32.0,9.756,9.756,9.756,0.0,0.0,-0.0,32.0,22.887,23.299,23.299,-16.0,0.0,-0.0,33.0
46.0639,1,rev,-90.0,12.2,5.528,5.4,5.4,8.0,0.0,-0.0,36.0,-100.0,-100.0,-100.0,-8.0,0.0,-0.0,32.0,-99.858,-100.0,-100.0,8.0,0.0,-0.0,33.0,-60.4,-90.0,-60.177,-20.0,0.0,-4.355,44.0,-100.0,-100.0,-100.0,-8.0,0.0,-0.0,32.0,9.756,9.756,9.756,0.0,0.0,-0.0,32.0,22.887,23.299,23.299,-16.0,0.0,-0.0,33.0
46.1169,1,rev,-90.0,12.2,5.528,5.4,5.4,8.0,0.0,-0.0,36.0,-100.0,-100.0,-100.0,-8.0,0.0,-0.0,32.0,-99.858,-100.0,-100.0,8.0,0.0,-0.0,33.0,-60.667,-90.0,-60.445,-20.0,0.0,-4.687,44.0,-100.0,-100.0,-100.0,-8.0,0.0,-0.0,32.0,9.756,9.756,9.756,0.0,0.0,-0.0,32.0,22.887,23.299,23.299,-16.0,0.0,-0.0,33.0
46.1702,1,rev,-90.0,12.2,5.528,5.4,5.4,8.0,0.0,-0.0,36.0,-100.0,-100.0,-100.0,-8.0,0.0,-0.0,32.0,-99.858,-100.0,-100.0,8.0,0.0,-0.0,33.0,-60.8,-90.0,-60.578,-16.0,0.0,-4.784,44.0,-100.0,-100.0,-100.0,-8.0,0.0,-0.0,32.0,9.756,9.756,9.756,0.0,0.0,-0.0,32.0,22.887,23.299,23.299,-16.0,0.0,-0.0,33.0
46.2232,1,rev,-90.0,12.2,5.528,5.4,5.4,8.0,0.0,-0.0,36.0,-100.0,-100.0,-100.0,-8.0,0.0,-0.0,32.0,-99.858,-100.0,-100.0,8.0,0.0,-0.0,33.0,-61.067,-90.0,-60.998,-16.0,0.0,-3.319,44.0,-100.0,-100.0,-100.0,-8.0,0.0,-0.0,32.0,9.756,9.756,9.756,0.0,0.0,-0.0,32.0,22.887,23.299,23.299,-16.0,0.0,-0.0,33.0
46.2764,1,rev,-90.0,12.2,5.528,5.4,5.4,8.0,0.0,-0.0,36.0,-100.0,-100.0,-100.0,-8.0,0.0,-0.0,32.0,-99.858,-100.0,-100.0,8.0,0.0,-0.0,33.0,-61.467,-90.0,-61.267,-16.0,0.0,-5.168,44.0,-100.0,-100.0,-100.0,-8.0,0.0,-0.0,32.0,9.756,9.756,9.756,0.0,0.0,-0.0,32.0,22.887,23.299,23.299,-16.0,0.0,-0.0,33.0
46.3298,1,rev,-90.0,12.2,5.528,5.4,5.4,8.0,0.0,-0.0,36.0,-100.0,-100.0,-100.0,-8.0,0.0,-0.0,32.0,-99.858,-100.0,-100.0,8.0,0.0,-0.0,33.0,-61.733,-90.0,-61.536,-16.0,0.0,-5.099,44.0,-100.0,-100.0,-100.0,-8.0,0.0,-0.0,32.0,9.756,9.756,9.756,0.0,0.0,-0.0,32.0,22.887,23.299,23.299,-16.0,0.0,-0.0,33.0
46.3828,1,rev,-90.0,12.2,5.528,5.4,5.4,8.0,0.0,-0.0,36.0,-100.0,-100.0,-100.0,-8.0,0.0,-0.0,32.0,-99.858,-100.0,-100.0,8.0,0.0,-0.0,33.0,-62.0,-90.0,-61.803,-16.0,0.0,-5.023,44.0,-100.0,-100.0,-100.0,-8.0,0.0,-0.0,32.0,9.756,9.756,9.756,0.0,0.0,-0.0,32.0,22.887,23.299,23.299,-16.0,0.0,-0.0,33.0
46.4362,1,rev,-90.0,12.2,5.528,5.4,5.4,8.0,0.0,-0.0,36.0,-100.0,-100.0,-100.0,-8.0,0.0,-0.0,32.0,-99.858,-100.0,-100.0,8.0,0.0,-0.0,33.0,-62.267,-90.0,-62.075,-16.0,0.0,-4.971,44.0,-100.0,-100.0,-100.0,-8.0,0.0,-0.0,32.0,9.756,9.756,9.756,0.0,0.0,-0.0,32.0,22.887,23.299,23.299,-16.0,0.0,-0.0,33.0
46.4885,1,rev,-90.0,12.2,5.528,5.4,5.4,8.0,0.0,-0.0,36.0,-100.0,-100.0,-100.0,-8.0,0.0,-0.0,32.0,-99.858,-100.0,-100.0,8.0,0.0,-0.0,33.0,-62.533,-90.0,-62.342,-16.0,0.0,-4.978,44.0,-100.0,-100.0,-100.0,-8.0,0.0,-0.0,32.0,9.756,9.756,9.756,0.0,0.0,-0.0,32.0,22.887,23.299,23.299,-16.0,0.0,-0.0,33.0
46.5421,1,rev,-90.0,12.2,5.528,5.4,5.4,8.0,0.0,-0.0,36.0,-100.0,-100.0,-100.0,-8.0,0.0,-0.0,32.0,-99.858,-100.0,-100.0,8.0,0.0,-0.0,33.0,-62.8,-90.0,-62.61,-16.0,0.0,-4.972,44.0,-100.0,-100.0,-100.0,-8.0,0.0,-0.0,32.0,9.756,9.756,9.756,0.0,0.0,-0.0,32.0,22.887,23.299,23.299,-16.0,0.0,-0.0,33.0
46.5949,1,rev,-90.0,12.2,5.528,5.4,5.4,8.0,0.0,-0.0,36.0,-100.0,-100.0,-100.0,-8.0,0.0,-0.0,32.0,-99.858,-100.0,-100.0,8.0,0.0,-0.0,33.0,-63.067,-90.0,-62.877,-16.0,0.0,-4.995,44.0,-100.0,-100.0,-100.0,-8.0,0.0,-0.0,32.0,9.756,9.756,9.756,0.0,0.0,-0.0,32.0,22.887,23.299,23.299,-16.0,0.0,-0.0,33.0
46.6473,1,rev,-90.0,12.2,5.528,5.4,5.4,8.0,0.0,-0.0,36.0,-100.0,-100.0,-100.0,-8.0,0.0,-0.0,32.0,-99.858,-100.0,-100.0,8.0,0.0,-0.0,33.0,-63.333,-90.0,-63.143,-16.0,0.0,-4.998,44.0,-100.0,-100.0,-100.0,-8.0,0.0,-0.0,32.0,9.756,9.756,9.756,0.0,0.0,-0.0,32.0,22.887,23.299,23.299,-16.0,0.0,-0.0,33.0
46.7005,1,rev,-90.0,12.2,5.528,5.4,5.4,8.0,0.0,-0.0,36.0,-100.0,-100.0,-100.0,-8.0,0.0,-0.0,32.0,-99.858,-100.0,-100.0,8.0,0.0,-0.0,33.0,-63.6,-90.0,-63.41,-16.0,0.0,-4.977,44.0,-100.0,-100.0,-100.0,-8.0,0.0,-0.0,32.0,9.756,9.756,9.756,0.0,0.0,-0.0,32.0,22.887,23.299,23.299,-16.0,0.0,-0.0,33.0
46.7542,1,rev,-90.0,12.2,5.528,5.4,5.4,8.0,0.0,-0.0,36.0,-100.0,-100.0,-100.0,-8.0,0.0,-0.0,32.0,-99.858,-100.0,-100.0,8.0,0.0,-0.0,33.0,-63.6,-90.0,-63.704,-8.0,0.0,-4.977,45.0,-100.0,-100.0,-100.0,-8.0,0.0,-0.0,32.0,9.756,9.756,9.756,0.0,0.0,-0.0,32.0,22.887,23.299,23.299,-16.0,0.0,-0.0,33.0
46.8076,1,rev,-90.0,12.2,5.528,5.4,5.4,8.0,0.0,-0.0,36.0,-100.0,-100.0,-100.0,-8.0,0.0,-0.0,32.0,-99.858,-100.0,-100.0,8.0,0.0,-0.0,33.0,-63.867,-90.0,-63.992,-8.0,0.0,-4.361,45.0,-100.0,-100.0,-100.0,-8.0,0.0,-0.0,32.0,9.756,9.756,9.756,0.0,0.0,-0.0,32.0,22.887,23.299,23.299,-16.0,0.0,-0.0,33.0
46.8606,1,rev,-90.0,12.2,5.528,5.4,5.4,8.0,0.0,-0.0,36.0,-100.0,-100.0,-100.0,-8.0,0.0,-0.0,32.0,-99.858,-100.0,-100.0,8.0,0.0,-0.0,33.0,-64.267,-90.0,-64.137,-8.0,0.0,-6.021,45.0,-100.0,-100.0,-100.0,-8.0,0.0,-0.0,32.0,9.756,9.756,9.756,0.0,0.0,-0.0,32.0,22.887,23.299,23.299,-16.0,0.0,-0.0,33.0
46.9141,1,rev,-90.0,12.2,5.528,5.4,5.4,8.0,0.0,-0.0,36.0,-100.0,-100.0,-100.0,-8.0,0.0,-0.0,32.0,-99.858,-100.0,-100.0,8.0,0.0,-0.0,33.0,-64.533,-90.0,-64.417,-8.0,0.0,-5.403,45.0,-100.0,-100.0,-100.0,-8.0,0.0,-0.0,32.0,9.756,9.756,9.756,0.0,0.0,-0.0,32.0,22.887,23.299,23.299,-16.0,0.0,-0.0,33.0
46.9664,1,rev,-90.0,12.2,5.438,5.4,5.4,8.0,0.0,-0.712,36.0,-100.0,-100.0,-100.0,-8.0,0.0,-0.0,32.0,-99.858,-100.0,-100.0,8.0,0.0,-0.0,33.0,-64.933,-90.0,-64.684,-8.0,0.0,-6.682,45.0,-100.0,-100.0,-100.0,-8.0,0.0,-0.0,32.0,9.756,9.756,9.756,0.0,0.0,-0.0,32.0,22.887,23.299,23.299,-16.0,0.0,-0.0,33.0
47.0199,1,rev,-90.0,12.2,5.438,5.4,5.4,8.0,0.0,-0.349,36.0,-100.0,-100.0,-100.0,-8.0,0.0,-0.0,32.0,-99.858,-100.0,-100.0,8.0,0.0,-0.0,33.0,-65.2,-90.0,-64.953,-8.0,0.0,-6.259,45.0,-100.0,-100.0,-100.0,-8.0,0.0,-0.0,32.0,9.756,9.756,9.756,0.0,0.0,-0.0,32.0,22.887,23.299,23.299,-16.0,0.0,-0.0,33.0
47.0724,1,rev,-90.0,12.2,5.438,5.4,5.4,8.0,0.0,-0.171,36.0,-100.0,-100.0,-100.0,-8.0,0.0,-0.0,32.0,-99.858,-100.0,-100.0,8.0,0.0,-0.0,33.0,-65.467,-90.0,-65.223,-8.0,0.0,-5.589,45.0,-100.0,-100.0,-100.0,-8.0,0.0,-0.0,32.0,9.756,9.756,9.756,0.0,0.0,-0.0,32.0,22.887,23.299,23.299,-16.0,0.0,-0.0,33.0
47.1258,1,rev,-90.0,12.2,5.438,5.4,5.4,8.0,0.0,-0.084,36.0,-100.0,-100.0,-100.0,-8.0,0.0,-0.0,32.0,-99.858,-100.0,-100.0,8.0,0.0,-0.0,33.0,-65.6,-90.0,-65.491,-8.0,0.0,-3.776,45.0,-100.0,-100.0,-100.0,-8.0,0.0,-0.0,32.0,9.756,9.756,9.756,0.0,0.0,-0.0,32.0,22.887,23.299,23.299,-16.0,0.0,-0.0,33.0
47.1793,1,rev,-90.0,12.2,5.348,5.4,5.4,8.0,0.0,-0.75,36.0,-100.0,-100.0,-100.0,-8.0,0.0,-0.0,32.0,-99.858,-100.0,-100.0,8.0,0.0,-0.0,33.0,-65.867,-90.0,-65.757,-8.0,0.0,-3.953,45.0,-100.0,-100.0,-100.0,-8.0,0.0,-0.0,32.0,9.756,9.756,9.756,0.0,0.0,-0.0,32.0,22.887,23.299,23.299,-16.0,0.0,-0.0,33.0
47.2326,1,rev,-90.0,12.2,5.348,5.4,5.4,8.0,0.0,-0.367,36.0,-100.0,-100.0,-100.0,-8.0,0.0,-0.0,32.0,-99.858,-100.0,-100.0,8.0,0.0,-0.0,33.0,-66.267,-90.0,-66.025,-8.0,0.0,-5.538,45.0,-100.0,-100.0,-100.0,-8.0,0.0,-0.0,32.0,9.756,9.756,9.756,0.0,0.0,-0.0,32.0,22.887,23.299,23.299,-16.0,0.0,-0.0,33.0
47.287,1,rev,-90.0,12.2,5.348,5.4,5.4,8.0,0.0,-0.18,36.0,-100.0,-100.0,-100.0,-8.0,0.0,-0.0,32.0,-99.858,-100.0,-100.0,8.0,0.0,-0.0,33.0,-66.4,-90.0,-66.292,-8.0,0.0,-4.189,45.0,-100.0,-100.0,-100.0,-8.0,0.0,-0.0,32.0,9.756,9.756,9.756,0.0,0.0,-0.0,32.0,22.887,23.299,23.299,-16.0,0.0,-0.0,33.0
47.3394,1,rev,-90.0,12.2,5.348,5.4,5.4,0.0,0.0,-0.126,36.0,-100.0,-100.0,-100.0,-8.0,0.0,-0.0,32.0,-99.858,-100.0,-100.0,8.0,0.0,-0.0,33.0,-66.667,-90.0,-66.591,-8.0,0.0,-4.281,44.0,-100.0,-100.0,-100.0,-8.0,0.0,-0.0,32.0,9.756,9.756,9.756,0.0,0.0,-0.0,32.0,22.887,23.299,23.299,-16.0,1.0,-0.0,33.0
47.3913,1,rev,-90.0,12.2,5.348,5.4,5.4,0.0,0.0,-0.062,36.0,-100.0,-100.0,-100.0,-8.0,0.0,-0.0,32.0,-99.858,-100.0,-100.0,8.0,0.0,-0.0,33.0,-66.933,-90.0,-66.857,-8.0,0.0,-5.126,44.0,-100.0,-100.0,-100.0,-8.0,0.0,-0.0,32.0,9.756,9.756,9.756,0.0,0.0,-0.0,32.0,22.887,23.299,23.299,-16.0,1.0,-0.0,33.0
47.4451,1,rev,-90.0,12.2,5.348,5.4,5.4,0.0,0.0,-0.03,36.0,-100.0,-100.0,-100.0,-8.0,0.0,-0.0,32.0,-99.858,-100.0,-100.0,8.0,0.0,-0.0,33.0,-67.2,-90.0,-67.123,-8.0,0.0,-5.045,44.0,-100.0,-100.0,-100.0,-8.0,0.0,-0.0,32.0,9.756,9.756,9.756,0.0,0.0,-0.0,32.0,22.887,23.299,23.299,-16.0,1.0,-0.0,33.0
47.4974,1,rev,-90.0,12.2,5.348,5.4,5.4,0.0,0.0,-0.015,36.0,-100.0,-100.0,-100.0,-8.0,0.0,-0.0,32.0,-99.858,-100.0,-100.0,8.0,0.0,-0.0,33.0,-67.467,-90.0,-67.39,-8.0,0.0,-5.014,44.0,-100.0,-100.0,-100.0,-8.0,0.0,-0.0,32.0,9.756,9.756,9.756,0.0,0.0,-0.0,32.0,22.887,23.299,23.299,-16.0,1.0,-0.0,33.0
47.5509,1,rev,-90.0,12.2,5.348,5.4,5.4,0.0,0.0,-0.007,36.0,-100.0,-100.0,-100.0,-8.0,0.0,-0.0,32.0,-99.858,-100.0,-100.0,8.0,0.0,-0.0,33.0,-67.733,-90.0,-67.66,-8.0,0.0,-4.959,44.0,-100.0,-100.0,-100.0,-8.0,0.0,-0.0,32.0,9.756,9.756,9.756,0.0,0.0,-0.0,32.0,22.887,23.299,23.299,-16.0,1.0,-0.0,33.0
47.6042,1,rev,-90.0,12.2,5.348,5.4,5.4,0.0,0.0,-0.004,36.0,-100.0,-100.0,-100.0,-8.0,0.0,-0.0,32.0,-99.858,-100.0,-100.0,8.0,0.0,-0.0,33.0,-68.0,-90.0,-67.93,-8.0,0.0,-4.947,44.0,-100.0,-100.0,-100.0,-8.0,0.0,-0.0,32.0,9.756,9.756,9.756,0.0,0.0,-0.0,32.0,22.887,23.299,23.299,-16.0,1.0,-0.0,33.0
47.6563,1,rev,-90.0,12.2,5.348,5.4,5.4,0.0,0.0,-0.002,36.0,-100.0,-100.0,-100.0,-8.0,0.0,-0.0,32.0,-99.858,-100.0,-100.0,8.0,0.0,-0.0,33.0,-68.267,-90.0,-68.2,-8.0,0.0,-4.968,44.0,-100.0,-100.0,-100.0,-8.0,0.0,-0.0,32.0,9.756,9.756,9.756,0.0,0.0,-0.0,32.0,22.887,23.299,23.299,-16.0,1.0,-0.0,33.0
47.7095,1,rev,-90.0,12.2,5.348,5.4,5.4,0.0,0.0,-0.001,36.0,-100.0,-100.0,-100.0,-8.0,0.0,-0.0,32.0,-99.858,-100.0,-100.0,8.0,0.0,-0.0,33.0,-68.533,-90.0,-68.467,-8.0,0.0,-4.988,44.0,-100.0,-100.0,-100.0,-8.0,0.0,-0.0,32.0,9.756,9.756,9.756,0.0,0.0,-0.0,32.0,22.887,23.299,23.299,-16.0,1.0,-0.0,33.0
47.7636,1,rev,-90.0,12.2,5.258,5.4,5.4,0.0,0.0,-1.008,36.0,-100.0,-100.0,-100.0,-8.0,0.0,-0.0,32.0,-99.858,-100.0,-100.0,8.0,0.0,-0.0,33.0,-68.8,-90.0,-68.734,-8.0,0.0,-4.986,44.0,-100.0,-100.0,-100.0,-8.0,0.0,-0.0,32.0,9.756,9.756,9.756,0.0,0.0,-0.0,32.0,22.887,23.299,23.299,-16.0,1.0,-0.0,33.0
47.8165,1,rev,-90.0,12.2,5.258,5.4,5.4,0.0,0.0,-0.494,36.0,-100.0,-100.0,-100.0,-8.0,0.0,-0.0,32.0,-99.858,-100.0,-100.0,8.0,0.0,-0.0,33.0,-69.067,-90.0,-69.001,-8.0,0.0,-4.994,44.0,-100.0,-100.0,-100.0,-8.0,0.0,-0.0,32.0,9.756,9.756,9.756,0.0,0.0,-0.0,32.0,22.887,23.299,23.299,-16.0,1.0,-0.0,33.0
47.87,1,rev,-90.0,12.2,5.258,5.4,5.4,0.0,0.0,-0.346,36.0,-100.0,-100.0,-100.0,-8.0,0.0,-0.0,32.0,-99.858,-100.0,-100.0,8.0,0.0,-0.0,33.0,-69.2,-90.0,-69.134,-8.0,0.0,-4.988,44.0,-100.0,-100.0,-100.0,-8.0,0.0,-0.0,32.0,9.756,9.756,9.756,0.0,0.0,-0.0,32.0,22.887,23.299,23.299,-16.0,1.0,-0.0,33.0
47.9224,1,rev,-90.0,12.2,5.258,5.4,5.4,0.0,0.0,-0.242,36.0,-100.0,-100.0,-100.0,-8.0,0.0,-0.0,32.0,-99.858,-100.0,-100.0,8.0,0.0,-0.0,33.0,-69.333,-90.0,-69.566,0.0,0.0,-4.162,44.0,-100.0,-100.0,-100.0,0.0,0.0,-0.0,32.0,9.756,9.756,9.756,0.0,0.0,-0.0,32.0,22.887,23.299,23.299,-16.0,1.0,-0.0,33.0
47.9758,1,rev,-90.0,12.2,5.258,5.4,5.4,0.0,0.0,-0.119,36.0,-100.0,-100.0,-100.0,-8.0,0.0,-0.0,32.0,-99.858,-100.0,-100.0,8.0,0.0,-0.0,33.0,-69.6,-90.0,-69.842,0.0,0.0,-4.524,44.0,-100.0,-100.0,-100.0,0.0,0.0,-0.0,32.0,9.756,9.756,9.756,0.0,0.0,-0.0,32.0,22.887,23.299,23.299,-16.0,1.0,-0.0,33.0
48.0292,1,rev,-90.0,12.2,5.258,5.4,5.4,0.0,0.0,-0.058,36.0,-100.0,-100.0,-100.0,-8.0,0.0,-0.0,32.0,-99.858,-100.0,-100.0,8.0,0.0,-0.0,33.0,-70.0,-90.0,-69.978,0.0,0.0,-5.631,44.0,-100.0,-100.0,-100.0,0.0,0.0,-0.0,32.0,9.756,9.756,9.756,0.0,0.0,-0.0,32.0,22.887,23.299,23.299,-16.0,1.0,-0.0,33.0
48.0822,1,rev,-90.0,12.2,5.258,5.4,5.4,0.0,0.0,-0.028,36.0,-100.0,-100.0,-100.0,-8.0,0.0,-0.0,32.0,-99.858,-100.0,-100.0,8.0,0.0,-0.0,33.0,-70.133,-90.0,-70.259,0.0,0.0,-3.805,44.0,-100.0,-100.0,-100.0,0.0,0.0,-0.0,32.0,9.756,9.756,9.756,0.0,0.0,-0.0,32.0,22.887,23.299,23.299,-16.0,1.0,-0.0,33.0
48.1351,1,rev,-90.0,12.2,5.258,5.4,5.4,0.0,0.0,-0.014,36.0,-100.0,-100.0,-100.0,-8.0,0.0,-0.0,32.0,-99.858,-100.0,-100.0,8.0,0.0,-0.0,33.0,-70.533,-90.0,-70.526,0.0,0.0,-5.467,44.0,-100.0,-100.0,-100.0,0.0,0.0,-0.0,32.0,9.756,9.756,9.756,0.0,0.0,-0.0,32.0,22.887,23.299,23.299,-16.0,1.0,-0.0,33.0
48.188,1,rev,-90.0,12.2,5.258,5.4,5.4,0.0,0.0,-0.007,36.0,-100.0,-100.0,-100.0,-8.0,0.0,-0.0,32.0,-99.858,-100.0,-100.0,8.0,0.0,-0.0,33.0,-70.8,-90.0,-70.795,0.0,0.0,-5.207,44.0,-100.0,-100.0,-100.0,0.0,0.0,-0.0,32.0,9.756,9.756,9.756,0.0,0.0,-0.0,32.0,22.887,23.299,23.299,-16.0,1.0,-0.0,33.0
48.2411,1,rev,-90.0,12.2,5.258,5.4,5.4,0.0,0.0,-0.003,36.0,-100.0,-100.0,-100.0,-8.0,0.0,-0.0,32.0,-99.858,-100.0,-100.0,8.0,0.0,-0.0,33.0,-71.067,-90.0,-71.063,0.0,0.0,-5.569,44.0,-100.0,-100.0,-100.0,0.0,0.0,-0.0,32.0,9.756,9.756,9.756,0.0,0.0,-0.0,32.0,22.887,23.299,23.299,-16.0,1.0,-0.0,33.0
48.2949,1,rev,-90.0,12.2,5.258,5.4,5.4,0.0,0.0,-0.002,36.0,-100.0,-100.0,-100.0,-8.0,0.0,-0.0,32.0,-99.858,-100.0,-100.0,8.0,0.0,-0.0,33.0,-71.333,-90.0,-71.331,0.0,0.0,-5.254,44.0,-100.0,-100.0,-100.0,0.0,0.0,-0.0,32.0,9.756,9.756,9.756,0.0,0.0,-0.0,32.0,22.887,23.299,23.299,-16.0,1.0,-0.0,33.0
48.3479,1,rev,-90.0,12.2,5.258,5.4,5.4,0.0,0.0,-0.001,36.0,-100.0,-100.0,-100.0,-8.0,0.0,-0.0,32.0,-99.858,-100.0,-100.0,8.0,0.0,-0.0,33.0,-71.6,-90.0,-71.599,0.0,0.0,-5.126,44.0,-100.0,-100.0,-100.0,0.0,0.0,-0.0,32.0,9.756,9.756,9.756,0.0,0.0,-0.0,32.0,22.887,23.299,23.299,-16.0,1.0,-0.0,33.0
48.4009,1,rev,-90.0,12.2,5.258,5.4,5.4,0.0,0.0,-0.0,36.0,-100.0,-100.0,-100.0,-8.0,0.0,-0.0,32.0,-99.858,-100.0,-100.0,8.0,0.0,-0.0,33.0,-71.733,-90.0,-71.866,0.0,0.0,-3.552,44.0,-100.0,-100.0,-100.0,0.0,0.0,-0.0,32.0,9.756,9.756,9.756,0.0,0.0,-0.0,32.0,22.887,23.299,23.299,-16.0,1.0,-0.0,33.0
48.454,1,rev,-90.0,12.2,5.258,5.4,5.4,0.0,0.0,-0.0,36.0,-100.0,-100.0,-100.0,-8.0,0.0,-0.0,32.0,-99.858,-100.0,-100.0,8.0,0.0,-0.0,33.0,-72.0,-90.0,-72.0,0.0,0.0,-5.493,44.0,-100.0,-100.0,-100.0,0.0,0.0,-0.0,31.0,9.756,9.756,9.756,0.0,0.0,-0.0,32.0,22.887,23.299,23.299,-16.0,0.0,-0.0,33.0
48.507,1,rev,-90.0,12.2,5.258,5.4,5.4,0.0,0.0,-0.0,36.0,-100.0,-100.0,-100.0,-8.0,0.0,-0.0,32.0,-99.858,-100.0,-100.0,8.0,0.0,-0.0,33.0,-72.267,-90.0,-72.416,0.0,0.0,-4.68,44.0,-100.0,-100.0,-100.0,0.0,0.0,-0.0,31.0,9.756,9.756,9.756,0.0,0.0,-0.0,32.0,22.887,23.299,23.299,-16.0,0.0,-0.0,33.0
48.56,1,rev,-90.0,12.2,5.258,5.4,5.4,0.0,0.0,-0.0,36.0,-100.0,-100.0,-100.0,-8.0,0.0,-0.0,32.0,-99.858,-100.0,-100.0,8.0,0.0,-0.0,33.0,-72.533,-90.0,-72.684,0.0,0.0,-4.382,44.0,-100.0,-100.0,-100.0,0.0,0.0,-0.0,31.0,9.756,9.756,9.756,0.0,0.0,-0.0,32.0,22.887,23.299,23.299,-16.0,0.0,-0.0,33.0
48.6127,1,rev,-90.0,12.2,5.258,5.4,5.4,0.0,0.0,-0.0,36.0,-100.0,-100.0,-100.0,-8.0,0.0,-0.0,32.0,-99.858,-100.0,-100.0,8.0,0.0,-0.0,33.0,-72.933,-90.0,-72.949,0.0,0.0,-5.738,44.0,-100.0,-100.0,-100.0,0.0,0.0,-0.0,31.0,9.756,9.756,9.756,0.0,0.0,-0.0,32.0,22.887,23.299,23.299,-16.0,0.0,-0.0,33.0
48.6658,1,rev,-90.0,12.2,5.258,5.4,5.4,0.0,0.0,-0.0,36.0,-100.0,-100.0,-100.0,-8.0,0.0,-0.0,32.0,-99.858,-100.0,-100.0,8.0,0.0,-0.0,33.0,-73.2,-90.0,-73.217,0.0,0.0,-4.919,44.0,-100.0,-100.0,-100.0,0.0,0.0,-0.0,31.0,9.756,9.756,9.756,0.0,0.0,-0.0,32.0,22.887,23.299,23.299,-16.0,0.0,-0.0,33.0
48.7188,1,rev,-90.0,12.2,5.258,5.4,5.4,0.0,0.0,-0.0,36.0,-100.0,-100.0,-100.0,-8.0,0.0,-0.0,32.0,-99.858,-100.0,-100.0,8.0,0.0,-0.0,33.0,-73.467,-90.0,-73.483,0.0,0.0,-4.964,44.0,-100.0,-100.0,-100.0,0.0,0.0,-0.0,31.0,9.756,9.756,9.756,0.0,0.0,-0.0,32.0,22.887,23.299,23.299,-16.0,0.0,-0.0,33.0
48.7719,1,rev,-90.0,12.2,5.258,5.4,5.4,0.0,0.0,-0.0,36.0,-100.0,-100.0,-100.0,-8.0,0.0,-0.0,32.0,-99.858,-100.0,-100.0,8.0,0.0,-0.0,33.0,-73.867,-90.0,-73.748,0.0,0.0,-6.478,44.0,-100.0,-100.0,-100.0,0.0,0.0,-0.0,31.0,9.756,9.756,9.756,0.0,0.0,-0.0,32.0,22.887,23.299,23.299,-16.0,0.0,-0.0,33.0
48.8249,1,rev,-90.0,12.2,5.258,5.4,5.4,0.0,0.0,-0.0,36.0,-100.0,-100.0,-100.0,-8.0,0.0,-0.0,32.0,-99.858,-100.0,-100.0,8.0,0.0,-0.0,33.0,-74.133,-90.0,-74.015,0.0,0.0,-6.191,44.0,-100.0,-100.0,-100.0,0.0,0.0,-0.0,31.0,9.756,9.756,9.756,0.0,0.0,-0.0,32.0,22.887,23.299,23.299,-16.0,0.0,-0.0,33.0
48.8779,1,rev,-90.0,12.2,5.169,5.4,5.4,0.0,0.0,-0.704,36.0,-100.0,-100.0,-100.0,-8.0,0.0,-0.0,32.0,-99.858,-100.0,-100.0,8.0,0.0,-0.0,33.0,-74.267,-90.0,-74.282,0.0,0.0,-4.522,44.0,-100.0,-100.0,-100.0,0.0,0.0,-0.0,31.0,9.756,9.756,9.756,0.0,0.0,-0.0,32.0,22.887,23.299,23.299,-16.0,0.0,-0.0,33.0
48.931,1,rev,-90.0,12.2,5.169,5.4,5.4,0.0,0.0,-0.345,36.0,-100.0,-100.0,-100.0,-8.0,0.0,-0.0,32.0,-99.858,-100.0,-100.0,8.0,0.0,-0.0,33.0,-74.533,-90.0,-74.55,0.0,0.0,-4.759,44.0,-100.0,-100.0,-100.0,0.0,0.0,-0.0,31.0,9.756,9.756,9.756,0.0,0.0,-0.0,32.0,22.887,23.299,23.299,-16.0,0.0,-0.0,33.0
48.9835,1,rev,-90.0,12.2,5.169,5.4,5.4,0.0,0.0,-0.169,36.0,-100.0,-100.0,-100.0,-8.0,0.0,-0.0,32.0,-99.858,-100.0,-100.0,8.0,0.0,-0.0,33.0,-74.8,-90.0,-74.817,0.0,0.0,-4.868,44.0,-100.0,-100.0,-100.0,0.0,0.0,-0.0,31.0,9.756,9.756,9.756,0.0,0.0,-0.0,32.0,22.887,23.299,23.299,-16.0,0.0,-0.0,33.0
49.0368,1,rev,-90.0,12.2,5.169,5.4,5.4,-8.0,0.0,-0.169,36.0,-100.0,-100.0,-100.0,-8.0,0.0,-0.0,32.0,-99.858,-100.0,-100.0,8.0,0.0,-0.0,33.0,-74.8,-90.0,-75.117,0.0,0.0,-4.868,44.0,-100.0,-100.0,-100.0,0.0,0.0,-0.0,31.0,9.756,9.756,9.756,0.0,0.0,-0.0,32.0,22.887,23.299,23.299,-16.0,1.0,-0.0,33.0
49.0901,1,rev,-90.0,12.2,5.169,5.4,5.4,-8.0,0.0,-0.083,36.0,-100.0,-100.0,-100.0,-8.0,0.0,-0.0,32.0,-99.858,-100.0,-100.0,8.0,0.0,-0.0,33.0,-75.067,-90.0,-75.399,0.0,0.0,-3.279,44.0,-100.0,-100.0,-100.0,0.0,0.0,-0.0,31.0,9.756,9.756,9.756,0.0,0.0,-0.0,32.0,22.887,23.299,23.299,-16.0,1.0,-0.0,33.0
49.1424,1,rev,-90.0,12.2,5.169,5.4,5.4,-8.0,0.0,-0.041,36.0,-100.0,-100.0,-100.0,-8.0,0.0,-0.0,32.0,-99.858,-100.0,-100.0,8.0,0.0,-0.0,33.0,-75.6,-90.0,-75.548,0.0,0.0,-6.47,44.0,-100.0,-100.0,-100.0,0.0,0.0,-0.0,31.0,9.756,9.756,9.756,0.0,0.0,-0.0,32.0,22.887,23.299,23.299,-16.0,1.0,-0.0,33.0
49.1956,1,rev,-90.0,12.2,5.169,5.4,5.4,-8.0,0.0,-0.02,36.0,-100.0,-100.0,-100.0,-8.0,0.0,-0.0,32.0,-99.858,-100.0,-100.0,8.0,0.0,-0.0,33.0,-75.733,-90.0,-75.824,0.0,0.0,-4.666,44.0,-100.0,-100.0,-100.0,0.0,0.0,-0.0,31.0,9.756,9.756,9.756,0.0,0.0,-0.0,32.0,22.887,23.299,23.299,-16.0,1.0,-0.0,33.0
49.2487,1,rev,-90.0,12.2,5.169,5.4,5.4,-8.0,0.0,-0.01,36.0,-100.0,-100.0,-100.0,-8.0,0.0,-0.0,32.0,-99.858,-100.0,-100.0,8.0,0.0,-0.0,33.0,-76.0,-90.0,-76.091,0.0,0.0,-4.837,44.0,-100.0,-100.0,-100.0,0.0,0.0,-0.0,31.0,9.756,9.756,9.756,0.0,0.0,-0.0,32.0,22.887,23.299,23.299,-16.0,1.0,-0.0,33.0
49.3027,1,rev,-90.0,12.2,5.169,5.4,5.4,-8.0,0.0,-0.005,36.0,-100.0,-100.0,-100.0,-8.0,0.0,-0.0,32.0,-99.858,-100.0,-100.0,8.0,0.0,-0.0,33.0,-76.267,-90.0,-76.362,0.0,0.0,-4.893,44.0,-100.0,-100.0,-100.0,0.0,0.0,-0.0,31.0,9.756,9.756,9.756,0.0,0.0,-0.0,32.0,22.887,23.299,23.299,-16.0,1.0,-0.0,33.0
49.3558,1,rev,-90.0,12.2,5.169,5.4,5.4,-8.0,0.0,-0.002,36.0,-100.0,-100.0,-100.0,-8.0,0.0,-0.0,32.0,-99.858,-100.0,-100.0,8.0,0.0,-0.0,33.0,-76.533,-90.0,-76.627,0.0,0.0,-4.963,44.0,-100.0,-100.0,-100.0,0.0,0.0,-0.0,31.0,9.756,9.756,9.756,0.0,0.0,-0.0,32.0,22.887,23.299,23.299,-16.0,1.0,-0.0,33.0
49.4092,1,rev,-90.0,12.2,5.169,5.4,5.4,-8.0,0.0,-0.001,36.0,-100.0,-100.0,-100.0,-8.0,0.0,-0.0,32.0,-99.858,-100.0,-100.0,8.0,0.0,-0.0,33.0,-76.8,-90.0,-76.894,0.0,0.0,-4.974,44.0,-100.0,-100.0,-100.0,0.0,0.0,-0.0,31.0,9.756,9.756,9.756,0.0,0.0,-0.0,32.0,22.887,23.299,23.299,-16.0,1.0,-0.0,33.0
49.4622,1,rev,-90.0,12.2,5.169,5.4,5.4,-8.0,0.0,-0.001,36.0,-100.0,-100.0,-100.0,-8.0,0.0,-0.0,32.0,-99.858,-100.0,-100.0,8.0,0.0,-0.0,33.0,-77.067,-90.0,-77.161,0.0,0.0,-4.982,44.0,-100.0,-100.0,-100.0,0.0,0.0,-0.0,31.0,9.756,9.756,9.756,0.0,0.0,-0.0,32.0,22.887,23.299,23.299,-16.0,1.0,-0.0,33.0
49.5151,1,rev,-90.0,12.2,5.169,5.4,5.4,-8.0,0.0,-0.0,36.0,-100.0,-100.0,-100.0,-8.0,0.0,-0.0,32.0,-99.858,-100.0,-100.0,8.0,0.0,-0.0,33.0,-77.333,-90.0,-77.428,0.0,0.0,-5.0,44.0,-100.0,-100.0,-100.0,0.0,0.0,-0.0,31.0,9.756,9.756,9.756,0.0,0.0,-0.0,32.0,22.887,23.299,23.299,-16.0,1.0,-0.0,33.0
49.5681,1,rev,-90.0,12.2,5.169,5.4,5.4,-8.0,0.0,-0.0,36.0,-100.0,-100.0,-100.0,-8.0,0.0,-0.0,32.0,-99.858,-100.0,-100.0,8.0,0.0,-0.0,33.0,-77.6,-90.0,-77.694,0.0,0.0,-4.988,44.0,-100.0,-100.0,-100.0,0.0,0.0,-0.0,31.0,9.756,9.756,9.756,0.0,0.0,-0.0,32.0,22.887,23.299,23.299,-16.0,1.0,-0.0,33.0
49.6213,1,rev,-90.0,12.2,5.169,5.4,5.4,-8.0,0.0,-0.0,36.0,-100.0,-100.0,-100.0,-8.0,0.0,-0.0,32.0,-99.858,-100.0,-100.0,8.0,0.0,-0.0,33.0,-77.733,-90.0,-77.995,8.0,0.0,-4.159,44.0,-100.0,-100.0,-100.0,0.0,0.0,-0.0,31.0,9.756,9.756,9.756,0.0,0.0,-0.0,32.0,22.887,23.299,23.299,-16.0,1.0,-0.0,33.0
49.6742,1,rev,-90.0,12.2,5.169,5.4,5.4,-8.0,0.0,-0.0,36.0,-100.0,-100.0,-100.0,-8.0,0.0,-0.0,32.0,-99.858,-100.0,-100.0,8.0,0.0,-0.0,33.0,-78.0,-90.0,-78.261,8.0,0.0,-4.594,44.0,-100.0,-100.0,-100.0,0.0,0.0,-0.0,31.0,9.756,9.756,9.756,0.0,0.0,-0.0,32.0,22.887,23.299,23.299,-16.0,1.0,-0.0,33.0
49.7272,1,rev,-90.0,12.2,5.169,5.4,5.4,-8.0,0.0,-0.0,36.0,-100.0,-100.0,-100.0,-8.0,0.0,-0.0,32.0,-99.858,-100.0,-100.0,8.0,0.0,-0.0,33.0,-78.4,-90.0,-78.527,8.0,0.0,-5.843,44.0,-100.0,-100.0,-100.0,0.0,0.0,-0.0,31.0,9.756,9.756,9.756,0.0,0.0,-0.0,32.0,22.887,23.299,23.299,-16.0,1.0,-0.0,33.0
49.7802,1,rev,-90.0,12.2,5.169,5.4,5.4,-8.0,0.0,-0.0,36.0,-100.0,-100.0,-100.0,-8.0,0.0,-0.0,32.0,-99.858,-100.0,-100.0,8.0,0.0,-0.0,33.0,-78.667,-90.0,-78.796,8.0,0.0,-5.403,44.0,-100.0,-100.0,-100.0,0.0,0.0,-0.0,31.0,9.756,9.756,9.756,0.0,0.0,-0.0,32.0,22.887,23.299,23.299,-16.0,1.0,-0.0,33.0
49.8332,1,rev,-90.0,12.2,5.169,5.4,5.4,-8.0,0.0,-0.0,36.0,-100.0,-100.0,-100.0,-8.0,0.0,-0.0,32.0,-99.858,-100.0,-100.0,8.0,0.0,-0.0,33.0,-78.933,-90.0,-79.064,8.0,0.0,-5.179,44.0,-100.0,-100.0,-100.0,0.0,0.0,-0.0,31.0,9.756,9.756,9.756,0.0,0.0,-0.0,32.0,22.887,23.299,23.299,-16.0,1.0,-0.0,33.0
49.8862,1,rev,-90.0,12.2,5.169,5.4,5.4,-8.0,0.0,-0.0,36.0,-100.0,-100.0,-100.0,-8.0,0.0,-0.0,32.0,-99.858,-100.0,-100.0,8.0,0.0,-0.0,33.0,-79.2,-90.0,-79.332,8.0,0.0,-5.081,44.0,-100.0,-100.0,-100.0,0.0,0.0,-0.0,31.0,9.756,9.756,9.756,0.0,0.0,-0.0,32.0,22.887,23.299,23.299,-16.0,1.0,-0.0,33.0
49.9383,1,rev,-90.0,12.2,5.169,5.4,5.4,-8.0,0.0,-0.0,36.0,-100.0,-100.0,-100.0,-8.0,0.0,-0.0,32.0,-99.858,-100.0,-100.0,8.0,0.0,-0.0,33.0,-79.467,-90.0,-79.599,8.0,0.0,-5.039,44.0,-100.0,-100.0,-100.0,0.0,0.0,-0.0,31.0,9.756,9.756,9.756,0.0,0.0,-0.0,32.0,22.887,23.299,23.299,-16.0,1.0,-0.0,33.0
49.9913,1,rev,-90.0,12.2,5.169,5.4,5.4,-8.0,0.0,-0.0,36.0,-100.0,-100.0,-100.0,-8.0,0.0,-0.0,32.0,-99.858,-100.0,-100.0,8.0,0.0,-0.0,33.0,-79.733,-90.0,-79.865,8.0,0.0,-5.026,44.0,-100.0,-100.0,-100.0,0.0,0.0,-0.0,31.0,9.756,9.756,9.756,0.0,0.0,-0.0,32.0,22.887,23.299,23.299,-16.0,1.0,-0.0,33.0
50.0441,1,rev,-90.0,12.2,5.169,5.4,5.4,-8.0,0.0,-0.0,36.0,-100.0,-100.0,-100.0,-8.0,0.0,-0.0,32.0,-99.858,-100.0,-100.0,8.0,0.0,-0.0,33.0,-80.0,-90.0,-80.132,8.0,0.0,-5.006,44.0,-100.0,-100.0,-100.0,0.0,0.0,-0.0,31.0,9.756,9.756,9.756,0.0,0.0,-0.0,32.0,22.887,23.299,23.299,-16.0,1.0,-0.0,33.0
50.0972,1,rev,-90.0,12.2,5.169,5.4,5.4,-8.0,0.0,-0.0,36.0,-100.0,-100.0,-100.0,-8.0,0.0,-0.0,32.0,-99.858,-100.0,-100.0,8.0,0.0,-0.0,33.0,-80.267,-90.0,-80.4,8.0,0.0,-4.982,44.0,-100.0,-100.0,-100.0,0.0,0.0,-0.0,31.0,9.756,9.756,9.756,0.0,0.0,-0.0,32.0,22.887,23.299,23.299,-16.0,1.0,-0.0,33.0
50.1502,1,rev,-90.0,12.2,5.169,5.4,5.4,-8.0,0.0,-0.0,36.0,-100.0,-100.0,-100.0,-8.0,0.0,-0.0,32.0,-99.858,-100.0,-100.0,8.0,0.0,-0.0,33.0,-80.4,-90.0,-80.534,8.0,0.0,-4.983,44.0,-100.0,-100.0,-100.0,0.0,0.0,-0.0,31.0,9.756,9.756,9.756,0.0,0.0,-0.0,32.0,22.887,23.299,23.299,-16.0,1.0,-0.0,33.0
50.2026,1,rev,-90.0,12.2,5.169,5.4,5.4,-8.0,0.0,-0.0,36.0,-100.0,-100.0,-100.0,-8.0,0.0,-0.0,32.0,-99.858,-100.0,-100.0,8.0,0.0,-0.0,33.0,-80.667,-90.0,-80.968,8.0,0.0,-4.821,44.0,-100.0,-100.0,-100.0,0.0,0.0,-0.0,32.0,9.756,9.756,9.756,0.0,0.0,-0.0,32.0,22.887,23.299,23.299,-16.0,1.0,-0.0,33.0
50.2556,1,rev,-90.0,12.2,5.169,5.4,5.4,-8.0,0.0,-0.0,36.0,-100.0,-100.0,-100.0,-8.0,0.0,-0.0,32.0,-99.858,-100.0,-100.0,8.0,0.0,-0.0,33.0,-80.933,-90.0,-81.24,8.0,0.0,-4.872,44.0,-100.0,-100.0,-100.0,0.0,0.0,-0.0,32.0,9.756,9.756,9.756,0.0,0.0,-0.0,32.0,22.887,23.299,23.299,-16.0,1.0,-0.0,33.0
50.3097,1,rev,-90.0,12.2,5.169,5.4,5.4,-8.0,0.0,-0.0,36.0,-100.0,-100.0,-100.0,-8.0,0.0,-0.0,32.0,-99.858,-100.0,-100.0,8.0,0.0,-0.0,33.0,-81.2,-90.0,-81.513,8.0,0.0,-4.414,44.0,-100.0,-100.0,-100.0,0.0,0.0,-0.0,32.0,9.756,9.756,9.756,0.0,0.0,-0.0,32.0,22.887,23.299,23.299,-16.0,1.0,-0.0,33.0
50.363,1,rev,-90.0,12.2,5.169,5.4,5.4,-8.0,0.0,-0.0,36.0,-100.0,-100.0,-100.0,-8.0,0.0,-0.0,32.0,-99.858,-100.0,-100.0,8.0,0.0,-0.0,33.0,-81.467,-90.0,-81.66,8.0,0.0,-4.604,44.0,-100.0,-100.0,-100.0,0.0,0.0,-0.0,32.0,9.756,9.756,9.756,0.0,0.0,-0.0,32.0,22.887,23.299,23.299,-16.0,1.0,-0.0,33.0
50.4159,1,rev,-90.0,12.2,5.169,5.4,5.4,-8.0,0.0,-0.0,36.0,-100.0,-100.0,-100.0,-8.0,0.0,-0.0,32.0,-99.858,-100.0,-100.0,8.0,0.0,-0.0,33.0,-81.733,-90.0,-81.927,8.0,0.0,-4.816,44.0,-100.0,-100.0,-100.0,0.0,0.0,-0.0,32.0,9.756,9.756,9.756,0.0,0.0,-0.0,32.0,22.887,23.299,23.299,-16.0,1.0,-0.0,33.0
50.469,1,rev,-90.0,12.2,5.169,5.4,5.4,-8.0,0.0,-0.0,36.0,-100.0,-100.0,-100.0,-8.0,0.0,-0.0,32.0,-99.858,-100.0,-100.0,8.0,0.0,-0.0,33.0,-82.0,-90.0,-82.194,8.0,0.0,-4.454,44.0,-100.0,-100.0,-100.0,0.0,0.0,-0.0,32.0,9.756,9.756,9.756,0.0,0.0,-0.0,32.0,22.887,23.299,23.299,-16.0,1.0,-0.0,33.0
50.522,1,rev,-90.0,12.2,5.169,5.4,5.4,-8.0,0.0,-0.0,36.0,-100.0,-100.0,-100.0,-8.0,0.0,-0.0,32.0,-99.858,-100.0,-100.0,8.0,0.0,-0.0,33.0,-82.267,-90.0,-82.46,8.0,0.0,-4.732,44.0,-100.0,-100.0,-100.0,0.0,0.0,-0.0,32.0,9.756,9.756,9.756,0.0,0.0,-0.0,32.0,22.887,23.299,23.299,-16.0,1.0,-0.0,33.0
50.5753,1,rev,-90.0,12.2,5.169,5.4,5.4,-8.0,0.0,-0.0,36.0,-100.0,-100.0,-100.0,-8.0,0.0,-0.0,32.0,-99.858,-100.0,-100.0,8.0,0.0,-0.0,33.0,-82.533,-90.0,-82.727,8.0,0.0,-4.866,44.0,-100.0,-100.0,-100.0,0.0,0.0,-0.0,32.0,9.756,9.756,9.756,0.0,0.0,-0.0,32.0,22.887,23.299,23.299,-16.0,1.0,-0.0,33.0
50.6281,1,rev,-90.0,12.2,5.169,5.4,5.4,-8.0,0.0,-0.0,36.0,-100.0,-100.0,-100.0,-8.0,0.0,-0.0,32.0,-99.858,-100.0,-100.0,8.0,0.0,-0.0,33.0,-82.8,-90.0,-82.994,8.0,0.0,-4.905,44.0,-100.0,-100.0,-100.0,0.0,0.0,-0.0,32.0,9.756,9.756,9.756,0.0,0.0,-0.0,32.0,22.887,23.299,23.299,-16.0,1.0,-0.0,33.0
50.6812,1,rev,-90.0,12.2,5.169,5.4,5.4,-8.0,0.0,-0.0,36.0,-100.0,-100.0,-100.0,-8.0,0.0,-0.0,32.0,-99.858,-100.0,-100.0,8.0,0.0,-0.0,33.0,-83.067,-90.0,-83.263,8.0,0.0,-4.965,44.0,-100.0,-100.0,-100.0,0.0,0.0,-0.0,32.0,9.756,9.756,9.756,0.0,0.0,-0.0,32.0,22.887,23.299,23.299,-16.0,1.0,-0.0,33.0
50.7341,1,rev,-90.0,12.2,5.169,5.4,5.4,-8.0,0.0,-0.0,36.0,-100.0,-100.0,-100.0,-8.0,0.0,-0.0,32.0,-99.858,-100.0,-100.0,8.0,0.0,-0.0,33.0,-83.2,-90.0,-83.395,16.0,0.0,-4.964,44.0,-100.0,-100.0,-100.0,0.0,0.0,-0.0,32.0,9.756,9.756,9.756,0.0,0.0,-0.0,32.0,22.887,23.299,23.299,-16.0,1.0,-0.0,33.0
50.7871,1,rev,-90.0,12.2,5.169,5.4,5.4,-8.0,0.0,-0.0,36.0,-100.0,-100.0,-100.0,-8.0,0.0,-0.0,32.0,-99.858,-100.0,-100.0,8.0,0.0,-0.0,33.0,-83.467,-90.0,-83.813,16.0,0.0,-3.422,44.0,-100.0,-100.0,-100.0,0.0,0.0,-0.0,32.0,9.756,9.756,9.756,0.0,0.0,-0.0,32.0,22.887,23.299,23.299,-16.0,1.0,-0.0,33.0
50.8401,1,rev,-90.0,12.2,5.169,5.4,5.4,-8.0,0.0,-0.0,36.0,-100.0,-100.0,-100.0,-8.0,0.0,-0.0,32.0,-99.858,-100.0,-100.0,8.0,0.0,-0.0,33.0,-83.867,-90.0,-84.079,16.0,0.0,-5.293,44.0,-100.0,-100.0,-100.0,0.0,0.0,-0.0,32.0,9.756,9.756,9.756,0.0,0.0,-0.0,32.0,22.887,23.299,23.299,-16.0,1.0,-0.0,33.0
50.893,1,rev,-90.0,12.2,5.169,5.4,5.4,-8.0,0.0,-0.0,36.0,-100.0,-100.0,-100.0,-8.0,0.0,-0.0,32.0,-99.858,-100.0,-100.0,8.0,0.0,-0.0,33.0,-84.133,-90.0,-84.344,16.0,0.0,-5.154,44.0,-100.0,-100.0,-100.0,0.0,0.0,-0.0,32.0,9.756,9.756,9.756,0.0,0.0,-0.0,32.0,22.887,23.299,23.299,-16.0,1.0,-0.0,33.0
50.9462,1,rev,-90.0,12.2,5.169,5.4,5.4,-8.0,0.0,-0.0,36.0,-100.0,-100.0,-100.0,-8.0,0.0,-0.0,32.0,-99.858,-100.0,-100.0,8.0,0.0,-0.0,33.0,-84.4,-90.0,-84.61,16.0,0.0,-5.082,44.0,-100.0,-100.0,-100.0,0.0,0.0,-0.0,32.0,9.756,9.756,9.756,0.0,0.0,-0.0,32.0,22.887,23.299,23.299,-16.0,1.0,-0.0,33.0
50.9993,1,rev,-90.0,12.2,5.169,5.4,5.4,-8.0,0.0,-0.0,36.0,-100.0,-100.0,-100.0,-8.0,0.0,-0.0,32.0,-99.858,-100.0,-100.0,8.0,0.0,-0.0,33.0,-84.667,-90.0,-84.876,16.0,0.0,-5.489,44.0,-100.0,-100.0,-100.0,0.0,0.0,-0.0,32.0,9.756,9.756,9.756,0.0,0.0,-0.0,32.0,22.887,23.299,23.299,-16.0,1.0,-0.0,33.0
51.0522,1,rev,-90.0,12.2,5.169,5.4,5.4,-8.0,0.0,-0.0,36.0,-100.0,-100.0,-100.0,-8.0,0.0,-0.0,32.0,-99.858,-100.0,-100.0,8.0,0.0,-0.0,33.0,-84.8,-90.0,-85.143,16.0,0.0,-4.201,44.0,-100.0,-100.0,-100.0,0.0,0.0,-0.0,32.0,9.756,9.756,9.756,0.0,0.0,-0.0,32.0,22.887,23.299,23.299,-16.0,1.0,-0.0,33.0
51.1052,1,rev,-90.0,12.2,5.169,5.4,5.4,-8.0,0.0,-0.0,36.0,-100.0,-100.0,-100.0,-8.0,0.0,-0.0,32.0,-99.858,-100.0,-100.0,8.0,0.0,-0.0,33.0,-85.2,-90.0,-85.408,16.0,0.0,-6.124,44.0,-100.0,-100.0,-100.0,0.0,0.0,-0.0,32.0,9.756,9.756,9.756,0.0,0.0,-0.0,32.0,22.887,23.299,23.299,-16.0,1.0,-0.0,33.0
51.1583,1,rev,-90.0,12.2,5.169,5.4,5.4,-8.0,0.0,-0.0,36.0,-100.0,-100.0,-100.0,-8.0,0.0,-0.0,32.0,-99.858,-100.0,-100.0,8.0,0.0,-0.0,33.0,-85.333,-90.0,-85.675,16.0,0.0,-4.496,44.0,-100.0,-100.0,-100.0,0.0,0.0,-0.0,32.0,9.756,9.756,9.756,0.0,0.0,-0.0,32.0,22.887,23.299,23.299,-16.0,1.0,-0.0,33.0
51.2112,1,rev,-90.0,12.2,5.169,5.4,5.4,-8.0,0.0,-0.0,36.0,-100.0,-100.0,-100.0,-8.0,0.0,-0.0,32.0,-99.858,-100.0,-100.0,8.0,0.0,-0.0,33.0,-85.6,-90.0,-85.942,16.0,0.0,-4.76,44.0,-100.0,-100.0,-100.0,0.0,0.0,-0.0,32.0,9.756,9.756,9.756,0.0,0.0,-0.0,32.0,22.887,23.299,23.299,-16.0,1.0,-0.0,33.0
51.2642,1,rev,-90.0,12.2,5.169,5.4,5.4,-8.0,0.0,-0.0,36.0,-100.0,-100.0,-100.0,-8.0,0.0,-0.0,32.0,-99.858,-100.0,-100.0,8.0,0.0,-0.0,33.0,-85.867,-90.0,-86.207,16.0,0.0,-4.892,44.0,-100.0,-100.0,-100.0,0.0,0.0,-0.0,32.0,9.756,9.756,9.756,0.0,0.0,-0.0,32.0,22.887,23.299,23.299,-16.0,1.0,-0.0,33.0
51.3182,1,rev,-90.0,12.2,5.169,5.4,5.4,-8.0,0.0,-0.0,36.0,-100.0,-100.0,-100.0,-8.0,0.0,-0.0,32.0,-99.858,-100.0,-100.0,8.0,0.0,-0.0,33.0,-86.133,-90.0,-86.511,24.0,1.0,-4.736,44.0,-100.0,-100.0,-100.0,0.0,0.0,-0.0,32.0,9.756,9.756,9.756,0.0,0.0,-0.0,32.0,22.887,23.299,23.299,-16.0,1.0,-0.0,33.0
51.3711,1,rev,-90.0,12.2,5.169,5.4,5.4,-8.0,0.0,-0.0,36.0,-100.0,-100.0,-100.0,-8.0,0.0,-0.0,32.0,-99.858,-100.0,-100.0,8.0,0.0,-0.0,33.0,-86.4,-90.0,-86.779,24.0,1.0,-5.306,44.0,-100.0,-100.0,-100.0,0.0,0.0,-0.0,32.0,9.756,9.756,9.756,0.0,0.0,-0.0,32.0,22.887,23.299,23.299,-16.0,1.0,-0.0,33.0
51.4237,1,rev,-90.0,12.2,5.169,5.4,5.4,-8.0,0.0,-0.0,36.0,-100.0,-100.0,-100.0,-8.0,0.0,-0.0,32.0,-99.858,-100.0,-100.0,8.0,0.0,-0.0,33.0,-86.667,-90.0,-87.046,24.0,1.0,-5.163,44.0,-100.0,-100.0,-100.0,0.0,0.0,-0.0,32.0,9.756,9.756,9.756,0.0,0.0,-0.0,32.0,22.887,23.299,23.299,-16.0,1.0,-0.0,33.0
51.4769,1,rev,-90.0,12.2,5.169,5.4,5.4,-8.0,0.0,-0.0,36.0,-100.0,-100.0,-100.0,-8.0,0.0,-0.0,32.0,-99.858,-100.0,-100.0,8.0,0.0,-0.0,33.0,-86.933,-90.0,-87.31,24.0,1.0,-5.092,44.0,-100.0,-100.0,-100.0,0.0,0.0,-0.0,32.0,9.756,9.756,9.756,0.0,0.0,-0.0,32.0,22.887,23.299,23.299,-16.0,1.0,-0.0,33.0
51.5299,1,rev,-90.0,12.2,5.169,5.4,5.4,-8.0,0.0,-0.0,36.0,-100.0,-100.0,-100.0,-8.0,0.0,-0.0,32.0,-99.858,-100.0,-100.0,8.0,0.0,-0.0,33.0,-87.2,-90.0,-87.577,24.0,1.0,-5.048,44.0,-100.0,-100.0,-100.0,0.0,0.0,-0.0,32.0,9.756,9.756,9.756,0.0,0.0,-0.0,32.0,22.887,23.299,23.299,-16.0,1.0,-0.0,33.0
51.5829,1,rev,-90.0,12.2,5.169,5.4,5.4,-8.0,0.0,-0.0,36.0,-100.0,-100.0,-100.0,-8.0,0.0,-0.0,32.0,-99.858,-100.0,-100.0,8.0,0.0,-0.0,33.0,-87.467,-90.0,-87.843,24.0,1.0,-5.016,44.0,-100.0,-100.0,-100.0,0.0,0.0,-0.0,32.0,9.756,9.756,9.756,0.0,0.0,-0.0,32.0,22.887,23.299,23.299,-16.0,1.0,-0.0,33.0
51.6357,1,rev,-90.0,12.2,5.169,5.4,5.4,-8.0,0.0,-0.0,36.0,-100.0,-100.0,-100.0,-8.0,0.0,-0.0,32.0,-99.858,-100.0,-100.0,8.0,0.0,-0.0,33.0,-87.6,-90.0,-88.11,24.0,1.0,-3.508,44.0,-100.0,-100.0,-100.0,0.0,0.0,-0.0,32.0,9.756,9.756,9.756,0.0,0.0,-0.0,32.0,22.887,23.299,23.299,-16.0,1.0,-0.0,33.0
51.6887,1,rev,-90.0,12.2,5.169,5.4,5.4,-8.0,0.0,-0.0,36.0,-100.0,-100.0,-100.0,-8.0,0.0,-0.0,32.0,-99.858,-100.0,-100.0,8.0,0.0,-0.0,33.0,-87.867,-90.0,-88.375,24.0,1.0,-5.481,44.0,-100.0,-100.0,-100.0,0.0,0.0,-0.0,32.0,9.756,9.756,9.756,0.0,0.0,-0.0,32.0,22.887,23.299,23.299,-16.0,1.0,-0.0,33.0
51.7414,1,rev,-90.0,12.2,5.169,5.4,5.4,-8.0,0.0,-0.0,36.0,-100.0,-100.0,-100.0,-8.0,0.0,-0.0,32.0,-99.858,-100.0,-100.0,8.0,0.0,-0.0,33.0,-88.133,-90.0,-88.662,24.0,1.0,-5.082,44.0,-100.0,-100.0,-100.0,0.0,0.0,-0.0,32.0,9.756,9.756,9.756,0.0,0.0,-0.0,32.0,22.887,23.299,23.299,-16.0,1.0,-0.0,33.0
51.7952,1,rev,-90.0,12.2,5.169,5.4,5.4,-8.0,0.0,-0.0,36.0,-100.0,-100.0,-100.0,-8.0,0.0,-0.0,32.0,-99.858,-100.0,-100.0,8.0,0.0,-0.0,33.0,-88.4,-90.0,-88.806,24.0,1.0,-4.881,44.0,-100.0,-100.0,-100.0,0.0,0.0,-0.0,32.0,9.756,9.756,9.756,0.0,0.0,-0.0,32.0,22.887,23.299,23.299,-16.0,1.0,-0.0,33.0
51.8492,1,rev,-90.0,12.2,5.169,5.4,5.4,-8.0,0.0,-0.0,36.0,-100.0,-100.0,-100.0,-8.0,0.0,-0.0,32.0,-99.858,-100.0,-100.0,8.0,0.0,-0.0,33.0,-88.8,-90.0,-89.092,24.0,1.0,-6.387,44.0,-99.931,-100.0,-100.0,0.0,0.0,0.503,32.0,9.756,9.756,9.756,0.0,0.0,-0.0,32.0,22.887,23.299,23.299,-16.0,1.0,-0.0,33.0
51.9026,1,rev,-90.0,12.2,5.169,5.4,5.4,-8.0,0.0,-0.0,36.0,-100.0,-100.0,-100.0,-8.0,0.0,-0.0,32.0,-99.858,-100.0,-100.0,8.0,0.0,-0.0,33.0,-88.933,-90.0,-89.391,24.0,1.0,-5.133,44.0,-100.0,-100.0,-100.0,8.0,0.0,0.008,31.0,9.756,9.756,9.756,0.0,0.0,-0.0,32.0,22.887,23.299,23.299,-16.0,1.0,-0.0,33.0
51.956,1,rev,-90.0,12.2,5.169,5.4,5.4,-8.0,0.0,-0.0,36.0,-100.0,-100.0,-100.0,-8.0,0.0,-0.0,32.0,-99.858,-100.0,-100.0,8.0,0.0,-0.0,33.0,-89.2,-90.0,-89.659,24.0,1.0,-5.049,44.0,-100.0,-100.0,-100.0,8.0,0.0,0.004,31.0,9.756,9.756,9.756,0.0,0.0,-0.0,32.0,22.887,23.299,23.299,-16.0,1.0,-0.0,33.0
52.0084,1,rev,-90.0,12.2,5.169,5.4,5.4,-8.0,0.0,-0.0,36.0,-100.0,-100.0,-100.0,-8.0,0.0,-0.0,32.0,-99.858,-100.0,-100.0,8.0,0.0,-0.0,33.0,-89.467,-90.0,-89.928,24.0,1.0,-4.556,44.0,-100.0,-100.0,-100.0,8.0,0.0,0.002,31.0,9.756,9.756,9.756,0.0,0.0,-0.0,32.0,22.887,23.299,23.299,-16.0,1.0,-0.0,33.0
52.0617,1,hold_start,-90.0,12.2,5.169,5.4,5.4,-8.0,0.0,-0.0,36.0,-100.0,-100.0,-100.0,-8.0,0.0,-0.0,32.0,-99.858,-100.0,-100.0,8.0,0.0,-0.0,33.0,-89.733,-90.0,-90.0,24.0,1.0,-4.769,44.0,-100.0,-100.0,-100.0,8.0,0.0,0.001,31.0,9.756,9.756,9.756,0.0,0.0,-0.0,32.0,22.887,23.299,23.299,-16.0,1.0,-0.0,33.0
52.1151,1,hold_start,-90.0,12.2,5.169,5.4,5.4,-8.0,0.0,-0.0,36.0,-100.0,-100.0,-100.0,-8.0,0.0,-0.0,32.0,-99.858,-100.0,-100.0,8.0,0.0,-0.0,33.0,-89.733,-90.0,-90.0,24.0,1.0,-2.337,44.0,-100.0,-100.0,-100.0,8.0,0.0,0.0,31.0,9.756,9.756,9.756,0.0,0.0,-0.0,32.0,22.887,23.299,23.299,-16.0,1.0,-0.0,33.0
52.1675,1,hold_start,-90.0,12.2,5.169,5.4,5.4,-8.0,0.0,-0.0,36.0,-100.0,-100.0,-100.0,-8.0,0.0,-0.0,32.0,-99.858,-100.0,-100.0,8.0,0.0,-0.0,33.0,-89.733,-90.0,-90.0,24.0,1.0,-1.145,44.0,-100.0,-100.0,-100.0,8.0,0.0,0.0,31.0,9.756,9.756,9.756,0.0,0.0,-0.0,32.0,22.887,23.299,23.299,-16.0,1.0,-0.0,33.0
52.221,1,hold_start,-90.0,12.2,5.169,5.4,5.4,-8.0,0.0,-0.0,36.0,-100.0,-100.0,-100.0,-8.0,0.0,-0.0,32.0,-99.858,-100.0,-100.0,8.0,0.0,-0.0,33.0,-89.733,-90.0,-90.0,24.0,1.0,-0.561,44.0,-100.0,-100.0,-100.0,8.0,0.0,0.0,31.0,9.756,9.756,9.756,0.0,0.0,-0.0,32.0,22.887,23.299,23.299,-16.0,1.0,-0.0,33.0
52.2741,1,hold_start,-90.0,12.2,5.169,5.4,5.4,-8.0,0.0,-0.0,36.0,-100.0,-100.0,-100.0,-8.0,0.0,-0.0,32.0,-99.858,-100.0,-100.0,8.0,0.0,-0.0,33.0,-89.733,-90.0,-90.0,24.0,1.0,-0.275,44.0,-100.0,-100.0,-100.0,8.0,0.0,0.0,31.0,9.756,9.756,9.756,0.0,0.0,-0.0,32.0,22.887,23.299,23.299,-16.0,1.0,-0.0,33.0
52.3279,1,hold_start,-90.0,12.2,5.169,5.4,5.4,-8.0,0.0,-0.0,36.0,-100.0,-100.0,-100.0,-8.0,0.0,-0.0,32.0,-99.858,-100.0,-100.0,8.0,0.0,-0.0,33.0,-89.733,-90.0,-90.0,24.0,1.0,-0.135,44.0,-100.0,-100.0,-100.0,8.0,0.0,0.0,31.0,9.756,9.756,9.756,0.0,0.0,-0.0,32.0,22.887,23.299,23.299,-16.0,1.0,-0.0,33.0
52.3811,1,hold_start,-90.0,12.2,5.169,5.4,5.4,-8.0,0.0,-0.0,36.0,-100.0,-100.0,-100.0,-8.0,0.0,-0.0,32.0,-99.858,-100.0,-100.0,8.0,0.0,-0.0,33.0,-89.733,-90.0,-90.0,24.0,1.0,-0.066,44.0,-100.0,-100.0,-100.0,8.0,0.0,0.0,31.0,9.756,9.756,9.756,0.0,0.0,-0.0,32.0,22.887,23.299,23.299,-16.0,1.0,-0.0,33.0
52.4339,1,hold_start,-90.0,12.2,5.169,5.4,5.4,-8.0,0.0,-0.0,36.0,-100.0,-100.0,-100.0,-8.0,0.0,-0.0,32.0,-99.858,-100.0,-100.0,8.0,0.0,-0.0,33.0,-89.733,-90.0,-90.0,16.0,0.0,-0.046,44.0,-100.0,-100.0,-100.0,0.0,0.0,0.0,32.0,9.756,9.756,9.756,0.0,0.0,-0.0,32.0,22.887,23.299,23.299,-16.0,1.0,-0.0,33.0
52.4872,1,hold_start,-90.0,12.2,5.169,5.4,5.4,-8.0,0.0,-0.0,36.0,-100.0,-100.0,-100.0,-8.0,0.0,-0.0,32.0,-99.858,-100.0,-100.0,8.0,0.0,-0.0,33.0,-89.733,-90.0,-90.0,16.0,0.0,-0.032,44.0,-100.0,-100.0,-100.0,0.0,0.0,0.0,32.0,9.756,9.756,9.756,0.0,0.0,-0.0,32.0,22.887,23.299,23.299,-16.0,1.0,-0.0,33.0
52.5407,1,hold_start,-90.0,12.2,5.169,5.4,5.4,-8.0,0.0,-0.0,36.0,-100.0,-100.0,-100.0,-8.0,0.0,-0.0,32.0,-99.858,-100.0,-100.0,8.0,0.0,-0.0,33.0,-89.733,-90.0,-90.0,16.0,0.0,-0.016,44.0,-100.0,-100.0,-100.0,0.0,0.0,0.0,32.0,9.756,9.756,9.756,0.0,0.0,-0.0,32.0,22.887,23.299,23.299,-16.0,1.0,-0.0,33.0
52.594,1,hold_start,-90.0,12.2,5.169,5.4,5.4,-8.0,0.0,-0.0,36.0,-100.0,-100.0,-100.0,-8.0,0.0,-0.0,32.0,-99.858,-100.0,-100.0,8.0,0.0,-0.0,33.0,-89.733,-90.0,-90.0,16.0,0.0,-0.008,44.0,-100.0,-100.0,-100.0,0.0,0.0,0.0,32.0,9.756,9.756,9.756,0.0,0.0,-0.0,32.0,22.887,23.299,23.299,-16.0,1.0,-0.0,33.0
52.6477,1,hold_start,-90.0,12.2,5.169,5.4,5.4,-8.0,0.0,-0.0,36.0,-100.0,-100.0,-100.0,-8.0,0.0,-0.0,32.0,-99.858,-100.0,-100.0,8.0,0.0,-0.0,33.0,-89.733,-90.0,-90.0,16.0,0.0,-0.004,44.0,-100.0,-100.0,-100.0,0.0,0.0,0.0,32.0,9.756,9.756,9.756,0.0,0.0,-0.0,32.0,22.887,23.299,23.299,-16.0,1.0,-0.0,33.0
52.7004,1,hold_start,-90.0,12.2,5.169,5.4,5.4,-8.0,0.0,-0.0,36.0,-100.0,-100.0,-100.0,-8.0,0.0,-0.0,32.0,-99.858,-100.0,-100.0,8.0,0.0,-0.0,33.0,-89.733,-90.0,-90.0,16.0,0.0,-0.002,44.0,-100.0,-100.0,-100.0,0.0,0.0,0.0,32.0,9.756,9.756,9.756,0.0,0.0,-0.0,32.0,22.887,23.299,23.299,-16.0,1.0,-0.0,33.0
52.7538,1,hold_start,-90.0,12.2,5.169,5.4,5.4,-8.0,0.0,-0.0,36.0,-100.0,-100.0,-100.0,-8.0,0.0,-0.0,32.0,-99.858,-100.0,-100.0,8.0,0.0,-0.0,33.0,-89.733,-90.0,-90.0,16.0,0.0,-0.001,44.0,-100.0,-100.0,-100.0,0.0,0.0,0.0,32.0,9.756,9.756,9.756,0.0,0.0,-0.0,32.0,23.093,23.299,23.299,-16.0,1.0,2.32,33.0
52.8073,1,hold_start,-90.0,12.2,5.169,5.4,5.4,-8.0,0.0,-0.0,36.0,-100.0,-100.0,-100.0,-8.0,0.0,-0.0,32.0,-99.858,-100.0,-100.0,8.0,0.0,-0.0,33.0,-89.733,-90.0,-90.0,16.0,0.0,-0.0,44.0,-100.0,-100.0,-100.0,0.0,0.0,0.0,32.0,9.756,9.756,9.756,0.0,0.0,-0.0,32.0,23.093,23.299,23.299,-16.0,1.0,1.137,33.0
52.8606,1,hold_start,-90.0,12.2,5.169,5.4,5.4,-8.0,0.0,-0.0,36.0,-100.0,-100.0,-100.0,-8.0,0.0,-0.0,32.0,-99.858,-100.0,-100.0,8.0,0.0,-0.0,33.0,-89.733,-90.0,-90.0,16.0,0.0,-0.0,44.0,-100.0,-100.0,-100.0,0.0,0.0,0.0,32.0,9.756,9.756,9.756,0.0,0.0,-0.0,32.0,23.093,23.299,23.299,-16.0,1.0,0.557,33.0
52.9138,1,hold_start,-90.0,12.2,5.169,5.4,5.4,-8.0,0.0,-0.0,36.0,-100.0,-100.0,-100.0,-8.0,0.0,-0.0,32.0,-99.858,-100.0,-100.0,8.0,0.0,-0.0,33.0,-89.733,-90.0,-90.0,16.0,0.0,-0.0,44.0,-100.0,-100.0,-100.0,0.0,0.0,0.0,32.0,9.756,9.756,9.756,0.0,0.0,-0.0,32.0,23.093,23.299,23.299,-16.0,1.0,0.273,33.0
52.9665,1,hold_start,-90.0,12.2,5.169,5.4,5.4,-8.0,0.0,-0.0,36.0,-100.0,-100.0,-100.0,-8.0,0.0,-0.0,32.0,-99.858,-100.0,-100.0,8.0,0.0,-0.0,33.0,-89.733,-90.0,-90.0,16.0,0.0,-0.0,44.0,-100.0,-100.0,-100.0,0.0,0.0,0.0,32.0,9.756,9.756,9.756,0.0,0.0,-0.0,32.0,23.093,23.299,23.299,-16.0,1.0,0.134,33.0
53.0202,1,hold_start,-90.0,12.2,5.169,5.4,5.4,-8.0,0.0,-0.0,36.0,-100.0,-100.0,-100.0,-8.0,0.0,-0.0,32.0,-99.858,-100.0,-100.0,8.0,0.0,-0.0,33.0,-89.733,-90.0,-90.0,16.0,0.0,-0.0,44.0,-100.0,-100.0,-100.0,0.0,0.0,0.0,31.0,9.756,9.756,9.756,0.0,0.0,-0.0,32.0,23.093,23.299,23.299,-8.0,0.0,0.094,33.0
