t,cycle,leg,target,volt,shoulder_pitch_q,shoulder_pitch_cmd,shoulder_pitch_out,shoulder_pitch_i,shoulder_pitch_cur,shoulder_pitch_qd,shoulder_pitch_temp,shoulder_yaw_q,shoulder_yaw_cmd,shoulder_yaw_out,shoulder_yaw_i,shoulder_yaw_cur,shoulder_yaw_qd,shoulder_yaw_temp,shoulder_roll_q,shoulder_roll_cmd,shoulder_roll_out,shoulder_roll_i,shoulder_roll_cur,shoulder_roll_qd,shoulder_roll_temp,elbow_flex_q,elbow_flex_cmd,elbow_flex_out,elbow_flex_i,elbow_flex_cur,elbow_flex_qd,elbow_flex_temp,wrist_roll_q,wrist_roll_cmd,wrist_roll_out,wrist_roll_i,wrist_roll_cur,wrist_roll_qd,wrist_roll_temp,wrist_yaw_q,wrist_yaw_cmd,wrist_yaw_out,wrist_yaw_i,wrist_yaw_cur,wrist_yaw_qd,wrist_yaw_temp,wrist_pitch_q,wrist_pitch_cmd,wrist_pitch_out,wrist_pitch_i,wrist_pitch_cur,wrist_pitch_qd,wrist_pitch_temp
-0.0049,0,approach,-9.6,12.0,5.438,5.3,5.3,8.0,0.0,0.0,32.0,-100.0,-100.0,-100.0,0.0,0.0,0.0,32.0,-100.0,-100.0,-100.0,0.0,0.0,-0.0,32.0,-93.2,-93.2,-93.2,0.0,0.0,0.0,33.0,-95.017,-95.017,-95.017,0.0,0.0,0.0,32.0,-70.244,-70.244,-70.244,0.0,1.0,0.0,37.0,-32.99,-33.196,-33.196,8.0,0.0,0.0,35.0
0.0483,0,approach,-9.6,12.0,5.438,-9.6,5.182,8.0,0.0,0.0,32.0,-100.0,-100.0,-100.0,0.0,0.0,0.0,32.0,-100.0,-100.0,-100.0,0.0,0.0,-0.0,32.0,-93.2,-93.2,-93.2,0.0,0.0,0.0,33.0,-95.017,-95.017,-95.017,0.0,0.0,0.0,32.0,-70.244,-70.244,-70.244,0.0,1.0,0.0,37.0,-32.99,-33.196,-33.196,8.0,0.0,0.0,35.0
0.1021,0,approach,-9.6,12.0,5.438,-9.6,4.958,8.0,0.0,0.0,32.0,-100.0,-100.0,-100.0,0.0,0.0,0.0,32.0,-100.0,-100.0,-100.0,0.0,0.0,-0.0,32.0,-93.2,-93.2,-93.2,0.0,0.0,0.0,33.0,-95.017,-95.017,-95.017,0.0,0.0,0.0,32.0,-70.244,-70.244,-70.244,0.0,1.0,0.0,37.0,-32.99,-33.196,-33.196,8.0,0.0,0.0,35.0
0.1541,0,approach,-9.6,12.0,5.169,-9.6,4.745,8.0,0.0,-2.743,32.0,-100.0,-100.0,-100.0,0.0,0.0,0.0,32.0,-100.0,-100.0,-100.0,0.0,0.0,-0.0,32.0,-93.2,-93.2,-93.2,0.0,0.0,0.0,33.0,-95.017,-95.017,-95.017,0.0,0.0,0.0,32.0,-70.244,-70.244,-70.244,0.0,1.0,0.0,37.0,-32.99,-33.196,-33.196,8.0,0.0,0.0,35.0
0.2062,0,approach,-9.6,12.0,4.899,-9.6,4.533,8.0,0.0,-3.773,32.0,-100.0,-100.0,-100.0,0.0,0.0,0.0,32.0,-100.0,-100.0,-100.0,0.0,0.0,-0.0,32.0,-93.2,-93.2,-93.2,0.0,0.0,0.0,33.0,-95.017,-95.017,-95.017,0.0,0.0,0.0,32.0,-70.244,-70.244,-70.244,0.0,1.0,0.0,37.0,-32.99,-33.196,-33.196,8.0,0.0,0.0,35.0
0.2577,0,approach,-9.6,12.0,4.719,-9.6,4.319,8.0,0.0,-3.569,32.0,-100.0,-100.0,-100.0,0.0,0.0,0.0,32.0,-100.0,-100.0,-100.0,0.0,0.0,-0.0,32.0,-93.2,-93.2,-93.2,0.0,0.0,0.0,33.0,-95.017,-95.017,-95.017,0.0,0.0,0.0,32.0,-70.244,-70.244,-70.244,0.0,1.0,0.0,37.0,-32.99,-33.196,-33.196,8.0,0.0,0.0,35.0
0.3111,0,approach,-9.6,12.0,4.539,-9.6,4.105,8.0,0.0,-3.464,32.0,-100.0,-100.0,-100.0,0.0,0.0,0.0,32.0,-100.0,-100.0,-100.0,0.0,0.0,-0.0,32.0,-93.2,-93.2,-93.2,0.0,0.0,0.0,33.0,-95.017,-95.017,-95.017,0.0,0.0,0.0,32.0,-70.244,-70.244,-70.244,0.0,1.0,0.0,37.0,-32.99,-33.196,-33.196,8.0,0.0,0.0,35.0
0.3631,0,approach,-9.6,12.0,4.27,-9.6,3.893,8.0,0.0,-4.127,32.0,-100.0,-100.0,-100.0,0.0,0.0,0.0,32.0,-100.0,-100.0,-100.0,0.0,0.0,-0.0,32.0,-93.2,-93.2,-93.2,0.0,0.0,0.0,33.0,-95.017,-95.017,-95.017,0.0,0.0,0.0,32.0,-70.244,-70.244,-70.244,0.0,1.0,0.0,37.0,-32.99,-33.196,-33.196,8.0,0.0,0.0,35.0
0.4158,0,approach,-9.6,12.0,4.0,-9.6,3.679,8.0,0.0,-4.441,32.0,-100.0,-100.0,-100.0,0.0,0.0,0.0,32.0,-100.0,-100.0,-100.0,0.0,0.0,-0.0,32.0,-93.2,-93.2,-93.2,0.0,0.0,0.0,33.0,-95.017,-95.017,-95.017,0.0,0.0,0.0,32.0,-70.244,-70.244,-70.244,0.0,1.0,0.0,37.0,-32.99,-33.196,-33.196,8.0,0.0,0.0,35.0
0.4688,0,approach,-9.6,12.0,3.91,-9.6,3.465,8.0,0.0,-3.182,32.0,-100.0,-100.0,-100.0,0.0,0.0,0.0,32.0,-100.0,-100.0,-100.0,0.0,0.0,-0.0,32.0,-93.2,-93.2,-93.2,0.0,0.0,0.0,33.0,-95.017,-95.017,-95.017,0.0,0.0,0.0,32.0,-70.244,-70.244,-70.244,0.0,1.0,0.0,37.0,-32.99,-33.196,-33.196,8.0,0.0,0.0,35.0
0.5221,0,approach,-9.6,12.0,3.82,-9.6,3.357,24.0,0.0,-3.233,32.0,-100.0,-100.0,-100.0,0.0,0.0,0.0,32.0,-100.0,-100.0,-100.0,0.0,0.0,-0.0,32.0,-93.2,-93.2,-93.2,0.0,0.0,0.0,33.0,-95.017,-95.017,-95.017,0.0,0.0,0.0,32.0,-70.244,-70.244,-70.244,0.0,0.0,0.0,37.0,-32.99,-33.196,-33.196,8.0,0.0,0.0,35.0
0.5755,0,approach,-9.6,12.0,3.461,-9.6,3.016,24.0,0.0,-3.547,32.0,-100.0,-100.0,-100.0,0.0,0.0,0.0,32.0,-100.0,-100.0,-100.0,0.0,0.0,-0.0,32.0,-93.2,-93.2,-93.2,0.0,0.0,0.0,33.0,-95.017,-95.017,-95.017,0.0,0.0,0.0,32.0,-70.244,-70.244,-70.244,0.0,0.0,0.0,37.0,-32.99,-33.196,-33.196,8.0,0.0,0.0,35.0
0.6289,0,approach,-9.6,12.0,3.281,-9.6,2.8,24.0,0.0,-3.45,32.0,-100.0,-100.0,-100.0,0.0,0.0,0.0,32.0,-100.0,-100.0,-100.0,0.0,0.0,-0.0,32.0,-93.2,-93.2,-93.2,0.0,0.0,0.0,33.0,-95.017,-95.017,-95.017,0.0,0.0,0.0,32.0,-70.244,-70.244,-70.244,0.0,0.0,0.0,37.0,-32.99,-33.196,-33.196,8.0,0.0,0.0,35.0
0.6823,0,approach,-9.6,12.0,3.191,-9.6,2.586,24.0,0.0,-2.394,32.0,-100.0,-100.0,-100.0,0.0,0.0,0.0,32.0,-100.0,-100.0,-100.0,0.0,0.0,-0.0,32.0,-93.2,-93.2,-93.2,0.0,0.0,0.0,33.0,-95.017,-95.017,-95.017,0.0,0.0,0.0,32.0,-70.244,-70.244,-70.244,0.0,0.0,0.0,37.0,-32.99,-33.196,-33.196,8.0,0.0,0.0,35.0
0.7354,0,approach,-9.6,12.0,2.921,-9.6,2.373,24.0,0.0,-3.578,32.0,-100.0,-100.0,-100.0,0.0,0.0,0.0,32.0,-100.0,-100.0,-100.0,0.0,0.0,-0.0,32.0,-93.2,-93.2,-93.2,0.0,0.0,0.0,33.0,-95.017,-95.017,-95.017,0.0,0.0,0.0,32.0,-70.244,-70.244,-70.244,0.0,0.0,0.0,37.0,-32.99,-33.196,-33.196,8.0,0.0,0.0,35.0
0.7892,0,approach,-9.6,12.0,2.562,-9.6,2.157,24.0,0.0,-5.182,32.0,-100.0,-100.0,-100.0,0.0,0.0,0.0,32.0,-100.0,-100.0,-100.0,0.0,0.0,-0.0,32.0,-93.2,-93.2,-93.2,0.0,0.0,0.0,33.0,-95.017,-95.017,-95.017,0.0,0.0,0.0,32.0,-70.244,-70.244,-70.244,0.0,0.0,0.0,37.0,-32.99,-33.196,-33.196,8.0,0.0,0.0,35.0
0.8419,0,approach,-9.6,12.0,2.472,-9.6,1.943,24.0,0.0,-3.552,32.0,-100.0,-100.0,-100.0,0.0,0.0,0.0,32.0,-100.0,-100.0,-100.0,0.0,0.0,-0.0,32.0,-93.2,-93.2,-93.2,0.0,0.0,0.0,33.0,-95.017,-95.017,-95.017,0.0,0.0,0.0,32.0,-70.244,-70.244,-70.244,0.0,0.0,0.0,37.0,-32.99,-33.196,-33.196,8.0,0.0,0.0,35.0
0.8941,0,approach,-9.6,12.0,2.112,-9.6,1.731,24.0,0.0,-5.189,32.0,-100.0,-100.0,-100.0,0.0,0.0,0.0,32.0,-100.0,-100.0,-100.0,0.0,0.0,-0.0,32.0,-93.2,-93.2,-93.2,0.0,0.0,0.0,33.0,-95.017,-95.017,-95.017,0.0,0.0,0.0,32.0,-70.244,-70.244,-70.244,0.0,0.0,0.0,37.0,-32.99,-33.196,-33.196,8.0,0.0,0.0,35.0
0.9461,0,approach,-9.6,12.0,1.933,-9.6,1.517,24.0,0.0,-4.249,32.0,-100.0,-100.0,-100.0,0.0,0.0,0.0,32.0,-100.0,-100.0,-100.0,0.0,0.0,-0.0,32.0,-93.2,-93.2,-93.2,0.0,0.0,0.0,33.0,-95.017,-95.017,-95.017,0.0,0.0,0.0,32.0,-70.244,-70.244,-70.244,0.0,0.0,0.0,37.0,-32.99,-33.196,-33.196,8.0,0.0,0.0,35.0
0.9997,0,approach,-9.6,12.0,1.843,-9.6,1.301,24.0,0.0,-2.788,32.0,-100.0,-100.0,-100.0,0.0,0.0,0.0,32.0,-100.0,-100.0,-100.0,0.0,0.0,-0.0,32.0,-93.2,-93.2,-93.2,0.0,0.0,0.0,33.0,-95.017,-95.017,-95.017,0.0,0.0,0.0,32.0,-70.244,-70.244,-70.244,0.0,0.0,0.0,37.0,-32.99,-33.196,-33.196,8.0,0.0,0.0,35.0
1.0528,0,approach,-9.6,12.0,1.753,-9.6,1.087,24.0,0.0,-2.075,32.0,-100.0,-100.0,-100.0,0.0,0.0,0.0,32.0,-100.0,-100.0,-100.0,0.0,0.0,-0.0,32.0,-93.2,-93.2,-93.2,0.0,0.0,0.0,33.0,-95.017,-95.017,-95.017,0.0,0.0,0.0,32.0,-70.244,-70.244,-70.244,0.0,0.0,0.0,37.0,-32.99,-33.196,-33.196,8.0,0.0,0.0,35.0
1.1052,0,approach,-9.6,12.0,1.753,-9.6,0.856,48.0,1.0,-2.075,32.0,-100.0,-100.0,-100.0,0.0,0.0,0.0,32.0,-100.0,-100.0,-100.0,0.0,0.0,-0.0,32.0,-93.2,-93.2,-93.2,0.0,0.0,0.0,33.0,-95.017,-95.017,-95.017,0.0,0.0,0.0,32.0,-70.244,-70.244,-70.244,0.0,0.0,0.0,37.0,-32.99,-33.196,-33.196,8.0,0.0,0.0,35.0
1.1587,0,approach,-9.6,12.0,1.303,-9.6,0.744,48.0,1.0,-3.299,32.0,-100.0,-100.0,-100.0,0.0,0.0,0.0,32.0,-100.0,-100.0,-100.0,0.0,0.0,-0.0,32.0,-93.2,-93.2,-93.2,0.0,0.0,0.0,33.0,-95.017,-95.017,-95.017,0.0,0.0,0.0,32.0,-70.244,-70.244,-70.244,0.0,0.0,0.0,37.0,-32.99,-33.196,-33.196,8.0,0.0,0.0,35.0
1.2111,0,approach,-9.6,12.0,1.124,-9.6,0.518,48.0,1.0,-2.889,32.0,-100.0,-100.0,-100.0,0.0,0.0,0.0,32.0,-100.0,-100.0,-100.0,0.0,0.0,-0.0,32.0,-93.2,-93.2,-93.2,0.0,0.0,0.0,33.0,-95.017,-95.017,-95.017,0.0,0.0,0.0,32.0,-70.244,-70.244,-70.244,0.0,0.0,0.0,37.0,-32.99,-33.196,-33.196,8.0,0.0,0.0,35.0
1.2625,0,approach,-9.6,12.0,0.854,-9.6,0.305,48.0,1.0,-4.13,32.0,-100.0,-100.0,-100.0,0.0,0.0,0.0,32.0,-100.0,-100.0,-100.0,0.0,0.0,-0.0,32.0,-93.2,-93.2,-93.2,0.0,0.0,0.0,33.0,-95.017,-95.017,-95.017,0.0,0.0,0.0,32.0,-70.244,-70.244,-70.244,0.0,0.0,0.0,37.0,-32.99,-33.196,-33.196,8.0,0.0,0.0,35.0
1.3158,0,approach,-9.6,12.0,0.584,-9.6,0.091,48.0,1.0,-4.446,32.0,-100.0,-100.0,-100.0,0.0,0.0,0.0,32.0,-100.0,-100.0,-100.0,0.0,0.0,-0.0,32.0,-93.2,-93.2,-93.2,0.0,0.0,0.0,33.0,-95.017,-95.017,-95.017,0.0,0.0,0.0,32.0,-70.244,-70.244,-70.244,0.0,0.0,0.0,37.0,-32.99,-33.196,-33.196,8.0,0.0,0.0,35.0
1.3681,0,approach,-9.6,12.0,0.404,-9.6,-0.125,48.0,1.0,-3.887,32.0,-100.0,-100.0,-100.0,0.0,0.0,0.0,32.0,-100.0,-100.0,-100.0,0.0,0.0,-0.0,32.0,-93.2,-93.2,-93.2,0.0,0.0,0.0,33.0,-95.017,-95.017,-95.017,0.0,0.0,0.0,32.0,-70.244,-70.244,-70.244,0.0,0.0,0.0,37.0,-32.99,-33.196,-33.196,8.0,0.0,0.0,35.0
1.421,0,approach,-9.6,12.0,0.315,-9.6,-0.338,48.0,1.0,-2.611,32.0,-100.0,-100.0,-100.0,0.0,0.0,0.0,32.0,-100.0,-100.0,-100.0,0.0,0.0,-0.0,32.0,-93.2,-93.2,-93.2,0.0,0.0,0.0,33.0,-95.017,-95.017,-95.017,0.0,0.0,0.0,32.0,-70.244,-70.244,-70.244,0.0,0.0,0.0,37.0,-32.99,-33.196,-33.196,8.0,0.0,0.0,35.0
1.4729,0,approach,-9.6,12.0,0.045,-9.6,-0.552,48.0,1.0,-4.022,32.0,-100.0,-100.0,-100.0,0.0,0.0,0.0,32.0,-100.0,-100.0,-100.0,0.0,0.0,-0.0,32.0,-93.2,-93.2,-93.2,0.0,0.0,0.0,33.0,-95.017,-95.017,-95.017,0.0,0.0,0.0,32.0,-70.244,-70.244,-70.244,0.0,0.0,0.0,37.0,-32.99,-33.196,-33.196,8.0,0.0,0.0,35.0
1.5251,0,approach,-9.6,12.0,-0.225,-9.6,-0.766,48.0,1.0,-4.639,32.0,-100.0,-100.0,-100.0,0.0,0.0,0.0,32.0,-100.0,-100.0,-100.0,0.0,0.0,-0.0,32.0,-93.2,-93.2,-93.2,0.0,0.0,0.0,33.0,-95.017,-95.017,-95.017,0.0,0.0,0.0,32.0,-70.244,-70.244,-70.244,0.0,0.0,0.0,37.0,-32.99,-33.196,-33.196,8.0,0.0,0.0,35.0
1.5775,0,approach,-9.6,12.0,-0.404,-9.6,-0.982,48.0,1.0,-3.984,32.0,-100.0,-100.0,-100.0,0.0,0.0,0.0,32.0,-100.0,-100.0,-100.0,0.0,0.0,-0.0,32.0,-93.2,-93.2,-93.2,0.0,0.0,0.0,33.0,-95.017,-95.017,-95.017,0.0,0.0,0.0,32.0,-70.244,-70.244,-70.244,0.0,0.0,0.0,37.0,-32.99,-33.196,-33.196,8.0,0.0,0.0,35.0
1.6304,0,approach,-9.6,12.0,-0.674,-9.6,-1.198,48.0,1.0,-4.652,32.0,-100.0,-100.0,-100.0,0.0,0.0,0.0,32.0,-100.0,-100.0,-100.0,0.0,0.0,-0.0,32.0,-93.2,-93.2,-93.2,0.0,0.0,0.0,33.0,-95.017,-95.017,-95.017,0.0,0.0,0.0,32.0,-69.756,-70.244,-70.244,0.0,0.0,5.445,37.0,-32.99,-33.196,-33.196,8.0,0.0,0.0,35.0
1.6838,0,approach,-9.6,11.9,-0.854,-9.6,-1.436,36.0,1.0,-4.164,32.0,-100.0,-100.0,-100.0,0.0,0.0,0.0,32.0,-100.0,-100.0,-100.0,0.0,0.0,-0.0,32.0,-93.2,-93.2,-93.2,0.0,0.0,0.0,33.0,-95.017,-95.017,-95.017,0.0,0.0,0.0,32.0,-69.756,-70.244,-70.244,8.0,0.0,3.811,37.0,-32.99,-33.196,-33.196,8.0,0.0,0.0,35.0
1.7371,0,approach,-9.6,11.9,-0.854,-9.6,-1.651,36.0,1.0,-2.915,32.0,-100.0,-100.0,-100.0,0.0,0.0,0.0,32.0,-100.0,-100.0,-100.0,0.0,0.0,-0.0,32.0,-93.2,-93.2,-93.2,0.0,0.0,0.0,33.0,-95.017,-95.017,-95.017,0.0,0.0,0.0,32.0,-69.756,-70.244,-70.244,8.0,0.0,2.668,37.0,-32.99,-33.196,-33.196,8.0,0.0,0.0,35.0
1.7914,0,approach,-9.6,11.9,-1.034,-9.6,-1.866,36.0,1.0,-3.135,32.0,-100.0,-100.0,-100.0,0.0,0.0,0.0,32.0,-100.0,-100.0,-100.0,0.0,0.0,-0.0,32.0,-93.2,-93.2,-93.2,0.0,0.0,0.0,33.0,-95.017,-95.017,-95.017,0.0,0.0,0.0,32.0,-69.756,-70.244,-70.244,8.0,0.0,1.307,37.0,-32.99,-33.196,-33.196,8.0,0.0,0.0,35.0
1.8448,0,approach,-9.6,11.9,-1.213,-9.6,-2.097,36.0,1.0,-3.152,32.0,-100.0,-100.0,-100.0,0.0,0.0,0.0,32.0,-100.0,-100.0,-100.0,0.0,0.0,-0.0,32.0,-93.2,-93.2,-93.2,0.0,0.0,0.0,33.0,-95.017,-95.017,-95.017,0.0,0.0,0.0,32.0,-69.756,-70.244,-70.244,8.0,0.0,0.641,37.0,-32.99,-33.196,-33.196,8.0,0.0,0.0,35.0
1.8973,0,approach,-9.6,11.9,-1.483,-9.6,-2.214,36.0,1.0,-4.178,32.0,-100.0,-100.0,-100.0,0.0,0.0,0.0,32.0,-100.0,-100.0,-100.0,0.0,0.0,-0.0,32.0,-93.2,-93.2,-93.2,0.0,0.0,0.0,33.0,-95.017,-95.017,-95.017,0.0,0.0,0.0,32.0,-69.756,-70.244,-70.244,8.0,0.0,0.314,37.0,-32.99,-33.196,-33.196,8.0,0.0,0.0,35.0
1.9506,0,approach,-9.6,11.9,-1.753,-9.6,-2.437,36.0,1.0,-4.374,32.0,-100.0,-100.0,-100.0,0.0,0.0,0.0,32.0,-100.0,-100.0,-100.0,0.0,0.0,-0.0,32.0,-93.2,-93.2,-93.2,0.0,0.0,0.0,33.0,-95.017,-95.017,-95.017,0.0,0.0,0.0,32.0,-69.756,-70.244,-70.244,8.0,0.0,0.154,37.0,-32.99,-33.196,-33.196,8.0,0.0,0.0,35.0
2.0037,0,approach,-9.6,11.9,-1.933,-9.6,-2.65,36.0,1.0,-3.866,32.0,-100.0,-100.0,-100.0,0.0,0.0,0.0,32.0,-100.0,-100.0,-100.0,0.0,0.0,-0.0,32.0,-93.2,-93.2,-93.2,0.0,0.0,0.0,33.0,-95.017,-95.017,-95.017,0.0,0.0,0.0,32.0,-70.244,-70.244,-70.244,8.0,0.0,-5.412,37.0,-32.99,-33.196,-33.196,8.0,0.0,0.0,35.0
2.057,0,approach,-9.6,11.9,-2.292,-9.6,-2.863,36.0,1.0,-5.344,32.0,-100.0,-100.0,-100.0,0.0,0.0,0.0,32.0,-100.0,-100.0,-100.0,0.0,0.0,-0.0,32.0,-93.2,-93.2,-93.2,0.0,0.0,0.0,33.0,-95.017,-95.017,-95.017,0.0,0.0,0.0,32.0,-70.244,-70.244,-70.244,8.0,0.0,-2.652,37.0,-32.99,-33.196,-33.196,8.0,0.0,0.0,35.0
2.1091,0,approach,-9.6,11.9,-2.472,-9.6,-3.076,36.0,1.0,-4.328,32.0,-100.0,-100.0,-100.0,0.0,0.0,0.0,32.0,-100.0,-100.0,-100.0,0.0,0.0,-0.0,32.0,-93.2,-93.2,-93.2,0.0,0.0,0.0,33.0,-95.017,-95.017,-95.017,0.0,0.0,0.0,32.0,-70.244,-70.244,-70.244,8.0,0.0,-1.299,37.0,-32.99,-33.196,-33.196,8.0,0.0,0.0,35.0
2.1617,0,approach,-9.6,11.9,-2.562,-9.6,-3.29,36.0,1.0,-2.832,32.0,-100.0,-100.0,-100.0,0.0,0.0,0.0,32.0,-100.0,-100.0,-100.0,0.0,0.0,-0.0,32.0,-93.2,-93.2,-93.2,0.0,0.0,0.0,33.0,-95.017,-95.017,-95.017,0.0,0.0,0.0,32.0,-70.244,-70.244,-70.244,8.0,0.0,-0.637,37.0,-32.99,-33.196,-33.196,8.0,0.0,0.0,35.0
2.215,0,approach,-9.6,11.9,-2.652,-9.6,-3.504,36.0,1.0,-2.09,32.0,-100.0,-100.0,-100.0,0.0,0.0,0.0,32.0,-100.0,-100.0,-100.0,0.0,0.0,-0.0,32.0,-93.2,-93.2,-93.2,0.0,0.0,0.0,33.0,-95.017,-95.017,-95.017,0.0,0.0,0.0,32.0,-70.244,-70.244,-70.244,8.0,0.0,-0.312,37.0,-32.99,-33.196,-33.196,8.0,0.0,0.0,35.0
2.2672,0,approach,-9.6,11.9,-3.011,-9.6,-3.739,64.0,4.0,-3.287,32.0,-100.0,-100.0,-100.0,0.0,0.0,0.0,32.0,-100.0,-100.0,-100.0,0.0,0.0,-0.0,32.0,-93.2,-93.2,-93.2,0.0,0.0,0.0,33.0,-95.017,-95.017,-95.017,0.0,0.0,0.0,32.0,-70.244,-70.244,-70.244,0.0,0.0,-0.218,37.0,-32.99,-33.196,-33.196,8.0,0.0,0.0,35.0
2.3196,0,approach,-9.6,11.9,-3.191,-9.6,-3.955,64.0,4.0,-3.323,32.0,-100.0,-100.0,-100.0,0.0,0.0,0.0,32.0,-100.0,-100.0,-100.0,0.0,0.0,-0.0,32.0,-93.2,-93.2,-93.2,0.0,0.0,0.0,33.0,-95.017,-95.017,-95.017,0.0,0.0,0.0,32.0,-70.244,-70.244,-70.244,0.0,0.0,-0.107,37.0,-32.99,-33.196,-33.196,8.0,0.0,0.0,35.0
2.3729,0,approach,-9.6,11.9,-3.371,-9.6,-4.168,64.0,4.0,-3.336,32.0,-100.0,-100.0,-100.0,0.0,0.0,0.0,32.0,-100.0,-100.0,-100.0,0.0,0.0,-0.0,32.0,-93.2,-93.2,-93.2,0.0,0.0,0.0,33.0,-95.017,-95.017,-95.017,0.0,0.0,0.0,32.0,-70.244,-70.244,-70.244,0.0,0.0,-0.052,37.0,-32.99,-33.196,-33.196,8.0,0.0,0.0,35.0
2.4252,0,approach,-9.6,11.9,-3.64,-9.6,-4.382,64.0,4.0,-4.065,32.0,-100.0,-100.0,-100.0,0.0,0.0,0.0,32.0,-100.0,-100.0,-100.0,0.0,0.0,-0.0,32.0,-93.2,-93.2,-93.2,0.0,0.0,0.0,33.0,-95.017,-95.017,-95.017,0.0,0.0,0.0,32.0,-70.244,-70.244,-70.244,0.0,0.0,-0.026,37.0,-32.99,-33.196,-33.196,8.0,0.0,0.0,35.0
2.478,0,approach,-9.6,11.9,-3.91,-9.6,-4.596,64.0,4.0,-4.415,32.0,-100.0,-100.0,-100.0,0.0,0.0,0.0,32.0,-100.0,-100.0,-100.0,0.0,0.0,-0.0,32.0,-93.2,-93.2,-93.2,0.0,0.0,0.0,33.0,-95.017,-95.017,-95.017,0.0,0.0,0.0,32.0,-70.244,-70.244,-70.244,0.0,0.0,-0.013,37.0,-32.99,-33.196,-33.196,8.0,0.0,0.0,35.0
2.5303,0,approach,-9.6,11.9,-4.0,-9.6,-4.811,64.0,4.0,-2.87,32.0,-100.0,-100.0,-100.0,0.0,0.0,0.0,32.0,-100.0,-100.0,-100.0,0.0,0.0,-0.0,32.0,-93.2,-93.2,-93.2,0.0,0.0,0.0,33.0,-95.017,-95.017,-95.017,0.0,0.0,0.0,32.0,-70.244,-70.244,-70.244,0.0,0.0,-0.006,37.0,-32.99,-33.196,-33.196,8.0,0.0,0.0,35.0
2.584,0,approach,-9.6,11.9,-4.18,-9.6,-5.027,64.0,4.0,-3.117,32.0,-100.0,-100.0,-100.0,0.0,0.0,0.0,32.0,-100.0,-100.0,-100.0,0.0,0.0,-0.0,32.0,-93.2,-93.2,-93.2,0.0,0.0,0.0,33.0,-95.017,-95.017,-95.017,0.0,0.0,0.0,32.0,-70.244,-70.244,-70.244,0.0,0.0,-0.003,37.0,-32.99,-33.196,-33.196,8.0,0.0,0.0,35.0
2.6375,0,approach,-9.6,11.9,-4.539,-9.6,-5.242,64.0,4.0,-4.91,32.0,-100.0,-100.0,-100.0,0.0,0.0,0.0,32.0,-100.0,-100.0,-100.0,0.0,0.0,-0.0,32.0,-93.2,-93.2,-93.2,0.0,0.0,0.0,33.0,-95.017,-95.017,-95.017,0.0,0.0,0.0,32.0,-70.244,-70.244,-70.244,0.0,0.0,-0.001,37.0,-32.99,-33.196,-33.196,8.0,0.0,0.0,35.0
2.6911,0,approach,-9.6,11.9,-4.719,-9.6,-5.457,64.0,4.0,-4.126,32.0,-100.0,-100.0,-100.0,0.0,0.0,0.0,32.0,-100.0,-100.0,-100.0,0.0,0.0,-0.0,32.0,-93.2,-93.2,-93.2,0.0,0.0,0.0,33.0,-95.017,-95.017,-95.017,0.0,0.0,0.0,32.0,-70.244,-70.244,-70.244,0.0,0.0,-0.001,37.0,-32.99,-33.196,-33.196,8.0,0.0,0.0,35.0
2.7445,0,approach,-9.6,11.9,-4.989,-9.6,-5.673,64.0,4.0,-4.728,32.0,-100.0,-100.0,-100.0,0.0,0.0,0.0,32.0,-100.0,-100.0,-100.0,0.0,0.0,-0.0,32.0,-93.2,-93.2,-93.2,0.0,0.0,0.0,33.0,-95.017,-95.017,-95.017,0.0,0.0,0.0,32.0,-70.244,-70.244,-70.244,0.0,0.0,-0.0,37.0,-32.99,-33.196,-33.196,8.0,0.0,0.0,35.0
2.7987,0,approach,-9.6,11.9,-5.169,-9.6,-5.78,64.0,4.0,-5.332,32.0,-100.0,-100.0,-100.0,0.0,0.0,0.0,32.0,-100.0,-100.0,-100.0,0.0,0.0,-0.0,32.0,-93.2,-93.2,-93.2,0.0,0.0,0.0,33.0,-95.017,-95.017,-95.017,0.0,0.0,0.0,32.0,-70.244,-70.244,-70.244,0.0,0.0,-0.0,37.0,-32.99,-33.196,-33.196,8.0,0.0,0.0,35.0
2.8525,0,approach,-9.6,11.9,-5.258,-9.6,-6.126,48.0,3.0,-4.182,32.0,-100.0,-100.0,-100.0,0.0,0.0,0.0,32.0,-100.0,-100.0,-100.0,-8.0,0.0,-0.0,32.0,-93.2,-93.2,-93.2,0.0,0.0,0.0,33.0,-95.017,-95.017,-95.017,0.0,0.0,0.0,32.0,-70.244,-70.244,-70.244,0.0,0.0,-0.0,37.0,-32.99,-33.196,-33.196,8.0,0.0,0.0,35.0
2.9049,0,approach,-9.6,11.9,-5.438,-9.6,-6.246,48.0,3.0,-3.693,32.0,-100.0,-100.0,-100.0,0.0,0.0,0.0,32.0,-100.0,-100.0,-100.0,-8.0,0.0,-0.0,32.0,-93.2,-93.2,-93.2,0.0,0.0,0.0,33.0,-95.017,-95.017,-95.017,0.0,0.0,0.0,32.0,-70.244,-70.244,-70.244,0.0,0.0,-0.0,37.0,-32.99,-33.196,-33.196,8.0,0.0,0.0,35.0
2.958,0,approach,-9.6,11.9,-5.528,-9.6,-6.466,48.0,3.0,-2.812,32.0,-100.0,-100.0,-100.0,0.0,0.0,0.0,32.0,-100.0,-100.0,-100.0,-8.0,0.0,-0.0,32.0,-93.2,-93.2,-93.2,0.0,0.0,0.0,33.0,-95.017,-95.017,-95.017,0.0,0.0,0.0,32.0,-70.244,-70.244,-70.244,0.0,0.0,-0.0,37.0,-32.99,-33.196,-33.196,8.0,0.0,0.0,35.0
3.0102,0,approach,-9.6,11.9,-5.798,-9.6,-6.68,48.0,3.0,-4.086,32.0,-100.0,-100.0,-100.0,0.0,0.0,0.0,32.0,-100.0,-100.0,-100.0,-8.0,0.0,-0.0,32.0,-93.2,-93.2,-93.2,0.0,0.0,0.0,33.0,-95.017,-95.017,-95.017,0.0,0.0,0.0,32.0,-70.244,-70.244,-70.244,0.0,0.0,-0.0,37.0,-32.99,-33.196,-33.196,8.0,0.0,0.0,35.0
3.0635,0,approach,-9.6,11.9,-6.067,-9.6,-6.893,48.0,3.0,-4.45,32.0,-100.0,-100.0,-100.0,0.0,0.0,0.0,32.0,-100.0,-100.0,-100.0,-8.0,0.0,-0.0,32.0,-93.2,-93.2,-93.2,0.0,0.0,0.0,33.0,-95.017,-95.017,-95.017,0.0,0.0,0.0,32.0,-70.244,-70.244,-70.244,0.0,0.0,-0.0,37.0,-32.99,-33.196,-33.196,8.0,0.0,0.0,35.0
3.1161,0,approach,-9.6,11.9,-6.337,-9.6,-7.106,48.0,3.0,-4.897,32.0,-100.0,-100.0,-100.0,0.0,0.0,0.0,32.0,-100.0,-100.0,-100.0,-8.0,0.0,-0.0,32.0,-93.2,-93.2,-93.2,0.0,0.0,0.0,33.0,-95.017,-95.017,-95.017,0.0,0.0,0.0,32.0,-70.244,-70.244,-70.244,0.0,0.0,-0.0,37.0,-32.99,-33.196,-33.196,8.0,0.0,0.0,35.0
3.1694,0,approach,-9.6,11.9,-6.607,-9.6,-7.321,48.0,3.0,-5.099,32.0,-100.0,-100.0,-100.0,0.0,0.0,0.0,32.0,-100.0,-100.0,-100.0,-8.0,0.0,-0.0,32.0,-93.2,-93.2,-93.2,0.0,0.0,0.0,33.0,-95.017,-95.017,-95.017,0.0,0.0,0.0,32.0,-70.244,-70.244,-70.244,0.0,0.0,-0.0,37.0,-32.99,-33.196,-33.196,8.0,0.0,0.0,35.0
3.2228,0,approach,-9.6,11.9,-6.787,-9.6,-7.535,48.0,3.0,-4.21,32.0,-100.0,-100.0,-100.0,0.0,0.0,0.0,32.0,-100.0,-100.0,-100.0,-8.0,0.0,-0.0,32.0,-93.2,-93.2,-93.2,0.0,0.0,0.0,33.0,-95.017,-95.017,-95.017,0.0,0.0,0.0,32.0,-70.244,-70.244,-70.244,0.0,0.0,-0.0,37.0,-32.99,-33.196,-33.196,8.0,0.0,0.0,35.0
3.2752,0,approach,-9.6,11.9,-6.876,-9.6,-7.749,48.0,3.0,-2.773,32.0,-100.0,-100.0,-100.0,0.0,0.0,0.0,32.0,-100.0,-100.0,-100.0,-8.0,0.0,-0.0,32.0,-93.2,-93.2,-93.2,0.0,0.0,0.0,33.0,-95.017,-95.017,-95.017,0.0,0.0,0.0,32.0,-70.244,-70.244,-70.244,0.0,0.0,-0.0,37.0,-32.99,-33.196,-33.196,8.0,0.0,0.0,35.0
3.328,0,approach,-9.6,11.9,-6.966,-9.6,-7.963,48.0,3.0,-2.057,32.0,-100.0,-100.0,-100.0,0.0,0.0,0.0,32.0,-100.0,-100.0,-100.0,-8.0,0.0,-0.0,32.0,-93.2,-93.2,-93.2,0.0,0.0,0.0,33.0,-95.017,-95.017,-95.017,0.0,0.0,0.0,32.0,-70.244,-70.244,-70.244,0.0,0.0,-0.0,37.0,-32.99,-33.196,-33.196,8.0,0.0,0.0,35.0
3.3802,0,approach,-9.6,11.9,-7.146,-9.6,-8.069,72.0,7.0,-3.438,32.0,-100.0,-100.0,-100.0,0.0,0.0,0.0,32.0,-100.0,-100.0,-100.0,-8.0,0.0,-0.0,32.0,-93.2,-93.2,-93.2,0.0,0.0,0.0,33.0,-95.017,-95.017,-95.017,0.0,0.0,0.0,32.0,-70.244,-70.244,-70.244,0.0,0.0,-0.0,37.0,-32.99,-33.196,-33.196,8.0,0.0,0.0,35.0
3.4336,0,approach,-9.6,11.9,-7.596,-9.6,-8.405,72.0,7.0,-4.713,32.0,-100.0,-100.0,-100.0,0.0,0.0,0.0,32.0,-100.0,-100.0,-100.0,-8.0,0.0,-0.0,32.0,-93.2,-93.2,-93.2,0.0,0.0,0.0,33.0,-95.017,-95.017,-95.017,0.0,0.0,0.0,32.0,-69.756,-70.244,-70.244,0.0,0.0,5.531,37.0,-32.99,-33.196,-33.196,8.0,0.0,0.0,35.0
3.4867,0,approach,-9.6,11.9,-7.775,-9.6,-8.619,72.0,7.0,-4.226,32.0,-100.0,-100.0,-100.0,0.0,0.0,0.0,32.0,-100.0,-100.0,-100.0,-8.0,0.0,-0.0,32.0,-93.2,-93.2,-93.2,0.0,0.0,0.0,33.0,-95.017,-95.017,-95.017,0.0,0.0,0.0,32.0,-69.756,-70.244,-70.244,0.0,0.0,2.71,37.0,-32.99,-33.196,-33.196,8.0,0.0,0.0,35.0
3.5395,0,approach,-9.6,11.9,-8.045,-9.6,-8.84,72.0,7.0,-4.807,32.0,-100.0,-100.0,-100.0,0.0,0.0,0.0,32.0,-100.0,-100.0,-100.0,-8.0,0.0,-0.0,32.0,-93.2,-93.2,-93.2,0.0,0.0,0.0,33.0,-95.017,-95.017,-95.017,0.0,0.0,0.0,32.0,-69.756,-70.244,-70.244,0.0,0.0,1.328,37.0,-32.99,-33.196,-33.196,8.0,0.0,0.0,35.0
3.5925,0,approach,-9.6,11.9,-8.225,-9.6,-9.052,72.0,7.0,-4.068,32.0,-100.0,-100.0,-100.0,0.0,0.0,0.0,32.0,-100.0,-100.0,-100.0,-8.0,0.0,-0.0,32.0,-93.2,-93.2,-93.2,0.0,0.0,0.0,33.0,-95.017,-95.017,-95.017,0.0,0.0,0.0,32.0,-69.756,-70.244,-70.244,0.0,0.0,0.651,37.0,-32.99,-33.196,-33.196,8.0,0.0,0.0,35.0
3.6455,0,approach,-9.6,11.9,-8.404,-9.6,-9.267,72.0,7.0,-3.71,32.0,-100.0,-100.0,-100.0,0.0,0.0,0.0,32.0,-100.0,-100.0,-100.0,-8.0,0.0,-0.0,32.0,-93.2,-93.2,-93.2,0.0,0.0,0.0,33.0,-95.017,-95.017,-95.017,0.0,0.0,0.0,32.0,-69.756,-70.244,-70.244,0.0,0.0,0.319,37.0,-32.99,-33.196,-33.196,8.0,0.0,0.0,35.0
3.6988,0,approach,-9.6,11.9,-8.494,-9.6,-9.48,72.0,7.0,-2.831,32.0,-100.0,-100.0,-100.0,0.0,0.0,0.0,32.0,-100.0,-100.0,-100.0,-8.0,0.0,-0.0,32.0,-93.2,-93.2,-93.2,0.0,0.0,0.0,33.0,-95.017,-95.017,-95.017,0.0,0.0,0.0,32.0,-69.756,-70.244,-70.244,0.0,0.0,0.156,37.0,-32.99,-33.196,-33.196,8.0,0.0,0.0,35.0
3.7521,0,approach,-9.6,11.9,-8.764,-9.6,-9.6,72.0,7.0,-4.114,32.0,-100.0,-100.0,-100.0,0.0,0.0,0.0,32.0,-100.0,-100.0,-100.0,-8.0,0.0,-0.0,32.0,-93.2,-93.2,-93.2,0.0,0.0,0.0,33.0,-95.017,-95.017,-95.017,0.0,0.0,0.0,32.0,-69.756,-70.244,-70.244,0.0,0.0,0.077,37.0,-32.99,-33.196,-33.196,8.0,0.0,0.0,35.0
3.8064,0,approach,-9.6,11.9,-8.944,-9.6,-9.6,72.0,7.0,-3.402,32.0,-100.0,-100.0,-100.0,0.0,0.0,0.0,32.0,-100.0,-100.0,-100.0,-8.0,0.0,-0.0,32.0,-93.2,-93.2,-93.2,0.0,0.0,0.0,33.0,-95.017,-95.017,-95.017,0.0,0.0,0.0,32.0,-69.756,-70.244,-70.244,0.0,0.0,0.038,37.0,-32.99,-33.196,-33.196,8.0,0.0,0.0,35.0
3.8597,0,approach,-9.6,11.9,-9.034,-9.6,-9.6,72.0,7.0,-2.371,32.0,-100.0,-100.0,-100.0,0.0,0.0,0.0,32.0,-100.0,-100.0,-100.0,-8.0,0.0,-0.0,32.0,-93.2,-93.2,-93.2,0.0,0.0,0.0,33.0,-95.017,-95.017,-95.017,0.0,0.0,0.0,32.0,-69.756,-70.244,-70.244,0.0,0.0,0.018,37.0,-32.99,-33.196,-33.196,8.0,0.0,0.0,35.0
3.913,0,approach,-9.6,11.9,-9.034,-9.6,-9.6,72.0,7.0,-1.162,32.0,-100.0,-100.0,-100.0,0.0,0.0,0.0,32.0,-100.0,-100.0,-100.0,-8.0,0.0,-0.0,32.0,-93.2,-93.2,-93.2,0.0,0.0,0.0,33.0,-95.017,-95.017,-95.017,0.0,0.0,0.0,32.0,-69.756,-70.244,-70.244,0.0,0.0,0.009,37.0,-32.99,-33.196,-33.196,8.0,0.0,0.0,35.0
3.9663,0,approach,-9.6,11.9,-9.034,-9.6,-9.6,48.0,3.0,-1.162,32.0,-100.0,-100.0,-100.0,-8.0,0.0,0.0,32.0,-100.0,-100.0,-100.0,-8.0,0.0,-0.0,32.0,-93.2,-93.2,-93.2,0.0,0.0,0.0,33.0,-95.017,-95.017,-95.017,0.0,0.0,0.0,32.0,-69.756,-70.244,-70.244,8.0,0.0,0.009,36.0,-32.99,-33.196,-33.196,8.0,0.0,0.0,35.0
4.0198,0,approach,-9.6,11.9,-9.034,-9.6,-9.6,48.0,3.0,-0.569,32.0,-100.0,-100.0,-100.0,-8.0,0.0,0.0,32.0,-100.0,-100.0,-100.0,-8.0,0.0,-0.0,32.0,-93.2,-93.2,-93.2,0.0,0.0,0.0,33.0,-95.017,-95.017,-95.017,0.0,0.0,0.0,32.0,-69.756,-70.244,-70.244,8.0,0.0,0.004,36.0,-32.99,-33.196,-33.196,8.0,0.0,0.0,35.0
4.0728,0,approach,-9.6,11.9,-9.034,-9.6,-9.6,48.0,3.0,-0.279,32.0,-100.0,-100.0,-100.0,-8.0,0.0,0.0,32.0,-100.0,-100.0,-100.0,-8.0,0.0,-0.0,32.0,-93.2,-93.2,-93.2,0.0,0.0,0.0,33.0,-95.017,-95.017,-95.017,0.0,0.0,0.0,32.0,-69.756,-70.244,-70.244,8.0,0.0,0.002,36.0,-32.99,-33.196,-33.196,8.0,0.0,0.0,35.0
4.1256,0,approach,-9.6,11.9,-9.034,-9.6,-9.6,48.0,3.0,-0.137,32.0,-100.0,-100.0,-100.0,-8.0,0.0,0.0,32.0,-100.0,-100.0,-100.0,-8.0,0.0,-0.0,32.0,-93.2,-93.2,-93.2,0.0,0.0,0.0,33.0,-95.017,-95.017,-95.017,0.0,0.0,0.0,32.0,-69.756,-70.244,-70.244,8.0,0.0,0.001,36.0,-32.99,-33.196,-33.196,8.0,0.0,0.0,35.0
4.1786,0,approach,-9.6,11.9,-9.034,-9.6,-9.6,48.0,3.0,-0.067,32.0,-100.0,-100.0,-100.0,-8.0,0.0,0.0,32.0,-100.0,-100.0,-100.0,-8.0,0.0,-0.0,32.0,-93.2,-93.2,-93.2,0.0,0.0,0.0,33.0,-95.017,-95.017,-95.017,0.0,0.0,0.0,32.0,-69.756,-70.244,-70.244,8.0,0.0,0.001,36.0,-32.99,-33.196,-33.196,8.0,0.0,0.0,35.0
4.2311,0,approach,-9.6,11.9,-9.034,-9.6,-9.6,48.0,3.0,-0.033,32.0,-100.0,-100.0,-100.0,-8.0,0.0,0.0,32.0,-100.0,-100.0,-100.0,-8.0,0.0,-0.0,32.0,-93.2,-93.2,-93.2,0.0,0.0,0.0,33.0,-95.017,-95.017,-95.017,0.0,0.0,0.0,32.0,-69.756,-70.244,-70.244,8.0,0.0,0.0,36.0,-32.99,-33.196,-33.196,8.0,0.0,0.0,35.0
4.2846,0,approach,-9.6,11.9,-9.034,-9.6,-9.6,48.0,3.0,-0.016,32.0,-100.0,-100.0,-100.0,-8.0,0.0,0.0,32.0,-100.0,-100.0,-100.0,-8.0,0.0,-0.0,32.0,-93.2,-93.2,-93.2,0.0,0.0,0.0,33.0,-95.017,-95.017,-95.017,0.0,0.0,0.0,32.0,-69.756,-70.244,-70.244,8.0,0.0,0.0,36.0,-32.99,-33.196,-33.196,8.0,0.0,0.0,35.0
4.3373,0,approach,-9.6,11.9,-9.034,-9.6,-9.6,48.0,3.0,-0.008,32.0,-100.0,-100.0,-100.0,-8.0,0.0,0.0,32.0,-100.0,-100.0,-100.0,-8.0,0.0,-0.0,32.0,-93.2,-93.2,-93.2,0.0,0.0,0.0,33.0,-95.017,-95.017,-95.017,0.0,0.0,0.0,32.0,-69.756,-70.244,-70.244,8.0,0.0,0.0,36.0,-32.99,-33.196,-33.196,8.0,0.0,0.0,35.0
4.3897,0,approach,-9.6,11.9,-9.034,-9.6,-9.6,48.0,3.0,-0.004,32.0,-100.0,-100.0,-100.0,-8.0,0.0,0.0,32.0,-100.0,-100.0,-100.0,-8.0,0.0,-0.0,32.0,-93.2,-93.2,-93.2,0.0,0.0,0.0,33.0,-95.017,-95.017,-95.017,0.0,0.0,0.0,32.0,-69.756,-70.244,-70.244,8.0,0.0,0.0,36.0,-32.99,-33.196,-33.196,8.0,0.0,0.0,35.0
4.4422,0,approach,-9.6,11.9,-9.034,-9.6,-9.6,48.0,3.0,-0.002,32.0,-100.0,-100.0,-100.0,-8.0,0.0,0.0,32.0,-100.0,-100.0,-100.0,-8.0,0.0,-0.0,32.0,-93.2,-93.2,-93.2,0.0,0.0,0.0,33.0,-95.017,-95.017,-95.017,0.0,0.0,0.0,32.0,-69.756,-70.244,-70.244,8.0,0.0,0.0,36.0,-32.99,-33.196,-33.196,8.0,0.0,0.0,35.0
4.4942,0,approach,-9.6,11.9,-9.034,-9.6,-9.6,48.0,3.0,-0.001,32.0,-100.0,-100.0,-100.0,-8.0,0.0,0.0,32.0,-100.0,-100.0,-100.0,-8.0,0.0,-0.0,32.0,-93.2,-93.2,-93.2,0.0,0.0,0.0,33.0,-95.017,-95.017,-95.017,0.0,0.0,0.0,32.0,-69.756,-70.244,-70.244,8.0,0.0,0.0,36.0,-32.99,-33.196,-33.196,8.0,0.0,0.0,35.0
4.5475,0,approach,-9.6,11.9,-9.034,-9.6,-9.6,48.0,3.0,-0.001,32.0,-100.0,-100.0,-100.0,0.0,0.0,0.0,32.0,-100.0,-100.0,-100.0,-8.0,0.0,-0.0,32.0,-93.2,-93.2,-93.2,0.0,0.0,0.0,33.0,-95.017,-95.017,-95.017,0.0,0.0,0.0,32.0,-69.756,-70.244,-70.244,8.0,0.0,0.0,36.0,-32.99,-33.196,-33.196,8.0,0.0,0.0,35.0
4.6004,0,approach,-9.6,11.9,-9.034,-9.6,-9.6,48.0,3.0,-0.0,32.0,-100.0,-100.0,-100.0,0.0,0.0,0.0,32.0,-100.0,-100.0,-100.0,-8.0,0.0,-0.0,32.0,-93.2,-93.2,-93.2,0.0,0.0,0.0,33.0,-95.017,-95.017,-95.017,0.0,0.0,0.0,32.0,-69.756,-70.244,-70.244,8.0,0.0,0.0,36.0,-32.99,-33.196,-33.196,8.0,0.0,0.0,35.0
4.6534,0,approach,-9.6,11.9,-9.034,-9.6,-9.6,48.0,3.0,-0.0,32.0,-100.0,-100.0,-100.0,0.0,0.0,0.0,32.0,-100.0,-100.0,-100.0,-8.0,0.0,-0.0,32.0,-93.2,-93.2,-93.2,0.0,0.0,0.0,33.0,-95.017,-95.017,-95.017,0.0,0.0,0.0,32.0,-69.756,-70.244,-70.244,8.0,0.0,0.0,36.0,-32.99,-33.196,-33.196,8.0,0.0,0.0,35.0
4.7067,0,approach,-9.6,11.9,-9.034,-9.6,-9.6,48.0,3.0,-0.0,32.0,-100.0,-100.0,-100.0,0.0,0.0,0.0,32.0,-100.0,-100.0,-100.0,-8.0,0.0,-0.0,32.0,-93.2,-93.2,-93.2,0.0,0.0,0.0,33.0,-95.017,-95.017,-95.017,0.0,0.0,0.0,32.0,-69.756,-70.244,-70.244,8.0,0.0,0.0,36.0,-32.99,-33.196,-33.196,8.0,0.0,0.0,35.0
4.76,1,fwd,20.4,11.9,-9.034,20.4,-9.493,48.0,3.0,-0.0,32.0,-100.0,-100.0,-100.0,0.0,0.0,0.0,32.0,-100.0,-100.0,-100.0,-8.0,0.0,-0.0,32.0,-93.2,-93.2,-93.2,0.0,0.0,0.0,33.0,-95.017,-95.017,-95.017,0.0,0.0,0.0,32.0,-69.756,-70.244,-70.244,8.0,0.0,0.0,36.0,-32.99,-33.196,-33.196,8.0,0.0,0.0,35.0
4.8134,1,fwd,20.4,11.9,-9.034,20.4,-9.278,48.0,3.0,-0.0,32.0,-100.0,-100.0,-100.0,0.0,0.0,0.0,32.0,-100.0,-100.0,-100.0,-8.0,0.0,-0.0,32.0,-93.2,-93.2,-93.2,0.0,0.0,0.0,33.0,-95.017,-95.017,-95.017,0.0,0.0,0.0,32.0,-69.756,-70.244,-70.244,8.0,0.0,0.0,36.0,-32.99,-33.196,-33.196,8.0,0.0,0.0,35.0
4.8662,1,fwd,20.4,11.9,-9.034,20.4,-9.061,48.0,3.0,-0.0,32.0,-100.0,-100.0,-100.0,0.0,0.0,0.0,32.0,-100.0,-100.0,-100.0,-8.0,0.0,-0.0,32.0,-93.2,-93.2,-93.2,0.0,0.0,0.0,33.0,-95.017,-95.017,-95.017,0.0,0.0,0.0,32.0,-69.756,-70.244,-70.244,8.0,0.0,0.0,36.0,-32.99,-33.196,-33.196,8.0,0.0,0.0,35.0
4.9196,1,fwd,20.4,11.9,-8.764,20.4,-8.848,48.0,3.0,2.743,32.0,-100.0,-100.0,-100.0,0.0,0.0,0.0,32.0,-100.0,-100.0,-100.0,-8.0,0.0,-0.0,32.0,-93.2,-93.2,-93.2,0.0,0.0,0.0,33.0,-95.017,-95.017,-95.017,0.0,0.0,0.0,32.0,-69.756,-70.244,-70.244,8.0,0.0,0.0,36.0,-32.99,-33.196,-33.196,8.0,0.0,0.0,35.0
4.9728,1,fwd,20.4,11.9,-8.584,20.4,-8.636,48.0,3.0,3.059,32.0,-100.0,-100.0,-100.0,0.0,0.0,0.0,32.0,-100.0,-100.0,-100.0,-8.0,0.0,-0.0,32.0,-93.2,-93.2,-93.2,0.0,0.0,0.0,33.0,-95.017,-95.017,-95.017,0.0,0.0,0.0,32.0,-69.756,-70.244,-70.244,8.0,0.0,0.0,36.0,-32.99,-33.196,-33.196,8.0,0.0,0.0,35.0
5.026,1,fwd,20.4,11.9,-8.315,20.4,-8.422,48.0,3.0,4.246,32.0,-100.0,-100.0,-100.0,0.0,0.0,0.0,32.0,-100.0,-100.0,-100.0,-8.0,0.0,-0.0,32.0,-93.2,-93.2,-93.2,0.0,0.0,0.0,33.0,-95.017,-95.017,-95.017,0.0,0.0,0.0,32.0,-69.756,-70.244,-70.244,8.0,0.0,0.0,36.0,-32.99,-33.196,-33.196,8.0,0.0,0.0,35.0
5.0789,1,fwd,20.4,11.9,-8.225,20.4,-8.316,48.0,3.0,3.972,32.0,-100.0,-100.0,-100.0,0.0,0.0,0.0,32.0,-100.0,-100.0,-100.0,-8.0,0.0,-0.0,32.0,-93.2,-93.2,-93.2,0.0,0.0,0.0,33.0,-95.017,-95.017,-95.017,0.0,0.0,0.0,32.0,-69.756,-70.244,-70.244,8.0,0.0,0.0,36.0,-32.99,-33.196,-33.196,8.0,0.0,0.0,35.0
5.1311,1,fwd,20.4,11.9,-8.045,20.4,-8.066,16.0,0.0,3.647,32.0,-100.0,-100.0,-100.0,0.0,0.0,0.0,32.0,-100.0,-100.0,-100.0,-8.0,0.0,-0.0,32.0,-93.2,-93.2,-93.2,0.0,0.0,0.0,33.0,-95.017,-95.017,-95.017,0.0,0.0,0.0,32.0,-69.756,-70.244,-70.244,8.0,0.0,0.0,36.0,-32.99,-33.196,-33.196,8.0,0.0,0.0,35.0
5.1843,1,fwd,20.4,11.9,-7.775,20.4,-7.854,16.0,0.0,4.513,32.0,-100.0,-100.0,-100.0,0.0,0.0,0.0,32.0,-100.0,-100.0,-100.0,-8.0,0.0,-0.0,32.0,-93.2,-93.2,-93.2,0.0,0.0,0.0,33.0,-95.017,-95.017,-95.017,0.0,0.0,0.0,32.0,-69.756,-70.244,-70.244,8.0,0.0,0.0,36.0,-32.99,-33.196,-33.196,8.0,0.0,0.0,35.0
5.2367,1,fwd,20.4,11.9,-7.596,20.4,-7.64,16.0,0.0,3.626,32.0,-100.0,-100.0,-100.0,0.0,0.0,0.0,32.0,-100.0,-100.0,-100.0,-8.0,0.0,-0.0,32.0,-93.2,-93.2,-93.2,0.0,0.0,0.0,33.0,-95.017,-95.017,-95.017,0.0,0.0,0.0,32.0,-69.756,-70.244,-70.244,8.0,0.0,0.0,36.0,-32.99,-33.196,-33.196,8.0,0.0,0.0,35.0
5.2898,1,fwd,20.4,11.9,-7.506,20.4,-7.426,16.0,0.0,2.484,32.0,-100.0,-100.0,-100.0,0.0,0.0,0.0,32.0,-100.0,-100.0,-100.0,-8.0,0.0,-0.0,32.0,-93.2,-93.2,-93.2,0.0,0.0,0.0,33.0,-95.017,-95.017,-95.017,0.0,0.0,0.0,32.0,-69.756,-70.244,-70.244,8.0,0.0,0.0,36.0,-32.99,-33.196,-33.196,8.0,0.0,0.0,35.0
5.3429,1,fwd,20.4,11.9,-7.236,20.4,-7.212,16.0,0.0,3.95,32.0,-100.0,-100.0,-100.0,0.0,0.0,0.0,32.0,-100.0,-100.0,-100.0,-8.0,0.0,-0.0,32.0,-93.2,-93.2,-93.2,0.0,0.0,0.0,33.0,-95.017,-95.017,-95.017,0.0,0.0,0.0,32.0,-69.756,-70.244,-70.244,8.0,0.0,0.0,36.0,-32.99,-33.196,-33.196,8.0,0.0,0.0,35.0
5.396,1,fwd,20.4,11.9,-6.966,20.4,-7.0,16.0,0.0,4.673,32.0,-100.0,-100.0,-100.0,0.0,0.0,0.0,32.0,-100.0,-100.0,-100.0,-8.0,0.0,-0.0,32.0,-93.2,-93.2,-93.2,0.0,0.0,0.0,33.0,-95.017,-95.017,-95.017,0.0,0.0,0.0,32.0,-69.756,-70.244,-70.244,8.0,0.0,0.0,36.0,-32.99,-33.196,-33.196,8.0,0.0,0.0,35.0
5.4473,1,fwd,20.4,11.9,-6.787,20.4,-6.786,16.0,0.0,4.013,32.0,-100.0,-100.0,-100.0,0.0,0.0,0.0,32.0,-100.0,-100.0,-100.0,-8.0,0.0,-0.0,32.0,-93.2,-93.2,-93.2,0.0,0.0,0.0,33.0,-95.017,-95.017,-95.017,0.0,0.0,0.0,32.0,-69.756,-70.244,-70.244,8.0,0.0,0.0,36.0,-32.99,-33.196,-33.196,8.0,0.0,0.0,35.0
5.5004,1,fwd,20.4,11.9,-6.517,20.4,-6.572,16.0,0.0,4.665,32.0,-100.0,-100.0,-100.0,0.0,0.0,0.0,32.0,-100.0,-100.0,-100.0,-8.0,0.0,-0.0,32.0,-93.2,-93.2,-93.2,0.0,0.0,0.0,33.0,-95.017,-95.017,-95.017,0.0,0.0,0.0,32.0,-69.756,-70.244,-70.244,8.0,0.0,0.0,36.0,-32.99,-33.196,-33.196,8.0,0.0,0.0,35.0
5.5537,1,fwd,20.4,11.9,-6.157,20.4,-6.359,16.0,0.0,5.737,32.0,-100.0,-100.0,-100.0,0.0,0.0,0.0,32.0,-100.0,-100.0,-100.0,-8.0,0.0,-0.0,32.0,-93.2,-93.2,-93.2,0.0,0.0,0.0,33.0,-95.017,-95.017,-95.017,0.0,0.0,0.0,32.0,-69.756,-70.244,-70.244,8.0,0.0,0.0,36.0,-32.99,-33.196,-33.196,8.0,0.0,0.0,35.0
5.6068,1,fwd,20.4,11.9,-6.067,20.4,-6.147,16.0,0.0,3.816,32.0,-100.0,-100.0,-100.0,0.0,0.0,0.0,32.0,-100.0,-100.0,-100.0,-8.0,0.0,-0.0,32.0,-93.2,-93.2,-93.2,0.0,0.0,0.0,33.0,-95.017,-95.017,-95.017,0.0,0.0,0.0,32.0,-69.756,-70.244,-70.244,8.0,0.0,0.0,36.0,-32.99,-33.196,-33.196,8.0,0.0,0.0,35.0
5.6593,1,fwd,20.4,12.0,-6.067,20.4,-6.039,8.0,0.0,2.671,32.0,-100.0,-100.0,-100.0,0.0,0.0,0.0,32.0,-100.0,-100.0,-100.0,-8.0,0.0,-0.0,32.0,-93.2,-93.2,-93.2,0.0,0.0,0.0,33.0,-95.017,-95.017,-95.017,0.0,0.0,0.0,32.0,-69.756,-70.244,-70.244,8.0,0.0,0.0,37.0,-32.99,-33.196,-33.196,8.0,0.0,0.0,35.0
5.7111,1,fwd,20.4,12.0,-5.798,20.4,-5.701,8.0,0.0,2.961,32.0,-100.0,-100.0,-100.0,0.0,0.0,0.0,32.0,-100.0,-100.0,-100.0,-8.0,0.0,-0.0,32.0,-93.2,-93.2,-93.2,0.0,0.0,0.0,33.0,-95.017,-95.017,-95.017,0.0,0.0,0.0,32.0,-69.756,-70.244,-70.244,8.0,0.0,0.0,37.0,-32.99,-33.196,-33.196,8.0,0.0,0.0,35.0
5.7643,1,fwd,20.4,12.0,-5.618,20.4,-5.488,8.0,0.0,3.162,32.0,-100.0,-100.0,-100.0,0.0,0.0,0.0,32.0,-100.0,-100.0,-100.0,-8.0,0.0,-0.0,32.0,-93.2,-93.2,-93.2,0.0,0.0,0.0,33.0,-95.017,-95.017,-95.017,0.0,0.0,0.0,32.0,-69.756,-70.244,-70.244,8.0,0.0,0.0,37.0,-32.99,-33.196,-33.196,8.0,0.0,0.0,35.0
5.8185,1,fwd,20.4,12.0,-5.348,20.4,-5.271,8.0,0.0,3.936,32.0,-100.0,-100.0,-100.0,0.0,0.0,0.0,32.0,-100.0,-100.0,-100.0,-8.0,0.0,-0.0,32.0,-93.2,-93.2,-93.2,0.0,0.0,0.0,33.0,-95.017,-95.017,-95.017,0.0,0.0,0.0,32.0,-70.244,-70.244,-70.244,8.0,0.0,-3.754,37.0,-32.99,-33.196,-33.196,8.0,0.0,0.0,35.0
5.8716,1,fwd,20.4,12.0,-5.079,20.4,-5.056,8.0,0.0,4.623,32.0,-100.0,-100.0,-100.0,0.0,0.0,0.0,32.0,-100.0,-100.0,-100.0,-8.0,0.0,-0.0,32.0,-93.2,-93.2,-93.2,0.0,0.0,0.0,33.0,-95.017,-95.017,-95.017,0.0,0.0,0.0,32.0,-70.244,-70.244,-70.244,8.0,0.0,-1.84,37.0,-32.99,-33.196,-33.196,8.0,0.0,0.0,35.0
5.9248,1,fwd,20.4,12.0,-4.719,20.4,-4.841,8.0,0.0,5.678,32.0,-100.0,-100.0,-100.0,0.0,0.0,0.0,32.0,-100.0,-100.0,-100.0,-8.0,0.0,-0.0,32.0,-93.2,-93.2,-93.2,0.0,0.0,0.0,33.0,-95.017,-95.017,-95.017,0.0,0.0,0.0,32.0,-70.244,-70.244,-70.244,8.0,0.0,-0.901,37.0,-32.99,-33.196,-33.196,8.0,0.0,0.0,35.0
5.9778,1,fwd,20.4,12.0,-4.629,20.4,-4.627,8.0,0.0,3.493,32.0,-100.0,-100.0,-100.0,0.0,0.0,0.0,32.0,-100.0,-100.0,-100.0,-8.0,0.0,-0.0,32.0,-93.2,-93.2,-93.2,0.0,0.0,0.0,33.0,-95.017,-95.017,-95.017,0.0,0.0,0.0,32.0,-70.244,-70.244,-70.244,8.0,0.0,-0.442,37.0,-32.99,-33.196,-33.196,8.0,0.0,0.0,35.0
6.0307,1,fwd,20.4,12.0,-4.449,20.4,-4.415,8.0,0.0,3.436,32.0,-100.0,-100.0,-100.0,0.0,0.0,0.0,32.0,-100.0,-100.0,-100.0,-8.0,0.0,-0.0,32.0,-93.2,-93.2,-93.2,0.0,0.0,0.0,33.0,-95.017,-95.017,-95.017,0.0,0.0,0.0,32.0,-70.244,-70.244,-70.244,8.0,0.0,-0.216,37.0,-32.99,-33.196,-33.196,8.0,0.0,0.0,35.0
6.0836,1,fwd,20.4,12.0,-4.27,20.4,-4.202,8.0,0.0,3.403,32.0,-100.0,-100.0,-100.0,0.0,0.0,0.0,32.0,-100.0,-100.0,-100.0,-8.0,0.0,-0.0,32.0,-93.2,-93.2,-93.2,0.0,0.0,0.0,33.0,-95.017,-95.017,-95.017,0.0,0.0,0.0,32.0,-70.244,-70.244,-70.244,8.0,0.0,-0.106,37.0,-32.99,-33.196,-33.196,8.0,0.0,0.0,35.0
6.1369,1,fwd,20.4,12.0,-4.09,20.4,-3.988,8.0,0.0,3.692,32.0,-100.0,-100.0,-100.0,0.0,0.0,0.0,32.0,-100.0,-100.0,-100.0,-8.0,0.0,-0.0,32.0,-93.2,-93.2,-93.2,0.0,0.0,0.0,33.0,-95.017,-95.017,-95.017,0.0,0.0,0.0,32.0,-70.244,-70.244,-70.244,8.0,0.0,-0.052,37.0,-32.99,-33.196,-33.196,8.0,0.0,0.0,35.0
6.1899,1,fwd,20.4,12.0,-4.0,20.4,-3.776,8.0,0.0,2.521,32.0,-100.0,-100.0,-100.0,0.0,0.0,0.0,32.0,-100.0,-100.0,-100.0,-8.0,0.0,-0.0,32.0,-93.2,-93.2,-93.2,0.0,0.0,0.0,33.0,-95.017,-95.017,-95.017,0.0,0.0,0.0,32.0,-70.244,-70.244,-70.244,8.0,0.0,-0.025,37.0,-32.99,-33.196,-33.196,8.0,0.0,0.0,35.0
6.243,1,fwd,20.4,12.0,-4.0,20.4,-3.535,0.0,0.0,2.521,32.0,-100.0,-100.0,-100.0,-8.0,0.0,0.0,32.0,-100.0,-100.0,-100.0,-8.0,0.0,-0.0,32.0,-93.2,-93.2,-93.2,0.0,0.0,0.0,33.0,-95.017,-95.017,-95.017,0.0,0.0,0.0,32.0,-70.244,-70.244,-70.244,0.0,0.0,-0.025,37.0,-32.99,-33.196,-33.196,8.0,0.0,0.0,35.0
6.2964,1,fwd,20.4,12.0,-3.551,20.4,-3.313,0.0,0.0,4.165,32.0,-100.0,-100.0,-100.0,-8.0,0.0,0.0,32.0,-100.0,-100.0,-100.0,-8.0,0.0,-0.0,32.0,-93.2,-93.2,-93.2,0.0,0.0,0.0,33.0,-95.017,-95.017,-95.017,0.0,0.0,0.0,32.0,-70.244,-70.244,-70.244,0.0,0.0,-0.012,37.0,-32.99,-33.196,-33.196,8.0,0.0,0.0,35.0
6.3499,1,fwd,20.4,12.0,-3.191,20.4,-3.1,0.0,0.0,5.176,32.0,-100.0,-100.0,-100.0,-8.0,0.0,0.0,32.0,-100.0,-100.0,-100.0,-8.0,0.0,-0.0,32.0,-93.2,-93.2,-93.2,0.0,0.0,0.0,33.0,-95.017,-95.017,-95.017,0.0,0.0,0.0,32.0,-70.244,-70.244,-70.244,0.0,0.0,-0.006,37.0,-32.99,-33.196,-33.196,8.0,0.0,0.0,35.0
6.4031,1,fwd,20.4,12.0,-3.101,20.4,-2.887,0.0,0.0,3.55,32.0,-100.0,-100.0,-100.0,-8.0,0.0,0.0,32.0,-100.0,-100.0,-100.0,-8.0,0.0,-0.0,32.0,-93.2,-93.2,-93.2,0.0,0.0,0.0,33.0,-95.017,-95.017,-95.017,0.0,0.0,0.0,32.0,-70.244,-70.244,-70.244,0.0,0.0,-0.003,37.0,-32.99,-33.196,-33.196,8.0,0.0,0.0,35.0
6.4562,1,fwd,20.4,12.0,-2.921,20.4,-2.78,0.0,0.0,3.433,32.0,-100.0,-100.0,-100.0,-8.0,0.0,0.0,32.0,-100.0,-100.0,-100.0,-8.0,0.0,-0.0,32.0,-93.2,-93.2,-93.2,0.0,0.0,0.0,33.0,-95.017,-95.017,-95.017,0.0,0.0,0.0,32.0,-70.244,-70.244,-70.244,0.0,0.0,-0.001,37.0,-32.99,-33.196,-33.196,8.0,0.0,0.0,35.0
6.5094,1,fwd,20.4,12.0,-2.742,20.4,-2.556,0.0,0.0,3.353,32.0,-100.0,-100.0,-100.0,-8.0,0.0,0.0,32.0,-100.0,-100.0,-100.0,-8.0,0.0,-0.0,32.0,-93.2,-93.2,-93.2,0.0,0.0,0.0,33.0,-95.017,-95.017,-95.017,0.0,0.0,0.0,32.0,-70.244,-70.244,-70.244,0.0,0.0,-0.001,37.0,-32.99,-33.196,-33.196,8.0,0.0,0.0,35.0
6.5625,1,fwd,20.4,12.0,-2.562,20.4,-2.343,0.0,0.0,3.364,32.0,-100.0,-100.0,-100.0,-8.0,0.0,0.0,32.0,-100.0,-100.0,-100.0,-8.0,0.0,-0.0,32.0,-93.2,-93.2,-93.2,0.0,0.0,0.0,33.0,-95.017,-95.017,-95.017,0.0,0.0,0.0,32.0,-70.244,-70.244,-70.244,0.0,0.0,-0.0,37.0,-32.99,-33.196,-33.196,8.0,0.0,0.0,35.0
6.6144,1,fwd,20.4,12.0,-2.472,20.4,-2.131,0.0,0.0,2.665,32.0,-100.0,-100.0,-100.0,-8.0,0.0,0.0,32.0,-100.0,-100.0,-100.0,-8.0,0.0,-0.0,32.0,-93.2,-93.2,-93.2,0.0,0.0,0.0,33.0,-95.017,-95.017,-95.017,0.0,0.0,0.0,32.0,-70.244,-70.244,-70.244,0.0,0.0,-0.0,37.0,-32.99,-33.196,-33.196,8.0,0.0,0.0,35.0
6.6679,1,fwd,20.4,12.0,-2.202,20.4,-1.918,0.0,0.0,3.602,32.0,-100.0,-100.0,-100.0,-8.0,0.0,0.0,32.0,-100.0,-100.0,-100.0,-8.0,0.0,-0.0,32.0,-93.2,-93.2,-93.2,0.0,0.0,0.0,33.0,-95.017,-95.017,-95.017,0.0,0.0,0.0,32.0,-70.244,-70.244,-70.244,0.0,0.0,-0.0,37.0,-32.99,-33.196,-33.196,8.0,0.0,0.0,35.0
6.7211,1,fwd,20.4,12.0,-1.753,20.4,-1.688,0.0,0.0,6.242,32.0,-100.0,-100.0,-100.0,-8.0,0.0,0.0,32.0,-100.0,-100.0,-100.0,-8.0,0.0,-0.0,32.0,-93.2,-93.2,-93.2,0.0,0.0,0.0,33.0,-95.017,-95.017,-95.017,0.0,0.0,0.0,32.0,-70.244,-70.244,-70.244,0.0,0.0,-0.0,37.0,-32.99,-33.196,-33.196,8.0,0.0,0.0,35.0
6.7742,1,fwd,20.4,12.0,-1.663,20.4,-1.477,0.0,0.0,4.077,32.0,-100.0,-100.0,-100.0,-8.0,0.0,0.0,32.0,-100.0,-100.0,-100.0,-8.0,0.0,-0.0,32.0,-93.2,-93.2,-93.2,0.0,0.0,0.0,33.0,-95.017,-95.017,-95.017,0.0,0.0,0.0,32.0,-70.244,-70.244,-70.244,0.0,0.0,-0.0,37.0,-32.99,-33.196,-33.196,8.0,0.0,0.0,35.0
6.8272,1,fwd,20.4,11.9,-1.573,20.4,-1.244,0.0,0.0,3.315,32.0,-100.0,-100.0,-100.0,0.0,0.0,0.0,32.0,-100.0,-100.0,-100.0,-8.0,0.0,-0.0,32.0,-93.2,-93.2,-93.2,0.0,0.0,0.0,33.0,-95.017,-95.017,-95.017,0.0,0.0,0.0,32.0,-70.244,-70.244,-70.244,0.0,0.0,-0.0,36.0,-32.99,-33.196,-33.196,8.0,0.0,0.0,35.0
6.8809,1,fwd,20.4,11.9,-1.393,20.4,-1.028,0.0,0.0,3.332,32.0,-100.0,-100.0,-100.0,0.0,0.0,0.0,32.0,-100.0,-100.0,-100.0,-8.0,0.0,-0.0,32.0,-93.2,-93.2,-93.2,0.0,0.0,0.0,33.0,-95.017,-95.017,-95.017,0.0,0.0,0.0,32.0,-70.244,-70.244,-70.244,0.0,0.0,-0.0,36.0,-32.99,-33.196,-33.196,8.0,0.0,0.0,35.0
6.9341,1,fwd,20.4,11.9,-1.124,20.4,-0.815,0.0,0.0,4.622,32.0,-100.0,-100.0,-100.0,0.0,0.0,0.0,32.0,-100.0,-100.0,-100.0,-8.0,0.0,-0.0,32.0,-93.2,-93.2,-93.2,0.0,0.0,0.0,33.0,-95.017,-95.017,-95.017,0.0,0.0,0.0,32.0,-70.244,-70.244,-70.244,0.0,0.0,-0.0,36.0,-32.99,-33.196,-33.196,8.0,0.0,0.0,35.0
6.9864,1,fwd,20.4,11.9,-1.034,20.4,-0.601,0.0,0.0,3.283,32.0,-100.0,-100.0,-100.0,0.0,0.0,0.0,32.0,-100.0,-100.0,-100.0,-8.0,0.0,-0.0,32.0,-93.2,-93.2,-93.2,0.0,0.0,0.0,33.0,-95.017,-95.017,-95.017,0.0,0.0,0.0,32.0,-70.244,-70.244,-70.244,0.0,0.0,-0.0,36.0,-32.99,-33.196,-33.196,8.0,0.0,0.0,35.0
7.0397,1,fwd,20.4,11.9,-0.764,20.4,-0.389,0.0,0.0,4.328,32.0,-100.0,-100.0,-100.0,0.0,0.0,0.0,32.0,-100.0,-100.0,-100.0,-8.0,0.0,-0.0,32.0,-93.2,-93.2,-93.2,0.0,0.0,0.0,33.0,-95.017,-95.017,-95.017,0.0,0.0,0.0,32.0,-70.244,-70.244,-70.244,0.0,0.0,-0.0,36.0,-32.99,-33.196,-33.196,8.0,0.0,0.0,35.0
7.0928,1,fwd,20.4,11.9,-0.315,20.4,-0.174,0.0,0.0,6.527,32.0,-100.0,-100.0,-100.0,0.0,0.0,0.0,32.0,-100.0,-100.0,-100.0,-8.0,0.0,-0.0,32.0,-93.2,-93.2,-93.2,0.0,0.0,0.0,33.0,-95.017,-95.017,-95.017,0.0,0.0,0.0,32.0,-70.244,-70.244,-70.244,0.0,0.0,-0.0,36.0,-32.99,-33.196,-33.196,8.0,0.0,0.0,35.0
7.1461,1,fwd,20.4,11.9,-0.225,20.4,0.04,0.0,0.0,3.905,32.0,-100.0,-100.0,-100.0,0.0,0.0,0.0,32.0,-100.0,-100.0,-100.0,-8.0,0.0,-0.0,32.0,-93.2,-93.2,-93.2,0.0,0.0,0.0,33.0,-95.017,-95.017,-95.017,0.0,0.0,0.0,32.0,-70.244,-70.244,-70.244,0.0,0.0,-0.0,36.0,-32.99,-33.196,-33.196,8.0,0.0,0.0,35.0
7.1982,1,fwd,20.4,11.9,-0.135,20.4,0.257,0.0,0.0,2.61,32.0,-100.0,-100.0,-100.0,0.0,0.0,0.0,32.0,-100.0,-100.0,-100.0,-8.0,0.0,-0.0,32.0,-93.2,-93.2,-93.2,0.0,0.0,0.0,33.0,-95.017,-95.017,-95.017,0.0,0.0,0.0,32.0,-70.244,-70.244,-70.244,0.0,0.0,-0.0,36.0,-32.99,-33.196,-33.196,8.0,0.0,0.0,35.0
7.2516,1,fwd,20.4,11.9,0.045,20.4,0.47,0.0,0.0,3.001,32.0,-100.0,-100.0,-100.0,0.0,0.0,0.0,32.0,-100.0,-100.0,-100.0,-8.0,0.0,-0.0,32.0,-93.2,-93.2,-93.2,0.0,0.0,0.0,33.0,-95.017,-95.017,-95.017,0.0,0.0,0.0,32.0,-70.244,-70.244,-70.244,0.0,0.0,-0.0,36.0,-32.99,-33.196,-33.196,8.0,0.0,0.0,35.0
7.3042,1,fwd,20.4,11.9,0.315,20.4,0.682,0.0,0.0,4.185,32.0,-100.0,-100.0,-100.0,0.0,0.0,0.0,32.0,-100.0,-100.0,-100.0,-8.0,0.0,-0.0,32.0,-93.2,-93.2,-93.2,0.0,0.0,0.0,33.0,-95.017,-95.017,-95.017,0.0,0.0,0.0,32.0,-70.244,-70.244,-70.244,0.0,0.0,-0.0,36.0,-32.99,-33.196,-33.196,8.0,0.0,0.0,35.0
7.3575,1,fwd,20.4,11.9,0.315,20.4,0.79,0.0,0.0,2.929,32.0,-100.0,-100.0,-100.0,0.0,0.0,0.0,32.0,-100.0,-100.0,-100.0,-8.0,0.0,-0.0,32.0,-93.2,-93.2,-93.2,0.0,0.0,0.0,33.0,-95.017,-95.017,-95.017,0.0,0.0,0.0,32.0,-70.244,-70.244,-70.244,0.0,0.0,-0.0,36.0,-32.99,-33.196,-33.196,8.0,0.0,0.0,35.0
7.4109,1,fwd,20.4,12.0,0.584,20.4,1.141,-4.0,0.0,3.38,32.0,-100.0,-100.0,-100.0,-8.0,0.0,0.0,32.0,-100.0,-100.0,-100.0,0.0,0.0,-0.0,32.0,-93.2,-93.2,-93.2,0.0,0.0,0.0,33.0,-95.017,-95.017,-95.017,0.0,0.0,0.0,32.0,-70.244,-70.244,-70.244,0.0,0.0,-0.0,37.0,-32.99,-33.196,-33.196,8.0,0.0,0.0,35.0
7.4633,1,fwd,20.4,12.0,0.764,20.4,1.252,-4.0,0.0,3.343,32.0,-100.0,-100.0,-100.0,-8.0,0.0,0.0,32.0,-100.0,-100.0,-100.0,0.0,0.0,-0.0,32.0,-93.2,-93.2,-93.2,0.0,0.0,0.0,33.0,-95.017,-95.017,-95.017,0.0,0.0,0.0,32.0,-70.244,-70.244,-70.244,0.0,0.0,-0.0,37.0,-32.99,-33.196,-33.196,8.0,0.0,0.0,35.0
7.517,1,fwd,20.4,12.0,1.124,20.4,1.474,-4.0,0.0,4.621,32.0,-100.0,-100.0,-100.0,-8.0,0.0,0.0,32.0,-100.0,-100.0,-100.0,0.0,0.0,-0.0,32.0,-93.2,-93.2,-93.2,0.0,0.0,0.0,33.0,-95.017,-95.017,-95.017,0.0,0.0,0.0,32.0,-70.244,-70.244,-70.244,0.0,0.0,-0.0,37.0,-32.99,-33.196,-33.196,8.0,0.0,0.0,35.0
7.5691,1,fwd,20.4,12.0,1.213,20.4,1.688,-4.0,0.0,2.967,32.0,-100.0,-100.0,-100.0,-8.0,0.0,0.0,32.0,-100.0,-100.0,-100.0,0.0,0.0,-0.0,32.0,-93.2,-93.2,-93.2,0.0,0.0,0.0,33.0,-95.017,-95.017,-95.017,0.0,0.0,0.0,32.0,-70.244,-70.244,-70.244,0.0,0.0,-0.0,37.0,-32.99,-33.196,-33.196,8.0,0.0,0.0,35.0
7.622,1,fwd,20.4,12.0,1.483,20.4,1.903,-4.0,0.0,4.184,32.0,-100.0,-100.0,-100.0,-8.0,0.0,0.0,32.0,-100.0,-100.0,-100.0,0.0,0.0,-0.0,32.0,-93.2,-93.2,-93.2,0.0,0.0,0.0,33.0,-95.017,-95.017,-95.017,0.0,0.0,0.0,32.0,-70.244,-70.244,-70.244,0.0,0.0,-0.0,37.0,-32.99,-33.196,-33.196,8.0,0.0,0.0,35.0
7.6748,1,fwd,20.4,12.0,1.663,20.4,2.115,-4.0,0.0,3.758,32.0,-100.0,-100.0,-100.0,-8.0,0.0,0.0,32.0,-100.0,-100.0,-100.0,0.0,0.0,-0.0,32.0,-93.2,-93.2,-93.2,0.0,0.0,0.0,33.0,-95.017,-95.017,-95.017,0.0,0.0,0.0,32.0,-70.244,-70.244,-70.244,0.0,0.0,-0.0,37.0,-32.99,-33.196,-33.196,8.0,0.0,0.0,35.0
7.7279,1,fwd,20.4,12.0,1.843,20.4,2.331,-4.0,0.0,3.55,32.0,-100.0,-100.0,-100.0,-8.0,0.0,0.0,32.0,-100.0,-100.0,-100.0,0.0,0.0,-0.0,32.0,-93.2,-93.2,-93.2,0.0,0.0,0.0,33.0,-95.017,-95.017,-95.017,0.0,0.0,0.0,32.0,-70.244,-70.244,-70.244,0.0,0.0,-0.0,37.0,-32.99,-33.196,-33.196,8.0,0.0,0.0,35.0
7.7809,1,fwd,20.4,12.0,2.112,20.4,2.544,-4.0,0.0,4.477,32.0,-100.0,-100.0,-100.0,-8.0,0.0,0.0,32.0,-100.0,-100.0,-100.0,0.0,0.0,-0.0,32.0,-93.2,-93.2,-93.2,0.0,0.0,0.0,33.0,-95.017,-95.017,-95.017,0.0,0.0,0.0,32.0,-70.244,-70.244,-70.244,0.0,0.0,-0.0,37.0,-32.99,-33.196,-33.196,8.0,0.0,0.0,35.0
7.8348,1,fwd,20.4,12.0,2.382,20.4,2.758,-4.0,0.0,4.936,32.0,-100.0,-100.0,-100.0,-8.0,0.0,0.0,32.0,-100.0,-100.0,-100.0,0.0,0.0,-0.0,32.0,-93.2,-93.2,-93.2,0.0,0.0,0.0,33.0,-95.017,-95.017,-95.017,0.0,0.0,0.0,32.0,-70.244,-70.244,-70.244,0.0,0.0,-0.0,37.0,-32.99,-33.196,-33.196,8.0,0.0,0.0,35.0
7.8878,1,fwd,20.4,12.0,2.562,20.4,2.971,-4.0,0.0,3.83,32.0,-100.0,-100.0,-100.0,-8.0,0.0,0.0,32.0,-100.0,-100.0,-100.0,0.0,0.0,-0.0,32.0,-93.2,-93.2,-93.2,0.0,0.0,0.0,33.0,-95.017,-95.017,-95.017,0.0,0.0,0.0,32.0,-70.244,-70.244,-70.244,0.0,0.0,-0.0,37.0,-32.99,-33.196,-33.196,8.0,0.0,0.0,35.0
7.941,1,fwd,20.4,12.0,2.652,20.4,3.078,-20.0,0.0,3.692,32.0,-100.0,-100.0,-100.0,0.0,0.0,0.0,32.0,-100.0,-100.0,-100.0,0.0,0.0,-0.0,32.0,-93.2,-93.2,-93.2,0.0,0.0,0.0,33.0,-95.017,-95.017,-95.017,0.0,0.0,0.0,32.0,-70.244,-70.244,-70.244,0.0,0.0,-0.0,36.0,-32.99,-33.196,-33.196,8.0,0.0,0.0,35.0
7.9939,1,fwd,20.4,12.0,2.831,20.4,3.407,-20.0,0.0,2.487,32.0,-100.0,-100.0,-100.0,0.0,0.0,0.0,32.0,-100.0,-100.0,-100.0,0.0,0.0,-0.0,32.0,-93.2,-93.2,-93.2,0.0,0.0,0.0,33.0,-95.017,-95.017,-95.017,0.0,0.0,0.0,32.0,-70.244,-70.244,-70.244,0.0,0.0,-0.0,36.0,-32.99,-33.196,-33.196,8.0,0.0,0.0,35.0
8.0459,1,fwd,20.4,12.0,3.011,20.4,3.623,-20.0,0.0,2.932,32.0,-100.0,-100.0,-100.0,0.0,0.0,0.0,32.0,-100.0,-100.0,-100.0,0.0,0.0,-0.0,32.0,-93.2,-93.2,-93.2,0.0,0.0,0.0,33.0,-95.017,-95.017,-95.017,0.0,0.0,0.0,32.0,-70.244,-70.244,-70.244,0.0,0.0,-0.0,36.0,-32.99,-33.196,-33.196,8.0,0.0,0.0,35.0
8.0989,1,fwd,20.4,12.0,3.191,20.4,3.837,-20.0,0.0,3.148,32.0,-100.0,-100.0,-100.0,0.0,0.0,0.0,32.0,-100.0,-100.0,-100.0,0.0,0.0,-0.0,32.0,-93.2,-93.2,-93.2,0.0,0.0,0.0,33.0,-95.017,-95.017,-95.017,0.0,0.0,0.0,32.0,-70.244,-70.244,-70.244,0.0,0.0,-0.0,36.0,-32.99,-33.196,-33.196,8.0,0.0,0.0,35.0
8.152,1,fwd,20.4,12.0,3.461,20.4,4.051,-20.0,0.0,3.957,32.0,-100.0,-100.0,-100.0,0.0,0.0,0.0,32.0,-100.0,-100.0,-100.0,0.0,0.0,-0.0,32.0,-93.2,-93.2,-93.2,0.0,0.0,0.0,33.0,-95.017,-95.017,-95.017,0.0,0.0,0.0,32.0,-70.244,-70.244,-70.244,0.0,0.0,-0.0,36.0,-32.99,-33.196,-33.196,8.0,0.0,0.0,35.0
8.2051,1,fwd,20.4,12.0,3.91,20.4,4.268,-20.0,0.0,5.996,32.0,-100.0,-100.0,-100.0,0.0,0.0,0.0,32.0,-100.0,-100.0,-100.0,0.0,0.0,-0.0,32.0,-93.2,-93.2,-93.2,0.0,0.0,0.0,33.0,-95.017,-95.017,-95.017,0.0,0.0,0.0,32.0,-70.244,-70.244,-70.244,0.0,0.0,-0.0,36.0,-32.99,-33.196,-33.196,8.0,0.0,0.0,35.0
8.2585,1,fwd,20.4,12.0,4.09,20.4,4.484,-20.0,0.0,4.647,32.0,-100.0,-100.0,-100.0,0.0,0.0,0.0,32.0,-100.0,-100.0,-100.0,0.0,0.0,-0.0,32.0,-93.2,-93.2,-93.2,0.0,0.0,0.0,33.0,-95.017,-95.017,-95.017,0.0,0.0,0.0,32.0,-70.244,-70.244,-70.244,0.0,0.0,-0.0,36.0,-32.99,-33.196,-33.196,8.0,0.0,0.0,35.0
8.3116,1,fwd,20.4,12.0,4.18,20.4,4.696,-20.0,0.0,2.992,32.0,-100.0,-100.0,-100.0,0.0,0.0,0.0,32.0,-100.0,-100.0,-100.0,0.0,0.0,-0.0,32.0,-93.2,-93.2,-93.2,0.0,0.0,0.0,33.0,-95.017,-95.017,-95.017,0.0,0.0,0.0,32.0,-70.244,-70.244,-70.244,0.0,0.0,-0.0,36.0,-32.99,-33.196,-33.196,8.0,0.0,0.0,35.0
8.3649,1,fwd,20.4,12.0,4.36,20.4,4.91,-20.0,0.0,3.184,32.0,-100.0,-100.0,-100.0,0.0,0.0,0.0,32.0,-100.0,-100.0,-100.0,0.0,0.0,-0.0,32.0,-93.2,-93.2,-93.2,0.0,0.0,0.0,33.0,-95.017,-95.017,-95.017,0.0,0.0,0.0,32.0,-70.244,-70.244,-70.244,0.0,0.0,-0.0,36.0,-32.99,-33.196,-33.196,8.0,0.0,0.0,35.0
8.4172,1,fwd,20.4,12.0,4.449,20.4,5.125,-20.0,0.0,2.554,32.0,-100.0,-100.0,-100.0,0.0,0.0,0.0,32.0,-100.0,-100.0,-100.0,0.0,0.0,-0.0,32.0,-93.2,-93.2,-93.2,0.0,0.0,0.0,33.0,-95.017,-95.017,-95.017,0.0,0.0,0.0,32.0,-70.244,-70.244,-70.244,0.0,0.0,-0.0,36.0,-32.99,-33.196,-33.196,8.0,0.0,0.0,35.0
8.4708,1,fwd,20.4,12.0,4.719,20.4,5.343,-20.0,0.0,3.923,32.0,-100.0,-100.0,-100.0,0.0,0.0,0.0,32.0,-100.0,-100.0,-100.0,0.0,0.0,-0.0,32.0,-93.2,-93.2,-93.2,0.0,0.0,0.0,33.0,-95.017,-95.017,-95.017,0.0,0.0,0.0,32.0,-70.244,-70.244,-70.244,0.0,0.0,-0.0,36.0,-32.99,-33.196,-33.196,8.0,0.0,0.0,35.0
8.5241,1,fwd,20.4,11.9,4.719,20.4,5.573,-28.0,1.0,3.923,32.0,-100.0,-100.0,-100.0,-8.0,0.0,0.0,32.0,-100.0,-100.0,-100.0,0.0,0.0,-0.0,32.0,-93.2,-93.2,-93.2,0.0,0.0,0.0,33.0,-95.017,-95.017,-95.017,0.0,0.0,0.0,32.0,-70.244,-70.244,-70.244,0.0,0.0,-0.0,36.0,-32.99,-33.196,-33.196,8.0,0.0,0.0,35.0
8.5762,1,fwd,20.4,11.9,5.169,20.4,5.799,-28.0,1.0,4.179,32.0,-100.0,-100.0,-100.0,-8.0,0.0,0.0,32.0,-100.0,-100.0,-100.0,0.0,0.0,-0.0,32.0,-93.2,-93.2,-93.2,0.0,0.0,0.0,33.0,-95.017,-95.017,-95.017,0.0,0.0,0.0,32.0,-70.244,-70.244,-70.244,0.0,0.0,-0.0,36.0,-32.99,-33.196,-33.196,8.0,0.0,0.0,35.0
8.6298,1,fwd,20.4,11.9,5.438,20.4,6.02,-28.0,1.0,4.727,32.0,-100.0,-100.0,-100.0,-8.0,0.0,0.0,32.0,-100.0,-100.0,-100.0,0.0,0.0,-0.0,32.0,-93.2,-93.2,-93.2,0.0,0.0,0.0,33.0,-95.017,-95.017,-95.017,0.0,0.0,0.0,32.0,-70.244,-70.244,-70.244,0.0,0.0,-0.0,36.0,-32.99,-33.196,-33.196,8.0,0.0,0.0,35.0
8.683,1,fwd,20.4,11.9,5.528,20.4,6.233,-28.0,1.0,3.333,32.0,-100.0,-100.0,-100.0,-8.0,0.0,0.0,32.0,-100.0,-100.0,-100.0,0.0,0.0,-0.0,32.0,-93.2,-93.2,-93.2,0.0,0.0,0.0,33.0,-95.017,-95.017,-95.017,0.0,0.0,0.0,32.0,-70.244,-70.244,-70.244,0.0,0.0,-0.0,36.0,-32.99,-33.196,-33.196,8.0,0.0,0.0,35.0
8.7365,1,fwd,20.4,11.9,5.618,20.4,6.447,-28.0,1.0,2.335,32.0,-100.0,-100.0,-100.0,-8.0,0.0,0.0,32.0,-100.0,-100.0,-100.0,0.0,0.0,-0.0,32.0,-93.2,-93.2,-93.2,0.0,0.0,0.0,33.0,-95.017,-95.017,-95.017,0.0,0.0,0.0,32.0,-70.244,-70.244,-70.244,0.0,0.0,-0.0,36.0,-32.99,-33.196,-33.196,8.0,0.0,0.0,35.0
8.7898,1,fwd,20.4,11.9,5.888,20.4,6.555,-28.0,1.0,3.542,32.0,-100.0,-100.0,-100.0,-8.0,0.0,0.0,32.0,-100.0,-100.0,-100.0,0.0,0.0,-0.0,32.0,-93.2,-93.2,-93.2,0.0,0.0,0.0,33.0,-95.017,-95.017,-95.017,0.0,0.0,0.0,32.0,-70.244,-70.244,-70.244,0.0,0.0,-0.0,36.0,-32.99,-33.196,-33.196,8.0,0.0,0.0,35.0
8.8438,1,fwd,20.4,11.9,6.067,20.4,6.784,-28.0,1.0,3.359,32.0,-100.0,-100.0,-100.0,-8.0,0.0,0.0,32.0,-100.0,-100.0,-100.0,0.0,0.0,-0.0,32.0,-93.2,-93.2,-93.2,0.0,0.0,0.0,33.0,-95.017,-95.017,-95.017,0.0,0.0,0.0,32.0,-70.244,-70.244,-70.244,0.0,0.0,-0.0,36.0,-32.99,-33.196,-33.196,8.0,0.0,0.0,35.0
8.8961,1,fwd,20.4,11.9,6.427,20.4,6.998,-28.0,1.0,5.104,32.0,-100.0,-100.0,-100.0,-8.0,0.0,0.0,32.0,-100.0,-100.0,-100.0,0.0,0.0,-0.0,32.0,-93.2,-93.2,-93.2,0.0,0.0,0.0,33.0,-95.017,-95.017,-95.017,0.0,0.0,0.0,32.0,-70.244,-70.244,-70.244,0.0,0.0,-0.0,36.0,-32.99,-33.196,-33.196,8.0,0.0,0.0,35.0
8.9493,1,fwd,20.4,11.9,6.607,20.4,7.211,-28.0,1.0,3.906,32.0,-100.0,-100.0,-100.0,-8.0,0.0,0.0,32.0,-100.0,-100.0,-100.0,0.0,0.0,-0.0,32.0,-93.2,-93.2,-93.2,0.0,0.0,0.0,33.0,-95.017,-95.017,-95.017,0.0,0.0,0.0,32.0,-70.244,-70.244,-70.244,0.0,0.0,-0.0,36.0,-32.99,-33.196,-33.196,8.0,0.0,0.0,35.0
9.0025,1,fwd,20.4,11.9,6.876,20.4,7.424,-28.0,1.0,4.645,32.0,-100.0,-100.0,-100.0,-8.0,0.0,0.0,32.0,-100.0,-100.0,-100.0,0.0,0.0,-0.0,32.0,-93.2,-93.2,-93.2,0.0,0.0,0.0,33.0,-95.017,-95.017,-95.017,0.0,0.0,0.0,32.0,-70.244,-70.244,-70.244,0.0,0.0,-0.0,36.0,-32.99,-33.196,-33.196,8.0,0.0,0.0,35.0
9.0557,1,fwd,20.4,11.9,7.056,20.4,7.638,-28.0,1.0,3.998,32.0,-100.0,-100.0,-100.0,-8.0,0.0,0.0,32.0,-100.0,-100.0,-100.0,0.0,0.0,-0.0,32.0,-93.2,-93.2,-93.2,0.0,0.0,0.0,33.0,-95.017,-95.017,-95.017,0.0,0.0,0.0,32.0,-70.244,-70.244,-70.244,0.0,0.0,-0.0,36.0,-32.99,-33.196,-33.196,8.0,0.0,0.0,35.0
9.1089,1,fwd,20.4,11.9,7.236,20.4,7.876,-32.0,0.0,3.695,32.0,-100.0,-100.0,-100.0,0.0,0.0,0.0,32.0,-100.0,-100.0,-100.0,0.0,0.0,-0.0,32.0,-93.2,-93.2,-93.2,0.0,0.0,0.0,33.0,-95.017,-95.017,-95.017,0.0,0.0,0.0,32.0,-70.244,-70.244,-70.244,0.0,0.0,-0.0,37.0,-32.99,-33.196,-33.196,8.0,0.0,0.0,35.0
9.1612,1,fwd,20.4,11.9,7.326,20.4,8.092,-32.0,0.0,2.82,32.0,-100.0,-100.0,-100.0,0.0,0.0,0.0,32.0,-100.0,-100.0,-100.0,0.0,0.0,-0.0,32.0,-93.2,-93.2,-93.2,0.0,0.0,0.0,33.0,-95.017,-95.017,-95.017,0.0,0.0,0.0,32.0,-70.244,-70.244,-70.244,0.0,0.0,-0.0,37.0,-32.99,-33.196,-33.196,8.0,0.0,0.0,35.0
9.2143,1,fwd,20.4,11.9,7.596,20.4,8.307,-32.0,0.0,4.07,32.0,-100.0,-100.0,-100.0,0.0,0.0,0.0,32.0,-100.0,-100.0,-100.0,0.0,0.0,-0.0,32.0,-93.2,-93.2,-93.2,0.0,0.0,0.0,33.0,-95.017,-95.017,-95.017,0.0,0.0,0.0,32.0,-70.244,-70.244,-70.244,0.0,0.0,-0.0,37.0,-32.99,-33.196,-33.196,8.0,0.0,0.0,35.0
9.2675,1,fwd,20.4,11.9,7.865,20.4,8.523,-32.0,0.0,4.72,32.0,-100.0,-100.0,-100.0,0.0,0.0,0.0,32.0,-100.0,-100.0,-100.0,0.0,0.0,-0.0,32.0,-93.2,-93.2,-93.2,0.0,0.0,0.0,33.0,-95.017,-95.017,-95.017,0.0,0.0,0.0,32.0,-70.244,-70.244,-70.244,0.0,0.0,-0.0,37.0,-32.99,-33.196,-33.196,8.0,0.0,0.0,35.0
9.3207,1,fwd,20.4,11.9,8.045,20.4,8.735,-32.0,0.0,3.739,32.0,-100.0,-100.0,-100.0,0.0,0.0,0.0,32.0,-100.0,-100.0,-100.0,0.0,0.0,-0.0,32.0,-93.2,-93.2,-93.2,0.0,0.0,0.0,33.0,-95.017,-95.017,-95.017,0.0,0.0,0.0,32.0,-70.244,-70.244,-70.244,0.0,0.0,-0.0,37.0,-32.99,-33.196,-33.196,8.0,0.0,0.0,35.0
9.3737,1,fwd,20.4,11.9,8.315,20.4,8.949,-32.0,0.0,4.572,32.0,-100.0,-100.0,-100.0,0.0,0.0,0.0,32.0,-100.0,-100.0,-100.0,0.0,0.0,-0.0,32.0,-93.2,-93.2,-93.2,0.0,0.0,0.0,33.0,-95.017,-95.017,-95.017,0.0,0.0,0.0,32.0,-70.244,-70.244,-70.244,0.0,0.0,-0.0,37.0,-32.99,-33.196,-33.196,8.0,0.0,0.0,35.0
9.427,1,fwd,20.4,11.9,8.404,20.4,9.162,-32.0,0.0,2.946,32.0,-100.0,-100.0,-100.0,0.0,0.0,0.0,32.0,-100.0,-100.0,-100.0,0.0,0.0,-0.0,32.0,-93.2,-93.2,-93.2,0.0,0.0,0.0,33.0,-95.017,-95.017,-95.017,0.0,0.0,0.0,32.0,-70.244,-70.244,-70.244,0.0,0.0,-0.0,37.0,-32.99,-33.196,-33.196,8.0,0.0,0.0,35.0
9.4792,1,fwd,20.4,11.9,8.674,20.4,9.379,-32.0,0.0,3.834,32.0,-100.0,-100.0,-100.0,0.0,0.0,0.0,32.0,-100.0,-100.0,-100.0,0.0,0.0,-0.0,32.0,-93.2,-93.2,-93.2,0.0,0.0,0.0,33.0,-95.017,-95.017,-95.017,0.0,0.0,0.0,32.0,-70.244,-70.244,-70.244,0.0,0.0,-0.0,37.0,-32.99,-33.196,-33.196,8.0,0.0,0.0,35.0
9.5324,1,fwd,20.4,11.9,8.764,20.4,9.593,-32.0,0.0,2.879,32.0,-100.0,-100.0,-100.0,0.0,0.0,0.0,32.0,-100.0,-100.0,-100.0,0.0,0.0,-0.0,32.0,-93.2,-93.2,-93.2,0.0,0.0,0.0,33.0,-95.017,-95.017,-95.017,0.0,0.0,0.0,32.0,-70.244,-70.244,-70.244,0.0,0.0,-0.0,37.0,-32.99,-33.196,-33.196,8.0,0.0,0.0,35.0
9.5855,1,fwd,20.4,11.9,9.034,20.4,9.808,-32.0,0.0,3.824,32.0,-100.0,-100.0,-100.0,0.0,0.0,0.0,32.0,-100.0,-100.0,-100.0,0.0,0.0,-0.0,32.0,-93.2,-93.2,-93.2,0.0,0.0,0.0,33.0,-95.017,-95.017,-95.017,0.0,0.0,0.0,32.0,-70.244,-70.244,-70.244,0.0,0.0,-0.0,37.0,-32.99,-33.196,-33.196,8.0,0.0,0.0,35.0
9.6384,1,fwd,20.4,11.9,9.213,20.4,9.915,-32.0,0.0,4.706,32.0,-100.0,-100.0,-100.0,0.0,0.0,0.0,32.0,-100.0,-100.0,-100.0,0.0,0.0,-0.0,32.0,-93.2,-93.2,-93.2,0.0,0.0,0.0,33.0,-95.017,-95.017,-95.017,0.0,0.0,0.0,32.0,-70.244,-70.244,-70.244,0.0,0.0,-0.0,37.0,-32.99,-33.196,-33.196,8.0,0.0,0.0,35.0
9.6915,1,fwd,20.4,11.9,9.483,20.4,10.259,-28.0,0.0,4.656,32.0,-100.0,-100.0,-100.0,-8.0,0.0,0.0,32.0,-100.0,-100.0,-100.0,0.0,0.0,-0.0,32.0,-93.2,-93.2,-93.2,0.0,0.0,0.0,33.0,-95.017,-95.017,-95.017,0.0,0.0,0.0,32.0,-70.244,-70.244,-70.244,0.0,0.0,-0.0,37.0,-32.99,-33.196,-33.196,8.0,0.0,0.0,35.0
9.7449,1,fwd,20.4,11.9,9.573,20.4,10.48,-28.0,0.0,3.291,32.0,-100.0,-100.0,-100.0,-8.0,0.0,0.0,32.0,-100.0,-100.0,-100.0,0.0,0.0,-0.0,32.0,-93.2,-93.2,-93.2,0.0,0.0,0.0,33.0,-95.017,-95.017,-95.017,0.0,0.0,0.0,32.0,-70.244,-70.244,-70.244,0.0,0.0,-0.0,37.0,-32.99,-33.196,-33.196,8.0,0.0,0.0,35.0
9.7986,1,fwd,20.4,11.9,9.753,20.4,10.695,-28.0,0.0,3.318,32.0,-100.0,-100.0,-100.0,-8.0,0.0,0.0,32.0,-100.0,-100.0,-100.0,0.0,0.0,-0.0,32.0,-93.2,-93.2,-93.2,0.0,0.0,0.0,33.0,-95.017,-95.017,-95.017,0.0,0.0,0.0,32.0,-70.244,-70.244,-70.244,0.0,0.0,-0.0,37.0,-32.99,-33.196,-33.196,8.0,0.0,0.0,35.0
9.8535,1,fwd,20.4,11.9,9.933,20.4,10.914,-28.0,0.0,3.309,32.0,-100.0,-100.0,-100.0,-8.0,0.0,0.0,32.0,-99.858,-100.0,-100.0,0.0,0.0,1.064,32.0,-93.2,-93.2,-93.2,0.0,0.0,0.0,33.0,-95.017,-95.017,-95.017,0.0,0.0,0.0,32.0,-70.244,-70.244,-70.244,0.0,0.0,-0.0,37.0,-32.99,-33.196,-33.196,8.0,0.0,0.0,35.0
9.9067,1,fwd,20.4,11.9,10.112,20.4,11.127,-28.0,0.0,3.032,32.0,-100.0,-100.0,-100.0,-8.0,0.0,0.0,32.0,-99.858,-100.0,-100.0,0.0,0.0,0.521,32.0,-93.2,-93.2,-93.2,0.0,0.0,0.0,33.0,-95.017,-95.017,-95.017,0.0,0.0,0.0,32.0,-70.244,-70.244,-70.244,0.0,0.0,-0.0,37.0,-32.99,-33.196,-33.196,8.0,0.0,0.0,35.0
9.9607,1,fwd,20.4,11.9,10.382,20.4,11.344,-28.0,0.0,4.183,32.0,-100.0,-100.0,-100.0,-8.0,0.0,0.0,32.0,-99.858,-100.0,-100.0,0.0,0.0,0.256,32.0,-93.067,-93.2,-93.2,0.0,0.0,1.052,33.0,-95.017,-95.017,-95.017,0.0,0.0,0.0,32.0,-70.244,-70.244,-70.244,0.0,0.0,-0.0,37.0,-32.99,-33.196,-33.196,8.0,0.0,0.0,35.0
10.0132,1,fwd,20.4,11.9,10.742,20.4,11.464,-28.0,0.0,5.312,32.0,-100.0,-100.0,-100.0,-8.0,0.0,0.0,32.0,-99.858,-100.0,-100.0,0.0,0.0,0.125,32.0,-93.067,-93.2,-93.2,0.0,0.0,0.516,33.0,-95.017,-95.017,-95.017,0.0,0.0,0.0,32.0,-70.244,-70.244,-70.244,0.0,0.0,-0.0,37.0,-32.99,-33.196,-33.196,8.0,0.0,0.0,35.0
10.0665,1,fwd,20.4,11.9,10.921,20.4,11.677,-28.0,0.0,4.024,32.0,-100.0,-100.0,-100.0,-8.0,0.0,0.0,32.0,-99.858,-100.0,-100.0,0.0,0.0,0.061,32.0,-93.067,-93.2,-93.2,0.0,0.0,0.253,33.0,-95.017,-95.017,-95.017,0.0,0.0,0.0,32.0,-70.244,-70.244,-70.244,0.0,0.0,-0.0,37.0,-32.99,-33.196,-33.196,8.0,0.0,0.0,35.0
10.1192,1,fwd,20.4,11.9,11.101,20.4,11.891,-28.0,0.0,3.686,32.0,-100.0,-100.0,-100.0,-8.0,0.0,0.0,32.0,-99.858,-100.0,-100.0,0.0,0.0,0.03,32.0,-93.067,-93.2,-93.2,0.0,0.0,0.124,33.0,-95.017,-95.017,-95.017,0.0,0.0,0.0,32.0,-70.244,-70.244,-70.244,0.0,0.0,-0.0,37.0,-32.99,-33.196,-33.196,8.0,0.0,0.0,35.0
10.171,1,fwd,20.4,11.9,11.281,20.4,12.105,-28.0,0.0,3.529,32.0,-100.0,-100.0,-100.0,-8.0,0.0,0.0,32.0,-99.858,-100.0,-100.0,0.0,0.0,0.015,32.0,-93.067,-93.2,-93.2,0.0,0.0,0.061,33.0,-95.017,-95.017,-95.017,0.0,0.0,0.0,32.0,-70.244,-70.244,-70.244,0.0,0.0,-0.0,37.0,-32.99,-33.196,-33.196,8.0,0.0,0.0,35.0
10.2231,1,fwd,20.4,12.0,11.281,20.4,12.211,-52.0,3.0,2.47,32.0,-100.0,-100.0,-100.0,-8.0,0.0,0.0,32.0,-99.858,-100.0,-100.0,8.0,0.0,0.01,32.0,-93.067,-93.2,-93.2,8.0,0.0,0.042,33.0,-95.017,-95.017,-95.017,0.0,0.0,0.0,32.0,-70.244,-70.244,-70.244,0.0,0.0,-0.0,37.0,-32.99,-33.196,-33.196,8.0,0.0,0.0,35.0
10.276,1,fwd,20.4,12.0,11.551,20.4,12.545,-52.0,3.0,2.206,32.0,-100.0,-100.0,-100.0,-8.0,0.0,0.0,32.0,-99.858,-100.0,-100.0,8.0,0.0,0.005,32.0,-93.067,-93.2,-93.2,8.0,0.0,0.021,33.0,-95.017,-95.017,-95.017,0.0,0.0,0.0,32.0,-70.244,-70.244,-70.244,0.0,0.0,-0.0,37.0,-32.99,-33.196,-33.196,8.0,0.0,0.0,35.0
10.3282,1,fwd,20.4,12.0,11.82,20.4,12.758,-52.0,3.0,3.787,32.0,-100.0,-100.0,-100.0,-8.0,0.0,0.0,32.0,-99.858,-100.0,-100.0,8.0,0.0,0.002,32.0,-93.067,-93.2,-93.2,8.0,0.0,0.01,33.0,-95.017,-95.017,-95.017,0.0,0.0,0.0,32.0,-70.244,-70.244,-70.244,0.0,0.0,-0.0,37.0,-32.99,-33.196,-33.196,8.0,0.0,0.0,35.0
10.3814,1,fwd,20.4,12.0,12.18,20.4,12.975,-52.0,3.0,5.246,32.0,-100.0,-100.0,-100.0,-8.0,0.0,0.0,32.0,-99.858,-100.0,-100.0,8.0,0.0,0.001,32.0,-93.067,-93.2,-93.2,8.0,0.0,0.005,33.0,-95.017,-95.017,-95.017,0.0,0.0,0.0,32.0,-70.244,-70.244,-70.244,0.0,0.0,-0.0,37.0,-32.99,-33.196,-33.196,8.0,0.0,0.0,35.0
10.4347,1,fwd,20.4,12.0,12.36,20.4,13.189,-52.0,3.0,3.982,32.0,-100.0,-100.0,-100.0,-8.0,0.0,0.0,32.0,-99.858,-100.0,-100.0,8.0,0.0,0.001,32.0,-93.067,-93.2,-93.2,8.0,0.0,0.002,33.0,-95.017,-95.017,-95.017,0.0,0.0,0.0,32.0,-70.244,-70.244,-70.244,0.0,0.0,-0.0,37.0,-32.99,-33.196,-33.196,8.0,0.0,0.0,35.0
10.4879,1,fwd,20.4,12.0,12.539,20.4,13.403,-52.0,3.0,3.667,32.0,-100.0,-100.0,-100.0,-8.0,0.0,0.0,32.0,-99.858,-100.0,-100.0,8.0,0.0,0.0,32.0,-93.067,-93.2,-93.2,8.0,0.0,0.001,33.0,-95.017,-95.017,-95.017,0.0,0.0,0.0,32.0,-70.244,-70.244,-70.244,0.0,0.0,-0.0,37.0,-32.99,-33.196,-33.196,8.0,0.0,0.0,35.0
10.5408,1,fwd,20.4,12.0,12.719,20.4,13.616,-52.0,3.0,3.518,32.0,-100.0,-100.0,-100.0,-8.0,0.0,0.0,32.0,-99.858,-100.0,-100.0,8.0,0.0,0.0,32.0,-93.067,-93.2,-93.2,8.0,0.0,0.001,33.0,-95.017,-95.017,-95.017,0.0,0.0,0.0,32.0,-70.244,-70.244,-70.244,0.0,0.0,-0.0,37.0,-32.99,-33.196,-33.196,8.0,0.0,0.0,35.0
10.594,1,fwd,20.4,12.0,12.899,20.4,13.831,-52.0,3.0,3.418,32.0,-100.0,-100.0,-100.0,-8.0,0.0,0.0,32.0,-99.858,-100.0,-100.0,8.0,0.0,0.0,32.0,-93.067,-93.2,-93.2,8.0,0.0,0.0,33.0,-95.017,-95.017,-95.017,0.0,0.0,0.0,32.0,-70.244,-70.244,-70.244,0.0,0.0,-0.0,37.0,-32.99,-33.196,-33.196,8.0,0.0,0.0,35.0
10.6463,1,fwd,20.4,12.0,12.989,20.4,14.045,-52.0,3.0,2.384,32.0,-100.0,-100.0,-100.0,-8.0,0.0,0.0,32.0,-99.858,-100.0,-100.0,8.0,0.0,0.0,32.0,-93.067,-93.2,-93.2,8.0,0.0,0.0,33.0,-95.017,-95.017,-95.017,0.0,0.0,0.0,32.0,-70.244,-70.244,-70.244,0.0,0.0,-0.0,37.0,-32.99,-33.196,-33.196,8.0,0.0,0.0,35.0
10.6993,1,fwd,20.4,12.0,13.258,20.4,14.26,-52.0,3.0,3.575,32.0,-100.0,-100.0,-100.0,-8.0,0.0,0.0,32.0,-99.858,-100.0,-100.0,8.0,0.0,0.0,32.0,-93.067,-93.2,-93.2,8.0,0.0,0.0,33.0,-95.017,-95.017,-95.017,0.0,0.0,0.0,32.0,-70.244,-70.244,-70.244,0.0,0.0,-0.0,37.0,-32.99,-33.196,-33.196,8.0,0.0,0.0,35.0
10.7527,1,fwd,20.4,12.0,13.618,20.4,14.473,-52.0,3.0,5.181,32.0,-100.0,-100.0,-100.0,-8.0,0.0,0.0,32.0,-99.858,-100.0,-100.0,8.0,0.0,0.0,32.0,-93.067,-93.2,-93.2,8.0,0.0,0.0,33.0,-95.017,-95.017,-95.017,0.0,0.0,0.0,32.0,-70.244,-70.244,-70.244,0.0,0.0,-0.0,37.0,-32.99,-33.196,-33.196,8.0,0.0,0.0,35.0
10.8061,1,fwd,20.4,11.9,13.618,20.4,14.701,-48.0,2.0,5.181,32.0,-100.0,-100.0,-100.0,-8.0,0.0,0.0,32.0,-99.858,-100.0,-100.0,8.0,0.0,0.0,32.0,-93.067,-93.2,-93.2,8.0,0.0,0.0,33.0,-95.017,-95.017,-95.017,0.0,0.0,0.0,32.0,-70.244,-70.244,-70.244,0.0,0.0,-0.0,37.0,-32.99,-33.196,-33.196,8.0,0.0,0.0,35.0
10.8592,1,fwd,20.4,11.9,13.798,20.4,14.917,-48.0,2.0,3.194,32.0,-100.0,-100.0,-100.0,-8.0,0.0,0.0,32.0,-99.858,-100.0,-100.0,8.0,0.0,0.0,32.0,-93.067,-93.2,-93.2,8.0,0.0,0.0,33.0,-95.017,-95.017,-95.017,0.0,0.0,0.0,32.0,-70.244,-70.244,-70.244,0.0,0.0,-0.0,37.0,-32.99,-33.196,-33.196,8.0,0.0,0.0,35.0
10.9124,1,fwd,20.4,11.9,13.978,20.4,15.144,-48.0,2.0,3.198,32.0,-100.0,-100.0,-100.0,-8.0,0.0,0.0,32.0,-99.858,-100.0,-100.0,8.0,0.0,0.0,32.0,-93.067,-93.2,-93.2,8.0,0.0,0.0,33.0,-95.017,-95.017,-95.017,0.0,0.0,0.0,32.0,-70.244,-70.244,-70.244,0.0,0.0,-0.0,37.0,-32.99,-33.196,-33.196,8.0,0.0,0.0,35.0
10.9659,1,fwd,20.4,11.9,14.157,20.4,15.365,-48.0,2.0,2.897,32.0,-100.0,-100.0,-100.0,-8.0,0.0,0.0,32.0,-99.858,-100.0,-100.0,8.0,0.0,0.0,32.0,-93.067,-93.2,-93.2,8.0,0.0,0.0,33.0,-95.017,-95.017,-95.017,0.0,0.0,0.0,32.0,-70.244,-70.244,-70.244,0.0,0.0,-0.0,37.0,-32.99,-33.196,-33.196,8.0,0.0,0.0,35.0
11.0196,1,fwd,20.4,11.9,14.427,20.4,15.484,-48.0,2.0,3.689,32.0,-100.0,-100.0,-100.0,-8.0,0.0,0.0,32.0,-99.858,-100.0,-100.0,8.0,0.0,0.0,32.0,-93.067,-93.2,-93.2,8.0,0.0,0.0,33.0,-95.017,-95.017,-95.017,0.0,0.0,0.0,32.0,-70.244,-70.244,-70.244,0.0,0.0,-0.0,37.0,-32.99,-33.196,-33.196,8.0,0.0,0.0,35.0
11.0728,1,fwd,20.4,11.9,14.607,20.4,15.699,-48.0,2.0,3.518,32.0,-100.0,-100.0,-100.0,-8.0,0.0,0.0,32.0,-99.858,-100.0,-100.0,8.0,0.0,0.0,32.0,-93.067,-93.2,-93.2,8.0,0.0,0.0,33.0,-95.017,-95.017,-95.017,0.0,0.0,0.0,32.0,-70.244,-70.244,-70.244,0.0,0.0,-0.0,37.0,-32.99,-33.196,-33.196,8.0,0.0,0.0,35.0
11.1261,1,fwd,20.4,11.9,14.966,20.4,15.913,-48.0,2.0,5.167,32.0,-100.0,-100.0,-100.0,-8.0,0.0,0.0,32.0,-99.858,-100.0,-100.0,8.0,0.0,0.0,32.0,-93.067,-93.2,-93.2,8.0,0.0,0.0,33.0,-95.017,-95.017,-95.017,0.0,0.0,0.0,32.0,-70.244,-70.244,-70.244,0.0,0.0,-0.0,37.0,-32.99,-33.196,-33.196,8.0,0.0,0.0,35.0
11.178,1,fwd,20.4,11.9,15.236,20.4,16.126,-48.0,2.0,4.947,32.0,-100.0,-100.0,-100.0,-8.0,0.0,0.0,32.0,-99.858,-100.0,-100.0,8.0,0.0,0.0,32.0,-93.067,-93.2,-93.2,8.0,0.0,0.0,33.0,-95.017,-95.017,-95.017,0.0,0.0,0.0,32.0,-70.244,-70.244,-70.244,0.0,0.0,-0.0,37.0,-32.99,-33.196,-33.196,8.0,0.0,0.0,35.0
11.2311,1,fwd,20.4,11.9,15.326,20.4,16.34,-48.0,2.0,3.134,32.0,-100.0,-100.0,-100.0,-8.0,0.0,0.0,32.0,-99.858,-100.0,-100.0,8.0,0.0,0.0,32.0,-93.067,-93.2,-93.2,8.0,0.0,0.0,33.0,-95.017,-95.017,-95.017,0.0,0.0,0.0,32.0,-70.244,-70.244,-70.244,0.0,0.0,-0.0,37.0,-32.99,-33.196,-33.196,8.0,0.0,0.0,35.0
11.2838,1,fwd,20.4,11.9,15.596,20.4,16.552,-48.0,2.0,4.265,32.0,-100.0,-100.0,-100.0,-8.0,0.0,0.0,32.0,-99.858,-100.0,-100.0,8.0,0.0,0.0,32.0,-93.067,-93.2,-93.2,8.0,0.0,0.0,33.0,-95.017,-95.017,-95.017,0.0,0.0,0.0,32.0,-70.244,-70.244,-70.244,0.0,0.0,-0.0,37.0,-32.99,-33.196,-33.196,8.0,0.0,0.0,35.0
11.3363,1,fwd,20.4,11.9,15.685,20.4,16.766,-48.0,2.0,3.097,32.0,-100.0,-100.0,-100.0,-8.0,0.0,0.0,32.0,-99.858,-100.0,-100.0,8.0,0.0,0.0,32.0,-93.067,-93.2,-93.2,8.0,0.0,0.0,33.0,-95.017,-95.017,-95.017,0.0,0.0,0.0,32.0,-70.244,-70.244,-70.244,0.0,0.0,-0.0,37.0,-32.99,-33.196,-33.196,8.0,0.0,0.0,35.0
11.3885,1,fwd,20.4,11.9,15.865,20.4,16.998,-72.0,7.0,3.096,32.0,-100.0,-100.0,-100.0,-8.0,0.0,0.0,32.0,-99.858,-100.0,-100.0,8.0,0.0,0.0,32.0,-93.067,-93.2,-93.2,8.0,0.0,0.0,33.0,-95.017,-95.017,-95.017,0.0,0.0,0.0,32.0,-70.244,-70.244,-70.244,0.0,0.0,-0.0,36.0,-32.99,-33.196,-33.196,8.0,0.0,0.0,35.0
11.4417,1,fwd,20.4,11.9,16.135,20.4,17.214,-72.0,7.0,4.243,32.0,-100.0,-100.0,-100.0,-8.0,0.0,0.0,32.0,-99.858,-100.0,-100.0,8.0,0.0,0.0,32.0,-93.067,-93.2,-93.2,8.0,0.0,0.0,33.0,-95.017,-95.017,-95.017,0.0,0.0,0.0,32.0,-70.244,-70.244,-70.244,0.0,0.0,-0.0,36.0,-32.99,-33.196,-33.196,8.0,0.0,0.0,35.0
11.4949,1,fwd,20.4,11.9,16.404,20.4,17.427,-72.0,7.0,4.821,32.0,-100.0,-100.0,-100.0,-8.0,0.0,0.0,32.0,-99.858,-100.0,-100.0,8.0,0.0,0.0,32.0,-93.067,-93.2,-93.2,8.0,0.0,0.0,33.0,-95.017,-95.017,-95.017,0.0,0.0,0.0,32.0,-70.244,-70.244,-70.244,0.0,0.0,-0.0,36.0,-32.99,-33.196,-33.196,8.0,0.0,0.0,35.0
11.5481,1,fwd,20.4,11.9,16.674,20.4,17.639,-72.0,7.0,4.779,32.0,-100.0,-100.0,-100.0,-8.0,0.0,0.0,32.0,-99.858,-100.0,-100.0,8.0,0.0,0.0,32.0,-93.2,-93.2,-93.2,8.0,0.0,-1.483,33.0,-95.017,-95.017,-95.017,0.0,0.0,0.0,32.0,-70.244,-70.244,-70.244,0.0,0.0,-0.0,36.0,-32.99,-33.196,-33.196,8.0,0.0,0.0,35.0
11.6013,1,fwd,20.4,11.9,16.764,20.4,17.856,-72.0,7.0,3.032,32.0,-100.0,-100.0,-100.0,-8.0,0.0,0.0,32.0,-99.858,-100.0,-100.0,8.0,0.0,0.0,32.0,-93.2,-93.2,-93.2,8.0,0.0,-0.727,33.0,-95.017,-95.017,-95.017,0.0,0.0,0.0,32.0,-70.244,-70.244,-70.244,0.0,0.0,-0.0,36.0,-32.99,-33.196,-33.196,8.0,0.0,0.0,35.0
11.6546,1,fwd,20.4,11.9,16.944,20.4,18.075,-72.0,7.0,3.173,32.0,-100.0,-100.0,-100.0,-8.0,0.0,0.0,32.0,-99.858,-100.0,-100.0,8.0,0.0,0.0,32.0,-93.2,-93.2,-93.2,8.0,0.0,-0.356,33.0,-95.017,-95.017,-95.017,0.0,0.0,0.0,32.0,-70.244,-70.244,-70.244,0.0,0.0,-0.0,36.0,-32.99,-33.196,-33.196,8.0,0.0,0.0,35.0
11.7077,1,fwd,20.4,11.9,17.124,20.4,18.29,-72.0,7.0,3.264,32.0,-100.0,-100.0,-100.0,-8.0,0.0,0.0,32.0,-99.858,-100.0,-100.0,8.0,0.0,0.0,32.0,-93.2,-93.2,-93.2,8.0,0.0,-0.175,33.0,-95.017,-95.017,-95.017,0.0,0.0,0.0,32.0,-70.244,-70.244,-70.244,0.0,0.0,-0.0,36.0,-32.99,-33.196,-33.196,8.0,0.0,0.0,35.0
11.7608,1,fwd,20.4,11.9,17.303,20.4,18.504,-72.0,7.0,3.009,32.0,-100.0,-100.0,-100.0,-8.0,0.0,0.0,32.0,-99.858,-100.0,-100.0,8.0,0.0,0.0,32.0,-93.2,-93.2,-93.2,8.0,0.0,-0.086,33.0,-95.017,-95.017,-95.017,0.0,0.0,0.0,32.0,-70.244,-70.244,-70.244,0.0,0.0,-0.0,36.0,-32.99,-33.196,-33.196,8.0,0.0,0.0,35.0
11.8139,1,fwd,20.4,11.9,17.573,20.4,18.718,-72.0,7.0,4.21,32.0,-100.0,-100.0,-100.0,-8.0,0.0,0.0,32.0,-99.858,-100.0,-100.0,8.0,0.0,0.0,32.0,-93.2,-93.2,-93.2,8.0,0.0,-0.042,33.0,-95.017,-95.017,-95.017,0.0,0.0,0.0,32.0,-70.244,-70.244,-70.244,0.0,0.0,-0.0,36.0,-32.99,-33.196,-33.196,8.0,0.0,0.0,35.0
11.8678,1,fwd,20.4,11.9,17.933,20.4,18.93,-72.0,7.0,5.518,32.0,-100.0,-100.0,-100.0,-8.0,0.0,0.0,32.0,-99.858,-100.0,-100.0,8.0,0.0,0.0,32.0,-93.067,-93.2,-93.2,8.0,0.0,1.487,33.0,-95.017,-95.017,-95.017,0.0,0.0,0.0,32.0,-70.244,-70.244,-70.244,0.0,0.0,-0.0,36.0,-32.99,-33.196,-33.196,8.0,0.0,0.0,35.0
11.9209,1,fwd,20.4,11.9,18.022,20.4,19.037,-52.0,7.0,4.86,32.0,-100.0,-100.0,-100.0,-8.0,0.0,0.0,32.0,-99.858,-100.0,-100.0,8.0,0.0,0.0,32.0,-93.067,-93.2,-93.2,8.0,0.0,1.041,33.0,-95.017,-95.017,-95.017,0.0,0.0,0.0,32.0,-70.244,-70.244,-70.244,0.0,0.0,-0.0,36.0,-32.99,-33.196,-33.196,8.0,0.0,0.0,35.0
11.974,1,fwd,20.4,11.9,18.202,20.4,19.372,-52.0,7.0,4.351,32.0,-100.0,-100.0,-100.0,-8.0,0.0,0.0,32.0,-99.858,-100.0,-100.0,8.0,0.0,0.0,32.0,-93.067,-93.2,-93.2,8.0,0.0,0.728,33.0,-95.017,-95.017,-95.017,0.0,0.0,0.0,32.0,-70.244,-70.244,-70.244,0.0,0.0,-0.0,36.0,-32.99,-33.196,-33.196,8.0,0.0,0.0,35.0
12.0277,1,fwd,20.4,11.9,18.202,20.4,19.601,-52.0,7.0,2.132,32.0,-100.0,-100.0,-100.0,-8.0,0.0,0.0,32.0,-99.858,-100.0,-100.0,8.0,0.0,0.0,32.0,-93.067,-93.2,-93.2,8.0,0.0,0.357,33.0,-95.017,-95.017,-95.017,0.0,0.0,0.0,32.0,-70.244,-70.244,-70.244,0.0,0.0,-0.0,36.0,-32.99,-33.196,-33.196,8.0,0.0,0.0,35.0
12.0801,1,fwd,20.4,11.9,18.472,20.4,19.72,-52.0,7.0,3.323,32.0,-100.0,-100.0,-100.0,-8.0,0.0,0.0,32.0,-99.858,-100.0,-100.0,8.0,0.0,0.0,32.0,-93.067,-93.2,-93.2,8.0,0.0,0.175,33.0,-95.017,-95.017,-95.017,0.0,0.0,0.0,32.0,-70.244,-70.244,-70.244,0.0,0.0,-0.0,36.0,-32.99,-33.196,-33.196,8.0,0.0,0.0,35.0
12.1341,1,fwd,20.4,11.9,18.742,20.4,19.941,-52.0,7.0,3.958,32.0,-100.0,-100.0,-100.0,-8.0,0.0,0.0,32.0,-99.858,-100.0,-100.0,8.0,0.0,0.0,32.0,-93.067,-93.2,-93.2,8.0,0.0,0.086,33.0,-95.017,-95.017,-95.017,0.0,0.0,0.0,32.0,-70.732,-70.244,-70.244,0.0,0.0,-5.495,36.0,-32.99,-33.196,-33.196,8.0,0.0,0.0,35.0
12.1861,1,fwd,20.4,11.9,18.921,20.4,20.156,-52.0,7.0,3.949,32.0,-100.0,-100.0,-100.0,-8.0,0.0,0.0,32.0,-99.858,-100.0,-100.0,8.0,0.0,0.0,32.0,-93.067,-93.2,-93.2,8.0,0.0,0.042,33.0,-95.017,-95.017,-95.017,0.0,0.0,0.0,32.0,-70.732,-70.244,-70.244,0.0,0.0,-2.692,36.0,-32.99,-33.196,-33.196,8.0,0.0,0.0,35.0
12.2387,1,hold_end,20.4,11.9,19.281,20.4,20.371,-52.0,7.0,5.344,32.0,-100.0,-100.0,-100.0,-8.0,0.0,0.0,32.0,-99.858,-100.0,-100.0,8.0,0.0,0.0,32.0,-93.067,-93.2,-93.2,8.0,0.0,0.021,33.0,-95.017,-95.017,-95.017,0.0,0.0,0.0,32.0,-70.732,-70.244,-70.244,0.0,0.0,-1.319,36.0,-32.99,-33.196,-33.196,8.0,0.0,0.0,35.0
12.2917,1,hold_end,20.4,11.9,19.551,20.4,20.4,-52.0,7.0,5.022,32.0,-100.0,-100.0,-100.0,-8.0,0.0,0.0,32.0,-99.858,-100.0,-100.0,8.0,0.0,0.0,32.0,-93.067,-93.2,-93.2,8.0,0.0,0.01,33.0,-95.017,-95.017,-95.017,0.0,0.0,0.0,32.0,-70.244,-70.244,-70.244,0.0,0.0,4.773,36.0,-32.99,-33.196,-33.196,8.0,0.0,0.0,35.0
12.3449,1,hold_end,20.4,11.9,19.64,20.4,20.4,-52.0,7.0,3.461,32.0,-100.0,-100.0,-100.0,-8.0,0.0,0.0,32.0,-99.858,-100.0,-100.0,8.0,0.0,0.0,32.0,-93.067,-93.2,-93.2,8.0,0.0,0.005,33.0,-95.017,-95.017,-95.017,0.0,0.0,0.0,32.0,-70.244,-70.244,-70.244,0.0,0.0,2.339,36.0,-32.99,-33.196,-33.196,8.0,0.0,0.0,35.0
12.398,1,hold_end,20.4,11.9,19.64,20.4,20.4,-52.0,7.0,1.696,32.0,-100.0,-100.0,-100.0,-8.0,0.0,0.0,32.0,-99.858,-100.0,-100.0,8.0,0.0,0.0,32.0,-93.067,-93.2,-93.2,8.0,0.0,0.002,33.0,-95.017,-95.017,-95.017,0.0,0.0,0.0,32.0,-70.244,-70.244,-70.244,0.0,0.0,1.146,36.0,-32.99,-33.196,-33.196,8.0,0.0,0.0,35.0
12.4508,1,hold_end,20.4,11.9,19.64,20.4,20.4,-52.0,7.0,0.831,32.0,-100.0,-100.0,-100.0,-8.0,0.0,0.0,32.0,-99.858,-100.0,-100.0,8.0,0.0,0.0,32.0,-93.067,-93.2,-93.2,8.0,0.0,0.001,33.0,-95.017,-95.017,-95.017,0.0,0.0,0.0,32.0,-70.244,-70.244,-70.244,0.0,0.0,0.562,36.0,-32.99,-33.196,-33.196,8.0,0.0,0.0,35.0
12.504,1,hold_end,20.4,11.9,19.64,20.4,20.4,-56.0,5.0,0.582,32.0,-100.0,-100.0,-100.0,-8.0,0.0,0.0,32.0,-99.858,-100.0,-100.0,8.0,0.0,0.0,32.0,-93.067,-93.2,-93.2,8.0,0.0,0.001,33.0,-95.017,-95.017,-95.017,0.0,0.0,0.0,32.0,-70.244,-70.244,-70.244,0.0,0.0,0.393,36.0,-32.99,-33.196,-33.196,8.0,0.0,0.0,35.0
12.557,1,hold_end,20.4,11.9,19.64,20.4,20.4,-56.0,5.0,0.285,32.0,-100.0,-100.0,-100.0,-8.0,0.0,0.0,32.0,-99.858,-100.0,-100.0,8.0,0.0,0.0,32.0,-93.067,-93.2,-93.2,8.0,0.0,0.0,33.0,-95.017,-95.017,-95.017,0.0,0.0,0.0,32.0,-70.244,-70.244,-70.244,0.0,0.0,0.193,36.0,-32.99,-33.196,-33.196,8.0,0.0,0.0,35.0
12.6091,1,hold_end,20.4,11.9,19.64,20.4,20.4,-56.0,5.0,0.14,32.0,-100.0,-100.0,-100.0,-8.0,0.0,0.0,32.0,-99.858,-100.0,-100.0,8.0,0.0,0.0,32.0,-93.067,-93.2,-93.2,8.0,0.0,0.0,33.0,-95.017,-95.017,-95.017,0.0,0.0,0.0,32.0,-70.244,-70.244,-70.244,0.0,0.0,0.094,36.0,-32.99,-33.196,-33.196,8.0,0.0,0.0,35.0
12.6624,1,hold_end,20.4,11.9,19.64,20.4,20.4,-56.0,5.0,0.068,32.0,-100.0,-100.0,-100.0,-8.0,0.0,0.0,32.0,-99.858,-100.0,-100.0,8.0,0.0,0.0,32.0,-93.067,-93.2,-93.2,8.0,0.0,0.0,33.0,-95.017,-95.017,-95.017,0.0,0.0,0.0,32.0,-70.244,-70.244,-70.244,0.0,0.0,0.046,36.0,-32.99,-33.196,-33.196,8.0,0.0,0.0,35.0
12.7159,1,hold_end,20.4,11.9,19.64,20.4,20.4,-56.0,5.0,0.034,32.0,-100.0,-100.0,-100.0,-8.0,0.0,0.0,32.0,-99.858,-100.0,-100.0,8.0,0.0,0.0,32.0,-93.067,-93.2,-93.2,8.0,0.0,0.0,33.0,-95.017,-95.017,-95.017,0.0,0.0,0.0,32.0,-70.244,-70.244,-70.244,0.0,0.0,0.023,36.0,-32.99,-33.196,-33.196,8.0,0.0,0.0,35.0
12.7695,1,hold_end,20.4,11.9,19.64,20.4,20.4,-56.0,5.0,0.016,32.0,-100.0,-100.0,-100.0,-8.0,0.0,0.0,32.0,-99.858,-100.0,-100.0,8.0,0.0,0.0,32.0,-93.067,-93.2,-93.2,8.0,0.0,0.0,33.0,-95.017,-95.017,-95.017,0.0,0.0,0.0,32.0,-70.244,-70.244,-70.244,0.0,0.0,0.011,36.0,-32.99,-33.196,-33.196,8.0,0.0,0.0,35.0
12.8226,1,hold_end,20.4,11.9,19.64,20.4,20.4,-56.0,5.0,0.008,32.0,-100.0,-100.0,-100.0,-8.0,0.0,0.0,32.0,-99.858,-100.0,-100.0,8.0,0.0,0.0,32.0,-93.067,-93.2,-93.2,8.0,0.0,0.0,33.0,-95.017,-95.017,-95.017,0.0,0.0,0.0,32.0,-70.244,-70.244,-70.244,0.0,0.0,0.005,36.0,-32.99,-33.196,-33.196,8.0,0.0,0.0,35.0
12.8763,1,hold_end,20.4,11.9,19.64,20.4,20.4,-56.0,5.0,0.004,32.0,-100.0,-100.0,-100.0,-8.0,0.0,0.0,32.0,-99.858,-100.0,-100.0,8.0,0.0,0.0,32.0,-93.067,-93.2,-93.2,8.0,0.0,0.0,33.0,-95.017,-95.017,-95.017,0.0,0.0,0.0,32.0,-70.244,-70.244,-70.244,0.0,0.0,0.003,36.0,-32.99,-33.196,-33.196,8.0,0.0,0.0,35.0
12.9284,1,hold_end,20.4,11.9,19.64,20.4,20.4,-56.0,5.0,0.002,32.0,-100.0,-100.0,-100.0,-8.0,0.0,0.0,32.0,-99.858,-100.0,-100.0,8.0,0.0,0.0,32.0,-93.067,-93.2,-93.2,8.0,0.0,0.0,33.0,-95.017,-95.017,-95.017,0.0,0.0,0.0,32.0,-70.244,-70.244,-70.244,0.0,0.0,0.001,36.0,-32.99,-33.196,-33.196,8.0,0.0,0.0,35.0
12.9818,1,hold_end,20.4,11.9,19.64,20.4,20.4,-56.0,5.0,0.001,32.0,-100.0,-100.0,-100.0,-8.0,0.0,0.0,32.0,-99.858,-100.0,-100.0,8.0,0.0,0.0,32.0,-93.067,-93.2,-93.2,8.0,0.0,0.0,33.0,-95.017,-95.017,-95.017,0.0,0.0,0.0,32.0,-70.244,-70.244,-70.244,0.0,0.0,0.001,36.0,-32.99,-33.196,-33.196,8.0,0.0,0.0,35.0
13.0351,1,hold_end,20.4,11.9,19.64,20.4,20.4,-56.0,5.0,0.0,32.0,-100.0,-100.0,-100.0,-8.0,0.0,0.0,32.0,-99.858,-100.0,-100.0,8.0,0.0,0.0,32.0,-93.067,-93.2,-93.2,8.0,0.0,0.0,33.0,-95.017,-95.017,-95.017,0.0,0.0,0.0,32.0,-70.244,-70.244,-70.244,0.0,0.0,0.0,36.0,-32.99,-33.196,-33.196,8.0,0.0,0.0,35.0
13.0872,1,hold_end,20.4,11.9,19.64,20.4,20.4,-56.0,5.0,0.0,32.0,-100.0,-100.0,-100.0,-8.0,0.0,0.0,32.0,-99.858,-100.0,-100.0,8.0,0.0,0.0,32.0,-93.067,-93.2,-93.2,8.0,0.0,0.0,33.0,-95.017,-95.017,-95.017,0.0,0.0,0.0,32.0,-70.244,-70.244,-70.244,0.0,0.0,0.0,37.0,-32.99,-33.196,-33.196,8.0,0.0,0.0,35.0
13.1405,1,hold_end,20.4,11.9,19.64,20.4,20.4,-56.0,5.0,0.0,32.0,-100.0,-100.0,-100.0,-8.0,0.0,0.0,32.0,-99.858,-100.0,-100.0,8.0,0.0,0.0,32.0,-93.067,-93.2,-93.2,8.0,0.0,0.0,33.0,-95.017,-95.017,-95.017,0.0,0.0,0.0,32.0,-70.244,-70.244,-70.244,0.0,0.0,0.0,37.0,-32.99,-33.196,-33.196,8.0,0.0,0.0,35.0
13.1932,1,hold_end,20.4,11.9,19.64,20.4,20.4,-56.0,5.0,0.0,32.0,-100.0,-100.0,-100.0,-8.0,0.0,0.0,32.0,-99.858,-100.0,-100.0,8.0,0.0,0.0,32.0,-93.067,-93.2,-93.2,8.0,0.0,0.0,33.0,-95.017,-95.017,-95.017,0.0,0.0,0.0,32.0,-70.244,-70.244,-70.244,0.0,0.0,0.0,37.0,-32.99,-33.196,-33.196,8.0,0.0,0.0,35.0
13.2467,1,rev,-9.6,11.9,19.64,20.4,20.4,-56.0,5.0,0.0,32.0,-100.0,-100.0,-100.0,-8.0,0.0,0.0,32.0,-99.858,-100.0,-100.0,8.0,0.0,0.0,32.0,-93.067,-93.2,-93.2,8.0,0.0,0.0,33.0,-95.017,-95.017,-95.017,0.0,0.0,0.0,32.0,-70.244,-70.244,-70.244,0.0,0.0,0.0,37.0,-32.99,-33.196,-33.196,8.0,0.0,0.0,35.0
13.3001,1,rev,-9.6,11.9,19.64,-9.6,20.186,-56.0,5.0,0.0,32.0,-100.0,-100.0,-100.0,-8.0,0.0,0.0,32.0,-99.858,-100.0,-100.0,8.0,0.0,0.0,32.0,-93.067,-93.2,-93.2,8.0,0.0,0.0,33.0,-95.017,-95.017,-95.017,0.0,0.0,0.0,32.0,-70.244,-70.244,-70.244,0.0,0.0,0.0,37.0,-32.99,-33.196,-33.196,8.0,0.0,0.0,35.0
13.3537,1,rev,-9.6,11.9,19.551,-9.6,19.971,-56.0,5.0,-1.018,32.0,-100.0,-100.0,-100.0,-8.0,0.0,0.0,32.0,-99.858,-100.0,-100.0,8.0,0.0,0.0,32.0,-93.067,-93.2,-93.2,8.0,0.0,0.0,33.0,-95.017,-95.017,-95.017,0.0,0.0,0.0,32.0,-70.244,-70.244,-70.244,0.0,0.0,0.0,37.0,-32.99,-33.196,-33.196,8.0,0.0,0.0,35.0
13.4064,1,rev,-9.6,11.9,19.461,-9.6,19.758,-56.0,5.0,-1.507,32.0,-100.0,-100.0,-100.0,-8.0,0.0,0.0,32.0,-99.858,-100.0,-100.0,8.0,0.0,0.0,32.0,-93.067,-93.2,-93.2,8.0,0.0,0.0,33.0,-95.017,-95.017,-95.017,0.0,0.0,0.0,32.0,-70.244,-70.244,-70.244,0.0,0.0,0.0,37.0,-32.99,-33.196,-33.196,8.0,0.0,0.0,35.0
13.4597,1,rev,-9.6,11.9,19.281,-9.6,19.543,-56.0,5.0,-2.451,32.0,-100.0,-100.0,-100.0,-8.0,0.0,0.0,32.0,-99.858,-100.0,-100.0,8.0,0.0,0.0,32.0,-93.067,-93.2,-93.2,8.0,0.0,0.0,33.0,-95.017,-95.017,-95.017,0.0,0.0,0.0,32.0,-70.244,-70.244,-70.244,0.0,0.0,0.0,37.0,-32.99,-33.196,-33.196,8.0,0.0,0.0,35.0
13.5129,1,rev,-9.6,11.9,19.011,-9.6,19.33,-56.0,5.0,-3.621,32.0,-100.0,-100.0,-100.0,-8.0,0.0,0.0,32.0,-99.858,-100.0,-100.0,8.0,0.0,0.0,32.0,-93.067,-93.2,-93.2,8.0,0.0,0.0,33.0,-95.017,-95.017,-95.017,0.0,0.0,0.0,32.0,-70.244,-70.244,-70.244,0.0,0.0,0.0,37.0,-32.99,-33.196,-33.196,8.0,0.0,0.0,35.0
13.5657,1,rev,-9.6,11.9,18.742,-9.6,19.116,-56.0,5.0,-4.211,32.0,-100.0,-100.0,-100.0,-8.0,0.0,0.0,32.0,-99.858,-100.0,-100.0,8.0,0.0,0.0,32.0,-93.067,-93.2,-93.2,8.0,0.0,0.0,33.0,-95.017,-95.017,-95.017,0.0,0.0,0.0,32.0,-70.244,-70.244,-70.244,0.0,0.0,0.0,37.0,-32.99,-33.196,-33.196,8.0,0.0,0.0,35.0
13.6186,1,rev,-9.6,11.9,18.652,-9.6,18.902,-56.0,5.0,-3.082,32.0,-100.0,-100.0,-100.0,-8.0,0.0,0.0,32.0,-99.858,-100.0,-100.0,8.0,0.0,0.0,32.0,-93.067,-93.2,-93.2,8.0,0.0,0.0,33.0,-95.017,-95.017,-95.017,0.0,0.0,0.0,32.0,-70.244,-70.244,-70.244,0.0,0.0,0.0,37.0,-32.99,-33.196,-33.196,8.0,0.0,0.0,35.0
13.672,1,rev,-9.6,12.0,18.472,-9.6,18.67,-12.0,0.0,-3.088,32.0,-100.0,-100.0,-100.0,-8.0,0.0,0.0,32.0,-99.858,-100.0,-100.0,8.0,0.0,0.0,32.0,-93.067,-93.2,-93.2,8.0,0.0,0.0,33.0,-95.017,-95.017,-95.017,0.0,0.0,0.0,32.0,-70.244,-70.244,-70.244,0.0,0.0,0.0,36.0,-32.99,-33.196,-33.196,8.0,0.0,0.0,35.0
13.7245,1,rev,-9.6,12.0,18.292,-9.6,18.457,-12.0,0.0,-3.231,32.0,-100.0,-100.0,-100.0,-8.0,0.0,0.0,32.0,-99.858,-100.0,-100.0,8.0,0.0,0.0,32.0,-93.067,-93.2,-93.2,8.0,0.0,0.0,33.0,-95.017,-95.017,-95.017,0.0,0.0,0.0,32.0,-70.244,-70.244,-70.244,0.0,0.0,0.0,36.0,-32.99,-33.196,-33.196,8.0,0.0,0.0,35.0
13.7776,1,rev,-9.6,12.0,18.112,-9.6,18.244,-12.0,0.0,-3.007,32.0,-100.0,-100.0,-100.0,-8.0,0.0,0.0,32.0,-99.858,-100.0,-100.0,8.0,0.0,0.0,32.0,-93.067,-93.2,-93.2,8.0,0.0,0.0,33.0,-95.017,-95.017,-95.017,0.0,0.0,0.0,32.0,-70.244,-70.244,-70.244,0.0,0.0,0.0,36.0,-32.99,-33.196,-33.196,8.0,0.0,0.0,35.0
13.8308,1,rev,-9.6,12.0,17.753,-9.6,18.03,-12.0,0.0,-5.2,32.0,-100.0,-100.0,-100.0,-8.0,0.0,0.0,32.0,-99.858,-100.0,-100.0,8.0,0.0,0.0,32.0,-93.067,-93.2,-93.2,8.0,0.0,0.0,33.0,-95.017,-95.017,-95.017,0.0,0.0,0.0,32.0,-70.244,-70.244,-70.244,0.0,0.0,0.0,36.0,-32.99,-33.196,-33.196,8.0,0.0,0.0,35.0
13.885,1,rev,-9.6,12.0,17.573,-9.6,17.816,-12.0,0.0,-4.265,32.0,-100.0,-100.0,-100.0,-8.0,0.0,0.0,32.0,-99.858,-100.0,-100.0,8.0,0.0,0.0,32.0,-93.067,-93.2,-93.2,8.0,0.0,0.0,33.0,-95.017,-95.017,-95.017,0.0,0.0,0.0,32.0,-70.244,-70.244,-70.244,0.0,0.0,0.0,36.0,-32.99,-33.196,-33.196,8.0,0.0,0.0,35.0
13.9383,1,rev,-9.6,12.0,17.303,-9.6,17.603,-12.0,0.0,-4.523,32.0,-100.0,-100.0,-100.0,-8.0,0.0,0.0,32.0,-99.858,-100.0,-100.0,8.0,0.0,0.0,32.0,-93.067,-93.2,-93.2,8.0,0.0,0.0,33.0,-95.017,-95.017,-95.017,0.0,0.0,0.0,32.0,-70.244,-70.244,-70.244,0.0,0.0,0.0,36.0,-32.99,-33.196,-33.196,8.0,0.0,0.0,35.0
13.9914,1,rev,-9.6,12.0,17.213,-9.6,17.389,-12.0,0.0,-3.219,32.0,-100.0,-100.0,-100.0,-8.0,0.0,0.0,32.0,-99.858,-100.0,-100.0,8.0,0.0,0.0,32.0,-93.067,-93.2,-93.2,8.0,0.0,0.0,33.0,-95.017,-95.017,-95.017,0.0,0.0,0.0,32.0,-70.244,-70.244,-70.244,0.0,0.0,0.0,36.0,-32.99,-33.196,-33.196,8.0,0.0,0.0,35.0
14.0447,1,rev,-9.6,12.0,16.944,-9.6,17.173,-12.0,0.0,-4.267,32.0,-100.0,-100.0,-100.0,-8.0,0.0,0.0,32.0,-99.858,-100.0,-100.0,8.0,0.0,0.0,32.0,-93.067,-93.2,-93.2,8.0,0.0,0.0,33.0,-95.017,-95.017,-95.017,0.0,0.0,0.0,32.0,-70.244,-70.244,-70.244,0.0,0.0,0.0,36.0,-32.99,-33.196,-33.196,8.0,0.0,0.0,35.0
14.0977,1,rev,-9.6,12.0,16.674,-9.6,16.956,-12.0,0.0,-4.479,32.0,-100.0,-100.0,-100.0,-8.0,0.0,0.0,32.0,-99.858,-100.0,-100.0,8.0,0.0,0.0,32.0,-93.067,-93.2,-93.2,8.0,0.0,0.0,33.0,-95.017,-95.017,-95.017,0.0,0.0,0.0,32.0,-70.244,-70.244,-70.244,0.0,0.0,0.0,36.0,-32.99,-33.196,-33.196,8.0,0.0,0.0,35.0
14.1509,1,rev,-9.6,12.0,16.584,-9.6,16.743,-12.0,0.0,-2.906,32.0,-100.0,-100.0,-100.0,-8.0,0.0,0.0,32.0,-99.858,-100.0,-100.0,8.0,0.0,0.0,32.0,-93.067,-93.2,-93.2,8.0,0.0,0.0,33.0,-95.017,-95.017,-95.017,0.0,0.0,0.0,32.0,-70.244,-70.244,-70.244,0.0,0.0,0.0,36.0,-32.99,-33.196,-33.196,8.0,0.0,0.0,35.0
14.204,1,rev,-9.6,12.0,16.404,-9.6,16.636,-4.0,0.0,-4.009,32.0,-100.0,-100.0,-100.0,-8.0,0.0,0.0,32.0,-99.858,-100.0,-100.0,8.0,0.0,0.0,32.0,-93.067,-93.2,-93.2,8.0,0.0,0.0,33.0,-95.017,-95.017,-95.017,0.0,0.0,0.0,32.0,-70.244,-70.244,-70.244,0.0,0.0,0.0,37.0,-32.99,-33.196,-33.196,8.0,0.0,0.0,35.0
14.2561,1,rev,-9.6,12.0,16.225,-9.6,16.3,-4.0,0.0,-3.757,32.0,-100.0,-100.0,-100.0,-8.0,0.0,0.0,32.0,-99.858,-100.0,-100.0,8.0,0.0,0.0,32.0,-93.067,-93.2,-93.2,8.0,0.0,0.0,33.0,-95.017,-95.017,-95.017,0.0,0.0,0.0,32.0,-70.244,-70.244,-70.244,0.0,0.0,0.0,37.0,-32.99,-33.196,-33.196,8.0,0.0,0.0,35.0
14.3094,1,rev,-9.6,12.0,16.045,-9.6,16.073,-4.0,0.0,-3.476,32.0,-100.0,-100.0,-100.0,-8.0,0.0,0.0,32.0,-99.858,-100.0,-100.0,8.0,0.0,0.0,32.0,-93.067,-93.2,-93.2,8.0,0.0,0.0,33.0,-95.017,-95.017,-95.017,0.0,0.0,0.0,32.0,-70.244,-70.244,-70.244,0.0,0.0,0.0,37.0,-32.99,-33.196,-33.196,8.0,0.0,0.0,35.0
14.3631,1,rev,-9.6,12.0,15.865,-9.6,15.848,-4.0,0.0,-2.977,32.0,-100.0,-100.0,-100.0,-8.0,0.0,0.0,32.0,-99.858,-100.0,-100.0,8.0,0.0,0.0,32.0,-93.067,-93.2,-93.2,8.0,0.0,0.0,33.0,-95.017,-95.017,-95.017,0.0,0.0,0.0,32.0,-70.244,-70.244,-70.244,0.0,0.0,0.0,37.0,-32.99,-33.196,-33.196,8.0,0.0,0.0,35.0
14.4165,1,rev,-9.6,12.0,15.775,-9.6,15.633,-4.0,0.0,-2.162,32.0,-100.0,-100.0,-100.0,-8.0,0.0,0.0,32.0,-99.858,-100.0,-100.0,8.0,0.0,0.0,32.0,-93.067,-93.2,-93.2,8.0,0.0,0.0,33.0,-95.017,-95.017,-95.017,0.0,0.0,0.0,32.0,-70.244,-70.244,-70.244,0.0,0.0,0.0,37.0,-32.99,-33.196,-33.196,8.0,0.0,0.0,35.0
14.4698,1,rev,-9.6,12.0,15.506,-9.6,15.516,-4.0,0.0,-3.728,32.0,-100.0,-100.0,-100.0,-8.0,0.0,0.0,32.0,-99.858,-100.0,-100.0,8.0,0.0,0.0,32.0,-93.067,-93.2,-93.2,8.0,0.0,0.0,33.0,-95.017,-95.017,-95.017,0.0,0.0,0.0,32.0,-70.244,-70.244,-70.244,0.0,0.0,0.0,37.0,-32.99,-33.196,-33.196,8.0,0.0,0.0,35.0
14.5224,1,rev,-9.6,12.0,15.236,-9.6,15.3,-4.0,0.0,-3.898,32.0,-100.0,-100.0,-100.0,-8.0,0.0,0.0,32.0,-99.858,-100.0,-100.0,8.0,0.0,0.0,32.0,-93.067,-93.2,-93.2,8.0,0.0,0.0,33.0,-95.017,-95.017,-95.017,0.0,0.0,0.0,32.0,-70.244,-70.244,-70.244,0.0,0.0,0.0,37.0,-32.99,-33.196,-33.196,8.0,0.0,0.0,35.0
14.5756,1,rev,-9.6,12.0,14.966,-9.6,15.085,-4.0,0.0,-4.335,32.0,-100.0,-100.0,-100.0,-8.0,0.0,0.0,32.0,-99.858,-100.0,-100.0,8.0,0.0,0.0,32.0,-93.067,-93.2,-93.2,8.0,0.0,0.0,33.0,-95.017,-95.017,-95.017,0.0,0.0,0.0,32.0,-70.244,-70.244,-70.244,0.0,0.0,0.0,37.0,-32.99,-33.196,-33.196,8.0,0.0,0.0,35.0
14.6284,1,rev,-9.6,12.0,14.607,-9.6,14.872,-4.0,0.0,-5.275,32.0,-100.0,-100.0,-100.0,-8.0,0.0,0.0,32.0,-99.858,-100.0,-100.0,8.0,0.0,0.0,32.0,-93.067,-93.2,-93.2,8.0,0.0,0.0,33.0,-95.017,-95.017,-95.017,0.0,0.0,0.0,32.0,-70.244,-70.244,-70.244,0.0,0.0,0.0,37.0,-32.99,-33.196,-33.196,8.0,0.0,0.0,35.0
14.6806,1,rev,-9.6,12.0,14.427,-9.6,14.658,-4.0,0.0,-4.292,32.0,-100.0,-100.0,-100.0,-8.0,0.0,0.0,32.0,-99.858,-100.0,-100.0,8.0,0.0,0.0,32.0,-93.067,-93.2,-93.2,8.0,0.0,0.0,33.0,-95.017,-95.017,-95.017,0.0,0.0,0.0,32.0,-70.244,-70.244,-70.244,0.0,0.0,0.0,37.0,-32.99,-33.196,-33.196,8.0,0.0,0.0,35.0
14.7339,1,rev,-9.6,12.0,14.337,-9.6,14.445,-4.0,0.0,-3.107,32.0,-100.0,-100.0,-100.0,-8.0,0.0,0.0,32.0,-99.858,-100.0,-100.0,8.0,0.0,0.0,32.0,-93.067,-93.2,-93.2,8.0,0.0,0.0,33.0,-95.017,-95.017,-95.017,0.0,0.0,0.0,32.0,-70.244,-70.244,-70.244,0.0,0.0,0.0,37.0,-32.99,-33.196,-33.196,8.0,0.0,0.0,35.0
14.7869,1,rev,-9.6,12.0,14.247,-9.6,14.338,4.0,0.0,-3.182,32.0,-100.0,-100.0,-100.0,0.0,0.0,0.0,32.0,-99.858,-100.0,-100.0,8.0,0.0,0.0,32.0,-93.067,-93.2,-93.2,8.0,0.0,0.0,33.0,-95.017,-95.017,-95.017,0.0,0.0,0.0,32.0,-70.244,-70.244,-70.244,0.0,0.0,0.0,36.0,-32.99,-33.196,-33.196,8.0,0.0,0.0,35.0
14.8391,1,rev,-9.6,12.0,13.978,-9.6,14.002,4.0,0.0,-3.229,32.0,-100.0,-100.0,-100.0,0.0,0.0,0.0,32.0,-99.858,-100.0,-100.0,8.0,0.0,0.0,32.0,-93.067,-93.2,-93.2,8.0,0.0,0.0,33.0,-95.017,-95.017,-95.017,0.0,0.0,0.0,32.0,-70.244,-70.244,-70.244,0.0,0.0,0.0,36.0,-32.99,-33.196,-33.196,8.0,0.0,0.0,35.0
14.8928,1,rev,-9.6,12.0,13.708,-9.6,13.789,4.0,0.0,-4.021,32.0,-100.0,-100.0,-100.0,0.0,0.0,0.0,32.0,-99.858,-100.0,-100.0,8.0,0.0,0.0,32.0,-93.067,-93.2,-93.2,8.0,0.0,0.0,33.0,-95.017,-95.017,-95.017,0.0,0.0,0.0,32.0,-70.244,-70.244,-70.244,0.0,0.0,0.0,36.0,-32.99,-33.196,-33.196,8.0,0.0,0.0,35.0
14.9457,1,rev,-9.6,12.0,13.618,-9.6,13.576,4.0,0.0,-2.98,32.0,-100.0,-100.0,-100.0,0.0,0.0,0.0,32.0,-99.858,-100.0,-100.0,8.0,0.0,0.0,32.0,-93.067,-93.2,-93.2,8.0,0.0,0.0,33.0,-95.017,-95.017,-95.017,0.0,0.0,0.0,32.0,-70.244,-70.244,-70.244,0.0,0.0,0.0,36.0,-32.99,-33.196,-33.196,8.0,0.0,0.0,35.0
14.9989,1,rev,-9.6,12.0,13.258,-9.6,13.362,4.0,0.0,-4.897,32.0,-100.0,-100.0,-100.0,0.0,0.0,0.0,32.0,-99.858,-100.0,-100.0,8.0,0.0,0.0,32.0,-93.067,-93.2,-93.2,8.0,0.0,0.0,33.0,-95.017,-95.017,-95.017,0.0,0.0,0.0,32.0,-70.244,-70.244,-70.244,0.0,0.0,0.0,36.0,-32.99,-33.196,-33.196,8.0,0.0,0.0,35.0
15.0517,1,rev,-9.6,12.0,12.989,-9.6,13.149,4.0,0.0,-4.82,32.0,-100.0,-100.0,-100.0,0.0,0.0,0.0,32.0,-99.858,-100.0,-100.0,8.0,0.0,0.0,32.0,-93.067,-93.2,-93.2,8.0,0.0,0.0,33.0,-95.017,-95.017,-95.017,0.0,0.0,0.0,32.0,-70.244,-70.244,-70.244,0.0,0.0,0.0,36.0,-32.99,-33.196,-33.196,8.0,0.0,0.0,35.0
15.105,1,rev,-9.6,12.0,12.989,-9.6,12.936,4.0,0.0,-2.362,32.0,-100.0,-100.0,-100.0,0.0,0.0,0.0,32.0,-99.858,-100.0,-100.0,8.0,0.0,0.0,32.0,-93.067,-93.2,-93.2,8.0,0.0,0.0,33.0,-95.017,-95.017,-95.017,0.0,0.0,0.0,32.0,-70.244,-70.244,-70.244,0.0,0.0,0.0,36.0,-32.99,-33.196,-33.196,8.0,0.0,0.0,35.0
15.1571,1,rev,-9.6,12.0,12.899,-9.6,12.72,4.0,0.0,-1.862,32.0,-100.0,-100.0,-100.0,0.0,0.0,0.0,32.0,-99.858,-100.0,-100.0,8.0,0.0,0.0,32.0,-93.067,-93.2,-93.2,8.0,0.0,0.0,33.0,-95.017,-95.017,-95.017,0.0,0.0,0.0,32.0,-70.244,-70.244,-70.244,0.0,0.0,0.0,36.0,-32.99,-33.196,-33.196,8.0,0.0,0.0,35.0
15.2092,1,rev,-9.6,12.0,12.539,-9.6,12.507,4.0,0.0,-4.357,32.0,-100.0,-100.0,-100.0,0.0,0.0,0.0,32.0,-99.858,-100.0,-100.0,8.0,0.0,0.0,32.0,-93.067,-93.2,-93.2,8.0,0.0,0.0,33.0,-95.017,-95.017,-95.017,0.0,0.0,0.0,32.0,-70.244,-70.244,-70.244,0.0,0.0,0.0,36.0,-32.99,-33.196,-33.196,8.0,0.0,0.0,35.0
15.2611,1,rev,-9.6,12.0,12.36,-9.6,12.291,4.0,0.0,-3.514,32.0,-100.0,-100.0,-100.0,0.0,0.0,0.0,32.0,-99.858,-100.0,-100.0,8.0,0.0,0.0,32.0,-93.067,-93.2,-93.2,8.0,0.0,0.0,33.0,-95.017,-95.017,-95.017,0.0,0.0,0.0,32.0,-70.244,-70.244,-70.244,0.0,0.0,0.0,36.0,-32.99,-33.196,-33.196,8.0,0.0,0.0,35.0
15.3132,1,rev,-9.6,12.0,12.27,-9.6,12.077,4.0,0.0,-2.428,32.0,-100.0,-100.0,-100.0,0.0,0.0,0.0,32.0,-99.858,-100.0,-100.0,8.0,0.0,0.0,32.0,-93.067,-93.2,-93.2,8.0,0.0,0.0,33.0,-95.017,-95.017,-95.017,0.0,0.0,0.0,32.0,-70.244,-70.244,-70.244,0.0,0.0,0.0,36.0,-32.99,-33.196,-33.196,8.0,0.0,0.0,35.0
15.3661,1,rev,-9.6,12.0,12.27,-9.6,11.845,4.0,0.0,-2.428,32.0,-100.0,-100.0,-100.0,-8.0,0.0,0.0,32.0,-99.858,-100.0,-100.0,8.0,0.0,0.0,32.0,-93.067,-93.2,-93.2,8.0,0.0,0.0,33.0,-95.017,-95.017,-95.017,0.0,0.0,0.0,32.0,-70.244,-70.244,-70.244,0.0,0.0,0.0,36.0,-32.99,-33.196,-33.196,8.0,0.0,0.0,35.0
15.4181,1,rev,-9.6,12.0,11.82,-9.6,11.729,4.0,0.0,-3.453,32.0,-100.0,-100.0,-100.0,-8.0,0.0,0.0,32.0,-99.858,-100.0,-100.0,8.0,0.0,0.0,32.0,-93.067,-93.2,-93.2,8.0,0.0,0.0,33.0,-95.017,-95.017,-95.017,0.0,0.0,0.0,32.0,-70.244,-70.244,-70.244,0.0,0.0,0.0,36.0,-32.99,-33.196,-33.196,8.0,0.0,0.0,35.0
15.4729,1,rev,-9.6,12.0,11.551,-9.6,11.501,4.0,0.0,-3.961,32.0,-100.0,-100.0,-100.0,-8.0,0.0,0.0,32.0,-99.858,-100.0,-100.0,8.0,0.0,0.0,32.0,-93.067,-93.2,-93.2,8.0,0.0,0.0,33.0,-95.017,-95.017,-95.017,0.0,0.0,0.0,32.0,-70.244,-70.244,-70.244,0.0,0.0,0.0,36.0,-32.99,-33.196,-33.196,8.0,0.0,0.0,35.0
15.5274,1,rev,-9.6,12.0,11.461,-9.6,11.283,4.0,0.0,-2.955,32.0,-100.0,-100.0,-100.0,-8.0,0.0,0.0,32.0,-99.858,-100.0,-100.0,8.0,0.0,0.0,32.0,-93.067,-93.2,-93.2,8.0,0.0,0.0,33.0,-95.017,-95.017,-95.017,0.0,0.0,0.0,32.0,-70.244,-70.244,-70.244,0.0,0.0,0.0,36.0,-32.99,-33.196,-33.196,8.0,0.0,0.0,35.0
15.5806,1,rev,-9.6,12.0,11.281,-9.6,11.07,4.0,0.0,-3.457,32.0,-100.0,-100.0,-100.0,-8.0,0.0,0.0,32.0,-99.858,-100.0,-100.0,8.0,0.0,0.0,32.0,-93.067,-93.2,-93.2,8.0,0.0,0.0,33.0,-95.017,-95.017,-95.017,0.0,0.0,0.0,32.0,-70.244,-70.244,-70.244,0.0,0.0,0.0,36.0,-32.99,-33.196,-33.196,8.0,0.0,0.0,35.0
15.6337,1,rev,-9.6,12.0,10.921,-9.6,10.857,4.0,0.0,-5.144,32.0,-100.0,-100.0,-100.0,-8.0,0.0,0.0,32.0,-99.858,-100.0,-100.0,8.0,0.0,0.0,32.0,-93.2,-93.2,-93.2,8.0,0.0,-1.052,33.0,-95.017,-95.017,-95.017,0.0,0.0,0.0,32.0,-70.244,-70.244,-70.244,0.0,0.0,0.0,36.0,-32.99,-33.196,-33.196,8.0,0.0,0.0,35.0
15.6868,1,rev,-9.6,12.0,10.831,-9.6,10.644,4.0,0.0,-3.533,32.0,-100.0,-100.0,-100.0,-8.0,0.0,0.0,32.0,-99.858,-100.0,-100.0,8.0,0.0,0.0,32.0,-93.2,-93.2,-93.2,8.0,0.0,-0.516,33.0,-95.017,-95.017,-95.017,0.0,0.0,0.0,32.0,-70.244,-70.244,-70.244,0.0,0.0,0.0,36.0,-32.99,-33.196,-33.196,8.0,0.0,0.0,35.0
15.7396,1,rev,-9.6,12.0,10.562,-9.6,10.431,4.0,0.0,-4.745,32.0,-100.0,-100.0,-100.0,-8.0,0.0,0.0,32.0,-99.858,-100.0,-100.0,8.0,0.0,0.0,32.0,-93.2,-93.2,-93.2,8.0,0.0,-0.253,33.0,-95.017,-95.017,-95.017,0.0,0.0,0.0,32.0,-70.244,-70.244,-70.244,0.0,0.0,0.0,36.0,-32.99,-33.196,-33.196,8.0,0.0,0.0,35.0
15.7925,1,rev,-9.6,12.0,10.292,-9.6,10.217,4.0,0.0,-5.063,32.0,-100.0,-100.0,-100.0,-8.0,0.0,0.0,32.0,-99.858,-100.0,-100.0,8.0,0.0,0.0,32.0,-93.2,-93.2,-93.2,8.0,0.0,-0.124,33.0,-95.017,-95.017,-95.017,0.0,0.0,0.0,32.0,-70.244,-70.244,-70.244,0.0,0.0,0.0,36.0,-32.99,-33.196,-33.196,8.0,0.0,0.0,35.0
15.8458,1,rev,-9.6,12.0,10.112,-9.6,10.004,4.0,0.0,-4.205,32.0,-100.0,-100.0,-100.0,-8.0,0.0,0.0,32.0,-99.858,-100.0,-100.0,8.0,0.0,0.0,32.0,-93.2,-93.2,-93.2,8.0,0.0,-0.061,33.0,-95.017,-95.017,-95.017,0.0,0.0,0.0,32.0,-70.244,-70.244,-70.244,0.0,0.0,0.0,36.0,-32.99,-33.196,-33.196,8.0,0.0,0.0,35.0
15.8997,1,rev,-9.6,12.0,10.022,-9.6,9.79,4.0,0.0,-3.073,32.0,-100.0,-100.0,-100.0,-8.0,0.0,0.0,32.0,-99.858,-100.0,-100.0,8.0,0.0,0.0,32.0,-93.2,-93.2,-93.2,8.0,0.0,-0.03,33.0,-95.017,-95.017,-95.017,0.0,0.0,0.0,32.0,-70.244,-70.244,-70.244,0.0,0.0,0.0,36.0,-32.99,-33.196,-33.196,8.0,0.0,0.0,35.0
15.9534,1,rev,-9.6,12.0,9.843,-9.6,9.549,20.0,0.0,-3.043,32.0,-100.0,-100.0,-100.0,0.0,0.0,0.0,32.0,-99.858,-100.0,-100.0,8.0,0.0,0.0,32.0,-93.2,-93.2,-93.2,0.0,0.0,-0.021,33.0,-95.017,-95.017,-95.017,0.0,0.0,0.0,32.0,-70.244,-70.244,-70.244,0.0,0.0,0.0,37.0,-32.99,-33.196,-33.196,8.0,0.0,0.0,35.0
16.0065,1,rev,-9.6,12.0,9.483,-9.6,9.335,20.0,0.0,-5.198,32.0,-100.0,-100.0,-100.0,0.0,0.0,0.0,32.0,-99.858,-100.0,-100.0,8.0,0.0,0.0,32.0,-93.2,-93.2,-93.2,0.0,0.0,-0.01,33.0,-95.017,-95.017,-95.017,0.0,0.0,0.0,32.0,-70.244,-70.244,-70.244,0.0,0.0,0.0,37.0,-32.99,-33.196,-33.196,8.0,0.0,0.0,35.0
16.0598,1,rev,-9.6,12.0,9.393,-9.6,9.12,20.0,0.0,-3.56,32.0,-100.0,-100.0,-100.0,0.0,0.0,0.0,32.0,-99.858,-100.0,-100.0,8.0,0.0,0.0,32.0,-93.2,-93.2,-93.2,0.0,0.0,-0.005,33.0,-95.017,-95.017,-95.017,0.0,0.0,0.0,32.0,-70.244,-70.244,-70.244,0.0,0.0,0.0,37.0,-32.99,-33.196,-33.196,8.0,0.0,0.0,35.0
16.1128,1,rev,-9.6,12.0,9.124,-9.6,8.908,20.0,0.0,-4.472,32.0,-100.0,-100.0,-100.0,0.0,0.0,0.0,32.0,-99.858,-100.0,-100.0,8.0,0.0,0.0,32.0,-93.2,-93.2,-93.2,0.0,0.0,-0.002,33.0,-95.017,-95.017,-95.017,0.0,0.0,0.0,32.0,-70.244,-70.244,-70.244,0.0,0.0,0.0,37.0,-32.99,-33.196,-33.196,8.0,0.0,0.0,35.0
16.1659,1,rev,-9.6,12.0,8.854,-9.6,8.695,20.0,0.0,-4.622,32.0,-100.0,-100.0,-100.0,0.0,0.0,0.0,32.0,-99.858,-100.0,-100.0,8.0,0.0,0.0,32.0,-93.2,-93.2,-93.2,0.0,0.0,-0.001,33.0,-95.017,-95.017,-95.017,0.0,0.0,0.0,32.0,-70.244,-70.244,-70.244,0.0,0.0,0.0,37.0,-32.99,-33.196,-33.196,8.0,0.0,0.0,35.0
16.2188,1,rev,-9.6,12.0,8.674,-9.6,8.481,20.0,0.0,-3.99,32.0,-100.0,-100.0,-100.0,0.0,0.0,0.0,32.0,-99.858,-100.0,-100.0,8.0,0.0,0.0,32.0,-93.2,-93.2,-93.2,0.0,0.0,-0.001,33.0,-95.017,-95.017,-95.017,0.0,0.0,0.0,32.0,-70.244,-70.244,-70.244,0.0,0.0,0.0,37.0,-32.99,-33.196,-33.196,8.0,0.0,0.0,35.0
16.272,1,rev,-9.6,12.0,8.584,-9.6,8.268,20.0,0.0,-2.958,32.0,-100.0,-100.0,-100.0,0.0,0.0,0.0,32.0,-99.858,-100.0,-100.0,8.0,0.0,0.0,32.0,-93.2,-93.2,-93.2,0.0,0.0,-0.0,33.0,-95.017,-95.017,-95.017,0.0,0.0,0.0,32.0,-70.244,-70.244,-70.244,0.0,0.0,0.0,37.0,-32.99,-33.196,-33.196,8.0,0.0,0.0,35.0
16.325,1,rev,-9.6,12.0,8.315,-9.6,8.054,20.0,0.0,-4.187,32.0,-100.0,-100.0,-100.0,0.0,0.0,0.0,32.0,-99.858,-100.0,-100.0,8.0,0.0,0.0,32.0,-93.2,-93.2,-93.2,0.0,0.0,-0.0,33.0,-95.017,-95.017,-95.017,0.0,0.0,0.0,32.0,-70.244,-70.244,-70.244,0.0,0.0,0.0,37.0,-32.99,-33.196,-33.196,8.0,0.0,0.0,35.0
16.3771,1,rev,-9.6,12.0,8.045,-9.6,7.841,20.0,0.0,-4.478,32.0,-100.0,-100.0,-100.0,0.0,0.0,0.0,32.0,-99.858,-100.0,-100.0,8.0,0.0,0.0,32.0,-93.2,-93.2,-93.2,0.0,0.0,-0.0,33.0,-95.017,-95.017,-95.017,0.0,0.0,0.0,32.0,-70.244,-70.244,-70.244,0.0,0.0,0.0,37.0,-32.99,-33.196,-33.196,8.0,0.0,0.0,35.0
16.4304,1,rev,-9.6,12.0,7.955,-9.6,7.629,20.0,0.0,-3.202,32.0,-100.0,-100.0,-100.0,0.0,0.0,0.0,32.0,-99.858,-100.0,-100.0,8.0,0.0,0.0,32.0,-93.2,-93.2,-93.2,0.0,0.0,-0.0,33.0,-95.017,-95.017,-95.017,0.0,0.0,0.0,32.0,-70.244,-70.244,-70.244,0.0,0.0,0.0,37.0,-32.99,-33.196,-33.196,8.0,0.0,0.0,35.0
16.4838,1,rev,-9.6,12.0,7.775,-9.6,7.522,20.0,0.0,-4.274,32.0,-100.0,-100.0,-100.0,0.0,0.0,0.0,32.0,-99.858,-100.0,-100.0,8.0,0.0,0.0,32.0,-93.2,-93.2,-93.2,0.0,0.0,-0.0,33.0,-95.017,-95.017,-95.017,0.0,0.0,0.0,32.0,-70.244,-70.244,-70.244,0.0,0.0,0.0,37.0,-32.99,-33.196,-33.196,8.0,0.0,0.0,35.0
16.5371,1,rev,-9.6,12.0,7.506,-9.6,7.189,20.0,0.0,-3.093,32.0,-100.0,-100.0,-100.0,0.0,0.0,0.0,32.0,-99.858,-100.0,-100.0,8.0,0.0,0.0,32.0,-93.2,-93.2,-93.2,0.0,0.0,-0.0,33.0,-95.017,-95.017,-95.017,0.0,0.0,0.0,32.0,-70.244,-70.244,-70.244,0.0,0.0,0.0,37.0,-32.99,-33.196,-33.196,8.0,0.0,0.0,35.0
16.5899,1,rev,-9.6,12.0,7.236,-9.6,6.976,20.0,0.0,-4.252,32.0,-100.0,-100.0,-100.0,0.0,0.0,0.0,32.0,-99.858,-100.0,-100.0,8.0,0.0,0.0,32.0,-93.2,-93.2,-93.2,0.0,0.0,-0.0,33.0,-95.017,-95.017,-95.017,0.0,0.0,0.0,32.0,-70.244,-70.244,-70.244,0.0,0.0,0.0,37.0,-32.99,-33.196,-33.196,8.0,0.0,0.0,35.0
16.6428,1,rev,-9.6,12.0,7.146,-9.6,6.764,20.0,0.0,-3.096,32.0,-100.0,-100.0,-100.0,0.0,0.0,0.0,32.0,-99.858,-100.0,-100.0,8.0,0.0,0.0,32.0,-93.2,-93.2,-93.2,0.0,0.0,-0.0,33.0,-95.017,-95.017,-95.017,0.0,0.0,0.0,32.0,-70.244,-70.244,-70.244,0.0,0.0,0.0,37.0,-32.99,-33.196,-33.196,8.0,0.0,0.0,35.0
16.6956,1,rev,-9.6,12.0,6.966,-9.6,6.551,20.0,0.0,-3.246,32.0,-100.0,-100.0,-100.0,0.0,0.0,0.0,32.0,-99.858,-100.0,-100.0,8.0,0.0,0.0,32.0,-93.2,-93.2,-93.2,0.0,0.0,-0.0,33.0,-95.017,-95.017,-95.017,0.0,0.0,0.0,32.0,-70.244,-70.244,-70.244,0.0,0.0,0.0,37.0,-32.99,-33.196,-33.196,8.0,0.0,0.0,35.0
16.7485,1,rev,-9.6,12.0,6.607,-9.6,6.339,20.0,0.0,-5.036,32.0,-100.0,-100.0,-100.0,0.0,0.0,0.0,32.0,-99.858,-100.0,-100.0,8.0,0.0,0.0,32.0,-93.2,-93.2,-93.2,0.0,0.0,-0.0,33.0,-95.017,-95.017,-95.017,0.0,0.0,0.0,32.0,-70.244,-70.244,-70.244,0.0,0.0,0.0,37.0,-32.99,-33.196,-33.196,8.0,0.0,0.0,35.0
16.8019,1,rev,-9.6,12.0,6.517,-9.6,6.126,20.0,0.0,-3.178,32.0,-100.0,-100.0,-100.0,0.0,0.0,0.0,32.0,-99.858,-100.0,-100.0,8.0,0.0,0.0,32.0,-93.2,-93.2,-93.2,0.0,0.0,-0.0,33.0,-95.017,-95.017,-95.017,0.0,0.0,0.0,32.0,-70.244,-70.244,-70.244,0.0,0.0,0.0,37.0,-32.99,-33.196,-33.196,8.0,0.0,0.0,35.0
16.8564,1,rev,-9.6,12.0,6.157,-9.6,5.912,20.0,0.0,-5.003,32.0,-100.0,-100.0,-100.0,0.0,0.0,0.0,32.0,-99.858,-100.0,-100.0,8.0,0.0,0.0,32.0,-93.2,-93.2,-93.2,0.0,0.0,-0.0,33.0,-95.017,-95.017,-95.017,0.0,0.0,0.0,32.0,-70.244,-70.244,-70.244,0.0,0.0,0.0,37.0,-32.99,-33.196,-33.196,8.0,0.0,0.0,35.0
16.9103,1,rev,-9.6,12.0,5.978,-9.6,5.699,20.0,0.0,-4.168,32.0,-100.0,-100.0,-100.0,0.0,0.0,0.0,32.0,-99.858,-100.0,-100.0,8.0,0.0,0.0,32.0,-93.2,-93.2,-93.2,0.0,0.0,-0.0,33.0,-95.017,-95.017,-95.017,0.0,0.0,0.0,32.0,-70.244,-70.244,-70.244,0.0,0.0,0.0,37.0,-32.99,-33.196,-33.196,8.0,0.0,0.0,35.0
16.9639,1,rev,-9.6,12.0,5.888,-9.6,5.486,20.0,0.0,-2.751,32.0,-100.0,-100.0,-100.0,0.0,0.0,0.0,32.0,-99.858,-100.0,-100.0,8.0,0.0,0.0,32.0,-93.2,-93.2,-93.2,0.0,0.0,-0.0,33.0,-95.017,-95.017,-95.017,0.0,0.0,0.0,32.0,-70.244,-70.244,-70.244,0.0,0.0,0.0,37.0,-32.99,-33.196,-33.196,8.0,0.0,0.0,35.0
17.0178,1,rev,-9.6,12.0,5.798,-9.6,5.272,20.0,0.0,-2.054,32.0,-100.0,-100.0,-100.0,0.0,0.0,0.0,32.0,-99.858,-100.0,-100.0,8.0,0.0,0.0,32.0,-93.2,-93.2,-93.2,0.0,0.0,-0.0,33.0,-95.017,-95.017,-95.017,0.0,0.0,0.0,32.0,-70.244,-70.244,-70.244,0.0,0.0,0.0,37.0,-32.99,-33.196,-33.196,8.0,0.0,0.0,35.0
17.0715,1,rev,-9.6,12.0,5.798,-9.6,5.039,32.0,0.0,-2.054,32.0,-100.0,-100.0,-100.0,0.0,0.0,0.0,32.0,-99.858,-100.0,-100.0,8.0,0.0,0.0,32.0,-93.2,-93.2,-93.2,0.0,0.0,-0.0,33.0,-95.017,-95.017,-95.017,0.0,0.0,0.0,32.0,-70.244,-70.244,-70.244,0.0,0.0,0.0,36.0,-32.99,-33.196,-33.196,8.0,0.0,0.0,35.0
17.1246,1,rev,-9.6,12.0,5.348,-9.6,4.814,32.0,0.0,-3.251,32.0,-100.0,-100.0,-100.0,0.0,0.0,0.0,32.0,-99.858,-100.0,-100.0,8.0,0.0,0.0,32.0,-93.2,-93.2,-93.2,0.0,0.0,-0.0,33.0,-95.017,-95.017,-95.017,0.0,0.0,0.0,32.0,-70.244,-70.244,-70.244,0.0,0.0,0.0,36.0,-32.99,-33.196,-33.196,8.0,0.0,0.0,35.0
17.1783,1,rev,-9.6,12.0,5.079,-9.6,4.691,32.0,0.0,-4.217,32.0,-100.0,-100.0,-100.0,0.0,0.0,0.0,32.0,-99.858,-100.0,-100.0,8.0,0.0,0.0,32.0,-93.2,-93.2,-93.2,0.0,0.0,-0.0,33.0,-95.017,-95.017,-95.017,0.0,0.0,0.0,32.0,-70.244,-70.244,-70.244,0.0,0.0,0.0,36.0,-32.99,-33.196,-33.196,8.0,0.0,0.0,35.0
17.2315,1,rev,-9.6,12.0,4.899,-9.6,4.466,32.0,0.0,-3.723,32.0,-100.0,-100.0,-100.0,0.0,0.0,0.0,32.0,-99.858,-100.0,-100.0,8.0,0.0,0.0,32.0,-93.2,-93.2,-93.2,0.0,0.0,-0.0,33.0,-95.017,-95.017,-95.017,0.0,0.0,0.0,32.0,-70.244,-70.244,-70.244,0.0,0.0,0.0,36.0,-32.99,-33.196,-33.196,8.0,0.0,0.0,35.0
17.2845,1,rev,-9.6,12.0,4.629,-9.6,4.253,32.0,0.0,-4.53,32.0,-100.0,-100.0,-100.0,0.0,0.0,0.0,32.0,-99.858,-100.0,-100.0,8.0,0.0,0.0,32.0,-93.2,-93.2,-93.2,0.0,0.0,-0.0,33.0,-95.017,-95.017,-95.017,0.0,0.0,0.0,32.0,-70.244,-70.244,-70.244,0.0,0.0,0.0,36.0,-32.99,-33.196,-33.196,8.0,0.0,0.0,35.0
17.3381,1,rev,-9.6,12.0,4.539,-9.6,4.039,32.0,0.0,-3.227,32.0,-100.0,-100.0,-100.0,0.0,0.0,0.0,32.0,-99.858,-100.0,-100.0,8.0,0.0,0.0,32.0,-93.2,-93.2,-93.2,0.0,0.0,-0.0,33.0,-95.017,-95.017,-95.017,0.0,0.0,0.0,32.0,-70.244,-70.244,-70.244,0.0,0.0,0.0,36.0,-32.99,-33.196,-33.196,8.0,0.0,0.0,35.0
17.391,1,rev,-9.6,12.0,4.27,-9.6,3.825,32.0,0.0,-4.318,32.0,-100.0,-100.0,-100.0,0.0,0.0,0.0,32.0,-99.858,-100.0,-100.0,8.0,0.0,0.0,32.0,-93.2,-93.2,-93.2,0.0,0.0,-0.0,33.0,-95.017,-95.017,-95.017,0.0,0.0,0.0,32.0,-70.244,-70.244,-70.244,0.0,0.0,0.0,36.0,-32.99,-33.196,-33.196,8.0,0.0,0.0,35.0
17.4431,1,rev,-9.6,12.0,4.0,-9.6,3.612,32.0,0.0,-4.55,32.0,-100.0,-100.0,-100.0,0.0,0.0,0.0,32.0,-100.0,-100.0,-100.0,8.0,0.0,-1.616,32.0,-93.2,-93.2,-93.2,0.0,0.0,-0.0,33.0,-95.017,-95.017,-95.017,0.0,0.0,0.0,32.0,-70.244,-70.244,-70.244,0.0,0.0,0.0,36.0,-32.99,-33.196,-33.196,8.0,0.0,0.0,35.0
17.4952,1,rev,-9.6,12.0,3.82,-9.6,3.4,32.0,0.0,-3.956,32.0,-100.0,-100.0,-100.0,0.0,0.0,0.0,32.0,-100.0,-100.0,-100.0,8.0,0.0,-0.792,32.0,-93.2,-93.2,-93.2,0.0,0.0,-0.0,33.0,-95.017,-95.017,-95.017,0.0,0.0,0.0,32.0,-70.244,-70.244,-70.244,0.0,0.0,0.0,36.0,-32.99,-33.196,-33.196,8.0,0.0,0.0,35.0
17.5483,1,rev,-9.6,12.0,3.551,-9.6,3.187,32.0,0.0,-4.371,32.0,-100.0,-100.0,-100.0,0.0,0.0,0.0,32.0,-100.0,-100.0,-100.0,8.0,0.0,-0.388,32.0,-93.2,-93.2,-93.2,0.0,0.0,-0.0,33.0,-95.017,-95.017,-95.017,0.0,0.0,0.0,32.0,-70.244,-70.244,-70.244,0.0,0.0,0.0,36.0,-32.99,-33.196,-33.196,8.0,0.0,0.0,35.0
17.6013,1,rev,-9.6,12.0,3.281,-9.6,2.975,32.0,0.0,-4.864,32.0,-100.0,-100.0,-100.0,0.0,0.0,0.0,32.0,-100.0,-100.0,-100.0,8.0,0.0,-0.19,32.0,-93.2,-93.2,-93.2,0.0,0.0,-0.0,33.0,-95.017,-95.017,-95.017,0.0,0.0,0.0,32.0,-70.244,-70.244,-70.244,0.0,0.0,0.0,36.0,-32.99,-33.196,-33.196,8.0,0.0,0.0,35.0
17.6546,1,rev,-9.6,12.0,3.191,-9.6,2.741,20.0,0.0,-3.865,32.0,-100.0,-100.0,-100.0,0.0,0.0,0.0,32.0,-100.0,-100.0,-100.0,0.0,0.0,-0.133,32.0,-93.2,-93.2,-93.2,0.0,0.0,-0.0,33.0,-95.017,-95.017,-95.017,0.0,0.0,0.0,32.0,-70.244,-70.244,-70.244,0.0,0.0,0.0,36.0,-32.99,-33.196,-33.196,8.0,0.0,0.0,35.0
17.7078,1,rev,-9.6,12.0,3.101,-9.6,2.527,20.0,0.0,-2.907,32.0,-100.0,-100.0,-100.0,0.0,0.0,0.0,32.0,-100.0,-100.0,-100.0,0.0,0.0,-0.065,32.0,-93.2,-93.2,-93.2,0.0,0.0,-0.0,33.0,-95.017,-95.017,-95.017,0.0,0.0,0.0,32.0,-70.244,-70.244,-70.244,0.0,0.0,0.0,36.0,-32.99,-33.196,-33.196,8.0,0.0,0.0,35.0
17.7604,1,rev,-9.6,12.0,2.831,-9.6,2.314,20.0,0.0,-4.175,32.0,-100.0,-100.0,-100.0,0.0,0.0,0.0,32.0,-100.0,-100.0,-100.0,0.0,0.0,-0.032,32.0,-93.2,-93.2,-93.2,0.0,0.0,-0.0,33.0,-95.017,-95.017,-95.017,0.0,0.0,0.0,32.0,-70.244,-70.244,-70.244,0.0,0.0,0.0,36.0,-32.99,-33.196,-33.196,8.0,0.0,0.0,35.0
17.8135,1,rev,-9.6,12.0,2.562,-9.6,2.102,20.0,0.0,-4.477,32.0,-100.0,-100.0,-100.0,0.0,0.0,0.0,32.0,-100.0,-100.0,-100.0,0.0,0.0,-0.016,32.0,-93.2,-93.2,-93.2,0.0,0.0,-0.0,33.0,-95.017,-95.017,-95.017,0.0,0.0,0.0,32.0,-70.244,-70.244,-70.244,0.0,0.0,0.0,36.0,-32.99,-33.196,-33.196,8.0,0.0,0.0,35.0
17.8665,1,rev,-9.6,12.0,2.472,-9.6,1.888,20.0,0.0,-2.899,32.0,-100.0,-100.0,-100.0,0.0,0.0,0.0,32.0,-100.0,-100.0,-100.0,0.0,0.0,-0.008,32.0,-93.2,-93.2,-93.2,0.0,0.0,-0.0,33.0,-95.017,-95.017,-95.017,0.0,0.0,0.0,32.0,-70.244,-70.244,-70.244,0.0,0.0,0.0,36.0,-32.99,-33.196,-33.196,8.0,0.0,0.0,35.0
17.9204,1,rev,-9.6,12.0,2.112,-9.6,1.676,20.0,0.0,-4.552,32.0,-100.0,-100.0,-100.0,0.0,0.0,0.0,32.0,-100.0,-100.0,-100.0,0.0,0.0,-0.004,32.0,-93.2,-93.2,-93.2,0.0,0.0,-0.0,33.0,-95.017,-95.017,-95.017,0.0,0.0,0.0,32.0,-70.244,-70.244,-70.244,0.0,0.0,0.0,36.0,-32.99,-33.196,-33.196,8.0,0.0,0.0,35.0
17.9736,1,rev,-9.6,12.0,1.843,-9.6,1.462,20.0,0.0,-4.971,32.0,-100.0,-100.0,-100.0,0.0,0.0,0.0,32.0,-100.0,-100.0,-100.0,0.0,0.0,-0.002,32.0,-93.2,-93.2,-93.2,0.0,0.0,-0.0,33.0,-95.017,-95.017,-95.017,0.0,0.0,0.0,32.0,-70.244,-70.244,-70.244,0.0,0.0,0.0,36.0,-32.99,-33.196,-33.196,8.0,0.0,0.0,35.0
18.0267,1,rev,-9.6,12.0,1.753,-9.6,1.249,20.0,0.0,-3.451,32.0,-100.0,-100.0,-100.0,0.0,0.0,0.0,32.0,-100.0,-100.0,-100.0,0.0,0.0,-0.001,32.0,-93.2,-93.2,-93.2,0.0,0.0,-0.0,33.0,-95.017,-95.017,-95.017,0.0,0.0,0.0,32.0,-70.244,-70.244,-70.244,0.0,0.0,0.0,36.0,-32.99,-33.196,-33.196,8.0,0.0,0.0,35.0
18.0798,1,rev,-9.6,12.0,1.573,-9.6,1.037,20.0,0.0,-3.708,32.0,-100.0,-100.0,-100.0,0.0,0.0,0.0,32.0,-100.0,-100.0,-100.0,0.0,0.0,-0.0,32.0,-93.2,-93.2,-93.2,0.0,0.0,-0.0,33.0,-95.017,-95.017,-95.017,0.0,0.0,0.0,32.0,-70.244,-70.244,-70.244,0.0,0.0,0.0,36.0,-32.99,-33.196,-33.196,8.0,0.0,0.0,35.0
18.1329,1,rev,-9.6,12.0,1.303,-9.6,0.823,20.0,0.0,-4.547,32.0,-100.0,-100.0,-100.0,0.0,0.0,0.0,32.0,-100.0,-100.0,-100.0,0.0,0.0,-0.0,32.0,-93.2,-93.2,-93.2,0.0,0.0,-0.0,33.0,-95.017,-95.017,-95.017,0.0,0.0,0.0,32.0,-70.244,-70.244,-70.244,0.0,0.0,0.0,36.0,-32.99,-33.196,-33.196,8.0,0.0,0.0,35.0
18.1859,1,rev,-9.6,11.9,1.213,-9.6,0.717,32.0,0.0,-4.203,32.0,-100.0,-100.0,-100.0,0.0,0.0,0.0,32.0,-100.0,-100.0,-100.0,0.0,0.0,-0.0,32.0,-93.2,-93.2,-93.2,0.0,0.0,-0.0,33.0,-95.017,-95.017,-95.017,0.0,0.0,0.0,32.0,-70.244,-70.244,-70.244,0.0,0.0,0.0,36.0,-32.99,-33.196,-33.196,8.0,0.0,0.0,35.0
18.2388,1,rev,-9.6,11.9,1.034,-9.6,0.382,32.0,0.0,-3.399,32.0,-100.0,-100.0,-100.0,0.0,0.0,0.0,32.0,-100.0,-100.0,-100.0,0.0,0.0,-0.0,32.0,-93.2,-93.2,-93.2,0.0,0.0,-0.0,33.0,-95.017,-95.017,-95.017,0.0,0.0,0.0,32.0,-70.244,-70.244,-70.244,0.0,0.0,0.0,36.0,-32.99,-33.196,-33.196,8.0,0.0,0.0,35.0
18.2917,1,rev,-9.6,11.9,0.674,-9.6,0.169,32.0,0.0,-5.114,32.0,-100.0,-100.0,-100.0,0.0,0.0,0.0,32.0,-100.0,-100.0,-100.0,0.0,0.0,-0.0,32.0,-93.2,-93.2,-93.2,0.0,0.0,-0.0,33.0,-95.017,-95.017,-95.017,0.0,0.0,0.0,32.0,-70.244,-70.244,-70.244,0.0,0.0,0.0,36.0,-32.99,-33.196,-33.196,8.0,0.0,0.0,35.0
18.3447,1,rev,-9.6,11.9,0.494,-9.6,-0.045,32.0,0.0,-4.221,32.0,-100.0,-100.0,-100.0,0.0,0.0,0.0,32.0,-100.0,-100.0,-100.0,0.0,0.0,-0.0,32.0,-93.2,-93.2,-93.2,0.0,0.0,-0.0,33.0,-95.017,-95.017,-95.017,0.0,0.0,0.0,32.0,-70.244,-70.244,-70.244,0.0,0.0,0.0,36.0,-32.99,-33.196,-33.196,8.0,0.0,0.0,35.0
18.3978,1,rev,-9.6,11.9,0.404,-9.6,-0.258,32.0,0.0,-2.774,32.0,-100.0,-100.0,-100.0,0.0,0.0,0.0,32.0,-100.0,-100.0,-100.0,0.0,0.0,-0.0,32.0,-93.2,-93.2,-93.2,0.0,0.0,-0.0,33.0,-95.017,-95.017,-95.017,0.0,0.0,0.0,32.0,-70.244,-70.244,-70.244,0.0,0.0,0.0,36.0,-32.99,-33.196,-33.196,8.0,0.0,0.0,35.0
18.4508,1,rev,-9.6,11.9,0.225,-9.6,-0.471,32.0,0.0,-3.082,32.0,-100.0,-100.0,-100.0,0.0,0.0,0.0,32.0,-100.0,-100.0,-100.0,0.0,0.0,-0.0,32.0,-93.2,-93.2,-93.2,0.0,0.0,-0.0,33.0,-95.017,-95.017,-95.017,0.0,0.0,0.0,32.0,-70.244,-70.244,-70.244,0.0,0.0,0.0,36.0,-32.99,-33.196,-33.196,8.0,0.0,0.0,35.0
18.5037,1,rev,-9.6,11.9,-0.135,-9.6,-0.683,32.0,0.0,-4.958,32.0,-100.0,-100.0,-100.0,0.0,0.0,0.0,32.0,-100.0,-100.0,-100.0,0.0,0.0,-0.0,32.0,-93.2,-93.2,-93.2,0.0,0.0,-0.0,33.0,-95.017,-95.017,-95.017,0.0,0.0,0.0,32.0,-69.756,-70.244,-70.244,0.0,0.0,3.875,36.0,-32.99,-33.196,-33.196,8.0,0.0,0.0,35.0
18.5562,1,rev,-9.6,11.9,-0.315,-9.6,-0.897,32.0,0.0,-4.14,32.0,-100.0,-100.0,-100.0,0.0,0.0,0.0,32.0,-100.0,-100.0,-100.0,0.0,0.0,-0.0,32.0,-93.2,-93.2,-93.2,0.0,0.0,-0.0,33.0,-95.017,-95.017,-95.017,0.0,0.0,0.0,32.0,-69.756,-70.244,-70.244,0.0,0.0,1.899,36.0,-32.99,-33.196,-33.196,8.0,0.0,0.0,35.0
18.609,1,rev,-9.6,11.9,-0.584,-9.6,-1.111,32.0,0.0,-4.775,32.0,-100.0,-100.0,-100.0,0.0,0.0,0.0,32.0,-100.0,-100.0,-100.0,0.0,0.0,-0.0,32.0,-93.2,-93.2,-93.2,0.0,0.0,-0.0,33.0,-95.017,-95.017,-95.017,0.0,0.0,0.0,32.0,-69.756,-70.244,-70.244,0.0,0.0,0.93,36.0,-32.99,-33.196,-33.196,8.0,0.0,0.0,35.0
18.6619,1,rev,-9.6,11.9,-0.764,-9.6,-1.323,32.0,0.0,-5.371,32.0,-100.0,-100.0,-100.0,0.0,0.0,0.0,32.0,-100.0,-100.0,-100.0,0.0,0.0,-0.0,32.0,-93.2,-93.2,-93.2,0.0,0.0,-0.0,33.0,-95.017,-95.017,-95.017,0.0,0.0,0.0,32.0,-69.756,-70.244,-70.244,0.0,0.0,0.651,36.0,-32.99,-33.196,-33.196,8.0,0.0,0.0,35.0
18.7142,1,rev,-9.6,11.9,-0.944,-9.6,-1.55,32.0,0.0,-4.665,32.0,-100.0,-100.0,-100.0,0.0,0.0,0.0,32.0,-100.0,-100.0,-100.0,0.0,0.0,-0.0,32.0,-93.2,-93.2,-93.2,0.0,0.0,-0.0,33.0,-95.017,-95.017,-95.017,0.0,0.0,0.0,32.0,-69.756,-70.244,-70.244,0.0,0.0,0.319,36.0,-32.99,-33.196,-33.196,8.0,0.0,0.0,35.0
18.7673,1,rev,-9.6,12.0,-1.034,-9.6,-1.55,40.0,1.0,-4.211,32.0,-100.0,-100.0,-100.0,0.0,0.0,0.0,32.0,-100.0,-100.0,-100.0,0.0,0.0,-0.0,32.0,-93.2,-93.2,-93.2,0.0,0.0,-0.0,33.0,-95.017,-95.017,-95.017,0.0,0.0,0.0,32.0,-69.756,-70.244,-70.244,-4.0,0.0,0.223,36.0,-32.99,-33.196,-33.196,8.0,0.0,0.0,35.0
18.8203,1,rev,-9.6,12.0,-1.124,-9.6,-1.893,40.0,1.0,-2.392,32.0,-100.0,-100.0,-100.0,0.0,0.0,0.0,32.0,-100.0,-100.0,-100.0,0.0,0.0,-0.0,32.0,-93.2,-93.2,-93.2,0.0,0.0,-0.0,33.0,-95.017,-95.017,-95.017,0.0,0.0,0.0,32.0,-70.244,-70.244,-70.244,-4.0,0.0,-1.676,36.0,-32.99,-33.196,-33.196,8.0,0.0,0.0,35.0
18.8723,1,rev,-9.6,12.0,-1.303,-9.6,-2.105,40.0,1.0,-2.897,32.0,-100.0,-100.0,-100.0,0.0,0.0,0.0,32.0,-100.0,-100.0,-100.0,0.0,0.0,-0.0,32.0,-93.2,-93.2,-93.2,0.0,0.0,-0.0,33.0,-95.017,-95.017,-95.017,0.0,0.0,0.0,32.0,-70.244,-70.244,-70.244,-4.0,0.0,-0.821,36.0,-32.99,-33.196,-33.196,8.0,0.0,0.0,35.0
18.9267,1,rev,-9.6,12.0,-1.663,-9.6,-2.32,40.0,1.0,-4.863,32.0,-100.0,-100.0,-100.0,0.0,0.0,0.0,32.0,-100.0,-100.0,-100.0,0.0,0.0,-0.0,32.0,-93.2,-93.2,-93.2,0.0,0.0,-0.0,33.0,-95.017,-95.017,-95.017,0.0,0.0,0.0,32.0,-70.244,-70.244,-70.244,-4.0,0.0,-0.402,36.0,-32.99,-33.196,-33.196,8.0,0.0,0.0,35.0
18.9793,1,rev,-9.6,12.0,-1.843,-9.6,-2.533,40.0,1.0,-4.086,32.0,-100.0,-100.0,-100.0,0.0,0.0,0.0,32.0,-100.0,-100.0,-100.0,0.0,0.0,-0.0,32.0,-93.2,-93.2,-93.2,0.0,0.0,-0.0,33.0,-95.017,-95.017,-95.017,0.0,0.0,0.0,32.0,-70.244,-70.244,-70.244,-4.0,0.0,-0.197,36.0,-32.99,-33.196,-33.196,8.0,0.0,0.0,35.0
19.0324,1,rev,-9.6,12.0,-2.112,-9.6,-2.749,40.0,1.0,-4.737,32.0,-100.0,-100.0,-100.0,0.0,0.0,0.0,32.0,-100.0,-100.0,-100.0,0.0,0.0,-0.0,32.0,-93.2,-93.2,-93.2,0.0,0.0,-0.0,33.0,-95.017,-95.017,-95.017,0.0,0.0,0.0,32.0,-70.244,-70.244,-70.244,-4.0,0.0,-0.097,36.0,-32.99,-33.196,-33.196,8.0,0.0,0.0,35.0
19.0856,1,rev,-9.6,12.0,-2.382,-9.6,-2.961,40.0,1.0,-4.747,32.0,-100.0,-100.0,-100.0,0.0,0.0,0.0,32.0,-100.0,-100.0,-100.0,0.0,0.0,-0.0,32.0,-93.2,-93.2,-93.2,0.0,0.0,-0.0,33.0,-95.017,-95.017,-95.017,0.0,0.0,0.0,32.0,-70.244,-70.244,-70.244,-4.0,0.0,-0.047,36.0,-32.99,-33.196,-33.196,8.0,0.0,0.0,35.0
19.1386,1,rev,-9.6,12.0,-2.562,-9.6,-3.174,40.0,1.0,-4.05,32.0,-100.0,-100.0,-100.0,0.0,0.0,0.0,32.0,-100.0,-100.0,-100.0,0.0,0.0,-0.0,32.0,-93.2,-93.2,-93.2,0.0,0.0,-0.0,33.0,-95.017,-95.017,-95.017,0.0,0.0,0.0,32.0,-70.244,-70.244,-70.244,-4.0,0.0,-0.023,36.0,-32.99,-33.196,-33.196,8.0,0.0,0.0,35.0
19.192,1,rev,-9.6,12.0,-2.652,-9.6,-3.387,40.0,1.0,-3.003,32.0,-100.0,-100.0,-100.0,0.0,0.0,0.0,32.0,-100.0,-100.0,-100.0,0.0,0.0,-0.0,32.0,-93.2,-93.2,-93.2,0.0,0.0,-0.0,33.0,-95.017,-95.017,-95.017,0.0,0.0,0.0,32.0,-70.244,-70.244,-70.244,-4.0,0.0,-0.011,36.0,-32.99,-33.196,-33.196,8.0,0.0,0.0,35.0
19.2442,1,rev,-9.6,12.0,-2.831,-9.6,-3.6,40.0,1.0,-3.496,32.0,-100.0,-100.0,-100.0,0.0,0.0,0.0,32.0,-100.0,-100.0,-100.0,0.0,0.0,-0.0,32.0,-93.2,-93.2,-93.2,0.0,0.0,-0.0,33.0,-95.017,-95.017,-95.017,0.0,0.0,0.0,32.0,-70.244,-70.244,-70.244,-4.0,0.0,-0.006,36.0,-32.99,-33.196,-33.196,8.0,0.0,0.0,35.0
19.2976,1,rev,-9.6,12.0,-3.191,-9.6,-3.813,40.0,1.0,-4.853,32.0,-100.0,-100.0,-100.0,0.0,0.0,0.0,32.0,-100.0,-100.0,-100.0,0.0,0.0,-0.0,32.0,-93.2,-93.2,-93.2,0.0,0.0,-0.0,33.0,-95.017,-95.017,-95.017,0.0,0.0,0.0,32.0,-70.244,-70.244,-70.244,-4.0,0.0,-0.003,36.0,-32.99,-33.196,-33.196,8.0,0.0,0.0,35.0
19.3504,1,rev,-9.6,11.9,-3.281,-9.6,-4.043,52.0,3.0,-3.867,32.0,-100.0,-100.0,-100.0,0.0,0.0,0.0,32.0,-100.0,-100.0,-100.0,0.0,0.0,-0.0,32.0,-93.2,-93.2,-93.2,0.0,0.0,-0.0,33.0,-95.017,-95.017,-95.017,0.0,0.0,0.0,32.0,-70.244,-70.244,-70.244,0.0,0.0,-0.002,37.0,-32.99,-33.196,-33.196,8.0,0.0,0.0,35.0
19.4033,1,rev,-9.6,11.9,-3.461,-9.6,-4.256,52.0,3.0,-3.606,32.0,-100.0,-100.0,-100.0,0.0,0.0,0.0,32.0,-100.0,-100.0,-100.0,0.0,0.0,-0.0,32.0,-93.2,-93.2,-93.2,0.0,0.0,-0.0,33.0,-95.017,-95.017,-95.017,0.0,0.0,0.0,32.0,-70.244,-70.244,-70.244,0.0,0.0,-0.001,37.0,-32.99,-33.196,-33.196,8.0,0.0,0.0,35.0
19.4566,1,rev,-9.6,11.9,-3.73,-9.6,-4.472,52.0,3.0,-4.165,32.0,-100.0,-100.0,-100.0,0.0,0.0,0.0,32.0,-100.0,-100.0,-100.0,0.0,0.0,-0.0,32.0,-93.2,-93.2,-93.2,0.0,0.0,-0.0,33.0,-95.017,-95.017,-95.017,0.0,0.0,0.0,32.0,-70.244,-70.244,-70.244,0.0,0.0,-0.0,37.0,-32.99,-33.196,-33.196,8.0,0.0,0.0,35.0
19.5097,1,rev,-9.6,11.9,-3.91,-9.6,-4.686,52.0,3.0,-3.749,32.0,-100.0,-100.0,-100.0,0.0,0.0,0.0,32.0,-100.0,-100.0,-100.0,0.0,0.0,-0.0,32.0,-93.2,-93.2,-93.2,0.0,0.0,-0.0,33.0,-95.017,-95.017,-95.017,0.0,0.0,0.0,32.0,-70.244,-70.244,-70.244,0.0,0.0,-0.0,37.0,-32.99,-33.196,-33.196,8.0,0.0,0.0,35.0
19.5628,1,rev,-9.6,11.9,-4.09,-9.6,-4.901,52.0,3.0,-3.539,32.0,-100.0,-100.0,-100.0,0.0,0.0,0.0,32.0,-100.0,-100.0,-100.0,0.0,0.0,-0.0,32.0,-93.2,-93.2,-93.2,0.0,0.0,-0.0,33.0,-95.017,-95.017,-95.017,0.0,0.0,0.0,32.0,-70.244,-70.244,-70.244,0.0,0.0,-0.0,37.0,-32.99,-33.196,-33.196,8.0,0.0,0.0,35.0
19.6159,1,rev,-9.6,11.9,-4.27,-9.6,-5.115,52.0,3.0,-3.457,32.0,-100.0,-100.0,-100.0,0.0,0.0,0.0,32.0,-100.0,-100.0,-100.0,0.0,0.0,-0.0,32.0,-93.2,-93.2,-93.2,0.0,0.0,-0.0,33.0,-95.017,-95.017,-95.017,0.0,0.0,0.0,32.0,-70.244,-70.244,-70.244,0.0,0.0,-0.0,37.0,-32.99,-33.196,-33.196,8.0,0.0,0.0,35.0
19.6687,1,rev,-9.6,11.9,-4.629,-9.6,-5.327,52.0,3.0,-5.158,32.0,-100.0,-100.0,-100.0,0.0,0.0,0.0,32.0,-100.0,-100.0,-100.0,0.0,0.0,-0.0,32.0,-93.2,-93.2,-93.2,0.0,0.0,-0.0,33.0,-95.017,-95.017,-95.017,0.0,0.0,0.0,32.0,-70.244,-70.244,-70.244,0.0,0.0,-0.0,37.0,-32.99,-33.196,-33.196,8.0,0.0,0.0,35.0
19.7219,1,rev,-9.6,11.9,-4.809,-9.6,-5.539,52.0,3.0,-4.245,32.0,-100.0,-100.0,-100.0,0.0,0.0,0.0,32.0,-100.0,-100.0,-100.0,0.0,0.0,-0.0,32.0,-93.2,-93.2,-93.2,0.0,0.0,-0.0,33.0,-95.017,-95.017,-95.017,0.0,0.0,0.0,32.0,-70.244,-70.244,-70.244,0.0,0.0,-0.0,37.0,-32.99,-33.196,-33.196,8.0,0.0,0.0,35.0
19.7747,1,rev,-9.6,11.9,-5.079,-9.6,-5.752,52.0,3.0,-4.807,32.0,-100.0,-100.0,-100.0,0.0,0.0,0.0,32.0,-100.0,-100.0,-100.0,0.0,0.0,-0.0,32.0,-93.2,-93.2,-93.2,0.0,0.0,-0.0,33.0,-95.017,-95.017,-95.017,0.0,0.0,0.0,32.0,-70.244,-70.244,-70.244,0.0,0.0,-0.0,37.0,-32.99,-33.196,-33.196,8.0,0.0,0.0,35.0
19.8274,1,rev,-9.6,11.9,-5.258,-9.6,-5.966,52.0,3.0,-4.084,32.0,-100.0,-100.0,-100.0,0.0,0.0,0.0,32.0,-100.0,-100.0,-100.0,0.0,0.0,-0.0,32.0,-93.2,-93.2,-93.2,0.0,0.0,-0.0,33.0,-95.017,-95.017,-95.017,0.0,0.0,0.0,32.0,-69.756,-70.244,-70.244,0.0,0.0,5.521,37.0,-32.99,-33.196,-33.196,8.0,0.0,0.0,35.0
19.8804,1,rev,-9.6,11.9,-5.348,-9.6,-6.072,60.0,5.0,-3.877,32.0,-100.0,-100.0,-100.0,0.0,0.0,0.0,32.0,-100.0,-100.0,-100.0,-8.0,0.0,-0.0,32.0,-93.2,-93.2,-93.2,0.0,0.0,-0.0,33.0,-95.017,-95.017,-95.017,0.0,0.0,0.0,32.0,-69.756,-70.244,-70.244,8.0,0.0,3.865,36.0,-32.99,-33.196,-33.196,8.0,0.0,0.0,35.0
19.9345,1,rev,-9.6,11.9,-5.528,-9.6,-6.404,60.0,5.0,-3.247,32.0,-100.0,-100.0,-100.0,0.0,0.0,0.0,32.0,-100.0,-100.0,-100.0,-8.0,0.0,-0.0,32.0,-93.2,-93.2,-93.2,0.0,0.0,-0.0,33.0,-95.017,-95.017,-95.017,0.0,0.0,0.0,32.0,-69.756,-70.244,-70.244,8.0,0.0,1.894,36.0,-32.99,-33.196,-33.196,8.0,0.0,0.0,35.0
19.9876,1,rev,-9.6,11.9,-5.708,-9.6,-6.617,60.0,5.0,-3.619,32.0,-100.0,-100.0,-100.0,0.0,0.0,0.0,32.0,-100.0,-100.0,-100.0,-8.0,0.0,-0.0,32.0,-93.2,-93.2,-93.2,0.0,0.0,-0.0,33.0,-95.017,-95.017,-95.017,0.0,0.0,0.0,32.0,-69.756,-70.244,-70.244,8.0,0.0,0.928,36.0,-32.99,-33.196,-33.196,8.0,0.0,0.0,35.0
20.0406,1,rev,-9.6,11.9,-5.978,-9.6,-6.829,60.0,5.0,-4.515,32.0,-100.0,-100.0,-100.0,0.0,0.0,0.0,32.0,-100.0,-100.0,-100.0,-8.0,0.0,-0.0,32.0,-93.2,-93.2,-93.2,0.0,0.0,-0.0,33.0,-95.017,-95.017,-95.017,0.0,0.0,0.0,32.0,-69.756,-70.244,-70.244,8.0,0.0,0.455,36.0,-32.99,-33.196,-33.196,8.0,0.0,0.0,35.0
20.0937,1,rev,-9.6,11.9,-6.247,-9.6,-7.042,60.0,5.0,-4.643,32.0,-100.0,-100.0,-100.0,0.0,0.0,0.0,32.0,-100.0,-100.0,-100.0,-8.0,0.0,-0.0,32.0,-93.2,-93.2,-93.2,0.0,0.0,-0.0,33.0,-95.017,-95.017,-95.017,0.0,0.0,0.0,32.0,-69.756,-70.244,-70.244,8.0,0.0,0.223,36.0,-32.99,-33.196,-33.196,8.0,0.0,0.0,35.0
20.147,1,rev,-9.6,11.9,-6.427,-9.6,-7.255,60.0,5.0,-4.287,32.0,-100.0,-100.0,-100.0,0.0,0.0,0.0,32.0,-100.0,-100.0,-100.0,-8.0,0.0,-0.0,32.0,-93.2,-93.2,-93.2,0.0,0.0,-0.0,33.0,-95.017,-95.017,-95.017,0.0,0.0,0.0,32.0,-69.756,-70.244,-70.244,8.0,0.0,0.109,36.0,-32.99,-33.196,-33.196,8.0,0.0,0.0,35.0
20.1993,1,rev,-9.6,11.9,-6.697,-9.6,-7.468,60.0,5.0,-4.543,32.0,-100.0,-100.0,-100.0,0.0,0.0,0.0,32.0,-100.0,-100.0,-100.0,-8.0,0.0,-0.0,32.0,-93.2,-93.2,-93.2,0.0,0.0,-0.0,33.0,-95.017,-95.017,-95.017,0.0,0.0,0.0,32.0,-69.756,-70.244,-70.244,8.0,0.0,0.053,36.0,-32.99,-33.196,-33.196,8.0,0.0,0.0,35.0
20.2524,1,rev,-9.6,11.9,-6.876,-9.6,-7.681,60.0,5.0,-3.942,32.0,-100.0,-100.0,-100.0,0.0,0.0,0.0,32.0,-100.0,-100.0,-100.0,-8.0,0.0,-0.0,32.0,-93.2,-93.2,-93.2,0.0,0.0,-0.0,33.0,-95.017,-95.017,-95.017,0.0,0.0,0.0,32.0,-69.756,-70.244,-70.244,8.0,0.0,0.026,36.0,-32.99,-33.196,-33.196,8.0,0.0,0.0,35.0
20.3054,1,rev,-9.6,11.9,-6.966,-9.6,-7.894,60.0,5.0,-2.944,32.0,-100.0,-100.0,-100.0,0.0,0.0,0.0,32.0,-100.0,-100.0,-100.0,-8.0,0.0,-0.0,32.0,-93.2,-93.2,-93.2,0.0,0.0,-0.0,33.0,-95.017,-95.017,-95.017,0.0,0.0,0.0,32.0,-69.756,-70.244,-70.244,8.0,0.0,0.013,36.0,-32.99,-33.196,-33.196,8.0,0.0,0.0,35.0
20.3586,1,rev,-9.6,11.9,-7.236,-9.6,-8.108,60.0,5.0,-4.164,32.0,-100.0,-100.0,-100.0,0.0,0.0,0.0,32.0,-100.0,-100.0,-100.0,-8.0,0.0,-0.0,32.0,-93.2,-93.2,-93.2,0.0,0.0,-0.0,33.0,-95.017,-95.017,-95.017,0.0,0.0,0.0,32.0,-69.756,-70.244,-70.244,8.0,0.0,0.006,36.0,-32.99,-33.196,-33.196,8.0,0.0,0.0,35.0
20.4115,1,rev,-9.6,11.9,-7.326,-9.6,-8.321,60.0,5.0,-3.928,32.0,-100.0,-100.0,-100.0,0.0,0.0,0.0,32.0,-100.0,-100.0,-100.0,-8.0,0.0,-0.0,32.0,-93.2,-93.2,-93.2,0.0,0.0,-0.0,33.0,-95.017,-95.017,-95.017,0.0,0.0,0.0,32.0,-69.756,-70.244,-70.244,8.0,0.0,0.004,36.0,-32.99,-33.196,-33.196,8.0,0.0,0.0,35.0
20.4647,1,rev,-9.6,11.9,-7.506,-9.6,-8.321,60.0,6.0,-4.573,32.0,-100.0,-100.0,-100.0,0.0,0.0,0.0,32.0,-100.0,-100.0,-100.0,-8.0,0.0,-0.0,32.0,-93.2,-93.2,-93.2,0.0,0.0,-0.0,33.0,-95.017,-95.017,-95.017,0.0,0.0,0.0,32.0,-69.756,-70.244,-70.244,8.0,0.0,0.003,36.0,-32.99,-33.196,-33.196,8.0,0.0,0.0,35.0
20.5171,1,rev,-9.6,11.9,-7.775,-9.6,-8.68,60.0,6.0,-3.88,32.0,-100.0,-100.0,-100.0,0.0,0.0,0.0,32.0,-100.0,-100.0,-100.0,-8.0,0.0,-0.0,32.0,-93.2,-93.2,-93.2,0.0,0.0,-0.0,33.0,-95.017,-95.017,-95.017,0.0,0.0,0.0,32.0,-69.756,-70.244,-70.244,8.0,0.0,0.002,36.0,-32.99,-33.196,-33.196,8.0,0.0,0.0,35.0
20.5694,1,rev,-9.6,11.9,-8.045,-9.6,-8.893,60.0,6.0,-4.33,32.0,-100.0,-100.0,-100.0,0.0,0.0,0.0,32.0,-100.0,-100.0,-100.0,-8.0,0.0,-0.0,32.0,-93.2,-93.2,-93.2,0.0,0.0,-0.0,33.0,-95.017,-95.017,-95.017,0.0,0.0,0.0,32.0,-69.756,-70.244,-70.244,8.0,0.0,0.001,36.0,-32.99,-33.196,-33.196,8.0,0.0,0.0,35.0
20.6223,1,rev,-9.6,11.9,-8.225,-9.6,-9.106,60.0,6.0,-3.841,32.0,-100.0,-100.0,-100.0,0.0,0.0,0.0,32.0,-100.0,-100.0,-100.0,-8.0,0.0,-0.0,32.0,-93.2,-93.2,-93.2,0.0,0.0,-0.0,33.0,-95.017,-95.017,-95.017,0.0,0.0,0.0,32.0,-69.756,-70.244,-70.244,8.0,0.0,0.0,36.0,-32.99,-33.196,-33.196,8.0,0.0,0.0,35.0
20.6755,1,rev,-9.6,11.9,-8.404,-9.6,-9.32,60.0,6.0,-3.597,32.0,-100.0,-100.0,-100.0,0.0,0.0,0.0,32.0,-100.0,-100.0,-100.0,-8.0,0.0,-0.0,32.0,-93.2,-93.2,-93.2,0.0,0.0,-0.0,33.0,-95.017,-95.017,-95.017,0.0,0.0,0.0,32.0,-69.756,-70.244,-70.244,8.0,0.0,0.0,36.0,-32.99,-33.196,-33.196,8.0,0.0,0.0,35.0
20.7288,1,rev,-9.6,11.9,-8.494,-9.6,-9.534,60.0,6.0,-2.756,32.0,-100.0,-100.0,-100.0,0.0,0.0,0.0,32.0,-100.0,-100.0,-100.0,-8.0,0.0,-0.0,32.0,-93.2,-93.2,-93.2,0.0,0.0,-0.0,33.0,-95.017,-95.017,-95.017,0.0,0.0,0.0,32.0,-69.756,-70.244,-70.244,8.0,0.0,0.0,36.0,-32.99,-33.196,-33.196,8.0,0.0,0.0,35.0
20.7812,1,hold_start,-9.6,11.9,-8.854,-9.6,-9.6,60.0,6.0,-4.782,32.0,-100.0,-100.0,-100.0,0.0,0.0,0.0,32.0,-100.0,-100.0,-100.0,-8.0,0.0,-0.0,32.0,-93.2,-93.2,-93.2,0.0,0.0,-0.0,33.0,-95.017,-95.017,-95.017,0.0,0.0,0.0,32.0,-69.756,-70.244,-70.244,8.0,0.0,0.0,36.0,-32.99,-33.196,-33.196,8.0,0.0,0.0,35.0
20.8336,1,hold_start,-9.6,11.9,-9.034,-9.6,-9.6,60.0,6.0,-4.063,32.0,-100.0,-100.0,-100.0,0.0,0.0,0.0,32.0,-100.0,-100.0,-100.0,-8.0,0.0,-0.0,32.0,-93.2,-93.2,-93.2,0.0,0.0,-0.0,33.0,-95.017,-95.017,-95.017,0.0,0.0,0.0,32.0,-69.756,-70.244,-70.244,8.0,0.0,0.0,36.0,-32.99,-33.196,-33.196,8.0,0.0,0.0,35.0
20.8869,1,hold_start,-9.6,11.9,-9.034,-9.6,-9.6,60.0,6.0,-1.991,32.0,-100.0,-100.0,-100.0,0.0,0.0,0.0,32.0,-100.0,-100.0,-100.0,-8.0,0.0,-0.0,32.0,-93.2,-93.2,-93.2,0.0,0.0,-0.0,33.0,-95.017,-95.017,-95.017,0.0,0.0,0.0,32.0,-69.756,-70.244,-70.244,8.0,0.0,0.0,36.0,-32.99,-33.196,-33.196,8.0,0.0,0.0,35.0
20.9401,1,hold_start,-9.6,11.9,-9.034,-9.6,-9.6,60.0,6.0,-0.975,32.0,-100.0,-100.0,-100.0,0.0,0.0,0.0,32.0,-100.0,-100.0,-100.0,-8.0,0.0,-0.0,32.0,-93.2,-93.2,-93.2,0.0,0.0,-0.0,33.0,-95.017,-95.017,-95.017,0.0,0.0,0.0,32.0,-69.756,-70.244,-70.244,8.0,0.0,0.0,36.0,-32.99,-33.196,-33.196,8.0,0.0,0.0,35.0
20.9928,1,hold_start,-9.6,11.9,-9.034,-9.6,-9.6,60.0,6.0,-0.478,32.0,-100.0,-100.0,-100.0,0.0,0.0,0.0,32.0,-100.0,-100.0,-100.0,-8.0,0.0,-0.0,32.0,-93.2,-93.2,-93.2,0.0,0.0,-0.0,33.0,-95.017,-95.017,-95.017,0.0,0.0,0.0,32.0,-69.756,-70.244,-70.244,8.0,0.0,0.0,36.0,-32.99,-33.196,-33.196,8.0,0.0,0.0,35.0
21.0459,1,hold_start,-9.6,11.9,-9.034,-9.6,-9.6,48.0,4.0,-0.335,32.0,-100.0,-100.0,-100.0,0.0,0.0,0.0,32.0,-100.0,-100.0,-100.0,-8.0,0.0,-0.0,32.0,-93.2,-93.2,-93.2,0.0,0.0,-0.0,33.0,-95.017,-95.017,-95.017,0.0,0.0,0.0,32.0,-69.756,-70.244,-70.244,8.0,0.0,0.0,36.0,-32.99,-33.196,-33.196,8.0,0.0,0.0,35.0
21.099,1,hold_start,-9.6,11.9,-9.034,-9.6,-9.6,48.0,4.0,-0.164,32.0,-100.0,-100.0,-100.0,0.0,0.0,0.0,32.0,-100.0,-100.0,-100.0,-8.0,0.0,-0.0,32.0,-93.2,-93.2,-93.2,0.0,0.0,-0.0,33.0,-95.017,-95.017,-95.017,0.0,0.0,0.0,32.0,-69.756,-70.244,-70.244,8.0,0.0,0.0,36.0,-32.99,-33.196,-33.196,8.0,0.0,0.0,35.0
21.1512,1,hold_start,-9.6,11.9,-9.034,-9.6,-9.6,48.0,4.0,-0.08,32.0,-100.0,-100.0,-100.0,0.0,0.0,0.0,32.0,-100.0,-100.0,-100.0,-8.0,0.0,-0.0,32.0,-93.2,-93.2,-93.2,0.0,0.0,-0.0,33.0,-95.017,-95.017,-95.017,0.0,0.0,0.0,32.0,-69.756,-70.244,-70.244,8.0,0.0,0.0,36.0,-32.99,-33.196,-33.196,8.0,0.0,0.0,35.0
21.2043,1,hold_start,-9.6,11.9,-9.034,-9.6,-9.6,48.0,4.0,-0.039,32.0,-100.0,-100.0,-100.0,0.0,0.0,0.0,32.0,-100.0,-100.0,-100.0,-8.0,0.0,-0.0,32.0,-93.2,-93.2,-93.2,0.0,0.0,-0.0,33.0,-95.017,-95.017,-95.017,0.0,0.0,0.0,32.0,-69.756,-70.244,-70.244,8.0,0.0,0.0,36.0,-32.99,-33.196,-33.196,8.0,0.0,0.0,35.0
21.2578,1,hold_start,-9.6,11.9,-9.034,-9.6,-9.6,48.0,4.0,-0.019,32.0,-100.0,-100.0,-100.0,0.0,0.0,0.0,32.0,-100.0,-100.0,-100.0,-8.0,0.0,-0.0,32.0,-93.2,-93.2,-93.2,0.0,0.0,-0.0,33.0,-95.017,-95.017,-95.017,0.0,0.0,0.0,32.0,-69.756,-70.244,-70.244,8.0,0.0,0.0,36.0,-32.99,-33.196,-33.196,8.0,0.0,0.0,35.0
21.3111,1,hold_start,-9.6,11.9,-9.034,-9.6,-9.6,48.0,4.0,-0.009,32.0,-100.0,-100.0,-100.0,0.0,0.0,0.0,32.0,-100.0,-100.0,-100.0,-8.0,0.0,-0.0,32.0,-93.2,-93.2,-93.2,0.0,0.0,-0.0,33.0,-95.017,-95.017,-95.017,0.0,0.0,0.0,32.0,-69.756,-70.244,-70.244,8.0,0.0,0.0,36.0,-32.99,-33.196,-33.196,8.0,0.0,0.0,35.0
21.3643,1,hold_start,-9.6,11.9,-9.034,-9.6,-9.6,48.0,4.0,-0.005,32.0,-100.0,-100.0,-100.0,0.0,0.0,0.0,32.0,-100.0,-100.0,-100.0,-8.0,0.0,-0.0,32.0,-93.2,-93.2,-93.2,0.0,0.0,-0.0,33.0,-95.017,-95.017,-95.017,0.0,0.0,0.0,32.0,-69.756,-70.244,-70.244,8.0,0.0,0.0,36.0,-32.99,-33.196,-33.196,8.0,0.0,0.0,35.0
21.4172,1,hold_start,-9.6,11.9,-9.034,-9.6,-9.6,48.0,4.0,-0.002,32.0,-100.0,-100.0,-100.0,0.0,0.0,0.0,32.0,-100.0,-100.0,-100.0,-8.0,0.0,-0.0,32.0,-93.2,-93.2,-93.2,0.0,0.0,-0.0,33.0,-95.017,-95.017,-95.017,0.0,0.0,0.0,32.0,-69.756,-70.244,-70.244,8.0,0.0,0.0,36.0,-32.99,-33.196,-33.196,8.0,0.0,0.0,35.0
21.4701,1,hold_start,-9.6,11.9,-9.034,-9.6,-9.6,48.0,4.0,-0.001,32.0,-100.0,-100.0,-100.0,0.0,0.0,0.0,32.0,-100.0,-100.0,-100.0,-8.0,0.0,-0.0,32.0,-93.2,-93.2,-93.2,0.0,0.0,-0.0,33.0,-95.017,-95.017,-95.017,0.0,0.0,0.0,32.0,-69.756,-70.244,-70.244,8.0,0.0,0.0,36.0,-32.99,-33.196,-33.196,8.0,0.0,0.0,35.0
21.5235,1,hold_start,-9.6,11.9,-9.034,-9.6,-9.6,48.0,4.0,-0.001,32.0,-100.0,-100.0,-100.0,0.0,0.0,0.0,32.0,-100.0,-100.0,-100.0,-8.0,0.0,-0.0,32.0,-93.2,-93.2,-93.2,0.0,0.0,-0.0,33.0,-95.017,-95.017,-95.017,0.0,0.0,0.0,32.0,-69.756,-70.244,-70.244,8.0,0.0,0.0,36.0,-32.99,-33.196,-33.196,8.0,0.0,0.0,35.0
21.5762,1,hold_start,-9.6,11.9,-9.034,-9.6,-9.6,48.0,4.0,-0.0,32.0,-100.0,-100.0,-100.0,0.0,0.0,0.0,32.0,-100.0,-100.0,-100.0,-8.0,0.0,-0.0,32.0,-93.2,-93.2,-93.2,0.0,0.0,-0.0,33.0,-95.017,-95.017,-95.017,0.0,0.0,0.0,32.0,-69.756,-70.244,-70.244,8.0,0.0,0.0,36.0,-32.99,-33.196,-33.196,8.0,0.0,0.0,35.0
21.6295,1,hold_start,-9.6,11.9,-9.034,-9.6,-9.6,48.0,3.0,-0.0,32.0,-100.0,-100.0,-100.0,0.0,0.0,0.0,32.0,-100.0,-100.0,-100.0,-8.0,0.0,-0.0,32.0,-93.2,-93.2,-93.2,0.0,0.0,-0.0,33.0,-95.017,-95.017,-95.017,0.0,0.0,0.0,32.0,-69.756,-70.244,-70.244,8.0,0.0,0.0,36.0,-32.99,-33.196,-33.196,8.0,0.0,0.0,35.0
21.683,1,hold_start,-9.6,11.9,-9.034,-9.6,-9.6,48.0,3.0,-0.0,32.0,-100.0,-100.0,-100.0,0.0,0.0,0.0,32.0,-100.0,-100.0,-100.0,-8.0,0.0,-0.0,32.0,-93.2,-93.2,-93.2,0.0,0.0,-0.0,33.0,-95.017,-95.017,-95.017,0.0,0.0,0.0,32.0,-69.756,-70.244,-70.244,8.0,0.0,0.0,36.0,-32.99,-33.196,-33.196,8.0,0.0,0.0,35.0
21.7353,1,hold_start,-9.6,11.9,-9.034,-9.6,-9.6,48.0,3.0,-0.0,32.0,-100.0,-100.0,-100.0,0.0,0.0,0.0,32.0,-100.0,-100.0,-100.0,-8.0,0.0,-0.0,32.0,-93.2,-93.2,-93.2,0.0,0.0,-0.0,33.0,-95.017,-95.017,-95.017,0.0,0.0,0.0,32.0,-69.756,-70.244,-70.244,8.0,0.0,0.0,36.0,-32.99,-33.196,-33.196,8.0,0.0,0.0,35.0
