t,cycle,leg,target,volt,shoulder_pitch_q,shoulder_pitch_cmd,shoulder_pitch_out,shoulder_pitch_i,shoulder_pitch_cur,shoulder_pitch_qd,shoulder_pitch_temp,shoulder_yaw_q,shoulder_yaw_cmd,shoulder_yaw_out,shoulder_yaw_i,shoulder_yaw_cur,shoulder_yaw_qd,shoulder_yaw_temp,shoulder_roll_q,shoulder_roll_cmd,shoulder_roll_out,shoulder_roll_i,shoulder_roll_cur,shoulder_roll_qd,shoulder_roll_temp,elbow_flex_q,elbow_flex_cmd,elbow_flex_out,elbow_flex_i,elbow_flex_cur,elbow_flex_qd,elbow_flex_temp,wrist_roll_q,wrist_roll_cmd,wrist_roll_out,wrist_roll_i,wrist_roll_cur,wrist_roll_qd,wrist_roll_temp,wrist_yaw_q,wrist_yaw_cmd,wrist_yaw_out,wrist_yaw_i,wrist_yaw_cur,wrist_yaw_qd,wrist_yaw_temp,wrist_pitch_q,wrist_pitch_cmd,wrist_pitch_out,wrist_pitch_i,wrist_pitch_cur,wrist_pitch_qd,wrist_pitch_temp
-0.0351,0,approach,-90.0,12.0,5.169,5.1,5.1,0.0,0.0,0.0,33.0,-100.0,-100.0,-100.0,0.0,0.0,-0.0,31.0,-100.0,-100.0,-100.0,-8.0,0.0,-0.0,30.0,-88.533,-88.0,-88.0,-32.0,2.0,-0.0,31.0,-100.0,-100.0,-100.0,0.0,0.0,-0.0,30.0,9.756,9.756,9.756,0.0,0.0,0.0,30.0,23.093,23.299,23.299,-8.0,0.0,-0.0,31.0
0.0182,0,approach,-90.0,12.0,5.169,-90.0,5.1,0.0,0.0,0.0,33.0,-100.0,-100.0,-100.0,0.0,0.0,-0.0,31.0,-100.0,-100.0,-100.0,-8.0,0.0,-0.0,30.0,-88.533,-88.0,-88.0,-32.0,2.0,-0.0,31.0,-100.0,-100.0,-100.0,0.0,0.0,-0.0,30.0,9.756,9.756,9.756,0.0,0.0,0.0,30.0,23.093,23.299,23.299,-8.0,0.0,-0.0,31.0
0.0714,0,approach,-90.0,12.0,5.079,-90.0,4.875,0.0,0.0,-1.007,33.0,-100.0,-100.0,-100.0,0.0,0.0,-0.0,31.0,-100.0,-100.0,-100.0,-8.0,0.0,-0.0,30.0,-88.533,-88.0,-88.0,-32.0,2.0,-0.0,31.0,-100.0,-100.0,-100.0,0.0,0.0,-0.0,30.0,9.756,9.756,9.756,0.0,0.0,0.0,30.0,23.093,23.299,23.299,-8.0,0.0,-0.0,31.0
0.1247,0,approach,-90.0,12.0,4.989,-90.0,4.661,0.0,0.0,-1.504,33.0,-100.0,-100.0,-100.0,0.0,0.0,-0.0,31.0,-100.0,-100.0,-100.0,-8.0,0.0,-0.0,30.0,-88.533,-88.0,-88.0,-32.0,2.0,-0.0,31.0,-100.0,-100.0,-100.0,0.0,0.0,-0.0,30.0,9.756,9.756,9.756,0.0,0.0,0.0,30.0,23.093,23.299,23.299,-8.0,0.0,-0.0,31.0
0.1786,0,approach,-90.0,12.0,4.809,-90.0,4.448,0.0,0.0,-2.469,33.0,-100.0,-100.0,-100.0,0.0,0.0,-0.0,31.0,-100.0,-100.0,-100.0,-8.0,0.0,-0.0,30.0,-88.533,-88.0,-88.0,-32.0,2.0,-0.0,31.0,-100.0,-100.0,-100.0,0.0,0.0,-0.0,30.0,9.756,9.756,9.756,0.0,0.0,0.0,30.0,23.093,23.299,23.299,-8.0,0.0,-0.0,31.0
0.2315,0,approach,-90.0,12.0,4.539,-90.0,4.236,0.0,0.0,-3.942,33.0,-100.0,-100.0,-100.0,0.0,0.0,-0.0,31.0,-100.0,-100.0,-100.0,-8.0,0.0,-0.0,30.0,-88.533,-88.0,-88.0,-32.0,2.0,-0.0,31.0,-100.0,-100.0,-100.0,0.0,0.0,-0.0,30.0,9.756,9.756,9.756,0.0,0.0,0.0,30.0,23.093,23.299,23.299,-8.0,0.0,-0.0,31.0
0.2841,0,approach,-90.0,12.0,4.36,-90.0,4.018,0.0,0.0,-3.617,33.0,-100.0,-100.0,-100.0,0.0,0.0,-0.0,31.0,-100.0,-100.0,-100.0,-8.0,0.0,-0.0,30.0,-88.533,-88.0,-88.0,-32.0,2.0,-0.0,31.0,-100.0,-100.0,-100.0,0.0,0.0,-0.0,30.0,9.756,9.756,9.756,0.0,0.0,0.0,30.0,23.093,23.299,23.299,-8.0,0.0,-0.0,31.0
0.3374,0,approach,-90.0,12.0,4.18,-90.0,3.802,0.0,0.0,-3.479,33.0,-100.0,-100.0,-100.0,0.0,0.0,-0.0,31.0,-100.0,-100.0,-100.0,-8.0,0.0,-0.0,30.0,-88.533,-88.0,-88.0,-32.0,2.0,-0.0,31.0,-100.0,-100.0,-100.0,0.0,0.0,-0.0,30.0,9.756,9.756,9.756,0.0,0.0,0.0,30.0,23.093,23.299,23.299,-8.0,0.0,-0.0,31.0
0.3908,0,approach,-90.0,12.0,3.82,-90.0,3.589,0.0,0.0,-5.125,33.0,-100.0,-100.0,-100.0,0.0,0.0,-0.0,31.0,-100.0,-100.0,-100.0,-8.0,0.0,-0.0,30.0,-88.533,-88.0,-88.0,-32.0,2.0,-0.0,31.0,-100.0,-100.0,-100.0,0.0,0.0,-0.0,30.0,9.756,9.756,9.756,0.0,0.0,0.0,30.0,23.093,23.299,23.299,-8.0,0.0,-0.0,31.0
0.4433,0,approach,-90.0,12.0,3.73,-90.0,3.481,20.0,0.0,-4.598,33.0,-100.0,-100.0,-100.0,0.0,0.0,-0.0,31.0,-100.0,-100.0,-100.0,-8.0,0.0,-0.0,30.0,-88.533,-88.0,-88.0,-32.0,2.0,-0.0,31.0,-100.0,-100.0,-100.0,0.0,0.0,-0.0,30.0,9.756,9.756,9.756,0.0,0.0,0.0,30.0,23.093,23.299,23.299,-8.0,0.0,-0.0,31.0
0.4965,0,approach,-90.0,12.0,3.551,-90.0,3.144,20.0,0.0,-3.574,33.0,-100.0,-100.0,-100.0,0.0,0.0,-0.0,31.0,-100.0,-100.0,-100.0,-8.0,0.0,-0.0,30.0,-88.533,-88.0,-88.0,-32.0,2.0,-0.0,31.0,-100.0,-100.0,-100.0,0.0,0.0,-0.0,30.0,9.756,9.756,9.756,0.0,0.0,0.0,30.0,23.093,23.299,23.299,-8.0,0.0,-0.0,31.0
0.5489,0,approach,-90.0,12.0,3.281,-90.0,2.927,20.0,0.0,-4.456,33.0,-100.0,-100.0,-100.0,0.0,0.0,-0.0,31.0,-100.0,-100.0,-100.0,-8.0,0.0,-0.0,30.0,-88.533,-88.0,-88.0,-32.0,2.0,-0.0,31.0,-100.0,-100.0,-100.0,0.0,0.0,-0.0,30.0,9.756,9.756,9.756,0.0,0.0,0.0,30.0,23.093,23.299,23.299,-8.0,0.0,-0.0,31.0
0.6021,0,approach,-90.0,12.0,3.101,-90.0,2.714,20.0,0.0,-3.906,33.0,-100.0,-100.0,-100.0,0.0,0.0,-0.0,31.0,-100.0,-100.0,-100.0,-8.0,0.0,-0.0,30.0,-88.533,-88.0,-88.0,-32.0,2.0,-0.0,31.0,-100.0,-100.0,-100.0,0.0,0.0,-0.0,30.0,9.756,9.756,9.756,0.0,0.0,0.0,30.0,23.093,23.299,23.299,-8.0,0.0,-0.0,31.0
0.6553,0,approach,-90.0,12.0,3.011,-90.0,2.5,20.0,0.0,-2.92,33.0,-100.0,-100.0,-100.0,0.0,0.0,-0.0,31.0,-100.0,-100.0,-100.0,-8.0,0.0,-0.0,30.0,-88.533,-88.0,-88.0,-32.0,2.0,-0.0,31.0,-100.0,-100.0,-100.0,0.0,0.0,-0.0,30.0,9.756,9.756,9.756,0.0,0.0,0.0,30.0,23.093,23.299,23.299,-8.0,0.0,-0.0,31.0
0.7086,0,approach,-90.0,12.0,2.652,-90.0,2.287,20.0,0.0,-4.872,33.0,-100.0,-100.0,-100.0,0.0,0.0,-0.0,31.0,-100.0,-100.0,-100.0,-8.0,0.0,-0.0,30.0,-88.533,-88.0,-88.0,-32.0,2.0,-0.0,31.0,-100.0,-100.0,-100.0,0.0,0.0,-0.0,30.0,9.756,9.756,9.756,0.0,0.0,0.0,30.0,23.093,23.299,23.299,-8.0,0.0,-0.0,31.0
0.7617,0,approach,-90.0,12.0,2.472,-90.0,2.072,20.0,0.0,-4.092,33.0,-100.0,-100.0,-100.0,0.0,0.0,-0.0,31.0,-100.0,-100.0,-100.0,-8.0,0.0,-0.0,30.0,-88.533,-88.0,-88.0,-32.0,2.0,-0.0,31.0,-100.0,-100.0,-100.0,0.0,0.0,-0.0,30.0,9.756,9.756,9.756,0.0,0.0,0.0,30.0,23.093,23.299,23.299,-8.0,0.0,-0.0,31.0
0.8139,0,approach,-90.0,12.0,2.202,-90.0,1.857,20.0,0.0,-4.118,33.0,-100.0,-100.0,-100.0,0.0,0.0,-0.0,31.0,-100.0,-100.0,-100.0,-8.0,0.0,-0.0,30.0,-88.533,-88.0,-88.0,-32.0,2.0,-0.0,31.0,-100.0,-100.0,-100.0,0.0,0.0,-0.0,30.0,9.756,9.756,9.756,0.0,0.0,0.0,30.0,23.093,23.299,23.299,-8.0,0.0,-0.0,31.0
0.8664,0,approach,-90.0,12.0,1.933,-90.0,1.641,20.0,0.0,-4.73,33.0,-100.0,-100.0,-100.0,0.0,0.0,-0.0,31.0,-100.0,-100.0,-100.0,-8.0,0.0,-0.0,30.0,-88.533,-88.0,-88.0,-32.0,2.0,-0.0,31.0,-100.0,-100.0,-100.0,0.0,0.0,-0.0,30.0,9.756,9.756,9.756,0.0,0.0,0.0,30.0,23.093,23.299,23.299,-8.0,0.0,-0.0,31.0
0.9201,0,approach,-90.0,12.0,1.933,-90.0,1.424,20.0,0.0,-3.311,33.0,-100.0,-100.0,-100.0,0.0,0.0,-0.0,31.0,-100.0,-100.0,-100.0,-8.0,0.0,-0.0,30.0,-88.533,-88.0,-88.0,-32.0,2.0,-0.0,31.0,-100.0,-100.0,-100.0,0.0,0.0,-0.0,30.0,9.756,9.756,9.756,0.0,0.0,0.0,30.0,23.093,23.299,23.299,-8.0,0.0,-0.0,31.0
0.9738,0,approach,-90.0,12.0,1.753,-90.0,1.194,20.0,0.0,-2.856,33.0,-100.0,-100.0,-100.0,0.0,0.0,-0.0,31.0,-100.0,-100.0,-100.0,-8.0,0.0,-0.0,30.0,-88.533,-88.0,-88.0,-32.0,2.0,-0.0,31.0,-100.0,-100.0,-100.0,0.0,0.0,-0.0,30.0,9.756,9.756,9.756,0.0,0.0,0.0,30.0,23.093,23.299,23.299,-8.0,0.0,-0.0,31.0
1.0271,0,approach,-90.0,11.9,1.753,-90.0,1.194,52.0,3.0,-1.999,33.0,-100.0,-100.0,-100.0,0.0,0.0,-0.0,31.0,-100.0,-100.0,-100.0,-8.0,0.0,-0.0,30.0,-88.533,-88.0,-88.0,-32.0,2.0,-0.0,31.0,-100.0,-100.0,-100.0,0.0,0.0,-0.0,30.0,9.756,9.756,9.756,0.0,0.0,0.0,30.0,23.093,23.299,23.299,-8.0,0.0,-0.0,31.0
1.0798,0,approach,-90.0,11.9,1.393,-90.0,0.851,52.0,3.0,-2.985,33.0,-100.0,-100.0,-100.0,0.0,0.0,-0.0,31.0,-100.0,-100.0,-100.0,-8.0,0.0,-0.0,30.0,-88.533,-88.0,-88.0,-32.0,2.0,-0.0,31.0,-100.0,-100.0,-100.0,0.0,0.0,-0.0,30.0,9.756,9.756,9.756,0.0,0.0,0.0,30.0,23.093,23.299,23.299,-8.0,0.0,-0.0,31.0
1.133,0,approach,-90.0,11.9,1.124,-90.0,0.636,52.0,3.0,-3.569,33.0,-100.0,-100.0,-100.0,0.0,0.0,-0.0,31.0,-100.0,-100.0,-100.0,-8.0,0.0,-0.0,30.0,-88.533,-88.0,-88.0,-32.0,2.0,-0.0,31.0,-100.0,-100.0,-100.0,0.0,0.0,-0.0,30.0,9.756,9.756,9.756,0.0,0.0,0.0,30.0,23.093,23.299,23.299,-8.0,0.0,-0.0,31.0
1.1859,0,approach,-90.0,11.9,0.764,-90.0,0.423,52.0,3.0,-5.176,33.0,-100.0,-100.0,-100.0,0.0,0.0,-0.0,31.0,-100.0,-100.0,-100.0,-8.0,0.0,-0.0,30.0,-88.533,-88.0,-88.0,-32.0,2.0,-0.0,31.0,-100.0,-100.0,-100.0,0.0,0.0,-0.0,30.0,9.756,9.756,9.756,0.0,0.0,0.0,30.0,23.093,23.299,23.299,-8.0,0.0,-0.0,31.0
1.2381,0,approach,-90.0,11.9,0.584,-90.0,0.209,52.0,3.0,-4.254,33.0,-100.0,-100.0,-100.0,0.0,0.0,-0.0,31.0,-100.0,-100.0,-100.0,-8.0,0.0,-0.0,30.0,-88.533,-88.0,-88.0,-32.0,2.0,-0.0,31.0,-100.0,-100.0,-100.0,0.0,0.0,-0.0,30.0,9.756,9.756,9.756,0.0,0.0,0.0,30.0,23.093,23.299,23.299,-8.0,0.0,-0.0,31.0
1.2914,0,approach,-90.0,11.9,0.404,-90.0,-0.006,52.0,3.0,-3.772,33.0,-100.0,-100.0,-100.0,0.0,0.0,-0.0,31.0,-100.0,-100.0,-100.0,-8.0,0.0,-0.0,30.0,-88.533,-88.0,-88.0,-32.0,2.0,-0.0,31.0,-100.0,-100.0,-100.0,0.0,0.0,-0.0,30.0,9.756,9.756,9.756,0.0,0.0,0.0,30.0,23.093,23.299,23.299,-8.0,0.0,-0.0,31.0
1.3441,0,approach,-90.0,11.9,0.315,-90.0,-0.222,52.0,3.0,-2.55,33.0,-100.0,-100.0,-100.0,0.0,0.0,-0.0,31.0,-100.0,-100.0,-100.0,-8.0,0.0,-0.0,30.0,-88.533,-88.0,-88.0,-32.0,2.0,-0.0,31.0,-100.0,-100.0,-100.0,0.0,0.0,-0.0,30.0,9.756,9.756,9.756,0.0,0.0,0.0,30.0,23.093,23.299,23.299,-8.0,0.0,-0.0,31.0
1.3976,0,approach,-90.0,11.9,0.135,-90.0,-0.438,52.0,3.0,-3.243,33.0,-100.0,-100.0,-100.0,0.0,0.0,-0.0,31.0,-100.0,-100.0,-100.0,-8.0,0.0,-0.0,30.0,-88.533,-88.0,-88.0,-32.0,2.0,-0.0,31.0,-100.0,-100.0,-100.0,0.0,0.0,-0.0,30.0,9.756,9.756,9.756,0.0,0.0,0.0,30.0,23.093,23.299,23.299,-8.0,0.0,-0.0,31.0
1.4498,0,approach,-90.0,11.9,-0.225,-90.0,-0.653,52.0,3.0,-4.985,33.0,-100.0,-100.0,-100.0,0.0,0.0,-0.0,31.0,-100.0,-100.0,-100.0,-8.0,0.0,-0.0,30.0,-88.533,-88.0,-88.0,-32.0,2.0,-0.0,31.0,-100.0,-100.0,-100.0,0.0,0.0,-0.0,30.0,9.268,9.756,9.756,0.0,0.0,-3.819,30.0,23.093,23.299,23.299,-8.0,0.0,-0.0,31.0
1.5032,0,approach,-90.0,11.9,-0.404,-90.0,-0.869,52.0,3.0,-4.152,33.0,-100.0,-100.0,-100.0,0.0,0.0,-0.0,31.0,-100.0,-100.0,-100.0,-8.0,0.0,-0.0,30.0,-88.533,-88.0,-88.0,-32.0,2.0,-0.0,31.0,-100.0,-100.0,-100.0,0.0,0.0,-0.0,30.0,9.756,9.756,9.756,0.0,0.0,1.941,30.0,23.093,23.299,23.299,-8.0,0.0,-0.0,31.0
1.5566,0,approach,-90.0,11.9,-0.674,-90.0,-1.086,52.0,3.0,-4.989,33.0,-100.0,-100.0,-100.0,0.0,0.0,-0.0,31.0,-100.0,-100.0,-100.0,-8.0,0.0,-0.0,30.0,-88.533,-88.0,-88.0,-32.0,2.0,-0.0,31.0,-100.0,-100.0,-100.0,0.0,0.0,-0.0,30.0,9.756,9.756,9.756,0.0,0.0,0.951,30.0,23.093,23.299,23.299,-8.0,0.0,-0.0,31.0
1.609,0,approach,-90.0,12.0,-0.854,-90.0,-1.326,32.0,0.0,-4.396,33.0,-100.0,-100.0,-100.0,-8.0,0.0,-0.0,31.0,-100.0,-100.0,-100.0,-8.0,0.0,-0.0,30.0,-88.533,-88.0,-88.0,-32.0,2.0,-0.0,31.0,-100.0,-100.0,-100.0,0.0,0.0,-0.0,30.0,9.756,9.756,9.756,0.0,0.0,0.666,30.0,23.093,23.299,23.299,-8.0,0.0,-0.0,30.0
1.6625,0,approach,-90.0,12.0,-1.034,-90.0,-1.541,32.0,0.0,-4.165,33.0,-100.0,-100.0,-100.0,-8.0,0.0,-0.0,31.0,-100.0,-100.0,-100.0,-8.0,0.0,-0.0,30.0,-88.533,-88.0,-88.0,-32.0,2.0,-0.0,31.0,-100.0,-100.0,-100.0,0.0,0.0,-0.0,30.0,9.756,9.756,9.756,0.0,0.0,0.326,30.0,23.093,23.299,23.299,-8.0,0.0,-0.0,30.0
1.7156,0,approach,-90.0,12.0,-1.124,-90.0,-1.756,32.0,0.0,-2.74,33.0,-100.0,-100.0,-100.0,-8.0,0.0,-0.0,31.0,-100.0,-100.0,-100.0,-8.0,0.0,-0.0,30.0,-88.533,-88.0,-88.0,-32.0,2.0,-0.0,31.0,-100.0,-100.0,-100.0,0.0,0.0,-0.0,30.0,9.756,9.756,9.756,0.0,0.0,0.16,30.0,23.093,23.299,23.299,-8.0,0.0,-0.0,30.0
1.7679,0,approach,-90.0,12.0,-1.213,-90.0,-1.97,32.0,0.0,-2.931,33.0,-100.0,-100.0,-100.0,-8.0,0.0,-0.0,31.0,-100.0,-100.0,-100.0,-8.0,0.0,-0.0,30.0,-88.533,-88.0,-88.0,-32.0,2.0,-0.0,31.0,-100.0,-100.0,-100.0,0.0,0.0,-0.0,30.0,9.756,9.756,9.756,0.0,0.0,0.112,30.0,23.093,23.299,23.299,-8.0,0.0,-0.0,30.0
1.8199,0,approach,-90.0,12.0,-1.573,-90.0,-2.192,32.0,0.0,-4.769,33.0,-100.0,-100.0,-100.0,-8.0,0.0,-0.0,31.0,-100.0,-100.0,-100.0,-8.0,0.0,-0.0,30.0,-88.533,-88.0,-88.0,-32.0,2.0,-0.0,31.0,-100.0,-100.0,-100.0,0.0,0.0,-0.0,30.0,9.756,9.756,9.756,0.0,0.0,0.055,30.0,23.093,23.299,23.299,-8.0,0.0,-0.0,30.0
1.8741,0,approach,-90.0,12.0,-1.753,-90.0,-2.417,32.0,0.0,-3.99,33.0,-100.0,-100.0,-100.0,-8.0,0.0,-0.0,31.0,-100.0,-100.0,-100.0,-8.0,0.0,-0.0,30.0,-88.533,-88.0,-88.0,-32.0,2.0,-0.0,31.0,-100.0,-100.0,-100.0,0.0,0.0,-0.0,30.0,9.756,9.756,9.756,0.0,0.0,0.027,30.0,23.093,23.299,23.299,-8.0,0.0,-0.0,30.0
1.927,0,approach,-90.0,12.0,-2.022,-90.0,-2.537,32.0,0.0,-4.59,33.0,-100.0,-100.0,-100.0,-8.0,0.0,-0.0,31.0,-100.0,-100.0,-100.0,-8.0,0.0,-0.0,30.0,-88.533,-88.0,-88.0,-32.0,2.0,-0.0,31.0,-100.0,-100.0,-100.0,0.0,0.0,-0.0,30.0,9.756,9.756,9.756,0.0,0.0,0.013,30.0,23.093,23.299,23.299,-8.0,0.0,-0.0,30.0
1.9806,0,approach,-90.0,12.0,-2.292,-90.0,-2.752,32.0,0.0,-4.661,33.0,-100.0,-100.0,-100.0,-8.0,0.0,-0.0,31.0,-100.0,-100.0,-100.0,-8.0,0.0,-0.0,30.0,-88.533,-88.0,-88.0,-32.0,2.0,-0.0,31.0,-100.0,-100.0,-100.0,0.0,0.0,-0.0,30.0,9.756,9.756,9.756,0.0,0.0,0.006,30.0,23.093,23.299,23.299,-8.0,0.0,-0.0,30.0
2.0334,0,approach,-90.0,12.0,-2.472,-90.0,-2.966,32.0,0.0,-4.005,33.0,-100.0,-100.0,-100.0,-8.0,0.0,-0.0,31.0,-100.0,-100.0,-100.0,-8.0,0.0,-0.0,30.0,-88.533,-88.0,-88.0,-32.0,2.0,-0.0,31.0,-100.0,-100.0,-100.0,0.0,0.0,-0.0,30.0,9.756,9.756,9.756,0.0,0.0,0.003,30.0,23.093,23.299,23.299,-8.0,0.0,-0.0,30.0
2.0862,0,approach,-90.0,12.0,-2.562,-90.0,-3.18,32.0,0.0,-2.664,33.0,-100.0,-100.0,-100.0,-8.0,0.0,-0.0,31.0,-100.0,-100.0,-100.0,-8.0,0.0,-0.0,30.0,-88.533,-88.0,-88.0,-32.0,2.0,-0.0,31.0,-100.0,-100.0,-100.0,0.0,0.0,-0.0,30.0,9.756,9.756,9.756,0.0,0.0,0.002,30.0,23.093,23.299,23.299,-8.0,0.0,-0.0,30.0
2.1398,0,approach,-90.0,12.0,-2.652,-90.0,-3.397,32.0,0.0,-1.993,33.0,-100.0,-100.0,-100.0,-8.0,0.0,-0.0,31.0,-100.0,-100.0,-100.0,-8.0,0.0,-0.0,30.0,-88.533,-88.0,-88.0,-32.0,2.0,-0.0,31.0,-100.0,-100.0,-100.0,0.0,0.0,-0.0,30.0,9.756,9.756,9.756,0.0,0.0,0.001,30.0,23.093,23.299,23.299,-8.0,0.0,-0.0,30.0
2.1943,0,approach,-90.0,11.9,-3.011,-90.0,-3.636,56.0,4.0,-3.221,33.0,-100.0,-100.0,-100.0,0.0,0.0,-0.0,31.0,-100.0,-100.0,-100.0,-8.0,0.0,-0.0,30.0,-88.533,-88.0,-88.0,-32.0,2.0,-0.0,31.0,-100.0,-100.0,-100.0,0.0,0.0,-0.0,30.0,9.756,9.756,9.756,0.0,0.0,0.001,30.0,23.093,23.299,23.299,-8.0,0.0,-0.0,31.0
2.2471,0,approach,-90.0,11.9,-3.281,-90.0,-3.85,56.0,4.0,-3.978,33.0,-100.0,-100.0,-100.0,0.0,0.0,-0.0,31.0,-100.0,-100.0,-100.0,-8.0,0.0,-0.0,30.0,-88.533,-88.0,-88.0,-32.0,2.0,-0.0,31.0,-100.0,-100.0,-100.0,0.0,0.0,-0.0,30.0,9.756,9.756,9.756,0.0,0.0,0.0,30.0,23.093,23.299,23.299,-8.0,0.0,-0.0,31.0
2.3002,0,approach,-90.0,11.9,-3.461,-90.0,-4.064,56.0,4.0,-3.66,33.0,-100.0,-100.0,-100.0,0.0,0.0,-0.0,31.0,-100.0,-100.0,-100.0,-8.0,0.0,-0.0,30.0,-88.533,-88.0,-88.0,-32.0,2.0,-0.0,31.0,-100.0,-100.0,-100.0,0.0,0.0,-0.0,30.0,9.756,9.756,9.756,0.0,0.0,0.0,30.0,23.093,23.299,23.299,-8.0,0.0,-0.0,31.0
2.3533,0,approach,-90.0,11.9,-3.73,-90.0,-4.278,56.0,4.0,-4.235,33.0,-100.0,-100.0,-100.0,0.0,0.0,-0.0,31.0,-100.0,-100.0,-100.0,-8.0,0.0,-0.0,30.0,-88.533,-88.0,-88.0,-32.0,2.0,-0.0,31.0,-100.0,-100.0,-100.0,0.0,0.0,-0.0,30.0,9.756,9.756,9.756,0.0,0.0,0.0,30.0,23.093,23.299,23.299,-8.0,0.0,-0.0,31.0
2.4066,0,approach,-90.0,11.9,-3.91,-90.0,-4.491,56.0,4.0,-3.78,33.0,-100.0,-100.0,-100.0,0.0,0.0,-0.0,31.0,-100.0,-100.0,-100.0,-8.0,0.0,-0.0,30.0,-88.533,-88.0,-88.0,-32.0,2.0,-0.0,31.0,-100.0,-100.0,-100.0,0.0,0.0,-0.0,30.0,9.756,9.756,9.756,0.0,0.0,0.0,30.0,23.093,23.299,23.299,-8.0,0.0,-0.0,31.0
2.4591,0,approach,-90.0,11.9,-4.0,-90.0,-4.706,56.0,4.0,-2.553,33.0,-100.0,-100.0,-100.0,0.0,0.0,-0.0,31.0,-100.0,-100.0,-100.0,-8.0,0.0,-0.0,30.0,-88.533,-88.0,-88.0,-32.0,2.0,-0.0,31.0,-100.0,-100.0,-100.0,0.0,0.0,-0.0,30.0,9.756,9.756,9.756,0.0,0.0,0.0,30.0,23.093,23.299,23.299,-8.0,0.0,-0.0,31.0
2.5122,0,approach,-90.0,11.9,-4.09,-90.0,-4.921,56.0,4.0,-1.952,33.0,-100.0,-100.0,-100.0,0.0,0.0,-0.0,31.0,-100.0,-100.0,-100.0,-8.0,0.0,-0.0,30.0,-88.533,-88.0,-88.0,-32.0,2.0,-0.0,31.0,-100.0,-100.0,-100.0,0.0,0.0,-0.0,30.0,9.756,9.756,9.756,0.0,0.0,0.0,30.0,23.093,23.299,23.299,-8.0,0.0,-0.0,31.0
2.5654,0,approach,-90.0,11.9,-4.449,-90.0,-5.134,56.0,4.0,-4.092,33.0,-100.0,-100.0,-100.0,0.0,0.0,-0.0,31.0,-100.0,-100.0,-100.0,-8.0,0.0,-0.0,30.0,-88.533,-88.0,-88.0,-32.0,2.0,-0.0,31.0,-100.0,-100.0,-100.0,0.0,0.0,-0.0,30.0,9.756,9.756,9.756,0.0,0.0,0.0,30.0,23.299,23.299,23.299,-8.0,0.0,1.627,31.0
2.6184,0,approach,-90.0,11.9,-4.719,-90.0,-5.347,56.0,4.0,-4.428,33.0,-100.0,-100.0,-100.0,0.0,0.0,-0.0,31.0,-100.0,-100.0,-100.0,-8.0,0.0,-0.0,30.0,-88.533,-88.0,-88.0,-32.0,2.0,-0.0,31.0,-100.0,-100.0,-100.0,0.0,0.0,-0.0,30.0,9.756,9.756,9.756,0.0,0.0,0.0,30.0,23.299,23.299,23.299,-8.0,0.0,0.797,31.0
2.6714,0,approach,-90.0,11.9,-4.899,-90.0,-5.563,56.0,4.0,-4.174,33.0,-100.0,-100.0,-100.0,0.0,0.0,-0.0,31.0,-100.0,-100.0,-100.0,-8.0,0.0,-0.0,30.0,-88.533,-88.0,-88.0,-32.0,2.0,-0.0,31.0,-100.0,-100.0,-100.0,0.0,0.0,-0.0,30.0,9.756,9.756,9.756,0.0,0.0,0.0,30.0,23.299,23.299,23.299,-8.0,0.0,0.391,31.0
2.7245,0,approach,-90.0,11.9,-5.079,-90.0,-5.67,44.0,2.0,-4.954,33.0,-100.0,-100.0,-100.0,0.0,0.0,-0.0,31.0,-100.0,-100.0,-100.0,-8.0,0.0,-0.0,30.0,-88.533,-88.0,-88.0,-32.0,1.0,-0.0,31.0,-100.0,-100.0,-100.0,0.0,0.0,-0.0,30.0,9.756,9.756,9.756,0.0,0.0,0.0,30.0,23.299,23.299,23.299,0.0,0.0,0.273,31.0
2.7777,0,approach,-90.0,11.9,-5.348,-90.0,-6.004,44.0,2.0,-4.744,33.0,-100.0,-100.0,-100.0,0.0,0.0,-0.0,31.0,-100.0,-100.0,-100.0,-8.0,0.0,-0.0,30.0,-88.533,-88.0,-88.0,-32.0,1.0,-0.0,31.0,-100.0,-100.0,-100.0,0.0,0.0,-0.0,30.0,9.756,9.756,9.756,0.0,0.0,0.0,30.0,23.299,23.299,23.299,0.0,0.0,0.134,31.0
2.831,0,approach,-90.0,11.9,-5.528,-90.0,-6.218,44.0,2.0,-4.041,33.0,-100.0,-100.0,-100.0,0.0,0.0,-0.0,31.0,-100.0,-100.0,-100.0,-8.0,0.0,-0.0,30.0,-88.533,-88.0,-88.0,-32.0,1.0,-0.0,31.0,-100.0,-100.0,-100.0,0.0,0.0,-0.0,30.0,9.756,9.756,9.756,0.0,0.0,0.0,30.0,23.299,23.299,23.299,0.0,0.0,0.066,31.0
2.8836,0,approach,-90.0,11.9,-5.528,-90.0,-6.433,44.0,2.0,-2.828,33.0,-100.0,-100.0,-100.0,0.0,0.0,-0.0,31.0,-100.0,-100.0,-100.0,-8.0,0.0,-0.0,30.0,-88.533,-88.0,-88.0,-32.0,1.0,-0.0,31.0,-100.0,-100.0,-100.0,0.0,0.0,-0.0,30.0,9.756,9.756,9.756,0.0,0.0,0.0,30.0,23.299,23.299,23.299,0.0,0.0,0.046,31.0
2.9371,0,approach,-90.0,11.9,-5.798,-90.0,-6.661,44.0,2.0,-4.007,33.0,-100.0,-100.0,-100.0,0.0,0.0,-0.0,31.0,-100.0,-100.0,-100.0,-8.0,0.0,-0.0,30.0,-88.533,-88.0,-88.0,-32.0,1.0,-0.0,31.0,-100.0,-100.0,-100.0,0.0,0.0,-0.0,30.0,9.756,9.756,9.756,0.0,0.0,0.0,30.0,23.299,23.299,23.299,0.0,0.0,0.023,31.0
2.99,0,approach,-90.0,11.9,-6.067,-90.0,-6.778,44.0,2.0,-4.25,33.0,-100.0,-100.0,-100.0,0.0,0.0,-0.0,31.0,-100.0,-100.0,-100.0,-8.0,0.0,-0.0,30.0,-88.533,-88.0,-88.0,-32.0,1.0,-0.0,31.0,-100.0,-100.0,-100.0,0.0,0.0,-0.0,30.0,9.756,9.756,9.756,0.0,0.0,0.0,30.0,23.093,23.299,23.299,0.0,0.0,-2.282,31.0
3.0435,0,approach,-90.0,11.9,-6.247,-90.0,-7.001,44.0,2.0,-3.735,33.0,-100.0,-100.0,-100.0,0.0,0.0,-0.0,31.0,-100.0,-100.0,-100.0,-8.0,0.0,-0.0,30.0,-88.533,-88.0,-88.0,-32.0,1.0,-0.0,31.0,-100.0,-100.0,-100.0,0.0,0.0,-0.0,30.0,9.756,9.756,9.756,0.0,0.0,0.0,30.0,23.093,23.299,23.299,0.0,0.0,-1.118,31.0
3.0962,0,approach,-90.0,11.9,-6.607,-90.0,-7.216,44.0,2.0,-5.264,33.0,-100.0,-100.0,-100.0,0.0,0.0,-0.0,31.0,-100.0,-100.0,-100.0,-8.0,0.0,-0.0,30.0,-88.533,-88.0,-88.0,-32.0,1.0,-0.0,31.0,-100.0,-100.0,-100.0,0.0,0.0,-0.0,30.0,9.756,9.756,9.756,0.0,0.0,0.0,30.0,23.093,23.299,23.299,0.0,0.0,-0.548,31.0
3.149,0,approach,-90.0,11.9,-6.697,-90.0,-7.432,44.0,2.0,-3.586,33.0,-100.0,-100.0,-100.0,0.0,0.0,-0.0,31.0,-100.0,-100.0,-100.0,-8.0,0.0,-0.0,30.0,-88.533,-88.0,-88.0,-32.0,1.0,-0.0,31.0,-100.0,-100.0,-100.0,0.0,0.0,-0.0,30.0,9.756,9.756,9.756,0.0,0.0,0.0,30.0,23.093,23.299,23.299,0.0,0.0,-0.268,31.0
3.2032,0,approach,-90.0,11.9,-6.876,-90.0,-7.647,44.0,2.0,-3.469,33.0,-100.0,-100.0,-100.0,0.0,0.0,-0.0,31.0,-100.0,-100.0,-100.0,-8.0,0.0,-0.0,30.0,-88.533,-88.0,-88.0,-32.0,1.0,-0.0,31.0,-100.0,-100.0,-100.0,0.0,0.0,-0.0,30.0,9.756,9.756,9.756,0.0,0.0,0.0,30.0,23.093,23.299,23.299,0.0,0.0,-0.132,31.0
3.256,0,approach,-90.0,11.9,-6.966,-90.0,-7.86,44.0,2.0,-2.409,33.0,-100.0,-100.0,-100.0,0.0,0.0,-0.0,31.0,-100.0,-100.0,-100.0,-8.0,0.0,-0.0,30.0,-88.533,-88.0,-88.0,-32.0,1.0,-0.0,31.0,-100.0,-100.0,-100.0,0.0,0.0,-0.0,30.0,9.756,9.756,9.756,0.0,0.0,0.0,30.0,23.093,23.299,23.299,0.0,0.0,-0.064,31.0
3.309,0,approach,-90.0,11.9,-7.056,-90.0,-7.968,64.0,5.0,-2.701,33.0,-100.0,-100.0,-100.0,0.0,0.0,-0.0,31.0,-100.0,-100.0,-100.0,-8.0,0.0,-0.0,30.0,-88.533,-88.0,-88.0,-32.0,1.0,-0.0,31.0,-100.0,-100.0,-100.0,0.0,0.0,-0.0,30.0,9.756,9.756,9.756,0.0,0.0,0.0,30.0,23.093,23.299,23.299,-8.0,0.0,-0.045,31.0
3.3609,0,approach,-90.0,11.9,-7.506,-90.0,-8.302,64.0,5.0,-3.653,33.0,-100.0,-100.0,-100.0,0.0,0.0,-0.0,31.0,-100.0,-100.0,-100.0,-8.0,0.0,-0.0,30.0,-88.533,-88.0,-88.0,-32.0,1.0,-0.0,31.0,-100.0,-100.0,-100.0,0.0,0.0,-0.0,30.0,9.756,9.756,9.756,0.0,0.0,0.0,30.0,23.093,23.299,23.299,-8.0,0.0,-0.022,31.0
3.4139,0,approach,-90.0,11.9,-7.685,-90.0,-8.516,64.0,5.0,-3.211,33.0,-100.0,-100.0,-100.0,0.0,0.0,-0.0,31.0,-100.0,-100.0,-100.0,-8.0,0.0,-0.0,30.0,-88.533,-88.0,-88.0,-32.0,1.0,-0.0,31.0,-100.0,-100.0,-100.0,0.0,0.0,-0.0,30.0,9.756,9.756,9.756,0.0,0.0,0.0,30.0,23.093,23.299,23.299,-8.0,0.0,-0.011,31.0
3.466,0,approach,-90.0,11.9,-8.045,-90.0,-8.729,64.0,5.0,-4.695,33.0,-100.0,-100.0,-100.0,0.0,0.0,-0.0,31.0,-100.0,-100.0,-100.0,-8.0,0.0,-0.0,30.0,-88.533,-88.0,-88.0,-32.0,1.0,-0.0,31.0,-100.0,-100.0,-100.0,0.0,0.0,-0.0,30.0,9.756,9.756,9.756,0.0,0.0,0.0,30.0,23.299,23.299,23.299,-8.0,0.0,2.292,31.0
3.5193,0,approach,-90.0,11.9,-8.225,-90.0,-8.947,64.0,5.0,-3.973,33.0,-100.0,-100.0,-100.0,0.0,0.0,-0.0,31.0,-100.0,-100.0,-100.0,-8.0,0.0,-0.0,30.0,-88.533,-88.0,-88.0,-32.0,1.0,-0.0,31.0,-100.0,-100.0,-100.0,0.0,0.0,-0.0,30.0,9.756,9.756,9.756,0.0,0.0,0.0,30.0,23.299,23.299,23.299,-8.0,0.0,1.123,31.0
3.5728,0,approach,-90.0,11.9,-8.404,-90.0,-9.164,64.0,5.0,-3.655,33.0,-100.0,-100.0,-100.0,0.0,0.0,-0.0,31.0,-100.0,-100.0,-100.0,-8.0,0.0,-0.0,30.0,-88.533,-88.0,-88.0,-32.0,1.0,-0.0,31.0,-100.0,-100.0,-100.0,0.0,0.0,-0.0,30.0,9.756,9.756,9.756,0.0,0.0,0.0,30.0,23.299,23.299,23.299,-8.0,0.0,0.55,31.0
3.626,0,approach,-90.0,11.9,-8.494,-90.0,-9.379,64.0,5.0,-2.772,33.0,-100.0,-100.0,-100.0,0.0,0.0,-0.0,31.0,-100.0,-100.0,-100.0,-8.0,0.0,-0.0,30.0,-88.533,-88.0,-88.0,-32.0,1.0,-0.0,31.0,-100.0,-100.0,-100.0,0.0,0.0,-0.0,30.0,9.756,9.756,9.756,0.0,0.0,0.0,30.0,23.299,23.299,23.299,-8.0,0.0,0.27,31.0
3.679,0,approach,-90.0,11.9,-8.674,-90.0,-9.595,64.0,5.0,-3.369,33.0,-100.0,-100.0,-100.0,0.0,0.0,-0.0,31.0,-100.0,-100.0,-100.0,-8.0,0.0,-0.0,30.0,-88.533,-88.0,-88.0,-32.0,1.0,-0.0,31.0,-100.0,-100.0,-100.0,0.0,0.0,-0.0,30.0,9.756,9.756,9.756,0.0,0.0,0.0,30.0,23.299,23.299,23.299,-8.0,0.0,0.132,31.0
3.731,0,approach,-90.0,11.9,-9.034,-90.0,-9.812,64.0,5.0,-4.714,33.0,-100.0,-100.0,-100.0,0.0,0.0,-0.0,31.0,-100.0,-100.0,-100.0,-8.0,0.0,-0.0,30.0,-88.533,-88.0,-88.0,-32.0,1.0,-0.0,31.0,-100.0,-100.0,-100.0,0.0,0.0,-0.0,30.0,9.756,9.756,9.756,0.0,0.0,0.0,30.0,23.299,23.299,23.299,-8.0,0.0,0.065,31.0
3.7843,0,approach,-90.0,11.9,-9.124,-90.0,-10.029,64.0,5.0,-3.012,33.0,-100.0,-100.0,-100.0,0.0,0.0,-0.0,31.0,-100.0,-100.0,-100.0,-8.0,0.0,-0.0,30.0,-88.533,-88.0,-88.0,-32.0,1.0,-0.0,31.0,-100.0,-100.0,-100.0,0.0,0.0,-0.0,30.0,9.756,9.756,9.756,0.0,0.0,0.0,30.0,23.299,23.299,23.299,-8.0,0.0,0.032,31.0
3.8377,0,approach,-90.0,11.9,-9.483,-90.0,-10.245,64.0,5.0,-5.175,33.0,-100.0,-100.0,-100.0,0.0,0.0,-0.0,31.0,-100.0,-100.0,-100.0,-8.0,0.0,-0.0,30.0,-88.533,-88.0,-88.0,-32.0,1.0,-0.0,31.0,-100.0,-100.0,-100.0,0.0,0.0,-0.0,30.0,9.756,9.756,9.756,0.0,0.0,0.0,30.0,23.093,23.299,23.299,-8.0,0.0,-1.611,31.0
3.8911,0,approach,-90.0,11.9,-9.483,-90.0,-10.473,68.0,5.0,-5.175,33.0,-100.0,-100.0,-100.0,0.0,0.0,-0.0,31.0,-100.0,-100.0,-100.0,-8.0,1.0,-0.0,30.0,-88.533,-88.0,-88.0,-32.0,1.0,-0.0,31.0,-100.0,-100.0,-100.0,0.0,0.0,-0.0,30.0,9.756,9.756,9.756,0.0,0.0,0.0,30.0,23.093,23.299,23.299,-8.0,0.0,-1.611,31.0
3.9445,0,approach,-90.0,11.9,-9.753,-90.0,-10.699,68.0,5.0,-4.869,33.0,-100.0,-100.0,-100.0,0.0,0.0,-0.0,31.0,-100.0,-100.0,-100.0,-8.0,1.0,-0.0,30.0,-88.533,-88.0,-88.0,-32.0,1.0,-0.0,31.0,-100.0,-100.0,-100.0,0.0,0.0,-0.0,30.0,9.756,9.756,9.756,0.0,0.0,0.0,30.0,23.299,23.299,23.299,-8.0,0.0,1.526,31.0
3.9973,0,approach,-90.0,11.9,-9.843,-90.0,-10.819,68.0,5.0,-3.012,33.0,-100.0,-100.0,-100.0,0.0,0.0,-0.0,31.0,-100.0,-100.0,-100.0,-8.0,1.0,-0.0,30.0,-88.533,-88.0,-88.0,-32.0,1.0,-0.0,31.0,-100.0,-100.0,-100.0,0.0,0.0,-0.0,30.0,9.756,9.756,9.756,0.0,0.0,0.0,30.0,23.299,23.299,23.299,-8.0,0.0,0.748,31.0
4.0501,0,approach,-90.0,11.9,-10.112,-90.0,-11.034,68.0,5.0,-4.198,33.0,-100.0,-100.0,-100.0,0.0,0.0,-0.0,31.0,-100.0,-100.0,-100.0,-8.0,1.0,-0.0,30.0,-88.533,-88.0,-88.0,-32.0,1.0,-0.0,31.0,-100.0,-100.0,-100.0,0.0,0.0,-0.0,30.0,9.756,9.756,9.756,0.0,0.0,0.0,30.0,23.299,23.299,23.299,-8.0,0.0,0.366,31.0
4.1035,0,approach,-90.0,11.9,-10.472,-90.0,-11.248,68.0,5.0,-5.481,33.0,-100.0,-100.0,-100.0,0.0,0.0,-0.0,31.0,-100.0,-100.0,-100.0,-8.0,1.0,-0.0,30.0,-88.533,-88.0,-88.0,-32.0,1.0,-0.0,31.0,-100.0,-100.0,-100.0,0.0,0.0,-0.0,30.0,9.756,9.756,9.756,0.0,0.0,0.0,30.0,23.299,23.299,23.299,-8.0,0.0,0.18,31.0
4.156,0,approach,-90.0,11.9,-10.562,-90.0,-11.461,68.0,5.0,-3.685,33.0,-100.0,-100.0,-100.0,0.0,0.0,-0.0,31.0,-100.0,-100.0,-100.0,-8.0,1.0,-0.0,30.0,-88.533,-88.0,-88.0,-32.0,1.0,-0.0,31.0,-100.0,-100.0,-100.0,0.0,0.0,-0.0,30.0,9.756,9.756,9.756,0.0,0.0,0.0,30.0,23.299,23.299,23.299,-8.0,0.0,0.088,31.0
4.2102,0,approach,-90.0,11.9,-10.921,-90.0,-11.677,68.0,5.0,-5.512,33.0,-100.0,-100.0,-100.0,0.0,0.0,-0.0,31.0,-100.0,-100.0,-100.0,-8.0,1.0,-0.0,30.0,-88.533,-88.0,-88.0,-32.0,1.0,-0.0,31.0,-100.0,-100.0,-100.0,0.0,0.0,-0.0,30.0,9.756,9.756,9.756,0.0,0.0,0.0,30.0,23.299,23.299,23.299,-8.0,0.0,0.043,31.0
4.2634,0,approach,-90.0,11.9,-11.011,-90.0,-11.891,68.0,5.0,-3.408,33.0,-100.0,-100.0,-100.0,0.0,0.0,-0.0,31.0,-100.0,-100.0,-100.0,-8.0,1.0,-0.0,30.0,-88.533,-88.0,-88.0,-32.0,1.0,-0.0,31.0,-100.0,-100.0,-100.0,0.0,0.0,-0.0,30.0,9.756,9.756,9.756,0.0,0.0,0.0,30.0,23.299,23.299,23.299,-8.0,0.0,0.021,31.0
4.3162,0,approach,-90.0,11.9,-11.191,-90.0,-12.105,68.0,5.0,-3.085,33.0,-100.0,-100.0,-100.0,0.0,0.0,-0.0,31.0,-100.0,-100.0,-100.0,-8.0,1.0,-0.0,30.0,-88.533,-88.0,-88.0,-32.0,1.0,-0.0,31.0,-100.0,-100.0,-100.0,0.0,0.0,-0.0,30.0,9.756,9.756,9.756,0.0,0.0,0.0,30.0,23.299,23.299,23.299,-8.0,0.0,0.01,31.0
4.3696,0,approach,-90.0,11.9,-11.371,-90.0,-12.322,68.0,5.0,-3.22,33.0,-100.0,-100.0,-100.0,0.0,0.0,-0.0,31.0,-100.0,-100.0,-100.0,-8.0,1.0,-0.0,30.0,-88.533,-88.0,-88.0,-32.0,1.0,-0.0,31.0,-100.0,-100.0,-100.0,0.0,0.0,-0.0,30.0,9.756,9.756,9.756,0.0,0.0,0.0,30.0,23.299,23.299,23.299,-8.0,0.0,0.005,31.0
4.4227,0,approach,-90.0,11.9,-11.551,-90.0,-12.536,68.0,5.0,-3.604,33.0,-100.0,-100.0,-100.0,0.0,0.0,-0.0,31.0,-100.0,-100.0,-100.0,-8.0,1.0,-0.0,30.0,-88.533,-88.0,-88.0,-32.0,1.0,-0.0,31.0,-100.0,-100.0,-100.0,0.0,0.0,-0.0,30.0,9.756,9.756,9.756,0.0,0.0,0.0,30.0,23.299,23.299,23.299,-8.0,0.0,0.002,31.0
4.4753,0,approach,-90.0,11.9,-11.73,-90.0,-12.764,80.0,10.0,-3.469,33.0,-100.0,-100.0,-100.0,0.0,0.0,-0.0,31.0,-100.0,-100.0,-100.0,-8.0,0.0,-0.0,30.0,-88.533,-88.0,-88.0,-32.0,2.0,-0.0,31.0,-100.0,-100.0,-100.0,0.0,0.0,-0.0,30.0,9.756,9.756,9.756,0.0,0.0,0.0,30.0,23.299,23.299,23.299,0.0,0.0,0.002,31.0
4.5285,0,approach,-90.0,11.9,-12.0,-90.0,-12.978,80.0,10.0,-4.106,33.0,-100.0,-100.0,-100.0,0.0,0.0,-0.0,31.0,-100.0,-100.0,-100.0,-8.0,0.0,-0.0,30.0,-88.533,-88.0,-88.0,-32.0,2.0,-0.0,31.0,-100.0,-100.0,-100.0,0.0,0.0,-0.0,30.0,10.244,9.756,9.756,0.0,0.0,5.41,30.0,23.299,23.299,23.299,0.0,0.0,0.001,31.0
4.5809,0,approach,-90.0,11.9,-12.18,-90.0,-13.194,80.0,10.0,-3.71,33.0,-100.0,-100.0,-100.0,0.0,0.0,-0.0,31.0,-100.0,-100.0,-100.0,-8.0,0.0,-0.0,30.0,-88.533,-88.0,-88.0,-32.0,2.0,-0.0,31.0,-100.0,-100.0,-100.0,0.0,0.0,-0.0,30.0,9.756,9.756,9.756,0.0,0.0,-2.76,30.0,23.299,23.299,23.299,0.0,0.0,0.0,31.0
4.6342,0,approach,-90.0,11.9,-12.449,-90.0,-13.411,80.0,10.0,-4.205,33.0,-100.0,-100.0,-100.0,0.0,0.0,-0.0,31.0,-100.0,-100.0,-100.0,-8.0,0.0,-0.0,30.0,-88.533,-88.0,-88.0,-32.0,2.0,-0.0,31.0,-100.0,-100.0,-100.0,0.0,0.0,-0.0,30.0,9.756,9.756,9.756,0.0,0.0,-1.352,30.0,23.299,23.299,23.299,0.0,0.0,0.0,31.0
4.6877,0,approach,-90.0,11.9,-12.719,-90.0,-13.627,80.0,10.0,-4.456,33.0,-100.0,-100.0,-100.0,0.0,0.0,-0.0,31.0,-100.0,-100.0,-100.0,-8.0,0.0,-0.0,30.0,-88.533,-88.0,-88.0,-32.0,2.0,-0.0,31.0,-100.0,-100.0,-100.0,0.0,0.0,-0.0,30.0,9.756,9.756,9.756,0.0,0.0,-0.663,30.0,23.299,23.299,23.299,0.0,0.0,0.0,31.0
4.7398,0,approach,-90.0,11.9,-12.809,-90.0,-13.843,80.0,10.0,-3.182,33.0,-100.0,-100.0,-100.0,0.0,0.0,-0.0,31.0,-100.0,-100.0,-100.0,-8.0,0.0,-0.0,30.0,-88.533,-88.0,-88.0,-32.0,2.0,-0.0,31.0,-100.0,-100.0,-100.0,0.0,0.0,-0.0,30.0,9.756,9.756,9.756,0.0,0.0,-0.325,30.0,23.299,23.299,23.299,0.0,0.0,0.0,31.0
4.792,0,approach,-90.0,11.9,-12.989,-90.0,-14.061,80.0,10.0,-3.577,33.0,-100.0,-100.0,-100.0,0.0,0.0,-0.0,31.0,-100.0,-100.0,-100.0,-8.0,0.0,-0.0,30.0,-88.533,-88.0,-88.0,-32.0,2.0,-0.0,31.0,-100.0,-100.0,-100.0,0.0,0.0,-0.0,30.0,9.756,9.756,9.756,0.0,0.0,-0.159,30.0,23.299,23.299,23.299,0.0,0.0,0.0,31.0
4.8451,0,approach,-90.0,11.9,-13.169,-90.0,-14.274,80.0,10.0,-4.529,33.0,-100.0,-100.0,-100.0,0.0,0.0,-0.0,31.0,-100.0,-100.0,-100.0,-8.0,0.0,-0.0,30.0,-88.533,-88.0,-88.0,-32.0,2.0,-0.0,31.0,-100.0,-100.0,-100.0,0.0,0.0,-0.0,30.0,9.756,9.756,9.756,0.0,0.0,-0.111,30.0,23.299,23.299,23.299,0.0,0.0,0.0,31.0
4.8984,0,approach,-90.0,11.9,-13.438,-90.0,-14.503,80.0,10.0,-4.466,33.0,-100.0,-100.0,-100.0,0.0,0.0,-0.0,31.0,-100.0,-100.0,-100.0,-8.0,0.0,-0.0,30.0,-88.533,-88.0,-88.0,-32.0,2.0,-0.0,31.0,-100.0,-100.0,-100.0,0.0,0.0,-0.0,30.0,9.756,9.756,9.756,0.0,0.0,-0.055,30.0,23.299,23.299,23.299,0.0,0.0,0.0,31.0
4.9516,0,approach,-90.0,11.9,-13.528,-90.0,-14.728,80.0,10.0,-2.828,33.0,-100.0,-100.0,-100.0,0.0,0.0,-0.0,31.0,-100.0,-100.0,-100.0,-8.0,0.0,-0.0,30.0,-88.533,-88.0,-88.0,-32.0,2.0,-0.0,31.0,-100.0,-100.0,-100.0,0.0,0.0,-0.0,30.0,9.756,9.756,9.756,0.0,0.0,-0.027,30.0,23.299,23.299,23.299,0.0,0.0,0.0,31.0
5.0043,0,approach,-90.0,11.9,-13.888,-90.0,-14.845,80.0,10.0,-4.664,33.0,-100.0,-100.0,-100.0,0.0,0.0,-0.0,31.0,-100.0,-100.0,-100.0,-8.0,0.0,-0.0,30.0,-88.533,-88.0,-88.0,-32.0,2.0,-0.0,31.0,-100.0,-100.0,-100.0,0.0,0.0,-0.0,30.0,9.756,9.756,9.756,0.0,0.0,-0.013,30.0,23.299,23.299,23.299,0.0,0.0,0.0,31.0
5.0575,0,approach,-90.0,11.9,-13.978,-90.0,-15.09,84.0,9.0,-3.705,33.0,-100.0,-100.0,-100.0,0.0,0.0,-0.0,31.0,-100.0,-100.0,-100.0,-8.0,0.0,-0.0,30.0,-88.533,-88.0,-88.0,-32.0,2.0,-0.0,31.0,-100.0,-100.0,-100.0,0.0,0.0,-0.0,30.0,10.244,9.756,9.756,8.0,1.0,2.381,30.0,23.299,23.299,23.299,0.0,0.0,0.0,31.0
5.1099,0,approach,-90.0,11.9,-14.157,-90.0,-15.306,84.0,9.0,-3.521,33.0,-100.0,-100.0,-100.0,0.0,0.0,-0.0,31.0,-100.0,-100.0,-100.0,-8.0,0.0,-0.0,30.0,-88.533,-88.0,-88.0,-32.0,2.0,-0.0,31.0,-100.0,-100.0,-100.0,0.0,0.0,-0.0,30.0,9.756,9.756,9.756,8.0,1.0,-4.257,30.0,23.299,23.299,23.299,0.0,0.0,0.0,31.0
5.1633,0,approach,-90.0,11.9,-14.337,-90.0,-15.523,84.0,9.0,-3.421,33.0,-100.0,-100.0,-100.0,0.0,0.0,-0.0,31.0,-100.0,-100.0,-100.0,-8.0,0.0,-0.0,30.0,-88.533,-88.0,-88.0,-32.0,2.0,-0.0,31.0,-100.0,-100.0,-100.0,0.0,0.0,-0.0,30.0,9.756,9.756,9.756,8.0,1.0,-2.086,30.0,23.299,23.299,23.299,0.0,0.0,0.0,31.0
5.2176,0,approach,-90.0,11.9,-14.697,-90.0,-15.739,84.0,9.0,-5.076,33.0,-100.0,-100.0,-100.0,0.0,0.0,-0.0,31.0,-100.0,-100.0,-100.0,-8.0,0.0,-0.0,30.0,-88.533,-88.0,-88.0,-32.0,2.0,-0.0,31.0,-100.0,-100.0,-100.0,0.0,0.0,-0.0,30.0,9.756,9.756,9.756,8.0,1.0,-1.022,30.0,23.299,23.299,23.299,0.0,0.0,0.0,31.0
5.2705,0,approach,-90.0,11.9,-14.966,-90.0,-15.956,84.0,9.0,-4.863,33.0,-100.0,-100.0,-100.0,0.0,0.0,-0.0,31.0,-100.0,-100.0,-100.0,-8.0,0.0,-0.0,30.0,-88.533,-88.0,-88.0,-32.0,2.0,-0.0,31.0,-100.0,-100.0,-100.0,0.0,0.0,-0.0,30.0,9.756,9.756,9.756,8.0,1.0,-0.501,30.0,23.299,23.299,23.299,0.0,0.0,0.0,31.0
5.3235,0,approach,-90.0,11.9,-15.146,-90.0,-16.17,84.0,9.0,-4.108,33.0,-100.0,-100.0,-100.0,0.0,0.0,-0.0,31.0,-100.0,-100.0,-100.0,-8.0,0.0,-0.0,30.0,-88.533,-88.0,-88.0,-32.0,2.0,-0.0,31.0,-100.0,-100.0,-100.0,0.0,0.0,-0.0,30.0,9.756,9.756,9.756,8.0,1.0,-0.245,30.0,23.299,23.299,23.299,0.0,0.0,0.0,31.0
5.3767,0,approach,-90.0,11.9,-15.416,-90.0,-16.383,84.0,9.0,-4.433,33.0,-100.0,-100.0,-100.0,0.0,0.0,-0.0,31.0,-100.0,-100.0,-100.0,-8.0,0.0,-0.0,30.0,-88.533,-88.0,-88.0,-32.0,2.0,-0.0,31.0,-100.0,-100.0,-100.0,0.0,0.0,-0.0,30.0,9.756,9.756,9.756,8.0,1.0,-0.12,30.0,23.299,23.299,23.299,0.0,0.0,0.0,31.0
5.4298,0,approach,-90.0,11.9,-15.596,-90.0,-16.596,84.0,9.0,-3.881,33.0,-100.0,-100.0,-100.0,0.0,0.0,-0.0,31.0,-100.0,-100.0,-100.0,-8.0,0.0,-0.0,30.0,-88.533,-88.0,-88.0,-32.0,2.0,-0.0,31.0,-100.0,-100.0,-100.0,0.0,0.0,-0.0,30.0,9.756,9.756,9.756,8.0,1.0,-0.059,30.0,23.299,23.299,23.299,0.0,0.0,0.0,31.0
5.482,0,approach,-90.0,11.9,-15.685,-90.0,-16.81,84.0,9.0,-2.921,33.0,-100.0,-100.0,-100.0,0.0,0.0,-0.0,31.0,-100.0,-100.0,-100.0,-8.0,0.0,-0.0,30.0,-88.533,-88.0,-88.0,-32.0,2.0,-0.0,31.0,-100.0,-100.0,-100.0,0.0,0.0,-0.0,30.0,9.756,9.756,9.756,8.0,1.0,-0.029,30.0,23.299,23.299,23.299,0.0,0.0,0.0,31.0
5.5353,0,approach,-90.0,11.9,-15.865,-90.0,-17.027,84.0,9.0,-3.375,33.0,-100.0,-100.0,-100.0,0.0,0.0,-0.0,31.0,-100.0,-100.0,-100.0,-8.0,0.0,-0.0,30.0,-88.533,-88.0,-88.0,-32.0,2.0,-0.0,31.0,-100.0,-100.0,-100.0,0.0,0.0,-0.0,30.0,9.756,9.756,9.756,8.0,1.0,-0.014,30.0,23.299,23.299,23.299,0.0,0.0,0.0,31.0
5.5888,0,approach,-90.0,11.9,-16.045,-90.0,-17.138,84.0,9.0,-4.352,33.0,-100.0,-100.0,-100.0,0.0,0.0,-0.0,31.0,-100.0,-100.0,-100.0,-8.0,0.0,-0.0,30.0,-88.533,-88.0,-88.0,-32.0,2.0,-0.0,31.0,-100.0,-100.0,-100.0,0.0,0.0,-0.0,30.0,9.756,9.756,9.756,8.0,1.0,-0.01,30.0,23.299,23.299,23.299,0.0,0.0,0.0,31.0
5.6423,0,approach,-90.0,11.9,-16.315,-90.0,-17.486,88.0,12.0,-4.398,33.0,-100.0,-100.0,-100.0,0.0,0.0,-0.0,31.0,-100.0,-100.0,-100.0,-16.0,0.0,-0.0,30.0,-88.533,-88.0,-88.0,-32.0,2.0,-0.0,31.0,-100.0,-100.0,-100.0,0.0,0.0,-0.0,30.0,9.756,9.756,9.756,0.0,0.0,-0.007,30.0,23.299,23.299,23.299,0.0,0.0,0.0,31.0
5.6955,0,approach,-90.0,11.9,-16.494,-90.0,-17.597,88.0,12.0,-4.174,33.0,-100.0,-100.0,-100.0,0.0,0.0,-0.0,31.0,-100.0,-100.0,-100.0,-16.0,0.0,-0.0,30.0,-88.533,-88.0,-88.0,-32.0,2.0,-0.0,31.0,-100.0,-100.0,-100.0,0.0,0.0,-0.0,30.0,9.756,9.756,9.756,0.0,0.0,-0.003,30.0,23.299,23.299,23.299,0.0,0.0,0.0,31.0
5.7498,0,approach,-90.0,11.9,-16.764,-90.0,-17.825,88.0,12.0,-4.678,33.0,-100.0,-100.0,-100.0,0.0,0.0,-0.0,31.0,-100.0,-100.0,-100.0,-16.0,0.0,-0.0,30.0,-88.533,-88.0,-88.0,-32.0,2.0,-0.0,31.0,-100.0,-100.0,-100.0,0.0,0.0,-0.0,30.0,10.244,9.756,9.756,0.0,0.0,3.414,30.0,23.299,23.299,23.299,0.0,0.0,0.0,31.0
5.8028,0,approach,-90.0,11.9,-16.944,-90.0,-18.041,88.0,12.0,-3.987,33.0,-100.0,-100.0,-100.0,0.0,0.0,-0.0,31.0,-100.0,-100.0,-100.0,-16.0,0.0,-0.0,30.0,-88.533,-88.0,-88.0,-32.0,2.0,-0.0,31.0,-100.0,-100.0,-100.0,0.0,0.0,-0.0,30.0,9.756,9.756,9.756,0.0,0.0,-3.741,30.0,23.299,23.299,23.299,0.0,0.0,0.0,31.0
5.8562,0,approach,-90.0,11.9,-17.124,-90.0,-18.256,88.0,12.0,-3.655,33.0,-100.0,-100.0,-100.0,0.0,0.0,-0.0,31.0,-100.0,-100.0,-100.0,-16.0,0.0,-0.0,30.0,-88.533,-88.0,-88.0,-32.0,2.0,-0.0,31.0,-100.0,-100.0,-100.0,0.0,0.0,-0.0,30.0,9.756,9.756,9.756,0.0,0.0,-1.833,30.0,23.299,23.299,23.299,0.0,0.0,0.0,31.0
5.9098,0,approach,-90.0,11.9,-17.213,-90.0,-18.47,88.0,12.0,-2.5,33.0,-100.0,-100.0,-100.0,0.0,0.0,-0.0,31.0,-100.0,-100.0,-100.0,-16.0,0.0,-0.0,30.0,-88.533,-88.0,-88.0,-32.0,2.0,-0.0,31.0,-100.0,-100.0,-100.0,0.0,0.0,-0.0,30.0,9.756,9.756,9.756,0.0,0.0,-0.898,30.0,23.299,23.299,23.299,0.0,0.0,0.0,31.0
5.9632,0,approach,-90.0,11.9,-17.483,-90.0,-18.686,88.0,12.0,-3.923,33.0,-100.0,-100.0,-100.0,0.0,0.0,-0.0,31.0,-100.0,-100.0,-100.0,-16.0,0.0,-0.0,30.0,-88.533,-88.0,-88.0,-32.0,2.0,-0.0,31.0,-100.0,-100.0,-100.0,0.0,0.0,-0.0,30.0,9.756,9.756,9.756,0.0,0.0,-0.44,30.0,23.299,23.299,23.299,0.0,0.0,0.0,31.0
6.0165,0,approach,-90.0,11.9,-17.843,-90.0,-18.9,88.0,12.0,-5.065,33.0,-100.0,-100.0,-100.0,0.0,0.0,-0.0,31.0,-100.0,-100.0,-100.0,-16.0,0.0,-0.0,30.0,-88.533,-88.0,-88.0,-32.0,2.0,-0.0,31.0,-100.0,-100.0,-100.0,0.0,0.0,-0.0,30.0,9.756,9.756,9.756,0.0,0.0,-0.216,30.0,23.299,23.299,23.299,0.0,0.0,0.0,31.0
6.0694,0,approach,-90.0,11.9,-17.933,-90.0,-19.112,88.0,12.0,-3.483,33.0,-100.0,-100.0,-100.0,0.0,0.0,-0.0,31.0,-100.0,-100.0,-100.0,-16.0,0.0,-0.0,30.0,-88.533,-88.0,-88.0,-32.0,2.0,-0.0,31.0,-100.0,-100.0,-100.0,0.0,0.0,-0.0,30.0,9.756,9.756,9.756,0.0,0.0,-0.106,30.0,23.299,23.299,23.299,0.0,0.0,0.0,31.0
6.1225,0,approach,-90.0,11.9,-18.202,-90.0,-19.328,88.0,12.0,-4.4,33.0,-100.0,-100.0,-100.0,0.0,0.0,-0.0,31.0,-100.0,-100.0,-100.0,-16.0,0.0,-0.0,30.0,-88.533,-88.0,-88.0,-32.0,2.0,-0.0,31.0,-100.0,-100.0,-100.0,0.0,0.0,-0.0,30.0,9.756,9.756,9.756,0.0,0.0,-0.052,30.0,23.299,23.299,23.299,0.0,0.0,0.0,31.0
6.1749,0,approach,-90.0,11.9,-18.292,-90.0,-19.436,96.0,15.0,-4.076,33.0,-100.0,-100.0,-100.0,0.0,0.0,-0.0,31.0,-100.0,-100.0,-100.0,-16.0,0.0,-0.0,30.0,-88.533,-88.0,-88.0,-32.0,2.0,-0.0,31.0,-100.0,-100.0,-100.0,0.0,0.0,-0.0,30.0,9.756,9.756,9.756,0.0,0.0,-0.036,30.0,23.299,23.299,23.299,0.0,0.0,0.0,31.0
6.2288,0,approach,-90.0,11.9,-18.562,-90.0,-19.774,96.0,15.0,-3.648,33.0,-100.0,-100.0,-100.0,0.0,0.0,-0.0,31.0,-100.0,-100.0,-100.0,-16.0,0.0,-0.0,30.0,-88.533,-88.0,-88.0,-32.0,2.0,-0.0,31.0,-100.0,-100.0,-100.0,0.0,0.0,-0.0,30.0,9.756,9.756,9.756,0.0,0.0,-0.018,30.0,23.299,23.299,23.299,0.0,0.0,0.0,31.0
6.2821,0,approach,-90.0,11.9,-18.652,-90.0,-19.99,96.0,15.0,-2.495,33.0,-100.0,-100.0,-100.0,0.0,0.0,-0.0,31.0,-100.0,-100.0,-100.0,-16.0,0.0,-0.0,30.0,-88.533,-88.0,-88.0,-32.0,2.0,-0.0,31.0,-100.0,-100.0,-100.0,0.0,0.0,-0.0,30.0,10.244,9.756,9.756,0.0,0.0,3.832,30.0,23.299,23.299,23.299,0.0,0.0,0.0,31.0
6.3353,0,approach,-90.0,11.9,-18.921,-90.0,-20.204,96.0,15.0,-3.936,33.0,-100.0,-100.0,-100.0,0.0,0.0,-0.0,31.0,-100.0,-100.0,-100.0,-16.0,0.0,-0.0,30.0,-88.533,-88.0,-88.0,-32.0,2.0,-0.0,31.0,-100.0,-100.0,-100.0,0.0,0.0,-0.0,30.0,10.244,9.756,9.756,0.0,0.0,1.878,30.0,23.299,23.299,23.299,0.0,0.0,0.0,31.0
6.3883,0,approach,-90.0,11.9,-19.281,-90.0,-20.418,96.0,15.0,-5.069,33.0,-100.0,-100.0,-100.0,0.0,0.0,-0.0,31.0,-100.0,-100.0,-100.0,-16.0,0.0,-0.0,30.0,-88.533,-88.0,-88.0,-32.0,2.0,-0.0,31.0,-100.0,-100.0,-100.0,0.0,0.0,-0.0,30.0,9.756,9.756,9.756,0.0,0.0,-2.92,30.0,23.299,23.299,23.299,0.0,0.0,0.0,31.0
6.4412,0,approach,-90.0,11.9,-19.371,-90.0,-20.631,96.0,15.0,-3.503,33.0,-100.0,-100.0,-100.0,0.0,0.0,-0.0,31.0,-100.0,-100.0,-100.0,-16.0,0.0,-0.0,30.0,-88.533,-88.0,-88.0,-32.0,2.0,-0.0,31.0,-100.0,-100.0,-100.0,0.0,0.0,-0.0,30.0,9.756,9.756,9.756,0.0,0.0,-1.431,30.0,23.299,23.299,23.299,0.0,0.0,0.0,31.0
6.4944,0,approach,-90.0,11.9,-19.73,-90.0,-20.843,96.0,15.0,-5.16,33.0,-100.0,-100.0,-100.0,0.0,0.0,-0.0,31.0,-100.0,-100.0,-100.0,-16.0,0.0,-0.0,30.0,-88.533,-88.0,-88.0,-32.0,2.0,-0.0,31.0,-100.0,-100.0,-100.0,0.0,0.0,-0.0,30.0,9.756,9.756,9.756,0.0,0.0,-0.701,30.0,23.299,23.299,23.299,0.0,0.0,0.0,31.0
6.5475,0,approach,-90.0,11.9,-19.91,-90.0,-21.056,96.0,15.0,-4.249,33.0,-100.0,-100.0,-100.0,0.0,0.0,-0.0,31.0,-100.0,-100.0,-100.0,-16.0,0.0,-0.0,30.0,-88.533,-88.0,-88.0,-32.0,2.0,-0.0,31.0,-100.0,-100.0,-100.0,0.0,0.0,-0.0,30.0,9.756,9.756,9.756,0.0,0.0,-0.344,30.0,23.299,23.299,23.299,0.0,0.0,0.0,31.0
6.6001,0,approach,-90.0,11.9,-20.0,-90.0,-21.273,96.0,15.0,-3.09,33.0,-100.0,-100.0,-100.0,0.0,0.0,-0.0,31.0,-100.0,-100.0,-100.0,-16.0,0.0,-0.0,30.0,-88.533,-88.0,-88.0,-32.0,2.0,-0.0,31.0,-100.0,-100.0,-100.0,0.0,0.0,-0.0,30.0,9.756,9.756,9.756,0.0,0.0,-0.168,30.0,23.299,23.299,23.299,0.0,0.0,0.0,31.0
6.6533,0,approach,-90.0,11.9,-20.18,-90.0,-21.488,96.0,15.0,-3.211,33.0,-100.0,-100.0,-100.0,0.0,0.0,-0.0,31.0,-100.0,-100.0,-100.0,-16.0,0.0,-0.0,30.0,-88.533,-88.0,-88.0,-32.0,2.0,-0.0,31.0,-100.0,-100.0,-100.0,0.0,0.0,-0.0,30.0,9.756,9.756,9.756,0.0,0.0,-0.082,30.0,23.299,23.299,23.299,0.0,0.0,0.0,31.0
6.7064,0,approach,-90.0,11.9,-20.449,-90.0,-21.706,96.0,15.0,-3.948,33.0,-100.0,-100.0,-100.0,0.0,0.0,-0.0,31.0,-100.0,-100.0,-100.0,-16.0,0.0,-0.0,30.0,-88.533,-88.0,-88.0,-32.0,2.0,-0.0,31.0,-100.0,-100.0,-100.0,0.0,0.0,-0.0,30.0,9.756,9.756,9.756,0.0,0.0,-0.04,30.0,23.299,23.299,23.299,0.0,0.0,0.0,31.0
6.759,0,approach,-90.0,11.9,-20.449,-90.0,-21.939,108.0,19.0,-3.948,33.0,-100.0,-100.0,-100.0,0.0,0.0,-0.0,31.0,-100.0,-100.0,-100.0,-16.0,1.0,-0.0,30.0,-88.533,-88.0,-88.0,-32.0,1.0,-0.0,31.0,-100.0,-100.0,-100.0,0.0,0.0,-0.0,30.0,9.756,9.756,9.756,0.0,0.0,-0.04,30.0,23.299,23.299,23.299,0.0,0.0,0.0,31.0
6.8124,0,approach,-90.0,11.9,-20.719,-90.0,-22.165,108.0,19.0,-3.552,33.0,-100.0,-100.0,-100.0,0.0,0.0,-0.0,31.0,-100.0,-100.0,-100.0,-16.0,1.0,-0.0,30.0,-88.533,-88.0,-88.0,-32.0,1.0,-0.0,31.0,-100.0,-100.0,-100.0,0.0,0.0,-0.0,30.0,10.244,9.756,9.756,0.0,0.0,1.669,30.0,23.299,23.299,23.299,0.0,0.0,0.0,31.0
6.8653,0,approach,-90.0,11.9,-20.899,-90.0,-22.277,108.0,19.0,-3.419,33.0,-100.0,-100.0,-100.0,0.0,0.0,-0.0,31.0,-100.0,-100.0,-100.0,-16.0,1.0,-0.0,30.0,-88.533,-88.0,-88.0,-32.0,1.0,-0.0,31.0,-100.0,-100.0,-100.0,0.0,0.0,-0.0,30.0,10.244,9.756,9.756,0.0,0.0,0.818,30.0,23.299,23.299,23.299,0.0,0.0,0.0,31.0
6.9181,0,approach,-90.0,11.9,-21.169,-90.0,-22.504,108.0,19.0,-3.941,33.0,-100.0,-100.0,-100.0,0.0,0.0,-0.0,31.0,-100.0,-100.0,-100.0,-16.0,1.0,-0.0,30.0,-88.533,-88.0,-88.0,-32.0,1.0,-0.0,31.0,-100.0,-100.0,-100.0,0.0,0.0,-0.0,30.0,10.244,9.756,9.756,0.0,0.0,0.401,30.0,23.299,23.299,23.299,0.0,0.0,0.0,31.0
6.9712,0,approach,-90.0,11.9,-21.348,-90.0,-22.72,108.0,19.0,-3.636,33.0,-100.0,-100.0,-100.0,0.0,0.0,-0.0,31.0,-100.0,-100.0,-100.0,-16.0,1.0,-0.0,30.0,-88.533,-88.0,-88.0,-32.0,1.0,-0.0,31.0,-100.0,-100.0,-100.0,0.0,0.0,-0.0,30.0,10.244,9.756,9.756,0.0,0.0,0.196,30.0,23.299,23.299,23.299,0.0,0.0,0.0,31.0
7.0246,0,approach,-90.0,11.9,-21.528,-90.0,-22.935,108.0,19.0,-3.48,33.0,-100.0,-100.0,-100.0,0.0,0.0,-0.0,31.0,-100.0,-100.0,-100.0,-16.0,1.0,-0.0,30.0,-88.533,-88.0,-88.0,-32.0,1.0,-0.0,31.0,-100.0,-100.0,-100.0,0.0,0.0,-0.0,30.0,10.244,9.756,9.756,0.0,0.0,0.096,30.0,23.299,23.299,23.299,0.0,0.0,0.0,31.0
7.077,0,approach,-90.0,11.9,-21.798,-90.0,-23.148,108.0,19.0,-4.748,33.0,-100.0,-100.0,-100.0,0.0,0.0,-0.0,31.0,-100.0,-100.0,-100.0,-16.0,1.0,-0.0,30.0,-88.533,-88.0,-88.0,-32.0,1.0,-0.0,31.0,-100.0,-100.0,-100.0,0.0,0.0,-0.0,30.0,9.756,9.756,9.756,0.0,0.0,-5.458,30.0,23.299,23.299,23.299,0.0,0.0,0.0,31.0
7.129,0,approach,-90.0,11.9,-22.157,-90.0,-23.364,108.0,19.0,-5.702,33.0,-100.0,-100.0,-100.0,0.0,0.0,-0.0,31.0,-100.0,-100.0,-100.0,-16.0,1.0,-0.0,30.0,-88.533,-88.0,-88.0,-32.0,1.0,-0.0,31.0,-100.0,-100.0,-100.0,0.0,0.0,-0.0,30.0,9.756,9.756,9.756,0.0,0.0,-2.674,30.0,23.299,23.299,23.299,0.0,0.0,0.0,31.0
7.1823,0,approach,-90.0,11.9,-22.247,-90.0,-23.579,108.0,19.0,-3.805,33.0,-100.0,-100.0,-100.0,0.0,0.0,-0.0,31.0,-100.0,-100.0,-100.0,-16.0,1.0,-0.0,30.0,-88.533,-88.0,-88.0,-32.0,1.0,-0.0,31.0,-100.0,-100.0,-100.0,0.0,0.0,-0.0,30.0,9.756,9.756,9.756,0.0,0.0,-1.31,30.0,23.299,23.299,23.299,0.0,0.0,0.0,31.0
7.2363,0,approach,-90.0,11.9,-22.427,-90.0,-23.795,108.0,19.0,-3.552,33.0,-100.0,-100.0,-100.0,0.0,0.0,-0.0,31.0,-100.0,-100.0,-100.0,-16.0,1.0,-0.0,30.0,-88.533,-88.0,-88.0,-32.0,1.0,-0.0,31.0,-100.0,-100.0,-100.0,0.0,0.0,-0.0,30.0,9.756,9.756,9.756,0.0,0.0,-0.642,30.0,23.299,23.299,23.299,0.0,0.0,0.0,31.0
7.2895,0,approach,-90.0,11.9,-22.697,-90.0,-24.012,108.0,19.0,-4.124,33.0,-100.0,-100.0,-100.0,0.0,0.0,-0.0,31.0,-100.0,-100.0,-100.0,-16.0,1.0,-0.0,30.0,-88.533,-88.0,-88.0,-32.0,1.0,-0.0,31.0,-100.0,-100.0,-100.0,0.0,0.0,-0.0,30.0,9.756,9.756,9.756,0.0,0.0,-0.315,30.0,23.299,23.299,23.299,0.0,0.0,0.0,31.0
7.3427,0,approach,-90.0,11.9,-22.787,-90.0,-24.255,116.0,19.0,-3.334,33.0,-100.0,-100.0,-100.0,0.0,0.0,-0.0,31.0,-100.0,-100.0,-100.0,-16.0,0.0,-0.0,30.0,-88.533,-88.0,-88.0,-32.0,2.0,-0.0,31.0,-100.0,-100.0,-100.0,0.0,0.0,-0.0,30.0,9.756,9.756,9.756,0.0,0.0,-0.22,30.0,23.299,23.299,23.299,0.0,0.0,0.0,31.0
7.3949,0,approach,-90.0,11.9,-22.966,-90.0,-24.468,116.0,19.0,-3.362,33.0,-100.0,-100.0,-100.0,0.0,0.0,-0.0,31.0,-100.0,-100.0,-100.0,-16.0,0.0,-0.0,30.0,-88.533,-88.0,-88.0,-32.0,2.0,-0.0,31.0,-100.0,-100.0,-100.0,0.0,0.0,-0.0,30.0,10.244,9.756,9.756,0.0,0.0,3.743,30.0,23.299,23.299,23.299,0.0,0.0,0.0,31.0
7.4469,0,approach,-90.0,11.9,-23.056,-90.0,-24.682,116.0,19.0,-3.351,33.0,-100.0,-100.0,-100.0,0.0,0.0,-0.0,31.0,-100.0,-100.0,-100.0,-16.0,0.0,-0.0,30.0,-88.533,-88.0,-88.0,-32.0,2.0,-0.0,31.0,-100.0,-100.0,-100.0,0.0,0.0,-0.0,30.0,10.244,9.756,9.756,0.0,0.0,2.62,30.0,23.299,23.299,23.299,0.0,0.0,0.0,31.0
7.5007,0,approach,-90.0,11.9,-23.416,-90.0,-24.909,116.0,19.0,-4.905,33.0,-100.0,-100.0,-100.0,0.0,0.0,-0.0,31.0,-100.0,-100.0,-100.0,-16.0,0.0,-0.0,30.0,-88.533,-88.0,-88.0,-32.0,2.0,-0.0,31.0,-100.0,-100.0,-100.0,0.0,0.0,-0.0,30.0,10.244,9.756,9.756,0.0,0.0,1.284,30.0,23.299,23.299,23.299,0.0,0.0,0.0,31.0
7.5542,0,approach,-90.0,11.9,-23.685,-90.0,-25.031,116.0,19.0,-4.602,33.0,-100.0,-100.0,-100.0,0.0,0.0,-0.0,31.0,-100.0,-100.0,-100.0,-16.0,0.0,-0.0,30.0,-88.533,-88.0,-88.0,-32.0,2.0,-0.0,31.0,-100.0,-100.0,-100.0,0.0,0.0,-0.0,30.0,10.244,9.756,9.756,0.0,0.0,0.629,30.0,23.299,23.299,23.299,0.0,0.0,0.0,31.0
7.6076,0,approach,-90.0,11.9,-23.775,-90.0,-25.257,116.0,19.0,-2.921,33.0,-100.0,-100.0,-100.0,0.0,0.0,-0.0,31.0,-100.0,-100.0,-100.0,-16.0,0.0,-0.0,30.0,-88.533,-88.0,-88.0,-32.0,2.0,-0.0,31.0,-100.0,-100.0,-100.0,0.0,0.0,-0.0,30.0,10.244,9.756,9.756,0.0,0.0,0.308,30.0,23.299,23.299,23.299,0.0,0.0,0.0,31.0
7.6607,0,approach,-90.0,11.9,-24.135,-90.0,-25.472,116.0,19.0,-4.544,33.0,-100.0,-100.0,-100.0,0.0,0.0,-0.0,31.0,-100.0,-100.0,-100.0,-16.0,0.0,-0.0,30.0,-88.533,-88.0,-88.0,-32.0,2.0,-0.0,31.0,-100.0,-100.0,-100.0,0.0,0.0,-0.0,30.0,10.244,9.756,9.756,0.0,0.0,0.151,30.0,23.299,23.299,23.299,0.0,0.0,0.0,31.0
7.7137,0,approach,-90.0,11.9,-24.315,-90.0,-25.686,116.0,19.0,-3.947,33.0,-100.0,-100.0,-100.0,0.0,0.0,-0.0,31.0,-100.0,-100.0,-100.0,-16.0,0.0,-0.0,30.0,-88.533,-88.0,-88.0,-32.0,2.0,-0.0,31.0,-100.0,-100.0,-100.0,0.0,0.0,-0.0,30.0,10.244,9.756,9.756,0.0,0.0,0.074,30.0,23.299,23.299,23.299,0.0,0.0,0.0,31.0
7.7667,0,approach,-90.0,11.9,-24.404,-90.0,-25.899,116.0,19.0,-2.641,33.0,-100.0,-100.0,-100.0,0.0,0.0,-0.0,31.0,-100.0,-100.0,-100.0,-16.0,0.0,-0.0,30.0,-88.533,-88.0,-88.0,-32.0,2.0,-0.0,31.0,-100.0,-100.0,-100.0,0.0,0.0,-0.0,30.0,10.244,9.756,9.756,0.0,0.0,0.036,30.0,23.299,23.299,23.299,0.0,0.0,0.0,31.0
7.8198,0,approach,-90.0,11.9,-24.674,-90.0,-26.112,116.0,19.0,-4.014,33.0,-100.0,-100.0,-100.0,0.0,0.0,-0.0,31.0,-100.0,-100.0,-100.0,-16.0,0.0,-0.0,30.0,-88.533,-88.0,-88.0,-32.0,2.0,-0.0,31.0,-100.0,-100.0,-100.0,0.0,0.0,-0.0,30.0,10.244,9.756,9.756,0.0,0.0,0.018,30.0,23.299,23.299,23.299,0.0,0.0,0.0,31.0
7.8718,0,approach,-90.0,11.9,-24.944,-90.0,-26.325,116.0,19.0,-4.682,33.0,-100.0,-100.0,-100.0,0.0,0.0,-0.0,31.0,-100.0,-100.0,-100.0,-16.0,0.0,-0.0,30.0,-88.533,-88.0,-88.0,-32.0,2.0,-0.0,31.0,-100.0,-100.0,-100.0,0.0,0.0,-0.0,30.0,10.244,9.756,9.756,0.0,0.0,0.009,30.0,23.299,23.299,23.299,0.0,0.0,0.0,31.0
7.924,0,approach,-90.0,11.9,-25.124,-90.0,-26.561,112.0,22.0,-4.197,33.0,-100.0,-100.0,-100.0,0.0,0.0,-0.0,31.0,-100.0,-100.0,-100.0,-16.0,0.0,-0.0,30.0,-88.533,-88.0,-88.0,-32.0,2.0,-0.0,31.0,-100.0,-100.0,-100.0,0.0,0.0,-0.0,30.0,10.244,9.756,9.756,8.0,0.0,0.006,30.0,23.299,23.299,23.299,0.0,0.0,0.0,31.0
7.976,0,approach,-90.0,11.9,-25.303,-90.0,-26.774,112.0,22.0,-3.772,33.0,-100.0,-100.0,-100.0,0.0,0.0,-0.0,31.0,-100.0,-100.0,-100.0,-16.0,0.0,-0.0,30.0,-88.533,-88.0,-88.0,-32.0,2.0,-0.0,31.0,-100.0,-100.0,-100.0,0.0,0.0,-0.0,30.0,10.244,9.756,9.756,8.0,0.0,0.003,30.0,23.299,23.299,23.299,0.0,0.0,0.0,31.0
8.0279,0,approach,-90.0,11.9,-25.573,-90.0,-26.987,112.0,22.0,-4.268,33.0,-100.0,-100.0,-100.0,0.0,0.0,-0.0,31.0,-100.0,-100.0,-100.0,-16.0,0.0,-0.0,30.0,-88.533,-88.0,-88.0,-32.0,2.0,-0.0,31.0,-100.0,-100.0,-100.0,0.0,0.0,-0.0,30.0,10.244,9.756,9.756,8.0,0.0,0.001,30.0,23.299,23.299,23.299,0.0,0.0,0.0,31.0
8.08,0,approach,-90.0,11.9,-25.753,-90.0,-27.202,112.0,22.0,-3.964,33.0,-100.0,-100.0,-100.0,0.0,0.0,-0.0,31.0,-100.0,-100.0,-100.0,-16.0,0.0,-0.0,30.0,-88.533,-88.0,-88.0,-32.0,2.0,-0.0,31.0,-100.0,-100.0,-100.0,0.0,0.0,-0.0,30.0,10.244,9.756,9.756,8.0,0.0,0.001,30.0,23.299,23.299,23.299,0.0,0.0,0.0,31.0
8.1336,0,approach,-90.0,11.9,-25.843,-90.0,-27.424,112.0,22.0,-2.941,33.0,-100.0,-100.0,-100.0,0.0,0.0,-0.0,31.0,-100.0,-100.0,-100.0,-16.0,0.0,-0.0,30.0,-88.533,-88.0,-88.0,-32.0,2.0,-0.0,31.0,-100.0,-100.0,-100.0,0.0,0.0,-0.0,30.0,10.244,9.756,9.756,8.0,0.0,0.0,30.0,23.299,23.299,23.299,0.0,0.0,0.0,31.0
8.1867,0,approach,-90.0,11.9,-25.933,-90.0,-27.639,112.0,22.0,-2.149,33.0,-100.0,-100.0,-100.0,0.0,0.0,-0.0,31.0,-100.0,-100.0,-100.0,-16.0,0.0,-0.0,30.0,-88.533,-88.0,-88.0,-32.0,2.0,-0.0,31.0,-100.0,-100.0,-100.0,0.0,0.0,-0.0,30.0,10.244,9.756,9.756,8.0,0.0,0.0,30.0,23.299,23.299,23.299,0.0,0.0,0.0,31.0
8.2408,0,approach,-90.0,11.9,-26.382,-90.0,-27.852,112.0,22.0,-5.179,33.0,-100.0,-100.0,-100.0,0.0,0.0,-0.0,31.0,-100.0,-100.0,-100.0,-16.0,0.0,-0.0,30.0,-88.533,-88.0,-88.0,-32.0,2.0,-0.0,31.0,-100.0,-100.0,-100.0,0.0,0.0,-0.0,30.0,10.244,9.756,9.756,8.0,0.0,0.0,30.0,23.299,23.299,23.299,0.0,0.0,0.0,31.0
8.2936,0,approach,-90.0,11.9,-26.652,-90.0,-28.066,112.0,22.0,-4.956,33.0,-100.0,-100.0,-100.0,0.0,0.0,-0.0,31.0,-100.0,-100.0,-100.0,-16.0,0.0,-0.0,30.0,-88.533,-88.0,-88.0,-32.0,2.0,-0.0,31.0,-100.0,-100.0,-100.0,0.0,0.0,-0.0,30.0,10.244,9.756,9.756,8.0,0.0,0.0,30.0,23.299,23.299,23.299,0.0,0.0,0.0,31.0
8.3465,0,approach,-90.0,11.9,-26.742,-90.0,-28.281,112.0,22.0,-3.44,33.0,-100.0,-100.0,-100.0,0.0,0.0,-0.0,31.0,-100.0,-100.0,-100.0,-16.0,0.0,-0.0,30.0,-88.533,-88.0,-88.0,-32.0,2.0,-0.0,31.0,-100.0,-100.0,-100.0,0.0,0.0,-0.0,30.0,10.244,9.756,9.756,8.0,0.0,0.0,30.0,23.299,23.299,23.299,0.0,0.0,0.0,31.0
8.3995,0,approach,-90.0,11.9,-26.921,-90.0,-28.497,112.0,22.0,-4.391,33.0,-100.0,-100.0,-100.0,0.0,0.0,-0.0,31.0,-100.0,-100.0,-100.0,-16.0,0.0,-0.0,30.0,-88.533,-88.0,-88.0,-32.0,2.0,-0.0,31.0,-100.0,-100.0,-100.0,0.0,0.0,-0.0,30.0,10.244,9.756,9.756,8.0,0.0,0.0,30.0,23.299,23.299,23.299,0.0,0.0,0.0,31.0
8.453,0,approach,-90.0,11.9,-27.191,-90.0,-28.615,112.0,22.0,-4.44,33.0,-100.0,-100.0,-100.0,0.0,0.0,-0.0,31.0,-100.0,-100.0,-100.0,-16.0,0.0,-0.0,30.0,-88.533,-88.0,-88.0,-32.0,2.0,-0.0,31.0,-100.0,-100.0,-100.0,0.0,0.0,-0.0,30.0,10.244,9.756,9.756,8.0,0.0,0.0,30.0,23.299,23.299,23.299,0.0,0.0,0.0,31.0
8.5067,0,approach,-90.0,11.9,-27.281,-90.0,-28.85,124.0,25.0,-3.564,33.0,-100.0,-100.0,-100.0,0.0,0.0,-0.0,31.0,-100.0,-100.0,-100.0,-16.0,1.0,-0.0,30.0,-88.533,-88.0,-88.0,-32.0,2.0,-0.0,31.0,-100.0,-100.0,-100.0,0.0,0.0,-0.0,30.0,10.244,9.756,9.756,8.0,0.0,0.0,30.0,23.299,23.299,23.299,0.0,0.0,0.0,31.0
8.5597,0,approach,-90.0,11.9,-27.461,-90.0,-29.066,124.0,25.0,-3.451,33.0,-100.0,-100.0,-100.0,0.0,0.0,-0.0,31.0,-100.0,-100.0,-100.0,-16.0,1.0,-0.0,30.0,-88.533,-88.0,-88.0,-32.0,2.0,-0.0,31.0,-100.0,-100.0,-100.0,0.0,0.0,-0.0,30.0,10.244,9.756,9.756,8.0,0.0,0.0,30.0,23.299,23.299,23.299,0.0,0.0,0.0,31.0
8.6118,0,approach,-90.0,11.9,-27.73,-90.0,-29.279,124.0,25.0,-4.41,33.0,-100.0,-100.0,-100.0,0.0,0.0,-0.0,31.0,-100.0,-100.0,-100.0,-16.0,1.0,-0.0,30.0,-88.533,-88.0,-88.0,-32.0,2.0,-0.0,31.0,-100.0,-100.0,-100.0,0.0,0.0,-0.0,30.0,10.244,9.756,9.756,8.0,0.0,0.0,30.0,23.299,23.299,23.299,0.0,0.0,0.0,31.0
8.6646,0,approach,-90.0,11.9,-28.0,-90.0,-29.494,124.0,25.0,-4.581,33.0,-100.0,-100.0,-100.0,0.0,0.0,-0.0,31.0,-100.0,-100.0,-100.0,-16.0,1.0,-0.0,30.0,-88.533,-88.0,-88.0,-32.0,2.0,-0.0,31.0,-100.0,-100.0,-100.0,0.0,0.0,-0.0,30.0,10.244,9.756,9.756,8.0,0.0,0.0,30.0,23.299,23.299,23.299,0.0,0.0,0.0,31.0
8.7176,0,approach,-90.0,11.9,-28.18,-90.0,-29.708,124.0,25.0,-3.961,33.0,-100.0,-100.0,-100.0,0.0,0.0,-0.0,31.0,-100.0,-100.0,-100.0,-16.0,1.0,-0.0,30.0,-88.533,-88.0,-88.0,-32.0,2.0,-0.0,31.0,-100.0,-100.0,-100.0,0.0,0.0,-0.0,30.0,10.244,9.756,9.756,8.0,0.0,0.0,30.0,23.299,23.299,23.299,0.0,0.0,0.0,31.0
8.7707,0,approach,-90.0,11.9,-28.36,-90.0,-29.921,124.0,25.0,-3.948,33.0,-100.0,-100.0,-100.0,0.0,0.0,-0.0,31.0,-100.0,-100.0,-100.0,-16.0,1.0,-0.0,30.0,-88.533,-88.0,-88.0,-32.0,2.0,-0.0,31.0,-100.0,-100.0,-100.0,0.0,0.0,-0.0,30.0,10.244,9.756,9.756,8.0,0.0,0.0,30.0,23.299,23.299,23.299,0.0,0.0,0.0,31.0
8.8237,0,approach,-90.0,11.9,-28.629,-90.0,-30.134,124.0,25.0,-4.379,33.0,-100.0,-100.0,-100.0,0.0,0.0,-0.0,31.0,-100.0,-100.0,-100.0,-16.0,1.0,-0.0,30.0,-88.533,-88.0,-88.0,-32.0,2.0,-0.0,31.0,-100.0,-100.0,-100.0,0.0,0.0,-0.0,30.0,10.244,9.756,9.756,8.0,0.0,0.0,30.0,23.299,23.299,23.299,0.0,0.0,0.0,31.0
8.8768,0,approach,-90.0,11.9,-28.719,-90.0,-30.346,124.0,25.0,-3.163,33.0,-100.0,-100.0,-100.0,0.0,0.0,-0.0,31.0,-100.0,-100.0,-100.0,-16.0,1.0,-0.0,30.0,-88.533,-88.0,-88.0,-32.0,2.0,-0.0,31.0,-100.0,-100.0,-100.0,0.0,0.0,-0.0,30.0,10.244,9.756,9.756,8.0,0.0,0.0,30.0,23.299,23.299,23.299,0.0,0.0,0.0,31.0
8.929,0,approach,-90.0,11.9,-28.809,-90.0,-30.558,124.0,25.0,-2.559,33.0,-100.0,-100.0,-100.0,0.0,0.0,-0.0,31.0,-100.0,-100.0,-100.0,-16.0,1.0,-0.0,30.0,-88.533,-88.0,-88.0,-32.0,2.0,-0.0,31.0,-100.0,-100.0,-100.0,0.0,0.0,-0.0,30.0,10.244,9.756,9.756,8.0,0.0,0.0,30.0,23.299,23.299,23.299,0.0,0.0,0.0,31.0
8.9823,0,approach,-90.0,11.9,-29.169,-90.0,-30.772,124.0,25.0,-5.007,33.0,-100.0,-100.0,-100.0,0.0,0.0,-0.0,31.0,-100.0,-100.0,-100.0,-16.0,1.0,-0.0,30.0,-88.533,-88.0,-88.0,-32.0,2.0,-0.0,31.0,-100.0,-100.0,-100.0,0.0,0.0,-0.0,30.0,10.244,9.756,9.756,8.0,0.0,0.0,30.0,23.299,23.299,23.299,0.0,0.0,0.0,31.0
9.0352,0,approach,-90.0,11.9,-29.348,-90.0,-30.878,124.0,27.0,-5.535,33.0,-100.0,-100.0,-100.0,0.0,0.0,-0.0,31.0,-100.0,-100.0,-100.0,-16.0,0.0,-0.0,30.0,-88.533,-88.0,-88.0,-32.0,2.0,-0.0,31.0,-100.0,-100.0,-100.0,0.0,0.0,-0.0,30.0,10.244,9.756,9.756,8.0,0.0,0.0,30.0,23.299,23.299,23.299,0.0,0.0,0.0,31.0
9.0881,0,approach,-90.0,11.9,-29.528,-90.0,-31.212,124.0,27.0,-4.046,33.0,-100.0,-100.0,-100.0,0.0,0.0,-0.0,31.0,-100.0,-100.0,-100.0,-16.0,0.0,-0.0,30.0,-88.533,-88.0,-88.0,-32.0,2.0,-0.0,31.0,-100.0,-100.0,-100.0,0.0,0.0,-0.0,30.0,10.244,9.756,9.756,8.0,0.0,0.0,30.0,23.299,23.299,23.299,0.0,0.0,0.0,31.0
9.141,0,approach,-90.0,11.9,-29.888,-90.0,-31.425,124.0,27.0,-5.446,33.0,-100.0,-100.0,-100.0,0.0,0.0,-0.0,31.0,-100.0,-100.0,-100.0,-16.0,0.0,-0.0,30.0,-88.533,-88.0,-88.0,-32.0,2.0,-0.0,31.0,-100.0,-100.0,-100.0,0.0,0.0,-0.0,30.0,10.244,9.756,9.756,8.0,0.0,0.0,30.0,23.299,23.299,23.299,0.0,0.0,0.0,31.0
9.193,0,approach,-90.0,11.9,-30.067,-90.0,-31.639,124.0,27.0,-4.694,33.0,-100.0,-100.0,-100.0,0.0,0.0,-0.0,31.0,-100.0,-100.0,-100.0,-16.0,0.0,-0.0,30.0,-88.533,-88.0,-88.0,-32.0,2.0,-0.0,31.0,-100.0,-100.0,-100.0,0.0,0.0,-0.0,30.0,10.244,9.756,9.756,8.0,0.0,0.0,30.0,23.299,23.299,23.299,0.0,0.0,0.0,31.0
9.2458,0,approach,-90.0,11.9,-30.157,-90.0,-31.852,124.0,27.0,-3.311,33.0,-100.0,-100.0,-100.0,0.0,0.0,-0.0,31.0,-100.0,-100.0,-100.0,-16.0,0.0,-0.0,30.0,-88.533,-88.0,-88.0,-32.0,2.0,-0.0,31.0,-100.0,-100.0,-100.0,0.0,0.0,-0.0,30.0,10.244,9.756,9.756,8.0,0.0,0.0,30.0,23.299,23.299,23.299,0.0,0.0,0.0,31.0
9.2998,0,approach,-90.0,11.9,-30.247,-90.0,-32.065,124.0,27.0,-2.333,33.0,-100.0,-100.0,-100.0,0.0,0.0,-0.0,31.0,-100.0,-100.0,-100.0,-16.0,0.0,-0.0,30.0,-88.533,-88.0,-88.0,-32.0,2.0,-0.0,31.0,-100.0,-100.0,-100.0,0.0,0.0,-0.0,30.0,10.244,9.756,9.756,8.0,0.0,0.0,30.0,23.299,23.299,23.299,0.0,0.0,0.0,31.0
9.3526,0,approach,-90.0,11.9,-30.607,-90.0,-32.278,124.0,27.0,-4.574,33.0,-99.82,-100.0,-100.0,0.0,0.0,2.016,31.0,-100.0,-100.0,-100.0,-16.0,0.0,-0.0,30.0,-88.533,-88.0,-88.0,-32.0,2.0,-0.0,31.0,-100.0,-100.0,-100.0,0.0,0.0,-0.0,30.0,10.244,9.756,9.756,8.0,0.0,0.0,30.0,23.299,23.299,23.299,0.0,0.0,0.0,31.0
9.4058,0,approach,-90.0,11.9,-30.876,-90.0,-32.491,124.0,27.0,-4.993,33.0,-99.82,-100.0,-100.0,0.0,0.0,0.988,31.0,-100.0,-100.0,-100.0,-16.0,0.0,-0.0,30.0,-88.533,-88.0,-88.0,-32.0,2.0,-0.0,31.0,-100.0,-100.0,-100.0,0.0,0.0,-0.0,30.0,10.244,9.756,9.756,8.0,0.0,0.0,30.0,23.299,23.299,23.299,0.0,0.0,0.0,31.0
9.4579,0,approach,-90.0,11.9,-31.056,-90.0,-32.702,124.0,27.0,-4.174,33.0,-100.0,-100.0,-100.0,0.0,0.0,-0.949,31.0,-100.0,-100.0,-100.0,-16.0,0.0,-0.0,30.0,-88.533,-88.0,-88.0,-32.0,2.0,-0.0,31.0,-100.0,-100.0,-100.0,0.0,0.0,-0.0,30.0,10.244,9.756,9.756,8.0,0.0,0.0,30.0,23.299,23.299,23.299,0.0,0.0,0.0,31.0
9.5107,0,approach,-90.0,11.9,-31.326,-90.0,-32.915,124.0,27.0,-4.8,33.0,-100.0,-100.0,-100.0,0.0,0.0,-0.465,31.0,-100.0,-100.0,-100.0,-16.0,0.0,-0.0,30.0,-88.533,-88.0,-88.0,-32.0,2.0,-0.0,31.0,-100.0,-100.0,-100.0,0.0,0.0,-0.0,30.0,10.244,9.756,9.756,8.0,0.0,0.0,30.0,23.299,23.299,23.299,0.0,0.0,0.0,31.0
9.564,0,approach,-90.0,11.9,-31.416,-90.0,-33.128,124.0,27.0,-3.369,33.0,-100.0,-100.0,-100.0,0.0,0.0,-0.228,31.0,-100.0,-100.0,-100.0,-16.0,0.0,-0.0,30.0,-88.533,-88.0,-88.0,-32.0,2.0,-0.0,31.0,-100.0,-100.0,-100.0,0.0,0.0,-0.0,30.0,10.244,9.756,9.756,8.0,0.0,0.0,30.0,23.299,23.299,23.299,0.0,0.0,0.0,31.0
9.6171,0,approach,-90.0,11.9,-31.416,-90.0,-33.363,148.0,32.0,-3.369,33.0,-100.0,-100.0,-100.0,0.0,0.0,-0.228,31.0,-100.0,-100.0,-100.0,-16.0,0.0,-0.0,30.0,-88.533,-88.0,-88.0,-32.0,2.0,-0.0,31.0,-100.0,-100.0,-100.0,0.0,0.0,-0.0,30.0,10.244,9.756,9.756,8.0,0.0,0.0,30.0,23.299,23.299,23.299,0.0,0.0,0.0,31.0
9.6705,0,approach,-90.0,11.9,-31.685,-90.0,-33.59,148.0,32.0,-3.263,33.0,-100.0,-100.0,-100.0,0.0,0.0,-0.112,31.0,-100.0,-100.0,-100.0,-16.0,0.0,-0.0,30.0,-88.533,-88.0,-88.0,-32.0,2.0,-0.0,31.0,-100.0,-100.0,-100.0,0.0,0.0,-0.0,30.0,10.244,9.756,9.756,8.0,0.0,0.0,30.0,23.299,23.299,23.299,0.0,0.0,0.0,31.0
9.7228,0,approach,-90.0,11.9,-31.865,-90.0,-33.708,148.0,32.0,-3.616,33.0,-100.0,-100.0,-100.0,0.0,0.0,-0.055,31.0,-100.0,-100.0,-100.0,-16.0,0.0,-0.0,30.0,-88.533,-88.0,-88.0,-32.0,2.0,-0.0,31.0,-100.0,-100.0,-100.0,0.0,0.0,-0.0,30.0,10.244,9.756,9.756,8.0,0.0,0.0,30.0,23.299,23.299,23.299,0.0,0.0,0.0,31.0
9.7761,0,approach,-90.0,11.9,-32.225,-90.0,-33.931,148.0,32.0,-4.741,33.0,-100.0,-100.0,-100.0,0.0,0.0,-0.027,31.0,-100.0,-100.0,-100.0,-16.0,0.0,-0.0,30.0,-88.533,-88.0,-88.0,-32.0,2.0,-0.0,31.0,-100.0,-100.0,-100.0,0.0,0.0,-0.0,30.0,10.244,9.756,9.756,8.0,0.0,0.0,30.0,23.299,23.299,23.299,0.0,0.0,0.0,31.0
9.829,0,approach,-90.0,11.9,-32.404,-90.0,-34.145,148.0,32.0,-3.738,33.0,-100.0,-100.0,-100.0,0.0,0.0,-0.013,31.0,-100.0,-100.0,-100.0,-16.0,0.0,-0.0,30.0,-88.533,-88.0,-88.0,-32.0,2.0,-0.0,31.0,-100.0,-100.0,-100.0,0.0,0.0,-0.0,30.0,10.244,9.756,9.756,8.0,0.0,0.0,30.0,23.299,23.299,23.299,0.0,0.0,0.0,31.0
9.8821,0,approach,-90.0,11.9,-32.584,-90.0,-34.358,148.0,32.0,-3.542,33.0,-100.0,-100.0,-100.0,0.0,0.0,-0.006,31.0,-100.0,-100.0,-100.0,-16.0,0.0,-0.0,30.0,-88.533,-88.0,-88.0,-32.0,2.0,-0.0,31.0,-100.0,-100.0,-100.0,0.0,0.0,-0.0,30.0,10.244,9.756,9.756,8.0,0.0,0.0,30.0,23.299,23.299,23.299,0.0,0.0,0.0,31.0
9.935,0,approach,-90.0,11.9,-32.854,-90.0,-34.572,148.0,32.0,-4.171,33.0,-100.0,-100.0,-100.0,0.0,0.0,-0.003,31.0,-100.0,-100.0,-100.0,-16.0,0.0,-0.0,30.0,-88.533,-88.0,-88.0,-32.0,2.0,-0.0,31.0,-100.0,-100.0,-100.0,0.0,0.0,-0.0,30.0,10.244,9.756,9.756,8.0,0.0,0.0,30.0,23.299,23.299,23.299,0.0,0.0,0.0,31.0
9.987,0,approach,-90.0,11.9,-33.034,-90.0,-34.785,148.0,32.0,-3.763,33.0,-100.0,-100.0,-100.0,0.0,0.0,-0.002,31.0,-100.0,-100.0,-100.0,-16.0,0.0,-0.0,30.0,-88.533,-88.0,-88.0,-32.0,2.0,-0.0,31.0,-100.0,-100.0,-100.0,0.0,0.0,-0.0,30.0,10.244,9.756,9.756,8.0,0.0,0.0,30.0,23.299,23.299,23.299,0.0,0.0,0.0,31.0
10.04,0,approach,-90.0,11.9,-33.124,-90.0,-34.998,148.0,32.0,-2.556,33.0,-100.0,-100.0,-100.0,0.0,0.0,-0.001,31.0,-100.0,-100.0,-100.0,-16.0,0.0,-0.0,30.0,-88.533,-88.0,-88.0,-32.0,2.0,-0.0,31.0,-100.0,-100.0,-100.0,0.0,0.0,-0.0,30.0,10.244,9.756,9.756,8.0,0.0,0.0,30.0,23.299,23.299,23.299,0.0,0.0,0.0,31.0
10.092,0,approach,-90.0,11.9,-33.393,-90.0,-35.211,148.0,32.0,-3.989,33.0,-100.0,-100.0,-100.0,0.0,0.0,-0.0,31.0,-100.0,-100.0,-100.0,-16.0,0.0,-0.0,30.0,-88.533,-88.0,-88.0,-32.0,2.0,-0.0,31.0,-100.0,-100.0,-100.0,0.0,0.0,-0.0,30.0,10.244,9.756,9.756,8.0,0.0,0.0,30.0,23.299,23.299,23.299,0.0,0.0,0.0,31.0
10.1455,0,approach,-90.0,11.9,-33.753,-90.0,-35.425,148.0,32.0,-5.386,33.0,-99.82,-100.0,-100.0,0.0,0.0,1.409,31.0,-100.0,-100.0,-100.0,-16.0,0.0,-0.0,30.0,-88.533,-88.0,-88.0,-32.0,2.0,-0.0,31.0,-100.0,-100.0,-100.0,0.0,0.0,-0.0,30.0,10.244,9.756,9.756,8.0,0.0,0.0,30.0,23.299,23.299,23.299,0.0,0.0,0.0,31.0
10.1987,0,approach,-90.0,11.9,-33.843,-90.0,-35.656,144.0,36.0,-4.238,33.0,-100.0,-100.0,-100.0,0.0,0.0,0.048,31.0,-100.0,-100.0,-100.0,-16.0,0.0,-0.0,30.0,-88.533,-88.0,-88.0,-32.0,2.0,-0.0,31.0,-100.0,-100.0,-100.0,-8.0,0.0,-0.0,30.0,10.244,9.756,9.756,8.0,0.0,0.0,30.0,23.299,23.299,23.299,0.0,0.0,0.0,31.0
10.2527,0,approach,-90.0,11.9,-34.112,-90.0,-35.869,144.0,36.0,-4.816,33.0,-100.0,-100.0,-100.0,0.0,0.0,0.024,31.0,-100.0,-100.0,-100.0,-16.0,0.0,-0.0,30.0,-88.533,-88.0,-88.0,-32.0,2.0,-0.0,31.0,-100.0,-100.0,-100.0,-8.0,0.0,-0.0,30.0,10.244,9.756,9.756,8.0,0.0,0.0,30.0,23.299,23.299,23.299,0.0,0.0,0.0,31.0
10.3057,0,approach,-90.0,11.9,-34.292,-90.0,-36.082,144.0,36.0,-4.077,33.0,-100.0,-100.0,-100.0,0.0,0.0,0.012,31.0,-100.0,-100.0,-100.0,-16.0,0.0,-0.0,30.0,-88.533,-88.0,-88.0,-32.0,2.0,-0.0,31.0,-100.0,-100.0,-100.0,-8.0,0.0,-0.0,30.0,10.244,9.756,9.756,8.0,0.0,0.0,30.0,23.299,23.299,23.299,0.0,0.0,0.0,31.0
10.359,0,approach,-90.0,11.9,-34.472,-90.0,-36.294,144.0,36.0,-3.725,33.0,-100.0,-100.0,-100.0,0.0,0.0,0.006,31.0,-100.0,-100.0,-100.0,-16.0,0.0,-0.0,30.0,-88.533,-88.0,-88.0,-32.0,2.0,-0.0,31.0,-100.0,-100.0,-100.0,-8.0,0.0,-0.0,30.0,10.244,9.756,9.756,8.0,0.0,0.0,30.0,23.299,23.299,23.299,0.0,0.0,0.0,31.0
10.4125,0,approach,-90.0,11.9,-34.652,-90.0,-36.507,144.0,36.0,-3.556,33.0,-100.0,-100.0,-100.0,0.0,0.0,0.003,31.0,-100.0,-100.0,-100.0,-16.0,0.0,-0.0,30.0,-88.533,-88.0,-88.0,-32.0,2.0,-0.0,31.0,-100.0,-100.0,-100.0,-8.0,0.0,-0.0,30.0,10.244,9.756,9.756,8.0,0.0,0.0,30.0,23.299,23.299,23.299,0.0,0.0,0.0,31.0
10.4656,0,approach,-90.0,11.9,-34.742,-90.0,-36.719,144.0,36.0,-2.746,33.0,-100.0,-100.0,-100.0,0.0,0.0,0.001,31.0,-100.0,-100.0,-100.0,-16.0,0.0,-0.0,30.0,-88.533,-88.0,-88.0,-32.0,2.0,-0.0,31.0,-100.0,-100.0,-100.0,-8.0,0.0,-0.0,30.0,10.244,9.756,9.756,8.0,0.0,0.0,30.0,23.299,23.299,23.299,0.0,0.0,0.0,31.0
10.5188,0,approach,-90.0,11.9,-35.191,-90.0,-36.933,144.0,36.0,-5.459,33.0,-100.0,-100.0,-100.0,0.0,0.0,0.001,31.0,-100.0,-100.0,-100.0,-16.0,0.0,-0.0,30.0,-88.533,-88.0,-88.0,-32.0,2.0,-0.0,31.0,-100.0,-100.0,-100.0,-8.0,0.0,-0.0,30.0,10.244,9.756,9.756,8.0,0.0,0.0,30.0,23.299,23.299,23.299,0.0,0.0,0.0,31.0
10.5709,0,approach,-90.0,11.9,-35.371,-90.0,-37.149,144.0,36.0,-4.4,33.0,-100.0,-100.0,-100.0,0.0,0.0,0.0,31.0,-100.0,-100.0,-100.0,-16.0,0.0,-0.0,30.0,-88.533,-88.0,-88.0,-32.0,2.0,-0.0,31.0,-100.0,-100.0,-100.0,-8.0,0.0,-0.0,30.0,10.244,9.756,9.756,8.0,0.0,0.0,30.0,23.299,23.299,23.299,0.0,0.0,0.0,31.0
10.6244,0,approach,-90.0,11.9,-35.461,-90.0,-37.361,144.0,36.0,-3.171,33.0,-100.0,-100.0,-100.0,0.0,0.0,0.0,31.0,-100.0,-100.0,-100.0,-16.0,0.0,-0.0,30.0,-88.533,-88.0,-88.0,-32.0,2.0,-0.0,31.0,-100.0,-100.0,-100.0,-8.0,0.0,-0.0,30.0,10.244,9.756,9.756,8.0,0.0,0.0,30.0,23.299,23.299,23.299,0.0,0.0,0.0,31.0
10.6776,0,approach,-90.0,11.9,-35.82,-90.0,-37.575,144.0,36.0,-4.983,33.0,-99.82,-100.0,-100.0,0.0,0.0,2.023,31.0,-100.0,-100.0,-100.0,-16.0,0.0,-0.0,30.0,-88.533,-88.0,-88.0,-32.0,2.0,-0.0,31.0,-100.0,-100.0,-100.0,-8.0,0.0,-0.0,30.0,10.244,9.756,9.756,8.0,0.0,0.0,30.0,23.299,23.299,23.299,0.0,0.0,0.0,31.0
10.7306,0,approach,-90.0,11.9,-35.91,-90.0,-37.682,152.0,42.0,-4.503,33.0,-99.82,-100.0,-100.0,0.0,0.0,1.416,31.0,-100.0,-100.0,-100.0,-16.0,1.0,-0.0,30.0,-88.533,-88.0,-88.0,-32.0,2.0,-0.0,31.0,-100.0,-100.0,-100.0,0.0,0.0,-0.0,30.0,10.244,9.756,9.756,8.0,0.0,0.0,30.0,23.299,23.299,23.299,0.0,0.0,0.0,31.0
10.7838,0,approach,-90.0,11.9,-36.0,-90.0,-38.016,152.0,42.0,-2.538,33.0,-100.0,-100.0,-100.0,0.0,0.0,0.03,31.0,-100.0,-100.0,-100.0,-16.0,1.0,-0.0,30.0,-88.533,-88.0,-88.0,-32.0,2.0,-0.0,31.0,-100.0,-100.0,-100.0,0.0,0.0,-0.0,30.0,10.244,9.756,9.756,8.0,0.0,0.0,30.0,23.299,23.299,23.299,0.0,0.0,0.0,31.0
10.8366,0,approach,-90.0,11.9,-36.36,-90.0,-38.228,152.0,42.0,-4.684,33.0,-100.0,-100.0,-100.0,0.0,0.0,0.015,31.0,-100.0,-100.0,-100.0,-16.0,1.0,-0.0,30.0,-88.533,-88.0,-88.0,-32.0,2.0,-0.0,31.0,-100.0,-100.0,-100.0,0.0,0.0,-0.0,30.0,10.244,9.756,9.756,8.0,0.0,0.0,30.0,23.299,23.299,23.299,0.0,0.0,0.0,31.0
10.889,0,approach,-90.0,11.9,-36.629,-90.0,-38.441,152.0,42.0,-4.723,33.0,-100.0,-100.0,-100.0,0.0,0.0,0.007,31.0,-100.0,-100.0,-100.0,-16.0,1.0,-0.0,30.0,-88.533,-88.0,-88.0,-32.0,2.0,-0.0,31.0,-100.0,-100.0,-100.0,0.0,0.0,-0.0,30.0,10.244,9.756,9.756,8.0,0.0,0.0,30.0,23.299,23.299,23.299,0.0,0.0,0.0,31.0
10.9409,0,approach,-90.0,11.9,-36.809,-90.0,-38.657,152.0,42.0,-3.707,33.0,-100.0,-100.0,-100.0,0.0,0.0,0.003,31.0,-100.0,-100.0,-100.0,-16.0,1.0,-0.0,30.0,-88.533,-88.0,-88.0,-32.0,2.0,-0.0,31.0,-100.0,-100.0,-100.0,0.0,0.0,-0.0,30.0,10.244,9.756,9.756,8.0,0.0,0.0,30.0,23.299,23.299,23.299,0.0,0.0,0.0,31.0
10.993,0,approach,-90.0,11.9,-36.899,-90.0,-38.871,152.0,42.0,-3.597,33.0,-100.0,-100.0,-100.0,0.0,0.0,0.002,31.0,-100.0,-100.0,-100.0,-16.0,1.0,-0.0,30.0,-88.533,-88.0,-88.0,-32.0,2.0,-0.0,31.0,-100.0,-100.0,-100.0,0.0,0.0,-0.0,30.0,10.244,9.756,9.756,8.0,0.0,0.0,30.0,23.299,23.299,23.299,0.0,0.0,0.0,31.0
11.0461,0,approach,-90.0,11.9,-37.079,-90.0,-39.094,152.0,42.0,-3.773,33.0,-100.0,-100.0,-100.0,0.0,0.0,0.001,31.0,-100.0,-100.0,-100.0,-16.0,1.0,-0.0,30.0,-88.533,-88.0,-88.0,-32.0,2.0,-0.0,31.0,-100.0,-100.0,-100.0,0.0,0.0,-0.0,30.0,10.244,9.756,9.756,8.0,0.0,0.0,30.0,23.299,23.299,23.299,0.0,0.0,0.0,31.0
11.099,0,approach,-90.0,11.9,-37.258,-90.0,-39.316,152.0,42.0,-3.516,33.0,-100.0,-100.0,-100.0,0.0,0.0,0.001,31.0,-100.0,-100.0,-100.0,-16.0,1.0,-0.0,30.0,-88.533,-88.0,-88.0,-32.0,2.0,-0.0,31.0,-100.0,-100.0,-100.0,0.0,0.0,-0.0,30.0,10.244,9.756,9.756,8.0,0.0,0.0,30.0,23.299,23.299,23.299,0.0,0.0,0.0,31.0
11.1509,0,approach,-90.0,11.9,-37.438,-90.0,-39.424,152.0,42.0,-3.433,33.0,-100.0,-100.0,-100.0,0.0,0.0,0.0,31.0,-100.0,-100.0,-100.0,-16.0,1.0,-0.0,30.0,-88.533,-88.0,-88.0,-32.0,2.0,-0.0,31.0,-100.0,-100.0,-100.0,0.0,0.0,-0.0,30.0,10.244,9.756,9.756,8.0,0.0,0.0,30.0,23.299,23.299,23.299,0.0,0.0,0.0,31.0
11.203,0,approach,-90.0,11.9,-37.528,-90.0,-39.644,152.0,42.0,-2.701,33.0,-100.0,-100.0,-100.0,0.0,0.0,-0.699,31.0,-100.0,-100.0,-100.0,-16.0,1.0,-0.0,30.0,-88.533,-88.0,-88.0,-32.0,2.0,-0.0,31.0,-100.0,-100.0,-100.0,0.0,0.0,-0.0,30.0,10.244,9.756,9.756,8.0,0.0,0.0,30.0,23.299,23.299,23.299,0.0,0.0,0.0,31.0
11.2558,0,approach,-90.0,11.9,-37.888,-90.0,-39.856,152.0,42.0,-5.086,33.0,-100.0,-100.0,-100.0,0.0,0.0,-0.342,31.0,-100.0,-100.0,-100.0,-16.0,1.0,-0.0,30.0,-88.533,-88.0,-88.0,-32.0,2.0,-0.0,31.0,-100.0,-100.0,-100.0,0.0,0.0,-0.0,30.0,10.244,9.756,9.756,8.0,0.0,0.0,30.0,23.299,23.299,23.299,0.0,0.0,0.0,31.0
11.3079,0,approach,-90.0,11.9,-38.067,-90.0,-39.962,156.0,42.0,-5.594,33.0,-100.0,-100.0,-100.0,0.0,0.0,-0.24,31.0,-100.0,-100.0,-100.0,-16.0,0.0,-0.0,30.0,-88.533,-88.0,-88.0,-32.0,1.0,-0.0,31.0,-100.0,-100.0,-100.0,0.0,0.0,-0.0,30.0,10.244,9.756,9.756,8.0,0.0,0.0,30.0,23.299,23.299,23.299,0.0,0.0,0.0,31.0
11.3611,0,approach,-90.0,11.9,-38.247,-90.0,-40.295,156.0,42.0,-3.406,33.0,-100.0,-100.0,-100.0,0.0,0.0,-0.117,31.0,-100.0,-100.0,-100.0,-16.0,0.0,-0.0,30.0,-88.533,-88.0,-88.0,-32.0,1.0,-0.0,31.0,-100.0,-100.0,-100.0,0.0,0.0,-0.0,30.0,10.244,9.756,9.756,8.0,0.0,0.0,30.0,23.299,23.299,23.299,0.0,0.0,0.0,31.0
11.4145,0,approach,-90.0,11.9,-38.517,-90.0,-40.509,156.0,42.0,-4.388,33.0,-100.0,-100.0,-100.0,0.0,0.0,-0.058,31.0,-100.0,-100.0,-100.0,-16.0,0.0,-0.0,30.0,-88.533,-88.0,-88.0,-32.0,1.0,-0.0,31.0,-100.0,-100.0,-100.0,0.0,0.0,-0.0,30.0,10.244,9.756,9.756,8.0,0.0,0.0,30.0,23.299,23.299,23.299,0.0,0.0,0.0,31.0
11.467,0,approach,-90.0,11.9,-38.787,-90.0,-40.724,156.0,42.0,-4.542,33.0,-100.0,-100.0,-100.0,0.0,0.0,-0.028,31.0,-100.0,-100.0,-100.0,-16.0,0.0,-0.0,30.0,-88.533,-88.0,-88.0,-32.0,1.0,-0.0,31.0,-100.0,-100.0,-100.0,0.0,0.0,-0.0,30.0,10.244,9.756,9.756,8.0,0.0,0.0,30.0,23.299,23.299,23.299,0.0,0.0,0.0,31.0
11.5201,0,approach,-90.0,11.9,-38.876,-90.0,-40.939,156.0,42.0,-3.23,33.0,-100.0,-100.0,-100.0,0.0,0.0,-0.615,31.0,-100.0,-100.0,-100.0,-16.0,0.0,-0.0,30.0,-88.533,-88.0,-88.0,-32.0,1.0,-0.0,31.0,-100.0,-100.0,-100.0,0.0,0.0,-0.0,30.0,10.244,9.756,9.756,8.0,0.0,0.0,30.0,23.299,23.299,23.299,0.0,0.0,0.0,31.0
11.5734,0,approach,-90.0,11.9,-38.966,-90.0,-41.155,156.0,42.0,-2.281,33.0,-100.0,-100.0,-100.0,0.0,0.0,-0.301,31.0,-100.0,-100.0,-100.0,-16.0,0.0,-0.0,30.0,-88.533,-88.0,-88.0,-32.0,1.0,-0.0,31.0,-100.0,-100.0,-100.0,0.0,0.0,-0.0,30.0,10.244,9.756,9.756,8.0,0.0,0.0,30.0,23.299,23.299,23.299,0.0,0.0,0.0,31.0
11.6266,0,approach,-90.0,11.9,-39.416,-90.0,-41.368,156.0,42.0,-5.261,33.0,-100.0,-100.0,-100.0,0.0,0.0,-0.148,31.0,-100.0,-100.0,-100.0,-16.0,0.0,-0.0,30.0,-88.533,-88.0,-88.0,-32.0,1.0,-0.0,31.0,-100.0,-100.0,-100.0,0.0,0.0,-0.0,30.0,10.244,9.756,9.756,8.0,0.0,0.0,30.0,23.299,23.299,23.299,0.0,0.0,0.0,31.0
11.6791,0,approach,-90.0,11.9,-39.596,-90.0,-41.582,156.0,42.0,-4.288,33.0,-100.0,-100.0,-100.0,0.0,0.0,-0.072,31.0,-100.0,-100.0,-100.0,-16.0,0.0,-0.0,30.0,-88.533,-88.0,-88.0,-32.0,1.0,-0.0,31.0,-100.0,-100.0,-100.0,0.0,0.0,-0.0,30.0,10.244,9.756,9.756,8.0,0.0,0.0,30.0,23.299,23.299,23.299,0.0,0.0,0.0,31.0
11.7326,0,approach,-90.0,11.9,-39.775,-90.0,-41.797,156.0,42.0,-3.813,33.0,-100.0,-100.0,-100.0,0.0,0.0,-0.035,31.0,-100.0,-100.0,-100.0,-16.0,0.0,-0.0,30.0,-88.533,-88.0,-88.0,-32.0,1.0,-0.0,31.0,-100.0,-100.0,-100.0,0.0,0.0,-0.0,30.0,10.244,9.756,9.756,8.0,0.0,0.0,30.0,23.299,23.299,23.299,0.0,0.0,0.0,31.0
11.7855,0,approach,-90.0,11.9,-39.775,-90.0,-42.011,156.0,42.0,-1.868,33.0,-100.0,-100.0,-100.0,0.0,0.0,-0.017,31.0,-100.0,-100.0,-100.0,-16.0,0.0,-0.0,30.0,-88.533,-88.0,-88.0,-32.0,1.0,-0.0,31.0,-100.0,-100.0,-100.0,0.0,0.0,-0.0,30.0,10.244,9.756,9.756,8.0,0.0,0.0,30.0,23.299,23.299,23.299,0.0,0.0,0.0,31.0
11.8388,0,approach,-90.0,11.9,-40.135,-90.0,-42.224,156.0,42.0,-4.012,33.0,-100.0,-100.0,-100.0,0.0,0.0,-0.009,31.0,-100.0,-100.0,-100.0,-16.0,0.0,-0.0,30.0,-88.533,-88.0,-88.0,-32.0,1.0,-0.0,31.0,-100.0,-100.0,-100.0,0.0,0.0,-0.0,30.0,10.244,9.756,9.756,8.0,0.0,0.0,30.0,23.299,23.299,23.299,0.0,0.0,0.0,31.0
11.8924,0,approach,-90.0,11.8,-40.135,-90.0,-42.466,176.0,56.0,-4.012,33.0,-100.0,-100.0,-100.0,0.0,0.0,-0.009,31.0,-100.0,-100.0,-100.0,-24.0,1.0,-0.0,30.0,-88.533,-88.0,-88.0,-32.0,2.0,-0.0,31.0,-100.0,-100.0,-100.0,0.0,0.0,-0.0,30.0,10.244,9.756,9.756,8.0,0.0,0.0,30.0,23.299,23.299,23.299,0.0,0.0,0.0,31.0
11.9461,0,approach,-90.0,11.8,-40.315,-90.0,-42.694,176.0,56.0,-3.268,33.0,-100.0,-100.0,-100.0,0.0,0.0,-0.004,31.0,-100.0,-100.0,-100.0,-24.0,1.0,-0.0,30.0,-88.533,-88.0,-88.0,-32.0,2.0,-0.0,31.0,-100.0,-100.0,-100.0,0.0,0.0,-0.0,30.0,10.244,9.756,9.756,8.0,0.0,0.0,30.0,23.299,23.299,23.299,0.0,0.0,0.0,31.0
11.9999,0,approach,-90.0,11.8,-40.854,-90.0,-42.92,176.0,56.0,-6.901,33.0,-100.0,-100.0,-100.0,0.0,0.0,-0.002,31.0,-100.0,-100.0,-100.0,-24.0,1.0,-0.0,30.0,-88.533,-88.0,-88.0,-32.0,2.0,-0.0,31.0,-100.0,-100.0,-100.0,0.0,0.0,-0.0,30.0,10.244,9.756,9.756,8.0,0.0,0.0,30.0,23.299,23.299,23.299,0.0,0.0,0.0,31.0
12.0537,0,approach,-90.0,11.8,-41.124,-90.0,-43.041,176.0,56.0,-6.025,33.0,-100.0,-100.0,-100.0,0.0,0.0,-0.001,31.0,-100.0,-100.0,-100.0,-24.0,1.0,-0.0,30.0,-88.533,-88.0,-88.0,-32.0,2.0,-0.0,31.0,-100.0,-100.0,-100.0,0.0,0.0,-0.0,30.0,10.244,9.756,9.756,8.0,0.0,0.0,30.0,23.299,23.299,23.299,0.0,0.0,0.0,31.0
12.106,0,approach,-90.0,11.8,-41.303,-90.0,-43.256,176.0,56.0,-4.96,33.0,-100.0,-100.0,-100.0,0.0,0.0,-0.0,31.0,-100.0,-100.0,-100.0,-24.0,1.0,-0.0,30.0,-88.533,-88.0,-88.0,-32.0,2.0,-0.0,31.0,-100.0,-100.0,-100.0,0.0,0.0,-0.0,30.0,10.244,9.756,9.756,8.0,0.0,0.0,30.0,23.299,23.299,23.299,0.0,0.0,0.0,31.0
12.1597,0,approach,-90.0,11.8,-41.483,-90.0,-43.47,176.0,56.0,-4.147,33.0,-100.0,-100.0,-100.0,0.0,0.0,-0.0,31.0,-100.0,-100.0,-100.0,-24.0,1.0,-0.0,30.0,-88.533,-88.0,-88.0,-32.0,2.0,-0.0,31.0,-100.0,-100.0,-100.0,0.0,0.0,-0.0,30.0,10.244,9.756,9.756,8.0,0.0,0.0,30.0,23.299,23.299,23.299,0.0,0.0,0.0,31.0
12.2119,0,approach,-90.0,11.8,-41.663,-90.0,-43.683,176.0,56.0,-3.744,33.0,-99.82,-100.0,-100.0,0.0,0.0,2.014,31.0,-100.0,-100.0,-100.0,-24.0,1.0,-0.0,30.0,-88.533,-88.0,-88.0,-32.0,2.0,-0.0,31.0,-100.0,-100.0,-100.0,0.0,0.0,-0.0,30.0,10.244,9.756,9.756,8.0,0.0,0.0,30.0,23.299,23.299,23.299,0.0,0.0,0.0,31.0
12.2657,0,approach,-90.0,11.8,-41.753,-90.0,-43.898,176.0,56.0,-2.849,33.0,-100.0,-100.0,-100.0,0.0,0.0,-1.048,31.0,-100.0,-100.0,-100.0,-24.0,1.0,-0.0,30.0,-88.533,-88.0,-88.0,-32.0,2.0,-0.0,31.0,-100.0,-100.0,-100.0,0.0,0.0,-0.0,30.0,10.244,9.756,9.756,8.0,0.0,0.0,30.0,23.299,23.299,23.299,0.0,0.0,0.0,31.0
12.3178,0,approach,-90.0,11.8,-41.843,-90.0,-44.112,176.0,56.0,-2.1,33.0,-100.0,-100.0,-100.0,0.0,0.0,-0.513,31.0,-100.0,-100.0,-100.0,-24.0,1.0,-0.0,30.0,-88.533,-88.0,-88.0,-32.0,2.0,-0.0,31.0,-100.0,-100.0,-100.0,0.0,0.0,-0.0,30.0,10.244,9.756,9.756,8.0,0.0,0.0,30.0,23.299,23.299,23.299,0.0,0.0,0.0,31.0
12.3699,0,approach,-90.0,11.8,-42.202,-90.0,-44.326,176.0,56.0,-4.169,33.0,-100.0,-100.0,-100.0,0.0,0.0,-0.252,31.0,-100.0,-100.0,-100.0,-24.0,1.0,-0.0,30.0,-88.533,-88.0,-88.0,-32.0,2.0,-0.0,31.0,-100.0,-100.0,-100.0,0.0,0.0,-0.0,30.0,10.244,9.756,9.756,8.0,0.0,0.0,30.0,23.299,23.299,23.299,0.0,0.0,0.0,31.0
12.4231,0,approach,-90.0,11.8,-42.472,-90.0,-44.542,176.0,56.0,-4.723,33.0,-100.0,-100.0,-100.0,0.0,0.0,-0.123,31.0,-100.0,-100.0,-100.0,-24.0,1.0,-0.0,30.0,-88.533,-88.0,-88.0,-32.0,2.0,-0.0,31.0,-100.0,-100.0,-100.0,0.0,0.0,-0.0,30.0,10.244,9.756,9.756,8.0,0.0,0.0,30.0,23.299,23.299,23.299,0.0,0.0,0.0,31.0
12.4759,0,approach,-90.0,11.8,-42.562,-90.0,-44.784,180.0,58.0,-3.753,33.0,-99.82,-100.0,-100.0,0.0,0.0,0.809,31.0,-100.0,-100.0,-100.0,-24.0,1.0,-0.0,30.0,-88.533,-88.0,-88.0,-32.0,2.0,-0.0,31.0,-100.0,-100.0,-100.0,-12.0,0.0,-0.0,30.0,10.244,9.756,9.756,8.0,0.0,0.0,30.0,23.299,23.299,23.299,0.0,0.0,0.0,31.0
12.5288,0,approach,-90.0,11.8,-42.921,-90.0,-44.998,180.0,58.0,-5.512,33.0,-100.0,-100.0,-100.0,0.0,0.0,-1.024,31.0,-100.0,-100.0,-100.0,-24.0,1.0,-0.0,30.0,-88.533,-88.0,-88.0,-32.0,2.0,-0.0,31.0,-100.0,-100.0,-100.0,-12.0,0.0,-0.0,30.0,10.244,9.756,9.756,8.0,0.0,0.0,30.0,23.299,23.299,23.299,0.0,0.0,0.0,31.0
12.581,0,approach,-90.0,11.8,-43.101,-90.0,-45.214,180.0,58.0,-4.735,33.0,-100.0,-100.0,-100.0,0.0,0.0,-0.502,31.0,-100.0,-100.0,-100.0,-24.0,1.0,-0.0,30.0,-88.533,-88.0,-88.0,-32.0,2.0,-0.0,31.0,-100.0,-100.0,-100.0,-12.0,0.0,-0.0,30.0,10.244,9.756,9.756,8.0,0.0,0.0,30.0,23.299,23.299,23.299,0.0,0.0,0.0,31.0
12.6338,0,approach,-90.0,11.8,-43.281,-90.0,-45.428,180.0,58.0,-4.286,33.0,-100.0,-100.0,-100.0,0.0,0.0,-0.246,31.0,-100.0,-100.0,-100.0,-24.0,1.0,-0.0,30.0,-88.533,-88.0,-88.0,-32.0,2.0,-0.0,31.0,-100.0,-100.0,-100.0,-12.0,0.0,-0.0,30.0,10.244,9.756,9.756,8.0,0.0,0.0,30.0,23.299,23.299,23.299,0.0,0.0,0.0,31.0
12.686,0,approach,-90.0,11.8,-43.281,-90.0,-45.648,180.0,58.0,-3.0,33.0,-100.0,-100.0,-100.0,0.0,0.0,-0.172,31.0,-100.0,-100.0,-100.0,-24.0,1.0,-0.0,30.0,-88.533,-88.0,-88.0,-32.0,2.0,-0.0,31.0,-100.0,-100.0,-100.0,-12.0,0.0,-0.0,30.0,10.244,9.756,9.756,8.0,0.0,0.0,30.0,23.299,23.299,23.299,0.0,0.0,0.0,31.0
12.7396,0,approach,-90.0,11.8,-43.73,-90.0,-45.876,180.0,58.0,-6.127,33.0,-100.0,-100.0,-100.0,0.0,0.0,-0.084,31.0,-100.0,-100.0,-100.0,-24.0,1.0,-0.0,30.0,-88.533,-88.0,-88.0,-32.0,2.0,-0.0,31.0,-100.0,-100.0,-100.0,-12.0,0.0,-0.0,30.0,10.244,9.756,9.756,8.0,0.0,0.0,30.0,23.299,23.299,23.299,0.0,0.0,0.0,31.0
12.7932,0,approach,-90.0,11.8,-43.91,-90.0,-45.987,180.0,58.0,-4.685,33.0,-99.82,-100.0,-100.0,0.0,0.0,1.321,31.0,-100.0,-100.0,-100.0,-24.0,1.0,-0.0,30.0,-88.533,-88.0,-88.0,-32.0,2.0,-0.0,31.0,-100.0,-100.0,-100.0,-12.0,0.0,-0.0,30.0,10.244,9.756,9.756,8.0,0.0,0.0,30.0,23.299,23.299,23.299,0.0,0.0,0.0,31.0
12.8464,0,approach,-90.0,11.8,-44.09,-90.0,-46.213,180.0,58.0,-3.944,33.0,-100.0,-100.0,-100.0,0.0,0.0,-0.624,31.0,-100.0,-100.0,-100.0,-24.0,1.0,-0.0,30.0,-88.533,-88.0,-88.0,-32.0,2.0,-0.0,31.0,-100.0,-100.0,-100.0,-12.0,0.0,-0.0,30.0,10.244,9.756,9.756,8.0,0.0,0.0,30.0,23.299,23.299,23.299,0.0,0.0,0.0,31.0
12.8998,0,approach,-90.0,11.8,-44.36,-90.0,-46.426,180.0,58.0,-4.64,33.0,-100.0,-100.0,-100.0,0.0,0.0,-0.306,31.0,-100.0,-100.0,-100.0,-24.0,1.0,-0.0,30.0,-88.533,-88.0,-88.0,-32.0,2.0,-0.0,31.0,-100.0,-100.0,-100.0,-12.0,0.0,-0.0,30.0,10.244,9.756,9.756,8.0,0.0,0.0,30.0,23.299,23.299,23.299,0.0,0.0,0.0,31.0
12.9535,0,approach,-90.0,11.8,-44.449,-90.0,-46.642,180.0,58.0,-3.281,33.0,-100.0,-100.0,-100.0,0.0,0.0,-0.15,31.0,-100.0,-100.0,-100.0,-24.0,1.0,-0.0,30.0,-88.533,-88.0,-88.0,-32.0,2.0,-0.0,31.0,-100.0,-100.0,-100.0,-12.0,0.0,-0.0,30.0,10.244,9.756,9.756,8.0,0.0,0.0,30.0,23.299,23.299,23.299,0.0,0.0,0.0,31.0
13.0062,0,approach,-90.0,11.8,-44.629,-90.0,-46.855,180.0,58.0,-3.315,33.0,-99.82,-100.0,-100.0,0.0,0.0,1.351,31.0,-100.0,-100.0,-100.0,-24.0,1.0,-0.0,30.0,-88.533,-88.0,-88.0,-32.0,2.0,-0.0,31.0,-100.0,-100.0,-100.0,-12.0,0.0,-0.0,30.0,10.244,9.756,9.756,8.0,0.0,0.0,30.0,23.299,23.299,23.299,0.0,0.0,0.0,31.0
13.0596,0,approach,-90.0,11.8,-44.719,-90.0,-47.095,196.0,61.0,-2.773,33.0,-100.0,-100.0,-100.0,8.0,0.0,0.039,31.0,-100.0,-100.0,-100.0,-24.0,1.0,-0.0,30.0,-88.533,-88.0,-88.0,-32.0,1.0,-0.0,31.0,-100.0,-100.0,-100.0,-8.0,0.0,-0.0,30.0,10.244,9.756,9.756,8.0,0.0,0.0,30.0,23.299,23.299,23.299,0.0,0.0,0.0,31.0
13.1131,0,approach,-90.0,11.8,-45.079,-90.0,-47.311,196.0,61.0,-5.008,33.0,-100.0,-100.0,-100.0,8.0,0.0,0.019,31.0,-100.0,-100.0,-100.0,-24.0,1.0,-0.0,30.0,-88.533,-88.0,-88.0,-32.0,1.0,-0.0,31.0,-100.0,-100.0,-100.0,-8.0,0.0,-0.0,30.0,10.244,9.756,9.756,8.0,0.0,0.0,30.0,23.299,23.299,23.299,0.0,0.0,0.0,31.0
13.1664,0,approach,-90.0,11.8,-45.348,-90.0,-47.526,196.0,61.0,-4.864,33.0,-100.0,-100.0,-100.0,8.0,0.0,0.009,31.0,-100.0,-100.0,-100.0,-24.0,1.0,-0.0,30.0,-88.533,-88.0,-88.0,-32.0,1.0,-0.0,31.0,-100.0,-100.0,-100.0,-8.0,0.0,-0.0,30.0,10.244,9.756,9.756,8.0,0.0,0.0,30.0,23.299,23.299,23.299,0.0,0.0,0.0,31.0
13.2197,0,approach,-90.0,11.8,-45.438,-90.0,-47.743,196.0,61.0,-3.077,33.0,-99.82,-100.0,-100.0,8.0,0.0,2.01,31.0,-100.0,-100.0,-100.0,-24.0,1.0,-0.0,30.0,-88.533,-88.0,-88.0,-32.0,1.0,-0.0,31.0,-100.0,-100.0,-100.0,-8.0,0.0,-0.0,30.0,10.244,9.756,9.756,8.0,0.0,0.0,30.0,23.299,23.299,23.299,0.0,0.0,0.0,31.0
13.2731,0,approach,-90.0,11.8,-45.798,-90.0,-47.96,196.0,61.0,-5.177,33.0,-100.0,-100.0,-100.0,8.0,0.0,-1.004,31.0,-100.0,-100.0,-100.0,-24.0,1.0,-0.0,30.0,-88.533,-88.0,-88.0,-32.0,1.0,-0.0,31.0,-100.0,-100.0,-100.0,-8.0,0.0,-0.0,30.0,10.244,9.756,9.756,8.0,0.0,0.0,30.0,23.299,23.299,23.299,0.0,0.0,0.0,31.0
13.3264,0,approach,-90.0,11.8,-45.978,-90.0,-48.177,196.0,61.0,-4.251,33.0,-100.0,-100.0,-100.0,8.0,0.0,-0.492,31.0,-100.0,-100.0,-100.0,-24.0,1.0,-0.0,30.0,-88.533,-88.0,-88.0,-32.0,1.0,-0.0,31.0,-100.0,-100.0,-100.0,-8.0,0.0,-0.0,30.0,10.244,9.756,9.756,8.0,0.0,0.0,30.0,23.299,23.299,23.299,0.0,0.0,0.0,31.0
13.3797,0,approach,-90.0,11.8,-46.067,-90.0,-48.39,196.0,61.0,-3.086,33.0,-100.0,-100.0,-100.0,8.0,0.0,-0.241,31.0,-100.0,-100.0,-100.0,-24.0,1.0,-0.0,30.0,-88.533,-88.0,-88.0,-32.0,1.0,-0.0,31.0,-100.0,-100.0,-100.0,-8.0,0.0,-0.0,30.0,10.244,9.756,9.756,8.0,0.0,0.0,30.0,23.299,23.299,23.299,0.0,0.0,0.0,31.0
13.4331,0,approach,-90.0,11.8,-46.157,-90.0,-48.604,196.0,61.0,-2.217,33.0,-99.82,-100.0,-100.0,8.0,0.0,1.886,31.0,-100.0,-100.0,-100.0,-24.0,1.0,-0.0,30.0,-88.533,-88.0,-88.0,-32.0,1.0,-0.0,31.0,-100.0,-100.0,-100.0,-8.0,0.0,-0.0,30.0,10.244,9.756,9.756,8.0,0.0,0.0,30.0,23.299,23.299,23.299,0.0,0.0,0.0,31.0
13.4865,0,approach,-90.0,11.8,-46.607,-90.0,-48.82,196.0,61.0,-5.182,33.0,-99.82,-100.0,-100.0,8.0,0.0,0.924,31.0,-100.0,-100.0,-100.0,-24.0,1.0,-0.0,30.0,-88.533,-88.0,-88.0,-32.0,1.0,-0.0,31.0,-100.0,-100.0,-100.0,-8.0,0.0,-0.0,30.0,10.244,9.756,9.756,8.0,0.0,0.0,30.0,23.299,23.299,23.299,0.0,0.0,0.0,31.0
13.5398,0,approach,-90.0,11.8,-46.787,-90.0,-49.037,196.0,61.0,-4.559,33.0,-100.0,-100.0,-100.0,8.0,0.0,-0.937,31.0,-100.0,-100.0,-100.0,-24.0,1.0,-0.0,30.0,-88.533,-88.0,-88.0,-32.0,1.0,-0.0,31.0,-100.0,-100.0,-100.0,-8.0,0.0,-0.0,30.0,10.244,9.756,9.756,8.0,0.0,0.0,30.0,23.299,23.299,23.299,0.0,0.0,0.0,31.0
13.5932,0,approach,-90.0,11.8,-46.876,-90.0,-49.144,204.0,71.0,-4.205,33.0,-100.0,-100.0,-100.0,0.0,0.0,-0.656,31.0,-100.0,-100.0,-100.0,-24.0,1.0,-0.0,30.0,-88.533,-88.0,-88.0,-32.0,1.0,-0.0,31.0,-100.0,-100.0,-100.0,-8.0,0.0,-0.0,30.0,10.244,9.756,9.756,8.0,0.0,0.0,30.0,23.299,23.299,23.299,0.0,0.0,0.0,31.0
13.6463,0,approach,-90.0,11.8,-46.966,-90.0,-49.477,204.0,71.0,-2.392,33.0,-100.0,-100.0,-100.0,0.0,0.0,-0.321,31.0,-100.0,-100.0,-100.0,-24.0,1.0,-0.0,30.0,-88.533,-88.0,-88.0,-32.0,1.0,-0.0,31.0,-100.0,-100.0,-100.0,-8.0,0.0,-0.0,30.0,10.244,9.756,9.756,8.0,0.0,0.0,30.0,23.299,23.299,23.299,0.0,0.0,0.0,31.0
13.6992,0,approach,-90.0,11.8,-47.236,-90.0,-49.695,204.0,71.0,-4.6,33.0,-99.82,-100.0,-100.0,0.0,0.0,1.73,31.0,-100.0,-100.0,-100.0,-24.0,1.0,-0.0,30.0,-88.533,-88.0,-88.0,-32.0,1.0,-0.0,31.0,-100.0,-100.0,-100.0,-8.0,0.0,-0.0,30.0,10.244,9.756,9.756,8.0,0.0,0.0,30.0,23.299,23.299,23.299,0.0,0.0,0.0,31.0
13.7526,0,approach,-90.0,11.8,-47.416,-90.0,-49.922,204.0,71.0,-4.261,33.0,-99.82,-100.0,-100.0,0.0,0.0,0.848,31.0,-100.0,-100.0,-100.0,-24.0,1.0,-0.0,30.0,-88.533,-88.0,-88.0,-32.0,1.0,-0.0,31.0,-100.0,-100.0,-100.0,-8.0,0.0,-0.0,30.0,10.244,9.756,9.756,8.0,0.0,0.0,30.0,23.299,23.299,23.299,0.0,0.0,0.0,31.0
13.8051,0,approach,-90.0,11.8,-47.596,-90.0,-50.039,204.0,71.0,-4.073,33.0,-100.0,-100.0,-100.0,0.0,0.0,-0.897,31.0,-100.0,-100.0,-100.0,-24.0,1.0,-0.0,30.0,-88.533,-88.0,-88.0,-32.0,1.0,-0.0,31.0,-100.0,-100.0,-100.0,-8.0,0.0,-0.0,30.0,10.244,9.756,9.756,8.0,0.0,0.0,30.0,23.299,23.299,23.299,0.0,0.0,0.0,31.0
13.8586,0,approach,-90.0,11.8,-47.955,-90.0,-50.267,204.0,71.0,-6.068,33.0,-100.0,-100.0,-100.0,0.0,0.0,-0.439,31.0,-100.0,-100.0,-100.0,-24.0,1.0,-0.0,30.0,-88.533,-88.0,-88.0,-32.0,1.0,-0.0,31.0,-100.0,-100.0,-100.0,-8.0,0.0,-0.0,30.0,10.244,9.756,9.756,8.0,0.0,0.0,30.0,23.299,23.299,23.299,0.0,0.0,0.0,31.0
13.9123,0,approach,-90.0,11.8,-48.315,-90.0,-50.479,204.0,71.0,-6.422,33.0,-99.82,-100.0,-100.0,0.0,0.0,1.21,31.0,-100.0,-100.0,-100.0,-24.0,1.0,-0.0,30.0,-88.533,-88.0,-88.0,-32.0,1.0,-0.0,31.0,-100.0,-100.0,-100.0,-8.0,0.0,-0.0,30.0,10.244,9.756,9.756,8.0,0.0,0.0,30.0,23.299,23.299,23.299,0.0,0.0,0.0,31.0
13.965,0,approach,-90.0,11.8,-48.404,-90.0,-50.693,204.0,71.0,-4.152,33.0,-100.0,-100.0,-100.0,0.0,0.0,-1.421,31.0,-100.0,-100.0,-100.0,-24.0,1.0,-0.0,30.0,-88.533,-88.0,-88.0,-32.0,1.0,-0.0,31.0,-100.0,-100.0,-100.0,-8.0,0.0,-0.0,30.0,10.244,9.756,9.756,8.0,0.0,0.0,30.0,23.299,23.299,23.299,0.0,0.0,0.0,31.0
14.0185,0,approach,-90.0,11.8,-48.494,-90.0,-50.907,204.0,71.0,-3.041,33.0,-100.0,-100.0,-100.0,0.0,0.0,-0.696,31.0,-100.0,-100.0,-100.0,-24.0,1.0,-0.0,30.0,-88.533,-88.0,-88.0,-32.0,1.0,-0.0,31.0,-100.0,-100.0,-100.0,-8.0,0.0,-0.0,30.0,10.244,9.756,9.756,8.0,0.0,0.0,30.0,23.299,23.299,23.299,0.0,0.0,0.0,31.0
14.0713,0,approach,-90.0,11.8,-48.764,-90.0,-51.123,204.0,71.0,-3.884,33.0,-100.0,-100.0,-100.0,0.0,0.0,-0.341,31.0,-100.0,-100.0,-100.0,-24.0,1.0,-0.0,30.0,-88.533,-88.0,-88.0,-32.0,1.0,-0.0,31.0,-100.0,-100.0,-100.0,-8.0,0.0,-0.0,30.0,10.244,9.756,9.756,8.0,0.0,0.0,30.0,23.299,23.299,23.299,0.0,0.0,0.0,31.0
14.1247,0,approach,-90.0,11.8,-48.854,-90.0,-51.34,204.0,71.0,-2.595,33.0,-99.82,-100.0,-100.0,0.0,0.0,1.22,31.0,-100.0,-100.0,-100.0,-24.0,1.0,-0.0,30.0,-88.533,-88.0,-88.0,-32.0,1.0,-0.0,31.0,-100.0,-100.0,-100.0,-8.0,0.0,-0.0,30.0,10.244,9.756,9.756,8.0,0.0,0.0,30.0,23.299,23.299,23.299,0.0,0.0,0.0,31.0
14.1788,0,approach,-90.0,11.8,-49.034,-90.0,-51.448,204.0,75.0,-3.806,33.0,-99.82,-100.0,-100.0,8.0,0.0,0.854,31.0,-100.0,-100.0,-100.0,-24.0,1.0,-0.0,30.0,-88.533,-88.0,-88.0,-32.0,2.0,-0.0,31.0,-100.0,-100.0,-100.0,-8.0,0.0,-0.0,30.0,10.244,9.756,9.756,8.0,0.0,0.0,30.0,23.299,23.299,23.299,0.0,0.0,0.0,31.0
14.2309,0,approach,-90.0,11.8,-49.393,-90.0,-51.787,204.0,75.0,-5.222,33.0,-100.0,-100.0,-100.0,8.0,0.0,-0.239,31.0,-100.0,-100.0,-100.0,-24.0,1.0,-0.0,30.0,-88.533,-88.0,-88.0,-32.0,2.0,-0.0,31.0,-100.0,-100.0,-100.0,-8.0,0.0,-0.0,30.0,10.244,9.756,9.756,8.0,0.0,0.0,30.0,23.299,23.299,23.299,0.0,0.0,0.0,31.0
14.2853,0,approach,-90.0,11.8,-49.663,-90.0,-52.0,204.0,75.0,-4.984,33.0,-100.0,-100.0,-100.0,8.0,0.0,-0.117,31.0,-100.0,-100.0,-100.0,-24.0,1.0,-0.0,30.0,-88.533,-88.0,-88.0,-32.0,2.0,-0.0,31.0,-100.0,-100.0,-100.0,-8.0,0.0,-0.0,30.0,10.244,9.756,9.756,8.0,0.0,0.0,30.0,23.299,23.299,23.299,0.0,0.0,0.0,31.0
14.3385,0,approach,-90.0,11.8,-49.843,-90.0,-52.214,204.0,75.0,-4.139,33.0,-99.82,-100.0,-100.0,8.0,0.0,1.354,31.0,-100.0,-100.0,-100.0,-24.0,1.0,-0.0,30.0,-88.533,-88.0,-88.0,-32.0,2.0,-0.0,31.0,-100.0,-100.0,-100.0,-8.0,0.0,-0.0,30.0,10.244,9.756,9.756,8.0,0.0,0.0,30.0,23.299,23.299,23.299,0.0,0.0,0.0,31.0
14.3918,0,approach,-90.0,11.8,-50.112,-90.0,-52.43,204.0,75.0,-5.055,33.0,-99.82,-100.0,-100.0,8.0,0.0,0.663,31.0,-100.0,-100.0,-100.0,-24.0,1.0,-0.0,30.0,-88.533,-88.0,-88.0,-32.0,2.0,-0.0,31.0,-100.0,-100.0,-100.0,-8.0,0.0,-0.0,30.0,10.244,9.756,9.756,8.0,0.0,0.0,30.0,23.299,23.299,23.299,0.0,0.0,0.0,31.0
14.4448,0,approach,-90.0,11.8,-50.202,-90.0,-52.643,204.0,75.0,-3.186,33.0,-100.0,-100.0,-100.0,8.0,0.0,-1.703,31.0,-100.0,-100.0,-100.0,-24.0,1.0,-0.0,30.0,-88.533,-88.0,-88.0,-32.0,2.0,-0.0,31.0,-100.0,-100.0,-100.0,-8.0,0.0,-0.0,30.0,10.244,9.756,9.756,8.0,0.0,0.0,30.0,23.299,23.299,23.299,0.0,0.0,0.0,31.0
14.4968,0,approach,-90.0,11.8,-50.382,-90.0,-52.856,204.0,75.0,-3.289,33.0,-100.0,-100.0,-100.0,8.0,0.0,-0.835,31.0,-100.0,-100.0,-100.0,-24.0,1.0,-0.0,30.0,-88.533,-88.0,-88.0,-32.0,2.0,-0.0,31.0,-100.0,-100.0,-100.0,-8.0,0.0,-0.0,30.0,10.244,9.756,9.756,8.0,0.0,0.0,30.0,23.299,23.299,23.299,0.0,0.0,0.0,31.0
14.5491,0,approach,-90.0,11.8,-50.562,-90.0,-53.068,204.0,75.0,-3.612,33.0,-99.82,-100.0,-100.0,8.0,0.0,1.596,31.0,-100.0,-100.0,-100.0,-24.0,1.0,-0.0,30.0,-88.533,-88.0,-88.0,-32.0,2.0,-0.0,31.0,-100.0,-100.0,-100.0,-8.0,0.0,-0.0,30.0,10.244,9.756,9.756,8.0,0.0,0.0,30.0,23.299,23.299,23.299,0.0,0.0,0.0,31.0
14.6022,0,approach,-90.0,11.8,-51.011,-90.0,-53.284,204.0,75.0,-5.743,33.0,-99.82,-100.0,-100.0,8.0,0.0,0.782,31.0,-100.0,-100.0,-100.0,-24.0,1.0,-0.0,30.0,-88.533,-88.0,-88.0,-32.0,2.0,-0.0,31.0,-100.0,-100.0,-100.0,-8.0,0.0,-0.0,30.0,10.244,9.756,9.756,8.0,0.0,0.0,30.0,23.299,23.299,23.299,0.0,0.0,0.0,31.0
14.6554,0,approach,-90.0,11.8,-51.191,-90.0,-53.506,204.0,75.0,-4.53,33.0,-99.82,-100.0,-100.0,8.0,0.0,0.383,31.0,-100.0,-100.0,-100.0,-24.0,1.0,-0.0,30.0,-88.533,-88.0,-88.0,-32.0,2.0,-0.0,31.0,-100.0,-100.0,-100.0,-8.0,0.0,-0.0,30.0,10.244,9.756,9.756,8.0,0.0,0.0,30.0,23.299,23.299,23.299,0.0,0.0,0.0,31.0
14.7082,0,approach,-90.0,11.8,-51.281,-90.0,-53.721,204.0,75.0,-3.211,33.0,-99.82,-100.0,-100.0,8.0,0.0,0.188,31.0,-100.0,-100.0,-100.0,-24.0,1.0,-0.0,30.0,-88.533,-88.0,-88.0,-32.0,2.0,-0.0,31.0,-100.0,-100.0,-100.0,-8.0,0.0,-0.0,30.0,10.244,9.756,9.756,8.0,0.0,0.0,30.0,23.299,23.299,23.299,0.0,0.0,0.0,31.0
14.761,0,approach,-90.0,11.8,-51.281,-90.0,-53.956,212.0,81.0,-3.211,33.0,-99.82,-100.0,-100.0,0.0,0.0,0.188,31.0,-100.0,-100.0,-100.0,-24.0,1.0,-0.0,30.0,-88.533,-88.0,-88.0,-32.0,2.0,-0.0,31.0,-100.0,-100.0,-100.0,-8.0,0.0,-0.0,30.0,10.244,9.756,9.756,8.0,0.0,0.0,30.0,23.299,23.299,23.299,0.0,0.0,0.0,31.0
14.8143,0,approach,-90.0,11.8,-51.551,-90.0,-54.072,212.0,81.0,-3.191,33.0,-100.0,-100.0,-100.0,0.0,0.0,-0.532,31.0,-100.0,-100.0,-100.0,-24.0,1.0,-0.0,30.0,-88.533,-88.0,-88.0,-32.0,2.0,-0.0,31.0,-100.0,-100.0,-100.0,-8.0,0.0,-0.0,30.0,10.244,9.756,9.756,8.0,0.0,0.0,30.0,23.299,23.299,23.299,0.0,0.0,0.0,31.0
14.867,0,approach,-90.0,11.8,-51.73,-90.0,-54.298,212.0,81.0,-2.831,33.0,-99.82,-100.0,-100.0,0.0,0.0,1.734,31.0,-100.0,-100.0,-100.0,-24.0,1.0,-0.0,30.0,-88.533,-88.0,-88.0,-32.0,2.0,-0.0,31.0,-100.0,-100.0,-100.0,-8.0,0.0,-0.0,30.0,10.244,9.756,9.756,8.0,0.0,0.0,30.0,23.299,23.299,23.299,0.0,0.0,0.0,31.0
14.9204,0,approach,-90.0,11.8,-51.91,-90.0,-54.514,212.0,81.0,-3.112,33.0,-99.82,-100.0,-100.0,0.0,0.0,0.85,31.0,-100.0,-100.0,-100.0,-24.0,1.0,-0.0,30.0,-88.533,-88.0,-88.0,-32.0,2.0,-0.0,31.0,-100.0,-100.0,-100.0,-8.0,0.0,-0.0,30.0,10.244,9.756,9.756,8.0,0.0,0.0,30.0,23.299,23.299,23.299,0.0,0.0,0.0,31.0
14.9735,0,approach,-90.0,11.8,-52.27,-90.0,-54.726,212.0,81.0,-5.574,33.0,-99.82,-100.0,-100.0,0.0,0.0,0.416,31.0,-100.0,-100.0,-100.0,-24.0,1.0,-0.0,30.0,-88.533,-88.0,-88.0,-32.0,2.0,-0.0,31.0,-100.0,-100.0,-100.0,-8.0,0.0,-0.0,30.0,10.244,9.756,9.756,8.0,0.0,0.0,30.0,23.299,23.299,23.299,0.0,0.0,0.0,31.0
15.0263,0,approach,-90.0,11.8,-52.629,-90.0,-54.941,212.0,81.0,-5.845,33.0,-99.82,-100.0,-100.0,0.0,0.0,0.204,31.0,-100.0,-100.0,-100.0,-24.0,1.0,-0.0,30.0,-88.533,-88.0,-88.0,-32.0,2.0,-0.0,31.0,-100.0,-100.0,-100.0,-8.0,0.0,-0.0,30.0,10.244,9.756,9.756,8.0,0.0,0.0,30.0,23.299,23.299,23.299,0.0,0.0,0.0,31.0
15.0788,0,approach,-90.0,11.8,-52.719,-90.0,-55.156,212.0,81.0,-3.859,33.0,-99.82,-100.0,-100.0,0.0,0.0,0.1,31.0,-100.0,-100.0,-100.0,-24.0,1.0,-0.0,30.0,-88.533,-88.0,-88.0,-32.0,2.0,-0.0,31.0,-100.0,-100.0,-100.0,-8.0,0.0,-0.0,30.0,10.244,9.756,9.756,8.0,0.0,0.0,30.0,23.299,23.299,23.299,0.0,0.0,0.0,31.0
15.1321,0,approach,-90.0,11.8,-52.989,-90.0,-55.374,212.0,81.0,-4.864,33.0,-99.82,-100.0,-100.0,0.0,0.0,0.049,31.0,-100.0,-100.0,-100.0,-24.0,1.0,-0.0,30.0,-88.533,-88.0,-88.0,-32.0,2.0,-0.0,31.0,-100.0,-100.0,-100.0,-8.0,0.0,-0.0,30.0,10.244,9.756,9.756,8.0,0.0,0.0,30.0,23.299,23.299,23.299,0.0,0.0,0.0,31.0
15.1855,0,approach,-90.0,11.8,-53.079,-90.0,-55.589,212.0,81.0,-3.087,33.0,-99.82,-100.0,-100.0,0.0,0.0,0.024,31.0,-100.0,-100.0,-100.0,-24.0,1.0,-0.0,30.0,-88.533,-88.0,-88.0,-32.0,2.0,-0.0,31.0,-100.0,-100.0,-100.0,-8.0,0.0,-0.0,30.0,10.244,9.756,9.756,8.0,0.0,0.0,30.0,23.299,23.299,23.299,0.0,0.0,0.0,31.0
15.2384,0,approach,-90.0,11.8,-53.258,-90.0,-55.805,212.0,81.0,-3.22,33.0,-100.0,-100.0,-100.0,0.0,0.0,-1.997,31.0,-100.0,-100.0,-100.0,-24.0,1.0,-0.0,30.0,-88.533,-88.0,-88.0,-32.0,2.0,-0.0,31.0,-100.0,-100.0,-100.0,-8.0,0.0,-0.0,30.0,10.244,9.756,9.756,8.0,0.0,0.0,30.0,23.299,23.299,23.299,0.0,0.0,0.0,31.0
15.2928,0,approach,-90.0,11.8,-53.438,-90.0,-56.02,212.0,81.0,-3.286,33.0,-100.0,-100.0,-100.0,0.0,0.0,-0.979,31.0,-100.0,-100.0,-100.0,-24.0,1.0,-0.0,30.0,-88.533,-88.0,-88.0,-32.0,2.0,-0.0,31.0,-100.0,-100.0,-100.0,-8.0,0.0,-0.0,30.0,10.244,9.756,9.756,8.0,0.0,0.0,30.0,23.299,23.299,23.299,0.0,0.0,0.0,31.0
15.346,0,approach,-90.0,11.8,-53.798,-90.0,-56.261,208.0,75.0,-4.089,33.0,-99.82,-100.0,-100.0,0.0,0.0,0.212,31.0,-100.0,-100.0,-100.0,-24.0,1.0,-0.0,30.0,-88.533,-88.0,-88.0,-32.0,2.0,-0.0,31.0,-100.0,-100.0,-100.0,-8.0,0.0,-0.0,30.0,10.244,9.756,9.756,8.0,0.0,0.0,30.0,23.299,23.299,23.299,0.0,0.0,0.0,31.0
15.3989,0,approach,-90.0,11.8,-53.978,-90.0,-56.475,208.0,75.0,-4.039,33.0,-99.82,-100.0,-100.0,0.0,0.0,0.104,31.0,-100.0,-100.0,-100.0,-24.0,1.0,-0.0,30.0,-88.533,-88.0,-88.0,-32.0,2.0,-0.0,31.0,-100.0,-100.0,-100.0,-8.0,0.0,-0.0,30.0,10.244,9.756,9.756,8.0,0.0,0.0,30.0,23.299,23.299,23.299,0.0,0.0,0.0,31.0
15.4521,0,approach,-90.0,11.8,-54.067,-90.0,-56.689,208.0,75.0,-2.676,33.0,-99.82,-100.0,-100.0,0.0,0.0,0.051,31.0,-100.0,-100.0,-100.0,-24.0,1.0,-0.0,30.0,-88.533,-88.0,-88.0,-32.0,2.0,-0.0,31.0,-100.0,-100.0,-100.0,-8.0,0.0,-0.0,30.0,10.244,9.756,9.756,8.0,0.0,0.0,30.0,23.299,23.299,23.299,0.0,0.0,0.0,31.0
15.504,0,approach,-90.0,11.8,-54.067,-90.0,-56.905,208.0,75.0,-1.311,33.0,-99.82,-100.0,-100.0,0.0,0.0,0.025,31.0,-100.0,-100.0,-100.0,-24.0,1.0,-0.0,30.0,-88.533,-88.0,-88.0,-32.0,2.0,-0.0,31.0,-100.0,-100.0,-100.0,-8.0,0.0,-0.0,30.0,10.244,9.756,9.756,8.0,0.0,0.0,30.0,23.299,23.299,23.299,0.0,0.0,0.0,31.0
15.5574,0,approach,-90.0,11.8,-54.337,-90.0,-57.12,208.0,75.0,-3.338,33.0,-99.82,-100.0,-100.0,0.0,0.0,0.012,31.0,-100.0,-100.0,-100.0,-24.0,1.0,-0.0,30.0,-88.533,-88.0,-88.0,-32.0,2.0,-0.0,31.0,-100.0,-100.0,-100.0,-8.0,0.0,-0.0,30.0,10.244,9.756,9.756,8.0,0.0,0.0,30.0,23.299,23.299,23.299,0.0,0.0,0.0,31.0
15.6099,0,approach,-90.0,11.8,-54.517,-90.0,-57.338,208.0,75.0,-4.325,33.0,-99.82,-100.0,-100.0,0.0,0.0,0.009,31.0,-100.0,-100.0,-100.0,-24.0,1.0,-0.0,30.0,-88.533,-88.0,-88.0,-32.0,2.0,-0.0,31.0,-100.0,-100.0,-100.0,-8.0,0.0,-0.0,30.0,10.244,9.756,9.756,8.0,0.0,0.0,30.0,23.299,23.299,23.299,0.0,0.0,0.0,31.0
15.6634,0,approach,-90.0,11.8,-54.697,-90.0,-57.564,208.0,75.0,-3.753,33.0,-99.82,-100.0,-100.0,0.0,0.0,0.004,31.0,-100.0,-100.0,-100.0,-24.0,1.0,-0.0,30.0,-88.533,-88.0,-88.0,-32.0,2.0,-0.0,31.0,-100.0,-100.0,-100.0,-8.0,0.0,-0.0,30.0,10.244,9.756,9.756,8.0,0.0,0.0,30.0,23.299,23.299,23.299,0.0,0.0,0.0,31.0
15.7164,0,approach,-90.0,11.8,-55.146,-90.0,-57.682,208.0,75.0,-6.553,33.0,-99.82,-100.0,-100.0,0.0,0.0,0.002,31.0,-100.0,-100.0,-100.0,-24.0,1.0,-0.0,30.0,-88.533,-88.0,-88.0,-32.0,2.0,-0.0,31.0,-100.0,-100.0,-100.0,-8.0,0.0,-0.0,30.0,10.244,9.756,9.756,8.0,0.0,0.0,30.0,23.299,23.299,23.299,0.0,0.0,0.0,31.0
15.769,0,approach,-90.0,11.8,-55.506,-90.0,-57.907,208.0,75.0,-6.48,33.0,-99.82,-100.0,-100.0,0.0,0.0,0.001,31.0,-100.0,-100.0,-100.0,-24.0,1.0,-0.0,30.0,-88.533,-88.0,-88.0,-32.0,2.0,-0.0,31.0,-100.0,-100.0,-100.0,-8.0,0.0,-0.0,30.0,10.244,9.756,9.756,8.0,0.0,0.0,30.0,23.299,23.299,23.299,0.0,0.0,0.0,31.0
15.8221,0,approach,-90.0,11.8,-55.506,-90.0,-58.123,208.0,75.0,-3.175,33.0,-99.82,-100.0,-100.0,0.0,0.0,0.0,31.0,-100.0,-100.0,-100.0,-24.0,1.0,-0.0,30.0,-88.533,-88.0,-88.0,-32.0,2.0,-0.0,31.0,-100.0,-100.0,-100.0,-8.0,0.0,-0.0,30.0,10.244,9.756,9.756,8.0,0.0,0.0,30.0,23.299,23.299,23.299,0.0,0.0,0.0,31.0
15.8753,0,approach,-90.0,11.8,-55.775,-90.0,-58.338,208.0,75.0,-4.557,33.0,-99.82,-100.0,-100.0,0.0,0.0,0.0,31.0,-100.0,-100.0,-100.0,-24.0,1.0,-0.0,30.0,-88.533,-88.0,-88.0,-32.0,2.0,-0.0,31.0,-100.0,-100.0,-100.0,-8.0,0.0,-0.0,30.0,10.244,9.756,9.756,8.0,0.0,0.0,30.0,23.299,23.299,23.299,0.0,0.0,0.0,31.0
15.9287,0,approach,-90.0,11.8,-55.865,-90.0,-58.577,228.0,88.0,-3.642,33.0,-99.82,-100.0,-100.0,8.0,0.0,0.0,31.0,-100.0,-100.0,-100.0,-24.0,1.0,-0.0,30.0,-88.533,-88.0,-88.0,-32.0,2.0,-0.0,31.0,-100.0,-100.0,-100.0,-8.0,0.0,-0.0,30.0,10.244,9.756,9.756,8.0,0.0,0.0,30.0,23.299,23.299,23.299,0.0,0.0,0.0,31.0
15.9822,0,approach,-90.0,11.8,-55.955,-90.0,-58.791,228.0,88.0,-2.496,33.0,-99.82,-100.0,-100.0,8.0,0.0,0.0,31.0,-100.0,-100.0,-100.0,-24.0,1.0,-0.0,30.0,-88.533,-88.0,-88.0,-32.0,2.0,-0.0,31.0,-100.0,-100.0,-100.0,-8.0,0.0,-0.0,30.0,10.244,9.756,9.756,8.0,0.0,0.0,30.0,23.299,23.299,23.299,0.0,0.0,0.0,31.0
16.0352,0,approach,-90.0,11.8,-56.135,-90.0,-59.005,228.0,88.0,-2.632,33.0,-99.82,-100.0,-100.0,8.0,0.0,0.0,31.0,-100.0,-100.0,-100.0,-24.0,1.0,-0.0,30.0,-88.533,-88.0,-88.0,-32.0,2.0,-0.0,31.0,-100.0,-100.0,-100.0,-8.0,0.0,-0.0,30.0,10.244,9.756,9.756,8.0,0.0,0.0,30.0,23.299,23.299,23.299,0.0,0.0,0.0,31.0
16.0885,0,approach,-90.0,11.8,-56.674,-90.0,-59.221,228.0,88.0,-6.703,33.0,-99.82,-100.0,-100.0,8.0,0.0,0.0,31.0,-100.0,-100.0,-100.0,-24.0,1.0,-0.0,30.0,-88.533,-88.0,-88.0,-32.0,2.0,-0.0,31.0,-100.0,-100.0,-100.0,-8.0,0.0,-0.0,30.0,10.244,9.756,9.756,8.0,0.0,0.0,30.0,23.299,23.299,23.299,0.0,0.0,0.0,31.0
16.1415,0,approach,-90.0,11.8,-56.854,-90.0,-59.435,228.0,88.0,-4.982,33.0,-99.82,-100.0,-100.0,8.0,0.0,0.0,31.0,-100.0,-100.0,-100.0,-24.0,1.0,-0.0,30.0,-88.533,-88.0,-88.0,-32.0,2.0,-0.0,31.0,-100.0,-100.0,-100.0,-8.0,0.0,-0.0,30.0,10.244,9.756,9.756,8.0,0.0,0.0,30.0,23.299,23.299,23.299,0.0,0.0,0.0,31.0
16.1947,0,approach,-90.0,11.8,-56.944,-90.0,-59.653,228.0,88.0,-3.134,33.0,-99.82,-100.0,-100.0,8.0,0.0,0.0,31.0,-100.0,-100.0,-100.0,-24.0,1.0,-0.0,30.0,-88.533,-88.0,-88.0,-32.0,2.0,-0.0,31.0,-100.0,-100.0,-100.0,-8.0,0.0,-0.0,30.0,10.244,9.756,9.756,8.0,0.0,0.0,30.0,23.299,23.299,23.299,0.0,0.0,0.0,31.0
16.2481,0,approach,-90.0,11.8,-57.213,-90.0,-59.867,228.0,88.0,-4.52,33.0,-99.82,-100.0,-100.0,8.0,0.0,0.0,31.0,-100.0,-100.0,-100.0,-24.0,1.0,-0.0,30.0,-88.533,-88.0,-88.0,-32.0,2.0,-0.0,31.0,-100.0,-100.0,-100.0,-8.0,0.0,-0.0,30.0,10.244,9.756,9.756,8.0,0.0,0.0,30.0,23.299,23.299,23.299,0.0,0.0,0.0,31.0
16.3024,0,approach,-90.0,11.8,-57.393,-90.0,-60.082,228.0,88.0,-3.622,33.0,-99.82,-100.0,-100.0,8.0,0.0,0.0,31.0,-100.0,-100.0,-100.0,-24.0,1.0,-0.0,30.0,-88.533,-88.0,-88.0,-32.0,2.0,-0.0,31.0,-100.0,-100.0,-100.0,-8.0,0.0,-0.0,30.0,10.244,9.756,9.756,8.0,0.0,0.0,30.0,23.299,23.299,23.299,0.0,0.0,0.0,31.0
16.3561,0,approach,-90.0,11.8,-57.573,-90.0,-60.297,228.0,88.0,-3.476,33.0,-99.82,-100.0,-100.0,8.0,0.0,0.0,31.0,-100.0,-100.0,-100.0,-24.0,1.0,-0.0,30.0,-88.533,-88.0,-88.0,-32.0,2.0,-0.0,31.0,-100.0,-100.0,-100.0,-8.0,0.0,-0.0,30.0,10.244,9.756,9.756,8.0,0.0,0.0,30.0,23.299,23.299,23.299,0.0,0.0,0.0,31.0
16.4095,0,approach,-90.0,11.8,-57.843,-90.0,-60.513,228.0,88.0,-4.719,33.0,-99.82,-100.0,-100.0,8.0,0.0,0.0,31.0,-100.0,-100.0,-100.0,-24.0,1.0,-0.0,30.0,-88.533,-88.0,-88.0,-32.0,2.0,-0.0,31.0,-100.0,-100.0,-100.0,-8.0,0.0,-0.0,30.0,10.244,9.756,9.756,8.0,0.0,0.0,30.0,23.299,23.299,23.299,0.0,0.0,0.0,31.0
16.4627,0,approach,-90.0,11.8,-58.112,-90.0,-60.621,220.0,80.0,-6.317,33.0,-99.82,-100.0,-100.0,8.0,0.0,0.0,31.0,-100.0,-100.0,-100.0,-24.0,1.0,-0.0,30.0,-88.533,-88.0,-88.0,-32.0,2.0,-0.0,31.0,-100.0,-100.0,-100.0,-8.0,0.0,-0.0,30.0,10.244,9.756,9.756,8.0,0.0,0.0,30.0,23.299,23.299,23.299,0.0,0.0,0.0,31.0
16.5162,0,approach,-90.0,11.8,-58.292,-90.0,-60.956,220.0,80.0,-3.758,33.0,-99.82,-100.0,-100.0,8.0,0.0,0.0,31.0,-100.0,-100.0,-100.0,-24.0,1.0,-0.0,30.0,-88.533,-88.0,-88.0,-32.0,2.0,-0.0,31.0,-100.0,-100.0,-100.0,-8.0,0.0,-0.0,30.0,10.244,9.756,9.756,8.0,0.0,0.0,30.0,23.299,23.299,23.299,0.0,0.0,0.0,31.0
16.569,0,approach,-90.0,11.8,-58.382,-90.0,-61.173,220.0,80.0,-3.624,33.0,-99.82,-100.0,-100.0,8.0,0.0,0.0,31.0,-100.0,-100.0,-100.0,-24.0,1.0,-0.0,30.0,-88.533,-88.0,-88.0,-32.0,2.0,-0.0,31.0,-100.0,-100.0,-100.0,-8.0,0.0,-0.0,30.0,10.244,9.756,9.756,8.0,0.0,0.0,30.0,23.299,23.299,23.299,0.0,0.0,0.0,31.0
16.6226,0,approach,-90.0,11.8,-58.382,-90.0,-61.404,220.0,80.0,-1.776,33.0,-99.82,-100.0,-100.0,8.0,0.0,0.0,31.0,-100.0,-100.0,-100.0,-24.0,1.0,-0.0,30.0,-88.533,-88.0,-88.0,-32.0,2.0,-0.0,31.0,-100.0,-100.0,-100.0,-8.0,0.0,-0.0,30.0,10.244,9.756,9.756,8.0,0.0,0.0,30.0,23.299,23.299,23.299,0.0,0.0,0.0,31.0
16.6752,0,approach,-90.0,11.8,-58.382,-90.0,-61.518,220.0,80.0,-0.87,33.0,-99.82,-100.0,-100.0,8.0,0.0,0.0,31.0,-100.0,-100.0,-100.0,-24.0,1.0,-0.0,30.0,-88.533,-88.0,-88.0,-32.0,2.0,-0.0,31.0,-100.0,-100.0,-100.0,-8.0,0.0,-0.0,30.0,10.244,9.756,9.756,8.0,0.0,0.0,30.0,23.299,23.299,23.299,0.0,0.0,0.0,31.0
16.7286,0,approach,-90.0,11.8,-58.831,-90.0,-61.741,220.0,80.0,-4.775,33.0,-99.82,-100.0,-100.0,8.0,0.0,0.0,31.0,-100.0,-100.0,-100.0,-24.0,1.0,-0.0,30.0,-88.533,-88.0,-88.0,-32.0,2.0,-0.0,31.0,-100.0,-100.0,-100.0,-8.0,0.0,-0.0,30.0,10.244,9.756,9.756,8.0,0.0,0.0,30.0,23.299,23.299,23.299,0.0,0.0,0.0,31.0
16.7821,0,approach,-90.0,11.8,-59.011,-90.0,-61.955,220.0,80.0,-4.061,33.0,-99.82,-100.0,-100.0,8.0,0.0,0.0,31.0,-100.0,-100.0,-100.0,-24.0,1.0,-0.0,30.0,-88.533,-88.0,-88.0,-32.0,2.0,-0.0,31.0,-100.0,-100.0,-100.0,-8.0,0.0,-0.0,30.0,10.244,9.756,9.756,8.0,0.0,0.0,30.0,23.299,23.299,23.299,0.0,0.0,0.0,31.0
16.8357,0,approach,-90.0,11.8,-59.551,-90.0,-62.17,220.0,80.0,-7.718,33.0,-99.82,-100.0,-100.0,8.0,0.0,0.0,31.0,-100.0,-100.0,-100.0,-24.0,1.0,-0.0,30.0,-88.533,-88.0,-88.0,-32.0,2.0,-0.0,31.0,-100.0,-100.0,-100.0,-8.0,0.0,-0.0,30.0,10.244,9.756,9.756,8.0,0.0,0.0,30.0,23.299,23.299,23.299,0.0,0.0,0.0,31.0
16.8882,0,approach,-90.0,11.8,-59.82,-90.0,-62.385,220.0,80.0,-6.185,33.0,-99.82,-100.0,-100.0,8.0,0.0,0.0,31.0,-100.0,-100.0,-100.0,-24.0,1.0,-0.0,30.0,-88.533,-88.0,-88.0,-32.0,2.0,-0.0,31.0,-100.0,-100.0,-100.0,-8.0,0.0,-0.0,30.0,10.244,9.756,9.756,8.0,0.0,0.0,30.0,23.299,23.299,23.299,0.0,0.0,0.0,31.0
16.9417,0,approach,-90.0,11.8,-60.0,-90.0,-62.599,220.0,80.0,-4.736,33.0,-99.82,-100.0,-100.0,8.0,0.0,0.0,31.0,-100.0,-100.0,-100.0,-24.0,1.0,-0.0,30.0,-88.533,-88.0,-88.0,-32.0,2.0,-0.0,31.0,-100.0,-100.0,-100.0,-8.0,0.0,-0.0,30.0,10.244,9.756,9.756,8.0,0.0,0.0,30.0,23.299,23.299,23.299,0.0,0.0,0.0,31.0
16.9957,0,approach,-90.0,11.8,-60.18,-90.0,-62.816,220.0,80.0,-4.015,33.0,-99.82,-100.0,-100.0,8.0,0.0,0.0,31.0,-100.0,-100.0,-100.0,-24.0,1.0,-0.0,30.0,-88.533,-88.0,-88.0,-32.0,2.0,-0.0,31.0,-100.0,-100.0,-100.0,-8.0,0.0,-0.0,30.0,10.244,9.756,9.756,8.0,0.0,0.0,30.0,23.299,23.299,23.299,0.0,0.0,0.0,31.0
17.0491,0,approach,-90.0,11.8,-60.27,-90.0,-62.923,236.0,100.0,-3.827,33.0,-99.82,-100.0,-100.0,8.0,0.0,0.0,31.0,-100.0,-100.0,-100.0,-24.0,1.0,-0.0,30.0,-88.533,-88.0,-88.0,-32.0,2.0,-0.0,31.0,-100.0,-100.0,-100.0,-8.0,0.0,-0.0,30.0,10.244,9.756,9.756,8.0,0.0,0.0,30.0,23.299,23.299,23.299,0.0,0.0,0.0,31.0
17.1023,0,approach,-90.0,11.8,-60.449,-90.0,-63.259,236.0,100.0,-3.882,33.0,-99.82,-100.0,-100.0,8.0,0.0,0.0,31.0,-100.0,-100.0,-100.0,-24.0,1.0,-0.0,30.0,-88.533,-88.0,-88.0,-32.0,2.0,-0.0,31.0,-100.0,-100.0,-100.0,-8.0,0.0,-0.0,30.0,10.244,9.756,9.756,8.0,0.0,0.0,30.0,23.299,23.299,23.299,0.0,0.0,0.0,31.0
17.1555,0,approach,-90.0,11.8,-60.809,-90.0,-63.473,236.0,100.0,-5.331,33.0,-99.82,-100.0,-100.0,8.0,0.0,0.0,31.0,-100.0,-100.0,-100.0,-24.0,1.0,-0.0,30.0,-88.533,-88.0,-88.0,-32.0,2.0,-0.0,31.0,-100.0,-100.0,-100.0,-8.0,0.0,-0.0,30.0,10.244,9.756,9.756,8.0,0.0,0.0,30.0,23.299,23.299,23.299,0.0,0.0,0.0,31.0
17.2086,0,approach,-90.0,11.8,-61.079,-90.0,-63.69,236.0,100.0,-4.986,33.0,-99.82,-100.0,-100.0,8.0,0.0,0.0,31.0,-100.0,-100.0,-100.0,-24.0,1.0,-0.0,30.0,-88.533,-88.0,-88.0,-32.0,2.0,-0.0,31.0,-100.0,-100.0,-100.0,-8.0,0.0,-0.0,30.0,10.244,9.756,9.756,8.0,0.0,0.0,30.0,23.299,23.299,23.299,0.0,0.0,0.0,31.0
17.2609,0,approach,-90.0,11.8,-61.258,-90.0,-63.905,236.0,100.0,-4.154,33.0,-99.82,-100.0,-100.0,8.0,0.0,0.0,31.0,-100.0,-100.0,-100.0,-24.0,1.0,-0.0,30.0,-88.533,-88.0,-88.0,-32.0,2.0,-0.0,31.0,-100.0,-100.0,-100.0,-8.0,0.0,-0.0,30.0,10.244,9.756,9.756,8.0,0.0,0.0,30.0,23.299,23.299,23.299,0.0,0.0,0.0,31.0
17.3153,0,approach,-90.0,11.8,-61.258,-90.0,-64.122,236.0,100.0,-2.036,33.0,-99.82,-100.0,-100.0,8.0,0.0,0.0,31.0,-100.0,-100.0,-100.0,-24.0,1.0,-0.0,30.0,-88.533,-88.0,-88.0,-32.0,2.0,-0.0,31.0,-100.0,-100.0,-100.0,-8.0,0.0,-0.0,30.0,10.244,9.756,9.756,8.0,0.0,0.0,30.0,23.299,23.299,23.299,0.0,0.0,0.0,31.0
17.3687,0,approach,-90.0,11.8,-61.258,-90.0,-64.337,236.0,100.0,-0.997,33.0,-99.82,-100.0,-100.0,8.0,0.0,0.0,31.0,-100.0,-100.0,-100.0,-24.0,1.0,-0.0,30.0,-88.533,-88.0,-88.0,-32.0,2.0,-0.0,31.0,-100.0,-100.0,-100.0,-8.0,0.0,-0.0,30.0,10.244,9.756,9.756,8.0,0.0,0.0,30.0,23.299,23.299,23.299,0.0,0.0,0.0,31.0
17.4218,0,approach,-90.0,11.8,-61.258,-90.0,-64.553,236.0,100.0,-0.489,33.0,-99.82,-100.0,-100.0,8.0,0.0,0.0,31.0,-100.0,-100.0,-100.0,-24.0,1.0,-0.0,30.0,-88.533,-88.0,-88.0,-32.0,2.0,-0.0,31.0,-100.0,-100.0,-100.0,-8.0,0.0,-0.0,30.0,10.244,9.756,9.756,8.0,0.0,0.0,30.0,23.299,23.299,23.299,0.0,0.0,0.0,31.0
17.4752,0,approach,-90.0,11.8,-61.708,-90.0,-64.767,236.0,100.0,-4.069,33.0,-99.82,-100.0,-100.0,8.0,0.0,0.0,31.0,-100.0,-100.0,-100.0,-24.0,1.0,-0.0,30.0,-88.533,-88.0,-88.0,-32.0,2.0,-0.0,31.0,-100.0,-100.0,-100.0,-8.0,0.0,-0.0,30.0,10.244,9.756,9.756,8.0,0.0,0.0,30.0,23.299,23.299,23.299,0.0,0.0,0.0,31.0
17.5284,0,approach,-90.0,11.8,-62.157,-90.0,-64.982,236.0,100.0,-6.666,33.0,-99.82,-100.0,-100.0,8.0,0.0,0.0,31.0,-100.0,-100.0,-100.0,-24.0,1.0,-0.0,30.0,-88.533,-88.0,-88.0,-32.0,2.0,-0.0,31.0,-100.0,-100.0,-100.0,-8.0,0.0,-0.0,30.0,10.244,9.756,9.756,8.0,0.0,0.0,30.0,23.299,23.299,23.299,0.0,0.0,0.0,31.0
17.5816,0,approach,-90.0,11.8,-62.607,-90.0,-65.197,236.0,100.0,-7.428,33.0,-99.82,-100.0,-100.0,8.0,0.0,0.0,31.0,-100.0,-100.0,-100.0,-24.0,1.0,-0.0,30.0,-88.533,-88.0,-88.0,-32.0,2.0,-0.0,31.0,-100.0,-100.0,-100.0,-8.0,0.0,-0.0,30.0,10.244,9.756,9.756,8.0,0.0,0.0,30.0,23.299,23.299,23.299,0.0,0.0,0.0,31.0
17.6347,0,approach,-90.0,11.7,-62.697,-90.0,-65.433,224.0,88.0,-5.655,33.0,-99.82,-100.0,-100.0,8.0,0.0,0.0,31.0,-100.0,-100.0,-100.0,-24.0,1.0,-0.0,30.0,-88.533,-88.0,-88.0,-32.0,2.0,-0.0,31.0,-100.0,-100.0,-100.0,-8.0,0.0,-0.0,30.0,10.244,9.756,9.756,8.0,0.0,0.0,30.0,23.299,23.299,23.299,0.0,0.0,0.0,31.0
17.6876,0,approach,-90.0,11.7,-62.697,-90.0,-65.65,224.0,88.0,-3.958,33.0,-99.82,-100.0,-100.0,8.0,0.0,0.0,31.0,-100.0,-100.0,-100.0,-24.0,1.0,-0.0,30.0,-88.533,-88.0,-88.0,-32.0,2.0,-0.0,31.0,-100.0,-100.0,-100.0,-8.0,0.0,-0.0,30.0,10.244,9.756,9.756,8.0,0.0,0.0,30.0,23.299,23.299,23.299,0.0,0.0,0.0,31.0
17.7411,0,approach,-90.0,11.7,-62.876,-90.0,-65.875,224.0,88.0,-3.949,33.0,-99.82,-100.0,-100.0,8.0,0.0,0.0,31.0,-100.0,-100.0,-100.0,-24.0,1.0,-0.0,30.0,-88.533,-88.0,-88.0,-32.0,2.0,-0.0,31.0,-100.0,-100.0,-100.0,-8.0,0.0,-0.0,30.0,10.244,9.756,9.756,8.0,0.0,0.0,30.0,23.299,23.299,23.299,0.0,0.0,0.0,31.0
17.7941,0,approach,-90.0,11.7,-62.876,-90.0,-65.992,224.0,88.0,-1.935,33.0,-99.82,-100.0,-100.0,8.0,0.0,0.0,31.0,-100.0,-100.0,-100.0,-24.0,1.0,-0.0,30.0,-88.533,-88.0,-88.0,-32.0,2.0,-0.0,31.0,-100.0,-100.0,-100.0,-8.0,0.0,-0.0,30.0,10.244,9.756,9.756,8.0,0.0,0.0,30.0,23.299,23.299,23.299,0.0,0.0,0.0,31.0
17.8474,0,approach,-90.0,11.7,-63.146,-90.0,-66.207,224.0,88.0,-3.655,33.0,-99.82,-100.0,-100.0,8.0,0.0,0.0,31.0,-100.0,-100.0,-100.0,-24.0,1.0,-0.0,30.0,-88.533,-88.0,-88.0,-32.0,2.0,-0.0,31.0,-100.0,-100.0,-100.0,-8.0,0.0,-0.0,30.0,10.244,9.756,9.756,8.0,0.0,0.0,30.0,23.299,23.299,23.299,0.0,0.0,0.0,31.0
17.9013,0,approach,-90.0,11.7,-63.326,-90.0,-66.429,224.0,88.0,-3.099,33.0,-99.82,-100.0,-100.0,8.0,0.0,0.0,31.0,-100.0,-100.0,-100.0,-24.0,1.0,-0.0,30.0,-88.533,-88.0,-88.0,-32.0,2.0,-0.0,31.0,-100.0,-100.0,-100.0,-8.0,0.0,-0.0,30.0,10.244,9.756,9.756,8.0,0.0,0.0,30.0,23.299,23.299,23.299,0.0,0.0,0.0,31.0
17.9539,0,approach,-90.0,11.7,-63.955,-90.0,-66.648,224.0,88.0,-7.251,33.0,-99.82,-100.0,-100.0,8.0,0.0,0.0,31.0,-100.0,-100.0,-100.0,-24.0,1.0,-0.0,30.0,-88.533,-88.0,-88.0,-32.0,2.0,-0.0,31.0,-100.0,-100.0,-100.0,-8.0,0.0,-0.0,30.0,10.244,9.756,9.756,8.0,0.0,0.0,30.0,23.299,23.299,23.299,0.0,0.0,0.0,31.0
18.0074,0,approach,-90.0,11.7,-64.045,-90.0,-66.862,224.0,88.0,-4.262,33.0,-99.82,-100.0,-100.0,8.0,0.0,0.0,31.0,-100.0,-100.0,-100.0,-24.0,1.0,-0.0,30.0,-88.533,-88.0,-88.0,-32.0,2.0,-0.0,31.0,-100.0,-100.0,-100.0,-8.0,0.0,-0.0,30.0,10.244,9.756,9.756,8.0,0.0,0.0,30.0,23.299,23.299,23.299,0.0,0.0,0.0,31.0
18.0605,0,approach,-90.0,11.7,-64.135,-90.0,-67.075,224.0,88.0,-2.791,33.0,-99.82,-100.0,-100.0,8.0,0.0,0.0,31.0,-100.0,-100.0,-100.0,-24.0,1.0,-0.0,30.0,-88.533,-88.0,-88.0,-32.0,2.0,-0.0,31.0,-100.0,-100.0,-100.0,-8.0,0.0,-0.0,30.0,10.244,9.756,9.756,8.0,0.0,0.0,30.0,23.299,23.299,23.299,0.0,0.0,0.0,31.0
18.1138,0,approach,-90.0,11.7,-64.135,-90.0,-67.288,224.0,88.0,-1.367,33.0,-99.82,-100.0,-100.0,8.0,0.0,0.0,31.0,-100.0,-100.0,-100.0,-24.0,1.0,-0.0,30.0,-88.533,-88.0,-88.0,-32.0,2.0,-0.0,31.0,-100.0,-100.0,-100.0,-8.0,0.0,-0.0,30.0,10.244,9.756,9.756,8.0,0.0,0.0,30.0,23.299,23.299,23.299,0.0,0.0,0.0,31.0
18.1659,0,approach,-90.0,11.7,-64.135,-90.0,-67.5,224.0,88.0,-0.67,33.0,-99.82,-100.0,-100.0,8.0,0.0,0.0,31.0,-100.0,-100.0,-100.0,-24.0,1.0,-0.0,30.0,-88.533,-88.0,-88.0,-32.0,2.0,-0.0,31.0,-100.0,-100.0,-100.0,-8.0,0.0,-0.0,30.0,10.244,9.756,9.756,8.0,0.0,0.0,30.0,23.299,23.299,23.299,0.0,0.0,0.0,31.0
18.2193,0,approach,-90.0,11.7,-64.494,-90.0,-67.737,296.0,157.0,-2.278,33.0,-99.82,-100.0,-100.0,8.0,0.0,0.0,31.0,-100.0,-100.0,-100.0,-24.0,1.0,-0.0,30.0,-88.533,-88.0,-88.0,-32.0,1.0,-0.0,31.0,-100.0,-100.0,-100.0,-8.0,0.0,-0.0,30.0,10.244,9.756,9.756,8.0,0.0,0.0,30.0,23.299,23.299,23.299,0.0,0.0,0.0,31.0
18.2721,0,approach,-90.0,11.7,-64.764,-90.0,-67.95,296.0,157.0,-3.554,33.0,-99.82,-100.0,-100.0,8.0,0.0,0.0,31.0,-100.0,-100.0,-100.0,-24.0,1.0,-0.0,30.0,-88.533,-88.0,-88.0,-32.0,1.0,-0.0,31.0,-100.0,-100.0,-100.0,-8.0,0.0,-0.0,30.0,10.244,9.756,9.756,8.0,0.0,0.0,30.0,23.299,23.299,23.299,0.0,0.0,0.0,31.0
18.3249,0,approach,-90.0,11.7,-65.393,-90.0,-68.164,296.0,157.0,-7.843,33.0,-99.82,-100.0,-100.0,8.0,0.0,0.0,31.0,-100.0,-100.0,-100.0,-24.0,1.0,-0.0,30.0,-88.533,-88.0,-88.0,-32.0,1.0,-0.0,31.0,-100.0,-100.0,-100.0,-8.0,0.0,-0.0,30.0,10.244,9.756,9.756,8.0,0.0,0.0,30.0,23.299,23.299,23.299,0.0,0.0,0.0,31.0
18.3786,0,approach,-90.0,11.7,-65.573,-90.0,-68.378,296.0,157.0,-5.57,33.0,-99.82,-100.0,-100.0,8.0,0.0,0.0,31.0,-100.0,-100.0,-100.0,-24.0,1.0,-0.0,30.0,-88.533,-88.0,-88.0,-32.0,1.0,-0.0,31.0,-100.0,-100.0,-100.0,-8.0,0.0,-0.0,30.0,10.244,9.756,9.756,8.0,0.0,0.0,30.0,23.299,23.299,23.299,0.0,0.0,0.0,31.0
18.4317,0,approach,-90.0,11.7,-65.843,-90.0,-68.592,296.0,157.0,-5.753,33.0,-99.82,-100.0,-100.0,8.0,0.0,0.0,31.0,-100.0,-100.0,-100.0,-24.0,1.0,-0.0,30.0,-88.533,-88.0,-88.0,-32.0,1.0,-0.0,31.0,-100.0,-100.0,-100.0,-8.0,0.0,-0.0,30.0,10.244,9.756,9.756,8.0,0.0,0.0,30.0,23.299,23.299,23.299,0.0,0.0,0.0,31.0
18.4839,0,approach,-90.0,11.7,-65.933,-90.0,-68.808,296.0,157.0,-3.512,33.0,-99.82,-100.0,-100.0,8.0,0.0,0.0,31.0,-100.0,-100.0,-100.0,-24.0,1.0,-0.0,30.0,-88.533,-88.0,-88.0,-32.0,1.0,-0.0,31.0,-100.0,-100.0,-100.0,-8.0,0.0,-0.0,30.0,10.244,9.756,9.756,8.0,0.0,0.0,30.0,23.299,23.299,23.299,0.0,0.0,0.0,31.0
18.5373,0,approach,-90.0,11.7,-65.933,-90.0,-69.025,296.0,157.0,-1.721,33.0,-99.82,-100.0,-100.0,8.0,0.0,0.0,31.0,-100.0,-100.0,-100.0,-24.0,1.0,-0.0,30.0,-88.533,-88.0,-88.0,-32.0,1.0,-0.0,31.0,-100.0,-100.0,-100.0,-8.0,0.0,-0.0,30.0,10.244,9.756,9.756,8.0,0.0,0.0,30.0,23.299,23.299,23.299,0.0,0.0,0.0,31.0
18.5907,0,approach,-90.0,11.7,-66.112,-90.0,-69.239,296.0,157.0,-2.561,33.0,-99.82,-100.0,-100.0,8.0,0.0,0.0,31.0,-100.0,-100.0,-100.0,-24.0,1.0,-0.0,30.0,-88.533,-88.0,-88.0,-32.0,1.0,-0.0,31.0,-100.0,-100.0,-100.0,-8.0,0.0,-0.0,30.0,10.244,9.756,9.756,8.0,0.0,0.0,30.0,23.299,23.299,23.299,0.0,0.0,0.0,31.0
18.6432,0,approach,-90.0,11.7,-66.472,-90.0,-69.454,296.0,157.0,-4.912,33.0,-99.82,-100.0,-100.0,8.0,0.0,0.0,31.0,-100.0,-100.0,-100.0,-24.0,1.0,-0.0,30.0,-88.533,-88.0,-88.0,-32.0,1.0,-0.0,31.0,-100.0,-100.0,-100.0,-8.0,0.0,-0.0,30.0,10.244,9.756,9.756,8.0,0.0,0.0,30.0,23.299,23.299,23.299,0.0,0.0,0.0,31.0
18.6965,0,approach,-90.0,11.7,-66.831,-90.0,-69.67,296.0,157.0,-5.823,33.0,-99.82,-100.0,-100.0,8.0,0.0,0.0,31.0,-100.0,-100.0,-100.0,-24.0,1.0,-0.0,30.0,-88.533,-88.0,-88.0,-32.0,1.0,-0.0,31.0,-100.0,-100.0,-100.0,-8.0,0.0,-0.0,30.0,10.244,9.756,9.756,8.0,0.0,0.0,30.0,23.299,23.299,23.299,0.0,0.0,0.0,31.0
18.7496,0,approach,-90.0,11.7,-66.921,-90.0,-69.777,296.0,157.0,-5.083,33.0,-99.82,-100.0,-100.0,8.0,0.0,0.0,31.0,-100.0,-100.0,-100.0,-24.0,1.0,-0.0,30.0,-88.533,-88.0,-88.0,-32.0,1.0,-0.0,31.0,-100.0,-100.0,-100.0,-8.0,0.0,-0.0,30.0,10.244,9.756,9.756,8.0,0.0,0.0,30.0,23.299,23.299,23.299,0.0,0.0,0.0,31.0
18.803,0,approach,-90.0,11.7,-67.011,-90.0,-70.123,248.0,109.0,-4.01,33.0,-99.82,-100.0,-100.0,8.0,0.0,0.0,31.0,-100.0,-100.0,-100.0,-24.0,1.0,-0.0,30.0,-88.533,-88.0,-88.0,-32.0,2.0,-0.0,31.0,-100.0,-100.0,-100.0,-8.0,0.0,-0.0,30.0,10.244,9.756,9.756,8.0,0.0,0.0,30.0,23.299,23.299,23.299,0.0,0.0,0.0,31.0
18.8564,0,approach,-90.0,11.7,-67.191,-90.0,-70.24,248.0,109.0,-3.957,33.0,-99.82,-100.0,-100.0,8.0,0.0,0.0,31.0,-100.0,-100.0,-100.0,-24.0,1.0,-0.0,30.0,-88.533,-88.0,-88.0,-32.0,2.0,-0.0,31.0,-100.0,-100.0,-100.0,-8.0,0.0,-0.0,30.0,10.244,9.756,9.756,8.0,0.0,0.0,30.0,23.299,23.299,23.299,0.0,0.0,0.0,31.0
18.9095,0,approach,-90.0,11.7,-67.371,-90.0,-70.468,248.0,109.0,-3.214,33.0,-99.82,-100.0,-100.0,8.0,0.0,0.0,31.0,-100.0,-100.0,-100.0,-24.0,1.0,-0.0,30.0,-88.533,-88.0,-88.0,-32.0,2.0,-0.0,31.0,-100.0,-100.0,-100.0,-8.0,0.0,-0.0,30.0,10.244,9.756,9.756,8.0,0.0,0.0,30.0,23.299,23.299,23.299,0.0,0.0,0.0,31.0
18.962,0,approach,-90.0,11.7,-67.551,-90.0,-70.685,248.0,109.0,-3.271,33.0,-99.82,-100.0,-100.0,8.0,0.0,0.0,31.0,-100.0,-100.0,-100.0,-24.0,1.0,-0.0,30.0,-88.533,-88.0,-88.0,-32.0,2.0,-0.0,31.0,-100.0,-100.0,-100.0,-8.0,0.0,-0.0,30.0,10.244,9.756,9.756,8.0,0.0,0.0,30.0,23.299,23.299,23.299,0.0,0.0,0.0,31.0
19.0155,0,approach,-90.0,11.7,-67.64,-90.0,-70.901,248.0,109.0,-2.591,33.0,-99.82,-100.0,-100.0,8.0,0.0,0.0,31.0,-100.0,-100.0,-100.0,-24.0,1.0,-0.0,30.0,-88.533,-88.0,-88.0,-32.0,2.0,-0.0,31.0,-100.0,-100.0,-100.0,-8.0,0.0,-0.0,30.0,10.244,9.756,9.756,8.0,0.0,0.0,30.0,23.299,23.299,23.299,0.0,0.0,0.0,31.0
19.0682,0,approach,-90.0,11.7,-68.18,-90.0,-71.117,248.0,109.0,-5.795,33.0,-99.82,-100.0,-100.0,8.0,0.0,0.0,31.0,-100.0,-100.0,-100.0,-24.0,1.0,-0.0,30.0,-88.533,-88.0,-88.0,-32.0,2.0,-0.0,31.0,-100.0,-100.0,-100.0,-8.0,0.0,-0.0,30.0,10.244,9.756,9.756,8.0,0.0,0.0,30.0,23.299,23.299,23.299,0.0,0.0,0.0,31.0
19.1214,0,approach,-90.0,11.7,-68.36,-90.0,-71.333,248.0,109.0,-4.231,33.0,-99.82,-100.0,-100.0,8.0,0.0,0.0,31.0,-100.0,-100.0,-100.0,-24.0,1.0,-0.0,30.0,-88.533,-88.0,-88.0,-32.0,2.0,-0.0,31.0,-100.0,-100.0,-100.0,-8.0,0.0,-0.0,30.0,10.244,9.756,9.756,8.0,0.0,0.0,30.0,23.299,23.299,23.299,0.0,0.0,0.0,31.0
19.1745,0,approach,-90.0,11.7,-68.449,-90.0,-71.545,248.0,109.0,-2.783,33.0,-99.82,-100.0,-100.0,8.0,0.0,0.0,31.0,-100.0,-100.0,-100.0,-24.0,1.0,-0.0,30.0,-88.533,-88.0,-88.0,-32.0,2.0,-0.0,31.0,-100.0,-100.0,-100.0,-8.0,0.0,-0.0,30.0,10.244,9.756,9.756,8.0,0.0,0.0,30.0,23.299,23.299,23.299,0.0,0.0,0.0,31.0
19.2276,0,approach,-90.0,11.7,-68.719,-90.0,-71.76,248.0,109.0,-4.076,33.0,-99.82,-100.0,-100.0,8.0,0.0,0.0,31.0,-100.0,-100.0,-100.0,-24.0,1.0,-0.0,30.0,-88.533,-88.0,-88.0,-32.0,2.0,-0.0,31.0,-100.0,-100.0,-100.0,-8.0,0.0,-0.0,30.0,10.244,9.756,9.756,8.0,0.0,0.0,30.0,23.299,23.299,23.299,0.0,0.0,0.0,31.0
19.2806,0,approach,-90.0,11.7,-68.809,-90.0,-71.973,248.0,109.0,-2.708,33.0,-99.82,-100.0,-100.0,8.0,0.0,0.0,31.0,-100.0,-100.0,-100.0,-24.0,1.0,-0.0,30.0,-88.533,-88.0,-88.0,-32.0,2.0,-0.0,31.0,-100.0,-100.0,-100.0,-8.0,0.0,-0.0,30.0,10.244,9.756,9.756,8.0,0.0,0.0,30.0,23.299,23.299,23.299,0.0,0.0,0.0,31.0
19.3348,0,approach,-90.0,11.7,-68.989,-90.0,-72.081,276.0,136.0,-3.908,33.0,-99.82,-100.0,-100.0,8.0,0.0,0.0,31.0,-100.0,-100.0,-100.0,-24.0,1.0,-0.0,30.0,-88.533,-88.0,-88.0,-32.0,2.0,-0.0,31.0,-100.0,-100.0,-100.0,-8.0,0.0,-0.0,30.0,10.244,9.756,9.756,8.0,0.0,0.0,31.0,23.299,23.299,23.299,0.0,0.0,0.0,31.0
19.3878,0,approach,-90.0,11.7,-69.438,-90.0,-72.414,276.0,136.0,-4.934,33.0,-99.82,-100.0,-100.0,8.0,0.0,0.0,31.0,-100.0,-100.0,-100.0,-24.0,1.0,-0.0,30.0,-88.533,-88.0,-88.0,-32.0,2.0,-0.0,31.0,-100.0,-100.0,-100.0,-8.0,0.0,-0.0,30.0,10.244,9.756,9.756,8.0,0.0,0.0,31.0,23.299,23.299,23.299,0.0,0.0,0.0,31.0
19.4406,0,approach,-90.0,11.7,-69.798,-90.0,-72.629,276.0,136.0,-5.525,33.0,-99.82,-100.0,-100.0,8.0,0.0,0.0,31.0,-100.0,-100.0,-100.0,-24.0,1.0,-0.0,30.0,-88.533,-88.0,-88.0,-32.0,2.0,-0.0,31.0,-100.0,-100.0,-100.0,-8.0,0.0,-0.0,30.0,10.244,9.756,9.756,8.0,0.0,0.0,31.0,23.299,23.299,23.299,0.0,0.0,0.0,31.0
19.4932,0,approach,-90.0,11.7,-69.888,-90.0,-72.844,276.0,136.0,-3.711,33.0,-99.82,-100.0,-100.0,8.0,0.0,0.0,31.0,-100.0,-100.0,-100.0,-24.0,1.0,-0.0,30.0,-88.533,-88.0,-88.0,-32.0,2.0,-0.0,31.0,-100.0,-100.0,-100.0,-8.0,0.0,-0.0,30.0,10.244,9.756,9.756,8.0,0.0,0.0,31.0,23.299,23.299,23.299,0.0,0.0,0.0,31.0
19.5464,0,approach,-90.0,11.7,-69.888,-90.0,-73.062,276.0,136.0,-1.818,33.0,-99.82,-100.0,-100.0,8.0,0.0,0.0,31.0,-100.0,-100.0,-100.0,-24.0,1.0,-0.0,30.0,-88.533,-88.0,-88.0,-32.0,2.0,-0.0,31.0,-100.0,-100.0,-100.0,-8.0,0.0,-0.0,30.0,10.244,9.756,9.756,8.0,0.0,0.0,31.0,23.299,23.299,23.299,0.0,0.0,0.0,31.0
19.5998,0,approach,-90.0,11.7,-70.157,-90.0,-73.277,276.0,136.0,-3.284,33.0,-99.82,-100.0,-100.0,8.0,0.0,0.0,31.0,-100.0,-100.0,-100.0,-24.0,1.0,-0.0,30.0,-88.533,-88.0,-88.0,-32.0,2.0,-0.0,31.0,-100.0,-100.0,-100.0,-8.0,0.0,-0.0,30.0,10.244,9.756,9.756,8.0,0.0,0.0,31.0,23.299,23.299,23.299,0.0,0.0,0.0,31.0
19.6531,0,approach,-90.0,11.7,-70.247,-90.0,-73.494,276.0,136.0,-2.298,33.0,-99.82,-100.0,-100.0,8.0,0.0,0.0,31.0,-100.0,-100.0,-100.0,-24.0,1.0,-0.0,30.0,-88.533,-88.0,-88.0,-32.0,2.0,-0.0,31.0,-100.0,-100.0,-100.0,-8.0,0.0,-0.0,30.0,10.244,9.756,9.756,8.0,0.0,0.0,31.0,23.299,23.299,23.299,0.0,0.0,0.0,31.0
19.7065,0,approach,-90.0,11.7,-70.427,-90.0,-73.707,276.0,136.0,-2.848,33.0,-99.82,-100.0,-100.0,8.0,0.0,0.0,31.0,-100.0,-100.0,-100.0,-24.0,1.0,-0.0,30.0,-88.533,-88.0,-88.0,-32.0,2.0,-0.0,31.0,-100.0,-100.0,-100.0,-8.0,0.0,-0.0,30.0,10.244,9.756,9.756,8.0,0.0,0.0,31.0,23.299,23.299,23.299,0.0,0.0,0.0,31.0
19.7595,0,approach,-90.0,11.7,-70.876,-90.0,-73.921,276.0,136.0,-6.121,33.0,-99.82,-100.0,-100.0,8.0,0.0,0.0,31.0,-100.0,-100.0,-100.0,-24.0,1.0,-0.0,30.0,-88.533,-88.0,-88.0,-32.0,2.0,-0.0,31.0,-100.0,-100.0,-100.0,-8.0,0.0,-0.0,30.0,10.244,9.756,9.756,8.0,0.0,0.0,31.0,23.299,23.299,23.299,0.0,0.0,0.0,31.0
19.8126,0,approach,-90.0,11.7,-71.146,-90.0,-74.138,276.0,136.0,-5.693,33.0,-99.82,-100.0,-100.0,8.0,0.0,0.0,31.0,-100.0,-100.0,-100.0,-24.0,1.0,-0.0,30.0,-88.533,-88.0,-88.0,-32.0,2.0,-0.0,31.0,-100.0,-100.0,-100.0,-8.0,0.0,-0.0,30.0,10.244,9.756,9.756,8.0,0.0,0.0,31.0,23.299,23.299,23.299,0.0,0.0,0.0,31.0
19.8657,0,approach,-90.0,11.7,-71.236,-90.0,-74.352,276.0,136.0,-3.498,33.0,-99.82,-100.0,-100.0,8.0,0.0,0.0,31.0,-100.0,-100.0,-100.0,-24.0,1.0,-0.0,30.0,-88.533,-88.0,-88.0,-32.0,2.0,-0.0,31.0,-100.0,-100.0,-100.0,-8.0,0.0,-0.0,30.0,10.244,9.756,9.756,8.0,0.0,0.0,31.0,23.299,23.299,23.299,0.0,0.0,0.0,31.0
19.9187,0,approach,-90.0,11.7,-71.236,-90.0,-74.586,276.0,131.0,-3.498,33.0,-99.82,-100.0,-100.0,8.0,0.0,0.0,31.0,-100.0,-100.0,-100.0,-24.0,1.0,-0.0,30.0,-88.533,-88.0,-88.0,-32.0,2.0,-0.0,31.0,-100.0,-100.0,-100.0,-8.0,0.0,-0.0,30.0,10.244,9.756,9.756,8.0,0.0,0.0,30.0,23.299,23.299,23.299,0.0,0.0,0.0,31.0
19.9722,0,approach,-90.0,11.7,-71.236,-90.0,-74.703,276.0,131.0,-1.714,33.0,-99.82,-100.0,-100.0,8.0,0.0,0.0,31.0,-100.0,-100.0,-100.0,-24.0,1.0,-0.0,30.0,-88.533,-88.0,-88.0,-32.0,2.0,-0.0,31.0,-100.0,-100.0,-100.0,-8.0,0.0,-0.0,30.0,10.244,9.756,9.756,8.0,0.0,0.0,30.0,23.299,23.299,23.299,0.0,0.0,0.0,31.0
20.0256,0,approach,-90.0,11.7,-71.596,-90.0,-74.932,276.0,131.0,-4.857,33.0,-99.82,-100.0,-100.0,8.0,0.0,0.0,31.0,-100.0,-100.0,-100.0,-24.0,1.0,-0.0,30.0,-88.533,-88.0,-88.0,-32.0,2.0,-0.0,31.0,-100.0,-100.0,-100.0,-8.0,0.0,-0.0,30.0,10.244,9.756,9.756,8.0,0.0,0.0,30.0,23.299,23.299,23.299,0.0,0.0,0.0,31.0
20.0781,0,approach,-90.0,11.7,-71.775,-90.0,-75.149,276.0,131.0,-4.07,33.0,-99.82,-100.0,-100.0,8.0,0.0,0.0,31.0,-100.0,-100.0,-100.0,-24.0,1.0,-0.0,30.0,-88.533,-88.0,-88.0,-32.0,2.0,-0.0,31.0,-100.0,-100.0,-100.0,-8.0,0.0,-0.0,30.0,10.732,9.756,9.756,8.0,0.0,3.797,30.0,23.299,23.299,23.299,0.0,0.0,0.0,31.0
20.1315,0,approach,-90.0,11.7,-72.045,-90.0,-75.365,276.0,131.0,-4.717,33.0,-99.82,-100.0,-100.0,8.0,0.0,0.0,31.0,-100.0,-100.0,-100.0,-24.0,1.0,-0.0,30.0,-88.533,-88.0,-88.0,-32.0,2.0,-0.0,31.0,-100.0,-100.0,-100.0,-8.0,0.0,-0.0,30.0,10.732,9.756,9.756,8.0,0.0,1.861,30.0,23.299,23.299,23.299,0.0,0.0,0.0,31.0
20.1845,0,approach,-90.0,11.7,-72.584,-90.0,-75.578,276.0,131.0,-7.176,33.0,-99.82,-100.0,-100.0,8.0,0.0,0.0,31.0,-100.0,-100.0,-100.0,-24.0,1.0,-0.0,30.0,-88.533,-88.0,-88.0,-32.0,2.0,-0.0,31.0,-100.0,-100.0,-100.0,-8.0,0.0,-0.0,30.0,10.732,9.756,9.756,8.0,0.0,0.912,30.0,23.299,23.299,23.299,0.0,0.0,0.0,31.0
20.2369,0,approach,-90.0,11.7,-72.674,-90.0,-75.791,276.0,131.0,-4.226,33.0,-99.82,-100.0,-100.0,8.0,0.0,0.0,31.0,-100.0,-100.0,-100.0,-24.0,1.0,-0.0,30.0,-88.533,-88.0,-88.0,-32.0,2.0,-0.0,31.0,-100.0,-100.0,-100.0,-8.0,0.0,-0.0,30.0,10.732,9.756,9.756,8.0,0.0,0.447,30.0,23.299,23.299,23.299,0.0,0.0,0.0,31.0
20.2898,0,approach,-90.0,11.7,-72.674,-90.0,-76.005,276.0,131.0,-2.071,33.0,-99.82,-100.0,-100.0,8.0,0.0,0.0,31.0,-100.0,-100.0,-100.0,-24.0,1.0,-0.0,30.0,-88.533,-88.0,-88.0,-32.0,2.0,-0.0,31.0,-100.0,-100.0,-100.0,-8.0,0.0,-0.0,30.0,10.732,9.756,9.756,8.0,0.0,0.219,30.0,23.299,23.299,23.299,0.0,0.0,0.0,31.0
20.3435,0,approach,-90.0,11.7,-72.674,-90.0,-76.219,276.0,131.0,-1.015,33.0,-99.64,-100.0,-100.0,8.0,0.0,1.985,31.0,-100.0,-100.0,-100.0,-24.0,1.0,-0.0,30.0,-88.533,-88.0,-88.0,-32.0,2.0,-0.0,31.0,-100.0,-100.0,-100.0,-8.0,0.0,-0.0,30.0,10.732,9.756,9.756,8.0,0.0,0.107,30.0,23.299,23.299,23.299,0.0,0.0,0.0,31.0
20.3961,0,approach,-90.0,11.7,-72.674,-90.0,-76.435,276.0,131.0,-0.497,33.0,-99.64,-100.0,-100.0,8.0,0.0,0.973,31.0,-100.0,-100.0,-100.0,-24.0,1.0,-0.0,30.0,-88.533,-88.0,-88.0,-32.0,2.0,-0.0,31.0,-100.0,-100.0,-100.0,-8.0,0.0,-0.0,30.0,10.732,9.756,9.756,8.0,0.0,0.053,30.0,23.299,23.299,23.299,0.0,0.0,0.0,31.0
20.4495,0,approach,-90.0,11.7,-72.944,-90.0,-76.647,276.0,131.0,-3.285,33.0,-99.64,-100.0,-100.0,8.0,0.0,0.477,31.0,-100.0,-100.0,-100.0,-24.0,1.0,-0.0,30.0,-88.533,-88.0,-88.0,-32.0,2.0,-0.0,31.0,-100.0,-100.0,-100.0,-8.0,0.0,-0.0,30.0,10.732,9.756,9.756,8.0,0.0,0.026,30.0,23.299,23.299,23.299,0.0,0.0,0.0,31.0
20.5018,0,approach,-90.0,11.7,-73.303,-90.0,-76.888,308.0,136.0,-4.087,33.0,-99.64,-100.0,-100.0,16.0,0.0,0.334,31.0,-100.0,-100.0,-100.0,-24.0,1.0,-0.0,30.0,-88.533,-88.0,-88.0,-32.0,2.0,-0.0,31.0,-100.0,-100.0,-100.0,-8.0,0.0,-0.0,30.0,10.732,9.756,9.756,16.0,0.0,0.018,31.0,23.299,23.299,23.299,0.0,0.0,0.0,31.0
20.5548,0,approach,-90.0,11.7,-74.022,-90.0,-77.105,308.0,136.0,-9.068,33.0,-99.64,-100.0,-100.0,16.0,0.0,0.163,31.0,-100.0,-100.0,-100.0,-24.0,1.0,-0.0,30.0,-88.533,-88.0,-88.0,-32.0,2.0,-0.0,31.0,-100.0,-100.0,-100.0,-8.0,0.0,-0.0,30.0,10.732,9.756,9.756,16.0,0.0,0.009,31.0,23.299,23.299,23.299,0.0,0.0,0.0,31.0
20.6081,0,approach,-90.0,11.7,-74.202,-90.0,-77.32,308.0,136.0,-6.15,33.0,-99.64,-100.0,-100.0,16.0,0.0,0.08,31.0,-100.0,-100.0,-100.0,-24.0,1.0,-0.0,30.0,-88.533,-88.0,-88.0,-32.0,2.0,-0.0,31.0,-100.0,-100.0,-100.0,-8.0,0.0,-0.0,30.0,10.732,9.756,9.756,16.0,0.0,0.004,31.0,23.299,23.299,23.299,0.0,0.0,0.0,31.0
20.6613,0,approach,-90.0,11.7,-74.562,-90.0,-77.534,308.0,136.0,-6.134,33.0,-99.64,-100.0,-100.0,16.0,0.0,0.039,31.0,-100.0,-100.0,-100.0,-24.0,1.0,-0.0,30.0,-88.533,-88.0,-88.0,-32.0,2.0,-0.0,31.0,-100.0,-100.0,-100.0,-8.0,0.0,-0.0,30.0,10.732,9.756,9.756,16.0,0.0,0.002,31.0,23.505,23.299,23.299,0.0,0.0,2.314,31.0
20.7143,0,approach,-90.0,11.7,-74.652,-90.0,-77.749,308.0,136.0,-4.024,33.0,-99.64,-100.0,-100.0,16.0,0.0,0.019,31.0,-100.0,-100.0,-100.0,-24.0,1.0,-0.0,30.0,-88.533,-88.0,-88.0,-32.0,2.0,-0.0,31.0,-100.0,-100.0,-100.0,-8.0,0.0,-0.0,30.0,10.732,9.756,9.756,16.0,0.0,0.001,31.0,23.299,23.299,23.299,0.0,0.0,-1.203,31.0
20.7676,0,approach,-90.0,11.7,-74.652,-90.0,-77.962,308.0,136.0,-1.972,33.0,-99.64,-100.0,-100.0,16.0,0.0,0.009,31.0,-100.0,-100.0,-100.0,-24.0,1.0,-0.0,30.0,-88.533,-88.0,-88.0,-32.0,2.0,-0.0,31.0,-100.0,-100.0,-100.0,-8.0,0.0,-0.0,30.0,10.732,9.756,9.756,16.0,0.0,0.001,31.0,23.299,23.299,23.299,0.0,0.0,-0.59,31.0
20.82,0,approach,-90.0,11.7,-74.652,-90.0,-78.18,308.0,136.0,-1.38,33.0,-99.64,-100.0,-100.0,16.0,0.0,0.007,31.0,-100.0,-100.0,-100.0,-24.0,1.0,-0.0,30.0,-88.533,-88.0,-88.0,-32.0,2.0,-0.0,31.0,-100.0,-100.0,-100.0,-8.0,0.0,-0.0,30.0,10.732,9.756,9.756,16.0,0.0,0.0,31.0,23.299,23.299,23.299,0.0,0.0,-0.413,31.0
20.8735,0,approach,-90.0,11.7,-74.742,-90.0,-78.404,308.0,136.0,-1.317,33.0,-99.64,-100.0,-100.0,16.0,0.0,0.003,31.0,-100.0,-100.0,-100.0,-24.0,1.0,-0.0,30.0,-88.533,-88.0,-88.0,-32.0,2.0,-0.0,31.0,-100.0,-100.0,-100.0,-8.0,0.0,-0.0,30.0,10.732,9.756,9.756,16.0,0.0,0.0,31.0,23.299,23.299,23.299,0.0,0.0,-0.202,31.0
20.9265,0,approach,-90.0,11.7,-75.191,-90.0,-78.627,308.0,136.0,-4.962,33.0,-99.64,-100.0,-100.0,16.0,0.0,0.002,31.0,-100.0,-100.0,-100.0,-24.0,1.0,-0.0,30.0,-88.533,-88.0,-88.0,-32.0,2.0,-0.0,31.0,-100.0,-100.0,-100.0,-8.0,0.0,-0.0,30.0,10.732,9.756,9.756,16.0,0.0,0.0,31.0,23.299,23.299,23.299,0.0,0.0,-0.099,31.0
20.9799,0,approach,-90.0,11.7,-75.461,-90.0,-78.744,308.0,136.0,-5.081,33.0,-99.64,-100.0,-100.0,16.0,0.0,0.001,31.0,-100.0,-100.0,-100.0,-24.0,1.0,-0.0,30.0,-88.533,-88.0,-88.0,-32.0,2.0,-0.0,31.0,-100.0,-100.0,-100.0,-8.0,0.0,-0.0,30.0,10.732,9.756,9.756,16.0,0.0,0.0,31.0,23.299,23.299,23.299,0.0,0.0,-0.049,31.0
21.0334,0,approach,-90.0,11.7,-75.551,-90.0,-78.96,308.0,136.0,-3.488,33.0,-99.64,-100.0,-100.0,16.0,0.0,0.0,31.0,-100.0,-100.0,-100.0,-24.0,1.0,-0.0,30.0,-88.533,-88.0,-88.0,-32.0,2.0,-0.0,31.0,-100.0,-100.0,-100.0,-8.0,0.0,-0.0,30.0,10.732,9.756,9.756,16.0,0.0,0.0,31.0,23.299,23.299,23.299,0.0,0.0,-0.024,31.0
21.0867,0,approach,-90.0,11.7,-75.91,-90.0,-79.203,300.0,158.0,-4.235,33.0,-99.64,-100.0,-100.0,16.0,0.0,0.0,31.0,-100.0,-100.0,-100.0,-24.0,1.0,-0.0,30.0,-88.533,-88.0,-88.0,-32.0,2.0,-0.0,31.0,-100.0,-100.0,-100.0,-8.0,0.0,-0.0,30.0,10.732,9.756,9.756,16.0,0.0,0.0,30.0,23.299,23.299,23.299,0.0,0.0,-0.017,31.0
21.1404,0,approach,-90.0,11.7,-76.18,-90.0,-79.417,300.0,158.0,-5.074,33.0,-99.64,-100.0,-100.0,16.0,0.0,0.0,31.0,-100.0,-100.0,-100.0,-24.0,1.0,-0.0,30.0,-88.533,-88.0,-88.0,-32.0,2.0,-0.0,31.0,-100.0,-100.0,-100.0,-8.0,0.0,-0.0,30.0,10.732,9.756,9.756,16.0,0.0,0.0,30.0,23.299,23.299,23.299,0.0,0.0,-0.008,31.0
21.193,0,approach,-90.0,11.7,-76.18,-90.0,-79.633,300.0,158.0,-2.486,33.0,-99.64,-100.0,-100.0,16.0,0.0,0.0,31.0,-100.0,-100.0,-100.0,-24.0,1.0,-0.0,30.0,-88.533,-88.0,-88.0,-32.0,2.0,-0.0,31.0,-100.0,-100.0,-100.0,-8.0,0.0,-0.0,30.0,10.732,9.756,9.756,16.0,0.0,0.0,30.0,23.299,23.299,23.299,0.0,0.0,-0.004,31.0
21.2468,0,approach,-90.0,11.7,-76.719,-90.0,-79.853,300.0,158.0,-6.561,33.0,-99.64,-100.0,-100.0,16.0,0.0,0.0,31.0,-100.0,-100.0,-100.0,-24.0,1.0,-0.0,30.0,-88.533,-88.0,-88.0,-32.0,2.0,-0.0,31.0,-100.0,-100.0,-100.0,-8.0,0.0,-0.0,30.0,10.732,9.756,9.756,16.0,0.0,0.0,30.0,23.299,23.299,23.299,0.0,0.0,-0.002,31.0
21.299,0,approach,-90.0,11.7,-76.899,-90.0,-80.068,300.0,158.0,-5.229,33.0,-99.64,-100.0,-100.0,16.0,0.0,0.0,31.0,-100.0,-100.0,-100.0,-24.0,1.0,-0.0,30.0,-88.533,-88.0,-88.0,-32.0,2.0,-0.0,31.0,-100.0,-100.0,-100.0,-8.0,0.0,-0.0,30.0,10.732,9.756,9.756,16.0,0.0,0.0,30.0,23.299,23.299,23.299,0.0,0.0,-0.001,31.0
21.3527,0,approach,-90.0,11.7,-76.989,-90.0,-80.287,300.0,158.0,-3.249,33.0,-99.64,-100.0,-100.0,16.0,0.0,0.0,31.0,-100.0,-100.0,-100.0,-24.0,1.0,-0.0,30.0,-88.533,-88.0,-88.0,-32.0,2.0,-0.0,31.0,-100.0,-100.0,-100.0,-8.0,0.0,-0.0,30.0,10.732,9.756,9.756,16.0,0.0,0.0,30.0,23.299,23.299,23.299,0.0,0.0,-0.0,31.0
21.4049,0,approach,-90.0,11.7,-77.079,-90.0,-80.501,300.0,158.0,-2.608,33.0,-99.64,-100.0,-100.0,16.0,0.0,0.0,31.0,-100.0,-100.0,-100.0,-24.0,1.0,-0.0,30.0,-88.533,-88.0,-88.0,-32.0,2.0,-0.0,31.0,-100.0,-100.0,-100.0,-8.0,0.0,-0.0,30.0,10.732,9.756,9.756,16.0,0.0,0.0,30.0,23.299,23.299,23.299,0.0,0.0,-0.0,31.0
21.4577,0,approach,-90.0,11.7,-77.348,-90.0,-80.715,300.0,158.0,-3.689,33.0,-99.64,-100.0,-100.0,16.0,0.0,0.0,31.0,-100.0,-100.0,-100.0,-24.0,1.0,-0.0,30.0,-88.533,-88.0,-88.0,-32.0,2.0,-0.0,31.0,-100.0,-100.0,-100.0,-8.0,0.0,-0.0,30.0,10.732,9.756,9.756,16.0,0.0,0.0,30.0,23.299,23.299,23.299,0.0,0.0,-0.0,31.0
21.5099,0,approach,-90.0,11.7,-77.438,-90.0,-80.929,300.0,158.0,-2.511,33.0,-99.64,-100.0,-100.0,16.0,0.0,0.0,31.0,-100.0,-100.0,-100.0,-24.0,1.0,-0.0,30.0,-88.533,-88.0,-88.0,-32.0,2.0,-0.0,31.0,-100.0,-100.0,-100.0,-8.0,0.0,-0.0,30.0,10.732,9.756,9.756,16.0,0.0,0.0,30.0,23.299,23.299,23.299,0.0,0.0,-0.0,31.0
21.5631,0,approach,-90.0,11.7,-77.618,-90.0,-81.146,300.0,158.0,-2.616,33.0,-99.64,-100.0,-100.0,16.0,0.0,0.0,31.0,-100.0,-100.0,-100.0,-24.0,1.0,-0.0,30.0,-88.533,-88.0,-88.0,-32.0,2.0,-0.0,31.0,-100.0,-100.0,-100.0,-8.0,0.0,-0.0,30.0,10.732,9.756,9.756,16.0,0.0,0.0,30.0,23.299,23.299,23.299,0.0,0.0,-0.0,31.0
21.6167,0,approach,-90.0,11.7,-77.978,-90.0,-81.252,300.0,158.0,-5.848,33.0,-99.64,-100.0,-100.0,16.0,0.0,0.0,31.0,-100.0,-100.0,-100.0,-24.0,1.0,-0.0,30.0,-88.533,-88.0,-88.0,-32.0,2.0,-0.0,31.0,-100.0,-100.0,-100.0,-8.0,0.0,-0.0,30.0,10.732,9.756,9.756,16.0,0.0,0.0,30.0,23.299,23.299,23.299,0.0,0.0,-0.0,31.0
21.6701,0,approach,-90.0,11.7,-78.337,-90.0,-81.599,268.0,109.0,-5.896,33.0,-99.64,-100.0,-100.0,16.0,0.0,0.0,31.0,-100.0,-100.0,-100.0,-24.0,1.0,-0.0,30.0,-88.533,-88.0,-88.0,-32.0,2.0,-0.0,31.0,-100.0,-100.0,-100.0,-8.0,0.0,-0.0,30.0,10.732,9.756,9.756,16.0,0.0,0.0,30.0,23.299,23.299,23.299,0.0,0.0,-0.0,31.0
21.7237,0,approach,-90.0,11.7,-78.427,-90.0,-81.71,268.0,109.0,-3.876,33.0,-99.64,-100.0,-100.0,16.0,0.0,0.0,31.0,-100.0,-100.0,-100.0,-24.0,1.0,-0.0,30.0,-88.533,-88.0,-88.0,-32.0,2.0,-0.0,31.0,-100.0,-100.0,-100.0,-8.0,0.0,-0.0,30.0,10.732,9.756,9.756,16.0,0.0,0.0,30.0,23.299,23.299,23.299,0.0,0.0,-0.0,31.0
21.7771,0,approach,-90.0,11.7,-78.427,-90.0,-81.936,268.0,109.0,-1.899,33.0,-99.64,-100.0,-100.0,16.0,0.0,0.0,31.0,-100.0,-100.0,-100.0,-24.0,1.0,-0.0,30.0,-88.533,-88.0,-88.0,-32.0,2.0,-0.0,31.0,-100.0,-100.0,-100.0,-8.0,0.0,-0.0,30.0,10.732,9.756,9.756,16.0,0.0,0.0,30.0,23.299,23.299,23.299,0.0,0.0,-0.0,31.0
21.8308,0,approach,-90.0,11.7,-78.787,-90.0,-82.151,268.0,109.0,-4.363,33.0,-99.64,-100.0,-100.0,16.0,0.0,0.0,31.0,-100.0,-100.0,-100.0,-24.0,1.0,-0.0,30.0,-88.533,-88.0,-88.0,-32.0,2.0,-0.0,31.0,-100.0,-100.0,-100.0,-8.0,0.0,-0.0,30.0,10.732,9.756,9.756,16.0,0.0,0.0,30.0,23.299,23.299,23.299,0.0,0.0,-0.0,31.0
21.8844,0,approach,-90.0,11.7,-78.876,-90.0,-82.366,268.0,109.0,-3.148,33.0,-99.64,-100.0,-100.0,16.0,0.0,0.0,31.0,-100.0,-100.0,-100.0,-24.0,1.0,-0.0,30.0,-88.533,-88.0,-88.0,-32.0,2.0,-0.0,31.0,-100.0,-100.0,-100.0,-8.0,0.0,-0.0,30.0,10.732,9.756,9.756,16.0,0.0,0.0,30.0,23.299,23.299,23.299,0.0,0.0,-0.0,31.0
21.9375,0,approach,-90.0,11.7,-79.056,-90.0,-82.579,268.0,109.0,-3.532,33.0,-99.64,-100.0,-100.0,16.0,0.0,0.0,31.0,-100.0,-100.0,-100.0,-24.0,1.0,-0.0,30.0,-88.533,-88.0,-88.0,-32.0,2.0,-0.0,31.0,-100.0,-100.0,-100.0,-8.0,0.0,-0.0,30.0,10.732,9.756,9.756,16.0,0.0,0.0,30.0,23.505,23.299,23.299,0.0,0.0,2.281,31.0
21.9907,0,approach,-90.0,11.7,-79.596,-90.0,-82.794,268.0,109.0,-6.858,33.0,-99.64,-100.0,-100.0,16.0,0.0,0.0,31.0,-100.0,-100.0,-100.0,-24.0,1.0,-0.0,30.0,-88.533,-88.0,-88.0,-32.0,2.0,-0.0,31.0,-100.0,-100.0,-100.0,-8.0,0.0,-0.0,30.0,10.732,9.756,9.756,16.0,0.0,0.0,30.0,23.299,23.299,23.299,0.0,0.0,-0.505,31.0
22.0431,0,approach,-90.0,11.7,-79.775,-90.0,-83.01,268.0,109.0,-5.06,33.0,-99.64,-100.0,-100.0,16.0,0.0,0.0,31.0,-100.0,-100.0,-100.0,-24.0,1.0,-0.0,30.0,-88.533,-88.0,-88.0,-32.0,2.0,-0.0,31.0,-100.0,-100.0,-100.0,-8.0,0.0,-0.0,30.0,10.732,9.756,9.756,16.0,0.0,0.0,30.0,23.299,23.299,23.299,0.0,0.0,-0.247,31.0
22.0966,0,approach,-90.0,11.7,-79.865,-90.0,-83.226,268.0,109.0,-3.491,33.0,-99.64,-100.0,-100.0,16.0,0.0,0.0,31.0,-100.0,-100.0,-100.0,-24.0,1.0,-0.0,30.0,-88.533,-88.0,-88.0,-32.0,2.0,-0.0,31.0,-100.0,-100.0,-100.0,-8.0,0.0,-0.0,30.0,10.732,9.756,9.756,16.0,0.0,0.0,30.0,23.299,23.299,23.299,0.0,0.0,-0.121,31.0
22.149,0,approach,-90.0,11.7,-79.865,-90.0,-83.443,268.0,109.0,-1.711,33.0,-99.64,-100.0,-100.0,16.0,0.0,0.0,31.0,-100.0,-100.0,-100.0,-24.0,1.0,-0.0,30.0,-88.533,-88.0,-88.0,-32.0,2.0,-0.0,31.0,-100.0,-100.0,-100.0,-8.0,0.0,-0.0,30.0,10.732,9.756,9.756,16.0,0.0,0.0,30.0,23.299,23.299,23.299,0.0,0.0,-0.059,31.0
22.2023,0,approach,-90.0,11.6,-79.865,-90.0,-83.552,324.0,181.0,-1.197,33.0,-99.64,-100.0,-100.0,16.0,1.0,0.0,31.0,-100.0,-100.0,-100.0,-24.0,1.0,-0.0,30.0,-88.533,-88.0,-88.0,-32.0,2.0,-0.0,31.0,-100.0,-100.0,-100.0,-8.0,0.0,-0.0,30.0,10.732,9.756,9.756,16.0,0.0,0.0,30.0,23.299,23.299,23.299,0.0,0.0,-0.042,31.0
22.2558,0,approach,-90.0,11.6,-79.865,-90.0,-83.888,324.0,181.0,-0.587,33.0,-99.64,-100.0,-100.0,16.0,1.0,0.0,31.0,-100.0,-100.0,-100.0,-24.0,1.0,-0.0,30.0,-88.533,-88.0,-88.0,-32.0,2.0,-0.0,31.0,-100.0,-100.0,-100.0,-8.0,0.0,-0.0,30.0,10.732,9.756,9.756,16.0,0.0,0.0,30.0,23.299,23.299,23.299,0.0,0.0,-0.02,31.0
22.309,0,approach,-90.0,11.6,-80.404,-90.0,-84.1,324.0,181.0,-5.165,33.0,-99.64,-100.0,-100.0,16.0,1.0,0.0,31.0,-100.0,-100.0,-100.0,-24.0,1.0,-0.0,30.0,-88.533,-88.0,-88.0,-32.0,2.0,-0.0,31.0,-100.0,-100.0,-100.0,-8.0,0.0,-0.0,30.0,10.732,9.756,9.756,16.0,0.0,0.0,30.0,23.299,23.299,23.299,0.0,0.0,-0.01,31.0
22.363,0,approach,-90.0,11.6,-80.764,-90.0,-84.315,324.0,181.0,-6.178,33.0,-99.64,-100.0,-100.0,16.0,1.0,0.0,31.0,-100.0,-100.0,-100.0,-24.0,1.0,-0.0,30.0,-88.533,-88.0,-88.0,-32.0,2.0,-0.0,31.0,-100.0,-100.0,-100.0,-8.0,0.0,-0.0,30.0,10.732,9.756,9.756,16.0,0.0,0.0,30.0,23.299,23.299,23.299,0.0,0.0,-0.005,31.0
22.4165,0,approach,-90.0,11.6,-81.303,-90.0,-84.535,324.0,181.0,-7.798,33.0,-99.64,-100.0,-100.0,16.0,1.0,0.0,31.0,-100.0,-100.0,-100.0,-24.0,1.0,-0.0,30.0,-88.533,-88.0,-88.0,-32.0,2.0,-0.0,31.0,-100.0,-100.0,-100.0,-8.0,0.0,-0.0,30.0,10.732,9.756,9.756,16.0,0.0,0.0,30.0,23.299,23.299,23.299,0.0,0.0,-0.002,31.0
22.4698,0,approach,-90.0,11.6,-81.483,-90.0,-84.749,324.0,181.0,-5.814,33.0,-99.64,-100.0,-100.0,16.0,1.0,0.0,31.0,-100.0,-100.0,-100.0,-24.0,1.0,-0.0,30.0,-88.533,-88.0,-88.0,-32.0,2.0,-0.0,31.0,-100.0,-100.0,-100.0,-8.0,0.0,-0.0,30.0,10.732,9.756,9.756,16.0,0.0,0.0,30.0,23.299,23.299,23.299,0.0,0.0,-0.001,31.0
22.522,0,approach,-90.0,11.6,-81.663,-90.0,-84.968,324.0,181.0,-4.228,33.0,-99.64,-100.0,-100.0,16.0,1.0,0.0,31.0,-100.0,-100.0,-100.0,-24.0,1.0,-0.0,30.0,-88.533,-88.0,-88.0,-32.0,2.0,-0.0,31.0,-100.0,-100.0,-100.0,-8.0,0.0,-0.0,30.0,10.732,9.756,9.756,16.0,0.0,0.0,30.0,23.299,23.299,23.299,0.0,0.0,-0.001,31.0
22.5752,0,approach,-90.0,11.6,-81.753,-90.0,-85.184,324.0,181.0,-2.771,33.0,-99.64,-100.0,-100.0,16.0,1.0,0.0,31.0,-100.0,-100.0,-100.0,-24.0,1.0,-0.0,30.0,-88.533,-88.0,-88.0,-32.0,2.0,-0.0,31.0,-100.0,-100.0,-100.0,-8.0,0.0,-0.0,30.0,10.732,9.756,9.756,16.0,0.0,0.0,30.0,23.299,23.299,23.299,0.0,0.0,-0.0,31.0
22.6286,0,approach,-90.0,11.6,-81.753,-90.0,-85.398,324.0,181.0,-1.358,33.0,-99.64,-100.0,-100.0,16.0,1.0,0.0,31.0,-100.0,-100.0,-100.0,-24.0,1.0,-0.0,30.0,-88.533,-88.0,-88.0,-32.0,2.0,-0.0,31.0,-100.0,-100.0,-100.0,-8.0,0.0,-0.0,30.0,10.732,9.756,9.756,16.0,0.0,0.0,30.0,23.299,23.299,23.299,0.0,0.0,-0.0,31.0
22.6809,0,approach,-90.0,11.6,-81.933,-90.0,-85.615,324.0,181.0,-2.063,33.0,-99.64,-100.0,-100.0,16.0,1.0,0.0,31.0,-100.0,-100.0,-100.0,-24.0,1.0,-0.0,30.0,-88.533,-88.0,-88.0,-32.0,2.0,-0.0,31.0,-100.0,-100.0,-100.0,-8.0,0.0,-0.0,30.0,10.732,9.756,9.756,16.0,0.0,0.0,30.0,23.299,23.299,23.299,0.0,0.0,-0.0,31.0
22.7338,0,approach,-90.0,11.6,-82.202,-90.0,-85.829,324.0,181.0,-3.984,33.0,-99.64,-100.0,-100.0,16.0,1.0,0.0,31.0,-100.0,-100.0,-100.0,-24.0,1.0,-0.0,30.0,-88.533,-88.0,-88.0,-32.0,2.0,-0.0,31.0,-100.0,-100.0,-100.0,-8.0,0.0,-0.0,30.0,10.732,9.756,9.756,16.0,0.0,0.0,30.0,23.299,23.299,23.299,0.0,0.0,-0.0,31.0
22.7872,0,approach,-90.0,11.7,-82.202,-90.0,-86.058,296.0,142.0,-3.984,33.0,-99.64,-100.0,-100.0,16.0,0.0,0.0,31.0,-100.0,-100.0,-100.0,-24.0,1.0,-0.0,30.0,-88.533,-88.0,-88.0,-32.0,1.0,-0.0,31.0,-100.0,-100.0,-100.0,-8.0,0.0,-0.0,30.0,10.732,9.756,9.756,16.0,0.0,0.0,30.0,23.299,23.299,23.299,0.0,0.0,-0.0,31.0
22.8403,0,approach,-90.0,11.7,-82.742,-90.0,-86.282,296.0,142.0,-4.544,33.0,-99.64,-100.0,-100.0,16.0,0.0,0.0,31.0,-100.0,-100.0,-100.0,-24.0,1.0,-0.0,30.0,-88.533,-88.0,-88.0,-32.0,1.0,-0.0,31.0,-100.0,-100.0,-100.0,-8.0,0.0,-0.0,30.0,10.732,9.756,9.756,16.0,0.0,0.0,30.0,23.299,23.299,23.299,0.0,0.0,-0.0,31.0
22.8931,0,approach,-90.0,11.7,-83.281,-90.0,-86.389,296.0,142.0,-7.655,33.0,-99.64,-100.0,-100.0,16.0,0.0,0.0,31.0,-100.0,-100.0,-100.0,-24.0,1.0,-0.0,30.0,-88.533,-88.0,-88.0,-32.0,1.0,-0.0,31.0,-100.0,-100.0,-100.0,-8.0,0.0,-0.0,30.0,10.732,9.756,9.756,16.0,0.0,0.0,30.0,23.505,23.299,23.299,0.0,0.0,2.302,31.0
22.9467,0,approach,-90.0,11.7,-83.371,-90.0,-86.615,296.0,142.0,-4.389,33.0,-99.64,-100.0,-100.0,16.0,0.0,0.0,31.0,-100.0,-100.0,-100.0,-24.0,1.0,-0.0,30.0,-88.533,-88.0,-88.0,-32.0,1.0,-0.0,31.0,-100.0,-100.0,-100.0,-8.0,0.0,-0.0,30.0,10.732,9.756,9.756,16.0,0.0,0.0,30.0,23.505,23.299,23.299,0.0,0.0,1.128,31.0
22.9998,0,approach,-90.0,11.7,-83.73,-90.0,-86.828,296.0,142.0,-6.106,33.0,-99.64,-100.0,-100.0,16.0,0.0,0.0,31.0,-100.0,-100.0,-100.0,-24.0,1.0,-0.0,30.0,-88.533,-88.0,-88.0,-32.0,1.0,-0.0,31.0,-100.0,-100.0,-100.0,-8.0,0.0,-0.0,30.0,10.732,9.756,9.756,16.0,0.0,0.0,30.0,23.299,23.299,23.299,0.0,0.0,-1.716,31.0
23.053,0,approach,-90.0,11.7,-84.0,-90.0,-87.046,296.0,142.0,-5.377,33.0,-99.64,-100.0,-100.0,16.0,0.0,0.0,31.0,-100.0,-100.0,-100.0,-24.0,1.0,-0.0,30.0,-88.533,-88.0,-88.0,-32.0,1.0,-0.0,31.0,-100.0,-100.0,-100.0,-8.0,0.0,-0.0,30.0,10.732,9.756,9.756,16.0,0.0,0.0,30.0,23.299,23.299,23.299,0.0,0.0,-0.841,31.0
23.1061,0,approach,-90.0,11.7,-84.09,-90.0,-87.262,296.0,142.0,-3.339,33.0,-99.64,-100.0,-100.0,16.0,0.0,0.0,31.0,-100.0,-100.0,-100.0,-24.0,1.0,-0.0,30.0,-88.533,-88.0,-88.0,-32.0,1.0,-0.0,31.0,-100.0,-100.0,-100.0,-8.0,0.0,-0.0,30.0,10.732,9.756,9.756,16.0,0.0,0.0,30.0,23.299,23.299,23.299,0.0,0.0,-0.412,31.0
23.1592,0,approach,-90.0,11.7,-84.18,-90.0,-87.478,296.0,142.0,-2.33,33.0,-99.64,-100.0,-100.0,16.0,0.0,0.0,31.0,-100.0,-100.0,-100.0,-24.0,1.0,-0.0,30.0,-88.533,-88.0,-88.0,-32.0,1.0,-0.0,31.0,-100.0,-100.0,-100.0,-8.0,0.0,-0.0,30.0,10.732,9.756,9.756,16.0,0.0,0.0,30.0,23.299,23.299,23.299,0.0,0.0,-0.202,31.0
23.2125,0,approach,-90.0,11.7,-84.18,-90.0,-87.69,296.0,142.0,-1.142,33.0,-99.64,-100.0,-100.0,16.0,0.0,0.0,31.0,-100.0,-100.0,-100.0,-24.0,1.0,-0.0,30.0,-88.533,-88.0,-88.0,-32.0,1.0,-0.0,31.0,-100.0,-100.0,-100.0,-8.0,0.0,-0.0,30.0,10.732,9.756,9.756,16.0,0.0,0.0,30.0,23.299,23.299,23.299,0.0,0.0,-0.099,31.0
23.2652,0,approach,-90.0,11.7,-84.719,-90.0,-87.904,296.0,142.0,-5.395,33.0,-99.64,-100.0,-100.0,16.0,0.0,0.0,31.0,-100.0,-100.0,-100.0,-24.0,1.0,-0.0,30.0,-88.533,-88.0,-88.0,-32.0,1.0,-0.0,31.0,-100.0,-100.0,-100.0,-8.0,0.0,-0.0,30.0,10.732,9.756,9.756,16.0,0.0,0.0,30.0,23.299,23.299,23.299,0.0,0.0,-0.048,31.0
23.3186,0,approach,-90.0,11.7,-84.809,-90.0,-88.119,296.0,142.0,-3.347,33.0,-99.64,-100.0,-100.0,16.0,0.0,0.0,31.0,-100.0,-100.0,-100.0,-24.0,1.0,-0.0,30.0,-88.533,-88.0,-88.0,-32.0,1.0,-0.0,31.0,-100.0,-100.0,-100.0,-8.0,0.0,-0.0,30.0,10.732,9.756,9.756,16.0,0.0,0.0,30.0,23.299,23.299,23.299,0.0,0.0,-0.024,31.0
23.3728,0,approach,-90.0,11.7,-85.169,-90.0,-88.354,292.0,144.0,-4.185,33.0,-99.64,-100.0,-100.0,16.0,0.0,0.0,31.0,-100.0,-100.0,-100.0,-24.0,1.0,-0.0,30.0,-88.533,-88.0,-88.0,-32.0,1.0,-0.0,31.0,-100.0,-100.0,-100.0,-8.0,0.0,-0.0,30.0,10.732,9.756,9.756,16.0,0.0,0.0,30.0,23.299,23.299,23.299,0.0,0.0,-0.017,31.0
23.4258,0,approach,-90.0,11.7,-85.618,-90.0,-88.567,292.0,144.0,-6.181,33.0,-99.64,-100.0,-100.0,16.0,0.0,0.0,31.0,-100.0,-100.0,-100.0,-24.0,1.0,-0.0,30.0,-88.533,-88.0,-88.0,-32.0,1.0,-0.0,31.0,-100.0,-100.0,-100.0,-8.0,0.0,-0.0,30.0,10.732,9.756,9.756,16.0,0.0,0.0,30.0,23.299,23.299,23.299,0.0,0.0,-0.008,31.0
23.4782,0,approach,-90.0,11.7,-85.708,-90.0,-88.782,292.0,144.0,-4.048,33.0,-99.64,-100.0,-100.0,16.0,0.0,0.0,31.0,-100.0,-100.0,-100.0,-24.0,1.0,-0.0,30.0,-88.533,-88.0,-88.0,-32.0,1.0,-0.0,31.0,-100.0,-100.0,-100.0,-8.0,0.0,-0.0,30.0,10.732,9.756,9.756,16.0,0.0,0.0,30.0,23.299,23.299,23.299,0.0,0.0,-0.004,31.0
23.5317,0,approach,-90.0,11.7,-85.978,-90.0,-88.995,292.0,144.0,-4.693,33.0,-99.64,-100.0,-100.0,16.0,0.0,0.0,31.0,-100.0,-100.0,-100.0,-24.0,1.0,-0.0,30.0,-88.533,-88.0,-88.0,-32.0,1.0,-0.0,31.0,-100.0,-100.0,-100.0,-8.0,0.0,-0.0,30.0,10.732,9.756,9.756,16.0,0.0,0.0,30.0,23.505,23.299,23.299,0.0,0.0,2.295,31.0
23.584,0,approach,-90.0,11.7,-86.157,-90.0,-89.21,292.0,144.0,-4.006,33.0,-99.64,-100.0,-100.0,16.0,0.0,0.0,31.0,-100.0,-100.0,-100.0,-24.0,1.0,-0.0,30.0,-88.533,-88.0,-88.0,-32.0,1.0,-0.0,31.0,-100.0,-100.0,-100.0,-8.0,0.0,-0.0,30.0,10.732,9.756,9.756,16.0,0.0,0.0,30.0,23.505,23.299,23.299,0.0,0.0,1.124,31.0
23.6374,0,approach,-90.0,11.7,-86.247,-90.0,-89.426,292.0,144.0,-2.668,33.0,-99.64,-100.0,-100.0,16.0,0.0,0.0,31.0,-100.0,-100.0,-100.0,-24.0,1.0,-0.0,30.0,-88.533,-88.0,-88.0,-32.0,1.0,-0.0,31.0,-100.0,-100.0,-100.0,-8.0,0.0,-0.0,30.0,10.732,9.756,9.756,16.0,0.0,0.0,30.0,23.505,23.299,23.299,0.0,0.0,0.551,31.0
23.6908,0,approach,-90.0,11.7,-86.607,-90.0,-89.644,292.0,144.0,-5.015,33.0,-99.64,-100.0,-100.0,16.0,0.0,0.0,31.0,-100.0,-100.0,-100.0,-24.0,1.0,-0.0,30.0,-88.533,-88.0,-88.0,-32.0,1.0,-0.0,31.0,-100.0,-100.0,-100.0,-8.0,0.0,-0.0,30.0,10.732,9.756,9.756,16.0,0.0,0.0,30.0,23.505,23.299,23.299,0.0,0.0,0.27,31.0
23.7441,0,approach,-90.0,11.7,-86.787,-90.0,-89.858,292.0,144.0,-3.864,33.0,-99.64,-100.0,-100.0,16.0,0.0,0.0,31.0,-100.0,-100.0,-100.0,-24.0,1.0,-0.0,30.0,-88.533,-88.0,-88.0,-32.0,1.0,-0.0,31.0,-100.0,-100.0,-100.0,-8.0,0.0,-0.0,30.0,10.732,9.756,9.756,16.0,0.0,0.0,30.0,23.505,23.299,23.299,0.0,0.0,0.132,31.0
23.7976,0,approach,-90.0,11.7,-87.056,-90.0,-90.0,292.0,144.0,-4.302,33.0,-99.64,-100.0,-100.0,16.0,0.0,0.0,31.0,-100.0,-100.0,-100.0,-24.0,1.0,-0.0,30.0,-88.533,-88.0,-88.0,-32.0,1.0,-0.0,31.0,-100.0,-100.0,-100.0,-8.0,0.0,-0.0,30.0,10.732,9.756,9.756,16.0,0.0,0.0,30.0,23.505,23.299,23.299,0.0,0.0,0.065,31.0
23.85,0,approach,-90.0,11.7,-87.056,-90.0,-90.0,292.0,144.0,-2.108,33.0,-99.64,-100.0,-100.0,16.0,0.0,0.0,31.0,-100.0,-100.0,-100.0,-24.0,1.0,-0.0,30.0,-88.533,-88.0,-88.0,-32.0,1.0,-0.0,31.0,-100.0,-100.0,-100.0,-8.0,0.0,-0.0,30.0,10.732,9.756,9.756,16.0,0.0,0.0,30.0,23.505,23.299,23.299,0.0,0.0,0.032,31.0
23.9029,0,approach,-90.0,11.7,-87.056,-90.0,-90.0,292.0,144.0,-1.475,33.0,-99.64,-100.0,-100.0,16.0,0.0,0.0,31.0,-100.0,-100.0,-100.0,-24.0,1.0,-0.0,30.0,-88.533,-88.0,-88.0,-32.0,1.0,-0.0,31.0,-100.0,-100.0,-100.0,-8.0,0.0,-0.0,30.0,10.732,9.756,9.756,16.0,0.0,0.0,30.0,23.505,23.299,23.299,0.0,0.0,0.022,31.0
23.9549,0,approach,-90.0,11.7,-87.056,-90.0,-90.0,256.0,114.0,-1.033,33.0,-99.64,-100.0,-100.0,16.0,0.0,0.0,31.0,-100.0,-100.0,-100.0,-24.0,0.0,-0.0,30.0,-88.533,-88.0,-88.0,-32.0,1.0,-0.0,31.0,-100.0,-100.0,-100.0,-8.0,0.0,-0.0,30.0,10.732,9.756,9.756,16.0,0.0,0.0,30.0,23.505,23.299,23.299,8.0,0.0,0.016,31.0
24.0069,0,approach,-90.0,11.7,-87.056,-90.0,-90.0,256.0,114.0,-0.506,33.0,-99.64,-100.0,-100.0,16.0,0.0,0.0,31.0,-100.0,-100.0,-100.0,-24.0,0.0,-0.0,30.0,-88.533,-88.0,-88.0,-32.0,1.0,-0.0,31.0,-100.0,-100.0,-100.0,-8.0,0.0,-0.0,30.0,10.732,9.756,9.756,16.0,0.0,0.0,30.0,23.505,23.299,23.299,8.0,0.0,0.008,31.0
24.059,0,approach,-90.0,11.7,-87.056,-90.0,-90.0,256.0,114.0,-0.248,33.0,-99.64,-100.0,-100.0,16.0,0.0,0.0,31.0,-100.0,-100.0,-100.0,-24.0,0.0,-0.0,30.0,-88.533,-88.0,-88.0,-32.0,1.0,-0.0,31.0,-100.0,-100.0,-100.0,-8.0,0.0,-0.0,30.0,10.732,9.756,9.756,16.0,0.0,0.0,30.0,23.505,23.299,23.299,8.0,0.0,0.004,31.0
24.1124,0,approach,-90.0,11.7,-87.056,-90.0,-90.0,256.0,114.0,-0.122,33.0,-99.64,-100.0,-100.0,16.0,0.0,0.0,31.0,-100.0,-100.0,-100.0,-24.0,0.0,-0.0,30.0,-88.533,-88.0,-88.0,-32.0,1.0,-0.0,31.0,-100.0,-100.0,-100.0,-8.0,0.0,-0.0,30.0,10.732,9.756,9.756,16.0,0.0,0.0,30.0,23.505,23.299,23.299,8.0,0.0,0.002,31.0
24.1657,0,approach,-90.0,11.7,-87.056,-90.0,-90.0,256.0,114.0,-0.06,33.0,-99.64,-100.0,-100.0,16.0,0.0,0.0,31.0,-100.0,-100.0,-100.0,-24.0,0.0,-0.0,30.0,-88.533,-88.0,-88.0,-32.0,1.0,-0.0,31.0,-100.0,-100.0,-100.0,-8.0,0.0,-0.0,30.0,10.732,9.756,9.756,16.0,0.0,0.0,30.0,23.505,23.299,23.299,8.0,0.0,0.001,31.0
24.2193,0,approach,-90.0,11.7,-87.056,-90.0,-90.0,256.0,114.0,-0.029,33.0,-99.64,-100.0,-100.0,16.0,0.0,0.0,31.0,-100.0,-100.0,-100.0,-24.0,0.0,-0.0,30.0,-88.533,-88.0,-88.0,-32.0,1.0,-0.0,31.0,-100.0,-100.0,-100.0,-8.0,0.0,-0.0,30.0,10.732,9.756,9.756,16.0,0.0,0.0,30.0,23.505,23.299,23.299,8.0,0.0,0.0,31.0
24.2726,0,approach,-90.0,11.7,-87.056,-90.0,-90.0,256.0,114.0,-0.014,33.0,-99.64,-100.0,-100.0,16.0,0.0,0.0,31.0,-100.0,-100.0,-100.0,-24.0,0.0,-0.0,30.0,-88.533,-88.0,-88.0,-32.0,1.0,-0.0,31.0,-100.0,-100.0,-100.0,-8.0,0.0,-0.0,30.0,10.732,9.756,9.756,16.0,0.0,0.0,30.0,23.505,23.299,23.299,8.0,0.0,0.0,31.0
24.3257,0,approach,-90.0,11.7,-87.056,-90.0,-90.0,256.0,114.0,-0.007,33.0,-99.64,-100.0,-100.0,16.0,0.0,0.0,31.0,-100.0,-100.0,-100.0,-24.0,0.0,-0.0,30.0,-88.533,-88.0,-88.0,-32.0,1.0,-0.0,31.0,-100.0,-100.0,-100.0,-8.0,0.0,-0.0,30.0,10.732,9.756,9.756,16.0,0.0,0.0,30.0,23.505,23.299,23.299,8.0,0.0,0.0,31.0
24.38,0,approach,-90.0,11.7,-87.056,-90.0,-90.0,256.0,114.0,-0.003,33.0,-99.64,-100.0,-100.0,16.0,0.0,0.0,31.0,-100.0,-100.0,-100.0,-24.0,0.0,-0.0,30.0,-88.533,-88.0,-88.0,-32.0,1.0,-0.0,31.0,-100.0,-100.0,-100.0,-8.0,0.0,-0.0,30.0,10.732,9.756,9.756,16.0,0.0,0.0,30.0,23.505,23.299,23.299,8.0,0.0,0.0,31.0
24.4319,0,approach,-90.0,11.7,-87.056,-90.0,-90.0,256.0,114.0,-0.002,33.0,-99.64,-100.0,-100.0,16.0,0.0,0.0,31.0,-100.0,-100.0,-100.0,-24.0,0.0,-0.0,30.0,-88.533,-88.0,-88.0,-32.0,1.0,-0.0,31.0,-100.0,-100.0,-100.0,-8.0,0.0,-0.0,30.0,10.732,9.756,9.756,16.0,0.0,0.0,30.0,23.505,23.299,23.299,8.0,0.0,0.0,31.0
24.4849,0,approach,-90.0,11.7,-87.056,-90.0,-90.0,256.0,114.0,-0.001,33.0,-99.64,-100.0,-100.0,16.0,0.0,0.0,31.0,-100.0,-100.0,-100.0,-24.0,0.0,-0.0,30.0,-88.533,-88.0,-88.0,-32.0,2.0,-0.0,31.0,-100.0,-100.0,-100.0,-8.0,0.0,-0.0,30.0,10.732,9.756,9.756,16.0,0.0,0.0,30.0,23.505,23.299,23.299,8.0,0.0,0.0,31.0
24.5369,0,approach,-90.0,11.7,-87.056,-90.0,-90.0,256.0,114.0,-0.001,33.0,-99.64,-100.0,-100.0,16.0,0.0,0.0,31.0,-100.0,-100.0,-100.0,-24.0,0.0,-0.0,30.0,-88.533,-88.0,-88.0,-32.0,2.0,-0.0,31.0,-100.0,-100.0,-100.0,-8.0,0.0,-0.0,30.0,10.732,9.756,9.756,16.0,0.0,0.0,30.0,23.505,23.299,23.299,8.0,0.0,0.0,31.0
24.5897,0,approach,-90.0,11.7,-87.056,-90.0,-90.0,256.0,114.0,-0.0,33.0,-99.64,-100.0,-100.0,16.0,0.0,0.0,31.0,-100.0,-100.0,-100.0,-24.0,0.0,-0.0,30.0,-88.533,-88.0,-88.0,-32.0,2.0,-0.0,31.0,-100.0,-100.0,-100.0,-8.0,0.0,-0.0,30.0,10.732,9.756,9.756,16.0,0.0,0.0,30.0,23.505,23.299,23.299,8.0,0.0,0.0,31.0
24.6424,0,approach,-90.0,11.7,-87.056,-90.0,-90.0,256.0,114.0,-0.0,33.0,-99.64,-100.0,-100.0,16.0,0.0,0.0,31.0,-100.0,-100.0,-100.0,-24.0,0.0,-0.0,30.0,-88.533,-88.0,-88.0,-32.0,2.0,-0.0,31.0,-100.0,-100.0,-100.0,-8.0,0.0,-0.0,30.0,10.732,9.756,9.756,16.0,0.0,0.0,30.0,23.505,23.299,23.299,8.0,0.0,0.0,31.0
24.6957,0,approach,-90.0,11.7,-87.056,-90.0,-90.0,256.0,114.0,-0.0,33.0,-99.64,-100.0,-100.0,16.0,0.0,0.0,31.0,-100.0,-100.0,-100.0,-24.0,0.0,-0.0,30.0,-88.533,-88.0,-88.0,-32.0,2.0,-0.0,31.0,-100.0,-100.0,-100.0,-8.0,0.0,-0.0,30.0,10.732,9.756,9.756,16.0,0.0,0.0,30.0,23.505,23.299,23.299,8.0,0.0,0.0,31.0
24.7488,0,approach,-90.0,11.7,-87.056,-90.0,-90.0,256.0,114.0,-0.0,33.0,-99.64,-100.0,-100.0,16.0,0.0,0.0,31.0,-100.0,-100.0,-100.0,-24.0,0.0,-0.0,30.0,-88.533,-88.0,-88.0,-32.0,2.0,-0.0,31.0,-100.0,-100.0,-100.0,-8.0,0.0,-0.0,30.0,10.732,9.756,9.756,16.0,0.0,0.0,30.0,23.505,23.299,23.299,8.0,0.0,0.0,31.0
24.8025,1,fwd,90.0,11.7,-87.056,90.0,-89.893,256.0,114.0,-0.0,33.0,-99.64,-100.0,-100.0,16.0,0.0,0.0,31.0,-100.0,-100.0,-100.0,-24.0,0.0,-0.0,30.0,-88.533,-88.0,-88.0,-32.0,2.0,-0.0,31.0,-100.0,-100.0,-100.0,-8.0,0.0,-0.0,30.0,10.732,9.756,9.756,16.0,0.0,0.0,30.0,23.505,23.299,23.299,8.0,0.0,0.0,31.0
24.855,1,fwd,90.0,11.7,-87.056,90.0,-89.676,256.0,114.0,-0.0,33.0,-99.64,-100.0,-100.0,16.0,0.0,0.0,31.0,-100.0,-100.0,-100.0,-24.0,0.0,-0.0,30.0,-88.533,-88.0,-88.0,-32.0,2.0,-0.0,31.0,-100.0,-100.0,-100.0,-8.0,0.0,-0.0,30.0,10.732,9.756,9.756,16.0,0.0,0.0,30.0,23.505,23.299,23.299,8.0,0.0,0.0,31.0
24.9085,1,fwd,90.0,11.7,-87.056,90.0,-89.462,256.0,114.0,-0.0,33.0,-99.64,-100.0,-100.0,16.0,0.0,0.0,31.0,-100.0,-100.0,-100.0,-24.0,0.0,-0.0,30.0,-88.533,-88.0,-88.0,-32.0,2.0,-0.0,31.0,-100.0,-100.0,-100.0,-8.0,0.0,-0.0,30.0,10.732,9.756,9.756,16.0,0.0,0.0,30.0,23.505,23.299,23.299,8.0,0.0,0.0,31.0
24.9618,1,fwd,90.0,11.7,-87.056,90.0,-89.247,256.0,114.0,-0.0,33.0,-99.64,-100.0,-100.0,16.0,0.0,0.0,31.0,-100.0,-100.0,-100.0,-24.0,0.0,-0.0,30.0,-88.533,-88.0,-88.0,-32.0,2.0,-0.0,31.0,-100.0,-100.0,-100.0,-8.0,0.0,-0.0,30.0,10.732,9.756,9.756,16.0,0.0,0.0,30.0,23.505,23.299,23.299,8.0,0.0,0.0,31.0
25.0148,1,fwd,90.0,11.7,-87.056,90.0,-89.033,256.0,114.0,-0.0,33.0,-99.64,-100.0,-100.0,16.0,0.0,0.0,31.0,-100.0,-100.0,-100.0,-24.0,0.0,-0.0,30.0,-88.533,-88.0,-88.0,-32.0,2.0,-0.0,31.0,-100.0,-100.0,-100.0,-8.0,0.0,-0.0,30.0,10.732,9.756,9.756,16.0,0.0,0.0,30.0,23.505,23.299,23.299,8.0,0.0,0.0,31.0
25.0682,1,fwd,90.0,11.9,-87.056,90.0,-88.802,184.0,56.0,-0.0,33.0,-99.64,-100.0,-100.0,16.0,0.0,0.0,31.0,-100.0,-100.0,-100.0,-24.0,1.0,-0.0,30.0,-88.533,-88.0,-88.0,-32.0,1.0,-0.0,31.0,-100.0,-100.0,-100.0,-8.0,0.0,-0.0,30.0,10.732,9.756,9.756,16.0,0.0,0.0,30.0,23.505,23.299,23.299,8.0,0.0,0.0,31.0
25.1214,1,fwd,90.0,11.9,-87.056,90.0,-88.687,184.0,56.0,-0.0,33.0,-99.64,-100.0,-100.0,16.0,0.0,0.0,31.0,-100.0,-100.0,-100.0,-24.0,1.0,-0.0,30.0,-88.533,-88.0,-88.0,-32.0,1.0,-0.0,31.0,-100.0,-100.0,-100.0,-8.0,0.0,-0.0,30.0,10.732,9.756,9.756,16.0,0.0,0.0,30.0,23.505,23.299,23.299,8.0,0.0,0.0,31.0
25.1751,1,fwd,90.0,11.9,-87.056,90.0,-88.46,184.0,56.0,-0.0,33.0,-99.64,-100.0,-100.0,16.0,0.0,0.0,31.0,-100.0,-100.0,-100.0,-24.0,1.0,-0.0,30.0,-88.533,-88.0,-88.0,-32.0,1.0,-0.0,31.0,-100.0,-100.0,-100.0,-8.0,0.0,-0.0,30.0,10.732,9.756,9.756,16.0,0.0,0.0,30.0,23.505,23.299,23.299,8.0,0.0,0.0,31.0
25.2279,1,fwd,90.0,11.9,-86.966,90.0,-88.246,184.0,56.0,0.71,33.0,-99.64,-100.0,-100.0,16.0,0.0,0.0,31.0,-100.0,-100.0,-100.0,-24.0,1.0,-0.0,30.0,-88.533,-88.0,-88.0,-32.0,1.0,-0.0,31.0,-100.0,-100.0,-100.0,-8.0,0.0,-0.0,30.0,10.732,9.756,9.756,16.0,0.0,0.0,30.0,23.505,23.299,23.299,8.0,0.0,0.0,31.0
25.2813,1,fwd,90.0,11.9,-86.787,90.0,-88.032,184.0,56.0,2.065,33.0,-99.64,-100.0,-100.0,16.0,0.0,0.0,31.0,-100.0,-100.0,-100.0,-24.0,1.0,-0.0,30.0,-88.533,-88.0,-88.0,-32.0,1.0,-0.0,31.0,-100.0,-100.0,-100.0,-8.0,0.0,-0.0,30.0,10.732,9.756,9.756,16.0,0.0,0.0,30.0,23.505,23.299,23.299,8.0,0.0,0.0,31.0
25.3342,1,fwd,90.0,11.9,-86.607,90.0,-87.818,184.0,56.0,2.727,33.0,-99.64,-100.0,-100.0,16.0,0.0,0.0,31.0,-100.0,-100.0,-100.0,-24.0,1.0,-0.0,30.0,-88.533,-88.0,-88.0,-32.0,1.0,-0.0,31.0,-100.0,-100.0,-100.0,-8.0,0.0,-0.0,30.0,10.732,9.756,9.756,16.0,0.0,0.0,30.0,23.505,23.299,23.299,8.0,0.0,0.0,31.0
25.3882,1,fwd,90.0,11.9,-86.517,90.0,-87.605,184.0,56.0,2.049,33.0,-99.64,-100.0,-100.0,16.0,0.0,0.0,31.0,-100.0,-100.0,-100.0,-24.0,1.0,-0.0,30.0,-88.533,-88.0,-88.0,-32.0,1.0,-0.0,31.0,-100.0,-100.0,-100.0,-8.0,0.0,-0.0,30.0,10.732,9.756,9.756,16.0,0.0,0.0,30.0,23.505,23.299,23.299,8.0,0.0,0.0,31.0
25.4418,1,fwd,90.0,11.9,-86.247,90.0,-87.392,184.0,56.0,3.732,33.0,-99.64,-100.0,-100.0,16.0,0.0,0.0,31.0,-100.0,-100.0,-100.0,-24.0,1.0,-0.0,30.0,-88.533,-88.0,-88.0,-32.0,1.0,-0.0,31.0,-100.0,-100.0,-100.0,-8.0,0.0,-0.0,30.0,10.732,9.756,9.756,16.0,0.0,0.0,30.0,23.505,23.299,23.299,8.0,0.0,0.0,31.0
25.4941,1,fwd,90.0,11.9,-85.978,90.0,-87.178,184.0,56.0,4.235,33.0,-99.64,-100.0,-100.0,16.0,0.0,0.0,31.0,-100.0,-100.0,-100.0,-24.0,1.0,-0.0,30.0,-88.533,-88.0,-88.0,-32.0,1.0,-0.0,31.0,-100.0,-100.0,-100.0,-8.0,0.0,-0.0,30.0,10.732,9.756,9.756,16.0,0.0,0.0,30.0,23.505,23.299,23.299,8.0,0.0,0.0,31.0
25.5476,1,fwd,90.0,11.9,-85.888,90.0,-86.963,184.0,56.0,3.076,33.0,-99.64,-100.0,-100.0,16.0,0.0,0.0,31.0,-100.0,-100.0,-100.0,-24.0,1.0,-0.0,30.0,-88.533,-88.0,-88.0,-32.0,1.0,-0.0,31.0,-100.0,-100.0,-100.0,-8.0,0.0,-0.0,30.0,10.732,9.756,9.756,16.0,0.0,0.0,30.0,23.505,23.299,23.299,8.0,0.0,0.0,31.0
25.6005,1,fwd,90.0,11.9,-85.438,90.0,-86.745,184.0,56.0,5.567,33.0,-99.64,-100.0,-100.0,16.0,0.0,0.0,31.0,-100.0,-100.0,-100.0,-24.0,1.0,-0.0,30.0,-88.533,-88.0,-88.0,-32.0,1.0,-0.0,31.0,-100.0,-100.0,-100.0,-8.0,0.0,-0.0,30.0,10.732,9.756,9.756,16.0,0.0,0.0,30.0,23.505,23.299,23.299,8.0,0.0,0.0,31.0
25.6529,1,fwd,90.0,11.9,-85.348,90.0,-86.511,120.0,25.0,4.359,33.0,-99.64,-100.0,-100.0,16.0,0.0,0.0,31.0,-100.0,-100.0,-100.0,-24.0,1.0,-0.0,30.0,-88.533,-88.0,-88.0,-32.0,2.0,-0.0,31.0,-100.0,-100.0,-100.0,-8.0,1.0,-0.0,30.0,10.732,9.756,9.756,16.0,0.0,0.0,30.0,23.505,23.299,23.299,8.0,0.0,0.0,31.0
25.705,1,fwd,90.0,11.9,-85.079,90.0,-86.294,120.0,25.0,5.13,33.0,-99.64,-100.0,-100.0,16.0,0.0,0.0,31.0,-100.0,-100.0,-100.0,-24.0,1.0,-0.0,30.0,-88.533,-88.0,-88.0,-32.0,2.0,-0.0,31.0,-100.0,-100.0,-100.0,-8.0,1.0,-0.0,30.0,10.732,9.756,9.756,16.0,0.0,0.0,30.0,23.505,23.299,23.299,8.0,0.0,0.0,31.0
25.7583,1,fwd,90.0,11.9,-84.809,90.0,-86.077,120.0,25.0,4.892,33.0,-99.64,-100.0,-100.0,16.0,0.0,0.0,31.0,-100.0,-100.0,-100.0,-24.0,1.0,-0.0,30.0,-88.533,-88.0,-88.0,-32.0,2.0,-0.0,31.0,-100.0,-100.0,-100.0,-8.0,1.0,-0.0,30.0,10.732,9.756,9.756,16.0,0.0,0.0,30.0,23.505,23.299,23.299,8.0,0.0,0.0,31.0
25.8112,1,fwd,90.0,11.9,-84.719,90.0,-85.858,120.0,25.0,3.393,33.0,-99.64,-100.0,-100.0,16.0,0.0,0.0,31.0,-100.0,-100.0,-100.0,-24.0,1.0,-0.0,30.0,-88.533,-88.0,-88.0,-32.0,2.0,-0.0,31.0,-100.0,-100.0,-100.0,-8.0,1.0,-0.0,30.0,10.732,9.756,9.756,16.0,0.0,0.0,30.0,23.505,23.299,23.299,8.0,0.0,0.0,31.0
25.8646,1,fwd,90.0,11.9,-84.539,90.0,-85.639,120.0,25.0,3.331,33.0,-99.64,-100.0,-100.0,16.0,0.0,0.0,31.0,-100.0,-100.0,-100.0,-24.0,1.0,-0.0,30.0,-88.533,-88.0,-88.0,-32.0,2.0,-0.0,31.0,-100.0,-100.0,-100.0,-8.0,1.0,-0.0,30.0,10.732,9.756,9.756,16.0,0.0,0.0,30.0,23.505,23.299,23.299,8.0,0.0,0.0,31.0
25.9176,1,fwd,90.0,11.9,-84.36,90.0,-85.422,120.0,25.0,4.348,33.0,-99.64,-100.0,-100.0,16.0,0.0,0.0,31.0,-100.0,-100.0,-100.0,-24.0,1.0,-0.0,30.0,-88.533,-88.0,-88.0,-32.0,2.0,-0.0,31.0,-100.0,-100.0,-100.0,-8.0,1.0,-0.0,30.0,10.732,9.756,9.756,16.0,0.0,0.0,30.0,23.505,23.299,23.299,8.0,0.0,0.0,31.0
25.9712,1,fwd,90.0,11.9,-84.09,90.0,-85.19,120.0,25.0,4.335,33.0,-99.64,-100.0,-100.0,16.0,0.0,0.0,31.0,-100.0,-100.0,-100.0,-24.0,1.0,-0.0,30.0,-88.533,-88.0,-88.0,-32.0,2.0,-0.0,31.0,-100.0,-100.0,-100.0,-8.0,1.0,-0.0,30.0,10.732,9.756,9.756,16.0,0.0,0.0,30.0,23.505,23.299,23.299,8.0,0.0,0.0,31.0
26.0247,1,fwd,90.0,11.9,-83.82,90.0,-84.969,120.0,25.0,4.457,33.0,-99.64,-100.0,-100.0,16.0,0.0,0.0,31.0,-100.0,-100.0,-100.0,-24.0,1.0,-0.0,30.0,-88.533,-88.0,-88.0,-32.0,2.0,-0.0,31.0,-100.0,-100.0,-100.0,-8.0,1.0,-0.0,30.0,10.732,9.756,9.756,16.0,0.0,0.0,30.0,23.505,23.299,23.299,8.0,0.0,0.0,31.0
26.0782,1,fwd,90.0,11.9,-83.64,90.0,-84.755,120.0,25.0,3.594,33.0,-99.64,-100.0,-100.0,16.0,0.0,0.0,31.0,-100.0,-100.0,-100.0,-24.0,1.0,-0.0,30.0,-88.533,-88.0,-88.0,-32.0,2.0,-0.0,31.0,-100.0,-100.0,-100.0,-8.0,1.0,-0.0,30.0,10.732,9.756,9.756,16.0,0.0,0.0,30.0,23.505,23.299,23.299,8.0,0.0,0.0,31.0
26.1317,1,fwd,90.0,11.9,-83.371,90.0,-84.54,120.0,25.0,4.477,33.0,-99.64,-100.0,-100.0,16.0,0.0,0.0,31.0,-100.0,-100.0,-100.0,-24.0,1.0,-0.0,30.0,-88.533,-88.0,-88.0,-32.0,2.0,-0.0,31.0,-100.0,-100.0,-100.0,-8.0,1.0,-0.0,30.0,10.732,9.756,9.756,16.0,0.0,0.0,30.0,23.505,23.299,23.299,8.0,0.0,0.0,31.0
26.1854,1,fwd,90.0,11.9,-83.191,90.0,-84.418,120.0,25.0,3.831,33.0,-99.64,-100.0,-100.0,16.0,0.0,0.0,31.0,-100.0,-100.0,-100.0,-24.0,1.0,-0.0,30.0,-88.533,-88.0,-88.0,-32.0,2.0,-0.0,31.0,-100.0,-100.0,-100.0,-8.0,1.0,-0.0,30.0,10.732,9.756,9.756,16.0,0.0,0.0,30.0,23.505,23.299,23.299,8.0,0.0,0.0,31.0
26.2388,1,fwd,90.0,11.9,-83.101,90.0,-84.181,120.0,24.0,3.133,33.0,-99.64,-100.0,-100.0,16.0,0.0,0.0,31.0,-100.0,-100.0,-100.0,-24.0,1.0,-0.0,30.0,-88.533,-88.0,-88.0,-32.0,2.0,-0.0,31.0,-100.0,-100.0,-100.0,-8.0,0.0,-0.0,30.0,10.732,9.756,9.756,16.0,0.0,0.0,31.0,23.505,23.299,23.299,8.0,0.0,0.0,31.0
26.292,1,fwd,90.0,11.9,-82.921,90.0,-83.963,120.0,24.0,3.216,33.0,-99.64,-100.0,-100.0,16.0,0.0,0.0,31.0,-100.0,-100.0,-100.0,-24.0,1.0,-0.0,30.0,-88.533,-88.0,-88.0,-32.0,2.0,-0.0,31.0,-100.0,-100.0,-100.0,-8.0,0.0,-0.0,30.0,10.732,9.756,9.756,16.0,0.0,0.0,31.0,23.505,23.299,23.299,8.0,0.0,0.0,31.0
26.3451,1,fwd,90.0,11.9,-82.562,90.0,-83.748,120.0,24.0,4.397,33.0,-99.64,-100.0,-100.0,16.0,0.0,0.0,31.0,-100.0,-100.0,-100.0,-24.0,1.0,-0.0,30.0,-88.533,-88.0,-88.0,-32.0,2.0,-0.0,31.0,-100.0,-100.0,-100.0,-8.0,0.0,-0.0,30.0,10.732,9.756,9.756,16.0,0.0,0.0,31.0,23.505,23.299,23.299,8.0,0.0,0.0,31.0
26.399,1,fwd,90.0,11.9,-82.472,90.0,-83.535,120.0,24.0,3.157,33.0,-99.64,-100.0,-100.0,16.0,0.0,0.0,31.0,-100.0,-100.0,-100.0,-24.0,1.0,-0.0,30.0,-88.533,-88.0,-88.0,-32.0,2.0,-0.0,31.0,-100.0,-100.0,-100.0,-8.0,0.0,-0.0,30.0,10.732,9.756,9.756,16.0,0.0,0.0,31.0,23.505,23.299,23.299,8.0,0.0,0.0,31.0
26.4523,1,fwd,90.0,11.9,-82.292,90.0,-83.32,120.0,24.0,3.56,33.0,-99.64,-100.0,-100.0,16.0,0.0,0.0,31.0,-100.0,-100.0,-100.0,-24.0,1.0,-0.0,30.0,-88.533,-88.0,-88.0,-32.0,2.0,-0.0,31.0,-100.0,-100.0,-100.0,-8.0,0.0,-0.0,30.0,10.732,9.756,9.756,16.0,0.0,0.0,31.0,23.505,23.299,23.299,8.0,0.0,0.0,31.0
26.5058,1,fwd,90.0,11.9,-81.933,90.0,-83.105,120.0,24.0,5.486,33.0,-99.64,-100.0,-100.0,16.0,0.0,0.0,31.0,-100.0,-100.0,-100.0,-24.0,1.0,-0.0,30.0,-88.533,-88.0,-88.0,-32.0,2.0,-0.0,31.0,-100.0,-100.0,-100.0,-8.0,0.0,-0.0,30.0,10.732,9.756,9.756,16.0,0.0,0.0,31.0,23.505,23.299,23.299,8.0,0.0,0.0,31.0
26.559,1,fwd,90.0,11.9,-81.843,90.0,-82.892,120.0,24.0,3.701,33.0,-99.64,-100.0,-100.0,16.0,0.0,0.0,31.0,-100.0,-100.0,-100.0,-24.0,1.0,-0.0,30.0,-88.533,-88.0,-88.0,-32.0,2.0,-0.0,31.0,-100.0,-100.0,-100.0,-8.0,0.0,-0.0,30.0,10.732,9.756,9.756,16.0,0.0,0.0,31.0,23.505,23.299,23.299,8.0,0.0,0.0,31.0
26.6121,1,fwd,90.0,11.9,-81.573,90.0,-82.677,120.0,24.0,4.522,33.0,-99.64,-100.0,-100.0,16.0,0.0,0.0,31.0,-100.0,-100.0,-100.0,-24.0,1.0,-0.0,30.0,-88.533,-88.0,-88.0,-32.0,2.0,-0.0,31.0,-100.0,-100.0,-100.0,-8.0,0.0,-0.0,30.0,10.732,9.756,9.756,16.0,0.0,0.0,31.0,23.505,23.299,23.299,8.0,0.0,0.0,31.0
26.6653,1,fwd,90.0,11.9,-81.213,90.0,-82.464,120.0,24.0,5.632,33.0,-99.64,-100.0,-100.0,16.0,0.0,0.0,31.0,-100.0,-100.0,-100.0,-24.0,1.0,-0.0,30.0,-88.533,-88.0,-88.0,-32.0,2.0,-0.0,31.0,-100.0,-100.0,-100.0,-8.0,0.0,-0.0,30.0,10.732,9.756,9.756,16.0,0.0,0.0,31.0,23.505,23.299,23.299,8.0,0.0,0.0,31.0
26.7185,1,fwd,90.0,11.9,-81.034,90.0,-82.248,120.0,24.0,4.777,33.0,-99.64,-100.0,-100.0,16.0,0.0,0.0,31.0,-100.0,-100.0,-100.0,-24.0,1.0,-0.0,30.0,-88.533,-88.0,-88.0,-32.0,2.0,-0.0,31.0,-100.0,-100.0,-100.0,-8.0,0.0,-0.0,30.0,10.732,9.756,9.756,16.0,0.0,0.0,31.0,23.505,23.299,23.299,8.0,0.0,0.0,31.0
26.7716,1,fwd,90.0,11.9,-80.944,90.0,-82.141,124.0,23.0,4.356,33.0,-99.64,-100.0,-100.0,16.0,0.0,0.0,31.0,-100.0,-100.0,-100.0,-24.0,1.0,-0.0,30.0,-88.533,-88.0,-88.0,-32.0,2.0,-0.0,31.0,-100.0,-100.0,-100.0,-8.0,0.0,-0.0,30.0,10.732,9.756,9.756,16.0,0.0,0.0,30.0,23.505,23.299,23.299,8.0,0.0,0.0,31.0
26.8244,1,fwd,90.0,11.9,-80.764,90.0,-81.808,124.0,23.0,2.802,33.0,-99.64,-100.0,-100.0,16.0,0.0,0.0,31.0,-100.0,-100.0,-100.0,-24.0,1.0,-0.0,30.0,-88.533,-88.0,-88.0,-32.0,2.0,-0.0,31.0,-100.0,-100.0,-100.0,-8.0,0.0,-0.0,30.0,10.732,9.756,9.756,16.0,0.0,0.0,30.0,23.505,23.299,23.299,8.0,0.0,0.0,31.0
26.8775,1,fwd,90.0,11.9,-80.404,90.0,-81.594,124.0,23.0,4.811,33.0,-99.64,-100.0,-100.0,16.0,0.0,0.0,31.0,-100.0,-100.0,-100.0,-24.0,1.0,-0.0,30.0,-88.533,-88.0,-88.0,-32.0,2.0,-0.0,31.0,-100.0,-100.0,-100.0,-8.0,0.0,-0.0,30.0,10.732,9.756,9.756,16.0,0.0,0.0,30.0,23.505,23.299,23.299,8.0,0.0,0.0,31.0
26.9308,1,fwd,90.0,11.9,-80.225,90.0,-81.38,124.0,23.0,4.065,33.0,-99.64,-100.0,-100.0,16.0,0.0,0.0,31.0,-100.0,-100.0,-100.0,-24.0,1.0,-0.0,30.0,-88.533,-88.0,-88.0,-32.0,2.0,-0.0,31.0,-100.0,-100.0,-100.0,-8.0,0.0,-0.0,30.0,10.732,9.756,9.756,16.0,0.0,0.0,30.0,23.505,23.299,23.299,8.0,0.0,0.0,31.0
26.9841,1,fwd,90.0,11.9,-80.045,90.0,-81.162,124.0,23.0,3.679,33.0,-99.64,-100.0,-100.0,16.0,0.0,0.0,31.0,-100.0,-100.0,-100.0,-24.0,1.0,-0.0,30.0,-88.533,-88.0,-88.0,-32.0,2.0,-0.0,31.0,-100.0,-100.0,-100.0,-8.0,0.0,-0.0,30.0,10.732,9.756,9.756,16.0,0.0,0.0,30.0,23.505,23.299,23.299,8.0,0.0,0.0,31.0
27.0374,1,fwd,90.0,11.9,-79.775,90.0,-80.949,124.0,23.0,4.523,33.0,-99.64,-100.0,-100.0,16.0,0.0,0.0,31.0,-100.0,-100.0,-100.0,-24.0,1.0,-0.0,30.0,-88.533,-88.0,-88.0,-32.0,2.0,-0.0,31.0,-100.0,-100.0,-100.0,-8.0,0.0,-0.0,30.0,10.732,9.756,9.756,16.0,0.0,0.0,30.0,23.505,23.299,23.299,8.0,0.0,0.0,31.0
27.0899,1,fwd,90.0,11.9,-79.596,90.0,-80.734,124.0,23.0,3.936,33.0,-99.82,-100.0,-100.0,16.0,0.0,-1.41,31.0,-100.0,-100.0,-100.0,-24.0,1.0,-0.0,30.0,-88.533,-88.0,-88.0,-32.0,2.0,-0.0,31.0,-100.0,-100.0,-100.0,-8.0,0.0,-0.0,30.0,10.732,9.756,9.756,16.0,0.0,0.0,30.0,23.505,23.299,23.299,8.0,0.0,0.0,31.0
27.1425,1,fwd,90.0,11.9,-79.506,90.0,-80.521,124.0,23.0,3.764,33.0,-99.82,-100.0,-100.0,16.0,0.0,-0.987,31.0,-100.0,-100.0,-100.0,-24.0,1.0,-0.0,30.0,-88.533,-88.0,-88.0,-32.0,2.0,-0.0,31.0,-100.0,-100.0,-100.0,-8.0,0.0,-0.0,30.0,10.732,9.756,9.756,16.0,0.0,0.0,30.0,23.505,23.299,23.299,8.0,0.0,0.0,31.0
27.1957,1,fwd,90.0,11.9,-79.326,90.0,-80.295,124.0,23.0,3.842,33.0,-99.82,-100.0,-100.0,16.0,0.0,-0.484,31.0,-100.0,-100.0,-100.0,-24.0,1.0,-0.0,30.0,-88.533,-88.0,-88.0,-32.0,2.0,-0.0,31.0,-100.0,-100.0,-100.0,-8.0,0.0,-0.0,30.0,10.732,9.756,9.756,16.0,0.0,0.0,30.0,23.505,23.299,23.299,8.0,0.0,0.0,31.0
27.2493,1,fwd,90.0,11.9,-78.966,90.0,-80.176,124.0,23.0,5.514,33.0,-99.82,-100.0,-100.0,16.0,0.0,-0.237,31.0,-100.0,-100.0,-100.0,-24.0,1.0,-0.0,30.0,-88.533,-88.0,-88.0,-32.0,2.0,-0.0,31.0,-100.0,-100.0,-100.0,-8.0,0.0,-0.0,30.0,10.732,9.756,9.756,16.0,0.0,0.0,30.0,23.505,23.299,23.299,8.0,0.0,0.0,31.0
27.3031,1,fwd,90.0,11.9,-78.876,90.0,-79.948,124.0,23.0,3.712,33.0,-99.82,-100.0,-100.0,16.0,0.0,-0.116,31.0,-100.0,-100.0,-100.0,-24.0,1.0,-0.0,30.0,-88.533,-88.0,-88.0,-32.0,2.0,-0.0,31.0,-100.0,-100.0,-100.0,-8.0,0.0,-0.0,30.0,10.732,9.756,9.756,16.0,0.0,0.0,30.0,23.505,23.299,23.299,8.0,0.0,0.0,31.0
27.356,1,fwd,90.0,11.9,-78.697,90.0,-79.841,104.0,22.0,4.605,33.0,-99.82,-100.0,-100.0,8.0,0.0,-0.081,31.0,-100.0,-100.0,-100.0,-24.0,1.0,-0.0,30.0,-88.533,-88.0,-88.0,-32.0,2.0,-0.0,31.0,-100.0,-100.0,-100.0,-8.0,0.0,-0.0,30.0,10.732,9.756,9.756,16.0,0.0,0.0,30.0,23.505,23.299,23.299,8.0,0.0,0.0,31.0
27.4089,1,fwd,90.0,11.9,-78.337,90.0,-79.51,104.0,22.0,3.602,33.0,-99.82,-100.0,-100.0,8.0,0.0,-0.04,31.0,-100.0,-100.0,-100.0,-24.0,1.0,-0.0,30.0,-88.533,-88.0,-88.0,-32.0,2.0,-0.0,31.0,-100.0,-100.0,-100.0,-8.0,0.0,-0.0,30.0,10.732,9.756,9.756,16.0,0.0,0.0,30.0,23.505,23.299,23.299,8.0,0.0,0.0,31.0
27.462,1,fwd,90.0,11.9,-78.157,90.0,-79.293,104.0,22.0,3.455,33.0,-99.82,-100.0,-100.0,8.0,0.0,-0.02,31.0,-100.0,-100.0,-100.0,-24.0,1.0,-0.0,30.0,-88.533,-88.0,-88.0,-32.0,2.0,-0.0,31.0,-100.0,-100.0,-100.0,-8.0,0.0,-0.0,30.0,10.732,9.756,9.756,16.0,0.0,0.0,30.0,23.505,23.299,23.299,8.0,0.0,0.0,31.0
27.5152,1,fwd,90.0,11.9,-77.888,90.0,-79.079,104.0,22.0,4.391,33.0,-99.82,-100.0,-100.0,8.0,0.0,-0.01,31.0,-100.0,-100.0,-100.0,-24.0,1.0,-0.0,30.0,-88.533,-88.0,-88.0,-32.0,2.0,-0.0,31.0,-100.0,-100.0,-100.0,-8.0,0.0,-0.0,30.0,10.732,9.756,9.756,16.0,0.0,0.0,30.0,23.505,23.299,23.299,8.0,0.0,0.0,31.0
27.5683,1,fwd,90.0,11.9,-77.798,90.0,-78.862,104.0,22.0,2.843,33.0,-99.82,-100.0,-100.0,8.0,0.0,-0.005,31.0,-100.0,-100.0,-100.0,-24.0,1.0,-0.0,30.0,-88.533,-88.0,-88.0,-32.0,2.0,-0.0,31.0,-100.0,-100.0,-100.0,-8.0,0.0,-0.0,30.0,10.732,9.756,9.756,16.0,0.0,0.0,30.0,23.505,23.299,23.299,8.0,0.0,0.0,31.0
27.6218,1,fwd,90.0,11.9,-77.618,90.0,-78.649,104.0,22.0,3.4,33.0,-100.0,-100.0,-100.0,8.0,0.0,-1.423,31.0,-100.0,-100.0,-100.0,-24.0,1.0,-0.0,30.0,-88.533,-88.0,-88.0,-32.0,2.0,-0.0,31.0,-100.0,-100.0,-100.0,-8.0,0.0,-0.0,30.0,10.732,9.756,9.756,16.0,0.0,0.0,30.0,23.505,23.299,23.299,8.0,0.0,0.0,31.0
27.6739,1,fwd,90.0,11.9,-77.348,90.0,-78.43,104.0,22.0,4.023,33.0,-100.0,-100.0,-100.0,8.0,0.0,-0.697,31.0,-100.0,-100.0,-100.0,-24.0,1.0,-0.0,30.0,-88.533,-88.0,-88.0,-32.0,2.0,-0.0,31.0,-100.0,-100.0,-100.0,-8.0,0.0,-0.0,30.0,10.732,9.756,9.756,16.0,0.0,0.0,30.0,23.505,23.299,23.299,8.0,0.0,0.0,31.0
27.7272,1,fwd,90.0,11.9,-77.169,90.0,-78.215,104.0,22.0,3.689,33.0,-100.0,-100.0,-100.0,8.0,0.0,-0.342,31.0,-100.0,-100.0,-100.0,-24.0,1.0,-0.0,30.0,-88.533,-88.0,-88.0,-32.0,2.0,-0.0,31.0,-100.0,-100.0,-100.0,-8.0,0.0,-0.0,30.0,10.732,9.756,9.756,16.0,0.0,0.0,30.0,23.505,23.299,23.299,8.0,0.0,0.0,31.0
27.7802,1,fwd,90.0,11.9,-76.719,90.0,-78.002,104.0,22.0,5.932,33.0,-100.0,-100.0,-100.0,8.0,0.0,-0.167,31.0,-100.0,-100.0,-100.0,-24.0,1.0,-0.0,30.0,-88.533,-88.0,-88.0,-32.0,2.0,-0.0,31.0,-100.0,-100.0,-100.0,-8.0,0.0,-0.0,30.0,10.732,9.756,9.756,16.0,0.0,0.0,30.0,23.505,23.299,23.299,8.0,0.0,0.0,31.0
27.8335,1,fwd,90.0,11.9,-76.629,90.0,-77.787,104.0,22.0,3.914,33.0,-100.0,-100.0,-100.0,8.0,0.0,-0.082,31.0,-100.0,-100.0,-100.0,-24.0,1.0,-0.0,30.0,-88.533,-88.0,-88.0,-32.0,2.0,-0.0,31.0,-100.0,-100.0,-100.0,-8.0,0.0,-0.0,30.0,10.732,9.756,9.756,16.0,0.0,0.0,30.0,23.505,23.299,23.299,8.0,0.0,0.0,31.0
27.886,1,fwd,90.0,11.9,-76.449,90.0,-77.569,104.0,22.0,3.589,33.0,-100.0,-100.0,-100.0,8.0,0.0,-0.04,31.0,-100.0,-100.0,-100.0,-24.0,1.0,-0.0,30.0,-88.533,-88.0,-88.0,-32.0,2.0,-0.0,31.0,-100.0,-100.0,-100.0,-8.0,0.0,-0.0,30.0,10.732,9.756,9.756,16.0,0.0,0.0,30.0,23.505,23.299,23.299,8.0,0.0,0.0,31.0
27.9395,1,fwd,90.0,11.9,-76.449,90.0,-77.331,116.0,25.0,3.589,33.0,-100.0,-100.0,-100.0,0.0,0.0,-0.04,31.0,-100.0,-100.0,-100.0,-24.0,0.0,-0.0,30.0,-88.533,-88.0,-88.0,-32.0,1.0,-0.0,31.0,-100.0,-100.0,-100.0,-8.0,0.0,-0.0,30.0,10.732,9.756,9.756,16.0,1.0,0.0,30.0,23.505,23.299,23.299,8.0,0.0,0.0,31.0
27.9919,1,fwd,90.0,11.9,-76.0,90.0,-77.104,116.0,25.0,3.983,33.0,-100.0,-100.0,-100.0,0.0,0.0,-0.02,31.0,-100.0,-100.0,-100.0,-24.0,0.0,-0.0,30.0,-88.533,-88.0,-88.0,-32.0,1.0,-0.0,31.0,-100.0,-100.0,-100.0,-8.0,0.0,-0.0,30.0,10.732,9.756,9.756,16.0,1.0,0.0,30.0,23.505,23.299,23.299,8.0,0.0,0.0,31.0
28.0456,1,fwd,90.0,11.9,-75.91,90.0,-76.885,116.0,25.0,2.953,33.0,-100.0,-100.0,-100.0,0.0,0.0,-0.01,31.0,-100.0,-100.0,-100.0,-24.0,0.0,-0.0,30.0,-88.533,-88.0,-88.0,-32.0,1.0,-0.0,31.0,-100.0,-100.0,-100.0,-8.0,0.0,-0.0,30.0,10.732,9.756,9.756,16.0,1.0,0.0,30.0,23.505,23.299,23.299,8.0,0.0,0.0,31.0
28.0979,1,fwd,90.0,11.9,-75.461,90.0,-76.765,116.0,25.0,5.746,33.0,-100.0,-100.0,-100.0,0.0,0.0,-0.005,31.0,-100.0,-100.0,-100.0,-24.0,0.0,-0.0,30.0,-88.533,-88.0,-88.0,-32.0,1.0,-0.0,31.0,-100.0,-100.0,-100.0,-8.0,0.0,-0.0,30.0,10.732,9.756,9.756,16.0,1.0,0.0,30.0,23.505,23.299,23.299,8.0,0.0,0.0,31.0
28.1499,1,fwd,90.0,11.9,-75.371,90.0,-76.551,116.0,25.0,3.824,33.0,-100.0,-100.0,-100.0,0.0,0.0,-0.002,31.0,-100.0,-100.0,-100.0,-24.0,0.0,-0.0,30.0,-88.533,-88.0,-88.0,-32.0,1.0,-0.0,31.0,-100.0,-100.0,-100.0,-8.0,0.0,-0.0,30.0,10.732,9.756,9.756,16.0,1.0,0.0,30.0,23.505,23.299,23.299,8.0,0.0,0.0,31.0
28.2019,1,fwd,90.0,11.9,-75.281,90.0,-76.337,116.0,25.0,2.893,33.0,-100.0,-100.0,-100.0,0.0,0.0,-0.001,31.0,-100.0,-100.0,-100.0,-24.0,0.0,-0.0,30.0,-88.533,-88.0,-88.0,-32.0,1.0,-0.0,31.0,-100.0,-100.0,-100.0,-8.0,0.0,-0.0,30.0,10.732,9.756,9.756,16.0,1.0,0.0,30.0,23.505,23.299,23.299,8.0,0.0,0.0,31.0
28.2543,1,fwd,90.0,11.9,-74.921,90.0,-76.124,116.0,25.0,5.135,33.0,-100.0,-100.0,-100.0,0.0,0.0,-0.001,31.0,-100.0,-100.0,-100.0,-24.0,0.0,-0.0,30.0,-88.533,-88.0,-88.0,-32.0,1.0,-0.0,31.0,-100.0,-100.0,-100.0,-8.0,0.0,-0.0,30.0,10.732,9.756,9.756,16.0,1.0,0.0,30.0,23.505,23.299,23.299,8.0,0.0,0.0,31.0
28.3071,1,fwd,90.0,11.9,-74.742,90.0,-75.907,116.0,25.0,4.205,33.0,-100.0,-100.0,-100.0,0.0,0.0,-0.0,31.0,-100.0,-100.0,-100.0,-24.0,0.0,-0.0,30.0,-88.533,-88.0,-88.0,-32.0,1.0,-0.0,31.0,-100.0,-100.0,-100.0,-8.0,0.0,-0.0,30.0,10.732,9.756,9.756,16.0,1.0,0.0,30.0,23.505,23.299,23.299,8.0,0.0,0.0,31.0
28.3608,1,fwd,90.0,11.9,-74.652,90.0,-75.69,116.0,25.0,2.765,33.0,-100.0,-100.0,-100.0,0.0,0.0,-0.0,31.0,-100.0,-100.0,-100.0,-24.0,0.0,-0.0,30.0,-88.533,-88.0,-88.0,-32.0,1.0,-0.0,31.0,-100.0,-100.0,-100.0,-8.0,0.0,-0.0,30.0,10.732,9.756,9.756,16.0,1.0,0.0,30.0,23.505,23.299,23.299,8.0,0.0,0.0,31.0
28.4151,1,fwd,90.0,11.9,-74.292,90.0,-75.475,116.0,25.0,4.764,33.0,-100.0,-100.0,-100.0,0.0,0.0,-0.0,31.0,-100.0,-100.0,-100.0,-24.0,0.0,-0.0,30.0,-88.533,-88.0,-88.0,-32.0,1.0,-0.0,31.0,-100.0,-100.0,-100.0,-8.0,0.0,-0.0,30.0,10.732,9.756,9.756,16.0,1.0,0.0,30.0,23.505,23.299,23.299,8.0,0.0,0.0,31.0
28.4682,1,fwd,90.0,11.9,-74.022,90.0,-75.259,116.0,25.0,5.328,33.0,-100.0,-100.0,-100.0,0.0,0.0,-0.0,31.0,-100.0,-100.0,-100.0,-24.0,0.0,-0.0,30.0,-88.533,-88.0,-88.0,-32.0,1.0,-0.0,31.0,-100.0,-100.0,-100.0,-8.0,0.0,-0.0,30.0,10.732,9.756,9.756,16.0,1.0,0.0,30.0,23.505,23.299,23.299,8.0,0.0,0.0,31.0
28.5216,1,fwd,90.0,11.9,-73.843,90.0,-75.018,108.0,24.0,4.629,33.0,-100.0,-100.0,-100.0,-8.0,0.0,-0.0,31.0,-100.0,-100.0,-100.0,-24.0,1.0,-0.0,30.0,-88.533,-88.0,-88.0,-32.0,2.0,-0.0,31.0,-100.0,-100.0,-100.0,-8.0,0.0,-0.0,30.0,10.732,9.756,9.756,16.0,1.0,0.0,30.0,23.505,23.299,23.299,8.0,0.0,0.0,31.0
28.5748,1,fwd,90.0,11.9,-73.753,90.0,-74.803,108.0,24.0,3.276,33.0,-100.0,-100.0,-100.0,-8.0,0.0,-0.0,31.0,-100.0,-100.0,-100.0,-24.0,1.0,-0.0,30.0,-88.533,-88.0,-88.0,-32.0,2.0,-0.0,31.0,-100.0,-100.0,-100.0,-8.0,0.0,-0.0,30.0,10.732,9.756,9.756,16.0,1.0,0.0,30.0,23.505,23.299,23.299,8.0,0.0,0.0,31.0
28.627,1,fwd,90.0,11.9,-73.483,90.0,-74.587,108.0,24.0,3.99,33.0,-100.0,-100.0,-100.0,-8.0,0.0,-0.0,31.0,-100.0,-100.0,-100.0,-24.0,1.0,-0.0,30.0,-88.533,-88.0,-88.0,-32.0,2.0,-0.0,31.0,-100.0,-100.0,-100.0,-8.0,0.0,-0.0,30.0,10.732,9.756,9.756,16.0,1.0,0.0,30.0,23.505,23.299,23.299,8.0,0.0,0.0,31.0
28.6801,1,fwd,90.0,11.9,-73.213,90.0,-74.374,108.0,24.0,4.699,33.0,-100.0,-100.0,-100.0,-8.0,0.0,-0.0,31.0,-100.0,-100.0,-100.0,-24.0,1.0,-0.0,30.0,-88.533,-88.0,-88.0,-32.0,2.0,-0.0,31.0,-100.0,-100.0,-100.0,-8.0,0.0,-0.0,30.0,10.732,9.756,9.756,16.0,1.0,0.0,30.0,23.505,23.299,23.299,8.0,0.0,0.0,31.0
28.7322,1,fwd,90.0,11.9,-73.213,90.0,-74.16,108.0,24.0,3.289,33.0,-100.0,-100.0,-100.0,-8.0,0.0,-0.0,31.0,-100.0,-100.0,-100.0,-24.0,1.0,-0.0,30.0,-88.533,-88.0,-88.0,-32.0,2.0,-0.0,31.0,-100.0,-100.0,-100.0,-8.0,0.0,-0.0,30.0,10.732,9.756,9.756,16.0,1.0,0.0,30.0,23.505,23.299,23.299,8.0,0.0,0.0,31.0
28.7856,1,fwd,90.0,11.9,-73.034,90.0,-73.934,108.0,24.0,3.261,33.0,-100.0,-100.0,-100.0,-8.0,0.0,-0.0,31.0,-100.0,-100.0,-100.0,-24.0,1.0,-0.0,30.0,-88.533,-88.0,-88.0,-32.0,2.0,-0.0,31.0,-100.0,-100.0,-100.0,-8.0,0.0,-0.0,30.0,10.732,9.756,9.756,16.0,1.0,0.0,30.0,23.505,23.299,23.299,8.0,0.0,0.0,31.0
28.8394,1,fwd,90.0,11.9,-72.674,90.0,-73.709,108.0,24.0,4.881,33.0,-100.0,-100.0,-100.0,-8.0,0.0,-0.0,31.0,-100.0,-100.0,-100.0,-24.0,1.0,-0.0,30.0,-88.533,-88.0,-88.0,-32.0,2.0,-0.0,31.0,-100.0,-100.0,-100.0,-8.0,0.0,-0.0,30.0,10.732,9.756,9.756,16.0,1.0,0.0,30.0,23.505,23.299,23.299,8.0,0.0,0.0,31.0
28.8934,1,fwd,90.0,11.9,-72.494,90.0,-73.591,108.0,24.0,4.039,33.0,-100.0,-100.0,-100.0,-8.0,0.0,-0.0,31.0,-100.0,-100.0,-100.0,-24.0,1.0,-0.0,30.0,-88.533,-88.0,-88.0,-32.0,2.0,-0.0,31.0,-100.0,-100.0,-100.0,-8.0,0.0,-0.0,30.0,10.732,9.756,9.756,16.0,1.0,0.0,30.0,23.505,23.299,23.299,8.0,0.0,0.0,31.0
28.9462,1,fwd,90.0,11.9,-72.315,90.0,-73.374,108.0,24.0,4.002,33.0,-100.0,-100.0,-100.0,-8.0,0.0,-0.0,31.0,-100.0,-100.0,-100.0,-24.0,1.0,-0.0,30.0,-88.533,-88.0,-88.0,-32.0,2.0,-0.0,31.0,-100.0,-100.0,-100.0,-8.0,0.0,-0.0,30.0,10.732,9.756,9.756,16.0,1.0,0.0,30.0,23.299,23.299,23.299,8.0,0.0,-2.32,31.0
28.9995,1,fwd,90.0,11.9,-72.045,90.0,-73.16,108.0,24.0,4.377,33.0,-100.0,-100.0,-100.0,-8.0,0.0,-0.0,31.0,-100.0,-100.0,-100.0,-24.0,1.0,-0.0,30.0,-88.533,-88.0,-88.0,-32.0,2.0,-0.0,31.0,-100.0,-100.0,-100.0,-8.0,0.0,-0.0,30.0,10.732,9.756,9.756,16.0,1.0,0.0,30.0,23.299,23.299,23.299,8.0,0.0,-1.137,31.0
29.0524,1,fwd,90.0,11.9,-71.865,90.0,-72.945,108.0,24.0,3.543,33.0,-100.0,-100.0,-100.0,-8.0,0.0,-0.0,31.0,-100.0,-100.0,-100.0,-24.0,1.0,-0.0,30.0,-88.533,-88.0,-88.0,-32.0,2.0,-0.0,31.0,-100.0,-100.0,-100.0,-8.0,0.0,-0.0,30.0,10.732,9.756,9.756,16.0,1.0,0.0,30.0,23.299,23.299,23.299,8.0,0.0,-0.557,31.0
29.1051,1,fwd,90.0,11.9,-71.685,90.0,-72.702,112.0,23.0,3.365,33.0,-100.0,-100.0,-100.0,-8.0,0.0,-0.0,31.0,-100.0,-100.0,-100.0,-24.0,1.0,-0.0,30.0,-88.533,-88.0,-88.0,-32.0,1.0,-0.0,31.0,-100.0,-100.0,-100.0,-8.0,0.0,-0.0,30.0,10.732,9.756,9.756,16.0,1.0,0.0,30.0,23.299,23.299,23.299,0.0,0.0,-0.39,31.0
29.1585,1,fwd,90.0,11.9,-71.326,90.0,-72.487,112.0,23.0,5.4,33.0,-100.0,-100.0,-100.0,-8.0,0.0,-0.0,31.0,-100.0,-100.0,-100.0,-24.0,1.0,-0.0,30.0,-88.533,-88.0,-88.0,-32.0,1.0,-0.0,31.0,-100.0,-100.0,-100.0,-8.0,0.0,-0.0,30.0,10.732,9.756,9.756,16.0,1.0,0.0,30.0,23.505,23.299,23.299,0.0,0.0,1.423,31.0
29.2116,1,fwd,90.0,11.9,-71.146,90.0,-72.274,112.0,23.0,4.354,33.0,-100.0,-100.0,-100.0,-8.0,0.0,-0.0,31.0,-100.0,-100.0,-100.0,-24.0,1.0,-0.0,30.0,-88.533,-88.0,-88.0,-32.0,1.0,-0.0,31.0,-100.0,-100.0,-100.0,-8.0,0.0,-0.0,30.0,10.732,9.756,9.756,16.0,1.0,0.0,30.0,23.299,23.299,23.299,0.0,0.0,-0.924,31.0
29.2647,1,fwd,90.0,11.9,-70.966,90.0,-72.058,112.0,23.0,3.532,33.0,-100.0,-100.0,-100.0,-8.0,0.0,-0.0,31.0,-100.0,-100.0,-100.0,-24.0,1.0,-0.0,30.0,-88.533,-88.0,-88.0,-32.0,1.0,-0.0,31.0,-100.0,-100.0,-100.0,-8.0,0.0,-0.0,30.0,10.732,9.756,9.756,16.0,1.0,0.0,30.0,23.299,23.299,23.299,0.0,0.0,-0.453,31.0
29.3181,1,fwd,90.0,11.9,-70.697,90.0,-71.841,112.0,23.0,4.146,33.0,-100.0,-100.0,-100.0,-8.0,0.0,-0.0,31.0,-100.0,-100.0,-100.0,-24.0,1.0,-0.0,30.0,-88.533,-88.0,-88.0,-32.0,1.0,-0.0,31.0,-100.0,-100.0,-100.0,-8.0,0.0,-0.0,30.0,10.732,9.756,9.756,16.0,1.0,0.0,30.0,23.299,23.299,23.299,0.0,0.0,-0.222,31.0
29.3712,1,fwd,90.0,11.9,-70.607,90.0,-71.627,112.0,23.0,3.036,33.0,-100.0,-100.0,-100.0,-8.0,0.0,-0.0,31.0,-100.0,-100.0,-100.0,-24.0,1.0,-0.0,30.0,-88.533,-88.0,-88.0,-32.0,1.0,-0.0,31.0,-100.0,-100.0,-100.0,-8.0,0.0,-0.0,30.0,10.732,9.756,9.756,16.0,1.0,0.0,30.0,23.299,23.299,23.299,0.0,0.0,-0.109,31.0
29.4252,1,fwd,90.0,11.9,-70.337,90.0,-71.412,112.0,23.0,3.892,33.0,-100.0,-100.0,-100.0,-8.0,0.0,-0.0,31.0,-100.0,-100.0,-100.0,-24.0,1.0,-0.0,30.0,-88.533,-88.0,-88.0,-32.0,1.0,-0.0,31.0,-100.0,-100.0,-100.0,-8.0,0.0,-0.0,30.0,10.732,9.756,9.756,16.0,1.0,0.0,30.0,23.299,23.299,23.299,0.0,0.0,-0.053,31.0
29.4785,1,fwd,90.0,11.9,-70.157,90.0,-71.197,112.0,23.0,3.609,33.0,-100.0,-100.0,-100.0,-8.0,0.0,-0.0,31.0,-100.0,-100.0,-100.0,-24.0,1.0,-0.0,30.0,-88.533,-88.0,-88.0,-32.0,1.0,-0.0,31.0,-100.0,-100.0,-100.0,-8.0,0.0,-0.0,30.0,10.732,9.756,9.756,16.0,1.0,0.0,30.0,23.299,23.299,23.299,0.0,0.0,-0.026,31.0
29.5313,1,fwd,90.0,11.9,-69.978,90.0,-70.978,112.0,23.0,3.451,33.0,-100.0,-100.0,-100.0,-8.0,0.0,-0.0,31.0,-100.0,-100.0,-100.0,-24.0,1.0,-0.0,30.0,-88.533,-88.0,-88.0,-32.0,1.0,-0.0,31.0,-100.0,-100.0,-100.0,-8.0,0.0,-0.0,30.0,10.732,9.756,9.756,16.0,1.0,0.0,30.0,23.299,23.299,23.299,0.0,0.0,-0.013,31.0
29.5845,1,fwd,90.0,11.9,-69.618,90.0,-70.761,112.0,23.0,4.489,33.0,-100.0,-100.0,-100.0,-8.0,0.0,-0.0,31.0,-100.0,-100.0,-100.0,-24.0,1.0,-0.0,30.0,-88.533,-88.0,-88.0,-32.0,1.0,-0.0,31.0,-100.0,-100.0,-100.0,-8.0,0.0,-0.0,30.0,10.732,9.756,9.756,16.0,1.0,0.0,30.0,23.299,23.299,23.299,0.0,0.0,-0.006,31.0
29.637,1,fwd,90.0,11.9,-69.528,90.0,-70.65,112.0,23.0,4.13,33.0,-100.0,-100.0,-100.0,-8.0,0.0,-0.0,31.0,-100.0,-100.0,-100.0,-24.0,1.0,-0.0,30.0,-88.533,-88.0,-88.0,-32.0,1.0,-0.0,31.0,-100.0,-100.0,-100.0,-8.0,0.0,-0.0,30.0,10.732,9.756,9.756,16.0,1.0,0.0,30.0,23.299,23.299,23.299,0.0,0.0,-0.004,31.0
29.6902,1,fwd,90.0,11.9,-69.348,90.0,-70.412,104.0,18.0,3.8,33.0,-100.0,-100.0,-100.0,-8.0,0.0,-0.0,31.0,-100.0,-100.0,-100.0,-24.0,1.0,-0.0,30.0,-88.533,-88.0,-88.0,-32.0,2.0,-0.0,31.0,-100.0,-100.0,-100.0,-8.0,0.0,-0.0,30.0,10.732,9.756,9.756,16.0,1.0,0.0,30.0,23.299,23.299,23.299,0.0,0.0,-0.003,31.0
29.7438,1,fwd,90.0,11.9,-69.079,90.0,-70.187,104.0,18.0,4.519,33.0,-100.0,-100.0,-100.0,-8.0,0.0,-0.0,31.0,-100.0,-100.0,-100.0,-24.0,1.0,-0.0,30.0,-88.533,-88.0,-88.0,-32.0,2.0,-0.0,31.0,-100.0,-100.0,-100.0,-8.0,0.0,-0.0,30.0,10.732,9.756,9.756,16.0,1.0,0.0,30.0,23.299,23.299,23.299,0.0,0.0,-0.002,31.0
29.7976,1,fwd,90.0,11.9,-68.989,90.0,-69.971,104.0,18.0,2.904,33.0,-100.0,-100.0,-100.0,-8.0,0.0,-0.0,31.0,-100.0,-100.0,-100.0,-24.0,1.0,-0.0,30.0,-88.533,-88.0,-88.0,-32.0,2.0,-0.0,31.0,-100.0,-100.0,-100.0,-8.0,0.0,-0.0,30.0,10.732,9.756,9.756,16.0,1.0,0.0,30.0,23.299,23.299,23.299,0.0,0.0,-0.001,31.0
29.8504,1,fwd,90.0,11.9,-68.719,90.0,-69.756,104.0,18.0,4.124,33.0,-100.0,-100.0,-100.0,-8.0,0.0,-0.0,31.0,-100.0,-100.0,-100.0,-24.0,1.0,-0.0,30.0,-88.533,-88.0,-88.0,-32.0,2.0,-0.0,31.0,-100.0,-100.0,-100.0,-8.0,0.0,-0.0,30.0,10.732,9.756,9.756,16.0,1.0,0.0,30.0,23.299,23.299,23.299,0.0,0.0,-0.0,31.0
29.9038,1,fwd,90.0,11.9,-68.36,90.0,-69.539,104.0,18.0,5.408,33.0,-100.0,-100.0,-100.0,-8.0,0.0,-0.0,31.0,-100.0,-100.0,-100.0,-24.0,1.0,-0.0,30.0,-88.533,-88.0,-88.0,-32.0,2.0,-0.0,31.0,-100.0,-100.0,-100.0,-8.0,0.0,-0.0,30.0,10.732,9.756,9.756,16.0,1.0,0.0,30.0,23.299,23.299,23.299,0.0,0.0,-0.0,31.0
29.9575,1,fwd,90.0,11.9,-68.27,90.0,-69.325,104.0,18.0,3.355,33.0,-100.0,-100.0,-100.0,-8.0,0.0,-0.0,31.0,-100.0,-100.0,-100.0,-24.0,1.0,-0.0,30.0,-88.533,-88.0,-88.0,-32.0,2.0,-0.0,31.0,-100.0,-100.0,-100.0,-8.0,0.0,-0.0,30.0,10.732,9.756,9.756,16.0,1.0,0.0,30.0,23.299,23.299,23.299,0.0,0.0,-0.0,31.0
30.0107,1,fwd,90.0,11.9,-67.91,90.0,-69.11,104.0,18.0,5.063,33.0,-100.0,-100.0,-100.0,-8.0,0.0,-0.0,31.0,-100.0,-100.0,-100.0,-24.0,1.0,-0.0,30.0,-88.533,-88.0,-88.0,-32.0,2.0,-0.0,31.0,-100.0,-100.0,-100.0,-8.0,0.0,-0.0,30.0,10.732,9.756,9.756,16.0,1.0,0.0,30.0,23.299,23.299,23.299,0.0,0.0,-0.0,31.0
30.0633,1,fwd,90.0,11.9,-67.82,90.0,-68.895,104.0,18.0,3.182,33.0,-100.0,-100.0,-100.0,-8.0,0.0,-0.0,31.0,-100.0,-100.0,-100.0,-24.0,1.0,-0.0,30.0,-88.533,-88.0,-88.0,-32.0,2.0,-0.0,31.0,-100.0,-100.0,-100.0,-8.0,0.0,-0.0,30.0,10.732,9.756,9.756,16.0,1.0,0.0,30.0,23.299,23.299,23.299,0.0,0.0,-0.0,31.0
30.1159,1,fwd,90.0,11.9,-67.64,90.0,-68.681,104.0,18.0,3.548,33.0,-100.0,-100.0,-100.0,-8.0,0.0,-0.0,31.0,-100.0,-100.0,-100.0,-24.0,1.0,-0.0,30.0,-88.533,-88.0,-88.0,-32.0,2.0,-0.0,31.0,-100.0,-100.0,-100.0,-8.0,0.0,-0.0,30.0,10.732,9.756,9.756,16.0,1.0,0.0,30.0,23.299,23.299,23.299,0.0,0.0,-0.0,31.0
30.1692,1,fwd,90.0,11.9,-67.371,90.0,-68.465,104.0,18.0,4.156,33.0,-100.0,-100.0,-100.0,-8.0,0.0,-0.0,31.0,-100.0,-100.0,-100.0,-24.0,1.0,-0.0,30.0,-88.533,-88.0,-88.0,-32.0,2.0,-0.0,31.0,-100.0,-100.0,-100.0,-8.0,0.0,-0.0,30.0,10.732,9.756,9.756,16.0,1.0,0.0,30.0,23.299,23.299,23.299,0.0,0.0,-0.0,31.0
30.2225,1,fwd,90.0,11.9,-67.191,90.0,-68.358,116.0,24.0,4.936,33.0,-100.0,-100.0,-100.0,-8.0,0.0,-0.0,31.0,-100.0,-100.0,-100.0,-24.0,1.0,-0.0,30.0,-88.533,-88.0,-88.0,-32.0,1.0,-0.0,31.0,-100.0,-100.0,-100.0,-8.0,0.0,-0.0,30.0,10.732,9.756,9.756,16.0,0.0,0.0,30.0,23.299,23.299,23.299,0.0,0.0,-0.0,30.0
30.2757,1,fwd,90.0,11.9,-66.652,90.0,-68.009,116.0,24.0,5.679,33.0,-100.0,-100.0,-100.0,-8.0,0.0,-0.0,31.0,-100.0,-100.0,-100.0,-24.0,1.0,-0.0,30.0,-88.533,-88.0,-88.0,-32.0,1.0,-0.0,31.0,-100.0,-100.0,-100.0,-8.0,0.0,-0.0,30.0,10.732,9.756,9.756,16.0,0.0,0.0,30.0,23.299,23.299,23.299,0.0,0.0,-0.0,30.0
30.3287,1,fwd,90.0,11.9,-66.652,90.0,-67.794,116.0,24.0,2.783,33.0,-100.0,-100.0,-100.0,-8.0,0.0,-0.0,31.0,-100.0,-100.0,-100.0,-24.0,1.0,-0.0,30.0,-88.533,-88.0,-88.0,-32.0,1.0,-0.0,31.0,-100.0,-100.0,-100.0,-8.0,0.0,-0.0,30.0,10.732,9.756,9.756,16.0,0.0,0.0,30.0,23.299,23.299,23.299,0.0,0.0,-0.0,30.0
30.3817,1,fwd,90.0,11.9,-66.472,90.0,-67.579,116.0,24.0,2.758,33.0,-100.0,-100.0,-100.0,-8.0,0.0,-0.0,31.0,-100.0,-100.0,-100.0,-24.0,1.0,-0.0,30.0,-88.533,-88.0,-88.0,-32.0,1.0,-0.0,31.0,-100.0,-100.0,-100.0,-8.0,0.0,-0.0,30.0,10.732,9.756,9.756,16.0,0.0,0.0,30.0,23.299,23.299,23.299,0.0,0.0,-0.0,30.0
30.4354,1,fwd,90.0,11.9,-66.292,90.0,-67.364,116.0,24.0,3.068,33.0,-100.0,-100.0,-100.0,-8.0,0.0,-0.0,31.0,-100.0,-100.0,-100.0,-24.0,1.0,-0.0,30.0,-88.533,-88.0,-88.0,-32.0,1.0,-0.0,31.0,-100.0,-100.0,-100.0,-8.0,0.0,-0.0,30.0,10.732,9.756,9.756,16.0,0.0,0.0,30.0,23.299,23.299,23.299,0.0,0.0,-0.0,30.0
30.4884,1,fwd,90.0,11.9,-66.112,90.0,-67.148,116.0,24.0,2.904,33.0,-100.0,-100.0,-100.0,-8.0,0.0,-0.0,31.0,-100.0,-100.0,-100.0,-24.0,1.0,-0.0,30.0,-88.533,-88.0,-88.0,-32.0,1.0,-0.0,31.0,-100.0,-100.0,-100.0,-8.0,0.0,-0.0,30.0,10.732,9.756,9.756,16.0,0.0,0.0,30.0,23.299,23.299,23.299,0.0,0.0,-0.0,30.0
30.5417,1,fwd,90.0,11.9,-65.933,90.0,-66.933,116.0,24.0,3.122,33.0,-100.0,-100.0,-100.0,-8.0,0.0,-0.0,31.0,-100.0,-100.0,-100.0,-24.0,1.0,-0.0,30.0,-88.533,-88.0,-88.0,-32.0,1.0,-0.0,31.0,-100.0,-100.0,-100.0,-8.0,0.0,-0.0,30.0,10.732,9.756,9.756,16.0,0.0,0.0,30.0,23.299,23.299,23.299,0.0,0.0,-0.0,30.0
30.595,1,fwd,90.0,11.9,-65.663,90.0,-66.718,116.0,24.0,3.949,33.0,-100.0,-100.0,-100.0,-8.0,0.0,-0.0,31.0,-100.0,-100.0,-100.0,-24.0,1.0,-0.0,30.0,-88.533,-88.0,-88.0,-32.0,1.0,-0.0,31.0,-100.0,-100.0,-100.0,-8.0,0.0,-0.0,30.0,10.732,9.756,9.756,16.0,0.0,0.0,30.0,23.299,23.299,23.299,0.0,0.0,-0.0,30.0
30.6493,1,fwd,90.0,11.9,-65.393,90.0,-66.501,116.0,24.0,4.042,33.0,-100.0,-100.0,-100.0,-8.0,0.0,-0.0,31.0,-100.0,-100.0,-100.0,-24.0,1.0,-0.0,30.0,-88.533,-88.0,-88.0,-32.0,1.0,-0.0,31.0,-100.0,-100.0,-100.0,-8.0,0.0,-0.0,30.0,10.732,9.756,9.756,16.0,0.0,0.0,30.0,23.299,23.299,23.299,0.0,0.0,-0.0,30.0
30.7025,1,fwd,90.0,11.9,-65.393,90.0,-66.283,116.0,24.0,2.83,33.0,-100.0,-100.0,-100.0,-8.0,0.0,-0.0,31.0,-100.0,-100.0,-100.0,-24.0,1.0,-0.0,30.0,-88.533,-88.0,-88.0,-32.0,1.0,-0.0,31.0,-100.0,-100.0,-100.0,-8.0,0.0,-0.0,30.0,10.732,9.756,9.756,16.0,0.0,0.0,30.0,23.299,23.299,23.299,0.0,0.0,-0.0,30.0
30.7561,1,fwd,90.0,11.9,-65.213,90.0,-66.054,116.0,24.0,2.625,33.0,-100.0,-100.0,-100.0,-8.0,0.0,-0.0,31.0,-100.0,-100.0,-100.0,-24.0,1.0,-0.0,30.0,-88.533,-88.0,-88.0,-32.0,1.0,-0.0,31.0,-100.0,-100.0,-100.0,-8.0,0.0,-0.0,30.0,10.732,9.756,9.756,16.0,0.0,0.0,30.0,23.299,23.299,23.299,0.0,0.0,-0.0,30.0
30.8087,1,fwd,90.0,11.9,-65.034,90.0,-66.054,108.0,22.0,3.669,33.0,-100.0,-100.0,-100.0,-8.0,0.0,-0.0,31.0,-100.0,-100.0,-100.0,-24.0,1.0,-0.0,30.0,-88.533,-88.0,-88.0,-32.0,2.0,-0.0,31.0,-100.0,-100.0,-100.0,-8.0,0.0,-0.0,30.0,10.732,9.756,9.756,16.0,1.0,0.0,30.0,23.299,23.299,23.299,0.0,0.0,-0.0,31.0
30.8625,1,fwd,90.0,11.9,-64.674,90.0,-65.708,108.0,22.0,3.787,33.0,-100.0,-100.0,-100.0,-8.0,0.0,-0.0,31.0,-100.0,-100.0,-100.0,-24.0,1.0,-0.0,30.0,-88.533,-88.0,-88.0,-32.0,2.0,-0.0,31.0,-100.0,-100.0,-100.0,-8.0,0.0,-0.0,30.0,10.732,9.756,9.756,16.0,1.0,0.0,30.0,23.299,23.299,23.299,0.0,0.0,-0.0,31.0
30.916,1,fwd,90.0,11.9,-64.404,90.0,-65.491,108.0,22.0,4.254,33.0,-100.0,-100.0,-100.0,-8.0,0.0,-0.0,31.0,-100.0,-100.0,-100.0,-24.0,1.0,-0.0,30.0,-88.533,-88.0,-88.0,-32.0,2.0,-0.0,31.0,-100.0,-100.0,-100.0,-8.0,0.0,-0.0,30.0,10.732,9.756,9.756,16.0,1.0,0.0,30.0,23.299,23.299,23.299,0.0,0.0,-0.0,31.0
30.9697,1,fwd,90.0,11.9,-64.135,90.0,-65.276,108.0,22.0,4.794,33.0,-100.0,-100.0,-100.0,-8.0,0.0,-0.0,31.0,-100.0,-100.0,-100.0,-24.0,1.0,-0.0,30.0,-88.533,-88.0,-88.0,-32.0,2.0,-0.0,31.0,-100.0,-100.0,-100.0,-8.0,0.0,-0.0,30.0,10.732,9.756,9.756,16.0,1.0,0.0,30.0,23.299,23.299,23.299,0.0,0.0,-0.0,31.0
31.0237,1,fwd,90.0,11.9,-63.865,90.0,-65.062,108.0,22.0,4.761,33.0,-100.0,-100.0,-100.0,-8.0,0.0,-0.0,31.0,-100.0,-100.0,-100.0,-24.0,1.0,-0.0,30.0,-88.533,-88.0,-88.0,-32.0,2.0,-0.0,31.0,-100.0,-100.0,-100.0,-8.0,0.0,-0.0,30.0,10.732,9.756,9.756,16.0,1.0,0.0,30.0,23.299,23.299,23.299,0.0,0.0,-0.0,31.0
31.0771,1,fwd,90.0,11.9,-63.775,90.0,-64.846,108.0,22.0,3.032,33.0,-100.0,-100.0,-100.0,-8.0,0.0,-0.0,31.0,-100.0,-100.0,-100.0,-24.0,1.0,-0.0,30.0,-88.533,-88.0,-88.0,-32.0,2.0,-0.0,31.0,-100.0,-100.0,-100.0,-8.0,0.0,-0.0,30.0,10.732,9.756,9.756,16.0,1.0,0.0,30.0,23.299,23.299,23.299,0.0,0.0,-0.0,31.0
31.1311,1,fwd,90.0,11.9,-63.685,90.0,-64.632,108.0,22.0,2.195,33.0,-100.0,-100.0,-100.0,-8.0,0.0,-0.0,31.0,-100.0,-100.0,-100.0,-24.0,1.0,-0.0,30.0,-88.533,-88.0,-88.0,-32.0,2.0,-0.0,31.0,-100.0,-100.0,-100.0,-8.0,0.0,-0.0,30.0,10.732,9.756,9.756,16.0,1.0,0.0,30.0,23.299,23.299,23.299,0.0,0.0,-0.0,31.0
31.1841,1,fwd,90.0,11.9,-63.506,90.0,-64.417,108.0,22.0,2.476,33.0,-100.0,-100.0,-100.0,-8.0,0.0,-0.0,31.0,-100.0,-100.0,-100.0,-24.0,1.0,-0.0,30.0,-88.533,-88.0,-88.0,-32.0,2.0,-0.0,31.0,-100.0,-100.0,-100.0,-8.0,0.0,-0.0,30.0,10.732,9.756,9.756,16.0,1.0,0.0,30.0,23.299,23.299,23.299,0.0,0.0,-0.0,31.0
31.2387,1,fwd,90.0,11.9,-63.236,90.0,-64.203,108.0,22.0,3.644,33.0,-100.0,-100.0,-100.0,-8.0,0.0,-0.0,31.0,-100.0,-100.0,-100.0,-24.0,1.0,-0.0,30.0,-88.533,-88.0,-88.0,-32.0,2.0,-0.0,31.0,-100.0,-100.0,-100.0,-8.0,0.0,-0.0,30.0,10.732,9.756,9.756,16.0,1.0,0.0,30.0,23.299,23.299,23.299,0.0,0.0,-0.0,31.0
31.291,1,fwd,90.0,11.9,-62.966,90.0,-63.99,108.0,22.0,4.529,33.0,-100.0,-100.0,-100.0,-8.0,0.0,-0.0,31.0,-100.0,-100.0,-100.0,-24.0,1.0,-0.0,30.0,-88.533,-88.0,-88.0,-32.0,2.0,-0.0,31.0,-100.0,-100.0,-100.0,-8.0,0.0,-0.0,30.0,10.732,9.756,9.756,16.0,1.0,0.0,30.0,23.299,23.299,23.299,0.0,0.0,-0.0,31.0
31.3431,1,fwd,90.0,11.9,-62.607,90.0,-63.778,108.0,22.0,5.951,33.0,-100.0,-100.0,-100.0,-8.0,0.0,-0.0,31.0,-100.0,-100.0,-100.0,-24.0,1.0,-0.0,30.0,-88.533,-88.0,-88.0,-32.0,2.0,-0.0,31.0,-100.0,-100.0,-100.0,-8.0,0.0,-0.0,30.0,10.732,9.756,9.756,16.0,1.0,0.0,30.0,23.299,23.299,23.299,0.0,0.0,-0.0,31.0
31.3973,1,fwd,90.0,11.9,-62.517,90.0,-63.543,120.0,25.0,4.627,33.0,-100.0,-100.0,-100.0,-8.0,0.0,-0.0,31.0,-100.0,-100.0,-100.0,-24.0,0.0,-0.0,30.0,-88.533,-88.0,-88.0,-32.0,2.0,-0.0,31.0,-100.0,-100.0,-100.0,-8.0,0.0,-0.0,30.0,10.732,9.756,9.756,16.0,1.0,0.0,30.0,23.299,23.299,23.299,0.0,0.0,-0.0,31.0
31.4514,1,fwd,90.0,11.9,-62.337,90.0,-63.329,120.0,25.0,4.28,33.0,-100.0,-100.0,-100.0,-8.0,0.0,-0.0,31.0,-100.0,-100.0,-100.0,-24.0,0.0,-0.0,30.0,-88.533,-88.0,-88.0,-32.0,2.0,-0.0,31.0,-100.0,-100.0,-100.0,-8.0,0.0,-0.0,30.0,10.732,9.756,9.756,16.0,1.0,0.0,30.0,23.299,23.299,23.299,0.0,0.0,-0.0,31.0
31.5047,1,fwd,90.0,11.9,-62.067,90.0,-63.113,120.0,25.0,4.491,33.0,-100.0,-100.0,-100.0,-8.0,0.0,-0.0,31.0,-100.0,-100.0,-100.0,-24.0,0.0,-0.0,30.0,-88.533,-88.0,-88.0,-32.0,2.0,-0.0,31.0,-100.0,-100.0,-100.0,-8.0,0.0,-0.0,30.0,10.732,9.756,9.756,16.0,1.0,0.0,30.0,23.299,23.299,23.299,0.0,0.0,-0.0,31.0
31.5596,1,fwd,90.0,11.9,-61.888,90.0,-62.896,120.0,25.0,3.899,33.0,-100.0,-100.0,-100.0,-8.0,0.0,-0.0,31.0,-100.0,-100.0,-100.0,-24.0,0.0,-0.0,30.0,-88.533,-88.0,-88.0,-32.0,2.0,-0.0,31.0,-100.0,-100.0,-100.0,-8.0,0.0,-0.0,30.0,10.732,9.756,9.756,16.0,1.0,0.0,30.0,23.299,23.299,23.299,0.0,0.0,-0.0,31.0
31.612,1,fwd,90.0,11.9,-61.708,90.0,-62.683,120.0,25.0,3.614,33.0,-100.0,-100.0,-100.0,-8.0,0.0,-0.0,31.0,-100.0,-100.0,-100.0,-24.0,0.0,-0.0,30.0,-88.533,-88.0,-88.0,-32.0,2.0,-0.0,31.0,-100.0,-100.0,-100.0,-8.0,0.0,-0.0,30.0,10.732,9.756,9.756,16.0,1.0,0.0,30.0,23.299,23.299,23.299,0.0,0.0,-0.0,31.0
31.6643,1,fwd,90.0,11.9,-61.438,90.0,-62.466,120.0,25.0,4.17,33.0,-100.0,-100.0,-100.0,-8.0,0.0,-0.0,31.0,-100.0,-100.0,-100.0,-24.0,0.0,-0.0,30.0,-88.533,-88.0,-88.0,-32.0,2.0,-0.0,31.0,-100.0,-100.0,-100.0,-8.0,0.0,-0.0,30.0,10.732,9.756,9.756,16.0,1.0,0.0,30.0,23.299,23.299,23.299,0.0,0.0,-0.0,31.0
31.7176,1,fwd,90.0,11.9,-61.169,90.0,-62.252,120.0,25.0,4.776,33.0,-100.0,-100.0,-100.0,-8.0,0.0,-0.0,31.0,-100.0,-100.0,-100.0,-24.0,0.0,-0.0,30.0,-88.533,-88.0,-88.0,-32.0,2.0,-0.0,31.0,-100.0,-100.0,-100.0,-8.0,0.0,-0.0,30.0,10.732,9.756,9.756,16.0,1.0,0.0,30.0,23.299,23.299,23.299,0.0,0.0,-0.0,31.0
31.7707,1,fwd,90.0,11.9,-61.079,90.0,-62.039,120.0,25.0,3.048,33.0,-100.0,-100.0,-100.0,-8.0,0.0,-0.0,31.0,-100.0,-100.0,-100.0,-24.0,0.0,-0.0,30.0,-88.533,-88.0,-88.0,-32.0,2.0,-0.0,31.0,-100.0,-100.0,-100.0,-8.0,0.0,-0.0,30.0,10.732,9.756,9.756,16.0,1.0,0.0,30.0,23.299,23.299,23.299,0.0,0.0,-0.0,31.0
31.8242,1,fwd,90.0,11.9,-60.809,90.0,-61.824,120.0,25.0,3.895,33.0,-100.0,-100.0,-100.0,-8.0,0.0,-0.0,31.0,-100.0,-100.0,-100.0,-24.0,0.0,-0.0,30.0,-88.533,-88.0,-88.0,-32.0,2.0,-0.0,31.0,-100.0,-100.0,-100.0,-8.0,0.0,-0.0,30.0,10.732,9.756,9.756,16.0,1.0,0.0,30.0,23.299,23.299,23.299,0.0,0.0,-0.0,31.0
31.8773,1,fwd,90.0,11.9,-60.629,90.0,-61.607,120.0,25.0,3.609,33.0,-100.0,-100.0,-100.0,-8.0,0.0,-0.0,31.0,-100.0,-100.0,-100.0,-24.0,0.0,-0.0,30.0,-88.533,-88.0,-88.0,-32.0,2.0,-0.0,31.0,-100.0,-100.0,-100.0,-8.0,0.0,-0.0,30.0,10.732,9.756,9.756,16.0,1.0,0.0,30.0,23.299,23.299,23.299,0.0,0.0,-0.0,31.0
31.9306,1,fwd,90.0,11.9,-60.629,90.0,-61.499,84.0,15.0,2.526,33.0,-100.0,-100.0,-100.0,-8.0,0.0,-0.0,31.0,-100.0,-100.0,-100.0,-24.0,1.0,-0.0,30.0,-88.533,-88.0,-88.0,-32.0,1.0,-0.0,31.0,-100.0,-100.0,-100.0,-8.0,0.0,-0.0,30.0,10.732,9.756,9.756,16.0,0.0,0.0,30.0,23.299,23.299,23.299,0.0,0.0,-0.0,31.0
31.9832,1,fwd,90.0,11.9,-60.18,90.0,-61.164,84.0,15.0,3.578,33.0,-100.0,-100.0,-100.0,-8.0,0.0,-0.0,31.0,-100.0,-100.0,-100.0,-24.0,1.0,-0.0,30.0,-88.533,-88.0,-88.0,-32.0,1.0,-0.0,31.0,-100.0,-100.0,-100.0,-8.0,0.0,-0.0,30.0,10.732,9.756,9.756,16.0,0.0,0.0,30.0,23.299,23.299,23.299,0.0,0.0,-0.0,31.0
32.0363,1,fwd,90.0,11.9,-60.09,90.0,-60.947,84.0,15.0,3.5,33.0,-100.0,-100.0,-100.0,-8.0,0.0,-0.0,31.0,-100.0,-100.0,-100.0,-24.0,1.0,-0.0,30.0,-88.533,-88.0,-88.0,-32.0,1.0,-0.0,31.0,-100.0,-100.0,-100.0,-8.0,0.0,-0.0,30.0,10.732,9.756,9.756,16.0,0.0,0.0,30.0,23.299,23.299,23.299,0.0,0.0,-0.0,31.0
32.0897,1,fwd,90.0,11.9,-59.64,90.0,-60.719,84.0,15.0,5.613,33.0,-100.0,-100.0,-100.0,-8.0,0.0,-0.0,31.0,-100.0,-100.0,-100.0,-24.0,1.0,-0.0,30.0,-88.533,-88.0,-88.0,-32.0,1.0,-0.0,31.0,-100.0,-100.0,-100.0,-8.0,0.0,-0.0,30.0,10.732,9.756,9.756,16.0,0.0,0.0,30.0,23.299,23.299,23.299,0.0,0.0,-0.0,31.0
32.1435,1,fwd,90.0,11.9,-59.551,90.0,-60.599,84.0,15.0,3.745,33.0,-100.0,-100.0,-100.0,-8.0,0.0,-0.0,31.0,-100.0,-100.0,-100.0,-24.0,1.0,-0.0,30.0,-88.533,-88.0,-88.0,-32.0,1.0,-0.0,31.0,-100.0,-100.0,-100.0,-8.0,0.0,-0.0,30.0,10.732,9.756,9.756,16.0,0.0,0.0,30.0,23.299,23.299,23.299,0.0,0.0,-0.0,31.0
32.1952,1,fwd,90.0,11.9,-59.371,90.0,-60.372,84.0,15.0,3.442,33.0,-100.0,-100.0,-100.0,-8.0,0.0,-0.0,31.0,-100.0,-100.0,-100.0,-24.0,1.0,-0.0,30.0,-88.533,-88.0,-88.0,-32.0,1.0,-0.0,31.0,-100.0,-100.0,-100.0,-8.0,0.0,-0.0,30.0,10.732,9.756,9.756,16.0,0.0,0.0,30.0,23.299,23.299,23.299,0.0,0.0,-0.0,31.0
32.2486,1,fwd,90.0,11.9,-59.101,90.0,-60.154,84.0,15.0,4.099,33.0,-100.0,-100.0,-100.0,-8.0,0.0,-0.0,31.0,-100.0,-100.0,-100.0,-24.0,1.0,-0.0,30.0,-88.533,-88.0,-88.0,-32.0,1.0,-0.0,31.0,-100.0,-100.0,-100.0,-8.0,0.0,-0.0,30.0,10.732,9.756,9.756,16.0,0.0,0.0,30.0,23.299,23.299,23.299,0.0,0.0,-0.0,31.0
32.3017,1,fwd,90.0,11.9,-58.921,90.0,-59.941,84.0,15.0,3.718,33.0,-100.0,-100.0,-100.0,-8.0,0.0,-0.0,31.0,-100.0,-100.0,-100.0,-24.0,1.0,-0.0,30.0,-88.533,-88.0,-88.0,-32.0,1.0,-0.0,31.0,-100.0,-100.0,-100.0,-8.0,0.0,-0.0,30.0,10.732,9.756,9.756,16.0,0.0,0.0,30.0,23.299,23.299,23.299,0.0,0.0,-0.0,31.0
32.3545,1,fwd,90.0,11.9,-58.742,90.0,-59.726,84.0,15.0,3.535,33.0,-100.0,-100.0,-100.0,-8.0,0.0,-0.0,31.0,-100.0,-100.0,-100.0,-24.0,1.0,-0.0,30.0,-88.533,-88.0,-88.0,-32.0,1.0,-0.0,31.0,-100.0,-100.0,-100.0,-8.0,0.0,-0.0,30.0,10.732,9.756,9.756,16.0,0.0,0.0,30.0,23.299,23.299,23.299,0.0,0.0,-0.0,31.0
32.4075,1,fwd,90.0,11.9,-58.382,90.0,-59.513,84.0,15.0,5.18,33.0,-100.0,-100.0,-100.0,-8.0,0.0,-0.0,31.0,-100.0,-100.0,-100.0,-24.0,1.0,-0.0,30.0,-88.533,-88.0,-88.0,-32.0,1.0,-0.0,31.0,-100.0,-100.0,-100.0,-8.0,0.0,-0.0,30.0,10.732,9.756,9.756,16.0,0.0,0.0,30.0,23.299,23.299,23.299,0.0,0.0,-0.0,31.0
32.4609,1,fwd,90.0,11.9,-58.202,90.0,-59.294,84.0,15.0,4.214,33.0,-100.0,-100.0,-100.0,-8.0,0.0,-0.0,31.0,-100.0,-100.0,-100.0,-24.0,1.0,-0.0,30.0,-88.533,-88.0,-88.0,-32.0,1.0,-0.0,31.0,-100.0,-100.0,-100.0,-8.0,0.0,-0.0,30.0,10.732,9.756,9.756,16.0,0.0,0.0,30.0,23.299,23.299,23.299,0.0,0.0,-0.0,31.0
32.5144,1,fwd,90.0,11.9,-58.112,90.0,-59.187,112.0,20.0,3.955,33.0,-100.0,-100.0,-100.0,-8.0,0.0,-0.0,31.0,-100.0,-100.0,-100.0,-24.0,1.0,-0.0,30.0,-88.533,-88.0,-88.0,-32.0,1.0,-0.0,31.0,-100.0,-100.0,-100.0,-8.0,0.0,-0.0,30.0,10.732,9.756,9.756,16.0,0.0,0.0,30.0,23.299,23.299,23.299,0.0,0.0,-0.0,31.0
32.5664,1,fwd,90.0,11.9,-57.843,90.0,-58.851,112.0,20.0,2.933,33.0,-100.0,-100.0,-100.0,-8.0,0.0,-0.0,31.0,-100.0,-100.0,-100.0,-24.0,1.0,-0.0,30.0,-88.533,-88.0,-88.0,-32.0,1.0,-0.0,31.0,-100.0,-100.0,-100.0,-8.0,0.0,-0.0,30.0,10.732,9.756,9.756,16.0,0.0,0.0,30.0,23.299,23.299,23.299,0.0,0.0,-0.0,31.0
32.6197,1,fwd,90.0,11.9,-57.753,90.0,-58.637,112.0,20.0,2.146,33.0,-100.0,-100.0,-100.0,-8.0,0.0,-0.0,31.0,-100.0,-100.0,-100.0,-24.0,1.0,-0.0,30.0,-88.533,-88.0,-88.0,-32.0,1.0,-0.0,31.0,-100.0,-100.0,-100.0,-8.0,0.0,-0.0,30.0,10.732,9.756,9.756,16.0,0.0,0.0,30.0,23.299,23.299,23.299,0.0,0.0,-0.0,31.0
32.6732,1,fwd,90.0,11.9,-57.393,90.0,-58.421,112.0,20.0,4.438,33.0,-100.0,-100.0,-100.0,-8.0,0.0,-0.0,31.0,-100.0,-100.0,-100.0,-24.0,1.0,-0.0,30.0,-88.533,-88.0,-88.0,-32.0,1.0,-0.0,31.0,-100.0,-100.0,-100.0,-8.0,0.0,-0.0,30.0,10.732,9.756,9.756,16.0,0.0,0.0,30.0,23.299,23.299,23.299,0.0,0.0,-0.0,31.0
32.7257,1,fwd,90.0,11.9,-57.213,90.0,-58.204,112.0,20.0,3.864,33.0,-100.0,-100.0,-100.0,-8.0,0.0,-0.0,31.0,-100.0,-100.0,-100.0,-24.0,1.0,-0.0,30.0,-88.533,-88.0,-88.0,-32.0,1.0,-0.0,31.0,-100.0,-100.0,-100.0,-8.0,0.0,-0.0,30.0,10.732,9.756,9.756,16.0,0.0,0.0,30.0,23.299,23.299,23.299,0.0,0.0,-0.0,31.0
32.7797,1,fwd,90.0,11.9,-56.854,90.0,-57.987,112.0,20.0,5.625,33.0,-100.0,-100.0,-100.0,-8.0,0.0,-0.0,31.0,-100.0,-100.0,-100.0,-24.0,1.0,-0.0,30.0,-88.533,-88.0,-88.0,-32.0,1.0,-0.0,31.0,-100.0,-100.0,-100.0,-8.0,0.0,-0.0,30.0,10.732,9.756,9.756,16.0,0.0,0.0,30.0,23.299,23.299,23.299,0.0,0.0,-0.0,31.0
32.8328,1,fwd,90.0,11.9,-56.674,90.0,-57.772,112.0,20.0,4.468,33.0,-100.0,-100.0,-100.0,-8.0,0.0,-0.0,31.0,-100.0,-100.0,-100.0,-24.0,1.0,-0.0,30.0,-88.533,-88.0,-88.0,-32.0,1.0,-0.0,31.0,-100.0,-100.0,-100.0,-8.0,0.0,-0.0,30.0,10.732,9.756,9.756,16.0,0.0,0.0,30.0,23.299,23.299,23.299,0.0,0.0,-0.0,31.0
32.8855,1,fwd,90.0,11.9,-56.674,90.0,-57.56,112.0,20.0,2.189,33.0,-100.0,-100.0,-100.0,-8.0,0.0,-0.0,31.0,-100.0,-100.0,-100.0,-24.0,1.0,-0.0,30.0,-88.533,-88.0,-88.0,-32.0,1.0,-0.0,31.0,-100.0,-100.0,-100.0,-8.0,0.0,-0.0,30.0,10.732,9.756,9.756,16.0,0.0,0.0,30.0,23.299,23.299,23.299,0.0,0.0,-0.0,31.0
32.9384,1,fwd,90.0,11.9,-56.494,90.0,-57.346,112.0,20.0,2.786,33.0,-100.0,-100.0,-100.0,-8.0,0.0,-0.0,31.0,-100.0,-100.0,-100.0,-24.0,1.0,-0.0,30.0,-88.533,-88.0,-88.0,-32.0,1.0,-0.0,31.0,-100.0,-100.0,-100.0,-8.0,0.0,-0.0,30.0,10.732,9.756,9.756,16.0,0.0,0.0,30.0,23.299,23.299,23.299,0.0,0.0,-0.0,31.0
32.9915,1,fwd,90.0,11.9,-56.225,90.0,-57.13,112.0,20.0,4.085,33.0,-100.0,-100.0,-100.0,-8.0,0.0,-0.0,31.0,-100.0,-100.0,-100.0,-24.0,1.0,-0.0,30.0,-88.533,-88.0,-88.0,-32.0,1.0,-0.0,31.0,-100.0,-100.0,-100.0,-8.0,0.0,-0.0,30.0,10.732,9.756,9.756,16.0,0.0,0.0,30.0,23.299,23.299,23.299,0.0,0.0,-0.0,31.0
33.0448,1,fwd,90.0,11.9,-56.045,90.0,-56.916,112.0,20.0,3.701,33.0,-100.0,-100.0,-100.0,-8.0,0.0,-0.0,31.0,-100.0,-100.0,-100.0,-24.0,1.0,-0.0,30.0,-88.533,-88.0,-88.0,-32.0,1.0,-0.0,31.0,-100.0,-100.0,-100.0,-8.0,0.0,-0.0,30.0,10.732,9.756,9.756,16.0,0.0,0.0,30.0,23.299,23.299,23.299,0.0,0.0,-0.0,31.0
33.0983,1,fwd,90.0,11.9,-56.045,90.0,-56.686,76.0,11.0,3.701,33.0,-100.0,-100.0,-100.0,-8.0,0.0,-0.0,31.0,-100.0,-100.0,-100.0,-24.0,1.0,-0.0,30.0,-88.533,-88.0,-88.0,-32.0,2.0,-0.0,31.0,-100.0,-100.0,-100.0,-8.0,0.0,-0.0,30.0,10.732,9.756,9.756,16.0,0.0,0.0,30.0,23.299,23.299,23.299,0.0,0.0,-0.0,31.0
33.1509,1,fwd,90.0,11.9,-55.506,90.0,-56.568,76.0,11.0,5.103,33.0,-100.0,-100.0,-100.0,-8.0,0.0,-0.0,31.0,-100.0,-100.0,-100.0,-24.0,1.0,-0.0,30.0,-88.533,-88.0,-88.0,-32.0,2.0,-0.0,31.0,-100.0,-100.0,-100.0,-8.0,0.0,-0.0,30.0,10.732,9.756,9.756,16.0,0.0,0.0,30.0,23.299,23.299,23.299,0.0,0.0,-0.0,31.0
33.2042,1,fwd,90.0,11.9,-55.326,90.0,-56.341,76.0,11.0,3.758,33.0,-100.0,-100.0,-100.0,-8.0,0.0,-0.0,31.0,-100.0,-100.0,-100.0,-24.0,1.0,-0.0,30.0,-88.533,-88.0,-88.0,-32.0,2.0,-0.0,31.0,-100.0,-100.0,-100.0,-8.0,0.0,-0.0,30.0,10.732,9.756,9.756,16.0,0.0,0.0,30.0,23.299,23.299,23.299,0.0,0.0,-0.0,31.0
33.2561,1,fwd,90.0,11.9,-55.146,90.0,-56.127,76.0,11.0,3.255,33.0,-100.0,-100.0,-100.0,-8.0,0.0,-0.0,31.0,-100.0,-100.0,-100.0,-24.0,1.0,-0.0,30.0,-88.533,-88.0,-88.0,-32.0,2.0,-0.0,31.0,-100.0,-100.0,-100.0,-8.0,0.0,-0.0,30.0,10.732,9.756,9.756,16.0,0.0,0.0,30.0,23.299,23.299,23.299,0.0,0.0,-0.0,31.0
33.3094,1,fwd,90.0,11.9,-54.966,90.0,-55.913,76.0,11.0,3.013,33.0,-100.0,-100.0,-100.0,-8.0,0.0,-0.0,31.0,-100.0,-100.0,-100.0,-24.0,1.0,-0.0,30.0,-88.533,-88.0,-88.0,-32.0,2.0,-0.0,31.0,-100.0,-100.0,-100.0,-8.0,0.0,-0.0,30.0,10.732,9.756,9.756,16.0,0.0,0.0,30.0,23.299,23.299,23.299,0.0,0.0,-0.0,31.0
33.3625,1,fwd,90.0,11.9,-54.876,90.0,-55.701,76.0,11.0,2.188,33.0,-100.0,-100.0,-100.0,-8.0,0.0,-0.0,31.0,-100.0,-100.0,-100.0,-24.0,1.0,-0.0,30.0,-88.533,-88.0,-88.0,-32.0,2.0,-0.0,31.0,-100.0,-100.0,-100.0,-8.0,0.0,-0.0,30.0,10.732,9.756,9.756,16.0,0.0,0.0,30.0,23.299,23.299,23.299,0.0,0.0,-0.0,31.0
33.4156,1,fwd,90.0,11.9,-54.607,90.0,-55.488,76.0,11.0,3.49,33.0,-100.0,-100.0,-100.0,-8.0,0.0,-0.0,31.0,-100.0,-100.0,-100.0,-24.0,1.0,-0.0,30.0,-88.533,-88.0,-88.0,-32.0,2.0,-0.0,31.0,-100.0,-100.0,-100.0,-8.0,0.0,-0.0,30.0,10.732,9.756,9.756,16.0,0.0,0.0,30.0,23.299,23.299,23.299,0.0,0.0,-0.0,31.0
33.4692,1,fwd,90.0,11.9,-54.337,90.0,-55.274,76.0,11.0,4.141,33.0,-100.0,-100.0,-100.0,-8.0,0.0,-0.0,31.0,-100.0,-100.0,-100.0,-24.0,1.0,-0.0,30.0,-88.533,-88.0,-88.0,-32.0,2.0,-0.0,31.0,-100.0,-100.0,-100.0,-8.0,0.0,-0.0,30.0,10.732,9.756,9.756,16.0,0.0,0.0,30.0,23.299,23.299,23.299,0.0,0.0,-0.0,31.0
33.5226,1,fwd,90.0,11.9,-54.067,90.0,-55.062,76.0,11.0,4.747,33.0,-100.0,-100.0,-100.0,-8.0,0.0,-0.0,31.0,-100.0,-100.0,-100.0,-24.0,1.0,-0.0,30.0,-88.533,-88.0,-88.0,-32.0,2.0,-0.0,31.0,-100.0,-100.0,-100.0,-8.0,0.0,-0.0,30.0,10.732,9.756,9.756,16.0,0.0,0.0,30.0,23.299,23.299,23.299,0.0,0.0,-0.0,31.0
33.5756,1,fwd,90.0,11.9,-53.798,90.0,-54.844,76.0,11.0,4.688,33.0,-100.0,-100.0,-100.0,-8.0,0.0,-0.0,31.0,-100.0,-100.0,-100.0,-24.0,1.0,-0.0,30.0,-88.533,-88.0,-88.0,-32.0,2.0,-0.0,31.0,-100.0,-100.0,-100.0,-8.0,0.0,-0.0,30.0,10.732,9.756,9.756,16.0,0.0,0.0,30.0,23.299,23.299,23.299,0.0,0.0,-0.0,31.0
33.6279,1,fwd,90.0,11.9,-53.708,90.0,-54.627,76.0,11.0,2.999,33.0,-100.0,-100.0,-100.0,-8.0,0.0,-0.0,31.0,-100.0,-100.0,-100.0,-24.0,1.0,-0.0,30.0,-88.533,-88.0,-88.0,-32.0,2.0,-0.0,31.0,-100.0,-100.0,-100.0,-8.0,0.0,-0.0,30.0,10.732,9.756,9.756,16.0,0.0,0.0,30.0,23.299,23.299,23.299,0.0,0.0,-0.0,31.0
33.6811,1,fwd,90.0,11.9,-53.618,90.0,-54.389,88.0,13.0,2.553,33.0,-100.0,-100.0,-100.0,-8.0,0.0,-0.0,31.0,-100.0,-100.0,-100.0,-24.0,1.0,-0.0,30.0,-88.533,-88.0,-88.0,-32.0,1.0,-0.0,31.0,-100.0,-100.0,-100.0,-8.0,0.0,-0.0,30.0,10.732,9.756,9.756,16.0,1.0,0.0,30.0,23.299,23.299,23.299,0.0,0.0,-0.0,31.0
33.7346,1,fwd,90.0,11.9,-53.348,90.0,-54.175,88.0,13.0,3.964,33.0,-100.0,-100.0,-100.0,-8.0,0.0,-0.0,31.0,-100.0,-100.0,-100.0,-24.0,1.0,-0.0,30.0,-88.533,-88.0,-88.0,-32.0,1.0,-0.0,31.0,-100.0,-100.0,-100.0,-8.0,0.0,-0.0,30.0,10.732,9.756,9.756,16.0,1.0,0.0,30.0,23.299,23.299,23.299,0.0,0.0,-0.0,31.0
33.788,1,fwd,90.0,11.9,-53.169,90.0,-53.958,88.0,13.0,3.329,33.0,-100.0,-100.0,-100.0,-8.0,0.0,-0.0,31.0,-100.0,-100.0,-100.0,-24.0,1.0,-0.0,30.0,-88.533,-88.0,-88.0,-32.0,1.0,-0.0,31.0,-100.0,-100.0,-100.0,-8.0,0.0,-0.0,30.0,10.732,9.756,9.756,16.0,1.0,0.0,30.0,23.299,23.299,23.299,0.0,0.0,-0.0,31.0
33.8415,1,fwd,90.0,11.9,-52.719,90.0,-53.744,88.0,13.0,6.031,33.0,-100.0,-100.0,-100.0,-8.0,0.0,-0.0,31.0,-100.0,-100.0,-100.0,-24.0,1.0,-0.0,30.0,-88.533,-88.0,-88.0,-32.0,1.0,-0.0,31.0,-100.0,-100.0,-100.0,-8.0,0.0,-0.0,30.0,10.732,9.756,9.756,16.0,1.0,0.0,30.0,23.299,23.299,23.299,0.0,0.0,-0.0,31.0
33.8947,1,fwd,90.0,11.9,-52.449,90.0,-53.528,88.0,13.0,5.359,33.0,-100.0,-100.0,-100.0,-8.0,0.0,-0.0,31.0,-100.0,-100.0,-100.0,-24.0,1.0,-0.0,30.0,-88.533,-88.0,-88.0,-32.0,1.0,-0.0,31.0,-100.0,-100.0,-100.0,-8.0,0.0,-0.0,30.0,10.732,9.756,9.756,16.0,1.0,0.0,30.0,23.299,23.299,23.299,0.0,0.0,-0.0,31.0
33.9469,1,fwd,90.0,11.9,-52.36,90.0,-53.315,88.0,13.0,3.644,33.0,-100.0,-100.0,-100.0,-8.0,0.0,-0.0,31.0,-100.0,-100.0,-100.0,-24.0,1.0,-0.0,30.0,-88.533,-88.0,-88.0,-32.0,1.0,-0.0,31.0,-100.0,-100.0,-100.0,-8.0,0.0,-0.0,30.0,10.732,9.756,9.756,16.0,1.0,0.0,30.0,23.299,23.299,23.299,0.0,0.0,-0.0,31.0
34.0005,1,fwd,90.0,11.9,-52.09,90.0,-53.099,88.0,13.0,4.48,33.0,-100.0,-100.0,-100.0,-8.0,0.0,-0.0,31.0,-100.0,-100.0,-100.0,-24.0,1.0,-0.0,30.0,-88.533,-88.0,-88.0,-32.0,1.0,-0.0,31.0,-100.0,-100.0,-100.0,-8.0,0.0,-0.0,30.0,10.732,9.756,9.756,16.0,1.0,0.0,30.0,23.299,23.299,23.299,0.0,0.0,-0.0,31.0
34.0529,1,fwd,90.0,11.9,-52.0,90.0,-52.883,88.0,13.0,3.182,33.0,-100.0,-100.0,-100.0,-8.0,0.0,-0.0,31.0,-100.0,-100.0,-100.0,-24.0,1.0,-0.0,30.0,-88.533,-88.0,-88.0,-32.0,1.0,-0.0,31.0,-100.0,-100.0,-100.0,-8.0,0.0,-0.0,30.0,10.732,9.756,9.756,16.0,1.0,0.0,30.0,23.299,23.299,23.299,0.0,0.0,-0.0,31.0
34.1063,1,fwd,90.0,11.9,-51.91,90.0,-52.666,88.0,13.0,3.238,33.0,-100.0,-100.0,-100.0,-8.0,0.0,-0.0,31.0,-100.0,-100.0,-100.0,-24.0,1.0,-0.0,30.0,-88.533,-88.0,-88.0,-32.0,1.0,-0.0,31.0,-100.0,-100.0,-100.0,-8.0,0.0,-0.0,30.0,10.732,9.756,9.756,16.0,1.0,0.0,30.0,23.299,23.299,23.299,0.0,0.0,-0.0,31.0
34.1598,1,fwd,90.0,11.9,-51.64,90.0,-52.436,88.0,13.0,4.2,33.0,-100.0,-100.0,-100.0,-8.0,0.0,-0.0,31.0,-100.0,-100.0,-100.0,-24.0,1.0,-0.0,30.0,-88.533,-88.0,-88.0,-32.0,1.0,-0.0,31.0,-100.0,-100.0,-100.0,-8.0,0.0,-0.0,30.0,10.732,9.756,9.756,16.0,1.0,0.0,30.0,23.299,23.299,23.299,0.0,0.0,-0.0,31.0
34.2133,1,fwd,90.0,11.9,-51.371,90.0,-52.319,88.0,13.0,4.688,33.0,-100.0,-100.0,-100.0,-8.0,0.0,-0.0,31.0,-100.0,-100.0,-100.0,-24.0,1.0,-0.0,30.0,-88.533,-88.0,-88.0,-32.0,1.0,-0.0,31.0,-100.0,-100.0,-100.0,-8.0,0.0,-0.0,30.0,10.732,9.756,9.756,16.0,1.0,0.0,30.0,23.299,23.299,23.299,0.0,0.0,-0.0,31.0
34.2668,1,fwd,90.0,11.9,-51.011,90.0,-52.079,84.0,16.0,5.082,33.0,-100.0,-100.0,-100.0,-8.0,0.0,-0.0,31.0,-100.0,-100.0,-100.0,-24.0,1.0,-0.0,30.0,-88.533,-88.0,-88.0,-32.0,2.0,-0.0,31.0,-100.0,-100.0,-100.0,-8.0,0.0,-0.0,30.0,10.732,9.756,9.756,16.0,1.0,0.0,30.0,23.299,23.299,23.299,0.0,0.0,-0.0,31.0
34.3191,1,fwd,90.0,11.9,-50.831,90.0,-51.866,84.0,16.0,4.493,33.0,-100.0,-100.0,-100.0,-8.0,0.0,-0.0,31.0,-100.0,-100.0,-100.0,-24.0,1.0,-0.0,30.0,-88.533,-88.0,-88.0,-32.0,2.0,-0.0,31.0,-100.0,-100.0,-100.0,-8.0,0.0,-0.0,30.0,10.732,9.756,9.756,16.0,1.0,0.0,30.0,23.299,23.299,23.299,0.0,0.0,-0.0,31.0
34.3721,1,fwd,90.0,11.9,-50.652,90.0,-51.651,84.0,16.0,4.218,33.0,-100.0,-100.0,-100.0,-8.0,0.0,-0.0,31.0,-100.0,-100.0,-100.0,-24.0,1.0,-0.0,30.0,-88.533,-88.0,-88.0,-32.0,2.0,-0.0,31.0,-100.0,-100.0,-100.0,-8.0,0.0,-0.0,30.0,10.732,9.756,9.756,16.0,1.0,0.0,30.0,23.299,23.299,23.299,0.0,0.0,-0.0,31.0
34.4256,1,fwd,90.0,11.9,-50.562,90.0,-51.438,84.0,16.0,3.063,33.0,-100.0,-100.0,-100.0,-8.0,0.0,-0.0,31.0,-100.0,-100.0,-100.0,-24.0,1.0,-0.0,30.0,-88.533,-88.0,-88.0,-32.0,2.0,-0.0,31.0,-100.0,-100.0,-100.0,-8.0,0.0,-0.0,30.0,10.732,9.756,9.756,16.0,1.0,0.0,30.0,23.299,23.299,23.299,0.0,0.0,-0.0,31.0
34.4795,1,fwd,90.0,11.9,-50.292,90.0,-51.223,84.0,16.0,3.928,33.0,-100.0,-100.0,-100.0,-8.0,0.0,-0.0,31.0,-100.0,-100.0,-100.0,-24.0,1.0,-0.0,30.0,-88.533,-88.0,-88.0,-32.0,2.0,-0.0,31.0,-100.0,-100.0,-100.0,-8.0,0.0,-0.0,30.0,10.732,9.756,9.756,16.0,1.0,0.0,30.0,23.299,23.299,23.299,0.0,0.0,-0.0,31.0
34.5326,1,fwd,90.0,11.9,-50.022,90.0,-51.008,84.0,16.0,4.622,33.0,-100.0,-100.0,-100.0,-8.0,0.0,-0.0,31.0,-100.0,-100.0,-100.0,-24.0,1.0,-0.0,30.0,-88.533,-88.0,-88.0,-32.0,2.0,-0.0,31.0,-100.0,-100.0,-100.0,-8.0,0.0,-0.0,30.0,10.732,9.756,9.756,16.0,1.0,0.0,30.0,23.299,23.299,23.299,0.0,0.0,-0.0,31.0
34.5858,1,fwd,90.0,11.9,-49.663,90.0,-50.795,84.0,16.0,5.986,33.0,-100.0,-100.0,-100.0,-8.0,0.0,-0.0,31.0,-100.0,-100.0,-100.0,-24.0,1.0,-0.0,30.0,-88.533,-88.0,-88.0,-32.0,2.0,-0.0,31.0,-100.0,-100.0,-100.0,-8.0,0.0,-0.0,30.0,10.732,9.756,9.756,16.0,1.0,0.0,30.0,23.299,23.299,23.299,0.0,0.0,-0.0,31.0
34.6393,1,fwd,90.0,11.9,-49.663,90.0,-50.58,84.0,16.0,2.933,33.0,-100.0,-100.0,-100.0,-8.0,0.0,-0.0,31.0,-100.0,-100.0,-100.0,-24.0,1.0,-0.0,30.0,-88.533,-88.0,-88.0,-32.0,2.0,-0.0,31.0,-100.0,-100.0,-100.0,-8.0,0.0,-0.0,30.0,10.732,9.756,9.756,16.0,1.0,0.0,30.0,23.299,23.299,23.299,0.0,0.0,-0.0,31.0
34.6926,1,fwd,90.0,11.9,-49.483,90.0,-50.365,84.0,16.0,3.146,33.0,-100.0,-100.0,-100.0,-8.0,0.0,-0.0,31.0,-100.0,-100.0,-100.0,-24.0,1.0,-0.0,30.0,-88.533,-88.0,-88.0,-32.0,2.0,-0.0,31.0,-100.0,-100.0,-100.0,-8.0,0.0,-0.0,30.0,10.732,9.756,9.756,16.0,1.0,0.0,30.0,23.299,23.299,23.299,0.0,0.0,-0.0,31.0
34.7451,1,fwd,90.0,11.9,-49.393,90.0,-50.149,84.0,16.0,2.534,33.0,-100.0,-100.0,-100.0,-8.0,0.0,-0.0,31.0,-100.0,-100.0,-100.0,-24.0,1.0,-0.0,30.0,-88.533,-88.0,-88.0,-32.0,2.0,-0.0,31.0,-100.0,-100.0,-100.0,-8.0,0.0,-0.0,30.0,10.732,9.756,9.756,16.0,1.0,0.0,30.0,23.299,23.299,23.299,0.0,0.0,-0.0,31.0
34.7984,1,fwd,90.0,11.9,-49.213,90.0,-50.042,80.0,11.0,3.77,33.0,-100.0,-100.0,-100.0,-8.0,0.0,-0.0,31.0,-100.0,-100.0,-100.0,-24.0,1.0,-0.0,30.0,-88.533,-88.0,-88.0,-32.0,2.0,-0.0,31.0,-100.0,-100.0,-100.0,-8.0,0.0,-0.0,30.0,10.732,9.756,9.756,16.0,0.0,0.0,30.0,23.299,23.299,23.299,0.0,0.0,-0.0,30.0
34.8515,1,fwd,90.0,11.9,-48.944,90.0,-49.704,80.0,11.0,3.488,33.0,-100.0,-100.0,-100.0,-8.0,0.0,-0.0,31.0,-100.0,-100.0,-100.0,-24.0,1.0,-0.0,30.0,-88.533,-88.0,-88.0,-32.0,2.0,-0.0,31.0,-100.0,-100.0,-100.0,-8.0,0.0,-0.0,30.0,10.732,9.756,9.756,16.0,0.0,0.0,30.0,23.299,23.299,23.299,0.0,0.0,-0.0,30.0
34.9046,1,fwd,90.0,11.9,-48.584,90.0,-49.487,80.0,11.0,5.41,33.0,-100.0,-100.0,-100.0,-8.0,0.0,-0.0,31.0,-100.0,-100.0,-100.0,-24.0,1.0,-0.0,30.0,-88.533,-88.0,-88.0,-32.0,2.0,-0.0,31.0,-100.0,-100.0,-100.0,-8.0,0.0,-0.0,30.0,10.732,9.756,9.756,16.0,0.0,0.0,30.0,23.299,23.299,23.299,0.0,0.0,-0.0,30.0
34.9569,1,fwd,90.0,11.9,-48.315,90.0,-49.272,80.0,11.0,5.384,33.0,-100.0,-100.0,-100.0,-8.0,0.0,-0.0,31.0,-100.0,-100.0,-100.0,-24.0,1.0,-0.0,30.0,-88.533,-88.0,-88.0,-32.0,2.0,-0.0,31.0,-100.0,-100.0,-100.0,-8.0,0.0,-0.0,30.0,10.732,9.756,9.756,16.0,0.0,0.0,30.0,23.299,23.299,23.299,0.0,0.0,-0.0,30.0
35.0099,1,fwd,90.0,11.9,-48.045,90.0,-49.06,80.0,11.0,5.364,33.0,-100.0,-100.0,-100.0,-8.0,0.0,-0.0,31.0,-100.0,-100.0,-100.0,-24.0,1.0,-0.0,30.0,-88.533,-88.0,-88.0,-32.0,2.0,-0.0,31.0,-100.0,-100.0,-100.0,-8.0,0.0,-0.0,30.0,10.732,9.756,9.756,16.0,0.0,0.0,30.0,23.299,23.299,23.299,0.0,0.0,-0.0,30.0
35.0623,1,fwd,90.0,11.9,-47.955,90.0,-48.845,80.0,11.0,3.629,33.0,-100.0,-100.0,-100.0,-8.0,0.0,-0.0,31.0,-100.0,-100.0,-100.0,-24.0,1.0,-0.0,30.0,-88.533,-88.0,-88.0,-32.0,2.0,-0.0,31.0,-100.0,-100.0,-100.0,-8.0,0.0,-0.0,30.0,10.732,9.756,9.756,16.0,0.0,0.0,30.0,23.299,23.299,23.299,0.0,0.0,-0.0,30.0
35.1155,1,fwd,90.0,11.9,-47.865,90.0,-48.628,80.0,11.0,3.53,33.0,-100.0,-100.0,-100.0,-8.0,0.0,-0.0,31.0,-100.0,-100.0,-100.0,-24.0,1.0,-0.0,30.0,-88.533,-88.0,-88.0,-32.0,2.0,-0.0,31.0,-100.0,-100.0,-100.0,-8.0,0.0,-0.0,30.0,10.732,9.756,9.756,16.0,0.0,0.0,30.0,23.299,23.299,23.299,0.0,0.0,-0.0,30.0
35.168,1,fwd,90.0,11.9,-47.685,90.0,-48.4,80.0,11.0,3.357,33.0,-100.0,-100.0,-100.0,-8.0,0.0,-0.0,31.0,-100.0,-100.0,-100.0,-24.0,1.0,-0.0,30.0,-88.533,-88.0,-88.0,-32.0,2.0,-0.0,31.0,-100.0,-100.0,-100.0,-8.0,0.0,-0.0,30.0,10.732,9.756,9.756,16.0,0.0,0.0,30.0,23.299,23.299,23.299,0.0,0.0,-0.0,30.0
35.2209,1,fwd,90.0,11.9,-47.416,90.0,-48.287,80.0,11.0,4.337,33.0,-100.0,-100.0,-100.0,-8.0,0.0,-0.0,31.0,-100.0,-100.0,-100.0,-24.0,1.0,-0.0,30.0,-88.533,-88.0,-88.0,-32.0,2.0,-0.0,31.0,-100.0,-100.0,-100.0,-8.0,0.0,-0.0,30.0,10.732,9.756,9.756,16.0,0.0,0.0,30.0,23.299,23.299,23.299,0.0,0.0,-0.0,30.0
35.2746,1,fwd,90.0,11.9,-47.236,90.0,-48.063,80.0,11.0,3.771,33.0,-100.0,-100.0,-100.0,-8.0,0.0,-0.0,31.0,-100.0,-100.0,-100.0,-24.0,1.0,-0.0,30.0,-88.533,-88.0,-88.0,-32.0,2.0,-0.0,31.0,-100.0,-100.0,-100.0,-8.0,0.0,-0.0,30.0,10.732,9.756,9.756,16.0,0.0,0.0,30.0,23.299,23.299,23.299,0.0,0.0,-0.0,30.0
35.327,1,fwd,90.0,11.9,-46.876,90.0,-47.849,80.0,11.0,5.572,33.0,-100.0,-100.0,-100.0,-8.0,0.0,-0.0,31.0,-100.0,-100.0,-100.0,-24.0,1.0,-0.0,30.0,-88.533,-88.0,-88.0,-32.0,2.0,-0.0,31.0,-100.0,-100.0,-100.0,-8.0,0.0,-0.0,30.0,10.732,9.756,9.756,16.0,0.0,0.0,30.0,23.299,23.299,23.299,0.0,0.0,-0.0,30.0
35.3803,1,fwd,90.0,11.9,-46.787,90.0,-47.741,84.0,12.0,4.899,33.0,-100.0,-100.0,-100.0,-8.0,0.0,-0.0,31.0,-100.0,-100.0,-100.0,-24.0,1.0,-0.0,30.0,-88.533,-88.0,-88.0,-32.0,2.0,-0.0,31.0,-100.0,-100.0,-100.0,-8.0,0.0,-0.0,30.0,10.732,9.756,9.756,16.0,0.0,0.0,31.0,23.299,23.299,23.299,0.0,0.0,-0.0,31.0
35.4333,1,fwd,90.0,11.9,-46.697,90.0,-47.406,84.0,12.0,2.732,33.0,-100.0,-100.0,-100.0,-8.0,0.0,-0.0,31.0,-100.0,-100.0,-100.0,-24.0,1.0,-0.0,30.0,-88.533,-88.0,-88.0,-32.0,2.0,-0.0,31.0,-100.0,-100.0,-100.0,-8.0,0.0,-0.0,30.0,10.732,9.756,9.756,16.0,0.0,0.0,31.0,23.299,23.299,23.299,0.0,0.0,-0.0,31.0
35.4873,1,fwd,90.0,11.9,-46.427,90.0,-47.192,84.0,12.0,4.069,33.0,-100.0,-100.0,-100.0,-8.0,0.0,-0.0,31.0,-100.0,-100.0,-100.0,-24.0,1.0,-0.0,30.0,-88.533,-88.0,-88.0,-32.0,2.0,-0.0,31.0,-100.0,-100.0,-100.0,-8.0,0.0,-0.0,30.0,10.732,9.756,9.756,16.0,0.0,0.0,31.0,23.299,23.299,23.299,0.0,0.0,-0.0,31.0
35.5406,1,fwd,90.0,11.9,-46.157,90.0,-46.977,84.0,12.0,4.733,33.0,-100.0,-100.0,-100.0,-8.0,0.0,-0.0,31.0,-100.0,-100.0,-100.0,-24.0,1.0,-0.0,30.0,-88.533,-88.0,-88.0,-32.0,2.0,-0.0,31.0,-100.0,-100.0,-100.0,-8.0,0.0,-0.0,30.0,10.732,9.756,9.756,16.0,0.0,0.0,31.0,23.299,23.299,23.299,0.0,0.0,-0.0,31.0
35.5933,1,fwd,90.0,11.9,-45.978,90.0,-46.762,84.0,12.0,4.03,33.0,-100.0,-100.0,-100.0,-8.0,0.0,-0.0,31.0,-100.0,-100.0,-100.0,-24.0,1.0,-0.0,30.0,-88.533,-88.0,-88.0,-32.0,2.0,-0.0,31.0,-100.0,-100.0,-100.0,-8.0,0.0,-0.0,30.0,10.732,9.756,9.756,16.0,0.0,0.0,31.0,23.299,23.299,23.299,0.0,0.0,-0.0,31.0
35.6467,1,fwd,90.0,11.9,-45.618,90.0,-46.55,84.0,12.0,5.387,33.0,-100.0,-100.0,-100.0,-8.0,0.0,-0.0,31.0,-100.0,-100.0,-100.0,-24.0,1.0,-0.0,30.0,-88.533,-88.0,-88.0,-32.0,2.0,-0.0,31.0,-100.0,-100.0,-100.0,-8.0,0.0,-0.0,30.0,10.732,9.756,9.756,16.0,0.0,0.0,31.0,23.299,23.299,23.299,0.0,0.0,-0.0,31.0
35.6991,1,fwd,90.0,11.9,-45.348,90.0,-46.335,84.0,12.0,5.063,33.0,-100.0,-100.0,-100.0,-8.0,0.0,-0.0,31.0,-100.0,-100.0,-100.0,-24.0,1.0,-0.0,30.0,-88.533,-88.0,-88.0,-32.0,2.0,-0.0,31.0,-100.0,-100.0,-100.0,-8.0,0.0,-0.0,30.0,10.732,9.756,9.756,16.0,0.0,0.0,31.0,23.299,23.299,23.299,0.0,0.0,-0.0,31.0
35.7514,1,fwd,90.0,11.9,-45.169,90.0,-46.12,84.0,12.0,4.488,33.0,-100.0,-100.0,-100.0,-8.0,0.0,-0.0,31.0,-100.0,-100.0,-100.0,-24.0,1.0,-0.0,30.0,-88.533,-88.0,-88.0,-32.0,2.0,-0.0,31.0,-100.0,-100.0,-100.0,-8.0,0.0,-0.0,30.0,10.732,9.756,9.756,16.0,0.0,0.0,31.0,23.299,23.299,23.299,0.0,0.0,-0.0,31.0
35.8038,1,fwd,90.0,11.9,-45.079,90.0,-45.904,84.0,12.0,3.208,33.0,-100.0,-100.0,-100.0,-8.0,0.0,-0.0,31.0,-100.0,-100.0,-100.0,-24.0,1.0,-0.0,30.0,-88.533,-88.0,-88.0,-32.0,2.0,-0.0,31.0,-100.0,-100.0,-100.0,-8.0,0.0,-0.0,30.0,10.732,9.756,9.756,16.0,0.0,0.0,31.0,23.299,23.299,23.299,0.0,0.0,-0.0,31.0
35.8563,1,fwd,90.0,11.9,-44.899,90.0,-45.689,84.0,12.0,3.272,33.0,-100.0,-100.0,-100.0,-8.0,0.0,-0.0,31.0,-100.0,-100.0,-100.0,-24.0,1.0,-0.0,30.0,-88.533,-88.0,-88.0,-32.0,2.0,-0.0,31.0,-100.0,-100.0,-100.0,-8.0,0.0,-0.0,30.0,10.732,9.756,9.756,16.0,0.0,0.0,31.0,23.299,23.299,23.299,0.0,0.0,-0.0,31.0
35.9097,1,fwd,90.0,11.9,-44.719,90.0,-45.473,84.0,12.0,3.592,33.0,-100.0,-100.0,-100.0,-8.0,0.0,-0.0,31.0,-100.0,-100.0,-100.0,-24.0,1.0,-0.0,30.0,-88.533,-88.0,-88.0,-32.0,2.0,-0.0,31.0,-100.0,-100.0,-100.0,-8.0,0.0,-0.0,30.0,10.732,9.756,9.756,16.0,0.0,0.0,31.0,23.299,23.299,23.299,0.0,0.0,-0.0,31.0
35.9634,1,fwd,90.0,11.9,-44.719,90.0,-45.233,76.0,12.0,3.592,33.0,-100.0,-100.0,-100.0,-8.0,0.0,-0.0,31.0,-100.0,-100.0,-100.0,-24.0,1.0,-0.0,30.0,-88.533,-88.0,-88.0,-32.0,2.0,-0.0,31.0,-100.0,-100.0,-100.0,0.0,0.0,-0.0,30.0,10.732,9.756,9.756,16.0,0.0,0.0,30.0,23.299,23.299,23.299,0.0,0.0,-0.0,31.0
36.0165,1,fwd,90.0,11.9,-44.449,90.0,-45.002,76.0,12.0,2.662,33.0,-100.0,-100.0,-100.0,-8.0,0.0,-0.0,31.0,-100.0,-100.0,-100.0,-24.0,1.0,-0.0,30.0,-88.533,-88.0,-88.0,-32.0,2.0,-0.0,31.0,-100.0,-100.0,-100.0,0.0,0.0,-0.0,30.0,10.732,9.756,9.756,16.0,0.0,0.0,30.0,23.299,23.299,23.299,0.0,0.0,-0.0,31.0
36.0695,1,fwd,90.0,11.9,-44.09,90.0,-44.789,76.0,12.0,4.747,33.0,-100.0,-100.0,-100.0,-8.0,0.0,-0.0,31.0,-100.0,-100.0,-100.0,-24.0,1.0,-0.0,30.0,-88.533,-88.0,-88.0,-32.0,2.0,-0.0,31.0,-100.0,-100.0,-100.0,0.0,0.0,-0.0,30.0,10.732,9.756,9.756,16.0,0.0,0.0,30.0,23.299,23.299,23.299,0.0,0.0,-0.0,31.0
36.1238,1,fwd,90.0,11.9,-43.82,90.0,-44.669,76.0,12.0,4.585,33.0,-100.0,-100.0,-100.0,-8.0,0.0,-0.0,31.0,-100.0,-100.0,-100.0,-24.0,1.0,-0.0,30.0,-88.533,-88.0,-88.0,-32.0,2.0,-0.0,31.0,-100.0,-100.0,-100.0,0.0,0.0,-0.0,30.0,10.732,9.756,9.756,16.0,0.0,0.0,30.0,23.299,23.299,23.299,0.0,0.0,-0.0,31.0
36.1764,1,fwd,90.0,11.9,-43.73,90.0,-44.451,76.0,12.0,2.929,33.0,-100.0,-100.0,-100.0,-8.0,0.0,-0.0,31.0,-100.0,-100.0,-100.0,-24.0,1.0,-0.0,30.0,-88.533,-88.0,-88.0,-32.0,2.0,-0.0,31.0,-100.0,-100.0,-100.0,0.0,0.0,-0.0,30.0,10.732,9.756,9.756,16.0,0.0,0.0,30.0,23.299,23.299,23.299,0.0,0.0,-0.0,31.0
36.2295,1,fwd,90.0,11.9,-43.461,90.0,-44.236,76.0,12.0,4.101,33.0,-100.0,-100.0,-100.0,-8.0,0.0,-0.0,31.0,-100.0,-100.0,-100.0,-24.0,1.0,-0.0,30.0,-88.533,-88.0,-88.0,-32.0,2.0,-0.0,31.0,-100.0,-100.0,-100.0,0.0,0.0,-0.0,30.0,10.732,9.756,9.756,16.0,0.0,0.0,30.0,23.299,23.299,23.299,0.0,0.0,-0.0,31.0
36.2812,1,fwd,90.0,11.9,-43.281,90.0,-44.021,76.0,12.0,3.722,33.0,-100.0,-100.0,-100.0,-8.0,0.0,-0.0,31.0,-100.0,-100.0,-100.0,-24.0,1.0,-0.0,30.0,-88.533,-88.0,-88.0,-32.0,2.0,-0.0,31.0,-100.0,-100.0,-100.0,0.0,0.0,-0.0,30.0,10.732,9.756,9.756,16.0,0.0,0.0,30.0,23.299,23.299,23.299,0.0,0.0,-0.0,31.0
36.3347,1,fwd,90.0,11.9,-43.101,90.0,-43.805,76.0,12.0,3.517,33.0,-100.0,-100.0,-100.0,-8.0,0.0,-0.0,31.0,-100.0,-100.0,-100.0,-24.0,1.0,-0.0,30.0,-88.533,-88.0,-88.0,-32.0,2.0,-0.0,31.0,-100.0,-100.0,-100.0,0.0,0.0,-0.0,30.0,10.732,9.756,9.756,16.0,0.0,0.0,30.0,23.299,23.299,23.299,0.0,0.0,-0.0,31.0
36.387,1,fwd,90.0,11.9,-42.742,90.0,-43.59,76.0,12.0,5.455,33.0,-100.0,-100.0,-100.0,-8.0,0.0,-0.0,31.0,-100.0,-100.0,-100.0,-24.0,1.0,-0.0,30.0,-88.533,-88.0,-88.0,-32.0,2.0,-0.0,31.0,-100.0,-100.0,-100.0,0.0,0.0,-0.0,30.0,10.732,9.756,9.756,16.0,0.0,0.0,30.0,23.299,23.299,23.299,0.0,0.0,-0.0,31.0
36.4398,1,fwd,90.0,11.9,-42.472,90.0,-43.377,76.0,12.0,5.12,33.0,-100.0,-100.0,-100.0,-8.0,0.0,-0.0,31.0,-100.0,-100.0,-100.0,-24.0,1.0,-0.0,30.0,-88.533,-88.0,-88.0,-32.0,2.0,-0.0,31.0,-100.0,-100.0,-100.0,0.0,0.0,-0.0,30.0,10.732,9.756,9.756,16.0,0.0,0.0,30.0,23.299,23.299,23.299,0.0,0.0,-0.0,31.0
36.494,1,fwd,90.0,11.9,-42.382,90.0,-43.165,76.0,12.0,3.518,33.0,-100.0,-100.0,-100.0,-8.0,0.0,-0.0,31.0,-100.0,-100.0,-100.0,-24.0,1.0,-0.0,30.0,-88.533,-88.0,-88.0,-32.0,2.0,-0.0,31.0,-100.0,-100.0,-100.0,0.0,0.0,-0.0,30.0,10.732,9.756,9.756,16.0,0.0,0.0,30.0,23.299,23.299,23.299,0.0,0.0,-0.0,31.0
36.5473,1,fwd,90.0,11.9,-42.202,90.0,-42.924,72.0,9.0,3.355,33.0,-100.0,-100.0,-100.0,-8.0,0.0,-0.0,31.0,-100.0,-100.0,-100.0,-24.0,1.0,-0.0,30.0,-88.533,-88.0,-88.0,-32.0,1.0,-0.0,31.0,-100.0,-100.0,-100.0,-8.0,0.0,-0.0,30.0,10.732,9.756,9.756,16.0,0.0,0.0,30.0,23.299,23.299,23.299,0.0,0.0,-0.0,31.0
36.6003,1,fwd,90.0,11.9,-42.022,90.0,-42.71,72.0,9.0,3.363,33.0,-100.0,-100.0,-100.0,-8.0,0.0,-0.0,31.0,-100.0,-100.0,-100.0,-24.0,1.0,-0.0,30.0,-88.533,-88.0,-88.0,-32.0,1.0,-0.0,31.0,-100.0,-100.0,-100.0,-8.0,0.0,-0.0,30.0,10.732,9.756,9.756,16.0,0.0,0.0,30.0,23.299,23.299,23.299,0.0,0.0,-0.0,31.0
36.6535,1,fwd,90.0,11.9,-41.753,90.0,-42.495,72.0,9.0,4.349,33.0,-100.0,-100.0,-100.0,-8.0,0.0,-0.0,31.0,-100.0,-100.0,-100.0,-24.0,1.0,-0.0,30.0,-88.533,-88.0,-88.0,-32.0,1.0,-0.0,31.0,-100.0,-100.0,-100.0,-8.0,0.0,-0.0,30.0,10.732,9.756,9.756,16.0,0.0,0.0,30.0,23.299,23.299,23.299,0.0,0.0,-0.0,31.0
36.7068,1,fwd,90.0,11.9,-41.573,90.0,-42.278,72.0,9.0,3.827,33.0,-100.0,-100.0,-100.0,-8.0,0.0,-0.0,31.0,-100.0,-100.0,-100.0,-24.0,1.0,-0.0,30.0,-88.533,-88.0,-88.0,-32.0,1.0,-0.0,31.0,-100.0,-100.0,-100.0,-8.0,0.0,-0.0,30.0,10.732,9.756,9.756,16.0,0.0,0.0,30.0,23.299,23.299,23.299,0.0,0.0,-0.0,31.0
36.759,1,fwd,90.0,11.9,-41.213,90.0,-42.065,72.0,9.0,5.332,33.0,-100.0,-100.0,-100.0,-8.0,0.0,-0.0,31.0,-100.0,-100.0,-100.0,-24.0,1.0,-0.0,30.0,-88.533,-88.0,-88.0,-32.0,1.0,-0.0,31.0,-100.0,-100.0,-100.0,-8.0,0.0,-0.0,30.0,10.732,9.756,9.756,16.0,0.0,0.0,30.0,23.299,23.299,23.299,0.0,0.0,-0.0,31.0
36.8118,1,fwd,90.0,11.9,-40.944,90.0,-41.852,72.0,9.0,5.04,33.0,-100.0,-100.0,-100.0,-8.0,0.0,-0.0,31.0,-100.0,-100.0,-100.0,-24.0,1.0,-0.0,30.0,-88.533,-88.0,-88.0,-32.0,1.0,-0.0,31.0,-100.0,-100.0,-100.0,-8.0,0.0,-0.0,30.0,10.732,9.756,9.756,16.0,0.0,0.0,30.0,23.299,23.299,23.299,0.0,0.0,-0.0,31.0
36.8649,1,fwd,90.0,11.9,-40.854,90.0,-41.636,72.0,9.0,3.168,33.0,-100.0,-100.0,-100.0,-8.0,0.0,-0.0,31.0,-100.0,-100.0,-100.0,-24.0,1.0,-0.0,30.0,-88.533,-88.0,-88.0,-32.0,1.0,-0.0,31.0,-100.0,-100.0,-100.0,-8.0,0.0,-0.0,30.0,10.732,9.756,9.756,16.0,0.0,0.0,30.0,23.299,23.299,23.299,0.0,0.0,-0.0,31.0
36.9183,1,fwd,90.0,11.9,-40.854,90.0,-41.42,72.0,9.0,2.218,33.0,-100.0,-100.0,-100.0,-8.0,0.0,-0.0,31.0,-100.0,-100.0,-100.0,-24.0,1.0,-0.0,30.0,-88.533,-88.0,-88.0,-32.0,1.0,-0.0,31.0,-100.0,-100.0,-100.0,-8.0,0.0,-0.0,30.0,10.732,9.756,9.756,16.0,0.0,0.0,30.0,23.299,23.299,23.299,0.0,0.0,-0.0,31.0
36.9709,1,fwd,90.0,11.9,-40.584,90.0,-41.192,72.0,9.0,3.345,33.0,-100.0,-100.0,-100.0,-8.0,0.0,-0.0,31.0,-100.0,-100.0,-100.0,-24.0,1.0,-0.0,30.0,-88.533,-88.0,-88.0,-32.0,1.0,-0.0,31.0,-100.0,-100.0,-100.0,-8.0,0.0,-0.0,30.0,10.732,9.756,9.756,16.0,0.0,0.0,30.0,23.299,23.299,23.299,0.0,0.0,-0.0,31.0
37.0249,1,fwd,90.0,11.9,-40.404,90.0,-40.968,72.0,9.0,3.665,33.0,-100.0,-100.0,-100.0,-8.0,0.0,-0.0,31.0,-100.0,-100.0,-100.0,-24.0,1.0,-0.0,30.0,-88.533,-88.0,-88.0,-32.0,1.0,-0.0,31.0,-100.0,-100.0,-100.0,-8.0,0.0,-0.0,30.0,10.732,9.756,9.756,16.0,0.0,0.0,30.0,23.299,23.299,23.299,0.0,0.0,-0.0,31.0
37.0784,1,fwd,90.0,11.9,-40.225,90.0,-40.849,72.0,9.0,3.431,33.0,-100.0,-100.0,-100.0,-8.0,0.0,-0.0,31.0,-100.0,-100.0,-100.0,-24.0,1.0,-0.0,30.0,-88.533,-88.0,-88.0,-32.0,1.0,-0.0,31.0,-100.0,-100.0,-100.0,-8.0,0.0,-0.0,30.0,10.732,9.756,9.756,16.0,0.0,0.0,30.0,23.299,23.299,23.299,0.0,0.0,-0.0,31.0
37.1314,1,fwd,90.0,11.9,-39.865,90.0,-40.603,68.0,8.0,4.153,33.0,-100.0,-100.0,-100.0,-8.0,0.0,-0.0,31.0,-100.0,-100.0,-100.0,-24.0,2.0,-0.0,30.0,-88.533,-88.0,-88.0,-32.0,1.0,-0.0,31.0,-100.0,-100.0,-100.0,-8.0,0.0,-0.0,30.0,10.732,9.756,9.756,16.0,0.0,0.0,30.0,23.299,23.299,23.299,0.0,0.0,-0.0,31.0
37.1845,1,fwd,90.0,11.9,-39.596,90.0,-40.386,68.0,8.0,4.425,33.0,-100.0,-100.0,-100.0,-8.0,0.0,-0.0,31.0,-100.0,-100.0,-100.0,-24.0,2.0,-0.0,30.0,-88.533,-88.0,-88.0,-32.0,1.0,-0.0,31.0,-100.0,-100.0,-100.0,-8.0,0.0,-0.0,30.0,10.732,9.756,9.756,16.0,0.0,0.0,30.0,23.299,23.299,23.299,0.0,0.0,-0.0,31.0
37.2377,1,fwd,90.0,11.9,-39.506,90.0,-40.168,68.0,8.0,2.852,33.0,-100.0,-100.0,-100.0,-8.0,0.0,-0.0,31.0,-100.0,-100.0,-100.0,-24.0,2.0,-0.0,30.0,-88.533,-88.0,-88.0,-32.0,1.0,-0.0,31.0,-100.0,-100.0,-100.0,-8.0,0.0,-0.0,30.0,10.732,9.756,9.756,16.0,0.0,0.0,30.0,23.299,23.299,23.299,0.0,0.0,-0.0,31.0
37.2902,1,fwd,90.0,11.9,-39.326,90.0,-39.954,68.0,8.0,3.108,33.0,-100.0,-100.0,-100.0,-8.0,0.0,-0.0,31.0,-100.0,-100.0,-100.0,-24.0,2.0,-0.0,30.0,-88.533,-88.0,-88.0,-32.0,1.0,-0.0,31.0,-100.0,-100.0,-100.0,-8.0,0.0,-0.0,30.0,10.732,9.756,9.756,16.0,0.0,0.0,30.0,23.299,23.299,23.299,0.0,0.0,-0.0,31.0
37.3429,1,fwd,90.0,11.9,-39.056,90.0,-39.739,68.0,8.0,3.929,33.0,-100.0,-100.0,-100.0,-8.0,0.0,-0.0,31.0,-100.0,-100.0,-100.0,-24.0,2.0,-0.0,30.0,-88.533,-88.0,-88.0,-32.0,1.0,-0.0,31.0,-100.0,-100.0,-100.0,-8.0,0.0,-0.0,30.0,10.732,9.756,9.756,16.0,0.0,0.0,30.0,23.299,23.299,23.299,0.0,0.0,-0.0,31.0
37.3949,1,fwd,90.0,11.9,-38.876,90.0,-39.526,68.0,8.0,3.647,33.0,-100.0,-100.0,-100.0,-8.0,0.0,-0.0,31.0,-100.0,-100.0,-100.0,-24.0,2.0,-0.0,30.0,-88.533,-88.0,-88.0,-32.0,1.0,-0.0,31.0,-100.0,-100.0,-100.0,-8.0,0.0,-0.0,30.0,10.732,9.756,9.756,16.0,0.0,0.0,30.0,23.299,23.299,23.299,0.0,0.0,-0.0,31.0
37.4483,1,fwd,90.0,11.9,-38.607,90.0,-39.311,68.0,8.0,4.476,33.0,-100.0,-100.0,-100.0,-8.0,0.0,-0.0,31.0,-100.0,-100.0,-100.0,-24.0,2.0,-0.0,30.0,-88.533,-88.0,-88.0,-32.0,1.0,-0.0,31.0,-100.0,-100.0,-100.0,-8.0,0.0,-0.0,30.0,10.732,9.756,9.756,16.0,0.0,0.0,30.0,23.299,23.299,23.299,0.0,0.0,-0.0,31.0
37.5024,1,fwd,90.0,11.9,-38.337,90.0,-39.097,68.0,8.0,4.926,33.0,-100.0,-100.0,-100.0,-8.0,0.0,-0.0,31.0,-100.0,-100.0,-100.0,-24.0,2.0,-0.0,30.0,-88.533,-88.0,-88.0,-32.0,1.0,-0.0,31.0,-100.0,-100.0,-100.0,-8.0,0.0,-0.0,30.0,10.732,9.756,9.756,16.0,0.0,0.0,30.0,23.299,23.299,23.299,0.0,0.0,-0.0,31.0
37.5553,1,fwd,90.0,11.9,-38.067,90.0,-38.884,68.0,8.0,4.843,33.0,-100.0,-100.0,-100.0,-8.0,0.0,-0.0,31.0,-100.0,-100.0,-100.0,-24.0,2.0,-0.0,30.0,-88.533,-88.0,-88.0,-32.0,1.0,-0.0,31.0,-100.0,-100.0,-100.0,-8.0,0.0,-0.0,30.0,10.732,9.756,9.756,16.0,0.0,0.0,30.0,23.299,23.299,23.299,0.0,0.0,-0.0,31.0
37.6081,1,fwd,90.0,11.9,-37.978,90.0,-38.67,68.0,8.0,3.374,33.0,-100.0,-100.0,-100.0,-8.0,0.0,-0.0,31.0,-100.0,-100.0,-100.0,-24.0,2.0,-0.0,30.0,-88.533,-88.0,-88.0,-32.0,1.0,-0.0,31.0,-100.0,-100.0,-100.0,-8.0,0.0,-0.0,30.0,10.732,9.756,9.756,16.0,0.0,0.0,30.0,23.299,23.299,23.299,0.0,0.0,-0.0,31.0
37.661,1,fwd,90.0,11.9,-37.888,90.0,-38.562,68.0,8.0,3.38,33.0,-100.0,-100.0,-100.0,-8.0,0.0,-0.0,31.0,-100.0,-100.0,-100.0,-24.0,2.0,-0.0,30.0,-88.533,-88.0,-88.0,-32.0,1.0,-0.0,31.0,-100.0,-100.0,-100.0,-8.0,0.0,-0.0,30.0,10.732,9.756,9.756,16.0,0.0,0.0,30.0,23.299,23.299,23.299,0.0,0.0,-0.0,31.0
37.7143,1,fwd,90.0,11.9,-37.798,90.0,-38.216,60.0,6.0,2.815,33.0,-100.0,-100.0,-100.0,-8.0,0.0,-0.0,31.0,-100.0,-100.0,-100.0,-24.0,1.0,-0.0,30.0,-88.533,-88.0,-88.0,-32.0,2.0,-0.0,31.0,-100.0,-100.0,-100.0,-8.0,0.0,-0.0,30.0,10.732,9.756,9.756,16.0,0.0,0.0,31.0,23.299,23.299,23.299,0.0,0.0,-0.0,31.0
37.7668,1,fwd,90.0,11.9,-37.528,90.0,-38.103,60.0,6.0,4.073,33.0,-100.0,-100.0,-100.0,-8.0,0.0,-0.0,31.0,-100.0,-100.0,-100.0,-24.0,1.0,-0.0,30.0,-88.533,-88.0,-88.0,-32.0,2.0,-0.0,31.0,-100.0,-100.0,-100.0,-8.0,0.0,-0.0,30.0,10.732,9.756,9.756,16.0,0.0,0.0,31.0,23.299,23.299,23.299,0.0,0.0,-0.0,31.0
37.8205,1,fwd,90.0,11.9,-37.348,90.0,-37.879,60.0,6.0,3.289,33.0,-100.0,-100.0,-100.0,-8.0,0.0,-0.0,31.0,-100.0,-100.0,-100.0,-24.0,1.0,-0.0,30.0,-88.533,-88.0,-88.0,-32.0,2.0,-0.0,31.0,-100.0,-100.0,-100.0,-8.0,0.0,-0.0,30.0,10.244,9.756,9.756,16.0,0.0,-3.51,31.0,23.299,23.299,23.299,0.0,0.0,-0.0,31.0
37.8723,1,fwd,90.0,11.9,-36.989,90.0,-37.666,60.0,6.0,5.307,33.0,-100.0,-100.0,-100.0,-8.0,0.0,-0.0,31.0,-100.0,-100.0,-100.0,-24.0,1.0,-0.0,30.0,-88.533,-88.0,-88.0,-32.0,2.0,-0.0,31.0,-100.0,-100.0,-100.0,-8.0,0.0,-0.0,30.0,10.244,9.756,9.756,16.0,0.0,-1.72,31.0,23.299,23.299,23.299,0.0,0.0,-0.0,31.0
37.9248,1,fwd,90.0,11.9,-36.719,90.0,-37.45,60.0,6.0,5.011,33.0,-100.0,-100.0,-100.0,-8.0,0.0,-0.0,31.0,-100.0,-100.0,-100.0,-24.0,1.0,-0.0,30.0,-88.533,-88.0,-88.0,-32.0,2.0,-0.0,31.0,-100.0,-100.0,-100.0,-8.0,0.0,-0.0,30.0,10.244,9.756,9.756,16.0,0.0,-0.843,31.0,23.299,23.299,23.299,0.0,0.0,-0.0,31.0
37.9784,1,fwd,90.0,11.9,-36.629,90.0,-37.235,60.0,6.0,3.162,33.0,-100.0,-100.0,-100.0,-8.0,0.0,-0.0,31.0,-100.0,-100.0,-100.0,-24.0,1.0,-0.0,30.0,-88.533,-88.0,-88.0,-32.0,2.0,-0.0,31.0,-100.0,-100.0,-100.0,-8.0,0.0,-0.0,30.0,10.244,9.756,9.756,16.0,0.0,-0.413,31.0,23.299,23.299,23.299,0.0,0.0,-0.0,31.0
38.0313,1,fwd,90.0,11.9,-36.449,90.0,-37.02,60.0,6.0,2.97,33.0,-100.0,-100.0,-100.0,-8.0,0.0,-0.0,31.0,-100.0,-100.0,-100.0,-24.0,1.0,-0.0,30.0,-88.533,-88.0,-88.0,-32.0,2.0,-0.0,31.0,-100.0,-100.0,-100.0,-8.0,0.0,-0.0,30.0,10.244,9.756,9.756,16.0,0.0,-0.202,31.0,23.299,23.299,23.299,0.0,0.0,-0.0,31.0
38.0839,1,fwd,90.0,11.9,-36.18,90.0,-36.807,60.0,6.0,3.875,33.0,-100.0,-100.0,-100.0,-8.0,0.0,-0.0,31.0,-100.0,-100.0,-100.0,-24.0,1.0,-0.0,30.0,-88.533,-88.0,-88.0,-32.0,2.0,-0.0,31.0,-100.0,-100.0,-100.0,-8.0,0.0,-0.0,30.0,10.244,9.756,9.756,16.0,0.0,-0.099,31.0,23.299,23.299,23.299,0.0,0.0,-0.0,31.0
38.1373,1,fwd,90.0,11.9,-36.0,90.0,-36.591,60.0,6.0,3.606,33.0,-100.0,-100.0,-100.0,-8.0,0.0,-0.0,31.0,-100.0,-100.0,-100.0,-24.0,1.0,-0.0,30.0,-88.533,-88.0,-88.0,-32.0,2.0,-0.0,31.0,-100.0,-100.0,-100.0,-8.0,0.0,-0.0,30.0,10.244,9.756,9.756,16.0,0.0,-0.049,31.0,23.299,23.299,23.299,0.0,0.0,-0.0,31.0
38.1896,1,fwd,90.0,11.9,-35.82,90.0,-36.377,60.0,6.0,3.48,33.0,-100.0,-100.0,-100.0,-8.0,0.0,-0.0,31.0,-100.0,-100.0,-100.0,-24.0,1.0,-0.0,30.0,-88.533,-88.0,-88.0,-32.0,2.0,-0.0,31.0,-100.0,-100.0,-100.0,-8.0,0.0,-0.0,30.0,10.244,9.756,9.756,16.0,0.0,-0.024,31.0,23.299,23.299,23.299,0.0,0.0,-0.0,31.0
38.2421,1,fwd,90.0,11.9,-35.64,90.0,-36.269,64.0,7.0,4.422,33.0,-100.0,-100.0,-100.0,-8.0,0.0,-0.0,31.0,-100.0,-100.0,-100.0,-24.0,0.0,-0.0,30.0,-88.533,-88.0,-88.0,-32.0,2.0,-0.0,31.0,-100.0,-100.0,-100.0,0.0,0.0,-0.0,30.0,10.244,9.756,9.756,8.0,0.0,-0.017,30.0,23.299,23.299,23.299,0.0,0.0,-0.0,31.0
38.2955,1,fwd,90.0,11.9,-35.281,90.0,-35.935,64.0,7.0,3.501,33.0,-100.0,-100.0,-100.0,-8.0,0.0,-0.0,31.0,-100.0,-100.0,-100.0,-24.0,0.0,-0.0,30.0,-88.533,-88.0,-88.0,-32.0,2.0,-0.0,31.0,-100.0,-100.0,-100.0,0.0,0.0,-0.0,30.0,10.244,9.756,9.756,8.0,0.0,-0.008,30.0,23.299,23.299,23.299,0.0,0.0,-0.0,31.0
38.3479,1,fwd,90.0,11.9,-35.101,90.0,-35.72,64.0,7.0,3.42,33.0,-100.0,-100.0,-100.0,-8.0,0.0,-0.0,31.0,-100.0,-100.0,-100.0,-24.0,0.0,-0.0,30.0,-88.533,-88.0,-88.0,-32.0,2.0,-0.0,31.0,-100.0,-100.0,-100.0,0.0,0.0,-0.0,30.0,10.244,9.756,9.756,8.0,0.0,-0.004,30.0,23.299,23.299,23.299,0.0,0.0,-0.0,31.0
38.4004,1,fwd,90.0,11.9,-34.921,90.0,-35.505,64.0,7.0,3.715,33.0,-100.0,-100.0,-100.0,-8.0,0.0,-0.0,31.0,-100.0,-100.0,-100.0,-24.0,0.0,-0.0,30.0,-88.533,-88.0,-88.0,-32.0,2.0,-0.0,31.0,-100.0,-100.0,-100.0,0.0,0.0,-0.0,30.0,10.244,9.756,9.756,8.0,0.0,-0.002,30.0,23.299,23.299,23.299,0.0,0.0,-0.0,31.0
38.4535,1,fwd,90.0,11.9,-34.831,90.0,-35.294,64.0,7.0,2.535,33.0,-100.0,-100.0,-100.0,-8.0,0.0,-0.0,31.0,-100.0,-100.0,-100.0,-24.0,0.0,-0.0,30.0,-88.533,-88.0,-88.0,-32.0,2.0,-0.0,31.0,-100.0,-100.0,-100.0,0.0,0.0,-0.0,30.0,10.244,9.756,9.756,8.0,0.0,-0.001,30.0,23.299,23.299,23.299,0.0,0.0,-0.0,31.0
38.5072,1,fwd,90.0,11.9,-34.472,90.0,-35.081,64.0,7.0,4.669,33.0,-100.0,-100.0,-100.0,-8.0,0.0,-0.0,31.0,-100.0,-100.0,-100.0,-24.0,0.0,-0.0,30.0,-88.533,-88.0,-88.0,-32.0,2.0,-0.0,31.0,-100.0,-100.0,-100.0,0.0,0.0,-0.0,30.0,10.244,9.756,9.756,8.0,0.0,-0.0,30.0,23.299,23.299,23.299,0.0,0.0,-0.0,31.0
38.5601,1,fwd,90.0,11.9,-34.202,90.0,-34.868,64.0,7.0,5.007,33.0,-100.0,-100.0,-100.0,-8.0,0.0,-0.0,31.0,-100.0,-100.0,-100.0,-24.0,0.0,-0.0,30.0,-88.533,-88.0,-88.0,-32.0,2.0,-0.0,31.0,-100.0,-100.0,-100.0,0.0,0.0,-0.0,30.0,10.244,9.756,9.756,8.0,0.0,-0.0,30.0,23.299,23.299,23.299,0.0,0.0,-0.0,31.0
38.6119,1,fwd,90.0,11.9,-33.843,90.0,-34.651,64.0,7.0,6.105,33.0,-100.0,-100.0,-100.0,-8.0,0.0,-0.0,31.0,-100.0,-100.0,-100.0,-24.0,0.0,-0.0,30.0,-88.533,-88.0,-88.0,-32.0,2.0,-0.0,31.0,-100.0,-100.0,-100.0,0.0,0.0,-0.0,30.0,10.244,9.756,9.756,8.0,0.0,-0.0,30.0,23.299,23.299,23.299,0.0,0.0,-0.0,31.0
38.6651,1,fwd,90.0,11.9,-33.753,90.0,-34.436,64.0,7.0,3.695,33.0,-100.0,-100.0,-100.0,-8.0,0.0,-0.0,31.0,-100.0,-100.0,-100.0,-24.0,0.0,-0.0,30.0,-88.533,-88.0,-88.0,-32.0,2.0,-0.0,31.0,-100.0,-100.0,-100.0,0.0,0.0,-0.0,30.0,10.244,9.756,9.756,8.0,0.0,-0.0,30.0,23.299,23.299,23.299,0.0,0.0,-0.0,31.0
38.7182,1,fwd,90.0,11.9,-33.663,90.0,-34.221,64.0,7.0,3.589,33.0,-100.0,-100.0,-100.0,-8.0,0.0,-0.0,31.0,-100.0,-100.0,-100.0,-24.0,0.0,-0.0,30.0,-88.533,-88.0,-88.0,-32.0,2.0,-0.0,31.0,-100.0,-100.0,-100.0,0.0,0.0,-0.0,30.0,10.244,9.756,9.756,8.0,0.0,-0.0,30.0,23.299,23.299,23.299,0.0,0.0,-0.0,31.0
38.7715,1,fwd,90.0,11.9,-33.573,90.0,-34.003,64.0,7.0,2.45,33.0,-100.0,-100.0,-100.0,-8.0,0.0,-0.0,31.0,-100.0,-100.0,-100.0,-24.0,0.0,-0.0,30.0,-88.533,-88.0,-88.0,-32.0,2.0,-0.0,31.0,-100.0,-100.0,-100.0,0.0,0.0,-0.0,30.0,10.244,9.756,9.756,8.0,0.0,-0.0,30.0,23.299,23.299,23.299,0.0,0.0,-0.0,31.0
38.8242,1,fwd,90.0,11.9,-33.483,90.0,-34.003,68.0,5.0,2.61,33.0,-100.0,-100.0,-100.0,-8.0,0.0,-0.0,31.0,-100.0,-100.0,-100.0,-24.0,1.0,-0.0,30.0,-88.533,-88.0,-88.0,-32.0,2.0,-0.0,31.0,-100.0,-100.0,-100.0,0.0,0.0,-0.0,30.0,10.244,9.756,9.756,8.0,0.0,-0.0,31.0,23.299,23.299,23.299,0.0,0.0,-0.0,31.0
38.8763,1,fwd,90.0,11.9,-33.124,90.0,-33.652,68.0,5.0,3.259,33.0,-100.0,-100.0,-100.0,-8.0,0.0,-0.0,31.0,-100.0,-100.0,-100.0,-24.0,1.0,-0.0,30.0,-88.533,-88.0,-88.0,-32.0,2.0,-0.0,31.0,-100.0,-100.0,-100.0,0.0,0.0,-0.0,30.0,10.244,9.756,9.756,8.0,0.0,-0.0,31.0,23.299,23.299,23.299,0.0,0.0,-0.0,31.0
38.9298,1,fwd,90.0,11.9,-32.854,90.0,-33.435,68.0,5.0,4.296,33.0,-100.0,-100.0,-100.0,-8.0,0.0,-0.0,31.0,-100.0,-100.0,-100.0,-24.0,1.0,-0.0,30.0,-88.533,-88.0,-88.0,-32.0,2.0,-0.0,31.0,-100.0,-100.0,-100.0,0.0,0.0,-0.0,30.0,10.244,9.756,9.756,8.0,0.0,-0.0,31.0,23.299,23.299,23.299,0.0,0.0,-0.0,31.0
38.9811,1,fwd,90.0,11.9,-32.584,90.0,-33.221,68.0,5.0,4.518,33.0,-100.0,-100.0,-100.0,-8.0,0.0,-0.0,31.0,-100.0,-100.0,-100.0,-24.0,1.0,-0.0,30.0,-88.533,-88.0,-88.0,-32.0,2.0,-0.0,31.0,-100.0,-100.0,-100.0,0.0,0.0,-0.0,30.0,10.244,9.756,9.756,8.0,0.0,-0.0,31.0,23.299,23.299,23.299,0.0,0.0,-0.0,31.0
39.034,1,fwd,90.0,11.9,-32.404,90.0,-33.005,68.0,5.0,3.607,33.0,-100.0,-100.0,-100.0,-8.0,0.0,-0.0,31.0,-100.0,-100.0,-100.0,-24.0,1.0,-0.0,30.0,-88.533,-88.0,-88.0,-32.0,2.0,-0.0,31.0,-100.0,-100.0,-100.0,0.0,0.0,-0.0,30.0,10.244,9.756,9.756,8.0,0.0,-0.0,31.0,23.299,23.299,23.299,0.0,0.0,-0.0,31.0
39.0865,1,fwd,90.0,11.9,-32.225,90.0,-32.788,68.0,5.0,3.468,33.0,-100.0,-100.0,-100.0,-8.0,0.0,-0.0,31.0,-100.0,-100.0,-100.0,-24.0,1.0,-0.0,30.0,-88.533,-88.0,-88.0,-32.0,2.0,-0.0,31.0,-100.0,-100.0,-100.0,0.0,0.0,-0.0,30.0,10.244,9.756,9.756,8.0,0.0,-0.0,31.0,23.299,23.299,23.299,0.0,0.0,-0.0,31.0
39.1388,1,fwd,90.0,11.9,-32.135,90.0,-32.571,68.0,5.0,2.397,33.0,-100.0,-100.0,-100.0,-8.0,0.0,-0.0,31.0,-100.0,-100.0,-100.0,-24.0,1.0,-0.0,30.0,-88.533,-88.0,-88.0,-32.0,2.0,-0.0,31.0,-100.0,-100.0,-100.0,0.0,0.0,-0.0,30.0,10.244,9.756,9.756,8.0,0.0,-0.0,31.0,23.299,23.299,23.299,0.0,0.0,-0.0,31.0
39.1922,1,fwd,90.0,11.9,-31.955,90.0,-32.355,68.0,5.0,2.581,33.0,-100.0,-100.0,-100.0,-8.0,0.0,-0.0,31.0,-100.0,-100.0,-100.0,-24.0,1.0,-0.0,30.0,-88.533,-88.0,-88.0,-32.0,2.0,-0.0,31.0,-100.0,-100.0,-100.0,0.0,0.0,-0.0,30.0,10.244,9.756,9.756,8.0,0.0,-0.0,31.0,23.299,23.299,23.299,0.0,0.0,-0.0,31.0
39.2454,1,fwd,90.0,11.9,-31.596,90.0,-32.14,68.0,5.0,4.688,33.0,-100.0,-100.0,-100.0,-8.0,0.0,-0.0,31.0,-100.0,-100.0,-100.0,-24.0,1.0,-0.0,30.0,-88.533,-88.0,-88.0,-32.0,2.0,-0.0,31.0,-100.0,-100.0,-100.0,0.0,0.0,-0.0,30.0,10.244,9.756,9.756,8.0,0.0,-0.0,31.0,23.299,23.299,23.299,0.0,0.0,-0.0,31.0
39.2984,1,fwd,90.0,11.9,-31.416,90.0,-31.927,68.0,5.0,4.017,33.0,-100.0,-100.0,-100.0,-8.0,0.0,-0.0,31.0,-100.0,-100.0,-100.0,-24.0,1.0,-0.0,30.0,-88.533,-88.0,-88.0,-32.0,2.0,-0.0,31.0,-100.0,-100.0,-100.0,0.0,0.0,-0.0,30.0,10.244,9.756,9.756,8.0,0.0,-0.0,31.0,23.299,23.299,23.299,0.0,0.0,-0.0,31.0
39.3516,1,fwd,90.0,11.9,-31.056,90.0,-31.711,68.0,5.0,5.375,33.0,-100.0,-100.0,-100.0,-8.0,0.0,-0.0,31.0,-100.0,-100.0,-100.0,-24.0,1.0,-0.0,30.0,-88.533,-88.0,-88.0,-32.0,2.0,-0.0,31.0,-100.0,-100.0,-100.0,0.0,0.0,-0.0,30.0,10.244,9.756,9.756,8.0,0.0,-0.0,31.0,23.299,23.299,23.299,0.0,0.0,-0.0,31.0
39.4039,1,fwd,90.0,11.9,-31.056,90.0,-31.471,76.0,10.0,5.375,33.0,-100.0,-100.0,-100.0,-8.0,0.0,-0.0,31.0,-100.0,-100.0,-100.0,-24.0,1.0,-0.0,30.0,-88.533,-88.0,-88.0,-32.0,2.0,-0.0,31.0,-100.0,-100.0,-100.0,0.0,0.0,-0.0,30.0,10.244,9.756,9.756,8.0,0.0,-0.0,30.0,23.299,23.299,23.299,0.0,0.0,-0.0,31.0
39.4574,1,fwd,90.0,11.9,-30.876,90.0,-31.247,76.0,10.0,3.235,33.0,-100.0,-100.0,-100.0,-8.0,0.0,-0.0,31.0,-100.0,-100.0,-100.0,-24.0,1.0,-0.0,30.0,-88.533,-88.0,-88.0,-32.0,2.0,-0.0,31.0,-100.0,-100.0,-100.0,0.0,0.0,-0.0,30.0,10.244,9.756,9.756,8.0,0.0,-0.0,30.0,23.299,23.299,23.299,0.0,0.0,-0.0,31.0
39.5113,1,fwd,90.0,11.9,-30.697,90.0,-31.128,76.0,10.0,3.211,33.0,-100.0,-100.0,-100.0,-8.0,0.0,-0.0,31.0,-100.0,-100.0,-100.0,-24.0,1.0,-0.0,30.0,-88.533,-88.0,-88.0,-32.0,2.0,-0.0,31.0,-100.0,-100.0,-100.0,0.0,0.0,-0.0,30.0,10.244,9.756,9.756,8.0,0.0,-0.0,30.0,23.299,23.299,23.299,0.0,0.0,-0.0,31.0
39.5639,1,fwd,90.0,11.9,-30.517,90.0,-30.901,76.0,10.0,3.228,33.0,-100.0,-100.0,-100.0,-8.0,0.0,-0.0,31.0,-100.0,-100.0,-100.0,-24.0,1.0,-0.0,30.0,-88.533,-88.0,-88.0,-32.0,2.0,-0.0,31.0,-100.0,-100.0,-100.0,0.0,0.0,-0.0,30.0,10.244,9.756,9.756,8.0,0.0,-0.0,30.0,23.299,23.299,23.299,0.0,0.0,-0.0,31.0
39.6171,1,fwd,90.0,11.9,-30.247,90.0,-30.688,76.0,10.0,4.002,33.0,-100.0,-100.0,-100.0,-8.0,0.0,-0.0,31.0,-100.0,-100.0,-100.0,-24.0,1.0,-0.0,30.0,-88.533,-88.0,-88.0,-32.0,2.0,-0.0,31.0,-100.0,-100.0,-100.0,0.0,0.0,-0.0,30.0,10.244,9.756,9.756,8.0,0.0,-0.0,30.0,23.299,23.299,23.299,0.0,0.0,-0.0,31.0
39.6697,1,fwd,90.0,11.9,-30.067,90.0,-30.473,76.0,10.0,3.667,33.0,-100.0,-100.0,-100.0,-8.0,0.0,-0.0,31.0,-100.0,-100.0,-100.0,-24.0,1.0,-0.0,30.0,-88.533,-88.0,-88.0,-32.0,2.0,-0.0,31.0,-100.0,-100.0,-100.0,0.0,0.0,-0.0,30.0,10.244,9.756,9.756,8.0,0.0,-0.0,30.0,23.299,23.299,23.299,0.0,0.0,-0.0,31.0
39.7227,1,fwd,90.0,11.9,-29.618,90.0,-30.259,76.0,10.0,5.934,33.0,-100.0,-100.0,-100.0,-8.0,0.0,-0.0,31.0,-100.0,-100.0,-100.0,-24.0,1.0,-0.0,30.0,-88.533,-88.0,-88.0,-32.0,2.0,-0.0,31.0,-100.0,-100.0,-100.0,0.0,0.0,-0.0,30.0,10.244,9.756,9.756,8.0,0.0,-0.0,30.0,23.299,23.299,23.299,0.0,0.0,-0.0,31.0
39.776,1,fwd,90.0,11.9,-29.438,90.0,-30.046,76.0,10.0,4.339,33.0,-100.0,-100.0,-100.0,-8.0,0.0,-0.0,31.0,-100.0,-100.0,-100.0,-24.0,1.0,-0.0,30.0,-88.533,-88.0,-88.0,-32.0,2.0,-0.0,31.0,-100.0,-100.0,-100.0,0.0,0.0,-0.0,30.0,10.244,9.756,9.756,8.0,0.0,-0.0,30.0,23.299,23.299,23.299,0.0,0.0,-0.0,31.0
39.8284,1,fwd,90.0,11.9,-29.258,90.0,-29.829,76.0,10.0,3.815,33.0,-100.0,-100.0,-100.0,-8.0,0.0,-0.0,31.0,-100.0,-100.0,-100.0,-24.0,1.0,-0.0,30.0,-88.533,-88.0,-88.0,-32.0,2.0,-0.0,31.0,-100.0,-100.0,-100.0,0.0,0.0,-0.0,30.0,10.244,9.756,9.756,8.0,0.0,-0.0,30.0,23.299,23.299,23.299,0.0,0.0,-0.0,31.0
39.8808,1,fwd,90.0,11.9,-29.169,90.0,-29.615,76.0,10.0,2.853,33.0,-100.0,-100.0,-100.0,-8.0,0.0,-0.0,31.0,-100.0,-100.0,-100.0,-24.0,1.0,-0.0,30.0,-88.533,-88.0,-88.0,-32.0,2.0,-0.0,31.0,-100.0,-100.0,-100.0,0.0,0.0,-0.0,30.0,10.244,9.756,9.756,8.0,0.0,-0.0,30.0,23.299,23.299,23.299,0.0,0.0,-0.0,31.0
39.9341,1,fwd,90.0,11.9,-28.989,90.0,-29.398,76.0,10.0,2.802,33.0,-100.0,-100.0,-100.0,-8.0,0.0,-0.0,31.0,-100.0,-100.0,-100.0,-24.0,1.0,-0.0,30.0,-88.533,-88.0,-88.0,-32.0,2.0,-0.0,31.0,-100.0,-100.0,-100.0,0.0,0.0,-0.0,30.0,10.244,9.756,9.756,8.0,0.0,-0.0,30.0,23.299,23.299,23.299,0.0,0.0,-0.0,31.0
39.9878,1,fwd,90.0,11.9,-28.719,90.0,-29.16,44.0,2.0,3.323,34.0,-100.0,-100.0,-100.0,-8.0,0.0,-0.0,31.0,-100.0,-100.0,-100.0,-24.0,1.0,-0.0,30.0,-88.533,-88.0,-88.0,-32.0,2.0,-0.0,31.0,-100.0,-100.0,-100.0,0.0,0.0,-0.0,30.0,10.244,9.756,9.756,8.0,0.0,-0.0,30.0,23.299,23.299,23.299,0.0,0.0,-0.0,31.0
40.0414,1,fwd,90.0,11.9,-28.449,90.0,-28.946,44.0,2.0,4.658,34.0,-100.0,-100.0,-100.0,-8.0,0.0,-0.0,31.0,-100.0,-100.0,-100.0,-24.0,1.0,-0.0,30.0,-88.533,-88.0,-88.0,-32.0,2.0,-0.0,31.0,-100.0,-100.0,-100.0,0.0,0.0,-0.0,30.0,10.244,9.756,9.756,8.0,0.0,-0.0,30.0,23.299,23.299,23.299,0.0,0.0,-0.0,31.0
40.0939,1,fwd,90.0,11.9,-28.27,90.0,-28.731,44.0,2.0,3.982,34.0,-100.0,-100.0,-100.0,-8.0,0.0,-0.0,31.0,-100.0,-100.0,-100.0,-24.0,1.0,-0.0,30.0,-88.533,-88.0,-88.0,-32.0,2.0,-0.0,31.0,-100.0,-100.0,-100.0,0.0,0.0,-0.0,30.0,10.244,9.756,9.756,8.0,0.0,-0.0,30.0,23.299,23.299,23.299,0.0,0.0,-0.0,31.0
40.1471,1,fwd,90.0,11.9,-28.0,90.0,-28.515,44.0,2.0,4.072,34.0,-100.0,-100.0,-100.0,-8.0,0.0,-0.0,31.0,-100.0,-100.0,-100.0,-24.0,1.0,-0.0,30.0,-88.533,-88.0,-88.0,-32.0,2.0,-0.0,31.0,-100.0,-100.0,-100.0,0.0,0.0,-0.0,30.0,10.244,9.756,9.756,8.0,0.0,-0.0,30.0,23.299,23.299,23.299,0.0,0.0,-0.0,31.0
40.2006,1,fwd,90.0,11.9,-27.82,90.0,-28.298,44.0,2.0,3.686,34.0,-100.0,-100.0,-100.0,-8.0,0.0,-0.0,31.0,-100.0,-100.0,-100.0,-24.0,1.0,-0.0,30.0,-88.533,-88.0,-88.0,-32.0,2.0,-0.0,31.0,-100.0,-100.0,-100.0,0.0,0.0,-0.0,30.0,10.244,9.756,9.756,8.0,0.0,-0.0,30.0,23.299,23.299,23.299,0.0,0.0,-0.0,31.0
40.253,1,fwd,90.0,11.9,-27.73,90.0,-28.083,44.0,2.0,2.799,34.0,-100.0,-100.0,-100.0,-8.0,0.0,-0.0,31.0,-100.0,-100.0,-100.0,-24.0,1.0,-0.0,30.0,-88.533,-88.0,-88.0,-32.0,2.0,-0.0,31.0,-100.0,-100.0,-100.0,0.0,0.0,-0.0,30.0,10.244,9.756,9.756,8.0,0.0,-0.0,30.0,23.299,23.299,23.299,0.0,0.0,-0.0,31.0
40.3064,1,fwd,90.0,11.9,-27.64,90.0,-27.867,44.0,2.0,2.977,34.0,-100.0,-100.0,-100.0,-8.0,0.0,-0.0,31.0,-100.0,-100.0,-100.0,-24.0,1.0,-0.0,30.0,-88.533,-88.0,-88.0,-32.0,2.0,-0.0,31.0,-100.0,-100.0,-100.0,0.0,0.0,-0.0,30.0,10.244,9.756,9.756,8.0,0.0,-0.0,30.0,23.299,23.299,23.299,0.0,0.0,-0.0,31.0
40.3588,1,fwd,90.0,11.9,-27.371,90.0,-27.651,44.0,2.0,4.138,34.0,-100.0,-100.0,-100.0,-8.0,0.0,-0.0,31.0,-100.0,-100.0,-100.0,-24.0,1.0,-0.0,30.0,-88.533,-88.0,-88.0,-32.0,2.0,-0.0,31.0,-100.0,-100.0,-100.0,0.0,0.0,-0.0,30.0,10.244,9.756,9.756,8.0,0.0,-0.0,30.0,23.299,23.299,23.299,0.0,0.0,-0.0,31.0
40.4122,1,fwd,90.0,11.9,-27.191,90.0,-27.424,44.0,2.0,3.676,34.0,-100.0,-100.0,-100.0,-8.0,0.0,-0.0,31.0,-100.0,-100.0,-100.0,-24.0,1.0,-0.0,30.0,-88.533,-88.0,-88.0,-32.0,2.0,-0.0,31.0,-100.0,-100.0,-100.0,0.0,0.0,-0.0,30.0,10.244,9.756,9.756,8.0,0.0,-0.0,30.0,23.299,23.299,23.299,0.0,0.0,-0.0,31.0
40.4661,1,fwd,90.0,11.9,-26.831,90.0,-27.203,44.0,2.0,5.127,34.0,-100.0,-100.0,-100.0,-8.0,0.0,-0.0,31.0,-100.0,-100.0,-100.0,-24.0,1.0,-0.0,30.0,-88.533,-88.0,-88.0,-32.0,2.0,-0.0,31.0,-100.0,-100.0,-100.0,0.0,0.0,-0.0,30.0,10.244,9.756,9.756,8.0,0.0,-0.0,30.0,23.299,23.299,23.299,0.0,0.0,-0.0,31.0
40.5205,1,fwd,90.0,11.9,-26.562,90.0,-27.09,44.0,2.0,4.53,34.0,-100.0,-100.0,-100.0,-8.0,0.0,-0.0,31.0,-100.0,-100.0,-100.0,-24.0,1.0,-0.0,30.0,-88.533,-88.0,-88.0,-32.0,2.0,-0.0,31.0,-100.0,-100.0,-100.0,0.0,0.0,-0.0,30.0,10.244,9.756,9.756,8.0,0.0,-0.0,30.0,23.299,23.299,23.299,0.0,0.0,-0.0,31.0
40.5734,1,fwd,90.0,11.9,-26.382,90.0,-26.848,56.0,5.0,4.065,34.0,-100.0,-100.0,-100.0,-8.0,0.0,-0.0,31.0,-100.0,-100.0,-100.0,-24.0,0.0,-0.0,30.0,-88.533,-88.0,-88.0,-32.0,1.0,-0.0,31.0,-100.0,-100.0,-100.0,0.0,0.0,-0.0,30.0,10.244,9.756,9.756,8.0,0.0,-0.0,31.0,23.299,23.299,23.299,0.0,0.0,-0.0,31.0
40.6267,1,fwd,90.0,11.9,-26.292,90.0,-26.634,56.0,5.0,3.0,34.0,-100.0,-100.0,-100.0,-8.0,0.0,-0.0,31.0,-100.0,-100.0,-100.0,-24.0,0.0,-0.0,30.0,-88.533,-88.0,-88.0,-32.0,1.0,-0.0,31.0,-100.0,-100.0,-100.0,0.0,0.0,-0.0,30.0,10.244,9.756,9.756,8.0,0.0,-0.0,31.0,23.299,23.299,23.299,0.0,0.0,-0.0,31.0
40.6787,1,fwd,90.0,11.9,-26.022,90.0,-26.418,56.0,5.0,3.859,34.0,-100.0,-100.0,-100.0,-8.0,0.0,-0.0,31.0,-100.0,-100.0,-100.0,-24.0,0.0,-0.0,30.0,-88.533,-88.0,-88.0,-32.0,1.0,-0.0,31.0,-100.0,-100.0,-100.0,0.0,0.0,-0.0,30.0,10.244,9.756,9.756,8.0,0.0,-0.0,31.0,23.299,23.299,23.299,0.0,0.0,-0.0,31.0
40.731,1,fwd,90.0,11.9,-25.843,90.0,-26.203,56.0,5.0,3.599,34.0,-100.0,-100.0,-100.0,-8.0,0.0,-0.0,31.0,-100.0,-100.0,-100.0,-24.0,0.0,-0.0,30.0,-88.533,-88.0,-88.0,-32.0,1.0,-0.0,31.0,-100.0,-100.0,-100.0,0.0,0.0,-0.0,30.0,10.244,9.756,9.756,8.0,0.0,-0.0,31.0,23.299,23.299,23.299,0.0,0.0,-0.0,31.0
40.7844,1,fwd,90.0,11.9,-25.573,90.0,-25.988,56.0,5.0,4.492,34.0,-100.0,-100.0,-100.0,-8.0,0.0,-0.0,31.0,-100.0,-100.0,-100.0,-24.0,0.0,-0.0,30.0,-88.533,-88.0,-88.0,-32.0,1.0,-0.0,31.0,-100.0,-100.0,-100.0,0.0,0.0,-0.0,30.0,10.244,9.756,9.756,8.0,0.0,-0.0,31.0,23.299,23.299,23.299,0.0,0.0,-0.0,31.0
40.8373,1,fwd,90.0,11.9,-25.213,90.0,-25.774,56.0,5.0,5.648,34.0,-100.0,-100.0,-100.0,-8.0,0.0,-0.0,31.0,-100.0,-100.0,-100.0,-24.0,0.0,-0.0,30.0,-88.533,-88.0,-88.0,-32.0,1.0,-0.0,31.0,-100.0,-100.0,-100.0,0.0,0.0,-0.0,30.0,10.244,9.756,9.756,8.0,0.0,-0.0,31.0,23.299,23.299,23.299,0.0,0.0,-0.0,31.0
40.8902,1,fwd,90.0,11.9,-25.034,90.0,-25.562,56.0,5.0,4.489,34.0,-100.0,-100.0,-100.0,-8.0,0.0,-0.0,31.0,-100.0,-100.0,-100.0,-24.0,0.0,-0.0,30.0,-88.533,-88.0,-88.0,-32.0,1.0,-0.0,31.0,-100.0,-100.0,-100.0,0.0,0.0,-0.0,30.0,10.244,9.756,9.756,8.0,0.0,-0.0,31.0,23.299,23.299,23.299,0.0,0.0,-0.0,31.0
40.9426,1,fwd,90.0,11.9,-24.854,90.0,-25.348,56.0,5.0,4.197,34.0,-100.0,-100.0,-100.0,-8.0,0.0,-0.0,31.0,-100.0,-100.0,-100.0,-24.0,0.0,-0.0,30.0,-88.533,-88.0,-88.0,-32.0,1.0,-0.0,31.0,-100.0,-100.0,-100.0,0.0,0.0,-0.0,30.0,10.244,9.756,9.756,8.0,0.0,-0.0,31.0,23.299,23.299,23.299,0.0,0.0,-0.0,31.0
40.9952,1,fwd,90.0,11.9,-24.764,90.0,-25.133,56.0,5.0,3.059,34.0,-100.0,-100.0,-100.0,-8.0,0.0,-0.0,31.0,-100.0,-100.0,-100.0,-24.0,0.0,-0.0,30.0,-88.533,-88.0,-88.0,-32.0,1.0,-0.0,31.0,-100.0,-100.0,-100.0,0.0,0.0,-0.0,30.0,10.244,9.756,9.756,8.0,0.0,-0.0,31.0,23.299,23.299,23.299,0.0,0.0,-0.0,31.0
41.0484,1,fwd,90.0,11.9,-24.584,90.0,-24.917,56.0,5.0,3.201,34.0,-100.0,-100.0,-100.0,-8.0,0.0,-0.0,31.0,-100.0,-100.0,-100.0,-24.0,0.0,-0.0,30.0,-88.533,-88.0,-88.0,-32.0,1.0,-0.0,31.0,-100.0,-100.0,-100.0,0.0,0.0,-0.0,30.0,10.244,9.756,9.756,8.0,0.0,-0.0,31.0,23.299,23.299,23.299,0.0,0.0,-0.0,31.0
41.1009,1,fwd,90.0,11.9,-24.404,90.0,-24.81,56.0,5.0,4.254,34.0,-100.0,-100.0,-100.0,-8.0,0.0,-0.0,31.0,-100.0,-100.0,-100.0,-24.0,0.0,-0.0,30.0,-88.533,-88.0,-88.0,-32.0,1.0,-0.0,31.0,-100.0,-100.0,-100.0,0.0,0.0,-0.0,30.0,10.244,9.756,9.756,8.0,0.0,-0.0,31.0,23.299,23.299,23.299,0.0,0.0,-0.0,31.0
41.1544,1,fwd,90.0,11.9,-24.315,90.0,-24.463,44.0,3.0,3.428,34.0,-100.0,-100.0,-100.0,-8.0,0.0,-0.0,31.0,-100.0,-100.0,-100.0,-24.0,1.0,-0.0,30.0,-88.533,-88.0,-88.0,-32.0,2.0,-0.0,31.0,-100.0,-100.0,-100.0,0.0,0.0,-0.0,30.0,10.244,9.756,9.756,8.0,0.0,-0.0,31.0,23.299,23.299,23.299,0.0,0.0,-0.0,31.0
41.2078,1,fwd,90.0,11.9,-23.955,90.0,-24.237,44.0,3.0,4.952,34.0,-100.0,-100.0,-100.0,-8.0,0.0,-0.0,31.0,-100.0,-100.0,-100.0,-24.0,1.0,-0.0,30.0,-88.533,-88.0,-88.0,-32.0,2.0,-0.0,31.0,-100.0,-100.0,-100.0,0.0,0.0,-0.0,30.0,10.244,9.756,9.756,8.0,0.0,-0.0,31.0,23.299,23.299,23.299,0.0,0.0,-0.0,31.0
41.2603,1,fwd,90.0,11.9,-23.685,90.0,-24.13,44.0,3.0,4.555,34.0,-100.0,-100.0,-100.0,-8.0,0.0,-0.0,31.0,-100.0,-100.0,-100.0,-24.0,1.0,-0.0,30.0,-88.533,-88.0,-88.0,-32.0,2.0,-0.0,31.0,-100.0,-100.0,-100.0,0.0,0.0,-0.0,30.0,10.244,9.756,9.756,8.0,0.0,-0.0,31.0,23.299,23.299,23.299,0.0,0.0,-0.0,31.0
41.3129,1,fwd,90.0,11.9,-23.596,90.0,-23.904,44.0,3.0,2.871,34.0,-100.0,-100.0,-100.0,-8.0,0.0,-0.0,31.0,-100.0,-100.0,-100.0,-24.0,1.0,-0.0,30.0,-88.533,-88.0,-88.0,-32.0,2.0,-0.0,31.0,-100.0,-100.0,-100.0,0.0,0.0,-0.0,30.0,10.244,9.756,9.756,8.0,0.0,-0.0,31.0,23.299,23.299,23.299,0.0,0.0,-0.0,31.0
41.3658,1,fwd,90.0,11.9,-23.416,90.0,-23.692,44.0,3.0,3.133,34.0,-100.0,-100.0,-100.0,-8.0,0.0,-0.0,31.0,-100.0,-100.0,-100.0,-24.0,1.0,-0.0,30.0,-88.533,-88.0,-88.0,-32.0,2.0,-0.0,31.0,-100.0,-100.0,-100.0,0.0,0.0,-0.0,30.0,10.244,9.756,9.756,8.0,0.0,-0.0,31.0,23.299,23.299,23.299,0.0,0.0,-0.0,31.0
41.4188,1,fwd,90.0,11.9,-23.236,90.0,-23.478,44.0,3.0,3.255,34.0,-100.0,-100.0,-100.0,-8.0,0.0,-0.0,31.0,-100.0,-100.0,-100.0,-24.0,1.0,-0.0,30.0,-88.533,-88.0,-88.0,-32.0,2.0,-0.0,31.0,-100.0,-100.0,-100.0,0.0,0.0,-0.0,30.0,10.244,9.756,9.756,8.0,0.0,-0.0,31.0,23.299,23.299,23.299,0.0,0.0,-0.0,31.0
41.4712,1,fwd,90.0,11.9,-22.966,90.0,-23.265,44.0,3.0,4.01,34.0,-100.0,-100.0,-100.0,-8.0,0.0,-0.0,31.0,-100.0,-100.0,-100.0,-24.0,1.0,-0.0,30.0,-88.533,-88.0,-88.0,-32.0,2.0,-0.0,31.0,-100.0,-100.0,-100.0,0.0,0.0,-0.0,30.0,10.244,9.756,9.756,8.0,0.0,-0.0,31.0,23.093,23.299,23.299,0.0,0.0,-1.624,31.0
41.5244,1,fwd,90.0,11.9,-22.787,90.0,-23.05,44.0,3.0,3.68,34.0,-100.0,-100.0,-100.0,-8.0,0.0,-0.0,31.0,-100.0,-100.0,-100.0,-24.0,1.0,-0.0,30.0,-88.533,-88.0,-88.0,-32.0,2.0,-0.0,31.0,-100.0,-100.0,-100.0,0.0,0.0,-0.0,30.0,10.244,9.756,9.756,8.0,0.0,-0.0,31.0,23.299,23.299,23.299,0.0,0.0,1.525,31.0
41.5761,1,fwd,90.0,11.9,-22.427,90.0,-22.836,44.0,3.0,5.219,34.0,-100.0,-100.0,-100.0,-8.0,0.0,-0.0,31.0,-100.0,-100.0,-100.0,-24.0,1.0,-0.0,30.0,-88.533,-88.0,-88.0,-32.0,2.0,-0.0,31.0,-100.0,-100.0,-100.0,0.0,0.0,-0.0,30.0,10.244,9.756,9.756,8.0,0.0,-0.0,31.0,23.299,23.299,23.299,0.0,0.0,0.747,31.0
41.6295,1,fwd,90.0,11.9,-22.157,90.0,-22.622,44.0,3.0,4.676,34.0,-100.0,-100.0,-100.0,-8.0,0.0,-0.0,31.0,-100.0,-100.0,-100.0,-24.0,1.0,-0.0,30.0,-88.533,-88.0,-88.0,-32.0,2.0,-0.0,31.0,-100.0,-100.0,-100.0,0.0,0.0,-0.0,30.0,10.244,9.756,9.756,8.0,0.0,-0.0,31.0,23.299,23.299,23.299,0.0,0.0,0.366,31.0
41.6828,1,fwd,90.0,11.9,-22.067,90.0,-22.514,48.0,4.0,4.284,34.0,-100.0,-100.0,-100.0,-8.0,0.0,-0.0,31.0,-100.0,-100.0,-100.0,-24.0,1.0,-0.0,30.0,-88.533,-88.0,-88.0,-32.0,1.0,-0.0,31.0,-100.0,-100.0,-100.0,0.0,0.0,-0.0,30.0,10.244,9.756,9.756,8.0,0.0,-0.0,30.0,23.299,23.299,23.299,0.0,0.0,0.256,31.0
41.7349,1,fwd,90.0,11.9,-21.888,90.0,-22.179,48.0,4.0,2.759,34.0,-100.0,-100.0,-100.0,-8.0,0.0,-0.0,31.0,-100.0,-100.0,-100.0,-24.0,1.0,-0.0,30.0,-88.533,-88.0,-88.0,-32.0,1.0,-0.0,31.0,-100.0,-100.0,-100.0,0.0,0.0,-0.0,30.0,10.244,9.756,9.756,8.0,0.0,-0.0,30.0,23.299,23.299,23.299,0.0,0.0,0.126,31.0
41.7884,1,fwd,90.0,11.9,-21.708,90.0,-21.963,48.0,4.0,3.045,34.0,-100.0,-100.0,-100.0,-8.0,0.0,-0.0,31.0,-100.0,-100.0,-100.0,-24.0,1.0,-0.0,30.0,-88.533,-88.0,-88.0,-32.0,1.0,-0.0,31.0,-100.0,-100.0,-100.0,0.0,0.0,-0.0,30.0,10.244,9.756,9.756,8.0,0.0,-0.0,30.0,23.299,23.299,23.299,0.0,0.0,0.062,31.0
41.842,1,fwd,90.0,11.9,-21.438,90.0,-21.75,48.0,4.0,4.23,34.0,-100.0,-100.0,-100.0,-8.0,0.0,-0.0,31.0,-100.0,-100.0,-100.0,-24.0,1.0,-0.0,30.0,-88.533,-88.0,-88.0,-32.0,1.0,-0.0,31.0,-100.0,-100.0,-100.0,0.0,0.0,-0.0,30.0,10.244,9.756,9.756,8.0,0.0,-0.0,30.0,23.299,23.299,23.299,0.0,0.0,0.03,31.0
41.8939,1,fwd,90.0,11.9,-21.258,90.0,-21.538,48.0,4.0,3.787,34.0,-100.0,-100.0,-100.0,-8.0,0.0,-0.0,31.0,-100.0,-100.0,-100.0,-24.0,1.0,-0.0,30.0,-88.533,-88.0,-88.0,-32.0,1.0,-0.0,31.0,-100.0,-100.0,-100.0,0.0,0.0,-0.0,30.0,10.244,9.756,9.756,8.0,0.0,-0.0,30.0,23.299,23.299,23.299,0.0,0.0,0.015,31.0
41.9469,1,fwd,90.0,11.9,-20.989,90.0,-21.323,48.0,4.0,4.577,34.0,-100.0,-100.0,-100.0,-8.0,0.0,-0.0,31.0,-100.0,-100.0,-100.0,-24.0,1.0,-0.0,30.0,-88.533,-88.0,-88.0,-32.0,1.0,-0.0,31.0,-100.0,-100.0,-100.0,0.0,0.0,-0.0,30.0,10.244,9.756,9.756,8.0,0.0,-0.0,30.0,23.299,23.299,23.299,0.0,0.0,0.007,31.0
42.0008,1,fwd,90.0,11.9,-20.719,90.0,-21.108,48.0,4.0,4.337,34.0,-100.0,-100.0,-100.0,-8.0,0.0,-0.0,31.0,-100.0,-100.0,-100.0,-24.0,1.0,-0.0,30.0,-88.533,-88.0,-88.0,-32.0,1.0,-0.0,31.0,-100.0,-100.0,-100.0,0.0,0.0,-0.0,30.0,10.244,9.756,9.756,8.0,0.0,-0.0,30.0,23.299,23.299,23.299,0.0,0.0,0.004,31.0
42.0533,1,fwd,90.0,11.9,-20.629,90.0,-20.892,48.0,4.0,2.829,34.0,-100.0,-100.0,-100.0,-8.0,0.0,-0.0,31.0,-100.0,-100.0,-100.0,-24.0,1.0,-0.0,30.0,-88.533,-88.0,-88.0,-32.0,1.0,-0.0,31.0,-100.0,-100.0,-100.0,0.0,0.0,-0.0,30.0,10.244,9.756,9.756,8.0,0.0,-0.0,30.0,23.299,23.299,23.299,0.0,0.0,0.002,31.0
42.1066,1,fwd,90.0,11.9,-20.449,90.0,-20.676,48.0,4.0,3.1,34.0,-100.0,-100.0,-100.0,-8.0,0.0,-0.0,31.0,-100.0,-100.0,-100.0,-24.0,1.0,-0.0,30.0,-88.533,-88.0,-88.0,-32.0,1.0,-0.0,31.0,-100.0,-100.0,-100.0,0.0,0.0,-0.0,30.0,10.244,9.756,9.756,8.0,0.0,-0.0,30.0,23.299,23.299,23.299,0.0,0.0,0.001,31.0
42.1597,1,fwd,90.0,11.9,-20.27,90.0,-20.462,48.0,4.0,3.228,34.0,-100.0,-100.0,-100.0,-8.0,0.0,-0.0,31.0,-100.0,-100.0,-100.0,-24.0,1.0,-0.0,30.0,-88.533,-88.0,-88.0,-32.0,1.0,-0.0,31.0,-100.0,-100.0,-100.0,0.0,0.0,-0.0,30.0,10.244,9.756,9.756,8.0,0.0,-0.0,30.0,23.299,23.299,23.299,0.0,0.0,0.0,31.0
42.2126,1,fwd,90.0,11.9,-20.0,90.0,-20.246,48.0,4.0,3.984,34.0,-100.0,-100.0,-100.0,-8.0,0.0,-0.0,31.0,-100.0,-100.0,-100.0,-24.0,1.0,-0.0,30.0,-88.533,-88.0,-88.0,-32.0,1.0,-0.0,31.0,-100.0,-100.0,-100.0,0.0,0.0,-0.0,30.0,10.244,9.756,9.756,8.0,0.0,-0.0,30.0,23.299,23.299,23.299,0.0,0.0,0.0,31.0
42.2662,1,fwd,90.0,12.0,-20.0,90.0,-20.014,20.0,0.0,3.984,34.0,-100.0,-100.0,-100.0,-8.0,0.0,-0.0,31.0,-100.0,-100.0,-100.0,-24.0,1.0,-0.0,30.0,-88.533,-88.0,-88.0,-32.0,2.0,-0.0,31.0,-100.0,-100.0,-100.0,0.0,0.0,-0.0,30.0,10.244,9.756,9.756,8.0,0.0,-0.0,31.0,23.299,23.299,23.299,0.0,0.0,0.0,31.0
42.3198,1,fwd,90.0,12.0,-19.64,90.0,-19.787,20.0,0.0,3.881,34.0,-100.0,-100.0,-100.0,-8.0,0.0,-0.0,31.0,-100.0,-100.0,-100.0,-24.0,1.0,-0.0,30.0,-88.533,-88.0,-88.0,-32.0,2.0,-0.0,31.0,-100.0,-100.0,-100.0,0.0,0.0,-0.0,30.0,10.244,9.756,9.756,8.0,0.0,-0.0,31.0,23.299,23.299,23.299,0.0,0.0,0.0,31.0
42.3732,1,fwd,90.0,12.0,-19.281,90.0,-19.669,20.0,0.0,5.218,34.0,-100.0,-100.0,-100.0,-8.0,0.0,-0.0,31.0,-100.0,-100.0,-100.0,-24.0,1.0,-0.0,30.0,-88.533,-88.0,-88.0,-32.0,2.0,-0.0,31.0,-100.0,-100.0,-100.0,0.0,0.0,-0.0,30.0,10.244,9.756,9.756,8.0,0.0,-0.0,31.0,23.299,23.299,23.299,0.0,0.0,0.0,31.0
42.4266,1,fwd,90.0,12.0,-19.191,90.0,-19.454,20.0,0.0,3.246,34.0,-100.0,-100.0,-100.0,-8.0,0.0,-0.0,31.0,-100.0,-100.0,-100.0,-24.0,1.0,-0.0,30.0,-88.533,-88.0,-88.0,-32.0,2.0,-0.0,31.0,-100.0,-100.0,-100.0,0.0,0.0,-0.0,30.0,10.244,9.756,9.756,8.0,0.0,-0.0,31.0,23.299,23.299,23.299,0.0,0.0,0.0,31.0
42.4798,1,fwd,90.0,12.0,-19.011,90.0,-19.239,20.0,0.0,3.299,34.0,-100.0,-100.0,-100.0,-8.0,0.0,-0.0,31.0,-100.0,-100.0,-100.0,-24.0,1.0,-0.0,30.0,-88.533,-88.0,-88.0,-32.0,2.0,-0.0,31.0,-100.0,-100.0,-100.0,0.0,0.0,-0.0,30.0,10.244,9.756,9.756,8.0,0.0,-0.0,31.0,23.299,23.299,23.299,0.0,0.0,0.0,31.0
42.5343,1,fwd,90.0,12.0,-18.831,90.0,-19.023,20.0,0.0,3.307,34.0,-100.0,-100.0,-100.0,-8.0,0.0,-0.0,31.0,-100.0,-100.0,-100.0,-24.0,1.0,-0.0,30.0,-88.533,-88.0,-88.0,-32.0,2.0,-0.0,31.0,-100.0,-100.0,-100.0,0.0,0.0,-0.0,30.0,10.244,9.756,9.756,8.0,0.0,-0.0,31.0,23.299,23.299,23.299,0.0,0.0,0.0,31.0
42.5868,1,fwd,90.0,12.0,-18.652,90.0,-18.808,20.0,0.0,3.655,34.0,-100.0,-100.0,-100.0,-8.0,0.0,-0.0,31.0,-100.0,-100.0,-100.0,-24.0,1.0,-0.0,30.0,-88.533,-88.0,-88.0,-32.0,2.0,-0.0,31.0,-100.0,-100.0,-100.0,0.0,0.0,-0.0,30.0,10.244,9.756,9.756,8.0,0.0,-0.0,31.0,23.299,23.299,23.299,0.0,0.0,0.0,31.0
42.6389,1,fwd,90.0,12.0,-18.382,90.0,-18.595,20.0,0.0,4.211,34.0,-100.0,-100.0,-100.0,-8.0,0.0,-0.0,31.0,-100.0,-100.0,-100.0,-24.0,1.0,-0.0,30.0,-88.533,-88.0,-88.0,-32.0,2.0,-0.0,31.0,-100.0,-100.0,-100.0,0.0,0.0,-0.0,30.0,10.244,9.756,9.756,8.0,0.0,-0.0,31.0,23.299,23.299,23.299,0.0,0.0,0.0,31.0
42.6921,1,fwd,90.0,12.0,-18.112,90.0,-18.381,20.0,0.0,4.496,34.0,-100.0,-100.0,-100.0,-8.0,0.0,-0.0,31.0,-100.0,-100.0,-100.0,-24.0,1.0,-0.0,30.0,-88.533,-88.0,-88.0,-32.0,2.0,-0.0,31.0,-100.0,-100.0,-100.0,0.0,0.0,-0.0,30.0,10.244,9.756,9.756,8.0,0.0,-0.0,31.0,23.299,23.299,23.299,0.0,0.0,0.0,31.0
42.7452,1,fwd,90.0,12.0,-17.753,90.0,-18.168,20.0,0.0,5.331,34.0,-100.0,-100.0,-100.0,-8.0,0.0,-0.0,31.0,-100.0,-100.0,-100.0,-24.0,1.0,-0.0,30.0,-88.533,-88.0,-88.0,-32.0,2.0,-0.0,31.0,-100.0,-100.0,-100.0,0.0,0.0,-0.0,30.0,10.244,9.756,9.756,8.0,0.0,-0.0,31.0,23.299,23.299,23.299,0.0,0.0,0.0,31.0
42.7987,1,fwd,90.0,12.0,-17.663,90.0,-17.95,20.0,0.0,3.605,34.0,-100.0,-100.0,-100.0,-8.0,0.0,-0.0,31.0,-100.0,-100.0,-100.0,-24.0,1.0,-0.0,30.0,-88.533,-88.0,-88.0,-32.0,2.0,-0.0,31.0,-100.0,-100.0,-100.0,0.0,0.0,-0.0,30.0,10.244,9.756,9.756,8.0,0.0,-0.0,31.0,23.299,23.299,23.299,0.0,0.0,0.0,31.0
42.8511,1,fwd,90.0,12.0,-17.573,90.0,-17.719,32.0,0.0,2.993,34.0,-100.0,-100.0,-100.0,-8.0,0.0,-0.0,31.0,-100.0,-100.0,-100.0,-24.0,1.0,-0.0,30.0,-88.533,-88.0,-88.0,-32.0,2.0,-0.0,31.0,-100.0,-100.0,-100.0,0.0,0.0,-0.0,30.0,10.244,9.756,9.756,8.0,0.0,-0.0,30.0,23.299,23.299,23.299,0.0,0.0,0.0,31.0
42.9047,1,fwd,90.0,12.0,-17.393,90.0,-17.507,32.0,0.0,3.503,34.0,-100.0,-100.0,-100.0,-8.0,0.0,-0.0,31.0,-100.0,-100.0,-100.0,-24.0,1.0,-0.0,30.0,-88.533,-88.0,-88.0,-32.0,2.0,-0.0,31.0,-100.0,-100.0,-100.0,0.0,0.0,-0.0,30.0,10.244,9.756,9.756,8.0,0.0,-0.0,30.0,23.299,23.299,23.299,0.0,0.0,0.0,31.0
42.9566,1,fwd,90.0,12.0,-17.124,90.0,-17.294,32.0,0.0,4.136,34.0,-100.0,-100.0,-100.0,-8.0,0.0,-0.0,31.0,-100.0,-100.0,-100.0,-24.0,1.0,-0.0,30.0,-88.533,-88.0,-88.0,-32.0,2.0,-0.0,31.0,-100.0,-100.0,-100.0,0.0,0.0,-0.0,30.0,10.244,9.756,9.756,8.0,0.0,-0.0,30.0,23.299,23.299,23.299,0.0,0.0,0.0,31.0
43.0096,1,fwd,90.0,12.0,-16.854,90.0,-17.076,32.0,0.0,4.691,34.0,-100.0,-100.0,-100.0,-8.0,0.0,-0.0,31.0,-100.0,-100.0,-100.0,-24.0,1.0,-0.0,30.0,-88.533,-88.0,-88.0,-32.0,2.0,-0.0,31.0,-100.0,-100.0,-100.0,0.0,0.0,-0.0,30.0,10.244,9.756,9.756,8.0,0.0,-0.0,30.0,23.299,23.299,23.299,0.0,0.0,0.0,31.0
43.0619,1,fwd,90.0,12.0,-16.494,90.0,-16.86,32.0,0.0,5.726,34.0,-100.0,-100.0,-100.0,-8.0,0.0,-0.0,31.0,-100.0,-100.0,-100.0,-24.0,1.0,-0.0,30.0,-88.533,-88.0,-88.0,-32.0,2.0,-0.0,31.0,-100.0,-100.0,-100.0,0.0,0.0,-0.0,30.0,10.244,9.756,9.756,8.0,0.0,-0.0,30.0,23.299,23.299,23.299,0.0,0.0,0.0,31.0
43.1151,1,fwd,90.0,12.0,-16.315,90.0,-16.645,32.0,0.0,4.501,34.0,-100.0,-100.0,-100.0,-8.0,0.0,-0.0,31.0,-100.0,-100.0,-100.0,-24.0,1.0,-0.0,30.0,-88.533,-88.0,-88.0,-32.0,2.0,-0.0,31.0,-100.0,-100.0,-100.0,0.0,0.0,-0.0,30.0,10.244,9.756,9.756,8.0,0.0,-0.0,30.0,23.093,23.299,23.299,0.0,0.0,-2.301,31.0
43.1684,1,fwd,90.0,12.0,-16.225,90.0,-16.43,32.0,0.0,3.196,34.0,-100.0,-100.0,-100.0,-8.0,0.0,-0.0,31.0,-100.0,-100.0,-100.0,-24.0,1.0,-0.0,30.0,-88.533,-88.0,-88.0,-32.0,2.0,-0.0,31.0,-100.0,-100.0,-100.0,0.0,0.0,-0.0,30.0,10.244,9.756,9.756,8.0,0.0,-0.0,30.0,23.299,23.299,23.299,0.0,0.0,1.145,31.0
43.2217,1,fwd,90.0,12.0,-16.045,90.0,-16.212,32.0,0.0,3.265,34.0,-100.0,-100.0,-100.0,-8.0,0.0,-0.0,31.0,-100.0,-100.0,-100.0,-24.0,1.0,-0.0,30.0,-88.533,-88.0,-88.0,-32.0,2.0,-0.0,31.0,-100.0,-100.0,-100.0,0.0,0.0,-0.0,30.0,10.244,9.756,9.756,8.0,0.0,-0.0,30.0,23.299,23.299,23.299,0.0,0.0,0.561,31.0
43.2747,1,fwd,90.0,12.0,-15.865,90.0,-15.997,32.0,0.0,3.311,34.0,-100.0,-100.0,-100.0,-8.0,0.0,-0.0,31.0,-100.0,-100.0,-100.0,-24.0,1.0,-0.0,30.0,-88.533,-88.0,-88.0,-32.0,2.0,-0.0,31.0,-100.0,-100.0,-100.0,0.0,0.0,-0.0,30.0,10.244,9.756,9.756,8.0,0.0,-0.0,30.0,23.299,23.299,23.299,0.0,0.0,0.275,31.0
43.3269,1,fwd,90.0,12.0,-15.775,90.0,-15.783,32.0,0.0,3.316,34.0,-100.0,-100.0,-100.0,-8.0,0.0,-0.0,31.0,-100.0,-100.0,-100.0,-24.0,1.0,-0.0,30.0,-88.533,-88.0,-88.0,-32.0,2.0,-0.0,31.0,-100.0,-100.0,-100.0,0.0,0.0,-0.0,30.0,10.244,9.756,9.756,8.0,0.0,-0.0,30.0,23.299,23.299,23.299,0.0,0.0,0.192,31.0
43.3809,1,fwd,90.0,12.0,-15.596,90.0,-15.662,32.0,0.0,3.259,34.0,-100.0,-100.0,-100.0,-8.0,0.0,-0.0,31.0,-100.0,-100.0,-100.0,-24.0,1.0,-0.0,30.0,-88.533,-88.0,-88.0,-32.0,2.0,-0.0,31.0,-100.0,-100.0,-100.0,0.0,0.0,-0.0,30.0,10.244,9.756,9.756,8.0,0.0,-0.0,30.0,23.299,23.299,23.299,0.0,0.0,0.094,31.0
43.4343,1,fwd,90.0,11.9,-15.236,90.0,-15.425,28.0,0.0,4.094,34.0,-100.0,-100.0,-100.0,-8.0,0.0,-0.0,31.0,-100.0,-100.0,-100.0,-16.0,0.0,-0.0,30.0,-88.533,-88.0,-88.0,-32.0,2.0,-0.0,31.0,-100.0,-100.0,-100.0,0.0,0.0,-0.0,30.0,10.244,9.756,9.756,8.0,0.0,-0.0,30.0,23.299,23.299,23.299,0.0,0.0,0.066,31.0
43.4875,1,fwd,90.0,11.9,-14.876,90.0,-15.211,28.0,0.0,5.73,34.0,-100.0,-100.0,-100.0,-8.0,0.0,-0.0,31.0,-100.0,-100.0,-100.0,-16.0,0.0,-0.0,30.0,-88.533,-88.0,-88.0,-32.0,2.0,-0.0,31.0,-100.0,-100.0,-100.0,0.0,0.0,-0.0,30.0,10.244,9.756,9.756,8.0,0.0,-0.0,30.0,23.299,23.299,23.299,0.0,0.0,0.032,31.0
43.5411,1,fwd,90.0,11.9,-14.787,90.0,-14.995,28.0,0.0,3.507,34.0,-100.0,-100.0,-100.0,-8.0,0.0,-0.0,31.0,-100.0,-100.0,-100.0,-16.0,0.0,-0.0,30.0,-88.533,-88.0,-88.0,-32.0,2.0,-0.0,31.0,-100.0,-100.0,-100.0,0.0,0.0,-0.0,30.0,10.244,9.756,9.756,8.0,0.0,-0.0,30.0,23.299,23.299,23.299,0.0,0.0,0.016,31.0
43.5945,1,fwd,90.0,11.9,-14.697,90.0,-14.78,28.0,0.0,2.724,34.0,-100.0,-100.0,-100.0,-8.0,0.0,-0.0,31.0,-100.0,-100.0,-100.0,-16.0,0.0,-0.0,30.0,-88.533,-88.0,-88.0,-32.0,2.0,-0.0,31.0,-100.0,-100.0,-100.0,0.0,0.0,-0.0,30.0,10.244,9.756,9.756,8.0,0.0,-0.0,30.0,23.299,23.299,23.299,0.0,0.0,0.008,31.0
43.6478,1,fwd,90.0,11.9,-14.427,90.0,-14.567,28.0,0.0,4.083,34.0,-100.0,-100.0,-100.0,-8.0,0.0,-0.0,31.0,-100.0,-100.0,-100.0,-16.0,0.0,-0.0,30.0,-88.533,-88.0,-88.0,-32.0,2.0,-0.0,31.0,-100.0,-100.0,-100.0,0.0,0.0,-0.0,30.0,10.244,9.756,9.756,8.0,0.0,-0.0,30.0,23.299,23.299,23.299,0.0,0.0,0.004,31.0
43.7011,1,fwd,90.0,11.9,-14.247,90.0,-14.354,28.0,0.0,3.718,34.0,-100.0,-100.0,-100.0,-8.0,0.0,-0.0,31.0,-100.0,-100.0,-100.0,-16.0,0.0,-0.0,30.0,-88.533,-88.0,-88.0,-32.0,2.0,-0.0,31.0,-100.0,-100.0,-100.0,0.0,0.0,-0.0,30.0,10.244,9.756,9.756,8.0,0.0,-0.0,30.0,23.299,23.299,23.299,0.0,0.0,0.002,31.0
43.7543,1,fwd,90.0,11.9,-14.067,90.0,-14.139,28.0,0.0,3.526,34.0,-100.0,-100.0,-100.0,-8.0,0.0,-0.0,31.0,-100.0,-100.0,-100.0,-16.0,0.0,-0.0,30.0,-88.533,-88.0,-88.0,-32.0,2.0,-0.0,31.0,-100.0,-100.0,-100.0,0.0,0.0,-0.0,30.0,10.244,9.756,9.756,8.0,0.0,-0.0,30.0,23.299,23.299,23.299,0.0,0.0,0.001,31.0
43.8072,1,fwd,90.0,11.9,-13.708,90.0,-13.926,28.0,0.0,5.194,34.0,-100.0,-100.0,-100.0,-8.0,0.0,-0.0,31.0,-100.0,-100.0,-100.0,-16.0,0.0,-0.0,30.0,-88.533,-88.0,-88.0,-32.0,2.0,-0.0,31.0,-100.0,-100.0,-100.0,0.0,0.0,-0.0,30.0,10.244,9.756,9.756,8.0,0.0,-0.0,30.0,23.299,23.299,23.299,0.0,0.0,0.0,31.0
43.8604,1,fwd,90.0,11.9,-13.438,90.0,-13.715,28.0,0.0,4.987,34.0,-100.0,-100.0,-100.0,-8.0,0.0,-0.0,31.0,-100.0,-100.0,-100.0,-16.0,0.0,-0.0,30.0,-88.533,-88.0,-88.0,-32.0,2.0,-0.0,31.0,-100.0,-100.0,-100.0,0.0,0.0,-0.0,30.0,10.244,9.756,9.756,8.0,0.0,-0.0,30.0,23.299,23.299,23.299,0.0,0.0,0.0,31.0
43.9136,1,fwd,90.0,11.9,-13.348,90.0,-13.501,28.0,0.0,3.461,34.0,-100.0,-100.0,-100.0,-8.0,0.0,-0.0,31.0,-100.0,-100.0,-100.0,-16.0,0.0,-0.0,30.0,-88.533,-88.0,-88.0,-32.0,2.0,-0.0,31.0,-100.0,-100.0,-100.0,0.0,0.0,-0.0,30.0,10.244,9.756,9.756,8.0,0.0,-0.0,30.0,23.299,23.299,23.299,0.0,0.0,0.0,31.0
43.9667,1,fwd,90.0,11.9,-13.258,90.0,-13.395,20.0,0.0,3.434,34.0,-100.0,-100.0,-100.0,-8.0,0.0,-0.0,31.0,-100.0,-100.0,-100.0,-16.0,0.0,-0.0,30.0,-88.533,-88.0,-88.0,-32.0,2.0,-0.0,31.0,-100.0,-100.0,-100.0,0.0,0.0,-0.0,30.0,10.244,9.756,9.756,8.0,0.0,-0.0,30.0,23.299,23.299,23.299,0.0,0.0,0.0,31.0
44.0196,1,fwd,90.0,11.9,-12.989,90.0,-13.062,20.0,0.0,3.361,34.0,-100.0,-100.0,-100.0,-8.0,0.0,-0.0,31.0,-100.0,-100.0,-100.0,-16.0,0.0,-0.0,30.0,-88.533,-88.0,-88.0,-32.0,2.0,-0.0,31.0,-100.0,-100.0,-100.0,0.0,0.0,-0.0,30.0,10.244,9.756,9.756,8.0,0.0,-0.0,30.0,23.299,23.299,23.299,0.0,0.0,0.0,31.0
44.0719,1,fwd,90.0,11.9,-12.719,90.0,-12.848,20.0,0.0,4.377,34.0,-100.0,-100.0,-100.0,-8.0,0.0,-0.0,31.0,-100.0,-100.0,-100.0,-16.0,0.0,-0.0,30.0,-88.533,-88.0,-88.0,-32.0,2.0,-0.0,31.0,-100.0,-100.0,-100.0,0.0,0.0,-0.0,30.0,10.244,9.756,9.756,8.0,0.0,-0.0,30.0,23.299,23.299,23.299,0.0,0.0,0.0,31.0
44.1247,1,fwd,90.0,11.9,-12.539,90.0,-12.635,20.0,0.0,4.168,34.0,-100.0,-100.0,-100.0,-8.0,0.0,-0.0,31.0,-100.0,-100.0,-100.0,-16.0,0.0,-0.0,30.0,-88.533,-88.0,-88.0,-32.0,2.0,-0.0,31.0,-100.0,-100.0,-100.0,0.0,0.0,-0.0,30.0,10.244,9.756,9.756,8.0,0.0,-0.0,30.0,23.299,23.299,23.299,0.0,0.0,0.0,31.0
44.1777,1,fwd,90.0,11.9,-12.27,90.0,-12.421,20.0,0.0,4.753,34.0,-100.0,-100.0,-100.0,-8.0,0.0,-0.0,31.0,-100.0,-100.0,-100.0,-16.0,0.0,-0.0,30.0,-88.533,-88.0,-88.0,-32.0,2.0,-0.0,31.0,-100.0,-100.0,-100.0,0.0,0.0,-0.0,30.0,9.756,9.756,9.756,8.0,0.0,-3.832,30.0,23.299,23.299,23.299,0.0,0.0,0.0,31.0
44.2306,1,fwd,90.0,11.9,-12.0,90.0,-12.208,20.0,0.0,4.467,34.0,-100.0,-100.0,-100.0,-8.0,0.0,-0.0,31.0,-100.0,-100.0,-100.0,-16.0,0.0,-0.0,30.0,-88.533,-88.0,-88.0,-32.0,2.0,-0.0,31.0,-100.0,-100.0,-100.0,0.0,0.0,-0.0,30.0,9.756,9.756,9.756,8.0,0.0,-1.877,30.0,23.299,23.299,23.299,0.0,0.0,0.0,31.0
44.2837,1,fwd,90.0,11.9,-11.91,90.0,-11.993,20.0,0.0,2.893,34.0,-100.0,-100.0,-100.0,-8.0,0.0,-0.0,31.0,-100.0,-100.0,-100.0,-16.0,0.0,-0.0,30.0,-88.533,-88.0,-88.0,-32.0,2.0,-0.0,31.0,-100.0,-100.0,-100.0,0.0,0.0,-0.0,30.0,9.756,9.756,9.756,8.0,0.0,-0.92,30.0,23.299,23.299,23.299,0.0,0.0,0.0,31.0
44.3366,1,fwd,90.0,11.9,-11.73,90.0,-11.781,20.0,0.0,3.14,34.0,-100.0,-100.0,-100.0,-8.0,0.0,-0.0,31.0,-100.0,-100.0,-100.0,-16.0,0.0,-0.0,30.0,-88.533,-88.0,-88.0,-32.0,2.0,-0.0,31.0,-100.0,-100.0,-100.0,0.0,0.0,-0.0,30.0,9.756,9.756,9.756,8.0,0.0,-0.451,30.0,23.299,23.299,23.299,0.0,0.0,0.0,31.0
44.3897,1,fwd,90.0,11.9,-11.551,90.0,-11.569,20.0,0.0,3.257,34.0,-100.0,-100.0,-100.0,-8.0,0.0,-0.0,31.0,-100.0,-100.0,-100.0,-16.0,0.0,-0.0,30.0,-88.533,-88.0,-88.0,-32.0,2.0,-0.0,31.0,-100.0,-100.0,-100.0,0.0,0.0,-0.0,30.0,9.756,9.756,9.756,8.0,0.0,-0.221,30.0,23.299,23.299,23.299,0.0,0.0,0.0,31.0
44.4427,1,fwd,90.0,11.9,-11.281,90.0,-11.355,20.0,0.0,4.023,34.0,-100.0,-100.0,-100.0,-8.0,0.0,-0.0,31.0,-100.0,-100.0,-100.0,-16.0,0.0,-0.0,30.0,-88.533,-88.0,-88.0,-32.0,2.0,-0.0,31.0,-100.0,-100.0,-100.0,0.0,0.0,-0.0,30.0,9.756,9.756,9.756,8.0,0.0,-0.108,30.0,23.299,23.299,23.299,0.0,0.0,0.0,31.0
44.495,1,fwd,90.0,11.9,-11.191,90.0,-11.142,20.0,0.0,2.984,34.0,-100.0,-100.0,-100.0,-8.0,0.0,-0.0,31.0,-100.0,-100.0,-100.0,-16.0,0.0,-0.0,30.0,-88.533,-88.0,-88.0,-32.0,2.0,-0.0,31.0,-100.0,-100.0,-100.0,0.0,0.0,-0.0,30.0,9.756,9.756,9.756,8.0,0.0,-0.053,30.0,23.299,23.299,23.299,0.0,0.0,0.0,31.0
44.5479,1,fwd,90.0,11.9,-10.831,90.0,-10.903,12.0,0.0,3.89,34.0,-100.0,-100.0,-100.0,0.0,0.0,-0.0,31.0,-100.0,-100.0,-100.0,-16.0,1.0,-0.0,30.0,-88.533,-88.0,-88.0,-32.0,2.0,-0.0,31.0,-100.0,-100.0,-100.0,0.0,0.0,-0.0,30.0,9.756,9.756,9.756,0.0,0.0,-0.037,30.0,23.299,23.299,23.299,0.0,0.0,0.0,31.0
44.5999,1,fwd,90.0,11.9,-10.742,90.0,-10.69,12.0,0.0,3.738,34.0,-100.0,-100.0,-100.0,0.0,0.0,-0.0,31.0,-100.0,-100.0,-100.0,-16.0,1.0,-0.0,30.0,-88.533,-88.0,-88.0,-32.0,2.0,-0.0,31.0,-100.0,-100.0,-100.0,0.0,0.0,-0.0,30.0,10.244,9.756,9.756,0.0,0.0,5.484,30.0,23.299,23.299,23.299,0.0,0.0,0.0,31.0
44.653,1,fwd,90.0,11.9,-10.472,90.0,-10.466,12.0,0.0,4.127,34.0,-100.0,-100.0,-100.0,0.0,0.0,-0.0,31.0,-100.0,-100.0,-100.0,-16.0,1.0,-0.0,30.0,-88.533,-88.0,-88.0,-32.0,2.0,-0.0,31.0,-100.0,-100.0,-100.0,0.0,0.0,-0.0,30.0,10.244,9.756,9.756,0.0,0.0,2.687,30.0,23.299,23.299,23.299,0.0,0.0,0.0,31.0
44.706,1,fwd,90.0,11.9,-10.292,90.0,-10.243,12.0,0.0,4.038,34.0,-100.0,-100.0,-100.0,0.0,0.0,-0.0,31.0,-100.0,-100.0,-100.0,-16.0,1.0,-0.0,30.0,-88.533,-88.0,-88.0,-32.0,2.0,-0.0,31.0,-100.0,-100.0,-100.0,0.0,0.0,-0.0,30.0,10.244,9.756,9.756,0.0,0.0,1.317,30.0,23.299,23.299,23.299,0.0,0.0,0.0,31.0
44.759,1,fwd,90.0,11.9,-10.112,90.0,-10.136,12.0,0.0,3.698,34.0,-100.0,-100.0,-100.0,0.0,0.0,-0.0,31.0,-100.0,-100.0,-100.0,-16.0,1.0,-0.0,30.0,-88.533,-88.0,-88.0,-32.0,2.0,-0.0,31.0,-100.0,-100.0,-100.0,0.0,0.0,-0.0,30.0,10.244,9.756,9.756,0.0,0.0,0.645,30.0,23.299,23.299,23.299,0.0,0.0,0.0,31.0
44.8122,1,fwd,90.0,11.9,-9.843,90.0,-9.912,12.0,0.0,4.106,34.0,-100.0,-100.0,-100.0,0.0,0.0,-0.0,31.0,-100.0,-100.0,-100.0,-16.0,1.0,-0.0,30.0,-88.533,-88.0,-88.0,-32.0,2.0,-0.0,31.0,-100.0,-100.0,-100.0,0.0,0.0,-0.0,30.0,9.756,9.756,9.756,0.0,0.0,-5.154,30.0,23.299,23.299,23.299,0.0,0.0,0.0,31.0
44.8653,1,fwd,90.0,11.9,-9.663,90.0,-9.698,12.0,0.0,3.728,34.0,-100.0,-100.0,-100.0,0.0,0.0,-0.0,31.0,-100.0,-100.0,-100.0,-16.0,1.0,-0.0,30.0,-88.533,-88.0,-88.0,-32.0,2.0,-0.0,31.0,-100.0,-100.0,-100.0,0.0,0.0,-0.0,30.0,9.756,9.756,9.756,0.0,0.0,-2.526,30.0,23.299,23.299,23.299,0.0,0.0,0.0,31.0
44.9179,1,fwd,90.0,11.9,-9.393,90.0,-9.482,12.0,0.0,4.22,34.0,-100.0,-100.0,-100.0,0.0,0.0,-0.0,31.0,-100.0,-100.0,-100.0,-16.0,1.0,-0.0,30.0,-88.533,-88.0,-88.0,-32.0,2.0,-0.0,31.0,-100.0,-100.0,-100.0,0.0,0.0,-0.0,30.0,9.756,9.756,9.756,0.0,0.0,-1.238,30.0,23.299,23.299,23.299,0.0,0.0,0.0,31.0
44.9699,1,fwd,90.0,11.9,-9.124,90.0,-9.269,12.0,0.0,4.814,34.0,-100.0,-100.0,-100.0,0.0,0.0,-0.0,31.0,-100.0,-100.0,-100.0,-16.0,1.0,-0.0,30.0,-88.533,-88.0,-88.0,-32.0,2.0,-0.0,31.0,-100.0,-100.0,-100.0,0.0,0.0,-0.0,30.0,9.756,9.756,9.756,0.0,0.0,-0.606,30.0,23.299,23.299,23.299,0.0,0.0,0.0,31.0
45.0218,1,fwd,90.0,11.9,-9.034,90.0,-9.057,12.0,0.0,3.071,34.0,-100.0,-100.0,-100.0,0.0,0.0,-0.0,31.0,-100.0,-100.0,-100.0,-16.0,1.0,-0.0,30.0,-88.533,-88.0,-88.0,-32.0,2.0,-0.0,31.0,-100.0,-100.0,-100.0,0.0,0.0,-0.0,30.0,9.756,9.756,9.756,0.0,0.0,-0.297,30.0,23.299,23.299,23.299,0.0,0.0,0.0,31.0
45.0739,1,fwd,90.0,11.9,-8.854,90.0,-8.843,12.0,0.0,3.223,34.0,-100.0,-100.0,-100.0,0.0,0.0,-0.0,31.0,-100.0,-100.0,-100.0,-16.0,1.0,-0.0,30.0,-88.533,-88.0,-88.0,-32.0,2.0,-0.0,31.0,-100.0,-100.0,-100.0,0.0,0.0,-0.0,30.0,9.756,9.756,9.756,0.0,0.0,-0.146,30.0,23.299,23.299,23.299,0.0,0.0,0.0,31.0
45.1269,1,fwd,90.0,12.0,-8.584,90.0,-8.604,16.0,0.0,3.612,34.0,-100.0,-100.0,-100.0,-8.0,0.0,-0.0,31.0,-100.0,-100.0,-100.0,-16.0,0.0,-0.0,30.0,-88.533,-88.0,-88.0,-32.0,1.0,-0.0,31.0,-100.0,-100.0,-100.0,0.0,0.0,-0.0,30.0,9.756,9.756,9.756,0.0,0.0,-0.102,30.0,23.299,23.299,23.299,0.0,0.0,0.0,31.0
45.1798,1,fwd,90.0,12.0,-8.404,90.0,-8.392,16.0,0.0,3.793,34.0,-100.0,-100.0,-100.0,-8.0,0.0,-0.0,31.0,-100.0,-100.0,-100.0,-16.0,0.0,-0.0,30.0,-88.533,-88.0,-88.0,-32.0,1.0,-0.0,31.0,-100.0,-100.0,-100.0,0.0,0.0,-0.0,30.0,9.756,9.756,9.756,0.0,0.0,-0.05,30.0,23.299,23.299,23.299,0.0,0.0,0.0,31.0
45.2326,1,fwd,90.0,12.0,-8.225,90.0,-8.177,16.0,0.0,3.569,34.0,-100.0,-100.0,-100.0,-8.0,0.0,-0.0,31.0,-100.0,-100.0,-100.0,-16.0,0.0,-0.0,30.0,-88.533,-88.0,-88.0,-32.0,1.0,-0.0,31.0,-100.0,-100.0,-100.0,0.0,0.0,-0.0,30.0,9.756,9.756,9.756,0.0,0.0,-0.024,30.0,23.299,23.299,23.299,0.0,0.0,0.0,31.0
45.2853,1,fwd,90.0,12.0,-7.955,90.0,-7.964,16.0,0.0,4.184,34.0,-100.0,-100.0,-100.0,-8.0,0.0,-0.0,31.0,-100.0,-100.0,-100.0,-16.0,0.0,-0.0,30.0,-88.533,-88.0,-88.0,-32.0,1.0,-0.0,31.0,-100.0,-100.0,-100.0,0.0,0.0,-0.0,30.0,9.756,9.756,9.756,0.0,0.0,-0.012,30.0,23.299,23.299,23.299,0.0,0.0,0.0,31.0
45.3381,1,fwd,90.0,12.0,-7.596,90.0,-7.751,16.0,0.0,5.194,34.0,-100.0,-100.0,-100.0,-8.0,0.0,-0.0,31.0,-100.0,-100.0,-100.0,-16.0,0.0,-0.0,30.0,-88.533,-88.0,-88.0,-32.0,1.0,-0.0,31.0,-100.0,-100.0,-100.0,0.0,0.0,-0.0,30.0,9.756,9.756,9.756,0.0,0.0,-0.006,30.0,23.299,23.299,23.299,0.0,0.0,0.0,31.0
45.391,1,fwd,90.0,12.0,-7.506,90.0,-7.539,16.0,0.0,3.253,34.0,-100.0,-100.0,-100.0,-8.0,0.0,-0.0,31.0,-100.0,-100.0,-100.0,-16.0,0.0,-0.0,30.0,-88.533,-88.0,-88.0,-32.0,1.0,-0.0,31.0,-100.0,-100.0,-100.0,0.0,0.0,-0.0,30.0,9.756,9.756,9.756,0.0,0.0,-0.003,30.0,23.299,23.299,23.299,0.0,0.0,0.0,31.0
45.444,1,fwd,90.0,12.0,-7.326,90.0,-7.325,16.0,0.0,3.319,34.0,-100.0,-100.0,-100.0,-8.0,0.0,-0.0,31.0,-100.0,-100.0,-100.0,-16.0,0.0,-0.0,30.0,-88.533,-88.0,-88.0,-32.0,1.0,-0.0,31.0,-100.0,-100.0,-100.0,0.0,0.0,-0.0,30.0,9.756,9.756,9.756,0.0,0.0,-0.001,30.0,23.299,23.299,23.299,0.0,0.0,0.0,31.0
45.4959,1,fwd,90.0,12.0,-7.146,90.0,-7.112,16.0,0.0,3.349,34.0,-100.0,-100.0,-100.0,-8.0,0.0,-0.0,31.0,-100.0,-100.0,-100.0,-16.0,0.0,-0.0,30.0,-88.533,-88.0,-88.0,-32.0,1.0,-0.0,31.0,-100.0,-100.0,-100.0,0.0,0.0,-0.0,30.0,9.756,9.756,9.756,0.0,0.0,-0.001,30.0,23.299,23.299,23.299,0.0,0.0,0.0,31.0
45.5498,1,fwd,90.0,12.0,-6.966,90.0,-6.899,16.0,0.0,3.062,34.0,-100.0,-100.0,-100.0,-8.0,0.0,-0.0,31.0,-100.0,-100.0,-100.0,-16.0,0.0,-0.0,30.0,-88.533,-88.0,-88.0,-32.0,1.0,-0.0,31.0,-100.0,-100.0,-100.0,0.0,0.0,-0.0,30.0,9.756,9.756,9.756,0.0,0.0,-0.0,30.0,23.299,23.299,23.299,0.0,0.0,0.0,31.0
45.6026,1,fwd,90.0,12.0,-6.876,90.0,-6.686,16.0,0.0,2.206,34.0,-100.0,-100.0,-100.0,-8.0,0.0,-0.0,31.0,-100.0,-100.0,-100.0,-16.0,0.0,-0.0,30.0,-88.533,-88.0,-88.0,-32.0,1.0,-0.0,31.0,-100.0,-100.0,-100.0,0.0,0.0,-0.0,30.0,9.756,9.756,9.756,0.0,0.0,-0.0,30.0,23.299,23.299,23.299,0.0,0.0,0.0,31.0
45.6554,1,fwd,90.0,12.0,-6.787,90.0,-6.578,16.0,0.0,2.557,34.0,-100.0,-100.0,-100.0,-8.0,0.0,-0.0,31.0,-100.0,-100.0,-100.0,-16.0,0.0,-0.0,30.0,-88.533,-88.0,-88.0,-32.0,1.0,-0.0,31.0,-100.0,-100.0,-100.0,0.0,0.0,-0.0,30.0,9.756,9.756,9.756,0.0,0.0,-0.0,30.0,23.299,23.299,23.299,0.0,0.0,0.0,31.0
45.7085,1,fwd,90.0,11.9,-6.517,90.0,-6.338,0.0,0.0,3.142,34.0,-100.0,-100.0,-100.0,0.0,0.0,-0.0,31.0,-100.0,-100.0,-100.0,-16.0,1.0,-0.0,30.0,-88.533,-88.0,-88.0,-32.0,2.0,-0.0,31.0,-100.0,-100.0,-100.0,0.0,0.0,-0.0,30.0,9.756,9.756,9.756,0.0,0.0,-0.0,31.0,23.299,23.299,23.299,0.0,0.0,0.0,31.0
45.7617,1,fwd,90.0,11.9,-6.157,90.0,-6.114,0.0,0.0,4.832,34.0,-100.0,-100.0,-100.0,0.0,0.0,-0.0,31.0,-100.0,-100.0,-100.0,-16.0,1.0,-0.0,30.0,-88.533,-88.0,-88.0,-32.0,2.0,-0.0,31.0,-100.0,-100.0,-100.0,0.0,0.0,-0.0,30.0,9.756,9.756,9.756,0.0,0.0,-0.0,31.0,23.299,23.299,23.299,0.0,0.0,0.0,31.0
45.8147,1,fwd,90.0,11.9,-6.067,90.0,-5.9,0.0,0.0,3.079,34.0,-100.0,-100.0,-100.0,0.0,0.0,-0.0,31.0,-100.0,-100.0,-100.0,-16.0,1.0,-0.0,30.0,-88.533,-88.0,-88.0,-32.0,2.0,-0.0,31.0,-100.0,-100.0,-100.0,0.0,0.0,-0.0,30.0,9.756,9.756,9.756,0.0,0.0,-0.0,31.0,23.299,23.299,23.299,0.0,0.0,0.0,31.0
45.8677,1,fwd,90.0,11.9,-5.798,90.0,-5.687,0.0,0.0,4.235,34.0,-100.0,-100.0,-100.0,0.0,0.0,-0.0,31.0,-100.0,-100.0,-100.0,-16.0,1.0,-0.0,30.0,-88.533,-88.0,-88.0,-32.0,2.0,-0.0,31.0,-100.0,-100.0,-100.0,0.0,0.0,-0.0,30.0,9.756,9.756,9.756,0.0,0.0,-0.0,31.0,23.299,23.299,23.299,0.0,0.0,0.0,31.0
45.9207,1,fwd,90.0,11.9,-5.618,90.0,-5.474,0.0,0.0,3.801,34.0,-100.0,-100.0,-100.0,0.0,0.0,-0.0,31.0,-100.0,-100.0,-100.0,-16.0,1.0,-0.0,30.0,-88.533,-88.0,-88.0,-32.0,2.0,-0.0,31.0,-100.0,-100.0,-100.0,0.0,0.0,-0.0,30.0,9.756,9.756,9.756,0.0,0.0,-0.0,31.0,23.299,23.299,23.299,0.0,0.0,0.0,31.0
45.9737,1,fwd,90.0,11.9,-5.438,90.0,-5.261,0.0,0.0,3.584,34.0,-100.0,-100.0,-100.0,0.0,0.0,-0.0,31.0,-100.0,-100.0,-100.0,-16.0,1.0,-0.0,30.0,-88.533,-88.0,-88.0,-32.0,2.0,-0.0,31.0,-100.0,-100.0,-100.0,0.0,0.0,-0.0,30.0,9.756,9.756,9.756,0.0,0.0,-0.0,31.0,23.299,23.299,23.299,0.0,0.0,0.0,31.0
46.0267,1,fwd,90.0,11.9,-5.348,90.0,-5.048,0.0,0.0,2.766,34.0,-100.0,-100.0,-100.0,0.0,0.0,-0.0,31.0,-100.0,-100.0,-100.0,-16.0,1.0,-0.0,30.0,-88.533,-88.0,-88.0,-32.0,2.0,-0.0,31.0,-100.0,-100.0,-100.0,0.0,0.0,-0.0,30.0,9.756,9.756,9.756,0.0,0.0,-0.0,31.0,23.299,23.299,23.299,0.0,0.0,0.0,31.0
46.0798,1,fwd,90.0,11.9,-5.079,90.0,-4.835,0.0,0.0,3.785,34.0,-100.0,-100.0,-100.0,0.0,0.0,-0.0,31.0,-100.0,-100.0,-100.0,-16.0,1.0,-0.0,30.0,-88.533,-88.0,-88.0,-32.0,2.0,-0.0,31.0,-100.0,-100.0,-100.0,0.0,0.0,-0.0,30.0,9.756,9.756,9.756,0.0,0.0,-0.0,31.0,23.299,23.299,23.299,0.0,0.0,0.0,31.0
46.1326,1,fwd,90.0,11.9,-4.719,90.0,-4.622,0.0,0.0,5.298,34.0,-100.0,-100.0,-100.0,0.0,0.0,-0.0,31.0,-100.0,-100.0,-100.0,-16.0,1.0,-0.0,30.0,-88.533,-88.0,-88.0,-32.0,2.0,-0.0,31.0,-100.0,-100.0,-100.0,0.0,0.0,-0.0,30.0,9.756,9.756,9.756,0.0,0.0,-0.0,31.0,23.299,23.299,23.299,0.0,0.0,0.0,31.0
46.1857,1,fwd,90.0,11.9,-4.539,90.0,-4.408,0.0,0.0,4.307,34.0,-100.0,-100.0,-100.0,0.0,0.0,-0.0,31.0,-100.0,-100.0,-100.0,-16.0,1.0,-0.0,30.0,-88.533,-88.0,-88.0,-32.0,2.0,-0.0,31.0,-100.0,-100.0,-100.0,0.0,0.0,-0.0,30.0,9.756,9.756,9.756,0.0,0.0,-0.0,31.0,23.299,23.299,23.299,0.0,0.0,0.0,31.0
46.2387,1,fwd,90.0,12.0,-4.539,90.0,-4.301,0.0,0.0,3.015,34.0,-100.0,-100.0,-100.0,0.0,0.0,-0.0,31.0,-100.0,-100.0,-100.0,-8.0,0.0,-0.0,30.0,-88.533,-88.0,-88.0,-32.0,2.0,-0.0,31.0,-100.0,-100.0,-100.0,0.0,0.0,-0.0,30.0,9.756,9.756,9.756,0.0,0.0,-0.0,31.0,23.299,23.299,23.299,0.0,0.0,0.0,31.0
46.2909,1,fwd,90.0,12.0,-4.27,90.0,-3.966,0.0,0.0,3.13,34.0,-100.0,-100.0,-100.0,0.0,0.0,-0.0,31.0,-100.0,-100.0,-100.0,-8.0,0.0,-0.0,30.0,-88.533,-88.0,-88.0,-32.0,2.0,-0.0,31.0,-100.0,-100.0,-100.0,0.0,0.0,-0.0,30.0,9.756,9.756,9.756,0.0,0.0,-0.0,31.0,23.299,23.299,23.299,0.0,0.0,0.0,31.0
46.3428,1,fwd,90.0,12.0,-4.09,90.0,-3.749,0.0,0.0,3.573,34.0,-100.0,-100.0,-100.0,0.0,0.0,-0.0,31.0,-100.0,-100.0,-100.0,-8.0,0.0,-0.0,30.0,-88.533,-88.0,-88.0,-32.0,2.0,-0.0,31.0,-100.0,-100.0,-100.0,0.0,0.0,-0.0,30.0,9.756,9.756,9.756,0.0,0.0,-0.0,31.0,23.299,23.299,23.299,0.0,0.0,0.0,31.0
46.3957,1,fwd,90.0,12.0,-4.0,90.0,-3.536,0.0,0.0,2.453,34.0,-100.0,-100.0,-100.0,0.0,0.0,-0.0,31.0,-100.0,-100.0,-100.0,-8.0,0.0,-0.0,30.0,-88.533,-88.0,-88.0,-32.0,2.0,-0.0,31.0,-99.931,-100.0,-100.0,0.0,0.0,0.782,30.0,9.756,9.756,9.756,0.0,0.0,-0.0,31.0,23.299,23.299,23.299,0.0,0.0,0.0,31.0
46.4478,1,fwd,90.0,12.0,-3.64,90.0,-3.323,0.0,0.0,4.637,34.0,-100.0,-100.0,-100.0,0.0,0.0,-0.0,31.0,-100.0,-100.0,-100.0,-8.0,0.0,-0.0,30.0,-88.533,-88.0,-88.0,-32.0,2.0,-0.0,31.0,-100.0,-100.0,-100.0,0.0,0.0,-0.393,30.0,9.756,9.756,9.756,0.0,0.0,-0.0,31.0,23.299,23.299,23.299,0.0,0.0,0.0,31.0
46.5008,1,fwd,90.0,12.0,-3.281,90.0,-3.109,0.0,0.0,5.699,34.0,-100.0,-100.0,-100.0,0.0,0.0,-0.0,31.0,-100.0,-100.0,-100.0,-8.0,0.0,-0.0,30.0,-88.533,-88.0,-88.0,-32.0,2.0,-0.0,31.0,-100.0,-100.0,-100.0,0.0,0.0,-0.192,30.0,9.756,9.756,9.756,0.0,0.0,-0.0,31.0,23.299,23.299,23.299,0.0,0.0,0.0,31.0
46.5544,1,fwd,90.0,12.0,-3.191,90.0,-2.896,0.0,0.0,3.503,34.0,-100.0,-100.0,-100.0,0.0,0.0,-0.0,31.0,-100.0,-100.0,-100.0,-8.0,0.0,-0.0,30.0,-88.533,-88.0,-88.0,-32.0,2.0,-0.0,31.0,-100.0,-100.0,-100.0,0.0,0.0,-0.094,30.0,9.756,9.756,9.756,0.0,0.0,-0.0,31.0,23.299,23.299,23.299,0.0,0.0,0.0,31.0
46.6073,1,fwd,90.0,12.0,-3.011,90.0,-2.684,0.0,0.0,3.44,34.0,-100.0,-100.0,-100.0,0.0,0.0,-0.0,31.0,-100.0,-100.0,-100.0,-8.0,0.0,-0.0,30.0,-88.533,-88.0,-88.0,-32.0,2.0,-0.0,31.0,-100.0,-100.0,-100.0,0.0,0.0,-0.046,30.0,9.756,9.756,9.756,0.0,0.0,-0.0,31.0,23.299,23.299,23.299,0.0,0.0,0.0,31.0
46.6601,1,fwd,90.0,12.0,-2.831,90.0,-2.47,0.0,0.0,3.408,34.0,-100.0,-100.0,-100.0,0.0,0.0,-0.0,31.0,-100.0,-100.0,-100.0,-8.0,0.0,-0.0,30.0,-88.533,-88.0,-88.0,-32.0,2.0,-0.0,31.0,-100.0,-100.0,-100.0,0.0,0.0,-0.023,30.0,9.756,9.756,9.756,0.0,0.0,-0.0,31.0,23.299,23.299,23.299,0.0,0.0,0.0,31.0
46.7131,1,fwd,90.0,12.0,-2.562,90.0,-2.258,0.0,0.0,4.388,34.0,-100.0,-100.0,-100.0,0.0,0.0,-0.0,31.0,-100.0,-100.0,-100.0,-8.0,0.0,-0.0,30.0,-88.533,-88.0,-88.0,-32.0,2.0,-0.0,31.0,-100.0,-100.0,-100.0,0.0,0.0,-0.011,30.0,9.756,9.756,9.756,0.0,0.0,-0.0,31.0,23.299,23.299,23.299,0.0,0.0,0.0,31.0
46.7649,1,fwd,90.0,12.0,-2.472,90.0,-2.044,0.0,0.0,3.156,34.0,-100.0,-100.0,-100.0,0.0,0.0,-0.0,31.0,-100.0,-100.0,-100.0,-8.0,0.0,-0.0,30.0,-88.533,-88.0,-88.0,-32.0,2.0,-0.0,31.0,-100.0,-100.0,-100.0,0.0,0.0,-0.005,30.0,9.756,9.756,9.756,0.0,0.0,-0.0,31.0,23.299,23.299,23.299,0.0,0.0,0.0,31.0
46.8181,1,fwd,90.0,12.0,-2.472,90.0,-1.807,-8.0,0.0,3.156,34.0,-100.0,-100.0,-100.0,0.0,0.0,-0.0,31.0,-100.0,-100.0,-100.0,-8.0,0.0,-0.0,30.0,-88.533,-88.0,-88.0,-32.0,2.0,-0.0,31.0,-100.0,-100.0,-100.0,0.0,0.0,-0.005,30.0,9.756,9.756,9.756,0.0,0.0,-0.0,30.0,23.299,23.299,23.299,0.0,0.0,0.0,31.0
46.8712,1,fwd,90.0,12.0,-2.112,90.0,-1.583,-8.0,0.0,3.483,34.0,-100.0,-100.0,-100.0,0.0,0.0,-0.0,31.0,-100.0,-100.0,-100.0,-8.0,0.0,-0.0,30.0,-88.533,-88.0,-88.0,-32.0,2.0,-0.0,31.0,-100.0,-100.0,-100.0,0.0,0.0,-0.003,30.0,9.756,9.756,9.756,0.0,0.0,-0.0,30.0,23.299,23.299,23.299,0.0,0.0,0.0,31.0
46.9247,1,fwd,90.0,12.0,-1.753,90.0,-1.37,-8.0,0.0,4.837,34.0,-100.0,-100.0,-100.0,0.0,0.0,-0.0,31.0,-100.0,-100.0,-100.0,-8.0,0.0,-0.0,30.0,-88.533,-88.0,-88.0,-32.0,2.0,-0.0,31.0,-100.0,-100.0,-100.0,0.0,0.0,-0.001,30.0,9.756,9.756,9.756,0.0,0.0,-0.0,30.0,23.299,23.299,23.299,0.0,0.0,0.0,31.0
46.977,1,fwd,90.0,12.0,-1.663,90.0,-1.263,-8.0,0.0,3.385,34.0,-100.0,-100.0,-100.0,0.0,0.0,-0.0,31.0,-100.0,-100.0,-100.0,-8.0,0.0,-0.0,30.0,-88.533,-88.0,-88.0,-32.0,2.0,-0.0,31.0,-100.0,-100.0,-100.0,0.0,0.0,-0.001,30.0,9.756,9.756,9.756,0.0,0.0,-0.0,30.0,23.299,23.299,23.299,0.0,0.0,0.0,31.0
47.0301,1,fwd,90.0,12.0,-1.483,90.0,-1.041,-8.0,0.0,3.338,34.0,-100.0,-100.0,-100.0,0.0,0.0,-0.0,31.0,-100.0,-100.0,-100.0,-8.0,0.0,-0.0,30.0,-88.533,-88.0,-88.0,-32.0,2.0,-0.0,31.0,-100.0,-100.0,-100.0,0.0,0.0,-0.0,30.0,9.756,9.756,9.756,0.0,0.0,-0.0,30.0,23.299,23.299,23.299,0.0,0.0,0.0,31.0
47.0832,1,fwd,90.0,12.0,-1.213,90.0,-0.828,-8.0,0.0,4.367,34.0,-100.0,-100.0,-100.0,0.0,0.0,-0.0,31.0,-100.0,-100.0,-100.0,-8.0,0.0,-0.0,30.0,-88.533,-88.0,-88.0,-32.0,2.0,-0.0,31.0,-100.0,-100.0,-100.0,0.0,0.0,-0.0,30.0,9.756,9.756,9.756,0.0,0.0,-0.0,30.0,23.299,23.299,23.299,0.0,0.0,0.0,31.0
47.1363,1,fwd,90.0,12.0,-1.034,90.0,-0.613,-8.0,0.0,3.857,34.0,-100.0,-100.0,-100.0,0.0,0.0,-0.0,31.0,-100.0,-100.0,-100.0,-8.0,0.0,-0.0,30.0,-88.533,-88.0,-88.0,-32.0,2.0,-0.0,31.0,-100.0,-100.0,-100.0,0.0,0.0,-0.0,30.0,9.756,9.756,9.756,0.0,0.0,-0.0,30.0,23.299,23.299,23.299,0.0,0.0,0.0,31.0
47.1895,1,fwd,90.0,12.0,-0.764,90.0,-0.402,-8.0,0.0,4.954,34.0,-100.0,-100.0,-100.0,0.0,0.0,-0.0,31.0,-100.0,-100.0,-100.0,-8.0,0.0,-0.0,30.0,-88.533,-88.0,-88.0,-32.0,2.0,-0.0,31.0,-100.0,-100.0,-100.0,0.0,0.0,-0.0,30.0,9.756,9.756,9.756,0.0,0.0,-0.0,30.0,23.299,23.299,23.299,0.0,0.0,0.0,31.0
47.2425,1,fwd,90.0,12.0,-0.494,90.0,-0.188,-8.0,0.0,5.133,34.0,-100.0,-100.0,-100.0,0.0,0.0,-0.0,31.0,-100.0,-100.0,-100.0,-8.0,0.0,-0.0,30.0,-88.533,-88.0,-88.0,-32.0,2.0,-0.0,31.0,-100.0,-100.0,-100.0,0.0,0.0,-0.0,30.0,9.756,9.756,9.756,0.0,0.0,-0.0,30.0,23.299,23.299,23.299,0.0,0.0,0.0,31.0
47.2957,1,fwd,90.0,12.0,-0.315,90.0,0.026,-8.0,0.0,3.93,34.0,-100.0,-100.0,-100.0,0.0,0.0,-0.0,31.0,-100.0,-100.0,-100.0,-8.0,0.0,-0.0,30.0,-88.533,-88.0,-88.0,-32.0,2.0,-0.0,31.0,-100.0,-100.0,-100.0,0.0,0.0,-0.0,30.0,9.756,9.756,9.756,0.0,0.0,-0.0,30.0,23.299,23.299,23.299,0.0,0.0,0.0,31.0
47.3485,1,fwd,90.0,12.0,-0.225,90.0,0.239,-8.0,0.0,2.636,34.0,-100.0,-100.0,-100.0,0.0,0.0,-0.0,31.0,-100.0,-100.0,-100.0,-8.0,0.0,-0.0,30.0,-88.533,-88.0,-88.0,-32.0,2.0,-0.0,31.0,-100.0,-100.0,-100.0,0.0,0.0,-0.0,30.0,9.756,9.756,9.756,0.0,0.0,-0.0,30.0,23.299,23.299,23.299,0.0,0.0,0.0,31.0
47.4017,1,fwd,90.0,12.0,0.045,90.0,0.479,-8.0,0.0,3.195,34.0,-100.0,-100.0,-100.0,-8.0,0.0,-0.0,31.0,-100.0,-100.0,-100.0,-8.0,0.0,-0.0,30.0,-88.533,-88.0,-88.0,-32.0,2.0,-0.0,31.0,-100.0,-100.0,-100.0,0.0,0.0,-0.0,30.0,9.756,9.756,9.756,0.0,0.0,-0.0,31.0,23.299,23.299,23.299,0.0,0.0,0.0,31.0
47.4548,1,fwd,90.0,12.0,0.135,90.0,0.693,-8.0,0.0,2.577,34.0,-100.0,-100.0,-100.0,-8.0,0.0,-0.0,31.0,-100.0,-100.0,-100.0,-8.0,0.0,-0.0,30.0,-88.533,-88.0,-88.0,-32.0,2.0,-0.0,31.0,-100.0,-100.0,-100.0,0.0,0.0,-0.0,30.0,9.756,9.756,9.756,0.0,0.0,-0.0,31.0,23.299,23.299,23.299,0.0,0.0,0.0,31.0
47.5069,1,fwd,90.0,12.0,0.404,90.0,0.906,-8.0,0.0,3.989,34.0,-100.0,-100.0,-100.0,-8.0,0.0,-0.0,31.0,-100.0,-100.0,-100.0,-8.0,0.0,-0.0,30.0,-88.533,-88.0,-88.0,-32.0,2.0,-0.0,31.0,-100.0,-100.0,-100.0,0.0,0.0,-0.0,30.0,9.756,9.756,9.756,0.0,0.0,-0.0,31.0,23.299,23.299,23.299,0.0,0.0,0.0,31.0
47.5608,1,fwd,90.0,12.0,0.764,90.0,1.12,-8.0,0.0,5.7,34.0,-100.0,-100.0,-100.0,-8.0,0.0,-0.0,31.0,-100.0,-100.0,-100.0,-8.0,0.0,-0.0,30.0,-88.533,-88.0,-88.0,-32.0,2.0,-0.0,31.0,-99.931,-100.0,-100.0,0.0,0.0,0.78,30.0,9.756,9.756,9.756,0.0,0.0,-0.0,31.0,23.299,23.299,23.299,0.0,0.0,0.0,31.0
47.614,1,fwd,90.0,12.0,1.124,90.0,1.333,-8.0,0.0,5.927,34.0,-100.0,-100.0,-100.0,-8.0,0.0,-0.0,31.0,-100.0,-100.0,-100.0,-8.0,0.0,-0.0,30.0,-88.533,-88.0,-88.0,-32.0,2.0,-0.0,31.0,-100.0,-100.0,-100.0,0.0,0.0,-0.4,30.0,9.756,9.756,9.756,0.0,0.0,-0.0,31.0,23.299,23.299,23.299,0.0,0.0,0.0,31.0
47.6659,1,fwd,90.0,12.0,1.213,90.0,1.547,-8.0,0.0,3.925,34.0,-100.0,-100.0,-100.0,-8.0,0.0,-0.0,31.0,-100.0,-100.0,-100.0,-8.0,0.0,-0.0,30.0,-88.533,-88.0,-88.0,-32.0,2.0,-0.0,31.0,-100.0,-100.0,-100.0,0.0,0.0,-0.196,30.0,9.756,9.756,9.756,0.0,0.0,-0.0,31.0,23.299,23.299,23.299,0.0,0.0,0.0,31.0
47.7186,1,fwd,90.0,12.0,1.303,90.0,1.76,-8.0,0.0,2.942,34.0,-100.0,-100.0,-100.0,-8.0,0.0,-0.0,31.0,-100.0,-100.0,-100.0,-8.0,0.0,-0.0,30.0,-88.533,-88.0,-88.0,-32.0,2.0,-0.0,31.0,-100.0,-100.0,-100.0,0.0,0.0,-0.096,30.0,9.756,9.756,9.756,0.0,0.0,-0.0,31.0,23.299,23.299,23.299,0.0,0.0,0.0,31.0
47.7715,1,fwd,90.0,12.0,1.483,90.0,1.971,-8.0,0.0,3.165,34.0,-100.0,-100.0,-100.0,-8.0,0.0,-0.0,31.0,-100.0,-100.0,-100.0,-8.0,0.0,-0.0,30.0,-88.533,-88.0,-88.0,-32.0,2.0,-0.0,31.0,-100.0,-100.0,-100.0,0.0,0.0,-0.047,30.0,9.756,9.756,9.756,0.0,0.0,-0.0,31.0,23.299,23.299,23.299,0.0,0.0,0.0,31.0
47.8245,1,fwd,90.0,12.0,1.573,90.0,2.185,-8.0,0.0,2.56,34.0,-100.0,-100.0,-100.0,-8.0,0.0,-0.0,31.0,-100.0,-100.0,-100.0,-8.0,0.0,-0.0,30.0,-88.533,-88.0,-88.0,-32.0,2.0,-0.0,31.0,-100.0,-100.0,-100.0,0.0,0.0,-0.023,30.0,9.756,9.756,9.756,0.0,0.0,-0.0,31.0,23.299,23.299,23.299,0.0,0.0,0.0,31.0
47.8777,1,fwd,90.0,12.0,1.753,90.0,2.399,-8.0,0.0,2.979,34.0,-100.0,-100.0,-100.0,-8.0,0.0,-0.0,31.0,-100.0,-100.0,-100.0,-8.0,0.0,-0.0,30.0,-88.533,-88.0,-88.0,-32.0,2.0,-0.0,31.0,-100.0,-100.0,-100.0,0.0,0.0,-0.011,30.0,9.756,9.756,9.756,0.0,0.0,-0.0,31.0,23.299,23.299,23.299,0.0,0.0,0.0,31.0
47.9299,1,fwd,90.0,11.9,2.022,90.0,2.505,-16.0,0.0,5.148,34.0,-100.0,-100.0,-100.0,-8.0,0.0,-0.0,31.0,-100.0,-100.0,-100.0,-8.0,0.0,-0.0,30.0,-88.533,-88.0,-88.0,-32.0,2.0,-0.0,31.0,-100.0,-100.0,-100.0,0.0,0.0,-0.008,30.0,9.756,9.756,9.756,0.0,0.0,-0.0,30.0,23.299,23.299,23.299,0.0,0.0,0.0,31.0
47.9821,1,fwd,90.0,11.9,2.382,90.0,2.842,-16.0,0.0,5.472,34.0,-100.0,-100.0,-100.0,-8.0,0.0,-0.0,31.0,-100.0,-100.0,-100.0,-8.0,0.0,-0.0,30.0,-88.533,-88.0,-88.0,-32.0,2.0,-0.0,31.0,-100.0,-100.0,-100.0,0.0,0.0,-0.006,30.0,9.756,9.756,9.756,0.0,0.0,-0.0,30.0,23.299,23.299,23.299,0.0,0.0,0.0,31.0
48.0356,1,fwd,90.0,11.9,2.562,90.0,3.068,-16.0,0.0,4.32,34.0,-100.0,-100.0,-100.0,-8.0,0.0,-0.0,31.0,-100.0,-100.0,-100.0,-8.0,0.0,-0.0,30.0,-88.533,-88.0,-88.0,-32.0,2.0,-0.0,31.0,-100.0,-100.0,-100.0,0.0,0.0,-0.003,30.0,9.756,9.756,9.756,0.0,0.0,-0.0,30.0,23.299,23.299,23.299,0.0,0.0,0.0,31.0
48.0881,1,fwd,90.0,11.9,2.742,90.0,3.182,-16.0,0.0,3.782,34.0,-100.0,-100.0,-100.0,-8.0,0.0,-0.0,31.0,-100.0,-100.0,-100.0,-8.0,0.0,-0.0,30.0,-88.533,-88.0,-88.0,-32.0,2.0,-0.0,31.0,-100.0,-100.0,-100.0,0.0,0.0,-0.001,30.0,9.756,9.756,9.756,0.0,0.0,-0.0,30.0,23.299,23.299,23.299,0.0,0.0,0.0,31.0
48.1415,1,fwd,90.0,11.9,2.831,90.0,3.403,-16.0,0.0,2.515,34.0,-100.0,-100.0,-100.0,-8.0,0.0,-0.0,31.0,-100.0,-100.0,-100.0,-8.0,0.0,-0.0,30.0,-88.533,-88.0,-88.0,-32.0,2.0,-0.0,31.0,-100.0,-100.0,-100.0,0.0,0.0,-0.001,30.0,9.756,9.756,9.756,0.0,0.0,-0.0,30.0,23.299,23.299,23.299,0.0,0.0,0.0,31.0
48.1952,1,fwd,90.0,11.9,3.011,90.0,3.62,-16.0,0.0,3.234,34.0,-100.0,-100.0,-100.0,-8.0,0.0,-0.0,31.0,-100.0,-100.0,-100.0,-8.0,0.0,-0.0,30.0,-88.533,-88.0,-88.0,-32.0,2.0,-0.0,31.0,-100.0,-100.0,-100.0,0.0,0.0,-0.0,30.0,9.756,9.756,9.756,0.0,0.0,-0.0,30.0,23.299,23.299,23.299,0.0,0.0,0.0,31.0
48.2486,1,fwd,90.0,11.9,3.191,90.0,3.836,-16.0,0.0,3.292,34.0,-100.0,-100.0,-100.0,-8.0,0.0,-0.0,31.0,-100.0,-100.0,-100.0,-8.0,0.0,-0.0,30.0,-88.533,-88.0,-88.0,-32.0,2.0,-0.0,31.0,-100.0,-100.0,-100.0,0.0,0.0,-0.0,30.0,9.756,9.756,9.756,0.0,0.0,-0.0,30.0,23.299,23.299,23.299,0.0,0.0,0.0,31.0
48.3008,1,fwd,90.0,11.9,3.551,90.0,4.05,-16.0,0.0,5.006,34.0,-100.0,-100.0,-100.0,-8.0,0.0,-0.0,31.0,-100.0,-100.0,-100.0,-8.0,0.0,-0.0,30.0,-88.533,-88.0,-88.0,-32.0,2.0,-0.0,31.0,-100.0,-100.0,-100.0,0.0,0.0,-0.0,30.0,9.756,9.756,9.756,0.0,0.0,-0.0,30.0,23.299,23.299,23.299,0.0,0.0,0.0,31.0
48.3543,1,fwd,90.0,11.9,3.73,90.0,4.265,-16.0,0.0,3.868,34.0,-100.0,-100.0,-100.0,-8.0,0.0,-0.0,31.0,-100.0,-100.0,-100.0,-8.0,0.0,-0.0,30.0,-88.533,-88.0,-88.0,-32.0,2.0,-0.0,31.0,-100.0,-100.0,-100.0,0.0,0.0,-0.0,30.0,9.756,9.756,9.756,0.0,0.0,-0.0,30.0,23.299,23.299,23.299,0.0,0.0,0.0,31.0
48.4076,1,fwd,90.0,11.9,4.0,90.0,4.479,-16.0,0.0,4.318,34.0,-100.0,-100.0,-100.0,-8.0,0.0,-0.0,31.0,-100.0,-100.0,-100.0,-8.0,0.0,-0.0,30.0,-88.533,-88.0,-88.0,-32.0,2.0,-0.0,31.0,-100.0,-100.0,-100.0,0.0,0.0,-0.0,30.0,9.756,9.756,9.756,0.0,0.0,-0.0,30.0,23.299,23.299,23.299,0.0,0.0,0.0,31.0
48.4603,1,fwd,90.0,11.9,4.09,90.0,4.692,-16.0,0.0,2.828,34.0,-100.0,-100.0,-100.0,-8.0,0.0,-0.0,31.0,-100.0,-100.0,-100.0,-8.0,0.0,-0.0,30.0,-88.533,-88.0,-88.0,-32.0,2.0,-0.0,31.0,-100.0,-100.0,-100.0,0.0,0.0,-0.0,30.0,9.756,9.756,9.756,0.0,0.0,-0.0,30.0,23.299,23.299,23.299,0.0,0.0,0.0,31.0
48.5138,1,fwd,90.0,12.0,4.18,90.0,4.799,-20.0,0.0,2.987,34.0,-100.0,-100.0,-100.0,0.0,0.0,-0.0,31.0,-100.0,-100.0,-100.0,-8.0,0.0,-0.0,30.0,-88.533,-88.0,-88.0,-32.0,2.0,-0.0,31.0,-100.0,-100.0,-100.0,0.0,0.0,-0.0,30.0,9.756,9.756,9.756,0.0,0.0,-0.0,30.0,23.299,23.299,23.299,0.0,0.0,0.0,31.0
48.5664,1,fwd,90.0,12.0,4.36,90.0,5.139,-20.0,0.0,2.111,34.0,-100.0,-100.0,-100.0,0.0,0.0,-0.0,31.0,-100.0,-100.0,-100.0,-8.0,0.0,-0.0,30.0,-88.533,-88.0,-88.0,-32.0,2.0,-0.0,31.0,-100.0,-100.0,-100.0,0.0,0.0,-0.0,30.0,9.756,9.756,9.756,0.0,0.0,-0.0,30.0,23.299,23.299,23.299,0.0,0.0,0.0,31.0
48.6189,1,fwd,90.0,12.0,4.719,90.0,5.355,-20.0,0.0,4.436,34.0,-100.0,-100.0,-100.0,0.0,0.0,-0.0,31.0,-100.0,-100.0,-100.0,-8.0,0.0,-0.0,30.0,-88.533,-88.0,-88.0,-32.0,2.0,-0.0,31.0,-100.0,-100.0,-100.0,0.0,0.0,-0.0,30.0,9.756,9.756,9.756,0.0,0.0,-0.0,30.0,23.299,23.299,23.299,0.0,0.0,0.0,31.0
48.6722,1,fwd,90.0,12.0,5.079,90.0,5.569,-20.0,0.0,5.888,34.0,-100.0,-100.0,-100.0,0.0,0.0,-0.0,31.0,-100.0,-100.0,-100.0,-8.0,0.0,-0.0,30.0,-88.533,-88.0,-88.0,-32.0,2.0,-0.0,31.0,-100.0,-100.0,-100.0,0.0,0.0,-0.0,30.0,9.756,9.756,9.756,0.0,0.0,-0.0,30.0,23.299,23.299,23.299,0.0,0.0,0.0,31.0
48.7251,1,fwd,90.0,12.0,5.258,90.0,5.787,-20.0,0.0,4.579,34.0,-100.0,-100.0,-100.0,0.0,0.0,-0.0,31.0,-100.0,-100.0,-100.0,-8.0,0.0,-0.0,30.0,-88.533,-88.0,-88.0,-32.0,2.0,-0.0,31.0,-100.0,-100.0,-100.0,0.0,0.0,-0.0,30.0,9.268,9.756,9.756,0.0,0.0,-3.7,30.0,23.299,23.299,23.299,0.0,0.0,0.0,31.0
48.7774,1,fwd,90.0,12.0,5.438,90.0,6.002,-20.0,0.0,4.281,34.0,-100.0,-100.0,-100.0,0.0,0.0,-0.0,31.0,-100.0,-100.0,-100.0,-8.0,0.0,-0.0,30.0,-88.533,-88.0,-88.0,-32.0,2.0,-0.0,31.0,-100.0,-100.0,-100.0,0.0,0.0,-0.0,30.0,9.268,9.756,9.756,0.0,0.0,-1.813,30.0,23.299,23.299,23.299,0.0,0.0,0.0,31.0
48.8299,1,fwd,90.0,12.0,5.618,90.0,6.217,-20.0,0.0,3.8,34.0,-100.0,-100.0,-100.0,0.0,0.0,-0.0,31.0,-100.0,-100.0,-100.0,-8.0,0.0,-0.0,30.0,-88.533,-88.0,-88.0,-32.0,2.0,-0.0,31.0,-100.0,-100.0,-100.0,0.0,0.0,-0.0,30.0,9.756,9.756,9.756,0.0,0.0,4.592,30.0,23.299,23.299,23.299,0.0,0.0,0.0,31.0
48.8833,1,fwd,90.0,12.0,5.798,90.0,6.433,-20.0,0.0,3.569,34.0,-100.0,-100.0,-100.0,0.0,0.0,-0.0,31.0,-100.0,-100.0,-100.0,-8.0,0.0,-0.0,30.0,-88.533,-88.0,-88.0,-32.0,2.0,-0.0,31.0,-100.0,-100.0,-100.0,0.0,0.0,-0.0,30.0,9.756,9.756,9.756,0.0,0.0,2.25,30.0,23.299,23.299,23.299,0.0,0.0,0.0,31.0
48.9358,1,fwd,90.0,12.0,5.978,90.0,6.648,-20.0,0.0,3.769,34.0,-100.0,-100.0,-100.0,0.0,0.0,-0.0,31.0,-100.0,-100.0,-100.0,-8.0,0.0,-0.0,30.0,-88.533,-88.0,-88.0,-32.0,2.0,-0.0,31.0,-100.0,-100.0,-100.0,0.0,0.0,-0.0,30.0,9.756,9.756,9.756,0.0,0.0,1.102,30.0,23.299,23.299,23.299,0.0,0.0,0.0,31.0
48.9887,1,fwd,90.0,12.0,6.157,90.0,6.86,-20.0,0.0,3.566,34.0,-100.0,-100.0,-100.0,0.0,0.0,-0.0,31.0,-100.0,-100.0,-100.0,-8.0,0.0,-0.0,30.0,-88.533,-88.0,-88.0,-32.0,2.0,-0.0,31.0,-100.0,-100.0,-100.0,0.0,0.0,-0.0,30.0,9.756,9.756,9.756,0.0,0.0,0.54,30.0,23.299,23.299,23.299,0.0,0.0,0.0,31.0
49.0415,1,fwd,90.0,12.0,6.337,90.0,7.076,-20.0,0.0,4.485,34.0,-100.0,-100.0,-100.0,0.0,0.0,-0.0,31.0,-100.0,-100.0,-100.0,-8.0,0.0,-0.0,30.0,-88.533,-88.0,-88.0,-32.0,2.0,-0.0,31.0,-100.0,-100.0,-100.0,0.0,0.0,-0.0,30.0,9.756,9.756,9.756,0.0,0.0,0.378,30.0,23.299,23.299,23.299,0.0,0.0,0.0,31.0
49.0951,1,fwd,90.0,11.9,6.517,90.0,7.076,-28.0,0.0,4.933,34.0,-100.0,-100.0,-100.0,-8.0,0.0,-0.0,31.0,-100.0,-100.0,-100.0,-8.0,0.0,-0.0,30.0,-88.533,-88.0,-88.0,-32.0,2.0,-0.0,31.0,-100.0,-100.0,-100.0,0.0,0.0,-0.0,30.0,9.756,9.756,9.756,0.0,0.0,0.265,30.0,23.299,23.299,23.299,0.0,0.0,0.0,31.0
49.1482,1,fwd,90.0,11.9,6.697,90.0,7.432,-28.0,0.0,3.751,34.0,-100.0,-100.0,-100.0,-8.0,0.0,-0.0,31.0,-100.0,-100.0,-100.0,-8.0,0.0,-0.0,30.0,-88.533,-88.0,-88.0,-32.0,2.0,-0.0,31.0,-100.0,-100.0,-100.0,0.0,0.0,-0.0,30.0,9.756,9.756,9.756,0.0,0.0,0.13,30.0,23.299,23.299,23.299,0.0,0.0,0.0,31.0
49.2012,1,fwd,90.0,11.9,6.966,90.0,7.645,-28.0,0.0,4.578,34.0,-100.0,-100.0,-100.0,-8.0,0.0,-0.0,31.0,-100.0,-100.0,-100.0,-8.0,0.0,-0.0,30.0,-88.533,-88.0,-88.0,-32.0,2.0,-0.0,31.0,-100.0,-100.0,-100.0,0.0,0.0,-0.0,30.0,9.756,9.756,9.756,0.0,0.0,0.064,30.0,23.093,23.299,23.299,0.0,0.0,-1.626,31.0
49.254,1,fwd,90.0,11.9,7.146,90.0,7.858,-28.0,0.0,3.965,34.0,-100.0,-100.0,-100.0,-8.0,0.0,-0.0,31.0,-100.0,-100.0,-100.0,-8.0,0.0,-0.0,30.0,-88.533,-88.0,-88.0,-32.0,2.0,-0.0,31.0,-100.0,-100.0,-100.0,0.0,0.0,-0.0,30.0,9.756,9.756,9.756,0.0,0.0,0.031,30.0,23.093,23.299,23.299,0.0,0.0,-0.797,31.0
49.307,1,fwd,90.0,11.9,7.236,90.0,8.071,-28.0,0.0,2.65,34.0,-100.0,-100.0,-100.0,-8.0,0.0,-0.0,31.0,-100.0,-100.0,-100.0,-8.0,0.0,-0.0,30.0,-88.533,-88.0,-88.0,-32.0,2.0,-0.0,31.0,-100.0,-100.0,-100.0,0.0,0.0,-0.0,30.0,9.756,9.756,9.756,0.0,0.0,0.015,30.0,23.093,23.299,23.299,0.0,0.0,-0.391,31.0
49.3603,1,fwd,90.0,11.9,7.596,90.0,8.285,-28.0,0.0,4.734,34.0,-100.0,-100.0,-100.0,-8.0,0.0,-0.0,31.0,-100.0,-100.0,-100.0,-8.0,0.0,-0.0,30.0,-88.533,-88.0,-88.0,-32.0,2.0,-0.0,31.0,-100.0,-100.0,-100.0,0.0,0.0,-0.0,30.0,9.756,9.756,9.756,0.0,0.0,0.007,30.0,23.299,23.299,23.299,0.0,0.0,1.435,31.0
49.4127,1,fwd,90.0,11.9,7.865,90.0,8.501,-28.0,0.0,5.056,34.0,-100.0,-100.0,-100.0,-8.0,0.0,-0.0,31.0,-100.0,-100.0,-100.0,-8.0,0.0,-0.0,30.0,-88.533,-88.0,-88.0,-32.0,2.0,-0.0,31.0,-100.0,-100.0,-100.0,0.0,0.0,-0.0,30.0,9.756,9.756,9.756,0.0,0.0,0.004,30.0,23.299,23.299,23.299,0.0,0.0,0.703,31.0
49.4653,1,fwd,90.0,11.9,8.045,90.0,8.714,-28.0,0.0,4.183,34.0,-100.0,-100.0,-100.0,-8.0,0.0,-0.0,31.0,-100.0,-100.0,-100.0,-8.0,0.0,-0.0,30.0,-88.533,-88.0,-88.0,-32.0,2.0,-0.0,31.0,-100.0,-100.0,-100.0,0.0,0.0,-0.0,30.0,9.756,9.756,9.756,0.0,0.0,0.002,30.0,23.299,23.299,23.299,0.0,0.0,0.345,31.0
49.5186,1,fwd,90.0,11.9,8.225,90.0,8.929,-28.0,0.0,3.752,34.0,-100.0,-100.0,-100.0,-8.0,0.0,-0.0,31.0,-100.0,-100.0,-100.0,-8.0,0.0,-0.0,30.0,-88.4,-88.0,-88.0,-32.0,2.0,1.484,31.0,-99.931,-100.0,-100.0,0.0,0.0,0.77,30.0,9.756,9.756,9.756,0.0,0.0,0.001,30.0,23.299,23.299,23.299,0.0,0.0,0.169,31.0
49.5724,1,fwd,90.0,11.9,8.404,90.0,9.144,-28.0,0.0,3.541,34.0,-100.0,-100.0,-100.0,-8.0,0.0,-0.0,31.0,-100.0,-100.0,-100.0,-8.0,0.0,-0.0,30.0,-88.4,-88.0,-88.0,-32.0,2.0,0.727,31.0,-99.931,-100.0,-100.0,0.0,0.0,0.377,30.0,9.756,9.756,9.756,0.0,0.0,0.0,30.0,23.299,23.299,23.299,0.0,0.0,0.083,31.0
49.6258,1,fwd,90.0,11.9,8.584,90.0,9.359,-28.0,0.0,3.446,34.0,-100.0,-100.0,-100.0,-8.0,0.0,-0.0,31.0,-100.0,-100.0,-100.0,-8.0,0.0,-0.0,30.0,-88.4,-88.0,-88.0,-32.0,2.0,0.356,31.0,-100.0,-100.0,-100.0,0.0,0.0,-0.358,30.0,9.268,9.756,9.756,0.0,0.0,-3.825,30.0,23.299,23.299,23.299,0.0,0.0,0.041,31.0
49.678,1,fwd,90.0,11.9,8.674,90.0,9.588,-40.0,3.0,2.885,34.0,-100.0,-100.0,-100.0,0.0,0.0,-0.0,31.0,-100.0,-100.0,-100.0,-8.0,0.0,-0.0,30.0,-88.4,-88.0,-88.0,-24.0,1.0,0.249,31.0,-100.0,-100.0,-100.0,0.0,0.0,-0.25,30.0,9.756,9.756,9.756,-8.0,0.0,-0.11,31.0,23.299,23.299,23.299,0.0,0.0,0.028,31.0
49.7305,1,fwd,90.0,11.9,9.034,90.0,9.8,-40.0,3.0,5.17,34.0,-100.0,-100.0,-100.0,0.0,0.0,-0.0,31.0,-100.0,-100.0,-100.0,-8.0,0.0,-0.0,30.0,-88.4,-88.0,-88.0,-24.0,1.0,0.122,31.0,-100.0,-100.0,-100.0,0.0,0.0,-0.123,30.0,9.756,9.756,9.756,-8.0,0.0,-0.054,31.0,23.299,23.299,23.299,0.0,0.0,0.014,31.0
49.7838,1,fwd,90.0,11.9,9.303,90.0,10.016,-40.0,3.0,5.246,34.0,-100.0,-100.0,-100.0,0.0,0.0,-0.0,31.0,-100.0,-100.0,-100.0,-8.0,0.0,-0.0,30.0,-88.4,-88.0,-88.0,-24.0,1.0,0.06,31.0,-100.0,-100.0,-100.0,0.0,0.0,-0.06,30.0,9.756,9.756,9.756,-8.0,0.0,-0.026,31.0,23.093,23.299,23.299,0.0,0.0,-1.574,31.0
49.8372,1,fwd,90.0,11.9,9.483,90.0,10.229,-40.0,3.0,4.286,34.0,-100.0,-100.0,-100.0,0.0,0.0,-0.0,31.0,-100.0,-100.0,-100.0,-8.0,0.0,-0.0,30.0,-88.4,-88.0,-88.0,-24.0,1.0,0.029,31.0,-100.0,-100.0,-100.0,0.0,0.0,-0.029,30.0,9.756,9.756,9.756,-8.0,0.0,-0.013,31.0,23.093,23.299,23.299,0.0,0.0,-0.771,31.0
49.8906,1,fwd,90.0,11.9,9.663,90.0,10.444,-40.0,3.0,3.797,34.0,-100.0,-100.0,-100.0,0.0,0.0,-0.0,31.0,-100.0,-100.0,-100.0,-8.0,0.0,-0.0,30.0,-88.4,-88.0,-88.0,-24.0,1.0,0.014,31.0,-100.0,-100.0,-100.0,0.0,0.0,-0.014,30.0,9.756,9.756,9.756,-8.0,0.0,-0.006,31.0,23.093,23.299,23.299,0.0,0.0,-0.378,31.0
49.9429,1,fwd,90.0,11.9,9.843,90.0,10.659,-40.0,3.0,3.568,34.0,-100.0,-100.0,-100.0,0.0,0.0,-0.0,31.0,-100.0,-100.0,-100.0,-8.0,0.0,-0.0,30.0,-88.4,-88.0,-88.0,-24.0,1.0,0.007,31.0,-100.0,-100.0,-100.0,0.0,0.0,-0.007,30.0,9.756,9.756,9.756,-8.0,0.0,-0.003,31.0,23.093,23.299,23.299,0.0,0.0,-0.185,31.0
49.9949,1,fwd,90.0,11.9,10.112,90.0,10.874,-40.0,3.0,4.457,34.0,-100.0,-100.0,-100.0,0.0,0.0,-0.0,31.0,-100.0,-100.0,-100.0,-8.0,0.0,-0.0,30.0,-88.4,-88.0,-88.0,-24.0,1.0,0.003,31.0,-100.0,-100.0,-100.0,0.0,0.0,-0.003,30.0,9.756,9.756,9.756,-8.0,0.0,-0.002,31.0,23.093,23.299,23.299,0.0,0.0,-0.091,31.0
50.0469,1,fwd,90.0,11.9,10.202,90.0,11.089,-40.0,3.0,3.168,34.0,-100.0,-100.0,-100.0,0.0,0.0,-0.0,31.0,-100.0,-100.0,-100.0,-8.0,0.0,-0.0,30.0,-88.4,-88.0,-88.0,-24.0,1.0,0.002,31.0,-100.0,-100.0,-100.0,0.0,0.0,-0.002,30.0,9.756,9.756,9.756,-8.0,0.0,-0.001,31.0,23.299,23.299,23.299,0.0,0.0,2.212,31.0
50.1004,1,fwd,90.0,11.9,10.472,90.0,11.308,-40.0,3.0,4.237,34.0,-100.0,-100.0,-100.0,0.0,0.0,-0.0,31.0,-100.0,-100.0,-100.0,-8.0,0.0,-0.0,30.0,-88.4,-88.0,-88.0,-24.0,1.0,0.001,31.0,-100.0,-100.0,-100.0,0.0,0.0,-0.001,30.0,9.268,9.756,9.756,-8.0,0.0,-5.397,31.0,23.299,23.299,23.299,0.0,0.0,1.084,31.0
50.1534,1,fwd,90.0,11.9,10.652,90.0,11.523,-40.0,3.0,4.967,34.0,-100.0,-100.0,-100.0,0.0,0.0,-0.0,31.0,-100.0,-100.0,-100.0,-8.0,0.0,-0.0,30.0,-88.4,-88.0,-88.0,-24.0,1.0,0.001,31.0,-100.0,-100.0,-100.0,0.0,0.0,-0.001,30.0,9.268,9.756,9.756,-8.0,0.0,-3.778,31.0,23.299,23.299,23.299,0.0,0.0,0.759,31.0
50.2059,1,fwd,90.0,11.9,10.921,90.0,11.642,-40.0,3.0,4.673,34.0,-100.0,-100.0,-100.0,0.0,0.0,-0.0,31.0,-100.0,-100.0,-100.0,-8.0,0.0,-0.0,30.0,-88.4,-88.0,-88.0,-24.0,1.0,0.0,31.0,-100.0,-100.0,-100.0,0.0,0.0,-0.0,30.0,9.268,9.756,9.756,-8.0,0.0,-1.851,31.0,23.299,23.299,23.299,0.0,0.0,0.372,31.0
50.259,1,fwd,90.0,11.9,11.011,90.0,11.885,-40.0,2.0,3.724,34.0,-100.0,-100.0,-100.0,-8.0,0.0,-0.0,31.0,-100.0,-100.0,-100.0,0.0,0.0,-0.0,30.0,-88.4,-88.0,-88.0,-24.0,1.0,0.0,31.0,-100.0,-100.0,-100.0,0.0,0.0,-0.0,30.0,9.756,9.756,9.756,4.0,0.0,1.165,30.0,23.299,23.299,23.299,0.0,0.0,0.26,31.0
50.3115,1,fwd,90.0,11.9,11.191,90.0,12.098,-40.0,2.0,3.527,34.0,-100.0,-100.0,-100.0,-8.0,0.0,-0.0,31.0,-100.0,-100.0,-100.0,0.0,0.0,-0.0,30.0,-88.4,-88.0,-88.0,-24.0,1.0,0.0,31.0,-100.0,-100.0,-100.0,0.0,0.0,-0.0,30.0,9.756,9.756,9.756,4.0,0.0,0.571,30.0,23.299,23.299,23.299,0.0,0.0,0.128,31.0
50.3639,1,fwd,90.0,11.9,11.461,90.0,12.313,-40.0,2.0,4.452,34.0,-100.0,-100.0,-100.0,-8.0,0.0,-0.0,31.0,-100.0,-100.0,-100.0,0.0,0.0,-0.0,30.0,-88.4,-88.0,-88.0,-24.0,1.0,0.0,31.0,-100.0,-100.0,-100.0,0.0,0.0,-0.0,30.0,9.756,9.756,9.756,4.0,0.0,0.28,30.0,23.299,23.299,23.299,0.0,0.0,0.062,31.0
50.4171,1,fwd,90.0,11.9,11.551,90.0,12.527,-40.0,2.0,2.889,34.0,-100.0,-100.0,-100.0,-8.0,0.0,-0.0,31.0,-100.0,-100.0,-100.0,0.0,0.0,-0.0,30.0,-88.4,-88.0,-88.0,-24.0,1.0,0.0,31.0,-99.931,-100.0,-100.0,0.0,0.0,0.781,30.0,9.756,9.756,9.756,4.0,0.0,0.137,30.0,23.299,23.299,23.299,0.0,0.0,0.031,31.0
50.4692,1,fwd,90.0,11.9,11.82,90.0,12.74,-40.0,2.0,3.835,34.0,-100.0,-100.0,-100.0,-8.0,0.0,-0.0,31.0,-100.0,-100.0,-100.0,0.0,0.0,-0.0,30.0,-88.4,-88.0,-88.0,-24.0,1.0,0.0,31.0,-99.931,-100.0,-100.0,0.0,0.0,0.383,30.0,9.756,9.756,9.756,4.0,0.0,0.067,30.0,23.299,23.299,23.299,0.0,0.0,0.015,31.0
50.522,1,fwd,90.0,11.9,12.18,90.0,12.956,-40.0,2.0,5.313,34.0,-100.0,-100.0,-100.0,-8.0,0.0,-0.0,31.0,-100.0,-100.0,-100.0,0.0,0.0,-0.0,30.0,-88.4,-88.0,-88.0,-24.0,1.0,0.0,31.0,-100.0,-100.0,-100.0,0.0,0.0,-0.597,30.0,9.756,9.756,9.756,4.0,0.0,0.033,30.0,23.299,23.299,23.299,0.0,0.0,0.007,31.0
50.5766,1,fwd,90.0,11.9,12.36,90.0,13.17,-40.0,2.0,4.009,34.0,-100.0,-100.0,-100.0,-8.0,0.0,-0.0,31.0,-100.0,-100.0,-100.0,0.0,0.0,-0.0,30.0,-88.4,-88.0,-88.0,-24.0,1.0,0.0,31.0,-100.0,-100.0,-100.0,0.0,0.0,-0.293,30.0,9.268,9.756,9.756,4.0,0.0,-5.349,30.0,23.093,23.299,23.299,0.0,0.0,-1.608,31.0
50.6289,1,fwd,90.0,11.9,12.539,90.0,13.384,-40.0,2.0,3.677,34.0,-100.0,-100.0,-100.0,-8.0,0.0,-0.0,31.0,-100.0,-100.0,-100.0,0.0,0.0,-0.0,30.0,-88.4,-88.0,-88.0,-24.0,1.0,0.0,31.0,-100.0,-100.0,-100.0,0.0,0.0,-0.143,30.0,9.268,9.756,9.756,4.0,0.0,-2.621,30.0,23.093,23.299,23.299,0.0,0.0,-0.788,31.0
50.6824,1,fwd,90.0,11.9,12.719,90.0,13.602,-40.0,2.0,3.494,34.0,-100.0,-100.0,-100.0,-8.0,0.0,-0.0,31.0,-100.0,-100.0,-100.0,0.0,0.0,-0.0,30.0,-88.4,-88.0,-88.0,-24.0,1.0,0.0,31.0,-100.0,-100.0,-100.0,0.0,0.0,-0.07,30.0,9.268,9.756,9.756,4.0,0.0,-1.284,30.0,23.093,23.299,23.299,0.0,0.0,-0.386,31.0
50.7349,1,fwd,90.0,11.9,12.899,90.0,13.818,-40.0,2.0,3.421,34.0,-100.0,-100.0,-100.0,-8.0,0.0,-0.0,31.0,-100.0,-100.0,-100.0,0.0,0.0,-0.0,30.0,-88.4,-88.0,-88.0,-24.0,1.0,0.0,31.0,-100.0,-100.0,-100.0,0.0,0.0,-0.034,30.0,9.268,9.756,9.756,4.0,0.0,-0.629,30.0,23.093,23.299,23.299,0.0,0.0,-0.189,31.0
50.7882,1,fwd,90.0,11.9,12.989,90.0,13.924,-64.0,6.0,3.411,34.0,-100.0,-100.0,-100.0,-8.0,0.0,-0.0,31.0,-100.0,-100.0,-100.0,0.0,0.0,-0.0,30.0,-88.4,-88.0,-88.0,-24.0,1.0,0.0,31.0,-100.0,-100.0,-100.0,0.0,0.0,-0.024,30.0,9.268,9.756,9.756,-8.0,0.0,-0.441,30.0,23.093,23.299,23.299,-8.0,0.0,-0.132,31.0
50.8412,1,fwd,90.0,11.9,13.258,90.0,14.26,-64.0,6.0,3.347,34.0,-100.0,-100.0,-100.0,-8.0,0.0,-0.0,31.0,-100.0,-100.0,-100.0,0.0,0.0,-0.0,30.0,-88.4,-88.0,-88.0,-24.0,1.0,0.0,31.0,-100.0,-100.0,-100.0,0.0,0.0,-0.012,30.0,9.756,9.756,9.756,-8.0,0.0,5.309,30.0,23.093,23.299,23.299,-8.0,0.0,-0.065,31.0
50.8946,1,fwd,90.0,11.9,13.618,90.0,14.474,-64.0,6.0,5.048,34.0,-100.0,-100.0,-100.0,-8.0,0.0,-0.0,31.0,-100.0,-100.0,-100.0,0.0,0.0,-0.0,30.0,-88.4,-88.0,-88.0,-24.0,1.0,0.0,31.0,-100.0,-100.0,-100.0,0.0,0.0,-0.006,30.0,9.756,9.756,9.756,-8.0,0.0,2.601,30.0,23.093,23.299,23.299,-8.0,0.0,-0.032,31.0
50.9477,1,fwd,90.0,11.9,13.798,90.0,14.689,-64.0,6.0,4.184,34.0,-100.0,-100.0,-100.0,-8.0,0.0,-0.0,31.0,-100.0,-100.0,-100.0,0.0,0.0,-0.0,30.0,-88.4,-88.0,-88.0,-24.0,1.0,0.0,31.0,-100.0,-100.0,-100.0,0.0,0.0,-0.003,30.0,9.756,9.756,9.756,-8.0,0.0,1.275,30.0,23.093,23.299,23.299,-8.0,0.0,-0.016,31.0
51.0013,1,fwd,90.0,11.9,13.888,90.0,14.902,-64.0,6.0,3.064,34.0,-100.0,-100.0,-100.0,-8.0,0.0,-0.0,31.0,-100.0,-100.0,-100.0,0.0,0.0,-0.0,30.0,-88.4,-88.0,-88.0,-24.0,1.0,0.0,31.0,-99.931,-100.0,-100.0,0.0,0.0,0.544,30.0,9.756,9.756,9.756,-8.0,0.0,0.625,30.0,23.093,23.299,23.299,-8.0,0.0,-0.008,31.0
51.0542,1,fwd,90.0,11.9,14.157,90.0,15.115,-64.0,6.0,3.935,34.0,-100.0,-100.0,-100.0,-8.0,0.0,-0.0,31.0,-100.0,-100.0,-100.0,0.0,0.0,-0.0,30.0,-88.4,-88.0,-88.0,-24.0,1.0,0.0,31.0,-99.931,-100.0,-100.0,0.0,0.0,0.267,30.0,9.756,9.756,9.756,-8.0,0.0,0.306,30.0,23.093,23.299,23.299,-8.0,0.0,-0.004,31.0
51.1071,1,fwd,90.0,11.9,14.427,90.0,15.329,-64.0,6.0,4.669,34.0,-100.0,-100.0,-100.0,-8.0,0.0,-0.0,31.0,-99.716,-100.0,-100.0,0.0,0.0,3.219,30.0,-88.4,-88.0,-88.0,-24.0,1.0,0.0,31.0,-100.0,-100.0,-100.0,0.0,0.0,-0.413,30.0,9.268,9.756,9.756,-8.0,0.0,-5.37,30.0,23.093,23.299,23.299,-8.0,0.0,-0.002,31.0
51.1601,1,fwd,90.0,11.9,14.517,90.0,15.542,-64.0,6.0,3.292,34.0,-100.0,-100.0,-100.0,-8.0,0.0,-0.0,31.0,-99.858,-100.0,-100.0,0.0,0.0,-0.012,30.0,-88.4,-88.0,-88.0,-24.0,1.0,0.0,31.0,-100.0,-100.0,-100.0,0.0,0.0,-0.202,30.0,9.268,9.756,9.756,-8.0,0.0,-2.631,30.0,23.093,23.299,23.299,-8.0,0.0,-0.001,31.0
51.2135,1,fwd,90.0,11.9,14.787,90.0,15.756,-64.0,6.0,4.332,34.0,-100.0,-100.0,-100.0,-8.0,0.0,-0.0,31.0,-99.858,-100.0,-100.0,0.0,0.0,-0.006,30.0,-88.4,-88.0,-88.0,-24.0,1.0,0.0,31.0,-100.0,-100.0,-100.0,0.0,0.0,-0.099,30.0,9.268,9.756,9.756,-8.0,0.0,-1.289,30.0,23.093,23.299,23.299,-8.0,0.0,-0.0,31.0
51.2659,1,fwd,90.0,11.9,14.876,90.0,15.973,-64.0,6.0,4.017,34.0,-100.0,-100.0,-100.0,-8.0,0.0,-0.0,31.0,-99.858,-100.0,-100.0,0.0,0.0,-0.004,30.0,-88.4,-88.0,-88.0,-24.0,1.0,0.0,31.0,-100.0,-100.0,-100.0,0.0,0.0,-0.069,30.0,9.268,9.756,9.756,-8.0,0.0,-0.903,30.0,23.093,23.299,23.299,-8.0,0.0,-0.0,31.0
51.3194,1,fwd,90.0,11.9,15.146,90.0,16.198,-64.0,6.0,4.624,34.0,-100.0,-100.0,-100.0,-8.0,0.0,-0.0,31.0,-99.858,-100.0,-100.0,0.0,0.0,-0.002,30.0,-88.4,-88.0,-88.0,-24.0,1.0,0.0,31.0,-100.0,-100.0,-100.0,0.0,0.0,-0.034,30.0,9.268,9.756,9.756,-8.0,0.0,-0.442,30.0,23.093,23.299,23.299,-8.0,0.0,-0.0,31.0
51.3721,1,fwd,90.0,11.9,15.236,90.0,16.198,-56.0,5.0,4.141,34.0,-100.0,-100.0,-100.0,-8.0,0.0,-0.0,31.0,-99.858,-100.0,-100.0,8.0,0.0,-0.001,30.0,-88.4,-88.0,-88.0,-24.0,1.0,0.0,31.0,-100.0,-100.0,-100.0,0.0,0.0,-0.024,30.0,9.268,9.756,9.756,-8.0,0.0,-0.31,30.0,23.093,23.299,23.299,-8.0,0.0,-0.0,31.0
51.4252,1,fwd,90.0,11.9,15.326,90.0,16.544,-56.0,5.0,2.362,34.0,-100.0,-100.0,-100.0,-8.0,0.0,-0.0,31.0,-99.858,-100.0,-100.0,8.0,0.0,-0.001,30.0,-88.4,-88.0,-88.0,-24.0,1.0,0.0,31.0,-100.0,-100.0,-100.0,0.0,0.0,-0.012,30.0,9.268,9.756,9.756,-8.0,0.0,-0.152,30.0,23.093,23.299,23.299,-8.0,0.0,-0.0,31.0
51.4791,1,fwd,90.0,11.9,15.685,90.0,16.756,-56.0,5.0,4.586,34.0,-100.0,-100.0,-100.0,-8.0,0.0,-0.0,31.0,-99.858,-100.0,-100.0,8.0,0.0,-0.0,30.0,-88.4,-88.0,-88.0,-24.0,1.0,0.0,31.0,-100.0,-100.0,-100.0,0.0,0.0,-0.006,30.0,9.268,9.756,9.756,-8.0,0.0,-0.074,30.0,23.093,23.299,23.299,-8.0,0.0,-0.0,31.0
51.5325,1,fwd,90.0,11.9,15.865,90.0,16.97,-56.0,5.0,3.971,34.0,-100.0,-100.0,-100.0,-8.0,0.0,-0.0,31.0,-99.858,-100.0,-100.0,8.0,0.0,-0.0,30.0,-88.4,-88.0,-88.0,-24.0,1.0,0.0,31.0,-99.931,-100.0,-100.0,0.0,0.0,0.544,30.0,9.268,9.756,9.756,-8.0,0.0,-0.036,30.0,23.093,23.299,23.299,-8.0,0.0,-0.0,31.0
51.5864,1,fwd,90.0,11.9,16.045,90.0,17.187,-56.0,5.0,3.642,34.0,-100.0,-100.0,-100.0,-8.0,0.0,-0.0,31.0,-99.858,-100.0,-100.0,8.0,0.0,-0.0,30.0,-88.4,-88.0,-88.0,-24.0,1.0,0.0,31.0,-99.931,-100.0,-100.0,0.0,0.0,0.267,30.0,9.268,9.756,9.756,-8.0,0.0,-0.018,30.0,23.093,23.299,23.299,-8.0,0.0,-0.0,31.0
51.6398,1,fwd,90.0,11.9,16.315,90.0,17.401,-56.0,5.0,4.197,34.0,-100.0,-100.0,-100.0,-8.0,0.0,-0.0,31.0,-99.858,-100.0,-100.0,8.0,0.0,-0.0,30.0,-88.4,-88.0,-88.0,-24.0,1.0,0.0,31.0,-100.0,-100.0,-100.0,0.0,0.0,-0.644,30.0,9.268,9.756,9.756,-8.0,0.0,-0.009,30.0,23.093,23.299,23.299,-8.0,0.0,-0.0,31.0
51.6934,1,fwd,90.0,11.9,16.674,90.0,17.616,-56.0,5.0,5.153,34.0,-100.0,-100.0,-100.0,-8.0,0.0,-0.0,31.0,-99.858,-100.0,-100.0,8.0,0.0,-0.0,30.0,-88.4,-88.0,-88.0,-24.0,1.0,0.0,31.0,-100.0,-100.0,-100.0,0.0,0.0,-0.315,30.0,9.268,9.756,9.756,-8.0,0.0,-0.004,30.0,23.093,23.299,23.299,-8.0,0.0,-0.0,31.0
51.7452,1,fwd,90.0,11.9,16.764,90.0,17.83,-56.0,5.0,3.235,34.0,-100.0,-100.0,-100.0,-8.0,0.0,-0.0,31.0,-99.858,-100.0,-100.0,8.0,0.0,-0.0,30.0,-88.4,-88.0,-88.0,-24.0,1.0,0.0,31.0,-100.0,-100.0,-100.0,0.0,0.0,-0.155,30.0,9.268,9.756,9.756,-8.0,0.0,-0.002,30.0,23.093,23.299,23.299,-8.0,0.0,-0.0,31.0
51.7984,1,fwd,90.0,11.9,16.944,90.0,18.043,-56.0,5.0,3.303,34.0,-100.0,-100.0,-100.0,-8.0,0.0,-0.0,31.0,-99.858,-100.0,-100.0,8.0,0.0,-0.0,30.0,-88.4,-88.0,-88.0,-24.0,1.0,0.0,31.0,-100.0,-100.0,-100.0,0.0,0.0,-0.076,30.0,9.268,9.756,9.756,-8.0,0.0,-0.001,30.0,23.093,23.299,23.299,-8.0,0.0,-0.0,31.0
51.8514,1,fwd,90.0,11.9,17.124,90.0,18.257,-56.0,5.0,3.333,34.0,-100.0,-100.0,-100.0,-8.0,0.0,-0.0,31.0,-99.858,-100.0,-100.0,8.0,0.0,-0.0,30.0,-88.4,-88.0,-88.0,-24.0,1.0,0.0,31.0,-100.0,-100.0,-100.0,0.0,0.0,-0.037,30.0,9.268,9.756,9.756,-8.0,0.0,-0.001,30.0,23.093,23.299,23.299,-8.0,0.0,-0.0,31.0
51.9044,1,fwd,90.0,11.9,17.303,90.0,18.47,-56.0,5.0,3.056,34.0,-100.0,-100.0,-100.0,-8.0,0.0,-0.0,31.0,-99.858,-100.0,-100.0,8.0,0.0,-0.0,30.0,-88.4,-88.0,-88.0,-24.0,1.0,0.0,31.0,-100.0,-100.0,-100.0,0.0,0.0,-0.018,30.0,9.268,9.756,9.756,-8.0,0.0,-0.0,30.0,23.093,23.299,23.299,-8.0,0.0,-0.0,31.0
51.9574,1,fwd,90.0,11.9,17.483,90.0,18.702,-80.0,11.0,3.067,34.0,-100.0,-100.0,-100.0,-8.0,0.0,-0.0,31.0,-99.858,-100.0,-100.0,8.0,0.0,-0.0,30.0,-88.4,-88.0,-88.0,-24.0,1.0,0.0,31.0,-100.0,-100.0,-100.0,0.0,0.0,-0.013,30.0,9.268,9.756,9.756,-8.0,0.0,-0.0,30.0,23.093,23.299,23.299,-8.0,0.0,-0.0,31.0
52.0106,1,fwd,90.0,11.9,17.753,90.0,18.915,-80.0,11.0,4.24,34.0,-100.0,-100.0,-100.0,-8.0,0.0,-0.0,31.0,-99.858,-100.0,-100.0,8.0,0.0,-0.0,30.0,-88.4,-88.0,-88.0,-24.0,1.0,0.0,31.0,-99.931,-100.0,-100.0,0.0,0.0,0.775,30.0,9.268,9.756,9.756,-8.0,0.0,-0.0,30.0,23.093,23.299,23.299,-8.0,0.0,-0.0,31.0
52.0638,1,fwd,90.0,11.9,18.112,90.0,19.128,-80.0,11.0,5.529,34.0,-100.0,-100.0,-100.0,-8.0,0.0,-0.0,31.0,-99.858,-100.0,-100.0,8.0,0.0,-0.0,30.0,-88.4,-88.0,-88.0,-24.0,1.0,0.0,31.0,-99.931,-100.0,-100.0,0.0,0.0,0.38,30.0,9.268,9.756,9.756,-8.0,0.0,-0.0,30.0,23.093,23.299,23.299,-8.0,0.0,-0.0,31.0
52.1173,1,fwd,90.0,11.9,18.202,90.0,19.34,-80.0,11.0,3.423,34.0,-100.0,-100.0,-100.0,-8.0,0.0,-0.0,31.0,-99.858,-100.0,-100.0,8.0,0.0,-0.0,30.0,-88.4,-88.0,-88.0,-24.0,1.0,0.0,31.0,-99.931,-100.0,-100.0,0.0,0.0,0.186,30.0,9.268,9.756,9.756,-8.0,0.0,-0.0,30.0,23.093,23.299,23.299,-8.0,0.0,-0.0,31.0
52.1705,1,fwd,90.0,11.9,18.382,90.0,19.557,-80.0,11.0,3.378,34.0,-100.0,-100.0,-100.0,-8.0,0.0,-0.0,31.0,-99.858,-100.0,-100.0,8.0,0.0,-0.0,30.0,-88.4,-88.0,-88.0,-24.0,1.0,0.0,31.0,-100.0,-100.0,-100.0,0.0,0.0,-0.685,30.0,9.268,9.756,9.756,-8.0,0.0,-0.0,30.0,23.093,23.299,23.299,-8.0,0.0,-0.0,31.0
52.2228,1,fwd,90.0,11.9,18.562,90.0,19.771,-80.0,11.0,3.373,34.0,-100.0,-100.0,-100.0,-8.0,0.0,-0.0,31.0,-99.858,-100.0,-100.0,8.0,0.0,-0.0,30.0,-88.4,-88.0,-88.0,-24.0,1.0,0.0,31.0,-100.0,-100.0,-100.0,0.0,0.0,-0.336,30.0,9.268,9.756,9.756,-8.0,0.0,-0.0,30.0,23.299,23.299,23.299,-8.0,0.0,1.62,31.0
52.2751,1,fwd,90.0,11.9,18.742,90.0,19.984,-80.0,11.0,3.066,34.0,-100.0,-100.0,-100.0,-8.0,0.0,-0.0,31.0,-99.858,-100.0,-100.0,8.0,0.0,-0.0,30.0,-88.4,-88.0,-88.0,-24.0,1.0,0.0,31.0,-100.0,-100.0,-100.0,0.0,0.0,-0.165,30.0,9.268,9.756,9.756,-8.0,0.0,-0.0,30.0,23.299,23.299,23.299,-8.0,0.0,0.794,31.0
52.3284,1,fwd,90.0,11.9,19.011,90.0,20.199,-80.0,11.0,4.23,34.0,-100.0,-100.0,-100.0,-8.0,0.0,-0.0,31.0,-99.858,-100.0,-100.0,8.0,0.0,-0.0,30.0,-88.4,-88.0,-88.0,-24.0,1.0,0.0,31.0,-100.0,-100.0,-100.0,0.0,0.0,-0.081,30.0,9.268,9.756,9.756,-8.0,0.0,-0.0,30.0,23.093,23.299,23.299,-8.0,0.0,-1.209,31.0
52.3817,1,fwd,90.0,11.9,19.371,90.0,20.412,-80.0,11.0,5.481,34.0,-100.0,-100.0,-100.0,-8.0,0.0,-0.0,31.0,-99.858,-100.0,-100.0,8.0,0.0,-0.0,30.0,-88.4,-88.0,-88.0,-24.0,1.0,0.0,31.0,-100.0,-100.0,-100.0,0.0,0.0,-0.04,30.0,9.268,9.756,9.756,-8.0,0.0,-0.0,30.0,23.093,23.299,23.299,-8.0,0.0,-0.592,31.0
52.4339,1,fwd,90.0,11.9,19.551,90.0,20.626,-80.0,11.0,4.418,34.0,-100.0,-100.0,-100.0,-8.0,0.0,-0.0,31.0,-99.858,-100.0,-100.0,8.0,0.0,-0.0,30.0,-88.4,-88.0,-88.0,-24.0,1.0,0.0,31.0,-100.0,-100.0,-100.0,0.0,0.0,-0.019,30.0,9.268,9.756,9.756,-8.0,0.0,-0.0,30.0,23.093,23.299,23.299,-8.0,0.0,-0.29,31.0
52.4874,1,fwd,90.0,11.9,19.64,90.0,20.732,-68.0,7.0,4.104,34.0,-100.0,-100.0,-100.0,-8.0,0.0,-0.0,31.0,-99.858,-100.0,-100.0,8.0,0.0,-0.0,30.0,-88.4,-88.0,-88.0,-24.0,1.0,0.0,31.0,-99.931,-100.0,-100.0,8.0,0.0,0.765,30.0,9.268,9.756,9.756,-8.0,0.0,-0.0,31.0,23.093,23.299,23.299,-8.0,0.0,-0.203,31.0
52.5406,1,fwd,90.0,11.9,19.82,90.0,21.066,-68.0,7.0,3.326,34.0,-100.0,-100.0,-100.0,-8.0,0.0,-0.0,31.0,-99.858,-100.0,-100.0,8.0,0.0,-0.0,30.0,-88.4,-88.0,-88.0,-24.0,1.0,0.0,31.0,-99.931,-100.0,-100.0,8.0,0.0,0.375,30.0,9.268,9.756,9.756,-8.0,0.0,-0.0,31.0,23.093,23.299,23.299,-8.0,0.0,-0.1,31.0
52.5948,1,fwd,90.0,11.9,20.0,90.0,21.28,-68.0,7.0,3.354,34.0,-100.0,-100.0,-100.0,-8.0,0.0,-0.0,31.0,-99.858,-100.0,-100.0,8.0,0.0,-0.0,30.0,-88.4,-88.0,-88.0,-24.0,1.0,0.0,31.0,-99.931,-100.0,-100.0,8.0,0.0,0.184,30.0,9.268,9.756,9.756,-8.0,0.0,-0.0,31.0,23.093,23.299,23.299,-8.0,0.0,-0.049,31.0
52.6476,1,fwd,90.0,11.9,20.18,90.0,21.495,-68.0,7.0,3.041,34.0,-100.0,-100.0,-100.0,-8.0,0.0,-0.0,31.0,-99.858,-100.0,-100.0,8.0,0.0,-0.0,30.0,-88.4,-88.0,-88.0,-24.0,1.0,0.0,31.0,-99.931,-100.0,-100.0,8.0,0.0,0.09,30.0,9.268,9.756,9.756,-8.0,0.0,-0.0,31.0,23.093,23.299,23.299,-8.0,0.0,-0.024,31.0
52.7008,1,fwd,90.0,11.9,20.449,90.0,21.709,-68.0,7.0,4.239,34.0,-100.0,-100.0,-100.0,-8.0,0.0,-0.0,31.0,-99.858,-100.0,-100.0,8.0,0.0,-0.0,30.0,-88.4,-88.0,-88.0,-24.0,1.0,0.0,31.0,-100.0,-100.0,-100.0,8.0,0.0,-0.505,30.0,9.268,9.756,9.756,-8.0,0.0,-0.0,31.0,23.093,23.299,23.299,-8.0,0.0,-0.012,31.0
52.7528,1,fwd,90.0,11.9,20.539,90.0,21.921,-68.0,7.0,3.985,34.0,-100.0,-100.0,-100.0,-8.0,0.0,-0.0,31.0,-99.858,-100.0,-100.0,8.0,0.0,-0.0,30.0,-88.4,-88.0,-88.0,-24.0,1.0,0.0,31.0,-100.0,-100.0,-100.0,8.0,0.0,-0.353,30.0,9.268,9.756,9.756,-8.0,0.0,-0.0,31.0,23.093,23.299,23.299,-8.0,0.0,-0.008,31.0
52.8062,1,fwd,90.0,11.9,20.989,90.0,22.147,-68.0,7.0,5.896,34.0,-100.0,-100.0,-100.0,-8.0,0.0,-0.0,31.0,-99.858,-100.0,-100.0,8.0,0.0,-0.0,30.0,-88.4,-88.0,-88.0,-24.0,1.0,0.0,31.0,-100.0,-100.0,-100.0,8.0,0.0,-0.173,30.0,9.268,9.756,9.756,-8.0,0.0,-0.0,31.0,23.093,23.299,23.299,-8.0,0.0,-0.004,31.0
52.8596,1,fwd,90.0,11.9,21.079,90.0,22.264,-68.0,7.0,3.879,34.0,-100.0,-100.0,-100.0,-8.0,0.0,-0.0,31.0,-99.858,-100.0,-100.0,8.0,0.0,-0.0,30.0,-88.4,-88.0,-88.0,-24.0,1.0,0.0,31.0,-100.0,-100.0,-100.0,8.0,0.0,-0.085,30.0,9.268,9.756,9.756,-8.0,0.0,-0.0,31.0,23.093,23.299,23.299,-8.0,0.0,-0.002,31.0
52.9119,1,fwd,90.0,11.9,21.258,90.0,22.491,-68.0,7.0,3.925,34.0,-100.0,-100.0,-100.0,-8.0,0.0,-0.0,31.0,-99.858,-100.0,-100.0,8.0,0.0,-0.0,30.0,-88.4,-88.0,-88.0,-24.0,1.0,0.0,31.0,-100.0,-100.0,-100.0,8.0,0.0,-0.042,30.0,9.268,9.756,9.756,-8.0,0.0,-0.0,31.0,23.093,23.299,23.299,-8.0,0.0,-0.001,31.0
52.9657,1,fwd,90.0,11.9,21.348,90.0,22.703,-68.0,7.0,2.635,34.0,-100.0,-100.0,-100.0,-8.0,0.0,-0.0,31.0,-99.858,-100.0,-100.0,8.0,0.0,-0.0,30.0,-88.4,-88.0,-88.0,-24.0,1.0,0.0,31.0,-100.0,-100.0,-100.0,8.0,0.0,-0.02,30.0,9.268,9.756,9.756,-8.0,0.0,-0.0,31.0,23.093,23.299,23.299,-8.0,0.0,-0.0,31.0
53.0179,1,fwd,90.0,11.9,21.618,90.0,22.916,-68.0,7.0,3.722,34.0,-100.0,-100.0,-100.0,-8.0,0.0,-0.0,31.0,-99.858,-100.0,-100.0,8.0,0.0,-0.0,30.0,-88.4,-88.0,-88.0,-24.0,1.0,0.0,31.0,-99.931,-100.0,-100.0,8.0,0.0,0.768,30.0,9.268,9.756,9.756,-8.0,0.0,-0.0,31.0,23.093,23.299,23.299,-8.0,0.0,-0.0,31.0
53.071,1,fwd,90.0,11.9,21.708,90.0,23.023,-96.0,15.0,3.61,34.0,-100.0,-100.0,-100.0,-8.0,0.0,-0.0,31.0,-99.858,-100.0,-100.0,8.0,0.0,-0.0,30.0,-88.4,-88.0,-88.0,-24.0,1.0,0.0,31.0,-99.931,-100.0,-100.0,8.0,0.0,0.537,30.0,9.268,9.756,9.756,-8.0,0.0,-0.0,31.0,23.093,23.299,23.299,-8.0,0.0,-0.0,31.0
53.124,1,fwd,90.0,11.9,21.978,90.0,23.356,-96.0,15.0,2.773,34.0,-100.0,-100.0,-100.0,-8.0,0.0,-0.0,31.0,-99.858,-100.0,-100.0,8.0,0.0,-0.0,30.0,-88.4,-88.0,-88.0,-24.0,1.0,0.0,31.0,-99.931,-100.0,-100.0,8.0,0.0,0.263,30.0,9.268,9.756,9.756,-8.0,0.0,-0.0,31.0,23.093,23.299,23.299,-8.0,0.0,-0.0,31.0
53.177,1,fwd,90.0,11.9,22.427,90.0,23.568,-96.0,15.0,5.505,34.0,-100.0,-100.0,-100.0,-8.0,0.0,-0.0,31.0,-99.858,-100.0,-100.0,8.0,0.0,-0.0,30.0,-88.4,-88.0,-88.0,-24.0,1.0,0.0,31.0,-99.931,-100.0,-100.0,8.0,0.0,0.129,30.0,9.268,9.756,9.756,-8.0,0.0,-0.0,31.0,23.093,23.299,23.299,-8.0,0.0,-0.0,31.0
53.23,1,fwd,90.0,11.9,22.517,90.0,23.782,-96.0,15.0,3.695,34.0,-100.0,-100.0,-100.0,-8.0,0.0,-0.0,31.0,-99.858,-100.0,-100.0,8.0,0.0,-0.0,30.0,-88.4,-88.0,-88.0,-24.0,1.0,0.0,31.0,-100.0,-100.0,-100.0,8.0,0.0,-0.485,30.0,9.268,9.756,9.756,-8.0,0.0,-0.0,31.0,23.093,23.299,23.299,-8.0,0.0,-0.0,31.0
53.2835,1,fwd,90.0,11.9,22.607,90.0,23.996,-96.0,15.0,2.826,34.0,-100.0,-100.0,-100.0,-8.0,0.0,-0.0,31.0,-99.858,-100.0,-100.0,8.0,0.0,-0.0,30.0,-88.4,-88.0,-88.0,-24.0,1.0,0.0,31.0,-100.0,-100.0,-100.0,8.0,0.0,-0.238,30.0,9.268,9.756,9.756,-8.0,0.0,-0.0,31.0,23.093,23.299,23.299,-8.0,0.0,-0.0,31.0
53.3356,1,fwd,90.0,11.9,22.787,90.0,24.211,-96.0,15.0,3.07,34.0,-100.0,-100.0,-100.0,-8.0,0.0,-0.0,31.0,-99.858,-100.0,-100.0,8.0,0.0,-0.0,30.0,-88.4,-88.0,-88.0,-24.0,1.0,0.0,31.0,-100.0,-100.0,-100.0,8.0,0.0,-0.116,30.0,9.268,9.756,9.756,-8.0,0.0,-0.0,31.0,23.093,23.299,23.299,-8.0,0.0,-0.0,31.0
53.3889,1,fwd,90.0,11.9,23.056,90.0,24.426,-96.0,15.0,3.929,34.0,-100.0,-100.0,-100.0,-8.0,0.0,-0.0,31.0,-99.858,-100.0,-100.0,8.0,0.0,-0.0,30.0,-88.4,-88.0,-88.0,-24.0,1.0,0.0,31.0,-100.0,-100.0,-100.0,8.0,0.0,-0.057,30.0,9.268,9.756,9.756,-8.0,0.0,-0.0,31.0,23.093,23.299,23.299,-8.0,0.0,-0.0,31.0
53.4422,1,fwd,90.0,11.9,23.236,90.0,24.64,-96.0,15.0,3.646,34.0,-100.0,-100.0,-100.0,-8.0,0.0,-0.0,31.0,-99.858,-100.0,-100.0,8.0,0.0,-0.0,30.0,-88.4,-88.0,-88.0,-24.0,1.0,0.0,31.0,-100.0,-100.0,-100.0,8.0,0.0,-0.028,30.0,9.268,9.756,9.756,-8.0,0.0,-0.0,31.0,23.093,23.299,23.299,-8.0,0.0,-0.0,31.0
53.4954,1,fwd,90.0,11.9,23.596,90.0,24.855,-96.0,15.0,5.182,34.0,-100.0,-100.0,-100.0,-8.0,0.0,-0.0,31.0,-99.858,-100.0,-100.0,8.0,0.0,-0.0,30.0,-88.4,-88.0,-88.0,-24.0,1.0,0.0,31.0,-99.931,-100.0,-100.0,8.0,0.0,0.518,30.0,9.268,9.756,9.756,-8.0,0.0,-0.0,31.0,23.299,23.299,23.299,-8.0,0.0,2.31,31.0
53.5476,1,fwd,90.0,11.9,23.865,90.0,25.07,-96.0,15.0,4.953,34.0,-100.0,-100.0,-100.0,-8.0,0.0,-0.0,31.0,-99.858,-100.0,-100.0,8.0,0.0,-0.0,30.0,-88.4,-88.0,-88.0,-24.0,1.0,0.0,31.0,-99.931,-100.0,-100.0,8.0,0.0,0.254,30.0,9.268,9.756,9.756,-8.0,0.0,-0.0,31.0,23.299,23.299,23.299,-8.0,0.0,1.132,31.0
53.601,1,fwd,90.0,11.9,23.955,90.0,25.285,-96.0,15.0,3.425,34.0,-100.0,-100.0,-100.0,-8.0,0.0,-0.0,31.0,-99.858,-100.0,-100.0,8.0,0.0,-0.0,30.0,-88.4,-88.0,-88.0,-24.0,1.0,0.0,31.0,-99.931,-100.0,-100.0,8.0,0.0,0.124,30.0,9.268,9.756,9.756,-8.0,0.0,-0.0,31.0,23.299,23.299,23.299,-8.0,0.0,0.555,31.0
53.6544,1,fwd,90.0,11.9,23.955,90.0,25.527,-96.0,16.0,3.425,34.0,-100.0,-100.0,-100.0,-8.0,0.0,-0.0,31.0,-99.858,-100.0,-100.0,8.0,0.0,-0.0,30.0,-88.4,-88.0,-88.0,-24.0,1.0,0.0,31.0,-99.931,-100.0,-100.0,8.0,0.0,0.124,30.0,9.268,9.756,9.756,-8.0,0.0,-0.0,30.0,23.299,23.299,23.299,0.0,0.0,0.555,31.0
53.7069,1,fwd,90.0,11.9,24.135,90.0,25.75,-96.0,16.0,2.996,34.0,-100.0,-100.0,-100.0,-8.0,0.0,-0.0,31.0,-99.858,-100.0,-100.0,8.0,0.0,-0.0,30.0,-88.4,-88.0,-88.0,-24.0,1.0,0.0,31.0,-99.931,-100.0,-100.0,8.0,0.0,0.061,30.0,9.268,9.756,9.756,-8.0,0.0,-0.0,30.0,23.299,23.299,23.299,0.0,0.0,0.272,31.0
53.7604,1,fwd,90.0,11.9,24.315,90.0,25.972,-96.0,16.0,3.135,34.0,-100.0,-100.0,-100.0,-8.0,0.0,-0.0,31.0,-99.858,-100.0,-100.0,8.0,0.0,-0.0,30.0,-88.4,-88.0,-88.0,-24.0,1.0,0.0,31.0,-100.0,-100.0,-100.0,8.0,0.0,-0.474,30.0,9.268,9.756,9.756,-8.0,0.0,-0.0,30.0,23.299,23.299,23.299,0.0,0.0,0.133,31.0
53.8137,1,fwd,90.0,11.9,24.494,90.0,26.188,-96.0,16.0,2.925,34.0,-100.0,-100.0,-100.0,-8.0,0.0,-0.0,31.0,-99.858,-100.0,-100.0,8.0,0.0,-0.0,30.0,-88.267,-88.0,-88.0,-24.0,1.0,1.496,31.0,-100.0,-100.0,-100.0,8.0,0.0,-0.232,30.0,9.268,9.756,9.756,-8.0,0.0,-0.0,30.0,23.093,23.299,23.299,0.0,0.0,-1.527,31.0
53.8669,1,fwd,90.0,11.9,24.854,90.0,26.294,-96.0,16.0,4.859,34.0,-100.0,-100.0,-100.0,-8.0,0.0,-0.0,31.0,-99.858,-100.0,-100.0,8.0,0.0,-0.0,30.0,-88.267,-88.0,-88.0,-24.0,1.0,0.733,31.0,-100.0,-100.0,-100.0,8.0,0.0,-0.114,30.0,9.268,9.756,9.756,-8.0,0.0,-0.0,30.0,23.093,23.299,23.299,0.0,0.0,-0.748,31.0
53.9206,1,fwd,90.0,11.9,25.303,90.0,26.52,-96.0,16.0,6.716,34.0,-100.0,-100.0,-100.0,-8.0,0.0,-0.0,31.0,-99.858,-100.0,-100.0,8.0,0.0,-0.0,30.0,-88.267,-88.0,-88.0,-24.0,1.0,0.359,31.0,-100.0,-100.0,-100.0,8.0,0.0,-0.056,30.0,9.268,9.756,9.756,-8.0,0.0,-0.0,30.0,23.093,23.299,23.299,0.0,0.0,-0.367,31.0
53.9727,1,fwd,90.0,11.9,25.393,90.0,26.736,-96.0,16.0,4.302,34.0,-100.0,-100.0,-100.0,-8.0,0.0,-0.0,31.0,-99.858,-100.0,-100.0,8.0,0.0,-0.0,30.0,-88.267,-88.0,-88.0,-24.0,1.0,0.176,31.0,-100.0,-100.0,-100.0,8.0,0.0,-0.027,30.0,9.268,9.756,9.756,-8.0,0.0,-0.0,30.0,23.093,23.299,23.299,0.0,0.0,-0.18,31.0
54.0249,1,fwd,90.0,11.9,25.393,90.0,26.949,-96.0,16.0,2.108,34.0,-100.0,-100.0,-100.0,-8.0,0.0,-0.0,31.0,-99.858,-100.0,-100.0,8.0,0.0,-0.0,30.0,-88.267,-88.0,-88.0,-24.0,1.0,0.086,31.0,-99.931,-100.0,-100.0,8.0,0.0,0.534,30.0,9.268,9.756,9.756,-8.0,0.0,-0.0,30.0,23.093,23.299,23.299,0.0,0.0,-0.088,31.0
54.078,1,fwd,90.0,11.9,25.663,90.0,27.162,-96.0,16.0,3.452,34.0,-100.0,-100.0,-100.0,-8.0,0.0,-0.0,31.0,-99.858,-100.0,-100.0,8.0,0.0,-0.0,30.0,-88.267,-88.0,-88.0,-24.0,1.0,0.042,31.0,-99.931,-100.0,-100.0,8.0,0.0,0.261,30.0,9.268,9.756,9.756,-8.0,0.0,-0.0,30.0,23.093,23.299,23.299,0.0,0.0,-0.043,31.0
54.131,1,fwd,90.0,11.9,25.753,90.0,27.375,-96.0,16.0,2.714,34.0,-100.0,-100.0,-100.0,-8.0,0.0,-0.0,31.0,-99.858,-100.0,-100.0,8.0,0.0,-0.0,30.0,-88.267,-88.0,-88.0,-24.0,1.0,0.021,31.0,-99.931,-100.0,-100.0,8.0,0.0,0.128,30.0,9.268,9.756,9.756,-8.0,0.0,-0.0,30.0,23.093,23.299,23.299,0.0,0.0,-0.021,31.0
54.1843,1,fwd,90.0,11.9,26.022,90.0,27.588,-96.0,16.0,3.736,34.0,-100.0,-100.0,-100.0,-8.0,0.0,-0.0,31.0,-99.858,-100.0,-100.0,8.0,0.0,-0.0,30.0,-88.267,-88.0,-88.0,-24.0,1.0,0.01,31.0,-99.931,-100.0,-100.0,8.0,0.0,0.063,30.0,9.268,9.756,9.756,-8.0,0.0,-0.0,30.0,23.093,23.299,23.299,0.0,0.0,-0.01,31.0
54.2362,1,fwd,90.0,11.9,26.382,90.0,27.82,-120.0,23.0,4.486,34.0,-100.0,-100.0,-100.0,-8.0,0.0,-0.0,31.0,-99.858,-100.0,-100.0,8.0,0.0,-0.0,30.0,-88.267,-88.0,-88.0,-16.0,0.0,0.007,31.0,-99.931,-100.0,-100.0,8.0,0.0,0.044,30.0,9.268,9.756,9.756,-8.0,0.0,-0.0,30.0,23.093,23.299,23.299,-8.0,0.0,-0.007,31.0
54.2893,1,fwd,90.0,11.9,26.742,90.0,28.036,-120.0,23.0,5.601,34.0,-100.0,-100.0,-100.0,-8.0,0.0,-0.0,31.0,-99.858,-100.0,-100.0,8.0,0.0,-0.0,30.0,-88.267,-88.0,-88.0,-16.0,0.0,0.003,31.0,-99.931,-100.0,-100.0,8.0,0.0,0.022,30.0,9.268,9.756,9.756,-8.0,0.0,-0.0,30.0,23.093,23.299,23.299,-8.0,0.0,-0.004,31.0
54.3416,1,fwd,90.0,11.9,26.831,90.0,28.249,-120.0,23.0,3.459,34.0,-100.0,-100.0,-100.0,-8.0,0.0,-0.0,31.0,-99.858,-100.0,-100.0,8.0,0.0,-0.0,30.0,-88.267,-88.0,-88.0,-16.0,0.0,0.002,31.0,-100.0,-100.0,-100.0,8.0,0.0,-0.539,30.0,9.268,9.756,9.756,-8.0,0.0,-0.0,30.0,23.093,23.299,23.299,-8.0,0.0,-0.002,31.0
54.3939,1,fwd,90.0,11.9,26.921,90.0,28.462,-120.0,23.0,2.706,34.0,-100.0,-100.0,-100.0,-8.0,0.0,-0.0,31.0,-99.858,-100.0,-100.0,8.0,0.0,-0.0,30.0,-88.267,-88.0,-88.0,-16.0,0.0,0.001,31.0,-100.0,-100.0,-100.0,8.0,0.0,-0.264,30.0,9.268,9.756,9.756,-8.0,0.0,-0.0,30.0,23.093,23.299,23.299,-8.0,0.0,-0.001,31.0
54.4472,1,fwd,90.0,11.9,27.101,90.0,28.675,-120.0,23.0,3.041,34.0,-100.0,-100.0,-100.0,-8.0,0.0,-0.0,31.0,-99.858,-100.0,-100.0,8.0,0.0,-0.0,30.0,-88.267,-88.0,-88.0,-16.0,0.0,0.0,31.0,-100.0,-100.0,-100.0,8.0,0.0,-0.13,30.0,9.268,9.756,9.756,-8.0,0.0,-0.0,30.0,23.093,23.299,23.299,-8.0,0.0,-0.0,31.0
54.5004,1,fwd,90.0,11.9,27.281,90.0,28.889,-120.0,23.0,3.221,34.0,-100.0,-100.0,-100.0,-8.0,0.0,-0.0,31.0,-99.858,-100.0,-100.0,8.0,0.0,-0.0,30.0,-88.267,-88.0,-88.0,-16.0,0.0,0.0,31.0,-100.0,-100.0,-100.0,8.0,0.0,-0.063,30.0,9.268,9.756,9.756,-8.0,0.0,-0.0,30.0,23.093,23.299,23.299,-8.0,0.0,-0.0,31.0
54.5524,1,fwd,90.0,11.9,27.461,90.0,29.1,-120.0,23.0,3.307,34.0,-100.0,-100.0,-100.0,-8.0,0.0,-0.0,31.0,-99.858,-100.0,-100.0,8.0,0.0,-0.0,30.0,-88.267,-88.0,-88.0,-16.0,0.0,0.0,31.0,-99.931,-100.0,-100.0,8.0,0.0,0.517,30.0,9.268,9.756,9.756,-8.0,0.0,-0.0,30.0,23.093,23.299,23.299,-8.0,0.0,-0.0,31.0
54.6059,1,fwd,90.0,11.9,27.82,90.0,29.315,-120.0,23.0,5.027,34.0,-100.0,-100.0,-100.0,-8.0,0.0,-0.0,31.0,-99.858,-100.0,-100.0,8.0,0.0,-0.0,30.0,-88.267,-88.0,-88.0,-16.0,0.0,0.0,31.0,-99.931,-100.0,-100.0,8.0,0.0,0.253,30.0,9.268,9.756,9.756,-8.0,0.0,-0.0,30.0,23.093,23.299,23.299,-8.0,0.0,-0.0,31.0
54.6591,1,fwd,90.0,11.9,28.18,90.0,29.528,-120.0,23.0,5.621,34.0,-100.0,-100.0,-100.0,-8.0,0.0,-0.0,31.0,-99.858,-100.0,-100.0,8.0,0.0,-0.0,30.0,-88.267,-88.0,-88.0,-16.0,0.0,0.0,31.0,-99.931,-100.0,-100.0,8.0,0.0,0.124,30.0,9.268,9.756,9.756,-8.0,0.0,-0.0,30.0,23.093,23.299,23.299,-8.0,0.0,-0.0,31.0
54.711,1,fwd,90.0,11.9,28.27,90.0,29.741,-120.0,23.0,3.759,34.0,-100.0,-100.0,-100.0,-8.0,0.0,-0.0,31.0,-99.858,-100.0,-100.0,8.0,0.0,-0.0,30.0,-88.267,-88.0,-88.0,-16.0,0.0,0.0,31.0,-99.931,-100.0,-100.0,8.0,0.0,0.061,30.0,9.268,9.756,9.756,-8.0,0.0,-0.0,30.0,23.093,23.299,23.299,-8.0,0.0,-0.0,31.0
54.7644,1,fwd,90.0,11.9,28.27,90.0,29.849,-120.0,23.0,2.631,34.0,-100.0,-100.0,-100.0,-8.0,0.0,-0.0,31.0,-99.858,-100.0,-100.0,8.0,0.0,-0.0,30.0,-88.267,-88.0,-88.0,-16.0,0.0,0.0,31.0,-99.931,-100.0,-100.0,8.0,0.0,0.043,30.0,9.268,9.756,9.756,-8.0,0.0,-0.0,30.0,23.093,23.299,23.299,-8.0,0.0,-0.0,31.0
54.8169,1,fwd,90.0,11.9,28.449,90.0,30.198,-112.0,23.0,2.735,34.0,-100.0,-100.0,-100.0,0.0,0.0,-0.0,31.0,-99.858,-100.0,-100.0,8.0,0.0,-0.0,30.0,-88.267,-88.0,-88.0,-16.0,0.0,0.0,31.0,-99.931,-100.0,-100.0,8.0,0.0,0.03,30.0,9.268,9.756,9.756,-8.0,0.0,-0.0,30.0,23.093,23.299,23.299,-8.0,0.0,-0.0,31.0
54.8709,1,fwd,90.0,11.9,28.629,90.0,30.416,-112.0,23.0,3.355,34.0,-100.0,-100.0,-100.0,0.0,0.0,-0.0,31.0,-99.858,-100.0,-100.0,8.0,0.0,-0.0,30.0,-88.267,-88.0,-88.0,-16.0,0.0,0.0,31.0,-99.931,-100.0,-100.0,8.0,0.0,0.015,30.0,9.268,9.756,9.756,-8.0,0.0,-0.0,30.0,23.093,23.299,23.299,-8.0,0.0,-0.0,31.0
54.9248,1,fwd,90.0,11.9,28.809,90.0,30.535,-112.0,23.0,2.906,34.0,-100.0,-100.0,-100.0,0.0,0.0,-0.0,31.0,-99.858,-100.0,-100.0,8.0,0.0,-0.0,30.0,-88.267,-88.0,-88.0,-16.0,0.0,0.0,31.0,-99.931,-100.0,-100.0,8.0,0.0,0.007,30.0,9.268,9.756,9.756,-8.0,0.0,-0.0,30.0,23.093,23.299,23.299,-8.0,0.0,-0.0,31.0
54.9779,1,fwd,90.0,11.9,29.258,90.0,30.753,-112.0,23.0,5.83,34.0,-100.0,-100.0,-100.0,0.0,0.0,-0.0,31.0,-99.858,-100.0,-100.0,8.0,0.0,-0.0,30.0,-88.267,-88.0,-88.0,-16.0,0.0,0.0,31.0,-99.931,-100.0,-100.0,8.0,0.0,0.004,30.0,9.268,9.756,9.756,-8.0,0.0,-0.0,30.0,23.093,23.299,23.299,-8.0,0.0,-0.0,31.0
55.0308,1,fwd,90.0,11.9,29.618,90.0,30.966,-112.0,23.0,6.286,34.0,-100.0,-100.0,-100.0,0.0,0.0,-0.0,31.0,-99.858,-100.0,-100.0,8.0,0.0,-0.0,30.0,-88.267,-88.0,-88.0,-16.0,0.0,0.0,31.0,-99.931,-100.0,-100.0,8.0,0.0,0.002,30.0,9.268,9.756,9.756,-8.0,0.0,-0.0,30.0,23.093,23.299,23.299,-8.0,0.0,-0.0,31.0
55.0836,1,fwd,90.0,11.9,29.708,90.0,31.181,-112.0,23.0,4.087,34.0,-100.0,-100.0,-100.0,0.0,0.0,-0.0,31.0,-99.858,-100.0,-100.0,8.0,0.0,-0.0,30.0,-88.267,-88.0,-88.0,-16.0,0.0,0.0,31.0,-99.931,-100.0,-100.0,8.0,0.0,0.001,30.0,9.268,9.756,9.756,-8.0,0.0,-0.0,30.0,23.093,23.299,23.299,-8.0,0.0,-0.0,31.0
55.1368,1,fwd,90.0,11.9,29.798,90.0,31.396,-112.0,23.0,2.917,34.0,-100.0,-100.0,-100.0,0.0,0.0,-0.0,31.0,-99.858,-100.0,-100.0,8.0,0.0,-0.0,30.0,-88.267,-88.0,-88.0,-16.0,0.0,0.0,31.0,-100.0,-100.0,-100.0,8.0,0.0,-0.539,30.0,9.268,9.756,9.756,-8.0,0.0,-0.0,30.0,23.093,23.299,23.299,-8.0,0.0,-0.0,31.0
55.189,1,fwd,90.0,11.9,29.888,90.0,31.62,-112.0,23.0,2.142,34.0,-100.0,-100.0,-100.0,0.0,0.0,-0.0,31.0,-99.858,-100.0,-100.0,8.0,0.0,-0.0,30.0,-88.267,-88.0,-88.0,-16.0,0.0,0.0,31.0,-100.0,-100.0,-100.0,8.0,0.0,-0.264,30.0,9.268,9.756,9.756,-8.0,0.0,-0.0,30.0,23.093,23.299,23.299,-8.0,0.0,-0.0,31.0
55.242,1,fwd,90.0,11.9,30.157,90.0,31.833,-112.0,23.0,3.784,34.0,-100.0,-100.0,-100.0,0.0,0.0,-0.0,31.0,-99.858,-100.0,-100.0,8.0,0.0,-0.0,30.0,-88.267,-88.0,-88.0,-16.0,0.0,0.0,31.0,-100.0,-100.0,-100.0,8.0,0.0,-0.129,30.0,9.268,9.756,9.756,-8.0,0.0,-0.0,30.0,23.093,23.299,23.299,-8.0,0.0,-0.0,31.0
55.2952,1,fwd,90.0,11.9,30.337,90.0,32.047,-112.0,23.0,3.573,34.0,-100.0,-100.0,-100.0,0.0,0.0,-0.0,31.0,-99.858,-100.0,-100.0,8.0,0.0,-0.0,30.0,-88.267,-88.0,-88.0,-16.0,0.0,0.0,31.0,-100.0,-100.0,-100.0,8.0,0.0,-0.063,30.0,9.268,9.756,9.756,-8.0,0.0,-0.0,30.0,23.093,23.299,23.299,-8.0,0.0,-0.0,31.0
55.3488,1,fwd,90.0,11.9,30.337,90.0,32.153,-124.0,27.0,2.501,34.0,-100.0,-100.0,-100.0,-8.0,0.0,-0.0,31.0,-99.858,-100.0,-100.0,8.0,0.0,-0.0,30.0,-88.267,-88.0,-88.0,-16.0,0.0,0.0,31.0,-100.0,-100.0,-100.0,12.0,0.0,-0.044,30.0,9.268,9.756,9.756,-8.0,0.0,-0.0,30.0,23.093,23.299,23.299,-8.0,0.0,-0.0,31.0
55.4022,1,fwd,90.0,11.9,30.966,90.0,32.485,-124.0,27.0,4.252,34.0,-100.0,-100.0,-100.0,-8.0,0.0,-0.0,31.0,-99.858,-100.0,-100.0,8.0,0.0,-0.0,30.0,-88.267,-88.0,-88.0,-16.0,0.0,0.0,31.0,-99.931,-100.0,-100.0,12.0,0.0,0.236,30.0,9.268,9.756,9.756,-8.0,0.0,-0.0,30.0,23.093,23.299,23.299,-8.0,0.0,-0.0,31.0
55.4541,1,fwd,90.0,11.9,31.146,90.0,32.698,-124.0,27.0,3.788,34.0,-100.0,-100.0,-100.0,-8.0,0.0,-0.0,31.0,-99.858,-100.0,-100.0,8.0,0.0,-0.0,30.0,-88.267,-88.0,-88.0,-16.0,0.0,0.0,31.0,-99.931,-100.0,-100.0,12.0,0.0,0.116,30.0,9.268,9.756,9.756,-8.0,0.0,-0.0,30.0,23.093,23.299,23.299,-8.0,0.0,-0.0,31.0
55.5072,1,fwd,90.0,11.9,31.146,90.0,32.913,-124.0,27.0,1.856,34.0,-100.0,-100.0,-100.0,-8.0,0.0,-0.0,31.0,-99.858,-100.0,-100.0,8.0,0.0,-0.0,30.0,-88.267,-88.0,-88.0,-16.0,0.0,0.0,31.0,-99.931,-100.0,-100.0,12.0,0.0,0.057,30.0,9.268,9.756,9.756,-8.0,0.0,-0.0,30.0,23.093,23.299,23.299,-8.0,0.0,-0.0,31.0
55.5605,1,fwd,90.0,11.9,31.326,90.0,33.126,-124.0,27.0,2.335,34.0,-100.0,-100.0,-100.0,-8.0,0.0,-0.0,31.0,-99.858,-100.0,-100.0,8.0,0.0,-0.0,30.0,-88.267,-88.0,-88.0,-16.0,0.0,0.0,31.0,-99.931,-100.0,-100.0,12.0,0.0,0.028,30.0,9.268,9.756,9.756,-8.0,0.0,-0.0,30.0,23.093,23.299,23.299,-8.0,0.0,-0.0,31.0
55.6147,1,fwd,90.0,11.9,31.506,90.0,33.341,-124.0,27.0,2.851,34.0,-100.0,-100.0,-100.0,-8.0,0.0,-0.0,31.0,-99.858,-100.0,-100.0,8.0,0.0,-0.0,30.0,-88.267,-88.0,-88.0,-16.0,0.0,0.0,31.0,-99.931,-100.0,-100.0,12.0,0.0,0.014,30.0,9.268,9.756,9.756,-8.0,0.0,-0.0,30.0,23.093,23.299,23.299,-8.0,0.0,-0.0,31.0
55.6682,1,fwd,90.0,11.9,31.685,90.0,33.556,-124.0,27.0,2.795,34.0,-100.0,-100.0,-100.0,-8.0,0.0,-0.0,31.0,-99.716,-100.0,-100.0,8.0,0.0,1.106,30.0,-88.267,-88.0,-88.0,-16.0,0.0,0.0,31.0,-99.931,-100.0,-100.0,12.0,0.0,0.007,30.0,9.268,9.756,9.756,-8.0,0.0,-0.0,30.0,23.299,23.299,23.299,-8.0,0.0,1.604,31.0
55.7216,1,fwd,90.0,11.9,32.045,90.0,33.77,-124.0,27.0,4.799,34.0,-100.0,-100.0,-100.0,-8.0,0.0,-0.0,31.0,-99.716,-100.0,-100.0,8.0,0.0,0.542,30.0,-88.133,-88.0,-88.0,-16.0,0.0,1.049,31.0,-99.931,-100.0,-100.0,12.0,0.0,0.003,30.0,9.268,9.756,9.756,-8.0,0.0,-0.0,30.0,23.299,23.299,23.299,-8.0,0.0,0.786,31.0
55.7745,1,fwd,90.0,11.9,32.404,90.0,33.985,-124.0,27.0,5.789,34.0,-100.0,-100.0,-100.0,-8.0,0.0,-0.0,31.0,-99.716,-100.0,-100.0,8.0,0.0,0.266,30.0,-88.133,-88.0,-88.0,-16.0,0.0,0.514,31.0,-99.931,-100.0,-100.0,12.0,0.0,0.002,30.0,9.268,9.756,9.756,-8.0,0.0,-0.0,30.0,23.299,23.299,23.299,-8.0,0.0,0.385,31.0
55.8276,1,fwd,90.0,11.9,32.584,90.0,34.198,-124.0,27.0,4.55,34.0,-100.0,-100.0,-100.0,-8.0,0.0,-0.0,31.0,-99.716,-100.0,-100.0,8.0,0.0,0.13,30.0,-88.133,-88.0,-88.0,-16.0,0.0,0.252,31.0,-99.931,-100.0,-100.0,12.0,0.0,0.001,30.0,9.268,9.756,9.756,-8.0,0.0,-0.0,30.0,23.299,23.299,23.299,-8.0,0.0,0.189,31.0
55.8807,1,fwd,90.0,11.9,32.584,90.0,34.412,-124.0,27.0,2.229,34.0,-100.0,-100.0,-100.0,-8.0,0.0,-0.0,31.0,-99.716,-100.0,-100.0,8.0,0.0,0.064,30.0,-88.133,-88.0,-88.0,-16.0,0.0,0.123,31.0,-99.931,-100.0,-100.0,12.0,0.0,0.0,30.0,9.268,9.756,9.756,-8.0,0.0,-0.0,30.0,23.093,23.299,23.299,-8.0,0.0,-1.524,31.0
55.9343,1,fwd,90.0,11.9,32.584,90.0,34.648,-148.0,37.0,2.229,34.0,-100.0,-100.0,-100.0,0.0,0.0,-0.0,31.0,-99.716,-100.0,-100.0,16.0,0.0,0.064,30.0,-88.133,-88.0,-88.0,-8.0,0.0,0.123,31.0,-99.931,-100.0,-100.0,8.0,0.0,0.0,30.0,9.268,9.756,9.756,-8.0,0.0,-0.0,31.0,23.093,23.299,23.299,-8.0,0.0,-1.524,31.0
55.9878,1,fwd,90.0,11.9,32.854,90.0,34.872,-148.0,37.0,2.01,34.0,-100.0,-100.0,-100.0,0.0,0.0,-0.0,31.0,-99.716,-100.0,-100.0,16.0,0.0,0.031,30.0,-88.133,-88.0,-88.0,-8.0,0.0,0.06,31.0,-99.931,-100.0,-100.0,8.0,0.0,0.0,30.0,9.268,9.756,9.756,-8.0,0.0,-0.0,31.0,23.093,23.299,23.299,-8.0,0.0,-0.747,31.0
56.041,1,fwd,90.0,11.9,33.124,90.0,35.095,-148.0,37.0,3.662,34.0,-100.0,-100.0,-100.0,0.0,0.0,-0.0,31.0,-99.716,-100.0,-100.0,16.0,0.0,0.015,30.0,-88.133,-88.0,-88.0,-8.0,0.0,0.03,31.0,-99.931,-100.0,-100.0,8.0,0.0,0.0,30.0,9.268,9.756,9.756,-8.0,0.0,-0.0,31.0,23.093,23.299,23.299,-8.0,0.0,-0.366,31.0
56.0944,1,fwd,90.0,11.9,33.303,90.0,35.31,-148.0,37.0,3.508,34.0,-100.0,-100.0,-100.0,0.0,0.0,-0.0,31.0,-99.716,-100.0,-100.0,16.0,0.0,0.008,30.0,-88.133,-88.0,-88.0,-8.0,0.0,0.015,31.0,-99.931,-100.0,-100.0,8.0,0.0,0.0,30.0,9.268,9.756,9.756,-8.0,0.0,-0.0,31.0,23.093,23.299,23.299,-8.0,0.0,-0.179,31.0
56.1468,1,fwd,90.0,11.9,33.843,90.0,35.418,-148.0,37.0,6.817,34.0,-100.0,-100.0,-100.0,0.0,0.0,-0.0,31.0,-99.716,-100.0,-100.0,16.0,0.0,0.004,30.0,-88.133,-88.0,-88.0,-8.0,0.0,0.007,31.0,-99.931,-100.0,-100.0,8.0,0.0,0.0,30.0,9.268,9.756,9.756,-8.0,0.0,-0.0,31.0,23.093,23.299,23.299,-8.0,0.0,-0.088,31.0
56.2005,1,fwd,90.0,11.9,33.933,90.0,35.642,-148.0,37.0,3.991,34.0,-100.0,-100.0,-100.0,0.0,0.0,-0.0,31.0,-99.716,-100.0,-100.0,16.0,0.0,0.002,30.0,-88.133,-88.0,-88.0,-8.0,0.0,0.003,31.0,-100.0,-100.0,-100.0,8.0,0.0,-0.778,30.0,9.268,9.756,9.756,-8.0,0.0,-0.0,31.0,23.093,23.299,23.299,-8.0,0.0,-0.043,31.0
56.2538,1,fwd,90.0,11.9,34.022,90.0,35.854,-148.0,37.0,2.67,34.0,-100.0,-100.0,-100.0,0.0,0.0,-0.0,31.0,-99.716,-100.0,-100.0,16.0,0.0,0.001,30.0,-88.133,-88.0,-88.0,-8.0,0.0,0.002,31.0,-100.0,-100.0,-100.0,8.0,0.0,-0.381,30.0,9.268,9.756,9.756,-8.0,0.0,-0.0,31.0,23.093,23.299,23.299,-8.0,0.0,-0.021,31.0
56.3072,1,fwd,90.0,11.9,34.292,90.0,36.068,-148.0,37.0,4.019,34.0,-100.0,-100.0,-100.0,0.0,0.0,-0.0,31.0,-99.716,-100.0,-100.0,16.0,0.0,0.0,30.0,-88.133,-88.0,-88.0,-8.0,0.0,0.001,31.0,-100.0,-100.0,-100.0,8.0,0.0,-0.187,30.0,9.268,9.756,9.756,-8.0,0.0,-0.0,31.0,23.093,23.299,23.299,-8.0,0.0,-0.01,31.0
56.3605,1,fwd,90.0,11.9,34.292,90.0,36.282,-148.0,37.0,1.969,34.0,-100.0,-100.0,-100.0,0.0,0.0,-0.0,31.0,-99.716,-100.0,-100.0,16.0,0.0,0.0,30.0,-88.133,-88.0,-88.0,-8.0,0.0,0.0,31.0,-100.0,-100.0,-100.0,8.0,0.0,-0.092,30.0,9.268,9.756,9.756,-8.0,0.0,-0.0,31.0,23.093,23.299,23.299,-8.0,0.0,-0.005,31.0
56.4136,1,fwd,90.0,11.9,34.562,90.0,36.495,-148.0,37.0,3.4,34.0,-100.0,-100.0,-100.0,0.0,0.0,-0.0,31.0,-99.716,-100.0,-100.0,16.0,0.0,0.0,30.0,-88.133,-88.0,-88.0,-8.0,0.0,0.0,31.0,-100.0,-100.0,-100.0,8.0,0.0,-0.045,30.0,9.268,9.756,9.756,-8.0,0.0,-0.0,31.0,23.093,23.299,23.299,-8.0,0.0,-0.002,31.0
56.4666,1,fwd,90.0,11.9,34.742,90.0,36.708,-148.0,37.0,3.386,34.0,-100.0,-100.0,-100.0,0.0,0.0,-0.0,31.0,-99.716,-100.0,-100.0,16.0,0.0,0.0,30.0,-88.133,-88.0,-88.0,-8.0,0.0,0.0,31.0,-99.931,-100.0,-100.0,8.0,0.0,0.526,30.0,9.268,9.756,9.756,-8.0,0.0,-0.0,31.0,23.093,23.299,23.299,-8.0,0.0,-0.001,31.0
56.5198,1,fwd,90.0,11.9,35.191,90.0,36.945,-140.0,31.0,4.64,34.0,-100.0,-100.0,-100.0,-8.0,0.0,-0.0,31.0,-99.716,-100.0,-100.0,16.0,0.0,0.0,30.0,-88.133,-88.0,-88.0,-8.0,0.0,0.0,31.0,-99.931,-100.0,-100.0,8.0,0.0,0.368,30.0,9.268,9.756,9.756,-8.0,0.0,-0.0,30.0,23.093,23.299,23.299,-8.0,0.0,-0.001,31.0
56.5732,1,fwd,90.0,11.9,35.371,90.0,37.16,-140.0,31.0,3.989,34.0,-100.0,-100.0,-100.0,-8.0,0.0,-0.0,31.0,-99.716,-100.0,-100.0,16.0,0.0,0.0,30.0,-88.133,-88.0,-88.0,-8.0,0.0,0.0,31.0,-99.931,-100.0,-100.0,8.0,0.0,0.18,30.0,9.268,9.756,9.756,-8.0,0.0,-0.0,30.0,23.093,23.299,23.299,-8.0,0.0,-0.0,31.0
56.627,1,fwd,90.0,11.9,35.461,90.0,37.373,-140.0,31.0,2.663,34.0,-100.0,-100.0,-100.0,-8.0,0.0,-0.0,31.0,-99.716,-100.0,-100.0,16.0,0.0,0.0,30.0,-88.133,-88.0,-88.0,-8.0,0.0,0.0,31.0,-99.931,-100.0,-100.0,8.0,0.0,0.088,30.0,9.268,9.756,9.756,-8.0,0.0,-0.0,30.0,23.093,23.299,23.299,-8.0,0.0,-0.0,31.0
56.6801,1,fwd,90.0,11.9,35.73,90.0,37.587,-140.0,31.0,3.711,34.0,-100.0,-100.0,-100.0,-8.0,0.0,-0.0,31.0,-99.716,-100.0,-100.0,16.0,0.0,0.0,30.0,-88.133,-88.0,-88.0,-8.0,0.0,0.0,31.0,-99.931,-100.0,-100.0,8.0,0.0,0.043,30.0,9.268,9.756,9.756,-8.0,0.0,-0.0,30.0,23.093,23.299,23.299,-8.0,0.0,-0.0,31.0
56.7326,1,fwd,90.0,11.9,35.91,90.0,37.802,-140.0,31.0,3.849,34.0,-100.0,-100.0,-100.0,-8.0,0.0,-0.0,31.0,-99.716,-100.0,-100.0,16.0,0.0,0.0,30.0,-88.133,-88.0,-88.0,-8.0,0.0,0.0,31.0,-99.931,-100.0,-100.0,8.0,0.0,0.021,30.0,9.268,9.756,9.756,-8.0,0.0,-0.0,30.0,23.093,23.299,23.299,-8.0,0.0,-0.0,31.0
56.7858,1,fwd,90.0,11.9,36.09,90.0,38.014,-140.0,31.0,3.611,34.0,-100.0,-100.0,-100.0,-8.0,0.0,-0.0,31.0,-99.716,-100.0,-100.0,16.0,0.0,0.0,30.0,-88.133,-88.0,-88.0,-8.0,0.0,0.0,31.0,-99.931,-100.0,-100.0,8.0,0.0,0.01,30.0,9.268,9.756,9.756,-8.0,0.0,-0.0,30.0,23.093,23.299,23.299,-8.0,0.0,-0.0,31.0
56.838,1,fwd,90.0,11.9,36.449,90.0,38.23,-140.0,31.0,5.164,34.0,-100.0,-100.0,-100.0,-8.0,0.0,-0.0,31.0,-99.716,-100.0,-100.0,16.0,0.0,0.0,30.0,-88.133,-88.0,-88.0,-8.0,0.0,0.0,31.0,-99.931,-100.0,-100.0,8.0,0.0,0.005,30.0,9.268,9.756,9.756,-8.0,0.0,-0.0,30.0,23.093,23.299,23.299,-8.0,0.0,-0.0,31.0
56.8904,1,fwd,90.0,11.9,36.719,90.0,38.444,-140.0,31.0,4.937,34.0,-100.0,-100.0,-100.0,-8.0,0.0,-0.0,31.0,-99.716,-100.0,-100.0,16.0,0.0,0.0,30.0,-88.133,-88.0,-88.0,-8.0,0.0,0.0,31.0,-99.931,-100.0,-100.0,8.0,0.0,0.002,30.0,9.268,9.756,9.756,-8.0,0.0,-0.0,30.0,23.093,23.299,23.299,-8.0,0.0,-0.0,31.0
56.9436,1,fwd,90.0,11.9,36.899,90.0,38.662,-140.0,31.0,4.106,34.0,-100.0,-100.0,-100.0,-8.0,0.0,-0.0,31.0,-99.716,-100.0,-100.0,16.0,0.0,0.0,30.0,-88.133,-88.0,-88.0,-8.0,0.0,0.0,31.0,-99.931,-100.0,-100.0,8.0,0.0,0.001,30.0,9.268,9.756,9.756,-8.0,0.0,-0.0,30.0,23.093,23.299,23.299,-8.0,0.0,-0.0,31.0
56.9961,1,fwd,90.0,11.9,36.899,90.0,38.878,-140.0,31.0,2.012,34.0,-100.0,-100.0,-100.0,-8.0,0.0,-0.0,31.0,-99.716,-100.0,-100.0,16.0,0.0,0.0,30.0,-88.133,-88.0,-88.0,-8.0,0.0,0.0,31.0,-99.931,-100.0,-100.0,8.0,0.0,0.001,30.0,9.268,9.756,9.756,-8.0,0.0,-0.0,30.0,23.093,23.299,23.299,-8.0,0.0,-0.0,31.0
57.0492,1,fwd,90.0,11.9,36.899,90.0,38.985,-140.0,31.0,1.408,34.0,-100.0,-100.0,-100.0,-8.0,0.0,-0.0,31.0,-99.716,-100.0,-100.0,16.0,0.0,0.0,30.0,-88.133,-88.0,-88.0,-8.0,0.0,0.0,31.0,-99.931,-100.0,-100.0,8.0,0.0,0.0,30.0,9.268,9.756,9.756,-8.0,0.0,-0.0,30.0,23.093,23.299,23.299,-8.0,0.0,-0.0,31.0
57.1024,1,fwd,90.0,11.9,37.169,90.0,39.329,-172.0,51.0,2.347,34.0,-100.0,-100.0,-100.0,-8.0,0.0,-0.0,31.0,-99.716,-100.0,-100.0,16.0,0.0,0.0,30.0,-88.133,-88.0,-88.0,-8.0,0.0,0.0,31.0,-99.931,-100.0,-100.0,8.0,0.0,0.0,30.0,9.268,9.756,9.756,-8.0,0.0,-0.0,31.0,23.093,23.299,23.299,-8.0,0.0,-0.0,31.0
57.1557,1,fwd,90.0,11.9,37.438,90.0,39.554,-172.0,51.0,3.808,34.0,-100.0,-100.0,-100.0,-8.0,0.0,-0.0,31.0,-99.716,-100.0,-100.0,16.0,0.0,0.0,30.0,-88.133,-88.0,-88.0,-8.0,0.0,0.0,31.0,-99.931,-100.0,-100.0,8.0,0.0,0.0,30.0,9.268,9.756,9.756,-8.0,0.0,-0.0,31.0,23.093,23.299,23.299,-8.0,0.0,-0.0,31.0
57.2095,1,fwd,90.0,11.9,37.798,90.0,39.665,-172.0,51.0,5.526,34.0,-100.0,-100.0,-100.0,-8.0,0.0,-0.0,31.0,-99.716,-100.0,-100.0,16.0,0.0,0.0,30.0,-88.133,-88.0,-88.0,-8.0,0.0,0.0,31.0,-99.931,-100.0,-100.0,8.0,0.0,0.0,30.0,9.268,9.756,9.756,-8.0,0.0,-0.0,31.0,23.093,23.299,23.299,-8.0,0.0,-0.0,31.0
57.2632,1,fwd,90.0,11.9,38.157,90.0,39.892,-172.0,51.0,5.996,34.0,-100.0,-100.0,-100.0,-8.0,0.0,-0.0,31.0,-99.716,-100.0,-100.0,16.0,0.0,0.0,30.0,-88.133,-88.0,-88.0,-8.0,0.0,0.0,31.0,-99.931,-100.0,-100.0,8.0,0.0,0.0,30.0,9.268,9.756,9.756,-8.0,0.0,-0.0,31.0,23.093,23.299,23.299,-8.0,0.0,-0.0,31.0
57.3161,1,fwd,90.0,11.9,38.337,90.0,40.106,-172.0,51.0,4.352,34.0,-100.0,-100.0,-100.0,-8.0,0.0,-0.0,31.0,-99.716,-100.0,-100.0,16.0,0.0,0.0,30.0,-88.133,-88.0,-88.0,-8.0,0.0,0.0,31.0,-100.0,-100.0,-100.0,8.0,0.0,-0.777,30.0,9.268,9.756,9.756,-8.0,0.0,-0.0,31.0,23.093,23.299,23.299,-8.0,0.0,-0.0,31.0
57.3694,1,fwd,90.0,11.9,38.337,90.0,40.319,-172.0,51.0,2.133,34.0,-100.0,-100.0,-100.0,-8.0,0.0,-0.0,31.0,-99.716,-100.0,-100.0,16.0,0.0,0.0,30.0,-88.133,-88.0,-88.0,-8.0,0.0,0.0,31.0,-100.0,-100.0,-100.0,8.0,0.0,-0.381,30.0,9.268,9.756,9.756,-8.0,0.0,-0.0,31.0,23.093,23.299,23.299,-8.0,0.0,-0.0,31.0
57.422,1,fwd,90.0,11.9,38.517,90.0,40.532,-172.0,51.0,2.766,34.0,-100.0,-100.0,-100.0,-8.0,0.0,-0.0,31.0,-99.716,-100.0,-100.0,16.0,0.0,0.0,30.0,-88.133,-88.0,-88.0,-8.0,0.0,0.0,31.0,-100.0,-100.0,-100.0,8.0,0.0,-0.187,30.0,9.268,9.756,9.756,-8.0,0.0,-0.0,31.0,23.093,23.299,23.299,-8.0,0.0,-0.0,31.0
57.4752,1,fwd,90.0,11.9,38.697,90.0,40.746,-172.0,51.0,3.076,34.0,-100.0,-100.0,-100.0,-8.0,0.0,-0.0,31.0,-99.716,-100.0,-100.0,16.0,0.0,0.0,30.0,-88.133,-88.0,-88.0,-8.0,0.0,0.0,31.0,-100.0,-100.0,-100.0,8.0,0.0,-0.091,30.0,9.268,9.756,9.756,-8.0,0.0,-0.0,31.0,23.093,23.299,23.299,-8.0,0.0,-0.0,31.0
57.5283,1,fwd,90.0,11.9,38.876,90.0,40.958,-172.0,51.0,2.933,34.0,-100.0,-100.0,-100.0,-8.0,0.0,-0.0,31.0,-99.716,-100.0,-100.0,16.0,0.0,0.0,30.0,-88.133,-88.0,-88.0,-8.0,0.0,0.0,31.0,-99.931,-100.0,-100.0,8.0,0.0,0.731,30.0,9.268,9.756,9.756,-8.0,0.0,-0.0,31.0,23.093,23.299,23.299,-8.0,0.0,-0.0,31.0
57.5813,1,fwd,90.0,11.9,39.236,90.0,41.171,-172.0,51.0,5.202,34.0,-100.0,-100.0,-100.0,-8.0,0.0,-0.0,31.0,-99.716,-100.0,-100.0,16.0,0.0,0.0,30.0,-88.133,-88.0,-88.0,-8.0,0.0,0.0,31.0,-99.931,-100.0,-100.0,8.0,0.0,0.358,30.0,9.268,9.756,9.756,-8.0,0.0,-0.0,31.0,23.093,23.299,23.299,-8.0,0.0,-0.0,31.0
57.6352,1,fwd,90.0,11.9,39.416,90.0,41.277,-132.0,31.0,5.685,34.0,-100.0,-100.0,-100.0,0.0,0.0,-0.0,31.0,-99.716,-100.0,-100.0,16.0,0.0,0.0,30.0,-88.133,-88.0,-88.0,-8.0,0.0,0.0,31.0,-99.931,-100.0,-100.0,8.0,0.0,0.251,30.0,9.268,9.756,9.756,-8.0,0.0,-0.0,31.0,23.093,23.299,23.299,-8.0,0.0,-0.0,31.0
57.6872,1,fwd,90.0,11.9,39.685,90.0,41.613,-132.0,31.0,3.781,34.0,-100.0,-100.0,-100.0,0.0,0.0,-0.0,31.0,-99.716,-100.0,-100.0,16.0,0.0,0.0,30.0,-88.133,-88.0,-88.0,-8.0,0.0,0.0,31.0,-99.931,-100.0,-100.0,8.0,0.0,0.123,30.0,9.268,9.756,9.756,-8.0,0.0,-0.0,31.0,23.093,23.299,23.299,-8.0,0.0,-0.0,31.0
57.7407,1,fwd,90.0,11.9,39.685,90.0,41.831,-132.0,31.0,1.853,34.0,-100.0,-100.0,-100.0,0.0,0.0,-0.0,31.0,-99.716,-100.0,-100.0,16.0,0.0,0.0,30.0,-88.133,-88.0,-88.0,-8.0,0.0,0.0,31.0,-99.931,-100.0,-100.0,8.0,0.0,0.06,30.0,9.268,9.756,9.756,-8.0,0.0,-0.0,31.0,23.093,23.299,23.299,-8.0,0.0,-0.0,31.0
57.7931,1,fwd,90.0,11.9,39.775,90.0,42.045,-132.0,31.0,1.901,34.0,-100.0,-100.0,-100.0,0.0,0.0,-0.0,31.0,-99.716,-100.0,-100.0,16.0,0.0,0.0,30.0,-88.133,-88.0,-88.0,-8.0,0.0,0.0,31.0,-99.931,-100.0,-100.0,8.0,0.0,0.029,30.0,9.268,9.756,9.756,-8.0,0.0,-0.0,31.0,23.093,23.299,23.299,-8.0,0.0,-0.0,31.0
57.8464,1,fwd,90.0,11.9,40.135,90.0,42.261,-132.0,31.0,4.336,34.0,-100.0,-100.0,-100.0,0.0,0.0,-0.0,31.0,-99.716,-100.0,-100.0,16.0,0.0,0.0,30.0,-88.133,-88.0,-88.0,-8.0,0.0,0.0,31.0,-99.931,-100.0,-100.0,8.0,0.0,0.014,30.0,9.268,9.756,9.756,-8.0,0.0,-0.0,31.0,23.093,23.299,23.299,-8.0,0.0,-0.0,31.0
57.8989,1,fwd,90.0,11.9,40.315,90.0,42.477,-132.0,31.0,3.819,34.0,-100.0,-100.0,-100.0,0.0,0.0,-0.0,31.0,-99.716,-100.0,-100.0,16.0,0.0,0.0,30.0,-88.133,-88.0,-88.0,-8.0,0.0,0.0,31.0,-99.931,-100.0,-100.0,8.0,0.0,0.007,30.0,9.268,9.756,9.756,-8.0,0.0,-0.0,31.0,23.093,23.299,23.299,-8.0,0.0,-0.0,31.0
57.9523,1,fwd,90.0,11.9,40.674,90.0,42.692,-132.0,31.0,5.611,34.0,-100.0,-100.0,-100.0,0.0,0.0,-0.0,31.0,-99.716,-100.0,-100.0,16.0,0.0,0.0,30.0,-88.133,-88.0,-88.0,-8.0,0.0,0.0,31.0,-99.931,-100.0,-100.0,8.0,0.0,0.003,30.0,9.268,9.756,9.756,-8.0,0.0,-0.0,31.0,23.093,23.299,23.299,-8.0,0.0,-0.0,31.0
58.0057,1,fwd,90.0,11.9,41.034,90.0,42.908,-132.0,31.0,5.84,34.0,-100.0,-100.0,-100.0,0.0,0.0,-0.0,31.0,-99.716,-100.0,-100.0,16.0,0.0,0.0,30.0,-88.133,-88.0,-88.0,-8.0,0.0,0.0,31.0,-99.931,-100.0,-100.0,8.0,0.0,0.002,30.0,9.268,9.756,9.756,-8.0,0.0,-0.0,31.0,23.093,23.299,23.299,-8.0,0.0,-0.0,31.0
58.0579,1,fwd,90.0,11.9,41.124,90.0,43.123,-132.0,31.0,3.566,34.0,-100.0,-100.0,-100.0,0.0,0.0,-0.0,31.0,-99.716,-100.0,-100.0,16.0,0.0,0.0,30.0,-88.133,-88.0,-88.0,-8.0,0.0,0.0,31.0,-99.931,-100.0,-100.0,8.0,0.0,0.001,30.0,9.268,9.756,9.756,-8.0,0.0,-0.0,31.0,23.093,23.299,23.299,-8.0,0.0,-0.0,31.0
58.1112,1,fwd,90.0,11.9,41.213,90.0,43.339,-132.0,31.0,2.437,34.0,-100.0,-100.0,-100.0,0.0,0.0,-0.0,31.0,-99.716,-100.0,-100.0,16.0,0.0,0.0,30.0,-88.133,-88.0,-88.0,-8.0,0.0,0.0,31.0,-100.0,-100.0,-100.0,8.0,0.0,-0.78,30.0,9.268,9.756,9.756,-8.0,0.0,-0.0,31.0,23.093,23.299,23.299,-8.0,0.0,-0.0,31.0
58.1643,1,fwd,90.0,11.9,41.393,90.0,43.551,-132.0,31.0,3.218,34.0,-100.0,-100.0,-100.0,0.0,0.0,-0.0,31.0,-99.716,-100.0,-100.0,16.0,0.0,0.0,30.0,-88.133,-88.0,-88.0,-8.0,0.0,0.0,31.0,-100.0,-100.0,-100.0,8.0,0.0,-0.382,30.0,9.268,9.756,9.756,-8.0,0.0,-0.0,31.0,23.093,23.299,23.299,-8.0,0.0,-0.0,31.0
58.2173,1,fwd,90.0,11.8,41.393,90.0,43.777,-164.0,48.0,3.218,34.0,-100.0,-100.0,-100.0,-8.0,0.0,-0.0,31.0,-99.716,-100.0,-100.0,16.0,0.0,0.0,30.0,-88.133,-88.0,-88.0,-8.0,0.0,0.0,31.0,-100.0,-100.0,-100.0,0.0,0.0,-0.382,30.0,9.268,9.756,9.756,-8.0,0.0,-0.0,30.0,23.093,23.299,23.299,-8.0,0.0,-0.0,31.0
58.2702,1,fwd,90.0,11.8,41.573,90.0,44.0,-164.0,48.0,2.916,34.0,-100.0,-100.0,-100.0,-8.0,0.0,-0.0,31.0,-99.716,-100.0,-100.0,16.0,0.0,0.0,30.0,-88.133,-88.0,-88.0,-8.0,0.0,0.0,31.0,-100.0,-100.0,-100.0,0.0,0.0,-0.187,30.0,9.268,9.756,9.756,-8.0,0.0,-0.0,30.0,23.093,23.299,23.299,-8.0,0.0,-0.0,31.0
58.3236,1,fwd,90.0,11.8,41.843,90.0,44.226,-164.0,48.0,3.707,34.0,-100.0,-100.0,-100.0,-8.0,0.0,-0.0,31.0,-99.716,-100.0,-100.0,16.0,0.0,0.0,30.0,-88.0,-88.0,-88.0,-8.0,0.0,0.937,31.0,-99.931,-100.0,-100.0,0.0,0.0,0.395,30.0,9.268,9.756,9.756,-8.0,0.0,-0.0,30.0,23.093,23.299,23.299,-8.0,0.0,-0.0,31.0
58.377,1,fwd,90.0,11.8,42.292,90.0,44.441,-164.0,48.0,5.929,34.0,-100.0,-100.0,-100.0,-8.0,0.0,-0.0,31.0,-99.716,-100.0,-100.0,16.0,0.0,0.0,30.0,-88.0,-88.0,-88.0,-8.0,0.0,0.459,31.0,-99.931,-100.0,-100.0,0.0,0.0,0.193,30.0,9.268,9.756,9.756,-8.0,0.0,-0.0,30.0,23.093,23.299,23.299,-8.0,0.0,-0.0,31.0
58.4303,1,fwd,90.0,11.8,42.562,90.0,44.653,-164.0,48.0,5.35,34.0,-100.0,-100.0,-100.0,-8.0,0.0,-0.0,31.0,-99.716,-100.0,-100.0,16.0,0.0,0.0,30.0,-88.0,-88.0,-88.0,-8.0,0.0,0.225,31.0,-99.931,-100.0,-100.0,0.0,0.0,0.095,30.0,9.268,9.756,9.756,-8.0,0.0,-0.0,30.0,23.093,23.299,23.299,-8.0,0.0,-0.0,31.0
58.4837,1,fwd,90.0,11.8,42.652,90.0,44.867,-164.0,48.0,3.318,34.0,-100.0,-100.0,-100.0,-8.0,0.0,-0.0,31.0,-99.716,-100.0,-100.0,16.0,0.0,0.0,30.0,-88.0,-88.0,-88.0,-8.0,0.0,0.11,31.0,-99.931,-100.0,-100.0,0.0,0.0,0.046,30.0,9.268,9.756,9.756,-8.0,0.0,-0.0,30.0,23.093,23.299,23.299,-8.0,0.0,-0.0,31.0
58.5359,1,fwd,90.0,11.8,42.742,90.0,44.973,-164.0,48.0,2.628,34.0,-100.0,-100.0,-100.0,-8.0,0.0,-0.0,31.0,-99.716,-100.0,-100.0,16.0,0.0,0.0,30.0,-88.0,-88.0,-88.0,-8.0,0.0,0.054,31.0,-99.931,-100.0,-100.0,0.0,0.0,0.023,30.0,9.268,9.756,9.756,-8.0,0.0,-0.0,30.0,23.299,23.299,23.299,-8.0,0.0,1.63,31.0
58.5891,1,fwd,90.0,11.8,42.831,90.0,45.196,-164.0,48.0,1.943,34.0,-100.0,-100.0,-100.0,-8.0,0.0,-0.0,31.0,-99.716,-100.0,-100.0,16.0,0.0,0.0,30.0,-88.133,-88.0,-88.0,-8.0,0.0,-0.946,31.0,-99.931,-100.0,-100.0,0.0,0.0,0.011,30.0,9.268,9.756,9.756,-8.0,0.0,-0.0,30.0,23.299,23.299,23.299,-8.0,0.0,0.799,31.0
58.6432,1,fwd,90.0,11.8,43.191,90.0,45.413,-164.0,48.0,4.348,34.0,-100.0,-100.0,-100.0,-8.0,0.0,-0.0,31.0,-99.716,-100.0,-100.0,16.0,0.0,0.0,30.0,-88.0,-88.0,-88.0,-8.0,0.0,1.044,31.0,-99.931,-100.0,-100.0,0.0,0.0,0.005,30.0,9.268,9.756,9.756,-8.0,0.0,-0.0,30.0,23.299,23.299,23.299,-8.0,0.0,0.391,31.0
58.6961,1,fwd,90.0,11.8,43.281,90.0,45.625,-164.0,48.0,3.15,34.0,-100.0,-100.0,-100.0,-8.0,0.0,-0.0,31.0,-99.716,-100.0,-100.0,16.0,0.0,0.0,30.0,-88.0,-88.0,-88.0,-8.0,0.0,0.512,31.0,-99.931,-100.0,-100.0,0.0,0.0,0.003,30.0,9.268,9.756,9.756,-8.0,0.0,-0.0,30.0,23.299,23.299,23.299,-8.0,0.0,0.192,31.0
58.7491,1,fwd,90.0,11.8,43.82,90.0,45.838,-164.0,48.0,6.683,34.0,-100.0,-100.0,-100.0,-8.0,0.0,-0.0,31.0,-99.716,-100.0,-100.0,16.0,0.0,0.0,30.0,-88.0,-88.0,-88.0,-8.0,0.0,0.251,31.0,-99.931,-100.0,-100.0,0.0,0.0,0.001,30.0,9.268,9.756,9.756,-8.0,0.0,-0.0,30.0,23.093,23.299,23.299,-8.0,0.0,-1.52,31.0
58.8022,1,fwd,90.0,11.9,44.0,90.0,46.075,-148.0,38.0,5.586,34.0,-100.0,-100.0,-100.0,-8.0,0.0,-0.0,31.0,-99.716,-100.0,-100.0,16.0,1.0,0.0,30.0,-88.0,-88.0,-88.0,0.0,0.0,0.176,31.0,-99.931,-100.0,-100.0,8.0,0.0,0.001,30.0,9.268,9.756,9.756,-8.0,0.0,-0.0,31.0,23.093,23.299,23.299,-8.0,0.0,-1.064,31.0
58.8554,1,fwd,90.0,11.9,44.09,90.0,46.29,-148.0,38.0,3.742,34.0,-100.0,-100.0,-100.0,-8.0,0.0,-0.0,31.0,-99.716,-100.0,-100.0,16.0,1.0,0.0,30.0,-88.0,-88.0,-88.0,0.0,0.0,0.086,31.0,-99.931,-100.0,-100.0,8.0,0.0,0.0,30.0,9.268,9.756,9.756,-8.0,0.0,-0.0,31.0,23.093,23.299,23.299,-8.0,0.0,-0.521,31.0
58.9087,1,fwd,90.0,11.9,44.27,90.0,46.505,-148.0,38.0,3.832,34.0,-100.0,-100.0,-100.0,-8.0,0.0,-0.0,31.0,-99.716,-100.0,-100.0,16.0,1.0,0.0,30.0,-88.0,-88.0,-88.0,0.0,0.0,0.042,31.0,-99.931,-100.0,-100.0,8.0,0.0,0.0,30.0,9.268,9.756,9.756,-8.0,0.0,-0.0,31.0,23.093,23.299,23.299,-8.0,0.0,-0.255,31.0
58.9609,1,fwd,90.0,11.9,44.27,90.0,46.72,-148.0,38.0,1.878,34.0,-100.0,-100.0,-100.0,-8.0,0.0,-0.0,31.0,-99.716,-100.0,-100.0,16.0,1.0,0.0,30.0,-88.0,-88.0,-88.0,0.0,0.0,0.021,31.0,-99.931,-100.0,-100.0,8.0,0.0,0.0,30.0,9.268,9.756,9.756,-8.0,0.0,-0.0,31.0,23.093,23.299,23.299,-8.0,0.0,-0.125,31.0
59.0144,1,fwd,90.0,11.9,44.629,90.0,46.937,-148.0,38.0,4.273,34.0,-100.0,-100.0,-100.0,-8.0,0.0,-0.0,31.0,-99.716,-100.0,-100.0,16.0,1.0,0.0,30.0,-88.0,-88.0,-88.0,0.0,0.0,0.01,31.0,-99.931,-100.0,-100.0,8.0,0.0,0.0,30.0,9.268,9.756,9.756,-8.0,0.0,-0.0,31.0,23.093,23.299,23.299,-8.0,0.0,-0.061,31.0
59.0668,1,fwd,90.0,11.9,44.899,90.0,47.153,-148.0,38.0,4.838,34.0,-100.0,-100.0,-100.0,-8.0,0.0,-0.0,31.0,-99.716,-100.0,-100.0,16.0,1.0,0.0,30.0,-88.0,-88.0,-88.0,0.0,0.0,0.005,31.0,-99.931,-100.0,-100.0,8.0,0.0,0.0,30.0,9.268,9.756,9.756,-8.0,0.0,-0.0,31.0,23.093,23.299,23.299,-8.0,0.0,-0.03,31.0
59.1201,1,fwd,90.0,11.9,45.438,90.0,47.369,-148.0,38.0,7.431,34.0,-100.0,-100.0,-100.0,-8.0,0.0,-0.0,31.0,-99.716,-100.0,-100.0,16.0,1.0,0.0,30.0,-88.0,-88.0,-88.0,0.0,0.0,0.002,31.0,-100.0,-100.0,-100.0,8.0,0.0,-0.77,30.0,9.268,9.756,9.756,-8.0,0.0,-0.0,31.0,23.093,23.299,23.299,-8.0,0.0,-0.015,31.0
59.1733,1,fwd,90.0,11.9,45.528,90.0,47.584,-148.0,38.0,4.657,34.0,-100.0,-100.0,-100.0,-8.0,0.0,-0.0,31.0,-99.716,-100.0,-100.0,16.0,1.0,0.0,30.0,-88.0,-88.0,-88.0,0.0,0.0,0.001,31.0,-100.0,-100.0,-100.0,8.0,0.0,-0.377,30.0,9.268,9.756,9.756,-8.0,0.0,-0.0,31.0,23.093,23.299,23.299,-8.0,0.0,-0.007,31.0
59.2264,1,fwd,90.0,11.9,45.528,90.0,47.797,-148.0,38.0,2.282,34.0,-100.0,-100.0,-100.0,-8.0,0.0,-0.0,31.0,-99.716,-100.0,-100.0,16.0,1.0,0.0,30.0,-88.0,-88.0,-88.0,0.0,0.0,0.001,31.0,-100.0,-100.0,-100.0,8.0,0.0,-0.185,30.0,9.268,9.756,9.756,-8.0,0.0,-0.0,31.0,23.093,23.299,23.299,-8.0,0.0,-0.004,31.0
59.2795,1,fwd,90.0,11.9,45.708,90.0,48.011,-148.0,38.0,2.817,34.0,-100.0,-100.0,-100.0,-8.0,0.0,-0.0,31.0,-99.716,-100.0,-100.0,16.0,1.0,0.0,30.0,-88.0,-88.0,-88.0,0.0,0.0,0.0,31.0,-100.0,-100.0,-100.0,8.0,0.0,-0.091,30.0,9.268,9.756,9.756,-8.0,0.0,-0.0,31.0,23.093,23.299,23.299,-8.0,0.0,-0.002,31.0
59.3327,1,fwd,90.0,11.9,45.708,90.0,48.12,-148.0,38.0,1.972,34.0,-100.0,-100.0,-100.0,-8.0,0.0,-0.0,31.0,-99.716,-100.0,-100.0,16.0,1.0,0.0,30.0,-88.0,-88.0,-88.0,0.0,0.0,0.0,31.0,-100.0,-100.0,-100.0,8.0,0.0,-0.063,30.0,9.268,9.756,9.756,-8.0,0.0,-0.0,31.0,23.093,23.299,23.299,-8.0,0.0,-0.001,31.0
59.3857,1,fwd,90.0,11.8,45.978,90.0,48.467,-192.0,67.0,2.737,34.0,-100.0,-100.0,-100.0,-8.0,0.0,-0.0,31.0,-99.716,-100.0,-100.0,16.0,0.0,0.0,30.0,-88.0,-88.0,-88.0,0.0,0.0,0.0,31.0,-99.931,-100.0,-100.0,0.0,0.0,0.304,30.0,9.268,9.756,9.756,-8.0,0.0,-0.0,31.0,23.093,23.299,23.299,-8.0,0.0,-0.001,31.0
59.4396,1,fwd,90.0,11.8,46.157,90.0,48.689,-192.0,67.0,2.996,34.0,-100.0,-100.0,-100.0,-8.0,0.0,-0.0,31.0,-99.716,-100.0,-100.0,16.0,0.0,0.0,30.0,-88.0,-88.0,-88.0,0.0,0.0,0.0,31.0,-99.931,-100.0,-100.0,0.0,0.0,0.149,30.0,9.268,9.756,9.756,-8.0,0.0,-0.0,31.0,23.093,23.299,23.299,-8.0,0.0,-0.0,31.0
59.4927,1,fwd,90.0,11.8,46.697,90.0,48.903,-192.0,67.0,6.617,34.0,-100.0,-100.0,-100.0,-8.0,0.0,-0.0,31.0,-99.716,-100.0,-100.0,16.0,0.0,0.0,30.0,-88.0,-88.0,-88.0,0.0,0.0,0.0,31.0,-99.931,-100.0,-100.0,0.0,0.0,0.073,30.0,9.268,9.756,9.756,-8.0,0.0,-0.0,31.0,23.093,23.299,23.299,-8.0,0.0,-0.0,31.0
59.545,1,fwd,90.0,11.8,46.876,90.0,49.009,-192.0,67.0,4.667,34.0,-100.0,-100.0,-100.0,-8.0,0.0,-0.0,31.0,-99.716,-100.0,-100.0,16.0,0.0,0.0,30.0,-88.0,-88.0,-88.0,0.0,0.0,0.0,31.0,-99.931,-100.0,-100.0,0.0,0.0,0.036,30.0,9.268,9.756,9.756,-8.0,0.0,-0.0,31.0,23.093,23.299,23.299,-8.0,0.0,-0.0,31.0
59.5985,1,fwd,90.0,11.8,46.966,90.0,49.234,-192.0,67.0,3.297,34.0,-100.0,-100.0,-100.0,-8.0,0.0,-0.0,31.0,-99.716,-100.0,-100.0,16.0,0.0,0.0,30.0,-88.0,-88.0,-88.0,0.0,0.0,0.0,31.0,-99.931,-100.0,-100.0,0.0,0.0,0.018,30.0,9.268,9.756,9.756,-8.0,0.0,-0.0,31.0,23.093,23.299,23.299,-8.0,0.0,-0.0,31.0
59.652,1,fwd,90.0,11.8,47.056,90.0,49.451,-192.0,67.0,2.617,34.0,-100.0,-100.0,-100.0,-8.0,0.0,-0.0,31.0,-99.716,-100.0,-100.0,16.0,0.0,0.0,30.0,-88.0,-88.0,-88.0,0.0,0.0,0.0,31.0,-99.931,-100.0,-100.0,0.0,0.0,0.009,30.0,9.268,9.756,9.756,-8.0,0.0,-0.0,31.0,23.093,23.299,23.299,-8.0,0.0,-0.0,31.0
59.7055,1,fwd,90.0,11.8,47.236,90.0,49.665,-192.0,67.0,3.01,34.0,-100.0,-100.0,-100.0,-8.0,0.0,-0.0,31.0,-99.716,-100.0,-100.0,16.0,0.0,0.0,30.0,-88.0,-88.0,-88.0,0.0,0.0,0.0,31.0,-99.931,-100.0,-100.0,0.0,0.0,0.004,30.0,9.268,9.756,9.756,-8.0,0.0,-0.0,31.0,23.093,23.299,23.299,-8.0,0.0,-0.0,31.0
59.759,1,fwd,90.0,11.8,47.506,90.0,49.877,-192.0,67.0,4.227,34.0,-100.0,-100.0,-100.0,-8.0,0.0,-0.0,31.0,-99.716,-100.0,-100.0,16.0,0.0,0.0,30.0,-88.0,-88.0,-88.0,0.0,0.0,0.0,31.0,-99.931,-100.0,-100.0,0.0,0.0,0.002,30.0,9.268,9.756,9.756,-8.0,0.0,-0.0,31.0,23.093,23.299,23.299,-8.0,0.0,-0.0,31.0
59.8125,1,fwd,90.0,11.8,47.775,90.0,50.09,-192.0,67.0,4.807,34.0,-100.0,-100.0,-100.0,-8.0,0.0,-0.0,31.0,-99.716,-100.0,-100.0,16.0,0.0,0.0,30.0,-88.0,-88.0,-88.0,0.0,0.0,0.0,31.0,-99.931,-100.0,-100.0,0.0,0.0,0.001,30.0,9.268,9.756,9.756,-8.0,0.0,-0.0,31.0,23.299,23.299,23.299,-8.0,0.0,2.325,31.0
59.8654,1,fwd,90.0,11.8,48.135,90.0,50.306,-192.0,67.0,5.741,34.0,-100.0,-100.0,-100.0,-8.0,0.0,-0.0,31.0,-99.716,-100.0,-100.0,16.0,0.0,0.0,30.0,-88.0,-88.0,-88.0,0.0,0.0,0.0,31.0,-99.931,-100.0,-100.0,0.0,0.0,0.0,30.0,9.268,9.756,9.756,-8.0,0.0,-0.0,31.0,23.299,23.299,23.299,-8.0,0.0,1.139,31.0
59.9183,1,fwd,90.0,11.8,48.315,90.0,50.413,-168.0,49.0,6.05,34.0,-100.0,-100.0,-100.0,4.0,0.0,-0.0,31.0,-99.716,-100.0,-100.0,16.0,1.0,0.0,30.0,-88.0,-88.0,-88.0,0.0,0.0,0.0,31.0,-99.931,-100.0,-100.0,8.0,0.0,0.0,30.0,9.268,9.756,9.756,-8.0,0.0,-0.0,30.0,23.299,23.299,23.299,0.0,0.0,0.798,31.0
59.9714,1,fwd,90.0,11.8,48.315,90.0,50.75,-168.0,49.0,2.965,34.0,-100.0,-100.0,-100.0,4.0,0.0,-0.0,31.0,-99.716,-100.0,-100.0,16.0,1.0,0.0,30.0,-88.0,-88.0,-88.0,0.0,0.0,0.0,31.0,-99.931,-100.0,-100.0,8.0,0.0,0.0,30.0,9.268,9.756,9.756,-8.0,0.0,-0.0,30.0,23.299,23.299,23.299,0.0,0.0,0.391,31.0
60.0237,1,fwd,90.0,11.8,48.404,90.0,50.965,-168.0,49.0,2.45,34.0,-100.0,-100.0,-100.0,4.0,0.0,-0.0,31.0,-99.716,-100.0,-100.0,16.0,1.0,0.0,30.0,-88.0,-88.0,-88.0,0.0,0.0,0.0,31.0,-99.931,-100.0,-100.0,8.0,0.0,0.0,30.0,9.268,9.756,9.756,-8.0,0.0,-0.0,30.0,23.299,23.299,23.299,0.0,0.0,0.191,31.0
60.0759,1,fwd,90.0,11.8,48.584,90.0,51.178,-168.0,49.0,2.623,34.0,-100.0,-100.0,-100.0,4.0,0.0,-0.0,31.0,-99.716,-100.0,-100.0,16.0,1.0,0.0,30.0,-88.0,-88.0,-88.0,0.0,0.0,0.0,31.0,-100.0,-100.0,-100.0,8.0,0.0,-0.548,30.0,9.268,9.756,9.756,-8.0,0.0,-0.0,30.0,23.093,23.299,23.299,0.0,0.0,-2.202,31.0
60.1292,1,fwd,90.0,11.8,48.764,90.0,51.393,-168.0,49.0,3.299,34.0,-100.0,-100.0,-100.0,4.0,0.0,-0.0,31.0,-99.716,-100.0,-100.0,16.0,1.0,0.0,30.0,-88.0,-88.0,-88.0,0.0,0.0,0.0,31.0,-100.0,-100.0,-100.0,8.0,0.0,-0.268,30.0,9.268,9.756,9.756,-8.0,0.0,-0.0,30.0,23.093,23.299,23.299,0.0,0.0,-1.079,31.0
60.1827,1,fwd,90.0,11.8,49.124,90.0,51.609,-168.0,49.0,4.994,34.0,-100.0,-100.0,-100.0,4.0,0.0,-0.0,31.0,-99.716,-100.0,-100.0,16.0,1.0,0.0,30.0,-87.867,-88.0,-88.0,0.0,0.0,1.031,31.0,-100.0,-100.0,-100.0,8.0,0.0,-0.131,30.0,9.268,9.756,9.756,-8.0,0.0,-0.0,30.0,23.093,23.299,23.299,0.0,0.0,-0.529,31.0
60.2358,1,fwd,90.0,11.8,49.573,90.0,51.825,-168.0,49.0,6.88,34.0,-100.0,-100.0,-100.0,4.0,0.0,-0.0,31.0,-99.716,-100.0,-100.0,16.0,1.0,0.0,30.0,-87.867,-88.0,-88.0,0.0,0.0,0.505,31.0,-99.931,-100.0,-100.0,8.0,0.0,0.711,30.0,9.268,9.756,9.756,-8.0,0.0,-0.0,30.0,23.093,23.299,23.299,0.0,0.0,-0.259,31.0
60.2886,1,fwd,90.0,11.8,49.843,90.0,52.038,-168.0,49.0,5.813,34.0,-100.0,-100.0,-100.0,4.0,0.0,-0.0,31.0,-99.716,-100.0,-100.0,16.0,1.0,0.0,30.0,-88.0,-88.0,-88.0,0.0,0.0,-0.809,31.0,-99.931,-100.0,-100.0,8.0,0.0,0.348,30.0,9.268,9.756,9.756,-8.0,0.0,-0.0,30.0,23.093,23.299,23.299,0.0,0.0,-0.127,31.0
60.3417,1,fwd,90.0,11.8,49.843,90.0,52.25,-168.0,49.0,2.849,34.0,-100.0,-100.0,-100.0,4.0,0.0,-0.0,31.0,-99.716,-100.0,-100.0,16.0,1.0,0.0,30.0,-88.0,-88.0,-88.0,0.0,0.0,-0.396,31.0,-99.931,-100.0,-100.0,8.0,0.0,0.171,30.0,9.268,9.756,9.756,-8.0,0.0,-0.0,30.0,23.093,23.299,23.299,0.0,0.0,-0.062,31.0
60.3947,1,fwd,90.0,11.8,49.843,90.0,52.463,-168.0,49.0,1.396,34.0,-100.0,-100.0,-100.0,4.0,0.0,-0.0,31.0,-99.716,-100.0,-100.0,16.0,1.0,0.0,30.0,-88.0,-88.0,-88.0,0.0,0.0,-0.194,31.0,-99.931,-100.0,-100.0,8.0,0.0,0.084,30.0,9.268,9.756,9.756,-8.0,0.0,-0.0,30.0,23.299,23.299,23.299,0.0,0.0,2.259,31.0
60.4478,1,fwd,90.0,11.8,50.022,90.0,52.678,-168.0,49.0,2.679,34.0,-100.0,-100.0,-100.0,4.0,0.0,-0.0,31.0,-99.716,-100.0,-100.0,16.0,1.0,0.0,30.0,-88.0,-88.0,-88.0,0.0,0.0,-0.095,31.0,-99.931,-100.0,-100.0,8.0,0.0,0.041,30.0,9.268,9.756,9.756,-8.0,0.0,-0.0,30.0,23.299,23.299,23.299,0.0,0.0,1.107,31.0
60.5012,1,fwd,90.0,11.8,50.022,90.0,52.916,-212.0,73.0,2.679,34.0,-100.0,-100.0,-100.0,-8.0,0.0,-0.0,31.0,-99.716,-100.0,-100.0,16.0,0.0,0.0,30.0,-88.0,-88.0,-88.0,0.0,0.0,-0.095,31.0,-99.931,-100.0,-100.0,8.0,0.0,0.041,30.0,9.268,9.756,9.756,-8.0,0.0,-0.0,30.0,23.299,23.299,23.299,0.0,0.0,1.107,31.0
60.5544,1,fwd,90.0,11.8,50.382,90.0,53.143,-212.0,73.0,2.529,34.0,-100.0,-100.0,-100.0,-8.0,0.0,-0.0,31.0,-99.716,-100.0,-100.0,16.0,0.0,0.0,30.0,-87.867,-88.0,-88.0,0.0,0.0,0.404,31.0,-99.931,-100.0,-100.0,8.0,0.0,0.02,30.0,9.268,9.756,9.756,-8.0,0.0,-0.0,30.0,23.299,23.299,23.299,0.0,0.0,0.542,31.0
60.6069,1,fwd,90.0,11.8,50.831,90.0,53.257,-212.0,73.0,5.563,34.0,-100.0,-100.0,-100.0,-8.0,0.0,-0.0,31.0,-99.716,-100.0,-100.0,16.0,0.0,0.0,30.0,-87.867,-88.0,-88.0,0.0,0.0,0.198,31.0,-99.931,-100.0,-100.0,8.0,0.0,0.01,30.0,9.268,9.756,9.756,-8.0,0.0,-0.0,30.0,23.093,23.299,23.299,0.0,0.0,-2.035,31.0
60.6621,1,fwd,90.0,11.8,51.191,90.0,53.483,-212.0,73.0,6.04,34.0,-100.0,-100.0,-100.0,-8.0,0.0,-0.0,31.0,-99.716,-100.0,-100.0,16.0,0.0,0.0,30.0,-88.0,-88.0,-88.0,0.0,0.0,-0.856,31.0,-99.931,-100.0,-100.0,8.0,0.0,0.005,30.0,9.268,9.756,9.756,-8.0,0.0,-0.0,30.0,23.093,23.299,23.299,0.0,0.0,-0.997,31.0
60.7158,1,fwd,90.0,11.8,51.281,90.0,53.702,-212.0,73.0,3.967,34.0,-100.0,-100.0,-100.0,-8.0,0.0,-0.0,31.0,-99.716,-100.0,-100.0,16.0,0.0,0.0,30.0,-88.0,-88.0,-88.0,0.0,0.0,-0.419,31.0,-99.931,-100.0,-100.0,8.0,0.0,0.002,30.0,9.268,9.756,9.756,-8.0,0.0,-0.0,30.0,23.093,23.299,23.299,0.0,0.0,-0.489,31.0
60.7695,1,fwd,90.0,11.8,51.281,90.0,53.916,-212.0,73.0,1.944,34.0,-100.0,-100.0,-100.0,-8.0,0.0,-0.0,31.0,-99.716,-100.0,-100.0,16.0,0.0,0.0,30.0,-88.0,-88.0,-88.0,0.0,0.0,-0.205,31.0,-99.931,-100.0,-100.0,8.0,0.0,0.001,30.0,9.268,9.756,9.756,-8.0,0.0,-0.0,30.0,23.093,23.299,23.299,0.0,0.0,-0.239,31.0
60.8218,1,fwd,90.0,11.8,51.551,90.0,54.13,-212.0,73.0,3.682,34.0,-100.0,-100.0,-100.0,-8.0,0.0,-0.0,31.0,-99.716,-100.0,-100.0,16.0,0.0,0.0,30.0,-88.0,-88.0,-88.0,0.0,0.0,-0.101,31.0,-99.931,-100.0,-100.0,8.0,0.0,0.001,30.0,9.268,9.756,9.756,-8.0,0.0,-0.0,30.0,23.093,23.299,23.299,0.0,0.0,-0.117,31.0
60.8748,1,fwd,90.0,11.8,51.82,90.0,54.344,-212.0,73.0,4.514,34.0,-100.0,-100.0,-100.0,-8.0,0.0,-0.0,31.0,-99.573,-100.0,-100.0,16.0,0.0,1.121,30.0,-88.0,-88.0,-88.0,0.0,0.0,-0.049,31.0,-99.931,-100.0,-100.0,8.0,0.0,0.0,30.0,9.268,9.756,9.756,-8.0,0.0,-0.0,30.0,23.093,23.299,23.299,0.0,0.0,-0.057,31.0
60.9263,1,fwd,90.0,11.8,52.09,90.0,54.557,-212.0,73.0,5.222,34.0,-100.0,-100.0,-100.0,-8.0,0.0,-0.0,31.0,-99.573,-100.0,-100.0,16.0,0.0,0.549,30.0,-88.0,-88.0,-88.0,0.0,0.0,-0.024,31.0,-99.931,-100.0,-100.0,8.0,0.0,0.0,30.0,9.268,9.756,9.756,-8.0,0.0,-0.0,30.0,23.093,23.299,23.299,0.0,0.0,-0.028,31.0
60.9797,1,fwd,90.0,11.8,52.629,90.0,54.773,-212.0,73.0,7.673,34.0,-100.0,-100.0,-100.0,-8.0,0.0,-0.0,31.0,-99.573,-100.0,-100.0,16.0,0.0,0.269,30.0,-88.0,-88.0,-88.0,0.0,0.0,-0.012,31.0,-99.931,-100.0,-100.0,8.0,0.0,0.0,30.0,9.268,9.756,9.756,-8.0,0.0,-0.0,30.0,23.093,23.299,23.299,0.0,0.0,-0.014,31.0
61.0324,1,fwd,90.0,11.8,52.719,90.0,54.987,-212.0,73.0,4.758,34.0,-100.0,-100.0,-100.0,-8.0,0.0,-0.0,31.0,-99.573,-100.0,-100.0,16.0,0.0,0.132,30.0,-88.0,-88.0,-88.0,0.0,0.0,-0.006,31.0,-99.931,-100.0,-100.0,8.0,0.0,0.0,30.0,9.268,9.756,9.756,-8.0,0.0,-0.0,30.0,23.093,23.299,23.299,0.0,0.0,-0.007,31.0
61.0854,1,fwd,90.0,11.8,52.719,90.0,55.229,-184.0,60.0,3.331,34.0,-100.0,-100.0,-100.0,0.0,0.0,-0.0,31.0,-99.573,-100.0,-100.0,24.0,1.0,0.092,30.0,-88.0,-88.0,-88.0,0.0,0.0,-0.004,31.0,-99.931,-100.0,-100.0,8.0,0.0,0.0,30.0,9.268,9.756,9.756,-8.0,0.0,-0.0,30.0,23.093,23.299,23.299,-8.0,0.0,-0.005,31.0
61.1388,1,fwd,90.0,11.8,52.719,90.0,55.446,-184.0,60.0,1.632,34.0,-100.0,-100.0,-100.0,0.0,0.0,-0.0,31.0,-99.573,-100.0,-100.0,24.0,1.0,0.045,30.0,-88.0,-88.0,-88.0,0.0,0.0,-0.002,31.0,-99.931,-100.0,-100.0,8.0,0.0,0.0,30.0,9.268,9.756,9.756,-8.0,0.0,-0.0,30.0,23.093,23.299,23.299,-8.0,0.0,-0.002,31.0
61.191,1,fwd,90.0,11.8,52.899,90.0,55.662,-184.0,60.0,2.809,34.0,-100.0,-100.0,-100.0,0.0,0.0,-0.0,31.0,-99.573,-100.0,-100.0,24.0,1.0,0.022,30.0,-88.0,-88.0,-88.0,0.0,0.0,-0.001,31.0,-99.931,-100.0,-100.0,8.0,0.0,0.0,30.0,9.268,9.756,9.756,-8.0,0.0,-0.0,30.0,23.093,23.299,23.299,-8.0,0.0,-0.001,31.0
61.2442,1,fwd,90.0,11.8,53.258,90.0,55.877,-184.0,60.0,4.771,34.0,-100.0,-100.0,-100.0,0.0,0.0,-0.0,31.0,-99.573,-100.0,-100.0,24.0,1.0,0.011,30.0,-87.867,-88.0,-88.0,0.0,0.0,1.478,31.0,-99.931,-100.0,-100.0,8.0,0.0,0.0,30.0,9.268,9.756,9.756,-8.0,0.0,-0.0,30.0,23.093,23.299,23.299,-8.0,0.0,-0.001,31.0
61.2974,1,fwd,90.0,11.8,53.618,90.0,56.093,-184.0,60.0,6.363,34.0,-100.0,-100.0,-100.0,0.0,0.0,-0.0,31.0,-99.573,-100.0,-100.0,24.0,1.0,0.005,30.0,-87.867,-88.0,-88.0,0.0,0.0,0.724,31.0,-99.931,-100.0,-100.0,8.0,0.0,0.0,30.0,9.268,9.756,9.756,-8.0,0.0,-0.0,30.0,23.093,23.299,23.299,-8.0,0.0,-0.0,31.0
61.3508,1,fwd,90.0,11.8,54.157,90.0,56.307,-184.0,60.0,8.288,34.0,-100.0,-100.0,-100.0,0.0,0.0,-0.0,31.0,-99.573,-100.0,-100.0,24.0,1.0,0.003,30.0,-88.0,-88.0,-88.0,0.0,0.0,-1.148,31.0,-99.931,-100.0,-100.0,8.0,0.0,0.0,30.0,9.268,9.756,9.756,-8.0,0.0,-0.0,30.0,23.093,23.299,23.299,-8.0,0.0,-0.0,31.0
61.404,1,fwd,90.0,11.8,54.157,90.0,56.519,-184.0,60.0,4.061,34.0,-100.0,-100.0,-100.0,0.0,0.0,-0.0,31.0,-99.573,-100.0,-100.0,24.0,1.0,0.001,30.0,-88.0,-88.0,-88.0,0.0,0.0,-0.563,31.0,-99.931,-100.0,-100.0,8.0,0.0,0.0,30.0,9.268,9.756,9.756,-8.0,0.0,-0.0,30.0,23.299,23.299,23.299,-8.0,0.0,2.329,31.0
61.4573,1,fwd,90.0,11.8,54.427,90.0,56.732,-184.0,60.0,4.722,34.0,-100.0,-100.0,-100.0,0.0,0.0,-0.0,31.0,-99.573,-100.0,-100.0,24.0,1.0,0.001,30.0,-88.0,-88.0,-88.0,0.0,0.0,-0.276,31.0,-99.931,-100.0,-100.0,8.0,0.0,0.0,30.0,9.268,9.756,9.756,-8.0,0.0,-0.0,30.0,23.299,23.299,23.299,-8.0,0.0,1.141,31.0
61.5107,1,fwd,90.0,11.8,54.517,90.0,56.947,-184.0,60.0,3.319,34.0,-100.0,-100.0,-100.0,0.0,0.0,-0.0,31.0,-99.573,-100.0,-100.0,24.0,1.0,0.0,30.0,-88.0,-88.0,-88.0,0.0,0.0,-0.135,31.0,-99.931,-100.0,-100.0,8.0,0.0,0.0,30.0,9.268,9.756,9.756,-8.0,0.0,-0.0,30.0,23.299,23.299,23.299,-8.0,0.0,0.559,31.0
61.5629,1,fwd,90.0,11.8,54.517,90.0,57.16,-184.0,60.0,2.323,34.0,-100.0,-100.0,-100.0,0.0,0.0,-0.0,31.0,-99.573,-100.0,-100.0,24.0,1.0,0.0,30.0,-88.0,-88.0,-88.0,0.0,0.0,-0.095,31.0,-99.931,-100.0,-100.0,8.0,0.0,0.0,30.0,9.268,9.756,9.756,-8.0,0.0,-0.0,30.0,23.299,23.299,23.299,-8.0,0.0,0.391,31.0
61.6164,1,fwd,90.0,11.8,54.787,90.0,57.278,-184.0,60.0,3.431,34.0,-100.0,-100.0,-100.0,0.0,0.0,-0.0,31.0,-99.573,-100.0,-100.0,24.0,1.0,0.0,30.0,-87.867,-88.0,-88.0,0.0,0.0,1.452,31.0,-99.931,-100.0,-100.0,8.0,0.0,0.0,30.0,9.268,9.756,9.756,-8.0,0.0,-0.0,30.0,23.299,23.299,23.299,-8.0,0.0,0.192,31.0
61.6705,1,fwd,90.0,11.6,55.056,90.0,57.517,-196.0,69.0,3.755,34.0,-100.0,-100.0,-100.0,0.0,0.0,-0.0,31.0,-99.573,-100.0,-100.0,24.0,1.0,0.0,30.0,-87.867,-88.0,-88.0,8.0,0.0,1.017,31.0,-99.931,-100.0,-100.0,8.0,0.0,0.0,30.0,9.268,9.756,9.756,-8.0,0.0,-0.0,31.0,23.093,23.299,23.299,-8.0,0.0,-0.901,31.0
61.7242,1,fwd,90.0,11.6,55.326,90.0,57.733,-196.0,69.0,4.854,34.0,-100.0,-100.0,-100.0,0.0,0.0,-0.0,31.0,-99.573,-100.0,-100.0,24.0,1.0,0.0,30.0,-87.867,-88.0,-88.0,8.0,0.0,0.498,31.0,-99.931,-100.0,-100.0,8.0,0.0,0.0,30.0,9.268,9.756,9.756,-8.0,0.0,-0.0,31.0,23.093,23.299,23.299,-8.0,0.0,-0.441,31.0
61.7776,1,fwd,90.0,11.6,55.506,90.0,57.951,-196.0,69.0,3.749,34.0,-100.0,-100.0,-100.0,0.0,0.0,-0.0,31.0,-99.573,-100.0,-100.0,24.0,1.0,0.0,30.0,-87.867,-88.0,-88.0,8.0,0.0,0.244,31.0,-99.931,-100.0,-100.0,8.0,0.0,0.0,30.0,9.268,9.756,9.756,-8.0,0.0,-0.0,31.0,23.093,23.299,23.299,-8.0,0.0,-0.216,31.0
61.8301,1,fwd,90.0,11.6,55.596,90.0,58.164,-196.0,69.0,2.542,34.0,-100.0,-100.0,-100.0,0.0,0.0,-0.0,31.0,-99.573,-100.0,-100.0,24.0,1.0,0.0,30.0,-87.867,-88.0,-88.0,8.0,0.0,0.12,31.0,-99.931,-100.0,-100.0,8.0,0.0,0.0,30.0,9.268,9.756,9.756,-8.0,0.0,-0.0,31.0,23.299,23.299,23.299,-8.0,0.0,1.511,31.0
61.8833,1,fwd,90.0,11.6,55.775,90.0,58.378,-196.0,69.0,3.273,34.0,-100.0,-100.0,-100.0,0.0,0.0,-0.0,31.0,-99.573,-100.0,-100.0,24.0,1.0,0.0,30.0,-88.0,-88.0,-88.0,8.0,0.0,-1.445,31.0,-99.931,-100.0,-100.0,8.0,0.0,0.0,30.0,9.268,9.756,9.756,-8.0,0.0,-0.0,31.0,23.299,23.299,23.299,-8.0,0.0,0.741,31.0
61.936,1,fwd,90.0,11.6,55.955,90.0,58.591,-196.0,69.0,3.315,34.0,-100.0,-100.0,-100.0,0.0,0.0,-0.0,31.0,-99.573,-100.0,-100.0,24.0,1.0,0.0,30.0,-88.0,-88.0,-88.0,8.0,0.0,-0.708,31.0,-99.931,-100.0,-100.0,8.0,0.0,0.0,30.0,9.268,9.756,9.756,-8.0,0.0,-0.0,31.0,23.299,23.299,23.299,-8.0,0.0,0.363,31.0
61.9893,1,fwd,90.0,11.6,56.135,90.0,58.805,-196.0,69.0,3.046,34.0,-100.0,-100.0,-100.0,0.0,0.0,-0.0,31.0,-99.573,-100.0,-100.0,24.0,1.0,0.0,30.0,-88.0,-88.0,-88.0,8.0,0.0,-0.347,31.0,-99.931,-100.0,-100.0,8.0,0.0,0.0,30.0,9.268,9.756,9.756,-8.0,0.0,-0.0,31.0,23.299,23.299,23.299,-8.0,0.0,0.178,31.0
62.0421,1,fwd,90.0,11.6,56.404,90.0,59.02,-196.0,69.0,4.22,34.0,-100.0,-100.0,-100.0,0.0,0.0,-0.0,31.0,-99.573,-100.0,-100.0,24.0,1.0,0.0,30.0,-88.0,-88.0,-88.0,8.0,0.0,-0.17,31.0,-99.931,-100.0,-100.0,8.0,0.0,0.0,30.0,9.268,9.756,9.756,-8.0,0.0,-0.0,31.0,23.093,23.299,23.299,-8.0,0.0,-2.231,31.0
62.0944,1,fwd,90.0,11.6,56.854,90.0,59.235,-196.0,69.0,6.144,34.0,-100.0,-100.0,-100.0,0.0,0.0,-0.0,31.0,-99.573,-100.0,-100.0,24.0,1.0,0.0,30.0,-88.0,-88.0,-88.0,8.0,0.0,-0.083,31.0,-99.931,-100.0,-100.0,8.0,0.0,0.0,30.0,9.268,9.756,9.756,-8.0,0.0,-0.0,31.0,23.093,23.299,23.299,-8.0,0.0,-1.093,31.0
62.1468,1,fwd,90.0,11.6,56.944,90.0,59.451,-196.0,69.0,3.718,34.0,-100.0,-100.0,-100.0,0.0,0.0,-0.0,31.0,-99.573,-100.0,-100.0,24.0,1.0,0.0,30.0,-88.0,-88.0,-88.0,8.0,0.0,-0.041,31.0,-99.931,-100.0,-100.0,8.0,0.0,0.0,30.0,9.268,9.756,9.756,-8.0,0.0,-0.0,31.0,23.093,23.299,23.299,-8.0,0.0,-0.536,31.0
62.1997,1,fwd,90.0,11.7,57.034,90.0,59.558,-200.0,72.0,3.606,34.0,-100.0,-100.0,-100.0,0.0,0.0,-0.0,31.0,-99.573,-100.0,-100.0,24.0,0.0,0.0,30.0,-88.0,-88.0,-88.0,0.0,0.0,-0.029,31.0,-99.931,-100.0,-100.0,8.0,0.0,0.0,30.0,9.268,9.756,9.756,-8.0,0.0,-0.0,31.0,23.093,23.299,23.299,-8.0,0.0,-0.375,31.0
62.253,1,fwd,90.0,11.7,57.213,90.0,59.894,-200.0,72.0,3.752,34.0,-100.0,-100.0,-100.0,0.0,0.0,-0.0,31.0,-99.573,-100.0,-100.0,24.0,0.0,0.0,30.0,-88.0,-88.0,-88.0,0.0,0.0,-0.014,31.0,-99.931,-100.0,-100.0,8.0,0.0,0.0,30.0,9.268,9.756,9.756,-8.0,0.0,-0.0,31.0,23.299,23.299,23.299,-8.0,0.0,0.576,31.0
62.3061,1,fwd,90.0,11.7,57.393,90.0,60.112,-200.0,72.0,3.542,34.0,-100.0,-100.0,-100.0,0.0,0.0,-0.0,31.0,-99.573,-100.0,-100.0,24.0,0.0,0.0,30.0,-88.0,-88.0,-88.0,0.0,0.0,-0.007,31.0,-99.931,-100.0,-100.0,8.0,0.0,0.0,30.0,9.268,9.756,9.756,-8.0,0.0,-0.0,31.0,23.299,23.299,23.299,-8.0,0.0,0.282,31.0
62.3592,1,fwd,90.0,11.7,57.663,90.0,60.324,-200.0,72.0,4.167,34.0,-100.0,-100.0,-100.0,0.0,0.0,-0.0,31.0,-99.573,-100.0,-100.0,24.0,0.0,0.0,30.0,-87.867,-88.0,-88.0,0.0,0.0,1.497,31.0,-99.931,-100.0,-100.0,8.0,0.0,0.0,30.0,9.268,9.756,9.756,-8.0,0.0,-0.0,31.0,23.299,23.299,23.299,-8.0,0.0,0.138,31.0
62.4127,1,fwd,90.0,11.7,57.933,90.0,60.538,-200.0,72.0,5.072,34.0,-100.0,-100.0,-100.0,0.0,0.0,-0.0,31.0,-99.573,-100.0,-100.0,24.0,0.0,0.0,30.0,-87.867,-88.0,-88.0,0.0,0.0,0.734,31.0,-99.931,-100.0,-100.0,8.0,0.0,0.0,30.0,9.268,9.756,9.756,-8.0,0.0,-0.0,31.0,23.093,23.299,23.299,-8.0,0.0,-1.551,31.0
62.4658,1,fwd,90.0,11.7,58.292,90.0,60.751,-200.0,72.0,5.927,34.0,-100.0,-100.0,-100.0,0.0,0.0,-0.0,31.0,-99.573,-100.0,-100.0,24.0,0.0,0.0,30.0,-87.867,-88.0,-88.0,0.0,0.0,0.36,31.0,-99.931,-100.0,-100.0,8.0,0.0,0.0,30.0,9.268,9.756,9.756,-8.0,0.0,-0.0,31.0,23.093,23.299,23.299,-8.0,0.0,-0.76,31.0
62.5179,1,fwd,90.0,11.7,58.382,90.0,60.965,-200.0,72.0,3.609,34.0,-100.0,-100.0,-100.0,0.0,0.0,-0.0,31.0,-99.573,-100.0,-100.0,24.0,0.0,0.0,30.0,-87.867,-88.0,-88.0,0.0,0.0,0.176,31.0,-99.931,-100.0,-100.0,8.0,0.0,0.0,30.0,9.268,9.756,9.756,-8.0,0.0,-0.0,31.0,23.093,23.299,23.299,-8.0,0.0,-0.372,31.0
62.5711,1,fwd,90.0,11.7,58.472,90.0,61.18,-200.0,72.0,2.477,34.0,-100.0,-100.0,-100.0,0.0,0.0,-0.0,31.0,-99.573,-100.0,-100.0,24.0,0.0,0.0,30.0,-87.867,-88.0,-88.0,0.0,0.0,0.086,31.0,-99.931,-100.0,-100.0,8.0,0.0,0.0,30.0,9.268,9.756,9.756,-8.0,0.0,-0.0,31.0,23.299,23.299,23.299,-8.0,0.0,2.151,31.0
62.6242,1,fwd,90.0,11.7,58.472,90.0,61.392,-200.0,72.0,1.214,34.0,-100.0,-100.0,-100.0,0.0,0.0,-0.0,31.0,-99.573,-100.0,-100.0,24.0,0.0,0.0,30.0,-87.867,-88.0,-88.0,0.0,0.0,0.042,31.0,-99.931,-100.0,-100.0,8.0,0.0,0.0,30.0,9.268,9.756,9.756,-8.0,0.0,-0.0,31.0,23.299,23.299,23.299,-8.0,0.0,1.054,31.0
62.6781,1,fwd,90.0,11.7,58.742,90.0,61.606,-200.0,72.0,3.022,34.0,-100.0,-100.0,-100.0,0.0,0.0,-0.0,31.0,-99.573,-100.0,-100.0,24.0,0.0,0.0,30.0,-87.867,-88.0,-88.0,0.0,0.0,0.021,31.0,-99.931,-100.0,-100.0,8.0,0.0,0.0,30.0,9.268,9.756,9.756,-8.0,0.0,-0.0,31.0,23.299,23.299,23.299,-8.0,0.0,0.516,31.0
62.7314,1,fwd,90.0,11.7,59.011,90.0,61.821,-200.0,72.0,3.885,34.0,-100.0,-100.0,-100.0,0.0,0.0,-0.0,31.0,-99.573,-100.0,-100.0,24.0,0.0,0.0,30.0,-87.867,-88.0,-88.0,0.0,0.0,0.01,31.0,-99.931,-100.0,-100.0,8.0,0.0,0.0,30.0,9.268,9.756,9.756,-8.0,0.0,-0.0,31.0,23.093,23.299,23.299,-8.0,0.0,-1.346,31.0
62.7848,1,fwd,90.0,11.8,59.011,90.0,62.061,-236.0,99.0,3.885,34.0,-100.0,-100.0,-100.0,0.0,0.0,-0.0,31.0,-99.573,-100.0,-100.0,24.0,1.0,0.0,30.0,-87.867,-88.0,-88.0,8.0,0.0,0.01,31.0,-99.931,-100.0,-100.0,8.0,0.0,0.0,30.0,9.268,9.756,9.756,-8.0,0.0,-0.0,30.0,23.093,23.299,23.299,-8.0,0.0,-1.346,31.0
62.8373,1,fwd,90.0,11.8,59.64,90.0,62.178,-236.0,99.0,6.153,34.0,-100.0,-100.0,-100.0,0.0,0.0,-0.0,31.0,-99.573,-100.0,-100.0,24.0,1.0,0.0,30.0,-87.867,-88.0,-88.0,8.0,0.0,0.005,31.0,-99.931,-100.0,-100.0,8.0,0.0,0.0,30.0,9.268,9.756,9.756,-8.0,0.0,-0.0,30.0,23.299,23.299,23.299,-8.0,0.0,1.664,31.0
62.8908,1,fwd,90.0,11.8,59.91,90.0,62.403,-236.0,99.0,5.292,34.0,-100.0,-100.0,-100.0,0.0,0.0,-0.0,31.0,-99.573,-100.0,-100.0,24.0,1.0,0.0,30.0,-87.867,-88.0,-88.0,8.0,0.0,0.002,31.0,-99.931,-100.0,-100.0,8.0,0.0,0.0,30.0,9.268,9.756,9.756,-8.0,0.0,-0.0,30.0,23.299,23.299,23.299,-8.0,0.0,0.815,31.0
62.9428,1,fwd,90.0,11.8,59.91,90.0,62.616,-236.0,99.0,2.593,34.0,-100.0,-100.0,-100.0,0.0,0.0,-0.0,31.0,-99.573,-100.0,-100.0,24.0,1.0,0.0,30.0,-87.867,-88.0,-88.0,8.0,0.0,0.001,31.0,-99.931,-100.0,-100.0,8.0,0.0,0.0,30.0,9.268,9.756,9.756,-8.0,0.0,-0.0,30.0,23.299,23.299,23.299,-8.0,0.0,0.399,31.0
62.9962,1,fwd,90.0,11.8,59.91,90.0,62.831,-236.0,99.0,1.271,34.0,-100.0,-100.0,-100.0,0.0,0.0,-0.0,31.0,-99.573,-100.0,-100.0,24.0,1.0,0.0,30.0,-87.867,-88.0,-88.0,8.0,0.0,0.001,31.0,-99.931,-100.0,-100.0,8.0,0.0,0.0,30.0,9.268,9.756,9.756,-8.0,0.0,-0.0,30.0,23.299,23.299,23.299,-8.0,0.0,0.196,31.0
63.0496,1,fwd,90.0,11.8,60.18,90.0,63.047,-236.0,99.0,3.036,34.0,-100.0,-100.0,-100.0,0.0,0.0,-0.0,31.0,-99.573,-100.0,-100.0,24.0,1.0,0.0,30.0,-87.867,-88.0,-88.0,8.0,0.0,0.0,31.0,-99.931,-100.0,-100.0,8.0,0.0,0.0,30.0,9.268,9.756,9.756,-8.0,0.0,-0.0,30.0,23.299,23.299,23.299,-8.0,0.0,0.096,31.0
63.1036,1,fwd,90.0,11.8,60.449,90.0,63.263,-236.0,99.0,4.159,34.0,-100.0,-100.0,-100.0,0.0,0.0,-0.0,31.0,-99.573,-100.0,-100.0,24.0,1.0,0.0,30.0,-87.867,-88.0,-88.0,8.0,0.0,0.0,31.0,-99.931,-100.0,-100.0,8.0,0.0,0.0,30.0,9.268,9.756,9.756,-8.0,0.0,-0.0,30.0,23.093,23.299,23.299,-8.0,0.0,-1.538,31.0
63.1571,1,fwd,90.0,11.8,60.629,90.0,63.48,-236.0,99.0,3.745,34.0,-100.0,-100.0,-100.0,0.0,0.0,-0.0,31.0,-99.573,-100.0,-100.0,24.0,1.0,0.0,30.0,-87.867,-88.0,-88.0,8.0,0.0,0.0,31.0,-99.931,-100.0,-100.0,8.0,0.0,0.0,30.0,9.268,9.756,9.756,-8.0,0.0,-0.0,30.0,23.093,23.299,23.299,-8.0,0.0,-0.754,31.0
63.2096,1,fwd,90.0,11.8,61.258,90.0,63.694,-236.0,99.0,7.664,34.0,-100.0,-100.0,-100.0,0.0,0.0,-0.0,31.0,-99.573,-100.0,-100.0,24.0,1.0,0.0,30.0,-87.867,-88.0,-88.0,8.0,0.0,0.0,31.0,-99.931,-100.0,-100.0,8.0,0.0,0.0,30.0,9.268,9.756,9.756,-8.0,0.0,-0.0,30.0,23.093,23.299,23.299,-8.0,0.0,-0.369,31.0
63.2616,1,fwd,90.0,11.8,61.348,90.0,63.91,-236.0,99.0,4.748,34.0,-100.0,-100.0,-100.0,0.0,0.0,-0.0,31.0,-99.573,-100.0,-100.0,24.0,1.0,0.0,30.0,-87.867,-88.0,-88.0,8.0,0.0,0.0,31.0,-99.931,-100.0,-100.0,8.0,0.0,0.0,30.0,9.268,9.756,9.756,-8.0,0.0,-0.0,30.0,23.299,23.299,23.299,-8.0,0.0,1.436,31.0
63.314,1,fwd,90.0,11.8,61.438,90.0,64.123,-236.0,99.0,3.334,34.0,-100.0,-100.0,-100.0,0.0,0.0,-0.0,31.0,-99.573,-100.0,-100.0,24.0,1.0,0.0,30.0,-87.867,-88.0,-88.0,8.0,0.0,0.0,31.0,-99.931,-100.0,-100.0,8.0,0.0,0.0,30.0,9.268,9.756,9.756,-8.0,0.0,-0.0,30.0,23.299,23.299,23.299,-8.0,0.0,0.704,31.0
63.3676,1,fwd,90.0,11.7,61.528,90.0,64.363,-208.0,77.0,2.786,34.0,-100.0,-100.0,-100.0,0.0,0.0,-0.0,31.0,-99.573,-100.0,-100.0,24.0,1.0,0.0,30.0,-87.867,-88.0,-88.0,8.0,0.0,0.0,31.0,-99.931,-100.0,-100.0,8.0,0.0,0.0,30.0,9.268,9.756,9.756,-8.0,0.0,-0.0,30.0,23.299,23.299,23.299,0.0,0.0,0.493,31.0
63.4207,1,fwd,90.0,11.7,61.798,90.0,64.576,-208.0,77.0,4.079,34.0,-100.0,-100.0,-100.0,0.0,0.0,-0.0,31.0,-99.573,-100.0,-100.0,24.0,1.0,0.0,30.0,-87.867,-88.0,-88.0,8.0,0.0,0.0,31.0,-99.931,-100.0,-100.0,8.0,0.0,0.0,30.0,9.268,9.756,9.756,-8.0,0.0,-0.0,30.0,23.093,23.299,23.299,0.0,0.0,-1.37,31.0
63.4735,1,fwd,90.0,11.7,61.978,90.0,64.79,-208.0,77.0,3.708,34.0,-100.0,-100.0,-100.0,0.0,0.0,-0.0,31.0,-99.573,-100.0,-100.0,24.0,1.0,0.0,30.0,-87.867,-88.0,-88.0,8.0,0.0,0.0,31.0,-99.931,-100.0,-100.0,8.0,0.0,0.0,30.0,9.268,9.756,9.756,-8.0,0.0,-0.0,30.0,23.093,23.299,23.299,0.0,0.0,-0.671,31.0
63.5264,1,fwd,90.0,11.7,62.427,90.0,65.004,-208.0,77.0,6.285,34.0,-99.82,-100.0,-100.0,0.0,0.0,1.425,31.0,-99.573,-100.0,-100.0,24.0,1.0,0.0,30.0,-87.867,-88.0,-88.0,8.0,0.0,0.0,31.0,-99.931,-100.0,-100.0,8.0,0.0,0.0,30.0,9.268,9.756,9.756,-8.0,0.0,-0.0,30.0,23.299,23.299,23.299,0.0,0.0,2.0,31.0
63.5795,1,fwd,90.0,11.7,62.697,90.0,65.218,-208.0,77.0,5.493,34.0,-100.0,-100.0,-100.0,0.0,0.0,-1.317,31.0,-99.573,-100.0,-100.0,24.0,1.0,0.0,30.0,-87.867,-88.0,-88.0,8.0,0.0,0.0,31.0,-99.931,-100.0,-100.0,8.0,0.0,0.0,30.0,8.78,9.756,9.756,-8.0,0.0,-5.457,30.0,23.299,23.299,23.299,0.0,0.0,0.98,31.0
63.6328,1,fwd,90.0,11.7,62.787,90.0,65.434,-208.0,77.0,3.673,34.0,-100.0,-100.0,-100.0,0.0,0.0,-0.646,31.0,-99.573,-100.0,-100.0,24.0,1.0,0.0,30.0,-87.867,-88.0,-88.0,8.0,0.0,0.0,31.0,-99.931,-100.0,-100.0,8.0,0.0,0.0,30.0,8.78,9.756,9.756,-8.0,0.0,-2.674,30.0,23.299,23.299,23.299,0.0,0.0,0.48,31.0
63.6859,1,fwd,90.0,11.7,62.787,90.0,65.653,-208.0,77.0,2.571,34.0,-100.0,-100.0,-100.0,0.0,0.0,-0.452,31.0,-99.573,-100.0,-100.0,24.0,1.0,0.0,30.0,-87.867,-88.0,-88.0,8.0,0.0,0.0,31.0,-99.931,-100.0,-100.0,8.0,0.0,0.0,30.0,8.78,9.756,9.756,-8.0,0.0,-1.872,30.0,23.299,23.299,23.299,0.0,0.0,0.336,31.0
63.7392,1,fwd,90.0,11.7,62.787,90.0,65.881,-208.0,77.0,1.26,34.0,-100.0,-100.0,-100.0,0.0,0.0,-0.221,31.0,-99.573,-100.0,-100.0,24.0,1.0,0.0,30.0,-87.867,-88.0,-88.0,8.0,0.0,0.0,31.0,-99.931,-100.0,-100.0,8.0,0.0,0.0,30.0,8.78,9.756,9.756,-8.0,0.0,-0.917,30.0,23.299,23.299,23.299,0.0,0.0,0.165,31.0
63.7927,1,fwd,90.0,11.7,62.787,90.0,65.998,-208.0,77.0,0.617,34.0,-100.0,-100.0,-100.0,0.0,0.0,-0.108,31.0,-99.573,-100.0,-100.0,24.0,1.0,0.0,30.0,-87.867,-88.0,-88.0,8.0,0.0,0.0,31.0,-99.931,-100.0,-100.0,8.0,0.0,0.0,30.0,8.78,9.756,9.756,-8.0,0.0,-0.449,30.0,23.299,23.299,23.299,0.0,0.0,0.081,31.0
63.8466,1,fwd,90.0,11.7,63.236,90.0,66.224,-208.0,77.0,4.214,34.0,-100.0,-100.0,-100.0,0.0,0.0,-0.053,31.0,-99.573,-100.0,-100.0,24.0,1.0,0.0,30.0,-87.867,-88.0,-88.0,8.0,0.0,0.0,31.0,-99.931,-100.0,-100.0,8.0,0.0,0.0,30.0,8.78,9.756,9.756,-8.0,0.0,-0.22,30.0,23.093,23.299,23.299,0.0,0.0,-2.261,31.0
63.9002,1,fwd,90.0,11.7,63.685,90.0,66.441,-208.0,77.0,6.456,34.0,-100.0,-100.0,-100.0,0.0,0.0,-0.026,31.0,-99.573,-100.0,-100.0,24.0,1.0,0.0,30.0,-87.867,-88.0,-88.0,8.0,0.0,0.0,31.0,-99.931,-100.0,-100.0,8.0,0.0,0.0,30.0,8.78,9.756,9.756,-8.0,0.0,-0.108,30.0,23.093,23.299,23.299,0.0,0.0,-1.108,31.0
63.9537,1,fwd,90.0,11.8,64.135,90.0,66.68,-220.0,83.0,6.774,34.0,-99.82,-100.0,-100.0,-8.0,0.0,0.886,31.0,-99.573,-100.0,-100.0,24.0,0.0,0.0,30.0,-87.867,-88.0,-88.0,8.0,0.0,0.0,31.0,-99.931,-100.0,-100.0,8.0,0.0,0.0,30.0,8.78,9.756,9.756,-16.0,0.0,-0.076,30.0,23.299,23.299,23.299,-8.0,1.0,0.259,31.0
64.0056,1,fwd,90.0,11.8,64.225,90.0,66.894,-220.0,83.0,4.026,34.0,-100.0,-100.0,-100.0,-8.0,0.0,-2.218,31.0,-99.573,-100.0,-100.0,24.0,0.0,0.0,30.0,-87.867,-88.0,-88.0,8.0,0.0,0.0,31.0,-99.931,-100.0,-100.0,8.0,0.0,0.0,30.0,8.78,9.756,9.756,-16.0,0.0,-0.037,30.0,23.299,23.299,23.299,-8.0,1.0,0.127,31.0
64.0577,1,fwd,90.0,11.8,64.404,90.0,67.11,-220.0,83.0,3.387,34.0,-100.0,-100.0,-100.0,-8.0,0.0,-1.087,31.0,-99.573,-100.0,-100.0,24.0,0.0,0.0,30.0,-87.867,-88.0,-88.0,8.0,0.0,0.0,31.0,-99.931,-100.0,-100.0,8.0,0.0,0.0,30.0,8.78,9.756,9.756,-16.0,0.0,-0.018,30.0,23.299,23.299,23.299,-8.0,1.0,0.062,31.0
64.1101,1,fwd,90.0,11.8,64.494,90.0,67.327,-220.0,83.0,2.356,34.0,-100.0,-100.0,-100.0,-8.0,0.0,-0.532,31.0,-99.573,-100.0,-100.0,24.0,0.0,0.0,30.0,-87.867,-88.0,-88.0,8.0,0.0,0.0,31.0,-99.931,-100.0,-100.0,8.0,0.0,0.0,30.0,8.78,9.756,9.756,-16.0,0.0,-0.009,30.0,23.299,23.299,23.299,-8.0,1.0,0.03,31.0
64.1632,1,fwd,90.0,11.8,64.674,90.0,67.544,-220.0,83.0,2.828,34.0,-100.0,-100.0,-100.0,-8.0,0.0,-0.261,31.0,-99.573,-100.0,-100.0,24.0,0.0,0.0,30.0,-87.867,-88.0,-88.0,8.0,0.0,0.0,31.0,-99.931,-100.0,-100.0,8.0,0.0,0.0,30.0,8.78,9.756,9.756,-16.0,0.0,-0.004,30.0,23.093,23.299,23.299,-8.0,1.0,-2.248,31.0
64.2164,1,fwd,90.0,11.8,64.854,90.0,67.761,-220.0,83.0,3.096,34.0,-100.0,-100.0,-100.0,-8.0,0.0,-0.128,31.0,-99.573,-100.0,-100.0,24.0,0.0,0.0,30.0,-87.867,-88.0,-88.0,8.0,0.0,0.0,31.0,-99.931,-100.0,-100.0,8.0,0.0,0.0,30.0,8.78,9.756,9.756,-16.0,0.0,-0.002,30.0,23.093,23.299,23.299,-8.0,1.0,-1.101,31.0
64.2695,1,fwd,90.0,11.8,65.124,90.0,67.977,-220.0,83.0,4.173,34.0,-100.0,-100.0,-100.0,-8.0,0.0,-0.063,31.0,-99.573,-100.0,-100.0,24.0,0.0,0.0,30.0,-87.867,-88.0,-88.0,8.0,0.0,0.0,31.0,-99.931,-100.0,-100.0,8.0,0.0,0.0,30.0,8.78,9.756,9.756,-16.0,0.0,-0.001,30.0,23.299,23.299,23.299,-8.0,1.0,1.698,31.0
64.3226,1,fwd,90.0,11.8,65.393,90.0,68.193,-220.0,83.0,5.067,34.0,-100.0,-100.0,-100.0,-8.0,0.0,-0.031,31.0,-99.573,-100.0,-100.0,24.0,0.0,0.0,30.0,-87.867,-88.0,-88.0,8.0,0.0,0.0,31.0,-99.931,-100.0,-100.0,8.0,0.0,0.0,30.0,8.78,9.756,9.756,-16.0,0.0,-0.001,30.0,23.299,23.299,23.299,-8.0,1.0,0.832,31.0
64.3755,1,fwd,90.0,11.8,65.573,90.0,68.408,-220.0,83.0,5.547,34.0,-100.0,-100.0,-100.0,-8.0,0.0,-0.021,31.0,-99.573,-100.0,-100.0,24.0,0.0,0.0,30.0,-87.867,-88.0,-88.0,8.0,0.0,0.0,31.0,-99.931,-100.0,-100.0,8.0,0.0,0.0,30.0,8.78,9.756,9.756,-16.0,0.0,-0.0,30.0,23.299,23.299,23.299,-8.0,1.0,0.582,31.0
64.4287,1,fwd,90.0,11.8,65.663,90.0,68.634,-220.0,83.0,3.349,34.0,-99.82,-100.0,-100.0,-8.0,0.0,2.019,31.0,-99.573,-100.0,-100.0,24.0,0.0,0.0,30.0,-87.867,-88.0,-88.0,8.0,0.0,0.0,31.0,-99.931,-100.0,-100.0,8.0,0.0,0.0,30.0,8.78,9.756,9.756,-16.0,0.0,-0.0,30.0,23.299,23.299,23.299,-8.0,1.0,0.285,31.0
64.4818,1,fwd,90.0,11.8,65.663,90.0,68.751,-220.0,83.0,1.641,34.0,-100.0,-100.0,-100.0,-8.0,0.0,-1.055,31.0,-99.573,-100.0,-100.0,24.0,0.0,0.0,30.0,-87.867,-88.0,-88.0,8.0,0.0,0.0,31.0,-99.931,-100.0,-100.0,8.0,0.0,0.0,30.0,8.78,9.756,9.756,-16.0,0.0,-0.0,30.0,23.299,23.299,23.299,-8.0,1.0,0.14,31.0
64.5339,1,fwd,90.0,11.8,66.022,90.0,68.989,-260.0,120.0,2.96,34.0,-100.0,-100.0,-100.0,0.0,0.0,-0.739,31.0,-99.573,-100.0,-100.0,24.0,0.0,0.0,30.0,-87.867,-88.0,-88.0,8.0,0.0,0.0,31.0,-99.931,-100.0,-100.0,8.0,0.0,0.0,30.0,8.78,9.756,9.756,-16.0,0.0,-0.0,30.0,23.093,23.299,23.299,0.0,0.0,-0.941,31.0
64.5858,1,fwd,90.0,11.8,66.292,90.0,69.202,-260.0,120.0,3.871,34.0,-100.0,-100.0,-100.0,0.0,0.0,-0.362,31.0,-99.573,-100.0,-100.0,24.0,0.0,0.0,30.0,-87.867,-88.0,-88.0,8.0,0.0,0.0,31.0,-99.931,-100.0,-100.0,8.0,0.0,0.0,30.0,8.78,9.756,9.756,-16.0,0.0,-0.0,30.0,23.093,23.299,23.299,0.0,0.0,-0.461,31.0
64.6378,1,fwd,90.0,11.8,66.562,90.0,69.415,-260.0,120.0,4.914,34.0,-100.0,-100.0,-100.0,0.0,0.0,-0.177,31.0,-99.573,-100.0,-100.0,24.0,0.0,0.0,30.0,-87.867,-88.0,-88.0,8.0,0.0,0.0,31.0,-99.931,-100.0,-100.0,8.0,0.0,0.0,30.0,8.78,9.756,9.756,-16.0,0.0,-0.0,30.0,23.299,23.299,23.299,0.0,0.0,1.407,31.0
64.6917,1,fwd,90.0,11.8,66.921,90.0,69.629,-260.0,120.0,5.533,34.0,-100.0,-100.0,-100.0,0.0,0.0,-0.087,31.0,-99.573,-100.0,-100.0,24.0,0.0,0.0,30.0,-87.867,-88.0,-88.0,8.0,0.0,0.0,31.0,-99.931,-100.0,-100.0,8.0,0.0,0.0,30.0,8.78,9.756,9.756,-16.0,0.0,-0.0,30.0,23.299,23.299,23.299,0.0,0.0,0.69,31.0
64.7439,1,fwd,90.0,11.8,67.101,90.0,69.844,-260.0,120.0,4.42,34.0,-99.82,-100.0,-100.0,0.0,0.0,1.974,31.0,-99.573,-100.0,-100.0,24.0,0.0,0.0,30.0,-87.867,-88.0,-88.0,8.0,0.0,0.0,31.0,-99.931,-100.0,-100.0,8.0,0.0,0.0,30.0,8.78,9.756,9.756,-16.0,0.0,-0.0,30.0,23.299,23.299,23.299,0.0,0.0,0.338,31.0
64.7972,1,fwd,90.0,11.8,67.101,90.0,70.057,-260.0,120.0,2.166,34.0,-100.0,-100.0,-100.0,0.0,0.0,-1.04,31.0,-99.573,-100.0,-100.0,24.0,0.0,0.0,30.0,-87.867,-88.0,-88.0,8.0,0.0,0.0,31.0,-99.931,-100.0,-100.0,8.0,0.0,0.0,30.0,8.78,9.756,9.756,-16.0,0.0,-0.0,30.0,23.299,23.299,23.299,0.0,0.0,0.166,31.0
64.8507,1,fwd,90.0,11.8,67.101,90.0,70.272,-260.0,120.0,1.061,34.0,-100.0,-100.0,-100.0,0.0,0.0,-0.51,31.0,-99.573,-100.0,-100.0,24.0,0.0,0.0,30.0,-87.867,-88.0,-88.0,8.0,0.0,0.0,31.0,-99.931,-100.0,-100.0,8.0,0.0,0.0,30.0,8.78,9.756,9.756,-16.0,0.0,-0.0,30.0,23.299,23.299,23.299,0.0,0.0,0.081,31.0
64.9027,1,fwd,90.0,11.8,67.371,90.0,70.488,-260.0,120.0,3.209,34.0,-100.0,-100.0,-100.0,0.0,0.0,-0.25,31.0,-99.573,-100.0,-100.0,24.0,0.0,0.0,30.0,-87.867,-88.0,-88.0,8.0,0.0,0.0,31.0,-99.931,-100.0,-100.0,8.0,0.0,0.0,30.0,8.78,9.756,9.756,-16.0,0.0,-0.0,30.0,23.299,23.299,23.299,0.0,0.0,0.04,31.0
64.9563,1,fwd,90.0,11.8,67.64,90.0,70.706,-260.0,120.0,3.963,34.0,-100.0,-100.0,-100.0,0.0,0.0,-0.122,31.0,-99.573,-100.0,-100.0,24.0,0.0,0.0,30.0,-87.867,-88.0,-88.0,8.0,0.0,0.0,31.0,-99.931,-100.0,-100.0,8.0,0.0,0.0,30.0,8.78,9.756,9.756,-16.0,0.0,-0.0,30.0,23.093,23.299,23.299,0.0,0.0,-1.567,31.0
65.0096,1,fwd,90.0,11.8,67.91,90.0,70.919,-260.0,120.0,4.689,34.0,-100.0,-100.0,-100.0,0.0,0.0,-0.06,31.0,-99.573,-100.0,-100.0,24.0,0.0,0.0,30.0,-87.867,-88.0,-88.0,8.0,0.0,0.0,31.0,-99.931,-100.0,-100.0,8.0,0.0,0.0,30.0,8.78,9.756,9.756,-16.0,0.0,-0.0,30.0,23.093,23.299,23.299,0.0,0.0,-0.768,31.0
65.0625,1,fwd,90.0,11.7,68.18,90.0,71.025,-212.0,78.0,6.279,34.0,-100.0,-100.0,-100.0,0.0,0.0,-0.042,31.0,-99.573,-100.0,-100.0,24.0,1.0,0.0,30.0,-87.867,-88.0,-88.0,8.0,0.0,0.0,31.0,-99.931,-100.0,-100.0,8.0,0.0,0.0,30.0,8.78,9.756,9.756,-16.0,1.0,-0.0,31.0,23.299,23.299,23.299,0.0,0.0,1.754,31.0
65.1149,1,fwd,90.0,11.7,68.539,90.0,71.36,-212.0,78.0,4.406,34.0,-100.0,-100.0,-100.0,0.0,0.0,-1.366,31.0,-99.573,-100.0,-100.0,24.0,1.0,0.0,30.0,-87.867,-88.0,-88.0,8.0,0.0,0.0,31.0,-99.931,-100.0,-100.0,8.0,0.0,0.0,30.0,8.78,9.756,9.756,-16.0,1.0,-0.0,31.0,23.299,23.299,23.299,0.0,0.0,0.859,31.0
65.1681,1,fwd,90.0,11.7,68.719,90.0,71.575,-212.0,78.0,4.153,34.0,-100.0,-100.0,-100.0,0.0,0.0,-0.669,31.0,-99.573,-100.0,-100.0,24.0,1.0,0.0,30.0,-87.867,-88.0,-88.0,8.0,0.0,0.0,31.0,-99.931,-100.0,-100.0,8.0,0.0,0.0,30.0,8.78,9.756,9.756,-16.0,1.0,-0.0,31.0,23.299,23.299,23.299,0.0,0.0,0.421,31.0
65.2214,1,fwd,90.0,11.7,68.899,90.0,71.79,-212.0,78.0,3.746,34.0,-100.0,-100.0,-100.0,0.0,0.0,-0.328,31.0,-99.573,-100.0,-100.0,24.0,1.0,0.0,30.0,-87.867,-88.0,-88.0,8.0,0.0,0.0,31.0,-99.931,-100.0,-100.0,8.0,0.0,0.0,30.0,8.78,9.756,9.756,-16.0,1.0,-0.0,31.0,23.299,23.299,23.299,0.0,0.0,0.206,31.0
65.2745,1,fwd,90.0,11.7,68.989,90.0,72.005,-212.0,78.0,3.613,34.0,-100.0,-100.0,-100.0,0.0,0.0,-0.23,31.0,-99.573,-100.0,-100.0,24.0,1.0,0.0,30.0,-87.867,-88.0,-88.0,8.0,0.0,0.0,31.0,-99.931,-100.0,-100.0,8.0,0.0,0.0,30.0,8.78,9.756,9.756,-16.0,1.0,-0.0,31.0,23.299,23.299,23.299,0.0,0.0,0.144,31.0
65.3271,1,fwd,90.0,11.7,69.169,90.0,72.235,-212.0,78.0,3.033,34.0,-99.82,-100.0,-100.0,0.0,0.0,1.869,31.0,-99.573,-100.0,-100.0,24.0,1.0,0.0,30.0,-87.867,-88.0,-88.0,8.0,0.0,0.0,31.0,-99.931,-100.0,-100.0,8.0,0.0,0.0,30.0,8.78,9.756,9.756,-16.0,1.0,-0.0,31.0,23.093,23.299,23.299,0.0,0.0,-2.197,31.0
65.3804,1,fwd,90.0,11.7,69.438,90.0,72.454,-212.0,78.0,4.552,34.0,-100.0,-100.0,-100.0,0.0,0.0,-1.132,31.0,-99.573,-100.0,-100.0,24.0,1.0,0.0,30.0,-87.867,-88.0,-88.0,8.0,0.0,0.0,31.0,-99.931,-100.0,-100.0,8.0,0.0,0.0,30.0,8.78,9.756,9.756,-16.0,1.0,-0.0,31.0,23.093,23.299,23.299,0.0,0.0,-1.077,31.0
65.4337,1,fwd,90.0,11.7,69.888,90.0,72.56,-212.0,78.0,6.343,34.0,-100.0,-100.0,-100.0,0.0,0.0,-0.555,31.0,-99.573,-100.0,-100.0,24.0,1.0,0.0,30.0,-87.867,-88.0,-88.0,8.0,0.0,0.0,31.0,-99.931,-100.0,-100.0,8.0,0.0,0.0,30.0,8.78,9.756,9.756,-16.0,1.0,-0.0,31.0,23.299,23.299,23.299,0.0,0.0,1.092,31.0
65.4878,1,fwd,90.0,11.7,69.978,90.0,72.789,-212.0,78.0,4.109,34.0,-99.82,-100.0,-100.0,0.0,0.0,1.735,31.0,-99.573,-100.0,-100.0,24.0,1.0,0.0,30.0,-87.867,-88.0,-88.0,8.0,0.0,0.0,31.0,-99.931,-100.0,-100.0,8.0,0.0,0.0,30.0,8.78,9.756,9.756,-16.0,1.0,-0.0,31.0,23.299,23.299,23.299,0.0,0.0,0.535,31.0
65.5411,1,fwd,90.0,11.7,69.978,90.0,73.004,-212.0,78.0,2.014,34.0,-99.82,-100.0,-100.0,0.0,0.0,0.85,31.0,-99.573,-100.0,-100.0,24.0,1.0,0.0,30.0,-87.867,-88.0,-88.0,8.0,0.0,0.0,31.0,-99.931,-100.0,-100.0,8.0,0.0,0.0,30.0,8.78,9.756,9.756,-16.0,1.0,-0.0,31.0,23.299,23.299,23.299,0.0,0.0,0.262,31.0
65.5944,1,fwd,90.0,11.7,70.067,90.0,73.215,-212.0,78.0,1.98,34.0,-100.0,-100.0,-100.0,0.0,0.0,-1.574,31.0,-99.573,-100.0,-100.0,24.0,1.0,0.0,30.0,-87.867,-88.0,-88.0,8.0,0.0,0.0,31.0,-99.931,-100.0,-100.0,8.0,0.0,0.0,30.0,8.78,9.756,9.756,-16.0,1.0,-0.0,31.0,23.299,23.299,23.299,0.0,0.0,0.129,31.0
65.6476,1,fwd,90.0,11.8,70.247,90.0,73.324,-248.0,100.0,3.403,34.0,-100.0,-100.0,-100.0,0.0,0.0,-1.102,31.0,-99.573,-100.0,-100.0,24.0,1.0,0.0,30.0,-87.867,-88.0,-88.0,8.0,0.0,0.0,31.0,-99.931,-100.0,-100.0,8.0,0.0,0.0,30.0,8.78,9.756,9.756,-16.0,0.0,-0.0,31.0,23.299,23.299,23.299,0.0,0.0,0.09,31.0
65.7015,1,fwd,90.0,11.8,70.607,90.0,73.658,-248.0,100.0,2.997,34.0,-99.82,-100.0,-100.0,0.0,0.0,1.466,31.0,-99.573,-100.0,-100.0,24.0,1.0,0.0,30.0,-87.867,-88.0,-88.0,8.0,0.0,0.0,31.0,-99.931,-100.0,-100.0,8.0,0.0,0.0,30.0,8.78,9.756,9.756,-16.0,0.0,-0.0,31.0,23.093,23.299,23.299,0.0,0.0,-0.718,31.0
65.7547,1,fwd,90.0,11.8,71.056,90.0,73.872,-248.0,100.0,6.223,34.0,-99.82,-100.0,-100.0,0.0,0.0,0.718,31.0,-99.573,-100.0,-100.0,24.0,1.0,0.0,30.0,-87.867,-88.0,-88.0,8.0,0.0,0.0,31.0,-99.931,-100.0,-100.0,8.0,0.0,0.0,30.0,8.78,9.756,9.756,-16.0,0.0,-0.0,31.0,23.299,23.299,23.299,0.0,0.0,1.967,31.0
65.8081,1,fwd,90.0,11.8,71.416,90.0,74.087,-248.0,100.0,6.131,34.0,-99.82,-100.0,-100.0,0.0,0.0,0.352,31.0,-99.573,-100.0,-100.0,24.0,1.0,0.0,30.0,-87.867,-88.0,-88.0,8.0,0.0,0.0,31.0,-99.931,-100.0,-100.0,8.0,0.0,0.0,30.0,8.78,9.756,9.756,-16.0,0.0,-0.0,31.0,23.299,23.299,23.299,0.0,0.0,0.964,31.0
65.8603,1,fwd,90.0,11.8,71.416,90.0,74.304,-248.0,100.0,3.004,34.0,-99.82,-100.0,-100.0,0.0,0.0,0.172,31.0,-99.573,-100.0,-100.0,24.0,1.0,0.0,30.0,-87.867,-88.0,-88.0,8.0,0.0,0.0,31.0,-99.931,-100.0,-100.0,8.0,0.0,0.0,30.0,8.78,9.756,9.756,-16.0,0.0,-0.0,31.0,23.299,23.299,23.299,0.0,0.0,0.472,31.0
65.9132,1,fwd,90.0,11.8,71.685,90.0,74.522,-248.0,100.0,4.474,34.0,-100.0,-100.0,-100.0,0.0,0.0,-1.921,31.0,-99.573,-100.0,-100.0,24.0,1.0,0.0,30.0,-87.867,-88.0,-88.0,8.0,0.0,0.0,31.0,-99.931,-100.0,-100.0,8.0,0.0,0.0,30.0,8.78,9.756,9.756,-16.0,0.0,-0.0,31.0,23.299,23.299,23.299,0.0,0.0,0.231,31.0
65.9656,1,fwd,90.0,11.8,71.775,90.0,74.736,-248.0,100.0,3.185,34.0,-100.0,-100.0,-100.0,0.0,0.0,-0.941,31.0,-99.573,-100.0,-100.0,24.0,1.0,0.0,30.0,-87.867,-88.0,-88.0,8.0,0.0,0.0,31.0,-99.931,-100.0,-100.0,8.0,0.0,0.0,30.0,8.78,9.756,9.756,-16.0,0.0,-0.0,31.0,23.299,23.299,23.299,0.0,0.0,0.113,31.0
66.018,1,fwd,90.0,11.8,72.045,90.0,74.954,-248.0,100.0,4.265,34.0,-99.82,-100.0,-100.0,0.0,0.0,1.555,31.0,-99.573,-100.0,-100.0,24.0,1.0,0.0,30.0,-87.867,-88.0,-88.0,8.0,0.0,0.0,31.0,-99.931,-100.0,-100.0,8.0,0.0,0.0,30.0,8.78,9.756,9.756,-16.0,0.0,-0.0,31.0,23.299,23.299,23.299,0.0,0.0,0.056,31.0
66.0711,1,fwd,90.0,11.8,72.045,90.0,75.168,-248.0,100.0,2.09,34.0,-99.82,-100.0,-100.0,0.0,0.0,0.762,31.0,-99.431,-100.0,-100.0,24.0,1.0,1.605,30.0,-87.867,-88.0,-88.0,8.0,0.0,0.0,31.0,-99.931,-100.0,-100.0,8.0,0.0,0.0,30.0,8.78,9.756,9.756,-16.0,0.0,-0.0,31.0,23.299,23.299,23.299,0.0,0.0,0.027,31.0
66.1242,1,fwd,90.0,11.8,72.494,90.0,75.381,-248.0,100.0,5.129,34.0,-99.82,-100.0,-100.0,0.0,0.0,0.373,31.0,-99.431,-100.0,-100.0,24.0,1.0,0.787,30.0,-87.867,-88.0,-88.0,8.0,0.0,0.0,31.0,-99.931,-100.0,-100.0,8.0,0.0,0.0,30.0,8.78,9.756,9.756,-16.0,0.0,-0.0,31.0,23.093,23.299,23.299,0.0,0.0,-1.619,31.0
66.1777,1,fwd,90.0,11.8,72.764,90.0,75.598,-248.0,100.0,4.91,34.0,-99.82,-100.0,-100.0,0.0,0.0,0.183,31.0,-99.431,-100.0,-100.0,24.0,1.0,0.385,30.0,-87.867,-88.0,-88.0,8.0,0.0,0.0,31.0,-99.931,-100.0,-100.0,8.0,0.0,0.0,30.0,8.78,9.756,9.756,-16.0,0.0,-0.0,31.0,23.299,23.299,23.299,0.0,0.0,0.81,31.0
66.2312,1,fwd,90.0,11.8,72.764,90.0,75.834,-220.0,87.0,4.91,34.0,-99.82,-100.0,-100.0,8.0,0.0,0.183,31.0,-99.431,-100.0,-100.0,32.0,2.0,0.385,30.0,-87.867,-88.0,-88.0,8.0,0.0,0.0,31.0,-99.931,-100.0,-100.0,8.0,0.0,0.0,30.0,8.78,9.756,9.756,-16.0,0.0,-0.0,31.0,23.299,23.299,23.299,0.0,0.0,0.81,31.0
66.284,1,fwd,90.0,11.8,72.854,90.0,76.059,-220.0,87.0,2.711,34.0,-99.82,-100.0,-100.0,8.0,0.0,0.09,31.0,-99.431,-100.0,-100.0,32.0,2.0,0.189,30.0,-87.867,-88.0,-88.0,8.0,0.0,0.0,31.0,-99.931,-100.0,-100.0,8.0,0.0,0.0,30.0,8.78,9.756,9.756,-16.0,0.0,-0.0,31.0,23.299,23.299,23.299,0.0,0.0,0.397,31.0
66.3376,1,fwd,90.0,11.8,72.854,90.0,76.282,-220.0,87.0,1.328,34.0,-99.82,-100.0,-100.0,8.0,0.0,0.044,31.0,-99.431,-100.0,-100.0,32.0,2.0,0.093,30.0,-87.867,-88.0,-88.0,8.0,0.0,0.0,31.0,-99.931,-100.0,-100.0,8.0,0.0,0.0,30.0,8.78,9.756,9.756,-16.0,0.0,-0.0,31.0,23.299,23.299,23.299,0.0,0.0,0.194,31.0
66.3899,1,fwd,90.0,11.8,73.303,90.0,76.389,-220.0,87.0,4.786,34.0,-99.82,-100.0,-100.0,8.0,0.0,0.022,31.0,-99.431,-100.0,-100.0,32.0,2.0,0.045,30.0,-87.867,-88.0,-88.0,8.0,0.0,0.0,31.0,-99.931,-100.0,-100.0,8.0,0.0,0.0,30.0,8.78,9.756,9.756,-16.0,0.0,-0.0,31.0,23.299,23.299,23.299,0.0,0.0,0.095,31.0
66.4432,1,fwd,90.0,11.8,73.483,90.0,76.612,-220.0,87.0,3.643,34.0,-99.82,-100.0,-100.0,8.0,0.0,0.011,31.0,-99.431,-100.0,-100.0,32.0,2.0,0.022,30.0,-87.867,-88.0,-88.0,8.0,0.0,0.0,31.0,-99.931,-100.0,-100.0,8.0,0.0,0.0,30.0,8.78,9.756,9.756,-16.0,0.0,-0.0,31.0,23.299,23.299,23.299,0.0,0.0,0.047,31.0
66.4956,1,fwd,90.0,11.8,73.753,90.0,76.826,-220.0,87.0,4.475,34.0,-99.82,-100.0,-100.0,8.0,0.0,0.005,31.0,-99.431,-100.0,-100.0,32.0,2.0,0.011,30.0,-87.867,-88.0,-88.0,8.0,0.0,0.0,31.0,-99.931,-100.0,-100.0,8.0,0.0,0.0,30.0,8.78,9.756,9.756,-16.0,0.0,-0.0,31.0,23.299,23.299,23.299,0.0,0.0,0.023,31.0
66.5482,1,fwd,90.0,11.8,74.292,90.0,77.041,-220.0,87.0,7.368,34.0,-99.82,-100.0,-100.0,8.0,0.0,0.003,31.0,-99.431,-100.0,-100.0,32.0,2.0,0.005,30.0,-87.867,-88.0,-88.0,8.0,0.0,0.0,31.0,-99.931,-100.0,-100.0,8.0,0.0,0.0,30.0,8.78,9.756,9.756,-16.0,0.0,-0.0,31.0,23.093,23.299,23.299,0.0,0.0,-2.324,31.0
66.6014,1,fwd,90.0,11.8,74.292,90.0,77.256,-220.0,87.0,3.61,34.0,-99.82,-100.0,-100.0,8.0,0.0,0.001,31.0,-99.431,-100.0,-100.0,32.0,2.0,0.003,30.0,-87.867,-88.0,-88.0,8.0,0.0,0.0,31.0,-99.931,-100.0,-100.0,8.0,0.0,0.0,30.0,8.78,9.756,9.756,-16.0,0.0,-0.0,31.0,23.299,23.299,23.299,0.0,0.0,1.173,31.0
66.6547,1,fwd,90.0,11.8,74.292,90.0,77.469,-220.0,87.0,1.769,34.0,-99.82,-100.0,-100.0,8.0,0.0,0.001,31.0,-99.431,-100.0,-100.0,32.0,2.0,0.001,30.0,-87.867,-88.0,-88.0,8.0,0.0,0.0,31.0,-99.931,-100.0,-100.0,8.0,0.0,0.0,30.0,8.78,9.756,9.756,-16.0,0.0,-0.0,31.0,23.299,23.299,23.299,0.0,0.0,0.575,31.0
66.7085,1,fwd,90.0,11.8,74.562,90.0,77.683,-220.0,87.0,3.575,34.0,-99.82,-100.0,-100.0,8.0,0.0,0.0,31.0,-99.431,-100.0,-100.0,32.0,2.0,0.001,30.0,-87.867,-88.0,-88.0,8.0,0.0,0.0,31.0,-99.931,-100.0,-100.0,8.0,0.0,0.0,30.0,8.78,9.756,9.756,-16.0,0.0,-0.0,31.0,23.299,23.299,23.299,0.0,0.0,0.282,31.0
66.7609,1,fwd,90.0,11.8,74.562,90.0,77.897,-220.0,87.0,1.752,34.0,-99.82,-100.0,-100.0,8.0,0.0,0.0,31.0,-99.431,-100.0,-100.0,32.0,2.0,0.0,30.0,-87.867,-88.0,-88.0,8.0,0.0,0.0,31.0,-99.931,-100.0,-100.0,8.0,0.0,0.0,30.0,8.78,9.756,9.756,-16.0,0.0,-0.0,31.0,23.299,23.299,23.299,0.0,0.0,0.138,31.0
66.8141,1,fwd,90.0,11.7,75.011,90.0,78.13,-272.0,131.0,3.537,34.0,-99.82,-100.0,-100.0,8.0,0.0,0.0,31.0,-99.431,-100.0,-100.0,32.0,2.0,0.0,30.0,-87.867,-88.0,-88.0,8.0,0.0,0.0,31.0,-99.931,-100.0,-100.0,8.0,0.0,0.0,30.0,8.78,9.756,9.756,-16.0,0.0,-0.0,31.0,23.299,23.299,23.299,0.0,0.0,0.097,31.0
66.8671,1,fwd,90.0,11.7,75.101,90.0,78.345,-272.0,131.0,2.73,34.0,-99.82,-100.0,-100.0,8.0,0.0,0.0,31.0,-99.431,-100.0,-100.0,32.0,2.0,0.0,30.0,-87.867,-88.0,-88.0,8.0,0.0,0.0,31.0,-99.931,-100.0,-100.0,8.0,0.0,0.0,30.0,8.78,9.756,9.756,-16.0,0.0,-0.0,31.0,23.299,23.299,23.299,0.0,0.0,0.047,31.0
66.9205,1,fwd,90.0,11.7,75.73,90.0,78.564,-272.0,131.0,7.056,34.0,-99.82,-100.0,-100.0,8.0,0.0,0.0,31.0,-99.431,-100.0,-100.0,32.0,2.0,0.0,30.0,-87.867,-88.0,-88.0,8.0,0.0,0.0,31.0,-99.931,-100.0,-100.0,8.0,0.0,0.0,30.0,8.78,9.756,9.756,-16.0,0.0,-0.0,31.0,23.093,23.299,23.299,0.0,0.0,-2.243,31.0
66.9728,1,fwd,90.0,11.7,75.73,90.0,78.778,-272.0,131.0,3.457,34.0,-99.82,-100.0,-100.0,8.0,0.0,0.0,31.0,-99.431,-100.0,-100.0,32.0,2.0,0.0,30.0,-87.867,-88.0,-88.0,8.0,0.0,0.0,31.0,-99.931,-100.0,-100.0,8.0,0.0,0.0,30.0,8.78,9.756,9.756,-16.0,0.0,-0.0,31.0,23.299,23.299,23.299,0.0,0.0,1.218,31.0
67.025,1,fwd,90.0,11.7,75.82,90.0,78.994,-272.0,131.0,2.399,34.0,-99.82,-100.0,-100.0,8.0,0.0,0.0,31.0,-99.431,-100.0,-100.0,32.0,2.0,0.0,30.0,-87.867,-88.0,-88.0,8.0,0.0,0.0,31.0,-99.931,-100.0,-100.0,8.0,0.0,0.0,30.0,8.78,9.756,9.756,-16.0,0.0,-0.0,31.0,23.299,23.299,23.299,0.0,0.0,0.597,31.0
67.0782,1,fwd,90.0,11.7,76.0,90.0,79.209,-272.0,131.0,3.186,34.0,-99.82,-100.0,-100.0,8.0,0.0,0.0,31.0,-99.431,-100.0,-100.0,32.0,2.0,0.0,30.0,-87.867,-88.0,-88.0,8.0,0.0,0.0,31.0,-99.931,-100.0,-100.0,8.0,0.0,0.0,30.0,8.78,9.756,9.756,-16.0,0.0,-0.0,31.0,23.299,23.299,23.299,0.0,0.0,0.292,31.0
67.1309,1,fwd,90.0,11.7,76.27,90.0,79.423,-272.0,131.0,4.002,34.0,-99.82,-100.0,-100.0,8.0,0.0,0.0,31.0,-99.431,-100.0,-100.0,32.0,2.0,0.0,30.0,-87.733,-88.0,-88.0,8.0,0.0,1.055,31.0,-99.931,-100.0,-100.0,8.0,0.0,0.0,30.0,8.78,9.756,9.756,-16.0,0.0,-0.0,31.0,23.299,23.299,23.299,0.0,0.0,0.143,31.0
67.1837,1,fwd,90.0,11.7,76.449,90.0,79.635,-272.0,131.0,3.682,34.0,-99.82,-100.0,-100.0,8.0,0.0,0.0,31.0,-99.431,-100.0,-100.0,32.0,2.0,0.0,30.0,-87.733,-88.0,-88.0,8.0,0.0,0.517,31.0,-99.931,-100.0,-100.0,8.0,0.0,0.0,30.0,8.78,9.756,9.756,-16.0,0.0,-0.0,31.0,23.299,23.299,23.299,0.0,0.0,0.07,31.0
67.2366,1,fwd,90.0,11.7,76.899,90.0,79.848,-272.0,131.0,6.533,34.0,-99.82,-100.0,-100.0,8.0,0.0,0.0,31.0,-99.431,-100.0,-100.0,32.0,2.0,0.0,30.0,-87.733,-88.0,-88.0,8.0,0.0,0.253,31.0,-99.931,-100.0,-100.0,8.0,0.0,0.0,30.0,8.78,9.756,9.756,-16.0,0.0,-0.0,31.0,23.093,23.299,23.299,0.0,0.0,-1.595,31.0
67.2889,1,fwd,90.0,11.7,77.169,90.0,80.062,-272.0,131.0,5.937,34.0,-99.82,-100.0,-100.0,8.0,0.0,0.0,31.0,-99.431,-100.0,-100.0,32.0,2.0,0.0,30.0,-87.733,-88.0,-88.0,8.0,0.0,0.124,31.0,-99.931,-100.0,-100.0,8.0,0.0,0.0,30.0,8.78,9.756,9.756,-16.0,0.0,-0.0,31.0,23.299,23.299,23.299,0.0,0.0,0.837,31.0
67.3418,1,fwd,90.0,11.7,77.169,90.0,80.169,-272.0,131.0,4.156,34.0,-99.82,-100.0,-100.0,8.0,0.0,0.0,31.0,-99.431,-100.0,-100.0,32.0,2.0,0.0,30.0,-87.733,-88.0,-88.0,8.0,0.0,0.087,31.0,-99.931,-100.0,-100.0,8.0,0.0,0.0,30.0,8.78,9.756,9.756,-16.0,0.0,-0.0,31.0,23.299,23.299,23.299,0.0,0.0,0.586,31.0
67.3939,1,fwd,90.0,11.7,77.169,90.0,80.41,-248.0,109.0,2.909,34.0,-99.82,-100.0,-100.0,8.0,0.0,0.0,31.0,-99.431,-100.0,-100.0,32.0,2.0,0.0,30.0,-87.733,-88.0,-88.0,16.0,0.0,0.061,31.0,-99.931,-100.0,-100.0,8.0,0.0,0.0,30.0,8.78,9.756,9.756,-16.0,1.0,-0.0,31.0,23.299,23.299,23.299,0.0,0.0,0.41,31.0
67.4474,1,fwd,90.0,11.7,77.348,90.0,80.628,-248.0,109.0,3.436,34.0,-99.82,-100.0,-100.0,8.0,0.0,0.0,31.0,-99.431,-100.0,-100.0,32.0,2.0,0.0,30.0,-87.733,-88.0,-88.0,16.0,0.0,0.03,31.0,-99.931,-100.0,-100.0,8.0,0.0,0.0,30.0,8.78,9.756,9.756,-16.0,1.0,-0.0,31.0,23.299,23.299,23.299,0.0,0.0,0.201,31.0
67.5017,1,fwd,90.0,11.7,77.798,90.0,80.844,-248.0,109.0,6.101,34.0,-99.82,-100.0,-100.0,8.0,0.0,0.0,31.0,-99.431,-100.0,-100.0,32.0,2.0,0.0,30.0,-87.733,-88.0,-88.0,16.0,0.0,0.015,31.0,-99.931,-100.0,-100.0,8.0,0.0,0.0,30.0,8.78,9.756,9.756,-16.0,1.0,-0.0,31.0,23.299,23.299,23.299,0.0,0.0,0.098,31.0
67.5546,1,fwd,90.0,11.7,77.888,90.0,81.057,-248.0,109.0,4.008,34.0,-99.82,-100.0,-100.0,8.0,0.0,0.0,31.0,-99.431,-100.0,-100.0,32.0,2.0,0.0,30.0,-87.733,-88.0,-88.0,16.0,0.0,0.007,31.0,-99.931,-100.0,-100.0,8.0,0.0,0.0,30.0,8.78,9.756,9.756,-16.0,1.0,-0.0,31.0,23.093,23.299,23.299,0.0,0.0,-1.581,31.0
67.6077,1,fwd,90.0,11.7,78.427,90.0,81.27,-248.0,109.0,7.409,34.0,-99.82,-100.0,-100.0,8.0,0.0,0.0,31.0,-99.431,-100.0,-100.0,32.0,2.0,0.0,30.0,-87.733,-88.0,-88.0,16.0,0.0,0.004,31.0,-99.931,-100.0,-100.0,8.0,0.0,0.0,30.0,8.78,9.756,9.756,-16.0,1.0,-0.0,31.0,23.299,23.299,23.299,0.0,0.0,1.542,31.0
67.6607,1,fwd,90.0,11.7,78.697,90.0,81.485,-248.0,109.0,6.052,34.0,-99.82,-100.0,-100.0,8.0,0.0,0.0,31.0,-99.431,-100.0,-100.0,32.0,2.0,0.0,30.0,-87.733,-88.0,-88.0,16.0,0.0,0.002,31.0,-99.931,-100.0,-100.0,8.0,0.0,0.0,30.0,8.78,9.756,9.756,-16.0,1.0,-0.0,31.0,23.299,23.299,23.299,0.0,0.0,0.756,31.0
67.7136,1,fwd,90.0,11.7,78.697,90.0,81.697,-248.0,109.0,2.965,34.0,-99.82,-100.0,-100.0,8.0,0.0,0.0,31.0,-99.431,-100.0,-100.0,32.0,2.0,0.0,30.0,-87.733,-88.0,-88.0,16.0,0.0,0.001,31.0,-99.931,-100.0,-100.0,8.0,0.0,0.0,30.0,8.78,9.756,9.756,-16.0,1.0,-0.0,31.0,23.299,23.299,23.299,0.0,0.0,0.37,31.0
67.7663,1,fwd,90.0,11.7,78.697,90.0,81.91,-248.0,109.0,1.453,34.0,-99.82,-100.0,-100.0,8.0,0.0,0.0,31.0,-99.431,-100.0,-100.0,32.0,2.0,0.0,30.0,-87.733,-88.0,-88.0,16.0,0.0,0.0,31.0,-99.931,-100.0,-100.0,8.0,0.0,0.0,30.0,8.78,9.756,9.756,-16.0,1.0,-0.0,31.0,23.299,23.299,23.299,0.0,0.0,0.181,31.0
67.8186,1,fwd,90.0,11.7,78.966,90.0,82.125,-248.0,109.0,3.708,34.0,-99.82,-100.0,-100.0,8.0,0.0,0.0,31.0,-99.431,-100.0,-100.0,32.0,2.0,0.0,30.0,-87.733,-88.0,-88.0,16.0,0.0,0.0,31.0,-99.931,-100.0,-100.0,8.0,0.0,0.0,30.0,8.78,9.756,9.756,-16.0,1.0,-0.0,31.0,23.299,23.299,23.299,0.0,0.0,0.089,31.0
67.8714,1,fwd,90.0,11.7,79.236,90.0,82.339,-248.0,109.0,4.531,34.0,-99.82,-100.0,-100.0,8.0,0.0,0.0,31.0,-99.431,-100.0,-100.0,32.0,2.0,0.0,30.0,-87.733,-88.0,-88.0,16.0,0.0,0.0,31.0,-99.931,-100.0,-100.0,8.0,0.0,0.0,30.0,8.78,9.756,9.756,-16.0,1.0,-0.0,31.0,23.299,23.299,23.299,0.0,0.0,0.044,31.0
67.9247,1,fwd,90.0,11.7,79.326,90.0,82.447,-256.0,116.0,4.18,34.0,-99.82,-100.0,-100.0,8.0,0.0,0.0,31.0,-99.431,-100.0,-100.0,32.0,2.0,0.0,30.0,-87.733,-88.0,-88.0,16.0,0.0,0.0,31.0,-99.931,-100.0,-100.0,8.0,0.0,0.0,30.0,8.78,9.756,9.756,-16.0,0.0,-0.0,31.0,23.299,23.299,23.299,0.0,0.0,0.03,31.0
67.977,1,fwd,90.0,11.7,79.865,90.0,82.784,-256.0,116.0,6.006,34.0,-99.82,-100.0,-100.0,8.0,0.0,0.0,31.0,-99.431,-100.0,-100.0,32.0,2.0,0.0,30.0,-87.733,-88.0,-88.0,16.0,0.0,0.0,31.0,-99.931,-100.0,-100.0,8.0,0.0,0.0,30.0,8.78,9.756,9.756,-16.0,0.0,-0.0,31.0,23.299,23.299,23.299,0.0,0.0,0.015,31.0
68.0304,1,fwd,90.0,11.7,80.135,90.0,82.999,-256.0,116.0,5.05,34.0,-99.82,-100.0,-100.0,8.0,0.0,0.0,31.0,-99.431,-100.0,-100.0,32.0,2.0,0.0,30.0,-87.733,-88.0,-88.0,16.0,0.0,0.0,31.0,-99.931,-100.0,-100.0,8.0,0.0,0.0,30.0,8.78,9.756,9.756,-16.0,0.0,-0.0,31.0,23.299,23.299,23.299,0.0,0.0,0.007,31.0
68.0828,1,fwd,90.0,11.7,80.135,90.0,83.214,-256.0,116.0,2.475,34.0,-99.82,-100.0,-100.0,8.0,0.0,0.0,31.0,-99.431,-100.0,-100.0,32.0,2.0,0.0,30.0,-87.733,-88.0,-88.0,16.0,0.0,0.0,31.0,-99.931,-100.0,-100.0,8.0,0.0,0.0,30.0,8.78,9.756,9.756,-16.0,0.0,-0.0,31.0,23.299,23.299,23.299,0.0,0.0,0.004,31.0
68.1362,1,fwd,90.0,11.7,80.404,90.0,83.429,-256.0,116.0,4.25,34.0,-99.82,-100.0,-100.0,8.0,0.0,0.0,31.0,-99.431,-100.0,-100.0,32.0,2.0,0.0,30.0,-87.733,-88.0,-88.0,16.0,0.0,0.0,31.0,-99.931,-100.0,-100.0,8.0,0.0,0.0,30.0,8.78,9.756,9.756,-16.0,0.0,-0.0,31.0,23.299,23.299,23.299,0.0,0.0,0.002,31.0
68.1893,1,fwd,90.0,11.7,80.674,90.0,83.642,-256.0,116.0,4.813,34.0,-99.82,-100.0,-100.0,8.0,0.0,0.0,31.0,-99.431,-100.0,-100.0,32.0,2.0,0.0,30.0,-87.733,-88.0,-88.0,16.0,0.0,0.0,31.0,-99.931,-100.0,-100.0,8.0,0.0,0.0,30.0,8.78,9.756,9.756,-16.0,0.0,-0.0,31.0,23.093,23.299,23.299,0.0,0.0,-2.315,31.0
68.2424,1,fwd,90.0,11.7,80.764,90.0,83.855,-256.0,116.0,3.069,34.0,-99.82,-100.0,-100.0,8.0,0.0,0.0,31.0,-99.431,-100.0,-100.0,32.0,2.0,0.0,30.0,-87.733,-88.0,-88.0,16.0,0.0,0.0,31.0,-99.931,-100.0,-100.0,8.0,0.0,0.0,30.0,8.78,9.756,9.756,-16.0,0.0,-0.0,31.0,23.093,23.299,23.299,0.0,0.0,-1.134,31.0
68.2958,1,fwd,90.0,11.7,81.124,90.0,84.07,-256.0,116.0,5.208,34.0,-99.82,-100.0,-100.0,8.0,0.0,0.0,31.0,-99.431,-100.0,-100.0,32.0,2.0,0.0,30.0,-87.733,-88.0,-88.0,16.0,0.0,0.0,31.0,-99.931,-100.0,-100.0,8.0,0.0,0.0,30.0,8.78,9.756,9.756,-16.0,0.0,-0.0,31.0,23.299,23.299,23.299,0.0,0.0,1.055,31.0
68.349,1,fwd,90.0,11.7,81.483,90.0,84.284,-256.0,116.0,5.981,34.0,-99.82,-100.0,-100.0,8.0,0.0,0.0,31.0,-99.431,-100.0,-100.0,32.0,2.0,0.0,30.0,-87.733,-88.0,-88.0,16.0,0.0,0.0,31.0,-99.931,-100.0,-100.0,8.0,0.0,0.0,30.0,8.78,9.756,9.756,-16.0,0.0,-0.0,31.0,23.299,23.299,23.299,0.0,0.0,0.517,31.0
68.4008,1,fwd,90.0,11.7,81.573,90.0,84.498,-256.0,116.0,3.634,34.0,-99.82,-100.0,-100.0,8.0,0.0,0.0,31.0,-99.431,-100.0,-100.0,32.0,2.0,0.0,30.0,-87.733,-88.0,-88.0,16.0,0.0,0.0,31.0,-99.931,-100.0,-100.0,8.0,0.0,0.0,30.0,8.78,9.756,9.756,-16.0,0.0,-0.0,31.0,23.299,23.299,23.299,0.0,0.0,0.253,31.0
68.4531,1,fwd,90.0,11.7,81.573,90.0,84.713,-256.0,116.0,1.781,34.0,-99.82,-100.0,-100.0,8.0,0.0,0.0,31.0,-99.431,-100.0,-100.0,32.0,2.0,0.0,30.0,-87.733,-88.0,-88.0,16.0,0.0,0.0,31.0,-99.931,-100.0,-100.0,8.0,0.0,0.0,30.0,8.78,9.756,9.756,-16.0,0.0,-0.0,31.0,23.299,23.299,23.299,0.0,0.0,0.124,31.0
68.5066,1,fwd,90.0,11.7,81.573,90.0,84.948,-256.0,115.0,1.781,34.0,-99.82,-100.0,-100.0,8.0,0.0,0.0,31.0,-99.431,-100.0,-100.0,32.0,1.0,0.0,30.0,-87.733,-88.0,-88.0,16.0,1.0,0.0,31.0,-99.931,-100.0,-100.0,8.0,0.0,0.0,30.0,8.78,9.756,9.756,-16.0,0.0,-0.0,31.0,23.299,23.299,23.299,0.0,0.0,0.124,31.0
68.5606,1,fwd,90.0,11.7,81.573,90.0,85.067,-256.0,115.0,0.873,34.0,-99.82,-100.0,-100.0,8.0,0.0,0.0,31.0,-99.431,-100.0,-100.0,32.0,1.0,0.0,30.0,-87.733,-88.0,-88.0,16.0,1.0,0.0,31.0,-99.931,-100.0,-100.0,8.0,0.0,0.0,30.0,8.78,9.756,9.756,-16.0,0.0,-0.0,31.0,23.299,23.299,23.299,0.0,0.0,0.061,31.0
68.6145,1,fwd,90.0,11.7,82.022,90.0,85.295,-256.0,115.0,4.692,34.0,-99.82,-100.0,-100.0,8.0,0.0,0.0,31.0,-99.431,-100.0,-100.0,32.0,1.0,0.0,30.0,-87.733,-88.0,-88.0,16.0,1.0,0.0,31.0,-99.931,-100.0,-100.0,8.0,0.0,0.0,30.0,8.78,9.756,9.756,-16.0,0.0,-0.0,31.0,23.299,23.299,23.299,0.0,0.0,0.03,31.0
68.6669,1,fwd,90.0,11.7,82.292,90.0,85.512,-256.0,115.0,4.368,34.0,-99.82,-100.0,-100.0,8.0,0.0,0.0,31.0,-99.431,-100.0,-100.0,32.0,1.0,0.0,30.0,-87.733,-88.0,-88.0,16.0,1.0,0.0,31.0,-99.931,-100.0,-100.0,8.0,0.0,0.0,30.0,8.78,9.756,9.756,-16.0,0.0,-0.0,31.0,23.299,23.299,23.299,0.0,0.0,0.015,31.0
68.7206,1,fwd,90.0,11.7,82.742,90.0,85.724,-256.0,115.0,7.23,34.0,-99.82,-100.0,-100.0,8.0,0.0,0.0,31.0,-99.431,-100.0,-100.0,32.0,1.0,0.0,30.0,-87.733,-88.0,-88.0,16.0,1.0,0.0,31.0,-99.931,-100.0,-100.0,8.0,0.0,0.0,30.0,8.78,9.756,9.756,-16.0,0.0,-0.0,31.0,23.299,23.299,23.299,0.0,0.0,0.007,31.0
68.7734,1,fwd,90.0,11.7,83.011,90.0,85.936,-256.0,115.0,5.974,34.0,-99.82,-100.0,-100.0,8.0,0.0,0.0,31.0,-99.431,-100.0,-100.0,32.0,1.0,0.0,30.0,-87.733,-88.0,-88.0,16.0,1.0,0.0,31.0,-99.931,-100.0,-100.0,8.0,0.0,0.0,30.0,8.78,9.756,9.756,-16.0,0.0,-0.0,31.0,23.093,23.299,23.299,0.0,0.0,-1.623,31.0
68.8266,1,fwd,90.0,11.7,83.191,90.0,86.149,-256.0,115.0,4.95,34.0,-99.82,-100.0,-100.0,8.0,0.0,0.0,31.0,-99.431,-100.0,-100.0,32.0,1.0,0.0,30.0,-87.733,-88.0,-88.0,16.0,1.0,0.0,31.0,-99.931,-100.0,-100.0,8.0,0.0,0.0,30.0,8.78,9.756,9.756,-16.0,0.0,-0.0,31.0,23.299,23.299,23.299,0.0,0.0,0.832,31.0
68.8801,1,fwd,90.0,11.7,83.461,90.0,86.362,-256.0,115.0,4.859,34.0,-99.82,-100.0,-100.0,8.0,0.0,0.0,31.0,-99.431,-100.0,-100.0,32.0,1.0,0.0,30.0,-87.733,-88.0,-88.0,16.0,1.0,0.0,31.0,-99.931,-100.0,-100.0,8.0,0.0,0.0,30.0,8.78,9.756,9.756,-16.0,0.0,-0.0,31.0,23.299,23.299,23.299,0.0,0.0,0.407,31.0
68.9336,1,fwd,90.0,11.7,83.64,90.0,86.575,-256.0,115.0,4.106,34.0,-99.82,-100.0,-100.0,8.0,0.0,0.0,31.0,-99.431,-100.0,-100.0,32.0,1.0,0.0,30.0,-87.733,-88.0,-88.0,16.0,1.0,0.0,31.0,-99.931,-100.0,-100.0,8.0,0.0,0.0,30.0,8.78,9.756,9.756,-16.0,0.0,-0.0,31.0,23.299,23.299,23.299,0.0,0.0,0.2,31.0
68.9858,1,fwd,90.0,11.7,83.73,90.0,86.789,-256.0,115.0,3.029,34.0,-99.82,-100.0,-100.0,8.0,0.0,0.0,31.0,-99.431,-100.0,-100.0,32.0,1.0,0.0,30.0,-87.733,-88.0,-88.0,16.0,1.0,0.0,31.0,-99.931,-100.0,-100.0,8.0,0.0,0.0,30.0,8.78,9.756,9.756,-16.0,0.0,-0.0,31.0,23.299,23.299,23.299,0.0,0.0,0.098,31.0
69.0379,1,fwd,90.0,11.7,84.0,90.0,87.002,-256.0,115.0,4.479,34.0,-99.82,-100.0,-100.0,8.0,0.0,0.0,31.0,-99.431,-100.0,-100.0,32.0,1.0,0.0,30.0,-87.733,-88.0,-88.0,16.0,1.0,0.0,31.0,-99.931,-100.0,-100.0,8.0,0.0,0.0,30.0,8.78,9.756,9.756,-16.0,0.0,-0.0,31.0,23.299,23.299,23.299,0.0,0.0,0.048,31.0
69.0903,1,fwd,90.0,11.8,84.27,90.0,87.239,-236.0,98.0,4.505,34.0,-99.82,-100.0,-100.0,8.0,0.0,0.0,31.0,-99.431,-100.0,-100.0,32.0,2.0,0.0,30.0,-87.733,-88.0,-88.0,16.0,0.0,0.0,31.0,-99.931,-100.0,-100.0,8.0,0.0,0.0,30.0,8.78,9.756,9.756,-16.0,0.0,-0.0,31.0,23.299,23.299,23.299,0.0,0.0,0.034,31.0
69.1438,1,fwd,90.0,11.8,84.449,90.0,87.456,-236.0,98.0,3.6,34.0,-99.64,-100.0,-100.0,8.0,0.0,1.981,31.0,-99.431,-100.0,-100.0,32.0,2.0,0.0,30.0,-87.733,-88.0,-88.0,16.0,0.0,0.0,31.0,-99.931,-100.0,-100.0,8.0,0.0,0.0,30.0,8.78,9.756,9.756,-16.0,0.0,-0.0,31.0,23.299,23.299,23.299,0.0,0.0,0.016,31.0
69.1975,1,fwd,90.0,11.8,84.539,90.0,87.672,-236.0,98.0,2.461,34.0,-99.64,-100.0,-100.0,8.0,0.0,0.97,31.0,-99.431,-100.0,-100.0,32.0,2.0,0.0,30.0,-87.733,-88.0,-88.0,16.0,0.0,0.0,31.0,-99.931,-100.0,-100.0,8.0,0.0,0.0,30.0,8.78,9.756,9.756,-16.0,0.0,-0.0,31.0,23.299,23.299,23.299,0.0,0.0,0.008,31.0
69.2512,1,fwd,90.0,11.8,84.899,90.0,87.886,-236.0,98.0,4.956,34.0,-99.64,-100.0,-100.0,8.0,0.0,0.476,31.0,-99.431,-100.0,-100.0,32.0,2.0,0.0,30.0,-87.733,-88.0,-88.0,16.0,0.0,0.0,31.0,-99.931,-100.0,-100.0,8.0,0.0,0.0,30.0,8.78,9.756,9.756,-16.0,0.0,-0.0,31.0,23.299,23.299,23.299,0.0,0.0,0.004,31.0
69.3042,1,fwd,90.0,11.8,85.169,90.0,88.1,-236.0,98.0,4.538,34.0,-99.64,-100.0,-100.0,8.0,0.0,0.233,31.0,-99.431,-100.0,-100.0,32.0,2.0,0.0,30.0,-87.733,-88.0,-88.0,16.0,0.0,0.0,31.0,-99.931,-100.0,-100.0,8.0,0.0,0.0,30.0,8.78,9.756,9.756,-16.0,0.0,-0.0,31.0,23.299,23.299,23.299,0.0,0.0,0.002,31.0
69.3576,1,fwd,90.0,11.8,85.348,90.0,88.315,-236.0,98.0,4.235,34.0,-99.64,-100.0,-100.0,8.0,0.0,0.114,31.0,-99.431,-100.0,-100.0,32.0,2.0,0.0,30.0,-87.733,-88.0,-88.0,16.0,0.0,0.0,31.0,-99.931,-100.0,-100.0,8.0,0.0,0.0,30.0,8.78,9.756,9.756,-16.0,0.0,-0.0,31.0,23.093,23.299,23.299,0.0,0.0,-2.306,31.0
69.4099,1,fwd,90.0,11.8,85.888,90.0,88.53,-236.0,98.0,7.23,34.0,-99.64,-100.0,-100.0,8.0,0.0,0.056,31.0,-99.431,-100.0,-100.0,32.0,2.0,0.0,30.0,-87.733,-88.0,-88.0,16.0,0.0,0.0,31.0,-99.931,-100.0,-100.0,8.0,0.0,0.0,30.0,8.78,9.756,9.756,-16.0,0.0,-0.0,31.0,23.299,23.299,23.299,0.0,0.0,1.201,31.0
69.4632,1,fwd,90.0,11.8,85.978,90.0,88.743,-236.0,98.0,4.538,34.0,-99.64,-100.0,-100.0,8.0,0.0,0.027,31.0,-99.431,-100.0,-100.0,32.0,2.0,0.0,30.0,-87.733,-88.0,-88.0,16.0,0.0,0.0,31.0,-99.931,-100.0,-100.0,8.0,0.0,0.0,30.0,8.78,9.756,9.756,-16.0,0.0,-0.0,31.0,23.299,23.299,23.299,0.0,0.0,0.588,31.0
69.5162,1,fwd,90.0,11.8,85.978,90.0,88.958,-236.0,98.0,2.224,34.0,-99.64,-100.0,-100.0,8.0,0.0,0.013,31.0,-99.431,-100.0,-100.0,32.0,2.0,0.0,30.0,-87.733,-88.0,-88.0,16.0,0.0,0.0,31.0,-99.931,-100.0,-100.0,8.0,0.0,0.0,30.0,8.78,9.756,9.756,-16.0,0.0,-0.0,31.0,23.299,23.299,23.299,0.0,0.0,0.288,31.0
69.5693,1,fwd,90.0,11.8,86.067,90.0,89.175,-236.0,98.0,2.084,34.0,-99.64,-100.0,-100.0,8.0,0.0,0.007,31.0,-99.431,-100.0,-100.0,32.0,2.0,0.0,30.0,-87.733,-88.0,-88.0,16.0,0.0,0.0,31.0,-99.931,-100.0,-100.0,8.0,0.0,0.0,30.0,8.78,9.756,9.756,-16.0,0.0,-0.0,31.0,23.299,23.299,23.299,0.0,0.0,0.141,31.0
69.6226,1,fwd,90.0,11.8,86.427,90.0,89.282,-236.0,98.0,5.472,34.0,-99.64,-100.0,-100.0,8.0,0.0,0.005,31.0,-99.431,-100.0,-100.0,32.0,2.0,0.0,30.0,-87.733,-88.0,-88.0,16.0,0.0,0.0,31.0,-99.931,-100.0,-100.0,8.0,0.0,0.0,30.0,8.78,9.756,9.756,-16.0,0.0,-0.0,31.0,23.299,23.299,23.299,0.0,0.0,0.099,31.0
69.6761,1,fwd,90.0,11.8,86.607,90.0,89.63,-220.0,84.0,4.727,34.0,-99.64,-100.0,-100.0,16.0,0.0,0.003,31.0,-99.431,-100.0,-100.0,32.0,2.0,0.0,30.0,-87.733,-88.0,-88.0,16.0,0.0,0.0,31.0,-99.931,-100.0,-100.0,8.0,0.0,0.0,30.0,8.78,9.756,9.756,-16.0,0.0,-0.0,31.0,23.299,23.299,23.299,0.0,0.0,0.069,31.0
69.7304,1,fwd,90.0,11.8,86.787,90.0,89.853,-220.0,84.0,4.348,34.0,-99.64,-100.0,-100.0,16.0,0.0,0.002,31.0,-99.431,-100.0,-100.0,32.0,2.0,0.0,30.0,-87.733,-88.0,-88.0,16.0,0.0,0.0,31.0,-99.931,-100.0,-100.0,8.0,0.0,0.0,30.0,8.78,9.756,9.756,-16.0,0.0,-0.0,31.0,23.299,23.299,23.299,0.0,0.0,0.034,31.0
69.7837,1,hold_end,90.0,11.8,87.236,90.0,90.0,-220.0,84.0,6.25,34.0,-99.64,-100.0,-100.0,16.0,0.0,0.001,31.0,-99.431,-100.0,-100.0,32.0,2.0,0.0,30.0,-87.733,-88.0,-88.0,16.0,0.0,0.0,31.0,-99.931,-100.0,-100.0,8.0,0.0,0.0,30.0,8.78,9.756,9.756,-16.0,0.0,-0.0,31.0,23.299,23.299,23.299,0.0,0.0,0.017,31.0
69.8359,1,hold_end,90.0,11.8,87.416,90.0,90.0,-220.0,84.0,4.346,34.0,-99.64,-100.0,-100.0,16.0,0.0,0.0,31.0,-99.431,-100.0,-100.0,32.0,2.0,0.0,30.0,-87.733,-88.0,-88.0,16.0,0.0,0.0,31.0,-99.931,-100.0,-100.0,8.0,0.0,0.0,30.0,8.78,9.756,9.756,-16.0,0.0,-0.0,31.0,23.299,23.299,23.299,0.0,0.0,0.008,31.0
69.8881,1,hold_end,90.0,11.8,87.416,90.0,90.0,-220.0,84.0,2.13,34.0,-99.64,-100.0,-100.0,16.0,0.0,0.0,31.0,-99.431,-100.0,-100.0,32.0,2.0,0.0,30.0,-87.733,-88.0,-88.0,16.0,0.0,0.0,31.0,-99.931,-100.0,-100.0,8.0,0.0,0.0,30.0,8.78,9.756,9.756,-16.0,0.0,-0.0,31.0,23.299,23.299,23.299,0.0,0.0,0.004,31.0
69.941,1,hold_end,90.0,11.8,87.416,90.0,90.0,-220.0,84.0,1.044,34.0,-99.64,-100.0,-100.0,16.0,0.0,0.0,31.0,-99.431,-100.0,-100.0,32.0,2.0,0.0,30.0,-87.733,-88.0,-88.0,16.0,0.0,0.0,31.0,-99.931,-100.0,-100.0,8.0,0.0,0.0,30.0,8.78,9.756,9.756,-16.0,0.0,-0.0,31.0,23.299,23.299,23.299,0.0,0.0,0.002,31.0
69.9941,1,hold_end,90.0,11.8,87.416,90.0,90.0,-220.0,84.0,0.511,34.0,-99.64,-100.0,-100.0,16.0,0.0,0.0,31.0,-99.431,-100.0,-100.0,32.0,2.0,0.0,30.0,-87.733,-88.0,-88.0,16.0,0.0,0.0,31.0,-99.931,-100.0,-100.0,8.0,0.0,0.0,30.0,8.78,9.756,9.756,-16.0,0.0,-0.0,31.0,23.299,23.299,23.299,0.0,0.0,0.001,31.0
70.0473,1,hold_end,90.0,11.8,87.416,90.0,90.0,-220.0,84.0,0.251,34.0,-99.64,-100.0,-100.0,16.0,0.0,0.0,31.0,-99.431,-100.0,-100.0,32.0,2.0,0.0,30.0,-87.733,-88.0,-88.0,16.0,0.0,0.0,31.0,-99.931,-100.0,-100.0,8.0,0.0,0.0,30.0,8.78,9.756,9.756,-16.0,0.0,-0.0,31.0,23.299,23.299,23.299,0.0,0.0,0.0,31.0
70.0996,1,hold_end,90.0,11.8,87.416,90.0,90.0,-220.0,84.0,0.123,34.0,-99.64,-100.0,-100.0,16.0,0.0,0.0,31.0,-99.431,-100.0,-100.0,32.0,2.0,0.0,30.0,-87.733,-88.0,-88.0,16.0,0.0,0.0,31.0,-99.931,-100.0,-100.0,8.0,0.0,0.0,30.0,8.78,9.756,9.756,-16.0,0.0,-0.0,31.0,23.299,23.299,23.299,0.0,0.0,0.0,31.0
70.152,1,hold_end,90.0,11.8,87.416,90.0,90.0,-220.0,84.0,0.06,34.0,-99.64,-100.0,-100.0,16.0,0.0,0.0,31.0,-99.431,-100.0,-100.0,32.0,2.0,0.0,30.0,-87.733,-88.0,-88.0,16.0,0.0,0.0,31.0,-99.931,-100.0,-100.0,8.0,0.0,0.0,30.0,8.78,9.756,9.756,-16.0,0.0,-0.0,31.0,23.299,23.299,23.299,0.0,0.0,0.0,31.0
70.205,1,hold_end,90.0,11.7,87.416,90.0,90.0,-216.0,82.0,0.042,34.0,-99.64,-100.0,-100.0,16.0,0.0,0.0,31.0,-99.431,-100.0,-100.0,32.0,2.0,0.0,30.0,-87.733,-88.0,-88.0,16.0,0.0,0.0,31.0,-99.931,-100.0,-100.0,8.0,0.0,0.0,30.0,8.78,9.756,9.756,-16.0,0.0,-0.0,31.0,23.299,23.299,23.299,0.0,0.0,0.0,31.0
70.2582,1,hold_end,90.0,11.7,87.416,90.0,90.0,-216.0,82.0,0.021,34.0,-99.64,-100.0,-100.0,16.0,0.0,0.0,31.0,-99.431,-100.0,-100.0,32.0,2.0,0.0,30.0,-87.733,-88.0,-88.0,16.0,0.0,0.0,31.0,-99.931,-100.0,-100.0,8.0,0.0,0.0,30.0,8.78,9.756,9.756,-16.0,0.0,-0.0,31.0,23.299,23.299,23.299,0.0,0.0,0.0,31.0
70.3114,1,hold_end,90.0,11.7,87.416,90.0,90.0,-216.0,82.0,0.01,34.0,-99.64,-100.0,-100.0,16.0,0.0,0.0,31.0,-99.431,-100.0,-100.0,32.0,2.0,0.0,30.0,-87.733,-88.0,-88.0,16.0,0.0,0.0,31.0,-99.931,-100.0,-100.0,8.0,0.0,0.0,30.0,8.78,9.756,9.756,-16.0,0.0,-0.0,31.0,23.299,23.299,23.299,0.0,0.0,0.0,31.0
70.3643,1,hold_end,90.0,11.7,87.416,90.0,90.0,-216.0,82.0,0.005,34.0,-99.64,-100.0,-100.0,16.0,0.0,0.0,31.0,-99.431,-100.0,-100.0,32.0,2.0,0.0,30.0,-87.733,-88.0,-88.0,16.0,0.0,0.0,31.0,-99.931,-100.0,-100.0,8.0,0.0,0.0,30.0,8.78,9.756,9.756,-16.0,0.0,-0.0,31.0,23.299,23.299,23.299,0.0,0.0,0.0,31.0
70.4172,1,hold_end,90.0,11.7,87.416,90.0,90.0,-216.0,82.0,0.002,34.0,-99.64,-100.0,-100.0,16.0,0.0,0.0,31.0,-99.431,-100.0,-100.0,32.0,2.0,0.0,30.0,-87.733,-88.0,-88.0,16.0,0.0,0.0,31.0,-99.931,-100.0,-100.0,8.0,0.0,0.0,30.0,8.78,9.756,9.756,-16.0,0.0,-0.0,31.0,23.299,23.299,23.299,0.0,0.0,0.0,31.0
70.4704,1,hold_end,90.0,11.7,87.416,90.0,90.0,-216.0,82.0,0.001,34.0,-99.64,-100.0,-100.0,16.0,0.0,0.0,31.0,-99.431,-100.0,-100.0,32.0,2.0,0.0,30.0,-87.733,-88.0,-88.0,16.0,0.0,0.0,31.0,-99.931,-100.0,-100.0,8.0,0.0,0.0,30.0,8.78,9.756,9.756,-16.0,0.0,-0.0,31.0,23.299,23.299,23.299,0.0,0.0,0.0,31.0
70.5236,1,hold_end,90.0,11.7,87.416,90.0,90.0,-216.0,82.0,0.001,34.0,-99.64,-100.0,-100.0,16.0,0.0,0.0,31.0,-99.431,-100.0,-100.0,32.0,2.0,0.0,30.0,-87.733,-88.0,-88.0,16.0,0.0,0.0,31.0,-99.931,-100.0,-100.0,8.0,0.0,0.0,30.0,8.78,9.756,9.756,-16.0,0.0,-0.0,31.0,23.299,23.299,23.299,0.0,0.0,0.0,31.0
70.5766,1,hold_end,90.0,11.7,87.416,90.0,90.0,-216.0,82.0,0.0,34.0,-99.64,-100.0,-100.0,16.0,0.0,0.0,31.0,-99.431,-100.0,-100.0,32.0,2.0,0.0,30.0,-87.733,-88.0,-88.0,16.0,0.0,0.0,31.0,-99.931,-100.0,-100.0,8.0,0.0,0.0,30.0,8.78,9.756,9.756,-16.0,0.0,-0.0,31.0,23.299,23.299,23.299,0.0,0.0,0.0,31.0
70.6298,1,hold_end,90.0,11.7,87.416,90.0,90.0,-216.0,82.0,0.0,34.0,-99.64,-100.0,-100.0,16.0,0.0,0.0,31.0,-99.431,-100.0,-100.0,32.0,2.0,0.0,30.0,-87.733,-88.0,-88.0,16.0,0.0,0.0,31.0,-99.931,-100.0,-100.0,8.0,0.0,0.0,30.0,8.78,9.756,9.756,-16.0,0.0,-0.0,31.0,23.299,23.299,23.299,0.0,0.0,0.0,31.0
70.6827,1,hold_end,90.0,11.7,87.416,90.0,90.0,-216.0,82.0,0.0,34.0,-99.64,-100.0,-100.0,16.0,0.0,0.0,31.0,-99.431,-100.0,-100.0,32.0,2.0,0.0,30.0,-87.733,-88.0,-88.0,16.0,0.0,0.0,31.0,-99.931,-100.0,-100.0,8.0,0.0,0.0,30.0,8.78,9.756,9.756,-16.0,0.0,-0.0,31.0,23.299,23.299,23.299,0.0,0.0,0.0,31.0
70.7363,1,hold_end,90.0,11.7,87.416,90.0,90.0,-216.0,82.0,0.0,34.0,-99.64,-100.0,-100.0,16.0,0.0,0.0,31.0,-99.431,-100.0,-100.0,32.0,2.0,0.0,30.0,-87.733,-88.0,-88.0,16.0,0.0,0.0,31.0,-99.931,-100.0,-100.0,8.0,0.0,0.0,30.0,8.78,9.756,9.756,-16.0,0.0,-0.0,31.0,23.299,23.299,23.299,0.0,0.0,0.0,31.0
70.7896,1,rev,-90.0,11.7,87.416,90.0,90.0,-216.0,82.0,0.0,34.0,-99.64,-100.0,-100.0,16.0,0.0,0.0,31.0,-99.431,-100.0,-100.0,32.0,2.0,0.0,30.0,-87.733,-88.0,-88.0,16.0,0.0,0.0,31.0,-99.931,-100.0,-100.0,8.0,0.0,0.0,30.0,8.78,9.756,9.756,-16.0,1.0,-0.0,31.0,23.299,23.299,23.299,0.0,0.0,0.0,31.0
70.8428,1,rev,-90.0,11.7,87.416,-90.0,89.768,-216.0,82.0,0.0,34.0,-99.64,-100.0,-100.0,16.0,0.0,0.0,31.0,-99.431,-100.0,-100.0,32.0,2.0,0.0,30.0,-87.733,-88.0,-88.0,16.0,0.0,0.0,31.0,-99.931,-100.0,-100.0,8.0,0.0,0.0,30.0,8.78,9.756,9.756,-16.0,1.0,-0.0,31.0,23.299,23.299,23.299,0.0,0.0,0.0,31.0
70.8953,1,rev,-90.0,11.7,87.416,-90.0,89.658,-216.0,82.0,0.0,34.0,-99.64,-100.0,-100.0,16.0,0.0,0.0,31.0,-99.431,-100.0,-100.0,32.0,2.0,0.0,30.0,-87.733,-88.0,-88.0,16.0,0.0,0.0,31.0,-99.931,-100.0,-100.0,8.0,0.0,0.0,30.0,8.78,9.756,9.756,-16.0,1.0,-0.0,31.0,23.299,23.299,23.299,0.0,0.0,0.0,31.0
70.9484,1,rev,-90.0,11.7,87.416,-90.0,89.432,-216.0,82.0,0.0,34.0,-99.64,-100.0,-100.0,16.0,0.0,0.0,31.0,-99.431,-100.0,-100.0,32.0,2.0,0.0,30.0,-87.733,-88.0,-88.0,16.0,0.0,0.0,31.0,-99.931,-100.0,-100.0,8.0,0.0,0.0,30.0,8.78,9.756,9.756,-16.0,1.0,-0.0,31.0,23.299,23.299,23.299,0.0,0.0,0.0,31.0
71.0011,1,rev,-90.0,11.7,87.416,-90.0,89.216,-216.0,82.0,0.0,34.0,-99.64,-100.0,-100.0,16.0,0.0,0.0,31.0,-99.431,-100.0,-100.0,32.0,2.0,0.0,30.0,-87.733,-88.0,-88.0,16.0,0.0,0.0,31.0,-99.931,-100.0,-100.0,8.0,0.0,0.0,30.0,8.78,9.756,9.756,-16.0,1.0,-0.0,31.0,23.093,23.299,23.299,0.0,0.0,-2.311,31.0
71.0546,1,rev,-90.0,11.7,87.416,-90.0,89.002,-216.0,82.0,0.0,34.0,-99.64,-100.0,-100.0,16.0,0.0,0.0,31.0,-99.431,-100.0,-100.0,32.0,2.0,0.0,30.0,-87.733,-88.0,-88.0,16.0,0.0,0.0,31.0,-99.931,-100.0,-100.0,8.0,0.0,0.0,30.0,8.78,9.756,9.756,-16.0,1.0,-0.0,31.0,23.299,23.299,23.299,0.0,0.0,0.481,31.0
71.1081,1,rev,-90.0,11.7,87.326,-90.0,88.784,-216.0,82.0,-0.689,34.0,-99.64,-100.0,-100.0,16.0,0.0,0.0,31.0,-99.431,-100.0,-100.0,32.0,2.0,0.0,30.0,-87.733,-88.0,-88.0,16.0,0.0,0.0,31.0,-99.931,-100.0,-100.0,8.0,0.0,0.0,30.0,8.78,9.756,9.756,-16.0,1.0,-0.0,31.0,23.299,23.299,23.299,0.0,0.0,0.236,31.0
71.1613,1,rev,-90.0,11.7,87.326,-90.0,88.566,-216.0,82.0,-0.338,34.0,-99.64,-100.0,-100.0,16.0,0.0,0.0,31.0,-99.431,-100.0,-100.0,32.0,2.0,0.0,30.0,-87.733,-88.0,-88.0,16.0,0.0,0.0,31.0,-99.931,-100.0,-100.0,8.0,0.0,0.0,30.0,8.78,9.756,9.756,-16.0,1.0,-0.0,31.0,23.299,23.299,23.299,0.0,0.0,0.116,31.0
71.2142,1,rev,-90.0,11.7,87.146,-90.0,88.352,-216.0,82.0,-1.883,34.0,-99.64,-100.0,-100.0,16.0,0.0,0.0,31.0,-99.431,-100.0,-100.0,32.0,2.0,0.0,30.0,-87.733,-88.0,-88.0,16.0,0.0,0.0,31.0,-99.931,-100.0,-100.0,8.0,0.0,0.0,30.0,8.78,9.756,9.756,-16.0,1.0,-0.0,31.0,23.299,23.299,23.299,0.0,0.0,0.057,31.0
71.2673,1,rev,-90.0,11.7,86.966,-90.0,88.134,-216.0,82.0,-2.59,34.0,-99.64,-100.0,-100.0,16.0,0.0,0.0,31.0,-99.431,-100.0,-100.0,32.0,2.0,0.0,30.0,-87.733,-88.0,-88.0,16.0,0.0,0.0,31.0,-99.931,-100.0,-100.0,8.0,0.0,0.0,30.0,8.78,9.756,9.756,-16.0,1.0,-0.0,31.0,23.299,23.299,23.299,0.0,0.0,0.028,31.0
71.3205,1,rev,-90.0,11.7,86.607,-90.0,87.919,-216.0,82.0,-4.998,34.0,-99.64,-100.0,-100.0,16.0,0.0,0.0,31.0,-99.431,-100.0,-100.0,32.0,2.0,0.0,30.0,-87.733,-88.0,-88.0,16.0,0.0,0.0,31.0,-99.931,-100.0,-100.0,8.0,0.0,0.0,30.0,8.78,9.756,9.756,-16.0,1.0,-0.0,31.0,23.299,23.299,23.299,0.0,0.0,0.014,31.0
71.3729,1,rev,-90.0,11.9,86.607,-90.0,87.677,-100.0,20.0,-3.499,34.0,-99.64,-100.0,-100.0,16.0,0.0,0.0,31.0,-99.431,-100.0,-100.0,32.0,2.0,0.0,30.0,-87.733,-88.0,-88.0,16.0,0.0,0.0,31.0,-99.931,-100.0,-100.0,8.0,0.0,0.0,30.0,8.78,9.756,9.756,-16.0,1.0,-0.0,31.0,23.299,23.299,23.299,0.0,0.0,0.01,31.0
71.4261,1,rev,-90.0,11.9,86.337,-90.0,87.462,-100.0,20.0,-4.429,34.0,-99.64,-100.0,-100.0,16.0,0.0,0.0,31.0,-99.431,-100.0,-100.0,32.0,2.0,0.0,30.0,-87.733,-88.0,-88.0,16.0,0.0,0.0,31.0,-99.931,-100.0,-100.0,8.0,0.0,0.0,30.0,8.78,9.756,9.756,-16.0,1.0,-0.0,31.0,23.299,23.299,23.299,0.0,0.0,0.005,31.0
71.4793,1,rev,-90.0,11.9,85.978,-90.0,87.244,-100.0,20.0,-5.548,34.0,-99.64,-100.0,-100.0,16.0,0.0,0.0,31.0,-99.431,-100.0,-100.0,32.0,2.0,0.0,30.0,-87.733,-88.0,-88.0,16.0,0.0,0.0,31.0,-99.931,-100.0,-100.0,8.0,0.0,0.0,30.0,8.78,9.756,9.756,-16.0,1.0,-0.0,31.0,23.299,23.299,23.299,0.0,0.0,0.002,31.0
71.5319,1,rev,-90.0,11.9,85.978,-90.0,87.031,-100.0,20.0,-3.884,34.0,-99.64,-100.0,-100.0,16.0,0.0,0.0,31.0,-99.431,-100.0,-100.0,32.0,2.0,0.0,30.0,-87.733,-88.0,-88.0,16.0,0.0,0.0,31.0,-99.931,-100.0,-100.0,8.0,0.0,0.0,30.0,8.78,9.756,9.756,-16.0,1.0,-0.0,31.0,23.299,23.299,23.299,0.0,0.0,0.002,31.0
71.5843,1,rev,-90.0,11.9,85.708,-90.0,86.802,-100.0,20.0,-4.531,34.0,-99.64,-100.0,-100.0,16.0,0.0,0.0,31.0,-99.431,-100.0,-100.0,32.0,2.0,0.0,30.0,-87.733,-88.0,-88.0,16.0,0.0,0.0,31.0,-99.931,-100.0,-100.0,8.0,0.0,0.0,30.0,8.78,9.756,9.756,-16.0,1.0,-0.0,31.0,23.299,23.299,23.299,0.0,0.0,0.001,31.0
71.6371,1,rev,-90.0,11.9,85.438,-90.0,86.689,-100.0,20.0,-4.555,34.0,-99.64,-100.0,-100.0,16.0,0.0,0.0,31.0,-99.431,-100.0,-100.0,32.0,2.0,0.0,30.0,-87.733,-88.0,-88.0,16.0,0.0,0.0,31.0,-99.931,-100.0,-100.0,8.0,0.0,0.0,30.0,8.78,9.756,9.756,-16.0,1.0,-0.0,31.0,23.299,23.299,23.299,0.0,0.0,0.0,31.0
71.6907,1,rev,-90.0,11.9,85.169,-90.0,86.475,-100.0,20.0,-4.946,34.0,-99.64,-100.0,-100.0,16.0,0.0,0.0,31.0,-99.431,-100.0,-100.0,32.0,2.0,0.0,30.0,-87.733,-88.0,-88.0,16.0,0.0,0.0,31.0,-99.931,-100.0,-100.0,8.0,0.0,0.0,30.0,8.78,9.756,9.756,-16.0,1.0,-0.0,31.0,23.299,23.299,23.299,0.0,0.0,0.0,31.0
71.7451,1,rev,-90.0,11.9,85.079,-90.0,86.248,-100.0,20.0,-3.05,34.0,-99.64,-100.0,-100.0,16.0,0.0,0.0,31.0,-99.431,-100.0,-100.0,32.0,2.0,0.0,30.0,-87.733,-88.0,-88.0,16.0,0.0,0.0,31.0,-99.931,-100.0,-100.0,8.0,0.0,0.0,30.0,8.78,9.756,9.756,-16.0,1.0,-0.0,31.0,23.299,23.299,23.299,0.0,0.0,0.0,31.0
71.7981,1,rev,-90.0,11.9,84.899,-90.0,86.022,-100.0,20.0,-3.516,34.0,-99.64,-100.0,-100.0,16.0,0.0,0.0,31.0,-99.431,-100.0,-100.0,32.0,2.0,0.0,30.0,-87.733,-88.0,-88.0,16.0,0.0,0.0,31.0,-99.931,-100.0,-100.0,8.0,0.0,0.0,30.0,8.78,9.756,9.756,-16.0,1.0,-0.0,31.0,23.299,23.299,23.299,0.0,0.0,0.0,31.0
71.8499,1,rev,-90.0,11.9,84.719,-90.0,85.809,-100.0,20.0,-3.448,34.0,-99.64,-100.0,-100.0,16.0,0.0,0.0,31.0,-99.431,-100.0,-100.0,32.0,2.0,0.0,30.0,-87.733,-88.0,-88.0,16.0,0.0,0.0,31.0,-99.931,-100.0,-100.0,8.0,0.0,0.0,30.0,8.78,9.756,9.756,-16.0,1.0,-0.0,31.0,23.299,23.299,23.299,0.0,0.0,0.695,31.0
71.9031,1,rev,-90.0,11.9,84.449,-90.0,85.595,-100.0,20.0,-4.427,34.0,-99.64,-100.0,-100.0,16.0,0.0,0.0,31.0,-99.431,-100.0,-100.0,32.0,2.0,0.0,30.0,-87.733,-88.0,-88.0,16.0,0.0,0.0,31.0,-99.931,-100.0,-100.0,8.0,0.0,0.0,30.0,8.78,9.756,9.756,-16.0,1.0,-0.0,31.0,23.299,23.299,23.299,0.0,0.0,0.34,31.0
71.9564,1,rev,-90.0,11.9,84.36,-90.0,85.355,-84.0,14.0,-3.547,34.0,-99.64,-100.0,-100.0,16.0,0.0,0.0,31.0,-99.431,-100.0,-100.0,32.0,2.0,0.0,30.0,-87.733,-88.0,-88.0,16.0,0.0,0.0,31.0,-99.931,-100.0,-100.0,8.0,0.0,0.0,30.0,8.78,9.756,9.756,-16.0,0.0,-0.0,30.0,23.299,23.299,23.299,0.0,0.0,0.238,31.0
72.0096,1,rev,-90.0,11.9,84.0,-90.0,85.142,-84.0,14.0,-5.462,34.0,-99.64,-100.0,-100.0,16.0,0.0,0.0,31.0,-99.431,-100.0,-100.0,32.0,2.0,0.0,30.0,-87.733,-88.0,-88.0,16.0,0.0,0.0,31.0,-99.931,-100.0,-100.0,8.0,0.0,0.0,30.0,8.78,9.756,9.756,-16.0,0.0,-0.0,30.0,23.299,23.299,23.299,0.0,0.0,0.117,31.0
72.0628,1,rev,-90.0,11.9,83.73,-90.0,84.927,-84.0,14.0,-5.082,34.0,-99.64,-100.0,-100.0,16.0,0.0,0.0,31.0,-99.431,-100.0,-100.0,32.0,2.0,0.0,30.0,-87.733,-88.0,-88.0,16.0,0.0,0.0,31.0,-99.931,-100.0,-100.0,8.0,0.0,0.0,30.0,8.78,9.756,9.756,-16.0,0.0,-0.0,30.0,23.299,23.299,23.299,0.0,0.0,0.057,31.0
72.1164,1,rev,-90.0,11.9,83.64,-90.0,84.712,-84.0,14.0,-3.193,34.0,-99.64,-100.0,-100.0,16.0,0.0,0.0,31.0,-99.431,-100.0,-100.0,32.0,2.0,0.0,30.0,-87.733,-88.0,-88.0,16.0,0.0,0.0,31.0,-99.931,-100.0,-100.0,8.0,0.0,0.0,30.0,8.78,9.756,9.756,-16.0,0.0,-0.0,30.0,23.299,23.299,23.299,0.0,0.0,0.028,31.0
72.1693,1,rev,-90.0,11.9,83.461,-90.0,84.495,-84.0,14.0,-3.546,34.0,-99.64,-100.0,-100.0,16.0,0.0,0.0,31.0,-99.431,-100.0,-100.0,32.0,2.0,0.0,30.0,-87.733,-88.0,-88.0,16.0,0.0,0.0,31.0,-99.931,-100.0,-100.0,8.0,0.0,0.0,30.0,8.78,9.756,9.756,-16.0,0.0,-0.0,30.0,23.299,23.299,23.299,0.0,0.0,0.014,31.0
72.2224,1,rev,-90.0,11.9,83.101,-90.0,84.28,-84.0,14.0,-5.13,34.0,-99.64,-100.0,-100.0,16.0,0.0,0.0,31.0,-99.431,-100.0,-100.0,32.0,2.0,0.0,30.0,-87.733,-88.0,-88.0,16.0,0.0,0.0,31.0,-99.931,-100.0,-100.0,8.0,0.0,0.0,30.0,8.78,9.756,9.756,-16.0,0.0,-0.0,30.0,23.299,23.299,23.299,0.0,0.0,0.007,31.0
72.2752,1,rev,-90.0,11.9,83.011,-90.0,84.064,-84.0,14.0,-3.22,34.0,-99.64,-100.0,-100.0,16.0,0.0,0.0,31.0,-99.431,-100.0,-100.0,32.0,2.0,0.0,30.0,-87.733,-88.0,-88.0,16.0,0.0,0.0,31.0,-99.931,-100.0,-100.0,8.0,0.0,0.0,30.0,8.78,9.756,9.756,-16.0,0.0,-0.0,30.0,23.299,23.299,23.299,0.0,0.0,0.003,31.0
72.3284,1,rev,-90.0,11.9,82.652,-90.0,83.848,-84.0,14.0,-4.964,34.0,-99.82,-100.0,-100.0,16.0,0.0,-1.404,31.0,-99.431,-100.0,-100.0,32.0,2.0,0.0,30.0,-87.733,-88.0,-88.0,16.0,0.0,0.0,31.0,-99.931,-100.0,-100.0,8.0,0.0,0.0,30.0,8.78,9.756,9.756,-16.0,0.0,-0.0,30.0,23.299,23.299,23.299,0.0,0.0,0.002,31.0
72.3814,1,rev,-90.0,11.9,82.472,-90.0,83.633,-84.0,14.0,-5.504,34.0,-99.82,-100.0,-100.0,16.0,0.0,-0.983,31.0,-99.431,-100.0,-100.0,32.0,2.0,0.0,30.0,-87.733,-88.0,-88.0,16.0,0.0,0.0,31.0,-99.931,-100.0,-100.0,8.0,0.0,0.0,30.0,8.78,9.756,9.756,-16.0,0.0,-0.0,30.0,23.299,23.299,23.299,0.0,0.0,0.001,31.0
72.4339,1,rev,-90.0,11.9,82.382,-90.0,83.408,-84.0,14.0,-3.706,34.0,-99.82,-100.0,-100.0,16.0,0.0,-0.482,31.0,-99.431,-100.0,-100.0,32.0,2.0,0.0,30.0,-87.733,-88.0,-88.0,16.0,0.0,0.0,31.0,-99.931,-100.0,-100.0,8.0,0.0,0.0,30.0,8.78,9.756,9.756,-16.0,0.0,-0.0,30.0,23.299,23.299,23.299,0.0,0.0,0.001,31.0
72.4872,1,rev,-90.0,11.9,82.292,-90.0,83.291,-84.0,14.0,-2.47,34.0,-99.82,-100.0,-100.0,16.0,0.0,-0.236,31.0,-99.431,-100.0,-100.0,32.0,2.0,0.0,30.0,-87.733,-88.0,-88.0,16.0,0.0,0.0,31.0,-99.931,-100.0,-100.0,8.0,0.0,0.0,30.0,8.78,9.756,9.756,-16.0,0.0,-0.0,30.0,23.299,23.299,23.299,0.0,0.0,0.0,31.0
72.5408,1,rev,-90.0,11.9,82.202,-90.0,83.05,-92.0,14.0,-2.176,34.0,-99.82,-100.0,-100.0,8.0,0.0,-0.165,31.0,-99.431,-100.0,-100.0,32.0,2.0,0.0,30.0,-87.733,-88.0,-88.0,16.0,0.0,0.0,31.0,-99.931,-100.0,-100.0,8.0,0.0,0.0,30.0,8.78,9.756,9.756,-16.0,1.0,-0.0,31.0,23.299,23.299,23.299,0.0,0.0,0.0,31.0
72.5929,1,rev,-90.0,11.9,81.933,-90.0,82.833,-92.0,14.0,-4.093,34.0,-99.82,-100.0,-100.0,8.0,0.0,-0.081,31.0,-99.431,-100.0,-100.0,32.0,2.0,0.0,30.0,-87.733,-88.0,-88.0,16.0,0.0,0.0,31.0,-99.931,-100.0,-100.0,8.0,0.0,0.0,30.0,8.78,9.756,9.756,-16.0,1.0,-0.0,31.0,23.299,23.299,23.299,0.0,0.0,0.0,31.0
72.6466,1,rev,-90.0,11.9,81.573,-90.0,82.619,-92.0,14.0,-5.411,34.0,-99.82,-100.0,-100.0,8.0,0.0,-0.04,31.0,-99.431,-100.0,-100.0,32.0,2.0,0.0,30.0,-87.733,-88.0,-88.0,16.0,0.0,0.0,31.0,-99.931,-100.0,-100.0,8.0,0.0,0.0,30.0,8.78,9.756,9.756,-16.0,1.0,-0.0,31.0,23.299,23.299,23.299,0.0,0.0,0.0,31.0
72.6987,1,rev,-90.0,11.9,81.303,-90.0,82.404,-92.0,14.0,-5.386,34.0,-99.82,-100.0,-100.0,8.0,0.0,-0.019,31.0,-99.431,-100.0,-100.0,32.0,2.0,0.0,30.0,-87.733,-88.0,-88.0,16.0,0.0,0.0,31.0,-99.931,-100.0,-100.0,8.0,0.0,0.0,30.0,8.78,9.756,9.756,-16.0,1.0,-0.0,31.0,23.093,23.299,23.299,0.0,0.0,-2.325,31.0
72.7522,1,rev,-90.0,11.9,81.034,-90.0,82.19,-92.0,14.0,-5.33,34.0,-99.82,-100.0,-100.0,8.0,0.0,-0.01,31.0,-99.431,-100.0,-100.0,32.0,2.0,0.0,30.0,-87.733,-88.0,-88.0,16.0,0.0,0.0,31.0,-99.931,-100.0,-100.0,8.0,0.0,0.0,30.0,8.78,9.756,9.756,-16.0,1.0,-0.0,31.0,23.093,23.299,23.299,0.0,0.0,-1.139,31.0
72.805,1,rev,-90.0,11.9,80.764,-90.0,81.974,-92.0,14.0,-5.341,34.0,-99.82,-100.0,-100.0,8.0,0.0,-0.005,31.0,-99.431,-100.0,-100.0,32.0,2.0,0.0,30.0,-87.733,-88.0,-88.0,16.0,0.0,0.0,31.0,-99.931,-100.0,-100.0,8.0,0.0,0.0,30.0,8.78,9.756,9.756,-16.0,1.0,-0.0,31.0,23.299,23.299,23.299,0.0,0.0,1.043,31.0
72.8577,1,rev,-90.0,11.9,80.674,-90.0,81.761,-92.0,14.0,-3.616,34.0,-99.82,-100.0,-100.0,8.0,0.0,-0.002,31.0,-99.431,-100.0,-100.0,32.0,2.0,0.0,30.0,-87.733,-88.0,-88.0,16.0,0.0,0.0,31.0,-99.931,-100.0,-100.0,8.0,0.0,0.0,30.0,8.78,9.756,9.756,-16.0,1.0,-0.0,31.0,23.299,23.299,23.299,0.0,0.0,0.511,31.0
72.9105,1,rev,-90.0,11.9,80.494,-90.0,81.546,-92.0,14.0,-3.495,34.0,-99.82,-100.0,-100.0,8.0,0.0,-0.001,31.0,-99.431,-100.0,-100.0,32.0,2.0,0.0,30.0,-87.733,-88.0,-88.0,16.0,0.0,0.0,31.0,-99.931,-100.0,-100.0,8.0,0.0,0.0,30.0,8.78,9.756,9.756,-16.0,1.0,-0.0,31.0,23.299,23.299,23.299,0.0,0.0,0.25,31.0
72.9637,1,rev,-90.0,11.9,80.135,-90.0,81.333,-92.0,14.0,-5.163,34.0,-99.82,-100.0,-100.0,8.0,0.0,-0.001,31.0,-99.431,-100.0,-100.0,32.0,2.0,0.0,30.0,-87.733,-88.0,-88.0,16.0,0.0,0.0,31.0,-99.931,-100.0,-100.0,8.0,0.0,0.0,30.0,8.78,9.756,9.756,-16.0,1.0,-0.0,31.0,23.299,23.299,23.299,0.0,0.0,0.123,31.0
73.0159,1,rev,-90.0,11.9,80.135,-90.0,81.119,-92.0,14.0,-2.53,34.0,-99.82,-100.0,-100.0,8.0,0.0,-0.0,31.0,-99.431,-100.0,-100.0,32.0,2.0,0.0,30.0,-87.733,-88.0,-88.0,16.0,0.0,0.0,31.0,-99.931,-100.0,-100.0,8.0,0.0,0.0,30.0,8.78,9.756,9.756,-16.0,1.0,-0.0,31.0,23.299,23.299,23.299,0.0,0.0,0.06,31.0
73.0694,1,rev,-90.0,11.9,80.045,-90.0,81.008,-84.0,14.0,-2.756,34.0,-100.0,-100.0,-100.0,0.0,0.0,-1.975,31.0,-99.431,-100.0,-100.0,32.0,2.0,0.0,30.0,-87.733,-88.0,-88.0,16.0,0.0,0.0,31.0,-99.931,-100.0,-100.0,8.0,0.0,0.0,30.0,8.78,9.756,9.756,-16.0,0.0,-0.0,31.0,23.299,23.299,23.299,0.0,0.0,0.042,31.0
73.1225,1,rev,-90.0,11.9,79.596,-90.0,80.673,-84.0,14.0,-3.684,34.0,-100.0,-100.0,-100.0,0.0,0.0,-0.968,31.0,-99.431,-100.0,-100.0,32.0,2.0,0.0,30.0,-87.733,-88.0,-88.0,16.0,0.0,0.0,31.0,-99.931,-100.0,-100.0,8.0,0.0,0.0,30.0,8.78,9.756,9.756,-16.0,0.0,-0.0,31.0,23.093,23.299,23.299,0.0,0.0,-0.742,31.0
73.1758,1,rev,-90.0,11.9,79.416,-90.0,80.456,-84.0,14.0,-4.544,34.0,-100.0,-100.0,-100.0,0.0,0.0,-0.677,31.0,-99.431,-100.0,-100.0,32.0,2.0,0.0,30.0,-87.733,-88.0,-88.0,16.0,0.0,0.0,31.0,-99.931,-100.0,-100.0,8.0,0.0,0.0,30.0,8.78,9.756,9.756,-16.0,0.0,-0.0,31.0,23.299,23.299,23.299,0.0,0.0,1.734,31.0
73.2293,1,rev,-90.0,11.9,79.326,-90.0,80.226,-84.0,14.0,-2.855,34.0,-100.0,-100.0,-100.0,0.0,0.0,-0.332,31.0,-99.431,-100.0,-100.0,32.0,2.0,0.0,30.0,-87.733,-88.0,-88.0,16.0,0.0,0.0,31.0,-99.931,-100.0,-100.0,8.0,0.0,0.0,30.0,8.78,9.756,9.756,-16.0,0.0,-0.0,31.0,23.299,23.299,23.299,0.0,0.0,0.85,31.0
73.2827,1,rev,-90.0,11.9,79.146,-90.0,80.11,-84.0,14.0,-3.05,34.0,-100.0,-100.0,-100.0,0.0,0.0,-0.163,31.0,-99.431,-100.0,-100.0,32.0,2.0,0.0,30.0,-87.733,-88.0,-88.0,16.0,0.0,0.0,31.0,-99.931,-100.0,-100.0,8.0,0.0,0.0,30.0,8.78,9.756,9.756,-16.0,0.0,-0.0,31.0,23.299,23.299,23.299,0.0,0.0,0.416,31.0
73.3362,1,rev,-90.0,11.9,78.787,-90.0,79.884,-84.0,14.0,-4.792,34.0,-100.0,-100.0,-100.0,0.0,0.0,-0.08,31.0,-99.431,-100.0,-100.0,32.0,2.0,0.0,30.0,-87.733,-88.0,-88.0,16.0,0.0,0.0,31.0,-99.931,-100.0,-100.0,8.0,0.0,0.0,30.0,8.78,9.756,9.756,-16.0,0.0,-0.0,31.0,23.299,23.299,23.299,0.0,0.0,0.204,31.0
73.3884,1,rev,-90.0,11.9,78.607,-90.0,79.67,-84.0,14.0,-4.064,34.0,-100.0,-100.0,-100.0,0.0,0.0,-0.039,31.0,-99.431,-100.0,-100.0,32.0,2.0,0.0,30.0,-87.733,-88.0,-88.0,16.0,0.0,0.0,31.0,-99.931,-100.0,-100.0,8.0,0.0,0.0,30.0,8.78,9.756,9.756,-16.0,0.0,-0.0,31.0,23.299,23.299,23.299,0.0,0.0,0.1,31.0
73.4415,1,rev,-90.0,11.9,78.247,-90.0,79.457,-84.0,14.0,-5.709,34.0,-100.0,-100.0,-100.0,0.0,0.0,-0.019,31.0,-99.431,-100.0,-100.0,32.0,2.0,0.0,30.0,-87.733,-88.0,-88.0,16.0,0.0,0.0,31.0,-99.931,-100.0,-100.0,8.0,0.0,0.0,30.0,8.78,9.756,9.756,-16.0,0.0,-0.0,31.0,23.299,23.299,23.299,0.0,0.0,0.049,31.0
73.4936,1,rev,-90.0,11.9,77.978,-90.0,79.244,-84.0,14.0,-5.547,34.0,-100.0,-100.0,-100.0,0.0,0.0,-0.009,31.0,-99.431,-100.0,-100.0,32.0,2.0,0.0,30.0,-87.733,-88.0,-88.0,16.0,0.0,0.0,31.0,-99.931,-100.0,-100.0,8.0,0.0,0.0,30.0,8.78,9.756,9.756,-16.0,0.0,-0.0,31.0,23.299,23.299,23.299,0.0,0.0,0.024,31.0
73.5461,1,rev,-90.0,11.9,77.888,-90.0,79.03,-84.0,14.0,-3.417,34.0,-100.0,-100.0,-100.0,0.0,0.0,-0.005,31.0,-99.431,-100.0,-100.0,32.0,2.0,0.0,30.0,-87.733,-88.0,-88.0,16.0,0.0,0.0,31.0,-99.931,-100.0,-100.0,8.0,0.0,0.0,30.0,8.78,9.756,9.756,-16.0,0.0,-0.0,31.0,23.093,23.299,23.299,0.0,0.0,-1.591,31.0
73.5992,1,rev,-90.0,11.9,77.708,-90.0,78.814,-84.0,14.0,-3.378,34.0,-100.0,-100.0,-100.0,0.0,0.0,-0.002,31.0,-99.431,-100.0,-100.0,32.0,2.0,0.0,30.0,-87.733,-88.0,-88.0,16.0,0.0,0.0,31.0,-99.931,-100.0,-100.0,8.0,0.0,0.0,30.0,8.78,9.756,9.756,-16.0,0.0,-0.0,31.0,23.299,23.299,23.299,0.0,0.0,1.506,31.0
73.6525,1,rev,-90.0,11.9,77.708,-90.0,78.707,-76.0,11.0,-2.364,34.0,-100.0,-100.0,-100.0,-8.0,0.0,-0.002,31.0,-99.431,-100.0,-100.0,32.0,2.0,0.0,30.0,-87.733,-88.0,-88.0,16.0,0.0,0.0,31.0,-99.931,-100.0,-100.0,8.0,0.0,0.0,30.0,8.78,9.756,9.756,-16.0,0.0,-0.0,31.0,23.299,23.299,23.299,0.0,0.0,1.054,31.0
73.7058,1,rev,-90.0,11.9,77.438,-90.0,78.369,-76.0,11.0,-2.819,34.0,-100.0,-100.0,-100.0,-8.0,0.0,-0.001,31.0,-99.431,-100.0,-100.0,32.0,2.0,0.0,30.0,-87.733,-88.0,-88.0,16.0,0.0,0.0,31.0,-99.931,-100.0,-100.0,8.0,0.0,0.0,30.0,8.78,9.756,9.756,-16.0,0.0,-0.0,31.0,23.299,23.299,23.299,0.0,0.0,0.517,31.0
73.7589,1,rev,-90.0,11.9,77.258,-90.0,78.152,-76.0,11.0,-2.79,34.0,-100.0,-100.0,-100.0,-8.0,0.0,-0.0,31.0,-99.431,-100.0,-100.0,32.0,2.0,0.0,30.0,-87.733,-88.0,-88.0,16.0,0.0,0.0,31.0,-99.931,-100.0,-100.0,8.0,0.0,0.0,30.0,8.78,9.756,9.756,-16.0,0.0,-0.0,31.0,23.299,23.299,23.299,0.0,0.0,0.253,31.0
73.8123,1,rev,-90.0,11.9,76.899,-90.0,77.935,-76.0,11.0,-5.08,34.0,-100.0,-100.0,-100.0,-8.0,0.0,-0.0,31.0,-99.431,-100.0,-100.0,32.0,2.0,0.0,30.0,-87.733,-88.0,-88.0,16.0,0.0,0.0,31.0,-99.931,-100.0,-100.0,8.0,0.0,0.0,30.0,8.78,9.756,9.756,-16.0,0.0,-0.0,31.0,23.299,23.299,23.299,0.0,0.0,0.124,31.0
73.8654,1,rev,-90.0,11.9,76.629,-90.0,77.721,-76.0,11.0,-4.915,34.0,-100.0,-100.0,-100.0,-8.0,0.0,-0.0,31.0,-99.431,-100.0,-100.0,32.0,2.0,0.0,30.0,-87.733,-88.0,-88.0,16.0,0.0,0.0,31.0,-99.931,-100.0,-100.0,8.0,0.0,0.0,30.0,8.78,9.756,9.756,-16.0,0.0,-0.0,31.0,23.299,23.299,23.299,0.0,0.0,0.061,31.0
73.9183,1,rev,-90.0,11.9,76.449,-90.0,77.509,-76.0,11.0,-4.137,34.0,-100.0,-100.0,-100.0,-8.0,0.0,-0.0,31.0,-99.431,-100.0,-100.0,32.0,2.0,0.0,30.0,-87.733,-88.0,-88.0,16.0,0.0,0.0,31.0,-99.931,-100.0,-100.0,8.0,0.0,0.0,30.0,8.78,9.756,9.756,-16.0,0.0,-0.0,31.0,23.093,23.299,23.299,0.0,0.0,-1.602,31.0
73.9711,1,rev,-90.0,11.9,76.27,-90.0,77.294,-76.0,11.0,-3.739,34.0,-100.0,-100.0,-100.0,-8.0,0.0,-0.0,31.0,-99.431,-100.0,-100.0,32.0,2.0,0.0,30.0,-87.733,-88.0,-88.0,16.0,0.0,0.0,31.0,-99.931,-100.0,-100.0,8.0,0.0,0.0,30.0,8.78,9.756,9.756,-16.0,0.0,-0.0,31.0,23.093,23.299,23.299,0.0,0.0,-0.785,31.0
74.0243,1,rev,-90.0,11.9,76.0,-90.0,77.08,-76.0,11.0,-4.237,34.0,-100.0,-100.0,-100.0,-8.0,0.0,-0.0,31.0,-99.431,-100.0,-100.0,32.0,2.0,0.0,30.0,-87.733,-88.0,-88.0,16.0,0.0,0.0,31.0,-99.931,-100.0,-100.0,8.0,0.0,0.0,30.0,8.78,9.756,9.756,-16.0,0.0,-0.0,31.0,23.299,23.299,23.299,0.0,0.0,1.211,31.0
74.0774,1,rev,-90.0,11.9,75.82,-90.0,76.866,-76.0,11.0,-3.481,34.0,-100.0,-100.0,-100.0,-8.0,0.0,-0.0,31.0,-99.431,-100.0,-100.0,32.0,2.0,0.0,30.0,-87.733,-88.0,-88.0,16.0,0.0,0.0,31.0,-99.931,-100.0,-100.0,8.0,0.0,0.0,30.0,8.78,9.756,9.756,-16.0,0.0,-0.0,31.0,23.299,23.299,23.299,0.0,0.0,0.593,31.0
74.1305,1,rev,-90.0,11.9,75.551,-90.0,76.647,-76.0,11.0,-4.407,34.0,-100.0,-100.0,-100.0,-8.0,0.0,-0.0,31.0,-99.431,-100.0,-100.0,32.0,2.0,0.0,30.0,-87.733,-88.0,-88.0,16.0,0.0,0.0,31.0,-99.931,-100.0,-100.0,8.0,0.0,0.0,30.0,8.78,9.756,9.756,-16.0,0.0,-0.0,31.0,23.299,23.299,23.299,0.0,0.0,0.291,31.0
74.1837,1,rev,-90.0,11.9,75.281,-90.0,76.432,-76.0,11.0,-4.85,34.0,-100.0,-100.0,-100.0,-8.0,0.0,-0.0,31.0,-99.431,-100.0,-100.0,32.0,2.0,0.0,30.0,-87.733,-88.0,-88.0,16.0,0.0,0.0,31.0,-99.931,-100.0,-100.0,8.0,0.0,0.0,30.0,8.78,9.756,9.756,-16.0,0.0,-0.0,31.0,23.299,23.299,23.299,0.0,0.0,0.142,31.0
74.2377,1,rev,-90.0,11.9,75.281,-90.0,76.196,-88.0,14.0,-4.85,34.0,-100.0,-100.0,-100.0,-8.0,0.0,-0.0,31.0,-99.431,-100.0,-100.0,32.0,2.0,0.0,30.0,-87.733,-88.0,-88.0,16.0,0.0,0.0,31.0,-99.931,-100.0,-100.0,8.0,0.0,0.0,30.0,8.78,9.756,9.756,-16.0,0.0,-0.0,31.0,23.299,23.299,23.299,-8.0,0.0,0.142,31.0
74.2911,1,rev,-90.0,11.9,75.011,-90.0,76.075,-88.0,14.0,-4.675,34.0,-100.0,-100.0,-100.0,-8.0,0.0,-0.0,31.0,-99.431,-100.0,-100.0,32.0,2.0,0.0,30.0,-87.733,-88.0,-88.0,16.0,0.0,0.0,31.0,-99.931,-100.0,-100.0,8.0,0.0,0.0,30.0,8.78,9.756,9.756,-16.0,0.0,-0.0,31.0,23.093,23.299,23.299,-8.0,0.0,-0.632,31.0
74.3439,1,rev,-90.0,11.9,74.921,-90.0,75.848,-88.0,14.0,-3.289,34.0,-100.0,-100.0,-100.0,-8.0,0.0,-0.0,31.0,-99.431,-100.0,-100.0,32.0,2.0,0.0,30.0,-87.733,-88.0,-88.0,16.0,0.0,0.0,31.0,-99.931,-100.0,-100.0,8.0,0.0,0.0,30.0,8.78,9.756,9.756,-16.0,0.0,-0.0,31.0,23.093,23.299,23.299,-8.0,0.0,-0.31,31.0
74.3969,1,rev,-90.0,11.9,74.652,-90.0,75.634,-88.0,14.0,-4.336,34.0,-100.0,-100.0,-100.0,-8.0,0.0,-0.0,31.0,-99.431,-100.0,-100.0,32.0,2.0,0.0,30.0,-87.733,-88.0,-88.0,16.0,0.0,0.0,31.0,-99.931,-100.0,-100.0,8.0,0.0,0.0,30.0,8.78,9.756,9.756,-16.0,0.0,-0.0,31.0,23.299,23.299,23.299,-8.0,0.0,1.484,31.0
74.4502,1,rev,-90.0,11.9,74.382,-90.0,75.421,-88.0,14.0,-4.869,34.0,-100.0,-100.0,-100.0,-8.0,0.0,-0.0,31.0,-99.431,-100.0,-100.0,32.0,2.0,0.0,30.0,-87.733,-88.0,-88.0,16.0,0.0,0.0,31.0,-99.931,-100.0,-100.0,8.0,0.0,0.0,30.0,8.78,9.756,9.756,-16.0,0.0,-0.0,31.0,23.299,23.299,23.299,-8.0,0.0,0.727,31.0
74.5033,1,rev,-90.0,11.9,74.292,-90.0,75.208,-88.0,14.0,-3.091,34.0,-100.0,-100.0,-100.0,-8.0,0.0,-0.0,31.0,-99.431,-100.0,-100.0,32.0,2.0,0.0,30.0,-87.733,-88.0,-88.0,16.0,0.0,0.0,31.0,-99.931,-100.0,-100.0,8.0,0.0,0.0,30.0,8.78,9.756,9.756,-16.0,0.0,-0.0,31.0,23.299,23.299,23.299,-8.0,0.0,0.356,31.0
74.5565,1,rev,-90.0,11.9,73.933,-90.0,74.995,-88.0,14.0,-4.944,34.0,-100.0,-100.0,-100.0,-8.0,0.0,-0.0,31.0,-99.431,-100.0,-100.0,32.0,2.0,0.0,30.0,-87.733,-88.0,-88.0,16.0,0.0,0.0,31.0,-99.931,-100.0,-100.0,8.0,0.0,0.0,30.0,8.78,9.756,9.756,-16.0,0.0,-0.0,31.0,23.299,23.299,23.299,-8.0,0.0,0.175,31.0
74.6095,1,rev,-90.0,11.9,73.573,-90.0,74.782,-88.0,14.0,-5.855,34.0,-100.0,-100.0,-100.0,-8.0,0.0,-0.0,31.0,-99.431,-100.0,-100.0,32.0,2.0,0.0,30.0,-87.733,-88.0,-88.0,16.0,0.0,0.0,31.0,-99.931,-100.0,-100.0,8.0,0.0,0.0,30.0,8.78,9.756,9.756,-16.0,0.0,-0.0,31.0,23.093,23.299,23.299,-8.0,0.0,-1.549,31.0
74.6636,1,rev,-90.0,11.9,73.483,-90.0,74.567,-88.0,14.0,-3.864,34.0,-100.0,-100.0,-100.0,-8.0,0.0,-0.0,31.0,-99.431,-100.0,-100.0,32.0,2.0,0.0,30.0,-87.733,-88.0,-88.0,16.0,0.0,0.0,31.0,-99.931,-100.0,-100.0,8.0,0.0,0.0,30.0,8.78,9.756,9.756,-16.0,0.0,-0.0,31.0,23.093,23.299,23.299,-8.0,0.0,-0.759,31.0
74.7158,1,rev,-90.0,11.9,73.393,-90.0,74.35,-88.0,14.0,-2.879,34.0,-100.0,-100.0,-100.0,-8.0,0.0,-0.0,31.0,-99.431,-100.0,-100.0,32.0,2.0,0.0,30.0,-87.733,-88.0,-88.0,16.0,0.0,0.0,31.0,-99.931,-100.0,-100.0,8.0,0.0,0.0,30.0,8.78,9.756,9.756,-16.0,0.0,-0.0,31.0,23.299,23.299,23.299,-8.0,0.0,1.888,31.0
74.7706,1,rev,-90.0,11.9,73.034,-90.0,74.135,-88.0,14.0,-4.841,34.0,-100.0,-100.0,-100.0,-8.0,0.0,-0.0,31.0,-99.431,-100.0,-100.0,32.0,2.0,0.0,30.0,-87.733,-88.0,-88.0,16.0,0.0,0.0,31.0,-99.931,-100.0,-100.0,8.0,0.0,0.0,30.0,8.78,9.756,9.756,-16.0,0.0,-0.0,31.0,23.299,23.299,23.299,-8.0,0.0,0.925,31.0
74.823,1,rev,-90.0,11.9,72.944,-90.0,73.9,-88.0,15.0,-3.845,34.0,-100.0,-100.0,-100.0,-8.0,0.0,-0.0,31.0,-99.431,-100.0,-100.0,32.0,2.0,0.0,30.0,-87.733,-88.0,-88.0,16.0,0.0,0.0,31.0,-99.931,-100.0,-100.0,8.0,0.0,0.0,30.0,8.78,9.756,9.756,-16.0,0.0,-0.0,31.0,23.299,23.299,23.299,0.0,0.0,0.648,31.0
74.8764,1,rev,-90.0,11.9,72.764,-90.0,73.684,-88.0,15.0,-3.579,34.0,-100.0,-100.0,-100.0,-8.0,0.0,-0.0,31.0,-99.431,-100.0,-100.0,32.0,2.0,0.0,30.0,-87.733,-88.0,-88.0,16.0,0.0,0.0,31.0,-99.931,-100.0,-100.0,8.0,0.0,0.0,30.0,8.78,9.756,9.756,-16.0,0.0,-0.0,31.0,23.299,23.299,23.299,0.0,0.0,0.317,31.0
74.9296,1,rev,-90.0,11.9,72.404,-90.0,73.469,-88.0,15.0,-5.189,34.0,-100.0,-100.0,-100.0,-8.0,0.0,-0.0,31.0,-99.431,-100.0,-100.0,32.0,2.0,0.0,30.0,-87.733,-88.0,-88.0,16.0,0.0,0.0,31.0,-99.931,-100.0,-100.0,8.0,0.0,0.0,30.0,8.78,9.756,9.756,-16.0,0.0,-0.0,31.0,23.093,23.299,23.299,0.0,0.0,-2.163,31.0
74.9818,1,rev,-90.0,11.9,72.135,-90.0,73.257,-88.0,15.0,-5.266,34.0,-100.0,-100.0,-100.0,-8.0,0.0,-0.0,31.0,-99.431,-100.0,-100.0,32.0,2.0,0.0,30.0,-87.733,-88.0,-88.0,16.0,0.0,0.0,31.0,-99.931,-100.0,-100.0,8.0,0.0,0.0,30.0,8.78,9.756,9.756,-16.0,0.0,-0.0,31.0,23.093,23.299,23.299,0.0,0.0,-1.06,31.0
75.0339,1,rev,-90.0,11.9,72.045,-90.0,73.042,-88.0,15.0,-3.601,34.0,-100.0,-100.0,-100.0,-8.0,0.0,-0.0,31.0,-99.431,-100.0,-100.0,32.0,2.0,0.0,30.0,-87.733,-88.0,-88.0,16.0,0.0,0.0,31.0,-99.931,-100.0,-100.0,8.0,0.0,0.0,30.0,8.78,9.756,9.756,-16.0,0.0,-0.0,31.0,23.093,23.299,23.299,0.0,0.0,-0.519,31.0
75.0871,1,rev,-90.0,11.9,71.865,-90.0,72.83,-88.0,15.0,-3.472,34.0,-100.0,-100.0,-100.0,-8.0,0.0,-0.0,31.0,-99.431,-100.0,-100.0,32.0,2.0,0.0,30.0,-87.733,-88.0,-88.0,16.0,0.0,0.0,31.0,-99.931,-100.0,-100.0,8.0,0.0,0.0,30.0,8.78,9.756,9.756,-16.0,0.0,-0.0,31.0,23.093,23.299,23.299,0.0,0.0,-0.254,31.0
75.1406,1,rev,-90.0,11.9,71.506,-90.0,72.614,-88.0,15.0,-4.812,34.0,-100.0,-100.0,-100.0,-8.0,0.0,-0.0,31.0,-99.431,-100.0,-100.0,32.0,2.0,0.0,30.0,-87.733,-88.0,-88.0,16.0,0.0,0.0,31.0,-99.931,-100.0,-100.0,8.0,0.0,0.0,30.0,8.78,9.756,9.756,-16.0,0.0,-0.0,31.0,23.299,23.299,23.299,0.0,0.0,1.487,31.0
75.1941,1,rev,-90.0,11.9,71.326,-90.0,72.399,-88.0,15.0,-4.065,34.0,-100.0,-100.0,-100.0,-8.0,0.0,-0.0,31.0,-99.431,-100.0,-100.0,32.0,2.0,0.0,30.0,-87.733,-88.0,-88.0,16.0,0.0,0.0,31.0,-99.931,-100.0,-100.0,8.0,0.0,0.0,30.0,8.78,9.756,9.756,-16.0,0.0,-0.0,31.0,23.299,23.299,23.299,0.0,0.0,0.729,31.0
75.2476,1,rev,-90.0,11.9,70.966,-90.0,72.185,-88.0,15.0,-5.418,34.0,-100.0,-100.0,-100.0,-8.0,0.0,-0.0,31.0,-99.431,-100.0,-100.0,32.0,2.0,0.0,30.0,-87.733,-88.0,-88.0,16.0,0.0,0.0,31.0,-99.931,-100.0,-100.0,8.0,0.0,0.0,30.0,8.78,9.756,9.756,-16.0,0.0,-0.0,31.0,23.299,23.299,23.299,0.0,0.0,0.357,31.0
75.3008,1,rev,-90.0,11.9,70.697,-90.0,71.969,-88.0,15.0,-5.327,34.0,-100.0,-100.0,-100.0,-8.0,0.0,-0.0,31.0,-99.431,-100.0,-100.0,32.0,2.0,0.0,30.0,-87.733,-88.0,-88.0,16.0,0.0,0.0,31.0,-99.931,-100.0,-100.0,8.0,0.0,0.0,30.0,8.78,9.756,9.756,-16.0,0.0,-0.0,31.0,23.093,23.299,23.299,0.0,0.0,-2.082,31.0
75.3544,1,rev,-90.0,11.9,70.607,-90.0,71.861,-88.0,15.0,-4.725,34.0,-100.0,-100.0,-100.0,-8.0,0.0,-0.0,31.0,-99.431,-100.0,-100.0,32.0,2.0,0.0,30.0,-87.733,-88.0,-88.0,16.0,0.0,0.0,31.0,-99.931,-100.0,-100.0,8.0,0.0,0.0,30.0,8.78,9.756,9.756,-16.0,0.0,-0.0,31.0,23.093,23.299,23.299,0.0,0.0,-1.457,31.0
75.4069,1,rev,-90.0,11.9,70.607,-90.0,71.512,-104.0,19.0,-3.308,34.0,-100.0,-100.0,-100.0,-8.0,0.0,-0.0,31.0,-99.431,-100.0,-100.0,32.0,2.0,0.0,30.0,-87.733,-88.0,-88.0,16.0,0.0,0.0,31.0,-99.931,-100.0,-100.0,8.0,0.0,0.0,30.0,8.78,9.756,9.756,-16.0,0.0,-0.0,31.0,23.093,23.299,23.299,-8.0,0.0,-1.02,31.0
75.4604,1,rev,-90.0,11.9,70.427,-90.0,71.293,-104.0,19.0,-3.642,34.0,-100.0,-100.0,-100.0,-8.0,0.0,-0.0,31.0,-99.431,-100.0,-100.0,32.0,2.0,0.0,30.0,-87.733,-88.0,-88.0,16.0,0.0,0.0,31.0,-99.931,-100.0,-100.0,8.0,0.0,0.0,30.0,8.78,9.756,9.756,-16.0,0.0,-0.0,31.0,23.093,23.299,23.299,-8.0,0.0,-0.5,31.0
75.5137,1,rev,-90.0,11.9,70.157,-90.0,71.187,-104.0,19.0,-4.486,34.0,-100.0,-100.0,-100.0,-8.0,0.0,-0.0,31.0,-99.431,-100.0,-100.0,32.0,2.0,0.0,30.0,-87.733,-88.0,-88.0,16.0,0.0,0.0,31.0,-99.931,-100.0,-100.0,8.0,0.0,0.0,30.0,8.78,9.756,9.756,-16.0,0.0,-0.0,31.0,23.093,23.299,23.299,-8.0,0.0,-0.245,31.0
75.5675,1,rev,-90.0,11.9,69.978,-90.0,70.96,-104.0,19.0,-3.848,34.0,-100.0,-100.0,-100.0,-8.0,0.0,-0.0,31.0,-99.431,-100.0,-100.0,32.0,2.0,0.0,30.0,-87.733,-88.0,-88.0,16.0,0.0,0.0,31.0,-99.931,-100.0,-100.0,8.0,0.0,0.0,30.0,8.78,9.756,9.756,-16.0,0.0,-0.0,31.0,23.093,23.299,23.299,-8.0,0.0,-0.12,31.0
75.6202,1,rev,-90.0,11.9,69.618,-90.0,70.745,-104.0,19.0,-5.61,34.0,-100.0,-100.0,-100.0,-8.0,0.0,-0.0,31.0,-99.431,-100.0,-100.0,32.0,2.0,0.0,30.0,-87.733,-88.0,-88.0,16.0,0.0,0.0,31.0,-99.931,-100.0,-100.0,8.0,0.0,0.0,30.0,8.78,9.756,9.756,-16.0,0.0,-0.0,31.0,23.093,23.299,23.299,-8.0,0.0,-0.059,31.0
75.6729,1,rev,-90.0,11.9,69.348,-90.0,70.531,-104.0,19.0,-5.164,34.0,-100.0,-100.0,-100.0,-8.0,0.0,-0.0,31.0,-99.431,-100.0,-100.0,32.0,2.0,0.0,30.0,-87.733,-88.0,-88.0,16.0,0.0,0.0,31.0,-99.931,-100.0,-100.0,8.0,0.0,0.0,30.0,8.78,9.756,9.756,-16.0,0.0,-0.0,31.0,23.093,23.299,23.299,-8.0,0.0,-0.029,31.0
75.7263,1,rev,-90.0,11.9,69.169,-90.0,70.317,-104.0,19.0,-4.247,34.0,-100.0,-100.0,-100.0,-8.0,0.0,-0.0,31.0,-99.431,-100.0,-100.0,32.0,2.0,0.0,30.0,-87.733,-88.0,-88.0,16.0,0.0,0.0,31.0,-99.931,-100.0,-100.0,8.0,0.0,0.0,30.0,8.78,9.756,9.756,-16.0,0.0,-0.0,31.0,23.093,23.299,23.299,-8.0,0.0,-0.014,31.0
75.7802,1,rev,-90.0,11.9,68.989,-90.0,70.103,-104.0,19.0,-4.105,34.0,-100.0,-100.0,-100.0,-8.0,0.0,-0.0,31.0,-99.431,-100.0,-100.0,32.0,2.0,0.0,30.0,-87.733,-88.0,-88.0,16.0,0.0,0.0,31.0,-99.931,-100.0,-100.0,8.0,0.0,0.0,30.0,8.78,9.756,9.756,-16.0,0.0,-0.0,31.0,23.093,23.299,23.299,-8.0,0.0,-0.007,31.0
75.8326,1,rev,-90.0,11.9,68.809,-90.0,69.89,-104.0,19.0,-3.728,34.0,-100.0,-100.0,-100.0,-8.0,0.0,-0.0,31.0,-99.431,-100.0,-100.0,32.0,2.0,0.0,30.0,-87.733,-88.0,-88.0,16.0,0.0,0.0,31.0,-99.931,-100.0,-100.0,8.0,0.0,0.0,30.0,8.78,9.756,9.756,-16.0,0.0,-0.0,31.0,23.299,23.299,23.299,-8.0,0.0,2.308,31.0
75.8849,1,rev,-90.0,11.9,68.539,-90.0,69.673,-104.0,19.0,-4.492,34.0,-100.0,-100.0,-100.0,-8.0,0.0,-0.0,31.0,-99.431,-100.0,-100.0,32.0,2.0,0.0,30.0,-87.733,-88.0,-88.0,16.0,0.0,0.0,31.0,-99.931,-100.0,-100.0,8.0,0.0,0.0,30.0,8.78,9.756,9.756,-16.0,0.0,-0.0,31.0,23.299,23.299,23.299,-8.0,0.0,1.131,31.0
75.9383,1,rev,-90.0,11.9,68.539,-90.0,69.565,-88.0,14.0,-3.144,34.0,-100.0,-100.0,-100.0,-8.0,0.0,-0.0,31.0,-99.431,-100.0,-100.0,32.0,2.0,0.0,30.0,-87.733,-88.0,-88.0,16.0,0.0,0.0,31.0,-99.931,-100.0,-100.0,8.0,0.0,0.0,30.0,8.78,9.756,9.756,-16.0,0.0,-0.0,31.0,23.299,23.299,23.299,0.0,0.0,0.792,31.0
75.9912,1,rev,-90.0,11.9,68.27,-90.0,69.232,-88.0,14.0,-2.544,34.0,-100.0,-100.0,-100.0,-8.0,0.0,-0.0,31.0,-99.431,-100.0,-100.0,32.0,2.0,0.0,30.0,-87.733,-88.0,-88.0,16.0,0.0,0.0,31.0,-99.931,-100.0,-100.0,8.0,0.0,0.0,30.0,8.78,9.756,9.756,-16.0,0.0,-0.0,31.0,23.299,23.299,23.299,0.0,0.0,0.388,31.0
76.044,1,rev,-90.0,11.9,68.0,-90.0,69.017,-88.0,14.0,-3.38,34.0,-100.0,-100.0,-100.0,-8.0,0.0,-0.0,31.0,-99.431,-100.0,-100.0,32.0,2.0,0.0,30.0,-87.733,-88.0,-88.0,16.0,0.0,0.0,31.0,-99.931,-100.0,-100.0,8.0,0.0,0.0,30.0,8.78,9.756,9.756,-16.0,0.0,-0.0,31.0,23.093,23.299,23.299,0.0,0.0,-1.441,31.0
76.0971,1,rev,-90.0,11.9,67.73,-90.0,68.802,-88.0,14.0,-4.391,34.0,-100.0,-100.0,-100.0,-8.0,0.0,-0.0,31.0,-99.431,-100.0,-100.0,32.0,2.0,0.0,30.0,-87.733,-88.0,-88.0,16.0,0.0,0.0,31.0,-99.931,-100.0,-100.0,8.0,0.0,0.0,30.0,8.78,9.756,9.756,-16.0,0.0,-0.0,31.0,23.093,23.299,23.299,0.0,0.0,-0.706,31.0
76.1504,1,rev,-90.0,11.9,67.64,-90.0,68.586,-88.0,14.0,-3.128,34.0,-100.0,-100.0,-100.0,-8.0,0.0,-0.0,31.0,-99.431,-100.0,-100.0,32.0,2.0,0.0,30.0,-87.733,-88.0,-88.0,16.0,0.0,0.0,31.0,-99.931,-100.0,-100.0,8.0,0.0,0.0,30.0,8.78,9.756,9.756,-16.0,0.0,-0.0,31.0,23.093,23.299,23.299,0.0,0.0,-0.346,31.0
76.2037,1,rev,-90.0,11.9,67.371,-90.0,68.37,-88.0,14.0,-4.246,34.0,-100.0,-100.0,-100.0,-8.0,0.0,-0.0,31.0,-99.431,-100.0,-100.0,32.0,2.0,0.0,30.0,-87.733,-88.0,-88.0,16.0,0.0,0.0,31.0,-99.931,-100.0,-100.0,8.0,0.0,0.0,30.0,8.78,9.756,9.756,-16.0,0.0,-0.0,31.0,23.093,23.299,23.299,0.0,0.0,-0.17,31.0
76.2573,1,rev,-90.0,11.9,67.101,-90.0,68.153,-88.0,14.0,-4.465,34.0,-100.0,-100.0,-100.0,-8.0,0.0,-0.0,31.0,-99.431,-100.0,-100.0,32.0,2.0,0.0,30.0,-87.733,-88.0,-88.0,16.0,0.0,0.0,31.0,-99.931,-100.0,-100.0,8.0,0.0,0.0,30.0,8.78,9.756,9.756,-16.0,0.0,-0.0,31.0,23.093,23.299,23.299,0.0,0.0,-0.083,31.0
76.3107,1,rev,-90.0,11.9,66.921,-90.0,67.938,-88.0,14.0,-3.889,34.0,-100.0,-100.0,-100.0,-8.0,0.0,-0.0,31.0,-99.431,-100.0,-100.0,32.0,2.0,0.0,30.0,-87.733,-88.0,-88.0,16.0,0.0,0.0,31.0,-99.931,-100.0,-100.0,8.0,0.0,0.0,30.0,8.78,9.756,9.756,-16.0,0.0,-0.0,31.0,23.093,23.299,23.299,0.0,0.0,-0.041,31.0
76.3628,1,rev,-90.0,11.9,66.562,-90.0,67.723,-88.0,14.0,-5.34,34.0,-100.0,-100.0,-100.0,-8.0,0.0,-0.0,31.0,-99.431,-100.0,-100.0,32.0,2.0,0.0,30.0,-87.733,-88.0,-88.0,16.0,0.0,0.0,31.0,-99.931,-100.0,-100.0,8.0,0.0,0.0,30.0,8.78,9.756,9.756,-16.0,0.0,-0.0,31.0,23.093,23.299,23.299,0.0,0.0,-0.02,31.0
76.4164,1,rev,-90.0,11.9,66.382,-90.0,67.506,-88.0,14.0,-4.306,34.0,-100.0,-100.0,-100.0,-8.0,0.0,-0.0,31.0,-99.431,-100.0,-100.0,32.0,2.0,0.0,30.0,-87.733,-88.0,-88.0,16.0,0.0,0.0,31.0,-99.931,-100.0,-100.0,8.0,0.0,0.0,30.0,8.78,9.756,9.756,-16.0,0.0,-0.0,31.0,23.093,23.299,23.299,0.0,0.0,-0.01,31.0
76.4696,1,rev,-90.0,11.9,66.292,-90.0,67.291,-88.0,14.0,-2.814,34.0,-100.0,-100.0,-100.0,-8.0,0.0,-0.0,31.0,-99.431,-100.0,-100.0,32.0,2.0,0.0,30.0,-87.733,-88.0,-88.0,16.0,0.0,0.0,31.0,-99.931,-100.0,-100.0,8.0,0.0,0.0,30.0,8.78,9.756,9.756,-16.0,0.0,-0.0,31.0,23.093,23.299,23.299,0.0,0.0,-0.005,31.0
76.522,1,rev,-90.0,11.9,66.292,-90.0,67.053,-76.0,10.0,-2.814,34.0,-100.0,-100.0,-100.0,-8.0,0.0,-0.0,31.0,-99.431,-100.0,-100.0,32.0,2.0,0.0,30.0,-87.733,-88.0,-88.0,16.0,0.0,0.0,31.0,-99.931,-100.0,-100.0,8.0,0.0,0.0,30.0,8.78,9.756,9.756,-16.0,1.0,-0.0,31.0,23.093,23.299,23.299,-8.0,0.0,-0.005,31.0
76.5756,1,rev,-90.0,11.9,66.022,-90.0,66.937,-76.0,10.0,-3.004,34.0,-100.0,-100.0,-100.0,-8.0,0.0,-0.0,31.0,-99.431,-100.0,-100.0,32.0,2.0,0.0,30.0,-87.733,-88.0,-88.0,16.0,0.0,0.0,31.0,-99.931,-100.0,-100.0,8.0,0.0,0.0,30.0,8.78,9.756,9.756,-16.0,1.0,-0.0,31.0,23.093,23.299,23.299,-8.0,0.0,-0.002,31.0
76.629,1,rev,-90.0,11.9,65.663,-90.0,66.711,-76.0,10.0,-4.752,34.0,-100.0,-100.0,-100.0,-8.0,0.0,-0.0,31.0,-99.431,-100.0,-100.0,32.0,2.0,0.0,30.0,-87.733,-88.0,-88.0,16.0,0.0,0.0,31.0,-99.931,-100.0,-100.0,8.0,0.0,0.0,30.0,8.78,9.756,9.756,-16.0,1.0,-0.0,31.0,23.093,23.299,23.299,-8.0,0.0,-0.001,31.0
76.6825,1,rev,-90.0,11.9,65.573,-90.0,66.498,-76.0,10.0,-3.33,34.0,-100.0,-100.0,-100.0,-8.0,0.0,-0.0,31.0,-99.431,-100.0,-100.0,32.0,2.0,0.0,30.0,-87.733,-88.0,-88.0,16.0,0.0,0.0,31.0,-99.931,-100.0,-100.0,8.0,0.0,0.0,30.0,8.78,9.756,9.756,-16.0,1.0,-0.0,31.0,23.093,23.299,23.299,-8.0,0.0,-0.001,31.0
76.7348,1,rev,-90.0,11.9,65.213,-90.0,66.279,-76.0,10.0,-4.977,34.0,-100.0,-100.0,-100.0,-8.0,0.0,-0.0,31.0,-99.431,-100.0,-100.0,32.0,2.0,0.0,30.0,-87.733,-88.0,-88.0,16.0,0.0,0.0,31.0,-99.931,-100.0,-100.0,8.0,0.0,0.0,30.0,8.78,9.756,9.756,-16.0,1.0,-0.0,31.0,23.093,23.299,23.299,-8.0,0.0,-0.0,31.0
76.7892,1,rev,-90.0,11.9,64.944,-90.0,66.063,-76.0,10.0,-5.153,34.0,-100.0,-100.0,-100.0,-8.0,0.0,-0.0,31.0,-99.431,-100.0,-100.0,32.0,2.0,0.0,30.0,-87.733,-88.0,-88.0,16.0,0.0,0.0,31.0,-99.931,-100.0,-100.0,8.0,0.0,0.0,30.0,8.78,9.756,9.756,-16.0,1.0,-0.0,31.0,23.093,23.299,23.299,-8.0,0.0,-0.0,31.0
76.8423,1,rev,-90.0,11.9,64.764,-90.0,65.848,-76.0,10.0,-4.228,34.0,-100.0,-100.0,-100.0,-8.0,0.0,-0.0,31.0,-99.431,-100.0,-100.0,32.0,2.0,0.0,30.0,-87.733,-88.0,-88.0,16.0,0.0,0.0,31.0,-99.931,-100.0,-100.0,8.0,0.0,0.0,30.0,8.78,9.756,9.756,-16.0,1.0,-0.0,31.0,23.093,23.299,23.299,-8.0,0.0,-0.0,31.0
76.8953,1,rev,-90.0,11.9,64.674,-90.0,65.634,-76.0,10.0,-3.086,34.0,-100.0,-100.0,-100.0,-8.0,0.0,-0.0,31.0,-99.431,-100.0,-100.0,32.0,2.0,0.0,30.0,-87.733,-88.0,-88.0,16.0,0.0,0.0,31.0,-99.931,-100.0,-100.0,8.0,0.0,0.0,30.0,8.78,9.756,9.756,-16.0,1.0,-0.0,31.0,23.093,23.299,23.299,-8.0,0.0,-0.0,31.0
76.9481,1,rev,-90.0,11.9,64.404,-90.0,65.42,-76.0,10.0,-3.923,34.0,-100.0,-100.0,-100.0,-8.0,0.0,-0.0,31.0,-99.431,-100.0,-100.0,32.0,2.0,0.0,30.0,-87.733,-88.0,-88.0,16.0,0.0,0.0,31.0,-99.931,-100.0,-100.0,8.0,0.0,0.0,30.0,8.78,9.756,9.756,-16.0,1.0,-0.0,31.0,23.093,23.299,23.299,-8.0,0.0,-0.0,31.0
77.0,1,rev,-90.0,11.9,64.135,-90.0,65.206,-76.0,10.0,-4.342,34.0,-100.0,-100.0,-100.0,-8.0,0.0,-0.0,31.0,-99.431,-100.0,-100.0,32.0,2.0,0.0,30.0,-87.733,-88.0,-88.0,16.0,0.0,0.0,31.0,-99.931,-100.0,-100.0,8.0,0.0,0.0,30.0,8.78,9.756,9.756,-16.0,1.0,-0.0,31.0,23.093,23.299,23.299,-8.0,0.0,-0.0,31.0
77.0531,1,rev,-90.0,11.9,63.955,-90.0,64.992,-76.0,10.0,-4.153,34.0,-100.0,-100.0,-100.0,-8.0,0.0,-0.0,31.0,-99.431,-100.0,-100.0,32.0,2.0,0.0,30.0,-87.733,-88.0,-88.0,16.0,0.0,0.0,31.0,-99.931,-100.0,-100.0,8.0,0.0,0.0,30.0,8.78,9.756,9.756,-16.0,1.0,-0.0,31.0,23.093,23.299,23.299,-8.0,0.0,-0.0,31.0
77.1063,1,rev,-90.0,11.9,63.685,-90.0,64.756,-92.0,16.0,-4.267,34.0,-100.0,-100.0,-100.0,-8.0,0.0,-0.0,31.0,-99.431,-100.0,-100.0,32.0,2.0,0.0,30.0,-87.733,-88.0,-88.0,16.0,0.0,0.0,31.0,-99.931,-100.0,-100.0,8.0,0.0,0.0,30.0,8.78,9.756,9.756,-16.0,0.0,-0.0,31.0,23.093,23.299,23.299,-8.0,0.0,-0.0,31.0
77.1594,1,rev,-90.0,11.9,63.416,-90.0,64.54,-92.0,16.0,-4.828,34.0,-100.0,-100.0,-100.0,-8.0,0.0,-0.0,31.0,-99.431,-100.0,-100.0,32.0,2.0,0.0,30.0,-87.733,-88.0,-88.0,16.0,0.0,0.0,31.0,-99.931,-100.0,-100.0,8.0,0.0,0.0,30.0,8.78,9.756,9.756,-16.0,0.0,-0.0,31.0,23.093,23.299,23.299,-8.0,0.0,-0.0,31.0
77.2122,1,rev,-90.0,11.9,63.326,-90.0,64.328,-92.0,16.0,-3.359,34.0,-100.0,-100.0,-100.0,-8.0,0.0,-0.0,31.0,-99.431,-100.0,-100.0,32.0,2.0,0.0,30.0,-87.733,-88.0,-88.0,16.0,0.0,0.0,31.0,-99.931,-100.0,-100.0,8.0,0.0,0.0,30.0,8.78,9.756,9.756,-16.0,0.0,-0.0,31.0,23.093,23.299,23.299,-8.0,0.0,-0.0,31.0
77.2651,1,rev,-90.0,11.9,63.326,-90.0,64.113,-92.0,16.0,-1.646,34.0,-100.0,-100.0,-100.0,-8.0,0.0,-0.0,31.0,-99.431,-100.0,-100.0,32.0,2.0,0.0,30.0,-87.733,-88.0,-88.0,16.0,0.0,0.0,31.0,-99.931,-100.0,-100.0,8.0,0.0,0.0,30.0,8.78,9.756,9.756,-16.0,0.0,-0.0,31.0,23.093,23.299,23.299,-8.0,0.0,-0.0,31.0
77.3182,1,rev,-90.0,11.9,62.966,-90.0,63.898,-92.0,16.0,-4.235,34.0,-100.0,-100.0,-100.0,-8.0,0.0,-0.0,31.0,-99.431,-100.0,-100.0,32.0,2.0,0.0,30.0,-87.733,-88.0,-88.0,16.0,0.0,0.0,31.0,-99.931,-100.0,-100.0,8.0,0.0,0.0,30.0,8.78,9.756,9.756,-16.0,0.0,-0.0,31.0,23.093,23.299,23.299,-8.0,0.0,-0.0,31.0
77.3711,1,rev,-90.0,11.9,62.697,-90.0,63.683,-92.0,16.0,-4.484,34.0,-100.0,-100.0,-100.0,-8.0,0.0,-0.0,31.0,-99.431,-100.0,-100.0,32.0,2.0,0.0,30.0,-87.733,-88.0,-88.0,16.0,0.0,0.0,31.0,-99.931,-100.0,-100.0,8.0,0.0,0.0,30.0,8.78,9.756,9.756,-16.0,0.0,-0.0,31.0,23.093,23.299,23.299,-8.0,0.0,-0.0,31.0
77.4243,1,rev,-90.0,11.9,62.427,-90.0,63.47,-92.0,16.0,-5.245,34.0,-100.0,-100.0,-100.0,-8.0,0.0,-0.0,31.0,-99.431,-100.0,-100.0,32.0,2.0,0.0,30.0,-87.733,-88.0,-88.0,16.0,0.0,0.0,31.0,-99.931,-100.0,-100.0,8.0,0.0,0.0,30.0,8.78,9.756,9.756,-16.0,0.0,-0.0,31.0,23.093,23.299,23.299,-8.0,0.0,-0.0,31.0
77.4777,1,rev,-90.0,11.9,62.157,-90.0,63.256,-92.0,16.0,-4.971,34.0,-100.0,-100.0,-100.0,-8.0,0.0,-0.0,31.0,-99.431,-100.0,-100.0,32.0,2.0,0.0,30.0,-87.733,-88.0,-88.0,16.0,0.0,0.0,31.0,-99.931,-100.0,-100.0,8.0,0.0,0.0,30.0,8.78,9.756,9.756,-16.0,0.0,-0.0,31.0,23.093,23.299,23.299,-8.0,0.0,-0.0,31.0
77.53,1,rev,-90.0,11.9,61.978,-90.0,63.04,-92.0,16.0,-5.486,34.0,-100.0,-100.0,-100.0,-8.0,0.0,-0.0,31.0,-99.431,-100.0,-100.0,32.0,2.0,0.0,30.0,-87.733,-88.0,-88.0,16.0,0.0,0.0,31.0,-99.931,-100.0,-100.0,8.0,0.0,0.0,30.0,8.78,9.756,9.756,-16.0,0.0,-0.0,31.0,23.093,23.299,23.299,-8.0,0.0,-0.0,31.0
77.5834,1,rev,-90.0,11.9,61.888,-90.0,62.825,-92.0,16.0,-3.704,34.0,-100.0,-100.0,-100.0,-8.0,0.0,-0.0,31.0,-99.431,-100.0,-100.0,32.0,2.0,0.0,30.0,-87.733,-88.0,-88.0,16.0,0.0,0.0,31.0,-99.931,-100.0,-100.0,8.0,0.0,0.0,30.0,8.78,9.756,9.756,-16.0,0.0,-0.0,31.0,23.093,23.299,23.299,-8.0,0.0,-0.0,31.0
77.6366,1,rev,-90.0,11.9,61.708,-90.0,62.707,-92.0,16.0,-3.457,34.0,-100.0,-100.0,-100.0,-8.0,0.0,-0.0,31.0,-99.431,-100.0,-100.0,32.0,2.0,0.0,30.0,-87.733,-88.0,-88.0,16.0,0.0,0.0,31.0,-99.931,-100.0,-100.0,8.0,0.0,0.0,30.0,8.78,9.756,9.756,-16.0,0.0,-0.0,31.0,23.093,23.299,23.299,-8.0,0.0,-0.0,31.0
77.6897,1,rev,-90.0,11.9,61.528,-90.0,62.472,-88.0,15.0,-3.342,34.0,-100.0,-100.0,-100.0,-8.0,0.0,-0.0,31.0,-99.431,-100.0,-100.0,32.0,2.0,0.0,30.0,-87.733,-88.0,-88.0,16.0,0.0,0.0,31.0,-99.931,-100.0,-100.0,8.0,0.0,0.0,30.0,8.78,9.756,9.756,-16.0,0.0,-0.0,31.0,23.093,23.299,23.299,-8.0,0.0,-0.0,31.0
77.7419,1,rev,-90.0,11.9,61.258,-90.0,62.258,-88.0,15.0,-4.035,34.0,-100.0,-100.0,-100.0,-8.0,0.0,-0.0,31.0,-99.431,-100.0,-100.0,32.0,2.0,0.0,30.0,-87.733,-88.0,-88.0,16.0,0.0,0.0,31.0,-99.931,-100.0,-100.0,8.0,0.0,0.0,30.0,8.78,9.756,9.756,-16.0,0.0,-0.0,31.0,23.093,23.299,23.299,-8.0,0.0,-0.0,31.0
77.7962,1,rev,-90.0,11.9,61.079,-90.0,62.044,-88.0,15.0,-3.698,34.0,-100.0,-100.0,-100.0,-8.0,0.0,-0.0,31.0,-99.431,-100.0,-100.0,32.0,2.0,0.0,30.0,-87.733,-88.0,-88.0,16.0,0.0,0.0,31.0,-99.931,-100.0,-100.0,8.0,0.0,0.0,30.0,8.78,9.756,9.756,-16.0,0.0,-0.0,31.0,23.093,23.299,23.299,-8.0,0.0,-0.0,31.0
77.849,1,rev,-90.0,11.9,60.809,-90.0,61.83,-88.0,15.0,-4.221,34.0,-100.0,-100.0,-100.0,-8.0,0.0,-0.0,31.0,-99.431,-100.0,-100.0,32.0,2.0,0.0,30.0,-87.733,-88.0,-88.0,16.0,0.0,0.0,31.0,-99.931,-100.0,-100.0,8.0,0.0,0.0,30.0,8.78,9.756,9.756,-16.0,0.0,-0.0,31.0,23.093,23.299,23.299,-8.0,0.0,-0.0,31.0
77.9023,1,rev,-90.0,11.9,60.539,-90.0,61.615,-88.0,15.0,-4.815,34.0,-100.0,-100.0,-100.0,-8.0,0.0,-0.0,31.0,-99.431,-100.0,-100.0,32.0,2.0,0.0,30.0,-87.733,-88.0,-88.0,16.0,0.0,0.0,31.0,-99.931,-100.0,-100.0,8.0,0.0,0.0,30.0,8.78,9.756,9.756,-16.0,0.0,-0.0,31.0,23.093,23.299,23.299,-8.0,0.0,-0.0,31.0
77.9551,1,rev,-90.0,11.9,60.449,-90.0,61.403,-88.0,15.0,-3.372,34.0,-100.0,-100.0,-100.0,-8.0,0.0,-0.0,31.0,-99.431,-100.0,-100.0,32.0,2.0,0.0,30.0,-87.733,-88.0,-88.0,16.0,0.0,0.0,31.0,-99.931,-100.0,-100.0,8.0,0.0,0.0,30.0,8.78,9.756,9.756,-16.0,0.0,-0.0,31.0,23.093,23.299,23.299,-8.0,0.0,-0.0,31.0
78.0085,1,rev,-90.0,11.9,60.36,-90.0,61.19,-88.0,15.0,-2.658,34.0,-100.0,-100.0,-100.0,-8.0,0.0,-0.0,31.0,-99.431,-100.0,-100.0,32.0,2.0,0.0,30.0,-87.733,-88.0,-88.0,16.0,0.0,0.0,31.0,-99.931,-100.0,-100.0,8.0,0.0,0.0,30.0,8.78,9.756,9.756,-16.0,0.0,-0.0,31.0,23.093,23.299,23.299,-8.0,0.0,-0.0,31.0
78.0614,1,rev,-90.0,11.9,60.09,-90.0,60.977,-88.0,15.0,-3.748,34.0,-100.0,-100.0,-100.0,-8.0,0.0,-0.0,31.0,-99.431,-100.0,-100.0,32.0,2.0,0.0,30.0,-87.733,-88.0,-88.0,16.0,0.0,0.0,31.0,-99.931,-100.0,-100.0,8.0,0.0,0.0,30.0,8.78,9.756,9.756,-16.0,0.0,-0.0,31.0,23.093,23.299,23.299,-8.0,0.0,-0.0,31.0
78.1142,1,rev,-90.0,11.9,59.82,-90.0,60.764,-88.0,15.0,-4.265,34.0,-100.0,-100.0,-100.0,-8.0,0.0,-0.0,31.0,-99.431,-100.0,-100.0,32.0,2.0,0.0,30.0,-87.733,-88.0,-88.0,16.0,0.0,0.0,31.0,-99.931,-100.0,-100.0,8.0,0.0,0.0,30.0,8.78,9.756,9.756,-16.0,0.0,-0.0,31.0,23.093,23.299,23.299,-8.0,0.0,-0.0,31.0
78.1673,1,rev,-90.0,11.9,59.551,-90.0,60.551,-88.0,15.0,-5.127,34.0,-100.0,-100.0,-100.0,-8.0,0.0,-0.0,31.0,-99.431,-100.0,-100.0,32.0,2.0,0.0,30.0,-87.733,-88.0,-88.0,16.0,0.0,0.0,31.0,-99.931,-100.0,-100.0,8.0,0.0,0.0,30.0,8.78,9.756,9.756,-16.0,0.0,-0.0,31.0,23.093,23.299,23.299,-8.0,0.0,-0.0,31.0
78.2204,1,rev,-90.0,11.9,59.371,-90.0,60.444,-88.0,13.0,-5.614,34.0,-100.0,-100.0,-100.0,-8.0,0.0,-0.0,31.0,-99.431,-100.0,-100.0,32.0,2.0,0.0,30.0,-87.733,-88.0,-88.0,16.0,1.0,0.0,31.0,-99.931,-100.0,-100.0,8.0,0.0,0.0,30.0,8.78,9.756,9.756,-16.0,0.0,-0.0,31.0,23.093,23.299,23.299,-8.0,0.0,-0.0,31.0
78.2735,1,rev,-90.0,11.9,59.101,-90.0,60.11,-88.0,13.0,-4.431,34.0,-100.0,-100.0,-100.0,-8.0,0.0,-0.0,31.0,-99.431,-100.0,-100.0,32.0,2.0,0.0,30.0,-87.733,-88.0,-88.0,16.0,1.0,0.0,31.0,-99.931,-100.0,-100.0,8.0,0.0,0.0,30.0,8.78,9.756,9.756,-16.0,0.0,-0.0,31.0,23.093,23.299,23.299,-8.0,0.0,-0.0,31.0
78.3265,1,rev,-90.0,11.9,59.011,-90.0,59.897,-88.0,13.0,-2.877,34.0,-100.0,-100.0,-100.0,-8.0,0.0,-0.0,31.0,-99.431,-100.0,-100.0,32.0,2.0,0.0,30.0,-87.733,-88.0,-88.0,16.0,1.0,0.0,31.0,-99.931,-100.0,-100.0,8.0,0.0,0.0,30.0,8.78,9.756,9.756,-16.0,0.0,-0.0,31.0,23.093,23.299,23.299,-8.0,0.0,-0.0,31.0
78.3797,1,rev,-90.0,11.9,58.742,-90.0,59.68,-88.0,13.0,-4.141,34.0,-100.0,-100.0,-100.0,-8.0,0.0,-0.0,31.0,-99.431,-100.0,-100.0,32.0,2.0,0.0,30.0,-87.733,-88.0,-88.0,16.0,1.0,0.0,31.0,-99.931,-100.0,-100.0,8.0,0.0,0.0,30.0,8.78,9.756,9.756,-16.0,0.0,-0.0,31.0,23.093,23.299,23.299,-8.0,0.0,-0.0,31.0
78.4324,1,rev,-90.0,11.9,58.562,-90.0,59.468,-88.0,13.0,-3.751,34.0,-100.0,-100.0,-100.0,-8.0,0.0,-0.0,31.0,-99.431,-100.0,-100.0,32.0,2.0,0.0,30.0,-87.733,-88.0,-88.0,16.0,1.0,0.0,31.0,-99.931,-100.0,-100.0,8.0,0.0,0.0,30.0,8.78,9.756,9.756,-16.0,0.0,-0.0,31.0,23.093,23.299,23.299,-8.0,0.0,-0.0,31.0
78.4854,1,rev,-90.0,11.9,58.382,-90.0,59.255,-88.0,13.0,-3.564,34.0,-100.0,-100.0,-100.0,-8.0,0.0,-0.0,31.0,-99.431,-100.0,-100.0,32.0,2.0,0.0,30.0,-87.733,-88.0,-88.0,16.0,1.0,0.0,31.0,-99.931,-100.0,-100.0,8.0,0.0,0.0,30.0,8.78,9.756,9.756,-16.0,0.0,-0.0,31.0,23.093,23.299,23.299,-8.0,0.0,-0.0,31.0
78.5384,1,rev,-90.0,11.9,58.112,-90.0,59.041,-88.0,13.0,-4.148,34.0,-100.0,-100.0,-100.0,-8.0,0.0,-0.0,31.0,-99.431,-100.0,-100.0,32.0,2.0,0.0,30.0,-87.733,-88.0,-88.0,16.0,1.0,0.0,31.0,-99.931,-100.0,-100.0,8.0,0.0,0.0,30.0,8.78,9.756,9.756,-16.0,0.0,-0.0,31.0,23.093,23.299,23.299,-8.0,0.0,-0.0,31.0
78.5906,1,rev,-90.0,11.9,57.843,-90.0,58.824,-88.0,13.0,-4.431,34.0,-100.0,-100.0,-100.0,-8.0,0.0,-0.0,31.0,-99.431,-100.0,-100.0,32.0,2.0,0.0,30.0,-87.733,-88.0,-88.0,16.0,1.0,0.0,31.0,-99.931,-100.0,-100.0,8.0,0.0,0.0,30.0,8.78,9.756,9.756,-16.0,0.0,-0.0,31.0,23.093,23.299,23.299,-8.0,0.0,-0.0,31.0
78.6429,1,rev,-90.0,11.9,57.663,-90.0,58.609,-88.0,13.0,-3.57,34.0,-100.0,-100.0,-100.0,-8.0,0.0,-0.0,31.0,-99.431,-100.0,-100.0,32.0,2.0,0.0,30.0,-87.733,-88.0,-88.0,16.0,1.0,0.0,31.0,-99.931,-100.0,-100.0,8.0,0.0,0.0,30.0,8.78,9.756,9.756,-16.0,0.0,-0.0,31.0,23.093,23.299,23.299,-8.0,0.0,-0.0,31.0
78.696,1,rev,-90.0,11.9,57.573,-90.0,58.396,-88.0,13.0,-2.46,34.0,-100.0,-100.0,-100.0,-8.0,0.0,-0.0,31.0,-99.431,-100.0,-100.0,32.0,2.0,0.0,30.0,-87.733,-88.0,-88.0,16.0,1.0,0.0,31.0,-99.931,-100.0,-100.0,8.0,0.0,0.0,30.0,8.78,9.756,9.756,-16.0,0.0,-0.0,31.0,23.093,23.299,23.299,-8.0,0.0,-0.0,31.0
78.7492,1,rev,-90.0,11.9,57.393,-90.0,58.181,-88.0,13.0,-3.243,34.0,-100.0,-100.0,-100.0,-8.0,0.0,-0.0,31.0,-99.431,-100.0,-100.0,32.0,2.0,0.0,30.0,-87.733,-88.0,-88.0,16.0,1.0,0.0,31.0,-99.931,-100.0,-100.0,8.0,0.0,0.0,30.0,8.78,9.756,9.756,-16.0,0.0,-0.0,31.0,23.093,23.299,23.299,-8.0,0.0,-0.0,31.0
78.8029,1,rev,-90.0,11.9,57.393,-90.0,57.944,-64.0,9.0,-3.243,34.0,-100.0,-100.0,-100.0,-8.0,0.0,-0.0,31.0,-99.431,-100.0,-100.0,32.0,2.0,0.0,30.0,-87.733,-88.0,-88.0,16.0,0.0,0.0,31.0,-99.931,-100.0,-100.0,8.0,0.0,0.0,30.0,8.78,9.756,9.756,-16.0,0.0,-0.0,31.0,23.093,23.299,23.299,-8.0,0.0,-0.0,31.0
78.8553,1,rev,-90.0,11.9,56.944,-90.0,57.72,-64.0,9.0,-3.81,34.0,-100.0,-100.0,-100.0,-8.0,0.0,-0.0,31.0,-99.431,-100.0,-100.0,32.0,2.0,0.0,30.0,-87.733,-88.0,-88.0,16.0,0.0,0.0,31.0,-99.931,-100.0,-100.0,8.0,0.0,0.0,30.0,8.78,9.756,9.756,-16.0,0.0,-0.0,31.0,23.093,23.299,23.299,-8.0,0.0,-0.0,31.0
78.9083,1,rev,-90.0,11.9,56.584,-90.0,57.607,-64.0,9.0,-5.525,34.0,-100.0,-100.0,-100.0,-8.0,0.0,-0.0,31.0,-99.431,-100.0,-100.0,32.0,2.0,0.0,30.0,-87.733,-88.0,-88.0,16.0,0.0,0.0,31.0,-99.931,-100.0,-100.0,8.0,0.0,0.0,30.0,8.78,9.756,9.756,-16.0,0.0,-0.0,31.0,23.093,23.299,23.299,-8.0,0.0,-0.0,31.0
78.9611,1,rev,-90.0,11.9,56.404,-90.0,57.38,-64.0,9.0,-3.971,34.0,-100.0,-100.0,-100.0,-8.0,0.0,-0.0,31.0,-99.431,-100.0,-100.0,32.0,2.0,0.0,30.0,-87.733,-88.0,-88.0,16.0,0.0,0.0,31.0,-99.931,-100.0,-100.0,8.0,0.0,0.0,30.0,8.78,9.756,9.756,-16.0,0.0,-0.0,31.0,23.093,23.299,23.299,-8.0,0.0,-0.0,31.0
79.0143,1,rev,-90.0,11.9,56.225,-90.0,57.166,-64.0,9.0,-3.36,34.0,-100.0,-100.0,-100.0,-8.0,0.0,-0.0,31.0,-99.431,-100.0,-100.0,32.0,2.0,0.0,30.0,-87.733,-88.0,-88.0,16.0,0.0,0.0,31.0,-99.931,-100.0,-100.0,8.0,0.0,0.0,30.0,8.78,9.756,9.756,-16.0,0.0,-0.0,31.0,23.093,23.299,23.299,-8.0,0.0,-0.0,31.0
79.0674,1,rev,-90.0,11.9,56.135,-90.0,56.951,-64.0,9.0,-2.658,34.0,-100.0,-100.0,-100.0,-8.0,0.0,-0.0,31.0,-99.431,-100.0,-100.0,32.0,2.0,0.0,30.0,-87.733,-88.0,-88.0,16.0,0.0,0.0,31.0,-99.931,-100.0,-100.0,8.0,0.0,0.0,30.0,8.78,9.756,9.756,-16.0,0.0,-0.0,31.0,23.093,23.299,23.299,-8.0,0.0,-0.0,31.0
79.1204,1,rev,-90.0,11.9,55.955,-90.0,56.738,-64.0,9.0,-3.326,34.0,-100.0,-100.0,-100.0,-8.0,0.0,-0.0,31.0,-99.431,-100.0,-100.0,32.0,2.0,0.0,30.0,-87.733,-88.0,-88.0,16.0,0.0,0.0,31.0,-99.931,-100.0,-100.0,8.0,0.0,0.0,30.0,8.78,9.756,9.756,-16.0,0.0,-0.0,31.0,23.093,23.299,23.299,-8.0,0.0,-0.0,31.0
79.1724,1,rev,-90.0,11.9,55.596,-90.0,56.525,-64.0,9.0,-5.083,34.0,-100.0,-100.0,-100.0,-8.0,0.0,-0.0,31.0,-99.431,-100.0,-100.0,32.0,2.0,0.0,30.0,-87.733,-88.0,-88.0,16.0,0.0,0.0,31.0,-99.931,-100.0,-100.0,8.0,0.0,0.0,30.0,8.78,9.756,9.756,-16.0,0.0,-0.0,31.0,23.093,23.299,23.299,-8.0,0.0,-0.0,31.0
79.2253,1,rev,-90.0,11.9,55.506,-90.0,56.312,-64.0,9.0,-3.195,34.0,-100.0,-100.0,-100.0,-8.0,0.0,-0.0,31.0,-99.431,-100.0,-100.0,32.0,2.0,0.0,30.0,-87.733,-88.0,-88.0,16.0,0.0,0.0,31.0,-99.931,-100.0,-100.0,8.0,0.0,0.0,30.0,8.78,9.756,9.756,-16.0,0.0,-0.0,31.0,23.093,23.299,23.299,-8.0,0.0,-0.0,31.0
79.2782,1,rev,-90.0,11.9,55.056,-90.0,56.097,-64.0,9.0,-5.722,34.0,-100.0,-100.0,-100.0,-8.0,0.0,-0.0,31.0,-99.431,-100.0,-100.0,32.0,2.0,0.0,30.0,-87.733,-88.0,-88.0,16.0,0.0,0.0,31.0,-99.931,-100.0,-100.0,8.0,0.0,0.0,30.0,8.78,9.756,9.756,-16.0,0.0,-0.0,31.0,23.093,23.299,23.299,-8.0,0.0,-0.0,31.0
79.3315,1,rev,-90.0,11.9,54.787,-90.0,55.885,-64.0,9.0,-5.503,34.0,-100.0,-100.0,-100.0,-8.0,0.0,-0.0,31.0,-99.431,-100.0,-100.0,32.0,2.0,0.0,30.0,-87.733,-88.0,-88.0,16.0,0.0,0.0,31.0,-99.931,-100.0,-100.0,8.0,0.0,0.0,30.0,8.78,9.756,9.756,-16.0,0.0,-0.0,31.0,23.093,23.299,23.299,-8.0,0.0,-0.0,31.0
79.3839,1,rev,-90.0,11.9,54.787,-90.0,55.653,-84.0,12.0,-3.852,34.0,-100.0,-100.0,-100.0,-8.0,0.0,-0.0,31.0,-99.431,-100.0,-100.0,32.0,1.0,0.0,30.0,-87.733,-88.0,-88.0,16.0,0.0,0.0,31.0,-99.931,-100.0,-100.0,8.0,0.0,0.0,30.0,8.78,9.756,9.756,-16.0,0.0,-0.0,31.0,23.093,23.299,23.299,-8.0,0.0,-0.0,31.0
79.4372,1,rev,-90.0,11.9,54.607,-90.0,55.439,-84.0,12.0,-3.613,34.0,-100.0,-100.0,-100.0,-8.0,0.0,-0.0,31.0,-99.431,-100.0,-100.0,32.0,1.0,0.0,30.0,-87.733,-88.0,-88.0,16.0,0.0,0.0,31.0,-99.931,-100.0,-100.0,8.0,0.0,0.0,30.0,8.78,9.756,9.756,-16.0,0.0,-0.0,31.0,23.093,23.299,23.299,-8.0,0.0,-0.0,31.0
79.4895,1,rev,-90.0,11.9,54.337,-90.0,55.225,-84.0,12.0,-4.462,34.0,-100.0,-100.0,-100.0,-8.0,0.0,-0.0,31.0,-99.431,-100.0,-100.0,32.0,1.0,0.0,30.0,-87.733,-88.0,-88.0,16.0,0.0,0.0,31.0,-99.931,-100.0,-100.0,8.0,0.0,0.0,30.0,8.78,9.756,9.756,-16.0,0.0,-0.0,31.0,23.093,23.299,23.299,-8.0,0.0,-0.0,31.0
79.5428,1,rev,-90.0,11.9,54.067,-90.0,55.008,-84.0,12.0,-4.583,34.0,-100.0,-100.0,-100.0,-8.0,0.0,-0.0,31.0,-99.431,-100.0,-100.0,32.0,1.0,0.0,30.0,-87.733,-88.0,-88.0,16.0,0.0,0.0,31.0,-99.931,-100.0,-100.0,8.0,0.0,0.0,30.0,8.78,9.756,9.756,-16.0,0.0,-0.0,31.0,23.093,23.299,23.299,-8.0,0.0,-0.0,31.0
79.5956,1,rev,-90.0,11.9,53.888,-90.0,54.795,-84.0,12.0,-4.28,34.0,-100.0,-100.0,-100.0,-8.0,0.0,-0.0,31.0,-99.431,-100.0,-100.0,32.0,1.0,0.0,30.0,-87.733,-88.0,-88.0,16.0,0.0,0.0,31.0,-99.931,-100.0,-100.0,8.0,0.0,0.0,30.0,8.78,9.756,9.756,-16.0,0.0,-0.0,31.0,23.093,23.299,23.299,-8.0,0.0,-0.0,31.0
79.6482,1,rev,-90.0,11.9,53.618,-90.0,54.581,-84.0,12.0,-4.807,34.0,-100.0,-100.0,-100.0,-8.0,0.0,-0.0,31.0,-99.431,-100.0,-100.0,32.0,1.0,0.0,30.0,-87.733,-88.0,-88.0,16.0,0.0,0.0,31.0,-99.931,-100.0,-100.0,8.0,0.0,0.0,30.0,8.78,9.756,9.756,-16.0,0.0,-0.0,31.0,23.093,23.299,23.299,-8.0,0.0,-0.0,31.0
79.7016,1,rev,-90.0,11.9,53.348,-90.0,54.366,-84.0,12.0,-4.76,34.0,-100.0,-100.0,-100.0,-8.0,0.0,-0.0,31.0,-99.431,-100.0,-100.0,32.0,1.0,0.0,30.0,-87.733,-88.0,-88.0,16.0,0.0,0.0,31.0,-99.931,-100.0,-100.0,8.0,0.0,0.0,30.0,8.78,9.756,9.756,-16.0,0.0,-0.0,31.0,23.093,23.299,23.299,-8.0,0.0,-0.0,31.0
79.7548,1,rev,-90.0,11.9,53.258,-90.0,54.152,-84.0,12.0,-3.325,34.0,-100.0,-100.0,-100.0,-8.0,0.0,-0.0,31.0,-99.431,-100.0,-100.0,32.0,1.0,0.0,30.0,-87.733,-88.0,-88.0,16.0,0.0,0.0,31.0,-99.931,-100.0,-100.0,8.0,0.0,0.0,30.0,8.78,9.756,9.756,-16.0,0.0,-0.0,31.0,23.093,23.299,23.299,-8.0,0.0,-0.0,31.0
79.8087,1,rev,-90.0,11.9,53.169,-90.0,53.935,-84.0,12.0,-2.638,34.0,-100.0,-100.0,-100.0,-8.0,0.0,-0.0,31.0,-99.431,-100.0,-100.0,32.0,1.0,0.0,30.0,-87.733,-88.0,-88.0,16.0,0.0,0.0,31.0,-99.931,-100.0,-100.0,8.0,0.0,0.0,30.0,8.78,9.756,9.756,-16.0,0.0,-0.0,31.0,23.093,23.299,23.299,-8.0,0.0,-0.0,31.0
79.8617,1,rev,-90.0,11.9,52.809,-90.0,53.722,-84.0,12.0,-4.429,34.0,-100.0,-100.0,-100.0,-8.0,0.0,-0.0,31.0,-99.431,-100.0,-100.0,32.0,1.0,0.0,30.0,-87.733,-88.0,-88.0,16.0,0.0,0.0,31.0,-99.931,-100.0,-100.0,8.0,0.0,0.0,30.0,8.78,9.756,9.756,-16.0,0.0,-0.0,31.0,23.093,23.299,23.299,-8.0,0.0,-0.0,31.0
79.9148,1,rev,-90.0,11.9,52.629,-90.0,53.615,-84.0,12.0,-5.084,34.0,-100.0,-100.0,-100.0,-8.0,0.0,-0.0,31.0,-99.431,-100.0,-100.0,32.0,1.0,0.0,30.0,-87.733,-88.0,-88.0,16.0,0.0,0.0,31.0,-99.931,-100.0,-100.0,8.0,0.0,0.0,30.0,8.78,9.756,9.756,-16.0,0.0,-0.0,31.0,23.093,23.299,23.299,-8.0,0.0,-0.0,31.0
79.9672,1,rev,-90.0,11.9,52.449,-90.0,53.265,-76.0,9.0,-4.457,34.0,-100.0,-100.0,-100.0,-8.0,0.0,-0.0,31.0,-99.431,-100.0,-100.0,32.0,2.0,0.0,30.0,-87.733,-88.0,-88.0,16.0,0.0,0.0,31.0,-99.931,-100.0,-100.0,8.0,0.0,0.0,30.0,8.78,9.756,9.756,-16.0,0.0,-0.0,31.0,23.093,23.299,23.299,-8.0,0.0,-0.0,31.0
80.0201,1,rev,-90.0,11.9,52.09,-90.0,53.146,-76.0,9.0,-5.472,34.0,-100.0,-100.0,-100.0,-8.0,0.0,-0.0,31.0,-99.431,-100.0,-100.0,32.0,2.0,0.0,30.0,-87.733,-88.0,-88.0,16.0,0.0,0.0,31.0,-99.931,-100.0,-100.0,8.0,0.0,0.0,30.0,8.78,9.756,9.756,-16.0,0.0,-0.0,31.0,23.093,23.299,23.299,-8.0,0.0,-0.0,31.0
80.0725,1,rev,-90.0,11.9,51.91,-90.0,52.932,-76.0,9.0,-4.687,34.0,-100.0,-100.0,-100.0,-8.0,0.0,-0.0,31.0,-99.431,-100.0,-100.0,32.0,2.0,0.0,30.0,-87.733,-88.0,-88.0,16.0,0.0,0.0,31.0,-99.931,-100.0,-100.0,8.0,0.0,0.0,30.0,8.78,9.756,9.756,-16.0,0.0,-0.0,31.0,23.093,23.299,23.299,-8.0,0.0,-0.0,31.0
80.1258,1,rev,-90.0,11.9,51.82,-90.0,52.719,-76.0,9.0,-3.316,34.0,-100.0,-100.0,-100.0,-8.0,0.0,-0.0,31.0,-99.431,-100.0,-100.0,32.0,2.0,0.0,30.0,-87.733,-88.0,-88.0,16.0,0.0,0.0,31.0,-99.931,-100.0,-100.0,8.0,0.0,0.0,30.0,8.78,9.756,9.756,-16.0,0.0,-0.0,31.0,23.093,23.299,23.299,-8.0,0.0,-0.0,31.0
80.1788,1,rev,-90.0,11.9,51.64,-90.0,52.507,-76.0,9.0,-3.643,34.0,-100.0,-100.0,-100.0,-8.0,0.0,-0.0,31.0,-99.431,-100.0,-100.0,32.0,2.0,0.0,30.0,-87.733,-88.0,-88.0,16.0,0.0,0.0,31.0,-99.931,-100.0,-100.0,8.0,0.0,0.0,30.0,8.78,9.756,9.756,-16.0,0.0,-0.0,31.0,23.093,23.299,23.299,-8.0,0.0,-0.0,31.0
80.2322,1,rev,-90.0,11.9,51.461,-90.0,52.292,-76.0,9.0,-3.473,34.0,-100.0,-100.0,-100.0,-8.0,0.0,-0.0,31.0,-99.431,-100.0,-100.0,32.0,2.0,0.0,30.0,-87.733,-88.0,-88.0,16.0,0.0,0.0,31.0,-99.931,-100.0,-100.0,8.0,0.0,0.0,30.0,8.78,9.756,9.756,-16.0,0.0,-0.0,31.0,23.093,23.299,23.299,-8.0,0.0,-0.0,31.0
80.2856,1,rev,-90.0,11.9,51.281,-90.0,52.077,-76.0,9.0,-3.122,34.0,-100.0,-100.0,-100.0,-8.0,0.0,-0.0,31.0,-99.431,-100.0,-100.0,32.0,2.0,0.0,30.0,-87.733,-88.0,-88.0,16.0,0.0,0.0,31.0,-99.931,-100.0,-100.0,8.0,0.0,0.0,30.0,8.78,9.756,9.756,-16.0,0.0,-0.0,31.0,23.093,23.299,23.299,-8.0,0.0,-0.0,31.0
80.3386,1,rev,-90.0,11.9,51.011,-90.0,51.862,-76.0,9.0,-4.268,34.0,-100.0,-100.0,-100.0,-8.0,0.0,-0.0,31.0,-99.431,-100.0,-100.0,32.0,2.0,0.0,30.0,-87.733,-88.0,-88.0,16.0,0.0,0.0,31.0,-99.931,-100.0,-100.0,8.0,0.0,0.0,30.0,8.78,9.756,9.756,-16.0,0.0,-0.0,31.0,23.093,23.299,23.299,-8.0,0.0,-0.0,31.0
80.3909,1,rev,-90.0,11.9,50.742,-90.0,51.649,-76.0,9.0,-4.806,34.0,-100.0,-100.0,-100.0,-8.0,0.0,-0.0,31.0,-99.431,-100.0,-100.0,32.0,2.0,0.0,30.0,-87.733,-88.0,-88.0,16.0,0.0,0.0,31.0,-99.931,-100.0,-100.0,8.0,0.0,0.0,30.0,8.78,9.756,9.756,-16.0,0.0,-0.0,31.0,23.093,23.299,23.299,-8.0,0.0,-0.0,31.0
80.4442,1,rev,-90.0,11.9,50.562,-90.0,51.435,-76.0,9.0,-4.066,34.0,-100.0,-100.0,-100.0,-8.0,0.0,-0.0,31.0,-99.431,-100.0,-100.0,32.0,2.0,0.0,30.0,-87.733,-88.0,-88.0,16.0,0.0,0.0,31.0,-99.931,-100.0,-100.0,8.0,0.0,0.0,30.0,8.78,9.756,9.756,-16.0,0.0,-0.0,31.0,23.093,23.299,23.299,-8.0,0.0,-0.0,31.0
80.4973,1,rev,-90.0,11.9,50.472,-90.0,51.327,-68.0,6.0,-3.845,34.0,-100.0,-100.0,-100.0,-8.0,0.0,-0.0,31.0,-99.431,-100.0,-100.0,32.0,2.0,0.0,30.0,-87.733,-88.0,-88.0,16.0,1.0,0.0,31.0,-99.931,-100.0,-100.0,8.0,1.0,0.0,30.0,8.78,9.756,9.756,-16.0,0.0,-0.0,31.0,23.093,23.299,23.299,-8.0,0.0,-0.0,31.0
80.5502,1,rev,-90.0,11.9,50.292,-90.0,50.991,-68.0,6.0,-3.219,34.0,-100.0,-100.0,-100.0,-8.0,0.0,-0.0,31.0,-99.431,-100.0,-100.0,32.0,2.0,0.0,30.0,-87.733,-88.0,-88.0,16.0,1.0,0.0,31.0,-99.931,-100.0,-100.0,8.0,1.0,0.0,30.0,8.78,9.756,9.756,-16.0,0.0,-0.0,31.0,23.093,23.299,23.299,-8.0,0.0,-0.0,31.0
80.6032,1,rev,-90.0,11.9,49.933,-90.0,50.777,-68.0,6.0,-5.007,34.0,-100.0,-100.0,-100.0,-8.0,0.0,-0.0,31.0,-99.431,-100.0,-100.0,32.0,2.0,0.0,30.0,-87.733,-88.0,-88.0,16.0,1.0,0.0,31.0,-99.931,-100.0,-100.0,8.0,1.0,0.0,30.0,8.78,9.756,9.756,-16.0,0.0,-0.0,31.0,23.093,23.299,23.299,-8.0,0.0,-0.0,31.0
80.6562,1,rev,-90.0,11.9,49.753,-90.0,50.563,-68.0,6.0,-3.863,34.0,-100.0,-100.0,-100.0,-8.0,0.0,-0.0,31.0,-99.431,-100.0,-100.0,32.0,2.0,0.0,30.0,-87.733,-88.0,-88.0,16.0,1.0,0.0,31.0,-99.931,-100.0,-100.0,8.0,1.0,0.0,30.0,8.78,9.756,9.756,-16.0,0.0,-0.0,31.0,23.093,23.299,23.299,-8.0,0.0,-0.0,31.0
80.7093,1,rev,-90.0,11.9,49.483,-90.0,50.351,-68.0,6.0,-4.624,34.0,-100.0,-100.0,-100.0,-8.0,0.0,-0.0,31.0,-99.431,-100.0,-100.0,32.0,2.0,0.0,30.0,-87.733,-88.0,-88.0,16.0,1.0,0.0,31.0,-99.931,-100.0,-100.0,8.0,1.0,0.0,30.0,8.78,9.756,9.756,-16.0,0.0,-0.0,31.0,23.093,23.299,23.299,-8.0,0.0,-0.0,31.0
80.7624,1,rev,-90.0,11.9,49.213,-90.0,50.137,-68.0,6.0,-4.683,34.0,-100.0,-100.0,-100.0,-8.0,0.0,-0.0,31.0,-99.431,-100.0,-100.0,32.0,2.0,0.0,30.0,-87.733,-88.0,-88.0,16.0,1.0,0.0,31.0,-99.931,-100.0,-100.0,8.0,1.0,0.0,30.0,8.78,9.756,9.756,-16.0,0.0,-0.0,31.0,23.093,23.299,23.299,-8.0,0.0,-0.0,31.0
80.8163,1,rev,-90.0,11.9,49.034,-90.0,49.924,-68.0,6.0,-4.331,34.0,-100.0,-100.0,-100.0,-8.0,0.0,-0.0,31.0,-99.431,-100.0,-100.0,32.0,2.0,0.0,30.0,-87.733,-88.0,-88.0,16.0,1.0,0.0,31.0,-99.931,-100.0,-100.0,8.0,1.0,0.0,30.0,8.78,9.756,9.756,-16.0,0.0,-0.0,31.0,23.093,23.299,23.299,-8.0,0.0,-0.0,31.0
80.8689,1,rev,-90.0,11.9,48.944,-90.0,49.711,-68.0,6.0,-2.831,34.0,-100.0,-100.0,-100.0,-8.0,0.0,-0.0,31.0,-99.431,-100.0,-100.0,32.0,2.0,0.0,30.0,-87.733,-88.0,-88.0,16.0,1.0,0.0,31.0,-99.931,-100.0,-100.0,8.0,1.0,0.0,30.0,8.78,9.756,9.756,-16.0,0.0,-0.0,31.0,23.093,23.299,23.299,-8.0,0.0,-0.0,31.0
80.922,1,rev,-90.0,11.9,48.764,-90.0,49.496,-68.0,6.0,-3.417,34.0,-100.0,-100.0,-100.0,-8.0,0.0,-0.0,31.0,-99.431,-100.0,-100.0,32.0,2.0,0.0,30.0,-87.733,-88.0,-88.0,16.0,1.0,0.0,31.0,-99.931,-100.0,-100.0,8.0,1.0,0.0,30.0,8.78,9.756,9.756,-16.0,0.0,-0.0,31.0,23.093,23.299,23.299,-8.0,0.0,-0.0,31.0
80.9752,1,rev,-90.0,11.9,48.584,-90.0,49.282,-68.0,6.0,-3.389,34.0,-100.0,-100.0,-100.0,-8.0,0.0,-0.0,31.0,-99.431,-100.0,-100.0,32.0,2.0,0.0,30.0,-87.733,-88.0,-88.0,16.0,1.0,0.0,31.0,-99.931,-100.0,-100.0,8.0,1.0,0.0,30.0,8.78,9.756,9.756,-16.0,0.0,-0.0,31.0,23.093,23.299,23.299,-8.0,0.0,-0.0,31.0
81.0283,1,rev,-90.0,11.9,48.315,-90.0,49.07,-68.0,6.0,-3.799,34.0,-100.0,-100.0,-100.0,-8.0,0.0,-0.0,31.0,-99.431,-100.0,-100.0,32.0,2.0,0.0,30.0,-87.733,-88.0,-88.0,16.0,1.0,0.0,31.0,-99.931,-100.0,-100.0,8.0,1.0,0.0,30.0,8.78,9.756,9.756,-16.0,0.0,-0.0,31.0,23.093,23.299,23.299,-8.0,0.0,-0.0,31.0
81.081,1,rev,-90.0,11.9,48.315,-90.0,48.831,-64.0,7.0,-3.799,34.0,-100.0,-100.0,-100.0,-8.0,0.0,-0.0,31.0,-99.431,-100.0,-100.0,32.0,2.0,0.0,30.0,-87.733,-88.0,-88.0,16.0,0.0,0.0,31.0,-99.931,-100.0,-100.0,8.0,0.0,0.0,30.0,8.78,9.756,9.756,-16.0,1.0,-0.0,31.0,23.093,23.299,23.299,-8.0,0.0,-0.0,31.0
81.1343,1,rev,-90.0,11.9,47.955,-90.0,48.606,-64.0,7.0,-3.775,34.0,-100.0,-100.0,-100.0,-8.0,0.0,-0.0,31.0,-99.431,-100.0,-100.0,32.0,2.0,0.0,30.0,-87.733,-88.0,-88.0,16.0,0.0,0.0,31.0,-99.931,-100.0,-100.0,8.0,0.0,0.0,30.0,8.78,9.756,9.756,-16.0,1.0,-0.0,31.0,23.093,23.299,23.299,-8.0,0.0,-0.0,31.0
81.1878,1,rev,-90.0,11.9,47.596,-90.0,48.489,-64.0,7.0,-4.786,34.0,-100.0,-100.0,-100.0,-8.0,0.0,-0.0,31.0,-99.431,-100.0,-100.0,32.0,2.0,0.0,30.0,-87.733,-88.0,-88.0,16.0,0.0,0.0,31.0,-99.931,-100.0,-100.0,8.0,0.0,0.0,30.0,8.78,9.756,9.756,-16.0,1.0,-0.0,31.0,23.093,23.299,23.299,-8.0,0.0,-0.0,31.0
81.2405,1,rev,-90.0,11.9,47.506,-90.0,48.264,-64.0,7.0,-2.984,34.0,-100.0,-100.0,-100.0,-8.0,0.0,-0.0,31.0,-99.431,-100.0,-100.0,32.0,2.0,0.0,30.0,-87.733,-88.0,-88.0,16.0,0.0,0.0,31.0,-99.931,-100.0,-100.0,8.0,0.0,0.0,30.0,8.78,9.756,9.756,-16.0,1.0,-0.0,31.0,23.093,23.299,23.299,-8.0,0.0,-0.0,31.0
81.2935,1,rev,-90.0,11.9,47.326,-90.0,48.05,-64.0,7.0,-3.49,34.0,-100.0,-100.0,-100.0,-8.0,0.0,-0.0,31.0,-99.431,-100.0,-100.0,32.0,2.0,0.0,30.0,-87.733,-88.0,-88.0,16.0,0.0,0.0,31.0,-99.931,-100.0,-100.0,8.0,0.0,0.0,30.0,8.78,9.756,9.756,-16.0,1.0,-0.0,31.0,23.093,23.299,23.299,-8.0,0.0,-0.0,31.0
81.3465,1,rev,-90.0,11.9,46.966,-90.0,47.838,-64.0,7.0,-5.154,34.0,-100.0,-100.0,-100.0,-8.0,0.0,-0.0,31.0,-99.431,-100.0,-100.0,32.0,2.0,0.0,30.0,-87.733,-88.0,-88.0,16.0,0.0,0.0,31.0,-99.931,-100.0,-100.0,8.0,0.0,0.0,30.0,8.78,9.756,9.756,-16.0,1.0,-0.0,31.0,23.093,23.299,23.299,-8.0,0.0,-0.0,31.0
81.3994,1,rev,-90.0,11.9,46.876,-90.0,47.625,-64.0,7.0,-3.238,34.0,-100.0,-100.0,-100.0,-8.0,0.0,-0.0,31.0,-99.431,-100.0,-100.0,32.0,2.0,0.0,30.0,-87.733,-88.0,-88.0,16.0,0.0,0.0,31.0,-99.931,-100.0,-100.0,8.0,0.0,0.0,30.0,8.78,9.756,9.756,-16.0,1.0,-0.0,31.0,23.093,23.299,23.299,-8.0,0.0,-0.0,31.0
81.4527,1,rev,-90.0,11.9,46.697,-90.0,47.411,-64.0,7.0,-3.309,34.0,-100.0,-100.0,-100.0,-8.0,0.0,-0.0,31.0,-99.431,-100.0,-100.0,32.0,2.0,0.0,30.0,-87.733,-88.0,-88.0,16.0,0.0,0.0,31.0,-99.931,-100.0,-100.0,8.0,0.0,0.0,30.0,8.78,9.756,9.756,-16.0,1.0,-0.0,31.0,23.093,23.299,23.299,-8.0,0.0,-0.0,31.0
81.5056,1,rev,-90.0,11.9,46.337,-90.0,47.199,-64.0,7.0,-4.761,34.0,-100.0,-100.0,-100.0,-8.0,0.0,-0.0,31.0,-99.431,-100.0,-100.0,32.0,2.0,0.0,30.0,-87.733,-88.0,-88.0,16.0,0.0,0.0,31.0,-99.931,-100.0,-100.0,8.0,0.0,0.0,30.0,8.78,9.756,9.756,-16.0,1.0,-0.0,31.0,23.093,23.299,23.299,-8.0,0.0,-0.0,31.0
81.5587,1,rev,-90.0,11.9,46.157,-90.0,46.986,-64.0,7.0,-4.351,34.0,-100.0,-100.0,-100.0,-8.0,0.0,-0.0,31.0,-99.431,-100.0,-100.0,32.0,2.0,0.0,30.0,-87.733,-88.0,-88.0,16.0,0.0,0.0,31.0,-99.931,-100.0,-100.0,8.0,0.0,0.0,30.0,8.78,9.756,9.756,-16.0,1.0,-0.0,31.0,23.093,23.299,23.299,-8.0,0.0,-0.0,31.0
81.6116,1,rev,-90.0,11.9,46.067,-90.0,46.771,-64.0,7.0,-3.144,34.0,-100.0,-100.0,-100.0,-8.0,0.0,-0.0,31.0,-99.431,-100.0,-100.0,32.0,2.0,0.0,30.0,-87.733,-88.0,-88.0,16.0,0.0,0.0,31.0,-99.931,-100.0,-100.0,8.0,0.0,0.0,30.0,8.78,9.756,9.756,-16.0,1.0,-0.0,31.0,23.093,23.299,23.299,-8.0,0.0,-0.0,31.0
81.6645,1,rev,-90.0,11.9,45.798,-90.0,46.534,-52.0,5.0,-3.567,34.0,-100.0,-100.0,-100.0,-8.0,0.0,-0.0,31.0,-99.431,-100.0,-100.0,32.0,1.0,0.0,30.0,-87.733,-88.0,-88.0,16.0,0.0,0.0,31.0,-99.931,-100.0,-100.0,8.0,0.0,0.0,30.0,8.78,9.756,9.756,-16.0,0.0,-0.0,31.0,23.093,23.299,23.299,-8.0,0.0,-0.0,31.0
81.7175,1,rev,-90.0,11.9,45.528,-90.0,46.321,-52.0,5.0,-4.481,34.0,-100.0,-100.0,-100.0,-8.0,0.0,-0.0,31.0,-99.431,-100.0,-100.0,32.0,1.0,0.0,30.0,-87.733,-88.0,-88.0,16.0,0.0,0.0,31.0,-99.931,-100.0,-100.0,8.0,0.0,0.0,30.0,8.78,9.756,9.756,-16.0,0.0,-0.0,31.0,23.093,23.299,23.299,-8.0,0.0,-0.0,31.0
81.7706,1,rev,-90.0,11.9,45.258,-90.0,46.107,-52.0,5.0,-4.917,34.0,-100.0,-100.0,-100.0,-8.0,0.0,-0.0,31.0,-99.431,-100.0,-100.0,32.0,1.0,0.0,30.0,-87.733,-88.0,-88.0,16.0,0.0,0.0,31.0,-99.931,-100.0,-100.0,8.0,0.0,0.0,30.0,8.78,9.756,9.756,-16.0,0.0,-0.0,31.0,23.093,23.299,23.299,-8.0,0.0,-0.0,31.0
81.8244,1,rev,-90.0,11.9,44.989,-90.0,45.894,-52.0,5.0,-5.155,34.0,-100.0,-100.0,-100.0,-8.0,0.0,-0.0,31.0,-99.431,-100.0,-100.0,32.0,1.0,0.0,30.0,-87.733,-88.0,-88.0,16.0,0.0,0.0,31.0,-99.931,-100.0,-100.0,8.0,0.0,0.0,30.0,8.78,9.756,9.756,-16.0,0.0,-0.0,31.0,23.093,23.299,23.299,-8.0,0.0,-0.0,31.0
81.8775,1,rev,-90.0,11.9,44.809,-90.0,45.681,-52.0,5.0,-4.237,34.0,-100.0,-100.0,-100.0,-8.0,0.0,-0.0,31.0,-99.431,-100.0,-100.0,32.0,1.0,0.0,30.0,-87.733,-88.0,-88.0,16.0,0.0,0.0,31.0,-99.931,-100.0,-100.0,8.0,0.0,0.0,30.0,8.78,9.756,9.756,-16.0,0.0,-0.0,31.0,23.093,23.299,23.299,-8.0,0.0,-0.0,31.0
81.9305,1,rev,-90.0,11.9,44.629,-90.0,45.467,-52.0,5.0,-3.499,34.0,-100.0,-100.0,-100.0,-8.0,0.0,-0.0,31.0,-99.431,-100.0,-100.0,32.0,1.0,0.0,30.0,-87.733,-88.0,-88.0,16.0,0.0,0.0,31.0,-99.931,-100.0,-100.0,8.0,0.0,0.0,30.0,8.78,9.756,9.756,-16.0,0.0,-0.0,31.0,23.093,23.299,23.299,-8.0,0.0,-0.0,31.0
81.9836,1,rev,-90.0,11.9,44.629,-90.0,45.254,-52.0,5.0,-1.715,34.0,-100.0,-100.0,-100.0,-8.0,0.0,-0.0,31.0,-99.431,-100.0,-100.0,32.0,1.0,0.0,30.0,-87.733,-88.0,-88.0,16.0,0.0,0.0,31.0,-99.931,-100.0,-100.0,8.0,0.0,0.0,30.0,8.78,9.756,9.756,-16.0,0.0,-0.0,31.0,23.093,23.299,23.299,-8.0,0.0,-0.0,31.0
82.036,1,rev,-90.0,11.9,44.36,-90.0,45.041,-52.0,5.0,-3.576,34.0,-100.0,-100.0,-100.0,-8.0,0.0,-0.0,31.0,-99.431,-100.0,-100.0,32.0,1.0,0.0,30.0,-87.733,-88.0,-88.0,16.0,0.0,0.0,31.0,-99.931,-100.0,-100.0,8.0,0.0,0.0,30.0,8.78,9.756,9.756,-16.0,0.0,-0.0,31.0,23.093,23.299,23.299,-8.0,0.0,-0.0,31.0
82.0897,1,rev,-90.0,11.9,44.09,-90.0,44.828,-52.0,5.0,-4.177,34.0,-100.0,-100.0,-100.0,-8.0,0.0,-0.0,31.0,-99.431,-100.0,-100.0,32.0,1.0,0.0,30.0,-87.733,-88.0,-88.0,16.0,0.0,0.0,31.0,-99.931,-100.0,-100.0,8.0,0.0,0.0,30.0,8.78,9.756,9.756,-16.0,0.0,-0.0,31.0,23.093,23.299,23.299,-8.0,0.0,-0.0,31.0
82.1426,1,rev,-90.0,11.9,44.0,-90.0,44.614,-52.0,5.0,-2.75,34.0,-100.0,-100.0,-100.0,-8.0,0.0,-0.0,31.0,-99.431,-100.0,-100.0,32.0,1.0,0.0,30.0,-87.733,-88.0,-88.0,16.0,0.0,0.0,31.0,-99.931,-100.0,-100.0,8.0,0.0,0.0,30.0,8.78,9.756,9.756,-16.0,0.0,-0.0,31.0,23.093,23.299,23.299,-8.0,0.0,-0.0,31.0
82.1956,1,rev,-90.0,11.9,43.82,-90.0,44.506,-56.0,7.0,-3.965,34.0,-100.0,-100.0,-100.0,-8.0,0.0,-0.0,31.0,-99.431,-100.0,-100.0,32.0,2.0,0.0,30.0,-87.733,-88.0,-88.0,16.0,1.0,0.0,31.0,-99.931,-100.0,-100.0,8.0,0.0,0.0,30.0,8.78,9.756,9.756,-16.0,0.0,-0.0,31.0,23.093,23.299,23.299,-8.0,0.0,-0.0,31.0
82.2487,1,rev,-90.0,11.9,43.461,-90.0,44.173,-56.0,7.0,-3.272,34.0,-100.0,-100.0,-100.0,-8.0,0.0,-0.0,31.0,-99.431,-100.0,-100.0,32.0,2.0,0.0,30.0,-87.733,-88.0,-88.0,16.0,1.0,0.0,31.0,-99.931,-100.0,-100.0,8.0,0.0,0.0,30.0,8.78,9.756,9.756,-16.0,0.0,-0.0,31.0,23.093,23.299,23.299,-8.0,0.0,-0.0,31.0
82.3015,1,rev,-90.0,11.9,43.191,-90.0,43.959,-56.0,7.0,-4.033,34.0,-100.0,-100.0,-100.0,-8.0,0.0,-0.0,31.0,-99.431,-100.0,-100.0,32.0,2.0,0.0,30.0,-87.733,-88.0,-88.0,16.0,1.0,0.0,31.0,-99.931,-100.0,-100.0,8.0,0.0,0.0,30.0,8.78,9.756,9.756,-16.0,0.0,-0.0,31.0,23.093,23.299,23.299,-8.0,0.0,-0.0,31.0
82.3538,1,rev,-90.0,11.9,43.101,-90.0,43.745,-56.0,7.0,-2.985,34.0,-100.0,-100.0,-100.0,-8.0,0.0,-0.0,31.0,-99.431,-100.0,-100.0,32.0,2.0,0.0,30.0,-87.733,-88.0,-88.0,16.0,1.0,0.0,31.0,-99.931,-100.0,-100.0,8.0,0.0,0.0,30.0,8.78,9.756,9.756,-16.0,0.0,-0.0,31.0,23.093,23.299,23.299,-8.0,0.0,-0.0,31.0
82.4068,1,rev,-90.0,11.9,43.011,-90.0,43.53,-56.0,7.0,-3.091,34.0,-100.0,-100.0,-100.0,-8.0,0.0,-0.0,31.0,-99.431,-100.0,-100.0,32.0,2.0,0.0,30.0,-87.733,-88.0,-88.0,16.0,1.0,0.0,31.0,-99.931,-100.0,-100.0,8.0,0.0,0.0,30.0,8.78,9.756,9.756,-16.0,0.0,-0.0,31.0,23.093,23.299,23.299,-8.0,0.0,-0.0,31.0
82.4602,1,rev,-90.0,11.9,42.652,-90.0,43.306,-56.0,7.0,-4.82,34.0,-100.0,-100.0,-100.0,-8.0,0.0,-0.0,31.0,-99.431,-100.0,-100.0,32.0,2.0,0.0,30.0,-87.733,-88.0,-88.0,16.0,1.0,0.0,31.0,-99.931,-100.0,-100.0,8.0,0.0,0.0,30.0,8.78,9.756,9.756,-16.0,0.0,-0.0,31.0,23.093,23.299,23.299,-8.0,0.0,-0.0,31.0
82.5136,1,rev,-90.0,11.9,42.472,-90.0,43.081,-56.0,7.0,-4.015,34.0,-100.0,-100.0,-100.0,-8.0,0.0,-0.0,31.0,-99.431,-100.0,-100.0,32.0,2.0,0.0,30.0,-87.733,-88.0,-88.0,16.0,1.0,0.0,31.0,-99.931,-100.0,-100.0,8.0,0.0,0.0,30.0,8.78,9.756,9.756,-16.0,0.0,-0.0,31.0,23.093,23.299,23.299,-8.0,0.0,-0.0,31.0
82.5668,1,rev,-90.0,11.9,42.202,-90.0,42.868,-56.0,7.0,-4.394,34.0,-100.0,-100.0,-100.0,-8.0,0.0,-0.0,31.0,-99.431,-100.0,-100.0,32.0,2.0,0.0,30.0,-87.733,-88.0,-88.0,16.0,1.0,0.0,31.0,-99.931,-100.0,-100.0,8.0,0.0,0.0,30.0,8.78,9.756,9.756,-16.0,0.0,-0.0,31.0,23.093,23.299,23.299,-8.0,0.0,-0.0,31.0
82.6189,1,rev,-90.0,11.9,42.022,-90.0,42.761,-56.0,7.0,-3.566,34.0,-100.0,-100.0,-100.0,-8.0,0.0,-0.0,31.0,-99.431,-100.0,-100.0,32.0,2.0,0.0,30.0,-87.733,-88.0,-88.0,16.0,1.0,0.0,31.0,-99.931,-100.0,-100.0,8.0,0.0,0.0,30.0,8.78,9.756,9.756,-16.0,0.0,-0.0,31.0,23.093,23.299,23.299,-8.0,0.0,-0.0,31.0
82.6709,1,rev,-90.0,11.9,41.843,-90.0,42.54,-56.0,7.0,-3.43,34.0,-100.0,-100.0,-100.0,-8.0,0.0,-0.0,31.0,-99.431,-100.0,-100.0,32.0,2.0,0.0,30.0,-87.733,-88.0,-88.0,16.0,1.0,0.0,31.0,-99.931,-100.0,-100.0,8.0,0.0,0.0,30.0,8.78,9.756,9.756,-16.0,0.0,-0.0,31.0,23.093,23.299,23.299,-8.0,0.0,-0.0,31.0
82.7238,1,rev,-90.0,11.9,41.753,-90.0,42.327,-56.0,7.0,-2.388,34.0,-100.0,-100.0,-100.0,-8.0,0.0,-0.0,31.0,-99.431,-100.0,-100.0,32.0,2.0,0.0,30.0,-87.733,-88.0,-88.0,16.0,1.0,0.0,31.0,-99.931,-100.0,-100.0,8.0,0.0,0.0,30.0,8.78,9.756,9.756,-16.0,0.0,-0.0,31.0,23.093,23.299,23.299,-8.0,0.0,-0.0,31.0
82.7767,1,rev,-90.0,11.9,41.663,-90.0,42.22,-40.0,2.0,-2.688,34.0,-100.0,-100.0,-100.0,-8.0,0.0,-0.0,31.0,-99.431,-100.0,-100.0,32.0,2.0,0.0,30.0,-87.733,-88.0,-88.0,16.0,1.0,0.0,31.0,-99.931,-100.0,-100.0,8.0,0.0,0.0,30.0,8.78,9.756,9.756,-16.0,0.0,-0.0,31.0,23.093,23.299,23.299,-8.0,0.0,-0.0,31.0
82.8306,1,rev,-90.0,11.9,41.303,-90.0,41.888,-40.0,2.0,-3.326,34.0,-100.0,-100.0,-100.0,-8.0,0.0,-0.0,31.0,-99.431,-100.0,-100.0,32.0,2.0,0.0,30.0,-87.733,-88.0,-88.0,16.0,1.0,0.0,31.0,-99.931,-100.0,-100.0,8.0,0.0,0.0,30.0,8.78,9.756,9.756,-16.0,0.0,-0.0,31.0,23.093,23.299,23.299,-8.0,0.0,-0.0,31.0
82.8835,1,rev,-90.0,11.9,41.034,-90.0,41.673,-40.0,2.0,-4.032,34.0,-100.0,-100.0,-100.0,-8.0,0.0,-0.0,31.0,-99.431,-100.0,-100.0,32.0,2.0,0.0,30.0,-87.733,-88.0,-88.0,16.0,1.0,0.0,31.0,-100.0,-100.0,-100.0,8.0,0.0,-0.776,30.0,8.78,9.756,9.756,-16.0,0.0,-0.0,31.0,23.093,23.299,23.299,-8.0,0.0,-0.0,31.0
82.9365,1,rev,-90.0,11.9,40.764,-90.0,41.459,-40.0,2.0,-4.684,34.0,-100.0,-100.0,-100.0,-8.0,0.0,-0.0,31.0,-99.431,-100.0,-100.0,32.0,2.0,0.0,30.0,-87.733,-88.0,-88.0,16.0,1.0,0.0,31.0,-100.0,-100.0,-100.0,8.0,0.0,-0.38,30.0,8.78,9.756,9.756,-16.0,0.0,-0.0,31.0,23.093,23.299,23.299,-8.0,0.0,-0.0,31.0
82.9896,1,rev,-90.0,11.9,40.404,-90.0,41.245,-40.0,2.0,-5.752,34.0,-100.0,-100.0,-100.0,-8.0,0.0,-0.0,31.0,-99.431,-100.0,-100.0,32.0,2.0,0.0,30.0,-87.733,-88.0,-88.0,16.0,1.0,0.0,31.0,-100.0,-100.0,-100.0,8.0,0.0,-0.186,30.0,8.78,9.756,9.756,-16.0,0.0,-0.0,31.0,23.093,23.299,23.299,-8.0,0.0,-0.0,31.0
83.0427,1,rev,-90.0,11.9,40.315,-90.0,41.03,-40.0,2.0,-3.827,34.0,-100.0,-100.0,-100.0,-8.0,0.0,-0.0,31.0,-99.431,-100.0,-100.0,32.0,2.0,0.0,30.0,-87.733,-88.0,-88.0,16.0,1.0,0.0,31.0,-99.931,-100.0,-100.0,8.0,0.0,0.685,30.0,8.78,9.756,9.756,-16.0,0.0,-0.0,31.0,23.093,23.299,23.299,-8.0,0.0,-0.0,31.0
83.0958,1,rev,-90.0,11.9,40.135,-90.0,40.816,-40.0,2.0,-3.884,34.0,-100.0,-100.0,-100.0,-8.0,0.0,-0.0,31.0,-99.431,-100.0,-100.0,32.0,2.0,0.0,30.0,-87.733,-88.0,-88.0,16.0,1.0,0.0,31.0,-99.931,-100.0,-100.0,8.0,0.0,0.336,30.0,8.78,9.756,9.756,-16.0,0.0,-0.0,31.0,23.093,23.299,23.299,-8.0,0.0,-0.0,31.0
83.1488,1,rev,-90.0,11.9,39.955,-90.0,40.602,-40.0,2.0,-3.624,34.0,-100.0,-100.0,-100.0,-8.0,0.0,-0.0,31.0,-99.431,-100.0,-100.0,32.0,2.0,0.0,30.0,-87.733,-88.0,-88.0,16.0,1.0,0.0,31.0,-99.931,-100.0,-100.0,8.0,0.0,0.165,30.0,8.78,9.756,9.756,-16.0,0.0,-0.0,31.0,23.093,23.299,23.299,-8.0,0.0,-0.0,31.0
83.2017,1,rev,-90.0,11.9,39.775,-90.0,40.389,-40.0,2.0,-3.493,34.0,-100.0,-100.0,-100.0,-8.0,0.0,-0.0,31.0,-99.431,-100.0,-100.0,32.0,2.0,0.0,30.0,-87.733,-88.0,-88.0,16.0,1.0,0.0,31.0,-99.931,-100.0,-100.0,8.0,0.0,0.081,30.0,8.78,9.756,9.756,-16.0,0.0,-0.0,31.0,23.093,23.299,23.299,-8.0,0.0,-0.0,31.0
83.2544,1,rev,-90.0,11.9,39.596,-90.0,40.176,-40.0,2.0,-3.434,34.0,-100.0,-100.0,-100.0,-8.0,0.0,-0.0,31.0,-99.431,-100.0,-100.0,32.0,2.0,0.0,30.0,-87.733,-88.0,-88.0,16.0,1.0,0.0,31.0,-99.931,-100.0,-100.0,8.0,0.0,0.04,30.0,8.78,9.756,9.756,-16.0,0.0,-0.0,31.0,23.093,23.299,23.299,-8.0,0.0,-0.0,31.0
83.3073,1,rev,-90.0,11.9,39.236,-90.0,39.963,-40.0,2.0,-5.12,34.0,-100.0,-100.0,-100.0,-8.0,0.0,-0.0,31.0,-99.431,-100.0,-100.0,32.0,2.0,0.0,30.0,-87.733,-88.0,-88.0,16.0,1.0,0.0,31.0,-99.931,-100.0,-100.0,8.0,0.0,0.019,30.0,8.78,9.756,9.756,-16.0,0.0,-0.0,31.0,23.093,23.299,23.299,-8.0,0.0,-0.0,31.0
83.3606,1,rev,-90.0,11.9,39.146,-90.0,39.721,-56.0,6.0,-4.03,34.0,-100.0,-100.0,-100.0,-8.0,0.0,-0.0,31.0,-99.431,-100.0,-100.0,32.0,2.0,0.0,30.0,-87.733,-88.0,-88.0,16.0,0.0,0.0,31.0,-99.931,-100.0,-100.0,8.0,0.0,0.014,30.0,8.78,9.756,9.756,-16.0,1.0,-0.0,31.0,23.093,23.299,23.299,-8.0,0.0,-0.0,31.0
83.4137,1,rev,-90.0,11.9,38.876,-90.0,39.507,-56.0,6.0,-4.983,34.0,-100.0,-100.0,-100.0,-8.0,0.0,-0.0,31.0,-99.431,-100.0,-100.0,32.0,2.0,0.0,30.0,-87.733,-88.0,-88.0,16.0,0.0,0.0,31.0,-99.931,-100.0,-100.0,8.0,0.0,0.007,30.0,8.78,9.756,9.756,-16.0,1.0,-0.0,31.0,23.093,23.299,23.299,-8.0,0.0,-0.0,31.0
83.4658,1,rev,-90.0,11.9,38.876,-90.0,39.293,-56.0,6.0,-3.488,34.0,-100.0,-100.0,-100.0,-8.0,0.0,-0.0,31.0,-99.431,-100.0,-100.0,32.0,2.0,0.0,30.0,-87.733,-88.0,-88.0,16.0,0.0,0.0,31.0,-99.931,-100.0,-100.0,8.0,0.0,0.005,30.0,8.78,9.756,9.756,-16.0,1.0,-0.0,31.0,23.093,23.299,23.299,-8.0,0.0,-0.0,31.0
83.519,1,rev,-90.0,11.9,38.607,-90.0,39.068,-56.0,6.0,-4.366,34.0,-100.0,-100.0,-100.0,-8.0,0.0,-0.0,31.0,-99.431,-100.0,-100.0,32.0,2.0,0.0,30.0,-87.733,-88.0,-88.0,16.0,0.0,0.0,31.0,-99.931,-100.0,-100.0,8.0,0.0,0.002,30.0,8.78,9.756,9.756,-16.0,1.0,-0.0,31.0,23.093,23.299,23.299,-8.0,0.0,-0.0,31.0
83.5723,1,rev,-90.0,11.9,38.247,-90.0,38.951,-56.0,6.0,-5.444,34.0,-100.0,-100.0,-100.0,-8.0,0.0,-0.0,31.0,-99.431,-100.0,-100.0,32.0,2.0,0.0,30.0,-87.733,-88.0,-88.0,16.0,0.0,0.0,31.0,-99.931,-100.0,-100.0,8.0,0.0,0.001,30.0,8.78,9.756,9.756,-16.0,1.0,-0.0,31.0,23.093,23.299,23.299,-8.0,0.0,-0.0,31.0
83.6258,1,rev,-90.0,11.9,38.067,-90.0,38.723,-56.0,6.0,-4.687,34.0,-100.0,-100.0,-100.0,-8.0,0.0,-0.0,31.0,-99.431,-100.0,-100.0,32.0,2.0,0.0,30.0,-87.733,-88.0,-88.0,16.0,0.0,0.0,31.0,-99.931,-100.0,-100.0,8.0,0.0,0.001,30.0,8.78,9.756,9.756,-16.0,1.0,-0.0,31.0,23.093,23.299,23.299,-8.0,0.0,-0.0,31.0
83.6785,1,rev,-90.0,11.9,37.798,-90.0,38.509,-56.0,6.0,-4.729,34.0,-100.0,-100.0,-100.0,-8.0,0.0,-0.0,31.0,-99.431,-100.0,-100.0,32.0,2.0,0.0,30.0,-87.733,-88.0,-88.0,16.0,0.0,0.0,31.0,-99.931,-100.0,-100.0,8.0,0.0,0.0,30.0,8.78,9.756,9.756,-16.0,1.0,-0.0,31.0,23.093,23.299,23.299,-8.0,0.0,-0.0,31.0
83.7316,1,rev,-90.0,11.9,37.528,-90.0,38.298,-56.0,6.0,-5.043,34.0,-100.0,-100.0,-100.0,-8.0,0.0,-0.0,31.0,-99.431,-100.0,-100.0,32.0,2.0,0.0,30.0,-87.733,-88.0,-88.0,16.0,0.0,0.0,31.0,-99.931,-100.0,-100.0,8.0,0.0,0.0,30.0,8.78,9.756,9.756,-16.0,1.0,-0.0,31.0,23.093,23.299,23.299,-8.0,0.0,-0.0,31.0
83.7847,1,rev,-90.0,11.9,37.528,-90.0,38.083,-56.0,6.0,-2.471,34.0,-100.0,-100.0,-100.0,-8.0,0.0,-0.0,31.0,-99.431,-100.0,-100.0,32.0,2.0,0.0,30.0,-87.733,-88.0,-88.0,16.0,0.0,0.0,31.0,-99.931,-100.0,-100.0,8.0,0.0,0.0,30.0,8.78,9.756,9.756,-16.0,1.0,-0.0,31.0,23.093,23.299,23.299,-8.0,0.0,-0.0,31.0
83.8405,1,rev,-90.0,11.9,37.438,-90.0,37.866,-56.0,6.0,-1.898,34.0,-100.0,-100.0,-100.0,-8.0,0.0,-0.0,31.0,-99.431,-100.0,-100.0,32.0,2.0,0.0,30.0,-87.733,-88.0,-88.0,16.0,0.0,0.0,31.0,-99.931,-100.0,-100.0,8.0,0.0,0.0,30.0,8.78,9.756,9.756,-16.0,1.0,-0.0,31.0,23.093,23.299,23.299,-8.0,0.0,-0.0,31.0
83.8945,1,rev,-90.0,11.9,37.079,-90.0,37.649,-56.0,6.0,-4.626,34.0,-100.0,-100.0,-100.0,-8.0,0.0,-0.0,31.0,-99.431,-100.0,-100.0,32.0,2.0,0.0,30.0,-87.733,-88.0,-88.0,16.0,0.0,0.0,31.0,-99.931,-100.0,-100.0,8.0,0.0,0.0,30.0,8.78,9.756,9.756,-16.0,1.0,-0.0,31.0,23.093,23.299,23.299,-8.0,0.0,-0.0,31.0
83.9478,1,rev,-90.0,11.9,36.899,-90.0,37.409,-36.0,3.0,-4.142,34.0,-100.0,-100.0,-100.0,-8.0,0.0,-0.0,31.0,-99.431,-100.0,-100.0,32.0,2.0,0.0,30.0,-87.733,-88.0,-88.0,16.0,1.0,0.0,31.0,-99.931,-100.0,-100.0,8.0,0.0,0.0,30.0,8.78,9.756,9.756,-16.0,0.0,-0.0,31.0,23.093,23.299,23.299,-8.0,0.0,-0.0,31.0
84.0008,1,rev,-90.0,11.9,36.629,-90.0,37.196,-36.0,3.0,-4.762,34.0,-100.0,-100.0,-100.0,-8.0,0.0,-0.0,31.0,-99.431,-100.0,-100.0,32.0,2.0,0.0,30.0,-87.733,-88.0,-88.0,16.0,1.0,0.0,31.0,-99.931,-100.0,-100.0,8.0,0.0,0.0,30.0,8.78,9.756,9.756,-16.0,0.0,-0.0,31.0,23.093,23.299,23.299,-8.0,0.0,-0.0,31.0
84.0529,1,rev,-90.0,11.9,36.27,-90.0,36.982,-36.0,3.0,-5.458,34.0,-100.0,-100.0,-100.0,-8.0,0.0,-0.0,31.0,-99.431,-100.0,-100.0,32.0,2.0,0.0,30.0,-87.733,-88.0,-88.0,16.0,1.0,0.0,31.0,-99.931,-100.0,-100.0,8.0,0.0,0.0,30.0,8.78,9.756,9.756,-16.0,0.0,-0.0,31.0,23.093,23.299,23.299,-8.0,0.0,-0.0,31.0
84.1053,1,rev,-90.0,11.9,36.09,-90.0,36.77,-36.0,3.0,-4.683,34.0,-100.0,-100.0,-100.0,-8.0,0.0,-0.0,31.0,-99.431,-100.0,-100.0,32.0,2.0,0.0,30.0,-87.733,-88.0,-88.0,16.0,1.0,0.0,31.0,-99.931,-100.0,-100.0,8.0,0.0,0.0,30.0,8.78,9.756,9.756,-16.0,0.0,-0.0,31.0,23.093,23.299,23.299,-8.0,0.0,-0.0,31.0
84.1584,1,rev,-90.0,11.9,36.0,-90.0,36.555,-36.0,3.0,-2.998,34.0,-100.0,-100.0,-100.0,-8.0,0.0,-0.0,31.0,-99.431,-100.0,-100.0,32.0,2.0,0.0,30.0,-87.733,-88.0,-88.0,16.0,1.0,0.0,31.0,-99.931,-100.0,-100.0,8.0,0.0,0.0,30.0,8.78,9.756,9.756,-16.0,0.0,-0.0,31.0,23.093,23.299,23.299,-8.0,0.0,-0.0,31.0
84.2115,1,rev,-90.0,11.9,35.82,-90.0,36.343,-36.0,3.0,-3.182,34.0,-100.0,-100.0,-100.0,-8.0,0.0,-0.0,31.0,-99.431,-100.0,-100.0,32.0,2.0,0.0,30.0,-87.733,-88.0,-88.0,16.0,1.0,0.0,31.0,-99.931,-100.0,-100.0,8.0,0.0,0.0,30.0,8.78,9.756,9.756,-16.0,0.0,-0.0,31.0,23.093,23.299,23.299,-8.0,0.0,-0.0,31.0
84.2646,1,rev,-90.0,11.9,35.461,-90.0,36.129,-36.0,3.0,-4.987,34.0,-100.0,-100.0,-100.0,-8.0,0.0,-0.0,31.0,-99.431,-100.0,-100.0,32.0,2.0,0.0,30.0,-87.733,-88.0,-88.0,16.0,1.0,0.0,31.0,-99.931,-100.0,-100.0,8.0,0.0,0.0,30.0,8.78,9.756,9.756,-16.0,0.0,-0.0,31.0,23.093,23.299,23.299,-8.0,0.0,-0.0,31.0
84.3177,1,rev,-90.0,11.9,35.371,-90.0,35.915,-36.0,3.0,-3.15,34.0,-100.0,-100.0,-100.0,-8.0,0.0,-0.0,31.0,-99.431,-100.0,-100.0,32.0,2.0,0.0,30.0,-87.733,-88.0,-88.0,16.0,1.0,0.0,31.0,-99.931,-100.0,-100.0,8.0,0.0,0.0,30.0,8.78,9.756,9.756,-16.0,0.0,-0.0,31.0,23.093,23.299,23.299,-8.0,0.0,-0.0,31.0
84.3708,1,rev,-90.0,11.9,35.101,-90.0,35.702,-36.0,3.0,-4.273,34.0,-100.0,-100.0,-100.0,-8.0,0.0,-0.0,31.0,-99.431,-100.0,-100.0,32.0,2.0,0.0,30.0,-87.733,-88.0,-88.0,16.0,1.0,0.0,31.0,-99.931,-100.0,-100.0,8.0,0.0,0.0,30.0,8.78,9.756,9.756,-16.0,0.0,-0.0,31.0,23.093,23.299,23.299,-8.0,0.0,-0.0,31.0
84.424,1,rev,-90.0,11.9,34.921,-90.0,35.486,-36.0,3.0,-3.478,34.0,-100.0,-100.0,-100.0,-8.0,0.0,-0.0,31.0,-99.431,-100.0,-100.0,32.0,2.0,0.0,30.0,-87.733,-88.0,-88.0,16.0,1.0,0.0,31.0,-99.931,-100.0,-100.0,8.0,0.0,0.0,30.0,8.78,9.756,9.756,-16.0,0.0,-0.0,31.0,23.093,23.299,23.299,-8.0,0.0,-0.0,31.0
84.4773,1,rev,-90.0,11.9,34.831,-90.0,35.38,-40.0,2.0,-3.441,34.0,-100.0,-100.0,-100.0,-8.0,0.0,-0.0,31.0,-99.431,-100.0,-100.0,32.0,2.0,0.0,30.0,-87.733,-88.0,-88.0,16.0,0.0,0.0,31.0,-99.931,-100.0,-100.0,8.0,0.0,0.0,30.0,8.78,9.756,9.756,-16.0,0.0,-0.0,31.0,23.093,23.299,23.299,-8.0,0.0,-0.0,31.0
84.5305,1,rev,-90.0,11.9,34.652,-90.0,35.043,-40.0,2.0,-2.343,34.0,-100.0,-100.0,-100.0,-8.0,0.0,-0.0,31.0,-99.431,-100.0,-100.0,32.0,2.0,0.0,30.0,-87.733,-88.0,-88.0,16.0,0.0,0.0,31.0,-100.0,-100.0,-100.0,8.0,0.0,-0.253,30.0,8.78,9.756,9.756,-16.0,0.0,-0.0,31.0,23.093,23.299,23.299,-8.0,0.0,-0.0,31.0
84.5836,1,rev,-90.0,11.9,34.382,-90.0,34.83,-40.0,2.0,-3.884,34.0,-100.0,-100.0,-100.0,-8.0,0.0,-0.0,31.0,-99.431,-100.0,-100.0,32.0,2.0,0.0,30.0,-87.733,-88.0,-88.0,16.0,0.0,0.0,31.0,-100.0,-100.0,-100.0,8.0,0.0,-0.124,30.0,8.78,9.756,9.756,-16.0,0.0,-0.0,31.0,23.093,23.299,23.299,-8.0,0.0,-0.0,31.0
84.6366,1,rev,-90.0,11.9,34.022,-90.0,34.617,-40.0,2.0,-5.322,34.0,-100.0,-100.0,-100.0,-8.0,0.0,-0.0,31.0,-99.431,-100.0,-100.0,32.0,2.0,0.0,30.0,-87.733,-88.0,-88.0,16.0,0.0,0.0,31.0,-100.0,-100.0,-100.0,8.0,0.0,-0.061,30.0,9.268,9.756,9.756,-16.0,0.0,5.458,31.0,23.093,23.299,23.299,-8.0,0.0,-0.0,31.0
84.6892,1,rev,-90.0,11.9,33.933,-90.0,34.402,-40.0,2.0,-4.731,34.0,-100.0,-100.0,-100.0,-8.0,0.0,-0.0,31.0,-99.431,-100.0,-100.0,32.0,2.0,0.0,30.0,-87.733,-88.0,-88.0,16.0,0.0,0.0,31.0,-100.0,-100.0,-100.0,8.0,0.0,-0.043,30.0,9.268,9.756,9.756,-16.0,0.0,3.82,31.0,23.093,23.299,23.299,-8.0,0.0,-0.0,31.0
84.7427,1,rev,-90.0,11.9,33.753,-90.0,34.176,-40.0,2.0,-3.958,34.0,-100.0,-100.0,-100.0,-8.0,0.0,-0.0,31.0,-99.431,-100.0,-100.0,32.0,2.0,0.0,30.0,-87.733,-88.0,-88.0,16.0,0.0,0.0,31.0,-100.0,-100.0,-100.0,8.0,0.0,-0.021,30.0,9.268,9.756,9.756,-16.0,0.0,1.872,31.0,23.093,23.299,23.299,-8.0,0.0,-0.0,31.0
84.7965,1,rev,-90.0,11.9,33.393,-90.0,33.948,-40.0,2.0,-4.828,34.0,-100.0,-100.0,-100.0,-8.0,0.0,-0.0,31.0,-99.431,-100.0,-100.0,32.0,2.0,0.0,30.0,-87.733,-88.0,-88.0,16.0,0.0,0.0,31.0,-99.931,-100.0,-100.0,8.0,0.0,0.474,30.0,9.268,9.756,9.756,-16.0,0.0,0.917,31.0,23.093,23.299,23.299,-8.0,0.0,-0.0,31.0
84.851,1,rev,-90.0,11.9,33.213,-90.0,33.731,-40.0,2.0,-4.062,34.0,-100.0,-100.0,-100.0,-8.0,0.0,-0.0,31.0,-99.431,-100.0,-100.0,32.0,2.0,0.0,30.0,-87.733,-88.0,-88.0,16.0,0.0,0.0,31.0,-99.931,-100.0,-100.0,8.0,0.0,0.232,30.0,9.268,9.756,9.756,-16.0,0.0,0.449,31.0,23.093,23.299,23.299,-8.0,0.0,-0.0,31.0
84.9042,1,rev,-90.0,11.9,33.124,-90.0,33.518,-40.0,2.0,-3.006,34.0,-100.0,-100.0,-100.0,-8.0,0.0,-0.0,31.0,-99.431,-100.0,-100.0,32.0,2.0,0.0,30.0,-87.733,-88.0,-88.0,16.0,0.0,0.0,31.0,-99.931,-100.0,-100.0,8.0,0.0,0.114,30.0,9.268,9.756,9.756,-16.0,0.0,0.22,31.0,23.093,23.299,23.299,-8.0,0.0,-0.0,31.0
84.958,1,rev,-90.0,11.9,32.944,-90.0,33.302,-40.0,2.0,-3.184,34.0,-100.0,-100.0,-100.0,-8.0,0.0,-0.0,31.0,-99.431,-100.0,-100.0,32.0,2.0,0.0,30.0,-87.733,-88.0,-88.0,16.0,0.0,0.0,31.0,-99.931,-100.0,-100.0,8.0,0.0,0.056,30.0,9.268,9.756,9.756,-16.0,0.0,0.108,31.0,23.093,23.299,23.299,-8.0,0.0,-0.0,31.0
85.0113,1,rev,-90.0,11.9,32.674,-90.0,33.184,-40.0,2.0,-4.213,34.0,-100.0,-100.0,-100.0,-8.0,0.0,-0.0,31.0,-99.431,-100.0,-100.0,32.0,2.0,0.0,30.0,-87.733,-88.0,-88.0,16.0,0.0,0.0,31.0,-99.931,-100.0,-100.0,8.0,0.0,0.027,30.0,9.268,9.756,9.756,-16.0,0.0,0.053,31.0,23.093,23.299,23.299,-8.0,0.0,-0.0,31.0
85.0653,1,rev,-90.0,11.9,32.584,-90.0,33.076,-40.0,2.0,-3.938,34.0,-100.0,-100.0,-100.0,-8.0,0.0,-0.0,31.0,-99.431,-100.0,-100.0,32.0,2.0,0.0,30.0,-87.733,-88.0,-88.0,16.0,0.0,0.0,31.0,-99.931,-100.0,-100.0,8.0,0.0,0.019,30.0,9.268,9.756,9.756,-8.0,0.0,0.037,31.0,23.093,23.299,23.299,-8.0,0.0,-0.0,31.0
85.1186,1,rev,-90.0,11.9,32.404,-90.0,32.738,-40.0,2.0,-2.589,34.0,-100.0,-100.0,-100.0,-8.0,0.0,-0.0,31.0,-99.431,-100.0,-100.0,32.0,2.0,0.0,30.0,-87.733,-88.0,-88.0,16.0,0.0,0.0,31.0,-99.931,-100.0,-100.0,8.0,0.0,0.009,30.0,9.268,9.756,9.756,-8.0,0.0,0.018,31.0,23.093,23.299,23.299,-8.0,0.0,-0.0,31.0
85.1711,1,rev,-90.0,11.9,32.045,-90.0,32.522,-40.0,2.0,-4.37,34.0,-100.0,-100.0,-100.0,-8.0,0.0,-0.0,31.0,-99.431,-100.0,-100.0,32.0,2.0,0.0,30.0,-87.733,-88.0,-88.0,16.0,0.0,0.0,31.0,-99.931,-100.0,-100.0,8.0,0.0,0.005,30.0,9.268,9.756,9.756,-8.0,0.0,0.009,31.0,23.093,23.299,23.299,-8.0,0.0,-0.0,31.0
85.2246,1,rev,-90.0,11.9,31.775,-90.0,32.309,-40.0,2.0,-4.855,34.0,-100.0,-100.0,-100.0,-8.0,0.0,-0.0,31.0,-99.431,-100.0,-100.0,32.0,2.0,0.0,30.0,-87.733,-88.0,-88.0,16.0,0.0,0.0,31.0,-100.0,-100.0,-100.0,8.0,0.0,-0.769,30.0,9.268,9.756,9.756,-8.0,0.0,0.004,31.0,23.093,23.299,23.299,-8.0,0.0,-0.0,31.0
85.2774,1,rev,-90.0,11.9,31.685,-90.0,32.093,-40.0,2.0,-3.374,34.0,-100.0,-100.0,-100.0,-8.0,0.0,-0.0,31.0,-99.431,-100.0,-100.0,32.0,2.0,0.0,30.0,-87.733,-88.0,-88.0,16.0,0.0,0.0,31.0,-100.0,-100.0,-100.0,8.0,0.0,-0.377,30.0,9.268,9.756,9.756,-8.0,0.0,0.002,31.0,23.093,23.299,23.299,-8.0,0.0,-0.0,31.0
85.3304,1,rev,-90.0,11.9,31.416,-90.0,31.879,-40.0,2.0,-4.36,34.0,-100.0,-100.0,-100.0,-8.0,0.0,-0.0,31.0,-99.431,-100.0,-100.0,32.0,2.0,0.0,30.0,-87.733,-88.0,-88.0,16.0,0.0,0.0,31.0,-100.0,-100.0,-100.0,8.0,0.0,-0.185,30.0,9.268,9.756,9.756,-8.0,0.0,0.001,31.0,23.093,23.299,23.299,-8.0,0.0,-0.0,31.0
85.383,1,rev,-90.0,11.9,31.146,-90.0,31.664,-40.0,2.0,-4.563,34.0,-100.0,-100.0,-100.0,-8.0,0.0,-0.0,31.0,-99.431,-100.0,-100.0,32.0,2.0,0.0,30.0,-87.733,-88.0,-88.0,16.0,0.0,0.0,31.0,-100.0,-100.0,-100.0,8.0,0.0,-0.09,30.0,9.268,9.756,9.756,-8.0,0.0,0.001,31.0,23.093,23.299,23.299,-8.0,0.0,-0.0,31.0
85.4366,1,rev,-90.0,11.9,30.966,-90.0,31.449,-40.0,2.0,-3.931,34.0,-100.0,-100.0,-100.0,-8.0,0.0,-0.0,31.0,-99.431,-100.0,-100.0,32.0,2.0,0.0,30.0,-87.733,-88.0,-88.0,16.0,0.0,0.0,31.0,-100.0,-100.0,-100.0,8.0,0.0,-0.044,30.0,9.268,9.756,9.756,-8.0,0.0,0.0,31.0,23.093,23.299,23.299,-8.0,0.0,-0.0,31.0
85.489,1,rev,-90.0,11.9,30.697,-90.0,31.231,-40.0,2.0,-4.305,34.0,-100.0,-100.0,-100.0,-8.0,0.0,-0.0,31.0,-99.431,-100.0,-100.0,32.0,2.0,0.0,30.0,-87.733,-88.0,-88.0,16.0,0.0,0.0,31.0,-99.931,-100.0,-100.0,8.0,0.0,0.744,30.0,9.268,9.756,9.756,-8.0,0.0,0.0,31.0,23.093,23.299,23.299,-8.0,0.0,-0.0,31.0
85.5422,1,rev,-90.0,11.9,30.427,-90.0,31.018,-40.0,2.0,-4.557,34.0,-100.0,-100.0,-100.0,-8.0,0.0,-0.0,31.0,-99.431,-100.0,-100.0,32.0,2.0,0.0,30.0,-87.733,-88.0,-88.0,16.0,0.0,0.0,31.0,-99.931,-100.0,-100.0,8.0,0.0,0.364,30.0,9.268,9.756,9.756,-8.0,0.0,0.0,31.0,23.093,23.299,23.299,-8.0,0.0,-0.0,31.0
85.5957,1,rev,-90.0,11.9,30.337,-90.0,30.806,-40.0,2.0,-2.945,34.0,-100.0,-100.0,-100.0,-8.0,0.0,-0.0,31.0,-99.431,-100.0,-100.0,32.0,2.0,0.0,30.0,-87.733,-88.0,-88.0,16.0,0.0,0.0,31.0,-99.931,-100.0,-100.0,8.0,0.0,0.179,30.0,9.268,9.756,9.756,-8.0,0.0,0.0,31.0,23.093,23.299,23.299,-8.0,0.0,-0.0,31.0
85.6489,1,rev,-90.0,11.9,30.247,-90.0,30.569,-28.0,1.0,-2.514,34.0,-100.0,-100.0,-100.0,-8.0,0.0,-0.0,31.0,-99.431,-100.0,-100.0,32.0,3.0,0.0,30.0,-87.733,-88.0,-88.0,16.0,0.0,0.0,31.0,-99.931,-100.0,-100.0,8.0,0.0,0.125,30.0,9.268,9.756,9.756,-8.0,0.0,0.0,31.0,23.093,23.299,23.299,-8.0,0.0,-0.0,31.0
85.7021,1,rev,-90.0,11.9,30.067,-90.0,30.354,-28.0,1.0,-3.256,34.0,-100.0,-100.0,-100.0,-8.0,0.0,-0.0,31.0,-99.431,-100.0,-100.0,32.0,3.0,0.0,30.0,-87.733,-88.0,-88.0,16.0,0.0,0.0,31.0,-99.931,-100.0,-100.0,8.0,0.0,0.061,30.0,9.268,9.756,9.756,-8.0,0.0,0.0,31.0,23.093,23.299,23.299,-8.0,0.0,-0.0,31.0
85.7554,1,rev,-90.0,11.9,29.708,-90.0,30.14,-28.0,1.0,-4.992,34.0,-100.0,-100.0,-100.0,-8.0,0.0,-0.0,31.0,-99.431,-100.0,-100.0,32.0,3.0,0.0,30.0,-87.733,-88.0,-88.0,16.0,0.0,0.0,31.0,-100.0,-100.0,-100.0,8.0,0.0,-0.735,30.0,9.268,9.756,9.756,-8.0,0.0,0.0,31.0,23.093,23.299,23.299,-8.0,0.0,-0.0,31.0
85.8087,1,rev,-90.0,11.9,29.618,-90.0,29.925,-28.0,1.0,-4.504,34.0,-100.0,-100.0,-100.0,-8.0,0.0,-0.0,31.0,-99.431,-100.0,-100.0,32.0,3.0,0.0,30.0,-87.733,-88.0,-88.0,16.0,0.0,0.0,31.0,-100.0,-100.0,-100.0,8.0,0.0,-0.515,30.0,9.268,9.756,9.756,-8.0,0.0,0.0,31.0,23.093,23.299,23.299,-8.0,0.0,-0.0,31.0
85.8619,1,rev,-90.0,11.9,29.348,-90.0,29.71,-28.0,1.0,-4.921,34.0,-100.0,-100.0,-100.0,-8.0,0.0,-0.0,31.0,-99.431,-100.0,-100.0,32.0,3.0,0.0,30.0,-87.733,-88.0,-88.0,16.0,0.0,0.0,31.0,-100.0,-100.0,-100.0,8.0,0.0,-0.252,30.0,9.268,9.756,9.756,-8.0,0.0,0.0,31.0,23.093,23.299,23.299,-8.0,0.0,-0.0,31.0
85.9151,1,rev,-90.0,11.9,29.079,-90.0,29.485,-28.0,1.0,-4.699,34.0,-100.0,-100.0,-100.0,-8.0,0.0,-0.0,31.0,-99.431,-100.0,-100.0,32.0,3.0,0.0,30.0,-87.733,-88.0,-88.0,16.0,0.0,0.0,31.0,-100.0,-100.0,-100.0,8.0,0.0,-0.124,30.0,9.268,9.756,9.756,-8.0,0.0,0.0,31.0,23.093,23.299,23.299,-8.0,0.0,-0.0,31.0
85.9685,1,rev,-90.0,11.9,28.899,-90.0,29.261,-28.0,1.0,-3.59,34.0,-100.0,-100.0,-100.0,-8.0,0.0,-0.0,31.0,-99.431,-100.0,-100.0,32.0,3.0,0.0,30.0,-87.733,-88.0,-88.0,16.0,0.0,0.0,31.0,-100.0,-100.0,-100.0,8.0,0.0,-0.061,30.0,9.268,9.756,9.756,-8.0,0.0,0.0,31.0,23.093,23.299,23.299,-8.0,0.0,-0.0,31.0
86.0217,1,rev,-90.0,11.9,28.809,-90.0,29.047,-28.0,1.0,-2.459,34.0,-100.0,-100.0,-100.0,-8.0,0.0,-0.0,31.0,-99.431,-100.0,-100.0,32.0,3.0,0.0,30.0,-87.733,-88.0,-88.0,16.0,0.0,0.0,31.0,-100.0,-100.0,-100.0,8.0,0.0,-0.03,30.0,9.268,9.756,9.756,-8.0,0.0,0.0,31.0,23.093,23.299,23.299,-8.0,0.0,-0.0,31.0
86.0739,1,rev,-90.0,11.9,28.539,-90.0,28.941,-28.0,1.0,-3.942,34.0,-100.0,-100.0,-100.0,-8.0,0.0,-0.0,31.0,-99.431,-100.0,-100.0,32.0,3.0,0.0,30.0,-87.733,-88.0,-88.0,16.0,0.0,0.0,31.0,-100.0,-100.0,-100.0,8.0,0.0,-0.015,30.0,9.268,9.756,9.756,-8.0,0.0,0.0,31.0,23.093,23.299,23.299,-8.0,0.0,-0.0,31.0
86.127,1,rev,-90.0,11.9,28.27,-90.0,28.719,-28.0,1.0,-4.254,34.0,-100.0,-100.0,-100.0,-8.0,0.0,-0.0,31.0,-99.431,-100.0,-100.0,32.0,3.0,0.0,30.0,-87.733,-88.0,-88.0,16.0,0.0,0.0,31.0,-99.931,-100.0,-100.0,8.0,0.0,0.498,30.0,9.268,9.756,9.756,-8.0,0.0,0.0,31.0,23.093,23.299,23.299,-8.0,0.0,-0.0,31.0
86.1803,1,rev,-90.0,11.9,28.18,-90.0,28.505,-28.0,1.0,-2.789,34.0,-100.0,-100.0,-100.0,-8.0,0.0,-0.0,31.0,-99.431,-100.0,-100.0,32.0,3.0,0.0,30.0,-87.733,-88.0,-88.0,16.0,0.0,0.0,31.0,-99.931,-100.0,-100.0,8.0,0.0,0.244,30.0,9.268,9.756,9.756,-8.0,0.0,0.0,31.0,23.093,23.299,23.299,-8.0,0.0,-0.0,31.0
86.2336,1,rev,-90.0,11.9,27.82,-90.0,28.264,-24.0,0.0,-3.736,34.0,-100.0,-100.0,-100.0,-8.0,0.0,-0.0,31.0,-99.431,-100.0,-100.0,32.0,2.0,0.0,30.0,-87.733,-88.0,-88.0,16.0,1.0,0.0,31.0,-99.931,-100.0,-100.0,8.0,0.0,0.171,30.0,9.268,9.756,9.756,-8.0,0.0,0.0,31.0,23.093,23.299,23.299,-8.0,0.0,-0.0,31.0
86.2872,1,rev,-90.0,11.9,27.551,-90.0,28.048,-24.0,0.0,-4.537,34.0,-100.0,-100.0,-100.0,-8.0,0.0,-0.0,31.0,-99.431,-100.0,-100.0,32.0,2.0,0.0,30.0,-87.733,-88.0,-88.0,16.0,1.0,0.0,31.0,-99.931,-100.0,-100.0,8.0,0.0,0.084,30.0,9.268,9.756,9.756,-8.0,0.0,0.0,31.0,23.093,23.299,23.299,-8.0,0.0,-0.0,31.0
86.3405,1,rev,-90.0,11.9,27.461,-90.0,27.833,-24.0,0.0,-2.924,34.0,-100.0,-100.0,-100.0,-8.0,0.0,-0.0,31.0,-99.431,-100.0,-100.0,32.0,2.0,0.0,30.0,-87.733,-88.0,-88.0,16.0,1.0,0.0,31.0,-100.0,-100.0,-100.0,8.0,0.0,-0.739,30.0,9.268,9.756,9.756,-8.0,0.0,0.0,31.0,23.093,23.299,23.299,-8.0,0.0,-0.0,31.0
86.3934,1,rev,-90.0,11.9,27.371,-90.0,27.62,-24.0,0.0,-2.142,34.0,-100.0,-100.0,-100.0,-8.0,0.0,-0.0,31.0,-99.431,-100.0,-100.0,32.0,2.0,0.0,30.0,-87.733,-88.0,-88.0,16.0,1.0,0.0,31.0,-100.0,-100.0,-100.0,8.0,0.0,-0.362,30.0,9.268,9.756,9.756,-8.0,0.0,0.0,31.0,23.093,23.299,23.299,-8.0,0.0,-0.0,31.0
86.4473,1,rev,-90.0,11.9,27.011,-90.0,27.407,-24.0,0.0,-4.475,34.0,-100.0,-100.0,-100.0,-8.0,0.0,-0.0,31.0,-99.431,-100.0,-100.0,32.0,2.0,0.0,30.0,-87.733,-88.0,-88.0,16.0,1.0,0.0,31.0,-100.0,-100.0,-100.0,8.0,0.0,-0.177,30.0,9.268,9.756,9.756,-8.0,0.0,0.0,31.0,23.093,23.299,23.299,-8.0,0.0,-0.0,31.0
86.5006,1,rev,-90.0,11.9,26.742,-90.0,27.193,-24.0,0.0,-4.61,34.0,-100.0,-100.0,-100.0,-8.0,0.0,-0.0,31.0,-99.431,-100.0,-100.0,32.0,2.0,0.0,30.0,-87.733,-88.0,-88.0,16.0,1.0,0.0,31.0,-100.0,-100.0,-100.0,8.0,0.0,-0.087,30.0,9.268,9.756,9.756,-8.0,0.0,0.0,31.0,23.093,23.299,23.299,-8.0,0.0,-0.0,31.0
86.5538,1,rev,-90.0,11.9,26.562,-90.0,26.979,-24.0,0.0,-4.295,34.0,-100.0,-100.0,-100.0,-8.0,0.0,-0.0,31.0,-99.431,-100.0,-100.0,32.0,2.0,0.0,30.0,-87.733,-88.0,-88.0,16.0,1.0,0.0,31.0,-100.0,-100.0,-100.0,8.0,0.0,-0.043,30.0,9.268,9.756,9.756,-8.0,0.0,0.0,31.0,23.093,23.299,23.299,-8.0,0.0,-0.0,31.0
86.6059,1,rev,-90.0,11.9,26.292,-90.0,26.765,-24.0,0.0,-4.521,34.0,-100.0,-100.0,-100.0,-8.0,0.0,-0.0,31.0,-99.431,-100.0,-100.0,32.0,2.0,0.0,30.0,-87.733,-88.0,-88.0,16.0,1.0,0.0,31.0,-100.0,-100.0,-100.0,8.0,0.0,-0.021,30.0,9.268,9.756,9.756,-8.0,0.0,0.0,31.0,23.093,23.299,23.299,-8.0,0.0,-0.0,31.0
86.6592,1,rev,-90.0,11.9,26.112,-90.0,26.551,-24.0,0.0,-3.914,34.0,-100.0,-100.0,-100.0,-8.0,0.0,-0.0,31.0,-99.431,-100.0,-100.0,32.0,2.0,0.0,30.0,-87.733,-88.0,-88.0,16.0,1.0,0.0,31.0,-99.931,-100.0,-100.0,8.0,0.0,0.75,30.0,9.268,9.756,9.756,-8.0,0.0,0.0,31.0,23.093,23.299,23.299,-8.0,0.0,-0.0,31.0
86.7124,1,rev,-90.0,11.9,25.933,-90.0,26.336,-24.0,0.0,-3.62,34.0,-100.0,-100.0,-100.0,-8.0,0.0,-0.0,31.0,-99.431,-100.0,-100.0,32.0,2.0,0.0,30.0,-87.733,-88.0,-88.0,16.0,1.0,0.0,31.0,-99.931,-100.0,-100.0,8.0,0.0,0.367,30.0,9.268,9.756,9.756,-8.0,0.0,0.0,31.0,23.093,23.299,23.299,-8.0,0.0,-0.0,31.0
86.7649,1,rev,-90.0,12.0,25.933,-90.0,26.226,-12.0,0.0,-2.534,34.0,-100.0,-100.0,-100.0,-8.0,0.0,-0.0,31.0,-99.431,-100.0,-100.0,32.0,2.0,0.0,30.0,-87.733,-88.0,-88.0,16.0,0.0,0.0,31.0,-99.931,-100.0,-100.0,8.0,0.0,0.257,30.0,9.268,9.756,9.756,-8.0,0.0,0.0,31.0,23.093,23.299,23.299,-8.0,0.0,-0.0,31.0
86.818,1,rev,-90.0,12.0,25.663,-90.0,25.889,-12.0,0.0,-2.901,34.0,-100.0,-100.0,-100.0,-8.0,0.0,-0.0,31.0,-99.573,-100.0,-100.0,32.0,2.0,-1.578,30.0,-87.733,-88.0,-88.0,16.0,0.0,0.0,31.0,-99.931,-100.0,-100.0,8.0,0.0,0.126,30.0,9.268,9.756,9.756,-8.0,0.0,0.0,31.0,23.093,23.299,23.299,-8.0,0.0,-0.0,31.0
86.8721,1,rev,-90.0,12.0,25.303,-90.0,25.675,-12.0,0.0,-4.524,34.0,-100.0,-100.0,-100.0,-8.0,0.0,-0.0,31.0,-99.573,-100.0,-100.0,32.0,2.0,-0.773,30.0,-87.733,-88.0,-88.0,16.0,0.0,0.0,31.0,-100.0,-100.0,-100.0,8.0,0.0,-0.478,30.0,9.268,9.756,9.756,-8.0,0.0,0.0,31.0,23.093,23.299,23.299,-8.0,0.0,-0.0,31.0
86.9258,1,rev,-90.0,12.0,25.213,-90.0,25.46,-12.0,0.0,-3.222,34.0,-100.0,-100.0,-100.0,-8.0,0.0,-0.0,31.0,-99.573,-100.0,-100.0,32.0,2.0,-0.379,30.0,-87.733,-88.0,-88.0,16.0,0.0,0.0,31.0,-100.0,-100.0,-100.0,8.0,0.0,-0.234,30.0,9.268,9.756,9.756,-8.0,0.0,0.0,31.0,23.093,23.299,23.299,-8.0,0.0,-0.0,31.0
86.978,1,rev,-90.0,12.0,24.944,-90.0,25.246,-12.0,0.0,-5.272,34.0,-100.0,-100.0,-100.0,-8.0,0.0,-0.0,31.0,-99.573,-100.0,-100.0,32.0,2.0,-0.265,30.0,-87.733,-88.0,-88.0,16.0,0.0,0.0,31.0,-100.0,-100.0,-100.0,8.0,0.0,-0.164,30.0,9.268,9.756,9.756,-8.0,0.0,0.0,31.0,23.093,23.299,23.299,-8.0,0.0,-0.0,31.0
87.0315,1,rev,-90.0,12.0,24.764,-90.0,25.02,-12.0,0.0,-4.225,34.0,-100.0,-100.0,-100.0,-8.0,0.0,-0.0,31.0,-99.573,-100.0,-100.0,32.0,2.0,-0.13,30.0,-87.733,-88.0,-88.0,16.0,0.0,0.0,31.0,-100.0,-100.0,-100.0,8.0,0.0,-0.08,30.0,9.268,9.756,9.756,-8.0,0.0,0.0,31.0,23.093,23.299,23.299,-8.0,0.0,-0.0,31.0
87.0851,1,rev,-90.0,12.0,24.584,-90.0,24.795,-12.0,0.0,-3.341,34.0,-100.0,-100.0,-100.0,-8.0,0.0,-0.0,31.0,-99.573,-100.0,-100.0,32.0,2.0,-0.064,30.0,-87.733,-88.0,-88.0,16.0,0.0,0.0,31.0,-100.0,-100.0,-100.0,8.0,0.0,-0.039,30.0,9.268,9.756,9.756,-8.0,0.0,0.0,31.0,23.093,23.299,23.299,-8.0,0.0,-0.0,31.0
87.1386,1,rev,-90.0,12.0,24.494,-90.0,24.686,-12.0,0.0,-2.328,34.0,-100.0,-100.0,-100.0,-8.0,0.0,-0.0,31.0,-99.573,-100.0,-100.0,32.0,2.0,-0.031,30.0,-87.733,-88.0,-88.0,16.0,0.0,0.0,31.0,-100.0,-100.0,-100.0,8.0,0.0,-0.019,30.0,9.268,9.756,9.756,-8.0,0.0,0.0,31.0,23.093,23.299,23.299,-8.0,0.0,-0.0,31.0
87.1925,1,rev,-90.0,12.0,24.135,-90.0,24.459,-12.0,0.0,-4.429,34.0,-100.0,-100.0,-100.0,-8.0,0.0,-0.0,31.0,-99.573,-100.0,-100.0,32.0,2.0,-0.015,30.0,-87.733,-88.0,-88.0,16.0,0.0,0.0,31.0,-100.0,-100.0,-100.0,8.0,0.0,-0.009,30.0,9.268,9.756,9.756,-8.0,0.0,0.0,31.0,23.093,23.299,23.299,-8.0,0.0,-0.0,31.0
87.2453,1,rev,-90.0,12.0,23.865,-90.0,24.243,-12.0,0.0,-4.57,34.0,-100.0,-100.0,-100.0,-8.0,0.0,-0.0,31.0,-99.573,-100.0,-100.0,32.0,2.0,-0.007,30.0,-87.733,-88.0,-88.0,16.0,0.0,0.0,31.0,-100.0,-100.0,-100.0,8.0,0.0,-0.005,30.0,9.268,9.756,9.756,-8.0,0.0,0.0,31.0,23.093,23.299,23.299,-8.0,0.0,-0.0,31.0
87.2979,1,rev,-90.0,12.0,23.775,-90.0,24.031,-12.0,0.0,-3.25,34.0,-100.0,-100.0,-100.0,-8.0,0.0,-0.0,31.0,-99.573,-100.0,-100.0,32.0,2.0,-0.004,30.0,-87.733,-88.0,-88.0,16.0,0.0,0.0,31.0,-99.931,-100.0,-100.0,8.0,0.0,0.542,30.0,9.268,9.756,9.756,-8.0,0.0,0.0,31.0,23.093,23.299,23.299,-8.0,0.0,-0.0,31.0
87.3499,1,rev,-90.0,12.0,23.596,-90.0,23.924,-24.0,1.0,-4.295,34.0,-100.0,-100.0,-100.0,-8.0,0.0,-0.0,31.0,-99.573,-100.0,-100.0,24.0,1.0,-0.003,30.0,-87.733,-88.0,-88.0,16.0,0.0,0.0,31.0,-99.931,-100.0,-100.0,8.0,0.0,0.379,30.0,9.268,9.756,9.756,-8.0,0.0,0.0,31.0,23.093,23.299,23.299,-8.0,0.0,-0.0,31.0
87.4032,1,rev,-90.0,12.0,23.326,-90.0,23.59,-24.0,1.0,-3.102,34.0,-100.0,-100.0,-100.0,-8.0,0.0,-0.0,31.0,-99.573,-100.0,-100.0,24.0,1.0,-0.001,30.0,-87.733,-88.0,-88.0,16.0,0.0,0.0,31.0,-99.931,-100.0,-100.0,8.0,0.0,0.186,30.0,9.268,9.756,9.756,-8.0,0.0,0.0,31.0,23.093,23.299,23.299,-8.0,0.0,-0.0,31.0
87.4563,1,rev,-90.0,12.0,23.056,-90.0,23.375,-24.0,1.0,-3.928,34.0,-100.0,-100.0,-100.0,-8.0,0.0,-0.0,31.0,-99.573,-100.0,-100.0,24.0,1.0,-0.001,30.0,-87.733,-88.0,-88.0,16.0,0.0,0.0,31.0,-100.0,-100.0,-100.0,8.0,0.0,-0.45,30.0,9.268,9.756,9.756,-8.0,0.0,0.0,31.0,23.093,23.299,23.299,-8.0,0.0,-0.0,31.0
87.5097,1,rev,-90.0,12.0,22.966,-90.0,23.159,-24.0,1.0,-2.912,34.0,-100.0,-100.0,-100.0,-8.0,0.0,-0.0,31.0,-99.573,-100.0,-100.0,24.0,1.0,-0.0,30.0,-87.733,-88.0,-88.0,16.0,0.0,0.0,31.0,-100.0,-100.0,-100.0,8.0,0.0,-0.221,30.0,9.268,9.756,9.756,-8.0,0.0,0.0,31.0,23.093,23.299,23.299,-8.0,0.0,-0.0,31.0
87.5632,1,rev,-90.0,12.0,22.697,-90.0,22.943,-24.0,1.0,-4.133,34.0,-100.0,-100.0,-100.0,-8.0,0.0,-0.0,31.0,-99.573,-100.0,-100.0,24.0,1.0,-0.0,30.0,-87.733,-88.0,-88.0,16.0,0.0,0.0,31.0,-100.0,-100.0,-100.0,8.0,0.0,-0.108,30.0,9.268,9.756,9.756,-8.0,0.0,0.0,31.0,23.093,23.299,23.299,-8.0,0.0,-0.0,31.0
87.6165,1,rev,-90.0,12.0,22.427,-90.0,22.727,-24.0,1.0,-4.109,34.0,-100.0,-100.0,-100.0,-8.0,0.0,-0.0,31.0,-99.573,-100.0,-100.0,24.0,1.0,-0.0,30.0,-87.733,-88.0,-88.0,16.0,0.0,0.0,31.0,-100.0,-100.0,-100.0,8.0,0.0,-0.053,30.0,9.268,9.756,9.756,-8.0,0.0,0.0,31.0,23.093,23.299,23.299,-8.0,0.0,-0.0,31.0
87.669,1,rev,-90.0,12.0,22.247,-90.0,22.512,-24.0,1.0,-3.734,34.0,-100.0,-100.0,-100.0,-8.0,0.0,-0.0,31.0,-99.573,-100.0,-100.0,24.0,1.0,-0.0,30.0,-87.733,-88.0,-88.0,16.0,0.0,0.0,31.0,-100.0,-100.0,-100.0,8.0,0.0,-0.026,30.0,9.268,9.756,9.756,-8.0,0.0,0.0,31.0,23.093,23.299,23.299,-8.0,0.0,-0.0,31.0
87.722,1,rev,-90.0,12.0,21.888,-90.0,22.301,-24.0,1.0,-5.289,34.0,-100.0,-100.0,-100.0,-8.0,0.0,-0.0,31.0,-99.573,-100.0,-100.0,24.0,1.0,-0.0,30.0,-87.733,-88.0,-88.0,16.0,0.0,0.0,31.0,-100.0,-100.0,-100.0,8.0,0.0,-0.013,30.0,9.268,9.756,9.756,-8.0,0.0,0.0,31.0,23.093,23.299,23.299,-8.0,0.0,-0.0,31.0
87.774,1,rev,-90.0,12.0,21.708,-90.0,22.088,-24.0,1.0,-4.309,34.0,-100.0,-100.0,-100.0,-8.0,0.0,-0.0,31.0,-99.573,-100.0,-100.0,24.0,1.0,-0.0,30.0,-87.733,-88.0,-88.0,16.0,0.0,0.0,31.0,-100.0,-100.0,-100.0,8.0,0.0,-0.006,30.0,9.268,9.756,9.756,-8.0,0.0,0.0,31.0,23.093,23.299,23.299,-8.0,0.0,-0.0,31.0
87.8268,1,rev,-90.0,12.0,21.618,-90.0,21.872,-24.0,1.0,-3.116,34.0,-100.0,-100.0,-100.0,-8.0,0.0,-0.0,31.0,-99.573,-100.0,-100.0,24.0,1.0,-0.0,30.0,-87.733,-88.0,-88.0,16.0,0.0,0.0,31.0,-100.0,-100.0,-100.0,8.0,0.0,-0.003,30.0,9.268,9.756,9.756,-8.0,0.0,0.0,31.0,23.093,23.299,23.299,-8.0,0.0,-0.0,31.0
87.8799,1,rev,-90.0,12.0,21.438,-90.0,21.657,-24.0,1.0,-3.543,34.0,-100.0,-100.0,-100.0,-8.0,0.0,-0.0,31.0,-99.573,-100.0,-100.0,24.0,1.0,-0.0,30.0,-87.733,-88.0,-88.0,16.0,0.0,0.0,31.0,-100.0,-100.0,-100.0,8.0,0.0,-0.001,30.0,9.268,9.756,9.756,-8.0,0.0,0.0,31.0,23.093,23.299,23.299,-8.0,0.0,-0.0,31.0
87.9333,1,rev,-90.0,11.9,21.438,-90.0,21.423,-16.0,0.0,-3.543,34.0,-100.0,-100.0,-100.0,-8.0,0.0,-0.0,31.0,-99.573,-100.0,-100.0,24.0,1.0,-0.0,30.0,-87.733,-88.0,-88.0,16.0,0.0,0.0,31.0,-100.0,-100.0,-100.0,0.0,0.0,-0.001,30.0,9.268,9.756,9.756,-8.0,0.0,0.0,31.0,23.093,23.299,23.299,-8.0,0.0,-0.0,31.0
87.986,1,rev,-90.0,11.9,21.079,-90.0,21.196,-16.0,0.0,-3.656,34.0,-100.0,-100.0,-100.0,-8.0,0.0,-0.0,31.0,-99.573,-100.0,-100.0,24.0,1.0,-0.0,30.0,-87.733,-88.0,-88.0,16.0,0.0,0.0,31.0,-100.0,-100.0,-100.0,0.0,0.0,-0.001,30.0,9.268,9.756,9.756,-8.0,0.0,0.0,31.0,23.093,23.299,23.299,-8.0,0.0,-0.0,31.0
88.0396,1,rev,-90.0,11.9,20.899,-90.0,21.081,-16.0,0.0,-3.439,34.0,-100.0,-100.0,-100.0,-8.0,0.0,-0.0,31.0,-99.573,-100.0,-100.0,24.0,1.0,-0.0,30.0,-87.733,-88.0,-88.0,16.0,0.0,0.0,31.0,-99.931,-100.0,-100.0,0.0,0.0,0.513,30.0,9.268,9.756,9.756,-8.0,0.0,0.0,31.0,23.093,23.299,23.299,-8.0,0.0,-0.0,31.0
88.0938,1,rev,-90.0,11.9,20.539,-90.0,20.856,-16.0,0.0,-5.325,34.0,-100.0,-100.0,-100.0,-8.0,0.0,-0.0,31.0,-99.573,-100.0,-100.0,24.0,1.0,-0.0,30.0,-87.733,-88.0,-88.0,16.0,0.0,0.0,31.0,-99.931,-100.0,-100.0,0.0,0.0,0.252,30.0,9.268,9.756,9.756,-8.0,0.0,0.0,31.0,23.093,23.299,23.299,-8.0,0.0,-0.0,31.0
88.1475,1,rev,-90.0,11.9,20.36,-90.0,20.636,-16.0,0.0,-4.293,34.0,-100.0,-100.0,-100.0,-8.0,0.0,-0.0,31.0,-99.573,-100.0,-100.0,24.0,1.0,-0.0,30.0,-87.733,-88.0,-88.0,16.0,0.0,0.0,31.0,-100.0,-100.0,-100.0,0.0,0.0,-0.395,30.0,9.268,9.756,9.756,-8.0,0.0,0.0,31.0,23.093,23.299,23.299,-8.0,0.0,-0.0,31.0
88.2,1,rev,-90.0,11.9,20.18,-90.0,20.423,-16.0,0.0,-3.827,34.0,-100.0,-100.0,-100.0,-8.0,0.0,-0.0,31.0,-99.573,-100.0,-100.0,24.0,1.0,-0.0,30.0,-87.733,-88.0,-88.0,16.0,0.0,0.0,31.0,-100.0,-100.0,-100.0,0.0,0.0,-0.193,30.0,9.268,9.756,9.756,-8.0,0.0,0.0,31.0,23.093,23.299,23.299,-8.0,0.0,-0.0,31.0
88.252,1,rev,-90.0,11.9,20.0,-90.0,20.209,-16.0,0.0,-3.895,34.0,-100.0,-100.0,-100.0,-8.0,0.0,-0.0,31.0,-99.573,-100.0,-100.0,24.0,1.0,-0.0,30.0,-87.733,-88.0,-88.0,16.0,0.0,0.0,31.0,-100.0,-100.0,-100.0,0.0,0.0,-0.095,30.0,9.268,9.756,9.756,-8.0,0.0,0.0,31.0,23.093,23.299,23.299,-8.0,0.0,-0.0,31.0
88.3054,1,rev,-90.0,11.9,19.73,-90.0,19.995,-16.0,0.0,-4.625,34.0,-100.0,-100.0,-100.0,-8.0,0.0,-0.0,31.0,-99.573,-100.0,-100.0,24.0,1.0,-0.0,30.0,-87.733,-88.0,-88.0,16.0,0.0,0.0,31.0,-100.0,-100.0,-100.0,0.0,0.0,-0.046,30.0,9.268,9.756,9.756,-8.0,0.0,0.0,31.0,23.093,23.299,23.299,-8.0,0.0,-0.0,31.0
88.3588,1,rev,-90.0,11.9,19.461,-90.0,19.781,-16.0,0.0,-4.692,34.0,-100.0,-100.0,-100.0,-8.0,0.0,-0.0,31.0,-99.573,-100.0,-100.0,24.0,1.0,-0.0,30.0,-87.733,-88.0,-88.0,16.0,0.0,0.0,31.0,-100.0,-100.0,-100.0,0.0,0.0,-0.023,30.0,9.268,9.756,9.756,-8.0,0.0,0.0,31.0,23.093,23.299,23.299,-8.0,0.0,-0.0,31.0
88.4118,1,rev,-90.0,11.9,19.281,-90.0,19.564,-16.0,0.0,-4.326,34.0,-100.0,-100.0,-100.0,-8.0,0.0,-0.0,31.0,-99.573,-100.0,-100.0,24.0,1.0,-0.0,30.0,-87.733,-88.0,-88.0,16.0,0.0,0.0,31.0,-100.0,-100.0,-100.0,0.0,0.0,-0.011,30.0,9.268,9.756,9.756,-8.0,0.0,0.0,31.0,23.093,23.299,23.299,-8.0,0.0,-0.0,31.0
88.4652,1,rev,-90.0,11.9,19.011,-90.0,19.351,-16.0,0.0,-4.557,34.0,-100.0,-100.0,-100.0,-8.0,0.0,-0.0,31.0,-99.573,-100.0,-100.0,24.0,1.0,-0.0,30.0,-87.733,-88.0,-88.0,16.0,0.0,0.0,31.0,-100.0,-100.0,-100.0,0.0,0.0,-0.005,30.0,9.268,9.756,9.756,-8.0,0.0,0.0,31.0,23.093,23.299,23.299,-8.0,0.0,-0.0,31.0
88.5186,1,rev,-90.0,12.0,18.831,-90.0,19.12,-16.0,0.0,-4.118,34.0,-100.0,-100.0,-100.0,-8.0,0.0,-0.0,31.0,-99.573,-100.0,-100.0,24.0,1.0,-0.0,30.0,-87.733,-88.0,-88.0,16.0,1.0,0.0,31.0,-100.0,-100.0,-100.0,0.0,0.0,-0.004,30.0,9.268,9.756,9.756,-8.0,0.0,0.0,31.0,23.093,23.299,23.299,-8.0,0.0,-0.0,31.0
88.5709,1,rev,-90.0,12.0,18.742,-90.0,18.903,-16.0,0.0,-3.006,34.0,-100.0,-100.0,-100.0,-8.0,0.0,-0.0,31.0,-99.573,-100.0,-100.0,24.0,1.0,-0.0,30.0,-87.733,-88.0,-88.0,16.0,1.0,0.0,31.0,-100.0,-100.0,-100.0,0.0,0.0,-0.002,30.0,9.268,9.756,9.756,-8.0,0.0,0.0,31.0,23.093,23.299,23.299,-8.0,0.0,-0.0,31.0
88.6243,1,rev,-90.0,12.0,18.652,-90.0,18.687,-16.0,0.0,-2.475,34.0,-100.0,-100.0,-100.0,-8.0,0.0,-0.0,31.0,-99.573,-100.0,-100.0,24.0,1.0,-0.0,30.0,-87.733,-88.0,-88.0,16.0,1.0,0.0,31.0,-100.0,-100.0,-100.0,0.0,0.0,-0.001,30.0,9.268,9.756,9.756,-8.0,0.0,0.0,31.0,23.093,23.299,23.299,-8.0,0.0,-0.0,31.0
88.6778,1,rev,-90.0,12.0,18.292,-90.0,18.471,-16.0,0.0,-4.598,34.0,-100.0,-100.0,-100.0,-8.0,0.0,-0.0,31.0,-99.573,-100.0,-100.0,24.0,1.0,-0.0,30.0,-87.867,-88.0,-88.0,16.0,1.0,-1.471,31.0,-100.0,-100.0,-100.0,0.0,0.0,-0.0,30.0,9.268,9.756,9.756,-8.0,0.0,0.0,31.0,23.093,23.299,23.299,-8.0,0.0,-0.0,31.0
88.7311,1,rev,-90.0,12.0,18.112,-90.0,18.257,-16.0,0.0,-3.67,34.0,-100.0,-100.0,-100.0,-8.0,0.0,-0.0,31.0,-99.573,-100.0,-100.0,24.0,1.0,-0.0,30.0,-87.867,-88.0,-88.0,16.0,1.0,-0.721,31.0,-100.0,-100.0,-100.0,0.0,0.0,-0.0,30.0,9.268,9.756,9.756,-8.0,0.0,0.0,31.0,23.093,23.299,23.299,-8.0,0.0,-0.0,31.0
88.7841,1,rev,-90.0,12.0,17.933,-90.0,18.043,-16.0,0.0,-3.508,34.0,-100.0,-100.0,-100.0,-8.0,0.0,-0.0,31.0,-99.573,-100.0,-100.0,24.0,1.0,-0.0,30.0,-87.867,-88.0,-88.0,16.0,1.0,-0.353,31.0,-99.931,-100.0,-100.0,0.0,0.0,0.544,30.0,9.268,9.756,9.756,-8.0,0.0,0.0,31.0,23.093,23.299,23.299,-8.0,0.0,-0.0,31.0
88.8371,1,rev,-90.0,12.0,17.573,-90.0,17.827,-16.0,0.0,-5.095,34.0,-100.0,-100.0,-100.0,-8.0,0.0,-0.0,31.0,-99.573,-100.0,-100.0,24.0,1.0,-0.0,30.0,-87.867,-88.0,-88.0,16.0,1.0,-0.173,31.0,-99.931,-100.0,-100.0,0.0,0.0,0.267,30.0,9.268,9.756,9.756,-8.0,0.0,0.0,31.0,23.093,23.299,23.299,-8.0,0.0,-0.0,31.0
88.8914,1,rev,-90.0,12.0,17.393,-90.0,17.61,-16.0,0.0,-4.487,34.0,-100.0,-100.0,-100.0,-8.0,0.0,-0.0,31.0,-99.573,-100.0,-100.0,24.0,1.0,-0.0,30.0,-87.867,-88.0,-88.0,16.0,1.0,-0.085,31.0,-100.0,-100.0,-100.0,0.0,0.0,-0.411,30.0,9.268,9.756,9.756,-8.0,0.0,0.0,31.0,23.093,23.299,23.299,-8.0,0.0,-0.0,31.0
88.9441,1,rev,-90.0,12.0,17.303,-90.0,17.397,-16.0,0.0,-2.906,34.0,-100.0,-100.0,-100.0,-8.0,0.0,-0.0,31.0,-99.573,-100.0,-100.0,24.0,1.0,-0.0,30.0,-87.867,-88.0,-88.0,16.0,1.0,-0.042,31.0,-100.0,-100.0,-100.0,0.0,0.0,-0.202,30.0,9.268,9.756,9.756,-8.0,0.0,0.0,31.0,23.093,23.299,23.299,-8.0,0.0,-0.0,31.0
88.9975,1,rev,-90.0,12.0,17.124,-90.0,17.18,-16.0,0.0,-3.115,34.0,-100.0,-100.0,-100.0,-8.0,0.0,-0.0,31.0,-99.573,-100.0,-100.0,24.0,1.0,-0.0,30.0,-87.867,-88.0,-88.0,16.0,1.0,-0.02,31.0,-100.0,-100.0,-100.0,0.0,0.0,-0.099,30.0,9.268,9.756,9.756,-8.0,0.0,0.0,31.0,23.093,23.299,23.299,-8.0,0.0,-0.0,31.0
89.0499,1,rev,-90.0,12.0,16.944,-90.0,17.072,-16.0,0.0,-4.203,34.0,-100.0,-100.0,-100.0,-8.0,0.0,-0.0,31.0,-99.573,-100.0,-100.0,24.0,1.0,-0.0,30.0,-87.867,-88.0,-88.0,16.0,1.0,-0.014,31.0,-100.0,-100.0,-100.0,0.0,0.0,-0.069,30.0,9.268,9.756,9.756,-8.0,0.0,0.0,31.0,23.093,23.299,23.299,-8.0,0.0,-0.0,31.0
89.1032,1,rev,-90.0,12.0,16.674,-90.0,16.725,0.0,0.0,-4.287,34.0,-100.0,-100.0,-100.0,-8.0,0.0,-0.0,31.0,-99.573,-100.0,-100.0,24.0,1.0,-0.0,30.0,-87.867,-88.0,-88.0,8.0,0.0,-0.01,31.0,-100.0,-100.0,-100.0,0.0,0.0,-0.048,30.0,9.268,9.756,9.756,-8.0,0.0,0.0,31.0,23.093,23.299,23.299,-8.0,0.0,-0.0,31.0
89.1566,1,rev,-90.0,12.0,16.494,-90.0,16.615,0.0,0.0,-4.091,34.0,-100.0,-100.0,-100.0,-8.0,0.0,-0.0,31.0,-99.573,-100.0,-100.0,24.0,1.0,-0.0,30.0,-87.867,-88.0,-88.0,8.0,0.0,-0.005,31.0,-100.0,-100.0,-100.0,0.0,0.0,-0.024,30.0,9.268,9.756,9.756,-8.0,0.0,0.0,31.0,23.093,23.299,23.299,-8.0,0.0,-0.0,31.0
89.2103,1,rev,-90.0,12.0,16.225,-90.0,16.387,0.0,0.0,-4.648,34.0,-100.0,-100.0,-100.0,-8.0,0.0,-0.0,31.0,-99.573,-100.0,-100.0,24.0,1.0,-0.0,30.0,-87.867,-88.0,-88.0,8.0,0.0,-0.002,31.0,-100.0,-100.0,-100.0,0.0,0.0,-0.012,30.0,9.268,9.756,9.756,-8.0,0.0,0.0,31.0,23.093,23.299,23.299,-8.0,0.0,-0.0,31.0
89.2635,1,rev,-90.0,12.0,15.955,-90.0,16.172,0.0,0.0,-4.694,34.0,-100.0,-100.0,-100.0,-8.0,0.0,-0.0,31.0,-99.573,-100.0,-100.0,24.0,1.0,-0.0,30.0,-87.867,-88.0,-88.0,8.0,0.0,-0.001,31.0,-100.0,-100.0,-100.0,0.0,0.0,-0.006,30.0,9.268,9.756,9.756,-8.0,0.0,0.0,31.0,23.093,23.299,23.299,-8.0,0.0,-0.0,31.0
89.3161,1,rev,-90.0,12.0,15.865,-90.0,15.959,0.0,0.0,-3.005,34.0,-100.0,-100.0,-100.0,-8.0,0.0,-0.0,31.0,-99.573,-100.0,-100.0,24.0,1.0,-0.0,30.0,-87.867,-88.0,-88.0,8.0,0.0,-0.001,31.0,-100.0,-100.0,-100.0,0.0,0.0,-0.003,30.0,9.268,9.756,9.756,-8.0,0.0,0.0,31.0,23.093,23.299,23.299,-8.0,0.0,-0.0,31.0
89.3692,1,rev,-90.0,12.0,15.775,-90.0,15.746,0.0,0.0,-2.472,34.0,-100.0,-100.0,-100.0,-8.0,0.0,-0.0,31.0,-99.573,-100.0,-100.0,24.0,1.0,-0.0,30.0,-87.867,-88.0,-88.0,8.0,0.0,-0.0,31.0,-100.0,-100.0,-100.0,0.0,0.0,-0.001,30.0,9.268,9.756,9.756,-8.0,0.0,0.0,31.0,23.093,23.299,23.299,-8.0,0.0,-0.0,31.0
89.4224,1,rev,-90.0,12.0,15.596,-90.0,15.531,0.0,0.0,-3.24,34.0,-100.0,-100.0,-100.0,-8.0,0.0,-0.0,31.0,-99.573,-100.0,-100.0,24.0,1.0,-0.0,30.0,-87.867,-88.0,-88.0,8.0,0.0,-0.0,31.0,-100.0,-100.0,-100.0,0.0,0.0,-0.001,30.0,9.268,9.756,9.756,-8.0,0.0,0.0,31.0,23.093,23.299,23.299,-8.0,0.0,-0.0,31.0
89.4757,1,rev,-90.0,12.0,15.236,-90.0,15.319,0.0,0.0,-5.342,34.0,-100.0,-100.0,-100.0,-8.0,0.0,-0.0,31.0,-99.573,-100.0,-100.0,24.0,1.0,-0.0,30.0,-87.867,-88.0,-88.0,8.0,0.0,-0.0,31.0,-100.0,-100.0,-100.0,0.0,0.0,-0.0,30.0,9.268,9.756,9.756,-8.0,0.0,0.0,31.0,23.093,23.299,23.299,-8.0,0.0,-0.0,31.0
89.5278,1,rev,-90.0,12.0,15.236,-90.0,15.106,0.0,0.0,-2.618,34.0,-100.0,-100.0,-100.0,-8.0,0.0,-0.0,31.0,-99.573,-100.0,-100.0,24.0,1.0,-0.0,30.0,-87.867,-88.0,-88.0,8.0,0.0,-0.0,31.0,-100.0,-100.0,-100.0,0.0,0.0,-0.0,30.0,9.268,9.756,9.756,-8.0,0.0,0.0,31.0,23.093,23.299,23.299,-8.0,0.0,-0.0,31.0
89.5817,1,rev,-90.0,12.0,15.056,-90.0,14.889,0.0,0.0,-2.972,34.0,-100.0,-100.0,-100.0,-8.0,0.0,-0.0,31.0,-99.573,-100.0,-100.0,24.0,1.0,-0.0,30.0,-87.867,-88.0,-88.0,8.0,0.0,-0.0,31.0,-100.0,-100.0,-100.0,0.0,0.0,-0.0,30.0,9.268,9.756,9.756,-8.0,0.0,0.0,31.0,23.093,23.299,23.299,-8.0,0.0,-0.0,31.0
89.6339,1,rev,-90.0,12.0,14.787,-90.0,14.782,0.0,0.0,-5.062,34.0,-100.0,-100.0,-100.0,-8.0,0.0,-0.0,30.0,-99.573,-100.0,-100.0,24.0,1.0,-0.0,30.0,-87.867,-88.0,-88.0,8.0,0.0,-0.0,31.0,-100.0,-100.0,-100.0,0.0,0.0,-0.0,30.0,9.268,9.756,9.756,-8.0,1.0,0.0,31.0,23.093,23.299,23.299,-8.0,0.0,-0.0,31.0
89.686,1,rev,-90.0,12.0,14.427,-90.0,14.447,0.0,0.0,-4.497,34.0,-100.0,-100.0,-100.0,-8.0,0.0,-0.0,30.0,-99.573,-100.0,-100.0,24.0,1.0,-0.0,30.0,-87.867,-88.0,-88.0,8.0,0.0,-0.0,31.0,-100.0,-100.0,-100.0,0.0,0.0,-0.0,30.0,9.268,9.756,9.756,-8.0,1.0,0.0,31.0,23.093,23.299,23.299,-8.0,0.0,-0.0,31.0
89.7393,1,rev,-90.0,12.0,14.427,-90.0,14.233,0.0,0.0,-2.204,34.0,-100.0,-100.0,-100.0,-8.0,0.0,-0.0,30.0,-99.573,-100.0,-100.0,24.0,1.0,-0.0,30.0,-87.867,-88.0,-88.0,8.0,0.0,-0.0,31.0,-100.0,-100.0,-100.0,0.0,0.0,-0.0,30.0,9.268,9.756,9.756,-8.0,1.0,0.0,31.0,23.093,23.299,23.299,-8.0,0.0,-0.0,31.0
89.7924,1,rev,-90.0,12.0,14.157,-90.0,14.02,0.0,0.0,-3.807,34.0,-100.0,-100.0,-100.0,-8.0,0.0,-0.0,30.0,-99.573,-100.0,-100.0,24.0,1.0,-0.0,30.0,-87.867,-88.0,-88.0,8.0,0.0,-0.0,31.0,-100.0,-100.0,-100.0,0.0,0.0,-0.0,30.0,9.268,9.756,9.756,-8.0,1.0,0.0,31.0,23.093,23.299,23.299,-8.0,0.0,-0.0,31.0
89.8448,1,rev,-90.0,12.0,13.798,-90.0,13.806,0.0,0.0,-5.29,34.0,-100.0,-100.0,-100.0,-8.0,0.0,-0.0,30.0,-99.573,-100.0,-100.0,24.0,1.0,-0.0,30.0,-87.867,-88.0,-88.0,8.0,0.0,-0.0,31.0,-100.0,-100.0,-100.0,0.0,0.0,-0.0,30.0,9.268,9.756,9.756,-8.0,1.0,0.0,31.0,23.093,23.299,23.299,-8.0,0.0,-0.0,31.0
89.8985,1,rev,-90.0,12.0,13.708,-90.0,13.587,0.0,0.0,-3.595,34.0,-100.0,-100.0,-100.0,-8.0,0.0,-0.0,30.0,-99.573,-100.0,-100.0,24.0,1.0,-0.0,30.0,-87.867,-88.0,-88.0,8.0,0.0,-0.0,31.0,-100.0,-100.0,-100.0,0.0,0.0,-0.0,30.0,9.268,9.756,9.756,-8.0,1.0,0.0,31.0,23.093,23.299,23.299,-8.0,0.0,-0.0,31.0
89.9509,1,rev,-90.0,12.0,13.528,-90.0,13.371,0.0,0.0,-3.766,34.0,-100.0,-100.0,-100.0,-8.0,0.0,-0.0,30.0,-99.573,-100.0,-100.0,24.0,1.0,-0.0,30.0,-87.867,-88.0,-88.0,8.0,0.0,-0.0,31.0,-100.0,-100.0,-100.0,0.0,0.0,-0.0,30.0,9.268,9.756,9.756,-8.0,1.0,0.0,31.0,23.093,23.299,23.299,-8.0,0.0,-0.0,31.0
90.0048,1,rev,-90.0,12.0,13.169,-90.0,13.154,0.0,0.0,-5.222,34.0,-100.0,-100.0,-100.0,-8.0,0.0,-0.0,30.0,-99.573,-100.0,-100.0,24.0,1.0,-0.0,30.0,-87.867,-88.0,-88.0,8.0,0.0,-0.0,31.0,-100.0,-100.0,-100.0,0.0,0.0,-0.0,30.0,9.268,9.756,9.756,-8.0,1.0,0.0,31.0,23.093,23.299,23.299,-8.0,0.0,-0.0,31.0
90.0582,1,rev,-90.0,12.0,12.989,-90.0,12.939,0.0,0.0,-4.266,34.0,-100.0,-100.0,-100.0,-8.0,0.0,-0.0,30.0,-99.573,-100.0,-100.0,24.0,1.0,-0.0,30.0,-87.867,-88.0,-88.0,8.0,0.0,-0.0,31.0,-100.0,-100.0,-100.0,0.0,0.0,-0.0,30.0,9.268,9.756,9.756,-8.0,1.0,0.0,31.0,23.093,23.299,23.299,-8.0,0.0,-0.0,31.0
90.1116,1,rev,-90.0,12.0,12.989,-90.0,12.724,0.0,0.0,-2.09,34.0,-100.0,-100.0,-100.0,-8.0,0.0,-0.0,30.0,-99.573,-100.0,-100.0,24.0,1.0,-0.0,30.0,-87.867,-88.0,-88.0,8.0,0.0,-0.0,31.0,-100.0,-100.0,-100.0,0.0,0.0,-0.0,30.0,9.268,9.756,9.756,-8.0,1.0,0.0,31.0,23.093,23.299,23.299,-8.0,0.0,-0.0,31.0
90.1643,1,rev,-90.0,12.0,12.719,-90.0,12.509,0.0,0.0,-3.745,34.0,-100.0,-100.0,-100.0,-8.0,0.0,-0.0,30.0,-99.573,-100.0,-100.0,24.0,1.0,-0.0,30.0,-87.867,-88.0,-88.0,8.0,0.0,-0.0,31.0,-100.0,-100.0,-100.0,0.0,0.0,-0.0,30.0,9.268,9.756,9.756,-8.0,1.0,0.0,31.0,23.299,23.299,23.299,-8.0,0.0,1.623,31.0
90.2174,1,rev,-90.0,12.0,12.719,-90.0,12.274,8.0,0.0,-3.745,34.0,-100.0,-100.0,-100.0,-8.0,0.0,-0.0,31.0,-99.573,-100.0,-100.0,24.0,1.0,-0.0,30.0,-87.867,-88.0,-88.0,8.0,0.0,-0.0,31.0,-100.0,-100.0,-100.0,0.0,0.0,-0.0,30.0,9.268,9.756,9.756,-8.0,0.0,0.0,31.0,23.299,23.299,23.299,0.0,0.0,1.623,31.0
90.2699,1,rev,-90.0,12.0,12.36,-90.0,12.157,8.0,0.0,-3.072,34.0,-100.0,-100.0,-100.0,-8.0,0.0,-0.0,31.0,-99.716,-100.0,-100.0,24.0,1.0,-0.489,30.0,-87.867,-88.0,-88.0,8.0,0.0,-0.0,31.0,-100.0,-100.0,-100.0,0.0,0.0,-0.0,30.0,9.268,9.756,9.756,-8.0,0.0,0.0,31.0,23.299,23.299,23.299,0.0,0.0,0.795,31.0
90.3234,1,rev,-90.0,12.0,12.09,-90.0,11.934,8.0,0.0,-4.183,34.0,-100.0,-100.0,-100.0,-8.0,0.0,-0.0,31.0,-99.716,-100.0,-100.0,24.0,1.0,-0.24,30.0,-87.867,-88.0,-88.0,8.0,0.0,-0.0,31.0,-100.0,-100.0,-100.0,0.0,0.0,-0.0,30.0,9.268,9.756,9.756,-8.0,0.0,0.0,31.0,23.093,23.299,23.299,0.0,0.0,-1.105,31.0
90.3766,1,rev,-90.0,12.0,11.82,-90.0,11.72,8.0,0.0,-4.478,34.0,-100.0,-100.0,-100.0,-8.0,0.0,-0.0,31.0,-99.716,-100.0,-100.0,24.0,1.0,-0.117,30.0,-87.867,-88.0,-88.0,8.0,0.0,-0.0,31.0,-100.0,-100.0,-100.0,0.0,0.0,-0.0,30.0,9.268,9.756,9.756,-8.0,0.0,0.0,31.0,23.093,23.299,23.299,0.0,0.0,-0.541,31.0
90.4299,1,rev,-90.0,12.0,11.551,-90.0,11.508,8.0,0.0,-4.931,34.0,-100.0,-100.0,-100.0,-8.0,0.0,-0.0,31.0,-99.716,-100.0,-100.0,24.0,1.0,-0.058,30.0,-87.867,-88.0,-88.0,8.0,0.0,-0.0,31.0,-100.0,-100.0,-100.0,0.0,0.0,-0.0,30.0,9.268,9.756,9.756,-8.0,0.0,0.0,31.0,23.093,23.299,23.299,0.0,0.0,-0.265,31.0
90.4836,1,rev,-90.0,12.0,11.551,-90.0,11.293,8.0,0.0,-2.416,34.0,-100.0,-100.0,-100.0,-8.0,0.0,-0.0,31.0,-99.716,-100.0,-100.0,24.0,1.0,-0.028,30.0,-87.867,-88.0,-88.0,8.0,0.0,-0.0,31.0,-100.0,-100.0,-100.0,0.0,0.0,-0.0,30.0,9.268,9.756,9.756,-8.0,0.0,0.0,31.0,23.093,23.299,23.299,0.0,0.0,-0.13,31.0
90.536,1,rev,-90.0,12.0,11.371,-90.0,11.08,8.0,0.0,-2.909,34.0,-100.0,-100.0,-100.0,-8.0,0.0,-0.0,31.0,-99.716,-100.0,-100.0,24.0,1.0,-0.014,30.0,-87.867,-88.0,-88.0,8.0,0.0,-0.0,31.0,-100.0,-100.0,-100.0,0.0,0.0,-0.0,30.0,9.268,9.756,9.756,-8.0,0.0,0.0,31.0,23.093,23.299,23.299,0.0,0.0,-0.064,31.0
90.5879,1,rev,-90.0,12.0,11.011,-90.0,10.865,8.0,0.0,-4.841,34.0,-100.0,-100.0,-100.0,-8.0,0.0,-0.0,31.0,-99.716,-100.0,-100.0,24.0,1.0,-0.007,30.0,-87.867,-88.0,-88.0,8.0,0.0,-0.0,31.0,-100.0,-100.0,-100.0,0.0,0.0,-0.0,30.0,9.268,9.756,9.756,-8.0,0.0,0.0,31.0,23.093,23.299,23.299,0.0,0.0,-0.031,31.0
90.6399,1,rev,-90.0,12.0,10.921,-90.0,10.651,8.0,0.0,-3.075,34.0,-100.0,-100.0,-100.0,-8.0,0.0,-0.0,31.0,-99.716,-100.0,-100.0,24.0,1.0,-0.003,30.0,-87.867,-88.0,-88.0,8.0,0.0,-0.0,31.0,-100.0,-100.0,-100.0,0.0,0.0,-0.0,30.0,9.268,9.756,9.756,-8.0,0.0,0.0,31.0,23.093,23.299,23.299,0.0,0.0,-0.015,31.0
90.6933,1,rev,-90.0,12.0,10.562,-90.0,10.431,8.0,0.0,-5.172,34.0,-100.0,-100.0,-100.0,-8.0,0.0,-0.0,31.0,-99.716,-100.0,-100.0,24.0,1.0,-0.002,30.0,-87.867,-88.0,-88.0,8.0,0.0,-0.0,31.0,-100.0,-100.0,-100.0,0.0,0.0,-0.0,30.0,9.268,9.756,9.756,-8.0,0.0,0.0,31.0,23.093,23.299,23.299,0.0,0.0,-0.007,31.0
90.7465,1,rev,-90.0,12.0,10.382,-90.0,10.217,8.0,0.0,-4.241,34.0,-100.0,-100.0,-100.0,-8.0,0.0,-0.0,31.0,-99.716,-100.0,-100.0,24.0,1.0,-0.001,30.0,-87.867,-88.0,-88.0,8.0,0.0,-0.0,31.0,-100.0,-100.0,-100.0,0.0,0.0,-0.0,30.0,9.268,9.756,9.756,-8.0,0.0,0.0,31.0,23.093,23.299,23.299,0.0,0.0,-0.004,31.0
90.8002,1,rev,-90.0,12.0,10.112,-90.0,9.974,12.0,0.0,-4.303,34.0,-100.0,-100.0,-100.0,-8.0,0.0,-0.0,31.0,-99.716,-100.0,-100.0,16.0,0.0,-0.001,30.0,-87.867,-88.0,-88.0,8.0,0.0,-0.0,31.0,-100.0,-100.0,-100.0,0.0,0.0,-0.0,30.0,9.268,9.756,9.756,-8.0,0.0,0.0,31.0,23.093,23.299,23.299,-8.0,0.0,-0.003,31.0
90.8534,1,rev,-90.0,12.0,10.022,-90.0,9.76,12.0,0.0,-3.117,34.0,-100.0,-100.0,-100.0,-8.0,0.0,-0.0,31.0,-99.716,-100.0,-100.0,16.0,0.0,-0.0,30.0,-87.867,-88.0,-88.0,8.0,0.0,-0.0,31.0,-100.0,-100.0,-100.0,0.0,0.0,-0.0,30.0,9.268,9.756,9.756,-8.0,0.0,0.0,31.0,23.093,23.299,23.299,-8.0,0.0,-0.001,31.0
90.9077,1,rev,-90.0,12.0,9.843,-90.0,9.543,12.0,0.0,-3.511,34.0,-100.0,-100.0,-100.0,-8.0,0.0,-0.0,31.0,-99.716,-100.0,-100.0,16.0,0.0,-0.0,30.0,-87.867,-88.0,-88.0,8.0,0.0,-0.0,31.0,-100.0,-100.0,-100.0,0.0,0.0,-0.0,30.0,9.268,9.756,9.756,-8.0,0.0,0.0,31.0,23.093,23.299,23.299,-8.0,0.0,-0.001,31.0
90.9614,1,rev,-90.0,12.0,9.483,-90.0,9.326,12.0,0.0,-5.106,34.0,-100.0,-100.0,-100.0,-8.0,0.0,-0.0,31.0,-99.716,-100.0,-100.0,16.0,0.0,-0.0,30.0,-87.867,-88.0,-88.0,8.0,0.0,-0.0,31.0,-100.0,-100.0,-100.0,0.0,0.0,-0.0,30.0,9.268,9.756,9.756,-8.0,0.0,0.0,31.0,23.093,23.299,23.299,-8.0,0.0,-0.0,31.0
91.0139,1,rev,-90.0,12.0,9.393,-90.0,9.111,12.0,0.0,-3.509,34.0,-100.0,-100.0,-100.0,-8.0,0.0,-0.0,31.0,-99.716,-100.0,-100.0,16.0,0.0,-0.0,30.0,-87.867,-88.0,-88.0,8.0,0.0,-0.0,31.0,-100.0,-100.0,-100.0,0.0,0.0,-0.0,30.0,9.268,9.756,9.756,-8.0,0.0,0.0,31.0,23.093,23.299,23.299,-8.0,0.0,-0.0,31.0
91.0673,1,rev,-90.0,12.0,9.124,-90.0,8.895,12.0,0.0,-4.41,34.0,-100.0,-100.0,-100.0,-8.0,0.0,-0.0,31.0,-99.716,-100.0,-100.0,16.0,0.0,-0.0,30.0,-87.867,-88.0,-88.0,8.0,0.0,-0.0,31.0,-100.0,-100.0,-100.0,0.0,0.0,-0.0,30.0,9.268,9.756,9.756,-8.0,0.0,0.0,31.0,23.093,23.299,23.299,-8.0,0.0,-0.0,31.0
91.1206,1,rev,-90.0,12.0,8.944,-90.0,8.677,12.0,0.0,-5.055,34.0,-100.0,-100.0,-100.0,-8.0,0.0,-0.0,31.0,-99.716,-100.0,-100.0,16.0,0.0,-0.0,30.0,-87.867,-88.0,-88.0,8.0,0.0,-0.0,31.0,-100.0,-100.0,-100.0,0.0,0.0,-0.0,30.0,9.268,9.756,9.756,-8.0,0.0,0.0,31.0,23.093,23.299,23.299,-8.0,0.0,-0.0,31.0
91.1744,1,rev,-90.0,12.0,8.764,-90.0,8.449,12.0,0.0,-4.109,34.0,-100.0,-100.0,-100.0,-8.0,0.0,-0.0,31.0,-99.716,-100.0,-100.0,16.0,0.0,-0.0,30.0,-87.867,-88.0,-88.0,8.0,0.0,-0.0,31.0,-100.0,-100.0,-100.0,0.0,0.0,-0.0,30.0,9.268,9.756,9.756,-8.0,0.0,0.0,31.0,23.093,23.299,23.299,-8.0,0.0,-0.0,31.0
91.2279,1,rev,-90.0,12.0,8.674,-90.0,8.329,12.0,0.0,-2.637,34.0,-100.0,-100.0,-100.0,-8.0,0.0,-0.0,31.0,-99.716,-100.0,-100.0,16.0,0.0,-0.0,30.0,-87.867,-88.0,-88.0,8.0,0.0,-0.0,31.0,-100.0,-100.0,-100.0,0.0,0.0,-0.0,30.0,9.268,9.756,9.756,-8.0,0.0,0.0,31.0,23.093,23.299,23.299,-8.0,0.0,-0.0,31.0
91.2817,1,rev,-90.0,12.0,8.494,-90.0,8.101,12.0,0.0,-2.924,34.0,-100.0,-100.0,-100.0,-8.0,0.0,-0.0,31.0,-99.716,-100.0,-100.0,16.0,0.0,-0.0,30.0,-87.867,-88.0,-88.0,8.0,0.0,-0.0,31.0,-100.0,-100.0,-100.0,0.0,0.0,-0.0,30.0,9.756,9.756,9.756,-8.0,0.0,3.419,31.0,23.093,23.299,23.299,-8.0,0.0,-0.0,31.0
91.3351,1,rev,-90.0,12.0,8.135,-90.0,7.886,12.0,0.0,-4.511,34.0,-100.0,-100.0,-100.0,-8.0,0.0,-0.0,31.0,-99.716,-100.0,-100.0,16.0,0.0,-0.0,30.0,-87.867,-88.0,-88.0,8.0,0.0,-0.0,31.0,-100.0,-100.0,-100.0,0.0,0.0,-0.0,30.0,9.756,9.756,9.756,-8.0,0.0,1.675,31.0,23.093,23.299,23.299,-8.0,0.0,-0.0,31.0
91.3881,1,rev,-90.0,12.0,8.045,-90.0,7.64,8.0,0.0,-3.604,34.0,-100.0,-100.0,-100.0,-8.0,0.0,-0.0,31.0,-99.716,-100.0,-100.0,16.0,0.0,-0.0,30.0,-87.867,-88.0,-88.0,8.0,0.0,-0.0,31.0,-100.0,-100.0,-100.0,0.0,0.0,-0.0,30.0,9.756,9.756,9.756,0.0,0.0,1.173,31.0,23.093,23.299,23.299,-8.0,0.0,-0.0,31.0
91.4412,1,rev,-90.0,12.0,7.775,-90.0,7.424,8.0,0.0,-4.494,34.0,-100.0,-100.0,-100.0,-8.0,0.0,-0.0,31.0,-99.716,-100.0,-100.0,16.0,0.0,-0.0,30.0,-87.867,-88.0,-88.0,8.0,0.0,-0.0,31.0,-100.0,-100.0,-100.0,0.0,0.0,-0.0,30.0,9.756,9.756,9.756,0.0,0.0,0.575,31.0,23.093,23.299,23.299,-8.0,0.0,-0.0,31.0
91.4944,1,rev,-90.0,12.0,7.506,-90.0,7.208,8.0,0.0,-4.579,34.0,-100.0,-100.0,-100.0,-8.0,0.0,-0.0,31.0,-99.716,-100.0,-100.0,16.0,0.0,-0.0,30.0,-87.867,-88.0,-88.0,8.0,0.0,-0.0,31.0,-100.0,-100.0,-100.0,0.0,0.0,-0.0,30.0,9.756,9.756,9.756,0.0,0.0,0.282,31.0,23.093,23.299,23.299,-8.0,0.0,-0.0,31.0
91.5477,1,rev,-90.0,12.0,7.326,-90.0,6.992,8.0,0.0,-3.957,34.0,-100.0,-100.0,-100.0,-8.0,0.0,-0.0,31.0,-99.716,-100.0,-100.0,16.0,0.0,-0.0,30.0,-87.867,-88.0,-88.0,8.0,0.0,-0.0,31.0,-100.0,-100.0,-100.0,0.0,0.0,-0.0,30.0,9.756,9.756,9.756,0.0,0.0,0.138,31.0,23.093,23.299,23.299,-8.0,0.0,-0.0,31.0
91.6012,1,rev,-90.0,12.0,7.146,-90.0,6.78,8.0,0.0,-3.941,34.0,-100.0,-100.0,-100.0,-8.0,0.0,-0.0,31.0,-99.716,-100.0,-100.0,16.0,0.0,-0.0,30.0,-87.867,-88.0,-88.0,8.0,0.0,-0.0,31.0,-100.0,-100.0,-100.0,0.0,0.0,-0.0,30.0,9.756,9.756,9.756,0.0,0.0,0.068,31.0,23.093,23.299,23.299,-8.0,0.0,-0.0,31.0
91.6542,1,rev,-90.0,12.0,6.876,-90.0,6.563,8.0,0.0,-4.891,34.0,-100.0,-100.0,-100.0,-8.0,0.0,-0.0,31.0,-99.716,-100.0,-100.0,16.0,0.0,-0.0,30.0,-87.867,-88.0,-88.0,8.0,0.0,-0.0,31.0,-100.0,-100.0,-100.0,0.0,0.0,-0.0,30.0,9.756,9.756,9.756,0.0,0.0,0.033,31.0,23.093,23.299,23.299,-8.0,0.0,-0.0,31.0
91.7071,1,rev,-90.0,12.0,6.697,-90.0,6.346,8.0,0.0,-3.784,34.0,-100.0,-100.0,-100.0,-8.0,0.0,-0.0,31.0,-99.716,-100.0,-100.0,16.0,0.0,-0.0,30.0,-87.867,-88.0,-88.0,8.0,0.0,-0.0,31.0,-100.0,-100.0,-100.0,0.0,0.0,-0.0,30.0,9.756,9.756,9.756,0.0,0.0,0.016,31.0,23.093,23.299,23.299,-8.0,0.0,-0.0,31.0
91.7604,1,rev,-90.0,12.0,6.517,-90.0,6.132,8.0,0.0,-3.573,34.0,-100.0,-100.0,-100.0,-8.0,0.0,-0.0,31.0,-99.716,-100.0,-100.0,16.0,0.0,-0.0,30.0,-87.867,-88.0,-88.0,8.0,0.0,-0.0,31.0,-100.0,-100.0,-100.0,0.0,0.0,-0.0,30.0,9.756,9.756,9.756,0.0,0.0,0.008,31.0,23.093,23.299,23.299,-8.0,0.0,-0.0,31.0
91.8134,1,rev,-90.0,12.0,6.247,-90.0,5.917,8.0,0.0,-4.145,34.0,-100.0,-100.0,-100.0,-8.0,0.0,-0.0,31.0,-99.716,-100.0,-100.0,16.0,0.0,-0.0,30.0,-87.867,-88.0,-88.0,8.0,0.0,-0.0,31.0,-100.0,-100.0,-100.0,0.0,0.0,-0.0,30.0,9.756,9.756,9.756,0.0,0.0,0.004,31.0,23.093,23.299,23.299,-8.0,0.0,-0.0,31.0
91.8667,1,rev,-90.0,12.0,6.067,-90.0,5.698,8.0,0.0,-3.721,34.0,-100.0,-100.0,-100.0,-8.0,0.0,-0.0,31.0,-99.716,-100.0,-100.0,16.0,0.0,-0.0,30.0,-87.867,-88.0,-88.0,8.0,0.0,-0.0,31.0,-100.0,-100.0,-100.0,0.0,0.0,-0.0,30.0,9.756,9.756,9.756,0.0,0.0,0.002,31.0,23.093,23.299,23.299,-8.0,0.0,-0.0,31.0
91.9208,1,rev,-90.0,12.0,5.978,-90.0,5.591,8.0,0.0,-3.622,34.0,-100.0,-100.0,-100.0,-8.0,0.0,-0.0,31.0,-99.716,-100.0,-100.0,16.0,0.0,-0.0,30.0,-87.867,-88.0,-88.0,8.0,0.0,-0.0,31.0,-100.0,-100.0,-100.0,0.0,0.0,-0.0,30.0,9.756,9.756,9.756,0.0,0.0,0.001,31.0,23.093,23.299,23.299,-8.0,0.0,-0.0,31.0
91.9735,1,rev,-90.0,12.0,5.888,-90.0,5.245,36.0,0.0,-2.985,34.0,-100.0,-100.0,-100.0,-8.0,0.0,-0.0,31.0,-99.716,-100.0,-100.0,16.0,1.0,-0.0,30.0,-87.867,-88.0,-88.0,8.0,0.0,-0.0,31.0,-100.0,-100.0,-100.0,0.0,0.0,-0.0,30.0,9.756,9.756,9.756,0.0,0.0,0.001,31.0,23.093,23.299,23.299,-8.0,0.0,-0.0,31.0
92.027,1,rev,-90.0,12.0,5.528,-90.0,5.026,36.0,0.0,-4.831,34.0,-100.0,-100.0,-100.0,-8.0,0.0,-0.0,31.0,-99.716,-100.0,-100.0,16.0,1.0,-0.0,30.0,-87.867,-88.0,-88.0,8.0,0.0,-0.0,31.0,-100.0,-100.0,-100.0,0.0,0.0,-0.0,30.0,9.756,9.756,9.756,0.0,0.0,0.0,31.0,23.093,23.299,23.299,-8.0,0.0,-0.0,31.0
92.0805,1,rev,-90.0,12.0,5.348,-90.0,4.917,36.0,0.0,-3.751,34.0,-100.0,-100.0,-100.0,-8.0,0.0,-0.0,31.0,-99.716,-100.0,-100.0,16.0,1.0,-0.0,30.0,-87.867,-88.0,-88.0,8.0,0.0,-0.0,31.0,-100.0,-100.0,-100.0,0.0,0.0,-0.0,30.0,9.756,9.756,9.756,0.0,0.0,0.0,31.0,23.093,23.299,23.299,-8.0,0.0,-0.0,31.0
92.1336,1,rev,-90.0,12.0,5.079,-90.0,4.704,36.0,0.0,-4.575,34.0,-100.0,-100.0,-100.0,-8.0,0.0,-0.0,31.0,-99.716,-100.0,-100.0,16.0,1.0,-0.0,30.0,-87.867,-88.0,-88.0,8.0,0.0,-0.0,31.0,-100.0,-100.0,-100.0,0.0,0.0,-0.0,30.0,9.756,9.756,9.756,0.0,0.0,0.0,31.0,23.093,23.299,23.299,-8.0,0.0,-0.0,31.0
92.1877,1,rev,-90.0,12.0,4.809,-90.0,4.477,36.0,0.0,-4.508,34.0,-100.0,-100.0,-100.0,-8.0,0.0,-0.0,31.0,-99.716,-100.0,-100.0,16.0,1.0,-0.0,30.0,-87.867,-88.0,-88.0,8.0,0.0,-0.0,31.0,-100.0,-100.0,-100.0,0.0,0.0,-0.0,30.0,9.756,9.756,9.756,0.0,0.0,0.0,31.0,23.093,23.299,23.299,-8.0,0.0,-0.0,31.0
92.2403,1,rev,-90.0,12.0,4.629,-90.0,4.265,36.0,0.0,-3.925,34.0,-100.0,-100.0,-100.0,-8.0,0.0,-0.0,31.0,-99.716,-100.0,-100.0,16.0,1.0,-0.0,30.0,-87.867,-88.0,-88.0,8.0,0.0,-0.0,31.0,-100.0,-100.0,-100.0,0.0,0.0,-0.0,30.0,9.756,9.756,9.756,0.0,0.0,0.0,31.0,23.093,23.299,23.299,-8.0,0.0,-0.0,31.0
92.2937,1,rev,-90.0,12.0,4.539,-90.0,4.049,36.0,0.0,-2.935,34.0,-100.0,-100.0,-100.0,-8.0,0.0,-0.0,31.0,-99.716,-100.0,-100.0,16.0,1.0,-0.0,30.0,-87.867,-88.0,-88.0,8.0,0.0,-0.0,31.0,-100.0,-100.0,-100.0,0.0,0.0,-0.0,30.0,9.756,9.756,9.756,0.0,0.0,0.0,31.0,23.093,23.299,23.299,-8.0,0.0,-0.0,31.0
92.347,1,rev,-90.0,12.0,4.27,-90.0,3.836,36.0,0.0,-3.854,34.0,-100.0,-100.0,-100.0,-8.0,0.0,-0.0,31.0,-99.716,-100.0,-100.0,16.0,1.0,-0.0,30.0,-87.867,-88.0,-88.0,8.0,0.0,-0.0,31.0,-100.0,-100.0,-100.0,0.0,0.0,-0.0,30.0,9.756,9.756,9.756,0.0,0.0,0.0,31.0,23.093,23.299,23.299,-8.0,0.0,-0.0,31.0
92.4002,1,rev,-90.0,12.0,4.0,-90.0,3.62,36.0,0.0,-4.286,34.0,-100.0,-100.0,-100.0,-8.0,0.0,-0.0,31.0,-99.716,-100.0,-100.0,16.0,1.0,-0.0,30.0,-87.867,-88.0,-88.0,8.0,0.0,-0.0,31.0,-100.0,-100.0,-100.0,0.0,0.0,-0.0,30.0,9.756,9.756,9.756,0.0,0.0,0.0,31.0,23.093,23.299,23.299,-8.0,0.0,-0.0,31.0
92.4533,1,rev,-90.0,12.0,3.82,-90.0,3.405,36.0,0.0,-3.802,34.0,-100.0,-100.0,-100.0,-8.0,0.0,-0.0,31.0,-99.716,-100.0,-100.0,16.0,1.0,-0.0,30.0,-87.867,-88.0,-88.0,8.0,0.0,-0.0,31.0,-100.0,-100.0,-100.0,0.0,0.0,-0.0,30.0,9.756,9.756,9.756,0.0,0.0,0.0,31.0,23.093,23.299,23.299,-8.0,0.0,-0.0,31.0
92.5063,1,rev,-90.0,12.0,3.73,-90.0,3.297,24.0,0.0,-3.67,34.0,-100.0,-100.0,-100.0,-8.0,0.0,-0.0,31.0,-99.716,-100.0,-100.0,16.0,0.0,-0.0,30.0,-87.867,-88.0,-88.0,8.0,0.0,-0.0,31.0,-100.0,-100.0,-100.0,0.0,0.0,-0.0,30.0,9.756,9.756,9.756,0.0,0.0,0.0,31.0,23.093,23.299,23.299,-8.0,0.0,-0.0,31.0
92.5598,1,rev,-90.0,12.0,3.461,-90.0,2.96,24.0,0.0,-3.437,34.0,-100.0,-100.0,-100.0,-8.0,0.0,-0.0,31.0,-99.716,-100.0,-100.0,16.0,0.0,-0.0,30.0,-87.867,-88.0,-88.0,8.0,0.0,-0.0,31.0,-100.0,-100.0,-100.0,0.0,0.0,-0.0,30.0,9.756,9.756,9.756,0.0,0.0,0.0,31.0,23.093,23.299,23.299,-8.0,0.0,-0.0,31.0
92.6119,1,rev,-90.0,12.0,3.281,-90.0,2.744,24.0,0.0,-3.089,34.0,-100.0,-100.0,-100.0,-8.0,0.0,-0.0,31.0,-99.858,-100.0,-100.0,16.0,0.0,-1.61,30.0,-87.867,-88.0,-88.0,8.0,0.0,-0.0,31.0,-100.0,-100.0,-100.0,0.0,0.0,-0.0,30.0,9.756,9.756,9.756,0.0,0.0,0.0,31.0,23.093,23.299,23.299,-8.0,0.0,-0.0,31.0
92.6647,1,rev,-90.0,12.0,3.191,-90.0,2.531,24.0,0.0,-2.219,34.0,-100.0,-100.0,-100.0,-8.0,0.0,-0.0,31.0,-99.858,-100.0,-100.0,16.0,0.0,-0.789,30.0,-87.867,-88.0,-88.0,8.0,0.0,-0.0,31.0,-100.0,-100.0,-100.0,0.0,0.0,-0.0,30.0,9.756,9.756,9.756,0.0,0.0,0.0,31.0,23.093,23.299,23.299,-8.0,0.0,-0.0,31.0
92.7182,1,rev,-90.0,12.0,2.831,-90.0,2.313,24.0,0.0,-4.473,34.0,-100.0,-100.0,-100.0,-8.0,0.0,-0.0,31.0,-99.858,-100.0,-100.0,16.0,0.0,-0.387,30.0,-87.867,-88.0,-88.0,8.0,0.0,-0.0,31.0,-100.0,-100.0,-100.0,0.0,0.0,-0.0,30.0,9.756,9.756,9.756,0.0,0.0,0.0,31.0,23.093,23.299,23.299,-8.0,0.0,-0.0,31.0
92.7714,1,rev,-90.0,12.0,2.562,-90.0,2.098,24.0,0.0,-4.592,34.0,-100.0,-100.0,-100.0,-8.0,0.0,-0.0,31.0,-99.858,-100.0,-100.0,16.0,0.0,-0.189,30.0,-87.867,-88.0,-88.0,8.0,0.0,-0.0,31.0,-100.0,-100.0,-100.0,0.0,0.0,-0.0,30.0,9.756,9.756,9.756,0.0,0.0,0.0,31.0,23.093,23.299,23.299,-8.0,0.0,-0.0,31.0
92.8245,1,rev,-90.0,12.0,2.382,-90.0,1.879,24.0,0.0,-3.945,34.0,-100.0,-100.0,-100.0,-8.0,0.0,-0.0,31.0,-99.858,-100.0,-100.0,16.0,0.0,-0.093,30.0,-87.867,-88.0,-88.0,8.0,0.0,-0.0,31.0,-100.0,-100.0,-100.0,0.0,0.0,-0.0,30.0,9.756,9.756,9.756,0.0,0.0,0.0,31.0,23.093,23.299,23.299,-8.0,0.0,-0.0,31.0
92.8778,1,rev,-90.0,12.0,2.112,-90.0,1.664,24.0,0.0,-4.315,34.0,-100.0,-100.0,-100.0,-8.0,0.0,-0.0,31.0,-99.858,-100.0,-100.0,16.0,0.0,-0.045,30.0,-87.867,-88.0,-88.0,8.0,0.0,-0.0,31.0,-100.0,-100.0,-100.0,0.0,0.0,-0.0,30.0,9.756,9.756,9.756,0.0,0.0,0.0,31.0,23.093,23.299,23.299,-8.0,0.0,-0.0,31.0
92.932,1,rev,-90.0,12.0,1.843,-90.0,1.438,24.0,0.0,-4.782,34.0,-100.0,-100.0,-100.0,-8.0,0.0,-0.0,31.0,-99.858,-100.0,-100.0,16.0,0.0,-0.022,30.0,-87.867,-88.0,-88.0,8.0,0.0,-0.0,31.0,-100.0,-100.0,-100.0,0.0,0.0,-0.0,30.0,9.756,9.756,9.756,0.0,0.0,0.0,31.0,23.093,23.299,23.299,-8.0,0.0,-0.0,31.0
92.9854,1,rev,-90.0,12.0,1.753,-90.0,1.224,24.0,0.0,-3.359,34.0,-100.0,-100.0,-100.0,-8.0,0.0,-0.0,31.0,-99.858,-100.0,-100.0,16.0,0.0,-0.011,30.0,-87.867,-88.0,-88.0,8.0,0.0,-0.0,31.0,-100.0,-100.0,-100.0,0.0,0.0,-0.0,30.0,9.756,9.756,9.756,0.0,0.0,0.0,31.0,23.093,23.299,23.299,-8.0,0.0,-0.0,31.0
93.0383,1,rev,-90.0,12.0,1.753,-90.0,1.008,24.0,0.0,-2.352,34.0,-100.0,-100.0,-100.0,-8.0,0.0,-0.0,31.0,-99.858,-100.0,-100.0,16.0,0.0,-0.008,30.0,-87.867,-88.0,-88.0,8.0,0.0,-0.0,31.0,-100.0,-100.0,-100.0,0.0,0.0,-0.0,30.0,9.756,9.756,9.756,0.0,0.0,0.0,31.0,23.093,23.299,23.299,-8.0,0.0,-0.0,31.0
93.0917,1,rev,-90.0,12.0,1.663,-90.0,1.008,48.0,2.0,-2.53,34.0,-100.0,-100.0,-100.0,-8.0,0.0,-0.0,31.0,-99.858,-100.0,-100.0,8.0,0.0,-0.005,30.0,-87.867,-88.0,-88.0,8.0,0.0,-0.0,31.0,-100.0,-100.0,-100.0,0.0,0.0,-0.0,30.0,9.756,9.756,9.756,0.0,0.0,0.0,31.0,23.093,23.299,23.299,-8.0,0.0,-0.0,31.0
93.1455,1,rev,-90.0,12.0,1.213,-90.0,0.648,48.0,2.0,-3.508,34.0,-100.0,-100.0,-100.0,-8.0,0.0,-0.0,31.0,-99.858,-100.0,-100.0,8.0,0.0,-0.003,30.0,-87.867,-88.0,-88.0,8.0,0.0,-0.0,31.0,-100.0,-100.0,-100.0,0.0,0.0,-0.0,30.0,9.756,9.756,9.756,0.0,0.0,0.0,31.0,23.093,23.299,23.299,-8.0,0.0,-0.0,31.0
93.1981,1,rev,-90.0,12.0,0.944,-90.0,0.431,48.0,2.0,-4.421,34.0,-100.0,-100.0,-100.0,-8.0,0.0,-0.0,31.0,-99.858,-100.0,-100.0,8.0,0.0,-0.001,30.0,-87.867,-88.0,-88.0,8.0,0.0,-0.0,31.0,-100.0,-100.0,-100.0,0.0,0.0,-0.0,30.0,9.756,9.756,9.756,0.0,0.0,0.0,31.0,23.093,23.299,23.299,-8.0,0.0,-0.0,31.0
93.2516,1,rev,-90.0,12.0,0.764,-90.0,0.216,48.0,2.0,-4.198,34.0,-100.0,-100.0,-100.0,-8.0,0.0,-0.0,31.0,-99.858,-100.0,-100.0,8.0,0.0,-0.001,30.0,-87.867,-88.0,-88.0,8.0,0.0,-0.0,31.0,-100.0,-100.0,-100.0,0.0,0.0,-0.0,30.0,9.756,9.756,9.756,0.0,0.0,0.0,31.0,23.093,23.299,23.299,-8.0,0.0,-0.0,31.0
93.3046,1,rev,-90.0,12.0,0.494,-90.0,0.002,48.0,2.0,-4.773,34.0,-100.0,-100.0,-100.0,-8.0,0.0,-0.0,31.0,-99.858,-100.0,-100.0,8.0,0.0,-0.0,30.0,-87.867,-88.0,-88.0,8.0,0.0,-0.0,31.0,-100.0,-100.0,-100.0,0.0,0.0,-0.0,30.0,9.756,9.756,9.756,0.0,0.0,0.0,31.0,23.093,23.299,23.299,-8.0,0.0,-0.0,31.0
93.3581,1,rev,-90.0,12.0,0.404,-90.0,-0.212,48.0,2.0,-3.042,34.0,-100.0,-100.0,-100.0,-8.0,0.0,-0.0,31.0,-99.858,-100.0,-100.0,8.0,0.0,-0.0,30.0,-87.867,-88.0,-88.0,8.0,0.0,-0.0,31.0,-100.0,-100.0,-100.0,0.0,0.0,-0.0,30.0,9.756,9.756,9.756,0.0,0.0,0.0,31.0,23.093,23.299,23.299,-8.0,0.0,-0.0,31.0
93.4113,1,rev,-90.0,12.0,0.315,-90.0,-0.427,48.0,2.0,-2.193,34.0,-100.0,-100.0,-100.0,-8.0,0.0,-0.0,31.0,-99.858,-100.0,-100.0,8.0,0.0,-0.0,30.0,-87.867,-88.0,-88.0,8.0,0.0,-0.0,31.0,-100.0,-100.0,-100.0,0.0,0.0,-0.0,30.0,9.756,9.756,9.756,0.0,0.0,0.0,31.0,23.093,23.299,23.299,-8.0,0.0,-0.0,31.0
93.4646,1,rev,-90.0,12.0,-0.045,-90.0,-0.641,48.0,2.0,-4.205,34.0,-100.0,-100.0,-100.0,-8.0,0.0,-0.0,31.0,-99.858,-100.0,-100.0,8.0,0.0,-0.0,30.0,-87.867,-88.0,-88.0,8.0,0.0,-0.0,31.0,-100.0,-100.0,-100.0,0.0,0.0,-0.0,30.0,9.756,9.756,9.756,0.0,0.0,0.0,31.0,23.093,23.299,23.299,-8.0,0.0,-0.0,31.0
93.5169,1,rev,-90.0,12.0,-0.315,-90.0,-0.855,48.0,2.0,-4.49,34.0,-100.0,-100.0,-100.0,-8.0,0.0,-0.0,31.0,-99.858,-100.0,-100.0,8.0,0.0,-0.0,30.0,-87.867,-88.0,-88.0,8.0,0.0,-0.0,31.0,-100.0,-100.0,-100.0,0.0,0.0,-0.0,30.0,9.756,9.756,9.756,0.0,0.0,0.0,31.0,23.093,23.299,23.299,-8.0,0.0,-0.0,31.0
93.5705,1,rev,-90.0,12.0,-0.494,-90.0,-1.068,48.0,2.0,-3.91,34.0,-100.0,-100.0,-100.0,-8.0,0.0,-0.0,31.0,-99.858,-100.0,-100.0,8.0,0.0,-0.0,30.0,-87.867,-88.0,-88.0,8.0,0.0,-0.0,31.0,-100.0,-100.0,-100.0,0.0,0.0,-0.0,30.0,9.756,9.756,9.756,0.0,0.0,0.0,31.0,23.093,23.299,23.299,-8.0,0.0,-0.0,31.0
93.6238,1,rev,-90.0,12.0,-0.764,-90.0,-1.285,48.0,2.0,-4.641,34.0,-100.0,-100.0,-100.0,-8.0,0.0,-0.0,31.0,-99.858,-100.0,-100.0,8.0,0.0,-0.0,30.0,-87.867,-88.0,-88.0,8.0,0.0,-0.0,31.0,-100.0,-100.0,-100.0,0.0,0.0,-0.0,30.0,9.756,9.756,9.756,0.0,0.0,0.0,31.0,23.093,23.299,23.299,-8.0,0.0,-0.0,31.0
93.6773,1,rev,-90.0,12.0,-0.854,-90.0,-1.515,36.0,1.0,-3.716,34.0,-100.0,-100.0,-100.0,-8.0,0.0,-0.0,31.0,-99.858,-100.0,-100.0,8.0,0.0,-0.0,30.0,-87.867,-88.0,-88.0,8.0,0.0,-0.0,31.0,-100.0,-100.0,-100.0,0.0,0.0,-0.0,30.0,9.756,9.756,9.756,0.0,0.0,0.0,31.0,23.093,23.299,23.299,-8.0,0.0,-0.0,31.0
93.7304,1,rev,-90.0,12.0,-1.124,-90.0,-1.73,36.0,1.0,-4.542,34.0,-100.0,-100.0,-100.0,-8.0,0.0,-0.0,31.0,-99.858,-100.0,-100.0,8.0,0.0,-0.0,30.0,-87.867,-88.0,-88.0,8.0,0.0,-0.0,31.0,-100.0,-100.0,-100.0,0.0,0.0,-0.0,30.0,9.756,9.756,9.756,0.0,0.0,0.0,31.0,23.093,23.299,23.299,-8.0,0.0,-0.0,31.0
93.7837,1,rev,-90.0,12.0,-1.213,-90.0,-1.943,36.0,1.0,-3.224,34.0,-100.0,-100.0,-100.0,-8.0,0.0,-0.0,31.0,-99.858,-100.0,-100.0,8.0,0.0,-0.0,30.0,-87.867,-88.0,-88.0,8.0,0.0,-0.0,31.0,-100.0,-100.0,-100.0,0.0,0.0,-0.0,30.0,9.756,9.756,9.756,0.0,0.0,0.0,31.0,23.093,23.299,23.299,-8.0,0.0,-0.0,31.0
93.837,1,rev,-90.0,12.0,-1.483,-90.0,-2.158,36.0,1.0,-4.319,34.0,-100.0,-100.0,-100.0,-8.0,0.0,-0.0,31.0,-99.858,-100.0,-100.0,8.0,0.0,-0.0,30.0,-87.867,-88.0,-88.0,8.0,0.0,-0.0,31.0,-100.0,-100.0,-100.0,0.0,0.0,-0.0,30.0,9.756,9.756,9.756,0.0,0.0,0.0,31.0,23.093,23.299,23.299,-8.0,0.0,-0.0,31.0
93.8901,1,rev,-90.0,12.0,-1.753,-90.0,-2.373,36.0,1.0,-4.518,34.0,-100.0,-100.0,-100.0,-8.0,0.0,-0.0,31.0,-99.858,-100.0,-100.0,8.0,0.0,-0.0,30.0,-87.867,-88.0,-88.0,8.0,0.0,-0.0,31.0,-100.0,-100.0,-100.0,0.0,0.0,-0.0,30.0,9.756,9.756,9.756,0.0,0.0,0.0,31.0,23.093,23.299,23.299,-8.0,0.0,-0.0,31.0
93.9443,1,rev,-90.0,12.0,-1.933,-90.0,-2.59,36.0,1.0,-3.886,34.0,-100.0,-100.0,-100.0,-8.0,0.0,-0.0,31.0,-99.858,-100.0,-100.0,8.0,0.0,-0.0,30.0,-87.867,-88.0,-88.0,8.0,0.0,-0.0,31.0,-100.0,-100.0,-100.0,0.0,0.0,-0.0,30.0,9.756,9.756,9.756,0.0,0.0,0.0,31.0,23.093,23.299,23.299,-8.0,0.0,-0.0,31.0
93.9977,1,rev,-90.0,12.0,-2.292,-90.0,-2.807,36.0,1.0,-5.313,34.0,-100.0,-100.0,-100.0,-8.0,0.0,-0.0,31.0,-99.858,-100.0,-100.0,8.0,0.0,-0.0,30.0,-87.867,-88.0,-88.0,8.0,0.0,-0.0,31.0,-100.0,-100.0,-100.0,0.0,0.0,-0.0,30.0,9.756,9.756,9.756,0.0,0.0,0.0,31.0,23.093,23.299,23.299,-8.0,0.0,-0.0,31.0
94.0508,1,rev,-90.0,12.0,-2.382,-90.0,-3.021,36.0,1.0,-3.615,34.0,-100.0,-100.0,-100.0,-8.0,0.0,-0.0,31.0,-99.858,-100.0,-100.0,8.0,0.0,-0.0,30.0,-87.867,-88.0,-88.0,8.0,0.0,-0.0,31.0,-100.0,-100.0,-100.0,0.0,0.0,-0.0,30.0,9.756,9.756,9.756,0.0,0.0,0.0,31.0,23.093,23.299,23.299,-8.0,0.0,-0.0,31.0
94.1036,1,rev,-90.0,12.0,-2.562,-90.0,-3.238,36.0,1.0,-3.461,34.0,-100.0,-100.0,-100.0,-8.0,0.0,-0.0,31.0,-99.858,-100.0,-100.0,8.0,0.0,-0.0,30.0,-87.867,-88.0,-88.0,8.0,0.0,-0.0,31.0,-100.0,-100.0,-100.0,0.0,0.0,-0.0,30.0,9.756,9.756,9.756,0.0,0.0,0.0,31.0,23.093,23.299,23.299,-8.0,0.0,-0.0,31.0
94.1567,1,rev,-90.0,12.0,-2.652,-90.0,-3.452,36.0,1.0,-2.402,34.0,-100.0,-100.0,-100.0,-8.0,0.0,-0.0,31.0,-99.858,-100.0,-100.0,8.0,0.0,-0.0,30.0,-87.867,-88.0,-88.0,8.0,0.0,-0.0,31.0,-100.0,-100.0,-100.0,0.0,0.0,-0.0,30.0,9.756,9.756,9.756,0.0,0.0,0.0,31.0,23.093,23.299,23.299,-8.0,0.0,-0.0,31.0
94.2089,1,rev,-90.0,12.0,-2.742,-90.0,-3.56,36.0,1.0,-2.69,34.0,-100.0,-100.0,-100.0,-8.0,0.0,-0.0,31.0,-99.858,-100.0,-100.0,8.0,0.0,-0.0,30.0,-87.867,-88.0,-88.0,8.0,0.0,-0.0,31.0,-100.0,-100.0,-100.0,0.0,0.0,-0.0,30.0,9.756,9.756,9.756,0.0,0.0,0.0,31.0,23.093,23.299,23.299,-8.0,0.0,-0.0,31.0
94.2622,1,rev,-90.0,12.0,-3.101,-90.0,-3.908,56.0,4.0,-3.69,34.0,-100.0,-100.0,-100.0,-8.0,0.0,-0.0,31.0,-99.858,-100.0,-100.0,8.0,0.0,-0.0,30.0,-87.867,-88.0,-88.0,8.0,0.0,-0.0,31.0,-100.0,-100.0,-100.0,0.0,0.0,-0.0,30.0,9.756,9.756,9.756,0.0,0.0,0.0,31.0,23.093,23.299,23.299,-8.0,0.0,-0.0,31.0
94.3153,1,rev,-90.0,12.0,-3.281,-90.0,-4.022,56.0,4.0,-3.463,34.0,-100.0,-100.0,-100.0,-8.0,0.0,-0.0,31.0,-99.858,-100.0,-100.0,8.0,0.0,-0.0,30.0,-87.867,-88.0,-88.0,8.0,0.0,-0.0,31.0,-100.0,-100.0,-100.0,0.0,0.0,-0.0,30.0,9.756,9.756,9.756,0.0,0.0,0.0,31.0,23.093,23.299,23.299,-8.0,0.0,-0.0,31.0
94.3678,1,rev,-90.0,12.0,-3.551,-90.0,-4.248,56.0,4.0,-4.34,34.0,-100.0,-100.0,-100.0,-8.0,0.0,-0.0,31.0,-99.858,-100.0,-100.0,8.0,0.0,-0.0,30.0,-87.867,-88.0,-88.0,8.0,0.0,-0.0,31.0,-100.0,-100.0,-100.0,0.0,0.0,-0.0,30.0,9.756,9.756,9.756,0.0,0.0,0.0,31.0,23.093,23.299,23.299,-8.0,0.0,-0.0,31.0
94.421,1,rev,-90.0,12.0,-3.73,-90.0,-4.462,56.0,4.0,-3.845,34.0,-100.0,-100.0,-100.0,-8.0,0.0,-0.0,31.0,-99.858,-100.0,-100.0,8.0,0.0,-0.0,30.0,-87.867,-88.0,-88.0,8.0,0.0,-0.0,31.0,-100.0,-100.0,-100.0,0.0,0.0,-0.0,30.0,9.756,9.756,9.756,0.0,0.0,0.0,31.0,23.093,23.299,23.299,-8.0,0.0,-0.0,31.0
94.4742,1,rev,-90.0,12.0,-4.0,-90.0,-4.675,56.0,4.0,-4.312,34.0,-100.0,-100.0,-100.0,-8.0,0.0,-0.0,31.0,-99.858,-100.0,-100.0,8.0,0.0,-0.0,30.0,-87.867,-88.0,-88.0,8.0,0.0,-0.0,31.0,-100.0,-100.0,-100.0,0.0,0.0,-0.0,30.0,9.756,9.756,9.756,0.0,0.0,0.0,31.0,23.093,23.299,23.299,-8.0,0.0,-0.0,31.0
94.5276,1,rev,-90.0,12.0,-4.09,-90.0,-4.89,56.0,4.0,-3.126,34.0,-100.0,-100.0,-100.0,-8.0,0.0,-0.0,31.0,-99.858,-100.0,-100.0,8.0,0.0,-0.0,30.0,-87.867,-88.0,-88.0,8.0,0.0,-0.0,31.0,-100.0,-100.0,-100.0,0.0,0.0,-0.0,30.0,9.756,9.756,9.756,0.0,0.0,0.0,31.0,23.093,23.299,23.299,-8.0,0.0,-0.0,31.0
94.5808,1,rev,-90.0,12.0,-4.27,-90.0,-5.103,56.0,4.0,-3.258,34.0,-100.0,-100.0,-100.0,-8.0,0.0,-0.0,31.0,-99.858,-100.0,-100.0,8.0,0.0,-0.0,30.0,-87.867,-88.0,-88.0,8.0,0.0,-0.0,31.0,-100.0,-100.0,-100.0,0.0,0.0,-0.0,30.0,9.756,9.756,9.756,0.0,0.0,0.0,31.0,23.093,23.299,23.299,-8.0,0.0,-0.0,31.0
94.6336,1,rev,-90.0,12.0,-4.629,-90.0,-5.316,56.0,4.0,-5.03,34.0,-100.0,-100.0,-100.0,-8.0,0.0,-0.0,31.0,-99.858,-100.0,-100.0,8.0,0.0,-0.0,30.0,-87.867,-88.0,-88.0,8.0,0.0,-0.0,31.0,-100.0,-100.0,-100.0,0.0,0.0,-0.0,30.0,9.756,9.756,9.756,0.0,0.0,0.0,31.0,23.093,23.299,23.299,-8.0,0.0,-0.0,31.0
94.6867,1,rev,-90.0,12.0,-4.719,-90.0,-5.53,56.0,4.0,-3.166,34.0,-100.0,-100.0,-100.0,-8.0,0.0,-0.0,31.0,-99.858,-100.0,-100.0,8.0,0.0,-0.0,30.0,-87.867,-88.0,-88.0,8.0,0.0,-0.0,31.0,-100.0,-100.0,-100.0,0.0,0.0,-0.0,30.0,9.756,9.756,9.756,0.0,0.0,0.0,31.0,23.093,23.299,23.299,-8.0,0.0,-0.0,31.0
94.7388,1,rev,-90.0,12.0,-5.079,-90.0,-5.743,56.0,4.0,-5.292,34.0,-100.0,-100.0,-100.0,-8.0,0.0,-0.0,31.0,-99.858,-100.0,-100.0,8.0,0.0,-0.0,30.0,-87.867,-88.0,-88.0,8.0,0.0,-0.0,31.0,-100.0,-100.0,-100.0,0.0,0.0,-0.0,30.0,9.756,9.756,9.756,0.0,0.0,0.0,31.0,23.093,23.299,23.299,-8.0,0.0,-0.0,31.0
94.7909,1,rev,-90.0,11.9,-5.169,-90.0,-5.85,56.0,4.0,-4.725,34.0,-100.0,-100.0,-100.0,-8.0,0.0,-0.0,31.0,-100.0,-100.0,-100.0,0.0,0.0,-1.615,30.0,-87.867,-88.0,-88.0,8.0,0.0,-0.0,31.0,-100.0,-100.0,-100.0,0.0,0.0,-0.0,30.0,9.756,9.756,9.756,0.0,0.0,0.0,31.0,23.093,23.299,23.299,-8.0,0.0,-0.0,31.0
94.8441,1,rev,-90.0,11.9,-5.438,-90.0,-6.186,56.0,4.0,-3.983,34.0,-100.0,-100.0,-100.0,-8.0,0.0,-0.0,31.0,-100.0,-100.0,-100.0,0.0,0.0,-0.791,30.0,-87.867,-88.0,-88.0,8.0,0.0,-0.0,31.0,-100.0,-100.0,-100.0,0.0,0.0,-0.0,30.0,9.756,9.756,9.756,0.0,0.0,0.0,31.0,23.093,23.299,23.299,-8.0,0.0,-0.0,31.0
94.8967,1,rev,-90.0,11.9,-5.528,-90.0,-6.4,56.0,4.0,-2.945,34.0,-100.0,-100.0,-100.0,-8.0,0.0,-0.0,31.0,-100.0,-100.0,-100.0,0.0,0.0,-0.388,30.0,-87.867,-88.0,-88.0,8.0,0.0,-0.0,31.0,-100.0,-100.0,-100.0,0.0,0.0,-0.0,30.0,9.756,9.756,9.756,0.0,0.0,0.0,31.0,23.093,23.299,23.299,-8.0,0.0,-0.0,31.0
94.95,1,rev,-90.0,11.9,-5.798,-90.0,-6.616,56.0,4.0,-4.157,34.0,-100.0,-100.0,-100.0,-8.0,0.0,-0.0,31.0,-100.0,-100.0,-100.0,0.0,0.0,-0.19,30.0,-87.867,-88.0,-88.0,8.0,0.0,-0.0,31.0,-100.0,-100.0,-100.0,0.0,0.0,-0.0,30.0,9.756,9.756,9.756,0.0,0.0,0.0,31.0,23.093,23.299,23.299,-8.0,0.0,-0.0,31.0
95.003,1,rev,-90.0,11.9,-6.067,-90.0,-6.832,56.0,4.0,-4.731,34.0,-100.0,-100.0,-100.0,-8.0,0.0,-0.0,31.0,-100.0,-100.0,-100.0,0.0,0.0,-0.093,30.0,-87.867,-88.0,-88.0,8.0,0.0,-0.0,31.0,-100.0,-100.0,-100.0,0.0,0.0,-0.0,30.0,9.756,9.756,9.756,0.0,0.0,0.0,31.0,23.093,23.299,23.299,-8.0,0.0,-0.0,31.0
95.0562,1,rev,-90.0,11.9,-6.247,-90.0,-7.047,56.0,4.0,-4.028,34.0,-100.0,-100.0,-100.0,-8.0,0.0,-0.0,31.0,-100.0,-100.0,-100.0,0.0,0.0,-0.046,30.0,-87.867,-88.0,-88.0,8.0,0.0,-0.0,31.0,-100.0,-100.0,-100.0,0.0,0.0,-0.0,30.0,9.756,9.756,9.756,0.0,0.0,0.0,31.0,23.093,23.299,23.299,-8.0,0.0,-0.0,31.0
95.1093,1,rev,-90.0,11.9,-6.427,-90.0,-7.262,56.0,4.0,-3.676,34.0,-100.0,-100.0,-100.0,-8.0,0.0,-0.0,31.0,-100.0,-100.0,-100.0,0.0,0.0,-0.022,30.0,-87.867,-88.0,-88.0,8.0,0.0,-0.0,31.0,-100.0,-100.0,-100.0,0.0,0.0,-0.0,30.0,9.756,9.756,9.756,0.0,0.0,0.0,31.0,23.093,23.299,23.299,-8.0,0.0,-0.0,31.0
95.1625,1,rev,-90.0,11.9,-6.697,-90.0,-7.476,56.0,4.0,-4.225,34.0,-100.0,-100.0,-100.0,-8.0,0.0,-0.0,31.0,-100.0,-100.0,-100.0,0.0,0.0,-0.011,30.0,-87.867,-88.0,-88.0,8.0,0.0,-0.0,31.0,-100.0,-100.0,-100.0,0.0,0.0,-0.0,30.0,9.756,9.756,9.756,0.0,0.0,0.0,31.0,23.299,23.299,23.299,-8.0,0.0,2.311,31.0
95.2155,1,rev,-90.0,11.9,-6.876,-90.0,-7.691,56.0,4.0,-3.779,34.0,-100.0,-100.0,-100.0,-8.0,0.0,-0.0,31.0,-100.0,-100.0,-100.0,0.0,0.0,-0.005,30.0,-87.867,-88.0,-88.0,8.0,0.0,-0.0,31.0,-100.0,-100.0,-100.0,0.0,0.0,-0.0,30.0,9.756,9.756,9.756,0.0,0.0,0.0,31.0,23.299,23.299,23.299,-8.0,0.0,1.133,31.0
95.2688,1,rev,-90.0,11.9,-6.966,-90.0,-7.908,56.0,4.0,-2.539,34.0,-100.0,-100.0,-100.0,-8.0,0.0,-0.0,31.0,-100.0,-100.0,-100.0,0.0,0.0,-0.003,30.0,-87.867,-88.0,-88.0,8.0,0.0,-0.0,31.0,-100.0,-100.0,-100.0,0.0,0.0,-0.0,30.0,9.756,9.756,9.756,0.0,0.0,0.0,31.0,23.299,23.299,23.299,-8.0,0.0,0.555,31.0
95.3223,1,rev,-90.0,11.9,-7.236,-90.0,-8.124,56.0,4.0,-3.904,34.0,-100.0,-100.0,-100.0,-8.0,0.0,-0.0,31.0,-100.0,-100.0,-100.0,0.0,0.0,-0.001,30.0,-87.867,-88.0,-88.0,8.0,0.0,-0.0,31.0,-100.0,-100.0,-100.0,0.0,0.0,-0.0,30.0,9.756,9.756,9.756,0.0,0.0,0.0,31.0,23.299,23.299,23.299,-8.0,0.0,0.272,31.0
95.3756,1,rev,-90.0,11.9,-7.236,-90.0,-8.358,60.0,6.0,-3.904,34.0,-100.0,-100.0,-100.0,-8.0,0.0,-0.0,31.0,-100.0,-100.0,-100.0,0.0,0.0,-0.001,30.0,-87.867,-88.0,-88.0,8.0,0.0,-0.0,31.0,-100.0,-100.0,-100.0,0.0,0.0,-0.0,30.0,9.756,9.756,9.756,0.0,0.0,0.0,31.0,23.299,23.299,23.299,0.0,0.0,0.272,31.0
95.4298,1,rev,-90.0,11.9,-7.596,-90.0,-8.585,60.0,6.0,-3.845,34.0,-100.0,-100.0,-100.0,-8.0,0.0,-0.0,31.0,-100.0,-100.0,-100.0,0.0,0.0,-0.001,30.0,-87.867,-88.0,-88.0,8.0,0.0,-0.0,31.0,-100.0,-100.0,-100.0,0.0,0.0,-0.0,30.0,9.756,9.756,9.756,0.0,0.0,0.0,31.0,23.299,23.299,23.299,0.0,0.0,0.133,31.0
95.4836,1,rev,-90.0,11.9,-7.865,-90.0,-8.706,60.0,6.0,-4.511,34.0,-100.0,-100.0,-100.0,-8.0,0.0,-0.0,31.0,-100.0,-100.0,-100.0,0.0,0.0,-0.0,30.0,-87.867,-88.0,-88.0,8.0,0.0,-0.0,31.0,-100.0,-100.0,-100.0,0.0,0.0,-0.0,30.0,9.756,9.756,9.756,0.0,0.0,0.0,31.0,23.299,23.299,23.299,0.0,0.0,0.065,31.0
95.5374,1,rev,-90.0,11.9,-8.045,-90.0,-8.922,60.0,6.0,-3.605,34.0,-100.0,-100.0,-100.0,-8.0,0.0,-0.0,31.0,-100.0,-100.0,-100.0,0.0,0.0,-0.0,30.0,-87.867,-88.0,-88.0,8.0,0.0,-0.0,31.0,-100.0,-100.0,-100.0,0.0,0.0,-0.0,30.0,9.756,9.756,9.756,0.0,0.0,0.0,31.0,23.299,23.299,23.299,0.0,0.0,0.032,31.0
95.5899,1,rev,-90.0,11.9,-8.315,-90.0,-9.14,60.0,6.0,-4.137,34.0,-100.0,-100.0,-100.0,-8.0,0.0,-0.0,31.0,-100.0,-100.0,-100.0,0.0,0.0,-0.0,30.0,-87.867,-88.0,-88.0,8.0,0.0,-0.0,31.0,-100.0,-100.0,-100.0,0.0,0.0,-0.0,30.0,9.756,9.756,9.756,0.0,0.0,0.0,31.0,23.299,23.299,23.299,0.0,0.0,0.016,31.0
95.643,1,rev,-90.0,11.9,-8.404,-90.0,-9.353,60.0,6.0,-2.735,34.0,-100.0,-100.0,-100.0,-8.0,0.0,-0.0,31.0,-100.0,-100.0,-100.0,0.0,0.0,-0.0,30.0,-87.867,-88.0,-88.0,8.0,0.0,-0.0,31.0,-100.0,-100.0,-100.0,0.0,0.0,-0.0,30.0,9.756,9.756,9.756,0.0,0.0,0.0,31.0,23.299,23.299,23.299,0.0,0.0,0.008,31.0
95.6962,1,rev,-90.0,11.9,-8.494,-90.0,-9.566,60.0,6.0,-2.049,34.0,-100.0,-100.0,-100.0,-8.0,0.0,-0.0,31.0,-100.0,-100.0,-100.0,0.0,0.0,-0.0,30.0,-87.867,-88.0,-88.0,8.0,0.0,-0.0,31.0,-100.0,-100.0,-100.0,0.0,0.0,-0.0,30.0,9.756,9.756,9.756,0.0,0.0,0.0,31.0,23.299,23.299,23.299,0.0,0.0,0.004,31.0
95.7497,1,rev,-90.0,11.9,-8.854,-90.0,-9.778,60.0,6.0,-4.438,34.0,-100.0,-100.0,-100.0,-8.0,0.0,-0.0,31.0,-100.0,-100.0,-100.0,0.0,0.0,-0.0,30.0,-87.867,-88.0,-88.0,8.0,0.0,-0.0,31.0,-100.0,-100.0,-100.0,0.0,0.0,-0.0,30.0,10.244,9.756,9.756,0.0,0.0,5.453,31.0,23.299,23.299,23.299,0.0,0.0,0.002,31.0
95.8024,1,rev,-90.0,11.9,-9.124,-90.0,-9.992,60.0,6.0,-4.584,34.0,-100.0,-100.0,-100.0,-8.0,0.0,-0.0,31.0,-100.0,-100.0,-100.0,0.0,0.0,-0.0,30.0,-87.867,-88.0,-88.0,8.0,0.0,-0.0,31.0,-100.0,-100.0,-100.0,0.0,0.0,-0.0,30.0,9.756,9.756,9.756,0.0,0.0,-2.699,31.0,23.299,23.299,23.299,0.0,0.0,0.001,31.0
95.8556,1,rev,-90.0,11.9,-9.213,-90.0,-10.209,60.0,6.0,-3.262,34.0,-100.0,-100.0,-100.0,-8.0,0.0,-0.0,31.0,-100.0,-100.0,-100.0,0.0,0.0,-0.0,30.0,-87.867,-88.0,-88.0,8.0,0.0,-0.0,31.0,-100.0,-100.0,-100.0,0.0,0.0,-0.0,30.0,9.756,9.756,9.756,0.0,0.0,-1.323,31.0,23.299,23.299,23.299,0.0,0.0,0.0,31.0
95.9086,1,rev,-90.0,11.9,-9.573,-90.0,-10.423,60.0,6.0,-5.01,34.0,-100.0,-100.0,-100.0,-8.0,0.0,-0.0,31.0,-100.0,-100.0,-100.0,0.0,0.0,-0.0,30.0,-87.867,-88.0,-88.0,8.0,0.0,-0.0,31.0,-100.0,-100.0,-100.0,0.0,0.0,-0.0,30.0,9.756,9.756,9.756,0.0,0.0,-0.648,31.0,23.299,23.299,23.299,0.0,0.0,0.0,31.0
95.9625,1,rev,-90.0,11.9,-9.753,-90.0,-10.654,76.0,7.0,-4.44,34.0,-100.0,-100.0,-100.0,-8.0,0.0,-0.0,31.0,-100.0,-100.0,-100.0,0.0,0.0,-0.0,30.0,-87.867,-88.0,-88.0,8.0,0.0,-0.0,31.0,-100.0,-100.0,-100.0,0.0,0.0,-0.0,30.0,9.756,9.756,9.756,0.0,0.0,-0.454,31.0,23.299,23.299,23.299,0.0,0.0,0.0,31.0
96.0149,1,rev,-90.0,11.9,-9.843,-90.0,-10.871,76.0,7.0,-2.865,34.0,-100.0,-100.0,-100.0,-8.0,0.0,-0.0,31.0,-100.0,-100.0,-100.0,0.0,0.0,-0.0,30.0,-87.867,-88.0,-88.0,8.0,0.0,-0.0,31.0,-100.0,-100.0,-100.0,0.0,0.0,-0.0,30.0,9.756,9.756,9.756,0.0,0.0,-0.222,31.0,23.093,23.299,23.299,0.0,0.0,-2.311,31.0
96.0683,1,rev,-90.0,11.9,-10.022,-90.0,-11.087,76.0,7.0,-3.102,34.0,-100.0,-100.0,-100.0,-8.0,0.0,-0.0,31.0,-100.0,-100.0,-100.0,0.0,0.0,-0.0,30.0,-87.867,-88.0,-88.0,8.0,0.0,-0.0,31.0,-100.0,-100.0,-100.0,0.0,0.0,-0.0,30.0,9.756,9.756,9.756,0.0,0.0,-0.109,31.0,23.093,23.299,23.299,0.0,0.0,-1.132,31.0
96.1216,1,rev,-90.0,11.9,-10.382,-90.0,-11.3,76.0,7.0,-4.957,34.0,-100.0,-100.0,-100.0,-8.0,0.0,-0.0,31.0,-100.0,-100.0,-100.0,0.0,0.0,-0.0,30.0,-87.867,-88.0,-88.0,8.0,0.0,-0.0,31.0,-100.0,-100.0,-100.0,0.0,0.0,-0.0,30.0,9.756,9.756,9.756,0.0,0.0,-0.053,31.0,23.299,23.299,23.299,0.0,0.0,1.757,31.0
96.1746,1,rev,-90.0,11.9,-10.562,-90.0,-11.514,76.0,7.0,-4.142,34.0,-100.0,-100.0,-100.0,-8.0,0.0,-0.0,31.0,-100.0,-100.0,-100.0,0.0,0.0,-0.0,30.0,-87.867,-88.0,-88.0,8.0,0.0,-0.0,31.0,-100.0,-100.0,-100.0,0.0,0.0,-0.0,30.0,10.244,9.756,9.756,0.0,0.0,5.417,31.0,23.299,23.299,23.299,0.0,0.0,0.861,31.0
96.227,1,rev,-90.0,11.9,-10.742,-90.0,-11.729,76.0,7.0,-3.72,34.0,-100.0,-100.0,-100.0,-8.0,0.0,-0.0,31.0,-100.0,-100.0,-100.0,0.0,0.0,-0.0,30.0,-87.867,-88.0,-88.0,8.0,0.0,-0.0,31.0,-100.0,-100.0,-100.0,0.0,0.0,-0.0,30.0,9.756,9.756,9.756,0.0,0.0,-2.665,31.0,23.299,23.299,23.299,0.0,0.0,0.422,31.0
96.2804,1,rev,-90.0,11.9,-11.011,-90.0,-11.946,76.0,7.0,-4.227,34.0,-100.0,-100.0,-100.0,-8.0,0.0,-0.0,31.0,-100.0,-100.0,-100.0,0.0,0.0,-0.0,30.0,-87.867,-88.0,-88.0,8.0,0.0,-0.0,31.0,-100.0,-100.0,-100.0,0.0,0.0,-0.0,30.0,9.756,9.756,9.756,0.0,0.0,-1.306,31.0,23.299,23.299,23.299,0.0,0.0,0.207,31.0
96.3336,1,rev,-90.0,11.9,-11.281,-90.0,-12.16,76.0,7.0,-4.728,34.0,-100.0,-100.0,-100.0,-8.0,0.0,-0.0,31.0,-100.0,-100.0,-100.0,0.0,0.0,-0.0,30.0,-87.867,-88.0,-88.0,8.0,0.0,-0.0,31.0,-100.0,-100.0,-100.0,0.0,0.0,-0.0,30.0,9.756,9.756,9.756,0.0,0.0,-0.64,31.0,23.299,23.299,23.299,0.0,0.0,0.101,31.0
96.3872,1,rev,-90.0,11.9,-11.371,-90.0,-12.379,76.0,7.0,-3.328,34.0,-100.0,-100.0,-100.0,-8.0,0.0,-0.0,31.0,-100.0,-100.0,-100.0,0.0,0.0,-0.0,30.0,-87.867,-88.0,-88.0,8.0,0.0,-0.0,31.0,-100.0,-100.0,-100.0,0.0,0.0,-0.0,30.0,9.756,9.756,9.756,0.0,0.0,-0.314,31.0,23.299,23.299,23.299,0.0,0.0,0.05,31.0
96.4403,1,rev,-90.0,11.9,-11.551,-90.0,-12.592,76.0,7.0,-3.628,34.0,-100.0,-100.0,-100.0,-8.0,0.0,-0.0,31.0,-100.0,-100.0,-100.0,0.0,0.0,-0.0,30.0,-87.867,-88.0,-88.0,8.0,0.0,-0.0,31.0,-100.0,-100.0,-100.0,0.0,0.0,-0.0,30.0,9.756,9.756,9.756,0.0,0.0,-0.154,31.0,23.299,23.299,23.299,0.0,0.0,0.024,31.0
96.4929,1,rev,-90.0,11.9,-11.64,-90.0,-12.701,76.0,7.0,-3.529,34.0,-100.0,-100.0,-100.0,-8.0,0.0,-0.0,31.0,-100.0,-100.0,-100.0,0.0,0.0,-0.0,30.0,-87.867,-88.0,-88.0,8.0,0.0,-0.0,31.0,-100.0,-100.0,-100.0,0.0,0.0,-0.0,30.0,9.756,9.756,9.756,0.0,0.0,-0.108,31.0,23.299,23.299,23.299,0.0,0.0,0.017,31.0
96.5464,1,rev,-90.0,11.9,-11.91,-90.0,-13.05,80.0,9.0,-3.813,34.0,-100.0,-100.0,-100.0,-8.0,0.0,-0.0,31.0,-100.0,-100.0,-100.0,-8.0,0.0,-0.0,30.0,-87.867,-88.0,-88.0,8.0,0.0,-0.0,31.0,-100.0,-100.0,-100.0,0.0,0.0,-0.0,30.0,9.756,9.756,9.756,0.0,0.0,-0.075,31.0,23.299,23.299,23.299,0.0,0.0,0.012,31.0
96.5993,1,rev,-90.0,11.9,-12.09,-90.0,-13.16,80.0,9.0,-3.558,34.0,-100.0,-100.0,-100.0,-8.0,0.0,-0.0,31.0,-100.0,-100.0,-100.0,-8.0,0.0,-0.0,30.0,-87.867,-88.0,-88.0,8.0,0.0,-0.0,31.0,-100.0,-100.0,-100.0,0.0,0.0,-0.0,30.0,9.756,9.756,9.756,0.0,0.0,-0.037,31.0,23.299,23.299,23.299,0.0,0.0,0.006,31.0
96.6527,1,rev,-90.0,11.9,-12.36,-90.0,-13.383,80.0,9.0,-4.431,34.0,-100.0,-100.0,-100.0,-8.0,0.0,-0.0,31.0,-100.0,-100.0,-100.0,-8.0,0.0,-0.0,30.0,-87.867,-88.0,-88.0,8.0,0.0,-0.0,31.0,-100.0,-100.0,-100.0,0.0,0.0,-0.0,30.0,9.756,9.756,9.756,0.0,0.0,-0.018,31.0,23.299,23.299,23.299,0.0,0.0,0.003,31.0
96.705,1,rev,-90.0,11.9,-12.629,-90.0,-13.595,80.0,9.0,-4.898,34.0,-100.0,-100.0,-100.0,-8.0,0.0,-0.0,31.0,-100.0,-100.0,-100.0,-8.0,0.0,-0.0,30.0,-87.867,-88.0,-88.0,8.0,0.0,-0.0,31.0,-100.0,-100.0,-100.0,0.0,0.0,-0.0,30.0,10.244,9.756,9.756,0.0,0.0,5.458,31.0,23.299,23.299,23.299,0.0,0.0,0.001,31.0
96.7584,1,rev,-90.0,11.9,-12.719,-90.0,-13.808,80.0,9.0,-3.109,34.0,-100.0,-100.0,-100.0,-8.0,0.0,-0.0,31.0,-100.0,-100.0,-100.0,-8.0,0.0,-0.0,30.0,-87.867,-88.0,-88.0,8.0,0.0,-0.0,31.0,-100.0,-100.0,-100.0,0.0,0.0,-0.0,30.0,10.244,9.756,9.756,0.0,0.0,2.674,31.0,23.299,23.299,23.299,0.0,0.0,0.001,31.0
96.8118,1,rev,-90.0,11.9,-12.899,-90.0,-14.022,80.0,9.0,-3.244,34.0,-100.0,-100.0,-100.0,-8.0,0.0,-0.0,31.0,-100.0,-100.0,-100.0,-8.0,0.0,-0.0,30.0,-87.867,-88.0,-88.0,8.0,0.0,-0.0,31.0,-100.0,-100.0,-100.0,0.0,0.0,-0.0,30.0,9.756,9.756,9.756,0.0,0.0,-4.214,31.0,23.299,23.299,23.299,0.0,0.0,0.0,31.0
96.8653,1,rev,-90.0,11.9,-13.169,-90.0,-14.235,80.0,9.0,-4.278,34.0,-100.0,-100.0,-100.0,-8.0,0.0,-0.0,31.0,-100.0,-100.0,-100.0,-8.0,0.0,-0.0,30.0,-87.867,-88.0,-88.0,8.0,0.0,-0.0,31.0,-100.0,-100.0,-100.0,0.0,0.0,-0.0,30.0,9.756,9.756,9.756,0.0,0.0,-2.065,31.0,23.299,23.299,23.299,0.0,0.0,0.0,31.0
96.9189,1,rev,-90.0,11.9,-13.438,-90.0,-14.453,80.0,9.0,-4.481,34.0,-100.0,-100.0,-100.0,-8.0,0.0,-0.0,31.0,-100.0,-100.0,-100.0,-8.0,0.0,-0.0,30.0,-87.867,-88.0,-88.0,8.0,0.0,-0.0,31.0,-100.0,-100.0,-100.0,0.0,0.0,-0.0,30.0,9.756,9.756,9.756,0.0,0.0,-1.012,31.0,23.299,23.299,23.299,0.0,0.0,0.0,31.0
96.9735,1,rev,-90.0,11.9,-13.528,-90.0,-14.667,80.0,9.0,-2.906,34.0,-100.0,-100.0,-100.0,-8.0,0.0,-0.0,31.0,-100.0,-100.0,-100.0,-8.0,0.0,-0.0,30.0,-87.867,-88.0,-88.0,8.0,0.0,-0.0,31.0,-100.0,-100.0,-100.0,0.0,0.0,-0.0,30.0,9.756,9.756,9.756,0.0,0.0,-0.496,31.0,23.299,23.299,23.299,0.0,0.0,0.0,31.0
97.0268,1,rev,-90.0,11.9,-13.888,-90.0,-14.883,80.0,9.0,-4.833,34.0,-100.0,-100.0,-100.0,-8.0,0.0,-0.0,31.0,-100.0,-100.0,-100.0,-8.0,0.0,-0.0,30.0,-87.867,-88.0,-88.0,8.0,0.0,-0.0,31.0,-100.0,-100.0,-100.0,0.0,0.0,-0.0,30.0,9.756,9.756,9.756,0.0,0.0,-0.243,31.0,23.299,23.299,23.299,0.0,0.0,0.0,31.0
97.079,1,rev,-90.0,11.9,-13.888,-90.0,-14.991,100.0,15.0,-3.383,34.0,-100.0,-100.0,-100.0,-8.0,0.0,-0.0,31.0,-100.0,-100.0,-100.0,-8.0,0.0,-0.0,30.0,-87.867,-88.0,-88.0,8.0,0.0,-0.0,31.0,-100.0,-100.0,-100.0,0.0,0.0,-0.0,30.0,9.756,9.756,9.756,0.0,0.0,-0.17,31.0,23.299,23.299,23.299,0.0,0.0,0.0,31.0
97.1321,1,rev,-90.0,11.9,-14.157,-90.0,-15.323,100.0,15.0,-3.327,34.0,-100.0,-100.0,-100.0,-8.0,0.0,-0.0,31.0,-100.0,-100.0,-100.0,-8.0,0.0,-0.0,30.0,-87.867,-88.0,-88.0,8.0,0.0,-0.0,31.0,-100.0,-100.0,-100.0,0.0,0.0,-0.0,30.0,9.756,9.756,9.756,0.0,0.0,-0.083,31.0,23.299,23.299,23.299,0.0,0.0,0.0,31.0
97.1855,1,rev,-90.0,11.9,-14.247,-90.0,-15.538,100.0,15.0,-2.339,34.0,-100.0,-100.0,-100.0,-8.0,0.0,-0.0,31.0,-100.0,-100.0,-100.0,-8.0,0.0,-0.0,30.0,-88.0,-88.0,-88.0,8.0,0.0,-1.05,31.0,-100.0,-100.0,-100.0,0.0,0.0,-0.0,30.0,9.756,9.756,9.756,0.0,0.0,-0.041,31.0,23.299,23.299,23.299,0.0,0.0,0.0,31.0
97.2384,1,rev,-90.0,11.9,-14.607,-90.0,-15.753,100.0,15.0,-4.586,34.0,-100.0,-100.0,-100.0,-8.0,0.0,-0.0,31.0,-100.0,-100.0,-100.0,-8.0,0.0,-0.0,30.0,-88.0,-88.0,-88.0,8.0,0.0,-0.515,31.0,-100.0,-100.0,-100.0,0.0,0.0,-0.0,30.0,10.244,9.756,9.756,0.0,0.0,5.451,31.0,23.299,23.299,23.299,0.0,0.0,0.0,31.0
97.2916,1,rev,-90.0,11.9,-14.876,-90.0,-15.97,100.0,15.0,-4.62,34.0,-100.0,-100.0,-100.0,-8.0,0.0,-0.0,31.0,-100.0,-100.0,-100.0,-8.0,0.0,-0.0,30.0,-88.133,-88.0,-88.0,8.0,0.0,-1.28,31.0,-100.0,-100.0,-100.0,0.0,0.0,-0.0,30.0,10.244,9.756,9.756,0.0,0.0,2.671,31.0,23.299,23.299,23.299,0.0,0.0,0.0,31.0
97.3439,1,rev,-90.0,11.9,-15.056,-90.0,-16.188,100.0,15.0,-3.948,34.0,-100.0,-100.0,-100.0,-8.0,0.0,-0.0,31.0,-100.0,-100.0,-100.0,-8.0,0.0,-0.0,30.0,-88.133,-88.0,-88.0,8.0,0.0,-0.627,31.0,-100.0,-100.0,-100.0,0.0,0.0,-0.0,30.0,9.756,9.756,9.756,0.0,0.0,-4.028,31.0,23.299,23.299,23.299,0.0,0.0,0.0,31.0
97.3977,1,rev,-90.0,11.9,-15.326,-90.0,-16.403,100.0,15.0,-4.648,34.0,-100.0,-100.0,-100.0,-8.0,0.0,-0.0,31.0,-100.0,-100.0,-100.0,-8.0,0.0,-0.0,30.0,-88.0,-88.0,-88.0,8.0,0.0,0.738,31.0,-100.0,-100.0,-100.0,0.0,0.0,-0.0,30.0,9.756,9.756,9.756,0.0,0.0,-1.974,31.0,23.299,23.299,23.299,0.0,0.0,0.0,31.0
97.4503,1,rev,-90.0,11.9,-15.506,-90.0,-16.617,100.0,15.0,-3.997,34.0,-100.0,-100.0,-100.0,-8.0,0.0,-0.0,31.0,-100.0,-100.0,-100.0,-8.0,0.0,-0.0,30.0,-88.0,-88.0,-88.0,8.0,0.0,0.362,31.0,-100.0,-100.0,-100.0,0.0,0.0,-0.0,30.0,9.756,9.756,9.756,0.0,0.0,-0.967,31.0,23.299,23.299,23.299,0.0,0.0,0.0,31.0
97.5038,1,rev,-90.0,11.9,-15.685,-90.0,-16.832,100.0,15.0,-3.637,34.0,-100.0,-100.0,-100.0,-8.0,0.0,-0.0,31.0,-100.0,-100.0,-100.0,-8.0,0.0,-0.0,30.0,-88.0,-88.0,-88.0,8.0,0.0,0.177,31.0,-100.0,-100.0,-100.0,0.0,0.0,-0.0,30.0,9.756,9.756,9.756,0.0,0.0,-0.474,31.0,23.299,23.299,23.299,0.0,0.0,0.0,31.0
97.5572,1,rev,-90.0,11.9,-15.775,-90.0,-17.05,100.0,15.0,-2.792,34.0,-100.0,-100.0,-100.0,-8.0,0.0,-0.0,31.0,-100.0,-100.0,-100.0,-8.0,0.0,-0.0,30.0,-88.0,-88.0,-88.0,8.0,0.0,0.087,31.0,-100.0,-100.0,-100.0,0.0,0.0,-0.0,30.0,9.756,9.756,9.756,0.0,0.0,-0.232,31.0,23.299,23.299,23.299,0.0,0.0,0.0,31.0
97.6105,1,rev,-90.0,11.9,-16.135,-90.0,-17.264,100.0,15.0,-4.771,34.0,-100.0,-100.0,-100.0,-8.0,0.0,-0.0,31.0,-100.0,-100.0,-100.0,-8.0,0.0,-0.0,30.0,-88.0,-88.0,-88.0,8.0,0.0,0.043,31.0,-100.0,-100.0,-100.0,0.0,0.0,-0.0,30.0,9.756,9.756,9.756,0.0,0.0,-0.114,31.0,23.299,23.299,23.299,0.0,0.0,0.0,31.0
97.6638,1,rev,-90.0,11.9,-16.135,-90.0,-17.497,100.0,14.0,-4.771,34.0,-100.0,-100.0,-100.0,0.0,0.0,-0.0,31.0,-100.0,-100.0,-100.0,-8.0,0.0,-0.0,30.0,-88.0,-88.0,-88.0,-8.0,0.0,0.043,31.0,-100.0,-100.0,-100.0,0.0,0.0,-0.0,30.0,9.756,9.756,9.756,12.0,0.0,-0.114,31.0,23.299,23.299,23.299,0.0,0.0,0.0,31.0
97.7159,1,rev,-90.0,11.9,-16.404,-90.0,-17.728,100.0,14.0,-3.953,34.0,-100.0,-100.0,-100.0,0.0,0.0,-0.0,31.0,-100.0,-100.0,-100.0,-8.0,0.0,-0.0,30.0,-88.0,-88.0,-88.0,-8.0,0.0,1.065,31.0,-100.0,-100.0,-100.0,0.0,0.0,-0.0,30.0,10.244,9.756,9.756,12.0,0.0,1.592,31.0,23.299,23.299,23.299,0.0,0.0,0.0,31.0
97.7692,1,rev,-90.0,11.9,-16.764,-90.0,-17.837,100.0,14.0,-5.65,34.0,-100.0,-100.0,-100.0,0.0,0.0,-0.0,31.0,-100.0,-100.0,-100.0,-8.0,0.0,-0.0,30.0,-88.0,-88.0,-88.0,-8.0,0.0,0.522,31.0,-100.0,-100.0,-100.0,0.0,0.0,-0.0,30.0,10.244,9.756,9.756,12.0,0.0,0.78,31.0,23.299,23.299,23.299,0.0,0.0,0.0,31.0
97.8222,1,rev,-90.0,11.9,-16.854,-90.0,-18.064,100.0,14.0,-3.763,34.0,-100.0,-100.0,-100.0,0.0,0.0,-0.0,31.0,-100.0,-100.0,-100.0,-8.0,0.0,-0.0,30.0,-88.0,-88.0,-88.0,-8.0,0.0,0.256,31.0,-100.0,-100.0,-100.0,0.0,0.0,-0.0,30.0,10.244,9.756,9.756,12.0,0.0,0.382,31.0,23.299,23.299,23.299,0.0,0.0,0.0,31.0
97.8755,1,rev,-90.0,11.9,-17.124,-90.0,-18.28,100.0,14.0,-4.26,34.0,-100.0,-100.0,-100.0,0.0,0.0,-0.0,31.0,-100.0,-100.0,-100.0,-8.0,0.0,-0.0,30.0,-88.133,-88.0,-88.0,-8.0,0.0,-1.37,31.0,-100.0,-100.0,-100.0,0.0,0.0,-0.0,30.0,9.756,9.756,9.756,12.0,0.0,-5.284,31.0,23.299,23.299,23.299,0.0,0.0,0.0,31.0
97.9283,1,rev,-90.0,11.9,-17.213,-90.0,-18.496,100.0,14.0,-3.079,34.0,-100.0,-100.0,-100.0,0.0,0.0,-0.0,31.0,-100.0,-100.0,-100.0,-8.0,0.0,-0.0,30.0,-88.133,-88.0,-88.0,-8.0,0.0,-0.671,31.0,-100.0,-100.0,-100.0,0.0,0.0,-0.0,30.0,9.756,9.756,9.756,12.0,0.0,-2.589,31.0,23.299,23.299,23.299,0.0,0.0,0.0,31.0
97.9827,1,rev,-90.0,11.9,-17.483,-90.0,-18.711,100.0,14.0,-3.936,34.0,-100.0,-100.0,-100.0,0.0,0.0,-0.0,31.0,-100.0,-100.0,-100.0,-8.0,0.0,-0.0,30.0,-88.0,-88.0,-88.0,-8.0,0.0,1.18,31.0,-100.0,-100.0,-100.0,0.0,0.0,-0.0,30.0,9.756,9.756,9.756,12.0,0.0,-1.269,31.0,23.299,23.299,23.299,0.0,0.0,0.0,31.0
98.0361,1,rev,-90.0,11.9,-17.843,-90.0,-18.925,100.0,14.0,-5.319,34.0,-100.0,-100.0,-100.0,0.0,0.0,-0.0,31.0,-100.0,-100.0,-100.0,-8.0,0.0,-0.0,30.0,-88.0,-88.0,-88.0,-8.0,0.0,0.578,31.0,-100.0,-100.0,-100.0,0.0,0.0,-0.0,30.0,9.756,9.756,9.756,12.0,0.0,-0.622,31.0,23.299,23.299,23.299,0.0,0.0,0.0,31.0
98.089,1,rev,-90.0,11.9,-17.933,-90.0,-19.141,100.0,14.0,-3.612,34.0,-100.0,-100.0,-100.0,0.0,0.0,-0.0,31.0,-100.0,-100.0,-100.0,-8.0,0.0,-0.0,30.0,-88.133,-88.0,-88.0,-8.0,0.0,-0.758,31.0,-100.0,-100.0,-100.0,0.0,0.0,-0.0,30.0,9.756,9.756,9.756,12.0,0.0,-0.305,31.0,23.299,23.299,23.299,0.0,0.0,0.0,31.0
98.1424,1,rev,-90.0,11.9,-18.202,-90.0,-19.357,100.0,14.0,-4.473,34.0,-100.0,-100.0,-100.0,0.0,0.0,-0.0,31.0,-100.0,-100.0,-100.0,-8.0,0.0,-0.0,30.0,-88.133,-88.0,-88.0,-8.0,0.0,-0.372,31.0,-100.0,-100.0,-100.0,0.0,0.0,-0.0,30.0,9.756,9.756,9.756,12.0,0.0,-0.149,31.0,23.299,23.299,23.299,0.0,0.0,0.0,31.0
98.1949,1,rev,-90.0,11.9,-18.292,-90.0,-19.572,100.0,14.0,-2.902,34.0,-100.0,-100.0,-100.0,0.0,0.0,-0.0,31.0,-100.0,-100.0,-100.0,-8.0,0.0,-0.0,30.0,-88.0,-88.0,-88.0,-8.0,0.0,0.871,31.0,-100.0,-100.0,-100.0,0.0,0.0,-0.0,30.0,9.756,9.756,9.756,12.0,0.0,-0.073,31.0,23.093,23.299,23.299,0.0,0.0,-2.262,31.0
98.2485,1,rev,-90.0,11.9,-18.562,-90.0,-19.822,100.0,15.0,-3.336,34.0,-100.0,-100.0,-100.0,0.0,0.0,-0.0,31.0,-100.0,-100.0,-100.0,-8.0,0.0,-0.0,30.0,-88.133,-88.0,-88.0,0.0,0.0,-0.035,31.0,-100.0,-100.0,-100.0,0.0,0.0,-0.0,30.0,10.244,9.756,9.756,0.0,0.0,2.31,31.0,23.093,23.299,23.299,-8.0,0.0,-1.584,31.0
98.3018,1,rev,-90.0,11.9,-18.742,-90.0,-20.038,100.0,15.0,-3.587,34.0,-100.0,-100.0,-100.0,0.0,0.0,-0.0,31.0,-100.0,-100.0,-100.0,-8.0,0.0,-0.0,30.0,-88.133,-88.0,-88.0,0.0,0.0,-0.017,31.0,-100.0,-100.0,-100.0,0.0,0.0,-0.0,30.0,10.244,9.756,9.756,0.0,0.0,1.132,31.0,23.299,23.299,23.299,-8.0,0.0,1.463,31.0
98.3551,1,rev,-90.0,11.9,-19.011,-90.0,-20.255,100.0,15.0,-4.458,34.0,-100.0,-100.0,-100.0,0.0,0.0,-0.0,31.0,-100.0,-100.0,-100.0,-8.0,0.0,-0.0,30.0,-88.133,-88.0,-88.0,0.0,0.0,-0.009,31.0,-100.0,-100.0,-100.0,0.0,0.0,-0.0,30.0,10.244,9.756,9.756,0.0,0.0,0.555,31.0,23.299,23.299,23.299,-8.0,0.0,0.717,31.0
98.4086,1,rev,-90.0,11.9,-19.281,-90.0,-20.47,100.0,15.0,-4.61,34.0,-100.0,-100.0,-100.0,0.0,0.0,-0.0,31.0,-100.0,-100.0,-100.0,-8.0,0.0,-0.0,30.0,-88.133,-88.0,-88.0,0.0,0.0,-0.004,31.0,-100.0,-100.0,-100.0,0.0,0.0,-0.0,30.0,10.244,9.756,9.756,0.0,0.0,0.272,31.0,23.299,23.299,23.299,-8.0,0.0,0.351,31.0
98.4617,1,rev,-90.0,11.9,-19.371,-90.0,-20.685,100.0,15.0,-2.954,34.0,-100.0,-100.0,-100.0,0.0,0.0,-0.0,31.0,-100.0,-100.0,-100.0,-8.0,0.0,-0.0,30.0,-88.133,-88.0,-88.0,0.0,0.0,-0.002,31.0,-100.0,-100.0,-100.0,0.0,0.0,-0.0,30.0,10.244,9.756,9.756,0.0,0.0,0.133,31.0,23.299,23.299,23.299,-8.0,0.0,0.172,31.0
98.5146,1,rev,-90.0,11.9,-19.73,-90.0,-20.899,100.0,15.0,-4.573,34.0,-100.0,-100.0,-100.0,0.0,0.0,-0.0,31.0,-100.0,-100.0,-100.0,-8.0,0.0,-0.0,30.0,-88.133,-88.0,-88.0,0.0,0.0,-0.001,31.0,-100.0,-100.0,-100.0,0.0,0.0,-0.0,30.0,10.244,9.756,9.756,0.0,0.0,0.065,31.0,23.299,23.299,23.299,-8.0,0.0,0.084,31.0
98.5678,1,rev,-90.0,11.9,-19.82,-90.0,-21.113,100.0,15.0,-4.205,34.0,-100.0,-100.0,-100.0,0.0,0.0,-0.0,31.0,-100.0,-100.0,-100.0,-8.0,0.0,-0.0,30.0,-88.133,-88.0,-88.0,0.0,0.0,-0.001,31.0,-100.0,-100.0,-100.0,0.0,0.0,-0.0,30.0,10.244,9.756,9.756,0.0,0.0,0.046,31.0,23.299,23.299,23.299,-8.0,0.0,0.059,31.0
98.6211,1,rev,-90.0,11.9,-20.0,-90.0,-21.34,100.0,15.0,-3.688,34.0,-100.0,-100.0,-100.0,0.0,0.0,-0.0,31.0,-100.0,-100.0,-100.0,-8.0,0.0,-0.0,30.0,-88.133,-88.0,-88.0,0.0,0.0,-0.0,31.0,-100.0,-100.0,-100.0,0.0,0.0,-0.0,30.0,10.244,9.756,9.756,0.0,0.0,0.022,31.0,23.299,23.299,23.299,-8.0,0.0,0.029,31.0
98.6748,1,rev,-90.0,11.9,-20.0,-90.0,-21.565,100.0,15.0,-1.807,34.0,-100.0,-100.0,-100.0,0.0,0.0,-0.0,31.0,-100.0,-100.0,-100.0,-8.0,0.0,-0.0,30.0,-88.133,-88.0,-88.0,0.0,0.0,-0.0,31.0,-100.0,-100.0,-100.0,0.0,0.0,-0.0,30.0,10.244,9.756,9.756,0.0,0.0,0.011,31.0,23.299,23.299,23.299,-8.0,0.0,0.014,31.0
98.7282,1,rev,-90.0,11.9,-20.27,-90.0,-21.683,100.0,15.0,-3.541,34.0,-100.0,-100.0,-100.0,0.0,0.0,-0.0,31.0,-100.0,-100.0,-100.0,-8.0,0.0,-0.0,30.0,-88.133,-88.0,-88.0,0.0,0.0,-0.0,31.0,-100.0,-100.0,-100.0,0.0,0.0,-0.0,30.0,10.244,9.756,9.756,0.0,0.0,0.005,31.0,23.299,23.299,23.299,-8.0,0.0,0.007,31.0
98.7813,1,rev,-90.0,11.9,-20.539,-90.0,-21.898,100.0,15.0,-4.15,34.0,-100.0,-100.0,-100.0,0.0,0.0,-0.0,31.0,-100.0,-100.0,-100.0,-8.0,0.0,-0.0,30.0,-88.133,-88.0,-88.0,0.0,0.0,-0.0,31.0,-100.0,-100.0,-100.0,0.0,0.0,-0.0,30.0,10.244,9.756,9.756,0.0,0.0,0.003,31.0,23.299,23.299,23.299,-8.0,0.0,0.003,31.0
98.8345,1,rev,-90.0,11.9,-20.719,-90.0,-22.138,104.0,18.0,-3.777,34.0,-100.0,-100.0,-100.0,0.0,0.0,-0.0,31.0,-100.0,-100.0,-100.0,-8.0,0.0,-0.0,30.0,-88.133,-88.0,-88.0,-8.0,1.0,-0.0,31.0,-100.0,-100.0,-100.0,0.0,0.0,-0.0,30.0,10.244,9.756,9.756,8.0,0.0,0.002,31.0,23.299,23.299,23.299,0.0,0.0,0.002,31.0
98.8873,1,rev,-90.0,11.9,-20.989,-90.0,-22.359,104.0,18.0,-4.564,34.0,-100.0,-100.0,-100.0,0.0,0.0,-0.0,31.0,-100.0,-100.0,-100.0,-8.0,0.0,-0.0,30.0,-88.133,-88.0,-88.0,-8.0,1.0,-0.0,31.0,-100.0,-100.0,-100.0,0.0,0.0,-0.0,30.0,10.244,9.756,9.756,8.0,0.0,0.001,31.0,23.299,23.299,23.299,0.0,0.0,0.001,31.0
98.9407,1,rev,-90.0,11.9,-21.169,-90.0,-22.574,104.0,18.0,-3.634,34.0,-100.0,-100.0,-100.0,0.0,0.0,-0.0,31.0,-100.0,-100.0,-100.0,-8.0,0.0,-0.0,30.0,-88.133,-88.0,-88.0,-8.0,1.0,-0.0,31.0,-100.0,-100.0,-100.0,0.0,0.0,-0.0,30.0,10.244,9.756,9.756,8.0,0.0,0.0,31.0,23.299,23.299,23.299,0.0,0.0,0.001,31.0
98.9939,1,rev,-90.0,11.9,-21.438,-90.0,-22.792,104.0,18.0,-4.151,34.0,-100.0,-100.0,-100.0,0.0,0.0,-0.0,31.0,-100.0,-100.0,-100.0,-8.0,0.0,-0.0,30.0,-88.133,-88.0,-88.0,-8.0,1.0,-0.0,31.0,-100.0,-100.0,-100.0,0.0,0.0,-0.0,30.0,9.756,9.756,9.756,8.0,0.0,-3.741,31.0,23.299,23.299,23.299,0.0,0.0,0.0,31.0
99.0476,1,rev,-90.0,11.9,-21.528,-90.0,-23.011,104.0,18.0,-3.052,34.0,-100.0,-100.0,-100.0,0.0,0.0,-0.0,31.0,-100.0,-100.0,-100.0,-8.0,0.0,-0.0,30.0,-88.133,-88.0,-88.0,-8.0,1.0,-0.0,31.0,-100.0,-100.0,-100.0,0.0,0.0,-0.0,30.0,9.756,9.756,9.756,8.0,0.0,-1.833,31.0,23.299,23.299,23.299,0.0,0.0,0.0,31.0
99.0999,1,rev,-90.0,11.9,-21.798,-90.0,-23.224,104.0,18.0,-4.194,34.0,-100.0,-100.0,-100.0,0.0,0.0,-0.0,31.0,-100.0,-100.0,-100.0,-8.0,0.0,-0.0,30.0,-88.133,-88.0,-88.0,-8.0,1.0,-0.0,31.0,-100.0,-100.0,-100.0,0.0,0.0,-0.0,30.0,10.244,9.756,9.756,8.0,0.0,2.911,31.0,23.299,23.299,23.299,0.0,0.0,0.0,31.0
99.1531,1,rev,-90.0,11.9,-22.157,-90.0,-23.442,104.0,18.0,-5.45,34.0,-100.0,-100.0,-100.0,0.0,0.0,-0.0,31.0,-100.0,-100.0,-100.0,-8.0,0.0,-0.0,30.0,-88.133,-88.0,-88.0,-8.0,1.0,-0.0,31.0,-100.0,-100.0,-100.0,0.0,0.0,-0.0,30.0,10.244,9.756,9.756,8.0,0.0,1.427,31.0,23.299,23.299,23.299,0.0,0.0,0.0,31.0
99.2063,1,rev,-90.0,11.9,-22.247,-90.0,-23.657,104.0,18.0,-3.367,34.0,-100.0,-100.0,-100.0,0.0,0.0,-0.0,31.0,-100.0,-100.0,-100.0,-8.0,0.0,-0.0,30.0,-88.133,-88.0,-88.0,-8.0,1.0,-0.0,31.0,-100.0,-100.0,-100.0,0.0,0.0,-0.0,30.0,10.244,9.756,9.756,8.0,0.0,0.699,31.0,23.299,23.299,23.299,0.0,0.0,0.0,31.0
99.2594,1,rev,-90.0,11.9,-22.427,-90.0,-23.871,104.0,18.0,-3.365,34.0,-100.0,-100.0,-100.0,0.0,0.0,-0.0,31.0,-100.0,-100.0,-100.0,-8.0,0.0,-0.0,30.0,-88.133,-88.0,-88.0,-8.0,1.0,-0.0,31.0,-100.0,-100.0,-100.0,0.0,0.0,-0.0,30.0,10.244,9.756,9.756,8.0,0.0,0.343,31.0,23.299,23.299,23.299,0.0,0.0,0.0,31.0
99.3123,1,rev,-90.0,11.9,-22.697,-90.0,-24.084,104.0,18.0,-4.087,34.0,-100.0,-100.0,-100.0,0.0,0.0,-0.0,31.0,-100.0,-100.0,-100.0,-8.0,0.0,-0.0,30.0,-88.133,-88.0,-88.0,-8.0,1.0,-0.0,31.0,-100.0,-100.0,-100.0,0.0,0.0,-0.0,30.0,10.244,9.756,9.756,8.0,0.0,0.168,31.0,23.299,23.299,23.299,0.0,0.0,0.0,31.0
99.3651,1,rev,-90.0,11.9,-22.787,-90.0,-24.19,104.0,18.0,-3.873,34.0,-100.0,-100.0,-100.0,0.0,0.0,-0.0,31.0,-100.0,-100.0,-100.0,-8.0,0.0,-0.0,30.0,-88.133,-88.0,-88.0,-8.0,1.0,-0.0,31.0,-100.0,-100.0,-100.0,0.0,0.0,-0.0,30.0,10.244,9.756,9.756,8.0,0.0,0.117,31.0,23.299,23.299,23.299,0.0,0.0,0.0,31.0
99.4185,1,rev,-90.0,11.9,-22.966,-90.0,-24.537,124.0,25.0,-3.61,34.0,-100.0,-100.0,-100.0,0.0,0.0,-0.0,31.0,-100.0,-100.0,-100.0,-8.0,0.0,-0.0,30.0,-88.133,-88.0,-88.0,-8.0,0.0,-0.0,31.0,-100.0,-100.0,-100.0,0.0,0.0,-0.0,30.0,10.244,9.756,9.756,8.0,0.0,0.082,31.0,23.299,23.299,23.299,0.0,0.0,0.0,31.0
99.4711,1,rev,-90.0,11.9,-23.146,-90.0,-24.648,124.0,25.0,-3.785,34.0,-100.0,-100.0,-100.0,0.0,0.0,-0.0,31.0,-100.0,-100.0,-100.0,-8.0,0.0,-0.0,30.0,-88.133,-88.0,-88.0,-8.0,0.0,-0.0,31.0,-100.0,-100.0,-100.0,0.0,0.0,-0.0,30.0,10.244,9.756,9.756,8.0,0.0,0.04,31.0,23.299,23.299,23.299,0.0,0.0,0.0,31.0
99.5246,1,rev,-90.0,11.9,-23.416,-90.0,-24.871,124.0,25.0,-4.506,34.0,-100.0,-100.0,-100.0,0.0,0.0,-0.0,31.0,-100.0,-100.0,-100.0,-8.0,0.0,-0.0,30.0,-88.133,-88.0,-88.0,-8.0,0.0,-0.0,31.0,-100.0,-100.0,-100.0,0.0,0.0,-0.0,30.0,10.244,9.756,9.756,8.0,0.0,0.02,31.0,23.299,23.299,23.299,0.0,0.0,0.0,31.0
99.5776,1,rev,-90.0,11.9,-23.685,-90.0,-25.086,124.0,25.0,-4.628,34.0,-100.0,-100.0,-100.0,0.0,0.0,-0.0,31.0,-100.0,-100.0,-100.0,-8.0,0.0,-0.0,30.0,-88.133,-88.0,-88.0,-8.0,0.0,-0.0,31.0,-100.0,-100.0,-100.0,0.0,0.0,-0.0,30.0,10.244,9.756,9.756,8.0,0.0,0.01,31.0,23.299,23.299,23.299,0.0,0.0,0.0,31.0
99.6301,1,rev,-90.0,11.9,-23.775,-90.0,-25.299,124.0,25.0,-2.976,34.0,-100.0,-100.0,-100.0,0.0,0.0,-0.0,31.0,-100.0,-100.0,-100.0,-8.0,0.0,-0.0,30.0,-88.133,-88.0,-88.0,-8.0,0.0,-0.0,31.0,-100.0,-100.0,-100.0,0.0,0.0,-0.0,30.0,10.244,9.756,9.756,8.0,0.0,0.005,31.0,23.299,23.299,23.299,0.0,0.0,0.0,31.0
99.6835,1,rev,-90.0,11.9,-24.045,-90.0,-25.513,124.0,25.0,-3.592,34.0,-100.0,-100.0,-100.0,0.0,0.0,-0.0,31.0,-100.0,-100.0,-100.0,-8.0,0.0,-0.0,30.0,-88.133,-88.0,-88.0,-8.0,0.0,-0.0,31.0,-100.0,-100.0,-100.0,0.0,0.0,-0.0,30.0,10.244,9.756,9.756,8.0,0.0,0.002,31.0,23.299,23.299,23.299,0.0,0.0,0.0,31.0
99.7364,1,rev,-90.0,11.9,-24.315,-90.0,-25.727,124.0,25.0,-4.172,34.0,-100.0,-100.0,-100.0,0.0,0.0,-0.0,31.0,-100.0,-100.0,-100.0,-8.0,0.0,-0.0,30.0,-88.133,-88.0,-88.0,-8.0,0.0,-0.0,31.0,-100.0,-100.0,-100.0,0.0,0.0,-0.0,30.0,10.244,9.756,9.756,8.0,0.0,0.001,31.0,23.299,23.299,23.299,0.0,0.0,0.0,31.0
99.7896,1,rev,-90.0,11.9,-24.404,-90.0,-25.941,124.0,25.0,-2.75,34.0,-100.0,-100.0,-100.0,0.0,0.0,-0.0,31.0,-100.0,-100.0,-100.0,-8.0,0.0,-0.0,30.0,-88.133,-88.0,-88.0,-8.0,0.0,-0.0,31.0,-100.0,-100.0,-100.0,0.0,0.0,-0.0,30.0,10.244,9.756,9.756,8.0,0.0,0.001,31.0,23.299,23.299,23.299,0.0,0.0,0.0,31.0
99.8422,1,rev,-90.0,11.9,-24.674,-90.0,-26.156,124.0,25.0,-4.034,34.0,-100.0,-100.0,-100.0,0.0,0.0,-0.0,31.0,-100.0,-100.0,-100.0,-8.0,0.0,-0.0,30.0,-88.133,-88.0,-88.0,-8.0,0.0,-0.0,31.0,-100.0,-100.0,-100.0,0.0,0.0,-0.0,30.0,10.244,9.756,9.756,8.0,0.0,0.0,31.0,23.299,23.299,23.299,0.0,0.0,0.0,31.0
99.8951,1,rev,-90.0,11.9,-24.944,-90.0,-26.371,124.0,25.0,-4.72,34.0,-100.0,-100.0,-100.0,0.0,0.0,-0.0,31.0,-100.0,-100.0,-100.0,-8.0,0.0,-0.0,30.0,-88.133,-88.0,-88.0,-8.0,0.0,-0.0,31.0,-100.0,-100.0,-100.0,0.0,0.0,-0.0,30.0,10.244,9.756,9.756,8.0,0.0,0.0,31.0,23.299,23.299,23.299,0.0,0.0,0.0,31.0
99.9482,1,rev,-90.0,11.9,-25.034,-90.0,-26.477,116.0,27.0,-4.313,34.0,-100.0,-100.0,-100.0,0.0,0.0,-0.0,31.0,-100.0,-100.0,-100.0,-8.0,0.0,-0.0,30.0,-88.133,-88.0,-88.0,-8.0,0.0,-0.0,31.0,-100.0,-100.0,-100.0,0.0,0.0,-0.0,30.0,10.244,9.756,9.756,8.0,0.0,0.0,31.0,23.299,23.299,23.299,0.0,0.0,0.0,31.0
100.0022,1,rev,-90.0,11.9,-25.213,-90.0,-26.813,116.0,27.0,-2.779,34.0,-100.0,-100.0,-100.0,0.0,0.0,-0.0,31.0,-100.0,-100.0,-100.0,-8.0,0.0,-0.0,30.0,-88.133,-88.0,-88.0,-8.0,0.0,-0.0,31.0,-100.0,-100.0,-100.0,0.0,0.0,-0.0,30.0,10.244,9.756,9.756,8.0,0.0,0.0,31.0,23.299,23.299,23.299,0.0,0.0,0.0,31.0
100.0555,1,rev,-90.0,11.9,-25.483,-90.0,-27.027,116.0,27.0,-3.785,34.0,-100.0,-100.0,-100.0,0.0,0.0,-0.0,31.0,-100.0,-100.0,-100.0,-8.0,0.0,-0.0,30.0,-88.133,-88.0,-88.0,-8.0,0.0,-0.0,31.0,-100.0,-100.0,-100.0,0.0,0.0,-0.0,30.0,10.244,9.756,9.756,8.0,0.0,0.0,31.0,23.299,23.299,23.299,0.0,0.0,0.0,31.0
100.108,1,rev,-90.0,11.9,-25.663,-90.0,-27.242,116.0,27.0,-3.55,34.0,-100.0,-100.0,-100.0,0.0,0.0,-0.0,31.0,-100.0,-100.0,-100.0,-8.0,0.0,-0.0,30.0,-88.133,-88.0,-88.0,-8.0,0.0,-0.0,31.0,-100.0,-100.0,-100.0,0.0,0.0,-0.0,30.0,10.244,9.756,9.756,8.0,0.0,0.0,31.0,23.299,23.299,23.299,0.0,0.0,0.0,31.0
100.1615,1,rev,-90.0,11.9,-25.843,-90.0,-27.457,116.0,27.0,-3.445,34.0,-100.0,-100.0,-100.0,0.0,0.0,-0.0,31.0,-100.0,-100.0,-100.0,-8.0,0.0,-0.0,30.0,-88.133,-88.0,-88.0,-8.0,0.0,-0.0,31.0,-100.0,-100.0,-100.0,0.0,0.0,-0.0,30.0,10.244,9.756,9.756,8.0,0.0,0.0,31.0,23.299,23.299,23.299,0.0,0.0,0.0,31.0
100.2139,1,rev,-90.0,11.9,-25.933,-90.0,-27.673,116.0,27.0,-2.387,34.0,-100.0,-100.0,-100.0,0.0,0.0,-0.0,31.0,-100.0,-100.0,-100.0,-8.0,0.0,-0.0,30.0,-88.133,-88.0,-88.0,-8.0,0.0,-0.0,31.0,-100.0,-100.0,-100.0,0.0,0.0,-0.0,30.0,10.244,9.756,9.756,8.0,0.0,0.0,31.0,23.299,23.299,23.299,0.0,0.0,0.0,31.0
100.2676,1,rev,-90.0,11.9,-26.382,-90.0,-27.888,116.0,27.0,-5.306,34.0,-100.0,-100.0,-100.0,0.0,0.0,-0.0,31.0,-100.0,-100.0,-100.0,-8.0,0.0,-0.0,30.0,-88.133,-88.0,-88.0,-8.0,0.0,-0.0,31.0,-100.0,-100.0,-100.0,0.0,0.0,-0.0,30.0,10.244,9.756,9.756,8.0,0.0,0.0,31.0,23.299,23.299,23.299,0.0,0.0,0.0,31.0
100.3199,1,rev,-90.0,11.9,-26.562,-90.0,-28.104,116.0,27.0,-3.977,34.0,-100.0,-100.0,-100.0,0.0,0.0,-0.0,31.0,-100.0,-100.0,-100.0,-8.0,0.0,-0.0,30.0,-88.133,-88.0,-88.0,-8.0,0.0,-0.0,31.0,-100.0,-100.0,-100.0,0.0,0.0,-0.0,30.0,10.244,9.756,9.756,8.0,0.0,0.0,31.0,23.299,23.299,23.299,0.0,0.0,0.0,31.0
100.3729,1,rev,-90.0,11.9,-26.831,-90.0,-28.318,116.0,27.0,-4.687,34.0,-100.0,-100.0,-100.0,0.0,0.0,-0.0,31.0,-100.0,-100.0,-100.0,-8.0,0.0,-0.0,30.0,-88.133,-88.0,-88.0,-8.0,0.0,-0.0,31.0,-100.0,-100.0,-100.0,0.0,0.0,-0.0,30.0,10.244,9.756,9.756,8.0,0.0,0.0,31.0,23.299,23.299,23.299,0.0,0.0,0.0,31.0
100.4251,1,rev,-90.0,11.9,-27.101,-90.0,-28.531,116.0,27.0,-4.686,34.0,-100.0,-100.0,-100.0,0.0,0.0,-0.0,31.0,-100.0,-100.0,-100.0,-8.0,0.0,-0.0,30.0,-88.133,-88.0,-88.0,-8.0,0.0,-0.0,31.0,-100.0,-100.0,-100.0,0.0,0.0,-0.0,30.0,10.244,9.756,9.756,8.0,0.0,0.0,31.0,23.299,23.299,23.299,0.0,0.0,0.0,31.0
100.4785,1,rev,-90.0,11.9,-27.191,-90.0,-28.749,116.0,27.0,-2.996,34.0,-100.0,-100.0,-100.0,0.0,0.0,-0.0,31.0,-100.0,-100.0,-100.0,-8.0,0.0,-0.0,30.0,-88.133,-88.0,-88.0,-8.0,0.0,-0.0,31.0,-100.0,-100.0,-100.0,0.0,0.0,-0.0,30.0,10.244,9.756,9.756,8.0,0.0,0.0,31.0,23.299,23.299,23.299,0.0,0.0,0.0,31.0
100.531,1,rev,-90.0,11.9,-27.191,-90.0,-28.982,128.0,26.0,-2.996,34.0,-100.0,-100.0,-100.0,0.0,0.0,-0.0,31.0,-100.0,-100.0,-100.0,-16.0,0.0,-0.0,30.0,-88.133,-88.0,-88.0,-8.0,0.0,-0.0,31.0,-100.0,-100.0,-100.0,0.0,0.0,-0.0,30.0,10.244,9.756,9.756,8.0,0.0,0.0,31.0,23.299,23.299,23.299,0.0,0.0,0.0,31.0
100.5847,1,rev,-90.0,11.9,-27.371,-90.0,-29.099,128.0,26.0,-2.094,34.0,-100.0,-100.0,-100.0,0.0,0.0,-0.0,31.0,-100.0,-100.0,-100.0,-16.0,0.0,-0.0,30.0,-88.133,-88.0,-88.0,-8.0,0.0,-0.0,31.0,-100.0,-100.0,-100.0,0.0,0.0,-0.0,30.0,10.244,9.756,9.756,8.0,0.0,0.0,31.0,23.299,23.299,23.299,0.0,0.0,0.0,31.0
100.6387,1,rev,-90.0,11.9,-27.73,-90.0,-29.325,128.0,26.0,-4.679,34.0,-100.0,-100.0,-100.0,0.0,0.0,-0.0,31.0,-100.0,-100.0,-100.0,-16.0,0.0,-0.0,30.0,-88.133,-88.0,-88.0,-8.0,0.0,-0.0,31.0,-100.0,-100.0,-100.0,0.0,0.0,-0.0,30.0,10.244,9.756,9.756,8.0,0.0,0.0,31.0,23.299,23.299,23.299,0.0,0.0,0.0,31.0
100.6909,1,rev,-90.0,11.9,-28.0,-90.0,-29.541,128.0,26.0,-4.689,34.0,-100.0,-100.0,-100.0,0.0,0.0,-0.0,31.0,-100.0,-100.0,-100.0,-16.0,0.0,-0.0,30.0,-88.133,-88.0,-88.0,-8.0,0.0,-0.0,31.0,-100.0,-100.0,-100.0,0.0,0.0,-0.0,30.0,10.244,9.756,9.756,8.0,0.0,0.0,31.0,23.299,23.299,23.299,0.0,0.0,0.0,31.0
100.7444,1,rev,-90.0,11.9,-28.18,-90.0,-29.756,128.0,26.0,-4.006,34.0,-100.0,-100.0,-100.0,0.0,0.0,-0.0,31.0,-100.0,-100.0,-100.0,-16.0,0.0,-0.0,30.0,-88.133,-88.0,-88.0,-8.0,0.0,-0.0,31.0,-100.0,-100.0,-100.0,0.0,0.0,-0.0,30.0,10.244,9.756,9.756,8.0,0.0,0.0,31.0,23.299,23.299,23.299,0.0,0.0,0.0,31.0
100.7976,1,rev,-90.0,11.9,-28.36,-90.0,-29.973,128.0,26.0,-3.94,34.0,-100.0,-100.0,-100.0,0.0,0.0,-0.0,31.0,-100.0,-100.0,-100.0,-16.0,0.0,-0.0,30.0,-88.133,-88.0,-88.0,-8.0,0.0,-0.0,31.0,-100.0,-100.0,-100.0,0.0,0.0,-0.0,30.0,10.244,9.756,9.756,8.0,0.0,0.0,31.0,23.299,23.299,23.299,0.0,0.0,0.0,31.0
100.8499,1,rev,-90.0,11.9,-28.629,-90.0,-30.19,128.0,26.0,-4.619,34.0,-100.0,-100.0,-100.0,0.0,0.0,-0.0,31.0,-100.0,-100.0,-100.0,-16.0,0.0,-0.0,30.0,-88.133,-88.0,-88.0,-8.0,0.0,-0.0,31.0,-100.0,-100.0,-100.0,0.0,0.0,-0.0,30.0,10.244,9.756,9.756,8.0,0.0,0.0,31.0,23.299,23.299,23.299,0.0,0.0,0.0,31.0
100.9031,1,rev,-90.0,11.9,-28.719,-90.0,-30.404,128.0,26.0,-2.976,34.0,-100.0,-100.0,-100.0,0.0,0.0,-0.0,31.0,-100.0,-100.0,-100.0,-16.0,0.0,-0.0,30.0,-88.133,-88.0,-88.0,-8.0,0.0,-0.0,31.0,-100.0,-100.0,-100.0,0.0,0.0,-0.0,30.0,10.244,9.756,9.756,8.0,0.0,0.0,31.0,23.299,23.299,23.299,0.0,0.0,0.0,31.0
100.9563,1,rev,-90.0,11.9,-28.809,-90.0,-30.617,128.0,26.0,-2.17,34.0,-100.0,-100.0,-100.0,0.0,0.0,-0.0,31.0,-100.0,-100.0,-100.0,-16.0,0.0,-0.0,30.0,-88.133,-88.0,-88.0,-8.0,0.0,-0.0,31.0,-100.0,-100.0,-100.0,0.0,0.0,-0.0,30.0,10.244,9.756,9.756,8.0,0.0,0.0,31.0,23.299,23.299,23.299,0.0,0.0,0.0,31.0
101.0102,1,rev,-90.0,11.9,-29.169,-90.0,-30.83,128.0,26.0,-5.111,34.0,-100.0,-100.0,-100.0,0.0,0.0,-0.0,31.0,-100.0,-100.0,-100.0,-16.0,0.0,-0.0,30.0,-88.133,-88.0,-88.0,-8.0,0.0,-0.0,31.0,-100.0,-100.0,-100.0,0.0,0.0,-0.0,30.0,10.244,9.756,9.756,8.0,0.0,0.0,31.0,23.299,23.299,23.299,0.0,0.0,0.0,31.0
101.0633,1,rev,-90.0,11.9,-29.438,-90.0,-31.043,128.0,26.0,-4.926,34.0,-100.0,-100.0,-100.0,0.0,0.0,-0.0,31.0,-100.0,-100.0,-100.0,-16.0,0.0,-0.0,30.0,-88.133,-88.0,-88.0,-8.0,0.0,-0.0,31.0,-100.0,-100.0,-100.0,0.0,0.0,-0.0,30.0,10.244,9.756,9.756,8.0,0.0,0.0,31.0,23.299,23.299,23.299,0.0,0.0,0.0,31.0
101.1165,1,rev,-90.0,11.9,-29.528,-90.0,-31.285,136.0,33.0,-3.895,34.0,-100.0,-100.0,-100.0,0.0,0.0,-0.0,31.0,-100.0,-100.0,-100.0,-16.0,0.0,-0.0,30.0,-88.133,-88.0,-88.0,-8.0,0.0,-0.0,31.0,-100.0,-100.0,-100.0,0.0,0.0,-0.0,30.0,10.244,9.756,9.756,8.0,0.0,0.0,31.0,23.299,23.299,23.299,0.0,0.0,0.0,31.0
101.1689,1,rev,-90.0,11.9,-29.798,-90.0,-31.501,136.0,33.0,-4.575,34.0,-100.0,-100.0,-100.0,0.0,0.0,-0.0,31.0,-100.0,-100.0,-100.0,-16.0,0.0,-0.0,30.0,-88.133,-88.0,-88.0,-8.0,0.0,-0.0,31.0,-100.0,-100.0,-100.0,0.0,0.0,-0.0,30.0,10.244,9.756,9.756,8.0,0.0,0.0,31.0,23.299,23.299,23.299,0.0,0.0,0.0,31.0
101.2222,1,rev,-90.0,11.9,-29.978,-90.0,-31.715,136.0,33.0,-3.976,34.0,-100.0,-100.0,-100.0,0.0,0.0,-0.0,31.0,-100.0,-100.0,-100.0,-16.0,0.0,-0.0,30.0,-88.133,-88.0,-88.0,-8.0,0.0,-0.0,31.0,-100.0,-100.0,-100.0,0.0,0.0,-0.0,30.0,10.244,9.756,9.756,8.0,0.0,0.0,31.0,23.299,23.299,23.299,0.0,0.0,0.0,31.0
101.2752,1,rev,-90.0,11.9,-30.157,-90.0,-31.927,136.0,33.0,-3.674,34.0,-100.0,-100.0,-100.0,0.0,0.0,-0.0,31.0,-100.0,-100.0,-100.0,-16.0,0.0,-0.0,30.0,-88.133,-88.0,-88.0,-8.0,0.0,-0.0,31.0,-100.0,-100.0,-100.0,0.0,0.0,-0.0,30.0,10.244,9.756,9.756,8.0,0.0,0.0,31.0,23.299,23.299,23.299,0.0,0.0,0.0,31.0
101.3284,1,rev,-90.0,11.9,-30.247,-90.0,-32.139,136.0,33.0,-2.516,34.0,-100.0,-100.0,-100.0,0.0,0.0,-0.0,31.0,-100.0,-100.0,-100.0,-16.0,0.0,-0.0,30.0,-88.133,-88.0,-88.0,-8.0,0.0,-0.0,31.0,-100.0,-100.0,-100.0,0.0,0.0,-0.0,30.0,10.244,9.756,9.756,8.0,0.0,0.0,31.0,23.299,23.299,23.299,0.0,0.0,0.0,31.0
101.3814,1,rev,-90.0,11.9,-30.607,-90.0,-32.354,136.0,33.0,-4.949,34.0,-100.0,-100.0,-100.0,0.0,0.0,-0.0,31.0,-100.0,-100.0,-100.0,-16.0,0.0,-0.0,30.0,-88.133,-88.0,-88.0,-8.0,0.0,-0.0,31.0,-100.0,-100.0,-100.0,0.0,0.0,-0.0,30.0,10.244,9.756,9.756,8.0,0.0,0.0,31.0,23.299,23.299,23.299,0.0,0.0,0.0,31.0
101.4346,1,rev,-90.0,11.9,-30.876,-90.0,-32.568,136.0,33.0,-4.851,34.0,-100.0,-100.0,-100.0,0.0,0.0,-0.0,31.0,-100.0,-100.0,-100.0,-16.0,0.0,-0.0,30.0,-88.133,-88.0,-88.0,-8.0,0.0,-0.0,31.0,-100.0,-100.0,-100.0,0.0,0.0,-0.0,30.0,10.244,9.756,9.756,8.0,0.0,0.0,31.0,23.299,23.299,23.299,0.0,0.0,0.0,31.0
101.4874,1,rev,-90.0,11.9,-31.056,-90.0,-32.781,136.0,33.0,-4.096,34.0,-100.0,-100.0,-100.0,0.0,0.0,-0.0,31.0,-100.0,-100.0,-100.0,-16.0,0.0,-0.0,30.0,-88.133,-88.0,-88.0,-8.0,0.0,-0.0,31.0,-100.0,-100.0,-100.0,0.0,0.0,-0.0,30.0,10.244,9.756,9.756,8.0,0.0,0.0,31.0,23.299,23.299,23.299,0.0,0.0,0.0,31.0
101.5403,1,rev,-90.0,11.9,-31.326,-90.0,-32.994,136.0,33.0,-4.747,34.0,-100.0,-100.0,-100.0,0.0,0.0,-0.0,31.0,-100.0,-100.0,-100.0,-16.0,0.0,-0.0,30.0,-88.133,-88.0,-88.0,-8.0,0.0,-0.0,31.0,-100.0,-100.0,-100.0,0.0,0.0,-0.0,30.0,10.244,9.756,9.756,8.0,0.0,0.0,31.0,23.299,23.299,23.299,0.0,0.0,0.0,31.0
101.593,1,rev,-90.0,11.9,-31.506,-90.0,-33.207,136.0,33.0,-4.369,34.0,-100.0,-100.0,-100.0,0.0,0.0,-0.0,31.0,-100.0,-100.0,-100.0,-16.0,0.0,-0.0,30.0,-88.133,-88.0,-88.0,-8.0,0.0,-0.0,31.0,-100.0,-100.0,-100.0,0.0,0.0,-0.0,30.0,10.244,9.756,9.756,8.0,0.0,0.0,31.0,23.299,23.299,23.299,0.0,0.0,0.0,31.0
101.6458,1,rev,-90.0,11.9,-31.506,-90.0,-33.312,136.0,33.0,-3.058,34.0,-100.0,-100.0,-100.0,0.0,0.0,-0.0,31.0,-100.0,-100.0,-100.0,-16.0,0.0,-0.0,30.0,-88.133,-88.0,-88.0,-8.0,0.0,-0.0,31.0,-100.0,-100.0,-100.0,0.0,0.0,-0.0,30.0,10.244,9.756,9.756,8.0,0.0,0.0,31.0,23.299,23.299,23.299,0.0,0.0,0.0,31.0
101.698,1,rev,-90.0,11.9,-31.685,-90.0,-33.656,144.0,34.0,-3.047,34.0,-100.0,-100.0,-100.0,0.0,0.0,-0.0,31.0,-100.0,-100.0,-100.0,-16.0,1.0,-0.0,30.0,-88.133,-88.0,-88.0,-8.0,0.0,-0.0,31.0,-100.0,-100.0,-100.0,0.0,0.0,-0.0,30.0,10.244,9.756,9.756,8.0,0.0,0.0,31.0,23.299,23.299,23.299,0.0,0.0,0.0,31.0
101.7515,1,rev,-90.0,11.9,-31.955,-90.0,-33.871,144.0,34.0,-4.209,34.0,-100.0,-100.0,-100.0,0.0,0.0,-0.0,31.0,-100.0,-100.0,-100.0,-16.0,1.0,-0.0,30.0,-88.133,-88.0,-88.0,-8.0,0.0,-0.0,31.0,-100.0,-100.0,-100.0,0.0,0.0,-0.0,30.0,10.244,9.756,9.756,8.0,0.0,0.0,31.0,23.299,23.299,23.299,0.0,0.0,0.0,31.0
101.804,1,rev,-90.0,11.9,-32.315,-90.0,-33.979,144.0,34.0,-5.781,34.0,-100.0,-100.0,-100.0,0.0,0.0,-0.0,31.0,-100.0,-100.0,-100.0,-16.0,1.0,-0.0,30.0,-88.267,-88.0,-88.0,-8.0,0.0,-1.491,31.0,-100.0,-100.0,-100.0,0.0,0.0,-0.0,30.0,10.244,9.756,9.756,8.0,0.0,0.0,31.0,23.299,23.299,23.299,0.0,0.0,0.0,31.0
101.8572,1,rev,-90.0,11.9,-32.404,-90.0,-34.2,144.0,34.0,-3.497,34.0,-100.0,-100.0,-100.0,0.0,0.0,-0.0,31.0,-100.0,-100.0,-100.0,-16.0,1.0,-0.0,30.0,-88.267,-88.0,-88.0,-8.0,0.0,-0.731,31.0,-100.0,-100.0,-100.0,0.0,0.0,-0.0,30.0,10.244,9.756,9.756,8.0,0.0,0.0,31.0,23.299,23.299,23.299,0.0,0.0,0.0,31.0
101.9101,1,rev,-90.0,11.9,-32.494,-90.0,-34.413,144.0,34.0,-2.415,34.0,-100.0,-100.0,-100.0,0.0,0.0,-0.0,31.0,-100.0,-100.0,-100.0,-16.0,1.0,-0.0,30.0,-88.267,-88.0,-88.0,-8.0,0.0,-0.358,31.0,-100.0,-100.0,-100.0,0.0,0.0,-0.0,30.0,10.244,9.756,9.756,8.0,0.0,0.0,31.0,23.299,23.299,23.299,0.0,0.0,0.0,31.0
101.9632,1,rev,-90.0,11.9,-32.854,-90.0,-34.625,144.0,34.0,-4.324,34.0,-100.0,-100.0,-100.0,0.0,0.0,-0.0,31.0,-100.0,-100.0,-100.0,-16.0,1.0,-0.0,30.0,-88.267,-88.0,-88.0,-8.0,0.0,-0.175,31.0,-100.0,-100.0,-100.0,0.0,0.0,-0.0,30.0,10.244,9.756,9.756,8.0,0.0,0.0,31.0,23.299,23.299,23.299,0.0,0.0,0.0,31.0
102.0173,1,rev,-90.0,11.9,-32.944,-90.0,-34.842,144.0,34.0,-2.809,34.0,-100.0,-100.0,-100.0,0.0,0.0,-0.0,31.0,-100.0,-100.0,-100.0,-16.0,1.0,-0.0,30.0,-88.267,-88.0,-88.0,-8.0,0.0,-0.086,31.0,-100.0,-100.0,-100.0,0.0,0.0,-0.0,30.0,10.244,9.756,9.756,8.0,0.0,0.0,31.0,23.299,23.299,23.299,0.0,0.0,0.0,31.0
102.0707,1,rev,-90.0,11.9,-33.124,-90.0,-35.056,144.0,34.0,-3.089,34.0,-100.0,-100.0,-100.0,0.0,0.0,-0.0,31.0,-100.0,-100.0,-100.0,-16.0,1.0,-0.0,30.0,-88.267,-88.0,-88.0,-8.0,0.0,-0.042,31.0,-100.0,-100.0,-100.0,0.0,0.0,-0.0,30.0,10.244,9.756,9.756,8.0,0.0,0.0,31.0,23.299,23.299,23.299,0.0,0.0,0.0,31.0
102.123,1,rev,-90.0,11.9,-33.393,-90.0,-35.27,144.0,34.0,-4.243,34.0,-100.0,-100.0,-100.0,0.0,0.0,-0.0,31.0,-100.0,-100.0,-100.0,-16.0,1.0,-0.0,30.0,-88.267,-88.0,-88.0,-8.0,0.0,-0.021,31.0,-100.0,-100.0,-100.0,0.0,0.0,-0.0,30.0,10.244,9.756,9.756,8.0,0.0,0.0,31.0,23.299,23.299,23.299,0.0,0.0,0.0,31.0
102.1767,1,rev,-90.0,11.9,-33.753,-90.0,-35.483,144.0,34.0,-5.495,34.0,-99.82,-100.0,-100.0,0.0,0.0,1.423,31.0,-100.0,-100.0,-100.0,-16.0,1.0,-0.0,30.0,-88.267,-88.0,-88.0,-8.0,0.0,-0.01,31.0,-100.0,-100.0,-100.0,0.0,0.0,-0.0,30.0,10.244,9.756,9.756,8.0,0.0,0.0,31.0,23.299,23.299,23.299,0.0,0.0,0.0,31.0
102.2301,1,rev,-90.0,11.9,-33.843,-90.0,-35.591,156.0,41.0,-4.853,34.0,-100.0,-100.0,-100.0,0.0,0.0,-1.021,31.0,-100.0,-100.0,-100.0,-16.0,0.0,-0.0,30.0,-88.267,-88.0,-88.0,-16.0,0.0,-0.007,31.0,-100.0,-100.0,-100.0,0.0,0.0,-0.0,30.0,10.244,9.756,9.756,8.0,0.0,0.0,31.0,23.299,23.299,23.299,0.0,0.0,0.0,31.0
102.2832,1,rev,-90.0,11.9,-34.022,-90.0,-35.926,156.0,41.0,-3.725,34.0,-100.0,-100.0,-100.0,0.0,0.0,-0.5,31.0,-100.0,-100.0,-100.0,-16.0,0.0,-0.0,30.0,-88.267,-88.0,-88.0,-16.0,0.0,-0.003,31.0,-100.0,-100.0,-100.0,0.0,0.0,-0.0,30.0,10.244,9.756,9.756,8.0,0.0,0.0,31.0,23.299,23.299,23.299,0.0,0.0,0.0,31.0
102.3358,1,rev,-90.0,11.9,-34.292,-90.0,-36.139,156.0,41.0,-4.246,34.0,-100.0,-100.0,-100.0,0.0,0.0,-0.245,31.0,-100.0,-100.0,-100.0,-16.0,0.0,-0.0,30.0,-88.267,-88.0,-88.0,-16.0,0.0,-0.002,31.0,-100.0,-100.0,-100.0,0.0,0.0,-0.0,30.0,10.244,9.756,9.756,8.0,0.0,0.0,31.0,23.299,23.299,23.299,0.0,0.0,0.0,31.0
102.3879,1,rev,-90.0,11.9,-34.472,-90.0,-36.354,156.0,41.0,-3.794,34.0,-100.0,-100.0,-100.0,0.0,0.0,-0.12,31.0,-100.0,-100.0,-100.0,-16.0,0.0,-0.0,30.0,-88.267,-88.0,-88.0,-16.0,0.0,-0.001,31.0,-100.0,-100.0,-100.0,0.0,0.0,-0.0,30.0,10.244,9.756,9.756,8.0,0.0,0.0,31.0,23.299,23.299,23.299,0.0,0.0,0.0,31.0
102.44,1,rev,-90.0,11.9,-34.562,-90.0,-36.567,156.0,41.0,-2.566,34.0,-100.0,-100.0,-100.0,0.0,0.0,-0.059,31.0,-100.0,-100.0,-100.0,-16.0,0.0,-0.0,30.0,-88.267,-88.0,-88.0,-16.0,0.0,-0.0,31.0,-100.0,-100.0,-100.0,0.0,0.0,-0.0,30.0,10.244,9.756,9.756,8.0,0.0,0.0,31.0,23.299,23.299,23.299,0.0,0.0,0.0,31.0
102.4934,1,rev,-90.0,11.9,-34.921,-90.0,-36.782,156.0,41.0,-4.991,34.0,-100.0,-100.0,-100.0,0.0,0.0,-0.029,31.0,-100.0,-100.0,-100.0,-16.0,0.0,-0.0,30.0,-88.267,-88.0,-88.0,-16.0,0.0,-0.0,31.0,-100.0,-100.0,-100.0,0.0,0.0,-0.0,30.0,10.244,9.756,9.756,8.0,0.0,0.0,31.0,23.299,23.299,23.299,0.0,0.0,0.0,31.0
102.5466,1,rev,-90.0,11.9,-35.191,-90.0,-36.996,156.0,41.0,-4.871,34.0,-100.0,-100.0,-100.0,0.0,0.0,-0.014,31.0,-100.0,-100.0,-100.0,-16.0,0.0,-0.0,30.0,-88.267,-88.0,-88.0,-16.0,0.0,-0.0,31.0,-100.0,-100.0,-100.0,0.0,0.0,-0.0,30.0,10.244,9.756,9.756,8.0,0.0,0.0,31.0,23.299,23.299,23.299,0.0,0.0,0.0,31.0
102.5989,1,rev,-90.0,11.9,-35.371,-90.0,-37.209,156.0,41.0,-4.11,34.0,-100.0,-100.0,-100.0,0.0,0.0,-0.007,31.0,-100.0,-100.0,-100.0,-16.0,0.0,-0.0,30.0,-88.267,-88.0,-88.0,-16.0,0.0,-0.0,31.0,-100.0,-100.0,-100.0,0.0,0.0,-0.0,30.0,10.244,9.756,9.756,8.0,0.0,0.0,31.0,23.299,23.299,23.299,0.0,0.0,0.0,31.0
102.6527,1,rev,-90.0,11.9,-35.461,-90.0,-37.424,156.0,41.0,-2.707,34.0,-100.0,-100.0,-100.0,0.0,0.0,-0.003,31.0,-100.0,-100.0,-100.0,-16.0,0.0,-0.0,30.0,-88.267,-88.0,-88.0,-16.0,0.0,-0.0,31.0,-100.0,-100.0,-100.0,0.0,0.0,-0.0,30.0,10.244,9.756,9.756,8.0,0.0,0.0,31.0,23.299,23.299,23.299,0.0,0.0,0.0,31.0
102.7052,1,rev,-90.0,11.9,-35.73,-90.0,-37.64,156.0,41.0,-4.014,34.0,-100.0,-100.0,-100.0,0.0,0.0,-0.002,31.0,-100.0,-100.0,-100.0,-16.0,0.0,-0.0,30.0,-88.267,-88.0,-88.0,-16.0,0.0,-0.0,31.0,-100.0,-100.0,-100.0,0.0,0.0,-0.0,30.0,10.244,9.756,9.756,8.0,0.0,0.0,31.0,23.299,23.299,23.299,0.0,0.0,0.0,31.0
102.7587,1,rev,-90.0,11.9,-35.91,-90.0,-37.856,156.0,41.0,-3.666,34.0,-100.0,-100.0,-100.0,0.0,0.0,-0.001,31.0,-100.0,-100.0,-100.0,-16.0,0.0,-0.0,30.0,-88.267,-88.0,-88.0,-16.0,0.0,-0.0,31.0,-100.0,-100.0,-100.0,0.0,0.0,-0.0,30.0,10.244,9.756,9.756,8.0,0.0,0.0,31.0,23.299,23.299,23.299,0.0,0.0,0.0,31.0
102.8122,1,rev,-90.0,11.9,-35.91,-90.0,-38.094,172.0,52.0,-3.666,34.0,-100.0,-100.0,-100.0,0.0,0.0,-0.001,31.0,-100.0,-100.0,-100.0,-16.0,0.0,-0.0,30.0,-88.267,-88.0,-88.0,-16.0,0.0,-0.0,31.0,-100.0,-100.0,-100.0,0.0,0.0,-0.0,30.0,10.244,9.756,9.756,8.0,0.0,0.0,31.0,23.299,23.299,23.299,0.0,0.0,0.0,31.0
102.8658,1,rev,-90.0,11.9,-36.09,-90.0,-38.32,172.0,52.0,-3.117,34.0,-100.0,-100.0,-100.0,0.0,0.0,-1.43,31.0,-100.0,-100.0,-100.0,-16.0,0.0,-0.0,30.0,-88.267,-88.0,-88.0,-16.0,0.0,-0.0,31.0,-100.0,-100.0,-100.0,0.0,0.0,-0.0,30.0,10.244,9.756,9.756,8.0,0.0,0.0,31.0,23.299,23.299,23.299,0.0,0.0,0.0,31.0
102.9194,1,rev,-90.0,11.9,-36.629,-90.0,-38.437,172.0,52.0,-6.086,34.0,-100.0,-100.0,-100.0,0.0,0.0,-0.701,31.0,-100.0,-100.0,-100.0,-16.0,0.0,-0.0,30.0,-88.267,-88.0,-88.0,-16.0,0.0,-0.0,31.0,-100.0,-100.0,-100.0,0.0,0.0,-0.0,30.0,10.244,9.756,9.756,8.0,0.0,0.0,31.0,23.299,23.299,23.299,0.0,0.0,0.0,31.0
102.9719,1,rev,-90.0,11.9,-36.809,-90.0,-38.664,172.0,52.0,-4.241,34.0,-100.0,-100.0,-100.0,0.0,0.0,-0.343,31.0,-100.0,-100.0,-100.0,-16.0,0.0,-0.0,30.0,-88.267,-88.0,-88.0,-16.0,0.0,-0.0,31.0,-100.0,-100.0,-100.0,0.0,0.0,-0.0,30.0,10.244,9.756,9.756,8.0,0.0,0.0,31.0,23.299,23.299,23.299,0.0,0.0,0.0,31.0
103.0249,1,rev,-90.0,11.9,-36.899,-90.0,-38.879,172.0,52.0,-2.78,34.0,-100.0,-100.0,-100.0,0.0,0.0,-0.168,31.0,-100.0,-100.0,-100.0,-16.0,0.0,-0.0,30.0,-88.267,-88.0,-88.0,-16.0,0.0,-0.0,31.0,-100.0,-100.0,-100.0,0.0,0.0,-0.0,30.0,10.244,9.756,9.756,8.0,0.0,0.0,31.0,23.299,23.299,23.299,0.0,0.0,0.0,31.0
103.0768,1,rev,-90.0,11.9,-37.169,-90.0,-39.091,172.0,52.0,-3.776,34.0,-100.0,-100.0,-100.0,0.0,0.0,-0.082,31.0,-100.0,-100.0,-100.0,-16.0,0.0,-0.0,30.0,-88.267,-88.0,-88.0,-16.0,0.0,-0.0,31.0,-100.0,-100.0,-100.0,0.0,0.0,-0.0,30.0,10.244,9.756,9.756,8.0,0.0,0.0,31.0,23.299,23.299,23.299,0.0,0.0,0.0,31.0
103.1301,1,rev,-90.0,11.9,-37.348,-90.0,-39.306,172.0,52.0,-3.577,34.0,-100.0,-100.0,-100.0,0.0,0.0,-0.04,31.0,-100.0,-100.0,-100.0,-16.0,0.0,-0.0,30.0,-88.267,-88.0,-88.0,-16.0,0.0,-0.0,31.0,-100.0,-100.0,-100.0,0.0,0.0,-0.0,30.0,10.244,9.756,9.756,8.0,0.0,0.0,31.0,23.299,23.299,23.299,0.0,0.0,0.0,31.0
103.1832,1,rev,-90.0,11.9,-37.438,-90.0,-39.523,172.0,52.0,-2.757,34.0,-100.0,-100.0,-100.0,0.0,0.0,-0.02,31.0,-100.0,-100.0,-100.0,-16.0,0.0,-0.0,30.0,-88.267,-88.0,-88.0,-16.0,0.0,-0.0,31.0,-100.0,-100.0,-100.0,0.0,0.0,-0.0,30.0,10.244,9.756,9.756,8.0,0.0,0.0,31.0,23.299,23.299,23.299,0.0,0.0,0.0,31.0
103.2358,1,rev,-90.0,11.9,-37.618,-90.0,-39.741,172.0,52.0,-3.048,34.0,-100.0,-100.0,-100.0,0.0,0.0,-0.01,31.0,-100.0,-100.0,-100.0,-16.0,0.0,-0.0,30.0,-88.267,-88.0,-88.0,-16.0,0.0,-0.0,31.0,-100.0,-100.0,-100.0,0.0,0.0,-0.0,30.0,10.244,9.756,9.756,8.0,0.0,0.0,31.0,23.299,23.299,23.299,0.0,0.0,0.0,31.0
103.289,1,rev,-90.0,11.9,-37.978,-90.0,-39.955,172.0,52.0,-4.927,34.0,-99.82,-100.0,-100.0,0.0,0.0,2.028,31.0,-100.0,-100.0,-100.0,-16.0,0.0,-0.0,30.0,-88.267,-88.0,-88.0,-16.0,0.0,-0.0,31.0,-100.0,-100.0,-100.0,0.0,0.0,-0.0,30.0,10.244,9.756,9.756,8.0,0.0,0.0,31.0,23.299,23.299,23.299,0.0,0.0,0.0,31.0
103.3423,1,rev,-90.0,11.9,-38.157,-90.0,-40.168,172.0,52.0,-3.834,34.0,-100.0,-100.0,-100.0,0.0,0.0,-0.43,31.0,-100.0,-100.0,-100.0,-16.0,0.0,-0.0,30.0,-88.267,-88.0,-88.0,-16.0,0.0,-0.0,31.0,-100.0,-100.0,-100.0,0.0,0.0,-0.0,30.0,10.244,9.756,9.756,8.0,0.0,0.0,31.0,23.299,23.299,23.299,0.0,0.0,0.0,31.0
103.3957,1,rev,-90.0,11.8,-38.247,-90.0,-40.408,168.0,50.0,-3.13,34.0,-100.0,-100.0,-100.0,0.0,0.0,-0.301,31.0,-100.0,-100.0,-100.0,-16.0,0.0,-0.0,30.0,-88.267,-88.0,-88.0,-16.0,0.0,-0.0,31.0,-100.0,-100.0,-100.0,0.0,0.0,-0.0,30.0,10.244,9.756,9.756,8.0,0.0,0.0,31.0,23.299,23.299,23.299,0.0,0.0,0.0,31.0
103.4498,1,rev,-90.0,11.8,-38.607,-90.0,-40.623,168.0,50.0,-5.245,34.0,-100.0,-100.0,-100.0,0.0,0.0,-0.147,31.0,-100.0,-100.0,-100.0,-16.0,0.0,-0.0,30.0,-88.267,-88.0,-88.0,-16.0,0.0,-0.0,31.0,-100.0,-100.0,-100.0,0.0,0.0,-0.0,30.0,10.244,9.756,9.756,8.0,0.0,0.0,31.0,23.299,23.299,23.299,0.0,0.0,0.0,31.0
103.5019,1,rev,-90.0,11.8,-38.787,-90.0,-40.843,168.0,50.0,-4.254,34.0,-100.0,-100.0,-100.0,0.0,0.0,-0.072,31.0,-100.0,-100.0,-100.0,-16.0,0.0,-0.0,30.0,-88.267,-88.0,-88.0,-16.0,0.0,-0.0,31.0,-100.0,-100.0,-100.0,0.0,0.0,-0.0,30.0,10.244,9.756,9.756,8.0,0.0,0.0,31.0,23.299,23.299,23.299,0.0,0.0,0.0,31.0
103.5548,1,rev,-90.0,11.8,-38.876,-90.0,-41.056,168.0,50.0,-3.093,34.0,-100.0,-100.0,-100.0,0.0,0.0,-0.035,31.0,-100.0,-100.0,-100.0,-16.0,0.0,-0.0,30.0,-88.267,-88.0,-88.0,-16.0,0.0,-0.0,31.0,-100.0,-100.0,-100.0,0.0,0.0,-0.0,30.0,10.244,9.756,9.756,8.0,0.0,0.0,31.0,23.299,23.299,23.299,0.0,0.0,0.0,31.0
103.6077,1,rev,-90.0,11.8,-39.056,-90.0,-41.269,168.0,50.0,-3.252,34.0,-100.0,-100.0,-100.0,0.0,0.0,-0.017,31.0,-100.0,-100.0,-100.0,-16.0,0.0,-0.0,30.0,-88.267,-88.0,-88.0,-16.0,0.0,-0.0,31.0,-100.0,-100.0,-100.0,0.0,0.0,-0.0,30.0,10.244,9.756,9.756,8.0,0.0,0.0,31.0,23.299,23.299,23.299,0.0,0.0,0.0,31.0
103.6607,1,rev,-90.0,11.8,-39.326,-90.0,-41.483,168.0,50.0,-5.25,34.0,-100.0,-100.0,-100.0,0.0,0.0,-0.012,31.0,-100.0,-100.0,-100.0,-16.0,0.0,-0.0,30.0,-88.267,-88.0,-88.0,-16.0,0.0,-0.0,31.0,-100.0,-100.0,-100.0,0.0,0.0,-0.0,30.0,10.244,9.756,9.756,8.0,0.0,0.0,31.0,23.299,23.299,23.299,0.0,0.0,0.0,31.0
103.7141,1,rev,-90.0,11.8,-39.596,-90.0,-41.711,168.0,50.0,-4.845,34.0,-100.0,-100.0,-100.0,0.0,0.0,-0.742,31.0,-100.0,-100.0,-100.0,-16.0,0.0,-0.0,30.0,-88.267,-88.0,-88.0,-16.0,0.0,-0.0,31.0,-100.0,-100.0,-100.0,0.0,0.0,-0.0,30.0,10.244,9.756,9.756,8.0,0.0,0.0,31.0,23.299,23.299,23.299,0.0,0.0,0.0,31.0
103.7678,1,rev,-90.0,11.8,-39.775,-90.0,-41.937,168.0,50.0,-4.011,34.0,-100.0,-100.0,-100.0,0.0,0.0,-0.363,31.0,-100.0,-100.0,-100.0,-16.0,0.0,-0.0,30.0,-88.267,-88.0,-88.0,-16.0,0.0,-0.0,31.0,-100.0,-100.0,-100.0,0.0,0.0,-0.0,30.0,10.244,9.756,9.756,8.0,0.0,0.0,31.0,23.299,23.299,23.299,0.0,0.0,0.0,31.0
103.8213,1,rev,-90.0,11.8,-39.775,-90.0,-42.057,168.0,50.0,-1.966,34.0,-100.0,-100.0,-100.0,0.0,0.0,-0.178,31.0,-100.0,-100.0,-100.0,-16.0,0.0,-0.0,30.0,-88.267,-88.0,-88.0,-16.0,0.0,-0.0,31.0,-100.0,-100.0,-100.0,0.0,0.0,-0.0,30.0,10.244,9.756,9.756,8.0,0.0,0.0,31.0,23.299,23.299,23.299,0.0,0.0,0.0,31.0
103.8739,1,rev,-90.0,11.8,-40.135,-90.0,-42.271,168.0,50.0,-4.089,34.0,-100.0,-100.0,-100.0,0.0,0.0,-0.087,31.0,-100.0,-100.0,-100.0,-16.0,0.0,-0.0,30.0,-88.267,-88.0,-88.0,-16.0,0.0,-0.0,31.0,-100.0,-100.0,-100.0,0.0,0.0,-0.0,30.0,10.244,9.756,9.756,8.0,0.0,0.0,31.0,23.299,23.299,23.299,0.0,0.0,0.0,31.0
103.9259,1,rev,-90.0,11.8,-40.225,-90.0,-42.487,168.0,50.0,-2.702,34.0,-100.0,-100.0,-100.0,0.0,0.0,-0.043,31.0,-100.0,-100.0,-100.0,-16.0,0.0,-0.0,30.0,-88.267,-88.0,-88.0,-16.0,0.0,-0.0,31.0,-100.0,-100.0,-100.0,0.0,0.0,-0.0,30.0,10.244,9.756,9.756,8.0,0.0,0.0,31.0,23.299,23.299,23.299,0.0,0.0,0.0,31.0
103.9779,1,rev,-90.0,11.8,-40.584,-90.0,-42.722,196.0,64.0,-3.722,34.0,-99.82,-100.0,-100.0,0.0,0.0,0.888,31.0,-100.0,-100.0,-100.0,-16.0,0.0,-0.0,30.0,-88.267,-88.0,-88.0,-16.0,1.0,-0.0,31.0,-100.0,-100.0,-100.0,0.0,0.0,-0.0,30.0,10.244,9.756,9.756,8.0,0.0,0.0,31.0,23.299,23.299,23.299,0.0,0.0,0.0,31.0
104.0317,1,rev,-90.0,11.8,-40.944,-90.0,-42.935,196.0,64.0,-5.589,34.0,-100.0,-100.0,-100.0,0.0,0.0,-0.988,31.0,-100.0,-100.0,-100.0,-16.0,0.0,-0.0,30.0,-88.267,-88.0,-88.0,-16.0,1.0,-0.0,31.0,-100.0,-100.0,-100.0,0.0,0.0,-0.0,30.0,10.244,9.756,9.756,8.0,0.0,0.0,31.0,23.299,23.299,23.299,0.0,0.0,0.0,31.0
104.0847,1,rev,-90.0,11.8,-41.124,-90.0,-43.147,196.0,64.0,-4.154,34.0,-100.0,-100.0,-100.0,0.0,0.0,-0.484,31.0,-100.0,-100.0,-100.0,-16.0,0.0,-0.0,30.0,-88.267,-88.0,-88.0,-16.0,1.0,-0.0,31.0,-100.0,-100.0,-100.0,0.0,0.0,-0.0,30.0,10.244,9.756,9.756,8.0,0.0,0.0,31.0,23.299,23.299,23.299,0.0,0.0,0.0,31.0
104.1368,1,rev,-90.0,11.8,-41.393,-90.0,-43.364,196.0,64.0,-4.731,34.0,-100.0,-100.0,-100.0,0.0,0.0,-0.237,31.0,-100.0,-100.0,-100.0,-16.0,0.0,-0.0,30.0,-88.267,-88.0,-88.0,-16.0,1.0,-0.0,31.0,-100.0,-100.0,-100.0,0.0,0.0,-0.0,30.0,10.244,9.756,9.756,8.0,0.0,0.0,31.0,23.299,23.299,23.299,0.0,0.0,0.0,31.0
104.1901,1,rev,-90.0,11.8,-41.483,-90.0,-43.579,196.0,64.0,-3.313,34.0,-100.0,-100.0,-100.0,0.0,0.0,-0.116,31.0,-100.0,-100.0,-100.0,-16.0,0.0,-0.0,30.0,-88.267,-88.0,-88.0,-16.0,1.0,-0.0,31.0,-100.0,-100.0,-100.0,0.0,0.0,-0.0,30.0,10.244,9.756,9.756,8.0,0.0,0.0,31.0,23.299,23.299,23.299,0.0,0.0,0.0,31.0
104.2434,1,rev,-90.0,11.8,-41.663,-90.0,-43.796,196.0,64.0,-3.327,34.0,-100.0,-100.0,-100.0,0.0,0.0,-0.057,31.0,-100.0,-100.0,-100.0,-16.0,0.0,-0.0,30.0,-88.267,-88.0,-88.0,-16.0,1.0,-0.0,31.0,-100.0,-100.0,-100.0,0.0,0.0,-0.0,30.0,10.244,9.756,9.756,8.0,0.0,0.0,31.0,23.299,23.299,23.299,0.0,0.0,0.0,31.0
104.2968,1,rev,-90.0,11.8,-41.753,-90.0,-44.01,196.0,64.0,-2.648,34.0,-100.0,-100.0,-100.0,0.0,0.0,-0.648,31.0,-100.0,-100.0,-100.0,-16.0,0.0,-0.0,30.0,-88.267,-88.0,-88.0,-16.0,1.0,-0.0,31.0,-100.0,-100.0,-100.0,0.0,0.0,-0.0,30.0,10.244,9.756,9.756,8.0,0.0,0.0,31.0,23.299,23.299,23.299,0.0,0.0,0.0,31.0
104.3489,1,rev,-90.0,11.8,-41.933,-90.0,-44.226,196.0,64.0,-2.992,34.0,-100.0,-100.0,-100.0,0.0,0.0,-0.318,31.0,-100.0,-100.0,-100.0,-16.0,0.0,-0.0,30.0,-88.267,-88.0,-88.0,-16.0,1.0,-0.0,31.0,-100.0,-100.0,-100.0,0.0,0.0,-0.0,30.0,10.244,9.756,9.756,8.0,0.0,0.0,31.0,23.299,23.299,23.299,0.0,0.0,0.0,31.0
104.4022,1,rev,-90.0,11.8,-42.292,-90.0,-44.442,196.0,64.0,-4.565,34.0,-100.0,-100.0,-100.0,0.0,0.0,-0.156,31.0,-100.0,-100.0,-100.0,-16.0,0.0,-0.0,30.0,-88.267,-88.0,-88.0,-16.0,1.0,-0.0,31.0,-100.0,-100.0,-100.0,0.0,0.0,-0.0,30.0,10.244,9.756,9.756,8.0,0.0,0.0,31.0,23.299,23.299,23.299,0.0,0.0,0.0,31.0
104.4553,1,rev,-90.0,11.8,-42.562,-90.0,-44.658,196.0,64.0,-4.643,34.0,-100.0,-100.0,-100.0,0.0,0.0,-0.076,31.0,-100.0,-100.0,-100.0,-16.0,0.0,-0.0,30.0,-88.267,-88.0,-88.0,-16.0,1.0,-0.0,31.0,-100.0,-100.0,-100.0,0.0,0.0,-0.0,30.0,10.244,9.756,9.756,8.0,0.0,0.0,31.0,23.299,23.299,23.299,0.0,0.0,0.0,31.0
104.5087,1,rev,-90.0,11.8,-42.562,-90.0,-44.765,196.0,64.0,-3.25,34.0,-100.0,-100.0,-100.0,0.0,0.0,-0.053,31.0,-100.0,-100.0,-100.0,-16.0,0.0,-0.0,30.0,-88.267,-88.0,-88.0,-16.0,1.0,-0.0,31.0,-100.0,-100.0,-100.0,0.0,0.0,-0.0,30.0,10.244,9.756,9.756,8.0,0.0,0.0,31.0,23.299,23.299,23.299,0.0,0.0,0.0,31.0
104.5621,1,rev,-90.0,11.8,-42.831,-90.0,-45.112,196.0,65.0,-3.629,34.0,-100.0,-100.0,-100.0,0.0,0.0,-0.037,31.0,-100.0,-100.0,-100.0,-16.0,0.0,-0.0,30.0,-88.267,-88.0,-88.0,-16.0,0.0,-0.0,31.0,-100.0,-100.0,-100.0,-8.0,0.0,-0.0,30.0,10.244,9.756,9.756,8.0,0.0,0.0,31.0,23.299,23.299,23.299,0.0,0.0,0.0,31.0
104.6155,1,rev,-90.0,11.8,-43.101,-90.0,-45.328,196.0,65.0,-4.821,34.0,-99.82,-100.0,-100.0,0.0,0.0,1.379,31.0,-100.0,-100.0,-100.0,-16.0,0.0,-0.0,30.0,-88.267,-88.0,-88.0,-16.0,0.0,-0.0,31.0,-100.0,-100.0,-100.0,-8.0,0.0,-0.0,30.0,10.244,9.756,9.756,8.0,0.0,0.0,31.0,23.299,23.299,23.299,0.0,0.0,0.0,31.0
104.6692,1,rev,-90.0,11.8,-43.191,-90.0,-45.447,196.0,65.0,-3.369,34.0,-100.0,-100.0,-100.0,0.0,0.0,-0.578,31.0,-100.0,-100.0,-100.0,-16.0,0.0,-0.0,30.0,-88.267,-88.0,-88.0,-16.0,0.0,-0.0,31.0,-100.0,-100.0,-100.0,-8.0,0.0,-0.0,30.0,10.244,9.756,9.756,8.0,0.0,0.0,31.0,23.299,23.299,23.299,0.0,0.0,0.0,31.0
104.7222,1,rev,-90.0,11.8,-43.281,-90.0,-45.663,196.0,65.0,-2.341,34.0,-100.0,-100.0,-100.0,0.0,0.0,-0.283,31.0,-100.0,-100.0,-100.0,-16.0,0.0,-0.0,30.0,-88.267,-88.0,-88.0,-16.0,0.0,-0.0,31.0,-100.0,-100.0,-100.0,-8.0,0.0,-0.0,30.0,10.244,9.756,9.756,8.0,0.0,0.0,31.0,23.299,23.299,23.299,0.0,0.0,0.0,31.0
104.7754,1,rev,-90.0,11.8,-43.82,-90.0,-45.877,196.0,65.0,-5.978,34.0,-100.0,-100.0,-100.0,0.0,0.0,-0.139,31.0,-100.0,-100.0,-100.0,-16.0,0.0,-0.0,30.0,-88.267,-88.0,-88.0,-16.0,0.0,-0.0,31.0,-100.0,-100.0,-100.0,-8.0,0.0,-0.0,30.0,10.244,9.756,9.756,8.0,0.0,0.0,31.0,23.299,23.299,23.299,0.0,0.0,0.0,31.0
104.8289,1,rev,-90.0,11.8,-44.0,-90.0,-46.091,196.0,65.0,-4.651,34.0,-100.0,-100.0,-100.0,0.0,0.0,-0.068,31.0,-100.0,-100.0,-100.0,-16.0,0.0,-0.0,30.0,-88.267,-88.0,-88.0,-16.0,0.0,-0.0,31.0,-100.0,-100.0,-100.0,-8.0,0.0,-0.0,30.0,10.244,9.756,9.756,8.0,0.0,0.0,31.0,23.299,23.299,23.299,0.0,0.0,0.0,31.0
104.8823,1,rev,-90.0,11.8,-44.18,-90.0,-46.304,196.0,65.0,-4.006,34.0,-100.0,-100.0,-100.0,0.0,0.0,-0.033,31.0,-100.0,-100.0,-100.0,-16.0,0.0,-0.0,30.0,-88.267,-88.0,-88.0,-16.0,0.0,-0.0,31.0,-100.0,-100.0,-100.0,-8.0,0.0,-0.0,30.0,10.244,9.756,9.756,8.0,0.0,0.0,31.0,23.299,23.299,23.299,0.0,0.0,0.0,31.0
104.9357,1,rev,-90.0,11.8,-44.36,-90.0,-46.517,196.0,65.0,-3.38,34.0,-99.82,-100.0,-100.0,0.0,0.0,1.403,31.0,-100.0,-100.0,-100.0,-16.0,0.0,-0.0,30.0,-88.267,-88.0,-88.0,-16.0,0.0,-0.0,31.0,-100.0,-100.0,-100.0,-8.0,0.0,-0.0,30.0,10.244,9.756,9.756,8.0,0.0,0.0,31.0,23.299,23.299,23.299,0.0,0.0,0.0,31.0
104.988,1,rev,-90.0,11.8,-44.539,-90.0,-46.73,196.0,65.0,-3.37,34.0,-100.0,-100.0,-100.0,0.0,0.0,-0.731,31.0,-100.0,-100.0,-100.0,-16.0,0.0,-0.0,30.0,-88.267,-88.0,-88.0,-16.0,0.0,-0.0,31.0,-100.0,-100.0,-100.0,-8.0,0.0,-0.0,30.0,10.244,9.756,9.756,8.0,0.0,0.0,31.0,23.299,23.299,23.299,0.0,0.0,0.0,31.0
105.0424,1,rev,-90.0,11.8,-44.629,-90.0,-46.945,196.0,65.0,-2.657,34.0,-100.0,-100.0,-100.0,0.0,0.0,-0.358,31.0,-100.0,-100.0,-100.0,-16.0,0.0,-0.0,30.0,-88.267,-88.0,-88.0,-16.0,0.0,-0.0,31.0,-100.0,-100.0,-100.0,-8.0,0.0,-0.0,30.0,10.244,9.756,9.756,8.0,0.0,0.0,31.0,23.299,23.299,23.299,0.0,0.0,0.0,31.0
105.0952,1,rev,-90.0,11.8,-44.719,-90.0,-47.052,204.0,74.0,-2.874,34.0,-100.0,-100.0,-100.0,0.0,0.0,-0.251,31.0,-100.0,-100.0,-100.0,-16.0,0.0,-0.0,30.0,-88.267,-88.0,-88.0,-16.0,0.0,-0.0,31.0,-100.0,-100.0,-100.0,0.0,0.0,-0.0,30.0,10.244,9.756,9.756,8.0,0.0,0.0,31.0,23.299,23.299,23.299,0.0,0.0,0.0,31.0
105.1482,1,rev,-90.0,11.8,-44.989,-90.0,-47.387,204.0,74.0,-4.446,34.0,-99.82,-100.0,-100.0,0.0,0.0,1.907,31.0,-100.0,-100.0,-100.0,-16.0,0.0,-0.0,30.0,-88.267,-88.0,-88.0,-16.0,0.0,-0.0,31.0,-100.0,-100.0,-100.0,0.0,0.0,-0.0,30.0,10.244,9.756,9.756,8.0,0.0,0.0,31.0,23.299,23.299,23.299,0.0,0.0,0.0,31.0
105.2015,1,rev,-90.0,11.8,-45.348,-90.0,-47.601,204.0,74.0,-5.299,34.0,-100.0,-100.0,-100.0,0.0,0.0,-1.077,31.0,-100.0,-100.0,-100.0,-16.0,0.0,-0.0,30.0,-88.267,-88.0,-88.0,-16.0,0.0,-0.0,31.0,-100.0,-100.0,-100.0,0.0,0.0,-0.0,30.0,10.244,9.756,9.756,8.0,0.0,0.0,31.0,23.299,23.299,23.299,0.0,0.0,0.0,31.0
105.2538,1,rev,-90.0,11.8,-45.438,-90.0,-47.817,204.0,74.0,-3.301,34.0,-100.0,-100.0,-100.0,0.0,0.0,-0.528,31.0,-100.0,-100.0,-100.0,-16.0,0.0,-0.0,30.0,-88.267,-88.0,-88.0,-16.0,0.0,-0.0,31.0,-100.0,-100.0,-100.0,0.0,0.0,-0.0,30.0,10.244,9.756,9.756,8.0,0.0,0.0,31.0,23.299,23.299,23.299,0.0,0.0,0.0,31.0
105.3072,1,rev,-90.0,11.8,-45.798,-90.0,-48.033,204.0,74.0,-5.348,34.0,-100.0,-100.0,-100.0,0.0,0.0,-0.259,31.0,-100.0,-100.0,-100.0,-16.0,0.0,-0.0,30.0,-88.267,-88.0,-88.0,-16.0,0.0,-0.0,31.0,-100.0,-100.0,-100.0,0.0,0.0,-0.0,30.0,10.244,9.756,9.756,8.0,0.0,0.0,31.0,23.299,23.299,23.299,0.0,0.0,0.0,31.0
105.3606,1,rev,-90.0,11.8,-45.978,-90.0,-48.246,204.0,74.0,-4.033,34.0,-100.0,-100.0,-100.0,0.0,0.0,-0.127,31.0,-100.0,-100.0,-100.0,-16.0,0.0,-0.0,30.0,-88.267,-88.0,-88.0,-16.0,0.0,-0.0,31.0,-100.0,-100.0,-100.0,0.0,0.0,-0.0,30.0,10.244,9.756,9.756,8.0,0.0,0.0,31.0,23.299,23.299,23.299,0.0,0.0,0.0,31.0
105.4129,1,rev,-90.0,11.8,-46.157,-90.0,-48.458,204.0,74.0,-3.687,34.0,-99.82,-100.0,-100.0,0.0,0.0,1.359,31.0,-100.0,-100.0,-100.0,-16.0,0.0,-0.0,30.0,-88.267,-88.0,-88.0,-16.0,0.0,-0.0,31.0,-100.0,-100.0,-100.0,0.0,0.0,-0.0,30.0,10.244,9.756,9.756,8.0,0.0,0.0,31.0,23.299,23.299,23.299,0.0,0.0,0.0,31.0
105.4663,1,rev,-90.0,11.8,-46.157,-90.0,-48.675,204.0,74.0,-1.807,34.0,-100.0,-100.0,-100.0,0.0,0.0,-1.356,31.0,-100.0,-100.0,-100.0,-16.0,0.0,-0.0,30.0,-88.267,-88.0,-88.0,-16.0,0.0,-0.0,31.0,-100.0,-100.0,-100.0,0.0,0.0,-0.0,30.0,10.244,9.756,9.756,8.0,0.0,0.0,31.0,23.299,23.299,23.299,0.0,0.0,0.0,31.0
105.519,1,rev,-90.0,11.8,-46.607,-90.0,-48.894,204.0,74.0,-4.933,34.0,-100.0,-100.0,-100.0,0.0,0.0,-0.664,31.0,-100.0,-100.0,-100.0,-16.0,0.0,-0.0,30.0,-88.267,-88.0,-88.0,-16.0,0.0,-0.0,31.0,-100.0,-100.0,-100.0,0.0,0.0,-0.0,30.0,10.244,9.756,9.756,8.0,0.0,0.0,31.0,23.299,23.299,23.299,0.0,0.0,0.0,31.0
105.5723,1,rev,-90.0,11.8,-46.787,-90.0,-49.109,204.0,74.0,-4.11,34.0,-100.0,-100.0,-100.0,0.0,0.0,-0.325,31.0,-100.0,-100.0,-100.0,-16.0,0.0,-0.0,30.0,-88.267,-88.0,-88.0,-16.0,0.0,-0.0,31.0,-100.0,-100.0,-100.0,0.0,0.0,-0.0,30.0,10.244,9.756,9.756,8.0,0.0,0.0,31.0,23.299,23.299,23.299,0.0,0.0,0.0,31.0
105.6258,1,rev,-90.0,11.8,-46.966,-90.0,-49.326,204.0,74.0,-3.718,34.0,-99.82,-100.0,-100.0,0.0,0.0,1.234,31.0,-100.0,-100.0,-100.0,-16.0,0.0,-0.0,30.0,-88.267,-88.0,-88.0,-16.0,0.0,-0.0,31.0,-100.0,-100.0,-100.0,0.0,0.0,-0.0,30.0,10.244,9.756,9.756,8.0,0.0,0.0,31.0,23.299,23.299,23.299,0.0,0.0,0.0,31.0
105.6792,1,rev,-90.0,11.9,-46.966,-90.0,-49.558,212.0,75.0,-3.718,34.0,-99.82,-100.0,-100.0,8.0,0.0,1.234,31.0,-100.0,-100.0,-100.0,-24.0,1.0,-0.0,30.0,-88.267,-88.0,-88.0,-16.0,0.0,-0.0,31.0,-100.0,-100.0,-100.0,0.0,0.0,-0.0,30.0,10.244,9.756,9.756,8.0,0.0,0.0,31.0,23.299,23.299,23.299,0.0,0.0,0.0,31.0
105.7326,1,rev,-90.0,11.9,-47.236,-90.0,-49.783,212.0,75.0,-3.459,34.0,-100.0,-100.0,-100.0,8.0,0.0,-0.017,31.0,-100.0,-100.0,-100.0,-24.0,1.0,-0.0,30.0,-88.267,-88.0,-88.0,-16.0,0.0,-0.0,31.0,-100.0,-100.0,-100.0,0.0,0.0,-0.0,30.0,10.244,9.756,9.756,8.0,0.0,0.0,31.0,23.299,23.299,23.299,0.0,0.0,0.0,31.0
105.7861,1,rev,-90.0,11.9,-47.506,-90.0,-50.009,212.0,75.0,-3.962,34.0,-100.0,-100.0,-100.0,8.0,0.0,-0.008,31.0,-100.0,-100.0,-100.0,-24.0,1.0,-0.0,30.0,-88.267,-88.0,-88.0,-16.0,0.0,-0.0,31.0,-100.0,-100.0,-100.0,0.0,0.0,-0.0,30.0,10.244,9.756,9.756,8.0,0.0,0.0,31.0,23.299,23.299,23.299,0.0,0.0,0.0,31.0
105.8397,1,rev,-90.0,11.9,-47.596,-90.0,-50.118,212.0,75.0,-2.935,34.0,-99.82,-100.0,-100.0,8.0,0.0,1.988,31.0,-100.0,-100.0,-100.0,-24.0,1.0,-0.0,30.0,-88.267,-88.0,-88.0,-16.0,0.0,-0.0,31.0,-100.0,-100.0,-100.0,0.0,0.0,-0.0,30.0,10.244,9.756,9.756,8.0,0.0,0.0,31.0,23.299,23.299,23.299,0.0,0.0,0.0,31.0
105.8929,1,rev,-90.0,11.9,-47.955,-90.0,-50.345,212.0,75.0,-5.077,34.0,-99.82,-100.0,-100.0,8.0,0.0,0.974,31.0,-100.0,-100.0,-100.0,-24.0,1.0,-0.0,30.0,-88.267,-88.0,-88.0,-16.0,0.0,-0.0,31.0,-100.0,-100.0,-100.0,0.0,0.0,-0.0,30.0,10.244,9.756,9.756,8.0,0.0,0.0,31.0,23.299,23.299,23.299,0.0,0.0,0.0,31.0
105.9458,1,rev,-90.0,11.9,-48.315,-90.0,-50.559,212.0,75.0,-5.929,34.0,-100.0,-100.0,-100.0,8.0,0.0,-1.556,31.0,-100.0,-100.0,-100.0,-24.0,1.0,-0.0,30.0,-88.267,-88.0,-88.0,-16.0,0.0,-0.0,31.0,-100.0,-100.0,-100.0,0.0,0.0,-0.0,30.0,10.244,9.756,9.756,8.0,0.0,0.0,31.0,23.299,23.299,23.299,0.0,0.0,0.0,31.0
105.9989,1,rev,-90.0,11.9,-48.404,-90.0,-50.773,212.0,75.0,-3.913,34.0,-100.0,-100.0,-100.0,8.0,0.0,-0.763,31.0,-100.0,-100.0,-100.0,-24.0,1.0,-0.0,30.0,-88.267,-88.0,-88.0,-16.0,0.0,-0.0,31.0,-100.0,-100.0,-100.0,0.0,0.0,-0.0,30.0,10.244,9.756,9.756,8.0,0.0,0.0,31.0,23.299,23.299,23.299,0.0,0.0,0.0,31.0
106.0535,1,rev,-90.0,11.9,-48.674,-90.0,-50.987,212.0,75.0,-4.639,34.0,-100.0,-100.0,-100.0,8.0,0.0,-0.374,31.0,-100.0,-100.0,-100.0,-24.0,1.0,-0.0,30.0,-88.267,-88.0,-88.0,-16.0,0.0,-0.0,31.0,-100.0,-100.0,-100.0,0.0,0.0,-0.0,30.0,10.244,9.756,9.756,8.0,0.0,0.0,31.0,23.299,23.299,23.299,0.0,0.0,0.0,31.0
106.1059,1,rev,-90.0,11.9,-48.854,-90.0,-51.2,212.0,75.0,-3.984,34.0,-99.82,-100.0,-100.0,8.0,0.0,1.243,31.0,-100.0,-100.0,-100.0,-24.0,1.0,-0.0,30.0,-88.267,-88.0,-88.0,-16.0,0.0,-0.0,31.0,-100.0,-100.0,-100.0,0.0,0.0,-0.0,30.0,10.244,9.756,9.756,8.0,0.0,0.0,31.0,23.299,23.299,23.299,0.0,0.0,0.0,31.0
106.1579,1,rev,-90.0,11.9,-48.944,-90.0,-51.414,212.0,75.0,-2.97,34.0,-99.82,-100.0,-100.0,8.0,0.0,0.609,31.0,-100.0,-100.0,-100.0,-24.0,1.0,-0.0,30.0,-88.267,-88.0,-88.0,-16.0,0.0,-0.0,31.0,-100.0,-100.0,-100.0,0.0,0.0,-0.0,30.0,10.244,9.756,9.756,8.0,0.0,0.0,31.0,23.299,23.299,23.299,0.0,0.0,0.0,31.0
106.21,1,rev,-90.0,11.9,-49.034,-90.0,-51.626,212.0,75.0,-2.165,34.0,-100.0,-100.0,-100.0,8.0,0.0,-1.73,31.0,-100.0,-100.0,-100.0,-24.0,1.0,-0.0,30.0,-88.267,-88.0,-88.0,-16.0,0.0,-0.0,31.0,-100.0,-100.0,-100.0,0.0,0.0,-0.0,30.0,10.244,9.756,9.756,8.0,0.0,0.0,31.0,23.299,23.299,23.299,0.0,0.0,0.0,31.0
106.263,1,rev,-90.0,11.8,-49.393,-90.0,-51.858,220.0,74.0,-3.375,34.0,-100.0,-100.0,-100.0,0.0,0.0,-1.211,31.0,-100.0,-100.0,-100.0,-24.0,1.0,-0.0,30.0,-88.267,-88.0,-88.0,-16.0,0.0,-0.0,31.0,-100.0,-100.0,-100.0,-12.0,0.0,-0.0,30.0,10.244,9.756,9.756,8.0,1.0,0.0,31.0,23.299,23.299,23.299,0.0,0.0,0.0,31.0
106.3151,1,rev,-90.0,11.8,-49.663,-90.0,-52.073,220.0,74.0,-4.38,34.0,-100.0,-100.0,-100.0,0.0,0.0,-0.593,31.0,-100.0,-100.0,-100.0,-24.0,1.0,-0.0,30.0,-88.267,-88.0,-88.0,-16.0,0.0,-0.0,31.0,-100.0,-100.0,-100.0,-12.0,0.0,-0.0,30.0,10.244,9.756,9.756,8.0,1.0,0.0,31.0,23.299,23.299,23.299,0.0,0.0,0.0,31.0
106.3683,1,rev,-90.0,11.8,-49.843,-90.0,-52.286,220.0,74.0,-3.864,34.0,-99.82,-100.0,-100.0,0.0,0.0,1.123,31.0,-100.0,-100.0,-100.0,-24.0,1.0,-0.0,30.0,-88.267,-88.0,-88.0,-16.0,0.0,-0.0,31.0,-100.0,-100.0,-100.0,-12.0,0.0,-0.0,30.0,10.244,9.756,9.756,8.0,1.0,0.0,31.0,23.299,23.299,23.299,0.0,0.0,0.0,31.0
106.4218,1,rev,-90.0,11.8,-50.112,-90.0,-52.501,220.0,74.0,-4.929,34.0,-99.82,-100.0,-100.0,0.0,0.0,0.551,31.0,-100.0,-100.0,-100.0,-24.0,1.0,-0.0,30.0,-88.267,-88.0,-88.0,-16.0,0.0,-0.0,31.0,-100.0,-100.0,-100.0,-12.0,0.0,-0.0,30.0,10.244,9.756,9.756,8.0,1.0,0.0,31.0,23.299,23.299,23.299,0.0,0.0,0.0,31.0
106.475,1,rev,-90.0,11.8,-50.292,-90.0,-52.713,220.0,74.0,-4.14,34.0,-100.0,-100.0,-100.0,0.0,0.0,-1.758,31.0,-100.0,-100.0,-100.0,-24.0,1.0,-0.0,30.0,-88.267,-88.0,-88.0,-16.0,0.0,-0.0,31.0,-100.0,-100.0,-100.0,-12.0,0.0,-0.0,30.0,10.244,9.756,9.756,8.0,1.0,0.0,31.0,23.299,23.299,23.299,0.0,0.0,0.0,31.0
106.5283,1,rev,-90.0,11.8,-50.382,-90.0,-52.927,220.0,74.0,-2.733,34.0,-100.0,-100.0,-100.0,0.0,0.0,-0.862,31.0,-100.0,-100.0,-100.0,-24.0,1.0,-0.0,30.0,-88.267,-88.0,-88.0,-16.0,0.0,-0.0,31.0,-100.0,-100.0,-100.0,-12.0,0.0,-0.0,30.0,10.244,9.756,9.756,8.0,1.0,0.0,31.0,23.299,23.299,23.299,0.0,0.0,0.0,31.0
106.5817,1,rev,-90.0,11.8,-50.742,-90.0,-53.144,220.0,74.0,-4.75,34.0,-99.82,-100.0,-100.0,0.0,0.0,1.602,31.0,-100.0,-100.0,-100.0,-24.0,1.0,-0.0,30.0,-88.267,-88.0,-88.0,-16.0,0.0,-0.0,31.0,-100.0,-100.0,-100.0,-12.0,0.0,-0.0,30.0,10.244,9.756,9.756,8.0,1.0,0.0,31.0,23.299,23.299,23.299,0.0,0.0,0.0,31.0
106.6351,1,rev,-90.0,11.8,-51.011,-90.0,-53.359,220.0,74.0,-4.719,34.0,-99.82,-100.0,-100.0,0.0,0.0,0.785,31.0,-100.0,-100.0,-100.0,-24.0,1.0,-0.0,30.0,-88.267,-88.0,-88.0,-16.0,0.0,-0.0,31.0,-100.0,-100.0,-100.0,-12.0,0.0,-0.0,30.0,10.244,9.756,9.756,8.0,1.0,0.0,31.0,23.299,23.299,23.299,0.0,0.0,0.0,31.0
106.6883,1,rev,-90.0,11.8,-51.191,-90.0,-53.574,220.0,74.0,-3.726,34.0,-99.82,-100.0,-100.0,0.0,0.0,0.385,31.0,-100.0,-100.0,-100.0,-24.0,1.0,-0.0,30.0,-88.4,-88.0,-88.0,-16.0,0.0,-1.497,31.0,-100.0,-100.0,-100.0,-12.0,0.0,-0.0,30.0,10.244,9.756,9.756,8.0,1.0,0.0,31.0,23.299,23.299,23.299,0.0,0.0,0.0,31.0
106.7411,1,rev,-90.0,11.8,-51.281,-90.0,-53.786,220.0,74.0,-2.538,34.0,-100.0,-100.0,-100.0,0.0,0.0,-1.24,31.0,-100.0,-100.0,-100.0,-24.0,1.0,-0.0,30.0,-88.4,-88.0,-88.0,-16.0,0.0,-0.734,31.0,-100.0,-100.0,-100.0,-12.0,0.0,-0.0,30.0,10.244,9.756,9.756,8.0,1.0,0.0,31.0,23.299,23.299,23.299,0.0,0.0,0.0,31.0
106.794,1,rev,-90.0,11.8,-51.281,-90.0,-53.892,228.0,91.0,-1.777,34.0,-100.0,-100.0,-100.0,0.0,0.0,-0.868,31.0,-100.0,-100.0,-100.0,-24.0,1.0,-0.0,30.0,-88.4,-88.0,-88.0,-24.0,2.0,-0.514,31.0,-100.0,-100.0,-100.0,0.0,0.0,-0.0,30.0,10.244,9.756,9.756,8.0,0.0,0.0,31.0,23.299,23.299,23.299,0.0,0.0,0.0,31.0
106.8471,1,rev,-90.0,11.8,-51.551,-90.0,-54.226,228.0,91.0,-2.551,34.0,-99.82,-100.0,-100.0,0.0,0.0,0.239,31.0,-100.0,-100.0,-100.0,-24.0,1.0,-0.0,30.0,-88.4,-88.0,-88.0,-24.0,2.0,-0.252,31.0,-100.0,-100.0,-100.0,0.0,0.0,-0.0,30.0,10.244,9.756,9.756,8.0,0.0,0.0,31.0,23.299,23.299,23.299,0.0,0.0,0.0,31.0
106.9003,1,rev,-90.0,11.8,-51.73,-90.0,-54.443,228.0,91.0,-3.746,34.0,-99.82,-100.0,-100.0,0.0,0.0,0.167,31.0,-100.0,-100.0,-100.0,-24.0,1.0,-0.0,30.0,-88.4,-88.0,-88.0,-24.0,2.0,-0.176,31.0,-100.0,-100.0,-100.0,0.0,0.0,-0.0,30.0,10.244,9.756,9.756,8.0,0.0,0.0,31.0,23.299,23.299,23.299,0.0,0.0,0.0,31.0
106.953,1,rev,-90.0,11.8,-51.91,-90.0,-54.67,228.0,91.0,-3.46,34.0,-99.82,-100.0,-100.0,0.0,0.0,0.082,31.0,-100.0,-100.0,-100.0,-24.0,1.0,-0.0,30.0,-88.4,-88.0,-88.0,-24.0,2.0,-0.086,31.0,-100.0,-100.0,-100.0,0.0,0.0,-0.0,30.0,10.244,9.756,9.756,8.0,0.0,0.0,31.0,23.299,23.299,23.299,0.0,0.0,0.0,31.0
107.0066,1,rev,-90.0,11.8,-52.36,-90.0,-54.892,228.0,91.0,-6.021,34.0,-99.82,-100.0,-100.0,0.0,0.0,0.04,31.0,-100.0,-100.0,-100.0,-24.0,1.0,-0.0,30.0,-88.4,-88.0,-88.0,-24.0,2.0,-0.042,31.0,-100.0,-100.0,-100.0,0.0,0.0,-0.0,30.0,10.244,9.756,9.756,8.0,0.0,0.0,31.0,23.299,23.299,23.299,0.0,0.0,0.0,31.0
107.0612,1,rev,-90.0,11.8,-52.629,-90.0,-55.111,228.0,91.0,-4.988,34.0,-99.82,-100.0,-100.0,0.0,0.0,0.02,31.0,-100.0,-100.0,-100.0,-24.0,1.0,-0.0,30.0,-88.4,-88.0,-88.0,-24.0,2.0,-0.021,31.0,-100.0,-100.0,-100.0,0.0,0.0,-0.0,30.0,10.244,9.756,9.756,8.0,0.0,0.0,31.0,23.299,23.299,23.299,0.0,0.0,0.0,31.0
107.1138,1,rev,-90.0,11.8,-52.719,-90.0,-55.23,228.0,91.0,-3.078,34.0,-99.82,-100.0,-100.0,0.0,0.0,0.01,31.0,-100.0,-100.0,-100.0,-24.0,1.0,-0.0,30.0,-88.4,-88.0,-88.0,-24.0,2.0,-0.01,31.0,-100.0,-100.0,-100.0,0.0,0.0,-0.0,30.0,10.244,9.756,9.756,8.0,0.0,0.0,31.0,23.299,23.299,23.299,0.0,0.0,0.0,31.0
107.1667,1,rev,-90.0,11.8,-52.899,-90.0,-55.444,228.0,91.0,-3.544,34.0,-99.82,-100.0,-100.0,0.0,0.0,0.005,31.0,-100.0,-100.0,-100.0,-24.0,1.0,-0.0,30.0,-88.4,-88.0,-88.0,-24.0,2.0,-0.005,31.0,-100.0,-100.0,-100.0,0.0,0.0,-0.0,30.0,10.244,9.756,9.756,8.0,0.0,0.0,31.0,23.299,23.299,23.299,0.0,0.0,0.0,31.0
107.2197,1,rev,-90.0,11.8,-53.079,-90.0,-55.657,228.0,91.0,-3.15,34.0,-99.82,-100.0,-100.0,0.0,0.0,0.002,31.0,-100.0,-100.0,-100.0,-24.0,1.0,-0.0,30.0,-88.4,-88.0,-88.0,-24.0,2.0,-0.002,31.0,-100.0,-100.0,-100.0,0.0,0.0,-0.0,30.0,10.244,9.756,9.756,8.0,0.0,0.0,31.0,23.299,23.299,23.299,0.0,0.0,0.0,31.0
107.2724,1,rev,-90.0,11.8,-53.258,-90.0,-55.869,228.0,91.0,-3.257,34.0,-99.82,-100.0,-100.0,0.0,0.0,0.001,31.0,-100.0,-100.0,-100.0,-24.0,1.0,-0.0,30.0,-88.4,-88.0,-88.0,-24.0,2.0,-0.001,31.0,-100.0,-100.0,-100.0,0.0,0.0,-0.0,30.0,10.244,9.756,9.756,8.0,0.0,0.0,31.0,23.299,23.299,23.299,0.0,0.0,0.0,31.0
107.3251,1,rev,-90.0,11.8,-53.618,-90.0,-56.084,228.0,91.0,-5.321,34.0,-99.82,-100.0,-100.0,0.0,0.0,0.001,31.0,-100.0,-100.0,-100.0,-24.0,1.0,-0.0,30.0,-88.4,-88.0,-88.0,-24.0,2.0,-0.001,31.0,-100.0,-100.0,-100.0,0.0,0.0,-0.0,30.0,10.244,9.756,9.756,8.0,0.0,0.0,31.0,23.299,23.299,23.299,0.0,0.0,0.0,31.0
107.3785,1,rev,-90.0,11.8,-53.798,-90.0,-56.191,204.0,74.0,-5.745,34.0,-99.82,-100.0,-100.0,8.0,0.0,0.0,31.0,-100.0,-100.0,-100.0,-24.0,1.0,-0.0,30.0,-88.4,-88.0,-88.0,-24.0,1.0,-0.0,31.0,-100.0,-100.0,-100.0,-8.0,0.0,-0.0,30.0,10.244,9.756,9.756,8.0,0.0,0.0,31.0,23.299,23.299,23.299,0.0,0.0,0.0,31.0
107.4317,1,rev,-90.0,11.8,-53.978,-90.0,-56.525,204.0,74.0,-3.479,34.0,-99.82,-100.0,-100.0,8.0,0.0,0.0,31.0,-100.0,-100.0,-100.0,-24.0,1.0,-0.0,30.0,-88.4,-88.0,-88.0,-24.0,1.0,-0.0,31.0,-100.0,-100.0,-100.0,-8.0,0.0,-0.0,30.0,10.244,9.756,9.756,8.0,0.0,0.0,31.0,23.299,23.299,23.299,0.0,0.0,0.0,31.0
107.4839,1,rev,-90.0,11.8,-54.067,-90.0,-56.741,204.0,74.0,-2.4,34.0,-99.82,-100.0,-100.0,8.0,0.0,0.0,31.0,-100.0,-100.0,-100.0,-24.0,1.0,-0.0,30.0,-88.4,-88.0,-88.0,-24.0,1.0,-0.0,31.0,-100.0,-100.0,-100.0,-8.0,0.0,-0.0,30.0,10.244,9.756,9.756,8.0,0.0,0.0,31.0,23.299,23.299,23.299,0.0,0.0,0.0,31.0
107.5372,1,rev,-90.0,11.8,-54.067,-90.0,-56.959,204.0,74.0,-1.176,34.0,-99.82,-100.0,-100.0,8.0,0.0,0.0,31.0,-100.0,-100.0,-100.0,-24.0,1.0,-0.0,30.0,-88.4,-88.0,-88.0,-24.0,1.0,-0.0,31.0,-100.0,-100.0,-100.0,-8.0,0.0,-0.0,30.0,10.244,9.756,9.756,8.0,0.0,0.0,31.0,23.299,23.299,23.299,0.0,0.0,0.0,31.0
107.5903,1,rev,-90.0,11.8,-54.067,-90.0,-57.174,204.0,74.0,-0.576,34.0,-99.82,-100.0,-100.0,8.0,0.0,0.0,31.0,-100.0,-100.0,-100.0,-24.0,1.0,-0.0,30.0,-88.4,-88.0,-88.0,-24.0,1.0,-0.0,31.0,-100.0,-100.0,-100.0,-8.0,0.0,-0.0,30.0,10.244,9.756,9.756,8.0,0.0,0.0,31.0,23.299,23.299,23.299,0.0,0.0,0.0,31.0
107.6429,1,rev,-90.0,11.8,-54.517,-90.0,-57.391,204.0,74.0,-4.643,34.0,-99.82,-100.0,-100.0,8.0,0.0,0.0,31.0,-100.0,-100.0,-100.0,-24.0,1.0,-0.0,30.0,-88.4,-88.0,-88.0,-24.0,1.0,-0.0,31.0,-100.0,-100.0,-100.0,-8.0,0.0,-0.0,30.0,10.244,9.756,9.756,8.0,0.0,0.0,31.0,23.299,23.299,23.299,0.0,0.0,0.0,31.0
107.6961,1,rev,-90.0,11.8,-54.697,-90.0,-57.605,204.0,74.0,-3.698,34.0,-99.82,-100.0,-100.0,8.0,0.0,0.0,31.0,-100.0,-100.0,-100.0,-24.0,1.0,-0.0,30.0,-88.4,-88.0,-88.0,-24.0,1.0,-0.0,31.0,-100.0,-100.0,-100.0,-8.0,0.0,-0.0,30.0,10.244,9.756,9.756,8.0,0.0,0.0,31.0,23.299,23.299,23.299,0.0,0.0,0.0,31.0
107.7494,1,rev,-90.0,11.8,-55.326,-90.0,-57.818,204.0,74.0,-7.398,34.0,-99.82,-100.0,-100.0,8.0,0.0,0.0,31.0,-100.0,-100.0,-100.0,-24.0,1.0,-0.0,30.0,-88.4,-88.0,-88.0,-24.0,1.0,-0.0,31.0,-100.0,-100.0,-100.0,-8.0,0.0,-0.0,30.0,10.244,9.756,9.756,8.0,0.0,0.0,31.0,23.299,23.299,23.299,0.0,0.0,0.0,31.0
107.8025,1,rev,-90.0,11.8,-55.506,-90.0,-58.031,204.0,74.0,-5.036,34.0,-100.0,-100.0,-100.0,8.0,0.0,-2.039,31.0,-100.0,-100.0,-100.0,-24.0,1.0,-0.0,30.0,-88.4,-88.0,-88.0,-24.0,1.0,-0.0,31.0,-100.0,-100.0,-100.0,-8.0,0.0,-0.0,30.0,10.244,9.756,9.756,8.0,0.0,0.0,31.0,23.299,23.299,23.299,0.0,0.0,0.0,31.0
107.8557,1,rev,-90.0,11.8,-55.775,-90.0,-58.246,204.0,74.0,-5.138,34.0,-100.0,-100.0,-100.0,8.0,0.0,-0.999,31.0,-100.0,-100.0,-100.0,-24.0,1.0,-0.0,30.0,-88.4,-88.0,-88.0,-24.0,1.0,-0.0,31.0,-100.0,-100.0,-100.0,-8.0,0.0,-0.0,30.0,10.244,9.756,9.756,8.0,0.0,0.0,31.0,23.299,23.299,23.299,0.0,0.0,0.0,31.0
107.9089,1,rev,-90.0,11.8,-55.955,-90.0,-58.461,204.0,74.0,-4.23,34.0,-99.82,-100.0,-100.0,8.0,0.0,0.932,31.0,-100.0,-100.0,-100.0,-24.0,1.0,-0.0,30.0,-88.4,-88.0,-88.0,-24.0,1.0,-0.0,31.0,-100.0,-100.0,-100.0,-8.0,0.0,-0.0,30.0,10.244,9.756,9.756,8.0,0.0,0.0,31.0,23.299,23.299,23.299,0.0,0.0,0.0,31.0
107.9628,1,rev,-90.0,11.7,-55.955,-90.0,-58.693,220.0,87.0,-4.23,34.0,-99.82,-100.0,-100.0,8.0,0.0,0.932,31.0,-100.0,-100.0,-100.0,-24.0,1.0,-0.0,30.0,-88.4,-88.0,-88.0,-24.0,1.0,-0.0,31.0,-100.0,-100.0,-100.0,-12.0,0.0,-0.0,30.0,10.244,9.756,9.756,8.0,0.0,0.0,31.0,23.299,23.299,23.299,0.0,0.0,0.0,31.0
108.0164,1,rev,-90.0,11.7,-55.955,-90.0,-58.92,220.0,87.0,-2.073,34.0,-99.82,-100.0,-100.0,8.0,0.0,0.456,31.0,-100.0,-100.0,-100.0,-24.0,1.0,-0.0,30.0,-88.4,-88.0,-88.0,-24.0,1.0,-0.0,31.0,-100.0,-100.0,-100.0,-12.0,0.0,-0.0,30.0,10.244,9.756,9.756,8.0,0.0,0.0,31.0,23.299,23.299,23.299,0.0,0.0,0.0,31.0
108.0708,1,rev,-90.0,11.7,-56.135,-90.0,-59.146,220.0,87.0,-2.269,34.0,-99.82,-100.0,-100.0,8.0,0.0,0.224,31.0,-100.0,-100.0,-100.0,-24.0,1.0,-0.0,30.0,-88.4,-88.0,-88.0,-24.0,1.0,-0.0,31.0,-100.0,-100.0,-100.0,-12.0,0.0,-0.0,30.0,10.244,9.756,9.756,8.0,0.0,0.0,31.0,23.299,23.299,23.299,0.0,0.0,0.0,31.0
108.1249,1,rev,-90.0,11.7,-56.584,-90.0,-59.365,220.0,87.0,-5.757,34.0,-99.82,-100.0,-100.0,8.0,0.0,0.11,31.0,-100.0,-100.0,-100.0,-24.0,1.0,-0.0,30.0,-88.4,-88.0,-88.0,-24.0,1.0,-0.0,31.0,-100.0,-100.0,-100.0,-12.0,0.0,-0.0,30.0,10.244,9.756,9.756,8.0,0.0,0.0,31.0,23.299,23.299,23.299,0.0,0.0,0.0,31.0
108.1783,1,rev,-90.0,11.7,-56.854,-90.0,-59.483,220.0,87.0,-5.501,34.0,-99.82,-100.0,-100.0,8.0,0.0,0.054,31.0,-100.0,-100.0,-100.0,-24.0,1.0,-0.0,30.0,-88.4,-88.0,-88.0,-24.0,1.0,-0.0,31.0,-100.0,-100.0,-100.0,-12.0,0.0,-0.0,30.0,10.244,9.756,9.756,8.0,0.0,0.0,31.0,23.299,23.299,23.299,0.0,0.0,0.0,31.0
108.2316,1,rev,-90.0,11.7,-56.944,-90.0,-59.698,220.0,87.0,-3.707,34.0,-99.82,-100.0,-100.0,8.0,0.0,0.026,31.0,-100.0,-100.0,-100.0,-24.0,1.0,-0.0,30.0,-88.4,-88.0,-88.0,-24.0,1.0,-0.0,31.0,-100.0,-100.0,-100.0,-12.0,0.0,-0.0,30.0,10.244,9.756,9.756,8.0,0.0,0.0,31.0,23.299,23.299,23.299,0.0,0.0,0.0,31.0
108.2846,1,rev,-90.0,11.7,-57.303,-90.0,-59.912,220.0,87.0,-5.579,34.0,-99.82,-100.0,-100.0,8.0,0.0,0.013,31.0,-100.0,-100.0,-100.0,-24.0,1.0,-0.0,30.0,-88.4,-88.0,-88.0,-24.0,1.0,-0.0,31.0,-100.0,-100.0,-100.0,-12.0,0.0,-0.0,30.0,10.244,9.756,9.756,8.0,0.0,0.0,31.0,23.299,23.299,23.299,0.0,0.0,0.0,31.0
108.3369,1,rev,-90.0,11.7,-57.483,-90.0,-60.125,220.0,87.0,-4.449,34.0,-99.82,-100.0,-100.0,8.0,0.0,0.006,31.0,-100.0,-100.0,-100.0,-24.0,1.0,-0.0,30.0,-88.4,-88.0,-88.0,-24.0,1.0,-0.0,31.0,-100.0,-100.0,-100.0,-12.0,0.0,-0.0,30.0,10.244,9.756,9.756,8.0,0.0,0.0,31.0,23.299,23.299,23.299,0.0,0.0,0.0,31.0
108.3887,1,rev,-90.0,11.7,-57.573,-90.0,-60.338,220.0,87.0,-2.889,34.0,-99.82,-100.0,-100.0,8.0,0.0,0.003,31.0,-100.0,-100.0,-100.0,-24.0,1.0,-0.0,30.0,-88.4,-88.0,-88.0,-24.0,1.0,-0.0,31.0,-100.0,-100.0,-100.0,-12.0,0.0,-0.0,30.0,10.244,9.756,9.756,8.0,0.0,0.0,31.0,23.299,23.299,23.299,0.0,0.0,0.0,31.0
108.4418,1,rev,-90.0,11.7,-57.843,-90.0,-60.557,220.0,87.0,-4.441,34.0,-99.82,-100.0,-100.0,8.0,0.0,0.002,31.0,-100.0,-100.0,-100.0,-24.0,1.0,-0.0,30.0,-88.4,-88.0,-88.0,-24.0,1.0,-0.0,31.0,-100.0,-100.0,-100.0,-12.0,0.0,-0.0,30.0,10.244,9.756,9.756,8.0,0.0,0.0,31.0,23.299,23.299,23.299,0.0,0.0,0.0,31.0
108.495,1,rev,-90.0,11.7,-58.202,-90.0,-60.77,220.0,87.0,-5.609,34.0,-99.82,-100.0,-100.0,8.0,0.0,0.001,31.0,-100.0,-100.0,-100.0,-24.0,1.0,-0.0,30.0,-88.4,-88.0,-88.0,-24.0,1.0,-0.0,31.0,-100.0,-100.0,-100.0,-12.0,0.0,-0.0,30.0,10.244,9.756,9.756,8.0,0.0,0.0,31.0,23.299,23.299,23.299,0.0,0.0,0.0,31.0
108.5482,1,rev,-90.0,11.7,-58.292,-90.0,-60.999,224.0,86.0,-4.398,35.0,-99.82,-100.0,-100.0,8.0,0.0,0.001,31.0,-100.0,-100.0,-100.0,-24.0,1.0,-0.0,30.0,-88.4,-88.0,-88.0,-24.0,1.0,-0.0,31.0,-100.0,-100.0,-100.0,-8.0,0.0,-0.0,30.0,10.244,9.756,9.756,8.0,0.0,0.0,31.0,23.299,23.299,23.299,0.0,0.0,0.0,31.0
108.6014,1,rev,-90.0,11.7,-58.382,-90.0,-61.213,224.0,86.0,-2.857,35.0,-99.82,-100.0,-100.0,8.0,0.0,0.0,31.0,-100.0,-100.0,-100.0,-24.0,1.0,-0.0,30.0,-88.4,-88.0,-88.0,-24.0,1.0,-0.0,31.0,-100.0,-100.0,-100.0,-8.0,0.0,-0.0,30.0,10.244,9.756,9.756,8.0,0.0,0.0,31.0,23.299,23.299,23.299,0.0,0.0,0.0,31.0
108.6538,1,rev,-90.0,11.7,-58.652,-90.0,-61.428,224.0,86.0,-4.133,35.0,-99.82,-100.0,-100.0,8.0,0.0,0.0,31.0,-100.0,-100.0,-100.0,-24.0,1.0,-0.0,30.0,-88.4,-88.0,-88.0,-24.0,1.0,-0.0,31.0,-100.0,-100.0,-100.0,-8.0,0.0,-0.0,30.0,10.244,9.756,9.756,8.0,0.0,0.0,31.0,23.299,23.299,23.299,0.0,0.0,0.0,31.0
108.7058,1,rev,-90.0,11.7,-58.831,-90.0,-61.643,224.0,86.0,-3.705,35.0,-99.82,-100.0,-100.0,8.0,0.0,0.0,31.0,-100.0,-100.0,-100.0,-24.0,1.0,-0.0,30.0,-88.4,-88.0,-88.0,-24.0,1.0,-0.0,31.0,-100.0,-100.0,-100.0,-8.0,0.0,-0.0,30.0,10.244,9.756,9.756,8.0,0.0,0.0,31.0,23.299,23.299,23.299,0.0,0.0,0.0,31.0
108.7598,1,rev,-90.0,11.7,-59.011,-90.0,-61.86,224.0,86.0,-3.532,35.0,-99.82,-100.0,-100.0,8.0,0.0,0.0,31.0,-100.0,-100.0,-100.0,-24.0,1.0,-0.0,30.0,-88.4,-88.0,-88.0,-24.0,1.0,-0.0,31.0,-100.0,-100.0,-100.0,-8.0,0.0,-0.0,30.0,10.244,9.756,9.756,8.0,0.0,0.0,31.0,23.299,23.299,23.299,0.0,0.0,0.0,31.0
108.8119,1,rev,-90.0,11.7,-59.191,-90.0,-62.073,224.0,86.0,-3.77,35.0,-99.82,-100.0,-100.0,8.0,0.0,0.0,31.0,-100.0,-100.0,-100.0,-24.0,1.0,-0.0,30.0,-88.4,-88.0,-88.0,-24.0,1.0,-0.0,31.0,-100.0,-100.0,-100.0,-8.0,0.0,-0.0,30.0,10.244,9.756,9.756,8.0,0.0,0.0,31.0,23.299,23.299,23.299,0.0,0.0,0.0,31.0
108.8639,1,rev,-90.0,11.7,-59.73,-90.0,-62.285,224.0,86.0,-6.662,35.0,-99.82,-100.0,-100.0,8.0,0.0,0.0,31.0,-100.0,-100.0,-100.0,-24.0,1.0,-0.0,30.0,-88.4,-88.0,-88.0,-24.0,1.0,-0.0,31.0,-100.0,-100.0,-100.0,-8.0,0.0,-0.0,30.0,10.244,9.756,9.756,8.0,0.0,0.0,31.0,23.299,23.299,23.299,0.0,0.0,0.0,31.0
108.9173,1,rev,-90.0,11.7,-59.82,-90.0,-62.504,224.0,86.0,-3.949,35.0,-99.82,-100.0,-100.0,8.0,0.0,0.0,31.0,-100.0,-100.0,-100.0,-24.0,1.0,-0.0,30.0,-88.4,-88.0,-88.0,-24.0,1.0,-0.0,31.0,-100.0,-100.0,-100.0,-8.0,0.0,-0.0,30.0,10.244,9.756,9.756,8.0,0.0,0.0,31.0,23.299,23.299,23.299,0.0,0.0,0.0,31.0
108.9704,1,rev,-90.0,11.7,-60.0,-90.0,-62.717,224.0,86.0,-3.944,35.0,-99.82,-100.0,-100.0,8.0,0.0,0.0,31.0,-100.0,-100.0,-100.0,-24.0,1.0,-0.0,30.0,-88.4,-88.0,-88.0,-24.0,1.0,-0.0,31.0,-100.0,-100.0,-100.0,-8.0,0.0,-0.0,30.0,10.244,9.756,9.756,8.0,0.0,0.0,31.0,23.299,23.299,23.299,0.0,0.0,0.0,31.0
109.0236,1,rev,-90.0,11.7,-60.27,-90.0,-62.933,224.0,86.0,-4.333,35.0,-99.82,-100.0,-100.0,8.0,0.0,0.0,31.0,-100.0,-100.0,-100.0,-24.0,1.0,-0.0,30.0,-88.4,-88.0,-88.0,-24.0,1.0,-0.0,31.0,-100.0,-100.0,-100.0,-8.0,0.0,-0.0,30.0,10.244,9.756,9.756,8.0,0.0,0.0,31.0,23.299,23.299,23.299,0.0,0.0,0.0,31.0
109.0769,1,rev,-90.0,11.7,-60.27,-90.0,-63.041,224.0,86.0,-3.033,35.0,-99.82,-100.0,-100.0,8.0,0.0,0.0,31.0,-100.0,-100.0,-100.0,-24.0,1.0,-0.0,30.0,-88.4,-88.0,-88.0,-24.0,1.0,-0.0,31.0,-100.0,-100.0,-100.0,-8.0,0.0,-0.0,30.0,10.244,9.756,9.756,8.0,0.0,0.0,31.0,23.299,23.299,23.299,0.0,0.0,0.0,31.0
109.1298,1,rev,-90.0,11.8,-60.449,-90.0,-63.281,240.0,102.0,-3.023,35.0,-99.82,-100.0,-100.0,8.0,0.0,0.0,31.0,-100.0,-100.0,-100.0,-24.0,1.0,-0.0,30.0,-88.4,-88.0,-88.0,-24.0,1.0,-0.0,31.0,-100.0,-100.0,-100.0,-8.0,0.0,-0.0,30.0,10.244,9.756,9.756,8.0,0.0,0.0,31.0,23.299,23.299,23.299,0.0,0.0,0.0,31.0
109.1828,1,rev,-90.0,11.8,-60.719,-90.0,-63.503,240.0,102.0,-4.154,35.0,-99.82,-100.0,-100.0,8.0,0.0,0.0,31.0,-100.0,-100.0,-100.0,-24.0,1.0,-0.0,30.0,-88.4,-88.0,-88.0,-24.0,1.0,-0.0,31.0,-100.0,-100.0,-100.0,-8.0,0.0,-0.0,30.0,10.244,9.756,9.756,8.0,0.0,0.0,31.0,23.299,23.299,23.299,0.0,0.0,0.0,31.0
109.2362,1,rev,-90.0,11.8,-60.989,-90.0,-63.717,240.0,102.0,-4.469,35.0,-99.82,-100.0,-100.0,8.0,0.0,0.0,31.0,-100.0,-100.0,-100.0,-24.0,1.0,-0.0,30.0,-88.4,-88.0,-88.0,-24.0,1.0,-0.0,31.0,-100.0,-100.0,-100.0,-8.0,0.0,-0.0,30.0,10.244,9.756,9.756,8.0,0.0,0.0,31.0,23.299,23.299,23.299,0.0,0.0,0.0,31.0
109.2891,1,rev,-90.0,11.8,-61.169,-90.0,-63.929,240.0,102.0,-3.611,35.0,-99.82,-100.0,-100.0,8.0,0.0,0.0,31.0,-100.0,-100.0,-100.0,-24.0,1.0,-0.0,30.0,-88.4,-88.0,-88.0,-24.0,1.0,-0.0,31.0,-100.0,-100.0,-100.0,-8.0,0.0,-0.0,30.0,10.244,9.756,9.756,8.0,0.0,0.0,31.0,23.299,23.299,23.299,0.0,0.0,0.0,31.0
109.342,1,rev,-90.0,11.8,-61.258,-90.0,-64.143,240.0,102.0,-2.474,35.0,-99.82,-100.0,-100.0,8.0,0.0,0.0,31.0,-100.0,-100.0,-100.0,-24.0,1.0,-0.0,30.0,-88.4,-88.0,-88.0,-24.0,1.0,-0.0,31.0,-100.0,-100.0,-100.0,-8.0,0.0,-0.0,30.0,10.244,9.756,9.756,8.0,0.0,0.0,31.0,23.299,23.299,23.299,0.0,0.0,0.0,31.0
109.395,1,rev,-90.0,11.8,-61.528,-90.0,-64.355,240.0,102.0,-4.266,35.0,-99.82,-100.0,-100.0,8.0,0.0,0.0,31.0,-100.0,-100.0,-100.0,-24.0,1.0,-0.0,30.0,-88.4,-88.0,-88.0,-24.0,1.0,-0.0,31.0,-100.0,-100.0,-100.0,-8.0,0.0,-0.0,30.0,10.244,9.756,9.756,8.0,0.0,0.0,31.0,23.299,23.299,23.299,0.0,0.0,0.0,31.0
109.4483,1,rev,-90.0,11.8,-61.708,-90.0,-64.568,240.0,102.0,-3.513,35.0,-99.82,-100.0,-100.0,8.0,0.0,0.0,31.0,-100.0,-100.0,-100.0,-24.0,1.0,-0.0,30.0,-88.4,-88.0,-88.0,-24.0,1.0,-0.0,31.0,-100.0,-100.0,-100.0,-8.0,0.0,-0.0,30.0,10.244,9.756,9.756,8.0,0.0,0.0,31.0,23.299,23.299,23.299,0.0,0.0,0.0,31.0
109.5016,1,rev,-90.0,11.8,-61.798,-90.0,-64.78,240.0,102.0,-2.734,35.0,-99.82,-100.0,-100.0,8.0,0.0,0.0,31.0,-100.0,-100.0,-100.0,-24.0,1.0,-0.0,30.0,-88.4,-88.0,-88.0,-24.0,1.0,-0.0,31.0,-100.0,-100.0,-100.0,-8.0,0.0,-0.0,30.0,10.244,9.756,9.756,8.0,0.0,0.0,31.0,23.299,23.299,23.299,0.0,0.0,0.0,31.0
109.5554,1,rev,-90.0,11.8,-62.157,-90.0,-64.995,240.0,102.0,-5.08,35.0,-99.82,-100.0,-100.0,8.0,0.0,0.0,31.0,-100.0,-100.0,-100.0,-24.0,1.0,-0.0,30.0,-88.4,-88.0,-88.0,-24.0,1.0,-0.0,31.0,-100.0,-100.0,-100.0,-8.0,0.0,-0.0,30.0,10.244,9.756,9.756,8.0,0.0,0.0,31.0,23.299,23.299,23.299,0.0,0.0,0.0,31.0
109.6087,1,rev,-90.0,11.8,-62.427,-90.0,-65.209,240.0,102.0,-4.886,35.0,-99.82,-100.0,-100.0,8.0,0.0,0.0,31.0,-100.0,-100.0,-100.0,-24.0,1.0,-0.0,30.0,-88.4,-88.0,-88.0,-24.0,1.0,-0.0,31.0,-100.0,-100.0,-100.0,-8.0,0.0,-0.0,30.0,10.244,9.756,9.756,8.0,0.0,0.0,31.0,23.299,23.299,23.299,0.0,0.0,0.0,31.0
109.6618,1,rev,-90.0,11.8,-62.517,-90.0,-65.317,228.0,92.0,-4.434,35.0,-99.82,-100.0,-100.0,8.0,0.0,0.0,31.0,-100.0,-100.0,-100.0,-24.0,1.0,-0.0,30.0,-88.4,-88.0,-88.0,-24.0,1.0,-0.0,31.0,-100.0,-100.0,-100.0,-8.0,0.0,-0.0,30.0,10.244,9.756,9.756,8.0,0.0,0.0,31.0,23.299,23.299,23.299,0.0,0.0,0.0,31.0
109.7146,1,rev,-90.0,11.8,-62.697,-90.0,-65.653,228.0,92.0,-3.512,35.0,-99.82,-100.0,-100.0,8.0,0.0,0.0,31.0,-100.0,-100.0,-100.0,-24.0,1.0,-0.0,30.0,-88.4,-88.0,-88.0,-24.0,1.0,-0.0,31.0,-100.0,-100.0,-100.0,-8.0,0.0,-0.0,30.0,10.244,9.756,9.756,8.0,0.0,0.0,31.0,23.299,23.299,23.299,0.0,0.0,0.0,31.0
109.7673,1,rev,-90.0,11.8,-62.697,-90.0,-65.868,228.0,92.0,-1.721,35.0,-99.82,-100.0,-100.0,8.0,0.0,0.0,31.0,-100.0,-100.0,-100.0,-24.0,1.0,-0.0,30.0,-88.4,-88.0,-88.0,-24.0,1.0,-0.0,31.0,-100.0,-100.0,-100.0,-8.0,0.0,-0.0,30.0,10.244,9.756,9.756,8.0,0.0,0.0,31.0,23.299,23.299,23.299,0.0,0.0,0.0,31.0
109.8207,1,rev,-90.0,11.8,-62.966,-90.0,-66.085,228.0,92.0,-3.867,35.0,-99.82,-100.0,-100.0,8.0,0.0,0.0,31.0,-100.0,-100.0,-100.0,-24.0,1.0,-0.0,30.0,-88.4,-88.0,-88.0,-24.0,1.0,-0.0,31.0,-100.0,-100.0,-100.0,-8.0,0.0,-0.0,30.0,10.244,9.756,9.756,8.0,0.0,0.0,31.0,23.299,23.299,23.299,0.0,0.0,0.0,31.0
109.874,1,rev,-90.0,11.8,-63.146,-90.0,-66.298,228.0,92.0,-3.32,35.0,-99.82,-100.0,-100.0,8.0,0.0,0.0,31.0,-100.0,-100.0,-100.0,-24.0,1.0,-0.0,30.0,-88.4,-88.0,-88.0,-24.0,1.0,-0.0,31.0,-100.0,-100.0,-100.0,-8.0,0.0,-0.0,30.0,10.244,9.756,9.756,8.0,0.0,0.0,31.0,23.299,23.299,23.299,0.0,0.0,0.0,31.0
109.927,1,rev,-90.0,11.8,-63.596,-90.0,-66.511,228.0,92.0,-6.071,35.0,-99.82,-100.0,-100.0,8.0,0.0,0.0,31.0,-100.0,-100.0,-100.0,-24.0,1.0,-0.0,30.0,-88.4,-88.0,-88.0,-24.0,1.0,-0.0,31.0,-100.0,-100.0,-100.0,-8.0,0.0,-0.0,30.0,10.244,9.756,9.756,8.0,0.0,0.0,31.0,23.299,23.299,23.299,0.0,0.0,0.0,31.0
109.9799,1,rev,-90.0,11.8,-64.045,-90.0,-66.725,228.0,92.0,-7.444,35.0,-99.82,-100.0,-100.0,8.0,0.0,0.0,31.0,-100.0,-100.0,-100.0,-24.0,1.0,-0.0,30.0,-88.4,-88.0,-88.0,-24.0,1.0,-0.0,31.0,-100.0,-100.0,-100.0,-8.0,0.0,-0.0,30.0,10.244,9.756,9.756,8.0,0.0,0.0,31.0,23.299,23.299,23.299,0.0,0.0,0.0,31.0
110.0334,1,rev,-90.0,11.8,-64.135,-90.0,-66.941,228.0,92.0,-4.646,35.0,-99.82,-100.0,-100.0,8.0,0.0,0.0,31.0,-100.0,-100.0,-100.0,-24.0,1.0,-0.0,30.0,-88.4,-88.0,-88.0,-24.0,1.0,-0.0,31.0,-100.0,-100.0,-100.0,-8.0,0.0,-0.0,30.0,10.244,9.756,9.756,8.0,0.0,0.0,31.0,23.299,23.299,23.299,0.0,0.0,0.0,31.0
110.0875,1,rev,-90.0,11.8,-64.135,-90.0,-67.156,228.0,92.0,-2.276,35.0,-99.82,-100.0,-100.0,8.0,0.0,0.0,31.0,-100.0,-100.0,-100.0,-24.0,1.0,-0.0,30.0,-88.4,-88.0,-88.0,-24.0,1.0,-0.0,31.0,-100.0,-100.0,-100.0,-8.0,0.0,-0.0,30.0,10.244,9.756,9.756,8.0,0.0,0.0,31.0,23.299,23.299,23.299,0.0,0.0,0.0,31.0
110.14,1,rev,-90.0,11.8,-64.135,-90.0,-67.372,228.0,92.0,-1.115,35.0,-99.82,-100.0,-100.0,8.0,0.0,0.0,31.0,-100.0,-100.0,-100.0,-24.0,1.0,-0.0,30.0,-88.4,-88.0,-88.0,-24.0,1.0,-0.0,31.0,-100.0,-100.0,-100.0,-8.0,0.0,-0.0,30.0,10.244,9.756,9.756,8.0,0.0,0.0,31.0,23.299,23.299,23.299,0.0,0.0,0.0,31.0
110.1933,1,rev,-90.0,11.8,-64.315,-90.0,-67.586,228.0,92.0,-2.564,35.0,-99.82,-100.0,-100.0,8.0,0.0,0.0,31.0,-100.0,-100.0,-100.0,-24.0,1.0,-0.0,30.0,-88.4,-88.0,-88.0,-24.0,1.0,-0.0,31.0,-100.0,-100.0,-100.0,-8.0,0.0,-0.0,30.0,10.244,9.756,9.756,8.0,0.0,0.0,31.0,23.299,23.299,23.299,0.0,0.0,0.0,31.0
110.2467,1,rev,-90.0,11.7,-64.674,-90.0,-67.825,288.0,135.0,-3.606,35.0,-99.82,-100.0,-100.0,8.0,0.0,0.0,31.0,-100.0,-100.0,-100.0,-24.0,1.0,-0.0,30.0,-88.4,-88.0,-88.0,-24.0,1.0,-0.0,31.0,-100.0,-100.0,-100.0,0.0,0.0,-0.0,30.0,10.244,9.756,9.756,8.0,0.0,0.0,31.0,23.299,23.299,23.299,0.0,0.0,0.0,31.0
110.2997,1,rev,-90.0,11.7,-64.944,-90.0,-68.038,288.0,135.0,-4.494,35.0,-99.82,-100.0,-100.0,8.0,0.0,0.0,31.0,-100.0,-100.0,-100.0,-24.0,1.0,-0.0,30.0,-88.4,-88.0,-88.0,-24.0,1.0,-0.0,31.0,-100.0,-100.0,-100.0,0.0,0.0,-0.0,30.0,10.244,9.756,9.756,8.0,0.0,0.0,31.0,23.299,23.299,23.299,0.0,0.0,0.0,31.0
110.3527,1,rev,-90.0,11.7,-65.483,-90.0,-68.25,288.0,135.0,-6.776,35.0,-99.82,-100.0,-100.0,8.0,0.0,0.0,31.0,-100.0,-100.0,-100.0,-24.0,1.0,-0.0,30.0,-88.4,-88.0,-88.0,-24.0,1.0,-0.0,31.0,-100.0,-100.0,-100.0,0.0,0.0,-0.0,30.0,10.244,9.756,9.756,8.0,0.0,0.0,31.0,23.299,23.299,23.299,0.0,0.0,0.0,31.0
110.4056,1,rev,-90.0,11.7,-65.573,-90.0,-68.463,288.0,135.0,-5.758,35.0,-99.82,-100.0,-100.0,8.0,0.0,0.0,31.0,-100.0,-100.0,-100.0,-24.0,1.0,-0.0,30.0,-88.4,-88.0,-88.0,-24.0,1.0,-0.0,31.0,-100.0,-100.0,-100.0,0.0,0.0,-0.0,30.0,10.244,9.756,9.756,8.0,0.0,0.0,31.0,23.299,23.299,23.299,0.0,0.0,0.0,31.0
110.4587,1,rev,-90.0,11.7,-65.573,-90.0,-68.687,288.0,135.0,-2.821,35.0,-99.82,-100.0,-100.0,8.0,0.0,0.0,31.0,-100.0,-100.0,-100.0,-24.0,1.0,-0.0,30.0,-88.4,-88.0,-88.0,-24.0,1.0,-0.0,31.0,-100.0,-100.0,-100.0,0.0,0.0,-0.0,30.0,10.244,9.756,9.756,8.0,0.0,0.0,31.0,23.299,23.299,23.299,0.0,0.0,0.0,31.0
110.5118,1,rev,-90.0,11.7,-65.573,-90.0,-68.913,288.0,135.0,-1.382,35.0,-99.82,-100.0,-100.0,8.0,0.0,0.0,31.0,-100.0,-100.0,-100.0,-24.0,1.0,-0.0,30.0,-88.4,-88.0,-88.0,-24.0,1.0,-0.0,31.0,-100.0,-100.0,-100.0,0.0,0.0,-0.0,30.0,10.244,9.756,9.756,8.0,0.0,0.0,31.0,23.299,23.299,23.299,0.0,0.0,0.0,31.0
110.5661,1,rev,-90.0,11.7,-65.573,-90.0,-69.032,288.0,135.0,-0.677,35.0,-99.82,-100.0,-100.0,8.0,0.0,0.0,31.0,-100.0,-100.0,-100.0,-24.0,1.0,-0.0,30.0,-88.4,-88.0,-88.0,-24.0,1.0,-0.0,31.0,-100.0,-100.0,-100.0,0.0,0.0,-0.0,30.0,10.244,9.756,9.756,8.0,0.0,0.0,31.0,23.299,23.299,23.299,0.0,0.0,0.0,31.0
110.6195,1,rev,-90.0,11.7,-65.933,-90.0,-69.251,288.0,135.0,-3.393,35.0,-99.82,-100.0,-100.0,8.0,0.0,0.0,31.0,-100.0,-100.0,-100.0,-24.0,1.0,-0.0,30.0,-88.4,-88.0,-88.0,-24.0,1.0,-0.0,31.0,-100.0,-100.0,-100.0,0.0,0.0,-0.0,30.0,10.244,9.756,9.756,8.0,0.0,0.0,31.0,23.299,23.299,23.299,0.0,0.0,0.0,31.0
110.672,1,rev,-90.0,11.7,-66.472,-90.0,-69.465,288.0,135.0,-7.148,35.0,-99.82,-100.0,-100.0,8.0,0.0,0.0,31.0,-100.0,-100.0,-100.0,-24.0,1.0,-0.0,30.0,-88.4,-88.0,-88.0,-24.0,1.0,-0.0,31.0,-100.0,-100.0,-100.0,0.0,0.0,-0.0,30.0,10.244,9.756,9.756,8.0,0.0,0.0,31.0,23.299,23.299,23.299,0.0,0.0,0.0,31.0
110.7256,1,rev,-90.0,11.7,-66.921,-90.0,-69.68,288.0,135.0,-7.6,35.0,-99.82,-100.0,-100.0,8.0,0.0,0.0,31.0,-100.0,-100.0,-100.0,-24.0,1.0,-0.0,30.0,-88.4,-88.0,-88.0,-24.0,1.0,-0.0,31.0,-100.0,-100.0,-100.0,0.0,0.0,-0.0,30.0,10.244,9.756,9.756,8.0,0.0,0.0,31.0,23.299,23.299,23.299,0.0,0.0,0.0,31.0
110.7788,1,rev,-90.0,11.7,-67.101,-90.0,-69.893,288.0,135.0,-5.439,35.0,-99.82,-100.0,-100.0,8.0,0.0,0.0,31.0,-100.0,-100.0,-100.0,-24.0,1.0,-0.0,30.0,-88.4,-88.0,-88.0,-24.0,1.0,-0.0,31.0,-100.0,-100.0,-100.0,0.0,0.0,-0.0,30.0,10.244,9.756,9.756,8.0,0.0,0.0,31.0,23.299,23.299,23.299,0.0,0.0,0.0,31.0
110.832,1,rev,-90.0,11.8,-67.371,-90.0,-70.132,232.0,87.0,-5.163,35.0,-99.82,-100.0,-100.0,8.0,0.0,0.0,31.0,-100.0,-100.0,-100.0,-24.0,1.0,-0.0,30.0,-88.4,-88.0,-88.0,-24.0,1.0,-0.0,31.0,-100.0,-100.0,-100.0,-8.0,0.0,-0.0,30.0,10.244,9.756,9.756,8.0,0.0,0.0,31.0,23.299,23.299,23.299,0.0,0.0,0.0,31.0
110.885,1,rev,-90.0,11.8,-67.371,-90.0,-70.346,232.0,87.0,-2.53,35.0,-99.82,-100.0,-100.0,8.0,0.0,0.0,31.0,-100.0,-100.0,-100.0,-24.0,1.0,-0.0,30.0,-88.4,-88.0,-88.0,-24.0,1.0,-0.0,31.0,-100.0,-100.0,-100.0,-8.0,0.0,-0.0,30.0,10.244,9.756,9.756,8.0,0.0,0.0,31.0,23.299,23.299,23.299,0.0,0.0,0.0,31.0
110.9383,1,rev,-90.0,11.8,-67.461,-90.0,-70.559,232.0,87.0,-2.252,35.0,-99.82,-100.0,-100.0,8.0,0.0,0.0,31.0,-100.0,-100.0,-100.0,-24.0,1.0,-0.0,30.0,-88.4,-88.0,-88.0,-24.0,1.0,-0.0,31.0,-100.0,-100.0,-100.0,-8.0,0.0,-0.0,30.0,10.244,9.756,9.756,8.0,0.0,0.0,31.0,23.299,23.299,23.299,0.0,0.0,0.0,31.0
110.9913,1,rev,-90.0,11.8,-67.551,-90.0,-70.773,232.0,87.0,-1.804,35.0,-99.82,-100.0,-100.0,8.0,0.0,0.0,31.0,-100.0,-100.0,-100.0,-24.0,1.0,-0.0,30.0,-88.4,-88.0,-88.0,-24.0,1.0,-0.0,31.0,-100.0,-100.0,-100.0,-8.0,0.0,-0.0,30.0,10.244,9.756,9.756,8.0,0.0,0.0,31.0,23.299,23.299,23.299,0.0,0.0,0.0,31.0
111.0446,1,rev,-90.0,11.8,-67.64,-90.0,-70.99,232.0,87.0,-1.577,35.0,-99.82,-100.0,-100.0,8.0,0.0,0.0,31.0,-100.0,-100.0,-100.0,-24.0,1.0,-0.0,30.0,-88.4,-88.0,-88.0,-24.0,1.0,-0.0,31.0,-100.0,-100.0,-100.0,-8.0,0.0,-0.0,30.0,10.244,9.756,9.756,8.0,0.0,0.0,31.0,23.299,23.299,23.299,0.0,0.0,0.0,31.0
111.0979,1,rev,-90.0,11.8,-68.18,-90.0,-71.204,232.0,87.0,-5.287,35.0,-99.82,-100.0,-100.0,8.0,0.0,0.0,31.0,-100.0,-100.0,-100.0,-24.0,1.0,-0.0,30.0,-88.4,-88.0,-88.0,-24.0,1.0,-0.0,31.0,-100.0,-100.0,-100.0,-8.0,0.0,-0.0,30.0,10.244,9.756,9.756,8.0,0.0,0.0,31.0,23.299,23.299,23.299,0.0,0.0,0.0,31.0
111.1511,1,rev,-90.0,11.8,-68.36,-90.0,-71.42,232.0,87.0,-4.009,35.0,-99.82,-100.0,-100.0,8.0,0.0,0.0,31.0,-100.0,-100.0,-100.0,-24.0,1.0,-0.0,30.0,-88.4,-88.0,-88.0,-24.0,1.0,-0.0,31.0,-100.0,-100.0,-100.0,-8.0,0.0,-0.0,30.0,10.244,9.756,9.756,8.0,0.0,0.0,31.0,23.299,23.299,23.299,0.0,0.0,0.0,31.0
111.2041,1,rev,-90.0,11.8,-68.629,-90.0,-71.64,232.0,87.0,-4.657,35.0,-99.82,-100.0,-100.0,8.0,0.0,0.0,31.0,-100.0,-100.0,-100.0,-24.0,1.0,-0.0,30.0,-88.4,-88.0,-88.0,-24.0,1.0,-0.0,31.0,-100.0,-100.0,-100.0,-8.0,0.0,-0.0,30.0,10.244,9.756,9.756,8.0,0.0,0.0,31.0,23.299,23.299,23.299,0.0,0.0,0.0,31.0
111.2578,1,rev,-90.0,11.8,-68.899,-90.0,-71.859,232.0,87.0,-4.637,35.0,-99.82,-100.0,-100.0,8.0,0.0,0.0,31.0,-100.0,-100.0,-100.0,-24.0,1.0,-0.0,30.0,-88.4,-88.0,-88.0,-24.0,1.0,-0.0,31.0,-100.0,-100.0,-100.0,-8.0,0.0,-0.0,30.0,10.244,9.756,9.756,8.0,0.0,0.0,31.0,23.299,23.299,23.299,0.0,0.0,0.0,31.0
111.3098,1,rev,-90.0,11.8,-68.989,-90.0,-72.074,232.0,87.0,-2.979,35.0,-99.82,-100.0,-100.0,8.0,0.0,0.0,31.0,-100.0,-100.0,-100.0,-24.0,1.0,-0.0,30.0,-88.4,-88.0,-88.0,-24.0,1.0,-0.0,31.0,-100.0,-100.0,-100.0,-8.0,0.0,-0.0,30.0,10.244,9.756,9.756,8.0,0.0,0.0,31.0,23.299,23.299,23.299,0.0,0.0,0.0,31.0
111.3628,1,rev,-90.0,11.8,-69.079,-90.0,-72.181,232.0,87.0,-3.089,35.0,-99.82,-100.0,-100.0,8.0,0.0,0.0,31.0,-100.0,-100.0,-100.0,-24.0,1.0,-0.0,30.0,-88.4,-88.0,-88.0,-24.0,1.0,-0.0,31.0,-100.0,-100.0,-100.0,-8.0,0.0,-0.0,30.0,10.244,9.756,9.756,8.0,0.0,0.0,31.0,23.299,23.299,23.299,0.0,0.0,0.0,31.0
111.4162,1,rev,-90.0,11.8,-69.528,-90.0,-72.53,256.0,104.0,-4.389,35.0,-99.82,-100.0,-100.0,8.0,1.0,0.0,31.0,-100.0,-100.0,-100.0,-24.0,1.0,-0.0,30.0,-88.4,-88.0,-88.0,-24.0,1.0,-0.0,31.0,-100.0,-100.0,-100.0,-8.0,0.0,-0.0,30.0,10.244,9.756,9.756,8.0,0.0,0.0,31.0,23.299,23.299,23.299,0.0,0.0,0.0,31.0
111.4696,1,rev,-90.0,11.8,-69.798,-90.0,-72.638,256.0,104.0,-4.86,35.0,-99.82,-100.0,-100.0,8.0,1.0,0.0,31.0,-100.0,-100.0,-100.0,-24.0,1.0,-0.0,30.0,-88.4,-88.0,-88.0,-24.0,1.0,-0.0,31.0,-100.0,-100.0,-100.0,-8.0,0.0,-0.0,30.0,10.244,9.756,9.756,8.0,0.0,0.0,31.0,23.299,23.299,23.299,0.0,0.0,0.0,31.0
111.5234,1,rev,-90.0,11.8,-69.798,-90.0,-72.865,256.0,104.0,-2.382,35.0,-99.82,-100.0,-100.0,8.0,1.0,0.0,31.0,-100.0,-100.0,-100.0,-24.0,1.0,-0.0,30.0,-88.4,-88.0,-88.0,-24.0,1.0,-0.0,31.0,-100.0,-100.0,-100.0,-8.0,0.0,-0.0,30.0,10.244,9.756,9.756,8.0,0.0,0.0,31.0,23.299,23.299,23.299,0.0,0.0,0.0,31.0
111.577,1,rev,-90.0,11.8,-69.888,-90.0,-73.079,256.0,104.0,-1.881,35.0,-99.82,-100.0,-100.0,8.0,1.0,0.0,31.0,-100.0,-100.0,-100.0,-24.0,1.0,-0.0,30.0,-88.4,-88.0,-88.0,-24.0,1.0,-0.0,31.0,-100.0,-100.0,-100.0,-8.0,0.0,-0.0,30.0,10.244,9.756,9.756,8.0,0.0,0.0,31.0,23.299,23.299,23.299,0.0,0.0,0.0,31.0
111.6311,1,rev,-90.0,11.8,-70.157,-90.0,-73.295,256.0,104.0,-3.623,35.0,-99.82,-100.0,-100.0,8.0,1.0,0.0,31.0,-100.0,-100.0,-100.0,-24.0,1.0,-0.0,30.0,-88.4,-88.0,-88.0,-24.0,1.0,-0.0,31.0,-100.0,-100.0,-100.0,-8.0,0.0,-0.0,30.0,10.244,9.756,9.756,8.0,0.0,0.0,31.0,23.299,23.299,23.299,0.0,0.0,0.0,31.0
111.684,1,rev,-90.0,11.8,-70.247,-90.0,-73.51,256.0,104.0,-2.475,35.0,-99.82,-100.0,-100.0,8.0,1.0,0.0,31.0,-100.0,-100.0,-100.0,-24.0,1.0,-0.0,30.0,-88.4,-88.0,-88.0,-24.0,1.0,-0.0,31.0,-100.0,-100.0,-100.0,-8.0,0.0,-0.0,30.0,10.244,9.756,9.756,8.0,0.0,0.0,31.0,23.299,23.299,23.299,0.0,0.0,0.0,31.0
111.7376,1,rev,-90.0,11.8,-70.427,-90.0,-73.725,256.0,104.0,-2.917,35.0,-99.82,-100.0,-100.0,8.0,1.0,0.0,31.0,-100.0,-100.0,-100.0,-24.0,1.0,-0.0,30.0,-88.4,-88.0,-88.0,-24.0,1.0,-0.0,31.0,-100.0,-100.0,-100.0,-8.0,0.0,-0.0,30.0,10.244,9.756,9.756,8.0,0.0,0.0,31.0,23.299,23.299,23.299,0.0,0.0,0.0,31.0
111.7904,1,rev,-90.0,11.8,-70.787,-90.0,-73.94,256.0,104.0,-5.158,35.0,-99.82,-100.0,-100.0,8.0,1.0,0.0,31.0,-100.0,-100.0,-100.0,-24.0,1.0,-0.0,30.0,-88.4,-88.0,-88.0,-24.0,1.0,-0.0,31.0,-100.0,-100.0,-100.0,-8.0,0.0,-0.0,30.0,10.244,9.756,9.756,8.0,0.0,0.0,31.0,23.299,23.299,23.299,0.0,0.0,0.0,31.0
111.8436,1,rev,-90.0,11.8,-71.146,-90.0,-74.153,256.0,104.0,-5.972,35.0,-99.82,-100.0,-100.0,8.0,1.0,0.0,31.0,-100.0,-100.0,-100.0,-24.0,1.0,-0.0,30.0,-88.4,-88.0,-88.0,-24.0,1.0,-0.0,31.0,-100.0,-100.0,-100.0,-8.0,0.0,-0.0,30.0,10.244,9.756,9.756,8.0,0.0,0.0,31.0,23.299,23.299,23.299,0.0,0.0,0.0,31.0
111.8966,1,rev,-90.0,11.8,-71.236,-90.0,-74.369,256.0,104.0,-3.918,35.0,-99.82,-100.0,-100.0,8.0,1.0,0.0,31.0,-100.0,-100.0,-100.0,-24.0,1.0,-0.0,30.0,-88.4,-88.0,-88.0,-24.0,1.0,-0.0,31.0,-100.0,-100.0,-100.0,-8.0,0.0,-0.0,30.0,10.244,9.756,9.756,8.0,0.0,0.0,31.0,23.299,23.299,23.299,0.0,0.0,0.0,31.0
111.9501,1,rev,-90.0,11.7,-71.236,-90.0,-74.476,284.0,141.0,-2.743,35.0,-99.82,-100.0,-100.0,8.0,0.0,0.0,31.0,-100.0,-100.0,-100.0,-24.0,1.0,-0.0,30.0,-88.4,-88.0,-88.0,-24.0,1.0,-0.0,31.0,-100.0,-100.0,-100.0,-8.0,0.0,-0.0,30.0,10.244,9.756,9.756,8.0,0.0,0.0,31.0,23.299,23.299,23.299,0.0,0.0,0.0,31.0
112.0038,1,rev,-90.0,11.7,-71.416,-90.0,-74.81,284.0,141.0,-3.347,35.0,-99.82,-100.0,-100.0,8.0,0.0,0.0,31.0,-100.0,-100.0,-100.0,-24.0,1.0,-0.0,30.0,-88.4,-88.0,-88.0,-24.0,1.0,-0.0,31.0,-100.0,-100.0,-100.0,-8.0,0.0,-0.0,30.0,10.244,9.756,9.756,8.0,0.0,0.0,31.0,23.299,23.299,23.299,0.0,0.0,0.0,31.0
112.056,1,rev,-90.0,11.7,-71.685,-90.0,-75.028,284.0,141.0,-4.02,35.0,-99.82,-100.0,-100.0,8.0,0.0,0.0,31.0,-100.0,-100.0,-100.0,-24.0,1.0,-0.0,30.0,-88.4,-88.0,-88.0,-24.0,1.0,-0.0,31.0,-100.0,-100.0,-100.0,-8.0,0.0,-0.0,30.0,10.244,9.756,9.756,8.0,0.0,0.0,31.0,23.299,23.299,23.299,0.0,0.0,0.0,31.0
112.1099,1,rev,-90.0,11.7,-71.865,-90.0,-75.242,284.0,141.0,-3.686,35.0,-99.82,-100.0,-100.0,8.0,0.0,0.0,31.0,-100.0,-100.0,-100.0,-24.0,1.0,-0.0,30.0,-88.4,-88.0,-88.0,-24.0,1.0,-0.0,31.0,-100.0,-100.0,-100.0,-8.0,0.0,-0.0,30.0,10.244,9.756,9.756,8.0,0.0,0.0,31.0,23.299,23.299,23.299,0.0,0.0,0.0,31.0
112.1632,1,rev,-90.0,11.7,-72.404,-90.0,-75.457,284.0,141.0,-7.248,35.0,-99.82,-100.0,-100.0,8.0,0.0,0.0,31.0,-100.0,-100.0,-100.0,-24.0,1.0,-0.0,30.0,-88.4,-88.0,-88.0,-24.0,1.0,-0.0,31.0,-100.0,-100.0,-100.0,-8.0,0.0,-0.0,30.0,10.244,9.756,9.756,8.0,0.0,0.0,31.0,23.299,23.299,23.299,0.0,0.0,0.0,31.0
112.2163,1,rev,-90.0,11.7,-72.584,-90.0,-75.672,284.0,141.0,-5.253,35.0,-99.82,-100.0,-100.0,8.0,0.0,0.0,31.0,-100.0,-100.0,-100.0,-24.0,1.0,-0.0,30.0,-88.4,-88.0,-88.0,-24.0,1.0,-0.0,31.0,-100.0,-100.0,-100.0,-8.0,0.0,-0.0,30.0,10.244,9.756,9.756,8.0,0.0,0.0,31.0,23.299,23.299,23.299,0.0,0.0,0.0,31.0
112.2696,1,rev,-90.0,11.7,-72.674,-90.0,-75.888,284.0,141.0,-3.269,35.0,-99.82,-100.0,-100.0,8.0,0.0,0.0,31.0,-100.0,-100.0,-100.0,-24.0,1.0,-0.0,30.0,-88.4,-88.0,-88.0,-24.0,1.0,-0.0,31.0,-100.0,-100.0,-100.0,-8.0,0.0,-0.0,30.0,10.244,9.756,9.756,8.0,0.0,0.0,31.0,23.299,23.299,23.299,0.0,0.0,0.0,31.0
112.3221,1,rev,-90.0,11.7,-72.674,-90.0,-76.104,284.0,141.0,-1.602,35.0,-99.82,-100.0,-100.0,8.0,0.0,0.0,31.0,-100.0,-100.0,-100.0,-24.0,1.0,-0.0,30.0,-88.4,-88.0,-88.0,-24.0,1.0,-0.0,31.0,-100.0,-100.0,-100.0,-8.0,0.0,-0.0,30.0,10.244,9.756,9.756,8.0,0.0,0.0,31.0,23.299,23.299,23.299,0.0,0.0,0.0,31.0
112.3757,1,rev,-90.0,11.7,-72.674,-90.0,-76.32,284.0,141.0,-0.785,35.0,-99.82,-100.0,-100.0,8.0,0.0,0.0,31.0,-100.0,-100.0,-100.0,-24.0,1.0,-0.0,30.0,-88.4,-88.0,-88.0,-24.0,1.0,-0.0,31.0,-100.0,-100.0,-100.0,-8.0,0.0,-0.0,30.0,10.244,9.756,9.756,8.0,0.0,0.0,31.0,23.299,23.299,23.299,0.0,0.0,0.0,31.0
112.4279,1,rev,-90.0,11.7,-72.674,-90.0,-76.534,284.0,141.0,-0.385,35.0,-99.82,-100.0,-100.0,8.0,0.0,0.0,31.0,-100.0,-100.0,-100.0,-24.0,1.0,-0.0,30.0,-88.4,-88.0,-88.0,-24.0,1.0,-0.0,31.0,-100.0,-100.0,-100.0,-8.0,0.0,-0.0,30.0,10.244,9.756,9.756,8.0,0.0,0.0,31.0,23.299,23.299,23.299,0.0,0.0,0.0,31.0
112.4799,1,rev,-90.0,11.7,-73.213,-90.0,-76.746,284.0,141.0,-5.067,35.0,-99.82,-100.0,-100.0,8.0,0.0,0.0,31.0,-100.0,-100.0,-100.0,-24.0,1.0,-0.0,30.0,-88.4,-88.0,-88.0,-24.0,1.0,-0.0,31.0,-100.0,-100.0,-100.0,-8.0,0.0,-0.0,30.0,10.244,9.756,9.756,8.0,0.0,0.0,31.0,23.505,23.299,23.299,0.0,0.0,2.331,31.0
112.5331,1,rev,-90.0,11.7,-73.753,-90.0,-76.973,308.0,172.0,-6.405,35.0,-99.82,-100.0,-100.0,8.0,0.0,0.0,31.0,-100.0,-100.0,-100.0,-24.0,1.0,-0.0,30.0,-88.4,-88.0,-88.0,-24.0,1.0,-0.0,31.0,-100.0,-100.0,-100.0,-8.0,0.0,-0.0,30.0,10.244,9.756,9.756,8.0,0.0,0.0,31.0,23.299,23.299,23.299,8.0,0.0,0.539,31.0
112.5861,1,rev,-90.0,11.7,-74.022,-90.0,-77.189,308.0,172.0,-7.47,35.0,-99.64,-100.0,-100.0,8.0,0.0,1.996,31.0,-100.0,-100.0,-100.0,-24.0,1.0,-0.0,30.0,-88.4,-88.0,-88.0,-24.0,1.0,-0.0,31.0,-100.0,-100.0,-100.0,-8.0,0.0,-0.0,30.0,10.244,9.756,9.756,8.0,0.0,0.0,31.0,23.299,23.299,23.299,8.0,0.0,0.377,31.0
112.6398,1,rev,-90.0,11.7,-74.292,-90.0,-77.415,308.0,172.0,-6.281,35.0,-99.64,-100.0,-100.0,8.0,0.0,0.978,31.0,-100.0,-100.0,-100.0,-24.0,1.0,-0.0,30.0,-88.4,-88.0,-88.0,-24.0,1.0,-0.0,31.0,-100.0,-100.0,-100.0,-8.0,0.0,-0.0,30.0,10.244,9.756,9.756,8.0,0.0,0.0,31.0,23.299,23.299,23.299,8.0,0.0,0.185,31.0
112.6933,1,rev,-90.0,11.7,-74.562,-90.0,-77.64,308.0,172.0,-5.002,35.0,-99.64,-100.0,-100.0,8.0,0.0,0.479,31.0,-100.0,-100.0,-100.0,-24.0,1.0,-0.0,30.0,-88.4,-88.0,-88.0,-24.0,1.0,-0.0,31.0,-100.0,-100.0,-100.0,-8.0,0.0,-0.0,30.0,10.244,9.756,9.756,8.0,0.0,0.0,31.0,23.299,23.299,23.299,8.0,0.0,0.091,31.0
112.7458,1,rev,-90.0,11.7,-74.562,-90.0,-77.758,308.0,172.0,-2.451,35.0,-99.64,-100.0,-100.0,8.0,0.0,0.235,31.0,-100.0,-100.0,-100.0,-24.0,1.0,-0.0,30.0,-88.4,-88.0,-88.0,-24.0,1.0,-0.0,31.0,-100.0,-100.0,-100.0,-8.0,0.0,-0.0,30.0,10.244,9.756,9.756,8.0,0.0,0.0,31.0,23.299,23.299,23.299,8.0,0.0,0.044,31.0
112.7989,1,rev,-90.0,11.7,-74.562,-90.0,-77.971,308.0,172.0,-1.201,35.0,-99.64,-100.0,-100.0,8.0,0.0,0.115,31.0,-100.0,-100.0,-100.0,-24.0,1.0,-0.0,30.0,-88.4,-88.0,-88.0,-24.0,1.0,-0.0,31.0,-100.0,-100.0,-100.0,-8.0,0.0,-0.0,30.0,10.732,9.756,9.756,8.0,0.0,5.481,31.0,23.299,23.299,23.299,8.0,0.0,0.022,31.0
112.852,1,rev,-90.0,11.7,-74.652,-90.0,-78.185,308.0,172.0,-1.295,35.0,-99.64,-100.0,-100.0,8.0,0.0,0.056,31.0,-100.0,-100.0,-100.0,-24.0,1.0,-0.0,30.0,-88.4,-88.0,-88.0,-24.0,1.0,-0.0,31.0,-100.0,-100.0,-100.0,-8.0,0.0,-0.0,30.0,10.732,9.756,9.756,8.0,0.0,2.686,31.0,23.299,23.299,23.299,8.0,0.0,0.011,31.0
112.9051,1,rev,-90.0,11.7,-74.742,-90.0,-78.398,308.0,172.0,-1.342,35.0,-99.64,-100.0,-100.0,8.0,0.0,0.028,31.0,-100.0,-100.0,-100.0,-24.0,1.0,-0.0,30.0,-88.4,-88.0,-88.0,-24.0,1.0,-0.0,31.0,-100.0,-100.0,-100.0,-8.0,0.0,-0.0,30.0,10.732,9.756,9.756,8.0,0.0,1.316,31.0,23.299,23.299,23.299,8.0,0.0,0.005,31.0
112.9589,1,rev,-90.0,11.7,-75.281,-90.0,-78.613,308.0,172.0,-5.195,35.0,-99.64,-100.0,-100.0,8.0,0.0,0.014,31.0,-100.0,-100.0,-100.0,-24.0,1.0,-0.0,30.0,-88.4,-88.0,-88.0,-24.0,1.0,-0.0,31.0,-100.0,-100.0,-100.0,-8.0,0.0,-0.0,30.0,10.732,9.756,9.756,8.0,0.0,0.645,31.0,23.299,23.299,23.299,8.0,0.0,0.003,31.0
113.0123,1,rev,-90.0,11.7,-75.551,-90.0,-78.829,308.0,172.0,-5.278,35.0,-99.64,-100.0,-100.0,8.0,0.0,0.007,31.0,-100.0,-100.0,-100.0,-24.0,1.0,-0.0,30.0,-88.4,-88.0,-88.0,-24.0,1.0,-0.0,31.0,-100.0,-100.0,-100.0,-8.0,0.0,-0.0,30.0,10.732,9.756,9.756,8.0,0.0,0.316,31.0,23.299,23.299,23.299,8.0,0.0,0.001,31.0
113.0652,1,rev,-90.0,11.7,-75.73,-90.0,-79.042,308.0,172.0,-4.593,35.0,-99.64,-100.0,-100.0,8.0,0.0,0.003,31.0,-100.0,-100.0,-100.0,-24.0,1.0,-0.0,30.0,-88.4,-88.0,-88.0,-24.0,1.0,-0.0,31.0,-100.0,-100.0,-100.0,-8.0,0.0,-0.0,30.0,10.732,9.756,9.756,8.0,0.0,0.155,31.0,23.299,23.299,23.299,8.0,0.0,0.001,31.0
113.119,1,rev,-90.0,11.7,-76.09,-90.0,-79.286,280.0,124.0,-4.989,35.0,-99.64,-100.0,-100.0,16.0,0.0,0.002,31.0,-100.0,-100.0,-100.0,-24.0,1.0,-0.0,30.0,-88.4,-88.0,-88.0,-24.0,1.0,-0.0,31.0,-100.0,-100.0,-100.0,-8.0,0.0,-0.0,30.0,10.732,9.756,9.756,16.0,0.0,0.108,31.0,23.299,23.299,23.299,0.0,0.0,0.0,31.0
113.1725,1,rev,-90.0,11.7,-76.18,-90.0,-79.501,280.0,124.0,-3.427,35.0,-99.64,-100.0,-100.0,16.0,0.0,0.001,31.0,-100.0,-100.0,-100.0,-24.0,1.0,-0.0,30.0,-88.4,-88.0,-88.0,-24.0,1.0,-0.0,31.0,-100.0,-100.0,-100.0,-8.0,0.0,-0.0,30.0,10.732,9.756,9.756,16.0,0.0,0.053,31.0,23.299,23.299,23.299,0.0,0.0,0.0,31.0
113.2258,1,rev,-90.0,11.7,-76.36,-90.0,-79.718,280.0,124.0,-3.665,35.0,-99.64,-100.0,-100.0,16.0,0.0,0.001,31.0,-100.0,-100.0,-100.0,-24.0,1.0,-0.0,30.0,-88.4,-88.0,-88.0,-24.0,1.0,-0.0,31.0,-100.0,-100.0,-100.0,-8.0,0.0,-0.0,30.0,10.732,9.756,9.756,16.0,0.0,0.026,31.0,23.299,23.299,23.299,0.0,0.0,0.0,31.0
113.2792,1,rev,-90.0,11.7,-76.719,-90.0,-79.934,280.0,124.0,-4.592,35.0,-99.64,-100.0,-100.0,16.0,0.0,0.0,31.0,-100.0,-100.0,-100.0,-24.0,1.0,-0.0,30.0,-88.4,-88.0,-88.0,-24.0,1.0,-0.0,31.0,-100.0,-100.0,-100.0,-8.0,0.0,-0.0,30.0,10.732,9.756,9.756,16.0,0.0,0.013,31.0,23.299,23.299,23.299,0.0,0.0,0.0,31.0
113.3325,1,rev,-90.0,11.7,-76.899,-90.0,-80.147,280.0,124.0,-3.671,35.0,-99.64,-100.0,-100.0,16.0,0.0,0.0,31.0,-100.0,-100.0,-100.0,-24.0,1.0,-0.0,30.0,-88.4,-88.0,-88.0,-24.0,1.0,-0.0,31.0,-100.0,-100.0,-100.0,-8.0,0.0,-0.0,30.0,10.732,9.756,9.756,16.0,0.0,0.006,31.0,23.299,23.299,23.299,0.0,0.0,0.0,31.0
113.3854,1,rev,-90.0,11.7,-76.989,-90.0,-80.361,280.0,124.0,-2.51,35.0,-99.64,-100.0,-100.0,16.0,0.0,0.0,31.0,-100.0,-100.0,-100.0,-24.0,1.0,-0.0,30.0,-88.4,-88.0,-88.0,-24.0,1.0,-0.0,31.0,-100.0,-100.0,-100.0,-8.0,0.0,-0.0,30.0,10.732,9.756,9.756,16.0,0.0,0.003,31.0,23.299,23.299,23.299,0.0,0.0,0.0,31.0
113.4384,1,rev,-90.0,11.7,-77.348,-90.0,-80.573,280.0,124.0,-4.676,35.0,-99.64,-100.0,-100.0,16.0,0.0,0.0,31.0,-100.0,-100.0,-100.0,-24.0,1.0,-0.0,30.0,-88.4,-88.0,-88.0,-24.0,1.0,-0.0,31.0,-100.0,-100.0,-100.0,-8.0,0.0,-0.0,30.0,10.732,9.756,9.756,16.0,0.0,0.002,31.0,23.299,23.299,23.299,0.0,0.0,0.0,31.0
113.4914,1,rev,-90.0,11.7,-77.438,-90.0,-80.791,280.0,124.0,-2.98,35.0,-99.64,-100.0,-100.0,16.0,0.0,0.0,31.0,-100.0,-100.0,-100.0,-24.0,1.0,-0.0,30.0,-88.4,-88.0,-88.0,-24.0,1.0,-0.0,31.0,-100.0,-100.0,-100.0,-8.0,0.0,-0.0,30.0,10.732,9.756,9.756,16.0,0.0,0.001,31.0,23.299,23.299,23.299,0.0,0.0,0.0,31.0
113.5447,1,rev,-90.0,11.7,-77.618,-90.0,-81.005,280.0,124.0,-3.178,35.0,-99.64,-100.0,-100.0,16.0,0.0,0.0,31.0,-100.0,-100.0,-100.0,-24.0,1.0,-0.0,30.0,-88.4,-88.0,-88.0,-24.0,1.0,-0.0,31.0,-100.0,-100.0,-100.0,-8.0,0.0,-0.0,30.0,10.732,9.756,9.756,16.0,0.0,0.0,31.0,23.299,23.299,23.299,0.0,0.0,0.0,31.0
113.5978,1,rev,-90.0,11.7,-77.618,-90.0,-81.22,280.0,124.0,-1.557,35.0,-99.64,-100.0,-100.0,16.0,0.0,0.0,31.0,-100.0,-100.0,-100.0,-24.0,1.0,-0.0,30.0,-88.4,-88.0,-88.0,-24.0,1.0,-0.0,31.0,-100.0,-100.0,-100.0,-8.0,0.0,-0.0,30.0,10.732,9.756,9.756,16.0,0.0,0.0,31.0,23.299,23.299,23.299,0.0,0.0,0.0,31.0
113.6501,1,rev,-90.0,11.7,-77.708,-90.0,-81.328,280.0,124.0,-2.07,35.0,-99.64,-100.0,-100.0,16.0,0.0,0.0,31.0,-100.0,-100.0,-100.0,-24.0,1.0,-0.0,30.0,-88.4,-88.0,-88.0,-24.0,1.0,-0.0,31.0,-100.0,-100.0,-100.0,-8.0,0.0,-0.0,30.0,10.732,9.756,9.756,16.0,0.0,0.0,31.0,23.299,23.299,23.299,0.0,0.0,0.0,31.0
113.7029,1,rev,-90.0,11.7,-78.247,-90.0,-81.572,288.0,134.0,-4.118,35.0,-99.64,-100.0,-100.0,16.0,0.0,0.0,31.0,-100.0,-100.0,-100.0,-24.0,1.0,-0.0,30.0,-88.4,-88.0,-88.0,-24.0,1.0,-0.0,31.0,-100.0,-100.0,-100.0,-8.0,0.0,-0.0,30.0,10.732,9.756,9.756,16.0,0.0,0.0,31.0,23.299,23.299,23.299,0.0,0.0,0.0,31.0
113.7566,1,rev,-90.0,11.7,-78.337,-90.0,-81.797,288.0,134.0,-2.656,35.0,-99.64,-100.0,-100.0,16.0,0.0,0.0,31.0,-100.0,-100.0,-100.0,-24.0,1.0,-0.0,30.0,-88.4,-88.0,-88.0,-24.0,1.0,-0.0,31.0,-100.0,-100.0,-100.0,-8.0,0.0,-0.0,30.0,10.732,9.756,9.756,16.0,0.0,0.0,31.0,23.299,23.299,23.299,0.0,0.0,0.0,31.0
113.8089,1,rev,-90.0,11.7,-78.697,-90.0,-82.014,288.0,134.0,-5.044,35.0,-99.64,-100.0,-100.0,16.0,0.0,0.0,31.0,-100.0,-100.0,-100.0,-24.0,1.0,-0.0,30.0,-88.4,-88.0,-88.0,-24.0,1.0,-0.0,31.0,-100.0,-100.0,-100.0,-8.0,0.0,-0.0,30.0,10.732,9.756,9.756,16.0,0.0,0.0,31.0,23.299,23.299,23.299,0.0,0.0,0.0,31.0
113.8616,1,rev,-90.0,11.7,-78.876,-90.0,-82.226,288.0,134.0,-3.89,35.0,-99.64,-100.0,-100.0,16.0,0.0,0.0,31.0,-100.0,-100.0,-100.0,-24.0,1.0,-0.0,30.0,-88.4,-88.0,-88.0,-24.0,1.0,-0.0,31.0,-100.0,-100.0,-100.0,-8.0,0.0,-0.0,30.0,10.732,9.756,9.756,16.0,0.0,0.0,31.0,23.299,23.299,23.299,0.0,0.0,0.0,31.0
113.9145,1,rev,-90.0,11.7,-79.056,-90.0,-82.443,288.0,134.0,-3.301,35.0,-99.64,-100.0,-100.0,16.0,0.0,0.0,31.0,-100.0,-100.0,-100.0,-24.0,1.0,-0.0,30.0,-88.4,-88.0,-88.0,-24.0,1.0,-0.0,31.0,-100.0,-100.0,-100.0,-8.0,0.0,-0.0,30.0,10.732,9.756,9.756,16.0,0.0,0.0,31.0,23.299,23.299,23.299,0.0,0.0,0.0,31.0
113.9668,1,rev,-90.0,11.7,-79.056,-90.0,-82.658,288.0,134.0,-1.617,35.0,-99.64,-100.0,-100.0,16.0,0.0,0.0,31.0,-100.0,-100.0,-100.0,-24.0,1.0,-0.0,30.0,-88.4,-88.0,-88.0,-24.0,1.0,-0.0,31.0,-100.0,-100.0,-100.0,-8.0,0.0,-0.0,30.0,10.732,9.756,9.756,16.0,0.0,0.0,31.0,23.505,23.299,23.299,0.0,0.0,2.295,31.0
114.0196,1,rev,-90.0,11.7,-79.596,-90.0,-82.873,288.0,134.0,-6.261,35.0,-99.64,-100.0,-100.0,16.0,0.0,0.0,31.0,-100.0,-100.0,-100.0,-24.0,1.0,-0.0,30.0,-88.4,-88.0,-88.0,-24.0,1.0,-0.0,31.0,-100.0,-100.0,-100.0,-8.0,0.0,-0.0,30.0,10.732,9.756,9.756,16.0,0.0,0.0,31.0,23.299,23.299,23.299,0.0,0.0,-0.492,31.0
114.0724,1,rev,-90.0,11.7,-79.596,-90.0,-83.087,288.0,134.0,-3.068,35.0,-99.64,-100.0,-100.0,16.0,0.0,0.0,31.0,-100.0,-100.0,-100.0,-24.0,1.0,-0.0,30.0,-88.4,-88.0,-88.0,-24.0,1.0,-0.0,31.0,-100.0,-100.0,-100.0,-8.0,0.0,-0.0,30.0,10.732,9.756,9.756,16.0,0.0,0.0,31.0,23.299,23.299,23.299,0.0,0.0,-0.241,31.0
114.1266,1,rev,-90.0,11.7,-79.865,-90.0,-83.301,288.0,134.0,-3.937,35.0,-99.64,-100.0,-100.0,16.0,0.0,0.0,31.0,-100.0,-100.0,-100.0,-24.0,1.0,-0.0,30.0,-88.4,-88.0,-88.0,-24.0,1.0,-0.0,31.0,-100.0,-100.0,-100.0,-8.0,0.0,-0.0,30.0,10.732,9.756,9.756,16.0,0.0,0.0,31.0,23.299,23.299,23.299,0.0,0.0,-0.118,31.0
114.1798,1,rev,-90.0,11.7,-80.045,-90.0,-83.516,288.0,134.0,-3.908,35.0,-99.64,-100.0,-100.0,16.0,0.0,0.0,31.0,-100.0,-100.0,-100.0,-24.0,1.0,-0.0,30.0,-88.4,-88.0,-88.0,-24.0,1.0,-0.0,31.0,-100.0,-100.0,-100.0,-8.0,0.0,-0.0,30.0,10.732,9.756,9.756,16.0,0.0,0.0,31.0,23.299,23.299,23.299,0.0,0.0,-0.058,31.0
114.2333,1,rev,-90.0,11.7,-80.225,-90.0,-83.623,300.0,153.0,-4.743,35.0,-99.64,-100.0,-100.0,16.0,0.0,0.0,31.0,-100.0,-100.0,-100.0,-24.0,1.0,-0.0,30.0,-88.4,-88.0,-88.0,-24.0,1.0,-0.0,31.0,-100.0,-100.0,-100.0,-8.0,0.0,-0.0,30.0,10.732,9.756,9.756,16.0,0.0,0.0,31.0,23.299,23.299,23.299,0.0,0.0,-0.04,31.0
114.2865,1,rev,-90.0,11.7,-80.404,-90.0,-83.959,300.0,153.0,-3.663,35.0,-99.64,-100.0,-100.0,16.0,0.0,0.0,31.0,-100.0,-100.0,-100.0,-24.0,1.0,-0.0,30.0,-88.533,-88.0,-88.0,-24.0,1.0,-1.496,31.0,-100.0,-100.0,-100.0,-8.0,0.0,-0.0,30.0,10.732,9.756,9.756,16.0,0.0,0.0,31.0,23.299,23.299,23.299,0.0,0.0,-0.02,31.0
114.3388,1,rev,-90.0,11.7,-80.494,-90.0,-84.174,300.0,153.0,-2.495,35.0,-99.64,-100.0,-100.0,16.0,0.0,0.0,31.0,-100.0,-100.0,-100.0,-24.0,1.0,-0.0,30.0,-88.533,-88.0,-88.0,-24.0,1.0,-0.733,31.0,-100.0,-100.0,-100.0,-8.0,0.0,-0.0,30.0,10.732,9.756,9.756,16.0,0.0,0.0,31.0,23.299,23.299,23.299,0.0,0.0,-0.01,31.0
114.3913,1,rev,-90.0,11.7,-81.034,-90.0,-84.389,300.0,153.0,-6.657,35.0,-99.64,-100.0,-100.0,16.0,0.0,0.0,31.0,-100.0,-100.0,-100.0,-24.0,1.0,-0.0,30.0,-88.533,-88.0,-88.0,-24.0,1.0,-0.359,31.0,-100.0,-100.0,-100.0,-8.0,0.0,-0.0,30.0,10.732,9.756,9.756,16.0,0.0,0.0,31.0,23.299,23.299,23.299,0.0,0.0,-0.005,31.0
114.4445,1,rev,-90.0,11.7,-81.213,-90.0,-84.603,300.0,153.0,-4.67,35.0,-99.64,-100.0,-100.0,16.0,0.0,0.0,31.0,-100.0,-100.0,-100.0,-24.0,1.0,-0.0,30.0,-88.533,-88.0,-88.0,-24.0,1.0,-0.176,31.0,-100.0,-100.0,-100.0,-8.0,0.0,-0.0,30.0,10.732,9.756,9.756,16.0,0.0,0.0,31.0,23.299,23.299,23.299,0.0,0.0,-0.002,31.0
114.4973,1,rev,-90.0,11.7,-81.303,-90.0,-84.817,300.0,153.0,-2.995,35.0,-99.64,-100.0,-100.0,16.0,0.0,0.0,31.0,-100.0,-100.0,-100.0,-24.0,1.0,-0.0,30.0,-88.533,-88.0,-88.0,-24.0,1.0,-0.086,31.0,-100.0,-100.0,-100.0,-8.0,0.0,-0.0,30.0,10.732,9.756,9.756,16.0,0.0,0.0,31.0,23.299,23.299,23.299,0.0,0.0,-0.001,31.0
114.5507,1,rev,-90.0,11.7,-81.753,-90.0,-85.033,300.0,153.0,-5.909,35.0,-99.64,-100.0,-100.0,16.0,0.0,0.0,31.0,-100.0,-100.0,-100.0,-24.0,1.0,-0.0,30.0,-88.533,-88.0,-88.0,-24.0,1.0,-0.042,31.0,-100.0,-100.0,-100.0,-8.0,0.0,-0.0,30.0,10.732,9.756,9.756,16.0,0.0,0.0,31.0,23.299,23.299,23.299,0.0,0.0,-0.001,31.0
114.6038,1,rev,-90.0,11.7,-81.933,-90.0,-85.246,300.0,153.0,-4.625,35.0,-99.64,-100.0,-100.0,16.0,0.0,0.0,31.0,-100.0,-100.0,-100.0,-24.0,1.0,-0.0,30.0,-88.533,-88.0,-88.0,-24.0,1.0,-0.021,31.0,-100.0,-100.0,-100.0,-8.0,0.0,-0.0,30.0,10.732,9.756,9.756,16.0,0.0,0.0,31.0,23.299,23.299,23.299,0.0,0.0,-0.0,31.0
114.656,1,rev,-90.0,11.7,-81.933,-90.0,-85.458,300.0,153.0,-2.266,35.0,-99.64,-100.0,-100.0,16.0,0.0,0.0,31.0,-100.0,-100.0,-100.0,-24.0,1.0,-0.0,30.0,-88.533,-88.0,-88.0,-24.0,1.0,-0.01,31.0,-100.0,-100.0,-100.0,-8.0,0.0,-0.0,30.0,10.732,9.756,9.756,16.0,0.0,0.0,31.0,23.299,23.299,23.299,0.0,0.0,-0.0,31.0
114.7097,1,rev,-90.0,11.7,-82.202,-90.0,-85.674,300.0,153.0,-4.125,35.0,-99.64,-100.0,-100.0,16.0,0.0,0.0,31.0,-100.0,-100.0,-100.0,-24.0,1.0,-0.0,30.0,-88.533,-88.0,-88.0,-24.0,1.0,-0.005,31.0,-100.0,-100.0,-100.0,-8.0,0.0,-0.0,30.0,10.732,9.756,9.756,16.0,0.0,0.0,31.0,23.505,23.299,23.299,0.0,0.0,2.305,31.0
114.7631,1,rev,-90.0,11.7,-82.562,-90.0,-85.888,300.0,153.0,-5.15,35.0,-99.64,-100.0,-100.0,16.0,0.0,0.0,31.0,-100.0,-100.0,-100.0,-24.0,1.0,-0.0,30.0,-88.533,-88.0,-88.0,-24.0,1.0,-0.002,31.0,-100.0,-100.0,-100.0,-8.0,0.0,-0.0,30.0,10.732,9.756,9.756,16.0,0.0,0.0,31.0,23.299,23.299,23.299,0.0,0.0,-0.49,31.0
114.8161,1,rev,-90.0,11.7,-82.562,-90.0,-86.125,284.0,136.0,-5.15,35.0,-99.64,-100.0,-100.0,16.0,0.0,0.0,31.0,-100.0,-100.0,-100.0,-24.0,1.0,-0.0,30.0,-88.533,-88.0,-88.0,-32.0,2.0,-0.002,31.0,-100.0,-100.0,-100.0,-8.0,0.0,-0.0,30.0,10.732,9.756,9.756,16.0,0.0,0.0,31.0,23.299,23.299,23.299,0.0,0.0,-0.49,31.0
114.8697,1,rev,-90.0,11.7,-82.742,-90.0,-86.345,284.0,136.0,-3.837,35.0,-99.64,-100.0,-100.0,16.0,0.0,0.0,31.0,-100.0,-100.0,-100.0,-24.0,1.0,-0.0,30.0,-88.533,-88.0,-88.0,-32.0,2.0,-0.001,31.0,-100.0,-100.0,-100.0,-8.0,0.0,-0.0,30.0,10.732,9.756,9.756,16.0,0.0,0.0,31.0,23.299,23.299,23.299,0.0,0.0,-0.24,31.0
114.9238,1,rev,-90.0,11.7,-83.281,-90.0,-86.465,284.0,136.0,-6.77,35.0,-99.64,-100.0,-100.0,16.0,0.0,0.0,31.0,-100.0,-100.0,-100.0,-24.0,1.0,-0.0,30.0,-88.533,-88.0,-88.0,-32.0,2.0,-0.001,31.0,-100.0,-100.0,-100.0,-8.0,0.0,-0.0,30.0,10.732,9.756,9.756,16.0,0.0,0.0,31.0,23.299,23.299,23.299,0.0,0.0,-0.118,31.0
114.9777,1,rev,-90.0,11.7,-83.371,-90.0,-86.682,284.0,136.0,-4.001,35.0,-99.64,-100.0,-100.0,16.0,0.0,0.0,31.0,-100.0,-100.0,-100.0,-24.0,1.0,-0.0,30.0,-88.533,-88.0,-88.0,-32.0,2.0,-0.0,31.0,-100.0,-100.0,-100.0,-8.0,0.0,-0.0,30.0,10.732,9.756,9.756,16.0,0.0,0.0,31.0,23.299,23.299,23.299,0.0,0.0,-0.058,31.0
115.0305,1,rev,-90.0,11.7,-83.91,-90.0,-86.898,284.0,136.0,-7.067,35.0,-99.64,-100.0,-100.0,16.0,0.0,0.0,31.0,-100.0,-100.0,-100.0,-24.0,1.0,-0.0,30.0,-88.533,-88.0,-88.0,-32.0,2.0,-0.0,31.0,-100.0,-100.0,-100.0,-8.0,0.0,-0.0,30.0,10.732,9.756,9.756,16.0,0.0,0.0,31.0,23.299,23.299,23.299,0.0,0.0,-0.028,31.0
115.0828,1,rev,-90.0,11.7,-84.18,-90.0,-87.114,284.0,136.0,-5.858,35.0,-99.64,-100.0,-100.0,16.0,0.0,0.0,31.0,-100.0,-100.0,-100.0,-24.0,1.0,-0.0,30.0,-88.533,-88.0,-88.0,-32.0,2.0,-0.0,31.0,-100.0,-100.0,-100.0,-8.0,0.0,-0.0,30.0,10.732,9.756,9.756,16.0,0.0,0.0,31.0,23.299,23.299,23.299,0.0,0.0,-0.014,31.0
115.1368,1,rev,-90.0,11.7,-84.18,-90.0,-87.34,284.0,136.0,-2.871,35.0,-99.64,-100.0,-100.0,16.0,0.0,0.0,31.0,-100.0,-100.0,-100.0,-24.0,1.0,-0.0,30.0,-88.533,-88.0,-88.0,-32.0,2.0,-0.0,31.0,-100.0,-100.0,-100.0,-8.0,0.0,-0.0,30.0,10.732,9.756,9.756,16.0,0.0,0.0,31.0,23.505,23.299,23.299,0.0,0.0,2.315,31.0
115.1889,1,rev,-90.0,11.7,-84.449,-90.0,-87.553,284.0,136.0,-4.434,35.0,-99.64,-100.0,-100.0,16.0,0.0,0.0,31.0,-100.0,-100.0,-100.0,-24.0,1.0,-0.0,30.0,-88.533,-88.0,-88.0,-32.0,2.0,-0.0,31.0,-100.0,-100.0,-100.0,-8.0,0.0,-0.0,30.0,10.732,9.756,9.756,16.0,0.0,0.0,31.0,23.299,23.299,23.299,0.0,0.0,-1.181,31.0
115.2414,1,rev,-90.0,11.7,-84.629,-90.0,-87.766,284.0,136.0,-3.593,35.0,-99.64,-100.0,-100.0,16.0,0.0,0.0,31.0,-100.0,-100.0,-100.0,-24.0,1.0,-0.0,30.0,-88.533,-88.0,-88.0,-32.0,2.0,-0.0,31.0,-100.0,-100.0,-100.0,-8.0,0.0,-0.0,30.0,10.732,9.756,9.756,16.0,0.0,0.0,31.0,23.299,23.299,23.299,0.0,0.0,-0.578,31.0
115.2943,1,rev,-90.0,11.7,-84.809,-90.0,-87.979,284.0,136.0,-3.475,35.0,-99.64,-100.0,-100.0,16.0,0.0,0.0,31.0,-100.0,-100.0,-100.0,-24.0,1.0,-0.0,30.0,-88.533,-88.0,-88.0,-32.0,2.0,-0.0,31.0,-100.0,-100.0,-100.0,-8.0,0.0,-0.0,30.0,10.732,9.756,9.756,16.0,0.0,0.0,31.0,23.299,23.299,23.299,0.0,0.0,-0.283,31.0
115.3474,1,rev,-90.0,11.7,-85.258,-90.0,-88.194,284.0,136.0,-6.741,35.0,-99.64,-100.0,-100.0,16.0,0.0,0.0,31.0,-100.0,-100.0,-100.0,-24.0,1.0,-0.0,30.0,-88.533,-88.0,-88.0,-32.0,2.0,-0.0,31.0,-100.0,-100.0,-100.0,-8.0,0.0,-0.0,30.0,10.732,9.756,9.756,16.0,0.0,0.0,31.0,23.299,23.299,23.299,0.0,0.0,-0.139,31.0
115.4007,1,rev,-90.0,11.8,-85.528,-90.0,-88.436,248.0,104.0,-6.062,35.0,-99.64,-100.0,-100.0,16.0,0.0,0.0,31.0,-100.0,-100.0,-100.0,-24.0,1.0,-0.0,30.0,-88.533,-88.0,-88.0,-32.0,2.0,-0.0,31.0,-100.0,-100.0,-100.0,-8.0,0.0,-0.0,30.0,10.732,9.756,9.756,16.0,0.0,0.0,31.0,23.299,23.299,23.299,0.0,0.0,-0.097,31.0
115.4538,1,rev,-90.0,11.8,-85.798,-90.0,-88.65,248.0,104.0,-5.716,35.0,-99.64,-100.0,-100.0,16.0,0.0,0.0,31.0,-100.0,-100.0,-100.0,-24.0,1.0,-0.0,30.0,-88.533,-88.0,-88.0,-32.0,2.0,-0.0,31.0,-100.0,-100.0,-100.0,-8.0,0.0,-0.0,30.0,10.732,9.756,9.756,16.0,0.0,0.0,31.0,23.299,23.299,23.299,0.0,0.0,-0.048,31.0
115.5066,1,rev,-90.0,11.8,-86.067,-90.0,-88.862,248.0,104.0,-5.519,35.0,-99.64,-100.0,-100.0,16.0,0.0,0.0,31.0,-100.0,-100.0,-100.0,-24.0,1.0,-0.0,30.0,-88.533,-88.0,-88.0,-32.0,2.0,-0.0,31.0,-100.0,-100.0,-100.0,-8.0,0.0,-0.0,30.0,10.732,9.756,9.756,16.0,0.0,0.0,31.0,23.505,23.299,23.299,0.0,0.0,1.595,31.0
115.5594,1,rev,-90.0,11.8,-86.157,-90.0,-89.076,248.0,104.0,-3.713,35.0,-99.64,-100.0,-100.0,16.0,0.0,0.0,31.0,-100.0,-100.0,-100.0,-24.0,1.0,-0.0,30.0,-88.533,-88.0,-88.0,-32.0,2.0,-0.0,31.0,-100.0,-100.0,-100.0,-8.0,0.0,-0.0,30.0,10.732,9.756,9.756,16.0,0.0,0.0,31.0,23.505,23.299,23.299,0.0,0.0,0.781,31.0
115.6126,1,rev,-90.0,11.8,-86.247,-90.0,-89.291,248.0,104.0,-3.597,35.0,-99.64,-100.0,-100.0,16.0,0.0,0.0,31.0,-100.0,-100.0,-100.0,-24.0,1.0,-0.0,30.0,-88.533,-88.0,-88.0,-32.0,2.0,-0.0,31.0,-100.0,-100.0,-100.0,-8.0,0.0,-0.0,30.0,10.732,9.756,9.756,16.0,0.0,0.0,31.0,23.505,23.299,23.299,0.0,0.0,0.547,31.0
115.6662,1,rev,-90.0,11.8,-86.247,-90.0,-89.517,248.0,104.0,-1.762,35.0,-99.64,-100.0,-100.0,16.0,0.0,0.0,31.0,-100.0,-100.0,-100.0,-24.0,1.0,-0.0,30.0,-88.533,-88.0,-88.0,-32.0,2.0,-0.0,31.0,-100.0,-100.0,-100.0,-8.0,0.0,-0.0,30.0,10.732,9.756,9.756,16.0,0.0,0.0,31.0,23.505,23.299,23.299,0.0,0.0,0.268,31.0
115.7194,1,rev,-90.0,11.8,-86.697,-90.0,-89.742,248.0,104.0,-5.523,35.0,-99.64,-100.0,-100.0,16.0,0.0,0.0,31.0,-100.0,-100.0,-100.0,-24.0,1.0,-0.0,30.0,-88.533,-88.0,-88.0,-32.0,2.0,-0.0,31.0,-100.0,-100.0,-100.0,-8.0,0.0,-0.0,30.0,10.732,9.756,9.756,16.0,0.0,0.0,31.0,23.505,23.299,23.299,0.0,0.0,0.131,31.0
115.772,1,rev,-90.0,11.8,-86.787,-90.0,-89.85,248.0,104.0,-3.402,35.0,-99.64,-100.0,-100.0,16.0,0.0,0.0,31.0,-100.0,-100.0,-100.0,-24.0,1.0,-0.0,30.0,-88.533,-88.0,-88.0,-32.0,2.0,-0.0,31.0,-100.0,-100.0,-100.0,-8.0,0.0,-0.0,30.0,10.732,9.756,9.756,16.0,0.0,0.0,31.0,23.505,23.299,23.299,0.0,0.0,0.064,31.0
115.8258,1,hold_start,-90.0,11.8,-87.056,-90.0,-90.0,248.0,104.0,-3.958,35.0,-99.64,-100.0,-100.0,16.0,0.0,0.0,31.0,-100.0,-100.0,-100.0,-24.0,1.0,-0.0,30.0,-88.533,-88.0,-88.0,-32.0,2.0,-0.0,31.0,-100.0,-100.0,-100.0,-8.0,0.0,-0.0,30.0,10.732,9.756,9.756,16.0,0.0,0.0,31.0,23.505,23.299,23.299,0.0,0.0,0.032,31.0
115.8796,1,hold_start,-90.0,11.8,-87.056,-90.0,-90.0,248.0,104.0,-1.939,35.0,-99.64,-100.0,-100.0,16.0,0.0,0.0,31.0,-100.0,-100.0,-100.0,-24.0,1.0,-0.0,30.0,-88.533,-88.0,-88.0,-32.0,2.0,-0.0,31.0,-100.0,-100.0,-100.0,-8.0,0.0,-0.0,30.0,10.732,9.756,9.756,16.0,0.0,0.0,31.0,23.505,23.299,23.299,0.0,0.0,0.015,31.0
115.9322,1,hold_start,-90.0,11.8,-87.056,-90.0,-90.0,248.0,104.0,-0.95,35.0,-99.64,-100.0,-100.0,16.0,0.0,0.0,31.0,-100.0,-100.0,-100.0,-24.0,1.0,-0.0,30.0,-88.533,-88.0,-88.0,-32.0,2.0,-0.0,31.0,-100.0,-100.0,-100.0,-8.0,0.0,-0.0,30.0,10.732,9.756,9.756,16.0,0.0,0.0,31.0,23.505,23.299,23.299,0.0,0.0,0.008,31.0
115.9856,1,hold_start,-90.0,11.7,-87.056,-90.0,-90.0,256.0,114.0,-0.665,35.0,-99.64,-100.0,-100.0,16.0,0.0,0.0,31.0,-100.0,-100.0,-100.0,-24.0,1.0,-0.0,30.0,-88.533,-88.0,-88.0,-32.0,2.0,-0.0,31.0,-100.0,-100.0,-100.0,-8.0,0.0,-0.0,30.0,10.732,9.756,9.756,16.0,0.0,0.0,31.0,23.505,23.299,23.299,8.0,0.0,0.005,31.0
116.0388,1,hold_start,-90.0,11.7,-87.056,-90.0,-90.0,256.0,114.0,-0.326,35.0,-99.64,-100.0,-100.0,16.0,0.0,0.0,31.0,-100.0,-100.0,-100.0,-24.0,1.0,-0.0,30.0,-88.533,-88.0,-88.0,-32.0,2.0,-0.0,31.0,-100.0,-100.0,-100.0,-8.0,0.0,-0.0,30.0,10.732,9.756,9.756,16.0,0.0,0.0,31.0,23.505,23.299,23.299,8.0,0.0,0.003,31.0
116.0921,1,hold_start,-90.0,11.7,-87.056,-90.0,-90.0,256.0,114.0,-0.16,35.0,-99.64,-100.0,-100.0,16.0,0.0,0.0,31.0,-100.0,-100.0,-100.0,-24.0,1.0,-0.0,30.0,-88.533,-88.0,-88.0,-32.0,2.0,-0.0,31.0,-100.0,-100.0,-100.0,-8.0,0.0,-0.0,30.0,10.732,9.756,9.756,16.0,0.0,0.0,31.0,23.505,23.299,23.299,8.0,0.0,0.001,31.0
116.1464,1,hold_start,-90.0,11.7,-87.056,-90.0,-90.0,256.0,114.0,-0.078,35.0,-99.64,-100.0,-100.0,16.0,0.0,0.0,31.0,-100.0,-100.0,-100.0,-24.0,1.0,-0.0,30.0,-88.533,-88.0,-88.0,-32.0,2.0,-0.0,31.0,-100.0,-100.0,-100.0,-8.0,0.0,-0.0,30.0,10.732,9.756,9.756,16.0,0.0,0.0,31.0,23.505,23.299,23.299,8.0,0.0,0.001,31.0
116.1996,1,hold_start,-90.0,11.7,-87.056,-90.0,-90.0,256.0,114.0,-0.038,35.0,-99.64,-100.0,-100.0,16.0,0.0,0.0,31.0,-100.0,-100.0,-100.0,-24.0,1.0,-0.0,30.0,-88.533,-88.0,-88.0,-32.0,2.0,-0.0,31.0,-100.0,-100.0,-100.0,-8.0,0.0,-0.0,30.0,10.732,9.756,9.756,16.0,0.0,0.0,31.0,23.505,23.299,23.299,8.0,0.0,0.0,31.0
116.2526,1,hold_start,-90.0,11.7,-87.056,-90.0,-90.0,256.0,114.0,-0.019,35.0,-99.64,-100.0,-100.0,16.0,0.0,0.0,31.0,-100.0,-100.0,-100.0,-24.0,1.0,-0.0,30.0,-88.533,-88.0,-88.0,-32.0,2.0,-0.0,31.0,-100.0,-100.0,-100.0,-8.0,0.0,-0.0,30.0,10.732,9.756,9.756,16.0,0.0,0.0,31.0,23.505,23.299,23.299,8.0,0.0,0.0,31.0
116.3058,1,hold_start,-90.0,11.7,-87.056,-90.0,-90.0,256.0,114.0,-0.009,35.0,-99.64,-100.0,-100.0,16.0,0.0,0.0,31.0,-100.0,-100.0,-100.0,-24.0,1.0,-0.0,30.0,-88.533,-88.0,-88.0,-32.0,2.0,-0.0,31.0,-100.0,-100.0,-100.0,-8.0,0.0,-0.0,30.0,10.732,9.756,9.756,16.0,0.0,0.0,31.0,23.505,23.299,23.299,8.0,0.0,0.0,31.0
116.3593,1,hold_start,-90.0,11.7,-87.056,-90.0,-90.0,256.0,114.0,-0.005,35.0,-99.64,-100.0,-100.0,16.0,0.0,0.0,31.0,-100.0,-100.0,-100.0,-24.0,1.0,-0.0,30.0,-88.533,-88.0,-88.0,-32.0,2.0,-0.0,31.0,-100.0,-100.0,-100.0,-8.0,0.0,-0.0,30.0,10.732,9.756,9.756,16.0,0.0,0.0,31.0,23.505,23.299,23.299,8.0,0.0,0.0,31.0
116.4119,1,hold_start,-90.0,11.7,-87.056,-90.0,-90.0,256.0,114.0,-0.002,35.0,-99.64,-100.0,-100.0,16.0,0.0,0.0,31.0,-100.0,-100.0,-100.0,-24.0,1.0,-0.0,30.0,-88.533,-88.0,-88.0,-32.0,2.0,-0.0,31.0,-100.0,-100.0,-100.0,-8.0,0.0,-0.0,30.0,10.732,9.756,9.756,16.0,0.0,0.0,31.0,23.505,23.299,23.299,8.0,0.0,0.0,31.0
116.4654,1,hold_start,-90.0,11.7,-87.056,-90.0,-90.0,256.0,114.0,-0.001,35.0,-99.64,-100.0,-100.0,16.0,0.0,0.0,31.0,-100.0,-100.0,-100.0,-24.0,1.0,-0.0,30.0,-88.533,-88.0,-88.0,-32.0,2.0,-0.0,31.0,-100.0,-100.0,-100.0,-8.0,0.0,-0.0,30.0,10.732,9.756,9.756,16.0,0.0,0.0,31.0,23.505,23.299,23.299,8.0,0.0,0.0,31.0
116.5185,1,hold_start,-90.0,11.7,-87.056,-90.0,-90.0,256.0,114.0,-0.001,35.0,-99.64,-100.0,-100.0,16.0,0.0,0.0,31.0,-100.0,-100.0,-100.0,-24.0,1.0,-0.0,30.0,-88.533,-88.0,-88.0,-32.0,2.0,-0.0,31.0,-100.0,-100.0,-100.0,-8.0,0.0,-0.0,30.0,10.732,9.756,9.756,16.0,0.0,0.0,31.0,23.505,23.299,23.299,8.0,0.0,0.0,31.0
116.5715,1,hold_start,-90.0,11.7,-87.056,-90.0,-90.0,256.0,114.0,-0.0,35.0,-99.64,-100.0,-100.0,16.0,0.0,0.0,31.0,-100.0,-100.0,-100.0,-24.0,1.0,-0.0,30.0,-88.533,-88.0,-88.0,-32.0,2.0,-0.0,31.0,-100.0,-100.0,-100.0,-8.0,0.0,-0.0,30.0,10.732,9.756,9.756,16.0,0.0,0.0,31.0,23.505,23.299,23.299,8.0,0.0,0.0,31.0
116.6248,1,hold_start,-90.0,11.7,-87.056,-90.0,-90.0,256.0,114.0,-0.0,35.0,-99.64,-100.0,-100.0,16.0,0.0,0.0,31.0,-100.0,-100.0,-100.0,-24.0,1.0,-0.0,30.0,-88.533,-88.0,-88.0,-32.0,2.0,-0.0,31.0,-100.0,-100.0,-100.0,-8.0,0.0,-0.0,30.0,10.732,9.756,9.756,16.0,0.0,0.0,31.0,23.505,23.299,23.299,8.0,0.0,0.0,31.0
116.6781,1,hold_start,-90.0,11.7,-87.056,-90.0,-90.0,256.0,114.0,-0.0,35.0,-99.64,-100.0,-100.0,16.0,0.0,0.0,31.0,-100.0,-100.0,-100.0,-24.0,1.0,-0.0,30.0,-88.533,-88.0,-88.0,-32.0,2.0,-0.0,31.0,-100.0,-100.0,-100.0,-8.0,0.0,-0.0,30.0,10.732,9.756,9.756,16.0,0.0,0.0,31.0,23.505,23.299,23.299,8.0,0.0,0.0,31.0
116.7312,1,hold_start,-90.0,11.7,-87.056,-90.0,-90.0,256.0,114.0,-0.0,35.0,-99.64,-100.0,-100.0,16.0,0.0,0.0,31.0,-100.0,-100.0,-100.0,-24.0,1.0,-0.0,30.0,-88.533,-88.0,-88.0,-32.0,2.0,-0.0,31.0,-100.0,-100.0,-100.0,-8.0,0.0,-0.0,30.0,10.732,9.756,9.756,16.0,0.0,0.0,31.0,23.505,23.299,23.299,8.0,0.0,0.0,31.0
116.7841,1,hold_start,-90.0,11.7,-87.056,-90.0,-90.0,256.0,114.0,-0.0,35.0,-99.64,-100.0,-100.0,16.0,0.0,0.0,31.0,-100.0,-100.0,-100.0,-24.0,1.0,-0.0,30.0,-88.533,-88.0,-88.0,-32.0,2.0,-0.0,31.0,-100.0,-100.0,-100.0,-8.0,0.0,-0.0,30.0,10.732,9.756,9.756,16.0,0.0,0.0,31.0,23.505,23.299,23.299,8.0,0.0,0.0,31.0
