t,cycle,leg,target,volt,shoulder_pitch_q,shoulder_pitch_cmd,shoulder_pitch_out,shoulder_pitch_i,shoulder_pitch_cur,shoulder_pitch_qd,shoulder_pitch_temp,shoulder_yaw_q,shoulder_yaw_cmd,shoulder_yaw_out,shoulder_yaw_i,shoulder_yaw_cur,shoulder_yaw_qd,shoulder_yaw_temp,shoulder_roll_q,shoulder_roll_cmd,shoulder_roll_out,shoulder_roll_i,shoulder_roll_cur,shoulder_roll_qd,shoulder_roll_temp,elbow_flex_q,elbow_flex_cmd,elbow_flex_out,elbow_flex_i,elbow_flex_cur,elbow_flex_qd,elbow_flex_temp,wrist_roll_q,wrist_roll_cmd,wrist_roll_out,wrist_roll_i,wrist_roll_cur,wrist_roll_qd,wrist_roll_temp,wrist_yaw_q,wrist_yaw_cmd,wrist_yaw_out,wrist_yaw_i,wrist_yaw_cur,wrist_yaw_qd,wrist_yaw_temp,wrist_pitch_q,wrist_pitch_cmd,wrist_pitch_out,wrist_pitch_i,wrist_pitch_cur,wrist_pitch_qd,wrist_pitch_temp
-0.0107,0,approach,-9.9,12.0,5.079,5.079,5.079,0.0,0.0,0.0,29.0,-100.0,-100.0,-100.0,0.0,0.0,0.0,30.0,-100.0,-100.0,-100.0,-8.0,0.0,0.0,29.0,-88.4,-88.0,-88.0,-24.0,0.0,0.0,30.0,-100.0,-100.0,-100.0,0.0,0.0,0.0,29.0,9.756,9.756,9.756,0.0,0.0,0.0,29.0,23.299,23.299,23.299,0.0,0.0,0.0,30.0
0.0426,0,approach,-9.9,12.0,5.079,-9.9,4.865,0.0,0.0,0.0,29.0,-100.0,-100.0,-100.0,0.0,0.0,0.0,30.0,-100.0,-100.0,-100.0,-8.0,0.0,0.0,29.0,-88.4,-88.0,-88.0,-24.0,0.0,0.0,30.0,-100.0,-100.0,-100.0,0.0,0.0,0.0,29.0,9.756,9.756,9.756,0.0,0.0,0.0,29.0,23.299,23.299,23.299,0.0,0.0,0.0,30.0
0.0956,0,approach,-9.9,12.0,4.989,-9.9,4.651,0.0,0.0,-1.01,29.0,-100.0,-100.0,-100.0,0.0,0.0,0.0,30.0,-100.0,-100.0,-100.0,-8.0,0.0,0.0,29.0,-88.4,-88.0,-88.0,-24.0,0.0,0.0,30.0,-100.0,-100.0,-100.0,0.0,0.0,0.0,29.0,9.756,9.756,9.756,0.0,0.0,0.0,29.0,23.299,23.299,23.299,0.0,0.0,0.0,30.0
0.1494,0,approach,-9.9,12.0,4.899,-9.9,4.437,0.0,0.0,-1.494,29.0,-100.0,-100.0,-100.0,0.0,0.0,0.0,30.0,-100.0,-100.0,-100.0,-8.0,0.0,0.0,29.0,-88.4,-88.0,-88.0,-24.0,0.0,0.0,30.0,-100.0,-100.0,-100.0,0.0,0.0,0.0,29.0,9.756,9.756,9.756,0.0,0.0,0.0,29.0,23.299,23.299,23.299,0.0,0.0,0.0,30.0
0.2018,0,approach,-9.9,12.0,4.899,-9.9,4.198,28.0,0.0,-1.494,29.0,-100.0,-100.0,-100.0,0.0,0.0,0.0,30.0,-100.0,-100.0,-100.0,-8.0,0.0,0.0,29.0,-88.4,-88.0,-88.0,-24.0,1.0,0.0,30.0,-100.0,-100.0,-100.0,0.0,0.0,0.0,29.0,9.756,9.756,9.756,0.0,0.0,0.0,29.0,23.299,23.299,23.299,0.0,0.0,0.0,30.0
0.2556,0,approach,-9.9,12.0,4.539,-9.9,3.975,28.0,0.0,-1.957,29.0,-100.0,-100.0,-100.0,0.0,0.0,0.0,30.0,-100.0,-100.0,-100.0,-8.0,0.0,0.0,29.0,-88.4,-88.0,-88.0,-24.0,1.0,0.0,30.0,-100.0,-100.0,-100.0,0.0,0.0,0.0,29.0,9.756,9.756,9.756,0.0,0.0,0.0,29.0,23.299,23.299,23.299,0.0,0.0,0.0,30.0
0.3091,0,approach,-9.9,12.0,4.27,-9.9,3.762,28.0,0.0,-3.384,29.0,-100.0,-100.0,-100.0,0.0,0.0,0.0,30.0,-100.0,-100.0,-100.0,-8.0,0.0,0.0,29.0,-88.4,-88.0,-88.0,-24.0,1.0,0.0,30.0,-100.0,-100.0,-100.0,0.0,0.0,0.0,29.0,9.756,9.756,9.756,0.0,0.0,0.0,29.0,23.299,23.299,23.299,0.0,0.0,0.0,30.0
0.3624,0,approach,-9.9,12.0,3.91,-9.9,3.548,28.0,0.0,-5.089,29.0,-100.0,-100.0,-100.0,0.0,0.0,0.0,30.0,-100.0,-100.0,-100.0,-8.0,0.0,0.0,29.0,-88.4,-88.0,-88.0,-24.0,1.0,0.0,30.0,-100.0,-100.0,-100.0,0.0,0.0,0.0,29.0,9.756,9.756,9.756,0.0,0.0,0.0,29.0,23.299,23.299,23.299,0.0,0.0,0.0,30.0
0.4156,0,approach,-9.9,12.0,3.73,-9.9,3.336,28.0,0.0,-4.22,29.0,-100.0,-100.0,-100.0,0.0,0.0,0.0,30.0,-100.0,-100.0,-100.0,-8.0,0.0,0.0,29.0,-88.4,-88.0,-88.0,-24.0,1.0,0.0,30.0,-100.0,-100.0,-100.0,0.0,0.0,0.0,29.0,9.756,9.756,9.756,0.0,0.0,0.0,29.0,23.299,23.299,23.299,0.0,0.0,0.0,30.0
0.469,0,approach,-9.9,12.0,3.551,-9.9,3.122,28.0,0.0,-3.784,29.0,-100.0,-100.0,-100.0,0.0,0.0,0.0,30.0,-100.0,-100.0,-100.0,-8.0,0.0,0.0,29.0,-88.4,-88.0,-88.0,-24.0,1.0,0.0,30.0,-100.0,-100.0,-100.0,0.0,0.0,0.0,29.0,9.756,9.756,9.756,0.0,0.0,0.0,29.0,23.299,23.299,23.299,0.0,0.0,0.0,30.0
0.5217,0,approach,-9.9,12.0,3.371,-9.9,3.012,28.0,0.0,-3.556,29.0,-100.0,-100.0,-100.0,0.0,0.0,0.0,30.0,-100.0,-100.0,-100.0,-8.0,0.0,0.0,29.0,-88.4,-88.0,-88.0,-24.0,1.0,0.0,30.0,-100.0,-100.0,-100.0,0.0,0.0,0.0,29.0,9.756,9.756,9.756,0.0,0.0,0.0,29.0,23.299,23.299,23.299,0.0,0.0,0.0,30.0
0.575,0,approach,-9.9,12.0,3.191,-9.9,2.791,28.0,0.0,-3.405,29.0,-100.0,-100.0,-100.0,0.0,0.0,0.0,30.0,-100.0,-100.0,-100.0,-8.0,0.0,0.0,29.0,-88.4,-88.0,-88.0,-24.0,1.0,0.0,30.0,-100.0,-100.0,-100.0,0.0,0.0,0.0,29.0,9.756,9.756,9.756,0.0,0.0,0.0,29.0,23.299,23.299,23.299,0.0,0.0,0.0,30.0
0.6286,0,approach,-9.9,12.0,3.101,-9.9,2.576,28.0,0.0,-2.369,29.0,-100.0,-100.0,-100.0,0.0,0.0,0.0,30.0,-100.0,-100.0,-100.0,-8.0,0.0,0.0,29.0,-88.4,-88.0,-88.0,-24.0,1.0,0.0,30.0,-100.0,-100.0,-100.0,0.0,0.0,0.0,29.0,9.756,9.756,9.756,0.0,0.0,0.0,29.0,23.299,23.299,23.299,0.0,0.0,0.0,30.0
0.6819,0,approach,-9.9,12.0,2.831,-9.9,2.361,28.0,0.0,-3.854,29.0,-100.0,-100.0,-100.0,0.0,0.0,0.0,30.0,-100.0,-100.0,-100.0,-8.0,0.0,0.0,29.0,-88.4,-88.0,-88.0,-24.0,1.0,0.0,30.0,-100.0,-100.0,-100.0,0.0,0.0,0.0,29.0,9.756,9.756,9.756,0.0,0.0,0.0,29.0,23.299,23.299,23.299,0.0,0.0,0.0,30.0
0.7349,0,approach,-9.9,12.0,2.562,-9.9,2.145,28.0,0.0,-4.292,29.0,-100.0,-100.0,-100.0,0.0,0.0,0.0,30.0,-100.0,-100.0,-100.0,-8.0,0.0,0.0,29.0,-88.4,-88.0,-88.0,-24.0,1.0,0.0,30.0,-100.0,-100.0,-100.0,0.0,0.0,0.0,29.0,9.756,9.756,9.756,0.0,0.0,0.0,29.0,23.299,23.299,23.299,0.0,0.0,0.0,30.0
0.7882,0,approach,-9.9,11.9,2.292,-9.9,1.905,28.0,1.0,-4.354,29.0,-100.0,-100.0,-100.0,0.0,0.0,0.0,30.0,-100.0,-100.0,-100.0,-8.0,0.0,0.0,29.0,-88.4,-88.0,-88.0,-24.0,1.0,0.0,30.0,-100.0,-100.0,-100.0,0.0,0.0,0.0,29.0,9.756,9.756,9.756,0.0,0.0,0.0,29.0,23.299,23.299,23.299,0.0,0.0,0.0,30.0
0.841,0,approach,-9.9,11.9,2.112,-9.9,1.691,28.0,1.0,-3.853,29.0,-100.0,-100.0,-100.0,0.0,0.0,0.0,30.0,-100.0,-100.0,-100.0,-8.0,0.0,0.0,29.0,-88.4,-88.0,-88.0,-24.0,1.0,0.0,30.0,-100.0,-100.0,-100.0,0.0,0.0,0.0,29.0,9.756,9.756,9.756,0.0,0.0,0.0,29.0,23.299,23.299,23.299,0.0,0.0,0.0,30.0
0.8945,0,approach,-9.9,11.9,1.843,-9.9,1.478,28.0,1.0,-4.634,29.0,-100.0,-100.0,-100.0,0.0,0.0,0.0,30.0,-100.0,-100.0,-100.0,-8.0,0.0,0.0,29.0,-88.4,-88.0,-88.0,-24.0,1.0,0.0,30.0,-100.0,-100.0,-100.0,0.0,0.0,0.0,29.0,9.756,9.756,9.756,0.0,0.0,0.0,29.0,23.299,23.299,23.299,0.0,0.0,0.0,30.0
0.9474,0,approach,-9.9,11.9,1.753,-9.9,1.266,28.0,1.0,-3.291,29.0,-100.0,-100.0,-100.0,0.0,0.0,0.0,30.0,-100.0,-100.0,-100.0,-8.0,0.0,0.0,29.0,-88.4,-88.0,-88.0,-24.0,1.0,0.0,30.0,-100.0,-100.0,-100.0,0.0,0.0,0.0,29.0,9.756,9.756,9.756,0.0,0.0,0.0,29.0,23.299,23.299,23.299,0.0,0.0,0.0,30.0
1.0004,0,approach,-9.9,11.9,1.573,-9.9,1.053,28.0,1.0,-3.626,29.0,-100.0,-100.0,-100.0,0.0,0.0,0.0,30.0,-100.0,-100.0,-100.0,-8.0,0.0,0.0,29.0,-88.4,-88.0,-88.0,-24.0,1.0,0.0,30.0,-100.0,-100.0,-100.0,0.0,0.0,0.0,29.0,9.756,9.756,9.756,0.0,0.0,0.0,29.0,23.299,23.299,23.299,0.0,0.0,0.0,30.0
1.0539,0,approach,-9.9,11.9,1.303,-9.9,0.839,28.0,1.0,-4.527,29.0,-100.0,-100.0,-100.0,0.0,0.0,0.0,30.0,-100.0,-100.0,-100.0,-8.0,0.0,0.0,29.0,-88.4,-88.0,-88.0,-24.0,1.0,0.0,30.0,-100.0,-100.0,-100.0,0.0,0.0,0.0,29.0,9.756,9.756,9.756,0.0,0.0,0.0,29.0,23.299,23.299,23.299,0.0,0.0,0.0,30.0
1.1079,0,approach,-9.9,11.9,1.034,-9.9,0.627,28.0,1.0,-4.645,29.0,-100.0,-100.0,-100.0,0.0,0.0,0.0,30.0,-100.0,-100.0,-100.0,-8.0,0.0,0.0,29.0,-88.4,-88.0,-88.0,-24.0,1.0,0.0,30.0,-100.0,-100.0,-100.0,0.0,0.0,0.0,29.0,9.756,9.756,9.756,0.0,0.0,0.0,29.0,23.299,23.299,23.299,0.0,0.0,0.0,30.0
1.1613,0,approach,-9.9,11.9,0.764,-9.9,0.414,28.0,1.0,-5.003,29.0,-100.0,-100.0,-100.0,0.0,0.0,0.0,30.0,-100.0,-100.0,-100.0,-8.0,0.0,0.0,29.0,-88.4,-88.0,-88.0,-24.0,1.0,0.0,30.0,-100.0,-100.0,-100.0,0.0,0.0,0.0,29.0,9.756,9.756,9.756,0.0,0.0,0.0,29.0,23.299,23.299,23.299,0.0,0.0,0.0,30.0
1.2137,0,approach,-9.9,11.9,0.584,-9.9,0.199,28.0,1.0,-4.173,29.0,-100.0,-100.0,-100.0,0.0,0.0,0.0,30.0,-100.0,-100.0,-100.0,-8.0,0.0,0.0,29.0,-88.4,-88.0,-88.0,-24.0,1.0,0.0,30.0,-100.0,-100.0,-100.0,0.0,0.0,0.0,29.0,9.756,9.756,9.756,0.0,0.0,0.0,29.0,23.299,23.299,23.299,0.0,0.0,0.0,30.0
1.2662,0,approach,-9.9,11.9,0.404,-9.9,-0.013,28.0,1.0,-3.773,29.0,-100.0,-100.0,-100.0,0.0,0.0,0.0,30.0,-100.0,-100.0,-100.0,-8.0,0.0,0.0,29.0,-88.4,-88.0,-88.0,-24.0,1.0,0.0,30.0,-100.0,-100.0,-100.0,0.0,0.0,0.0,29.0,9.756,9.756,9.756,0.0,0.0,0.0,29.0,23.299,23.299,23.299,0.0,0.0,0.0,30.0
1.3191,0,approach,-9.9,11.9,0.404,-9.9,-0.119,40.0,2.0,-2.641,29.0,-100.0,-100.0,-100.0,0.0,0.0,0.0,30.0,-100.0,-100.0,-100.0,-8.0,0.0,0.0,29.0,-88.4,-88.0,-88.0,-24.0,1.0,0.0,30.0,-100.0,-100.0,-100.0,0.0,0.0,0.0,29.0,9.756,9.756,9.756,0.0,0.0,0.0,29.0,23.299,23.299,23.299,0.0,0.0,0.0,30.0
1.3723,0,approach,-9.9,11.9,0.315,-9.9,-0.454,40.0,2.0,-1.626,29.0,-100.0,-100.0,-100.0,0.0,0.0,0.0,30.0,-100.0,-100.0,-100.0,-8.0,0.0,0.0,29.0,-88.4,-88.0,-88.0,-24.0,1.0,0.0,30.0,-100.0,-100.0,-100.0,0.0,0.0,0.0,29.0,9.756,9.756,9.756,0.0,0.0,0.0,29.0,23.299,23.299,23.299,0.0,0.0,0.0,30.0
1.4253,0,approach,-9.9,11.9,-0.045,-9.9,-0.67,40.0,2.0,-3.884,29.0,-100.0,-100.0,-100.0,0.0,0.0,0.0,30.0,-100.0,-100.0,-100.0,-8.0,0.0,0.0,29.0,-88.4,-88.0,-88.0,-24.0,1.0,0.0,30.0,-100.0,-100.0,-100.0,0.0,0.0,0.0,29.0,9.756,9.756,9.756,0.0,0.0,0.0,29.0,23.299,23.299,23.299,0.0,0.0,0.0,30.0
1.4786,0,approach,-9.9,11.9,-0.404,-9.9,-0.883,40.0,2.0,-5.352,29.0,-100.0,-100.0,-100.0,0.0,0.0,0.0,30.0,-100.0,-100.0,-100.0,-8.0,0.0,0.0,29.0,-88.4,-88.0,-88.0,-24.0,1.0,0.0,30.0,-100.0,-100.0,-100.0,0.0,0.0,0.0,29.0,9.756,9.756,9.756,0.0,0.0,0.0,29.0,23.299,23.299,23.299,0.0,0.0,0.0,30.0
1.5308,0,approach,-9.9,11.9,-0.404,-9.9,-1.1,40.0,2.0,-3.746,29.0,-100.0,-100.0,-100.0,0.0,0.0,0.0,30.0,-100.0,-100.0,-100.0,-8.0,0.0,0.0,29.0,-88.4,-88.0,-88.0,-24.0,1.0,0.0,30.0,-100.0,-100.0,-100.0,0.0,0.0,0.0,29.0,9.756,9.756,9.756,0.0,0.0,0.0,29.0,23.299,23.299,23.299,0.0,0.0,0.0,30.0
1.5845,0,approach,-9.9,11.9,-0.764,-9.9,-1.33,40.0,2.0,-5.064,29.0,-100.0,-100.0,-100.0,0.0,0.0,0.0,30.0,-100.0,-100.0,-100.0,-8.0,0.0,0.0,29.0,-88.4,-88.0,-88.0,-24.0,1.0,0.0,30.0,-100.0,-100.0,-100.0,0.0,0.0,0.0,29.0,9.756,9.756,9.756,0.0,0.0,0.0,29.0,23.299,23.299,23.299,0.0,0.0,0.0,30.0
1.6368,0,approach,-9.9,11.9,-0.944,-9.9,-1.447,40.0,2.0,-4.13,29.0,-100.0,-100.0,-100.0,0.0,0.0,0.0,30.0,-100.0,-100.0,-100.0,-8.0,0.0,0.0,29.0,-88.4,-88.0,-88.0,-24.0,1.0,0.0,30.0,-100.0,-100.0,-100.0,0.0,0.0,0.0,29.0,9.756,9.756,9.756,0.0,0.0,0.0,29.0,23.299,23.299,23.299,0.0,0.0,0.0,30.0
1.6902,0,approach,-9.9,11.9,-1.124,-9.9,-1.669,40.0,2.0,-3.338,29.0,-100.0,-100.0,-100.0,0.0,0.0,0.0,30.0,-100.0,-100.0,-100.0,-8.0,0.0,0.0,29.0,-88.4,-88.0,-88.0,-24.0,1.0,0.0,30.0,-100.0,-100.0,-100.0,0.0,0.0,0.0,29.0,9.756,9.756,9.756,0.0,0.0,0.0,29.0,23.299,23.299,23.299,0.0,0.0,0.0,30.0
1.7426,0,approach,-9.9,11.9,-1.213,-9.9,-1.883,40.0,2.0,-2.33,29.0,-100.0,-100.0,-100.0,0.0,0.0,0.0,30.0,-100.0,-100.0,-100.0,-8.0,0.0,0.0,29.0,-88.4,-88.0,-88.0,-24.0,1.0,0.0,30.0,-100.0,-100.0,-100.0,0.0,0.0,0.0,29.0,9.756,9.756,9.756,0.0,0.0,0.0,29.0,23.299,23.299,23.299,0.0,0.0,0.0,30.0
1.7958,0,approach,-9.9,11.9,-1.483,-9.9,-2.097,40.0,2.0,-3.565,29.0,-100.0,-100.0,-100.0,0.0,0.0,0.0,30.0,-100.0,-100.0,-100.0,-8.0,0.0,0.0,29.0,-88.4,-88.0,-88.0,-24.0,1.0,0.0,30.0,-100.0,-100.0,-100.0,0.0,0.0,0.0,29.0,9.756,9.756,9.756,0.0,0.0,0.0,29.0,23.299,23.299,23.299,0.0,0.0,0.0,30.0
1.8492,0,approach,-9.9,11.9,-1.753,-9.9,-2.31,40.0,2.0,-4.168,29.0,-100.0,-100.0,-100.0,0.0,0.0,0.0,30.0,-100.0,-100.0,-100.0,-8.0,0.0,0.0,29.0,-88.4,-88.0,-88.0,-24.0,1.0,0.0,30.0,-100.0,-100.0,-100.0,0.0,0.0,0.0,29.0,9.756,9.756,9.756,0.0,0.0,0.0,29.0,23.299,23.299,23.299,0.0,0.0,0.0,30.0
1.9022,0,approach,-9.9,11.9,-1.843,-9.9,-2.417,52.0,4.0,-3.928,29.0,-100.0,-100.0,-100.0,0.0,0.0,0.0,30.0,-100.0,-100.0,-100.0,-8.0,0.0,0.0,29.0,-88.4,-88.0,-88.0,-24.0,1.0,0.0,30.0,-100.0,-100.0,-100.0,0.0,0.0,0.0,29.0,9.756,9.756,9.756,0.0,0.0,0.0,29.0,23.299,23.299,23.299,0.0,0.0,0.0,30.0
1.9553,0,approach,-9.9,11.9,-2.112,-9.9,-2.749,52.0,4.0,-3.588,29.0,-100.0,-100.0,-100.0,0.0,0.0,0.0,30.0,-100.0,-100.0,-100.0,-8.0,0.0,0.0,29.0,-88.4,-88.0,-88.0,-24.0,1.0,0.0,30.0,-100.0,-100.0,-100.0,0.0,0.0,0.0,29.0,9.756,9.756,9.756,0.0,0.0,0.0,29.0,23.299,23.299,23.299,0.0,0.0,0.0,30.0
2.0083,0,approach,-9.9,11.9,-2.472,-9.9,-2.964,52.0,4.0,-5.22,29.0,-100.0,-100.0,-100.0,0.0,0.0,0.0,30.0,-100.0,-100.0,-100.0,-8.0,0.0,0.0,29.0,-88.4,-88.0,-88.0,-24.0,1.0,0.0,30.0,-100.0,-100.0,-100.0,0.0,0.0,0.0,29.0,9.756,9.756,9.756,0.0,0.0,0.0,29.0,23.299,23.299,23.299,0.0,0.0,0.0,30.0
2.0611,0,approach,-9.9,11.9,-2.562,-9.9,-3.179,52.0,4.0,-3.247,29.0,-100.0,-100.0,-100.0,0.0,0.0,0.0,30.0,-100.0,-100.0,-100.0,-8.0,0.0,0.0,29.0,-88.4,-88.0,-88.0,-24.0,1.0,0.0,30.0,-100.0,-100.0,-100.0,0.0,0.0,0.0,29.0,9.756,9.756,9.756,0.0,0.0,0.0,29.0,23.299,23.299,23.299,0.0,0.0,0.0,30.0
2.1148,0,approach,-9.9,11.9,-2.652,-9.9,-3.392,52.0,4.0,-2.608,29.0,-100.0,-100.0,-100.0,0.0,0.0,0.0,30.0,-100.0,-100.0,-100.0,-8.0,0.0,0.0,29.0,-88.4,-88.0,-88.0,-24.0,1.0,0.0,30.0,-100.0,-100.0,-100.0,0.0,0.0,0.0,29.0,9.756,9.756,9.756,0.0,0.0,0.0,29.0,23.299,23.299,23.299,0.0,0.0,0.0,30.0
2.1679,0,approach,-9.9,11.9,-3.011,-9.9,-3.605,52.0,4.0,-4.714,29.0,-100.0,-100.0,-100.0,0.0,0.0,0.0,30.0,-100.0,-100.0,-100.0,-8.0,0.0,0.0,29.0,-88.4,-88.0,-88.0,-24.0,1.0,0.0,30.0,-100.0,-100.0,-100.0,0.0,0.0,0.0,29.0,9.756,9.756,9.756,0.0,0.0,0.0,29.0,23.299,23.299,23.299,0.0,0.0,0.0,30.0
2.2209,0,approach,-9.9,11.9,-3.191,-9.9,-3.818,52.0,4.0,-3.725,29.0,-100.0,-100.0,-100.0,0.0,0.0,0.0,30.0,-100.0,-100.0,-100.0,-8.0,0.0,0.0,29.0,-88.4,-88.0,-88.0,-24.0,1.0,0.0,30.0,-100.0,-100.0,-100.0,0.0,0.0,0.0,29.0,9.756,9.756,9.756,0.0,0.0,0.0,29.0,23.299,23.299,23.299,0.0,0.0,0.0,30.0
2.2741,0,approach,-9.9,11.9,-3.371,-9.9,-4.033,52.0,4.0,-3.519,29.0,-100.0,-100.0,-100.0,0.0,0.0,0.0,30.0,-100.0,-100.0,-100.0,-8.0,0.0,0.0,29.0,-88.4,-88.0,-88.0,-24.0,1.0,0.0,30.0,-100.0,-100.0,-100.0,0.0,0.0,0.0,29.0,9.756,9.756,9.756,0.0,0.0,0.0,29.0,23.299,23.299,23.299,0.0,0.0,0.0,30.0
2.3274,0,approach,-9.9,11.9,-3.73,-9.9,-4.248,52.0,4.0,-5.156,29.0,-100.0,-100.0,-100.0,0.0,0.0,0.0,30.0,-100.0,-100.0,-100.0,-8.0,0.0,0.0,29.0,-88.4,-88.0,-88.0,-24.0,1.0,0.0,30.0,-100.0,-100.0,-100.0,0.0,0.0,0.0,29.0,9.756,9.756,9.756,0.0,0.0,0.0,29.0,23.299,23.299,23.299,0.0,0.0,0.0,30.0
2.3807,0,approach,-9.9,11.9,-3.82,-9.9,-4.462,52.0,4.0,-3.535,29.0,-100.0,-100.0,-100.0,0.0,0.0,0.0,30.0,-100.0,-100.0,-100.0,-8.0,0.0,0.0,29.0,-88.4,-88.0,-88.0,-24.0,1.0,0.0,30.0,-100.0,-100.0,-100.0,0.0,0.0,0.0,29.0,9.756,9.756,9.756,0.0,0.0,0.0,29.0,23.299,23.299,23.299,0.0,0.0,0.0,30.0
2.4345,0,approach,-9.9,11.9,-4.0,-9.9,-4.676,52.0,4.0,-3.433,29.0,-100.0,-100.0,-100.0,0.0,0.0,0.0,30.0,-100.0,-100.0,-100.0,-8.0,0.0,0.0,29.0,-88.4,-88.0,-88.0,-24.0,1.0,0.0,30.0,-100.0,-100.0,-100.0,0.0,0.0,0.0,29.0,9.756,9.756,9.756,0.0,0.0,0.0,29.0,23.299,23.299,23.299,0.0,0.0,0.0,30.0
2.4874,0,approach,-9.9,11.9,-4.09,-9.9,-4.923,56.0,4.0,-2.843,29.0,-100.0,-100.0,-100.0,0.0,0.0,0.0,30.0,-100.0,-100.0,-100.0,-8.0,0.0,0.0,29.0,-88.4,-88.0,-88.0,-24.0,1.0,0.0,30.0,-100.0,-100.0,-100.0,0.0,0.0,0.0,29.0,9.756,9.756,9.756,0.0,0.0,0.0,29.0,23.299,23.299,23.299,0.0,0.0,0.0,30.0
2.5402,0,approach,-9.9,11.9,-4.36,-9.9,-5.136,56.0,4.0,-4.113,29.0,-100.0,-100.0,-100.0,0.0,0.0,0.0,30.0,-100.0,-100.0,-100.0,-8.0,0.0,0.0,29.0,-88.4,-88.0,-88.0,-24.0,1.0,0.0,30.0,-100.0,-100.0,-100.0,0.0,0.0,0.0,29.0,9.756,9.756,9.756,0.0,0.0,0.0,29.0,23.299,23.299,23.299,0.0,0.0,0.0,30.0
2.5934,0,approach,-9.9,11.9,-4.539,-9.9,-5.35,56.0,4.0,-4.905,29.0,-100.0,-100.0,-100.0,0.0,0.0,0.0,30.0,-100.0,-100.0,-100.0,-8.0,0.0,0.0,29.0,-88.4,-88.0,-88.0,-24.0,1.0,0.0,30.0,-100.0,-100.0,-100.0,0.0,0.0,0.0,29.0,9.756,9.756,9.756,0.0,0.0,0.0,29.0,23.299,23.299,23.299,0.0,0.0,0.0,30.0
2.6458,0,approach,-9.9,11.9,-4.719,-9.9,-5.581,56.0,4.0,-4.022,29.0,-100.0,-100.0,-100.0,0.0,0.0,0.0,30.0,-100.0,-100.0,-100.0,-8.0,0.0,0.0,29.0,-88.4,-88.0,-88.0,-24.0,1.0,0.0,30.0,-100.0,-100.0,-100.0,0.0,0.0,0.0,29.0,9.756,9.756,9.756,0.0,0.0,0.0,29.0,23.299,23.299,23.299,0.0,0.0,0.0,30.0
2.6993,0,approach,-9.9,11.9,-4.989,-9.9,-5.8,56.0,4.0,-4.658,29.0,-100.0,-100.0,-100.0,0.0,0.0,0.0,30.0,-100.0,-100.0,-100.0,-8.0,0.0,0.0,29.0,-88.4,-88.0,-88.0,-24.0,1.0,0.0,30.0,-100.0,-100.0,-100.0,0.0,0.0,0.0,29.0,9.756,9.756,9.756,0.0,0.0,0.0,29.0,23.299,23.299,23.299,0.0,0.0,0.0,30.0
2.7518,0,approach,-9.9,11.9,-5.258,-9.9,-5.919,56.0,4.0,-4.54,29.0,-100.0,-100.0,-100.0,0.0,0.0,0.0,30.0,-100.0,-100.0,-100.0,-8.0,0.0,0.0,29.0,-88.4,-88.0,-88.0,-24.0,1.0,0.0,30.0,-100.0,-100.0,-100.0,0.0,0.0,0.0,29.0,9.756,9.756,9.756,0.0,0.0,0.0,29.0,23.299,23.299,23.299,0.0,0.0,0.0,30.0
2.8049,0,approach,-9.9,11.9,-5.438,-9.9,-6.135,56.0,4.0,-3.935,29.0,-100.0,-100.0,-100.0,0.0,0.0,0.0,30.0,-100.0,-100.0,-100.0,-8.0,0.0,0.0,29.0,-88.4,-88.0,-88.0,-24.0,1.0,0.0,30.0,-100.0,-100.0,-100.0,0.0,0.0,0.0,29.0,9.756,9.756,9.756,0.0,0.0,0.0,29.0,23.299,23.299,23.299,0.0,0.0,0.0,30.0
2.8577,0,approach,-9.9,11.9,-5.528,-9.9,-6.348,56.0,4.0,-2.639,29.0,-100.0,-100.0,-100.0,0.0,0.0,0.0,30.0,-100.0,-100.0,-100.0,-8.0,0.0,0.0,29.0,-88.4,-88.0,-88.0,-24.0,1.0,0.0,30.0,-100.0,-100.0,-100.0,0.0,0.0,0.0,29.0,9.756,9.756,9.756,0.0,0.0,0.0,29.0,23.299,23.299,23.299,0.0,0.0,0.0,30.0
2.9108,0,approach,-9.9,11.9,-5.798,-9.9,-6.564,56.0,4.0,-4.012,29.0,-100.0,-100.0,-100.0,0.0,0.0,0.0,30.0,-100.0,-100.0,-100.0,-8.0,0.0,0.0,29.0,-88.4,-88.0,-88.0,-24.0,1.0,0.0,30.0,-100.0,-100.0,-100.0,0.0,0.0,0.0,29.0,9.756,9.756,9.756,0.0,0.0,0.0,29.0,23.299,23.299,23.299,0.0,0.0,0.0,30.0
2.964,0,approach,-9.9,11.9,-6.067,-9.9,-6.779,56.0,4.0,-4.373,29.0,-100.0,-100.0,-100.0,0.0,0.0,0.0,30.0,-100.0,-100.0,-100.0,-8.0,0.0,0.0,29.0,-88.4,-88.0,-88.0,-24.0,1.0,0.0,30.0,-100.0,-100.0,-100.0,0.0,0.0,0.0,29.0,9.756,9.756,9.756,0.0,0.0,0.0,29.0,23.299,23.299,23.299,0.0,0.0,0.0,30.0
3.0172,0,approach,-9.9,11.9,-6.247,-9.9,-6.993,56.0,4.0,-3.85,29.0,-100.0,-100.0,-100.0,0.0,0.0,0.0,30.0,-100.0,-100.0,-100.0,-8.0,0.0,0.0,29.0,-88.4,-88.0,-88.0,-24.0,1.0,0.0,30.0,-100.0,-100.0,-100.0,0.0,0.0,0.0,29.0,9.756,9.756,9.756,0.0,0.0,0.0,29.0,23.299,23.299,23.299,0.0,0.0,0.0,30.0
3.0705,0,approach,-9.9,11.9,-6.427,-9.9,-7.223,60.0,5.0,-3.631,29.0,-100.0,-100.0,-100.0,0.0,0.0,0.0,30.0,-100.0,-100.0,-100.0,-8.0,0.0,0.0,29.0,-88.4,-88.0,-88.0,-24.0,0.0,0.0,30.0,-100.0,-100.0,-100.0,0.0,0.0,0.0,29.0,9.756,9.756,9.756,0.0,0.0,0.0,29.0,23.299,23.299,23.299,0.0,0.0,0.0,30.0
3.1242,0,approach,-9.9,11.9,-6.697,-9.9,-7.438,60.0,5.0,-4.194,29.0,-100.0,-100.0,-100.0,0.0,0.0,0.0,30.0,-100.0,-100.0,-100.0,-8.0,0.0,0.0,29.0,-88.4,-88.0,-88.0,-24.0,0.0,0.0,30.0,-100.0,-100.0,-100.0,0.0,0.0,0.0,29.0,9.756,9.756,9.756,0.0,0.0,0.0,29.0,23.299,23.299,23.299,0.0,0.0,0.0,30.0
3.1775,0,approach,-9.9,11.9,-6.876,-9.9,-7.652,60.0,5.0,-3.749,29.0,-100.0,-100.0,-100.0,0.0,0.0,0.0,30.0,-100.0,-100.0,-100.0,-8.0,0.0,0.0,29.0,-88.4,-88.0,-88.0,-24.0,0.0,0.0,30.0,-100.0,-100.0,-100.0,0.0,0.0,0.0,29.0,9.756,9.756,9.756,0.0,0.0,0.0,29.0,23.299,23.299,23.299,0.0,0.0,0.0,30.0
3.2297,0,approach,-9.9,11.9,-6.966,-9.9,-7.869,60.0,5.0,-2.533,29.0,-100.0,-100.0,-100.0,0.0,0.0,0.0,30.0,-100.0,-100.0,-100.0,-8.0,0.0,0.0,29.0,-88.4,-88.0,-88.0,-24.0,0.0,0.0,30.0,-100.0,-100.0,-100.0,0.0,0.0,0.0,29.0,10.244,9.756,9.756,0.0,0.0,3.774,29.0,23.299,23.299,23.299,0.0,0.0,0.0,30.0
3.2835,0,approach,-9.9,11.9,-7.236,-9.9,-8.082,60.0,5.0,-3.966,29.0,-100.0,-100.0,-100.0,0.0,0.0,0.0,30.0,-100.0,-100.0,-100.0,-8.0,0.0,0.0,29.0,-88.4,-88.0,-88.0,-24.0,0.0,0.0,30.0,-100.0,-100.0,-100.0,0.0,0.0,0.0,29.0,10.244,9.756,9.756,0.0,0.0,1.849,29.0,23.299,23.299,23.299,0.0,0.0,0.0,30.0
3.3365,0,approach,-9.9,11.9,-7.596,-9.9,-8.299,60.0,5.0,-5.338,29.0,-100.0,-100.0,-100.0,0.0,0.0,0.0,30.0,-100.0,-100.0,-100.0,-8.0,0.0,0.0,29.0,-88.4,-88.0,-88.0,-24.0,0.0,0.0,30.0,-100.0,-100.0,-100.0,0.0,0.0,0.0,29.0,10.244,9.756,9.756,0.0,0.0,0.906,29.0,23.299,23.299,23.299,0.0,0.0,0.0,30.0
3.3892,0,approach,-9.9,11.9,-7.685,-9.9,-8.515,60.0,5.0,-3.606,29.0,-100.0,-100.0,-100.0,0.0,0.0,0.0,30.0,-100.0,-100.0,-100.0,-8.0,0.0,0.0,29.0,-88.4,-88.0,-88.0,-24.0,0.0,0.0,30.0,-100.0,-100.0,-100.0,0.0,0.0,0.0,29.0,9.756,9.756,9.756,0.0,0.0,-3.298,29.0,23.299,23.299,23.299,0.0,0.0,0.0,30.0
3.4425,0,approach,-9.9,11.9,-8.045,-9.9,-8.732,60.0,5.0,-5.146,29.0,-100.0,-100.0,-100.0,0.0,0.0,0.0,30.0,-100.0,-100.0,-100.0,-8.0,0.0,0.0,29.0,-88.4,-88.0,-88.0,-24.0,0.0,0.0,30.0,-100.0,-100.0,-100.0,0.0,0.0,0.0,29.0,9.756,9.756,9.756,0.0,0.0,-1.616,29.0,23.299,23.299,23.299,0.0,0.0,0.0,30.0
3.4948,0,approach,-9.9,11.9,-8.135,-9.9,-8.948,60.0,5.0,-3.516,29.0,-100.0,-100.0,-100.0,0.0,0.0,0.0,30.0,-100.0,-100.0,-100.0,-8.0,0.0,0.0,29.0,-88.4,-88.0,-88.0,-24.0,0.0,0.0,30.0,-100.0,-100.0,-100.0,0.0,0.0,0.0,29.0,9.756,9.756,9.756,0.0,0.0,-0.792,29.0,23.299,23.299,23.299,0.0,0.0,0.0,30.0
3.5481,0,approach,-9.9,11.9,-8.404,-9.9,-9.163,60.0,5.0,-4.141,29.0,-100.0,-100.0,-100.0,0.0,0.0,0.0,30.0,-100.0,-100.0,-100.0,-8.0,0.0,0.0,29.0,-88.4,-88.0,-88.0,-24.0,0.0,0.0,30.0,-100.0,-100.0,-100.0,0.0,0.0,0.0,29.0,9.756,9.756,9.756,0.0,0.0,-0.388,29.0,23.299,23.299,23.299,0.0,0.0,0.0,30.0
3.6012,0,approach,-9.9,11.9,-8.404,-9.9,-9.27,60.0,5.0,-2.899,29.0,-100.0,-100.0,-100.0,0.0,0.0,0.0,30.0,-100.0,-100.0,-100.0,-8.0,0.0,0.0,29.0,-88.4,-88.0,-88.0,-24.0,0.0,0.0,30.0,-100.0,-100.0,-100.0,0.0,0.0,0.0,29.0,9.756,9.756,9.756,0.0,0.0,-0.272,29.0,23.299,23.299,23.299,0.0,0.0,0.0,30.0
3.6544,0,approach,-9.9,11.9,-8.494,-9.9,-9.617,72.0,8.0,-2.477,29.0,-100.0,-100.0,-100.0,0.0,0.0,0.0,30.0,-100.0,-100.0,-100.0,-8.0,0.0,0.0,29.0,-88.4,-88.0,-88.0,-24.0,1.0,0.0,30.0,-100.0,-100.0,-100.0,0.0,0.0,0.0,29.0,9.756,9.756,9.756,0.0,0.0,-0.19,29.0,23.299,23.299,23.299,0.0,0.0,0.0,30.0
3.7075,0,approach,-9.9,11.9,-8.764,-9.9,-9.727,72.0,8.0,-4.228,29.0,-100.0,-100.0,-100.0,0.0,0.0,0.0,30.0,-100.0,-100.0,-100.0,-8.0,0.0,0.0,29.0,-88.4,-88.0,-88.0,-24.0,1.0,0.0,30.0,-100.0,-100.0,-100.0,0.0,0.0,0.0,29.0,9.756,9.756,9.756,0.0,0.0,-0.093,29.0,23.299,23.299,23.299,0.0,0.0,0.0,30.0
3.7599,0,approach,-9.9,11.9,-9.124,-9.9,-9.9,72.0,8.0,-5.319,29.0,-100.0,-100.0,-100.0,0.0,0.0,0.0,30.0,-100.0,-100.0,-100.0,-8.0,0.0,0.0,29.0,-88.4,-88.0,-88.0,-24.0,1.0,0.0,30.0,-100.0,-100.0,-100.0,0.0,0.0,0.0,29.0,9.756,9.756,9.756,0.0,0.0,-0.046,29.0,23.299,23.299,23.299,0.0,0.0,0.0,30.0
3.8139,0,approach,-9.9,11.9,-9.124,-9.9,-9.9,72.0,8.0,-2.606,29.0,-100.0,-100.0,-100.0,0.0,0.0,0.0,30.0,-100.0,-100.0,-100.0,-8.0,0.0,0.0,29.0,-88.4,-88.0,-88.0,-24.0,1.0,0.0,30.0,-100.0,-100.0,-100.0,0.0,0.0,0.0,29.0,9.756,9.756,9.756,0.0,0.0,-0.022,29.0,23.299,23.299,23.299,0.0,0.0,0.0,30.0
3.8667,0,approach,-9.9,11.9,-9.213,-9.9,-9.9,72.0,8.0,-1.985,29.0,-100.0,-100.0,-100.0,0.0,0.0,0.0,30.0,-100.0,-100.0,-100.0,-8.0,0.0,0.0,29.0,-88.4,-88.0,-88.0,-24.0,1.0,0.0,30.0,-100.0,-100.0,-100.0,0.0,0.0,0.0,29.0,10.244,9.756,9.756,0.0,0.0,3.83,29.0,23.299,23.299,23.299,0.0,0.0,0.0,30.0
3.9199,0,approach,-9.9,11.9,-9.213,-9.9,-9.9,72.0,8.0,-0.973,29.0,-100.0,-100.0,-100.0,0.0,0.0,0.0,30.0,-100.0,-100.0,-100.0,-8.0,0.0,0.0,29.0,-88.4,-88.0,-88.0,-24.0,1.0,0.0,30.0,-100.0,-100.0,-100.0,0.0,0.0,0.0,29.0,9.756,9.756,9.756,0.0,0.0,-1.975,29.0,23.299,23.299,23.299,0.0,0.0,0.0,30.0
3.9733,0,approach,-9.9,11.9,-9.213,-9.9,-9.9,72.0,8.0,-0.477,29.0,-100.0,-100.0,-100.0,0.0,0.0,0.0,30.0,-100.0,-100.0,-100.0,-8.0,0.0,0.0,29.0,-88.4,-88.0,-88.0,-24.0,1.0,0.0,30.0,-100.0,-100.0,-100.0,0.0,0.0,0.0,29.0,9.756,9.756,9.756,0.0,0.0,-0.968,29.0,23.299,23.299,23.299,0.0,0.0,0.0,30.0
4.0263,0,approach,-9.9,11.9,-9.213,-9.9,-9.9,72.0,8.0,-0.234,29.0,-100.0,-100.0,-100.0,0.0,0.0,0.0,30.0,-100.0,-100.0,-100.0,-8.0,0.0,0.0,29.0,-88.4,-88.0,-88.0,-24.0,1.0,0.0,30.0,-100.0,-100.0,-100.0,0.0,0.0,0.0,29.0,9.756,9.756,9.756,0.0,0.0,-0.474,29.0,23.299,23.299,23.299,0.0,0.0,0.0,30.0
4.0792,0,approach,-9.9,11.9,-9.213,-9.9,-9.9,72.0,8.0,-0.114,29.0,-100.0,-100.0,-100.0,0.0,0.0,0.0,30.0,-100.0,-100.0,-100.0,-8.0,0.0,0.0,29.0,-88.4,-88.0,-88.0,-24.0,1.0,0.0,30.0,-100.0,-100.0,-100.0,0.0,0.0,0.0,29.0,9.756,9.756,9.756,0.0,0.0,-0.232,29.0,23.299,23.299,23.299,0.0,0.0,0.0,30.0
4.133,0,approach,-9.9,11.9,-9.213,-9.9,-9.9,72.0,8.0,-0.056,29.0,-100.0,-100.0,-100.0,0.0,0.0,0.0,30.0,-100.0,-100.0,-100.0,-8.0,0.0,0.0,29.0,-88.4,-88.0,-88.0,-24.0,1.0,0.0,30.0,-100.0,-100.0,-100.0,0.0,0.0,0.0,29.0,9.756,9.756,9.756,0.0,0.0,-0.114,29.0,23.299,23.299,23.299,0.0,0.0,0.0,30.0
4.1859,0,approach,-9.9,11.9,-9.213,-9.9,-9.9,56.0,5.0,-0.039,29.0,-100.0,-100.0,-100.0,0.0,0.0,0.0,30.0,-100.0,-100.0,-100.0,-8.0,0.0,0.0,29.0,-88.4,-88.0,-88.0,-24.0,1.0,0.0,30.0,-100.0,-100.0,-100.0,0.0,0.0,0.0,29.0,9.756,9.756,9.756,0.0,0.0,-0.08,29.0,23.299,23.299,23.299,0.0,0.0,0.0,30.0
4.2377,0,approach,-9.9,11.9,-9.213,-9.9,-9.9,56.0,5.0,-0.019,29.0,-100.0,-100.0,-100.0,0.0,0.0,0.0,30.0,-100.0,-100.0,-100.0,-8.0,0.0,0.0,29.0,-88.4,-88.0,-88.0,-24.0,1.0,0.0,30.0,-100.0,-100.0,-100.0,0.0,0.0,0.0,29.0,9.756,9.756,9.756,0.0,0.0,-0.039,29.0,23.299,23.299,23.299,0.0,0.0,0.0,30.0
4.2905,0,approach,-9.9,11.9,-9.213,-9.9,-9.9,56.0,5.0,-0.009,29.0,-100.0,-100.0,-100.0,0.0,0.0,0.0,30.0,-100.0,-100.0,-100.0,-8.0,0.0,0.0,29.0,-88.4,-88.0,-88.0,-24.0,1.0,0.0,30.0,-100.0,-100.0,-100.0,0.0,0.0,0.0,29.0,9.756,9.756,9.756,0.0,0.0,-0.019,29.0,23.299,23.299,23.299,0.0,0.0,0.0,30.0
4.3434,0,approach,-9.9,11.9,-9.213,-9.9,-9.9,56.0,5.0,-0.005,29.0,-100.0,-100.0,-100.0,0.0,0.0,0.0,30.0,-100.0,-100.0,-100.0,-8.0,0.0,0.0,29.0,-88.4,-88.0,-88.0,-24.0,1.0,0.0,30.0,-100.0,-100.0,-100.0,0.0,0.0,0.0,29.0,9.756,9.756,9.756,0.0,0.0,-0.009,29.0,23.299,23.299,23.299,0.0,0.0,0.0,30.0
4.3965,0,approach,-9.9,11.9,-9.213,-9.9,-9.9,56.0,5.0,-0.002,29.0,-100.0,-100.0,-100.0,0.0,0.0,0.0,30.0,-100.0,-100.0,-100.0,-8.0,0.0,0.0,29.0,-88.4,-88.0,-88.0,-24.0,1.0,0.0,30.0,-100.0,-100.0,-100.0,0.0,0.0,0.0,29.0,9.756,9.756,9.756,0.0,0.0,-0.005,29.0,23.299,23.299,23.299,0.0,0.0,0.0,30.0
4.449,0,approach,-9.9,11.9,-9.213,-9.9,-9.9,56.0,5.0,-0.001,29.0,-100.0,-100.0,-100.0,0.0,0.0,0.0,30.0,-100.0,-100.0,-100.0,-8.0,0.0,0.0,29.0,-88.4,-88.0,-88.0,-24.0,1.0,0.0,30.0,-100.0,-100.0,-100.0,0.0,0.0,0.0,29.0,9.756,9.756,9.756,0.0,0.0,-0.002,29.0,23.299,23.299,23.299,0.0,0.0,0.0,30.0
4.5018,0,approach,-9.9,11.9,-9.213,-9.9,-9.9,56.0,5.0,-0.001,29.0,-100.0,-100.0,-100.0,0.0,0.0,0.0,30.0,-100.0,-100.0,-100.0,-8.0,0.0,0.0,29.0,-88.4,-88.0,-88.0,-24.0,1.0,0.0,30.0,-100.0,-100.0,-100.0,0.0,0.0,0.0,29.0,9.756,9.756,9.756,0.0,0.0,-0.001,29.0,23.299,23.299,23.299,0.0,0.0,0.0,30.0
4.5546,0,approach,-9.9,11.9,-9.213,-9.9,-9.9,56.0,5.0,-0.0,29.0,-100.0,-100.0,-100.0,0.0,0.0,0.0,30.0,-100.0,-100.0,-100.0,-8.0,0.0,0.0,29.0,-88.4,-88.0,-88.0,-24.0,1.0,0.0,30.0,-100.0,-100.0,-100.0,0.0,0.0,0.0,29.0,9.756,9.756,9.756,0.0,0.0,-0.001,29.0,23.299,23.299,23.299,0.0,0.0,0.0,30.0
4.6074,0,approach,-9.9,11.9,-9.213,-9.9,-9.9,56.0,5.0,-0.0,29.0,-100.0,-100.0,-100.0,0.0,0.0,0.0,30.0,-100.0,-100.0,-100.0,-8.0,0.0,0.0,29.0,-88.4,-88.0,-88.0,-24.0,1.0,0.0,30.0,-100.0,-100.0,-100.0,0.0,0.0,0.0,29.0,9.756,9.756,9.756,0.0,0.0,-0.0,29.0,23.299,23.299,23.299,0.0,0.0,0.0,30.0
4.6605,0,approach,-9.9,11.9,-9.213,-9.9,-9.9,56.0,5.0,-0.0,29.0,-100.0,-100.0,-100.0,0.0,0.0,0.0,30.0,-100.0,-100.0,-100.0,-8.0,0.0,0.0,29.0,-88.4,-88.0,-88.0,-24.0,1.0,0.0,30.0,-100.0,-100.0,-100.0,0.0,0.0,0.0,29.0,9.756,9.756,9.756,0.0,0.0,-0.0,29.0,23.299,23.299,23.299,0.0,0.0,0.0,30.0
4.7135,0,approach,-9.9,11.9,-9.213,-9.9,-9.9,56.0,5.0,-0.0,29.0,-100.0,-100.0,-100.0,0.0,0.0,0.0,30.0,-100.0,-100.0,-100.0,-8.0,0.0,0.0,29.0,-88.4,-88.0,-88.0,-24.0,1.0,0.0,30.0,-100.0,-100.0,-100.0,0.0,0.0,0.0,29.0,9.756,9.756,9.756,0.0,0.0,-0.0,29.0,23.299,23.299,23.299,0.0,0.0,0.0,30.0
4.7665,1,fwd,20.1,11.9,-9.213,-9.9,-9.9,56.0,5.0,-0.0,29.0,-100.0,-100.0,-100.0,0.0,0.0,0.0,30.0,-100.0,-100.0,-100.0,-8.0,0.0,0.0,29.0,-88.4,-88.0,-88.0,-24.0,1.0,0.0,30.0,-100.0,-100.0,-100.0,0.0,0.0,0.0,29.0,9.756,9.756,9.756,0.0,0.0,-0.0,29.0,23.299,23.299,23.299,0.0,0.0,0.0,30.0
4.8195,1,fwd,20.1,11.9,-9.213,20.1,-9.678,56.0,5.0,-0.0,29.0,-100.0,-100.0,-100.0,0.0,0.0,0.0,30.0,-100.0,-100.0,-100.0,-8.0,0.0,0.0,29.0,-88.4,-88.0,-88.0,-24.0,1.0,0.0,30.0,-100.0,-100.0,-100.0,0.0,0.0,0.0,29.0,9.756,9.756,9.756,0.0,0.0,-0.0,29.0,23.299,23.299,23.299,0.0,0.0,0.0,30.0
4.8717,1,fwd,20.1,11.9,-9.213,20.1,-9.559,56.0,5.0,-0.0,29.0,-100.0,-100.0,-100.0,0.0,0.0,0.0,30.0,-100.0,-100.0,-100.0,-8.0,0.0,0.0,29.0,-88.4,-88.0,-88.0,-24.0,1.0,0.0,30.0,-100.0,-100.0,-100.0,0.0,0.0,0.0,29.0,9.756,9.756,9.756,0.0,0.0,-0.0,29.0,23.299,23.299,23.299,0.0,0.0,0.0,30.0
4.925,1,fwd,20.1,11.9,-9.124,20.1,-9.337,56.0,5.0,1.012,29.0,-100.0,-100.0,-100.0,0.0,0.0,0.0,30.0,-100.0,-100.0,-100.0,-8.0,0.0,0.0,29.0,-88.4,-88.0,-88.0,-24.0,1.0,0.0,30.0,-100.0,-100.0,-100.0,0.0,0.0,0.0,29.0,9.756,9.756,9.756,0.0,0.0,-0.0,29.0,23.299,23.299,23.299,0.0,0.0,0.0,30.0
4.9782,1,fwd,20.1,11.9,-9.034,20.1,-9.124,56.0,5.0,1.206,29.0,-100.0,-100.0,-100.0,0.0,0.0,0.0,30.0,-100.0,-100.0,-100.0,-8.0,0.0,0.0,29.0,-88.4,-88.0,-88.0,-24.0,1.0,0.0,30.0,-100.0,-100.0,-100.0,0.0,0.0,0.0,29.0,9.756,9.756,9.756,0.0,0.0,-0.0,29.0,23.299,23.299,23.299,0.0,0.0,0.0,30.0
5.0312,1,fwd,20.1,11.9,-8.854,20.1,-8.911,56.0,5.0,2.315,29.0,-100.0,-100.0,-100.0,0.0,0.0,0.0,30.0,-100.0,-100.0,-100.0,-8.0,0.0,0.0,29.0,-88.4,-88.0,-88.0,-24.0,1.0,0.0,30.0,-100.0,-100.0,-100.0,0.0,0.0,0.0,29.0,9.756,9.756,9.756,0.0,0.0,-0.0,29.0,23.299,23.299,23.299,0.0,0.0,0.0,30.0
5.0843,1,fwd,20.1,11.9,-8.674,20.1,-8.697,56.0,5.0,2.851,29.0,-100.0,-100.0,-100.0,0.0,0.0,0.0,30.0,-100.0,-100.0,-100.0,-8.0,0.0,0.0,29.0,-88.4,-88.0,-88.0,-24.0,1.0,0.0,30.0,-100.0,-100.0,-100.0,0.0,0.0,0.0,29.0,9.756,9.756,9.756,0.0,0.0,-0.0,29.0,23.299,23.299,23.299,0.0,0.0,0.0,30.0
5.1381,1,fwd,20.1,11.9,-8.404,20.1,-8.483,56.0,5.0,4.118,29.0,-100.0,-100.0,-100.0,0.0,0.0,0.0,30.0,-100.0,-100.0,-100.0,-8.0,0.0,0.0,29.0,-88.4,-88.0,-88.0,-24.0,1.0,0.0,30.0,-100.0,-100.0,-100.0,0.0,0.0,0.0,29.0,9.756,9.756,9.756,0.0,0.0,-0.0,29.0,23.299,23.299,23.299,0.0,0.0,0.0,30.0
5.1912,1,fwd,20.1,11.9,-8.225,20.1,-8.27,56.0,5.0,3.746,29.0,-100.0,-100.0,-100.0,0.0,0.0,0.0,30.0,-100.0,-100.0,-100.0,-8.0,0.0,0.0,29.0,-88.4,-88.0,-88.0,-24.0,1.0,0.0,30.0,-100.0,-100.0,-100.0,0.0,0.0,0.0,29.0,9.756,9.756,9.756,0.0,0.0,-0.0,29.0,23.299,23.299,23.299,0.0,0.0,0.0,30.0
5.2442,1,fwd,20.1,11.9,-7.955,20.1,-8.056,56.0,5.0,4.25,29.0,-100.0,-100.0,-100.0,0.0,0.0,0.0,30.0,-100.0,-100.0,-100.0,-8.0,0.0,0.0,29.0,-88.4,-88.0,-88.0,-24.0,1.0,0.0,30.0,-100.0,-100.0,-100.0,0.0,0.0,0.0,29.0,9.756,9.756,9.756,0.0,0.0,-0.0,29.0,23.299,23.299,23.299,0.0,0.0,0.0,30.0
5.2971,1,fwd,20.1,11.9,-7.596,20.1,-7.842,56.0,5.0,5.204,29.0,-100.0,-100.0,-100.0,0.0,0.0,0.0,30.0,-100.0,-100.0,-100.0,-8.0,0.0,0.0,29.0,-88.4,-88.0,-88.0,-24.0,1.0,0.0,30.0,-100.0,-100.0,-100.0,0.0,0.0,0.0,29.0,9.756,9.756,9.756,0.0,0.0,-0.0,29.0,23.299,23.299,23.299,0.0,0.0,0.0,30.0
5.3502,1,fwd,20.1,11.9,-7.506,20.1,-7.602,20.0,0.0,4.093,29.0,-100.0,-100.0,-100.0,0.0,0.0,0.0,30.0,-100.0,-100.0,-100.0,-8.0,0.0,0.0,29.0,-88.4,-88.0,-88.0,-24.0,0.0,0.0,30.0,-100.0,-100.0,-100.0,0.0,0.0,0.0,29.0,9.756,9.756,9.756,0.0,0.0,-0.0,29.0,23.299,23.299,23.299,0.0,0.0,0.0,30.0
5.4032,1,fwd,20.1,11.9,-7.416,20.1,-7.389,20.0,0.0,3.022,29.0,-100.0,-100.0,-100.0,0.0,0.0,0.0,30.0,-100.0,-100.0,-100.0,-8.0,0.0,0.0,29.0,-88.4,-88.0,-88.0,-24.0,0.0,0.0,30.0,-100.0,-100.0,-100.0,0.0,0.0,0.0,29.0,9.756,9.756,9.756,0.0,0.0,-0.0,29.0,23.299,23.299,23.299,0.0,0.0,0.0,30.0
5.4563,1,fwd,20.1,11.9,-7.236,20.1,-7.176,20.0,0.0,2.891,29.0,-100.0,-100.0,-100.0,0.0,0.0,0.0,30.0,-100.0,-100.0,-100.0,-8.0,0.0,0.0,29.0,-88.4,-88.0,-88.0,-24.0,0.0,0.0,30.0,-100.0,-100.0,-100.0,0.0,0.0,0.0,29.0,9.756,9.756,9.756,0.0,0.0,-0.0,29.0,23.299,23.299,23.299,0.0,0.0,0.0,30.0
5.5091,1,fwd,20.1,11.9,-6.966,20.1,-6.962,20.0,0.0,3.849,29.0,-100.0,-100.0,-100.0,0.0,0.0,0.0,30.0,-100.0,-100.0,-100.0,-8.0,0.0,0.0,29.0,-88.4,-88.0,-88.0,-24.0,0.0,0.0,30.0,-100.0,-100.0,-100.0,0.0,0.0,0.0,29.0,9.756,9.756,9.756,0.0,0.0,-0.0,29.0,23.299,23.299,23.299,0.0,0.0,0.0,30.0
5.5621,1,fwd,20.1,11.9,-6.787,20.1,-6.748,20.0,0.0,3.605,29.0,-100.0,-100.0,-100.0,0.0,0.0,0.0,30.0,-100.0,-100.0,-100.0,-8.0,0.0,0.0,29.0,-88.4,-88.0,-88.0,-24.0,0.0,0.0,30.0,-100.0,-100.0,-100.0,0.0,0.0,0.0,29.0,9.756,9.756,9.756,0.0,0.0,-0.0,29.0,23.299,23.299,23.299,0.0,0.0,0.0,30.0
5.615,1,fwd,20.1,11.9,-6.517,20.1,-6.536,20.0,0.0,4.518,29.0,-100.0,-100.0,-100.0,0.0,0.0,0.0,30.0,-100.0,-100.0,-100.0,-8.0,0.0,0.0,29.0,-88.4,-88.0,-88.0,-24.0,0.0,0.0,30.0,-100.0,-100.0,-100.0,0.0,0.0,0.0,29.0,9.756,9.756,9.756,0.0,0.0,-0.0,29.0,23.299,23.299,23.299,0.0,0.0,0.0,30.0
5.6685,1,fwd,20.1,11.9,-6.157,20.1,-6.325,20.0,0.0,5.668,29.0,-100.0,-100.0,-100.0,0.0,0.0,0.0,30.0,-100.0,-100.0,-100.0,-8.0,0.0,0.0,29.0,-88.4,-88.0,-88.0,-24.0,0.0,0.0,30.0,-100.0,-100.0,-100.0,0.0,0.0,0.0,29.0,9.756,9.756,9.756,0.0,0.0,-0.0,29.0,23.299,23.299,23.299,0.0,0.0,0.0,30.0
5.7215,1,fwd,20.1,11.9,-6.067,20.1,-6.111,20.0,0.0,3.483,29.0,-100.0,-100.0,-100.0,0.0,0.0,0.0,30.0,-100.0,-100.0,-100.0,-8.0,0.0,0.0,29.0,-88.4,-88.0,-88.0,-24.0,0.0,0.0,30.0,-100.0,-100.0,-100.0,0.0,0.0,0.0,29.0,9.756,9.756,9.756,0.0,0.0,-0.0,29.0,23.299,23.299,23.299,0.0,0.0,0.0,30.0
5.7745,1,fwd,20.1,11.9,-5.888,20.1,-5.898,20.0,0.0,3.418,29.0,-100.0,-100.0,-100.0,0.0,0.0,0.0,30.0,-100.0,-100.0,-100.0,-8.0,0.0,0.0,29.0,-88.4,-88.0,-88.0,-24.0,0.0,0.0,30.0,-100.0,-100.0,-100.0,0.0,0.0,0.0,29.0,9.756,9.756,9.756,0.0,0.0,-0.0,29.0,23.299,23.299,23.299,0.0,0.0,0.0,30.0
5.8267,1,fwd,20.1,11.9,-5.708,20.1,-5.684,20.0,0.0,3.397,29.0,-100.0,-100.0,-100.0,0.0,0.0,0.0,30.0,-100.0,-100.0,-100.0,-8.0,0.0,0.0,29.0,-88.4,-88.0,-88.0,-24.0,0.0,0.0,30.0,-100.0,-100.0,-100.0,0.0,0.0,0.0,29.0,9.756,9.756,9.756,0.0,0.0,-0.0,29.0,23.299,23.299,23.299,0.0,0.0,0.0,30.0
5.8803,1,fwd,20.1,12.0,-5.618,20.1,-5.577,0.0,0.0,3.387,29.0,-100.0,-100.0,-100.0,0.0,0.0,0.0,30.0,-100.0,-100.0,-100.0,-8.0,0.0,0.0,29.0,-88.4,-88.0,-88.0,-24.0,1.0,0.0,30.0,-100.0,-100.0,-100.0,0.0,0.0,0.0,29.0,9.756,9.756,9.756,0.0,0.0,-0.0,29.0,23.299,23.299,23.299,0.0,0.0,0.0,30.0
5.9333,1,fwd,20.1,12.0,-5.438,20.1,-5.241,0.0,0.0,2.319,29.0,-100.0,-100.0,-100.0,0.0,0.0,0.0,30.0,-100.0,-100.0,-100.0,-8.0,0.0,0.0,29.0,-88.4,-88.0,-88.0,-24.0,1.0,0.0,30.0,-100.0,-100.0,-100.0,0.0,0.0,0.0,29.0,9.756,9.756,9.756,0.0,0.0,-0.0,29.0,23.093,23.299,23.299,0.0,0.0,-2.336,30.0
5.9864,1,fwd,20.1,12.0,-5.079,20.1,-5.03,0.0,0.0,4.587,29.0,-100.0,-100.0,-100.0,0.0,0.0,0.0,30.0,-100.0,-100.0,-100.0,-8.0,0.0,0.0,29.0,-88.4,-88.0,-88.0,-24.0,1.0,0.0,30.0,-100.0,-100.0,-100.0,0.0,0.0,0.0,29.0,9.756,9.756,9.756,0.0,0.0,-0.0,29.0,23.299,23.299,23.299,0.0,0.0,0.489,30.0
6.0395,1,fwd,20.1,12.0,-4.719,20.1,-4.816,0.0,0.0,5.354,29.0,-100.0,-100.0,-100.0,0.0,0.0,0.0,30.0,-100.0,-100.0,-100.0,-8.0,0.0,0.0,29.0,-88.4,-88.0,-88.0,-24.0,1.0,0.0,30.0,-100.0,-100.0,-100.0,0.0,0.0,0.0,29.0,9.756,9.756,9.756,0.0,0.0,-0.0,29.0,23.299,23.299,23.299,0.0,0.0,0.24,30.0
6.0925,1,fwd,20.1,12.0,-4.629,20.1,-4.598,0.0,0.0,3.313,29.0,-100.0,-100.0,-100.0,0.0,0.0,0.0,30.0,-100.0,-100.0,-100.0,-8.0,0.0,0.0,29.0,-88.4,-88.0,-88.0,-24.0,1.0,0.0,30.0,-100.0,-100.0,-100.0,0.0,0.0,0.0,29.0,9.756,9.756,9.756,0.0,0.0,-0.0,29.0,23.299,23.299,23.299,0.0,0.0,0.117,30.0
6.1464,1,fwd,20.1,12.0,-4.449,20.1,-4.386,0.0,0.0,3.353,29.0,-100.0,-100.0,-100.0,0.0,0.0,0.0,30.0,-100.0,-100.0,-100.0,-8.0,0.0,0.0,29.0,-88.4,-88.0,-88.0,-24.0,1.0,0.0,30.0,-100.0,-100.0,-100.0,0.0,0.0,0.0,29.0,9.756,9.756,9.756,0.0,0.0,-0.0,29.0,23.299,23.299,23.299,0.0,0.0,0.058,30.0
6.1994,1,fwd,20.1,12.0,-4.27,20.1,-4.173,0.0,0.0,3.355,29.0,-100.0,-100.0,-100.0,0.0,0.0,0.0,30.0,-100.0,-100.0,-100.0,-8.0,0.0,0.0,29.0,-88.4,-88.0,-88.0,-24.0,1.0,0.0,30.0,-100.0,-100.0,-100.0,0.0,0.0,0.0,29.0,9.756,9.756,9.756,0.0,0.0,-0.0,29.0,23.299,23.299,23.299,0.0,0.0,0.028,30.0
6.2524,1,fwd,20.1,12.0,-4.09,20.1,-3.959,0.0,0.0,3.366,29.0,-100.0,-100.0,-100.0,0.0,0.0,0.0,30.0,-100.0,-100.0,-100.0,-8.0,0.0,0.0,29.0,-88.4,-88.0,-88.0,-24.0,1.0,0.0,30.0,-100.0,-100.0,-100.0,0.0,0.0,0.0,29.0,9.756,9.756,9.756,0.0,0.0,-0.0,29.0,23.299,23.299,23.299,0.0,0.0,0.014,30.0
6.3056,1,fwd,20.1,12.0,-4.0,20.1,-3.745,0.0,0.0,3.353,29.0,-100.0,-100.0,-100.0,0.0,0.0,0.0,30.0,-100.0,-100.0,-100.0,-8.0,0.0,0.0,29.0,-88.4,-88.0,-88.0,-24.0,1.0,0.0,30.0,-100.0,-100.0,-100.0,0.0,0.0,0.0,29.0,9.756,9.756,9.756,0.0,0.0,-0.0,29.0,23.299,23.299,23.299,0.0,0.0,0.01,30.0
6.3577,1,fwd,20.1,12.0,-3.91,20.1,-3.519,0.0,0.0,2.655,29.0,-100.0,-100.0,-100.0,0.0,0.0,0.0,30.0,-100.0,-100.0,-100.0,-8.0,0.0,0.0,29.0,-88.4,-88.0,-88.0,-24.0,1.0,0.0,30.0,-100.0,-100.0,-100.0,0.0,0.0,0.0,29.0,9.756,9.756,9.756,0.0,0.0,-0.0,29.0,23.299,23.299,23.299,0.0,0.0,0.005,30.0
6.4097,1,fwd,20.1,12.0,-3.64,20.1,-3.406,0.0,0.0,4.005,29.0,-100.0,-100.0,-100.0,0.0,0.0,0.0,30.0,-100.0,-100.0,-100.0,-8.0,0.0,0.0,29.0,-88.4,-88.0,-88.0,-24.0,1.0,0.0,30.0,-100.0,-100.0,-100.0,0.0,0.0,0.0,29.0,9.756,9.756,9.756,0.0,0.0,-0.0,29.0,23.299,23.299,23.299,0.0,0.0,0.002,30.0
6.4629,1,fwd,20.1,11.9,-3.461,20.1,-3.291,0.0,0.0,4.687,29.0,-100.0,-100.0,-100.0,0.0,0.0,0.0,30.0,-100.0,-100.0,-100.0,-8.0,0.0,0.0,29.0,-88.4,-88.0,-88.0,-24.0,1.0,0.0,30.0,-100.0,-100.0,-100.0,0.0,0.0,0.0,29.0,9.756,9.756,9.756,0.0,0.0,-0.0,29.0,23.299,23.299,23.299,0.0,0.0,0.002,30.0
6.5158,1,fwd,20.1,11.9,-3.191,20.1,-2.96,0.0,0.0,3.299,29.0,-100.0,-100.0,-100.0,0.0,0.0,0.0,30.0,-100.0,-100.0,-100.0,-8.0,0.0,0.0,29.0,-88.4,-88.0,-88.0,-24.0,1.0,0.0,30.0,-100.0,-100.0,-100.0,0.0,0.0,0.0,29.0,9.756,9.756,9.756,0.0,0.0,-0.0,29.0,23.299,23.299,23.299,0.0,0.0,0.001,30.0
6.5691,1,fwd,20.1,11.9,-3.011,20.1,-2.745,0.0,0.0,3.327,29.0,-100.0,-100.0,-100.0,0.0,0.0,0.0,30.0,-100.0,-100.0,-100.0,-8.0,0.0,0.0,29.0,-88.4,-88.0,-88.0,-24.0,1.0,0.0,30.0,-100.0,-100.0,-100.0,0.0,0.0,0.0,29.0,9.756,9.756,9.756,0.0,0.0,-0.0,29.0,23.299,23.299,23.299,0.0,0.0,0.0,30.0
6.6221,1,fwd,20.1,11.9,-2.831,20.1,-2.531,0.0,0.0,3.349,29.0,-100.0,-100.0,-100.0,0.0,0.0,0.0,30.0,-100.0,-100.0,-100.0,-8.0,0.0,0.0,29.0,-88.4,-88.0,-88.0,-24.0,1.0,0.0,30.0,-100.0,-100.0,-100.0,0.0,0.0,0.0,29.0,9.756,9.756,9.756,0.0,0.0,-0.0,29.0,23.299,23.299,23.299,0.0,0.0,0.0,30.0
6.6755,1,fwd,20.1,11.9,-2.652,20.1,-2.316,0.0,0.0,3.333,29.0,-100.0,-100.0,-100.0,0.0,0.0,0.0,30.0,-100.0,-100.0,-100.0,-8.0,0.0,0.0,29.0,-88.4,-88.0,-88.0,-24.0,1.0,0.0,30.0,-100.0,-100.0,-100.0,0.0,0.0,0.0,29.0,9.756,9.756,9.756,0.0,0.0,-0.0,29.0,23.299,23.299,23.299,0.0,0.0,0.0,30.0
6.7277,1,fwd,20.1,11.9,-2.472,20.1,-2.102,0.0,0.0,3.358,29.0,-100.0,-100.0,-100.0,0.0,0.0,0.0,30.0,-100.0,-100.0,-100.0,-8.0,0.0,0.0,29.0,-88.4,-88.0,-88.0,-24.0,1.0,0.0,30.0,-100.0,-100.0,-100.0,0.0,0.0,0.0,29.0,9.756,9.756,9.756,0.0,0.0,-0.0,29.0,23.299,23.299,23.299,0.0,0.0,0.0,30.0
6.7811,1,fwd,20.1,11.9,-2.202,20.1,-1.89,0.0,0.0,4.372,29.0,-100.0,-100.0,-100.0,0.0,0.0,0.0,30.0,-100.0,-100.0,-100.0,-8.0,0.0,0.0,29.0,-88.4,-88.0,-88.0,-24.0,1.0,0.0,30.0,-100.0,-100.0,-100.0,0.0,0.0,0.0,29.0,9.756,9.756,9.756,0.0,0.0,-0.0,29.0,23.299,23.299,23.299,0.0,0.0,0.0,30.0
6.8345,1,fwd,20.1,11.9,-1.843,20.1,-1.675,0.0,0.0,5.583,29.0,-100.0,-100.0,-100.0,0.0,0.0,0.0,30.0,-100.0,-100.0,-100.0,-8.0,0.0,0.0,29.0,-88.4,-88.0,-88.0,-24.0,1.0,0.0,30.0,-100.0,-100.0,-100.0,0.0,0.0,0.0,29.0,9.756,9.756,9.756,0.0,0.0,-0.0,29.0,23.299,23.299,23.299,0.0,0.0,0.0,30.0
6.8875,1,fwd,20.1,11.9,-1.663,20.1,-1.461,0.0,0.0,4.435,29.0,-100.0,-100.0,-100.0,0.0,0.0,0.0,30.0,-100.0,-100.0,-100.0,-8.0,0.0,0.0,29.0,-88.4,-88.0,-88.0,-24.0,1.0,0.0,30.0,-100.0,-100.0,-100.0,0.0,0.0,0.0,29.0,9.756,9.756,9.756,0.0,0.0,-0.0,29.0,23.299,23.299,23.299,0.0,0.0,0.0,30.0
6.9406,1,fwd,20.1,11.9,-1.573,20.1,-1.247,0.0,0.0,3.181,29.0,-100.0,-100.0,-100.0,0.0,0.0,0.0,30.0,-100.0,-100.0,-100.0,-8.0,0.0,0.0,29.0,-88.4,-88.0,-88.0,-24.0,1.0,0.0,30.0,-100.0,-100.0,-100.0,0.0,0.0,0.0,29.0,9.756,9.756,9.756,0.0,0.0,-0.0,29.0,23.299,23.299,23.299,0.0,0.0,0.0,30.0
6.9928,1,fwd,20.1,11.9,-1.393,20.1,-1.033,0.0,0.0,2.979,29.0,-100.0,-100.0,-100.0,0.0,0.0,0.0,30.0,-100.0,-100.0,-100.0,-8.0,0.0,0.0,29.0,-88.4,-88.0,-88.0,-24.0,1.0,0.0,30.0,-100.0,-100.0,-100.0,0.0,0.0,0.0,29.0,9.756,9.756,9.756,0.0,0.0,-0.0,29.0,23.299,23.299,23.299,0.0,0.0,0.0,30.0
7.0463,1,fwd,20.1,12.0,-1.124,20.1,-0.792,-8.0,0.0,3.429,29.0,-100.0,-100.0,-100.0,0.0,0.0,0.0,30.0,-100.0,-100.0,-100.0,-8.0,0.0,0.0,29.0,-88.4,-88.0,-88.0,-24.0,1.0,0.0,30.0,-100.0,-100.0,-100.0,0.0,0.0,0.0,29.0,9.756,9.756,9.756,0.0,0.0,-0.0,29.0,23.299,23.299,23.299,0.0,0.0,0.0,30.0
7.1002,1,fwd,20.1,12.0,-1.034,20.1,-0.579,-8.0,0.0,2.697,29.0,-100.0,-100.0,-100.0,0.0,0.0,0.0,30.0,-100.0,-100.0,-100.0,-8.0,0.0,0.0,29.0,-88.4,-88.0,-88.0,-24.0,1.0,0.0,30.0,-100.0,-100.0,-100.0,0.0,0.0,0.0,29.0,9.756,9.756,9.756,0.0,0.0,-0.0,29.0,23.299,23.299,23.299,0.0,0.0,0.0,30.0
7.1544,1,fwd,20.1,12.0,-0.674,20.1,-0.368,-8.0,0.0,5.083,29.0,-100.0,-100.0,-100.0,0.0,0.0,0.0,30.0,-100.0,-100.0,-100.0,-8.0,0.0,0.0,29.0,-88.4,-88.0,-88.0,-24.0,1.0,0.0,30.0,-100.0,-100.0,-100.0,0.0,0.0,0.0,29.0,9.756,9.756,9.756,0.0,0.0,-0.0,29.0,23.299,23.299,23.299,0.0,0.0,0.0,30.0
7.2072,1,fwd,20.1,12.0,-0.315,20.1,-0.155,-8.0,0.0,5.933,29.0,-100.0,-100.0,-100.0,0.0,0.0,0.0,30.0,-100.0,-100.0,-100.0,-8.0,0.0,0.0,29.0,-88.4,-88.0,-88.0,-24.0,1.0,0.0,30.0,-100.0,-100.0,-100.0,0.0,0.0,0.0,29.0,9.756,9.756,9.756,0.0,0.0,-0.0,29.0,23.299,23.299,23.299,0.0,0.0,0.0,30.0
7.2603,1,fwd,20.1,12.0,-0.225,20.1,0.059,-8.0,0.0,3.923,29.0,-100.0,-100.0,-100.0,0.0,0.0,0.0,30.0,-100.0,-100.0,-100.0,-8.0,0.0,0.0,29.0,-88.4,-88.0,-88.0,-24.0,1.0,0.0,30.0,-100.0,-100.0,-100.0,0.0,0.0,0.0,29.0,9.756,9.756,9.756,0.0,0.0,-0.0,29.0,23.299,23.299,23.299,0.0,0.0,0.0,30.0
7.3133,1,fwd,20.1,12.0,-0.135,20.1,0.271,-8.0,0.0,2.939,29.0,-100.0,-100.0,-100.0,0.0,0.0,0.0,30.0,-100.0,-100.0,-100.0,-8.0,0.0,0.0,29.0,-88.4,-88.0,-88.0,-24.0,1.0,0.0,30.0,-100.0,-100.0,-100.0,0.0,0.0,0.0,29.0,9.756,9.756,9.756,0.0,0.0,-0.0,29.0,23.299,23.299,23.299,0.0,0.0,0.0,30.0
7.3664,1,fwd,20.1,12.0,0.135,20.1,0.482,-8.0,0.0,3.89,29.0,-100.0,-100.0,-100.0,0.0,0.0,0.0,30.0,-100.0,-100.0,-100.0,-8.0,0.0,0.0,29.0,-88.4,-88.0,-88.0,-24.0,1.0,0.0,30.0,-100.0,-100.0,-100.0,0.0,0.0,0.0,29.0,9.756,9.756,9.756,0.0,0.0,-0.0,29.0,23.299,23.299,23.299,0.0,0.0,0.0,30.0
7.4192,1,fwd,20.1,12.0,0.315,20.1,0.694,-8.0,0.0,3.928,29.0,-100.0,-100.0,-100.0,0.0,0.0,0.0,30.0,-100.0,-100.0,-100.0,-8.0,0.0,0.0,29.0,-88.4,-88.0,-88.0,-24.0,1.0,0.0,30.0,-100.0,-100.0,-100.0,0.0,0.0,0.0,29.0,9.756,9.756,9.756,0.0,0.0,-0.0,29.0,23.299,23.299,23.299,0.0,0.0,0.0,30.0
7.4722,1,fwd,20.1,12.0,0.404,20.1,0.907,-8.0,0.0,2.635,29.0,-100.0,-100.0,-100.0,0.0,0.0,0.0,30.0,-100.0,-100.0,-100.0,-8.0,0.0,0.0,29.0,-88.4,-88.0,-88.0,-24.0,1.0,0.0,30.0,-100.0,-100.0,-100.0,0.0,0.0,0.0,29.0,9.756,9.756,9.756,0.0,0.0,-0.0,29.0,23.299,23.299,23.299,0.0,0.0,0.0,30.0
7.525,1,fwd,20.1,12.0,0.764,20.1,1.121,-8.0,0.0,4.735,29.0,-100.0,-100.0,-100.0,0.0,0.0,0.0,30.0,-100.0,-100.0,-100.0,-8.0,0.0,0.0,29.0,-88.4,-88.0,-88.0,-24.0,1.0,0.0,30.0,-100.0,-100.0,-100.0,0.0,0.0,0.0,29.0,9.756,9.756,9.756,0.0,0.0,-0.0,29.0,23.299,23.299,23.299,0.0,0.0,0.0,30.0
7.5779,1,fwd,20.1,12.0,0.854,20.1,1.228,-8.0,0.0,4.324,29.0,-100.0,-100.0,-100.0,0.0,0.0,0.0,30.0,-100.0,-100.0,-100.0,-8.0,0.0,0.0,29.0,-88.4,-88.0,-88.0,-24.0,1.0,0.0,30.0,-100.0,-100.0,-100.0,0.0,0.0,0.0,29.0,9.756,9.756,9.756,0.0,0.0,-0.0,29.0,23.299,23.299,23.299,0.0,0.0,0.0,30.0
7.631,1,fwd,20.1,12.0,1.213,20.1,1.574,4.0,0.0,4.826,29.0,-100.0,-100.0,-100.0,0.0,0.0,0.0,30.0,-100.0,-100.0,-100.0,-8.0,0.0,0.0,29.0,-88.4,-88.0,-88.0,-24.0,1.0,0.0,30.0,-100.0,-100.0,-100.0,0.0,0.0,0.0,29.0,9.756,9.756,9.756,0.0,0.0,-0.0,29.0,23.299,23.299,23.299,0.0,0.0,0.0,30.0
7.6841,1,fwd,20.1,12.0,1.213,20.1,1.689,4.0,0.0,2.365,29.0,-100.0,-100.0,-100.0,0.0,0.0,0.0,30.0,-100.0,-100.0,-100.0,-8.0,0.0,0.0,29.0,-88.4,-88.0,-88.0,-24.0,1.0,0.0,30.0,-100.0,-100.0,-100.0,0.0,0.0,0.0,29.0,9.756,9.756,9.756,0.0,0.0,-0.0,29.0,23.299,23.299,23.299,0.0,0.0,0.0,30.0
7.7372,1,fwd,20.1,12.0,1.483,20.1,1.915,4.0,0.0,3.433,29.0,-100.0,-100.0,-100.0,0.0,0.0,0.0,30.0,-100.0,-100.0,-100.0,-8.0,0.0,0.0,29.0,-88.4,-88.0,-88.0,-24.0,1.0,0.0,30.0,-100.0,-100.0,-100.0,0.0,0.0,0.0,29.0,9.756,9.756,9.756,0.0,0.0,-0.0,29.0,23.299,23.299,23.299,0.0,0.0,0.0,30.0
7.7901,1,fwd,20.1,12.0,1.573,20.1,2.128,4.0,0.0,2.393,29.0,-100.0,-100.0,-100.0,0.0,0.0,0.0,30.0,-100.0,-100.0,-100.0,-8.0,0.0,0.0,29.0,-88.4,-88.0,-88.0,-24.0,1.0,0.0,30.0,-100.0,-100.0,-100.0,0.0,0.0,0.0,29.0,9.756,9.756,9.756,0.0,0.0,-0.0,29.0,23.299,23.299,23.299,0.0,0.0,0.0,30.0
7.8434,1,fwd,20.1,12.0,1.753,20.1,2.341,4.0,0.0,2.897,29.0,-100.0,-100.0,-100.0,0.0,0.0,0.0,30.0,-100.0,-100.0,-100.0,-8.0,0.0,0.0,29.0,-88.4,-88.0,-88.0,-24.0,1.0,0.0,30.0,-100.0,-100.0,-100.0,0.0,0.0,0.0,29.0,9.756,9.756,9.756,0.0,0.0,-0.0,29.0,23.299,23.299,23.299,0.0,0.0,0.0,30.0
7.8967,1,fwd,20.1,12.0,2.202,20.1,2.554,4.0,0.0,5.569,29.0,-100.0,-100.0,-100.0,0.0,0.0,0.0,30.0,-100.0,-100.0,-100.0,-8.0,0.0,0.0,29.0,-88.4,-88.0,-88.0,-24.0,1.0,0.0,30.0,-100.0,-100.0,-100.0,0.0,0.0,0.0,29.0,9.756,9.756,9.756,0.0,0.0,-0.0,29.0,23.299,23.299,23.299,0.0,0.0,0.0,30.0
7.9499,1,fwd,20.1,12.0,2.472,20.1,2.766,4.0,0.0,5.168,29.0,-100.0,-100.0,-100.0,0.0,0.0,0.0,30.0,-100.0,-100.0,-100.0,-8.0,0.0,0.0,29.0,-88.4,-88.0,-88.0,-24.0,1.0,0.0,30.0,-100.0,-100.0,-100.0,0.0,0.0,0.0,29.0,9.756,9.756,9.756,0.0,0.0,-0.0,29.0,23.299,23.299,23.299,0.0,0.0,0.0,30.0
8.0032,1,fwd,20.1,12.0,2.652,20.1,2.98,4.0,0.0,4.247,29.0,-100.0,-100.0,-100.0,0.0,0.0,0.0,30.0,-100.0,-100.0,-100.0,-8.0,0.0,0.0,29.0,-88.4,-88.0,-88.0,-24.0,1.0,0.0,30.0,-100.0,-100.0,-100.0,0.0,0.0,0.0,29.0,9.756,9.756,9.756,0.0,0.0,-0.0,29.0,23.299,23.299,23.299,0.0,0.0,0.0,30.0
8.0564,1,fwd,20.1,12.0,2.742,20.1,3.193,4.0,0.0,2.788,29.0,-100.0,-100.0,-100.0,0.0,0.0,0.0,30.0,-100.0,-100.0,-100.0,-8.0,0.0,0.0,29.0,-88.4,-88.0,-88.0,-24.0,1.0,0.0,30.0,-100.0,-100.0,-100.0,0.0,0.0,0.0,29.0,9.756,9.756,9.756,0.0,0.0,-0.0,29.0,23.299,23.299,23.299,0.0,0.0,0.0,30.0
8.1091,1,fwd,20.1,12.0,2.921,20.1,3.407,4.0,0.0,3.086,29.0,-100.0,-100.0,-100.0,0.0,0.0,0.0,30.0,-100.0,-100.0,-100.0,-8.0,0.0,0.0,29.0,-88.4,-88.0,-88.0,-24.0,1.0,0.0,30.0,-100.0,-100.0,-100.0,0.0,0.0,0.0,29.0,9.756,9.756,9.756,0.0,0.0,-0.0,29.0,23.299,23.299,23.299,0.0,0.0,0.0,30.0
8.163,1,fwd,20.1,11.9,2.921,20.1,3.513,-32.0,0.0,2.16,29.0,-100.0,-100.0,-100.0,0.0,0.0,0.0,30.0,-100.0,-100.0,-100.0,-8.0,0.0,0.0,29.0,-88.4,-88.0,-88.0,-24.0,1.0,0.0,30.0,-100.0,-100.0,-100.0,0.0,0.0,0.0,29.0,9.756,9.756,9.756,0.0,0.0,-0.0,29.0,23.299,23.299,23.299,0.0,0.0,0.0,30.0
8.2162,1,fwd,20.1,11.9,3.191,20.1,3.847,-32.0,0.0,2.739,29.0,-100.0,-100.0,-100.0,0.0,0.0,0.0,30.0,-100.0,-100.0,-100.0,-8.0,0.0,0.0,29.0,-88.4,-88.0,-88.0,-24.0,1.0,0.0,30.0,-100.0,-100.0,-100.0,0.0,0.0,0.0,29.0,9.756,9.756,9.756,0.0,0.0,-0.0,29.0,23.299,23.299,23.299,0.0,0.0,0.0,30.0
8.2693,1,fwd,20.1,11.9,3.64,20.1,4.06,-32.0,0.0,5.786,29.0,-100.0,-100.0,-100.0,0.0,0.0,0.0,30.0,-100.0,-100.0,-100.0,-8.0,0.0,0.0,29.0,-88.4,-88.0,-88.0,-24.0,1.0,0.0,30.0,-100.0,-100.0,-100.0,0.0,0.0,0.0,29.0,9.756,9.756,9.756,0.0,0.0,-0.0,29.0,23.299,23.299,23.299,0.0,0.0,0.0,30.0
8.3224,1,fwd,20.1,11.9,3.91,20.1,4.273,-32.0,0.0,5.577,29.0,-100.0,-100.0,-100.0,0.0,0.0,0.0,30.0,-100.0,-100.0,-100.0,-8.0,0.0,0.0,29.0,-88.4,-88.0,-88.0,-24.0,1.0,0.0,30.0,-100.0,-100.0,-100.0,0.0,0.0,0.0,29.0,9.756,9.756,9.756,0.0,0.0,-0.0,29.0,23.299,23.299,23.299,0.0,0.0,0.0,30.0
8.3754,1,fwd,20.1,11.9,4.09,20.1,4.486,-32.0,0.0,4.454,29.0,-100.0,-100.0,-100.0,0.0,0.0,0.0,30.0,-100.0,-100.0,-100.0,-8.0,0.0,0.0,29.0,-88.4,-88.0,-88.0,-24.0,1.0,0.0,30.0,-100.0,-100.0,-100.0,0.0,0.0,0.0,29.0,9.756,9.756,9.756,0.0,0.0,-0.0,29.0,23.299,23.299,23.299,0.0,0.0,0.0,30.0
8.4284,1,fwd,20.1,11.9,4.27,20.1,4.7,-32.0,0.0,3.904,29.0,-100.0,-100.0,-100.0,0.0,0.0,0.0,30.0,-100.0,-100.0,-100.0,-8.0,0.0,0.0,29.0,-88.4,-88.0,-88.0,-24.0,1.0,0.0,30.0,-100.0,-100.0,-100.0,0.0,0.0,0.0,29.0,9.756,9.756,9.756,0.0,0.0,-0.0,29.0,23.299,23.299,23.299,0.0,0.0,0.0,30.0
8.4814,1,fwd,20.1,11.9,4.36,20.1,4.912,-32.0,0.0,2.621,29.0,-100.0,-100.0,-100.0,0.0,0.0,0.0,30.0,-100.0,-100.0,-100.0,-8.0,0.0,0.0,29.0,-88.4,-88.0,-88.0,-24.0,1.0,0.0,30.0,-100.0,-100.0,-100.0,0.0,0.0,0.0,29.0,9.756,9.756,9.756,0.0,0.0,-0.0,29.0,23.299,23.299,23.299,0.0,0.0,0.0,30.0
8.534,1,fwd,20.1,11.9,4.449,20.1,5.125,-32.0,0.0,2.287,29.0,-100.0,-100.0,-100.0,0.0,0.0,0.0,30.0,-100.0,-100.0,-100.0,-8.0,0.0,0.0,29.0,-88.4,-88.0,-88.0,-24.0,1.0,0.0,30.0,-100.0,-100.0,-100.0,0.0,0.0,0.0,29.0,9.756,9.756,9.756,0.0,0.0,-0.0,29.0,23.299,23.299,23.299,0.0,0.0,0.0,30.0
8.5869,1,fwd,20.1,11.9,4.719,20.1,5.339,-32.0,0.0,3.558,29.0,-100.0,-100.0,-100.0,0.0,0.0,0.0,30.0,-100.0,-100.0,-100.0,-8.0,0.0,0.0,29.0,-88.4,-88.0,-88.0,-24.0,1.0,0.0,30.0,-100.0,-100.0,-100.0,0.0,0.0,0.0,29.0,9.268,9.756,9.756,0.0,0.0,-3.852,29.0,23.299,23.299,23.299,0.0,0.0,0.0,30.0
8.6387,1,fwd,20.1,11.9,5.079,20.1,5.552,-32.0,0.0,5.487,29.0,-100.0,-100.0,-100.0,0.0,0.0,0.0,30.0,-100.0,-100.0,-100.0,-8.0,0.0,0.0,29.0,-88.4,-88.0,-88.0,-24.0,1.0,0.0,30.0,-100.0,-100.0,-100.0,0.0,0.0,0.0,29.0,9.268,9.756,9.756,0.0,0.0,-1.888,29.0,23.299,23.299,23.299,0.0,0.0,0.0,30.0
8.6915,1,fwd,20.1,11.9,5.348,20.1,5.764,-32.0,0.0,5.446,29.0,-100.0,-100.0,-100.0,0.0,0.0,0.0,30.0,-100.0,-100.0,-100.0,-8.0,0.0,0.0,29.0,-88.4,-88.0,-88.0,-24.0,1.0,0.0,30.0,-100.0,-100.0,-100.0,0.0,0.0,0.0,29.0,9.268,9.756,9.756,0.0,0.0,-0.925,29.0,23.299,23.299,23.299,0.0,0.0,0.0,30.0
8.7446,1,fwd,20.1,12.0,5.528,20.1,6.002,-12.0,0.0,4.721,29.0,-100.0,-100.0,-100.0,0.0,0.0,0.0,30.0,-100.0,-100.0,-100.0,-8.0,0.0,0.0,29.0,-88.4,-88.0,-88.0,-24.0,1.0,0.0,30.0,-100.0,-100.0,-100.0,0.0,0.0,0.0,29.0,9.756,9.756,9.756,-8.0,0.0,1.817,29.0,23.299,23.299,23.299,0.0,0.0,0.0,30.0
8.7976,1,fwd,20.1,12.0,5.528,20.1,6.214,-12.0,0.0,2.313,29.0,-100.0,-100.0,-100.0,0.0,0.0,0.0,30.0,-100.0,-100.0,-100.0,-8.0,0.0,0.0,29.0,-88.4,-88.0,-88.0,-24.0,1.0,0.0,30.0,-100.0,-100.0,-100.0,0.0,0.0,0.0,29.0,9.756,9.756,9.756,-8.0,0.0,0.89,29.0,23.299,23.299,23.299,0.0,0.0,0.0,30.0
8.8505,1,fwd,20.1,12.0,5.798,20.1,6.427,-12.0,0.0,3.878,29.0,-100.0,-100.0,-100.0,0.0,0.0,0.0,30.0,-100.0,-100.0,-100.0,-8.0,0.0,0.0,29.0,-88.4,-88.0,-88.0,-24.0,1.0,0.0,30.0,-100.0,-100.0,-100.0,0.0,0.0,0.0,29.0,9.756,9.756,9.756,-8.0,0.0,0.436,29.0,23.299,23.299,23.299,0.0,0.0,0.0,30.0
8.9031,1,fwd,20.1,12.0,5.978,20.1,6.64,-12.0,0.0,3.936,29.0,-100.0,-100.0,-100.0,0.0,0.0,0.0,30.0,-100.0,-100.0,-100.0,-8.0,0.0,0.0,29.0,-88.4,-88.0,-88.0,-24.0,1.0,0.0,30.0,-100.0,-100.0,-100.0,0.0,0.0,0.0,29.0,9.756,9.756,9.756,-8.0,0.0,0.214,29.0,23.299,23.299,23.299,0.0,0.0,0.0,30.0
8.9562,1,fwd,20.1,12.0,6.247,20.1,6.852,-12.0,0.0,4.671,29.0,-100.0,-100.0,-100.0,0.0,0.0,0.0,30.0,-100.0,-100.0,-100.0,-8.0,0.0,0.0,29.0,-88.4,-88.0,-88.0,-24.0,1.0,0.0,30.0,-100.0,-100.0,-100.0,0.0,0.0,0.0,29.0,9.756,9.756,9.756,-8.0,0.0,0.105,29.0,23.299,23.299,23.299,0.0,0.0,0.0,30.0
9.0095,1,fwd,20.1,12.0,6.607,20.1,7.066,-12.0,0.0,5.726,29.0,-100.0,-100.0,-100.0,0.0,0.0,0.0,30.0,-100.0,-100.0,-100.0,-8.0,0.0,0.0,29.0,-88.4,-88.0,-88.0,-24.0,1.0,0.0,30.0,-100.0,-100.0,-100.0,0.0,0.0,0.0,29.0,9.756,9.756,9.756,-8.0,0.0,0.051,29.0,23.299,23.299,23.299,0.0,0.0,0.0,30.0
9.0618,1,fwd,20.1,12.0,6.787,20.1,7.278,-12.0,0.0,4.83,29.0,-100.0,-100.0,-100.0,0.0,0.0,0.0,30.0,-100.0,-100.0,-100.0,-8.0,0.0,0.0,29.0,-88.4,-88.0,-88.0,-24.0,1.0,0.0,30.0,-100.0,-100.0,-100.0,0.0,0.0,0.0,29.0,9.756,9.756,9.756,-8.0,0.0,0.025,29.0,23.299,23.299,23.299,0.0,0.0,0.0,30.0
9.1146,1,fwd,20.1,12.0,6.966,20.1,7.49,-12.0,0.0,4.097,29.0,-100.0,-100.0,-100.0,0.0,0.0,0.0,30.0,-100.0,-100.0,-100.0,-8.0,0.0,0.0,29.0,-88.4,-88.0,-88.0,-24.0,1.0,0.0,30.0,-100.0,-100.0,-100.0,0.0,0.0,0.0,29.0,9.756,9.756,9.756,-8.0,0.0,0.012,29.0,23.299,23.299,23.299,0.0,0.0,0.0,30.0
9.1685,1,fwd,20.1,12.0,7.146,20.1,7.704,-12.0,0.0,4.021,29.0,-100.0,-100.0,-100.0,0.0,0.0,0.0,30.0,-100.0,-100.0,-100.0,-8.0,0.0,0.0,29.0,-88.4,-88.0,-88.0,-24.0,1.0,0.0,30.0,-100.0,-100.0,-100.0,0.0,0.0,0.0,29.0,9.756,9.756,9.756,-8.0,0.0,0.006,29.0,23.299,23.299,23.299,0.0,0.0,0.0,30.0
9.2214,1,fwd,20.1,12.0,7.236,20.1,7.917,-12.0,0.0,2.68,29.0,-100.0,-100.0,-100.0,0.0,0.0,0.0,30.0,-100.0,-100.0,-100.0,-8.0,0.0,0.0,29.0,-88.4,-88.0,-88.0,-24.0,1.0,0.0,30.0,-100.0,-100.0,-100.0,0.0,0.0,0.0,29.0,9.756,9.756,9.756,-8.0,0.0,0.003,29.0,23.299,23.299,23.299,0.0,0.0,0.0,30.0
9.2744,1,fwd,20.1,12.0,7.326,20.1,8.024,-12.0,0.0,2.883,29.0,-100.0,-100.0,-100.0,0.0,0.0,0.0,30.0,-100.0,-100.0,-100.0,-8.0,0.0,0.0,29.0,-88.4,-88.0,-88.0,-24.0,1.0,0.0,30.0,-100.0,-100.0,-100.0,0.0,0.0,0.0,29.0,9.756,9.756,9.756,-8.0,0.0,0.002,29.0,23.299,23.299,23.299,0.0,0.0,0.0,30.0
9.3271,1,fwd,20.1,11.9,7.596,20.1,8.264,-40.0,1.0,3.363,29.0,-100.0,-100.0,-100.0,0.0,0.0,0.0,30.0,-100.0,-100.0,-100.0,-8.0,0.0,0.0,29.0,-88.4,-88.0,-88.0,-24.0,1.0,0.0,30.0,-100.0,-100.0,-100.0,0.0,0.0,0.0,29.0,9.756,9.756,9.756,0.0,0.0,0.001,29.0,23.299,23.299,23.299,0.0,0.0,0.0,30.0
9.3803,1,fwd,20.1,11.9,7.955,20.1,8.485,-40.0,1.0,5.718,29.0,-100.0,-100.0,-100.0,0.0,0.0,0.0,30.0,-100.0,-100.0,-100.0,-8.0,0.0,0.0,29.0,-88.4,-88.0,-88.0,-24.0,1.0,0.0,30.0,-100.0,-100.0,-100.0,0.0,0.0,0.0,29.0,9.756,9.756,9.756,0.0,0.0,0.001,29.0,23.299,23.299,23.299,0.0,0.0,0.0,30.0
9.4334,1,fwd,20.1,11.9,8.045,20.1,8.698,-40.0,1.0,3.511,29.0,-100.0,-100.0,-100.0,0.0,0.0,0.0,30.0,-100.0,-100.0,-100.0,-8.0,0.0,0.0,29.0,-88.4,-88.0,-88.0,-24.0,1.0,0.0,30.0,-100.0,-100.0,-100.0,0.0,0.0,0.0,29.0,9.756,9.756,9.756,0.0,0.0,0.0,29.0,23.299,23.299,23.299,0.0,0.0,0.0,30.0
9.487,1,fwd,20.1,11.9,8.225,20.1,8.913,-40.0,1.0,3.427,29.0,-100.0,-100.0,-100.0,0.0,0.0,0.0,30.0,-100.0,-100.0,-100.0,-8.0,0.0,0.0,29.0,-88.4,-88.0,-88.0,-24.0,1.0,0.0,30.0,-100.0,-100.0,-100.0,0.0,0.0,0.0,29.0,9.756,9.756,9.756,0.0,0.0,0.0,29.0,23.299,23.299,23.299,0.0,0.0,0.0,30.0
9.5398,1,fwd,20.1,11.9,8.404,20.1,9.127,-40.0,1.0,3.383,29.0,-100.0,-100.0,-100.0,0.0,0.0,0.0,30.0,-100.0,-100.0,-100.0,-8.0,0.0,0.0,29.0,-88.4,-88.0,-88.0,-24.0,1.0,0.0,30.0,-100.0,-100.0,-100.0,0.0,0.0,0.0,29.0,9.756,9.756,9.756,0.0,0.0,0.0,29.0,23.299,23.299,23.299,0.0,0.0,0.0,30.0
9.5935,1,fwd,20.1,11.9,8.584,20.1,9.341,-40.0,1.0,3.374,29.0,-100.0,-100.0,-100.0,0.0,0.0,0.0,30.0,-100.0,-100.0,-100.0,-8.0,0.0,0.0,29.0,-88.4,-88.0,-88.0,-24.0,1.0,0.0,30.0,-100.0,-100.0,-100.0,0.0,0.0,0.0,29.0,9.756,9.756,9.756,0.0,0.0,0.0,29.0,23.299,23.299,23.299,0.0,0.0,0.0,30.0
9.6461,1,fwd,20.1,11.9,8.764,20.1,9.555,-40.0,1.0,3.375,29.0,-100.0,-100.0,-100.0,0.0,0.0,0.0,30.0,-100.0,-100.0,-100.0,-8.0,0.0,0.0,29.0,-88.4,-88.0,-88.0,-24.0,1.0,0.0,30.0,-100.0,-100.0,-100.0,0.0,0.0,0.0,29.0,9.756,9.756,9.756,0.0,0.0,0.0,29.0,23.299,23.299,23.299,0.0,0.0,0.0,30.0
9.6993,1,fwd,20.1,11.9,9.034,20.1,9.768,-40.0,1.0,4.082,29.0,-100.0,-100.0,-100.0,0.0,0.0,0.0,30.0,-100.0,-100.0,-100.0,-8.0,0.0,0.0,29.0,-88.4,-88.0,-88.0,-24.0,1.0,0.0,30.0,-100.0,-100.0,-100.0,0.0,0.0,0.0,29.0,9.756,9.756,9.756,0.0,0.0,0.0,29.0,23.299,23.299,23.299,0.0,0.0,0.0,30.0
9.7523,1,fwd,20.1,11.9,9.393,20.1,9.981,-40.0,1.0,5.45,29.0,-100.0,-100.0,-100.0,0.0,0.0,0.0,30.0,-100.0,-100.0,-100.0,-8.0,0.0,0.0,29.0,-88.4,-88.0,-88.0,-24.0,1.0,0.0,30.0,-100.0,-100.0,-100.0,0.0,0.0,0.0,29.0,9.268,9.756,9.756,0.0,0.0,-5.523,29.0,23.299,23.299,23.299,0.0,0.0,0.0,30.0
9.8054,1,fwd,20.1,11.9,9.483,20.1,10.193,-40.0,1.0,3.381,29.0,-100.0,-100.0,-100.0,0.0,0.0,0.0,30.0,-100.0,-100.0,-100.0,-8.0,0.0,0.0,29.0,-88.4,-88.0,-88.0,-24.0,1.0,0.0,30.0,-100.0,-100.0,-100.0,0.0,0.0,0.0,29.0,9.268,9.756,9.756,0.0,0.0,-2.706,29.0,23.299,23.299,23.299,0.0,0.0,0.0,30.0
9.8577,1,fwd,20.1,11.9,9.573,20.1,10.301,-40.0,2.0,3.379,29.0,-100.0,-100.0,-100.0,-12.0,0.0,0.0,30.0,-100.0,-100.0,-100.0,0.0,0.0,0.0,29.0,-88.4,-88.0,-88.0,-24.0,1.0,0.0,30.0,-100.0,-100.0,-100.0,0.0,0.0,0.0,29.0,9.268,9.756,9.756,-8.0,0.0,-1.894,29.0,23.299,23.299,23.299,0.0,0.0,0.0,30.0
9.9106,1,fwd,20.1,11.9,9.843,20.1,10.637,-40.0,2.0,3.306,29.0,-100.0,-100.0,-100.0,-12.0,0.0,0.0,30.0,-100.0,-100.0,-100.0,0.0,0.0,0.0,29.0,-88.4,-88.0,-88.0,-24.0,1.0,0.0,30.0,-100.0,-100.0,-100.0,0.0,0.0,0.0,29.0,9.756,9.756,9.756,-8.0,0.0,0.87,29.0,23.299,23.299,23.299,0.0,0.0,0.0,30.0
9.9639,1,fwd,20.1,11.9,10.022,20.1,10.851,-40.0,2.0,3.334,29.0,-100.0,-100.0,-100.0,-12.0,0.0,0.0,30.0,-100.0,-100.0,-100.0,0.0,0.0,0.0,29.0,-88.4,-88.0,-88.0,-24.0,1.0,0.0,30.0,-100.0,-100.0,-100.0,0.0,0.0,0.0,29.0,9.756,9.756,9.756,-8.0,0.0,0.426,29.0,23.299,23.299,23.299,0.0,0.0,0.0,30.0
10.0158,1,fwd,20.1,11.9,10.202,20.1,11.065,-40.0,2.0,3.354,29.0,-100.0,-100.0,-100.0,-12.0,0.0,0.0,30.0,-100.0,-100.0,-100.0,0.0,0.0,0.0,29.0,-88.4,-88.0,-88.0,-24.0,1.0,0.0,30.0,-100.0,-100.0,-100.0,0.0,0.0,0.0,29.0,9.756,9.756,9.756,-8.0,0.0,0.209,29.0,23.299,23.299,23.299,0.0,0.0,0.0,30.0
10.0679,1,fwd,20.1,11.9,10.472,20.1,11.278,-40.0,2.0,4.063,29.0,-100.0,-100.0,-100.0,-12.0,0.0,0.0,30.0,-100.0,-100.0,-100.0,0.0,0.0,0.0,29.0,-88.4,-88.0,-88.0,-24.0,1.0,0.0,30.0,-100.0,-100.0,-100.0,0.0,0.0,0.0,29.0,9.756,9.756,9.756,-8.0,0.0,0.102,29.0,23.299,23.299,23.299,0.0,0.0,0.0,30.0
10.1214,1,fwd,20.1,11.9,10.831,20.1,11.495,-40.0,2.0,5.406,29.0,-100.0,-100.0,-100.0,-12.0,0.0,0.0,30.0,-100.0,-100.0,-100.0,0.0,0.0,0.0,29.0,-88.4,-88.0,-88.0,-24.0,1.0,0.0,30.0,-100.0,-100.0,-100.0,0.0,0.0,0.0,29.0,9.268,9.756,9.756,-8.0,0.0,-5.449,29.0,23.299,23.299,23.299,0.0,0.0,0.0,30.0
10.175,1,fwd,20.1,11.9,11.011,20.1,11.71,-40.0,2.0,4.345,29.0,-100.0,-100.0,-100.0,-12.0,0.0,0.0,30.0,-100.0,-100.0,-100.0,0.0,0.0,0.0,29.0,-88.4,-88.0,-88.0,-24.0,1.0,0.0,30.0,-100.0,-100.0,-100.0,0.0,0.0,0.0,29.0,9.268,9.756,9.756,-8.0,0.0,-2.67,29.0,23.299,23.299,23.299,0.0,0.0,0.0,30.0
10.2284,1,fwd,20.1,11.9,11.101,20.1,11.924,-40.0,2.0,3.139,29.0,-100.0,-100.0,-100.0,-12.0,0.0,0.0,30.0,-100.0,-100.0,-100.0,0.0,0.0,0.0,29.0,-88.4,-88.0,-88.0,-24.0,1.0,0.0,30.0,-100.0,-100.0,-100.0,0.0,0.0,0.0,29.0,9.268,9.756,9.756,-8.0,0.0,-1.308,29.0,23.299,23.299,23.299,0.0,0.0,0.0,30.0
10.2815,1,fwd,20.1,11.9,11.281,20.1,12.136,-40.0,2.0,3.266,29.0,-100.0,-100.0,-100.0,-12.0,0.0,0.0,30.0,-100.0,-100.0,-100.0,0.0,0.0,0.0,29.0,-88.4,-88.0,-88.0,-24.0,1.0,0.0,30.0,-100.0,-100.0,-100.0,0.0,0.0,0.0,29.0,9.756,9.756,9.756,-8.0,0.0,4.864,29.0,23.299,23.299,23.299,0.0,0.0,0.0,30.0
10.3345,1,fwd,20.1,11.9,11.551,20.1,12.35,-40.0,2.0,4.336,29.0,-100.0,-100.0,-100.0,-12.0,0.0,0.0,30.0,-100.0,-100.0,-100.0,0.0,0.0,0.0,29.0,-88.4,-88.0,-88.0,-24.0,1.0,0.0,30.0,-100.0,-100.0,-100.0,0.0,0.0,0.0,29.0,9.756,9.756,9.756,-8.0,0.0,2.383,29.0,23.299,23.299,23.299,0.0,0.0,0.0,30.0
10.3868,1,fwd,20.1,11.9,11.64,20.1,12.562,-40.0,2.0,3.142,29.0,-100.0,-100.0,-100.0,-12.0,0.0,0.0,30.0,-100.0,-100.0,-100.0,0.0,0.0,0.0,29.0,-88.4,-88.0,-88.0,-24.0,1.0,0.0,30.0,-100.0,-100.0,-100.0,0.0,0.0,0.0,29.0,9.756,9.756,9.756,-8.0,0.0,1.168,29.0,23.299,23.299,23.299,0.0,0.0,0.0,30.0
10.4399,1,fwd,20.1,11.9,11.64,20.1,12.795,-60.0,4.0,3.142,29.0,-100.0,-100.0,-100.0,0.0,0.0,0.0,30.0,-100.0,-100.0,-100.0,0.0,0.0,0.0,29.0,-88.4,-88.0,-88.0,-24.0,2.0,0.0,30.0,-100.0,-100.0,-100.0,0.0,0.0,0.0,29.0,9.756,9.756,9.756,0.0,0.0,1.168,29.0,23.299,23.299,23.299,0.0,0.0,0.0,30.0
10.4933,1,fwd,20.1,11.9,12.09,20.1,13.019,-60.0,4.0,3.796,29.0,-100.0,-100.0,-100.0,0.0,0.0,0.0,30.0,-100.0,-100.0,-100.0,0.0,0.0,0.0,29.0,-88.4,-88.0,-88.0,-24.0,2.0,0.0,30.0,-100.0,-100.0,-100.0,0.0,0.0,0.0,29.0,9.756,9.756,9.756,0.0,0.0,0.572,29.0,23.299,23.299,23.299,0.0,0.0,0.0,30.0
10.5459,1,fwd,20.1,11.9,12.449,20.1,13.138,-60.0,4.0,4.776,29.0,-100.0,-100.0,-100.0,0.0,0.0,0.0,30.0,-100.0,-100.0,-100.0,0.0,0.0,0.0,29.0,-88.4,-88.0,-88.0,-24.0,2.0,0.0,30.0,-100.0,-100.0,-100.0,0.0,0.0,0.0,29.0,9.756,9.756,9.756,0.0,0.0,0.28,29.0,23.299,23.299,23.299,0.0,0.0,0.0,30.0
10.5999,1,fwd,20.1,11.9,12.449,20.1,13.362,-60.0,4.0,2.34,29.0,-100.0,-100.0,-100.0,0.0,0.0,0.0,30.0,-100.0,-100.0,-100.0,0.0,0.0,0.0,29.0,-88.4,-88.0,-88.0,-24.0,2.0,0.0,30.0,-100.0,-100.0,-100.0,0.0,0.0,0.0,29.0,9.756,9.756,9.756,0.0,0.0,0.137,29.0,23.299,23.299,23.299,0.0,0.0,0.0,30.0
10.6535,1,fwd,20.1,11.9,12.719,20.1,13.577,-60.0,4.0,3.825,29.0,-100.0,-100.0,-100.0,0.0,0.0,0.0,30.0,-100.0,-100.0,-100.0,0.0,0.0,0.0,29.0,-88.4,-88.0,-88.0,-24.0,2.0,0.0,30.0,-100.0,-100.0,-100.0,0.0,0.0,0.0,29.0,9.268,9.756,9.756,0.0,0.0,-5.314,29.0,23.299,23.299,23.299,0.0,0.0,0.0,30.0
10.7069,1,fwd,20.1,11.9,12.899,20.1,13.794,-60.0,4.0,3.593,29.0,-100.0,-100.0,-100.0,0.0,0.0,0.0,30.0,-99.858,-100.0,-100.0,0.0,0.0,1.61,29.0,-88.4,-88.0,-88.0,-24.0,2.0,0.0,30.0,-100.0,-100.0,-100.0,0.0,0.0,0.0,29.0,9.268,9.756,9.756,0.0,0.0,-2.604,29.0,23.299,23.299,23.299,0.0,0.0,0.0,30.0
10.7597,1,fwd,20.1,11.9,13.079,20.1,14.008,-60.0,4.0,3.444,29.0,-100.0,-100.0,-100.0,0.0,0.0,0.0,30.0,-99.716,-100.0,-100.0,0.0,0.0,1.895,29.0,-88.4,-88.0,-88.0,-24.0,2.0,0.0,30.0,-100.0,-100.0,-100.0,0.0,0.0,0.0,29.0,9.268,9.756,9.756,0.0,0.0,-1.276,29.0,23.299,23.299,23.299,0.0,0.0,0.0,30.0
10.8129,1,fwd,20.1,11.9,13.348,20.1,14.224,-60.0,4.0,4.128,29.0,-100.0,-100.0,-100.0,0.0,0.0,0.0,30.0,-99.858,-100.0,-100.0,0.0,0.0,-0.194,29.0,-88.4,-88.0,-88.0,-24.0,2.0,0.0,30.0,-100.0,-100.0,-100.0,0.0,0.0,0.0,29.0,9.268,9.756,9.756,0.0,0.0,-0.625,29.0,23.299,23.299,23.299,0.0,0.0,0.0,30.0
10.8661,1,fwd,20.1,11.9,13.618,20.1,14.436,-60.0,4.0,4.428,29.0,-100.0,-100.0,-100.0,0.0,0.0,0.0,30.0,-99.858,-100.0,-100.0,0.0,0.0,-0.095,29.0,-88.4,-88.0,-88.0,-24.0,2.0,0.0,30.0,-100.0,-100.0,-100.0,0.0,0.0,0.0,29.0,9.268,9.756,9.756,0.0,0.0,-0.306,29.0,23.299,23.299,23.299,0.0,0.0,0.0,30.0
10.9192,1,fwd,20.1,11.9,13.798,20.1,14.652,-60.0,4.0,3.59,29.0,-100.0,-100.0,-100.0,0.0,0.0,0.0,30.0,-99.858,-100.0,-100.0,0.0,0.0,-0.047,29.0,-88.4,-88.0,-88.0,-24.0,2.0,0.0,30.0,-100.0,-100.0,-100.0,0.0,0.0,0.0,29.0,9.268,9.756,9.756,0.0,0.0,-0.15,29.0,23.299,23.299,23.299,0.0,0.0,0.0,30.0
10.9722,1,fwd,20.1,11.9,13.888,20.1,14.867,-60.0,4.0,2.47,29.0,-100.0,-100.0,-100.0,0.0,0.0,0.0,30.0,-99.858,-100.0,-100.0,0.0,0.0,-0.023,29.0,-88.4,-88.0,-88.0,-24.0,2.0,0.0,30.0,-100.0,-100.0,-100.0,0.0,0.0,0.0,29.0,9.268,9.756,9.756,0.0,0.0,-0.074,29.0,23.299,23.299,23.299,0.0,0.0,0.0,30.0
11.0254,1,fwd,20.1,11.9,14.157,20.1,15.1,-52.0,4.0,3.112,29.0,-100.0,-100.0,-100.0,0.0,0.0,0.0,30.0,-99.858,-100.0,-100.0,8.0,0.0,-0.016,29.0,-88.4,-88.0,-88.0,-24.0,1.0,0.0,30.0,-100.0,-100.0,-100.0,0.0,0.0,0.0,29.0,9.268,9.756,9.756,-8.0,0.0,-0.051,29.0,23.299,23.299,23.299,0.0,0.0,0.0,30.0
11.0779,1,fwd,20.1,11.9,14.337,20.1,15.318,-52.0,4.0,3.498,29.0,-100.0,-100.0,-100.0,0.0,0.0,0.0,30.0,-99.858,-100.0,-100.0,8.0,0.0,-0.008,29.0,-88.4,-88.0,-88.0,-24.0,1.0,0.0,30.0,-100.0,-100.0,-100.0,0.0,0.0,0.0,29.0,9.268,9.756,9.756,-8.0,0.0,-0.025,29.0,23.299,23.299,23.299,0.0,0.0,0.0,30.0
11.1311,1,fwd,20.1,11.9,14.517,20.1,15.533,-52.0,4.0,3.43,29.0,-100.0,-100.0,-100.0,0.0,0.0,0.0,30.0,-99.858,-100.0,-100.0,8.0,0.0,-0.004,29.0,-88.4,-88.0,-88.0,-24.0,1.0,0.0,30.0,-100.0,-100.0,-100.0,0.0,0.0,0.0,29.0,9.268,9.756,9.756,-8.0,0.0,-0.012,29.0,23.299,23.299,23.299,0.0,0.0,0.0,30.0
11.1854,1,fwd,20.1,11.9,14.787,20.1,15.745,-52.0,4.0,4.396,29.0,-100.0,-100.0,-100.0,0.0,0.0,0.0,30.0,-99.858,-100.0,-100.0,8.0,0.0,-0.002,29.0,-88.4,-88.0,-88.0,-24.0,1.0,0.0,30.0,-100.0,-100.0,-100.0,0.0,0.0,0.0,29.0,9.268,9.756,9.756,-8.0,0.0,-0.006,29.0,23.299,23.299,23.299,0.0,0.0,0.0,30.0
11.2384,1,fwd,20.1,11.9,15.056,20.1,15.96,-52.0,4.0,4.585,29.0,-100.0,-100.0,-100.0,0.0,0.0,0.0,30.0,-99.858,-100.0,-100.0,8.0,0.0,-0.001,29.0,-88.267,-88.0,-88.0,-24.0,1.0,1.052,30.0,-100.0,-100.0,-100.0,0.0,0.0,0.0,29.0,9.268,9.756,9.756,-8.0,0.0,-0.003,29.0,23.299,23.299,23.299,0.0,0.0,0.0,30.0
11.2914,1,fwd,20.1,11.9,15.326,20.1,16.173,-52.0,4.0,4.682,29.0,-100.0,-100.0,-100.0,0.0,0.0,0.0,30.0,-99.858,-100.0,-100.0,8.0,0.0,-0.0,29.0,-88.267,-88.0,-88.0,-24.0,1.0,0.516,30.0,-100.0,-100.0,-100.0,0.0,0.0,0.0,29.0,9.268,9.756,9.756,-8.0,0.0,-0.001,29.0,23.299,23.299,23.299,0.0,0.0,0.0,30.0
11.344,1,fwd,20.1,11.9,15.416,20.1,16.387,-52.0,4.0,3.301,29.0,-100.0,-100.0,-100.0,0.0,0.0,0.0,30.0,-99.858,-100.0,-100.0,8.0,0.0,-0.0,29.0,-88.267,-88.0,-88.0,-24.0,1.0,0.253,30.0,-100.0,-100.0,-100.0,0.0,0.0,0.0,29.0,9.268,9.756,9.756,-8.0,0.0,-0.001,29.0,23.299,23.299,23.299,0.0,0.0,0.0,30.0
11.3958,1,fwd,20.1,11.9,15.596,20.1,16.602,-52.0,4.0,3.337,29.0,-100.0,-100.0,-100.0,0.0,0.0,0.0,30.0,-99.858,-100.0,-100.0,8.0,0.0,-0.0,29.0,-88.267,-88.0,-88.0,-24.0,1.0,0.124,30.0,-100.0,-100.0,-100.0,0.0,0.0,0.0,29.0,9.268,9.756,9.756,-8.0,0.0,-0.0,29.0,23.299,23.299,23.299,0.0,0.0,0.0,30.0
11.4486,1,fwd,20.1,11.9,15.775,20.1,16.814,-52.0,4.0,3.342,29.0,-100.0,-100.0,-100.0,0.0,0.0,0.0,30.0,-99.858,-100.0,-100.0,8.0,0.0,-0.0,29.0,-88.267,-88.0,-88.0,-24.0,1.0,0.061,30.0,-100.0,-100.0,-100.0,0.0,0.0,0.0,29.0,9.268,9.756,9.756,-8.0,0.0,-0.0,29.0,23.299,23.299,23.299,0.0,0.0,0.0,30.0
11.5014,1,fwd,20.1,11.9,15.955,20.1,17.03,-52.0,4.0,3.338,29.0,-100.0,-100.0,-100.0,0.0,0.0,0.0,30.0,-99.858,-100.0,-100.0,8.0,0.0,-0.0,29.0,-88.267,-88.0,-88.0,-24.0,1.0,0.03,30.0,-100.0,-100.0,-100.0,0.0,0.0,0.0,29.0,9.268,9.756,9.756,-8.0,0.0,-0.0,29.0,23.299,23.299,23.299,0.0,0.0,0.0,30.0
11.5546,1,fwd,20.1,11.9,16.135,20.1,17.138,-52.0,4.0,4.341,29.0,-100.0,-100.0,-100.0,0.0,0.0,0.0,30.0,-99.858,-100.0,-100.0,8.0,0.0,-0.0,29.0,-88.267,-88.0,-88.0,-24.0,1.0,0.021,30.0,-100.0,-100.0,-100.0,0.0,0.0,0.0,29.0,9.268,9.756,9.756,-8.0,0.0,-0.0,29.0,23.299,23.299,23.299,0.0,0.0,0.0,30.0
11.6081,1,fwd,20.1,11.9,16.404,20.1,17.486,-64.0,6.0,4.391,29.0,-100.0,-100.0,-100.0,0.0,0.0,0.0,30.0,-99.858,-100.0,-100.0,8.0,0.0,-0.0,29.0,-88.267,-88.0,-88.0,-16.0,0.0,0.015,30.0,-100.0,-100.0,-100.0,0.0,0.0,0.0,29.0,9.268,9.756,9.756,-8.0,0.0,-0.0,29.0,23.299,23.299,23.299,0.0,0.0,0.0,30.0
11.6615,1,fwd,20.1,11.9,16.674,20.1,17.597,-64.0,6.0,4.493,29.0,-100.0,-100.0,-100.0,0.0,0.0,0.0,30.0,-99.858,-100.0,-100.0,8.0,0.0,-0.0,29.0,-88.267,-88.0,-88.0,-16.0,0.0,0.007,30.0,-100.0,-100.0,-100.0,0.0,0.0,0.0,29.0,9.268,9.756,9.756,-8.0,0.0,-0.0,29.0,23.299,23.299,23.299,0.0,0.0,0.0,30.0
11.7151,1,fwd,20.1,11.9,16.764,20.1,17.824,-64.0,6.0,2.843,29.0,-100.0,-100.0,-100.0,0.0,0.0,0.0,30.0,-99.858,-100.0,-100.0,8.0,0.0,-0.0,29.0,-88.267,-88.0,-88.0,-16.0,0.0,0.003,30.0,-99.931,-100.0,-100.0,0.0,0.0,0.768,29.0,9.268,9.756,9.756,-8.0,0.0,-0.0,29.0,23.299,23.299,23.299,0.0,0.0,0.0,30.0
11.7686,1,fwd,20.1,11.9,16.944,20.1,18.039,-64.0,6.0,3.093,29.0,-100.0,-100.0,-100.0,0.0,0.0,0.0,30.0,-99.858,-100.0,-100.0,8.0,0.0,-0.0,29.0,-88.267,-88.0,-88.0,-16.0,0.0,0.002,30.0,-99.931,-100.0,-100.0,0.0,0.0,0.376,29.0,9.268,9.756,9.756,-8.0,0.0,-0.0,29.0,23.299,23.299,23.299,0.0,0.0,0.0,30.0
11.8219,1,fwd,20.1,11.9,17.213,20.1,18.254,-64.0,6.0,4.221,29.0,-100.0,-100.0,-100.0,0.0,0.0,0.0,30.0,-99.858,-100.0,-100.0,8.0,0.0,-0.0,29.0,-88.267,-88.0,-88.0,-16.0,0.0,0.001,30.0,-100.0,-100.0,-100.0,0.0,0.0,-0.36,29.0,9.268,9.756,9.756,-8.0,0.0,-0.0,29.0,23.093,23.299,23.299,0.0,0.0,-1.622,30.0
11.8755,1,fwd,20.1,11.9,17.303,20.1,18.468,-64.0,6.0,2.778,29.0,-100.0,-100.0,-100.0,0.0,0.0,0.0,30.0,-99.858,-100.0,-100.0,8.0,0.0,-0.0,29.0,-88.267,-88.0,-88.0,-16.0,0.0,0.0,30.0,-100.0,-100.0,-100.0,0.0,0.0,-0.176,29.0,9.268,9.756,9.756,-8.0,0.0,-0.0,29.0,23.299,23.299,23.299,0.0,0.0,0.834,30.0
11.9279,1,fwd,20.1,11.9,17.573,20.1,18.683,-64.0,6.0,4.085,29.0,-100.0,-100.0,-100.0,0.0,0.0,0.0,30.0,-99.858,-100.0,-100.0,8.0,0.0,-0.0,29.0,-88.267,-88.0,-88.0,-16.0,0.0,0.0,30.0,-100.0,-100.0,-100.0,0.0,0.0,-0.086,29.0,9.268,9.756,9.756,-8.0,0.0,-0.0,29.0,23.299,23.299,23.299,0.0,0.0,0.409,30.0
11.9815,1,fwd,20.1,11.9,17.933,20.1,18.896,-64.0,6.0,5.442,29.0,-100.0,-100.0,-100.0,0.0,0.0,0.0,30.0,-99.858,-100.0,-100.0,8.0,0.0,-0.0,29.0,-88.267,-88.0,-88.0,-16.0,0.0,0.0,30.0,-100.0,-100.0,-100.0,0.0,0.0,-0.042,29.0,9.756,9.756,9.756,-8.0,0.0,5.484,29.0,23.299,23.299,23.299,0.0,0.0,0.2,30.0
12.0351,1,fwd,20.1,11.9,18.112,20.1,19.112,-64.0,6.0,4.063,29.0,-100.0,-100.0,-100.0,0.0,0.0,0.0,30.0,-99.858,-100.0,-100.0,8.0,0.0,-0.0,29.0,-88.267,-88.0,-88.0,-16.0,0.0,0.0,30.0,-100.0,-100.0,-100.0,0.0,0.0,-0.021,29.0,9.756,9.756,9.756,-8.0,0.0,2.687,29.0,23.299,23.299,23.299,0.0,0.0,0.098,30.0
12.0879,1,fwd,20.1,11.9,18.202,20.1,19.328,-64.0,6.0,2.691,29.0,-100.0,-100.0,-100.0,0.0,0.0,0.0,30.0,-99.858,-100.0,-100.0,8.0,0.0,-0.0,29.0,-88.267,-88.0,-88.0,-16.0,0.0,0.0,30.0,-100.0,-100.0,-100.0,0.0,0.0,-0.01,29.0,9.756,9.756,9.756,-8.0,0.0,1.317,29.0,23.299,23.299,23.299,0.0,0.0,0.048,30.0
12.1414,1,fwd,20.1,11.9,18.382,20.1,19.435,-68.0,7.0,3.894,29.0,-100.0,-100.0,-100.0,0.0,0.0,0.0,30.0,-99.858,-100.0,-100.0,8.0,0.0,-0.0,29.0,-88.267,-88.0,-88.0,-16.0,0.0,0.0,30.0,-100.0,-100.0,-100.0,0.0,0.0,-0.007,29.0,9.756,9.756,9.756,0.0,0.0,0.922,29.0,23.299,23.299,23.299,0.0,0.0,0.034,30.0
12.1954,1,fwd,20.1,11.9,18.562,20.1,19.771,-68.0,7.0,3.235,29.0,-100.0,-100.0,-100.0,0.0,0.0,0.0,30.0,-99.858,-100.0,-100.0,8.0,0.0,-0.0,29.0,-88.267,-88.0,-88.0,-16.0,0.0,0.0,30.0,-100.0,-100.0,-100.0,0.0,0.0,-0.003,29.0,9.268,9.756,9.756,0.0,0.0,-4.95,29.0,23.299,23.299,23.299,0.0,0.0,0.016,30.0
12.2477,1,fwd,20.1,11.9,18.742,20.1,19.986,-68.0,7.0,3.001,29.0,-100.0,-100.0,-100.0,0.0,0.0,0.0,30.0,-99.858,-100.0,-100.0,8.0,0.0,-0.0,29.0,-88.267,-88.0,-88.0,-16.0,0.0,0.0,30.0,-100.0,-100.0,-100.0,0.0,0.0,-0.002,29.0,9.268,9.756,9.756,0.0,0.0,-2.426,29.0,23.299,23.299,23.299,0.0,0.0,0.008,30.0
12.301,1,hold_end,20.1,11.9,19.101,20.1,20.1,-68.0,7.0,4.89,29.0,-100.0,-100.0,-100.0,0.0,0.0,0.0,30.0,-99.858,-100.0,-100.0,8.0,0.0,-0.0,29.0,-88.267,-88.0,-88.0,-16.0,0.0,0.0,30.0,-100.0,-100.0,-100.0,0.0,0.0,-0.001,29.0,9.268,9.756,9.756,0.0,0.0,-1.189,29.0,23.299,23.299,23.299,0.0,0.0,0.004,30.0
12.3539,1,hold_end,20.1,11.9,19.371,20.1,20.1,-68.0,7.0,4.815,29.0,-100.0,-100.0,-100.0,0.0,0.0,0.0,30.0,-99.858,-100.0,-100.0,8.0,0.0,-0.0,29.0,-88.267,-88.0,-88.0,-16.0,0.0,0.0,30.0,-100.0,-100.0,-100.0,0.0,0.0,-0.0,29.0,9.268,9.756,9.756,0.0,0.0,-0.582,29.0,23.299,23.299,23.299,0.0,0.0,0.002,30.0
12.4069,1,hold_end,20.1,11.9,19.461,20.1,20.1,-68.0,7.0,3.06,29.0,-100.0,-100.0,-100.0,0.0,0.0,0.0,30.0,-99.858,-100.0,-100.0,8.0,0.0,-0.0,29.0,-88.267,-88.0,-88.0,-16.0,0.0,0.0,30.0,-100.0,-100.0,-100.0,0.0,0.0,-0.0,29.0,9.268,9.756,9.756,0.0,0.0,-0.285,29.0,23.093,23.299,23.299,0.0,0.0,-2.313,30.0
12.4602,1,hold_end,20.1,11.9,19.551,20.1,20.1,-68.0,7.0,2.191,29.0,-100.0,-100.0,-100.0,0.0,0.0,0.0,30.0,-99.858,-100.0,-100.0,8.0,0.0,-0.0,29.0,-88.267,-88.0,-88.0,-16.0,0.0,0.0,30.0,-100.0,-100.0,-100.0,0.0,0.0,-0.0,29.0,9.268,9.756,9.756,0.0,0.0,-0.14,29.0,23.299,23.299,23.299,0.0,0.0,1.18,30.0
12.5135,1,hold_end,20.1,11.9,19.551,20.1,20.1,-68.0,7.0,1.074,29.0,-100.0,-100.0,-100.0,0.0,0.0,0.0,30.0,-99.858,-100.0,-100.0,8.0,0.0,-0.0,29.0,-88.267,-88.0,-88.0,-16.0,0.0,0.0,30.0,-100.0,-100.0,-100.0,0.0,0.0,-0.0,29.0,9.268,9.756,9.756,0.0,0.0,-0.069,29.0,23.299,23.299,23.299,0.0,0.0,0.578,30.0
12.5665,1,hold_end,20.1,11.9,19.551,20.1,20.1,-68.0,7.0,0.526,29.0,-100.0,-100.0,-100.0,0.0,0.0,0.0,30.0,-99.858,-100.0,-100.0,8.0,0.0,-0.0,29.0,-88.267,-88.0,-88.0,-16.0,0.0,0.0,30.0,-99.931,-100.0,-100.0,0.0,0.0,0.772,29.0,9.268,9.756,9.756,0.0,0.0,-0.034,29.0,23.299,23.299,23.299,0.0,0.0,0.283,30.0
12.6187,1,hold_end,20.1,11.9,19.551,20.1,20.1,-68.0,7.0,0.258,29.0,-100.0,-100.0,-100.0,0.0,0.0,0.0,30.0,-99.858,-100.0,-100.0,8.0,0.0,-0.0,29.0,-88.267,-88.0,-88.0,-16.0,0.0,0.0,30.0,-99.931,-100.0,-100.0,0.0,0.0,0.378,29.0,9.268,9.756,9.756,0.0,0.0,-0.016,29.0,23.299,23.299,23.299,0.0,0.0,0.139,30.0
12.6722,1,hold_end,20.1,11.9,19.551,20.1,20.1,-68.0,7.0,0.126,29.0,-100.0,-100.0,-100.0,0.0,0.0,0.0,30.0,-99.858,-100.0,-100.0,8.0,0.0,-0.0,29.0,-88.267,-88.0,-88.0,-16.0,0.0,0.0,30.0,-99.931,-100.0,-100.0,0.0,0.0,0.185,29.0,9.268,9.756,9.756,0.0,0.0,-0.008,29.0,23.299,23.299,23.299,0.0,0.0,0.068,30.0
12.7247,1,hold_end,20.1,11.9,19.551,20.1,20.1,-40.0,2.0,0.126,29.0,-100.0,-100.0,-100.0,0.0,0.0,0.0,30.0,-99.858,-100.0,-100.0,8.0,0.0,-0.0,29.0,-88.267,-88.0,-88.0,-16.0,0.0,0.0,30.0,-99.931,-100.0,-100.0,8.0,0.0,0.185,29.0,9.268,9.756,9.756,-8.0,0.0,-0.008,29.0,23.299,23.299,23.299,0.0,0.0,0.068,30.0
12.778,1,hold_end,20.1,11.9,19.551,20.1,20.1,-40.0,2.0,0.062,29.0,-100.0,-100.0,-100.0,0.0,0.0,0.0,30.0,-99.858,-100.0,-100.0,8.0,0.0,-0.0,29.0,-88.267,-88.0,-88.0,-16.0,0.0,0.0,30.0,-100.0,-100.0,-100.0,8.0,0.0,-0.148,29.0,9.268,9.756,9.756,-8.0,0.0,-0.004,29.0,23.299,23.299,23.299,0.0,0.0,0.033,30.0
12.8314,1,hold_end,20.1,11.9,19.551,20.1,20.1,-40.0,2.0,0.03,29.0,-100.0,-100.0,-100.0,0.0,0.0,0.0,30.0,-99.858,-100.0,-100.0,8.0,0.0,-0.0,29.0,-88.267,-88.0,-88.0,-16.0,0.0,0.0,30.0,-100.0,-100.0,-100.0,8.0,0.0,-0.073,29.0,9.268,9.756,9.756,-8.0,0.0,-0.002,29.0,23.299,23.299,23.299,0.0,0.0,0.016,30.0
12.8852,1,hold_end,20.1,11.9,19.551,20.1,20.1,-40.0,2.0,0.015,29.0,-100.0,-100.0,-100.0,0.0,0.0,0.0,30.0,-99.858,-100.0,-100.0,8.0,0.0,-0.0,29.0,-88.267,-88.0,-88.0,-16.0,0.0,0.0,30.0,-100.0,-100.0,-100.0,8.0,0.0,-0.036,29.0,9.268,9.756,9.756,-8.0,0.0,-0.001,29.0,23.093,23.299,23.299,0.0,0.0,-2.318,30.0
12.9384,1,hold_end,20.1,11.9,19.551,20.1,20.1,-40.0,2.0,0.007,29.0,-100.0,-100.0,-100.0,0.0,0.0,0.0,30.0,-99.858,-100.0,-100.0,8.0,0.0,-0.0,29.0,-88.267,-88.0,-88.0,-16.0,0.0,0.0,30.0,-100.0,-100.0,-100.0,8.0,0.0,-0.017,29.0,9.268,9.756,9.756,-8.0,0.0,-0.0,29.0,23.299,23.299,23.299,0.0,0.0,1.103,30.0
12.9908,1,hold_end,20.1,11.9,19.551,20.1,20.1,-40.0,2.0,0.004,29.0,-100.0,-100.0,-100.0,0.0,0.0,0.0,30.0,-99.858,-100.0,-100.0,8.0,0.0,-0.0,29.0,-88.267,-88.0,-88.0,-16.0,0.0,0.0,30.0,-100.0,-100.0,-100.0,8.0,0.0,-0.009,29.0,9.268,9.756,9.756,-8.0,0.0,-0.0,29.0,23.299,23.299,23.299,0.0,0.0,0.541,30.0
13.0427,1,hold_end,20.1,11.9,19.551,20.1,20.1,-40.0,2.0,0.002,29.0,-100.0,-100.0,-100.0,0.0,0.0,0.0,30.0,-99.858,-100.0,-100.0,8.0,0.0,-0.0,29.0,-88.267,-88.0,-88.0,-16.0,0.0,0.0,30.0,-100.0,-100.0,-100.0,8.0,0.0,-0.004,29.0,9.268,9.756,9.756,-8.0,0.0,-0.0,29.0,23.299,23.299,23.299,0.0,0.0,0.265,30.0
13.0947,1,hold_end,20.1,11.9,19.551,20.1,20.1,-40.0,2.0,0.001,29.0,-100.0,-100.0,-100.0,0.0,0.0,0.0,30.0,-99.858,-100.0,-100.0,8.0,0.0,-0.0,29.0,-88.267,-88.0,-88.0,-16.0,0.0,0.0,30.0,-100.0,-100.0,-100.0,8.0,0.0,-0.002,29.0,9.268,9.756,9.756,-8.0,0.0,-0.0,29.0,23.299,23.299,23.299,0.0,0.0,0.13,30.0
13.1467,1,hold_end,20.1,11.9,19.551,20.1,20.1,-40.0,2.0,0.0,29.0,-100.0,-100.0,-100.0,0.0,0.0,0.0,30.0,-99.858,-100.0,-100.0,8.0,0.0,-0.0,29.0,-88.267,-88.0,-88.0,-16.0,0.0,0.0,30.0,-100.0,-100.0,-100.0,8.0,0.0,-0.001,29.0,9.268,9.756,9.756,-8.0,0.0,-0.0,29.0,23.299,23.299,23.299,0.0,0.0,0.064,30.0
13.2011,1,hold_end,20.1,11.9,19.551,20.1,20.1,-40.0,2.0,0.0,29.0,-100.0,-100.0,-100.0,0.0,0.0,0.0,30.0,-99.858,-100.0,-100.0,8.0,0.0,-0.0,29.0,-88.267,-88.0,-88.0,-16.0,0.0,0.0,30.0,-100.0,-100.0,-100.0,8.0,0.0,-0.0,29.0,9.268,9.756,9.756,-8.0,0.0,-0.0,29.0,23.299,23.299,23.299,0.0,0.0,0.031,30.0
13.2543,1,hold_end,20.1,11.9,19.551,20.1,20.1,-40.0,2.0,0.0,29.0,-100.0,-100.0,-100.0,0.0,0.0,0.0,30.0,-99.858,-100.0,-100.0,8.0,0.0,-0.0,29.0,-88.267,-88.0,-88.0,-16.0,0.0,0.0,30.0,-100.0,-100.0,-100.0,8.0,0.0,-0.0,29.0,9.268,9.756,9.756,-8.0,0.0,-0.0,29.0,23.299,23.299,23.299,0.0,0.0,0.015,30.0
13.3069,1,rev,-9.9,11.9,19.551,-9.9,19.862,-40.0,2.0,0.0,29.0,-100.0,-100.0,-100.0,0.0,0.0,0.0,30.0,-99.858,-100.0,-100.0,8.0,0.0,-0.0,29.0,-88.267,-88.0,-88.0,-16.0,0.0,0.0,30.0,-100.0,-100.0,-100.0,0.0,0.0,-0.0,29.0,9.268,9.756,9.756,-8.0,0.0,-0.0,29.0,23.093,23.299,23.299,0.0,0.0,-1.027,30.0
13.3606,1,rev,-9.9,11.9,19.461,-9.9,19.647,-40.0,2.0,-1.012,29.0,-100.0,-100.0,-100.0,0.0,0.0,0.0,30.0,-99.858,-100.0,-100.0,8.0,0.0,-0.0,29.0,-88.267,-88.0,-88.0,-16.0,0.0,0.0,30.0,-100.0,-100.0,-100.0,0.0,0.0,-0.0,29.0,9.268,9.756,9.756,-8.0,0.0,-0.0,29.0,23.299,23.299,23.299,0.0,0.0,1.112,30.0
13.4127,1,rev,-9.9,11.9,19.101,-9.9,19.434,-40.0,2.0,-3.917,29.0,-100.0,-100.0,-100.0,0.0,0.0,0.0,30.0,-99.858,-100.0,-100.0,8.0,0.0,-0.0,29.0,-88.267,-88.0,-88.0,-16.0,0.0,0.0,30.0,-99.931,-100.0,-100.0,0.0,0.0,0.546,29.0,9.268,9.756,9.756,-8.0,0.0,-0.0,29.0,23.299,23.299,23.299,0.0,0.0,0.545,30.0
13.4661,1,rev,-9.9,11.9,18.831,-9.9,19.22,-40.0,2.0,-4.335,29.0,-100.0,-100.0,-100.0,0.0,0.0,0.0,30.0,-99.858,-100.0,-100.0,8.0,0.0,-0.0,29.0,-88.267,-88.0,-88.0,-16.0,0.0,0.0,30.0,-99.931,-100.0,-100.0,0.0,0.0,0.268,29.0,9.268,9.756,9.756,-8.0,0.0,-0.0,29.0,23.299,23.299,23.299,0.0,0.0,0.267,30.0
13.5195,1,rev,-9.9,11.9,18.742,-9.9,19.003,-40.0,2.0,-4.029,29.0,-100.0,-100.0,-100.0,0.0,0.0,0.0,30.0,-99.858,-100.0,-100.0,8.0,0.0,-0.0,29.0,-88.267,-88.0,-88.0,-16.0,0.0,0.0,30.0,-100.0,-100.0,-100.0,0.0,0.0,-0.579,29.0,9.268,9.756,9.756,-8.0,0.0,-0.0,29.0,23.299,23.299,23.299,0.0,0.0,0.187,30.0
13.573,1,rev,-9.9,11.9,18.652,-9.9,18.779,-40.0,2.0,-2.997,29.0,-100.0,-100.0,-100.0,0.0,0.0,0.0,30.0,-99.858,-100.0,-100.0,8.0,0.0,-0.0,29.0,-88.267,-88.0,-88.0,-16.0,0.0,0.0,30.0,-100.0,-100.0,-100.0,0.0,0.0,-0.284,29.0,9.268,9.756,9.756,-8.0,0.0,-0.0,29.0,23.299,23.299,23.299,0.0,0.0,0.092,30.0
13.626,1,rev,-9.9,11.9,18.382,-9.9,18.556,-40.0,2.0,-4.149,29.0,-100.0,-100.0,-100.0,0.0,0.0,0.0,30.0,-99.858,-100.0,-100.0,8.0,0.0,-0.0,29.0,-88.267,-88.0,-88.0,-16.0,0.0,0.0,30.0,-100.0,-100.0,-100.0,0.0,0.0,-0.139,29.0,9.268,9.756,9.756,-8.0,0.0,-0.0,29.0,23.299,23.299,23.299,0.0,0.0,0.045,30.0
13.6794,1,rev,-9.9,11.9,18.112,-9.9,18.446,-40.0,2.0,-4.718,29.0,-100.0,-100.0,-100.0,0.0,0.0,0.0,30.0,-99.858,-100.0,-100.0,8.0,0.0,-0.0,29.0,-88.267,-88.0,-88.0,-16.0,0.0,0.0,30.0,-100.0,-100.0,-100.0,0.0,0.0,-0.068,29.0,9.268,9.756,9.756,-8.0,0.0,-0.0,29.0,23.299,23.299,23.299,0.0,0.0,0.022,30.0
13.7377,1,rev,-9.9,11.9,18.022,-9.9,18.113,-40.0,2.0,-3.324,29.0,-100.0,-100.0,-100.0,0.0,0.0,0.0,30.0,-99.858,-100.0,-100.0,8.0,0.0,-0.0,29.0,-88.267,-88.0,-88.0,-16.0,0.0,0.0,30.0,-100.0,-100.0,-100.0,0.0,0.0,-0.033,29.0,9.268,9.756,9.756,-8.0,0.0,-0.0,29.0,23.299,23.299,23.299,0.0,0.0,0.011,30.0
13.7899,1,rev,-9.9,11.9,17.753,-9.9,17.999,-40.0,2.0,-4.31,29.0,-100.0,-100.0,-100.0,0.0,0.0,0.0,30.0,-99.858,-100.0,-100.0,8.0,0.0,-0.0,29.0,-88.267,-88.0,-88.0,-16.0,0.0,0.0,30.0,-100.0,-100.0,-100.0,0.0,0.0,-0.016,29.0,9.268,9.756,9.756,-8.0,0.0,-0.0,29.0,23.299,23.299,23.299,0.0,0.0,0.005,30.0
13.843,1,rev,-9.9,11.9,17.483,-9.9,17.777,-40.0,2.0,-4.438,29.0,-100.0,-100.0,-100.0,0.0,0.0,0.0,30.0,-99.858,-100.0,-100.0,8.0,0.0,-0.0,29.0,-88.267,-88.0,-88.0,-16.0,0.0,0.0,30.0,-100.0,-100.0,-100.0,0.0,0.0,-0.008,29.0,9.268,9.756,9.756,-8.0,0.0,-0.0,29.0,23.299,23.299,23.299,0.0,0.0,0.003,30.0
13.8962,1,rev,-9.9,11.9,17.303,-9.9,17.538,-20.0,0.0,-4.004,29.0,-100.0,-100.0,-100.0,0.0,0.0,0.0,30.0,-99.858,-100.0,-100.0,8.0,0.0,-0.0,29.0,-88.267,-88.0,-88.0,-16.0,0.0,0.0,30.0,-100.0,-100.0,-100.0,0.0,0.0,-0.006,29.0,9.268,9.756,9.756,-8.0,0.0,-0.0,29.0,23.299,23.299,23.299,0.0,0.0,0.002,30.0
13.9496,1,rev,-9.9,11.9,17.213,-9.9,17.323,-20.0,0.0,-2.963,29.0,-100.0,-100.0,-100.0,0.0,0.0,0.0,30.0,-99.858,-100.0,-100.0,8.0,0.0,-0.0,29.0,-88.267,-88.0,-88.0,-16.0,0.0,0.0,30.0,-100.0,-100.0,-100.0,0.0,0.0,-0.003,29.0,9.268,9.756,9.756,-8.0,0.0,-0.0,29.0,23.299,23.299,23.299,0.0,0.0,0.001,30.0
14.0031,1,rev,-9.9,11.9,16.944,-9.9,17.105,-20.0,0.0,-3.833,29.0,-100.0,-100.0,-100.0,0.0,0.0,0.0,30.0,-99.858,-100.0,-100.0,8.0,0.0,-0.0,29.0,-88.267,-88.0,-88.0,-16.0,0.0,0.0,30.0,-100.0,-100.0,-100.0,0.0,0.0,-0.001,29.0,9.268,9.756,9.756,-8.0,0.0,-0.0,29.0,23.299,23.299,23.299,0.0,0.0,0.0,30.0
14.0563,1,rev,-9.9,11.9,16.674,-9.9,16.891,-20.0,0.0,-4.303,29.0,-100.0,-100.0,-100.0,0.0,0.0,0.0,30.0,-99.858,-100.0,-100.0,8.0,0.0,-0.0,29.0,-88.267,-88.0,-88.0,-16.0,0.0,0.0,30.0,-99.931,-100.0,-100.0,0.0,0.0,0.544,29.0,9.268,9.756,9.756,-8.0,0.0,-0.0,29.0,23.299,23.299,23.299,0.0,0.0,0.0,30.0
14.1094,1,rev,-9.9,11.9,16.494,-9.9,16.678,-20.0,0.0,-3.821,29.0,-100.0,-100.0,-100.0,0.0,0.0,0.0,30.0,-99.858,-100.0,-100.0,8.0,0.0,-0.0,29.0,-88.267,-88.0,-88.0,-16.0,0.0,0.0,30.0,-99.931,-100.0,-100.0,0.0,0.0,0.266,29.0,9.268,9.756,9.756,-8.0,0.0,-0.0,29.0,23.299,23.299,23.299,0.0,0.0,0.0,30.0
14.1619,1,rev,-9.9,11.9,16.225,-9.9,16.463,-20.0,0.0,-4.596,29.0,-100.0,-100.0,-100.0,0.0,0.0,0.0,30.0,-99.858,-100.0,-100.0,8.0,0.0,-0.0,29.0,-88.267,-88.0,-88.0,-16.0,0.0,0.0,30.0,-100.0,-100.0,-100.0,0.0,0.0,-0.649,29.0,9.268,9.756,9.756,-8.0,0.0,-0.0,29.0,23.299,23.299,23.299,0.0,0.0,0.0,30.0
14.2158,1,rev,-9.9,11.9,15.955,-9.9,16.25,-20.0,0.0,-4.685,29.0,-100.0,-100.0,-100.0,0.0,0.0,0.0,30.0,-99.858,-100.0,-100.0,8.0,0.0,-0.0,29.0,-88.267,-88.0,-88.0,-16.0,0.0,0.0,30.0,-100.0,-100.0,-100.0,0.0,0.0,-0.318,29.0,9.268,9.756,9.756,-8.0,0.0,-0.0,29.0,23.299,23.299,23.299,0.0,0.0,0.0,30.0
14.2689,1,rev,-9.9,11.9,15.865,-9.9,16.036,-20.0,0.0,-2.997,29.0,-100.0,-100.0,-100.0,0.0,0.0,0.0,30.0,-99.858,-100.0,-100.0,8.0,0.0,-0.0,29.0,-88.267,-88.0,-88.0,-16.0,0.0,0.0,30.0,-100.0,-100.0,-100.0,0.0,0.0,-0.156,29.0,9.268,9.756,9.756,-8.0,0.0,-0.0,29.0,23.299,23.299,23.299,0.0,0.0,0.0,30.0
14.3218,1,rev,-9.9,11.9,15.775,-9.9,15.822,-20.0,0.0,-2.484,29.0,-100.0,-100.0,-100.0,0.0,0.0,0.0,30.0,-99.858,-100.0,-100.0,8.0,0.0,-0.0,29.0,-88.267,-88.0,-88.0,-16.0,0.0,0.0,30.0,-100.0,-100.0,-100.0,0.0,0.0,-0.076,29.0,9.268,9.756,9.756,-8.0,0.0,-0.0,29.0,23.093,23.299,23.299,0.0,0.0,-1.629,30.0
14.3738,1,rev,-9.9,11.9,15.506,-9.9,15.61,-20.0,0.0,-3.966,29.0,-100.0,-100.0,-100.0,0.0,0.0,0.0,30.0,-99.858,-100.0,-100.0,8.0,0.0,-0.0,29.0,-88.267,-88.0,-88.0,-16.0,0.0,0.0,30.0,-100.0,-100.0,-100.0,0.0,0.0,-0.037,29.0,9.268,9.756,9.756,-8.0,0.0,-0.0,29.0,23.299,23.299,23.299,0.0,0.0,0.835,30.0
14.4267,1,rev,-9.9,12.0,15.326,-9.9,15.504,-20.0,0.0,-4.805,29.0,-100.0,-100.0,-100.0,0.0,0.0,0.0,30.0,-99.858,-100.0,-100.0,8.0,0.0,-0.0,29.0,-88.267,-88.0,-88.0,-16.0,0.0,0.0,30.0,-100.0,-100.0,-100.0,0.0,0.0,-0.026,29.0,9.268,9.756,9.756,-8.0,0.0,-0.0,29.0,23.299,23.299,23.299,0.0,0.0,0.585,30.0
14.479,1,rev,-9.9,12.0,15.056,-9.9,15.169,-20.0,0.0,-4.019,29.0,-100.0,-100.0,-100.0,0.0,0.0,0.0,30.0,-99.858,-100.0,-100.0,8.0,0.0,-0.0,29.0,-88.267,-88.0,-88.0,-16.0,0.0,0.0,30.0,-100.0,-100.0,-100.0,0.0,0.0,-0.013,29.0,9.268,9.756,9.756,-8.0,0.0,-0.0,29.0,23.299,23.299,23.299,0.0,0.0,0.286,30.0
14.5321,1,rev,-9.9,12.0,14.876,-9.9,14.954,-20.0,0.0,-4.816,29.0,-100.0,-100.0,-100.0,0.0,0.0,0.0,30.0,-99.858,-100.0,-100.0,8.0,0.0,-0.0,29.0,-88.267,-88.0,-88.0,-16.0,0.0,0.0,30.0,-100.0,-100.0,-100.0,0.0,0.0,-0.009,29.0,9.268,9.756,9.756,-8.0,0.0,-0.0,29.0,23.299,23.299,23.299,0.0,0.0,0.2,30.0
14.5851,1,rev,-9.9,12.0,14.607,-9.9,14.737,-20.0,0.0,-4.741,29.0,-100.0,-100.0,-100.0,0.0,0.0,0.0,30.0,-99.858,-100.0,-100.0,8.0,0.0,-0.0,29.0,-88.267,-88.0,-88.0,-16.0,0.0,0.0,30.0,-100.0,-100.0,-100.0,0.0,0.0,-0.004,29.0,9.268,9.756,9.756,-8.0,0.0,-0.0,29.0,23.299,23.299,23.299,0.0,0.0,0.098,30.0
14.6383,1,rev,-9.9,12.0,14.427,-9.9,14.513,-20.0,0.0,-3.973,29.0,-100.0,-100.0,-100.0,0.0,0.0,0.0,30.0,-99.858,-100.0,-100.0,8.0,0.0,-0.0,29.0,-88.267,-88.0,-88.0,-16.0,0.0,0.0,30.0,-100.0,-100.0,-100.0,0.0,0.0,-0.002,29.0,9.268,9.756,9.756,-8.0,0.0,-0.0,29.0,23.299,23.299,23.299,0.0,0.0,0.048,30.0
14.6917,1,rev,-9.9,12.0,14.337,-9.9,14.291,-20.0,0.0,-2.963,29.0,-100.0,-100.0,-100.0,0.0,0.0,0.0,30.0,-99.858,-100.0,-100.0,8.0,0.0,-0.0,29.0,-88.267,-88.0,-88.0,-16.0,0.0,0.0,30.0,-100.0,-100.0,-100.0,0.0,0.0,-0.001,29.0,9.268,9.756,9.756,-8.0,0.0,-0.0,29.0,23.299,23.299,23.299,0.0,0.0,0.024,30.0
14.745,1,rev,-9.9,12.0,14.157,-9.9,14.182,-20.0,0.0,-3.138,29.0,-100.0,-100.0,-100.0,0.0,0.0,0.0,30.0,-99.858,-100.0,-100.0,8.0,0.0,-0.0,29.0,-88.267,-88.0,-88.0,-16.0,0.0,0.0,30.0,-100.0,-100.0,-100.0,0.0,0.0,-0.001,29.0,9.268,9.756,9.756,-8.0,0.0,-0.0,29.0,23.299,23.299,23.299,0.0,0.0,0.012,30.0
14.7979,1,rev,-9.9,12.0,13.798,-9.9,13.954,-20.0,0.0,-4.434,29.0,-100.0,-100.0,-100.0,0.0,0.0,0.0,30.0,-99.858,-100.0,-100.0,8.0,0.0,-0.0,29.0,-88.267,-88.0,-88.0,-16.0,0.0,0.0,30.0,-100.0,-100.0,-100.0,0.0,0.0,-0.0,29.0,9.268,9.756,9.756,-8.0,0.0,-0.0,29.0,23.299,23.299,23.299,0.0,0.0,0.006,30.0
14.8509,1,rev,-9.9,12.0,13.708,-9.9,13.741,-20.0,0.0,-2.883,29.0,-100.0,-100.0,-100.0,0.0,0.0,0.0,30.0,-99.858,-100.0,-100.0,8.0,0.0,-0.0,29.0,-88.267,-88.0,-88.0,-16.0,0.0,0.0,30.0,-100.0,-100.0,-100.0,0.0,0.0,-0.0,29.0,9.268,9.756,9.756,-8.0,0.0,-0.0,29.0,23.299,23.299,23.299,0.0,0.0,0.003,30.0
14.904,1,rev,-9.9,12.0,13.348,-9.9,13.526,-20.0,0.0,-5.075,29.0,-100.0,-100.0,-100.0,0.0,0.0,0.0,30.0,-99.858,-100.0,-100.0,8.0,0.0,-0.0,29.0,-88.267,-88.0,-88.0,-16.0,0.0,0.0,30.0,-99.931,-100.0,-100.0,0.0,0.0,0.759,29.0,9.268,9.756,9.756,-8.0,0.0,-0.0,29.0,23.299,23.299,23.299,0.0,0.0,0.001,30.0
14.957,1,rev,-9.9,12.0,13.079,-9.9,13.311,-20.0,0.0,-5.226,29.0,-100.0,-100.0,-100.0,0.0,0.0,0.0,30.0,-99.858,-100.0,-100.0,8.0,0.0,-0.0,29.0,-88.267,-88.0,-88.0,-16.0,0.0,0.0,30.0,-99.931,-100.0,-100.0,0.0,0.0,0.372,29.0,9.268,9.756,9.756,-8.0,0.0,-0.0,29.0,23.299,23.299,23.299,0.0,0.0,0.001,30.0
15.0099,1,rev,-9.9,12.0,12.989,-9.9,13.205,-8.0,0.0,-4.671,29.0,-100.0,-100.0,-100.0,0.0,0.0,0.0,30.0,-99.858,-100.0,-100.0,8.0,0.0,-0.0,29.0,-88.267,-88.0,-88.0,-16.0,0.0,0.0,30.0,-99.931,-100.0,-100.0,8.0,0.0,0.26,29.0,9.268,9.756,9.756,-8.0,0.0,-0.0,29.0,23.299,23.299,23.299,0.0,0.0,0.0,30.0
15.0628,1,rev,-9.9,12.0,12.989,-9.9,12.87,-8.0,0.0,-2.289,29.0,-100.0,-100.0,-100.0,0.0,0.0,0.0,30.0,-99.858,-100.0,-100.0,8.0,0.0,-0.0,29.0,-88.267,-88.0,-88.0,-16.0,0.0,0.0,30.0,-100.0,-100.0,-100.0,8.0,0.0,-0.127,29.0,9.268,9.756,9.756,-8.0,0.0,-0.0,29.0,23.299,23.299,23.299,0.0,0.0,0.0,30.0
15.1161,1,rev,-9.9,12.0,12.809,-9.9,12.656,-8.0,0.0,-2.839,29.0,-100.0,-100.0,-100.0,0.0,0.0,0.0,30.0,-99.858,-100.0,-100.0,8.0,0.0,-0.0,29.0,-88.267,-88.0,-88.0,-16.0,0.0,0.0,30.0,-100.0,-100.0,-100.0,8.0,0.0,-0.062,29.0,9.268,9.756,9.756,-8.0,0.0,-0.0,29.0,23.299,23.299,23.299,0.0,0.0,0.0,30.0
15.169,1,rev,-9.9,12.0,12.539,-9.9,12.442,-8.0,0.0,-3.813,29.0,-100.0,-100.0,-100.0,0.0,0.0,0.0,30.0,-99.858,-100.0,-100.0,8.0,0.0,-0.0,29.0,-88.267,-88.0,-88.0,-16.0,0.0,0.0,30.0,-100.0,-100.0,-100.0,8.0,0.0,-0.031,29.0,9.268,9.756,9.756,-8.0,0.0,-0.0,29.0,23.299,23.299,23.299,0.0,0.0,0.0,30.0
15.2228,1,rev,-9.9,12.0,12.36,-9.9,12.226,-8.0,0.0,-3.251,29.0,-100.0,-100.0,-100.0,0.0,0.0,0.0,30.0,-99.858,-100.0,-100.0,8.0,0.0,-0.0,29.0,-88.267,-88.0,-88.0,-16.0,0.0,0.0,30.0,-100.0,-100.0,-100.0,8.0,0.0,-0.015,29.0,9.268,9.756,9.756,-8.0,0.0,-0.0,29.0,23.299,23.299,23.299,0.0,0.0,0.0,30.0
15.2763,1,rev,-9.9,12.0,12.18,-9.9,12.011,-8.0,0.0,-3.302,29.0,-100.0,-100.0,-100.0,0.0,0.0,0.0,30.0,-99.858,-100.0,-100.0,8.0,0.0,-0.0,29.0,-88.267,-88.0,-88.0,-16.0,0.0,0.0,30.0,-100.0,-100.0,-100.0,8.0,0.0,-0.007,29.0,9.268,9.756,9.756,-8.0,0.0,-0.0,29.0,23.299,23.299,23.299,0.0,0.0,0.0,30.0
15.3297,1,rev,-9.9,12.0,11.82,-9.9,11.795,-8.0,0.0,-4.709,29.0,-100.0,-100.0,-100.0,0.0,0.0,0.0,30.0,-99.858,-100.0,-100.0,8.0,0.0,-0.0,29.0,-88.267,-88.0,-88.0,-16.0,0.0,0.0,30.0,-100.0,-100.0,-100.0,8.0,0.0,-0.004,29.0,9.268,9.756,9.756,-8.0,0.0,-0.0,29.0,23.299,23.299,23.299,0.0,0.0,0.0,30.0
15.3834,1,rev,-9.9,12.0,11.551,-9.9,11.579,-8.0,0.0,-4.687,29.0,-100.0,-100.0,-100.0,0.0,0.0,0.0,30.0,-99.858,-100.0,-100.0,8.0,0.0,-0.0,29.0,-88.267,-88.0,-88.0,-16.0,0.0,0.0,30.0,-100.0,-100.0,-100.0,8.0,0.0,-0.002,29.0,9.268,9.756,9.756,-8.0,0.0,-0.0,29.0,23.299,23.299,23.299,0.0,0.0,0.0,30.0
15.4357,1,rev,-9.9,12.0,11.551,-9.9,11.365,-8.0,0.0,-2.297,29.0,-100.0,-100.0,-100.0,0.0,0.0,0.0,30.0,-99.858,-100.0,-100.0,8.0,0.0,-0.0,29.0,-88.267,-88.0,-88.0,-16.0,0.0,0.0,30.0,-100.0,-100.0,-100.0,8.0,0.0,-0.001,29.0,9.268,9.756,9.756,-8.0,0.0,-0.0,29.0,23.299,23.299,23.299,0.0,0.0,0.0,30.0
15.4889,1,rev,-9.9,12.0,11.371,-9.9,11.152,-8.0,0.0,-2.838,29.0,-100.0,-100.0,-100.0,0.0,0.0,0.0,30.0,-99.858,-100.0,-100.0,8.0,0.0,-0.0,29.0,-88.267,-88.0,-88.0,-16.0,0.0,0.0,30.0,-100.0,-100.0,-100.0,8.0,0.0,-0.0,29.0,9.268,9.756,9.756,-8.0,0.0,-0.0,29.0,23.299,23.299,23.299,0.0,0.0,0.0,30.0
15.5419,1,rev,-9.9,12.0,11.011,-9.9,10.936,-8.0,0.0,-4.802,29.0,-100.0,-100.0,-100.0,0.0,0.0,0.0,30.0,-99.858,-100.0,-100.0,8.0,0.0,-0.0,29.0,-88.267,-88.0,-88.0,-16.0,0.0,0.0,30.0,-100.0,-100.0,-100.0,8.0,0.0,-0.0,29.0,9.268,9.756,9.756,-8.0,0.0,-0.0,29.0,23.299,23.299,23.299,0.0,0.0,0.0,30.0
15.5953,1,rev,-9.9,12.0,11.011,-9.9,10.697,0.0,0.0,-4.802,29.0,-100.0,-100.0,-100.0,0.0,0.0,0.0,30.0,-99.858,-100.0,-100.0,8.0,0.0,-0.0,29.0,-88.267,-88.0,-88.0,-16.0,0.0,0.0,30.0,-100.0,-100.0,-100.0,0.0,0.0,-0.0,29.0,9.268,9.756,9.756,-8.0,0.0,-0.0,29.0,23.299,23.299,23.299,0.0,0.0,0.0,30.0
15.6485,1,rev,-9.9,12.0,10.831,-9.9,10.473,0.0,0.0,-3.672,29.0,-100.0,-100.0,-100.0,0.0,0.0,0.0,30.0,-99.858,-100.0,-100.0,8.0,0.0,-0.0,29.0,-88.267,-88.0,-88.0,-16.0,0.0,0.0,30.0,-100.0,-100.0,-100.0,0.0,0.0,-0.0,29.0,9.268,9.756,9.756,-8.0,0.0,-0.0,29.0,23.299,23.299,23.299,0.0,0.0,0.0,30.0
15.7008,1,rev,-9.9,12.0,10.472,-9.9,10.357,0.0,0.0,-5.497,29.0,-100.0,-100.0,-100.0,0.0,0.0,0.0,30.0,-99.858,-100.0,-100.0,8.0,0.0,-0.0,29.0,-88.267,-88.0,-88.0,-16.0,0.0,0.0,30.0,-100.0,-100.0,-100.0,0.0,0.0,-0.0,29.0,9.268,9.756,9.756,-8.0,0.0,-0.0,29.0,23.299,23.299,23.299,0.0,0.0,0.0,30.0
15.7545,1,rev,-9.9,12.0,10.202,-9.9,10.135,0.0,0.0,-5.38,29.0,-100.0,-100.0,-100.0,0.0,0.0,0.0,30.0,-99.858,-100.0,-100.0,8.0,0.0,-0.0,29.0,-88.267,-88.0,-88.0,-16.0,0.0,0.0,30.0,-100.0,-100.0,-100.0,0.0,0.0,-0.0,29.0,9.268,9.756,9.756,-8.0,0.0,-0.0,29.0,23.299,23.299,23.299,0.0,0.0,0.0,30.0
15.8067,1,rev,-9.9,12.0,10.112,-9.9,9.92,0.0,0.0,-3.33,29.0,-100.0,-100.0,-100.0,0.0,0.0,0.0,30.0,-99.858,-100.0,-100.0,8.0,0.0,-0.0,29.0,-88.267,-88.0,-88.0,-16.0,0.0,0.0,30.0,-100.0,-100.0,-100.0,0.0,0.0,-0.0,29.0,9.756,9.756,9.756,-8.0,0.0,3.769,29.0,23.299,23.299,23.299,0.0,0.0,0.0,30.0
15.8605,1,rev,-9.9,12.0,10.022,-9.9,9.708,0.0,0.0,-2.64,29.0,-100.0,-100.0,-100.0,0.0,0.0,0.0,30.0,-99.858,-100.0,-100.0,8.0,0.0,-0.0,29.0,-88.267,-88.0,-88.0,-16.0,0.0,0.0,30.0,-100.0,-100.0,-100.0,0.0,0.0,-0.0,29.0,9.756,9.756,9.756,-8.0,0.0,1.847,29.0,23.299,23.299,23.299,0.0,0.0,0.0,30.0
15.9144,1,rev,-9.9,12.0,9.663,-9.9,9.494,0.0,0.0,-4.412,29.0,-100.0,-100.0,-100.0,0.0,0.0,0.0,30.0,-99.858,-100.0,-100.0,8.0,0.0,-0.0,29.0,-88.267,-88.0,-88.0,-16.0,0.0,0.0,30.0,-100.0,-100.0,-100.0,0.0,0.0,-0.0,29.0,9.756,9.756,9.756,-8.0,0.0,0.905,29.0,23.299,23.299,23.299,0.0,0.0,0.0,30.0
15.9683,1,rev,-9.9,12.0,9.393,-9.9,9.278,0.0,0.0,-4.56,29.0,-100.0,-100.0,-100.0,0.0,0.0,0.0,30.0,-99.858,-100.0,-100.0,8.0,0.0,-0.0,29.0,-88.267,-88.0,-88.0,-16.0,0.0,0.0,30.0,-100.0,-100.0,-100.0,0.0,0.0,-0.0,29.0,9.756,9.756,9.756,-8.0,0.0,0.443,29.0,23.299,23.299,23.299,0.0,0.0,0.0,30.0
16.0208,1,rev,-9.9,12.0,9.303,-9.9,9.063,0.0,0.0,-3.238,29.0,-100.0,-100.0,-100.0,0.0,0.0,0.0,30.0,-99.858,-100.0,-100.0,8.0,0.0,-0.0,29.0,-88.267,-88.0,-88.0,-16.0,0.0,0.0,30.0,-100.0,-100.0,-100.0,0.0,0.0,-0.0,29.0,9.756,9.756,9.756,-8.0,0.0,0.217,29.0,23.299,23.299,23.299,0.0,0.0,0.0,30.0
16.0741,1,rev,-9.9,12.0,9.034,-9.9,8.847,0.0,0.0,-4.003,29.0,-100.0,-100.0,-100.0,0.0,0.0,0.0,30.0,-99.858,-100.0,-100.0,8.0,0.0,-0.0,29.0,-88.267,-88.0,-88.0,-16.0,0.0,0.0,30.0,-100.0,-100.0,-100.0,0.0,0.0,-0.0,29.0,9.756,9.756,9.756,-8.0,0.0,0.106,29.0,23.299,23.299,23.299,0.0,0.0,0.0,30.0
16.127,1,rev,-9.9,12.0,8.764,-9.9,8.635,0.0,0.0,-4.716,29.0,-100.0,-100.0,-100.0,0.0,0.0,0.0,30.0,-99.858,-100.0,-100.0,8.0,0.0,-0.0,29.0,-88.267,-88.0,-88.0,-16.0,0.0,0.0,30.0,-100.0,-100.0,-100.0,0.0,0.0,-0.0,29.0,9.756,9.756,9.756,-8.0,0.0,0.052,29.0,23.299,23.299,23.299,0.0,0.0,0.0,30.0
16.1805,1,rev,-9.9,11.9,8.674,-9.9,8.398,12.0,0.0,-3.751,29.0,-100.0,-100.0,-100.0,0.0,0.0,0.0,30.0,-99.858,-100.0,-100.0,8.0,0.0,-0.0,29.0,-88.267,-88.0,-88.0,-16.0,0.0,0.0,30.0,-100.0,-100.0,-100.0,0.0,0.0,-0.0,29.0,9.756,9.756,9.756,0.0,0.0,0.037,29.0,23.299,23.299,23.299,0.0,0.0,0.0,30.0
16.2341,1,rev,-9.9,11.9,8.494,-9.9,8.183,12.0,0.0,-3.874,29.0,-100.0,-100.0,-100.0,0.0,0.0,0.0,30.0,-99.858,-100.0,-100.0,8.0,0.0,-0.0,29.0,-88.267,-88.0,-88.0,-16.0,0.0,0.0,30.0,-100.0,-100.0,-100.0,0.0,0.0,-0.0,29.0,9.756,9.756,9.756,0.0,0.0,0.018,29.0,23.299,23.299,23.299,0.0,0.0,0.0,30.0
16.2874,1,rev,-9.9,11.9,8.225,-9.9,7.971,12.0,0.0,-4.339,29.0,-100.0,-100.0,-100.0,0.0,0.0,0.0,30.0,-99.858,-100.0,-100.0,8.0,0.0,-0.0,29.0,-88.267,-88.0,-88.0,-16.0,0.0,0.0,30.0,-100.0,-100.0,-100.0,0.0,0.0,-0.0,29.0,9.756,9.756,9.756,0.0,0.0,0.009,29.0,23.299,23.299,23.299,0.0,0.0,0.0,30.0
16.3404,1,rev,-9.9,11.9,8.045,-9.9,7.758,12.0,0.0,-3.542,29.0,-100.0,-100.0,-100.0,0.0,0.0,0.0,30.0,-99.858,-100.0,-100.0,8.0,0.0,-0.0,29.0,-88.267,-88.0,-88.0,-16.0,0.0,0.0,30.0,-100.0,-100.0,-100.0,0.0,0.0,-0.0,29.0,9.756,9.756,9.756,0.0,0.0,0.004,29.0,23.299,23.299,23.299,0.0,0.0,0.0,30.0
16.3936,1,rev,-9.9,11.9,7.775,-9.9,7.546,12.0,0.0,-4.167,29.0,-100.0,-100.0,-100.0,0.0,0.0,0.0,30.0,-99.858,-100.0,-100.0,8.0,0.0,-0.0,29.0,-88.267,-88.0,-88.0,-16.0,0.0,0.0,30.0,-100.0,-100.0,-100.0,0.0,0.0,-0.0,29.0,9.756,9.756,9.756,0.0,0.0,0.002,29.0,23.299,23.299,23.299,0.0,0.0,0.0,30.0
16.4467,1,rev,-9.9,11.9,7.506,-9.9,7.331,12.0,0.0,-4.464,29.0,-100.0,-100.0,-100.0,0.0,0.0,0.0,30.0,-99.858,-100.0,-100.0,8.0,0.0,-0.0,29.0,-88.267,-88.0,-88.0,-16.0,0.0,0.0,30.0,-100.0,-100.0,-100.0,0.0,0.0,-0.0,29.0,9.756,9.756,9.756,0.0,0.0,0.001,29.0,23.299,23.299,23.299,0.0,0.0,0.0,30.0
16.5,1,rev,-9.9,11.9,7.326,-9.9,7.118,12.0,0.0,-3.888,29.0,-100.0,-100.0,-100.0,0.0,0.0,0.0,30.0,-99.858,-100.0,-100.0,8.0,0.0,-0.0,29.0,-88.267,-88.0,-88.0,-16.0,0.0,0.0,30.0,-99.931,-100.0,-100.0,0.0,0.0,0.768,29.0,9.756,9.756,9.756,0.0,0.0,0.001,29.0,23.299,23.299,23.299,0.0,0.0,0.0,30.0
16.5529,1,rev,-9.9,11.9,7.236,-9.9,6.903,12.0,0.0,-2.613,29.0,-100.0,-100.0,-100.0,0.0,0.0,0.0,30.0,-99.858,-100.0,-100.0,8.0,0.0,-0.0,29.0,-88.267,-88.0,-88.0,-16.0,0.0,0.0,30.0,-100.0,-100.0,-100.0,0.0,0.0,-0.393,29.0,9.756,9.756,9.756,0.0,0.0,0.0,29.0,23.299,23.299,23.299,0.0,0.0,0.0,30.0
16.6065,1,rev,-9.9,11.9,7.056,-9.9,6.688,12.0,0.0,-2.995,29.0,-100.0,-100.0,-100.0,0.0,0.0,0.0,30.0,-99.858,-100.0,-100.0,8.0,0.0,-0.0,29.0,-88.267,-88.0,-88.0,-16.0,0.0,0.0,30.0,-100.0,-100.0,-100.0,0.0,0.0,-0.193,29.0,9.756,9.756,9.756,0.0,0.0,0.0,29.0,23.299,23.299,23.299,0.0,0.0,0.0,30.0
16.6595,1,rev,-9.9,11.9,6.787,-9.9,6.475,12.0,0.0,-4.202,29.0,-100.0,-100.0,-100.0,0.0,0.0,0.0,30.0,-99.858,-100.0,-100.0,8.0,0.0,-0.0,29.0,-88.267,-88.0,-88.0,-16.0,0.0,0.0,30.0,-100.0,-100.0,-100.0,0.0,0.0,-0.094,29.0,9.756,9.756,9.756,0.0,0.0,0.0,29.0,23.093,23.299,23.299,0.0,0.0,-2.324,30.0
16.7126,1,rev,-9.9,11.9,6.697,-9.9,6.368,16.0,0.0,-3.959,29.0,-100.0,-100.0,-100.0,0.0,0.0,0.0,30.0,-99.858,-100.0,-100.0,8.0,0.0,-0.0,29.0,-88.267,-88.0,-88.0,-16.0,0.0,0.0,30.0,-100.0,-100.0,-100.0,0.0,0.0,-0.066,29.0,9.756,9.756,9.756,0.0,0.0,0.0,29.0,23.093,23.299,23.299,-8.0,0.0,-1.627,30.0
16.7657,1,rev,-9.9,11.9,6.427,-9.9,6.033,16.0,0.0,-3.614,29.0,-100.0,-100.0,-100.0,0.0,0.0,0.0,30.0,-99.858,-100.0,-100.0,8.0,0.0,-0.0,29.0,-88.267,-88.0,-88.0,-16.0,0.0,0.0,30.0,-100.0,-100.0,-100.0,0.0,0.0,-0.032,29.0,9.756,9.756,9.756,0.0,0.0,0.0,29.0,23.299,23.299,23.299,-8.0,0.0,-0.041,30.0
16.8179,1,rev,-9.9,11.9,6.067,-9.9,5.819,16.0,0.0,-5.176,29.0,-100.0,-100.0,-100.0,0.0,0.0,0.0,30.0,-99.858,-100.0,-100.0,8.0,0.0,-0.0,29.0,-88.267,-88.0,-88.0,-16.0,0.0,0.0,30.0,-100.0,-100.0,-100.0,0.0,0.0,-0.016,29.0,9.756,9.756,9.756,0.0,0.0,0.0,29.0,23.299,23.299,23.299,-8.0,0.0,-0.02,30.0
16.871,1,rev,-9.9,11.9,5.978,-9.9,5.603,16.0,0.0,-3.236,29.0,-100.0,-100.0,-100.0,0.0,0.0,0.0,30.0,-99.858,-100.0,-100.0,8.0,0.0,-0.0,29.0,-88.267,-88.0,-88.0,-16.0,0.0,0.0,30.0,-100.0,-100.0,-100.0,0.0,0.0,-0.008,29.0,9.756,9.756,9.756,0.0,0.0,0.0,29.0,23.299,23.299,23.299,-8.0,0.0,-0.01,30.0
16.9241,1,rev,-9.9,11.9,5.798,-9.9,5.387,16.0,0.0,-3.279,29.0,-100.0,-100.0,-100.0,0.0,0.0,0.0,30.0,-99.858,-100.0,-100.0,8.0,0.0,-0.0,29.0,-88.267,-88.0,-88.0,-16.0,0.0,0.0,30.0,-100.0,-100.0,-100.0,0.0,0.0,-0.004,29.0,9.756,9.756,9.756,0.0,0.0,0.0,29.0,23.299,23.299,23.299,-8.0,0.0,-0.005,30.0
16.9775,1,rev,-9.9,11.9,5.618,-9.9,5.172,16.0,0.0,-4.302,29.0,-100.0,-100.0,-100.0,0.0,0.0,0.0,30.0,-99.858,-100.0,-100.0,8.0,0.0,-0.0,29.0,-88.267,-88.0,-88.0,-16.0,0.0,0.0,30.0,-100.0,-100.0,-100.0,0.0,0.0,-0.003,29.0,9.756,9.756,9.756,0.0,0.0,0.0,29.0,23.299,23.299,23.299,-8.0,0.0,-0.003,30.0
17.0309,1,rev,-9.9,11.9,5.348,-9.9,4.946,16.0,0.0,-4.763,29.0,-100.0,-100.0,-100.0,0.0,0.0,0.0,30.0,-99.858,-100.0,-100.0,8.0,0.0,-0.0,29.0,-88.267,-88.0,-88.0,-16.0,0.0,0.0,30.0,-100.0,-100.0,-100.0,0.0,0.0,-0.001,29.0,9.756,9.756,9.756,0.0,0.0,0.0,29.0,23.299,23.299,23.299,-8.0,0.0,-0.002,30.0
17.085,1,rev,-9.9,11.9,5.079,-9.9,4.716,16.0,0.0,-4.962,29.0,-100.0,-100.0,-100.0,0.0,0.0,0.0,30.0,-99.858,-100.0,-100.0,8.0,0.0,-0.0,29.0,-88.267,-88.0,-88.0,-16.0,0.0,0.0,30.0,-100.0,-100.0,-100.0,0.0,0.0,-0.001,29.0,9.756,9.756,9.756,0.0,0.0,0.0,29.0,23.299,23.299,23.299,-8.0,0.0,-0.001,30.0
17.1385,1,rev,-9.9,11.9,4.989,-9.9,4.597,16.0,0.0,-3.439,29.0,-100.0,-100.0,-100.0,0.0,0.0,0.0,30.0,-99.858,-100.0,-100.0,8.0,0.0,-0.0,29.0,-88.267,-88.0,-88.0,-16.0,0.0,0.0,30.0,-100.0,-100.0,-100.0,0.0,0.0,-0.0,29.0,9.756,9.756,9.756,0.0,0.0,0.0,29.0,23.299,23.299,23.299,-8.0,0.0,-0.0,30.0
17.1921,1,rev,-9.9,11.9,4.719,-9.9,4.382,16.0,0.0,-4.075,29.0,-100.0,-100.0,-100.0,0.0,0.0,0.0,30.0,-99.858,-100.0,-100.0,8.0,0.0,-0.0,29.0,-88.267,-88.0,-88.0,-16.0,0.0,0.0,30.0,-100.0,-100.0,-100.0,0.0,0.0,-0.0,29.0,9.756,9.756,9.756,0.0,0.0,0.0,29.0,23.299,23.299,23.299,-8.0,0.0,-0.0,30.0
17.2462,1,rev,-9.9,11.9,4.539,-9.9,4.165,16.0,0.0,-3.704,29.0,-100.0,-100.0,-100.0,0.0,0.0,0.0,30.0,-99.858,-100.0,-100.0,8.0,0.0,-0.0,29.0,-88.267,-88.0,-88.0,-16.0,0.0,0.0,30.0,-100.0,-100.0,-100.0,0.0,0.0,-0.0,29.0,9.756,9.756,9.756,0.0,0.0,0.0,29.0,23.299,23.299,23.299,-8.0,0.0,-0.0,30.0
17.2991,1,rev,-9.9,11.9,4.539,-9.9,4.059,40.0,1.0,-2.593,29.0,-100.0,-100.0,-100.0,0.0,0.0,0.0,30.0,-99.858,-100.0,-100.0,8.0,0.0,-0.0,29.0,-88.267,-88.0,-88.0,-16.0,0.0,0.0,30.0,-100.0,-100.0,-100.0,0.0,0.0,-0.0,29.0,9.756,9.756,9.756,0.0,0.0,0.0,30.0,23.299,23.299,23.299,0.0,0.0,-0.0,30.0
17.3525,1,rev,-9.9,11.9,4.18,-9.9,3.727,40.0,1.0,-3.974,29.0,-100.0,-100.0,-100.0,0.0,0.0,0.0,30.0,-99.858,-100.0,-100.0,8.0,0.0,-0.0,29.0,-88.267,-88.0,-88.0,-16.0,0.0,0.0,30.0,-100.0,-100.0,-100.0,0.0,0.0,-0.0,29.0,9.756,9.756,9.756,0.0,0.0,0.0,30.0,23.299,23.299,23.299,0.0,0.0,-0.0,30.0
17.4054,1,rev,-9.9,11.9,3.91,-9.9,3.513,40.0,1.0,-4.354,29.0,-100.0,-100.0,-100.0,0.0,0.0,0.0,30.0,-99.858,-100.0,-100.0,8.0,0.0,-0.0,29.0,-88.267,-88.0,-88.0,-16.0,0.0,0.0,30.0,-100.0,-100.0,-100.0,0.0,0.0,-0.0,29.0,9.756,9.756,9.756,0.0,0.0,0.0,30.0,23.299,23.299,23.299,0.0,0.0,-0.0,30.0
17.4586,1,rev,-9.9,11.9,3.64,-9.9,3.3,40.0,1.0,-4.85,29.0,-100.0,-100.0,-100.0,0.0,0.0,0.0,30.0,-99.858,-100.0,-100.0,8.0,0.0,-0.0,29.0,-88.267,-88.0,-88.0,-16.0,0.0,0.0,30.0,-100.0,-100.0,-100.0,0.0,0.0,-0.0,29.0,9.756,9.756,9.756,0.0,0.0,0.0,30.0,23.299,23.299,23.299,0.0,0.0,-0.0,30.0
17.5107,1,rev,-9.9,11.9,3.461,-9.9,3.087,40.0,1.0,-3.809,29.0,-100.0,-100.0,-100.0,0.0,0.0,0.0,30.0,-99.858,-100.0,-100.0,8.0,0.0,-0.0,29.0,-88.267,-88.0,-88.0,-16.0,0.0,0.0,30.0,-100.0,-100.0,-100.0,0.0,0.0,-0.0,29.0,9.756,9.756,9.756,0.0,0.0,0.0,30.0,23.299,23.299,23.299,0.0,0.0,-0.0,30.0
17.5627,1,rev,-9.9,11.9,3.191,-9.9,2.875,40.0,1.0,-4.312,29.0,-100.0,-100.0,-100.0,0.0,0.0,0.0,30.0,-99.858,-100.0,-100.0,8.0,0.0,-0.0,29.0,-88.267,-88.0,-88.0,-16.0,0.0,0.0,30.0,-100.0,-100.0,-100.0,0.0,0.0,-0.0,29.0,9.756,9.756,9.756,0.0,0.0,0.0,30.0,23.299,23.299,23.299,0.0,0.0,-0.0,30.0
17.6161,1,rev,-9.9,11.9,3.191,-9.9,2.662,40.0,1.0,-2.113,29.0,-100.0,-100.0,-100.0,0.0,0.0,0.0,30.0,-99.858,-100.0,-100.0,8.0,0.0,-0.0,29.0,-88.267,-88.0,-88.0,-16.0,0.0,0.0,30.0,-100.0,-100.0,-100.0,0.0,0.0,-0.0,29.0,9.756,9.756,9.756,0.0,0.0,0.0,30.0,23.299,23.299,23.299,0.0,0.0,-0.0,30.0
17.669,1,rev,-9.9,11.9,3.011,-9.9,2.447,40.0,1.0,-2.755,29.0,-100.0,-100.0,-100.0,0.0,0.0,0.0,30.0,-99.858,-100.0,-100.0,8.0,0.0,-0.0,29.0,-88.267,-88.0,-88.0,-16.0,0.0,0.0,30.0,-100.0,-100.0,-100.0,0.0,0.0,-0.0,29.0,9.756,9.756,9.756,0.0,0.0,0.0,30.0,23.299,23.299,23.299,0.0,0.0,-0.0,30.0
17.7223,1,rev,-9.9,11.9,2.652,-9.9,2.234,40.0,1.0,-4.487,29.0,-100.0,-100.0,-100.0,0.0,0.0,0.0,30.0,-99.858,-100.0,-100.0,8.0,0.0,-0.0,29.0,-88.267,-88.0,-88.0,-16.0,0.0,0.0,30.0,-100.0,-100.0,-100.0,0.0,0.0,-0.0,29.0,9.756,9.756,9.756,0.0,0.0,0.0,30.0,23.299,23.299,23.299,0.0,0.0,-0.0,30.0
17.7752,1,rev,-9.9,11.9,2.472,-9.9,2.019,40.0,1.0,-3.912,29.0,-100.0,-100.0,-100.0,0.0,0.0,0.0,30.0,-99.858,-100.0,-100.0,8.0,0.0,-0.0,29.0,-88.267,-88.0,-88.0,-16.0,0.0,0.0,30.0,-100.0,-100.0,-100.0,0.0,0.0,-0.0,29.0,9.756,9.756,9.756,0.0,0.0,0.0,30.0,23.299,23.299,23.299,0.0,0.0,-0.0,30.0
17.828,1,rev,-9.9,11.9,2.202,-9.9,1.807,40.0,1.0,-4.665,29.0,-100.0,-100.0,-100.0,0.0,0.0,0.0,30.0,-99.858,-100.0,-100.0,8.0,0.0,-0.0,29.0,-88.267,-88.0,-88.0,-16.0,0.0,0.0,30.0,-100.0,-100.0,-100.0,0.0,0.0,-0.0,29.0,9.756,9.756,9.756,0.0,0.0,0.0,30.0,23.299,23.299,23.299,0.0,0.0,-0.0,30.0
17.8814,1,rev,-9.9,11.9,2.022,-9.9,1.567,24.0,0.0,-4.16,30.0,-100.0,-100.0,-100.0,0.0,0.0,0.0,30.0,-99.858,-100.0,-100.0,8.0,0.0,-0.0,29.0,-88.267,-88.0,-88.0,-16.0,0.0,0.0,30.0,-100.0,-100.0,-100.0,0.0,0.0,-0.0,29.0,9.756,9.756,9.756,0.0,0.0,0.0,29.0,23.299,23.299,23.299,0.0,0.0,-0.0,30.0
17.9338,1,rev,-9.9,11.9,1.843,-9.9,1.352,24.0,0.0,-3.734,30.0,-100.0,-100.0,-100.0,0.0,0.0,0.0,30.0,-100.0,-100.0,-100.0,8.0,0.0,-1.574,29.0,-88.267,-88.0,-88.0,-16.0,0.0,0.0,30.0,-100.0,-100.0,-100.0,0.0,0.0,-0.0,29.0,9.756,9.756,9.756,0.0,0.0,0.0,29.0,23.299,23.299,23.299,0.0,0.0,-0.0,30.0
17.9873,1,rev,-9.9,11.9,1.753,-9.9,1.135,24.0,0.0,-2.527,30.0,-100.0,-100.0,-100.0,0.0,0.0,0.0,30.0,-100.0,-100.0,-100.0,8.0,0.0,-0.771,29.0,-88.267,-88.0,-88.0,-16.0,0.0,0.0,30.0,-100.0,-100.0,-100.0,0.0,0.0,-0.0,29.0,9.756,9.756,9.756,0.0,0.0,0.0,29.0,23.299,23.299,23.299,0.0,0.0,-0.0,30.0
18.0405,1,rev,-9.9,11.9,1.663,-9.9,0.921,24.0,0.0,-2.771,30.0,-100.0,-100.0,-100.0,0.0,0.0,0.0,30.0,-100.0,-100.0,-100.0,8.0,0.0,-0.54,29.0,-88.267,-88.0,-88.0,-16.0,0.0,0.0,30.0,-100.0,-100.0,-100.0,0.0,0.0,-0.0,29.0,9.756,9.756,9.756,0.0,0.0,0.0,29.0,23.299,23.299,23.299,0.0,0.0,-0.0,30.0
18.0942,1,rev,-9.9,11.9,1.213,-9.9,0.693,24.0,0.0,-5.636,30.0,-100.0,-100.0,-100.0,0.0,0.0,0.0,30.0,-100.0,-100.0,-100.0,8.0,0.0,-0.265,29.0,-88.267,-88.0,-88.0,-16.0,0.0,0.0,30.0,-100.0,-100.0,-100.0,0.0,0.0,-0.0,29.0,9.756,9.756,9.756,0.0,0.0,0.0,29.0,23.299,23.299,23.299,0.0,0.0,-0.0,30.0
18.1476,1,rev,-9.9,11.9,1.034,-9.9,0.465,24.0,0.0,-4.39,30.0,-100.0,-100.0,-100.0,0.0,0.0,0.0,30.0,-100.0,-100.0,-100.0,8.0,0.0,-0.13,29.0,-88.267,-88.0,-88.0,-16.0,0.0,0.0,30.0,-100.0,-100.0,-100.0,0.0,0.0,-0.0,29.0,9.756,9.756,9.756,0.0,0.0,0.0,29.0,23.299,23.299,23.299,0.0,0.0,-0.0,30.0
18.2012,1,rev,-9.9,11.9,0.764,-9.9,0.347,24.0,0.0,-5.196,30.0,-100.0,-100.0,-100.0,0.0,0.0,0.0,30.0,-100.0,-100.0,-100.0,8.0,0.0,-0.064,29.0,-88.267,-88.0,-88.0,-16.0,0.0,0.0,30.0,-100.0,-100.0,-100.0,0.0,0.0,-0.0,29.0,9.756,9.756,9.756,0.0,0.0,0.0,29.0,23.299,23.299,23.299,0.0,0.0,-0.0,30.0
18.2552,1,rev,-9.9,11.9,0.584,-9.9,0.13,24.0,0.0,-4.239,30.0,-100.0,-100.0,-100.0,0.0,0.0,0.0,30.0,-100.0,-100.0,-100.0,8.0,0.0,-0.031,29.0,-88.267,-88.0,-88.0,-16.0,0.0,0.0,30.0,-100.0,-100.0,-100.0,0.0,0.0,-0.0,29.0,9.756,9.756,9.756,0.0,0.0,0.0,29.0,23.299,23.299,23.299,0.0,0.0,-0.0,30.0
18.3085,1,rev,-9.9,11.9,0.404,-9.9,-0.084,24.0,0.0,-3.791,30.0,-100.0,-100.0,-100.0,0.0,0.0,0.0,30.0,-100.0,-100.0,-100.0,8.0,0.0,-0.015,29.0,-88.267,-88.0,-88.0,-16.0,0.0,0.0,30.0,-100.0,-100.0,-100.0,0.0,0.0,-0.0,29.0,9.756,9.756,9.756,0.0,0.0,0.0,29.0,23.299,23.299,23.299,0.0,0.0,-0.0,30.0
18.3621,1,rev,-9.9,11.9,0.315,-9.9,-0.297,24.0,0.0,-2.567,30.0,-100.0,-100.0,-100.0,0.0,0.0,0.0,30.0,-100.0,-100.0,-100.0,8.0,0.0,-0.007,29.0,-88.267,-88.0,-88.0,-16.0,0.0,0.0,30.0,-100.0,-100.0,-100.0,0.0,0.0,-0.0,29.0,9.756,9.756,9.756,0.0,0.0,0.0,29.0,23.299,23.299,23.299,0.0,0.0,-0.0,30.0
18.4157,1,rev,-9.9,11.9,0.135,-9.9,-0.512,24.0,0.0,-2.962,30.0,-100.0,-100.0,-100.0,0.0,0.0,0.0,30.0,-100.0,-100.0,-100.0,8.0,0.0,-0.004,29.0,-88.267,-88.0,-88.0,-16.0,0.0,0.0,30.0,-100.0,-100.0,-100.0,0.0,0.0,-0.0,29.0,9.756,9.756,9.756,0.0,0.0,0.0,29.0,23.299,23.299,23.299,0.0,0.0,-0.0,30.0
18.4691,1,rev,-9.9,11.9,-0.225,-9.9,-0.756,48.0,2.0,-3.851,30.0,-100.0,-100.0,-100.0,0.0,0.0,0.0,30.0,-100.0,-100.0,-100.0,0.0,0.0,-0.003,29.0,-88.267,-88.0,-88.0,-16.0,0.0,0.0,30.0,-100.0,-100.0,-100.0,0.0,0.0,-0.0,29.0,9.756,9.756,9.756,0.0,0.0,0.0,29.0,23.299,23.299,23.299,0.0,0.0,-0.0,30.0
18.5225,1,rev,-9.9,11.9,-0.404,-9.9,-0.971,48.0,2.0,-3.581,30.0,-100.0,-100.0,-100.0,0.0,0.0,0.0,30.0,-100.0,-100.0,-100.0,0.0,0.0,-0.001,29.0,-88.267,-88.0,-88.0,-16.0,0.0,0.0,30.0,-100.0,-100.0,-100.0,0.0,0.0,-0.0,29.0,9.756,9.756,9.756,0.0,0.0,0.0,29.0,23.299,23.299,23.299,0.0,0.0,-0.0,30.0
18.5759,1,rev,-9.9,11.9,-0.674,-9.9,-1.185,48.0,2.0,-4.191,30.0,-100.0,-100.0,-100.0,0.0,0.0,0.0,30.0,-100.0,-100.0,-100.0,0.0,0.0,-0.001,29.0,-88.267,-88.0,-88.0,-16.0,0.0,0.0,30.0,-100.0,-100.0,-100.0,0.0,0.0,-0.0,29.0,9.756,9.756,9.756,0.0,0.0,0.0,29.0,23.299,23.299,23.299,0.0,0.0,-0.0,30.0
18.6277,1,rev,-9.9,11.9,-0.854,-9.9,-1.398,48.0,2.0,-3.467,30.0,-100.0,-100.0,-100.0,0.0,0.0,0.0,30.0,-100.0,-100.0,-100.0,0.0,0.0,-0.0,29.0,-88.267,-88.0,-88.0,-16.0,0.0,0.0,30.0,-100.0,-100.0,-100.0,0.0,0.0,-0.0,29.0,9.756,9.756,9.756,0.0,0.0,0.0,29.0,23.299,23.299,23.299,0.0,0.0,-0.0,30.0
18.6805,1,rev,-9.9,11.9,-1.124,-9.9,-1.61,48.0,2.0,-4.43,30.0,-100.0,-100.0,-100.0,0.0,0.0,0.0,30.0,-100.0,-100.0,-100.0,0.0,0.0,-0.0,29.0,-88.267,-88.0,-88.0,-16.0,0.0,0.0,30.0,-100.0,-100.0,-100.0,0.0,0.0,-0.0,29.0,9.756,9.756,9.756,0.0,0.0,0.0,29.0,23.299,23.299,23.299,0.0,0.0,-0.0,30.0
18.7337,1,rev,-9.9,11.9,-1.213,-9.9,-1.827,48.0,2.0,-3.178,30.0,-100.0,-100.0,-100.0,0.0,0.0,0.0,30.0,-100.0,-100.0,-100.0,0.0,0.0,-0.0,29.0,-88.267,-88.0,-88.0,-16.0,0.0,0.0,30.0,-100.0,-100.0,-100.0,0.0,0.0,-0.0,29.0,9.756,9.756,9.756,0.0,0.0,0.0,29.0,23.299,23.299,23.299,0.0,0.0,-0.0,30.0
18.7884,1,rev,-9.9,11.9,-1.393,-9.9,-2.042,48.0,2.0,-3.558,30.0,-100.0,-100.0,-100.0,0.0,0.0,0.0,30.0,-100.0,-100.0,-100.0,0.0,0.0,-0.0,29.0,-88.267,-88.0,-88.0,-16.0,0.0,0.0,30.0,-100.0,-100.0,-100.0,0.0,0.0,-0.0,29.0,9.756,9.756,9.756,0.0,0.0,0.0,29.0,23.299,23.299,23.299,0.0,0.0,-0.0,30.0
18.8415,1,rev,-9.9,11.9,-1.753,-9.9,-2.256,48.0,2.0,-5.194,30.0,-100.0,-100.0,-100.0,0.0,0.0,0.0,30.0,-100.0,-100.0,-100.0,0.0,0.0,-0.0,29.0,-88.267,-88.0,-88.0,-16.0,0.0,0.0,30.0,-100.0,-100.0,-100.0,0.0,0.0,-0.0,29.0,9.756,9.756,9.756,0.0,0.0,0.0,29.0,23.299,23.299,23.299,0.0,0.0,-0.0,30.0
18.8935,1,rev,-9.9,11.9,-1.843,-9.9,-2.471,48.0,2.0,-3.548,30.0,-100.0,-100.0,-100.0,0.0,0.0,0.0,30.0,-100.0,-100.0,-100.0,0.0,0.0,-0.0,29.0,-88.267,-88.0,-88.0,-16.0,0.0,0.0,30.0,-100.0,-100.0,-100.0,0.0,0.0,-0.0,29.0,9.756,9.756,9.756,0.0,0.0,0.0,29.0,23.299,23.299,23.299,0.0,0.0,-0.0,30.0
18.947,1,rev,-9.9,11.9,-2.022,-9.9,-2.686,48.0,2.0,-3.436,30.0,-100.0,-100.0,-100.0,0.0,0.0,0.0,30.0,-100.0,-100.0,-100.0,0.0,0.0,-0.0,29.0,-88.267,-88.0,-88.0,-16.0,0.0,0.0,30.0,-100.0,-100.0,-100.0,0.0,0.0,-0.0,29.0,9.756,9.756,9.756,0.0,0.0,0.0,29.0,23.299,23.299,23.299,0.0,0.0,-0.0,30.0
19.001,1,rev,-9.9,11.9,-2.292,-9.9,-2.794,40.0,1.0,-5.395,30.0,-100.0,-100.0,-100.0,0.0,0.0,0.0,30.0,-100.0,-100.0,-100.0,0.0,0.0,-0.0,29.0,-88.267,-88.0,-88.0,-16.0,0.0,0.0,30.0,-100.0,-100.0,-100.0,0.0,0.0,-0.0,29.0,9.756,9.756,9.756,0.0,0.0,0.0,30.0,23.299,23.299,23.299,0.0,0.0,-0.0,30.0
19.0542,1,rev,-9.9,11.9,-2.382,-9.9,-3.134,40.0,1.0,-4.244,30.0,-100.0,-100.0,-100.0,0.0,0.0,0.0,30.0,-100.0,-100.0,-100.0,0.0,0.0,-0.0,29.0,-88.267,-88.0,-88.0,-16.0,0.0,0.0,30.0,-100.0,-100.0,-100.0,0.0,0.0,-0.0,29.0,9.756,9.756,9.756,0.0,0.0,0.0,30.0,23.299,23.299,23.299,0.0,0.0,-0.0,30.0
19.1075,1,rev,-9.9,11.9,-2.562,-9.9,-3.351,40.0,1.0,-3.775,30.0,-100.0,-100.0,-100.0,0.0,0.0,0.0,30.0,-100.0,-100.0,-100.0,0.0,0.0,-0.0,29.0,-88.267,-88.0,-88.0,-16.0,0.0,0.0,30.0,-100.0,-100.0,-100.0,0.0,0.0,-0.0,29.0,9.756,9.756,9.756,0.0,0.0,0.0,30.0,23.299,23.299,23.299,0.0,0.0,-0.0,30.0
19.161,1,rev,-9.9,11.9,-2.652,-9.9,-3.579,40.0,1.0,-2.465,30.0,-100.0,-100.0,-100.0,0.0,0.0,0.0,30.0,-100.0,-100.0,-100.0,0.0,0.0,-0.0,29.0,-88.267,-88.0,-88.0,-16.0,0.0,0.0,30.0,-100.0,-100.0,-100.0,0.0,0.0,-0.0,29.0,9.756,9.756,9.756,0.0,0.0,0.0,30.0,23.299,23.299,23.299,0.0,0.0,-0.0,30.0
19.2146,1,rev,-9.9,11.9,-3.101,-9.9,-3.802,40.0,1.0,-5.52,30.0,-100.0,-100.0,-100.0,0.0,0.0,0.0,30.0,-100.0,-100.0,-100.0,0.0,0.0,-0.0,29.0,-88.267,-88.0,-88.0,-16.0,0.0,0.0,30.0,-100.0,-100.0,-100.0,0.0,0.0,-0.0,29.0,9.756,9.756,9.756,0.0,0.0,0.0,30.0,23.299,23.299,23.299,0.0,0.0,-0.0,30.0
19.2697,1,rev,-9.9,11.9,-3.281,-9.9,-4.022,40.0,1.0,-4.387,30.0,-100.0,-100.0,-100.0,0.0,0.0,0.0,30.0,-100.0,-100.0,-100.0,0.0,0.0,-0.0,29.0,-88.267,-88.0,-88.0,-16.0,0.0,0.0,30.0,-100.0,-100.0,-100.0,0.0,0.0,-0.0,29.0,9.756,9.756,9.756,0.0,0.0,0.0,30.0,23.299,23.299,23.299,0.0,0.0,-0.0,30.0
19.3242,1,rev,-9.9,11.9,-3.461,-9.9,-4.142,40.0,1.0,-3.786,30.0,-100.0,-100.0,-100.0,0.0,0.0,0.0,30.0,-100.0,-100.0,-100.0,0.0,0.0,-0.0,29.0,-88.267,-88.0,-88.0,-16.0,0.0,0.0,30.0,-100.0,-100.0,-100.0,0.0,0.0,-0.0,29.0,9.756,9.756,9.756,0.0,0.0,0.0,30.0,23.299,23.299,23.299,0.0,0.0,-0.0,30.0
19.3765,1,rev,-9.9,11.9,-3.73,-9.9,-4.359,40.0,1.0,-4.23,30.0,-100.0,-100.0,-100.0,0.0,0.0,0.0,30.0,-100.0,-100.0,-100.0,0.0,0.0,-0.0,29.0,-88.267,-88.0,-88.0,-16.0,0.0,0.0,30.0,-100.0,-100.0,-100.0,0.0,0.0,-0.0,29.0,9.756,9.756,9.756,0.0,0.0,0.0,30.0,23.299,23.299,23.299,0.0,0.0,-0.0,30.0
19.4296,1,rev,-9.9,11.9,-3.91,-9.9,-4.575,40.0,1.0,-3.782,30.0,-100.0,-100.0,-100.0,0.0,0.0,0.0,30.0,-100.0,-100.0,-100.0,0.0,0.0,-0.0,29.0,-88.267,-88.0,-88.0,-16.0,0.0,0.0,30.0,-100.0,-100.0,-100.0,0.0,0.0,-0.0,29.0,9.756,9.756,9.756,0.0,0.0,0.0,30.0,23.093,23.299,23.299,0.0,0.0,-2.337,30.0
19.4829,1,rev,-9.9,11.9,-4.09,-9.9,-4.789,40.0,1.0,-3.551,30.0,-100.0,-100.0,-100.0,0.0,0.0,0.0,30.0,-100.0,-100.0,-100.0,0.0,0.0,-0.0,29.0,-88.267,-88.0,-88.0,-16.0,0.0,0.0,30.0,-100.0,-100.0,-100.0,0.0,0.0,-0.0,29.0,9.756,9.756,9.756,0.0,0.0,0.0,30.0,23.299,23.299,23.299,0.0,0.0,1.147,30.0
19.5359,1,rev,-9.9,11.9,-4.18,-9.9,-5.005,40.0,1.0,-2.749,30.0,-100.0,-100.0,-100.0,0.0,0.0,0.0,30.0,-100.0,-100.0,-100.0,0.0,0.0,-0.0,29.0,-88.267,-88.0,-88.0,-16.0,0.0,0.0,30.0,-100.0,-100.0,-100.0,0.0,0.0,-0.0,29.0,9.756,9.756,9.756,0.0,0.0,0.0,30.0,23.299,23.299,23.299,0.0,0.0,0.562,30.0
19.5901,1,rev,-9.9,11.9,-4.36,-9.9,-5.112,68.0,4.0,-3.94,30.0,-100.0,-100.0,-100.0,0.0,0.0,0.0,30.0,-100.0,-100.0,-100.0,-8.0,0.0,-0.0,29.0,-88.267,-88.0,-88.0,-16.0,1.0,0.0,30.0,-100.0,-100.0,-100.0,0.0,0.0,-0.0,29.0,9.756,9.756,9.756,0.0,0.0,0.0,30.0,23.299,23.299,23.299,0.0,0.0,0.393,30.0
19.643,1,rev,-9.9,11.9,-4.719,-9.9,-5.447,68.0,4.0,-3.918,30.0,-100.0,-100.0,-100.0,0.0,0.0,0.0,30.0,-100.0,-100.0,-100.0,-8.0,0.0,-0.0,29.0,-88.267,-88.0,-88.0,-16.0,1.0,0.0,30.0,-100.0,-100.0,-100.0,0.0,0.0,-0.0,29.0,9.756,9.756,9.756,0.0,0.0,0.0,30.0,23.299,23.299,23.299,0.0,0.0,0.193,30.0
19.6953,1,rev,-9.9,11.9,-4.989,-9.9,-5.663,68.0,4.0,-4.634,30.0,-100.0,-100.0,-100.0,0.0,0.0,0.0,30.0,-100.0,-100.0,-100.0,-8.0,0.0,-0.0,29.0,-88.267,-88.0,-88.0,-16.0,1.0,0.0,30.0,-100.0,-100.0,-100.0,0.0,0.0,-0.0,29.0,9.756,9.756,9.756,0.0,0.0,0.0,30.0,23.299,23.299,23.299,0.0,0.0,0.094,30.0
19.7484,1,rev,-9.9,11.9,-5.169,-9.9,-5.878,68.0,4.0,-3.969,30.0,-100.0,-100.0,-100.0,0.0,0.0,0.0,30.0,-100.0,-100.0,-100.0,-8.0,0.0,-0.0,29.0,-88.267,-88.0,-88.0,-16.0,1.0,0.0,30.0,-100.0,-100.0,-100.0,0.0,0.0,-0.0,29.0,9.756,9.756,9.756,0.0,0.0,0.0,30.0,23.299,23.299,23.299,0.0,0.0,0.046,30.0
19.8011,1,rev,-9.9,11.9,-5.438,-9.9,-6.095,68.0,4.0,-4.613,30.0,-100.0,-100.0,-100.0,0.0,0.0,0.0,30.0,-100.0,-100.0,-100.0,-8.0,0.0,-0.0,29.0,-88.267,-88.0,-88.0,-16.0,1.0,0.0,30.0,-100.0,-100.0,-100.0,0.0,0.0,-0.0,29.0,9.756,9.756,9.756,0.0,0.0,0.0,30.0,23.299,23.299,23.299,0.0,0.0,0.023,30.0
19.8542,1,rev,-9.9,11.9,-5.528,-9.9,-6.31,68.0,4.0,-3.265,30.0,-100.0,-100.0,-100.0,0.0,0.0,0.0,30.0,-100.0,-100.0,-100.0,-8.0,0.0,-0.0,29.0,-88.267,-88.0,-88.0,-16.0,1.0,0.0,30.0,-100.0,-100.0,-100.0,0.0,0.0,-0.0,29.0,9.756,9.756,9.756,0.0,0.0,0.0,30.0,23.299,23.299,23.299,0.0,0.0,0.011,30.0
19.9074,1,rev,-9.9,11.9,-5.708,-9.9,-6.525,68.0,4.0,-3.613,30.0,-100.0,-100.0,-100.0,0.0,0.0,0.0,30.0,-100.0,-100.0,-100.0,-8.0,0.0,-0.0,29.0,-88.267,-88.0,-88.0,-16.0,1.0,0.0,30.0,-100.0,-100.0,-100.0,0.0,0.0,-0.0,29.0,9.756,9.756,9.756,0.0,0.0,0.0,30.0,23.299,23.299,23.299,0.0,0.0,0.005,30.0
19.9605,1,rev,-9.9,11.9,-5.978,-9.9,-6.74,68.0,4.0,-4.475,30.0,-100.0,-100.0,-100.0,0.0,0.0,0.0,30.0,-100.0,-100.0,-100.0,-8.0,0.0,-0.0,29.0,-88.267,-88.0,-88.0,-16.0,1.0,0.0,30.0,-100.0,-100.0,-100.0,0.0,0.0,-0.0,29.0,9.756,9.756,9.756,0.0,0.0,0.0,30.0,23.299,23.299,23.299,0.0,0.0,0.003,30.0
20.0127,1,rev,-9.9,11.9,-6.157,-9.9,-6.955,68.0,4.0,-3.614,30.0,-100.0,-100.0,-100.0,0.0,0.0,0.0,30.0,-100.0,-100.0,-100.0,-8.0,0.0,-0.0,29.0,-88.267,-88.0,-88.0,-16.0,1.0,0.0,30.0,-100.0,-100.0,-100.0,0.0,0.0,-0.0,29.0,9.756,9.756,9.756,0.0,0.0,0.0,30.0,23.299,23.299,23.299,0.0,0.0,0.001,30.0
20.0662,1,rev,-9.9,11.9,-6.337,-9.9,-7.174,68.0,4.0,-3.444,30.0,-100.0,-100.0,-100.0,0.0,0.0,0.0,30.0,-100.0,-100.0,-100.0,-8.0,0.0,-0.0,29.0,-88.267,-88.0,-88.0,-16.0,1.0,0.0,30.0,-100.0,-100.0,-100.0,0.0,0.0,-0.0,29.0,9.756,9.756,9.756,0.0,0.0,0.0,30.0,23.299,23.299,23.299,0.0,0.0,0.001,30.0
20.1194,1,rev,-9.9,11.9,-6.607,-9.9,-7.389,68.0,4.0,-3.806,30.0,-100.0,-100.0,-100.0,0.0,0.0,0.0,30.0,-100.0,-100.0,-100.0,-8.0,0.0,-0.0,29.0,-88.267,-88.0,-88.0,-16.0,1.0,0.0,30.0,-100.0,-100.0,-100.0,0.0,0.0,-0.0,29.0,9.756,9.756,9.756,0.0,0.0,0.0,30.0,23.299,23.299,23.299,0.0,0.0,0.0,30.0
20.1725,1,rev,-9.9,12.0,-6.607,-9.9,-7.624,60.0,5.0,-3.806,30.0,-100.0,-100.0,-100.0,0.0,0.0,0.0,30.0,-100.0,-100.0,-100.0,0.0,0.0,-0.0,29.0,-88.267,-88.0,-88.0,-16.0,0.0,0.0,30.0,-100.0,-100.0,-100.0,0.0,0.0,-0.0,29.0,9.756,9.756,9.756,0.0,0.0,0.0,30.0,23.299,23.299,23.299,0.0,0.0,0.0,30.0
20.2261,1,rev,-9.9,12.0,-6.876,-9.9,-7.848,60.0,5.0,-3.489,30.0,-100.0,-100.0,-100.0,0.0,0.0,0.0,30.0,-100.0,-100.0,-100.0,0.0,0.0,-0.0,29.0,-88.267,-88.0,-88.0,-16.0,0.0,0.0,30.0,-100.0,-100.0,-100.0,0.0,0.0,-0.0,29.0,9.756,9.756,9.756,0.0,0.0,0.0,30.0,23.299,23.299,23.299,0.0,0.0,0.0,30.0
20.2813,1,rev,-9.9,12.0,-6.966,-9.9,-8.069,60.0,5.0,-2.383,30.0,-100.0,-100.0,-100.0,0.0,0.0,0.0,30.0,-100.0,-100.0,-100.0,0.0,0.0,-0.0,29.0,-88.267,-88.0,-88.0,-16.0,0.0,0.0,30.0,-100.0,-100.0,-100.0,0.0,0.0,-0.0,29.0,9.756,9.756,9.756,0.0,0.0,0.0,30.0,23.299,23.299,23.299,0.0,0.0,0.0,30.0
20.3337,1,rev,-9.9,12.0,-7.416,-9.9,-8.188,60.0,5.0,-5.462,30.0,-100.0,-100.0,-100.0,0.0,0.0,0.0,30.0,-100.0,-100.0,-100.0,0.0,0.0,-0.0,29.0,-88.267,-88.0,-88.0,-16.0,0.0,0.0,30.0,-100.0,-100.0,-100.0,0.0,0.0,-0.0,29.0,9.756,9.756,9.756,0.0,0.0,0.0,30.0,23.299,23.299,23.299,0.0,0.0,0.0,30.0
20.3858,1,rev,-9.9,12.0,-7.596,-9.9,-8.402,60.0,5.0,-4.39,30.0,-100.0,-100.0,-100.0,0.0,0.0,0.0,30.0,-100.0,-100.0,-100.0,0.0,0.0,-0.0,29.0,-88.267,-88.0,-88.0,-16.0,0.0,0.0,30.0,-100.0,-100.0,-100.0,0.0,0.0,-0.0,29.0,9.756,9.756,9.756,0.0,0.0,0.0,30.0,23.299,23.299,23.299,0.0,0.0,0.0,30.0
20.4388,1,rev,-9.9,12.0,-7.775,-9.9,-8.618,60.0,5.0,-3.855,30.0,-100.0,-100.0,-100.0,0.0,0.0,0.0,30.0,-100.0,-100.0,-100.0,0.0,0.0,-0.0,29.0,-88.267,-88.0,-88.0,-16.0,0.0,0.0,30.0,-100.0,-100.0,-100.0,0.0,0.0,-0.0,29.0,9.756,9.756,9.756,0.0,0.0,0.0,30.0,23.299,23.299,23.299,0.0,0.0,0.0,30.0
20.4921,1,rev,-9.9,12.0,-8.045,-9.9,-8.831,60.0,5.0,-4.31,30.0,-100.0,-100.0,-100.0,0.0,0.0,0.0,30.0,-100.0,-100.0,-100.0,0.0,0.0,-0.0,29.0,-88.267,-88.0,-88.0,-16.0,0.0,0.0,30.0,-100.0,-100.0,-100.0,0.0,0.0,-0.0,29.0,9.756,9.756,9.756,0.0,0.0,0.0,30.0,23.299,23.299,23.299,0.0,0.0,0.0,30.0
20.5457,1,rev,-9.9,12.0,-8.225,-9.9,-9.047,60.0,5.0,-3.798,30.0,-100.0,-100.0,-100.0,0.0,0.0,0.0,30.0,-100.0,-100.0,-100.0,0.0,0.0,-0.0,29.0,-88.267,-88.0,-88.0,-16.0,0.0,0.0,30.0,-100.0,-100.0,-100.0,0.0,0.0,-0.0,29.0,9.756,9.756,9.756,0.0,0.0,0.0,30.0,23.299,23.299,23.299,0.0,0.0,0.0,30.0
20.5992,1,rev,-9.9,12.0,-8.404,-9.9,-9.263,60.0,5.0,-3.582,30.0,-100.0,-100.0,-100.0,0.0,0.0,0.0,30.0,-100.0,-100.0,-100.0,0.0,0.0,-0.0,29.0,-88.267,-88.0,-88.0,-16.0,0.0,0.0,30.0,-100.0,-100.0,-100.0,0.0,0.0,-0.0,29.0,10.244,9.756,9.756,0.0,0.0,3.82,30.0,23.299,23.299,23.299,0.0,0.0,0.0,30.0
20.652,1,rev,-9.9,12.0,-8.494,-9.9,-9.475,60.0,5.0,-2.762,30.0,-100.0,-100.0,-100.0,0.0,0.0,0.0,30.0,-100.0,-100.0,-100.0,0.0,0.0,-0.0,29.0,-88.267,-88.0,-88.0,-16.0,0.0,0.0,30.0,-100.0,-100.0,-100.0,0.0,0.0,-0.0,29.0,9.756,9.756,9.756,0.0,0.0,-1.984,30.0,23.299,23.299,23.299,0.0,0.0,0.0,30.0
20.705,1,rev,-9.9,12.0,-8.764,-9.9,-9.691,60.0,5.0,-4.038,30.0,-100.0,-100.0,-100.0,0.0,0.0,0.0,30.0,-100.0,-100.0,-100.0,0.0,0.0,-0.0,29.0,-88.267,-88.0,-88.0,-16.0,0.0,0.0,30.0,-100.0,-100.0,-100.0,0.0,0.0,-0.0,29.0,9.756,9.756,9.756,0.0,0.0,-0.972,30.0,23.299,23.299,23.299,0.0,0.0,0.0,30.0
20.7574,1,rev,-9.9,11.9,-9.034,-9.9,-9.9,72.0,7.0,-4.165,30.0,-100.0,-100.0,-100.0,0.0,0.0,0.0,30.0,-100.0,-100.0,-100.0,-8.0,0.0,-0.0,29.0,-88.267,-88.0,-88.0,-16.0,0.0,0.0,30.0,-100.0,-100.0,-100.0,0.0,0.0,-0.0,29.0,9.756,9.756,9.756,0.0,0.0,-0.681,30.0,23.299,23.299,23.299,0.0,0.0,0.0,30.0
20.8097,1,hold_start,-9.9,11.9,-9.124,-9.9,-9.9,72.0,7.0,-2.738,30.0,-100.0,-100.0,-100.0,0.0,0.0,0.0,30.0,-100.0,-100.0,-100.0,-8.0,0.0,-0.0,29.0,-88.267,-88.0,-88.0,-16.0,0.0,0.0,30.0,-100.0,-100.0,-100.0,0.0,0.0,-0.0,29.0,9.756,9.756,9.756,0.0,0.0,-0.333,30.0,23.299,23.299,23.299,0.0,0.0,0.0,30.0
20.863,1,hold_start,-9.9,11.9,-9.213,-9.9,-9.9,72.0,7.0,-2.052,30.0,-100.0,-100.0,-100.0,0.0,0.0,0.0,30.0,-100.0,-100.0,-100.0,-8.0,0.0,-0.0,29.0,-88.267,-88.0,-88.0,-16.0,0.0,0.0,30.0,-100.0,-100.0,-100.0,0.0,0.0,-0.0,29.0,9.756,9.756,9.756,0.0,0.0,-0.163,30.0,23.299,23.299,23.299,0.0,0.0,0.0,30.0
20.9164,1,hold_start,-9.9,11.9,-9.213,-9.9,-9.9,72.0,7.0,-1.005,30.0,-100.0,-100.0,-100.0,0.0,0.0,0.0,30.0,-100.0,-100.0,-100.0,-8.0,0.0,-0.0,29.0,-88.267,-88.0,-88.0,-16.0,0.0,0.0,30.0,-100.0,-100.0,-100.0,0.0,0.0,-0.0,29.0,9.756,9.756,9.756,0.0,0.0,-0.08,30.0,23.299,23.299,23.299,0.0,0.0,0.0,30.0
20.9694,1,hold_start,-9.9,11.9,-9.213,-9.9,-9.9,72.0,7.0,-0.493,30.0,-100.0,-100.0,-100.0,0.0,0.0,0.0,30.0,-100.0,-100.0,-100.0,-8.0,0.0,-0.0,29.0,-88.267,-88.0,-88.0,-16.0,0.0,0.0,30.0,-100.0,-100.0,-100.0,0.0,0.0,-0.0,29.0,9.756,9.756,9.756,0.0,0.0,-0.039,30.0,23.299,23.299,23.299,0.0,0.0,0.0,30.0
21.0224,1,hold_start,-9.9,11.9,-9.213,-9.9,-9.9,72.0,7.0,-0.241,30.0,-100.0,-100.0,-100.0,0.0,0.0,0.0,30.0,-100.0,-100.0,-100.0,-8.0,0.0,-0.0,29.0,-88.267,-88.0,-88.0,-16.0,0.0,0.0,30.0,-100.0,-100.0,-100.0,0.0,0.0,-0.0,29.0,9.756,9.756,9.756,0.0,0.0,-0.019,30.0,23.299,23.299,23.299,0.0,0.0,0.0,30.0
21.0748,1,hold_start,-9.9,11.9,-9.213,-9.9,-9.9,72.0,7.0,-0.118,30.0,-100.0,-100.0,-100.0,0.0,0.0,0.0,30.0,-100.0,-100.0,-100.0,-8.0,0.0,-0.0,29.0,-88.267,-88.0,-88.0,-16.0,0.0,0.0,30.0,-100.0,-100.0,-100.0,0.0,0.0,-0.0,29.0,9.756,9.756,9.756,0.0,0.0,-0.009,30.0,23.299,23.299,23.299,0.0,0.0,0.0,30.0
21.1279,1,hold_start,-9.9,11.9,-9.213,-9.9,-9.9,72.0,7.0,-0.083,30.0,-100.0,-100.0,-100.0,0.0,0.0,0.0,30.0,-100.0,-100.0,-100.0,-8.0,0.0,-0.0,29.0,-88.267,-88.0,-88.0,-16.0,0.0,0.0,30.0,-100.0,-100.0,-100.0,0.0,0.0,-0.0,29.0,9.756,9.756,9.756,0.0,0.0,-0.007,30.0,23.299,23.299,23.299,0.0,0.0,0.0,30.0
21.1814,1,hold_start,-9.9,11.9,-9.213,-9.9,-9.9,72.0,7.0,-0.041,30.0,-100.0,-100.0,-100.0,0.0,0.0,0.0,30.0,-100.0,-100.0,-100.0,-8.0,0.0,-0.0,29.0,-88.267,-88.0,-88.0,-16.0,0.0,0.0,30.0,-100.0,-100.0,-100.0,0.0,0.0,-0.0,29.0,9.756,9.756,9.756,0.0,0.0,-0.003,30.0,23.299,23.299,23.299,0.0,0.0,0.0,30.0
21.2337,1,hold_start,-9.9,11.9,-9.213,-9.9,-9.9,72.0,7.0,-0.02,30.0,-100.0,-100.0,-100.0,0.0,0.0,0.0,30.0,-100.0,-100.0,-100.0,-8.0,0.0,-0.0,29.0,-88.267,-88.0,-88.0,-16.0,0.0,0.0,30.0,-100.0,-100.0,-100.0,0.0,0.0,-0.0,29.0,9.756,9.756,9.756,0.0,0.0,-0.002,30.0,23.299,23.299,23.299,0.0,0.0,0.0,30.0
21.2883,1,hold_start,-9.9,11.9,-9.213,-9.9,-9.9,72.0,7.0,-0.01,30.0,-100.0,-100.0,-100.0,0.0,0.0,0.0,30.0,-100.0,-100.0,-100.0,-8.0,0.0,-0.0,29.0,-88.267,-88.0,-88.0,-16.0,0.0,0.0,30.0,-100.0,-100.0,-100.0,0.0,0.0,-0.0,29.0,9.756,9.756,9.756,0.0,0.0,-0.001,30.0,23.299,23.299,23.299,0.0,0.0,0.0,30.0
21.3413,1,hold_start,-9.9,11.9,-9.213,-9.9,-9.9,56.0,5.0,-0.007,30.0,-100.0,-100.0,-100.0,0.0,0.0,0.0,30.0,-100.0,-100.0,-100.0,-8.0,0.0,-0.0,29.0,-88.267,-88.0,-88.0,-16.0,1.0,0.0,30.0,-100.0,-100.0,-100.0,0.0,0.0,-0.0,29.0,9.756,9.756,9.756,0.0,0.0,-0.001,30.0,23.299,23.299,23.299,0.0,0.0,0.0,30.0
21.393,1,hold_start,-9.9,11.9,-9.213,-9.9,-9.9,56.0,5.0,-0.003,30.0,-100.0,-100.0,-100.0,0.0,0.0,0.0,30.0,-100.0,-100.0,-100.0,-8.0,0.0,-0.0,29.0,-88.267,-88.0,-88.0,-16.0,1.0,0.0,30.0,-100.0,-100.0,-100.0,0.0,0.0,-0.0,29.0,9.756,9.756,9.756,0.0,0.0,-0.0,30.0,23.299,23.299,23.299,0.0,0.0,0.0,30.0
21.4465,1,hold_start,-9.9,11.9,-9.213,-9.9,-9.9,56.0,5.0,-0.002,30.0,-100.0,-100.0,-100.0,0.0,0.0,0.0,30.0,-100.0,-100.0,-100.0,-8.0,0.0,-0.0,29.0,-88.267,-88.0,-88.0,-16.0,1.0,0.0,30.0,-100.0,-100.0,-100.0,0.0,0.0,-0.0,29.0,9.756,9.756,9.756,0.0,0.0,-0.0,30.0,23.299,23.299,23.299,0.0,0.0,0.0,30.0
21.4995,1,hold_start,-9.9,11.9,-9.213,-9.9,-9.9,56.0,5.0,-0.001,30.0,-100.0,-100.0,-100.0,0.0,0.0,0.0,30.0,-100.0,-100.0,-100.0,-8.0,0.0,-0.0,29.0,-88.267,-88.0,-88.0,-16.0,1.0,0.0,30.0,-100.0,-100.0,-100.0,0.0,0.0,-0.0,29.0,9.756,9.756,9.756,0.0,0.0,-0.0,30.0,23.299,23.299,23.299,0.0,0.0,0.0,30.0
21.5526,1,hold_start,-9.9,11.9,-9.213,-9.9,-9.9,56.0,5.0,-0.0,30.0,-100.0,-100.0,-100.0,0.0,0.0,0.0,30.0,-100.0,-100.0,-100.0,-8.0,0.0,-0.0,29.0,-88.267,-88.0,-88.0,-16.0,1.0,0.0,30.0,-100.0,-100.0,-100.0,0.0,0.0,-0.0,29.0,9.756,9.756,9.756,0.0,0.0,-0.0,30.0,23.299,23.299,23.299,0.0,0.0,0.0,30.0
21.6061,1,hold_start,-9.9,11.9,-9.213,-9.9,-9.9,56.0,5.0,-0.0,30.0,-100.0,-100.0,-100.0,0.0,0.0,0.0,30.0,-100.0,-100.0,-100.0,-8.0,0.0,-0.0,29.0,-88.267,-88.0,-88.0,-16.0,1.0,0.0,30.0,-100.0,-100.0,-100.0,0.0,0.0,-0.0,29.0,9.756,9.756,9.756,0.0,0.0,-0.0,30.0,23.299,23.299,23.299,0.0,0.0,0.0,30.0
21.6594,1,hold_start,-9.9,11.9,-9.213,-9.9,-9.9,56.0,5.0,-0.0,30.0,-100.0,-100.0,-100.0,0.0,0.0,0.0,30.0,-100.0,-100.0,-100.0,-8.0,0.0,-0.0,29.0,-88.267,-88.0,-88.0,-16.0,1.0,0.0,30.0,-100.0,-100.0,-100.0,0.0,0.0,-0.0,29.0,9.756,9.756,9.756,0.0,0.0,-0.0,30.0,23.299,23.299,23.299,0.0,0.0,0.0,30.0
21.7126,1,hold_start,-9.9,11.9,-9.213,-9.9,-9.9,56.0,5.0,-0.0,30.0,-100.0,-100.0,-100.0,0.0,0.0,0.0,30.0,-100.0,-100.0,-100.0,-8.0,0.0,-0.0,29.0,-88.267,-88.0,-88.0,-16.0,1.0,0.0,30.0,-100.0,-100.0,-100.0,0.0,0.0,-0.0,29.0,9.756,9.756,9.756,0.0,0.0,-0.0,30.0,23.299,23.299,23.299,0.0,0.0,0.0,30.0
21.7647,1,hold_start,-9.9,11.9,-9.213,-9.9,-9.9,56.0,5.0,-0.0,30.0,-100.0,-100.0,-100.0,0.0,0.0,0.0,30.0,-100.0,-100.0,-100.0,-8.0,0.0,-0.0,29.0,-88.267,-88.0,-88.0,-16.0,1.0,0.0,30.0,-100.0,-100.0,-100.0,0.0,0.0,-0.0,29.0,9.756,9.756,9.756,0.0,0.0,-0.0,30.0,23.299,23.299,23.299,0.0,0.0,0.0,30.0
