t,cycle,leg,target,volt,shoulder_pitch_q,shoulder_pitch_cmd,shoulder_pitch_out,shoulder_pitch_i,shoulder_pitch_cur,shoulder_pitch_qd,shoulder_pitch_temp,shoulder_yaw_q,shoulder_yaw_cmd,shoulder_yaw_out,shoulder_yaw_i,shoulder_yaw_cur,shoulder_yaw_qd,shoulder_yaw_temp,shoulder_roll_q,shoulder_roll_cmd,shoulder_roll_out,shoulder_roll_i,shoulder_roll_cur,shoulder_roll_qd,shoulder_roll_temp,elbow_flex_q,elbow_flex_cmd,elbow_flex_out,elbow_flex_i,elbow_flex_cur,elbow_flex_qd,elbow_flex_temp,wrist_roll_q,wrist_roll_cmd,wrist_roll_out,wrist_roll_i,wrist_roll_cur,wrist_roll_qd,wrist_roll_temp,wrist_yaw_q,wrist_yaw_cmd,wrist_yaw_out,wrist_yaw_i,wrist_yaw_cur,wrist_yaw_qd,wrist_yaw_temp,wrist_pitch_q,wrist_pitch_cmd,wrist_pitch_out,wrist_pitch_i,wrist_pitch_cur,wrist_pitch_qd,wrist_pitch_temp
-0.0212,0,approach,-90.0,12.2,5.528,5.4,5.4,8.0,0.0,-0.0,35.0,-100.0,-100.0,-100.0,-8.0,0.0,-0.0,33.0,-100.0,-100.0,-100.0,0.0,0.0,-0.0,32.0,-65.467,-65.0,-65.0,-24.0,0.0,-0.0,47.0,-95.017,-95.017,-95.017,0.0,0.0,-0.0,33.0,-69.756,-70.244,-70.244,8.0,0.0,-0.0,34.0,-33.196,-33.196,-33.196,0.0,0.0,-0.0,34.0
0.0317,0,approach,-90.0,12.2,5.528,5.4,5.4,8.0,0.0,-0.0,35.0,-100.0,-100.0,-100.0,-8.0,0.0,-0.0,33.0,-100.0,-90.0,-99.893,0.0,0.0,-0.0,32.0,-65.467,-65.0,-65.0,-24.0,0.0,-0.0,47.0,-95.017,-95.017,-95.017,0.0,0.0,-0.0,33.0,-69.756,-70.244,-70.244,8.0,0.0,-0.0,34.0,-33.196,-33.196,-33.196,0.0,0.0,-0.0,34.0
0.0851,0,approach,-90.0,12.2,5.528,5.4,5.4,8.0,0.0,-0.0,35.0,-100.0,-100.0,-100.0,-8.0,0.0,-0.0,33.0,-100.0,-90.0,-99.681,0.0,0.0,-0.0,32.0,-65.467,-65.0,-65.0,-24.0,0.0,-0.0,47.0,-95.017,-95.017,-95.017,0.0,0.0,-0.0,33.0,-69.756,-70.244,-70.244,8.0,0.0,-0.0,34.0,-33.196,-33.196,-33.196,0.0,0.0,-0.0,34.0
0.1375,0,approach,-90.0,12.2,5.528,5.4,5.4,8.0,0.0,-0.0,35.0,-100.0,-100.0,-100.0,-8.0,0.0,-0.0,33.0,-100.0,-90.0,-99.466,0.0,0.0,-0.0,32.0,-65.467,-65.0,-65.0,-24.0,0.0,-0.0,47.0,-95.017,-95.017,-95.017,0.0,0.0,-0.0,33.0,-69.756,-70.244,-70.244,8.0,0.0,-0.0,34.0,-33.196,-33.196,-33.196,0.0,0.0,-0.0,34.0
0.1909,0,approach,-90.0,12.2,5.528,5.4,5.4,8.0,0.0,-0.0,35.0,-100.0,-100.0,-100.0,-8.0,0.0,-0.0,33.0,-99.858,-90.0,-99.252,0.0,0.0,1.121,32.0,-65.467,-65.0,-65.0,-24.0,0.0,-0.0,47.0,-95.017,-95.017,-95.017,0.0,0.0,-0.0,33.0,-69.756,-70.244,-70.244,8.0,0.0,-0.0,34.0,-33.196,-33.196,-33.196,0.0,0.0,-0.0,34.0
0.2433,0,approach,-90.0,12.2,5.528,5.4,5.4,8.0,0.0,-0.0,35.0,-100.0,-100.0,-100.0,-8.0,0.0,-0.0,33.0,-99.573,-90.0,-99.038,0.0,0.0,3.259,32.0,-65.467,-65.0,-65.0,-24.0,0.0,-0.0,47.0,-95.017,-95.017,-95.017,0.0,0.0,-0.0,33.0,-69.756,-70.244,-70.244,8.0,0.0,-0.0,34.0,-33.196,-33.196,-33.196,0.0,0.0,-0.0,34.0
0.2954,0,approach,-90.0,12.2,5.528,5.4,5.4,8.0,0.0,-0.0,35.0,-100.0,-100.0,-100.0,-8.0,0.0,-0.0,33.0,-99.431,-90.0,-98.824,0.0,0.0,2.709,32.0,-65.467,-65.0,-65.0,-24.0,0.0,-0.0,47.0,-95.017,-95.017,-95.017,0.0,0.0,-0.0,33.0,-69.756,-70.244,-70.244,8.0,0.0,-0.0,34.0,-33.196,-33.196,-33.196,0.0,0.0,-0.0,34.0
0.3489,0,approach,-90.0,12.2,5.528,5.4,5.4,8.0,0.0,-0.0,35.0,-100.0,-100.0,-100.0,-8.0,0.0,-0.0,33.0,-99.147,-90.0,-98.608,0.0,0.0,4.507,32.0,-65.467,-65.0,-65.0,-24.0,0.0,-0.0,47.0,-95.017,-95.017,-95.017,0.0,0.0,-0.0,33.0,-69.756,-70.244,-70.244,8.0,0.0,-0.0,34.0,-33.196,-33.196,-33.196,0.0,0.0,-0.0,34.0
0.401,0,approach,-90.0,12.2,5.528,5.4,5.4,8.0,0.0,-0.0,35.0,-100.0,-100.0,-100.0,-8.0,0.0,-0.0,33.0,-99.147,-90.0,-98.394,0.0,0.0,2.208,32.0,-65.467,-65.0,-65.0,-24.0,0.0,-0.0,47.0,-95.017,-95.017,-95.017,0.0,0.0,-0.0,33.0,-69.756,-70.244,-70.244,8.0,0.0,-0.0,34.0,-33.196,-33.196,-33.196,0.0,0.0,-0.0,34.0
0.454,0,approach,-90.0,12.2,5.528,5.4,5.4,8.0,0.0,-0.0,35.0,-100.0,-100.0,-100.0,-8.0,0.0,-0.0,33.0,-99.004,-90.0,-98.286,-32.0,2.0,3.161,32.0,-65.467,-65.0,-65.0,-24.0,1.0,-0.0,47.0,-95.017,-95.017,-95.017,0.0,0.0,-0.0,33.0,-69.756,-70.244,-70.244,8.0,0.0,-0.0,34.0,-33.196,-33.196,-33.196,0.0,0.0,-0.0,34.0
0.5069,0,approach,-90.0,12.2,5.528,5.4,5.4,8.0,0.0,-0.0,35.0,-100.0,-100.0,-100.0,-8.0,0.0,-0.0,33.0,-98.578,-90.0,-97.954,-32.0,2.0,4.213,32.0,-65.467,-65.0,-65.0,-24.0,1.0,-0.0,47.0,-95.017,-95.017,-95.017,0.0,0.0,-0.0,33.0,-69.756,-70.244,-70.244,8.0,0.0,-0.0,34.0,-33.196,-33.196,-33.196,0.0,0.0,-0.0,34.0
0.56,0,approach,-90.0,12.2,5.528,5.4,5.4,8.0,0.0,-0.0,35.0,-100.0,-100.0,-100.0,-8.0,0.0,-0.0,33.0,-98.435,-90.0,-97.741,-32.0,2.0,3.658,32.0,-65.467,-65.0,-65.0,-24.0,1.0,-0.0,47.0,-95.017,-95.017,-95.017,0.0,0.0,-0.0,33.0,-69.756,-70.244,-70.244,8.0,0.0,-0.0,34.0,-33.196,-33.196,-33.196,0.0,0.0,-0.0,34.0
0.6132,0,approach,-90.0,12.2,5.528,5.4,5.4,8.0,0.0,-0.0,35.0,-100.0,-100.0,-100.0,-8.0,0.0,-0.0,33.0,-98.151,-90.0,-97.527,-32.0,2.0,4.509,32.0,-65.467,-65.0,-65.0,-24.0,1.0,-0.0,47.0,-95.017,-95.017,-95.017,0.0,0.0,-0.0,33.0,-69.756,-70.244,-70.244,8.0,0.0,-0.0,34.0,-33.196,-33.196,-33.196,0.0,0.0,-0.0,34.0
0.6662,0,approach,-90.0,12.2,5.528,5.4,5.4,8.0,0.0,-0.0,35.0,-100.0,-100.0,-100.0,-8.0,0.0,-0.0,33.0,-98.009,-90.0,-97.313,-32.0,2.0,3.814,32.0,-65.467,-65.0,-65.0,-24.0,1.0,-0.0,47.0,-95.017,-95.017,-95.017,0.0,0.0,-0.0,33.0,-69.756,-70.244,-70.244,8.0,0.0,-0.0,34.0,-32.99,-33.196,-33.196,0.0,0.0,1.612,34.0
0.7192,0,approach,-90.0,12.2,5.528,5.4,5.4,8.0,0.0,-0.0,35.0,-100.0,-100.0,-100.0,-8.0,0.0,-0.0,33.0,-97.724,-90.0,-97.1,-32.0,2.0,4.588,32.0,-65.467,-65.0,-65.0,-24.0,1.0,-0.0,47.0,-95.017,-95.017,-95.017,0.0,0.0,-0.0,33.0,-69.756,-70.244,-70.244,8.0,0.0,-0.0,34.0,-32.99,-33.196,-33.196,0.0,0.0,0.79,34.0
0.7723,0,approach,-90.0,12.2,5.528,5.4,5.4,8.0,0.0,-0.0,35.0,-100.0,-100.0,-100.0,-8.0,0.0,-0.0,33.0,-97.582,-90.0,-96.882,-32.0,2.0,3.826,32.0,-65.467,-65.0,-65.0,-24.0,1.0,-0.0,47.0,-95.017,-95.017,-95.017,0.0,0.0,-0.0,33.0,-69.756,-70.244,-70.244,8.0,0.0,-0.0,34.0,-32.99,-33.196,-33.196,0.0,0.0,0.387,34.0
0.8257,0,approach,-90.0,12.2,5.528,5.4,5.4,8.0,0.0,-0.0,35.0,-100.0,-100.0,-100.0,-8.0,0.0,-0.0,33.0,-97.44,-90.0,-96.666,-32.0,2.0,2.975,32.0,-65.467,-65.0,-65.0,-24.0,1.0,-0.0,47.0,-95.017,-95.017,-95.017,0.0,0.0,-0.0,33.0,-69.756,-70.244,-70.244,8.0,0.0,-0.0,34.0,-32.99,-33.196,-33.196,0.0,0.0,0.19,34.0
0.8798,0,approach,-90.0,12.2,5.528,5.4,5.4,8.0,0.0,-0.0,35.0,-100.0,-100.0,-100.0,-8.0,0.0,-0.0,33.0,-97.155,-90.0,-96.452,-32.0,2.0,4.16,32.0,-65.467,-65.0,-65.0,-24.0,1.0,-0.0,47.0,-95.017,-95.017,-95.017,0.0,0.0,-0.0,33.0,-69.756,-70.244,-70.244,8.0,0.0,-0.0,34.0,-33.196,-33.196,-33.196,0.0,0.0,-1.527,34.0
0.9332,0,approach,-90.0,12.2,5.528,5.4,5.4,8.0,0.0,-0.0,35.0,-100.0,-100.0,-100.0,-8.0,0.0,-0.0,33.0,-97.013,-90.0,-96.237,-32.0,2.0,3.149,32.0,-65.467,-65.0,-65.0,-24.0,1.0,-0.0,47.0,-95.017,-95.017,-95.017,0.0,0.0,-0.0,33.0,-69.756,-70.244,-70.244,8.0,0.0,-0.0,34.0,-33.196,-33.196,-33.196,0.0,0.0,-0.748,34.0
0.9854,0,approach,-90.0,12.2,5.528,5.4,5.4,8.0,0.0,-0.0,35.0,-100.0,-100.0,-100.0,-8.0,0.0,-0.0,33.0,-96.728,-90.0,-96.023,-32.0,2.0,4.245,32.0,-65.467,-65.0,-65.0,-24.0,1.0,-0.0,47.0,-95.017,-95.017,-95.017,0.0,0.0,-0.0,33.0,-69.756,-70.244,-70.244,8.0,0.0,-0.0,34.0,-33.196,-33.196,-33.196,0.0,0.0,-0.367,34.0
1.0391,0,approach,-90.0,12.2,5.528,5.4,5.4,8.0,0.0,-0.0,35.0,-100.0,-100.0,-100.0,-8.0,0.0,-0.0,33.0,-96.728,-90.0,-95.786,-32.0,2.0,4.245,32.0,-65.467,-65.0,-65.0,-24.0,1.0,-0.0,47.0,-95.017,-95.017,-95.017,0.0,0.0,-0.0,32.0,-69.756,-70.244,-70.244,8.0,0.0,-0.0,34.0,-33.196,-33.196,-33.196,0.0,0.0,-0.367,34.0
1.0923,0,approach,-90.0,12.2,5.528,5.4,5.4,8.0,0.0,-0.0,35.0,-100.0,-100.0,-100.0,-8.0,0.0,-0.0,33.0,-96.586,-90.0,-95.56,-32.0,2.0,2.563,32.0,-65.467,-65.0,-65.0,-24.0,1.0,-0.0,47.0,-95.017,-95.017,-95.017,0.0,0.0,-0.0,32.0,-69.756,-70.244,-70.244,8.0,0.0,-0.0,34.0,-33.196,-33.196,-33.196,0.0,0.0,-0.18,34.0
1.1457,0,approach,-90.0,12.2,5.528,5.4,5.4,8.0,0.0,-0.0,35.0,-100.0,-100.0,-100.0,-8.0,0.0,-0.0,33.0,-96.302,-90.0,-95.44,-32.0,2.0,3.848,32.0,-65.467,-65.0,-65.0,-24.0,1.0,-0.0,47.0,-95.017,-95.017,-95.017,0.0,0.0,-0.0,32.0,-69.756,-70.244,-70.244,8.0,0.0,-0.0,34.0,-33.196,-33.196,-33.196,0.0,0.0,-0.088,34.0
1.1993,0,approach,-90.0,12.2,5.528,5.4,5.4,8.0,0.0,-0.0,35.0,-100.0,-100.0,-100.0,-8.0,0.0,-0.0,33.0,-95.875,-90.0,-95.226,-32.0,2.0,5.711,32.0,-65.467,-65.0,-65.0,-24.0,1.0,-0.0,47.0,-95.017,-95.017,-95.017,0.0,0.0,-0.0,32.0,-69.756,-70.244,-70.244,8.0,0.0,-0.0,34.0,-33.196,-33.196,-33.196,0.0,0.0,-0.043,34.0
1.2523,0,approach,-90.0,12.2,5.528,5.4,5.4,8.0,0.0,-0.0,35.0,-100.0,-100.0,-100.0,-8.0,0.0,-0.0,33.0,-95.733,-90.0,-95.009,-32.0,2.0,4.4,32.0,-65.467,-65.0,-65.0,-24.0,1.0,-0.0,47.0,-95.017,-95.017,-95.017,0.0,0.0,-0.0,32.0,-69.756,-70.244,-70.244,8.0,0.0,-0.0,34.0,-33.196,-33.196,-33.196,0.0,0.0,-0.021,34.0
1.3056,0,approach,-90.0,12.2,5.528,5.4,5.4,8.0,0.0,-0.0,35.0,-100.0,-100.0,-100.0,-8.0,0.0,-0.0,33.0,-95.448,-90.0,-94.796,-32.0,2.0,4.871,32.0,-65.467,-65.0,-65.0,-24.0,1.0,-0.0,47.0,-95.017,-95.017,-95.017,0.0,0.0,-0.0,32.0,-69.756,-70.244,-70.244,8.0,0.0,-0.0,34.0,-33.196,-33.196,-33.196,0.0,0.0,-0.01,34.0
1.3592,0,approach,-90.0,12.2,5.528,5.4,5.4,8.0,0.0,-0.0,35.0,-100.0,-100.0,-100.0,-8.0,0.0,-0.0,33.0,-95.306,-90.0,-94.581,-32.0,2.0,3.987,32.0,-65.467,-65.0,-65.0,-24.0,1.0,-0.0,47.0,-95.017,-95.017,-95.017,0.0,0.0,-0.0,32.0,-69.756,-70.244,-70.244,8.0,0.0,-0.0,34.0,-33.196,-33.196,-33.196,0.0,0.0,-0.005,34.0
1.4129,0,approach,-90.0,12.2,5.528,5.4,5.4,8.0,0.0,-0.0,35.0,-100.0,-100.0,-100.0,-8.0,0.0,-0.0,33.0,-95.021,-90.0,-94.366,-32.0,2.0,4.647,32.0,-65.467,-65.0,-65.0,-24.0,1.0,-0.0,47.0,-95.017,-95.017,-95.017,0.0,0.0,-0.0,32.0,-69.756,-70.244,-70.244,8.0,0.0,-0.0,34.0,-33.196,-33.196,-33.196,0.0,0.0,-0.002,34.0
1.4653,0,approach,-90.0,12.2,5.528,5.4,5.4,8.0,0.0,-0.0,35.0,-100.0,-100.0,-100.0,-8.0,0.0,-0.0,33.0,-94.879,-90.0,-94.153,-32.0,2.0,3.865,32.0,-65.467,-65.0,-65.0,-24.0,1.0,-0.0,47.0,-95.017,-95.017,-95.017,0.0,0.0,-0.0,32.0,-69.756,-70.244,-70.244,8.0,0.0,-0.0,34.0,-33.196,-33.196,-33.196,0.0,0.0,-0.001,34.0
1.5174,0,approach,-90.0,12.2,5.528,5.4,5.4,8.0,0.0,-0.0,35.0,-100.0,-100.0,-100.0,-8.0,0.0,-0.0,33.0,-94.595,-90.0,-93.938,-32.0,2.0,4.597,32.0,-65.467,-65.0,-65.0,-24.0,1.0,-0.0,47.0,-95.017,-95.017,-95.017,0.0,0.0,-0.0,32.0,-69.756,-70.244,-70.244,8.0,0.0,-0.0,34.0,-33.196,-33.196,-33.196,0.0,0.0,-0.001,34.0
1.5706,0,approach,-90.0,12.2,5.528,5.4,5.4,8.0,0.0,-0.0,35.0,-100.0,-100.0,-100.0,-8.0,0.0,-0.0,33.0,-94.452,-90.0,-93.725,-32.0,2.0,3.382,32.0,-65.467,-65.0,-65.0,-24.0,1.0,-0.0,47.0,-95.017,-95.017,-95.017,0.0,0.0,-0.0,32.0,-69.756,-70.244,-70.244,8.0,0.0,-0.0,34.0,-33.196,-33.196,-33.196,0.0,0.0,-0.0,34.0
1.6236,0,approach,-90.0,12.2,5.528,5.4,5.4,8.0,0.0,-0.0,35.0,-100.0,-100.0,-100.0,-8.0,0.0,-0.0,33.0,-94.168,-90.0,-93.491,-32.0,2.0,3.818,32.0,-65.467,-65.0,-65.0,-24.0,1.0,-0.0,46.0,-95.017,-95.017,-95.017,0.0,0.0,-0.0,33.0,-69.756,-70.244,-70.244,8.0,0.0,-0.0,34.0,-33.196,-33.196,-33.196,0.0,0.0,-0.0,34.0
1.6766,0,approach,-90.0,12.2,5.528,5.4,5.4,8.0,0.0,-0.0,35.0,-100.0,-100.0,-100.0,-8.0,0.0,-0.0,33.0,-94.026,-90.0,-93.277,-32.0,2.0,3.45,32.0,-65.467,-65.0,-65.0,-24.0,1.0,-0.0,46.0,-95.017,-95.017,-95.017,0.0,0.0,-0.0,33.0,-69.756,-70.244,-70.244,8.0,0.0,-0.0,34.0,-33.196,-33.196,-33.196,0.0,0.0,-0.0,34.0
1.73,0,approach,-90.0,12.2,5.528,5.4,5.4,8.0,0.0,-0.0,35.0,-100.0,-100.0,-100.0,-8.0,0.0,-0.0,33.0,-93.741,-90.0,-93.061,-32.0,2.0,4.386,32.0,-65.467,-65.0,-65.0,-24.0,1.0,-0.0,46.0,-95.017,-95.017,-95.017,0.0,0.0,-0.0,33.0,-69.756,-70.244,-70.244,8.0,0.0,-0.0,34.0,-33.196,-33.196,-33.196,0.0,0.0,-0.0,34.0
1.7833,0,approach,-90.0,12.2,5.528,5.4,5.4,8.0,0.0,-0.0,35.0,-100.0,-100.0,-100.0,-8.0,0.0,-0.0,33.0,-93.599,-90.0,-92.847,-32.0,2.0,3.274,32.0,-65.467,-65.0,-65.0,-24.0,1.0,-0.0,46.0,-95.017,-95.017,-95.017,0.0,0.0,-0.0,33.0,-69.756,-70.244,-70.244,8.0,0.0,-0.0,34.0,-33.196,-33.196,-33.196,0.0,0.0,-0.0,34.0
1.8363,0,approach,-90.0,12.2,5.528,5.4,5.4,8.0,0.0,-0.0,35.0,-100.0,-100.0,-100.0,-8.0,0.0,-0.0,33.0,-93.314,-90.0,-92.634,-32.0,2.0,4.315,32.0,-65.467,-65.0,-65.0,-24.0,1.0,-0.0,46.0,-95.017,-95.017,-95.017,0.0,0.0,-0.0,33.0,-69.756,-70.244,-70.244,8.0,0.0,-0.0,34.0,-33.196,-33.196,-33.196,0.0,0.0,-0.0,34.0
1.8894,0,approach,-90.0,12.2,5.528,5.4,5.4,8.0,0.0,-0.0,35.0,-100.0,-100.0,-100.0,-8.0,0.0,-0.0,33.0,-93.172,-90.0,-92.419,-32.0,2.0,3.227,32.0,-65.467,-65.0,-65.0,-24.0,1.0,-0.0,46.0,-95.017,-95.017,-95.017,0.0,0.0,-0.0,33.0,-69.756,-70.244,-70.244,8.0,0.0,-0.0,34.0,-33.196,-33.196,-33.196,0.0,0.0,-0.0,34.0
1.943,0,approach,-90.0,12.2,5.528,5.4,5.4,8.0,0.0,-0.0,35.0,-100.0,-100.0,-100.0,-8.0,0.0,-0.0,33.0,-92.888,-90.0,-92.205,-32.0,2.0,4.291,32.0,-65.467,-65.0,-65.0,-24.0,1.0,-0.0,46.0,-95.017,-95.017,-95.017,0.0,0.0,-0.0,33.0,-69.756,-70.244,-70.244,8.0,0.0,-0.0,34.0,-33.196,-33.196,-33.196,0.0,0.0,-0.0,34.0
1.9963,0,approach,-90.0,12.2,5.528,5.4,5.4,8.0,0.0,-0.0,35.0,-100.0,-100.0,-100.0,-8.0,0.0,-0.0,33.0,-92.745,-90.0,-91.987,-32.0,2.0,3.196,32.0,-65.467,-65.0,-65.0,-24.0,1.0,-0.0,46.0,-95.017,-95.017,-95.017,0.0,0.0,-0.0,33.0,-69.756,-70.244,-70.244,8.0,0.0,-0.0,34.0,-32.99,-33.196,-33.196,0.0,0.0,1.585,34.0
2.0491,0,approach,-90.0,12.2,5.528,5.4,5.4,8.0,0.0,-0.0,35.0,-100.0,-100.0,-100.0,-8.0,0.0,-0.0,33.0,-92.461,-90.0,-91.77,-32.0,2.0,4.214,32.0,-65.467,-65.0,-65.0,-24.0,1.0,-0.0,46.0,-95.017,-95.017,-95.017,0.0,0.0,-0.0,33.0,-69.756,-70.244,-70.244,8.0,0.0,-0.0,34.0,-32.99,-33.196,-33.196,0.0,0.0,0.777,34.0
2.1021,0,approach,-90.0,12.2,5.528,5.4,5.4,8.0,0.0,-0.0,35.0,-100.0,-100.0,-100.0,-8.0,0.0,-0.0,33.0,-92.319,-90.0,-91.553,-32.0,2.0,3.179,32.0,-65.467,-65.0,-65.0,-24.0,1.0,-0.0,46.0,-95.017,-95.017,-95.017,0.0,0.0,-0.0,33.0,-69.756,-70.244,-70.244,8.0,0.0,-0.0,34.0,-32.99,-33.196,-33.196,0.0,0.0,0.381,34.0
2.1544,0,approach,-90.0,12.2,5.528,5.4,5.4,8.0,0.0,-0.0,35.0,-100.0,-100.0,-100.0,-8.0,0.0,-0.0,33.0,-92.176,-90.0,-91.446,-32.0,2.0,3.828,32.0,-65.467,-65.0,-65.0,-24.0,1.0,-0.0,46.0,-95.017,-95.017,-95.017,0.0,0.0,-0.0,33.0,-69.756,-70.244,-70.244,8.0,0.0,-0.0,34.0,-32.99,-33.196,-33.196,0.0,0.0,0.266,34.0
2.2077,0,approach,-90.0,12.2,5.528,5.4,5.4,8.0,0.0,-0.0,35.0,-100.0,-100.0,-100.0,-8.0,0.0,-0.0,33.0,-91.892,-90.0,-91.104,-32.0,2.0,4.127,32.0,-65.467,-65.0,-65.0,-24.0,1.0,-0.0,47.0,-95.017,-95.017,-95.017,0.0,0.0,-0.0,33.0,-69.756,-70.244,-70.244,8.0,0.0,-0.0,34.0,-32.99,-33.196,-33.196,8.0,0.0,0.186,34.0
2.2613,0,approach,-90.0,12.2,5.528,5.4,5.4,8.0,0.0,-0.0,35.0,-100.0,-100.0,-100.0,-8.0,0.0,-0.0,33.0,-91.75,-90.0,-90.885,-32.0,2.0,3.634,32.0,-65.467,-65.0,-65.0,-24.0,1.0,-0.0,47.0,-95.017,-95.017,-95.017,0.0,0.0,-0.0,33.0,-69.756,-70.244,-70.244,8.0,0.0,-0.0,34.0,-32.99,-33.196,-33.196,8.0,0.0,0.091,34.0
2.3144,0,approach,-90.0,12.2,5.528,5.4,5.4,8.0,0.0,-0.0,35.0,-100.0,-100.0,-100.0,-8.0,0.0,-0.0,33.0,-91.465,-90.0,-90.777,-32.0,2.0,4.481,32.0,-65.467,-65.0,-65.0,-24.0,1.0,-0.0,47.0,-95.017,-95.017,-95.017,0.0,0.0,-0.0,33.0,-69.756,-70.244,-70.244,8.0,0.0,-0.0,34.0,-32.99,-33.196,-33.196,8.0,0.0,0.045,34.0
2.368,0,approach,-90.0,12.2,5.528,5.4,5.4,8.0,0.0,-0.0,35.0,-100.0,-100.0,-100.0,-8.0,0.0,-0.0,33.0,-91.181,-90.0,-90.551,-32.0,2.0,4.775,32.0,-65.467,-65.0,-65.0,-24.0,1.0,-0.0,47.0,-95.017,-95.017,-95.017,0.0,0.0,-0.0,33.0,-69.756,-70.244,-70.244,8.0,0.0,-0.0,34.0,-32.99,-33.196,-33.196,8.0,0.0,0.022,34.0
2.4205,0,approach,-90.0,12.2,5.528,5.4,5.4,8.0,0.0,-0.0,35.0,-100.0,-100.0,-100.0,-8.0,0.0,-0.0,33.0,-91.038,-90.0,-90.336,-32.0,2.0,3.948,32.0,-65.467,-65.0,-65.0,-24.0,1.0,-0.0,47.0,-95.017,-95.017,-95.017,0.0,0.0,-0.0,33.0,-69.756,-70.244,-70.244,8.0,0.0,-0.0,34.0,-32.99,-33.196,-33.196,8.0,0.0,0.011,34.0
2.4739,0,approach,-90.0,12.2,5.528,5.4,5.4,8.0,0.0,-0.0,35.0,-100.0,-100.0,-100.0,-8.0,0.0,-0.0,33.0,-90.896,-90.0,-90.123,-32.0,2.0,3.051,32.0,-65.467,-65.0,-65.0,-24.0,1.0,-0.0,47.0,-95.017,-95.017,-95.017,0.0,0.0,-0.0,33.0,-69.756,-70.244,-70.244,8.0,0.0,-0.0,34.0,-32.99,-33.196,-33.196,8.0,0.0,0.005,34.0
2.5266,0,approach,-90.0,12.2,5.528,5.4,5.4,8.0,0.0,-0.0,35.0,-100.0,-100.0,-100.0,-8.0,0.0,-0.0,33.0,-90.612,-90.0,-90.0,-32.0,2.0,4.194,32.0,-65.467,-65.0,-65.0,-24.0,1.0,-0.0,47.0,-95.017,-95.017,-95.017,0.0,0.0,-0.0,33.0,-69.756,-70.244,-70.244,8.0,0.0,-0.0,34.0,-32.99,-33.196,-33.196,8.0,0.0,0.003,34.0
2.5802,0,approach,-90.0,12.2,5.528,5.4,5.4,8.0,0.0,-0.0,35.0,-100.0,-100.0,-100.0,-8.0,0.0,-0.0,33.0,-90.469,-90.0,-90.0,-32.0,2.0,3.182,32.0,-65.467,-65.0,-65.0,-24.0,1.0,-0.0,47.0,-95.017,-95.017,-95.017,0.0,0.0,-0.0,33.0,-69.756,-70.244,-70.244,8.0,0.0,-0.0,34.0,-32.99,-33.196,-33.196,8.0,0.0,0.001,34.0
2.6333,0,approach,-90.0,12.2,5.528,5.4,5.4,8.0,0.0,-0.0,35.0,-100.0,-100.0,-100.0,-8.0,0.0,-0.0,33.0,-90.327,-90.0,-90.0,-32.0,2.0,2.67,32.0,-65.467,-65.0,-65.0,-24.0,1.0,-0.0,47.0,-95.017,-95.017,-95.017,0.0,0.0,-0.0,33.0,-69.756,-70.244,-70.244,8.0,0.0,-0.0,34.0,-32.99,-33.196,-33.196,8.0,0.0,0.001,34.0
2.6866,0,approach,-90.0,12.2,5.528,5.4,5.4,8.0,0.0,-0.0,35.0,-100.0,-100.0,-100.0,-8.0,0.0,-0.0,33.0,-90.327,-90.0,-90.0,-32.0,2.0,1.308,32.0,-65.467,-65.0,-65.0,-24.0,1.0,-0.0,47.0,-95.017,-95.017,-95.017,0.0,0.0,-0.0,33.0,-69.756,-70.244,-70.244,8.0,0.0,-0.0,34.0,-32.99,-33.196,-33.196,8.0,0.0,0.0,34.0
2.7389,0,approach,-90.0,12.2,5.528,5.4,5.4,8.0,0.0,-0.0,35.0,-100.0,-100.0,-100.0,-8.0,0.0,-0.0,33.0,-90.327,-90.0,-90.0,-16.0,1.0,0.916,32.0,-65.467,-65.0,-65.0,-24.0,1.0,-0.0,47.0,-95.017,-95.017,-95.017,0.0,0.0,-0.0,33.0,-69.756,-70.244,-70.244,8.0,0.0,-0.0,34.0,-33.196,-33.196,-33.196,0.0,0.0,-2.31,34.0
2.7919,0,approach,-90.0,12.2,5.528,5.4,5.4,8.0,0.0,-0.0,35.0,-100.0,-100.0,-100.0,-8.0,0.0,-0.0,33.0,-90.327,-90.0,-90.0,-16.0,1.0,0.449,32.0,-65.467,-65.0,-65.0,-24.0,1.0,-0.0,47.0,-95.017,-95.017,-95.017,0.0,0.0,-0.0,33.0,-69.756,-70.244,-70.244,8.0,0.0,-0.0,34.0,-33.196,-33.196,-33.196,0.0,0.0,-1.132,34.0
2.8452,0,approach,-90.0,12.2,5.528,5.4,5.4,8.0,0.0,-0.0,35.0,-100.0,-100.0,-100.0,-8.0,0.0,-0.0,33.0,-90.327,-90.0,-90.0,-16.0,1.0,0.22,32.0,-65.467,-65.0,-65.0,-24.0,1.0,-0.0,47.0,-95.017,-95.017,-95.017,0.0,0.0,-0.0,33.0,-69.756,-70.244,-70.244,8.0,0.0,-0.0,34.0,-33.196,-33.196,-33.196,0.0,0.0,-0.555,34.0
2.898,0,approach,-90.0,12.2,5.528,5.4,5.4,8.0,0.0,-0.0,35.0,-100.0,-100.0,-100.0,-8.0,0.0,-0.0,33.0,-90.327,-90.0,-90.0,-16.0,1.0,0.108,32.0,-65.467,-65.0,-65.0,-24.0,1.0,-0.0,47.0,-95.017,-95.017,-95.017,0.0,0.0,-0.0,33.0,-69.756,-70.244,-70.244,8.0,0.0,-0.0,34.0,-33.196,-33.196,-33.196,0.0,0.0,-0.272,34.0
2.9505,0,approach,-90.0,12.2,5.528,5.4,5.4,8.0,0.0,-0.0,35.0,-100.0,-100.0,-100.0,-8.0,0.0,-0.0,33.0,-90.327,-90.0,-90.0,-16.0,1.0,0.053,32.0,-65.467,-65.0,-65.0,-24.0,1.0,-0.0,47.0,-95.017,-95.017,-95.017,0.0,0.0,-0.0,33.0,-69.756,-70.244,-70.244,8.0,0.0,-0.0,34.0,-33.196,-33.196,-33.196,0.0,0.0,-0.133,34.0
3.004,0,approach,-90.0,12.2,5.528,5.4,5.4,8.0,0.0,-0.0,35.0,-100.0,-100.0,-100.0,-8.0,0.0,-0.0,33.0,-90.327,-90.0,-90.0,-16.0,1.0,0.026,32.0,-65.467,-65.0,-65.0,-24.0,1.0,-0.0,47.0,-95.017,-95.017,-95.017,0.0,0.0,-0.0,33.0,-69.756,-70.244,-70.244,8.0,0.0,-0.0,34.0,-33.196,-33.196,-33.196,0.0,0.0,-0.065,34.0
3.0564,0,approach,-90.0,12.2,5.528,5.4,5.4,8.0,0.0,-0.0,35.0,-100.0,-100.0,-100.0,-8.0,0.0,-0.0,33.0,-90.327,-90.0,-90.0,-16.0,1.0,0.013,32.0,-65.467,-65.0,-65.0,-24.0,1.0,-0.0,47.0,-95.017,-95.017,-95.017,0.0,0.0,-0.0,33.0,-69.756,-70.244,-70.244,8.0,0.0,-0.0,34.0,-33.196,-33.196,-33.196,0.0,0.0,-0.032,34.0
3.1096,0,approach,-90.0,12.2,5.528,5.4,5.4,8.0,0.0,-0.0,35.0,-100.0,-100.0,-100.0,-8.0,0.0,-0.0,33.0,-90.327,-90.0,-90.0,-16.0,1.0,0.006,32.0,-65.467,-65.0,-65.0,-24.0,1.0,-0.0,47.0,-95.017,-95.017,-95.017,0.0,0.0,-0.0,33.0,-69.756,-70.244,-70.244,8.0,0.0,-0.0,34.0,-33.196,-33.196,-33.196,0.0,0.0,-0.016,34.0
3.1628,0,approach,-90.0,12.2,5.528,5.4,5.4,8.0,0.0,-0.0,35.0,-100.0,-100.0,-100.0,-8.0,0.0,-0.0,33.0,-90.327,-90.0,-90.0,-16.0,1.0,0.003,32.0,-65.467,-65.0,-65.0,-24.0,1.0,-0.0,47.0,-95.017,-95.017,-95.017,0.0,0.0,-0.0,33.0,-69.756,-70.244,-70.244,8.0,0.0,-0.0,34.0,-33.196,-33.196,-33.196,0.0,0.0,-0.008,34.0
3.2162,0,approach,-90.0,12.2,5.528,5.4,5.4,8.0,0.0,-0.0,35.0,-100.0,-100.0,-100.0,-8.0,0.0,-0.0,33.0,-90.327,-90.0,-90.0,-16.0,1.0,0.001,32.0,-65.467,-65.0,-65.0,-24.0,1.0,-0.0,47.0,-95.017,-95.017,-95.017,0.0,0.0,-0.0,33.0,-69.756,-70.244,-70.244,8.0,0.0,-0.0,34.0,-33.196,-33.196,-33.196,0.0,0.0,-0.004,34.0
3.2702,0,approach,-90.0,12.2,5.528,5.4,5.4,8.0,0.0,-0.0,35.0,-100.0,-100.0,-100.0,-8.0,0.0,-0.0,33.0,-90.327,-90.0,-90.0,-16.0,1.0,0.001,32.0,-65.467,-65.0,-65.0,-24.0,1.0,-0.0,47.0,-95.017,-95.017,-95.017,0.0,0.0,-0.0,33.0,-69.756,-70.244,-70.244,8.0,0.0,-0.0,34.0,-33.196,-33.196,-33.196,0.0,0.0,-0.002,34.0
3.3233,0,approach,-90.0,12.2,5.528,5.4,5.4,8.0,0.0,-0.0,35.0,-100.0,-100.0,-100.0,-8.0,0.0,-0.0,33.0,-90.327,-90.0,-90.0,-16.0,0.0,0.001,32.0,-65.467,-65.0,-65.0,-24.0,1.0,-0.0,47.0,-95.017,-95.017,-95.017,0.0,0.0,-0.0,33.0,-69.756,-70.244,-70.244,8.0,0.0,-0.0,34.0,-33.196,-33.196,-33.196,0.0,0.0,-0.002,34.0
3.3753,0,approach,-90.0,12.2,5.528,5.4,5.4,8.0,0.0,-0.0,35.0,-100.0,-100.0,-100.0,-8.0,0.0,-0.0,33.0,-90.327,-90.0,-90.0,-16.0,0.0,0.0,32.0,-65.467,-65.0,-65.0,-24.0,1.0,-0.0,47.0,-95.017,-95.017,-95.017,0.0,0.0,-0.0,33.0,-69.756,-70.244,-70.244,8.0,0.0,-0.0,34.0,-33.196,-33.196,-33.196,0.0,0.0,-0.001,34.0
3.4278,0,approach,-90.0,12.2,5.528,5.4,5.4,8.0,0.0,-0.0,35.0,-100.0,-100.0,-100.0,-8.0,0.0,-0.0,33.0,-90.327,-90.0,-90.0,-16.0,0.0,0.0,32.0,-65.467,-65.0,-65.0,-24.0,1.0,-0.0,47.0,-95.017,-95.017,-95.017,0.0,0.0,-0.0,33.0,-69.756,-70.244,-70.244,8.0,0.0,-0.0,34.0,-33.196,-33.196,-33.196,0.0,0.0,-0.0,34.0
3.4803,0,approach,-90.0,12.2,5.528,5.4,5.4,8.0,0.0,-0.0,35.0,-100.0,-100.0,-100.0,-8.0,0.0,-0.0,33.0,-90.327,-90.0,-90.0,-16.0,0.0,0.0,32.0,-65.467,-65.0,-65.0,-24.0,1.0,-0.0,47.0,-95.017,-95.017,-95.017,0.0,0.0,-0.0,33.0,-69.756,-70.244,-70.244,8.0,0.0,-0.0,34.0,-33.196,-33.196,-33.196,0.0,0.0,-0.0,34.0
3.5324,1,fwd,-60.0,12.2,5.528,5.4,5.4,8.0,0.0,-0.0,35.0,-100.0,-100.0,-100.0,-8.0,0.0,-0.0,33.0,-90.327,-60.0,-89.892,-16.0,0.0,0.0,32.0,-65.467,-65.0,-65.0,-24.0,1.0,-0.0,47.0,-95.017,-95.017,-95.017,0.0,0.0,-0.0,33.0,-69.756,-70.244,-70.244,8.0,0.0,-0.0,34.0,-33.196,-33.196,-33.196,0.0,0.0,-0.0,34.0
3.5857,1,fwd,-60.0,12.2,5.528,5.4,5.4,8.0,0.0,-0.0,35.0,-100.0,-100.0,-100.0,-8.0,0.0,-0.0,33.0,-90.327,-60.0,-89.678,-16.0,0.0,0.0,32.0,-65.467,-65.0,-65.0,-24.0,1.0,-0.0,47.0,-95.017,-95.017,-95.017,0.0,0.0,-0.0,33.0,-69.756,-70.244,-70.244,8.0,0.0,-0.0,34.0,-33.196,-33.196,-33.196,0.0,0.0,-0.0,34.0
3.6384,1,fwd,-60.0,12.2,5.528,5.4,5.4,8.0,0.0,-0.0,35.0,-100.0,-100.0,-100.0,-8.0,0.0,-0.0,33.0,-90.185,-60.0,-89.464,-16.0,0.0,1.607,32.0,-65.467,-65.0,-65.0,-24.0,1.0,-0.0,47.0,-95.017,-95.017,-95.017,0.0,0.0,-0.0,33.0,-69.756,-70.244,-70.244,8.0,0.0,-0.0,34.0,-33.196,-33.196,-33.196,0.0,0.0,-0.0,34.0
3.6902,1,fwd,-60.0,12.2,5.528,5.4,5.4,8.0,0.0,-0.0,35.0,-100.0,-100.0,-100.0,-8.0,0.0,-0.0,33.0,-89.9,-60.0,-89.252,-16.0,0.0,3.527,32.0,-65.467,-65.0,-65.0,-24.0,1.0,-0.0,47.0,-95.017,-95.017,-95.017,0.0,0.0,-0.0,33.0,-69.756,-70.244,-70.244,8.0,0.0,-0.0,34.0,-33.196,-33.196,-33.196,0.0,0.0,-0.0,34.0
3.7423,1,fwd,-60.0,12.2,5.528,5.4,5.4,8.0,0.0,-0.0,35.0,-100.0,-100.0,-100.0,-8.0,0.0,-0.0,33.0,-89.9,-60.0,-89.039,-16.0,0.0,1.728,32.0,-65.467,-65.0,-65.0,-24.0,1.0,-0.0,47.0,-95.017,-95.017,-95.017,0.0,0.0,-0.0,33.0,-69.756,-70.244,-70.244,8.0,0.0,-0.0,34.0,-33.196,-33.196,-33.196,0.0,0.0,-0.0,34.0
3.7953,1,fwd,-60.0,12.2,5.528,5.4,5.4,8.0,0.0,-0.0,35.0,-100.0,-100.0,-100.0,-8.0,0.0,-0.0,33.0,-89.474,-60.0,-88.827,-16.0,0.0,4.713,32.0,-65.467,-65.0,-65.0,-24.0,1.0,-0.0,47.0,-95.017,-95.017,-95.017,0.0,0.0,-0.0,33.0,-69.756,-70.244,-70.244,8.0,0.0,-0.0,34.0,-33.196,-33.196,-33.196,0.0,0.0,-0.0,34.0
3.8473,1,fwd,-60.0,12.2,5.528,5.4,5.4,8.0,0.0,-0.0,35.0,-100.0,-100.0,-100.0,-8.0,0.0,-0.0,33.0,-89.331,-60.0,-88.614,-16.0,0.0,3.91,32.0,-65.467,-65.0,-65.0,-24.0,1.0,-0.0,47.0,-95.017,-95.017,-95.017,0.0,0.0,-0.0,33.0,-69.756,-70.244,-70.244,8.0,0.0,-0.0,34.0,-33.196,-33.196,-33.196,0.0,0.0,-0.0,34.0
3.9016,1,fwd,-60.0,12.2,5.528,5.4,5.4,8.0,0.0,-0.0,35.0,-100.0,-100.0,-100.0,-8.0,0.0,-0.0,33.0,-89.047,-60.0,-88.371,-32.0,2.0,4.134,32.0,-65.467,-65.0,-65.0,-24.0,0.0,-0.0,47.0,-95.017,-95.017,-95.017,0.0,0.0,-0.0,33.0,-69.756,-70.244,-70.244,8.0,0.0,-0.0,34.0,-33.196,-33.196,-33.196,0.0,0.0,-0.0,34.0
3.9548,1,fwd,-60.0,12.2,5.528,5.4,5.4,8.0,0.0,-0.0,35.0,-100.0,-100.0,-100.0,-8.0,0.0,-0.0,33.0,-88.905,-60.0,-88.155,-32.0,2.0,3.61,32.0,-65.467,-65.0,-65.0,-24.0,0.0,-0.0,47.0,-95.017,-95.017,-95.017,0.0,0.0,-0.0,33.0,-69.756,-70.244,-70.244,8.0,0.0,-0.0,34.0,-33.196,-33.196,-33.196,0.0,0.0,-0.0,34.0
4.0082,1,fwd,-60.0,12.2,5.528,5.4,5.4,8.0,0.0,-0.0,35.0,-100.0,-100.0,-100.0,-8.0,0.0,-0.0,33.0,-88.62,-60.0,-87.94,-32.0,2.0,4.458,32.0,-65.467,-65.0,-65.0,-24.0,0.0,-0.0,47.0,-95.017,-95.017,-95.017,0.0,0.0,-0.0,33.0,-69.756,-70.244,-70.244,8.0,0.0,-0.0,34.0,-33.196,-33.196,-33.196,0.0,0.0,-0.0,34.0
4.0621,1,fwd,-60.0,12.2,5.528,5.4,5.4,8.0,0.0,-0.0,35.0,-100.0,-100.0,-100.0,-8.0,0.0,-0.0,33.0,-88.478,-60.0,-87.724,-32.0,2.0,3.292,32.0,-65.467,-65.0,-65.0,-24.0,0.0,-0.0,47.0,-95.017,-95.017,-95.017,0.0,0.0,-0.0,33.0,-69.756,-70.244,-70.244,8.0,0.0,-0.0,34.0,-33.196,-33.196,-33.196,0.0,0.0,-0.0,34.0
4.115,1,fwd,-60.0,12.2,5.528,5.4,5.4,8.0,0.0,-0.0,35.0,-100.0,-100.0,-100.0,-8.0,0.0,-0.0,33.0,-88.193,-60.0,-87.51,-32.0,2.0,4.278,32.0,-65.467,-65.0,-65.0,-24.0,0.0,-0.0,47.0,-95.017,-95.017,-95.017,0.0,0.0,-0.0,33.0,-69.756,-70.244,-70.244,8.0,0.0,-0.0,34.0,-33.196,-33.196,-33.196,0.0,0.0,-0.0,34.0
4.1682,1,fwd,-60.0,12.2,5.528,5.4,5.4,8.0,0.0,-0.0,35.0,-100.0,-100.0,-100.0,-8.0,0.0,-0.0,33.0,-88.051,-60.0,-87.294,-32.0,2.0,3.219,32.0,-65.467,-65.0,-65.0,-24.0,0.0,-0.0,47.0,-95.017,-95.017,-95.017,0.0,0.0,-0.0,33.0,-69.756,-70.244,-70.244,8.0,0.0,-0.0,34.0,-33.196,-33.196,-33.196,0.0,0.0,-0.0,34.0
4.2212,1,fwd,-60.0,12.2,5.528,5.4,5.4,8.0,0.0,-0.0,35.0,-100.0,-100.0,-100.0,-8.0,0.0,-0.0,33.0,-87.767,-60.0,-87.079,-32.0,2.0,4.289,32.0,-65.467,-65.0,-65.0,-24.0,0.0,-0.0,47.0,-95.017,-95.017,-95.017,0.0,0.0,-0.0,33.0,-69.756,-70.244,-70.244,8.0,0.0,-0.0,34.0,-33.196,-33.196,-33.196,0.0,0.0,-0.0,34.0
4.2741,1,fwd,-60.0,12.2,5.528,5.4,5.4,8.0,0.0,-0.0,35.0,-100.0,-100.0,-100.0,-8.0,0.0,-0.0,33.0,-87.624,-60.0,-86.866,-32.0,2.0,4.606,32.0,-65.467,-65.0,-65.0,-24.0,0.0,-0.0,47.0,-95.017,-95.017,-95.017,0.0,0.0,-0.0,33.0,-69.756,-70.244,-70.244,8.0,0.0,-0.0,34.0,-33.196,-33.196,-33.196,0.0,0.0,-0.0,34.0
4.3273,1,fwd,-60.0,12.2,5.528,5.4,5.4,8.0,0.0,-0.0,35.0,-100.0,-100.0,-100.0,-8.0,0.0,-0.0,33.0,-87.482,-60.0,-86.643,-32.0,2.0,3.866,32.0,-65.467,-65.0,-65.0,-24.0,0.0,-0.0,47.0,-95.017,-95.017,-95.017,0.0,0.0,-0.0,33.0,-69.756,-70.244,-70.244,8.0,0.0,-0.0,34.0,-33.196,-33.196,-33.196,0.0,0.0,-0.0,34.0
4.3795,1,fwd,-60.0,12.2,5.528,5.4,5.4,8.0,0.0,-0.0,35.0,-100.0,-100.0,-100.0,-8.0,0.0,-0.0,33.0,-87.198,-60.0,-86.526,-32.0,2.0,4.523,32.0,-65.467,-65.0,-65.0,-24.0,0.0,-0.0,47.0,-95.017,-95.017,-95.017,0.0,0.0,-0.0,33.0,-69.756,-70.244,-70.244,8.0,0.0,-0.0,34.0,-33.196,-33.196,-33.196,0.0,0.0,-0.0,34.0
4.4327,1,fwd,-60.0,12.2,5.528,5.4,5.4,8.0,0.0,-0.0,35.0,-100.0,-100.0,-100.0,-8.0,0.0,-0.0,33.0,-87.055,-60.0,-86.3,-32.0,2.0,3.83,32.0,-65.467,-65.0,-65.0,-24.0,0.0,-0.0,47.0,-95.017,-95.017,-95.017,0.0,0.0,-0.0,33.0,-69.756,-70.244,-70.244,8.0,0.0,-0.0,34.0,-33.196,-33.196,-33.196,0.0,0.0,-0.0,34.0
4.4861,1,fwd,-60.0,12.2,5.528,5.4,5.4,8.0,0.0,-0.0,35.0,-100.0,-100.0,-100.0,-8.0,0.0,-0.0,33.0,-86.771,-60.0,-86.061,-32.0,2.0,4.101,32.0,-65.467,-65.0,-65.0,-24.0,1.0,-0.0,46.0,-95.017,-95.017,-95.017,0.0,0.0,-0.0,32.0,-69.756,-70.244,-70.244,8.0,1.0,-0.0,34.0,-33.196,-33.196,-33.196,0.0,0.0,-0.0,34.0
4.5391,1,fwd,-60.0,12.2,5.528,5.4,5.4,8.0,0.0,-0.0,35.0,-100.0,-100.0,-100.0,-8.0,0.0,-0.0,33.0,-86.629,-60.0,-85.847,-32.0,2.0,3.605,32.0,-65.467,-65.0,-65.0,-24.0,1.0,-0.0,46.0,-95.017,-95.017,-95.017,0.0,0.0,-0.0,32.0,-69.756,-70.244,-70.244,8.0,1.0,-0.0,34.0,-33.196,-33.196,-33.196,0.0,0.0,-0.0,34.0
4.5913,1,fwd,-60.0,12.2,5.528,5.4,5.4,8.0,0.0,-0.0,35.0,-100.0,-100.0,-100.0,-8.0,0.0,-0.0,33.0,-86.344,-60.0,-85.633,-32.0,2.0,4.476,32.0,-65.467,-65.0,-65.0,-24.0,1.0,-0.0,46.0,-95.017,-95.017,-95.017,0.0,0.0,-0.0,32.0,-69.756,-70.244,-70.244,8.0,1.0,-0.0,34.0,-33.196,-33.196,-33.196,0.0,0.0,-0.0,34.0
4.6434,1,fwd,-60.0,12.2,5.528,5.4,5.4,8.0,0.0,-0.0,35.0,-100.0,-100.0,-100.0,-8.0,0.0,-0.0,33.0,-86.202,-60.0,-85.419,-32.0,2.0,3.306,32.0,-65.467,-65.0,-65.0,-24.0,1.0,-0.0,46.0,-95.017,-95.017,-95.017,0.0,0.0,-0.0,32.0,-69.756,-70.244,-70.244,8.0,1.0,-0.0,34.0,-33.196,-33.196,-33.196,0.0,0.0,-0.0,34.0
4.6962,1,fwd,-60.0,12.2,5.528,5.4,5.4,8.0,0.0,-0.0,35.0,-100.0,-100.0,-100.0,-8.0,0.0,-0.0,33.0,-85.917,-60.0,-85.206,-32.0,2.0,4.356,32.0,-65.467,-65.0,-65.0,-24.0,1.0,-0.0,46.0,-95.017,-95.017,-95.017,0.0,0.0,-0.0,32.0,-69.756,-70.244,-70.244,8.0,1.0,-0.0,34.0,-33.196,-33.196,-33.196,0.0,0.0,-0.0,34.0
4.7493,1,fwd,-60.0,12.2,5.528,5.4,5.4,8.0,0.0,-0.0,35.0,-100.0,-100.0,-100.0,-8.0,0.0,-0.0,33.0,-85.775,-60.0,-84.994,-32.0,2.0,3.737,32.0,-65.467,-65.0,-65.0,-24.0,1.0,-0.0,46.0,-95.017,-95.017,-95.017,0.0,0.0,-0.0,32.0,-69.756,-70.244,-70.244,8.0,1.0,-0.0,34.0,-33.196,-33.196,-33.196,0.0,0.0,-0.0,34.0
4.8025,1,fwd,-60.0,12.2,5.528,5.4,5.4,8.0,0.0,-0.0,35.0,-100.0,-100.0,-100.0,-8.0,0.0,-0.0,33.0,-85.491,-60.0,-84.781,-32.0,2.0,4.548,32.0,-65.467,-65.0,-65.0,-24.0,1.0,-0.0,46.0,-95.017,-95.017,-95.017,0.0,0.0,-0.0,32.0,-69.756,-70.244,-70.244,8.0,1.0,-0.0,34.0,-33.196,-33.196,-33.196,0.0,0.0,-0.0,34.0
4.8557,1,fwd,-60.0,12.2,5.528,5.4,5.4,8.0,0.0,-0.0,35.0,-100.0,-100.0,-100.0,-8.0,0.0,-0.0,33.0,-85.349,-60.0,-84.567,-32.0,2.0,3.35,32.0,-65.467,-65.0,-65.0,-24.0,1.0,-0.0,46.0,-95.017,-95.017,-95.017,0.0,0.0,-0.0,32.0,-69.756,-70.244,-70.244,8.0,1.0,-0.0,34.0,-33.196,-33.196,-33.196,0.0,0.0,-0.0,34.0
4.9097,1,fwd,-60.0,12.2,5.528,5.4,5.4,8.0,0.0,-0.0,35.0,-100.0,-100.0,-100.0,-8.0,0.0,-0.0,33.0,-85.206,-60.0,-84.354,-32.0,2.0,2.755,32.0,-65.467,-65.0,-65.0,-24.0,1.0,-0.0,46.0,-95.017,-95.017,-95.017,0.0,0.0,-0.0,32.0,-69.756,-70.244,-70.244,8.0,1.0,-0.0,34.0,-33.196,-33.196,-33.196,0.0,0.0,-0.0,34.0
4.9628,1,fwd,-60.0,12.2,5.528,5.4,5.4,8.0,0.0,-0.0,35.0,-100.0,-100.0,-100.0,-8.0,0.0,-0.0,33.0,-84.922,-60.0,-84.142,-32.0,2.0,3.605,32.0,-65.467,-65.0,-65.0,-24.0,1.0,-0.0,46.0,-95.017,-95.017,-95.017,0.0,0.0,-0.0,32.0,-69.756,-70.244,-70.244,8.0,1.0,-0.0,34.0,-33.196,-33.196,-33.196,0.0,0.0,-0.0,34.0
5.0157,1,fwd,-60.0,12.2,5.528,5.4,5.4,8.0,0.0,-0.0,35.0,-100.0,-100.0,-100.0,-8.0,0.0,-0.0,33.0,-84.922,-60.0,-84.034,-32.0,1.0,2.523,32.0,-65.467,-65.0,-65.0,-24.0,0.0,-0.0,47.0,-95.017,-95.017,-95.017,0.0,0.0,-0.0,33.0,-69.756,-70.244,-70.244,8.0,0.0,-0.0,34.0,-33.196,-33.196,-33.196,0.0,0.0,-0.0,34.0
5.0688,1,fwd,-60.0,12.2,5.528,5.4,5.4,8.0,0.0,-0.0,35.0,-100.0,-100.0,-100.0,-8.0,0.0,-0.0,33.0,-84.495,-60.0,-83.703,-32.0,1.0,2.827,32.0,-65.467,-65.0,-65.0,-24.0,0.0,-0.0,47.0,-95.017,-95.017,-95.017,0.0,0.0,-0.0,33.0,-69.756,-70.244,-70.244,8.0,0.0,-0.0,34.0,-33.196,-33.196,-33.196,0.0,0.0,-0.0,34.0
5.122,1,fwd,-60.0,12.2,5.528,5.4,5.4,8.0,0.0,-0.0,35.0,-100.0,-100.0,-100.0,-8.0,0.0,-0.0,33.0,-84.353,-60.0,-83.489,-32.0,1.0,2.502,32.0,-65.467,-65.0,-65.0,-24.0,0.0,-0.0,47.0,-95.017,-95.017,-95.017,0.0,0.0,-0.0,33.0,-69.756,-70.244,-70.244,8.0,0.0,-0.0,34.0,-32.99,-33.196,-33.196,0.0,0.0,2.327,34.0
5.1748,1,fwd,-60.0,12.2,5.528,5.4,5.4,8.0,0.0,-0.0,35.0,-100.0,-100.0,-100.0,-8.0,0.0,-0.0,33.0,-83.926,-60.0,-83.275,-32.0,1.0,5.039,32.0,-65.467,-65.0,-65.0,-24.0,0.0,-0.0,47.0,-95.017,-95.017,-95.017,0.0,0.0,-0.0,33.0,-69.756,-70.244,-70.244,8.0,0.0,-0.0,34.0,-32.99,-33.196,-33.196,0.0,0.0,1.14,34.0
5.2279,1,fwd,-60.0,12.2,5.528,5.4,5.4,8.0,0.0,-0.0,35.0,-100.0,-100.0,-100.0,-8.0,0.0,-0.0,33.0,-83.784,-60.0,-83.062,-32.0,1.0,4.079,32.0,-65.467,-65.0,-65.0,-24.0,0.0,-0.0,47.0,-95.017,-95.017,-95.017,0.0,0.0,-0.0,33.0,-69.756,-70.244,-70.244,8.0,0.0,-0.0,34.0,-32.99,-33.196,-33.196,0.0,0.0,0.559,34.0
5.2812,1,fwd,-60.0,12.2,5.528,5.4,5.4,8.0,0.0,-0.0,35.0,-100.0,-100.0,-100.0,-8.0,0.0,-0.0,33.0,-83.499,-60.0,-82.85,-32.0,1.0,4.712,32.0,-65.467,-65.0,-65.0,-24.0,0.0,-0.0,47.0,-95.017,-95.017,-95.017,0.0,0.0,-0.0,33.0,-69.756,-70.244,-70.244,8.0,0.0,-0.0,34.0,-32.99,-33.196,-33.196,0.0,0.0,0.274,34.0
5.3341,1,fwd,-60.0,12.2,5.528,5.4,5.4,8.0,0.0,-0.0,35.0,-100.0,-100.0,-100.0,-8.0,0.0,-0.0,33.0,-83.357,-60.0,-82.636,-32.0,1.0,3.907,32.0,-65.467,-65.0,-65.0,-24.0,0.0,-0.0,47.0,-95.017,-95.017,-95.017,0.0,0.0,-0.0,33.0,-69.756,-70.244,-70.244,8.0,0.0,-0.0,34.0,-33.196,-33.196,-33.196,0.0,0.0,-2.182,34.0
5.3869,1,fwd,-60.0,12.2,5.528,5.4,5.4,8.0,0.0,-0.0,35.0,-100.0,-100.0,-100.0,-8.0,0.0,-0.0,33.0,-83.215,-60.0,-82.423,-32.0,1.0,3.515,32.0,-65.467,-65.0,-65.0,-24.0,0.0,-0.0,47.0,-95.017,-95.017,-95.017,0.0,0.0,-0.0,33.0,-69.756,-70.244,-70.244,8.0,0.0,-0.0,34.0,-33.196,-33.196,-33.196,0.0,0.0,-1.069,34.0
5.4398,1,fwd,-60.0,12.2,5.528,5.4,5.4,8.0,0.0,-0.0,35.0,-100.0,-100.0,-100.0,-8.0,0.0,-0.0,33.0,-83.073,-60.0,-82.209,-32.0,1.0,2.84,32.0,-65.467,-65.0,-65.0,-24.0,0.0,-0.0,47.0,-95.017,-95.017,-95.017,0.0,0.0,-0.0,33.0,-69.756,-70.244,-70.244,8.0,0.0,-0.0,34.0,-33.196,-33.196,-33.196,0.0,0.0,-0.524,34.0
5.4926,1,fwd,-60.0,12.2,5.528,5.4,5.4,8.0,0.0,-0.0,35.0,-100.0,-100.0,-100.0,-8.0,0.0,-0.0,33.0,-82.788,-60.0,-81.996,-32.0,1.0,4.115,32.0,-65.467,-65.0,-65.0,-24.0,0.0,-0.0,47.0,-95.017,-95.017,-95.017,0.0,0.0,-0.0,33.0,-69.756,-70.244,-70.244,8.0,0.0,-0.0,34.0,-33.196,-33.196,-33.196,0.0,0.0,-0.257,34.0
5.5444,1,fwd,-60.0,12.2,5.528,5.4,5.4,8.0,0.0,-0.0,35.0,-100.0,-100.0,-100.0,-8.0,0.0,-0.0,33.0,-82.646,-60.0,-81.783,-32.0,1.0,4.478,32.0,-65.467,-65.0,-65.0,-24.0,0.0,-0.0,47.0,-95.017,-95.017,-95.017,0.0,0.0,-0.0,33.0,-69.756,-70.244,-70.244,8.0,0.0,-0.0,34.0,-33.196,-33.196,-33.196,0.0,0.0,-0.18,34.0
5.5976,1,fwd,-60.0,12.2,5.528,5.4,5.4,8.0,0.0,-0.0,35.0,-100.0,-100.0,-100.0,0.0,0.0,-0.0,33.0,-82.646,-60.0,-81.783,-32.0,1.0,3.135,32.0,-65.467,-65.0,-65.0,-24.0,1.0,-0.0,46.0,-95.017,-95.017,-95.017,0.0,0.0,-0.0,32.0,-69.756,-70.244,-70.244,8.0,0.0,-0.0,34.0,-33.196,-33.196,-33.196,0.0,0.0,-0.126,34.0
5.6509,1,fwd,-60.0,12.2,5.528,5.4,5.4,8.0,0.0,-0.0,35.0,-100.0,-100.0,-100.0,0.0,0.0,-0.0,33.0,-82.219,-60.0,-81.427,-32.0,1.0,4.141,32.0,-65.467,-65.0,-65.0,-24.0,1.0,-0.0,46.0,-95.017,-95.017,-95.017,0.0,0.0,-0.0,32.0,-69.756,-70.244,-70.244,8.0,0.0,-0.0,34.0,-33.196,-33.196,-33.196,0.0,0.0,-0.062,34.0
5.7041,1,fwd,-60.0,12.2,5.528,5.4,5.4,8.0,0.0,-0.0,35.0,-100.0,-100.0,-100.0,0.0,0.0,-0.0,33.0,-82.077,-60.0,-81.214,-32.0,1.0,3.62,32.0,-65.467,-65.0,-65.0,-24.0,1.0,-0.0,46.0,-95.017,-95.017,-95.017,0.0,0.0,-0.0,32.0,-69.756,-70.244,-70.244,8.0,0.0,-0.0,34.0,-33.196,-33.196,-33.196,0.0,0.0,-0.03,34.0
5.7576,1,fwd,-60.0,12.2,5.528,5.4,5.4,8.0,0.0,-0.0,35.0,-100.0,-100.0,-100.0,0.0,0.0,-0.0,33.0,-81.792,-60.0,-81.0,-32.0,1.0,4.015,32.0,-65.467,-65.0,-65.0,-24.0,1.0,-0.0,46.0,-95.017,-95.017,-95.017,0.0,0.0,-0.0,32.0,-69.756,-70.244,-70.244,8.0,0.0,-0.0,34.0,-33.196,-33.196,-33.196,0.0,0.0,-0.015,34.0
5.811,1,fwd,-60.0,12.2,5.528,5.4,5.4,8.0,0.0,-0.0,35.0,-100.0,-100.0,-100.0,0.0,0.0,-0.0,33.0,-81.65,-60.0,-80.788,-32.0,1.0,3.095,32.0,-65.467,-65.0,-65.0,-24.0,1.0,-0.0,46.0,-95.017,-95.017,-95.017,0.0,0.0,-0.0,32.0,-69.756,-70.244,-70.244,8.0,0.0,-0.0,34.0,-33.196,-33.196,-33.196,0.0,0.0,-0.007,34.0
5.864,1,fwd,-60.0,12.2,5.528,5.4,5.4,8.0,0.0,-0.0,35.0,-100.0,-100.0,-100.0,0.0,0.0,-0.0,33.0,-81.223,-60.0,-80.576,-32.0,1.0,5.874,32.0,-65.467,-65.0,-65.0,-24.0,1.0,-0.0,46.0,-95.017,-95.017,-95.017,0.0,0.0,-0.0,32.0,-69.756,-70.244,-70.244,8.0,0.0,-0.0,34.0,-33.196,-33.196,-33.196,0.0,0.0,-0.004,34.0
5.9181,1,fwd,-60.0,12.2,5.528,5.4,5.4,8.0,0.0,-0.0,35.0,-100.0,-100.0,-100.0,0.0,0.0,-0.0,33.0,-81.081,-60.0,-80.359,-32.0,1.0,4.476,32.0,-65.467,-65.0,-65.0,-24.0,1.0,-0.0,46.0,-95.017,-95.017,-95.017,0.0,0.0,-0.0,32.0,-69.756,-70.244,-70.244,8.0,0.0,-0.0,34.0,-33.196,-33.196,-33.196,0.0,0.0,-0.002,34.0
5.9711,1,fwd,-60.0,12.2,5.528,5.4,5.4,8.0,0.0,-0.0,35.0,-100.0,-100.0,-100.0,0.0,0.0,-0.0,33.0,-80.939,-60.0,-80.147,-32.0,1.0,3.813,32.0,-65.467,-65.0,-65.0,-24.0,1.0,-0.0,46.0,-95.017,-95.017,-95.017,0.0,0.0,-0.0,32.0,-69.756,-70.244,-70.244,8.0,0.0,-0.0,34.0,-33.196,-33.196,-33.196,0.0,0.0,-0.001,34.0
6.024,1,fwd,-60.0,12.2,5.528,5.4,5.4,8.0,0.0,-0.0,35.0,-100.0,-100.0,-100.0,0.0,0.0,-0.0,33.0,-80.797,-60.0,-79.935,-32.0,1.0,2.989,32.0,-65.467,-65.0,-65.0,-24.0,1.0,-0.0,46.0,-95.017,-95.017,-95.017,0.0,0.0,-0.0,32.0,-69.756,-70.244,-70.244,8.0,0.0,-0.0,34.0,-33.196,-33.196,-33.196,0.0,0.0,-0.0,34.0
6.0767,1,fwd,-60.0,12.2,5.528,5.4,5.4,8.0,0.0,-0.0,35.0,-100.0,-100.0,-100.0,0.0,0.0,-0.0,33.0,-80.512,-60.0,-79.722,-32.0,1.0,4.186,32.0,-65.467,-65.0,-65.0,-24.0,1.0,-0.0,46.0,-95.017,-95.017,-95.017,0.0,0.0,-0.0,32.0,-69.756,-70.244,-70.244,8.0,0.0,-0.0,34.0,-33.196,-33.196,-33.196,0.0,0.0,-0.0,34.0
6.1301,1,fwd,-60.0,12.2,5.528,5.4,5.4,8.0,0.0,-0.0,35.0,-100.0,-100.0,-100.0,0.0,0.0,-0.0,33.0,-80.228,-60.0,-79.508,-32.0,1.0,4.775,32.0,-65.467,-65.0,-65.0,-24.0,1.0,-0.0,46.0,-95.017,-95.017,-95.017,0.0,0.0,-0.0,32.0,-69.756,-70.244,-70.244,8.0,0.0,-0.0,34.0,-33.196,-33.196,-33.196,0.0,0.0,-0.0,34.0
6.1833,1,fwd,-60.0,12.2,5.528,5.4,5.4,8.0,0.0,-0.0,35.0,-100.0,-100.0,-100.0,0.0,0.0,-0.0,33.0,-80.085,-60.0,-79.272,-32.0,3.0,4.063,32.0,-65.467,-65.0,-65.0,-24.0,1.0,-0.0,46.0,-95.017,-95.017,-95.017,0.0,0.0,-0.0,32.0,-69.756,-70.244,-70.244,8.0,0.0,-0.0,34.0,-33.196,-33.196,-33.196,0.0,0.0,-0.0,34.0
6.2362,1,fwd,-60.0,12.2,5.528,5.4,5.4,8.0,0.0,-0.0,35.0,-100.0,-100.0,-100.0,0.0,0.0,-0.0,33.0,-79.943,-60.0,-79.059,-32.0,3.0,3.113,32.0,-65.467,-65.0,-65.0,-24.0,1.0,-0.0,46.0,-95.017,-95.017,-95.017,0.0,0.0,-0.0,32.0,-69.756,-70.244,-70.244,8.0,0.0,-0.0,34.0,-33.196,-33.196,-33.196,0.0,0.0,-0.0,34.0
6.2892,1,fwd,-60.0,12.2,5.528,5.4,5.4,8.0,0.0,-0.0,35.0,-100.0,-100.0,-100.0,0.0,0.0,-0.0,33.0,-79.659,-60.0,-78.846,-32.0,3.0,4.257,32.0,-65.467,-65.0,-65.0,-24.0,1.0,-0.0,46.0,-95.017,-95.017,-95.017,0.0,0.0,-0.0,32.0,-69.756,-70.244,-70.244,8.0,0.0,-0.0,34.0,-33.196,-33.196,-33.196,0.0,0.0,-0.0,34.0
6.3422,1,fwd,-60.0,12.2,5.528,5.4,5.4,8.0,0.0,-0.0,35.0,-100.0,-100.0,-100.0,0.0,0.0,-0.0,33.0,-79.516,-60.0,-78.632,-32.0,3.0,3.192,32.0,-65.467,-65.0,-65.0,-24.0,1.0,-0.0,46.0,-95.017,-95.017,-95.017,0.0,0.0,-0.0,32.0,-69.756,-70.244,-70.244,8.0,0.0,-0.0,34.0,-33.196,-33.196,-33.196,0.0,0.0,-0.0,34.0
6.3951,1,fwd,-60.0,12.2,5.528,5.4,5.4,8.0,0.0,-0.0,35.0,-100.0,-100.0,-100.0,0.0,0.0,-0.0,33.0,-79.232,-60.0,-78.419,-32.0,3.0,4.294,32.0,-65.467,-65.0,-65.0,-24.0,1.0,-0.0,46.0,-95.017,-95.017,-95.017,0.0,0.0,-0.0,32.0,-69.756,-70.244,-70.244,8.0,0.0,-0.0,34.0,-33.196,-33.196,-33.196,0.0,0.0,-0.0,34.0
6.4482,1,fwd,-60.0,12.2,5.528,5.4,5.4,8.0,0.0,-0.0,35.0,-100.0,-100.0,-100.0,0.0,0.0,-0.0,33.0,-79.09,-60.0,-78.207,-32.0,3.0,3.72,32.0,-65.467,-65.0,-65.0,-24.0,1.0,-0.0,46.0,-95.017,-95.017,-95.017,0.0,0.0,-0.0,32.0,-69.756,-70.244,-70.244,8.0,0.0,-0.0,34.0,-32.99,-33.196,-33.196,0.0,0.0,2.342,34.0
6.5012,1,fwd,-60.0,12.2,5.528,5.4,5.4,8.0,0.0,-0.0,35.0,-100.0,-100.0,-100.0,0.0,0.0,-0.0,33.0,-78.805,-60.0,-77.995,-32.0,3.0,4.544,32.0,-65.467,-65.0,-65.0,-24.0,1.0,-0.0,46.0,-95.017,-95.017,-95.017,0.0,0.0,-0.0,32.0,-69.756,-70.244,-70.244,8.0,0.0,-0.0,34.0,-32.99,-33.196,-33.196,0.0,0.0,1.147,34.0
6.5543,1,fwd,-60.0,12.2,5.528,5.4,5.4,8.0,0.0,-0.0,35.0,-100.0,-100.0,-100.0,0.0,0.0,-0.0,33.0,-78.663,-60.0,-77.781,-32.0,3.0,3.338,32.0,-65.467,-65.0,-65.0,-24.0,1.0,-0.0,46.0,-95.017,-95.017,-95.017,0.0,0.0,-0.0,32.0,-69.756,-70.244,-70.244,8.0,0.0,-0.0,34.0,-32.99,-33.196,-33.196,0.0,0.0,0.562,34.0
6.6073,1,fwd,-60.0,12.2,5.528,5.4,5.4,8.0,0.0,-0.0,35.0,-100.0,-100.0,-100.0,0.0,0.0,-0.0,33.0,-78.378,-60.0,-77.569,-32.0,3.0,4.382,32.0,-65.467,-65.0,-65.0,-24.0,1.0,-0.0,46.0,-95.017,-95.017,-95.017,0.0,0.0,-0.0,32.0,-69.756,-70.244,-70.244,8.0,0.0,-0.0,34.0,-32.99,-33.196,-33.196,0.0,0.0,0.275,34.0
6.6593,1,fwd,-60.0,12.2,5.528,5.4,5.4,8.0,0.0,-0.0,35.0,-100.0,-100.0,-100.0,0.0,0.0,-0.0,33.0,-78.236,-60.0,-77.357,-32.0,3.0,3.269,32.0,-65.467,-65.0,-65.0,-24.0,1.0,-0.0,46.0,-95.017,-95.017,-95.017,0.0,0.0,-0.0,32.0,-69.756,-70.244,-70.244,8.0,0.0,-0.0,34.0,-32.99,-33.196,-33.196,0.0,0.0,0.135,34.0
6.7113,1,fwd,-60.0,12.2,5.528,5.4,5.4,8.0,0.0,-0.0,35.0,-100.0,-100.0,-100.0,0.0,0.0,-0.0,33.0,-78.094,-60.0,-77.249,-32.0,3.0,3.887,32.0,-65.467,-65.0,-65.0,-24.0,0.0,-0.0,47.0,-95.017,-95.017,-95.017,0.0,0.0,-0.0,32.0,-69.756,-70.244,-70.244,8.0,0.0,-0.0,34.0,-32.99,-33.196,-33.196,8.0,0.0,0.094,34.0
6.7642,1,fwd,-60.0,12.2,5.528,5.4,5.4,8.0,0.0,-0.0,35.0,-100.0,-100.0,-100.0,0.0,0.0,-0.0,33.0,-77.809,-60.0,-76.918,-32.0,3.0,2.968,32.0,-65.467,-65.0,-65.0,-24.0,0.0,-0.0,47.0,-95.017,-95.017,-95.017,0.0,0.0,-0.0,32.0,-69.756,-70.244,-70.244,8.0,0.0,-0.0,34.0,-32.99,-33.196,-33.196,8.0,0.0,0.046,34.0
6.817,1,fwd,-60.0,12.2,5.528,5.4,5.4,8.0,0.0,-0.0,35.0,-100.0,-100.0,-100.0,0.0,0.0,-0.0,33.0,-77.525,-60.0,-76.705,-32.0,3.0,4.183,32.0,-65.467,-65.0,-65.0,-24.0,0.0,-0.0,47.0,-95.017,-95.017,-95.017,0.0,0.0,-0.0,32.0,-69.756,-70.244,-70.244,8.0,0.0,-0.0,34.0,-32.99,-33.196,-33.196,8.0,0.0,0.023,34.0
6.8696,1,fwd,-60.0,12.2,5.528,5.4,5.4,8.0,0.0,-0.0,35.0,-100.0,-100.0,-100.0,0.0,0.0,-0.0,33.0,-77.24,-60.0,-76.492,-32.0,3.0,4.768,32.0,-65.467,-65.0,-65.0,-24.0,0.0,-0.0,47.0,-95.017,-95.017,-95.017,0.0,0.0,-0.0,32.0,-69.756,-70.244,-70.244,8.0,0.0,-0.0,34.0,-32.99,-33.196,-33.196,8.0,0.0,0.011,34.0
6.9232,1,fwd,-60.0,12.2,5.528,5.4,5.4,8.0,0.0,-0.0,35.0,-100.0,-100.0,-100.0,0.0,0.0,-0.0,33.0,-77.098,-60.0,-76.279,-32.0,3.0,3.946,32.0,-65.467,-65.0,-65.0,-24.0,0.0,-0.0,47.0,-95.017,-95.017,-95.017,0.0,0.0,-0.0,32.0,-69.756,-70.244,-70.244,8.0,0.0,-0.0,34.0,-32.99,-33.196,-33.196,8.0,0.0,0.005,34.0
6.9761,1,fwd,-60.0,12.2,5.528,5.4,5.4,8.0,0.0,-0.0,35.0,-100.0,-100.0,-100.0,0.0,0.0,-0.0,33.0,-76.814,-60.0,-76.066,-32.0,3.0,4.674,32.0,-65.467,-65.0,-65.0,-24.0,0.0,-0.0,47.0,-95.017,-95.017,-95.017,0.0,0.0,-0.0,32.0,-69.756,-70.244,-70.244,8.0,0.0,-0.0,34.0,-32.99,-33.196,-33.196,8.0,0.0,0.003,34.0
7.0292,1,fwd,-60.0,12.2,5.528,5.4,5.4,8.0,0.0,-0.0,35.0,-100.0,-100.0,-100.0,0.0,0.0,-0.0,33.0,-76.671,-60.0,-75.855,-32.0,3.0,3.418,32.0,-65.467,-65.0,-65.0,-24.0,0.0,-0.0,47.0,-95.017,-95.017,-95.017,0.0,0.0,-0.0,32.0,-69.756,-70.244,-70.244,8.0,0.0,-0.0,34.0,-32.99,-33.196,-33.196,8.0,0.0,0.001,34.0
7.0822,1,fwd,-60.0,12.2,5.528,5.4,5.4,8.0,0.0,-0.0,35.0,-100.0,-100.0,-100.0,0.0,0.0,-0.0,33.0,-76.529,-60.0,-75.642,-32.0,3.0,2.794,32.0,-65.467,-65.0,-65.0,-24.0,0.0,-0.0,47.0,-95.017,-95.017,-95.017,0.0,0.0,-0.0,32.0,-69.756,-70.244,-70.244,8.0,0.0,-0.0,34.0,-33.196,-33.196,-33.196,8.0,0.0,-2.341,34.0
7.1352,1,fwd,-60.0,12.2,5.528,5.4,5.4,8.0,0.0,-0.0,35.0,-100.0,-100.0,-100.0,0.0,0.0,-0.0,33.0,-76.245,-60.0,-75.43,-32.0,3.0,4.084,32.0,-65.467,-65.0,-65.0,-24.0,0.0,-0.0,47.0,-95.017,-95.017,-95.017,0.0,0.0,-0.0,32.0,-69.756,-70.244,-70.244,8.0,0.0,-0.0,34.0,-33.196,-33.196,-33.196,8.0,0.0,-1.147,34.0
7.1882,1,fwd,-60.0,12.2,5.528,5.4,5.4,8.0,0.0,-0.0,35.0,-100.0,-100.0,-100.0,0.0,0.0,-0.0,33.0,-76.102,-60.0,-75.217,-32.0,3.0,3.126,32.0,-65.467,-65.0,-65.0,-24.0,0.0,-0.0,47.0,-95.017,-95.017,-95.017,0.0,0.0,-0.0,32.0,-69.756,-70.244,-70.244,8.0,0.0,-0.0,34.0,-33.196,-33.196,-33.196,8.0,0.0,-0.562,34.0
7.2413,1,fwd,-60.0,12.2,5.528,5.4,5.4,8.0,0.0,-0.0,35.0,-100.0,-100.0,-100.0,0.0,0.0,-0.0,33.0,-75.818,-60.0,-75.003,-32.0,3.0,4.27,32.0,-65.467,-65.0,-65.0,-24.0,0.0,-0.0,47.0,-95.017,-95.017,-95.017,0.0,0.0,-0.0,32.0,-69.756,-70.244,-70.244,8.0,0.0,-0.0,34.0,-33.196,-33.196,-33.196,8.0,0.0,-0.275,34.0
7.294,1,fwd,-60.0,12.2,5.528,5.4,5.4,8.0,0.0,-0.0,35.0,-100.0,-100.0,-100.0,0.0,0.0,-0.0,33.0,-75.818,-60.0,-74.772,-32.0,1.0,4.27,32.0,-65.467,-65.0,-65.0,-24.0,1.0,-0.0,46.0,-95.017,-95.017,-95.017,0.0,0.0,-0.0,33.0,-69.756,-70.244,-70.244,8.0,0.0,-0.0,34.0,-33.196,-33.196,-33.196,0.0,0.0,-0.275,34.0
7.3463,1,fwd,-60.0,12.2,5.528,5.4,5.4,8.0,0.0,-0.0,35.0,-100.0,-100.0,-100.0,0.0,0.0,-0.0,33.0,-75.533,-60.0,-74.656,-32.0,1.0,4.193,32.0,-65.467,-65.0,-65.0,-24.0,1.0,-0.0,46.0,-95.017,-95.017,-95.017,0.0,0.0,-0.0,33.0,-69.756,-70.244,-70.244,8.0,0.0,-0.0,34.0,-33.196,-33.196,-33.196,0.0,0.0,-0.135,34.0
7.3994,1,fwd,-60.0,12.2,5.528,5.4,5.4,8.0,0.0,-0.0,35.0,-100.0,-100.0,-100.0,0.0,0.0,-0.0,33.0,-75.249,-60.0,-74.435,-32.0,1.0,4.677,32.0,-65.467,-65.0,-65.0,-24.0,1.0,-0.0,46.0,-95.017,-95.017,-95.017,0.0,0.0,-0.0,33.0,-69.756,-70.244,-70.244,8.0,0.0,-0.0,34.0,-33.196,-33.196,-33.196,0.0,0.0,-0.066,34.0
7.4525,1,fwd,-60.0,12.2,5.528,5.4,5.4,8.0,0.0,-0.0,35.0,-100.0,-100.0,-100.0,0.0,0.0,-0.0,33.0,-75.107,-60.0,-74.221,-32.0,1.0,3.419,32.0,-65.467,-65.0,-65.0,-24.0,1.0,-0.0,46.0,-95.017,-95.017,-95.017,0.0,0.0,-0.0,33.0,-69.756,-70.244,-70.244,8.0,0.0,-0.0,34.0,-33.196,-33.196,-33.196,0.0,0.0,-0.032,34.0
7.5044,1,fwd,-60.0,12.2,5.528,5.4,5.4,8.0,0.0,-0.0,35.0,-100.0,-100.0,-100.0,0.0,0.0,-0.0,33.0,-74.822,-60.0,-74.009,-32.0,1.0,4.261,32.0,-65.467,-65.0,-65.0,-24.0,1.0,-0.0,46.0,-95.017,-95.017,-95.017,0.0,0.0,-0.0,33.0,-69.756,-70.244,-70.244,8.0,0.0,-0.0,34.0,-33.196,-33.196,-33.196,0.0,0.0,-0.016,34.0
7.5577,1,fwd,-60.0,12.2,5.528,5.4,5.4,8.0,0.0,-0.0,35.0,-100.0,-100.0,-100.0,0.0,0.0,-0.0,33.0,-74.68,-60.0,-73.786,-32.0,1.0,3.215,32.0,-65.467,-65.0,-65.0,-24.0,1.0,-0.0,46.0,-95.017,-95.017,-95.017,0.0,0.0,-0.0,33.0,-69.756,-70.244,-70.244,8.0,0.0,-0.0,34.0,-33.196,-33.196,-33.196,0.0,0.0,-0.008,34.0
7.6108,1,fwd,-60.0,12.2,5.528,5.4,5.4,8.0,0.0,-0.0,35.0,-100.0,-100.0,-100.0,0.0,0.0,-0.0,33.0,-74.395,-60.0,-73.572,-32.0,1.0,4.294,32.0,-65.467,-65.0,-65.0,-24.0,1.0,-0.0,46.0,-95.017,-95.017,-95.017,0.0,0.0,-0.0,33.0,-69.756,-70.244,-70.244,8.0,0.0,-0.0,34.0,-33.196,-33.196,-33.196,0.0,0.0,-0.004,34.0
7.6635,1,fwd,-60.0,12.2,5.528,5.4,5.4,8.0,0.0,-0.0,35.0,-100.0,-100.0,-100.0,0.0,0.0,-0.0,33.0,-74.253,-60.0,-73.358,-32.0,1.0,3.22,32.0,-65.467,-65.0,-65.0,-24.0,1.0,-0.0,46.0,-95.017,-95.017,-95.017,0.0,0.0,-0.0,33.0,-69.756,-70.244,-70.244,8.0,0.0,-0.0,34.0,-33.196,-33.196,-33.196,0.0,0.0,-0.002,34.0
7.7164,1,fwd,-60.0,12.2,5.528,5.4,5.4,8.0,0.0,-0.0,35.0,-100.0,-100.0,-100.0,0.0,0.0,-0.0,33.0,-73.969,-60.0,-73.144,-32.0,1.0,4.312,32.0,-65.467,-65.0,-65.0,-24.0,1.0,-0.0,46.0,-95.017,-95.017,-95.017,0.0,0.0,-0.0,33.0,-69.756,-70.244,-70.244,8.0,0.0,-0.0,34.0,-33.196,-33.196,-33.196,0.0,0.0,-0.001,34.0
7.7684,1,fwd,-60.0,12.2,5.528,5.4,5.4,8.0,0.0,-0.0,35.0,-100.0,-100.0,-100.0,0.0,0.0,-0.0,33.0,-73.684,-60.0,-72.931,-32.0,1.0,4.825,32.0,-65.467,-65.0,-65.0,-24.0,1.0,-0.0,46.0,-95.017,-95.017,-95.017,0.0,0.0,-0.0,33.0,-69.756,-70.244,-70.244,8.0,0.0,-0.0,34.0,-32.99,-33.196,-33.196,0.0,0.0,2.313,34.0
7.8213,1,fwd,-60.0,12.2,5.528,5.4,5.4,8.0,0.0,-0.0,35.0,-100.0,-100.0,-100.0,0.0,0.0,-0.0,33.0,-73.542,-60.0,-72.718,-32.0,1.0,3.97,32.0,-65.467,-65.0,-65.0,-24.0,1.0,-0.0,46.0,-95.017,-95.017,-95.017,0.0,0.0,-0.0,33.0,-69.756,-70.244,-70.244,8.0,0.0,-0.0,34.0,-32.99,-33.196,-33.196,0.0,0.0,1.133,34.0
7.8743,1,fwd,-60.0,12.2,5.528,5.4,5.4,8.0,0.0,-0.0,35.0,-100.0,-100.0,-100.0,0.0,0.0,-0.0,33.0,-73.257,-60.0,-72.481,-32.0,1.0,4.224,32.0,-65.467,-65.0,-65.0,-24.0,0.0,-0.0,46.0,-95.017,-95.017,-95.017,0.0,0.0,-0.0,32.0,-69.756,-70.244,-70.244,8.0,0.0,-0.0,34.0,-32.99,-33.196,-33.196,8.0,0.0,0.793,34.0
7.928,1,fwd,-60.0,12.2,5.528,5.4,5.4,8.0,0.0,-0.0,35.0,-100.0,-100.0,-100.0,0.0,0.0,-0.0,33.0,-73.257,-60.0,-72.269,-32.0,1.0,2.07,32.0,-65.467,-65.0,-65.0,-24.0,0.0,-0.0,46.0,-95.017,-95.017,-95.017,0.0,0.0,-0.0,32.0,-69.756,-70.244,-70.244,8.0,0.0,-0.0,34.0,-33.196,-33.196,-33.196,8.0,0.0,-1.249,34.0
7.9809,1,fwd,-60.0,12.2,5.528,5.4,5.4,8.0,0.0,-0.0,35.0,-100.0,-100.0,-100.0,0.0,0.0,-0.0,33.0,-72.973,-60.0,-72.056,-32.0,1.0,3.738,32.0,-65.467,-65.0,-65.0,-24.0,0.0,-0.0,46.0,-95.017,-95.017,-95.017,0.0,0.0,-0.0,32.0,-69.756,-70.244,-70.244,8.0,0.0,-0.0,34.0,-33.196,-33.196,-33.196,8.0,0.0,-0.612,34.0
8.0341,1,fwd,-60.0,12.2,5.528,5.4,5.4,8.0,0.0,-0.0,35.0,-100.0,-100.0,-100.0,0.0,0.0,-0.0,33.0,-72.688,-60.0,-71.844,-32.0,1.0,4.559,32.0,-65.467,-65.0,-65.0,-24.0,0.0,-0.0,46.0,-95.017,-95.017,-95.017,0.0,0.0,-0.0,32.0,-69.756,-70.244,-70.244,8.0,0.0,-0.0,34.0,-33.196,-33.196,-33.196,8.0,0.0,-0.3,34.0
8.0872,1,fwd,-60.0,12.2,5.528,5.4,5.4,8.0,0.0,-0.0,35.0,-100.0,-100.0,-100.0,0.0,0.0,-0.0,33.0,-72.546,-60.0,-71.631,-32.0,1.0,3.361,32.0,-65.467,-65.0,-65.0,-24.0,0.0,-0.0,46.0,-95.017,-95.017,-95.017,0.0,0.0,-0.0,32.0,-69.756,-70.244,-70.244,8.0,0.0,-0.0,34.0,-33.196,-33.196,-33.196,8.0,0.0,-0.147,34.0
8.1401,1,fwd,-60.0,12.2,5.528,5.4,5.4,8.0,0.0,-0.0,35.0,-100.0,-100.0,-100.0,0.0,0.0,-0.0,33.0,-72.262,-60.0,-71.417,-32.0,1.0,4.333,32.0,-65.467,-65.0,-65.0,-24.0,0.0,-0.0,46.0,-95.017,-95.017,-95.017,0.0,0.0,-0.0,32.0,-69.756,-70.244,-70.244,8.0,0.0,-0.0,34.0,-33.196,-33.196,-33.196,8.0,0.0,-0.072,34.0
8.1923,1,fwd,-60.0,12.2,5.528,5.4,5.4,8.0,0.0,-0.0,35.0,-100.0,-100.0,-100.0,0.0,0.0,-0.0,33.0,-72.119,-60.0,-71.2,-32.0,1.0,3.225,32.0,-65.467,-65.0,-65.0,-24.0,0.0,-0.0,46.0,-95.017,-95.017,-95.017,0.0,0.0,-0.0,32.0,-69.756,-70.244,-70.244,8.0,0.0,-0.0,34.0,-33.196,-33.196,-33.196,8.0,0.0,-0.035,34.0
8.2454,1,fwd,-60.0,12.2,5.528,5.4,5.4,8.0,0.0,-0.0,35.0,-100.0,-100.0,-100.0,0.0,0.0,-0.0,33.0,-71.835,-60.0,-70.987,-32.0,1.0,4.305,32.0,-65.467,-65.0,-65.0,-24.0,0.0,-0.0,46.0,-95.017,-95.017,-95.017,0.0,0.0,-0.0,32.0,-69.756,-70.244,-70.244,8.0,0.0,-0.0,34.0,-33.196,-33.196,-33.196,8.0,0.0,-0.017,34.0
8.2983,1,fwd,-60.0,12.2,5.528,5.4,5.4,8.0,0.0,-0.0,35.0,-100.0,-100.0,-100.0,0.0,0.0,-0.0,33.0,-71.693,-60.0,-70.775,-32.0,1.0,3.235,32.0,-65.467,-65.0,-65.0,-24.0,0.0,-0.0,46.0,-95.017,-95.017,-95.017,0.0,0.0,-0.0,32.0,-69.756,-70.244,-70.244,8.0,0.0,-0.0,34.0,-33.196,-33.196,-33.196,8.0,0.0,-0.008,34.0
8.3512,1,fwd,-60.0,12.2,5.618,5.4,5.4,8.0,0.0,1.003,35.0,-100.0,-100.0,-100.0,0.0,0.0,-0.0,33.0,-71.408,-60.0,-70.562,-32.0,1.0,4.297,32.0,-65.467,-65.0,-65.0,-24.0,0.0,-0.0,46.0,-95.017,-95.017,-95.017,0.0,0.0,-0.0,32.0,-69.756,-70.244,-70.244,8.0,0.0,-0.0,34.0,-33.196,-33.196,-33.196,8.0,0.0,-0.004,34.0
8.4046,1,fwd,-60.0,12.2,5.618,5.4,5.4,8.0,0.0,0.702,35.0,-100.0,-100.0,-100.0,0.0,0.0,-0.0,33.0,-71.266,-60.0,-70.455,-32.0,1.0,4.579,32.0,-65.467,-65.0,-65.0,-24.0,0.0,-0.0,46.0,-95.017,-95.017,-95.017,0.0,0.0,-0.0,32.0,-69.756,-70.244,-70.244,8.0,0.0,-0.0,34.0,-33.196,-33.196,-33.196,8.0,0.0,-0.003,34.0
8.4583,1,fwd,-60.0,12.2,5.618,5.4,5.4,16.0,0.0,0.492,35.0,-100.0,-100.0,-100.0,0.0,0.0,-0.0,33.0,-70.982,-60.0,-70.21,-32.0,2.0,4.608,32.0,-65.467,-65.0,-65.0,-24.0,1.0,-0.0,46.0,-95.017,-95.017,-95.017,0.0,0.0,-0.0,33.0,-69.756,-70.244,-70.244,8.0,0.0,-0.0,34.0,-33.196,-33.196,-33.196,0.0,0.0,-0.002,34.0
8.5125,1,fwd,-60.0,12.2,5.618,5.4,5.4,16.0,0.0,0.241,35.0,-100.0,-100.0,-100.0,0.0,0.0,-0.0,33.0,-70.982,-60.0,-69.982,-32.0,2.0,2.258,32.0,-65.467,-65.0,-65.0,-24.0,1.0,-0.0,46.0,-95.017,-95.017,-95.017,0.0,0.0,-0.0,33.0,-69.756,-70.244,-70.244,8.0,0.0,-0.0,34.0,-32.99,-33.196,-33.196,0.0,0.0,2.298,34.0
8.5659,1,fwd,-60.0,12.2,5.618,5.4,5.4,16.0,0.0,0.118,35.0,-100.0,-100.0,-100.0,0.0,0.0,-0.0,33.0,-70.555,-60.0,-69.767,-32.0,2.0,4.913,32.0,-65.467,-65.0,-65.0,-24.0,1.0,-0.0,46.0,-95.017,-95.017,-95.017,0.0,0.0,-0.0,33.0,-69.756,-70.244,-70.244,8.0,0.0,-0.0,34.0,-32.99,-33.196,-33.196,0.0,0.0,1.126,34.0
8.6189,1,fwd,-60.0,12.2,5.618,5.4,5.4,16.0,0.0,0.058,35.0,-100.0,-100.0,-100.0,0.0,0.0,-0.0,33.0,-70.413,-60.0,-69.553,-32.0,2.0,3.529,32.0,-65.467,-65.0,-65.0,-24.0,1.0,-0.0,46.0,-95.017,-95.017,-95.017,0.0,0.0,-0.0,33.0,-69.756,-70.244,-70.244,8.0,0.0,-0.0,34.0,-33.196,-33.196,-33.196,0.0,0.0,-1.782,34.0
8.6715,1,fwd,-60.0,12.2,5.618,5.4,5.4,16.0,0.0,0.028,35.0,-100.0,-100.0,-100.0,0.0,0.0,-0.0,33.0,-70.128,-60.0,-69.34,-32.0,2.0,4.439,32.0,-65.467,-65.0,-65.0,-24.0,1.0,-0.0,46.0,-95.017,-95.017,-95.017,0.0,0.0,-0.0,33.0,-69.756,-70.244,-70.244,8.0,0.0,-0.0,34.0,-33.196,-33.196,-33.196,0.0,0.0,-0.873,34.0
8.7247,1,fwd,-60.0,12.2,5.618,5.4,5.4,16.0,0.0,0.014,35.0,-100.0,-100.0,-100.0,0.0,0.0,-0.0,33.0,-69.986,-60.0,-69.126,-32.0,2.0,3.765,32.0,-65.467,-65.0,-65.0,-24.0,1.0,-0.0,46.0,-95.017,-95.017,-95.017,0.0,0.0,-0.0,33.0,-69.756,-70.244,-70.244,8.0,0.0,-0.0,34.0,-33.196,-33.196,-33.196,0.0,0.0,-0.428,34.0
8.7776,1,fwd,-60.0,12.2,5.618,5.4,5.4,16.0,0.0,0.007,35.0,-100.0,-100.0,-100.0,0.0,0.0,-0.0,33.0,-69.701,-60.0,-68.91,-32.0,2.0,4.53,32.0,-65.467,-65.0,-65.0,-24.0,1.0,-0.0,46.0,-95.017,-95.017,-95.017,0.0,0.0,-0.0,33.0,-69.756,-70.244,-70.244,8.0,0.0,-0.0,34.0,-33.196,-33.196,-33.196,0.0,0.0,-0.21,34.0
8.8307,1,fwd,-60.0,12.2,5.618,5.4,5.4,16.0,0.0,0.003,35.0,-100.0,-100.0,-100.0,0.0,0.0,-0.0,33.0,-69.559,-60.0,-68.696,-32.0,2.0,3.833,32.0,-65.467,-65.0,-65.0,-24.0,1.0,-0.0,46.0,-95.017,-95.017,-95.017,0.0,0.0,-0.0,33.0,-69.756,-70.244,-70.244,8.0,0.0,-0.0,34.0,-33.196,-33.196,-33.196,0.0,0.0,-0.103,34.0
8.8837,1,fwd,-60.0,12.2,5.618,5.4,5.4,16.0,0.0,0.002,35.0,-100.0,-100.0,-100.0,0.0,0.0,-0.0,33.0,-69.275,-60.0,-68.484,-32.0,2.0,4.567,32.0,-65.467,-65.0,-65.0,-24.0,1.0,-0.0,46.0,-95.017,-95.017,-95.017,0.0,0.0,-0.0,33.0,-69.756,-70.244,-70.244,8.0,0.0,-0.0,34.0,-33.196,-33.196,-33.196,0.0,0.0,-0.05,34.0
8.9364,1,fwd,-60.0,12.2,5.618,5.4,5.4,16.0,0.0,0.001,35.0,-100.0,-100.0,-100.0,0.0,0.0,-0.0,33.0,-69.132,-60.0,-68.268,-32.0,2.0,3.828,32.0,-65.467,-65.0,-65.0,-24.0,1.0,-0.0,46.0,-95.017,-95.017,-95.017,0.0,0.0,-0.0,33.0,-69.756,-70.244,-70.244,8.0,0.0,-0.0,34.0,-33.196,-33.196,-33.196,0.0,0.0,-0.025,34.0
8.9884,1,fwd,-60.0,12.2,5.618,5.4,5.4,16.0,0.0,0.001,35.0,-100.0,-100.0,-100.0,0.0,0.0,-0.0,33.0,-69.132,-60.0,-68.161,-40.0,3.0,2.68,32.0,-65.467,-65.0,-65.0,-24.0,1.0,-0.0,47.0,-95.017,-95.017,-95.017,0.0,0.0,-0.0,33.0,-69.756,-70.244,-70.244,8.0,0.0,-0.0,34.0,-33.196,-33.196,-33.196,0.0,0.0,-0.017,34.0
9.0415,1,fwd,-60.0,12.2,5.618,5.4,5.4,16.0,0.0,0.0,35.0,-100.0,-100.0,-100.0,0.0,0.0,-0.0,33.0,-68.706,-60.0,-67.825,-40.0,3.0,2.879,32.0,-65.467,-65.0,-65.0,-24.0,1.0,-0.0,47.0,-95.017,-95.017,-95.017,0.0,0.0,-0.0,33.0,-69.756,-70.244,-70.244,8.0,0.0,-0.0,34.0,-33.196,-33.196,-33.196,0.0,0.0,-0.008,34.0
9.0949,1,fwd,-60.0,12.2,5.618,5.4,5.4,16.0,0.0,0.0,35.0,-100.0,-100.0,-100.0,0.0,0.0,-0.0,33.0,-68.421,-60.0,-67.61,-40.0,3.0,4.097,32.0,-65.467,-65.0,-65.0,-24.0,1.0,-0.0,47.0,-95.017,-95.017,-95.017,0.0,0.0,-0.0,33.0,-69.756,-70.244,-70.244,8.0,0.0,-0.0,34.0,-33.196,-33.196,-33.196,0.0,0.0,-0.004,34.0
9.1477,1,fwd,-60.0,12.2,5.618,5.4,5.4,16.0,0.0,0.0,35.0,-100.0,-100.0,-100.0,0.0,0.0,-0.0,33.0,-68.279,-60.0,-67.395,-40.0,3.0,3.597,32.0,-65.467,-65.0,-65.0,-24.0,1.0,-0.0,47.0,-95.017,-95.017,-95.017,0.0,0.0,-0.0,33.0,-69.756,-70.244,-70.244,8.0,0.0,-0.0,34.0,-33.196,-33.196,-33.196,0.0,0.0,-0.002,34.0
9.201,1,fwd,-60.0,12.2,5.618,5.4,5.4,16.0,0.0,0.0,35.0,-100.0,-100.0,-100.0,0.0,0.0,-0.0,33.0,-67.994,-60.0,-67.181,-40.0,3.0,4.449,32.0,-65.467,-65.0,-65.0,-24.0,1.0,-0.0,47.0,-95.017,-95.017,-95.017,0.0,0.0,-0.0,33.0,-69.756,-70.244,-70.244,8.0,0.0,-0.0,34.0,-33.196,-33.196,-33.196,0.0,0.0,-0.001,34.0
9.2536,1,fwd,-60.0,12.2,5.618,5.4,5.4,16.0,0.0,0.0,35.0,-100.0,-100.0,-100.0,0.0,0.0,-0.0,33.0,-67.852,-60.0,-66.965,-40.0,3.0,3.774,32.0,-65.467,-65.0,-65.0,-24.0,1.0,-0.0,47.0,-95.017,-95.017,-95.017,0.0,0.0,-0.0,33.0,-69.756,-70.244,-70.244,8.0,0.0,-0.0,34.0,-33.196,-33.196,-33.196,0.0,0.0,-0.0,34.0
9.3068,1,fwd,-60.0,12.2,5.618,5.4,5.4,16.0,0.0,0.0,35.0,-99.82,-100.0,-100.0,0.0,0.0,1.392,33.0,-67.568,-60.0,-66.749,-40.0,3.0,4.542,32.0,-65.467,-65.0,-65.0,-24.0,1.0,-0.0,47.0,-95.017,-95.017,-95.017,0.0,0.0,-0.0,33.0,-69.756,-70.244,-70.244,8.0,0.0,-0.0,34.0,-33.196,-33.196,-33.196,0.0,0.0,-0.0,34.0
9.3594,1,fwd,-60.0,12.2,5.618,5.4,5.4,16.0,0.0,0.0,35.0,-100.0,-100.0,-100.0,0.0,0.0,-1.304,33.0,-67.425,-60.0,-66.533,-40.0,3.0,3.793,32.0,-65.467,-65.0,-65.0,-24.0,1.0,-0.0,47.0,-95.017,-95.017,-95.017,0.0,0.0,-0.0,33.0,-69.756,-70.244,-70.244,8.0,0.0,-0.0,34.0,-33.196,-33.196,-33.196,0.0,0.0,-0.0,34.0
9.4127,1,fwd,-60.0,12.2,5.618,5.4,5.4,16.0,0.0,0.0,35.0,-100.0,-100.0,-100.0,0.0,0.0,-0.639,33.0,-67.141,-60.0,-66.319,-40.0,3.0,4.558,32.0,-65.467,-65.0,-65.0,-24.0,1.0,-0.0,47.0,-95.017,-95.017,-95.017,0.0,0.0,-0.0,33.0,-69.756,-70.244,-70.244,8.0,0.0,-0.0,34.0,-33.196,-33.196,-33.196,0.0,0.0,-0.0,34.0
9.4661,1,fwd,-60.0,12.2,5.618,5.4,5.4,16.0,0.0,0.0,35.0,-100.0,-100.0,-100.0,0.0,0.0,-0.313,33.0,-66.999,-60.0,-66.102,-40.0,3.0,3.333,32.0,-65.467,-65.0,-65.0,-24.0,1.0,-0.0,47.0,-95.017,-95.017,-95.017,0.0,0.0,-0.0,33.0,-69.756,-70.244,-70.244,8.0,0.0,-0.0,34.0,-33.196,-33.196,-33.196,0.0,0.0,-0.0,34.0
9.5184,1,fwd,-60.0,12.2,5.618,5.4,5.4,16.0,0.0,0.0,35.0,-100.0,-100.0,-100.0,0.0,0.0,-0.219,33.0,-66.856,-60.0,-65.886,-40.0,3.0,3.898,32.0,-65.467,-65.0,-65.0,-24.0,1.0,-0.0,47.0,-95.017,-95.017,-95.017,0.0,0.0,-0.0,33.0,-69.756,-70.244,-70.244,8.0,0.0,-0.0,34.0,-33.196,-33.196,-33.196,0.0,0.0,-0.0,34.0
9.5722,1,fwd,-60.0,12.2,5.618,5.4,5.4,16.0,0.0,0.0,35.0,-100.0,-100.0,-100.0,0.0,0.0,-0.153,33.0,-66.714,-60.0,-65.886,-28.0,2.0,4.138,33.0,-65.467,-65.0,-65.0,-24.0,1.0,-0.0,46.0,-95.017,-95.017,-95.017,0.0,0.0,-0.0,32.0,-69.756,-70.244,-70.244,8.0,0.0,-0.0,34.0,-33.196,-33.196,-33.196,0.0,0.0,-0.0,34.0
9.626,1,fwd,-60.0,12.2,5.618,5.4,5.4,16.0,0.0,0.0,35.0,-100.0,-100.0,-100.0,0.0,0.0,-0.075,33.0,-66.43,-60.0,-65.528,-28.0,2.0,3.039,33.0,-65.467,-65.0,-65.0,-24.0,1.0,-0.0,46.0,-95.017,-95.017,-95.017,0.0,0.0,-0.0,32.0,-69.756,-70.244,-70.244,8.0,0.0,-0.0,34.0,-33.196,-33.196,-33.196,0.0,0.0,-0.0,34.0
9.6785,1,fwd,-60.0,12.2,5.618,5.4,5.4,16.0,0.0,0.0,35.0,-100.0,-100.0,-100.0,0.0,0.0,-0.037,33.0,-66.287,-60.0,-65.314,-28.0,2.0,3.098,33.0,-65.467,-65.0,-65.0,-24.0,1.0,-0.0,46.0,-95.017,-95.017,-95.017,0.0,0.0,-0.0,32.0,-69.756,-70.244,-70.244,8.0,0.0,-0.0,34.0,-33.196,-33.196,-33.196,0.0,0.0,-0.0,34.0
9.7303,1,fwd,-60.0,12.2,5.618,5.4,5.4,16.0,0.0,0.0,35.0,-100.0,-100.0,-100.0,0.0,0.0,-0.018,33.0,-66.003,-60.0,-65.102,-28.0,2.0,4.244,33.0,-65.467,-65.0,-65.0,-24.0,1.0,-0.0,46.0,-95.017,-95.017,-95.017,0.0,0.0,-0.0,32.0,-69.756,-70.244,-70.244,8.0,0.0,-0.0,34.0,-33.196,-33.196,-33.196,0.0,0.0,-0.0,34.0
9.7831,1,fwd,-60.0,12.2,5.618,5.4,5.4,16.0,0.0,0.0,35.0,-100.0,-100.0,-100.0,0.0,0.0,-0.009,33.0,-65.861,-60.0,-64.888,-28.0,2.0,3.199,33.0,-65.467,-65.0,-65.0,-24.0,1.0,-0.0,46.0,-95.017,-95.017,-95.017,0.0,0.0,-0.0,32.0,-69.756,-70.244,-70.244,8.0,0.0,-0.0,34.0,-33.196,-33.196,-33.196,0.0,0.0,-0.0,34.0
9.8364,1,fwd,-60.0,12.2,5.618,5.4,5.4,16.0,0.0,0.0,35.0,-100.0,-100.0,-100.0,0.0,0.0,-0.004,33.0,-65.576,-60.0,-64.673,-28.0,2.0,3.776,33.0,-65.467,-65.0,-65.0,-24.0,1.0,-0.0,46.0,-95.017,-95.017,-95.017,0.0,0.0,-0.0,32.0,-69.756,-70.244,-70.244,8.0,0.0,-0.0,34.0,-33.196,-33.196,-33.196,0.0,0.0,-0.0,34.0
9.8895,1,fwd,-60.0,12.2,5.618,5.4,5.4,16.0,0.0,0.0,35.0,-100.0,-100.0,-100.0,0.0,0.0,-0.002,33.0,-65.292,-60.0,-64.46,-28.0,2.0,4.567,33.0,-65.467,-65.0,-65.0,-24.0,1.0,-0.0,46.0,-95.017,-95.017,-95.017,0.0,0.0,-0.0,32.0,-69.756,-70.244,-70.244,8.0,0.0,-0.0,34.0,-33.196,-33.196,-33.196,0.0,0.0,-0.0,34.0
9.9432,1,fwd,-60.0,12.2,5.618,5.4,5.4,16.0,0.0,0.0,35.0,-100.0,-100.0,-100.0,0.0,0.0,-0.001,33.0,-65.149,-60.0,-64.247,-28.0,2.0,3.366,33.0,-65.467,-65.0,-65.0,-24.0,1.0,-0.0,46.0,-95.017,-95.017,-95.017,0.0,0.0,-0.0,32.0,-69.756,-70.244,-70.244,8.0,0.0,-0.0,34.0,-33.196,-33.196,-33.196,0.0,0.0,-0.0,34.0
9.997,1,fwd,-60.0,12.2,5.618,5.4,5.4,16.0,0.0,0.0,35.0,-100.0,-100.0,-100.0,0.0,0.0,-0.001,33.0,-64.865,-60.0,-64.033,-28.0,2.0,4.361,33.0,-65.467,-65.0,-65.0,-24.0,1.0,-0.0,46.0,-95.017,-95.017,-95.017,0.0,0.0,-0.0,32.0,-69.756,-70.244,-70.244,8.0,0.0,-0.0,34.0,-33.196,-33.196,-33.196,0.0,0.0,-0.0,34.0
10.0498,1,fwd,-60.0,12.2,5.618,5.4,5.4,16.0,0.0,0.0,35.0,-100.0,-100.0,-100.0,0.0,0.0,-0.0,33.0,-64.723,-60.0,-63.82,-28.0,2.0,3.258,33.0,-65.467,-65.0,-65.0,-24.0,1.0,-0.0,46.0,-95.017,-95.017,-95.017,0.0,0.0,-0.0,32.0,-69.756,-70.244,-70.244,8.0,0.0,-0.0,34.0,-33.196,-33.196,-33.196,0.0,0.0,-0.0,34.0
10.1028,1,fwd,-60.0,12.2,5.618,5.4,5.4,16.0,0.0,0.0,35.0,-99.82,-100.0,-100.0,0.0,0.0,2.021,33.0,-64.438,-60.0,-63.605,-28.0,2.0,4.311,33.0,-65.467,-65.0,-65.0,-24.0,1.0,-0.0,46.0,-95.017,-95.017,-95.017,0.0,0.0,-0.0,32.0,-69.756,-70.244,-70.244,8.0,0.0,-0.0,34.0,-33.196,-33.196,-33.196,0.0,0.0,-0.0,34.0
10.1553,1,fwd,-60.0,12.2,5.618,5.4,5.4,16.0,0.0,0.0,35.0,-100.0,-100.0,-100.0,8.0,0.0,0.486,33.0,-64.296,-60.0,-63.372,-40.0,3.0,3.75,32.0,-65.467,-65.0,-65.0,-24.0,1.0,-0.0,46.0,-95.017,-95.017,-95.017,0.0,0.0,-0.0,33.0,-69.756,-70.244,-70.244,8.0,0.0,-0.0,34.0,-33.196,-33.196,-33.196,0.0,0.0,-0.0,34.0
10.2074,1,fwd,-60.0,12.2,5.618,5.4,5.4,16.0,0.0,0.0,35.0,-100.0,-100.0,-100.0,8.0,0.0,0.238,33.0,-64.154,-60.0,-63.157,-40.0,3.0,3.407,32.0,-65.467,-65.0,-65.0,-24.0,1.0,-0.0,46.0,-95.087,-95.017,-95.017,0.0,0.0,-0.764,33.0,-69.756,-70.244,-70.244,8.0,0.0,-0.0,34.0,-33.196,-33.196,-33.196,0.0,0.0,-0.0,34.0
10.2608,1,fwd,-60.0,12.2,5.618,5.4,5.4,16.0,0.0,0.0,35.0,-100.0,-100.0,-100.0,8.0,0.0,0.117,33.0,-63.727,-60.0,-62.939,-40.0,3.0,5.424,32.0,-65.467,-65.0,-65.0,-24.0,1.0,-0.0,46.0,-95.087,-95.017,-95.017,0.0,0.0,-0.374,33.0,-69.756,-70.244,-70.244,8.0,0.0,-0.0,34.0,-33.196,-33.196,-33.196,0.0,0.0,-0.0,34.0
10.314,1,fwd,-60.0,12.2,5.618,5.4,5.4,16.0,0.0,0.0,35.0,-100.0,-100.0,-100.0,8.0,0.0,0.057,33.0,-63.585,-60.0,-62.724,-40.0,3.0,4.252,32.0,-65.467,-65.0,-65.0,-24.0,1.0,-0.0,46.0,-95.017,-95.017,-95.017,0.0,0.0,0.592,33.0,-69.756,-70.244,-70.244,8.0,0.0,-0.0,34.0,-33.196,-33.196,-33.196,0.0,0.0,-0.0,34.0
10.3672,1,fwd,-60.0,12.2,5.618,5.4,5.4,16.0,0.0,0.0,35.0,-100.0,-100.0,-100.0,8.0,0.0,0.028,33.0,-63.3,-60.0,-62.51,-40.0,3.0,4.792,32.0,-65.467,-65.0,-65.0,-24.0,1.0,-0.0,46.0,-95.017,-95.017,-95.017,0.0,0.0,0.29,33.0,-69.756,-70.244,-70.244,8.0,0.0,-0.0,34.0,-33.196,-33.196,-33.196,0.0,0.0,-0.0,34.0
10.4204,1,fwd,-60.0,12.2,5.618,5.4,5.4,16.0,0.0,0.0,35.0,-100.0,-100.0,-100.0,8.0,0.0,0.014,33.0,-63.158,-60.0,-62.294,-40.0,3.0,3.898,32.0,-65.467,-65.0,-65.0,-24.0,1.0,-0.0,46.0,-95.017,-95.017,-95.017,0.0,0.0,0.142,33.0,-69.756,-70.244,-70.244,8.0,0.0,-0.0,34.0,-33.196,-33.196,-33.196,0.0,0.0,-0.0,34.0
10.4737,1,fwd,-60.0,12.2,5.618,5.4,5.4,16.0,0.0,0.0,35.0,-100.0,-100.0,-100.0,8.0,0.0,0.007,33.0,-62.873,-60.0,-62.079,-40.0,3.0,4.612,32.0,-65.467,-65.0,-65.0,-24.0,1.0,-0.0,46.0,-95.017,-95.017,-95.017,0.0,0.0,0.07,33.0,-69.756,-70.244,-70.244,8.0,0.0,-0.0,34.0,-33.196,-33.196,-33.196,0.0,0.0,-0.0,34.0
10.5266,1,fwd,-60.0,12.2,5.618,5.4,5.4,16.0,0.0,0.0,35.0,-100.0,-100.0,-100.0,8.0,0.0,0.003,33.0,-62.731,-60.0,-61.865,-40.0,3.0,3.841,32.0,-65.467,-65.0,-65.0,-24.0,1.0,-0.0,46.0,-95.017,-95.017,-95.017,0.0,0.0,0.034,33.0,-69.756,-70.244,-70.244,8.0,0.0,-0.0,34.0,-33.196,-33.196,-33.196,0.0,0.0,-0.0,34.0
10.5795,1,fwd,-60.0,12.2,5.618,5.4,5.4,16.0,0.0,0.0,35.0,-100.0,-100.0,-100.0,8.0,0.0,0.002,33.0,-62.589,-60.0,-61.65,-40.0,3.0,3.002,32.0,-65.467,-65.0,-65.0,-24.0,1.0,-0.0,46.0,-95.017,-95.017,-95.017,0.0,0.0,0.017,33.0,-69.756,-70.244,-70.244,8.0,0.0,-0.0,34.0,-33.196,-33.196,-33.196,0.0,0.0,-0.0,34.0
10.6326,1,fwd,-60.0,12.2,5.618,5.4,5.4,16.0,0.0,0.0,35.0,-100.0,-100.0,-100.0,8.0,0.0,0.001,33.0,-62.304,-60.0,-61.435,-40.0,3.0,4.183,32.0,-65.467,-65.0,-65.0,-24.0,1.0,-0.0,46.0,-95.017,-95.017,-95.017,0.0,0.0,0.008,33.0,-69.756,-70.244,-70.244,8.0,0.0,-0.0,34.0,-33.196,-33.196,-33.196,0.0,0.0,-0.0,34.0
10.6857,1,fwd,-60.0,12.2,5.618,5.4,5.4,16.0,0.0,0.0,35.0,-99.82,-100.0,-100.0,8.0,0.0,2.011,33.0,-62.162,-60.0,-61.328,-40.0,3.0,4.515,32.0,-65.467,-65.0,-65.0,-24.0,1.0,-0.0,46.0,-95.017,-95.017,-95.017,0.0,0.0,0.006,33.0,-69.756,-70.244,-70.244,8.0,0.0,-0.0,34.0,-33.196,-33.196,-33.196,0.0,0.0,-0.0,34.0
10.7388,1,fwd,-60.0,12.2,5.618,5.4,5.4,16.0,0.0,0.0,35.0,-100.0,-100.0,-100.0,8.0,0.0,0.514,33.0,-62.02,-60.0,-61.086,-40.0,3.0,3.867,32.0,-65.467,-65.0,-65.0,-24.0,1.0,-0.0,46.0,-95.017,-95.017,-95.017,0.0,0.0,0.004,32.0,-69.756,-70.244,-70.244,8.0,0.0,-0.0,34.0,-33.196,-33.196,-33.196,0.0,0.0,-0.0,34.0
10.7917,1,fwd,-60.0,12.2,5.618,5.4,5.4,16.0,0.0,0.0,35.0,-100.0,-100.0,-100.0,8.0,0.0,0.252,33.0,-61.878,-60.0,-60.863,-40.0,3.0,3.488,32.0,-65.467,-65.0,-65.0,-24.0,1.0,-0.0,46.0,-95.017,-95.017,-95.017,0.0,0.0,0.002,32.0,-69.756,-70.244,-70.244,8.0,0.0,-0.0,34.0,-33.196,-33.196,-33.196,0.0,0.0,-0.0,34.0
10.8444,1,fwd,-60.0,12.2,5.618,5.4,5.4,16.0,0.0,0.0,35.0,-100.0,-100.0,-100.0,8.0,0.0,0.123,33.0,-61.451,-60.0,-60.65,-40.0,3.0,5.987,32.0,-65.467,-65.0,-65.0,-24.0,1.0,-0.0,46.0,-95.017,-95.017,-95.017,0.0,0.0,0.001,32.0,-69.756,-70.244,-70.244,8.0,0.0,-0.0,34.0,-33.196,-33.196,-33.196,0.0,0.0,-0.0,34.0
10.8979,1,fwd,-60.0,12.2,5.618,5.4,5.4,16.0,0.0,0.0,35.0,-100.0,-100.0,-100.0,8.0,0.0,0.06,33.0,-61.309,-60.0,-60.434,-40.0,3.0,4.542,32.0,-65.467,-65.0,-65.0,-24.0,1.0,-0.0,46.0,-95.017,-95.017,-95.017,0.0,0.0,0.0,32.0,-69.756,-70.244,-70.244,8.0,0.0,-0.0,34.0,-33.196,-33.196,-33.196,0.0,0.0,-0.0,34.0
10.9518,1,fwd,-60.0,12.2,5.618,5.4,5.4,16.0,0.0,0.0,35.0,-100.0,-100.0,-100.0,8.0,0.0,0.03,33.0,-61.024,-60.0,-60.222,-40.0,3.0,4.956,32.0,-65.467,-65.0,-65.0,-24.0,1.0,-0.0,46.0,-95.017,-95.017,-95.017,0.0,0.0,0.0,32.0,-69.756,-70.244,-70.244,8.0,0.0,-0.0,34.0,-33.196,-33.196,-33.196,0.0,0.0,-0.0,34.0
11.0053,1,hold_end,-60.0,12.2,5.618,5.4,5.4,16.0,0.0,0.0,35.0,-100.0,-100.0,-100.0,8.0,0.0,0.015,33.0,-60.882,-60.0,-60.008,-40.0,3.0,4.007,32.0,-65.467,-65.0,-65.0,-24.0,1.0,-0.0,46.0,-95.017,-95.017,-95.017,0.0,0.0,0.0,32.0,-69.756,-70.244,-70.244,8.0,0.0,-0.0,34.0,-33.196,-33.196,-33.196,0.0,0.0,-0.0,34.0
11.0587,1,hold_end,-60.0,12.2,5.618,5.4,5.4,16.0,0.0,0.0,35.0,-100.0,-100.0,-100.0,8.0,0.0,0.007,33.0,-60.597,-60.0,-60.0,-40.0,3.0,4.655,32.0,-65.467,-65.0,-65.0,-24.0,1.0,-0.0,46.0,-95.017,-95.017,-95.017,0.0,0.0,0.0,32.0,-69.756,-70.244,-70.244,8.0,0.0,-0.0,34.0,-33.196,-33.196,-33.196,0.0,0.0,-0.0,34.0
11.1123,1,hold_end,-60.0,12.2,5.618,5.4,5.4,16.0,0.0,0.0,35.0,-100.0,-100.0,-100.0,8.0,0.0,0.003,33.0,-60.455,-60.0,-60.0,-40.0,3.0,3.858,32.0,-65.467,-65.0,-65.0,-24.0,1.0,-0.0,46.0,-95.017,-95.017,-95.017,0.0,0.0,0.0,32.0,-69.756,-70.244,-70.244,8.0,0.0,-0.0,34.0,-33.196,-33.196,-33.196,0.0,0.0,-0.0,34.0
11.1658,1,hold_end,-60.0,12.2,5.618,5.4,5.4,16.0,0.0,0.0,35.0,-100.0,-100.0,-100.0,8.0,0.0,0.002,33.0,-60.455,-60.0,-60.0,-40.0,3.0,1.891,32.0,-65.467,-65.0,-65.0,-24.0,1.0,-0.0,46.0,-95.017,-95.017,-95.017,0.0,0.0,0.0,32.0,-69.756,-70.244,-70.244,8.0,0.0,-0.0,34.0,-33.196,-33.196,-33.196,0.0,0.0,-0.0,34.0
11.2186,1,hold_end,-60.0,12.2,5.618,5.4,5.4,16.0,0.0,0.0,35.0,-100.0,-100.0,-100.0,8.0,0.0,0.001,33.0,-60.455,-60.0,-60.0,-40.0,3.0,0.926,32.0,-65.467,-65.0,-65.0,-24.0,1.0,-0.0,46.0,-95.017,-95.017,-95.017,0.0,0.0,0.0,32.0,-69.756,-70.244,-70.244,8.0,0.0,-0.0,34.0,-33.196,-33.196,-33.196,0.0,0.0,-0.0,34.0
11.2716,1,hold_end,-60.0,12.2,5.618,5.4,5.4,16.0,0.0,0.0,35.0,-100.0,-100.0,-100.0,0.0,0.0,0.001,33.0,-60.455,-60.0,-60.0,-24.0,2.0,0.648,32.0,-65.467,-65.0,-65.0,-24.0,1.0,-0.0,47.0,-95.017,-95.017,-95.017,0.0,0.0,0.0,32.0,-69.756,-70.244,-70.244,8.0,0.0,-0.0,34.0,-33.196,-33.196,-33.196,0.0,0.0,-0.0,34.0
11.3252,1,hold_end,-60.0,12.2,5.618,5.4,5.4,16.0,0.0,0.0,35.0,-100.0,-100.0,-100.0,0.0,0.0,0.0,33.0,-60.455,-60.0,-60.0,-24.0,2.0,0.318,32.0,-65.467,-65.0,-65.0,-24.0,1.0,-0.0,47.0,-95.017,-95.017,-95.017,0.0,0.0,0.0,32.0,-69.756,-70.244,-70.244,8.0,0.0,-0.0,34.0,-33.196,-33.196,-33.196,0.0,0.0,-0.0,34.0
11.378,1,hold_end,-60.0,12.2,5.618,5.4,5.4,16.0,0.0,0.0,35.0,-100.0,-100.0,-100.0,0.0,0.0,0.0,33.0,-60.455,-60.0,-60.0,-24.0,2.0,0.156,32.0,-65.467,-65.0,-65.0,-24.0,1.0,-0.0,47.0,-95.017,-95.017,-95.017,0.0,0.0,0.0,32.0,-69.756,-70.244,-70.244,8.0,0.0,-0.0,34.0,-33.196,-33.196,-33.196,0.0,0.0,-0.0,34.0
11.4304,1,hold_end,-60.0,12.2,5.618,5.4,5.4,16.0,0.0,0.0,35.0,-99.82,-100.0,-100.0,0.0,0.0,2.03,33.0,-60.455,-60.0,-60.0,-24.0,2.0,0.076,32.0,-65.467,-65.0,-65.0,-24.0,1.0,-0.0,47.0,-95.017,-95.017,-95.017,0.0,0.0,0.0,32.0,-69.756,-70.244,-70.244,8.0,0.0,-0.0,34.0,-33.196,-33.196,-33.196,0.0,0.0,-0.0,34.0
11.4838,1,hold_end,-60.0,12.2,5.618,5.4,5.4,16.0,0.0,0.0,35.0,-100.0,-100.0,-100.0,0.0,0.0,-1.0,33.0,-60.455,-60.0,-60.0,-24.0,2.0,0.037,32.0,-65.467,-65.0,-65.0,-24.0,1.0,-0.0,47.0,-95.017,-95.017,-95.017,0.0,0.0,0.0,32.0,-69.756,-70.244,-70.244,8.0,0.0,-0.0,34.0,-33.196,-33.196,-33.196,0.0,0.0,-0.0,34.0
11.5364,1,hold_end,-60.0,12.2,5.618,5.4,5.4,16.0,0.0,0.0,35.0,-100.0,-100.0,-100.0,0.0,0.0,-0.49,33.0,-60.455,-60.0,-60.0,-24.0,2.0,0.018,32.0,-65.467,-65.0,-65.0,-24.0,1.0,-0.0,47.0,-95.017,-95.017,-95.017,0.0,0.0,0.0,32.0,-69.756,-70.244,-70.244,8.0,0.0,-0.0,34.0,-33.196,-33.196,-33.196,0.0,0.0,-0.0,34.0
11.5899,1,hold_end,-60.0,12.2,5.618,5.4,5.4,16.0,0.0,0.0,35.0,-100.0,-100.0,-100.0,0.0,0.0,-0.24,33.0,-60.455,-60.0,-60.0,-24.0,2.0,0.009,32.0,-65.467,-65.0,-65.0,-24.0,1.0,-0.0,47.0,-95.017,-95.017,-95.017,0.0,0.0,0.0,32.0,-69.756,-70.244,-70.244,8.0,0.0,-0.0,34.0,-33.196,-33.196,-33.196,0.0,0.0,-0.0,34.0
11.6431,1,hold_end,-60.0,12.2,5.618,5.4,5.4,16.0,0.0,0.0,35.0,-100.0,-100.0,-100.0,0.0,0.0,-0.118,33.0,-60.455,-60.0,-60.0,-24.0,2.0,0.004,32.0,-65.467,-65.0,-65.0,-24.0,1.0,-0.0,47.0,-95.017,-95.017,-95.017,0.0,0.0,0.0,32.0,-69.756,-70.244,-70.244,8.0,0.0,-0.0,34.0,-33.196,-33.196,-33.196,0.0,0.0,-0.0,34.0
11.6956,1,hold_end,-60.0,12.2,5.618,5.4,5.4,16.0,0.0,0.0,35.0,-100.0,-100.0,-100.0,0.0,0.0,-0.058,33.0,-60.455,-60.0,-60.0,-24.0,2.0,0.002,32.0,-65.467,-65.0,-65.0,-24.0,1.0,-0.0,47.0,-95.017,-95.017,-95.017,0.0,0.0,0.0,32.0,-69.756,-70.244,-70.244,8.0,0.0,-0.0,34.0,-33.196,-33.196,-33.196,0.0,0.0,-0.0,34.0
11.7486,1,hold_end,-60.0,12.2,5.618,5.4,5.4,16.0,0.0,0.0,35.0,-100.0,-100.0,-100.0,0.0,0.0,-0.028,33.0,-60.455,-60.0,-60.0,-24.0,2.0,0.001,32.0,-65.467,-65.0,-65.0,-24.0,1.0,-0.0,47.0,-95.017,-95.017,-95.017,0.0,0.0,0.0,32.0,-69.756,-70.244,-70.244,8.0,0.0,-0.0,34.0,-33.196,-33.196,-33.196,0.0,0.0,-0.0,34.0
11.802,1,hold_end,-60.0,12.2,5.618,5.4,5.4,16.0,0.0,0.0,35.0,-100.0,-100.0,-100.0,0.0,0.0,-0.014,33.0,-60.455,-60.0,-60.0,-24.0,2.0,0.001,32.0,-65.467,-65.0,-65.0,-24.0,1.0,-0.0,47.0,-95.017,-95.017,-95.017,0.0,0.0,0.0,32.0,-69.756,-70.244,-70.244,8.0,0.0,-0.0,34.0,-33.196,-33.196,-33.196,0.0,0.0,-0.0,34.0
11.8556,1,hold_end,-60.0,12.2,5.618,5.4,5.4,16.0,0.0,0.0,35.0,-100.0,-100.0,-100.0,0.0,0.0,-0.014,33.0,-60.455,-60.0,-60.0,-24.0,0.0,0.001,32.0,-65.467,-65.0,-65.0,-24.0,1.0,-0.0,47.0,-95.017,-95.017,-95.017,0.0,0.0,0.0,33.0,-69.756,-70.244,-70.244,8.0,0.0,-0.0,34.0,-33.196,-33.196,-33.196,0.0,0.0,-0.0,34.0
11.909,1,hold_end,-60.0,12.2,5.618,5.4,5.4,16.0,0.0,0.0,35.0,-100.0,-100.0,-100.0,0.0,0.0,-0.007,33.0,-60.455,-60.0,-60.0,-24.0,0.0,0.0,32.0,-65.467,-65.0,-65.0,-24.0,1.0,-0.0,47.0,-95.017,-95.017,-95.017,0.0,0.0,0.0,33.0,-69.756,-70.244,-70.244,8.0,0.0,-0.0,34.0,-33.196,-33.196,-33.196,0.0,0.0,-0.0,34.0
11.9636,1,hold_end,-60.0,12.2,5.618,5.4,5.4,16.0,0.0,0.0,35.0,-100.0,-100.0,-100.0,0.0,0.0,-0.003,33.0,-60.455,-60.0,-60.0,-24.0,0.0,0.0,32.0,-65.467,-65.0,-65.0,-24.0,1.0,-0.0,47.0,-95.017,-95.017,-95.017,0.0,0.0,0.0,33.0,-69.756,-70.244,-70.244,8.0,0.0,-0.0,34.0,-33.196,-33.196,-33.196,0.0,0.0,-0.0,34.0
12.0171,1,rev,-90.0,12.2,5.618,5.4,5.4,16.0,0.0,0.0,35.0,-100.0,-100.0,-100.0,0.0,0.0,-0.002,33.0,-60.455,-60.0,-60.0,-24.0,0.0,0.0,32.0,-65.467,-65.0,-65.0,-24.0,1.0,-0.0,47.0,-95.017,-95.017,-95.017,0.0,0.0,0.0,33.0,-69.756,-70.244,-70.244,8.0,0.0,-0.0,34.0,-33.196,-33.196,-33.196,0.0,0.0,-0.0,34.0
12.0715,1,rev,-90.0,12.2,5.618,5.4,5.4,16.0,0.0,0.0,35.0,-100.0,-100.0,-100.0,0.0,0.0,-0.001,33.0,-60.455,-90.0,-60.107,-24.0,0.0,0.0,32.0,-65.467,-65.0,-65.0,-24.0,1.0,-0.0,47.0,-95.017,-95.017,-95.017,0.0,0.0,0.0,33.0,-69.756,-70.244,-70.244,8.0,0.0,-0.0,34.0,-33.196,-33.196,-33.196,0.0,0.0,-0.0,34.0
12.1251,1,rev,-90.0,12.2,5.618,5.4,5.4,16.0,0.0,0.0,35.0,-100.0,-100.0,-100.0,0.0,0.0,-0.0,33.0,-60.455,-90.0,-60.325,-24.0,0.0,0.0,32.0,-65.467,-65.0,-65.0,-24.0,1.0,-0.0,47.0,-95.017,-95.017,-95.017,0.0,0.0,0.0,33.0,-69.756,-70.244,-70.244,8.0,0.0,-0.0,34.0,-33.196,-33.196,-33.196,0.0,0.0,-0.0,34.0
12.1774,1,rev,-90.0,12.2,5.618,5.4,5.4,16.0,0.0,0.0,35.0,-100.0,-100.0,-100.0,0.0,0.0,-0.0,33.0,-60.597,-90.0,-60.538,-24.0,0.0,-1.586,32.0,-65.467,-65.0,-65.0,-24.0,1.0,-0.0,47.0,-95.017,-95.017,-95.017,0.0,0.0,0.0,33.0,-69.756,-70.244,-70.244,8.0,0.0,-0.0,34.0,-33.196,-33.196,-33.196,0.0,0.0,-0.0,34.0
12.2304,1,rev,-90.0,12.2,5.618,5.4,5.4,16.0,0.0,0.0,35.0,-100.0,-100.0,-100.0,0.0,0.0,-0.0,33.0,-60.74,-90.0,-60.752,-24.0,0.0,-2.39,32.0,-65.467,-65.0,-65.0,-24.0,1.0,-0.0,47.0,-95.017,-95.017,-95.017,0.0,0.0,0.0,33.0,-69.756,-70.244,-70.244,8.0,0.0,-0.0,34.0,-33.196,-33.196,-33.196,0.0,0.0,-0.0,34.0
12.2835,1,rev,-90.0,12.2,5.618,5.4,5.4,16.0,0.0,0.0,35.0,-100.0,-100.0,-100.0,0.0,0.0,-0.0,33.0,-60.882,-90.0,-60.965,-24.0,0.0,-2.284,32.0,-65.467,-65.0,-65.0,-24.0,1.0,-0.0,47.0,-95.017,-95.017,-95.017,0.0,0.0,0.0,33.0,-69.756,-70.244,-70.244,8.0,0.0,-0.0,34.0,-33.196,-33.196,-33.196,0.0,0.0,-0.0,34.0
12.3365,1,rev,-90.0,12.2,5.618,5.4,5.4,16.0,0.0,0.0,35.0,-100.0,-100.0,-100.0,0.0,0.0,-0.0,33.0,-61.024,-90.0,-61.178,-24.0,0.0,-2.247,32.0,-65.467,-65.0,-65.0,-24.0,1.0,-0.0,47.0,-95.017,-95.017,-95.017,0.0,0.0,0.0,33.0,-69.756,-70.244,-70.244,8.0,0.0,-0.0,34.0,-33.196,-33.196,-33.196,0.0,0.0,-0.0,34.0
12.3896,1,rev,-90.0,12.2,5.618,5.4,5.4,16.0,0.0,0.0,35.0,-100.0,-100.0,-100.0,0.0,0.0,-0.0,33.0,-61.309,-90.0,-61.392,-24.0,0.0,-3.359,32.0,-65.467,-65.0,-65.0,-24.0,1.0,-0.0,47.0,-95.017,-95.017,-95.017,0.0,0.0,0.0,33.0,-69.756,-70.244,-70.244,8.0,0.0,-0.0,34.0,-33.196,-33.196,-33.196,0.0,0.0,-0.0,34.0
12.4432,1,rev,-90.0,12.2,5.618,5.4,5.4,16.0,0.0,0.0,35.0,-100.0,-100.0,-100.0,0.0,0.0,-0.0,33.0,-61.451,-90.0,-61.63,8.0,0.0,-3.071,32.0,-65.467,-65.0,-65.0,-24.0,1.0,-0.0,46.0,-95.017,-95.017,-95.017,0.0,0.0,0.0,33.0,-69.756,-70.244,-70.244,8.0,0.0,-0.0,34.0,-33.196,-33.196,-33.196,0.0,0.0,-0.0,34.0
12.4955,1,rev,-90.0,12.2,5.618,5.4,5.4,16.0,0.0,0.0,35.0,-100.0,-100.0,-100.0,0.0,0.0,-0.0,33.0,-61.593,-90.0,-61.845,8.0,0.0,-3.07,32.0,-65.467,-65.0,-65.0,-24.0,1.0,-0.0,46.0,-95.017,-95.017,-95.017,0.0,0.0,0.0,33.0,-69.756,-70.244,-70.244,8.0,0.0,-0.0,34.0,-33.196,-33.196,-33.196,0.0,0.0,-0.0,34.0
12.5492,1,rev,-90.0,12.2,5.618,5.4,5.4,16.0,0.0,0.0,35.0,-100.0,-100.0,-100.0,0.0,0.0,-0.0,33.0,-61.878,-90.0,-62.058,8.0,0.0,-4.234,32.0,-65.467,-65.0,-65.0,-24.0,1.0,-0.0,46.0,-95.017,-95.017,-95.017,0.0,0.0,0.0,33.0,-69.756,-70.244,-70.244,8.0,0.0,-0.0,34.0,-33.196,-33.196,-33.196,0.0,0.0,-0.0,34.0
12.6014,1,rev,-90.0,12.2,5.618,5.4,5.4,16.0,0.0,0.0,35.0,-100.0,-100.0,-100.0,0.0,0.0,-0.0,33.0,-62.02,-90.0,-62.273,8.0,0.0,-3.181,32.0,-65.467,-65.0,-65.0,-24.0,1.0,-0.0,46.0,-95.017,-95.017,-95.017,0.0,0.0,0.0,33.0,-69.756,-70.244,-70.244,8.0,0.0,-0.0,34.0,-33.196,-33.196,-33.196,0.0,0.0,-0.0,34.0
12.6547,1,rev,-90.0,12.2,5.618,5.4,5.4,16.0,0.0,0.0,35.0,-100.0,-100.0,-100.0,0.0,0.0,-0.0,33.0,-62.304,-90.0,-62.487,8.0,0.0,-4.266,32.0,-65.467,-65.0,-65.0,-24.0,1.0,-0.0,46.0,-95.017,-95.017,-95.017,0.0,0.0,0.0,33.0,-69.756,-70.244,-70.244,8.0,0.0,-0.0,34.0,-33.196,-33.196,-33.196,0.0,0.0,-0.0,34.0
12.7079,1,rev,-90.0,12.2,5.618,5.4,5.4,16.0,0.0,0.0,35.0,-100.0,-100.0,-100.0,0.0,0.0,-0.0,33.0,-62.589,-90.0,-62.703,8.0,0.0,-4.779,32.0,-65.467,-65.0,-65.0,-24.0,1.0,-0.0,46.0,-95.017,-95.017,-95.017,0.0,0.0,0.0,33.0,-69.756,-70.244,-70.244,8.0,0.0,-0.0,34.0,-33.196,-33.196,-33.196,0.0,0.0,-0.0,34.0
12.7611,1,rev,-90.0,12.2,5.618,5.4,5.4,16.0,0.0,0.0,35.0,-100.0,-100.0,-100.0,0.0,0.0,-0.0,33.0,-62.589,-90.0,-62.919,8.0,0.0,-2.342,32.0,-65.467,-65.0,-65.0,-24.0,1.0,-0.0,46.0,-95.017,-95.017,-95.017,0.0,0.0,0.0,33.0,-69.756,-70.244,-70.244,8.0,0.0,-0.0,34.0,-33.196,-33.196,-33.196,0.0,0.0,-0.0,34.0
12.8157,1,rev,-90.0,12.2,5.618,5.4,5.4,16.0,0.0,0.0,35.0,-100.0,-100.0,-100.0,0.0,0.0,-0.0,33.0,-62.873,-90.0,-63.13,8.0,0.0,-3.882,32.0,-65.467,-65.0,-65.0,-24.0,1.0,-0.0,46.0,-95.017,-95.017,-95.017,0.0,0.0,0.0,33.0,-69.756,-70.244,-70.244,8.0,0.0,-0.0,34.0,-33.196,-33.196,-33.196,0.0,0.0,-0.0,34.0
12.8689,1,rev,-90.0,12.2,5.618,5.4,5.4,16.0,0.0,0.0,35.0,-100.0,-100.0,-100.0,0.0,0.0,-0.0,33.0,-63.016,-90.0,-63.345,8.0,0.0,-3.019,32.0,-65.467,-65.0,-65.0,-24.0,1.0,-0.0,46.0,-95.017,-95.017,-95.017,0.0,0.0,0.0,33.0,-69.756,-70.244,-70.244,8.0,0.0,-0.0,34.0,-33.196,-33.196,-33.196,0.0,0.0,-0.0,34.0
12.9218,1,rev,-90.0,12.2,5.618,5.4,5.4,16.0,0.0,0.0,35.0,-100.0,-100.0,-100.0,0.0,0.0,-0.0,33.0,-63.3,-90.0,-63.561,8.0,0.0,-4.192,32.0,-65.467,-65.0,-65.0,-24.0,1.0,-0.0,46.0,-95.017,-95.017,-95.017,0.0,0.0,0.0,33.0,-69.756,-70.244,-70.244,8.0,0.0,-0.0,34.0,-33.196,-33.196,-33.196,0.0,0.0,-0.0,34.0
12.9757,1,rev,-90.0,12.2,5.618,5.4,5.4,16.0,0.0,0.0,35.0,-100.0,-100.0,-100.0,0.0,0.0,-0.0,33.0,-63.3,-90.0,-63.667,24.0,1.0,-2.934,32.0,-65.467,-65.0,-65.0,-24.0,1.0,-0.0,46.0,-95.017,-95.017,-95.017,0.0,0.0,0.0,33.0,-69.756,-70.244,-70.244,8.0,0.0,-0.0,34.0,-33.196,-33.196,-33.196,0.0,0.0,-0.0,34.0
13.0285,1,rev,-90.0,12.2,5.618,5.4,5.4,16.0,0.0,0.0,35.0,-100.0,-100.0,-100.0,0.0,0.0,-0.0,33.0,-63.585,-90.0,-64.0,24.0,1.0,-3.558,32.0,-65.467,-65.0,-65.0,-24.0,1.0,-0.0,46.0,-95.017,-95.017,-95.017,0.0,0.0,0.0,33.0,-69.756,-70.244,-70.244,8.0,0.0,-0.0,34.0,-33.196,-33.196,-33.196,0.0,0.0,-0.0,34.0
13.0817,1,rev,-90.0,12.2,5.618,5.4,5.4,16.0,0.0,0.0,35.0,-100.0,-100.0,-100.0,0.0,0.0,-0.0,33.0,-63.869,-90.0,-64.214,24.0,1.0,-4.455,32.0,-65.467,-65.0,-65.0,-24.0,1.0,-0.0,46.0,-95.017,-95.017,-95.017,0.0,0.0,0.0,33.0,-69.756,-70.244,-70.244,8.0,0.0,-0.0,34.0,-33.196,-33.196,-33.196,0.0,0.0,-0.0,34.0
13.1349,1,rev,-90.0,12.2,5.618,5.4,5.4,16.0,0.0,0.0,35.0,-100.0,-100.0,-100.0,0.0,0.0,-0.0,33.0,-64.011,-90.0,-64.432,24.0,1.0,-4.682,32.0,-65.467,-65.0,-65.0,-24.0,1.0,-0.0,46.0,-95.017,-95.017,-95.017,0.0,0.0,0.0,33.0,-69.756,-70.244,-70.244,8.0,0.0,-0.0,34.0,-33.196,-33.196,-33.196,0.0,0.0,-0.0,34.0
13.1893,1,rev,-90.0,12.2,5.618,5.4,5.4,16.0,0.0,0.0,35.0,-100.0,-100.0,-100.0,0.0,0.0,-0.0,33.0,-64.154,-90.0,-64.661,24.0,1.0,-3.873,32.0,-65.467,-65.0,-65.0,-24.0,1.0,-0.0,46.0,-95.017,-95.017,-95.017,0.0,0.0,0.0,33.0,-69.756,-70.244,-70.244,8.0,0.0,-0.0,34.0,-33.196,-33.196,-33.196,0.0,0.0,-0.0,34.0
13.2429,1,rev,-90.0,12.2,5.618,5.4,5.4,16.0,0.0,0.0,35.0,-100.0,-100.0,-100.0,0.0,0.0,-0.0,33.0,-64.296,-90.0,-64.783,24.0,1.0,-3.464,32.0,-65.467,-65.0,-65.0,-24.0,1.0,-0.0,46.0,-95.017,-95.017,-95.017,0.0,0.0,0.0,33.0,-69.756,-70.244,-70.244,8.0,0.0,-0.0,34.0,-33.196,-33.196,-33.196,0.0,0.0,-0.0,34.0
13.2968,1,rev,-90.0,12.2,5.618,5.4,5.4,16.0,0.0,0.0,35.0,-100.0,-100.0,-100.0,0.0,0.0,-0.0,33.0,-64.58,-90.0,-65.009,24.0,1.0,-4.3,32.0,-65.467,-65.0,-65.0,-24.0,1.0,-0.0,46.0,-95.017,-95.017,-95.017,0.0,0.0,0.0,33.0,-69.756,-70.244,-70.244,8.0,0.0,-0.0,34.0,-33.196,-33.196,-33.196,0.0,0.0,-0.0,34.0
13.3501,1,rev,-90.0,12.2,5.618,5.4,5.4,16.0,0.0,0.0,35.0,-100.0,-100.0,-100.0,0.0,0.0,-0.0,33.0,-64.865,-90.0,-65.225,24.0,1.0,-4.796,32.0,-65.467,-65.0,-65.0,-24.0,1.0,-0.0,46.0,-95.017,-95.017,-95.017,0.0,0.0,0.0,33.0,-69.756,-70.244,-70.244,8.0,0.0,-0.0,34.0,-33.196,-33.196,-33.196,0.0,0.0,-0.0,34.0
13.4023,1,rev,-90.0,12.2,5.618,5.4,5.4,16.0,0.0,0.0,35.0,-100.0,-100.0,-100.0,0.0,0.0,-0.0,33.0,-65.007,-90.0,-65.44,24.0,1.0,-3.944,32.0,-65.467,-65.0,-65.0,-24.0,1.0,-0.0,46.0,-95.017,-95.017,-95.017,0.0,0.0,0.0,33.0,-69.756,-70.244,-70.244,8.0,0.0,-0.0,34.0,-33.196,-33.196,-33.196,0.0,0.0,-0.0,34.0
13.4561,1,rev,-90.0,12.2,5.618,5.4,5.4,16.0,0.0,0.0,35.0,-100.0,-100.0,-100.0,0.0,0.0,-0.0,33.0,-65.292,-90.0,-65.654,24.0,1.0,-4.644,32.0,-65.467,-65.0,-65.0,-24.0,1.0,-0.0,46.0,-95.017,-95.017,-95.017,0.0,0.0,0.0,33.0,-69.756,-70.244,-70.244,8.0,0.0,-0.0,34.0,-33.196,-33.196,-33.196,0.0,0.0,-0.0,34.0
13.5083,1,rev,-90.0,12.2,5.618,5.4,5.4,16.0,0.0,0.0,35.0,-100.0,-100.0,-100.0,0.0,0.0,-0.0,33.0,-65.434,-90.0,-65.868,24.0,1.0,-3.875,32.0,-65.467,-65.0,-65.0,-24.0,1.0,-0.0,46.0,-95.017,-95.017,-95.017,0.0,0.0,0.0,33.0,-69.756,-70.244,-70.244,8.0,0.0,-0.0,34.0,-33.196,-33.196,-33.196,0.0,0.0,-0.0,34.0
13.5604,1,rev,-90.0,12.2,5.618,5.4,5.4,16.0,0.0,0.0,35.0,-100.0,-100.0,-100.0,0.0,0.0,-0.0,33.0,-65.576,-90.0,-65.974,24.0,1.0,-4.315,32.0,-65.467,-65.0,-65.0,-24.0,1.0,-0.0,46.0,-95.017,-95.017,-95.017,0.0,0.0,0.0,33.0,-69.756,-70.244,-70.244,8.0,0.0,-0.0,34.0,-33.196,-33.196,-33.196,0.0,0.0,-0.0,34.0
13.6133,1,rev,-90.0,12.2,5.618,5.4,5.4,16.0,0.0,0.0,35.0,-100.0,-100.0,-100.0,0.0,0.0,-0.0,33.0,-65.718,-90.0,-66.315,24.0,1.0,-2.628,32.0,-65.467,-65.0,-65.0,-24.0,1.0,-0.0,46.0,-95.017,-95.017,-95.017,0.0,0.0,0.0,33.0,-69.756,-70.244,-70.244,8.0,0.0,-0.0,34.0,-33.196,-33.196,-33.196,0.0,0.0,-0.0,34.0
13.6666,1,rev,-90.0,12.2,5.618,5.4,5.4,16.0,0.0,0.0,35.0,-100.0,-100.0,-100.0,0.0,0.0,-0.0,33.0,-66.003,-90.0,-66.532,24.0,1.0,-3.506,32.0,-65.467,-65.0,-65.0,-24.0,1.0,-0.0,46.0,-95.017,-95.017,-95.017,0.0,0.0,0.0,33.0,-69.756,-70.244,-70.244,8.0,0.0,-0.0,34.0,-33.196,-33.196,-33.196,0.0,0.0,-0.0,34.0
13.7202,1,rev,-90.0,12.2,5.618,5.4,5.4,16.0,0.0,0.0,35.0,-100.0,-100.0,-100.0,0.0,0.0,-0.0,33.0,-66.287,-90.0,-66.746,24.0,1.0,-4.426,32.0,-65.467,-65.0,-65.0,-24.0,1.0,-0.0,46.0,-95.017,-95.017,-95.017,0.0,0.0,0.0,33.0,-69.756,-70.244,-70.244,8.0,0.0,-0.0,34.0,-33.196,-33.196,-33.196,0.0,0.0,-0.0,34.0
13.7732,1,rev,-90.0,12.2,5.618,5.4,5.4,16.0,0.0,0.0,35.0,-100.0,-100.0,-100.0,0.0,0.0,-0.0,33.0,-66.572,-90.0,-66.959,24.0,1.0,-4.897,32.0,-65.467,-65.0,-65.0,-24.0,1.0,-0.0,46.0,-95.017,-95.017,-95.017,0.0,0.0,0.0,33.0,-69.756,-70.244,-70.244,8.0,0.0,-0.0,34.0,-33.196,-33.196,-33.196,0.0,0.0,-0.0,34.0
13.8261,1,rev,-90.0,12.2,5.618,5.4,5.4,16.0,0.0,0.0,35.0,-100.0,-100.0,-100.0,0.0,0.0,-0.0,33.0,-66.714,-90.0,-67.174,24.0,1.0,-4.01,32.0,-65.467,-65.0,-65.0,-24.0,1.0,-0.0,46.0,-95.017,-95.017,-95.017,0.0,0.0,0.0,33.0,-69.756,-70.244,-70.244,8.0,0.0,-0.0,34.0,-33.196,-33.196,-33.196,0.0,0.0,-0.0,34.0
13.8795,1,rev,-90.0,12.2,5.618,5.4,5.4,16.0,0.0,0.0,35.0,-100.0,-100.0,-100.0,0.0,0.0,-0.0,33.0,-66.999,-90.0,-67.386,24.0,1.0,-4.703,32.0,-65.467,-65.0,-65.0,-24.0,1.0,-0.0,46.0,-95.017,-95.017,-95.017,0.0,0.0,0.0,33.0,-69.756,-70.244,-70.244,8.0,0.0,-0.0,34.0,-33.196,-33.196,-33.196,0.0,0.0,-0.0,34.0
13.9326,1,rev,-90.0,12.2,5.618,5.4,5.4,16.0,0.0,0.0,35.0,-100.0,-100.0,-100.0,0.0,0.0,-0.0,33.0,-67.141,-90.0,-67.6,24.0,1.0,-3.9,32.0,-65.467,-65.0,-65.0,-24.0,1.0,-0.0,46.0,-95.017,-95.017,-95.017,0.0,0.0,0.0,33.0,-69.756,-70.244,-70.244,8.0,0.0,-0.0,34.0,-33.196,-33.196,-33.196,0.0,0.0,-0.0,34.0
13.9867,1,rev,-90.0,12.2,5.618,5.4,5.4,16.0,0.0,0.0,35.0,-100.0,-100.0,-100.0,0.0,0.0,-0.0,33.0,-67.425,-90.0,-67.814,24.0,1.0,-4.626,32.0,-65.467,-65.0,-65.0,-24.0,1.0,-0.0,46.0,-95.017,-95.017,-95.017,0.0,0.0,0.0,33.0,-69.756,-70.244,-70.244,8.0,0.0,-0.0,34.0,-33.196,-33.196,-33.196,0.0,0.0,-0.0,34.0
14.0408,1,rev,-90.0,12.2,5.618,5.4,5.4,16.0,0.0,0.0,35.0,-100.0,-100.0,-100.0,0.0,0.0,-0.0,33.0,-67.568,-90.0,-68.027,24.0,1.0,-3.877,32.0,-65.467,-65.0,-65.0,-24.0,1.0,-0.0,46.0,-95.017,-95.017,-95.017,0.0,0.0,0.0,33.0,-69.756,-70.244,-70.244,8.0,0.0,-0.0,34.0,-33.196,-33.196,-33.196,0.0,0.0,-0.0,34.0
14.0938,1,rev,-90.0,12.2,5.618,5.4,5.4,16.0,0.0,0.0,35.0,-100.0,-100.0,-100.0,0.0,0.0,-0.0,33.0,-67.852,-90.0,-68.239,24.0,1.0,-4.59,32.0,-65.467,-65.0,-65.0,-24.0,1.0,-0.0,46.0,-95.017,-95.017,-95.017,0.0,0.0,0.0,33.0,-69.756,-70.244,-70.244,8.0,0.0,-0.0,34.0,-33.196,-33.196,-33.196,0.0,0.0,-0.0,34.0
14.1473,1,rev,-90.0,12.2,5.618,5.4,5.4,16.0,0.0,0.0,35.0,-100.0,-100.0,-100.0,0.0,0.0,-0.0,33.0,-67.852,-90.0,-68.483,24.0,2.0,-4.59,33.0,-65.467,-65.0,-65.0,-24.0,1.0,-0.0,46.0,-95.017,-95.017,-95.017,0.0,0.0,0.0,33.0,-69.756,-70.244,-70.244,8.0,0.0,-0.0,34.0,-33.196,-33.196,-33.196,0.0,0.0,-0.0,34.0
14.2008,1,rev,-90.0,12.2,5.618,5.4,5.4,16.0,0.0,0.0,35.0,-100.0,-100.0,-100.0,0.0,0.0,-0.0,33.0,-68.137,-90.0,-68.708,24.0,2.0,-4.326,33.0,-65.467,-65.0,-65.0,-24.0,1.0,-0.0,46.0,-95.017,-95.017,-95.017,0.0,0.0,0.0,33.0,-69.756,-70.244,-70.244,8.0,0.0,-0.0,34.0,-33.196,-33.196,-33.196,0.0,0.0,-0.0,34.0
14.2546,1,rev,-90.0,12.2,5.618,5.4,5.4,16.0,0.0,0.0,35.0,-100.0,-100.0,-100.0,0.0,0.0,-0.0,33.0,-68.421,-90.0,-68.828,24.0,2.0,-4.693,33.0,-65.467,-65.0,-65.0,-24.0,1.0,-0.0,46.0,-95.017,-95.017,-95.017,0.0,0.0,0.0,33.0,-69.756,-70.244,-70.244,8.0,0.0,-0.0,34.0,-33.196,-33.196,-33.196,0.0,0.0,-0.0,34.0
14.308,1,rev,-90.0,12.2,5.618,5.4,5.4,16.0,0.0,0.0,35.0,-100.0,-100.0,-100.0,0.0,0.0,-0.0,33.0,-68.563,-90.0,-69.059,24.0,2.0,-3.271,33.0,-65.467,-65.0,-65.0,-24.0,1.0,-0.0,46.0,-95.017,-95.017,-95.017,0.0,0.0,0.0,33.0,-69.756,-70.244,-70.244,8.0,0.0,-0.0,34.0,-33.196,-33.196,-33.196,0.0,0.0,-0.0,34.0
14.3603,1,rev,-90.0,12.2,5.618,5.4,5.4,16.0,0.0,0.0,35.0,-100.0,-100.0,-100.0,0.0,0.0,-0.0,33.0,-68.848,-90.0,-69.274,24.0,2.0,-4.31,33.0,-65.467,-65.0,-65.0,-24.0,1.0,-0.0,46.0,-95.017,-95.017,-95.017,0.0,0.0,0.0,33.0,-69.756,-70.244,-70.244,8.0,0.0,-0.0,34.0,-33.196,-33.196,-33.196,0.0,0.0,-0.0,34.0
14.4134,1,rev,-90.0,12.2,5.618,5.4,5.4,16.0,0.0,0.0,35.0,-100.0,-100.0,-100.0,0.0,0.0,-0.0,33.0,-68.99,-90.0,-69.489,24.0,2.0,-3.219,33.0,-65.467,-65.0,-65.0,-24.0,1.0,-0.0,46.0,-95.017,-95.017,-95.017,0.0,0.0,0.0,33.0,-69.756,-70.244,-70.244,8.0,0.0,-0.0,34.0,-33.196,-33.196,-33.196,0.0,0.0,-0.0,34.0
14.4666,1,rev,-90.0,12.2,5.618,5.4,5.4,16.0,0.0,0.0,35.0,-100.0,-100.0,-100.0,0.0,0.0,-0.0,33.0,-69.275,-90.0,-69.704,24.0,2.0,-4.268,33.0,-65.467,-65.0,-65.0,-24.0,1.0,-0.0,46.0,-95.017,-95.017,-95.017,0.0,0.0,0.0,33.0,-69.756,-70.244,-70.244,8.0,0.0,-0.0,34.0,-33.196,-33.196,-33.196,0.0,0.0,-0.0,34.0
14.52,1,rev,-90.0,12.2,5.618,5.4,5.4,16.0,0.0,0.0,35.0,-100.0,-100.0,-100.0,0.0,0.0,-0.0,33.0,-69.559,-90.0,-69.92,24.0,2.0,-4.787,33.0,-65.467,-65.0,-65.0,-24.0,1.0,-0.0,46.0,-95.017,-95.017,-95.017,0.0,0.0,0.0,33.0,-69.756,-70.244,-70.244,8.0,0.0,-0.0,34.0,-33.196,-33.196,-33.196,0.0,0.0,-0.0,34.0
14.5724,1,rev,-90.0,12.2,5.618,5.4,5.4,16.0,0.0,0.0,35.0,-100.0,-100.0,-100.0,0.0,0.0,-0.0,33.0,-69.701,-90.0,-70.133,24.0,2.0,-3.939,33.0,-65.467,-65.0,-65.0,-24.0,1.0,-0.0,46.0,-95.017,-95.017,-95.017,0.0,0.0,0.0,33.0,-69.756,-70.244,-70.244,8.0,0.0,-0.0,34.0,-33.196,-33.196,-33.196,0.0,0.0,-0.0,34.0
14.6255,1,rev,-90.0,12.2,5.618,5.4,5.4,16.0,0.0,0.0,35.0,-100.0,-100.0,-100.0,0.0,0.0,-0.0,33.0,-69.986,-90.0,-70.349,24.0,2.0,-4.612,33.0,-65.467,-65.0,-65.0,-24.0,1.0,-0.0,46.0,-95.017,-95.017,-95.017,0.0,0.0,0.0,33.0,-69.756,-70.244,-70.244,8.0,0.0,-0.0,34.0,-33.196,-33.196,-33.196,0.0,0.0,-0.0,34.0
14.6789,1,rev,-90.0,12.2,5.618,5.4,5.4,16.0,0.0,0.0,35.0,-100.0,-100.0,-100.0,0.0,0.0,-0.0,33.0,-70.128,-90.0,-70.562,24.0,2.0,-3.868,33.0,-65.467,-65.0,-65.0,-24.0,1.0,-0.0,46.0,-95.017,-95.017,-95.017,0.0,0.0,0.0,33.0,-69.756,-70.244,-70.244,8.0,0.0,-0.0,34.0,-33.196,-33.196,-33.196,0.0,0.0,-0.0,34.0
14.7319,1,rev,-90.0,12.2,5.618,5.4,5.4,16.0,0.0,0.0,35.0,-100.0,-100.0,-100.0,0.0,0.0,-0.0,33.0,-70.413,-90.0,-70.803,24.0,2.0,-4.114,32.0,-65.467,-65.0,-65.0,-24.0,0.0,-0.0,46.0,-95.017,-95.017,-95.017,0.0,0.0,0.0,33.0,-69.756,-70.244,-70.244,8.0,0.0,-0.0,34.0,-33.196,-33.196,-33.196,0.0,0.0,-0.0,34.0
14.7852,1,rev,-90.0,12.2,5.618,5.4,5.4,16.0,0.0,0.0,35.0,-100.0,-100.0,-100.0,0.0,0.0,-0.0,33.0,-70.555,-90.0,-71.02,24.0,2.0,-3.625,32.0,-65.467,-65.0,-65.0,-24.0,0.0,-0.0,46.0,-95.017,-95.017,-95.017,0.0,0.0,0.0,33.0,-69.756,-70.244,-70.244,8.0,0.0,-0.0,34.0,-33.196,-33.196,-33.196,0.0,0.0,-0.0,34.0
14.8386,1,rev,-90.0,12.2,5.618,5.4,5.4,16.0,0.0,0.0,35.0,-100.0,-100.0,-100.0,0.0,0.0,-0.0,33.0,-70.839,-90.0,-71.233,24.0,2.0,-4.457,32.0,-65.467,-65.0,-65.0,-24.0,0.0,-0.0,46.0,-95.017,-95.017,-95.017,0.0,0.0,0.0,33.0,-69.756,-70.244,-70.244,8.0,0.0,-0.0,34.0,-33.196,-33.196,-33.196,0.0,0.0,-0.0,34.0
14.892,1,rev,-90.0,12.2,5.618,5.4,5.4,16.0,0.0,0.0,35.0,-100.0,-100.0,-100.0,0.0,0.0,-0.0,33.0,-70.982,-90.0,-71.449,24.0,2.0,-3.796,32.0,-65.467,-65.0,-65.0,-24.0,0.0,-0.0,46.0,-95.017,-95.017,-95.017,0.0,0.0,0.0,33.0,-69.756,-70.244,-70.244,8.0,0.0,-0.0,34.0,-33.196,-33.196,-33.196,0.0,0.0,-0.0,34.0
14.9445,1,rev,-90.0,12.2,5.618,5.4,5.4,16.0,0.0,0.0,35.0,-100.0,-100.0,-100.0,0.0,0.0,-0.0,33.0,-71.266,-90.0,-71.661,24.0,2.0,-4.592,32.0,-65.467,-65.0,-65.0,-24.0,0.0,-0.0,46.0,-95.017,-95.017,-95.017,0.0,0.0,0.0,33.0,-69.756,-70.244,-70.244,8.0,0.0,-0.0,34.0,-33.196,-33.196,-33.196,0.0,0.0,-0.0,34.0
14.9975,1,rev,-90.0,12.2,5.618,5.4,5.4,16.0,0.0,0.0,35.0,-100.0,-100.0,-100.0,0.0,0.0,-0.0,33.0,-71.408,-90.0,-71.875,24.0,2.0,-3.376,32.0,-65.467,-65.0,-65.0,-24.0,0.0,-0.0,46.0,-95.017,-95.017,-95.017,0.0,0.0,0.0,33.0,-69.756,-70.244,-70.244,8.0,0.0,-0.0,34.0,-33.196,-33.196,-33.196,0.0,0.0,-0.0,34.0
15.0506,1,rev,-90.0,12.2,5.618,5.4,5.4,16.0,0.0,0.0,35.0,-100.0,-100.0,-100.0,0.0,0.0,-0.0,33.0,-71.693,-90.0,-72.089,24.0,2.0,-4.382,32.0,-65.467,-65.0,-65.0,-24.0,0.0,-0.0,46.0,-95.017,-95.017,-95.017,0.0,0.0,0.0,33.0,-69.756,-70.244,-70.244,8.0,0.0,-0.0,34.0,-33.196,-33.196,-33.196,0.0,0.0,-0.0,34.0
15.1035,1,rev,-90.0,12.2,5.618,5.4,5.4,16.0,0.0,0.0,35.0,-100.0,-100.0,-100.0,0.0,0.0,-0.0,33.0,-71.835,-90.0,-72.301,24.0,2.0,-3.269,32.0,-65.467,-65.0,-65.0,-24.0,0.0,-0.0,46.0,-95.017,-95.017,-95.017,0.0,0.0,0.0,33.0,-69.756,-70.244,-70.244,8.0,0.0,-0.0,34.0,-33.196,-33.196,-33.196,0.0,0.0,-0.0,34.0
15.1562,1,rev,-90.0,12.2,5.618,5.4,5.4,16.0,0.0,0.0,35.0,-100.0,-100.0,-100.0,0.0,0.0,-0.0,33.0,-72.119,-90.0,-72.515,24.0,2.0,-4.302,32.0,-65.467,-65.0,-65.0,-24.0,0.0,-0.0,46.0,-95.017,-95.017,-95.017,0.0,0.0,0.0,33.0,-69.756,-70.244,-70.244,8.0,0.0,-0.0,34.0,-33.196,-33.196,-33.196,0.0,0.0,-0.0,34.0
15.2084,1,rev,-90.0,12.2,5.618,5.4,5.4,16.0,0.0,0.0,35.0,-100.0,-100.0,-100.0,0.0,0.0,-0.0,33.0,-72.262,-90.0,-72.732,24.0,2.0,-4.591,32.0,-65.467,-65.0,-65.0,-24.0,0.0,-0.0,46.0,-95.017,-95.017,-95.017,0.0,0.0,0.0,33.0,-69.756,-70.244,-70.244,8.0,0.0,-0.0,34.0,-33.196,-33.196,-33.196,0.0,0.0,-0.0,34.0
15.2623,1,rev,-90.0,12.2,5.618,5.4,5.4,16.0,0.0,0.0,35.0,-100.0,-100.0,-100.0,0.0,0.0,-0.0,33.0,-72.404,-90.0,-72.855,24.0,2.0,-3.824,32.0,-65.467,-65.0,-65.0,-24.0,0.0,-0.0,46.0,-95.017,-95.017,-95.017,0.0,0.0,0.0,33.0,-69.756,-70.244,-70.244,8.0,0.0,-0.0,34.0,-33.196,-33.196,-33.196,0.0,0.0,-0.0,34.0
15.3165,1,rev,-90.0,12.2,5.618,5.4,5.4,16.0,0.0,0.0,35.0,-100.0,-100.0,-100.0,0.0,0.0,-0.0,33.0,-72.688,-90.0,-73.085,24.0,2.0,-4.154,32.0,-65.467,-65.0,-65.0,-24.0,1.0,-0.0,46.0,-95.017,-95.017,-95.017,0.0,0.0,0.0,33.0,-69.756,-70.244,-70.244,8.0,0.0,-0.0,34.0,-33.196,-33.196,-33.196,0.0,0.0,-0.0,34.0
15.37,1,rev,-90.0,12.2,5.618,5.4,5.4,16.0,0.0,0.0,35.0,-100.0,-100.0,-100.0,0.0,0.0,-0.0,33.0,-72.831,-90.0,-73.307,24.0,2.0,-3.616,32.0,-65.467,-65.0,-65.0,-24.0,1.0,-0.0,46.0,-95.017,-95.017,-95.017,0.0,0.0,0.0,33.0,-69.756,-70.244,-70.244,8.0,0.0,-0.0,34.0,-33.196,-33.196,-33.196,0.0,0.0,-0.0,34.0
15.423,1,rev,-90.0,12.2,5.618,5.4,5.4,16.0,0.0,0.0,35.0,-100.0,-100.0,-100.0,0.0,0.0,-0.0,33.0,-73.115,-90.0,-73.522,24.0,2.0,-4.491,32.0,-65.467,-65.0,-65.0,-24.0,1.0,-0.0,46.0,-95.017,-95.017,-95.017,0.0,0.0,0.0,33.0,-69.756,-70.244,-70.244,8.0,0.0,-0.0,34.0,-33.196,-33.196,-33.196,0.0,0.0,-0.0,34.0
15.476,1,rev,-90.0,12.2,5.618,5.4,5.4,16.0,0.0,0.0,35.0,-100.0,-100.0,-100.0,0.0,0.0,-0.0,33.0,-73.257,-90.0,-73.736,24.0,2.0,-3.8,32.0,-65.467,-65.0,-65.0,-24.0,1.0,-0.0,46.0,-95.017,-95.017,-95.017,0.0,0.0,0.0,33.0,-69.756,-70.244,-70.244,8.0,0.0,-0.0,34.0,-33.196,-33.196,-33.196,0.0,0.0,-0.0,34.0
15.5284,1,rev,-90.0,12.2,5.618,5.4,5.4,16.0,0.0,0.0,35.0,-100.0,-100.0,-100.0,0.0,0.0,-0.0,33.0,-73.542,-90.0,-73.949,24.0,2.0,-4.564,32.0,-65.467,-65.0,-65.0,-24.0,1.0,-0.0,46.0,-95.017,-95.017,-95.017,0.0,0.0,0.0,33.0,-69.756,-70.244,-70.244,8.0,0.0,-0.0,34.0,-33.196,-33.196,-33.196,0.0,0.0,-0.0,34.0
15.5823,1,rev,-90.0,12.2,5.618,5.4,5.4,16.0,0.0,0.0,35.0,-100.0,-100.0,-100.0,0.0,0.0,-0.0,33.0,-73.684,-90.0,-74.164,24.0,2.0,-3.35,32.0,-65.467,-65.0,-65.0,-24.0,1.0,-0.0,46.0,-95.017,-95.017,-95.017,0.0,0.0,0.0,33.0,-69.756,-70.244,-70.244,8.0,0.0,-0.0,34.0,-33.196,-33.196,-33.196,0.0,0.0,-0.0,34.0
15.6356,1,rev,-90.0,12.2,5.618,5.4,5.4,16.0,0.0,0.0,35.0,-100.0,-100.0,-100.0,0.0,0.0,-0.0,33.0,-73.969,-90.0,-74.38,24.0,2.0,-4.302,32.0,-65.467,-65.0,-65.0,-24.0,1.0,-0.0,46.0,-95.017,-95.017,-95.017,0.0,0.0,0.0,33.0,-69.756,-70.244,-70.244,8.0,0.0,-0.0,34.0,-33.196,-33.196,-33.196,0.0,0.0,-0.0,34.0
15.689,1,rev,-90.0,12.2,5.618,5.4,5.4,16.0,0.0,0.0,35.0,-100.0,-100.0,-100.0,0.0,0.0,-0.0,33.0,-74.111,-90.0,-74.595,24.0,2.0,-3.714,32.0,-65.467,-65.0,-65.0,-24.0,1.0,-0.0,46.0,-95.017,-95.017,-95.017,0.0,0.0,0.0,33.0,-69.756,-70.244,-70.244,8.0,0.0,-0.0,34.0,-33.196,-33.196,-33.196,0.0,0.0,-0.0,34.0
15.7422,1,rev,-90.0,12.2,5.618,5.4,5.4,16.0,0.0,0.0,35.0,-100.0,-100.0,-100.0,0.0,0.0,-0.0,33.0,-74.395,-90.0,-74.808,24.0,2.0,-4.522,32.0,-65.467,-65.0,-65.0,-24.0,1.0,-0.0,46.0,-95.017,-95.017,-95.017,0.0,0.0,0.0,33.0,-69.756,-70.244,-70.244,8.0,0.0,-0.0,34.0,-33.196,-33.196,-33.196,0.0,0.0,-0.0,34.0
15.7944,1,rev,-90.0,12.2,5.618,5.4,5.4,16.0,0.0,0.0,35.0,-100.0,-100.0,-100.0,0.0,0.0,-0.0,33.0,-74.538,-90.0,-75.022,24.0,2.0,-3.342,32.0,-65.467,-65.0,-65.0,-24.0,1.0,-0.0,46.0,-95.017,-95.017,-95.017,0.0,0.0,0.0,33.0,-69.756,-70.244,-70.244,8.0,0.0,-0.0,34.0,-33.196,-33.196,-33.196,0.0,0.0,-0.0,34.0
15.8475,1,rev,-90.0,12.2,5.618,5.4,5.4,16.0,0.0,0.0,35.0,-100.0,-100.0,-100.0,0.0,0.0,-0.0,33.0,-74.68,-90.0,-75.13,32.0,1.0,-3.886,32.0,-65.467,-65.0,-65.0,-24.0,1.0,-0.0,46.0,-95.017,-95.017,-95.017,0.0,0.0,0.0,33.0,-69.756,-70.244,-70.244,8.0,0.0,-0.0,34.0,-33.196,-33.196,-33.196,0.0,0.0,-0.0,34.0
15.9008,1,rev,-90.0,12.2,5.618,5.4,5.4,16.0,0.0,0.0,35.0,-100.0,-100.0,-100.0,0.0,0.0,-0.0,33.0,-74.964,-90.0,-75.469,32.0,1.0,-2.946,32.0,-65.467,-65.0,-65.0,-24.0,1.0,-0.0,46.0,-95.017,-95.017,-95.017,0.0,0.0,0.0,33.0,-69.756,-70.244,-70.244,8.0,0.0,-0.0,34.0,-33.196,-33.196,-33.196,0.0,0.0,-0.0,34.0
15.954,1,rev,-90.0,12.2,5.618,5.4,5.4,16.0,0.0,0.0,35.0,-100.0,-100.0,-100.0,0.0,0.0,-0.0,33.0,-75.249,-90.0,-75.683,32.0,1.0,-4.141,32.0,-65.467,-65.0,-65.0,-24.0,1.0,-0.0,46.0,-95.017,-95.017,-95.017,0.0,0.0,0.0,33.0,-69.756,-70.244,-70.244,8.0,0.0,-0.0,34.0,-33.196,-33.196,-33.196,0.0,0.0,-0.0,34.0
16.008,1,rev,-90.0,12.2,5.618,5.4,5.4,16.0,0.0,0.0,35.0,-100.0,-100.0,-100.0,0.0,0.0,-0.0,33.0,-75.391,-90.0,-75.898,32.0,1.0,-3.148,32.0,-65.467,-65.0,-65.0,-24.0,1.0,-0.0,46.0,-95.017,-95.017,-95.017,0.0,0.0,0.0,33.0,-69.756,-70.244,-70.244,8.0,0.0,-0.0,34.0,-33.196,-33.196,-33.196,0.0,0.0,-0.0,34.0
16.061,1,rev,-90.0,12.2,5.618,5.4,5.4,16.0,0.0,0.0,35.0,-100.0,-100.0,-100.0,0.0,0.0,-0.0,33.0,-75.676,-90.0,-76.113,32.0,1.0,-4.252,32.0,-65.467,-65.0,-65.0,-24.0,1.0,-0.0,46.0,-95.017,-95.017,-95.017,0.0,0.0,0.0,33.0,-69.756,-70.244,-70.244,8.0,0.0,-0.0,34.0,-33.196,-33.196,-33.196,0.0,0.0,-0.0,34.0
16.1133,1,rev,-90.0,12.2,5.618,5.4,5.4,16.0,0.0,0.0,35.0,-100.0,-100.0,-100.0,0.0,0.0,-0.0,33.0,-75.96,-90.0,-76.326,32.0,1.0,-4.804,32.0,-65.467,-65.0,-65.0,-24.0,1.0,-0.0,46.0,-95.017,-95.017,-95.017,0.0,0.0,0.0,33.0,-69.756,-70.244,-70.244,8.0,0.0,-0.0,34.0,-33.196,-33.196,-33.196,0.0,0.0,-0.0,34.0
16.1671,1,rev,-90.0,12.2,5.618,5.4,5.4,16.0,0.0,0.0,35.0,-100.0,-100.0,-100.0,0.0,0.0,-0.0,33.0,-76.102,-90.0,-76.541,32.0,1.0,-3.947,32.0,-65.467,-65.0,-65.0,-24.0,1.0,-0.0,46.0,-95.017,-95.017,-95.017,0.0,0.0,0.0,33.0,-69.756,-70.244,-70.244,8.0,0.0,-0.0,34.0,-33.196,-33.196,-33.196,0.0,0.0,-0.0,34.0
16.22,1,rev,-90.0,12.2,5.618,5.4,5.4,16.0,0.0,0.0,35.0,-100.0,-100.0,-100.0,0.0,0.0,-0.0,33.0,-76.387,-90.0,-76.757,32.0,1.0,-4.626,32.0,-65.467,-65.0,-65.0,-24.0,1.0,-0.0,46.0,-95.017,-95.017,-95.017,0.0,0.0,0.0,33.0,-69.756,-70.244,-70.244,8.0,0.0,-0.0,34.0,-33.196,-33.196,-33.196,0.0,0.0,-0.0,34.0
16.2732,1,rev,-90.0,12.2,5.618,5.4,5.4,16.0,0.0,0.0,35.0,-100.0,-100.0,-100.0,0.0,0.0,-0.0,33.0,-76.529,-90.0,-76.971,32.0,1.0,-3.87,32.0,-65.467,-65.0,-65.0,-24.0,1.0,-0.0,46.0,-95.017,-95.017,-95.017,0.0,0.0,0.0,33.0,-69.756,-70.244,-70.244,8.0,0.0,-0.0,34.0,-33.196,-33.196,-33.196,0.0,0.0,-0.0,34.0
16.3266,1,rev,-90.0,12.2,5.618,5.4,5.4,16.0,0.0,0.0,35.0,-100.0,-100.0,-100.0,0.0,0.0,-0.0,33.0,-76.671,-90.0,-77.186,32.0,1.0,-2.997,32.0,-65.467,-65.0,-65.0,-24.0,1.0,-0.0,46.0,-95.017,-95.017,-95.017,0.0,0.0,0.0,33.0,-69.756,-70.244,-70.244,8.0,0.0,-0.0,34.0,-33.196,-33.196,-33.196,0.0,0.0,-0.0,34.0
16.3801,1,rev,-90.0,12.2,5.618,5.4,5.4,16.0,0.0,0.0,35.0,-100.0,-100.0,-100.0,0.0,0.0,-0.0,33.0,-76.956,-90.0,-77.402,32.0,1.0,-4.159,32.0,-65.467,-65.0,-65.0,-24.0,1.0,-0.0,46.0,-95.017,-95.017,-95.017,0.0,0.0,0.0,33.0,-69.756,-70.244,-70.244,8.0,0.0,-0.0,34.0,-33.196,-33.196,-33.196,0.0,0.0,-0.0,34.0
16.4325,1,rev,-90.0,12.2,5.618,5.4,5.4,16.0,0.0,0.0,35.0,-100.0,-100.0,-100.0,0.0,0.0,-0.0,33.0,-76.956,-90.0,-77.637,32.0,2.0,-4.159,32.0,-65.467,-65.0,-65.0,-24.0,1.0,-0.0,46.0,-95.017,-95.017,-95.017,0.0,0.0,0.0,32.0,-69.756,-70.244,-70.244,8.0,0.0,-0.0,34.0,-33.196,-33.196,-33.196,0.0,0.0,-0.0,34.0
16.486,1,rev,-90.0,12.2,5.618,5.4,5.4,16.0,0.0,0.0,35.0,-100.0,-100.0,-100.0,0.0,0.0,-0.0,33.0,-77.24,-90.0,-77.756,32.0,2.0,-4.13,32.0,-65.467,-65.0,-65.0,-24.0,1.0,-0.0,46.0,-95.017,-95.017,-95.017,0.0,0.0,0.0,32.0,-69.756,-70.244,-70.244,8.0,0.0,-0.0,34.0,-33.196,-33.196,-33.196,0.0,0.0,-0.0,34.0
16.5384,1,rev,-90.0,12.2,5.618,5.4,5.4,16.0,0.0,0.0,35.0,-100.0,-100.0,-100.0,0.0,0.0,-0.0,33.0,-77.525,-90.0,-77.98,32.0,2.0,-4.65,32.0,-65.467,-65.0,-65.0,-24.0,1.0,-0.0,46.0,-95.017,-95.017,-95.017,0.0,0.0,0.0,32.0,-69.756,-70.244,-70.244,8.0,0.0,-0.0,34.0,-33.196,-33.196,-33.196,0.0,0.0,-0.0,34.0
16.5907,1,rev,-90.0,12.2,5.618,5.4,5.4,16.0,0.0,0.0,35.0,-100.0,-100.0,-100.0,0.0,0.0,-0.0,33.0,-77.809,-90.0,-78.195,32.0,2.0,-4.957,32.0,-65.467,-65.0,-65.0,-24.0,1.0,-0.0,46.0,-95.017,-95.017,-95.017,0.0,0.0,0.0,32.0,-69.756,-70.244,-70.244,8.0,0.0,-0.0,34.0,-33.196,-33.196,-33.196,0.0,0.0,-0.0,34.0
16.6435,1,rev,-90.0,12.2,5.618,5.4,5.4,16.0,0.0,0.0,35.0,-100.0,-100.0,-100.0,0.0,0.0,-0.0,33.0,-77.952,-90.0,-78.409,32.0,2.0,-4.017,32.0,-65.467,-65.0,-65.0,-24.0,1.0,-0.0,46.0,-95.017,-95.017,-95.017,0.0,0.0,0.0,32.0,-69.756,-70.244,-70.244,8.0,0.0,-0.0,34.0,-33.196,-33.196,-33.196,0.0,0.0,-0.0,34.0
16.6972,1,rev,-90.0,12.2,5.618,5.4,5.4,16.0,0.0,0.0,35.0,-100.0,-100.0,-100.0,0.0,0.0,-0.0,33.0,-78.236,-90.0,-78.623,32.0,2.0,-4.678,32.0,-65.467,-65.0,-65.0,-24.0,1.0,-0.0,46.0,-95.017,-95.017,-95.017,0.0,0.0,0.0,32.0,-69.756,-70.244,-70.244,8.0,0.0,-0.0,34.0,-33.196,-33.196,-33.196,0.0,0.0,-0.0,34.0
16.7494,1,rev,-90.0,12.2,5.618,5.4,5.4,16.0,0.0,0.0,35.0,-100.0,-100.0,-100.0,0.0,0.0,-0.0,33.0,-78.378,-90.0,-78.837,32.0,2.0,-3.88,32.0,-65.467,-65.0,-65.0,-24.0,1.0,-0.0,46.0,-95.017,-95.017,-95.017,0.0,0.0,0.0,32.0,-69.756,-70.244,-70.244,8.0,0.0,-0.0,34.0,-33.196,-33.196,-33.196,0.0,0.0,-0.0,34.0
16.8029,1,rev,-90.0,12.2,5.618,5.4,5.4,16.0,0.0,0.0,35.0,-100.0,-100.0,-100.0,0.0,0.0,-0.0,33.0,-78.663,-90.0,-79.054,32.0,2.0,-4.568,32.0,-65.467,-65.0,-65.0,-24.0,1.0,-0.0,46.0,-95.017,-95.017,-95.017,0.0,0.0,0.0,32.0,-69.756,-70.244,-70.244,8.0,0.0,-0.0,34.0,-33.196,-33.196,-33.196,0.0,0.0,-0.0,34.0
16.8562,1,rev,-90.0,12.2,5.618,5.4,5.4,16.0,0.0,0.0,35.0,-100.0,-100.0,-100.0,0.0,0.0,-0.0,33.0,-78.805,-90.0,-79.269,32.0,2.0,-3.815,32.0,-65.467,-65.0,-65.0,-24.0,1.0,-0.0,46.0,-95.017,-95.017,-95.017,0.0,0.0,0.0,32.0,-69.756,-70.244,-70.244,8.0,0.0,-0.0,34.0,-33.196,-33.196,-33.196,0.0,0.0,-0.0,34.0
16.9085,1,rev,-90.0,12.2,5.618,5.4,5.4,16.0,0.0,0.0,35.0,-100.0,-100.0,-100.0,0.0,0.0,-0.0,33.0,-79.09,-90.0,-79.487,32.0,2.0,-4.543,32.0,-65.467,-65.0,-65.0,-24.0,1.0,-0.0,46.0,-95.017,-95.017,-95.017,0.0,0.0,0.0,32.0,-69.756,-70.244,-70.244,8.0,0.0,-0.0,34.0,-33.196,-33.196,-33.196,0.0,0.0,-0.0,34.0
16.9622,1,rev,-90.0,12.2,5.618,5.4,5.4,16.0,0.0,0.0,35.0,-100.0,-100.0,-100.0,0.0,0.0,-0.0,33.0,-79.232,-90.0,-79.704,32.0,2.0,-3.313,32.0,-65.467,-65.0,-65.0,-24.0,1.0,-0.0,46.0,-95.017,-95.017,-95.017,0.0,0.0,0.0,32.0,-69.756,-70.244,-70.244,8.0,0.0,-0.0,34.0,-33.196,-33.196,-33.196,0.0,0.0,-0.0,34.0
17.0153,1,rev,-90.0,12.2,5.618,5.4,5.4,16.0,0.0,0.0,35.0,-100.0,-100.0,-100.0,0.0,0.0,-0.0,33.0,-79.516,-90.0,-79.948,20.0,1.0,-3.72,32.0,-65.467,-65.0,-65.0,-24.0,1.0,-0.0,46.0,-95.017,-95.017,-95.017,0.0,0.0,0.0,33.0,-69.756,-70.244,-70.244,8.0,0.0,-0.0,34.0,-33.196,-33.196,-33.196,0.0,0.0,-0.0,34.0
17.0685,1,rev,-90.0,12.2,5.618,5.4,5.4,16.0,0.0,0.0,35.0,-100.0,-100.0,-100.0,0.0,0.0,-0.0,33.0,-79.659,-90.0,-80.162,20.0,1.0,-3.411,32.0,-65.467,-65.0,-65.0,-24.0,1.0,-0.0,46.0,-95.017,-95.017,-95.017,0.0,0.0,0.0,33.0,-69.756,-70.244,-70.244,8.0,0.0,-0.0,34.0,-33.196,-33.196,-33.196,0.0,0.0,-0.0,34.0
17.1218,1,rev,-90.0,12.2,5.618,5.4,5.4,16.0,0.0,0.0,35.0,-100.0,-100.0,-100.0,0.0,0.0,-0.0,33.0,-79.943,-90.0,-80.376,20.0,1.0,-4.406,32.0,-65.467,-65.0,-65.0,-24.0,1.0,-0.0,46.0,-95.017,-95.017,-95.017,0.0,0.0,0.0,33.0,-69.756,-70.244,-70.244,8.0,0.0,-0.0,34.0,-33.196,-33.196,-33.196,0.0,0.0,-0.0,34.0
17.175,1,rev,-90.0,12.2,5.618,5.4,5.4,16.0,0.0,0.0,35.0,-100.0,-100.0,-100.0,0.0,0.0,-0.0,33.0,-80.228,-90.0,-80.589,20.0,1.0,-4.851,32.0,-65.467,-65.0,-65.0,-24.0,1.0,-0.0,46.0,-95.017,-95.017,-95.017,0.0,0.0,0.0,33.0,-69.756,-70.244,-70.244,8.0,0.0,-0.0,34.0,-33.196,-33.196,-33.196,0.0,0.0,-0.0,34.0
17.2283,1,rev,-90.0,12.2,5.618,5.4,5.4,16.0,0.0,0.0,35.0,-100.0,-100.0,-100.0,0.0,0.0,-0.0,33.0,-80.228,-90.0,-80.804,20.0,1.0,-3.396,32.0,-65.467,-65.0,-65.0,-24.0,1.0,-0.0,46.0,-95.017,-95.017,-95.017,0.0,0.0,0.0,33.0,-69.756,-70.244,-70.244,8.0,0.0,-0.0,34.0,-33.196,-33.196,-33.196,0.0,0.0,-0.0,34.0
17.2819,1,rev,-90.0,12.2,5.618,5.4,5.4,16.0,0.0,0.0,35.0,-100.0,-100.0,-100.0,0.0,0.0,-0.0,33.0,-80.512,-90.0,-81.03,20.0,1.0,-4.247,32.0,-65.467,-65.0,-65.0,-24.0,1.0,-0.0,46.0,-95.017,-95.017,-95.017,0.0,0.0,0.0,33.0,-69.756,-70.244,-70.244,8.0,0.0,-0.0,34.0,-33.196,-33.196,-33.196,0.0,0.0,-0.0,34.0
17.3353,1,rev,-90.0,12.2,5.618,5.4,5.4,16.0,0.0,0.0,35.0,-100.0,-100.0,-100.0,0.0,0.0,-0.0,33.0,-80.654,-90.0,-81.257,20.0,1.0,-3.09,32.0,-65.467,-65.0,-65.0,-24.0,1.0,-0.0,46.0,-95.017,-95.017,-95.017,0.0,0.0,0.0,33.0,-69.756,-70.244,-70.244,8.0,0.0,-0.0,34.0,-33.196,-33.196,-33.196,0.0,0.0,-0.0,34.0
17.3892,1,rev,-90.0,12.2,5.618,5.4,5.4,16.0,0.0,0.0,35.0,-100.0,-100.0,-100.0,0.0,0.0,-0.0,33.0,-80.939,-90.0,-81.473,20.0,1.0,-4.205,32.0,-65.467,-65.0,-65.0,-24.0,1.0,-0.0,46.0,-95.017,-95.017,-95.017,0.0,0.0,0.0,33.0,-69.756,-70.244,-70.244,8.0,0.0,-0.0,34.0,-33.196,-33.196,-33.196,0.0,0.0,-0.0,34.0
17.443,1,rev,-90.0,12.2,5.618,5.4,5.4,16.0,0.0,0.0,35.0,-100.0,-100.0,-100.0,0.0,0.0,-0.0,33.0,-81.081,-90.0,-81.593,20.0,1.0,-3.061,32.0,-65.467,-65.0,-65.0,-24.0,1.0,-0.0,46.0,-95.017,-95.017,-95.017,0.0,0.0,0.0,33.0,-69.756,-70.244,-70.244,8.0,0.0,-0.0,34.0,-33.196,-33.196,-33.196,0.0,0.0,-0.0,34.0
17.4959,1,rev,-90.0,12.2,5.618,5.4,5.4,16.0,0.0,0.0,35.0,-100.0,-100.0,-100.0,0.0,0.0,-0.0,33.0,-81.366,-90.0,-81.808,20.0,1.0,-4.176,32.0,-65.467,-65.0,-65.0,-24.0,1.0,-0.0,46.0,-95.017,-95.017,-95.017,0.0,0.0,0.0,33.0,-69.756,-70.244,-70.244,8.0,0.0,-0.0,34.0,-33.196,-33.196,-33.196,0.0,0.0,-0.0,34.0
17.5492,1,rev,-90.0,12.2,5.618,5.4,5.4,16.0,0.0,0.0,35.0,-100.0,-100.0,-100.0,0.0,0.0,-0.0,33.0,-81.65,-90.0,-82.023,20.0,1.0,-4.769,32.0,-65.467,-65.0,-65.0,-24.0,1.0,-0.0,46.0,-95.017,-95.017,-95.017,0.0,0.0,0.0,33.0,-69.756,-70.244,-70.244,8.0,0.0,-0.0,34.0,-33.196,-33.196,-33.196,0.0,0.0,-0.0,34.0
17.6014,1,rev,-90.0,12.2,5.618,5.4,5.4,16.0,0.0,0.0,35.0,-100.0,-100.0,-100.0,0.0,0.0,-0.0,32.0,-81.792,-90.0,-82.273,24.0,0.0,-4.022,32.0,-65.467,-65.0,-65.0,-24.0,1.0,-0.0,46.0,-95.017,-95.017,-95.017,0.0,0.0,0.0,33.0,-69.756,-70.244,-70.244,8.0,0.0,-0.0,34.0,-33.196,-33.196,-33.196,0.0,0.0,-0.0,34.0
17.6546,1,rev,-90.0,12.2,5.618,5.4,5.4,16.0,0.0,0.0,35.0,-100.0,-100.0,-100.0,0.0,0.0,-0.0,32.0,-81.935,-90.0,-82.486,24.0,0.0,-3.548,32.0,-65.467,-65.0,-65.0,-24.0,1.0,-0.0,46.0,-95.017,-95.017,-95.017,0.0,0.0,0.0,33.0,-69.756,-70.244,-70.244,8.0,0.0,-0.0,34.0,-33.196,-33.196,-33.196,0.0,0.0,-0.0,34.0
17.7081,1,rev,-90.0,12.2,5.528,5.4,5.4,16.0,0.0,-1.005,35.0,-100.0,-100.0,-100.0,0.0,0.0,-0.0,32.0,-82.219,-90.0,-82.703,24.0,0.0,-4.425,32.0,-65.467,-65.0,-65.0,-24.0,1.0,-0.0,46.0,-95.017,-95.017,-95.017,0.0,0.0,0.0,33.0,-69.756,-70.244,-70.244,8.0,0.0,-0.0,34.0,-33.196,-33.196,-33.196,0.0,0.0,-0.0,34.0
17.7611,1,rev,-90.0,12.2,5.528,5.4,5.4,16.0,0.0,-0.493,35.0,-100.0,-100.0,-100.0,0.0,0.0,-0.0,32.0,-82.504,-90.0,-82.918,24.0,0.0,-4.88,32.0,-65.467,-65.0,-65.0,-24.0,1.0,-0.0,46.0,-95.017,-95.017,-95.017,0.0,0.0,0.0,33.0,-69.756,-70.244,-70.244,8.0,0.0,-0.0,34.0,-32.99,-33.196,-33.196,0.0,0.0,1.61,34.0
17.8138,1,rev,-90.0,12.2,5.528,5.4,5.4,16.0,0.0,-0.241,35.0,-100.0,-100.0,-100.0,0.0,0.0,-0.0,32.0,-82.646,-90.0,-83.135,24.0,0.0,-3.493,32.0,-65.467,-65.0,-65.0,-24.0,1.0,-0.0,46.0,-95.017,-95.017,-95.017,0.0,0.0,0.0,33.0,-69.756,-70.244,-70.244,8.0,0.0,-0.0,34.0,-33.196,-33.196,-33.196,0.0,0.0,-1.488,34.0
17.867,1,rev,-90.0,12.2,5.528,5.4,5.4,16.0,0.0,-0.118,35.0,-100.0,-100.0,-100.0,0.0,0.0,-0.0,32.0,-82.93,-90.0,-83.35,24.0,0.0,-4.407,32.0,-65.467,-65.0,-65.0,-24.0,1.0,-0.0,46.0,-95.017,-95.017,-95.017,0.0,0.0,0.0,33.0,-69.756,-70.244,-70.244,8.0,0.0,-0.0,34.0,-33.196,-33.196,-33.196,0.0,0.0,-0.729,34.0
17.9201,1,rev,-90.0,12.2,5.528,5.4,5.4,16.0,0.0,-0.058,35.0,-100.0,-100.0,-100.0,0.0,0.0,-0.0,32.0,-83.073,-90.0,-83.565,24.0,0.0,-3.271,32.0,-65.467,-65.0,-65.0,-24.0,1.0,-0.0,46.0,-95.017,-95.017,-95.017,0.0,0.0,0.0,33.0,-69.756,-70.244,-70.244,8.0,0.0,-0.0,34.0,-33.196,-33.196,-33.196,0.0,0.0,-0.357,34.0
17.9724,1,rev,-90.0,12.2,5.528,5.4,5.4,16.0,0.0,-0.041,35.0,-100.0,-100.0,-100.0,0.0,0.0,-0.0,32.0,-83.215,-90.0,-83.781,24.0,0.0,-3.88,32.0,-65.467,-65.0,-65.0,-24.0,1.0,-0.0,46.0,-95.017,-95.017,-95.017,0.0,0.0,0.0,33.0,-69.756,-70.244,-70.244,8.0,0.0,-0.0,34.0,-33.196,-33.196,-33.196,0.0,0.0,-0.25,34.0
18.0268,1,rev,-90.0,12.2,5.528,5.4,5.4,16.0,0.0,-0.02,35.0,-100.0,-100.0,-100.0,0.0,0.0,-0.0,32.0,-83.499,-90.0,-84.002,24.0,0.0,-4.551,32.0,-65.467,-65.0,-65.0,-24.0,1.0,-0.0,46.0,-95.017,-95.017,-95.017,0.0,0.0,0.0,33.0,-69.756,-70.244,-70.244,8.0,0.0,-0.0,34.0,-33.196,-33.196,-33.196,0.0,0.0,-0.123,34.0
18.0802,1,rev,-90.0,12.2,5.528,5.4,5.4,16.0,0.0,-0.01,35.0,-100.0,-100.0,-100.0,0.0,0.0,-0.0,32.0,-83.642,-90.0,-84.229,24.0,0.0,-3.824,32.0,-65.467,-65.0,-65.0,-24.0,1.0,-0.0,46.0,-95.017,-95.017,-95.017,0.0,0.0,0.0,33.0,-69.756,-70.244,-70.244,8.0,0.0,-0.0,34.0,-33.196,-33.196,-33.196,0.0,0.0,-0.06,34.0
18.1332,1,rev,-90.0,12.2,5.528,5.4,5.4,16.0,0.0,-0.005,35.0,-100.0,-100.0,-100.0,0.0,0.0,-0.0,32.0,-83.926,-90.0,-84.342,24.0,0.0,-4.537,32.0,-65.467,-65.0,-65.0,-24.0,1.0,-0.0,46.0,-95.017,-95.017,-95.017,0.0,0.0,0.0,33.0,-69.756,-70.244,-70.244,8.0,0.0,-0.0,34.0,-33.196,-33.196,-33.196,0.0,0.0,-0.029,34.0
18.1856,1,rev,-90.0,12.2,5.528,5.4,5.4,8.0,0.0,-0.003,35.0,-100.0,-100.0,-100.0,-8.0,0.0,-0.0,33.0,-84.068,-90.0,-84.578,24.0,1.0,-3.898,33.0,-65.467,-65.0,-65.0,-24.0,1.0,-0.0,46.0,-95.017,-95.017,-95.017,0.0,0.0,0.0,33.0,-69.756,-70.244,-70.244,8.0,0.0,-0.0,34.0,-33.196,-33.196,-33.196,0.0,0.0,-0.021,34.0
18.2395,1,rev,-90.0,12.2,5.528,5.4,5.4,8.0,0.0,-0.002,35.0,-100.0,-100.0,-100.0,-8.0,0.0,-0.0,33.0,-84.211,-90.0,-84.792,24.0,1.0,-3.507,33.0,-65.467,-65.0,-65.0,-24.0,1.0,-0.0,46.0,-95.017,-95.017,-95.017,0.0,0.0,0.0,33.0,-69.756,-70.244,-70.244,8.0,0.0,-0.0,34.0,-32.99,-33.196,-33.196,0.0,0.0,2.305,34.0
18.2926,1,rev,-90.0,12.2,5.528,5.4,5.4,8.0,0.0,-0.001,35.0,-100.0,-100.0,-100.0,-8.0,0.0,-0.0,33.0,-84.637,-90.0,-85.008,24.0,1.0,-5.499,33.0,-65.467,-65.0,-65.0,-24.0,1.0,-0.0,46.0,-95.017,-95.017,-95.017,0.0,0.0,0.0,33.0,-69.756,-70.244,-70.244,8.0,0.0,-0.0,34.0,-33.196,-33.196,-33.196,0.0,0.0,-0.472,34.0
18.3454,1,rev,-90.0,12.2,5.528,5.4,5.4,8.0,0.0,-0.0,35.0,-100.0,-100.0,-100.0,-8.0,0.0,-0.0,33.0,-84.78,-90.0,-85.225,24.0,1.0,-4.285,33.0,-65.467,-65.0,-65.0,-24.0,1.0,-0.0,46.0,-95.017,-95.017,-95.017,0.0,0.0,0.0,33.0,-69.756,-70.244,-70.244,8.0,0.0,-0.0,34.0,-33.196,-33.196,-33.196,0.0,0.0,-0.231,34.0
18.3989,1,rev,-90.0,12.2,5.528,5.4,5.4,8.0,0.0,-0.0,35.0,-100.0,-100.0,-100.0,-8.0,0.0,-0.0,33.0,-84.922,-90.0,-85.441,24.0,1.0,-3.197,33.0,-65.467,-65.0,-65.0,-24.0,1.0,-0.0,46.0,-95.017,-95.017,-95.017,0.0,0.0,0.0,33.0,-69.756,-70.244,-70.244,8.0,0.0,-0.0,34.0,-33.196,-33.196,-33.196,0.0,0.0,-0.113,34.0
18.4522,1,rev,-90.0,12.2,5.528,5.4,5.4,8.0,0.0,-0.0,35.0,-100.0,-100.0,-100.0,-8.0,0.0,-0.0,33.0,-85.206,-90.0,-85.656,24.0,1.0,-4.269,33.0,-65.467,-65.0,-65.0,-24.0,1.0,-0.0,46.0,-95.017,-95.017,-95.017,0.0,0.0,0.0,33.0,-69.756,-70.244,-70.244,8.0,0.0,-0.0,34.0,-33.196,-33.196,-33.196,0.0,0.0,-0.056,34.0
18.5046,1,rev,-90.0,12.2,5.528,5.4,5.4,8.0,0.0,-0.0,35.0,-100.0,-100.0,-100.0,-8.0,0.0,-0.0,33.0,-85.491,-90.0,-85.875,24.0,1.0,-4.732,33.0,-65.467,-65.0,-65.0,-24.0,1.0,-0.0,46.0,-95.017,-95.017,-95.017,0.0,0.0,0.0,33.0,-69.756,-70.244,-70.244,8.0,0.0,-0.0,34.0,-33.196,-33.196,-33.196,0.0,0.0,-0.027,34.0
18.558,1,rev,-90.0,12.2,5.528,5.4,5.4,8.0,0.0,-0.0,35.0,-100.0,-100.0,-100.0,-8.0,0.0,-0.0,33.0,-85.633,-90.0,-86.09,24.0,1.0,-3.881,33.0,-65.467,-65.0,-65.0,-24.0,1.0,-0.0,46.0,-95.017,-95.017,-95.017,0.0,0.0,0.0,33.0,-69.756,-70.244,-70.244,8.0,0.0,-0.0,34.0,-33.196,-33.196,-33.196,0.0,0.0,-0.013,34.0
18.6112,1,rev,-90.0,12.2,5.528,5.4,5.4,8.0,0.0,-0.0,35.0,-100.0,-100.0,-100.0,-8.0,0.0,-0.0,33.0,-85.917,-90.0,-86.305,24.0,1.0,-4.646,33.0,-65.467,-65.0,-65.0,-24.0,1.0,-0.0,46.0,-95.017,-95.017,-95.017,0.0,0.0,0.0,33.0,-69.756,-70.244,-70.244,8.0,0.0,-0.0,34.0,-33.196,-33.196,-33.196,0.0,0.0,-0.007,34.0
18.6641,1,rev,-90.0,12.2,5.528,5.4,5.4,8.0,0.0,-0.0,35.0,-100.0,-100.0,-100.0,-8.0,0.0,-0.0,33.0,-86.06,-90.0,-86.517,24.0,1.0,-3.856,33.0,-65.467,-65.0,-65.0,-24.0,1.0,-0.0,46.0,-95.017,-95.017,-95.017,0.0,0.0,0.0,33.0,-69.756,-70.244,-70.244,8.0,0.0,-0.0,34.0,-33.196,-33.196,-33.196,0.0,0.0,-0.003,34.0
18.7165,1,rev,-90.0,12.2,5.528,5.4,5.4,8.0,0.0,-0.0,35.0,-100.0,-100.0,-100.0,-8.0,0.0,-0.0,33.0,-86.202,-90.0,-86.625,24.0,1.0,-4.261,32.0,-65.467,-65.0,-65.0,-24.0,0.0,-0.0,46.0,-95.017,-95.017,-95.017,0.0,0.0,0.0,32.0,-69.756,-70.244,-70.244,8.0,0.0,-0.0,34.0,-33.196,-33.196,-33.196,0.0,0.0,-0.002,34.0
18.7699,1,rev,-90.0,12.2,5.528,5.4,5.4,8.0,0.0,-0.0,35.0,-100.0,-100.0,-100.0,-8.0,0.0,-0.0,33.0,-86.344,-90.0,-86.964,24.0,1.0,-2.61,32.0,-65.467,-65.0,-65.0,-24.0,0.0,-0.0,46.0,-95.017,-95.017,-95.017,0.0,0.0,0.0,32.0,-69.756,-70.244,-70.244,8.0,0.0,-0.0,34.0,-33.196,-33.196,-33.196,0.0,0.0,-0.001,34.0
18.8233,1,rev,-90.0,12.2,5.528,5.4,5.4,8.0,0.0,-0.0,35.0,-100.0,-100.0,-100.0,-8.0,0.0,-0.0,33.0,-86.771,-90.0,-87.181,24.0,1.0,-5.042,32.0,-65.467,-65.0,-65.0,-24.0,0.0,-0.0,46.0,-95.017,-95.017,-95.017,0.0,0.0,0.0,32.0,-69.756,-70.244,-70.244,8.0,0.0,-0.0,34.0,-33.196,-33.196,-33.196,0.0,0.0,-0.001,34.0
18.8767,1,rev,-90.0,12.2,5.528,5.4,5.4,8.0,0.0,-0.0,35.0,-100.0,-100.0,-100.0,-8.0,0.0,-0.0,33.0,-86.913,-90.0,-87.397,24.0,1.0,-4.053,32.0,-65.467,-65.0,-65.0,-24.0,0.0,-0.0,46.0,-95.017,-95.017,-95.017,0.0,0.0,0.0,32.0,-69.756,-70.244,-70.244,8.0,0.0,-0.0,34.0,-33.196,-33.196,-33.196,0.0,0.0,-0.0,34.0
18.9301,1,rev,-90.0,12.2,5.528,5.4,5.4,8.0,0.0,-0.0,35.0,-100.0,-100.0,-100.0,-8.0,0.0,-0.0,33.0,-87.055,-90.0,-87.614,24.0,1.0,-4.419,32.0,-65.467,-65.0,-65.0,-24.0,0.0,-0.0,46.0,-95.017,-95.017,-95.017,0.0,0.0,0.0,32.0,-69.756,-70.244,-70.244,8.0,0.0,-0.0,34.0,-33.196,-33.196,-33.196,0.0,0.0,-0.0,34.0
18.9828,1,rev,-90.0,12.2,5.528,5.4,5.4,8.0,0.0,-0.0,35.0,-100.0,-100.0,-100.0,-8.0,0.0,-0.0,33.0,-87.34,-90.0,-87.841,24.0,1.0,-4.742,32.0,-65.467,-65.0,-65.0,-24.0,0.0,-0.0,46.0,-95.017,-95.017,-95.017,0.0,0.0,0.0,32.0,-69.756,-70.244,-70.244,8.0,0.0,-0.0,34.0,-33.196,-33.196,-33.196,0.0,0.0,-0.0,34.0
19.0375,1,rev,-90.0,12.2,5.528,5.4,5.4,8.0,0.0,-0.0,35.0,-100.0,-100.0,-100.0,-8.0,0.0,-0.0,33.0,-87.482,-90.0,-87.961,24.0,1.0,-3.913,32.0,-65.467,-65.0,-65.0,-24.0,0.0,-0.0,46.0,-95.017,-95.017,-95.017,0.0,0.0,0.0,32.0,-69.756,-70.244,-70.244,8.0,0.0,-0.0,34.0,-33.196,-33.196,-33.196,0.0,0.0,-0.0,34.0
19.0914,1,rev,-90.0,12.2,5.528,5.4,5.4,8.0,0.0,-0.0,35.0,-100.0,-100.0,-100.0,-8.0,0.0,-0.0,33.0,-87.767,-90.0,-88.187,24.0,1.0,-4.523,32.0,-65.467,-65.0,-65.0,-24.0,0.0,-0.0,46.0,-95.017,-95.017,-95.017,0.0,0.0,0.0,32.0,-69.756,-70.244,-70.244,8.0,0.0,-0.0,34.0,-33.196,-33.196,-33.196,0.0,0.0,-0.0,34.0
19.1447,1,rev,-90.0,12.2,5.528,5.4,5.4,8.0,0.0,-0.0,35.0,-100.0,-100.0,-100.0,-8.0,0.0,-0.0,33.0,-87.909,-90.0,-88.402,24.0,1.0,-3.825,32.0,-65.467,-65.0,-65.0,-24.0,0.0,-0.0,46.0,-95.017,-95.017,-95.017,0.0,0.0,0.0,32.0,-69.756,-70.244,-70.244,8.0,0.0,-0.0,34.0,-33.196,-33.196,-33.196,0.0,0.0,-0.0,34.0
19.1978,1,rev,-90.0,12.2,5.528,5.4,5.4,8.0,0.0,-0.0,35.0,-100.0,-100.0,-100.0,-8.0,0.0,-0.0,33.0,-88.193,-90.0,-88.615,24.0,1.0,-4.576,32.0,-65.467,-65.0,-65.0,-24.0,0.0,-0.0,46.0,-95.017,-95.017,-95.017,0.0,0.0,0.0,32.0,-69.756,-70.244,-70.244,8.0,0.0,-0.0,34.0,-33.196,-33.196,-33.196,0.0,0.0,-0.0,34.0
19.2509,1,rev,-90.0,12.2,5.528,5.4,5.4,8.0,0.0,-0.0,35.0,-100.0,-100.0,-100.0,-8.0,0.0,-0.0,33.0,-88.336,-90.0,-88.829,24.0,1.0,-3.837,32.0,-65.467,-65.0,-65.0,-24.0,0.0,-0.0,46.0,-95.017,-95.017,-95.017,0.0,0.0,0.0,32.0,-69.756,-70.244,-70.244,8.0,0.0,-0.0,34.0,-33.196,-33.196,-33.196,0.0,0.0,-0.0,34.0
19.3042,1,rev,-90.0,12.2,5.528,5.4,5.4,8.0,0.0,-0.0,35.0,-100.0,-100.0,-100.0,-8.0,0.0,-0.0,33.0,-88.478,-90.0,-88.935,32.0,2.0,-4.287,32.0,-65.467,-65.0,-65.0,-24.0,0.0,-0.0,46.0,-95.017,-95.017,-95.017,0.0,0.0,0.0,32.0,-69.756,-70.244,-70.244,8.0,0.0,-0.0,34.0,-33.196,-33.196,-33.196,0.0,0.0,-0.0,34.0
19.3563,1,rev,-90.0,12.2,5.528,5.4,5.4,8.0,0.0,-0.0,35.0,-100.0,-100.0,-100.0,-8.0,0.0,-0.0,33.0,-88.762,-90.0,-89.274,32.0,2.0,-4.18,32.0,-65.467,-65.0,-65.0,-24.0,0.0,-0.0,46.0,-95.017,-95.017,-95.017,0.0,0.0,0.0,32.0,-69.756,-70.244,-70.244,8.0,0.0,-0.0,34.0,-33.196,-33.196,-33.196,0.0,0.0,-0.0,34.0
19.4085,1,rev,-90.0,12.2,5.528,5.4,5.4,8.0,0.0,-0.0,35.0,-100.0,-100.0,-100.0,-8.0,0.0,-0.0,33.0,-89.047,-90.0,-89.489,32.0,2.0,-4.754,32.0,-65.467,-65.0,-65.0,-24.0,0.0,-0.0,46.0,-95.017,-95.017,-95.017,0.0,0.0,0.0,32.0,-69.756,-70.244,-70.244,8.0,0.0,-0.0,34.0,-33.196,-33.196,-33.196,0.0,0.0,-0.0,34.0
19.4619,1,rev,-90.0,12.2,5.528,5.4,5.4,8.0,0.0,-0.0,35.0,-100.0,-100.0,-100.0,-8.0,0.0,-0.0,33.0,-89.189,-90.0,-89.705,32.0,2.0,-3.428,32.0,-65.467,-65.0,-65.0,-24.0,0.0,-0.0,46.0,-95.017,-95.017,-95.017,0.0,0.0,0.0,32.0,-69.756,-70.244,-70.244,8.0,0.0,-0.0,34.0,-33.196,-33.196,-33.196,0.0,0.0,-0.0,34.0
19.5144,1,rev,-90.0,12.2,5.528,5.4,5.4,8.0,0.0,-0.0,35.0,-100.0,-100.0,-100.0,-8.0,0.0,-0.0,33.0,-89.474,-90.0,-89.922,32.0,2.0,-4.362,32.0,-65.467,-65.0,-65.0,-24.0,0.0,-0.0,46.0,-95.017,-95.017,-95.017,0.0,0.0,0.0,32.0,-69.756,-70.244,-70.244,8.0,0.0,-0.0,34.0,-33.196,-33.196,-33.196,0.0,0.0,-0.0,34.0
19.5677,1,hold_start,-90.0,12.2,5.528,5.4,5.4,8.0,0.0,-0.0,35.0,-100.0,-100.0,-100.0,-8.0,0.0,-0.0,33.0,-89.616,-90.0,-90.0,32.0,2.0,-3.263,32.0,-65.467,-65.0,-65.0,-24.0,0.0,-0.0,46.0,-95.017,-95.017,-95.017,0.0,0.0,0.0,32.0,-69.756,-70.244,-70.244,8.0,0.0,-0.0,34.0,-33.196,-33.196,-33.196,0.0,0.0,-0.0,34.0
19.6209,1,hold_start,-90.0,12.2,5.528,5.4,5.4,8.0,0.0,-0.0,35.0,-100.0,-100.0,-100.0,-8.0,0.0,-0.0,33.0,-89.758,-90.0,-90.0,32.0,2.0,-2.701,32.0,-65.467,-65.0,-65.0,-24.0,0.0,-0.0,46.0,-95.017,-95.017,-95.017,0.0,0.0,0.0,32.0,-69.756,-70.244,-70.244,8.0,0.0,-0.0,34.0,-33.196,-33.196,-33.196,0.0,0.0,-0.0,34.0
19.6741,1,hold_start,-90.0,12.2,5.528,5.4,5.4,8.0,0.0,-0.0,35.0,-100.0,-100.0,-100.0,-8.0,0.0,-0.0,33.0,-89.758,-90.0,-90.0,32.0,2.0,-1.324,32.0,-65.467,-65.0,-65.0,-24.0,0.0,-0.0,46.0,-95.017,-95.017,-95.017,0.0,0.0,0.0,32.0,-69.756,-70.244,-70.244,8.0,0.0,-0.0,34.0,-33.196,-33.196,-33.196,0.0,0.0,-0.0,34.0
19.7271,1,hold_start,-90.0,12.2,5.528,5.4,5.4,8.0,0.0,-0.0,35.0,-100.0,-100.0,-100.0,-8.0,0.0,-0.0,33.0,-89.758,-90.0,-90.0,32.0,2.0,-0.649,32.0,-65.467,-65.0,-65.0,-24.0,0.0,-0.0,46.0,-95.017,-95.017,-95.017,0.0,0.0,0.0,32.0,-69.756,-70.244,-70.244,8.0,0.0,-0.0,34.0,-33.196,-33.196,-33.196,0.0,0.0,-0.0,34.0
19.7802,1,hold_start,-90.0,12.2,5.528,5.4,5.4,8.0,0.0,-0.0,35.0,-100.0,-100.0,-100.0,-8.0,0.0,-0.0,33.0,-89.758,-90.0,-90.0,32.0,2.0,-0.318,32.0,-65.467,-65.0,-65.0,-24.0,0.0,-0.0,46.0,-95.017,-95.017,-95.017,0.0,0.0,0.0,32.0,-69.756,-70.244,-70.244,8.0,0.0,-0.0,34.0,-33.196,-33.196,-33.196,0.0,0.0,-0.0,34.0
19.8324,1,hold_start,-90.0,12.2,5.528,5.4,5.4,8.0,0.0,-0.0,35.0,-100.0,-100.0,-100.0,-8.0,0.0,-0.0,33.0,-89.758,-90.0,-90.0,32.0,2.0,-0.156,32.0,-65.467,-65.0,-65.0,-24.0,0.0,-0.0,46.0,-95.017,-95.017,-95.017,0.0,0.0,0.0,32.0,-69.756,-70.244,-70.244,8.0,0.0,-0.0,34.0,-33.196,-33.196,-33.196,0.0,0.0,-0.0,34.0
19.886,1,hold_start,-90.0,12.2,5.528,5.4,5.4,8.0,0.0,-0.0,35.0,-100.0,-100.0,-100.0,-8.0,0.0,-0.0,33.0,-89.758,-90.0,-90.0,16.0,0.0,-0.156,32.0,-65.467,-65.0,-65.0,-24.0,1.0,-0.0,46.0,-95.017,-95.017,-95.017,0.0,0.0,0.0,32.0,-69.756,-70.244,-70.244,8.0,0.0,-0.0,34.0,-33.196,-33.196,-33.196,0.0,0.0,-0.0,34.0
19.9392,1,hold_start,-90.0,12.2,5.528,5.4,5.4,8.0,0.0,-0.0,35.0,-100.0,-100.0,-100.0,-8.0,0.0,-0.0,33.0,-89.758,-90.0,-90.0,16.0,0.0,-0.076,32.0,-65.467,-65.0,-65.0,-24.0,1.0,-0.0,46.0,-95.017,-95.017,-95.017,0.0,0.0,0.0,32.0,-69.756,-70.244,-70.244,8.0,0.0,-0.0,34.0,-32.99,-33.196,-33.196,0.0,0.0,0.695,34.0
19.9927,1,hold_start,-90.0,12.2,5.528,5.4,5.4,8.0,0.0,-0.0,35.0,-100.0,-100.0,-100.0,-8.0,0.0,-0.0,33.0,-89.758,-90.0,-90.0,16.0,0.0,-0.037,32.0,-65.467,-65.0,-65.0,-24.0,1.0,-0.0,46.0,-95.017,-95.017,-95.017,0.0,0.0,0.0,32.0,-69.756,-70.244,-70.244,8.0,0.0,-0.0,34.0,-32.99,-33.196,-33.196,0.0,0.0,0.34,34.0
20.0472,1,hold_start,-90.0,12.2,5.528,5.4,5.4,8.0,0.0,-0.0,35.0,-100.0,-100.0,-100.0,-8.0,0.0,-0.0,33.0,-89.758,-90.0,-90.0,16.0,0.0,-0.018,32.0,-65.467,-65.0,-65.0,-24.0,1.0,-0.0,46.0,-95.017,-95.017,-95.017,0.0,0.0,0.0,32.0,-69.756,-70.244,-70.244,8.0,0.0,-0.0,34.0,-32.99,-33.196,-33.196,0.0,0.0,0.167,34.0
20.1014,1,hold_start,-90.0,12.2,5.528,5.4,5.4,8.0,0.0,-0.0,35.0,-100.0,-100.0,-100.0,-8.0,0.0,-0.0,33.0,-89.758,-90.0,-90.0,16.0,0.0,-0.009,32.0,-65.467,-65.0,-65.0,-24.0,1.0,-0.0,46.0,-95.017,-95.017,-95.017,0.0,0.0,0.0,32.0,-69.756,-70.244,-70.244,8.0,0.0,-0.0,34.0,-32.99,-33.196,-33.196,0.0,0.0,0.082,34.0
20.1547,1,hold_start,-90.0,12.2,5.528,5.4,5.4,8.0,0.0,-0.0,35.0,-100.0,-100.0,-100.0,-8.0,0.0,-0.0,33.0,-89.758,-90.0,-90.0,16.0,0.0,-0.004,32.0,-65.467,-65.0,-65.0,-24.0,1.0,-0.0,46.0,-95.017,-95.017,-95.017,0.0,0.0,0.0,32.0,-69.756,-70.244,-70.244,8.0,0.0,-0.0,34.0,-32.99,-33.196,-33.196,0.0,0.0,0.04,34.0
20.208,1,hold_start,-90.0,12.2,5.528,5.4,5.4,8.0,0.0,-0.0,35.0,-100.0,-100.0,-100.0,-8.0,0.0,-0.0,33.0,-89.758,-90.0,-90.0,16.0,0.0,-0.002,32.0,-65.467,-65.0,-65.0,-24.0,1.0,-0.0,46.0,-95.017,-95.017,-95.017,0.0,0.0,0.0,32.0,-69.756,-70.244,-70.244,8.0,0.0,-0.0,34.0,-32.99,-33.196,-33.196,0.0,0.0,0.02,34.0
20.2611,1,hold_start,-90.0,12.2,5.528,5.4,5.4,8.0,0.0,-0.0,35.0,-100.0,-100.0,-100.0,-8.0,0.0,-0.0,33.0,-89.758,-90.0,-90.0,16.0,0.0,-0.001,32.0,-65.467,-65.0,-65.0,-24.0,1.0,-0.0,46.0,-95.017,-95.017,-95.017,0.0,0.0,0.0,32.0,-69.756,-70.244,-70.244,8.0,0.0,-0.0,34.0,-32.99,-33.196,-33.196,0.0,0.0,0.01,34.0
20.3138,1,hold_start,-90.0,12.2,5.528,5.4,5.4,8.0,0.0,-0.0,35.0,-100.0,-100.0,-100.0,-8.0,0.0,-0.0,33.0,-89.758,-90.0,-90.0,16.0,0.0,-0.001,32.0,-65.467,-65.0,-65.0,-24.0,1.0,-0.0,46.0,-95.017,-95.017,-95.017,0.0,0.0,0.0,32.0,-69.756,-70.244,-70.244,8.0,0.0,-0.0,34.0,-33.196,-33.196,-33.196,0.0,0.0,-1.631,34.0
20.3673,1,hold_start,-90.0,12.2,5.528,5.4,5.4,8.0,0.0,-0.0,35.0,-100.0,-100.0,-100.0,-8.0,0.0,-0.0,33.0,-89.758,-90.0,-90.0,16.0,0.0,-0.0,32.0,-65.467,-65.0,-65.0,-24.0,1.0,-0.0,46.0,-95.017,-95.017,-95.017,0.0,0.0,0.0,32.0,-69.756,-70.244,-70.244,8.0,0.0,-0.0,34.0,-33.196,-33.196,-33.196,0.0,0.0,-0.799,34.0
20.4198,1,hold_start,-90.0,12.2,5.528,5.4,5.4,8.0,0.0,-0.0,35.0,-100.0,-100.0,-100.0,-8.0,0.0,-0.0,33.0,-89.758,-90.0,-90.0,16.0,0.0,-0.0,32.0,-65.467,-65.0,-65.0,-24.0,1.0,-0.0,46.0,-95.017,-95.017,-95.017,0.0,0.0,0.0,32.0,-69.756,-70.244,-70.244,8.0,0.0,-0.0,34.0,-33.196,-33.196,-33.196,0.0,0.0,-0.392,34.0
20.4722,1,hold_start,-90.0,12.2,5.528,5.4,5.4,8.0,0.0,-0.0,35.0,-100.0,-100.0,-100.0,-8.0,0.0,-0.0,33.0,-89.758,-90.0,-90.0,16.0,0.0,-0.0,32.0,-65.467,-65.0,-65.0,-24.0,1.0,-0.0,46.0,-95.017,-95.017,-95.017,0.0,0.0,0.0,32.0,-69.756,-70.244,-70.244,8.0,0.0,-0.0,34.0,-33.196,-33.196,-33.196,0.0,0.0,-0.274,34.0
20.5252,1,hold_start,-90.0,12.2,5.528,5.4,5.4,8.0,0.0,-0.0,35.0,-100.0,-100.0,-100.0,-8.0,0.0,-0.0,33.0,-89.758,-90.0,-90.0,16.0,0.0,-0.0,32.0,-65.467,-65.0,-65.0,-24.0,1.0,-0.0,46.0,-95.017,-95.017,-95.017,0.0,0.0,0.0,32.0,-69.756,-70.244,-70.244,8.0,0.0,-0.0,34.0,-33.196,-33.196,-33.196,0.0,0.0,-0.134,34.0
