t,cycle,leg,target,volt,shoulder_pitch_q,shoulder_pitch_cmd,shoulder_pitch_out,shoulder_pitch_i,shoulder_pitch_cur,shoulder_pitch_qd,shoulder_pitch_temp,shoulder_yaw_q,shoulder_yaw_cmd,shoulder_yaw_out,shoulder_yaw_i,shoulder_yaw_cur,shoulder_yaw_qd,shoulder_yaw_temp,shoulder_roll_q,shoulder_roll_cmd,shoulder_roll_out,shoulder_roll_i,shoulder_roll_cur,shoulder_roll_qd,shoulder_roll_temp,elbow_flex_q,elbow_flex_cmd,elbow_flex_out,elbow_flex_i,elbow_flex_cur,elbow_flex_qd,elbow_flex_temp,wrist_roll_q,wrist_roll_cmd,wrist_roll_out,wrist_roll_i,wrist_roll_cur,wrist_roll_qd,wrist_roll_temp,wrist_yaw_q,wrist_yaw_cmd,wrist_yaw_out,wrist_yaw_i,wrist_yaw_cur,wrist_yaw_qd,wrist_yaw_temp,wrist_pitch_q,wrist_pitch_cmd,wrist_pitch_out,wrist_pitch_i,wrist_pitch_cur,wrist_pitch_qd,wrist_pitch_temp
-0.0372,0,approach,-85.0,11.9,5.528,5.3,5.3,8.0,0.0,0.036,31.0,-100.0,-100.0,-100.0,-8.0,0.0,0.0,30.0,-100.0,-100.0,-100.0,0.0,0.0,0.0,30.0,-46.8,-45.0,-45.0,-104.0,18.0,0.0,36.0,-96.401,-96.263,-96.263,0.0,0.0,-0.371,30.0,8.78,8.78,8.78,0.0,0.0,-0.0,30.0,6.598,6.804,6.804,-8.0,0.0,-0.0,30.0
0.0165,0,approach,-85.0,11.9,5.528,-85.0,5.3,8.0,0.0,0.018,31.0,-100.0,-100.0,-100.0,-8.0,0.0,0.0,30.0,-100.0,-100.0,-100.0,0.0,0.0,0.0,30.0,-46.8,-45.0,-45.0,-104.0,18.0,0.0,36.0,-96.332,-96.263,-96.263,0.0,0.0,0.368,30.0,9.268,8.78,8.78,0.0,0.0,5.451,30.0,6.598,6.804,6.804,-8.0,0.0,-0.0,30.0
0.0688,0,approach,-85.0,11.9,5.438,-85.0,5.086,8.0,0.0,-1.002,31.0,-100.0,-100.0,-100.0,-8.0,0.0,0.0,30.0,-100.0,-100.0,-100.0,0.0,0.0,0.0,30.0,-46.8,-45.0,-45.0,-104.0,18.0,0.0,36.0,-96.332,-96.263,-96.263,0.0,0.0,0.18,30.0,9.268,8.78,8.78,0.0,0.0,2.671,30.0,6.598,6.804,6.804,-8.0,0.0,-0.0,30.0
0.1222,0,approach,-85.0,11.9,5.348,-85.0,4.873,8.0,0.0,-1.505,31.0,-100.0,-100.0,-100.0,-8.0,0.0,0.0,30.0,-100.0,-100.0,-100.0,0.0,0.0,0.0,30.0,-46.8,-45.0,-45.0,-104.0,18.0,0.0,36.0,-96.332,-96.263,-96.263,0.0,0.0,0.088,30.0,9.268,8.78,8.78,0.0,0.0,1.309,30.0,6.598,6.804,6.804,-8.0,0.0,-0.0,30.0
0.1747,0,approach,-85.0,11.9,5.169,-85.0,4.766,36.0,0.0,-3.102,31.0,-100.0,-100.0,-100.0,-8.0,0.0,0.0,30.0,-100.0,-100.0,-100.0,0.0,0.0,0.0,30.0,-46.8,-45.0,-45.0,-104.0,21.0,0.0,36.0,-96.332,-96.263,-96.263,0.0,0.0,0.062,30.0,9.268,8.78,8.78,8.0,0.0,0.916,30.0,6.598,6.804,6.804,-8.0,0.0,-0.0,30.0
0.2279,0,approach,-85.0,11.9,4.899,-85.0,4.435,36.0,0.0,-3.205,31.0,-100.0,-100.0,-100.0,-8.0,0.0,0.0,30.0,-100.0,-100.0,-100.0,0.0,0.0,0.0,30.0,-46.8,-45.0,-45.0,-104.0,21.0,0.0,36.0,-96.401,-96.263,-96.263,0.0,0.0,-0.227,30.0,8.78,8.78,8.78,8.0,0.0,-1.365,30.0,6.598,6.804,6.804,-8.0,0.0,-0.0,30.0
0.2811,0,approach,-85.0,11.9,4.719,-85.0,4.222,36.0,0.0,-2.984,31.0,-100.0,-100.0,-100.0,-8.0,0.0,0.0,30.0,-100.0,-100.0,-100.0,0.0,0.0,0.0,30.0,-46.8,-45.0,-45.0,-104.0,21.0,0.0,36.0,-96.332,-96.263,-96.263,0.0,0.0,0.433,30.0,8.78,8.78,8.78,8.0,0.0,-0.669,30.0,6.598,6.804,6.804,-8.0,0.0,-0.0,30.0
0.3336,0,approach,-85.0,11.9,4.449,-85.0,4.009,36.0,0.0,-4.185,31.0,-100.0,-100.0,-100.0,-8.0,0.0,0.0,30.0,-100.0,-100.0,-100.0,0.0,0.0,0.0,30.0,-46.8,-45.0,-45.0,-104.0,21.0,0.0,36.0,-96.332,-96.263,-96.263,0.0,0.0,0.212,30.0,8.78,8.78,8.78,8.0,0.0,-0.328,30.0,6.598,6.804,6.804,-8.0,0.0,-0.0,30.0
0.387,0,approach,-85.0,11.9,4.18,-85.0,3.795,36.0,0.0,-4.797,31.0,-100.0,-100.0,-100.0,-8.0,0.0,0.0,30.0,-100.0,-100.0,-100.0,0.0,0.0,0.0,30.0,-46.8,-45.0,-45.0,-104.0,21.0,0.0,36.0,-96.332,-96.263,-96.263,0.0,0.0,0.104,30.0,8.78,8.78,8.78,8.0,0.0,-0.161,30.0,6.598,6.804,6.804,-8.0,0.0,-0.0,30.0
0.4401,0,approach,-85.0,11.9,4.0,-85.0,3.584,36.0,0.0,-4.081,31.0,-100.0,-100.0,-100.0,-8.0,0.0,0.0,30.0,-100.0,-100.0,-100.0,0.0,0.0,0.0,30.0,-46.8,-45.0,-45.0,-104.0,21.0,0.0,36.0,-96.332,-96.263,-96.263,0.0,0.0,0.051,30.0,8.78,8.78,8.78,8.0,0.0,-0.079,30.0,6.598,6.804,6.804,-8.0,0.0,-0.0,30.0
0.4934,0,approach,-85.0,11.9,3.82,-85.0,3.371,36.0,0.0,-3.722,31.0,-100.0,-100.0,-100.0,-8.0,0.0,0.0,30.0,-100.0,-100.0,-100.0,0.0,0.0,0.0,30.0,-46.8,-45.0,-45.0,-104.0,21.0,0.0,36.0,-96.401,-96.263,-96.263,0.0,0.0,-0.522,30.0,8.78,8.78,8.78,8.0,0.0,-0.039,30.0,6.598,6.804,6.804,-8.0,0.0,-0.0,30.0
0.5457,0,approach,-85.0,11.9,3.551,-85.0,3.158,36.0,0.0,-4.56,31.0,-100.0,-100.0,-100.0,-8.0,0.0,0.0,30.0,-100.0,-100.0,-100.0,0.0,0.0,0.0,30.0,-46.8,-45.0,-45.0,-104.0,21.0,0.0,36.0,-96.332,-96.263,-96.263,0.0,0.0,0.288,30.0,8.78,8.78,8.78,8.0,0.0,-0.019,30.0,6.598,6.804,6.804,-8.0,0.0,-0.0,30.0
0.5989,0,approach,-85.0,11.9,3.371,-85.0,2.946,36.0,0.0,-3.954,31.0,-100.0,-100.0,-100.0,-8.0,0.0,0.0,30.0,-100.0,-100.0,-100.0,0.0,0.0,0.0,30.0,-46.8,-45.0,-45.0,-104.0,21.0,0.0,36.0,-96.332,-96.263,-96.263,0.0,0.0,0.141,30.0,8.78,8.78,8.78,8.0,0.0,-0.009,30.0,6.598,6.804,6.804,-8.0,0.0,-0.0,30.0
0.6515,0,approach,-85.0,11.9,3.281,-85.0,2.732,36.0,0.0,-2.648,31.0,-100.0,-100.0,-100.0,-8.0,0.0,0.0,30.0,-100.0,-100.0,-100.0,0.0,0.0,0.0,30.0,-46.8,-45.0,-45.0,-104.0,21.0,0.0,36.0,-96.401,-96.263,-96.263,0.0,0.0,-0.477,30.0,8.78,8.78,8.78,8.0,0.0,-0.005,30.0,6.598,6.804,6.804,-8.0,0.0,-0.0,30.0
0.7048,0,approach,-85.0,11.9,3.101,-85.0,2.519,36.0,0.0,-3.018,31.0,-100.0,-100.0,-100.0,-8.0,0.0,0.0,30.0,-100.0,-100.0,-100.0,0.0,0.0,0.0,30.0,-46.8,-45.0,-45.0,-104.0,21.0,0.0,36.0,-96.332,-96.263,-96.263,0.0,0.0,0.549,30.0,9.268,8.78,8.78,8.0,0.0,3.816,30.0,6.598,6.804,6.804,-8.0,0.0,-0.0,30.0
0.7582,0,approach,-85.0,11.9,2.831,-85.0,2.283,40.0,1.0,-3.468,31.0,-100.0,-100.0,-100.0,0.0,0.0,0.0,30.0,-100.0,-100.0,-100.0,-8.0,0.0,0.0,30.0,-46.8,-45.0,-45.0,-104.0,14.0,0.0,36.0,-96.332,-96.263,-96.263,0.0,0.0,0.385,30.0,9.268,8.78,8.78,8.0,0.0,2.671,30.0,6.598,6.804,6.804,-8.0,0.0,-0.0,31.0
0.8104,0,approach,-85.0,11.9,2.562,-85.0,2.067,40.0,1.0,-4.117,31.0,-100.0,-100.0,-100.0,0.0,0.0,0.0,30.0,-100.0,-100.0,-100.0,-8.0,0.0,0.0,30.0,-46.8,-45.0,-45.0,-104.0,14.0,0.0,36.0,-96.332,-96.263,-96.263,0.0,0.0,0.188,30.0,9.268,8.78,8.78,8.0,0.0,1.309,30.0,6.598,6.804,6.804,-8.0,0.0,-0.0,31.0
0.8634,0,approach,-85.0,11.9,2.382,-85.0,1.853,40.0,1.0,-3.74,31.0,-100.0,-100.0,-100.0,0.0,0.0,0.0,30.0,-100.0,-100.0,-100.0,-8.0,0.0,0.0,30.0,-46.8,-45.0,-45.0,-104.0,14.0,0.0,36.0,-96.332,-96.263,-96.263,0.0,0.0,0.092,30.0,8.78,8.78,8.78,8.0,0.0,-4.881,30.0,6.598,6.804,6.804,-8.0,0.0,-0.0,31.0
0.9157,0,approach,-85.0,11.9,2.112,-85.0,1.64,40.0,1.0,-4.26,31.0,-100.0,-100.0,-100.0,0.0,0.0,0.0,30.0,-100.0,-100.0,-100.0,-8.0,0.0,0.0,30.0,-46.8,-45.0,-45.0,-104.0,14.0,0.0,36.0,-96.401,-96.263,-96.263,0.0,0.0,-0.499,30.0,8.78,8.78,8.78,8.0,0.0,-2.391,30.0,6.598,6.804,6.804,-8.0,0.0,-0.0,31.0
0.9688,0,approach,-85.0,11.9,1.933,-85.0,1.428,40.0,1.0,-3.806,31.0,-100.0,-100.0,-100.0,0.0,0.0,0.0,30.0,-100.0,-100.0,-100.0,-8.0,0.0,0.0,30.0,-46.8,-45.0,-45.0,-104.0,14.0,0.0,36.0,-96.401,-96.263,-96.263,0.0,0.0,-0.244,30.0,8.78,8.78,8.78,8.0,0.0,-1.172,30.0,6.598,6.804,6.804,-8.0,0.0,-0.0,31.0
1.0233,0,approach,-85.0,11.9,1.843,-85.0,1.214,40.0,1.0,-2.569,31.0,-100.0,-100.0,-100.0,0.0,0.0,0.0,30.0,-100.0,-100.0,-100.0,-8.0,0.0,0.0,30.0,-46.8,-45.0,-45.0,-104.0,14.0,0.0,36.0,-96.332,-96.263,-96.263,0.0,0.0,0.422,30.0,8.78,8.78,8.78,8.0,0.0,-0.574,30.0,6.598,6.804,6.804,-8.0,0.0,-0.0,31.0
1.0755,0,approach,-85.0,11.9,1.663,-85.0,1.0,40.0,1.0,-2.976,31.0,-100.0,-100.0,-100.0,0.0,0.0,0.0,30.0,-100.0,-100.0,-100.0,-8.0,0.0,0.0,30.0,-46.8,-45.0,-45.0,-104.0,14.0,0.0,36.0,-96.332,-96.263,-96.263,0.0,0.0,0.207,30.0,8.78,8.78,8.78,8.0,0.0,-0.281,30.0,6.598,6.804,6.804,-8.0,0.0,-0.0,31.0
1.1276,0,approach,-85.0,11.9,1.483,-85.0,0.787,40.0,1.0,-4.11,31.0,-100.0,-100.0,-100.0,0.0,0.0,0.0,30.0,-100.0,-100.0,-100.0,-8.0,0.0,0.0,30.0,-46.8,-45.0,-45.0,-104.0,14.0,0.0,36.0,-96.332,-96.263,-96.263,0.0,0.0,0.145,30.0,8.78,8.78,8.78,8.0,0.0,-0.197,30.0,6.598,6.804,6.804,-8.0,0.0,-0.0,31.0
1.1809,0,approach,-85.0,11.9,1.213,-85.0,0.565,40.0,1.0,-4.33,31.0,-100.0,-100.0,-100.0,0.0,0.0,0.0,30.0,-100.0,-100.0,-100.0,-8.0,0.0,0.0,30.0,-46.8,-45.0,-45.0,-104.0,14.0,0.0,36.0,-96.401,-96.263,-96.263,0.0,0.0,-0.711,30.0,9.268,8.78,8.78,8.0,0.0,3.434,30.0,6.598,6.804,6.804,-8.0,0.0,-0.0,31.0
1.2338,0,approach,-85.0,11.9,1.034,-85.0,0.34,40.0,1.0,-3.775,31.0,-100.0,-100.0,-100.0,0.0,0.0,0.0,30.0,-100.0,-100.0,-100.0,-8.0,0.0,0.0,30.0,-46.8,-45.0,-45.0,-104.0,14.0,0.0,36.0,-96.401,-96.263,-96.263,0.0,0.0,-0.348,30.0,9.268,8.78,8.78,8.0,0.0,1.683,30.0,6.598,6.804,6.804,-8.0,0.0,-0.0,31.0
1.2872,0,approach,-85.0,11.9,0.674,-85.0,0.232,40.0,1.0,-5.248,31.0,-100.0,-100.0,-100.0,0.0,0.0,0.0,30.0,-100.0,-100.0,-100.0,-8.0,0.0,0.0,30.0,-46.8,-45.0,-45.0,-104.0,14.0,0.0,36.0,-96.332,-96.263,-96.263,0.0,0.0,0.369,30.0,9.268,8.78,8.78,8.0,0.0,0.824,30.0,6.598,6.804,6.804,-8.0,0.0,-0.0,31.0
1.3397,0,approach,-85.0,11.9,0.584,-85.0,-0.008,32.0,0.0,-4.125,31.0,-100.0,-100.0,-100.0,-8.0,0.0,0.0,30.0,-100.0,-100.0,-100.0,-8.0,0.0,0.0,30.0,-46.8,-45.0,-45.0,-104.0,17.0,0.0,36.0,-96.332,-96.263,-96.263,0.0,0.0,0.258,30.0,9.268,8.78,8.78,8.0,0.0,0.577,30.0,6.598,6.804,6.804,-8.0,0.0,-0.0,30.0
1.3927,0,approach,-85.0,11.9,0.404,-85.0,-0.221,32.0,0.0,-4.043,31.0,-100.0,-100.0,-100.0,-8.0,0.0,0.0,30.0,-100.0,-100.0,-100.0,-8.0,0.0,0.0,30.0,-46.8,-45.0,-45.0,-104.0,17.0,0.0,36.0,-96.332,-96.263,-96.263,0.0,0.0,0.126,30.0,9.268,8.78,8.78,8.0,0.0,0.283,30.0,6.598,6.804,6.804,-8.0,0.0,-0.0,30.0
1.4461,0,approach,-85.0,11.9,0.315,-85.0,-0.435,32.0,0.0,-2.994,31.0,-100.0,-100.0,-100.0,-8.0,0.0,0.0,30.0,-100.0,-100.0,-100.0,-8.0,0.0,0.0,30.0,-46.8,-45.0,-45.0,-104.0,17.0,0.0,36.0,-96.401,-96.263,-96.263,0.0,0.0,-0.48,30.0,9.268,8.78,8.78,8.0,0.0,0.139,30.0,6.598,6.804,6.804,-8.0,0.0,-0.0,30.0
1.4985,0,approach,-85.0,11.9,-0.045,-85.0,-0.649,32.0,0.0,-5.183,31.0,-100.0,-100.0,-100.0,-8.0,0.0,0.0,30.0,-100.0,-100.0,-100.0,-8.0,0.0,0.0,30.0,-46.8,-45.0,-45.0,-104.0,17.0,0.0,36.0,-96.332,-96.263,-96.263,0.0,0.0,0.538,30.0,9.268,8.78,8.78,8.0,0.0,0.068,30.0,6.598,6.804,6.804,-8.0,0.0,-0.0,30.0
1.5507,0,approach,-85.0,11.9,-0.225,-85.0,-0.863,32.0,0.0,-4.26,31.0,-100.0,-100.0,-100.0,-8.0,0.0,0.0,30.0,-100.0,-100.0,-100.0,-8.0,0.0,0.0,30.0,-46.8,-45.0,-45.0,-104.0,17.0,0.0,36.0,-96.332,-96.263,-96.263,0.0,0.0,0.264,30.0,9.268,8.78,8.78,8.0,0.0,0.033,30.0,6.598,6.804,6.804,-8.0,0.0,-0.0,30.0
1.6041,0,approach,-85.0,11.9,-0.494,-85.0,-1.076,32.0,0.0,-4.513,31.0,-100.0,-100.0,-100.0,-8.0,0.0,0.0,30.0,-100.0,-100.0,-100.0,-8.0,0.0,0.0,30.0,-46.8,-45.0,-45.0,-104.0,17.0,0.0,36.0,-96.332,-96.263,-96.263,0.0,0.0,0.129,30.0,9.268,8.78,8.78,8.0,0.0,0.016,30.0,6.598,6.804,6.804,-8.0,0.0,-0.0,30.0
1.6568,0,approach,-85.0,11.9,-0.764,-85.0,-1.29,32.0,0.0,-4.629,31.0,-100.0,-100.0,-100.0,-8.0,0.0,0.0,30.0,-100.0,-100.0,-100.0,-8.0,0.0,0.0,30.0,-46.8,-45.0,-45.0,-104.0,17.0,0.0,36.0,-96.401,-96.263,-96.263,0.0,0.0,-0.478,30.0,8.78,8.78,8.78,8.0,0.0,-5.477,30.0,6.598,6.804,6.804,-8.0,0.0,-0.0,30.0
1.71,0,approach,-85.0,11.9,-0.944,-85.0,-1.503,32.0,0.0,-3.986,31.0,-100.0,-100.0,-100.0,-8.0,0.0,0.0,30.0,-100.0,-100.0,-100.0,-8.0,0.0,0.0,30.0,-46.8,-45.0,-45.0,-104.0,17.0,0.0,36.0,-96.332,-96.263,-96.263,0.0,0.0,0.544,30.0,8.78,8.78,8.78,8.0,0.0,-2.684,30.0,6.598,6.804,6.804,-8.0,0.0,-0.0,30.0
1.7625,0,approach,-85.0,11.9,-1.124,-85.0,-1.72,32.0,0.0,-3.649,31.0,-100.0,-100.0,-100.0,-8.0,0.0,0.0,30.0,-100.0,-100.0,-100.0,-8.0,0.0,0.0,30.0,-46.8,-45.0,-45.0,-104.0,17.0,0.0,36.0,-96.332,-96.263,-96.263,0.0,0.0,0.266,30.0,8.78,8.78,8.78,8.0,0.0,-1.315,30.0,6.598,6.804,6.804,-8.0,0.0,-0.0,30.0
1.8158,0,approach,-85.0,11.9,-1.213,-85.0,-1.935,32.0,0.0,-2.793,31.0,-100.0,-100.0,-100.0,-8.0,0.0,0.0,30.0,-100.0,-100.0,-100.0,-8.0,0.0,0.0,30.0,-46.8,-45.0,-45.0,-104.0,17.0,0.0,36.0,-96.332,-96.263,-96.263,0.0,0.0,0.131,30.0,9.268,8.78,8.78,8.0,0.0,3.167,30.0,6.598,6.804,6.804,-8.0,0.0,-0.0,30.0
1.8691,0,approach,-85.0,11.9,-1.213,-85.0,-2.042,64.0,5.0,-1.955,31.0,-100.0,-100.0,-100.0,0.0,0.0,0.0,30.0,-100.0,-100.0,-100.0,-8.0,0.0,0.0,30.0,-46.8,-45.0,-45.0,-104.0,17.0,0.0,36.0,-96.401,-96.263,-96.263,-8.0,0.0,-0.683,30.0,9.268,8.78,8.78,8.0,0.0,2.217,30.0,6.598,6.804,6.804,-8.0,0.0,-0.0,31.0
1.9216,0,approach,-85.0,11.9,-1.663,-85.0,-2.377,64.0,5.0,-3.298,31.0,-100.0,-100.0,-100.0,0.0,0.0,0.0,30.0,-100.0,-100.0,-100.0,-8.0,0.0,0.0,30.0,-46.8,-45.0,-45.0,-104.0,17.0,0.0,36.0,-96.332,-96.263,-96.263,-8.0,0.0,0.446,30.0,9.268,8.78,8.78,8.0,0.0,1.086,30.0,6.598,6.804,6.804,-8.0,0.0,-0.0,31.0
1.975,0,approach,-85.0,11.9,-1.843,-85.0,-2.59,64.0,5.0,-3.026,31.0,-100.0,-100.0,-100.0,0.0,0.0,0.0,30.0,-100.0,-100.0,-100.0,-8.0,0.0,0.0,30.0,-46.8,-45.0,-45.0,-104.0,17.0,0.0,36.0,-96.332,-96.263,-96.263,-8.0,0.0,0.219,30.0,9.268,8.78,8.78,8.0,0.0,0.532,30.0,6.598,6.804,6.804,-8.0,0.0,-0.0,31.0
2.0289,0,approach,-85.0,11.9,-2.202,-85.0,-2.805,64.0,5.0,-4.864,31.0,-100.0,-100.0,-100.0,0.0,0.0,0.0,30.0,-100.0,-100.0,-100.0,-8.0,0.0,0.0,30.0,-46.8,-45.0,-45.0,-104.0,17.0,0.0,36.0,-96.332,-96.263,-96.263,-8.0,0.0,0.107,30.0,9.268,8.78,8.78,8.0,0.0,0.261,30.0,6.598,6.804,6.804,-8.0,0.0,-0.0,31.0
2.082,0,approach,-85.0,11.9,-2.382,-85.0,-3.022,64.0,5.0,-4.095,31.0,-100.0,-100.0,-100.0,0.0,0.0,0.0,30.0,-100.0,-100.0,-100.0,-8.0,0.0,0.0,30.0,-46.8,-45.0,-45.0,-104.0,17.0,0.0,36.0,-96.401,-96.263,-96.263,-8.0,0.0,-0.493,30.0,9.268,8.78,8.78,8.0,0.0,0.128,30.0,6.598,6.804,6.804,-8.0,0.0,-0.0,31.0
2.1353,0,approach,-85.0,11.9,-2.562,-85.0,-3.235,64.0,5.0,-3.731,31.0,-100.0,-100.0,-100.0,0.0,0.0,0.0,30.0,-100.0,-100.0,-100.0,-8.0,0.0,0.0,30.0,-46.8,-45.0,-45.0,-104.0,17.0,0.0,36.0,-96.401,-96.263,-96.263,-8.0,0.0,-0.241,30.0,9.268,8.78,8.78,8.0,0.0,0.063,30.0,6.598,6.804,6.804,-8.0,0.0,-0.0,31.0
2.1875,0,approach,-85.0,11.9,-2.562,-85.0,-3.449,64.0,5.0,-2.612,31.0,-100.0,-100.0,-100.0,0.0,0.0,0.0,30.0,-100.0,-100.0,-100.0,-8.0,0.0,0.0,30.0,-46.8,-45.0,-45.0,-104.0,17.0,0.0,36.0,-96.401,-96.263,-96.263,-8.0,0.0,-0.169,30.0,9.268,8.78,8.78,8.0,0.0,0.044,30.0,6.598,6.804,6.804,-8.0,0.0,-0.0,31.0
2.2411,0,approach,-85.0,11.9,-2.742,-85.0,-3.676,64.0,5.0,-2.918,31.0,-100.0,-100.0,-100.0,0.0,0.0,0.0,30.0,-100.0,-100.0,-100.0,-8.0,0.0,0.0,30.0,-46.8,-45.0,-45.0,-104.0,17.0,0.0,36.0,-96.332,-96.263,-96.263,-8.0,0.0,0.4,30.0,9.268,8.78,8.78,8.0,0.0,0.021,30.0,6.598,6.804,6.804,-8.0,0.0,-0.0,31.0
2.2937,0,approach,-85.0,11.9,-3.101,-85.0,-3.797,64.0,5.0,-4.679,31.0,-100.0,-100.0,-100.0,0.0,0.0,0.0,30.0,-100.0,-100.0,-100.0,-8.0,0.0,0.0,30.0,-46.8,-45.0,-45.0,-104.0,17.0,0.0,36.0,-96.332,-96.263,-96.263,-8.0,0.0,0.196,30.0,9.268,8.78,8.78,8.0,0.0,0.011,30.0,6.598,6.804,6.804,-8.0,0.0,-0.0,31.0
2.3465,0,approach,-85.0,11.9,-3.281,-85.0,-4.02,64.0,5.0,-3.961,31.0,-100.0,-100.0,-100.0,0.0,0.0,0.0,30.0,-100.0,-100.0,-100.0,-8.0,0.0,0.0,30.0,-46.8,-45.0,-45.0,-104.0,17.0,0.0,36.0,-96.401,-96.263,-96.263,-8.0,0.0,-0.409,30.0,9.268,8.78,8.78,8.0,0.0,0.005,30.0,6.598,6.804,6.804,-8.0,0.0,-0.0,31.0
2.3986,0,approach,-85.0,11.9,-3.461,-85.0,-4.234,64.0,5.0,-3.656,31.0,-100.0,-100.0,-100.0,0.0,0.0,0.0,30.0,-100.0,-100.0,-100.0,-8.0,0.0,0.0,30.0,-46.8,-45.0,-45.0,-104.0,17.0,0.0,36.0,-96.332,-96.263,-96.263,-8.0,0.0,0.578,30.0,9.268,8.78,8.78,8.0,0.0,0.003,30.0,6.598,6.804,6.804,-8.0,0.0,-0.0,31.0
2.4523,0,approach,-85.0,11.9,-3.64,-85.0,-4.34,60.0,5.0,-4.598,31.0,-100.0,-100.0,-100.0,0.0,0.0,0.0,30.0,-100.0,-100.0,-100.0,-8.0,0.0,0.0,30.0,-46.8,-45.0,-45.0,-104.0,21.0,0.0,36.0,-96.332,-96.263,-96.263,0.0,0.0,0.404,30.0,9.268,8.78,8.78,8.0,0.0,0.002,30.0,6.598,6.804,6.804,-8.0,0.0,-0.0,31.0
2.5054,0,approach,-85.0,11.9,-3.91,-85.0,-4.679,60.0,5.0,-3.914,31.0,-100.0,-100.0,-100.0,0.0,0.0,0.0,30.0,-100.0,-100.0,-100.0,-8.0,0.0,0.0,30.0,-46.8,-45.0,-45.0,-104.0,21.0,0.0,36.0,-96.332,-96.263,-96.263,0.0,0.0,0.198,30.0,9.268,8.78,8.78,8.0,0.0,0.001,30.0,6.598,6.804,6.804,-8.0,0.0,-0.0,31.0
2.5589,0,approach,-85.0,11.9,-4.09,-85.0,-4.893,60.0,5.0,-3.636,31.0,-100.0,-100.0,-100.0,0.0,0.0,0.0,30.0,-100.0,-100.0,-100.0,-8.0,0.0,0.0,30.0,-46.8,-45.0,-45.0,-104.0,21.0,0.0,36.0,-96.401,-96.263,-96.263,0.0,0.0,-0.445,30.0,9.268,8.78,8.78,8.0,0.0,0.0,30.0,6.598,6.804,6.804,-8.0,0.0,-0.0,31.0
2.6123,0,approach,-85.0,11.9,-4.18,-85.0,-5.106,60.0,5.0,-2.789,31.0,-100.0,-100.0,-100.0,0.0,0.0,0.0,30.0,-100.0,-100.0,-100.0,-8.0,0.0,0.0,30.0,-46.8,-45.0,-45.0,-104.0,21.0,0.0,36.0,-96.401,-96.263,-96.263,0.0,0.0,-0.218,30.0,9.268,8.78,8.78,8.0,0.0,0.0,30.0,6.598,6.804,6.804,-8.0,0.0,-0.0,31.0
2.6658,0,approach,-85.0,11.9,-4.539,-85.0,-5.32,60.0,5.0,-4.792,31.0,-100.0,-100.0,-100.0,0.0,0.0,0.0,30.0,-100.0,-100.0,-100.0,-8.0,0.0,0.0,30.0,-46.8,-45.0,-45.0,-104.0,21.0,0.0,36.0,-96.332,-96.263,-96.263,0.0,0.0,0.438,30.0,9.268,8.78,8.78,8.0,0.0,0.0,30.0,6.598,6.804,6.804,-8.0,0.0,-0.0,31.0
2.7191,0,approach,-85.0,11.9,-4.719,-85.0,-5.536,60.0,5.0,-4.062,31.0,-100.0,-100.0,-100.0,0.0,0.0,0.0,30.0,-100.0,-100.0,-100.0,-8.0,0.0,0.0,30.0,-46.8,-45.0,-45.0,-104.0,21.0,0.0,36.0,-96.332,-96.263,-96.263,0.0,0.0,0.215,30.0,9.268,8.78,8.78,8.0,0.0,0.0,30.0,6.598,6.804,6.804,-8.0,0.0,-0.0,31.0
2.773,0,approach,-85.0,11.9,-4.989,-85.0,-5.749,60.0,5.0,-4.687,31.0,-100.0,-100.0,-100.0,0.0,0.0,0.0,30.0,-100.0,-100.0,-100.0,-8.0,0.0,0.0,30.0,-46.8,-45.0,-45.0,-104.0,21.0,0.0,36.0,-96.332,-96.263,-96.263,0.0,0.0,0.105,30.0,9.268,8.78,8.78,8.0,0.0,0.0,30.0,6.598,6.804,6.804,-8.0,0.0,-0.0,31.0
2.8261,0,approach,-85.0,11.9,-5.169,-85.0,-5.964,60.0,5.0,-3.712,31.0,-100.0,-100.0,-100.0,0.0,0.0,0.0,30.0,-100.0,-100.0,-100.0,-8.0,0.0,0.0,30.0,-46.8,-45.0,-45.0,-104.0,21.0,0.0,36.0,-96.401,-96.263,-96.263,0.0,0.0,-0.493,30.0,9.268,8.78,8.78,8.0,0.0,0.0,30.0,6.598,6.804,6.804,-8.0,0.0,-0.0,31.0
2.8787,0,approach,-85.0,11.9,-5.438,-85.0,-6.179,60.0,5.0,-4.222,31.0,-100.0,-100.0,-100.0,0.0,0.0,0.0,30.0,-100.0,-100.0,-100.0,-8.0,0.0,0.0,30.0,-46.8,-45.0,-45.0,-104.0,21.0,0.0,36.0,-96.401,-96.263,-96.263,0.0,0.0,-0.242,30.0,9.268,8.78,8.78,8.0,0.0,0.0,30.0,6.598,6.804,6.804,-8.0,0.0,-0.0,31.0
2.9319,0,approach,-85.0,11.9,-5.528,-85.0,-6.392,60.0,5.0,-3.071,31.0,-100.0,-100.0,-100.0,0.0,0.0,0.0,30.0,-100.0,-100.0,-100.0,-8.0,0.0,0.0,30.0,-46.8,-45.0,-45.0,-104.0,21.0,0.0,36.0,-96.332,-96.263,-96.263,0.0,0.0,0.653,30.0,9.268,8.78,8.78,8.0,0.0,0.0,30.0,6.598,6.804,6.804,-8.0,0.0,-0.0,31.0
2.9851,0,approach,-85.0,11.9,-5.708,-85.0,-6.607,60.0,5.0,-3.541,31.0,-100.0,-100.0,-100.0,0.0,0.0,0.0,30.0,-100.0,-100.0,-100.0,-8.0,0.0,0.0,30.0,-46.8,-45.0,-45.0,-104.0,21.0,0.0,36.0,-96.332,-96.263,-96.263,0.0,0.0,0.32,30.0,9.268,8.78,8.78,8.0,0.0,0.0,30.0,6.598,6.804,6.804,-8.0,0.0,-0.0,31.0
3.0388,0,approach,-85.0,11.9,-5.978,-85.0,-6.846,76.0,9.0,-3.829,31.0,-100.0,-100.0,-100.0,0.0,0.0,0.0,30.0,-100.0,-100.0,-100.0,-8.0,0.0,0.0,30.0,-46.8,-45.0,-45.0,-104.0,14.0,0.0,36.0,-96.332,-96.263,-96.263,0.0,0.0,0.224,30.0,9.268,8.78,8.78,8.0,0.0,0.0,30.0,6.598,6.804,6.804,-8.0,0.0,-0.0,31.0
3.0922,0,approach,-85.0,11.9,-6.247,-85.0,-7.059,76.0,9.0,-4.286,31.0,-100.0,-100.0,-100.0,0.0,0.0,0.0,30.0,-100.0,-100.0,-100.0,-8.0,0.0,0.0,30.0,-46.8,-45.0,-45.0,-104.0,14.0,0.0,36.0,-96.401,-96.263,-96.263,0.0,0.0,-0.433,30.0,9.268,8.78,8.78,8.0,0.0,0.0,30.0,6.598,6.804,6.804,-8.0,0.0,-0.0,31.0
3.1445,0,approach,-85.0,11.9,-6.427,-85.0,-7.273,76.0,9.0,-4.146,31.0,-100.0,-100.0,-100.0,0.0,0.0,0.0,30.0,-100.0,-100.0,-100.0,-8.0,0.0,0.0,30.0,-46.8,-45.0,-45.0,-104.0,14.0,0.0,36.0,-96.401,-96.263,-96.263,0.0,0.0,-0.212,30.0,9.268,8.78,8.78,8.0,0.0,0.0,30.0,6.598,6.804,6.804,-8.0,0.0,-0.0,31.0
3.198,0,approach,-85.0,11.9,-6.607,-85.0,-7.487,76.0,9.0,-3.433,31.0,-100.0,-100.0,-100.0,0.0,0.0,0.0,30.0,-100.0,-100.0,-100.0,-8.0,0.0,0.0,30.0,-46.8,-45.0,-45.0,-104.0,14.0,0.0,36.0,-96.332,-96.263,-96.263,0.0,0.0,0.677,30.0,8.78,8.78,8.78,8.0,0.0,-3.802,30.0,6.598,6.804,6.804,-8.0,0.0,-0.0,31.0
3.2506,0,approach,-85.0,11.9,-6.876,-85.0,-7.699,76.0,9.0,-4.098,31.0,-100.0,-100.0,-100.0,0.0,0.0,0.0,30.0,-100.0,-100.0,-100.0,-8.0,0.0,0.0,30.0,-46.8,-45.0,-45.0,-104.0,14.0,0.0,36.0,-96.332,-96.263,-96.263,0.0,0.0,0.332,30.0,8.78,8.78,8.78,8.0,0.0,-1.863,30.0,6.598,6.804,6.804,-8.0,0.0,-0.0,31.0
3.3038,0,approach,-85.0,11.9,-6.966,-85.0,-7.914,76.0,9.0,-3.023,31.0,-100.0,-100.0,-100.0,0.0,0.0,0.0,30.0,-100.0,-100.0,-100.0,-8.0,0.0,0.0,30.0,-46.8,-45.0,-45.0,-104.0,14.0,0.0,36.0,-96.332,-96.263,-96.263,0.0,0.0,0.163,30.0,9.268,8.78,8.78,8.0,0.0,2.921,30.0,6.598,6.804,6.804,-8.0,0.0,-0.0,31.0
3.3573,0,approach,-85.0,11.9,-7.146,-85.0,-8.127,76.0,9.0,-3.199,31.0,-100.0,-100.0,-100.0,0.0,0.0,0.0,30.0,-100.0,-100.0,-100.0,-8.0,0.0,0.0,30.0,-46.8,-45.0,-45.0,-104.0,14.0,0.0,36.0,-96.401,-96.263,-96.263,0.0,0.0,-0.467,30.0,9.268,8.78,8.78,8.0,0.0,1.431,30.0,6.598,6.804,6.804,-8.0,0.0,-0.0,31.0
3.4097,0,approach,-85.0,11.9,-7.326,-85.0,-8.341,76.0,9.0,-4.256,31.0,-100.0,-100.0,-100.0,0.0,0.0,0.0,30.0,-100.0,-100.0,-100.0,-8.0,0.0,0.0,30.0,-46.8,-45.0,-45.0,-104.0,14.0,0.0,36.0,-96.401,-96.263,-96.263,0.0,0.0,-0.327,30.0,9.268,8.78,8.78,8.0,0.0,1.002,30.0,6.598,6.804,6.804,-8.0,0.0,-0.0,31.0
3.4631,0,approach,-85.0,11.9,-7.596,-85.0,-8.566,76.0,9.0,-4.373,31.0,-100.0,-100.0,-100.0,0.0,0.0,0.0,30.0,-100.0,-100.0,-100.0,-8.0,0.0,0.0,30.0,-46.8,-45.0,-45.0,-104.0,14.0,0.0,36.0,-96.401,-96.263,-96.263,0.0,0.0,-0.16,30.0,9.268,8.78,8.78,8.0,0.0,0.491,30.0,6.598,6.804,6.804,-8.0,0.0,-0.0,31.0
3.5164,0,approach,-85.0,11.9,-7.775,-85.0,-8.791,76.0,9.0,-3.79,31.0,-100.0,-100.0,-100.0,0.0,0.0,0.0,30.0,-100.0,-100.0,-100.0,-8.0,0.0,0.0,30.0,-46.8,-45.0,-45.0,-104.0,14.0,0.0,36.0,-96.401,-96.263,-96.263,0.0,0.0,-0.078,30.0,9.268,8.78,8.78,8.0,0.0,0.241,30.0,6.598,6.804,6.804,-8.0,0.0,-0.0,31.0
3.5699,0,approach,-85.0,11.9,-8.045,-85.0,-8.898,76.0,9.0,-4.276,31.0,-100.0,-100.0,-100.0,0.0,0.0,0.0,30.0,-100.0,-100.0,-100.0,-8.0,0.0,0.0,30.0,-46.8,-45.0,-45.0,-104.0,14.0,0.0,36.0,-96.332,-96.263,-96.263,0.0,0.0,0.503,30.0,9.268,8.78,8.78,8.0,0.0,0.118,30.0,6.598,6.804,6.804,-8.0,0.0,-0.0,31.0
3.6232,0,approach,-85.0,11.9,-8.225,-85.0,-9.136,68.0,7.0,-3.898,31.0,-100.0,-100.0,-100.0,0.0,0.0,0.0,30.0,-100.0,-100.0,-100.0,-16.0,0.0,0.0,30.0,-46.8,-45.0,-45.0,-104.0,15.0,0.0,36.0,-96.332,-96.263,-96.263,0.0,0.0,0.352,30.0,9.268,8.78,8.78,8.0,0.0,0.083,30.0,6.598,6.804,6.804,-8.0,0.0,-0.0,31.0
3.676,0,approach,-85.0,11.9,-8.404,-85.0,-9.35,68.0,7.0,-3.632,31.0,-100.0,-100.0,-100.0,0.0,0.0,0.0,30.0,-100.0,-100.0,-100.0,-16.0,0.0,0.0,30.0,-46.8,-45.0,-45.0,-104.0,15.0,0.0,36.0,-96.401,-96.263,-96.263,0.0,0.0,-0.373,30.0,9.268,8.78,8.78,8.0,0.0,0.04,30.0,6.598,6.804,6.804,-8.0,0.0,-0.0,31.0
3.7293,0,approach,-85.0,11.9,-8.494,-85.0,-9.562,68.0,7.0,-2.493,31.0,-100.0,-100.0,-100.0,0.0,0.0,0.0,30.0,-100.0,-100.0,-100.0,-16.0,0.0,0.0,30.0,-46.8,-45.0,-45.0,-104.0,15.0,0.0,36.0,-96.401,-96.263,-96.263,0.0,0.0,-0.183,30.0,9.268,8.78,8.78,8.0,0.0,0.02,30.0,6.598,6.804,6.804,-8.0,0.0,-0.0,31.0
3.7815,0,approach,-85.0,11.9,-8.764,-85.0,-9.778,68.0,7.0,-3.935,31.0,-100.0,-100.0,-100.0,0.0,0.0,0.0,30.0,-100.0,-100.0,-100.0,-16.0,0.0,0.0,30.0,-46.8,-45.0,-45.0,-104.0,15.0,0.0,36.0,-96.401,-96.263,-96.263,0.0,0.0,-0.089,30.0,9.268,8.78,8.78,8.0,0.0,0.01,30.0,6.598,6.804,6.804,-8.0,0.0,-0.0,31.0
3.8348,0,approach,-85.0,11.9,-9.124,-85.0,-9.991,68.0,7.0,-5.076,31.0,-100.0,-100.0,-100.0,0.0,0.0,0.0,30.0,-100.0,-100.0,-100.0,-16.0,0.0,0.0,30.0,-46.8,-45.0,-45.0,-104.0,15.0,0.0,36.0,-96.401,-96.263,-96.263,0.0,0.0,-0.044,30.0,9.268,8.78,8.78,8.0,0.0,0.005,30.0,6.598,6.804,6.804,-8.0,0.0,-0.0,31.0
3.8879,0,approach,-85.0,11.9,-9.213,-85.0,-10.203,68.0,7.0,-3.501,31.0,-100.0,-100.0,-100.0,0.0,0.0,0.0,30.0,-100.0,-100.0,-100.0,-16.0,0.0,0.0,30.0,-46.8,-45.0,-45.0,-104.0,15.0,0.0,36.0,-96.332,-96.263,-96.263,0.0,0.0,0.759,30.0,9.268,8.78,8.78,8.0,0.0,0.002,30.0,6.598,6.804,6.804,-8.0,0.0,-0.0,31.0
3.9408,0,approach,-85.0,11.9,-9.573,-85.0,-10.418,68.0,7.0,-5.467,31.0,-100.0,-100.0,-100.0,0.0,0.0,0.0,30.0,-100.0,-100.0,-100.0,-16.0,0.0,0.0,30.0,-46.8,-45.0,-45.0,-104.0,15.0,0.0,36.0,-96.332,-96.263,-96.263,0.0,0.0,0.372,30.0,9.268,8.78,8.78,8.0,0.0,0.001,30.0,6.598,6.804,6.804,-8.0,0.0,-0.0,31.0
3.994,0,approach,-85.0,11.9,-9.753,-85.0,-10.631,68.0,7.0,-4.393,31.0,-100.0,-100.0,-100.0,0.0,0.0,0.0,30.0,-100.0,-100.0,-100.0,-16.0,0.0,0.0,30.0,-46.8,-45.0,-45.0,-104.0,15.0,0.0,36.0,-96.332,-96.263,-96.263,0.0,0.0,0.182,30.0,9.268,8.78,8.78,8.0,0.0,0.001,30.0,6.598,6.804,6.804,-8.0,0.0,-0.0,31.0
4.0475,0,approach,-85.0,11.9,-9.843,-85.0,-10.844,68.0,7.0,-2.866,31.0,-100.0,-100.0,-100.0,0.0,0.0,0.0,30.0,-100.0,-100.0,-100.0,-16.0,0.0,0.0,30.0,-46.8,-45.0,-45.0,-104.0,15.0,0.0,36.0,-96.401,-96.263,-96.263,0.0,0.0,-0.46,30.0,9.268,8.78,8.78,8.0,0.0,0.0,30.0,6.598,6.804,6.804,-8.0,0.0,-0.0,31.0
4.1008,0,approach,-85.0,11.9,-9.933,-85.0,-11.058,68.0,7.0,-2.105,31.0,-100.0,-100.0,-100.0,0.0,0.0,0.0,30.0,-100.0,-100.0,-100.0,-16.0,0.0,0.0,30.0,-46.8,-45.0,-45.0,-104.0,15.0,0.0,36.0,-96.401,-96.263,-96.263,0.0,0.0,-0.225,30.0,9.268,8.78,8.78,8.0,0.0,0.0,30.0,6.598,6.804,6.804,-8.0,0.0,-0.0,31.0
4.1539,0,approach,-85.0,11.9,-10.202,-85.0,-11.164,84.0,9.0,-4.513,31.0,-100.0,-100.0,-100.0,0.0,0.0,0.0,30.0,-100.0,-100.0,-100.0,-16.0,0.0,0.0,30.0,-46.8,-45.0,-45.0,-104.0,19.0,0.0,36.0,-96.401,-96.263,-96.263,-8.0,0.0,-0.158,30.0,9.268,8.78,8.78,8.0,0.0,0.0,30.0,6.598,6.804,6.804,-8.0,0.0,-0.0,31.0
4.207,0,approach,-85.0,11.9,-10.472,-85.0,-11.498,84.0,9.0,-3.887,31.0,-100.0,-100.0,-100.0,0.0,0.0,0.0,30.0,-100.0,-100.0,-100.0,-16.0,0.0,0.0,30.0,-46.8,-45.0,-45.0,-104.0,19.0,0.0,36.0,-96.401,-96.263,-96.263,-8.0,0.0,-0.077,30.0,9.268,8.78,8.78,8.0,0.0,0.0,30.0,6.598,6.804,6.804,-8.0,0.0,-0.0,31.0
4.2603,0,approach,-85.0,11.9,-10.652,-85.0,-11.712,84.0,9.0,-3.321,31.0,-100.0,-100.0,-100.0,0.0,0.0,0.0,30.0,-100.0,-100.0,-100.0,-16.0,0.0,0.0,30.0,-46.8,-45.0,-45.0,-104.0,19.0,0.0,36.0,-96.401,-96.263,-96.263,-8.0,0.0,-0.038,30.0,9.268,8.78,8.78,8.0,0.0,0.0,30.0,6.598,6.804,6.804,-8.0,0.0,-0.0,31.0
4.3125,0,approach,-85.0,11.9,-11.011,-85.0,-11.924,84.0,9.0,-5.089,31.0,-100.0,-100.0,-100.0,0.0,0.0,0.0,30.0,-100.0,-100.0,-100.0,-16.0,0.0,0.0,30.0,-46.8,-45.0,-45.0,-104.0,19.0,0.0,36.0,-96.332,-96.263,-96.263,-8.0,0.0,0.53,30.0,9.268,8.78,8.78,8.0,0.0,0.0,30.0,6.598,6.804,6.804,-8.0,0.0,-0.0,31.0
4.3658,0,approach,-85.0,11.9,-11.101,-85.0,-12.137,84.0,9.0,-3.505,31.0,-100.0,-100.0,-100.0,0.0,0.0,0.0,30.0,-100.0,-100.0,-100.0,-16.0,0.0,0.0,30.0,-46.8,-45.0,-45.0,-104.0,19.0,0.0,36.0,-96.332,-96.263,-96.263,-8.0,0.0,0.26,30.0,9.268,8.78,8.78,8.0,0.0,0.0,30.0,6.598,6.804,6.804,-8.0,0.0,-0.0,31.0
4.4188,0,approach,-85.0,11.9,-11.281,-85.0,-12.35,84.0,9.0,-3.134,31.0,-100.0,-100.0,-100.0,0.0,0.0,0.0,30.0,-100.0,-100.0,-100.0,-16.0,0.0,0.0,30.0,-46.8,-45.0,-45.0,-104.0,19.0,0.0,36.0,-96.401,-96.263,-96.263,-8.0,0.0,-0.418,30.0,9.268,8.78,8.78,8.0,0.0,0.0,30.0,6.598,6.804,6.804,-8.0,0.0,-0.0,31.0
4.472,0,approach,-85.0,11.9,-11.371,-85.0,-12.564,84.0,9.0,-2.243,31.0,-100.0,-100.0,-100.0,0.0,0.0,0.0,30.0,-100.0,-100.0,-100.0,-16.0,0.0,0.0,30.0,-46.8,-45.0,-45.0,-104.0,19.0,0.0,36.0,-96.401,-96.263,-96.263,-8.0,0.0,-0.205,30.0,9.268,8.78,8.78,8.0,0.0,0.0,30.0,6.598,6.804,6.804,-8.0,0.0,-0.0,31.0
4.525,0,approach,-85.0,11.9,-11.73,-85.0,-12.776,84.0,9.0,-4.248,31.0,-100.0,-100.0,-100.0,0.0,0.0,0.0,30.0,-100.0,-100.0,-100.0,-16.0,0.0,0.0,30.0,-46.8,-45.0,-45.0,-104.0,19.0,0.0,36.0,-96.401,-96.263,-96.263,-8.0,0.0,-0.1,30.0,9.268,8.78,8.78,8.0,0.0,0.0,30.0,6.598,6.804,6.804,-8.0,0.0,-0.0,31.0
4.5783,0,approach,-85.0,11.9,-12.0,-85.0,-12.989,84.0,9.0,-4.823,31.0,-100.0,-100.0,-100.0,0.0,0.0,0.0,30.0,-100.0,-100.0,-100.0,-16.0,0.0,0.0,30.0,-46.8,-45.0,-45.0,-104.0,19.0,0.0,36.0,-96.401,-96.263,-96.263,-8.0,0.0,-0.049,30.0,9.268,8.78,8.78,8.0,0.0,0.0,30.0,6.598,6.804,6.804,-8.0,0.0,-0.0,31.0
4.6305,0,approach,-85.0,11.9,-12.18,-85.0,-13.202,84.0,9.0,-4.38,31.0,-100.0,-100.0,-100.0,0.0,0.0,0.0,30.0,-100.0,-100.0,-100.0,-16.0,0.0,0.0,30.0,-46.8,-45.0,-45.0,-104.0,19.0,0.0,36.0,-96.401,-96.263,-96.263,-8.0,0.0,-0.024,30.0,9.268,8.78,8.78,8.0,0.0,0.0,30.0,6.804,6.804,6.804,-8.0,0.0,1.626,31.0
4.6825,0,approach,-85.0,11.9,-12.449,-85.0,-13.416,84.0,9.0,-4.862,31.0,-100.0,-100.0,-100.0,0.0,0.0,0.0,30.0,-100.0,-100.0,-100.0,-16.0,0.0,0.0,30.0,-46.8,-45.0,-45.0,-104.0,19.0,0.0,36.0,-96.332,-96.263,-96.263,-8.0,0.0,0.53,30.0,9.268,8.78,8.78,8.0,0.0,0.0,30.0,6.804,6.804,6.804,-8.0,0.0,0.797,31.0
4.736,0,approach,-85.0,11.9,-12.449,-85.0,-13.648,80.0,10.0,-4.862,31.0,-100.0,-100.0,-100.0,0.0,0.0,0.0,30.0,-100.0,-100.0,-100.0,-16.0,0.0,0.0,30.0,-46.8,-45.0,-45.0,-104.0,19.0,0.0,36.0,-96.332,-96.263,-96.263,0.0,0.0,0.53,30.0,9.268,8.78,8.78,8.0,0.0,0.0,30.0,6.804,6.804,6.804,0.0,0.0,0.797,31.0
4.7885,0,approach,-85.0,11.9,-12.629,-85.0,-13.872,80.0,10.0,-3.705,31.0,-100.0,-100.0,-100.0,0.0,0.0,0.0,30.0,-100.0,-100.0,-100.0,-16.0,0.0,0.0,30.0,-46.8,-45.0,-45.0,-104.0,19.0,0.0,36.0,-96.401,-96.263,-96.263,0.0,0.0,-0.519,30.0,9.268,8.78,8.78,8.0,0.0,0.0,30.0,6.804,6.804,6.804,0.0,0.0,0.39,31.0
4.8418,0,approach,-85.0,11.9,-12.809,-85.0,-14.093,80.0,10.0,-3.489,31.0,-100.0,-100.0,-100.0,0.0,0.0,0.0,30.0,-100.0,-100.0,-100.0,-16.0,0.0,0.0,30.0,-46.8,-45.0,-45.0,-104.0,19.0,0.0,36.0,-96.401,-96.263,-96.263,0.0,0.0,-0.254,30.0,9.268,8.78,8.78,8.0,0.0,0.0,30.0,6.804,6.804,6.804,0.0,0.0,0.191,31.0
4.8947,0,approach,-85.0,11.9,-13.079,-85.0,-14.2,80.0,10.0,-4.745,31.0,-100.0,-100.0,-100.0,0.0,0.0,0.0,30.0,-100.0,-100.0,-100.0,-16.0,0.0,0.0,30.0,-46.8,-45.0,-45.0,-104.0,19.0,0.0,36.0,-96.401,-96.263,-96.263,0.0,0.0,-0.124,30.0,9.268,8.78,8.78,8.0,0.0,0.0,30.0,6.804,6.804,6.804,0.0,0.0,0.094,31.0
4.9481,0,approach,-85.0,11.9,-13.348,-85.0,-14.422,80.0,10.0,-4.646,31.0,-100.0,-100.0,-100.0,0.0,0.0,0.0,30.0,-100.0,-100.0,-100.0,-16.0,0.0,0.0,30.0,-46.8,-45.0,-45.0,-104.0,19.0,0.0,36.0,-96.401,-96.263,-96.263,0.0,0.0,-0.061,30.0,9.268,8.78,8.78,8.0,0.0,0.0,30.0,6.804,6.804,6.804,0.0,0.0,0.046,31.0
5.0006,0,approach,-85.0,11.9,-13.528,-85.0,-14.637,80.0,10.0,-3.969,31.0,-100.0,-100.0,-100.0,0.0,0.0,0.0,30.0,-100.0,-100.0,-100.0,-16.0,0.0,0.0,30.0,-46.8,-45.0,-45.0,-104.0,19.0,0.0,36.0,-96.401,-96.263,-96.263,0.0,0.0,-0.03,30.0,9.268,8.78,8.78,8.0,0.0,0.0,30.0,6.804,6.804,6.804,0.0,0.0,0.023,31.0
5.0544,0,approach,-85.0,11.9,-13.798,-85.0,-14.852,80.0,10.0,-4.674,31.0,-100.0,-100.0,-100.0,0.0,0.0,0.0,30.0,-100.0,-100.0,-100.0,-16.0,0.0,0.0,30.0,-46.8,-45.0,-45.0,-104.0,19.0,0.0,36.0,-96.401,-96.263,-96.263,0.0,0.0,-0.015,30.0,9.268,8.78,8.78,8.0,0.0,0.0,30.0,6.804,6.804,6.804,0.0,0.0,0.011,31.0
5.1077,0,approach,-85.0,11.9,-13.888,-85.0,-15.066,80.0,10.0,-2.993,31.0,-100.0,-100.0,-100.0,0.0,0.0,0.0,30.0,-100.0,-100.0,-100.0,-16.0,0.0,0.0,30.0,-46.8,-45.0,-45.0,-104.0,19.0,0.0,36.0,-96.401,-96.263,-96.263,0.0,0.0,-0.007,30.0,9.268,8.78,8.78,8.0,0.0,0.0,30.0,6.804,6.804,6.804,0.0,0.0,0.005,31.0
5.161,0,approach,-85.0,11.9,-14.157,-85.0,-15.28,80.0,10.0,-3.89,31.0,-100.0,-100.0,-100.0,0.0,0.0,0.0,30.0,-100.0,-100.0,-100.0,-16.0,0.0,0.0,30.0,-46.8,-45.0,-45.0,-104.0,19.0,0.0,36.0,-96.401,-96.263,-96.263,0.0,0.0,-0.004,30.0,9.268,8.78,8.78,8.0,0.0,0.0,30.0,6.804,6.804,6.804,0.0,0.0,0.003,31.0
5.2141,0,approach,-85.0,11.9,-14.247,-85.0,-15.493,80.0,10.0,-2.919,31.0,-100.0,-100.0,-100.0,0.0,0.0,0.0,30.0,-100.0,-100.0,-100.0,-16.0,0.0,0.0,30.0,-46.8,-45.0,-45.0,-104.0,19.0,0.0,36.0,-96.401,-96.263,-96.263,0.0,0.0,-0.002,30.0,9.268,8.78,8.78,8.0,0.0,0.0,30.0,6.804,6.804,6.804,0.0,0.0,0.001,31.0
5.2673,0,approach,-85.0,11.9,-14.517,-85.0,-15.705,80.0,10.0,-4.485,31.0,-100.0,-100.0,-100.0,0.0,0.0,0.0,30.0,-100.0,-100.0,-100.0,-16.0,0.0,0.0,30.0,-46.8,-45.0,-45.0,-104.0,19.0,0.0,36.0,-96.401,-96.263,-96.263,0.0,0.0,-0.001,30.0,9.268,8.78,8.78,8.0,0.0,0.0,30.0,6.804,6.804,6.804,0.0,0.0,0.001,31.0
5.3208,0,approach,-85.0,11.9,-14.787,-85.0,-15.947,104.0,16.0,-4.478,31.0,-100.0,-100.0,-100.0,0.0,0.0,0.0,30.0,-100.0,-100.0,-100.0,-16.0,0.0,0.0,30.0,-46.8,-45.0,-45.0,-104.0,16.0,0.0,36.0,-96.401,-96.263,-96.263,-8.0,0.0,-0.001,30.0,9.268,8.78,8.78,8.0,0.0,0.0,30.0,6.804,6.804,6.804,0.0,0.0,0.0,31.0
5.3738,0,approach,-85.0,11.9,-15.056,-85.0,-16.16,104.0,16.0,-4.923,31.0,-100.0,-100.0,-100.0,0.0,0.0,0.0,30.0,-100.0,-100.0,-100.0,-16.0,0.0,0.0,30.0,-46.8,-45.0,-45.0,-104.0,16.0,0.0,36.0,-96.401,-96.263,-96.263,-8.0,0.0,-0.0,30.0,9.268,8.78,8.78,8.0,0.0,0.0,30.0,6.804,6.804,6.804,0.0,0.0,0.0,31.0
5.4272,0,approach,-85.0,11.9,-15.236,-85.0,-16.373,104.0,16.0,-4.444,31.0,-100.0,-100.0,-100.0,0.0,0.0,0.0,30.0,-100.0,-100.0,-100.0,-16.0,0.0,0.0,30.0,-46.8,-45.0,-45.0,-104.0,16.0,0.0,36.0,-96.401,-96.263,-96.263,-8.0,0.0,-0.0,30.0,9.268,8.78,8.78,8.0,0.0,0.0,30.0,6.804,6.804,6.804,0.0,0.0,0.0,31.0
5.4795,0,approach,-85.0,11.9,-15.416,-85.0,-16.586,104.0,16.0,-3.901,31.0,-100.0,-100.0,-100.0,0.0,0.0,0.0,30.0,-100.0,-100.0,-100.0,-16.0,0.0,0.0,30.0,-46.8,-45.0,-45.0,-104.0,16.0,0.0,36.0,-96.401,-96.263,-96.263,-8.0,0.0,-0.0,30.0,9.268,8.78,8.78,8.0,0.0,0.0,30.0,6.804,6.804,6.804,0.0,0.0,0.0,31.0
5.5328,0,approach,-85.0,11.9,-15.596,-85.0,-16.798,104.0,16.0,-3.643,31.0,-100.0,-100.0,-100.0,0.0,0.0,0.0,30.0,-100.0,-100.0,-100.0,-16.0,0.0,0.0,30.0,-46.8,-45.0,-45.0,-104.0,16.0,0.0,36.0,-96.401,-96.263,-96.263,-8.0,0.0,-0.0,30.0,9.268,8.78,8.78,8.0,0.0,0.0,30.0,6.804,6.804,6.804,0.0,0.0,0.0,31.0
5.5859,0,approach,-85.0,11.9,-15.685,-85.0,-17.01,104.0,16.0,-2.497,31.0,-100.0,-100.0,-100.0,0.0,0.0,0.0,30.0,-100.0,-100.0,-100.0,-16.0,0.0,0.0,30.0,-46.8,-45.0,-45.0,-104.0,16.0,0.0,36.0,-96.401,-96.263,-96.263,-8.0,0.0,-0.0,30.0,9.268,8.78,8.78,8.0,0.0,0.0,30.0,6.804,6.804,6.804,0.0,0.0,0.0,31.0
5.6392,0,approach,-85.0,11.9,-15.955,-85.0,-17.224,104.0,16.0,-3.967,31.0,-100.0,-100.0,-100.0,0.0,0.0,0.0,30.0,-100.0,-100.0,-100.0,-16.0,0.0,0.0,30.0,-46.8,-45.0,-45.0,-104.0,16.0,0.0,36.0,-96.401,-96.263,-96.263,-8.0,0.0,-0.0,30.0,9.268,8.78,8.78,8.0,0.0,0.0,30.0,6.804,6.804,6.804,0.0,0.0,0.0,31.0
5.6915,0,approach,-85.0,11.9,-16.315,-85.0,-17.437,104.0,16.0,-5.389,31.0,-100.0,-100.0,-100.0,0.0,0.0,0.0,30.0,-100.0,-100.0,-100.0,-16.0,0.0,0.0,30.0,-46.8,-45.0,-45.0,-104.0,16.0,0.0,36.0,-96.401,-96.263,-96.263,-8.0,0.0,-0.0,30.0,9.268,8.78,8.78,8.0,0.0,0.0,30.0,6.804,6.804,6.804,0.0,0.0,0.0,31.0
5.7436,0,approach,-85.0,11.9,-16.404,-85.0,-17.649,104.0,16.0,-3.648,31.0,-100.0,-100.0,-100.0,0.0,0.0,0.0,30.0,-100.0,-100.0,-100.0,-16.0,0.0,0.0,30.0,-46.8,-45.0,-45.0,-104.0,16.0,0.0,36.0,-96.401,-96.263,-96.263,-8.0,0.0,-0.0,30.0,9.268,8.78,8.78,8.0,0.0,0.0,30.0,6.804,6.804,6.804,0.0,0.0,0.0,31.0
5.7968,0,approach,-85.0,11.9,-16.584,-85.0,-17.862,104.0,16.0,-3.513,31.0,-100.0,-100.0,-100.0,0.0,0.0,0.0,30.0,-100.0,-100.0,-100.0,-16.0,0.0,0.0,30.0,-46.8,-45.0,-45.0,-104.0,16.0,0.0,36.0,-96.401,-96.263,-96.263,-8.0,0.0,-0.0,30.0,9.268,8.78,8.78,8.0,0.0,0.0,30.0,6.804,6.804,6.804,0.0,0.0,0.0,31.0
5.85,0,approach,-85.0,11.9,-16.764,-85.0,-17.968,100.0,19.0,-4.481,31.0,-100.0,-100.0,-100.0,0.0,0.0,0.0,30.0,-100.0,-100.0,-100.0,-16.0,1.0,0.0,30.0,-46.8,-45.0,-45.0,-104.0,20.0,0.0,36.0,-96.332,-96.263,-96.263,0.0,0.0,0.778,30.0,9.268,8.78,8.78,8.0,0.0,0.0,30.0,6.804,6.804,6.804,0.0,0.0,0.0,30.0
5.9029,0,approach,-85.0,11.9,-17.034,-85.0,-18.304,100.0,19.0,-3.868,31.0,-100.0,-100.0,-100.0,0.0,0.0,0.0,30.0,-100.0,-100.0,-100.0,-16.0,1.0,0.0,30.0,-46.8,-45.0,-45.0,-104.0,20.0,0.0,36.0,-96.332,-96.263,-96.263,0.0,0.0,0.381,30.0,9.268,8.78,8.78,8.0,0.0,0.0,30.0,6.804,6.804,6.804,0.0,0.0,0.0,30.0
5.956,0,approach,-85.0,11.9,-17.213,-85.0,-18.516,100.0,19.0,-3.622,31.0,-100.0,-100.0,-100.0,0.0,0.0,0.0,30.0,-100.0,-100.0,-100.0,-16.0,1.0,0.0,30.0,-46.8,-45.0,-45.0,-104.0,20.0,0.0,36.0,-96.401,-96.263,-96.263,0.0,0.0,-0.36,30.0,9.268,8.78,8.78,8.0,0.0,0.0,30.0,6.804,6.804,6.804,0.0,0.0,0.0,30.0
6.009,0,approach,-85.0,11.9,-17.393,-85.0,-18.73,100.0,19.0,-3.49,31.0,-100.0,-100.0,-100.0,0.0,0.0,0.0,30.0,-100.0,-100.0,-100.0,-16.0,1.0,0.0,30.0,-46.8,-45.0,-45.0,-104.0,20.0,0.0,36.0,-96.401,-96.263,-96.263,0.0,0.0,-0.176,30.0,9.268,8.78,8.78,8.0,0.0,0.0,30.0,6.804,6.804,6.804,0.0,0.0,0.0,30.0
6.0634,0,approach,-85.0,11.9,-17.753,-85.0,-18.943,100.0,19.0,-5.091,31.0,-100.0,-100.0,-100.0,0.0,0.0,0.0,30.0,-100.0,-100.0,-100.0,-16.0,1.0,0.0,30.0,-46.8,-45.0,-45.0,-104.0,20.0,0.0,36.0,-96.401,-96.263,-96.263,0.0,0.0,-0.086,30.0,9.268,8.78,8.78,8.0,0.0,0.0,30.0,6.804,6.804,6.804,0.0,0.0,0.0,30.0
6.1156,0,approach,-85.0,11.9,-17.933,-85.0,-19.16,100.0,19.0,-4.218,31.0,-100.0,-100.0,-100.0,0.0,0.0,0.0,30.0,-100.0,-100.0,-100.0,-16.0,1.0,0.0,30.0,-46.8,-45.0,-45.0,-104.0,20.0,0.0,36.0,-96.401,-96.263,-96.263,0.0,0.0,-0.042,30.0,9.268,8.78,8.78,8.0,0.0,0.0,30.0,6.804,6.804,6.804,0.0,0.0,0.0,30.0
6.1692,0,approach,-85.0,11.9,-18.112,-85.0,-19.373,100.0,19.0,-3.799,31.0,-100.0,-100.0,-100.0,0.0,0.0,0.0,30.0,-100.0,-100.0,-100.0,-16.0,1.0,0.0,30.0,-46.8,-45.0,-45.0,-104.0,20.0,0.0,36.0,-96.401,-96.263,-96.263,0.0,0.0,-0.021,30.0,9.268,8.78,8.78,8.0,0.0,0.0,30.0,6.804,6.804,6.804,0.0,0.0,0.0,30.0
6.2221,0,approach,-85.0,11.9,-18.382,-85.0,-19.584,100.0,19.0,-4.585,31.0,-100.0,-100.0,-100.0,0.0,0.0,0.0,30.0,-100.0,-100.0,-100.0,-16.0,1.0,0.0,30.0,-46.8,-45.0,-45.0,-104.0,20.0,0.0,36.0,-96.401,-96.263,-96.263,0.0,0.0,-0.01,30.0,9.268,8.78,8.78,8.0,0.0,0.0,30.0,6.804,6.804,6.804,0.0,0.0,0.0,30.0
6.2752,0,approach,-85.0,11.9,-18.562,-85.0,-19.799,100.0,19.0,-3.962,31.0,-100.0,-100.0,-100.0,0.0,0.0,0.0,30.0,-100.0,-100.0,-100.0,-16.0,1.0,0.0,30.0,-46.8,-45.0,-45.0,-104.0,20.0,0.0,36.0,-96.401,-96.263,-96.263,0.0,0.0,-0.005,30.0,9.268,8.78,8.78,8.0,0.0,0.0,30.0,6.804,6.804,6.804,0.0,0.0,0.0,30.0
6.3275,0,approach,-85.0,11.9,-18.562,-85.0,-20.012,100.0,19.0,-2.773,31.0,-100.0,-100.0,-100.0,0.0,0.0,0.0,30.0,-100.0,-100.0,-100.0,-16.0,1.0,0.0,30.0,-46.8,-45.0,-45.0,-104.0,20.0,0.0,36.0,-96.401,-96.263,-96.263,0.0,0.0,-0.003,30.0,9.268,8.78,8.78,8.0,0.0,0.0,30.0,6.804,6.804,6.804,0.0,0.0,0.0,30.0
6.381,0,approach,-85.0,11.9,-18.742,-85.0,-20.237,100.0,19.0,-3.003,31.0,-100.0,-100.0,-100.0,0.0,0.0,0.0,30.0,-100.0,-100.0,-100.0,-16.0,1.0,0.0,30.0,-46.8,-45.0,-45.0,-104.0,20.0,0.0,36.0,-96.401,-96.263,-96.263,0.0,0.0,-0.002,30.0,9.268,8.78,8.78,8.0,0.0,0.0,30.0,6.804,6.804,6.804,0.0,0.0,0.0,30.0
6.4342,0,approach,-85.0,11.9,-18.921,-85.0,-20.237,116.0,17.0,-3.934,31.0,-100.0,-100.0,-100.0,0.0,0.0,0.0,30.0,-100.0,-100.0,-100.0,-16.0,0.0,0.0,30.0,-46.8,-45.0,-45.0,-104.0,20.0,0.0,36.0,-96.401,-96.263,-96.263,-8.0,0.0,-0.001,30.0,9.268,8.78,8.78,8.0,0.0,0.0,30.0,6.804,6.804,6.804,0.0,0.0,0.0,30.0
6.487,0,approach,-85.0,11.9,-19.281,-85.0,-20.585,116.0,17.0,-3.92,31.0,-100.0,-100.0,-100.0,0.0,0.0,0.0,30.0,-100.0,-100.0,-100.0,-16.0,0.0,0.0,30.0,-46.8,-45.0,-45.0,-104.0,20.0,0.0,36.0,-96.401,-96.263,-96.263,-8.0,0.0,-0.001,30.0,9.268,8.78,8.78,8.0,0.0,0.0,30.0,6.804,6.804,6.804,0.0,0.0,0.0,30.0
6.5401,0,approach,-85.0,11.9,-19.461,-85.0,-20.798,116.0,17.0,-3.645,31.0,-100.0,-100.0,-100.0,0.0,0.0,0.0,30.0,-100.0,-100.0,-100.0,-16.0,0.0,0.0,30.0,-46.8,-45.0,-45.0,-104.0,20.0,0.0,36.0,-96.401,-96.263,-96.263,-8.0,0.0,-0.0,30.0,9.268,8.78,8.78,8.0,0.0,0.0,30.0,6.804,6.804,6.804,0.0,0.0,0.0,30.0
6.5932,0,approach,-85.0,11.9,-19.73,-85.0,-21.012,116.0,17.0,-4.199,31.0,-100.0,-100.0,-100.0,0.0,0.0,0.0,30.0,-100.0,-100.0,-100.0,-16.0,0.0,0.0,30.0,-46.8,-45.0,-45.0,-104.0,20.0,0.0,36.0,-96.401,-96.263,-96.263,-8.0,0.0,-0.0,30.0,9.268,8.78,8.78,8.0,0.0,0.0,30.0,6.804,6.804,6.804,0.0,0.0,0.0,30.0
6.6464,0,approach,-85.0,11.9,-19.91,-85.0,-21.225,116.0,17.0,-3.481,31.0,-100.0,-100.0,-100.0,0.0,0.0,0.0,30.0,-100.0,-100.0,-100.0,-16.0,0.0,0.0,30.0,-46.8,-45.0,-45.0,-104.0,20.0,0.0,36.0,-96.401,-96.263,-96.263,-8.0,0.0,-0.0,30.0,9.268,8.78,8.78,8.0,0.0,0.0,30.0,6.804,6.804,6.804,0.0,0.0,0.0,30.0
6.6998,0,approach,-85.0,11.9,-20.0,-85.0,-21.437,116.0,17.0,-2.417,31.0,-100.0,-100.0,-100.0,0.0,0.0,0.0,30.0,-100.0,-100.0,-100.0,-16.0,0.0,0.0,30.0,-46.8,-45.0,-45.0,-104.0,20.0,0.0,36.0,-96.401,-96.263,-96.263,-8.0,0.0,-0.0,30.0,9.268,8.78,8.78,8.0,0.0,0.0,30.0,6.804,6.804,6.804,0.0,0.0,0.0,30.0
6.7528,0,approach,-85.0,11.9,-20.18,-85.0,-21.652,116.0,17.0,-2.904,31.0,-100.0,-100.0,-100.0,0.0,0.0,0.0,30.0,-100.0,-100.0,-100.0,-16.0,0.0,0.0,30.0,-46.8,-45.0,-45.0,-104.0,20.0,0.0,36.0,-96.401,-96.263,-96.263,-8.0,0.0,-0.0,30.0,9.268,8.78,8.78,8.0,0.0,0.0,30.0,6.804,6.804,6.804,0.0,0.0,0.0,30.0
6.8058,0,approach,-85.0,11.9,-20.539,-85.0,-21.865,116.0,17.0,-4.857,31.0,-100.0,-100.0,-100.0,0.0,0.0,0.0,30.0,-100.0,-100.0,-100.0,-16.0,0.0,0.0,30.0,-46.8,-45.0,-45.0,-104.0,20.0,0.0,36.0,-96.401,-96.263,-96.263,-8.0,0.0,-0.0,30.0,9.268,8.78,8.78,8.0,0.0,0.0,30.0,6.804,6.804,6.804,0.0,0.0,0.0,30.0
6.859,0,approach,-85.0,11.9,-20.719,-85.0,-22.078,116.0,17.0,-4.102,31.0,-100.0,-100.0,-100.0,0.0,0.0,0.0,30.0,-100.0,-100.0,-100.0,-16.0,0.0,0.0,30.0,-46.8,-45.0,-45.0,-104.0,20.0,0.0,36.0,-96.401,-96.263,-96.263,-8.0,0.0,-0.0,30.0,9.268,8.78,8.78,8.0,0.0,0.0,30.0,6.804,6.804,6.804,0.0,0.0,0.0,30.0
6.9114,0,approach,-85.0,11.9,-20.899,-85.0,-22.292,116.0,17.0,-4.035,31.0,-100.0,-100.0,-100.0,0.0,0.0,0.0,30.0,-100.0,-100.0,-100.0,-16.0,0.0,0.0,30.0,-46.8,-45.0,-45.0,-104.0,20.0,0.0,36.0,-96.401,-96.263,-96.263,-8.0,0.0,-0.0,30.0,9.268,8.78,8.78,8.0,0.0,0.0,30.0,6.804,6.804,6.804,0.0,0.0,0.0,30.0
6.9637,0,approach,-85.0,11.9,-21.079,-85.0,-22.505,116.0,17.0,-4.011,31.0,-100.0,-100.0,-100.0,0.0,0.0,0.0,30.0,-100.0,-100.0,-100.0,-16.0,0.0,0.0,30.0,-46.8,-45.0,-45.0,-104.0,20.0,0.0,36.0,-96.401,-96.263,-96.263,-8.0,0.0,-0.0,30.0,9.268,8.78,8.78,8.0,0.0,0.0,30.0,6.804,6.804,6.804,0.0,0.0,0.0,30.0
7.0169,0,approach,-85.0,11.9,-21.258,-85.0,-22.735,116.0,24.0,-3.738,31.0,-100.0,-100.0,-100.0,0.0,0.0,0.0,30.0,-100.0,-100.0,-100.0,-16.0,0.0,0.0,31.0,-46.8,-45.0,-45.0,-104.0,17.0,0.0,36.0,-96.401,-96.263,-96.263,-8.0,0.0,-0.0,30.0,9.268,8.78,8.78,8.0,1.0,0.0,30.0,6.804,6.804,6.804,0.0,0.0,0.0,31.0
7.0714,0,approach,-85.0,11.9,-21.438,-85.0,-22.95,116.0,24.0,-3.547,31.0,-100.0,-100.0,-100.0,0.0,0.0,0.0,30.0,-100.0,-100.0,-100.0,-16.0,0.0,0.0,31.0,-46.8,-45.0,-45.0,-104.0,17.0,0.0,36.0,-96.401,-96.263,-96.263,-8.0,0.0,-0.0,30.0,9.268,8.78,8.78,8.0,1.0,0.0,30.0,6.804,6.804,6.804,0.0,0.0,0.0,31.0
7.125,0,approach,-85.0,11.9,-21.528,-85.0,-23.163,116.0,24.0,-2.446,31.0,-100.0,-100.0,-100.0,0.0,0.0,0.0,30.0,-100.0,-100.0,-100.0,-16.0,0.0,0.0,31.0,-46.8,-45.0,-45.0,-104.0,17.0,0.0,36.0,-96.401,-96.263,-96.263,-8.0,0.0,-0.0,30.0,9.268,8.78,8.78,8.0,1.0,0.0,30.0,6.804,6.804,6.804,0.0,0.0,0.0,31.0
7.1783,0,approach,-85.0,11.9,-21.978,-85.0,-23.378,116.0,24.0,-5.37,31.0,-100.0,-100.0,-100.0,0.0,0.0,0.0,30.0,-100.0,-100.0,-100.0,-16.0,0.0,0.0,31.0,-46.8,-45.0,-45.0,-104.0,17.0,0.0,36.0,-96.401,-96.263,-96.263,-8.0,0.0,-0.0,30.0,9.268,8.78,8.78,8.0,1.0,0.0,30.0,6.804,6.804,6.804,0.0,0.0,0.0,31.0
7.2313,0,approach,-85.0,11.9,-22.247,-85.0,-23.589,116.0,24.0,-5.075,31.0,-100.0,-100.0,-100.0,0.0,0.0,0.0,30.0,-100.0,-100.0,-100.0,-16.0,0.0,0.0,31.0,-46.8,-45.0,-45.0,-104.0,17.0,0.0,36.0,-96.401,-96.263,-96.263,-8.0,0.0,-0.0,30.0,9.268,8.78,8.78,8.0,1.0,0.0,30.0,6.804,6.804,6.804,0.0,0.0,0.0,31.0
7.2835,0,approach,-85.0,11.9,-22.337,-85.0,-23.803,116.0,24.0,-3.488,31.0,-100.0,-100.0,-100.0,0.0,0.0,0.0,30.0,-100.0,-100.0,-100.0,-16.0,0.0,0.0,31.0,-46.8,-45.0,-45.0,-104.0,17.0,0.0,36.0,-96.401,-96.263,-96.263,-8.0,0.0,-0.0,30.0,9.268,8.78,8.78,8.0,1.0,0.0,30.0,6.804,6.804,6.804,0.0,0.0,0.0,31.0
7.337,0,approach,-85.0,11.9,-22.607,-85.0,-24.017,116.0,24.0,-4.13,31.0,-100.0,-100.0,-100.0,0.0,0.0,0.0,30.0,-100.0,-100.0,-100.0,-16.0,0.0,0.0,31.0,-46.8,-45.0,-45.0,-104.0,17.0,0.0,36.0,-96.401,-96.263,-96.263,-8.0,0.0,-0.0,30.0,9.268,8.78,8.78,8.0,1.0,0.0,30.0,6.804,6.804,6.804,0.0,0.0,0.0,31.0
7.3901,0,approach,-85.0,11.9,-22.787,-85.0,-24.23,116.0,24.0,-4.048,31.0,-100.0,-100.0,-100.0,0.0,0.0,0.0,30.0,-100.0,-100.0,-100.0,-16.0,0.0,0.0,31.0,-46.8,-45.0,-45.0,-104.0,17.0,0.0,36.0,-96.401,-96.263,-96.263,-8.0,0.0,-0.0,30.0,9.268,8.78,8.78,8.0,1.0,0.0,30.0,6.804,6.804,6.804,0.0,0.0,0.0,31.0
7.4433,0,approach,-85.0,11.9,-22.966,-85.0,-24.443,116.0,24.0,-4.021,31.0,-100.0,-100.0,-100.0,0.0,0.0,0.0,30.0,-100.0,-100.0,-100.0,-16.0,0.0,0.0,31.0,-46.8,-45.0,-45.0,-104.0,17.0,0.0,36.0,-96.401,-96.263,-96.263,-8.0,0.0,-0.0,30.0,9.268,8.78,8.78,8.0,1.0,0.0,30.0,6.804,6.804,6.804,0.0,0.0,0.0,31.0
7.4956,0,approach,-85.0,11.9,-23.056,-85.0,-24.655,116.0,24.0,-2.983,31.0,-100.0,-100.0,-100.0,0.0,0.0,0.0,30.0,-100.0,-100.0,-100.0,-16.0,0.0,0.0,31.0,-46.8,-45.0,-45.0,-104.0,17.0,0.0,36.0,-96.401,-96.263,-96.263,-8.0,0.0,-0.0,30.0,9.268,8.78,8.78,8.0,1.0,0.0,30.0,6.804,6.804,6.804,0.0,0.0,0.0,31.0
7.5489,0,approach,-85.0,11.9,-23.236,-85.0,-24.761,132.0,26.0,-4.125,31.0,-100.0,-100.0,-100.0,0.0,0.0,0.0,30.0,-100.0,-100.0,-100.0,-24.0,0.0,0.0,30.0,-46.8,-45.0,-45.0,-104.0,16.0,0.0,36.0,-96.401,-96.263,-96.263,-8.0,1.0,-0.0,30.0,9.268,8.78,8.78,8.0,0.0,0.0,30.0,6.804,6.804,6.804,0.0,0.0,0.0,31.0
7.602,0,approach,-85.0,11.9,-23.596,-85.0,-25.097,132.0,26.0,-4.021,31.0,-100.0,-100.0,-100.0,0.0,0.0,0.0,30.0,-100.0,-100.0,-100.0,-24.0,0.0,0.0,30.0,-46.8,-45.0,-45.0,-104.0,16.0,0.0,36.0,-96.401,-96.263,-96.263,-8.0,1.0,-0.0,30.0,9.268,8.78,8.78,8.0,0.0,0.0,30.0,6.804,6.804,6.804,0.0,0.0,0.0,31.0
7.6546,0,approach,-85.0,11.9,-23.775,-85.0,-25.31,132.0,26.0,-3.675,31.0,-100.0,-100.0,-100.0,0.0,0.0,0.0,30.0,-100.0,-100.0,-100.0,-24.0,0.0,0.0,30.0,-46.8,-45.0,-45.0,-104.0,16.0,0.0,36.0,-96.401,-96.263,-96.263,-8.0,1.0,-0.0,30.0,9.268,8.78,8.78,8.0,0.0,0.0,30.0,6.804,6.804,6.804,0.0,0.0,0.0,31.0
7.7075,0,approach,-85.0,11.9,-24.045,-85.0,-25.524,132.0,26.0,-4.852,31.0,-100.0,-100.0,-100.0,0.0,0.0,0.0,30.0,-100.0,-100.0,-100.0,-24.0,0.0,0.0,30.0,-46.8,-45.0,-45.0,-104.0,16.0,0.0,36.0,-96.401,-96.263,-96.263,-8.0,1.0,-0.0,30.0,9.268,8.78,8.78,8.0,0.0,0.0,30.0,6.804,6.804,6.804,0.0,0.0,0.0,31.0
7.7608,0,approach,-85.0,11.9,-24.225,-85.0,-25.738,132.0,26.0,-4.096,31.0,-100.0,-100.0,-100.0,0.0,0.0,0.0,30.0,-100.0,-100.0,-100.0,-24.0,0.0,0.0,30.0,-46.8,-45.0,-45.0,-104.0,16.0,0.0,36.0,-96.401,-96.263,-96.263,-8.0,1.0,-0.0,30.0,9.268,8.78,8.78,8.0,0.0,0.0,30.0,6.804,6.804,6.804,0.0,0.0,0.0,31.0
7.8139,0,approach,-85.0,11.9,-24.404,-85.0,-25.95,132.0,26.0,-3.728,31.0,-100.0,-100.0,-100.0,0.0,0.0,0.0,30.0,-100.0,-100.0,-100.0,-24.0,0.0,0.0,30.0,-46.8,-45.0,-45.0,-104.0,16.0,0.0,36.0,-96.401,-96.263,-96.263,-8.0,1.0,-0.0,30.0,9.268,8.78,8.78,8.0,0.0,0.0,30.0,6.804,6.804,6.804,0.0,0.0,0.0,31.0
7.8671,0,approach,-85.0,11.9,-24.674,-85.0,-26.164,132.0,26.0,-4.563,31.0,-100.0,-100.0,-100.0,0.0,0.0,0.0,30.0,-100.0,-100.0,-100.0,-24.0,0.0,0.0,30.0,-46.8,-45.0,-45.0,-104.0,16.0,0.0,36.0,-96.401,-96.263,-96.263,-8.0,1.0,-0.0,30.0,9.268,8.78,8.78,8.0,0.0,0.0,30.0,6.804,6.804,6.804,0.0,0.0,0.0,31.0
7.9202,0,approach,-85.0,11.9,-24.944,-85.0,-26.379,132.0,26.0,-4.643,31.0,-100.0,-100.0,-100.0,0.0,0.0,0.0,30.0,-100.0,-100.0,-100.0,-24.0,0.0,0.0,30.0,-46.8,-45.0,-45.0,-104.0,16.0,0.0,36.0,-96.401,-96.263,-96.263,-8.0,1.0,-0.0,30.0,9.268,8.78,8.78,8.0,0.0,0.0,30.0,6.804,6.804,6.804,0.0,0.0,0.0,31.0
7.9726,0,approach,-85.0,11.9,-25.124,-85.0,-26.591,132.0,26.0,-4.002,31.0,-100.0,-100.0,-100.0,0.0,0.0,0.0,30.0,-100.0,-100.0,-100.0,-24.0,0.0,0.0,30.0,-46.8,-45.0,-45.0,-104.0,16.0,0.0,36.0,-96.401,-96.263,-96.263,-8.0,1.0,-0.0,30.0,9.268,8.78,8.78,8.0,0.0,0.0,30.0,6.804,6.804,6.804,0.0,0.0,0.0,31.0
8.0264,0,approach,-85.0,11.9,-25.213,-85.0,-26.804,132.0,26.0,-2.669,31.0,-100.0,-100.0,-100.0,0.0,0.0,0.0,30.0,-100.0,-100.0,-100.0,-24.0,0.0,0.0,30.0,-46.8,-45.0,-45.0,-104.0,16.0,0.0,36.0,-96.401,-96.263,-96.263,-8.0,1.0,-0.0,30.0,9.268,8.78,8.78,8.0,0.0,0.0,30.0,6.804,6.804,6.804,0.0,0.0,0.0,31.0
8.0809,0,approach,-85.0,11.9,-25.483,-85.0,-27.017,132.0,26.0,-4.357,31.0,-100.0,-100.0,-100.0,0.0,0.0,0.0,30.0,-100.0,-100.0,-100.0,-24.0,0.0,0.0,30.0,-46.8,-45.0,-45.0,-104.0,16.0,0.0,36.0,-96.401,-96.263,-96.263,-8.0,1.0,-0.0,30.0,9.268,8.78,8.78,8.0,0.0,0.0,30.0,6.804,6.804,6.804,0.0,0.0,0.0,31.0
8.1334,0,approach,-85.0,11.9,-25.483,-85.0,-27.255,128.0,29.0,-4.357,31.0,-100.0,-100.0,-100.0,0.0,0.0,0.0,30.0,-100.0,-100.0,-100.0,-24.0,0.0,0.0,30.0,-46.8,-45.0,-45.0,-104.0,15.0,0.0,36.0,-96.401,-96.263,-96.263,-8.0,0.0,-0.0,30.0,9.268,8.78,8.78,8.0,0.0,0.0,30.0,6.804,6.804,6.804,0.0,0.0,0.0,31.0
8.1869,0,approach,-85.0,11.9,-25.753,-85.0,-27.367,128.0,29.0,-4.434,31.0,-100.0,-100.0,-100.0,0.0,0.0,0.0,30.0,-100.0,-100.0,-100.0,-24.0,0.0,0.0,30.0,-46.8,-45.0,-45.0,-104.0,15.0,0.0,36.0,-96.401,-96.263,-96.263,-8.0,0.0,-0.0,30.0,9.268,8.78,8.78,8.0,0.0,0.0,30.0,6.804,6.804,6.804,0.0,0.0,0.0,31.0
8.2395,0,approach,-85.0,11.9,-25.933,-85.0,-27.594,128.0,29.0,-3.818,31.0,-100.0,-100.0,-100.0,0.0,0.0,0.0,30.0,-100.0,-100.0,-100.0,-24.0,0.0,0.0,30.0,-46.8,-45.0,-45.0,-104.0,15.0,0.0,36.0,-96.401,-96.263,-96.263,-8.0,0.0,-0.0,30.0,9.268,8.78,8.78,8.0,0.0,0.0,30.0,6.804,6.804,6.804,0.0,0.0,0.0,31.0
8.2931,0,approach,-85.0,11.9,-26.202,-85.0,-27.807,128.0,29.0,-4.907,31.0,-100.0,-100.0,-100.0,0.0,0.0,0.0,30.0,-100.0,-100.0,-100.0,-24.0,0.0,0.0,30.0,-46.8,-45.0,-45.0,-104.0,15.0,0.0,36.0,-96.401,-96.263,-96.263,-8.0,0.0,-0.0,30.0,9.268,8.78,8.78,8.0,0.0,0.0,30.0,6.804,6.804,6.804,0.0,0.0,0.0,31.0
8.3456,0,approach,-85.0,11.9,-26.562,-85.0,-28.021,128.0,29.0,-5.834,31.0,-100.0,-100.0,-100.0,0.0,0.0,0.0,30.0,-100.0,-100.0,-100.0,-24.0,0.0,0.0,30.0,-46.8,-45.0,-45.0,-104.0,15.0,0.0,36.0,-96.401,-96.263,-96.263,-8.0,0.0,-0.0,30.0,9.268,8.78,8.78,8.0,0.0,0.0,30.0,6.804,6.804,6.804,0.0,0.0,0.0,31.0
8.3976,0,approach,-85.0,11.9,-26.652,-85.0,-28.234,128.0,29.0,-3.571,31.0,-100.0,-100.0,-100.0,0.0,0.0,0.0,30.0,-100.0,-100.0,-100.0,-24.0,0.0,0.0,30.0,-46.8,-45.0,-45.0,-104.0,15.0,0.0,36.0,-96.401,-96.263,-96.263,-8.0,0.0,-0.0,30.0,9.268,8.78,8.78,8.0,0.0,0.0,30.0,6.804,6.804,6.804,0.0,0.0,0.0,31.0
8.4513,0,approach,-85.0,11.9,-26.831,-85.0,-28.447,128.0,29.0,-3.47,31.0,-100.0,-100.0,-100.0,0.0,0.0,0.0,30.0,-100.0,-100.0,-100.0,-24.0,0.0,0.0,30.0,-46.8,-45.0,-45.0,-104.0,15.0,0.0,36.0,-96.401,-96.263,-96.263,-8.0,0.0,-0.0,30.0,9.268,8.78,8.78,8.0,0.0,0.0,30.0,6.804,6.804,6.804,0.0,0.0,0.0,31.0
8.5035,0,approach,-85.0,11.9,-27.101,-85.0,-28.66,128.0,29.0,-4.129,31.0,-100.0,-100.0,-100.0,0.0,0.0,0.0,30.0,-100.0,-100.0,-100.0,-24.0,0.0,0.0,30.0,-46.8,-45.0,-45.0,-104.0,15.0,0.0,36.0,-96.401,-96.263,-96.263,-8.0,0.0,-0.0,30.0,9.268,8.78,8.78,8.0,0.0,0.0,30.0,6.804,6.804,6.804,0.0,0.0,0.0,31.0
8.556,0,approach,-85.0,11.9,-27.281,-85.0,-28.873,128.0,29.0,-3.742,31.0,-100.0,-100.0,-100.0,0.0,0.0,0.0,30.0,-100.0,-100.0,-100.0,-24.0,0.0,0.0,30.0,-46.8,-45.0,-45.0,-104.0,15.0,0.0,36.0,-96.401,-96.263,-96.263,-8.0,0.0,-0.0,30.0,9.268,8.78,8.78,8.0,0.0,0.0,30.0,6.804,6.804,6.804,0.0,0.0,0.0,31.0
8.6093,0,approach,-85.0,11.9,-27.371,-85.0,-29.087,128.0,29.0,-2.54,31.0,-100.0,-100.0,-100.0,0.0,0.0,0.0,30.0,-100.0,-100.0,-100.0,-24.0,0.0,0.0,30.0,-46.8,-45.0,-45.0,-104.0,15.0,0.0,36.0,-96.401,-96.263,-96.263,-8.0,0.0,-0.0,30.0,9.268,8.78,8.78,8.0,0.0,0.0,30.0,6.804,6.804,6.804,0.0,0.0,0.0,31.0
8.6617,0,approach,-85.0,11.9,-27.73,-85.0,-29.3,128.0,29.0,-4.973,31.0,-100.0,-100.0,-100.0,0.0,0.0,0.0,30.0,-100.0,-100.0,-100.0,-24.0,0.0,0.0,30.0,-46.8,-45.0,-45.0,-104.0,15.0,0.0,36.0,-96.401,-96.263,-96.263,-8.0,0.0,-0.0,30.0,9.268,8.78,8.78,8.0,0.0,0.0,30.0,6.804,6.804,6.804,0.0,0.0,0.0,31.0
8.715,0,approach,-85.0,11.9,-27.91,-85.0,-29.54,136.0,30.0,-4.381,31.0,-100.0,-100.0,-100.0,0.0,0.0,0.0,30.0,-100.0,-100.0,-100.0,-24.0,1.0,0.0,30.0,-46.8,-45.0,-45.0,-104.0,20.0,0.0,36.0,-96.401,-96.263,-96.263,-8.0,0.0,-0.0,30.0,9.268,8.78,8.78,8.0,0.0,0.0,30.0,6.804,6.804,6.804,0.0,0.0,0.0,31.0
8.7682,0,approach,-85.0,11.9,-28.18,-85.0,-29.753,136.0,30.0,-4.57,31.0,-100.0,-100.0,-100.0,0.0,0.0,0.0,30.0,-100.0,-100.0,-100.0,-24.0,1.0,0.0,30.0,-46.8,-45.0,-45.0,-104.0,20.0,0.0,36.0,-96.401,-96.263,-96.263,-8.0,0.0,-0.0,30.0,9.268,8.78,8.78,8.0,0.0,0.0,30.0,6.804,6.804,6.804,0.0,0.0,0.0,31.0
8.8214,0,approach,-85.0,11.9,-28.18,-85.0,-29.967,136.0,30.0,-2.239,31.0,-100.0,-100.0,-100.0,0.0,0.0,0.0,30.0,-100.0,-100.0,-100.0,-24.0,1.0,0.0,30.0,-46.8,-45.0,-45.0,-104.0,20.0,0.0,36.0,-96.401,-96.263,-96.263,-8.0,0.0,-0.0,30.0,9.268,8.78,8.78,8.0,0.0,0.0,30.0,6.804,6.804,6.804,0.0,0.0,0.0,31.0
8.8751,0,approach,-85.0,11.9,-28.449,-85.0,-30.181,136.0,30.0,-3.502,31.0,-100.0,-100.0,-100.0,0.0,0.0,0.0,30.0,-100.0,-100.0,-100.0,-24.0,1.0,0.0,30.0,-46.8,-45.0,-45.0,-104.0,20.0,0.0,36.0,-96.401,-96.263,-96.263,-8.0,0.0,-0.0,30.0,9.268,8.78,8.78,8.0,0.0,0.0,30.0,6.804,6.804,6.804,0.0,0.0,0.0,31.0
8.9276,0,approach,-85.0,11.9,-28.629,-85.0,-30.394,136.0,30.0,-3.134,31.0,-100.0,-100.0,-100.0,0.0,0.0,0.0,30.0,-100.0,-100.0,-100.0,-24.0,1.0,0.0,30.0,-46.8,-45.0,-45.0,-104.0,20.0,0.0,36.0,-96.401,-96.263,-96.263,-8.0,0.0,-0.0,30.0,9.268,8.78,8.78,8.0,0.0,0.0,30.0,6.804,6.804,6.804,0.0,0.0,0.0,31.0
8.9809,0,approach,-85.0,11.9,-28.809,-85.0,-30.608,136.0,30.0,-3.253,31.0,-100.0,-100.0,-100.0,0.0,0.0,0.0,30.0,-100.0,-100.0,-100.0,-24.0,1.0,0.0,30.0,-46.8,-45.0,-45.0,-104.0,20.0,0.0,36.0,-96.401,-96.263,-96.263,-8.0,0.0,-0.0,30.0,9.268,8.78,8.78,8.0,0.0,0.0,30.0,6.804,6.804,6.804,0.0,0.0,0.0,31.0
9.0343,0,approach,-85.0,11.9,-29.169,-85.0,-30.821,136.0,30.0,-5.632,31.0,-100.0,-100.0,-100.0,0.0,0.0,0.0,30.0,-100.0,-100.0,-100.0,-24.0,1.0,0.0,30.0,-46.8,-45.0,-45.0,-104.0,20.0,0.0,36.0,-96.401,-96.263,-96.263,-8.0,0.0,-0.0,30.0,9.268,8.78,8.78,8.0,0.0,0.0,30.0,6.804,6.804,6.804,0.0,0.0,0.0,31.0
9.0877,0,approach,-85.0,11.9,-29.438,-85.0,-31.034,136.0,30.0,-5.196,31.0,-100.0,-100.0,-100.0,0.0,0.0,0.0,30.0,-100.0,-100.0,-100.0,-24.0,1.0,0.0,30.0,-46.8,-45.0,-45.0,-104.0,20.0,0.0,36.0,-96.401,-96.263,-96.263,-8.0,0.0,-0.0,30.0,9.268,8.78,8.78,8.0,0.0,0.0,30.0,6.804,6.804,6.804,0.0,0.0,0.0,31.0
9.141,0,approach,-85.0,11.9,-29.528,-85.0,-31.247,136.0,30.0,-3.564,31.0,-100.0,-100.0,-100.0,0.0,0.0,0.0,30.0,-100.0,-100.0,-100.0,-24.0,1.0,0.0,30.0,-46.8,-45.0,-45.0,-104.0,20.0,0.0,36.0,-96.401,-96.263,-96.263,-8.0,0.0,-0.0,30.0,9.268,8.78,8.78,8.0,0.0,0.0,30.0,6.804,6.804,6.804,0.0,0.0,0.0,31.0
9.1937,0,approach,-85.0,11.9,-29.798,-85.0,-31.461,136.0,30.0,-4.438,31.0,-100.0,-100.0,-100.0,0.0,0.0,0.0,30.0,-100.0,-100.0,-100.0,-24.0,1.0,0.0,30.0,-46.8,-45.0,-45.0,-104.0,20.0,0.0,36.0,-96.401,-96.263,-96.263,-8.0,0.0,-0.0,30.0,9.268,8.78,8.78,8.0,0.0,0.0,30.0,6.804,6.804,6.804,0.0,0.0,0.0,31.0
9.248,0,approach,-85.0,11.9,-29.888,-85.0,-31.569,148.0,36.0,-4.129,31.0,-100.0,-100.0,-100.0,0.0,0.0,0.0,30.0,-100.0,-100.0,-100.0,-24.0,1.0,0.0,30.0,-46.8,-45.0,-45.0,-104.0,16.0,0.0,36.0,-96.401,-96.263,-96.263,-8.0,0.0,-0.0,30.0,9.268,8.78,8.78,8.0,0.0,0.0,30.0,6.804,6.804,6.804,0.0,0.0,0.0,31.0
9.3012,0,approach,-85.0,11.9,-30.067,-85.0,-31.901,148.0,36.0,-2.691,31.0,-100.0,-100.0,-100.0,0.0,0.0,0.0,30.0,-100.0,-100.0,-100.0,-24.0,1.0,0.0,30.0,-46.8,-45.0,-45.0,-104.0,16.0,0.0,36.0,-96.401,-96.263,-96.263,-8.0,0.0,-0.0,30.0,9.268,8.78,8.78,8.0,0.0,0.0,30.0,6.804,6.804,6.804,0.0,0.0,0.0,31.0
9.3535,0,approach,-85.0,11.9,-30.247,-85.0,-32.114,148.0,36.0,-3.049,31.0,-100.0,-100.0,-100.0,0.0,0.0,0.0,30.0,-100.0,-100.0,-100.0,-24.0,1.0,0.0,30.0,-46.8,-45.0,-45.0,-104.0,16.0,0.0,36.0,-96.401,-96.263,-96.263,-8.0,0.0,-0.0,30.0,9.268,8.78,8.78,8.0,0.0,0.0,30.0,6.804,6.804,6.804,0.0,0.0,0.0,31.0
9.407,0,approach,-85.0,11.9,-30.517,-85.0,-32.328,148.0,36.0,-4.557,31.0,-100.0,-100.0,-100.0,0.0,0.0,0.0,30.0,-100.0,-100.0,-100.0,-24.0,1.0,0.0,30.0,-46.8,-45.0,-45.0,-104.0,16.0,0.0,36.0,-96.401,-96.263,-96.263,-8.0,0.0,-0.0,30.0,9.268,8.78,8.78,8.0,0.0,0.0,30.0,6.804,6.804,6.804,0.0,0.0,0.0,31.0
9.4602,0,approach,-85.0,11.9,-30.787,-85.0,-32.539,148.0,36.0,-4.658,31.0,-100.0,-100.0,-100.0,0.0,0.0,0.0,30.0,-100.0,-100.0,-100.0,-24.0,1.0,0.0,30.0,-46.8,-45.0,-45.0,-104.0,16.0,0.0,36.0,-96.401,-96.263,-96.263,-8.0,0.0,-0.0,30.0,9.268,8.78,8.78,8.0,0.0,0.0,30.0,6.804,6.804,6.804,0.0,0.0,0.0,31.0
9.5139,0,approach,-85.0,11.9,-30.966,-85.0,-32.755,148.0,36.0,-3.685,31.0,-100.0,-100.0,-100.0,0.0,0.0,0.0,30.0,-100.0,-100.0,-100.0,-24.0,1.0,0.0,30.0,-46.8,-45.0,-45.0,-104.0,16.0,0.0,36.0,-96.401,-96.263,-96.263,-8.0,0.0,-0.0,30.0,9.268,8.78,8.78,8.0,0.0,0.0,30.0,6.804,6.804,6.804,0.0,0.0,0.0,31.0
9.5671,0,approach,-85.0,11.9,-31.146,-85.0,-32.968,148.0,36.0,-3.525,31.0,-100.0,-100.0,-100.0,0.0,0.0,0.0,30.0,-100.0,-100.0,-100.0,-24.0,1.0,0.0,30.0,-46.8,-45.0,-45.0,-104.0,16.0,0.0,36.0,-96.401,-96.263,-96.263,-8.0,0.0,-0.0,30.0,9.268,8.78,8.78,8.0,0.0,0.0,30.0,6.804,6.804,6.804,0.0,0.0,0.0,31.0
9.6202,0,approach,-85.0,11.9,-31.326,-85.0,-33.181,148.0,36.0,-4.491,31.0,-100.0,-100.0,-100.0,0.0,0.0,0.0,30.0,-100.0,-100.0,-100.0,-24.0,1.0,0.0,30.0,-46.8,-45.0,-45.0,-104.0,16.0,0.0,36.0,-96.401,-96.263,-96.263,-8.0,0.0,-0.0,30.0,9.268,8.78,8.78,8.0,0.0,0.0,30.0,6.804,6.804,6.804,0.0,0.0,0.0,31.0
9.6725,0,approach,-85.0,11.9,-31.506,-85.0,-33.407,148.0,36.0,-3.839,31.0,-100.0,-100.0,-100.0,0.0,0.0,0.0,30.0,-100.0,-100.0,-100.0,-24.0,1.0,0.0,30.0,-46.8,-45.0,-45.0,-104.0,16.0,0.0,36.0,-96.401,-96.263,-96.263,-8.0,0.0,-0.0,30.0,9.268,8.78,8.78,8.0,0.0,0.0,30.0,6.804,6.804,6.804,0.0,0.0,0.0,31.0
9.7259,0,approach,-85.0,11.9,-31.685,-85.0,-33.629,148.0,36.0,-3.547,31.0,-100.0,-100.0,-100.0,0.0,0.0,0.0,30.0,-100.0,-100.0,-100.0,-24.0,1.0,0.0,30.0,-46.8,-45.0,-45.0,-104.0,16.0,0.0,36.0,-96.401,-96.263,-96.263,-8.0,0.0,-0.0,30.0,9.268,8.78,8.78,8.0,0.0,0.0,30.0,6.804,6.804,6.804,0.0,0.0,0.0,31.0
9.7792,0,approach,-85.0,11.9,-31.775,-85.0,-33.842,148.0,36.0,-2.751,31.0,-100.0,-100.0,-100.0,0.0,0.0,0.0,30.0,-100.0,-100.0,-100.0,-24.0,1.0,0.0,30.0,-46.8,-45.0,-45.0,-104.0,16.0,0.0,36.0,-96.401,-96.263,-96.263,-8.0,0.0,-0.0,30.0,9.268,8.78,8.78,8.0,0.0,0.0,30.0,6.804,6.804,6.804,0.0,0.0,0.0,31.0
9.8316,0,approach,-85.0,11.9,-32.045,-85.0,-33.842,156.0,36.0,-4.964,31.0,-100.0,-100.0,-100.0,0.0,0.0,0.0,30.0,-100.0,-100.0,-100.0,-24.0,1.0,0.0,30.0,-46.8,-45.0,-45.0,-104.0,20.0,0.0,36.0,-96.401,-96.263,-96.263,-8.0,0.0,-0.0,30.0,9.268,8.78,8.78,8.0,0.0,0.0,30.0,6.804,6.804,6.804,0.0,0.0,0.0,31.0
9.8849,0,approach,-85.0,11.9,-32.404,-85.0,-34.175,156.0,36.0,-5.133,31.0,-100.0,-100.0,-100.0,0.0,0.0,0.0,30.0,-100.0,-100.0,-100.0,-24.0,1.0,0.0,30.0,-46.8,-45.0,-45.0,-104.0,20.0,0.0,36.0,-96.401,-96.263,-96.263,-8.0,0.0,-0.0,30.0,9.268,8.78,8.78,8.0,0.0,0.0,30.0,6.804,6.804,6.804,0.0,0.0,0.0,31.0
9.9381,0,approach,-85.0,11.9,-32.494,-85.0,-34.387,156.0,36.0,-3.23,31.0,-100.0,-100.0,-100.0,0.0,0.0,0.0,30.0,-100.0,-100.0,-100.0,-24.0,1.0,0.0,30.0,-46.8,-45.0,-45.0,-104.0,20.0,0.0,36.0,-96.401,-96.263,-96.263,-8.0,0.0,-0.0,30.0,9.268,8.78,8.78,8.0,0.0,0.0,30.0,6.804,6.804,6.804,0.0,0.0,0.0,31.0
9.9907,0,approach,-85.0,11.9,-32.764,-85.0,-34.599,156.0,36.0,-4.273,31.0,-100.0,-100.0,-100.0,0.0,0.0,0.0,30.0,-100.0,-100.0,-100.0,-24.0,1.0,0.0,30.0,-46.8,-45.0,-45.0,-104.0,20.0,0.0,36.0,-96.401,-96.263,-96.263,-8.0,0.0,-0.0,30.0,9.268,8.78,8.78,8.0,0.0,0.0,30.0,6.804,6.804,6.804,0.0,0.0,0.0,31.0
10.0441,0,approach,-85.0,11.9,-32.944,-85.0,-34.816,156.0,36.0,-3.496,31.0,-100.0,-100.0,-100.0,0.0,0.0,0.0,30.0,-100.0,-100.0,-100.0,-24.0,1.0,0.0,30.0,-46.8,-45.0,-45.0,-104.0,20.0,0.0,36.0,-96.401,-96.263,-96.263,-8.0,0.0,-0.0,30.0,9.268,8.78,8.78,8.0,0.0,0.0,30.0,6.804,6.804,6.804,0.0,0.0,0.0,31.0
10.0984,0,approach,-85.0,11.9,-33.124,-85.0,-35.03,156.0,36.0,-3.421,31.0,-100.0,-100.0,-100.0,0.0,0.0,0.0,30.0,-100.0,-100.0,-100.0,-24.0,1.0,0.0,30.0,-46.8,-45.0,-45.0,-104.0,20.0,0.0,36.0,-96.401,-96.263,-96.263,-8.0,0.0,-0.0,30.0,9.268,8.78,8.78,8.0,0.0,0.0,30.0,6.804,6.804,6.804,0.0,0.0,0.0,31.0
10.1507,0,approach,-85.0,11.9,-33.393,-85.0,-35.244,156.0,36.0,-4.385,31.0,-100.0,-100.0,-100.0,0.0,0.0,0.0,30.0,-100.0,-100.0,-100.0,-24.0,1.0,0.0,30.0,-46.8,-45.0,-45.0,-104.0,20.0,0.0,36.0,-96.401,-96.263,-96.263,-8.0,0.0,-0.0,30.0,9.268,8.78,8.78,8.0,0.0,0.0,30.0,6.804,6.804,6.804,0.0,0.0,0.0,31.0
10.2037,0,approach,-85.0,11.9,-33.663,-85.0,-35.458,156.0,36.0,-4.585,31.0,-100.0,-100.0,-100.0,0.0,0.0,0.0,30.0,-100.0,-100.0,-100.0,-24.0,1.0,0.0,30.0,-46.8,-45.0,-45.0,-104.0,20.0,0.0,36.0,-96.401,-96.263,-96.263,-8.0,0.0,-0.0,30.0,9.268,8.78,8.78,8.0,0.0,0.0,30.0,6.804,6.804,6.804,0.0,0.0,0.0,31.0
10.2557,0,approach,-85.0,11.9,-33.933,-85.0,-35.671,156.0,36.0,-4.67,31.0,-100.0,-100.0,-100.0,0.0,0.0,0.0,30.0,-100.0,-100.0,-100.0,-24.0,1.0,0.0,30.0,-46.8,-45.0,-45.0,-104.0,20.0,0.0,36.0,-96.401,-96.263,-96.263,-8.0,0.0,-0.0,30.0,9.268,8.78,8.78,8.0,0.0,0.0,30.0,6.804,6.804,6.804,0.0,0.0,0.0,31.0
10.3089,0,approach,-85.0,11.9,-34.022,-85.0,-35.884,156.0,36.0,-3.298,31.0,-100.0,-100.0,-100.0,0.0,0.0,0.0,30.0,-100.0,-100.0,-100.0,-24.0,1.0,0.0,30.0,-46.8,-45.0,-45.0,-104.0,20.0,0.0,36.0,-96.401,-96.263,-96.263,-8.0,0.0,-0.0,30.0,9.268,8.78,8.78,8.0,0.0,0.0,30.0,6.804,6.804,6.804,0.0,0.0,0.0,31.0
10.3617,0,approach,-85.0,11.9,-34.202,-85.0,-36.097,156.0,36.0,-3.036,31.0,-100.0,-100.0,-100.0,0.0,0.0,0.0,30.0,-100.0,-100.0,-100.0,-24.0,1.0,0.0,30.0,-46.8,-45.0,-45.0,-104.0,20.0,0.0,36.0,-96.401,-96.263,-96.263,-8.0,0.0,-0.0,30.0,9.268,8.78,8.78,8.0,0.0,0.0,30.0,6.804,6.804,6.804,0.0,0.0,0.0,31.0
10.4154,0,approach,-85.0,11.8,-34.382,-85.0,-36.325,164.0,48.0,-3.077,31.0,-100.0,-100.0,-100.0,0.0,0.0,0.0,30.0,-100.0,-100.0,-100.0,-24.0,1.0,0.0,30.0,-46.8,-45.0,-45.0,-104.0,16.0,0.0,36.0,-96.401,-96.263,-96.263,-8.0,0.0,-0.0,30.0,9.268,8.78,8.78,8.0,0.0,0.0,30.0,6.804,6.804,6.804,0.0,0.0,0.0,31.0
10.4684,0,approach,-85.0,11.8,-34.562,-85.0,-36.539,164.0,48.0,-3.215,31.0,-100.0,-100.0,-100.0,0.0,0.0,0.0,30.0,-100.0,-100.0,-100.0,-24.0,1.0,0.0,30.0,-46.8,-45.0,-45.0,-104.0,16.0,0.0,36.0,-96.401,-96.263,-96.263,-8.0,0.0,-0.0,30.0,9.268,8.78,8.78,8.0,0.0,0.0,30.0,6.804,6.804,6.804,0.0,0.0,0.0,31.0
10.5207,0,approach,-85.0,11.8,-34.652,-85.0,-36.753,164.0,48.0,-2.28,31.0,-100.0,-100.0,-100.0,0.0,0.0,0.0,30.0,-100.0,-100.0,-100.0,-24.0,1.0,0.0,30.0,-46.8,-45.0,-45.0,-104.0,16.0,0.0,36.0,-96.401,-96.263,-96.263,-8.0,0.0,-0.0,30.0,9.268,8.78,8.78,8.0,0.0,0.0,30.0,6.804,6.804,6.804,0.0,0.0,0.0,31.0
10.5743,0,approach,-85.0,11.8,-35.101,-85.0,-36.966,164.0,48.0,-5.238,31.0,-100.0,-100.0,-100.0,0.0,0.0,0.0,30.0,-100.0,-100.0,-100.0,-24.0,1.0,0.0,30.0,-46.8,-45.0,-45.0,-104.0,16.0,0.0,36.0,-96.401,-96.263,-96.263,-8.0,0.0,-0.0,30.0,9.268,8.78,8.78,8.0,0.0,0.0,30.0,6.804,6.804,6.804,0.0,0.0,0.0,31.0
10.6264,0,approach,-85.0,11.8,-35.371,-85.0,-37.181,164.0,48.0,-5.302,31.0,-100.0,-100.0,-100.0,0.0,0.0,0.0,30.0,-100.0,-100.0,-100.0,-24.0,1.0,0.0,30.0,-46.8,-45.0,-45.0,-104.0,16.0,0.0,36.0,-96.401,-96.263,-96.263,-8.0,0.0,-0.0,30.0,9.268,8.78,8.78,8.0,0.0,0.0,30.0,6.804,6.804,6.804,0.0,0.0,0.0,31.0
10.6785,0,approach,-85.0,11.8,-35.461,-85.0,-37.393,164.0,48.0,-3.617,31.0,-100.0,-100.0,-100.0,0.0,0.0,0.0,30.0,-100.0,-100.0,-100.0,-24.0,1.0,0.0,30.0,-46.8,-45.0,-45.0,-104.0,16.0,0.0,36.0,-96.401,-96.263,-96.263,-8.0,0.0,-0.0,30.0,9.268,8.78,8.78,8.0,0.0,0.0,30.0,6.804,6.804,6.804,0.0,0.0,0.0,31.0
10.7317,0,approach,-85.0,11.8,-35.73,-85.0,-37.607,164.0,48.0,-4.493,31.0,-100.0,-100.0,-100.0,0.0,0.0,0.0,30.0,-100.0,-100.0,-100.0,-24.0,1.0,0.0,30.0,-46.8,-45.0,-45.0,-104.0,16.0,0.0,36.0,-96.401,-96.263,-96.263,-8.0,0.0,-0.0,30.0,9.268,8.78,8.78,8.0,0.0,0.0,30.0,6.804,6.804,6.804,0.0,0.0,0.0,31.0
10.785,0,approach,-85.0,11.8,-35.91,-85.0,-37.82,164.0,48.0,-3.929,31.0,-100.0,-100.0,-100.0,0.0,0.0,0.0,30.0,-100.0,-100.0,-100.0,-24.0,1.0,0.0,30.0,-46.8,-45.0,-45.0,-104.0,16.0,0.0,36.0,-96.401,-96.263,-96.263,-8.0,0.0,-0.0,30.0,9.268,8.78,8.78,8.0,0.0,0.0,30.0,6.804,6.804,6.804,0.0,0.0,0.0,31.0
10.8379,0,approach,-85.0,11.8,-36.09,-85.0,-38.032,164.0,48.0,-3.651,31.0,-100.0,-100.0,-100.0,0.0,0.0,0.0,30.0,-100.0,-100.0,-100.0,-24.0,1.0,0.0,30.0,-46.8,-45.0,-45.0,-104.0,16.0,0.0,36.0,-96.401,-96.263,-96.263,-8.0,0.0,-0.0,30.0,9.268,8.78,8.78,8.0,0.0,0.0,30.0,6.804,6.804,6.804,0.0,0.0,0.0,31.0
10.8909,0,approach,-85.0,11.8,-36.36,-85.0,-38.248,164.0,48.0,-4.834,31.0,-100.0,-100.0,-100.0,0.0,0.0,0.0,30.0,-100.0,-100.0,-100.0,-24.0,1.0,0.0,30.0,-46.8,-45.0,-45.0,-104.0,16.0,0.0,36.0,-96.401,-96.263,-96.263,-8.0,0.0,-0.0,30.0,9.268,8.78,8.78,8.0,0.0,0.0,30.0,6.804,6.804,6.804,0.0,0.0,0.0,31.0
10.9434,0,approach,-85.0,11.8,-36.539,-85.0,-38.354,164.0,48.0,-5.413,31.0,-100.0,-100.0,-100.0,0.0,0.0,0.0,30.0,-100.0,-100.0,-100.0,-24.0,1.0,0.0,30.0,-46.8,-45.0,-45.0,-104.0,16.0,0.0,36.0,-96.401,-96.263,-96.263,-8.0,0.0,-0.0,30.0,9.268,8.78,8.78,8.0,0.0,0.0,30.0,6.804,6.804,6.804,0.0,0.0,0.0,31.0
10.9971,0,approach,-85.0,11.8,-36.719,-85.0,-38.703,156.0,42.0,-4.679,31.0,-100.0,-100.0,-100.0,0.0,0.0,0.0,30.0,-100.0,-100.0,-100.0,-24.0,1.0,0.0,30.0,-46.8,-45.0,-45.0,-104.0,16.0,0.0,36.0,-96.401,-96.263,-96.263,-8.0,0.0,-0.0,30.0,9.268,8.78,8.78,8.0,0.0,0.0,30.0,6.804,6.804,6.804,0.0,0.0,0.0,31.0
11.0498,0,approach,-85.0,11.8,-36.899,-85.0,-38.823,156.0,42.0,-3.94,31.0,-100.0,-100.0,-100.0,0.0,0.0,0.0,30.0,-100.0,-100.0,-100.0,-24.0,1.0,0.0,30.0,-46.8,-45.0,-45.0,-104.0,16.0,0.0,36.0,-96.401,-96.263,-96.263,-8.0,0.0,-0.0,30.0,9.268,8.78,8.78,8.0,0.0,0.0,30.0,6.804,6.804,6.804,0.0,0.0,0.0,31.0
11.104,0,approach,-85.0,11.8,-37.079,-85.0,-39.047,156.0,42.0,-3.562,31.0,-100.0,-100.0,-100.0,0.0,0.0,0.0,30.0,-100.0,-100.0,-100.0,-24.0,1.0,0.0,30.0,-46.8,-45.0,-45.0,-104.0,16.0,0.0,36.0,-96.401,-96.263,-96.263,-8.0,0.0,-0.0,30.0,9.268,8.78,8.78,8.0,0.0,0.0,30.0,6.804,6.804,6.804,0.0,0.0,0.0,31.0
11.1573,0,approach,-85.0,11.8,-37.169,-85.0,-39.263,156.0,42.0,-2.45,31.0,-100.0,-100.0,-100.0,0.0,0.0,0.0,30.0,-100.0,-100.0,-100.0,-24.0,1.0,0.0,30.0,-46.8,-45.0,-45.0,-104.0,16.0,0.0,36.0,-96.401,-96.263,-96.263,-8.0,0.0,-0.0,30.0,9.268,8.78,8.78,8.0,0.0,0.0,30.0,6.804,6.804,6.804,0.0,0.0,0.0,31.0
11.2097,0,approach,-85.0,11.8,-37.438,-85.0,-39.476,156.0,42.0,-3.632,31.0,-100.0,-100.0,-100.0,0.0,0.0,0.0,30.0,-100.0,-100.0,-100.0,-24.0,1.0,0.0,30.0,-46.8,-45.0,-45.0,-104.0,16.0,0.0,36.0,-96.401,-96.263,-96.263,-8.0,0.0,-0.0,30.0,9.268,8.78,8.78,8.0,0.0,0.0,30.0,6.804,6.804,6.804,0.0,0.0,0.0,31.0
11.2631,0,approach,-85.0,11.8,-37.528,-85.0,-39.689,156.0,42.0,-2.786,31.0,-100.0,-100.0,-100.0,0.0,0.0,0.0,30.0,-100.0,-100.0,-100.0,-24.0,1.0,0.0,30.0,-46.8,-45.0,-45.0,-104.0,16.0,0.0,36.0,-96.401,-96.263,-96.263,-8.0,0.0,-0.0,30.0,9.268,8.78,8.78,8.0,0.0,0.0,30.0,6.804,6.804,6.804,0.0,0.0,0.0,31.0
11.3163,0,approach,-85.0,11.8,-37.888,-85.0,-39.903,156.0,42.0,-5.11,31.0,-100.0,-100.0,-100.0,0.0,0.0,0.0,30.0,-100.0,-100.0,-100.0,-24.0,1.0,0.0,30.0,-46.8,-45.0,-45.0,-104.0,16.0,0.0,36.0,-96.401,-96.263,-96.263,-8.0,0.0,-0.0,30.0,9.268,8.78,8.78,8.0,0.0,0.0,30.0,6.804,6.804,6.804,0.0,0.0,0.0,31.0
11.3692,0,approach,-85.0,11.8,-38.157,-85.0,-40.115,156.0,42.0,-4.952,31.0,-100.0,-100.0,-100.0,0.0,0.0,0.0,30.0,-100.0,-100.0,-100.0,-24.0,1.0,0.0,30.0,-46.8,-45.0,-45.0,-104.0,16.0,0.0,36.0,-96.401,-96.263,-96.263,-8.0,0.0,-0.0,30.0,9.268,8.78,8.78,8.0,0.0,0.0,30.0,6.804,6.804,6.804,0.0,0.0,0.0,31.0
11.4222,0,approach,-85.0,11.8,-38.247,-85.0,-40.326,156.0,42.0,-3.141,31.0,-100.0,-100.0,-100.0,0.0,0.0,0.0,30.0,-100.0,-100.0,-100.0,-24.0,1.0,0.0,30.0,-46.8,-45.0,-45.0,-104.0,16.0,0.0,36.0,-96.401,-96.263,-96.263,-8.0,0.0,-0.0,30.0,9.268,8.78,8.78,8.0,0.0,0.0,30.0,6.804,6.804,6.804,0.0,0.0,0.0,31.0
11.4754,0,approach,-85.0,11.8,-38.517,-85.0,-40.539,156.0,42.0,-4.29,31.0,-100.0,-100.0,-100.0,0.0,0.0,0.0,30.0,-100.0,-100.0,-100.0,-24.0,1.0,0.0,30.0,-46.8,-45.0,-45.0,-104.0,16.0,0.0,36.0,-96.401,-96.263,-96.263,-8.0,0.0,-0.0,30.0,9.268,8.78,8.78,8.0,0.0,0.0,30.0,6.804,6.804,6.804,0.0,0.0,0.0,31.0
11.5277,0,approach,-85.0,11.8,-38.697,-85.0,-40.645,172.0,47.0,-5.017,31.0,-100.0,-100.0,-100.0,0.0,0.0,0.0,30.0,-100.0,-100.0,-100.0,-24.0,1.0,0.0,30.0,-46.8,-45.0,-45.0,-104.0,20.0,0.0,36.0,-96.401,-96.263,-96.263,-8.0,0.0,-0.0,30.0,9.268,8.78,8.78,8.0,0.0,0.0,30.0,6.804,6.804,6.804,0.0,0.0,0.0,31.0
11.58,0,approach,-85.0,11.8,-38.876,-85.0,-40.98,172.0,47.0,-3.797,31.0,-100.0,-100.0,-100.0,0.0,0.0,0.0,30.0,-100.0,-100.0,-100.0,-24.0,1.0,0.0,30.0,-46.8,-45.0,-45.0,-104.0,20.0,0.0,36.0,-96.401,-96.263,-96.263,-8.0,0.0,-0.0,30.0,9.268,8.78,8.78,8.0,0.0,0.0,30.0,6.804,6.804,6.804,0.0,0.0,0.0,31.0
11.6332,0,approach,-85.0,11.8,-38.966,-85.0,-41.193,172.0,47.0,-2.573,31.0,-100.0,-100.0,-100.0,0.0,0.0,0.0,30.0,-100.0,-100.0,-100.0,-24.0,1.0,0.0,30.0,-46.8,-45.0,-45.0,-104.0,20.0,0.0,36.0,-96.401,-96.263,-96.263,-8.0,0.0,-0.0,30.0,9.268,8.78,8.78,8.0,0.0,0.0,30.0,6.804,6.804,6.804,0.0,0.0,0.0,31.0
11.6864,0,approach,-85.0,11.8,-39.326,-85.0,-41.407,172.0,47.0,-5.299,31.0,-100.0,-100.0,-100.0,0.0,0.0,0.0,30.0,-100.0,-100.0,-100.0,-24.0,1.0,0.0,30.0,-46.8,-45.0,-45.0,-104.0,20.0,0.0,36.0,-96.401,-96.263,-96.263,-8.0,0.0,-0.0,30.0,9.268,8.78,8.78,8.0,0.0,0.0,30.0,6.804,6.804,6.804,0.0,0.0,0.0,31.0
11.7386,0,approach,-85.0,11.8,-39.596,-85.0,-41.621,172.0,47.0,-5.315,31.0,-100.0,-100.0,-100.0,0.0,0.0,0.0,30.0,-100.0,-100.0,-100.0,-24.0,1.0,0.0,30.0,-46.8,-45.0,-45.0,-104.0,20.0,0.0,36.0,-96.401,-96.263,-96.263,-8.0,0.0,-0.0,30.0,9.268,8.78,8.78,8.0,0.0,0.0,30.0,6.804,6.804,6.804,0.0,0.0,0.0,31.0
11.792,0,approach,-85.0,11.8,-39.685,-85.0,-41.834,172.0,47.0,-3.615,31.0,-100.0,-100.0,-100.0,0.0,0.0,0.0,30.0,-100.0,-100.0,-100.0,-24.0,1.0,0.0,30.0,-46.8,-45.0,-45.0,-104.0,20.0,0.0,36.0,-96.401,-96.263,-96.263,-8.0,0.0,-0.0,30.0,9.268,8.78,8.78,8.0,0.0,0.0,30.0,6.804,6.804,6.804,0.0,0.0,0.0,31.0
11.8453,0,approach,-85.0,11.8,-39.865,-85.0,-42.047,172.0,47.0,-3.485,31.0,-100.0,-100.0,-100.0,0.0,0.0,0.0,30.0,-100.0,-100.0,-100.0,-24.0,1.0,0.0,30.0,-46.8,-45.0,-45.0,-104.0,20.0,0.0,36.0,-96.401,-96.263,-96.263,-8.0,0.0,-0.0,30.0,9.268,8.78,8.78,8.0,0.0,0.0,30.0,6.804,6.804,6.804,0.0,0.0,0.0,31.0
11.8975,0,approach,-85.0,11.8,-40.225,-85.0,-42.261,172.0,47.0,-5.146,31.0,-100.0,-100.0,-100.0,0.0,0.0,0.0,30.0,-100.0,-100.0,-100.0,-24.0,1.0,0.0,30.0,-46.8,-45.0,-45.0,-104.0,20.0,0.0,36.0,-96.401,-96.263,-96.263,-8.0,0.0,-0.0,30.0,9.268,8.78,8.78,8.0,0.0,0.0,30.0,6.804,6.804,6.804,0.0,0.0,0.0,31.0
11.9508,0,approach,-85.0,11.8,-40.225,-85.0,-42.474,172.0,47.0,-2.522,31.0,-100.0,-100.0,-100.0,0.0,0.0,0.0,30.0,-100.0,-100.0,-100.0,-24.0,1.0,0.0,30.0,-46.8,-45.0,-45.0,-104.0,20.0,0.0,36.0,-96.401,-96.263,-96.263,-8.0,0.0,-0.0,30.0,9.268,8.78,8.78,8.0,0.0,0.0,30.0,6.804,6.804,6.804,0.0,0.0,0.0,31.0
12.004,0,approach,-85.0,11.8,-40.404,-85.0,-42.688,172.0,47.0,-2.649,31.0,-100.0,-100.0,-100.0,0.0,0.0,0.0,30.0,-100.0,-100.0,-100.0,-24.0,1.0,0.0,30.0,-46.8,-45.0,-45.0,-104.0,20.0,0.0,36.0,-96.401,-96.263,-96.263,-8.0,0.0,-0.0,30.0,9.268,8.78,8.78,8.0,0.0,0.0,30.0,6.804,6.804,6.804,0.0,0.0,0.0,31.0
12.0565,0,approach,-85.0,11.8,-40.854,-85.0,-42.902,172.0,47.0,-5.737,31.0,-100.0,-100.0,-100.0,0.0,0.0,0.0,30.0,-100.0,-100.0,-100.0,-24.0,1.0,0.0,30.0,-46.8,-45.0,-45.0,-104.0,20.0,0.0,36.0,-96.401,-96.263,-96.263,-8.0,0.0,-0.0,30.0,9.268,8.78,8.78,8.0,0.0,0.0,30.0,6.804,6.804,6.804,0.0,0.0,0.0,31.0
12.1111,0,approach,-85.0,11.8,-40.854,-85.0,-43.145,180.0,56.0,-5.737,31.0,-100.0,-100.0,-100.0,0.0,0.0,0.0,30.0,-100.0,-100.0,-100.0,-32.0,2.0,0.0,30.0,-46.8,-45.0,-45.0,-104.0,19.0,0.0,36.0,-96.401,-96.263,-96.263,-8.0,0.0,-0.0,30.0,9.268,8.78,8.78,8.0,0.0,0.0,30.0,6.804,6.804,6.804,0.0,0.0,0.0,31.0
12.1637,0,approach,-85.0,11.8,-41.124,-85.0,-43.371,180.0,56.0,-4.407,31.0,-100.0,-100.0,-100.0,0.0,0.0,0.0,30.0,-100.0,-100.0,-100.0,-32.0,2.0,0.0,30.0,-46.8,-45.0,-45.0,-104.0,19.0,0.0,36.0,-96.401,-96.263,-96.263,-8.0,0.0,-0.0,30.0,9.268,8.78,8.78,8.0,0.0,0.0,30.0,6.804,6.804,6.804,0.0,0.0,0.0,31.0
12.2171,0,approach,-85.0,11.8,-41.393,-85.0,-43.593,180.0,56.0,-4.481,31.0,-100.0,-100.0,-100.0,0.0,0.0,0.0,30.0,-100.0,-100.0,-100.0,-32.0,2.0,0.0,30.0,-46.8,-45.0,-45.0,-104.0,19.0,0.0,36.0,-96.401,-96.263,-96.263,-8.0,0.0,-0.0,30.0,9.268,8.78,8.78,8.0,0.0,0.0,30.0,6.804,6.804,6.804,0.0,0.0,0.0,31.0
12.2704,0,approach,-85.0,11.8,-41.573,-85.0,-43.807,180.0,56.0,-3.914,31.0,-100.0,-100.0,-100.0,0.0,0.0,0.0,30.0,-100.0,-100.0,-100.0,-32.0,2.0,0.0,30.0,-46.8,-45.0,-45.0,-104.0,19.0,0.0,36.0,-96.401,-96.263,-96.263,-8.0,0.0,-0.0,30.0,9.268,8.78,8.78,8.0,0.0,0.0,30.0,6.804,6.804,6.804,0.0,0.0,0.0,31.0
12.3227,0,approach,-85.0,11.8,-41.753,-85.0,-43.914,180.0,56.0,-3.631,31.0,-100.0,-100.0,-100.0,0.0,0.0,0.0,30.0,-100.0,-100.0,-100.0,-32.0,2.0,0.0,30.0,-46.8,-45.0,-45.0,-104.0,19.0,0.0,36.0,-96.401,-96.263,-96.263,-8.0,0.0,-0.0,30.0,9.268,8.78,8.78,8.0,0.0,0.0,30.0,6.804,6.804,6.804,0.0,0.0,0.0,31.0
12.3762,0,approach,-85.0,11.8,-41.843,-85.0,-44.136,180.0,56.0,-2.437,31.0,-100.0,-100.0,-100.0,0.0,0.0,0.0,30.0,-100.0,-100.0,-100.0,-32.0,2.0,0.0,30.0,-46.8,-45.0,-45.0,-104.0,19.0,0.0,36.0,-96.401,-96.263,-96.263,-8.0,0.0,-0.0,30.0,9.756,8.78,8.78,8.0,0.0,5.423,30.0,6.804,6.804,6.804,0.0,0.0,0.0,31.0
12.4284,0,approach,-85.0,11.8,-42.112,-85.0,-44.35,180.0,56.0,-3.94,31.0,-100.0,-100.0,-100.0,0.0,0.0,0.0,30.0,-100.0,-100.0,-100.0,-32.0,2.0,0.0,30.0,-46.8,-45.0,-45.0,-104.0,19.0,0.0,36.0,-96.401,-96.263,-96.263,-8.0,0.0,-0.0,30.0,9.756,8.78,8.78,8.0,0.0,2.657,30.0,6.804,6.804,6.804,0.0,0.0,0.0,31.0
12.4807,0,approach,-85.0,11.8,-42.382,-85.0,-44.563,180.0,56.0,-4.353,31.0,-100.0,-100.0,-100.0,0.0,0.0,0.0,30.0,-100.0,-100.0,-100.0,-32.0,2.0,0.0,30.0,-46.8,-45.0,-45.0,-104.0,19.0,0.0,36.0,-96.401,-96.263,-96.263,-8.0,0.0,-0.0,30.0,9.756,8.78,8.78,8.0,0.0,1.302,30.0,6.804,6.804,6.804,0.0,0.0,0.0,31.0
12.5326,0,approach,-85.0,11.8,-42.562,-85.0,-44.776,180.0,56.0,-3.847,31.0,-100.0,-100.0,-100.0,0.0,0.0,0.0,30.0,-100.0,-100.0,-100.0,-32.0,2.0,0.0,30.0,-46.8,-45.0,-45.0,-104.0,19.0,0.0,36.0,-96.401,-96.263,-96.263,-8.0,0.0,-0.0,30.0,9.756,8.78,8.78,8.0,0.0,0.638,30.0,6.804,6.804,6.804,0.0,0.0,0.0,31.0
12.5854,0,approach,-85.0,11.8,-42.831,-85.0,-44.989,180.0,56.0,-4.636,31.0,-100.0,-100.0,-100.0,0.0,0.0,0.0,30.0,-100.0,-100.0,-100.0,-32.0,2.0,0.0,30.0,-46.8,-45.0,-45.0,-104.0,19.0,0.0,36.0,-96.401,-96.263,-96.263,-8.0,0.0,-0.0,30.0,9.756,8.78,8.78,8.0,0.0,0.313,30.0,6.804,6.804,6.804,0.0,0.0,0.0,31.0
12.6375,0,approach,-85.0,11.8,-43.101,-85.0,-45.202,180.0,56.0,-5.002,31.0,-100.0,-100.0,-100.0,0.0,0.0,0.0,30.0,-100.0,-100.0,-100.0,-32.0,2.0,0.0,30.0,-46.8,-45.0,-45.0,-104.0,19.0,0.0,36.0,-96.401,-96.263,-96.263,-8.0,0.0,-0.0,30.0,9.756,8.78,8.78,8.0,0.0,0.153,30.0,6.804,6.804,6.804,0.0,0.0,0.0,31.0
12.6897,0,approach,-85.0,11.8,-43.191,-85.0,-45.44,184.0,61.0,-3.956,31.0,-100.0,-100.0,-100.0,0.0,0.0,0.0,30.0,-100.0,-100.0,-100.0,-32.0,2.0,0.0,30.0,-46.8,-45.0,-45.0,-104.0,21.0,0.0,37.0,-96.401,-96.263,-96.263,-8.0,0.0,-0.0,30.0,9.756,8.78,8.78,16.0,0.0,0.107,30.0,6.804,6.804,6.804,0.0,0.0,0.0,31.0
12.7416,0,approach,-85.0,11.8,-43.461,-85.0,-45.652,184.0,61.0,-4.672,31.0,-100.0,-100.0,-100.0,0.0,0.0,0.0,30.0,-100.0,-100.0,-100.0,-32.0,2.0,0.0,30.0,-46.8,-45.0,-45.0,-104.0,21.0,0.0,37.0,-96.401,-96.263,-96.263,-8.0,0.0,-0.0,30.0,9.756,8.78,8.78,16.0,0.0,0.053,30.0,6.804,6.804,6.804,0.0,0.0,0.0,31.0
12.7952,0,approach,-85.0,11.8,-43.82,-85.0,-45.865,184.0,61.0,-5.717,31.0,-100.0,-100.0,-100.0,0.0,0.0,0.0,30.0,-100.0,-100.0,-100.0,-32.0,2.0,0.0,30.0,-46.8,-45.0,-45.0,-104.0,21.0,0.0,37.0,-96.401,-96.263,-96.263,-8.0,0.0,-0.0,30.0,9.756,8.78,8.78,16.0,0.0,0.026,30.0,6.804,6.804,6.804,0.0,0.0,0.0,31.0
12.8482,0,approach,-85.0,11.8,-44.0,-85.0,-46.079,184.0,61.0,-4.527,31.0,-100.0,-100.0,-100.0,0.0,0.0,0.0,30.0,-100.0,-100.0,-100.0,-32.0,2.0,0.0,30.0,-46.8,-45.0,-45.0,-104.0,21.0,0.0,37.0,-96.401,-96.263,-96.263,-8.0,0.0,-0.0,30.0,9.756,8.78,8.78,16.0,0.0,0.013,30.0,6.804,6.804,6.804,0.0,0.0,0.0,31.0
12.9012,0,approach,-85.0,11.8,-44.09,-85.0,-46.291,184.0,61.0,-3.23,31.0,-100.0,-100.0,-100.0,0.0,0.0,0.0,30.0,-100.0,-100.0,-100.0,-32.0,2.0,0.0,30.0,-46.8,-45.0,-45.0,-104.0,21.0,0.0,37.0,-96.401,-96.263,-96.263,-8.0,0.0,-0.0,30.0,9.756,8.78,8.78,16.0,0.0,0.006,30.0,6.804,6.804,6.804,0.0,0.0,0.0,31.0
12.9538,0,approach,-85.0,11.8,-44.36,-85.0,-46.504,184.0,61.0,-4.011,31.0,-100.0,-100.0,-100.0,0.0,0.0,0.0,30.0,-100.0,-100.0,-100.0,-32.0,2.0,0.0,30.0,-46.8,-45.0,-45.0,-104.0,21.0,0.0,37.0,-96.401,-96.263,-96.263,-8.0,0.0,-0.0,30.0,9.756,8.78,8.78,16.0,0.0,0.003,30.0,6.804,6.804,6.804,0.0,0.0,0.0,31.0
13.0068,0,approach,-85.0,11.8,-44.539,-85.0,-46.718,184.0,61.0,-3.987,31.0,-100.0,-100.0,-100.0,0.0,0.0,0.0,30.0,-100.0,-100.0,-100.0,-32.0,2.0,0.0,30.0,-46.8,-45.0,-45.0,-104.0,21.0,0.0,37.0,-96.401,-96.263,-96.263,-8.0,0.0,-0.0,30.0,9.756,8.78,8.78,16.0,0.0,0.001,30.0,6.804,6.804,6.804,0.0,0.0,0.0,31.0
13.0594,0,approach,-85.0,11.8,-44.629,-85.0,-46.932,184.0,61.0,-2.968,31.0,-100.0,-100.0,-100.0,0.0,0.0,0.0,30.0,-100.0,-100.0,-100.0,-32.0,2.0,0.0,30.0,-46.8,-45.0,-45.0,-104.0,21.0,0.0,37.0,-96.401,-96.263,-96.263,-8.0,0.0,-0.0,30.0,9.756,8.78,8.78,16.0,0.0,0.001,30.0,6.804,6.804,6.804,0.0,0.0,0.0,31.0
13.114,0,approach,-85.0,11.8,-44.719,-85.0,-47.144,184.0,61.0,-2.166,31.0,-100.0,-100.0,-100.0,0.0,0.0,0.0,30.0,-100.0,-100.0,-100.0,-32.0,2.0,0.0,30.0,-46.8,-45.0,-45.0,-104.0,21.0,0.0,37.0,-96.401,-96.263,-96.263,-8.0,0.0,-0.0,30.0,9.756,8.78,8.78,16.0,0.0,0.0,30.0,6.804,6.804,6.804,0.0,0.0,0.0,31.0
13.1671,0,approach,-85.0,11.8,-45.169,-85.0,-47.358,184.0,61.0,-5.836,31.0,-100.0,-100.0,-100.0,0.0,0.0,0.0,30.0,-100.0,-100.0,-100.0,-32.0,2.0,0.0,30.0,-46.8,-45.0,-45.0,-104.0,21.0,0.0,37.0,-96.401,-96.263,-96.263,-8.0,0.0,-0.0,30.0,9.756,8.78,8.78,16.0,0.0,0.0,30.0,6.804,6.804,6.804,0.0,0.0,0.0,31.0
13.2203,0,approach,-85.0,11.8,-45.258,-85.0,-47.464,184.0,61.0,-5.096,31.0,-100.0,-100.0,-100.0,0.0,0.0,0.0,30.0,-100.0,-100.0,-100.0,-32.0,2.0,0.0,30.0,-46.8,-45.0,-45.0,-104.0,21.0,0.0,37.0,-96.401,-96.263,-96.263,-8.0,0.0,-0.0,30.0,9.756,8.78,8.78,16.0,0.0,0.0,30.0,6.804,6.804,6.804,0.0,0.0,0.0,31.0
13.2724,0,approach,-85.0,11.8,-45.348,-85.0,-47.809,188.0,67.0,-4.019,31.0,-100.0,-100.0,-100.0,0.0,0.0,0.0,30.0,-100.0,-100.0,-100.0,-32.0,2.0,0.0,30.0,-46.8,-45.0,-45.0,-104.0,19.0,0.0,54.0,-96.401,-96.263,-96.263,-8.0,0.0,-0.0,30.0,9.756,8.78,8.78,16.0,0.0,0.0,30.0,6.804,6.804,6.804,0.0,0.0,0.0,31.0
13.3246,0,approach,-85.0,11.8,-45.618,-85.0,-47.921,188.0,67.0,-4.683,31.0,-100.0,-100.0,-100.0,0.0,0.0,0.0,30.0,-100.0,-100.0,-100.0,-32.0,2.0,0.0,30.0,-46.8,-45.0,-45.0,-104.0,19.0,0.0,54.0,-96.401,-96.263,-96.263,-8.0,0.0,-0.0,30.0,9.756,8.78,8.78,16.0,0.0,0.0,30.0,6.804,6.804,6.804,0.0,0.0,0.0,31.0
13.3782,0,approach,-85.0,11.8,-45.888,-85.0,-48.143,188.0,67.0,-4.586,31.0,-100.0,-100.0,-100.0,0.0,0.0,0.0,30.0,-100.0,-100.0,-100.0,-32.0,2.0,0.0,30.0,-46.8,-45.0,-45.0,-104.0,19.0,0.0,54.0,-96.401,-96.263,-96.263,-8.0,0.0,-0.0,30.0,9.756,8.78,8.78,16.0,0.0,0.0,30.0,6.804,6.804,6.804,0.0,0.0,0.0,31.0
13.4304,0,approach,-85.0,11.8,-45.978,-85.0,-48.358,188.0,67.0,-2.957,31.0,-100.0,-100.0,-100.0,0.0,0.0,0.0,30.0,-100.0,-100.0,-100.0,-32.0,2.0,0.0,30.0,-46.8,-45.0,-45.0,-104.0,19.0,0.0,54.0,-96.401,-96.263,-96.263,-8.0,0.0,-0.0,30.0,9.756,8.78,8.78,16.0,0.0,0.0,30.0,6.804,6.804,6.804,0.0,0.0,0.0,31.0
13.4826,0,approach,-85.0,11.8,-46.157,-85.0,-48.571,188.0,67.0,-3.173,31.0,-100.0,-100.0,-100.0,0.0,0.0,0.0,30.0,-100.0,-100.0,-100.0,-32.0,2.0,0.0,30.0,-46.8,-45.0,-45.0,-104.0,19.0,0.0,54.0,-96.401,-96.263,-96.263,-8.0,0.0,-0.0,30.0,9.756,8.78,8.78,16.0,0.0,0.0,30.0,6.804,6.804,6.804,0.0,0.0,0.0,31.0
13.5345,0,approach,-85.0,11.8,-46.517,-85.0,-48.784,188.0,67.0,-5.595,31.0,-100.0,-100.0,-100.0,0.0,0.0,0.0,30.0,-100.0,-100.0,-100.0,-32.0,2.0,0.0,30.0,-46.8,-45.0,-45.0,-104.0,19.0,0.0,54.0,-96.401,-96.263,-96.263,-8.0,0.0,-0.0,30.0,9.756,8.78,8.78,16.0,0.0,0.0,30.0,6.804,6.804,6.804,0.0,0.0,0.0,31.0
13.5865,0,approach,-85.0,11.8,-46.697,-85.0,-48.997,188.0,67.0,-4.451,31.0,-100.0,-100.0,-100.0,0.0,0.0,0.0,30.0,-100.0,-100.0,-100.0,-32.0,2.0,0.0,30.0,-46.8,-45.0,-45.0,-104.0,19.0,0.0,54.0,-96.401,-96.263,-96.263,-8.0,0.0,-0.0,30.0,9.756,8.78,8.78,16.0,0.0,0.0,30.0,6.804,6.804,6.804,0.0,0.0,0.0,31.0
13.6385,0,approach,-85.0,11.8,-46.876,-85.0,-49.211,188.0,67.0,-3.914,31.0,-100.0,-100.0,-100.0,0.0,0.0,0.0,30.0,-100.0,-100.0,-100.0,-32.0,2.0,0.0,30.0,-46.8,-45.0,-45.0,-104.0,19.0,0.0,54.0,-96.401,-96.263,-96.263,-8.0,0.0,-0.0,30.0,9.756,8.78,8.78,16.0,0.0,0.0,30.0,6.804,6.804,6.804,0.0,0.0,0.0,31.0
13.6906,0,approach,-85.0,11.8,-46.966,-85.0,-49.422,188.0,67.0,-2.634,31.0,-100.0,-100.0,-100.0,0.0,0.0,0.0,30.0,-100.0,-100.0,-100.0,-32.0,2.0,0.0,30.0,-46.8,-45.0,-45.0,-104.0,19.0,0.0,54.0,-96.401,-96.263,-96.263,-8.0,0.0,-0.0,30.0,9.756,8.78,8.78,16.0,0.0,0.0,30.0,6.804,6.804,6.804,0.0,0.0,0.0,31.0
13.7439,0,approach,-85.0,11.8,-47.236,-85.0,-49.635,188.0,67.0,-3.425,31.0,-100.0,-100.0,-100.0,0.0,0.0,0.0,30.0,-100.0,-100.0,-100.0,-32.0,2.0,0.0,30.0,-46.8,-45.0,-45.0,-104.0,19.0,0.0,54.0,-96.401,-96.263,-96.263,-8.0,0.0,-0.0,30.0,9.756,8.78,8.78,16.0,0.0,0.0,30.0,6.804,6.804,6.804,0.0,0.0,0.0,31.0
13.7974,0,approach,-85.0,11.7,-47.326,-85.0,-49.741,200.0,73.0,-3.418,31.0,-100.0,-100.0,-100.0,0.0,0.0,0.0,30.0,-100.0,-100.0,-100.0,-32.0,2.0,0.0,30.0,-46.8,-45.0,-45.0,-104.0,21.0,0.0,36.0,-96.401,-96.263,-96.263,-8.0,0.0,-0.0,30.0,9.756,8.78,8.78,16.0,0.0,0.0,30.0,6.804,6.804,6.804,0.0,0.0,0.0,31.0
13.8494,0,approach,-85.0,11.7,-47.596,-85.0,-50.076,200.0,73.0,-4.025,31.0,-100.0,-100.0,-100.0,0.0,0.0,0.0,30.0,-100.0,-100.0,-100.0,-32.0,2.0,0.0,30.0,-46.8,-45.0,-45.0,-104.0,21.0,0.0,36.0,-96.401,-96.263,-96.263,-8.0,0.0,-0.0,30.0,9.756,8.78,8.78,16.0,0.0,0.0,30.0,6.804,6.804,6.804,0.0,0.0,0.0,31.0
13.9028,0,approach,-85.0,11.7,-47.865,-85.0,-50.289,200.0,73.0,-4.995,31.0,-100.0,-100.0,-100.0,0.0,0.0,0.0,30.0,-100.0,-100.0,-100.0,-32.0,2.0,0.0,30.0,-46.8,-45.0,-45.0,-104.0,21.0,0.0,36.0,-96.401,-96.263,-96.263,-8.0,0.0,-0.0,30.0,9.756,8.78,8.78,16.0,0.0,0.0,30.0,6.804,6.804,6.804,0.0,0.0,0.0,31.0
13.9558,0,approach,-85.0,11.7,-48.225,-85.0,-50.502,200.0,73.0,-5.889,31.0,-100.0,-100.0,-100.0,0.0,0.0,0.0,30.0,-100.0,-100.0,-100.0,-32.0,2.0,0.0,30.0,-46.8,-45.0,-45.0,-104.0,21.0,0.0,36.0,-96.401,-96.263,-96.263,-8.0,0.0,-0.0,30.0,9.756,8.78,8.78,16.0,0.0,0.0,30.0,6.804,6.804,6.804,0.0,0.0,0.0,31.0
14.0093,0,approach,-85.0,11.7,-48.404,-85.0,-50.716,200.0,73.0,-4.595,31.0,-100.0,-100.0,-100.0,0.0,0.0,0.0,30.0,-100.0,-100.0,-100.0,-32.0,2.0,0.0,30.0,-46.8,-45.0,-45.0,-104.0,21.0,0.0,36.0,-96.401,-96.263,-96.263,-8.0,0.0,-0.0,30.0,9.756,8.78,8.78,16.0,0.0,0.0,30.0,6.804,6.804,6.804,0.0,0.0,0.0,31.0
14.0619,0,approach,-85.0,11.7,-48.494,-85.0,-50.932,200.0,73.0,-3.255,31.0,-100.0,-100.0,-100.0,0.0,0.0,0.0,30.0,-100.0,-100.0,-100.0,-32.0,2.0,0.0,30.0,-46.8,-45.0,-45.0,-104.0,21.0,0.0,36.0,-96.401,-96.263,-96.263,-8.0,0.0,-0.0,30.0,9.756,8.78,8.78,16.0,0.0,0.0,30.0,6.804,6.804,6.804,0.0,0.0,0.0,31.0
14.1163,0,approach,-85.0,11.7,-48.854,-85.0,-51.147,200.0,73.0,-5.023,31.0,-100.0,-100.0,-100.0,0.0,0.0,0.0,30.0,-100.0,-100.0,-100.0,-32.0,2.0,0.0,30.0,-46.8,-45.0,-45.0,-104.0,21.0,0.0,36.0,-96.401,-96.263,-96.263,-8.0,0.0,-0.0,30.0,9.756,8.78,8.78,16.0,0.0,0.0,30.0,6.804,6.804,6.804,0.0,0.0,0.0,31.0
14.1686,0,approach,-85.0,11.7,-48.854,-85.0,-51.361,200.0,73.0,-2.461,31.0,-99.82,-100.0,-100.0,0.0,0.0,1.413,30.0,-100.0,-100.0,-100.0,-32.0,2.0,0.0,30.0,-46.8,-45.0,-45.0,-104.0,21.0,0.0,36.0,-96.401,-96.263,-96.263,-8.0,0.0,-0.0,30.0,9.756,8.78,8.78,16.0,0.0,0.0,30.0,6.804,6.804,6.804,0.0,0.0,0.0,31.0
14.2218,0,approach,-85.0,11.7,-49.034,-85.0,-51.574,200.0,73.0,-2.631,31.0,-100.0,-100.0,-100.0,0.0,0.0,-1.313,30.0,-100.0,-100.0,-100.0,-32.0,2.0,0.0,30.0,-46.8,-45.0,-45.0,-104.0,21.0,0.0,36.0,-96.401,-96.263,-96.263,-8.0,0.0,-0.0,30.0,9.756,8.78,8.78,16.0,0.0,0.0,30.0,6.804,6.804,6.804,0.0,0.0,0.0,31.0
14.2748,0,approach,-85.0,11.7,-49.483,-85.0,-51.789,200.0,73.0,-5.714,31.0,-100.0,-100.0,-100.0,0.0,0.0,-0.643,30.0,-100.0,-100.0,-100.0,-32.0,2.0,0.0,30.0,-46.8,-45.0,-45.0,-104.0,21.0,0.0,36.0,-96.401,-96.263,-96.263,-8.0,0.0,-0.0,30.0,9.756,8.78,8.78,16.0,0.0,0.0,30.0,6.804,6.804,6.804,0.0,0.0,0.0,31.0
14.3278,0,approach,-85.0,11.7,-49.663,-85.0,-52.002,200.0,73.0,-4.512,31.0,-100.0,-100.0,-100.0,0.0,0.0,-0.315,30.0,-100.0,-100.0,-100.0,-32.0,2.0,0.0,30.0,-46.8,-45.0,-45.0,-104.0,21.0,0.0,36.0,-96.401,-96.263,-96.263,-8.0,0.0,-0.0,30.0,9.756,8.78,8.78,16.0,0.0,0.0,30.0,6.804,6.804,6.804,0.0,0.0,0.0,31.0
14.3814,0,approach,-85.0,11.7,-49.663,-85.0,-52.239,192.0,73.0,-4.512,31.0,-100.0,-100.0,-100.0,0.0,0.0,-0.315,30.0,-100.0,-100.0,-100.0,-40.0,3.0,0.0,30.0,-46.8,-45.0,-45.0,-104.0,21.0,0.0,36.0,-96.401,-96.263,-96.263,-8.0,0.0,-0.0,30.0,9.756,8.78,8.78,16.0,0.0,0.0,30.0,6.804,6.804,6.804,0.0,0.0,0.0,31.0
14.4337,0,approach,-85.0,11.7,-49.843,-85.0,-52.357,192.0,73.0,-2.823,31.0,-100.0,-100.0,-100.0,0.0,0.0,-0.154,30.0,-100.0,-100.0,-100.0,-40.0,3.0,0.0,30.0,-46.8,-45.0,-45.0,-104.0,21.0,0.0,36.0,-96.401,-96.263,-96.263,-8.0,0.0,-0.0,30.0,9.756,8.78,8.78,16.0,0.0,0.0,30.0,6.804,6.804,6.804,0.0,0.0,0.0,31.0
14.4871,0,approach,-85.0,11.7,-50.112,-85.0,-52.58,192.0,73.0,-3.687,31.0,-100.0,-100.0,-100.0,0.0,0.0,-0.076,30.0,-100.0,-100.0,-100.0,-40.0,3.0,0.0,30.0,-46.8,-45.0,-45.0,-104.0,21.0,0.0,36.0,-96.401,-96.263,-96.263,-8.0,0.0,-0.0,30.0,9.756,8.78,8.78,16.0,0.0,0.0,30.0,6.804,6.804,6.804,0.0,0.0,0.0,31.0
14.5395,0,approach,-85.0,11.7,-50.292,-85.0,-52.794,192.0,73.0,-3.527,31.0,-100.0,-100.0,-100.0,0.0,0.0,-0.037,30.0,-100.0,-100.0,-100.0,-40.0,3.0,0.0,30.0,-46.8,-45.0,-45.0,-104.0,21.0,0.0,36.0,-96.401,-96.263,-96.263,-8.0,0.0,-0.0,30.0,9.756,8.78,8.78,16.0,0.0,0.0,30.0,6.804,6.804,6.804,0.0,0.0,0.0,31.0
14.5916,0,approach,-85.0,11.7,-50.472,-85.0,-53.008,192.0,73.0,-3.416,31.0,-100.0,-100.0,-100.0,0.0,0.0,-0.018,30.0,-100.0,-100.0,-100.0,-40.0,3.0,0.0,30.0,-46.8,-45.0,-45.0,-104.0,21.0,0.0,36.0,-96.401,-96.263,-96.263,-8.0,0.0,-0.0,30.0,9.756,8.78,8.78,16.0,0.0,0.0,30.0,6.804,6.804,6.804,0.0,0.0,0.0,31.0
14.6448,0,approach,-85.0,11.7,-51.011,-85.0,-53.225,192.0,73.0,-6.82,31.0,-100.0,-100.0,-100.0,0.0,0.0,-0.009,30.0,-100.0,-100.0,-100.0,-40.0,3.0,0.0,30.0,-46.8,-45.0,-45.0,-104.0,21.0,0.0,36.0,-96.401,-96.263,-96.263,-8.0,0.0,-0.0,30.0,9.756,8.78,8.78,16.0,0.0,0.0,30.0,6.804,6.804,6.804,0.0,0.0,0.0,31.0
14.6982,0,approach,-85.0,11.7,-51.191,-85.0,-53.439,192.0,73.0,-5.043,31.0,-100.0,-100.0,-100.0,0.0,0.0,-0.004,30.0,-100.0,-100.0,-100.0,-40.0,3.0,0.0,30.0,-46.8,-45.0,-45.0,-104.0,21.0,0.0,36.0,-96.401,-96.263,-96.263,-8.0,0.0,-0.0,30.0,9.756,8.78,8.78,16.0,0.0,0.0,30.0,6.804,6.804,6.804,0.0,0.0,0.0,31.0
14.7505,0,approach,-85.0,11.7,-51.281,-85.0,-53.653,192.0,73.0,-3.48,31.0,-100.0,-100.0,-100.0,0.0,0.0,-0.002,30.0,-100.0,-100.0,-100.0,-40.0,3.0,0.0,30.0,-46.8,-45.0,-45.0,-104.0,21.0,0.0,36.0,-96.401,-96.263,-96.263,-8.0,0.0,-0.0,30.0,9.756,8.78,8.78,16.0,0.0,0.0,30.0,6.804,6.804,6.804,0.0,0.0,0.0,31.0
14.8037,0,approach,-85.0,11.7,-51.281,-85.0,-53.867,192.0,73.0,-1.705,31.0,-100.0,-100.0,-100.0,0.0,0.0,-0.001,30.0,-100.0,-100.0,-100.0,-40.0,3.0,0.0,30.0,-46.8,-45.0,-45.0,-104.0,21.0,0.0,36.0,-96.401,-96.263,-96.263,-8.0,0.0,-0.0,30.0,9.756,8.78,8.78,16.0,0.0,0.0,30.0,6.804,6.804,6.804,0.0,0.0,0.0,31.0
14.8571,0,approach,-85.0,11.7,-51.281,-85.0,-54.081,192.0,73.0,-0.836,31.0,-100.0,-100.0,-100.0,0.0,0.0,-0.001,30.0,-100.0,-100.0,-100.0,-40.0,3.0,0.0,30.0,-46.8,-45.0,-45.0,-104.0,21.0,0.0,36.0,-96.401,-96.263,-96.263,-8.0,0.0,-0.0,30.0,9.756,8.78,8.78,16.0,0.0,0.0,30.0,6.804,6.804,6.804,0.0,0.0,0.0,31.0
14.9103,0,approach,-85.0,11.7,-51.73,-85.0,-54.293,192.0,73.0,-5.473,31.0,-100.0,-100.0,-100.0,0.0,0.0,-0.0,30.0,-100.0,-100.0,-100.0,-40.0,3.0,0.0,30.0,-46.8,-45.0,-45.0,-104.0,21.0,0.0,36.0,-96.401,-96.263,-96.263,-8.0,0.0,-0.0,30.0,9.756,8.78,8.78,16.0,0.0,0.0,30.0,6.804,6.804,6.804,0.0,0.0,0.0,31.0
14.9626,0,approach,-85.0,11.7,-51.82,-85.0,-54.53,224.0,87.0,-4.287,31.0,-100.0,-100.0,-100.0,0.0,0.0,-0.0,30.0,-100.0,-100.0,-100.0,-40.0,3.0,0.0,30.0,-46.8,-45.0,-45.0,-104.0,16.0,0.0,36.0,-96.401,-96.263,-96.263,-8.0,0.0,-0.0,30.0,9.756,8.78,8.78,16.0,0.0,0.0,30.0,6.804,6.804,6.804,0.0,0.0,0.0,31.0
15.016,0,approach,-85.0,11.7,-52.27,-85.0,-54.744,224.0,87.0,-6.868,31.0,-100.0,-100.0,-100.0,0.0,0.0,-0.0,30.0,-100.0,-100.0,-100.0,-40.0,3.0,0.0,30.0,-46.8,-45.0,-45.0,-104.0,16.0,0.0,36.0,-96.401,-96.263,-96.263,-8.0,0.0,-0.0,30.0,9.756,8.78,8.78,16.0,0.0,0.0,30.0,6.804,6.804,6.804,0.0,0.0,0.0,31.0
15.0684,0,approach,-85.0,11.7,-52.629,-85.0,-54.956,224.0,87.0,-6.522,31.0,-100.0,-100.0,-100.0,0.0,0.0,-0.0,30.0,-100.0,-100.0,-100.0,-40.0,3.0,0.0,30.0,-46.8,-45.0,-45.0,-104.0,16.0,0.0,36.0,-96.401,-96.263,-96.263,-8.0,0.0,-0.0,30.0,9.756,8.78,8.78,16.0,0.0,0.0,30.0,6.804,6.804,6.804,0.0,0.0,0.0,31.0
15.1216,0,approach,-85.0,11.7,-52.719,-85.0,-55.169,224.0,87.0,-3.905,31.0,-100.0,-100.0,-100.0,0.0,0.0,-0.0,30.0,-100.0,-100.0,-100.0,-40.0,3.0,0.0,30.0,-46.8,-45.0,-45.0,-104.0,16.0,0.0,36.0,-96.401,-96.263,-96.263,-8.0,0.0,-0.0,30.0,9.756,8.78,8.78,16.0,0.0,0.0,30.0,6.804,6.804,6.804,0.0,0.0,0.0,31.0
15.1737,0,approach,-85.0,11.7,-52.989,-85.0,-55.381,224.0,87.0,-4.645,31.0,-100.0,-100.0,-100.0,0.0,0.0,-0.0,30.0,-100.0,-100.0,-100.0,-40.0,3.0,0.0,30.0,-46.8,-45.0,-45.0,-104.0,16.0,0.0,36.0,-96.401,-96.263,-96.263,-8.0,0.0,-0.0,30.0,9.756,8.78,8.78,16.0,0.0,0.0,30.0,6.804,6.804,6.804,0.0,0.0,0.0,31.0
15.2269,0,approach,-85.0,11.7,-53.079,-85.0,-55.595,224.0,87.0,-2.985,31.0,-100.0,-100.0,-100.0,0.0,0.0,-0.0,30.0,-100.0,-100.0,-100.0,-40.0,3.0,0.0,30.0,-46.8,-45.0,-45.0,-104.0,16.0,0.0,36.0,-96.401,-96.263,-96.263,-8.0,0.0,-0.0,30.0,9.756,8.78,8.78,16.0,0.0,0.0,30.0,6.804,6.804,6.804,0.0,0.0,0.0,31.0
15.2795,0,approach,-85.0,11.7,-53.258,-85.0,-55.809,224.0,87.0,-3.183,31.0,-100.0,-100.0,-100.0,0.0,0.0,-0.0,30.0,-100.0,-100.0,-100.0,-40.0,3.0,0.0,30.0,-46.8,-45.0,-45.0,-104.0,16.0,0.0,36.0,-96.401,-96.263,-96.263,-8.0,0.0,-0.0,30.0,9.756,8.78,8.78,16.0,0.0,0.0,30.0,6.804,6.804,6.804,0.0,0.0,0.0,31.0
15.3316,0,approach,-85.0,11.7,-53.438,-85.0,-56.024,224.0,87.0,-3.264,31.0,-100.0,-100.0,-100.0,0.0,0.0,-0.0,30.0,-100.0,-100.0,-100.0,-40.0,3.0,0.0,30.0,-46.8,-45.0,-45.0,-104.0,16.0,0.0,36.0,-96.401,-96.263,-96.263,-8.0,0.0,-0.0,30.0,9.756,8.78,8.78,16.0,0.0,0.0,30.0,6.804,6.804,6.804,0.0,0.0,0.0,31.0
15.3853,0,approach,-85.0,11.7,-53.798,-85.0,-56.237,224.0,87.0,-5.045,31.0,-100.0,-100.0,-100.0,0.0,0.0,-0.0,30.0,-100.0,-100.0,-100.0,-40.0,3.0,0.0,30.0,-46.8,-45.0,-45.0,-104.0,16.0,0.0,36.0,-96.401,-96.263,-96.263,-8.0,0.0,-0.0,30.0,9.756,8.78,8.78,16.0,0.0,0.0,30.0,6.804,6.804,6.804,0.0,0.0,0.0,31.0
15.4381,0,approach,-85.0,11.7,-53.978,-85.0,-56.45,224.0,87.0,-4.18,31.0,-100.0,-100.0,-100.0,0.0,0.0,-0.0,30.0,-100.0,-100.0,-100.0,-40.0,3.0,0.0,30.0,-46.8,-45.0,-45.0,-104.0,16.0,0.0,36.0,-96.401,-96.263,-96.263,-8.0,0.0,-0.0,30.0,9.756,8.78,8.78,16.0,0.0,0.0,30.0,6.804,6.804,6.804,0.0,0.0,0.0,31.0
15.4906,0,approach,-85.0,11.7,-54.067,-85.0,-56.558,224.0,87.0,-3.935,31.0,-100.0,-100.0,-100.0,0.0,0.0,-0.0,30.0,-100.0,-100.0,-100.0,-40.0,3.0,0.0,30.0,-46.8,-45.0,-45.0,-104.0,16.0,0.0,36.0,-96.401,-96.263,-96.263,-8.0,0.0,-0.0,30.0,9.756,8.78,8.78,16.0,0.0,0.0,30.0,6.804,6.804,6.804,0.0,0.0,0.0,31.0
15.544,0,approach,-85.0,11.6,-54.067,-85.0,-56.797,216.0,85.0,-2.755,31.0,-100.0,-100.0,-100.0,0.0,0.0,-0.0,30.0,-100.0,-100.0,-100.0,-40.0,3.0,0.0,30.0,-46.8,-45.0,-45.0,-104.0,21.0,0.0,36.0,-96.401,-96.263,-96.263,-8.0,0.0,-0.0,30.0,9.756,8.78,8.78,16.0,0.0,0.0,30.0,6.804,6.804,6.804,0.0,0.0,0.0,31.0
15.5966,0,approach,-85.0,11.6,-54.157,-85.0,-57.021,216.0,85.0,-2.362,31.0,-100.0,-100.0,-100.0,0.0,0.0,-0.0,30.0,-100.0,-100.0,-100.0,-40.0,3.0,0.0,30.0,-46.8,-45.0,-45.0,-104.0,21.0,0.0,36.0,-96.401,-96.263,-96.263,-8.0,0.0,-0.0,30.0,9.756,8.78,8.78,16.0,0.0,0.0,30.0,6.804,6.804,6.804,0.0,0.0,0.0,31.0
15.6487,0,approach,-85.0,11.6,-54.427,-85.0,-57.234,216.0,85.0,-4.165,31.0,-100.0,-100.0,-100.0,0.0,0.0,-0.0,30.0,-100.0,-100.0,-100.0,-40.0,3.0,0.0,30.0,-46.8,-45.0,-45.0,-104.0,21.0,0.0,36.0,-96.401,-96.263,-96.263,-8.0,0.0,-0.0,30.0,9.756,8.78,8.78,16.0,0.0,0.0,30.0,6.804,6.804,6.804,0.0,0.0,0.0,31.0
15.7021,0,approach,-85.0,11.6,-54.697,-85.0,-57.448,216.0,85.0,-4.458,31.0,-100.0,-100.0,-100.0,0.0,0.0,-0.0,30.0,-100.0,-100.0,-100.0,-40.0,3.0,0.0,30.0,-46.8,-45.0,-45.0,-104.0,21.0,0.0,36.0,-96.401,-96.263,-96.263,-8.0,0.0,-0.0,30.0,9.756,8.78,8.78,16.0,0.0,0.0,30.0,6.804,6.804,6.804,0.0,0.0,0.0,31.0
15.7551,0,approach,-85.0,11.6,-55.056,-85.0,-57.663,216.0,85.0,-6.255,31.0,-100.0,-100.0,-100.0,0.0,0.0,-0.0,30.0,-100.0,-100.0,-100.0,-40.0,3.0,0.0,30.0,-46.8,-45.0,-45.0,-104.0,21.0,0.0,36.0,-96.401,-96.263,-96.263,-8.0,0.0,-0.0,30.0,9.756,8.78,8.78,16.0,0.0,0.0,30.0,6.804,6.804,6.804,0.0,0.0,0.0,31.0
15.8083,0,approach,-85.0,11.6,-55.506,-85.0,-57.875,216.0,85.0,-7.199,31.0,-100.0,-100.0,-100.0,0.0,0.0,-0.0,30.0,-100.0,-100.0,-100.0,-40.0,3.0,0.0,30.0,-46.8,-45.0,-45.0,-104.0,21.0,0.0,36.0,-96.401,-96.263,-96.263,-8.0,0.0,-0.0,30.0,9.756,8.78,8.78,16.0,0.0,0.0,30.0,6.804,6.804,6.804,0.0,0.0,0.0,31.0
15.8605,0,approach,-85.0,11.6,-55.506,-85.0,-58.089,216.0,85.0,-3.527,31.0,-100.0,-100.0,-100.0,0.0,0.0,-0.0,30.0,-100.0,-100.0,-100.0,-40.0,3.0,0.0,30.0,-46.8,-45.0,-45.0,-104.0,21.0,0.0,36.0,-96.401,-96.263,-96.263,-8.0,0.0,-0.0,30.0,9.756,8.78,8.78,16.0,0.0,0.0,30.0,6.804,6.804,6.804,0.0,0.0,0.0,31.0
15.9126,0,approach,-85.0,11.6,-55.685,-85.0,-58.302,216.0,85.0,-3.454,31.0,-100.0,-100.0,-100.0,0.0,0.0,-0.0,30.0,-100.0,-100.0,-100.0,-40.0,3.0,0.0,30.0,-46.8,-45.0,-45.0,-104.0,21.0,0.0,36.0,-96.401,-96.263,-96.263,-8.0,0.0,-0.0,30.0,9.756,8.78,8.78,16.0,0.0,0.0,30.0,6.804,6.804,6.804,0.0,0.0,0.0,31.0
15.9658,0,approach,-85.0,11.6,-55.775,-85.0,-58.514,216.0,85.0,-2.401,31.0,-100.0,-100.0,-100.0,0.0,0.0,-0.0,30.0,-100.0,-100.0,-100.0,-40.0,3.0,0.0,30.0,-46.8,-45.0,-45.0,-104.0,21.0,0.0,36.0,-96.401,-96.263,-96.263,-8.0,0.0,-0.0,30.0,9.756,8.78,8.78,16.0,0.0,0.0,30.0,6.804,6.804,6.804,0.0,0.0,0.0,31.0
16.0194,0,approach,-85.0,11.6,-55.955,-85.0,-58.727,216.0,85.0,-2.603,31.0,-100.0,-100.0,-100.0,0.0,0.0,-0.0,30.0,-100.0,-100.0,-100.0,-40.0,3.0,0.0,30.0,-46.8,-45.0,-45.0,-104.0,21.0,0.0,36.0,-96.401,-96.263,-96.263,-8.0,0.0,-0.0,30.0,9.756,8.78,8.78,16.0,0.0,0.0,30.0,6.804,6.804,6.804,0.0,0.0,0.0,31.0
16.0718,0,approach,-85.0,11.7,-56.045,-85.0,-58.834,236.0,99.0,-2.823,31.0,-100.0,-100.0,-100.0,0.0,0.0,-0.0,30.0,-100.0,-100.0,-100.0,-40.0,3.0,0.0,30.0,-46.8,-45.0,-45.0,-104.0,19.0,0.0,36.0,-96.401,-96.263,-96.263,-8.0,0.0,-0.0,30.0,9.756,8.78,8.78,16.0,0.0,0.0,30.0,6.804,6.804,6.804,0.0,0.0,0.0,31.0
16.1259,0,approach,-85.0,11.7,-56.494,-85.0,-59.17,236.0,99.0,-5.767,31.0,-100.0,-100.0,-100.0,0.0,0.0,-0.0,30.0,-100.0,-100.0,-100.0,-40.0,3.0,0.0,30.0,-46.8,-45.0,-45.0,-104.0,19.0,0.0,36.0,-96.401,-96.263,-96.263,-8.0,0.0,-0.0,30.0,9.756,8.78,8.78,16.0,0.0,0.0,30.0,6.804,6.804,6.804,0.0,0.0,0.0,31.0
16.1794,0,approach,-85.0,11.7,-56.764,-85.0,-59.385,236.0,99.0,-5.227,31.0,-100.0,-100.0,-100.0,0.0,0.0,-0.0,30.0,-100.0,-100.0,-100.0,-40.0,3.0,0.0,30.0,-46.8,-45.0,-45.0,-104.0,19.0,0.0,36.0,-96.401,-96.263,-96.263,-8.0,0.0,-0.0,30.0,9.756,8.78,8.78,16.0,0.0,0.0,30.0,6.804,6.804,6.804,0.0,0.0,0.0,31.0
16.2327,0,approach,-85.0,11.7,-56.944,-85.0,-59.601,236.0,99.0,-4.266,31.0,-100.0,-100.0,-100.0,0.0,0.0,-0.0,30.0,-100.0,-100.0,-100.0,-40.0,3.0,0.0,30.0,-46.8,-45.0,-45.0,-104.0,19.0,0.0,36.0,-96.401,-96.263,-96.263,-8.0,0.0,-0.0,30.0,9.756,8.78,8.78,16.0,0.0,0.0,30.0,6.804,6.804,6.804,0.0,0.0,0.0,31.0
16.2861,0,approach,-85.0,11.7,-57.124,-85.0,-59.815,236.0,99.0,-4.124,31.0,-100.0,-100.0,-100.0,0.0,0.0,-0.0,30.0,-100.0,-100.0,-100.0,-40.0,3.0,0.0,30.0,-46.8,-45.0,-45.0,-104.0,19.0,0.0,36.0,-96.401,-96.263,-96.263,-8.0,0.0,-0.0,30.0,9.756,8.78,8.78,16.0,0.0,0.0,30.0,6.804,6.804,6.804,0.0,0.0,0.0,31.0
16.3381,0,approach,-85.0,11.7,-57.393,-85.0,-60.029,236.0,99.0,-4.736,31.0,-100.0,-100.0,-100.0,0.0,0.0,-0.0,30.0,-100.0,-100.0,-100.0,-40.0,3.0,0.0,30.0,-46.8,-45.0,-45.0,-104.0,19.0,0.0,36.0,-96.401,-96.263,-96.263,-8.0,0.0,-0.0,30.0,9.756,8.78,8.78,16.0,0.0,0.0,30.0,6.804,6.804,6.804,0.0,0.0,0.0,31.0
16.3914,0,approach,-85.0,11.7,-57.573,-85.0,-60.244,236.0,99.0,-4.017,31.0,-100.0,-100.0,-100.0,0.0,0.0,-0.0,30.0,-100.0,-100.0,-100.0,-40.0,3.0,0.0,30.0,-46.8,-45.0,-45.0,-104.0,19.0,0.0,36.0,-96.401,-96.263,-96.263,-8.0,0.0,-0.0,30.0,9.756,8.78,8.78,16.0,0.0,0.0,30.0,6.804,6.804,6.804,0.0,0.0,0.0,31.0
16.4449,0,approach,-85.0,11.7,-57.663,-85.0,-60.459,236.0,99.0,-2.972,31.0,-100.0,-100.0,-100.0,0.0,0.0,-0.0,30.0,-100.0,-100.0,-100.0,-40.0,3.0,0.0,30.0,-46.8,-45.0,-45.0,-104.0,19.0,0.0,36.0,-96.401,-96.263,-96.263,-8.0,0.0,-0.0,30.0,9.756,8.78,8.78,16.0,0.0,0.0,30.0,6.804,6.804,6.804,0.0,0.0,0.0,31.0
16.4983,0,approach,-85.0,11.7,-58.112,-85.0,-60.672,236.0,99.0,-5.318,31.0,-100.0,-100.0,-100.0,0.0,0.0,-0.0,30.0,-100.0,-100.0,-100.0,-40.0,3.0,0.0,30.0,-46.8,-45.0,-45.0,-104.0,19.0,0.0,36.0,-96.401,-96.263,-96.263,-8.0,0.0,-0.0,30.0,9.756,8.78,8.78,16.0,0.0,0.0,30.0,6.804,6.804,6.804,0.0,0.0,0.0,31.0
16.5519,0,approach,-85.0,11.7,-58.292,-85.0,-60.886,236.0,99.0,-4.011,31.0,-99.82,-100.0,-100.0,0.0,0.0,1.408,30.0,-100.0,-100.0,-100.0,-40.0,3.0,0.0,30.0,-46.8,-45.0,-45.0,-104.0,19.0,0.0,36.0,-96.401,-96.263,-96.263,-8.0,0.0,-0.0,30.0,9.756,8.78,8.78,16.0,0.0,0.0,30.0,6.804,6.804,6.804,0.0,0.0,0.0,31.0
16.6055,0,approach,-85.0,11.7,-58.382,-85.0,-61.098,236.0,99.0,-2.678,31.0,-100.0,-100.0,-100.0,0.0,0.0,-0.739,30.0,-100.0,-100.0,-100.0,-40.0,3.0,0.0,30.0,-46.8,-45.0,-45.0,-104.0,19.0,0.0,36.0,-96.401,-96.263,-96.263,-8.0,0.0,-0.0,30.0,9.756,8.78,8.78,16.0,0.0,0.0,30.0,6.804,6.804,6.804,0.0,0.0,0.0,31.0
16.6585,0,approach,-85.0,11.7,-58.382,-85.0,-61.342,244.0,106.0,-2.678,31.0,-100.0,-100.0,-100.0,0.0,0.0,-0.739,30.0,-100.0,-100.0,-100.0,-40.0,3.0,0.0,30.0,-46.8,-45.0,-45.0,-104.0,20.0,0.0,36.0,-96.401,-96.263,-96.263,-8.0,0.0,-0.0,30.0,9.756,8.78,8.78,16.0,0.0,0.0,30.0,6.804,6.804,6.804,0.0,0.0,0.0,31.0
16.7118,0,approach,-85.0,11.7,-58.382,-85.0,-61.567,244.0,106.0,-1.312,31.0,-100.0,-100.0,-100.0,0.0,0.0,-0.362,30.0,-100.0,-100.0,-100.0,-40.0,3.0,0.0,30.0,-46.8,-45.0,-45.0,-104.0,20.0,0.0,36.0,-96.401,-96.263,-96.263,-8.0,0.0,-0.0,30.0,9.756,8.78,8.78,16.0,0.0,0.0,30.0,6.804,6.804,6.804,0.0,0.0,0.0,31.0
16.7646,0,approach,-85.0,11.7,-58.742,-85.0,-61.68,244.0,106.0,-4.344,31.0,-100.0,-100.0,-100.0,0.0,0.0,-0.177,30.0,-100.0,-100.0,-100.0,-40.0,3.0,0.0,30.0,-46.8,-45.0,-45.0,-104.0,20.0,0.0,36.0,-96.401,-96.263,-96.263,-8.0,0.0,-0.0,30.0,9.756,8.78,8.78,16.0,0.0,0.0,30.0,6.804,6.804,6.804,0.0,0.0,0.0,31.0
16.8179,0,approach,-85.0,11.7,-59.011,-85.0,-61.902,244.0,106.0,-4.801,31.0,-100.0,-100.0,-100.0,0.0,0.0,-0.087,30.0,-100.0,-100.0,-100.0,-40.0,3.0,0.0,30.0,-46.8,-45.0,-45.0,-104.0,20.0,0.0,36.0,-96.401,-96.263,-96.263,-8.0,0.0,-0.0,30.0,9.756,8.78,8.78,16.0,0.0,0.0,30.0,7.01,6.804,6.804,0.0,0.0,1.501,31.0
16.8711,0,approach,-85.0,11.7,-59.461,-85.0,-62.115,244.0,106.0,-7.445,31.0,-100.0,-100.0,-100.0,0.0,0.0,-0.043,30.0,-100.0,-100.0,-100.0,-40.0,3.0,0.0,30.0,-46.8,-45.0,-45.0,-104.0,20.0,0.0,36.0,-96.401,-96.263,-96.263,-8.0,0.0,-0.0,30.0,9.756,8.78,8.78,16.0,0.0,0.0,30.0,6.804,6.804,6.804,0.0,0.0,-0.897,31.0
16.9244,0,approach,-85.0,11.7,-59.82,-85.0,-62.33,244.0,106.0,-6.738,31.0,-100.0,-100.0,-100.0,0.0,0.0,-0.021,30.0,-100.0,-100.0,-100.0,-40.0,3.0,0.0,30.0,-46.8,-45.0,-45.0,-104.0,20.0,0.0,36.0,-96.401,-96.263,-96.263,-8.0,0.0,-0.0,30.0,9.756,8.78,8.78,16.0,0.0,0.0,30.0,6.804,6.804,6.804,0.0,0.0,-0.439,31.0
16.9766,0,approach,-85.0,11.7,-59.91,-85.0,-62.542,244.0,106.0,-4.321,31.0,-100.0,-100.0,-100.0,0.0,0.0,-0.01,30.0,-100.0,-100.0,-100.0,-40.0,3.0,0.0,30.0,-46.8,-45.0,-45.0,-104.0,20.0,0.0,36.0,-96.401,-96.263,-96.263,-8.0,0.0,-0.0,30.0,9.756,8.78,8.78,16.0,0.0,0.0,30.0,6.804,6.804,6.804,0.0,0.0,-0.215,31.0
17.0298,0,approach,-85.0,11.7,-60.18,-85.0,-62.754,244.0,106.0,-4.556,31.0,-100.0,-100.0,-100.0,0.0,0.0,-0.005,30.0,-100.0,-100.0,-100.0,-40.0,3.0,0.0,30.0,-46.8,-45.0,-45.0,-104.0,20.0,0.0,36.0,-96.401,-96.263,-96.263,-8.0,0.0,-0.0,30.0,9.756,8.78,8.78,16.0,0.0,0.0,30.0,6.804,6.804,6.804,0.0,0.0,-0.106,31.0
17.0825,0,approach,-85.0,11.7,-60.27,-85.0,-62.968,244.0,106.0,-2.935,31.0,-100.0,-100.0,-100.0,0.0,0.0,-0.002,30.0,-100.0,-100.0,-100.0,-40.0,3.0,0.0,30.0,-46.8,-45.0,-45.0,-104.0,20.0,0.0,36.0,-96.401,-96.263,-96.263,-8.0,0.0,-0.0,30.0,9.756,8.78,8.78,16.0,0.0,0.0,30.0,6.804,6.804,6.804,0.0,0.0,-0.052,31.0
17.1355,0,approach,-85.0,11.7,-60.449,-85.0,-63.182,244.0,106.0,-3.152,31.0,-100.0,-100.0,-100.0,0.0,0.0,-0.001,30.0,-100.0,-100.0,-100.0,-40.0,3.0,0.0,30.0,-46.8,-45.0,-45.0,-104.0,20.0,0.0,36.0,-96.401,-96.263,-96.263,-8.0,0.0,-0.0,30.0,9.756,8.78,8.78,16.0,0.0,0.0,30.0,6.804,6.804,6.804,0.0,0.0,-0.025,31.0
17.1877,0,approach,-85.0,11.7,-60.539,-85.0,-63.396,244.0,106.0,-2.56,31.0,-100.0,-100.0,-100.0,0.0,0.0,-0.001,30.0,-100.0,-100.0,-100.0,-40.0,3.0,0.0,30.0,-46.8,-45.0,-45.0,-104.0,20.0,0.0,36.0,-96.401,-96.263,-96.263,-8.0,0.0,-0.0,30.0,9.756,8.78,8.78,16.0,0.0,0.0,30.0,6.804,6.804,6.804,0.0,0.0,-0.012,31.0
17.2413,0,approach,-85.0,11.6,-60.989,-85.0,-63.631,244.0,93.0,-4.084,31.0,-99.82,-100.0,-100.0,0.0,0.0,0.918,30.0,-100.0,-100.0,-100.0,-48.0,4.0,0.0,30.0,-46.8,-45.0,-45.0,-104.0,21.0,0.0,36.0,-96.401,-96.263,-96.263,-8.0,0.0,-0.0,30.0,9.756,8.78,8.78,16.0,0.0,0.0,30.0,6.804,6.804,6.804,0.0,0.0,-0.009,31.0
17.2934,0,approach,-85.0,11.6,-61.169,-85.0,-63.845,244.0,93.0,-3.714,31.0,-100.0,-100.0,-100.0,0.0,0.0,-0.963,30.0,-100.0,-100.0,-100.0,-48.0,4.0,0.0,30.0,-46.8,-45.0,-45.0,-104.0,21.0,0.0,36.0,-96.401,-96.263,-96.263,-8.0,0.0,-0.0,30.0,9.756,8.78,8.78,16.0,0.0,0.0,30.0,6.804,6.804,6.804,0.0,0.0,-0.004,31.0
17.3455,0,approach,-85.0,11.6,-61.258,-85.0,-64.058,244.0,93.0,-2.825,31.0,-100.0,-100.0,-100.0,0.0,0.0,-0.472,30.0,-100.0,-100.0,-100.0,-48.0,4.0,0.0,30.0,-46.8,-45.0,-45.0,-104.0,21.0,0.0,36.0,-96.401,-96.263,-96.263,-8.0,0.0,-0.0,30.0,9.756,8.78,8.78,16.0,0.0,0.0,30.0,6.804,6.804,6.804,0.0,0.0,-0.002,31.0
17.3976,0,approach,-85.0,11.6,-61.348,-85.0,-64.271,244.0,93.0,-2.386,31.0,-100.0,-100.0,-100.0,0.0,0.0,-0.231,30.0,-100.0,-100.0,-100.0,-48.0,4.0,0.0,30.0,-46.8,-45.0,-45.0,-104.0,21.0,0.0,36.0,-96.401,-96.263,-96.263,-8.0,0.0,-0.0,30.0,9.756,8.78,8.78,16.0,0.0,0.0,30.0,6.804,6.804,6.804,0.0,0.0,-0.001,31.0
17.4502,0,approach,-85.0,11.6,-61.708,-85.0,-64.486,244.0,93.0,-4.601,31.0,-100.0,-100.0,-100.0,0.0,0.0,-0.113,30.0,-100.0,-100.0,-100.0,-48.0,4.0,0.0,30.0,-46.8,-45.0,-45.0,-104.0,21.0,0.0,36.0,-96.401,-96.263,-96.263,-8.0,0.0,-0.0,30.0,9.756,8.78,8.78,16.0,0.0,0.0,30.0,6.804,6.804,6.804,0.0,0.0,-0.001,31.0
17.5032,0,approach,-85.0,11.6,-61.798,-85.0,-64.7,244.0,93.0,-3.265,31.0,-100.0,-100.0,-100.0,0.0,0.0,-0.055,30.0,-100.0,-100.0,-100.0,-48.0,4.0,0.0,30.0,-46.8,-45.0,-45.0,-104.0,21.0,0.0,36.0,-96.401,-96.263,-96.263,-8.0,0.0,-0.0,30.0,9.756,8.78,8.78,16.0,0.0,0.0,30.0,7.01,6.804,6.804,0.0,0.0,1.62,31.0
17.5562,0,approach,-85.0,11.6,-62.157,-85.0,-64.913,244.0,93.0,-5.319,31.0,-100.0,-100.0,-100.0,0.0,0.0,-0.027,30.0,-100.0,-100.0,-100.0,-48.0,4.0,0.0,30.0,-46.8,-45.0,-45.0,-104.0,21.0,0.0,36.0,-96.401,-96.263,-96.263,-8.0,0.0,-0.0,30.0,9.756,8.78,8.78,16.0,0.0,0.0,30.0,6.804,6.804,6.804,0.0,0.0,-0.829,31.0
17.6084,0,approach,-85.0,11.6,-62.427,-85.0,-65.127,244.0,93.0,-5.023,31.0,-99.82,-100.0,-100.0,0.0,0.0,1.41,30.0,-100.0,-100.0,-100.0,-48.0,4.0,0.0,30.0,-46.8,-45.0,-45.0,-104.0,21.0,0.0,36.0,-96.401,-96.263,-96.263,-8.0,0.0,-0.0,30.0,9.756,8.78,8.78,16.0,0.0,0.0,30.0,6.804,6.804,6.804,0.0,0.0,-0.406,31.0
17.6606,0,approach,-85.0,11.6,-62.697,-85.0,-65.342,244.0,93.0,-5.192,31.0,-100.0,-100.0,-100.0,0.0,0.0,-0.725,30.0,-100.0,-100.0,-100.0,-48.0,4.0,0.0,30.0,-46.8,-45.0,-45.0,-104.0,21.0,0.0,36.0,-96.401,-96.263,-96.263,-8.0,0.0,-0.0,30.0,9.756,8.78,8.78,16.0,0.0,0.0,30.0,6.804,6.804,6.804,0.0,0.0,-0.199,31.0
17.7126,0,approach,-85.0,11.6,-62.697,-85.0,-65.555,244.0,93.0,-3.634,31.0,-100.0,-100.0,-100.0,0.0,0.0,-0.507,30.0,-100.0,-100.0,-100.0,-48.0,4.0,0.0,30.0,-46.8,-45.0,-45.0,-104.0,21.0,0.0,36.0,-96.401,-96.263,-96.263,-8.0,0.0,-0.0,30.0,9.756,8.78,8.78,16.0,0.0,0.0,30.0,6.804,6.804,6.804,0.0,0.0,-0.139,31.0
17.7662,0,approach,-85.0,11.6,-62.697,-85.0,-65.673,244.0,93.0,-1.781,31.0,-100.0,-100.0,-100.0,0.0,0.0,-0.249,30.0,-100.0,-100.0,-100.0,-48.0,4.0,0.0,30.0,-46.8,-45.0,-45.0,-104.0,21.0,0.0,36.0,-96.401,-96.263,-96.263,-8.0,0.0,-0.0,30.0,9.756,8.78,8.78,16.0,0.0,0.0,30.0,6.804,6.804,6.804,0.0,0.0,-0.068,31.0
17.8185,0,approach,-85.0,11.7,-62.697,-85.0,-65.907,260.0,122.0,-1.247,31.0,-99.82,-100.0,-100.0,0.0,0.0,0.754,30.0,-100.0,-100.0,-100.0,-48.0,4.0,0.0,30.0,-46.8,-45.0,-45.0,-104.0,21.0,0.0,36.0,-96.401,-96.263,-96.263,-8.0,0.0,-0.0,30.0,9.756,8.78,8.78,16.0,0.0,0.0,30.0,6.804,6.804,6.804,0.0,0.0,-0.048,31.0
17.8715,0,approach,-85.0,11.7,-62.966,-85.0,-66.123,260.0,122.0,-3.604,31.0,-100.0,-100.0,-100.0,0.0,0.0,-1.02,30.0,-100.0,-100.0,-100.0,-48.0,4.0,0.0,30.0,-46.8,-45.0,-45.0,-104.0,21.0,0.0,36.0,-96.401,-96.263,-96.263,-8.0,0.0,-0.0,30.0,9.756,8.78,8.78,16.0,0.0,0.0,30.0,6.804,6.804,6.804,0.0,0.0,-0.023,31.0
17.9247,0,approach,-85.0,11.7,-63.236,-85.0,-66.338,260.0,122.0,-4.197,31.0,-100.0,-100.0,-100.0,0.0,0.0,-0.5,30.0,-100.0,-100.0,-100.0,-48.0,4.0,0.0,30.0,-46.8,-45.0,-45.0,-104.0,21.0,0.0,36.0,-96.401,-96.263,-96.263,-8.0,0.0,-0.0,30.0,9.756,8.78,8.78,16.0,0.0,0.0,30.0,6.804,6.804,6.804,0.0,0.0,-0.011,31.0
17.9781,0,approach,-85.0,11.7,-63.506,-85.0,-66.551,260.0,122.0,-4.793,31.0,-100.0,-100.0,-100.0,0.0,0.0,-0.245,30.0,-100.0,-100.0,-100.0,-48.0,4.0,0.0,30.0,-46.8,-45.0,-45.0,-104.0,21.0,0.0,36.0,-96.401,-96.263,-96.263,-8.0,0.0,-0.0,30.0,9.756,8.78,8.78,16.0,0.0,0.0,30.0,6.804,6.804,6.804,0.0,0.0,-0.006,31.0
18.0307,0,approach,-85.0,11.7,-64.045,-85.0,-66.764,260.0,122.0,-7.194,31.0,-100.0,-100.0,-100.0,0.0,0.0,-0.12,30.0,-100.0,-100.0,-100.0,-48.0,4.0,0.0,30.0,-46.8,-45.0,-45.0,-104.0,21.0,0.0,36.0,-96.401,-96.263,-96.263,-8.0,0.0,-0.0,30.0,9.756,8.78,8.78,16.0,0.0,0.0,30.0,6.804,6.804,6.804,0.0,0.0,-0.003,31.0
18.0841,0,approach,-85.0,11.7,-64.135,-85.0,-66.978,260.0,122.0,-4.232,31.0,-99.82,-100.0,-100.0,0.0,0.0,1.968,30.0,-100.0,-100.0,-100.0,-48.0,4.0,0.0,30.0,-46.8,-45.0,-45.0,-104.0,21.0,0.0,36.0,-96.401,-96.263,-96.263,-8.0,0.0,-0.0,30.0,9.756,8.78,8.78,16.0,0.0,0.0,30.0,6.804,6.804,6.804,0.0,0.0,-0.001,31.0
18.1374,0,approach,-85.0,11.7,-64.135,-85.0,-67.192,260.0,122.0,-2.074,31.0,-100.0,-100.0,-100.0,0.0,0.0,-1.063,30.0,-100.0,-100.0,-100.0,-48.0,4.0,0.0,30.0,-46.8,-45.0,-45.0,-104.0,21.0,0.0,36.0,-96.401,-96.263,-96.263,-8.0,0.0,-0.0,30.0,9.756,8.78,8.78,16.0,0.0,0.0,30.0,6.804,6.804,6.804,0.0,0.0,-0.001,31.0
18.1897,0,approach,-85.0,11.7,-64.135,-85.0,-67.405,260.0,122.0,-1.016,31.0,-100.0,-100.0,-100.0,0.0,0.0,-0.521,30.0,-100.0,-100.0,-100.0,-48.0,4.0,0.0,30.0,-46.8,-45.0,-45.0,-104.0,21.0,0.0,36.0,-96.401,-96.263,-96.263,-8.0,0.0,-0.0,30.0,9.756,8.78,8.78,16.0,0.0,0.0,30.0,6.804,6.804,6.804,0.0,0.0,-0.0,31.0
18.2427,0,approach,-85.0,11.7,-64.584,-85.0,-67.617,260.0,122.0,-4.97,31.0,-100.0,-100.0,-100.0,0.0,0.0,-0.255,30.0,-100.0,-100.0,-100.0,-48.0,4.0,0.0,30.0,-46.8,-45.0,-45.0,-104.0,21.0,0.0,36.0,-96.401,-96.263,-96.263,-8.0,0.0,-0.0,30.0,9.756,8.78,8.78,16.0,0.0,0.0,30.0,6.804,6.804,6.804,0.0,0.0,-0.0,31.0
18.2957,0,approach,-85.0,11.7,-64.764,-85.0,-67.831,260.0,122.0,-4.155,31.0,-99.82,-100.0,-100.0,0.0,0.0,1.282,30.0,-100.0,-100.0,-100.0,-48.0,4.0,0.0,30.0,-46.8,-45.0,-45.0,-104.0,21.0,0.0,36.0,-96.401,-96.263,-96.263,-8.0,0.0,-0.0,30.0,9.756,8.78,8.78,16.0,0.0,0.0,30.0,6.804,6.804,6.804,0.0,0.0,-0.0,31.0
18.349,0,approach,-85.0,11.8,-64.764,-85.0,-67.937,260.0,109.0,-2.909,31.0,-100.0,-100.0,-100.0,0.0,0.0,-1.137,30.0,-100.0,-100.0,-100.0,-48.0,4.0,0.0,30.0,-46.8,-45.0,-45.0,-104.0,17.0,0.0,36.0,-96.401,-96.263,-96.263,-8.0,0.0,-0.0,30.0,9.756,8.78,8.78,16.0,0.0,0.0,30.0,6.804,6.804,6.804,0.0,0.0,-0.0,31.0
18.4023,0,approach,-85.0,11.8,-65.483,-85.0,-68.27,260.0,109.0,-4.086,31.0,-100.0,-100.0,-100.0,0.0,0.0,-0.557,30.0,-100.0,-100.0,-100.0,-48.0,4.0,0.0,30.0,-46.8,-45.0,-45.0,-104.0,17.0,0.0,36.0,-96.401,-96.263,-96.263,-8.0,0.0,-0.0,30.0,9.756,8.78,8.78,16.0,0.0,0.0,30.0,6.804,6.804,6.804,0.0,0.0,-0.0,31.0
18.4544,0,approach,-85.0,11.8,-65.573,-85.0,-68.482,260.0,109.0,-2.714,31.0,-99.82,-100.0,-100.0,0.0,0.0,1.767,30.0,-100.0,-100.0,-100.0,-48.0,4.0,0.0,30.0,-46.8,-45.0,-45.0,-104.0,17.0,0.0,36.0,-96.401,-96.263,-96.263,-8.0,0.0,-0.0,30.0,9.756,8.78,8.78,16.0,0.0,0.0,30.0,6.804,6.804,6.804,0.0,0.0,-0.0,31.0
18.5066,0,approach,-85.0,11.8,-65.573,-85.0,-68.694,260.0,109.0,-1.33,31.0,-100.0,-100.0,-100.0,0.0,0.0,-1.172,30.0,-100.0,-100.0,-100.0,-48.0,4.0,0.0,30.0,-46.8,-45.0,-45.0,-104.0,17.0,0.0,36.0,-96.401,-96.263,-96.263,-8.0,0.0,-0.0,30.0,9.756,8.78,8.78,16.0,0.0,0.0,30.0,6.804,6.804,6.804,0.0,0.0,-0.692,31.0
18.5597,0,approach,-85.0,11.8,-65.573,-85.0,-68.909,260.0,109.0,-0.652,31.0,-99.82,-100.0,-100.0,0.0,0.0,1.449,30.0,-100.0,-100.0,-100.0,-48.0,4.0,0.0,30.0,-46.8,-45.0,-45.0,-104.0,17.0,0.0,36.0,-96.401,-96.263,-96.263,-8.0,0.0,-0.0,30.0,9.756,8.78,8.78,16.0,0.0,0.0,30.0,6.804,6.804,6.804,0.0,0.0,-0.339,31.0
18.6127,0,approach,-85.0,11.8,-66.022,-85.0,-69.122,260.0,109.0,-4.787,31.0,-99.82,-100.0,-100.0,0.0,0.0,0.71,30.0,-100.0,-100.0,-100.0,-48.0,4.0,0.0,30.0,-46.8,-45.0,-45.0,-104.0,17.0,0.0,36.0,-96.401,-96.263,-96.263,-8.0,0.0,-0.0,30.0,9.756,8.78,8.78,16.0,0.0,0.0,30.0,6.804,6.804,6.804,0.0,0.0,-0.166,31.0
18.6661,0,approach,-85.0,11.8,-66.112,-85.0,-69.334,260.0,109.0,-3.058,31.0,-100.0,-100.0,-100.0,0.0,0.0,-1.681,30.0,-100.0,-100.0,-100.0,-48.0,4.0,0.0,30.0,-46.8,-45.0,-45.0,-104.0,17.0,0.0,36.0,-96.401,-96.263,-96.263,-8.0,0.0,-0.0,30.0,9.756,8.78,8.78,16.0,0.0,0.0,30.0,6.804,6.804,6.804,0.0,0.0,-0.081,31.0
18.7194,0,approach,-85.0,11.8,-66.831,-85.0,-69.547,260.0,109.0,-8.05,31.0,-100.0,-100.0,-100.0,0.0,0.0,-0.824,30.0,-100.0,-100.0,-100.0,-48.0,4.0,0.0,30.0,-46.8,-45.0,-45.0,-104.0,17.0,0.0,36.0,-96.401,-96.263,-96.263,-8.0,0.0,-0.0,30.0,9.756,8.78,8.78,16.0,0.0,0.0,30.0,6.804,6.804,6.804,0.0,0.0,-0.04,31.0
18.7716,0,approach,-85.0,11.8,-67.011,-85.0,-69.761,260.0,109.0,-5.666,31.0,-100.0,-100.0,-100.0,0.0,0.0,-0.404,30.0,-100.0,-100.0,-100.0,-48.0,4.0,0.0,30.0,-46.8,-45.0,-45.0,-104.0,17.0,0.0,36.0,-96.401,-96.263,-96.263,-8.0,0.0,-0.0,30.0,9.756,8.78,8.78,16.0,0.0,0.0,30.0,6.804,6.804,6.804,0.0,0.0,-0.02,31.0
18.8247,0,approach,-85.0,11.8,-67.191,-85.0,-69.974,260.0,109.0,-4.51,31.0,-99.82,-100.0,-100.0,0.0,0.0,1.849,30.0,-100.0,-100.0,-100.0,-48.0,4.0,0.0,30.0,-46.8,-45.0,-45.0,-104.0,17.0,0.0,36.0,-96.401,-96.263,-96.263,-8.0,0.0,-0.0,30.0,9.756,8.78,8.78,16.0,0.0,0.0,30.0,6.804,6.804,6.804,0.0,0.0,-0.01,31.0
18.8779,0,approach,-85.0,11.8,-67.371,-85.0,-70.186,260.0,109.0,-3.932,31.0,-99.82,-100.0,-100.0,0.0,0.0,0.906,30.0,-100.0,-100.0,-100.0,-48.0,4.0,0.0,30.0,-46.8,-45.0,-45.0,-104.0,17.0,0.0,36.0,-96.401,-96.263,-96.263,-8.0,0.0,-0.0,30.0,9.756,8.78,8.78,16.0,0.0,0.0,30.0,6.804,6.804,6.804,0.0,0.0,-0.005,31.0
18.9313,0,approach,-85.0,11.7,-67.371,-85.0,-70.423,252.0,112.0,-2.753,31.0,-99.82,-100.0,-100.0,8.0,0.0,0.634,30.0,-100.0,-100.0,-100.0,-48.0,4.0,0.0,30.0,-46.8,-45.0,-45.0,-104.0,16.0,0.0,36.0,-96.401,-96.263,-96.263,-8.0,0.0,-0.0,30.0,9.756,8.78,8.78,16.0,0.0,0.0,30.0,6.804,6.804,6.804,0.0,0.0,-0.003,31.0
18.9844,0,approach,-85.0,11.7,-67.461,-85.0,-70.637,252.0,112.0,-2.934,31.0,-99.82,-100.0,-100.0,8.0,0.0,0.444,30.0,-100.0,-100.0,-100.0,-48.0,4.0,0.0,30.0,-46.8,-45.0,-45.0,-104.0,16.0,0.0,36.0,-96.401,-96.263,-96.263,-8.0,0.0,-0.0,30.0,9.756,8.78,8.78,16.0,0.0,0.0,30.0,7.01,6.804,6.804,0.0,0.0,2.308,31.0
19.0383,0,approach,-85.0,11.7,-67.64,-85.0,-70.864,252.0,112.0,-2.687,31.0,-100.0,-100.0,-100.0,8.0,0.0,-1.034,30.0,-100.0,-100.0,-100.0,-48.0,4.0,0.0,30.0,-46.8,-45.0,-45.0,-104.0,16.0,0.0,36.0,-96.401,-96.263,-96.263,-8.0,0.0,-0.0,30.0,9.756,8.78,8.78,16.0,0.0,0.0,30.0,6.804,6.804,6.804,0.0,0.0,-1.199,31.0
19.092,0,approach,-85.0,11.7,-68.09,-85.0,-71.09,252.0,112.0,-6.019,31.0,-99.82,-100.0,-100.0,8.0,0.0,1.536,30.0,-100.0,-100.0,-100.0,-48.0,4.0,0.0,30.0,-46.8,-45.0,-45.0,-104.0,16.0,0.0,36.0,-96.401,-96.263,-96.263,-8.0,0.0,-0.0,30.0,9.756,8.78,8.78,16.0,0.0,0.0,30.0,6.804,6.804,6.804,0.0,0.0,-0.588,31.0
19.1456,0,approach,-85.0,11.7,-68.36,-85.0,-71.206,252.0,112.0,-5.638,31.0,-99.82,-100.0,-100.0,8.0,0.0,0.753,30.0,-100.0,-100.0,-100.0,-48.0,4.0,0.0,30.0,-46.8,-45.0,-45.0,-104.0,16.0,0.0,36.0,-96.401,-96.263,-96.263,-8.0,0.0,-0.0,30.0,9.756,8.78,8.78,16.0,0.0,0.0,30.0,6.804,6.804,6.804,0.0,0.0,-0.288,31.0
19.1994,0,approach,-85.0,11.7,-68.449,-85.0,-71.429,252.0,112.0,-3.779,31.0,-99.82,-100.0,-100.0,8.0,0.0,0.369,30.0,-100.0,-100.0,-100.0,-48.0,4.0,0.0,30.0,-46.8,-45.0,-45.0,-104.0,16.0,0.0,36.0,-96.401,-96.263,-96.263,-8.0,0.0,-0.0,30.0,9.756,8.78,8.78,16.0,0.0,0.0,30.0,6.804,6.804,6.804,0.0,0.0,-0.141,31.0
19.2518,0,approach,-85.0,11.7,-68.809,-85.0,-71.642,252.0,112.0,-5.498,31.0,-99.82,-100.0,-100.0,8.0,0.0,0.181,30.0,-100.0,-100.0,-100.0,-48.0,4.0,0.0,30.0,-46.8,-45.0,-45.0,-104.0,16.0,0.0,36.0,-96.401,-96.263,-96.263,-8.0,0.0,-0.0,30.0,9.756,8.78,8.78,16.0,0.0,0.0,30.0,6.804,6.804,6.804,0.0,0.0,-0.069,31.0
19.3049,0,approach,-85.0,11.7,-68.899,-85.0,-71.858,252.0,112.0,-3.711,31.0,-99.82,-100.0,-100.0,8.0,0.0,0.089,30.0,-100.0,-100.0,-100.0,-48.0,4.0,0.0,30.0,-46.8,-45.0,-45.0,-104.0,16.0,0.0,36.0,-96.401,-96.263,-96.263,-8.0,0.0,-0.0,30.0,9.756,8.78,8.78,16.0,0.0,0.0,30.0,6.804,6.804,6.804,0.0,0.0,-0.034,31.0
19.3582,0,approach,-85.0,11.7,-68.989,-85.0,-72.072,252.0,112.0,-2.522,31.0,-99.82,-100.0,-100.0,8.0,0.0,0.043,30.0,-100.0,-100.0,-100.0,-48.0,4.0,0.0,30.0,-46.8,-45.0,-45.0,-104.0,16.0,0.0,36.0,-96.401,-96.263,-96.263,-8.0,0.0,-0.0,30.0,9.756,8.78,8.78,16.0,0.0,0.0,30.0,6.804,6.804,6.804,0.0,0.0,-0.017,31.0
19.4114,0,approach,-85.0,11.7,-69.438,-85.0,-72.284,252.0,112.0,-5.988,31.0,-99.82,-100.0,-100.0,8.0,0.0,0.021,30.0,-100.0,-100.0,-100.0,-48.0,4.0,0.0,30.0,-46.8,-45.0,-45.0,-104.0,16.0,0.0,36.0,-96.401,-96.263,-96.263,-8.0,0.0,-0.0,30.0,9.756,8.78,8.78,16.0,0.0,0.0,30.0,6.804,6.804,6.804,0.0,0.0,-0.008,31.0
19.4643,0,approach,-85.0,11.7,-69.708,-85.0,-72.497,252.0,112.0,-5.353,31.0,-99.82,-100.0,-100.0,8.0,0.0,0.01,30.0,-100.0,-100.0,-100.0,-48.0,4.0,0.0,30.0,-46.8,-45.0,-45.0,-104.0,16.0,0.0,36.0,-96.401,-96.263,-96.263,-8.0,0.0,-0.0,30.0,9.756,8.78,8.78,16.0,0.0,0.0,30.0,7.01,6.804,6.804,0.0,0.0,1.626,31.0
19.5174,0,approach,-85.0,11.7,-69.798,-85.0,-72.735,232.0,92.0,-4.203,31.0,-99.82,-100.0,-100.0,8.0,0.0,0.007,30.0,-100.0,-100.0,-100.0,-48.0,4.0,0.0,30.0,-46.8,-45.0,-45.0,-104.0,20.0,0.0,36.0,-96.401,-96.263,-96.263,-8.0,0.0,-0.0,30.0,9.756,8.78,8.78,16.0,0.0,0.0,30.0,7.01,6.804,6.804,8.0,0.0,1.138,31.0
19.5696,0,approach,-85.0,11.7,-69.888,-85.0,-72.949,232.0,92.0,-2.764,31.0,-99.82,-100.0,-100.0,8.0,0.0,0.004,30.0,-100.0,-100.0,-100.0,-48.0,4.0,0.0,30.0,-46.8,-45.0,-45.0,-104.0,20.0,0.0,36.0,-96.401,-96.263,-96.263,-8.0,0.0,-0.0,30.0,9.756,8.78,8.78,16.0,0.0,0.0,30.0,7.01,6.804,6.804,8.0,0.0,0.558,31.0
19.6227,0,approach,-85.0,11.7,-70.157,-85.0,-73.162,232.0,92.0,-4.093,31.0,-99.82,-100.0,-100.0,8.0,0.0,0.002,30.0,-100.0,-100.0,-100.0,-48.0,4.0,0.0,30.0,-46.8,-45.0,-45.0,-104.0,20.0,0.0,36.0,-96.401,-96.263,-96.263,-8.0,0.0,-0.0,30.0,9.756,8.78,8.78,16.0,0.0,0.0,30.0,7.01,6.804,6.804,8.0,0.0,0.273,31.0
19.6759,0,approach,-85.0,11.7,-70.247,-85.0,-73.374,232.0,92.0,-2.715,31.0,-99.82,-100.0,-100.0,8.0,0.0,0.001,30.0,-100.0,-100.0,-100.0,-48.0,4.0,0.0,30.0,-46.8,-45.0,-45.0,-104.0,20.0,0.0,36.0,-96.401,-96.263,-96.263,-8.0,0.0,-0.0,30.0,9.756,8.78,8.78,16.0,0.0,0.0,30.0,7.01,6.804,6.804,8.0,0.0,0.134,31.0
19.7291,0,approach,-85.0,11.7,-70.427,-85.0,-73.588,232.0,92.0,-3.05,31.0,-99.82,-100.0,-100.0,8.0,0.0,0.0,30.0,-100.0,-100.0,-100.0,-48.0,4.0,0.0,30.0,-46.8,-45.0,-45.0,-104.0,20.0,0.0,36.0,-96.401,-96.263,-96.263,-8.0,0.0,-0.0,30.0,9.756,8.78,8.78,16.0,0.0,0.0,30.0,7.01,6.804,6.804,8.0,0.0,0.066,31.0
19.7816,0,approach,-85.0,11.7,-70.787,-85.0,-73.802,232.0,92.0,-5.573,31.0,-99.82,-100.0,-100.0,8.0,0.0,0.0,30.0,-100.0,-100.0,-100.0,-48.0,4.0,0.0,30.0,-46.8,-45.0,-45.0,-104.0,20.0,0.0,36.0,-96.401,-96.263,-96.263,-8.0,0.0,-0.0,30.0,9.756,8.78,8.78,16.0,0.0,0.0,30.0,7.01,6.804,6.804,8.0,0.0,0.032,31.0
19.8348,0,approach,-85.0,11.7,-71.146,-85.0,-74.014,232.0,92.0,-6.17,31.0,-99.82,-100.0,-100.0,8.0,0.0,0.0,30.0,-100.0,-100.0,-100.0,-48.0,4.0,0.0,30.0,-46.8,-45.0,-45.0,-104.0,20.0,0.0,36.0,-96.401,-96.263,-96.263,-8.0,0.0,-0.0,30.0,9.756,8.78,8.78,16.0,0.0,0.0,30.0,7.01,6.804,6.804,8.0,0.0,0.016,31.0
19.8879,0,approach,-85.0,11.7,-71.236,-85.0,-74.233,232.0,92.0,-4.04,31.0,-99.82,-100.0,-100.0,8.0,0.0,0.0,30.0,-100.0,-100.0,-100.0,-48.0,4.0,0.0,30.0,-46.8,-45.0,-45.0,-104.0,20.0,0.0,36.0,-96.401,-96.263,-96.263,-8.0,0.0,-0.0,30.0,9.756,8.78,8.78,16.0,0.0,0.0,30.0,7.01,6.804,6.804,8.0,0.0,0.008,31.0
19.9408,0,approach,-85.0,11.7,-71.236,-85.0,-74.445,232.0,92.0,-1.98,31.0,-99.82,-100.0,-100.0,8.0,0.0,0.0,30.0,-100.0,-100.0,-100.0,-48.0,4.0,0.0,30.0,-46.8,-45.0,-45.0,-104.0,20.0,0.0,36.0,-96.401,-96.263,-96.263,-8.0,0.0,-0.0,30.0,9.756,8.78,8.78,16.0,0.0,0.0,30.0,7.01,6.804,6.804,8.0,0.0,0.004,31.0
19.9941,0,approach,-85.0,11.7,-71.596,-85.0,-74.658,232.0,92.0,-4.703,31.0,-99.82,-100.0,-100.0,8.0,0.0,0.0,30.0,-100.0,-100.0,-100.0,-48.0,4.0,0.0,30.0,-46.8,-45.0,-45.0,-104.0,20.0,0.0,36.0,-96.401,-96.263,-96.263,-8.0,0.0,-0.0,30.0,9.756,8.78,8.78,16.0,0.0,0.0,30.0,7.01,6.804,6.804,8.0,0.0,0.002,31.0
20.0466,0,approach,-85.0,11.7,-71.685,-85.0,-74.765,272.0,131.0,-4.301,31.0,-99.82,-100.0,-100.0,8.0,0.0,0.0,30.0,-100.0,-100.0,-100.0,-48.0,4.0,0.0,30.0,-46.8,-45.0,-45.0,-104.0,18.0,0.0,36.0,-96.401,-96.263,-96.263,-8.0,0.0,-0.0,30.0,9.756,8.78,8.78,16.0,0.0,0.0,30.0,7.01,6.804,6.804,8.0,0.0,0.001,31.0
20.1001,0,approach,-85.0,11.7,-71.865,-85.0,-75.1,272.0,131.0,-2.77,31.0,-99.82,-100.0,-100.0,8.0,0.0,0.0,30.0,-100.0,-100.0,-100.0,-48.0,4.0,0.0,30.0,-46.8,-45.0,-45.0,-104.0,18.0,0.0,36.0,-96.401,-96.263,-96.263,-8.0,0.0,-0.0,30.0,9.756,8.78,8.78,16.0,0.0,0.0,30.0,7.01,6.804,6.804,8.0,0.0,0.001,31.0
20.1544,0,approach,-85.0,11.7,-72.404,-85.0,-75.313,272.0,131.0,-6.795,31.0,-99.82,-100.0,-100.0,8.0,0.0,0.0,30.0,-100.0,-100.0,-100.0,-48.0,4.0,0.0,30.0,-46.8,-45.0,-45.0,-104.0,18.0,0.0,36.0,-96.401,-96.263,-96.263,-8.0,0.0,-0.0,30.0,9.756,8.78,8.78,16.0,0.0,0.0,30.0,7.01,6.804,6.804,8.0,0.0,0.0,31.0
20.2064,0,approach,-85.0,11.7,-72.494,-85.0,-75.527,272.0,131.0,-5.767,31.0,-99.82,-100.0,-100.0,8.0,0.0,0.0,30.0,-100.0,-100.0,-100.0,-48.0,4.0,0.0,30.0,-46.8,-45.0,-45.0,-104.0,18.0,0.0,36.0,-96.401,-96.263,-96.263,-8.0,0.0,-0.0,30.0,9.756,8.78,8.78,16.0,0.0,0.0,30.0,7.01,6.804,6.804,8.0,0.0,0.0,31.0
20.2595,0,approach,-85.0,11.7,-72.674,-85.0,-75.751,272.0,131.0,-4.482,31.0,-99.82,-100.0,-100.0,8.0,0.0,0.0,30.0,-100.0,-100.0,-100.0,-48.0,4.0,0.0,30.0,-46.8,-45.0,-45.0,-104.0,18.0,0.0,36.0,-96.401,-96.263,-96.263,-8.0,0.0,-0.0,30.0,9.756,8.78,8.78,16.0,0.0,0.0,30.0,7.01,6.804,6.804,8.0,0.0,0.0,31.0
20.3133,0,approach,-85.0,11.7,-72.674,-85.0,-75.975,272.0,131.0,-2.196,31.0,-99.82,-100.0,-100.0,8.0,0.0,0.0,30.0,-100.0,-100.0,-100.0,-48.0,4.0,0.0,30.0,-46.8,-45.0,-45.0,-104.0,18.0,0.0,36.0,-96.401,-96.263,-96.263,-8.0,0.0,-0.0,30.0,9.756,8.78,8.78,16.0,0.0,0.0,30.0,7.01,6.804,6.804,8.0,0.0,0.0,31.0
20.3657,0,approach,-85.0,11.7,-72.674,-85.0,-76.085,272.0,131.0,-1.076,31.0,-99.82,-100.0,-100.0,8.0,0.0,0.0,30.0,-100.0,-100.0,-100.0,-48.0,4.0,0.0,30.0,-46.8,-45.0,-45.0,-104.0,18.0,0.0,36.0,-96.401,-96.263,-96.263,-8.0,0.0,-0.0,30.0,9.756,8.78,8.78,16.0,0.0,0.0,30.0,7.01,6.804,6.804,8.0,0.0,0.0,31.0
20.4189,0,approach,-85.0,11.7,-72.764,-85.0,-76.306,272.0,131.0,-1.527,31.0,-99.82,-100.0,-100.0,8.0,0.0,0.0,30.0,-100.0,-100.0,-100.0,-48.0,4.0,0.0,30.0,-46.8,-45.0,-45.0,-104.0,18.0,0.0,36.0,-96.401,-96.263,-96.263,-8.0,0.0,-0.0,30.0,9.756,8.78,8.78,16.0,0.0,0.0,30.0,7.01,6.804,6.804,8.0,0.0,0.0,31.0
20.4722,0,approach,-85.0,11.7,-73.213,-85.0,-76.521,272.0,131.0,-4.894,31.0,-99.82,-100.0,-100.0,8.0,0.0,0.0,30.0,-100.0,-100.0,-100.0,-48.0,4.0,0.0,30.0,-46.8,-45.0,-45.0,-104.0,18.0,0.0,36.0,-96.401,-96.263,-96.263,-8.0,0.0,-0.0,30.0,9.756,8.78,8.78,16.0,0.0,0.0,30.0,7.01,6.804,6.804,8.0,0.0,0.0,31.0
20.5254,0,approach,-85.0,11.7,-73.393,-85.0,-76.735,272.0,131.0,-4.112,31.0,-99.82,-100.0,-100.0,8.0,0.0,0.0,30.0,-100.0,-100.0,-100.0,-48.0,4.0,0.0,30.0,-46.8,-45.0,-45.0,-104.0,18.0,0.0,36.0,-96.401,-96.263,-96.263,-8.0,0.0,-0.0,30.0,9.756,8.78,8.78,16.0,0.0,0.0,30.0,7.01,6.804,6.804,8.0,0.0,0.0,31.0
20.5776,0,approach,-85.0,11.7,-74.112,-85.0,-76.948,272.0,131.0,-8.309,31.0,-99.82,-100.0,-100.0,8.0,0.0,0.0,30.0,-100.0,-100.0,-100.0,-48.0,4.0,0.0,30.0,-46.8,-45.0,-45.0,-104.0,18.0,0.0,36.0,-96.401,-96.263,-96.263,-8.0,0.0,-0.0,30.0,9.756,8.78,8.78,16.0,0.0,0.0,30.0,7.01,6.804,6.804,8.0,0.0,0.0,31.0
20.6297,0,approach,-85.0,11.7,-74.112,-85.0,-77.054,256.0,115.0,-5.817,31.0,-99.82,-100.0,-100.0,8.0,0.0,0.0,30.0,-100.0,-100.0,-100.0,-56.0,6.0,0.0,30.0,-46.8,-45.0,-45.0,-104.0,21.0,0.0,36.0,-96.401,-96.263,-96.263,-8.0,0.0,-0.0,30.0,9.756,8.78,8.78,16.0,0.0,0.0,30.0,7.01,6.804,6.804,8.0,0.0,0.0,31.0
20.6826,0,approach,-85.0,11.7,-74.562,-85.0,-77.389,256.0,115.0,-5.845,31.0,-99.82,-100.0,-100.0,8.0,0.0,0.0,30.0,-100.0,-100.0,-100.0,-56.0,6.0,0.0,30.0,-46.8,-45.0,-45.0,-104.0,21.0,0.0,36.0,-96.401,-96.263,-96.263,-8.0,0.0,-0.0,30.0,9.756,8.78,8.78,16.0,0.0,0.0,30.0,7.01,6.804,6.804,8.0,0.0,0.0,31.0
20.7346,0,approach,-85.0,11.7,-74.562,-85.0,-77.604,256.0,115.0,-2.864,31.0,-99.82,-100.0,-100.0,8.0,0.0,0.0,30.0,-100.0,-100.0,-100.0,-56.0,6.0,0.0,30.0,-46.8,-45.0,-45.0,-104.0,21.0,0.0,36.0,-96.401,-96.263,-96.263,-8.0,0.0,-0.0,30.0,9.756,8.78,8.78,16.0,0.0,0.0,30.0,7.01,6.804,6.804,8.0,0.0,0.0,31.0
20.7878,0,approach,-85.0,11.7,-74.562,-85.0,-77.817,256.0,115.0,-1.403,31.0,-99.82,-100.0,-100.0,8.0,0.0,0.0,30.0,-100.0,-100.0,-100.0,-56.0,6.0,0.0,30.0,-46.8,-45.0,-45.0,-104.0,21.0,0.0,36.0,-96.401,-96.263,-96.263,-8.0,0.0,-0.0,30.0,9.756,8.78,8.78,16.0,0.0,0.0,30.0,7.01,6.804,6.804,8.0,0.0,0.0,31.0
20.841,0,approach,-85.0,11.7,-74.742,-85.0,-78.03,256.0,115.0,-2.106,31.0,-99.82,-100.0,-100.0,8.0,0.0,0.0,30.0,-100.0,-100.0,-100.0,-56.0,6.0,0.0,30.0,-46.8,-45.0,-45.0,-104.0,21.0,0.0,36.0,-96.401,-96.263,-96.263,-8.0,0.0,-0.0,30.0,9.756,8.78,8.78,16.0,0.0,0.0,30.0,7.01,6.804,6.804,8.0,0.0,0.0,31.0
20.8944,0,approach,-85.0,11.7,-75.191,-85.0,-78.244,256.0,115.0,-5.478,31.0,-99.82,-100.0,-100.0,8.0,0.0,0.0,30.0,-100.0,-100.0,-100.0,-56.0,6.0,0.0,30.0,-46.8,-45.0,-45.0,-104.0,21.0,0.0,36.0,-96.401,-96.263,-96.263,-8.0,0.0,-0.0,30.0,9.756,8.78,8.78,16.0,0.0,0.0,30.0,7.01,6.804,6.804,8.0,0.0,0.0,31.0
20.9465,0,approach,-85.0,11.7,-75.461,-85.0,-78.457,256.0,115.0,-5.413,31.0,-99.82,-100.0,-100.0,8.0,0.0,0.0,30.0,-100.0,-100.0,-100.0,-56.0,6.0,0.0,30.0,-46.8,-45.0,-45.0,-104.0,21.0,0.0,36.0,-96.401,-96.263,-96.263,-8.0,0.0,-0.0,30.0,9.756,8.78,8.78,16.0,0.0,0.0,30.0,7.01,6.804,6.804,8.0,0.0,0.0,31.0
20.9987,0,approach,-85.0,11.7,-75.551,-85.0,-78.67,256.0,115.0,-3.359,31.0,-99.82,-100.0,-100.0,8.0,0.0,0.0,30.0,-100.0,-100.0,-100.0,-56.0,6.0,0.0,30.0,-46.8,-45.0,-45.0,-104.0,21.0,0.0,36.0,-96.401,-96.263,-96.263,-8.0,0.0,-0.0,30.0,9.756,8.78,8.78,16.0,0.0,0.0,30.0,7.01,6.804,6.804,8.0,0.0,0.0,31.0
21.0521,0,approach,-85.0,11.7,-75.91,-85.0,-78.887,256.0,115.0,-5.343,31.0,-99.82,-100.0,-100.0,8.0,0.0,0.0,30.0,-100.0,-100.0,-100.0,-56.0,6.0,0.0,30.0,-46.8,-45.0,-45.0,-104.0,21.0,0.0,36.0,-96.401,-96.263,-96.263,-8.0,0.0,-0.0,30.0,9.756,8.78,8.78,16.0,0.0,0.0,30.0,7.01,6.804,6.804,8.0,0.0,0.0,31.0
21.105,0,approach,-85.0,11.7,-76.0,-85.0,-79.102,256.0,115.0,-3.318,31.0,-99.82,-100.0,-100.0,8.0,0.0,0.0,30.0,-100.0,-100.0,-100.0,-56.0,6.0,0.0,30.0,-46.8,-45.0,-45.0,-104.0,21.0,0.0,36.0,-96.401,-96.263,-96.263,-8.0,0.0,-0.0,30.0,9.756,8.78,8.78,16.0,0.0,0.0,30.0,7.01,6.804,6.804,8.0,0.0,0.0,31.0
21.159,0,approach,-85.0,11.7,-76.18,-85.0,-79.318,256.0,115.0,-3.017,31.0,-99.82,-100.0,-100.0,8.0,0.0,0.0,30.0,-100.0,-100.0,-100.0,-56.0,6.0,0.0,30.0,-46.8,-45.0,-45.0,-104.0,21.0,0.0,36.0,-96.401,-96.263,-96.263,-8.0,0.0,-0.0,30.0,9.756,8.78,8.78,16.0,0.0,0.0,30.0,7.01,6.804,6.804,8.0,0.0,0.0,31.0
21.2124,0,approach,-85.0,11.7,-76.18,-85.0,-79.552,276.0,133.0,-3.017,31.0,-99.82,-100.0,-100.0,8.0,0.0,0.0,30.0,-100.0,-100.0,-100.0,-56.0,6.0,0.0,30.0,-46.8,-45.0,-45.0,-104.0,19.0,0.0,36.0,-96.401,-96.263,-96.263,-8.0,0.0,-0.0,30.0,9.756,8.78,8.78,16.0,0.0,0.0,30.0,7.01,6.804,6.804,8.0,0.0,0.0,31.0
21.2659,0,approach,-85.0,11.7,-76.719,-85.0,-79.778,276.0,133.0,-5.415,31.0,-99.82,-100.0,-100.0,8.0,0.0,0.0,30.0,-100.0,-100.0,-100.0,-56.0,6.0,0.0,30.0,-46.8,-45.0,-45.0,-104.0,19.0,0.0,36.0,-96.401,-96.263,-96.263,-8.0,0.0,-0.0,30.0,9.756,8.78,8.78,16.0,0.0,0.0,30.0,7.01,6.804,6.804,8.0,0.0,0.0,31.0
21.3191,0,approach,-85.0,11.7,-76.989,-85.0,-80.002,276.0,133.0,-4.95,31.0,-99.82,-100.0,-100.0,8.0,0.0,0.0,30.0,-100.0,-100.0,-100.0,-56.0,6.0,0.0,30.0,-46.8,-45.0,-45.0,-104.0,19.0,0.0,36.0,-96.401,-96.263,-96.263,-8.0,0.0,-0.0,30.0,9.756,8.78,8.78,16.0,0.0,0.0,30.0,7.01,6.804,6.804,8.0,0.0,0.0,31.0
21.3715,0,approach,-85.0,11.7,-76.989,-85.0,-80.108,276.0,133.0,-2.426,31.0,-99.82,-100.0,-100.0,8.0,0.0,0.0,30.0,-100.0,-100.0,-100.0,-56.0,6.0,0.0,30.0,-46.8,-45.0,-45.0,-104.0,19.0,0.0,36.0,-96.401,-96.263,-96.263,-8.0,0.0,-0.0,30.0,9.756,8.78,8.78,16.0,0.0,0.0,30.0,7.01,6.804,6.804,8.0,0.0,0.0,31.0
21.4252,0,approach,-85.0,11.7,-77.348,-85.0,-80.332,276.0,133.0,-4.839,31.0,-99.82,-100.0,-100.0,8.0,0.0,0.0,30.0,-100.0,-100.0,-100.0,-56.0,6.0,0.0,30.0,-46.8,-45.0,-45.0,-104.0,19.0,0.0,36.0,-96.401,-96.263,-96.263,-8.0,0.0,-0.0,30.0,9.756,8.78,8.78,16.0,0.0,0.0,30.0,7.01,6.804,6.804,8.0,0.0,0.0,31.0
21.4777,0,approach,-85.0,11.7,-77.438,-85.0,-80.546,276.0,133.0,-3.083,31.0,-99.82,-100.0,-100.0,8.0,0.0,0.0,30.0,-100.0,-100.0,-100.0,-56.0,6.0,0.0,30.0,-46.8,-45.0,-45.0,-104.0,19.0,0.0,36.0,-96.401,-96.263,-96.263,-8.0,0.0,-0.0,30.0,9.756,8.78,8.78,16.0,0.0,0.0,30.0,7.01,6.804,6.804,8.0,0.0,0.0,31.0
21.5311,0,approach,-85.0,11.7,-77.618,-85.0,-80.759,276.0,133.0,-3.23,31.0,-99.82,-100.0,-100.0,8.0,0.0,0.0,30.0,-100.0,-100.0,-100.0,-56.0,6.0,0.0,30.0,-46.8,-45.0,-45.0,-104.0,19.0,0.0,36.0,-96.401,-96.263,-96.263,-8.0,0.0,-0.0,30.0,9.756,8.78,8.78,16.0,0.0,0.0,30.0,7.01,6.804,6.804,8.0,0.0,0.0,31.0
21.5834,0,approach,-85.0,11.7,-77.708,-85.0,-80.972,276.0,133.0,-2.581,31.0,-99.82,-100.0,-100.0,8.0,0.0,0.0,30.0,-100.0,-100.0,-100.0,-56.0,6.0,0.0,30.0,-46.8,-45.0,-45.0,-104.0,19.0,0.0,36.0,-96.401,-96.263,-96.263,-8.0,0.0,-0.0,30.0,9.756,8.78,8.78,16.0,0.0,0.0,30.0,7.01,6.804,6.804,8.0,0.0,0.0,31.0
21.6369,0,approach,-85.0,11.7,-78.247,-85.0,-81.188,276.0,133.0,-5.795,31.0,-99.82,-100.0,-100.0,8.0,0.0,0.0,30.0,-100.0,-100.0,-100.0,-56.0,6.0,0.0,30.0,-46.8,-45.0,-45.0,-104.0,19.0,0.0,36.0,-96.401,-96.263,-96.263,-8.0,0.0,-0.0,30.0,9.756,8.78,8.78,16.0,0.0,0.0,30.0,7.01,6.804,6.804,8.0,0.0,0.0,31.0
21.6902,0,approach,-85.0,11.7,-78.427,-85.0,-81.4,276.0,133.0,-4.559,31.0,-99.82,-100.0,-100.0,8.0,0.0,0.0,30.0,-100.0,-100.0,-100.0,-56.0,6.0,0.0,30.0,-46.8,-45.0,-45.0,-104.0,19.0,0.0,36.0,-96.401,-96.263,-96.263,-8.0,0.0,-0.0,30.0,9.756,8.78,8.78,16.0,0.0,0.0,30.0,7.01,6.804,6.804,8.0,0.0,0.0,31.0
21.7425,0,approach,-85.0,11.7,-78.427,-85.0,-81.613,276.0,133.0,-2.234,31.0,-99.82,-100.0,-100.0,8.0,0.0,0.0,30.0,-100.0,-100.0,-100.0,-56.0,6.0,0.0,30.0,-46.8,-45.0,-45.0,-104.0,19.0,0.0,36.0,-96.401,-96.263,-96.263,-8.0,0.0,-0.0,30.0,9.756,8.78,8.78,16.0,0.0,0.0,30.0,7.01,6.804,6.804,8.0,0.0,0.0,31.0
21.7958,0,approach,-85.0,11.7,-78.787,-85.0,-81.849,280.0,138.0,-3.385,31.0,-99.82,-100.0,-100.0,8.0,0.0,0.0,30.0,-100.0,-100.0,-100.0,-56.0,6.0,0.0,30.0,-46.8,-45.0,-45.0,-104.0,21.0,0.0,36.0,-96.401,-96.263,-96.263,-8.0,0.0,-0.0,30.0,9.756,8.78,8.78,16.0,0.0,0.0,30.0,7.01,6.804,6.804,8.0,0.0,0.0,31.0
21.8489,0,approach,-85.0,11.7,-78.876,-85.0,-82.064,280.0,138.0,-2.364,31.0,-99.82,-100.0,-100.0,8.0,0.0,0.0,30.0,-100.0,-100.0,-100.0,-56.0,6.0,0.0,30.0,-46.8,-45.0,-45.0,-104.0,21.0,0.0,36.0,-96.401,-96.263,-96.263,-8.0,0.0,-0.0,30.0,9.756,8.78,8.78,16.0,0.0,0.0,30.0,7.01,6.804,6.804,8.0,0.0,0.0,31.0
21.9019,0,approach,-85.0,11.7,-79.056,-85.0,-82.277,280.0,138.0,-3.195,31.0,-99.82,-100.0,-100.0,8.0,0.0,0.0,30.0,-100.0,-100.0,-100.0,-56.0,6.0,0.0,30.0,-46.8,-45.0,-45.0,-104.0,21.0,0.0,36.0,-96.401,-96.263,-96.263,-8.0,0.0,-0.0,30.0,9.756,8.78,8.78,16.0,0.0,0.0,30.0,7.01,6.804,6.804,8.0,0.0,0.0,31.0
21.955,0,approach,-85.0,11.7,-79.236,-85.0,-82.489,280.0,138.0,-3.569,31.0,-99.82,-100.0,-100.0,8.0,0.0,0.0,30.0,-100.0,-100.0,-100.0,-56.0,6.0,0.0,30.0,-46.8,-45.0,-45.0,-104.0,21.0,0.0,36.0,-96.401,-96.263,-96.263,-8.0,0.0,-0.0,30.0,9.756,8.78,8.78,16.0,0.0,0.0,30.0,7.01,6.804,6.804,8.0,0.0,0.0,31.0
22.0084,0,approach,-85.0,11.7,-79.596,-85.0,-82.703,280.0,138.0,-4.578,31.0,-99.82,-100.0,-100.0,8.0,0.0,0.0,30.0,-100.0,-100.0,-100.0,-56.0,6.0,0.0,30.0,-46.8,-45.0,-45.0,-104.0,21.0,0.0,36.0,-96.401,-96.263,-96.263,-8.0,0.0,-0.0,30.0,9.756,8.78,8.78,16.0,0.0,0.0,30.0,7.01,6.804,6.804,8.0,0.0,0.0,31.0
22.0618,0,approach,-85.0,11.7,-79.865,-85.0,-82.916,280.0,138.0,-4.675,31.0,-99.82,-100.0,-100.0,8.0,0.0,0.0,30.0,-100.0,-100.0,-100.0,-56.0,6.0,0.0,30.0,-46.8,-45.0,-45.0,-104.0,21.0,0.0,36.0,-96.401,-96.263,-96.263,-8.0,0.0,-0.0,30.0,9.756,8.78,8.78,16.0,0.0,0.0,30.0,7.01,6.804,6.804,8.0,0.0,0.0,31.0
22.1149,0,approach,-85.0,11.7,-79.865,-85.0,-83.128,280.0,138.0,-2.291,31.0,-99.64,-100.0,-100.0,8.0,0.0,1.43,30.0,-100.0,-100.0,-100.0,-56.0,6.0,0.0,30.0,-46.8,-45.0,-45.0,-104.0,21.0,0.0,36.0,-96.401,-96.263,-96.263,-8.0,0.0,-0.0,30.0,9.756,8.78,8.78,16.0,0.0,0.0,30.0,7.01,6.804,6.804,8.0,0.0,0.0,31.0
22.1693,0,approach,-85.0,11.7,-80.225,-85.0,-83.343,280.0,138.0,-4.569,31.0,-99.64,-100.0,-100.0,8.0,0.0,0.701,30.0,-100.0,-100.0,-100.0,-56.0,6.0,0.0,30.0,-46.8,-45.0,-45.0,-104.0,21.0,0.0,36.0,-96.401,-96.263,-96.263,-8.0,0.0,-0.0,30.0,9.756,8.78,8.78,16.0,0.0,0.0,30.0,7.01,6.804,6.804,8.0,0.0,0.0,31.0
22.2215,0,approach,-85.0,11.7,-80.315,-85.0,-83.555,280.0,138.0,-2.95,31.0,-99.64,-100.0,-100.0,8.0,0.0,0.343,30.0,-100.0,-100.0,-100.0,-56.0,6.0,0.0,30.0,-46.8,-45.0,-45.0,-104.0,21.0,0.0,36.0,-96.401,-96.263,-96.263,-8.0,0.0,-0.0,30.0,9.756,8.78,8.78,16.0,0.0,0.0,30.0,7.01,6.804,6.804,8.0,0.0,0.0,31.0
22.2737,0,approach,-85.0,11.7,-80.494,-85.0,-83.767,280.0,138.0,-3.173,31.0,-99.64,-100.0,-100.0,8.0,0.0,0.168,30.0,-100.0,-100.0,-100.0,-56.0,6.0,0.0,30.0,-46.8,-45.0,-45.0,-104.0,21.0,0.0,36.0,-96.401,-96.263,-96.263,-8.0,0.0,-0.0,30.0,9.756,8.78,8.78,16.0,0.0,0.0,30.0,7.01,6.804,6.804,8.0,0.0,0.0,31.0
22.3269,0,approach,-85.0,11.7,-80.494,-85.0,-83.873,288.0,129.0,-2.221,31.0,-99.64,-100.0,-100.0,16.0,1.0,0.118,30.0,-100.0,-100.0,-100.0,-56.0,6.0,0.0,30.0,-46.8,-45.0,-45.0,-104.0,20.0,0.0,36.0,-96.401,-96.263,-96.263,-8.0,0.0,-0.0,30.0,9.756,8.78,8.78,16.0,0.0,0.0,30.0,7.01,6.804,6.804,8.0,0.0,0.0,31.0
22.38,0,approach,-85.0,11.7,-81.213,-85.0,-84.208,288.0,129.0,-5.102,31.0,-99.64,-100.0,-100.0,16.0,1.0,0.058,30.0,-100.0,-100.0,-100.0,-56.0,6.0,0.0,30.0,-46.8,-45.0,-45.0,-104.0,20.0,0.0,36.0,-96.401,-96.263,-96.263,-8.0,0.0,-0.0,30.0,9.756,8.78,8.78,16.0,0.0,0.0,30.0,7.01,6.804,6.804,8.0,0.0,0.0,31.0
22.4333,0,approach,-85.0,11.7,-81.303,-85.0,-84.421,288.0,129.0,-3.21,31.0,-99.64,-100.0,-100.0,16.0,1.0,0.028,30.0,-100.0,-100.0,-100.0,-56.0,6.0,0.0,30.0,-46.8,-45.0,-45.0,-104.0,20.0,0.0,36.0,-96.401,-96.263,-96.263,-8.0,0.0,-0.0,30.0,9.756,8.78,8.78,16.0,0.0,0.0,30.0,7.01,6.804,6.804,8.0,0.0,0.0,31.0
22.4869,0,approach,-85.0,11.7,-81.483,-85.0,-84.634,288.0,129.0,-3.29,31.0,-99.64,-100.0,-100.0,16.0,1.0,0.014,30.0,-100.0,-100.0,-100.0,-56.0,6.0,0.0,30.0,-46.8,-45.0,-45.0,-104.0,20.0,0.0,36.0,-96.401,-96.263,-96.263,-8.0,0.0,-0.0,30.0,9.756,8.78,8.78,16.0,0.0,0.0,30.0,7.01,6.804,6.804,8.0,0.0,0.0,31.0
22.5399,0,approach,-85.0,11.7,-81.753,-85.0,-84.847,288.0,129.0,-4.05,31.0,-99.64,-100.0,-100.0,16.0,1.0,0.007,30.0,-100.0,-100.0,-100.0,-56.0,6.0,0.0,30.0,-46.8,-45.0,-45.0,-104.0,20.0,0.0,36.0,-96.401,-96.263,-96.263,-8.0,0.0,-0.0,30.0,9.756,8.78,8.78,16.0,0.0,0.0,30.0,7.01,6.804,6.804,8.0,0.0,0.0,31.0
22.5939,0,approach,-85.0,11.7,-81.843,-85.0,-85.0,288.0,129.0,-2.997,31.0,-99.64,-100.0,-100.0,16.0,1.0,0.003,30.0,-100.0,-100.0,-100.0,-56.0,6.0,0.0,30.0,-46.8,-45.0,-45.0,-104.0,20.0,0.0,36.0,-96.401,-96.263,-96.263,-8.0,0.0,-0.0,30.0,9.756,8.78,8.78,16.0,0.0,0.0,30.0,7.01,6.804,6.804,8.0,0.0,0.0,31.0
22.6473,0,approach,-85.0,11.7,-81.933,-85.0,-85.0,288.0,129.0,-2.181,31.0,-99.64,-100.0,-100.0,16.0,1.0,0.002,30.0,-100.0,-100.0,-100.0,-56.0,6.0,0.0,30.0,-46.8,-45.0,-45.0,-104.0,20.0,0.0,36.0,-96.401,-96.263,-96.263,-8.0,0.0,-0.0,30.0,9.756,8.78,8.78,16.0,0.0,0.0,30.0,7.01,6.804,6.804,8.0,0.0,0.0,31.0
22.7,0,approach,-85.0,11.7,-82.022,-85.0,-85.0,288.0,129.0,-1.783,31.0,-99.64,-100.0,-100.0,16.0,1.0,0.001,30.0,-100.0,-100.0,-100.0,-56.0,6.0,0.0,30.0,-46.8,-45.0,-45.0,-104.0,20.0,0.0,36.0,-96.401,-96.263,-96.263,-8.0,0.0,-0.0,30.0,9.756,8.78,8.78,16.0,0.0,0.0,30.0,7.01,6.804,6.804,8.0,0.0,0.0,31.0
22.7531,0,approach,-85.0,11.7,-82.022,-85.0,-85.0,288.0,129.0,-0.874,31.0,-99.64,-100.0,-100.0,16.0,1.0,0.0,30.0,-100.0,-100.0,-100.0,-56.0,6.0,0.0,30.0,-46.8,-45.0,-45.0,-104.0,20.0,0.0,36.0,-96.401,-96.263,-96.263,-8.0,0.0,-0.0,30.0,9.756,8.78,8.78,16.0,0.0,0.0,30.0,7.01,6.804,6.804,8.0,0.0,0.0,31.0
22.8055,0,approach,-85.0,11.7,-82.022,-85.0,-85.0,288.0,129.0,-0.428,31.0,-99.64,-100.0,-100.0,16.0,1.0,0.0,30.0,-100.0,-100.0,-100.0,-56.0,6.0,0.0,30.0,-46.8,-45.0,-45.0,-104.0,20.0,0.0,36.0,-96.401,-96.263,-96.263,-8.0,0.0,-0.0,30.0,9.756,8.78,8.78,16.0,0.0,0.0,30.0,7.01,6.804,6.804,8.0,0.0,0.0,31.0
22.8574,0,approach,-85.0,11.7,-82.022,-85.0,-85.0,288.0,129.0,-0.21,31.0,-99.64,-100.0,-100.0,16.0,1.0,0.0,30.0,-100.0,-100.0,-100.0,-56.0,6.0,0.0,30.0,-46.8,-45.0,-45.0,-104.0,20.0,0.0,36.0,-96.401,-96.263,-96.263,-8.0,0.0,-0.0,30.0,9.756,8.78,8.78,16.0,0.0,0.0,30.0,7.01,6.804,6.804,8.0,0.0,0.0,31.0
22.9108,0,approach,-85.0,11.7,-82.022,-85.0,-85.0,264.0,122.0,-0.21,31.0,-99.64,-100.0,-100.0,16.0,0.0,0.0,30.0,-100.0,-100.0,-100.0,-56.0,6.0,0.0,30.0,-46.8,-45.0,-45.0,-104.0,20.0,0.0,36.0,-96.401,-96.263,-96.263,-8.0,0.0,-0.0,30.0,9.756,8.78,8.78,16.0,0.0,0.0,30.0,7.01,6.804,6.804,8.0,1.0,0.0,31.0
22.9641,0,approach,-85.0,11.7,-82.022,-85.0,-85.0,264.0,122.0,-0.103,31.0,-99.64,-100.0,-100.0,16.0,0.0,0.0,30.0,-100.0,-100.0,-100.0,-56.0,6.0,0.0,30.0,-46.8,-45.0,-45.0,-104.0,20.0,0.0,36.0,-96.401,-96.263,-96.263,-8.0,0.0,-0.0,30.0,9.756,8.78,8.78,16.0,0.0,0.0,30.0,7.01,6.804,6.804,8.0,1.0,0.0,31.0
23.0165,0,approach,-85.0,11.7,-82.022,-85.0,-85.0,264.0,122.0,-0.05,31.0,-99.64,-100.0,-100.0,16.0,0.0,0.0,30.0,-100.0,-100.0,-100.0,-56.0,6.0,0.0,30.0,-46.8,-45.0,-45.0,-104.0,20.0,0.0,36.0,-96.401,-96.263,-96.263,-8.0,0.0,-0.0,30.0,9.756,8.78,8.78,16.0,0.0,0.0,30.0,7.01,6.804,6.804,8.0,1.0,0.0,31.0
23.0694,0,approach,-85.0,11.7,-82.022,-85.0,-85.0,264.0,122.0,-0.025,31.0,-99.64,-100.0,-100.0,16.0,0.0,0.0,30.0,-100.0,-100.0,-100.0,-56.0,6.0,0.0,30.0,-46.8,-45.0,-45.0,-104.0,20.0,0.0,36.0,-96.401,-96.263,-96.263,-8.0,0.0,-0.0,30.0,9.756,8.78,8.78,16.0,0.0,0.0,30.0,7.01,6.804,6.804,8.0,1.0,0.0,31.0
23.1229,0,approach,-85.0,11.7,-82.022,-85.0,-85.0,264.0,122.0,-0.012,31.0,-99.64,-100.0,-100.0,16.0,0.0,0.0,30.0,-100.0,-100.0,-100.0,-56.0,6.0,0.0,30.0,-46.8,-45.0,-45.0,-104.0,20.0,0.0,36.0,-96.401,-96.263,-96.263,-8.0,0.0,-0.0,30.0,9.756,8.78,8.78,16.0,0.0,0.0,30.0,7.01,6.804,6.804,8.0,1.0,0.0,31.0
23.1769,0,approach,-85.0,11.7,-82.022,-85.0,-85.0,264.0,122.0,-0.006,31.0,-99.64,-100.0,-100.0,16.0,0.0,0.0,30.0,-100.0,-100.0,-100.0,-56.0,6.0,0.0,30.0,-46.8,-45.0,-45.0,-104.0,20.0,0.0,36.0,-96.401,-96.263,-96.263,-8.0,0.0,-0.0,30.0,9.756,8.78,8.78,16.0,0.0,0.0,30.0,7.01,6.804,6.804,8.0,1.0,0.0,31.0
23.2299,0,approach,-85.0,11.7,-82.022,-85.0,-85.0,264.0,122.0,-0.003,31.0,-99.64,-100.0,-100.0,16.0,0.0,0.0,30.0,-100.0,-100.0,-100.0,-56.0,6.0,0.0,30.0,-46.8,-45.0,-45.0,-104.0,20.0,0.0,36.0,-96.401,-96.263,-96.263,-8.0,0.0,-0.0,30.0,9.756,8.78,8.78,16.0,0.0,0.0,30.0,7.01,6.804,6.804,8.0,1.0,0.0,31.0
23.283,0,approach,-85.0,11.7,-82.022,-85.0,-85.0,264.0,122.0,-0.001,31.0,-99.64,-100.0,-100.0,16.0,0.0,0.0,30.0,-100.0,-100.0,-100.0,-56.0,6.0,0.0,30.0,-46.8,-45.0,-45.0,-104.0,20.0,0.0,36.0,-96.401,-96.263,-96.263,-8.0,0.0,-0.0,30.0,9.756,8.78,8.78,16.0,0.0,0.0,30.0,7.01,6.804,6.804,8.0,1.0,0.0,31.0
23.3355,0,approach,-85.0,11.7,-82.022,-85.0,-85.0,264.0,122.0,-0.001,31.0,-99.64,-100.0,-100.0,16.0,0.0,0.0,30.0,-100.0,-100.0,-100.0,-56.0,6.0,0.0,30.0,-46.8,-45.0,-45.0,-104.0,20.0,0.0,36.0,-96.401,-96.263,-96.263,-8.0,0.0,-0.0,30.0,9.756,8.78,8.78,16.0,0.0,0.0,30.0,7.01,6.804,6.804,8.0,1.0,0.0,31.0
23.3877,0,approach,-85.0,11.7,-82.022,-85.0,-85.0,264.0,122.0,-0.0,31.0,-99.64,-100.0,-100.0,16.0,0.0,0.0,30.0,-100.0,-100.0,-100.0,-56.0,6.0,0.0,30.0,-46.8,-45.0,-45.0,-104.0,20.0,0.0,36.0,-96.401,-96.263,-96.263,-8.0,0.0,-0.0,30.0,9.756,8.78,8.78,16.0,0.0,0.0,30.0,7.01,6.804,6.804,8.0,1.0,0.0,31.0
23.4409,0,approach,-85.0,11.7,-82.022,-85.0,-85.0,264.0,122.0,-0.0,31.0,-99.64,-100.0,-100.0,16.0,0.0,0.0,30.0,-100.0,-100.0,-100.0,-56.0,6.0,0.0,30.0,-46.8,-45.0,-45.0,-104.0,20.0,0.0,36.0,-96.401,-96.263,-96.263,-8.0,0.0,-0.0,30.0,9.756,8.78,8.78,16.0,0.0,0.0,30.0,7.01,6.804,6.804,8.0,1.0,0.0,31.0
23.4942,0,approach,-85.0,11.7,-82.022,-85.0,-85.0,264.0,122.0,-0.0,31.0,-99.64,-100.0,-100.0,16.0,0.0,0.0,30.0,-100.0,-100.0,-100.0,-56.0,6.0,0.0,30.0,-46.8,-45.0,-45.0,-104.0,18.0,0.0,36.0,-96.401,-96.263,-96.263,-8.0,0.0,-0.0,30.0,9.756,8.78,8.78,16.0,0.0,0.0,30.0,7.01,6.804,6.804,8.0,0.0,0.0,31.0
23.5465,0,approach,-85.0,11.7,-82.022,-85.0,-85.0,264.0,122.0,-0.0,31.0,-99.64,-100.0,-100.0,16.0,0.0,0.0,30.0,-100.0,-100.0,-100.0,-56.0,6.0,0.0,30.0,-46.8,-45.0,-45.0,-104.0,18.0,0.0,36.0,-96.401,-96.263,-96.263,-8.0,0.0,-0.0,30.0,9.756,8.78,8.78,16.0,0.0,0.0,30.0,7.01,6.804,6.804,8.0,0.0,0.0,31.0
23.5987,1,fwd,90.0,11.7,-82.022,-85.0,-85.0,264.0,122.0,-0.0,31.0,-99.64,-100.0,-100.0,16.0,0.0,0.0,30.0,-100.0,-100.0,-100.0,-56.0,6.0,0.0,30.0,-46.8,-45.0,-45.0,-104.0,18.0,0.0,36.0,-96.401,-96.263,-96.263,-8.0,0.0,-0.0,30.0,9.756,8.78,8.78,16.0,0.0,0.0,30.0,7.01,6.804,6.804,8.0,0.0,0.0,31.0
23.6519,1,fwd,90.0,11.7,-82.022,90.0,-84.786,264.0,122.0,-0.0,31.0,-99.64,-100.0,-100.0,16.0,0.0,0.0,30.0,-100.0,-100.0,-100.0,-56.0,6.0,0.0,30.0,-46.8,-45.0,-45.0,-104.0,18.0,0.0,36.0,-96.401,-96.263,-96.263,-8.0,0.0,-0.0,30.0,9.756,8.78,8.78,16.0,0.0,0.0,30.0,7.01,6.804,6.804,8.0,0.0,0.0,31.0
23.7051,1,fwd,90.0,11.7,-82.022,90.0,-84.573,264.0,122.0,-0.0,31.0,-99.64,-100.0,-100.0,16.0,0.0,0.0,30.0,-100.0,-100.0,-100.0,-56.0,6.0,0.0,30.0,-46.8,-45.0,-45.0,-104.0,18.0,0.0,36.0,-96.401,-96.263,-96.263,-8.0,0.0,-0.0,30.0,9.756,8.78,8.78,16.0,0.0,0.0,30.0,7.01,6.804,6.804,8.0,0.0,0.0,31.0
23.7575,1,fwd,90.0,11.7,-82.022,90.0,-84.359,264.0,122.0,-0.0,31.0,-99.64,-100.0,-100.0,16.0,0.0,0.0,30.0,-100.0,-100.0,-100.0,-56.0,6.0,0.0,30.0,-46.8,-45.0,-45.0,-104.0,18.0,0.0,36.0,-96.401,-96.263,-96.263,-8.0,0.0,-0.0,30.0,9.756,8.78,8.78,16.0,0.0,0.0,30.0,7.01,6.804,6.804,8.0,0.0,0.0,31.0
23.8098,1,fwd,90.0,11.7,-82.022,90.0,-84.143,264.0,122.0,-0.0,31.0,-99.64,-100.0,-100.0,16.0,0.0,0.0,30.0,-100.0,-100.0,-100.0,-56.0,6.0,0.0,30.0,-46.8,-45.0,-45.0,-104.0,18.0,0.0,36.0,-96.401,-96.263,-96.263,-8.0,0.0,-0.0,30.0,9.756,8.78,8.78,16.0,0.0,0.0,30.0,7.01,6.804,6.804,8.0,0.0,0.0,31.0
23.8627,1,fwd,90.0,11.7,-82.022,90.0,-83.929,264.0,122.0,-0.0,31.0,-99.64,-100.0,-100.0,16.0,0.0,0.0,30.0,-100.0,-100.0,-100.0,-56.0,6.0,0.0,30.0,-46.8,-45.0,-45.0,-104.0,18.0,0.0,36.0,-96.401,-96.263,-96.263,-8.0,0.0,-0.0,30.0,9.756,8.78,8.78,16.0,0.0,0.0,30.0,7.01,6.804,6.804,8.0,0.0,0.0,31.0
23.9152,1,fwd,90.0,11.7,-82.022,90.0,-83.715,264.0,122.0,-0.0,31.0,-99.64,-100.0,-100.0,16.0,0.0,0.0,30.0,-100.0,-100.0,-100.0,-56.0,6.0,0.0,30.0,-46.8,-45.0,-45.0,-104.0,18.0,0.0,36.0,-96.401,-96.263,-96.263,-8.0,0.0,-0.0,30.0,9.756,8.78,8.78,16.0,0.0,0.0,30.0,7.01,6.804,6.804,8.0,0.0,0.0,31.0
23.9682,1,fwd,90.0,11.7,-81.933,90.0,-83.5,264.0,122.0,1.008,31.0,-99.64,-100.0,-100.0,16.0,0.0,0.0,30.0,-100.0,-100.0,-100.0,-56.0,6.0,0.0,30.0,-46.8,-45.0,-45.0,-104.0,18.0,0.0,36.0,-96.401,-96.263,-96.263,-8.0,0.0,-0.0,30.0,9.756,8.78,8.78,16.0,0.0,0.0,30.0,7.01,6.804,6.804,8.0,0.0,0.0,31.0
24.0206,1,fwd,90.0,11.7,-81.933,90.0,-83.393,264.0,122.0,0.706,31.0,-99.64,-100.0,-100.0,16.0,0.0,0.0,30.0,-100.0,-100.0,-100.0,-56.0,6.0,0.0,30.0,-46.8,-45.0,-45.0,-104.0,18.0,0.0,36.0,-96.401,-96.263,-96.263,-8.0,0.0,-0.0,30.0,9.756,8.78,8.78,16.0,0.0,0.0,30.0,7.01,6.804,6.804,8.0,0.0,0.0,31.0
24.0741,1,fwd,90.0,11.9,-81.933,90.0,-83.05,136.0,32.0,0.494,31.0,-99.64,-100.0,-100.0,16.0,1.0,0.0,30.0,-100.0,-100.0,-100.0,-56.0,6.0,0.0,30.0,-46.8,-45.0,-45.0,-104.0,14.0,0.0,36.0,-96.401,-96.263,-96.263,-8.0,0.0,-0.0,30.0,9.756,8.78,8.78,16.0,0.0,0.0,30.0,7.01,6.804,6.804,8.0,0.0,0.0,31.0
24.1265,1,fwd,90.0,11.9,-81.843,90.0,-82.937,136.0,32.0,1.253,31.0,-99.64,-100.0,-100.0,16.0,1.0,0.0,30.0,-100.0,-100.0,-100.0,-56.0,6.0,0.0,30.0,-46.8,-45.0,-45.0,-104.0,14.0,0.0,36.0,-96.401,-96.263,-96.263,-8.0,0.0,-0.0,30.0,9.756,8.78,8.78,16.0,0.0,0.0,30.0,7.01,6.804,6.804,8.0,0.0,0.0,31.0
24.1808,1,fwd,90.0,11.9,-81.663,90.0,-82.712,136.0,32.0,2.257,31.0,-99.64,-100.0,-100.0,16.0,1.0,0.0,30.0,-100.0,-100.0,-100.0,-56.0,6.0,0.0,30.0,-46.8,-45.0,-45.0,-104.0,14.0,0.0,36.0,-96.401,-96.263,-96.263,-8.0,0.0,-0.0,30.0,9.756,8.78,8.78,16.0,0.0,0.0,30.0,7.01,6.804,6.804,8.0,0.0,0.0,31.0
24.2342,1,fwd,90.0,11.9,-81.213,90.0,-82.498,136.0,32.0,5.548,31.0,-99.64,-100.0,-100.0,16.0,1.0,0.0,30.0,-100.0,-100.0,-100.0,-56.0,6.0,0.0,30.0,-46.8,-45.0,-45.0,-104.0,14.0,0.0,36.0,-96.401,-96.263,-96.263,-8.0,0.0,-0.0,30.0,9.756,8.78,8.78,16.0,0.0,0.0,30.0,7.01,6.804,6.804,8.0,0.0,0.0,31.0
24.2881,1,fwd,90.0,11.9,-81.034,90.0,-82.285,136.0,32.0,4.733,31.0,-99.64,-100.0,-100.0,16.0,1.0,0.0,30.0,-100.0,-100.0,-100.0,-56.0,6.0,0.0,30.0,-46.8,-45.0,-45.0,-104.0,14.0,0.0,36.0,-96.401,-96.263,-96.263,-8.0,0.0,-0.0,30.0,9.756,8.78,8.78,16.0,0.0,0.0,30.0,7.01,6.804,6.804,8.0,0.0,0.0,31.0
24.3418,1,fwd,90.0,11.9,-80.764,90.0,-82.066,136.0,32.0,5.03,31.0,-99.64,-100.0,-100.0,16.0,1.0,0.0,30.0,-100.0,-100.0,-100.0,-56.0,6.0,0.0,30.0,-46.8,-45.0,-45.0,-104.0,14.0,0.0,36.0,-96.401,-96.263,-96.263,-8.0,0.0,-0.0,30.0,9.756,8.78,8.78,16.0,0.0,0.0,30.0,7.01,6.804,6.804,8.0,0.0,0.0,31.0
24.3952,1,fwd,90.0,11.9,-80.674,90.0,-81.853,136.0,32.0,3.173,31.0,-99.64,-100.0,-100.0,16.0,1.0,0.0,30.0,-100.0,-100.0,-100.0,-56.0,6.0,0.0,30.0,-46.8,-45.0,-45.0,-104.0,14.0,0.0,36.0,-96.401,-96.263,-96.263,-8.0,0.0,-0.0,30.0,9.756,8.78,8.78,16.0,0.0,0.0,30.0,7.01,6.804,6.804,8.0,0.0,0.0,31.0
24.4484,1,fwd,90.0,11.9,-80.404,90.0,-81.639,136.0,32.0,3.98,31.0,-99.64,-100.0,-100.0,16.0,1.0,0.0,30.0,-100.0,-100.0,-100.0,-56.0,6.0,0.0,30.0,-46.8,-45.0,-45.0,-104.0,14.0,0.0,36.0,-96.401,-96.263,-96.263,-8.0,0.0,-0.0,30.0,9.756,8.78,8.78,16.0,0.0,0.0,30.0,7.01,6.804,6.804,8.0,0.0,0.0,31.0
24.5006,1,fwd,90.0,11.9,-80.225,90.0,-81.426,136.0,32.0,3.668,31.0,-99.64,-100.0,-100.0,16.0,1.0,0.0,30.0,-100.0,-100.0,-100.0,-56.0,6.0,0.0,30.0,-46.8,-45.0,-45.0,-104.0,14.0,0.0,36.0,-96.401,-96.263,-96.263,-8.0,0.0,-0.0,30.0,9.756,8.78,8.78,16.0,0.0,0.0,30.0,7.01,6.804,6.804,8.0,0.0,0.0,31.0
24.5541,1,fwd,90.0,11.9,-80.135,90.0,-81.213,136.0,32.0,2.509,31.0,-99.64,-100.0,-100.0,16.0,1.0,0.0,30.0,-100.0,-100.0,-100.0,-56.0,6.0,0.0,30.0,-46.8,-45.0,-45.0,-104.0,14.0,0.0,36.0,-96.401,-96.263,-96.263,-8.0,0.0,-0.0,30.0,9.756,8.78,8.78,16.0,0.0,0.0,30.0,7.01,6.804,6.804,8.0,0.0,0.0,31.0
24.6072,1,fwd,90.0,11.9,-80.045,90.0,-81.107,100.0,20.0,2.766,31.0,-99.64,-100.0,-100.0,16.0,0.0,0.0,30.0,-100.0,-100.0,-100.0,-56.0,7.0,0.0,30.0,-46.8,-45.0,-45.0,-104.0,14.0,0.0,36.0,-96.401,-96.263,-96.263,-8.0,0.0,-0.0,30.0,9.756,8.78,8.78,16.0,0.0,0.0,30.0,7.01,6.804,6.804,8.0,0.0,0.0,31.0
24.6602,1,fwd,90.0,11.9,-79.596,90.0,-80.775,100.0,20.0,3.033,31.0,-99.64,-100.0,-100.0,16.0,0.0,0.0,30.0,-100.0,-100.0,-100.0,-56.0,7.0,0.0,30.0,-46.8,-45.0,-45.0,-104.0,14.0,0.0,36.0,-96.401,-96.263,-96.263,-8.0,0.0,-0.0,30.0,9.756,8.78,8.78,16.0,0.0,0.0,30.0,7.01,6.804,6.804,8.0,0.0,0.0,31.0
24.7133,1,fwd,90.0,11.9,-79.506,90.0,-80.562,100.0,20.0,2.505,31.0,-99.64,-100.0,-100.0,16.0,0.0,0.0,30.0,-100.0,-100.0,-100.0,-56.0,7.0,0.0,30.0,-46.8,-45.0,-45.0,-104.0,14.0,0.0,36.0,-96.401,-96.263,-96.263,-8.0,0.0,-0.0,30.0,9.756,8.78,8.78,16.0,0.0,0.0,30.0,7.01,6.804,6.804,8.0,0.0,0.0,31.0
24.7664,1,fwd,90.0,11.9,-79.236,90.0,-80.349,100.0,20.0,3.66,31.0,-99.64,-100.0,-100.0,16.0,0.0,0.0,30.0,-100.0,-100.0,-100.0,-56.0,7.0,0.0,30.0,-46.8,-45.0,-45.0,-104.0,14.0,0.0,36.0,-96.401,-96.263,-96.263,-8.0,0.0,-0.0,30.0,9.756,8.78,8.78,16.0,0.0,0.0,30.0,7.01,6.804,6.804,8.0,0.0,0.0,31.0
24.8186,1,fwd,90.0,11.9,-78.966,90.0,-80.137,100.0,20.0,3.927,31.0,-99.82,-100.0,-100.0,16.0,0.0,-2.035,30.0,-100.0,-100.0,-100.0,-56.0,7.0,0.0,30.0,-46.8,-45.0,-45.0,-104.0,14.0,0.0,36.0,-96.401,-96.263,-96.263,-8.0,0.0,-0.0,30.0,9.756,8.78,8.78,16.0,0.0,0.0,30.0,7.01,6.804,6.804,8.0,0.0,0.0,31.0
24.8721,1,fwd,90.0,11.9,-78.787,90.0,-79.923,100.0,20.0,3.649,31.0,-99.82,-100.0,-100.0,16.0,0.0,-0.997,30.0,-100.0,-100.0,-100.0,-56.0,7.0,0.0,30.0,-46.8,-45.0,-45.0,-104.0,14.0,0.0,36.0,-96.401,-96.263,-96.263,-8.0,0.0,-0.0,30.0,9.756,8.78,8.78,16.0,0.0,0.0,30.0,7.01,6.804,6.804,8.0,0.0,0.0,31.0
24.925,1,fwd,90.0,11.9,-78.337,90.0,-79.71,100.0,20.0,6.209,31.0,-99.82,-100.0,-100.0,16.0,0.0,-0.489,30.0,-100.0,-100.0,-100.0,-56.0,7.0,0.0,30.0,-46.8,-45.0,-45.0,-104.0,14.0,0.0,36.0,-96.401,-96.263,-96.263,-8.0,0.0,-0.0,30.0,9.756,8.78,8.78,16.0,0.0,0.0,30.0,7.01,6.804,6.804,8.0,0.0,0.0,31.0
24.9782,1,fwd,90.0,11.9,-78.247,90.0,-79.497,100.0,20.0,4.054,31.0,-99.82,-100.0,-100.0,16.0,0.0,-0.239,30.0,-100.0,-100.0,-100.0,-56.0,7.0,0.0,30.0,-46.8,-45.0,-45.0,-104.0,14.0,0.0,36.0,-96.401,-96.263,-96.263,-8.0,0.0,-0.0,30.0,9.756,8.78,8.78,16.0,0.0,0.0,30.0,7.01,6.804,6.804,8.0,0.0,0.0,31.0
25.0319,1,fwd,90.0,11.9,-78.067,90.0,-79.283,100.0,20.0,3.7,31.0,-99.82,-100.0,-100.0,16.0,0.0,-0.117,30.0,-100.0,-100.0,-100.0,-56.0,7.0,0.0,30.0,-46.8,-45.0,-45.0,-104.0,14.0,0.0,36.0,-96.401,-96.263,-96.263,-8.0,0.0,-0.0,30.0,9.756,8.78,8.78,16.0,0.0,0.0,30.0,7.01,6.804,6.804,8.0,0.0,0.0,31.0
25.0853,1,fwd,90.0,11.9,-77.888,90.0,-79.069,100.0,20.0,3.532,31.0,-99.82,-100.0,-100.0,16.0,0.0,-0.057,30.0,-100.0,-100.0,-100.0,-56.0,7.0,0.0,30.0,-46.8,-45.0,-45.0,-104.0,14.0,0.0,36.0,-96.401,-96.263,-96.263,-8.0,0.0,-0.0,30.0,9.756,8.78,8.78,16.0,0.0,0.0,30.0,7.01,6.804,6.804,8.0,0.0,0.0,31.0
25.1387,1,fwd,90.0,11.9,-77.798,90.0,-78.856,100.0,20.0,2.439,31.0,-99.82,-100.0,-100.0,16.0,0.0,-0.028,30.0,-100.0,-100.0,-100.0,-56.0,7.0,0.0,30.0,-46.8,-45.0,-45.0,-104.0,14.0,0.0,36.0,-96.401,-96.263,-96.263,-8.0,0.0,-0.0,30.0,9.756,8.78,8.78,16.0,0.0,0.0,30.0,7.01,6.804,6.804,8.0,0.0,0.0,31.0
25.1929,1,fwd,90.0,11.9,-77.528,90.0,-78.615,100.0,17.0,3.052,31.0,-99.82,-100.0,-100.0,8.0,0.0,-0.02,30.0,-100.0,-100.0,-100.0,-56.0,6.0,0.0,30.0,-46.8,-45.0,-45.0,-104.0,20.0,0.0,36.0,-96.401,-96.263,-96.263,-8.0,0.0,-0.0,30.0,9.756,8.78,8.78,16.0,0.0,0.0,30.0,7.01,6.804,6.804,8.0,0.0,0.0,31.0
25.2459,1,fwd,90.0,11.9,-77.348,90.0,-78.401,100.0,17.0,3.215,31.0,-99.82,-100.0,-100.0,8.0,0.0,-0.01,30.0,-100.0,-100.0,-100.0,-56.0,6.0,0.0,30.0,-46.8,-45.0,-45.0,-104.0,20.0,0.0,36.0,-96.401,-96.263,-96.263,-8.0,0.0,-0.0,30.0,9.756,8.78,8.78,16.0,0.0,0.0,30.0,7.01,6.804,6.804,8.0,0.0,0.0,31.0
25.299,1,fwd,90.0,11.9,-76.989,90.0,-78.187,100.0,17.0,5.013,31.0,-99.82,-100.0,-100.0,8.0,0.0,-0.005,30.0,-100.0,-100.0,-100.0,-56.0,6.0,0.0,30.0,-46.8,-45.0,-45.0,-104.0,20.0,0.0,36.0,-96.401,-96.263,-96.263,-8.0,0.0,-0.0,30.0,9.756,8.78,8.78,16.0,0.0,0.0,30.0,7.01,6.804,6.804,8.0,0.0,0.0,31.0
25.352,1,fwd,90.0,11.9,-76.719,90.0,-77.974,100.0,17.0,4.884,31.0,-99.82,-100.0,-100.0,8.0,0.0,-0.002,30.0,-100.0,-100.0,-100.0,-56.0,6.0,0.0,30.0,-46.8,-45.0,-45.0,-104.0,20.0,0.0,36.0,-96.401,-96.263,-96.263,-8.0,0.0,-0.0,30.0,9.756,8.78,8.78,16.0,0.0,0.0,30.0,7.01,6.804,6.804,8.0,0.0,0.0,31.0
25.4051,1,fwd,90.0,11.9,-76.539,90.0,-77.761,100.0,17.0,4.112,31.0,-99.82,-100.0,-100.0,8.0,0.0,-0.001,30.0,-100.0,-100.0,-100.0,-56.0,6.0,0.0,30.0,-46.8,-45.0,-45.0,-104.0,20.0,0.0,36.0,-96.401,-96.263,-96.263,-8.0,0.0,-0.0,30.0,9.756,8.78,8.78,16.0,0.0,0.0,30.0,7.01,6.804,6.804,8.0,0.0,0.0,31.0
25.4582,1,fwd,90.0,11.9,-76.36,90.0,-77.548,100.0,17.0,3.742,31.0,-99.82,-100.0,-100.0,8.0,0.0,-0.001,30.0,-100.0,-100.0,-100.0,-56.0,6.0,0.0,30.0,-46.8,-45.0,-45.0,-104.0,20.0,0.0,36.0,-96.401,-96.263,-96.263,-8.0,0.0,-0.0,30.0,9.756,8.78,8.78,16.0,0.0,0.0,30.0,7.01,6.804,6.804,8.0,0.0,0.0,31.0
25.5129,1,fwd,90.0,11.9,-76.09,90.0,-77.335,100.0,17.0,4.884,31.0,-99.82,-100.0,-100.0,8.0,0.0,-0.0,30.0,-100.0,-100.0,-100.0,-56.0,6.0,0.0,30.0,-46.8,-45.0,-45.0,-104.0,20.0,0.0,36.0,-96.401,-96.263,-96.263,-8.0,0.0,-0.0,30.0,9.756,8.78,8.78,16.0,0.0,0.0,30.0,7.01,6.804,6.804,8.0,0.0,0.0,31.0
25.5667,1,fwd,90.0,11.9,-76.0,90.0,-77.119,100.0,17.0,3.077,31.0,-99.82,-100.0,-100.0,8.0,0.0,-0.0,30.0,-100.0,-100.0,-100.0,-56.0,6.0,0.0,30.0,-46.8,-45.0,-45.0,-104.0,20.0,0.0,36.0,-96.401,-96.263,-96.263,-8.0,0.0,-0.0,30.0,9.756,8.78,8.78,16.0,0.0,0.0,30.0,7.01,6.804,6.804,8.0,0.0,0.0,31.0
25.6195,1,fwd,90.0,11.9,-75.73,90.0,-76.905,100.0,17.0,4.25,31.0,-99.82,-100.0,-100.0,8.0,0.0,-0.0,30.0,-100.0,-100.0,-100.0,-56.0,6.0,0.0,30.0,-46.8,-45.0,-45.0,-104.0,20.0,0.0,36.0,-96.401,-96.263,-96.263,-8.0,0.0,-0.0,30.0,9.756,8.78,8.78,16.0,0.0,0.0,30.0,7.01,6.804,6.804,8.0,0.0,0.0,31.0
25.6714,1,fwd,90.0,11.9,-75.461,90.0,-76.692,100.0,17.0,4.205,31.0,-99.82,-100.0,-100.0,8.0,0.0,-0.0,30.0,-100.0,-100.0,-100.0,-56.0,6.0,0.0,30.0,-46.8,-45.0,-45.0,-104.0,20.0,0.0,36.0,-96.401,-96.263,-96.263,-8.0,0.0,-0.0,30.0,9.756,8.78,8.78,16.0,0.0,0.0,30.0,7.01,6.804,6.804,8.0,0.0,0.0,31.0
25.7237,1,fwd,90.0,11.9,-75.371,90.0,-76.586,100.0,17.0,3.958,31.0,-99.82,-100.0,-100.0,8.0,0.0,-0.0,30.0,-100.0,-100.0,-100.0,-56.0,6.0,0.0,30.0,-46.8,-45.0,-45.0,-104.0,20.0,0.0,36.0,-96.401,-96.263,-96.263,-8.0,0.0,-0.0,30.0,9.756,8.78,8.78,16.0,0.0,0.0,30.0,7.01,6.804,6.804,8.0,0.0,0.0,31.0
25.778,1,fwd,90.0,11.9,-75.191,90.0,-76.237,112.0,23.0,3.661,31.0,-99.82,-100.0,-100.0,8.0,0.0,-0.0,30.0,-100.0,-100.0,-100.0,-56.0,6.0,0.0,30.0,-46.8,-45.0,-45.0,-104.0,20.0,0.0,36.0,-96.401,-96.263,-96.263,-8.0,0.0,-0.0,30.0,9.756,8.78,8.78,16.0,1.0,0.0,30.0,7.01,6.804,6.804,8.0,0.0,0.0,31.0
25.8305,1,fwd,90.0,11.9,-75.011,90.0,-76.122,112.0,23.0,3.819,31.0,-100.0,-100.0,-100.0,8.0,0.0,-2.029,30.0,-100.0,-100.0,-100.0,-56.0,6.0,0.0,30.0,-46.8,-45.0,-45.0,-104.0,20.0,0.0,36.0,-96.401,-96.263,-96.263,-8.0,0.0,-0.0,30.0,9.756,8.78,8.78,16.0,1.0,0.0,30.0,7.01,6.804,6.804,8.0,0.0,0.0,31.0
25.8839,1,fwd,90.0,11.9,-74.742,90.0,-75.9,112.0,23.0,4.189,31.0,-100.0,-100.0,-100.0,8.0,0.0,-0.994,30.0,-100.0,-100.0,-100.0,-56.0,6.0,0.0,30.0,-46.8,-45.0,-45.0,-104.0,20.0,0.0,36.0,-96.401,-96.263,-96.263,-8.0,0.0,-0.0,30.0,9.756,8.78,8.78,16.0,1.0,0.0,30.0,7.01,6.804,6.804,8.0,0.0,0.0,31.0
25.9371,1,fwd,90.0,11.9,-74.652,90.0,-75.685,112.0,23.0,2.751,31.0,-100.0,-100.0,-100.0,8.0,0.0,-0.487,30.0,-100.0,-100.0,-100.0,-56.0,6.0,0.0,30.0,-46.8,-45.0,-45.0,-104.0,20.0,0.0,36.0,-96.401,-96.263,-96.263,-8.0,0.0,-0.0,30.0,9.756,8.78,8.78,16.0,1.0,0.0,30.0,7.01,6.804,6.804,8.0,0.0,0.0,31.0
25.9895,1,fwd,90.0,11.9,-74.292,90.0,-75.469,112.0,23.0,4.464,31.0,-100.0,-100.0,-100.0,8.0,0.0,-0.239,30.0,-100.0,-100.0,-100.0,-56.0,6.0,0.0,30.0,-46.8,-45.0,-45.0,-104.0,20.0,0.0,36.0,-96.401,-96.263,-96.263,-8.0,0.0,-0.0,30.0,9.756,8.78,8.78,16.0,1.0,0.0,30.0,7.01,6.804,6.804,8.0,0.0,0.0,31.0
26.0431,1,fwd,90.0,11.9,-74.022,90.0,-75.256,112.0,23.0,4.925,31.0,-100.0,-100.0,-100.0,8.0,0.0,-0.117,30.0,-100.0,-100.0,-100.0,-56.0,6.0,0.0,30.0,-46.8,-45.0,-45.0,-104.0,20.0,0.0,36.0,-96.401,-96.263,-96.263,-8.0,0.0,-0.0,30.0,9.756,8.78,8.78,16.0,1.0,0.0,30.0,7.01,6.804,6.804,8.0,0.0,0.0,31.0
26.0964,1,fwd,90.0,11.9,-73.753,90.0,-75.043,112.0,23.0,4.841,31.0,-100.0,-100.0,-100.0,8.0,0.0,-0.057,30.0,-100.0,-100.0,-100.0,-56.0,6.0,0.0,30.0,-46.8,-45.0,-45.0,-104.0,20.0,0.0,36.0,-96.401,-96.263,-96.263,-8.0,0.0,-0.0,30.0,9.756,8.78,8.78,16.0,1.0,0.0,30.0,7.01,6.804,6.804,8.0,0.0,0.0,31.0
26.1486,1,fwd,90.0,11.9,-73.663,90.0,-74.829,112.0,23.0,3.385,31.0,-100.0,-100.0,-100.0,8.0,0.0,-0.028,30.0,-100.0,-100.0,-100.0,-56.0,6.0,0.0,30.0,-46.8,-45.0,-45.0,-104.0,20.0,0.0,36.0,-96.401,-96.263,-96.263,-8.0,0.0,-0.0,30.0,9.756,8.78,8.78,16.0,1.0,0.0,30.0,7.01,6.804,6.804,8.0,0.0,0.0,31.0
26.2017,1,fwd,90.0,11.9,-73.483,90.0,-74.616,112.0,23.0,3.377,31.0,-100.0,-100.0,-100.0,8.0,0.0,-0.014,30.0,-100.0,-100.0,-100.0,-56.0,6.0,0.0,30.0,-46.8,-45.0,-45.0,-104.0,20.0,0.0,36.0,-96.401,-96.263,-96.263,-8.0,0.0,-0.0,30.0,9.756,8.78,8.78,16.0,1.0,0.0,30.0,7.01,6.804,6.804,8.0,0.0,0.0,31.0
26.2549,1,fwd,90.0,11.9,-73.213,90.0,-74.403,112.0,23.0,4.361,31.0,-100.0,-100.0,-100.0,8.0,0.0,-0.007,30.0,-100.0,-100.0,-100.0,-56.0,6.0,0.0,30.0,-46.8,-45.0,-45.0,-104.0,20.0,0.0,36.0,-96.401,-96.263,-96.263,-8.0,0.0,-0.0,30.0,9.756,8.78,8.78,16.0,1.0,0.0,30.0,7.01,6.804,6.804,8.0,0.0,0.0,31.0
26.3081,1,fwd,90.0,11.9,-73.124,90.0,-74.295,116.0,23.0,4.067,31.0,-100.0,-100.0,-100.0,0.0,0.0,-0.005,31.0,-100.0,-100.0,-100.0,-56.0,6.0,0.0,30.0,-46.8,-45.0,-45.0,-104.0,21.0,0.0,36.0,-96.401,-96.263,-96.263,-8.0,0.0,-0.0,30.0,9.756,8.78,8.78,16.0,0.0,0.0,30.0,7.01,6.804,6.804,8.0,0.0,0.0,31.0
26.3607,1,fwd,90.0,11.9,-73.034,90.0,-73.96,116.0,23.0,2.323,31.0,-100.0,-100.0,-100.0,0.0,0.0,-0.002,31.0,-100.0,-100.0,-100.0,-56.0,6.0,0.0,30.0,-46.8,-45.0,-45.0,-104.0,21.0,0.0,36.0,-96.401,-96.263,-96.263,-8.0,0.0,-0.0,30.0,9.756,8.78,8.78,16.0,0.0,0.0,30.0,7.01,6.804,6.804,8.0,0.0,0.0,31.0
26.4142,1,fwd,90.0,11.9,-72.584,90.0,-73.746,116.0,23.0,5.578,31.0,-100.0,-100.0,-100.0,0.0,0.0,-0.001,31.0,-100.0,-100.0,-100.0,-56.0,6.0,0.0,30.0,-46.8,-45.0,-45.0,-104.0,21.0,0.0,36.0,-96.401,-96.263,-96.263,-8.0,0.0,-0.0,30.0,9.756,8.78,8.78,16.0,0.0,0.0,30.0,7.01,6.804,6.804,8.0,0.0,0.0,31.0
26.4665,1,fwd,90.0,11.9,-72.494,90.0,-73.532,116.0,23.0,3.746,31.0,-100.0,-100.0,-100.0,0.0,0.0,-0.001,31.0,-100.0,-100.0,-100.0,-56.0,6.0,0.0,30.0,-46.8,-45.0,-45.0,-104.0,21.0,0.0,36.0,-96.401,-96.263,-96.263,-8.0,0.0,-0.0,30.0,9.756,8.78,8.78,16.0,0.0,0.0,30.0,7.01,6.804,6.804,8.0,0.0,0.0,31.0
26.52,1,fwd,90.0,11.9,-72.315,90.0,-73.318,116.0,23.0,3.548,31.0,-100.0,-100.0,-100.0,0.0,0.0,-0.0,31.0,-100.0,-100.0,-100.0,-56.0,6.0,0.0,30.0,-46.8,-45.0,-45.0,-104.0,21.0,0.0,36.0,-96.401,-96.263,-96.263,-8.0,0.0,-0.0,30.0,9.756,8.78,8.78,16.0,0.0,0.0,30.0,7.01,6.804,6.804,8.0,0.0,0.0,31.0
26.5733,1,fwd,90.0,11.9,-71.955,90.0,-73.105,116.0,23.0,5.184,31.0,-100.0,-100.0,-100.0,0.0,0.0,-0.0,31.0,-100.0,-100.0,-100.0,-56.0,6.0,0.0,30.0,-46.8,-45.0,-45.0,-104.0,21.0,0.0,36.0,-96.401,-96.263,-96.263,-8.0,0.0,-0.0,30.0,9.756,8.78,8.78,16.0,0.0,0.0,30.0,7.01,6.804,6.804,8.0,0.0,0.0,31.0
26.6271,1,fwd,90.0,11.9,-71.685,90.0,-72.892,116.0,23.0,4.955,31.0,-100.0,-100.0,-100.0,0.0,0.0,-0.0,31.0,-100.0,-100.0,-100.0,-56.0,6.0,0.0,30.0,-46.8,-45.0,-45.0,-104.0,21.0,0.0,36.0,-96.401,-96.263,-96.263,-8.0,0.0,-0.0,30.0,9.756,8.78,8.78,16.0,0.0,0.0,30.0,7.01,6.804,6.804,8.0,0.0,0.0,31.0
26.6796,1,fwd,90.0,11.9,-71.506,90.0,-72.677,116.0,23.0,4.461,31.0,-100.0,-100.0,-100.0,0.0,0.0,-0.0,31.0,-100.0,-100.0,-100.0,-56.0,6.0,0.0,30.0,-46.8,-45.0,-45.0,-104.0,21.0,0.0,36.0,-96.401,-96.263,-96.263,-8.0,0.0,-0.0,30.0,9.756,8.78,8.78,16.0,0.0,0.0,30.0,7.01,6.804,6.804,8.0,0.0,0.0,31.0
26.7316,1,fwd,90.0,11.9,-71.326,90.0,-72.465,116.0,23.0,3.914,31.0,-100.0,-100.0,-100.0,0.0,0.0,-0.0,31.0,-100.0,-100.0,-100.0,-56.0,6.0,0.0,30.0,-46.8,-45.0,-45.0,-104.0,21.0,0.0,36.0,-96.401,-96.263,-96.263,-8.0,0.0,-0.0,30.0,9.756,8.78,8.78,16.0,0.0,0.0,30.0,7.01,6.804,6.804,8.0,0.0,0.0,31.0
26.7847,1,fwd,90.0,11.9,-71.056,90.0,-72.25,116.0,23.0,4.313,31.0,-100.0,-100.0,-100.0,0.0,0.0,-0.0,31.0,-100.0,-100.0,-100.0,-56.0,6.0,0.0,30.0,-46.8,-45.0,-45.0,-104.0,21.0,0.0,36.0,-96.401,-96.263,-96.263,-8.0,0.0,-0.0,30.0,9.756,8.78,8.78,16.0,0.0,0.0,30.0,7.01,6.804,6.804,8.0,0.0,0.0,31.0
26.8377,1,fwd,90.0,11.9,-70.876,90.0,-72.036,116.0,23.0,3.841,31.0,-100.0,-100.0,-100.0,0.0,0.0,-0.0,31.0,-100.0,-100.0,-100.0,-56.0,6.0,0.0,30.0,-46.8,-45.0,-45.0,-104.0,21.0,0.0,36.0,-96.401,-96.263,-96.263,-8.0,0.0,-0.0,30.0,9.756,8.78,8.78,16.0,0.0,0.0,30.0,7.01,6.804,6.804,8.0,0.0,0.0,31.0
26.8913,1,fwd,90.0,11.9,-70.876,90.0,-71.799,112.0,23.0,3.841,32.0,-100.0,-100.0,-100.0,-8.0,0.0,-0.0,31.0,-100.0,-100.0,-100.0,-56.0,7.0,0.0,30.0,-46.8,-45.0,-45.0,-104.0,14.0,0.0,36.0,-96.401,-96.263,-96.263,-8.0,0.0,-0.0,30.0,9.756,8.78,8.78,16.0,0.0,0.0,30.0,7.01,6.804,6.804,8.0,0.0,0.0,31.0
26.9434,1,fwd,90.0,11.9,-70.697,90.0,-71.575,112.0,23.0,2.488,32.0,-100.0,-100.0,-100.0,-8.0,0.0,-0.0,31.0,-100.0,-100.0,-100.0,-56.0,7.0,0.0,30.0,-46.8,-45.0,-45.0,-104.0,14.0,0.0,36.0,-96.401,-96.263,-96.263,-8.0,0.0,-0.0,30.0,9.756,8.78,8.78,16.0,0.0,0.0,30.0,7.01,6.804,6.804,8.0,0.0,0.0,31.0
26.9957,1,fwd,90.0,11.9,-70.427,90.0,-71.462,112.0,23.0,3.921,32.0,-100.0,-100.0,-100.0,-8.0,0.0,-0.0,31.0,-100.0,-100.0,-100.0,-56.0,7.0,0.0,30.0,-46.8,-45.0,-45.0,-104.0,14.0,0.0,36.0,-96.401,-96.263,-96.263,-8.0,0.0,-0.0,30.0,9.756,8.78,8.78,16.0,0.0,0.0,30.0,7.01,6.804,6.804,8.0,0.0,0.0,31.0
27.0494,1,fwd,90.0,11.9,-70.157,90.0,-71.238,112.0,23.0,4.218,32.0,-100.0,-100.0,-100.0,-8.0,0.0,-0.0,31.0,-100.0,-100.0,-100.0,-56.0,7.0,0.0,30.0,-46.8,-45.0,-45.0,-104.0,14.0,0.0,36.0,-96.401,-96.263,-96.263,-8.0,0.0,-0.0,30.0,9.756,8.78,8.78,16.0,0.0,0.0,30.0,7.01,6.804,6.804,8.0,0.0,0.0,31.0
27.1017,1,fwd,90.0,11.9,-70.067,90.0,-71.024,112.0,23.0,3.071,32.0,-100.0,-100.0,-100.0,-8.0,0.0,-0.0,31.0,-100.0,-100.0,-100.0,-56.0,7.0,0.0,30.0,-46.8,-45.0,-45.0,-104.0,14.0,0.0,36.0,-96.401,-96.263,-96.263,-8.0,0.0,-0.0,30.0,9.756,8.78,8.78,16.0,0.0,0.0,30.0,7.01,6.804,6.804,8.0,0.0,0.0,31.0
27.1551,1,fwd,90.0,11.9,-69.618,90.0,-70.81,112.0,23.0,5.648,32.0,-100.0,-100.0,-100.0,-8.0,0.0,-0.0,31.0,-100.0,-100.0,-100.0,-56.0,7.0,0.0,30.0,-46.8,-45.0,-45.0,-104.0,14.0,0.0,36.0,-96.401,-96.263,-96.263,-8.0,0.0,-0.0,30.0,9.756,8.78,8.78,16.0,0.0,0.0,30.0,7.01,6.804,6.804,8.0,0.0,0.0,31.0
27.209,1,fwd,90.0,11.9,-69.528,90.0,-70.597,112.0,23.0,3.483,32.0,-100.0,-100.0,-100.0,-8.0,0.0,-0.0,31.0,-100.0,-100.0,-100.0,-56.0,7.0,0.0,30.0,-46.8,-45.0,-45.0,-104.0,14.0,0.0,36.0,-96.401,-96.263,-96.263,-8.0,0.0,-0.0,30.0,9.756,8.78,8.78,16.0,0.0,0.0,30.0,7.01,6.804,6.804,8.0,0.0,0.0,31.0
27.262,1,fwd,90.0,11.9,-69.258,90.0,-70.385,112.0,23.0,4.437,32.0,-100.0,-100.0,-100.0,-8.0,0.0,-0.0,31.0,-100.0,-100.0,-100.0,-56.0,7.0,0.0,30.0,-46.8,-45.0,-45.0,-104.0,14.0,0.0,36.0,-96.401,-96.263,-96.263,-8.0,0.0,-0.0,30.0,9.756,8.78,8.78,16.0,0.0,0.0,30.0,7.01,6.804,6.804,8.0,0.0,0.0,31.0
27.3152,1,fwd,90.0,11.9,-68.989,90.0,-70.172,112.0,23.0,4.896,32.0,-100.0,-100.0,-100.0,-8.0,0.0,-0.0,31.0,-100.0,-100.0,-100.0,-56.0,7.0,0.0,30.0,-46.8,-45.0,-45.0,-104.0,14.0,0.0,36.0,-96.401,-96.263,-96.263,-8.0,0.0,-0.0,30.0,9.756,8.78,8.78,16.0,0.0,0.0,30.0,7.01,6.804,6.804,8.0,0.0,0.0,31.0
27.3682,1,fwd,90.0,11.9,-68.899,90.0,-69.957,112.0,23.0,3.408,32.0,-100.0,-100.0,-100.0,-8.0,0.0,-0.0,31.0,-100.0,-100.0,-100.0,-56.0,7.0,0.0,30.0,-46.8,-45.0,-45.0,-104.0,14.0,0.0,36.0,-96.401,-96.263,-96.263,-8.0,0.0,-0.0,30.0,9.756,8.78,8.78,16.0,0.0,0.0,30.0,7.01,6.804,6.804,8.0,0.0,0.0,31.0
27.4206,1,fwd,90.0,11.9,-68.629,90.0,-69.744,112.0,23.0,4.411,32.0,-100.0,-100.0,-100.0,-8.0,0.0,-0.0,31.0,-100.0,-100.0,-100.0,-56.0,7.0,0.0,30.0,-46.8,-45.0,-45.0,-104.0,14.0,0.0,36.0,-96.401,-96.263,-96.263,-8.0,0.0,-0.0,30.0,9.756,8.78,8.78,16.0,0.0,0.0,30.0,7.01,6.804,6.804,8.0,0.0,0.0,31.0
27.4741,1,fwd,90.0,11.9,-68.27,90.0,-69.505,116.0,25.0,4.89,32.0,-100.0,-100.0,-100.0,-8.0,0.0,-0.0,30.0,-100.0,-100.0,-100.0,-56.0,6.0,0.0,30.0,-46.8,-45.0,-45.0,-104.0,19.0,0.0,36.0,-96.401,-96.263,-96.263,-8.0,0.0,-0.0,30.0,9.756,8.78,8.78,16.0,0.0,0.0,30.0,7.01,6.804,6.804,8.0,0.0,0.0,31.0
27.5273,1,fwd,90.0,11.9,-68.18,90.0,-69.292,116.0,25.0,3.401,32.0,-100.0,-100.0,-100.0,-8.0,0.0,-0.0,30.0,-100.0,-100.0,-100.0,-56.0,6.0,0.0,30.0,-46.8,-45.0,-45.0,-104.0,19.0,0.0,36.0,-96.401,-96.263,-96.263,-8.0,0.0,-0.0,30.0,9.756,8.78,8.78,16.0,0.0,0.0,30.0,7.01,6.804,6.804,8.0,0.0,0.0,31.0
27.581,1,fwd,90.0,11.9,-67.91,90.0,-69.079,116.0,25.0,4.409,32.0,-100.0,-100.0,-100.0,-8.0,0.0,-0.0,30.0,-100.0,-100.0,-100.0,-56.0,6.0,0.0,30.0,-46.8,-45.0,-45.0,-104.0,19.0,0.0,36.0,-96.401,-96.263,-96.263,-8.0,0.0,-0.0,30.0,9.756,8.78,8.78,16.0,0.0,0.0,30.0,7.01,6.804,6.804,8.0,0.0,0.0,31.0
27.6343,1,fwd,90.0,11.9,-67.82,90.0,-68.867,116.0,25.0,2.872,32.0,-100.0,-100.0,-100.0,-8.0,0.0,-0.0,30.0,-100.0,-100.0,-100.0,-56.0,6.0,0.0,30.0,-46.8,-45.0,-45.0,-104.0,19.0,0.0,36.0,-96.401,-96.263,-96.263,-8.0,0.0,-0.0,30.0,9.756,8.78,8.78,16.0,0.0,0.0,30.0,7.01,6.804,6.804,8.0,0.0,0.0,31.0
27.6878,1,fwd,90.0,11.9,-67.551,90.0,-68.652,116.0,25.0,4.13,32.0,-100.0,-100.0,-100.0,-8.0,0.0,-0.0,30.0,-100.0,-100.0,-100.0,-56.0,6.0,0.0,30.0,-46.8,-45.0,-45.0,-104.0,19.0,0.0,36.0,-96.401,-96.263,-96.263,-8.0,0.0,-0.0,30.0,9.756,8.78,8.78,16.0,0.0,0.0,30.0,7.01,6.804,6.804,8.0,0.0,0.0,31.0
27.7413,1,fwd,90.0,11.9,-67.281,90.0,-68.44,116.0,25.0,4.464,32.0,-100.0,-100.0,-100.0,-8.0,0.0,-0.0,30.0,-100.0,-100.0,-100.0,-56.0,6.0,0.0,30.0,-46.8,-45.0,-45.0,-104.0,19.0,0.0,36.0,-96.401,-96.263,-96.263,-8.0,0.0,-0.0,30.0,9.756,8.78,8.78,16.0,0.0,0.0,30.0,7.01,6.804,6.804,8.0,0.0,0.0,31.0
27.7936,1,fwd,90.0,11.9,-67.011,90.0,-68.227,116.0,25.0,4.915,32.0,-100.0,-100.0,-100.0,-8.0,0.0,-0.0,30.0,-100.0,-100.0,-100.0,-56.0,6.0,0.0,30.0,-46.8,-45.0,-45.0,-104.0,19.0,0.0,36.0,-96.401,-96.263,-96.263,-8.0,0.0,-0.0,30.0,9.756,8.78,8.78,16.0,0.0,0.0,30.0,7.01,6.804,6.804,8.0,0.0,0.0,31.0
27.8468,1,fwd,90.0,11.9,-66.652,90.0,-68.013,116.0,25.0,5.547,32.0,-100.0,-100.0,-100.0,-8.0,0.0,-0.0,30.0,-100.0,-100.0,-100.0,-56.0,6.0,0.0,30.0,-46.8,-45.0,-45.0,-104.0,19.0,0.0,36.0,-96.401,-96.263,-96.263,-8.0,0.0,-0.0,30.0,9.756,8.78,8.78,16.0,0.0,0.0,30.0,7.01,6.804,6.804,8.0,0.0,0.0,31.0
27.9001,1,fwd,90.0,11.9,-66.652,90.0,-67.801,116.0,25.0,2.718,32.0,-100.0,-100.0,-100.0,-8.0,0.0,-0.0,30.0,-100.0,-100.0,-100.0,-56.0,6.0,0.0,30.0,-46.8,-45.0,-45.0,-104.0,19.0,0.0,36.0,-96.401,-96.263,-96.263,-8.0,0.0,-0.0,30.0,9.756,8.78,8.78,16.0,0.0,0.0,30.0,7.01,6.804,6.804,8.0,0.0,0.0,31.0
27.9525,1,fwd,90.0,11.9,-66.472,90.0,-67.585,116.0,25.0,3.053,32.0,-100.0,-100.0,-100.0,-8.0,0.0,-0.0,30.0,-100.0,-100.0,-100.0,-56.0,6.0,0.0,30.0,-46.8,-45.0,-45.0,-104.0,19.0,0.0,36.0,-96.401,-96.263,-96.263,-8.0,0.0,-0.0,30.0,9.756,8.78,8.78,16.0,0.0,0.0,30.0,7.01,6.804,6.804,8.0,0.0,0.0,31.0
28.0064,1,fwd,90.0,11.9,-66.382,90.0,-67.479,104.0,18.0,3.147,32.0,-100.0,-100.0,-100.0,-8.0,0.0,-0.0,30.0,-100.0,-100.0,-100.0,-56.0,7.0,0.0,30.0,-46.8,-45.0,-45.0,-104.0,14.0,0.0,37.0,-96.401,-96.263,-96.263,-8.0,0.0,-0.0,30.0,9.756,8.78,8.78,16.0,0.0,0.0,30.0,7.01,6.804,6.804,8.0,0.0,0.0,31.0
28.0603,1,fwd,90.0,11.9,-66.112,90.0,-67.147,104.0,18.0,2.546,32.0,-100.0,-100.0,-100.0,-8.0,0.0,-0.0,30.0,-100.0,-100.0,-100.0,-56.0,7.0,0.0,30.0,-46.8,-45.0,-45.0,-104.0,14.0,0.0,37.0,-96.401,-96.263,-96.263,-8.0,0.0,-0.0,30.0,9.756,8.78,8.78,16.0,0.0,0.0,30.0,7.01,6.804,6.804,8.0,0.0,0.0,31.0
28.1125,1,fwd,90.0,11.9,-65.933,90.0,-66.934,104.0,18.0,2.965,32.0,-100.0,-100.0,-100.0,-8.0,0.0,-0.0,30.0,-100.0,-100.0,-100.0,-56.0,7.0,0.0,30.0,-46.8,-45.0,-45.0,-104.0,14.0,0.0,37.0,-96.401,-96.263,-96.263,-8.0,0.0,-0.0,30.0,9.756,8.78,8.78,16.0,0.0,0.0,30.0,7.01,6.804,6.804,8.0,0.0,0.0,31.0
28.1646,1,fwd,90.0,11.9,-65.663,90.0,-66.72,104.0,18.0,3.878,32.0,-100.0,-100.0,-100.0,-8.0,0.0,-0.0,30.0,-100.0,-100.0,-100.0,-56.0,7.0,0.0,30.0,-46.8,-45.0,-45.0,-104.0,14.0,0.0,37.0,-96.401,-96.263,-96.263,-8.0,0.0,-0.0,30.0,9.756,8.78,8.78,16.0,0.0,0.0,30.0,7.01,6.804,6.804,8.0,0.0,0.0,31.0
28.2189,1,fwd,90.0,11.9,-65.393,90.0,-66.507,104.0,18.0,4.33,32.0,-100.0,-100.0,-100.0,-8.0,0.0,-0.0,30.0,-100.0,-100.0,-100.0,-56.0,7.0,0.0,30.0,-46.8,-45.0,-45.0,-104.0,14.0,0.0,37.0,-96.401,-96.263,-96.263,-8.0,0.0,-0.0,30.0,9.756,8.78,8.78,16.0,0.0,0.0,30.0,7.01,6.804,6.804,8.0,0.0,0.0,31.0
28.272,1,fwd,90.0,11.9,-65.213,90.0,-66.294,104.0,18.0,4.126,32.0,-100.0,-100.0,-100.0,-8.0,0.0,-0.0,30.0,-100.0,-100.0,-100.0,-56.0,7.0,0.0,30.0,-46.8,-45.0,-45.0,-104.0,14.0,0.0,37.0,-96.401,-96.263,-96.263,-8.0,0.0,-0.0,30.0,9.756,8.78,8.78,16.0,0.0,0.0,30.0,7.01,6.804,6.804,8.0,0.0,0.0,31.0
28.3245,1,fwd,90.0,11.9,-65.034,90.0,-66.079,104.0,18.0,4.039,32.0,-100.0,-100.0,-100.0,-8.0,0.0,-0.0,30.0,-100.0,-100.0,-100.0,-56.0,7.0,0.0,30.0,-46.8,-45.0,-45.0,-104.0,14.0,0.0,37.0,-96.401,-96.263,-96.263,-8.0,0.0,-0.0,30.0,9.756,8.78,8.78,16.0,0.0,0.0,30.0,7.01,6.804,6.804,8.0,0.0,0.0,31.0
28.3766,1,fwd,90.0,11.9,-64.764,90.0,-65.865,104.0,18.0,4.412,32.0,-100.0,-100.0,-100.0,-8.0,0.0,-0.0,30.0,-100.0,-100.0,-100.0,-56.0,7.0,0.0,30.0,-46.8,-45.0,-45.0,-104.0,14.0,0.0,37.0,-96.401,-96.263,-96.263,-8.0,0.0,-0.0,30.0,9.756,8.78,8.78,16.0,0.0,0.0,30.0,7.01,6.804,6.804,8.0,0.0,0.0,31.0
28.4286,1,fwd,90.0,11.9,-64.584,90.0,-65.653,104.0,18.0,3.885,32.0,-100.0,-100.0,-100.0,-8.0,0.0,-0.0,30.0,-100.0,-100.0,-100.0,-56.0,7.0,0.0,30.0,-46.8,-45.0,-45.0,-104.0,14.0,0.0,37.0,-96.401,-96.263,-96.263,-8.0,0.0,-0.0,30.0,9.756,8.78,8.78,16.0,0.0,0.0,30.0,7.01,6.804,6.804,8.0,0.0,0.0,31.0
28.4822,1,fwd,90.0,11.9,-64.315,90.0,-65.44,104.0,18.0,4.331,32.0,-100.0,-100.0,-100.0,-8.0,0.0,-0.0,30.0,-100.0,-100.0,-100.0,-56.0,7.0,0.0,30.0,-46.8,-45.0,-45.0,-104.0,14.0,0.0,37.0,-96.401,-96.263,-96.263,-8.0,0.0,-0.0,30.0,9.756,8.78,8.78,16.0,0.0,0.0,30.0,7.01,6.804,6.804,8.0,0.0,0.0,31.0
28.5352,1,fwd,90.0,11.9,-63.955,90.0,-65.225,104.0,18.0,5.869,32.0,-100.0,-100.0,-100.0,-8.0,0.0,-0.0,30.0,-100.0,-100.0,-100.0,-56.0,7.0,0.0,30.0,-46.8,-45.0,-45.0,-104.0,14.0,0.0,37.0,-96.401,-96.263,-96.263,-8.0,0.0,-0.0,30.0,9.756,8.78,8.78,16.0,0.0,0.0,30.0,7.01,6.804,6.804,8.0,0.0,0.0,31.0
28.5891,1,fwd,90.0,11.9,-63.955,90.0,-64.994,120.0,25.0,5.869,32.0,-100.0,-100.0,-100.0,-8.0,0.0,-0.0,31.0,-100.0,-100.0,-100.0,-56.0,6.0,0.0,30.0,-46.8,-45.0,-45.0,-104.0,16.0,0.0,36.0,-96.401,-96.263,-96.263,-8.0,0.0,-0.0,30.0,9.756,8.78,8.78,16.0,1.0,0.0,30.0,7.01,6.804,6.804,8.0,0.0,0.0,31.0
28.6416,1,fwd,90.0,11.9,-63.775,90.0,-64.877,120.0,25.0,4.201,32.0,-100.0,-100.0,-100.0,-8.0,0.0,-0.0,31.0,-100.0,-100.0,-100.0,-56.0,6.0,0.0,30.0,-46.8,-45.0,-45.0,-104.0,16.0,0.0,36.0,-96.401,-96.263,-96.263,-8.0,0.0,-0.0,30.0,9.756,8.78,8.78,16.0,1.0,0.0,30.0,7.01,6.804,6.804,8.0,0.0,0.0,31.0
28.6954,1,fwd,90.0,11.9,-63.685,90.0,-64.655,120.0,25.0,2.709,32.0,-100.0,-100.0,-100.0,-8.0,0.0,-0.0,31.0,-100.0,-100.0,-100.0,-56.0,6.0,0.0,30.0,-46.8,-45.0,-45.0,-104.0,16.0,0.0,36.0,-96.401,-96.263,-96.263,-8.0,0.0,-0.0,30.0,9.756,8.78,8.78,16.0,1.0,0.0,30.0,7.01,6.804,6.804,8.0,0.0,0.0,31.0
28.7487,1,fwd,90.0,11.9,-63.506,90.0,-64.44,120.0,25.0,2.741,32.0,-100.0,-100.0,-100.0,-8.0,0.0,-0.0,31.0,-100.0,-100.0,-100.0,-56.0,6.0,0.0,30.0,-46.8,-45.0,-45.0,-104.0,16.0,0.0,36.0,-96.401,-96.263,-96.263,-8.0,0.0,-0.0,30.0,9.756,8.78,8.78,16.0,1.0,0.0,30.0,7.01,6.804,6.804,8.0,0.0,0.0,31.0
28.8015,1,fwd,90.0,11.9,-63.236,90.0,-64.226,120.0,25.0,3.764,32.0,-100.0,-100.0,-100.0,-8.0,0.0,-0.0,31.0,-100.0,-100.0,-100.0,-56.0,6.0,0.0,30.0,-46.8,-45.0,-45.0,-104.0,16.0,0.0,36.0,-96.401,-96.263,-96.263,-8.0,0.0,-0.0,30.0,9.756,8.78,8.78,16.0,1.0,0.0,30.0,7.01,6.804,6.804,8.0,0.0,0.0,31.0
28.8548,1,fwd,90.0,11.9,-63.056,90.0,-64.014,120.0,25.0,3.567,32.0,-100.0,-100.0,-100.0,-8.0,0.0,-0.0,31.0,-100.0,-100.0,-100.0,-56.0,6.0,0.0,30.0,-46.8,-45.0,-45.0,-104.0,16.0,0.0,36.0,-96.401,-96.263,-96.263,-8.0,0.0,-0.0,30.0,9.756,8.78,8.78,16.0,1.0,0.0,30.0,7.01,6.804,6.804,8.0,0.0,0.0,31.0
28.9078,1,fwd,90.0,11.9,-62.607,90.0,-63.801,120.0,25.0,6.189,32.0,-100.0,-100.0,-100.0,-8.0,0.0,-0.0,31.0,-100.0,-100.0,-100.0,-56.0,6.0,0.0,30.0,-46.8,-45.0,-45.0,-104.0,16.0,0.0,36.0,-96.401,-96.263,-96.263,-8.0,0.0,-0.0,30.0,9.756,8.78,8.78,16.0,1.0,0.0,30.0,7.01,6.804,6.804,8.0,0.0,0.0,31.0
28.9609,1,fwd,90.0,11.9,-62.517,90.0,-63.586,120.0,25.0,3.737,32.0,-100.0,-100.0,-100.0,-8.0,0.0,-0.0,31.0,-100.0,-100.0,-100.0,-56.0,6.0,0.0,30.0,-46.8,-45.0,-45.0,-104.0,16.0,0.0,36.0,-96.401,-96.263,-96.263,-8.0,0.0,-0.0,30.0,9.756,8.78,8.78,16.0,1.0,0.0,30.0,7.01,6.804,6.804,8.0,0.0,0.0,31.0
29.0142,1,fwd,90.0,11.9,-62.337,90.0,-63.373,120.0,25.0,3.549,32.0,-100.0,-100.0,-100.0,-8.0,0.0,-0.0,31.0,-100.0,-100.0,-100.0,-56.0,6.0,0.0,30.0,-46.8,-45.0,-45.0,-104.0,16.0,0.0,36.0,-96.401,-96.263,-96.263,-8.0,0.0,-0.0,30.0,9.756,8.78,8.78,16.0,1.0,0.0,30.0,7.01,6.804,6.804,8.0,0.0,0.0,31.0
29.0665,1,fwd,90.0,11.9,-62.067,90.0,-63.16,120.0,25.0,4.152,32.0,-100.0,-100.0,-100.0,-8.0,0.0,-0.0,31.0,-100.0,-100.0,-100.0,-56.0,6.0,0.0,30.0,-46.8,-45.0,-45.0,-104.0,16.0,0.0,36.0,-96.401,-96.263,-96.263,-8.0,0.0,-0.0,30.0,9.756,8.78,8.78,16.0,1.0,0.0,30.0,7.01,6.804,6.804,8.0,0.0,0.0,31.0
29.1187,1,fwd,90.0,11.9,-61.888,90.0,-62.945,120.0,25.0,3.747,32.0,-100.0,-100.0,-100.0,-8.0,0.0,-0.0,31.0,-100.0,-100.0,-100.0,-56.0,6.0,0.0,30.0,-46.8,-45.0,-45.0,-104.0,16.0,0.0,36.0,-96.401,-96.263,-96.263,-8.0,0.0,-0.0,30.0,9.756,8.78,8.78,16.0,1.0,0.0,30.0,7.01,6.804,6.804,8.0,0.0,0.0,31.0
29.1714,1,fwd,90.0,11.9,-61.618,90.0,-62.713,100.0,16.0,4.024,32.0,-100.0,-100.0,-100.0,-8.0,0.0,-0.0,30.0,-100.0,-100.0,-100.0,-56.0,7.0,0.0,30.0,-46.8,-45.0,-45.0,-104.0,17.0,0.0,37.0,-96.401,-96.263,-96.263,-8.0,0.0,-0.0,30.0,9.756,8.78,8.78,16.0,0.0,0.0,30.0,7.01,6.804,6.804,8.0,0.0,0.0,31.0
29.2271,1,fwd,90.0,11.9,-61.438,90.0,-62.5,100.0,16.0,3.842,32.0,-100.0,-100.0,-100.0,-8.0,0.0,-0.0,30.0,-100.0,-100.0,-100.0,-56.0,7.0,0.0,30.0,-46.8,-45.0,-45.0,-104.0,17.0,0.0,37.0,-96.401,-96.263,-96.263,-8.0,0.0,-0.0,30.0,9.756,8.78,8.78,16.0,0.0,0.0,30.0,7.01,6.804,6.804,8.0,0.0,0.0,31.0
29.2803,1,fwd,90.0,11.9,-61.169,90.0,-62.277,100.0,16.0,4.603,32.0,-100.0,-100.0,-100.0,-8.0,0.0,-0.0,30.0,-100.0,-100.0,-100.0,-56.0,7.0,0.0,30.0,-46.8,-45.0,-45.0,-104.0,17.0,0.0,37.0,-96.401,-96.263,-96.263,-8.0,0.0,-0.0,30.0,9.756,8.78,8.78,16.0,0.0,0.0,30.0,7.01,6.804,6.804,8.0,0.0,0.0,31.0
29.3334,1,fwd,90.0,11.9,-61.079,90.0,-62.065,100.0,16.0,2.972,32.0,-100.0,-100.0,-100.0,-8.0,0.0,-0.0,30.0,-100.0,-100.0,-100.0,-56.0,7.0,0.0,30.0,-46.8,-45.0,-45.0,-104.0,17.0,0.0,37.0,-96.401,-96.263,-96.263,-8.0,0.0,-0.0,30.0,9.756,8.78,8.78,16.0,0.0,0.0,30.0,7.01,6.804,6.804,8.0,0.0,0.0,31.0
29.3857,1,fwd,90.0,11.9,-60.809,90.0,-61.852,100.0,16.0,4.2,32.0,-100.0,-100.0,-100.0,-8.0,0.0,-0.0,30.0,-100.0,-100.0,-100.0,-56.0,7.0,0.0,30.0,-46.8,-45.0,-45.0,-104.0,17.0,0.0,37.0,-96.401,-96.263,-96.263,-8.0,0.0,-0.0,30.0,9.756,8.78,8.78,16.0,0.0,0.0,30.0,7.01,6.804,6.804,8.0,0.0,0.0,31.0
29.4389,1,fwd,90.0,11.9,-60.629,90.0,-61.638,100.0,16.0,3.768,32.0,-100.0,-100.0,-100.0,-8.0,0.0,-0.0,30.0,-100.0,-100.0,-100.0,-56.0,7.0,0.0,30.0,-46.8,-45.0,-45.0,-104.0,17.0,0.0,37.0,-96.401,-96.263,-96.263,-8.0,0.0,-0.0,30.0,9.756,8.78,8.78,16.0,0.0,0.0,30.0,7.01,6.804,6.804,8.0,0.0,0.0,31.0
29.4921,1,fwd,90.0,11.9,-60.449,90.0,-61.424,100.0,16.0,3.869,32.0,-100.0,-100.0,-100.0,-8.0,0.0,-0.0,30.0,-100.0,-100.0,-100.0,-56.0,7.0,0.0,30.0,-46.8,-45.0,-45.0,-104.0,17.0,0.0,37.0,-96.401,-96.263,-96.263,-8.0,0.0,-0.0,30.0,9.756,8.78,8.78,16.0,0.0,0.0,30.0,7.01,6.804,6.804,8.0,0.0,0.0,31.0
29.5452,1,fwd,90.0,11.9,-60.18,90.0,-61.212,100.0,16.0,4.342,32.0,-100.0,-100.0,-100.0,-8.0,0.0,-0.0,30.0,-100.0,-100.0,-100.0,-56.0,7.0,0.0,30.0,-46.8,-45.0,-45.0,-104.0,17.0,0.0,37.0,-96.401,-96.263,-96.263,-8.0,0.0,-0.0,30.0,9.756,8.78,8.78,16.0,0.0,0.0,30.0,7.01,6.804,6.804,8.0,0.0,0.0,31.0
29.5979,1,fwd,90.0,11.9,-60.0,90.0,-60.998,100.0,16.0,3.836,32.0,-100.0,-100.0,-100.0,-8.0,0.0,-0.0,30.0,-100.0,-100.0,-100.0,-56.0,7.0,0.0,30.0,-46.8,-45.0,-45.0,-104.0,17.0,0.0,37.0,-96.401,-96.263,-96.263,-8.0,0.0,-0.0,30.0,9.756,8.78,8.78,16.0,0.0,0.0,30.0,7.01,6.804,6.804,8.0,0.0,0.0,31.0
29.651,1,fwd,90.0,11.9,-59.64,90.0,-60.784,100.0,16.0,5.009,32.0,-100.0,-100.0,-100.0,-8.0,0.0,-0.0,30.0,-100.0,-100.0,-100.0,-56.0,7.0,0.0,30.0,-46.8,-45.0,-45.0,-104.0,17.0,0.0,37.0,-96.401,-96.263,-96.263,-8.0,0.0,-0.0,30.0,9.756,8.78,8.78,16.0,0.0,0.0,30.0,7.01,6.804,6.804,8.0,0.0,0.0,31.0
29.7042,1,fwd,90.0,11.9,-59.551,90.0,-60.677,104.0,20.0,4.496,32.0,-100.0,-100.0,-100.0,0.0,0.0,-0.0,30.0,-100.0,-100.0,-100.0,-56.0,5.0,0.0,30.0,-46.8,-45.0,-45.0,-104.0,21.0,0.0,37.0,-96.401,-96.263,-96.263,-8.0,0.0,-0.0,30.0,9.756,8.78,8.78,16.0,1.0,0.0,30.0,7.01,6.804,6.804,8.0,0.0,0.0,31.0
29.7572,1,fwd,90.0,11.9,-59.281,90.0,-60.341,104.0,20.0,3.866,32.0,-100.0,-100.0,-100.0,0.0,0.0,-0.0,30.0,-100.0,-100.0,-100.0,-56.0,5.0,0.0,30.0,-46.8,-45.0,-45.0,-104.0,21.0,0.0,37.0,-96.401,-96.263,-96.263,-8.0,0.0,-0.0,30.0,9.756,8.78,8.78,16.0,1.0,0.0,30.0,7.01,6.804,6.804,8.0,0.0,0.0,31.0
29.8094,1,fwd,90.0,11.9,-59.191,90.0,-60.126,104.0,20.0,3.722,32.0,-100.0,-100.0,-100.0,0.0,0.0,-0.0,30.0,-100.0,-100.0,-100.0,-56.0,5.0,0.0,30.0,-46.8,-45.0,-45.0,-104.0,21.0,0.0,37.0,-96.401,-96.263,-96.263,-8.0,0.0,-0.0,30.0,9.756,8.78,8.78,16.0,1.0,0.0,30.0,7.01,6.804,6.804,8.0,0.0,0.0,31.0
29.8632,1,fwd,90.0,11.9,-59.011,90.0,-59.898,104.0,20.0,3.087,32.0,-100.0,-100.0,-100.0,0.0,0.0,-0.0,30.0,-100.0,-100.0,-100.0,-56.0,5.0,0.0,30.0,-46.8,-45.0,-45.0,-104.0,21.0,0.0,37.0,-96.401,-96.263,-96.263,-8.0,0.0,-0.0,30.0,9.756,8.78,8.78,16.0,1.0,0.0,30.0,7.01,6.804,6.804,8.0,0.0,0.0,31.0
29.9156,1,fwd,90.0,11.9,-58.831,90.0,-59.781,104.0,20.0,3.151,32.0,-100.0,-100.0,-100.0,0.0,0.0,-0.0,30.0,-100.0,-100.0,-100.0,-56.0,5.0,0.0,30.0,-46.8,-45.0,-45.0,-104.0,21.0,0.0,37.0,-96.401,-96.263,-96.263,-8.0,0.0,-0.0,30.0,9.756,8.78,8.78,16.0,1.0,0.0,30.0,7.01,6.804,6.804,8.0,0.0,0.0,31.0
29.9693,1,fwd,90.0,11.9,-58.472,90.0,-59.557,104.0,20.0,4.871,32.0,-100.0,-100.0,-100.0,0.0,0.0,-0.0,30.0,-100.0,-100.0,-100.0,-56.0,5.0,0.0,30.0,-46.8,-45.0,-45.0,-104.0,21.0,0.0,37.0,-96.401,-96.263,-96.263,-8.0,0.0,-0.0,30.0,9.756,8.78,8.78,16.0,1.0,0.0,30.0,7.01,6.804,6.804,8.0,0.0,0.0,31.0
30.0224,1,fwd,90.0,11.9,-58.292,90.0,-59.342,104.0,20.0,3.778,32.0,-100.0,-100.0,-100.0,0.0,0.0,-0.0,30.0,-100.0,-100.0,-100.0,-56.0,5.0,0.0,30.0,-46.8,-45.0,-45.0,-104.0,21.0,0.0,37.0,-96.401,-96.263,-96.263,-8.0,0.0,-0.0,30.0,9.756,8.78,8.78,16.0,1.0,0.0,30.0,7.01,6.804,6.804,8.0,0.0,0.0,31.0
30.0758,1,fwd,90.0,11.9,-58.022,90.0,-59.127,104.0,20.0,4.253,32.0,-100.0,-100.0,-100.0,0.0,0.0,-0.0,30.0,-100.0,-100.0,-100.0,-56.0,5.0,0.0,30.0,-46.8,-45.0,-45.0,-104.0,21.0,0.0,37.0,-96.401,-96.263,-96.263,-8.0,0.0,-0.0,30.0,9.756,8.78,8.78,16.0,1.0,0.0,30.0,7.01,6.804,6.804,8.0,0.0,0.0,31.0
30.1291,1,fwd,90.0,11.9,-57.843,90.0,-58.913,104.0,20.0,3.789,32.0,-100.0,-100.0,-100.0,0.0,0.0,-0.0,30.0,-100.0,-100.0,-100.0,-56.0,5.0,0.0,30.0,-46.8,-45.0,-45.0,-104.0,21.0,0.0,37.0,-96.401,-96.263,-96.263,-8.0,0.0,-0.0,30.0,9.756,8.78,8.78,16.0,1.0,0.0,30.0,7.01,6.804,6.804,8.0,0.0,0.0,31.0
30.1822,1,fwd,90.0,11.9,-57.753,90.0,-58.698,104.0,20.0,2.874,32.0,-100.0,-100.0,-100.0,0.0,0.0,-0.0,30.0,-100.0,-100.0,-100.0,-56.0,5.0,0.0,30.0,-46.8,-45.0,-45.0,-104.0,21.0,0.0,37.0,-96.401,-96.263,-96.263,-8.0,0.0,-0.0,30.0,9.756,8.78,8.78,16.0,1.0,0.0,30.0,7.01,6.804,6.804,8.0,0.0,0.0,31.0
30.2361,1,fwd,90.0,11.9,-57.483,90.0,-58.486,104.0,20.0,3.841,32.0,-100.0,-100.0,-100.0,0.0,0.0,-0.0,30.0,-100.0,-100.0,-100.0,-56.0,5.0,0.0,30.0,-46.8,-45.0,-45.0,-104.0,21.0,0.0,37.0,-96.401,-96.263,-96.263,-8.0,0.0,-0.0,30.0,9.756,8.78,8.78,16.0,1.0,0.0,30.0,7.01,6.804,6.804,8.0,0.0,0.0,31.0
30.2893,1,fwd,90.0,11.9,-57.393,90.0,-58.38,96.0,17.0,3.685,32.0,-100.0,-100.0,-100.0,-8.0,0.0,-0.0,31.0,-100.0,-100.0,-100.0,-56.0,8.0,0.0,30.0,-46.8,-45.0,-45.0,-104.0,17.0,0.0,42.0,-96.401,-96.263,-96.263,-8.0,0.0,-0.0,30.0,9.756,8.78,8.78,16.0,0.0,0.0,30.0,6.804,6.804,6.804,0.0,0.0,-2.285,31.0
30.3423,1,fwd,90.0,11.9,-57.124,90.0,-58.043,96.0,17.0,2.797,32.0,-100.0,-100.0,-100.0,-8.0,0.0,-0.0,31.0,-100.0,-100.0,-100.0,-56.0,8.0,0.0,30.0,-46.8,-45.0,-45.0,-104.0,17.0,0.0,42.0,-96.401,-96.263,-96.263,-8.0,0.0,-0.0,30.0,9.756,8.78,8.78,16.0,0.0,0.0,30.0,6.804,6.804,6.804,0.0,0.0,-1.12,31.0
30.3953,1,fwd,90.0,11.9,-56.764,90.0,-57.829,96.0,17.0,4.222,32.0,-100.0,-100.0,-100.0,-8.0,0.0,-0.0,31.0,-100.0,-100.0,-100.0,-56.0,8.0,0.0,30.0,-46.8,-45.0,-45.0,-104.0,17.0,0.0,42.0,-96.401,-96.263,-96.263,-8.0,0.0,-0.0,30.0,9.756,8.78,8.78,16.0,0.0,0.0,30.0,6.804,6.804,6.804,0.0,0.0,-0.549,31.0
30.4476,1,fwd,90.0,11.9,-56.674,90.0,-57.611,96.0,17.0,3.076,32.0,-100.0,-100.0,-100.0,-8.0,0.0,-0.0,31.0,-100.0,-100.0,-100.0,-56.0,8.0,0.0,30.0,-46.8,-45.0,-45.0,-104.0,17.0,0.0,42.0,-96.401,-96.263,-96.263,-8.0,0.0,-0.0,30.0,9.756,8.78,8.78,16.0,0.0,0.0,30.0,6.804,6.804,6.804,0.0,0.0,-0.269,31.0
30.5009,1,fwd,90.0,11.9,-56.494,90.0,-57.397,96.0,17.0,3.231,32.0,-100.0,-100.0,-100.0,-8.0,0.0,-0.0,31.0,-100.0,-100.0,-100.0,-56.0,8.0,0.0,30.0,-46.8,-45.0,-45.0,-104.0,17.0,0.0,42.0,-96.401,-96.263,-96.263,-8.0,0.0,-0.0,30.0,9.756,8.78,8.78,16.0,0.0,0.0,30.0,6.804,6.804,6.804,0.0,0.0,-0.132,31.0
30.554,1,fwd,90.0,11.9,-56.315,90.0,-57.184,96.0,17.0,3.302,32.0,-100.0,-100.0,-100.0,-8.0,0.0,-0.0,31.0,-100.0,-100.0,-100.0,-56.0,8.0,0.0,30.0,-46.8,-45.0,-45.0,-104.0,17.0,0.0,42.0,-96.401,-96.263,-96.263,-8.0,0.0,-0.0,30.0,9.756,8.78,8.78,16.0,0.0,0.0,30.0,6.804,6.804,6.804,0.0,0.0,-0.065,31.0
30.6071,1,fwd,90.0,11.9,-56.045,90.0,-56.971,96.0,17.0,4.041,32.0,-100.0,-100.0,-100.0,-8.0,0.0,-0.0,31.0,-100.0,-100.0,-100.0,-56.0,8.0,0.0,30.0,-46.8,-45.0,-45.0,-104.0,17.0,0.0,42.0,-96.401,-96.263,-96.263,-8.0,0.0,-0.0,30.0,9.756,8.78,8.78,16.0,0.0,0.0,30.0,6.804,6.804,6.804,0.0,0.0,-0.032,31.0
30.6602,1,fwd,90.0,11.9,-55.775,90.0,-56.758,96.0,17.0,4.731,32.0,-100.0,-100.0,-100.0,-8.0,0.0,-0.0,31.0,-100.0,-100.0,-100.0,-56.0,8.0,0.0,30.0,-46.8,-45.0,-45.0,-104.0,17.0,0.0,42.0,-96.401,-96.263,-96.263,-8.0,0.0,-0.0,30.0,9.756,8.78,8.78,16.0,0.0,0.0,30.0,6.804,6.804,6.804,0.0,0.0,-0.015,31.0
30.7133,1,fwd,90.0,11.9,-55.416,90.0,-56.543,96.0,17.0,5.749,32.0,-100.0,-100.0,-100.0,-8.0,0.0,-0.0,31.0,-100.0,-100.0,-100.0,-56.0,8.0,0.0,30.0,-46.8,-45.0,-45.0,-104.0,17.0,0.0,42.0,-96.401,-96.263,-96.263,-8.0,0.0,-0.0,30.0,9.756,8.78,8.78,16.0,0.0,0.0,30.0,6.804,6.804,6.804,0.0,0.0,-0.008,31.0
30.7656,1,fwd,90.0,11.9,-55.326,90.0,-56.331,96.0,17.0,3.528,32.0,-100.0,-100.0,-100.0,-8.0,0.0,-0.0,31.0,-100.0,-100.0,-100.0,-56.0,8.0,0.0,30.0,-46.8,-45.0,-45.0,-104.0,17.0,0.0,42.0,-96.401,-96.263,-96.263,-8.0,0.0,-0.0,30.0,9.756,8.78,8.78,16.0,0.0,0.0,30.0,6.804,6.804,6.804,0.0,0.0,-0.004,31.0
30.8188,1,fwd,90.0,11.9,-55.146,90.0,-56.119,96.0,17.0,3.45,32.0,-100.0,-100.0,-100.0,-8.0,0.0,-0.0,31.0,-100.0,-100.0,-100.0,-56.0,8.0,0.0,30.0,-46.8,-45.0,-45.0,-104.0,17.0,0.0,42.0,-96.401,-96.263,-96.263,-8.0,0.0,-0.0,30.0,9.756,8.78,8.78,16.0,0.0,0.0,30.0,6.804,6.804,6.804,0.0,0.0,-0.002,31.0
30.8722,1,fwd,90.0,11.9,-54.876,90.0,-55.881,108.0,16.0,3.771,32.0,-100.0,-100.0,-100.0,-8.0,0.0,-0.0,30.0,-100.0,-100.0,-100.0,-56.0,7.0,0.0,30.0,-46.8,-45.0,-45.0,-104.0,19.0,0.0,36.0,-96.401,-96.263,-96.263,-8.0,0.0,-0.0,30.0,9.756,8.78,8.78,16.0,0.0,0.0,30.0,6.804,6.804,6.804,0.0,0.0,-0.001,31.0
30.9253,1,fwd,90.0,11.9,-54.876,90.0,-55.667,108.0,16.0,1.848,32.0,-100.0,-100.0,-100.0,-8.0,0.0,-0.0,30.0,-100.0,-100.0,-100.0,-56.0,7.0,0.0,30.0,-46.8,-45.0,-45.0,-104.0,19.0,0.0,36.0,-96.401,-96.263,-96.263,-8.0,0.0,-0.0,30.0,9.756,8.78,8.78,16.0,0.0,0.0,30.0,6.804,6.804,6.804,0.0,0.0,-0.001,31.0
30.9782,1,fwd,90.0,11.9,-54.517,90.0,-55.456,108.0,16.0,4.057,32.0,-100.0,-100.0,-100.0,-8.0,0.0,-0.0,30.0,-100.0,-100.0,-100.0,-56.0,7.0,0.0,30.0,-46.8,-45.0,-45.0,-104.0,19.0,0.0,36.0,-96.401,-96.263,-96.263,-8.0,0.0,-0.0,30.0,9.756,8.78,8.78,16.0,0.0,0.0,30.0,6.804,6.804,6.804,0.0,0.0,-0.0,31.0
31.0306,1,fwd,90.0,11.9,-54.427,90.0,-55.242,108.0,16.0,3.847,32.0,-100.0,-100.0,-100.0,-8.0,0.0,-0.0,30.0,-100.0,-100.0,-100.0,-56.0,7.0,0.0,30.0,-46.8,-45.0,-45.0,-104.0,19.0,0.0,36.0,-96.401,-96.263,-96.263,-8.0,0.0,-0.0,30.0,9.756,8.78,8.78,16.0,0.0,0.0,30.0,6.804,6.804,6.804,0.0,0.0,-0.0,31.0
31.0841,1,fwd,90.0,11.9,-54.247,90.0,-55.018,108.0,16.0,3.543,32.0,-100.0,-100.0,-100.0,-8.0,0.0,-0.0,30.0,-100.0,-100.0,-100.0,-56.0,7.0,0.0,30.0,-46.8,-45.0,-45.0,-104.0,19.0,0.0,36.0,-96.401,-96.263,-96.263,-8.0,0.0,-0.0,30.0,9.756,8.78,8.78,16.0,0.0,0.0,30.0,6.804,6.804,6.804,0.0,0.0,-0.0,31.0
31.1368,1,fwd,90.0,11.9,-53.888,90.0,-54.793,108.0,16.0,4.667,32.0,-100.0,-100.0,-100.0,-8.0,0.0,-0.0,30.0,-100.0,-100.0,-100.0,-56.0,7.0,0.0,30.0,-46.8,-45.0,-45.0,-104.0,19.0,0.0,36.0,-96.401,-96.263,-96.263,-8.0,0.0,-0.0,30.0,9.756,8.78,8.78,16.0,0.0,0.0,30.0,6.804,6.804,6.804,0.0,0.0,-0.0,31.0
31.1894,1,fwd,90.0,11.9,-53.708,90.0,-54.675,108.0,16.0,3.943,32.0,-100.0,-100.0,-100.0,-8.0,0.0,-0.0,30.0,-100.0,-100.0,-100.0,-56.0,7.0,0.0,30.0,-46.8,-45.0,-45.0,-104.0,19.0,0.0,36.0,-96.401,-96.263,-96.263,-8.0,0.0,-0.0,30.0,9.756,8.78,8.78,16.0,0.0,0.0,30.0,6.804,6.804,6.804,0.0,0.0,-0.0,31.0
31.2425,1,fwd,90.0,11.9,-53.708,90.0,-54.46,108.0,16.0,1.932,32.0,-100.0,-100.0,-100.0,-8.0,0.0,-0.0,30.0,-100.0,-100.0,-100.0,-56.0,7.0,0.0,30.0,-46.8,-45.0,-45.0,-104.0,19.0,0.0,36.0,-96.401,-96.263,-96.263,-8.0,0.0,-0.0,30.0,9.756,8.78,8.78,16.0,0.0,0.0,30.0,6.804,6.804,6.804,0.0,0.0,-0.0,31.0
31.2958,1,fwd,90.0,11.9,-53.438,90.0,-54.247,108.0,16.0,3.369,32.0,-100.0,-100.0,-100.0,-8.0,0.0,-0.0,30.0,-100.0,-100.0,-100.0,-56.0,7.0,0.0,30.0,-46.8,-45.0,-45.0,-104.0,19.0,0.0,36.0,-96.401,-96.263,-96.263,-8.0,0.0,-0.0,30.0,9.756,8.78,8.78,16.0,0.0,0.0,30.0,6.804,6.804,6.804,0.0,0.0,-0.0,31.0
31.349,1,fwd,90.0,11.9,-53.169,90.0,-54.034,108.0,16.0,4.096,32.0,-100.0,-100.0,-100.0,-8.0,0.0,-0.0,30.0,-100.0,-100.0,-100.0,-56.0,7.0,0.0,30.0,-46.8,-45.0,-45.0,-104.0,19.0,0.0,36.0,-96.401,-96.263,-96.263,-8.0,0.0,-0.0,30.0,9.756,8.78,8.78,16.0,0.0,0.0,30.0,6.804,6.804,6.804,0.0,0.0,-0.0,31.0
31.4021,1,fwd,90.0,11.9,-52.899,90.0,-53.822,108.0,16.0,4.447,32.0,-100.0,-100.0,-100.0,-8.0,0.0,-0.0,30.0,-100.0,-100.0,-100.0,-56.0,7.0,0.0,30.0,-46.8,-45.0,-45.0,-104.0,19.0,0.0,36.0,-96.401,-96.263,-96.263,-8.0,0.0,-0.0,30.0,9.756,8.78,8.78,16.0,0.0,0.0,30.0,6.804,6.804,6.804,0.0,0.0,-0.0,31.0
31.4545,1,fwd,90.0,11.9,-52.539,90.0,-53.58,100.0,19.0,4.887,32.0,-100.0,-100.0,-100.0,-8.0,0.0,-0.0,31.0,-100.0,-100.0,-100.0,-56.0,6.0,0.0,30.0,-46.8,-45.0,-45.0,-104.0,20.0,0.0,37.0,-96.401,-96.263,-96.263,-8.0,0.0,-0.0,30.0,9.756,8.78,8.78,16.0,0.0,0.0,30.0,6.804,6.804,6.804,0.0,1.0,-0.0,31.0
31.5078,1,fwd,90.0,11.9,-52.449,90.0,-53.365,100.0,19.0,3.405,32.0,-100.0,-100.0,-100.0,-8.0,0.0,-0.0,31.0,-100.0,-100.0,-100.0,-56.0,6.0,0.0,30.0,-46.8,-45.0,-45.0,-104.0,20.0,0.0,37.0,-96.401,-96.263,-96.263,-8.0,0.0,-0.0,30.0,9.756,8.78,8.78,16.0,0.0,0.0,30.0,6.804,6.804,6.804,0.0,1.0,-0.0,31.0
31.5613,1,fwd,90.0,11.9,-52.27,90.0,-53.152,100.0,19.0,3.382,32.0,-100.0,-100.0,-100.0,-8.0,0.0,-0.0,31.0,-100.0,-100.0,-100.0,-56.0,6.0,0.0,30.0,-46.8,-45.0,-45.0,-104.0,20.0,0.0,37.0,-96.401,-96.263,-96.263,-8.0,0.0,-0.0,30.0,9.756,8.78,8.78,16.0,0.0,0.0,30.0,6.804,6.804,6.804,0.0,1.0,-0.0,31.0
31.6141,1,fwd,90.0,11.9,-52.0,90.0,-52.938,100.0,19.0,4.079,32.0,-100.0,-100.0,-100.0,-8.0,0.0,-0.0,31.0,-100.0,-100.0,-100.0,-56.0,6.0,0.0,30.0,-46.8,-45.0,-45.0,-104.0,20.0,0.0,37.0,-96.401,-96.263,-96.263,-8.0,0.0,-0.0,30.0,9.756,8.78,8.78,16.0,0.0,0.0,30.0,6.804,6.804,6.804,0.0,1.0,-0.0,31.0
31.667,1,fwd,90.0,11.9,-51.82,90.0,-52.725,100.0,19.0,3.721,32.0,-100.0,-100.0,-100.0,-8.0,0.0,-0.0,31.0,-100.0,-100.0,-100.0,-56.0,6.0,0.0,30.0,-46.8,-45.0,-45.0,-104.0,20.0,0.0,37.0,-96.401,-96.263,-96.263,-8.0,0.0,-0.0,30.0,9.756,8.78,8.78,16.0,0.0,0.0,30.0,6.804,6.804,6.804,0.0,1.0,-0.0,31.0
31.7202,1,fwd,90.0,11.9,-51.64,90.0,-52.512,100.0,19.0,3.858,32.0,-100.0,-100.0,-100.0,-8.0,0.0,-0.0,31.0,-100.0,-100.0,-100.0,-56.0,6.0,0.0,30.0,-46.8,-45.0,-45.0,-104.0,20.0,0.0,37.0,-96.401,-96.263,-96.263,-8.0,0.0,-0.0,30.0,9.756,8.78,8.78,16.0,0.0,0.0,30.0,6.804,6.804,6.804,0.0,1.0,-0.0,31.0
31.7732,1,fwd,90.0,11.9,-51.281,90.0,-52.299,100.0,19.0,5.32,32.0,-100.0,-100.0,-100.0,-8.0,0.0,-0.0,31.0,-100.0,-100.0,-100.0,-56.0,6.0,0.0,30.0,-46.8,-45.0,-45.0,-104.0,20.0,0.0,37.0,-96.401,-96.263,-96.263,-8.0,0.0,-0.0,30.0,9.756,8.78,8.78,16.0,0.0,0.0,30.0,6.804,6.804,6.804,0.0,1.0,-0.0,31.0
31.8264,1,fwd,90.0,11.9,-51.101,90.0,-52.086,100.0,19.0,4.038,32.0,-100.0,-100.0,-100.0,-8.0,0.0,-0.0,31.0,-100.0,-100.0,-100.0,-56.0,6.0,0.0,30.0,-46.8,-45.0,-45.0,-104.0,20.0,0.0,37.0,-96.401,-96.263,-96.263,-8.0,0.0,-0.0,30.0,9.756,8.78,8.78,16.0,0.0,0.0,30.0,6.804,6.804,6.804,0.0,1.0,-0.0,31.0
31.8797,1,fwd,90.0,11.9,-50.831,90.0,-51.874,100.0,19.0,4.72,32.0,-100.0,-100.0,-100.0,-8.0,0.0,-0.0,31.0,-100.0,-100.0,-100.0,-56.0,6.0,0.0,30.0,-46.8,-45.0,-45.0,-104.0,20.0,0.0,37.0,-96.401,-96.263,-96.263,-8.0,0.0,-0.0,30.0,9.756,8.78,8.78,16.0,0.0,0.0,30.0,7.01,6.804,6.804,0.0,1.0,1.63,31.0
31.933,1,fwd,90.0,11.9,-50.652,90.0,-51.661,100.0,19.0,4.335,32.0,-100.0,-100.0,-100.0,-8.0,0.0,-0.0,31.0,-100.0,-100.0,-100.0,-56.0,6.0,0.0,30.0,-46.8,-45.0,-45.0,-104.0,20.0,0.0,37.0,-96.401,-96.263,-96.263,-8.0,0.0,-0.0,30.0,9.756,8.78,8.78,16.0,0.0,0.0,30.0,6.804,6.804,6.804,0.0,1.0,-1.521,31.0
31.9862,1,fwd,90.0,11.9,-50.652,90.0,-51.554,88.0,13.0,3.035,32.0,-100.0,-100.0,-100.0,-8.0,0.0,-0.0,30.0,-100.0,-100.0,-100.0,-56.0,7.0,0.0,30.0,-46.8,-45.0,-45.0,-104.0,19.0,0.0,37.0,-96.401,-96.263,-96.263,-8.0,0.0,-0.0,30.0,9.756,8.78,8.78,16.0,0.0,0.0,30.0,6.804,6.804,6.804,0.0,0.0,-1.065,31.0
32.0386,1,fwd,90.0,11.9,-50.292,90.0,-51.215,88.0,13.0,3.479,32.0,-100.0,-100.0,-100.0,-8.0,0.0,-0.0,30.0,-100.0,-100.0,-100.0,-56.0,7.0,0.0,30.0,-46.8,-45.0,-45.0,-104.0,19.0,0.0,37.0,-96.401,-96.263,-96.263,-8.0,0.0,-0.0,30.0,9.756,8.78,8.78,16.0,0.0,0.0,30.0,6.804,6.804,6.804,0.0,0.0,-0.522,31.0
32.0921,1,fwd,90.0,11.9,-50.112,90.0,-51.0,88.0,13.0,3.412,32.0,-100.0,-100.0,-100.0,-8.0,0.0,-0.0,30.0,-100.0,-100.0,-100.0,-56.0,7.0,0.0,30.0,-46.8,-45.0,-45.0,-104.0,19.0,0.0,37.0,-96.401,-96.263,-96.263,-8.0,0.0,-0.0,30.0,9.756,8.78,8.78,16.0,0.0,0.0,30.0,6.804,6.804,6.804,0.0,0.0,-0.256,31.0
32.1453,1,fwd,90.0,11.9,-49.753,90.0,-50.787,88.0,13.0,5.117,32.0,-100.0,-100.0,-100.0,-8.0,0.0,-0.0,30.0,-100.0,-100.0,-100.0,-56.0,7.0,0.0,30.0,-46.8,-45.0,-45.0,-104.0,19.0,0.0,37.0,-96.401,-96.263,-96.263,-8.0,0.0,-0.0,30.0,9.756,8.78,8.78,16.0,0.0,0.0,30.0,6.804,6.804,6.804,0.0,0.0,-0.125,31.0
32.1976,1,fwd,90.0,11.9,-49.663,90.0,-50.574,88.0,13.0,4.592,32.0,-100.0,-100.0,-100.0,-8.0,0.0,-0.0,30.0,-100.0,-100.0,-100.0,-56.0,7.0,0.0,30.0,-46.8,-45.0,-45.0,-104.0,19.0,0.0,37.0,-96.401,-96.263,-96.263,-8.0,0.0,-0.0,30.0,9.756,8.78,8.78,16.0,0.0,0.0,30.0,6.804,6.804,6.804,0.0,0.0,-0.088,31.0
32.2517,1,fwd,90.0,11.9,-49.573,90.0,-50.358,88.0,13.0,3.266,32.0,-100.0,-100.0,-100.0,-8.0,0.0,-0.0,30.0,-100.0,-100.0,-100.0,-56.0,7.0,0.0,30.0,-46.8,-45.0,-45.0,-104.0,19.0,0.0,37.0,-96.401,-96.263,-96.263,-8.0,0.0,-0.0,30.0,9.756,8.78,8.78,16.0,0.0,0.0,30.0,6.804,6.804,6.804,0.0,0.0,-0.043,31.0
32.3052,1,fwd,90.0,11.9,-49.393,90.0,-50.132,88.0,13.0,3.244,32.0,-100.0,-100.0,-100.0,-8.0,0.0,-0.0,30.0,-100.0,-100.0,-100.0,-56.0,7.0,0.0,30.0,-46.8,-45.0,-45.0,-104.0,19.0,0.0,37.0,-96.401,-96.263,-96.263,-8.0,0.0,-0.0,30.0,9.756,8.78,8.78,16.0,0.0,0.0,30.0,6.804,6.804,6.804,0.0,0.0,-0.021,31.0
32.3574,1,fwd,90.0,11.9,-49.213,90.0,-50.014,88.0,13.0,3.249,32.0,-100.0,-100.0,-100.0,-8.0,0.0,-0.0,30.0,-100.0,-100.0,-100.0,-56.0,7.0,0.0,30.0,-46.8,-45.0,-45.0,-104.0,19.0,0.0,37.0,-96.401,-96.263,-96.263,-8.0,0.0,-0.0,30.0,9.756,8.78,8.78,16.0,0.0,0.0,30.0,6.804,6.804,6.804,0.0,0.0,-0.01,31.0
32.4109,1,fwd,90.0,11.9,-48.944,90.0,-49.792,88.0,13.0,4.263,32.0,-100.0,-100.0,-100.0,-8.0,0.0,-0.0,30.0,-100.0,-100.0,-100.0,-56.0,7.0,0.0,30.0,-46.8,-45.0,-45.0,-104.0,19.0,0.0,37.0,-96.401,-96.263,-96.263,-8.0,0.0,-0.0,30.0,9.756,8.78,8.78,16.0,0.0,0.0,30.0,6.804,6.804,6.804,0.0,0.0,-0.005,31.0
32.4643,1,fwd,90.0,11.9,-48.764,90.0,-49.577,88.0,13.0,4.104,32.0,-100.0,-100.0,-100.0,-8.0,0.0,-0.0,30.0,-100.0,-100.0,-100.0,-56.0,7.0,0.0,30.0,-46.8,-45.0,-45.0,-104.0,19.0,0.0,37.0,-96.401,-96.263,-96.263,-8.0,0.0,-0.0,30.0,9.756,8.78,8.78,16.0,0.0,0.0,30.0,6.804,6.804,6.804,0.0,0.0,-0.002,31.0
32.5174,1,fwd,90.0,11.9,-48.494,90.0,-49.364,88.0,13.0,4.384,32.0,-100.0,-100.0,-100.0,-8.0,0.0,-0.0,30.0,-100.0,-100.0,-100.0,-56.0,7.0,0.0,30.0,-46.8,-45.0,-45.0,-104.0,19.0,0.0,37.0,-96.401,-96.263,-96.263,-8.0,0.0,-0.0,30.0,9.756,8.78,8.78,16.0,0.0,0.0,30.0,6.804,6.804,6.804,0.0,0.0,-0.001,31.0
32.5694,1,fwd,90.0,11.9,-48.225,90.0,-49.251,100.0,18.0,6.112,32.0,-100.0,-100.0,-100.0,-8.0,0.0,-0.0,30.0,-100.0,-100.0,-100.0,-56.0,7.0,0.0,30.0,-46.8,-45.0,-45.0,-104.0,17.0,0.0,37.0,-96.401,-96.263,-96.263,-8.0,0.0,-0.0,30.0,9.756,8.78,8.78,16.0,0.0,0.0,30.0,6.804,6.804,6.804,0.0,0.0,-0.001,31.0
32.6215,1,fwd,90.0,11.9,-48.045,90.0,-48.918,100.0,18.0,4.345,32.0,-100.0,-100.0,-100.0,-8.0,0.0,-0.0,30.0,-100.0,-100.0,-100.0,-56.0,7.0,0.0,30.0,-46.8,-45.0,-45.0,-104.0,17.0,0.0,37.0,-96.401,-96.263,-96.263,-8.0,0.0,-0.0,30.0,9.756,8.78,8.78,16.0,0.0,0.0,30.0,6.804,6.804,6.804,0.0,0.0,-0.0,31.0
32.6747,1,fwd,90.0,11.9,-47.865,90.0,-48.704,100.0,18.0,3.85,32.0,-100.0,-100.0,-100.0,-8.0,0.0,-0.0,30.0,-100.0,-100.0,-100.0,-56.0,7.0,0.0,30.0,-46.8,-45.0,-45.0,-104.0,17.0,0.0,37.0,-96.401,-96.263,-96.263,-8.0,0.0,-0.0,30.0,9.756,8.78,8.78,16.0,0.0,0.0,30.0,6.804,6.804,6.804,0.0,0.0,-0.0,31.0
32.728,1,fwd,90.0,11.9,-47.775,90.0,-48.492,100.0,18.0,2.595,32.0,-100.0,-100.0,-100.0,-8.0,0.0,-0.0,30.0,-100.0,-100.0,-100.0,-56.0,7.0,0.0,30.0,-46.8,-45.0,-45.0,-104.0,17.0,0.0,37.0,-96.401,-96.263,-96.263,-8.0,0.0,-0.0,30.0,9.756,8.78,8.78,16.0,0.0,0.0,30.0,6.804,6.804,6.804,0.0,0.0,-0.0,31.0
32.7811,1,fwd,90.0,11.9,-47.416,90.0,-48.279,100.0,18.0,4.721,32.0,-100.0,-100.0,-100.0,-8.0,0.0,-0.0,30.0,-100.0,-100.0,-100.0,-56.0,7.0,0.0,30.0,-46.8,-45.0,-45.0,-104.0,17.0,0.0,37.0,-96.401,-96.263,-96.263,-8.0,0.0,-0.0,30.0,9.756,8.78,8.78,16.0,0.0,0.0,30.0,6.804,6.804,6.804,0.0,0.0,-0.0,31.0
32.8343,1,fwd,90.0,11.9,-47.236,90.0,-48.065,100.0,18.0,4.012,32.0,-100.0,-100.0,-100.0,-8.0,0.0,-0.0,30.0,-100.0,-100.0,-100.0,-56.0,7.0,0.0,30.0,-46.8,-45.0,-45.0,-104.0,17.0,0.0,37.0,-96.401,-96.263,-96.263,-8.0,0.0,-0.0,30.0,9.756,8.78,8.78,16.0,0.0,0.0,30.0,6.804,6.804,6.804,0.0,0.0,-0.0,31.0
32.8872,1,fwd,90.0,11.9,-46.876,90.0,-47.85,100.0,18.0,5.697,32.0,-100.0,-100.0,-100.0,-8.0,0.0,-0.0,30.0,-100.0,-100.0,-100.0,-56.0,7.0,0.0,30.0,-46.8,-45.0,-45.0,-104.0,17.0,0.0,37.0,-96.401,-96.263,-96.263,-8.0,0.0,-0.0,30.0,9.756,8.78,8.78,16.0,0.0,0.0,30.0,6.804,6.804,6.804,0.0,0.0,-0.0,31.0
32.9402,1,fwd,90.0,11.9,-46.697,90.0,-47.636,100.0,18.0,4.51,32.0,-100.0,-100.0,-100.0,-8.0,0.0,-0.0,30.0,-100.0,-100.0,-100.0,-56.0,7.0,0.0,30.0,-46.8,-45.0,-45.0,-104.0,17.0,0.0,37.0,-96.401,-96.263,-96.263,-8.0,0.0,-0.0,30.0,9.756,8.78,8.78,16.0,0.0,0.0,30.0,6.804,6.804,6.804,0.0,0.0,-0.0,31.0
32.9924,1,fwd,90.0,11.9,-46.697,90.0,-47.423,100.0,18.0,2.21,32.0,-100.0,-100.0,-100.0,-8.0,0.0,-0.0,30.0,-100.0,-100.0,-100.0,-56.0,7.0,0.0,30.0,-46.8,-45.0,-45.0,-104.0,17.0,0.0,37.0,-96.401,-96.263,-96.263,-8.0,0.0,-0.0,30.0,9.756,8.78,8.78,16.0,0.0,0.0,30.0,6.804,6.804,6.804,0.0,0.0,-0.0,31.0
33.0447,1,fwd,90.0,11.9,-46.517,90.0,-47.208,100.0,18.0,2.799,32.0,-100.0,-100.0,-100.0,-8.0,0.0,-0.0,30.0,-100.0,-100.0,-100.0,-56.0,7.0,0.0,30.0,-46.8,-45.0,-45.0,-104.0,17.0,0.0,37.0,-96.401,-96.263,-96.263,-8.0,0.0,-0.0,30.0,9.756,8.78,8.78,16.0,0.0,0.0,30.0,6.804,6.804,6.804,0.0,0.0,-0.0,31.0
33.0982,1,fwd,90.0,11.9,-46.157,90.0,-46.994,100.0,18.0,4.77,32.0,-100.0,-100.0,-100.0,-8.0,0.0,-0.0,30.0,-100.0,-100.0,-100.0,-56.0,7.0,0.0,30.0,-46.8,-45.0,-45.0,-104.0,17.0,0.0,37.0,-96.401,-96.263,-96.263,-8.0,0.0,-0.0,30.0,9.756,8.78,8.78,16.0,0.0,0.0,30.0,6.804,6.804,6.804,0.0,0.0,-0.0,31.0
33.1504,1,fwd,90.0,11.9,-46.157,90.0,-46.757,80.0,11.0,4.77,32.0,-100.0,-100.0,-100.0,-8.0,0.0,-0.0,30.0,-100.0,-100.0,-100.0,-56.0,7.0,0.0,30.0,-46.8,-45.0,-45.0,-104.0,21.0,0.0,37.0,-96.401,-96.263,-96.263,-8.0,0.0,-0.0,30.0,9.756,8.78,8.78,16.0,0.0,0.0,30.0,6.804,6.804,6.804,0.0,0.0,-0.0,31.0
33.204,1,fwd,90.0,11.9,-45.978,90.0,-46.533,80.0,11.0,2.95,32.0,-100.0,-100.0,-100.0,-8.0,0.0,-0.0,30.0,-100.0,-100.0,-100.0,-56.0,7.0,0.0,30.0,-46.8,-45.0,-45.0,-104.0,21.0,0.0,37.0,-96.401,-96.263,-96.263,-8.0,0.0,-0.0,30.0,9.756,8.78,8.78,16.0,0.0,0.0,30.0,6.804,6.804,6.804,0.0,0.0,-0.0,31.0
33.2579,1,fwd,90.0,11.9,-45.438,90.0,-46.415,80.0,11.0,6.405,32.0,-100.0,-100.0,-100.0,-8.0,0.0,-0.0,30.0,-100.0,-100.0,-100.0,-56.0,7.0,0.0,30.0,-46.8,-45.0,-45.0,-104.0,21.0,0.0,37.0,-96.401,-96.263,-96.263,-8.0,0.0,-0.0,30.0,9.756,8.78,8.78,16.0,0.0,0.0,30.0,6.804,6.804,6.804,0.0,0.0,-0.0,31.0
33.3106,1,fwd,90.0,11.9,-45.348,90.0,-46.188,80.0,11.0,3.768,32.0,-100.0,-100.0,-100.0,-8.0,0.0,-0.0,30.0,-100.0,-100.0,-100.0,-56.0,7.0,0.0,30.0,-46.8,-45.0,-45.0,-104.0,21.0,0.0,37.0,-96.401,-96.263,-96.263,-8.0,0.0,-0.0,30.0,9.756,8.78,8.78,16.0,0.0,0.0,30.0,6.804,6.804,6.804,0.0,0.0,-0.0,31.0
33.3638,1,fwd,90.0,11.9,-45.169,90.0,-45.975,80.0,11.0,3.56,32.0,-100.0,-100.0,-100.0,-8.0,0.0,-0.0,30.0,-100.0,-100.0,-100.0,-56.0,7.0,0.0,30.0,-46.8,-45.0,-45.0,-104.0,21.0,0.0,37.0,-96.401,-96.263,-96.263,-8.0,0.0,-0.0,30.0,9.756,8.78,8.78,16.0,0.0,0.0,30.0,6.804,6.804,6.804,0.0,0.0,-0.0,31.0
33.4172,1,fwd,90.0,11.9,-44.899,90.0,-45.76,80.0,11.0,4.464,32.0,-100.0,-100.0,-100.0,-8.0,0.0,-0.0,30.0,-100.0,-100.0,-100.0,-56.0,7.0,0.0,30.0,-46.8,-45.0,-45.0,-104.0,21.0,0.0,37.0,-96.401,-96.263,-96.263,-8.0,0.0,-0.0,30.0,9.756,8.78,8.78,16.0,0.0,0.0,30.0,6.804,6.804,6.804,0.0,0.0,-0.0,31.0
33.4701,1,fwd,90.0,11.9,-44.899,90.0,-45.546,80.0,11.0,2.187,32.0,-100.0,-100.0,-100.0,-8.0,0.0,-0.0,30.0,-100.0,-100.0,-100.0,-56.0,7.0,0.0,30.0,-46.8,-45.0,-45.0,-104.0,21.0,0.0,37.0,-96.401,-96.263,-96.263,-8.0,0.0,-0.0,30.0,9.756,8.78,8.78,16.0,0.0,0.0,30.0,6.804,6.804,6.804,0.0,0.0,-0.0,31.0
33.5233,1,fwd,90.0,11.9,-44.629,90.0,-45.333,80.0,11.0,3.511,32.0,-100.0,-100.0,-100.0,-8.0,0.0,-0.0,30.0,-100.0,-100.0,-100.0,-56.0,7.0,0.0,30.0,-46.8,-45.0,-45.0,-104.0,21.0,0.0,37.0,-96.401,-96.263,-96.263,-8.0,0.0,-0.0,30.0,9.756,8.78,8.78,16.0,0.0,0.0,30.0,6.804,6.804,6.804,0.0,0.0,-0.0,31.0
33.5763,1,fwd,90.0,11.9,-44.36,90.0,-45.121,80.0,11.0,4.459,32.0,-100.0,-100.0,-100.0,-8.0,0.0,-0.0,30.0,-100.0,-100.0,-100.0,-56.0,7.0,0.0,30.0,-46.8,-45.0,-45.0,-104.0,21.0,0.0,37.0,-96.401,-96.263,-96.263,-8.0,0.0,-0.0,30.0,9.756,8.78,8.78,16.0,0.0,0.0,30.0,6.804,6.804,6.804,0.0,0.0,-0.0,31.0
33.6284,1,fwd,90.0,11.9,-44.09,90.0,-44.908,80.0,11.0,4.924,32.0,-100.0,-100.0,-100.0,-8.0,0.0,-0.0,30.0,-100.0,-100.0,-100.0,-56.0,7.0,0.0,30.0,-46.8,-45.0,-45.0,-104.0,21.0,0.0,37.0,-96.401,-96.263,-96.263,-8.0,0.0,-0.0,30.0,9.756,8.78,8.78,16.0,0.0,0.0,30.0,6.804,6.804,6.804,0.0,0.0,-0.0,31.0
33.6806,1,fwd,90.0,11.9,-43.82,90.0,-44.695,80.0,11.0,4.844,32.0,-100.0,-100.0,-100.0,-8.0,0.0,-0.0,30.0,-100.0,-100.0,-100.0,-56.0,7.0,0.0,30.0,-46.8,-45.0,-45.0,-104.0,21.0,0.0,37.0,-96.401,-96.263,-96.263,-8.0,0.0,-0.0,30.0,9.756,8.78,8.78,16.0,0.0,0.0,30.0,6.804,6.804,6.804,0.0,0.0,-0.0,31.0
33.7341,1,fwd,90.0,11.9,-43.73,90.0,-44.464,76.0,11.0,3.858,32.0,-100.0,-100.0,-100.0,-8.0,0.0,-0.0,31.0,-100.0,-100.0,-100.0,-56.0,6.0,0.0,30.0,-46.8,-45.0,-45.0,-104.0,20.0,0.0,37.0,-96.401,-96.263,-96.263,-8.0,0.0,-0.0,30.0,9.756,8.78,8.78,16.0,0.0,0.0,30.0,6.804,6.804,6.804,0.0,0.0,-0.0,31.0
33.7872,1,fwd,90.0,11.9,-43.551,90.0,-44.251,76.0,11.0,3.613,32.0,-100.0,-100.0,-100.0,-8.0,0.0,-0.0,31.0,-100.0,-100.0,-100.0,-56.0,6.0,0.0,30.0,-46.8,-45.0,-45.0,-104.0,20.0,0.0,37.0,-96.401,-96.263,-96.263,-8.0,0.0,-0.0,30.0,9.756,8.78,8.78,16.0,0.0,0.0,30.0,6.804,6.804,6.804,0.0,0.0,-0.0,31.0
33.8404,1,fwd,90.0,11.9,-43.281,90.0,-44.038,76.0,11.0,4.212,32.0,-100.0,-100.0,-100.0,-8.0,0.0,-0.0,31.0,-100.0,-100.0,-100.0,-56.0,6.0,0.0,30.0,-46.8,-45.0,-45.0,-104.0,20.0,0.0,37.0,-96.401,-96.263,-96.263,-8.0,0.0,-0.0,30.0,9.756,8.78,8.78,16.0,0.0,0.0,30.0,6.804,6.804,6.804,0.0,0.0,-0.0,31.0
33.8925,1,fwd,90.0,11.9,-43.101,90.0,-43.825,76.0,11.0,3.774,32.0,-100.0,-100.0,-100.0,-8.0,0.0,-0.0,31.0,-100.0,-100.0,-100.0,-56.0,6.0,0.0,30.0,-46.8,-45.0,-45.0,-104.0,20.0,0.0,37.0,-96.401,-96.263,-96.263,-8.0,0.0,-0.0,30.0,9.756,8.78,8.78,16.0,0.0,0.0,30.0,6.804,6.804,6.804,0.0,0.0,-0.0,31.0
33.9458,1,fwd,90.0,11.9,-42.831,90.0,-43.612,76.0,11.0,4.576,32.0,-100.0,-100.0,-100.0,-8.0,0.0,-0.0,31.0,-100.0,-100.0,-100.0,-56.0,6.0,0.0,30.0,-46.8,-45.0,-45.0,-104.0,20.0,0.0,37.0,-96.401,-96.263,-96.263,-8.0,0.0,-0.0,30.0,9.756,8.78,8.78,16.0,0.0,0.0,30.0,6.804,6.804,6.804,0.0,0.0,-0.0,31.0
33.9991,1,fwd,90.0,11.9,-42.472,90.0,-43.399,76.0,11.0,5.396,32.0,-100.0,-100.0,-100.0,-8.0,0.0,-0.0,31.0,-100.0,-100.0,-100.0,-56.0,6.0,0.0,30.0,-46.8,-45.0,-45.0,-104.0,20.0,0.0,37.0,-96.401,-96.263,-96.263,-8.0,0.0,-0.0,30.0,9.756,8.78,8.78,16.0,0.0,0.0,30.0,6.804,6.804,6.804,0.0,0.0,-0.0,31.0
34.0523,1,fwd,90.0,11.9,-42.382,90.0,-43.186,76.0,11.0,3.655,32.0,-100.0,-100.0,-100.0,-8.0,0.0,-0.0,31.0,-100.0,-100.0,-100.0,-56.0,6.0,0.0,30.0,-46.8,-45.0,-45.0,-104.0,20.0,0.0,37.0,-96.401,-96.263,-96.263,-8.0,0.0,-0.0,30.0,9.756,8.78,8.78,16.0,0.0,0.0,30.0,6.804,6.804,6.804,0.0,0.0,-0.0,31.0
34.1045,1,fwd,90.0,11.9,-42.202,90.0,-42.974,76.0,11.0,3.814,32.0,-100.0,-100.0,-100.0,-8.0,0.0,-0.0,31.0,-100.0,-100.0,-100.0,-56.0,6.0,0.0,30.0,-46.8,-45.0,-45.0,-104.0,20.0,0.0,37.0,-96.401,-96.263,-96.263,-8.0,0.0,-0.0,30.0,9.756,8.78,8.78,16.0,0.0,0.0,30.0,6.804,6.804,6.804,0.0,0.0,-0.0,31.0
34.1576,1,fwd,90.0,11.9,-42.022,90.0,-42.76,76.0,11.0,3.588,32.0,-100.0,-100.0,-100.0,-8.0,0.0,-0.0,31.0,-100.0,-100.0,-100.0,-56.0,6.0,0.0,30.0,-46.8,-45.0,-45.0,-104.0,20.0,0.0,37.0,-96.401,-96.263,-96.263,-8.0,0.0,-0.0,30.0,9.756,8.78,8.78,16.0,0.0,0.0,30.0,6.804,6.804,6.804,0.0,0.0,-0.0,31.0
34.2109,1,fwd,90.0,11.9,-41.933,90.0,-42.548,76.0,11.0,2.768,32.0,-100.0,-100.0,-100.0,-8.0,0.0,-0.0,31.0,-100.0,-100.0,-100.0,-56.0,6.0,0.0,30.0,-46.8,-45.0,-45.0,-104.0,20.0,0.0,37.0,-96.401,-96.263,-96.263,-8.0,0.0,-0.0,30.0,9.756,8.78,8.78,16.0,0.0,0.0,30.0,6.804,6.804,6.804,0.0,0.0,-0.0,31.0
34.2649,1,fwd,90.0,11.9,-41.753,90.0,-42.441,68.0,9.0,3.971,32.0,-100.0,-100.0,-100.0,-8.0,0.0,-0.0,31.0,-100.0,-100.0,-100.0,-56.0,6.0,0.0,30.0,-46.8,-45.0,-45.0,-104.0,17.0,0.0,37.0,-96.401,-96.263,-96.263,-8.0,0.0,-0.0,30.0,9.756,8.78,8.78,16.0,1.0,0.0,30.0,6.804,6.804,6.804,0.0,0.0,-0.0,31.0
34.3181,1,fwd,90.0,11.9,-41.393,90.0,-42.109,68.0,9.0,3.28,32.0,-100.0,-100.0,-100.0,-8.0,0.0,-0.0,31.0,-100.0,-100.0,-100.0,-56.0,6.0,0.0,30.0,-46.8,-45.0,-45.0,-104.0,17.0,0.0,37.0,-96.401,-96.263,-96.263,-8.0,0.0,-0.0,30.0,9.756,8.78,8.78,16.0,1.0,0.0,30.0,6.804,6.804,6.804,0.0,0.0,-0.0,31.0
34.3705,1,fwd,90.0,11.9,-41.034,90.0,-41.896,68.0,9.0,4.763,32.0,-100.0,-100.0,-100.0,-8.0,0.0,-0.0,31.0,-100.0,-100.0,-100.0,-56.0,6.0,0.0,30.0,-46.8,-45.0,-45.0,-104.0,17.0,0.0,37.0,-96.401,-96.263,-96.263,-8.0,0.0,-0.0,30.0,9.756,8.78,8.78,16.0,1.0,0.0,30.0,6.804,6.804,6.804,0.0,0.0,-0.0,31.0
34.4225,1,fwd,90.0,11.9,-40.854,90.0,-41.683,68.0,9.0,4.044,32.0,-100.0,-100.0,-100.0,-8.0,0.0,-0.0,31.0,-100.0,-100.0,-100.0,-56.0,6.0,0.0,30.0,-46.8,-45.0,-45.0,-104.0,17.0,0.0,37.0,-96.401,-96.263,-96.263,-8.0,0.0,-0.0,30.0,9.756,8.78,8.78,16.0,1.0,0.0,30.0,6.804,6.804,6.804,0.0,0.0,-0.0,31.0
34.4753,1,fwd,90.0,11.9,-40.854,90.0,-41.468,68.0,9.0,1.982,32.0,-100.0,-100.0,-100.0,-8.0,0.0,-0.0,31.0,-100.0,-100.0,-100.0,-56.0,6.0,0.0,30.0,-46.8,-45.0,-45.0,-104.0,17.0,0.0,37.0,-96.401,-96.263,-96.263,-8.0,0.0,-0.0,30.0,9.756,8.78,8.78,16.0,1.0,0.0,30.0,6.804,6.804,6.804,0.0,0.0,-0.0,31.0
34.5283,1,fwd,90.0,11.9,-40.584,90.0,-41.256,68.0,9.0,3.413,32.0,-100.0,-100.0,-100.0,-8.0,0.0,-0.0,31.0,-100.0,-100.0,-100.0,-56.0,6.0,0.0,30.0,-46.8,-45.0,-45.0,-104.0,17.0,0.0,37.0,-96.401,-96.263,-96.263,-8.0,0.0,-0.0,30.0,9.756,8.78,8.78,16.0,1.0,0.0,30.0,6.804,6.804,6.804,0.0,0.0,-0.0,31.0
34.5813,1,fwd,90.0,11.9,-40.315,90.0,-41.043,68.0,9.0,4.412,32.0,-100.0,-100.0,-100.0,-8.0,0.0,-0.0,31.0,-100.0,-100.0,-100.0,-56.0,6.0,0.0,30.0,-46.8,-45.0,-45.0,-104.0,17.0,0.0,37.0,-96.401,-96.263,-96.263,-8.0,0.0,-0.0,30.0,9.756,8.78,8.78,16.0,1.0,0.0,30.0,6.804,6.804,6.804,0.0,0.0,-0.0,31.0
34.6342,1,fwd,90.0,11.9,-40.225,90.0,-40.832,68.0,9.0,3.171,32.0,-100.0,-100.0,-100.0,-8.0,0.0,-0.0,31.0,-100.0,-100.0,-100.0,-56.0,6.0,0.0,30.0,-46.8,-45.0,-45.0,-104.0,17.0,0.0,37.0,-96.401,-96.263,-96.263,-8.0,0.0,-0.0,30.0,9.756,8.78,8.78,16.0,1.0,0.0,30.0,6.804,6.804,6.804,0.0,0.0,-0.0,31.0
34.6872,1,fwd,90.0,11.9,-39.865,90.0,-40.618,68.0,9.0,4.997,32.0,-100.0,-100.0,-100.0,-8.0,0.0,-0.0,31.0,-100.0,-100.0,-100.0,-56.0,6.0,0.0,30.0,-46.8,-45.0,-45.0,-104.0,17.0,0.0,37.0,-96.401,-96.263,-96.263,-8.0,0.0,-0.0,30.0,9.756,8.78,8.78,16.0,1.0,0.0,30.0,6.804,6.804,6.804,0.0,0.0,-0.0,31.0
34.7407,1,fwd,90.0,11.9,-39.685,90.0,-40.406,68.0,9.0,3.872,32.0,-100.0,-100.0,-100.0,-8.0,0.0,-0.0,31.0,-100.0,-100.0,-100.0,-56.0,6.0,0.0,30.0,-46.8,-45.0,-45.0,-104.0,17.0,0.0,37.0,-96.401,-96.263,-96.263,-8.0,0.0,-0.0,30.0,9.756,8.78,8.78,16.0,1.0,0.0,30.0,6.804,6.804,6.804,0.0,0.0,-0.0,31.0
34.7941,1,fwd,90.0,11.9,-39.506,90.0,-40.192,68.0,9.0,3.624,32.0,-100.0,-100.0,-100.0,-8.0,0.0,-0.0,31.0,-100.0,-100.0,-100.0,-56.0,6.0,0.0,30.0,-46.8,-45.0,-45.0,-104.0,17.0,0.0,37.0,-96.401,-96.263,-96.263,-8.0,0.0,-0.0,30.0,9.756,8.78,8.78,16.0,1.0,0.0,30.0,6.804,6.804,6.804,0.0,0.0,-0.0,31.0
34.8466,1,fwd,90.0,11.9,-39.506,90.0,-39.96,60.0,7.0,3.624,32.0,-100.0,-100.0,-100.0,-8.0,0.0,-0.0,31.0,-100.0,-100.0,-100.0,-56.0,7.0,0.0,30.0,-46.8,-45.0,-45.0,-104.0,20.0,0.0,37.0,-96.401,-96.263,-96.263,-8.0,0.0,-0.0,30.0,9.756,8.78,8.78,16.0,0.0,0.0,30.0,6.804,6.804,6.804,0.0,0.0,-0.0,31.0
34.8994,1,fwd,90.0,11.9,-39.146,90.0,-39.847,60.0,7.0,4.419,32.0,-100.0,-100.0,-100.0,-8.0,0.0,-0.0,31.0,-100.0,-100.0,-100.0,-56.0,7.0,0.0,30.0,-46.8,-45.0,-45.0,-104.0,20.0,0.0,37.0,-96.401,-96.263,-96.263,-8.0,0.0,-0.0,30.0,9.756,8.78,8.78,16.0,0.0,0.0,30.0,6.804,6.804,6.804,0.0,0.0,-0.0,31.0
34.9529,1,fwd,90.0,11.9,-38.966,90.0,-39.624,60.0,7.0,3.83,32.0,-100.0,-100.0,-100.0,-8.0,0.0,-0.0,31.0,-100.0,-100.0,-100.0,-56.0,7.0,0.0,30.0,-46.8,-45.0,-45.0,-104.0,20.0,0.0,37.0,-96.401,-96.263,-96.263,-8.0,0.0,-0.0,30.0,9.756,8.78,8.78,16.0,0.0,0.0,30.0,6.804,6.804,6.804,0.0,0.0,-0.0,31.0
35.0063,1,fwd,90.0,11.9,-38.787,90.0,-39.41,60.0,7.0,3.596,32.0,-100.0,-100.0,-100.0,-8.0,0.0,-0.0,31.0,-100.0,-100.0,-100.0,-56.0,7.0,0.0,30.0,-46.8,-45.0,-45.0,-104.0,20.0,0.0,37.0,-96.401,-96.263,-96.263,-8.0,0.0,-0.0,30.0,9.756,8.78,8.78,16.0,0.0,0.0,30.0,6.804,6.804,6.804,0.0,0.0,-0.0,31.0
35.0588,1,fwd,90.0,11.9,-38.427,90.0,-39.197,60.0,7.0,5.182,32.0,-100.0,-100.0,-100.0,-8.0,0.0,-0.0,31.0,-100.0,-100.0,-100.0,-56.0,7.0,0.0,30.0,-46.8,-45.0,-45.0,-104.0,20.0,0.0,37.0,-96.401,-96.263,-96.263,-8.0,0.0,-0.0,30.0,9.756,8.78,8.78,16.0,0.0,0.0,30.0,6.804,6.804,6.804,0.0,0.0,-0.0,31.0
35.1122,1,fwd,90.0,11.9,-38.157,90.0,-38.984,60.0,7.0,4.971,32.0,-100.0,-100.0,-100.0,-8.0,0.0,-0.0,31.0,-100.0,-100.0,-100.0,-56.0,7.0,0.0,30.0,-46.8,-45.0,-45.0,-104.0,20.0,0.0,37.0,-96.401,-96.263,-96.263,-8.0,0.0,-0.0,30.0,9.756,8.78,8.78,16.0,0.0,0.0,30.0,6.804,6.804,6.804,0.0,0.0,-0.0,31.0
35.1653,1,fwd,90.0,11.9,-38.067,90.0,-38.77,60.0,7.0,3.146,32.0,-100.0,-100.0,-100.0,-8.0,0.0,-0.0,31.0,-100.0,-100.0,-100.0,-56.0,7.0,0.0,30.0,-46.8,-45.0,-45.0,-104.0,20.0,0.0,37.0,-96.401,-96.263,-96.263,-8.0,0.0,-0.0,30.0,9.756,8.78,8.78,16.0,0.0,0.0,30.0,6.804,6.804,6.804,0.0,0.0,-0.0,31.0
35.2175,1,fwd,90.0,11.9,-37.888,90.0,-38.558,60.0,7.0,2.963,32.0,-100.0,-100.0,-100.0,-8.0,0.0,-0.0,31.0,-100.0,-100.0,-100.0,-56.0,7.0,0.0,30.0,-46.8,-45.0,-45.0,-104.0,20.0,0.0,37.0,-96.401,-96.263,-96.263,-8.0,0.0,-0.0,30.0,9.756,8.78,8.78,16.0,0.0,0.0,30.0,6.804,6.804,6.804,0.0,0.0,-0.0,31.0
35.2706,1,fwd,90.0,11.9,-37.798,90.0,-38.346,60.0,7.0,2.168,32.0,-100.0,-100.0,-100.0,-8.0,0.0,-0.0,31.0,-100.0,-100.0,-100.0,-56.0,7.0,0.0,30.0,-46.8,-45.0,-45.0,-104.0,20.0,0.0,37.0,-96.401,-96.263,-96.263,-8.0,0.0,-0.0,30.0,9.756,8.78,8.78,16.0,0.0,0.0,30.0,6.804,6.804,6.804,0.0,0.0,-0.0,31.0
35.3226,1,fwd,90.0,11.9,-37.528,90.0,-38.132,60.0,7.0,3.795,32.0,-100.0,-100.0,-100.0,-8.0,0.0,-0.0,31.0,-100.0,-100.0,-100.0,-56.0,7.0,0.0,30.0,-46.8,-45.0,-45.0,-104.0,20.0,0.0,37.0,-96.401,-96.263,-96.263,-8.0,0.0,-0.0,30.0,9.756,8.78,8.78,16.0,0.0,0.0,30.0,6.804,6.804,6.804,0.0,0.0,-0.0,31.0
35.3759,1,fwd,90.0,11.9,-37.348,90.0,-37.92,60.0,7.0,3.28,32.0,-100.0,-100.0,-100.0,-8.0,0.0,-0.0,31.0,-100.0,-100.0,-100.0,-56.0,7.0,0.0,30.0,-46.8,-45.0,-45.0,-104.0,20.0,0.0,37.0,-96.401,-96.263,-96.263,-8.0,0.0,-0.0,30.0,9.756,8.78,8.78,16.0,0.0,0.0,30.0,6.804,6.804,6.804,0.0,0.0,-0.0,31.0
35.4294,1,fwd,90.0,11.9,-37.079,90.0,-37.676,56.0,5.0,3.625,32.0,-100.0,-100.0,-100.0,-8.0,0.0,-0.0,31.0,-100.0,-100.0,-100.0,-56.0,7.0,0.0,30.0,-46.8,-45.0,-45.0,-104.0,21.0,0.0,37.0,-96.401,-96.263,-96.263,-8.0,0.0,-0.0,30.0,9.756,8.78,8.78,16.0,0.0,0.0,30.0,6.804,6.804,6.804,0.0,0.0,-0.0,31.0
35.4814,1,fwd,90.0,11.9,-36.719,90.0,-37.462,56.0,5.0,5.535,32.0,-100.0,-100.0,-100.0,-8.0,0.0,-0.0,31.0,-100.0,-100.0,-100.0,-56.0,7.0,0.0,30.0,-46.8,-45.0,-45.0,-104.0,21.0,0.0,37.0,-96.401,-96.263,-96.263,-8.0,0.0,-0.0,30.0,9.756,8.78,8.78,16.0,0.0,0.0,30.0,6.804,6.804,6.804,0.0,0.0,-0.0,31.0
35.5344,1,fwd,90.0,11.9,-36.629,90.0,-37.25,56.0,5.0,3.427,32.0,-100.0,-100.0,-100.0,-8.0,0.0,-0.0,31.0,-100.0,-100.0,-100.0,-56.0,7.0,0.0,30.0,-46.8,-45.0,-45.0,-104.0,21.0,0.0,37.0,-96.401,-96.263,-96.263,-8.0,0.0,-0.0,30.0,9.756,8.78,8.78,16.0,0.0,0.0,30.0,6.804,6.804,6.804,0.0,0.0,-0.0,31.0
35.5864,1,fwd,90.0,11.9,-36.449,90.0,-37.037,56.0,5.0,3.408,32.0,-100.0,-100.0,-100.0,-8.0,0.0,-0.0,31.0,-100.0,-100.0,-100.0,-56.0,7.0,0.0,30.0,-46.8,-45.0,-45.0,-104.0,21.0,0.0,37.0,-96.401,-96.263,-96.263,-8.0,0.0,-0.0,30.0,9.756,8.78,8.78,16.0,0.0,0.0,30.0,6.804,6.804,6.804,0.0,0.0,-0.0,31.0
35.6385,1,fwd,90.0,11.9,-36.18,90.0,-36.825,56.0,5.0,4.412,32.0,-100.0,-100.0,-100.0,-8.0,0.0,-0.0,31.0,-100.0,-100.0,-100.0,-56.0,7.0,0.0,30.0,-46.8,-45.0,-45.0,-104.0,21.0,0.0,37.0,-96.401,-96.263,-96.263,-8.0,0.0,-0.0,30.0,9.756,8.78,8.78,16.0,0.0,0.0,30.0,6.804,6.804,6.804,0.0,0.0,-0.0,31.0
35.691,1,fwd,90.0,11.9,-36.0,90.0,-36.608,56.0,5.0,3.851,32.0,-100.0,-100.0,-100.0,-8.0,0.0,-0.0,31.0,-100.0,-100.0,-100.0,-56.0,7.0,0.0,30.0,-46.8,-45.0,-45.0,-104.0,21.0,0.0,37.0,-96.401,-96.263,-96.263,-8.0,0.0,-0.0,30.0,9.756,8.78,8.78,16.0,0.0,0.0,30.0,6.804,6.804,6.804,0.0,0.0,-0.0,31.0
35.7441,1,fwd,90.0,11.9,-35.73,90.0,-36.395,56.0,5.0,4.321,32.0,-100.0,-100.0,-100.0,-8.0,0.0,-0.0,31.0,-100.0,-100.0,-100.0,-56.0,7.0,0.0,30.0,-46.8,-45.0,-45.0,-104.0,21.0,0.0,37.0,-96.401,-96.263,-96.263,-8.0,0.0,-0.0,30.0,9.756,8.78,8.78,16.0,0.0,0.0,30.0,6.804,6.804,6.804,0.0,0.0,-0.0,31.0
35.7973,1,fwd,90.0,11.9,-35.551,90.0,-36.181,56.0,5.0,3.831,32.0,-100.0,-100.0,-100.0,-8.0,0.0,-0.0,31.0,-100.0,-100.0,-100.0,-56.0,7.0,0.0,30.0,-46.8,-45.0,-45.0,-104.0,21.0,0.0,37.0,-96.401,-96.263,-96.263,-8.0,0.0,-0.0,30.0,9.756,8.78,8.78,16.0,0.0,0.0,30.0,6.804,6.804,6.804,0.0,0.0,-0.0,31.0
35.8494,1,fwd,90.0,11.9,-35.371,90.0,-35.966,56.0,5.0,4.685,32.0,-100.0,-100.0,-100.0,-8.0,0.0,-0.0,31.0,-100.0,-100.0,-100.0,-56.0,7.0,0.0,30.0,-46.8,-45.0,-45.0,-104.0,21.0,0.0,37.0,-96.401,-96.263,-96.263,-8.0,0.0,-0.0,30.0,9.756,8.78,8.78,16.0,0.0,0.0,30.0,6.804,6.804,6.804,0.0,0.0,-0.0,31.0
35.9044,1,fwd,90.0,11.9,-35.191,90.0,-35.736,56.0,5.0,3.918,32.0,-100.0,-100.0,-100.0,-8.0,0.0,-0.0,31.0,-100.0,-100.0,-100.0,-56.0,7.0,0.0,30.0,-46.8,-45.0,-45.0,-104.0,21.0,0.0,37.0,-96.401,-96.263,-96.263,-8.0,0.0,-0.0,30.0,9.756,8.78,8.78,16.0,0.0,0.0,30.0,6.804,6.804,6.804,0.0,0.0,-0.0,31.0
35.9593,1,fwd,90.0,11.9,-35.011,90.0,-35.613,56.0,5.0,3.549,32.0,-100.0,-100.0,-100.0,-8.0,0.0,-0.0,31.0,-100.0,-100.0,-100.0,-56.0,7.0,0.0,30.0,-46.8,-45.0,-45.0,-104.0,21.0,0.0,37.0,-96.401,-96.263,-96.263,-8.0,0.0,-0.0,30.0,9.756,8.78,8.78,16.0,0.0,0.0,30.0,6.804,6.804,6.804,0.0,0.0,-0.0,31.0
36.0139,1,fwd,90.0,11.9,-34.831,90.0,-35.368,68.0,8.0,3.366,32.0,-100.0,-100.0,-100.0,-8.0,0.0,-0.0,31.0,-100.0,-100.0,-100.0,-56.0,6.0,0.0,30.0,-46.8,-45.0,-45.0,-104.0,16.0,0.0,37.0,-96.401,-96.263,-96.263,-8.0,0.0,-0.0,30.0,9.756,8.78,8.78,16.0,0.0,0.0,30.0,6.804,6.804,6.804,0.0,0.0,-0.0,31.0
36.068,1,fwd,90.0,11.9,-34.562,90.0,-35.156,68.0,8.0,4.387,32.0,-100.0,-100.0,-100.0,-8.0,0.0,-0.0,31.0,-100.0,-100.0,-100.0,-56.0,6.0,0.0,30.0,-46.8,-45.0,-45.0,-104.0,16.0,0.0,37.0,-96.401,-96.263,-96.263,-8.0,0.0,-0.0,30.0,9.756,8.78,8.78,16.0,0.0,0.0,30.0,6.804,6.804,6.804,0.0,0.0,-0.0,31.0
36.1214,1,fwd,90.0,11.9,-34.382,90.0,-34.943,68.0,8.0,3.866,32.0,-100.0,-100.0,-100.0,-8.0,0.0,-0.0,31.0,-100.0,-100.0,-100.0,-56.0,6.0,0.0,30.0,-46.8,-45.0,-45.0,-104.0,16.0,0.0,37.0,-96.401,-96.263,-96.263,-8.0,0.0,-0.0,30.0,9.756,8.78,8.78,16.0,0.0,0.0,30.0,6.804,6.804,6.804,0.0,0.0,-0.0,31.0
36.1762,1,fwd,90.0,11.9,-34.112,90.0,-34.728,68.0,8.0,4.311,32.0,-100.0,-100.0,-100.0,-8.0,0.0,-0.0,31.0,-100.0,-100.0,-100.0,-56.0,6.0,0.0,30.0,-46.8,-45.0,-45.0,-104.0,16.0,0.0,37.0,-96.401,-96.263,-96.263,-8.0,0.0,-0.0,30.0,9.756,8.78,8.78,16.0,0.0,0.0,30.0,6.804,6.804,6.804,0.0,0.0,-0.0,31.0
36.2311,1,fwd,90.0,11.9,-33.753,90.0,-34.511,68.0,8.0,5.172,32.0,-100.0,-100.0,-100.0,-8.0,0.0,-0.0,31.0,-100.0,-100.0,-100.0,-56.0,6.0,0.0,30.0,-46.8,-45.0,-45.0,-104.0,16.0,0.0,37.0,-96.401,-96.263,-96.263,-8.0,0.0,-0.0,30.0,9.756,8.78,8.78,16.0,0.0,0.0,30.0,6.804,6.804,6.804,0.0,0.0,-0.0,31.0
36.2865,1,fwd,90.0,11.9,-33.663,90.0,-34.285,68.0,8.0,3.535,32.0,-100.0,-100.0,-100.0,-8.0,0.0,-0.0,31.0,-100.0,-100.0,-100.0,-56.0,6.0,0.0,30.0,-46.8,-45.0,-45.0,-104.0,16.0,0.0,37.0,-96.401,-96.263,-96.263,-8.0,0.0,-0.0,30.0,9.756,8.78,8.78,16.0,0.0,0.0,30.0,6.804,6.804,6.804,0.0,0.0,-0.0,31.0
36.3412,1,fwd,90.0,11.9,-33.483,90.0,-34.069,68.0,8.0,3.437,32.0,-100.0,-100.0,-100.0,-8.0,0.0,-0.0,31.0,-100.0,-100.0,-100.0,-56.0,6.0,0.0,30.0,-46.8,-45.0,-45.0,-104.0,16.0,0.0,37.0,-96.401,-96.263,-96.263,-8.0,0.0,-0.0,30.0,9.756,8.78,8.78,16.0,0.0,0.0,30.0,6.804,6.804,6.804,0.0,0.0,-0.0,31.0
36.3934,1,fwd,90.0,11.9,-33.303,90.0,-33.855,68.0,8.0,3.089,32.0,-100.0,-100.0,-100.0,-8.0,0.0,-0.0,31.0,-100.0,-100.0,-100.0,-56.0,6.0,0.0,30.0,-46.8,-45.0,-45.0,-104.0,16.0,0.0,37.0,-96.401,-96.263,-96.263,-8.0,0.0,-0.0,30.0,9.756,8.78,8.78,16.0,0.0,0.0,30.0,6.804,6.804,6.804,0.0,0.0,-0.0,31.0
36.4482,1,fwd,90.0,11.9,-33.124,90.0,-33.641,68.0,8.0,2.922,32.0,-100.0,-100.0,-100.0,-8.0,0.0,-0.0,31.0,-100.0,-100.0,-100.0,-56.0,6.0,0.0,30.0,-46.8,-45.0,-45.0,-104.0,16.0,0.0,37.0,-96.401,-96.263,-96.263,-8.0,0.0,-0.0,30.0,9.756,8.78,8.78,16.0,0.0,0.0,30.0,6.804,6.804,6.804,0.0,0.0,-0.0,31.0
36.501,1,fwd,90.0,11.9,-32.854,90.0,-33.428,68.0,8.0,4.155,32.0,-100.0,-100.0,-100.0,-8.0,0.0,-0.0,31.0,-100.0,-100.0,-100.0,-56.0,6.0,0.0,30.0,-46.8,-45.0,-45.0,-104.0,16.0,0.0,37.0,-96.401,-96.263,-96.263,-8.0,0.0,-0.0,30.0,9.756,8.78,8.78,16.0,0.0,0.0,30.0,6.804,6.804,6.804,0.0,0.0,-0.0,31.0
36.5543,1,fwd,90.0,11.9,-32.674,90.0,-33.322,68.0,8.0,4.936,32.0,-100.0,-100.0,-100.0,0.0,0.0,-0.0,31.0,-100.0,-100.0,-100.0,-56.0,6.0,0.0,30.0,-46.8,-45.0,-45.0,-104.0,21.0,0.0,37.0,-96.401,-96.263,-96.263,-8.0,0.0,-0.0,30.0,9.756,8.78,8.78,16.0,0.0,0.0,30.0,6.804,6.804,6.804,0.0,0.0,-0.0,31.0
36.6065,1,fwd,90.0,11.9,-32.404,90.0,-32.988,68.0,8.0,3.417,32.0,-100.0,-100.0,-100.0,0.0,0.0,-0.0,31.0,-100.0,-100.0,-100.0,-56.0,6.0,0.0,30.0,-46.8,-45.0,-45.0,-104.0,21.0,0.0,37.0,-96.401,-96.263,-96.263,-8.0,0.0,-0.0,30.0,9.756,8.78,8.78,16.0,0.0,0.0,30.0,6.804,6.804,6.804,0.0,0.0,-0.0,31.0
36.6587,1,fwd,90.0,11.9,-32.225,90.0,-32.774,68.0,8.0,3.394,32.0,-100.0,-100.0,-100.0,0.0,0.0,-0.0,31.0,-100.0,-100.0,-100.0,-56.0,6.0,0.0,30.0,-46.8,-45.0,-45.0,-104.0,21.0,0.0,37.0,-96.401,-96.263,-96.263,-8.0,0.0,-0.0,30.0,9.756,8.78,8.78,16.0,0.0,0.0,30.0,6.804,6.804,6.804,0.0,0.0,-0.0,31.0
36.7118,1,fwd,90.0,11.9,-32.135,90.0,-32.561,68.0,8.0,2.372,32.0,-100.0,-100.0,-100.0,0.0,0.0,-0.0,31.0,-100.0,-100.0,-100.0,-56.0,6.0,0.0,30.0,-46.8,-45.0,-45.0,-104.0,21.0,0.0,37.0,-96.401,-96.263,-96.263,-8.0,0.0,-0.0,30.0,9.756,8.78,8.78,16.0,0.0,0.0,30.0,6.804,6.804,6.804,0.0,0.0,-0.0,31.0
36.7651,1,fwd,90.0,11.9,-31.865,90.0,-32.347,68.0,8.0,3.581,32.0,-100.0,-100.0,-100.0,0.0,0.0,-0.0,31.0,-100.0,-100.0,-100.0,-56.0,6.0,0.0,30.0,-46.8,-45.0,-45.0,-104.0,21.0,0.0,37.0,-96.401,-96.263,-96.263,-8.0,0.0,-0.0,30.0,9.756,8.78,8.78,16.0,0.0,0.0,30.0,6.804,6.804,6.804,0.0,0.0,-0.0,31.0
36.8183,1,fwd,90.0,11.9,-31.596,90.0,-32.133,68.0,8.0,4.178,32.0,-100.0,-100.0,-100.0,0.0,0.0,-0.0,31.0,-100.0,-100.0,-100.0,-56.0,6.0,0.0,30.0,-46.8,-45.0,-45.0,-104.0,21.0,0.0,37.0,-96.401,-96.263,-96.263,-8.0,0.0,-0.0,30.0,9.756,8.78,8.78,16.0,0.0,0.0,30.0,6.804,6.804,6.804,0.0,0.0,-0.0,31.0
36.8706,1,fwd,90.0,11.9,-31.326,90.0,-31.92,68.0,8.0,4.769,32.0,-100.0,-100.0,-100.0,0.0,0.0,-0.0,31.0,-100.0,-100.0,-100.0,-56.0,6.0,0.0,30.0,-46.8,-45.0,-45.0,-104.0,21.0,0.0,37.0,-96.401,-96.263,-96.263,-8.0,0.0,-0.0,30.0,9.756,8.78,8.78,16.0,0.0,0.0,30.0,6.804,6.804,6.804,0.0,0.0,-0.0,31.0
36.9228,1,fwd,90.0,11.9,-30.966,90.0,-31.705,68.0,8.0,6.088,32.0,-100.0,-100.0,-100.0,0.0,0.0,-0.0,31.0,-100.0,-100.0,-100.0,-56.0,6.0,0.0,30.0,-46.8,-45.0,-45.0,-104.0,21.0,0.0,37.0,-96.401,-96.263,-96.263,-8.0,0.0,-0.0,30.0,9.756,8.78,8.78,16.0,0.0,0.0,30.0,6.804,6.804,6.804,0.0,0.0,-0.0,31.0
36.9762,1,fwd,90.0,11.9,-30.876,90.0,-31.49,68.0,8.0,3.679,32.0,-100.0,-100.0,-100.0,0.0,0.0,-0.0,31.0,-100.0,-100.0,-100.0,-56.0,6.0,0.0,30.0,-46.8,-45.0,-45.0,-104.0,21.0,0.0,37.0,-96.401,-96.263,-96.263,-8.0,0.0,-0.0,30.0,9.756,8.78,8.78,16.0,0.0,0.0,30.0,6.804,6.804,6.804,0.0,0.0,-0.0,31.0
37.0288,1,fwd,90.0,11.9,-30.787,90.0,-31.277,68.0,8.0,2.511,32.0,-100.0,-100.0,-100.0,0.0,0.0,-0.0,31.0,-100.0,-100.0,-100.0,-56.0,6.0,0.0,30.0,-46.8,-45.0,-45.0,-104.0,21.0,0.0,37.0,-96.401,-96.263,-96.263,-8.0,0.0,-0.0,30.0,9.756,8.78,8.78,16.0,0.0,0.0,30.0,6.804,6.804,6.804,0.0,0.0,-0.0,31.0
37.0823,1,fwd,90.0,11.9,-30.607,90.0,-31.063,68.0,8.0,2.944,32.0,-100.0,-100.0,-100.0,0.0,0.0,-0.0,31.0,-100.0,-100.0,-100.0,-56.0,6.0,0.0,30.0,-46.8,-45.0,-45.0,-104.0,21.0,0.0,37.0,-96.401,-96.263,-96.263,-8.0,0.0,-0.0,30.0,9.756,8.78,8.78,16.0,0.0,0.0,30.0,6.804,6.804,6.804,0.0,0.0,-0.0,31.0
37.1361,1,fwd,90.0,11.9,-30.607,90.0,-30.82,48.0,4.0,2.944,32.0,-100.0,-100.0,-100.0,-8.0,0.0,-0.0,31.0,-100.0,-100.0,-100.0,-56.0,5.0,0.0,30.0,-46.8,-45.0,-45.0,-104.0,16.0,0.0,37.0,-96.401,-96.263,-96.263,-8.0,0.0,-0.0,30.0,9.756,8.78,8.78,16.0,0.0,0.0,30.0,6.804,6.804,6.804,0.0,0.0,-0.0,31.0
37.1887,1,fwd,90.0,11.9,-30.247,90.0,-30.594,48.0,4.0,4.057,32.0,-100.0,-100.0,-100.0,-8.0,0.0,-0.0,31.0,-100.0,-100.0,-100.0,-56.0,5.0,0.0,30.0,-46.8,-45.0,-45.0,-104.0,16.0,0.0,37.0,-96.401,-96.263,-96.263,-8.0,0.0,-0.0,30.0,9.756,8.78,8.78,16.0,0.0,0.0,30.0,6.804,6.804,6.804,0.0,0.0,-0.0,31.0
37.2415,1,fwd,90.0,11.9,-30.067,90.0,-30.476,48.0,4.0,3.644,32.0,-100.0,-100.0,-100.0,-8.0,0.0,-0.0,31.0,-100.0,-100.0,-100.0,-56.0,5.0,0.0,30.0,-46.8,-45.0,-45.0,-104.0,16.0,0.0,37.0,-96.401,-96.263,-96.263,-8.0,0.0,-0.0,30.0,9.756,8.78,8.78,16.0,0.0,0.0,30.0,6.804,6.804,6.804,0.0,0.0,-0.0,31.0
37.2957,1,fwd,90.0,11.9,-29.618,90.0,-30.252,48.0,4.0,5.701,32.0,-100.0,-100.0,-100.0,-8.0,0.0,-0.0,31.0,-100.0,-100.0,-100.0,-56.0,5.0,0.0,30.0,-46.8,-45.0,-45.0,-104.0,16.0,0.0,37.0,-96.401,-96.263,-96.263,-8.0,0.0,-0.0,30.0,9.756,8.78,8.78,16.0,0.0,0.0,30.0,6.804,6.804,6.804,0.0,0.0,-0.0,31.0
37.3489,1,fwd,90.0,11.9,-29.438,90.0,-30.037,48.0,4.0,4.207,32.0,-100.0,-100.0,-100.0,-8.0,0.0,-0.0,31.0,-100.0,-100.0,-100.0,-56.0,5.0,0.0,30.0,-46.8,-45.0,-45.0,-104.0,16.0,0.0,37.0,-96.401,-96.263,-96.263,-8.0,0.0,-0.0,30.0,9.756,8.78,8.78,16.0,0.0,0.0,30.0,6.804,6.804,6.804,0.0,0.0,-0.0,31.0
37.4014,1,fwd,90.0,11.9,-29.258,90.0,-29.823,48.0,4.0,3.772,32.0,-100.0,-100.0,-100.0,-8.0,0.0,-0.0,31.0,-100.0,-100.0,-100.0,-56.0,5.0,0.0,30.0,-46.8,-45.0,-45.0,-104.0,16.0,0.0,37.0,-96.401,-96.263,-96.263,-8.0,0.0,-0.0,30.0,9.756,8.78,8.78,16.0,0.0,0.0,30.0,6.804,6.804,6.804,0.0,0.0,-0.0,31.0
37.4535,1,fwd,90.0,11.9,-29.079,90.0,-29.609,48.0,4.0,3.882,32.0,-100.0,-100.0,-100.0,-8.0,0.0,-0.0,31.0,-100.0,-100.0,-100.0,-56.0,5.0,0.0,30.0,-46.8,-45.0,-45.0,-104.0,16.0,0.0,37.0,-96.401,-96.263,-96.263,-8.0,0.0,-0.0,30.0,9.756,8.78,8.78,16.0,0.0,0.0,30.0,6.804,6.804,6.804,0.0,0.0,-0.0,31.0
37.5057,1,fwd,90.0,11.9,-28.989,90.0,-29.395,48.0,4.0,2.607,32.0,-100.0,-100.0,-100.0,-8.0,0.0,-0.0,31.0,-100.0,-100.0,-100.0,-56.0,5.0,0.0,30.0,-46.8,-45.0,-45.0,-104.0,16.0,0.0,37.0,-96.401,-96.263,-96.263,-8.0,0.0,-0.0,30.0,9.756,8.78,8.78,16.0,0.0,0.0,30.0,6.804,6.804,6.804,0.0,0.0,-0.0,31.0
37.5588,1,fwd,90.0,11.9,-28.719,90.0,-29.182,48.0,4.0,3.695,32.0,-100.0,-100.0,-100.0,-8.0,0.0,-0.0,31.0,-100.0,-100.0,-100.0,-56.0,5.0,0.0,30.0,-46.8,-45.0,-45.0,-104.0,16.0,0.0,37.0,-96.401,-96.263,-96.263,-8.0,0.0,-0.0,30.0,9.756,8.78,8.78,16.0,0.0,0.0,30.0,6.804,6.804,6.804,0.0,0.0,-0.0,31.0
37.6123,1,fwd,90.0,11.9,-28.449,90.0,-28.968,48.0,4.0,4.521,32.0,-100.0,-100.0,-100.0,-8.0,0.0,-0.0,31.0,-100.0,-100.0,-100.0,-56.0,5.0,0.0,30.0,-46.8,-45.0,-45.0,-104.0,16.0,0.0,37.0,-96.401,-96.263,-96.263,-8.0,0.0,-0.0,30.0,9.756,8.78,8.78,16.0,0.0,0.0,30.0,6.804,6.804,6.804,0.0,0.0,-0.0,31.0
37.6646,1,fwd,90.0,11.9,-28.27,90.0,-28.753,48.0,4.0,3.937,32.0,-100.0,-100.0,-100.0,-8.0,0.0,-0.0,31.0,-100.0,-100.0,-100.0,-56.0,5.0,0.0,30.0,-46.8,-45.0,-45.0,-104.0,16.0,0.0,37.0,-96.401,-96.263,-96.263,-8.0,0.0,-0.0,30.0,9.756,8.78,8.78,16.0,0.0,0.0,30.0,6.804,6.804,6.804,0.0,0.0,-0.0,31.0
37.7178,1,fwd,90.0,11.9,-28.0,90.0,-28.511,52.0,5.0,4.088,32.0,-100.0,-100.0,-100.0,-8.0,0.0,-0.0,31.0,-100.0,-100.0,-100.0,-56.0,5.0,0.0,30.0,-46.8,-45.0,-45.0,-104.0,17.0,0.0,37.0,-96.401,-96.263,-96.263,-8.0,0.0,-0.0,30.0,9.756,8.78,8.78,16.0,0.0,0.0,30.0,6.804,6.804,6.804,0.0,0.0,-0.0,31.0
37.7711,1,fwd,90.0,11.9,-27.82,90.0,-28.297,52.0,5.0,4.028,32.0,-100.0,-100.0,-100.0,-8.0,0.0,-0.0,31.0,-100.0,-100.0,-100.0,-56.0,5.0,0.0,30.0,-46.8,-45.0,-45.0,-104.0,17.0,0.0,37.0,-96.401,-96.263,-96.263,-8.0,0.0,-0.0,30.0,9.756,8.78,8.78,16.0,0.0,0.0,30.0,6.804,6.804,6.804,0.0,0.0,-0.0,31.0
37.8243,1,fwd,90.0,11.9,-27.73,90.0,-28.084,52.0,5.0,2.978,32.0,-100.0,-100.0,-100.0,-8.0,0.0,-0.0,31.0,-100.0,-100.0,-100.0,-56.0,5.0,0.0,30.0,-46.8,-45.0,-45.0,-104.0,17.0,0.0,37.0,-96.401,-96.263,-96.263,-8.0,0.0,-0.0,30.0,9.756,8.78,8.78,16.0,0.0,0.0,30.0,6.804,6.804,6.804,0.0,0.0,-0.0,31.0
37.8774,1,fwd,90.0,11.9,-27.551,90.0,-27.87,52.0,5.0,2.872,32.0,-100.0,-100.0,-100.0,-8.0,0.0,-0.0,31.0,-100.0,-100.0,-100.0,-56.0,5.0,0.0,30.0,-46.8,-45.0,-45.0,-104.0,17.0,0.0,37.0,-96.401,-96.263,-96.263,-8.0,0.0,-0.0,30.0,9.756,8.78,8.78,16.0,0.0,0.0,30.0,6.804,6.804,6.804,0.0,0.0,-0.0,31.0
37.9295,1,fwd,90.0,11.9,-27.281,90.0,-27.655,52.0,5.0,3.52,32.0,-100.0,-100.0,-100.0,-8.0,0.0,-0.0,31.0,-100.0,-100.0,-100.0,-56.0,5.0,0.0,30.0,-46.8,-45.0,-45.0,-104.0,17.0,0.0,37.0,-96.401,-96.263,-96.263,-8.0,0.0,-0.0,30.0,9.756,8.78,8.78,16.0,0.0,0.0,30.0,6.804,6.804,6.804,0.0,0.0,-0.0,31.0
37.9828,1,fwd,90.0,11.9,-27.011,90.0,-27.442,52.0,5.0,4.462,32.0,-100.0,-100.0,-100.0,-8.0,0.0,-0.0,31.0,-100.0,-100.0,-100.0,-56.0,5.0,0.0,30.0,-46.8,-45.0,-45.0,-104.0,17.0,0.0,37.0,-96.401,-96.263,-96.263,-8.0,0.0,-0.0,30.0,9.756,8.78,8.78,16.0,0.0,0.0,30.0,6.804,6.804,6.804,0.0,0.0,-0.0,31.0
38.0363,1,fwd,90.0,11.9,-26.562,90.0,-27.229,52.0,5.0,6.321,32.0,-100.0,-100.0,-100.0,-8.0,0.0,-0.0,31.0,-100.0,-100.0,-100.0,-56.0,5.0,0.0,30.0,-46.8,-45.0,-45.0,-104.0,17.0,0.0,37.0,-96.401,-96.263,-96.263,-8.0,0.0,-0.0,30.0,9.756,8.78,8.78,16.0,0.0,0.0,30.0,6.804,6.804,6.804,0.0,0.0,-0.0,31.0
38.0884,1,fwd,90.0,11.9,-26.472,90.0,-27.016,52.0,5.0,4.098,32.0,-100.0,-100.0,-100.0,-8.0,0.0,-0.0,31.0,-100.0,-100.0,-100.0,-56.0,5.0,0.0,30.0,-46.8,-45.0,-45.0,-104.0,17.0,0.0,37.0,-96.401,-96.263,-96.263,-8.0,0.0,-0.0,30.0,9.756,8.78,8.78,16.0,0.0,0.0,30.0,6.804,6.804,6.804,0.0,0.0,-0.0,31.0
38.1406,1,fwd,90.0,11.9,-26.472,90.0,-26.801,52.0,5.0,2.869,32.0,-100.0,-100.0,-100.0,-8.0,0.0,-0.0,31.0,-100.0,-100.0,-100.0,-56.0,5.0,0.0,30.0,-46.8,-45.0,-45.0,-104.0,17.0,0.0,37.0,-96.401,-96.263,-96.263,-8.0,0.0,-0.0,30.0,9.756,8.78,8.78,16.0,0.0,0.0,30.0,6.804,6.804,6.804,0.0,0.0,-0.0,31.0
38.1939,1,fwd,90.0,11.9,-26.292,90.0,-26.576,52.0,5.0,3.053,32.0,-100.0,-100.0,-100.0,-8.0,0.0,-0.0,31.0,-100.0,-100.0,-100.0,-56.0,5.0,0.0,30.0,-46.8,-45.0,-45.0,-104.0,17.0,0.0,37.0,-96.401,-96.263,-96.263,-8.0,0.0,-0.0,30.0,9.756,8.78,8.78,16.0,0.0,0.0,30.0,6.804,6.804,6.804,0.0,0.0,-0.0,31.0
38.2465,1,fwd,90.0,11.9,-26.112,90.0,-26.458,52.0,5.0,2.774,32.0,-100.0,-100.0,-100.0,-8.0,0.0,-0.0,31.0,-100.0,-100.0,-100.0,-56.0,5.0,0.0,30.0,-46.8,-45.0,-45.0,-104.0,17.0,0.0,37.0,-96.401,-96.263,-96.263,-8.0,0.0,-0.0,30.0,9.756,8.78,8.78,16.0,0.0,0.0,30.0,6.804,6.804,6.804,0.0,0.0,-0.0,31.0
38.3008,1,fwd,90.0,11.9,-25.843,90.0,-26.217,52.0,5.0,3.287,32.0,-100.0,-100.0,-100.0,-8.0,0.0,-0.0,31.0,-100.0,-100.0,-100.0,-48.0,4.0,0.0,30.0,-46.8,-45.0,-45.0,-104.0,16.0,0.0,37.0,-96.401,-96.263,-96.263,-8.0,0.0,-0.0,30.0,9.756,8.78,8.78,16.0,0.0,0.0,30.0,6.804,6.804,6.804,0.0,0.0,-0.0,31.0
38.3542,1,fwd,90.0,11.9,-25.573,90.0,-26.004,52.0,5.0,4.341,32.0,-100.0,-100.0,-100.0,-8.0,0.0,-0.0,31.0,-100.0,-100.0,-100.0,-48.0,4.0,0.0,30.0,-46.8,-45.0,-45.0,-104.0,16.0,0.0,37.0,-96.401,-96.263,-96.263,-8.0,0.0,-0.0,30.0,9.756,8.78,8.78,16.0,0.0,0.0,30.0,6.804,6.804,6.804,0.0,0.0,-0.0,31.0
38.4067,1,fwd,90.0,11.9,-25.213,90.0,-25.79,52.0,5.0,5.56,32.0,-100.0,-100.0,-100.0,-8.0,0.0,-0.0,31.0,-100.0,-100.0,-100.0,-48.0,4.0,0.0,30.0,-46.8,-45.0,-45.0,-104.0,16.0,0.0,37.0,-96.401,-96.263,-96.263,-8.0,0.0,-0.0,30.0,9.756,8.78,8.78,16.0,0.0,0.0,30.0,6.804,6.804,6.804,0.0,0.0,-0.0,31.0
38.4601,1,fwd,90.0,11.9,-25.034,90.0,-25.578,52.0,5.0,4.452,32.0,-100.0,-100.0,-100.0,-8.0,0.0,-0.0,31.0,-100.0,-100.0,-100.0,-48.0,4.0,0.0,30.0,-46.8,-45.0,-45.0,-104.0,16.0,0.0,37.0,-96.401,-96.263,-96.263,-8.0,0.0,-0.0,30.0,9.756,8.78,8.78,16.0,0.0,0.0,30.0,6.804,6.804,6.804,0.0,0.0,-0.0,31.0
38.5128,1,fwd,90.0,11.9,-24.854,90.0,-25.365,52.0,5.0,4.186,32.0,-100.0,-100.0,-100.0,-8.0,0.0,-0.0,31.0,-100.0,-100.0,-100.0,-48.0,4.0,0.0,30.0,-46.8,-45.0,-45.0,-104.0,16.0,0.0,37.0,-96.401,-96.263,-96.263,-8.0,0.0,-0.0,30.0,9.756,8.78,8.78,16.0,0.0,0.0,30.0,6.804,6.804,6.804,0.0,0.0,-0.0,31.0
38.566,1,fwd,90.0,11.9,-24.674,90.0,-25.151,52.0,5.0,3.766,32.0,-100.0,-100.0,-100.0,-8.0,0.0,-0.0,31.0,-100.0,-100.0,-100.0,-48.0,4.0,0.0,30.0,-46.8,-45.0,-45.0,-104.0,16.0,0.0,37.0,-96.401,-96.263,-96.263,-8.0,0.0,-0.0,30.0,9.756,8.78,8.78,16.0,0.0,0.0,30.0,6.804,6.804,6.804,0.0,0.0,-0.0,31.0
38.6185,1,fwd,90.0,11.9,-24.584,90.0,-24.936,52.0,5.0,2.866,32.0,-100.0,-100.0,-100.0,-8.0,0.0,-0.0,31.0,-100.0,-100.0,-100.0,-48.0,4.0,0.0,30.0,-46.8,-45.0,-45.0,-104.0,16.0,0.0,37.0,-96.401,-96.263,-96.263,-8.0,0.0,-0.0,30.0,9.756,8.78,8.78,16.0,0.0,0.0,30.0,6.804,6.804,6.804,0.0,0.0,-0.0,31.0
38.6718,1,fwd,90.0,11.9,-24.315,90.0,-24.725,52.0,5.0,3.841,32.0,-100.0,-100.0,-100.0,-8.0,0.0,-0.0,31.0,-100.0,-100.0,-100.0,-48.0,4.0,0.0,30.0,-46.8,-45.0,-45.0,-104.0,16.0,0.0,37.0,-96.401,-96.263,-96.263,-8.0,0.0,-0.0,30.0,9.756,8.78,8.78,16.0,0.0,0.0,30.0,6.804,6.804,6.804,0.0,0.0,-0.0,31.0
38.725,1,fwd,90.0,11.9,-24.045,90.0,-24.511,52.0,5.0,4.602,32.0,-100.0,-100.0,-100.0,-8.0,0.0,-0.0,31.0,-100.0,-100.0,-100.0,-48.0,4.0,0.0,30.0,-46.8,-45.0,-45.0,-104.0,16.0,0.0,37.0,-96.401,-96.263,-96.263,-8.0,0.0,-0.0,30.0,9.756,8.78,8.78,16.0,0.0,0.0,30.0,6.804,6.804,6.804,0.0,0.0,-0.0,31.0
38.7781,1,fwd,90.0,11.9,-23.775,90.0,-24.297,52.0,5.0,4.999,32.0,-100.0,-100.0,-100.0,-8.0,0.0,-0.0,31.0,-100.0,-100.0,-100.0,-48.0,4.0,0.0,30.0,-46.8,-45.0,-45.0,-104.0,16.0,0.0,37.0,-96.401,-96.263,-96.263,-8.0,0.0,-0.0,30.0,9.756,8.78,8.78,16.0,0.0,0.0,30.0,6.804,6.804,6.804,0.0,0.0,-0.0,31.0
38.8306,1,fwd,90.0,11.9,-23.685,90.0,-24.191,60.0,4.0,4.514,32.0,-100.0,-100.0,-100.0,-8.0,0.0,-0.0,31.0,-100.0,-100.0,-100.0,-48.0,4.0,0.0,30.0,-46.8,-45.0,-45.0,-104.0,16.0,0.0,37.0,-96.401,-96.263,-96.263,-8.0,0.0,-0.0,30.0,9.756,8.78,8.78,16.0,1.0,0.0,30.0,6.804,6.804,6.804,0.0,0.0,-0.0,31.0
38.8837,1,fwd,90.0,11.9,-23.596,90.0,-23.858,60.0,4.0,2.545,32.0,-100.0,-100.0,-100.0,-8.0,0.0,-0.0,31.0,-100.0,-100.0,-100.0,-48.0,4.0,0.0,30.0,-46.8,-45.0,-45.0,-104.0,16.0,0.0,37.0,-96.401,-96.263,-96.263,-8.0,0.0,-0.0,30.0,9.756,8.78,8.78,16.0,1.0,0.0,30.0,6.804,6.804,6.804,0.0,0.0,-0.0,31.0
38.9368,1,fwd,90.0,11.9,-23.326,90.0,-23.643,60.0,4.0,3.965,32.0,-100.0,-100.0,-100.0,-8.0,0.0,-0.0,31.0,-100.0,-100.0,-100.0,-48.0,4.0,0.0,30.0,-46.8,-45.0,-45.0,-104.0,16.0,0.0,37.0,-96.401,-96.263,-96.263,-8.0,0.0,-0.0,30.0,9.756,8.78,8.78,16.0,1.0,0.0,30.0,6.804,6.804,6.804,0.0,0.0,-0.0,31.0
38.9901,1,fwd,90.0,11.9,-23.146,90.0,-23.43,60.0,4.0,3.663,32.0,-100.0,-100.0,-100.0,-8.0,0.0,-0.0,31.0,-100.0,-100.0,-100.0,-48.0,4.0,0.0,30.0,-46.8,-45.0,-45.0,-104.0,16.0,0.0,37.0,-96.401,-96.263,-96.263,-8.0,0.0,-0.0,30.0,9.756,8.78,8.78,16.0,1.0,0.0,30.0,6.804,6.804,6.804,0.0,0.0,-0.0,31.0
39.0426,1,fwd,90.0,11.9,-22.876,90.0,-23.217,60.0,4.0,4.225,32.0,-100.0,-100.0,-100.0,-8.0,0.0,-0.0,31.0,-100.0,-100.0,-100.0,-48.0,4.0,0.0,30.0,-46.8,-45.0,-45.0,-104.0,16.0,0.0,37.0,-96.401,-96.263,-96.263,-8.0,0.0,-0.0,30.0,9.756,8.78,8.78,16.0,1.0,0.0,30.0,6.804,6.804,6.804,0.0,0.0,-0.0,31.0
39.096,1,fwd,90.0,11.9,-22.517,90.0,-23.002,60.0,4.0,5.813,32.0,-100.0,-100.0,-100.0,-8.0,0.0,-0.0,31.0,-100.0,-100.0,-100.0,-48.0,4.0,0.0,30.0,-46.8,-45.0,-45.0,-104.0,16.0,0.0,37.0,-96.401,-96.263,-96.263,-8.0,0.0,-0.0,30.0,9.756,8.78,8.78,16.0,1.0,0.0,30.0,6.804,6.804,6.804,0.0,0.0,-0.0,31.0
39.1484,1,fwd,90.0,11.9,-22.247,90.0,-22.788,60.0,4.0,5.868,32.0,-100.0,-100.0,-100.0,-8.0,0.0,-0.0,31.0,-100.0,-100.0,-100.0,-48.0,4.0,0.0,30.0,-46.8,-45.0,-45.0,-104.0,16.0,0.0,37.0,-96.401,-96.263,-96.263,-8.0,0.0,-0.0,30.0,9.756,8.78,8.78,16.0,1.0,0.0,30.0,6.804,6.804,6.804,0.0,0.0,-0.0,31.0
39.2007,1,fwd,90.0,11.9,-22.157,90.0,-22.575,60.0,4.0,3.583,32.0,-100.0,-100.0,-100.0,-8.0,0.0,-0.0,31.0,-100.0,-100.0,-100.0,-48.0,4.0,0.0,30.0,-46.8,-45.0,-45.0,-104.0,16.0,0.0,37.0,-96.401,-96.263,-96.263,-8.0,0.0,-0.0,30.0,9.756,8.78,8.78,16.0,1.0,0.0,30.0,6.804,6.804,6.804,0.0,0.0,-0.0,31.0
39.2541,1,fwd,90.0,11.9,-21.978,90.0,-22.362,60.0,4.0,3.464,32.0,-100.0,-100.0,-100.0,-8.0,0.0,-0.0,31.0,-100.0,-100.0,-100.0,-48.0,4.0,0.0,30.0,-46.8,-45.0,-45.0,-104.0,16.0,0.0,37.0,-96.401,-96.263,-96.263,-8.0,0.0,-0.0,30.0,9.756,8.78,8.78,16.0,1.0,0.0,30.0,6.804,6.804,6.804,0.0,0.0,-0.0,31.0
39.3077,1,fwd,90.0,11.9,-21.798,90.0,-22.148,60.0,4.0,3.415,32.0,-100.0,-100.0,-100.0,-8.0,0.0,-0.0,31.0,-100.0,-100.0,-100.0,-48.0,4.0,0.0,30.0,-46.8,-45.0,-45.0,-104.0,16.0,0.0,37.0,-96.401,-96.263,-96.263,-8.0,0.0,-0.0,30.0,9.756,8.78,8.78,16.0,1.0,0.0,30.0,6.804,6.804,6.804,0.0,0.0,-0.0,31.0
39.3613,1,fwd,90.0,11.9,-21.618,90.0,-21.932,60.0,4.0,3.389,32.0,-100.0,-100.0,-100.0,-8.0,0.0,-0.0,31.0,-100.0,-100.0,-100.0,-48.0,4.0,0.0,30.0,-46.8,-45.0,-45.0,-104.0,16.0,0.0,37.0,-96.401,-96.263,-96.263,-8.0,0.0,-0.0,30.0,9.756,8.78,8.78,16.0,1.0,0.0,30.0,6.804,6.804,6.804,0.0,0.0,-0.0,31.0
39.4149,1,fwd,90.0,11.9,-21.618,90.0,-21.695,44.0,2.0,3.389,32.0,-100.0,-100.0,-100.0,-8.0,0.0,-0.0,31.0,-100.0,-100.0,-100.0,-48.0,4.0,0.0,30.0,-46.8,-45.0,-45.0,-104.0,16.0,0.0,37.0,-96.401,-96.263,-96.263,-8.0,0.0,-0.0,30.0,9.756,8.78,8.78,16.0,0.0,0.0,30.0,6.804,6.804,6.804,0.0,0.0,-0.0,31.0
39.4676,1,fwd,90.0,11.9,-21.348,90.0,-21.576,44.0,2.0,2.565,32.0,-100.0,-100.0,-100.0,-8.0,0.0,-0.0,31.0,-100.0,-100.0,-100.0,-48.0,4.0,0.0,30.0,-46.8,-45.0,-45.0,-104.0,16.0,0.0,37.0,-96.401,-96.263,-96.263,-8.0,0.0,-0.0,30.0,9.756,8.78,8.78,16.0,0.0,0.0,30.0,6.804,6.804,6.804,0.0,0.0,-0.0,31.0
39.5214,1,fwd,90.0,11.9,-20.989,90.0,-21.351,44.0,2.0,4.186,32.0,-100.0,-100.0,-100.0,-8.0,0.0,-0.0,31.0,-100.0,-100.0,-100.0,-48.0,4.0,0.0,30.0,-46.8,-45.0,-45.0,-104.0,16.0,0.0,37.0,-96.401,-96.263,-96.263,-8.0,0.0,-0.0,30.0,9.756,8.78,8.78,16.0,0.0,0.0,30.0,6.804,6.804,6.804,0.0,0.0,-0.0,31.0
39.5748,1,fwd,90.0,11.9,-20.719,90.0,-21.136,44.0,2.0,4.135,32.0,-100.0,-100.0,-100.0,-8.0,0.0,-0.0,31.0,-100.0,-100.0,-100.0,-48.0,4.0,0.0,30.0,-46.8,-45.0,-45.0,-104.0,16.0,0.0,37.0,-96.401,-96.263,-96.263,-8.0,0.0,-0.0,30.0,9.756,8.78,8.78,16.0,0.0,0.0,30.0,6.804,6.804,6.804,0.0,0.0,-0.0,31.0
39.6275,1,fwd,90.0,11.9,-20.629,90.0,-20.922,44.0,2.0,2.725,32.0,-100.0,-100.0,-100.0,-8.0,0.0,-0.0,31.0,-100.0,-100.0,-100.0,-48.0,4.0,0.0,30.0,-46.8,-45.0,-45.0,-104.0,16.0,0.0,37.0,-96.401,-96.263,-96.263,-8.0,0.0,-0.0,30.0,9.756,8.78,8.78,16.0,0.0,0.0,30.0,6.804,6.804,6.804,0.0,0.0,-0.0,31.0
39.6808,1,fwd,90.0,11.9,-20.449,90.0,-20.708,44.0,2.0,3.051,32.0,-100.0,-100.0,-100.0,-8.0,0.0,-0.0,31.0,-100.0,-100.0,-100.0,-48.0,4.0,0.0,30.0,-46.8,-45.0,-45.0,-104.0,16.0,0.0,37.0,-96.401,-96.263,-96.263,-8.0,0.0,-0.0,30.0,9.756,8.78,8.78,16.0,0.0,0.0,30.0,6.804,6.804,6.804,0.0,0.0,-0.0,31.0
39.7335,1,fwd,90.0,11.9,-20.18,90.0,-20.495,44.0,2.0,4.224,32.0,-100.0,-100.0,-100.0,-8.0,0.0,-0.0,31.0,-100.0,-100.0,-100.0,-48.0,4.0,0.0,30.0,-46.8,-45.0,-45.0,-104.0,16.0,0.0,37.0,-96.401,-96.263,-96.263,-8.0,0.0,-0.0,30.0,9.756,8.78,8.78,16.0,0.0,0.0,30.0,6.804,6.804,6.804,0.0,0.0,-0.0,31.0
39.7856,1,fwd,90.0,11.9,-20.0,90.0,-20.282,44.0,2.0,3.78,32.0,-100.0,-100.0,-100.0,-8.0,0.0,-0.0,31.0,-100.0,-100.0,-100.0,-48.0,4.0,0.0,30.0,-46.8,-45.0,-45.0,-104.0,16.0,0.0,37.0,-96.401,-96.263,-96.263,-8.0,0.0,-0.0,30.0,9.756,8.78,8.78,16.0,0.0,0.0,30.0,6.804,6.804,6.804,0.0,0.0,-0.0,31.0
39.8389,1,fwd,90.0,11.9,-19.82,90.0,-20.068,44.0,2.0,3.578,32.0,-100.0,-100.0,-100.0,-8.0,0.0,-0.0,31.0,-100.0,-100.0,-100.0,-48.0,4.0,0.0,30.0,-46.8,-45.0,-45.0,-104.0,16.0,0.0,37.0,-96.401,-96.263,-96.263,-8.0,0.0,-0.0,30.0,9.756,8.78,8.78,16.0,0.0,0.0,30.0,6.804,6.804,6.804,0.0,0.0,-0.0,31.0
39.8922,1,fwd,90.0,11.9,-19.461,90.0,-19.853,44.0,2.0,4.854,32.0,-100.0,-100.0,-100.0,-8.0,0.0,-0.0,31.0,-100.0,-100.0,-100.0,-48.0,4.0,0.0,30.0,-46.8,-45.0,-45.0,-104.0,16.0,0.0,37.0,-96.401,-96.263,-96.263,-8.0,0.0,-0.0,30.0,9.756,8.78,8.78,16.0,0.0,0.0,30.0,6.804,6.804,6.804,0.0,0.0,-0.0,31.0
39.9445,1,fwd,90.0,11.9,-19.281,90.0,-19.64,44.0,2.0,3.803,32.0,-100.0,-100.0,-100.0,-8.0,0.0,-0.0,31.0,-100.0,-100.0,-100.0,-48.0,4.0,0.0,30.0,-46.8,-45.0,-45.0,-104.0,16.0,0.0,37.0,-96.401,-96.263,-96.263,-8.0,0.0,-0.0,30.0,9.756,8.78,8.78,16.0,0.0,0.0,30.0,6.804,6.804,6.804,0.0,0.0,-0.0,31.0
39.9978,1,fwd,90.0,11.9,-19.101,90.0,-19.409,48.0,4.0,3.595,32.0,-100.0,-100.0,-100.0,-8.0,0.0,-0.0,31.0,-100.0,-100.0,-100.0,-40.0,3.0,0.0,30.0,-46.8,-45.0,-45.0,-104.0,19.0,0.0,37.0,-96.401,-96.263,-96.263,-8.0,0.0,-0.0,30.0,9.756,8.78,8.78,16.0,0.0,0.0,30.0,6.804,6.804,6.804,0.0,0.0,-0.0,31.0
40.0504,1,fwd,90.0,11.9,-18.921,90.0,-19.196,48.0,4.0,3.8,32.0,-100.0,-100.0,-100.0,-8.0,0.0,-0.0,31.0,-100.0,-100.0,-100.0,-40.0,3.0,0.0,30.0,-46.8,-45.0,-45.0,-104.0,19.0,0.0,37.0,-96.401,-96.263,-96.263,-8.0,0.0,-0.0,30.0,9.756,8.78,8.78,16.0,0.0,0.0,30.0,6.804,6.804,6.804,0.0,0.0,-0.0,31.0
40.1037,1,fwd,90.0,11.9,-18.831,90.0,-18.979,48.0,4.0,2.539,32.0,-100.0,-100.0,-100.0,-8.0,0.0,-0.0,31.0,-100.0,-100.0,-100.0,-40.0,3.0,0.0,30.0,-46.8,-45.0,-45.0,-104.0,19.0,0.0,37.0,-96.401,-96.263,-96.263,-8.0,0.0,-0.0,30.0,9.756,8.78,8.78,16.0,0.0,0.0,30.0,6.804,6.804,6.804,0.0,0.0,-0.0,31.0
40.1571,1,fwd,90.0,11.9,-18.562,90.0,-18.764,48.0,4.0,3.649,32.0,-100.0,-100.0,-100.0,-8.0,0.0,-0.0,31.0,-100.0,-100.0,-100.0,-40.0,3.0,0.0,30.0,-46.8,-45.0,-45.0,-104.0,19.0,0.0,37.0,-96.401,-96.263,-96.263,-8.0,0.0,-0.0,30.0,9.756,8.78,8.78,16.0,0.0,0.0,30.0,6.804,6.804,6.804,0.0,0.0,-0.0,31.0
40.2102,1,fwd,90.0,11.9,-18.292,90.0,-18.55,48.0,4.0,4.534,32.0,-100.0,-100.0,-100.0,-8.0,0.0,-0.0,31.0,-100.0,-100.0,-100.0,-40.0,3.0,0.0,30.0,-46.8,-45.0,-45.0,-104.0,19.0,0.0,37.0,-96.401,-96.263,-96.263,-8.0,0.0,-0.0,30.0,9.756,8.78,8.78,16.0,0.0,0.0,30.0,6.804,6.804,6.804,0.0,0.0,-0.0,31.0
40.2634,1,fwd,90.0,11.9,-17.933,90.0,-18.338,48.0,4.0,5.974,32.0,-100.0,-100.0,-100.0,-8.0,0.0,-0.0,31.0,-100.0,-100.0,-100.0,-40.0,3.0,0.0,30.0,-46.8,-45.0,-45.0,-104.0,19.0,0.0,37.0,-96.401,-96.263,-96.263,-8.0,0.0,-0.0,30.0,9.756,8.78,8.78,16.0,0.0,0.0,30.0,6.804,6.804,6.804,0.0,0.0,-0.0,31.0
40.3166,1,fwd,90.0,11.9,-17.753,90.0,-18.124,48.0,4.0,4.336,32.0,-100.0,-100.0,-100.0,-8.0,0.0,-0.0,31.0,-100.0,-100.0,-100.0,-40.0,3.0,0.0,30.0,-46.8,-45.0,-45.0,-104.0,19.0,0.0,37.0,-96.401,-96.263,-96.263,-8.0,0.0,-0.0,30.0,9.756,8.78,8.78,16.0,0.0,0.0,30.0,6.804,6.804,6.804,0.0,0.0,-0.0,31.0
40.3699,1,fwd,90.0,11.9,-17.663,90.0,-17.911,48.0,4.0,2.834,32.0,-100.0,-100.0,-100.0,-8.0,0.0,-0.0,31.0,-100.0,-100.0,-100.0,-40.0,3.0,0.0,30.0,-46.8,-45.0,-45.0,-104.0,19.0,0.0,37.0,-96.401,-96.263,-96.263,-8.0,0.0,-0.0,30.0,9.756,8.78,8.78,16.0,0.0,0.0,30.0,6.804,6.804,6.804,0.0,0.0,-0.0,31.0
40.4232,1,fwd,90.0,11.9,-17.483,90.0,-17.697,48.0,4.0,3.113,32.0,-100.0,-100.0,-100.0,-8.0,0.0,-0.0,31.0,-100.0,-100.0,-100.0,-40.0,3.0,0.0,30.0,-46.8,-45.0,-45.0,-104.0,19.0,0.0,37.0,-96.401,-96.263,-96.263,-8.0,0.0,-0.0,30.0,9.756,8.78,8.78,16.0,0.0,0.0,30.0,6.804,6.804,6.804,0.0,0.0,-0.0,31.0
40.4763,1,fwd,90.0,11.9,-17.213,90.0,-17.484,48.0,4.0,4.243,32.0,-100.0,-100.0,-100.0,-8.0,0.0,-0.0,31.0,-100.0,-100.0,-100.0,-40.0,3.0,0.0,30.0,-46.8,-45.0,-45.0,-104.0,19.0,0.0,37.0,-96.401,-96.263,-96.263,-8.0,0.0,-0.0,30.0,9.756,8.78,8.78,16.0,0.0,0.0,30.0,6.804,6.804,6.804,0.0,0.0,-0.0,31.0
40.5286,1,fwd,90.0,11.9,-17.124,90.0,-17.377,32.0,1.0,3.98,32.0,-100.0,-100.0,-100.0,-8.0,0.0,-0.0,31.0,-100.0,-100.0,-100.0,-40.0,3.0,0.0,30.0,-46.8,-45.0,-45.0,-104.0,16.0,0.0,37.0,-96.401,-96.263,-96.263,-8.0,0.0,-0.0,30.0,9.756,8.78,8.78,16.0,0.0,0.0,30.0,6.804,6.804,6.804,0.0,0.0,-0.0,31.0
40.5805,1,fwd,90.0,11.9,-16.944,90.0,-17.04,32.0,1.0,3.725,32.0,-100.0,-100.0,-100.0,-8.0,0.0,-0.0,31.0,-100.0,-100.0,-100.0,-40.0,3.0,0.0,30.0,-46.8,-45.0,-45.0,-104.0,16.0,0.0,37.0,-96.332,-96.263,-96.263,-8.0,0.0,0.361,30.0,9.756,8.78,8.78,16.0,0.0,0.0,30.0,6.804,6.804,6.804,0.0,0.0,-0.0,31.0
40.6339,1,fwd,90.0,11.9,-16.584,90.0,-16.815,32.0,1.0,5.108,32.0,-100.0,-100.0,-100.0,-8.0,0.0,-0.0,31.0,-100.0,-100.0,-100.0,-40.0,3.0,0.0,30.0,-46.8,-45.0,-45.0,-104.0,16.0,0.0,37.0,-96.332,-96.263,-96.263,-8.0,0.0,0.177,30.0,9.756,8.78,8.78,16.0,0.0,0.0,30.0,6.804,6.804,6.804,0.0,0.0,-0.0,31.0
40.6873,1,fwd,90.0,11.9,-16.315,90.0,-16.592,32.0,1.0,4.819,32.0,-100.0,-100.0,-100.0,-8.0,0.0,-0.0,31.0,-100.0,-100.0,-100.0,-40.0,3.0,0.0,30.0,-46.8,-45.0,-45.0,-104.0,16.0,0.0,37.0,-96.401,-96.263,-96.263,-8.0,0.0,-0.417,30.0,9.756,8.78,8.78,16.0,0.0,0.0,30.0,6.804,6.804,6.804,0.0,0.0,-0.0,31.0
40.7398,1,fwd,90.0,11.9,-16.225,90.0,-16.485,32.0,1.0,3.376,32.0,-100.0,-100.0,-100.0,-8.0,0.0,-0.0,31.0,-100.0,-100.0,-100.0,-40.0,3.0,0.0,30.0,-46.8,-45.0,-45.0,-104.0,16.0,0.0,37.0,-96.401,-96.263,-96.263,-8.0,0.0,-0.204,30.0,9.756,8.78,8.78,16.0,0.0,0.0,30.0,6.804,6.804,6.804,0.0,0.0,-0.0,31.0
40.793,1,fwd,90.0,11.9,-16.045,90.0,-16.264,32.0,1.0,3.683,32.0,-100.0,-100.0,-100.0,-8.0,0.0,-0.0,31.0,-100.0,-100.0,-100.0,-40.0,3.0,0.0,30.0,-46.8,-45.0,-45.0,-104.0,16.0,0.0,37.0,-96.401,-96.263,-96.263,-8.0,0.0,-0.1,30.0,9.756,8.78,8.78,16.0,0.0,0.0,30.0,6.804,6.804,6.804,0.0,0.0,-0.0,31.0
40.8454,1,fwd,90.0,11.9,-15.865,90.0,-16.048,32.0,1.0,3.503,32.0,-100.0,-100.0,-100.0,-8.0,0.0,-0.0,31.0,-100.0,-100.0,-100.0,-40.0,3.0,0.0,30.0,-46.8,-45.0,-45.0,-104.0,16.0,0.0,37.0,-96.401,-96.263,-96.263,-8.0,0.0,-0.049,30.0,9.756,8.78,8.78,16.0,0.0,0.0,30.0,6.804,6.804,6.804,0.0,0.0,-0.0,31.0
40.8976,1,fwd,90.0,11.9,-15.685,90.0,-15.835,32.0,1.0,3.443,32.0,-100.0,-100.0,-100.0,-8.0,0.0,-0.0,31.0,-100.0,-100.0,-100.0,-40.0,3.0,0.0,30.0,-46.8,-45.0,-45.0,-104.0,16.0,0.0,37.0,-96.401,-96.263,-96.263,-8.0,0.0,-0.024,30.0,9.756,8.78,8.78,16.0,0.0,0.0,30.0,6.804,6.804,6.804,0.0,0.0,-0.0,31.0
40.9495,1,fwd,90.0,11.9,-15.416,90.0,-15.622,32.0,1.0,4.417,32.0,-100.0,-100.0,-100.0,-8.0,0.0,-0.0,31.0,-100.0,-100.0,-100.0,-40.0,3.0,0.0,30.0,-46.8,-45.0,-45.0,-104.0,16.0,0.0,37.0,-96.401,-96.263,-96.263,-8.0,0.0,-0.012,30.0,9.756,8.78,8.78,16.0,0.0,0.0,30.0,6.804,6.804,6.804,0.0,0.0,-0.0,31.0
41.0017,1,fwd,90.0,11.9,-15.146,90.0,-15.41,32.0,1.0,4.596,32.0,-100.0,-100.0,-100.0,-8.0,0.0,-0.0,31.0,-100.0,-100.0,-100.0,-40.0,3.0,0.0,30.0,-46.8,-45.0,-45.0,-104.0,16.0,0.0,37.0,-96.401,-96.263,-96.263,-8.0,0.0,-0.006,30.0,9.756,8.78,8.78,16.0,0.0,0.0,30.0,6.804,6.804,6.804,0.0,0.0,-0.0,31.0
41.0552,1,fwd,90.0,11.9,-14.876,90.0,-15.196,32.0,1.0,4.372,32.0,-100.0,-100.0,-100.0,-8.0,0.0,-0.0,31.0,-100.0,-100.0,-100.0,-40.0,3.0,0.0,30.0,-46.8,-45.0,-45.0,-104.0,16.0,0.0,37.0,-96.401,-96.263,-96.263,-8.0,0.0,-0.003,30.0,9.756,8.78,8.78,16.0,0.0,0.0,30.0,6.804,6.804,6.804,0.0,0.0,-0.0,31.0
41.1076,1,fwd,90.0,11.9,-14.787,90.0,-15.09,32.0,1.0,4.083,32.0,-100.0,-100.0,-100.0,0.0,0.0,-0.0,31.0,-100.0,-100.0,-100.0,-40.0,3.0,0.0,31.0,-46.8,-45.0,-45.0,-104.0,21.0,0.0,37.0,-96.401,-96.263,-96.263,-8.0,0.0,-0.002,30.0,9.756,8.78,8.78,16.0,0.0,0.0,30.0,6.804,6.804,6.804,0.0,0.0,-0.0,32.0
41.1596,1,fwd,90.0,11.9,-14.697,90.0,-14.758,32.0,1.0,2.335,32.0,-100.0,-100.0,-100.0,0.0,0.0,-0.0,31.0,-100.0,-100.0,-100.0,-40.0,3.0,0.0,31.0,-46.8,-45.0,-45.0,-104.0,21.0,0.0,37.0,-96.401,-96.263,-96.263,-8.0,0.0,-0.001,30.0,9.756,8.78,8.78,16.0,0.0,0.0,30.0,6.804,6.804,6.804,0.0,0.0,-0.0,32.0
41.2116,1,fwd,90.0,11.9,-14.427,90.0,-14.544,32.0,1.0,3.569,32.0,-100.0,-100.0,-100.0,0.0,0.0,-0.0,31.0,-100.0,-100.0,-100.0,-40.0,3.0,0.0,31.0,-46.8,-45.0,-45.0,-104.0,21.0,0.0,37.0,-96.401,-96.263,-96.263,-8.0,0.0,-0.0,30.0,9.756,8.78,8.78,16.0,0.0,0.0,30.0,6.804,6.804,6.804,0.0,0.0,-0.0,32.0
41.2647,1,fwd,90.0,11.9,-14.247,90.0,-14.33,32.0,1.0,3.152,32.0,-100.0,-100.0,-100.0,0.0,0.0,-0.0,31.0,-100.0,-100.0,-100.0,-40.0,3.0,0.0,31.0,-46.8,-45.0,-45.0,-104.0,21.0,0.0,37.0,-96.401,-96.263,-96.263,-8.0,0.0,-0.0,30.0,9.756,8.78,8.78,16.0,0.0,0.0,30.0,6.804,6.804,6.804,0.0,0.0,-0.0,32.0
41.3177,1,fwd,90.0,11.9,-13.978,90.0,-14.117,32.0,1.0,4.283,32.0,-100.0,-100.0,-100.0,0.0,0.0,-0.0,31.0,-100.0,-100.0,-100.0,-40.0,3.0,0.0,31.0,-46.8,-45.0,-45.0,-104.0,21.0,0.0,37.0,-96.401,-96.263,-96.263,-8.0,0.0,-0.0,30.0,9.756,8.78,8.78,16.0,0.0,0.0,30.0,6.804,6.804,6.804,0.0,0.0,-0.0,32.0
41.3696,1,fwd,90.0,11.9,-13.618,90.0,-13.902,32.0,1.0,5.532,32.0,-100.0,-100.0,-100.0,0.0,0.0,-0.0,31.0,-100.0,-100.0,-100.0,-40.0,3.0,0.0,31.0,-46.8,-45.0,-45.0,-104.0,21.0,0.0,37.0,-96.401,-96.263,-96.263,-8.0,0.0,-0.0,30.0,9.756,8.78,8.78,16.0,0.0,0.0,30.0,6.804,6.804,6.804,0.0,0.0,-0.0,32.0
41.4216,1,fwd,90.0,11.9,-13.438,90.0,-13.688,32.0,1.0,4.106,32.0,-100.0,-100.0,-100.0,0.0,0.0,-0.0,31.0,-100.0,-100.0,-100.0,-40.0,3.0,0.0,31.0,-46.8,-45.0,-45.0,-104.0,21.0,0.0,37.0,-96.401,-96.263,-96.263,-8.0,0.0,-0.0,30.0,9.756,8.78,8.78,16.0,0.0,0.0,30.0,6.804,6.804,6.804,0.0,0.0,-0.0,32.0
41.4747,1,fwd,90.0,11.9,-13.258,90.0,-13.475,32.0,1.0,3.737,32.0,-100.0,-100.0,-100.0,0.0,0.0,-0.0,31.0,-100.0,-100.0,-100.0,-40.0,3.0,0.0,31.0,-46.8,-45.0,-45.0,-104.0,21.0,0.0,37.0,-96.401,-96.263,-96.263,-8.0,0.0,-0.0,30.0,9.756,8.78,8.78,16.0,0.0,0.0,30.0,6.804,6.804,6.804,0.0,0.0,-0.0,32.0
41.5278,1,fwd,90.0,11.9,-13.079,90.0,-13.262,32.0,1.0,3.854,32.0,-100.0,-100.0,-100.0,0.0,0.0,-0.0,31.0,-100.0,-100.0,-100.0,-40.0,3.0,0.0,31.0,-46.8,-45.0,-45.0,-104.0,21.0,0.0,37.0,-96.401,-96.263,-96.263,-8.0,0.0,-0.0,30.0,9.756,8.78,8.78,16.0,0.0,0.0,30.0,6.804,6.804,6.804,0.0,0.0,-0.0,32.0
41.5808,1,fwd,90.0,11.9,-12.989,90.0,-13.048,32.0,1.0,2.595,32.0,-100.0,-100.0,-100.0,0.0,0.0,-0.0,31.0,-100.0,-100.0,-100.0,-40.0,3.0,0.0,31.0,-46.8,-45.0,-45.0,-104.0,21.0,0.0,37.0,-96.401,-96.263,-96.263,-8.0,0.0,-0.0,30.0,9.756,8.78,8.78,16.0,0.0,0.0,30.0,6.804,6.804,6.804,0.0,0.0,-0.0,32.0
41.634,1,fwd,90.0,11.9,-12.719,90.0,-12.836,32.0,1.0,3.712,32.0,-100.0,-100.0,-100.0,0.0,0.0,-0.0,31.0,-100.0,-100.0,-100.0,-40.0,3.0,0.0,31.0,-46.8,-45.0,-45.0,-104.0,21.0,0.0,37.0,-96.401,-96.263,-96.263,-8.0,0.0,-0.0,30.0,9.756,8.78,8.78,16.0,0.0,0.0,30.0,6.804,6.804,6.804,0.0,0.0,-0.0,32.0
41.687,1,fwd,90.0,11.9,-12.719,90.0,-12.605,16.0,0.0,3.712,32.0,-100.0,-100.0,-100.0,-8.0,0.0,-0.0,31.0,-100.0,-100.0,-100.0,-32.0,2.0,0.0,30.0,-46.8,-45.0,-45.0,-104.0,21.0,0.0,37.0,-96.401,-96.263,-96.263,-8.0,0.0,-0.0,30.0,9.756,8.78,8.78,16.0,0.0,0.0,30.0,6.804,6.804,6.804,0.0,0.0,-0.0,31.0
41.7399,1,fwd,90.0,11.9,-12.449,90.0,-12.486,16.0,0.0,2.75,32.0,-100.0,-100.0,-100.0,-8.0,0.0,-0.0,31.0,-100.0,-100.0,-100.0,-32.0,2.0,0.0,30.0,-46.8,-45.0,-45.0,-104.0,21.0,0.0,37.0,-96.401,-96.263,-96.263,-8.0,0.0,-0.0,30.0,9.756,8.78,8.78,16.0,0.0,0.0,30.0,6.804,6.804,6.804,0.0,0.0,-0.0,31.0
41.7931,1,fwd,90.0,11.9,-12.0,90.0,-12.261,16.0,0.0,5.295,32.0,-100.0,-100.0,-100.0,-8.0,0.0,-0.0,31.0,-100.0,-100.0,-100.0,-32.0,2.0,0.0,30.0,-46.8,-45.0,-45.0,-104.0,21.0,0.0,37.0,-96.401,-96.263,-96.263,-8.0,0.0,-0.0,30.0,9.756,8.78,8.78,16.0,0.0,0.0,30.0,6.804,6.804,6.804,0.0,0.0,-0.0,31.0
41.8455,1,fwd,90.0,11.9,-11.82,90.0,-12.047,16.0,0.0,4.316,32.0,-100.0,-100.0,-100.0,-8.0,0.0,-0.0,31.0,-100.0,-100.0,-100.0,-32.0,2.0,0.0,30.0,-46.8,-45.0,-45.0,-104.0,21.0,0.0,37.0,-96.332,-96.263,-96.263,-8.0,0.0,0.543,30.0,9.756,8.78,8.78,16.0,0.0,0.0,30.0,6.804,6.804,6.804,0.0,0.0,-0.0,31.0
41.8976,1,fwd,90.0,11.9,-11.73,90.0,-11.835,16.0,0.0,3.117,32.0,-100.0,-100.0,-100.0,-8.0,0.0,-0.0,31.0,-100.0,-100.0,-100.0,-32.0,2.0,0.0,30.0,-46.8,-45.0,-45.0,-104.0,21.0,0.0,37.0,-96.332,-96.263,-96.263,-8.0,0.0,0.266,30.0,9.756,8.78,8.78,16.0,0.0,0.0,30.0,6.804,6.804,6.804,0.0,0.0,-0.0,31.0
41.9497,1,fwd,90.0,11.9,-11.551,90.0,-11.618,16.0,0.0,3.236,32.0,-100.0,-100.0,-100.0,-8.0,0.0,-0.0,31.0,-100.0,-100.0,-100.0,-32.0,2.0,0.0,30.0,-46.8,-45.0,-45.0,-104.0,21.0,0.0,37.0,-96.401,-96.263,-96.263,-8.0,0.0,-0.653,30.0,9.756,8.78,8.78,16.0,0.0,0.0,30.0,6.804,6.804,6.804,0.0,0.0,-0.0,31.0
42.0028,1,fwd,90.0,11.9,-11.281,90.0,-11.405,16.0,0.0,4.014,32.0,-100.0,-100.0,-100.0,-8.0,0.0,-0.0,31.0,-100.0,-100.0,-100.0,-32.0,2.0,0.0,30.0,-46.8,-45.0,-45.0,-104.0,21.0,0.0,37.0,-96.401,-96.263,-96.263,-8.0,0.0,-0.32,30.0,9.756,8.78,8.78,16.0,0.0,0.0,30.0,6.804,6.804,6.804,0.0,0.0,-0.0,31.0
42.0562,1,fwd,90.0,11.9,-11.191,90.0,-11.192,16.0,0.0,2.67,32.0,-100.0,-100.0,-100.0,-8.0,0.0,-0.0,31.0,-100.0,-100.0,-100.0,-32.0,2.0,0.0,30.0,-46.8,-45.0,-45.0,-104.0,21.0,0.0,37.0,-96.401,-96.263,-96.263,-8.0,0.0,-0.157,30.0,9.756,8.78,8.78,16.0,0.0,0.0,30.0,6.804,6.804,6.804,0.0,0.0,-0.0,31.0
42.1086,1,fwd,90.0,11.9,-10.921,90.0,-10.979,16.0,0.0,3.74,32.0,-100.0,-100.0,-100.0,-8.0,0.0,-0.0,31.0,-100.0,-100.0,-100.0,-32.0,2.0,0.0,30.0,-46.8,-45.0,-45.0,-104.0,21.0,0.0,37.0,-96.401,-96.263,-96.263,-8.0,0.0,-0.077,30.0,9.756,8.78,8.78,16.0,0.0,0.0,30.0,6.804,6.804,6.804,0.0,0.0,-0.0,31.0
42.1619,1,fwd,90.0,11.9,-10.562,90.0,-10.766,16.0,0.0,4.659,32.0,-100.0,-100.0,-100.0,-8.0,0.0,-0.0,31.0,-100.0,-100.0,-100.0,-32.0,2.0,0.0,30.0,-46.8,-45.0,-45.0,-104.0,21.0,0.0,37.0,-96.401,-96.263,-96.263,-8.0,0.0,-0.038,30.0,9.756,8.78,8.78,16.0,0.0,0.0,30.0,6.804,6.804,6.804,0.0,0.0,-0.0,31.0
42.215,1,fwd,90.0,11.9,-10.472,90.0,-10.549,16.0,0.0,2.987,32.0,-100.0,-100.0,-100.0,-8.0,0.0,-0.0,31.0,-100.0,-100.0,-100.0,-32.0,2.0,0.0,30.0,-46.8,-45.0,-45.0,-104.0,21.0,0.0,37.0,-96.401,-96.263,-96.263,-8.0,0.0,-0.018,30.0,9.756,8.78,8.78,16.0,0.0,0.0,30.0,6.804,6.804,6.804,0.0,0.0,-0.0,31.0
42.2675,1,fwd,90.0,11.9,-10.202,90.0,-10.309,16.0,0.0,3.434,32.0,-100.0,-100.0,-100.0,0.0,0.0,-0.0,31.0,-100.0,-100.0,-100.0,-32.0,2.0,0.0,31.0,-46.8,-45.0,-45.0,-104.0,14.0,0.0,37.0,-96.401,-96.263,-96.263,-8.0,0.0,-0.013,30.0,9.756,8.78,8.78,16.0,0.0,0.0,30.0,6.804,6.804,6.804,0.0,0.0,-0.0,31.0
42.3206,1,fwd,90.0,11.9,-10.022,90.0,-10.095,16.0,0.0,3.399,32.0,-100.0,-100.0,-100.0,0.0,0.0,-0.0,31.0,-100.0,-100.0,-100.0,-32.0,2.0,0.0,31.0,-46.8,-45.0,-45.0,-104.0,14.0,0.0,37.0,-96.401,-96.263,-96.263,-8.0,0.0,-0.006,30.0,9.756,8.78,8.78,16.0,0.0,0.0,30.0,6.804,6.804,6.804,0.0,0.0,-0.0,31.0
42.3737,1,fwd,90.0,11.9,-9.843,90.0,-9.881,16.0,0.0,3.382,32.0,-100.0,-100.0,-100.0,0.0,0.0,-0.0,31.0,-100.0,-100.0,-100.0,-32.0,2.0,0.0,31.0,-46.8,-45.0,-45.0,-104.0,14.0,0.0,37.0,-96.401,-96.263,-96.263,-8.0,0.0,-0.003,30.0,9.756,8.78,8.78,16.0,0.0,0.0,30.0,6.804,6.804,6.804,0.0,0.0,-0.0,31.0
42.4269,1,fwd,90.0,11.9,-9.573,90.0,-9.667,16.0,0.0,4.075,32.0,-100.0,-100.0,-100.0,0.0,0.0,-0.0,31.0,-100.0,-100.0,-100.0,-32.0,2.0,0.0,31.0,-46.8,-45.0,-45.0,-104.0,14.0,0.0,37.0,-96.332,-96.263,-96.263,-8.0,0.0,0.54,30.0,9.756,8.78,8.78,16.0,0.0,0.0,30.0,6.804,6.804,6.804,0.0,0.0,-0.0,31.0
42.48,1,fwd,90.0,11.9,-9.303,90.0,-9.454,16.0,0.0,4.423,32.0,-100.0,-100.0,-100.0,0.0,0.0,-0.0,31.0,-100.0,-100.0,-100.0,-32.0,2.0,0.0,31.0,-46.8,-45.0,-45.0,-104.0,14.0,0.0,37.0,-96.332,-96.263,-96.263,-8.0,0.0,0.265,30.0,9.756,8.78,8.78,16.0,0.0,0.0,30.0,6.804,6.804,6.804,0.0,0.0,-0.0,31.0
42.5329,1,fwd,90.0,11.9,-9.034,90.0,-9.24,16.0,0.0,4.59,32.0,-100.0,-100.0,-100.0,0.0,0.0,-0.0,31.0,-100.0,-100.0,-100.0,-32.0,2.0,0.0,31.0,-46.8,-45.0,-45.0,-104.0,14.0,0.0,37.0,-96.401,-96.263,-96.263,-8.0,0.0,-0.414,30.0,9.756,8.78,8.78,16.0,0.0,0.0,30.0,6.804,6.804,6.804,0.0,0.0,-0.0,31.0
42.5863,1,fwd,90.0,11.9,-8.944,90.0,-9.026,16.0,0.0,3.263,32.0,-100.0,-100.0,-100.0,0.0,0.0,-0.0,31.0,-100.0,-100.0,-100.0,-32.0,2.0,0.0,31.0,-46.8,-45.0,-45.0,-104.0,14.0,0.0,37.0,-96.401,-96.263,-96.263,-8.0,0.0,-0.203,30.0,9.756,8.78,8.78,16.0,0.0,0.0,30.0,6.804,6.804,6.804,0.0,0.0,-0.0,31.0
42.6398,1,fwd,90.0,11.9,-8.674,90.0,-8.813,16.0,0.0,4.291,32.0,-100.0,-100.0,-100.0,0.0,0.0,-0.0,31.0,-100.0,-100.0,-100.0,-32.0,2.0,0.0,31.0,-46.8,-45.0,-45.0,-104.0,14.0,0.0,37.0,-96.401,-96.263,-96.263,-8.0,0.0,-0.099,30.0,9.756,8.78,8.78,16.0,0.0,0.0,30.0,6.804,6.804,6.804,0.0,0.0,-0.0,31.0
42.6929,1,fwd,90.0,11.9,-8.674,90.0,-8.598,16.0,0.0,3.004,32.0,-100.0,-100.0,-100.0,0.0,0.0,-0.0,31.0,-100.0,-100.0,-100.0,-32.0,2.0,0.0,31.0,-46.8,-45.0,-45.0,-104.0,14.0,0.0,37.0,-96.401,-96.263,-96.263,-8.0,0.0,-0.07,30.0,9.756,8.78,8.78,16.0,0.0,0.0,30.0,6.804,6.804,6.804,0.0,0.0,-0.0,31.0
42.7455,1,fwd,90.0,11.9,-8.404,90.0,-8.367,16.0,0.0,4.106,32.0,-100.0,-100.0,-100.0,0.0,0.0,-0.0,31.0,-100.0,-100.0,-100.0,-32.0,2.0,0.0,31.0,-46.8,-45.0,-45.0,-104.0,14.0,0.0,37.0,-96.401,-96.263,-96.263,-8.0,0.0,-0.034,30.0,9.756,8.78,8.78,16.0,0.0,0.0,30.0,6.804,6.804,6.804,0.0,0.0,-0.0,31.0
42.7988,1,fwd,90.0,11.9,-8.225,90.0,-8.252,16.0,0.0,3.677,32.0,-100.0,-100.0,-100.0,0.0,0.0,-0.0,31.0,-100.0,-100.0,-100.0,-32.0,2.0,0.0,31.0,-46.8,-45.0,-45.0,-104.0,14.0,0.0,37.0,-96.332,-96.263,-96.263,-8.0,0.0,0.76,30.0,9.268,8.78,8.78,16.0,0.0,-3.56,30.0,6.804,6.804,6.804,0.0,0.0,-0.0,31.0
42.8521,1,fwd,90.0,11.9,-7.955,90.0,-8.017,20.0,0.0,3.954,32.0,-100.0,-100.0,-100.0,-8.0,0.0,-0.0,31.0,-100.0,-100.0,-100.0,-24.0,2.0,0.0,31.0,-46.8,-45.0,-45.0,-104.0,18.0,0.0,37.0,-96.332,-96.263,-96.263,0.0,0.0,0.532,30.0,9.268,8.78,8.78,8.0,0.0,-2.492,30.0,6.804,6.804,6.804,0.0,0.0,-0.0,31.0
42.9053,1,fwd,90.0,11.9,-7.596,90.0,-7.804,20.0,0.0,5.661,32.0,-100.0,-100.0,-100.0,-8.0,0.0,-0.0,31.0,-100.0,-100.0,-100.0,-24.0,2.0,0.0,31.0,-46.8,-45.0,-45.0,-104.0,18.0,0.0,37.0,-96.401,-96.263,-96.263,0.0,0.0,-0.513,30.0,9.268,8.78,8.78,8.0,0.0,-1.221,30.0,6.804,6.804,6.804,0.0,0.0,-0.0,31.0
42.9575,1,fwd,90.0,11.9,-7.506,90.0,-7.591,20.0,0.0,3.663,32.0,-100.0,-100.0,-100.0,-8.0,0.0,-0.0,31.0,-100.0,-100.0,-100.0,-24.0,2.0,0.0,31.0,-46.8,-45.0,-45.0,-104.0,18.0,0.0,37.0,-96.401,-96.263,-96.263,0.0,0.0,-0.251,30.0,9.268,8.78,8.78,8.0,0.0,-0.598,30.0,6.804,6.804,6.804,0.0,0.0,-0.0,31.0
43.0095,1,fwd,90.0,11.9,-7.326,90.0,-7.354,20.0,0.0,3.462,32.0,-100.0,-100.0,-100.0,-8.0,0.0,-0.0,31.0,-100.0,-100.0,-100.0,-24.0,2.0,0.0,31.0,-46.8,-45.0,-45.0,-104.0,18.0,0.0,37.0,-96.401,-96.263,-96.263,0.0,0.0,-0.123,30.0,9.268,8.78,8.78,8.0,0.0,-0.293,30.0,6.804,6.804,6.804,0.0,0.0,-0.0,31.0
43.0617,1,fwd,90.0,11.9,-7.146,90.0,-7.141,20.0,0.0,3.421,32.0,-100.0,-100.0,-100.0,-8.0,0.0,-0.0,31.0,-100.0,-100.0,-100.0,-24.0,2.0,0.0,31.0,-46.8,-45.0,-45.0,-104.0,18.0,0.0,37.0,-96.332,-96.263,-96.263,0.0,0.0,0.72,30.0,9.268,8.78,8.78,8.0,0.0,-0.144,30.0,6.804,6.804,6.804,0.0,0.0,-0.0,31.0
43.1149,1,fwd,90.0,11.9,-6.876,90.0,-6.928,20.0,0.0,4.098,32.0,-100.0,-100.0,-100.0,-8.0,0.0,-0.0,31.0,-100.0,-100.0,-100.0,-24.0,2.0,0.0,31.0,-46.8,-45.0,-45.0,-104.0,18.0,0.0,37.0,-96.332,-96.263,-96.263,0.0,0.0,0.353,30.0,9.268,8.78,8.78,8.0,0.0,-0.07,30.0,6.804,6.804,6.804,0.0,0.0,-0.0,31.0
43.168,1,fwd,90.0,11.9,-6.697,90.0,-6.715,20.0,0.0,4.007,32.0,-100.0,-100.0,-100.0,-8.0,0.0,-0.0,31.0,-100.0,-100.0,-100.0,-24.0,2.0,0.0,31.0,-46.8,-45.0,-45.0,-104.0,18.0,0.0,37.0,-96.401,-96.263,-96.263,0.0,0.0,-0.375,30.0,9.268,8.78,8.78,8.0,0.0,-0.034,30.0,6.804,6.804,6.804,0.0,0.0,-0.0,31.0
43.2204,1,fwd,90.0,11.9,-6.427,90.0,-6.5,20.0,0.0,4.692,32.0,-100.0,-100.0,-100.0,-8.0,0.0,-0.0,31.0,-100.0,-100.0,-100.0,-24.0,2.0,0.0,31.0,-46.8,-45.0,-45.0,-104.0,18.0,0.0,37.0,-96.401,-96.263,-96.263,0.0,0.0,-0.184,30.0,9.268,8.78,8.78,8.0,0.0,-0.017,30.0,6.598,6.804,6.804,0.0,0.0,-1.615,31.0
43.2725,1,fwd,90.0,11.9,-6.157,90.0,-6.287,20.0,0.0,4.705,32.0,-100.0,-100.0,-100.0,-8.0,0.0,-0.0,31.0,-100.0,-100.0,-100.0,-24.0,2.0,0.0,31.0,-46.8,-45.0,-45.0,-104.0,18.0,0.0,37.0,-96.401,-96.263,-96.263,0.0,0.0,-0.09,30.0,9.268,8.78,8.78,8.0,0.0,-0.008,30.0,6.598,6.804,6.804,0.0,0.0,-0.791,31.0
43.3256,1,fwd,90.0,11.9,-6.067,90.0,-6.071,20.0,0.0,3.012,32.0,-100.0,-100.0,-100.0,-8.0,0.0,-0.0,31.0,-100.0,-100.0,-100.0,-24.0,2.0,0.0,31.0,-46.8,-45.0,-45.0,-104.0,18.0,0.0,37.0,-96.401,-96.263,-96.263,0.0,0.0,-0.044,30.0,9.268,8.78,8.78,8.0,0.0,-0.004,30.0,6.804,6.804,6.804,0.0,0.0,1.942,31.0
43.3778,1,fwd,90.0,11.9,-5.978,90.0,-5.965,20.0,0.0,3.113,32.0,-100.0,-100.0,-100.0,-8.0,0.0,-0.0,31.0,-100.0,-100.0,-100.0,-24.0,2.0,0.0,31.0,-46.8,-45.0,-45.0,-104.0,18.0,0.0,37.0,-96.401,-96.263,-96.263,0.0,0.0,-0.031,30.0,9.268,8.78,8.78,8.0,0.0,-0.003,30.0,6.804,6.804,6.804,0.0,0.0,1.359,31.0
43.4311,1,fwd,90.0,11.9,-5.708,90.0,-5.616,8.0,0.0,3.52,32.0,-100.0,-100.0,-100.0,0.0,0.0,-0.0,31.0,-100.0,-100.0,-100.0,-24.0,1.0,0.0,31.0,-46.8,-45.0,-45.0,-104.0,19.0,0.0,37.0,-96.401,-96.263,-96.263,-8.0,0.0,-0.022,30.0,9.268,8.78,8.78,8.0,0.0,-0.002,30.0,6.804,6.804,6.804,0.0,0.0,0.952,31.0
43.4835,1,fwd,90.0,11.9,-5.618,90.0,-5.509,8.0,0.0,2.742,32.0,-100.0,-100.0,-100.0,0.0,0.0,-0.0,31.0,-100.0,-100.0,-100.0,-24.0,1.0,0.0,31.0,-46.8,-45.0,-45.0,-104.0,19.0,0.0,37.0,-96.332,-96.263,-96.263,-8.0,0.0,0.772,30.0,9.268,8.78,8.78,8.0,0.0,-0.001,30.0,6.804,6.804,6.804,0.0,0.0,0.466,31.0
43.5368,1,fwd,90.0,11.9,-5.348,90.0,-5.288,8.0,0.0,3.679,32.0,-100.0,-100.0,-100.0,0.0,0.0,-0.0,31.0,-100.0,-100.0,-100.0,-24.0,1.0,0.0,31.0,-46.8,-45.0,-45.0,-104.0,19.0,0.0,37.0,-96.332,-96.263,-96.263,-8.0,0.0,0.378,30.0,9.268,8.78,8.78,8.0,0.0,-0.0,30.0,6.804,6.804,6.804,0.0,0.0,0.228,31.0
43.5899,1,fwd,90.0,11.9,-5.079,90.0,-5.074,8.0,0.0,4.213,32.0,-100.0,-100.0,-100.0,0.0,0.0,-0.0,31.0,-100.0,-100.0,-100.0,-24.0,1.0,0.0,31.0,-46.8,-45.0,-45.0,-104.0,19.0,0.0,37.0,-96.401,-96.263,-96.263,-8.0,0.0,-0.598,30.0,9.268,8.78,8.78,8.0,0.0,-0.0,30.0,6.804,6.804,6.804,0.0,0.0,0.112,31.0
43.643,1,fwd,90.0,11.9,-4.719,90.0,-4.861,8.0,0.0,5.484,32.0,-100.0,-100.0,-100.0,0.0,0.0,-0.0,31.0,-100.0,-100.0,-100.0,-24.0,1.0,0.0,31.0,-46.8,-45.0,-45.0,-104.0,19.0,0.0,37.0,-96.401,-96.263,-96.263,-8.0,0.0,-0.293,30.0,9.268,8.78,8.78,8.0,0.0,-0.0,30.0,6.804,6.804,6.804,0.0,0.0,0.055,31.0
43.6962,1,fwd,90.0,11.9,-4.629,90.0,-4.647,8.0,0.0,3.394,32.0,-100.0,-100.0,-100.0,0.0,0.0,-0.0,31.0,-100.0,-100.0,-100.0,-24.0,1.0,0.0,31.0,-46.8,-45.0,-45.0,-104.0,19.0,0.0,37.0,-96.401,-96.263,-96.263,-8.0,0.0,-0.144,30.0,9.268,8.78,8.78,8.0,0.0,-0.0,30.0,6.804,6.804,6.804,0.0,0.0,0.027,31.0
43.7485,1,fwd,90.0,11.9,-4.449,90.0,-4.434,8.0,0.0,3.386,32.0,-100.0,-100.0,-100.0,0.0,0.0,-0.0,31.0,-100.0,-100.0,-100.0,-24.0,1.0,0.0,31.0,-46.8,-45.0,-45.0,-104.0,19.0,0.0,37.0,-96.401,-96.263,-96.263,-8.0,0.0,-0.07,30.0,9.268,8.78,8.78,8.0,0.0,-0.0,30.0,6.804,6.804,6.804,0.0,0.0,0.013,31.0
43.8012,1,fwd,90.0,11.9,-4.27,90.0,-4.221,8.0,0.0,3.376,32.0,-100.0,-100.0,-100.0,0.0,0.0,-0.0,31.0,-100.0,-100.0,-100.0,-24.0,1.0,0.0,31.0,-46.8,-45.0,-45.0,-104.0,19.0,0.0,37.0,-96.332,-96.263,-96.263,-8.0,0.0,0.74,30.0,9.268,8.78,8.78,8.0,0.0,-0.0,30.0,6.804,6.804,6.804,0.0,0.0,0.006,31.0
43.8542,1,fwd,90.0,11.9,-4.09,90.0,-4.007,8.0,0.0,3.687,32.0,-100.0,-100.0,-100.0,0.0,0.0,-0.0,31.0,-100.0,-100.0,-100.0,-24.0,1.0,0.0,31.0,-46.8,-45.0,-45.0,-104.0,19.0,0.0,37.0,-96.332,-96.263,-96.263,-8.0,0.0,0.363,30.0,9.268,8.78,8.78,8.0,0.0,-0.0,30.0,6.804,6.804,6.804,0.0,0.0,0.003,31.0
43.9072,1,fwd,90.0,11.9,-4.0,90.0,-3.795,8.0,0.0,2.517,32.0,-100.0,-100.0,-100.0,0.0,0.0,-0.0,31.0,-100.0,-100.0,-100.0,-24.0,1.0,0.0,31.0,-46.8,-45.0,-45.0,-104.0,19.0,0.0,37.0,-96.332,-96.263,-96.263,-8.0,0.0,0.178,30.0,9.268,8.78,8.78,8.0,0.0,-0.0,30.0,6.804,6.804,6.804,0.0,0.0,0.002,31.0
43.9595,1,fwd,90.0,11.9,-3.91,90.0,-3.688,0.0,0.0,2.761,32.0,-100.0,-100.0,-100.0,-8.0,0.0,-0.0,31.0,-100.0,-100.0,-100.0,-24.0,1.0,0.0,30.0,-46.8,-45.0,-45.0,-104.0,20.0,0.0,37.0,-96.332,-96.263,-96.263,0.0,0.0,0.124,30.0,9.268,8.78,8.78,8.0,0.0,-0.0,30.0,6.804,6.804,6.804,0.0,0.0,0.001,31.0
44.0117,1,fwd,90.0,11.9,-3.461,90.0,-3.353,0.0,0.0,4.355,32.0,-100.0,-100.0,-100.0,-8.0,0.0,-0.0,31.0,-100.0,-100.0,-100.0,-24.0,1.0,0.0,30.0,-46.8,-45.0,-45.0,-104.0,20.0,0.0,37.0,-96.401,-96.263,-96.263,0.0,0.0,-0.195,30.0,9.268,8.78,8.78,8.0,0.0,-0.0,30.0,6.804,6.804,6.804,0.0,0.0,0.001,31.0
44.0653,1,fwd,90.0,11.9,-3.191,90.0,-3.138,0.0,0.0,4.251,32.0,-100.0,-100.0,-100.0,-8.0,0.0,-0.0,31.0,-100.0,-100.0,-100.0,-24.0,1.0,0.0,30.0,-46.8,-45.0,-45.0,-104.0,20.0,0.0,37.0,-96.401,-96.263,-96.263,0.0,0.0,-0.095,30.0,9.268,8.78,8.78,8.0,0.0,-0.0,30.0,6.804,6.804,6.804,0.0,0.0,0.0,31.0
44.119,1,fwd,90.0,11.9,-3.011,90.0,-2.924,0.0,0.0,3.805,32.0,-100.0,-100.0,-100.0,-8.0,0.0,-0.0,31.0,-100.0,-100.0,-100.0,-24.0,1.0,0.0,30.0,-46.8,-45.0,-45.0,-104.0,20.0,0.0,37.0,-96.332,-96.263,-96.263,0.0,0.0,0.737,30.0,9.268,8.78,8.78,8.0,0.0,-0.0,30.0,6.804,6.804,6.804,0.0,0.0,0.0,31.0
44.1715,1,fwd,90.0,11.9,-2.831,90.0,-2.712,0.0,0.0,3.588,32.0,-100.0,-100.0,-100.0,-8.0,0.0,-0.0,31.0,-100.0,-100.0,-100.0,-24.0,1.0,0.0,30.0,-46.8,-45.0,-45.0,-104.0,20.0,0.0,37.0,-96.332,-96.263,-96.263,0.0,0.0,0.361,30.0,9.268,8.78,8.78,8.0,0.0,-0.0,30.0,6.804,6.804,6.804,0.0,0.0,0.0,31.0
44.2251,1,fwd,90.0,11.9,-2.562,90.0,-2.499,0.0,0.0,4.495,32.0,-100.0,-100.0,-100.0,-8.0,0.0,-0.0,31.0,-100.0,-100.0,-100.0,-24.0,1.0,0.0,30.0,-46.8,-45.0,-45.0,-104.0,20.0,0.0,37.0,-96.332,-96.263,-96.263,0.0,0.0,0.177,30.0,9.268,8.78,8.78,8.0,0.0,-0.0,30.0,6.804,6.804,6.804,0.0,0.0,0.0,31.0
44.2783,1,fwd,90.0,11.9,-2.472,90.0,-2.285,0.0,0.0,3.217,32.0,-100.0,-100.0,-100.0,-8.0,0.0,-0.0,31.0,-100.0,-100.0,-100.0,-24.0,1.0,0.0,30.0,-46.8,-45.0,-45.0,-104.0,20.0,0.0,37.0,-96.332,-96.263,-96.263,0.0,0.0,0.087,30.0,9.268,8.78,8.78,8.0,0.0,-0.0,30.0,6.804,6.804,6.804,0.0,0.0,0.0,31.0
44.3324,1,fwd,90.0,11.9,-2.382,90.0,-2.073,0.0,0.0,2.587,32.0,-100.0,-100.0,-100.0,-8.0,0.0,-0.0,31.0,-100.0,-100.0,-100.0,-24.0,1.0,0.0,30.0,-46.8,-45.0,-45.0,-104.0,20.0,0.0,37.0,-96.401,-96.263,-96.263,0.0,0.0,-0.504,30.0,9.268,8.78,8.78,8.0,0.0,-0.0,30.0,6.804,6.804,6.804,0.0,0.0,0.0,31.0
44.3845,1,fwd,90.0,11.9,-2.022,90.0,-1.859,0.0,0.0,4.718,32.0,-100.0,-100.0,-100.0,-8.0,0.0,-0.0,31.0,-100.0,-100.0,-100.0,-24.0,1.0,0.0,30.0,-46.8,-45.0,-45.0,-104.0,20.0,0.0,37.0,-96.401,-96.263,-96.263,0.0,0.0,-0.247,30.0,9.268,8.78,8.78,8.0,0.0,-0.0,30.0,6.804,6.804,6.804,0.0,0.0,0.0,31.0
44.4367,1,fwd,90.0,11.9,-1.753,90.0,-1.647,0.0,0.0,4.737,32.0,-100.0,-100.0,-100.0,-8.0,0.0,-0.0,31.0,-100.0,-100.0,-100.0,-24.0,1.0,0.0,30.0,-46.8,-45.0,-45.0,-104.0,20.0,0.0,37.0,-96.401,-96.263,-96.263,0.0,0.0,-0.121,30.0,9.268,8.78,8.78,8.0,0.0,-0.0,30.0,6.804,6.804,6.804,0.0,0.0,0.0,31.0
44.4898,1,fwd,90.0,11.9,-1.663,90.0,-1.433,0.0,0.0,3.031,32.0,-100.0,-100.0,-100.0,-8.0,0.0,-0.0,31.0,-100.0,-100.0,-100.0,-24.0,1.0,0.0,30.0,-46.8,-45.0,-45.0,-104.0,20.0,0.0,37.0,-96.332,-96.263,-96.263,0.0,0.0,0.487,30.0,9.268,8.78,8.78,8.0,0.0,-0.0,30.0,6.804,6.804,6.804,0.0,0.0,0.0,31.0
44.5431,1,fwd,90.0,11.9,-1.483,90.0,-1.194,0.0,0.0,3.023,32.0,-100.0,-100.0,-100.0,0.0,0.0,-0.0,31.0,-100.0,-100.0,-100.0,-16.0,1.0,0.0,31.0,-46.8,-45.0,-45.0,-104.0,17.0,0.0,37.0,-96.332,-96.263,-96.263,0.0,0.0,0.341,30.0,9.268,8.78,8.78,8.0,0.0,-0.0,30.0,6.804,6.804,6.804,0.0,0.0,0.0,31.0
44.596,1,fwd,90.0,11.9,-1.393,90.0,-0.98,0.0,0.0,3.119,32.0,-100.0,-100.0,-100.0,0.0,0.0,-0.0,31.0,-100.0,-100.0,-100.0,-16.0,1.0,0.0,31.0,-46.8,-45.0,-45.0,-104.0,17.0,0.0,37.0,-96.332,-96.263,-96.263,0.0,0.0,0.239,30.0,9.268,8.78,8.78,8.0,0.0,-0.0,30.0,6.804,6.804,6.804,0.0,0.0,0.0,31.0
44.6493,1,fwd,90.0,11.9,-1.124,90.0,-0.755,0.0,0.0,4.188,32.0,-100.0,-100.0,-100.0,0.0,0.0,-0.0,31.0,-100.0,-100.0,-100.0,-16.0,1.0,0.0,31.0,-46.8,-45.0,-45.0,-104.0,17.0,0.0,37.0,-96.401,-96.263,-96.263,0.0,0.0,-0.661,30.0,9.268,8.78,8.78,8.0,0.0,-0.0,30.0,6.804,6.804,6.804,0.0,0.0,0.0,31.0
44.7016,1,fwd,90.0,11.9,-1.034,90.0,-0.637,0.0,0.0,3.065,32.0,-100.0,-100.0,-100.0,0.0,0.0,-0.0,31.0,-100.0,-100.0,-100.0,-16.0,1.0,0.0,31.0,-46.8,-45.0,-45.0,-104.0,17.0,0.0,37.0,-96.401,-96.263,-96.263,0.0,0.0,-0.324,30.0,9.268,8.78,8.78,8.0,0.0,-0.0,30.0,6.804,6.804,6.804,0.0,0.0,0.0,31.0
44.7553,1,fwd,90.0,11.9,-0.674,90.0,-0.416,0.0,0.0,5.166,32.0,-100.0,-100.0,-100.0,0.0,0.0,-0.0,31.0,-100.0,-100.0,-100.0,-16.0,1.0,0.0,31.0,-46.8,-45.0,-45.0,-104.0,17.0,0.0,37.0,-96.332,-96.263,-96.263,0.0,0.0,0.346,30.0,9.268,8.78,8.78,8.0,0.0,-0.0,30.0,6.804,6.804,6.804,0.0,0.0,0.0,31.0
44.8098,1,fwd,90.0,11.9,-0.315,90.0,-0.192,0.0,0.0,6.205,32.0,-100.0,-100.0,-100.0,0.0,0.0,-0.0,31.0,-100.0,-100.0,-100.0,-16.0,1.0,0.0,31.0,-46.8,-45.0,-45.0,-104.0,17.0,0.0,37.0,-96.332,-96.263,-96.263,0.0,0.0,0.169,30.0,9.268,8.78,8.78,8.0,0.0,-0.0,30.0,6.804,6.804,6.804,0.0,0.0,0.0,31.0
44.8625,1,fwd,90.0,11.9,-0.225,90.0,0.021,0.0,0.0,3.751,32.0,-100.0,-100.0,-100.0,0.0,0.0,-0.0,31.0,-100.0,-100.0,-100.0,-16.0,1.0,0.0,31.0,-46.8,-45.0,-45.0,-104.0,17.0,0.0,37.0,-96.401,-96.263,-96.263,0.0,0.0,-0.697,30.0,9.268,8.78,8.78,8.0,0.0,-0.0,30.0,6.804,6.804,6.804,0.0,0.0,0.0,31.0
44.9147,1,fwd,90.0,11.9,-0.135,90.0,0.234,0.0,0.0,2.55,32.0,-100.0,-100.0,-100.0,0.0,0.0,-0.0,31.0,-100.0,-100.0,-100.0,-16.0,1.0,0.0,31.0,-46.8,-45.0,-45.0,-104.0,17.0,0.0,37.0,-96.401,-96.263,-96.263,0.0,0.0,-0.342,30.0,9.268,8.78,8.78,8.0,0.0,-0.0,30.0,6.804,6.804,6.804,0.0,0.0,0.0,31.0
44.968,1,fwd,90.0,11.9,0.135,90.0,0.447,0.0,0.0,3.671,32.0,-100.0,-100.0,-100.0,0.0,0.0,-0.0,31.0,-100.0,-100.0,-100.0,-16.0,1.0,0.0,31.0,-46.8,-45.0,-45.0,-104.0,17.0,0.0,37.0,-96.401,-96.263,-96.263,0.0,0.0,-0.167,30.0,9.268,8.78,8.78,8.0,0.0,-0.0,30.0,6.804,6.804,6.804,0.0,0.0,0.0,31.0
45.0218,1,fwd,90.0,11.9,0.315,90.0,0.661,0.0,0.0,3.523,32.0,-100.0,-100.0,-100.0,0.0,0.0,-0.0,31.0,-100.0,-100.0,-100.0,-16.0,1.0,0.0,31.0,-46.8,-45.0,-45.0,-104.0,17.0,0.0,37.0,-96.332,-96.263,-96.263,0.0,0.0,0.7,30.0,9.268,8.78,8.78,8.0,0.0,-0.0,30.0,6.804,6.804,6.804,0.0,0.0,0.0,31.0
45.0744,1,fwd,90.0,11.9,0.404,90.0,0.873,0.0,0.0,2.437,32.0,-100.0,-100.0,-100.0,0.0,0.0,-0.0,31.0,-100.0,-100.0,-100.0,-16.0,1.0,0.0,31.0,-46.8,-45.0,-45.0,-104.0,17.0,0.0,37.0,-96.332,-96.263,-96.263,0.0,0.0,0.343,30.0,9.268,8.78,8.78,8.0,0.0,-0.0,30.0,6.804,6.804,6.804,0.0,0.0,0.0,31.0
45.1276,1,fwd,90.0,11.9,0.764,90.0,1.111,-28.0,0.0,3.519,32.0,-100.0,-100.0,-100.0,-8.0,0.0,-0.0,31.0,-100.0,-100.0,-100.0,-16.0,0.0,0.0,31.0,-46.8,-45.0,-45.0,-104.0,23.0,0.0,37.0,-96.332,-96.263,-96.263,0.0,0.0,0.24,30.0,9.268,8.78,8.78,8.0,0.0,-0.0,30.0,6.804,6.804,6.804,0.0,0.0,0.0,31.0
45.1808,1,fwd,90.0,11.9,1.034,90.0,1.325,-28.0,0.0,4.455,32.0,-100.0,-100.0,-100.0,-8.0,0.0,-0.0,31.0,-100.0,-100.0,-100.0,-16.0,0.0,0.0,31.0,-46.8,-45.0,-45.0,-104.0,23.0,0.0,37.0,-96.401,-96.263,-96.263,0.0,0.0,-0.663,30.0,9.268,8.78,8.78,8.0,0.0,-0.0,30.0,6.804,6.804,6.804,0.0,0.0,0.0,31.0
45.234,1,fwd,90.0,11.9,1.213,90.0,1.538,-28.0,0.0,3.6,32.0,-100.0,-100.0,-100.0,-8.0,0.0,-0.0,31.0,-100.0,-100.0,-100.0,-16.0,0.0,0.0,31.0,-46.8,-45.0,-45.0,-104.0,23.0,0.0,37.0,-96.401,-96.263,-96.263,0.0,0.0,-0.325,30.0,9.268,8.78,8.78,8.0,0.0,-0.0,30.0,6.804,6.804,6.804,0.0,0.0,0.0,31.0
45.287,1,fwd,90.0,11.9,1.303,90.0,1.752,-28.0,0.0,2.464,32.0,-100.0,-100.0,-100.0,-8.0,0.0,-0.0,31.0,-100.0,-100.0,-100.0,-16.0,0.0,0.0,31.0,-46.8,-45.0,-45.0,-104.0,23.0,0.0,37.0,-96.332,-96.263,-96.263,0.0,0.0,0.623,30.0,9.268,8.78,8.78,8.0,0.0,-0.0,30.0,6.804,6.804,6.804,0.0,0.0,0.0,31.0
45.341,1,fwd,90.0,11.9,1.573,90.0,1.964,-28.0,0.0,3.65,32.0,-100.0,-100.0,-100.0,-8.0,0.0,-0.0,31.0,-100.0,-100.0,-100.0,-16.0,0.0,0.0,31.0,-46.8,-45.0,-45.0,-104.0,23.0,0.0,37.0,-96.332,-96.263,-96.263,0.0,0.0,0.305,30.0,9.268,8.78,8.78,8.0,0.0,-0.0,30.0,6.804,6.804,6.804,0.0,0.0,0.0,31.0
45.3942,1,fwd,90.0,11.9,1.753,90.0,2.177,-28.0,0.0,3.507,32.0,-100.0,-100.0,-100.0,-8.0,0.0,-0.0,31.0,-100.0,-100.0,-100.0,-16.0,0.0,0.0,31.0,-46.8,-45.0,-45.0,-104.0,23.0,0.0,37.0,-96.332,-96.263,-96.263,0.0,0.0,0.15,30.0,9.268,8.78,8.78,8.0,0.0,-0.0,30.0,6.804,6.804,6.804,0.0,0.0,0.0,31.0
45.4472,1,fwd,90.0,11.9,1.933,90.0,2.391,-28.0,0.0,3.435,32.0,-100.0,-100.0,-100.0,-8.0,0.0,-0.0,31.0,-100.0,-100.0,-100.0,-16.0,0.0,0.0,31.0,-46.8,-45.0,-45.0,-104.0,23.0,0.0,37.0,-96.332,-96.263,-96.263,0.0,0.0,0.073,30.0,9.268,8.78,8.78,8.0,0.0,-0.0,30.0,6.804,6.804,6.804,0.0,0.0,0.0,31.0
45.4994,1,fwd,90.0,11.9,2.202,90.0,2.604,-28.0,0.0,4.43,32.0,-100.0,-100.0,-100.0,-8.0,0.0,-0.0,31.0,-100.0,-100.0,-100.0,-16.0,0.0,0.0,31.0,-46.8,-45.0,-45.0,-104.0,23.0,0.0,37.0,-96.401,-96.263,-96.263,0.0,0.0,-0.511,30.0,9.268,8.78,8.78,8.0,0.0,-0.0,30.0,6.804,6.804,6.804,0.0,0.0,0.0,31.0
45.5529,1,fwd,90.0,11.9,2.562,90.0,2.816,-28.0,0.0,5.613,32.0,-100.0,-100.0,-100.0,-8.0,0.0,-0.0,31.0,-100.0,-100.0,-100.0,-16.0,0.0,0.0,31.0,-46.8,-45.0,-45.0,-104.0,23.0,0.0,37.0,-96.401,-96.263,-96.263,0.0,0.0,-0.25,30.0,9.268,8.78,8.78,8.0,0.0,-0.0,30.0,6.804,6.804,6.804,0.0,0.0,0.0,31.0
45.6063,1,fwd,90.0,11.9,2.652,90.0,3.03,-28.0,0.0,3.458,32.0,-100.0,-100.0,-100.0,-8.0,0.0,-0.0,31.0,-100.0,-100.0,-100.0,-16.0,0.0,0.0,31.0,-46.8,-45.0,-45.0,-104.0,23.0,0.0,37.0,-96.332,-96.263,-96.263,0.0,0.0,0.422,30.0,9.268,8.78,8.78,8.0,0.0,-0.0,30.0,6.804,6.804,6.804,0.0,0.0,0.0,31.0
45.6586,1,fwd,90.0,11.9,2.742,90.0,3.135,-4.0,0.0,3.431,32.0,-100.0,-100.0,-100.0,0.0,0.0,-0.0,31.0,-100.0,-100.0,-100.0,-16.0,0.0,0.0,30.0,-46.8,-45.0,-45.0,-104.0,20.0,0.0,37.0,-96.332,-96.263,-96.263,0.0,0.0,0.295,30.0,9.268,8.78,8.78,8.0,0.0,-0.0,30.0,6.804,6.804,6.804,0.0,0.0,0.0,31.0
45.7105,1,fwd,90.0,11.9,3.011,90.0,3.47,-4.0,0.0,3.36,32.0,-100.0,-100.0,-100.0,0.0,0.0,-0.0,31.0,-100.0,-100.0,-100.0,-16.0,0.0,0.0,30.0,-46.8,-45.0,-45.0,-104.0,20.0,0.0,37.0,-96.332,-96.263,-96.263,0.0,0.0,0.145,30.0,9.268,8.78,8.78,8.0,0.0,-0.0,30.0,6.804,6.804,6.804,0.0,0.0,0.0,31.0
45.7625,1,fwd,90.0,11.9,3.191,90.0,3.683,-4.0,0.0,3.671,32.0,-100.0,-100.0,-100.0,0.0,0.0,-0.0,31.0,-100.0,-100.0,-100.0,-16.0,0.0,0.0,30.0,-46.8,-45.0,-45.0,-104.0,20.0,0.0,37.0,-96.401,-96.263,-96.263,0.0,0.0,-0.709,30.0,9.268,8.78,8.78,8.0,0.0,-0.0,30.0,6.804,6.804,6.804,0.0,0.0,0.0,31.0
45.8157,1,fwd,90.0,11.9,3.371,90.0,3.896,-4.0,0.0,3.217,32.0,-100.0,-100.0,-100.0,0.0,0.0,-0.0,31.0,-100.0,-100.0,-100.0,-16.0,0.0,0.0,30.0,-46.8,-45.0,-45.0,-104.0,20.0,0.0,37.0,-96.332,-96.263,-96.263,0.0,0.0,0.438,30.0,9.268,8.78,8.78,8.0,0.0,-0.0,30.0,6.804,6.804,6.804,0.0,0.0,0.0,31.0
45.8689,1,fwd,90.0,11.9,3.64,90.0,4.108,-4.0,0.0,4.007,32.0,-100.0,-100.0,-100.0,0.0,0.0,-0.0,31.0,-100.0,-100.0,-100.0,-16.0,0.0,0.0,30.0,-46.8,-45.0,-45.0,-104.0,20.0,0.0,37.0,-96.332,-96.263,-96.263,0.0,0.0,0.215,30.0,9.268,8.78,8.78,8.0,0.0,-0.0,30.0,6.804,6.804,6.804,0.0,0.0,0.0,31.0
45.9219,1,fwd,90.0,11.9,4.09,90.0,4.321,-4.0,0.0,6.135,32.0,-100.0,-100.0,-100.0,0.0,0.0,-0.0,31.0,-100.0,-100.0,-100.0,-16.0,0.0,0.0,30.0,-46.8,-45.0,-45.0,-104.0,20.0,0.0,37.0,-96.332,-96.263,-96.263,0.0,0.0,0.105,30.0,9.268,8.78,8.78,8.0,0.0,-0.0,30.0,6.804,6.804,6.804,0.0,0.0,0.0,31.0
45.975,1,fwd,90.0,11.9,4.09,90.0,4.534,-4.0,0.0,4.294,32.0,-100.0,-100.0,-100.0,0.0,0.0,-0.0,31.0,-100.0,-100.0,-100.0,-16.0,0.0,0.0,30.0,-46.8,-45.0,-45.0,-104.0,20.0,0.0,37.0,-96.332,-96.263,-96.263,0.0,0.0,0.074,30.0,9.268,8.78,8.78,8.0,0.0,-0.0,30.0,6.804,6.804,6.804,0.0,0.0,0.0,31.0
46.0276,1,fwd,90.0,11.9,4.18,90.0,4.759,-4.0,0.0,2.74,32.0,-100.0,-100.0,-100.0,0.0,0.0,-0.0,31.0,-100.0,-100.0,-100.0,-16.0,0.0,0.0,30.0,-46.8,-45.0,-45.0,-104.0,20.0,0.0,37.0,-96.401,-96.263,-96.263,0.0,0.0,-0.745,30.0,9.268,8.78,8.78,8.0,0.0,-0.0,30.0,6.804,6.804,6.804,0.0,0.0,0.0,31.0
46.0813,1,fwd,90.0,11.9,4.36,90.0,4.982,-4.0,0.0,2.999,32.0,-100.0,-100.0,-100.0,0.0,0.0,-0.0,31.0,-100.0,-100.0,-100.0,-16.0,0.0,0.0,30.0,-46.8,-45.0,-45.0,-104.0,20.0,0.0,37.0,-96.401,-96.263,-96.263,0.0,0.0,-0.365,30.0,9.268,8.78,8.78,8.0,0.0,-0.0,30.0,6.804,6.804,6.804,0.0,0.0,0.0,31.0
46.1348,1,fwd,90.0,11.9,4.449,90.0,5.197,-4.0,0.0,2.491,32.0,-100.0,-100.0,-100.0,0.0,0.0,-0.0,31.0,-100.0,-100.0,-100.0,-16.0,0.0,0.0,30.0,-46.8,-45.0,-45.0,-104.0,20.0,0.0,37.0,-96.332,-96.263,-96.263,0.0,0.0,0.357,30.0,9.268,8.78,8.78,8.0,0.0,-0.0,30.0,6.804,6.804,6.804,0.0,0.0,0.0,31.0
46.188,1,fwd,90.0,11.9,4.809,90.0,5.412,-4.0,0.0,4.629,32.0,-100.0,-100.0,-100.0,0.0,0.0,-0.0,31.0,-100.0,-100.0,-100.0,-16.0,0.0,0.0,30.0,-46.8,-45.0,-45.0,-104.0,20.0,0.0,37.0,-96.332,-96.263,-96.263,0.0,0.0,0.175,30.0,9.268,8.78,8.78,8.0,0.0,-0.0,30.0,6.804,6.804,6.804,0.0,0.0,0.0,31.0
46.2411,1,fwd,90.0,11.9,4.989,90.0,5.412,0.0,0.0,5.076,32.0,-100.0,-100.0,-100.0,0.0,0.0,-0.0,31.0,-100.0,-100.0,-100.0,0.0,0.0,0.0,30.0,-46.8,-45.0,-45.0,-104.0,21.0,0.0,37.0,-96.332,-96.263,-96.263,0.0,0.0,0.122,30.0,9.268,8.78,8.78,8.0,0.0,-0.0,30.0,6.804,6.804,6.804,0.0,0.0,0.0,31.0
46.2942,1,fwd,90.0,11.9,5.438,90.0,5.755,0.0,0.0,5.51,32.0,-100.0,-100.0,-100.0,0.0,0.0,-0.0,31.0,-100.0,-100.0,-100.0,0.0,0.0,0.0,30.0,-46.8,-45.0,-45.0,-104.0,21.0,0.0,37.0,-96.332,-96.263,-96.263,0.0,0.0,0.06,30.0,9.268,8.78,8.78,8.0,0.0,-0.0,30.0,6.804,6.804,6.804,0.0,0.0,0.0,31.0
46.3482,1,fwd,90.0,11.9,5.528,90.0,5.969,0.0,0.0,3.404,32.0,-100.0,-100.0,-100.0,0.0,0.0,-0.0,31.0,-100.0,-100.0,-100.0,0.0,0.0,0.0,30.0,-46.8,-45.0,-45.0,-104.0,21.0,0.0,37.0,-96.401,-96.263,-96.263,0.0,0.0,-0.756,30.0,9.268,8.78,8.78,8.0,0.0,-0.0,30.0,6.804,6.804,6.804,0.0,0.0,0.0,31.0
46.4012,1,fwd,90.0,11.9,5.618,90.0,6.181,0.0,0.0,2.38,32.0,-100.0,-100.0,-100.0,0.0,0.0,-0.0,31.0,-100.0,-100.0,-100.0,0.0,0.0,0.0,30.0,-46.8,-45.0,-45.0,-104.0,21.0,0.0,37.0,-96.401,-96.263,-96.263,0.0,0.0,-0.37,30.0,9.268,8.78,8.78,8.0,0.0,-0.0,30.0,6.804,6.804,6.804,0.0,0.0,0.0,31.0
46.4543,1,fwd,90.0,11.9,5.708,90.0,6.394,0.0,0.0,1.877,32.0,-100.0,-100.0,-100.0,0.0,0.0,-0.0,31.0,-100.0,-100.0,-100.0,0.0,0.0,0.0,30.0,-46.8,-45.0,-45.0,-104.0,21.0,0.0,37.0,-96.332,-96.263,-96.263,0.0,0.0,0.597,30.0,9.268,8.78,8.78,8.0,0.0,-0.0,30.0,6.804,6.804,6.804,0.0,0.0,0.0,31.0
46.5065,1,fwd,90.0,11.9,5.978,90.0,6.608,0.0,0.0,3.342,32.0,-100.0,-100.0,-100.0,0.0,0.0,-0.0,31.0,-100.0,-100.0,-100.0,0.0,0.0,0.0,30.0,-46.8,-45.0,-45.0,-104.0,21.0,0.0,37.0,-96.332,-96.263,-96.263,0.0,0.0,0.292,30.0,9.268,8.78,8.78,8.0,0.0,-0.0,30.0,6.804,6.804,6.804,0.0,0.0,0.0,31.0
46.5598,1,fwd,90.0,11.9,6.247,90.0,6.82,0.0,0.0,4.364,32.0,-100.0,-100.0,-100.0,0.0,0.0,-0.0,31.0,-100.0,-100.0,-100.0,0.0,0.0,0.0,30.0,-46.8,-45.0,-45.0,-104.0,21.0,0.0,37.0,-96.332,-96.263,-96.263,0.0,0.0,0.143,30.0,9.268,8.78,8.78,8.0,0.0,-0.0,30.0,6.804,6.804,6.804,0.0,0.0,0.0,31.0
46.6126,1,fwd,90.0,11.9,6.607,90.0,7.034,0.0,0.0,5.263,32.0,-100.0,-100.0,-100.0,0.0,0.0,-0.0,31.0,-100.0,-100.0,-100.0,0.0,0.0,0.0,30.0,-46.8,-45.0,-45.0,-104.0,21.0,0.0,37.0,-96.332,-96.263,-96.263,0.0,0.0,0.07,30.0,9.268,8.78,8.78,8.0,0.0,-0.0,30.0,6.804,6.804,6.804,0.0,0.0,0.0,31.0
46.6646,1,fwd,90.0,11.9,6.876,90.0,7.249,0.0,0.0,5.293,32.0,-100.0,-100.0,-100.0,0.0,0.0,-0.0,31.0,-100.0,-100.0,-100.0,0.0,0.0,0.0,30.0,-46.8,-45.0,-45.0,-104.0,21.0,0.0,37.0,-96.332,-96.263,-96.263,0.0,0.0,0.034,30.0,9.268,8.78,8.78,8.0,0.0,-0.0,30.0,6.804,6.804,6.804,0.0,0.0,0.0,31.0
46.7178,1,fwd,90.0,11.9,6.966,90.0,7.464,0.0,0.0,3.61,32.0,-100.0,-100.0,-100.0,0.0,0.0,-0.0,31.0,-100.0,-100.0,-100.0,0.0,0.0,0.0,30.0,-46.8,-45.0,-45.0,-104.0,21.0,0.0,37.0,-96.401,-96.263,-96.263,0.0,0.0,-0.526,30.0,9.268,8.78,8.78,8.0,0.0,-0.0,30.0,6.804,6.804,6.804,0.0,0.0,0.0,31.0
46.7709,1,fwd,90.0,11.9,7.056,90.0,7.677,0.0,0.0,2.475,32.0,-100.0,-100.0,-100.0,0.0,0.0,-0.0,31.0,-100.0,-100.0,-100.0,0.0,0.0,0.0,30.0,-46.8,-45.0,-45.0,-104.0,21.0,0.0,37.0,-96.332,-96.263,-96.263,0.0,0.0,0.525,30.0,9.268,8.78,8.78,8.0,0.0,-0.0,30.0,6.804,6.804,6.804,0.0,0.0,0.0,31.0
46.8243,1,fwd,90.0,11.9,7.236,90.0,7.915,-32.0,0.0,2.633,32.0,-100.0,-100.0,-100.0,0.0,0.0,-0.0,31.0,-99.858,-100.0,-100.0,0.0,0.0,0.713,31.0,-46.8,-45.0,-45.0,-104.0,20.0,0.0,37.0,-96.332,-96.263,-96.263,0.0,0.0,0.368,30.0,9.268,8.78,8.78,8.0,0.0,-0.0,30.0,6.804,6.804,6.804,0.0,0.0,0.0,31.0
46.8773,1,fwd,90.0,11.9,7.416,90.0,8.129,-32.0,0.0,3.326,32.0,-100.0,-100.0,-100.0,0.0,0.0,-0.0,31.0,-99.858,-100.0,-100.0,0.0,0.0,0.349,31.0,-46.8,-45.0,-45.0,-104.0,20.0,0.0,37.0,-96.332,-96.263,-96.263,0.0,0.0,0.18,30.0,9.268,8.78,8.78,8.0,0.0,-0.0,30.0,6.804,6.804,6.804,0.0,0.0,0.0,31.0
46.9303,1,fwd,90.0,11.9,7.685,90.0,8.341,-32.0,0.0,4.066,32.0,-100.0,-100.0,-100.0,0.0,0.0,-0.0,31.0,-99.858,-100.0,-100.0,0.0,0.0,0.171,31.0,-46.8,-45.0,-45.0,-104.0,20.0,0.0,37.0,-96.332,-96.263,-96.263,0.0,0.0,0.088,30.0,9.268,8.78,8.78,8.0,0.0,-0.0,30.0,6.804,6.804,6.804,0.0,0.0,0.0,31.0
46.9825,1,fwd,90.0,11.9,8.045,90.0,8.554,-32.0,0.0,5.121,32.0,-100.0,-100.0,-100.0,0.0,0.0,-0.0,31.0,-100.0,-100.0,-100.0,0.0,0.0,-1.518,31.0,-46.8,-45.0,-45.0,-104.0,20.0,0.0,37.0,-96.332,-96.263,-96.263,0.0,0.0,0.043,30.0,9.268,8.78,8.78,8.0,0.0,-0.0,30.0,6.804,6.804,6.804,0.0,0.0,0.0,31.0
47.0362,1,fwd,90.0,11.9,8.225,90.0,8.768,-32.0,0.0,4.229,32.0,-100.0,-100.0,-100.0,0.0,0.0,-0.0,31.0,-100.0,-100.0,-100.0,0.0,0.0,-0.744,31.0,-46.8,-45.0,-45.0,-104.0,20.0,0.0,37.0,-96.401,-96.263,-96.263,0.0,0.0,-0.52,30.0,9.268,8.78,8.78,8.0,0.0,-0.0,30.0,6.804,6.804,6.804,0.0,0.0,0.0,31.0
47.0894,1,fwd,90.0,11.9,8.494,90.0,8.981,-32.0,0.0,4.817,32.0,-100.0,-100.0,-100.0,0.0,0.0,-0.0,31.0,-100.0,-100.0,-100.0,0.0,0.0,-0.365,31.0,-46.8,-45.0,-45.0,-104.0,20.0,0.0,37.0,-96.332,-96.263,-96.263,0.0,0.0,0.529,30.0,9.268,8.78,8.78,8.0,0.0,-0.0,30.0,6.804,6.804,6.804,0.0,0.0,0.0,31.0
47.1428,1,fwd,90.0,11.9,8.674,90.0,9.193,-32.0,0.0,4.395,32.0,-100.0,-100.0,-100.0,0.0,0.0,-0.0,31.0,-100.0,-100.0,-100.0,0.0,0.0,-0.179,31.0,-46.8,-45.0,-45.0,-104.0,20.0,0.0,37.0,-96.332,-96.263,-96.263,0.0,0.0,0.259,30.0,9.268,8.78,8.78,8.0,0.0,-0.0,30.0,6.804,6.804,6.804,0.0,0.0,0.0,31.0
47.1963,1,fwd,90.0,11.9,8.764,90.0,9.405,-32.0,0.0,3.164,32.0,-100.0,-100.0,-100.0,0.0,0.0,-0.0,31.0,-100.0,-100.0,-100.0,0.0,0.0,-0.088,31.0,-46.8,-45.0,-45.0,-104.0,20.0,0.0,37.0,-96.332,-96.263,-96.263,0.0,0.0,0.127,30.0,9.268,8.78,8.78,8.0,0.0,-0.0,30.0,6.804,6.804,6.804,0.0,0.0,0.0,31.0
47.2486,1,fwd,90.0,11.9,8.944,90.0,9.619,-32.0,0.0,3.578,32.0,-100.0,-100.0,-100.0,0.0,0.0,-0.0,31.0,-100.0,-100.0,-100.0,0.0,0.0,-0.043,31.0,-46.8,-45.0,-45.0,-104.0,20.0,0.0,37.0,-96.332,-96.263,-96.263,0.0,0.0,0.062,30.0,9.268,8.78,8.78,8.0,0.0,-0.0,30.0,6.804,6.804,6.804,0.0,0.0,0.0,31.0
47.3017,1,fwd,90.0,11.9,9.303,90.0,9.833,-32.0,0.0,5.191,32.0,-100.0,-100.0,-100.0,0.0,0.0,-0.0,31.0,-100.0,-100.0,-100.0,0.0,0.0,-0.021,31.0,-46.8,-45.0,-45.0,-104.0,20.0,0.0,37.0,-96.332,-96.263,-96.263,0.0,0.0,0.031,30.0,9.268,8.78,8.78,8.0,0.0,-0.0,30.0,6.804,6.804,6.804,0.0,0.0,0.0,31.0
47.3559,1,fwd,90.0,11.9,9.393,90.0,9.939,-32.0,0.0,4.646,32.0,-100.0,-100.0,-100.0,0.0,0.0,-0.0,31.0,-100.0,-100.0,-100.0,0.0,0.0,-0.015,31.0,-46.8,-45.0,-45.0,-104.0,20.0,0.0,37.0,-96.332,-96.263,-96.263,0.0,0.0,0.021,30.0,9.268,8.78,8.78,8.0,0.0,-0.0,30.0,6.804,6.804,6.804,0.0,0.0,0.0,31.0
47.4084,1,fwd,90.0,11.9,9.573,90.0,10.285,-12.0,0.0,4.153,32.0,-100.0,-100.0,-100.0,-8.0,0.0,-0.0,31.0,-100.0,-100.0,-100.0,0.0,0.0,-0.01,31.0,-46.8,-45.0,-45.0,-104.0,16.0,0.0,37.0,-96.401,-96.263,-96.263,0.0,0.0,-0.332,30.0,9.268,8.78,8.78,8.0,0.0,-0.0,30.0,6.804,6.804,6.804,0.0,0.0,0.0,31.0
47.4613,1,fwd,90.0,11.9,9.753,90.0,10.401,-12.0,0.0,4.035,32.0,-100.0,-100.0,-100.0,-8.0,0.0,-0.0,31.0,-100.0,-100.0,-100.0,0.0,0.0,-0.005,31.0,-46.8,-45.0,-45.0,-104.0,16.0,0.0,37.0,-96.401,-96.263,-96.263,0.0,0.0,-0.163,30.0,9.268,8.78,8.78,8.0,0.0,-0.0,30.0,6.804,6.804,6.804,0.0,0.0,0.0,31.0
47.5148,1,fwd,90.0,11.9,9.933,90.0,10.624,-12.0,0.0,3.638,32.0,-100.0,-100.0,-100.0,-8.0,0.0,-0.0,31.0,-100.0,-100.0,-100.0,0.0,0.0,-0.002,31.0,-46.8,-45.0,-45.0,-104.0,16.0,0.0,37.0,-96.332,-96.263,-96.263,0.0,0.0,0.426,30.0,9.268,8.78,8.78,8.0,0.0,-0.0,30.0,6.804,6.804,6.804,0.0,0.0,0.0,31.0
47.5682,1,fwd,90.0,11.9,10.112,90.0,10.838,-12.0,0.0,3.504,32.0,-100.0,-100.0,-100.0,-8.0,0.0,-0.0,31.0,-100.0,-100.0,-100.0,0.0,0.0,-0.001,31.0,-46.8,-45.0,-45.0,-104.0,16.0,0.0,37.0,-96.332,-96.263,-96.263,0.0,0.0,0.209,30.0,9.268,8.78,8.78,8.0,0.0,-0.0,30.0,6.804,6.804,6.804,0.0,0.0,0.0,31.0
47.6218,1,fwd,90.0,11.9,10.292,90.0,11.052,-12.0,0.0,3.426,32.0,-100.0,-100.0,-100.0,-8.0,0.0,-0.0,31.0,-99.858,-100.0,-100.0,0.0,0.0,1.105,31.0,-46.8,-45.0,-45.0,-104.0,16.0,0.0,37.0,-96.332,-96.263,-96.263,0.0,0.0,0.102,30.0,9.268,8.78,8.78,8.0,0.0,-0.0,30.0,6.804,6.804,6.804,0.0,0.0,0.0,31.0
47.6748,1,fwd,90.0,11.9,10.652,90.0,11.266,-12.0,0.0,5.111,32.0,-100.0,-100.0,-100.0,-8.0,0.0,-0.0,31.0,-99.858,-100.0,-100.0,0.0,0.0,0.541,31.0,-46.8,-45.0,-45.0,-104.0,16.0,0.0,37.0,-96.332,-96.263,-96.263,0.0,0.0,0.05,30.0,9.268,8.78,8.78,8.0,0.0,-0.0,30.0,6.804,6.804,6.804,0.0,0.0,0.0,31.0
47.728,1,fwd,90.0,11.9,10.921,90.0,11.479,-12.0,0.0,5.246,32.0,-100.0,-100.0,-100.0,-8.0,0.0,-0.0,31.0,-99.858,-100.0,-100.0,0.0,0.0,0.265,31.0,-46.8,-45.0,-45.0,-104.0,16.0,0.0,37.0,-96.332,-96.263,-96.263,0.0,0.0,0.025,30.0,9.268,8.78,8.78,8.0,0.0,-0.0,30.0,6.804,6.804,6.804,0.0,0.0,0.0,31.0
47.7811,1,fwd,90.0,11.9,11.011,90.0,11.692,-12.0,0.0,3.281,32.0,-100.0,-100.0,-100.0,-8.0,0.0,-0.0,31.0,-99.858,-100.0,-100.0,0.0,0.0,0.13,31.0,-46.8,-45.0,-45.0,-104.0,16.0,0.0,37.0,-96.332,-96.263,-96.263,0.0,0.0,0.012,30.0,9.268,8.78,8.78,8.0,0.0,-0.0,30.0,6.804,6.804,6.804,0.0,0.0,0.0,31.0
47.8338,1,fwd,90.0,11.9,11.191,90.0,11.906,-12.0,0.0,3.297,32.0,-100.0,-100.0,-100.0,-8.0,0.0,-0.0,31.0,-99.858,-100.0,-100.0,0.0,0.0,0.064,31.0,-46.8,-45.0,-45.0,-104.0,16.0,0.0,37.0,-96.332,-96.263,-96.263,0.0,0.0,0.006,30.0,9.268,8.78,8.78,8.0,0.0,-0.0,30.0,6.804,6.804,6.804,0.0,0.0,0.0,31.0
47.887,1,fwd,90.0,11.9,11.371,90.0,12.121,-12.0,0.0,3.342,32.0,-100.0,-100.0,-100.0,-8.0,0.0,-0.0,31.0,-99.858,-100.0,-100.0,0.0,0.0,0.031,31.0,-46.8,-45.0,-45.0,-104.0,16.0,0.0,37.0,-96.401,-96.263,-96.263,0.0,0.0,-0.546,30.0,9.268,8.78,8.78,8.0,0.0,-0.0,30.0,6.804,6.804,6.804,0.0,0.0,0.0,31.0
47.94,1,fwd,90.0,11.9,11.551,90.0,12.227,-40.0,2.0,4.347,32.0,-100.0,-100.0,-100.0,-8.0,0.0,-0.0,31.0,-99.858,-100.0,-100.0,8.0,0.0,0.022,31.0,-46.8,-45.0,-45.0,-104.0,18.0,0.0,37.0,-96.332,-96.263,-96.263,0.0,0.0,0.391,30.0,9.268,8.78,8.78,8.0,0.0,-0.0,30.0,6.804,6.804,6.804,0.0,0.0,0.0,31.0
47.9931,1,fwd,90.0,11.9,11.73,90.0,12.564,-40.0,2.0,3.47,32.0,-100.0,-100.0,-100.0,-8.0,0.0,-0.0,31.0,-99.858,-100.0,-100.0,8.0,0.0,0.011,31.0,-46.8,-45.0,-45.0,-104.0,18.0,0.0,37.0,-96.332,-96.263,-96.263,0.0,0.0,0.192,30.0,9.268,8.78,8.78,8.0,0.0,-0.0,30.0,6.804,6.804,6.804,0.0,0.0,0.0,31.0
48.0454,1,fwd,90.0,11.9,12.09,90.0,12.777,-40.0,2.0,5.145,32.0,-100.0,-100.0,-100.0,-8.0,0.0,-0.0,31.0,-99.858,-100.0,-100.0,8.0,0.0,0.005,31.0,-46.8,-45.0,-45.0,-104.0,18.0,0.0,37.0,-96.332,-96.263,-96.263,0.0,0.0,0.094,30.0,9.268,8.78,8.78,8.0,0.0,-0.0,30.0,6.804,6.804,6.804,0.0,0.0,0.0,31.0
48.0988,1,fwd,90.0,11.9,12.36,90.0,12.99,-40.0,2.0,4.954,32.0,-100.0,-100.0,-100.0,-8.0,0.0,-0.0,31.0,-99.858,-100.0,-100.0,8.0,0.0,0.003,31.0,-46.8,-45.0,-45.0,-104.0,18.0,0.0,37.0,-96.332,-96.263,-96.263,0.0,0.0,0.046,30.0,8.78,8.78,8.78,8.0,0.0,-5.489,30.0,6.804,6.804,6.804,0.0,0.0,0.0,31.0
48.152,1,fwd,90.0,11.9,12.539,90.0,13.203,-40.0,2.0,4.153,32.0,-100.0,-100.0,-100.0,-8.0,0.0,-0.0,31.0,-99.858,-100.0,-100.0,8.0,0.0,0.001,31.0,-46.8,-45.0,-45.0,-104.0,18.0,0.0,37.0,-96.332,-96.263,-96.263,0.0,0.0,0.023,30.0,8.78,8.78,8.78,8.0,0.0,-2.69,30.0,6.804,6.804,6.804,0.0,0.0,0.0,31.0
48.2053,1,fwd,90.0,11.9,12.719,90.0,13.416,-40.0,2.0,4.069,32.0,-100.0,-100.0,-100.0,-8.0,0.0,-0.0,31.0,-99.858,-100.0,-100.0,8.0,0.0,0.001,31.0,-46.8,-45.0,-45.0,-104.0,18.0,0.0,37.0,-96.332,-96.263,-96.263,0.0,0.0,0.011,30.0,8.78,8.78,8.78,8.0,0.0,-1.318,30.0,6.804,6.804,6.804,0.0,0.0,0.0,31.0
48.2577,1,fwd,90.0,11.9,12.809,90.0,13.628,-40.0,2.0,2.701,32.0,-100.0,-100.0,-100.0,-8.0,0.0,-0.0,31.0,-99.858,-100.0,-100.0,8.0,0.0,0.0,31.0,-46.8,-45.0,-45.0,-104.0,18.0,0.0,37.0,-96.332,-96.263,-96.263,0.0,0.0,0.005,30.0,8.78,8.78,8.78,8.0,0.0,-0.646,30.0,6.804,6.804,6.804,0.0,0.0,0.0,31.0
48.3109,1,fwd,90.0,11.9,13.079,90.0,13.841,-40.0,2.0,3.752,32.0,-100.0,-100.0,-100.0,-8.0,0.0,-0.0,31.0,-99.858,-100.0,-100.0,8.0,0.0,0.0,31.0,-46.8,-45.0,-45.0,-104.0,18.0,0.0,37.0,-96.332,-96.263,-96.263,0.0,0.0,0.003,30.0,8.78,8.78,8.78,8.0,0.0,-0.316,30.0,6.804,6.804,6.804,0.0,0.0,0.0,31.0
48.3648,1,fwd,90.0,11.9,13.258,90.0,14.055,-40.0,2.0,3.873,32.0,-100.0,-100.0,-100.0,-8.0,0.0,-0.0,31.0,-99.858,-100.0,-100.0,8.0,0.0,0.0,31.0,-46.8,-45.0,-45.0,-104.0,18.0,0.0,37.0,-96.401,-96.263,-96.263,0.0,0.0,-0.541,30.0,8.78,8.78,8.78,8.0,0.0,-0.155,30.0,6.804,6.804,6.804,0.0,0.0,0.0,31.0
48.4179,1,fwd,90.0,11.9,13.528,90.0,14.268,-40.0,2.0,4.614,32.0,-100.0,-100.0,-100.0,-8.0,0.0,-0.0,31.0,-99.858,-100.0,-100.0,8.0,0.0,0.0,31.0,-46.8,-45.0,-45.0,-104.0,18.0,0.0,37.0,-96.332,-96.263,-96.263,0.0,0.0,0.281,30.0,8.78,8.78,8.78,8.0,0.0,-0.076,30.0,6.804,6.804,6.804,0.0,0.0,0.0,31.0
48.4712,1,fwd,90.0,11.9,13.798,90.0,14.481,-40.0,2.0,4.696,32.0,-100.0,-100.0,-100.0,-8.0,0.0,-0.0,31.0,-99.858,-100.0,-100.0,8.0,0.0,0.0,31.0,-46.8,-45.0,-45.0,-104.0,18.0,0.0,37.0,-96.332,-96.263,-96.263,0.0,0.0,0.138,30.0,9.268,8.78,8.78,8.0,0.0,5.468,30.0,6.804,6.804,6.804,0.0,0.0,0.0,31.0
48.5235,1,fwd,90.0,11.9,13.888,90.0,14.718,-40.0,2.0,3.742,32.0,-100.0,-100.0,-100.0,-8.0,0.0,-0.0,31.0,-99.858,-100.0,-100.0,8.0,0.0,0.0,31.0,-46.8,-45.0,-45.0,-104.0,17.0,0.0,37.0,-96.332,-96.263,-96.263,0.0,0.0,0.096,30.0,9.268,8.78,8.78,8.0,0.0,3.828,30.0,6.804,6.804,6.804,0.0,0.0,0.0,31.0
48.5755,1,fwd,90.0,11.9,14.067,90.0,14.932,-40.0,2.0,3.841,32.0,-100.0,-100.0,-100.0,-8.0,0.0,-0.0,31.0,-99.858,-100.0,-100.0,8.0,0.0,0.0,31.0,-46.8,-45.0,-45.0,-104.0,17.0,0.0,37.0,-96.332,-96.263,-96.263,0.0,0.0,0.047,30.0,9.268,8.78,8.78,8.0,0.0,1.876,30.0,6.804,6.804,6.804,0.0,0.0,0.0,31.0
48.6276,1,fwd,90.0,11.9,14.157,90.0,15.146,-40.0,2.0,3.706,32.0,-100.0,-100.0,-100.0,-8.0,0.0,-0.0,31.0,-99.858,-100.0,-100.0,8.0,0.0,0.0,31.0,-46.8,-45.0,-45.0,-104.0,17.0,0.0,37.0,-96.332,-96.263,-96.263,0.0,0.0,0.033,30.0,9.268,8.78,8.78,8.0,0.0,1.313,30.0,6.804,6.804,6.804,0.0,0.0,0.0,31.0
48.6812,1,fwd,90.0,11.9,14.427,90.0,15.375,-40.0,2.0,4.062,32.0,-100.0,-100.0,-100.0,-8.0,0.0,-0.0,31.0,-99.858,-100.0,-100.0,8.0,0.0,0.0,31.0,-46.8,-45.0,-45.0,-104.0,17.0,0.0,37.0,-96.332,-96.263,-96.263,0.0,0.0,0.016,30.0,8.78,8.78,8.78,8.0,0.0,-4.784,30.0,6.804,6.804,6.804,0.0,0.0,0.0,31.0
48.7335,1,fwd,90.0,11.9,14.517,90.0,15.49,-40.0,2.0,2.646,32.0,-100.0,-100.0,-100.0,-8.0,0.0,-0.0,31.0,-99.858,-100.0,-100.0,8.0,0.0,0.0,31.0,-46.8,-45.0,-45.0,-104.0,17.0,0.0,37.0,-96.332,-96.263,-96.263,0.0,0.0,0.008,30.0,8.78,8.78,8.78,8.0,0.0,-2.344,30.0,6.804,6.804,6.804,0.0,0.0,0.0,31.0
48.787,1,fwd,90.0,11.9,14.876,90.0,15.713,-40.0,2.0,4.608,32.0,-100.0,-100.0,-100.0,-8.0,0.0,-0.0,31.0,-99.858,-100.0,-100.0,8.0,0.0,0.0,31.0,-46.8,-45.0,-45.0,-104.0,17.0,0.0,37.0,-96.332,-96.263,-96.263,0.0,0.0,0.004,30.0,8.78,8.78,8.78,8.0,0.0,-1.149,30.0,6.804,6.804,6.804,0.0,0.0,0.0,31.0
48.8401,1,fwd,90.0,11.9,15.236,90.0,15.926,-40.0,2.0,5.7,32.0,-100.0,-100.0,-100.0,-8.0,0.0,-0.0,31.0,-99.858,-100.0,-100.0,8.0,0.0,0.0,31.0,-46.8,-45.0,-45.0,-104.0,17.0,0.0,37.0,-96.332,-96.263,-96.263,0.0,0.0,0.002,30.0,8.78,8.78,8.78,8.0,0.0,-0.563,30.0,6.804,6.804,6.804,0.0,0.0,0.0,31.0
48.8931,1,fwd,90.0,11.9,15.326,90.0,16.14,-40.0,2.0,3.497,32.0,-100.0,-100.0,-100.0,-8.0,0.0,-0.0,31.0,-99.858,-100.0,-100.0,8.0,0.0,0.0,31.0,-46.667,-45.0,-45.0,-104.0,17.0,1.044,37.0,-96.401,-96.263,-96.263,0.0,0.0,-0.775,30.0,8.78,8.78,8.78,8.0,0.0,-0.276,30.0,6.804,6.804,6.804,0.0,0.0,0.0,31.0
48.9462,1,fwd,90.0,11.9,15.506,90.0,16.353,-40.0,2.0,3.438,32.0,-100.0,-100.0,-100.0,-8.0,0.0,-0.0,31.0,-99.858,-100.0,-100.0,8.0,0.0,0.0,31.0,-46.667,-45.0,-45.0,-104.0,17.0,0.512,37.0,-96.332,-96.263,-96.263,0.0,0.0,0.401,30.0,8.78,8.78,8.78,8.0,0.0,-0.135,30.0,6.804,6.804,6.804,0.0,0.0,0.0,31.0
48.9985,1,fwd,90.0,11.9,15.685,90.0,16.566,-40.0,2.0,3.409,32.0,-100.0,-100.0,-100.0,-8.0,0.0,-0.0,31.0,-99.858,-100.0,-100.0,8.0,0.0,0.0,31.0,-46.667,-45.0,-45.0,-104.0,17.0,0.251,37.0,-96.332,-96.263,-96.263,0.0,0.0,0.197,30.0,8.78,8.78,8.78,8.0,0.0,-0.066,30.0,6.804,6.804,6.804,0.0,0.0,0.0,31.0
49.0524,1,fwd,90.0,11.9,15.865,90.0,16.779,-40.0,2.0,3.354,32.0,-100.0,-100.0,-100.0,-8.0,0.0,-0.0,31.0,-99.858,-100.0,-100.0,8.0,0.0,0.0,31.0,-46.667,-45.0,-45.0,-104.0,17.0,0.123,37.0,-96.332,-96.263,-96.263,0.0,0.0,0.096,30.0,8.78,8.78,8.78,8.0,0.0,-0.032,30.0,6.804,6.804,6.804,0.0,0.0,0.0,31.0
49.1059,1,fwd,90.0,11.9,16.045,90.0,17.024,-56.0,5.0,3.242,32.0,-100.0,-100.0,-100.0,-8.0,0.0,-0.0,31.0,-99.858,-100.0,-100.0,8.0,0.0,0.0,31.0,-46.667,-45.0,-45.0,-96.0,17.0,0.086,37.0,-96.332,-96.263,-96.263,0.0,0.0,0.067,30.0,8.78,8.78,8.78,0.0,0.0,-0.023,30.0,6.804,6.804,6.804,0.0,0.0,0.0,31.0
49.1591,1,fwd,90.0,11.9,16.315,90.0,17.237,-56.0,5.0,4.312,32.0,-100.0,-100.0,-100.0,-8.0,0.0,-0.0,31.0,-99.858,-100.0,-100.0,8.0,0.0,0.0,31.0,-46.667,-45.0,-45.0,-96.0,17.0,0.042,37.0,-96.332,-96.263,-96.263,0.0,0.0,0.033,30.0,9.268,8.78,8.78,0.0,0.0,5.443,30.0,6.804,6.804,6.804,0.0,0.0,0.0,31.0
49.2122,1,fwd,90.0,11.9,16.674,90.0,17.45,-56.0,5.0,5.255,32.0,-100.0,-100.0,-100.0,-8.0,0.0,-0.0,31.0,-99.858,-100.0,-100.0,8.0,0.0,0.0,31.0,-46.667,-45.0,-45.0,-96.0,17.0,0.021,37.0,-96.332,-96.263,-96.263,0.0,0.0,0.016,30.0,9.268,8.78,8.78,0.0,0.0,2.667,30.0,6.804,6.804,6.804,0.0,0.0,0.0,31.0
49.2646,1,fwd,90.0,11.9,16.764,90.0,17.663,-56.0,5.0,3.285,32.0,-100.0,-100.0,-100.0,-8.0,0.0,-0.0,31.0,-99.858,-100.0,-100.0,8.0,0.0,0.0,31.0,-46.667,-45.0,-45.0,-96.0,17.0,0.01,37.0,-96.332,-96.263,-96.263,0.0,0.0,0.008,30.0,8.78,8.78,8.78,0.0,0.0,-2.547,30.0,6.804,6.804,6.804,0.0,0.0,0.0,31.0
49.3177,1,fwd,90.0,11.9,17.034,90.0,17.875,-56.0,5.0,4.347,32.0,-100.0,-100.0,-100.0,-8.0,0.0,-0.0,31.0,-99.858,-100.0,-100.0,8.0,0.0,0.0,31.0,-46.667,-45.0,-45.0,-96.0,17.0,0.005,37.0,-96.332,-96.263,-96.263,0.0,0.0,0.004,30.0,8.78,8.78,8.78,0.0,0.0,-1.248,30.0,6.804,6.804,6.804,0.0,0.0,0.0,31.0
49.3719,1,fwd,90.0,11.9,17.213,90.0,18.09,-56.0,5.0,3.841,32.0,-100.0,-100.0,-100.0,-8.0,0.0,-0.0,31.0,-99.858,-100.0,-100.0,8.0,0.0,0.0,31.0,-46.667,-45.0,-45.0,-96.0,17.0,0.002,37.0,-96.332,-96.263,-96.263,0.0,0.0,0.002,30.0,8.78,8.78,8.78,0.0,0.0,-0.612,30.0,6.804,6.804,6.804,0.0,0.0,0.0,31.0
49.4249,1,fwd,90.0,11.9,17.393,90.0,18.304,-56.0,5.0,3.594,32.0,-100.0,-100.0,-100.0,-8.0,0.0,-0.0,31.0,-99.858,-100.0,-100.0,8.0,0.0,0.0,31.0,-46.667,-45.0,-45.0,-96.0,17.0,0.001,37.0,-96.332,-96.263,-96.263,0.0,0.0,0.001,30.0,8.78,8.78,8.78,0.0,0.0,-0.3,30.0,6.804,6.804,6.804,0.0,0.0,0.0,31.0
49.478,1,fwd,90.0,11.9,17.483,90.0,18.518,-56.0,5.0,2.775,32.0,-100.0,-100.0,-100.0,-8.0,0.0,-0.0,31.0,-99.858,-100.0,-100.0,8.0,0.0,0.0,31.0,-46.667,-45.0,-45.0,-96.0,17.0,0.001,37.0,-96.332,-96.263,-96.263,0.0,0.0,0.0,30.0,8.78,8.78,8.78,0.0,0.0,-0.147,30.0,6.804,6.804,6.804,0.0,0.0,0.0,31.0
49.5319,1,fwd,90.0,11.9,17.753,90.0,18.731,-56.0,5.0,3.789,32.0,-100.0,-100.0,-100.0,-8.0,0.0,-0.0,31.0,-99.858,-100.0,-100.0,8.0,0.0,0.0,31.0,-46.667,-45.0,-45.0,-96.0,17.0,0.0,37.0,-96.332,-96.263,-96.263,0.0,0.0,0.0,30.0,8.78,8.78,8.78,0.0,0.0,-0.072,30.0,6.804,6.804,6.804,0.0,0.0,0.0,31.0
49.5851,1,fwd,90.0,11.9,18.112,90.0,18.944,-56.0,5.0,5.288,32.0,-100.0,-100.0,-100.0,-8.0,0.0,-0.0,31.0,-99.858,-100.0,-100.0,8.0,0.0,0.0,31.0,-46.667,-45.0,-45.0,-96.0,17.0,0.0,37.0,-96.332,-96.263,-96.263,0.0,0.0,0.0,30.0,8.78,8.78,8.78,0.0,0.0,-0.035,30.0,6.804,6.804,6.804,0.0,0.0,0.0,31.0
49.6384,1,fwd,90.0,11.9,18.202,90.0,19.051,-56.0,5.0,4.708,32.0,-100.0,-100.0,-100.0,-8.0,0.0,-0.0,31.0,-99.858,-100.0,-100.0,8.0,0.0,0.0,30.0,-46.667,-45.0,-45.0,-96.0,18.0,0.0,37.0,-96.332,-96.263,-96.263,0.0,0.0,0.0,30.0,8.78,8.78,8.78,0.0,0.0,-0.025,30.0,6.804,6.804,6.804,0.0,0.0,0.0,31.0
49.6917,1,fwd,90.0,11.9,18.382,90.0,19.386,-56.0,5.0,3.639,32.0,-100.0,-100.0,-100.0,-8.0,0.0,-0.0,31.0,-99.858,-100.0,-100.0,8.0,0.0,0.0,30.0,-46.667,-45.0,-45.0,-96.0,18.0,0.0,37.0,-96.332,-96.263,-96.263,0.0,0.0,0.0,30.0,8.78,8.78,8.78,0.0,0.0,-0.012,30.0,6.804,6.804,6.804,0.0,0.0,0.0,31.0
49.745,1,fwd,90.0,11.9,18.562,90.0,19.6,-56.0,5.0,3.498,32.0,-100.0,-100.0,-100.0,-8.0,0.0,-0.0,31.0,-99.858,-100.0,-100.0,8.0,0.0,0.0,30.0,-46.667,-45.0,-45.0,-96.0,18.0,0.0,37.0,-96.332,-96.263,-96.263,0.0,0.0,0.0,30.0,8.78,8.78,8.78,0.0,0.0,-0.006,30.0,6.804,6.804,6.804,0.0,0.0,0.0,31.0
49.798,1,fwd,90.0,11.9,18.831,90.0,19.815,-56.0,5.0,4.137,32.0,-100.0,-100.0,-100.0,-8.0,0.0,-0.0,31.0,-99.858,-100.0,-100.0,8.0,0.0,0.0,30.0,-46.667,-45.0,-45.0,-96.0,18.0,0.0,37.0,-96.332,-96.263,-96.263,0.0,0.0,0.0,30.0,8.78,8.78,8.78,0.0,0.0,-0.003,30.0,6.804,6.804,6.804,0.0,0.0,0.0,31.0
49.8512,1,fwd,90.0,11.9,18.921,90.0,20.028,-56.0,5.0,3.034,32.0,-100.0,-100.0,-100.0,-8.0,0.0,-0.0,31.0,-99.858,-100.0,-100.0,8.0,0.0,0.0,30.0,-46.667,-45.0,-45.0,-96.0,18.0,0.0,37.0,-96.332,-96.263,-96.263,0.0,0.0,0.0,30.0,8.78,8.78,8.78,0.0,0.0,-0.001,30.0,6.804,6.804,6.804,0.0,0.0,0.0,31.0
49.9042,1,fwd,90.0,11.9,19.281,90.0,20.243,-56.0,5.0,4.599,32.0,-100.0,-100.0,-100.0,-8.0,0.0,-0.0,31.0,-99.858,-100.0,-100.0,8.0,0.0,0.0,30.0,-46.667,-45.0,-45.0,-96.0,18.0,0.0,37.0,-96.332,-96.263,-96.263,0.0,0.0,0.0,30.0,8.78,8.78,8.78,0.0,0.0,-0.001,30.0,6.804,6.804,6.804,0.0,0.0,0.0,31.0
49.9566,1,fwd,90.0,11.9,19.551,90.0,20.457,-56.0,5.0,4.68,32.0,-100.0,-100.0,-100.0,-8.0,0.0,-0.0,31.0,-99.858,-100.0,-100.0,8.0,0.0,0.0,30.0,-46.667,-45.0,-45.0,-96.0,18.0,0.0,37.0,-96.332,-96.263,-96.263,0.0,0.0,0.0,30.0,8.78,8.78,8.78,0.0,0.0,-0.0,30.0,6.804,6.804,6.804,0.0,0.0,0.0,31.0
50.01,1,fwd,90.0,11.9,19.73,90.0,20.67,-56.0,5.0,4.017,32.0,-100.0,-100.0,-100.0,-8.0,0.0,-0.0,31.0,-99.858,-100.0,-100.0,8.0,0.0,0.0,30.0,-46.667,-45.0,-45.0,-96.0,18.0,0.0,37.0,-96.332,-96.263,-96.263,0.0,0.0,0.0,30.0,8.78,8.78,8.78,0.0,0.0,-0.0,30.0,6.804,6.804,6.804,0.0,0.0,0.0,31.0
50.0625,1,fwd,90.0,11.9,19.91,90.0,20.882,-56.0,5.0,3.68,32.0,-100.0,-100.0,-100.0,-8.0,0.0,-0.0,31.0,-99.858,-100.0,-100.0,8.0,0.0,0.0,30.0,-46.667,-45.0,-45.0,-96.0,18.0,0.0,37.0,-96.332,-96.263,-96.263,0.0,0.0,0.0,30.0,8.78,8.78,8.78,0.0,0.0,-0.0,30.0,6.804,6.804,6.804,0.0,0.0,0.0,31.0
50.1158,1,fwd,90.0,11.9,20.09,90.0,21.096,-56.0,5.0,3.521,32.0,-100.0,-100.0,-100.0,-8.0,0.0,-0.0,31.0,-99.858,-100.0,-100.0,8.0,0.0,0.0,30.0,-46.667,-45.0,-45.0,-96.0,18.0,0.0,37.0,-96.332,-96.263,-96.263,0.0,0.0,0.0,30.0,8.78,8.78,8.78,0.0,0.0,-0.0,30.0,6.804,6.804,6.804,0.0,0.0,0.0,31.0
50.169,1,fwd,90.0,11.9,20.18,90.0,21.311,-56.0,5.0,3.469,32.0,-100.0,-100.0,-100.0,-8.0,0.0,-0.0,31.0,-99.858,-100.0,-100.0,8.0,0.0,0.0,30.0,-46.667,-45.0,-45.0,-96.0,18.0,0.0,37.0,-96.332,-96.263,-96.263,0.0,0.0,0.0,30.0,8.78,8.78,8.78,0.0,0.0,-0.0,30.0,6.804,6.804,6.804,0.0,0.0,0.0,31.0
50.2217,1,fwd,90.0,11.9,20.27,90.0,21.311,-72.0,8.0,3.335,32.0,-100.0,-100.0,-100.0,-8.0,0.0,-0.0,31.0,-99.858,-100.0,-100.0,8.0,0.0,0.0,31.0,-46.667,-45.0,-45.0,-96.0,18.0,0.0,37.0,-96.332,-96.263,-96.263,0.0,0.0,0.0,30.0,8.78,8.78,8.78,0.0,0.0,-0.0,30.0,6.804,6.804,6.804,0.0,0.0,0.0,31.0
50.2753,1,fwd,90.0,11.9,20.539,90.0,21.665,-72.0,8.0,3.287,32.0,-100.0,-100.0,-100.0,-8.0,0.0,-0.0,31.0,-99.858,-100.0,-100.0,8.0,0.0,0.0,31.0,-46.667,-45.0,-45.0,-96.0,18.0,0.0,37.0,-96.332,-96.263,-96.263,0.0,0.0,0.0,30.0,8.78,8.78,8.78,0.0,0.0,-0.0,30.0,6.804,6.804,6.804,0.0,0.0,0.0,31.0
50.3277,1,fwd,90.0,11.9,20.899,90.0,21.879,-72.0,8.0,5.04,32.0,-100.0,-100.0,-100.0,-8.0,0.0,-0.0,31.0,-99.858,-100.0,-100.0,8.0,0.0,0.0,31.0,-46.667,-45.0,-45.0,-96.0,18.0,0.0,37.0,-96.332,-96.263,-96.263,0.0,0.0,0.0,30.0,8.78,8.78,8.78,0.0,0.0,-0.0,30.0,6.804,6.804,6.804,0.0,0.0,0.0,31.0
50.3817,1,fwd,90.0,11.9,21.079,90.0,22.094,-72.0,8.0,4.188,32.0,-100.0,-100.0,-100.0,-8.0,0.0,-0.0,31.0,-99.858,-100.0,-100.0,8.0,0.0,0.0,31.0,-46.667,-45.0,-45.0,-96.0,18.0,0.0,37.0,-96.332,-96.263,-96.263,0.0,0.0,0.0,30.0,8.78,8.78,8.78,0.0,0.0,-0.0,30.0,6.804,6.804,6.804,0.0,0.0,0.0,31.0
50.4353,1,fwd,90.0,11.9,21.258,90.0,22.306,-72.0,8.0,3.77,32.0,-100.0,-100.0,-100.0,-8.0,0.0,-0.0,31.0,-99.716,-100.0,-100.0,8.0,0.0,1.119,31.0,-46.667,-45.0,-45.0,-96.0,18.0,0.0,37.0,-96.332,-96.263,-96.263,0.0,0.0,0.0,30.0,8.78,8.78,8.78,0.0,0.0,-0.0,30.0,6.804,6.804,6.804,0.0,0.0,0.0,31.0
50.4875,1,fwd,90.0,11.9,21.438,90.0,22.519,-72.0,8.0,3.567,32.0,-100.0,-100.0,-100.0,-8.0,0.0,-0.0,31.0,-99.716,-100.0,-100.0,8.0,0.0,0.548,31.0,-46.667,-45.0,-45.0,-96.0,18.0,0.0,37.0,-96.332,-96.263,-96.263,0.0,0.0,0.0,30.0,8.78,8.78,8.78,0.0,0.0,-0.0,30.0,6.804,6.804,6.804,0.0,0.0,0.0,31.0
50.5398,1,fwd,90.0,11.9,21.708,90.0,22.733,-72.0,8.0,4.476,32.0,-100.0,-100.0,-100.0,-8.0,0.0,-0.0,31.0,-99.716,-100.0,-100.0,8.0,0.0,0.269,31.0,-46.667,-45.0,-45.0,-96.0,18.0,0.0,37.0,-96.332,-96.263,-96.263,0.0,0.0,0.0,30.0,8.78,8.78,8.78,0.0,0.0,-0.0,30.0,6.804,6.804,6.804,0.0,0.0,0.0,31.0
50.5932,1,fwd,90.0,11.9,21.798,90.0,22.948,-72.0,8.0,3.206,32.0,-100.0,-100.0,-100.0,-8.0,0.0,-0.0,31.0,-99.716,-100.0,-100.0,8.0,0.0,0.132,31.0,-46.667,-45.0,-45.0,-96.0,18.0,0.0,37.0,-96.332,-96.263,-96.263,0.0,0.0,0.0,30.0,8.78,8.78,8.78,0.0,0.0,-0.0,30.0,6.804,6.804,6.804,0.0,0.0,0.0,31.0
50.6464,1,fwd,90.0,11.9,22.067,90.0,23.16,-72.0,8.0,4.008,32.0,-100.0,-100.0,-100.0,-8.0,0.0,-0.0,31.0,-99.716,-100.0,-100.0,8.0,0.0,0.065,31.0,-46.667,-45.0,-45.0,-96.0,18.0,0.0,37.0,-96.332,-96.263,-96.263,0.0,0.0,0.0,30.0,8.78,8.78,8.78,0.0,0.0,-0.0,30.0,6.804,6.804,6.804,0.0,0.0,0.0,31.0
50.6994,1,fwd,90.0,11.9,22.427,90.0,23.373,-72.0,8.0,5.378,32.0,-100.0,-100.0,-100.0,-8.0,0.0,-0.0,31.0,-99.716,-100.0,-100.0,8.0,0.0,0.032,31.0,-46.667,-45.0,-45.0,-96.0,18.0,0.0,37.0,-96.332,-96.263,-96.263,0.0,0.0,0.0,30.0,8.78,8.78,8.78,0.0,0.0,-0.0,30.0,6.804,6.804,6.804,0.0,0.0,0.0,31.0
50.7531,1,fwd,90.0,11.9,22.517,90.0,23.588,-72.0,8.0,3.346,32.0,-100.0,-100.0,-100.0,-8.0,0.0,-0.0,31.0,-99.716,-100.0,-100.0,8.0,0.0,0.015,31.0,-46.667,-45.0,-45.0,-96.0,18.0,0.0,37.0,-96.332,-96.263,-96.263,0.0,0.0,0.0,30.0,8.78,8.78,8.78,0.0,0.0,-0.0,30.0,6.804,6.804,6.804,0.0,0.0,0.0,31.0
50.8062,1,fwd,90.0,11.9,22.607,90.0,23.825,-72.0,9.0,2.797,32.0,-100.0,-100.0,-100.0,-8.0,0.0,-0.0,31.0,-99.716,-100.0,-100.0,16.0,0.0,0.011,31.0,-46.667,-45.0,-45.0,-96.0,19.0,0.0,37.0,-96.332,-96.263,-96.263,0.0,0.0,0.0,30.0,8.78,8.78,8.78,0.0,0.0,-0.0,30.0,6.804,6.804,6.804,0.0,0.0,0.0,31.0
50.8594,1,fwd,90.0,11.9,22.787,90.0,24.038,-72.0,9.0,3.364,32.0,-100.0,-100.0,-100.0,-8.0,0.0,-0.0,31.0,-99.716,-100.0,-100.0,16.0,0.0,0.005,31.0,-46.667,-45.0,-45.0,-96.0,19.0,0.0,37.0,-96.332,-96.263,-96.263,0.0,0.0,0.0,30.0,8.78,8.78,8.78,0.0,0.0,-0.0,30.0,6.804,6.804,6.804,0.0,0.0,0.0,31.0
50.9116,1,fwd,90.0,11.9,23.056,90.0,24.253,-72.0,9.0,4.361,32.0,-100.0,-100.0,-100.0,-8.0,0.0,-0.0,31.0,-99.716,-100.0,-100.0,16.0,0.0,0.003,31.0,-46.667,-45.0,-45.0,-96.0,19.0,0.0,37.0,-96.332,-96.263,-96.263,0.0,0.0,0.0,30.0,8.78,8.78,8.78,0.0,0.0,-0.0,30.0,6.804,6.804,6.804,0.0,0.0,0.0,31.0
50.9648,1,fwd,90.0,11.9,23.236,90.0,24.468,-72.0,9.0,3.854,32.0,-100.0,-100.0,-100.0,-8.0,0.0,-0.0,31.0,-99.716,-100.0,-100.0,16.0,0.0,0.001,31.0,-46.667,-45.0,-45.0,-96.0,19.0,0.0,37.0,-96.332,-96.263,-96.263,0.0,0.0,0.0,30.0,8.78,8.78,8.78,0.0,0.0,-0.0,30.0,6.804,6.804,6.804,0.0,0.0,0.0,31.0
51.0181,1,fwd,90.0,11.9,23.506,90.0,24.681,-72.0,9.0,4.605,32.0,-100.0,-100.0,-100.0,-8.0,0.0,-0.0,31.0,-99.716,-100.0,-100.0,16.0,0.0,0.001,31.0,-46.667,-45.0,-45.0,-96.0,19.0,0.0,37.0,-96.332,-96.263,-96.263,0.0,0.0,0.0,30.0,8.78,8.78,8.78,0.0,0.0,-0.0,30.0,6.804,6.804,6.804,0.0,0.0,0.0,31.0
51.0707,1,fwd,90.0,11.9,23.865,90.0,24.896,-72.0,9.0,5.64,32.0,-100.0,-100.0,-100.0,-8.0,0.0,-0.0,31.0,-99.716,-100.0,-100.0,16.0,0.0,0.0,31.0,-46.667,-45.0,-45.0,-96.0,19.0,0.0,37.0,-96.332,-96.263,-96.263,0.0,0.0,0.0,30.0,8.78,8.78,8.78,0.0,0.0,-0.0,30.0,6.804,6.804,6.804,0.0,0.0,0.0,31.0
51.1237,1,fwd,90.0,11.9,23.955,90.0,25.112,-72.0,9.0,3.469,32.0,-100.0,-100.0,-100.0,-8.0,0.0,-0.0,31.0,-99.716,-100.0,-100.0,16.0,0.0,0.0,31.0,-46.667,-45.0,-45.0,-96.0,19.0,0.0,37.0,-96.332,-96.263,-96.263,0.0,0.0,0.0,30.0,8.78,8.78,8.78,0.0,0.0,-0.0,30.0,6.804,6.804,6.804,0.0,0.0,0.0,31.0
51.1769,1,fwd,90.0,11.9,24.135,90.0,25.325,-72.0,9.0,3.415,32.0,-100.0,-100.0,-100.0,-8.0,0.0,-0.0,31.0,-99.716,-100.0,-100.0,16.0,0.0,0.0,31.0,-46.667,-45.0,-45.0,-96.0,19.0,0.0,37.0,-96.332,-96.263,-96.263,0.0,0.0,0.0,30.0,8.78,8.78,8.78,0.0,0.0,-0.0,30.0,6.804,6.804,6.804,0.0,0.0,0.0,31.0
51.2299,1,fwd,90.0,11.9,24.404,90.0,25.539,-72.0,9.0,4.081,32.0,-100.0,-100.0,-100.0,-8.0,0.0,-0.0,31.0,-99.716,-100.0,-100.0,16.0,0.0,0.0,31.0,-46.667,-45.0,-45.0,-96.0,19.0,0.0,37.0,-96.332,-96.263,-96.263,0.0,0.0,0.0,30.0,8.78,8.78,8.78,0.0,0.0,-0.0,30.0,6.804,6.804,6.804,0.0,0.0,0.0,31.0
51.2828,1,fwd,90.0,11.9,24.494,90.0,25.755,-72.0,9.0,2.705,32.0,-100.0,-100.0,-100.0,-8.0,0.0,-0.0,31.0,-99.716,-100.0,-100.0,16.0,0.0,0.0,31.0,-46.667,-45.0,-45.0,-96.0,19.0,0.0,37.0,-96.332,-96.263,-96.263,0.0,0.0,0.0,30.0,8.78,8.78,8.78,0.0,0.0,-0.0,30.0,6.804,6.804,6.804,0.0,0.0,0.0,31.0
51.3358,1,fwd,90.0,11.9,24.584,90.0,25.863,-72.0,9.0,2.911,32.0,-100.0,-100.0,-100.0,-8.0,0.0,-0.0,31.0,-99.716,-100.0,-100.0,16.0,0.0,0.0,31.0,-46.667,-45.0,-45.0,-96.0,19.0,0.0,37.0,-96.332,-96.263,-96.263,0.0,0.0,0.0,30.0,8.78,8.78,8.78,0.0,0.0,-0.0,30.0,6.804,6.804,6.804,0.0,0.0,0.0,31.0
51.39,1,fwd,90.0,11.9,24.854,90.0,26.208,-100.0,15.0,3.388,32.0,-100.0,-100.0,-100.0,-8.0,0.0,-0.0,31.0,-99.716,-100.0,-100.0,16.0,1.0,0.0,30.0,-46.667,-45.0,-45.0,-96.0,15.0,0.0,37.0,-96.332,-96.263,-96.263,0.0,0.0,0.0,30.0,8.78,8.78,8.78,0.0,0.0,-0.0,30.0,6.804,6.804,6.804,0.0,0.0,0.0,31.0
51.4433,1,fwd,90.0,11.9,25.124,90.0,26.432,-100.0,15.0,4.692,32.0,-100.0,-100.0,-100.0,-8.0,0.0,-0.0,31.0,-99.716,-100.0,-100.0,16.0,1.0,0.0,30.0,-46.667,-45.0,-45.0,-96.0,15.0,0.0,37.0,-96.332,-96.263,-96.263,0.0,0.0,0.0,30.0,8.78,8.78,8.78,0.0,0.0,-0.0,30.0,6.804,6.804,6.804,0.0,0.0,0.0,31.0
51.4956,1,fwd,90.0,11.9,25.393,90.0,26.539,-100.0,15.0,4.72,32.0,-100.0,-100.0,-100.0,-8.0,0.0,-0.0,31.0,-99.716,-100.0,-100.0,16.0,1.0,0.0,30.0,-46.667,-45.0,-45.0,-96.0,15.0,0.0,37.0,-96.332,-96.263,-96.263,0.0,0.0,0.0,30.0,8.78,8.78,8.78,0.0,0.0,-0.0,30.0,6.804,6.804,6.804,0.0,0.0,0.0,31.0
51.5492,1,fwd,90.0,11.9,25.483,90.0,26.761,-100.0,15.0,3.326,32.0,-100.0,-100.0,-100.0,-8.0,0.0,-0.0,31.0,-99.716,-100.0,-100.0,16.0,1.0,0.0,30.0,-46.667,-45.0,-45.0,-96.0,15.0,0.0,37.0,-96.332,-96.263,-96.263,0.0,0.0,0.0,30.0,8.78,8.78,8.78,0.0,0.0,-0.0,30.0,6.804,6.804,6.804,0.0,0.0,0.0,31.0
51.6023,1,fwd,90.0,11.9,25.753,90.0,26.974,-100.0,15.0,4.366,32.0,-100.0,-100.0,-100.0,-8.0,0.0,-0.0,31.0,-99.716,-100.0,-100.0,16.0,1.0,0.0,30.0,-46.667,-45.0,-45.0,-96.0,15.0,0.0,37.0,-96.332,-96.263,-96.263,0.0,0.0,0.0,30.0,8.78,8.78,8.78,0.0,0.0,-0.0,30.0,6.804,6.804,6.804,0.0,0.0,0.0,31.0
51.6548,1,fwd,90.0,11.9,25.933,90.0,27.187,-100.0,15.0,4.166,32.0,-100.0,-100.0,-100.0,-8.0,0.0,-0.0,31.0,-99.716,-100.0,-100.0,16.0,1.0,0.0,30.0,-46.667,-45.0,-45.0,-96.0,15.0,0.0,37.0,-96.332,-96.263,-96.263,0.0,0.0,0.0,30.0,8.78,8.78,8.78,0.0,0.0,-0.0,30.0,6.804,6.804,6.804,0.0,0.0,0.0,31.0
51.708,1,fwd,90.0,11.9,26.022,90.0,27.4,-100.0,15.0,2.75,32.0,-100.0,-100.0,-100.0,-8.0,0.0,-0.0,31.0,-99.716,-100.0,-100.0,16.0,1.0,0.0,30.0,-46.667,-45.0,-45.0,-96.0,15.0,0.0,37.0,-96.332,-96.263,-96.263,0.0,0.0,0.0,30.0,8.78,8.78,8.78,0.0,0.0,-0.0,30.0,6.804,6.804,6.804,0.0,0.0,0.0,31.0
51.7605,1,fwd,90.0,11.9,26.382,90.0,27.614,-100.0,15.0,4.782,32.0,-100.0,-100.0,-100.0,-8.0,0.0,-0.0,31.0,-99.716,-100.0,-100.0,16.0,1.0,0.0,30.0,-46.667,-45.0,-45.0,-96.0,15.0,0.0,37.0,-96.332,-96.263,-96.263,0.0,0.0,0.0,30.0,8.78,8.78,8.78,0.0,0.0,-0.0,30.0,6.804,6.804,6.804,0.0,0.0,0.0,31.0
51.814,1,fwd,90.0,11.9,26.652,90.0,27.827,-100.0,15.0,5.073,32.0,-100.0,-100.0,-100.0,-8.0,0.0,-0.0,31.0,-99.716,-100.0,-100.0,16.0,1.0,0.0,30.0,-46.667,-45.0,-45.0,-96.0,15.0,0.0,37.0,-96.332,-96.263,-96.263,0.0,0.0,0.0,30.0,8.293,8.78,8.78,0.0,0.0,-3.854,30.0,6.804,6.804,6.804,0.0,0.0,0.0,31.0
51.8671,1,fwd,90.0,11.9,26.831,90.0,28.041,-100.0,15.0,3.894,32.0,-100.0,-100.0,-100.0,-8.0,0.0,-0.0,31.0,-99.716,-100.0,-100.0,16.0,1.0,0.0,30.0,-46.667,-45.0,-45.0,-96.0,15.0,0.0,37.0,-96.332,-96.263,-96.263,0.0,0.0,0.0,30.0,8.78,8.78,8.78,0.0,0.0,3.568,30.0,6.804,6.804,6.804,0.0,0.0,0.0,31.0
51.9194,1,fwd,90.0,11.9,26.921,90.0,28.148,-88.0,14.0,3.72,32.0,-100.0,-100.0,-100.0,-8.0,0.0,-0.0,31.0,-99.716,-100.0,-100.0,16.0,1.0,0.0,30.0,-46.667,-45.0,-45.0,-96.0,19.0,0.0,37.0,-96.332,-96.263,-96.263,0.0,0.0,0.0,30.0,8.78,8.78,8.78,0.0,0.0,2.498,30.0,6.804,6.804,6.804,0.0,0.0,0.0,31.0
51.9731,1,fwd,90.0,11.9,27.101,90.0,28.484,-88.0,14.0,2.486,32.0,-100.0,-100.0,-100.0,-8.0,0.0,-0.0,31.0,-99.716,-100.0,-100.0,16.0,1.0,0.0,30.0,-46.667,-45.0,-45.0,-96.0,19.0,0.0,37.0,-96.332,-96.263,-96.263,0.0,0.0,0.0,30.0,8.78,8.78,8.78,0.0,0.0,1.224,30.0,6.804,6.804,6.804,0.0,0.0,0.0,31.0
52.0255,1,fwd,90.0,11.9,27.371,90.0,28.699,-88.0,14.0,3.935,32.0,-100.0,-100.0,-100.0,-8.0,0.0,-0.0,31.0,-99.716,-100.0,-100.0,16.0,1.0,0.0,30.0,-46.667,-45.0,-45.0,-96.0,19.0,0.0,37.0,-96.332,-96.263,-96.263,0.0,0.0,0.0,30.0,8.78,8.78,8.78,0.0,0.0,0.6,30.0,6.804,6.804,6.804,0.0,0.0,0.0,31.0
52.0789,1,fwd,90.0,11.9,27.461,90.0,28.913,-88.0,14.0,2.635,32.0,-100.0,-100.0,-100.0,-8.0,0.0,-0.0,31.0,-99.716,-100.0,-100.0,16.0,1.0,0.0,30.0,-46.667,-45.0,-45.0,-96.0,19.0,0.0,37.0,-96.332,-96.263,-96.263,0.0,0.0,0.0,30.0,8.78,8.78,8.78,0.0,0.0,0.294,30.0,6.804,6.804,6.804,0.0,0.0,0.0,31.0
52.1322,1,fwd,90.0,11.9,27.82,90.0,29.125,-88.0,14.0,5.03,32.0,-100.0,-100.0,-100.0,-8.0,0.0,-0.0,31.0,-99.716,-100.0,-100.0,16.0,1.0,0.0,30.0,-46.667,-45.0,-45.0,-96.0,19.0,0.0,37.0,-96.332,-96.263,-96.263,0.0,0.0,0.0,30.0,8.78,8.78,8.78,0.0,0.0,0.144,30.0,6.804,6.804,6.804,0.0,0.0,0.0,31.0
52.1853,1,fwd,90.0,11.9,28.09,90.0,29.338,-88.0,14.0,5.198,32.0,-100.0,-100.0,-100.0,-8.0,0.0,-0.0,31.0,-99.716,-100.0,-100.0,16.0,1.0,0.0,30.0,-46.667,-45.0,-45.0,-96.0,19.0,0.0,37.0,-96.332,-96.263,-96.263,0.0,0.0,0.0,30.0,8.78,8.78,8.78,0.0,0.0,0.071,30.0,6.804,6.804,6.804,0.0,0.0,0.0,31.0
52.2384,1,fwd,90.0,11.9,28.27,90.0,29.553,-88.0,14.0,3.936,32.0,-100.0,-100.0,-100.0,-8.0,0.0,-0.0,31.0,-99.716,-100.0,-100.0,16.0,1.0,0.0,30.0,-46.667,-45.0,-45.0,-96.0,19.0,0.0,37.0,-96.332,-96.263,-96.263,0.0,0.0,0.0,30.0,8.78,8.78,8.78,0.0,0.0,0.035,30.0,6.804,6.804,6.804,0.0,0.0,0.0,31.0
52.2924,1,fwd,90.0,11.9,28.539,90.0,29.768,-88.0,14.0,4.589,32.0,-100.0,-100.0,-100.0,-8.0,0.0,-0.0,31.0,-99.716,-100.0,-100.0,16.0,1.0,0.0,30.0,-46.667,-45.0,-45.0,-96.0,19.0,0.0,37.0,-96.332,-96.263,-96.263,0.0,0.0,0.0,30.0,8.78,8.78,8.78,0.0,0.0,0.017,30.0,6.804,6.804,6.804,0.0,0.0,0.0,31.0
52.3454,1,fwd,90.0,11.9,28.629,90.0,29.985,-88.0,14.0,2.954,32.0,-100.0,-100.0,-100.0,-8.0,0.0,-0.0,31.0,-99.716,-100.0,-100.0,16.0,1.0,0.0,30.0,-46.667,-45.0,-45.0,-96.0,19.0,0.0,37.0,-96.332,-96.263,-96.263,0.0,0.0,0.0,30.0,8.78,8.78,8.78,0.0,0.0,0.008,30.0,6.804,6.804,6.804,0.0,0.0,0.0,31.0
52.3994,1,fwd,90.0,11.9,28.899,90.0,30.212,-88.0,14.0,3.884,32.0,-100.0,-100.0,-100.0,-8.0,0.0,-0.0,31.0,-99.716,-100.0,-100.0,16.0,1.0,0.0,30.0,-46.667,-45.0,-45.0,-96.0,19.0,0.0,37.0,-96.332,-96.263,-96.263,0.0,0.0,0.0,30.0,8.293,8.78,8.78,0.0,0.0,-3.86,30.0,6.804,6.804,6.804,0.0,0.0,0.0,31.0
52.4514,1,fwd,90.0,11.9,28.989,90.0,30.425,-88.0,14.0,2.913,32.0,-100.0,-100.0,-100.0,-8.0,0.0,-0.0,31.0,-99.716,-100.0,-100.0,16.0,1.0,0.0,30.0,-46.667,-45.0,-45.0,-96.0,19.0,0.0,37.0,-96.332,-96.263,-96.263,0.0,0.0,0.0,30.0,8.78,8.78,8.78,0.0,0.0,3.586,30.0,6.804,6.804,6.804,0.0,0.0,0.0,31.0
52.5048,1,fwd,90.0,11.9,28.989,90.0,30.658,-92.0,14.0,2.913,32.0,-100.0,-100.0,-100.0,-8.0,0.0,-0.0,31.0,-99.716,-100.0,-100.0,16.0,0.0,0.0,31.0,-46.667,-45.0,-45.0,-96.0,19.0,0.0,37.0,-96.332,-96.263,-96.263,0.0,0.0,0.0,30.0,8.78,8.78,8.78,0.0,0.0,3.586,30.0,6.804,6.804,6.804,0.0,0.0,0.0,31.0
52.5583,1,fwd,90.0,11.9,29.348,90.0,30.884,-92.0,14.0,3.359,32.0,-100.0,-100.0,-100.0,-8.0,0.0,-0.0,31.0,-99.716,-100.0,-100.0,16.0,0.0,0.0,31.0,-46.667,-45.0,-45.0,-96.0,19.0,0.0,37.0,-96.332,-96.263,-96.263,0.0,0.0,0.0,30.0,8.78,8.78,8.78,0.0,0.0,1.757,30.0,6.804,6.804,6.804,0.0,0.0,0.0,31.0
52.6107,1,fwd,90.0,11.9,29.708,90.0,30.999,-92.0,14.0,4.623,32.0,-100.0,-100.0,-100.0,-8.0,0.0,-0.0,31.0,-99.716,-100.0,-100.0,16.0,0.0,0.0,31.0,-46.667,-45.0,-45.0,-96.0,19.0,0.0,37.0,-96.332,-96.263,-96.263,0.0,0.0,0.0,30.0,8.78,8.78,8.78,0.0,0.0,0.861,30.0,6.804,6.804,6.804,0.0,0.0,0.0,31.0
52.6642,1,fwd,90.0,11.9,29.798,90.0,31.22,-92.0,14.0,3.278,32.0,-100.0,-100.0,-100.0,-8.0,0.0,-0.0,31.0,-99.716,-100.0,-100.0,16.0,0.0,0.0,31.0,-46.667,-45.0,-45.0,-96.0,19.0,0.0,37.0,-96.332,-96.263,-96.263,0.0,0.0,0.0,30.0,8.78,8.78,8.78,0.0,0.0,0.422,30.0,6.804,6.804,6.804,0.0,0.0,0.0,31.0
52.7168,1,fwd,90.0,11.9,29.978,90.0,31.434,-92.0,14.0,3.317,32.0,-100.0,-100.0,-100.0,-8.0,0.0,-0.0,31.0,-99.716,-100.0,-100.0,16.0,0.0,0.0,31.0,-46.667,-45.0,-45.0,-96.0,19.0,0.0,37.0,-96.332,-96.263,-96.263,0.0,0.0,0.0,30.0,8.78,8.78,8.78,0.0,0.0,0.207,30.0,6.804,6.804,6.804,0.0,0.0,0.0,31.0
52.77,1,fwd,90.0,11.9,30.247,90.0,31.647,-92.0,14.0,4.062,32.0,-100.0,-100.0,-100.0,-8.0,0.0,-0.0,31.0,-99.716,-100.0,-100.0,16.0,0.0,0.0,31.0,-46.667,-45.0,-45.0,-96.0,19.0,0.0,37.0,-96.332,-96.263,-96.263,0.0,0.0,0.0,30.0,8.78,8.78,8.78,0.0,0.0,0.101,30.0,6.804,6.804,6.804,0.0,0.0,0.0,31.0
52.8231,1,fwd,90.0,11.9,30.337,90.0,31.86,-92.0,14.0,2.697,32.0,-100.0,-100.0,-100.0,-8.0,0.0,-0.0,31.0,-99.716,-100.0,-100.0,16.0,0.0,0.0,31.0,-46.667,-45.0,-45.0,-96.0,19.0,0.0,37.0,-96.332,-96.263,-96.263,0.0,0.0,0.0,30.0,8.78,8.78,8.78,0.0,0.0,0.05,30.0,6.804,6.804,6.804,0.0,0.0,0.0,31.0
52.8763,1,fwd,90.0,11.9,30.607,90.0,32.074,-92.0,14.0,3.757,32.0,-100.0,-100.0,-100.0,-8.0,0.0,-0.0,31.0,-99.716,-100.0,-100.0,16.0,0.0,0.0,31.0,-46.667,-45.0,-45.0,-96.0,19.0,0.0,37.0,-96.332,-96.263,-96.263,0.0,0.0,0.0,30.0,8.78,8.78,8.78,0.0,0.0,0.024,30.0,6.804,6.804,6.804,0.0,0.0,0.0,31.0
52.9294,1,fwd,90.0,11.9,30.966,90.0,32.287,-92.0,14.0,4.973,32.0,-100.0,-100.0,-100.0,-8.0,0.0,-0.0,31.0,-99.716,-100.0,-100.0,16.0,0.0,0.0,31.0,-46.667,-45.0,-45.0,-96.0,19.0,0.0,37.0,-96.332,-96.263,-96.263,0.0,0.0,0.0,30.0,8.78,8.78,8.78,0.0,0.0,0.012,30.0,6.804,6.804,6.804,0.0,0.0,0.0,31.0
52.9816,1,fwd,90.0,11.9,31.146,90.0,32.5,-92.0,14.0,4.152,32.0,-100.0,-100.0,-100.0,-8.0,0.0,-0.0,31.0,-99.716,-100.0,-100.0,16.0,0.0,0.0,31.0,-46.667,-45.0,-45.0,-96.0,19.0,0.0,37.0,-96.332,-96.263,-96.263,0.0,0.0,0.0,30.0,8.78,8.78,8.78,0.0,0.0,0.006,30.0,6.804,6.804,6.804,0.0,0.0,0.0,31.0
53.0352,1,fwd,90.0,11.9,31.236,90.0,32.715,-92.0,14.0,3.051,32.0,-100.0,-100.0,-100.0,-8.0,0.0,-0.0,31.0,-99.716,-100.0,-100.0,16.0,0.0,0.0,31.0,-46.667,-45.0,-45.0,-96.0,19.0,0.0,37.0,-96.332,-96.263,-96.263,0.0,0.0,0.0,30.0,8.293,8.78,8.78,0.0,0.0,-3.837,30.0,6.804,6.804,6.804,0.0,0.0,0.0,31.0
53.0876,1,fwd,90.0,11.9,31.506,90.0,32.955,-100.0,17.0,3.475,32.0,-100.0,-100.0,-100.0,-8.0,0.0,-0.0,31.0,-99.716,-100.0,-100.0,16.0,0.0,0.0,30.0,-46.667,-45.0,-45.0,-96.0,20.0,0.0,37.0,-96.332,-96.263,-96.263,0.0,0.0,0.0,30.0,8.293,8.78,8.78,-8.0,0.0,-2.686,30.0,6.804,6.804,6.804,0.0,0.0,0.0,31.0
53.1404,1,fwd,90.0,11.9,31.685,90.0,33.17,-100.0,17.0,3.722,32.0,-100.0,-100.0,-100.0,-8.0,0.0,-0.0,31.0,-99.716,-100.0,-100.0,16.0,0.0,0.0,30.0,-46.533,-45.0,-45.0,-96.0,20.0,1.043,37.0,-96.332,-96.263,-96.263,0.0,0.0,0.0,30.0,8.78,8.78,8.78,-8.0,0.0,2.5,30.0,6.804,6.804,6.804,0.0,0.0,0.0,31.0
53.1925,1,fwd,90.0,11.9,31.775,90.0,33.384,-100.0,17.0,2.528,32.0,-100.0,-100.0,-100.0,-8.0,0.0,-0.0,31.0,-99.716,-100.0,-100.0,16.0,0.0,0.0,30.0,-46.533,-45.0,-45.0,-96.0,20.0,0.511,37.0,-96.332,-96.263,-96.263,0.0,0.0,0.0,30.0,8.78,8.78,8.78,-8.0,0.0,1.225,30.0,6.804,6.804,6.804,0.0,0.0,0.0,31.0
53.2458,1,fwd,90.0,11.9,32.045,90.0,33.596,-100.0,17.0,3.679,32.0,-100.0,-100.0,-100.0,-8.0,0.0,-0.0,31.0,-99.716,-100.0,-100.0,16.0,0.0,0.0,30.0,-46.533,-45.0,-45.0,-96.0,20.0,0.25,37.0,-96.332,-96.263,-96.263,0.0,0.0,0.0,30.0,8.78,8.78,8.78,-8.0,0.0,0.6,30.0,6.804,6.804,6.804,0.0,0.0,0.0,31.0
53.299,1,fwd,90.0,11.9,32.404,90.0,33.81,-100.0,17.0,5.517,32.0,-100.0,-100.0,-100.0,-8.0,0.0,-0.0,31.0,-99.716,-100.0,-100.0,16.0,0.0,0.0,30.0,-46.533,-45.0,-45.0,-96.0,20.0,0.123,37.0,-96.332,-96.263,-96.263,0.0,0.0,0.0,30.0,8.78,8.78,8.78,-8.0,0.0,0.294,30.0,6.804,6.804,6.804,0.0,0.0,0.0,31.0
53.3521,1,fwd,90.0,11.9,32.584,90.0,34.024,-100.0,17.0,4.122,32.0,-100.0,-100.0,-100.0,-8.0,0.0,-0.0,31.0,-99.716,-100.0,-100.0,16.0,0.0,0.0,30.0,-46.533,-45.0,-45.0,-96.0,20.0,0.06,37.0,-96.332,-96.263,-96.263,0.0,0.0,0.0,30.0,8.78,8.78,8.78,-8.0,0.0,0.144,30.0,6.804,6.804,6.804,0.0,0.0,0.0,31.0
53.406,1,fwd,90.0,11.9,32.674,90.0,34.237,-100.0,17.0,2.728,32.0,-100.0,-100.0,-100.0,-8.0,0.0,-0.0,31.0,-99.716,-100.0,-100.0,16.0,0.0,0.0,30.0,-46.533,-45.0,-45.0,-96.0,20.0,0.029,37.0,-96.332,-96.263,-96.263,0.0,0.0,0.0,30.0,8.78,8.78,8.78,-8.0,0.0,0.071,30.0,6.804,6.804,6.804,0.0,0.0,0.0,31.0
53.4591,1,fwd,90.0,11.9,32.854,90.0,34.452,-100.0,17.0,2.735,32.0,-100.0,-100.0,-100.0,-8.0,0.0,-0.0,31.0,-99.716,-100.0,-100.0,16.0,0.0,0.0,30.0,-46.533,-45.0,-45.0,-96.0,20.0,0.014,37.0,-96.332,-96.263,-96.263,0.0,0.0,0.0,30.0,8.78,8.78,8.78,-8.0,0.0,0.035,30.0,6.804,6.804,6.804,0.0,0.0,0.0,31.0
53.5116,1,fwd,90.0,11.9,33.213,90.0,34.665,-100.0,17.0,4.786,32.0,-100.0,-100.0,-100.0,-8.0,0.0,-0.0,31.0,-99.716,-100.0,-100.0,16.0,0.0,0.0,30.0,-46.533,-45.0,-45.0,-96.0,20.0,0.007,37.0,-96.332,-96.263,-96.263,0.0,0.0,0.0,30.0,8.293,8.78,8.78,-8.0,0.0,-3.831,30.0,6.804,6.804,6.804,0.0,0.0,0.0,31.0
53.5649,1,fwd,90.0,11.9,33.213,90.0,34.878,-100.0,17.0,2.345,32.0,-100.0,-100.0,-100.0,-8.0,0.0,-0.0,31.0,-99.573,-100.0,-100.0,16.0,0.0,1.122,30.0,-46.533,-45.0,-45.0,-96.0,20.0,0.003,37.0,-96.332,-96.263,-96.263,0.0,0.0,0.0,30.0,8.293,8.78,8.78,-8.0,0.0,-1.877,30.0,6.804,6.804,6.804,0.0,0.0,0.0,31.0
53.6179,1,fwd,90.0,11.9,33.393,90.0,34.984,-108.0,21.0,3.661,32.0,-100.0,-100.0,-100.0,-8.0,0.0,-0.0,31.0,-99.573,-100.0,-100.0,24.0,1.0,0.786,30.0,-46.533,-45.0,-45.0,-88.0,17.0,0.002,37.0,-96.332,-96.263,-96.263,0.0,0.0,0.0,30.0,8.293,8.78,8.78,-8.0,0.0,-1.314,30.0,6.804,6.804,6.804,0.0,0.0,0.0,31.0
53.6712,1,fwd,90.0,11.9,33.753,90.0,35.317,-108.0,21.0,3.13,32.0,-100.0,-100.0,-100.0,-8.0,0.0,-0.0,31.0,-99.573,-100.0,-100.0,24.0,1.0,0.385,30.0,-46.533,-45.0,-45.0,-88.0,17.0,0.001,37.0,-96.332,-96.263,-96.263,0.0,0.0,0.0,30.0,8.293,8.78,8.78,-8.0,0.0,-0.644,30.0,6.804,6.804,6.804,0.0,0.0,0.0,31.0
53.7242,1,fwd,90.0,11.9,34.022,90.0,35.531,-108.0,21.0,5.238,32.0,-100.0,-100.0,-100.0,-8.0,0.0,-0.0,31.0,-99.573,-100.0,-100.0,24.0,1.0,0.27,30.0,-46.533,-45.0,-45.0,-88.0,17.0,0.001,37.0,-96.332,-96.263,-96.263,0.0,0.0,0.0,30.0,8.293,8.78,8.78,-8.0,0.0,-0.451,30.0,6.804,6.804,6.804,0.0,0.0,0.0,31.0
53.7774,1,fwd,90.0,11.9,34.022,90.0,35.755,-108.0,21.0,2.567,32.0,-100.0,-100.0,-100.0,-8.0,0.0,-0.0,31.0,-99.573,-100.0,-100.0,24.0,1.0,0.132,30.0,-46.533,-45.0,-45.0,-88.0,17.0,0.0,37.0,-96.332,-96.263,-96.263,0.0,0.0,0.0,30.0,8.293,8.78,8.78,-8.0,0.0,-0.221,30.0,6.804,6.804,6.804,0.0,0.0,0.0,31.0
53.8308,1,fwd,90.0,11.9,34.292,90.0,35.981,-108.0,21.0,3.912,32.0,-100.0,-100.0,-100.0,-8.0,0.0,-0.0,31.0,-99.573,-100.0,-100.0,24.0,1.0,0.065,30.0,-46.533,-45.0,-45.0,-88.0,17.0,0.0,37.0,-96.332,-96.263,-96.263,0.0,0.0,0.0,30.0,8.78,8.78,8.78,-8.0,0.0,5.375,30.0,6.804,6.804,6.804,0.0,0.0,0.0,31.0
53.8842,1,fwd,90.0,11.9,34.472,90.0,36.196,-108.0,21.0,3.623,32.0,-100.0,-100.0,-100.0,-8.0,0.0,-0.0,31.0,-99.573,-100.0,-100.0,24.0,1.0,0.032,30.0,-46.533,-45.0,-45.0,-88.0,17.0,0.0,37.0,-96.332,-96.263,-96.263,0.0,0.0,0.0,30.0,8.78,8.78,8.78,-8.0,0.0,2.634,30.0,6.804,6.804,6.804,0.0,0.0,0.0,31.0
53.9369,1,fwd,90.0,11.9,34.652,90.0,36.302,-108.0,21.0,3.197,32.0,-100.0,-100.0,-100.0,-8.0,0.0,-0.0,31.0,-99.573,-100.0,-100.0,24.0,1.0,0.016,30.0,-46.533,-45.0,-45.0,-88.0,17.0,0.0,37.0,-96.332,-96.263,-96.263,0.0,0.0,0.0,30.0,8.78,8.78,8.78,-8.0,0.0,1.291,30.0,6.804,6.804,6.804,0.0,0.0,0.0,31.0
53.99,1,fwd,90.0,11.9,34.921,90.0,36.525,-108.0,21.0,4.236,32.0,-100.0,-100.0,-100.0,-8.0,0.0,-0.0,31.0,-99.573,-100.0,-100.0,24.0,1.0,0.008,30.0,-46.533,-45.0,-45.0,-88.0,17.0,0.0,37.0,-96.332,-96.263,-96.263,0.0,0.0,0.0,30.0,8.293,8.78,8.78,-8.0,0.0,-2.884,30.0,6.804,6.804,6.804,0.0,0.0,0.0,31.0
54.0428,1,fwd,90.0,11.9,35.191,90.0,36.74,-108.0,21.0,4.798,32.0,-100.0,-100.0,-100.0,-8.0,0.0,-0.0,31.0,-99.573,-100.0,-100.0,24.0,1.0,0.004,30.0,-46.533,-45.0,-45.0,-88.0,17.0,0.0,37.0,-96.332,-96.263,-96.263,0.0,0.0,0.0,30.0,8.293,8.78,8.78,-8.0,0.0,-1.413,30.0,6.804,6.804,6.804,0.0,0.0,0.0,31.0
54.0961,1,fwd,90.0,11.9,35.461,90.0,36.953,-108.0,21.0,4.772,32.0,-100.0,-100.0,-100.0,-8.0,0.0,-0.0,31.0,-99.573,-100.0,-100.0,24.0,1.0,0.002,30.0,-46.533,-45.0,-45.0,-88.0,17.0,0.0,37.0,-96.332,-96.263,-96.263,0.0,0.0,0.0,30.0,8.293,8.78,8.78,-8.0,0.0,-0.693,30.0,6.804,6.804,6.804,0.0,0.0,0.0,31.0
54.1493,1,fwd,90.0,11.9,35.551,90.0,37.167,-108.0,21.0,3.354,32.0,-100.0,-100.0,-100.0,-8.0,0.0,-0.0,31.0,-99.573,-100.0,-100.0,24.0,1.0,0.001,30.0,-46.533,-45.0,-45.0,-88.0,17.0,0.0,37.0,-96.332,-96.263,-96.263,0.0,0.0,0.0,30.0,8.293,8.78,8.78,-8.0,0.0,-0.339,30.0,6.804,6.804,6.804,0.0,0.0,0.0,31.0
54.2024,1,fwd,90.0,11.9,35.73,90.0,37.273,-112.0,21.0,4.361,32.0,-100.0,-100.0,-100.0,-8.0,0.0,-0.0,31.0,-99.573,-100.0,-100.0,24.0,1.0,0.001,31.0,-46.533,-45.0,-45.0,-88.0,17.0,0.0,37.0,-96.332,-96.263,-96.263,0.0,0.0,0.0,31.0,8.293,8.78,8.78,-8.0,0.0,-0.238,30.0,6.804,6.804,6.804,0.0,0.0,0.0,31.0
54.2544,1,fwd,90.0,11.9,36.0,90.0,37.607,-112.0,21.0,4.511,32.0,-100.0,-100.0,-100.0,-8.0,0.0,-0.0,31.0,-99.573,-100.0,-100.0,24.0,1.0,0.0,31.0,-46.533,-45.0,-45.0,-88.0,17.0,0.0,37.0,-96.332,-96.263,-96.263,0.0,0.0,0.0,31.0,8.293,8.78,8.78,-8.0,0.0,-0.116,30.0,6.804,6.804,6.804,0.0,0.0,0.0,31.0
54.3074,1,fwd,90.0,11.9,36.09,90.0,37.82,-112.0,21.0,2.914,32.0,-100.0,-100.0,-100.0,-8.0,0.0,-0.0,31.0,-99.573,-100.0,-100.0,24.0,1.0,0.0,31.0,-46.533,-45.0,-45.0,-88.0,17.0,0.0,37.0,-96.332,-96.263,-96.263,0.0,0.0,0.0,31.0,8.293,8.78,8.78,-8.0,0.0,-0.057,30.0,6.804,6.804,6.804,0.0,0.0,0.0,31.0
54.3604,1,fwd,90.0,11.9,36.36,90.0,38.032,-112.0,21.0,3.875,32.0,-100.0,-100.0,-100.0,-8.0,0.0,-0.0,31.0,-99.573,-100.0,-100.0,24.0,1.0,0.0,31.0,-46.533,-45.0,-45.0,-88.0,17.0,0.0,37.0,-96.332,-96.263,-96.263,0.0,0.0,0.0,31.0,8.293,8.78,8.78,-8.0,0.0,-0.028,30.0,6.804,6.804,6.804,0.0,0.0,0.0,31.0
54.4142,1,fwd,90.0,11.9,36.719,90.0,38.244,-112.0,21.0,5.337,32.0,-100.0,-100.0,-100.0,-8.0,0.0,-0.0,31.0,-99.573,-100.0,-100.0,24.0,1.0,0.0,31.0,-46.533,-45.0,-45.0,-88.0,17.0,0.0,37.0,-96.332,-96.263,-96.263,0.0,0.0,0.0,31.0,8.293,8.78,8.78,-8.0,0.0,-0.014,30.0,6.804,6.804,6.804,0.0,0.0,0.0,31.0
54.4674,1,fwd,90.0,11.9,36.899,90.0,38.457,-112.0,21.0,4.342,32.0,-100.0,-100.0,-100.0,-8.0,0.0,-0.0,31.0,-99.573,-100.0,-100.0,24.0,1.0,0.0,31.0,-46.533,-45.0,-45.0,-88.0,17.0,0.0,37.0,-96.332,-96.263,-96.263,0.0,0.0,0.0,31.0,8.293,8.78,8.78,-8.0,0.0,-0.007,30.0,6.804,6.804,6.804,0.0,0.0,0.0,31.0
54.5204,1,fwd,90.0,11.9,36.989,90.0,38.669,-112.0,21.0,3.144,32.0,-100.0,-100.0,-100.0,-8.0,0.0,-0.0,31.0,-99.573,-100.0,-100.0,24.0,1.0,0.0,31.0,-46.533,-45.0,-45.0,-88.0,17.0,0.0,37.0,-96.332,-96.263,-96.263,0.0,0.0,0.0,31.0,8.293,8.78,8.78,-8.0,0.0,-0.003,30.0,6.804,6.804,6.804,0.0,0.0,0.0,31.0
54.5726,1,fwd,90.0,11.9,37.169,90.0,38.881,-112.0,21.0,3.275,32.0,-100.0,-100.0,-100.0,-8.0,0.0,-0.0,31.0,-99.573,-100.0,-100.0,24.0,1.0,0.0,31.0,-46.533,-45.0,-45.0,-88.0,17.0,0.0,37.0,-96.332,-96.263,-96.263,0.0,0.0,0.0,31.0,8.78,8.78,8.78,-8.0,0.0,3.871,30.0,6.804,6.804,6.804,0.0,0.0,0.0,31.0
54.6259,1,fwd,90.0,11.9,37.438,90.0,39.094,-112.0,21.0,4.344,32.0,-100.0,-100.0,-100.0,-8.0,0.0,-0.0,31.0,-99.573,-100.0,-100.0,24.0,1.0,0.0,31.0,-46.533,-45.0,-45.0,-88.0,17.0,0.0,37.0,-96.332,-96.263,-96.263,0.0,0.0,0.0,31.0,8.78,8.78,8.78,-8.0,0.0,1.897,30.0,6.804,6.804,6.804,0.0,0.0,0.0,31.0
54.6791,1,fwd,90.0,11.9,37.528,90.0,39.305,-112.0,21.0,2.844,32.0,-100.0,-100.0,-100.0,-8.0,0.0,-0.0,31.0,-99.573,-100.0,-100.0,24.0,1.0,0.0,31.0,-46.533,-45.0,-45.0,-88.0,17.0,0.0,37.0,-96.263,-96.263,-96.263,0.0,0.0,0.551,31.0,8.293,8.78,8.78,-8.0,0.0,-4.569,30.0,6.804,6.804,6.804,0.0,0.0,0.0,31.0
54.732,1,fwd,90.0,11.9,37.798,90.0,39.518,-112.0,21.0,3.84,32.0,-100.0,-100.0,-100.0,-8.0,0.0,-0.0,31.0,-99.573,-100.0,-100.0,24.0,1.0,0.0,31.0,-46.533,-45.0,-45.0,-88.0,17.0,0.0,37.0,-96.332,-96.263,-96.263,0.0,0.0,-0.517,31.0,8.293,8.78,8.78,-8.0,0.0,-2.239,30.0,6.804,6.804,6.804,0.0,0.0,0.0,31.0
54.7851,1,fwd,90.0,11.9,38.247,90.0,39.753,-128.0,29.0,4.962,32.0,-100.0,-100.0,-100.0,-8.0,0.0,-0.0,31.0,-99.573,-100.0,-100.0,24.0,1.0,0.0,31.0,-46.533,-45.0,-45.0,-88.0,13.0,0.0,37.0,-96.332,-96.263,-96.263,0.0,0.0,-0.362,30.0,8.293,8.78,8.78,-8.0,0.0,-1.567,30.0,6.804,6.804,6.804,0.0,0.0,0.0,31.0
54.8384,1,fwd,90.0,11.9,38.337,90.0,39.967,-128.0,29.0,3.452,32.0,-100.0,-100.0,-100.0,-8.0,0.0,-0.0,31.0,-99.573,-100.0,-100.0,24.0,1.0,0.0,31.0,-46.533,-45.0,-45.0,-88.0,13.0,0.0,37.0,-96.332,-96.263,-96.263,0.0,0.0,-0.177,30.0,8.293,8.78,8.78,-8.0,0.0,-0.768,30.0,6.804,6.804,6.804,0.0,0.0,0.0,31.0
54.8904,1,fwd,90.0,11.9,38.427,90.0,40.178,-128.0,29.0,2.698,32.0,-100.0,-100.0,-100.0,-8.0,0.0,-0.0,31.0,-99.573,-100.0,-100.0,24.0,1.0,0.0,31.0,-46.533,-45.0,-45.0,-88.0,13.0,0.0,37.0,-96.332,-96.263,-96.263,0.0,0.0,-0.087,30.0,8.293,8.78,8.78,-8.0,0.0,-0.376,30.0,6.804,6.804,6.804,0.0,0.0,0.0,31.0
54.9427,1,fwd,90.0,11.9,38.697,90.0,40.392,-128.0,29.0,3.744,32.0,-100.0,-100.0,-100.0,-8.0,0.0,-0.0,31.0,-99.573,-100.0,-100.0,24.0,1.0,0.0,31.0,-46.4,-45.0,-45.0,-88.0,13.0,1.489,37.0,-96.332,-96.263,-96.263,0.0,0.0,-0.043,30.0,8.293,8.78,8.78,-8.0,0.0,-0.184,30.0,6.804,6.804,6.804,0.0,0.0,0.0,31.0
54.9957,1,fwd,90.0,11.9,38.876,90.0,40.605,-128.0,29.0,3.561,32.0,-100.0,-100.0,-100.0,-8.0,0.0,-0.0,31.0,-99.573,-100.0,-100.0,24.0,1.0,0.0,31.0,-46.4,-45.0,-45.0,-88.0,13.0,0.73,37.0,-96.332,-96.263,-96.263,0.0,0.0,-0.021,30.0,8.293,8.78,8.78,-8.0,0.0,-0.09,30.0,6.804,6.804,6.804,0.0,0.0,0.0,31.0
55.0491,1,fwd,90.0,11.9,38.966,90.0,40.818,-128.0,29.0,2.453,32.0,-100.0,-100.0,-100.0,-8.0,0.0,-0.0,31.0,-99.573,-100.0,-100.0,24.0,1.0,0.0,31.0,-46.4,-45.0,-45.0,-88.0,13.0,0.358,37.0,-96.332,-96.263,-96.263,0.0,0.0,-0.01,30.0,8.293,8.78,8.78,-8.0,0.0,-0.044,30.0,6.804,6.804,6.804,0.0,0.0,0.0,31.0
55.1024,1,fwd,90.0,11.9,39.236,90.0,41.031,-128.0,29.0,3.626,32.0,-100.0,-100.0,-100.0,-8.0,0.0,-0.0,31.0,-99.573,-100.0,-100.0,24.0,1.0,0.0,31.0,-46.4,-45.0,-45.0,-88.0,13.0,0.175,37.0,-96.332,-96.263,-96.263,0.0,0.0,-0.005,30.0,8.293,8.78,8.78,-8.0,0.0,-0.022,30.0,6.804,6.804,6.804,0.0,0.0,0.0,31.0
55.1546,1,fwd,90.0,11.9,39.596,90.0,41.245,-128.0,29.0,5.206,32.0,-100.0,-100.0,-100.0,-8.0,0.0,-0.0,31.0,-99.573,-100.0,-100.0,24.0,1.0,0.0,31.0,-46.4,-45.0,-45.0,-88.0,13.0,0.086,37.0,-96.332,-96.263,-96.263,0.0,0.0,0.231,30.0,8.293,8.78,8.78,-8.0,0.0,-0.011,30.0,6.804,6.804,6.804,0.0,0.0,0.0,31.0
55.2079,1,fwd,90.0,11.9,39.775,90.0,41.458,-128.0,29.0,4.283,32.0,-100.0,-100.0,-100.0,-8.0,0.0,-0.0,31.0,-99.573,-100.0,-100.0,24.0,1.0,0.0,31.0,-46.4,-45.0,-45.0,-88.0,13.0,0.042,37.0,-96.332,-96.263,-96.263,0.0,0.0,0.113,30.0,8.293,8.78,8.78,-8.0,0.0,-0.005,30.0,6.804,6.804,6.804,0.0,0.0,0.0,31.0
55.2612,1,fwd,90.0,11.9,39.775,90.0,41.671,-128.0,29.0,2.099,32.0,-100.0,-100.0,-100.0,-8.0,0.0,-0.0,31.0,-99.573,-100.0,-100.0,24.0,1.0,0.0,31.0,-46.4,-45.0,-45.0,-88.0,13.0,0.021,37.0,-96.332,-96.263,-96.263,0.0,0.0,0.055,30.0,8.293,8.78,8.78,-8.0,0.0,-0.003,30.0,6.804,6.804,6.804,0.0,0.0,0.0,31.0
55.3144,1,fwd,90.0,11.9,39.865,90.0,41.779,-128.0,29.0,2.476,32.0,-100.0,-100.0,-100.0,-8.0,0.0,-0.0,31.0,-99.573,-100.0,-100.0,24.0,1.0,0.0,31.0,-46.4,-45.0,-45.0,-88.0,13.0,0.014,37.0,-96.332,-96.263,-96.263,0.0,0.0,0.039,30.0,8.293,8.78,8.78,-8.0,0.0,-0.002,30.0,6.804,6.804,6.804,0.0,0.0,0.0,31.0
55.3666,1,fwd,90.0,11.9,40.225,90.0,42.02,-144.0,32.0,3.52,32.0,-100.0,-100.0,-100.0,-8.0,0.0,-0.0,31.0,-99.573,-100.0,-100.0,24.0,1.0,0.0,30.0,-46.4,-45.0,-45.0,-80.0,13.0,0.01,37.0,-96.332,-96.263,-96.263,0.0,0.0,0.027,30.0,8.293,8.78,8.78,-8.0,0.0,-0.001,30.0,6.804,6.804,6.804,0.0,0.0,0.0,31.0
55.4212,1,fwd,90.0,11.9,40.404,90.0,42.248,-144.0,32.0,3.367,32.0,-100.0,-100.0,-100.0,-8.0,0.0,-0.0,31.0,-99.573,-100.0,-100.0,24.0,1.0,0.0,30.0,-46.4,-45.0,-45.0,-80.0,13.0,0.005,37.0,-96.332,-96.263,-96.263,0.0,0.0,0.013,30.0,8.293,8.78,8.78,-8.0,0.0,-0.001,30.0,6.804,6.804,6.804,0.0,0.0,0.0,31.0
55.4744,1,fwd,90.0,11.9,40.674,90.0,42.462,-144.0,32.0,4.693,32.0,-100.0,-100.0,-100.0,-8.0,0.0,-0.0,31.0,-99.573,-100.0,-100.0,24.0,1.0,0.0,30.0,-46.4,-45.0,-45.0,-80.0,13.0,0.002,37.0,-96.332,-96.263,-96.263,0.0,0.0,0.007,30.0,8.293,8.78,8.78,-8.0,0.0,-0.0,30.0,6.804,6.804,6.804,0.0,0.0,0.0,31.0
55.5267,1,fwd,90.0,11.9,40.944,90.0,42.676,-144.0,32.0,5.014,32.0,-100.0,-100.0,-100.0,-8.0,0.0,-0.0,31.0,-99.573,-100.0,-100.0,24.0,1.0,0.0,30.0,-46.4,-45.0,-45.0,-80.0,13.0,0.001,37.0,-96.332,-96.263,-96.263,0.0,0.0,0.003,30.0,8.293,8.78,8.78,-8.0,0.0,-0.0,30.0,6.804,6.804,6.804,0.0,0.0,0.0,31.0
55.5788,1,fwd,90.0,11.9,41.213,90.0,42.889,-144.0,32.0,4.903,32.0,-100.0,-100.0,-100.0,-8.0,0.0,-0.0,31.0,-99.573,-100.0,-100.0,24.0,1.0,0.0,30.0,-46.4,-45.0,-45.0,-80.0,13.0,0.001,37.0,-96.332,-96.263,-96.263,0.0,0.0,0.002,30.0,8.293,8.78,8.78,-8.0,0.0,-0.0,30.0,6.804,6.804,6.804,0.0,0.0,0.0,31.0
55.632,1,fwd,90.0,11.9,41.213,90.0,43.101,-144.0,32.0,2.403,32.0,-100.0,-100.0,-100.0,-8.0,0.0,-0.0,31.0,-99.573,-100.0,-100.0,24.0,1.0,0.0,30.0,-46.4,-45.0,-45.0,-80.0,13.0,0.0,37.0,-96.332,-96.263,-96.263,0.0,0.0,-0.229,30.0,8.293,8.78,8.78,-8.0,0.0,-0.0,30.0,6.804,6.804,6.804,0.0,0.0,0.0,31.0
55.6852,1,fwd,90.0,11.9,41.483,90.0,43.314,-144.0,32.0,3.917,32.0,-100.0,-100.0,-100.0,-8.0,0.0,-0.0,31.0,-99.573,-100.0,-100.0,24.0,1.0,0.0,30.0,-46.4,-45.0,-45.0,-80.0,13.0,0.0,37.0,-96.332,-96.263,-96.263,0.0,0.0,-0.112,30.0,8.293,8.78,8.78,-8.0,0.0,-0.0,30.0,6.804,6.804,6.804,0.0,0.0,0.0,31.0
55.7384,1,fwd,90.0,11.9,41.663,90.0,43.526,-144.0,32.0,3.647,32.0,-100.0,-100.0,-100.0,-8.0,0.0,-0.0,31.0,-99.573,-100.0,-100.0,24.0,1.0,0.0,30.0,-46.4,-45.0,-45.0,-80.0,13.0,0.0,37.0,-96.332,-96.263,-96.263,0.0,0.0,-0.055,30.0,8.293,8.78,8.78,-8.0,0.0,-0.0,30.0,6.804,6.804,6.804,0.0,0.0,0.0,31.0
55.7919,1,fwd,90.0,11.9,41.753,90.0,43.739,-144.0,32.0,2.498,32.0,-100.0,-100.0,-100.0,-8.0,0.0,-0.0,31.0,-99.573,-100.0,-100.0,24.0,1.0,0.0,30.0,-46.4,-45.0,-45.0,-80.0,13.0,0.0,37.0,-96.332,-96.263,-96.263,0.0,0.0,-0.027,30.0,8.293,8.78,8.78,-8.0,0.0,-0.0,30.0,6.804,6.804,6.804,0.0,0.0,0.0,31.0
55.8451,1,fwd,90.0,11.9,42.022,90.0,43.951,-144.0,32.0,3.974,32.0,-100.0,-100.0,-100.0,-8.0,0.0,-0.0,31.0,-99.573,-100.0,-100.0,24.0,1.0,0.0,30.0,-46.4,-45.0,-45.0,-80.0,13.0,0.0,37.0,-96.332,-96.263,-96.263,0.0,0.0,-0.013,30.0,8.293,8.78,8.78,-8.0,0.0,-0.0,30.0,6.804,6.804,6.804,0.0,0.0,0.0,31.0
55.8982,1,fwd,90.0,11.9,42.202,90.0,44.057,-140.0,32.0,4.813,32.0,-100.0,-100.0,-100.0,-8.0,0.0,-0.0,31.0,-99.573,-100.0,-100.0,24.0,1.0,0.0,31.0,-46.4,-45.0,-45.0,-80.0,14.0,0.0,37.0,-96.332,-96.263,-96.263,0.0,0.0,-0.009,30.0,8.293,8.78,8.78,-8.0,0.0,-0.0,30.0,6.804,6.804,6.804,0.0,0.0,0.0,31.0
55.9512,1,fwd,90.0,11.9,42.562,90.0,44.391,-140.0,32.0,3.683,32.0,-100.0,-100.0,-100.0,-8.0,0.0,-0.0,31.0,-99.573,-100.0,-100.0,24.0,1.0,0.0,31.0,-46.4,-45.0,-45.0,-80.0,14.0,0.0,37.0,-96.332,-96.263,-96.263,0.0,0.0,-0.005,30.0,8.293,8.78,8.78,-8.0,0.0,-0.0,30.0,6.804,6.804,6.804,0.0,0.0,0.0,31.0
56.0038,1,fwd,90.0,11.9,42.652,90.0,44.604,-140.0,32.0,2.506,32.0,-100.0,-100.0,-100.0,-8.0,0.0,-0.0,31.0,-99.573,-100.0,-100.0,24.0,1.0,0.0,31.0,-46.4,-45.0,-45.0,-80.0,14.0,0.0,37.0,-96.332,-96.263,-96.263,0.0,0.0,-0.002,30.0,8.293,8.78,8.78,-8.0,0.0,-0.0,30.0,6.804,6.804,6.804,0.0,0.0,0.0,31.0
56.0574,1,fwd,90.0,11.9,42.921,90.0,44.817,-140.0,32.0,3.653,32.0,-100.0,-100.0,-100.0,-8.0,0.0,-0.0,31.0,-99.573,-100.0,-100.0,24.0,1.0,0.0,31.0,-46.4,-45.0,-45.0,-80.0,14.0,0.0,37.0,-96.332,-96.263,-96.263,0.0,0.0,-0.001,30.0,8.293,8.78,8.78,-8.0,0.0,-0.0,30.0,6.804,6.804,6.804,0.0,0.0,0.0,31.0
56.1108,1,fwd,90.0,11.9,43.191,90.0,45.03,-140.0,32.0,4.509,32.0,-100.0,-100.0,-100.0,-8.0,0.0,-0.0,31.0,-99.573,-100.0,-100.0,24.0,1.0,0.0,31.0,-46.4,-45.0,-45.0,-80.0,14.0,0.0,37.0,-96.332,-96.263,-96.263,0.0,0.0,-0.001,30.0,8.293,8.78,8.78,-8.0,0.0,-0.0,30.0,6.804,6.804,6.804,0.0,0.0,0.0,31.0
56.1641,1,fwd,90.0,11.9,43.281,90.0,45.244,-140.0,32.0,3.225,32.0,-100.0,-100.0,-100.0,-8.0,0.0,-0.0,31.0,-99.431,-100.0,-100.0,24.0,1.0,1.607,31.0,-46.4,-45.0,-45.0,-80.0,14.0,0.0,37.0,-96.332,-96.263,-96.263,0.0,0.0,-0.0,30.0,8.293,8.78,8.78,-8.0,0.0,-0.0,30.0,6.804,6.804,6.804,0.0,0.0,0.0,31.0
56.2172,1,fwd,90.0,11.9,43.461,90.0,45.457,-140.0,32.0,3.605,32.0,-100.0,-100.0,-100.0,-8.0,0.0,-0.0,31.0,-99.431,-100.0,-100.0,24.0,1.0,0.788,31.0,-46.4,-45.0,-45.0,-80.0,14.0,0.0,37.0,-96.332,-96.263,-96.263,0.0,0.0,-0.0,30.0,8.293,8.78,8.78,-8.0,0.0,-0.0,30.0,6.804,6.804,6.804,0.0,0.0,0.0,31.0
56.2704,1,fwd,90.0,11.9,43.91,90.0,45.67,-140.0,32.0,5.933,32.0,-100.0,-100.0,-100.0,-8.0,0.0,-0.0,31.0,-99.431,-100.0,-100.0,24.0,1.0,0.386,31.0,-46.4,-45.0,-45.0,-80.0,14.0,0.0,37.0,-96.332,-96.263,-96.263,0.0,0.0,-0.0,30.0,8.293,8.78,8.78,-8.0,0.0,-0.0,30.0,6.804,6.804,6.804,0.0,0.0,0.0,31.0
56.3225,1,fwd,90.0,11.9,44.0,90.0,45.883,-140.0,32.0,3.615,32.0,-100.0,-100.0,-100.0,-8.0,0.0,-0.0,31.0,-99.431,-100.0,-100.0,24.0,1.0,0.189,31.0,-46.4,-45.0,-45.0,-80.0,14.0,0.0,37.0,-96.332,-96.263,-96.263,0.0,0.0,-0.0,30.0,8.293,8.78,8.78,-8.0,0.0,-0.0,30.0,6.804,6.804,6.804,0.0,0.0,0.0,31.0
56.3746,1,fwd,90.0,11.9,44.09,90.0,46.096,-140.0,32.0,2.48,32.0,-100.0,-100.0,-100.0,-8.0,0.0,-0.0,31.0,-99.431,-100.0,-100.0,24.0,1.0,0.093,31.0,-46.4,-45.0,-45.0,-80.0,14.0,0.0,37.0,-96.332,-96.263,-96.263,0.0,0.0,-0.0,30.0,8.293,8.78,8.78,-8.0,0.0,-0.0,30.0,6.804,6.804,6.804,0.0,0.0,0.0,31.0
56.4287,1,fwd,90.0,11.9,44.36,90.0,46.308,-140.0,32.0,3.657,32.0,-100.0,-100.0,-100.0,-8.0,0.0,-0.0,31.0,-99.431,-100.0,-100.0,24.0,1.0,0.045,31.0,-46.4,-45.0,-45.0,-80.0,14.0,0.0,37.0,-96.332,-96.263,-96.263,0.0,0.0,-0.0,30.0,8.78,8.78,8.78,-8.0,0.0,5.519,30.0,6.804,6.804,6.804,0.0,0.0,0.0,31.0
56.4821,1,fwd,90.0,11.9,44.629,90.0,46.549,-148.0,39.0,3.903,32.0,-100.0,-100.0,-100.0,-8.0,0.0,-0.0,31.0,-99.431,-100.0,-100.0,32.0,2.0,0.032,31.0,-46.4,-45.0,-45.0,-80.0,12.0,0.0,37.0,-96.332,-96.263,-96.263,0.0,0.0,-0.0,30.0,8.293,8.78,8.78,0.0,0.0,1.434,30.0,6.804,6.804,6.804,0.0,0.0,0.0,31.0
56.535,1,fwd,90.0,11.9,44.719,90.0,46.764,-148.0,39.0,2.929,32.0,-100.0,-100.0,-100.0,-8.0,0.0,-0.0,31.0,-99.431,-100.0,-100.0,32.0,2.0,0.016,31.0,-46.4,-45.0,-45.0,-80.0,12.0,0.0,37.0,-96.332,-96.263,-96.263,0.0,0.0,-0.0,30.0,8.293,8.78,8.78,0.0,0.0,0.702,30.0,6.804,6.804,6.804,0.0,0.0,0.0,31.0
56.5879,1,fwd,90.0,11.9,45.079,90.0,46.976,-148.0,39.0,4.883,32.0,-100.0,-100.0,-100.0,-8.0,0.0,-0.0,31.0,-99.431,-100.0,-100.0,32.0,2.0,0.008,31.0,-46.4,-45.0,-45.0,-80.0,12.0,0.0,37.0,-96.332,-96.263,-96.263,0.0,0.0,-0.0,30.0,8.293,8.78,8.78,0.0,0.0,0.344,30.0,6.804,6.804,6.804,0.0,0.0,0.0,31.0
56.6409,1,fwd,90.0,11.9,45.438,90.0,47.188,-148.0,39.0,5.843,32.0,-100.0,-100.0,-100.0,-8.0,0.0,-0.0,31.0,-99.431,-100.0,-100.0,32.0,2.0,0.004,31.0,-46.4,-45.0,-45.0,-80.0,12.0,0.0,37.0,-96.332,-96.263,-96.263,0.0,0.0,-0.0,30.0,8.293,8.78,8.78,0.0,0.0,0.169,30.0,6.804,6.804,6.804,0.0,0.0,0.0,31.0
56.6941,1,fwd,90.0,11.9,45.528,90.0,47.401,-148.0,39.0,3.571,32.0,-100.0,-100.0,-100.0,-8.0,0.0,-0.0,31.0,-99.431,-100.0,-100.0,32.0,2.0,0.002,31.0,-46.4,-45.0,-45.0,-80.0,12.0,0.0,37.0,-96.332,-96.263,-96.263,0.0,0.0,-0.0,30.0,8.293,8.78,8.78,0.0,0.0,0.083,30.0,6.804,6.804,6.804,0.0,0.0,0.0,31.0
56.7472,1,fwd,90.0,11.9,45.618,90.0,47.614,-148.0,39.0,2.767,32.0,-100.0,-100.0,-100.0,-8.0,0.0,-0.0,31.0,-99.431,-100.0,-100.0,32.0,2.0,0.001,31.0,-46.4,-45.0,-45.0,-80.0,12.0,0.0,37.0,-96.332,-96.263,-96.263,0.0,0.0,-0.0,30.0,8.293,8.78,8.78,0.0,0.0,0.04,30.0,6.804,6.804,6.804,0.0,0.0,0.0,31.0
56.8004,1,fwd,90.0,11.9,45.888,90.0,47.826,-148.0,39.0,3.79,32.0,-100.0,-100.0,-100.0,-8.0,0.0,-0.0,31.0,-99.431,-100.0,-100.0,32.0,2.0,0.0,31.0,-46.4,-45.0,-45.0,-80.0,12.0,0.0,37.0,-96.332,-96.263,-96.263,0.0,0.0,-0.0,30.0,8.293,8.78,8.78,0.0,0.0,0.02,30.0,6.804,6.804,6.804,0.0,0.0,0.0,31.0
56.8526,1,fwd,90.0,11.9,46.067,90.0,48.04,-148.0,39.0,3.58,32.0,-100.0,-100.0,-100.0,-8.0,0.0,-0.0,31.0,-99.431,-100.0,-100.0,32.0,2.0,0.0,31.0,-46.4,-45.0,-45.0,-80.0,12.0,0.0,37.0,-96.332,-96.263,-96.263,0.0,0.0,-0.0,30.0,8.293,8.78,8.78,0.0,0.0,0.01,30.0,6.804,6.804,6.804,0.0,0.0,0.0,31.0
56.9059,1,fwd,90.0,11.9,46.157,90.0,48.253,-148.0,39.0,2.754,32.0,-100.0,-100.0,-100.0,-8.0,0.0,-0.0,31.0,-99.431,-100.0,-100.0,32.0,2.0,0.0,31.0,-46.267,-45.0,-45.0,-80.0,12.0,1.047,37.0,-96.263,-96.263,-96.263,0.0,0.0,0.77,30.0,8.293,8.78,8.78,0.0,0.0,0.005,30.0,6.804,6.804,6.804,0.0,0.0,0.0,31.0
56.9592,1,fwd,90.0,11.9,46.517,90.0,48.467,-148.0,39.0,4.799,32.0,-100.0,-100.0,-100.0,-8.0,0.0,-0.0,31.0,-99.431,-100.0,-100.0,32.0,2.0,0.0,31.0,-46.267,-45.0,-45.0,-80.0,12.0,0.513,37.0,-96.332,-96.263,-96.263,0.0,0.0,-0.168,30.0,8.293,8.78,8.78,0.0,0.0,0.002,30.0,6.804,6.804,6.804,0.0,0.0,0.0,31.0
57.0123,1,fwd,90.0,11.9,46.697,90.0,48.573,-148.0,39.0,5.394,32.0,-100.0,-100.0,-100.0,-8.0,0.0,-0.0,31.0,-99.431,-100.0,-100.0,32.0,2.0,0.0,31.0,-46.267,-45.0,-45.0,-80.0,12.0,0.359,37.0,-96.332,-96.263,-96.263,0.0,0.0,-0.118,30.0,8.293,8.78,8.78,0.0,0.0,0.002,30.0,6.804,6.804,6.804,0.0,0.0,0.0,31.0
57.066,1,fwd,90.0,11.9,46.876,90.0,48.918,-144.0,37.0,4.678,32.0,-100.0,-100.0,-100.0,-8.0,0.0,-0.0,31.0,-99.431,-100.0,-100.0,32.0,2.0,0.0,31.0,-46.267,-45.0,-45.0,-72.0,8.0,0.251,37.0,-96.332,-96.263,-96.263,0.0,0.0,-0.082,30.0,8.293,8.78,8.78,-8.0,0.0,0.001,30.0,6.804,6.804,6.804,0.0,0.0,0.0,31.0
57.1194,1,fwd,90.0,11.9,46.966,90.0,49.136,-144.0,37.0,3.313,32.0,-100.0,-100.0,-100.0,-8.0,0.0,-0.0,31.0,-99.431,-100.0,-100.0,32.0,2.0,0.0,31.0,-46.267,-45.0,-45.0,-72.0,8.0,0.123,37.0,-96.332,-96.263,-96.263,0.0,0.0,-0.04,30.0,8.293,8.78,8.78,-8.0,0.0,0.001,30.0,6.804,6.804,6.804,0.0,0.0,0.0,31.0
57.172,1,fwd,90.0,11.9,47.236,90.0,49.242,-144.0,37.0,4.052,32.0,-100.0,-100.0,-100.0,-8.0,0.0,-0.0,31.0,-99.431,-100.0,-100.0,32.0,2.0,0.0,31.0,-46.267,-45.0,-45.0,-72.0,8.0,0.06,37.0,-96.332,-96.263,-96.263,0.0,0.0,-0.02,30.0,8.293,8.78,8.78,-8.0,0.0,0.0,30.0,6.804,6.804,6.804,0.0,0.0,0.0,31.0
57.2253,1,fwd,90.0,11.9,47.416,90.0,49.466,-144.0,37.0,3.64,32.0,-100.0,-100.0,-100.0,-8.0,0.0,-0.0,31.0,-99.431,-100.0,-100.0,32.0,2.0,0.0,31.0,-46.267,-45.0,-45.0,-72.0,8.0,0.03,37.0,-96.332,-96.263,-96.263,0.0,0.0,-0.01,30.0,8.293,8.78,8.78,-8.0,0.0,0.0,30.0,6.804,6.804,6.804,0.0,0.0,0.0,31.0
57.2775,1,fwd,90.0,11.9,47.596,90.0,49.68,-144.0,37.0,3.194,32.0,-100.0,-100.0,-100.0,-8.0,0.0,-0.0,31.0,-99.431,-100.0,-100.0,32.0,2.0,0.0,31.0,-46.267,-45.0,-45.0,-72.0,8.0,0.014,37.0,-96.332,-96.263,-96.263,0.0,0.0,-0.005,30.0,8.293,8.78,8.78,-8.0,0.0,0.0,30.0,6.804,6.804,6.804,0.0,0.0,0.0,31.0
57.3295,1,fwd,90.0,11.9,47.865,90.0,49.893,-144.0,37.0,4.595,32.0,-100.0,-100.0,-100.0,-8.0,0.0,-0.0,31.0,-99.431,-100.0,-100.0,32.0,2.0,0.0,31.0,-46.267,-45.0,-45.0,-72.0,8.0,0.007,37.0,-96.332,-96.263,-96.263,0.0,0.0,-0.002,30.0,8.293,8.78,8.78,-8.0,0.0,0.0,30.0,6.804,6.804,6.804,0.0,0.0,0.0,31.0
57.3817,1,fwd,90.0,11.9,48.135,90.0,50.106,-144.0,37.0,4.692,32.0,-100.0,-100.0,-100.0,-8.0,0.0,-0.0,31.0,-99.431,-100.0,-100.0,32.0,2.0,0.0,31.0,-46.267,-45.0,-45.0,-72.0,8.0,0.003,37.0,-96.332,-96.263,-96.263,0.0,0.0,-0.001,30.0,8.293,8.78,8.78,-8.0,0.0,0.0,30.0,6.804,6.804,6.804,0.0,0.0,0.0,31.0
57.4358,1,fwd,90.0,11.9,48.315,90.0,50.32,-144.0,37.0,4.334,32.0,-100.0,-100.0,-100.0,-8.0,0.0,-0.0,31.0,-99.431,-100.0,-100.0,32.0,2.0,0.0,31.0,-46.267,-45.0,-45.0,-72.0,8.0,0.002,37.0,-96.332,-96.263,-96.263,0.0,0.0,-0.001,30.0,8.293,8.78,8.78,-8.0,0.0,0.0,30.0,6.804,6.804,6.804,0.0,0.0,0.0,31.0
57.489,1,fwd,90.0,11.9,48.404,90.0,50.534,-144.0,37.0,2.822,32.0,-100.0,-100.0,-100.0,-8.0,0.0,-0.0,31.0,-99.431,-100.0,-100.0,32.0,2.0,0.0,31.0,-46.267,-45.0,-45.0,-72.0,8.0,0.001,37.0,-96.332,-96.263,-96.263,0.0,0.0,-0.0,30.0,8.293,8.78,8.78,-8.0,0.0,0.0,30.0,6.804,6.804,6.804,0.0,0.0,0.0,31.0
57.5423,1,fwd,90.0,11.9,48.584,90.0,50.748,-144.0,37.0,3.388,32.0,-100.0,-100.0,-100.0,-8.0,0.0,-0.0,31.0,-99.431,-100.0,-100.0,32.0,2.0,0.0,31.0,-46.267,-45.0,-45.0,-72.0,8.0,0.0,37.0,-96.332,-96.263,-96.263,0.0,0.0,-0.0,30.0,8.293,8.78,8.78,-8.0,0.0,0.0,30.0,6.804,6.804,6.804,0.0,0.0,0.0,31.0
57.5954,1,fwd,90.0,11.8,48.674,90.0,50.856,-176.0,51.0,3.391,32.0,-100.0,-100.0,-100.0,-8.0,0.0,-0.0,31.0,-99.431,-100.0,-100.0,32.0,2.0,0.0,31.0,-46.267,-45.0,-45.0,-72.0,12.0,0.0,37.0,-96.332,-96.263,-96.263,0.0,0.0,-0.0,30.0,8.293,8.78,8.78,-8.0,0.0,0.0,30.0,6.804,6.804,6.804,0.0,0.0,0.0,31.0
57.6474,1,fwd,90.0,11.8,48.944,90.0,51.189,-176.0,51.0,2.656,32.0,-100.0,-100.0,-100.0,-8.0,0.0,-0.0,31.0,-99.431,-100.0,-100.0,32.0,2.0,0.0,31.0,-46.267,-45.0,-45.0,-72.0,12.0,0.0,37.0,-96.263,-96.263,-96.263,0.0,0.0,0.255,30.0,8.293,8.78,8.78,-8.0,0.0,0.0,30.0,6.804,6.804,6.804,0.0,0.0,0.0,31.0
57.6995,1,fwd,90.0,11.8,49.213,90.0,51.402,-176.0,51.0,4.044,32.0,-100.0,-100.0,-100.0,-8.0,0.0,-0.0,31.0,-99.431,-100.0,-100.0,32.0,2.0,0.0,31.0,-46.133,-45.0,-45.0,-72.0,12.0,1.507,37.0,-96.332,-96.263,-96.263,0.0,0.0,-0.423,30.0,8.293,8.78,8.78,-8.0,0.0,0.0,30.0,6.804,6.804,6.804,0.0,0.0,0.0,31.0
57.7516,1,fwd,90.0,11.8,49.663,90.0,51.616,-176.0,51.0,6.097,32.0,-100.0,-100.0,-100.0,-8.0,0.0,-0.0,31.0,-99.431,-100.0,-100.0,32.0,2.0,0.0,31.0,-46.133,-45.0,-45.0,-72.0,12.0,0.738,37.0,-96.332,-96.263,-96.263,0.0,0.0,-0.207,30.0,8.293,8.78,8.78,-8.0,0.0,0.0,30.0,6.804,6.804,6.804,0.0,0.0,0.0,31.0
57.8049,1,fwd,90.0,11.8,49.843,90.0,51.83,-176.0,51.0,4.711,32.0,-100.0,-100.0,-100.0,-8.0,0.0,-0.0,31.0,-99.431,-100.0,-100.0,32.0,2.0,0.0,31.0,-46.133,-45.0,-45.0,-72.0,12.0,0.362,37.0,-96.332,-96.263,-96.263,0.0,0.0,-0.102,30.0,8.293,8.78,8.78,-8.0,0.0,0.0,30.0,6.804,6.804,6.804,0.0,0.0,0.0,31.0
57.8581,1,fwd,90.0,11.8,49.843,90.0,52.043,-176.0,51.0,2.309,32.0,-100.0,-100.0,-100.0,-8.0,0.0,-0.0,31.0,-99.431,-100.0,-100.0,32.0,2.0,0.0,31.0,-46.133,-45.0,-45.0,-72.0,12.0,0.177,37.0,-96.332,-96.263,-96.263,0.0,0.0,-0.05,30.0,8.293,8.78,8.78,-8.0,0.0,0.0,30.0,6.804,6.804,6.804,0.0,0.0,0.0,31.0
57.9113,1,fwd,90.0,11.8,50.112,90.0,52.255,-176.0,51.0,3.565,32.0,-100.0,-100.0,-100.0,-8.0,0.0,-0.0,31.0,-99.431,-100.0,-100.0,32.0,2.0,0.0,31.0,-46.133,-45.0,-45.0,-72.0,12.0,0.087,37.0,-96.332,-96.263,-96.263,0.0,0.0,-0.024,30.0,8.293,8.78,8.78,-8.0,0.0,0.0,30.0,6.804,6.804,6.804,0.0,0.0,0.0,31.0
57.9641,1,fwd,90.0,11.8,50.382,90.0,52.468,-176.0,51.0,4.463,32.0,-100.0,-100.0,-100.0,-8.0,0.0,-0.0,31.0,-99.431,-100.0,-100.0,32.0,2.0,0.0,31.0,-46.133,-45.0,-45.0,-72.0,12.0,0.043,37.0,-96.332,-96.263,-96.263,0.0,0.0,-0.012,30.0,8.293,8.78,8.78,-8.0,0.0,0.0,30.0,6.804,6.804,6.804,0.0,0.0,0.0,31.0
58.0174,1,fwd,90.0,11.8,50.472,90.0,52.682,-176.0,51.0,3.202,32.0,-100.0,-100.0,-100.0,-8.0,0.0,-0.0,31.0,-99.431,-100.0,-100.0,32.0,2.0,0.0,31.0,-46.133,-45.0,-45.0,-72.0,12.0,0.021,37.0,-96.332,-96.263,-96.263,0.0,0.0,-0.006,30.0,8.293,8.78,8.78,-8.0,0.0,0.0,30.0,6.804,6.804,6.804,0.0,0.0,0.0,31.0
58.0697,1,fwd,90.0,11.8,50.742,90.0,52.896,-176.0,51.0,4.308,32.0,-100.0,-100.0,-100.0,-8.0,0.0,-0.0,31.0,-99.431,-100.0,-100.0,32.0,2.0,0.0,31.0,-46.133,-45.0,-45.0,-72.0,12.0,0.01,37.0,-96.332,-96.263,-96.263,0.0,0.0,-0.003,30.0,8.293,8.78,8.78,-8.0,0.0,0.0,30.0,6.804,6.804,6.804,0.0,0.0,0.0,31.0
58.123,1,fwd,90.0,11.8,51.011,90.0,53.108,-176.0,51.0,5.148,32.0,-100.0,-100.0,-100.0,-8.0,0.0,-0.0,31.0,-99.431,-100.0,-100.0,32.0,2.0,0.0,31.0,-46.133,-45.0,-45.0,-72.0,12.0,0.005,37.0,-96.332,-96.263,-96.263,0.0,0.0,-0.001,30.0,8.293,8.78,8.78,-8.0,0.0,0.0,30.0,6.804,6.804,6.804,0.0,0.0,0.0,31.0
58.1755,1,fwd,90.0,11.8,51.011,90.0,53.341,-164.0,47.0,5.148,32.0,-100.0,-100.0,-100.0,-8.0,0.0,-0.0,31.0,-99.431,-100.0,-100.0,32.0,2.0,0.0,31.0,-46.133,-45.0,-45.0,-64.0,6.0,0.005,72.0,-96.332,-96.263,-96.263,0.0,0.0,-0.001,30.0,8.293,8.78,8.78,-8.0,0.0,0.0,30.0,6.804,6.804,6.804,0.0,0.0,0.0,31.0
58.229,1,fwd,90.0,11.8,51.281,90.0,53.568,-164.0,47.0,4.148,32.0,-100.0,-100.0,-100.0,-8.0,0.0,-0.0,31.0,-99.431,-100.0,-100.0,32.0,2.0,0.0,31.0,-46.133,-45.0,-45.0,-64.0,6.0,0.002,72.0,-96.263,-96.263,-96.263,0.0,0.0,0.779,30.0,8.293,8.78,8.78,-8.0,0.0,0.0,30.0,6.804,6.804,6.804,0.0,0.0,0.0,31.0
58.2814,1,fwd,90.0,11.8,51.371,90.0,53.681,-164.0,47.0,3.046,32.0,-100.0,-100.0,-100.0,-8.0,0.0,-0.0,31.0,-99.431,-100.0,-100.0,32.0,2.0,0.0,31.0,-46.133,-45.0,-45.0,-64.0,6.0,0.001,72.0,-96.332,-96.263,-96.263,0.0,0.0,-0.13,30.0,8.293,8.78,8.78,-8.0,0.0,0.0,30.0,6.804,6.804,6.804,0.0,0.0,0.0,31.0
58.335,1,fwd,90.0,11.8,51.73,90.0,53.904,-164.0,47.0,4.813,32.0,-100.0,-100.0,-100.0,-8.0,0.0,-0.0,31.0,-99.431,-100.0,-100.0,32.0,2.0,0.0,31.0,-46.133,-45.0,-45.0,-64.0,6.0,0.001,72.0,-96.332,-96.263,-96.263,0.0,0.0,-0.064,30.0,8.293,8.78,8.78,-8.0,0.0,0.0,30.0,6.804,6.804,6.804,0.0,0.0,0.0,31.0
58.3876,1,fwd,90.0,11.8,51.91,90.0,54.12,-164.0,47.0,4.05,32.0,-100.0,-100.0,-100.0,-8.0,0.0,-0.0,31.0,-99.431,-100.0,-100.0,32.0,2.0,0.0,31.0,-46.133,-45.0,-45.0,-64.0,6.0,0.0,72.0,-96.332,-96.263,-96.263,0.0,0.0,-0.031,30.0,8.293,8.78,8.78,-8.0,0.0,0.0,30.0,6.804,6.804,6.804,0.0,0.0,0.0,31.0
58.4404,1,fwd,90.0,11.8,52.18,90.0,54.335,-164.0,47.0,5.012,32.0,-100.0,-100.0,-100.0,-8.0,0.0,-0.0,31.0,-99.431,-100.0,-100.0,32.0,2.0,0.0,31.0,-46.133,-45.0,-45.0,-64.0,6.0,0.0,72.0,-96.332,-96.263,-96.263,0.0,0.0,-0.015,30.0,8.293,8.78,8.78,-8.0,0.0,0.0,30.0,6.804,6.804,6.804,0.0,0.0,0.0,31.0
58.4925,1,fwd,90.0,11.8,52.449,90.0,54.548,-164.0,47.0,5.448,32.0,-100.0,-100.0,-100.0,-8.0,0.0,-0.0,31.0,-99.431,-100.0,-100.0,32.0,2.0,0.0,31.0,-46.133,-45.0,-45.0,-64.0,6.0,0.0,72.0,-96.332,-96.263,-96.263,0.0,0.0,-0.008,30.0,8.293,8.78,8.78,-8.0,0.0,0.0,30.0,6.804,6.804,6.804,0.0,0.0,0.0,31.0
58.5446,1,fwd,90.0,11.8,52.629,90.0,54.763,-164.0,47.0,4.087,32.0,-100.0,-100.0,-100.0,-8.0,0.0,-0.0,31.0,-99.431,-100.0,-100.0,32.0,2.0,0.0,31.0,-46.133,-45.0,-45.0,-64.0,6.0,0.0,72.0,-96.332,-96.263,-96.263,0.0,0.0,-0.004,30.0,8.293,8.78,8.78,-8.0,0.0,0.0,30.0,6.804,6.804,6.804,0.0,0.0,0.0,31.0
58.5966,1,fwd,90.0,11.8,52.719,90.0,54.976,-164.0,47.0,2.708,32.0,-100.0,-100.0,-100.0,-8.0,0.0,-0.0,31.0,-99.431,-100.0,-100.0,32.0,2.0,0.0,31.0,-46.133,-45.0,-45.0,-64.0,6.0,0.0,72.0,-96.332,-96.263,-96.263,0.0,0.0,-0.002,30.0,8.293,8.78,8.78,-8.0,0.0,0.0,30.0,6.804,6.804,6.804,0.0,0.0,0.0,31.0
58.6509,1,fwd,90.0,11.8,52.899,90.0,55.19,-164.0,47.0,3.339,32.0,-100.0,-100.0,-100.0,-8.0,0.0,-0.0,31.0,-99.431,-100.0,-100.0,32.0,2.0,0.0,31.0,-46.133,-45.0,-45.0,-64.0,6.0,0.0,72.0,-96.332,-96.263,-96.263,0.0,0.0,-0.001,30.0,8.293,8.78,8.78,-8.0,0.0,0.0,30.0,6.804,6.804,6.804,0.0,0.0,0.0,31.0
58.7043,1,fwd,90.0,11.8,53.169,90.0,55.405,-164.0,47.0,4.059,32.0,-100.0,-100.0,-100.0,-8.0,0.0,-0.0,31.0,-99.431,-100.0,-100.0,32.0,2.0,0.0,31.0,-46.0,-45.0,-45.0,-64.0,6.0,1.507,72.0,-96.263,-96.263,-96.263,0.0,0.0,0.782,30.0,8.293,8.78,8.78,-8.0,0.0,0.0,30.0,6.804,6.804,6.804,0.0,0.0,0.0,31.0
58.7573,1,fwd,90.0,11.8,53.258,90.0,55.645,-168.0,52.0,3.289,32.0,-100.0,-100.0,-100.0,-8.0,0.0,-0.0,31.0,-99.431,-100.0,-100.0,32.0,2.0,0.0,31.0,-46.0,-45.0,-45.0,-56.0,5.0,1.055,37.0,-96.332,-96.263,-96.263,8.0,0.0,0.203,30.0,8.293,8.78,8.78,-8.0,0.0,0.0,30.0,6.804,6.804,6.804,0.0,0.0,0.0,31.0
58.8102,1,fwd,90.0,11.8,53.528,90.0,55.859,-168.0,52.0,4.344,32.0,-100.0,-100.0,-100.0,-8.0,0.0,-0.0,31.0,-99.431,-100.0,-100.0,32.0,2.0,0.0,31.0,-46.0,-45.0,-45.0,-56.0,5.0,0.517,37.0,-96.332,-96.263,-96.263,8.0,0.0,0.099,30.0,8.293,8.78,8.78,-8.0,0.0,0.0,30.0,6.804,6.804,6.804,0.0,0.0,0.0,31.0
58.8632,1,fwd,90.0,11.8,53.888,90.0,56.072,-168.0,52.0,5.573,32.0,-100.0,-100.0,-100.0,-8.0,0.0,-0.0,31.0,-99.431,-100.0,-100.0,32.0,2.0,0.0,31.0,-46.0,-45.0,-45.0,-56.0,5.0,0.253,37.0,-96.332,-96.263,-96.263,8.0,0.0,0.049,30.0,8.293,8.78,8.78,-8.0,0.0,0.0,30.0,6.804,6.804,6.804,0.0,0.0,0.0,31.0
58.9162,1,fwd,90.0,11.8,54.157,90.0,56.285,-168.0,52.0,5.166,32.0,-100.0,-100.0,-100.0,-8.0,0.0,-0.0,31.0,-99.431,-100.0,-100.0,32.0,2.0,0.0,31.0,-46.0,-45.0,-45.0,-56.0,5.0,0.124,37.0,-96.332,-96.263,-96.263,8.0,0.0,0.024,30.0,8.293,8.78,8.78,-8.0,0.0,0.0,30.0,6.804,6.804,6.804,0.0,0.0,0.0,31.0
58.9691,1,fwd,90.0,11.8,54.157,90.0,56.499,-168.0,52.0,2.531,32.0,-100.0,-100.0,-100.0,-8.0,0.0,-0.0,31.0,-99.431,-100.0,-100.0,32.0,2.0,0.0,31.0,-46.0,-45.0,-45.0,-56.0,5.0,0.061,37.0,-96.332,-96.263,-96.263,8.0,0.0,0.012,30.0,8.293,8.78,8.78,-8.0,0.0,0.0,30.0,6.804,6.804,6.804,0.0,0.0,0.0,31.0
59.0223,1,fwd,90.0,11.8,54.517,90.0,56.713,-168.0,52.0,4.982,32.0,-100.0,-100.0,-100.0,-8.0,0.0,-0.0,31.0,-99.431,-100.0,-100.0,32.0,2.0,0.0,31.0,-46.0,-45.0,-45.0,-56.0,5.0,0.03,37.0,-96.332,-96.263,-96.263,8.0,0.0,0.006,30.0,8.293,8.78,8.78,-8.0,0.0,0.0,30.0,6.804,6.804,6.804,0.0,0.0,0.0,31.0
59.0745,1,fwd,90.0,11.8,54.697,90.0,56.927,-168.0,52.0,4.149,32.0,-100.0,-100.0,-100.0,-8.0,0.0,-0.0,31.0,-99.431,-100.0,-100.0,32.0,2.0,0.0,31.0,-46.0,-45.0,-45.0,-56.0,5.0,0.015,37.0,-96.332,-96.263,-96.263,8.0,0.0,0.003,30.0,8.293,8.78,8.78,-8.0,0.0,0.0,30.0,6.804,6.804,6.804,0.0,0.0,0.0,31.0
59.1267,1,fwd,90.0,11.8,54.787,90.0,57.141,-168.0,52.0,3.916,32.0,-100.0,-100.0,-100.0,-8.0,0.0,-0.0,31.0,-99.431,-100.0,-100.0,32.0,2.0,0.0,31.0,-46.0,-45.0,-45.0,-56.0,5.0,0.01,37.0,-96.332,-96.263,-96.263,8.0,0.0,0.002,30.0,8.293,8.78,8.78,-8.0,0.0,0.0,30.0,6.804,6.804,6.804,0.0,0.0,0.0,31.0
59.1799,1,fwd,90.0,11.8,55.056,90.0,57.368,-168.0,52.0,4.899,32.0,-100.0,-100.0,-100.0,-8.0,0.0,-0.0,31.0,-99.431,-100.0,-100.0,32.0,2.0,0.0,31.0,-46.0,-45.0,-45.0,-56.0,5.0,0.005,37.0,-96.332,-96.263,-96.263,8.0,0.0,0.001,30.0,8.293,8.78,8.78,-8.0,0.0,0.0,30.0,6.804,6.804,6.804,0.0,0.0,0.0,31.0
59.2331,1,fwd,90.0,11.8,55.236,90.0,57.591,-168.0,52.0,4.425,32.0,-100.0,-100.0,-100.0,-8.0,0.0,-0.0,31.0,-99.431,-100.0,-100.0,32.0,2.0,0.0,31.0,-46.0,-45.0,-45.0,-56.0,5.0,0.002,37.0,-96.332,-96.263,-96.263,8.0,0.0,0.0,30.0,8.293,8.78,8.78,-8.0,0.0,0.0,30.0,6.804,6.804,6.804,0.0,0.0,0.0,31.0
59.2856,1,fwd,90.0,11.8,55.596,90.0,57.698,-168.0,52.0,5.622,32.0,-100.0,-100.0,-100.0,-8.0,0.0,-0.0,31.0,-99.431,-100.0,-100.0,32.0,2.0,0.0,31.0,-46.0,-45.0,-45.0,-56.0,5.0,0.001,37.0,-96.263,-96.263,-96.263,8.0,0.0,0.546,30.0,8.293,8.78,8.78,-8.0,0.0,0.0,30.0,6.804,6.804,6.804,0.0,0.0,0.0,31.0
59.339,1,fwd,90.0,11.8,55.596,90.0,57.935,-164.0,49.0,3.935,32.0,-100.0,-100.0,-100.0,-8.0,0.0,-0.0,31.0,-99.431,-100.0,-100.0,32.0,2.0,0.0,31.0,-46.0,-45.0,-45.0,-56.0,5.0,0.001,37.0,-96.332,-96.263,-96.263,0.0,0.0,0.033,30.0,8.293,8.78,8.78,-8.0,0.0,0.0,30.0,6.804,6.804,6.804,0.0,0.0,0.0,31.0
59.3923,1,fwd,90.0,11.8,55.775,90.0,58.148,-164.0,49.0,3.952,32.0,-100.0,-100.0,-100.0,-8.0,0.0,-0.0,31.0,-99.431,-100.0,-100.0,32.0,2.0,0.0,31.0,-46.0,-45.0,-45.0,-56.0,5.0,0.0,37.0,-96.332,-96.263,-96.263,0.0,0.0,0.016,30.0,8.293,8.78,8.78,-8.0,0.0,0.0,30.0,6.804,6.804,6.804,0.0,0.0,0.0,31.0
59.4463,1,fwd,90.0,11.8,56.045,90.0,58.362,-164.0,49.0,4.652,32.0,-100.0,-100.0,-100.0,-8.0,0.0,-0.0,31.0,-99.431,-100.0,-100.0,32.0,2.0,0.0,31.0,-46.0,-45.0,-45.0,-56.0,5.0,0.0,37.0,-96.332,-96.263,-96.263,0.0,0.0,0.008,30.0,8.293,8.78,8.78,-8.0,0.0,0.0,30.0,6.804,6.804,6.804,0.0,0.0,0.0,31.0
59.4994,1,fwd,90.0,11.8,56.135,90.0,58.576,-164.0,49.0,2.99,32.0,-100.0,-100.0,-100.0,-8.0,0.0,-0.0,31.0,-99.431,-100.0,-100.0,32.0,2.0,0.0,31.0,-46.0,-45.0,-45.0,-56.0,5.0,0.0,37.0,-96.332,-96.263,-96.263,0.0,0.0,0.004,30.0,8.293,8.78,8.78,-8.0,0.0,0.0,30.0,6.804,6.804,6.804,0.0,0.0,0.0,31.0
59.5516,1,fwd,90.0,11.8,56.315,90.0,58.788,-164.0,49.0,3.18,32.0,-100.0,-100.0,-100.0,-8.0,0.0,-0.0,31.0,-99.431,-100.0,-100.0,32.0,2.0,0.0,31.0,-46.0,-45.0,-45.0,-56.0,5.0,0.0,37.0,-96.332,-96.263,-96.263,0.0,0.0,0.002,30.0,8.293,8.78,8.78,-8.0,0.0,0.0,30.0,6.804,6.804,6.804,0.0,0.0,0.0,31.0
59.6045,1,fwd,90.0,11.8,56.764,90.0,59.003,-164.0,49.0,5.678,32.0,-100.0,-100.0,-100.0,-8.0,0.0,-0.0,31.0,-99.431,-100.0,-100.0,32.0,2.0,0.0,31.0,-46.0,-45.0,-45.0,-56.0,5.0,0.0,37.0,-96.332,-96.263,-96.263,0.0,0.0,0.001,30.0,8.293,8.78,8.78,-8.0,0.0,0.0,30.0,6.804,6.804,6.804,0.0,0.0,0.0,31.0
59.6567,1,fwd,90.0,11.8,56.944,90.0,59.217,-164.0,49.0,4.5,32.0,-100.0,-100.0,-100.0,-8.0,0.0,-0.0,31.0,-99.431,-100.0,-100.0,32.0,2.0,0.0,31.0,-46.0,-45.0,-45.0,-56.0,5.0,0.0,37.0,-96.332,-96.263,-96.263,0.0,0.0,0.0,30.0,8.293,8.78,8.78,-8.0,0.0,0.0,30.0,6.804,6.804,6.804,0.0,0.0,0.0,31.0
59.7098,1,fwd,90.0,11.8,57.034,90.0,59.43,-164.0,49.0,2.914,32.0,-100.0,-100.0,-100.0,-8.0,0.0,-0.0,31.0,-99.431,-100.0,-100.0,32.0,2.0,0.0,31.0,-46.0,-45.0,-45.0,-56.0,5.0,0.0,37.0,-96.332,-96.263,-96.263,0.0,0.0,-0.232,30.0,8.293,8.78,8.78,-8.0,0.0,0.0,30.0,6.804,6.804,6.804,0.0,0.0,0.0,31.0
59.7631,1,fwd,90.0,11.8,57.213,90.0,59.643,-164.0,49.0,3.44,32.0,-100.0,-100.0,-100.0,-8.0,0.0,-0.0,31.0,-99.431,-100.0,-100.0,32.0,2.0,0.0,31.0,-46.0,-45.0,-45.0,-56.0,5.0,0.0,37.0,-96.332,-96.263,-96.263,0.0,0.0,-0.114,30.0,8.293,8.78,8.78,-8.0,0.0,0.0,30.0,6.804,6.804,6.804,0.0,0.0,0.0,31.0
59.8163,1,fwd,90.0,11.8,57.483,90.0,59.857,-164.0,49.0,4.431,32.0,-100.0,-100.0,-100.0,-8.0,0.0,-0.0,31.0,-99.431,-100.0,-100.0,32.0,2.0,0.0,31.0,-46.0,-45.0,-45.0,-56.0,5.0,0.0,37.0,-96.332,-96.263,-96.263,0.0,0.0,-0.056,30.0,8.293,8.78,8.78,-8.0,0.0,0.0,30.0,6.804,6.804,6.804,0.0,0.0,0.0,31.0
59.8685,1,fwd,90.0,11.8,57.573,90.0,59.963,-180.0,61.0,4.111,32.0,-100.0,-100.0,-100.0,-8.0,0.0,-0.0,31.0,-99.431,-100.0,-100.0,32.0,2.0,0.0,31.0,-45.867,-45.0,-45.0,-48.0,4.0,1.497,37.0,-96.332,-96.263,-96.263,0.0,0.0,-0.039,30.0,8.293,8.78,8.78,-8.0,0.0,0.0,30.0,6.804,6.804,6.804,0.0,0.0,0.0,31.0
59.9206,1,fwd,90.0,11.8,57.663,90.0,60.298,-180.0,61.0,2.346,32.0,-100.0,-100.0,-100.0,-8.0,0.0,-0.0,31.0,-99.431,-100.0,-100.0,32.0,2.0,0.0,31.0,-45.867,-45.0,-45.0,-48.0,4.0,0.734,37.0,-96.332,-96.263,-96.263,0.0,0.0,-0.019,30.0,8.293,8.78,8.78,-8.0,0.0,0.0,30.0,6.804,6.804,6.804,0.0,0.0,0.0,31.0
59.9729,1,fwd,90.0,11.8,58.292,90.0,60.513,-180.0,61.0,6.996,32.0,-100.0,-100.0,-100.0,-8.0,0.0,-0.0,31.0,-99.431,-100.0,-100.0,32.0,2.0,0.0,31.0,-45.867,-45.0,-45.0,-48.0,4.0,0.36,37.0,-96.332,-96.263,-96.263,0.0,0.0,-0.009,30.0,8.293,8.78,8.78,-8.0,0.0,0.0,30.0,6.804,6.804,6.804,0.0,0.0,0.0,31.0
60.0261,1,fwd,90.0,11.8,58.382,90.0,60.727,-180.0,61.0,4.436,32.0,-100.0,-100.0,-100.0,-8.0,0.0,-0.0,31.0,-99.431,-100.0,-100.0,32.0,2.0,0.0,31.0,-45.867,-45.0,-45.0,-48.0,4.0,0.176,37.0,-96.332,-96.263,-96.263,0.0,0.0,-0.236,30.0,8.293,8.78,8.78,-8.0,0.0,0.0,30.0,6.804,6.804,6.804,0.0,0.0,0.0,31.0
60.0794,1,fwd,90.0,11.8,58.472,90.0,60.94,-180.0,61.0,2.885,32.0,-100.0,-100.0,-100.0,-8.0,0.0,-0.0,31.0,-99.431,-100.0,-100.0,32.0,2.0,0.0,31.0,-45.867,-45.0,-45.0,-48.0,4.0,0.086,37.0,-96.332,-96.263,-96.263,0.0,0.0,-0.116,30.0,8.293,8.78,8.78,-8.0,0.0,0.0,30.0,6.804,6.804,6.804,0.0,0.0,0.0,31.0
60.1316,1,fwd,90.0,11.8,58.652,90.0,61.154,-180.0,61.0,3.43,32.0,-100.0,-100.0,-100.0,-8.0,0.0,-0.0,31.0,-99.431,-100.0,-100.0,32.0,2.0,0.0,31.0,-45.867,-45.0,-45.0,-48.0,4.0,0.042,37.0,-96.332,-96.263,-96.263,0.0,0.0,-0.057,30.0,8.293,8.78,8.78,-8.0,0.0,0.0,30.0,6.804,6.804,6.804,0.0,0.0,0.0,31.0
60.1836,1,fwd,90.0,11.8,58.831,90.0,61.368,-180.0,61.0,3.403,32.0,-100.0,-100.0,-100.0,-8.0,0.0,-0.0,31.0,-99.431,-100.0,-100.0,32.0,2.0,0.0,31.0,-45.867,-45.0,-45.0,-48.0,4.0,0.021,37.0,-96.332,-96.263,-96.263,0.0,0.0,-0.028,30.0,8.293,8.78,8.78,-8.0,0.0,0.0,30.0,6.804,6.804,6.804,0.0,0.0,0.0,31.0
60.2356,1,fwd,90.0,11.8,59.101,90.0,61.581,-180.0,61.0,5.405,32.0,-100.0,-100.0,-100.0,-8.0,0.0,-0.0,31.0,-99.431,-100.0,-100.0,32.0,2.0,0.0,31.0,-45.867,-45.0,-45.0,-48.0,4.0,0.015,37.0,-96.332,-96.263,-96.263,0.0,0.0,-0.019,30.0,8.293,8.78,8.78,-8.0,0.0,0.0,30.0,6.804,6.804,6.804,0.0,0.0,0.0,31.0
60.289,1,fwd,90.0,11.8,59.101,90.0,61.807,-180.0,61.0,2.648,32.0,-100.0,-100.0,-100.0,-8.0,0.0,-0.0,31.0,-99.431,-100.0,-100.0,32.0,2.0,0.0,31.0,-45.867,-45.0,-45.0,-48.0,4.0,0.007,37.0,-96.332,-96.263,-96.263,0.0,0.0,-0.01,30.0,8.293,8.78,8.78,-8.0,0.0,0.0,30.0,6.804,6.804,6.804,0.0,0.0,0.0,31.0
60.3415,1,fwd,90.0,11.8,59.551,90.0,61.922,-180.0,61.0,5.615,32.0,-100.0,-100.0,-100.0,-8.0,0.0,-0.0,31.0,-99.431,-100.0,-100.0,32.0,2.0,0.0,31.0,-45.867,-45.0,-45.0,-48.0,4.0,0.003,37.0,-96.332,-96.263,-96.263,0.0,0.0,-0.005,30.0,8.293,8.78,8.78,-8.0,0.0,0.0,30.0,6.804,6.804,6.804,0.0,0.0,0.0,31.0
60.3946,1,fwd,90.0,11.8,59.82,90.0,62.144,-180.0,61.0,5.072,32.0,-100.0,-100.0,-100.0,-8.0,0.0,-0.0,31.0,-99.431,-100.0,-100.0,32.0,2.0,0.0,31.0,-45.867,-45.0,-45.0,-48.0,4.0,0.002,37.0,-96.332,-96.263,-96.263,0.0,0.0,-0.268,30.0,8.293,8.78,8.78,-8.0,0.0,0.0,30.0,6.804,6.804,6.804,0.0,0.0,0.0,31.0
60.4477,1,fwd,90.0,11.8,59.91,90.0,62.253,-184.0,60.0,4.549,32.0,-100.0,-100.0,-100.0,-8.0,0.0,-0.0,31.0,-99.431,-100.0,-100.0,32.0,2.0,0.0,31.0,-45.867,-45.0,-45.0,-48.0,4.0,0.001,37.0,-96.332,-96.263,-96.263,0.0,0.0,-0.187,30.0,8.293,8.78,8.78,-8.0,0.0,0.0,30.0,6.804,6.804,6.804,0.0,0.0,0.0,31.0
60.4996,1,fwd,90.0,11.8,59.91,90.0,62.587,-184.0,60.0,2.229,32.0,-100.0,-100.0,-100.0,-8.0,0.0,-0.0,31.0,-99.431,-100.0,-100.0,32.0,2.0,0.0,31.0,-45.867,-45.0,-45.0,-48.0,4.0,0.001,37.0,-96.332,-96.263,-96.263,0.0,0.0,-0.092,30.0,8.293,8.78,8.78,-8.0,0.0,0.0,30.0,6.804,6.804,6.804,0.0,0.0,0.0,31.0
60.5527,1,fwd,90.0,11.8,60.18,90.0,62.8,-184.0,60.0,3.532,32.0,-100.0,-100.0,-100.0,-8.0,0.0,-0.0,31.0,-99.431,-100.0,-100.0,32.0,2.0,0.0,31.0,-45.867,-45.0,-45.0,-48.0,4.0,0.0,37.0,-96.332,-96.263,-96.263,0.0,0.0,-0.045,30.0,8.293,8.78,8.78,-8.0,0.0,0.0,30.0,6.804,6.804,6.804,0.0,0.0,0.0,31.0
60.606,1,fwd,90.0,11.8,60.449,90.0,63.013,-184.0,60.0,4.153,32.0,-100.0,-100.0,-100.0,-8.0,0.0,-0.0,31.0,-99.289,-100.0,-100.0,32.0,2.0,1.12,31.0,-45.733,-45.0,-45.0,-48.0,4.0,1.493,37.0,-96.332,-96.263,-96.263,0.0,0.0,-0.022,30.0,8.293,8.78,8.78,-8.0,0.0,0.0,30.0,6.804,6.804,6.804,0.0,0.0,0.0,31.0
60.6593,1,fwd,90.0,11.8,60.539,90.0,63.227,-184.0,60.0,2.741,32.0,-100.0,-100.0,-100.0,-8.0,0.0,-0.0,31.0,-99.289,-100.0,-100.0,32.0,2.0,0.549,31.0,-45.733,-45.0,-45.0,-48.0,4.0,0.732,37.0,-96.263,-96.263,-96.263,0.0,0.0,0.765,30.0,8.293,8.78,8.78,-8.0,0.0,0.0,30.0,6.804,6.804,6.804,0.0,0.0,0.0,31.0
60.7116,1,fwd,90.0,11.8,61.079,90.0,63.448,-184.0,60.0,6.376,32.0,-100.0,-100.0,-100.0,-8.0,0.0,-0.0,31.0,-99.289,-100.0,-100.0,32.0,2.0,0.269,31.0,-45.733,-45.0,-45.0,-48.0,4.0,0.359,37.0,-96.332,-96.263,-96.263,0.0,0.0,-0.136,30.0,8.293,8.78,8.78,-8.0,0.0,0.0,30.0,6.804,6.804,6.804,0.0,0.0,0.0,31.0
60.7638,1,fwd,90.0,11.8,61.348,90.0,63.66,-184.0,60.0,5.552,32.0,-100.0,-100.0,-100.0,-8.0,0.0,-0.0,31.0,-99.289,-100.0,-100.0,32.0,2.0,0.132,31.0,-45.733,-45.0,-45.0,-48.0,4.0,0.176,37.0,-96.332,-96.263,-96.263,0.0,0.0,-0.067,30.0,8.293,8.78,8.78,-8.0,0.0,0.0,30.0,6.804,6.804,6.804,0.0,0.0,0.0,31.0
60.8169,1,fwd,90.0,11.8,61.348,90.0,63.875,-184.0,60.0,2.72,32.0,-100.0,-100.0,-100.0,-8.0,0.0,-0.0,31.0,-99.289,-100.0,-100.0,32.0,2.0,0.065,31.0,-45.733,-45.0,-45.0,-48.0,4.0,0.086,37.0,-96.332,-96.263,-96.263,0.0,0.0,-0.033,30.0,8.293,8.78,8.78,-8.0,0.0,0.0,30.0,6.804,6.804,6.804,0.0,0.0,0.0,31.0
60.8702,1,fwd,90.0,11.8,61.618,90.0,64.088,-184.0,60.0,4.052,32.0,-100.0,-100.0,-100.0,-8.0,0.0,-0.0,31.0,-99.289,-100.0,-100.0,32.0,2.0,0.032,31.0,-45.733,-45.0,-45.0,-48.0,4.0,0.042,37.0,-96.332,-96.263,-96.263,0.0,0.0,-0.016,30.0,8.293,8.78,8.78,-8.0,0.0,0.0,30.0,6.804,6.804,6.804,0.0,0.0,0.0,31.0
60.9233,1,fwd,90.0,11.8,61.888,90.0,64.302,-184.0,60.0,4.403,32.0,-100.0,-100.0,-100.0,-8.0,0.0,-0.0,31.0,-99.289,-100.0,-100.0,32.0,2.0,0.016,31.0,-45.733,-45.0,-45.0,-48.0,4.0,0.021,37.0,-96.332,-96.263,-96.263,0.0,0.0,-0.008,30.0,8.293,8.78,8.78,-8.0,0.0,0.0,30.0,6.804,6.804,6.804,0.0,0.0,0.0,31.0
60.9755,1,fwd,90.0,11.8,61.978,90.0,64.517,-184.0,60.0,3.173,32.0,-100.0,-100.0,-100.0,-8.0,0.0,-0.0,31.0,-99.289,-100.0,-100.0,32.0,2.0,0.008,31.0,-45.733,-45.0,-45.0,-48.0,4.0,0.01,37.0,-96.332,-96.263,-96.263,0.0,0.0,-0.243,30.0,8.293,8.78,8.78,-8.0,0.0,0.0,30.0,6.804,6.804,6.804,0.0,0.0,0.0,31.0
61.0293,1,fwd,90.0,11.7,61.978,90.0,64.752,-212.0,77.0,3.173,32.0,-100.0,-100.0,-100.0,-8.0,0.0,-0.0,31.0,-99.289,-100.0,-100.0,40.0,3.0,0.008,31.0,-45.733,-45.0,-45.0,-40.0,3.0,0.01,37.0,-96.332,-96.263,-96.263,0.0,0.0,-0.243,30.0,8.293,8.78,8.78,-8.0,0.0,0.0,30.0,6.804,6.804,6.804,0.0,0.0,0.0,31.0
61.083,1,fwd,90.0,11.7,62.247,90.0,64.978,-212.0,77.0,2.467,32.0,-100.0,-100.0,-100.0,-8.0,0.0,-0.0,31.0,-99.289,-100.0,-100.0,40.0,3.0,0.004,31.0,-45.733,-45.0,-45.0,-40.0,3.0,0.005,37.0,-96.332,-96.263,-96.263,0.0,0.0,-0.119,30.0,8.293,8.78,8.78,-8.0,0.0,0.0,30.0,6.804,6.804,6.804,0.0,0.0,0.0,31.0
61.1355,1,fwd,90.0,11.7,62.697,90.0,65.096,-212.0,77.0,4.783,32.0,-100.0,-100.0,-100.0,-8.0,0.0,-0.0,31.0,-99.289,-100.0,-100.0,40.0,3.0,0.002,31.0,-45.733,-45.0,-45.0,-40.0,3.0,0.002,37.0,-96.332,-96.263,-96.263,0.0,0.0,-0.058,30.0,8.293,8.78,8.78,-8.0,0.0,0.0,30.0,6.804,6.804,6.804,0.0,0.0,0.0,31.0
61.1887,1,fwd,90.0,11.7,62.787,90.0,65.321,-212.0,77.0,2.985,32.0,-100.0,-100.0,-100.0,-8.0,0.0,-0.0,31.0,-99.289,-100.0,-100.0,40.0,3.0,0.001,31.0,-45.733,-45.0,-45.0,-40.0,3.0,0.001,37.0,-96.332,-96.263,-96.263,0.0,0.0,-0.029,30.0,8.293,8.78,8.78,-8.0,0.0,0.0,30.0,6.804,6.804,6.804,0.0,0.0,0.0,31.0
61.2406,1,fwd,90.0,11.7,62.787,90.0,65.536,-212.0,77.0,1.462,32.0,-100.0,-100.0,-100.0,-8.0,0.0,-0.0,31.0,-99.289,-100.0,-100.0,40.0,3.0,0.0,31.0,-45.733,-45.0,-45.0,-40.0,3.0,0.001,37.0,-96.332,-96.263,-96.263,0.0,0.0,-0.014,30.0,8.293,8.78,8.78,-8.0,0.0,0.0,30.0,6.804,6.804,6.804,0.0,0.0,0.0,31.0
61.2927,1,fwd,90.0,11.7,63.146,90.0,65.75,-212.0,77.0,4.129,32.0,-100.0,-100.0,-100.0,-8.0,0.0,-0.0,31.0,-99.289,-100.0,-100.0,40.0,3.0,0.0,31.0,-45.733,-45.0,-45.0,-40.0,3.0,0.0,37.0,-96.332,-96.263,-96.263,0.0,0.0,-0.007,30.0,8.293,8.78,8.78,-8.0,0.0,0.0,30.0,6.804,6.804,6.804,0.0,0.0,0.0,31.0
61.3457,1,fwd,90.0,11.7,63.416,90.0,65.966,-212.0,77.0,4.43,32.0,-100.0,-100.0,-100.0,-8.0,0.0,-0.0,31.0,-99.289,-100.0,-100.0,40.0,3.0,0.0,31.0,-45.733,-45.0,-45.0,-40.0,3.0,0.0,37.0,-96.263,-96.263,-96.263,0.0,0.0,0.536,30.0,8.293,8.78,8.78,-8.0,0.0,0.0,30.0,6.804,6.804,6.804,0.0,0.0,0.0,31.0
61.3988,1,fwd,90.0,11.7,63.685,90.0,66.179,-212.0,77.0,5.193,32.0,-100.0,-100.0,-100.0,-8.0,0.0,-0.0,31.0,-99.289,-100.0,-100.0,40.0,3.0,0.0,31.0,-45.733,-45.0,-45.0,-40.0,3.0,0.0,37.0,-96.332,-96.263,-96.263,0.0,0.0,-0.284,30.0,8.293,8.78,8.78,-8.0,0.0,0.0,30.0,6.804,6.804,6.804,0.0,0.0,0.0,31.0
61.453,1,fwd,90.0,11.7,63.955,90.0,66.393,-212.0,77.0,4.979,32.0,-100.0,-100.0,-100.0,-8.0,0.0,-0.0,31.0,-99.289,-100.0,-100.0,40.0,3.0,0.0,31.0,-45.733,-45.0,-45.0,-40.0,3.0,0.0,37.0,-96.332,-96.263,-96.263,0.0,0.0,-0.139,30.0,8.293,8.78,8.78,-8.0,0.0,0.0,30.0,6.804,6.804,6.804,0.0,0.0,0.0,31.0
61.5062,1,fwd,90.0,11.7,64.225,90.0,66.606,-212.0,77.0,4.866,32.0,-100.0,-100.0,-100.0,-8.0,0.0,-0.0,31.0,-99.289,-100.0,-100.0,40.0,3.0,0.0,31.0,-45.733,-45.0,-45.0,-40.0,3.0,0.0,37.0,-96.332,-96.263,-96.263,0.0,0.0,-0.068,30.0,8.293,8.78,8.78,-8.0,0.0,0.0,30.0,6.804,6.804,6.804,0.0,0.0,0.0,31.0
61.5594,1,fwd,90.0,11.7,64.225,90.0,66.82,-212.0,77.0,2.384,32.0,-100.0,-100.0,-100.0,-8.0,0.0,-0.0,31.0,-99.289,-100.0,-100.0,40.0,3.0,0.0,31.0,-45.733,-45.0,-45.0,-40.0,3.0,0.0,37.0,-96.332,-96.263,-96.263,0.0,0.0,-0.033,30.0,8.293,8.78,8.78,-8.0,0.0,0.0,30.0,6.804,6.804,6.804,0.0,0.0,0.0,31.0
61.6126,1,fwd,90.0,11.8,64.404,90.0,67.054,-208.0,78.0,2.583,32.0,-100.0,-100.0,-100.0,-8.0,0.0,-0.0,31.0,-99.289,-100.0,-100.0,40.0,3.0,0.0,31.0,-45.733,-45.0,-45.0,-40.0,3.0,0.0,37.0,-96.332,-96.263,-96.263,0.0,0.0,-0.023,30.0,8.293,8.78,8.78,-8.0,0.0,0.0,30.0,6.804,6.804,6.804,0.0,0.0,0.0,31.0
61.6658,1,fwd,90.0,11.8,64.494,90.0,67.269,-208.0,78.0,2.276,32.0,-100.0,-100.0,-100.0,-8.0,0.0,-0.0,31.0,-99.289,-100.0,-100.0,40.0,3.0,0.0,31.0,-45.733,-45.0,-45.0,-40.0,3.0,0.0,37.0,-96.332,-96.263,-96.263,0.0,0.0,-0.011,30.0,8.293,8.78,8.78,-8.0,0.0,0.0,30.0,6.804,6.804,6.804,0.0,0.0,0.0,31.0
61.7191,1,fwd,90.0,11.8,64.854,90.0,67.483,-208.0,78.0,4.88,32.0,-100.0,-100.0,-100.0,-8.0,0.0,-0.0,31.0,-99.289,-100.0,-100.0,40.0,3.0,0.0,31.0,-45.733,-45.0,-45.0,-40.0,3.0,0.0,37.0,-96.332,-96.263,-96.263,0.0,0.0,-0.006,30.0,8.293,8.78,8.78,-8.0,0.0,0.0,30.0,6.804,6.804,6.804,0.0,0.0,0.0,31.0
61.7724,1,fwd,90.0,11.8,64.944,90.0,67.695,-208.0,78.0,3.401,32.0,-100.0,-100.0,-100.0,-8.0,0.0,-0.0,31.0,-99.289,-100.0,-100.0,40.0,3.0,0.0,31.0,-45.733,-45.0,-45.0,-40.0,3.0,0.0,37.0,-96.263,-96.263,-96.263,0.0,0.0,0.544,30.0,8.293,8.78,8.78,-8.0,0.0,0.0,30.0,6.804,6.804,6.804,0.0,0.0,0.0,31.0
61.8245,1,fwd,90.0,11.8,65.303,90.0,67.909,-208.0,78.0,5.059,32.0,-100.0,-100.0,-100.0,-8.0,0.0,-0.0,31.0,-99.289,-100.0,-100.0,40.0,3.0,0.0,31.0,-45.733,-45.0,-45.0,-40.0,3.0,0.0,37.0,-96.332,-96.263,-96.263,0.0,0.0,-0.274,30.0,8.293,8.78,8.78,-8.0,0.0,0.0,30.0,6.804,6.804,6.804,0.0,0.0,0.0,31.0
61.8767,1,fwd,90.0,11.8,65.663,90.0,68.125,-208.0,78.0,5.596,32.0,-100.0,-100.0,-100.0,-8.0,0.0,-0.0,31.0,-99.289,-100.0,-100.0,40.0,3.0,0.0,31.0,-45.733,-45.0,-45.0,-40.0,3.0,0.0,37.0,-96.332,-96.263,-96.263,0.0,0.0,-0.134,30.0,8.293,8.78,8.78,-8.0,0.0,0.0,30.0,6.804,6.804,6.804,0.0,0.0,0.0,31.0
61.9297,1,fwd,90.0,11.8,65.663,90.0,68.339,-208.0,78.0,2.742,32.0,-100.0,-100.0,-100.0,-8.0,0.0,-0.0,31.0,-99.289,-100.0,-100.0,40.0,3.0,0.0,31.0,-45.733,-45.0,-45.0,-40.0,3.0,0.0,37.0,-96.332,-96.263,-96.263,0.0,0.0,-0.066,30.0,8.293,8.78,8.78,-8.0,0.0,0.0,30.0,6.804,6.804,6.804,0.0,0.0,0.0,31.0
61.9833,1,fwd,90.0,11.8,65.663,90.0,68.554,-208.0,78.0,1.344,32.0,-100.0,-100.0,-100.0,-8.0,0.0,-0.0,31.0,-99.289,-100.0,-100.0,40.0,3.0,0.0,31.0,-45.733,-45.0,-45.0,-40.0,3.0,0.0,37.0,-96.332,-96.263,-96.263,0.0,0.0,-0.032,30.0,8.293,8.78,8.78,-8.0,0.0,0.0,30.0,6.804,6.804,6.804,0.0,0.0,0.0,31.0
62.0355,1,fwd,90.0,11.8,65.933,90.0,68.769,-208.0,78.0,3.383,32.0,-100.0,-100.0,-100.0,-8.0,0.0,-0.0,31.0,-99.289,-100.0,-100.0,40.0,3.0,0.0,31.0,-45.733,-45.0,-45.0,-40.0,3.0,0.0,37.0,-96.332,-96.263,-96.263,0.0,0.0,-0.016,30.0,8.293,8.78,8.78,-8.0,0.0,0.0,30.0,6.804,6.804,6.804,0.0,0.0,0.0,31.0
62.0889,1,fwd,90.0,11.8,66.292,90.0,68.982,-208.0,78.0,4.802,32.0,-100.0,-100.0,-100.0,-8.0,0.0,-0.0,31.0,-99.289,-100.0,-100.0,40.0,3.0,0.0,31.0,-45.733,-45.0,-45.0,-40.0,3.0,0.0,37.0,-96.332,-96.263,-96.263,0.0,0.0,-0.008,30.0,8.293,8.78,8.78,-8.0,0.0,0.0,30.0,6.804,6.804,6.804,0.0,0.0,0.0,31.0
62.1418,1,fwd,90.0,11.8,66.292,90.0,69.088,-208.0,78.0,3.361,32.0,-100.0,-100.0,-100.0,-8.0,0.0,-0.0,31.0,-99.289,-100.0,-100.0,40.0,3.0,0.0,31.0,-45.733,-45.0,-45.0,-40.0,3.0,0.0,37.0,-96.263,-96.263,-96.263,0.0,0.0,0.766,30.0,8.293,8.78,8.78,-8.0,0.0,0.0,30.0,6.804,6.804,6.804,0.0,0.0,0.0,31.0
62.1953,1,fwd,90.0,11.8,66.831,90.0,69.436,-224.0,89.0,5.053,32.0,-100.0,-100.0,-100.0,-8.0,0.0,-0.0,31.0,-99.289,-100.0,-100.0,40.0,3.0,0.0,31.0,-45.733,-45.0,-45.0,-40.0,3.0,0.0,37.0,-96.332,-96.263,-96.263,8.0,0.0,0.19,30.0,8.293,8.78,8.78,-8.0,0.0,0.0,30.0,6.804,6.804,6.804,0.0,0.0,0.0,31.0
62.2494,1,fwd,90.0,11.8,67.011,90.0,69.655,-224.0,89.0,4.159,32.0,-100.0,-100.0,-100.0,-8.0,0.0,-0.0,31.0,-99.289,-100.0,-100.0,40.0,3.0,0.0,31.0,-45.733,-45.0,-45.0,-40.0,3.0,0.0,37.0,-96.332,-96.263,-96.263,8.0,0.0,0.093,30.0,8.293,8.78,8.78,-8.0,0.0,0.0,30.0,6.804,6.804,6.804,0.0,0.0,0.0,31.0
62.3027,1,fwd,90.0,11.8,67.101,90.0,69.868,-224.0,89.0,2.741,32.0,-100.0,-100.0,-100.0,-8.0,0.0,-0.0,31.0,-99.289,-100.0,-100.0,40.0,3.0,0.0,31.0,-45.733,-45.0,-45.0,-40.0,3.0,0.0,37.0,-96.332,-96.263,-96.263,8.0,0.0,0.046,30.0,8.293,8.78,8.78,-8.0,0.0,0.0,30.0,6.804,6.804,6.804,0.0,0.0,0.0,31.0
62.356,1,fwd,90.0,11.8,67.371,90.0,70.082,-224.0,89.0,4.071,32.0,-100.0,-100.0,-100.0,-8.0,0.0,-0.0,31.0,-99.289,-100.0,-100.0,40.0,3.0,0.0,31.0,-45.733,-45.0,-45.0,-40.0,3.0,0.0,37.0,-96.332,-96.263,-96.263,8.0,0.0,0.022,30.0,8.293,8.78,8.78,-8.0,0.0,0.0,30.0,6.804,6.804,6.804,0.0,0.0,0.0,31.0
62.4092,1,fwd,90.0,11.8,67.461,90.0,70.189,-224.0,89.0,2.985,32.0,-100.0,-100.0,-100.0,-8.0,0.0,-0.0,31.0,-99.289,-100.0,-100.0,40.0,3.0,0.0,31.0,-45.733,-45.0,-45.0,-40.0,3.0,0.0,37.0,-96.332,-96.263,-96.263,8.0,0.0,0.011,30.0,8.293,8.78,8.78,-8.0,0.0,0.0,30.0,6.804,6.804,6.804,0.0,0.0,0.0,31.0
62.4624,1,fwd,90.0,11.8,67.73,90.0,70.417,-224.0,89.0,3.73,32.0,-100.0,-100.0,-100.0,-8.0,0.0,-0.0,31.0,-99.289,-100.0,-100.0,40.0,3.0,0.0,31.0,-45.6,-45.0,-45.0,-40.0,3.0,0.94,37.0,-96.263,-96.263,-96.263,8.0,0.0,0.493,30.0,8.293,8.78,8.78,-8.0,0.0,0.0,30.0,6.804,6.804,6.804,0.0,0.0,0.0,31.0
62.5159,1,fwd,90.0,11.8,67.82,90.0,70.632,-224.0,89.0,2.838,32.0,-100.0,-100.0,-100.0,-8.0,0.0,-0.0,31.0,-99.289,-100.0,-100.0,40.0,3.0,0.0,31.0,-45.6,-45.0,-45.0,-40.0,3.0,0.46,37.0,-96.332,-96.263,-96.263,8.0,0.0,-0.536,30.0,8.293,8.78,8.78,-8.0,0.0,0.0,30.0,6.804,6.804,6.804,0.0,0.0,0.0,31.0
62.5692,1,fwd,90.0,11.8,68.36,90.0,70.845,-224.0,89.0,6.551,32.0,-100.0,-100.0,-100.0,-8.0,0.0,-0.0,31.0,-99.289,-100.0,-100.0,40.0,3.0,0.0,31.0,-45.6,-45.0,-45.0,-40.0,3.0,0.226,37.0,-96.332,-96.263,-96.263,8.0,0.0,-0.263,30.0,8.293,8.78,8.78,-8.0,0.0,0.0,30.0,6.804,6.804,6.804,0.0,0.0,0.0,31.0
62.6214,1,fwd,90.0,11.8,68.539,90.0,71.058,-224.0,89.0,4.635,32.0,-100.0,-100.0,-100.0,-8.0,0.0,-0.0,31.0,-99.289,-100.0,-100.0,40.0,3.0,0.0,31.0,-45.6,-45.0,-45.0,-40.0,3.0,0.111,37.0,-96.332,-96.263,-96.263,8.0,0.0,-0.129,30.0,8.293,8.78,8.78,-8.0,0.0,0.0,30.0,6.804,6.804,6.804,0.0,0.0,0.0,31.0
62.6736,1,fwd,90.0,11.8,68.629,90.0,71.272,-224.0,89.0,3.287,32.0,-100.0,-100.0,-100.0,-8.0,0.0,-0.0,31.0,-99.289,-100.0,-100.0,40.0,3.0,0.0,31.0,-45.6,-45.0,-45.0,-40.0,3.0,0.054,37.0,-96.332,-96.263,-96.263,8.0,0.0,-0.063,30.0,8.293,8.78,8.78,-8.0,0.0,0.0,30.0,6.804,6.804,6.804,0.0,0.0,0.0,31.0
62.7271,1,fwd,90.0,11.7,68.809,90.0,71.378,-208.0,72.0,4.325,32.0,-100.0,-100.0,-100.0,0.0,0.0,-0.0,31.0,-99.289,-100.0,-100.0,40.0,3.0,0.0,31.0,-45.6,-45.0,-45.0,-32.0,2.0,0.038,37.0,-96.332,-96.263,-96.263,0.0,0.0,-0.044,30.0,8.293,8.78,8.78,-8.0,0.0,0.0,30.0,6.804,6.804,6.804,0.0,0.0,0.0,31.0
62.7804,1,fwd,90.0,11.7,69.169,90.0,71.717,-208.0,72.0,4.113,32.0,-100.0,-100.0,-100.0,0.0,0.0,-0.0,31.0,-99.289,-100.0,-100.0,40.0,3.0,0.0,31.0,-45.6,-45.0,-45.0,-32.0,2.0,0.019,37.0,-96.263,-96.263,-96.263,0.0,0.0,0.761,30.0,8.293,8.78,8.78,-8.0,0.0,0.0,30.0,6.804,6.804,6.804,0.0,0.0,0.0,31.0
62.8326,1,fwd,90.0,11.7,69.169,90.0,71.931,-208.0,72.0,2.016,32.0,-100.0,-100.0,-100.0,0.0,0.0,-0.0,31.0,-99.289,-100.0,-100.0,40.0,3.0,0.0,31.0,-45.6,-45.0,-45.0,-32.0,2.0,0.009,37.0,-96.263,-96.263,-96.263,0.0,0.0,0.373,30.0,8.293,8.78,8.78,-8.0,0.0,0.0,30.0,6.804,6.804,6.804,0.0,0.0,0.0,31.0
62.8848,1,fwd,90.0,11.7,69.528,90.0,72.145,-208.0,72.0,4.416,32.0,-100.0,-100.0,-100.0,0.0,0.0,-0.0,31.0,-99.289,-100.0,-100.0,40.0,3.0,0.0,31.0,-45.6,-45.0,-45.0,-32.0,2.0,0.004,37.0,-96.332,-96.263,-96.263,0.0,0.0,-0.362,30.0,8.293,8.78,8.78,-8.0,0.0,0.0,30.0,6.804,6.804,6.804,0.0,0.0,0.0,31.0
62.9381,1,fwd,90.0,11.7,69.888,90.0,72.358,-208.0,72.0,5.299,32.0,-100.0,-100.0,-100.0,0.0,0.0,-0.0,31.0,-99.289,-100.0,-100.0,40.0,3.0,0.0,31.0,-45.6,-45.0,-45.0,-32.0,2.0,0.002,37.0,-96.332,-96.263,-96.263,0.0,0.0,-0.177,30.0,8.293,8.78,8.78,-8.0,0.0,0.0,30.0,6.804,6.804,6.804,0.0,0.0,0.0,31.0
62.9913,1,fwd,90.0,11.7,69.978,90.0,72.572,-208.0,72.0,3.305,32.0,-100.0,-100.0,-100.0,0.0,0.0,-0.0,31.0,-99.289,-100.0,-100.0,40.0,3.0,0.0,31.0,-45.6,-45.0,-45.0,-32.0,2.0,0.001,37.0,-96.332,-96.263,-96.263,0.0,0.0,-0.087,30.0,8.293,8.78,8.78,-8.0,0.0,0.0,30.0,6.804,6.804,6.804,0.0,0.0,0.0,31.0
63.0437,1,fwd,90.0,11.7,69.978,90.0,72.785,-208.0,72.0,1.62,32.0,-100.0,-100.0,-100.0,0.0,0.0,-0.0,31.0,-99.289,-100.0,-100.0,40.0,3.0,0.0,31.0,-45.6,-45.0,-45.0,-32.0,2.0,0.001,37.0,-96.332,-96.263,-96.263,0.0,0.0,-0.043,30.0,8.293,8.78,8.78,-8.0,0.0,0.0,30.0,6.804,6.804,6.804,0.0,0.0,0.0,31.0
63.097,1,fwd,90.0,11.7,70.337,90.0,72.997,-208.0,72.0,4.237,32.0,-100.0,-100.0,-100.0,0.0,0.0,-0.0,31.0,-99.289,-100.0,-100.0,40.0,3.0,0.0,31.0,-45.6,-45.0,-45.0,-32.0,2.0,0.0,37.0,-96.332,-96.263,-96.263,0.0,0.0,-0.021,30.0,8.293,8.78,8.78,-8.0,0.0,0.0,30.0,6.804,6.804,6.804,0.0,0.0,0.0,31.0
63.1504,1,fwd,90.0,11.7,70.607,90.0,73.21,-208.0,72.0,4.523,32.0,-100.0,-100.0,-100.0,0.0,0.0,-0.0,31.0,-99.289,-100.0,-100.0,40.0,3.0,0.0,31.0,-45.6,-45.0,-45.0,-32.0,2.0,0.0,37.0,-96.263,-96.263,-96.263,0.0,0.0,0.539,30.0,8.293,8.78,8.78,-8.0,0.0,0.0,30.0,6.804,6.804,6.804,0.0,0.0,0.0,31.0
63.2034,1,fwd,90.0,11.7,70.697,90.0,73.424,-208.0,72.0,3.226,32.0,-100.0,-100.0,-100.0,0.0,0.0,-0.0,31.0,-99.289,-100.0,-100.0,40.0,3.0,0.0,31.0,-45.6,-45.0,-45.0,-32.0,2.0,0.0,37.0,-96.332,-96.263,-96.263,0.0,0.0,-0.513,30.0,8.293,8.78,8.78,-8.0,0.0,0.0,30.0,6.804,6.804,6.804,0.0,0.0,0.0,31.0
63.2557,1,fwd,90.0,11.7,71.146,90.0,73.637,-208.0,72.0,6.001,32.0,-100.0,-100.0,-100.0,0.0,0.0,-0.0,31.0,-99.289,-100.0,-100.0,40.0,3.0,0.0,31.0,-45.6,-45.0,-45.0,-32.0,2.0,0.0,37.0,-96.332,-96.263,-96.263,0.0,0.0,-0.252,30.0,8.293,8.78,8.78,-8.0,0.0,0.0,30.0,6.804,6.804,6.804,0.0,0.0,0.0,31.0
63.309,1,fwd,90.0,11.8,71.416,90.0,73.87,-192.0,63.0,5.599,32.0,-100.0,-100.0,-100.0,0.0,0.0,-0.0,31.0,-99.289,-100.0,-100.0,40.0,3.0,0.0,31.0,-45.6,-45.0,-45.0,-32.0,2.0,0.0,37.0,-96.332,-96.263,-96.263,0.0,0.0,-0.176,30.0,8.293,8.78,8.78,-8.0,0.0,0.0,30.0,6.804,6.804,6.804,0.0,0.0,0.0,31.0
63.3616,1,fwd,90.0,11.8,71.416,90.0,74.083,-192.0,63.0,3.92,32.0,-100.0,-100.0,-100.0,0.0,0.0,-0.0,31.0,-99.289,-100.0,-100.0,40.0,3.0,0.0,31.0,-45.6,-45.0,-45.0,-32.0,2.0,0.0,37.0,-96.332,-96.263,-96.263,0.0,0.0,-0.123,30.0,8.293,8.78,8.78,-8.0,0.0,0.0,30.0,6.804,6.804,6.804,0.0,0.0,0.0,31.0
63.415,1,fwd,90.0,11.8,71.506,90.0,74.307,-192.0,63.0,2.565,32.0,-100.0,-100.0,-100.0,0.0,0.0,-0.0,31.0,-99.289,-100.0,-100.0,40.0,3.0,0.0,31.0,-45.6,-45.0,-45.0,-32.0,2.0,0.0,37.0,-96.332,-96.263,-96.263,0.0,0.0,-0.06,30.0,8.293,8.78,8.78,-8.0,0.0,0.0,30.0,6.804,6.804,6.804,0.0,0.0,0.0,31.0
63.4693,1,fwd,90.0,11.8,71.685,90.0,74.533,-192.0,63.0,2.534,32.0,-100.0,-100.0,-100.0,0.0,0.0,-0.0,31.0,-99.289,-100.0,-100.0,40.0,3.0,0.0,31.0,-45.6,-45.0,-45.0,-32.0,2.0,0.0,37.0,-96.263,-96.263,-96.263,0.0,0.0,0.743,30.0,8.293,8.78,8.78,-8.0,0.0,0.0,30.0,6.804,6.804,6.804,0.0,0.0,0.0,31.0
63.5215,1,fwd,90.0,11.8,72.045,90.0,74.643,-192.0,63.0,4.647,32.0,-100.0,-100.0,-100.0,0.0,0.0,-0.0,31.0,-99.289,-100.0,-100.0,40.0,3.0,0.0,31.0,-45.6,-45.0,-45.0,-32.0,2.0,0.0,37.0,-96.332,-96.263,-96.263,0.0,0.0,-0.418,30.0,8.293,8.78,8.78,-8.0,0.0,0.0,30.0,6.804,6.804,6.804,0.0,0.0,0.0,31.0
63.5748,1,fwd,90.0,11.8,72.045,90.0,74.864,-192.0,63.0,2.277,32.0,-100.0,-100.0,-100.0,0.0,0.0,-0.0,31.0,-99.289,-100.0,-100.0,40.0,3.0,0.0,31.0,-45.6,-45.0,-45.0,-32.0,2.0,0.0,37.0,-96.332,-96.263,-96.263,0.0,0.0,-0.205,30.0,8.293,8.78,8.78,-8.0,0.0,0.0,30.0,6.804,6.804,6.804,0.0,0.0,0.0,31.0
63.6276,1,fwd,90.0,11.8,72.404,90.0,75.078,-192.0,63.0,4.862,32.0,-99.82,-100.0,-100.0,0.0,0.0,1.421,31.0,-99.289,-100.0,-100.0,40.0,3.0,0.0,31.0,-45.6,-45.0,-45.0,-32.0,2.0,0.0,37.0,-96.332,-96.263,-96.263,0.0,0.0,-0.1,30.0,8.293,8.78,8.78,-8.0,0.0,0.0,30.0,6.804,6.804,6.804,0.0,0.0,0.0,31.0
63.6808,1,fwd,90.0,11.8,72.764,90.0,75.291,-192.0,63.0,5.845,32.0,-100.0,-100.0,-100.0,0.0,0.0,-1.35,31.0,-99.289,-100.0,-100.0,40.0,3.0,0.0,31.0,-45.6,-45.0,-45.0,-32.0,2.0,0.0,37.0,-96.332,-96.263,-96.263,0.0,0.0,-0.049,30.0,8.293,8.78,8.78,-8.0,0.0,0.0,30.0,6.804,6.804,6.804,0.0,0.0,0.0,31.0
63.7339,1,fwd,90.0,11.8,72.854,90.0,75.503,-192.0,63.0,3.573,32.0,-100.0,-100.0,-100.0,0.0,0.0,-0.662,31.0,-99.289,-100.0,-100.0,40.0,3.0,0.0,31.0,-45.6,-45.0,-45.0,-32.0,2.0,0.0,37.0,-96.332,-96.263,-96.263,0.0,0.0,-0.024,30.0,8.293,8.78,8.78,-8.0,0.0,0.0,30.0,6.804,6.804,6.804,0.0,0.0,0.0,31.0
63.7872,1,fwd,90.0,11.8,72.854,90.0,75.717,-192.0,63.0,1.751,32.0,-100.0,-100.0,-100.0,0.0,0.0,-0.324,31.0,-99.289,-100.0,-100.0,40.0,3.0,0.0,31.0,-45.6,-45.0,-45.0,-32.0,2.0,0.0,37.0,-96.263,-96.263,-96.263,0.0,0.0,0.532,30.0,8.293,8.78,8.78,-8.0,0.0,0.0,30.0,6.804,6.804,6.804,0.0,0.0,0.0,31.0
63.8394,1,fwd,90.0,11.8,73.034,90.0,75.929,-192.0,63.0,2.584,32.0,-100.0,-100.0,-100.0,0.0,0.0,-0.159,31.0,-99.289,-100.0,-100.0,40.0,3.0,0.0,31.0,-45.6,-45.0,-45.0,-32.0,2.0,0.0,37.0,-96.332,-96.263,-96.263,0.0,0.0,-0.52,30.0,8.293,8.78,8.78,-8.0,0.0,0.0,30.0,6.804,6.804,6.804,0.0,0.0,0.0,31.0
63.8916,1,fwd,90.0,11.8,73.483,90.0,76.167,-232.0,87.0,4.069,32.0,-100.0,-100.0,-100.0,0.0,0.0,-0.111,31.0,-99.289,-100.0,-100.0,40.0,3.0,0.0,31.0,-45.467,-45.0,-45.0,-32.0,2.0,0.67,37.0,-96.332,-96.263,-96.263,0.0,0.0,-0.364,30.0,8.293,8.78,8.78,-8.0,0.0,0.0,30.0,6.804,6.804,6.804,0.0,0.0,0.0,31.0
63.9436,1,fwd,90.0,11.8,73.573,90.0,76.381,-232.0,87.0,3.007,32.0,-99.82,-100.0,-100.0,0.0,0.0,1.976,31.0,-99.289,-100.0,-100.0,40.0,3.0,0.0,31.0,-45.467,-45.0,-45.0,-32.0,2.0,0.329,37.0,-96.332,-96.263,-96.263,0.0,0.0,-0.178,30.0,8.293,8.78,8.78,-8.0,0.0,0.0,30.0,6.804,6.804,6.804,0.0,0.0,0.0,31.0
63.9968,1,fwd,90.0,11.8,73.933,90.0,76.595,-232.0,87.0,5.234,32.0,-100.0,-100.0,-100.0,0.0,0.0,-1.072,31.0,-99.147,-100.0,-100.0,40.0,3.0,1.119,31.0,-45.467,-45.0,-45.0,-32.0,2.0,0.161,37.0,-96.332,-96.263,-96.263,0.0,0.0,-0.087,30.0,8.293,8.78,8.78,-8.0,0.0,0.0,30.0,6.804,6.804,6.804,0.0,0.0,0.0,31.0
64.0503,1,fwd,90.0,11.8,74.292,90.0,76.807,-232.0,87.0,6.01,32.0,-100.0,-100.0,-100.0,0.0,0.0,-0.525,31.0,-99.147,-100.0,-100.0,40.0,3.0,0.548,31.0,-45.467,-45.0,-45.0,-32.0,2.0,0.079,37.0,-96.332,-96.263,-96.263,0.0,0.0,-0.043,30.0,8.293,8.78,8.78,-8.0,0.0,0.0,30.0,6.804,6.804,6.804,0.0,0.0,0.0,31.0
64.1026,1,fwd,90.0,11.8,74.292,90.0,77.019,-232.0,87.0,2.945,32.0,-99.82,-100.0,-100.0,0.0,0.0,1.779,31.0,-99.147,-100.0,-100.0,40.0,3.0,0.269,31.0,-45.467,-45.0,-45.0,-32.0,2.0,0.039,37.0,-96.263,-96.263,-96.263,0.0,0.0,0.528,30.0,8.293,8.78,8.78,-8.0,0.0,0.0,30.0,6.804,6.804,6.804,0.0,0.0,0.0,31.0
64.156,1,fwd,90.0,11.8,74.382,90.0,77.233,-232.0,87.0,2.145,32.0,-100.0,-100.0,-100.0,0.0,0.0,-1.163,31.0,-99.147,-100.0,-100.0,40.0,3.0,0.132,31.0,-45.467,-45.0,-45.0,-32.0,2.0,0.019,37.0,-96.332,-96.263,-96.263,0.0,0.0,-0.281,30.0,8.293,8.78,8.78,-8.0,0.0,0.0,30.0,6.804,6.804,6.804,0.0,0.0,0.0,31.0
64.209,1,fwd,90.0,11.8,74.562,90.0,77.445,-232.0,87.0,2.774,32.0,-100.0,-100.0,-100.0,0.0,0.0,-0.57,31.0,-99.147,-100.0,-100.0,40.0,3.0,0.064,31.0,-45.467,-45.0,-45.0,-32.0,2.0,0.009,37.0,-96.332,-96.263,-96.263,0.0,0.0,-0.138,30.0,8.293,8.78,8.78,-8.0,0.0,0.0,30.0,6.804,6.804,6.804,0.0,0.0,0.0,31.0
64.2624,1,fwd,90.0,11.8,74.921,90.0,77.658,-232.0,87.0,4.811,32.0,-99.82,-100.0,-100.0,0.0,0.0,1.759,31.0,-99.147,-100.0,-100.0,40.0,3.0,0.032,31.0,-45.467,-45.0,-45.0,-32.0,2.0,0.005,37.0,-96.332,-96.263,-96.263,0.0,0.0,-0.068,30.0,8.293,8.78,8.78,-8.0,0.0,0.0,30.0,6.804,6.804,6.804,0.0,0.0,0.0,31.0
64.3158,1,fwd,90.0,11.8,75.011,90.0,77.87,-232.0,87.0,3.07,32.0,-99.82,-100.0,-100.0,0.0,0.0,0.862,31.0,-99.147,-100.0,-100.0,40.0,3.0,0.015,31.0,-45.467,-45.0,-45.0,-32.0,2.0,0.002,37.0,-96.263,-96.263,-96.263,0.0,0.0,0.516,30.0,8.293,8.78,8.78,-8.0,0.0,0.0,30.0,6.804,6.804,6.804,0.0,0.0,0.0,31.0
64.369,1,fwd,90.0,11.8,75.371,90.0,78.083,-232.0,87.0,5.218,32.0,-100.0,-100.0,-100.0,0.0,0.0,-0.999,31.0,-99.147,-100.0,-100.0,40.0,3.0,0.008,31.0,-45.467,-45.0,-45.0,-32.0,2.0,0.001,37.0,-96.332,-96.263,-96.263,0.0,0.0,-0.518,30.0,8.293,8.78,8.78,-8.0,0.0,0.0,30.0,6.804,6.804,6.804,0.0,0.0,0.0,31.0
64.4222,1,fwd,90.0,11.6,75.64,90.0,78.191,-200.0,70.0,6.681,32.0,-100.0,-100.0,-100.0,0.0,0.0,-0.699,31.0,-99.147,-100.0,-100.0,48.0,4.0,0.005,31.0,-45.467,-45.0,-45.0,-24.0,0.0,0.001,37.0,-96.332,-96.263,-96.263,0.0,0.0,-0.363,30.0,8.293,8.78,8.78,-8.0,0.0,0.0,30.0,6.804,6.804,6.804,0.0,0.0,0.0,31.0
64.4764,1,fwd,90.0,11.6,75.82,90.0,78.526,-200.0,70.0,3.934,32.0,-99.82,-100.0,-100.0,0.0,0.0,0.319,31.0,-99.147,-100.0,-100.0,48.0,4.0,0.003,31.0,-45.467,-45.0,-45.0,-24.0,0.0,0.0,37.0,-96.332,-96.263,-96.263,0.0,0.0,-0.178,30.0,8.293,8.78,8.78,-8.0,0.0,0.0,30.0,6.804,6.804,6.804,0.0,0.0,0.0,31.0
64.5298,1,fwd,90.0,11.6,75.82,90.0,78.739,-200.0,70.0,1.928,32.0,-100.0,-100.0,-100.0,0.0,0.0,-1.886,31.0,-99.147,-100.0,-100.0,48.0,4.0,0.001,31.0,-45.467,-45.0,-45.0,-24.0,0.0,0.0,37.0,-96.332,-96.263,-96.263,0.0,0.0,-0.087,30.0,8.293,8.78,8.78,-8.0,0.0,0.0,30.0,6.804,6.804,6.804,0.0,0.0,0.0,31.0
64.5832,1,fwd,90.0,11.6,76.0,90.0,78.952,-200.0,70.0,2.962,32.0,-100.0,-100.0,-100.0,0.0,0.0,-0.924,31.0,-99.147,-100.0,-100.0,48.0,4.0,0.001,31.0,-45.467,-45.0,-45.0,-24.0,0.0,0.0,37.0,-96.332,-96.263,-96.263,0.0,0.0,-0.043,30.0,8.293,8.78,8.78,-8.0,0.0,0.0,30.0,6.804,6.804,6.804,0.0,0.0,0.0,31.0
64.6363,1,fwd,90.0,11.6,76.36,90.0,79.166,-200.0,70.0,4.573,32.0,-99.82,-100.0,-100.0,0.0,0.0,1.586,31.0,-99.147,-100.0,-100.0,48.0,4.0,0.0,31.0,-45.333,-45.0,-45.0,-24.0,0.0,1.509,37.0,-96.263,-96.263,-96.263,0.0,0.0,0.519,30.0,8.293,8.78,8.78,-8.0,0.0,0.0,30.0,6.804,6.804,6.804,0.0,0.0,0.0,31.0
64.6884,1,fwd,90.0,11.6,76.449,90.0,79.379,-200.0,70.0,2.951,32.0,-99.82,-100.0,-100.0,0.0,0.0,0.777,31.0,-99.147,-100.0,-100.0,48.0,4.0,0.0,31.0,-45.333,-45.0,-45.0,-24.0,0.0,0.739,37.0,-96.263,-96.263,-96.263,0.0,0.0,0.254,30.0,8.293,8.78,8.78,-8.0,0.0,0.0,30.0,6.804,6.804,6.804,0.0,0.0,0.0,31.0
64.7406,1,fwd,90.0,11.6,76.899,90.0,79.592,-200.0,70.0,5.887,32.0,-100.0,-100.0,-100.0,0.0,0.0,-1.643,31.0,-99.147,-100.0,-100.0,48.0,4.0,0.0,31.0,-45.333,-45.0,-45.0,-24.0,0.0,0.362,37.0,-96.332,-96.263,-96.263,0.0,0.0,-0.419,30.0,8.293,8.78,8.78,-8.0,0.0,0.0,30.0,6.804,6.804,6.804,0.0,0.0,0.0,31.0
64.7927,1,fwd,90.0,11.6,77.079,90.0,79.806,-200.0,70.0,6.134,32.0,-100.0,-100.0,-100.0,0.0,0.0,-1.15,31.0,-99.147,-100.0,-100.0,48.0,4.0,0.0,31.0,-45.333,-45.0,-45.0,-24.0,0.0,0.254,37.0,-96.332,-96.263,-96.263,0.0,0.0,-0.293,30.0,8.293,8.78,8.78,-8.0,0.0,0.0,30.0,6.804,6.804,6.804,0.0,0.0,0.0,31.0
64.8461,1,fwd,90.0,11.6,77.258,90.0,80.033,-200.0,70.0,4.64,32.0,-99.82,-100.0,-100.0,0.0,0.0,0.715,31.0,-99.147,-100.0,-100.0,48.0,4.0,0.0,31.0,-45.333,-45.0,-45.0,-24.0,0.0,0.124,37.0,-96.332,-96.263,-96.263,0.0,0.0,-0.144,30.0,8.293,8.78,8.78,-8.0,0.0,0.0,30.0,6.804,6.804,6.804,0.0,0.0,0.0,31.0
64.8993,1,fwd,90.0,11.6,77.258,90.0,80.255,-200.0,70.0,2.273,32.0,-99.82,-100.0,-100.0,0.0,0.0,0.351,31.0,-99.147,-100.0,-100.0,48.0,4.0,0.0,31.0,-45.333,-45.0,-45.0,-24.0,0.0,0.061,37.0,-96.332,-96.263,-96.263,0.0,0.0,-0.07,30.0,8.293,8.78,8.78,-8.0,0.0,0.0,30.0,6.804,6.804,6.804,0.0,0.0,0.0,31.0
64.9517,1,fwd,90.0,11.6,77.438,90.0,80.363,-200.0,70.0,3.154,32.0,-99.82,-100.0,-100.0,0.0,0.0,0.172,31.0,-99.147,-100.0,-100.0,48.0,4.0,0.0,31.0,-45.333,-45.0,-45.0,-24.0,0.0,0.03,37.0,-96.332,-96.263,-96.263,0.0,0.0,-0.034,30.0,8.293,8.78,8.78,-8.0,0.0,0.0,30.0,6.804,6.804,6.804,0.0,0.0,0.0,31.0
65.0049,1,fwd,90.0,11.7,77.708,90.0,80.469,-208.0,77.0,5.04,32.0,-100.0,-100.0,-100.0,0.0,0.0,-1.772,31.0,-99.147,-100.0,-100.0,48.0,5.0,0.0,31.0,-45.333,-45.0,-45.0,-16.0,0.0,0.021,37.0,-96.263,-96.263,-96.263,8.0,0.0,0.703,30.0,7.805,8.78,8.78,-16.0,1.0,-5.123,30.0,6.804,6.804,6.804,0.0,0.0,0.0,31.0
65.0583,1,fwd,90.0,11.7,77.888,90.0,80.808,-208.0,77.0,3.141,32.0,-99.82,-100.0,-100.0,0.0,0.0,-0.195,31.0,-99.147,-100.0,-100.0,48.0,5.0,0.0,31.0,-45.333,-45.0,-45.0,-16.0,0.0,0.01,37.0,-96.263,-96.263,-96.263,8.0,0.0,0.344,30.0,7.805,8.78,8.78,-16.0,1.0,-2.51,30.0,6.804,6.804,6.804,0.0,0.0,0.0,31.0
65.1107,1,fwd,90.0,11.7,78.427,90.0,81.022,-208.0,77.0,6.682,32.0,-99.82,-100.0,-100.0,0.0,0.0,-0.096,31.0,-99.147,-100.0,-100.0,48.0,5.0,0.0,31.0,-45.333,-45.0,-45.0,-16.0,0.0,0.005,37.0,-96.332,-96.263,-96.263,8.0,0.0,-0.374,30.0,7.805,8.78,8.78,-16.0,1.0,-1.23,30.0,6.804,6.804,6.804,0.0,0.0,0.0,31.0
65.1641,1,fwd,90.0,11.7,78.697,90.0,81.237,-208.0,77.0,5.679,32.0,-99.82,-100.0,-100.0,0.0,0.0,-0.047,31.0,-99.147,-100.0,-100.0,48.0,5.0,0.0,31.0,-45.333,-45.0,-45.0,-16.0,0.0,0.002,37.0,-96.332,-96.263,-96.263,8.0,0.0,-0.183,30.0,7.805,8.78,8.78,-16.0,1.0,-0.603,30.0,6.804,6.804,6.804,0.0,0.0,0.0,31.0
65.2165,1,fwd,90.0,11.7,78.697,90.0,81.452,-208.0,77.0,2.783,32.0,-99.82,-100.0,-100.0,0.0,0.0,-0.023,31.0,-99.147,-100.0,-100.0,48.0,5.0,0.0,31.0,-45.333,-45.0,-45.0,-16.0,0.0,0.001,37.0,-96.332,-96.263,-96.263,8.0,0.0,-0.09,30.0,7.805,8.78,8.78,-16.0,1.0,-0.295,30.0,6.804,6.804,6.804,0.0,0.0,0.0,31.0
65.2704,1,fwd,90.0,11.7,78.966,90.0,81.665,-208.0,77.0,4.115,32.0,-99.82,-100.0,-100.0,0.0,0.0,-0.011,31.0,-99.147,-100.0,-100.0,48.0,5.0,0.0,31.0,-45.333,-45.0,-45.0,-16.0,0.0,0.001,37.0,-96.332,-96.263,-96.263,8.0,0.0,-0.044,30.0,7.805,8.78,8.78,-16.0,1.0,-0.145,30.0,6.804,6.804,6.804,0.0,0.0,0.0,31.0
65.3226,1,fwd,90.0,11.7,79.236,90.0,81.878,-208.0,77.0,4.75,32.0,-99.82,-100.0,-100.0,0.0,0.0,-0.006,31.0,-99.147,-100.0,-100.0,48.0,5.0,0.0,31.0,-45.333,-45.0,-45.0,-16.0,0.0,0.0,37.0,-96.263,-96.263,-96.263,8.0,0.0,0.522,30.0,7.805,8.78,8.78,-16.0,1.0,-0.071,30.0,6.804,6.804,6.804,0.0,0.0,0.0,31.0
65.3758,1,fwd,90.0,11.7,79.326,90.0,82.092,-208.0,77.0,3.029,32.0,-99.82,-100.0,-100.0,0.0,0.0,-0.003,31.0,-99.147,-100.0,-100.0,48.0,5.0,0.0,31.0,-45.333,-45.0,-45.0,-16.0,0.0,0.0,37.0,-96.263,-96.263,-96.263,8.0,0.0,0.256,30.0,7.805,8.78,8.78,-16.0,1.0,-0.035,30.0,6.804,6.804,6.804,0.0,0.0,0.0,31.0
65.4292,1,fwd,90.0,11.7,79.506,90.0,82.305,-208.0,77.0,3.203,32.0,-99.82,-100.0,-100.0,0.0,0.0,-0.001,31.0,-99.147,-100.0,-100.0,48.0,5.0,0.0,31.0,-45.333,-45.0,-45.0,-16.0,0.0,0.0,37.0,-96.332,-96.263,-96.263,8.0,0.0,-0.653,30.0,7.805,8.78,8.78,-16.0,1.0,-0.017,30.0,6.804,6.804,6.804,0.0,0.0,0.0,31.0
65.4833,1,fwd,90.0,11.7,80.045,90.0,82.52,-208.0,77.0,6.692,32.0,-99.82,-100.0,-100.0,0.0,0.0,-0.001,31.0,-99.147,-100.0,-100.0,48.0,5.0,0.0,31.0,-45.333,-45.0,-45.0,-16.0,0.0,0.0,37.0,-96.332,-96.263,-96.263,8.0,0.0,-0.32,30.0,7.805,8.78,8.78,-16.0,1.0,-0.008,30.0,6.804,6.804,6.804,0.0,0.0,0.0,31.0
65.5356,1,fwd,90.0,11.7,80.135,90.0,82.733,-208.0,77.0,3.985,32.0,-99.82,-100.0,-100.0,0.0,0.0,-0.0,31.0,-99.147,-100.0,-100.0,48.0,5.0,0.0,31.0,-45.333,-45.0,-45.0,-16.0,0.0,0.0,37.0,-96.332,-96.263,-96.263,8.0,0.0,-0.157,30.0,7.805,8.78,8.78,-16.0,1.0,-0.004,30.0,6.804,6.804,6.804,0.0,0.0,0.0,31.0
65.589,1,fwd,90.0,11.8,80.135,90.0,82.973,-208.0,80.0,2.789,32.0,-99.82,-100.0,-100.0,8.0,0.0,-0.0,31.0,-99.147,-100.0,-100.0,48.0,5.0,0.0,31.0,-45.333,-45.0,-45.0,-16.0,0.0,0.0,37.0,-96.332,-96.263,-96.263,0.0,0.0,-0.11,30.0,7.805,8.78,8.78,-16.0,0.0,-0.003,30.0,6.804,6.804,6.804,0.0,0.0,0.0,31.0
65.6415,1,fwd,90.0,11.8,80.404,90.0,83.188,-208.0,80.0,4.41,32.0,-99.82,-100.0,-100.0,8.0,0.0,-0.0,31.0,-99.147,-100.0,-100.0,48.0,5.0,0.0,31.0,-45.333,-45.0,-45.0,-16.0,0.0,0.0,37.0,-96.263,-96.263,-96.263,0.0,0.0,0.727,30.0,7.805,8.78,8.78,-16.0,0.0,-0.001,30.0,6.804,6.804,6.804,0.0,0.0,0.0,31.0
65.6935,1,fwd,90.0,11.8,80.764,90.0,83.401,-208.0,80.0,5.613,32.0,-99.82,-100.0,-100.0,8.0,0.0,-0.0,31.0,-99.147,-100.0,-100.0,48.0,5.0,0.0,31.0,-45.333,-45.0,-45.0,-16.0,0.0,0.0,37.0,-96.263,-96.263,-96.263,0.0,0.0,0.356,30.0,7.805,8.78,8.78,-16.0,0.0,-0.001,30.0,6.804,6.804,6.804,0.0,0.0,0.0,31.0
65.7467,1,fwd,90.0,11.8,80.854,90.0,83.614,-208.0,80.0,3.766,32.0,-99.82,-100.0,-100.0,8.0,0.0,-0.0,31.0,-99.147,-100.0,-100.0,48.0,5.0,0.0,31.0,-45.333,-45.0,-45.0,-16.0,0.0,0.0,37.0,-96.263,-96.263,-96.263,0.0,0.0,0.175,30.0,7.805,8.78,8.78,-16.0,0.0,-0.0,30.0,6.804,6.804,6.804,0.0,0.0,0.0,31.0
65.8001,1,fwd,90.0,11.8,81.213,90.0,83.826,-208.0,80.0,5.578,32.0,-99.82,-100.0,-100.0,8.0,0.0,-0.0,31.0,-99.147,-100.0,-100.0,48.0,5.0,0.0,31.0,-45.333,-45.0,-45.0,-16.0,0.0,0.0,37.0,-96.332,-96.263,-96.263,0.0,0.0,-0.461,30.0,7.805,8.78,8.78,-16.0,0.0,-0.0,30.0,6.804,6.804,6.804,0.0,0.0,0.0,31.0
65.8534,1,fwd,90.0,11.8,81.573,90.0,84.04,-208.0,80.0,5.832,32.0,-99.82,-100.0,-100.0,8.0,0.0,-0.0,31.0,-99.147,-100.0,-100.0,48.0,5.0,0.0,31.0,-45.333,-45.0,-45.0,-16.0,0.0,0.0,37.0,-96.332,-96.263,-96.263,0.0,0.0,-0.226,30.0,7.805,8.78,8.78,-16.0,0.0,-0.0,30.0,6.804,6.804,6.804,0.0,0.0,0.0,31.0
65.9056,1,fwd,90.0,11.8,81.573,90.0,84.258,-208.0,80.0,4.083,32.0,-99.82,-100.0,-100.0,8.0,0.0,-0.0,31.0,-99.147,-100.0,-100.0,48.0,5.0,0.0,31.0,-45.333,-45.0,-45.0,-16.0,0.0,0.0,37.0,-96.332,-96.263,-96.263,0.0,0.0,-0.158,30.0,7.805,8.78,8.78,-16.0,0.0,-0.0,30.0,6.804,6.804,6.804,0.0,0.0,0.0,31.0
65.9593,1,fwd,90.0,11.8,81.573,90.0,84.484,-208.0,80.0,2.001,32.0,-99.82,-100.0,-100.0,8.0,0.0,-0.0,31.0,-99.147,-100.0,-100.0,48.0,5.0,0.0,31.0,-45.333,-45.0,-45.0,-16.0,0.0,0.0,37.0,-96.332,-96.263,-96.263,0.0,0.0,-0.077,30.0,7.805,8.78,8.78,-16.0,0.0,-0.0,30.0,6.804,6.804,6.804,0.0,0.0,0.0,31.0
66.0124,1,fwd,90.0,11.8,81.933,90.0,84.706,-208.0,80.0,4.316,32.0,-99.82,-100.0,-100.0,8.0,0.0,-0.0,31.0,-99.147,-100.0,-100.0,48.0,5.0,0.0,31.0,-45.333,-45.0,-45.0,-16.0,0.0,0.0,37.0,-96.263,-96.263,-96.263,0.0,0.0,0.463,30.0,7.805,8.78,8.78,-16.0,0.0,-0.0,30.0,6.804,6.804,6.804,0.0,0.0,0.0,31.0
66.0661,1,fwd,90.0,11.8,82.202,90.0,84.922,-208.0,80.0,4.497,32.0,-99.82,-100.0,-100.0,8.0,0.0,-0.0,31.0,-99.147,-100.0,-100.0,48.0,5.0,0.0,31.0,-45.333,-45.0,-45.0,-16.0,0.0,0.0,37.0,-96.263,-96.263,-96.263,0.0,0.0,0.227,30.0,7.805,8.78,8.78,-16.0,0.0,-0.0,30.0,6.804,6.804,6.804,0.0,0.0,0.0,31.0
66.1186,1,fwd,90.0,11.8,82.292,90.0,85.032,-208.0,80.0,2.895,32.0,-99.82,-100.0,-100.0,8.0,0.0,-0.0,31.0,-99.147,-100.0,-100.0,48.0,5.0,0.0,31.0,-45.333,-45.0,-45.0,-16.0,0.0,0.0,37.0,-96.263,-96.263,-96.263,0.0,0.0,0.111,30.0,7.805,8.78,8.78,-16.0,0.0,-0.0,30.0,6.804,6.804,6.804,0.0,0.0,0.0,31.0
66.172,1,fwd,90.0,11.7,82.742,90.0,85.272,-224.0,74.0,4.267,32.0,-99.82,-100.0,-100.0,8.0,0.0,-0.0,31.0,-99.147,-100.0,-100.0,48.0,4.0,0.0,31.0,-45.333,-45.0,-45.0,-16.0,0.0,0.0,37.0,-96.332,-96.263,-96.263,8.0,0.0,-0.267,30.0,7.805,8.78,8.78,-16.0,0.0,-0.0,30.0,6.804,6.804,6.804,0.0,0.0,0.0,31.0
66.2245,1,fwd,90.0,11.7,83.101,90.0,85.487,-224.0,74.0,5.85,32.0,-99.82,-100.0,-100.0,8.0,0.0,-0.0,31.0,-99.147,-100.0,-100.0,48.0,4.0,0.0,31.0,-45.333,-45.0,-45.0,-16.0,0.0,0.0,37.0,-96.332,-96.263,-96.263,8.0,0.0,-0.131,30.0,7.805,8.78,8.78,-16.0,0.0,-0.0,30.0,6.804,6.804,6.804,0.0,0.0,0.0,31.0
66.2765,1,fwd,90.0,11.7,83.101,90.0,85.699,-224.0,74.0,2.867,32.0,-99.82,-100.0,-100.0,8.0,0.0,-0.0,31.0,-99.147,-100.0,-100.0,48.0,4.0,0.0,31.0,-45.333,-45.0,-45.0,-16.0,0.0,0.0,37.0,-96.332,-96.263,-96.263,8.0,0.0,-0.064,30.0,7.805,8.78,8.78,-16.0,0.0,-0.0,30.0,6.804,6.804,6.804,0.0,0.0,0.0,31.0
66.3299,1,fwd,90.0,11.7,83.371,90.0,85.914,-224.0,74.0,4.445,32.0,-99.82,-100.0,-100.0,8.0,0.0,-0.0,31.0,-99.147,-100.0,-100.0,48.0,4.0,0.0,31.0,-45.333,-45.0,-45.0,-16.0,0.0,0.0,37.0,-96.263,-96.263,-96.263,8.0,0.0,0.505,30.0,7.805,8.78,8.78,-16.0,0.0,-0.0,30.0,6.804,6.804,6.804,0.0,0.0,0.0,31.0
66.383,1,fwd,90.0,11.7,83.73,90.0,86.127,-224.0,74.0,5.635,32.0,-99.82,-100.0,-100.0,8.0,0.0,-0.0,31.0,-99.147,-100.0,-100.0,48.0,4.0,0.0,31.0,-45.333,-45.0,-45.0,-16.0,0.0,0.0,37.0,-96.263,-96.263,-96.263,8.0,0.0,0.247,30.0,7.805,8.78,8.78,-16.0,0.0,-0.0,30.0,6.804,6.804,6.804,0.0,0.0,0.0,31.0
66.4354,1,fwd,90.0,11.7,83.73,90.0,86.339,-224.0,74.0,2.761,32.0,-99.82,-100.0,-100.0,8.0,0.0,-0.0,31.0,-99.147,-100.0,-100.0,48.0,4.0,0.0,31.0,-45.333,-45.0,-45.0,-16.0,0.0,0.0,37.0,-96.332,-96.263,-96.263,8.0,0.0,-0.659,30.0,7.805,8.78,8.78,-16.0,0.0,-0.0,30.0,6.804,6.804,6.804,0.0,0.0,0.0,31.0
66.4885,1,fwd,90.0,11.7,84.0,90.0,86.552,-224.0,74.0,4.38,32.0,-99.82,-100.0,-100.0,8.0,0.0,-0.0,31.0,-99.147,-100.0,-100.0,48.0,4.0,0.0,31.0,-45.333,-45.0,-45.0,-16.0,0.0,0.0,37.0,-96.332,-96.263,-96.263,8.0,0.0,-0.323,30.0,7.805,8.78,8.78,-16.0,0.0,-0.0,30.0,6.804,6.804,6.804,0.0,0.0,0.0,31.0
66.5423,1,fwd,90.0,11.7,84.36,90.0,86.766,-224.0,74.0,5.585,32.0,-99.82,-100.0,-100.0,8.0,0.0,-0.0,31.0,-99.147,-100.0,-100.0,48.0,4.0,0.0,31.0,-45.333,-45.0,-45.0,-16.0,0.0,0.0,37.0,-96.332,-96.263,-96.263,8.0,0.0,-0.158,30.0,7.805,8.78,8.78,-16.0,0.0,-0.0,30.0,6.804,6.804,6.804,0.0,0.0,0.0,31.0
66.5944,1,fwd,90.0,11.7,84.539,90.0,86.98,-224.0,74.0,4.454,32.0,-99.82,-100.0,-100.0,8.0,0.0,-0.0,31.0,-99.147,-100.0,-100.0,48.0,4.0,0.0,31.0,-45.333,-45.0,-45.0,-16.0,0.0,0.0,37.0,-96.263,-96.263,-96.263,8.0,0.0,0.465,30.0,7.805,8.78,8.78,-16.0,0.0,-0.0,30.0,6.804,6.804,6.804,0.0,0.0,0.0,31.0
66.6464,1,fwd,90.0,11.7,84.539,90.0,87.193,-224.0,74.0,2.183,32.0,-99.82,-100.0,-100.0,8.0,0.0,-0.0,31.0,-99.147,-100.0,-100.0,48.0,4.0,0.0,31.0,-45.333,-45.0,-45.0,-16.0,0.0,0.0,37.0,-96.263,-96.263,-96.263,8.0,0.0,0.228,30.0,7.805,8.78,8.78,-16.0,0.0,-0.0,30.0,6.804,6.804,6.804,0.0,0.0,0.0,31.0
66.6987,1,fwd,90.0,11.8,84.719,90.0,87.299,-196.0,64.0,3.555,32.0,-99.82,-100.0,-100.0,8.0,0.0,-0.0,31.0,-99.147,-100.0,-100.0,48.0,4.0,0.0,31.0,-45.333,-45.0,-45.0,-16.0,0.0,0.0,37.0,-96.332,-96.263,-96.263,0.0,0.0,-0.621,30.0,7.805,8.78,8.78,-16.0,0.0,-0.0,30.0,6.804,6.804,6.804,0.0,0.0,0.0,31.0
66.7522,1,fwd,90.0,11.8,85.169,90.0,87.633,-196.0,64.0,3.399,32.0,-99.82,-100.0,-100.0,8.0,0.0,-0.0,31.0,-99.147,-100.0,-100.0,48.0,4.0,0.0,31.0,-45.333,-45.0,-45.0,-16.0,0.0,0.0,37.0,-96.332,-96.263,-96.263,0.0,0.0,-0.304,30.0,7.805,8.78,8.78,-16.0,0.0,-0.0,30.0,6.804,6.804,6.804,0.0,0.0,0.0,31.0
66.8054,1,fwd,90.0,11.8,85.258,90.0,87.847,-196.0,64.0,2.374,32.0,-99.82,-100.0,-100.0,8.0,0.0,-0.0,31.0,-99.147,-100.0,-100.0,48.0,4.0,0.0,31.0,-45.333,-45.0,-45.0,-16.0,0.0,0.0,37.0,-96.263,-96.263,-96.263,0.0,0.0,0.624,30.0,7.805,8.78,8.78,-16.0,0.0,-0.0,30.0,6.804,6.804,6.804,0.0,0.0,0.0,31.0
66.8579,1,fwd,90.0,11.8,85.708,90.0,88.061,-196.0,64.0,5.306,32.0,-99.82,-100.0,-100.0,8.0,0.0,-0.0,31.0,-99.147,-100.0,-100.0,48.0,4.0,0.0,31.0,-45.333,-45.0,-45.0,-16.0,0.0,0.0,37.0,-96.263,-96.263,-96.263,0.0,0.0,0.306,30.0,7.805,8.78,8.78,-16.0,0.0,-0.0,30.0,6.804,6.804,6.804,0.0,0.0,0.0,31.0
66.9109,1,fwd,90.0,11.8,85.888,90.0,88.282,-196.0,64.0,5.606,32.0,-99.82,-100.0,-100.0,8.0,0.0,-0.0,31.0,-99.147,-100.0,-100.0,48.0,4.0,0.0,31.0,-45.333,-45.0,-45.0,-16.0,0.0,0.0,37.0,-96.263,-96.263,-96.263,0.0,0.0,0.214,30.0,7.805,8.78,8.78,-16.0,0.0,-0.0,30.0,6.804,6.804,6.804,0.0,0.0,0.0,31.0
66.9642,1,fwd,90.0,11.8,85.978,90.0,88.506,-196.0,64.0,3.392,32.0,-99.82,-100.0,-100.0,8.0,0.0,-0.0,31.0,-99.147,-100.0,-100.0,48.0,4.0,0.0,31.0,-45.333,-45.0,-45.0,-16.0,0.0,0.0,37.0,-96.332,-96.263,-96.263,0.0,0.0,-0.392,30.0,7.805,8.78,8.78,-16.0,0.0,-0.0,30.0,6.804,6.804,6.804,0.0,0.0,0.0,31.0
67.0179,1,fwd,90.0,11.8,85.978,90.0,88.731,-196.0,64.0,1.662,32.0,-99.82,-100.0,-100.0,8.0,0.0,-0.0,31.0,-99.147,-100.0,-100.0,48.0,4.0,0.0,31.0,-45.333,-45.0,-45.0,-16.0,0.0,0.0,37.0,-96.332,-96.263,-96.263,0.0,0.0,-0.192,30.0,7.805,8.78,8.78,-16.0,0.0,-0.0,30.0,6.804,6.804,6.804,0.0,0.0,0.0,31.0
67.0707,1,fwd,90.0,11.8,86.517,90.0,88.838,-196.0,64.0,5.965,32.0,-99.82,-100.0,-100.0,8.0,0.0,-0.0,31.0,-99.147,-100.0,-100.0,48.0,4.0,0.0,31.0,-45.333,-45.0,-45.0,-16.0,0.0,0.0,37.0,-96.263,-96.263,-96.263,0.0,0.0,0.687,30.0,7.805,8.78,8.78,-16.0,0.0,-0.0,30.0,6.804,6.804,6.804,0.0,0.0,0.0,31.0
67.1244,1,fwd,90.0,11.8,86.607,90.0,89.062,-196.0,64.0,3.568,32.0,-99.82,-100.0,-100.0,8.0,0.0,-0.0,31.0,-99.147,-100.0,-100.0,48.0,4.0,0.0,31.0,-45.2,-45.0,-45.0,-16.0,0.0,1.509,37.0,-96.263,-96.263,-96.263,0.0,0.0,0.336,30.0,7.805,8.78,8.78,-16.0,0.0,-0.0,30.0,6.804,6.804,6.804,0.0,0.0,0.0,31.0
67.1778,1,fwd,90.0,11.8,86.876,90.0,89.277,-196.0,64.0,4.478,32.0,-99.82,-100.0,-100.0,8.0,0.0,-0.0,31.0,-99.147,-100.0,-100.0,48.0,4.0,0.0,31.0,-45.2,-45.0,-45.0,-16.0,0.0,0.739,37.0,-96.263,-96.263,-96.263,0.0,0.0,0.165,30.0,7.805,8.78,8.78,-16.0,0.0,-0.0,30.0,6.804,6.804,6.804,0.0,0.0,0.0,31.0
67.2309,1,fwd,90.0,11.8,87.236,90.0,89.489,-196.0,64.0,5.643,32.0,-99.64,-100.0,-100.0,8.0,0.0,1.427,31.0,-99.147,-100.0,-100.0,48.0,4.0,0.0,31.0,-45.2,-45.0,-45.0,-16.0,0.0,0.362,37.0,-96.263,-96.263,-96.263,0.0,0.0,0.081,30.0,7.805,8.78,8.78,-16.0,0.0,-0.0,30.0,6.804,6.804,6.804,0.0,0.0,0.0,31.0
67.2842,1,fwd,90.0,11.8,87.416,90.0,89.595,-180.0,56.0,5.977,32.0,-99.64,-100.0,-100.0,16.0,0.0,0.999,31.0,-99.147,-100.0,-100.0,48.0,5.0,0.0,31.0,-45.2,-45.0,-45.0,-8.0,0.0,0.254,37.0,-96.263,-96.263,-96.263,8.0,0.0,0.057,30.0,7.805,8.78,8.78,-16.0,1.0,-0.0,30.0,6.804,6.804,6.804,0.0,0.0,0.0,31.0
67.3365,1,fwd,90.0,11.8,87.416,90.0,89.933,-180.0,56.0,2.929,32.0,-99.64,-100.0,-100.0,16.0,0.0,0.49,31.0,-99.147,-100.0,-100.0,48.0,5.0,0.0,31.0,-45.2,-45.0,-45.0,-8.0,0.0,0.124,37.0,-96.332,-96.263,-96.263,8.0,0.0,-0.224,30.0,7.805,8.78,8.78,-16.0,1.0,-0.0,30.0,6.804,6.804,6.804,0.0,0.0,0.0,31.0
67.3888,1,hold_end,90.0,11.8,87.865,90.0,90.0,-180.0,56.0,5.855,32.0,-99.64,-100.0,-100.0,16.0,0.0,0.24,31.0,-99.147,-100.0,-100.0,48.0,5.0,0.0,31.0,-45.2,-45.0,-45.0,-8.0,0.0,0.061,37.0,-96.332,-96.263,-96.263,8.0,0.0,-0.11,30.0,7.805,8.78,8.78,-16.0,1.0,-0.0,30.0,6.804,6.804,6.804,0.0,0.0,0.0,31.0
67.4419,1,hold_end,90.0,11.8,88.045,90.0,90.0,-180.0,56.0,4.269,32.0,-99.64,-100.0,-100.0,16.0,0.0,0.118,31.0,-99.147,-100.0,-100.0,48.0,5.0,0.0,31.0,-45.2,-45.0,-45.0,-8.0,0.0,0.03,37.0,-96.263,-96.263,-96.263,8.0,0.0,0.728,30.0,7.805,8.78,8.78,-16.0,1.0,-0.0,30.0,6.804,6.804,6.804,0.0,0.0,0.0,31.0
67.4959,1,hold_end,90.0,11.8,88.045,90.0,90.0,-180.0,56.0,2.092,32.0,-99.64,-100.0,-100.0,16.0,0.0,0.058,31.0,-99.147,-100.0,-100.0,48.0,5.0,0.0,31.0,-45.2,-45.0,-45.0,-8.0,0.0,0.015,37.0,-96.263,-96.263,-96.263,8.0,0.0,0.357,30.0,7.805,8.78,8.78,-16.0,1.0,-0.0,30.0,6.804,6.804,6.804,0.0,0.0,0.0,31.0
67.5489,1,hold_end,90.0,11.8,88.045,90.0,90.0,-180.0,56.0,1.025,32.0,-99.64,-100.0,-100.0,16.0,0.0,0.028,31.0,-99.147,-100.0,-100.0,48.0,5.0,0.0,31.0,-45.2,-45.0,-45.0,-8.0,0.0,0.007,37.0,-96.263,-96.263,-96.263,8.0,0.0,0.175,30.0,7.805,8.78,8.78,-16.0,1.0,-0.0,30.0,6.804,6.804,6.804,0.0,0.0,0.0,31.0
67.602,1,hold_end,90.0,11.8,88.045,90.0,90.0,-180.0,56.0,0.502,32.0,-99.64,-100.0,-100.0,16.0,0.0,0.014,31.0,-99.147,-100.0,-100.0,48.0,5.0,0.0,31.0,-45.2,-45.0,-45.0,-8.0,0.0,0.004,37.0,-96.263,-96.263,-96.263,8.0,0.0,0.086,30.0,7.805,8.78,8.78,-16.0,1.0,-0.0,30.0,6.804,6.804,6.804,0.0,0.0,0.0,31.0
67.6547,1,hold_end,90.0,11.8,88.045,90.0,90.0,-180.0,56.0,0.246,32.0,-99.64,-100.0,-100.0,16.0,0.0,0.007,31.0,-99.147,-100.0,-100.0,48.0,5.0,0.0,31.0,-45.2,-45.0,-45.0,-8.0,0.0,0.002,37.0,-96.332,-96.263,-96.263,8.0,0.0,-0.505,30.0,7.805,8.78,8.78,-16.0,1.0,-0.0,30.0,6.804,6.804,6.804,0.0,0.0,0.0,31.0
67.708,1,hold_end,90.0,11.8,88.045,90.0,90.0,-180.0,56.0,0.121,32.0,-99.64,-100.0,-100.0,16.0,0.0,0.003,31.0,-99.147,-100.0,-100.0,48.0,5.0,0.0,31.0,-45.2,-45.0,-45.0,-8.0,0.0,0.001,37.0,-96.332,-96.263,-96.263,8.0,0.0,-0.248,30.0,7.805,8.78,8.78,-16.0,1.0,-0.0,30.0,6.804,6.804,6.804,0.0,0.0,0.0,31.0
67.7604,1,hold_end,90.0,11.8,88.045,90.0,90.0,-180.0,56.0,0.059,32.0,-99.64,-100.0,-100.0,16.0,0.0,0.002,31.0,-99.147,-100.0,-100.0,48.0,5.0,0.0,31.0,-45.2,-45.0,-45.0,-8.0,0.0,0.0,37.0,-96.332,-96.263,-96.263,8.0,0.0,-0.121,30.0,7.805,8.78,8.78,-16.0,1.0,-0.0,30.0,6.804,6.804,6.804,0.0,0.0,0.0,31.0
67.8126,1,hold_end,90.0,11.8,88.045,90.0,90.0,-180.0,56.0,0.029,32.0,-99.64,-100.0,-100.0,16.0,0.0,0.001,31.0,-99.147,-100.0,-100.0,48.0,5.0,0.0,31.0,-45.2,-45.0,-45.0,-8.0,0.0,0.0,37.0,-96.263,-96.263,-96.263,8.0,0.0,0.487,30.0,7.805,8.78,8.78,-16.0,1.0,-0.0,30.0,6.804,6.804,6.804,0.0,0.0,0.0,31.0
67.8661,1,hold_end,90.0,11.8,88.045,90.0,90.0,-160.0,45.0,0.02,32.0,-99.64,-100.0,-100.0,16.0,0.0,0.001,31.0,-99.147,-100.0,-100.0,48.0,5.0,0.0,31.0,-45.2,-45.0,-45.0,-8.0,0.0,0.0,37.0,-96.263,-96.263,-96.263,8.0,0.0,0.341,30.0,7.805,8.78,8.78,-16.0,0.0,-0.0,30.0,6.804,6.804,6.804,0.0,0.0,0.0,31.0
67.9191,1,hold_end,90.0,11.8,88.045,90.0,90.0,-160.0,45.0,0.01,32.0,-99.64,-100.0,-100.0,16.0,0.0,0.0,31.0,-99.147,-100.0,-100.0,48.0,5.0,0.0,31.0,-45.2,-45.0,-45.0,-8.0,0.0,0.0,37.0,-96.263,-96.263,-96.263,8.0,0.0,0.167,30.0,7.805,8.78,8.78,-16.0,0.0,-0.0,30.0,6.804,6.804,6.804,0.0,0.0,0.0,31.0
67.9739,1,hold_end,90.0,11.8,88.045,90.0,90.0,-160.0,45.0,0.005,32.0,-99.64,-100.0,-100.0,16.0,0.0,0.0,31.0,-99.147,-100.0,-100.0,48.0,5.0,0.0,31.0,-45.2,-45.0,-45.0,-8.0,0.0,0.0,37.0,-96.263,-96.263,-96.263,8.0,0.0,0.082,30.0,7.805,8.78,8.78,-16.0,0.0,-0.0,30.0,6.804,6.804,6.804,0.0,0.0,0.0,31.0
68.0273,1,hold_end,90.0,11.8,88.045,90.0,90.0,-160.0,45.0,0.002,32.0,-99.64,-100.0,-100.0,16.0,0.0,0.0,31.0,-99.147,-100.0,-100.0,48.0,5.0,0.0,31.0,-45.2,-45.0,-45.0,-8.0,0.0,0.0,37.0,-96.263,-96.263,-96.263,8.0,0.0,0.04,30.0,7.805,8.78,8.78,-16.0,0.0,-0.0,30.0,6.804,6.804,6.804,0.0,0.0,0.0,31.0
68.0794,1,hold_end,90.0,11.8,88.045,90.0,90.0,-160.0,45.0,0.001,32.0,-99.64,-100.0,-100.0,16.0,0.0,0.0,31.0,-99.147,-100.0,-100.0,48.0,5.0,0.0,31.0,-45.2,-45.0,-45.0,-8.0,0.0,0.0,37.0,-96.263,-96.263,-96.263,8.0,0.0,0.02,30.0,7.805,8.78,8.78,-16.0,0.0,-0.0,30.0,6.804,6.804,6.804,0.0,0.0,0.0,31.0
68.1315,1,hold_end,90.0,11.8,88.045,90.0,90.0,-160.0,45.0,0.001,32.0,-99.64,-100.0,-100.0,16.0,0.0,0.0,31.0,-99.147,-100.0,-100.0,48.0,5.0,0.0,31.0,-45.2,-45.0,-45.0,-8.0,0.0,0.0,37.0,-96.332,-96.263,-96.263,8.0,0.0,-0.534,30.0,7.805,8.78,8.78,-16.0,0.0,-0.0,30.0,6.804,6.804,6.804,0.0,0.0,0.0,31.0
68.1835,1,hold_end,90.0,11.8,88.045,90.0,90.0,-160.0,45.0,0.0,32.0,-99.64,-100.0,-100.0,16.0,0.0,0.0,31.0,-99.147,-100.0,-100.0,48.0,5.0,0.0,31.0,-45.2,-45.0,-45.0,-8.0,0.0,0.0,37.0,-96.332,-96.263,-96.263,8.0,0.0,-0.374,30.0,7.805,8.78,8.78,-16.0,0.0,-0.0,30.0,6.804,6.804,6.804,0.0,0.0,0.0,31.0
68.237,1,hold_end,90.0,11.8,88.045,90.0,90.0,-160.0,45.0,0.0,32.0,-99.64,-100.0,-100.0,16.0,0.0,0.0,31.0,-99.147,-100.0,-100.0,48.0,5.0,0.0,31.0,-45.2,-45.0,-45.0,-8.0,0.0,0.0,37.0,-96.332,-96.263,-96.263,8.0,0.0,-0.183,30.0,7.805,8.78,8.78,-16.0,0.0,-0.0,30.0,6.804,6.804,6.804,0.0,0.0,0.0,31.0
68.2895,1,hold_end,90.0,11.8,88.045,90.0,90.0,-160.0,45.0,0.0,32.0,-99.64,-100.0,-100.0,16.0,0.0,0.0,31.0,-99.147,-100.0,-100.0,48.0,5.0,0.0,31.0,-45.2,-45.0,-45.0,-8.0,0.0,0.0,37.0,-96.263,-96.263,-96.263,8.0,0.0,0.409,30.0,7.805,8.78,8.78,-16.0,0.0,-0.0,30.0,6.804,6.804,6.804,0.0,0.0,0.0,31.0
68.3432,1,hold_end,90.0,11.8,88.045,90.0,90.0,-160.0,45.0,0.0,32.0,-99.64,-100.0,-100.0,16.0,0.0,0.0,31.0,-99.147,-100.0,-100.0,48.0,5.0,0.0,31.0,-45.2,-45.0,-45.0,-8.0,0.0,0.0,37.0,-96.263,-96.263,-96.263,8.0,0.0,0.201,30.0,7.805,8.78,8.78,-16.0,0.0,-0.0,30.0,6.804,6.804,6.804,0.0,0.0,0.0,31.0
68.3957,1,rev,-85.0,11.8,88.045,-85.0,89.893,-160.0,45.0,0.0,32.0,-99.64,-100.0,-100.0,16.0,0.0,0.0,31.0,-99.147,-100.0,-100.0,48.0,5.0,0.0,31.0,-45.2,-45.0,-45.0,-8.0,0.0,0.0,37.0,-96.263,-96.263,-96.263,8.0,0.0,0.098,30.0,7.805,8.78,8.78,-16.0,0.0,-0.0,30.0,6.804,6.804,6.804,0.0,0.0,0.0,31.0
68.45,1,rev,-85.0,11.8,88.045,-85.0,89.65,-148.0,39.0,0.0,32.0,-99.64,-100.0,-100.0,16.0,0.0,0.0,31.0,-99.147,-100.0,-100.0,48.0,5.0,0.0,31.0,-45.2,-45.0,-45.0,-8.0,0.0,0.0,37.0,-96.263,-96.263,-96.263,8.0,0.0,0.069,30.0,7.805,8.78,8.78,-16.0,0.0,-0.0,31.0,6.804,6.804,6.804,0.0,0.0,0.0,31.0
68.5044,1,rev,-85.0,11.8,88.045,-85.0,89.436,-148.0,39.0,0.0,32.0,-99.64,-100.0,-100.0,16.0,0.0,0.0,31.0,-99.147,-100.0,-100.0,48.0,5.0,0.0,31.0,-45.2,-45.0,-45.0,-8.0,0.0,0.0,37.0,-96.263,-96.263,-96.263,8.0,0.0,0.034,30.0,7.805,8.78,8.78,-16.0,0.0,-0.0,31.0,6.804,6.804,6.804,0.0,0.0,0.0,31.0
68.5564,1,rev,-85.0,11.8,88.045,-85.0,89.224,-148.0,39.0,0.0,32.0,-99.64,-100.0,-100.0,16.0,0.0,0.0,31.0,-99.147,-100.0,-100.0,48.0,5.0,0.0,31.0,-45.2,-45.0,-45.0,-8.0,0.0,0.0,37.0,-96.263,-96.263,-96.263,8.0,0.0,0.017,30.0,7.805,8.78,8.78,-16.0,0.0,-0.0,31.0,6.804,6.804,6.804,0.0,0.0,0.0,31.0
68.6084,1,rev,-85.0,11.8,88.045,-85.0,89.011,-148.0,39.0,0.0,32.0,-99.64,-100.0,-100.0,16.0,0.0,0.0,31.0,-99.147,-100.0,-100.0,48.0,5.0,0.0,31.0,-45.2,-45.0,-45.0,-8.0,0.0,0.0,37.0,-96.332,-96.263,-96.263,8.0,0.0,-0.539,30.0,7.805,8.78,8.78,-16.0,0.0,-0.0,31.0,6.804,6.804,6.804,0.0,0.0,0.0,31.0
68.6629,1,rev,-85.0,11.8,87.775,-85.0,88.798,-148.0,39.0,-2.425,32.0,-99.64,-100.0,-100.0,16.0,0.0,0.0,31.0,-99.147,-100.0,-100.0,48.0,5.0,0.0,31.0,-45.2,-45.0,-45.0,-8.0,0.0,0.0,37.0,-96.332,-96.263,-96.263,8.0,0.0,-0.264,30.0,7.805,8.78,8.78,-16.0,0.0,-0.0,31.0,6.804,6.804,6.804,0.0,0.0,0.0,31.0
68.7164,1,rev,-85.0,11.8,87.506,-85.0,88.586,-148.0,39.0,-3.91,32.0,-99.64,-100.0,-100.0,16.0,0.0,0.0,31.0,-99.147,-100.0,-100.0,48.0,5.0,0.0,31.0,-45.2,-45.0,-45.0,-8.0,0.0,0.0,37.0,-96.332,-96.263,-96.263,8.0,0.0,-0.129,30.0,7.805,8.78,8.78,-16.0,0.0,-0.0,31.0,6.804,6.804,6.804,0.0,0.0,0.0,31.0
68.77,1,rev,-85.0,11.8,87.326,-85.0,88.372,-148.0,39.0,-3.639,32.0,-99.64,-100.0,-100.0,16.0,0.0,0.0,31.0,-99.147,-100.0,-100.0,48.0,5.0,0.0,31.0,-45.2,-45.0,-45.0,-8.0,0.0,0.0,37.0,-96.263,-96.263,-96.263,8.0,0.0,0.482,30.0,7.805,8.78,8.78,-16.0,0.0,-0.0,31.0,6.804,6.804,6.804,0.0,0.0,0.0,31.0
68.823,1,rev,-85.0,11.8,87.236,-85.0,88.159,-148.0,39.0,-2.799,32.0,-99.64,-100.0,-100.0,16.0,0.0,0.0,31.0,-99.147,-100.0,-100.0,48.0,5.0,0.0,31.0,-45.2,-45.0,-45.0,-8.0,0.0,0.0,37.0,-96.263,-96.263,-96.263,8.0,0.0,0.236,30.0,7.805,8.78,8.78,-16.0,0.0,-0.0,31.0,6.804,6.804,6.804,0.0,0.0,0.0,31.0
68.8757,1,rev,-85.0,11.8,86.966,-85.0,87.946,-148.0,39.0,-4.097,32.0,-99.64,-100.0,-100.0,16.0,0.0,0.0,31.0,-99.147,-100.0,-100.0,48.0,5.0,0.0,31.0,-45.2,-45.0,-45.0,-8.0,0.0,0.0,37.0,-96.263,-96.263,-96.263,8.0,0.0,0.116,30.0,7.805,8.78,8.78,-16.0,0.0,-0.0,31.0,6.804,6.804,6.804,0.0,0.0,0.0,31.0
68.9276,1,rev,-85.0,11.8,86.697,-85.0,87.732,-148.0,39.0,-4.727,32.0,-99.64,-100.0,-100.0,16.0,0.0,0.0,31.0,-99.147,-100.0,-100.0,48.0,5.0,0.0,31.0,-45.2,-45.0,-45.0,-8.0,0.0,0.0,37.0,-96.263,-96.263,-96.263,8.0,0.0,0.057,30.0,7.805,8.78,8.78,-16.0,0.0,-0.0,31.0,6.804,6.804,6.804,0.0,0.0,0.0,31.0
68.9808,1,rev,-85.0,11.9,86.607,-85.0,87.625,-76.0,12.0,-4.316,32.0,-99.64,-100.0,-100.0,16.0,0.0,0.0,31.0,-99.147,-100.0,-100.0,48.0,5.0,0.0,31.0,-45.2,-45.0,-45.0,-8.0,0.0,0.0,37.0,-96.263,-96.263,-96.263,0.0,0.0,0.04,30.0,7.805,8.78,8.78,-16.0,0.0,-0.0,30.0,6.804,6.804,6.804,0.0,0.0,0.0,31.0
69.0342,1,rev,-85.0,11.9,86.607,-85.0,87.289,-76.0,12.0,-2.115,32.0,-99.64,-100.0,-100.0,16.0,0.0,0.0,31.0,-99.147,-100.0,-100.0,48.0,5.0,0.0,31.0,-45.2,-45.0,-45.0,-8.0,0.0,0.0,37.0,-96.332,-96.263,-96.263,0.0,0.0,-0.234,30.0,7.805,8.78,8.78,-16.0,0.0,-0.0,30.0,6.804,6.804,6.804,0.0,0.0,0.0,31.0
69.0868,1,rev,-85.0,11.9,86.067,-85.0,87.077,-76.0,12.0,-6.225,32.0,-99.64,-100.0,-100.0,16.0,0.0,0.0,31.0,-99.147,-100.0,-100.0,48.0,5.0,0.0,31.0,-45.2,-45.0,-45.0,-8.0,0.0,0.0,37.0,-96.263,-96.263,-96.263,0.0,0.0,0.434,30.0,7.805,8.78,8.78,-16.0,0.0,-0.0,30.0,6.804,6.804,6.804,0.0,0.0,0.0,31.0
69.1402,1,rev,-85.0,11.9,85.978,-85.0,86.864,-76.0,12.0,-3.752,32.0,-99.82,-100.0,-100.0,16.0,0.0,-2.024,31.0,-99.147,-100.0,-100.0,48.0,5.0,0.0,31.0,-45.2,-45.0,-45.0,-8.0,0.0,0.0,37.0,-96.263,-96.263,-96.263,0.0,0.0,0.213,30.0,7.805,8.78,8.78,-16.0,0.0,-0.0,30.0,6.804,6.804,6.804,0.0,0.0,0.0,31.0
69.1933,1,rev,-85.0,11.9,85.708,-85.0,86.65,-76.0,12.0,-4.554,32.0,-99.82,-100.0,-100.0,16.0,0.0,-0.992,31.0,-99.147,-100.0,-100.0,48.0,5.0,0.0,31.0,-45.2,-45.0,-45.0,-8.0,0.0,0.0,37.0,-96.263,-96.263,-96.263,0.0,0.0,0.104,30.0,7.805,8.78,8.78,-16.0,0.0,-0.0,30.0,6.804,6.804,6.804,0.0,0.0,0.0,31.0
69.2463,1,rev,-85.0,11.9,85.438,-85.0,86.435,-76.0,12.0,-4.334,32.0,-99.82,-100.0,-100.0,16.0,0.0,-0.486,31.0,-99.147,-100.0,-100.0,48.0,5.0,0.0,31.0,-45.2,-45.0,-45.0,-8.0,0.0,0.0,37.0,-96.263,-96.263,-96.263,0.0,0.0,0.051,30.0,7.805,8.78,8.78,-16.0,0.0,-0.0,30.0,6.804,6.804,6.804,0.0,0.0,0.0,31.0
69.2994,1,rev,-85.0,11.9,85.169,-85.0,86.222,-76.0,12.0,-4.85,32.0,-99.82,-100.0,-100.0,16.0,0.0,-0.238,31.0,-99.147,-100.0,-100.0,48.0,5.0,0.0,31.0,-45.2,-45.0,-45.0,-8.0,0.0,0.0,37.0,-96.263,-96.263,-96.263,0.0,0.0,0.025,30.0,7.805,8.78,8.78,-16.0,0.0,-0.0,30.0,6.804,6.804,6.804,0.0,0.0,0.0,31.0
69.3516,1,rev,-85.0,11.9,85.079,-85.0,86.009,-76.0,12.0,-3.387,32.0,-99.82,-100.0,-100.0,16.0,0.0,-0.117,31.0,-99.147,-100.0,-100.0,48.0,5.0,0.0,31.0,-45.2,-45.0,-45.0,-8.0,0.0,0.0,37.0,-96.332,-96.263,-96.263,0.0,0.0,-0.536,30.0,7.805,8.78,8.78,-16.0,0.0,-0.0,30.0,6.804,6.804,6.804,0.0,0.0,0.0,31.0
69.4048,1,rev,-85.0,11.9,84.899,-85.0,85.796,-76.0,12.0,-3.364,32.0,-99.82,-100.0,-100.0,16.0,0.0,-0.057,31.0,-99.147,-100.0,-100.0,48.0,5.0,0.0,31.0,-45.2,-45.0,-45.0,-8.0,0.0,0.0,37.0,-96.332,-96.263,-96.263,0.0,0.0,-0.263,30.0,7.805,8.78,8.78,-16.0,0.0,-0.0,30.0,6.804,6.804,6.804,0.0,0.0,0.0,31.0
69.4578,1,rev,-85.0,11.9,84.809,-85.0,85.58,-76.0,12.0,-3.354,32.0,-99.82,-100.0,-100.0,16.0,0.0,-0.04,31.0,-99.147,-100.0,-100.0,48.0,5.0,0.0,31.0,-45.2,-45.0,-45.0,-8.0,0.0,0.0,37.0,-96.332,-96.263,-96.263,0.0,0.0,-0.184,30.0,7.805,8.78,8.78,-16.0,0.0,-0.0,30.0,6.804,6.804,6.804,0.0,0.0,0.0,31.0
69.5119,1,rev,-85.0,11.9,84.449,-85.0,85.365,-76.0,12.0,-3.859,32.0,-99.82,-100.0,-100.0,16.0,0.0,-0.014,31.0,-99.147,-100.0,-100.0,48.0,5.0,0.0,31.0,-45.2,-45.0,-45.0,-8.0,0.0,0.0,37.0,-96.263,-96.263,-96.263,0.0,0.0,0.317,30.0,7.805,8.78,8.78,-16.0,0.0,-0.0,30.0,6.804,6.804,6.804,0.0,0.0,0.0,31.0
69.5653,1,rev,-85.0,11.9,84.449,-85.0,85.138,-68.0,8.0,-3.859,33.0,-99.82,-100.0,-100.0,8.0,0.0,-0.014,31.0,-99.147,-100.0,-100.0,48.0,4.0,0.0,31.0,-45.2,-45.0,-45.0,-8.0,0.0,0.0,37.0,-96.263,-96.263,-96.263,8.0,0.0,0.317,30.0,7.805,8.78,8.78,-16.0,1.0,-0.0,31.0,6.804,6.804,6.804,0.0,0.0,0.0,31.0
69.6177,1,rev,-85.0,11.9,84.27,-85.0,85.02,-68.0,8.0,-3.22,33.0,-99.82,-100.0,-100.0,8.0,0.0,-0.007,31.0,-99.147,-100.0,-100.0,48.0,4.0,0.0,31.0,-45.2,-45.0,-45.0,-8.0,0.0,0.0,37.0,-96.263,-96.263,-96.263,8.0,0.0,0.155,30.0,7.805,8.78,8.78,-16.0,1.0,-0.0,31.0,6.804,6.804,6.804,0.0,0.0,0.0,31.0
69.6713,1,rev,-85.0,11.9,83.82,-85.0,84.796,-68.0,8.0,-5.534,33.0,-99.82,-100.0,-100.0,8.0,0.0,-0.003,31.0,-99.147,-100.0,-100.0,48.0,4.0,0.0,31.0,-45.2,-45.0,-45.0,-8.0,0.0,0.0,37.0,-96.263,-96.263,-96.263,8.0,0.0,0.076,30.0,7.805,8.78,8.78,-16.0,1.0,-0.0,31.0,6.804,6.804,6.804,0.0,0.0,0.0,31.0
69.7236,1,rev,-85.0,11.9,83.64,-85.0,84.58,-68.0,8.0,-4.42,33.0,-99.82,-100.0,-100.0,8.0,0.0,-0.002,31.0,-99.147,-100.0,-100.0,48.0,4.0,0.0,31.0,-45.2,-45.0,-45.0,-8.0,0.0,0.0,37.0,-96.332,-96.263,-96.263,8.0,0.0,-0.493,30.0,7.805,8.78,8.78,-16.0,1.0,-0.0,31.0,6.804,6.804,6.804,0.0,0.0,0.0,31.0
69.7769,1,rev,-85.0,11.9,83.551,-85.0,84.368,-68.0,8.0,-3.167,33.0,-99.82,-100.0,-100.0,8.0,0.0,-0.001,31.0,-99.147,-100.0,-100.0,48.0,4.0,0.0,31.0,-45.2,-45.0,-45.0,-8.0,0.0,0.0,37.0,-96.332,-96.263,-96.263,8.0,0.0,-0.241,30.0,7.805,8.78,8.78,-16.0,1.0,-0.0,31.0,6.804,6.804,6.804,0.0,0.0,0.0,31.0
69.8301,1,rev,-85.0,11.9,83.191,-85.0,84.152,-68.0,8.0,-5.275,33.0,-99.82,-100.0,-100.0,8.0,0.0,-0.0,31.0,-99.147,-100.0,-100.0,48.0,4.0,0.0,31.0,-45.2,-45.0,-45.0,-8.0,0.0,0.0,37.0,-96.263,-96.263,-96.263,8.0,0.0,0.658,30.0,7.805,8.78,8.78,-16.0,1.0,-0.0,31.0,6.804,6.804,6.804,0.0,0.0,0.0,31.0
69.8832,1,rev,-85.0,11.9,83.011,-85.0,83.938,-68.0,8.0,-4.004,33.0,-99.82,-100.0,-100.0,8.0,0.0,-0.0,31.0,-99.147,-100.0,-100.0,48.0,4.0,0.0,31.0,-45.2,-45.0,-45.0,-8.0,0.0,0.0,37.0,-96.263,-96.263,-96.263,8.0,0.0,0.322,30.0,7.805,8.78,8.78,-16.0,1.0,-0.0,31.0,6.804,6.804,6.804,0.0,0.0,0.0,31.0
69.9363,1,rev,-85.0,11.9,82.921,-85.0,83.725,-68.0,8.0,-2.98,33.0,-99.82,-100.0,-100.0,8.0,0.0,-0.0,31.0,-99.147,-100.0,-100.0,48.0,4.0,0.0,31.0,-45.2,-45.0,-45.0,-8.0,0.0,0.0,37.0,-96.263,-96.263,-96.263,8.0,0.0,0.158,30.0,7.805,8.78,8.78,-16.0,1.0,-0.0,31.0,6.804,6.804,6.804,0.0,0.0,0.0,31.0
69.9886,1,rev,-85.0,11.9,82.472,-85.0,83.512,-68.0,8.0,-5.603,33.0,-99.82,-100.0,-100.0,8.0,0.0,-0.0,31.0,-99.147,-100.0,-100.0,48.0,4.0,0.0,31.0,-45.2,-45.0,-45.0,-8.0,0.0,0.0,37.0,-96.263,-96.263,-96.263,8.0,0.0,0.077,30.0,7.805,8.78,8.78,-16.0,1.0,-0.0,31.0,6.804,6.804,6.804,0.0,0.0,0.0,31.0
70.0418,1,rev,-85.0,11.9,82.292,-85.0,83.298,-68.0,8.0,-4.761,33.0,-100.0,-100.0,-100.0,8.0,0.0,-2.02,31.0,-99.147,-100.0,-100.0,48.0,4.0,0.0,31.0,-45.2,-45.0,-45.0,-8.0,0.0,0.0,37.0,-96.332,-96.263,-96.263,8.0,0.0,-0.506,30.0,7.805,8.78,8.78,-16.0,1.0,-0.0,31.0,6.804,6.804,6.804,0.0,0.0,0.0,31.0
70.0946,1,rev,-85.0,11.9,82.292,-85.0,83.083,-68.0,8.0,-2.333,33.0,-100.0,-100.0,-100.0,8.0,0.0,-0.99,31.0,-99.147,-100.0,-100.0,48.0,4.0,0.0,31.0,-45.2,-45.0,-45.0,-8.0,0.0,0.0,37.0,-96.332,-96.263,-96.263,8.0,0.0,-0.248,30.0,7.805,8.78,8.78,-16.0,1.0,-0.0,31.0,6.804,6.804,6.804,0.0,0.0,0.0,31.0
70.1479,1,rev,-85.0,11.9,82.112,-85.0,82.854,-64.0,7.0,-2.577,33.0,-100.0,-100.0,-100.0,0.0,0.0,-0.693,31.0,-99.147,-100.0,-100.0,48.0,5.0,0.0,31.0,-45.2,-45.0,-45.0,-8.0,0.0,0.0,37.0,-96.263,-96.263,-96.263,12.0,0.0,0.19,30.0,7.805,8.78,8.78,-16.0,0.0,-0.0,30.0,6.804,6.804,6.804,0.0,0.0,0.0,31.0
70.2005,1,rev,-85.0,11.9,81.843,-85.0,82.641,-64.0,7.0,-3.702,33.0,-100.0,-100.0,-100.0,0.0,0.0,-0.34,31.0,-99.147,-100.0,-100.0,48.0,5.0,0.0,31.0,-45.2,-45.0,-45.0,-8.0,0.0,0.0,37.0,-96.263,-96.263,-96.263,12.0,0.0,0.093,30.0,7.805,8.78,8.78,-16.0,0.0,-0.0,30.0,6.804,6.804,6.804,0.0,0.0,0.0,31.0
70.254,1,rev,-85.0,11.9,81.573,-85.0,82.427,-64.0,7.0,-4.23,33.0,-100.0,-100.0,-100.0,0.0,0.0,-0.166,31.0,-99.147,-100.0,-100.0,48.0,5.0,0.0,31.0,-45.2,-45.0,-45.0,-8.0,0.0,0.0,37.0,-96.332,-96.263,-96.263,12.0,0.0,-0.736,30.0,7.805,8.78,8.78,-16.0,0.0,-0.0,30.0,6.804,6.804,6.804,0.0,0.0,0.0,31.0
70.3065,1,rev,-85.0,11.9,81.303,-85.0,82.213,-64.0,7.0,-4.75,33.0,-100.0,-100.0,-100.0,0.0,0.0,-0.082,31.0,-99.147,-100.0,-100.0,48.0,5.0,0.0,31.0,-45.2,-45.0,-45.0,-8.0,0.0,0.0,37.0,-96.332,-96.263,-96.263,12.0,0.0,-0.361,30.0,7.805,8.78,8.78,-16.0,0.0,-0.0,30.0,6.804,6.804,6.804,0.0,0.0,0.0,31.0
70.3601,1,rev,-85.0,11.9,81.034,-85.0,81.998,-64.0,7.0,-5.073,33.0,-100.0,-100.0,-100.0,0.0,0.0,-0.04,31.0,-99.147,-100.0,-100.0,48.0,5.0,0.0,31.0,-45.2,-45.0,-45.0,-8.0,0.0,0.0,37.0,-96.332,-96.263,-96.263,12.0,0.0,-0.177,30.0,7.805,8.78,8.78,-16.0,0.0,-0.0,30.0,6.804,6.804,6.804,0.0,0.0,0.0,31.0
70.4131,1,rev,-85.0,11.9,80.764,-85.0,81.784,-64.0,7.0,-4.897,33.0,-100.0,-100.0,-100.0,0.0,0.0,-0.02,31.0,-99.147,-100.0,-100.0,48.0,5.0,0.0,31.0,-45.2,-45.0,-45.0,-8.0,0.0,0.0,37.0,-96.263,-96.263,-96.263,12.0,0.0,0.451,30.0,7.805,8.78,8.78,-16.0,0.0,-0.0,30.0,6.804,6.804,6.804,0.0,0.0,0.0,31.0
70.4665,1,rev,-85.0,11.9,80.764,-85.0,81.572,-64.0,7.0,-2.399,33.0,-100.0,-100.0,-100.0,0.0,0.0,-0.01,31.0,-99.147,-100.0,-100.0,48.0,5.0,0.0,31.0,-45.2,-45.0,-45.0,-8.0,0.0,0.0,37.0,-96.263,-96.263,-96.263,12.0,0.0,0.221,30.0,7.805,8.78,8.78,-16.0,0.0,-0.0,30.0,6.804,6.804,6.804,0.0,0.0,0.0,31.0
70.5214,1,rev,-85.0,11.9,80.404,-85.0,81.358,-64.0,7.0,-4.607,33.0,-100.0,-100.0,-100.0,0.0,0.0,-0.005,31.0,-99.147,-100.0,-100.0,48.0,5.0,0.0,31.0,-45.2,-45.0,-45.0,-8.0,0.0,0.0,37.0,-96.263,-96.263,-96.263,12.0,0.0,0.108,30.0,7.805,8.78,8.78,-16.0,0.0,-0.0,30.0,6.804,6.804,6.804,0.0,0.0,0.0,31.0
70.5752,1,rev,-85.0,11.9,80.225,-85.0,81.144,-64.0,7.0,-3.676,33.0,-100.0,-100.0,-100.0,0.0,0.0,-0.002,31.0,-99.147,-100.0,-100.0,48.0,5.0,0.0,31.0,-45.2,-45.0,-45.0,-8.0,0.0,0.0,37.0,-96.332,-96.263,-96.263,12.0,0.0,-0.493,30.0,7.805,8.78,8.78,-16.0,0.0,-0.0,30.0,6.804,6.804,6.804,0.0,0.0,0.0,31.0
70.6276,1,rev,-85.0,11.9,80.135,-85.0,80.931,-64.0,7.0,-2.509,33.0,-100.0,-100.0,-100.0,0.0,0.0,-0.001,31.0,-99.147,-100.0,-100.0,48.0,5.0,0.0,31.0,-45.2,-45.0,-45.0,-8.0,0.0,0.0,37.0,-96.332,-96.263,-96.263,12.0,0.0,-0.242,30.0,7.805,8.78,8.78,-16.0,0.0,-0.0,30.0,6.804,6.804,6.804,0.0,0.0,0.0,31.0
70.6809,1,rev,-85.0,11.9,80.045,-85.0,80.824,-64.0,7.0,-2.763,33.0,-100.0,-100.0,-100.0,-8.0,0.0,-0.001,31.0,-99.147,-100.0,-100.0,48.0,5.0,0.0,31.0,-45.2,-45.0,-45.0,-8.0,0.0,0.0,37.0,-96.332,-96.263,-96.263,0.0,0.0,-0.169,30.0,7.805,8.78,8.78,-16.0,1.0,-0.0,30.0,6.804,6.804,6.804,0.0,0.0,0.0,31.0
70.734,1,rev,-85.0,11.9,79.596,-85.0,80.49,-64.0,7.0,-3.694,33.0,-100.0,-100.0,-100.0,-8.0,0.0,-0.0,31.0,-99.147,-100.0,-100.0,48.0,5.0,0.0,31.0,-45.2,-45.0,-45.0,-8.0,0.0,0.0,37.0,-96.263,-96.263,-96.263,0.0,0.0,0.173,30.0,7.805,8.78,8.78,-16.0,1.0,-0.0,30.0,6.804,6.804,6.804,0.0,0.0,0.0,31.0
70.7865,1,rev,-85.0,11.9,79.326,-85.0,80.277,-64.0,7.0,-4.248,33.0,-100.0,-100.0,-100.0,-8.0,0.0,-0.0,31.0,-99.147,-100.0,-100.0,48.0,5.0,0.0,31.0,-45.2,-45.0,-45.0,-8.0,0.0,0.0,37.0,-96.263,-96.263,-96.263,0.0,0.0,0.085,30.0,7.805,8.78,8.78,-16.0,1.0,-0.0,30.0,6.804,6.804,6.804,0.0,0.0,0.0,31.0
70.8398,1,rev,-85.0,11.9,79.236,-85.0,80.065,-64.0,7.0,-3.102,33.0,-100.0,-100.0,-100.0,-8.0,0.0,-0.0,31.0,-99.147,-100.0,-100.0,48.0,5.0,0.0,31.0,-45.2,-45.0,-45.0,-8.0,0.0,0.0,37.0,-96.332,-96.263,-96.263,0.0,0.0,-0.744,30.0,7.805,8.78,8.78,-16.0,1.0,-0.0,30.0,6.804,6.804,6.804,0.0,0.0,0.0,31.0
70.8925,1,rev,-85.0,11.9,78.966,-85.0,79.853,-64.0,7.0,-4.26,33.0,-100.0,-100.0,-100.0,-8.0,0.0,-0.0,31.0,-99.147,-100.0,-100.0,48.0,5.0,0.0,31.0,-45.2,-45.0,-45.0,-8.0,0.0,0.0,37.0,-96.332,-96.263,-96.263,0.0,0.0,-0.364,30.0,7.805,8.78,8.78,-16.0,1.0,-0.0,30.0,6.804,6.804,6.804,0.0,0.0,0.0,31.0
70.945,1,rev,-85.0,11.9,78.697,-85.0,79.64,-64.0,7.0,-4.504,33.0,-100.0,-100.0,-100.0,-8.0,0.0,-0.0,31.0,-99.147,-100.0,-100.0,48.0,5.0,0.0,31.0,-45.2,-45.0,-45.0,-8.0,0.0,0.0,37.0,-96.332,-96.263,-96.263,0.0,0.0,-0.179,30.0,7.805,8.78,8.78,-16.0,1.0,-0.0,30.0,6.804,6.804,6.804,0.0,0.0,0.0,31.0
70.9983,1,rev,-85.0,11.9,78.427,-85.0,79.426,-64.0,7.0,-4.941,33.0,-100.0,-100.0,-100.0,-8.0,0.0,-0.0,31.0,-99.147,-100.0,-100.0,48.0,5.0,0.0,31.0,-45.2,-45.0,-45.0,-8.0,0.0,0.0,37.0,-96.263,-96.263,-96.263,0.0,0.0,0.693,30.0,7.805,8.78,8.78,-16.0,1.0,-0.0,30.0,6.804,6.804,6.804,0.0,0.0,0.0,31.0
71.0505,1,rev,-85.0,11.9,78.157,-85.0,79.213,-64.0,7.0,-5.164,33.0,-100.0,-100.0,-100.0,-8.0,0.0,-0.0,31.0,-99.147,-100.0,-100.0,48.0,5.0,0.0,31.0,-45.2,-45.0,-45.0,-8.0,0.0,0.0,37.0,-96.263,-96.263,-96.263,0.0,0.0,0.339,30.0,7.805,8.78,8.78,-16.0,1.0,-0.0,30.0,6.804,6.804,6.804,0.0,0.0,0.0,31.0
71.1038,1,rev,-85.0,11.9,77.888,-85.0,79.0,-64.0,7.0,-4.924,33.0,-100.0,-100.0,-100.0,-8.0,0.0,-0.0,31.0,-99.147,-100.0,-100.0,48.0,5.0,0.0,31.0,-45.2,-45.0,-45.0,-8.0,0.0,0.0,37.0,-96.263,-96.263,-96.263,0.0,0.0,0.166,30.0,7.805,8.78,8.78,-16.0,1.0,-0.0,30.0,6.804,6.804,6.804,0.0,0.0,0.0,31.0
71.157,1,rev,-85.0,11.9,77.888,-85.0,78.783,-64.0,7.0,-2.413,33.0,-100.0,-100.0,-100.0,-8.0,0.0,-0.0,31.0,-99.147,-100.0,-100.0,48.0,5.0,0.0,31.0,-45.2,-45.0,-45.0,-8.0,0.0,0.0,37.0,-96.332,-96.263,-96.263,0.0,0.0,-0.704,30.0,7.805,8.78,8.78,-16.0,1.0,-0.0,30.0,6.804,6.804,6.804,0.0,0.0,0.0,31.0
71.2102,1,rev,-85.0,11.9,77.618,-85.0,78.571,-64.0,7.0,-3.924,33.0,-100.0,-100.0,-100.0,-8.0,0.0,-0.0,31.0,-99.147,-100.0,-100.0,48.0,5.0,0.0,31.0,-45.2,-45.0,-45.0,-8.0,0.0,0.0,37.0,-96.332,-96.263,-96.263,0.0,0.0,-0.345,30.0,7.805,8.78,8.78,-16.0,1.0,-0.0,30.0,6.804,6.804,6.804,0.0,0.0,0.0,31.0
71.2639,1,rev,-85.0,11.9,77.618,-85.0,78.34,-72.0,10.0,-3.924,33.0,-100.0,-100.0,-100.0,-8.0,0.0,-0.0,31.0,-99.147,-100.0,-100.0,48.0,5.0,0.0,31.0,-45.2,-45.0,-45.0,-8.0,0.0,0.0,37.0,-96.332,-96.263,-96.263,0.0,0.0,-0.345,30.0,7.805,8.78,8.78,-16.0,0.0,-0.0,30.0,6.804,6.804,6.804,0.0,0.0,0.0,31.0
71.3174,1,rev,-85.0,11.9,77.348,-85.0,78.118,-72.0,10.0,-3.565,33.0,-100.0,-100.0,-100.0,-8.0,0.0,-0.0,31.0,-99.147,-100.0,-100.0,48.0,5.0,0.0,31.0,-45.2,-45.0,-45.0,-8.0,0.0,0.0,37.0,-96.332,-96.263,-96.263,0.0,0.0,-0.169,30.0,7.805,8.78,8.78,-16.0,0.0,-0.0,30.0,6.804,6.804,6.804,0.0,0.0,0.0,31.0
71.3709,1,rev,-85.0,11.9,77.169,-85.0,77.904,-72.0,10.0,-3.465,33.0,-100.0,-100.0,-100.0,-8.0,0.0,-0.0,31.0,-99.147,-100.0,-100.0,48.0,5.0,0.0,31.0,-45.2,-45.0,-45.0,-8.0,0.0,0.0,37.0,-96.263,-96.263,-96.263,0.0,0.0,0.455,30.0,7.805,8.78,8.78,-16.0,0.0,-0.0,30.0,6.804,6.804,6.804,0.0,0.0,0.0,31.0
71.4242,1,rev,-85.0,11.9,76.899,-85.0,77.689,-72.0,10.0,-4.105,33.0,-100.0,-100.0,-100.0,-8.0,0.0,-0.0,31.0,-99.147,-100.0,-100.0,48.0,5.0,0.0,31.0,-45.2,-45.0,-45.0,-8.0,0.0,0.0,37.0,-96.332,-96.263,-96.263,0.0,0.0,-0.551,30.0,7.805,8.78,8.78,-16.0,0.0,-0.0,30.0,6.804,6.804,6.804,0.0,0.0,0.0,31.0
71.4764,1,rev,-85.0,11.9,76.539,-85.0,77.583,-72.0,10.0,-5.453,33.0,-100.0,-100.0,-100.0,-8.0,0.0,-0.0,31.0,-99.147,-100.0,-100.0,48.0,5.0,0.0,31.0,-45.2,-45.0,-45.0,-8.0,0.0,0.0,37.0,-96.332,-96.263,-96.263,0.0,0.0,-0.27,30.0,7.805,8.78,8.78,-16.0,0.0,-0.0,30.0,6.804,6.804,6.804,0.0,0.0,0.0,31.0
71.5296,1,rev,-85.0,11.9,76.449,-85.0,77.358,-72.0,10.0,-3.311,33.0,-100.0,-100.0,-100.0,-8.0,0.0,-0.0,31.0,-99.147,-100.0,-100.0,48.0,5.0,0.0,31.0,-45.2,-45.0,-45.0,-8.0,0.0,0.0,37.0,-96.332,-96.263,-96.263,0.0,0.0,-0.132,30.0,7.805,8.78,8.78,-16.0,0.0,-0.0,30.0,6.804,6.804,6.804,0.0,0.0,0.0,31.0
71.5829,1,rev,-85.0,11.9,76.27,-85.0,77.145,-72.0,10.0,-3.663,33.0,-100.0,-100.0,-100.0,-8.0,0.0,-0.0,31.0,-99.147,-100.0,-100.0,48.0,5.0,0.0,31.0,-45.2,-45.0,-45.0,-8.0,0.0,0.0,37.0,-96.263,-96.263,-96.263,0.0,0.0,0.721,30.0,7.805,8.78,8.78,-16.0,0.0,-0.0,30.0,6.804,6.804,6.804,0.0,0.0,0.0,31.0
71.6361,1,rev,-85.0,11.9,75.91,-85.0,76.933,-72.0,10.0,-5.234,33.0,-100.0,-100.0,-100.0,-8.0,0.0,-0.0,31.0,-99.147,-100.0,-100.0,48.0,5.0,0.0,31.0,-45.2,-45.0,-45.0,-8.0,0.0,0.0,37.0,-96.263,-96.263,-96.263,0.0,0.0,0.353,30.0,7.805,8.78,8.78,-16.0,0.0,-0.0,30.0,6.804,6.804,6.804,0.0,0.0,0.0,31.0
71.6892,1,rev,-85.0,11.9,75.73,-85.0,76.719,-72.0,10.0,-4.283,33.0,-100.0,-100.0,-100.0,-8.0,0.0,-0.0,31.0,-99.147,-100.0,-100.0,48.0,5.0,0.0,31.0,-45.2,-45.0,-45.0,-8.0,0.0,0.0,37.0,-96.332,-96.263,-96.263,0.0,0.0,-0.607,30.0,7.805,8.78,8.78,-16.0,0.0,-0.0,30.0,6.804,6.804,6.804,0.0,0.0,0.0,31.0
71.742,1,rev,-85.0,11.9,75.551,-85.0,76.505,-72.0,10.0,-4.115,33.0,-100.0,-100.0,-100.0,-8.0,0.0,-0.0,31.0,-99.147,-100.0,-100.0,48.0,5.0,0.0,31.0,-45.2,-45.0,-45.0,-8.0,0.0,0.0,37.0,-96.332,-96.263,-96.263,0.0,0.0,-0.297,30.0,7.805,8.78,8.78,-16.0,0.0,-0.0,30.0,6.804,6.804,6.804,0.0,0.0,0.0,31.0
71.7952,1,rev,-85.0,11.9,75.281,-85.0,76.291,-72.0,10.0,-4.44,33.0,-100.0,-100.0,-100.0,-8.0,0.0,-0.0,31.0,-99.147,-100.0,-100.0,48.0,5.0,0.0,31.0,-45.2,-45.0,-45.0,-8.0,0.0,0.0,37.0,-96.332,-96.263,-96.263,0.0,0.0,-0.146,30.0,7.805,8.78,8.78,-16.0,0.0,-0.0,30.0,6.804,6.804,6.804,0.0,0.0,0.0,31.0
71.8474,1,rev,-85.0,11.9,75.101,-85.0,76.054,-76.0,10.0,-4.019,33.0,-100.0,-100.0,-100.0,-8.0,0.0,-0.0,31.0,-99.147,-100.0,-100.0,48.0,5.0,0.0,31.0,-45.2,-45.0,-45.0,-8.0,0.0,0.0,37.0,-96.332,-96.263,-96.263,0.0,0.0,-0.102,30.0,7.805,8.78,8.78,-16.0,0.0,-0.0,30.0,6.804,6.804,6.804,0.0,0.0,0.0,31.0
71.8998,1,rev,-85.0,11.9,75.011,-85.0,75.84,-76.0,10.0,-2.671,33.0,-100.0,-100.0,-100.0,-8.0,0.0,-0.0,31.0,-99.147,-100.0,-100.0,48.0,5.0,0.0,31.0,-45.2,-45.0,-45.0,-8.0,0.0,0.0,37.0,-96.263,-96.263,-96.263,0.0,0.0,0.491,30.0,7.805,8.78,8.78,-16.0,0.0,-0.0,30.0,6.804,6.804,6.804,0.0,0.0,0.0,31.0
71.9531,1,rev,-85.0,11.9,74.831,-85.0,75.626,-76.0,10.0,-3.034,33.0,-100.0,-100.0,-100.0,-8.0,0.0,-0.0,31.0,-99.147,-100.0,-100.0,48.0,5.0,0.0,31.0,-45.2,-45.0,-45.0,-8.0,0.0,0.0,37.0,-96.263,-96.263,-96.263,0.0,0.0,0.24,30.0,7.805,8.78,8.78,-16.0,0.0,-0.0,30.0,6.804,6.804,6.804,0.0,0.0,0.0,31.0
72.0054,1,rev,-85.0,11.9,74.472,-85.0,75.413,-76.0,10.0,-4.921,33.0,-100.0,-100.0,-100.0,-8.0,0.0,-0.0,31.0,-99.147,-100.0,-100.0,48.0,5.0,0.0,31.0,-45.2,-45.0,-45.0,-8.0,0.0,0.0,37.0,-96.332,-96.263,-96.263,0.0,0.0,-0.425,30.0,7.805,8.78,8.78,-16.0,0.0,-0.0,30.0,6.804,6.804,6.804,0.0,0.0,0.0,31.0
72.0589,1,rev,-85.0,11.9,74.292,-85.0,75.201,-76.0,10.0,-4.136,33.0,-100.0,-100.0,-100.0,-8.0,0.0,-0.0,31.0,-99.147,-100.0,-100.0,48.0,5.0,0.0,31.0,-45.2,-45.0,-45.0,-8.0,0.0,0.0,37.0,-96.332,-96.263,-96.263,0.0,0.0,-0.208,30.0,7.805,8.78,8.78,-16.0,0.0,-0.0,30.0,6.804,6.804,6.804,0.0,0.0,0.0,31.0
72.1118,1,rev,-85.0,11.9,74.112,-85.0,74.987,-76.0,10.0,-3.741,33.0,-100.0,-100.0,-100.0,-8.0,0.0,-0.0,31.0,-99.147,-100.0,-100.0,48.0,5.0,0.0,31.0,-45.2,-45.0,-45.0,-8.0,0.0,0.0,37.0,-96.332,-96.263,-96.263,0.0,0.0,-0.102,30.0,7.805,8.78,8.78,-16.0,0.0,-0.0,30.0,6.804,6.804,6.804,0.0,0.0,0.0,31.0
72.165,1,rev,-85.0,11.9,73.573,-85.0,74.773,-76.0,10.0,-6.977,33.0,-100.0,-100.0,-100.0,-8.0,0.0,-0.0,31.0,-99.147,-100.0,-100.0,48.0,5.0,0.0,31.0,-45.2,-45.0,-45.0,-8.0,0.0,0.0,37.0,-96.263,-96.263,-96.263,0.0,0.0,0.493,30.0,7.805,8.78,8.78,-16.0,0.0,-0.0,30.0,6.804,6.804,6.804,0.0,0.0,0.0,31.0
72.218,1,rev,-85.0,11.9,73.573,-85.0,74.56,-76.0,10.0,-3.419,33.0,-100.0,-100.0,-100.0,-8.0,0.0,-0.0,31.0,-99.147,-100.0,-100.0,48.0,5.0,0.0,31.0,-45.2,-45.0,-45.0,-8.0,0.0,0.0,37.0,-96.263,-96.263,-96.263,0.0,0.0,0.242,30.0,7.805,8.78,8.78,-16.0,0.0,-0.0,30.0,6.804,6.804,6.804,0.0,0.0,0.0,31.0
72.2706,1,rev,-85.0,11.9,73.393,-85.0,74.346,-76.0,10.0,-3.4,33.0,-100.0,-100.0,-100.0,-8.0,0.0,-0.0,31.0,-99.147,-100.0,-100.0,48.0,5.0,0.0,31.0,-45.2,-45.0,-45.0,-8.0,0.0,0.0,37.0,-96.332,-96.263,-96.263,0.0,0.0,-0.425,30.0,7.805,8.78,8.78,-16.0,0.0,-0.0,30.0,6.804,6.804,6.804,0.0,0.0,0.0,31.0
72.324,1,rev,-85.0,11.9,73.124,-85.0,74.133,-76.0,10.0,-4.393,33.0,-100.0,-100.0,-100.0,-8.0,0.0,-0.0,31.0,-99.147,-100.0,-100.0,48.0,5.0,0.0,31.0,-45.2,-45.0,-45.0,-8.0,0.0,0.0,37.0,-96.332,-96.263,-96.263,0.0,0.0,-0.208,30.0,7.805,8.78,8.78,-16.0,0.0,-0.0,30.0,6.804,6.804,6.804,0.0,0.0,0.0,31.0
72.3773,1,rev,-85.0,11.9,73.034,-85.0,74.026,-88.0,14.0,-4.095,33.0,-100.0,-100.0,-100.0,-8.0,0.0,-0.0,31.0,-99.147,-100.0,-100.0,48.0,5.0,0.0,31.0,-45.2,-45.0,-45.0,-8.0,0.0,0.0,37.0,-96.332,-96.263,-96.263,0.0,0.0,-0.146,30.0,7.805,8.78,8.78,-16.0,0.0,-0.0,31.0,6.804,6.804,6.804,0.0,0.0,0.0,31.0
72.4303,1,rev,-85.0,11.9,72.854,-85.0,73.695,-88.0,14.0,-3.354,33.0,-100.0,-100.0,-100.0,-8.0,0.0,-0.0,31.0,-99.147,-100.0,-100.0,48.0,5.0,0.0,31.0,-45.2,-45.0,-45.0,-8.0,0.0,0.0,37.0,-96.263,-96.263,-96.263,0.0,0.0,0.708,30.0,7.805,8.78,8.78,-16.0,0.0,-0.0,31.0,6.804,6.804,6.804,0.0,0.0,0.0,31.0
72.4824,1,rev,-85.0,11.9,72.584,-85.0,73.483,-88.0,14.0,-4.381,33.0,-100.0,-100.0,-100.0,-8.0,0.0,-0.0,31.0,-99.147,-100.0,-100.0,48.0,5.0,0.0,31.0,-45.2,-45.0,-45.0,-8.0,0.0,0.0,37.0,-96.263,-96.263,-96.263,0.0,0.0,0.347,30.0,7.805,8.78,8.78,-16.0,0.0,-0.0,31.0,6.804,6.804,6.804,0.0,0.0,0.0,31.0
72.5356,1,rev,-85.0,11.9,72.225,-85.0,73.269,-88.0,14.0,-5.582,33.0,-100.0,-100.0,-100.0,-8.0,0.0,-0.0,31.0,-99.147,-100.0,-100.0,48.0,5.0,0.0,31.0,-45.2,-45.0,-45.0,-8.0,0.0,0.0,37.0,-96.263,-96.263,-96.263,0.0,0.0,0.17,30.0,7.805,8.78,8.78,-16.0,0.0,-0.0,31.0,6.804,6.804,6.804,0.0,0.0,0.0,31.0
72.5878,1,rev,-85.0,11.9,72.135,-85.0,73.054,-88.0,14.0,-4.903,33.0,-100.0,-100.0,-100.0,-8.0,0.0,-0.0,31.0,-99.147,-100.0,-100.0,48.0,5.0,0.0,31.0,-45.2,-45.0,-45.0,-8.0,0.0,0.0,37.0,-96.332,-96.263,-96.263,0.0,0.0,-0.647,30.0,7.805,8.78,8.78,-16.0,0.0,-0.0,31.0,6.804,6.804,6.804,0.0,0.0,0.0,31.0
72.6412,1,rev,-85.0,11.9,72.045,-85.0,72.828,-88.0,14.0,-3.407,33.0,-100.0,-100.0,-100.0,-8.0,0.0,-0.0,31.0,-99.147,-100.0,-100.0,48.0,5.0,0.0,31.0,-45.2,-45.0,-45.0,-8.0,0.0,0.0,37.0,-96.332,-96.263,-96.263,0.0,0.0,-0.317,30.0,7.805,8.78,8.78,-16.0,0.0,-0.0,31.0,6.804,6.804,6.804,0.0,0.0,0.0,31.0
72.6935,1,rev,-85.0,11.9,71.775,-85.0,72.715,-88.0,14.0,-4.365,33.0,-100.0,-100.0,-100.0,-8.0,0.0,-0.0,31.0,-99.147,-100.0,-100.0,48.0,5.0,0.0,31.0,-45.2,-45.0,-45.0,-8.0,0.0,0.0,37.0,-96.332,-96.263,-96.263,0.0,0.0,-0.155,30.0,7.805,8.78,8.78,-16.0,0.0,-0.0,31.0,6.804,6.804,6.804,0.0,0.0,0.0,31.0
72.7474,1,rev,-85.0,11.9,71.506,-85.0,72.491,-88.0,14.0,-4.427,33.0,-100.0,-100.0,-100.0,-8.0,0.0,-0.0,31.0,-99.147,-100.0,-100.0,48.0,5.0,0.0,31.0,-45.2,-45.0,-45.0,-8.0,0.0,0.0,37.0,-96.332,-96.263,-96.263,0.0,0.0,-0.076,30.0,7.805,8.78,8.78,-16.0,0.0,-0.0,31.0,6.804,6.804,6.804,0.0,0.0,0.0,31.0
72.8008,1,rev,-85.0,11.9,71.236,-85.0,72.277,-88.0,14.0,-4.902,33.0,-100.0,-100.0,-100.0,-8.0,0.0,-0.0,31.0,-99.147,-100.0,-100.0,48.0,5.0,0.0,31.0,-45.2,-45.0,-45.0,-8.0,0.0,0.0,37.0,-96.263,-96.263,-96.263,0.0,0.0,0.507,30.0,7.805,8.78,8.78,-16.0,0.0,-0.0,31.0,6.804,6.804,6.804,0.0,0.0,0.0,31.0
72.8544,1,rev,-85.0,11.9,70.966,-85.0,72.062,-88.0,14.0,-5.115,33.0,-100.0,-100.0,-100.0,-8.0,0.0,-0.0,31.0,-99.147,-100.0,-100.0,48.0,5.0,0.0,31.0,-45.2,-45.0,-45.0,-8.0,0.0,0.0,37.0,-96.332,-96.263,-96.263,0.0,0.0,-0.527,30.0,7.805,8.78,8.78,-16.0,0.0,-0.0,31.0,6.804,6.804,6.804,0.0,0.0,0.0,31.0
72.9078,1,rev,-85.0,11.9,70.787,-85.0,71.849,-88.0,14.0,-4.221,33.0,-100.0,-100.0,-100.0,-8.0,0.0,-0.0,31.0,-99.147,-100.0,-100.0,48.0,5.0,0.0,31.0,-45.2,-45.0,-45.0,-8.0,0.0,0.0,37.0,-96.332,-96.263,-96.263,0.0,0.0,-0.258,30.0,7.805,8.78,8.78,-16.0,0.0,-0.0,31.0,6.804,6.804,6.804,0.0,0.0,0.0,31.0
72.9606,1,rev,-85.0,11.9,70.697,-85.0,71.741,-76.0,11.0,-3.956,33.0,-100.0,-100.0,-100.0,-8.0,1.0,-0.0,31.0,-99.147,-100.0,-100.0,48.0,4.0,0.0,31.0,-45.2,-45.0,-45.0,-8.0,0.0,0.0,37.0,-96.332,-96.263,-96.263,0.0,0.0,-0.181,30.0,7.805,8.78,8.78,-16.0,0.0,-0.0,30.0,6.804,6.804,6.804,0.0,1.0,0.0,31.0
73.0139,1,rev,-85.0,11.9,70.607,-85.0,71.405,-76.0,11.0,-2.268,33.0,-100.0,-100.0,-100.0,-8.0,1.0,-0.0,31.0,-99.147,-100.0,-100.0,48.0,4.0,0.0,31.0,-45.2,-45.0,-45.0,-8.0,0.0,0.0,37.0,-96.332,-96.263,-96.263,0.0,0.0,-0.089,30.0,7.805,8.78,8.78,-16.0,0.0,-0.0,30.0,6.804,6.804,6.804,0.0,1.0,0.0,31.0
73.0674,1,rev,-85.0,11.9,70.247,-85.0,71.193,-76.0,11.0,-4.584,33.0,-100.0,-100.0,-100.0,-8.0,1.0,-0.0,31.0,-99.147,-100.0,-100.0,48.0,4.0,0.0,31.0,-45.2,-45.0,-45.0,-8.0,0.0,0.0,37.0,-96.263,-96.263,-96.263,0.0,0.0,0.509,30.0,7.805,8.78,8.78,-16.0,0.0,-0.0,30.0,6.804,6.804,6.804,0.0,1.0,0.0,31.0
73.1196,1,rev,-85.0,11.9,70.067,-85.0,70.98,-76.0,11.0,-3.976,33.0,-100.0,-100.0,-100.0,-8.0,1.0,-0.0,31.0,-99.147,-100.0,-100.0,48.0,4.0,0.0,31.0,-45.2,-45.0,-45.0,-8.0,0.0,0.0,37.0,-96.332,-96.263,-96.263,0.0,0.0,-0.538,30.0,7.805,8.78,8.78,-16.0,0.0,-0.0,30.0,6.804,6.804,6.804,0.0,1.0,0.0,31.0
73.1731,1,rev,-85.0,11.9,69.888,-85.0,70.768,-76.0,11.0,-3.679,33.0,-100.0,-100.0,-100.0,-8.0,1.0,-0.0,31.0,-99.147,-100.0,-100.0,48.0,4.0,0.0,31.0,-45.2,-45.0,-45.0,-8.0,0.0,0.0,37.0,-96.332,-96.263,-96.263,0.0,0.0,-0.264,30.0,7.805,8.78,8.78,-16.0,0.0,-0.0,30.0,6.804,6.804,6.804,0.0,1.0,0.0,31.0
73.2264,1,rev,-85.0,11.9,69.438,-85.0,70.556,-76.0,11.0,-6.248,33.0,-100.0,-100.0,-100.0,-8.0,1.0,-0.0,31.0,-99.147,-100.0,-100.0,48.0,4.0,0.0,31.0,-45.2,-45.0,-45.0,-8.0,0.0,0.0,37.0,-96.332,-96.263,-96.263,0.0,0.0,-0.129,30.0,7.805,8.78,8.78,-16.0,0.0,-0.0,30.0,6.804,6.804,6.804,0.0,1.0,0.0,31.0
73.2799,1,rev,-85.0,11.9,69.258,-85.0,70.343,-76.0,11.0,-5.106,33.0,-100.0,-100.0,-100.0,-8.0,1.0,-0.0,31.0,-99.147,-100.0,-100.0,48.0,4.0,0.0,31.0,-45.2,-45.0,-45.0,-8.0,0.0,0.0,37.0,-96.332,-96.263,-96.263,0.0,0.0,-0.063,30.0,7.805,8.78,8.78,-16.0,0.0,-0.0,30.0,6.804,6.804,6.804,0.0,1.0,0.0,31.0
73.3325,1,rev,-85.0,11.9,69.169,-85.0,70.132,-76.0,11.0,-3.448,33.0,-100.0,-100.0,-100.0,-8.0,1.0,-0.0,31.0,-99.147,-100.0,-100.0,48.0,4.0,0.0,31.0,-45.2,-45.0,-45.0,-8.0,0.0,0.0,37.0,-96.263,-96.263,-96.263,0.0,0.0,0.697,30.0,7.805,8.78,8.78,-16.0,0.0,-0.0,30.0,6.804,6.804,6.804,0.0,1.0,0.0,31.0
73.3859,1,rev,-85.0,11.9,68.899,-85.0,69.912,-76.0,11.0,-4.438,33.0,-100.0,-100.0,-100.0,-8.0,1.0,-0.0,31.0,-99.147,-100.0,-100.0,48.0,4.0,0.0,31.0,-45.2,-45.0,-45.0,-8.0,0.0,0.0,37.0,-96.263,-96.263,-96.263,0.0,0.0,0.342,30.0,7.805,8.78,8.78,-16.0,0.0,-0.0,30.0,6.804,6.804,6.804,0.0,1.0,0.0,31.0
73.4394,1,rev,-85.0,11.9,68.719,-85.0,69.7,-76.0,11.0,-3.896,33.0,-100.0,-100.0,-100.0,-8.0,1.0,-0.0,31.0,-99.147,-100.0,-100.0,48.0,4.0,0.0,31.0,-45.2,-45.0,-45.0,-8.0,0.0,0.0,37.0,-96.332,-96.263,-96.263,0.0,0.0,-0.379,30.0,7.805,8.78,8.78,-16.0,0.0,-0.0,30.0,6.804,6.804,6.804,0.0,1.0,0.0,31.0
73.4929,1,rev,-85.0,11.9,68.539,-85.0,69.487,-76.0,11.0,-3.328,33.0,-100.0,-100.0,-100.0,-8.0,1.0,-0.0,31.0,-99.147,-100.0,-100.0,48.0,4.0,0.0,31.0,-45.2,-45.0,-45.0,-8.0,0.0,0.0,37.0,-96.332,-96.263,-96.263,0.0,0.0,-0.186,30.0,7.805,8.78,8.78,-16.0,0.0,-0.0,30.0,6.804,6.804,6.804,0.0,1.0,0.0,31.0
73.5464,1,rev,-85.0,11.9,68.36,-85.0,69.245,-68.0,8.0,-3.225,33.0,-100.0,-100.0,-100.0,-8.0,0.0,-0.0,31.0,-99.147,-100.0,-100.0,48.0,4.0,0.0,31.0,-45.2,-45.0,-45.0,-8.0,0.0,0.0,37.0,-96.332,-96.263,-96.263,0.0,0.0,-0.13,30.0,7.805,8.78,8.78,-16.0,0.0,-0.0,31.0,6.804,6.804,6.804,0.0,0.0,0.0,31.0
73.6001,1,rev,-85.0,11.9,68.09,-85.0,69.033,-68.0,8.0,-4.328,33.0,-100.0,-100.0,-100.0,-8.0,0.0,-0.0,31.0,-99.147,-100.0,-100.0,48.0,4.0,0.0,31.0,-45.2,-45.0,-45.0,-8.0,0.0,0.0,37.0,-96.332,-96.263,-96.263,0.0,0.0,-0.064,30.0,7.805,8.78,8.78,-16.0,0.0,-0.0,31.0,6.804,6.804,6.804,0.0,0.0,0.0,31.0
73.6526,1,rev,-85.0,11.9,67.91,-85.0,68.821,-68.0,8.0,-3.85,33.0,-100.0,-100.0,-100.0,-8.0,0.0,-0.0,31.0,-99.147,-100.0,-100.0,48.0,4.0,0.0,31.0,-45.2,-45.0,-45.0,-8.0,0.0,0.0,37.0,-96.332,-96.263,-96.263,0.0,0.0,-0.031,30.0,7.805,8.78,8.78,-16.0,0.0,-0.0,31.0,6.804,6.804,6.804,0.0,0.0,0.0,31.0
73.7061,1,rev,-85.0,11.9,67.73,-85.0,68.609,-68.0,8.0,-3.61,33.0,-100.0,-100.0,-100.0,-8.0,0.0,-0.0,31.0,-99.147,-100.0,-100.0,48.0,4.0,0.0,31.0,-45.2,-45.0,-45.0,-8.0,0.0,0.0,37.0,-96.263,-96.263,-96.263,0.0,0.0,0.531,30.0,7.805,8.78,8.78,-16.0,0.0,-0.0,31.0,6.804,6.804,6.804,0.0,0.0,0.0,31.0
73.7594,1,rev,-85.0,11.9,67.551,-85.0,68.394,-68.0,8.0,-3.791,33.0,-100.0,-100.0,-100.0,-8.0,0.0,-0.0,31.0,-99.147,-100.0,-100.0,48.0,4.0,0.0,31.0,-45.2,-45.0,-45.0,-8.0,0.0,0.0,37.0,-96.332,-96.263,-96.263,0.0,0.0,-0.278,30.0,7.805,8.78,8.78,-16.0,0.0,-0.0,31.0,6.804,6.804,6.804,0.0,0.0,0.0,31.0
73.8125,1,rev,-85.0,11.9,67.191,-85.0,68.181,-68.0,8.0,-5.59,33.0,-100.0,-100.0,-100.0,-8.0,0.0,-0.0,31.0,-99.147,-100.0,-100.0,48.0,4.0,0.0,31.0,-45.2,-45.0,-45.0,-8.0,0.0,0.0,37.0,-96.332,-96.263,-96.263,0.0,0.0,-0.136,30.0,7.805,8.78,8.78,-16.0,0.0,-0.0,31.0,6.804,6.804,6.804,0.0,0.0,0.0,31.0
73.8659,1,rev,-85.0,11.9,67.101,-85.0,67.968,-68.0,8.0,-3.448,33.0,-100.0,-100.0,-100.0,-8.0,0.0,-0.0,31.0,-99.147,-100.0,-100.0,48.0,4.0,0.0,31.0,-45.2,-45.0,-45.0,-8.0,0.0,0.0,37.0,-96.332,-96.263,-96.263,0.0,0.0,-0.067,30.0,7.805,8.78,8.78,-16.0,0.0,-0.0,31.0,6.804,6.804,6.804,0.0,0.0,0.0,31.0
73.9191,1,rev,-85.0,11.9,66.742,-85.0,67.754,-68.0,8.0,-5.122,33.0,-100.0,-100.0,-100.0,-8.0,0.0,-0.0,31.0,-99.147,-100.0,-100.0,48.0,4.0,0.0,31.0,-45.2,-45.0,-45.0,-8.0,0.0,0.0,37.0,-96.263,-96.263,-96.263,0.0,0.0,0.746,30.0,7.805,8.78,8.78,-16.0,0.0,-0.0,31.0,6.804,6.804,6.804,0.0,0.0,0.0,31.0
73.9714,1,rev,-85.0,11.9,66.562,-85.0,67.541,-68.0,8.0,-3.932,33.0,-100.0,-100.0,-100.0,-8.0,0.0,-0.0,31.0,-99.147,-100.0,-100.0,48.0,4.0,0.0,31.0,-45.2,-45.0,-45.0,-8.0,0.0,0.0,37.0,-96.263,-96.263,-96.263,0.0,0.0,0.366,30.0,7.805,8.78,8.78,-16.0,0.0,-0.0,31.0,6.804,6.804,6.804,0.0,0.0,0.0,31.0
74.0249,1,rev,-85.0,11.9,66.292,-85.0,67.329,-68.0,8.0,-4.359,33.0,-100.0,-100.0,-100.0,-8.0,0.0,-0.0,31.0,-99.147,-100.0,-100.0,48.0,4.0,0.0,31.0,-45.2,-45.0,-45.0,-8.0,0.0,0.0,37.0,-96.332,-96.263,-96.263,0.0,0.0,-0.368,30.0,7.805,8.78,8.78,-16.0,0.0,-0.0,31.0,6.804,6.804,6.804,0.0,0.0,0.0,31.0
74.0784,1,rev,-85.0,11.9,66.292,-85.0,67.222,-68.0,9.0,-3.051,33.0,-100.0,-100.0,-100.0,-8.0,0.0,-0.0,31.0,-99.147,-100.0,-100.0,48.0,4.0,0.0,31.0,-45.2,-45.0,-45.0,-8.0,0.0,0.0,37.0,-96.332,-96.263,-96.263,0.0,0.0,-0.258,30.0,7.805,8.78,8.78,-16.0,0.0,-0.0,30.0,6.804,6.804,6.804,0.0,0.0,0.0,31.0
74.1317,1,rev,-85.0,11.9,66.112,-85.0,66.889,-68.0,9.0,-2.827,33.0,-100.0,-100.0,-100.0,-8.0,0.0,-0.0,31.0,-99.147,-100.0,-100.0,48.0,4.0,0.0,31.0,-45.2,-45.0,-45.0,-8.0,0.0,0.0,37.0,-96.332,-96.263,-96.263,0.0,0.0,-0.126,30.0,7.805,8.78,8.78,-16.0,0.0,-0.0,30.0,6.804,6.804,6.804,0.0,0.0,0.0,31.0
74.1849,1,rev,-85.0,11.9,65.753,-85.0,66.673,-68.0,9.0,-4.811,33.0,-100.0,-100.0,-100.0,-8.0,0.0,-0.0,31.0,-99.147,-100.0,-100.0,48.0,4.0,0.0,31.0,-45.2,-45.0,-45.0,-8.0,0.0,0.0,37.0,-96.332,-96.263,-96.263,0.0,0.0,-0.062,30.0,7.805,8.78,8.78,-16.0,0.0,-0.0,30.0,6.804,6.804,6.804,0.0,0.0,0.0,31.0
74.238,1,rev,-85.0,11.9,65.663,-85.0,66.46,-68.0,9.0,-3.068,33.0,-100.0,-100.0,-100.0,-8.0,0.0,-0.0,31.0,-99.147,-100.0,-100.0,48.0,4.0,0.0,31.0,-45.2,-45.0,-45.0,-8.0,0.0,0.0,37.0,-96.332,-96.263,-96.263,0.0,0.0,-0.03,30.0,7.805,8.78,8.78,-16.0,0.0,-0.0,30.0,6.804,6.804,6.804,0.0,0.0,0.0,31.0
74.2912,1,rev,-85.0,11.9,65.573,-85.0,66.245,-68.0,9.0,-3.15,33.0,-100.0,-100.0,-100.0,-8.0,0.0,-0.0,31.0,-99.147,-100.0,-100.0,48.0,4.0,0.0,31.0,-45.2,-45.0,-45.0,-8.0,0.0,0.0,37.0,-96.263,-96.263,-96.263,0.0,0.0,0.75,30.0,7.805,8.78,8.78,-16.0,0.0,-0.0,30.0,6.804,6.804,6.804,0.0,0.0,0.0,31.0
74.3435,1,rev,-85.0,11.9,65.213,-85.0,66.022,-68.0,9.0,-4.494,33.0,-100.0,-100.0,-100.0,-8.0,0.0,-0.0,31.0,-99.147,-100.0,-100.0,48.0,4.0,0.0,31.0,-45.2,-45.0,-45.0,-8.0,0.0,0.0,37.0,-96.263,-96.263,-96.263,0.0,0.0,0.368,30.0,7.805,8.78,8.78,-16.0,0.0,-0.0,30.0,6.804,6.804,6.804,0.0,0.0,0.0,31.0
74.397,1,rev,-85.0,11.9,64.944,-85.0,65.798,-68.0,9.0,-4.862,33.0,-100.0,-100.0,-100.0,-8.0,0.0,-0.0,31.0,-99.147,-100.0,-100.0,48.0,4.0,0.0,31.0,-45.2,-45.0,-45.0,-8.0,0.0,0.0,37.0,-96.332,-96.263,-96.263,0.0,0.0,-0.318,30.0,7.805,8.78,8.78,-16.0,0.0,-0.0,30.0,6.804,6.804,6.804,0.0,0.0,0.0,31.0
74.4504,1,rev,-85.0,11.9,64.764,-85.0,65.585,-68.0,9.0,-4.105,33.0,-100.0,-100.0,-100.0,-8.0,0.0,-0.0,31.0,-99.147,-100.0,-100.0,48.0,4.0,0.0,31.0,-45.2,-45.0,-45.0,-8.0,0.0,0.0,37.0,-96.332,-96.263,-96.263,0.0,0.0,-0.156,30.0,7.805,8.78,8.78,-16.0,0.0,-0.0,30.0,6.804,6.804,6.804,0.0,0.0,0.0,31.0
74.5041,1,rev,-85.0,11.9,64.674,-85.0,65.37,-68.0,9.0,-3.015,33.0,-100.0,-100.0,-100.0,-8.0,0.0,-0.0,31.0,-99.147,-100.0,-100.0,48.0,4.0,0.0,31.0,-45.2,-45.0,-45.0,-8.0,0.0,0.0,37.0,-96.332,-96.263,-96.263,0.0,0.0,-0.076,30.0,7.805,8.78,8.78,-16.0,0.0,-0.0,30.0,6.804,6.804,6.804,0.0,0.0,0.0,31.0
74.5578,1,rev,-85.0,11.9,64.225,-85.0,65.259,-68.0,9.0,-5.819,33.0,-100.0,-100.0,-100.0,-8.0,0.0,-0.0,31.0,-99.147,-100.0,-100.0,48.0,4.0,0.0,31.0,-45.2,-45.0,-45.0,-8.0,0.0,0.0,37.0,-96.332,-96.263,-96.263,0.0,0.0,-0.037,30.0,7.805,8.78,8.78,-16.0,0.0,-0.0,30.0,6.804,6.804,6.804,0.0,0.0,0.0,31.0
74.6109,1,rev,-85.0,11.9,64.135,-85.0,65.031,-68.0,9.0,-3.858,33.0,-100.0,-100.0,-100.0,-8.0,0.0,-0.0,31.0,-99.147,-100.0,-100.0,48.0,4.0,0.0,31.0,-45.2,-45.0,-45.0,-8.0,0.0,0.0,37.0,-96.332,-96.263,-96.263,0.0,0.0,-0.018,30.0,7.805,8.78,8.78,-16.0,0.0,-0.0,30.0,6.804,6.804,6.804,0.0,0.0,0.0,31.0
74.6636,1,rev,-85.0,11.9,64.045,-85.0,64.923,-72.0,9.0,-3.713,33.0,-100.0,-100.0,-100.0,-8.0,0.0,-0.0,31.0,-99.147,-100.0,-100.0,48.0,4.0,0.0,31.0,-45.2,-45.0,-45.0,-8.0,0.0,0.0,37.0,-96.263,-96.263,-96.263,8.0,0.0,0.767,30.0,7.805,8.78,8.78,-16.0,1.0,-0.0,30.0,6.804,6.804,6.804,0.0,0.0,0.0,31.0
74.7157,1,rev,-85.0,11.9,63.596,-85.0,64.588,-72.0,9.0,-4.155,33.0,-100.0,-100.0,-100.0,-8.0,0.0,-0.0,31.0,-99.147,-100.0,-100.0,48.0,4.0,0.0,31.0,-45.2,-45.0,-45.0,-8.0,0.0,0.0,37.0,-96.332,-96.263,-96.263,8.0,0.0,0.122,30.0,7.805,8.78,8.78,-16.0,1.0,-0.0,30.0,6.804,6.804,6.804,0.0,0.0,0.0,31.0
74.7689,1,rev,-85.0,11.9,63.416,-85.0,64.375,-72.0,9.0,-3.444,33.0,-100.0,-100.0,-100.0,-8.0,0.0,-0.0,31.0,-99.147,-100.0,-100.0,48.0,4.0,0.0,31.0,-45.2,-45.0,-45.0,-8.0,0.0,0.0,37.0,-96.332,-96.263,-96.263,8.0,0.0,0.06,30.0,7.805,8.78,8.78,-16.0,1.0,-0.0,30.0,6.804,6.804,6.804,0.0,0.0,0.0,31.0
74.822,1,rev,-85.0,11.9,63.326,-85.0,64.161,-72.0,9.0,-2.689,33.0,-100.0,-100.0,-100.0,-8.0,0.0,-0.0,31.0,-99.147,-100.0,-100.0,48.0,4.0,0.0,31.0,-45.2,-45.0,-45.0,-8.0,0.0,0.0,37.0,-96.332,-96.263,-96.263,8.0,0.0,0.029,30.0,7.805,8.78,8.78,-16.0,1.0,-0.0,30.0,6.804,6.804,6.804,0.0,0.0,0.0,31.0
74.8752,1,rev,-85.0,11.9,63.236,-85.0,63.945,-72.0,9.0,-2.321,33.0,-100.0,-100.0,-100.0,-8.0,0.0,-0.0,31.0,-99.147,-100.0,-100.0,48.0,4.0,0.0,31.0,-45.2,-45.0,-45.0,-8.0,0.0,0.0,37.0,-96.332,-96.263,-96.263,8.0,0.0,0.014,30.0,7.805,8.78,8.78,-16.0,1.0,-0.0,30.0,6.804,6.804,6.804,0.0,0.0,0.0,31.0
74.9284,1,rev,-85.0,11.9,62.787,-85.0,63.73,-72.0,9.0,-5.265,33.0,-100.0,-100.0,-100.0,-8.0,0.0,-0.0,31.0,-99.147,-100.0,-100.0,48.0,4.0,0.0,31.0,-45.2,-45.0,-45.0,-8.0,0.0,0.0,37.0,-96.332,-96.263,-96.263,8.0,0.0,0.007,30.0,7.805,8.78,8.78,-16.0,1.0,-0.0,30.0,6.804,6.804,6.804,0.0,0.0,0.0,31.0
74.981,1,rev,-85.0,11.9,62.697,-85.0,63.517,-72.0,9.0,-3.591,33.0,-100.0,-100.0,-100.0,-8.0,0.0,-0.0,31.0,-99.147,-100.0,-100.0,48.0,4.0,0.0,31.0,-45.2,-45.0,-45.0,-8.0,0.0,0.0,37.0,-96.263,-96.263,-96.263,8.0,0.0,0.782,30.0,7.805,8.78,8.78,-16.0,1.0,-0.0,30.0,6.804,6.804,6.804,0.0,0.0,0.0,31.0
75.0334,1,rev,-85.0,11.9,62.337,-85.0,63.304,-72.0,9.0,-5.499,33.0,-100.0,-100.0,-100.0,-8.0,0.0,-0.0,31.0,-99.147,-100.0,-100.0,48.0,4.0,0.0,31.0,-45.2,-45.0,-45.0,-8.0,0.0,0.0,37.0,-96.263,-96.263,-96.263,8.0,0.0,0.383,30.0,7.805,8.78,8.78,-16.0,1.0,-0.0,30.0,6.804,6.804,6.804,0.0,0.0,0.0,31.0
75.087,1,rev,-85.0,11.9,61.978,-85.0,63.089,-72.0,9.0,-6.137,33.0,-100.0,-100.0,-100.0,-8.0,0.0,-0.0,31.0,-99.147,-100.0,-100.0,48.0,4.0,0.0,31.0,-45.2,-45.0,-45.0,-8.0,0.0,0.0,37.0,-96.332,-96.263,-96.263,8.0,0.0,-0.353,30.0,7.805,8.78,8.78,-16.0,1.0,-0.0,30.0,6.804,6.804,6.804,0.0,0.0,0.0,31.0
75.1403,1,rev,-85.0,11.9,61.978,-85.0,62.877,-72.0,9.0,-3.007,33.0,-100.0,-100.0,-100.0,-8.0,0.0,-0.0,31.0,-99.147,-100.0,-100.0,48.0,4.0,0.0,31.0,-45.2,-45.0,-45.0,-8.0,0.0,0.0,37.0,-96.332,-96.263,-96.263,8.0,0.0,-0.173,30.0,7.805,8.78,8.78,-16.0,1.0,-0.0,30.0,6.804,6.804,6.804,0.0,0.0,0.0,31.0
75.1925,1,rev,-85.0,11.9,61.798,-85.0,62.664,-72.0,9.0,-3.183,33.0,-100.0,-100.0,-100.0,-8.0,0.0,-0.0,31.0,-99.147,-100.0,-100.0,48.0,4.0,0.0,31.0,-45.2,-45.0,-45.0,-8.0,0.0,0.0,37.0,-96.332,-96.263,-96.263,8.0,0.0,-0.085,30.0,7.805,8.78,8.78,-16.0,1.0,-0.0,30.0,6.804,6.804,6.804,0.0,0.0,0.0,31.0
75.2459,1,rev,-85.0,11.9,61.798,-85.0,62.426,-72.0,10.0,-3.183,33.0,-100.0,-100.0,-100.0,-8.0,0.0,-0.0,31.0,-99.147,-100.0,-100.0,48.0,5.0,0.0,31.0,-45.2,-45.0,-45.0,-8.0,0.0,0.0,37.0,-96.332,-96.263,-96.263,0.0,0.0,-0.085,30.0,7.805,8.78,8.78,-16.0,1.0,-0.0,31.0,6.804,6.804,6.804,0.0,0.0,0.0,31.0
75.2985,1,rev,-85.0,11.9,61.348,-85.0,62.202,-72.0,10.0,-4.497,33.0,-100.0,-100.0,-100.0,-8.0,0.0,-0.0,31.0,-99.147,-100.0,-100.0,48.0,5.0,0.0,31.0,-45.2,-45.0,-45.0,-8.0,0.0,0.0,37.0,-96.332,-96.263,-96.263,0.0,0.0,-0.042,30.0,7.805,8.78,8.78,-16.0,1.0,-0.0,31.0,6.804,6.804,6.804,0.0,0.0,0.0,31.0
75.3523,1,rev,-85.0,11.9,61.169,-85.0,61.977,-72.0,10.0,-3.857,33.0,-100.0,-100.0,-100.0,-8.0,0.0,-0.0,31.0,-99.147,-100.0,-100.0,48.0,5.0,0.0,31.0,-45.2,-45.0,-45.0,-8.0,0.0,0.0,37.0,-96.263,-96.263,-96.263,0.0,0.0,0.76,30.0,7.805,8.78,8.78,-16.0,1.0,-0.0,31.0,6.804,6.804,6.804,0.0,0.0,0.0,31.0
75.4047,1,rev,-85.0,11.9,60.989,-85.0,61.87,-72.0,10.0,-3.605,33.0,-100.0,-100.0,-100.0,-8.0,0.0,-0.0,31.0,-99.147,-100.0,-100.0,48.0,5.0,0.0,31.0,-45.2,-45.0,-45.0,-8.0,0.0,0.0,37.0,-96.332,-96.263,-96.263,0.0,0.0,-0.406,30.0,7.805,8.78,8.78,-16.0,1.0,-0.0,31.0,6.804,6.804,6.804,0.0,0.0,0.0,31.0
75.4582,1,rev,-85.0,11.9,60.719,-85.0,61.647,-72.0,10.0,-4.069,33.0,-100.0,-100.0,-100.0,-8.0,0.0,-0.0,31.0,-99.147,-100.0,-100.0,48.0,5.0,0.0,31.0,-45.2,-45.0,-45.0,-8.0,0.0,0.0,37.0,-96.332,-96.263,-96.263,0.0,0.0,-0.199,30.0,7.805,8.78,8.78,-16.0,1.0,-0.0,31.0,6.804,6.804,6.804,0.0,0.0,0.0,31.0
75.5105,1,rev,-85.0,11.9,60.539,-85.0,61.433,-72.0,10.0,-3.415,33.0,-100.0,-100.0,-100.0,-8.0,0.0,-0.0,31.0,-99.147,-100.0,-100.0,48.0,5.0,0.0,31.0,-45.2,-45.0,-45.0,-8.0,0.0,0.0,37.0,-96.332,-96.263,-96.263,0.0,0.0,-0.097,30.0,7.805,8.78,8.78,-16.0,1.0,-0.0,31.0,6.804,6.804,6.804,0.0,0.0,0.0,31.0
75.5638,1,rev,-85.0,11.9,60.449,-85.0,61.22,-72.0,10.0,-2.674,33.0,-100.0,-100.0,-100.0,-8.0,0.0,-0.0,31.0,-99.147,-100.0,-100.0,48.0,5.0,0.0,31.0,-45.2,-45.0,-45.0,-8.0,0.0,0.0,37.0,-96.332,-96.263,-96.263,0.0,0.0,-0.048,30.0,7.805,8.78,8.78,-16.0,1.0,-0.0,31.0,6.804,6.804,6.804,0.0,0.0,0.0,31.0
75.6174,1,rev,-85.0,11.9,60.18,-85.0,61.007,-72.0,10.0,-4.04,33.0,-100.0,-100.0,-100.0,-8.0,0.0,-0.0,31.0,-99.147,-100.0,-100.0,48.0,5.0,0.0,31.0,-45.2,-45.0,-45.0,-8.0,0.0,0.0,37.0,-96.332,-96.263,-96.263,0.0,0.0,-0.023,30.0,7.805,8.78,8.78,-16.0,1.0,-0.0,31.0,6.804,6.804,6.804,0.0,0.0,0.0,31.0
75.6709,1,rev,-85.0,11.9,59.91,-85.0,60.793,-72.0,10.0,-4.406,33.0,-100.0,-100.0,-100.0,-8.0,0.0,-0.0,31.0,-99.147,-100.0,-100.0,48.0,5.0,0.0,31.0,-45.2,-45.0,-45.0,-8.0,0.0,0.0,37.0,-96.332,-96.263,-96.263,0.0,0.0,-0.011,30.0,7.805,8.78,8.78,-16.0,1.0,-0.0,31.0,6.804,6.804,6.804,0.0,0.0,0.0,31.0
75.724,1,rev,-85.0,11.9,59.73,-85.0,60.58,-72.0,10.0,-4.199,33.0,-100.0,-100.0,-100.0,-8.0,0.0,-0.0,31.0,-99.147,-100.0,-100.0,48.0,5.0,0.0,31.0,-45.2,-45.0,-45.0,-8.0,0.0,0.0,37.0,-96.263,-96.263,-96.263,0.0,0.0,0.78,30.0,7.805,8.78,8.78,-16.0,1.0,-0.0,31.0,6.804,6.804,6.804,0.0,0.0,0.0,31.0
75.7768,1,rev,-85.0,11.9,59.371,-85.0,60.368,-72.0,10.0,-5.495,33.0,-100.0,-100.0,-100.0,-8.0,0.0,-0.0,31.0,-99.147,-100.0,-100.0,48.0,5.0,0.0,31.0,-45.2,-45.0,-45.0,-8.0,0.0,0.0,37.0,-96.263,-96.263,-96.263,0.0,0.0,0.382,30.0,7.805,8.78,8.78,-16.0,1.0,-0.0,31.0,6.804,6.804,6.804,0.0,0.0,0.0,31.0
75.8302,1,rev,-85.0,11.9,59.281,-85.0,60.133,-76.0,10.0,-4.307,33.0,-100.0,-100.0,-100.0,-8.0,0.0,-0.0,31.0,-99.147,-100.0,-100.0,48.0,5.0,0.0,31.0,-45.2,-45.0,-45.0,-8.0,0.0,0.0,37.0,-96.332,-96.263,-96.263,0.0,0.0,-0.087,30.0,7.805,8.78,8.78,-16.0,0.0,-0.0,30.0,6.804,6.804,6.804,0.0,0.0,0.0,31.0
75.8838,1,rev,-85.0,11.9,59.101,-85.0,59.92,-76.0,10.0,-3.531,33.0,-100.0,-100.0,-100.0,-8.0,0.0,-0.0,31.0,-99.147,-100.0,-100.0,48.0,5.0,0.0,31.0,-45.2,-45.0,-45.0,-8.0,0.0,0.0,37.0,-96.332,-96.263,-96.263,0.0,0.0,-0.042,30.0,7.805,8.78,8.78,-16.0,0.0,-0.0,30.0,6.804,6.804,6.804,0.0,0.0,0.0,31.0
75.9374,1,rev,-85.0,11.9,58.921,-85.0,59.707,-76.0,10.0,-3.457,33.0,-100.0,-100.0,-100.0,-8.0,0.0,-0.0,31.0,-99.147,-100.0,-100.0,48.0,5.0,0.0,31.0,-45.2,-45.0,-45.0,-8.0,0.0,0.0,37.0,-96.332,-96.263,-96.263,0.0,0.0,-0.021,30.0,7.805,8.78,8.78,-16.0,0.0,-0.0,30.0,6.804,6.804,6.804,0.0,0.0,0.0,31.0
75.9897,1,rev,-85.0,11.9,58.652,-85.0,59.493,-76.0,10.0,-4.112,33.0,-100.0,-100.0,-100.0,-8.0,0.0,-0.0,31.0,-99.147,-100.0,-100.0,48.0,5.0,0.0,31.0,-45.2,-45.0,-45.0,-8.0,0.0,0.0,37.0,-96.332,-96.263,-96.263,0.0,0.0,-0.01,30.0,7.805,8.78,8.78,-16.0,0.0,-0.0,30.0,6.804,6.804,6.804,0.0,0.0,0.0,31.0
76.0425,1,rev,-85.0,11.9,58.472,-85.0,59.28,-76.0,10.0,-3.431,33.0,-100.0,-100.0,-100.0,-8.0,0.0,-0.0,31.0,-99.147,-100.0,-100.0,48.0,5.0,0.0,31.0,-45.2,-45.0,-45.0,-8.0,0.0,0.0,37.0,-96.332,-96.263,-96.263,0.0,0.0,-0.005,30.0,7.805,8.78,8.78,-16.0,0.0,-0.0,30.0,6.804,6.804,6.804,0.0,0.0,0.0,31.0
76.096,1,rev,-85.0,11.9,58.202,-85.0,59.064,-76.0,10.0,-4.369,33.0,-100.0,-100.0,-100.0,-8.0,0.0,-0.0,31.0,-99.147,-100.0,-100.0,48.0,5.0,0.0,31.0,-45.2,-45.0,-45.0,-8.0,0.0,0.0,37.0,-96.332,-96.263,-96.263,0.0,0.0,-0.002,30.0,7.805,8.78,8.78,-16.0,0.0,-0.0,30.0,6.804,6.804,6.804,0.0,0.0,0.0,31.0
76.1484,1,rev,-85.0,11.9,57.933,-85.0,58.849,-76.0,10.0,-4.881,33.0,-100.0,-100.0,-100.0,-8.0,0.0,-0.0,31.0,-99.147,-100.0,-100.0,48.0,5.0,0.0,31.0,-45.2,-45.0,-45.0,-8.0,0.0,0.0,37.0,-96.332,-96.263,-96.263,0.0,0.0,-0.001,30.0,7.805,8.78,8.78,-16.0,0.0,-0.0,30.0,6.804,6.804,6.804,0.0,0.0,0.0,31.0
76.2016,1,rev,-85.0,11.9,57.753,-85.0,58.636,-76.0,10.0,-4.114,33.0,-100.0,-100.0,-100.0,-8.0,0.0,-0.0,31.0,-99.147,-100.0,-100.0,48.0,5.0,0.0,31.0,-45.2,-45.0,-45.0,-8.0,0.0,0.0,37.0,-96.263,-96.263,-96.263,0.0,0.0,0.546,30.0,7.805,8.78,8.78,-16.0,0.0,-0.0,30.0,6.804,6.804,6.804,0.0,0.0,0.0,31.0
76.2537,1,rev,-85.0,11.9,57.573,-85.0,58.422,-76.0,10.0,-3.735,33.0,-100.0,-100.0,-100.0,-8.0,0.0,-0.0,31.0,-99.147,-100.0,-100.0,48.0,5.0,0.0,31.0,-45.2,-45.0,-45.0,-8.0,0.0,0.0,37.0,-96.332,-96.263,-96.263,0.0,0.0,-0.273,30.0,7.805,8.78,8.78,-16.0,0.0,-0.0,30.0,6.804,6.804,6.804,0.0,0.0,0.0,31.0
76.3071,1,rev,-85.0,11.9,57.483,-85.0,58.21,-76.0,10.0,-2.843,33.0,-100.0,-100.0,-100.0,-8.0,0.0,-0.0,31.0,-99.147,-100.0,-100.0,48.0,5.0,0.0,31.0,-45.2,-45.0,-45.0,-8.0,0.0,0.0,37.0,-96.332,-96.263,-96.263,0.0,0.0,-0.134,30.0,7.805,8.78,8.78,-16.0,0.0,-0.0,30.0,6.804,6.804,6.804,0.0,0.0,0.0,31.0
76.3602,1,rev,-85.0,11.9,57.393,-85.0,58.104,-68.0,10.0,-3.005,33.0,-100.0,-100.0,-100.0,-8.0,0.0,-0.0,31.0,-99.147,-100.0,-100.0,48.0,5.0,0.0,31.0,-45.2,-45.0,-45.0,-8.0,0.0,0.0,37.0,-96.332,-96.263,-96.263,0.0,0.0,-0.094,30.0,7.805,8.78,8.78,-16.0,0.0,-0.0,30.0,6.804,6.804,6.804,0.0,0.0,0.0,31.0
76.4134,1,rev,-85.0,11.9,56.944,-85.0,57.773,-68.0,10.0,-3.834,33.0,-100.0,-100.0,-100.0,-8.0,0.0,-0.0,31.0,-99.147,-100.0,-100.0,48.0,5.0,0.0,31.0,-45.2,-45.0,-45.0,-8.0,0.0,0.0,37.0,-96.332,-96.263,-96.263,0.0,0.0,-0.046,30.0,7.805,8.78,8.78,-16.0,0.0,-0.0,30.0,6.804,6.804,6.804,0.0,0.0,0.0,31.0
76.4663,1,rev,-85.0,11.9,56.674,-85.0,57.56,-68.0,10.0,-4.599,33.0,-100.0,-100.0,-100.0,-8.0,0.0,-0.0,31.0,-99.147,-100.0,-100.0,48.0,5.0,0.0,31.0,-45.2,-45.0,-45.0,-8.0,0.0,0.0,37.0,-96.332,-96.263,-96.263,0.0,0.0,-0.023,30.0,7.805,8.78,8.78,-16.0,0.0,-0.0,30.0,6.804,6.804,6.804,0.0,0.0,0.0,31.0
76.5194,1,rev,-85.0,11.9,56.404,-85.0,57.345,-68.0,10.0,-4.664,33.0,-100.0,-100.0,-100.0,-8.0,0.0,-0.0,31.0,-99.147,-100.0,-100.0,48.0,5.0,0.0,31.0,-45.2,-45.0,-45.0,-8.0,0.0,0.0,37.0,-96.332,-96.263,-96.263,0.0,0.0,-0.011,30.0,7.805,8.78,8.78,-16.0,0.0,-0.0,30.0,6.804,6.804,6.804,0.0,0.0,0.0,31.0
76.5729,1,rev,-85.0,11.9,56.225,-85.0,57.13,-68.0,10.0,-3.995,33.0,-100.0,-100.0,-100.0,-8.0,0.0,-0.0,31.0,-99.147,-100.0,-100.0,48.0,5.0,0.0,31.0,-45.2,-45.0,-45.0,-8.0,0.0,0.0,37.0,-96.332,-96.263,-96.263,0.0,0.0,-0.005,30.0,7.805,8.78,8.78,-16.0,0.0,-0.0,30.0,6.804,6.804,6.804,0.0,0.0,0.0,31.0
76.6259,1,rev,-85.0,11.9,56.225,-85.0,56.917,-68.0,10.0,-1.958,33.0,-100.0,-100.0,-100.0,-8.0,0.0,-0.0,31.0,-99.147,-100.0,-100.0,48.0,5.0,0.0,31.0,-45.2,-45.0,-45.0,-8.0,0.0,0.0,37.0,-96.263,-96.263,-96.263,0.0,0.0,0.77,30.0,7.805,8.78,8.78,-16.0,0.0,-0.0,30.0,6.804,6.804,6.804,0.0,0.0,0.0,31.0
76.6785,1,rev,-85.0,11.9,55.955,-85.0,56.703,-68.0,10.0,-3.376,33.0,-100.0,-100.0,-100.0,-8.0,0.0,-0.0,31.0,-99.147,-100.0,-100.0,48.0,5.0,0.0,31.0,-45.2,-45.0,-45.0,-8.0,0.0,0.0,37.0,-96.332,-96.263,-96.263,0.0,0.0,-0.397,30.0,7.805,8.78,8.78,-16.0,0.0,-0.0,30.0,6.804,6.804,6.804,0.0,0.0,0.0,31.0
76.7318,1,rev,-85.0,11.9,55.685,-85.0,56.488,-68.0,10.0,-4.37,33.0,-100.0,-100.0,-100.0,-8.0,0.0,-0.0,31.0,-99.147,-100.0,-100.0,48.0,5.0,0.0,31.0,-45.2,-45.0,-45.0,-8.0,0.0,0.0,37.0,-96.332,-96.263,-96.263,0.0,0.0,-0.195,30.0,7.805,8.78,8.78,-16.0,0.0,-0.0,30.0,6.804,6.804,6.804,0.0,0.0,0.0,31.0
76.7845,1,rev,-85.0,11.9,55.596,-85.0,56.273,-68.0,10.0,-4.066,33.0,-100.0,-100.0,-100.0,-8.0,0.0,-0.0,31.0,-99.147,-100.0,-100.0,48.0,5.0,0.0,31.0,-45.2,-45.0,-45.0,-8.0,0.0,0.0,37.0,-96.332,-96.263,-96.263,0.0,0.0,-0.136,30.0,7.805,8.78,8.78,-16.0,0.0,-0.0,30.0,6.804,6.804,6.804,0.0,0.0,0.0,31.0
76.8378,1,rev,-85.0,11.9,55.326,-85.0,56.049,-68.0,10.0,-4.668,33.0,-100.0,-100.0,-100.0,-8.0,0.0,-0.0,31.0,-99.147,-100.0,-100.0,48.0,5.0,0.0,31.0,-45.2,-45.0,-45.0,-8.0,0.0,0.0,37.0,-96.332,-96.263,-96.263,0.0,0.0,-0.067,30.0,7.805,8.78,8.78,-16.0,0.0,-0.0,30.0,6.804,6.804,6.804,0.0,0.0,0.0,31.0
76.8912,1,rev,-85.0,11.9,55.056,-85.0,55.824,-68.0,10.0,-4.571,33.0,-100.0,-100.0,-100.0,-8.0,0.0,-0.0,31.0,-99.147,-100.0,-100.0,48.0,5.0,0.0,31.0,-45.2,-45.0,-45.0,-8.0,0.0,0.0,37.0,-96.332,-96.263,-96.263,0.0,0.0,-0.033,30.0,7.805,8.78,8.78,-16.0,0.0,-0.0,30.0,6.804,6.804,6.804,0.0,0.0,0.0,31.0
76.9435,1,rev,-85.0,11.9,54.966,-85.0,55.824,-84.0,12.0,-4.188,33.0,-100.0,-100.0,-100.0,-8.0,0.0,-0.0,31.0,-99.147,-100.0,-100.0,48.0,5.0,0.0,31.0,-45.2,-45.0,-45.0,-8.0,0.0,0.0,37.0,-96.332,-96.263,-96.263,0.0,0.0,-0.023,30.0,7.805,8.78,8.78,-16.0,0.0,-0.0,31.0,6.804,6.804,6.804,0.0,0.0,0.0,31.0
76.9958,1,rev,-85.0,11.9,54.787,-85.0,55.487,-84.0,12.0,-2.714,33.0,-100.0,-100.0,-100.0,-8.0,0.0,-0.0,31.0,-99.147,-100.0,-100.0,48.0,5.0,0.0,31.0,-45.2,-45.0,-45.0,-8.0,0.0,0.0,37.0,-96.332,-96.263,-96.263,0.0,0.0,-0.011,30.0,7.805,8.78,8.78,-16.0,0.0,-0.0,31.0,6.804,6.804,6.804,0.0,0.0,0.0,31.0
77.0493,1,rev,-85.0,11.9,54.517,-85.0,55.273,-84.0,12.0,-3.758,33.0,-100.0,-100.0,-100.0,-8.0,0.0,-0.0,31.0,-99.147,-100.0,-100.0,48.0,5.0,0.0,31.0,-45.2,-45.0,-45.0,-8.0,0.0,0.0,37.0,-96.332,-96.263,-96.263,0.0,0.0,-0.006,30.0,7.805,8.78,8.78,-16.0,0.0,-0.0,31.0,6.804,6.804,6.804,0.0,0.0,0.0,31.0
77.1017,1,rev,-85.0,11.9,54.157,-85.0,55.06,-84.0,12.0,-5.294,33.0,-100.0,-100.0,-100.0,-8.0,0.0,-0.0,31.0,-99.147,-100.0,-100.0,48.0,5.0,0.0,31.0,-45.2,-45.0,-45.0,-8.0,0.0,0.0,37.0,-96.332,-96.263,-96.263,0.0,0.0,-0.003,30.0,8.293,8.78,8.78,-16.0,0.0,5.521,31.0,6.804,6.804,6.804,0.0,0.0,0.0,31.0
77.155,1,rev,-85.0,11.9,54.067,-85.0,54.847,-84.0,12.0,-3.609,33.0,-100.0,-100.0,-100.0,-8.0,0.0,-0.0,31.0,-99.147,-100.0,-100.0,48.0,5.0,0.0,31.0,-45.2,-45.0,-45.0,-8.0,0.0,0.0,37.0,-96.332,-96.263,-96.263,0.0,0.0,-0.001,30.0,8.293,8.78,8.78,-16.0,0.0,2.705,31.0,6.804,6.804,6.804,0.0,0.0,0.0,31.0
77.2083,1,rev,-85.0,11.9,53.798,-85.0,54.634,-84.0,12.0,-4.516,33.0,-100.0,-100.0,-100.0,-8.0,0.0,-0.0,31.0,-99.147,-100.0,-100.0,48.0,5.0,0.0,31.0,-45.2,-45.0,-45.0,-8.0,0.0,0.0,37.0,-96.263,-96.263,-96.263,0.0,0.0,0.784,30.0,8.293,8.78,8.78,-16.0,0.0,1.325,31.0,6.804,6.804,6.804,0.0,0.0,0.0,31.0
77.2604,1,rev,-85.0,11.9,53.528,-85.0,54.421,-84.0,12.0,-4.636,33.0,-100.0,-100.0,-100.0,-8.0,0.0,-0.0,31.0,-99.147,-100.0,-100.0,48.0,5.0,0.0,31.0,-45.2,-45.0,-45.0,-8.0,0.0,0.0,37.0,-96.332,-96.263,-96.263,0.0,0.0,-0.394,30.0,8.293,8.78,8.78,-16.0,0.0,0.649,31.0,6.804,6.804,6.804,0.0,0.0,0.0,31.0
77.3126,1,rev,-85.0,11.9,53.348,-85.0,54.208,-84.0,12.0,-4.001,33.0,-100.0,-100.0,-100.0,-8.0,0.0,-0.0,31.0,-99.147,-100.0,-100.0,48.0,5.0,0.0,31.0,-45.2,-45.0,-45.0,-8.0,0.0,0.0,37.0,-96.332,-96.263,-96.263,0.0,0.0,-0.193,30.0,8.293,8.78,8.78,-16.0,0.0,0.318,31.0,6.804,6.804,6.804,0.0,0.0,0.0,31.0
77.366,1,rev,-85.0,11.9,53.258,-85.0,53.995,-84.0,12.0,-2.974,33.0,-100.0,-100.0,-100.0,-8.0,0.0,-0.0,31.0,-99.147,-100.0,-100.0,48.0,5.0,0.0,31.0,-45.2,-45.0,-45.0,-8.0,0.0,0.0,37.0,-96.332,-96.263,-96.263,0.0,0.0,-0.095,30.0,8.293,8.78,8.78,-16.0,0.0,0.156,31.0,6.804,6.804,6.804,0.0,0.0,0.0,31.0
77.4194,1,rev,-85.0,11.9,53.079,-85.0,53.782,-84.0,12.0,-3.486,33.0,-100.0,-100.0,-100.0,-8.0,0.0,-0.0,31.0,-99.147,-100.0,-100.0,48.0,5.0,0.0,31.0,-45.2,-45.0,-45.0,-8.0,0.0,0.0,37.0,-96.332,-96.263,-96.263,0.0,0.0,-0.046,30.0,8.293,8.78,8.78,-16.0,0.0,0.076,31.0,6.804,6.804,6.804,0.0,0.0,0.0,31.0
77.4715,1,rev,-85.0,11.9,52.719,-85.0,53.57,-84.0,12.0,-5.167,33.0,-100.0,-100.0,-100.0,-8.0,0.0,-0.0,31.0,-99.147,-100.0,-100.0,48.0,5.0,0.0,31.0,-45.2,-45.0,-45.0,-8.0,0.0,0.0,37.0,-96.332,-96.263,-96.263,0.0,0.0,-0.023,30.0,8.293,8.78,8.78,-16.0,0.0,0.037,31.0,6.804,6.804,6.804,0.0,0.0,0.0,31.0
77.525,1,rev,-85.0,11.9,52.629,-85.0,53.331,-60.0,7.0,-4.065,33.0,-100.0,-100.0,-100.0,-8.0,0.0,-0.0,31.0,-99.147,-100.0,-100.0,48.0,4.0,0.0,31.0,-45.2,-45.0,-45.0,-8.0,0.0,0.0,37.0,-96.332,-96.263,-96.263,0.0,0.0,-0.016,30.0,8.293,8.78,8.78,-8.0,0.0,0.026,30.0,6.804,6.804,6.804,0.0,0.0,0.0,31.0
77.5789,1,rev,-85.0,11.9,52.27,-85.0,53.117,-60.0,7.0,-5.757,33.0,-100.0,-100.0,-100.0,-8.0,0.0,-0.0,31.0,-99.147,-100.0,-100.0,48.0,4.0,0.0,31.0,-45.2,-45.0,-45.0,-8.0,0.0,0.0,37.0,-96.332,-96.263,-96.263,0.0,0.0,-0.008,30.0,8.293,8.78,8.78,-8.0,0.0,0.013,30.0,6.804,6.804,6.804,0.0,0.0,0.0,31.0
77.6321,1,rev,-85.0,11.9,52.09,-85.0,52.904,-60.0,7.0,-4.242,33.0,-100.0,-100.0,-100.0,-8.0,0.0,-0.0,31.0,-99.147,-100.0,-100.0,48.0,4.0,0.0,31.0,-45.2,-45.0,-45.0,-8.0,0.0,0.0,37.0,-96.332,-96.263,-96.263,0.0,0.0,-0.004,30.0,8.293,8.78,8.78,-8.0,0.0,0.006,30.0,6.804,6.804,6.804,0.0,0.0,0.0,31.0
77.6858,1,rev,-85.0,11.9,51.91,-85.0,52.692,-60.0,7.0,-3.507,33.0,-100.0,-100.0,-100.0,-8.0,0.0,-0.0,31.0,-99.147,-100.0,-100.0,48.0,4.0,0.0,31.0,-45.2,-45.0,-45.0,-8.0,0.0,0.0,37.0,-96.332,-96.263,-96.263,0.0,0.0,-0.224,30.0,8.293,8.78,8.78,-8.0,0.0,0.003,30.0,6.804,6.804,6.804,0.0,0.0,0.0,31.0
77.7391,1,rev,-85.0,11.9,51.73,-85.0,52.477,-60.0,7.0,-3.442,33.0,-100.0,-100.0,-100.0,-8.0,0.0,-0.0,31.0,-99.147,-100.0,-100.0,48.0,4.0,0.0,31.0,-45.2,-45.0,-45.0,-8.0,0.0,0.0,37.0,-96.332,-96.263,-96.263,0.0,0.0,-0.11,30.0,8.293,8.78,8.78,-8.0,0.0,0.002,30.0,6.804,6.804,6.804,0.0,0.0,0.0,31.0
77.7919,1,rev,-85.0,11.9,51.551,-85.0,52.264,-60.0,7.0,-3.411,33.0,-100.0,-100.0,-100.0,-8.0,0.0,-0.0,31.0,-99.147,-100.0,-100.0,48.0,4.0,0.0,31.0,-45.2,-45.0,-45.0,-8.0,0.0,0.0,37.0,-96.332,-96.263,-96.263,0.0,0.0,-0.054,30.0,8.293,8.78,8.78,-8.0,0.0,0.001,30.0,6.804,6.804,6.804,0.0,0.0,0.0,31.0
77.8449,1,rev,-85.0,11.9,51.281,-85.0,52.052,-60.0,7.0,-4.366,33.0,-100.0,-100.0,-100.0,-8.0,0.0,-0.0,31.0,-99.147,-100.0,-100.0,48.0,4.0,0.0,31.0,-45.2,-45.0,-45.0,-8.0,0.0,0.0,37.0,-96.332,-96.263,-96.263,0.0,0.0,-0.026,30.0,8.293,8.78,8.78,-8.0,0.0,0.0,30.0,6.804,6.804,6.804,0.0,0.0,0.0,31.0
77.8982,1,rev,-85.0,11.9,51.191,-85.0,51.836,-60.0,7.0,-2.842,33.0,-100.0,-100.0,-100.0,-8.0,0.0,-0.0,31.0,-99.147,-100.0,-100.0,48.0,4.0,0.0,31.0,-45.2,-45.0,-45.0,-8.0,0.0,0.0,37.0,-96.332,-96.263,-96.263,0.0,0.0,-0.013,30.0,8.293,8.78,8.78,-8.0,0.0,0.0,30.0,6.804,6.804,6.804,0.0,0.0,0.0,31.0
77.9507,1,rev,-85.0,11.9,50.831,-85.0,51.623,-60.0,7.0,-5.129,33.0,-100.0,-100.0,-100.0,-8.0,0.0,-0.0,31.0,-99.147,-100.0,-100.0,48.0,4.0,0.0,31.0,-45.2,-45.0,-45.0,-8.0,0.0,0.0,37.0,-96.332,-96.263,-96.263,0.0,0.0,-0.006,30.0,8.293,8.78,8.78,-8.0,0.0,0.0,30.0,6.804,6.804,6.804,0.0,0.0,0.0,31.0
78.0027,1,rev,-85.0,11.9,50.562,-85.0,51.409,-60.0,7.0,-4.938,33.0,-100.0,-100.0,-100.0,-8.0,0.0,-0.0,31.0,-99.147,-100.0,-100.0,48.0,4.0,0.0,31.0,-45.2,-45.0,-45.0,-8.0,0.0,0.0,37.0,-96.332,-96.263,-96.263,0.0,0.0,-0.003,30.0,8.293,8.78,8.78,-8.0,0.0,0.0,30.0,6.804,6.804,6.804,0.0,0.0,0.0,31.0
78.056,1,rev,-85.0,11.9,50.472,-85.0,51.303,-60.0,7.0,-4.476,33.0,-100.0,-100.0,-100.0,-8.0,0.0,-0.0,31.0,-99.147,-100.0,-100.0,48.0,4.0,0.0,31.0,-45.2,-45.0,-45.0,-8.0,0.0,0.0,37.0,-96.332,-96.263,-96.263,0.0,0.0,-0.002,30.0,8.293,8.78,8.78,-8.0,0.0,0.0,30.0,6.804,6.804,6.804,0.0,0.0,0.0,31.0
78.1085,1,rev,-85.0,11.9,50.472,-85.0,50.958,-64.0,6.0,-3.133,33.0,-100.0,-100.0,-100.0,-8.0,0.0,-0.0,31.0,-99.147,-100.0,-100.0,48.0,5.0,0.0,31.0,-45.2,-45.0,-45.0,-8.0,0.0,0.0,37.0,-96.332,-96.263,-96.263,0.0,0.0,-0.002,30.0,8.293,8.78,8.78,-8.0,0.0,0.0,30.0,6.804,6.804,6.804,0.0,0.0,0.0,31.0
78.1619,1,rev,-85.0,11.9,50.202,-85.0,50.739,-64.0,6.0,-4.241,33.0,-100.0,-100.0,-100.0,-8.0,0.0,-0.0,31.0,-99.147,-100.0,-100.0,48.0,5.0,0.0,31.0,-45.2,-45.0,-45.0,-8.0,0.0,0.0,37.0,-96.332,-96.263,-96.263,0.0,0.0,-0.001,30.0,8.293,8.78,8.78,-8.0,0.0,0.0,30.0,6.804,6.804,6.804,0.0,0.0,0.0,31.0
78.2146,1,rev,-85.0,11.9,49.933,-85.0,50.631,-64.0,6.0,-4.496,33.0,-100.0,-100.0,-100.0,-8.0,0.0,-0.0,31.0,-99.147,-100.0,-100.0,48.0,5.0,0.0,31.0,-45.2,-45.0,-45.0,-8.0,0.0,0.0,37.0,-96.332,-96.263,-96.263,0.0,0.0,-0.0,30.0,8.293,8.78,8.78,-8.0,0.0,0.0,30.0,6.804,6.804,6.804,0.0,0.0,0.0,31.0
78.2682,1,rev,-85.0,11.9,49.753,-85.0,50.409,-64.0,6.0,-3.505,33.0,-100.0,-100.0,-100.0,-8.0,0.0,-0.0,31.0,-99.147,-100.0,-100.0,48.0,5.0,0.0,31.0,-45.2,-45.0,-45.0,-8.0,0.0,0.0,37.0,-96.332,-96.263,-96.263,0.0,0.0,-0.0,30.0,8.293,8.78,8.78,-8.0,0.0,0.0,30.0,6.804,6.804,6.804,0.0,0.0,0.0,31.0
78.3205,1,rev,-85.0,11.9,49.393,-85.0,50.195,-64.0,6.0,-5.162,33.0,-100.0,-100.0,-100.0,-8.0,0.0,-0.0,31.0,-99.147,-100.0,-100.0,48.0,5.0,0.0,31.0,-45.2,-45.0,-45.0,-8.0,0.0,0.0,37.0,-96.332,-96.263,-96.263,0.0,0.0,-0.0,30.0,8.293,8.78,8.78,-8.0,0.0,0.0,30.0,6.804,6.804,6.804,0.0,0.0,0.0,31.0
78.3725,1,rev,-85.0,11.9,49.213,-85.0,49.982,-64.0,6.0,-4.244,33.0,-100.0,-100.0,-100.0,-8.0,0.0,-0.0,31.0,-99.147,-100.0,-100.0,48.0,5.0,0.0,31.0,-45.2,-45.0,-45.0,-8.0,0.0,0.0,37.0,-96.332,-96.263,-96.263,0.0,0.0,-0.0,30.0,8.293,8.78,8.78,-8.0,0.0,0.0,30.0,6.804,6.804,6.804,0.0,0.0,0.0,31.0
78.4246,1,rev,-85.0,11.9,49.034,-85.0,49.769,-64.0,6.0,-3.504,33.0,-100.0,-100.0,-100.0,-8.0,0.0,-0.0,31.0,-99.147,-100.0,-100.0,48.0,5.0,0.0,31.0,-45.2,-45.0,-45.0,-8.0,0.0,0.0,37.0,-96.332,-96.263,-96.263,0.0,0.0,-0.0,30.0,8.293,8.78,8.78,-8.0,0.0,0.0,30.0,6.804,6.804,6.804,0.0,0.0,0.0,31.0
78.478,1,rev,-85.0,11.9,48.944,-85.0,49.554,-64.0,6.0,-2.416,33.0,-100.0,-100.0,-100.0,-8.0,0.0,-0.0,31.0,-99.147,-100.0,-100.0,48.0,5.0,0.0,31.0,-45.2,-45.0,-45.0,-8.0,0.0,0.0,37.0,-96.332,-96.263,-96.263,0.0,0.0,-0.0,30.0,8.293,8.78,8.78,-8.0,0.0,0.0,30.0,6.804,6.804,6.804,0.0,0.0,0.0,31.0
78.5312,1,rev,-85.0,11.9,48.674,-85.0,49.342,-64.0,6.0,-3.918,33.0,-100.0,-100.0,-100.0,-8.0,0.0,-0.0,31.0,-99.147,-100.0,-100.0,48.0,5.0,0.0,31.0,-45.2,-45.0,-45.0,-8.0,0.0,0.0,37.0,-96.332,-96.263,-96.263,0.0,0.0,-0.0,30.0,8.293,8.78,8.78,-8.0,0.0,0.0,30.0,6.804,6.804,6.804,0.0,0.0,0.0,31.0
78.585,1,rev,-85.0,11.9,48.404,-85.0,49.128,-64.0,6.0,-4.637,33.0,-100.0,-100.0,-100.0,-8.0,0.0,-0.0,31.0,-99.147,-100.0,-100.0,48.0,5.0,0.0,31.0,-45.2,-45.0,-45.0,-8.0,0.0,0.0,37.0,-96.332,-96.263,-96.263,0.0,0.0,-0.0,30.0,8.293,8.78,8.78,-8.0,0.0,0.0,30.0,6.804,6.804,6.804,0.0,0.0,0.0,31.0
78.638,1,rev,-85.0,11.9,48.315,-85.0,49.021,-56.0,5.0,-4.255,33.0,-100.0,-100.0,-100.0,-8.0,0.0,-0.0,31.0,-99.147,-100.0,-100.0,48.0,5.0,0.0,31.0,-45.2,-45.0,-45.0,-8.0,0.0,0.0,37.0,-96.263,-96.263,-96.263,8.0,0.0,0.777,30.0,8.293,8.78,8.78,-8.0,0.0,0.0,31.0,6.804,6.804,6.804,0.0,0.0,0.0,31.0
78.6913,1,rev,-85.0,11.9,47.955,-85.0,48.684,-56.0,5.0,-4.768,33.0,-100.0,-100.0,-100.0,-8.0,0.0,-0.0,31.0,-99.147,-100.0,-100.0,48.0,5.0,0.0,31.0,-45.2,-45.0,-45.0,-8.0,0.0,0.0,37.0,-96.332,-96.263,-96.263,8.0,0.0,0.128,30.0,8.293,8.78,8.78,-8.0,0.0,0.0,31.0,6.804,6.804,6.804,0.0,0.0,0.0,31.0
78.7434,1,rev,-85.0,11.9,47.685,-85.0,48.472,-56.0,5.0,-4.768,33.0,-100.0,-100.0,-100.0,-8.0,0.0,-0.0,31.0,-99.147,-100.0,-100.0,48.0,5.0,0.0,31.0,-45.2,-45.0,-45.0,-8.0,0.0,0.0,37.0,-96.332,-96.263,-96.263,8.0,0.0,0.063,30.0,8.293,8.78,8.78,-8.0,0.0,0.0,31.0,6.804,6.804,6.804,0.0,0.0,0.0,31.0
78.7957,1,rev,-85.0,11.9,47.506,-85.0,48.258,-56.0,5.0,-4.054,33.0,-100.0,-100.0,-100.0,-8.0,0.0,-0.0,31.0,-99.147,-100.0,-100.0,48.0,5.0,0.0,31.0,-45.2,-45.0,-45.0,-8.0,0.0,0.0,37.0,-96.332,-96.263,-96.263,8.0,0.0,0.031,30.0,8.293,8.78,8.78,-8.0,0.0,0.0,31.0,6.804,6.804,6.804,0.0,0.0,0.0,31.0
78.849,1,rev,-85.0,11.9,47.506,-85.0,48.045,-56.0,5.0,-1.987,33.0,-100.0,-100.0,-100.0,-8.0,0.0,-0.0,31.0,-99.147,-100.0,-100.0,48.0,5.0,0.0,31.0,-45.2,-45.0,-45.0,-8.0,0.0,0.0,37.0,-96.332,-96.263,-96.263,8.0,0.0,0.015,30.0,8.293,8.78,8.78,-8.0,0.0,0.0,31.0,6.804,6.804,6.804,0.0,0.0,0.0,31.0
78.9024,1,rev,-85.0,11.9,47.146,-85.0,47.829,-56.0,5.0,-4.376,33.0,-100.0,-100.0,-100.0,-8.0,0.0,-0.0,31.0,-99.147,-100.0,-100.0,48.0,5.0,0.0,31.0,-45.2,-45.0,-45.0,-8.0,0.0,0.0,37.0,-96.332,-96.263,-96.263,8.0,0.0,0.007,30.0,8.293,8.78,8.78,-8.0,0.0,0.0,31.0,6.804,6.804,6.804,0.0,0.0,0.0,31.0
78.9547,1,rev,-85.0,11.9,46.966,-85.0,47.614,-56.0,5.0,-3.557,33.0,-100.0,-100.0,-100.0,-8.0,0.0,-0.0,31.0,-99.147,-100.0,-100.0,48.0,5.0,0.0,31.0,-45.2,-45.0,-45.0,-8.0,0.0,0.0,37.0,-96.332,-96.263,-96.263,8.0,0.0,0.004,30.0,8.293,8.78,8.78,-8.0,0.0,0.0,31.0,6.804,6.804,6.804,0.0,0.0,0.0,31.0
79.0076,1,rev,-85.0,11.9,46.787,-85.0,47.401,-56.0,5.0,-3.461,33.0,-100.0,-100.0,-100.0,-8.0,0.0,-0.0,31.0,-99.147,-100.0,-100.0,48.0,5.0,0.0,31.0,-45.2,-45.0,-45.0,-8.0,0.0,0.0,37.0,-96.332,-96.263,-96.263,8.0,0.0,0.002,30.0,8.293,8.78,8.78,-8.0,0.0,0.0,31.0,6.804,6.804,6.804,0.0,0.0,0.0,31.0
79.0608,1,rev,-85.0,11.9,46.427,-85.0,47.187,-56.0,5.0,-5.383,33.0,-100.0,-100.0,-100.0,-8.0,0.0,-0.0,31.0,-99.147,-100.0,-100.0,48.0,5.0,0.0,31.0,-45.2,-45.0,-45.0,-8.0,0.0,0.0,37.0,-96.332,-96.263,-96.263,8.0,0.0,0.001,30.0,8.293,8.78,8.78,-8.0,0.0,0.0,31.0,6.804,6.804,6.804,0.0,0.0,0.0,31.0
79.1142,1,rev,-85.0,11.9,46.337,-85.0,46.972,-56.0,5.0,-3.347,33.0,-100.0,-100.0,-100.0,-8.0,0.0,-0.0,31.0,-99.147,-100.0,-100.0,48.0,5.0,0.0,31.0,-45.2,-45.0,-45.0,-8.0,0.0,0.0,37.0,-96.332,-96.263,-96.263,8.0,0.0,0.0,30.0,8.293,8.78,8.78,-8.0,0.0,0.0,31.0,6.804,6.804,6.804,0.0,0.0,0.0,31.0
79.1674,1,rev,-85.0,11.9,46.157,-85.0,46.758,-56.0,5.0,-3.061,33.0,-100.0,-100.0,-100.0,-8.0,0.0,-0.0,31.0,-99.147,-100.0,-100.0,48.0,5.0,0.0,31.0,-45.2,-45.0,-45.0,-8.0,0.0,0.0,37.0,-96.332,-96.263,-96.263,8.0,0.0,0.0,30.0,8.293,8.78,8.78,-8.0,0.0,0.0,31.0,6.804,6.804,6.804,0.0,0.0,0.0,31.0
79.2197,1,rev,-85.0,11.9,46.157,-85.0,46.528,-36.0,2.0,-3.061,33.0,-100.0,-100.0,-100.0,-16.0,0.0,-0.0,31.0,-99.147,-100.0,-100.0,48.0,4.0,0.0,31.0,-45.2,-45.0,-45.0,-8.0,0.0,0.0,37.0,-96.332,-96.263,-96.263,0.0,0.0,0.0,30.0,8.293,8.78,8.78,-8.0,0.0,0.0,31.0,6.804,6.804,6.804,0.0,0.0,0.0,31.0
79.2728,1,rev,-85.0,11.9,45.798,-85.0,46.304,-36.0,2.0,-4.144,33.0,-100.0,-100.0,-100.0,-16.0,0.0,-0.0,31.0,-99.147,-100.0,-100.0,48.0,4.0,0.0,31.0,-45.2,-45.0,-45.0,-8.0,0.0,0.0,37.0,-96.332,-96.263,-96.263,0.0,0.0,0.0,30.0,8.293,8.78,8.78,-8.0,0.0,0.0,31.0,6.804,6.804,6.804,0.0,0.0,0.0,31.0
79.3262,1,rev,-85.0,11.9,45.438,-85.0,46.08,-36.0,2.0,-5.342,33.0,-100.0,-100.0,-100.0,-16.0,0.0,-0.0,31.0,-99.147,-100.0,-100.0,48.0,4.0,0.0,31.0,-45.2,-45.0,-45.0,-8.0,0.0,0.0,37.0,-96.332,-96.263,-96.263,0.0,0.0,0.0,30.0,8.293,8.78,8.78,-8.0,0.0,0.0,31.0,6.804,6.804,6.804,0.0,0.0,0.0,31.0
79.3786,1,rev,-85.0,11.9,45.258,-85.0,45.974,-36.0,2.0,-4.634,33.0,-100.0,-100.0,-100.0,-16.0,0.0,-0.0,31.0,-99.147,-100.0,-100.0,48.0,4.0,0.0,31.0,-45.2,-45.0,-45.0,-8.0,0.0,0.0,37.0,-96.332,-96.263,-96.263,0.0,0.0,0.0,30.0,8.293,8.78,8.78,-8.0,0.0,0.0,31.0,6.804,6.804,6.804,0.0,0.0,0.0,31.0
79.4322,1,rev,-85.0,11.9,44.899,-85.0,45.75,-36.0,2.0,-5.949,33.0,-100.0,-100.0,-100.0,-16.0,0.0,-0.0,31.0,-99.147,-100.0,-100.0,48.0,4.0,0.0,31.0,-45.2,-45.0,-45.0,-8.0,0.0,0.0,37.0,-96.332,-96.263,-96.263,0.0,0.0,0.0,30.0,8.293,8.78,8.78,-8.0,0.0,0.0,31.0,6.804,6.804,6.804,0.0,0.0,0.0,31.0
79.4845,1,rev,-85.0,11.9,44.719,-85.0,45.537,-36.0,2.0,-4.951,33.0,-100.0,-100.0,-100.0,-16.0,0.0,-0.0,31.0,-99.147,-100.0,-100.0,48.0,4.0,0.0,31.0,-45.2,-45.0,-45.0,-8.0,0.0,0.0,37.0,-96.332,-96.263,-96.263,0.0,0.0,0.0,30.0,8.293,8.78,8.78,-8.0,0.0,0.0,31.0,6.804,6.804,6.804,0.0,0.0,0.0,31.0
79.5377,1,rev,-85.0,11.9,44.629,-85.0,45.323,-36.0,2.0,-3.433,33.0,-100.0,-100.0,-100.0,-16.0,0.0,-0.0,31.0,-99.147,-100.0,-100.0,48.0,4.0,0.0,31.0,-45.2,-45.0,-45.0,-8.0,0.0,0.0,37.0,-96.332,-96.263,-96.263,0.0,0.0,0.0,30.0,8.293,8.78,8.78,-8.0,0.0,0.0,31.0,6.804,6.804,6.804,0.0,0.0,0.0,31.0
79.5906,1,rev,-85.0,11.9,44.539,-85.0,45.11,-36.0,2.0,-2.696,33.0,-100.0,-100.0,-100.0,-16.0,0.0,-0.0,31.0,-99.147,-100.0,-100.0,48.0,4.0,0.0,31.0,-45.2,-45.0,-45.0,-8.0,0.0,0.0,37.0,-96.332,-96.263,-96.263,0.0,0.0,0.0,30.0,8.293,8.78,8.78,-8.0,0.0,0.0,31.0,6.804,6.804,6.804,0.0,0.0,0.0,31.0
79.6427,1,rev,-85.0,11.9,44.36,-85.0,44.896,-36.0,2.0,-3.035,33.0,-100.0,-100.0,-100.0,-16.0,0.0,-0.0,31.0,-99.147,-100.0,-100.0,48.0,4.0,0.0,31.0,-45.2,-45.0,-45.0,-8.0,0.0,0.0,37.0,-96.332,-96.263,-96.263,0.0,0.0,0.0,30.0,8.293,8.78,8.78,-8.0,0.0,0.0,31.0,6.804,6.804,6.804,0.0,0.0,0.0,31.0
79.696,1,rev,-85.0,11.9,44.0,-85.0,44.683,-36.0,2.0,-4.93,33.0,-100.0,-100.0,-100.0,-16.0,0.0,-0.0,31.0,-99.147,-100.0,-100.0,48.0,4.0,0.0,31.0,-45.2,-45.0,-45.0,-8.0,0.0,0.0,37.0,-96.332,-96.263,-96.263,0.0,0.0,0.0,30.0,8.293,8.78,8.78,-8.0,0.0,0.0,31.0,6.804,6.804,6.804,0.0,0.0,0.0,31.0
79.7493,1,rev,-85.0,11.9,43.91,-85.0,44.47,-36.0,2.0,-3.419,33.0,-100.0,-100.0,-100.0,-16.0,0.0,-0.0,31.0,-99.147,-100.0,-100.0,48.0,4.0,0.0,31.0,-45.2,-45.0,-45.0,-8.0,0.0,0.0,37.0,-96.332,-96.263,-96.263,0.0,0.0,0.0,30.0,8.293,8.78,8.78,-8.0,0.0,0.0,31.0,6.804,6.804,6.804,0.0,0.0,0.0,31.0
79.8027,1,rev,-85.0,11.9,43.551,-85.0,44.237,-44.0,3.0,-4.241,33.0,-100.0,-100.0,-100.0,-16.0,1.0,-0.0,31.0,-99.147,-100.0,-100.0,48.0,4.0,0.0,31.0,-45.2,-45.0,-45.0,-8.0,0.0,0.0,37.0,-96.332,-96.263,-96.263,0.0,0.0,0.0,30.0,8.293,8.78,8.78,-8.0,0.0,0.0,30.0,6.804,6.804,6.804,0.0,0.0,0.0,31.0
79.8557,1,rev,-85.0,11.9,43.371,-85.0,44.023,-44.0,3.0,-4.087,33.0,-100.0,-100.0,-100.0,-16.0,1.0,-0.0,31.0,-99.147,-100.0,-100.0,48.0,4.0,0.0,31.0,-45.2,-45.0,-45.0,-8.0,0.0,0.0,37.0,-96.332,-96.263,-96.263,0.0,0.0,0.0,30.0,8.293,8.78,8.78,-8.0,0.0,0.0,30.0,6.804,6.804,6.804,0.0,0.0,0.0,31.0
79.9091,1,rev,-85.0,11.9,43.191,-85.0,43.809,-44.0,3.0,-3.721,33.0,-100.0,-100.0,-100.0,-16.0,1.0,-0.0,31.0,-99.147,-100.0,-100.0,48.0,4.0,0.0,31.0,-45.2,-45.0,-45.0,-8.0,0.0,0.0,37.0,-96.332,-96.263,-96.263,0.0,0.0,0.0,30.0,8.293,8.78,8.78,-8.0,0.0,0.0,30.0,6.804,6.804,6.804,0.0,0.0,0.0,31.0
79.9623,1,rev,-85.0,11.9,43.101,-85.0,43.595,-44.0,3.0,-2.804,33.0,-100.0,-100.0,-100.0,-16.0,1.0,-0.0,31.0,-99.147,-100.0,-100.0,48.0,4.0,0.0,31.0,-45.2,-45.0,-45.0,-8.0,0.0,0.0,37.0,-96.332,-96.263,-96.263,0.0,0.0,0.0,30.0,8.293,8.78,8.78,-8.0,0.0,0.0,30.0,6.804,6.804,6.804,0.0,0.0,0.0,31.0
80.0145,1,rev,-85.0,11.9,42.742,-85.0,43.378,-44.0,3.0,-4.771,33.0,-100.0,-100.0,-100.0,-16.0,1.0,-0.0,31.0,-99.147,-100.0,-100.0,48.0,4.0,0.0,31.0,-45.2,-45.0,-45.0,-8.0,0.0,0.0,37.0,-96.332,-96.263,-96.263,0.0,0.0,0.0,30.0,8.293,8.78,8.78,-8.0,0.0,0.0,30.0,6.804,6.804,6.804,0.0,0.0,0.0,31.0
80.0683,1,rev,-85.0,11.9,42.562,-85.0,43.163,-44.0,3.0,-4.065,33.0,-100.0,-100.0,-100.0,-16.0,1.0,-0.0,31.0,-99.147,-100.0,-100.0,48.0,4.0,0.0,31.0,-45.2,-45.0,-45.0,-8.0,0.0,0.0,37.0,-96.332,-96.263,-96.263,0.0,0.0,0.0,30.0,8.293,8.78,8.78,-8.0,0.0,0.0,30.0,6.804,6.804,6.804,0.0,0.0,0.0,31.0
80.1206,1,rev,-85.0,11.9,42.292,-85.0,42.951,-44.0,3.0,-4.434,33.0,-100.0,-100.0,-100.0,-16.0,1.0,-0.0,31.0,-99.147,-100.0,-100.0,48.0,4.0,0.0,31.0,-45.2,-45.0,-45.0,-8.0,0.0,0.0,37.0,-96.332,-96.263,-96.263,0.0,0.0,0.0,30.0,8.293,8.78,8.78,-8.0,0.0,0.0,30.0,6.804,6.804,6.804,0.0,0.0,0.0,31.0
80.1726,1,rev,-85.0,11.9,42.112,-85.0,42.738,-44.0,3.0,-3.894,33.0,-100.0,-100.0,-100.0,-16.0,1.0,-0.0,31.0,-99.147,-100.0,-100.0,48.0,4.0,0.0,31.0,-45.2,-45.0,-45.0,-8.0,0.0,0.0,37.0,-96.332,-96.263,-96.263,0.0,0.0,0.0,30.0,8.293,8.78,8.78,-8.0,0.0,0.0,30.0,6.804,6.804,6.804,0.0,0.0,0.0,31.0
80.2253,1,rev,-85.0,11.9,41.843,-85.0,42.523,-44.0,3.0,-4.612,33.0,-100.0,-100.0,-100.0,-16.0,1.0,-0.0,31.0,-99.147,-100.0,-100.0,48.0,4.0,0.0,31.0,-45.2,-45.0,-45.0,-8.0,0.0,0.0,37.0,-96.332,-96.263,-96.263,0.0,0.0,0.0,30.0,8.293,8.78,8.78,-8.0,0.0,0.0,30.0,6.804,6.804,6.804,0.0,0.0,0.0,31.0
80.2776,1,rev,-85.0,11.9,41.753,-85.0,42.309,-44.0,3.0,-3.27,33.0,-100.0,-100.0,-100.0,-16.0,1.0,-0.0,31.0,-99.147,-100.0,-100.0,48.0,4.0,0.0,31.0,-45.2,-45.0,-45.0,-8.0,0.0,0.0,37.0,-96.332,-96.263,-96.263,0.0,0.0,0.0,30.0,8.293,8.78,8.78,-8.0,0.0,0.0,30.0,6.804,6.804,6.804,0.0,0.0,0.0,31.0
80.3296,1,rev,-85.0,11.9,41.753,-85.0,42.202,-44.0,3.0,-2.289,33.0,-100.0,-100.0,-100.0,-16.0,1.0,-0.0,31.0,-99.147,-100.0,-100.0,48.0,4.0,0.0,31.0,-45.2,-45.0,-45.0,-8.0,0.0,0.0,37.0,-96.332,-96.263,-96.263,0.0,0.0,0.0,30.0,8.293,8.78,8.78,-8.0,0.0,0.0,30.0,6.804,6.804,6.804,0.0,0.0,0.0,31.0
80.383,1,rev,-85.0,11.9,41.483,-85.0,41.961,-28.0,0.0,-2.946,33.0,-100.0,-100.0,-100.0,-16.0,0.0,-0.0,31.0,-99.147,-100.0,-100.0,48.0,4.0,0.0,31.0,-45.2,-45.0,-45.0,-8.0,0.0,0.0,37.0,-96.332,-96.263,-96.263,0.0,0.0,0.0,30.0,8.293,8.78,8.78,-8.0,0.0,0.0,31.0,6.804,6.804,6.804,0.0,0.0,0.0,31.0
80.4364,1,rev,-85.0,11.9,41.124,-85.0,41.734,-28.0,0.0,-4.719,33.0,-100.0,-100.0,-100.0,-16.0,0.0,-0.0,31.0,-99.147,-100.0,-100.0,48.0,4.0,0.0,31.0,-45.2,-45.0,-45.0,-8.0,0.0,0.0,37.0,-96.332,-96.263,-96.263,0.0,0.0,0.0,30.0,8.293,8.78,8.78,-8.0,0.0,0.0,31.0,6.804,6.804,6.804,0.0,0.0,0.0,31.0
80.4885,1,rev,-85.0,11.9,40.944,-85.0,41.52,-28.0,0.0,-4.348,33.0,-100.0,-100.0,-100.0,-16.0,0.0,-0.0,31.0,-99.147,-100.0,-100.0,48.0,4.0,0.0,31.0,-45.2,-45.0,-45.0,-8.0,0.0,0.0,37.0,-96.332,-96.263,-96.263,0.0,0.0,0.0,30.0,8.293,8.78,8.78,-8.0,0.0,0.0,31.0,6.804,6.804,6.804,0.0,0.0,0.0,31.0
80.5418,1,rev,-85.0,11.9,40.584,-85.0,41.307,-28.0,0.0,-5.569,33.0,-100.0,-100.0,-100.0,-16.0,0.0,-0.0,31.0,-99.147,-100.0,-100.0,48.0,4.0,0.0,31.0,-45.2,-45.0,-45.0,-8.0,0.0,0.0,37.0,-96.332,-96.263,-96.263,0.0,0.0,0.0,30.0,8.293,8.78,8.78,-8.0,0.0,0.0,31.0,6.804,6.804,6.804,0.0,0.0,0.0,31.0
80.596,1,rev,-85.0,11.9,40.404,-85.0,41.094,-28.0,0.0,-4.76,33.0,-100.0,-100.0,-100.0,-16.0,0.0,-0.0,31.0,-99.147,-100.0,-100.0,48.0,4.0,0.0,31.0,-45.2,-45.0,-45.0,-8.0,0.0,0.0,37.0,-96.332,-96.263,-96.263,0.0,0.0,0.0,30.0,8.293,8.78,8.78,-8.0,0.0,0.0,31.0,6.804,6.804,6.804,0.0,0.0,0.0,31.0
80.6488,1,rev,-85.0,11.9,40.315,-85.0,40.88,-28.0,0.0,-3.346,33.0,-100.0,-100.0,-100.0,-16.0,0.0,-0.0,31.0,-99.147,-100.0,-100.0,48.0,4.0,0.0,31.0,-45.2,-45.0,-45.0,-8.0,0.0,0.0,37.0,-96.332,-96.263,-96.263,0.0,0.0,0.0,30.0,8.293,8.78,8.78,-8.0,0.0,0.0,31.0,6.804,6.804,6.804,0.0,0.0,0.0,31.0
80.7023,1,rev,-85.0,11.9,40.225,-85.0,40.667,-28.0,0.0,-2.647,33.0,-100.0,-100.0,-100.0,-16.0,0.0,-0.0,31.0,-99.147,-100.0,-100.0,48.0,4.0,0.0,31.0,-45.2,-45.0,-45.0,-8.0,0.0,0.0,37.0,-96.332,-96.263,-96.263,0.0,0.0,0.0,30.0,8.293,8.78,8.78,-8.0,0.0,0.0,31.0,6.804,6.804,6.804,0.0,0.0,0.0,31.0
80.7554,1,rev,-85.0,11.9,39.865,-85.0,40.453,-28.0,0.0,-4.73,33.0,-100.0,-100.0,-100.0,-16.0,0.0,-0.0,31.0,-99.147,-100.0,-100.0,48.0,4.0,0.0,31.0,-45.2,-45.0,-45.0,-8.0,0.0,0.0,37.0,-96.332,-96.263,-96.263,0.0,0.0,0.0,30.0,8.293,8.78,8.78,-8.0,0.0,0.0,31.0,6.804,6.804,6.804,0.0,0.0,0.0,31.0
80.8084,1,rev,-85.0,11.9,39.775,-85.0,40.239,-28.0,0.0,-3.023,33.0,-100.0,-100.0,-100.0,-16.0,0.0,-0.0,31.0,-99.147,-100.0,-100.0,48.0,4.0,0.0,31.0,-45.2,-45.0,-45.0,-8.0,0.0,0.0,37.0,-96.332,-96.263,-96.263,0.0,0.0,0.0,30.0,8.293,8.78,8.78,-8.0,0.0,0.0,31.0,6.804,6.804,6.804,0.0,0.0,0.0,31.0
80.8617,1,rev,-85.0,11.9,39.596,-85.0,40.026,-28.0,0.0,-3.198,33.0,-100.0,-100.0,-100.0,-16.0,0.0,-0.0,31.0,-99.147,-100.0,-100.0,48.0,4.0,0.0,31.0,-45.2,-45.0,-45.0,-8.0,0.0,0.0,37.0,-96.332,-96.263,-96.263,0.0,0.0,0.0,30.0,8.293,8.78,8.78,-8.0,0.0,0.0,31.0,6.804,6.804,6.804,0.0,0.0,0.0,31.0
80.9151,1,rev,-85.0,11.9,39.326,-85.0,39.919,-44.0,2.0,-5.275,33.0,-100.0,-100.0,-100.0,-16.0,0.0,-0.0,31.0,-99.147,-100.0,-100.0,48.0,4.0,0.0,31.0,-45.2,-45.0,-45.0,-8.0,0.0,0.0,37.0,-96.332,-96.263,-96.263,0.0,0.0,0.0,30.0,8.293,8.78,8.78,-8.0,0.0,0.0,31.0,6.804,6.804,6.804,0.0,0.0,0.0,31.0
80.9683,1,rev,-85.0,11.9,39.146,-85.0,39.586,-44.0,2.0,-3.252,33.0,-100.0,-100.0,-100.0,-16.0,0.0,-0.0,31.0,-99.147,-100.0,-100.0,48.0,4.0,0.0,31.0,-45.2,-45.0,-45.0,-8.0,0.0,0.0,37.0,-96.332,-96.263,-96.263,0.0,0.0,0.0,30.0,8.293,8.78,8.78,-8.0,0.0,0.0,31.0,6.804,6.804,6.804,0.0,0.0,0.0,31.0
81.0219,1,rev,-85.0,11.9,38.876,-85.0,39.373,-44.0,2.0,-4.015,33.0,-100.0,-100.0,-100.0,-16.0,0.0,-0.0,31.0,-99.147,-100.0,-100.0,48.0,4.0,0.0,31.0,-45.2,-45.0,-45.0,-8.0,0.0,0.0,37.0,-96.332,-96.263,-96.263,0.0,0.0,0.0,30.0,8.293,8.78,8.78,-8.0,0.0,0.0,31.0,6.804,6.804,6.804,0.0,0.0,0.0,31.0
81.075,1,rev,-85.0,11.9,38.697,-85.0,39.159,-44.0,2.0,-3.687,33.0,-100.0,-100.0,-100.0,-16.0,0.0,-0.0,31.0,-99.147,-100.0,-100.0,48.0,4.0,0.0,31.0,-45.2,-45.0,-45.0,-8.0,0.0,0.0,37.0,-96.332,-96.263,-96.263,0.0,0.0,0.0,30.0,8.293,8.78,8.78,-8.0,0.0,0.0,31.0,6.804,6.804,6.804,0.0,0.0,0.0,31.0
81.1276,1,rev,-85.0,11.9,38.337,-85.0,38.946,-44.0,2.0,-5.256,33.0,-100.0,-100.0,-100.0,-16.0,0.0,-0.0,31.0,-99.147,-100.0,-100.0,48.0,4.0,0.0,31.0,-45.2,-45.0,-45.0,-8.0,0.0,0.0,37.0,-96.332,-96.263,-96.263,0.0,0.0,0.0,30.0,8.293,8.78,8.78,-8.0,0.0,0.0,31.0,6.804,6.804,6.804,0.0,0.0,0.0,31.0
81.1807,1,rev,-85.0,11.9,38.247,-85.0,38.734,-44.0,2.0,-3.289,33.0,-100.0,-100.0,-100.0,-16.0,0.0,-0.0,31.0,-99.147,-100.0,-100.0,48.0,4.0,0.0,31.0,-45.2,-45.0,-45.0,-8.0,0.0,0.0,37.0,-96.332,-96.263,-96.263,0.0,0.0,0.0,30.0,8.293,8.78,8.78,-8.0,0.0,0.0,31.0,6.804,6.804,6.804,0.0,0.0,0.0,31.0
81.2337,1,rev,-85.0,11.9,37.978,-85.0,38.52,-44.0,2.0,-4.026,33.0,-100.0,-100.0,-100.0,-16.0,0.0,-0.0,31.0,-99.147,-100.0,-100.0,48.0,4.0,0.0,31.0,-45.2,-45.0,-45.0,-8.0,0.0,0.0,37.0,-96.332,-96.263,-96.263,0.0,0.0,0.0,30.0,8.293,8.78,8.78,-8.0,0.0,0.0,31.0,6.804,6.804,6.804,0.0,0.0,0.0,31.0
81.2872,1,rev,-85.0,11.9,37.708,-85.0,38.308,-44.0,2.0,-4.41,33.0,-100.0,-100.0,-100.0,-16.0,0.0,-0.0,31.0,-99.147,-100.0,-100.0,48.0,4.0,0.0,31.0,-45.2,-45.0,-45.0,-8.0,0.0,0.0,37.0,-96.332,-96.263,-96.263,0.0,0.0,0.0,30.0,8.293,8.78,8.78,-8.0,0.0,0.0,31.0,6.804,6.804,6.804,0.0,0.0,0.0,31.0
81.3402,1,rev,-85.0,11.9,37.528,-85.0,38.094,-44.0,2.0,-3.574,33.0,-100.0,-100.0,-100.0,-16.0,0.0,-0.0,31.0,-99.147,-100.0,-100.0,48.0,4.0,0.0,31.0,-45.2,-45.0,-45.0,-8.0,0.0,0.0,37.0,-96.332,-96.263,-96.263,0.0,0.0,0.0,30.0,8.293,8.78,8.78,-8.0,0.0,0.0,31.0,6.804,6.804,6.804,0.0,0.0,0.0,31.0
81.3934,1,rev,-85.0,11.9,37.438,-85.0,37.881,-44.0,2.0,-2.748,33.0,-100.0,-100.0,-100.0,-16.0,0.0,-0.0,31.0,-99.147,-100.0,-100.0,48.0,4.0,0.0,31.0,-45.2,-45.0,-45.0,-8.0,0.0,0.0,37.0,-96.332,-96.263,-96.263,0.0,0.0,0.0,30.0,8.293,8.78,8.78,-8.0,0.0,0.0,31.0,6.804,6.804,6.804,0.0,0.0,0.0,31.0
81.4455,1,rev,-85.0,11.9,37.348,-85.0,37.667,-44.0,2.0,-2.365,33.0,-100.0,-100.0,-100.0,-16.0,0.0,-0.0,31.0,-99.147,-100.0,-100.0,48.0,4.0,0.0,31.0,-45.2,-45.0,-45.0,-8.0,0.0,0.0,37.0,-96.332,-96.263,-96.263,0.0,0.0,0.0,30.0,8.293,8.78,8.78,-8.0,0.0,0.0,31.0,6.804,6.804,6.804,0.0,0.0,0.0,31.0
81.4988,1,rev,-85.0,12.0,36.989,-85.0,37.429,-20.0,0.0,-3.46,33.0,-100.0,-100.0,-100.0,-16.0,0.0,-0.0,31.0,-99.147,-100.0,-100.0,48.0,5.0,0.0,31.0,-45.2,-45.0,-45.0,-8.0,0.0,0.0,37.0,-96.332,-96.263,-96.263,0.0,0.0,0.0,30.0,8.293,8.78,8.78,-8.0,0.0,0.0,31.0,6.804,6.804,6.804,0.0,0.0,0.0,31.0
81.5518,1,rev,-85.0,12.0,36.719,-85.0,37.215,-20.0,0.0,-4.438,33.0,-100.0,-100.0,-100.0,-16.0,0.0,-0.0,31.0,-99.147,-100.0,-100.0,48.0,5.0,0.0,31.0,-45.2,-45.0,-45.0,-8.0,0.0,0.0,37.0,-96.332,-96.263,-96.263,0.0,0.0,0.0,30.0,8.293,8.78,8.78,-8.0,0.0,0.0,31.0,6.804,6.804,6.804,0.0,0.0,0.0,31.0
81.6046,1,rev,-85.0,12.0,36.449,-85.0,37.001,-20.0,0.0,-4.587,33.0,-100.0,-100.0,-100.0,-16.0,0.0,-0.0,31.0,-99.147,-100.0,-100.0,48.0,5.0,0.0,31.0,-45.2,-45.0,-45.0,-8.0,0.0,0.0,37.0,-96.332,-96.263,-96.263,0.0,0.0,0.0,30.0,8.293,8.78,8.78,-8.0,0.0,0.0,31.0,6.804,6.804,6.804,0.0,0.0,0.0,31.0
81.6566,1,rev,-85.0,12.0,36.27,-85.0,36.788,-20.0,0.0,-3.965,33.0,-100.0,-100.0,-100.0,-16.0,0.0,-0.0,31.0,-99.147,-100.0,-100.0,48.0,5.0,0.0,31.0,-45.2,-45.0,-45.0,-8.0,0.0,0.0,37.0,-96.332,-96.263,-96.263,0.0,0.0,0.0,30.0,8.293,8.78,8.78,-8.0,0.0,0.0,31.0,6.804,6.804,6.804,0.0,0.0,0.0,31.0
81.7086,1,rev,-85.0,12.0,36.09,-85.0,36.575,-20.0,0.0,-4.8,33.0,-100.0,-100.0,-100.0,-16.0,0.0,-0.0,31.0,-99.147,-100.0,-100.0,48.0,5.0,0.0,31.0,-45.2,-45.0,-45.0,-8.0,0.0,0.0,37.0,-96.332,-96.263,-96.263,0.0,0.0,0.0,30.0,8.293,8.78,8.78,-8.0,0.0,0.0,31.0,6.804,6.804,6.804,0.0,0.0,0.0,31.0
81.762,1,rev,-85.0,12.0,36.0,-85.0,36.35,-20.0,0.0,-3.365,33.0,-100.0,-100.0,-100.0,-16.0,0.0,-0.0,31.0,-99.147,-100.0,-100.0,48.0,5.0,0.0,31.0,-45.2,-45.0,-45.0,-8.0,0.0,0.0,37.0,-96.332,-96.263,-96.263,0.0,0.0,0.0,30.0,8.293,8.78,8.78,-8.0,0.0,0.0,31.0,6.804,6.804,6.804,0.0,0.0,0.0,31.0
81.8144,1,rev,-85.0,12.0,35.82,-85.0,36.232,-20.0,0.0,-3.686,33.0,-100.0,-100.0,-100.0,-16.0,0.0,-0.0,31.0,-99.147,-100.0,-100.0,48.0,5.0,0.0,31.0,-45.2,-45.0,-45.0,-8.0,0.0,0.0,37.0,-96.332,-96.263,-96.263,0.0,0.0,0.0,30.0,8.293,8.78,8.78,-8.0,0.0,0.0,31.0,6.804,6.804,6.804,0.0,0.0,0.0,31.0
81.8681,1,rev,-85.0,12.0,35.461,-85.0,36.007,-20.0,0.0,-4.732,33.0,-100.0,-100.0,-100.0,-16.0,0.0,-0.0,31.0,-99.147,-100.0,-100.0,48.0,5.0,0.0,31.0,-45.2,-45.0,-45.0,-8.0,0.0,0.0,37.0,-96.332,-96.263,-96.263,0.0,0.0,0.0,30.0,8.293,8.78,8.78,-8.0,0.0,0.0,31.0,6.804,6.804,6.804,0.0,0.0,0.0,31.0
81.9214,1,rev,-85.0,12.0,35.371,-85.0,35.793,-20.0,0.0,-3.319,33.0,-100.0,-100.0,-100.0,-16.0,0.0,-0.0,31.0,-99.147,-100.0,-100.0,48.0,5.0,0.0,31.0,-45.2,-45.0,-45.0,-8.0,0.0,0.0,37.0,-96.332,-96.263,-96.263,0.0,0.0,0.0,30.0,8.293,8.78,8.78,-8.0,0.0,0.0,31.0,6.804,6.804,6.804,0.0,0.0,0.0,31.0
81.9743,1,rev,-85.0,12.0,35.101,-85.0,35.579,-20.0,0.0,-4.363,33.0,-100.0,-100.0,-100.0,-16.0,0.0,-0.0,31.0,-99.147,-100.0,-100.0,48.0,5.0,0.0,31.0,-45.2,-45.0,-45.0,-8.0,0.0,0.0,37.0,-96.332,-96.263,-96.263,0.0,0.0,0.0,30.0,8.293,8.78,8.78,-8.0,0.0,0.0,31.0,6.804,6.804,6.804,0.0,0.0,0.0,31.0
82.0279,1,rev,-85.0,12.0,34.921,-85.0,35.367,-20.0,0.0,-3.864,33.0,-100.0,-100.0,-100.0,-16.0,0.0,-0.0,31.0,-99.147,-100.0,-100.0,48.0,5.0,0.0,31.0,-45.2,-45.0,-45.0,-8.0,0.0,0.0,37.0,-96.332,-96.263,-96.263,0.0,0.0,0.0,30.0,8.293,8.78,8.78,-8.0,0.0,0.0,31.0,6.804,6.804,6.804,0.0,0.0,0.0,31.0
82.0806,1,rev,-85.0,11.9,34.742,-85.0,35.127,-28.0,1.0,-3.603,33.0,-100.0,-100.0,-100.0,-16.0,0.0,-0.0,31.0,-99.147,-100.0,-100.0,48.0,5.0,0.0,31.0,-45.2,-45.0,-45.0,-8.0,0.0,0.0,37.0,-96.401,-96.263,-96.263,0.0,0.0,-0.346,30.0,8.293,8.78,8.78,-8.0,0.0,0.0,31.0,6.804,6.804,6.804,0.0,0.0,0.0,31.0
82.1337,1,rev,-85.0,11.9,34.652,-85.0,34.913,-28.0,1.0,-2.473,33.0,-100.0,-100.0,-100.0,-16.0,0.0,-0.0,31.0,-99.147,-100.0,-100.0,48.0,5.0,0.0,31.0,-45.2,-45.0,-45.0,-8.0,0.0,0.0,37.0,-96.401,-96.263,-96.263,0.0,0.0,-0.169,30.0,8.293,8.78,8.78,-8.0,0.0,0.0,31.0,6.804,6.804,6.804,0.0,0.0,0.0,31.0
82.1872,1,rev,-85.0,11.9,34.292,-85.0,34.699,-28.0,1.0,-4.634,33.0,-100.0,-100.0,-100.0,-16.0,0.0,-0.0,31.0,-99.147,-100.0,-100.0,48.0,5.0,0.0,31.0,-45.2,-45.0,-45.0,-8.0,0.0,0.0,37.0,-96.332,-96.263,-96.263,0.0,0.0,0.46,30.0,8.293,8.78,8.78,-8.0,0.0,0.0,31.0,6.804,6.804,6.804,0.0,0.0,0.0,31.0
82.2397,1,rev,-85.0,11.9,34.022,-85.0,34.486,-28.0,1.0,-4.685,33.0,-100.0,-100.0,-100.0,-16.0,0.0,-0.0,31.0,-99.147,-100.0,-100.0,48.0,5.0,0.0,31.0,-45.2,-45.0,-45.0,-8.0,0.0,0.0,37.0,-96.332,-96.263,-96.263,0.0,0.0,0.225,30.0,8.293,8.78,8.78,-8.0,0.0,0.0,31.0,6.804,6.804,6.804,0.0,0.0,0.0,31.0
82.2917,1,rev,-85.0,11.9,33.933,-85.0,34.27,-28.0,1.0,-3.314,33.0,-100.0,-100.0,-100.0,-16.0,0.0,-0.0,31.0,-99.147,-100.0,-100.0,48.0,5.0,0.0,31.0,-45.2,-45.0,-45.0,-8.0,0.0,0.0,37.0,-96.332,-96.263,-96.263,0.0,0.0,0.11,30.0,8.293,8.78,8.78,-8.0,0.0,0.0,31.0,6.804,6.804,6.804,0.0,0.0,0.0,31.0
82.3447,1,rev,-85.0,11.9,33.483,-85.0,34.056,-28.0,1.0,-5.751,33.0,-100.0,-100.0,-100.0,-16.0,0.0,-0.0,31.0,-99.147,-100.0,-100.0,48.0,5.0,0.0,31.0,-45.2,-45.0,-45.0,-8.0,0.0,0.0,37.0,-96.332,-96.263,-96.263,0.0,0.0,0.054,30.0,8.293,8.78,8.78,-8.0,0.0,0.0,31.0,6.804,6.804,6.804,0.0,0.0,0.0,31.0
82.398,1,rev,-85.0,11.9,33.393,-85.0,33.843,-28.0,1.0,-3.831,33.0,-100.0,-100.0,-100.0,-16.0,0.0,-0.0,31.0,-99.147,-100.0,-100.0,48.0,5.0,0.0,31.0,-45.2,-45.0,-45.0,-8.0,0.0,0.0,37.0,-96.332,-96.263,-96.263,0.0,0.0,0.026,30.0,8.293,8.78,8.78,-8.0,0.0,0.0,31.0,6.804,6.804,6.804,0.0,0.0,0.0,31.0
82.4512,1,rev,-85.0,11.9,33.213,-85.0,33.63,-28.0,1.0,-3.297,33.0,-100.0,-100.0,-100.0,-16.0,0.0,-0.0,31.0,-99.147,-100.0,-100.0,48.0,5.0,0.0,31.0,-45.2,-45.0,-45.0,-8.0,0.0,0.0,37.0,-96.332,-96.263,-96.263,0.0,0.0,0.013,30.0,8.293,8.78,8.78,-8.0,0.0,0.0,31.0,6.804,6.804,6.804,0.0,0.0,0.0,31.0
82.5035,1,rev,-85.0,11.9,33.124,-85.0,33.415,-28.0,1.0,-2.322,33.0,-100.0,-100.0,-100.0,-16.0,0.0,-0.0,31.0,-99.147,-100.0,-100.0,48.0,5.0,0.0,31.0,-45.2,-45.0,-45.0,-8.0,0.0,0.0,37.0,-96.332,-96.263,-96.263,0.0,0.0,0.006,30.0,8.293,8.78,8.78,-8.0,0.0,0.0,31.0,6.804,6.804,6.804,0.0,0.0,0.0,31.0
82.5569,1,rev,-85.0,11.9,32.854,-85.0,33.202,-28.0,1.0,-3.562,33.0,-100.0,-100.0,-100.0,-16.0,0.0,-0.0,31.0,-99.147,-100.0,-100.0,48.0,5.0,0.0,31.0,-45.2,-45.0,-45.0,-8.0,0.0,0.0,37.0,-96.332,-96.263,-96.263,0.0,0.0,0.003,30.0,8.293,8.78,8.78,-8.0,0.0,0.0,31.0,6.804,6.804,6.804,0.0,0.0,0.0,31.0
82.6108,1,rev,-85.0,11.9,32.674,-85.0,33.096,-32.0,1.0,-4.517,33.0,-100.0,-100.0,-100.0,-16.0,0.0,-0.0,31.0,-99.147,-100.0,-100.0,48.0,5.0,0.0,31.0,-45.2,-45.0,-45.0,-8.0,0.0,0.0,37.0,-96.332,-96.263,-96.263,0.0,0.0,0.002,30.0,8.293,8.78,8.78,-8.0,0.0,0.0,31.0,6.804,6.804,6.804,0.0,0.0,0.0,31.0
82.6639,1,rev,-85.0,11.9,32.494,-85.0,32.761,-32.0,1.0,-3.556,33.0,-100.0,-100.0,-100.0,-16.0,0.0,-0.0,31.0,-99.147,-100.0,-100.0,48.0,5.0,0.0,31.0,-45.2,-45.0,-45.0,-8.0,0.0,0.0,37.0,-96.332,-96.263,-96.263,0.0,0.0,0.001,30.0,8.293,8.78,8.78,-8.0,0.0,0.0,31.0,6.804,6.804,6.804,0.0,0.0,0.0,31.0
82.7173,1,rev,-85.0,11.9,32.135,-85.0,32.548,-32.0,1.0,-5.182,33.0,-100.0,-100.0,-100.0,-16.0,0.0,-0.0,31.0,-99.147,-100.0,-100.0,48.0,5.0,0.0,31.0,-45.2,-45.0,-45.0,-8.0,0.0,0.0,37.0,-96.332,-96.263,-96.263,0.0,0.0,0.001,30.0,8.293,8.78,8.78,-8.0,0.0,0.0,31.0,6.804,6.804,6.804,0.0,0.0,0.0,31.0
82.7696,1,rev,-85.0,11.9,31.865,-85.0,32.335,-32.0,1.0,-5.257,33.0,-100.0,-100.0,-100.0,-16.0,0.0,-0.0,31.0,-99.147,-100.0,-100.0,48.0,5.0,0.0,31.0,-45.2,-45.0,-45.0,-8.0,0.0,0.0,37.0,-96.332,-96.263,-96.263,0.0,0.0,0.0,30.0,8.293,8.78,8.78,-8.0,0.0,0.0,31.0,6.804,6.804,6.804,0.0,0.0,0.0,31.0
82.8216,1,rev,-85.0,11.9,31.775,-85.0,32.121,-32.0,1.0,-4.69,33.0,-100.0,-100.0,-100.0,-16.0,0.0,-0.0,31.0,-99.147,-100.0,-100.0,48.0,5.0,0.0,31.0,-45.2,-45.0,-45.0,-8.0,0.0,0.0,37.0,-96.332,-96.263,-96.263,0.0,0.0,0.0,30.0,8.293,8.78,8.78,-8.0,0.0,0.0,31.0,6.804,6.804,6.804,0.0,0.0,0.0,31.0
82.8748,1,rev,-85.0,11.9,31.685,-85.0,31.897,-32.0,1.0,-3.317,33.0,-100.0,-100.0,-100.0,-16.0,0.0,-0.0,31.0,-99.147,-100.0,-100.0,48.0,5.0,0.0,31.0,-45.2,-45.0,-45.0,-8.0,0.0,0.0,37.0,-96.332,-96.263,-96.263,0.0,0.0,0.0,30.0,8.293,8.78,8.78,-8.0,0.0,0.0,31.0,6.804,6.804,6.804,0.0,0.0,0.0,31.0
82.9283,1,rev,-85.0,11.9,31.416,-85.0,31.778,-32.0,1.0,-4.275,33.0,-100.0,-100.0,-100.0,-16.0,0.0,-0.0,31.0,-99.147,-100.0,-100.0,48.0,5.0,0.0,31.0,-45.2,-45.0,-45.0,-8.0,0.0,0.0,37.0,-96.332,-96.263,-96.263,0.0,0.0,0.0,30.0,8.293,8.78,8.78,-8.0,0.0,0.0,31.0,6.804,6.804,6.804,0.0,0.0,0.0,31.0
82.9818,1,rev,-85.0,11.9,31.146,-85.0,31.553,-32.0,1.0,-4.381,33.0,-100.0,-100.0,-100.0,-16.0,0.0,-0.0,31.0,-99.289,-100.0,-100.0,48.0,5.0,-1.012,31.0,-45.2,-45.0,-45.0,-8.0,0.0,0.0,37.0,-96.332,-96.263,-96.263,0.0,0.0,0.0,30.0,8.293,8.78,8.78,-8.0,0.0,0.0,31.0,6.804,6.804,6.804,0.0,0.0,0.0,31.0
83.035,1,rev,-85.0,11.9,30.966,-85.0,31.338,-32.0,1.0,-3.865,33.0,-100.0,-100.0,-100.0,-16.0,0.0,-0.0,31.0,-99.289,-100.0,-100.0,48.0,5.0,-0.496,31.0,-45.2,-45.0,-45.0,-8.0,0.0,0.0,37.0,-96.332,-96.263,-96.263,0.0,0.0,0.0,30.0,8.293,8.78,8.78,-8.0,0.0,0.0,31.0,6.804,6.804,6.804,0.0,0.0,0.0,31.0
83.0876,1,rev,-85.0,11.9,30.697,-85.0,31.123,-32.0,1.0,-4.604,33.0,-100.0,-100.0,-100.0,-16.0,0.0,-0.0,31.0,-99.289,-100.0,-100.0,48.0,5.0,-0.243,31.0,-45.2,-45.0,-45.0,-8.0,0.0,0.0,37.0,-96.332,-96.263,-96.263,0.0,0.0,0.0,30.0,8.293,8.78,8.78,-8.0,0.0,0.0,31.0,6.804,6.804,6.804,0.0,0.0,0.0,31.0
83.1409,1,rev,-85.0,11.9,30.517,-85.0,30.909,-32.0,1.0,-3.67,33.0,-100.0,-100.0,-100.0,-16.0,0.0,-0.0,31.0,-99.289,-100.0,-100.0,48.0,5.0,-0.119,31.0,-45.2,-45.0,-45.0,-8.0,0.0,0.0,37.0,-96.332,-96.263,-96.263,0.0,0.0,0.0,30.0,8.293,8.78,8.78,-8.0,0.0,0.0,31.0,6.804,6.804,6.804,0.0,0.0,0.0,31.0
83.1943,1,rev,-85.0,11.9,30.337,-85.0,30.802,-28.0,1.0,-4.566,33.0,-100.0,-100.0,-100.0,-16.0,0.0,-0.0,31.0,-99.289,-100.0,-100.0,40.0,3.0,-0.083,31.0,-45.2,-45.0,-45.0,-8.0,0.0,0.0,37.0,-96.332,-96.263,-96.263,0.0,0.0,0.0,30.0,8.293,8.78,8.78,-8.0,0.0,0.0,30.0,6.804,6.804,6.804,0.0,0.0,0.0,31.0
83.2465,1,rev,-85.0,11.9,30.337,-85.0,30.467,-28.0,1.0,-2.237,33.0,-100.0,-100.0,-100.0,-16.0,0.0,-0.0,31.0,-99.289,-100.0,-100.0,40.0,3.0,-0.041,31.0,-45.2,-45.0,-45.0,-8.0,0.0,0.0,37.0,-96.332,-96.263,-96.263,0.0,0.0,0.0,30.0,8.293,8.78,8.78,-8.0,0.0,0.0,30.0,6.804,6.804,6.804,0.0,0.0,0.0,31.0
83.2999,1,rev,-85.0,11.9,29.978,-85.0,30.253,-28.0,1.0,-4.557,33.0,-100.0,-100.0,-100.0,-16.0,0.0,-0.0,31.0,-99.289,-100.0,-100.0,40.0,3.0,-0.02,31.0,-45.2,-45.0,-45.0,-8.0,0.0,0.0,37.0,-96.332,-96.263,-96.263,0.0,0.0,0.0,30.0,8.293,8.78,8.78,-8.0,0.0,0.0,30.0,6.804,6.804,6.804,0.0,0.0,0.0,31.0
83.3532,1,rev,-85.0,11.9,29.708,-85.0,30.041,-28.0,1.0,-4.674,33.0,-100.0,-100.0,-100.0,-16.0,0.0,-0.0,31.0,-99.289,-100.0,-100.0,40.0,3.0,-0.01,31.0,-45.2,-45.0,-45.0,-8.0,0.0,0.0,37.0,-96.332,-96.263,-96.263,0.0,0.0,0.0,30.0,8.293,8.78,8.78,-8.0,0.0,0.0,30.0,6.804,6.804,6.804,0.0,0.0,0.0,31.0
83.4055,1,rev,-85.0,11.9,29.528,-85.0,29.829,-28.0,1.0,-4.019,33.0,-100.0,-100.0,-100.0,-16.0,0.0,-0.0,31.0,-99.289,-100.0,-100.0,40.0,3.0,-0.005,31.0,-45.2,-45.0,-45.0,-8.0,0.0,0.0,37.0,-96.332,-96.263,-96.263,0.0,0.0,0.0,30.0,8.293,8.78,8.78,-8.0,0.0,0.0,30.0,6.804,6.804,6.804,0.0,0.0,0.0,31.0
83.4579,1,rev,-85.0,11.9,29.169,-85.0,29.617,-28.0,1.0,-5.381,33.0,-100.0,-100.0,-100.0,-16.0,0.0,-0.0,31.0,-99.289,-100.0,-100.0,40.0,3.0,-0.002,31.0,-45.2,-45.0,-45.0,-8.0,0.0,0.0,37.0,-96.332,-96.263,-96.263,0.0,0.0,0.0,30.0,8.293,8.78,8.78,-8.0,0.0,0.0,30.0,6.804,6.804,6.804,0.0,0.0,0.0,31.0
83.5111,1,rev,-85.0,11.9,28.899,-85.0,29.403,-28.0,1.0,-5.7,33.0,-100.0,-100.0,-100.0,-16.0,0.0,-0.0,31.0,-99.289,-100.0,-100.0,40.0,3.0,-0.001,31.0,-45.2,-45.0,-45.0,-8.0,0.0,0.0,37.0,-96.332,-96.263,-96.263,0.0,0.0,0.0,30.0,8.293,8.78,8.78,-8.0,0.0,0.0,30.0,6.804,6.804,6.804,0.0,0.0,0.0,31.0
83.5643,1,rev,-85.0,11.9,28.899,-85.0,29.191,-28.0,1.0,-2.793,33.0,-100.0,-100.0,-100.0,-16.0,0.0,-0.0,31.0,-99.289,-100.0,-100.0,40.0,3.0,-0.001,31.0,-45.2,-45.0,-45.0,-8.0,0.0,0.0,37.0,-96.332,-96.263,-96.263,0.0,0.0,0.0,30.0,8.293,8.78,8.78,-8.0,0.0,0.0,30.0,6.804,6.804,6.804,0.0,0.0,0.0,31.0
83.6189,1,rev,-85.0,11.9,28.719,-85.0,28.977,-28.0,1.0,-3.089,33.0,-100.0,-100.0,-100.0,-16.0,0.0,-0.0,31.0,-99.289,-100.0,-100.0,40.0,3.0,-0.0,31.0,-45.2,-45.0,-45.0,-8.0,0.0,0.0,37.0,-96.332,-96.263,-96.263,0.0,0.0,0.0,30.0,8.293,8.78,8.78,-8.0,0.0,0.0,30.0,6.804,6.804,6.804,0.0,0.0,0.0,31.0
83.6722,1,rev,-85.0,11.9,28.36,-85.0,28.764,-28.0,1.0,-4.963,33.0,-100.0,-100.0,-100.0,-16.0,0.0,-0.0,31.0,-99.289,-100.0,-100.0,40.0,3.0,-0.0,31.0,-45.2,-45.0,-45.0,-8.0,0.0,0.0,37.0,-96.332,-96.263,-96.263,0.0,0.0,0.0,30.0,8.293,8.78,8.78,-8.0,0.0,0.0,30.0,6.804,6.804,6.804,0.0,0.0,0.0,31.0
83.7245,1,rev,-85.0,11.9,28.27,-85.0,28.552,-28.0,1.0,-3.147,33.0,-100.0,-100.0,-100.0,-16.0,0.0,-0.0,31.0,-99.289,-100.0,-100.0,40.0,3.0,-0.0,31.0,-45.2,-45.0,-45.0,-8.0,0.0,0.0,37.0,-96.332,-96.263,-96.263,0.0,0.0,0.0,30.0,8.78,8.78,8.78,-8.0,0.0,5.481,30.0,6.804,6.804,6.804,0.0,0.0,0.0,31.0
83.7778,1,rev,-85.0,11.9,28.18,-85.0,28.313,-12.0,0.0,-2.655,33.0,-100.0,-100.0,-100.0,-16.0,0.0,-0.0,31.0,-99.289,-100.0,-100.0,40.0,3.0,-0.0,31.0,-45.2,-45.0,-45.0,-8.0,0.0,0.0,37.0,-96.332,-96.263,-96.263,0.0,0.0,0.0,30.0,8.78,8.78,8.78,0.0,0.0,3.836,31.0,6.804,6.804,6.804,0.0,0.0,0.0,31.0
83.8308,1,rev,-85.0,11.9,27.82,-85.0,28.1,-12.0,0.0,-5.054,33.0,-100.0,-100.0,-100.0,-16.0,0.0,-0.0,31.0,-99.289,-100.0,-100.0,40.0,3.0,-0.0,31.0,-45.2,-45.0,-45.0,-8.0,0.0,0.0,37.0,-96.332,-96.263,-96.263,0.0,0.0,0.0,30.0,8.78,8.78,8.78,0.0,0.0,1.88,31.0,6.804,6.804,6.804,0.0,0.0,0.0,31.0
83.8839,1,rev,-85.0,11.9,27.551,-85.0,27.884,-12.0,0.0,-5.199,33.0,-100.0,-100.0,-100.0,-16.0,0.0,-0.0,31.0,-99.289,-100.0,-100.0,40.0,3.0,-0.0,31.0,-45.2,-45.0,-45.0,-8.0,0.0,0.0,37.0,-96.401,-96.263,-96.263,0.0,0.0,-0.781,30.0,8.78,8.78,8.78,0.0,0.0,0.921,31.0,6.804,6.804,6.804,0.0,0.0,0.0,31.0
83.9373,1,rev,-85.0,11.9,27.461,-85.0,27.672,-12.0,0.0,-3.258,33.0,-100.0,-100.0,-100.0,-16.0,0.0,-0.0,31.0,-99.289,-100.0,-100.0,40.0,3.0,-0.0,31.0,-45.2,-45.0,-45.0,-8.0,0.0,0.0,37.0,-96.332,-96.263,-96.263,0.0,0.0,0.164,30.0,8.78,8.78,8.78,0.0,0.0,0.451,31.0,6.804,6.804,6.804,0.0,0.0,0.0,31.0
83.9897,1,rev,-85.0,11.9,27.281,-85.0,27.459,-12.0,0.0,-3.319,33.0,-100.0,-100.0,-100.0,-16.0,0.0,-0.0,31.0,-99.289,-100.0,-100.0,40.0,3.0,-0.0,31.0,-45.2,-45.0,-45.0,-8.0,0.0,0.0,37.0,-96.332,-96.263,-96.263,0.0,0.0,0.081,30.0,8.78,8.78,8.78,0.0,0.0,0.221,31.0,6.804,6.804,6.804,0.0,0.0,0.0,31.0
84.0429,1,rev,-85.0,11.9,26.831,-85.0,27.244,-12.0,0.0,-6.04,33.0,-100.0,-100.0,-100.0,-16.0,0.0,-0.0,31.0,-99.289,-100.0,-100.0,40.0,3.0,-0.0,31.0,-45.2,-45.0,-45.0,-8.0,0.0,0.0,37.0,-96.332,-96.263,-96.263,0.0,0.0,0.039,30.0,8.78,8.78,8.78,0.0,0.0,0.108,31.0,6.804,6.804,6.804,0.0,0.0,0.0,31.0
84.0961,1,rev,-85.0,11.9,26.742,-85.0,27.03,-12.0,0.0,-3.972,33.0,-100.0,-100.0,-100.0,-16.0,0.0,-0.0,31.0,-99.289,-100.0,-100.0,40.0,3.0,-0.0,31.0,-45.2,-45.0,-45.0,-8.0,0.0,0.0,37.0,-96.332,-96.263,-96.263,0.0,0.0,0.019,30.0,8.78,8.78,8.78,0.0,0.0,0.053,31.0,6.804,6.804,6.804,0.0,0.0,0.0,31.0
84.1491,1,rev,-85.0,11.9,26.562,-85.0,26.817,-12.0,0.0,-3.664,33.0,-100.0,-100.0,-100.0,-16.0,0.0,-0.0,31.0,-99.289,-100.0,-100.0,40.0,3.0,-0.0,31.0,-45.2,-45.0,-45.0,-8.0,0.0,0.0,37.0,-96.332,-96.263,-96.263,0.0,0.0,0.009,30.0,8.78,8.78,8.78,0.0,0.0,0.026,31.0,6.804,6.804,6.804,0.0,0.0,0.0,31.0
84.2022,1,rev,-85.0,11.9,26.382,-85.0,26.602,-12.0,0.0,-4.572,33.0,-100.0,-100.0,-100.0,-16.0,0.0,-0.0,31.0,-99.289,-100.0,-100.0,40.0,3.0,-0.0,31.0,-45.2,-45.0,-45.0,-8.0,0.0,0.0,37.0,-96.332,-96.263,-96.263,0.0,0.0,0.007,30.0,8.78,8.78,8.78,0.0,0.0,0.018,31.0,6.804,6.804,6.804,0.0,0.0,0.0,31.0
84.2544,1,rev,-85.0,11.9,26.112,-85.0,26.379,-12.0,0.0,-4.541,33.0,-100.0,-100.0,-100.0,-16.0,0.0,-0.0,31.0,-99.289,-100.0,-100.0,40.0,3.0,-0.0,31.0,-45.2,-45.0,-45.0,-8.0,0.0,0.0,37.0,-96.332,-96.263,-96.263,0.0,0.0,0.003,30.0,8.78,8.78,8.78,0.0,0.0,0.009,31.0,6.804,6.804,6.804,0.0,0.0,0.0,31.0
84.3081,1,rev,-85.0,11.9,26.022,-85.0,26.261,-12.0,0.0,-2.869,33.0,-100.0,-100.0,-100.0,-16.0,0.0,-0.0,31.0,-99.289,-100.0,-100.0,40.0,3.0,-0.0,31.0,-45.2,-45.0,-45.0,-8.0,0.0,0.0,37.0,-96.332,-96.263,-96.263,0.0,0.0,0.002,30.0,8.78,8.78,8.78,0.0,0.0,0.004,31.0,6.804,6.804,6.804,0.0,0.0,0.0,31.0
84.3605,1,rev,-85.0,12.0,25.933,-85.0,26.021,-4.0,0.0,-2.458,33.0,-100.0,-100.0,-100.0,-8.0,0.0,-0.0,31.0,-99.289,-100.0,-100.0,40.0,3.0,-0.0,31.0,-45.2,-45.0,-45.0,-8.0,0.0,0.0,37.0,-96.332,-96.263,-96.263,0.0,0.0,0.001,30.0,8.78,8.78,8.78,0.0,0.0,0.003,31.0,6.804,6.804,6.804,0.0,0.0,0.0,31.0
84.4139,1,rev,-85.0,12.0,25.573,-85.0,25.809,-4.0,0.0,-4.945,33.0,-100.0,-100.0,-100.0,-8.0,0.0,-0.0,31.0,-99.289,-100.0,-100.0,40.0,3.0,-0.0,31.0,-45.2,-45.0,-45.0,-8.0,0.0,0.0,37.0,-96.332,-96.263,-96.263,0.0,0.0,0.001,30.0,8.78,8.78,8.78,0.0,0.0,0.001,31.0,6.804,6.804,6.804,0.0,0.0,0.0,31.0
84.467,1,rev,-85.0,12.0,25.393,-85.0,25.597,-4.0,0.0,-3.851,33.0,-100.0,-100.0,-100.0,-8.0,0.0,-0.0,31.0,-99.289,-100.0,-100.0,40.0,3.0,-0.0,31.0,-45.2,-45.0,-45.0,-8.0,0.0,0.0,37.0,-96.332,-96.263,-96.263,0.0,0.0,0.0,30.0,8.78,8.78,8.78,0.0,0.0,0.001,31.0,6.804,6.804,6.804,0.0,0.0,0.0,31.0
84.5203,1,rev,-85.0,12.0,25.213,-85.0,25.382,-4.0,0.0,-3.597,33.0,-100.0,-100.0,-100.0,-8.0,0.0,-0.0,31.0,-99.289,-100.0,-100.0,40.0,3.0,-0.0,31.0,-45.2,-45.0,-45.0,-8.0,0.0,0.0,37.0,-96.332,-96.263,-96.263,0.0,0.0,0.0,30.0,8.78,8.78,8.78,0.0,0.0,0.0,31.0,6.804,6.804,6.804,0.0,0.0,0.0,31.0
84.5738,1,rev,-85.0,12.0,24.854,-85.0,25.169,-4.0,0.0,-5.491,33.0,-100.0,-100.0,-100.0,-8.0,0.0,-0.0,31.0,-99.289,-100.0,-100.0,40.0,3.0,-0.0,31.0,-45.2,-45.0,-45.0,-8.0,0.0,0.0,37.0,-96.332,-96.263,-96.263,0.0,0.0,0.0,30.0,8.78,8.78,8.78,0.0,0.0,0.0,31.0,6.804,6.804,6.804,0.0,0.0,0.0,31.0
84.6279,1,rev,-85.0,12.0,24.674,-85.0,24.955,-4.0,0.0,-4.393,33.0,-100.0,-100.0,-100.0,-8.0,0.0,-0.0,31.0,-99.289,-100.0,-100.0,40.0,3.0,-0.0,31.0,-45.2,-45.0,-45.0,-8.0,0.0,0.0,37.0,-96.332,-96.263,-96.263,0.0,0.0,0.0,30.0,8.78,8.78,8.78,0.0,0.0,0.0,31.0,6.804,6.804,6.804,0.0,0.0,0.0,31.0
84.6805,1,rev,-85.0,12.0,24.584,-85.0,24.74,-4.0,0.0,-2.858,33.0,-100.0,-100.0,-100.0,-8.0,0.0,-0.0,31.0,-99.289,-100.0,-100.0,40.0,3.0,-0.0,31.0,-45.2,-45.0,-45.0,-8.0,0.0,0.0,37.0,-96.401,-96.263,-96.263,0.0,0.0,-0.543,30.0,8.293,8.78,8.78,0.0,0.0,-5.494,31.0,6.804,6.804,6.804,0.0,0.0,0.0,31.0
84.7325,1,rev,-85.0,12.0,24.404,-85.0,24.526,-4.0,0.0,-3.12,33.0,-100.0,-100.0,-100.0,-8.0,0.0,-0.0,31.0,-99.289,-100.0,-100.0,40.0,3.0,-0.0,31.0,-45.2,-45.0,-45.0,-8.0,0.0,0.0,37.0,-96.332,-96.263,-96.263,0.0,0.0,0.278,30.0,8.293,8.78,8.78,0.0,0.0,-2.692,31.0,6.804,6.804,6.804,0.0,0.0,0.0,31.0
84.7854,1,rev,-85.0,12.0,24.045,-85.0,24.313,-4.0,0.0,-4.971,33.0,-100.0,-100.0,-100.0,-8.0,0.0,-0.0,31.0,-99.289,-100.0,-100.0,40.0,3.0,-0.0,31.0,-45.2,-45.0,-45.0,-8.0,0.0,0.0,37.0,-96.332,-96.263,-96.263,0.0,0.0,0.136,30.0,8.78,8.78,8.78,0.0,0.0,4.177,31.0,6.804,6.804,6.804,0.0,0.0,0.0,31.0
84.8375,1,rev,-85.0,12.0,23.865,-85.0,24.1,-4.0,0.0,-4.148,33.0,-100.0,-100.0,-100.0,-8.0,0.0,-0.0,31.0,-99.289,-100.0,-100.0,40.0,3.0,-0.0,31.0,-45.2,-45.0,-45.0,-8.0,0.0,0.0,37.0,-96.332,-96.263,-96.263,0.0,0.0,0.067,30.0,8.78,8.78,8.78,0.0,0.0,2.047,31.0,6.804,6.804,6.804,0.0,0.0,0.0,31.0
84.8898,1,rev,-85.0,11.9,23.775,-85.0,23.993,-12.0,0.0,-3.912,33.0,-100.0,-100.0,-100.0,-8.0,0.0,-0.0,31.0,-99.289,-100.0,-100.0,40.0,3.0,-0.0,31.0,-45.2,-45.0,-45.0,-8.0,0.0,0.0,37.0,-96.332,-96.263,-96.263,0.0,0.0,0.047,30.0,8.78,8.78,8.78,0.0,0.0,1.433,31.0,6.804,6.804,6.804,0.0,0.0,0.0,31.0
84.9427,1,rev,-85.0,11.9,23.416,-85.0,23.658,-12.0,0.0,-3.924,33.0,-100.0,-100.0,-100.0,-8.0,0.0,-0.0,31.0,-99.289,-100.0,-100.0,40.0,3.0,-0.0,31.0,-45.2,-45.0,-45.0,-8.0,0.0,0.0,37.0,-96.332,-96.263,-96.263,0.0,0.0,0.023,30.0,8.78,8.78,8.78,0.0,0.0,0.702,31.0,6.804,6.804,6.804,0.0,0.0,0.0,31.0
84.9947,1,rev,-85.0,11.9,23.146,-85.0,23.445,-12.0,0.0,-4.653,33.0,-100.0,-100.0,-100.0,-8.0,0.0,-0.0,31.0,-99.289,-100.0,-100.0,40.0,3.0,-0.0,31.0,-45.2,-45.0,-45.0,-8.0,0.0,0.0,37.0,-96.332,-96.263,-96.263,0.0,0.0,0.011,30.0,8.78,8.78,8.78,0.0,0.0,0.344,31.0,6.804,6.804,6.804,0.0,0.0,0.0,31.0
85.0484,1,rev,-85.0,11.9,23.146,-85.0,23.232,-12.0,0.0,-2.28,33.0,-100.0,-100.0,-100.0,-8.0,0.0,-0.0,31.0,-99.289,-100.0,-100.0,40.0,3.0,-0.0,31.0,-45.2,-45.0,-45.0,-8.0,0.0,0.0,37.0,-96.332,-96.263,-96.263,0.0,0.0,0.005,30.0,8.78,8.78,8.78,0.0,0.0,0.169,31.0,6.804,6.804,6.804,0.0,0.0,0.0,31.0
85.1011,1,rev,-85.0,11.9,22.966,-85.0,23.018,-12.0,0.0,-2.824,33.0,-100.0,-100.0,-100.0,-8.0,0.0,-0.0,31.0,-99.289,-100.0,-100.0,40.0,3.0,-0.0,31.0,-45.2,-45.0,-45.0,-8.0,0.0,0.0,37.0,-96.332,-96.263,-96.263,0.0,0.0,0.003,30.0,8.78,8.78,8.78,0.0,0.0,0.083,31.0,6.804,6.804,6.804,0.0,0.0,0.0,31.0
85.1541,1,rev,-85.0,11.9,22.607,-85.0,22.804,-12.0,0.0,-4.8,33.0,-100.0,-100.0,-100.0,-8.0,0.0,-0.0,31.0,-99.289,-100.0,-100.0,40.0,3.0,-0.0,31.0,-45.2,-45.0,-45.0,-8.0,0.0,0.0,37.0,-96.332,-96.263,-96.263,0.0,0.0,0.001,30.0,8.78,8.78,8.78,0.0,0.0,0.04,31.0,6.804,6.804,6.804,0.0,0.0,0.0,31.0
85.2072,1,rev,-85.0,11.9,22.427,-85.0,22.59,-12.0,0.0,-4.084,33.0,-100.0,-100.0,-100.0,-8.0,0.0,-0.0,31.0,-99.289,-100.0,-100.0,40.0,3.0,-0.0,31.0,-45.2,-45.0,-45.0,-8.0,0.0,0.0,37.0,-96.332,-96.263,-96.263,0.0,0.0,0.001,30.0,8.78,8.78,8.78,0.0,0.0,0.02,31.0,6.804,6.804,6.804,0.0,0.0,0.0,31.0
85.2602,1,rev,-85.0,11.9,22.157,-85.0,22.378,-12.0,0.0,-4.733,33.0,-100.0,-100.0,-100.0,-8.0,0.0,-0.0,31.0,-99.289,-100.0,-100.0,40.0,3.0,-0.0,31.0,-45.2,-45.0,-45.0,-8.0,0.0,0.0,37.0,-96.332,-96.263,-96.263,0.0,0.0,0.0,30.0,8.78,8.78,8.78,0.0,0.0,0.01,31.0,6.804,6.804,6.804,0.0,0.0,0.0,31.0
85.3132,1,rev,-85.0,11.9,21.888,-85.0,22.165,-12.0,0.0,-4.74,33.0,-100.0,-100.0,-100.0,-8.0,0.0,-0.0,31.0,-99.289,-100.0,-100.0,40.0,3.0,-0.0,31.0,-45.2,-45.0,-45.0,-8.0,0.0,0.0,37.0,-96.332,-96.263,-96.263,0.0,0.0,0.0,30.0,8.78,8.78,8.78,0.0,0.0,0.005,31.0,6.804,6.804,6.804,0.0,0.0,0.0,31.0
85.3661,1,rev,-85.0,11.9,21.708,-85.0,21.951,-12.0,0.0,-4.044,33.0,-100.0,-100.0,-100.0,-8.0,0.0,-0.0,31.0,-99.289,-100.0,-100.0,40.0,3.0,-0.0,31.0,-45.2,-45.0,-45.0,-8.0,0.0,0.0,37.0,-96.332,-96.263,-96.263,0.0,0.0,0.0,30.0,8.78,8.78,8.78,0.0,0.0,0.002,31.0,6.804,6.804,6.804,0.0,0.0,0.0,31.0
85.4192,1,rev,-85.0,11.9,21.618,-85.0,21.738,-12.0,0.0,-2.994,33.0,-100.0,-100.0,-100.0,-8.0,0.0,-0.0,31.0,-99.289,-100.0,-100.0,40.0,3.0,-0.0,31.0,-45.2,-45.0,-45.0,-8.0,0.0,0.0,37.0,-96.332,-96.263,-96.263,0.0,0.0,0.0,30.0,8.78,8.78,8.78,0.0,0.0,0.001,31.0,6.804,6.804,6.804,0.0,0.0,0.0,31.0
85.4723,1,rev,-85.0,12.0,21.618,-85.0,21.505,4.0,0.0,-2.994,33.0,-100.0,-100.0,-100.0,-8.0,0.0,-0.0,31.0,-99.289,-100.0,-100.0,40.0,3.0,-0.0,31.0,-45.2,-45.0,-45.0,-8.0,0.0,0.0,37.0,-96.332,-96.263,-96.263,0.0,0.0,0.0,30.0,8.78,8.78,8.78,0.0,0.0,0.001,31.0,6.804,6.804,6.804,0.0,0.0,0.0,31.0
85.5258,1,rev,-85.0,12.0,21.348,-85.0,21.389,4.0,0.0,-3.092,33.0,-100.0,-100.0,-100.0,-8.0,0.0,-0.0,31.0,-99.289,-100.0,-100.0,40.0,3.0,-0.0,31.0,-45.2,-45.0,-45.0,-8.0,0.0,0.0,37.0,-96.332,-96.263,-96.263,0.0,0.0,0.0,30.0,8.78,8.78,8.78,0.0,0.0,0.001,31.0,6.804,6.804,6.804,0.0,0.0,0.0,31.0
85.5791,1,rev,-85.0,12.0,20.989,-85.0,21.165,4.0,0.0,-4.473,33.0,-100.0,-100.0,-100.0,-8.0,0.0,-0.0,31.0,-99.289,-100.0,-100.0,40.0,3.0,-0.0,31.0,-45.2,-45.0,-45.0,-8.0,0.0,0.0,37.0,-96.332,-96.263,-96.263,0.0,0.0,0.0,30.0,8.78,8.78,8.78,0.0,0.0,0.0,31.0,6.804,6.804,6.804,0.0,0.0,0.0,31.0
85.6325,1,rev,-85.0,12.0,20.899,-85.0,20.947,4.0,0.0,-3.197,33.0,-100.0,-100.0,-100.0,-8.0,0.0,-0.0,31.0,-99.289,-100.0,-100.0,40.0,3.0,-0.0,31.0,-45.2,-45.0,-45.0,-8.0,0.0,0.0,37.0,-96.332,-96.263,-96.263,0.0,0.0,0.0,30.0,8.78,8.78,8.78,0.0,0.0,0.0,31.0,6.804,6.804,6.804,0.0,0.0,0.0,31.0
85.6847,1,rev,-85.0,12.0,20.629,-85.0,20.733,4.0,0.0,-4.301,33.0,-100.0,-100.0,-100.0,-8.0,0.0,-0.0,31.0,-99.289,-100.0,-100.0,40.0,3.0,-0.0,31.0,-45.2,-45.0,-45.0,-8.0,0.0,0.0,37.0,-96.332,-96.263,-96.263,0.0,0.0,0.0,30.0,8.78,8.78,8.78,0.0,0.0,0.0,31.0,6.804,6.804,6.804,0.0,0.0,0.0,31.0
85.7379,1,rev,-85.0,12.0,20.36,-85.0,20.52,4.0,0.0,-4.534,33.0,-100.0,-100.0,-100.0,-8.0,0.0,-0.0,31.0,-99.289,-100.0,-100.0,40.0,3.0,-0.0,31.0,-45.2,-45.0,-45.0,-8.0,0.0,0.0,37.0,-96.332,-96.263,-96.263,0.0,0.0,0.0,30.0,8.78,8.78,8.78,0.0,0.0,0.0,31.0,6.804,6.804,6.804,0.0,0.0,0.0,31.0
85.7913,1,rev,-85.0,12.0,20.18,-85.0,20.307,4.0,0.0,-3.944,33.0,-100.0,-100.0,-100.0,-8.0,0.0,-0.0,31.0,-99.289,-100.0,-100.0,40.0,3.0,-0.0,31.0,-45.2,-45.0,-45.0,-8.0,0.0,0.0,37.0,-96.332,-96.263,-96.263,0.0,0.0,0.0,30.0,8.78,8.78,8.78,0.0,0.0,0.0,31.0,6.804,6.804,6.804,0.0,0.0,0.0,31.0
85.8435,1,rev,-85.0,12.0,20.18,-85.0,20.093,4.0,0.0,-1.933,33.0,-100.0,-100.0,-100.0,-8.0,0.0,-0.0,31.0,-99.289,-100.0,-100.0,40.0,3.0,-0.0,31.0,-45.2,-45.0,-45.0,-8.0,0.0,0.0,37.0,-96.332,-96.263,-96.263,0.0,0.0,0.234,30.0,8.78,8.78,8.78,0.0,0.0,0.0,31.0,6.804,6.804,6.804,0.0,0.0,0.0,31.0
85.8955,1,rev,-85.0,12.0,19.91,-85.0,19.88,4.0,0.0,-3.624,33.0,-100.0,-100.0,-100.0,-8.0,0.0,-0.0,31.0,-99.289,-100.0,-100.0,40.0,3.0,-0.0,31.0,-45.2,-45.0,-45.0,-8.0,0.0,0.0,37.0,-96.332,-96.263,-96.263,0.0,0.0,0.115,30.0,8.78,8.78,8.78,0.0,0.0,0.0,31.0,6.804,6.804,6.804,0.0,0.0,0.0,31.0
85.9476,1,rev,-85.0,12.0,19.551,-85.0,19.665,4.0,0.0,-5.235,33.0,-100.0,-100.0,-100.0,-8.0,0.0,-0.0,31.0,-99.431,-100.0,-100.0,40.0,3.0,-1.606,31.0,-45.333,-45.0,-45.0,-8.0,0.0,-1.06,37.0,-96.332,-96.263,-96.263,0.0,0.0,0.056,30.0,8.78,8.78,8.78,0.0,0.0,0.0,31.0,6.804,6.804,6.804,0.0,0.0,0.0,31.0
86.0012,1,rev,-85.0,12.0,19.461,-85.0,19.452,4.0,0.0,-3.579,33.0,-100.0,-100.0,-100.0,-8.0,0.0,-0.0,31.0,-99.431,-100.0,-100.0,40.0,3.0,-0.787,31.0,-45.333,-45.0,-45.0,-8.0,0.0,-0.52,37.0,-96.332,-96.263,-96.263,0.0,0.0,0.028,30.0,8.78,8.78,8.78,0.0,0.0,0.0,31.0,6.804,6.804,6.804,0.0,0.0,0.0,31.0
86.0536,1,rev,-85.0,12.0,19.101,-85.0,19.214,0.0,0.0,-4.318,33.0,-100.0,-100.0,-100.0,-8.0,0.0,-0.0,31.0,-99.431,-100.0,-100.0,32.0,2.0,-0.551,31.0,-45.333,-45.0,-45.0,-16.0,0.0,-0.364,37.0,-96.332,-96.263,-96.263,0.0,0.0,0.019,30.0,8.78,8.78,8.78,0.0,0.0,0.0,31.0,6.804,6.804,6.804,0.0,0.0,0.0,31.0
86.1072,1,rev,-85.0,12.0,18.831,-85.0,19.001,0.0,0.0,-4.861,33.0,-100.0,-100.0,-100.0,-8.0,0.0,-0.0,31.0,-99.431,-100.0,-100.0,32.0,2.0,-0.27,31.0,-45.333,-45.0,-45.0,-16.0,0.0,-0.178,37.0,-96.332,-96.263,-96.263,0.0,0.0,0.009,30.0,8.78,8.78,8.78,0.0,0.0,0.0,31.0,6.804,6.804,6.804,0.0,0.0,0.0,31.0
86.1602,1,rev,-85.0,12.0,18.742,-85.0,18.787,0.0,0.0,-3.387,33.0,-100.0,-100.0,-100.0,-8.0,0.0,-0.0,31.0,-99.431,-100.0,-100.0,32.0,2.0,-0.132,31.0,-45.333,-45.0,-45.0,-16.0,0.0,-0.087,37.0,-96.332,-96.263,-96.263,0.0,0.0,0.005,30.0,8.78,8.78,8.78,0.0,0.0,0.0,31.0,6.804,6.804,6.804,0.0,0.0,0.0,31.0
86.2133,1,rev,-85.0,12.0,18.742,-85.0,18.574,0.0,0.0,-1.66,33.0,-100.0,-100.0,-100.0,-8.0,0.0,-0.0,31.0,-99.431,-100.0,-100.0,32.0,2.0,-0.065,31.0,-45.333,-45.0,-45.0,-16.0,0.0,-0.043,37.0,-96.332,-96.263,-96.263,0.0,0.0,0.002,30.0,8.78,8.78,8.78,0.0,0.0,0.0,31.0,6.804,6.804,6.804,0.0,0.0,0.0,31.0
86.2662,1,rev,-85.0,12.0,18.562,-85.0,18.361,0.0,0.0,-2.535,33.0,-100.0,-100.0,-100.0,-8.0,0.0,-0.0,31.0,-99.431,-100.0,-100.0,32.0,2.0,-0.032,31.0,-45.333,-45.0,-45.0,-16.0,0.0,-0.021,37.0,-96.332,-96.263,-96.263,0.0,0.0,0.001,30.0,8.78,8.78,8.78,0.0,0.0,0.0,31.0,6.804,6.804,6.804,0.0,0.0,0.0,31.0
86.3194,1,rev,-85.0,12.0,18.202,-85.0,18.147,0.0,0.0,-4.653,33.0,-100.0,-100.0,-100.0,-8.0,0.0,-0.0,31.0,-99.431,-100.0,-100.0,32.0,2.0,-0.016,31.0,-45.333,-45.0,-45.0,-16.0,0.0,-0.01,37.0,-96.332,-96.263,-96.263,0.0,0.0,0.001,30.0,8.78,8.78,8.78,0.0,0.0,0.0,31.0,6.804,6.804,6.804,0.0,0.0,0.0,31.0
86.3716,1,rev,-85.0,12.0,18.112,-85.0,17.933,0.0,0.0,-3.298,33.0,-100.0,-100.0,-100.0,-8.0,0.0,-0.0,31.0,-99.431,-100.0,-100.0,32.0,2.0,-0.008,31.0,-45.333,-45.0,-45.0,-16.0,0.0,-0.005,37.0,-96.332,-96.263,-96.263,0.0,0.0,0.0,30.0,8.78,8.78,8.78,0.0,0.0,0.0,31.0,6.804,6.804,6.804,0.0,0.0,0.0,31.0
86.4252,1,rev,-85.0,12.0,17.933,-85.0,17.721,0.0,0.0,-3.651,33.0,-100.0,-100.0,-100.0,-8.0,0.0,-0.0,31.0,-99.431,-100.0,-100.0,32.0,2.0,-0.004,31.0,-45.333,-45.0,-45.0,-16.0,0.0,-0.002,37.0,-96.401,-96.263,-96.263,0.0,0.0,-0.783,30.0,8.78,8.78,8.78,0.0,0.0,0.0,31.0,6.804,6.804,6.804,0.0,0.0,0.0,31.0
86.4784,1,rev,-85.0,12.0,17.573,-85.0,17.508,0.0,0.0,-5.22,33.0,-100.0,-100.0,-100.0,-8.0,0.0,-0.0,31.0,-99.431,-100.0,-100.0,32.0,2.0,-0.002,31.0,-45.333,-45.0,-45.0,-16.0,0.0,-0.001,37.0,-96.332,-96.263,-96.263,0.0,0.0,0.159,30.0,8.78,8.78,8.78,0.0,0.0,0.0,31.0,6.804,6.804,6.804,0.0,0.0,0.0,31.0
86.532,1,rev,-85.0,12.0,17.393,-85.0,17.295,0.0,0.0,-4.282,33.0,-100.0,-100.0,-100.0,-8.0,0.0,-0.0,31.0,-99.431,-100.0,-100.0,32.0,2.0,-0.001,31.0,-45.333,-45.0,-45.0,-16.0,0.0,-0.001,37.0,-96.332,-96.263,-96.263,0.0,0.0,0.078,30.0,8.78,8.78,8.78,0.0,0.0,0.0,31.0,6.804,6.804,6.804,0.0,0.0,0.0,31.0
86.5849,1,rev,-85.0,12.0,17.393,-85.0,17.188,0.0,0.0,-2.998,33.0,-100.0,-100.0,-100.0,-8.0,0.0,-0.0,31.0,-99.431,-100.0,-100.0,32.0,2.0,-0.001,31.0,-45.333,-45.0,-45.0,-16.0,0.0,-0.0,37.0,-96.332,-96.263,-96.263,0.0,0.0,0.055,30.0,8.78,8.78,8.78,0.0,0.0,0.0,31.0,6.804,6.804,6.804,0.0,0.0,0.0,31.0
86.6391,1,rev,-85.0,12.0,17.213,-85.0,16.841,8.0,0.0,-2.994,33.0,-100.0,-100.0,-100.0,-8.0,0.0,-0.0,31.0,-99.431,-100.0,-100.0,32.0,2.0,-0.0,31.0,-45.333,-45.0,-45.0,-16.0,0.0,-0.0,37.0,-96.332,-96.263,-96.263,0.0,0.0,0.038,30.0,8.78,8.78,8.78,0.0,0.0,0.0,31.0,6.804,6.804,6.804,0.0,0.0,0.0,31.0
86.6917,1,rev,-85.0,12.0,16.854,-85.0,16.723,8.0,0.0,-4.776,33.0,-100.0,-100.0,-100.0,-8.0,0.0,-0.0,31.0,-99.431,-100.0,-100.0,32.0,2.0,-0.0,31.0,-45.333,-45.0,-45.0,-16.0,0.0,-0.0,37.0,-96.332,-96.263,-96.263,0.0,0.0,0.019,30.0,8.78,8.78,8.78,0.0,0.0,0.0,31.0,6.804,6.804,6.804,0.0,0.0,0.0,31.0
86.7445,1,rev,-85.0,12.0,16.674,-85.0,16.501,8.0,0.0,-3.643,33.0,-100.0,-100.0,-100.0,-8.0,0.0,-0.0,31.0,-99.431,-100.0,-100.0,32.0,2.0,-0.0,31.0,-45.333,-45.0,-45.0,-16.0,0.0,-0.0,37.0,-96.332,-96.263,-96.263,0.0,0.0,0.009,30.0,8.78,8.78,8.78,0.0,0.0,0.0,31.0,6.804,6.804,6.804,0.0,0.0,0.0,31.0
86.7978,1,rev,-85.0,12.0,16.584,-85.0,16.287,8.0,0.0,-2.497,33.0,-100.0,-100.0,-100.0,-8.0,0.0,-0.0,31.0,-99.431,-100.0,-100.0,32.0,2.0,-0.0,31.0,-45.333,-45.0,-45.0,-16.0,0.0,-0.0,37.0,-96.332,-96.263,-96.263,0.0,0.0,0.005,30.0,8.78,8.78,8.78,0.0,0.0,0.0,31.0,6.804,6.804,6.804,0.0,0.0,0.0,31.0
86.8509,1,rev,-85.0,12.0,16.225,-85.0,16.075,8.0,0.0,-4.385,33.0,-100.0,-100.0,-100.0,-8.0,0.0,-0.0,31.0,-99.431,-100.0,-100.0,32.0,2.0,-0.0,31.0,-45.333,-45.0,-45.0,-16.0,0.0,-0.0,37.0,-96.401,-96.263,-96.263,0.0,0.0,-0.781,30.0,8.78,8.78,8.78,0.0,0.0,0.0,31.0,6.804,6.804,6.804,0.0,0.0,0.0,31.0
86.904,1,rev,-85.0,12.0,15.955,-85.0,15.863,8.0,0.0,-4.873,33.0,-100.0,-100.0,-100.0,-8.0,0.0,-0.0,31.0,-99.431,-100.0,-100.0,32.0,2.0,-0.0,31.0,-45.333,-45.0,-45.0,-16.0,0.0,-0.0,37.0,-96.332,-96.263,-96.263,0.0,0.0,0.393,30.0,8.78,8.78,8.78,0.0,0.0,0.0,31.0,6.804,6.804,6.804,0.0,0.0,0.0,31.0
86.9573,1,rev,-85.0,12.0,15.865,-85.0,15.648,8.0,0.0,-3.393,33.0,-100.0,-100.0,-100.0,-8.0,0.0,-0.0,31.0,-99.431,-100.0,-100.0,32.0,2.0,-0.0,31.0,-45.333,-45.0,-45.0,-16.0,0.0,-0.0,37.0,-96.332,-96.263,-96.263,0.0,0.0,0.193,30.0,8.78,8.78,8.78,0.0,0.0,0.0,31.0,6.804,6.804,6.804,0.0,0.0,0.0,31.0
87.0104,1,rev,-85.0,12.0,15.775,-85.0,15.434,8.0,0.0,-2.676,33.0,-100.0,-100.0,-100.0,-8.0,0.0,-0.0,31.0,-99.431,-100.0,-100.0,32.0,2.0,-0.0,31.0,-45.333,-45.0,-45.0,-16.0,0.0,-0.0,37.0,-96.332,-96.263,-96.263,0.0,0.0,0.094,30.0,8.78,8.78,8.78,0.0,0.0,0.0,31.0,6.804,6.804,6.804,0.0,0.0,0.0,31.0
87.0639,1,rev,-85.0,12.0,15.326,-85.0,15.221,8.0,0.0,-5.761,33.0,-100.0,-100.0,-100.0,-8.0,0.0,-0.0,31.0,-99.573,-100.0,-100.0,32.0,2.0,-1.603,31.0,-45.333,-45.0,-45.0,-16.0,0.0,-0.0,37.0,-96.332,-96.263,-96.263,0.0,0.0,0.046,30.0,8.78,8.78,8.78,0.0,0.0,0.0,31.0,6.804,6.804,6.804,0.0,0.0,0.0,31.0
87.1166,1,rev,-85.0,12.0,15.236,-85.0,15.008,8.0,0.0,-3.827,33.0,-100.0,-100.0,-100.0,-8.0,0.0,-0.0,31.0,-99.573,-100.0,-100.0,32.0,2.0,-0.786,31.0,-45.333,-45.0,-45.0,-16.0,0.0,-0.0,37.0,-96.332,-96.263,-96.263,0.0,0.0,0.023,30.0,8.78,8.78,8.78,0.0,0.0,0.0,31.0,6.804,6.804,6.804,0.0,0.0,0.0,31.0
87.1687,1,rev,-85.0,11.9,15.146,-85.0,14.9,16.0,0.0,-3.696,33.0,-100.0,-100.0,-100.0,-8.0,0.0,-0.0,31.0,-99.573,-100.0,-100.0,24.0,1.0,-0.55,31.0,-45.333,-45.0,-45.0,-16.0,0.0,-0.0,37.0,-96.332,-96.263,-96.263,0.0,0.0,0.016,30.0,8.78,8.78,8.78,0.0,0.0,0.0,31.0,6.804,6.804,6.804,0.0,0.0,0.0,31.0
87.222,1,rev,-85.0,11.9,14.787,-85.0,14.569,16.0,0.0,-3.817,33.0,-100.0,-100.0,-100.0,-8.0,0.0,-0.0,31.0,-99.573,-100.0,-100.0,24.0,1.0,-0.269,31.0,-45.333,-45.0,-45.0,-16.0,0.0,-0.0,37.0,-96.332,-96.263,-96.263,0.0,0.0,0.008,30.0,8.78,8.78,8.78,0.0,0.0,0.0,31.0,6.804,6.804,6.804,0.0,0.0,0.0,31.0
87.2751,1,rev,-85.0,11.9,14.517,-85.0,14.354,16.0,0.0,-4.308,33.0,-100.0,-100.0,-100.0,-8.0,0.0,-0.0,31.0,-99.573,-100.0,-100.0,24.0,1.0,-0.132,31.0,-45.333,-45.0,-45.0,-16.0,0.0,-0.0,37.0,-96.332,-96.263,-96.263,0.0,0.0,0.004,30.0,8.78,8.78,8.78,0.0,0.0,0.0,31.0,6.804,6.804,6.804,0.0,0.0,0.0,31.0
87.3274,1,rev,-85.0,11.9,14.427,-85.0,14.142,16.0,0.0,-3.125,33.0,-100.0,-100.0,-100.0,-8.0,0.0,-0.0,31.0,-99.573,-100.0,-100.0,24.0,1.0,-0.065,31.0,-45.333,-45.0,-45.0,-16.0,0.0,-0.0,37.0,-96.401,-96.263,-96.263,0.0,0.0,-0.543,30.0,8.78,8.78,8.78,0.0,0.0,0.0,31.0,6.804,6.804,6.804,0.0,0.0,0.0,31.0
87.3796,1,rev,-85.0,11.9,14.247,-85.0,13.928,16.0,0.0,-3.547,33.0,-100.0,-100.0,-100.0,-8.0,0.0,-0.0,31.0,-99.573,-100.0,-100.0,24.0,1.0,-0.032,31.0,-45.333,-45.0,-45.0,-16.0,0.0,-0.0,37.0,-96.332,-96.263,-96.263,0.0,0.0,0.276,30.0,8.78,8.78,8.78,0.0,0.0,0.0,31.0,6.804,6.804,6.804,0.0,0.0,0.0,31.0
87.4328,1,rev,-85.0,11.9,13.888,-85.0,13.715,16.0,0.0,-5.183,33.0,-100.0,-100.0,-100.0,-8.0,0.0,-0.0,31.0,-99.573,-100.0,-100.0,24.0,1.0,-0.016,31.0,-45.333,-45.0,-45.0,-16.0,0.0,-0.0,37.0,-96.332,-96.263,-96.263,0.0,0.0,0.135,30.0,8.78,8.78,8.78,0.0,0.0,0.0,31.0,6.804,6.804,6.804,0.0,0.0,0.0,31.0
87.486,1,rev,-85.0,11.9,13.798,-85.0,13.501,16.0,0.0,-3.244,33.0,-100.0,-100.0,-100.0,-8.0,0.0,-0.0,31.0,-99.573,-100.0,-100.0,24.0,1.0,-0.008,31.0,-45.333,-45.0,-45.0,-16.0,0.0,-0.0,37.0,-96.332,-96.263,-96.263,0.0,0.0,0.066,30.0,8.78,8.78,8.78,0.0,0.0,0.0,31.0,6.804,6.804,6.804,0.0,0.0,0.0,31.0
87.5388,1,rev,-85.0,11.9,13.528,-85.0,13.288,16.0,0.0,-4.303,33.0,-100.0,-100.0,-100.0,-8.0,0.0,-0.0,31.0,-99.573,-100.0,-100.0,24.0,1.0,-0.004,31.0,-45.333,-45.0,-45.0,-16.0,0.0,-0.0,37.0,-96.332,-96.263,-96.263,0.0,0.0,0.032,30.0,8.78,8.78,8.78,0.0,0.0,0.0,31.0,6.804,6.804,6.804,0.0,0.0,0.0,31.0
87.5923,1,rev,-85.0,11.9,13.258,-85.0,13.073,16.0,0.0,-4.52,33.0,-100.0,-100.0,-100.0,-8.0,0.0,-0.0,31.0,-99.573,-100.0,-100.0,24.0,1.0,-0.002,31.0,-45.333,-45.0,-45.0,-16.0,0.0,-0.0,37.0,-96.332,-96.263,-96.263,0.0,0.0,0.016,30.0,8.78,8.78,8.78,0.0,0.0,0.0,31.0,6.804,6.804,6.804,0.0,0.0,0.0,31.0
87.6463,1,rev,-85.0,11.9,13.079,-85.0,12.86,16.0,0.0,-3.945,33.0,-100.0,-100.0,-100.0,-8.0,0.0,-0.0,31.0,-99.573,-100.0,-100.0,24.0,1.0,-0.001,31.0,-45.333,-45.0,-45.0,-16.0,0.0,-0.0,37.0,-96.332,-96.263,-96.263,0.0,0.0,0.008,30.0,8.78,8.78,8.78,0.0,0.0,0.0,31.0,6.804,6.804,6.804,0.0,0.0,0.0,31.0
87.6986,1,rev,-85.0,11.9,12.989,-85.0,12.64,16.0,0.0,-2.942,33.0,-100.0,-100.0,-100.0,-8.0,0.0,-0.0,31.0,-99.573,-100.0,-100.0,24.0,1.0,-0.0,31.0,-45.333,-45.0,-45.0,-16.0,0.0,-0.0,37.0,-96.401,-96.263,-96.263,0.0,0.0,-0.508,30.0,8.78,8.78,8.78,0.0,0.0,0.0,31.0,6.804,6.804,6.804,0.0,0.0,0.0,31.0
87.7519,1,rev,-85.0,12.0,12.989,-85.0,12.401,24.0,0.0,-2.942,33.0,-100.0,-100.0,-100.0,-8.0,0.0,-0.0,31.0,-99.573,-100.0,-100.0,24.0,1.0,-0.0,31.0,-45.333,-45.0,-45.0,-16.0,0.0,-0.0,37.0,-96.401,-96.263,-96.263,-8.0,0.0,-0.508,30.0,8.78,8.78,8.78,0.0,0.0,0.0,31.0,6.804,6.804,6.804,0.0,0.0,0.0,31.0
87.8052,1,rev,-85.0,12.0,12.629,-85.0,12.176,24.0,0.0,-4.078,33.0,-100.0,-100.0,-100.0,-8.0,0.0,-0.0,31.0,-99.573,-100.0,-100.0,24.0,1.0,-0.0,31.0,-45.333,-45.0,-45.0,-16.0,0.0,-0.0,37.0,-96.332,-96.263,-96.263,-8.0,0.0,-0.017,30.0,8.78,8.78,8.78,0.0,0.0,0.0,31.0,6.804,6.804,6.804,0.0,0.0,0.0,31.0
87.8589,1,rev,-85.0,12.0,12.36,-85.0,11.952,24.0,0.0,-4.291,33.0,-100.0,-100.0,-100.0,-8.0,0.0,-0.0,31.0,-99.573,-100.0,-100.0,24.0,1.0,-0.0,31.0,-45.333,-45.0,-45.0,-16.0,0.0,-0.0,37.0,-96.332,-96.263,-96.263,-8.0,0.0,-0.008,30.0,8.78,8.78,8.78,0.0,0.0,0.0,31.0,6.804,6.804,6.804,0.0,0.0,0.0,31.0
87.9123,1,rev,-85.0,12.0,12.18,-85.0,11.736,24.0,0.0,-3.806,33.0,-100.0,-100.0,-100.0,-8.0,0.0,-0.0,31.0,-99.573,-100.0,-100.0,24.0,1.0,-0.0,31.0,-45.333,-45.0,-45.0,-16.0,0.0,-0.0,37.0,-96.332,-96.263,-96.263,-8.0,0.0,-0.004,30.0,8.78,8.78,8.78,0.0,0.0,0.0,31.0,6.804,6.804,6.804,0.0,0.0,0.0,31.0
87.9658,1,rev,-85.0,12.0,11.91,-85.0,11.618,24.0,0.0,-3.775,33.0,-100.0,-100.0,-100.0,-8.0,0.0,-0.0,31.0,-99.573,-100.0,-100.0,24.0,1.0,-0.0,31.0,-45.333,-45.0,-45.0,-16.0,0.0,-0.0,37.0,-96.401,-96.263,-96.263,-8.0,0.0,-0.492,30.0,8.78,8.78,8.78,0.0,0.0,0.0,31.0,6.804,6.804,6.804,0.0,0.0,0.0,31.0
88.019,1,rev,-85.0,12.0,11.64,-85.0,11.404,24.0,0.0,-4.287,33.0,-100.0,-100.0,-100.0,-8.0,0.0,-0.0,31.0,-99.573,-100.0,-100.0,24.0,1.0,-0.0,31.0,-45.333,-45.0,-45.0,-16.0,0.0,-0.0,37.0,-96.332,-96.263,-96.263,-8.0,0.0,0.305,30.0,8.78,8.78,8.78,0.0,0.0,0.0,31.0,6.804,6.804,6.804,0.0,0.0,0.0,31.0
88.0715,1,rev,-85.0,12.0,11.551,-85.0,11.191,24.0,0.0,-3.113,33.0,-100.0,-100.0,-100.0,-8.0,0.0,-0.0,31.0,-99.573,-100.0,-100.0,24.0,1.0,-0.0,31.0,-45.333,-45.0,-45.0,-16.0,0.0,-0.0,37.0,-96.332,-96.263,-96.263,-8.0,0.0,0.15,30.0,8.78,8.78,8.78,0.0,0.0,0.0,31.0,6.804,6.804,6.804,0.0,0.0,0.0,31.0
88.1248,1,rev,-85.0,12.0,11.371,-85.0,10.977,24.0,0.0,-3.566,33.0,-100.0,-100.0,-100.0,-8.0,0.0,-0.0,31.0,-99.573,-100.0,-100.0,24.0,1.0,-0.0,31.0,-45.333,-45.0,-45.0,-16.0,0.0,-0.0,37.0,-96.332,-96.263,-96.263,-8.0,0.0,0.073,30.0,8.78,8.78,8.78,0.0,0.0,0.0,31.0,6.804,6.804,6.804,0.0,0.0,0.0,31.0
88.178,1,rev,-85.0,12.0,11.101,-85.0,10.765,24.0,0.0,-4.493,33.0,-100.0,-100.0,-100.0,-8.0,0.0,-0.0,31.0,-99.573,-100.0,-100.0,24.0,1.0,-0.0,31.0,-45.333,-45.0,-45.0,-16.0,0.0,-0.0,37.0,-96.332,-96.263,-96.263,-8.0,0.0,0.036,30.0,8.78,8.78,8.78,0.0,0.0,0.0,31.0,6.804,6.804,6.804,0.0,0.0,0.0,31.0
88.2312,1,rev,-85.0,12.0,10.921,-85.0,10.553,24.0,0.0,-3.927,33.0,-100.0,-100.0,-100.0,-8.0,0.0,-0.0,31.0,-99.573,-100.0,-100.0,24.0,1.0,-0.0,31.0,-45.333,-45.0,-45.0,-16.0,0.0,-0.0,37.0,-96.401,-96.263,-96.263,-8.0,0.0,-0.762,30.0,9.268,8.78,8.78,0.0,0.0,5.493,31.0,6.804,6.804,6.804,0.0,0.0,0.0,31.0
88.2834,1,rev,-85.0,12.0,10.742,-85.0,10.34,24.0,0.0,-3.646,33.0,-100.0,-100.0,-100.0,-8.0,0.0,-0.0,31.0,-99.573,-100.0,-100.0,24.0,1.0,-0.0,31.0,-45.333,-45.0,-45.0,-16.0,0.0,-0.0,37.0,-96.401,-96.263,-96.263,-8.0,0.0,-0.373,30.0,9.268,8.78,8.78,0.0,0.0,2.692,31.0,6.804,6.804,6.804,0.0,0.0,0.0,31.0
88.336,1,rev,-85.0,11.9,10.472,-85.0,10.101,16.0,0.0,-3.904,33.0,-100.0,-100.0,-100.0,-8.0,0.0,-0.0,31.0,-99.573,-100.0,-100.0,24.0,1.0,-0.0,31.0,-45.333,-45.0,-45.0,-16.0,0.0,-0.0,37.0,-96.332,-96.263,-96.263,0.0,0.0,0.085,30.0,8.78,8.78,8.78,0.0,0.0,-0.56,31.0,6.804,6.804,6.804,0.0,0.0,0.0,31.0
88.389,1,rev,-85.0,11.9,10.292,-85.0,9.888,16.0,0.0,-3.633,33.0,-100.0,-100.0,-100.0,-8.0,0.0,-0.0,31.0,-99.573,-100.0,-100.0,24.0,1.0,-0.0,31.0,-45.333,-45.0,-45.0,-16.0,0.0,-0.0,37.0,-96.332,-96.263,-96.263,0.0,0.0,0.042,30.0,8.78,8.78,8.78,0.0,0.0,-0.274,31.0,6.804,6.804,6.804,0.0,0.0,0.0,31.0
88.4424,1,rev,-85.0,11.9,10.022,-85.0,9.674,16.0,0.0,-4.491,33.0,-100.0,-100.0,-100.0,-8.0,0.0,-0.0,31.0,-99.716,-100.0,-100.0,24.0,1.0,-1.584,31.0,-45.333,-45.0,-45.0,-16.0,0.0,-0.0,37.0,-96.332,-96.263,-96.263,0.0,0.0,0.021,30.0,8.78,8.78,8.78,0.0,0.0,-0.134,31.0,6.804,6.804,6.804,0.0,0.0,0.0,31.0
88.4962,1,rev,-85.0,11.9,9.753,-85.0,9.46,16.0,0.0,-4.638,33.0,-100.0,-100.0,-100.0,-8.0,0.0,-0.0,31.0,-99.716,-100.0,-100.0,24.0,1.0,-0.776,31.0,-45.333,-45.0,-45.0,-16.0,0.0,-0.0,37.0,-96.401,-96.263,-96.263,0.0,0.0,-0.773,30.0,8.78,8.78,8.78,0.0,0.0,-0.066,31.0,6.804,6.804,6.804,0.0,0.0,0.0,31.0
88.5484,1,rev,-85.0,11.9,9.573,-85.0,9.247,16.0,0.0,-4.317,33.0,-100.0,-100.0,-100.0,-8.0,0.0,-0.0,31.0,-99.716,-100.0,-100.0,24.0,1.0,-0.38,31.0,-45.333,-45.0,-45.0,-16.0,0.0,-0.0,37.0,-96.401,-96.263,-96.263,0.0,0.0,-0.379,30.0,8.78,8.78,8.78,0.0,0.0,-0.032,31.0,6.804,6.804,6.804,0.0,0.0,0.0,31.0
88.6007,1,rev,-85.0,11.9,9.393,-85.0,9.035,16.0,0.0,-3.84,33.0,-100.0,-100.0,-100.0,-8.0,0.0,-0.0,31.0,-99.716,-100.0,-100.0,24.0,1.0,-0.186,31.0,-45.333,-45.0,-45.0,-16.0,0.0,-0.0,37.0,-96.332,-96.263,-96.263,0.0,0.0,0.36,30.0,8.78,8.78,8.78,0.0,0.0,-0.016,31.0,6.804,6.804,6.804,0.0,0.0,0.0,31.0
88.6547,1,rev,-85.0,11.9,9.213,-85.0,8.822,16.0,0.0,-3.603,33.0,-100.0,-100.0,-100.0,-8.0,0.0,-0.0,31.0,-99.716,-100.0,-100.0,24.0,1.0,-0.091,31.0,-45.333,-45.0,-45.0,-16.0,0.0,-0.0,37.0,-96.332,-96.263,-96.263,0.0,0.0,0.177,30.0,8.78,8.78,8.78,0.0,0.0,-0.008,31.0,6.804,6.804,6.804,0.0,0.0,0.0,31.0
88.7079,1,rev,-85.0,11.9,9.034,-85.0,8.609,16.0,0.0,-3.181,33.0,-100.0,-100.0,-100.0,-8.0,0.0,-0.0,31.0,-99.716,-100.0,-100.0,24.0,1.0,-0.045,31.0,-45.333,-45.0,-45.0,-16.0,0.0,-0.0,37.0,-96.332,-96.263,-96.263,0.0,0.0,0.086,30.0,8.78,8.78,8.78,0.0,0.0,-0.004,31.0,6.804,6.804,6.804,0.0,0.0,0.0,31.0
88.7613,1,rev,-85.0,11.9,8.944,-85.0,8.396,16.0,0.0,-2.266,33.0,-100.0,-100.0,-100.0,-8.0,0.0,-0.0,31.0,-99.716,-100.0,-100.0,24.0,1.0,-0.022,31.0,-45.333,-45.0,-45.0,-16.0,0.0,-0.0,37.0,-96.332,-96.263,-96.263,0.0,0.0,0.042,30.0,8.78,8.78,8.78,0.0,0.0,-0.002,31.0,6.804,6.804,6.804,0.0,0.0,0.0,31.0
88.8144,1,rev,-85.0,11.9,8.584,-85.0,8.184,16.0,0.0,-4.551,33.0,-100.0,-100.0,-100.0,-8.0,0.0,-0.0,31.0,-99.716,-100.0,-100.0,24.0,1.0,-0.011,31.0,-45.333,-45.0,-45.0,-16.0,0.0,-0.0,37.0,-96.401,-96.263,-96.263,0.0,0.0,-0.76,30.0,8.78,8.78,8.78,0.0,0.0,-0.001,31.0,6.804,6.804,6.804,0.0,0.0,0.0,31.0
88.8666,1,rev,-85.0,11.9,8.404,-85.0,8.077,24.0,0.0,-5.219,33.0,-100.0,-100.0,-100.0,-8.0,0.0,-0.0,31.0,-99.716,-100.0,-100.0,16.0,0.0,-0.008,31.0,-45.333,-45.0,-45.0,-16.0,0.0,-0.0,37.0,-96.401,-96.263,-96.263,-8.0,0.0,-0.532,30.0,9.268,8.78,8.78,8.0,0.0,5.518,31.0,6.804,6.804,6.804,0.0,0.0,0.0,31.0
88.92,1,rev,-85.0,11.9,8.225,-85.0,7.746,24.0,0.0,-3.91,33.0,-100.0,-100.0,-100.0,-8.0,0.0,-0.0,31.0,-99.716,-100.0,-100.0,16.0,0.0,-0.004,31.0,-45.333,-45.0,-45.0,-16.0,0.0,-0.0,37.0,-96.332,-96.263,-96.263,-8.0,0.0,-0.003,30.0,8.78,8.78,8.78,8.0,0.0,-2.821,31.0,6.804,6.804,6.804,0.0,0.0,0.0,31.0
88.973,1,rev,-85.0,11.9,7.865,-85.0,7.533,24.0,0.0,-5.346,33.0,-100.0,-100.0,-100.0,-8.0,0.0,-0.0,31.0,-99.716,-100.0,-100.0,16.0,0.0,-0.002,31.0,-45.333,-45.0,-45.0,-16.0,0.0,-0.0,37.0,-96.332,-96.263,-96.263,-8.0,0.0,-0.001,30.0,8.78,8.78,8.78,8.0,0.0,-1.382,31.0,6.804,6.804,6.804,0.0,0.0,0.0,31.0
89.0256,1,rev,-85.0,11.9,7.685,-85.0,7.319,24.0,0.0,-4.327,33.0,-100.0,-100.0,-100.0,-8.0,0.0,-0.0,31.0,-99.716,-100.0,-100.0,16.0,0.0,-0.001,31.0,-45.333,-45.0,-45.0,-16.0,0.0,-0.0,37.0,-96.332,-96.263,-96.263,-8.0,0.0,-0.001,30.0,8.78,8.78,8.78,8.0,0.0,-0.677,31.0,6.804,6.804,6.804,0.0,0.0,0.0,31.0
89.079,1,rev,-85.0,11.9,7.506,-85.0,7.104,24.0,0.0,-3.841,33.0,-100.0,-100.0,-100.0,-8.0,0.0,-0.0,31.0,-99.716,-100.0,-100.0,16.0,0.0,-0.0,31.0,-45.333,-45.0,-45.0,-16.0,0.0,-0.0,37.0,-96.332,-96.263,-96.263,-8.0,0.0,-0.0,30.0,8.78,8.78,8.78,8.0,0.0,-0.332,31.0,6.804,6.804,6.804,0.0,0.0,0.0,31.0
89.1317,1,rev,-85.0,11.9,7.416,-85.0,6.892,24.0,0.0,-2.892,33.0,-100.0,-100.0,-100.0,-8.0,0.0,-0.0,31.0,-99.716,-100.0,-100.0,16.0,0.0,-0.0,31.0,-45.333,-45.0,-45.0,-16.0,0.0,-0.0,37.0,-96.401,-96.263,-96.263,-8.0,0.0,-0.549,30.0,8.78,8.78,8.78,8.0,0.0,-0.163,31.0,6.804,6.804,6.804,0.0,0.0,0.0,31.0
89.1847,1,rev,-85.0,11.9,7.056,-85.0,6.679,24.0,0.0,-4.847,33.0,-100.0,-100.0,-100.0,-8.0,0.0,-0.0,31.0,-99.716,-100.0,-100.0,16.0,0.0,-0.0,31.0,-45.333,-45.0,-45.0,-16.0,0.0,-0.0,37.0,-96.332,-96.263,-96.263,-8.0,0.0,0.278,30.0,8.78,8.78,8.78,8.0,0.0,-0.08,31.0,6.804,6.804,6.804,0.0,0.0,0.0,31.0
89.2367,1,rev,-85.0,11.9,6.876,-85.0,6.464,24.0,0.0,-4.097,33.0,-100.0,-100.0,-100.0,-8.0,0.0,-0.0,31.0,-99.716,-100.0,-100.0,16.0,0.0,-0.0,31.0,-45.333,-45.0,-45.0,-16.0,0.0,-0.0,37.0,-96.332,-96.263,-96.263,-8.0,0.0,0.136,30.0,8.78,8.78,8.78,8.0,0.0,-0.039,31.0,6.804,6.804,6.804,0.0,0.0,0.0,31.0
89.2897,1,rev,-85.0,11.9,6.787,-85.0,6.251,24.0,0.0,-3.874,33.0,-100.0,-100.0,-100.0,-8.0,0.0,-0.0,31.0,-99.716,-100.0,-100.0,16.0,0.0,-0.0,31.0,-45.333,-45.0,-45.0,-16.0,0.0,-0.0,37.0,-96.332,-96.263,-96.263,-8.0,0.0,0.095,30.0,9.268,8.78,8.78,8.0,0.0,5.436,31.0,6.804,6.804,6.804,0.0,0.0,0.0,31.0
89.3431,1,rev,-85.0,11.9,6.607,-85.0,6.027,24.0,0.0,-3.55,33.0,-100.0,-100.0,-100.0,-8.0,0.0,-0.0,31.0,-99.716,-100.0,-100.0,16.0,0.0,-0.0,31.0,-45.333,-45.0,-45.0,-16.0,0.0,-0.0,37.0,-96.332,-96.263,-96.263,-8.0,0.0,0.047,30.0,8.78,8.78,8.78,8.0,0.0,-2.804,31.0,6.804,6.804,6.804,0.0,0.0,0.0,31.0
89.3956,1,rev,-85.0,11.9,6.337,-85.0,5.803,24.0,0.0,-4.038,33.0,-100.0,-100.0,-100.0,-8.0,0.0,-0.0,31.0,-99.716,-100.0,-100.0,16.0,0.0,-0.0,31.0,-45.333,-45.0,-45.0,-16.0,0.0,-0.0,37.0,-96.401,-96.263,-96.263,-8.0,0.0,-0.473,30.0,8.78,8.78,8.78,8.0,0.0,-1.374,31.0,6.804,6.804,6.804,0.0,0.0,0.0,31.0
89.4492,1,rev,-85.0,11.9,6.247,-85.0,5.803,24.0,0.0,-3.746,33.0,-100.0,-100.0,-100.0,0.0,0.0,-0.0,31.0,-99.716,-100.0,-100.0,16.0,0.0,-0.0,31.0,-45.333,-45.0,-45.0,-16.0,0.0,-0.0,37.0,-96.401,-96.263,-96.263,-8.0,0.0,-0.331,30.0,8.78,8.78,8.78,0.0,0.0,-0.962,31.0,6.804,6.804,6.804,0.0,0.0,0.0,31.0
89.5023,1,rev,-85.0,11.9,6.157,-85.0,5.462,24.0,0.0,-2.173,33.0,-100.0,-100.0,-100.0,0.0,0.0,-0.0,31.0,-99.716,-100.0,-100.0,16.0,0.0,-0.0,31.0,-45.333,-45.0,-45.0,-16.0,0.0,-0.0,37.0,-96.332,-96.263,-96.263,-8.0,0.0,0.098,30.0,8.78,8.78,8.78,0.0,0.0,-0.471,31.0,6.804,6.804,6.804,0.0,0.0,0.0,31.0
89.5552,1,rev,-85.0,11.9,5.798,-85.0,5.249,24.0,0.0,-4.496,33.0,-100.0,-100.0,-100.0,0.0,0.0,-0.0,31.0,-99.716,-100.0,-100.0,16.0,0.0,-0.0,31.0,-45.333,-45.0,-45.0,-16.0,0.0,-0.0,37.0,-96.332,-96.263,-96.263,-8.0,0.0,0.048,30.0,8.78,8.78,8.78,0.0,0.0,-0.231,31.0,6.804,6.804,6.804,0.0,0.0,0.0,31.0
89.6075,1,rev,-85.0,11.9,5.528,-85.0,5.035,24.0,0.0,-4.629,33.0,-100.0,-100.0,-100.0,0.0,0.0,-0.0,31.0,-99.716,-100.0,-100.0,16.0,0.0,-0.0,31.0,-45.333,-45.0,-45.0,-16.0,0.0,-0.0,37.0,-96.401,-96.263,-96.263,-8.0,0.0,-0.756,30.0,9.268,8.78,8.78,0.0,0.0,5.382,31.0,6.804,6.804,6.804,0.0,0.0,0.0,31.0
89.6606,1,rev,-85.0,11.9,5.348,-85.0,4.822,24.0,0.0,-4.0,33.0,-100.0,-100.0,-100.0,0.0,0.0,-0.0,31.0,-99.716,-100.0,-100.0,16.0,0.0,-0.0,31.0,-45.333,-45.0,-45.0,-16.0,0.0,-0.0,37.0,-96.401,-96.263,-96.263,-8.0,0.0,-0.371,30.0,9.268,8.78,8.78,0.0,0.0,2.637,31.0,6.804,6.804,6.804,0.0,0.0,0.0,31.0
89.7138,1,rev,-85.0,11.9,5.079,-85.0,4.609,24.0,0.0,-4.644,33.0,-100.0,-100.0,-100.0,0.0,0.0,-0.0,31.0,-99.716,-100.0,-100.0,16.0,0.0,-0.0,31.0,-45.333,-45.0,-45.0,-16.0,0.0,-0.0,37.0,-96.332,-96.263,-96.263,-8.0,0.0,0.36,30.0,8.78,8.78,8.78,0.0,0.0,-2.525,31.0,6.804,6.804,6.804,0.0,0.0,0.0,31.0
89.7673,1,rev,-85.0,11.9,4.899,-85.0,4.394,24.0,0.0,-3.994,33.0,-100.0,-100.0,-100.0,0.0,0.0,-0.0,31.0,-99.716,-100.0,-100.0,16.0,0.0,-0.0,31.0,-45.333,-45.0,-45.0,-16.0,0.0,-0.0,37.0,-96.332,-96.263,-96.263,-8.0,0.0,0.176,30.0,8.78,8.78,8.78,0.0,0.0,-1.237,31.0,6.804,6.804,6.804,0.0,0.0,0.0,31.0
89.8196,1,rev,-85.0,11.9,4.719,-85.0,4.179,24.0,0.0,-3.361,33.0,-100.0,-100.0,-100.0,0.0,0.0,-0.0,31.0,-99.716,-100.0,-100.0,16.0,0.0,-0.0,31.0,-45.333,-45.0,-45.0,-16.0,0.0,-0.0,37.0,-96.401,-96.263,-96.263,-8.0,0.0,-0.691,30.0,8.78,8.78,8.78,0.0,0.0,-0.606,31.0,6.804,6.804,6.804,0.0,0.0,0.0,31.0
89.8728,1,rev,-85.0,11.9,4.539,-85.0,3.966,24.0,0.0,-3.631,33.0,-100.0,-100.0,-100.0,0.0,0.0,-0.0,31.0,-99.858,-100.0,-100.0,16.0,0.0,-1.12,31.0,-45.333,-45.0,-45.0,-16.0,0.0,-0.0,37.0,-96.401,-96.263,-96.263,-8.0,0.0,-0.339,30.0,8.78,8.78,8.78,0.0,0.0,-0.297,31.0,6.804,6.804,6.804,0.0,0.0,0.0,31.0
89.9257,1,rev,-85.0,11.9,4.27,-85.0,3.751,24.0,0.0,-4.505,33.0,-100.0,-100.0,-100.0,0.0,0.0,-0.0,31.0,-99.858,-100.0,-100.0,16.0,0.0,-0.549,31.0,-45.333,-45.0,-45.0,-16.0,0.0,-0.0,37.0,-96.332,-96.263,-96.263,-8.0,0.0,0.38,30.0,8.78,8.78,8.78,0.0,0.0,-0.146,31.0,6.804,6.804,6.804,0.0,0.0,0.0,31.0
89.979,1,rev,-85.0,11.9,4.09,-85.0,3.538,24.0,0.0,-3.631,33.0,-100.0,-100.0,-100.0,0.0,0.0,-0.0,31.0,-99.858,-100.0,-100.0,16.0,0.0,-0.269,31.0,-45.333,-45.0,-45.0,-16.0,0.0,-0.0,37.0,-96.332,-96.263,-96.263,-8.0,0.0,0.186,30.0,9.268,8.78,8.78,0.0,0.0,3.791,31.0,6.804,6.804,6.804,0.0,0.0,0.0,31.0
90.0319,1,rev,-85.0,12.0,3.91,-85.0,3.3,44.0,2.0,-3.445,33.0,-100.0,-100.0,-100.0,0.0,0.0,-0.0,31.0,-99.858,-100.0,-100.0,8.0,0.0,-0.188,31.0,-45.333,-45.0,-45.0,-16.0,1.0,-0.0,37.0,-96.332,-96.263,-96.263,0.0,0.0,0.13,30.0,8.78,8.78,8.78,8.0,0.0,0.202,31.0,6.804,6.804,6.804,0.0,0.0,0.0,31.0
90.0852,1,rev,-85.0,12.0,3.64,-85.0,3.085,44.0,2.0,-4.405,33.0,-100.0,-100.0,-100.0,0.0,0.0,-0.0,31.0,-99.858,-100.0,-100.0,8.0,0.0,-0.092,31.0,-45.333,-45.0,-45.0,-16.0,1.0,-0.0,37.0,-96.401,-96.263,-96.263,0.0,0.0,-0.476,30.0,8.78,8.78,8.78,8.0,0.0,0.099,31.0,6.804,6.804,6.804,0.0,0.0,0.0,31.0
90.1383,1,rev,-85.0,12.0,3.371,-85.0,2.871,44.0,2.0,-4.885,33.0,-100.0,-100.0,-100.0,0.0,0.0,-0.0,31.0,-99.858,-100.0,-100.0,8.0,0.0,-0.045,31.0,-45.333,-45.0,-45.0,-16.0,1.0,-0.0,37.0,-96.332,-96.263,-96.263,0.0,0.0,0.544,30.0,8.78,8.78,8.78,8.0,0.0,0.049,31.0,6.804,6.804,6.804,0.0,0.0,0.0,31.0
90.1913,1,rev,-85.0,12.0,3.281,-85.0,2.658,44.0,2.0,-3.103,33.0,-100.0,-100.0,-100.0,0.0,0.0,-0.0,31.0,-99.858,-100.0,-100.0,8.0,0.0,-0.022,31.0,-45.333,-45.0,-45.0,-16.0,1.0,-0.0,37.0,-96.332,-96.263,-96.263,0.0,0.0,0.267,30.0,8.78,8.78,8.78,8.0,0.0,0.024,31.0,6.804,6.804,6.804,0.0,0.0,0.0,31.0
90.2443,1,rev,-85.0,12.0,3.191,-85.0,2.444,44.0,2.0,-2.231,33.0,-100.0,-100.0,-100.0,0.0,0.0,-0.0,31.0,-99.858,-100.0,-100.0,8.0,0.0,-0.011,31.0,-45.333,-45.0,-45.0,-16.0,1.0,-0.0,37.0,-96.332,-96.263,-96.263,0.0,0.0,0.131,30.0,9.268,8.78,8.78,8.0,0.0,5.463,31.0,6.804,6.804,6.804,0.0,0.0,0.0,31.0
90.2965,1,rev,-85.0,12.0,2.831,-85.0,2.231,44.0,2.0,-4.552,33.0,-100.0,-100.0,-100.0,0.0,0.0,-0.0,31.0,-99.858,-100.0,-100.0,8.0,0.0,-0.005,31.0,-45.333,-45.0,-45.0,-16.0,1.0,-0.0,37.0,-96.401,-96.263,-96.263,0.0,0.0,-0.721,30.0,9.268,8.78,8.78,8.0,0.0,2.677,31.0,6.804,6.804,6.804,0.0,0.0,0.0,31.0
90.3485,1,rev,-85.0,12.0,2.652,-85.0,2.019,44.0,2.0,-3.653,33.0,-100.0,-100.0,-100.0,0.0,0.0,-0.0,31.0,-99.858,-100.0,-100.0,8.0,0.0,-0.003,31.0,-45.333,-45.0,-45.0,-16.0,1.0,-0.0,37.0,-96.401,-96.263,-96.263,0.0,0.0,-0.353,30.0,9.268,8.78,8.78,8.0,0.0,1.312,31.0,6.804,6.804,6.804,0.0,0.0,0.0,31.0
90.4006,1,rev,-85.0,12.0,2.562,-85.0,1.805,44.0,2.0,-3.567,33.0,-100.0,-100.0,-100.0,0.0,0.0,-0.0,31.0,-99.858,-100.0,-100.0,8.0,0.0,-0.002,31.0,-45.333,-45.0,-45.0,-16.0,1.0,-0.0,37.0,-96.401,-96.263,-96.263,0.0,0.0,-0.247,30.0,9.268,8.78,8.78,8.0,0.0,0.918,31.0,6.804,6.804,6.804,0.0,0.0,0.0,31.0
90.454,1,rev,-85.0,12.0,2.202,-85.0,1.579,44.0,2.0,-5.391,33.0,-100.0,-100.0,-100.0,0.0,0.0,-0.0,31.0,-99.858,-100.0,-100.0,8.0,0.0,-0.001,31.0,-45.333,-45.0,-45.0,-16.0,1.0,-0.0,37.0,-96.332,-96.263,-96.263,0.0,0.0,0.373,30.0,8.78,8.78,8.78,8.0,0.0,-3.036,31.0,6.804,6.804,6.804,0.0,0.0,0.0,31.0
90.5073,1,rev,-85.0,12.0,2.022,-85.0,1.358,44.0,2.0,-4.313,33.0,-100.0,-100.0,-100.0,0.0,0.0,-0.0,31.0,-99.858,-100.0,-100.0,8.0,0.0,-0.0,31.0,-45.333,-45.0,-45.0,-16.0,1.0,-0.0,37.0,-96.332,-96.263,-96.263,0.0,0.0,0.183,30.0,8.78,8.78,8.78,8.0,0.0,-1.488,31.0,6.804,6.804,6.804,0.0,0.0,0.0,31.0
90.5609,1,rev,-85.0,12.0,1.843,-85.0,1.249,44.0,2.0,-3.825,33.0,-100.0,-100.0,-100.0,0.0,0.0,-0.0,31.0,-99.858,-100.0,-100.0,8.0,0.0,-0.0,31.0,-45.333,-45.0,-45.0,-16.0,1.0,-0.0,37.0,-96.401,-96.263,-96.263,0.0,0.0,-0.691,30.0,8.78,8.78,8.78,8.0,0.0,-0.729,31.0,6.804,6.804,6.804,0.0,0.0,0.0,31.0
90.6153,1,rev,-85.0,12.0,1.753,-85.0,1.007,52.0,4.0,-3.122,33.0,-100.0,-100.0,-100.0,0.0,0.0,-0.0,31.0,-99.858,-100.0,-100.0,8.0,0.0,-0.0,31.0,-45.333,-45.0,-45.0,-16.0,0.0,-0.0,37.0,-96.401,-96.263,-96.263,-8.0,0.0,-0.484,30.0,8.78,8.78,8.78,0.0,0.0,-0.51,31.0,6.804,6.804,6.804,0.0,0.0,0.0,31.0
90.6692,1,rev,-85.0,12.0,1.483,-85.0,0.794,52.0,4.0,-4.572,33.0,-100.0,-100.0,-100.0,0.0,0.0,-0.0,31.0,-99.858,-100.0,-100.0,8.0,0.0,-0.0,31.0,-45.333,-45.0,-45.0,-16.0,0.0,-0.0,37.0,-96.332,-96.263,-96.263,-8.0,0.0,0.544,30.0,9.268,8.78,8.78,0.0,0.0,3.599,31.0,6.804,6.804,6.804,0.0,0.0,0.0,31.0
90.7214,1,rev,-85.0,12.0,1.213,-85.0,0.582,52.0,4.0,-4.671,33.0,-100.0,-100.0,-100.0,0.0,0.0,-0.0,31.0,-99.858,-100.0,-100.0,8.0,0.0,-0.0,31.0,-45.333,-45.0,-45.0,-16.0,0.0,-0.0,37.0,-96.332,-96.263,-96.263,-8.0,0.0,0.266,30.0,9.268,8.78,8.78,0.0,0.0,1.763,31.0,6.804,6.804,6.804,0.0,0.0,0.0,31.0
90.7742,1,rev,-85.0,12.0,1.034,-85.0,0.368,52.0,4.0,-4.001,33.0,-100.0,-100.0,-100.0,0.0,0.0,-0.0,31.0,-99.858,-100.0,-100.0,8.0,0.0,-0.0,31.0,-45.333,-45.0,-45.0,-16.0,0.0,-0.0,37.0,-96.332,-96.263,-96.263,-8.0,0.0,0.131,30.0,9.268,8.78,8.78,0.0,0.0,0.864,31.0,6.804,6.804,6.804,0.0,0.0,0.0,31.0
90.8266,1,rev,-85.0,12.0,0.764,-85.0,0.154,52.0,4.0,-4.708,33.0,-100.0,-100.0,-100.0,0.0,0.0,-0.0,31.0,-99.858,-100.0,-100.0,8.0,0.0,-0.0,31.0,-45.333,-45.0,-45.0,-16.0,0.0,-0.0,37.0,-96.401,-96.263,-96.263,-8.0,0.0,-0.483,30.0,9.268,8.78,8.78,0.0,0.0,0.423,31.0,6.804,6.804,6.804,0.0,0.0,0.0,31.0
90.8798,1,rev,-85.0,12.0,0.584,-85.0,-0.059,52.0,4.0,-4.026,33.0,-100.0,-100.0,-100.0,0.0,0.0,-0.0,31.0,-99.858,-100.0,-100.0,8.0,0.0,-0.0,31.0,-45.333,-45.0,-45.0,-16.0,0.0,-0.0,37.0,-96.332,-96.263,-96.263,-8.0,0.0,0.545,30.0,9.268,8.78,8.78,0.0,0.0,0.207,31.0,6.804,6.804,6.804,0.0,0.0,0.0,31.0
90.9331,1,rev,-85.0,12.0,0.404,-85.0,-0.273,52.0,4.0,-3.69,33.0,-100.0,-100.0,-100.0,0.0,0.0,-0.0,31.0,-100.0,-100.0,-100.0,8.0,0.0,-1.601,31.0,-45.333,-45.0,-45.0,-16.0,0.0,-0.0,37.0,-96.332,-96.263,-96.263,-8.0,0.0,0.267,30.0,8.78,8.78,8.78,0.0,0.0,-3.727,31.0,6.804,6.804,6.804,0.0,0.0,0.0,31.0
90.9863,1,rev,-85.0,12.0,0.315,-85.0,-0.485,52.0,4.0,-2.518,33.0,-100.0,-100.0,-100.0,0.0,0.0,-0.0,31.0,-100.0,-100.0,-100.0,8.0,0.0,-0.784,31.0,-45.333,-45.0,-45.0,-16.0,0.0,-0.0,37.0,-96.332,-96.263,-96.263,-8.0,0.0,0.131,30.0,8.78,8.78,8.78,0.0,0.0,-1.826,31.0,6.804,6.804,6.804,0.0,0.0,0.0,31.0
91.0388,1,rev,-85.0,12.0,0.045,-85.0,-0.699,52.0,4.0,-3.979,33.0,-100.0,-100.0,-100.0,0.0,0.0,-0.0,31.0,-100.0,-100.0,-100.0,8.0,0.0,-0.384,31.0,-45.333,-45.0,-45.0,-16.0,0.0,-0.0,37.0,-96.401,-96.263,-96.263,-8.0,0.0,-0.479,30.0,8.78,8.78,8.78,0.0,0.0,-0.895,31.0,6.804,6.804,6.804,0.0,0.0,0.0,31.0
91.0921,1,rev,-85.0,12.0,-0.315,-85.0,-0.911,52.0,4.0,-5.342,33.0,-100.0,-100.0,-100.0,0.0,0.0,-0.0,31.0,-100.0,-100.0,-100.0,8.0,0.0,-0.188,31.0,-45.333,-45.0,-45.0,-16.0,0.0,-0.0,37.0,-96.401,-96.263,-96.263,-8.0,0.0,-0.235,30.0,9.268,8.78,8.78,0.0,0.0,3.408,31.0,6.804,6.804,6.804,0.0,0.0,0.0,31.0
91.1448,1,rev,-85.0,11.9,-0.404,-85.0,-1.02,48.0,3.0,-4.754,33.0,-100.0,-100.0,-100.0,0.0,0.0,-0.0,31.0,-100.0,-100.0,-100.0,0.0,0.0,-0.132,31.0,-45.333,-45.0,-45.0,-16.0,0.0,-0.0,37.0,-96.401,-96.263,-96.263,0.0,0.0,-0.164,30.0,9.268,8.78,8.78,8.0,0.0,2.386,31.0,6.804,6.804,6.804,0.0,0.0,0.0,31.0
91.1979,1,rev,-85.0,11.9,-0.494,-85.0,-1.356,48.0,3.0,-3.337,33.0,-100.0,-100.0,-100.0,0.0,0.0,-0.0,31.0,-100.0,-100.0,-100.0,0.0,0.0,-0.065,31.0,-45.333,-45.0,-45.0,-16.0,0.0,-0.0,37.0,-96.332,-96.263,-96.263,0.0,0.0,0.173,30.0,9.268,8.78,8.78,8.0,0.0,1.169,31.0,6.804,6.804,6.804,0.0,0.0,0.0,31.0
91.2508,1,rev,-85.0,11.9,-0.854,-85.0,-1.57,48.0,3.0,-4.771,33.0,-100.0,-100.0,-100.0,0.0,0.0,-0.0,31.0,-100.0,-100.0,-100.0,0.0,0.0,-0.032,31.0,-45.333,-45.0,-45.0,-16.0,0.0,-0.0,37.0,-96.332,-96.263,-96.263,0.0,0.0,0.085,30.0,9.268,8.78,8.78,8.0,0.0,0.573,31.0,6.804,6.804,6.804,0.0,0.0,0.0,31.0
91.304,1,rev,-85.0,11.9,-1.034,-85.0,-1.785,48.0,3.0,-4.052,33.0,-100.0,-100.0,-100.0,0.0,0.0,-0.0,31.0,-100.0,-100.0,-100.0,0.0,0.0,-0.016,31.0,-45.333,-45.0,-45.0,-16.0,0.0,-0.0,37.0,-96.401,-96.263,-96.263,0.0,0.0,-0.494,30.0,9.268,8.78,8.78,8.0,0.0,0.281,31.0,6.804,6.804,6.804,0.0,0.0,0.0,31.0
91.357,1,rev,-85.0,11.9,-1.213,-85.0,-1.997,48.0,3.0,-3.712,33.0,-100.0,-100.0,-100.0,0.0,0.0,-0.0,31.0,-100.0,-100.0,-100.0,0.0,0.0,-0.008,31.0,-45.333,-45.0,-45.0,-16.0,0.0,-0.0,37.0,-96.401,-96.263,-96.263,0.0,0.0,-0.242,30.0,9.268,8.78,8.78,8.0,0.0,0.138,31.0,6.804,6.804,6.804,0.0,0.0,0.0,31.0
91.4101,1,rev,-85.0,11.9,-1.483,-85.0,-2.21,48.0,3.0,-4.551,33.0,-100.0,-100.0,-100.0,0.0,0.0,-0.0,31.0,-100.0,-100.0,-100.0,0.0,0.0,-0.004,31.0,-45.333,-45.0,-45.0,-16.0,0.0,-0.0,37.0,-96.401,-96.263,-96.263,0.0,0.0,-0.119,30.0,9.268,8.78,8.78,8.0,0.0,0.067,31.0,6.804,6.804,6.804,0.0,0.0,0.0,31.0
91.4638,1,rev,-85.0,11.9,-1.753,-85.0,-2.425,48.0,3.0,-4.955,33.0,-100.0,-100.0,-100.0,0.0,0.0,-0.0,31.0,-100.0,-100.0,-100.0,0.0,0.0,-0.002,31.0,-45.333,-45.0,-45.0,-16.0,0.0,-0.0,37.0,-96.332,-96.263,-96.263,0.0,0.0,0.476,30.0,9.268,8.78,8.78,8.0,0.0,0.033,31.0,6.804,6.804,6.804,0.0,0.0,0.0,31.0
91.5171,1,rev,-85.0,11.9,-1.933,-85.0,-2.638,48.0,3.0,-4.152,33.0,-100.0,-100.0,-100.0,0.0,0.0,-0.0,31.0,-100.0,-100.0,-100.0,0.0,0.0,-0.001,31.0,-45.333,-45.0,-45.0,-16.0,0.0,-0.0,37.0,-96.332,-96.263,-96.263,0.0,0.0,0.233,30.0,9.268,8.78,8.78,8.0,0.0,0.016,31.0,6.804,6.804,6.804,0.0,0.0,0.0,31.0
91.5697,1,rev,-85.0,11.9,-2.112,-85.0,-2.851,48.0,3.0,-4.067,33.0,-100.0,-100.0,-100.0,0.0,0.0,-0.0,31.0,-100.0,-100.0,-100.0,0.0,0.0,-0.0,31.0,-45.333,-45.0,-45.0,-16.0,0.0,-0.0,37.0,-96.332,-96.263,-96.263,0.0,0.0,0.114,30.0,9.268,8.78,8.78,8.0,0.0,0.008,31.0,6.804,6.804,6.804,0.0,0.0,0.0,31.0
91.6227,1,rev,-85.0,11.9,-2.382,-85.0,-3.064,48.0,3.0,-4.423,33.0,-100.0,-100.0,-100.0,0.0,0.0,-0.0,31.0,-100.0,-100.0,-100.0,0.0,0.0,-0.0,31.0,-45.333,-45.0,-45.0,-16.0,0.0,-0.0,37.0,-96.401,-96.263,-96.263,0.0,0.0,-0.489,30.0,9.268,8.78,8.78,8.0,0.0,0.004,31.0,6.804,6.804,6.804,0.0,0.0,0.0,31.0
91.6756,1,rev,-85.0,11.9,-2.562,-85.0,-3.277,48.0,3.0,-3.887,33.0,-100.0,-100.0,-100.0,0.0,0.0,-0.0,31.0,-100.0,-100.0,-100.0,0.0,0.0,-0.0,31.0,-45.333,-45.0,-45.0,-16.0,0.0,-0.0,37.0,-96.401,-96.263,-96.263,0.0,0.0,-0.24,30.0,8.78,8.78,8.78,8.0,0.0,-3.832,31.0,6.804,6.804,6.804,0.0,0.0,0.0,31.0
91.729,1,rev,-85.0,11.9,-2.562,-85.0,-3.507,60.0,5.0,-3.887,33.0,-100.0,-100.0,-100.0,-8.0,0.0,-0.0,31.0,-100.0,-100.0,-100.0,-8.0,0.0,-0.0,31.0,-45.333,-45.0,-45.0,-16.0,0.0,-0.0,37.0,-96.401,-96.263,-96.263,-8.0,0.0,-0.24,30.0,8.78,8.78,8.78,0.0,0.0,-3.832,31.0,6.804,6.804,6.804,0.0,0.0,0.0,31.0
91.7822,1,rev,-85.0,11.9,-2.652,-85.0,-3.73,60.0,5.0,-2.92,33.0,-100.0,-100.0,-100.0,-8.0,0.0,-0.0,31.0,-100.0,-100.0,-100.0,-8.0,0.0,-0.0,31.0,-45.333,-45.0,-45.0,-16.0,0.0,-0.0,37.0,-96.401,-96.263,-96.263,-8.0,0.0,-0.117,30.0,8.78,8.78,8.78,0.0,0.0,-1.878,31.0,6.804,6.804,6.804,0.0,0.0,0.0,31.0
91.8353,1,rev,-85.0,11.9,-3.101,-85.0,-3.847,60.0,5.0,-5.677,33.0,-100.0,-100.0,-100.0,-8.0,0.0,-0.0,31.0,-100.0,-100.0,-100.0,-8.0,0.0,-0.0,31.0,-45.333,-45.0,-45.0,-16.0,0.0,-0.0,37.0,-96.332,-96.263,-96.263,-8.0,0.0,0.439,30.0,9.268,8.78,8.78,0.0,0.0,2.583,31.0,6.804,6.804,6.804,0.0,0.0,0.0,31.0
91.8889,1,rev,-85.0,11.9,-3.281,-85.0,-4.076,60.0,5.0,-4.432,33.0,-100.0,-100.0,-100.0,-8.0,0.0,-0.0,31.0,-100.0,-100.0,-100.0,-8.0,0.0,-0.0,31.0,-45.467,-45.0,-45.0,-16.0,0.0,-1.505,37.0,-96.332,-96.263,-96.263,-8.0,0.0,0.215,30.0,9.268,8.78,8.78,0.0,0.0,1.266,31.0,6.804,6.804,6.804,0.0,0.0,0.0,31.0
91.9421,1,rev,-85.0,11.9,-3.461,-85.0,-4.288,60.0,5.0,-3.891,33.0,-100.0,-100.0,-100.0,-8.0,0.0,-0.0,31.0,-100.0,-100.0,-100.0,-8.0,0.0,-0.0,31.0,-45.467,-45.0,-45.0,-16.0,0.0,-0.737,37.0,-96.401,-96.263,-96.263,-8.0,0.0,-0.44,30.0,9.268,8.78,8.78,0.0,0.0,0.62,31.0,6.804,6.804,6.804,0.0,0.0,0.0,31.0
91.9964,1,rev,-85.0,11.9,-3.73,-85.0,-4.504,60.0,5.0,-4.299,33.0,-100.0,-100.0,-100.0,-8.0,0.0,-0.0,31.0,-100.0,-100.0,-100.0,-8.0,0.0,-0.0,31.0,-45.467,-45.0,-45.0,-16.0,0.0,-0.361,37.0,-96.401,-96.263,-96.263,-8.0,0.0,-0.216,30.0,9.268,8.78,8.78,0.0,0.0,0.304,31.0,6.804,6.804,6.804,0.0,0.0,0.0,31.0
92.0501,1,rev,-85.0,11.9,-3.91,-85.0,-4.719,60.0,5.0,-3.514,33.0,-100.0,-100.0,-100.0,-8.0,0.0,-0.0,31.0,-100.0,-100.0,-100.0,-8.0,0.0,-0.0,31.0,-45.467,-45.0,-45.0,-16.0,0.0,-0.177,37.0,-96.401,-96.263,-96.263,-8.0,0.0,-0.106,30.0,9.268,8.78,8.78,0.0,0.0,0.149,31.0,6.804,6.804,6.804,0.0,0.0,0.0,31.0
92.1039,1,rev,-85.0,11.9,-4.09,-85.0,-4.935,60.0,5.0,-3.418,33.0,-100.0,-100.0,-100.0,-8.0,0.0,-0.0,31.0,-100.0,-100.0,-100.0,-8.0,0.0,-0.0,31.0,-45.467,-45.0,-45.0,-16.0,0.0,-0.087,37.0,-96.332,-96.263,-96.263,-8.0,0.0,0.477,30.0,9.268,8.78,8.78,0.0,0.0,0.073,31.0,6.804,6.804,6.804,0.0,0.0,0.0,31.0
92.157,1,rev,-85.0,11.9,-4.27,-85.0,-5.148,60.0,5.0,-3.655,33.0,-100.0,-100.0,-100.0,-8.0,0.0,-0.0,31.0,-100.0,-100.0,-100.0,-8.0,0.0,-0.0,31.0,-45.467,-45.0,-45.0,-16.0,0.0,-0.043,37.0,-96.332,-96.263,-96.263,-8.0,0.0,0.234,30.0,9.268,8.78,8.78,0.0,0.0,0.036,31.0,6.804,6.804,6.804,0.0,0.0,0.0,31.0
92.2102,1,rev,-85.0,11.9,-4.539,-85.0,-5.364,60.0,5.0,-4.524,33.0,-100.0,-100.0,-100.0,-8.0,0.0,-0.0,31.0,-100.0,-100.0,-100.0,-8.0,0.0,-0.0,31.0,-45.467,-45.0,-45.0,-16.0,0.0,-0.021,37.0,-96.401,-96.263,-96.263,-8.0,0.0,-0.665,30.0,9.268,8.78,8.78,0.0,0.0,0.018,31.0,6.804,6.804,6.804,0.0,0.0,0.0,31.0
92.2633,1,rev,-85.0,11.9,-4.719,-85.0,-5.578,60.0,5.0,-3.935,33.0,-100.0,-100.0,-100.0,-8.0,0.0,-0.0,31.0,-100.0,-100.0,-100.0,-8.0,0.0,-0.0,31.0,-45.467,-45.0,-45.0,-16.0,0.0,-0.01,37.0,-96.401,-96.263,-96.263,-8.0,0.0,-0.326,30.0,9.268,8.78,8.78,0.0,0.0,0.009,31.0,6.804,6.804,6.804,0.0,0.0,0.0,31.0
92.3169,1,rev,-85.0,11.9,-4.899,-85.0,-5.816,76.0,8.0,-3.659,33.0,-100.0,-100.0,-100.0,0.0,0.0,-0.0,31.0,-100.0,-100.0,-100.0,-8.0,0.0,-0.0,31.0,-45.467,-45.0,-45.0,-24.0,0.0,-0.007,37.0,-96.401,-96.263,-96.263,-8.0,0.0,-0.228,30.0,9.268,8.78,8.78,8.0,0.0,0.006,31.0,6.804,6.804,6.804,0.0,0.0,0.0,31.0
92.3704,1,rev,-85.0,11.9,-5.169,-85.0,-6.032,76.0,8.0,-4.187,33.0,-100.0,-100.0,-100.0,0.0,0.0,-0.0,31.0,-100.0,-100.0,-100.0,-8.0,0.0,-0.0,31.0,-45.467,-45.0,-45.0,-24.0,0.0,-0.004,37.0,-96.401,-96.263,-96.263,-8.0,0.0,-0.112,30.0,9.268,8.78,8.78,8.0,0.0,0.003,31.0,6.804,6.804,6.804,0.0,0.0,0.0,31.0
92.4238,1,rev,-85.0,11.9,-5.438,-85.0,-6.246,76.0,8.0,-4.491,33.0,-100.0,-100.0,-100.0,0.0,0.0,-0.0,31.0,-100.0,-100.0,-100.0,-8.0,0.0,-0.0,31.0,-45.467,-45.0,-45.0,-24.0,0.0,-0.002,37.0,-96.332,-96.263,-96.263,-8.0,0.0,0.494,30.0,9.268,8.78,8.78,8.0,0.0,0.001,31.0,6.804,6.804,6.804,0.0,0.0,0.0,31.0
92.4772,1,rev,-85.0,11.9,-5.528,-85.0,-6.459,76.0,8.0,-3.218,33.0,-100.0,-100.0,-100.0,0.0,0.0,-0.0,31.0,-100.0,-100.0,-100.0,-8.0,0.0,-0.0,31.0,-45.467,-45.0,-45.0,-24.0,0.0,-0.001,37.0,-96.332,-96.263,-96.263,-8.0,0.0,0.242,30.0,9.268,8.78,8.78,8.0,0.0,0.001,31.0,6.804,6.804,6.804,0.0,0.0,0.0,31.0
92.5296,1,rev,-85.0,11.9,-5.708,-85.0,-6.672,76.0,8.0,-3.296,33.0,-100.0,-100.0,-100.0,0.0,0.0,-0.0,31.0,-100.0,-100.0,-100.0,-8.0,0.0,-0.0,31.0,-45.467,-45.0,-45.0,-24.0,0.0,-0.0,37.0,-96.401,-96.263,-96.263,-8.0,0.0,-0.427,30.0,9.268,8.78,8.78,8.0,0.0,0.0,31.0,6.804,6.804,6.804,0.0,0.0,0.0,31.0
92.5828,1,rev,-85.0,11.9,-6.067,-85.0,-6.885,76.0,8.0,-5.053,33.0,-100.0,-100.0,-100.0,0.0,0.0,-0.0,31.0,-100.0,-100.0,-100.0,-8.0,0.0,-0.0,31.0,-45.467,-45.0,-45.0,-24.0,0.0,-0.0,37.0,-96.401,-96.263,-96.263,-8.0,0.0,-0.209,30.0,9.268,8.78,8.78,8.0,0.0,0.0,31.0,6.804,6.804,6.804,0.0,0.0,0.0,31.0
92.636,1,rev,-85.0,11.9,-6.247,-85.0,-7.1,76.0,8.0,-4.183,33.0,-100.0,-100.0,-100.0,0.0,0.0,-0.0,31.0,-100.0,-100.0,-100.0,-8.0,0.0,-0.0,31.0,-45.467,-45.0,-45.0,-24.0,0.0,-0.0,37.0,-96.401,-96.263,-96.263,-8.0,0.0,-0.102,30.0,9.268,8.78,8.78,8.0,0.0,0.0,31.0,6.804,6.804,6.804,0.0,0.0,0.0,31.0
92.6902,1,rev,-85.0,11.9,-6.337,-85.0,-7.313,76.0,8.0,-2.761,33.0,-100.0,-100.0,-100.0,0.0,0.0,-0.0,31.0,-100.0,-100.0,-100.0,-8.0,0.0,-0.0,31.0,-45.467,-45.0,-45.0,-24.0,0.0,-0.0,37.0,-96.401,-96.263,-96.263,-8.0,0.0,-0.05,30.0,9.268,8.78,8.78,8.0,0.0,0.0,31.0,6.804,6.804,6.804,0.0,0.0,0.0,31.0
92.7433,1,rev,-85.0,11.9,-6.607,-85.0,-7.526,76.0,8.0,-3.466,33.0,-100.0,-100.0,-100.0,0.0,0.0,-0.0,31.0,-100.0,-100.0,-100.0,-8.0,0.0,-0.0,31.0,-45.467,-45.0,-45.0,-24.0,0.0,-0.0,37.0,-96.332,-96.263,-96.263,-8.0,0.0,0.752,30.0,9.268,8.78,8.78,8.0,0.0,0.0,31.0,6.804,6.804,6.804,0.0,0.0,0.0,31.0
92.7959,1,rev,-85.0,11.9,-6.876,-85.0,-7.741,76.0,8.0,-4.112,33.0,-100.0,-100.0,-100.0,0.0,0.0,-0.0,31.0,-100.0,-100.0,-100.0,-8.0,0.0,-0.0,31.0,-45.467,-45.0,-45.0,-24.0,0.0,-0.0,37.0,-96.332,-96.263,-96.263,-8.0,0.0,0.368,30.0,9.268,8.78,8.78,8.0,0.0,0.0,31.0,6.804,6.804,6.804,0.0,0.0,0.0,31.0
92.8494,1,rev,-85.0,11.9,-6.876,-85.0,-7.848,80.0,10.0,-2.878,33.0,-100.0,-100.0,-100.0,0.0,0.0,-0.0,31.0,-100.0,-100.0,-100.0,-8.0,0.0,-0.0,31.0,-45.467,-45.0,-45.0,-24.0,1.0,-0.0,37.0,-96.332,-96.263,-96.263,0.0,0.0,0.258,30.0,9.268,8.78,8.78,8.0,0.0,0.0,31.0,6.804,6.804,6.804,0.0,0.0,0.0,31.0
92.9018,1,rev,-85.0,11.9,-7.056,-85.0,-8.183,80.0,10.0,-2.762,33.0,-100.0,-100.0,-100.0,0.0,0.0,-0.0,31.0,-100.0,-100.0,-100.0,-8.0,0.0,-0.0,31.0,-45.467,-45.0,-45.0,-24.0,1.0,-0.0,37.0,-96.401,-96.263,-96.263,0.0,0.0,-0.128,30.0,9.268,8.78,8.78,8.0,0.0,0.0,31.0,6.804,6.804,6.804,0.0,0.0,0.0,31.0
92.9553,1,rev,-85.0,11.9,-7.506,-85.0,-8.394,80.0,10.0,-5.801,33.0,-100.0,-100.0,-100.0,0.0,0.0,-0.0,31.0,-100.0,-100.0,-100.0,-8.0,0.0,-0.0,31.0,-45.467,-45.0,-45.0,-24.0,1.0,-0.0,37.0,-96.401,-96.263,-96.263,0.0,0.0,-0.062,30.0,9.268,8.78,8.78,8.0,0.0,0.0,31.0,6.804,6.804,6.804,0.0,0.0,0.0,31.0
93.0084,1,rev,-85.0,11.9,-7.685,-85.0,-8.608,80.0,10.0,-4.561,33.0,-100.0,-100.0,-100.0,0.0,0.0,-0.0,31.0,-100.0,-100.0,-100.0,-8.0,0.0,-0.0,31.0,-45.467,-45.0,-45.0,-24.0,1.0,-0.0,37.0,-96.401,-96.263,-96.263,0.0,0.0,-0.031,30.0,9.268,8.78,8.78,8.0,0.0,0.0,31.0,6.804,6.804,6.804,0.0,0.0,0.0,31.0
93.062,1,rev,-85.0,11.9,-7.955,-85.0,-8.822,80.0,10.0,-4.955,33.0,-100.0,-100.0,-100.0,0.0,0.0,-0.0,31.0,-100.0,-100.0,-100.0,-8.0,0.0,-0.0,31.0,-45.467,-45.0,-45.0,-24.0,1.0,-0.0,37.0,-96.401,-96.263,-96.263,0.0,0.0,-0.015,30.0,9.268,8.78,8.78,8.0,0.0,0.0,31.0,6.804,6.804,6.804,0.0,0.0,0.0,31.0
93.1152,1,rev,-85.0,11.9,-8.135,-85.0,-9.035,80.0,10.0,-4.14,33.0,-100.0,-100.0,-100.0,0.0,0.0,-0.0,31.0,-100.0,-100.0,-100.0,-8.0,0.0,-0.0,31.0,-45.467,-45.0,-45.0,-24.0,1.0,-0.0,37.0,-96.401,-96.263,-96.263,0.0,0.0,-0.007,30.0,9.268,8.78,8.78,8.0,0.0,0.0,31.0,6.804,6.804,6.804,0.0,0.0,0.0,31.0
93.1677,1,rev,-85.0,11.9,-8.404,-85.0,-9.25,80.0,10.0,-4.431,33.0,-100.0,-100.0,-100.0,0.0,0.0,-0.0,31.0,-100.0,-100.0,-100.0,-8.0,0.0,-0.0,31.0,-45.467,-45.0,-45.0,-24.0,1.0,-0.0,37.0,-96.401,-96.263,-96.263,0.0,0.0,-0.004,30.0,9.268,8.78,8.78,8.0,0.0,0.0,31.0,6.804,6.804,6.804,0.0,0.0,0.0,31.0
93.221,1,rev,-85.0,11.9,-8.404,-85.0,-9.466,80.0,10.0,-2.171,33.0,-100.0,-100.0,-100.0,0.0,0.0,-0.0,31.0,-100.0,-100.0,-100.0,-8.0,0.0,-0.0,31.0,-45.467,-45.0,-45.0,-24.0,1.0,-0.0,37.0,-96.332,-96.263,-96.263,0.0,0.0,0.542,30.0,9.268,8.78,8.78,8.0,0.0,0.0,31.0,6.804,6.804,6.804,0.0,0.0,0.0,31.0
93.2742,1,rev,-85.0,11.9,-8.494,-85.0,-9.681,80.0,10.0,-1.765,33.0,-100.0,-100.0,-100.0,0.0,0.0,-0.0,31.0,-100.0,-100.0,-100.0,-8.0,0.0,-0.0,31.0,-45.467,-45.0,-45.0,-24.0,1.0,-0.0,37.0,-96.332,-96.263,-96.263,0.0,0.0,0.265,30.0,9.268,8.78,8.78,8.0,0.0,0.0,31.0,6.804,6.804,6.804,0.0,0.0,0.0,31.0
93.3273,1,rev,-85.0,11.9,-8.944,-85.0,-9.894,80.0,10.0,-5.006,33.0,-100.0,-100.0,-100.0,0.0,0.0,-0.0,31.0,-100.0,-100.0,-100.0,-8.0,0.0,-0.0,31.0,-45.467,-45.0,-45.0,-24.0,1.0,-0.0,37.0,-96.401,-96.263,-96.263,0.0,0.0,-0.413,30.0,9.268,8.78,8.78,8.0,0.0,0.0,31.0,6.804,6.804,6.804,0.0,0.0,0.0,31.0
93.3797,1,rev,-85.0,11.9,-9.124,-85.0,-10.107,80.0,10.0,-4.172,33.0,-100.0,-100.0,-100.0,0.0,0.0,-0.0,31.0,-100.0,-100.0,-100.0,-8.0,0.0,-0.0,31.0,-45.467,-45.0,-45.0,-24.0,1.0,-0.0,37.0,-96.401,-96.263,-96.263,0.0,0.0,-0.202,30.0,9.268,8.78,8.78,8.0,0.0,0.0,31.0,6.804,6.804,6.804,0.0,0.0,0.0,31.0
93.4329,1,rev,-85.0,11.9,-9.124,-85.0,-10.336,84.0,12.0,-4.172,33.0,-100.0,-100.0,-100.0,0.0,0.0,-0.0,31.0,-100.0,-100.0,-100.0,-8.0,0.0,-0.0,31.0,-45.467,-45.0,-45.0,-24.0,1.0,-0.0,37.0,-96.401,-96.263,-96.263,-8.0,0.0,-0.202,30.0,9.268,8.78,8.78,8.0,0.0,0.0,31.0,6.804,6.804,6.804,0.0,0.0,0.0,30.0
93.4862,1,rev,-85.0,11.9,-9.303,-85.0,-10.559,84.0,12.0,-3.368,33.0,-100.0,-100.0,-100.0,0.0,0.0,-0.0,31.0,-100.0,-100.0,-100.0,-8.0,0.0,-0.0,31.0,-45.467,-45.0,-45.0,-24.0,1.0,-0.0,37.0,-96.401,-96.263,-96.263,-8.0,0.0,-0.099,30.0,9.268,8.78,8.78,8.0,0.0,0.0,31.0,6.804,6.804,6.804,0.0,0.0,0.0,30.0
93.5385,1,rev,-85.0,11.9,-9.663,-85.0,-10.666,84.0,12.0,-4.785,33.0,-100.0,-100.0,-100.0,0.0,0.0,-0.0,31.0,-100.0,-100.0,-100.0,-8.0,0.0,-0.0,31.0,-45.467,-45.0,-45.0,-24.0,1.0,-0.0,37.0,-96.401,-96.263,-96.263,-8.0,0.0,-0.049,30.0,9.268,8.78,8.78,8.0,0.0,0.0,31.0,6.804,6.804,6.804,0.0,0.0,0.0,30.0
93.5919,1,rev,-85.0,11.9,-9.843,-85.0,-10.889,84.0,12.0,-4.0,33.0,-100.0,-100.0,-100.0,0.0,0.0,-0.0,31.0,-100.0,-100.0,-100.0,-8.0,0.0,-0.0,31.0,-45.467,-45.0,-45.0,-24.0,1.0,-0.0,37.0,-96.401,-96.263,-96.263,-8.0,0.0,-0.024,30.0,9.268,8.78,8.78,8.0,0.0,0.0,31.0,6.804,6.804,6.804,0.0,0.0,0.0,30.0
93.6451,1,rev,-85.0,11.9,-9.933,-85.0,-11.102,84.0,12.0,-2.671,33.0,-100.0,-100.0,-100.0,0.0,0.0,-0.0,31.0,-100.0,-100.0,-100.0,-8.0,0.0,-0.0,31.0,-45.467,-45.0,-45.0,-24.0,1.0,-0.0,37.0,-96.401,-96.263,-96.263,-8.0,0.0,-0.012,30.0,9.268,8.78,8.78,8.0,0.0,0.0,31.0,6.804,6.804,6.804,0.0,0.0,0.0,30.0
93.6985,1,rev,-85.0,11.9,-10.382,-85.0,-11.318,84.0,12.0,-5.425,33.0,-100.0,-100.0,-100.0,0.0,0.0,-0.0,31.0,-100.0,-100.0,-100.0,-8.0,0.0,-0.0,31.0,-45.467,-45.0,-45.0,-24.0,1.0,-0.0,37.0,-96.401,-96.263,-96.263,-8.0,0.0,-0.006,30.0,9.268,8.78,8.78,8.0,0.0,0.0,31.0,6.804,6.804,6.804,0.0,0.0,0.0,30.0
93.7517,1,rev,-85.0,11.9,-10.562,-85.0,-11.532,84.0,12.0,-4.361,33.0,-100.0,-100.0,-100.0,0.0,0.0,-0.0,31.0,-100.0,-100.0,-100.0,-8.0,0.0,-0.0,31.0,-45.467,-45.0,-45.0,-24.0,1.0,-0.0,37.0,-96.401,-96.263,-96.263,-8.0,0.0,-0.003,30.0,9.268,8.78,8.78,8.0,0.0,0.0,31.0,6.804,6.804,6.804,0.0,0.0,0.0,30.0
93.805,1,rev,-85.0,11.9,-10.652,-85.0,-11.746,84.0,12.0,-2.848,33.0,-100.0,-100.0,-100.0,0.0,0.0,-0.0,31.0,-100.0,-100.0,-100.0,-8.0,0.0,-0.0,31.0,-45.467,-45.0,-45.0,-24.0,1.0,-0.0,37.0,-96.401,-96.263,-96.263,-8.0,0.0,-0.001,30.0,9.268,8.78,8.78,8.0,0.0,0.0,31.0,6.804,6.804,6.804,0.0,0.0,0.0,30.0
93.8584,1,rev,-85.0,11.9,-11.011,-85.0,-11.963,84.0,12.0,-4.804,33.0,-100.0,-100.0,-100.0,0.0,0.0,-0.0,31.0,-100.0,-100.0,-100.0,-8.0,0.0,-0.0,31.0,-45.467,-45.0,-45.0,-24.0,1.0,-0.0,37.0,-96.332,-96.263,-96.263,-8.0,0.0,0.771,30.0,9.268,8.78,8.78,8.0,0.0,0.0,31.0,6.804,6.804,6.804,0.0,0.0,0.0,30.0
93.9107,1,rev,-85.0,11.9,-11.101,-85.0,-12.177,84.0,12.0,-3.374,33.0,-100.0,-100.0,-100.0,0.0,0.0,-0.0,31.0,-100.0,-100.0,-100.0,-8.0,0.0,-0.0,31.0,-45.467,-45.0,-45.0,-24.0,1.0,-0.0,37.0,-96.332,-96.263,-96.263,-8.0,0.0,0.378,30.0,9.268,8.78,8.78,8.0,0.0,0.0,31.0,6.804,6.804,6.804,0.0,0.0,0.0,30.0
93.964,1,rev,-85.0,11.9,-11.281,-85.0,-12.389,84.0,12.0,-3.37,33.0,-100.0,-100.0,-100.0,0.0,0.0,-0.0,31.0,-100.0,-100.0,-100.0,-8.0,0.0,-0.0,31.0,-45.467,-45.0,-45.0,-24.0,1.0,-0.0,37.0,-96.401,-96.263,-96.263,-8.0,0.0,-0.36,30.0,9.268,8.78,8.78,8.0,0.0,0.0,31.0,6.804,6.804,6.804,0.0,0.0,0.0,30.0
94.0165,1,rev,-85.0,11.9,-11.371,-85.0,-12.626,100.0,15.0,-2.816,33.0,-100.0,-100.0,-100.0,0.0,0.0,-0.0,31.0,-100.0,-100.0,-100.0,-16.0,0.0,-0.0,31.0,-45.467,-45.0,-45.0,-24.0,1.0,-0.0,37.0,-96.401,-96.263,-96.263,-8.0,0.0,-0.252,30.0,9.268,8.78,8.78,8.0,1.0,0.0,31.0,6.804,6.804,6.804,0.0,1.0,0.0,31.0
94.07,1,rev,-85.0,11.9,-11.73,-85.0,-12.838,100.0,15.0,-5.128,33.0,-100.0,-100.0,-100.0,0.0,0.0,-0.0,31.0,-100.0,-100.0,-100.0,-16.0,0.0,-0.0,31.0,-45.467,-45.0,-45.0,-24.0,1.0,-0.0,37.0,-96.401,-96.263,-96.263,-8.0,0.0,-0.123,30.0,9.268,8.78,8.78,8.0,1.0,0.0,31.0,6.804,6.804,6.804,0.0,1.0,0.0,31.0
94.1232,1,rev,-85.0,11.9,-12.0,-85.0,-13.052,100.0,15.0,-4.936,33.0,-100.0,-100.0,-100.0,0.0,0.0,-0.0,31.0,-100.0,-100.0,-100.0,-16.0,0.0,-0.0,31.0,-45.467,-45.0,-45.0,-24.0,1.0,-0.0,37.0,-96.401,-96.263,-96.263,-8.0,0.0,-0.06,30.0,9.268,8.78,8.78,8.0,1.0,0.0,31.0,6.804,6.804,6.804,0.0,1.0,0.0,31.0
94.1763,1,rev,-85.0,11.9,-12.09,-85.0,-13.266,100.0,15.0,-3.425,33.0,-100.0,-100.0,-100.0,0.0,0.0,-0.0,31.0,-100.0,-100.0,-100.0,-16.0,0.0,-0.0,31.0,-45.467,-45.0,-45.0,-24.0,1.0,-0.0,37.0,-96.401,-96.263,-96.263,-8.0,0.0,-0.03,30.0,9.268,8.78,8.78,8.0,1.0,0.0,31.0,6.804,6.804,6.804,0.0,1.0,0.0,31.0
94.2285,1,rev,-85.0,11.9,-12.449,-85.0,-13.481,100.0,15.0,-5.443,33.0,-100.0,-100.0,-100.0,0.0,0.0,-0.0,31.0,-100.0,-100.0,-100.0,-16.0,0.0,-0.0,31.0,-45.467,-45.0,-45.0,-24.0,1.0,-0.0,37.0,-96.401,-96.263,-96.263,-8.0,0.0,-0.015,30.0,9.268,8.78,8.78,8.0,1.0,0.0,31.0,6.804,6.804,6.804,0.0,1.0,0.0,31.0
94.2805,1,rev,-85.0,11.9,-12.629,-85.0,-13.693,100.0,15.0,-4.383,33.0,-100.0,-100.0,-100.0,0.0,0.0,-0.0,31.0,-100.0,-100.0,-100.0,-16.0,0.0,-0.0,31.0,-45.467,-45.0,-45.0,-24.0,1.0,-0.0,37.0,-96.401,-96.263,-96.263,-8.0,0.0,-0.007,30.0,9.268,8.78,8.78,8.0,1.0,0.0,31.0,6.804,6.804,6.804,0.0,1.0,0.0,31.0
94.3325,1,rev,-85.0,11.9,-12.719,-85.0,-13.906,100.0,15.0,-2.859,33.0,-100.0,-100.0,-100.0,0.0,0.0,-0.0,31.0,-100.0,-100.0,-100.0,-16.0,0.0,-0.0,31.0,-45.467,-45.0,-45.0,-24.0,1.0,-0.0,37.0,-96.401,-96.263,-96.263,-8.0,0.0,-0.003,30.0,9.268,8.78,8.78,8.0,1.0,0.0,31.0,6.804,6.804,6.804,0.0,1.0,0.0,31.0
94.3861,1,rev,-85.0,11.9,-12.899,-85.0,-14.12,100.0,15.0,-3.116,33.0,-100.0,-100.0,-100.0,0.0,0.0,-0.0,31.0,-100.0,-100.0,-100.0,-16.0,0.0,-0.0,31.0,-45.467,-45.0,-45.0,-24.0,1.0,-0.0,37.0,-96.401,-96.263,-96.263,-8.0,0.0,-0.002,30.0,9.268,8.78,8.78,8.0,1.0,0.0,31.0,6.804,6.804,6.804,0.0,1.0,0.0,31.0
94.4394,1,rev,-85.0,11.9,-13.258,-85.0,-14.335,100.0,15.0,-4.967,33.0,-100.0,-100.0,-100.0,0.0,0.0,-0.0,31.0,-100.0,-100.0,-100.0,-16.0,0.0,-0.0,31.0,-45.467,-45.0,-45.0,-24.0,1.0,-0.0,37.0,-96.401,-96.263,-96.263,-8.0,0.0,-0.001,30.0,9.268,8.78,8.78,8.0,1.0,0.0,31.0,6.804,6.804,6.804,0.0,1.0,0.0,31.0
94.4929,1,rev,-85.0,11.9,-13.438,-85.0,-14.548,100.0,15.0,-4.145,33.0,-100.0,-100.0,-100.0,0.0,0.0,-0.0,31.0,-100.0,-100.0,-100.0,-16.0,0.0,-0.0,31.0,-45.467,-45.0,-45.0,-24.0,1.0,-0.0,37.0,-96.401,-96.263,-96.263,-8.0,0.0,-0.0,30.0,9.268,8.78,8.78,8.0,1.0,0.0,31.0,6.804,6.804,6.804,0.0,1.0,0.0,31.0
94.546,1,rev,-85.0,11.9,-13.528,-85.0,-14.655,100.0,15.0,-3.918,33.0,-100.0,-100.0,-100.0,0.0,0.0,-0.0,31.0,-100.0,-100.0,-100.0,-16.0,0.0,-0.0,31.0,-45.467,-45.0,-45.0,-24.0,1.0,-0.0,37.0,-96.401,-96.263,-96.263,-8.0,0.0,-0.0,30.0,9.268,8.78,8.78,8.0,1.0,0.0,31.0,6.804,6.804,6.804,0.0,1.0,0.0,31.0
94.5987,1,rev,-85.0,11.9,-13.618,-85.0,-15.003,96.0,16.0,-3.189,33.0,-100.0,-100.0,-100.0,0.0,0.0,-0.0,31.0,-100.0,-100.0,-100.0,-16.0,0.0,-0.0,31.0,-45.467,-45.0,-45.0,-24.0,1.0,-0.0,37.0,-96.401,-96.263,-96.263,-8.0,0.0,-0.0,30.0,9.268,8.78,8.78,8.0,0.0,0.0,30.0,6.804,6.804,6.804,0.0,0.0,0.0,31.0
94.6521,1,rev,-85.0,11.9,-13.978,-85.0,-15.222,96.0,16.0,-4.924,33.0,-100.0,-100.0,-100.0,0.0,0.0,-0.0,31.0,-100.0,-100.0,-100.0,-16.0,0.0,-0.0,31.0,-45.467,-45.0,-45.0,-24.0,1.0,-0.0,37.0,-96.401,-96.263,-96.263,-8.0,0.0,-0.0,30.0,9.268,8.78,8.78,8.0,0.0,0.0,30.0,6.804,6.804,6.804,0.0,0.0,0.0,31.0
94.7063,1,rev,-85.0,11.9,-14.157,-85.0,-15.438,96.0,16.0,-4.113,33.0,-100.0,-100.0,-100.0,0.0,0.0,-0.0,31.0,-100.0,-100.0,-100.0,-16.0,0.0,-0.0,31.0,-45.467,-45.0,-45.0,-24.0,1.0,-0.0,37.0,-96.401,-96.263,-96.263,-8.0,0.0,-0.0,30.0,9.268,8.78,8.78,8.0,0.0,0.0,30.0,6.804,6.804,6.804,0.0,0.0,0.0,31.0
94.7585,1,rev,-85.0,11.9,-14.247,-85.0,-15.545,96.0,16.0,-3.031,33.0,-100.0,-100.0,-100.0,0.0,0.0,-0.0,31.0,-100.0,-100.0,-100.0,-16.0,0.0,-0.0,31.0,-45.467,-45.0,-45.0,-24.0,1.0,-0.0,37.0,-96.401,-96.263,-96.263,-8.0,0.0,-0.0,30.0,9.268,8.78,8.78,8.0,0.0,0.0,30.0,6.804,6.804,6.804,0.0,0.0,0.0,31.0
94.8119,1,rev,-85.0,11.9,-14.517,-85.0,-15.766,96.0,16.0,-4.166,33.0,-100.0,-100.0,-100.0,0.0,0.0,-0.0,31.0,-100.0,-100.0,-100.0,-16.0,0.0,-0.0,31.0,-45.467,-45.0,-45.0,-24.0,1.0,-0.0,37.0,-96.401,-96.263,-96.263,-8.0,0.0,-0.0,30.0,9.268,8.78,8.78,8.0,0.0,0.0,30.0,6.804,6.804,6.804,0.0,0.0,0.0,31.0
94.8652,1,rev,-85.0,11.9,-14.876,-85.0,-15.98,96.0,16.0,-5.46,33.0,-100.0,-100.0,-100.0,0.0,0.0,-0.0,31.0,-100.0,-100.0,-100.0,-16.0,0.0,-0.0,31.0,-45.467,-45.0,-45.0,-24.0,1.0,-0.0,37.0,-96.401,-96.263,-96.263,-8.0,0.0,-0.0,30.0,9.268,8.78,8.78,8.0,0.0,0.0,30.0,6.804,6.804,6.804,0.0,0.0,0.0,31.0
94.9184,1,rev,-85.0,11.9,-15.056,-85.0,-16.195,96.0,16.0,-4.384,33.0,-100.0,-100.0,-100.0,0.0,0.0,-0.0,31.0,-100.0,-100.0,-100.0,-16.0,0.0,-0.0,31.0,-45.467,-45.0,-45.0,-24.0,1.0,-0.0,37.0,-96.401,-96.263,-96.263,-8.0,0.0,-0.0,30.0,9.268,8.78,8.78,8.0,0.0,0.0,30.0,6.804,6.804,6.804,0.0,0.0,0.0,31.0
94.9704,1,rev,-85.0,11.9,-15.236,-85.0,-16.408,96.0,16.0,-4.152,33.0,-100.0,-100.0,-100.0,0.0,0.0,-0.0,31.0,-100.0,-100.0,-100.0,-16.0,0.0,-0.0,31.0,-45.467,-45.0,-45.0,-24.0,1.0,-0.0,37.0,-96.401,-96.263,-96.263,-8.0,0.0,-0.0,30.0,9.268,8.78,8.78,8.0,0.0,0.0,30.0,6.804,6.804,6.804,0.0,0.0,0.0,31.0
95.0239,1,rev,-85.0,11.9,-15.506,-85.0,-16.622,96.0,16.0,-4.755,33.0,-100.0,-100.0,-100.0,0.0,0.0,-0.0,31.0,-100.0,-100.0,-100.0,-16.0,0.0,-0.0,31.0,-45.467,-45.0,-45.0,-24.0,1.0,-0.0,37.0,-96.401,-96.263,-96.263,-8.0,0.0,-0.0,30.0,9.268,8.78,8.78,8.0,0.0,0.0,30.0,6.804,6.804,6.804,0.0,0.0,0.0,31.0
95.0772,1,rev,-85.0,11.9,-15.596,-85.0,-16.836,96.0,16.0,-3.04,33.0,-100.0,-100.0,-100.0,0.0,0.0,-0.0,31.0,-100.0,-100.0,-100.0,-16.0,0.0,-0.0,31.0,-45.467,-45.0,-45.0,-24.0,1.0,-0.0,37.0,-96.332,-96.263,-96.263,-8.0,0.0,0.786,30.0,9.268,8.78,8.78,8.0,0.0,0.0,30.0,6.804,6.804,6.804,0.0,0.0,0.0,31.0
95.1304,1,rev,-85.0,11.9,-15.685,-85.0,-16.941,108.0,18.0,-3.147,33.0,-100.0,-100.0,-100.0,0.0,0.0,-0.0,31.0,-100.0,-100.0,-100.0,-16.0,0.0,-0.0,31.0,-45.467,-45.0,-45.0,-24.0,1.0,-0.0,37.0,-96.332,-96.263,-96.263,0.0,0.0,0.55,30.0,9.268,8.78,8.78,8.0,0.0,0.0,31.0,6.804,6.804,6.804,0.0,0.0,0.0,31.0
95.1843,1,rev,-85.0,11.9,-15.775,-85.0,-17.272,108.0,18.0,-2.556,33.0,-100.0,-100.0,-100.0,0.0,0.0,-0.0,31.0,-100.0,-100.0,-100.0,-16.0,0.0,-0.0,31.0,-45.467,-45.0,-45.0,-24.0,1.0,-0.0,37.0,-96.401,-96.263,-96.263,0.0,0.0,0.011,30.0,9.268,8.78,8.78,8.0,0.0,0.0,31.0,6.804,6.804,6.804,0.0,0.0,0.0,31.0
95.2364,1,rev,-85.0,11.9,-16.225,-85.0,-17.485,108.0,18.0,-5.415,33.0,-100.0,-100.0,-100.0,0.0,0.0,-0.0,31.0,-100.0,-100.0,-100.0,-16.0,0.0,-0.0,31.0,-45.467,-45.0,-45.0,-24.0,1.0,-0.0,37.0,-96.401,-96.263,-96.263,0.0,0.0,0.006,30.0,9.268,8.78,8.78,8.0,0.0,0.0,31.0,6.804,6.804,6.804,0.0,0.0,0.0,31.0
95.2897,1,rev,-85.0,11.9,-16.404,-85.0,-17.699,108.0,18.0,-4.366,33.0,-100.0,-100.0,-100.0,0.0,0.0,-0.0,31.0,-100.0,-100.0,-100.0,-16.0,0.0,-0.0,31.0,-45.467,-45.0,-45.0,-24.0,1.0,-0.0,37.0,-96.401,-96.263,-96.263,0.0,0.0,0.003,30.0,9.268,8.78,8.78,8.0,0.0,0.0,31.0,6.804,6.804,6.804,0.0,0.0,0.0,31.0
95.3417,1,rev,-85.0,11.9,-16.674,-85.0,-17.912,108.0,18.0,-4.844,33.0,-100.0,-100.0,-100.0,0.0,0.0,-0.0,31.0,-100.0,-100.0,-100.0,-16.0,0.0,-0.0,31.0,-45.467,-45.0,-45.0,-24.0,1.0,-0.0,37.0,-96.401,-96.263,-96.263,0.0,0.0,0.001,30.0,9.268,8.78,8.78,8.0,0.0,0.0,31.0,6.804,6.804,6.804,0.0,0.0,0.0,31.0
95.3949,1,rev,-85.0,11.9,-16.944,-85.0,-18.126,108.0,18.0,-5.122,33.0,-100.0,-100.0,-100.0,0.0,0.0,-0.0,31.0,-100.0,-100.0,-100.0,-16.0,0.0,-0.0,31.0,-45.467,-45.0,-45.0,-24.0,1.0,-0.0,37.0,-96.401,-96.263,-96.263,0.0,0.0,0.001,30.0,9.268,8.78,8.78,8.0,0.0,0.0,31.0,6.804,6.804,6.804,0.0,0.0,0.0,31.0
95.4481,1,rev,-85.0,11.9,-17.124,-85.0,-18.338,108.0,18.0,-4.225,33.0,-100.0,-100.0,-100.0,0.0,0.0,-0.0,31.0,-100.0,-100.0,-100.0,-16.0,0.0,-0.0,31.0,-45.467,-45.0,-45.0,-24.0,1.0,-0.0,37.0,-96.401,-96.263,-96.263,0.0,0.0,0.0,30.0,9.268,8.78,8.78,8.0,0.0,0.0,31.0,6.804,6.804,6.804,0.0,0.0,0.0,31.0
95.5011,1,rev,-85.0,11.9,-17.213,-85.0,-18.552,108.0,18.0,-3.079,33.0,-100.0,-100.0,-100.0,0.0,0.0,-0.0,31.0,-100.0,-100.0,-100.0,-16.0,0.0,-0.0,31.0,-45.467,-45.0,-45.0,-24.0,1.0,-0.0,37.0,-96.401,-96.263,-96.263,0.0,0.0,0.0,30.0,9.268,8.78,8.78,8.0,0.0,0.0,31.0,6.804,6.804,6.804,0.0,0.0,0.0,31.0
95.5544,1,rev,-85.0,11.9,-17.483,-85.0,-18.765,108.0,18.0,-4.24,33.0,-100.0,-100.0,-100.0,0.0,0.0,-0.0,31.0,-100.0,-100.0,-100.0,-16.0,0.0,-0.0,31.0,-45.467,-45.0,-45.0,-24.0,1.0,-0.0,37.0,-96.401,-96.263,-96.263,0.0,0.0,0.0,30.0,9.268,8.78,8.78,8.0,0.0,0.0,31.0,6.804,6.804,6.804,0.0,0.0,0.0,31.0
95.6065,1,rev,-85.0,11.9,-17.753,-85.0,-18.978,108.0,18.0,-4.493,33.0,-100.0,-100.0,-100.0,0.0,0.0,-0.0,31.0,-100.0,-100.0,-100.0,-16.0,0.0,-0.0,31.0,-45.467,-45.0,-45.0,-24.0,1.0,-0.0,37.0,-96.401,-96.263,-96.263,0.0,0.0,0.0,30.0,9.268,8.78,8.78,8.0,0.0,0.0,31.0,6.804,6.804,6.804,0.0,0.0,0.0,31.0
95.6586,1,rev,-85.0,11.9,-17.933,-85.0,-19.193,108.0,18.0,-3.928,33.0,-100.0,-100.0,-100.0,0.0,0.0,-0.0,31.0,-100.0,-100.0,-100.0,-16.0,0.0,-0.0,31.0,-45.467,-45.0,-45.0,-24.0,1.0,-0.0,37.0,-96.401,-96.263,-96.263,0.0,0.0,0.0,30.0,9.268,8.78,8.78,8.0,0.0,0.0,31.0,6.804,6.804,6.804,0.0,0.0,0.0,31.0
95.7117,1,rev,-85.0,11.9,-18.202,-85.0,-19.432,108.0,20.0,-4.098,33.0,-100.0,-100.0,-100.0,0.0,0.0,-0.0,31.0,-100.0,-100.0,-100.0,-16.0,0.0,-0.0,31.0,-45.467,-45.0,-45.0,-24.0,1.0,-0.0,37.0,-96.401,-96.263,-96.263,-8.0,0.0,0.0,30.0,9.268,8.78,8.78,8.0,0.0,0.0,31.0,6.804,6.804,6.804,0.0,0.0,0.0,31.0
95.7647,1,rev,-85.0,11.9,-18.292,-85.0,-19.646,108.0,20.0,-3.025,33.0,-100.0,-100.0,-100.0,0.0,0.0,-0.0,31.0,-100.0,-100.0,-100.0,-16.0,0.0,-0.0,31.0,-45.467,-45.0,-45.0,-24.0,1.0,-0.0,37.0,-96.401,-96.263,-96.263,-8.0,0.0,0.0,30.0,9.268,8.78,8.78,8.0,0.0,0.0,31.0,6.804,6.804,6.804,0.0,0.0,0.0,31.0
95.8178,1,rev,-85.0,11.9,-18.562,-85.0,-19.859,108.0,20.0,-3.906,33.0,-100.0,-100.0,-100.0,0.0,0.0,-0.0,31.0,-100.0,-100.0,-100.0,-16.0,0.0,-0.0,31.0,-45.467,-45.0,-45.0,-24.0,1.0,-0.0,37.0,-96.401,-96.263,-96.263,-8.0,0.0,0.0,30.0,9.268,8.78,8.78,8.0,0.0,0.0,31.0,6.804,6.804,6.804,0.0,0.0,0.0,31.0
95.871,1,rev,-85.0,11.9,-18.652,-85.0,-20.071,108.0,20.0,-2.92,33.0,-100.0,-100.0,-100.0,0.0,0.0,-0.0,31.0,-100.0,-100.0,-100.0,-16.0,0.0,-0.0,31.0,-45.467,-45.0,-45.0,-24.0,1.0,-0.0,37.0,-96.401,-96.263,-96.263,-8.0,0.0,0.0,30.0,9.268,8.78,8.78,8.0,0.0,0.0,31.0,6.804,6.804,6.804,0.0,0.0,0.0,31.0
95.9242,1,rev,-85.0,11.9,-18.921,-85.0,-20.284,108.0,20.0,-4.18,33.0,-100.0,-100.0,-100.0,0.0,0.0,-0.0,31.0,-100.0,-100.0,-100.0,-16.0,0.0,-0.0,31.0,-45.467,-45.0,-45.0,-24.0,1.0,-0.0,37.0,-96.401,-96.263,-96.263,-8.0,0.0,0.0,30.0,9.268,8.78,8.78,8.0,0.0,0.0,31.0,6.804,6.804,6.804,0.0,0.0,0.0,31.0
95.9773,1,rev,-85.0,11.9,-19.281,-85.0,-20.497,108.0,20.0,-5.502,33.0,-100.0,-100.0,-100.0,0.0,0.0,-0.0,31.0,-100.0,-100.0,-100.0,-16.0,0.0,-0.0,31.0,-45.467,-45.0,-45.0,-24.0,1.0,-0.0,37.0,-96.401,-96.263,-96.263,-8.0,0.0,0.0,30.0,9.268,8.78,8.78,8.0,0.0,0.0,31.0,6.804,6.804,6.804,0.0,0.0,0.0,31.0
96.0297,1,rev,-85.0,11.9,-19.281,-85.0,-20.709,108.0,20.0,-3.851,33.0,-100.0,-100.0,-100.0,0.0,0.0,-0.0,31.0,-100.0,-100.0,-100.0,-16.0,0.0,-0.0,31.0,-45.467,-45.0,-45.0,-24.0,1.0,-0.0,37.0,-96.401,-96.263,-96.263,-8.0,0.0,0.0,30.0,9.268,8.78,8.78,8.0,0.0,0.0,31.0,6.804,6.804,6.804,0.0,0.0,0.0,31.0
96.0832,1,rev,-85.0,11.9,-19.461,-85.0,-20.922,108.0,20.0,-3.61,33.0,-100.0,-100.0,-100.0,0.0,0.0,-0.0,31.0,-100.0,-100.0,-100.0,-16.0,0.0,-0.0,31.0,-45.467,-45.0,-45.0,-24.0,1.0,-0.0,37.0,-96.401,-96.263,-96.263,-8.0,0.0,0.0,30.0,9.268,8.78,8.78,8.0,0.0,0.0,31.0,6.804,6.804,6.804,0.0,0.0,0.0,31.0
96.1355,1,rev,-85.0,11.9,-19.82,-85.0,-21.146,108.0,20.0,-5.066,33.0,-100.0,-100.0,-100.0,0.0,0.0,-0.0,31.0,-100.0,-100.0,-100.0,-16.0,0.0,-0.0,31.0,-45.467,-45.0,-45.0,-24.0,1.0,-0.0,37.0,-96.401,-96.263,-96.263,-8.0,0.0,0.0,30.0,9.268,8.78,8.78,8.0,0.0,0.0,31.0,6.804,6.804,6.804,0.0,0.0,0.0,31.0
96.1887,1,rev,-85.0,11.9,-19.91,-85.0,-21.369,108.0,20.0,-3.134,33.0,-100.0,-100.0,-100.0,0.0,0.0,-0.0,31.0,-100.0,-100.0,-100.0,-16.0,0.0,-0.0,31.0,-45.467,-45.0,-45.0,-24.0,1.0,-0.0,37.0,-96.401,-96.263,-96.263,-8.0,0.0,0.0,30.0,9.268,8.78,8.78,8.0,0.0,0.0,31.0,6.804,6.804,6.804,0.0,0.0,0.0,31.0
96.2422,1,rev,-85.0,11.9,-20.09,-85.0,-21.475,108.0,20.0,-3.256,33.0,-100.0,-100.0,-100.0,0.0,0.0,-0.0,31.0,-100.0,-100.0,-100.0,-16.0,0.0,-0.0,31.0,-45.467,-45.0,-45.0,-24.0,1.0,-0.0,37.0,-96.401,-96.263,-96.263,-8.0,0.0,0.0,30.0,9.268,8.78,8.78,8.0,0.0,0.0,31.0,6.804,6.804,6.804,0.0,0.0,0.0,31.0
96.2948,1,rev,-85.0,11.9,-20.27,-85.0,-21.715,124.0,27.0,-3.179,33.0,-100.0,-100.0,-100.0,0.0,0.0,-0.0,31.0,-100.0,-100.0,-100.0,-16.0,0.0,-0.0,31.0,-45.467,-45.0,-45.0,-24.0,1.0,-0.0,37.0,-96.401,-96.263,-96.263,-8.0,0.0,0.0,30.0,9.268,8.78,8.78,8.0,0.0,0.0,31.0,6.804,6.804,6.804,0.0,0.0,0.0,31.0
96.3481,1,rev,-85.0,11.9,-20.539,-85.0,-21.928,124.0,27.0,-4.289,33.0,-100.0,-100.0,-100.0,0.0,0.0,-0.0,31.0,-100.0,-100.0,-100.0,-16.0,0.0,-0.0,31.0,-45.467,-45.0,-45.0,-24.0,1.0,-0.0,37.0,-96.401,-96.263,-96.263,-8.0,0.0,0.0,30.0,9.268,8.78,8.78,8.0,0.0,0.0,31.0,6.804,6.804,6.804,0.0,0.0,0.0,31.0
96.4005,1,rev,-85.0,11.9,-20.719,-85.0,-22.14,124.0,27.0,-3.831,33.0,-100.0,-100.0,-100.0,0.0,0.0,-0.0,31.0,-100.0,-100.0,-100.0,-16.0,0.0,-0.0,31.0,-45.467,-45.0,-45.0,-24.0,1.0,-0.0,37.0,-96.401,-96.263,-96.263,-8.0,0.0,0.0,30.0,9.268,8.78,8.78,8.0,0.0,0.0,31.0,6.804,6.804,6.804,0.0,0.0,0.0,31.0
96.4528,1,rev,-85.0,11.9,-20.809,-85.0,-22.353,124.0,27.0,-2.588,33.0,-100.0,-100.0,-100.0,0.0,0.0,-0.0,31.0,-100.0,-100.0,-100.0,-16.0,0.0,-0.0,31.0,-45.467,-45.0,-45.0,-24.0,1.0,-0.0,37.0,-96.401,-96.263,-96.263,-8.0,0.0,0.0,30.0,9.268,8.78,8.78,8.0,0.0,0.0,31.0,6.804,6.804,6.804,0.0,0.0,0.0,31.0
96.5058,1,rev,-85.0,11.9,-21.169,-85.0,-22.566,124.0,27.0,-5.032,33.0,-100.0,-100.0,-100.0,0.0,0.0,-0.0,31.0,-100.0,-100.0,-100.0,-16.0,0.0,-0.0,31.0,-45.467,-45.0,-45.0,-24.0,1.0,-0.0,37.0,-96.401,-96.263,-96.263,-8.0,0.0,0.0,30.0,9.268,8.78,8.78,8.0,0.0,0.0,31.0,6.804,6.804,6.804,0.0,0.0,0.0,31.0
96.559,1,rev,-85.0,11.9,-21.348,-85.0,-22.778,124.0,27.0,-4.182,33.0,-100.0,-100.0,-100.0,0.0,0.0,-0.0,31.0,-100.0,-100.0,-100.0,-16.0,0.0,-0.0,31.0,-45.467,-45.0,-45.0,-24.0,1.0,-0.0,37.0,-96.401,-96.263,-96.263,-8.0,0.0,0.0,30.0,9.268,8.78,8.78,8.0,0.0,0.0,31.0,6.804,6.804,6.804,0.0,0.0,0.0,31.0
96.6123,1,rev,-85.0,11.9,-21.528,-85.0,-22.992,124.0,27.0,-3.769,33.0,-100.0,-100.0,-100.0,0.0,0.0,-0.0,31.0,-100.0,-100.0,-100.0,-16.0,0.0,-0.0,31.0,-45.467,-45.0,-45.0,-24.0,1.0,-0.0,37.0,-96.401,-96.263,-96.263,-8.0,0.0,0.0,30.0,9.268,8.78,8.78,8.0,0.0,0.0,31.0,6.804,6.804,6.804,0.0,0.0,0.0,31.0
96.6644,1,rev,-85.0,11.9,-21.618,-85.0,-23.205,124.0,27.0,-2.858,33.0,-100.0,-100.0,-100.0,0.0,0.0,-0.0,31.0,-100.0,-100.0,-100.0,-16.0,0.0,-0.0,31.0,-45.467,-45.0,-45.0,-24.0,1.0,-0.0,37.0,-96.401,-96.263,-96.263,-8.0,0.0,0.0,30.0,9.268,8.78,8.78,8.0,0.0,0.0,31.0,6.804,6.804,6.804,0.0,0.0,0.0,31.0
96.7174,1,rev,-85.0,11.9,-21.978,-85.0,-23.418,124.0,27.0,-4.842,33.0,-100.0,-100.0,-100.0,0.0,0.0,-0.0,31.0,-100.0,-100.0,-100.0,-16.0,0.0,-0.0,31.0,-45.467,-45.0,-45.0,-24.0,1.0,-0.0,37.0,-96.401,-96.263,-96.263,-8.0,0.0,0.0,30.0,9.268,8.78,8.78,8.0,0.0,0.0,31.0,6.804,6.804,6.804,0.0,0.0,0.0,31.0
96.7707,1,rev,-85.0,11.9,-22.247,-85.0,-23.631,124.0,27.0,-4.794,33.0,-100.0,-100.0,-100.0,0.0,0.0,-0.0,31.0,-100.0,-100.0,-100.0,-16.0,0.0,-0.0,31.0,-45.467,-45.0,-45.0,-24.0,1.0,-0.0,37.0,-96.401,-96.263,-96.263,-8.0,0.0,0.0,30.0,9.268,8.78,8.78,8.0,0.0,0.0,31.0,6.804,6.804,6.804,0.0,0.0,0.0,31.0
96.8242,1,rev,-85.0,11.9,-22.247,-85.0,-23.738,120.0,29.0,-3.356,33.0,-100.0,-100.0,-100.0,0.0,0.0,-0.0,31.0,-100.0,-100.0,-100.0,-24.0,1.0,-0.0,31.0,-45.467,-45.0,-45.0,-24.0,1.0,-0.0,37.0,-96.401,-96.263,-96.263,-8.0,0.0,0.0,30.0,9.268,8.78,8.78,8.0,0.0,0.0,31.0,6.804,6.804,6.804,0.0,0.0,0.0,31.0
96.8773,1,rev,-85.0,11.9,-22.427,-85.0,-24.075,120.0,29.0,-2.982,33.0,-100.0,-100.0,-100.0,0.0,0.0,-0.0,31.0,-100.0,-100.0,-100.0,-24.0,1.0,-0.0,31.0,-45.467,-45.0,-45.0,-24.0,1.0,-0.0,37.0,-96.401,-96.263,-96.263,-8.0,0.0,0.0,30.0,9.268,8.78,8.78,8.0,0.0,0.0,31.0,6.804,6.804,6.804,0.0,0.0,0.0,31.0
96.9295,1,rev,-85.0,11.9,-22.787,-85.0,-24.289,120.0,29.0,-4.597,33.0,-100.0,-100.0,-100.0,0.0,0.0,-0.0,31.0,-100.0,-100.0,-100.0,-24.0,1.0,-0.0,31.0,-45.467,-45.0,-45.0,-24.0,1.0,-0.0,37.0,-96.401,-96.263,-96.263,-8.0,0.0,0.0,30.0,9.268,8.78,8.78,8.0,0.0,0.0,31.0,6.804,6.804,6.804,0.0,0.0,0.0,31.0
96.9831,1,rev,-85.0,11.9,-22.966,-85.0,-24.501,120.0,29.0,-3.977,33.0,-100.0,-100.0,-100.0,0.0,0.0,-0.0,31.0,-100.0,-100.0,-100.0,-24.0,1.0,-0.0,31.0,-45.467,-45.0,-45.0,-24.0,1.0,-0.0,37.0,-96.401,-96.263,-96.263,-8.0,0.0,0.0,30.0,9.268,8.78,8.78,8.0,0.0,0.0,31.0,6.804,6.804,6.804,0.0,0.0,0.0,31.0
97.0356,1,rev,-85.0,11.9,-23.146,-85.0,-24.714,120.0,29.0,-3.985,33.0,-100.0,-100.0,-100.0,0.0,0.0,-0.0,31.0,-100.0,-100.0,-100.0,-24.0,1.0,-0.0,31.0,-45.6,-45.0,-45.0,-24.0,1.0,-1.05,37.0,-96.401,-96.263,-96.263,-8.0,0.0,0.0,30.0,9.268,8.78,8.78,8.0,0.0,0.0,31.0,6.804,6.804,6.804,0.0,0.0,0.0,31.0
97.0891,1,rev,-85.0,11.9,-23.506,-85.0,-24.926,120.0,29.0,-5.416,33.0,-100.0,-100.0,-100.0,0.0,0.0,-0.0,31.0,-100.0,-100.0,-100.0,-24.0,1.0,-0.0,31.0,-45.6,-45.0,-45.0,-24.0,1.0,-0.515,37.0,-96.401,-96.263,-96.263,-8.0,0.0,0.0,30.0,9.268,8.78,8.78,8.0,0.0,0.0,31.0,6.804,6.804,6.804,0.0,0.0,0.0,31.0
97.1414,1,rev,-85.0,11.9,-23.685,-85.0,-25.139,120.0,29.0,-4.366,33.0,-100.0,-100.0,-100.0,0.0,0.0,-0.0,31.0,-100.0,-100.0,-100.0,-24.0,1.0,-0.0,31.0,-45.6,-45.0,-45.0,-24.0,1.0,-0.252,37.0,-96.401,-96.263,-96.263,-8.0,0.0,0.0,30.0,9.268,8.78,8.78,8.0,0.0,0.0,31.0,6.804,6.804,6.804,0.0,0.0,0.0,31.0
97.1947,1,rev,-85.0,11.9,-23.865,-85.0,-25.353,120.0,29.0,-3.868,33.0,-100.0,-100.0,-100.0,0.0,0.0,-0.0,31.0,-100.0,-100.0,-100.0,-24.0,1.0,-0.0,31.0,-45.6,-45.0,-45.0,-24.0,1.0,-0.124,37.0,-96.401,-96.263,-96.263,-8.0,0.0,0.0,30.0,9.268,8.78,8.78,8.0,0.0,0.0,31.0,6.804,6.804,6.804,0.0,0.0,0.0,31.0
97.2479,1,rev,-85.0,11.9,-24.045,-85.0,-25.567,120.0,29.0,-3.286,33.0,-100.0,-100.0,-100.0,0.0,0.0,-0.0,31.0,-100.0,-100.0,-100.0,-24.0,1.0,-0.0,31.0,-45.6,-45.0,-45.0,-24.0,1.0,-0.061,37.0,-96.401,-96.263,-96.263,-8.0,0.0,0.0,30.0,9.268,8.78,8.78,8.0,0.0,0.0,31.0,6.804,6.804,6.804,0.0,0.0,0.0,31.0
97.3011,1,rev,-85.0,11.9,-24.315,-85.0,-25.781,120.0,29.0,-4.346,33.0,-100.0,-100.0,-100.0,0.0,0.0,-0.0,31.0,-100.0,-100.0,-100.0,-24.0,1.0,-0.0,31.0,-45.6,-45.0,-45.0,-24.0,1.0,-0.03,37.0,-96.401,-96.263,-96.263,-8.0,0.0,0.0,30.0,9.268,8.78,8.78,8.0,0.0,0.0,31.0,6.804,6.804,6.804,0.0,0.0,0.0,31.0
97.3542,1,rev,-85.0,11.9,-24.404,-85.0,-25.994,120.0,29.0,-2.839,33.0,-100.0,-100.0,-100.0,0.0,0.0,-0.0,31.0,-100.0,-100.0,-100.0,-24.0,1.0,-0.0,31.0,-45.6,-45.0,-45.0,-24.0,1.0,-0.015,37.0,-96.401,-96.263,-96.263,-8.0,0.0,0.0,30.0,9.268,8.78,8.78,8.0,0.0,0.0,31.0,6.804,6.804,6.804,0.0,0.0,0.0,31.0
97.4068,1,rev,-85.0,11.9,-24.404,-85.0,-26.234,140.0,34.0,-2.839,33.0,-100.0,-100.0,-100.0,0.0,0.0,-0.0,31.0,-100.0,-100.0,-100.0,-24.0,1.0,-0.0,31.0,-45.6,-45.0,-45.0,-32.0,2.0,-0.015,37.0,-96.401,-96.263,-96.263,-8.0,0.0,0.0,30.0,9.268,8.78,8.78,8.0,0.0,0.0,31.0,6.804,6.804,6.804,0.0,0.0,0.0,31.0
97.4601,1,rev,-85.0,11.9,-24.674,-85.0,-26.454,140.0,34.0,-2.326,33.0,-100.0,-100.0,-100.0,0.0,0.0,-0.0,31.0,-100.0,-100.0,-100.0,-24.0,1.0,-0.0,31.0,-45.6,-45.0,-45.0,-32.0,2.0,-0.007,37.0,-96.401,-96.263,-96.263,-8.0,0.0,0.0,30.0,9.268,8.78,8.78,8.0,0.0,0.0,31.0,6.804,6.804,6.804,0.0,0.0,0.0,31.0
97.5125,1,rev,-85.0,11.9,-25.124,-85.0,-26.56,140.0,34.0,-5.281,33.0,-100.0,-100.0,-100.0,0.0,0.0,-0.0,31.0,-100.0,-100.0,-100.0,-24.0,1.0,-0.0,31.0,-45.6,-45.0,-45.0,-32.0,2.0,-0.003,37.0,-96.401,-96.263,-96.263,-8.0,0.0,0.0,30.0,9.268,8.78,8.78,8.0,0.0,0.0,31.0,6.804,6.804,6.804,0.0,0.0,0.0,31.0
97.5647,1,rev,-85.0,11.9,-25.213,-85.0,-26.783,140.0,34.0,-3.604,33.0,-100.0,-100.0,-100.0,0.0,0.0,-0.0,31.0,-100.0,-100.0,-100.0,-24.0,1.0,-0.0,31.0,-45.6,-45.0,-45.0,-32.0,2.0,-0.002,37.0,-96.401,-96.263,-96.263,-8.0,0.0,0.0,30.0,9.268,8.78,8.78,8.0,0.0,0.0,31.0,6.804,6.804,6.804,0.0,0.0,0.0,31.0
97.6178,1,rev,-85.0,11.9,-25.393,-85.0,-26.997,140.0,34.0,-3.802,33.0,-100.0,-100.0,-100.0,0.0,0.0,-0.0,31.0,-100.0,-100.0,-100.0,-24.0,1.0,-0.0,31.0,-45.6,-45.0,-45.0,-32.0,2.0,-0.001,37.0,-96.401,-96.263,-96.263,-8.0,0.0,0.0,30.0,9.268,8.78,8.78,8.0,0.0,0.0,31.0,6.804,6.804,6.804,0.0,0.0,0.0,31.0
97.6707,1,rev,-85.0,11.9,-25.573,-85.0,-27.209,140.0,34.0,-3.584,33.0,-100.0,-100.0,-100.0,0.0,0.0,-0.0,31.0,-100.0,-100.0,-100.0,-24.0,1.0,-0.0,31.0,-45.6,-45.0,-45.0,-32.0,2.0,-0.0,37.0,-96.401,-96.263,-96.263,-8.0,0.0,0.0,30.0,9.268,8.78,8.78,8.0,0.0,0.0,31.0,6.804,6.804,6.804,0.0,0.0,0.0,31.0
97.7249,1,rev,-85.0,11.9,-25.843,-85.0,-27.422,140.0,34.0,-4.194,33.0,-100.0,-100.0,-100.0,0.0,0.0,-0.0,31.0,-100.0,-100.0,-100.0,-24.0,1.0,-0.0,31.0,-45.6,-45.0,-45.0,-32.0,2.0,-0.0,37.0,-96.401,-96.263,-96.263,-8.0,0.0,0.0,30.0,9.268,8.78,8.78,8.0,0.0,0.0,31.0,6.804,6.804,6.804,0.0,0.0,0.0,31.0
97.7782,1,rev,-85.0,11.9,-25.933,-85.0,-27.636,140.0,34.0,-3.058,33.0,-100.0,-100.0,-100.0,0.0,0.0,-0.0,31.0,-100.0,-100.0,-100.0,-24.0,1.0,-0.0,31.0,-45.6,-45.0,-45.0,-32.0,2.0,-0.0,37.0,-96.401,-96.263,-96.263,-8.0,0.0,0.0,30.0,9.268,8.78,8.78,8.0,0.0,0.0,31.0,6.804,6.804,6.804,0.0,0.0,0.0,31.0
97.8314,1,rev,-85.0,11.9,-26.292,-85.0,-27.85,140.0,34.0,-5.229,33.0,-100.0,-100.0,-100.0,0.0,0.0,-0.0,31.0,-100.0,-100.0,-100.0,-24.0,1.0,-0.0,31.0,-45.6,-45.0,-45.0,-32.0,2.0,-0.0,37.0,-96.401,-96.263,-96.263,-8.0,0.0,0.0,30.0,9.268,8.78,8.78,8.0,0.0,0.0,31.0,6.804,6.804,6.804,0.0,0.0,0.0,31.0
97.8849,1,rev,-85.0,11.9,-26.562,-85.0,-28.065,140.0,34.0,-4.968,33.0,-100.0,-100.0,-100.0,0.0,0.0,-0.0,31.0,-100.0,-100.0,-100.0,-24.0,1.0,-0.0,31.0,-45.6,-45.0,-45.0,-32.0,2.0,-0.0,37.0,-96.401,-96.263,-96.263,-8.0,0.0,0.0,30.0,9.268,8.78,8.78,8.0,0.0,0.0,31.0,6.804,6.804,6.804,0.0,0.0,0.0,31.0
97.9382,1,rev,-85.0,11.9,-26.652,-85.0,-28.282,140.0,34.0,-3.451,33.0,-100.0,-100.0,-100.0,0.0,0.0,-0.0,31.0,-100.0,-100.0,-100.0,-24.0,1.0,-0.0,31.0,-45.6,-45.0,-45.0,-32.0,2.0,-0.0,37.0,-96.401,-96.263,-96.263,-8.0,0.0,0.0,30.0,9.268,8.78,8.78,8.0,0.0,0.0,31.0,6.804,6.804,6.804,0.0,0.0,0.0,31.0
97.9907,1,rev,-85.0,11.9,-26.921,-85.0,-28.52,140.0,34.0,-3.764,33.0,-100.0,-100.0,-100.0,0.0,0.0,-0.0,31.0,-100.0,-100.0,-100.0,-24.0,1.0,-0.0,31.0,-45.6,-45.0,-45.0,-32.0,2.0,-0.0,37.0,-96.401,-96.263,-96.263,-8.0,0.0,0.0,30.0,9.268,8.78,8.78,8.0,0.0,0.0,31.0,6.804,6.804,6.804,0.0,0.0,0.0,31.0
98.044,1,rev,-85.0,11.9,-27.191,-85.0,-28.735,140.0,34.0,-4.586,33.0,-100.0,-100.0,-100.0,0.0,0.0,-0.0,31.0,-100.0,-100.0,-100.0,-24.0,1.0,-0.0,31.0,-45.6,-45.0,-45.0,-32.0,2.0,-0.0,37.0,-96.401,-96.263,-96.263,-8.0,0.0,0.0,30.0,9.268,8.78,8.78,8.0,0.0,0.0,31.0,6.804,6.804,6.804,0.0,0.0,0.0,31.0
98.0973,1,rev,-85.0,11.9,-27.281,-85.0,-28.946,140.0,34.0,-3.259,33.0,-100.0,-100.0,-100.0,0.0,0.0,-0.0,31.0,-100.0,-100.0,-100.0,-24.0,1.0,-0.0,31.0,-45.6,-45.0,-45.0,-32.0,2.0,-0.0,37.0,-96.401,-96.263,-96.263,-8.0,0.0,0.0,30.0,9.268,8.78,8.78,8.0,0.0,0.0,31.0,6.804,6.804,6.804,0.0,0.0,0.0,31.0
98.1496,1,rev,-85.0,11.9,-27.461,-85.0,-29.16,140.0,34.0,-3.31,33.0,-100.0,-100.0,-100.0,0.0,0.0,-0.0,31.0,-100.0,-100.0,-100.0,-24.0,1.0,-0.0,31.0,-45.6,-45.0,-45.0,-32.0,2.0,-0.0,37.0,-96.401,-96.263,-96.263,-8.0,0.0,0.0,30.0,9.268,8.78,8.78,8.0,0.0,0.0,31.0,6.804,6.804,6.804,0.0,0.0,0.0,31.0
98.2027,1,rev,-85.0,11.9,-27.73,-85.0,-29.374,140.0,34.0,-4.352,33.0,-100.0,-100.0,-100.0,0.0,0.0,-0.0,31.0,-100.0,-100.0,-100.0,-24.0,1.0,-0.0,31.0,-45.6,-45.0,-45.0,-32.0,2.0,-0.0,37.0,-96.401,-96.263,-96.263,-8.0,0.0,0.0,30.0,9.268,8.78,8.78,8.0,0.0,0.0,31.0,6.804,6.804,6.804,0.0,0.0,0.0,31.0
98.2559,1,rev,-85.0,11.9,-28.0,-85.0,-29.587,140.0,34.0,-4.563,33.0,-100.0,-100.0,-100.0,0.0,0.0,-0.0,31.0,-100.0,-100.0,-100.0,-24.0,1.0,-0.0,31.0,-45.6,-45.0,-45.0,-32.0,2.0,-0.0,37.0,-96.401,-96.263,-96.263,-8.0,0.0,0.0,30.0,9.268,8.78,8.78,8.0,0.0,0.0,31.0,6.804,6.804,6.804,0.0,0.0,0.0,31.0
98.3091,1,rev,-85.0,11.9,-28.18,-85.0,-29.801,140.0,34.0,-3.951,33.0,-100.0,-100.0,-100.0,0.0,0.0,-0.0,31.0,-100.0,-100.0,-100.0,-24.0,1.0,-0.0,31.0,-45.6,-45.0,-45.0,-32.0,2.0,-0.0,37.0,-96.401,-96.263,-96.263,-8.0,0.0,0.0,30.0,9.268,8.78,8.78,8.0,0.0,0.0,31.0,6.804,6.804,6.804,0.0,0.0,0.0,31.0
98.3623,1,rev,-85.0,11.9,-28.36,-85.0,-30.015,140.0,34.0,-3.967,33.0,-100.0,-100.0,-100.0,0.0,0.0,-0.0,31.0,-100.0,-100.0,-100.0,-24.0,1.0,-0.0,31.0,-45.6,-45.0,-45.0,-32.0,2.0,-0.0,37.0,-96.401,-96.263,-96.263,-8.0,0.0,0.0,30.0,9.268,8.78,8.78,8.0,0.0,0.0,31.0,6.804,6.804,6.804,0.0,0.0,0.0,31.0
98.4145,1,rev,-85.0,11.9,-28.629,-85.0,-30.227,140.0,34.0,-4.385,33.0,-100.0,-100.0,-100.0,0.0,0.0,-0.0,31.0,-100.0,-100.0,-100.0,-24.0,1.0,-0.0,31.0,-45.6,-45.0,-45.0,-32.0,2.0,-0.0,37.0,-96.401,-96.263,-96.263,-8.0,0.0,0.0,30.0,9.268,8.78,8.78,8.0,0.0,0.0,31.0,6.804,6.804,6.804,0.0,0.0,0.0,31.0
98.4666,1,rev,-85.0,11.9,-28.719,-85.0,-30.439,140.0,34.0,-3.149,33.0,-100.0,-100.0,-100.0,0.0,0.0,-0.0,31.0,-100.0,-100.0,-100.0,-24.0,1.0,-0.0,31.0,-45.6,-45.0,-45.0,-32.0,2.0,-0.0,37.0,-96.401,-96.263,-96.263,-8.0,0.0,0.0,30.0,9.268,8.78,8.78,8.0,0.0,0.0,31.0,6.804,6.804,6.804,0.0,0.0,0.0,31.0
98.5188,1,rev,-85.0,11.9,-28.809,-85.0,-30.547,140.0,34.0,-3.214,33.0,-100.0,-100.0,-100.0,0.0,0.0,-0.0,31.0,-100.0,-100.0,-100.0,-24.0,1.0,-0.0,31.0,-45.6,-45.0,-45.0,-32.0,2.0,-0.0,37.0,-96.401,-96.263,-96.263,-8.0,0.0,0.0,30.0,9.268,8.78,8.78,8.0,0.0,0.0,31.0,6.804,6.804,6.804,0.0,0.0,0.0,31.0
98.5721,1,rev,-85.0,11.9,-28.809,-85.0,-30.892,156.0,39.0,-2.25,33.0,-100.0,-100.0,-100.0,0.0,0.0,-0.0,31.0,-100.0,-100.0,-100.0,-24.0,1.0,-0.0,31.0,-45.6,-45.0,-45.0,-32.0,2.0,-0.0,37.0,-96.401,-96.263,-96.263,-8.0,0.0,0.0,30.0,9.268,8.78,8.78,8.0,0.0,0.0,31.0,6.804,6.804,6.804,0.0,0.0,0.0,31.0
98.6244,1,rev,-85.0,11.9,-29.348,-85.0,-31.008,156.0,39.0,-6.448,33.0,-100.0,-100.0,-100.0,0.0,0.0,-0.0,31.0,-100.0,-100.0,-100.0,-24.0,1.0,-0.0,31.0,-45.6,-45.0,-45.0,-32.0,2.0,-0.0,37.0,-96.401,-96.263,-96.263,-8.0,0.0,0.0,30.0,9.268,8.78,8.78,8.0,0.0,0.0,31.0,6.804,6.804,6.804,0.0,0.0,0.0,31.0
98.6767,1,rev,-85.0,11.9,-29.438,-85.0,-31.232,156.0,39.0,-3.803,33.0,-100.0,-100.0,-100.0,0.0,0.0,-0.0,31.0,-100.0,-100.0,-100.0,-24.0,1.0,-0.0,31.0,-45.6,-45.0,-45.0,-32.0,2.0,-0.0,37.0,-96.401,-96.263,-96.263,-8.0,0.0,0.0,30.0,9.268,8.78,8.78,8.0,0.0,0.0,31.0,6.804,6.804,6.804,0.0,0.0,0.0,31.0
98.7311,1,rev,-85.0,11.9,-29.618,-85.0,-31.446,156.0,39.0,-3.584,33.0,-100.0,-100.0,-100.0,0.0,0.0,-0.0,31.0,-100.0,-100.0,-100.0,-24.0,1.0,-0.0,31.0,-45.6,-45.0,-45.0,-32.0,2.0,-0.0,37.0,-96.401,-96.263,-96.263,-8.0,0.0,0.0,30.0,9.268,8.78,8.78,8.0,0.0,0.0,31.0,6.804,6.804,6.804,0.0,0.0,0.0,31.0
98.7848,1,rev,-85.0,11.9,-29.978,-85.0,-31.66,156.0,39.0,-4.872,33.0,-100.0,-100.0,-100.0,0.0,0.0,-0.0,31.0,-100.0,-100.0,-100.0,-24.0,1.0,-0.0,31.0,-45.6,-45.0,-45.0,-32.0,2.0,-0.0,37.0,-96.401,-96.263,-96.263,-8.0,0.0,0.0,30.0,9.268,8.78,8.78,8.0,0.0,0.0,31.0,6.804,6.804,6.804,0.0,0.0,0.0,31.0
98.838,1,rev,-85.0,11.9,-30.157,-85.0,-31.872,156.0,39.0,-4.114,33.0,-100.0,-100.0,-100.0,0.0,0.0,-0.0,31.0,-100.0,-100.0,-100.0,-24.0,1.0,-0.0,31.0,-45.6,-45.0,-45.0,-32.0,2.0,-0.0,37.0,-96.401,-96.263,-96.263,-8.0,0.0,0.0,30.0,9.268,8.78,8.78,8.0,0.0,0.0,31.0,6.804,6.804,6.804,0.0,0.0,0.0,31.0
98.891,1,rev,-85.0,11.9,-30.247,-85.0,-32.085,156.0,39.0,-3.03,33.0,-100.0,-100.0,-100.0,0.0,0.0,-0.0,31.0,-100.0,-100.0,-100.0,-24.0,1.0,-0.0,31.0,-45.6,-45.0,-45.0,-32.0,2.0,-0.0,37.0,-96.401,-96.263,-96.263,-8.0,0.0,0.0,30.0,9.268,8.78,8.78,8.0,0.0,0.0,31.0,6.804,6.804,6.804,0.0,0.0,0.0,31.0
98.9442,1,rev,-85.0,11.9,-30.427,-85.0,-32.298,156.0,39.0,-3.501,33.0,-100.0,-100.0,-100.0,0.0,0.0,-0.0,31.0,-100.0,-100.0,-100.0,-24.0,1.0,-0.0,31.0,-45.6,-45.0,-45.0,-32.0,2.0,-0.0,37.0,-96.401,-96.263,-96.263,-8.0,0.0,0.0,30.0,9.268,8.78,8.78,8.0,0.0,0.0,31.0,6.804,6.804,6.804,0.0,0.0,0.0,31.0
98.9974,1,rev,-85.0,11.9,-30.697,-85.0,-32.511,156.0,39.0,-4.145,33.0,-100.0,-100.0,-100.0,0.0,0.0,-0.0,31.0,-100.0,-100.0,-100.0,-24.0,1.0,-0.0,31.0,-45.6,-45.0,-45.0,-32.0,2.0,-0.0,37.0,-96.401,-96.263,-96.263,-8.0,0.0,0.0,30.0,9.268,8.78,8.78,8.0,0.0,0.0,31.0,6.804,6.804,6.804,0.0,0.0,0.0,31.0
99.0509,1,rev,-85.0,11.9,-30.966,-85.0,-32.724,156.0,39.0,-4.46,33.0,-100.0,-100.0,-100.0,0.0,0.0,-0.0,31.0,-100.0,-100.0,-100.0,-24.0,1.0,-0.0,31.0,-45.6,-45.0,-45.0,-32.0,2.0,-0.0,37.0,-96.401,-96.263,-96.263,-8.0,0.0,0.0,30.0,9.268,8.78,8.78,8.0,0.0,0.0,31.0,6.804,6.804,6.804,0.0,0.0,0.0,31.0
99.1041,1,rev,-85.0,11.9,-31.056,-85.0,-32.832,156.0,40.0,-4.134,33.0,-100.0,-100.0,-100.0,0.0,0.0,-0.0,31.0,-100.0,-100.0,-100.0,-24.0,1.0,-0.0,31.0,-45.6,-45.0,-45.0,-32.0,2.0,-0.0,37.0,-96.401,-96.263,-96.263,-8.0,0.0,0.0,30.0,9.268,8.78,8.78,8.0,0.0,0.0,31.0,6.804,6.804,6.804,0.0,0.0,0.0,31.0
99.1572,1,rev,-85.0,11.9,-31.326,-85.0,-33.168,156.0,40.0,-3.013,33.0,-100.0,-100.0,-100.0,0.0,0.0,-0.0,31.0,-100.0,-100.0,-100.0,-24.0,1.0,-0.0,31.0,-45.6,-45.0,-45.0,-32.0,2.0,-0.0,37.0,-96.401,-96.263,-96.263,-8.0,0.0,0.0,30.0,9.268,8.78,8.78,8.0,0.0,0.0,31.0,6.804,6.804,6.804,0.0,0.0,0.0,31.0
99.2094,1,rev,-85.0,11.9,-31.596,-85.0,-33.38,156.0,40.0,-3.912,33.0,-100.0,-100.0,-100.0,0.0,0.0,-0.0,31.0,-100.0,-100.0,-100.0,-24.0,1.0,-0.0,31.0,-45.6,-45.0,-45.0,-32.0,2.0,-0.0,37.0,-96.401,-96.263,-96.263,-8.0,0.0,0.0,30.0,9.268,8.78,8.78,8.0,0.0,0.0,31.0,6.804,6.804,6.804,0.0,0.0,0.0,31.0
99.2615,1,rev,-85.0,11.9,-31.685,-85.0,-33.593,156.0,40.0,-2.628,33.0,-100.0,-100.0,-100.0,0.0,0.0,-0.0,31.0,-100.0,-100.0,-100.0,-24.0,1.0,-0.0,31.0,-45.6,-45.0,-45.0,-32.0,2.0,-0.0,37.0,-96.401,-96.263,-96.263,-8.0,0.0,0.0,30.0,9.268,8.78,8.78,8.0,0.0,0.0,31.0,6.804,6.804,6.804,0.0,0.0,0.0,31.0
99.3136,1,rev,-85.0,11.9,-31.955,-85.0,-33.806,156.0,40.0,-4.012,33.0,-100.0,-100.0,-100.0,0.0,0.0,-0.0,31.0,-100.0,-100.0,-100.0,-24.0,1.0,-0.0,31.0,-45.6,-45.0,-45.0,-32.0,2.0,-0.0,37.0,-96.401,-96.263,-96.263,-8.0,0.0,0.0,30.0,9.268,8.78,8.78,8.0,0.0,0.0,31.0,6.804,6.804,6.804,0.0,0.0,0.0,31.0
99.3669,1,rev,-85.0,11.9,-32.315,-85.0,-34.019,156.0,40.0,-5.407,33.0,-100.0,-100.0,-100.0,0.0,0.0,-0.0,31.0,-100.0,-100.0,-100.0,-24.0,1.0,-0.0,31.0,-45.6,-45.0,-45.0,-32.0,2.0,-0.0,37.0,-96.401,-96.263,-96.263,-8.0,0.0,0.0,30.0,9.268,8.78,8.78,8.0,0.0,0.0,31.0,6.804,6.804,6.804,0.0,0.0,0.0,31.0
99.42,1,rev,-85.0,11.9,-32.494,-85.0,-34.232,156.0,40.0,-4.374,33.0,-100.0,-100.0,-100.0,0.0,0.0,-0.0,31.0,-100.0,-100.0,-100.0,-24.0,1.0,-0.0,31.0,-45.6,-45.0,-45.0,-32.0,2.0,-0.0,37.0,-96.401,-96.263,-96.263,-8.0,0.0,0.0,30.0,9.268,8.78,8.78,8.0,0.0,0.0,31.0,6.804,6.804,6.804,0.0,0.0,0.0,31.0
99.4732,1,rev,-85.0,11.9,-32.584,-85.0,-34.446,156.0,40.0,-3.122,33.0,-100.0,-100.0,-100.0,0.0,0.0,-0.0,31.0,-100.0,-100.0,-100.0,-24.0,1.0,-0.0,31.0,-45.6,-45.0,-45.0,-32.0,2.0,-0.0,37.0,-96.401,-96.263,-96.263,-8.0,0.0,0.0,30.0,9.268,8.78,8.78,8.0,0.0,0.0,31.0,6.804,6.804,6.804,0.0,0.0,0.0,31.0
99.5258,1,rev,-85.0,11.9,-32.764,-85.0,-34.662,156.0,40.0,-2.944,33.0,-100.0,-100.0,-100.0,0.0,0.0,-0.0,31.0,-100.0,-100.0,-100.0,-24.0,1.0,-0.0,31.0,-45.6,-45.0,-45.0,-32.0,2.0,-0.0,37.0,-96.401,-96.263,-96.263,-8.0,0.0,0.0,30.0,9.268,8.78,8.78,8.0,0.0,0.0,31.0,6.804,6.804,6.804,0.0,0.0,0.0,31.0
99.5791,1,rev,-85.0,11.9,-33.034,-85.0,-34.877,156.0,40.0,-3.836,33.0,-100.0,-100.0,-100.0,0.0,0.0,-0.0,31.0,-100.0,-100.0,-100.0,-24.0,1.0,-0.0,31.0,-45.6,-45.0,-45.0,-32.0,2.0,-0.0,37.0,-96.401,-96.263,-96.263,-8.0,0.0,0.0,30.0,9.268,8.78,8.78,8.0,0.0,0.0,31.0,6.804,6.804,6.804,0.0,0.0,0.0,31.0
99.6317,1,rev,-85.0,11.9,-33.124,-85.0,-35.092,156.0,40.0,-2.892,33.0,-100.0,-100.0,-100.0,0.0,0.0,-0.0,31.0,-100.0,-100.0,-100.0,-24.0,1.0,-0.0,31.0,-45.6,-45.0,-45.0,-32.0,2.0,-0.0,37.0,-96.401,-96.263,-96.263,-8.0,0.0,0.0,30.0,9.268,8.78,8.78,8.0,0.0,0.0,31.0,6.804,6.804,6.804,0.0,0.0,0.0,31.0
99.6847,1,rev,-85.0,11.9,-33.124,-85.0,-35.334,172.0,53.0,-2.892,33.0,-100.0,-100.0,-100.0,0.0,0.0,-0.0,31.0,-100.0,-100.0,-100.0,-24.0,1.0,-0.0,31.0,-45.6,-45.0,-45.0,-32.0,2.0,-0.0,37.0,-96.401,-96.263,-96.263,-8.0,0.0,0.0,30.0,9.268,8.78,8.78,8.0,0.0,0.0,31.0,6.804,6.804,6.804,0.0,0.0,0.0,31.0
99.739,1,rev,-85.0,11.9,-33.573,-85.0,-35.561,172.0,53.0,-4.335,33.0,-100.0,-100.0,-100.0,0.0,0.0,-0.0,31.0,-100.0,-100.0,-100.0,-24.0,1.0,-0.0,31.0,-45.6,-45.0,-45.0,-32.0,2.0,-0.0,37.0,-96.401,-96.263,-96.263,-8.0,0.0,0.0,30.0,9.268,8.78,8.78,8.0,0.0,0.0,31.0,6.804,6.804,6.804,0.0,0.0,0.0,31.0
99.7914,1,rev,-85.0,11.9,-33.843,-85.0,-35.677,172.0,53.0,-4.083,33.0,-100.0,-100.0,-100.0,0.0,0.0,-0.0,31.0,-100.0,-100.0,-100.0,-24.0,1.0,-0.0,31.0,-45.6,-45.0,-45.0,-32.0,2.0,-0.0,37.0,-96.401,-96.263,-96.263,-8.0,0.0,0.0,30.0,9.268,8.78,8.78,8.0,0.0,0.0,31.0,6.804,6.804,6.804,0.0,0.0,0.0,31.0
99.8448,1,rev,-85.0,11.9,-33.933,-85.0,-35.899,172.0,53.0,-2.656,33.0,-100.0,-100.0,-100.0,0.0,0.0,-0.0,31.0,-100.0,-100.0,-100.0,-24.0,1.0,-0.0,31.0,-45.6,-45.0,-45.0,-32.0,2.0,-0.0,37.0,-96.401,-96.263,-96.263,-8.0,0.0,0.0,30.0,9.268,8.78,8.78,8.0,0.0,0.0,31.0,6.804,6.804,6.804,0.0,0.0,0.0,31.0
99.898,1,rev,-85.0,11.9,-34.202,-85.0,-36.113,172.0,53.0,-3.727,33.0,-100.0,-100.0,-100.0,0.0,0.0,-0.0,31.0,-100.0,-100.0,-100.0,-24.0,1.0,-0.0,31.0,-45.6,-45.0,-45.0,-32.0,2.0,-0.0,37.0,-96.401,-96.263,-96.263,-8.0,0.0,0.0,30.0,9.268,8.78,8.78,8.0,0.0,0.0,31.0,6.804,6.804,6.804,0.0,0.0,0.0,31.0
99.9513,1,rev,-85.0,11.9,-34.472,-85.0,-36.326,172.0,53.0,-4.578,33.0,-100.0,-100.0,-100.0,0.0,0.0,-0.0,31.0,-100.0,-100.0,-100.0,-24.0,1.0,-0.0,31.0,-45.6,-45.0,-45.0,-32.0,2.0,-0.0,37.0,-96.401,-96.263,-96.263,-8.0,0.0,0.0,30.0,9.268,8.78,8.78,8.0,0.0,0.0,31.0,6.804,6.804,6.804,0.0,0.0,0.0,31.0
100.0035,1,rev,-85.0,11.9,-34.652,-85.0,-36.538,172.0,53.0,-3.967,33.0,-100.0,-100.0,-100.0,0.0,0.0,-0.0,31.0,-100.0,-100.0,-100.0,-24.0,1.0,-0.0,31.0,-45.6,-45.0,-45.0,-32.0,2.0,-0.0,37.0,-96.401,-96.263,-96.263,-8.0,0.0,0.0,30.0,9.268,8.78,8.78,8.0,0.0,0.0,31.0,6.804,6.804,6.804,0.0,0.0,0.0,31.0
100.0573,1,rev,-85.0,11.9,-34.742,-85.0,-36.751,172.0,53.0,-2.955,33.0,-100.0,-100.0,-100.0,0.0,0.0,-0.0,31.0,-100.0,-100.0,-100.0,-24.0,1.0,-0.0,31.0,-45.6,-45.0,-45.0,-32.0,2.0,-0.0,37.0,-96.401,-96.263,-96.263,-8.0,0.0,0.0,30.0,9.268,8.78,8.78,8.0,0.0,0.0,31.0,6.804,6.804,6.804,0.0,0.0,0.0,31.0
100.1095,1,rev,-85.0,11.9,-35.101,-85.0,-36.965,172.0,53.0,-4.579,33.0,-100.0,-100.0,-100.0,0.0,0.0,-0.0,31.0,-100.0,-100.0,-100.0,-24.0,1.0,-0.0,31.0,-45.6,-45.0,-45.0,-32.0,2.0,-0.0,37.0,-96.401,-96.263,-96.263,-8.0,0.0,0.0,30.0,9.268,8.78,8.78,8.0,0.0,0.0,31.0,6.804,6.804,6.804,0.0,0.0,0.0,31.0
100.1616,1,rev,-85.0,11.9,-35.281,-85.0,-37.178,172.0,53.0,-3.967,33.0,-100.0,-100.0,-100.0,0.0,0.0,-0.0,31.0,-100.0,-100.0,-100.0,-24.0,1.0,-0.0,31.0,-45.6,-45.0,-45.0,-32.0,2.0,-0.0,37.0,-96.401,-96.263,-96.263,-8.0,0.0,0.0,30.0,9.268,8.78,8.78,8.0,0.0,0.0,31.0,6.804,6.804,6.804,0.0,0.0,0.0,31.0
100.2149,1,rev,-85.0,11.9,-35.461,-85.0,-37.392,172.0,53.0,-3.663,33.0,-100.0,-100.0,-100.0,0.0,0.0,-0.0,31.0,-100.0,-100.0,-100.0,-24.0,1.0,-0.0,31.0,-45.6,-45.0,-45.0,-32.0,2.0,-0.0,37.0,-96.401,-96.263,-96.263,-8.0,0.0,0.0,30.0,9.268,8.78,8.78,8.0,0.0,0.0,31.0,6.804,6.804,6.804,0.0,0.0,0.0,31.0
100.2684,1,rev,-85.0,11.8,-35.461,-85.0,-37.63,172.0,49.0,-2.564,33.0,-100.0,-100.0,-100.0,0.0,0.0,-0.0,31.0,-100.0,-100.0,-100.0,-24.0,1.0,-0.0,31.0,-45.6,-45.0,-45.0,-32.0,2.0,-0.0,37.0,-96.401,-96.263,-96.263,-8.0,0.0,0.0,30.0,9.268,8.78,8.78,8.0,0.0,0.0,31.0,6.804,6.804,6.804,0.0,0.0,0.0,31.0
100.3205,1,rev,-85.0,11.8,-35.82,-85.0,-37.842,172.0,49.0,-5.029,33.0,-100.0,-100.0,-100.0,0.0,0.0,-0.0,31.0,-100.0,-100.0,-100.0,-24.0,1.0,-0.0,31.0,-45.6,-45.0,-45.0,-32.0,2.0,-0.0,37.0,-96.401,-96.263,-96.263,-8.0,0.0,0.0,30.0,9.268,8.78,8.78,8.0,0.0,0.0,31.0,6.804,6.804,6.804,0.0,0.0,0.0,31.0
100.3724,1,rev,-85.0,11.8,-36.0,-85.0,-38.054,172.0,49.0,-4.189,33.0,-100.0,-100.0,-100.0,0.0,0.0,-0.0,31.0,-100.0,-100.0,-100.0,-24.0,1.0,-0.0,31.0,-45.6,-45.0,-45.0,-32.0,2.0,-0.0,37.0,-96.401,-96.263,-96.263,-8.0,0.0,0.0,30.0,9.268,8.78,8.78,8.0,0.0,0.0,31.0,6.804,6.804,6.804,0.0,0.0,0.0,31.0
100.4246,1,rev,-85.0,11.8,-36.18,-85.0,-38.267,172.0,49.0,-3.766,33.0,-100.0,-100.0,-100.0,0.0,0.0,-0.0,31.0,-100.0,-100.0,-100.0,-24.0,1.0,-0.0,31.0,-45.6,-45.0,-45.0,-32.0,2.0,-0.0,37.0,-96.401,-96.263,-96.263,-8.0,0.0,0.0,30.0,9.268,8.78,8.78,8.0,0.0,0.0,31.0,6.804,6.804,6.804,0.0,0.0,0.0,31.0
100.4782,1,rev,-85.0,11.8,-36.719,-85.0,-38.482,172.0,49.0,-6.7,33.0,-100.0,-100.0,-100.0,0.0,0.0,-0.0,31.0,-100.0,-100.0,-100.0,-24.0,1.0,-0.0,31.0,-45.6,-45.0,-45.0,-32.0,2.0,-0.0,37.0,-96.401,-96.263,-96.263,-8.0,0.0,0.0,30.0,9.268,8.78,8.78,8.0,0.0,0.0,31.0,6.804,6.804,6.804,0.0,0.0,0.0,31.0
100.5305,1,rev,-85.0,11.8,-36.809,-85.0,-38.694,172.0,49.0,-3.993,33.0,-100.0,-100.0,-100.0,0.0,0.0,-0.0,31.0,-100.0,-100.0,-100.0,-24.0,1.0,-0.0,31.0,-45.6,-45.0,-45.0,-32.0,2.0,-0.0,37.0,-96.401,-96.263,-96.263,-8.0,0.0,0.0,30.0,9.268,8.78,8.78,8.0,0.0,0.0,31.0,6.804,6.804,6.804,0.0,0.0,0.0,31.0
100.5838,1,rev,-85.0,11.8,-36.899,-85.0,-38.908,172.0,49.0,-2.664,33.0,-100.0,-100.0,-100.0,0.0,0.0,-0.0,31.0,-100.0,-100.0,-100.0,-24.0,1.0,-0.0,31.0,-45.6,-45.0,-45.0,-32.0,2.0,-0.0,37.0,-96.401,-96.263,-96.263,-8.0,0.0,0.0,30.0,9.268,8.78,8.78,8.0,0.0,0.0,31.0,6.804,6.804,6.804,0.0,0.0,0.0,31.0
100.6371,1,rev,-85.0,11.8,-37.169,-85.0,-39.12,172.0,49.0,-3.75,33.0,-100.0,-100.0,-100.0,0.0,0.0,-0.0,31.0,-100.0,-100.0,-100.0,-24.0,1.0,-0.0,31.0,-45.6,-45.0,-45.0,-32.0,2.0,-0.0,37.0,-96.401,-96.263,-96.263,-8.0,0.0,0.0,30.0,9.268,8.78,8.78,8.0,0.0,0.0,31.0,6.804,6.804,6.804,0.0,0.0,0.0,31.0
100.6901,1,rev,-85.0,11.8,-37.258,-85.0,-39.334,172.0,49.0,-2.823,33.0,-100.0,-100.0,-100.0,0.0,0.0,-0.0,31.0,-100.0,-100.0,-100.0,-24.0,1.0,-0.0,31.0,-45.6,-45.0,-45.0,-32.0,2.0,-0.0,37.0,-96.401,-96.263,-96.263,-8.0,0.0,0.0,30.0,9.268,8.78,8.78,8.0,0.0,0.0,31.0,6.804,6.804,6.804,0.0,0.0,0.0,31.0
100.744,1,rev,-85.0,11.8,-37.438,-85.0,-39.55,172.0,49.0,-3.111,33.0,-100.0,-100.0,-100.0,0.0,0.0,-0.0,31.0,-100.0,-100.0,-100.0,-24.0,1.0,-0.0,31.0,-45.6,-45.0,-45.0,-32.0,2.0,-0.0,37.0,-96.401,-96.263,-96.263,-8.0,0.0,0.0,30.0,9.268,8.78,8.78,8.0,0.0,0.0,31.0,6.804,6.804,6.804,0.0,0.0,0.0,31.0
100.797,1,rev,-85.0,11.8,-37.528,-85.0,-39.655,172.0,49.0,-3.194,33.0,-100.0,-100.0,-100.0,0.0,0.0,-0.0,31.0,-100.0,-100.0,-100.0,-24.0,1.0,-0.0,31.0,-45.6,-45.0,-45.0,-32.0,2.0,-0.0,37.0,-96.401,-96.263,-96.263,-8.0,0.0,0.0,30.0,9.268,8.78,8.78,8.0,0.0,0.0,31.0,6.804,6.804,6.804,0.0,0.0,0.0,31.0
100.8495,1,rev,-85.0,11.8,-37.798,-85.0,-40.003,188.0,63.0,-3.578,33.0,-100.0,-100.0,-100.0,0.0,0.0,-0.0,31.0,-100.0,-100.0,-100.0,-32.0,2.0,-0.0,31.0,-45.6,-45.0,-45.0,-32.0,2.0,-0.0,37.0,-96.401,-96.263,-96.263,-8.0,0.0,0.0,30.0,9.268,8.78,8.78,8.0,0.0,0.0,31.0,6.804,6.804,6.804,0.0,0.0,0.0,31.0
100.9032,1,rev,-85.0,11.8,-38.157,-85.0,-40.227,188.0,63.0,-5.064,33.0,-100.0,-100.0,-100.0,0.0,0.0,-0.0,31.0,-100.0,-100.0,-100.0,-32.0,2.0,-0.0,31.0,-45.6,-45.0,-45.0,-32.0,2.0,-0.0,37.0,-96.401,-96.263,-96.263,-8.0,0.0,0.0,30.0,9.268,8.78,8.78,8.0,0.0,0.0,31.0,6.804,6.804,6.804,0.0,0.0,0.0,31.0
100.9557,1,rev,-85.0,11.8,-38.247,-85.0,-40.333,188.0,63.0,-3.192,33.0,-100.0,-100.0,-100.0,0.0,0.0,-0.0,31.0,-100.0,-100.0,-100.0,-32.0,2.0,-0.0,31.0,-45.6,-45.0,-45.0,-32.0,2.0,-0.0,37.0,-96.401,-96.263,-96.263,-8.0,0.0,0.0,30.0,9.268,8.78,8.78,8.0,0.0,0.0,31.0,6.804,6.804,6.804,0.0,0.0,0.0,31.0
101.0091,1,rev,-85.0,11.8,-38.517,-85.0,-40.556,188.0,63.0,-4.233,33.0,-100.0,-100.0,-100.0,0.0,0.0,-0.0,31.0,-100.0,-100.0,-100.0,-32.0,2.0,-0.0,31.0,-45.6,-45.0,-45.0,-32.0,2.0,-0.0,37.0,-96.401,-96.263,-96.263,-8.0,0.0,0.0,30.0,9.268,8.78,8.78,8.0,0.0,0.0,31.0,6.804,6.804,6.804,0.0,0.0,0.0,31.0
101.0622,1,rev,-85.0,11.8,-38.787,-85.0,-40.77,188.0,63.0,-4.509,33.0,-100.0,-100.0,-100.0,0.0,0.0,-0.0,31.0,-100.0,-100.0,-100.0,-32.0,2.0,-0.0,31.0,-45.6,-45.0,-45.0,-32.0,2.0,-0.0,37.0,-96.401,-96.263,-96.263,-8.0,0.0,0.0,30.0,9.268,8.78,8.78,8.0,0.0,0.0,31.0,6.804,6.804,6.804,0.0,0.0,0.0,31.0
101.1145,1,rev,-85.0,11.8,-38.966,-85.0,-40.983,188.0,63.0,-4.235,33.0,-100.0,-100.0,-100.0,0.0,0.0,-0.0,31.0,-100.0,-100.0,-100.0,-32.0,2.0,-0.0,31.0,-45.6,-45.0,-45.0,-32.0,2.0,-0.0,37.0,-96.401,-96.263,-96.263,-8.0,0.0,0.0,30.0,9.268,8.78,8.78,8.0,0.0,0.0,31.0,6.804,6.804,6.804,0.0,0.0,0.0,31.0
101.1677,1,rev,-85.0,11.8,-38.966,-85.0,-41.197,188.0,63.0,-2.075,33.0,-100.0,-100.0,-100.0,0.0,0.0,-0.0,31.0,-100.0,-100.0,-100.0,-32.0,2.0,-0.0,31.0,-45.6,-45.0,-45.0,-32.0,2.0,-0.0,37.0,-96.401,-96.263,-96.263,-8.0,0.0,0.0,30.0,9.268,8.78,8.78,8.0,0.0,0.0,31.0,6.804,6.804,6.804,0.0,0.0,0.0,31.0
101.221,1,rev,-85.0,11.8,-39.416,-85.0,-41.409,188.0,63.0,-5.176,33.0,-100.0,-100.0,-100.0,0.0,0.0,-0.0,31.0,-100.0,-100.0,-100.0,-32.0,2.0,-0.0,31.0,-45.6,-45.0,-45.0,-32.0,2.0,-0.0,37.0,-96.401,-96.263,-96.263,-8.0,0.0,0.0,30.0,9.268,8.78,8.78,8.0,0.0,0.0,31.0,6.804,6.804,6.804,0.0,0.0,0.0,31.0
101.2743,1,rev,-85.0,11.8,-39.596,-85.0,-41.623,188.0,63.0,-4.243,33.0,-100.0,-100.0,-100.0,0.0,0.0,-0.0,31.0,-100.0,-100.0,-100.0,-32.0,2.0,-0.0,31.0,-45.6,-45.0,-45.0,-32.0,2.0,-0.0,37.0,-96.401,-96.263,-96.263,-8.0,0.0,0.0,30.0,9.756,8.78,8.78,8.0,0.0,3.847,31.0,6.804,6.804,6.804,0.0,0.0,0.0,31.0
101.3274,1,rev,-85.0,11.8,-39.685,-85.0,-41.838,188.0,63.0,-2.785,33.0,-100.0,-100.0,-100.0,0.0,0.0,-0.0,31.0,-100.0,-100.0,-100.0,-32.0,2.0,-0.0,31.0,-45.6,-45.0,-45.0,-32.0,2.0,-0.0,37.0,-96.401,-96.263,-96.263,-8.0,0.0,0.0,30.0,9.756,8.78,8.78,8.0,0.0,1.885,31.0,6.804,6.804,6.804,0.0,0.0,0.0,31.0
101.3795,1,rev,-85.0,11.8,-39.775,-85.0,-41.945,184.0,62.0,-2.96,33.0,-100.0,-100.0,-100.0,0.0,0.0,-0.0,31.0,-100.0,-100.0,-100.0,-32.0,2.0,-0.0,31.0,-45.6,-45.0,-45.0,-32.0,1.0,-0.0,37.0,-96.401,-96.263,-96.263,-8.0,0.0,0.0,30.0,9.756,8.78,8.78,16.0,0.0,1.32,31.0,6.804,6.804,6.804,0.0,0.0,0.0,31.0
101.4329,1,rev,-85.0,11.8,-40.045,-85.0,-42.278,184.0,62.0,-2.451,33.0,-100.0,-100.0,-100.0,0.0,0.0,-0.0,31.0,-100.0,-100.0,-100.0,-32.0,2.0,-0.0,31.0,-45.6,-45.0,-45.0,-32.0,1.0,-0.0,37.0,-96.401,-96.263,-96.263,-8.0,0.0,0.0,30.0,9.756,8.78,8.78,16.0,0.0,0.647,31.0,6.804,6.804,6.804,0.0,0.0,0.0,31.0
101.4855,1,rev,-85.0,11.8,-40.225,-85.0,-42.491,184.0,62.0,-2.608,33.0,-99.82,-100.0,-100.0,0.0,0.0,1.41,31.0,-100.0,-100.0,-100.0,-32.0,2.0,-0.0,31.0,-45.6,-45.0,-45.0,-32.0,1.0,-0.0,37.0,-96.401,-96.263,-96.263,-8.0,0.0,0.0,30.0,9.756,8.78,8.78,16.0,0.0,0.317,31.0,6.804,6.804,6.804,0.0,0.0,0.0,31.0
101.5375,1,rev,-85.0,11.8,-40.404,-85.0,-42.704,184.0,62.0,-2.691,33.0,-100.0,-100.0,-100.0,0.0,0.0,-1.34,31.0,-100.0,-100.0,-100.0,-32.0,2.0,-0.0,31.0,-45.6,-45.0,-45.0,-32.0,1.0,-0.0,37.0,-96.401,-96.263,-96.263,-8.0,0.0,0.0,30.0,9.756,8.78,8.78,16.0,0.0,0.155,31.0,6.804,6.804,6.804,0.0,0.0,0.0,31.0
101.5904,1,rev,-85.0,11.8,-40.854,-85.0,-42.918,184.0,62.0,-5.768,33.0,-100.0,-100.0,-100.0,0.0,0.0,-0.657,31.0,-100.0,-100.0,-100.0,-32.0,2.0,-0.0,31.0,-45.6,-45.0,-45.0,-32.0,1.0,-0.0,37.0,-96.401,-96.263,-96.263,-8.0,0.0,0.0,30.0,9.756,8.78,8.78,16.0,0.0,0.076,31.0,6.804,6.804,6.804,0.0,0.0,0.0,31.0
101.6424,1,rev,-85.0,11.8,-41.124,-85.0,-43.131,184.0,62.0,-5.254,33.0,-100.0,-100.0,-100.0,0.0,0.0,-0.322,31.0,-100.0,-100.0,-100.0,-32.0,2.0,-0.0,31.0,-45.6,-45.0,-45.0,-32.0,1.0,-0.0,37.0,-96.401,-96.263,-96.263,-8.0,0.0,0.0,30.0,9.756,8.78,8.78,16.0,0.0,0.037,31.0,6.804,6.804,6.804,0.0,0.0,0.0,31.0
101.6953,1,rev,-85.0,11.8,-41.213,-85.0,-43.346,184.0,62.0,-3.275,33.0,-100.0,-100.0,-100.0,0.0,0.0,-0.158,31.0,-100.0,-100.0,-100.0,-32.0,2.0,-0.0,31.0,-45.6,-45.0,-45.0,-32.0,1.0,-0.0,37.0,-96.401,-96.263,-96.263,-8.0,0.0,0.0,30.0,9.756,8.78,8.78,16.0,0.0,0.018,31.0,6.804,6.804,6.804,0.0,0.0,0.0,31.0
101.7493,1,rev,-85.0,11.8,-41.483,-85.0,-43.559,184.0,62.0,-4.032,33.0,-100.0,-100.0,-100.0,0.0,0.0,-0.077,31.0,-100.0,-100.0,-100.0,-32.0,2.0,-0.0,31.0,-45.6,-45.0,-45.0,-32.0,1.0,-0.0,37.0,-96.401,-96.263,-96.263,-8.0,0.0,0.0,30.0,9.756,8.78,8.78,16.0,0.0,0.009,31.0,6.804,6.804,6.804,0.0,0.0,0.0,31.0
101.8015,1,rev,-85.0,11.8,-41.663,-85.0,-43.774,184.0,62.0,-3.677,33.0,-100.0,-100.0,-100.0,0.0,0.0,-0.038,31.0,-100.0,-100.0,-100.0,-32.0,2.0,-0.0,31.0,-45.6,-45.0,-45.0,-32.0,1.0,-0.0,37.0,-96.401,-96.263,-96.263,-8.0,0.0,0.0,30.0,9.756,8.78,8.78,16.0,0.0,0.004,31.0,6.804,6.804,6.804,0.0,0.0,0.0,31.0
101.8537,1,rev,-85.0,11.8,-41.753,-85.0,-43.988,184.0,62.0,-2.814,33.0,-100.0,-100.0,-100.0,0.0,0.0,-0.019,31.0,-100.0,-100.0,-100.0,-32.0,2.0,-0.0,31.0,-45.6,-45.0,-45.0,-32.0,1.0,-0.0,37.0,-96.401,-96.263,-96.263,-8.0,0.0,0.0,30.0,9.756,8.78,8.78,16.0,0.0,0.002,31.0,6.804,6.804,6.804,0.0,0.0,0.0,31.0
101.9067,1,rev,-85.0,11.8,-41.843,-85.0,-44.201,184.0,62.0,-2.087,33.0,-100.0,-100.0,-100.0,0.0,0.0,-0.009,31.0,-100.0,-100.0,-100.0,-32.0,2.0,-0.0,31.0,-45.6,-45.0,-45.0,-32.0,1.0,-0.0,37.0,-96.401,-96.263,-96.263,-8.0,0.0,0.0,30.0,9.756,8.78,8.78,16.0,0.0,0.001,31.0,6.804,6.804,6.804,0.0,0.0,0.0,31.0
101.9602,1,rev,-85.0,11.8,-42.292,-85.0,-44.43,200.0,62.0,-3.822,33.0,-100.0,-100.0,-100.0,0.0,0.0,-0.006,31.0,-100.0,-100.0,-100.0,-32.0,2.0,-0.0,31.0,-45.6,-45.0,-45.0,-32.0,2.0,-0.0,37.0,-96.401,-96.263,-96.263,-8.0,0.0,0.0,30.0,9.756,8.78,8.78,16.0,1.0,0.001,31.0,6.804,6.804,6.804,0.0,0.0,0.0,31.0
102.0132,1,rev,-85.0,11.8,-42.292,-85.0,-44.642,200.0,62.0,-2.675,33.0,-100.0,-100.0,-100.0,0.0,0.0,-0.004,31.0,-100.0,-100.0,-100.0,-32.0,2.0,-0.0,31.0,-45.6,-45.0,-45.0,-32.0,2.0,-0.0,37.0,-96.401,-96.263,-96.263,-8.0,0.0,0.0,30.0,9.756,8.78,8.78,16.0,1.0,0.001,31.0,6.804,6.804,6.804,0.0,0.0,0.0,31.0
102.0657,1,rev,-85.0,11.8,-42.562,-85.0,-44.866,200.0,62.0,-3.611,33.0,-100.0,-100.0,-100.0,0.0,0.0,-0.002,31.0,-100.0,-100.0,-100.0,-32.0,2.0,-0.0,31.0,-45.6,-45.0,-45.0,-32.0,2.0,-0.0,37.0,-96.401,-96.263,-96.263,-8.0,0.0,0.0,30.0,9.756,8.78,8.78,16.0,1.0,0.0,31.0,6.804,6.804,6.804,0.0,0.0,0.0,31.0
102.1192,1,rev,-85.0,11.8,-42.742,-85.0,-45.09,200.0,62.0,-3.425,33.0,-100.0,-100.0,-100.0,0.0,0.0,-0.001,31.0,-100.0,-100.0,-100.0,-32.0,2.0,-0.0,31.0,-45.6,-45.0,-45.0,-32.0,2.0,-0.0,37.0,-96.401,-96.263,-96.263,-8.0,0.0,0.0,30.0,9.756,8.78,8.78,16.0,1.0,0.0,31.0,6.804,6.804,6.804,0.0,0.0,0.0,31.0
102.1724,1,rev,-85.0,11.8,-43.011,-85.0,-45.303,200.0,62.0,-4.113,33.0,-100.0,-100.0,-100.0,0.0,0.0,-0.001,31.0,-100.0,-100.0,-100.0,-32.0,2.0,-0.0,31.0,-45.6,-45.0,-45.0,-32.0,2.0,-0.0,37.0,-96.401,-96.263,-96.263,-8.0,0.0,0.0,30.0,9.756,8.78,8.78,16.0,1.0,0.0,31.0,6.804,6.804,6.804,0.0,0.0,0.0,31.0
102.2245,1,rev,-85.0,11.8,-43.191,-85.0,-45.409,200.0,62.0,-3.747,33.0,-100.0,-100.0,-100.0,0.0,0.0,-0.0,31.0,-100.0,-100.0,-100.0,-32.0,2.0,-0.0,31.0,-45.6,-45.0,-45.0,-32.0,2.0,-0.0,37.0,-96.401,-96.263,-96.263,-8.0,0.0,0.0,30.0,9.756,8.78,8.78,16.0,1.0,0.0,31.0,6.804,6.804,6.804,0.0,0.0,0.0,31.0
102.2778,1,rev,-85.0,11.8,-43.281,-85.0,-45.63,200.0,62.0,-2.494,33.0,-100.0,-100.0,-100.0,0.0,0.0,-0.0,31.0,-100.0,-100.0,-100.0,-32.0,2.0,-0.0,31.0,-45.6,-45.0,-45.0,-32.0,2.0,-0.0,37.0,-96.401,-96.263,-96.263,-8.0,0.0,0.0,30.0,9.756,8.78,8.78,16.0,1.0,0.0,31.0,6.804,6.804,6.804,0.0,0.0,0.0,31.0
102.3313,1,rev,-85.0,11.8,-43.82,-85.0,-45.845,200.0,62.0,-6.359,33.0,-100.0,-100.0,-100.0,0.0,0.0,-0.0,31.0,-100.0,-100.0,-100.0,-32.0,2.0,-0.0,31.0,-45.6,-45.0,-45.0,-32.0,2.0,-0.0,37.0,-96.401,-96.263,-96.263,-8.0,0.0,0.0,30.0,9.756,8.78,8.78,16.0,1.0,0.0,31.0,6.804,6.804,6.804,0.0,0.0,0.0,31.0
102.3844,1,rev,-85.0,11.8,-44.0,-85.0,-46.058,200.0,62.0,-4.839,33.0,-100.0,-100.0,-100.0,0.0,0.0,-0.0,31.0,-100.0,-100.0,-100.0,-32.0,2.0,-0.0,31.0,-45.6,-45.0,-45.0,-32.0,2.0,-0.0,37.0,-96.401,-96.263,-96.263,-8.0,0.0,0.0,30.0,9.756,8.78,8.78,16.0,1.0,0.0,31.0,6.804,6.804,6.804,0.0,0.0,0.0,31.0
102.4366,1,rev,-85.0,11.8,-44.09,-85.0,-46.271,200.0,62.0,-3.387,33.0,-100.0,-100.0,-100.0,0.0,0.0,-0.0,31.0,-100.0,-100.0,-100.0,-32.0,2.0,-0.0,31.0,-45.6,-45.0,-45.0,-32.0,2.0,-0.0,37.0,-96.401,-96.263,-96.263,-8.0,0.0,0.0,30.0,9.756,8.78,8.78,16.0,1.0,0.0,31.0,6.804,6.804,6.804,0.0,0.0,0.0,31.0
102.49,1,rev,-85.0,11.8,-44.36,-85.0,-46.484,200.0,62.0,-4.401,33.0,-100.0,-100.0,-100.0,0.0,0.0,-0.0,31.0,-100.0,-100.0,-100.0,-32.0,2.0,-0.0,31.0,-45.6,-45.0,-45.0,-32.0,2.0,-0.0,37.0,-96.401,-96.263,-96.263,-8.0,0.0,0.0,30.0,9.756,8.78,8.78,16.0,1.0,0.0,31.0,6.804,6.804,6.804,0.0,0.0,0.0,31.0
102.5434,1,rev,-85.0,11.8,-44.539,-85.0,-46.724,188.0,57.0,-3.979,33.0,-100.0,-100.0,-100.0,0.0,0.0,-0.0,31.0,-100.0,-100.0,-100.0,-32.0,1.0,-0.0,31.0,-45.6,-45.0,-45.0,-32.0,2.0,-0.0,37.0,-96.401,-96.263,-96.263,-8.0,0.0,0.0,30.0,9.756,8.78,8.78,16.0,0.0,0.0,31.0,6.804,6.804,6.804,0.0,0.0,0.0,31.0
102.5955,1,rev,-85.0,11.8,-44.719,-85.0,-46.936,188.0,57.0,-3.968,33.0,-100.0,-100.0,-100.0,0.0,0.0,-0.0,31.0,-100.0,-100.0,-100.0,-32.0,1.0,-0.0,31.0,-45.6,-45.0,-45.0,-32.0,2.0,-0.0,37.0,-96.401,-96.263,-96.263,-8.0,0.0,0.0,30.0,9.756,8.78,8.78,16.0,0.0,0.0,31.0,6.804,6.804,6.804,0.0,0.0,0.0,31.0
102.6476,1,rev,-85.0,11.8,-44.719,-85.0,-47.149,188.0,57.0,-1.944,33.0,-100.0,-100.0,-100.0,0.0,0.0,-0.0,31.0,-100.0,-100.0,-100.0,-32.0,1.0,-0.0,31.0,-45.6,-45.0,-45.0,-32.0,2.0,-0.0,37.0,-96.401,-96.263,-96.263,-8.0,0.0,0.0,30.0,9.756,8.78,8.78,16.0,0.0,0.0,31.0,6.804,6.804,6.804,0.0,0.0,0.0,31.0
102.6997,1,rev,-85.0,11.8,-45.169,-85.0,-47.363,188.0,57.0,-5.418,33.0,-100.0,-100.0,-100.0,0.0,0.0,-0.0,31.0,-100.0,-100.0,-100.0,-32.0,1.0,-0.0,31.0,-45.6,-45.0,-45.0,-32.0,2.0,-0.0,37.0,-96.401,-96.263,-96.263,-8.0,0.0,0.0,30.0,9.756,8.78,8.78,16.0,0.0,0.0,31.0,6.804,6.804,6.804,0.0,0.0,0.0,31.0
102.7527,1,rev,-85.0,11.8,-45.348,-85.0,-47.576,188.0,57.0,-4.369,33.0,-100.0,-100.0,-100.0,0.0,0.0,-0.0,31.0,-100.0,-100.0,-100.0,-32.0,1.0,-0.0,31.0,-45.6,-45.0,-45.0,-32.0,2.0,-0.0,37.0,-96.401,-96.263,-96.263,-8.0,0.0,0.0,30.0,9.756,8.78,8.78,16.0,0.0,0.0,31.0,6.804,6.804,6.804,0.0,0.0,0.0,31.0
102.8058,1,rev,-85.0,11.8,-45.438,-85.0,-47.79,188.0,57.0,-2.848,33.0,-100.0,-100.0,-100.0,0.0,0.0,-0.0,31.0,-100.0,-100.0,-100.0,-32.0,1.0,-0.0,31.0,-45.6,-45.0,-45.0,-32.0,2.0,-0.0,37.0,-96.401,-96.263,-96.263,-8.0,0.0,0.0,30.0,9.756,8.78,8.78,16.0,0.0,0.0,31.0,6.804,6.804,6.804,0.0,0.0,0.0,31.0
102.8591,1,rev,-85.0,11.8,-45.708,-85.0,-48.002,188.0,57.0,-4.131,33.0,-100.0,-100.0,-100.0,0.0,0.0,-0.0,31.0,-100.0,-100.0,-100.0,-32.0,1.0,-0.0,31.0,-45.6,-45.0,-45.0,-32.0,2.0,-0.0,37.0,-96.401,-96.263,-96.263,-8.0,0.0,0.0,30.0,9.756,8.78,8.78,16.0,0.0,0.0,31.0,6.804,6.804,6.804,0.0,0.0,0.0,31.0
102.9114,1,rev,-85.0,11.8,-45.978,-85.0,-48.215,188.0,57.0,-4.455,33.0,-100.0,-100.0,-100.0,0.0,0.0,-0.0,31.0,-100.0,-100.0,-100.0,-32.0,1.0,-0.0,31.0,-45.6,-45.0,-45.0,-32.0,2.0,-0.0,37.0,-96.401,-96.263,-96.263,-8.0,0.0,0.0,30.0,9.756,8.78,8.78,16.0,0.0,0.0,31.0,6.804,6.804,6.804,0.0,0.0,0.0,31.0
102.9636,1,rev,-85.0,11.8,-45.978,-85.0,-48.43,188.0,57.0,-2.183,33.0,-100.0,-100.0,-100.0,0.0,0.0,-0.0,31.0,-100.0,-100.0,-100.0,-32.0,1.0,-0.0,31.0,-45.6,-45.0,-45.0,-32.0,2.0,-0.0,37.0,-96.401,-96.263,-96.263,-8.0,0.0,0.0,30.0,9.756,8.78,8.78,16.0,0.0,0.0,31.0,6.804,6.804,6.804,0.0,0.0,0.0,31.0
103.0171,1,rev,-85.0,11.8,-46.157,-85.0,-48.642,188.0,57.0,-2.493,33.0,-100.0,-100.0,-100.0,0.0,0.0,-0.0,31.0,-100.0,-100.0,-100.0,-32.0,1.0,-0.0,31.0,-45.6,-45.0,-45.0,-32.0,2.0,-0.0,37.0,-96.401,-96.263,-96.263,-8.0,0.0,0.0,30.0,9.756,8.78,8.78,16.0,0.0,0.0,31.0,6.804,6.804,6.804,0.0,0.0,0.0,31.0
103.0697,1,rev,-85.0,11.8,-46.337,-85.0,-48.749,192.0,61.0,-3.782,33.0,-100.0,-100.0,-100.0,0.0,0.0,-0.0,31.0,-100.0,-100.0,-100.0,-32.0,2.0,-0.0,31.0,-45.6,-45.0,-45.0,-32.0,2.0,-0.0,37.0,-96.401,-96.263,-96.263,-8.0,0.0,0.0,30.0,9.756,8.78,8.78,16.0,0.0,0.0,31.0,6.804,6.804,6.804,0.0,0.0,0.0,31.0
103.1228,1,rev,-85.0,11.8,-46.697,-85.0,-49.08,192.0,61.0,-3.875,33.0,-100.0,-100.0,-100.0,0.0,0.0,-0.0,31.0,-100.0,-100.0,-100.0,-32.0,2.0,-0.0,31.0,-45.6,-45.0,-45.0,-32.0,2.0,-0.0,37.0,-96.401,-96.263,-96.263,-8.0,0.0,0.0,30.0,9.756,8.78,8.78,16.0,0.0,0.0,31.0,6.804,6.804,6.804,0.0,0.0,0.0,31.0
103.1758,1,rev,-85.0,11.8,-46.876,-85.0,-49.294,192.0,61.0,-4.715,33.0,-100.0,-100.0,-100.0,0.0,0.0,-0.0,31.0,-100.0,-100.0,-100.0,-32.0,2.0,-0.0,31.0,-45.6,-45.0,-45.0,-32.0,2.0,-0.0,37.0,-96.401,-96.263,-96.263,-8.0,0.0,0.0,30.0,9.756,8.78,8.78,16.0,0.0,0.0,31.0,6.804,6.804,6.804,0.0,0.0,0.0,31.0
103.2284,1,rev,-85.0,11.8,-46.966,-85.0,-49.52,192.0,61.0,-3.325,33.0,-100.0,-100.0,-100.0,0.0,0.0,-0.0,31.0,-100.0,-100.0,-100.0,-32.0,2.0,-0.0,31.0,-45.6,-45.0,-45.0,-32.0,2.0,-0.0,37.0,-96.401,-96.263,-96.263,-8.0,0.0,0.0,30.0,9.756,8.78,8.78,16.0,0.0,0.0,31.0,6.804,6.804,6.804,0.0,0.0,0.0,31.0
103.2818,1,rev,-85.0,11.8,-47.236,-85.0,-49.638,192.0,61.0,-4.684,33.0,-100.0,-100.0,-100.0,0.0,0.0,-0.0,31.0,-100.0,-100.0,-100.0,-32.0,2.0,-0.0,31.0,-45.6,-45.0,-45.0,-32.0,2.0,-0.0,37.0,-96.401,-96.263,-96.263,-8.0,0.0,0.0,30.0,9.756,8.78,8.78,16.0,0.0,0.0,31.0,6.804,6.804,6.804,0.0,0.0,0.0,31.0
103.3349,1,rev,-85.0,11.8,-47.416,-85.0,-49.862,192.0,61.0,-3.948,33.0,-100.0,-100.0,-100.0,0.0,0.0,-0.0,31.0,-100.0,-100.0,-100.0,-32.0,2.0,-0.0,31.0,-45.6,-45.0,-45.0,-32.0,2.0,-0.0,37.0,-96.401,-96.263,-96.263,-8.0,0.0,0.0,30.0,9.756,8.78,8.78,16.0,0.0,0.0,31.0,6.804,6.804,6.804,0.0,0.0,0.0,31.0
103.3882,1,rev,-85.0,11.8,-47.596,-85.0,-50.075,192.0,61.0,-3.661,33.0,-100.0,-100.0,-100.0,0.0,0.0,-0.0,31.0,-100.0,-100.0,-100.0,-32.0,2.0,-0.0,31.0,-45.6,-45.0,-45.0,-32.0,2.0,-0.0,37.0,-96.401,-96.263,-96.263,-8.0,0.0,0.0,30.0,9.756,8.78,8.78,16.0,0.0,0.0,31.0,6.804,6.804,6.804,0.0,0.0,0.0,31.0
103.4405,1,rev,-85.0,11.8,-47.955,-85.0,-50.287,192.0,61.0,-5.796,33.0,-100.0,-100.0,-100.0,0.0,0.0,-0.0,31.0,-100.0,-100.0,-100.0,-32.0,2.0,-0.0,31.0,-45.6,-45.0,-45.0,-32.0,2.0,-0.0,37.0,-96.401,-96.263,-96.263,-8.0,0.0,0.0,30.0,9.756,8.78,8.78,16.0,0.0,0.0,31.0,6.804,6.804,6.804,0.0,0.0,0.0,31.0
103.4924,1,rev,-85.0,11.8,-48.225,-85.0,-50.502,192.0,61.0,-5.274,33.0,-100.0,-100.0,-100.0,0.0,0.0,-0.0,31.0,-100.0,-100.0,-100.0,-32.0,2.0,-0.0,31.0,-45.6,-45.0,-45.0,-32.0,2.0,-0.0,37.0,-96.401,-96.263,-96.263,-8.0,0.0,0.0,30.0,9.756,8.78,8.78,16.0,0.0,0.0,31.0,6.804,6.804,6.804,0.0,0.0,0.0,31.0
103.5459,1,rev,-85.0,11.8,-48.404,-85.0,-50.715,192.0,61.0,-4.307,33.0,-100.0,-100.0,-100.0,0.0,0.0,-0.0,31.0,-100.0,-100.0,-100.0,-32.0,2.0,-0.0,31.0,-45.6,-45.0,-45.0,-32.0,2.0,-0.0,37.0,-96.401,-96.263,-96.263,-8.0,0.0,0.0,30.0,9.756,8.78,8.78,16.0,0.0,0.0,31.0,6.804,6.804,6.804,0.0,0.0,0.0,31.0
103.5992,1,rev,-85.0,11.8,-48.404,-85.0,-50.927,192.0,61.0,-2.11,33.0,-100.0,-100.0,-100.0,0.0,0.0,-0.0,31.0,-100.0,-100.0,-100.0,-32.0,2.0,-0.0,31.0,-45.6,-45.0,-45.0,-32.0,2.0,-0.0,37.0,-96.401,-96.263,-96.263,-8.0,0.0,0.0,30.0,9.756,8.78,8.78,16.0,0.0,0.0,31.0,6.804,6.804,6.804,0.0,0.0,0.0,31.0
103.6524,1,rev,-85.0,11.8,-48.404,-85.0,-51.035,224.0,78.0,-1.477,33.0,-100.0,-100.0,-100.0,0.0,0.0,-0.0,31.0,-100.0,-100.0,-100.0,-40.0,2.0,-0.0,31.0,-45.6,-45.0,-45.0,-32.0,2.0,-0.0,37.0,-96.401,-96.263,-96.263,-8.0,0.0,0.0,30.0,9.756,8.78,8.78,16.0,0.0,0.0,31.0,6.804,6.804,6.804,0.0,0.0,0.0,31.0
103.7051,1,rev,-85.0,11.8,-48.854,-85.0,-51.37,224.0,78.0,-2.371,33.0,-100.0,-100.0,-100.0,0.0,0.0,-1.25,31.0,-100.0,-100.0,-100.0,-40.0,2.0,-0.0,31.0,-45.6,-45.0,-45.0,-32.0,2.0,-0.0,37.0,-96.401,-96.263,-96.263,-8.0,0.0,0.0,30.0,9.756,8.78,8.78,16.0,0.0,0.0,31.0,6.804,6.804,6.804,0.0,0.0,0.0,31.0
103.7592,1,rev,-85.0,11.8,-49.034,-85.0,-51.589,224.0,78.0,-2.883,33.0,-100.0,-100.0,-100.0,0.0,0.0,-0.613,31.0,-100.0,-100.0,-100.0,-40.0,2.0,-0.0,31.0,-45.6,-45.0,-45.0,-32.0,2.0,-0.0,37.0,-96.401,-96.263,-96.263,-8.0,0.0,0.0,30.0,9.756,8.78,8.78,16.0,0.0,0.0,31.0,6.804,6.804,6.804,0.0,0.0,0.0,31.0
103.8123,1,rev,-85.0,11.8,-49.483,-85.0,-51.802,224.0,78.0,-5.868,33.0,-100.0,-100.0,-100.0,0.0,0.0,-0.3,31.0,-100.0,-100.0,-100.0,-40.0,2.0,-0.0,31.0,-45.6,-45.0,-45.0,-32.0,2.0,-0.0,37.0,-96.401,-96.263,-96.263,-8.0,0.0,0.0,30.0,9.756,8.78,8.78,16.0,0.0,0.0,31.0,6.804,6.804,6.804,0.0,0.0,0.0,31.0
103.8646,1,rev,-85.0,11.8,-49.753,-85.0,-52.017,224.0,78.0,-5.294,33.0,-100.0,-100.0,-100.0,0.0,0.0,-0.147,31.0,-100.0,-100.0,-100.0,-40.0,2.0,-0.0,31.0,-45.6,-45.0,-45.0,-32.0,2.0,-0.0,37.0,-96.401,-96.263,-96.263,-8.0,0.0,0.0,30.0,9.756,8.78,8.78,16.0,0.0,0.0,31.0,6.804,6.804,6.804,0.0,0.0,0.0,31.0
103.9179,1,rev,-85.0,11.8,-49.843,-85.0,-52.23,224.0,78.0,-3.299,33.0,-100.0,-100.0,-100.0,0.0,0.0,-0.072,31.0,-100.0,-100.0,-100.0,-40.0,2.0,-0.0,31.0,-45.6,-45.0,-45.0,-32.0,2.0,-0.0,37.0,-96.401,-96.263,-96.263,-8.0,0.0,0.0,30.0,9.756,8.78,8.78,16.0,0.0,0.0,31.0,6.804,6.804,6.804,0.0,0.0,0.0,31.0
103.9705,1,rev,-85.0,11.8,-49.933,-85.0,-52.443,224.0,78.0,-2.63,33.0,-100.0,-100.0,-100.0,0.0,0.0,-0.035,31.0,-100.0,-100.0,-100.0,-40.0,2.0,-0.0,31.0,-45.6,-45.0,-45.0,-32.0,2.0,-0.0,37.0,-96.401,-96.263,-96.263,-8.0,0.0,0.0,30.0,9.756,8.78,8.78,16.0,0.0,0.0,31.0,6.804,6.804,6.804,0.0,0.0,0.0,31.0
104.0238,1,rev,-85.0,11.8,-50.202,-85.0,-52.656,224.0,78.0,-4.03,33.0,-100.0,-100.0,-100.0,0.0,0.0,-0.017,31.0,-100.0,-100.0,-100.0,-40.0,2.0,-0.0,31.0,-45.6,-45.0,-45.0,-32.0,2.0,-0.0,37.0,-96.401,-96.263,-96.263,-8.0,0.0,0.0,30.0,9.756,8.78,8.78,16.0,0.0,0.0,31.0,6.804,6.804,6.804,0.0,0.0,0.0,31.0
104.0773,1,rev,-85.0,11.8,-50.382,-85.0,-52.869,224.0,78.0,-3.691,33.0,-100.0,-100.0,-100.0,0.0,0.0,-0.008,31.0,-100.0,-100.0,-100.0,-40.0,2.0,-0.0,31.0,-45.6,-45.0,-45.0,-32.0,2.0,-0.0,37.0,-96.401,-96.263,-96.263,-8.0,0.0,0.0,30.0,9.756,8.78,8.78,16.0,0.0,0.0,31.0,6.804,6.804,6.804,0.0,0.0,0.0,31.0
104.1298,1,rev,-85.0,11.8,-50.562,-85.0,-53.082,224.0,78.0,-3.532,33.0,-100.0,-100.0,-100.0,0.0,0.0,-0.004,31.0,-100.0,-100.0,-100.0,-40.0,2.0,-0.0,31.0,-45.6,-45.0,-45.0,-32.0,2.0,-0.0,37.0,-96.401,-96.263,-96.263,-8.0,0.0,0.0,30.0,9.756,8.78,8.78,16.0,0.0,0.0,31.0,6.804,6.804,6.804,0.0,0.0,0.0,31.0
104.1828,1,rev,-85.0,11.8,-51.101,-85.0,-53.295,224.0,78.0,-6.578,33.0,-100.0,-100.0,-100.0,0.0,0.0,-0.002,31.0,-100.0,-100.0,-100.0,-40.0,2.0,-0.0,31.0,-45.6,-45.0,-45.0,-32.0,2.0,-0.0,37.0,-96.401,-96.263,-96.263,-8.0,0.0,0.0,30.0,9.756,8.78,8.78,16.0,0.0,0.0,31.0,6.804,6.804,6.804,0.0,0.0,0.0,31.0
104.2361,1,rev,-85.0,11.8,-51.101,-85.0,-53.535,192.0,64.0,-6.578,33.0,-100.0,-100.0,-100.0,0.0,0.0,-0.002,31.0,-100.0,-100.0,-100.0,-40.0,3.0,-0.0,31.0,-45.6,-45.0,-45.0,-32.0,2.0,-0.0,37.0,-96.401,-96.263,-96.263,-8.0,0.0,0.0,30.0,9.756,8.78,8.78,16.0,0.0,0.0,31.0,6.804,6.804,6.804,0.0,0.0,0.0,31.0
104.2892,1,rev,-85.0,11.8,-51.191,-85.0,-53.76,192.0,64.0,-3.525,33.0,-100.0,-100.0,-100.0,0.0,0.0,-0.001,31.0,-100.0,-100.0,-100.0,-40.0,3.0,-0.0,31.0,-45.6,-45.0,-45.0,-32.0,2.0,-0.0,37.0,-96.401,-96.263,-96.263,-8.0,0.0,0.0,30.0,9.756,8.78,8.78,16.0,0.0,0.0,31.0,6.804,6.804,6.804,0.0,0.0,0.0,31.0
104.3418,1,rev,-85.0,11.8,-51.281,-85.0,-53.878,192.0,64.0,-2.365,33.0,-100.0,-100.0,-100.0,0.0,0.0,-0.0,31.0,-100.0,-100.0,-100.0,-40.0,3.0,-0.0,31.0,-45.6,-45.0,-45.0,-32.0,2.0,-0.0,37.0,-96.401,-96.263,-96.263,-8.0,0.0,0.0,30.0,9.756,8.78,8.78,16.0,0.0,0.0,31.0,6.804,6.804,6.804,0.0,0.0,0.0,31.0
104.3947,1,rev,-85.0,11.8,-51.281,-85.0,-54.102,192.0,64.0,-1.159,33.0,-100.0,-100.0,-100.0,0.0,0.0,-0.0,31.0,-100.0,-100.0,-100.0,-40.0,3.0,-0.0,31.0,-45.6,-45.0,-45.0,-32.0,2.0,-0.0,37.0,-96.401,-96.263,-96.263,-8.0,0.0,0.0,30.0,9.756,8.78,8.78,16.0,0.0,0.0,31.0,6.804,6.804,6.804,0.0,0.0,0.0,31.0
104.4478,1,rev,-85.0,11.8,-51.73,-85.0,-54.315,192.0,64.0,-4.751,33.0,-100.0,-100.0,-100.0,0.0,0.0,-0.0,31.0,-100.0,-100.0,-100.0,-40.0,3.0,-0.0,31.0,-45.6,-45.0,-45.0,-32.0,2.0,-0.0,37.0,-96.401,-96.263,-96.263,-8.0,0.0,0.0,30.0,9.756,8.78,8.78,16.0,0.0,0.0,31.0,6.804,6.804,6.804,0.0,0.0,0.0,31.0
104.5014,1,rev,-85.0,11.8,-51.91,-85.0,-54.527,192.0,64.0,-4.048,33.0,-100.0,-100.0,-100.0,0.0,0.0,-0.0,31.0,-100.0,-100.0,-100.0,-40.0,3.0,-0.0,31.0,-45.6,-45.0,-45.0,-32.0,2.0,-0.0,37.0,-96.401,-96.263,-96.263,-8.0,0.0,0.0,30.0,9.756,8.78,8.78,16.0,0.0,0.0,31.0,6.804,6.804,6.804,0.0,0.0,0.0,31.0
104.5542,1,rev,-85.0,11.8,-52.36,-85.0,-54.741,192.0,64.0,-6.743,33.0,-100.0,-100.0,-100.0,0.0,0.0,-0.0,31.0,-100.0,-100.0,-100.0,-40.0,3.0,-0.0,31.0,-45.6,-45.0,-45.0,-32.0,2.0,-0.0,37.0,-96.401,-96.263,-96.263,-8.0,0.0,0.0,30.0,9.756,8.78,8.78,16.0,0.0,0.0,31.0,6.804,6.804,6.804,0.0,0.0,0.0,31.0
104.6071,1,rev,-85.0,11.8,-52.629,-85.0,-54.954,192.0,64.0,-5.732,33.0,-100.0,-100.0,-100.0,0.0,0.0,-0.0,31.0,-100.0,-100.0,-100.0,-40.0,3.0,-0.0,31.0,-45.6,-45.0,-45.0,-32.0,2.0,-0.0,37.0,-96.401,-96.263,-96.263,-8.0,0.0,0.0,30.0,9.756,8.78,8.78,16.0,0.0,0.0,31.0,6.804,6.804,6.804,0.0,0.0,0.0,31.0
104.6604,1,rev,-85.0,11.8,-52.719,-85.0,-55.168,192.0,64.0,-3.514,33.0,-100.0,-100.0,-100.0,0.0,0.0,-0.0,31.0,-100.0,-100.0,-100.0,-40.0,3.0,-0.0,31.0,-45.6,-45.0,-45.0,-32.0,2.0,-0.0,37.0,-96.401,-96.263,-96.263,-8.0,0.0,0.0,30.0,9.756,8.78,8.78,16.0,0.0,0.0,31.0,6.804,6.804,6.804,0.0,0.0,0.0,31.0
104.7125,1,rev,-85.0,11.8,-52.719,-85.0,-55.383,192.0,64.0,-1.722,33.0,-100.0,-100.0,-100.0,0.0,0.0,-0.0,31.0,-100.0,-100.0,-100.0,-40.0,3.0,-0.0,31.0,-45.6,-45.0,-45.0,-32.0,2.0,-0.0,37.0,-96.401,-96.263,-96.263,-8.0,0.0,0.0,30.0,9.756,8.78,8.78,16.0,0.0,0.0,31.0,6.804,6.804,6.804,0.0,0.0,0.0,31.0
104.7657,1,rev,-85.0,11.8,-53.079,-85.0,-55.596,192.0,64.0,-4.279,33.0,-100.0,-100.0,-100.0,0.0,0.0,-0.0,31.0,-100.0,-100.0,-100.0,-40.0,3.0,-0.0,31.0,-45.6,-45.0,-45.0,-32.0,2.0,-0.0,37.0,-96.401,-96.263,-96.263,-8.0,0.0,0.0,30.0,9.756,8.78,8.78,16.0,0.0,0.0,31.0,6.804,6.804,6.804,0.0,0.0,0.0,31.0
104.8191,1,rev,-85.0,11.8,-53.258,-85.0,-55.83,212.0,81.0,-3.917,33.0,-100.0,-100.0,-100.0,0.0,0.0,-0.0,31.0,-100.0,-100.0,-100.0,-40.0,3.0,-0.0,31.0,-45.6,-45.0,-45.0,-32.0,2.0,-0.0,37.0,-96.401,-96.263,-96.263,-8.0,0.0,0.0,30.0,9.756,8.78,8.78,16.0,1.0,0.0,31.0,6.804,6.804,6.804,0.0,0.0,0.0,31.0
104.8724,1,rev,-85.0,11.8,-53.618,-85.0,-56.043,212.0,81.0,-5.667,33.0,-100.0,-100.0,-100.0,0.0,0.0,-0.0,31.0,-100.0,-100.0,-100.0,-40.0,3.0,-0.0,31.0,-45.6,-45.0,-45.0,-32.0,2.0,-0.0,37.0,-96.401,-96.263,-96.263,-8.0,0.0,0.0,30.0,9.756,8.78,8.78,16.0,1.0,0.0,31.0,6.804,6.804,6.804,0.0,0.0,0.0,31.0
104.9244,1,rev,-85.0,11.8,-53.888,-85.0,-56.257,212.0,81.0,-5.175,33.0,-100.0,-100.0,-100.0,0.0,0.0,-0.0,31.0,-100.0,-100.0,-100.0,-40.0,3.0,-0.0,31.0,-45.6,-45.0,-45.0,-32.0,2.0,-0.0,37.0,-96.401,-96.263,-96.263,-8.0,0.0,0.0,30.0,9.756,8.78,8.78,16.0,1.0,0.0,31.0,6.804,6.804,6.804,0.0,0.0,0.0,31.0
104.9764,1,rev,-85.0,11.8,-54.067,-85.0,-56.473,212.0,81.0,-4.253,33.0,-100.0,-100.0,-100.0,0.0,0.0,-0.0,31.0,-100.0,-100.0,-100.0,-40.0,3.0,-0.0,31.0,-45.6,-45.0,-45.0,-32.0,2.0,-0.0,37.0,-96.401,-96.263,-96.263,-8.0,0.0,0.0,30.0,9.756,8.78,8.78,16.0,1.0,0.0,31.0,6.804,6.804,6.804,0.0,0.0,0.0,31.0
105.0288,1,rev,-85.0,11.8,-54.067,-85.0,-56.687,212.0,81.0,-2.084,33.0,-100.0,-100.0,-100.0,0.0,0.0,-0.0,31.0,-100.0,-100.0,-100.0,-40.0,3.0,-0.0,31.0,-45.6,-45.0,-45.0,-32.0,2.0,-0.0,37.0,-96.401,-96.263,-96.263,-8.0,0.0,0.0,30.0,9.756,8.78,8.78,16.0,1.0,0.0,31.0,6.804,6.804,6.804,0.0,0.0,0.0,31.0
105.082,1,rev,-85.0,11.8,-54.067,-85.0,-56.902,212.0,81.0,-1.021,33.0,-100.0,-100.0,-100.0,0.0,0.0,-0.0,31.0,-100.0,-100.0,-100.0,-40.0,3.0,-0.0,31.0,-45.6,-45.0,-45.0,-32.0,2.0,-0.0,37.0,-96.401,-96.263,-96.263,-8.0,0.0,0.0,30.0,9.756,8.78,8.78,16.0,1.0,0.0,31.0,6.804,6.804,6.804,0.0,0.0,0.0,31.0
105.1353,1,rev,-85.0,11.8,-54.067,-85.0,-57.115,212.0,81.0,-0.5,33.0,-100.0,-100.0,-100.0,0.0,0.0,-0.0,31.0,-100.0,-100.0,-100.0,-40.0,3.0,-0.0,31.0,-45.6,-45.0,-45.0,-32.0,2.0,-0.0,37.0,-96.401,-96.263,-96.263,-8.0,0.0,0.0,30.0,9.756,8.78,8.78,16.0,1.0,0.0,31.0,6.804,6.804,6.804,0.0,0.0,0.0,31.0
105.1889,1,rev,-85.0,11.8,-54.427,-85.0,-57.328,212.0,81.0,-3.984,33.0,-100.0,-100.0,-100.0,0.0,0.0,-0.0,31.0,-100.0,-100.0,-100.0,-40.0,3.0,-0.0,31.0,-45.6,-45.0,-45.0,-32.0,2.0,-0.0,37.0,-96.401,-96.263,-96.263,-8.0,0.0,0.0,30.0,9.756,8.78,8.78,16.0,1.0,0.0,31.0,6.804,6.804,6.804,0.0,0.0,0.0,31.0
105.2422,1,rev,-85.0,11.8,-54.697,-85.0,-57.541,212.0,81.0,-4.083,33.0,-100.0,-100.0,-100.0,0.0,0.0,-0.0,31.0,-100.0,-100.0,-100.0,-40.0,3.0,-0.0,31.0,-45.6,-45.0,-45.0,-32.0,2.0,-0.0,37.0,-96.401,-96.263,-96.263,-8.0,0.0,0.0,30.0,9.756,8.78,8.78,16.0,1.0,0.0,31.0,6.804,6.804,6.804,0.0,0.0,0.0,31.0
105.2946,1,rev,-85.0,11.8,-55.236,-85.0,-57.755,212.0,81.0,-7.795,33.0,-100.0,-100.0,-100.0,0.0,0.0,-0.0,31.0,-100.0,-100.0,-100.0,-40.0,3.0,-0.0,31.0,-45.6,-45.0,-45.0,-32.0,2.0,-0.0,37.0,-96.401,-96.263,-96.263,-8.0,0.0,0.0,30.0,9.756,8.78,8.78,16.0,1.0,0.0,31.0,6.804,6.804,6.804,0.0,0.0,0.0,31.0
105.347,1,rev,-85.0,11.8,-55.416,-85.0,-57.861,212.0,81.0,-7.453,33.0,-100.0,-100.0,-100.0,0.0,0.0,-0.0,31.0,-100.0,-100.0,-100.0,-40.0,3.0,-0.0,31.0,-45.6,-45.0,-45.0,-32.0,2.0,-0.0,37.0,-96.401,-96.263,-96.263,-8.0,0.0,0.0,30.0,9.756,8.78,8.78,16.0,1.0,0.0,31.0,6.804,6.804,6.804,0.0,0.0,0.0,31.0
105.3996,1,rev,-85.0,11.8,-55.506,-85.0,-58.209,208.0,82.0,-5.666,33.0,-100.0,-100.0,-100.0,0.0,0.0,-0.0,31.0,-100.0,-100.0,-100.0,-40.0,3.0,-0.0,31.0,-45.6,-45.0,-45.0,-32.0,2.0,-0.0,37.0,-96.401,-96.263,-96.263,-8.0,0.0,0.0,30.0,9.756,8.78,8.78,16.0,0.0,0.0,31.0,6.804,6.804,6.804,0.0,0.0,0.0,31.0
105.4532,1,rev,-85.0,11.8,-55.775,-85.0,-58.425,208.0,82.0,-5.5,33.0,-100.0,-100.0,-100.0,0.0,0.0,-0.0,31.0,-100.0,-100.0,-100.0,-40.0,3.0,-0.0,31.0,-45.6,-45.0,-45.0,-32.0,2.0,-0.0,37.0,-96.401,-96.263,-96.263,-8.0,0.0,0.0,30.0,9.756,8.78,8.78,16.0,0.0,0.0,31.0,6.804,6.804,6.804,0.0,0.0,0.0,31.0
105.5055,1,rev,-85.0,11.8,-55.955,-85.0,-58.533,208.0,82.0,-4.407,33.0,-100.0,-100.0,-100.0,0.0,0.0,-0.0,31.0,-100.0,-100.0,-100.0,-40.0,3.0,-0.0,31.0,-45.6,-45.0,-45.0,-32.0,2.0,-0.0,37.0,-96.401,-96.263,-96.263,-8.0,0.0,0.0,30.0,9.756,8.78,8.78,16.0,0.0,0.0,31.0,6.804,6.804,6.804,0.0,0.0,0.0,31.0
105.559,1,rev,-85.0,11.8,-55.955,-85.0,-58.756,208.0,82.0,-2.159,33.0,-100.0,-100.0,-100.0,0.0,0.0,-0.0,31.0,-100.0,-100.0,-100.0,-40.0,3.0,-0.0,31.0,-45.6,-45.0,-45.0,-32.0,2.0,-0.0,37.0,-96.401,-96.263,-96.263,-8.0,0.0,0.0,30.0,9.756,8.78,8.78,16.0,0.0,0.0,31.0,6.804,6.804,6.804,0.0,0.0,0.0,31.0
105.6123,1,rev,-85.0,11.8,-56.135,-85.0,-58.969,208.0,82.0,-2.476,33.0,-100.0,-100.0,-100.0,0.0,0.0,-0.0,31.0,-100.0,-100.0,-100.0,-40.0,3.0,-0.0,31.0,-45.6,-45.0,-45.0,-32.0,2.0,-0.0,37.0,-96.401,-96.263,-96.263,-8.0,0.0,0.0,30.0,9.756,8.78,8.78,16.0,0.0,0.0,31.0,6.804,6.804,6.804,0.0,0.0,0.0,31.0
105.6646,1,rev,-85.0,11.8,-56.584,-85.0,-59.183,208.0,82.0,-5.987,33.0,-100.0,-100.0,-100.0,0.0,0.0,-0.0,31.0,-100.0,-100.0,-100.0,-40.0,3.0,-0.0,31.0,-45.6,-45.0,-45.0,-32.0,2.0,-0.0,37.0,-96.401,-96.263,-96.263,-8.0,0.0,0.0,30.0,9.756,8.78,8.78,16.0,0.0,0.0,31.0,6.804,6.804,6.804,0.0,0.0,0.0,31.0
105.718,1,rev,-85.0,11.8,-56.854,-85.0,-59.396,208.0,82.0,-5.654,33.0,-100.0,-100.0,-100.0,0.0,0.0,-0.0,31.0,-100.0,-100.0,-100.0,-40.0,3.0,-0.0,31.0,-45.6,-45.0,-45.0,-32.0,2.0,-0.0,37.0,-96.401,-96.263,-96.263,-8.0,0.0,0.0,30.0,9.756,8.78,8.78,16.0,0.0,0.0,31.0,6.804,6.804,6.804,0.0,0.0,0.0,31.0
105.772,1,rev,-85.0,11.8,-56.944,-85.0,-59.614,208.0,82.0,-3.785,33.0,-100.0,-100.0,-100.0,0.0,0.0,-0.0,31.0,-100.0,-100.0,-100.0,-40.0,3.0,-0.0,31.0,-45.6,-45.0,-45.0,-32.0,2.0,-0.0,37.0,-96.401,-96.263,-96.263,-8.0,0.0,0.0,30.0,9.756,8.78,8.78,16.0,0.0,0.0,31.0,6.804,6.804,6.804,0.0,0.0,0.0,31.0
105.8254,1,rev,-85.0,11.8,-57.124,-85.0,-59.826,208.0,82.0,-3.89,33.0,-100.0,-100.0,-100.0,0.0,0.0,-0.0,31.0,-100.0,-100.0,-100.0,-40.0,3.0,-0.0,31.0,-45.6,-45.0,-45.0,-32.0,2.0,-0.0,37.0,-96.401,-96.263,-96.263,-8.0,0.0,0.0,30.0,9.756,8.78,8.78,16.0,0.0,0.0,31.0,6.804,6.804,6.804,0.0,0.0,0.0,31.0
105.8775,1,rev,-85.0,11.8,-57.393,-85.0,-60.038,208.0,82.0,-4.346,33.0,-100.0,-100.0,-100.0,0.0,0.0,-0.0,31.0,-100.0,-100.0,-100.0,-40.0,3.0,-0.0,31.0,-45.6,-45.0,-45.0,-32.0,2.0,-0.0,37.0,-96.401,-96.263,-96.263,-8.0,0.0,0.0,30.0,9.756,8.78,8.78,16.0,0.0,0.0,31.0,6.804,6.804,6.804,0.0,0.0,0.0,31.0
105.9298,1,rev,-85.0,11.8,-57.393,-85.0,-60.145,232.0,90.0,-3.042,33.0,-100.0,-100.0,-100.0,0.0,0.0,-0.0,31.0,-100.0,-100.0,-100.0,-40.0,3.0,-0.0,31.0,-45.6,-45.0,-45.0,-32.0,2.0,-0.0,37.0,-96.401,-96.263,-96.263,-8.0,1.0,0.0,30.0,9.756,8.78,8.78,16.0,0.0,0.0,31.0,6.804,6.804,6.804,0.0,0.0,0.0,31.0
105.9828,1,rev,-85.0,11.8,-57.663,-85.0,-60.476,232.0,90.0,-3.163,33.0,-100.0,-100.0,-100.0,0.0,0.0,-0.0,31.0,-100.0,-100.0,-100.0,-40.0,3.0,-0.0,31.0,-45.6,-45.0,-45.0,-32.0,2.0,-0.0,37.0,-96.401,-96.263,-96.263,-8.0,1.0,0.0,30.0,9.756,8.78,8.78,16.0,0.0,0.0,31.0,7.01,6.804,6.804,0.0,0.0,0.767,31.0
106.0363,1,rev,-85.0,11.8,-58.202,-85.0,-60.692,232.0,90.0,-6.37,33.0,-100.0,-100.0,-100.0,0.0,0.0,-0.0,31.0,-100.0,-100.0,-100.0,-40.0,3.0,-0.0,31.0,-45.6,-45.0,-45.0,-32.0,2.0,-0.0,37.0,-96.401,-96.263,-96.263,-8.0,1.0,0.0,30.0,9.756,8.78,8.78,16.0,0.0,0.0,31.0,6.804,6.804,6.804,0.0,0.0,-1.227,31.0
106.0886,1,rev,-85.0,11.8,-58.292,-85.0,-60.906,232.0,90.0,-3.825,33.0,-100.0,-100.0,-100.0,0.0,0.0,-0.0,31.0,-100.0,-100.0,-100.0,-40.0,3.0,-0.0,31.0,-45.6,-45.0,-45.0,-32.0,2.0,-0.0,37.0,-96.401,-96.263,-96.263,-8.0,1.0,0.0,30.0,9.756,8.78,8.78,16.0,0.0,0.0,31.0,6.804,6.804,6.804,0.0,0.0,-0.601,31.0
106.1419,1,rev,-85.0,11.8,-58.382,-85.0,-61.12,232.0,90.0,-2.588,33.0,-100.0,-100.0,-100.0,0.0,0.0,-0.0,31.0,-100.0,-100.0,-100.0,-40.0,3.0,-0.0,31.0,-45.6,-45.0,-45.0,-32.0,2.0,-0.0,37.0,-96.401,-96.263,-96.263,-8.0,1.0,0.0,30.0,9.756,8.78,8.78,16.0,0.0,0.0,31.0,6.804,6.804,6.804,0.0,0.0,-0.295,31.0
106.1948,1,rev,-85.0,11.8,-58.382,-85.0,-61.334,232.0,90.0,-1.268,33.0,-100.0,-100.0,-100.0,0.0,0.0,-0.0,31.0,-100.0,-100.0,-100.0,-40.0,3.0,-0.0,31.0,-45.6,-45.0,-45.0,-32.0,2.0,-0.0,37.0,-96.401,-96.263,-96.263,-8.0,1.0,0.0,30.0,9.756,8.78,8.78,16.0,0.0,0.0,31.0,6.804,6.804,6.804,0.0,0.0,-0.144,31.0
106.2479,1,rev,-85.0,11.8,-58.652,-85.0,-61.547,232.0,90.0,-3.297,33.0,-100.0,-100.0,-100.0,0.0,0.0,-0.0,31.0,-100.0,-100.0,-100.0,-40.0,3.0,-0.0,31.0,-45.6,-45.0,-45.0,-32.0,2.0,-0.0,37.0,-96.401,-96.263,-96.263,-8.0,1.0,0.0,30.0,9.756,8.78,8.78,16.0,0.0,0.0,31.0,6.804,6.804,6.804,0.0,0.0,-0.071,31.0
106.3012,1,rev,-85.0,11.8,-58.831,-85.0,-61.764,232.0,90.0,-3.027,33.0,-99.82,-100.0,-100.0,0.0,0.0,2.033,31.0,-100.0,-100.0,-100.0,-40.0,3.0,-0.0,31.0,-45.6,-45.0,-45.0,-32.0,2.0,-0.0,37.0,-96.401,-96.263,-96.263,-8.0,1.0,0.0,30.0,9.756,8.78,8.78,16.0,0.0,0.0,31.0,6.804,6.804,6.804,0.0,0.0,-0.035,31.0
106.3544,1,rev,-85.0,11.8,-59.101,-85.0,-61.977,232.0,90.0,-3.912,33.0,-100.0,-100.0,-100.0,0.0,0.0,-0.422,31.0,-100.0,-100.0,-100.0,-40.0,3.0,-0.0,31.0,-45.6,-45.0,-45.0,-32.0,2.0,-0.0,37.0,-96.401,-96.263,-96.263,-8.0,1.0,0.0,30.0,9.756,8.78,8.78,16.0,0.0,0.0,31.0,6.804,6.804,6.804,0.0,0.0,-0.017,31.0
106.4065,1,rev,-85.0,11.8,-59.64,-85.0,-62.19,232.0,90.0,-6.788,33.0,-100.0,-100.0,-100.0,0.0,0.0,-0.207,31.0,-100.0,-100.0,-100.0,-40.0,3.0,-0.0,31.0,-45.6,-45.0,-45.0,-32.0,2.0,-0.0,37.0,-96.401,-96.263,-96.263,-8.0,1.0,0.0,30.0,9.756,8.78,8.78,16.0,0.0,0.0,31.0,6.804,6.804,6.804,0.0,0.0,-0.008,31.0
106.4598,1,rev,-85.0,11.8,-59.82,-85.0,-62.402,232.0,90.0,-4.745,33.0,-100.0,-100.0,-100.0,0.0,0.0,-0.101,31.0,-100.0,-100.0,-100.0,-40.0,3.0,-0.0,31.0,-45.6,-45.0,-45.0,-32.0,2.0,-0.0,37.0,-96.401,-96.263,-96.263,-8.0,1.0,0.0,30.0,9.756,8.78,8.78,16.0,0.0,0.0,31.0,6.804,6.804,6.804,0.0,0.0,-0.004,31.0
106.5131,1,rev,-85.0,11.7,-59.82,-85.0,-62.642,224.0,89.0,-4.745,33.0,-100.0,-100.0,-100.0,0.0,0.0,-0.101,31.0,-100.0,-100.0,-100.0,-48.0,4.0,-0.0,31.0,-45.6,-45.0,-45.0,-32.0,2.0,-0.0,37.0,-96.401,-96.263,-96.263,-8.0,0.0,0.0,30.0,9.756,8.78,8.78,16.0,1.0,0.0,31.0,6.804,6.804,6.804,0.0,0.0,-0.004,31.0
106.5656,1,rev,-85.0,11.7,-59.91,-85.0,-62.866,224.0,89.0,-2.626,33.0,-100.0,-100.0,-100.0,0.0,0.0,-0.05,31.0,-100.0,-100.0,-100.0,-48.0,4.0,-0.0,31.0,-45.6,-45.0,-45.0,-32.0,2.0,-0.0,37.0,-96.401,-96.263,-96.263,-8.0,0.0,0.0,30.0,9.756,8.78,8.78,16.0,1.0,0.0,31.0,6.804,6.804,6.804,0.0,0.0,-0.002,31.0
106.6192,1,rev,-85.0,11.7,-60.18,-85.0,-63.089,224.0,89.0,-3.97,33.0,-100.0,-100.0,-100.0,0.0,0.0,-0.024,31.0,-100.0,-100.0,-100.0,-48.0,4.0,-0.0,31.0,-45.6,-45.0,-45.0,-32.0,2.0,-0.0,37.0,-96.401,-96.263,-96.263,-8.0,0.0,0.0,30.0,9.756,8.78,8.78,16.0,1.0,0.0,31.0,6.804,6.804,6.804,0.0,0.0,-0.001,31.0
106.6714,1,rev,-85.0,11.7,-60.36,-85.0,-63.197,224.0,89.0,-3.655,33.0,-100.0,-100.0,-100.0,0.0,0.0,-0.012,31.0,-100.0,-100.0,-100.0,-48.0,4.0,-0.0,31.0,-45.6,-45.0,-45.0,-32.0,2.0,-0.0,37.0,-96.401,-96.263,-96.263,-8.0,0.0,0.0,30.0,9.756,8.78,8.78,16.0,1.0,0.0,31.0,6.804,6.804,6.804,0.0,0.0,-0.0,31.0
106.7248,1,rev,-85.0,11.7,-60.539,-85.0,-63.419,224.0,89.0,-3.446,33.0,-100.0,-100.0,-100.0,0.0,0.0,-0.006,31.0,-100.0,-100.0,-100.0,-48.0,4.0,-0.0,31.0,-45.6,-45.0,-45.0,-32.0,2.0,-0.0,37.0,-96.401,-96.263,-96.263,-8.0,0.0,0.0,30.0,9.756,8.78,8.78,16.0,1.0,0.0,31.0,6.804,6.804,6.804,0.0,0.0,-0.0,31.0
106.7788,1,rev,-85.0,11.7,-61.169,-85.0,-63.635,224.0,89.0,-7.218,33.0,-100.0,-100.0,-100.0,0.0,0.0,-0.003,31.0,-100.0,-100.0,-100.0,-48.0,4.0,-0.0,31.0,-45.6,-45.0,-45.0,-32.0,2.0,-0.0,37.0,-96.401,-96.263,-96.263,-8.0,0.0,0.0,30.0,9.756,8.78,8.78,16.0,1.0,0.0,31.0,6.804,6.804,6.804,0.0,0.0,-0.0,31.0
106.8319,1,rev,-85.0,11.7,-61.258,-85.0,-63.848,224.0,89.0,-4.542,33.0,-100.0,-100.0,-100.0,0.0,0.0,-0.001,31.0,-100.0,-100.0,-100.0,-48.0,4.0,-0.0,31.0,-45.6,-45.0,-45.0,-32.0,2.0,-0.0,37.0,-96.401,-96.263,-96.263,-8.0,0.0,0.0,30.0,9.756,8.78,8.78,16.0,1.0,0.0,31.0,6.804,6.804,6.804,0.0,0.0,-0.0,31.0
106.8852,1,rev,-85.0,11.7,-61.258,-85.0,-64.062,224.0,89.0,-2.226,33.0,-100.0,-100.0,-100.0,0.0,0.0,-0.001,31.0,-100.0,-100.0,-100.0,-48.0,4.0,-0.0,31.0,-45.6,-45.0,-45.0,-32.0,2.0,-0.0,37.0,-96.401,-96.263,-96.263,-8.0,0.0,0.0,30.0,9.756,8.78,8.78,16.0,1.0,0.0,31.0,7.01,6.804,6.804,0.0,0.0,2.306,31.0
106.9379,1,rev,-85.0,11.7,-61.258,-85.0,-64.276,224.0,89.0,-1.091,33.0,-99.82,-100.0,-100.0,0.0,0.0,1.408,31.0,-100.0,-100.0,-100.0,-48.0,4.0,-0.0,31.0,-45.6,-45.0,-45.0,-32.0,2.0,-0.0,37.0,-96.401,-96.263,-96.263,-8.0,0.0,0.0,30.0,9.756,8.78,8.78,16.0,1.0,0.0,31.0,6.804,6.804,6.804,0.0,0.0,-0.482,31.0
106.9911,1,rev,-85.0,11.7,-61.258,-85.0,-64.491,224.0,89.0,-0.534,33.0,-100.0,-100.0,-100.0,0.0,0.0,-1.329,31.0,-100.0,-100.0,-100.0,-48.0,4.0,-0.0,31.0,-45.6,-45.0,-45.0,-32.0,2.0,-0.0,37.0,-96.401,-96.263,-96.263,-8.0,0.0,0.0,30.0,9.756,8.78,8.78,16.0,1.0,0.0,31.0,6.804,6.804,6.804,0.0,0.0,-0.236,31.0
107.0435,1,rev,-85.0,11.7,-61.708,-85.0,-64.705,224.0,89.0,-5.023,33.0,-100.0,-100.0,-100.0,0.0,0.0,-0.651,31.0,-100.0,-100.0,-100.0,-48.0,4.0,-0.0,31.0,-45.6,-45.0,-45.0,-32.0,2.0,-0.0,37.0,-96.401,-96.263,-96.263,-8.0,0.0,0.0,30.0,9.756,8.78,8.78,16.0,1.0,0.0,31.0,6.804,6.804,6.804,0.0,0.0,-0.116,31.0
107.0969,1,rev,-85.0,11.7,-61.888,-85.0,-64.942,264.0,114.0,-4.423,33.0,-100.0,-100.0,-100.0,0.0,0.0,-0.456,31.0,-100.0,-100.0,-100.0,-48.0,4.0,-0.0,31.0,-45.6,-45.0,-45.0,-32.0,2.0,-0.0,37.0,-96.401,-96.263,-96.263,-8.0,0.0,0.0,30.0,9.756,8.78,8.78,16.0,0.0,0.0,31.0,6.804,6.804,6.804,0.0,0.0,-0.081,31.0
107.1503,1,rev,-85.0,11.7,-62.427,-85.0,-65.157,264.0,114.0,-7.328,33.0,-100.0,-100.0,-100.0,0.0,0.0,-0.223,31.0,-100.0,-100.0,-100.0,-48.0,4.0,-0.0,31.0,-45.6,-45.0,-45.0,-32.0,2.0,-0.0,37.0,-96.401,-96.263,-96.263,-8.0,0.0,0.0,30.0,9.756,8.78,8.78,16.0,0.0,0.0,31.0,6.804,6.804,6.804,0.0,0.0,-0.04,31.0
107.2026,1,rev,-85.0,11.7,-62.697,-85.0,-65.37,264.0,114.0,-6.006,33.0,-100.0,-100.0,-100.0,0.0,0.0,-0.109,31.0,-100.0,-100.0,-100.0,-48.0,4.0,-0.0,31.0,-45.6,-45.0,-45.0,-32.0,2.0,-0.0,37.0,-96.401,-96.263,-96.263,-8.0,0.0,0.0,30.0,9.756,8.78,8.78,16.0,0.0,0.0,31.0,6.804,6.804,6.804,0.0,0.0,-0.019,31.0
107.2547,1,rev,-85.0,11.7,-62.697,-85.0,-65.584,264.0,114.0,-2.943,33.0,-100.0,-100.0,-100.0,0.0,0.0,-0.054,31.0,-100.0,-100.0,-100.0,-48.0,4.0,-0.0,31.0,-45.6,-45.0,-45.0,-32.0,2.0,-0.0,37.0,-96.401,-96.263,-96.263,-8.0,0.0,0.0,30.0,9.756,8.78,8.78,16.0,0.0,0.0,31.0,6.804,6.804,6.804,0.0,0.0,-0.01,31.0
107.3077,1,rev,-85.0,11.7,-62.697,-85.0,-65.796,264.0,114.0,-1.442,33.0,-99.82,-100.0,-100.0,0.0,0.0,2.018,31.0,-100.0,-100.0,-100.0,-48.0,4.0,-0.0,31.0,-45.6,-45.0,-45.0,-32.0,2.0,-0.0,37.0,-96.401,-96.263,-96.263,-8.0,0.0,0.0,30.0,9.756,8.78,8.78,16.0,0.0,0.0,31.0,6.804,6.804,6.804,0.0,0.0,-0.005,31.0
107.3605,1,rev,-85.0,11.7,-62.697,-85.0,-66.009,264.0,114.0,-0.707,33.0,-99.82,-100.0,-100.0,0.0,0.0,0.989,31.0,-100.0,-100.0,-100.0,-48.0,4.0,-0.0,31.0,-45.6,-45.0,-45.0,-32.0,2.0,-0.0,37.0,-96.401,-96.263,-96.263,-8.0,0.0,0.0,30.0,9.756,8.78,8.78,16.0,0.0,0.0,31.0,6.804,6.804,6.804,0.0,0.0,-0.002,31.0
107.4134,1,rev,-85.0,11.7,-63.146,-85.0,-66.223,264.0,114.0,-4.502,33.0,-100.0,-100.0,-100.0,0.0,0.0,-0.941,31.0,-100.0,-100.0,-100.0,-48.0,4.0,-0.0,31.0,-45.6,-45.0,-45.0,-32.0,2.0,-0.0,37.0,-96.401,-96.263,-96.263,-8.0,0.0,0.0,30.0,9.756,8.78,8.78,16.0,0.0,0.0,31.0,6.804,6.804,6.804,0.0,0.0,-0.001,31.0
107.4664,1,rev,-85.0,11.7,-63.326,-85.0,-66.436,264.0,114.0,-3.921,33.0,-100.0,-100.0,-100.0,0.0,0.0,-0.461,31.0,-100.0,-100.0,-100.0,-48.0,4.0,-0.0,31.0,-45.6,-45.0,-45.0,-32.0,2.0,-0.0,37.0,-96.401,-96.263,-96.263,-8.0,0.0,0.0,30.0,9.756,8.78,8.78,16.0,0.0,0.0,31.0,6.804,6.804,6.804,0.0,0.0,-0.001,31.0
107.5186,1,rev,-85.0,11.7,-63.955,-85.0,-66.65,264.0,114.0,-8.059,33.0,-100.0,-100.0,-100.0,0.0,0.0,-0.226,31.0,-100.0,-100.0,-100.0,-48.0,4.0,-0.0,31.0,-45.6,-45.0,-45.0,-32.0,2.0,-0.0,37.0,-96.401,-96.263,-96.263,-8.0,0.0,0.0,30.0,9.756,8.78,8.78,16.0,0.0,0.0,31.0,6.804,6.804,6.804,0.0,0.0,-0.0,31.0
107.5721,1,rev,-85.0,11.7,-64.135,-85.0,-66.864,264.0,114.0,-5.667,33.0,-100.0,-100.0,-100.0,0.0,0.0,-0.111,31.0,-100.0,-100.0,-100.0,-48.0,4.0,-0.0,31.0,-45.6,-45.0,-45.0,-32.0,2.0,-0.0,37.0,-96.401,-96.263,-96.263,-8.0,0.0,0.0,30.0,9.756,8.78,8.78,16.0,0.0,0.0,31.0,6.804,6.804,6.804,0.0,0.0,-0.0,31.0
107.6245,1,rev,-85.0,11.7,-64.135,-85.0,-66.971,264.0,114.0,-3.967,33.0,-100.0,-100.0,-100.0,0.0,0.0,-0.078,31.0,-100.0,-100.0,-100.0,-48.0,4.0,-0.0,31.0,-45.6,-45.0,-45.0,-32.0,2.0,-0.0,37.0,-96.401,-96.263,-96.263,-8.0,0.0,0.0,30.0,9.756,8.78,8.78,16.0,0.0,0.0,31.0,6.804,6.804,6.804,0.0,0.0,-0.0,31.0
107.6779,1,rev,-85.0,11.7,-64.135,-85.0,-67.317,252.0,109.0,-2.777,33.0,-100.0,-100.0,-100.0,0.0,0.0,-0.054,31.0,-100.0,-100.0,-100.0,-48.0,4.0,-0.0,31.0,-45.6,-45.0,-45.0,-32.0,2.0,-0.0,37.0,-96.401,-96.263,-96.263,-8.0,0.0,0.0,30.0,9.756,8.78,8.78,16.0,0.0,0.0,31.0,6.804,6.804,6.804,0.0,0.0,-0.0,31.0
107.7313,1,rev,-85.0,11.7,-64.135,-85.0,-67.433,252.0,109.0,-1.361,33.0,-99.82,-100.0,-100.0,0.0,0.0,1.273,31.0,-100.0,-100.0,-100.0,-48.0,4.0,-0.0,31.0,-45.6,-45.0,-45.0,-32.0,2.0,-0.0,37.0,-96.401,-96.263,-96.263,-8.0,0.0,0.0,30.0,9.756,8.78,8.78,16.0,0.0,0.0,31.0,6.804,6.804,6.804,0.0,0.0,-0.0,31.0
107.7858,1,rev,-85.0,11.7,-64.584,-85.0,-67.652,252.0,109.0,-5.041,33.0,-100.0,-100.0,-100.0,0.0,0.0,-0.738,31.0,-100.0,-100.0,-100.0,-48.0,4.0,-0.0,31.0,-45.6,-45.0,-45.0,-32.0,2.0,-0.0,37.0,-96.401,-96.263,-96.263,-8.0,0.0,0.0,30.0,9.756,8.78,8.78,16.0,0.0,0.0,31.0,6.804,6.804,6.804,0.0,0.0,-0.0,31.0
107.8391,1,rev,-85.0,11.7,-64.764,-85.0,-67.876,252.0,109.0,-4.123,33.0,-100.0,-100.0,-100.0,0.0,0.0,-0.362,31.0,-100.0,-100.0,-100.0,-48.0,4.0,-0.0,31.0,-45.6,-45.0,-45.0,-32.0,2.0,-0.0,37.0,-96.401,-96.263,-96.263,-8.0,0.0,0.0,30.0,9.756,8.78,8.78,16.0,0.0,0.0,31.0,6.804,6.804,6.804,0.0,0.0,-0.0,31.0
107.8924,1,rev,-85.0,11.7,-65.393,-85.0,-68.091,252.0,109.0,-8.508,33.0,-100.0,-100.0,-100.0,0.0,0.0,-0.177,31.0,-100.0,-100.0,-100.0,-48.0,4.0,-0.0,31.0,-45.6,-45.0,-45.0,-32.0,2.0,-0.0,37.0,-96.401,-96.263,-96.263,-8.0,0.0,0.0,30.0,9.756,8.78,8.78,16.0,0.0,0.0,31.0,6.804,6.804,6.804,0.0,0.0,-0.0,31.0
107.9446,1,rev,-85.0,11.7,-65.573,-85.0,-68.303,252.0,109.0,-5.894,33.0,-100.0,-100.0,-100.0,0.0,0.0,-0.087,31.0,-100.0,-100.0,-100.0,-48.0,4.0,-0.0,31.0,-45.6,-45.0,-45.0,-32.0,2.0,-0.0,37.0,-96.401,-96.263,-96.263,-8.0,0.0,0.0,30.0,9.756,8.78,8.78,16.0,0.0,0.0,31.0,6.804,6.804,6.804,0.0,0.0,-0.0,31.0
107.9966,1,rev,-85.0,11.7,-65.573,-85.0,-68.518,252.0,109.0,-2.888,33.0,-99.82,-100.0,-100.0,0.0,0.0,1.349,31.0,-100.0,-100.0,-100.0,-48.0,4.0,-0.0,31.0,-45.6,-45.0,-45.0,-32.0,2.0,-0.0,37.0,-96.401,-96.263,-96.263,-8.0,0.0,0.0,30.0,9.756,8.78,8.78,16.0,0.0,0.0,31.0,7.01,6.804,6.804,0.0,0.0,2.296,31.0
108.0503,1,rev,-85.0,11.7,-65.573,-85.0,-68.732,252.0,109.0,-1.415,33.0,-100.0,-100.0,-100.0,0.0,0.0,-1.372,31.0,-100.0,-100.0,-100.0,-48.0,4.0,-0.0,31.0,-45.6,-45.0,-45.0,-32.0,2.0,-0.0,37.0,-96.401,-96.263,-96.263,-8.0,0.0,0.0,30.0,9.756,8.78,8.78,16.0,0.0,0.0,31.0,6.804,6.804,6.804,0.0,0.0,-0.51,31.0
108.1027,1,rev,-85.0,11.7,-65.663,-85.0,-68.944,252.0,109.0,-1.707,33.0,-100.0,-100.0,-100.0,0.0,0.0,-0.672,31.0,-100.0,-100.0,-100.0,-48.0,4.0,-0.0,31.0,-45.6,-45.0,-45.0,-32.0,2.0,-0.0,37.0,-96.401,-96.263,-96.263,-8.0,0.0,0.0,30.0,9.756,8.78,8.78,16.0,0.0,0.0,31.0,6.804,6.804,6.804,0.0,0.0,-0.25,31.0
108.1546,1,rev,-85.0,11.7,-66.022,-85.0,-69.157,252.0,109.0,-3.973,33.0,-99.82,-100.0,-100.0,0.0,0.0,1.699,31.0,-100.0,-100.0,-100.0,-48.0,4.0,-0.0,31.0,-45.6,-45.0,-45.0,-32.0,2.0,-0.0,37.0,-96.401,-96.263,-96.263,-8.0,0.0,0.0,30.0,9.756,8.78,8.78,16.0,0.0,0.0,31.0,6.804,6.804,6.804,0.0,0.0,-0.122,31.0
108.2077,1,rev,-85.0,11.7,-66.112,-85.0,-69.264,276.0,135.0,-3.78,33.0,-99.82,-100.0,-100.0,8.0,0.0,1.19,31.0,-100.0,-100.0,-100.0,-48.0,4.0,-0.0,31.0,-45.6,-45.0,-45.0,-32.0,2.0,-0.0,37.0,-96.401,-96.263,-96.263,-8.0,0.0,0.0,30.0,9.756,8.78,8.78,16.0,0.0,0.0,31.0,6.804,6.804,6.804,0.0,0.0,-0.086,31.0
108.2609,1,rev,-85.0,11.7,-66.921,-85.0,-69.597,276.0,135.0,-6.236,33.0,-100.0,-100.0,-100.0,8.0,0.0,-0.089,31.0,-100.0,-100.0,-100.0,-48.0,4.0,-0.0,31.0,-45.6,-45.0,-45.0,-32.0,2.0,-0.0,37.0,-96.401,-96.263,-96.263,-8.0,0.0,0.0,30.0,9.756,8.78,8.78,16.0,0.0,0.0,31.0,6.804,6.804,6.804,0.0,0.0,-0.042,31.0
108.3139,1,rev,-85.0,11.7,-67.011,-85.0,-69.81,276.0,135.0,-4.061,33.0,-100.0,-100.0,-100.0,8.0,0.0,-0.043,31.0,-100.0,-100.0,-100.0,-48.0,4.0,-0.0,31.0,-45.6,-45.0,-45.0,-32.0,2.0,-0.0,37.0,-96.401,-96.263,-96.263,-8.0,0.0,0.0,30.0,9.756,8.78,8.78,16.0,0.0,0.0,31.0,6.804,6.804,6.804,0.0,0.0,-0.021,31.0
108.367,1,rev,-85.0,11.7,-67.191,-85.0,-70.023,276.0,135.0,-4.017,33.0,-99.82,-100.0,-100.0,8.0,0.0,1.402,31.0,-100.0,-100.0,-100.0,-48.0,4.0,-0.0,31.0,-45.6,-45.0,-45.0,-32.0,2.0,-0.0,37.0,-96.401,-96.263,-96.263,-8.0,0.0,0.0,30.0,9.756,8.78,8.78,16.0,0.0,0.0,31.0,6.804,6.804,6.804,0.0,0.0,-0.01,31.0
108.4203,1,rev,-85.0,11.7,-67.371,-85.0,-70.236,276.0,135.0,-3.698,33.0,-99.82,-100.0,-100.0,8.0,0.0,0.687,31.0,-100.0,-100.0,-100.0,-48.0,4.0,-0.0,31.0,-45.6,-45.0,-45.0,-32.0,2.0,-0.0,37.0,-96.401,-96.263,-96.263,-8.0,0.0,0.0,30.0,9.756,8.78,8.78,16.0,0.0,0.0,31.0,6.804,6.804,6.804,0.0,0.0,-0.005,31.0
108.4726,1,rev,-85.0,11.7,-67.461,-85.0,-70.447,276.0,135.0,-2.832,33.0,-99.82,-100.0,-100.0,8.0,0.0,0.337,31.0,-100.0,-100.0,-100.0,-48.0,4.0,-0.0,31.0,-45.6,-45.0,-45.0,-32.0,2.0,-0.0,37.0,-96.401,-96.263,-96.263,-8.0,0.0,0.0,30.0,9.756,8.78,8.78,16.0,0.0,0.0,31.0,6.804,6.804,6.804,0.0,0.0,-0.002,31.0
108.5259,1,rev,-85.0,11.7,-67.64,-85.0,-70.659,276.0,135.0,-3.108,33.0,-99.82,-100.0,-100.0,8.0,0.0,0.165,31.0,-100.0,-100.0,-100.0,-48.0,4.0,-0.0,31.0,-45.6,-45.0,-45.0,-32.0,2.0,-0.0,37.0,-96.401,-96.263,-96.263,-8.0,0.0,0.0,30.0,9.756,8.78,8.78,16.0,0.0,0.0,31.0,6.804,6.804,6.804,0.0,0.0,-0.001,31.0
108.5794,1,rev,-85.0,11.7,-68.09,-85.0,-70.872,276.0,135.0,-6.551,33.0,-100.0,-100.0,-100.0,8.0,0.0,-1.351,31.0,-100.0,-100.0,-100.0,-48.0,4.0,-0.0,31.0,-45.6,-45.0,-45.0,-32.0,2.0,-0.0,37.0,-96.401,-96.263,-96.263,-8.0,0.0,0.0,30.0,9.756,8.78,8.78,16.0,0.0,0.0,31.0,7.01,6.804,6.804,0.0,0.0,2.306,31.0
108.6342,1,rev,-85.0,11.7,-68.27,-85.0,-71.085,276.0,135.0,-4.941,33.0,-99.82,-100.0,-100.0,8.0,0.0,1.374,31.0,-100.0,-100.0,-100.0,-48.0,4.0,-0.0,31.0,-45.6,-45.0,-45.0,-32.0,2.0,-0.0,37.0,-96.401,-96.263,-96.263,-8.0,0.0,0.0,30.0,9.756,8.78,8.78,16.0,0.0,0.0,31.0,7.01,6.804,6.804,0.0,0.0,1.13,31.0
108.6873,1,rev,-85.0,11.7,-68.36,-85.0,-71.298,276.0,135.0,-3.125,33.0,-99.82,-100.0,-100.0,8.0,0.0,0.673,31.0,-100.0,-100.0,-100.0,-48.0,4.0,-0.0,31.0,-45.6,-45.0,-45.0,-32.0,2.0,-0.0,37.0,-96.401,-96.263,-96.263,-8.0,0.0,0.0,30.0,9.756,8.78,8.78,16.0,0.0,0.0,31.0,6.804,6.804,6.804,0.0,0.0,-1.062,31.0
108.7398,1,rev,-85.0,11.7,-68.449,-85.0,-71.512,276.0,135.0,-2.238,33.0,-99.82,-100.0,-100.0,8.0,0.0,0.33,31.0,-100.0,-100.0,-100.0,-48.0,4.0,-0.0,31.0,-45.6,-45.0,-45.0,-32.0,2.0,-0.0,37.0,-96.401,-96.263,-96.263,-8.0,0.0,0.0,30.0,9.756,8.78,8.78,16.0,0.0,0.0,31.0,6.804,6.804,6.804,0.0,0.0,-0.521,31.0
108.7943,1,rev,-85.0,11.7,-68.719,-85.0,-71.751,268.0,127.0,-2.919,33.0,-99.82,-100.0,-100.0,8.0,0.0,0.231,31.0,-100.0,-100.0,-100.0,-48.0,4.0,-0.0,31.0,-45.6,-45.0,-45.0,-32.0,1.0,-0.0,37.0,-96.401,-96.263,-96.263,-8.0,0.0,0.0,30.0,9.756,8.78,8.78,16.0,0.0,0.0,31.0,6.804,6.804,6.804,0.0,0.0,-0.364,31.0
108.8465,1,rev,-85.0,11.7,-68.899,-85.0,-71.965,268.0,127.0,-3.148,33.0,-99.82,-100.0,-100.0,8.0,0.0,0.113,31.0,-100.0,-100.0,-100.0,-48.0,4.0,-0.0,31.0,-45.6,-45.0,-45.0,-32.0,1.0,-0.0,37.0,-96.401,-96.263,-96.263,-8.0,0.0,0.0,30.0,9.756,8.78,8.78,16.0,0.0,0.0,31.0,6.804,6.804,6.804,0.0,0.0,-0.179,31.0
108.8986,1,rev,-85.0,11.7,-69.169,-85.0,-72.178,268.0,127.0,-4.265,33.0,-99.82,-100.0,-100.0,8.0,0.0,0.055,31.0,-100.0,-100.0,-100.0,-48.0,4.0,-0.0,31.0,-45.6,-45.0,-45.0,-32.0,1.0,-0.0,37.0,-96.401,-96.263,-96.263,-8.0,0.0,0.0,30.0,9.756,8.78,8.78,16.0,0.0,0.0,31.0,6.804,6.804,6.804,0.0,0.0,-0.087,31.0
108.9518,1,rev,-85.0,11.7,-69.708,-85.0,-72.393,268.0,127.0,-7.213,33.0,-99.82,-100.0,-100.0,8.0,0.0,0.027,31.0,-100.0,-100.0,-100.0,-48.0,4.0,-0.0,31.0,-45.6,-45.0,-45.0,-32.0,1.0,-0.0,37.0,-96.401,-96.263,-96.263,-8.0,0.0,0.0,30.0,9.756,8.78,8.78,16.0,0.0,0.0,31.0,7.01,6.804,6.804,0.0,0.0,2.261,31.0
109.0045,1,rev,-85.0,11.7,-69.798,-85.0,-72.606,268.0,127.0,-4.246,33.0,-99.82,-100.0,-100.0,8.0,0.0,0.013,31.0,-100.0,-100.0,-100.0,-48.0,4.0,-0.0,31.0,-45.6,-45.0,-45.0,-32.0,1.0,-0.0,37.0,-96.401,-96.263,-96.263,-8.0,0.0,0.0,30.0,9.756,8.78,8.78,16.0,0.0,0.0,31.0,7.01,6.804,6.804,0.0,0.0,1.108,31.0
109.0578,1,rev,-85.0,11.7,-69.888,-85.0,-72.819,268.0,127.0,-2.794,33.0,-99.82,-100.0,-100.0,8.0,0.0,0.007,31.0,-100.0,-100.0,-100.0,-48.0,4.0,-0.0,31.0,-45.6,-45.0,-45.0,-32.0,1.0,-0.0,37.0,-96.401,-96.263,-96.263,-8.0,0.0,0.0,30.0,9.756,8.78,8.78,16.0,0.0,0.0,31.0,6.804,6.804,6.804,0.0,0.0,-1.094,31.0
109.1112,1,rev,-85.0,11.7,-69.888,-85.0,-73.031,268.0,127.0,-1.369,33.0,-99.82,-100.0,-100.0,8.0,0.0,0.003,31.0,-100.0,-100.0,-100.0,-48.0,4.0,-0.0,31.0,-45.6,-45.0,-45.0,-32.0,1.0,-0.0,37.0,-96.401,-96.263,-96.263,-8.0,0.0,0.0,30.0,9.756,8.78,8.78,16.0,0.0,0.0,31.0,6.804,6.804,6.804,0.0,0.0,-0.536,31.0
109.1638,1,rev,-85.0,11.7,-69.888,-85.0,-73.244,268.0,127.0,-0.958,33.0,-99.82,-100.0,-100.0,8.0,0.0,0.002,31.0,-100.0,-100.0,-100.0,-48.0,4.0,-0.0,31.0,-45.6,-45.0,-45.0,-32.0,1.0,-0.0,37.0,-96.401,-96.263,-96.263,-8.0,0.0,0.0,30.0,9.756,8.78,8.78,16.0,0.0,0.0,31.0,6.804,6.804,6.804,0.0,0.0,-0.375,31.0
109.2173,1,rev,-85.0,11.7,-70.157,-85.0,-73.469,268.0,127.0,-3.521,33.0,-99.82,-100.0,-100.0,8.0,0.0,0.001,31.0,-100.0,-100.0,-100.0,-48.0,4.0,-0.0,31.0,-45.6,-45.0,-45.0,-32.0,1.0,-0.0,37.0,-96.401,-96.263,-96.263,-8.0,0.0,0.0,30.0,9.756,8.78,8.78,16.0,0.0,0.0,31.0,6.804,6.804,6.804,0.0,0.0,-0.184,31.0
109.271,1,rev,-85.0,11.7,-70.427,-85.0,-73.695,268.0,127.0,-4.362,33.0,-99.82,-100.0,-100.0,8.0,0.0,0.001,31.0,-100.0,-100.0,-100.0,-48.0,4.0,-0.0,31.0,-45.6,-45.0,-45.0,-32.0,1.0,-0.0,37.0,-96.401,-96.263,-96.263,-8.0,0.0,0.0,30.0,9.756,8.78,8.78,16.0,0.0,0.0,31.0,6.804,6.804,6.804,0.0,0.0,-0.09,31.0
109.3238,1,rev,-85.0,11.7,-70.697,-85.0,-73.806,268.0,127.0,-5.202,33.0,-99.82,-100.0,-100.0,8.0,0.0,0.0,31.0,-100.0,-100.0,-100.0,-48.0,4.0,-0.0,31.0,-45.6,-45.0,-45.0,-32.0,1.0,-0.0,37.0,-96.401,-96.263,-96.263,-8.0,0.0,0.0,30.0,9.756,8.78,8.78,16.0,0.0,0.0,31.0,6.804,6.804,6.804,0.0,0.0,-0.044,31.0
109.3773,1,rev,-85.0,11.7,-71.146,-85.0,-74.047,256.0,109.0,-5.877,33.0,-99.82,-100.0,-100.0,8.0,0.0,0.0,31.0,-100.0,-100.0,-100.0,-56.0,6.0,-0.0,31.0,-45.6,-45.0,-45.0,-32.0,2.0,-0.0,37.0,-96.401,-96.263,-96.263,-8.0,0.0,0.0,30.0,9.756,8.78,8.78,16.0,1.0,0.0,31.0,7.01,6.804,6.804,0.0,0.0,0.995,31.0
109.4304,1,rev,-85.0,11.7,-71.236,-85.0,-74.26,256.0,109.0,-3.588,33.0,-99.82,-100.0,-100.0,8.0,0.0,0.0,31.0,-100.0,-100.0,-100.0,-56.0,6.0,-0.0,31.0,-45.6,-45.0,-45.0,-32.0,2.0,-0.0,37.0,-96.401,-96.263,-96.263,-8.0,0.0,0.0,30.0,9.756,8.78,8.78,16.0,1.0,0.0,31.0,7.01,6.804,6.804,0.0,0.0,0.487,31.0
109.4824,1,rev,-85.0,11.7,-71.236,-85.0,-74.473,256.0,109.0,-1.758,33.0,-99.82,-100.0,-100.0,8.0,0.0,0.0,31.0,-100.0,-100.0,-100.0,-56.0,6.0,-0.0,31.0,-45.6,-45.0,-45.0,-32.0,2.0,-0.0,37.0,-96.401,-96.263,-96.263,-8.0,0.0,0.0,30.0,9.756,8.78,8.78,16.0,1.0,0.0,31.0,7.01,6.804,6.804,0.0,0.0,0.239,31.0
109.5362,1,rev,-85.0,11.7,-71.236,-85.0,-74.687,256.0,109.0,-0.862,33.0,-99.82,-100.0,-100.0,8.0,0.0,0.0,31.0,-100.0,-100.0,-100.0,-56.0,6.0,-0.0,31.0,-45.6,-45.0,-45.0,-32.0,2.0,-0.0,37.0,-96.401,-96.263,-96.263,-8.0,0.0,0.0,30.0,9.756,8.78,8.78,16.0,1.0,0.0,31.0,7.01,6.804,6.804,0.0,0.0,0.117,31.0
109.5885,1,rev,-85.0,11.7,-71.685,-85.0,-74.9,256.0,109.0,-4.819,33.0,-99.82,-100.0,-100.0,8.0,0.0,0.0,31.0,-100.0,-100.0,-100.0,-56.0,6.0,-0.0,31.0,-45.6,-45.0,-45.0,-32.0,2.0,-0.0,37.0,-96.401,-96.263,-96.263,-8.0,0.0,0.0,30.0,9.756,8.78,8.78,16.0,1.0,0.0,31.0,7.01,6.804,6.804,0.0,0.0,0.057,31.0
109.6422,1,rev,-85.0,11.7,-71.865,-85.0,-75.115,256.0,109.0,-4.077,33.0,-99.82,-100.0,-100.0,8.0,0.0,0.0,31.0,-100.0,-100.0,-100.0,-56.0,6.0,-0.0,31.0,-45.6,-45.0,-45.0,-32.0,2.0,-0.0,37.0,-96.401,-96.263,-96.263,-8.0,0.0,0.0,30.0,9.756,8.78,8.78,16.0,1.0,0.0,31.0,7.01,6.804,6.804,0.0,0.0,0.028,31.0
109.6946,1,rev,-85.0,11.7,-72.404,-85.0,-75.329,256.0,109.0,-7.784,33.0,-99.82,-100.0,-100.0,8.0,0.0,0.0,31.0,-100.0,-100.0,-100.0,-56.0,6.0,-0.0,31.0,-45.6,-45.0,-45.0,-32.0,2.0,-0.0,37.0,-96.401,-96.263,-96.263,-8.0,0.0,0.0,30.0,9.756,8.78,8.78,16.0,1.0,0.0,31.0,7.01,6.804,6.804,0.0,0.0,0.014,31.0
109.748,1,rev,-85.0,11.7,-72.674,-85.0,-75.542,256.0,109.0,-6.242,33.0,-99.82,-100.0,-100.0,8.0,0.0,0.0,31.0,-100.0,-100.0,-100.0,-56.0,6.0,-0.0,31.0,-45.6,-45.0,-45.0,-32.0,2.0,-0.0,37.0,-96.401,-96.263,-96.263,-8.0,0.0,0.0,30.0,9.756,8.78,8.78,16.0,1.0,0.0,31.0,7.01,6.804,6.804,0.0,0.0,0.007,31.0
109.8019,1,rev,-85.0,11.7,-72.674,-85.0,-75.754,256.0,109.0,-3.059,33.0,-99.82,-100.0,-100.0,8.0,0.0,0.0,31.0,-100.0,-100.0,-100.0,-56.0,6.0,-0.0,31.0,-45.6,-45.0,-45.0,-32.0,2.0,-0.0,37.0,-96.401,-96.263,-96.263,-8.0,0.0,0.0,30.0,9.756,8.78,8.78,16.0,1.0,0.0,31.0,7.01,6.804,6.804,0.0,0.0,0.003,31.0
109.8553,1,rev,-85.0,11.7,-72.674,-85.0,-75.967,256.0,109.0,-1.499,33.0,-99.82,-100.0,-100.0,8.0,0.0,0.0,31.0,-100.0,-100.0,-100.0,-56.0,6.0,-0.0,31.0,-45.6,-45.0,-45.0,-32.0,2.0,-0.0,37.0,-96.401,-96.263,-96.263,-8.0,0.0,0.0,30.0,9.756,8.78,8.78,16.0,1.0,0.0,31.0,7.01,6.804,6.804,0.0,0.0,0.002,31.0
109.9087,1,rev,-85.0,11.6,-72.674,-85.0,-76.074,300.0,158.0,-1.049,33.0,-99.82,-100.0,-100.0,8.0,0.0,0.0,31.0,-100.0,-100.0,-100.0,-56.0,6.0,-0.0,31.0,-45.6,-45.0,-45.0,-32.0,2.0,-0.0,37.0,-96.401,-96.263,-96.263,-8.0,0.0,0.0,30.0,9.756,8.78,8.78,16.0,0.0,0.0,31.0,7.01,6.804,6.804,8.0,0.0,0.001,31.0
109.962,1,rev,-85.0,11.6,-72.674,-85.0,-76.408,300.0,158.0,-0.514,33.0,-99.82,-100.0,-100.0,8.0,0.0,0.0,31.0,-100.0,-100.0,-100.0,-56.0,6.0,-0.0,31.0,-45.6,-45.0,-45.0,-32.0,2.0,-0.0,37.0,-96.401,-96.263,-96.263,-8.0,0.0,0.0,30.0,9.756,8.78,8.78,16.0,0.0,0.0,31.0,7.01,6.804,6.804,8.0,0.0,0.001,31.0
110.0152,1,rev,-85.0,11.6,-73.213,-85.0,-76.621,300.0,158.0,-5.107,33.0,-99.82,-100.0,-100.0,8.0,0.0,0.0,31.0,-100.0,-100.0,-100.0,-56.0,6.0,-0.0,31.0,-45.6,-45.0,-45.0,-32.0,2.0,-0.0,37.0,-96.401,-96.263,-96.263,-8.0,0.0,0.0,30.0,9.756,8.78,8.78,16.0,0.0,0.0,31.0,7.01,6.804,6.804,8.0,0.0,0.0,31.0
110.0676,1,rev,-85.0,11.6,-73.753,-85.0,-76.834,300.0,158.0,-8.244,33.0,-99.82,-100.0,-100.0,8.0,0.0,0.0,31.0,-100.0,-100.0,-100.0,-56.0,6.0,-0.0,31.0,-45.6,-45.0,-45.0,-32.0,2.0,-0.0,37.0,-96.401,-96.263,-96.263,-8.0,0.0,0.0,30.0,9.756,8.78,8.78,16.0,0.0,0.0,31.0,7.01,6.804,6.804,8.0,0.0,0.0,31.0
110.1208,1,rev,-85.0,11.6,-74.112,-85.0,-77.048,300.0,158.0,-7.165,33.0,-99.82,-100.0,-100.0,8.0,0.0,0.0,31.0,-100.0,-100.0,-100.0,-56.0,6.0,-0.0,31.0,-45.6,-45.0,-45.0,-32.0,2.0,-0.0,37.0,-96.401,-96.263,-96.263,-8.0,0.0,0.0,30.0,9.756,8.78,8.78,16.0,0.0,0.0,31.0,7.01,6.804,6.804,8.0,0.0,0.0,31.0
110.1743,1,rev,-85.0,11.6,-74.472,-85.0,-77.263,300.0,158.0,-7.239,33.0,-99.82,-100.0,-100.0,8.0,0.0,0.0,31.0,-100.0,-100.0,-100.0,-56.0,6.0,-0.0,31.0,-45.6,-45.0,-45.0,-32.0,2.0,-0.0,37.0,-96.401,-96.263,-96.263,-8.0,0.0,0.0,30.0,9.756,8.78,8.78,16.0,0.0,0.0,31.0,7.01,6.804,6.804,8.0,0.0,0.0,31.0
110.2269,1,rev,-85.0,11.6,-74.562,-85.0,-77.476,300.0,158.0,-4.254,33.0,-99.82,-100.0,-100.0,8.0,0.0,0.0,31.0,-100.0,-100.0,-100.0,-56.0,6.0,-0.0,31.0,-45.6,-45.0,-45.0,-32.0,2.0,-0.0,37.0,-96.401,-96.263,-96.263,-8.0,0.0,0.0,30.0,9.756,8.78,8.78,16.0,0.0,0.0,31.0,7.01,6.804,6.804,8.0,0.0,0.0,31.0
110.2804,1,rev,-85.0,11.6,-74.652,-85.0,-77.691,300.0,158.0,-3.092,33.0,-99.82,-100.0,-100.0,8.0,0.0,0.0,31.0,-100.0,-100.0,-100.0,-56.0,6.0,-0.0,31.0,-45.6,-45.0,-45.0,-32.0,2.0,-0.0,37.0,-96.401,-96.263,-96.263,-8.0,0.0,0.0,30.0,9.756,8.78,8.78,16.0,0.0,0.0,31.0,7.01,6.804,6.804,8.0,0.0,0.0,31.0
110.3337,1,rev,-85.0,11.6,-74.742,-85.0,-77.905,300.0,158.0,-2.521,33.0,-99.82,-100.0,-100.0,8.0,0.0,0.0,31.0,-100.0,-100.0,-100.0,-56.0,6.0,-0.0,31.0,-45.6,-45.0,-45.0,-32.0,2.0,-0.0,37.0,-96.401,-96.263,-96.263,-8.0,0.0,0.0,30.0,9.756,8.78,8.78,16.0,0.0,0.0,31.0,7.01,6.804,6.804,8.0,0.0,0.0,31.0
110.3869,1,rev,-85.0,11.6,-74.742,-85.0,-78.118,300.0,158.0,-1.235,33.0,-99.82,-100.0,-100.0,8.0,0.0,0.0,31.0,-100.0,-100.0,-100.0,-56.0,6.0,-0.0,31.0,-45.6,-45.0,-45.0,-32.0,2.0,-0.0,37.0,-96.401,-96.263,-96.263,-8.0,0.0,0.0,30.0,9.756,8.78,8.78,16.0,0.0,0.0,31.0,7.01,6.804,6.804,8.0,0.0,0.0,31.0
110.4401,1,rev,-85.0,11.6,-75.281,-85.0,-78.332,300.0,158.0,-5.46,33.0,-99.82,-100.0,-100.0,8.0,0.0,0.0,31.0,-100.0,-100.0,-100.0,-56.0,6.0,-0.0,31.0,-45.6,-45.0,-45.0,-32.0,2.0,-0.0,37.0,-96.401,-96.263,-96.263,-8.0,0.0,0.0,30.0,9.756,8.78,8.78,16.0,0.0,0.0,31.0,7.01,6.804,6.804,8.0,0.0,0.0,31.0
110.4927,1,rev,-85.0,11.7,-75.281,-85.0,-78.567,264.0,120.0,-5.46,33.0,-99.82,-100.0,-100.0,8.0,0.0,0.0,31.0,-100.0,-100.0,-100.0,-56.0,6.0,-0.0,31.0,-45.6,-45.0,-45.0,-32.0,2.0,-0.0,37.0,-96.401,-96.263,-96.263,-8.0,0.0,0.0,30.0,9.756,8.78,8.78,16.0,1.0,0.0,31.0,7.01,6.804,6.804,8.0,0.0,0.0,31.0
110.5462,1,rev,-85.0,11.7,-75.551,-85.0,-78.791,264.0,120.0,-4.305,33.0,-99.82,-100.0,-100.0,8.0,0.0,0.0,31.0,-100.0,-100.0,-100.0,-56.0,6.0,-0.0,31.0,-45.6,-45.0,-45.0,-32.0,2.0,-0.0,37.0,-96.401,-96.263,-96.263,-8.0,0.0,0.0,30.0,9.756,8.78,8.78,16.0,1.0,0.0,31.0,7.01,6.804,6.804,8.0,0.0,0.0,31.0
110.5989,1,rev,-85.0,11.7,-75.91,-85.0,-78.907,264.0,120.0,-5.783,33.0,-99.82,-100.0,-100.0,8.0,0.0,0.0,31.0,-100.0,-100.0,-100.0,-56.0,6.0,-0.0,31.0,-45.6,-45.0,-45.0,-32.0,2.0,-0.0,37.0,-96.401,-96.263,-96.263,-8.0,0.0,0.0,30.0,9.756,8.78,8.78,16.0,1.0,0.0,31.0,7.01,6.804,6.804,8.0,0.0,0.0,31.0
110.6516,1,rev,-85.0,11.7,-76.09,-85.0,-79.131,264.0,120.0,-4.487,33.0,-99.82,-100.0,-100.0,8.0,0.0,0.0,31.0,-100.0,-100.0,-100.0,-56.0,6.0,-0.0,31.0,-45.6,-45.0,-45.0,-32.0,2.0,-0.0,37.0,-96.401,-96.263,-96.263,-8.0,0.0,0.0,30.0,9.756,8.78,8.78,16.0,1.0,0.0,31.0,7.01,6.804,6.804,8.0,0.0,0.0,31.0
110.7049,1,rev,-85.0,11.7,-76.18,-85.0,-79.344,264.0,120.0,-2.909,33.0,-99.82,-100.0,-100.0,8.0,0.0,0.0,31.0,-100.0,-100.0,-100.0,-56.0,6.0,-0.0,31.0,-45.6,-45.0,-45.0,-32.0,2.0,-0.0,37.0,-96.401,-96.263,-96.263,-8.0,0.0,0.0,30.0,9.756,8.78,8.78,16.0,1.0,0.0,31.0,7.01,6.804,6.804,8.0,0.0,0.0,31.0
110.7582,1,rev,-85.0,11.7,-76.629,-85.0,-79.557,264.0,120.0,-5.858,33.0,-99.82,-100.0,-100.0,8.0,0.0,0.0,31.0,-100.0,-100.0,-100.0,-56.0,6.0,-0.0,31.0,-45.6,-45.0,-45.0,-32.0,2.0,-0.0,37.0,-96.401,-96.263,-96.263,-8.0,0.0,0.0,30.0,9.756,8.78,8.78,16.0,1.0,0.0,31.0,7.01,6.804,6.804,8.0,0.0,0.0,31.0
110.8114,1,rev,-85.0,11.7,-76.899,-85.0,-79.771,264.0,120.0,-5.617,33.0,-99.82,-100.0,-100.0,8.0,0.0,0.0,31.0,-100.0,-100.0,-100.0,-56.0,6.0,-0.0,31.0,-45.6,-45.0,-45.0,-32.0,2.0,-0.0,37.0,-96.401,-96.263,-96.263,-8.0,0.0,0.0,30.0,9.756,8.78,8.78,16.0,1.0,0.0,31.0,7.01,6.804,6.804,8.0,0.0,0.0,31.0
110.8636,1,rev,-85.0,11.7,-76.989,-85.0,-79.984,264.0,120.0,-3.458,33.0,-99.82,-100.0,-100.0,8.0,0.0,0.0,31.0,-100.0,-100.0,-100.0,-56.0,6.0,-0.0,31.0,-45.6,-45.0,-45.0,-32.0,2.0,-0.0,37.0,-96.401,-96.263,-96.263,-8.0,0.0,0.0,30.0,9.756,8.78,8.78,16.0,1.0,0.0,31.0,7.01,6.804,6.804,8.0,0.0,0.0,31.0
110.9156,1,rev,-85.0,11.7,-76.989,-85.0,-80.198,264.0,120.0,-1.694,33.0,-99.82,-100.0,-100.0,8.0,0.0,0.0,31.0,-100.0,-100.0,-100.0,-56.0,6.0,-0.0,31.0,-45.6,-45.0,-45.0,-32.0,2.0,-0.0,37.0,-96.401,-96.263,-96.263,-8.0,0.0,0.0,30.0,9.756,8.78,8.78,16.0,1.0,0.0,31.0,7.01,6.804,6.804,8.0,0.0,0.0,31.0
110.9678,1,rev,-85.0,11.7,-77.348,-85.0,-80.412,264.0,120.0,-4.595,33.0,-99.82,-100.0,-100.0,8.0,0.0,0.0,31.0,-100.0,-100.0,-100.0,-56.0,6.0,-0.0,31.0,-45.6,-45.0,-45.0,-32.0,2.0,-0.0,37.0,-96.401,-96.263,-96.263,-8.0,0.0,0.0,30.0,9.756,8.78,8.78,16.0,1.0,0.0,31.0,7.01,6.804,6.804,8.0,0.0,0.0,31.0
111.0204,1,rev,-85.0,11.7,-77.438,-85.0,-80.624,264.0,120.0,-2.964,33.0,-99.82,-100.0,-100.0,8.0,0.0,0.0,31.0,-100.0,-100.0,-100.0,-56.0,6.0,-0.0,31.0,-45.6,-45.0,-45.0,-32.0,2.0,-0.0,37.0,-96.401,-96.263,-96.263,-8.0,0.0,0.0,30.0,9.756,8.78,8.78,16.0,1.0,0.0,31.0,7.01,6.804,6.804,8.0,0.0,0.0,31.0
111.0741,1,rev,-85.0,11.7,-77.618,-85.0,-80.862,284.0,138.0,-2.987,33.0,-99.82,-100.0,-100.0,8.0,0.0,0.0,31.0,-100.0,-100.0,-100.0,-56.0,6.0,-0.0,31.0,-45.6,-45.0,-45.0,-32.0,2.0,-0.0,37.0,-96.401,-96.263,-96.263,-8.0,0.0,0.0,30.0,9.756,8.78,8.78,16.0,0.0,0.0,31.0,7.01,6.804,6.804,8.0,0.0,0.0,31.0
111.1273,1,rev,-85.0,11.7,-78.067,-85.0,-81.075,284.0,138.0,-6.193,33.0,-99.82,-100.0,-100.0,8.0,0.0,0.0,31.0,-100.0,-100.0,-100.0,-56.0,6.0,-0.0,31.0,-45.6,-45.0,-45.0,-32.0,2.0,-0.0,37.0,-96.401,-96.263,-96.263,-8.0,0.0,0.0,30.0,9.756,8.78,8.78,16.0,0.0,0.0,31.0,7.01,6.804,6.804,8.0,0.0,0.0,31.0
111.1797,1,rev,-85.0,11.7,-78.337,-85.0,-81.289,284.0,138.0,-5.458,33.0,-99.82,-100.0,-100.0,8.0,0.0,0.0,31.0,-100.0,-100.0,-100.0,-56.0,6.0,-0.0,31.0,-45.6,-45.0,-45.0,-32.0,2.0,-0.0,37.0,-96.401,-96.263,-96.263,-8.0,0.0,0.0,30.0,9.756,8.78,8.78,16.0,0.0,0.0,31.0,7.01,6.804,6.804,8.0,0.0,0.0,31.0
111.2329,1,rev,-85.0,11.7,-78.427,-85.0,-81.503,284.0,138.0,-3.378,33.0,-99.82,-100.0,-100.0,8.0,0.0,0.0,31.0,-100.0,-100.0,-100.0,-56.0,6.0,-0.0,31.0,-45.6,-45.0,-45.0,-32.0,2.0,-0.0,37.0,-96.401,-96.263,-96.263,-8.0,0.0,0.0,30.0,9.756,8.78,8.78,16.0,0.0,0.0,31.0,7.01,6.804,6.804,8.0,0.0,0.0,31.0
111.286,1,rev,-85.0,11.7,-78.427,-85.0,-81.716,284.0,138.0,-1.655,33.0,-99.82,-100.0,-100.0,8.0,0.0,0.0,31.0,-100.0,-100.0,-100.0,-56.0,6.0,-0.0,31.0,-45.6,-45.0,-45.0,-32.0,2.0,-0.0,37.0,-96.401,-96.263,-96.263,-8.0,0.0,0.0,30.0,9.756,8.78,8.78,16.0,0.0,0.0,31.0,7.01,6.804,6.804,8.0,0.0,0.0,31.0
111.3391,1,rev,-85.0,11.7,-78.876,-85.0,-81.929,284.0,138.0,-4.919,33.0,-99.82,-100.0,-100.0,8.0,0.0,0.0,31.0,-100.0,-100.0,-100.0,-56.0,6.0,-0.0,31.0,-45.6,-45.0,-45.0,-32.0,2.0,-0.0,37.0,-96.401,-96.263,-96.263,-8.0,0.0,0.0,30.0,9.756,8.78,8.78,16.0,0.0,0.0,31.0,7.01,6.804,6.804,8.0,0.0,0.0,31.0
111.3914,1,rev,-85.0,11.7,-78.876,-85.0,-82.145,284.0,138.0,-2.41,33.0,-99.82,-100.0,-100.0,8.0,0.0,0.0,31.0,-100.0,-100.0,-100.0,-56.0,6.0,-0.0,31.0,-45.6,-45.0,-45.0,-32.0,2.0,-0.0,37.0,-96.401,-96.263,-96.263,-8.0,0.0,0.0,30.0,9.756,8.78,8.78,16.0,0.0,0.0,31.0,7.01,6.804,6.804,8.0,0.0,0.0,31.0
111.4442,1,rev,-85.0,11.7,-79.056,-85.0,-82.357,284.0,138.0,-2.599,33.0,-99.82,-100.0,-100.0,8.0,0.0,0.0,31.0,-100.0,-100.0,-100.0,-56.0,6.0,-0.0,31.0,-45.6,-45.0,-45.0,-32.0,2.0,-0.0,37.0,-96.401,-96.263,-96.263,-8.0,0.0,0.0,30.0,9.756,8.78,8.78,16.0,0.0,0.0,31.0,7.01,6.804,6.804,8.0,0.0,0.0,31.0
111.4976,1,rev,-85.0,11.7,-79.506,-85.0,-82.571,284.0,138.0,-5.719,33.0,-99.82,-100.0,-100.0,8.0,0.0,0.0,31.0,-100.0,-100.0,-100.0,-56.0,6.0,-0.0,31.0,-45.6,-45.0,-45.0,-32.0,2.0,-0.0,37.0,-96.401,-96.263,-96.263,-8.0,0.0,0.0,30.0,9.756,8.78,8.78,16.0,0.0,0.0,31.0,7.01,6.804,6.804,8.0,0.0,0.0,31.0
111.5509,1,rev,-85.0,11.7,-79.775,-85.0,-82.784,284.0,138.0,-5.536,33.0,-99.82,-100.0,-100.0,8.0,0.0,0.0,31.0,-100.0,-100.0,-100.0,-56.0,6.0,-0.0,31.0,-45.6,-45.0,-45.0,-32.0,2.0,-0.0,37.0,-96.401,-96.263,-96.263,-8.0,0.0,0.0,30.0,9.756,8.78,8.78,16.0,0.0,0.0,31.0,7.01,6.804,6.804,8.0,0.0,0.0,31.0
111.604,1,rev,-85.0,11.7,-79.865,-85.0,-82.89,284.0,138.0,-4.879,33.0,-99.82,-100.0,-100.0,8.0,0.0,0.0,31.0,-100.0,-100.0,-100.0,-56.0,6.0,-0.0,31.0,-45.6,-45.0,-45.0,-32.0,2.0,-0.0,37.0,-96.401,-96.263,-96.263,-8.0,0.0,0.0,30.0,9.756,8.78,8.78,16.0,0.0,0.0,31.0,7.01,6.804,6.804,8.0,0.0,0.0,31.0
111.6573,1,rev,-85.0,11.7,-79.865,-85.0,-83.237,260.0,119.0,-3.415,33.0,-99.82,-100.0,-100.0,8.0,0.0,0.0,31.0,-100.0,-100.0,-100.0,-56.0,5.0,-0.0,31.0,-45.6,-45.0,-45.0,-32.0,2.0,-0.0,37.0,-96.401,-96.263,-96.263,-8.0,0.0,0.0,30.0,9.756,8.78,8.78,16.0,0.0,0.0,31.0,7.01,6.804,6.804,8.0,0.0,0.0,31.0
111.711,1,rev,-85.0,11.7,-79.955,-85.0,-83.352,260.0,119.0,-2.679,33.0,-99.82,-100.0,-100.0,8.0,0.0,0.0,31.0,-100.0,-100.0,-100.0,-56.0,5.0,-0.0,31.0,-45.6,-45.0,-45.0,-32.0,2.0,-0.0,37.0,-96.401,-96.263,-96.263,-8.0,0.0,0.0,30.0,9.756,8.78,8.78,16.0,0.0,0.0,31.0,7.01,6.804,6.804,8.0,0.0,0.0,31.0
111.7644,1,rev,-85.0,11.7,-80.315,-85.0,-83.576,260.0,119.0,-4.261,33.0,-99.82,-100.0,-100.0,8.0,0.0,0.0,31.0,-100.0,-100.0,-100.0,-56.0,5.0,-0.0,31.0,-45.6,-45.0,-45.0,-32.0,2.0,-0.0,37.0,-96.401,-96.263,-96.263,-8.0,0.0,0.0,30.0,9.756,8.78,8.78,16.0,0.0,0.0,31.0,7.01,6.804,6.804,8.0,0.0,0.0,31.0
111.8189,1,rev,-85.0,11.7,-80.494,-85.0,-83.795,260.0,119.0,-4.067,33.0,-99.82,-100.0,-100.0,8.0,0.0,0.0,31.0,-100.0,-100.0,-100.0,-56.0,5.0,-0.0,31.0,-45.6,-45.0,-45.0,-32.0,2.0,-0.0,37.0,-96.401,-96.263,-96.263,-8.0,0.0,0.0,30.0,9.756,8.78,8.78,16.0,0.0,0.0,31.0,7.01,6.804,6.804,8.0,0.0,0.0,31.0
111.872,1,rev,-85.0,11.7,-80.854,-85.0,-84.011,260.0,119.0,-6.048,33.0,-99.82,-100.0,-100.0,8.0,0.0,0.0,31.0,-100.0,-100.0,-100.0,-56.0,5.0,-0.0,31.0,-45.6,-45.0,-45.0,-32.0,2.0,-0.0,37.0,-96.401,-96.263,-96.263,-8.0,0.0,0.0,30.0,9.756,8.78,8.78,16.0,0.0,0.0,31.0,7.01,6.804,6.804,8.0,0.0,0.0,31.0
111.9253,1,rev,-85.0,11.7,-81.303,-85.0,-84.224,260.0,119.0,-7.114,33.0,-99.64,-100.0,-100.0,8.0,0.0,2.026,31.0,-100.0,-100.0,-100.0,-56.0,5.0,-0.0,31.0,-45.6,-45.0,-45.0,-32.0,2.0,-0.0,37.0,-96.401,-96.263,-96.263,-8.0,0.0,0.0,30.0,9.756,8.78,8.78,16.0,0.0,0.0,31.0,7.01,6.804,6.804,8.0,0.0,0.0,31.0
111.9789,1,rev,-85.0,11.7,-81.393,-85.0,-84.437,260.0,119.0,-4.497,33.0,-99.64,-100.0,-100.0,8.0,0.0,0.993,31.0,-100.0,-100.0,-100.0,-56.0,5.0,-0.0,31.0,-45.6,-45.0,-45.0,-32.0,2.0,-0.0,37.0,-96.401,-96.263,-96.263,-8.0,0.0,0.0,30.0,9.756,8.78,8.78,16.0,0.0,0.0,31.0,7.01,6.804,6.804,8.0,0.0,0.0,31.0
112.0323,1,rev,-85.0,11.7,-81.393,-85.0,-84.65,260.0,119.0,-2.203,33.0,-99.64,-100.0,-100.0,8.0,0.0,0.486,31.0,-100.0,-100.0,-100.0,-56.0,5.0,-0.0,31.0,-45.6,-45.0,-45.0,-32.0,2.0,-0.0,37.0,-96.401,-96.263,-96.263,-8.0,0.0,0.0,30.0,9.756,8.78,8.78,16.0,0.0,0.0,31.0,7.01,6.804,6.804,8.0,0.0,0.0,31.0
112.086,1,rev,-85.0,11.7,-81.753,-85.0,-84.863,260.0,119.0,-4.526,33.0,-99.64,-100.0,-100.0,8.0,0.0,0.238,31.0,-100.0,-100.0,-100.0,-56.0,5.0,-0.0,31.0,-45.6,-45.0,-45.0,-32.0,2.0,-0.0,37.0,-96.401,-96.263,-96.263,-8.0,0.0,0.0,30.0,9.756,8.78,8.78,16.0,0.0,0.0,31.0,7.01,6.804,6.804,8.0,0.0,0.0,31.0
112.1384,1,hold_start,-85.0,11.7,-81.753,-85.0,-85.0,260.0,119.0,-2.218,33.0,-99.64,-100.0,-100.0,8.0,0.0,0.117,31.0,-100.0,-100.0,-100.0,-56.0,5.0,-0.0,31.0,-45.6,-45.0,-45.0,-32.0,2.0,-0.0,37.0,-96.401,-96.263,-96.263,-8.0,0.0,0.0,30.0,9.756,8.78,8.78,16.0,0.0,0.0,31.0,7.01,6.804,6.804,8.0,0.0,0.0,31.0
112.1906,1,hold_start,-85.0,11.7,-81.933,-85.0,-85.0,272.0,129.0,-3.578,33.0,-99.64,-100.0,-100.0,16.0,0.0,0.082,31.0,-100.0,-100.0,-100.0,-64.0,9.0,-0.0,31.0,-45.6,-45.0,-45.0,-32.0,2.0,-0.0,37.0,-96.401,-96.263,-96.263,-8.0,0.0,0.0,30.0,9.756,8.78,8.78,16.0,0.0,0.0,31.0,7.01,6.804,6.804,8.0,0.0,0.0,31.0
112.2434,1,hold_start,-85.0,11.7,-82.022,-85.0,-85.0,272.0,129.0,-2.082,33.0,-99.64,-100.0,-100.0,16.0,0.0,0.04,31.0,-100.0,-100.0,-100.0,-64.0,9.0,-0.0,31.0,-45.6,-45.0,-45.0,-32.0,2.0,-0.0,37.0,-96.401,-96.263,-96.263,-8.0,0.0,0.0,30.0,9.756,8.78,8.78,16.0,0.0,0.0,31.0,7.01,6.804,6.804,8.0,0.0,0.0,31.0
112.2972,1,hold_start,-85.0,11.7,-82.022,-85.0,-85.0,272.0,129.0,-1.02,33.0,-99.64,-100.0,-100.0,16.0,0.0,0.02,31.0,-100.0,-100.0,-100.0,-64.0,9.0,-0.0,31.0,-45.6,-45.0,-45.0,-32.0,2.0,-0.0,37.0,-96.401,-96.263,-96.263,-8.0,0.0,0.0,30.0,9.756,8.78,8.78,16.0,0.0,0.0,31.0,7.01,6.804,6.804,8.0,0.0,0.0,31.0
112.3503,1,hold_start,-85.0,11.7,-82.022,-85.0,-85.0,272.0,129.0,-0.5,33.0,-99.64,-100.0,-100.0,16.0,0.0,0.01,31.0,-100.0,-100.0,-100.0,-64.0,9.0,-0.0,31.0,-45.6,-45.0,-45.0,-32.0,2.0,-0.0,37.0,-96.401,-96.263,-96.263,-8.0,0.0,0.0,30.0,9.756,8.78,8.78,16.0,0.0,0.0,31.0,7.01,6.804,6.804,8.0,0.0,0.0,31.0
112.4025,1,hold_start,-85.0,11.7,-82.022,-85.0,-85.0,272.0,129.0,-0.245,33.0,-99.64,-100.0,-100.0,16.0,0.0,0.005,31.0,-100.0,-100.0,-100.0,-64.0,9.0,-0.0,31.0,-45.6,-45.0,-45.0,-32.0,2.0,-0.0,37.0,-96.401,-96.263,-96.263,-8.0,0.0,0.0,30.0,9.756,8.78,8.78,16.0,0.0,0.0,31.0,7.01,6.804,6.804,8.0,0.0,0.0,31.0
112.456,1,hold_start,-85.0,11.7,-82.022,-85.0,-85.0,272.0,129.0,-0.12,33.0,-99.64,-100.0,-100.0,16.0,0.0,0.002,31.0,-100.0,-100.0,-100.0,-64.0,9.0,-0.0,31.0,-45.6,-45.0,-45.0,-32.0,2.0,-0.0,37.0,-96.401,-96.263,-96.263,-8.0,0.0,0.0,30.0,9.756,8.78,8.78,16.0,0.0,0.0,31.0,7.01,6.804,6.804,8.0,0.0,0.0,31.0
112.5092,1,hold_start,-85.0,11.7,-82.022,-85.0,-85.0,272.0,129.0,-0.059,33.0,-99.64,-100.0,-100.0,16.0,0.0,0.001,31.0,-100.0,-100.0,-100.0,-64.0,9.0,-0.0,31.0,-45.6,-45.0,-45.0,-32.0,2.0,-0.0,37.0,-96.401,-96.263,-96.263,-8.0,0.0,0.0,30.0,9.756,8.78,8.78,16.0,0.0,0.0,31.0,7.01,6.804,6.804,8.0,0.0,0.0,31.0
112.5628,1,hold_start,-85.0,11.7,-82.022,-85.0,-85.0,272.0,129.0,-0.029,33.0,-99.64,-100.0,-100.0,16.0,0.0,0.001,31.0,-100.0,-100.0,-100.0,-64.0,9.0,-0.0,31.0,-45.6,-45.0,-45.0,-32.0,2.0,-0.0,37.0,-96.401,-96.263,-96.263,-8.0,0.0,0.0,30.0,9.756,8.78,8.78,16.0,0.0,0.0,31.0,7.01,6.804,6.804,8.0,0.0,0.0,31.0
112.6156,1,hold_start,-85.0,11.7,-82.022,-85.0,-85.0,272.0,129.0,-0.014,33.0,-99.64,-100.0,-100.0,16.0,0.0,0.0,31.0,-100.0,-100.0,-100.0,-64.0,9.0,-0.0,31.0,-45.6,-45.0,-45.0,-32.0,2.0,-0.0,37.0,-96.401,-96.263,-96.263,-8.0,0.0,0.0,30.0,9.756,8.78,8.78,16.0,0.0,0.0,31.0,7.01,6.804,6.804,8.0,0.0,0.0,31.0
112.6676,1,hold_start,-85.0,11.7,-82.022,-85.0,-85.0,272.0,129.0,-0.007,33.0,-99.64,-100.0,-100.0,16.0,0.0,0.0,31.0,-100.0,-100.0,-100.0,-64.0,9.0,-0.0,31.0,-45.6,-45.0,-45.0,-32.0,2.0,-0.0,37.0,-96.401,-96.263,-96.263,-8.0,0.0,0.0,30.0,9.756,8.78,8.78,16.0,0.0,0.0,31.0,7.01,6.804,6.804,8.0,0.0,0.0,31.0
112.7209,1,hold_start,-85.0,11.7,-82.022,-85.0,-85.0,272.0,129.0,-0.003,33.0,-99.64,-100.0,-100.0,16.0,0.0,0.0,31.0,-100.0,-100.0,-100.0,-64.0,9.0,-0.0,31.0,-45.6,-45.0,-45.0,-32.0,2.0,-0.0,37.0,-96.401,-96.263,-96.263,-8.0,0.0,0.0,30.0,9.756,8.78,8.78,16.0,0.0,0.0,31.0,7.01,6.804,6.804,8.0,0.0,0.0,31.0
112.7741,1,hold_start,-85.0,11.7,-82.022,-85.0,-85.0,264.0,121.0,-0.002,33.0,-99.64,-100.0,-100.0,16.0,1.0,0.0,31.0,-100.0,-100.0,-100.0,-64.0,9.0,-0.0,31.0,-45.6,-45.0,-45.0,-32.0,2.0,-0.0,37.0,-96.401,-96.263,-96.263,-8.0,0.0,0.0,30.0,9.756,8.78,8.78,16.0,0.0,0.0,31.0,7.01,6.804,6.804,8.0,0.0,0.0,31.0
112.8276,1,hold_start,-85.0,11.7,-82.022,-85.0,-85.0,264.0,121.0,-0.001,33.0,-99.64,-100.0,-100.0,16.0,1.0,0.0,31.0,-100.0,-100.0,-100.0,-64.0,9.0,-0.0,31.0,-45.6,-45.0,-45.0,-32.0,2.0,-0.0,37.0,-96.401,-96.263,-96.263,-8.0,0.0,0.0,30.0,9.756,8.78,8.78,16.0,0.0,0.0,31.0,7.01,6.804,6.804,8.0,0.0,0.0,31.0
112.8796,1,hold_start,-85.0,11.7,-82.022,-85.0,-85.0,264.0,121.0,-0.001,33.0,-99.64,-100.0,-100.0,16.0,1.0,0.0,31.0,-100.0,-100.0,-100.0,-64.0,9.0,-0.0,31.0,-45.6,-45.0,-45.0,-32.0,2.0,-0.0,37.0,-96.401,-96.263,-96.263,-8.0,0.0,0.0,30.0,9.756,8.78,8.78,16.0,0.0,0.0,31.0,7.01,6.804,6.804,8.0,0.0,0.0,31.0
112.9316,1,hold_start,-85.0,11.7,-82.022,-85.0,-85.0,264.0,121.0,-0.0,33.0,-99.64,-100.0,-100.0,16.0,1.0,0.0,31.0,-100.0,-100.0,-100.0,-64.0,9.0,-0.0,31.0,-45.6,-45.0,-45.0,-32.0,2.0,-0.0,37.0,-96.401,-96.263,-96.263,-8.0,0.0,0.0,30.0,9.756,8.78,8.78,16.0,0.0,0.0,31.0,7.01,6.804,6.804,8.0,0.0,0.0,31.0
112.9852,1,hold_start,-85.0,11.7,-82.022,-85.0,-85.0,264.0,121.0,-0.0,33.0,-99.64,-100.0,-100.0,16.0,1.0,0.0,31.0,-100.0,-100.0,-100.0,-64.0,9.0,-0.0,31.0,-45.6,-45.0,-45.0,-32.0,2.0,-0.0,37.0,-96.401,-96.263,-96.263,-8.0,0.0,0.0,30.0,9.756,8.78,8.78,16.0,0.0,0.0,31.0,7.01,6.804,6.804,8.0,0.0,0.0,31.0
113.0386,1,hold_start,-85.0,11.7,-82.022,-85.0,-85.0,264.0,121.0,-0.0,33.0,-99.64,-100.0,-100.0,16.0,1.0,0.0,31.0,-100.0,-100.0,-100.0,-64.0,9.0,-0.0,31.0,-45.6,-45.0,-45.0,-32.0,2.0,-0.0,37.0,-96.401,-96.263,-96.263,-8.0,0.0,0.0,30.0,9.756,8.78,8.78,16.0,0.0,0.0,31.0,7.01,6.804,6.804,8.0,0.0,0.0,31.0
113.0924,1,hold_start,-85.0,11.7,-82.022,-85.0,-85.0,264.0,121.0,-0.0,33.0,-99.64,-100.0,-100.0,16.0,1.0,0.0,31.0,-100.0,-100.0,-100.0,-64.0,9.0,-0.0,31.0,-45.6,-45.0,-45.0,-32.0,2.0,-0.0,37.0,-96.401,-96.263,-96.263,-8.0,0.0,0.0,30.0,9.756,8.78,8.78,16.0,0.0,0.0,31.0,7.01,6.804,6.804,8.0,0.0,0.0,31.0
