t,cycle,leg,target,volt,shoulder_pitch_q,shoulder_pitch_cmd,shoulder_pitch_out,shoulder_pitch_i,shoulder_pitch_cur,shoulder_pitch_qd,shoulder_pitch_temp,shoulder_yaw_q,shoulder_yaw_cmd,shoulder_yaw_out,shoulder_yaw_i,shoulder_yaw_cur,shoulder_yaw_qd,shoulder_yaw_temp,shoulder_roll_q,shoulder_roll_cmd,shoulder_roll_out,shoulder_roll_i,shoulder_roll_cur,shoulder_roll_qd,shoulder_roll_temp,elbow_flex_q,elbow_flex_cmd,elbow_flex_out,elbow_flex_i,elbow_flex_cur,elbow_flex_qd,elbow_flex_temp,wrist_roll_q,wrist_roll_cmd,wrist_roll_out,wrist_roll_i,wrist_roll_cur,wrist_roll_qd,wrist_roll_temp,wrist_yaw_q,wrist_yaw_cmd,wrist_yaw_out,wrist_yaw_i,wrist_yaw_cur,wrist_yaw_qd,wrist_yaw_temp,wrist_pitch_q,wrist_pitch_cmd,wrist_pitch_out,wrist_pitch_i,wrist_pitch_cur,wrist_pitch_qd,wrist_pitch_temp
-0.0477,0,approach,-90.0,12.2,5.528,5.4,5.4,8.0,0.0,-0.0,34.0,-100.0,-100.0,-100.0,-8.0,0.0,-0.0,33.0,-99.716,-100.0,-100.0,16.0,0.0,-0.0,33.0,-65.467,-65.0,-65.0,-24.0,1.0,-0.0,43.0,-95.017,-95.017,-95.017,0.0,0.0,-0.0,33.0,-69.756,-70.244,-70.244,8.0,0.0,-0.0,34.0,-33.196,-33.196,-33.196,0.0,0.0,-0.0,34.0
0.0053,0,approach,-90.0,12.2,5.528,5.4,5.4,8.0,0.0,-0.0,34.0,-100.0,-100.0,-100.0,-8.0,0.0,-0.0,33.0,-99.716,-90.0,-100.0,16.0,0.0,-0.0,33.0,-65.467,-65.0,-65.0,-24.0,1.0,-0.0,43.0,-95.017,-95.017,-95.017,0.0,0.0,-0.0,33.0,-69.756,-70.244,-70.244,8.0,0.0,-0.0,34.0,-33.196,-33.196,-33.196,0.0,0.0,-0.0,34.0
0.0573,0,approach,-90.0,12.2,5.528,5.4,5.4,8.0,0.0,-0.0,34.0,-100.0,-100.0,-100.0,-8.0,0.0,-0.0,33.0,-99.716,-90.0,-99.781,16.0,0.0,-0.0,33.0,-65.467,-65.0,-65.0,-24.0,1.0,-0.0,43.0,-95.017,-95.017,-95.017,0.0,0.0,-0.0,33.0,-69.756,-70.244,-70.244,8.0,0.0,-0.0,34.0,-33.196,-33.196,-33.196,0.0,0.0,-0.0,34.0
0.1107,0,approach,-90.0,12.2,5.528,5.4,5.4,8.0,0.0,-0.0,34.0,-100.0,-100.0,-100.0,-8.0,0.0,-0.0,33.0,-99.716,-90.0,-99.555,16.0,0.0,-0.0,33.0,-65.467,-65.0,-65.0,-24.0,1.0,-0.0,43.0,-95.017,-95.017,-95.017,0.0,0.0,-0.0,33.0,-69.756,-70.244,-70.244,8.0,0.0,-0.0,34.0,-33.196,-33.196,-33.196,0.0,0.0,-0.0,34.0
0.1634,0,approach,-90.0,12.2,5.528,5.4,5.4,8.0,0.0,-0.0,34.0,-100.0,-100.0,-100.0,-8.0,0.0,-0.0,33.0,-99.716,-90.0,-99.435,16.0,0.0,-0.0,33.0,-65.467,-65.0,-65.0,-24.0,1.0,-0.0,43.0,-95.017,-95.017,-95.017,0.0,0.0,-0.0,33.0,-69.756,-70.244,-70.244,8.0,0.0,-0.0,34.0,-33.196,-33.196,-33.196,0.0,0.0,-0.0,34.0
0.2163,0,approach,-90.0,12.2,5.528,5.4,5.4,8.0,0.0,-0.0,34.0,-100.0,-100.0,-100.0,-8.0,0.0,-0.0,33.0,-99.573,-90.0,-99.209,16.0,0.0,1.007,33.0,-65.467,-65.0,-65.0,-24.0,1.0,-0.0,43.0,-95.017,-95.017,-95.017,0.0,0.0,-0.0,33.0,-69.756,-70.244,-70.244,8.0,0.0,-0.0,34.0,-33.196,-33.196,-33.196,0.0,0.0,-0.0,34.0
0.2705,0,approach,-90.0,12.2,5.528,5.4,5.4,8.0,0.0,-0.0,34.0,-100.0,-100.0,-100.0,-8.0,0.0,-0.0,33.0,-99.289,-90.0,-98.995,16.0,0.0,3.206,33.0,-65.467,-65.0,-65.0,-24.0,1.0,-0.0,43.0,-95.017,-95.017,-95.017,0.0,0.0,-0.0,33.0,-69.756,-70.244,-70.244,8.0,0.0,-0.0,34.0,-33.196,-33.196,-33.196,0.0,0.0,-0.0,34.0
0.3241,0,approach,-90.0,12.2,5.528,5.4,5.4,8.0,0.0,-0.0,34.0,-100.0,-100.0,-100.0,-8.0,0.0,-0.0,33.0,-99.147,-90.0,-98.755,-8.0,0.0,2.958,33.0,-65.467,-65.0,-65.0,-24.0,0.0,-0.0,44.0,-95.017,-95.017,-95.017,0.0,0.0,-0.0,33.0,-69.756,-70.244,-70.244,8.0,0.0,-0.0,34.0,-33.196,-33.196,-33.196,0.0,0.0,-0.0,34.0
0.3761,0,approach,-90.0,12.2,5.528,5.4,5.4,8.0,0.0,-0.0,34.0,-100.0,-100.0,-100.0,-8.0,0.0,-0.0,33.0,-99.004,-90.0,-98.542,-8.0,0.0,3.044,33.0,-65.467,-65.0,-65.0,-24.0,0.0,-0.0,44.0,-95.017,-95.017,-95.017,0.0,0.0,-0.0,33.0,-69.756,-70.244,-70.244,8.0,0.0,-0.0,34.0,-33.196,-33.196,-33.196,0.0,0.0,-0.0,34.0
0.4291,0,approach,-90.0,12.2,5.528,5.4,5.4,8.0,0.0,-0.0,34.0,-100.0,-100.0,-100.0,-8.0,0.0,-0.0,33.0,-98.72,-90.0,-98.328,-8.0,0.0,4.197,33.0,-65.467,-65.0,-65.0,-24.0,0.0,-0.0,44.0,-95.017,-95.017,-95.017,0.0,0.0,-0.0,33.0,-69.756,-70.244,-70.244,8.0,0.0,-0.0,34.0,-33.196,-33.196,-33.196,0.0,0.0,-0.0,34.0
0.4813,0,approach,-90.0,12.2,5.528,5.4,5.4,8.0,0.0,-0.0,34.0,-100.0,-100.0,-100.0,-8.0,0.0,-0.0,33.0,-98.435,-90.0,-98.113,-8.0,0.0,4.756,33.0,-65.467,-65.0,-65.0,-24.0,0.0,-0.0,44.0,-95.017,-95.017,-95.017,0.0,0.0,-0.0,33.0,-69.756,-70.244,-70.244,8.0,0.0,-0.0,34.0,-33.196,-33.196,-33.196,0.0,0.0,-0.0,34.0
0.5338,0,approach,-90.0,12.2,5.528,5.4,5.4,8.0,0.0,-0.0,34.0,-100.0,-100.0,-100.0,-8.0,0.0,-0.0,33.0,-98.293,-90.0,-97.897,-8.0,0.0,3.907,33.0,-65.467,-65.0,-65.0,-24.0,0.0,-0.0,44.0,-95.017,-95.017,-95.017,0.0,0.0,-0.0,33.0,-69.756,-70.244,-70.244,8.0,0.0,-0.0,34.0,-33.196,-33.196,-33.196,0.0,0.0,-0.0,34.0
0.5871,0,approach,-90.0,12.2,5.528,5.4,5.4,8.0,0.0,-0.0,34.0,-100.0,-100.0,-100.0,-8.0,0.0,-0.0,33.0,-98.151,-90.0,-97.682,-8.0,0.0,3.029,33.0,-65.467,-65.0,-65.0,-24.0,0.0,-0.0,44.0,-95.017,-95.017,-95.017,0.0,0.0,-0.0,33.0,-69.756,-70.244,-70.244,8.0,0.0,-0.0,34.0,-33.196,-33.196,-33.196,0.0,0.0,-0.0,34.0
0.6394,0,approach,-90.0,12.2,5.528,5.4,5.4,8.0,0.0,-0.0,34.0,-100.0,-100.0,-100.0,-8.0,0.0,-0.0,33.0,-97.866,-90.0,-97.468,-8.0,0.0,4.166,33.0,-65.467,-65.0,-65.0,-24.0,0.0,-0.0,44.0,-95.017,-95.017,-95.017,0.0,0.0,-0.0,33.0,-69.756,-70.244,-70.244,8.0,0.0,-0.0,34.0,-33.196,-33.196,-33.196,0.0,0.0,-0.0,34.0
0.6925,0,approach,-90.0,12.2,5.528,5.4,5.4,8.0,0.0,-0.0,34.0,-100.0,-100.0,-100.0,-8.0,0.0,-0.0,33.0,-97.724,-90.0,-97.252,-8.0,0.0,3.17,33.0,-65.467,-65.0,-65.0,-24.0,0.0,-0.0,44.0,-95.017,-95.017,-95.017,0.0,0.0,-0.0,33.0,-69.756,-70.244,-70.244,8.0,0.0,-0.0,34.0,-33.196,-33.196,-33.196,0.0,0.0,-0.0,34.0
0.7457,0,approach,-90.0,12.2,5.528,5.4,5.4,8.0,0.0,-0.0,34.0,-100.0,-100.0,-100.0,-8.0,0.0,-0.0,33.0,-97.44,-90.0,-97.038,-8.0,0.0,4.263,33.0,-65.467,-65.0,-65.0,-24.0,0.0,-0.0,44.0,-95.017,-95.017,-95.017,0.0,0.0,-0.0,33.0,-69.756,-70.244,-70.244,8.0,0.0,-0.0,34.0,-33.196,-33.196,-33.196,0.0,0.0,-0.0,34.0
0.7985,0,approach,-90.0,12.2,5.528,5.4,5.4,8.0,0.0,-0.0,34.0,-100.0,-100.0,-100.0,-8.0,0.0,-0.0,33.0,-97.297,-90.0,-96.823,-8.0,0.0,3.192,33.0,-65.467,-65.0,-65.0,-24.0,0.0,-0.0,44.0,-95.017,-95.017,-95.017,0.0,0.0,-0.0,33.0,-69.756,-70.244,-70.244,8.0,0.0,-0.0,34.0,-33.196,-33.196,-33.196,0.0,0.0,-0.0,34.0
0.8519,0,approach,-90.0,12.2,5.528,5.4,5.4,8.0,0.0,-0.0,34.0,-100.0,-100.0,-100.0,-8.0,0.0,-0.0,33.0,-97.155,-90.0,-96.716,-8.0,0.0,3.846,33.0,-65.467,-65.0,-65.0,-24.0,0.0,-0.0,44.0,-95.017,-95.017,-95.017,0.0,0.0,-0.0,33.0,-69.756,-70.244,-70.244,8.0,0.0,-0.0,34.0,-33.196,-33.196,-33.196,0.0,0.0,-0.0,34.0
0.9052,0,approach,-90.0,12.2,5.528,5.4,5.4,8.0,0.0,-0.0,34.0,-100.0,-100.0,-100.0,-8.0,0.0,-0.0,33.0,-96.871,-90.0,-96.37,-16.0,0.0,4.11,33.0,-65.467,-65.0,-65.0,-24.0,1.0,-0.0,43.0,-95.017,-95.017,-95.017,0.0,0.0,-0.0,33.0,-69.756,-70.244,-70.244,8.0,0.0,-0.0,34.0,-33.196,-33.196,-33.196,0.0,0.0,-0.0,34.0
0.9591,0,approach,-90.0,12.2,5.528,5.4,5.4,8.0,0.0,-0.0,34.0,-100.0,-100.0,-100.0,-8.0,0.0,-0.0,33.0,-96.728,-90.0,-96.148,-16.0,0.0,3.593,33.0,-65.467,-65.0,-65.0,-24.0,1.0,-0.0,43.0,-95.017,-95.017,-95.017,0.0,0.0,-0.0,33.0,-69.756,-70.244,-70.244,8.0,0.0,-0.0,34.0,-33.196,-33.196,-33.196,0.0,0.0,-0.0,34.0
1.0127,0,approach,-90.0,12.2,5.528,5.4,5.4,8.0,0.0,-0.0,34.0,-100.0,-100.0,-100.0,-8.0,0.0,-0.0,33.0,-96.444,-90.0,-96.028,-16.0,0.0,4.323,33.0,-65.467,-65.0,-65.0,-24.0,1.0,-0.0,43.0,-95.017,-95.017,-95.017,0.0,0.0,-0.0,33.0,-69.756,-70.244,-70.244,8.0,0.0,-0.0,34.0,-33.196,-33.196,-33.196,0.0,0.0,-0.0,34.0
1.0662,0,approach,-90.0,12.2,5.528,5.4,5.4,8.0,0.0,-0.0,34.0,-100.0,-100.0,-100.0,-8.0,0.0,-0.0,33.0,-96.302,-90.0,-95.812,-16.0,0.0,3.229,33.0,-65.467,-65.0,-65.0,-24.0,1.0,-0.0,43.0,-95.017,-95.017,-95.017,0.0,0.0,-0.0,33.0,-69.756,-70.244,-70.244,8.0,0.0,-0.0,34.0,-33.196,-33.196,-33.196,0.0,0.0,-0.0,34.0
1.1198,0,approach,-90.0,12.2,5.528,5.4,5.4,8.0,0.0,-0.0,34.0,-100.0,-100.0,-100.0,-8.0,0.0,-0.0,33.0,-96.017,-90.0,-95.598,-16.0,0.0,4.735,33.0,-65.467,-65.0,-65.0,-24.0,1.0,-0.0,43.0,-95.017,-95.017,-95.017,0.0,0.0,-0.0,33.0,-69.756,-70.244,-70.244,8.0,0.0,-0.0,34.0,-33.196,-33.196,-33.196,0.0,0.0,-0.0,34.0
1.1724,0,approach,-90.0,12.2,5.528,5.4,5.4,8.0,0.0,-0.0,34.0,-100.0,-100.0,-100.0,-8.0,0.0,-0.0,33.0,-95.875,-90.0,-95.381,-16.0,0.0,3.427,33.0,-65.467,-65.0,-65.0,-24.0,1.0,-0.0,43.0,-95.017,-95.017,-95.017,0.0,0.0,-0.0,33.0,-69.756,-70.244,-70.244,8.0,0.0,-0.0,34.0,-33.196,-33.196,-33.196,0.0,0.0,-0.0,34.0
1.2255,0,approach,-90.0,12.2,5.528,5.4,5.4,8.0,0.0,-0.0,34.0,-100.0,-100.0,-100.0,-8.0,0.0,-0.0,33.0,-95.733,-90.0,-95.166,-16.0,0.0,3.252,33.0,-65.467,-65.0,-65.0,-24.0,1.0,-0.0,43.0,-95.017,-95.017,-95.017,0.0,0.0,-0.0,33.0,-69.756,-70.244,-70.244,8.0,0.0,-0.0,34.0,-33.196,-33.196,-33.196,0.0,0.0,-0.0,34.0
1.2792,0,approach,-90.0,12.2,5.528,5.4,5.4,8.0,0.0,-0.0,34.0,-100.0,-100.0,-100.0,-8.0,0.0,-0.0,33.0,-95.59,-90.0,-94.949,-16.0,0.0,2.708,33.0,-65.467,-65.0,-65.0,-24.0,1.0,-0.0,43.0,-95.017,-95.017,-95.017,0.0,0.0,-0.0,33.0,-69.756,-70.244,-70.244,8.0,0.0,-0.0,34.0,-33.196,-33.196,-33.196,0.0,0.0,-0.0,34.0
1.3325,0,approach,-90.0,12.2,5.528,5.4,5.4,8.0,0.0,-0.0,34.0,-100.0,-100.0,-100.0,-8.0,0.0,-0.0,33.0,-95.306,-90.0,-94.732,-16.0,0.0,4.003,33.0,-65.467,-65.0,-65.0,-24.0,1.0,-0.0,43.0,-95.017,-95.017,-95.017,0.0,0.0,-0.0,33.0,-69.756,-70.244,-70.244,8.0,0.0,-0.0,34.0,-33.196,-33.196,-33.196,0.0,0.0,-0.0,34.0
1.3859,0,approach,-90.0,12.2,5.528,5.4,5.4,8.0,0.0,-0.0,34.0,-100.0,-100.0,-100.0,-8.0,0.0,-0.0,33.0,-95.164,-90.0,-94.517,-16.0,0.0,3.083,33.0,-65.467,-65.0,-65.0,-24.0,1.0,-0.0,43.0,-95.017,-95.017,-95.017,0.0,0.0,-0.0,33.0,-69.756,-70.244,-70.244,8.0,0.0,-0.0,34.0,-33.196,-33.196,-33.196,0.0,0.0,-0.0,34.0
1.439,0,approach,-90.0,12.2,5.528,5.4,5.4,8.0,0.0,-0.0,34.0,-100.0,-100.0,-100.0,-8.0,0.0,-0.0,33.0,-95.021,-90.0,-94.411,-24.0,1.0,3.77,33.0,-65.467,-65.0,-65.0,-24.0,1.0,-0.0,43.0,-95.017,-95.017,-95.017,0.0,0.0,-0.0,33.0,-69.756,-70.244,-70.244,8.0,0.0,-0.0,34.0,-33.196,-33.196,-33.196,0.0,0.0,-0.0,34.0
1.4909,0,approach,-90.0,12.2,5.528,5.4,5.4,8.0,0.0,-0.0,34.0,-100.0,-100.0,-100.0,-8.0,0.0,-0.0,33.0,-94.737,-90.0,-94.078,-24.0,1.0,2.9,33.0,-65.467,-65.0,-65.0,-24.0,1.0,-0.0,43.0,-95.017,-95.017,-95.017,0.0,0.0,-0.0,33.0,-69.756,-70.244,-70.244,8.0,0.0,-0.0,34.0,-32.99,-33.196,-33.196,0.0,0.0,0.763,34.0
1.543,0,approach,-90.0,12.2,5.528,5.4,5.4,8.0,0.0,-0.0,34.0,-100.0,-100.0,-100.0,-8.0,0.0,-0.0,33.0,-94.452,-90.0,-93.865,-24.0,1.0,4.603,33.0,-65.467,-65.0,-65.0,-24.0,1.0,-0.0,43.0,-95.017,-95.017,-95.017,0.0,0.0,-0.0,33.0,-69.756,-70.244,-70.244,8.0,0.0,-0.0,34.0,-32.99,-33.196,-33.196,0.0,0.0,0.374,34.0
1.5953,0,approach,-90.0,12.2,5.528,5.4,5.4,8.0,0.0,-0.0,34.0,-100.0,-100.0,-100.0,-8.0,0.0,-0.0,33.0,-94.168,-90.0,-93.65,-24.0,1.0,5.413,33.0,-65.467,-65.0,-65.0,-24.0,1.0,-0.0,43.0,-95.017,-95.017,-95.017,0.0,0.0,-0.0,33.0,-69.756,-70.244,-70.244,8.0,0.0,-0.0,34.0,-32.99,-33.196,-33.196,0.0,0.0,0.183,34.0
1.6488,0,approach,-90.0,12.2,5.528,5.4,5.4,8.0,0.0,-0.0,34.0,-100.0,-100.0,-100.0,-8.0,0.0,-0.0,33.0,-94.168,-90.0,-93.434,-24.0,1.0,2.653,33.0,-65.467,-65.0,-65.0,-24.0,1.0,-0.0,43.0,-95.017,-95.017,-95.017,0.0,0.0,-0.0,33.0,-69.756,-70.244,-70.244,8.0,0.0,-0.0,34.0,-32.99,-33.196,-33.196,0.0,0.0,0.09,34.0
1.7018,0,approach,-90.0,12.2,5.528,5.4,5.4,8.0,0.0,-0.0,34.0,-100.0,-100.0,-100.0,-8.0,0.0,-0.0,33.0,-93.741,-90.0,-93.22,-24.0,1.0,5.518,33.0,-65.467,-65.0,-65.0,-24.0,1.0,-0.0,43.0,-95.017,-95.017,-95.017,0.0,0.0,-0.0,33.0,-69.756,-70.244,-70.244,8.0,0.0,-0.0,34.0,-32.99,-33.196,-33.196,0.0,0.0,0.044,34.0
1.755,0,approach,-90.0,12.2,5.528,5.4,5.4,8.0,0.0,-0.0,34.0,-100.0,-100.0,-100.0,-8.0,0.0,-0.0,33.0,-93.599,-90.0,-93.0,-24.0,1.0,4.284,33.0,-65.467,-65.0,-65.0,-24.0,1.0,-0.0,43.0,-95.017,-95.017,-95.017,0.0,0.0,-0.0,33.0,-69.756,-70.244,-70.244,8.0,0.0,-0.0,34.0,-32.99,-33.196,-33.196,0.0,0.0,0.022,34.0
1.8073,0,approach,-90.0,12.2,5.528,5.4,5.4,8.0,0.0,-0.0,34.0,-100.0,-100.0,-100.0,-8.0,0.0,-0.0,33.0,-93.314,-90.0,-92.785,-24.0,1.0,4.779,33.0,-65.467,-65.0,-65.0,-24.0,1.0,-0.0,43.0,-95.017,-95.017,-95.017,0.0,0.0,-0.0,33.0,-69.756,-70.244,-70.244,8.0,0.0,-0.0,34.0,-32.99,-33.196,-33.196,0.0,0.0,0.011,34.0
1.8605,0,approach,-90.0,12.2,5.528,5.4,5.4,8.0,0.0,-0.0,34.0,-100.0,-100.0,-100.0,-8.0,0.0,-0.0,33.0,-93.314,-90.0,-92.568,-24.0,1.0,2.342,33.0,-65.467,-65.0,-65.0,-24.0,1.0,-0.0,43.0,-95.017,-95.017,-95.017,0.0,0.0,-0.0,33.0,-69.756,-70.244,-70.244,8.0,0.0,-0.0,34.0,-33.196,-33.196,-33.196,0.0,0.0,-1.585,34.0
1.9139,0,approach,-90.0,12.2,5.528,5.4,5.4,8.0,0.0,-0.0,34.0,-100.0,-100.0,-100.0,-8.0,0.0,-0.0,33.0,-93.03,-90.0,-92.355,-24.0,1.0,3.874,33.0,-65.467,-65.0,-65.0,-24.0,1.0,-0.0,43.0,-95.017,-95.017,-95.017,0.0,0.0,-0.0,33.0,-69.756,-70.244,-70.244,8.0,0.0,-0.0,34.0,-33.196,-33.196,-33.196,0.0,0.0,-0.777,34.0
1.9668,0,approach,-90.0,12.2,5.528,5.4,5.4,8.0,0.0,-0.0,34.0,-100.0,-100.0,-100.0,-8.0,0.0,-0.0,33.0,-92.888,-90.0,-92.14,-24.0,1.0,4.299,33.0,-65.467,-65.0,-65.0,-24.0,1.0,-0.0,43.0,-95.017,-95.017,-95.017,0.0,0.0,-0.0,33.0,-69.756,-70.244,-70.244,8.0,0.0,-0.0,34.0,-33.196,-33.196,-33.196,0.0,0.0,-0.544,34.0
2.0193,0,approach,-90.0,12.2,5.528,5.4,5.4,8.0,0.0,-0.0,34.0,-100.0,-100.0,-100.0,-8.0,0.0,-0.0,33.0,-92.888,-90.0,-92.14,-24.0,0.0,3.009,33.0,-65.467,-65.0,-65.0,-24.0,0.0,-0.0,43.0,-95.017,-95.017,-95.017,0.0,0.0,-0.0,33.0,-69.756,-70.244,-70.244,8.0,0.0,-0.0,34.0,-33.196,-33.196,-33.196,0.0,0.0,-0.381,34.0
2.0726,0,approach,-90.0,12.2,5.528,5.4,5.4,8.0,0.0,-0.0,34.0,-100.0,-100.0,-100.0,-8.0,0.0,-0.0,33.0,-92.461,-90.0,-91.788,-24.0,0.0,4.09,33.0,-65.467,-65.0,-65.0,-24.0,0.0,-0.0,43.0,-95.017,-95.017,-95.017,0.0,0.0,-0.0,33.0,-69.756,-70.244,-70.244,8.0,0.0,-0.0,34.0,-33.196,-33.196,-33.196,0.0,0.0,-0.186,34.0
2.1264,0,approach,-90.0,12.2,5.528,5.4,5.4,8.0,0.0,-0.0,34.0,-100.0,-100.0,-100.0,-8.0,0.0,-0.0,33.0,-92.176,-90.0,-91.574,-24.0,0.0,5.181,33.0,-65.467,-65.0,-65.0,-24.0,0.0,-0.0,43.0,-95.017,-95.017,-95.017,0.0,0.0,-0.0,33.0,-69.756,-70.244,-70.244,8.0,0.0,-0.0,34.0,-33.196,-33.196,-33.196,0.0,0.0,-0.091,34.0
2.1792,0,approach,-90.0,12.2,5.528,5.4,5.4,8.0,0.0,-0.0,34.0,-100.0,-100.0,-100.0,-8.0,0.0,-0.0,33.0,-92.034,-90.0,-91.358,-24.0,0.0,4.134,33.0,-65.467,-65.0,-65.0,-24.0,0.0,-0.0,43.0,-95.017,-95.017,-95.017,0.0,0.0,-0.0,33.0,-69.756,-70.244,-70.244,8.0,0.0,-0.0,34.0,-33.196,-33.196,-33.196,0.0,0.0,-0.045,34.0
2.2325,0,approach,-90.0,12.2,5.528,5.4,5.4,8.0,0.0,-0.0,34.0,-100.0,-100.0,-100.0,-8.0,0.0,-0.0,33.0,-91.75,-90.0,-91.144,-24.0,0.0,4.731,33.0,-65.467,-65.0,-65.0,-24.0,0.0,-0.0,43.0,-95.017,-95.017,-95.017,0.0,0.0,-0.0,33.0,-69.756,-70.244,-70.244,8.0,0.0,-0.0,34.0,-33.196,-33.196,-33.196,0.0,0.0,-0.022,34.0
2.2866,0,approach,-90.0,12.2,5.528,5.4,5.4,8.0,0.0,-0.0,34.0,-100.0,-100.0,-100.0,-8.0,0.0,-0.0,33.0,-91.607,-90.0,-90.928,-24.0,0.0,3.9,33.0,-65.467,-65.0,-65.0,-24.0,0.0,-0.0,43.0,-95.017,-95.017,-95.017,0.0,0.0,-0.0,33.0,-69.756,-70.244,-70.244,8.0,0.0,-0.0,34.0,-33.196,-33.196,-33.196,0.0,0.0,-0.011,34.0
2.3406,0,approach,-90.0,12.2,5.528,5.4,5.4,8.0,0.0,-0.0,34.0,-100.0,-100.0,-100.0,-8.0,0.0,-0.0,33.0,-91.323,-90.0,-90.713,-24.0,0.0,4.599,33.0,-65.467,-65.0,-65.0,-24.0,0.0,-0.0,43.0,-95.017,-95.017,-95.017,0.0,0.0,-0.0,33.0,-69.756,-70.244,-70.244,8.0,0.0,-0.0,34.0,-33.196,-33.196,-33.196,0.0,0.0,-0.005,34.0
2.3932,0,approach,-90.0,12.2,5.528,5.4,5.4,8.0,0.0,-0.0,34.0,-100.0,-100.0,-100.0,-8.0,0.0,-0.0,33.0,-91.181,-90.0,-90.497,-24.0,0.0,3.358,33.0,-65.467,-65.0,-65.0,-24.0,0.0,-0.0,43.0,-95.017,-95.017,-95.017,0.0,0.0,-0.0,33.0,-69.756,-70.244,-70.244,8.0,0.0,-0.0,34.0,-33.196,-33.196,-33.196,0.0,0.0,-0.003,34.0
2.4471,0,approach,-90.0,12.2,5.528,5.4,5.4,8.0,0.0,-0.0,34.0,-100.0,-100.0,-100.0,-8.0,0.0,-0.0,33.0,-90.896,-90.0,-90.283,-24.0,0.0,4.382,33.0,-65.467,-65.0,-65.0,-24.0,0.0,-0.0,43.0,-95.017,-95.017,-95.017,0.0,0.0,-0.0,33.0,-69.756,-70.244,-70.244,8.0,0.0,-0.0,34.0,-33.196,-33.196,-33.196,0.0,0.0,-0.001,34.0
2.4995,0,approach,-90.0,12.2,5.528,5.4,5.4,8.0,0.0,-0.0,34.0,-100.0,-100.0,-100.0,-8.0,0.0,-0.0,33.0,-90.754,-90.0,-90.068,-24.0,0.0,3.715,33.0,-65.467,-65.0,-65.0,-24.0,0.0,-0.0,43.0,-95.017,-95.017,-95.017,0.0,0.0,-0.0,33.0,-69.756,-70.244,-70.244,8.0,0.0,-0.0,34.0,-33.196,-33.196,-33.196,0.0,0.0,-0.001,34.0
2.5532,0,approach,-90.0,12.2,5.528,5.4,5.4,8.0,0.0,-0.0,34.0,-100.0,-100.0,-100.0,-8.0,0.0,-0.0,33.0,-90.469,-90.0,-90.0,-24.0,0.0,4.526,33.0,-65.467,-65.0,-65.0,-24.0,0.0,-0.0,43.0,-95.017,-95.017,-95.017,0.0,0.0,-0.0,33.0,-69.756,-70.244,-70.244,8.0,0.0,-0.0,34.0,-33.196,-33.196,-33.196,0.0,0.0,-0.0,34.0
2.6066,0,approach,-90.0,12.2,5.528,5.4,5.4,8.0,0.0,-0.0,34.0,-100.0,-100.0,-100.0,-8.0,0.0,-0.0,33.0,-90.327,-90.0,-90.0,-24.0,1.0,3.898,33.0,-65.467,-65.0,-65.0,-24.0,1.0,-0.0,43.0,-95.017,-95.017,-95.017,0.0,0.0,-0.0,33.0,-69.756,-70.244,-70.244,8.0,0.0,-0.0,34.0,-33.196,-33.196,-33.196,0.0,0.0,-0.0,34.0
2.6598,0,approach,-90.0,12.2,5.528,5.4,5.4,8.0,0.0,-0.0,34.0,-100.0,-100.0,-100.0,-8.0,0.0,-0.0,33.0,-90.327,-90.0,-90.0,-24.0,1.0,1.91,33.0,-65.467,-65.0,-65.0,-24.0,1.0,-0.0,43.0,-95.017,-95.017,-95.017,0.0,0.0,-0.0,33.0,-69.756,-70.244,-70.244,8.0,0.0,-0.0,34.0,-33.196,-33.196,-33.196,0.0,0.0,-0.0,34.0
2.7131,0,approach,-90.0,12.2,5.528,5.4,5.4,8.0,0.0,-0.0,34.0,-100.0,-100.0,-100.0,-8.0,0.0,-0.0,33.0,-90.327,-90.0,-90.0,-24.0,1.0,0.936,33.0,-65.467,-65.0,-65.0,-24.0,1.0,-0.0,43.0,-95.017,-95.017,-95.017,0.0,0.0,-0.0,33.0,-69.756,-70.244,-70.244,8.0,0.0,-0.0,34.0,-33.196,-33.196,-33.196,0.0,0.0,-0.0,34.0
2.7662,0,approach,-90.0,12.2,5.528,5.4,5.4,8.0,0.0,-0.0,34.0,-100.0,-100.0,-100.0,-8.0,0.0,-0.0,33.0,-90.327,-90.0,-90.0,-24.0,1.0,0.459,33.0,-65.467,-65.0,-65.0,-24.0,1.0,-0.0,43.0,-95.017,-95.017,-95.017,0.0,0.0,-0.0,33.0,-69.756,-70.244,-70.244,8.0,0.0,-0.0,34.0,-33.196,-33.196,-33.196,0.0,0.0,-0.0,34.0
2.8185,0,approach,-90.0,12.2,5.528,5.4,5.4,8.0,0.0,-0.0,34.0,-100.0,-100.0,-100.0,-8.0,0.0,-0.0,33.0,-90.327,-90.0,-90.0,-24.0,1.0,0.225,33.0,-65.467,-65.0,-65.0,-24.0,1.0,-0.0,43.0,-95.017,-95.017,-95.017,0.0,0.0,-0.0,33.0,-69.756,-70.244,-70.244,8.0,0.0,-0.0,34.0,-33.196,-33.196,-33.196,0.0,0.0,-0.0,34.0
2.8718,0,approach,-90.0,12.2,5.528,5.4,5.4,8.0,0.0,-0.0,34.0,-100.0,-100.0,-100.0,-8.0,0.0,-0.0,33.0,-90.327,-90.0,-90.0,-24.0,1.0,0.11,33.0,-65.467,-65.0,-65.0,-24.0,1.0,-0.0,43.0,-95.017,-95.017,-95.017,0.0,0.0,-0.0,33.0,-69.756,-70.244,-70.244,8.0,0.0,-0.0,34.0,-33.196,-33.196,-33.196,0.0,0.0,-0.0,34.0
2.925,0,approach,-90.0,12.2,5.528,5.4,5.4,8.0,0.0,-0.0,34.0,-100.0,-100.0,-100.0,-8.0,0.0,-0.0,33.0,-90.327,-90.0,-90.0,-24.0,1.0,0.054,33.0,-65.467,-65.0,-65.0,-24.0,1.0,-0.0,43.0,-95.017,-95.017,-95.017,0.0,0.0,-0.0,33.0,-69.756,-70.244,-70.244,8.0,0.0,-0.0,34.0,-33.196,-33.196,-33.196,0.0,0.0,-0.0,34.0
2.978,0,approach,-90.0,12.2,5.528,5.4,5.4,8.0,0.0,-0.0,34.0,-100.0,-100.0,-100.0,-8.0,0.0,-0.0,33.0,-90.327,-90.0,-90.0,-24.0,1.0,0.026,33.0,-65.467,-65.0,-65.0,-24.0,1.0,-0.0,43.0,-95.017,-95.017,-95.017,0.0,0.0,-0.0,33.0,-69.756,-70.244,-70.244,8.0,0.0,-0.0,34.0,-33.196,-33.196,-33.196,0.0,0.0,-0.0,34.0
3.0309,0,approach,-90.0,12.2,5.528,5.4,5.4,8.0,0.0,-0.0,34.0,-100.0,-100.0,-100.0,-8.0,0.0,-0.0,33.0,-90.327,-90.0,-90.0,-24.0,1.0,0.013,33.0,-65.467,-65.0,-65.0,-24.0,1.0,-0.0,43.0,-95.017,-95.017,-95.017,0.0,0.0,-0.0,33.0,-69.756,-70.244,-70.244,8.0,0.0,-0.0,34.0,-33.196,-33.196,-33.196,0.0,0.0,-0.0,34.0
3.084,0,approach,-90.0,12.2,5.528,5.4,5.4,8.0,0.0,-0.0,34.0,-100.0,-100.0,-100.0,-8.0,0.0,-0.0,33.0,-90.327,-90.0,-90.0,-24.0,1.0,0.006,33.0,-65.467,-65.0,-65.0,-24.0,1.0,-0.0,43.0,-95.017,-95.017,-95.017,0.0,0.0,-0.0,33.0,-69.756,-70.244,-70.244,8.0,0.0,-0.0,34.0,-33.196,-33.196,-33.196,0.0,0.0,-0.0,34.0
3.1363,0,approach,-90.0,12.2,5.528,5.4,5.4,8.0,0.0,-0.0,34.0,-100.0,-100.0,-100.0,-8.0,0.0,-0.0,33.0,-90.327,-90.0,-90.0,-24.0,1.0,0.004,33.0,-65.467,-65.0,-65.0,-24.0,1.0,-0.0,43.0,-95.017,-95.017,-95.017,0.0,0.0,-0.0,33.0,-69.756,-70.244,-70.244,8.0,0.0,-0.0,34.0,-33.196,-33.196,-33.196,0.0,0.0,-0.0,34.0
3.1902,0,approach,-90.0,12.2,5.528,5.4,5.4,8.0,0.0,-0.0,34.0,-100.0,-100.0,-100.0,-8.0,0.0,-0.0,33.0,-90.327,-90.0,-90.0,-16.0,0.0,0.003,33.0,-65.467,-65.0,-65.0,-24.0,1.0,-0.0,43.0,-95.017,-95.017,-95.017,0.0,0.0,-0.0,33.0,-69.756,-70.244,-70.244,8.0,0.0,-0.0,34.0,-33.196,-33.196,-33.196,0.0,1.0,-0.0,34.0
3.2439,0,approach,-90.0,12.2,5.528,5.4,5.4,8.0,0.0,-0.0,34.0,-100.0,-100.0,-100.0,-8.0,0.0,-0.0,33.0,-90.327,-90.0,-90.0,-16.0,0.0,0.002,33.0,-65.467,-65.0,-65.0,-24.0,1.0,-0.0,43.0,-95.017,-95.017,-95.017,0.0,0.0,-0.0,33.0,-69.756,-70.244,-70.244,8.0,0.0,-0.0,34.0,-33.196,-33.196,-33.196,0.0,1.0,-0.0,34.0
3.2974,0,approach,-90.0,12.2,5.528,5.4,5.4,8.0,0.0,-0.0,34.0,-100.0,-100.0,-100.0,-8.0,0.0,-0.0,33.0,-90.327,-90.0,-90.0,-16.0,0.0,0.001,33.0,-65.467,-65.0,-65.0,-24.0,1.0,-0.0,43.0,-95.017,-95.017,-95.017,0.0,0.0,-0.0,33.0,-69.756,-70.244,-70.244,8.0,0.0,-0.0,34.0,-33.196,-33.196,-33.196,0.0,1.0,-0.0,34.0
3.3504,0,approach,-90.0,12.2,5.528,5.4,5.4,8.0,0.0,-0.0,34.0,-100.0,-100.0,-100.0,-8.0,0.0,-0.0,33.0,-90.327,-90.0,-90.0,-16.0,0.0,0.0,33.0,-65.467,-65.0,-65.0,-24.0,1.0,-0.0,43.0,-95.017,-95.017,-95.017,0.0,0.0,-0.0,33.0,-69.756,-70.244,-70.244,8.0,0.0,-0.0,34.0,-33.196,-33.196,-33.196,0.0,1.0,-0.0,34.0
3.4033,0,approach,-90.0,12.2,5.528,5.4,5.4,8.0,0.0,-0.0,34.0,-100.0,-100.0,-100.0,-8.0,0.0,-0.0,33.0,-90.327,-90.0,-90.0,-16.0,0.0,0.0,33.0,-65.467,-65.0,-65.0,-24.0,1.0,-0.0,43.0,-95.017,-95.017,-95.017,0.0,0.0,-0.0,33.0,-69.756,-70.244,-70.244,8.0,0.0,-0.0,34.0,-33.196,-33.196,-33.196,0.0,1.0,-0.0,34.0
3.4565,0,approach,-90.0,12.2,5.528,5.4,5.4,8.0,0.0,-0.0,34.0,-100.0,-100.0,-100.0,-8.0,0.0,-0.0,33.0,-90.327,-90.0,-90.0,-16.0,0.0,0.0,33.0,-65.467,-65.0,-65.0,-24.0,1.0,-0.0,43.0,-95.017,-95.017,-95.017,0.0,0.0,-0.0,33.0,-69.756,-70.244,-70.244,8.0,0.0,-0.0,34.0,-33.196,-33.196,-33.196,0.0,1.0,-0.0,34.0
3.5097,1,fwd,90.0,12.2,5.528,5.4,5.4,8.0,0.0,-0.0,34.0,-100.0,-100.0,-100.0,-8.0,0.0,-0.0,33.0,-90.327,-90.0,-90.0,-16.0,0.0,0.0,33.0,-65.467,-65.0,-65.0,-24.0,1.0,-0.0,43.0,-95.017,-95.017,-95.017,0.0,0.0,-0.0,33.0,-69.756,-70.244,-70.244,8.0,0.0,-0.0,34.0,-33.196,-33.196,-33.196,0.0,1.0,-0.0,34.0
3.5618,1,fwd,90.0,12.2,5.528,5.4,5.4,8.0,0.0,-0.0,34.0,-100.0,-100.0,-100.0,-8.0,0.0,-0.0,33.0,-90.327,90.0,-89.783,-16.0,0.0,0.0,33.0,-65.467,-65.0,-65.0,-24.0,1.0,-0.0,43.0,-95.017,-95.017,-95.017,0.0,0.0,-0.0,33.0,-69.756,-70.244,-70.244,8.0,0.0,-0.0,34.0,-33.196,-33.196,-33.196,0.0,1.0,-0.0,34.0
3.6143,1,fwd,90.0,12.2,5.528,5.4,5.4,8.0,0.0,-0.0,34.0,-100.0,-100.0,-100.0,-8.0,0.0,-0.0,33.0,-90.185,90.0,-89.568,-16.0,0.0,1.59,33.0,-65.467,-65.0,-65.0,-24.0,1.0,-0.0,43.0,-95.017,-95.017,-95.017,0.0,0.0,-0.0,33.0,-69.756,-70.244,-70.244,8.0,0.0,-0.0,34.0,-33.196,-33.196,-33.196,0.0,1.0,-0.0,34.0
3.6663,1,fwd,90.0,12.2,5.528,5.4,5.4,8.0,0.0,-0.0,34.0,-100.0,-100.0,-100.0,-8.0,0.0,-0.0,33.0,-90.043,90.0,-89.352,-16.0,0.0,2.385,33.0,-65.467,-65.0,-65.0,-24.0,1.0,-0.0,43.0,-95.017,-95.017,-95.017,0.0,0.0,-0.0,33.0,-69.756,-70.244,-70.244,8.0,0.0,-0.0,34.0,-33.196,-33.196,-33.196,0.0,1.0,-0.0,34.0
3.7194,1,fwd,90.0,12.2,5.528,5.4,5.4,8.0,0.0,-0.0,34.0,-100.0,-100.0,-100.0,-8.0,0.0,-0.0,33.0,-89.9,90.0,-89.246,-24.0,1.0,3.274,33.0,-65.467,-65.0,-65.0,-24.0,0.0,-0.0,43.0,-95.017,-95.017,-95.017,0.0,0.0,-0.0,32.0,-69.756,-70.244,-70.244,8.0,0.0,-0.0,34.0,-33.196,-33.196,-33.196,0.0,0.0,-0.0,34.0
3.7713,1,fwd,90.0,12.2,5.528,5.4,5.4,8.0,0.0,-0.0,34.0,-100.0,-100.0,-100.0,-8.0,0.0,-0.0,33.0,-89.758,90.0,-88.911,-24.0,1.0,2.128,33.0,-65.467,-65.0,-65.0,-24.0,0.0,-0.0,43.0,-95.017,-95.017,-95.017,0.0,0.0,-0.0,32.0,-69.756,-70.244,-70.244,8.0,0.0,-0.0,34.0,-33.196,-33.196,-33.196,0.0,0.0,-0.0,34.0
3.8233,1,fwd,90.0,12.2,5.528,5.4,5.4,8.0,0.0,-0.0,34.0,-100.0,-100.0,-100.0,-8.0,0.0,-0.0,33.0,-89.474,90.0,-88.698,-24.0,1.0,3.281,33.0,-65.467,-65.0,-65.0,-24.0,0.0,-0.0,43.0,-95.017,-95.017,-95.017,0.0,0.0,-0.0,32.0,-69.756,-70.244,-70.244,8.0,0.0,-0.0,34.0,-33.196,-33.196,-33.196,0.0,0.0,-0.0,34.0
3.8765,1,fwd,90.0,12.2,5.528,5.4,5.4,8.0,0.0,-0.0,34.0,-100.0,-100.0,-100.0,-8.0,0.0,-0.0,33.0,-89.189,90.0,-88.484,-24.0,1.0,4.309,33.0,-65.467,-65.0,-65.0,-24.0,0.0,-0.0,43.0,-95.017,-95.017,-95.017,0.0,0.0,-0.0,32.0,-69.756,-70.244,-70.244,8.0,0.0,-0.0,34.0,-33.196,-33.196,-33.196,0.0,0.0,-0.0,34.0
3.93,1,fwd,90.0,12.2,5.528,5.4,5.4,8.0,0.0,-0.0,34.0,-100.0,-100.0,-100.0,-8.0,0.0,-0.0,33.0,-89.047,90.0,-88.271,-24.0,1.0,3.237,33.0,-65.467,-65.0,-65.0,-24.0,0.0,-0.0,43.0,-95.017,-95.017,-95.017,0.0,0.0,-0.0,32.0,-69.756,-70.244,-70.244,8.0,0.0,-0.0,34.0,-33.196,-33.196,-33.196,0.0,0.0,-0.0,34.0
3.983,1,fwd,90.0,12.2,5.528,5.4,5.4,8.0,0.0,-0.0,34.0,-100.0,-100.0,-100.0,-8.0,0.0,-0.0,33.0,-88.762,90.0,-88.055,-24.0,1.0,4.303,33.0,-65.467,-65.0,-65.0,-24.0,0.0,-0.0,43.0,-95.017,-95.017,-95.017,0.0,0.0,-0.0,32.0,-69.756,-70.244,-70.244,8.0,0.0,-0.0,34.0,-33.196,-33.196,-33.196,0.0,0.0,-0.0,34.0
4.036,1,fwd,90.0,12.2,5.528,5.4,5.4,8.0,0.0,-0.0,34.0,-100.0,-100.0,-100.0,-8.0,0.0,-0.0,33.0,-88.62,90.0,-87.839,-24.0,1.0,4.592,33.0,-65.467,-65.0,-65.0,-24.0,0.0,-0.0,43.0,-95.017,-95.017,-95.017,0.0,0.0,-0.0,32.0,-69.756,-70.244,-70.244,8.0,0.0,-0.0,34.0,-33.196,-33.196,-33.196,0.0,0.0,-0.0,34.0
4.0892,1,fwd,90.0,12.2,5.528,5.4,5.4,8.0,0.0,-0.0,34.0,-100.0,-100.0,-100.0,-8.0,0.0,-0.0,33.0,-88.478,90.0,-87.614,-24.0,1.0,3.244,33.0,-65.467,-65.0,-65.0,-24.0,0.0,-0.0,43.0,-95.017,-95.017,-95.017,0.0,0.0,-0.0,32.0,-69.756,-70.244,-70.244,8.0,0.0,-0.0,34.0,-33.196,-33.196,-33.196,0.0,0.0,-0.0,34.0
4.1414,1,fwd,90.0,12.2,5.528,5.4,5.4,8.0,0.0,-0.0,34.0,-100.0,-100.0,-100.0,-8.0,0.0,-0.0,33.0,-88.193,90.0,-87.498,-24.0,1.0,4.206,33.0,-65.467,-65.0,-65.0,-24.0,0.0,-0.0,43.0,-95.017,-95.017,-95.017,0.0,0.0,-0.0,32.0,-69.756,-70.244,-70.244,8.0,0.0,-0.0,34.0,-33.196,-33.196,-33.196,0.0,0.0,-0.0,34.0
4.195,1,fwd,90.0,12.2,5.528,5.4,5.4,8.0,0.0,-0.0,34.0,-100.0,-100.0,-100.0,-8.0,0.0,-0.0,33.0,-88.051,90.0,-87.27,-24.0,1.0,3.054,33.0,-65.467,-65.0,-65.0,-24.0,0.0,-0.0,43.0,-95.017,-95.017,-95.017,0.0,0.0,-0.0,32.0,-69.756,-70.244,-70.244,8.0,0.0,-0.0,34.0,-33.196,-33.196,-33.196,0.0,0.0,-0.0,34.0
4.2473,1,fwd,90.0,12.2,5.528,5.4,5.4,8.0,0.0,-0.0,34.0,-100.0,-100.0,-100.0,-8.0,0.0,-0.0,33.0,-87.767,90.0,-87.057,-24.0,1.0,4.229,33.0,-65.467,-65.0,-65.0,-24.0,0.0,-0.0,43.0,-95.017,-95.017,-95.017,0.0,0.0,-0.0,32.0,-69.756,-70.244,-70.244,8.0,0.0,-0.0,34.0,-33.196,-33.196,-33.196,0.0,0.0,-0.0,34.0
4.3011,1,fwd,90.0,12.2,5.528,5.4,5.4,8.0,0.0,-0.0,34.0,-100.0,-100.0,-100.0,-8.0,0.0,-0.0,33.0,-87.624,90.0,-86.951,-24.0,1.0,4.56,33.0,-65.467,-65.0,-65.0,-24.0,1.0,-0.0,43.0,-95.017,-95.017,-95.017,0.0,0.0,-0.0,33.0,-69.756,-70.244,-70.244,8.0,0.0,-0.0,34.0,-33.196,-33.196,-33.196,0.0,0.0,-0.0,34.0
4.354,1,fwd,90.0,12.2,5.528,5.4,5.4,8.0,0.0,-0.0,34.0,-100.0,-100.0,-100.0,-8.0,0.0,-0.0,33.0,-87.482,90.0,-86.614,-24.0,1.0,2.754,33.0,-65.467,-65.0,-65.0,-24.0,1.0,-0.0,43.0,-95.017,-95.017,-95.017,0.0,0.0,-0.0,33.0,-69.756,-70.244,-70.244,8.0,0.0,-0.0,34.0,-33.196,-33.196,-33.196,0.0,0.0,-0.0,34.0
4.4063,1,fwd,90.0,12.2,5.528,5.4,5.4,8.0,0.0,-0.0,34.0,-100.0,-100.0,-100.0,-8.0,0.0,-0.0,33.0,-87.055,90.0,-86.396,-24.0,1.0,5.112,33.0,-65.467,-65.0,-65.0,-24.0,1.0,-0.0,43.0,-95.017,-95.017,-95.017,0.0,0.0,-0.0,33.0,-69.756,-70.244,-70.244,8.0,0.0,-0.0,34.0,-33.196,-33.196,-33.196,0.0,0.0,-0.0,34.0
4.4601,1,fwd,90.0,12.2,5.528,5.4,5.4,8.0,0.0,-0.0,34.0,-100.0,-100.0,-100.0,-8.0,0.0,-0.0,33.0,-86.913,90.0,-86.179,-24.0,1.0,4.113,33.0,-65.467,-65.0,-65.0,-24.0,1.0,-0.0,43.0,-95.017,-95.017,-95.017,0.0,0.0,-0.0,33.0,-69.756,-70.244,-70.244,8.0,0.0,-0.0,34.0,-33.196,-33.196,-33.196,0.0,0.0,-0.0,34.0
4.5124,1,fwd,90.0,12.2,5.528,5.4,5.4,8.0,0.0,-0.0,34.0,-100.0,-100.0,-100.0,-8.0,0.0,-0.0,33.0,-86.629,90.0,-85.964,-24.0,1.0,4.708,33.0,-65.467,-65.0,-65.0,-24.0,1.0,-0.0,43.0,-95.017,-95.017,-95.017,0.0,0.0,-0.0,33.0,-69.756,-70.244,-70.244,8.0,0.0,-0.0,34.0,-33.196,-33.196,-33.196,0.0,0.0,-0.0,34.0
4.5655,1,fwd,90.0,12.2,5.528,5.4,5.4,8.0,0.0,-0.0,34.0,-100.0,-100.0,-100.0,-8.0,0.0,-0.0,33.0,-86.486,90.0,-85.75,-24.0,1.0,3.912,33.0,-65.467,-65.0,-65.0,-24.0,1.0,-0.0,43.0,-95.017,-95.017,-95.017,0.0,0.0,-0.0,33.0,-69.756,-70.244,-70.244,8.0,0.0,-0.0,34.0,-32.99,-33.196,-33.196,0.0,0.0,1.624,34.0
4.6188,1,fwd,90.0,12.2,5.528,5.4,5.4,8.0,0.0,-0.0,34.0,-100.0,-100.0,-100.0,-8.0,0.0,-0.0,33.0,-86.202,90.0,-85.536,-24.0,1.0,4.622,33.0,-65.467,-65.0,-65.0,-24.0,1.0,-0.0,43.0,-95.017,-95.017,-95.017,0.0,0.0,-0.0,33.0,-69.756,-70.244,-70.244,8.0,0.0,-0.0,34.0,-32.99,-33.196,-33.196,0.0,0.0,0.796,34.0
4.6721,1,fwd,90.0,12.2,5.528,5.4,5.4,8.0,0.0,-0.0,34.0,-100.0,-100.0,-100.0,-8.0,0.0,-0.0,33.0,-86.06,90.0,-85.321,-24.0,1.0,3.846,33.0,-65.467,-65.0,-65.0,-24.0,1.0,-0.0,43.0,-95.017,-95.017,-95.017,0.0,0.0,-0.0,33.0,-69.756,-70.244,-70.244,8.0,0.0,-0.0,34.0,-32.99,-33.196,-33.196,0.0,0.0,0.39,34.0
4.7244,1,fwd,90.0,12.2,5.528,5.4,5.4,8.0,0.0,-0.0,34.0,-100.0,-100.0,-100.0,-8.0,0.0,-0.0,33.0,-85.775,90.0,-85.106,-24.0,1.0,4.602,33.0,-65.467,-65.0,-65.0,-24.0,1.0,-0.0,43.0,-95.017,-95.017,-95.017,0.0,0.0,-0.0,33.0,-69.756,-70.244,-70.244,8.0,0.0,-0.0,34.0,-32.99,-33.196,-33.196,0.0,0.0,0.191,34.0
4.7763,1,fwd,90.0,12.2,5.528,5.4,5.4,8.0,0.0,-0.0,34.0,-100.0,-100.0,-100.0,-8.0,0.0,-0.0,33.0,-85.633,90.0,-84.894,-24.0,1.0,3.874,33.0,-65.467,-65.0,-65.0,-24.0,1.0,-0.0,43.0,-95.017,-95.017,-95.017,0.0,0.0,-0.0,33.0,-69.756,-70.244,-70.244,8.0,0.0,-0.0,34.0,-32.99,-33.196,-33.196,0.0,0.0,0.094,34.0
4.8292,1,fwd,90.0,12.2,5.528,5.4,5.4,8.0,0.0,-0.0,34.0,-100.0,-100.0,-100.0,-8.0,0.0,-0.0,33.0,-85.349,90.0,-84.68,-24.0,1.0,4.58,33.0,-65.467,-65.0,-65.0,-24.0,1.0,-0.0,43.0,-95.017,-95.017,-95.017,0.0,0.0,-0.0,33.0,-69.756,-70.244,-70.244,8.0,0.0,-0.0,34.0,-32.99,-33.196,-33.196,0.0,0.0,0.046,34.0
4.8823,1,fwd,90.0,12.2,5.528,5.4,5.4,8.0,0.0,-0.0,34.0,-100.0,-100.0,-100.0,-8.0,0.0,-0.0,33.0,-85.349,90.0,-84.45,-24.0,1.0,4.58,33.0,-65.467,-65.0,-65.0,-24.0,0.0,-0.0,43.0,-95.017,-95.017,-95.017,0.0,0.0,-0.0,33.0,-69.756,-70.244,-70.244,8.0,0.0,-0.0,34.0,-32.99,-33.196,-33.196,8.0,0.0,0.046,34.0
4.9358,1,fwd,90.0,12.2,5.528,5.4,5.4,8.0,0.0,-0.0,34.0,-100.0,-100.0,-100.0,-8.0,0.0,-0.0,33.0,-85.206,90.0,-84.225,-24.0,1.0,2.742,33.0,-65.467,-65.0,-65.0,-24.0,0.0,-0.0,43.0,-95.017,-95.017,-95.017,0.0,0.0,-0.0,33.0,-69.756,-70.244,-70.244,8.0,0.0,-0.0,34.0,-32.99,-33.196,-33.196,8.0,0.0,0.022,34.0
4.9885,1,fwd,90.0,12.2,5.528,5.4,5.4,8.0,0.0,-0.0,34.0,-100.0,-100.0,-100.0,-8.0,0.0,-0.0,33.0,-84.78,90.0,-84.107,-24.0,1.0,5.526,33.0,-65.467,-65.0,-65.0,-24.0,0.0,-0.0,43.0,-95.017,-95.017,-95.017,0.0,0.0,-0.0,33.0,-69.756,-70.244,-70.244,8.0,0.0,-0.0,34.0,-32.99,-33.196,-33.196,8.0,0.0,0.011,34.0
5.042,1,fwd,90.0,12.2,5.528,5.4,5.4,8.0,0.0,-0.0,34.0,-100.0,-100.0,-100.0,-8.0,0.0,-0.0,33.0,-84.637,90.0,-83.884,-24.0,1.0,4.325,33.0,-65.467,-65.0,-65.0,-24.0,0.0,-0.0,43.0,-95.017,-95.017,-95.017,0.0,0.0,-0.0,33.0,-69.756,-70.244,-70.244,8.0,0.0,-0.0,34.0,-32.99,-33.196,-33.196,8.0,0.0,0.005,34.0
5.0955,1,fwd,90.0,12.2,5.528,5.4,5.4,8.0,0.0,-0.0,34.0,-100.0,-100.0,-100.0,-8.0,0.0,-0.0,33.0,-84.353,90.0,-83.671,-24.0,1.0,4.835,33.0,-65.467,-65.0,-65.0,-24.0,0.0,-0.0,43.0,-95.017,-95.017,-95.017,0.0,0.0,-0.0,33.0,-69.756,-70.244,-70.244,8.0,0.0,-0.0,34.0,-32.99,-33.196,-33.196,8.0,0.0,0.003,34.0
5.1485,1,fwd,90.0,12.2,5.528,5.4,5.4,8.0,0.0,-0.0,34.0,-100.0,-100.0,-100.0,-8.0,0.0,-0.0,33.0,-84.211,90.0,-83.456,-24.0,1.0,3.472,33.0,-65.467,-65.0,-65.0,-24.0,0.0,-0.0,43.0,-95.017,-95.017,-95.017,0.0,0.0,-0.0,33.0,-69.756,-70.244,-70.244,8.0,0.0,-0.0,34.0,-32.99,-33.196,-33.196,8.0,0.0,0.001,34.0
5.2018,1,fwd,90.0,12.2,5.528,5.4,5.4,8.0,0.0,-0.0,34.0,-100.0,-100.0,-100.0,-8.0,0.0,-0.0,33.0,-83.926,90.0,-83.242,-24.0,1.0,4.423,33.0,-65.467,-65.0,-65.0,-24.0,0.0,-0.0,43.0,-95.017,-95.017,-95.017,0.0,0.0,-0.0,33.0,-69.756,-70.244,-70.244,8.0,0.0,-0.0,34.0,-33.196,-33.196,-33.196,8.0,0.0,-1.623,34.0
5.255,1,fwd,90.0,12.2,5.528,5.4,5.4,8.0,0.0,-0.0,34.0,-100.0,-100.0,-100.0,-8.0,0.0,-0.0,33.0,-83.784,90.0,-83.027,-24.0,1.0,3.274,33.0,-65.467,-65.0,-65.0,-24.0,0.0,-0.0,43.0,-95.017,-95.017,-95.017,0.0,0.0,-0.0,33.0,-69.756,-70.244,-70.244,8.0,0.0,-0.0,34.0,-33.196,-33.196,-33.196,8.0,0.0,-0.795,34.0
5.3091,1,fwd,90.0,12.2,5.528,5.4,5.4,8.0,0.0,-0.0,34.0,-100.0,-100.0,-100.0,-8.0,0.0,-0.0,33.0,-83.499,90.0,-82.812,-24.0,1.0,4.297,33.0,-65.467,-65.0,-65.0,-24.0,0.0,-0.0,43.0,-95.017,-95.017,-95.017,0.0,0.0,-0.0,33.0,-69.756,-70.244,-70.244,8.0,0.0,-0.0,34.0,-33.196,-33.196,-33.196,8.0,0.0,-0.39,34.0
5.3615,1,fwd,90.0,12.2,5.528,5.4,5.4,8.0,0.0,-0.0,34.0,-100.0,-100.0,-100.0,-8.0,0.0,-0.0,33.0,-83.357,90.0,-82.595,-24.0,1.0,3.213,33.0,-65.467,-65.0,-65.0,-24.0,0.0,-0.0,43.0,-95.017,-95.017,-95.017,0.0,0.0,-0.0,33.0,-69.756,-70.244,-70.244,8.0,0.0,-0.0,34.0,-33.196,-33.196,-33.196,8.0,0.0,-0.191,34.0
5.4148,1,fwd,90.0,12.2,5.528,5.4,5.4,8.0,0.0,-0.0,34.0,-100.0,-100.0,-100.0,-8.0,0.0,-0.0,33.0,-83.073,90.0,-82.379,-24.0,1.0,4.724,33.0,-65.467,-65.0,-65.0,-24.0,0.0,-0.0,43.0,-95.017,-95.017,-95.017,0.0,0.0,-0.0,33.0,-69.756,-70.244,-70.244,8.0,0.0,-0.0,34.0,-33.196,-33.196,-33.196,8.0,0.0,-0.094,34.0
5.4672,1,fwd,90.0,12.2,5.528,5.4,5.4,8.0,0.0,-0.0,34.0,-100.0,-100.0,-100.0,-8.0,0.0,-0.0,33.0,-82.93,90.0,-82.145,-32.0,1.0,4.033,33.0,-65.467,-65.0,-65.0,-24.0,0.0,-0.0,43.0,-95.017,-95.017,-95.017,0.0,0.0,-0.0,33.0,-69.756,-70.244,-70.244,8.0,0.0,-0.0,34.0,-33.196,-33.196,-33.196,0.0,0.0,-0.065,34.0
5.5207,1,fwd,90.0,12.2,5.528,5.4,5.4,8.0,0.0,-0.0,34.0,-100.0,-100.0,-100.0,-8.0,0.0,-0.0,33.0,-82.788,90.0,-81.929,-32.0,1.0,3.541,33.0,-65.467,-65.0,-65.0,-24.0,0.0,-0.0,43.0,-95.017,-95.017,-95.017,0.0,0.0,-0.0,33.0,-69.756,-70.244,-70.244,8.0,0.0,-0.0,34.0,-33.196,-33.196,-33.196,0.0,0.0,-0.032,34.0
5.5741,1,fwd,90.0,12.2,5.528,5.4,5.4,8.0,0.0,-0.0,34.0,-100.0,-100.0,-100.0,-8.0,0.0,-0.0,33.0,-82.504,90.0,-81.712,-32.0,1.0,4.449,33.0,-65.467,-65.0,-65.0,-24.0,0.0,-0.0,43.0,-95.017,-95.017,-95.017,0.0,0.0,-0.0,33.0,-69.756,-70.244,-70.244,8.0,0.0,-0.0,34.0,-33.196,-33.196,-33.196,0.0,0.0,-0.016,34.0
5.6264,1,fwd,90.0,12.2,5.528,5.4,5.4,8.0,0.0,-0.0,34.0,-100.0,-100.0,-100.0,-8.0,0.0,-0.0,33.0,-82.361,90.0,-81.5,-32.0,1.0,3.303,33.0,-65.467,-65.0,-65.0,-24.0,0.0,-0.0,43.0,-95.017,-95.017,-95.017,0.0,0.0,-0.0,33.0,-69.756,-70.244,-70.244,8.0,0.0,-0.0,34.0,-33.196,-33.196,-33.196,0.0,0.0,-0.008,34.0
5.6788,1,fwd,90.0,12.2,5.528,5.4,5.4,8.0,0.0,-0.0,34.0,-100.0,-100.0,-100.0,-8.0,0.0,-0.0,33.0,-82.077,90.0,-81.286,-32.0,1.0,3.852,33.0,-65.467,-65.0,-65.0,-24.0,0.0,-0.0,43.0,-95.017,-95.017,-95.017,0.0,0.0,-0.0,33.0,-69.756,-70.244,-70.244,8.0,0.0,-0.0,34.0,-33.196,-33.196,-33.196,0.0,0.0,-0.004,34.0
5.7313,1,fwd,90.0,12.2,5.528,5.4,5.4,8.0,0.0,-0.0,34.0,-100.0,-100.0,-100.0,-8.0,0.0,-0.0,33.0,-81.792,90.0,-81.071,-32.0,1.0,4.585,33.0,-65.467,-65.0,-65.0,-24.0,0.0,-0.0,43.0,-95.017,-95.017,-95.017,0.0,0.0,-0.0,33.0,-69.756,-70.244,-70.244,8.0,0.0,-0.0,34.0,-33.196,-33.196,-33.196,0.0,0.0,-0.002,34.0
5.7845,1,fwd,90.0,12.2,5.528,5.4,5.4,8.0,0.0,-0.0,34.0,-100.0,-100.0,-100.0,-8.0,0.0,-0.0,33.0,-81.508,90.0,-80.857,-32.0,1.0,4.963,33.0,-65.467,-65.0,-65.0,-24.0,0.0,-0.0,43.0,-95.017,-95.017,-95.017,0.0,0.0,-0.0,33.0,-69.756,-70.244,-70.244,8.0,0.0,-0.0,34.0,-33.196,-33.196,-33.196,0.0,0.0,-0.001,34.0
5.8375,1,fwd,90.0,12.2,5.528,5.4,5.4,8.0,0.0,-0.0,34.0,-100.0,-100.0,-100.0,-8.0,0.0,-0.0,33.0,-81.366,90.0,-80.642,-32.0,1.0,4.027,33.0,-65.467,-65.0,-65.0,-24.0,0.0,-0.0,43.0,-95.017,-95.017,-95.017,0.0,0.0,-0.0,33.0,-69.756,-70.244,-70.244,8.0,0.0,-0.0,34.0,-33.196,-33.196,-33.196,0.0,0.0,-0.0,34.0
5.891,1,fwd,90.0,12.2,5.528,5.4,5.4,8.0,0.0,-0.0,34.0,-100.0,-100.0,-100.0,-8.0,0.0,-0.0,33.0,-81.081,90.0,-80.428,-32.0,1.0,4.661,33.0,-65.467,-65.0,-65.0,-24.0,0.0,-0.0,43.0,-95.017,-95.017,-95.017,0.0,0.0,-0.0,33.0,-69.756,-70.244,-70.244,8.0,0.0,-0.0,34.0,-33.196,-33.196,-33.196,0.0,0.0,-0.0,34.0
5.9434,1,fwd,90.0,12.2,5.528,5.4,5.4,8.0,0.0,-0.0,34.0,-100.0,-100.0,-100.0,-8.0,0.0,-0.0,33.0,-81.081,90.0,-80.211,-32.0,1.0,2.284,33.0,-65.467,-65.0,-65.0,-24.0,0.0,-0.0,43.0,-95.017,-95.017,-95.017,0.0,0.0,-0.0,33.0,-69.756,-70.244,-70.244,8.0,0.0,-0.0,34.0,-33.196,-33.196,-33.196,0.0,0.0,-0.0,34.0
5.9967,1,fwd,90.0,12.2,5.528,5.4,5.4,8.0,0.0,-0.0,34.0,-100.0,-100.0,-100.0,-8.0,0.0,-0.0,33.0,-80.797,90.0,-80.104,-32.0,1.0,4.794,33.0,-65.467,-65.0,-65.0,-24.0,0.0,-0.0,43.0,-95.017,-95.017,-95.017,0.0,0.0,-0.0,33.0,-69.756,-70.244,-70.244,8.0,0.0,-0.0,34.0,-33.196,-33.196,-33.196,0.0,0.0,-0.0,34.0
6.0494,1,fwd,90.0,12.2,5.528,5.4,5.4,8.0,0.0,-0.0,34.0,-100.0,-100.0,-100.0,-8.0,0.0,-0.0,33.0,-80.654,90.0,-79.86,-32.0,1.0,4.056,33.0,-65.467,-65.0,-65.0,-24.0,0.0,-0.0,43.0,-95.017,-95.017,-95.017,0.0,0.0,-0.0,33.0,-69.756,-70.244,-70.244,8.0,0.0,-0.0,34.0,-33.196,-33.196,-33.196,0.0,0.0,-0.0,34.0
6.1024,1,fwd,90.0,12.2,5.528,5.4,5.4,8.0,0.0,-0.0,34.0,-100.0,-100.0,-100.0,-8.0,0.0,-0.0,33.0,-80.512,90.0,-79.639,-32.0,1.0,3.597,33.0,-65.467,-65.0,-65.0,-24.0,0.0,-0.0,43.0,-95.017,-95.017,-95.017,0.0,0.0,-0.0,33.0,-69.756,-70.244,-70.244,8.0,0.0,-0.0,34.0,-33.196,-33.196,-33.196,0.0,0.0,-0.0,34.0
6.1558,1,fwd,90.0,12.2,5.528,5.4,5.4,8.0,0.0,-0.0,34.0,-100.0,-100.0,-100.0,-8.0,0.0,-0.0,33.0,-80.228,90.0,-79.426,-32.0,1.0,4.475,33.0,-65.467,-65.0,-65.0,-24.0,0.0,-0.0,43.0,-95.017,-95.017,-95.017,0.0,0.0,-0.0,33.0,-69.756,-70.244,-70.244,8.0,0.0,-0.0,34.0,-33.196,-33.196,-33.196,0.0,0.0,-0.0,34.0
6.2093,1,fwd,90.0,12.2,5.528,5.4,5.4,8.0,0.0,-0.0,34.0,-100.0,-100.0,-100.0,-8.0,0.0,-0.0,33.0,-80.085,90.0,-79.213,-32.0,1.0,3.312,33.0,-65.467,-65.0,-65.0,-24.0,0.0,-0.0,43.0,-95.017,-95.017,-95.017,0.0,0.0,-0.0,33.0,-69.756,-70.244,-70.244,8.0,0.0,-0.0,34.0,-33.196,-33.196,-33.196,0.0,0.0,-0.0,34.0
6.263,1,fwd,90.0,12.2,5.528,5.4,5.4,8.0,0.0,-0.0,34.0,-100.0,-100.0,-100.0,-8.0,0.0,-0.0,33.0,-79.659,90.0,-78.998,-32.0,1.0,5.934,33.0,-65.467,-65.0,-65.0,-24.0,0.0,-0.0,43.0,-95.017,-95.017,-95.017,0.0,0.0,-0.0,33.0,-69.756,-70.244,-70.244,8.0,0.0,-0.0,34.0,-33.196,-33.196,-33.196,0.0,0.0,-0.0,34.0
6.3164,1,fwd,90.0,12.2,5.528,5.4,5.4,8.0,0.0,-0.0,34.0,-100.0,-100.0,-100.0,-8.0,0.0,-0.0,33.0,-79.659,90.0,-78.783,-32.0,1.0,2.907,33.0,-65.467,-65.0,-65.0,-24.0,0.0,-0.0,43.0,-95.017,-95.017,-95.017,0.0,0.0,-0.0,33.0,-69.756,-70.244,-70.244,8.0,0.0,-0.0,34.0,-33.196,-33.196,-33.196,0.0,0.0,-0.0,34.0
6.3699,1,fwd,90.0,12.2,5.528,5.4,5.4,8.0,0.0,-0.0,34.0,-100.0,-100.0,-100.0,-8.0,0.0,-0.0,33.0,-79.232,90.0,-78.57,-32.0,1.0,5.701,33.0,-65.467,-65.0,-65.0,-24.0,0.0,-0.0,43.0,-95.017,-95.017,-95.017,0.0,0.0,-0.0,33.0,-69.756,-70.244,-70.244,8.0,0.0,-0.0,34.0,-33.196,-33.196,-33.196,0.0,0.0,-0.0,34.0
6.4224,1,fwd,90.0,12.2,5.528,5.4,5.4,8.0,0.0,-0.0,34.0,-100.0,-100.0,-100.0,-8.0,0.0,-0.0,33.0,-79.232,90.0,-78.354,-32.0,1.0,2.793,33.0,-65.467,-65.0,-65.0,-24.0,0.0,-0.0,43.0,-95.017,-95.017,-95.017,0.0,0.0,-0.0,33.0,-69.756,-70.244,-70.244,8.0,0.0,-0.0,34.0,-33.196,-33.196,-33.196,0.0,0.0,-0.0,34.0
6.476,1,fwd,90.0,12.2,5.528,5.4,5.4,8.0,0.0,-0.0,34.0,-100.0,-100.0,-100.0,-8.0,0.0,-0.0,33.0,-78.947,90.0,-78.139,-32.0,1.0,4.06,33.0,-65.467,-65.0,-65.0,-24.0,0.0,-0.0,43.0,-95.017,-95.017,-95.017,0.0,0.0,-0.0,33.0,-69.756,-70.244,-70.244,8.0,0.0,-0.0,34.0,-33.196,-33.196,-33.196,0.0,0.0,-0.0,34.0
6.5283,1,fwd,90.0,12.2,5.528,5.4,5.4,8.0,0.0,-0.0,34.0,-100.0,-100.0,-100.0,-8.0,0.0,-0.0,33.0,-78.805,90.0,-77.922,-32.0,1.0,3.109,33.0,-65.467,-65.0,-65.0,-24.0,0.0,-0.0,43.0,-95.017,-95.017,-95.017,0.0,0.0,-0.0,33.0,-69.756,-70.244,-70.244,8.0,0.0,-0.0,34.0,-33.196,-33.196,-33.196,0.0,0.0,-0.0,34.0
6.5815,1,fwd,90.0,12.2,5.528,5.4,5.4,8.0,0.0,-0.0,34.0,-100.0,-100.0,-100.0,-8.0,0.0,-0.0,33.0,-78.521,90.0,-77.815,-32.0,2.0,5.382,33.0,-65.467,-65.0,-65.0,-24.0,1.0,-0.0,43.0,-95.017,-95.017,-95.017,0.0,0.0,-0.0,33.0,-69.756,-70.244,-70.244,8.0,0.0,-0.0,34.0,-33.196,-33.196,-33.196,0.0,0.0,-0.0,34.0
6.6345,1,fwd,90.0,12.2,5.528,5.4,5.4,8.0,0.0,-0.0,34.0,-100.0,-100.0,-100.0,-8.0,0.0,-0.0,33.0,-78.378,90.0,-77.48,-32.0,2.0,3.16,33.0,-65.467,-65.0,-65.0,-24.0,1.0,-0.0,43.0,-95.017,-95.017,-95.017,0.0,0.0,-0.0,33.0,-69.756,-70.244,-70.244,8.0,0.0,-0.0,34.0,-33.196,-33.196,-33.196,0.0,0.0,-0.0,34.0
6.6877,1,fwd,90.0,12.2,5.528,5.4,5.4,8.0,0.0,-0.0,34.0,-100.0,-100.0,-100.0,-8.0,0.0,-0.0,33.0,-78.094,90.0,-77.268,-32.0,2.0,4.291,33.0,-65.467,-65.0,-65.0,-24.0,1.0,-0.0,43.0,-95.017,-95.017,-95.017,0.0,0.0,-0.0,33.0,-69.756,-70.244,-70.244,8.0,0.0,-0.0,34.0,-33.196,-33.196,-33.196,0.0,0.0,-0.0,34.0
6.7411,1,fwd,90.0,12.2,5.528,5.4,5.4,8.0,0.0,-0.0,34.0,-100.0,-100.0,-100.0,-8.0,0.0,-0.0,33.0,-77.809,90.0,-77.055,-32.0,2.0,4.83,33.0,-65.467,-65.0,-65.0,-24.0,1.0,-0.0,43.0,-95.017,-95.017,-95.017,0.0,0.0,-0.0,33.0,-69.756,-70.244,-70.244,8.0,0.0,-0.0,34.0,-33.196,-33.196,-33.196,0.0,0.0,-0.0,34.0
6.7933,1,fwd,90.0,12.2,5.528,5.4,5.4,8.0,0.0,-0.0,34.0,-100.0,-100.0,-100.0,-8.0,0.0,-0.0,33.0,-77.525,90.0,-76.841,-32.0,2.0,5.084,33.0,-65.467,-65.0,-65.0,-24.0,1.0,-0.0,43.0,-95.017,-95.017,-95.017,0.0,0.0,-0.0,33.0,-69.756,-70.244,-70.244,8.0,0.0,-0.0,34.0,-33.196,-33.196,-33.196,0.0,0.0,-0.0,34.0
6.8453,1,fwd,90.0,12.2,5.528,5.4,5.4,8.0,0.0,-0.0,34.0,-100.0,-100.0,-100.0,-8.0,0.0,-0.0,33.0,-77.383,90.0,-76.629,-32.0,2.0,4.102,33.0,-65.467,-65.0,-65.0,-24.0,1.0,-0.0,43.0,-95.017,-95.017,-95.017,0.0,0.0,-0.0,33.0,-69.756,-70.244,-70.244,8.0,0.0,-0.0,34.0,-33.196,-33.196,-33.196,0.0,0.0,-0.0,34.0
6.8977,1,fwd,90.0,12.2,5.528,5.4,5.4,8.0,0.0,-0.0,34.0,-100.0,-100.0,-100.0,-8.0,0.0,-0.0,33.0,-77.098,90.0,-76.415,-32.0,2.0,4.712,33.0,-65.467,-65.0,-65.0,-24.0,1.0,-0.0,43.0,-95.017,-95.017,-95.017,0.0,0.0,-0.0,33.0,-69.756,-70.244,-70.244,8.0,0.0,-0.0,34.0,-33.196,-33.196,-33.196,0.0,0.0,-0.0,34.0
6.9506,1,fwd,90.0,12.2,5.528,5.4,5.4,8.0,0.0,-0.0,34.0,-100.0,-100.0,-100.0,-8.0,0.0,-0.0,33.0,-76.956,90.0,-76.202,-32.0,2.0,3.436,33.0,-65.467,-65.0,-65.0,-24.0,1.0,-0.0,43.0,-95.017,-95.017,-95.017,0.0,0.0,-0.0,33.0,-69.756,-70.244,-70.244,8.0,0.0,-0.0,34.0,-33.196,-33.196,-33.196,0.0,0.0,-0.0,34.0
7.0036,1,fwd,90.0,12.2,5.528,5.4,5.4,8.0,0.0,-0.0,34.0,-100.0,-100.0,-100.0,-8.0,0.0,-0.0,33.0,-76.671,90.0,-75.988,-32.0,2.0,4.39,33.0,-65.467,-65.0,-65.0,-24.0,1.0,-0.0,43.0,-95.017,-95.017,-95.017,0.0,0.0,-0.0,33.0,-69.756,-70.244,-70.244,8.0,0.0,-0.0,34.0,-33.196,-33.196,-33.196,0.0,0.0,-0.0,34.0
7.0565,1,fwd,90.0,12.2,5.528,5.4,5.4,8.0,0.0,-0.0,34.0,-100.0,-100.0,-100.0,-8.0,0.0,-0.0,33.0,-76.529,90.0,-75.773,-32.0,2.0,3.264,33.0,-65.467,-65.0,-65.0,-24.0,1.0,-0.0,43.0,-95.017,-95.017,-95.017,0.0,0.0,-0.0,33.0,-69.756,-70.244,-70.244,8.0,0.0,-0.0,34.0,-33.196,-33.196,-33.196,0.0,0.0,-0.0,34.0
7.1092,1,fwd,90.0,12.2,5.528,5.4,5.4,8.0,0.0,-0.0,34.0,-100.0,-100.0,-100.0,-8.0,0.0,-0.0,33.0,-76.387,90.0,-75.561,-32.0,2.0,3.211,33.0,-65.467,-65.0,-65.0,-24.0,1.0,-0.0,43.0,-95.017,-95.017,-95.017,0.0,0.0,-0.0,33.0,-69.756,-70.244,-70.244,8.0,0.0,-0.0,34.0,-32.99,-33.196,-33.196,0.0,0.0,2.336,34.0
7.1613,1,fwd,90.0,12.2,5.528,5.4,5.4,8.0,0.0,-0.0,34.0,-100.0,-100.0,-100.0,-8.0,0.0,-0.0,33.0,-76.387,90.0,-75.332,-32.0,1.0,3.211,33.0,-65.467,-65.0,-65.0,-24.0,1.0,-0.0,43.0,-95.017,-95.017,-95.017,0.0,0.0,-0.0,33.0,-69.756,-70.244,-70.244,8.0,0.0,-0.0,34.0,-32.99,-33.196,-33.196,8.0,0.0,2.336,34.0
7.2145,1,fwd,90.0,12.2,5.528,5.4,5.4,8.0,0.0,-0.0,34.0,-100.0,-100.0,-100.0,-8.0,0.0,-0.0,33.0,-76.102,90.0,-75.106,-32.0,1.0,2.562,33.0,-65.467,-65.0,-65.0,-24.0,1.0,-0.0,43.0,-95.017,-95.017,-95.017,0.0,0.0,-0.0,33.0,-69.756,-70.244,-70.244,8.0,0.0,-0.0,34.0,-32.99,-33.196,-33.196,8.0,0.0,1.145,34.0
7.2672,1,fwd,90.0,12.2,5.528,5.4,5.4,8.0,0.0,-0.0,34.0,-100.0,-100.0,-100.0,-8.0,0.0,-0.0,33.0,-75.818,90.0,-74.995,-32.0,1.0,3.931,33.0,-65.467,-65.0,-65.0,-24.0,1.0,-0.0,43.0,-95.017,-95.017,-95.017,0.0,0.0,-0.0,33.0,-69.756,-70.244,-70.244,8.0,0.0,-0.0,34.0,-32.99,-33.196,-33.196,8.0,0.0,0.561,34.0
7.3212,1,fwd,90.0,12.2,5.528,5.4,5.4,8.0,0.0,-0.0,34.0,-100.0,-100.0,-100.0,-8.0,0.0,-0.0,33.0,-75.533,90.0,-74.768,-32.0,1.0,4.522,33.0,-65.467,-65.0,-65.0,-24.0,1.0,-0.0,43.0,-95.017,-95.017,-95.017,0.0,0.0,-0.0,33.0,-69.756,-70.244,-70.244,8.0,0.0,-0.0,34.0,-32.99,-33.196,-33.196,8.0,0.0,0.275,34.0
7.3742,1,fwd,90.0,12.2,5.528,5.4,5.4,8.0,0.0,-0.0,34.0,-100.0,-100.0,-100.0,-8.0,0.0,-0.0,33.0,-75.391,90.0,-74.554,-32.0,1.0,3.813,33.0,-65.467,-65.0,-65.0,-24.0,1.0,-0.0,43.0,-95.017,-95.017,-95.017,0.0,0.0,-0.0,33.0,-69.756,-70.244,-70.244,8.0,0.0,-0.0,34.0,-32.99,-33.196,-33.196,8.0,0.0,0.135,34.0
7.4272,1,fwd,90.0,12.2,5.528,5.4,5.4,8.0,0.0,-0.0,34.0,-100.0,-100.0,-100.0,-8.0,0.0,-0.0,33.0,-75.107,90.0,-74.341,-32.0,1.0,4.113,33.0,-65.467,-65.0,-65.0,-24.0,1.0,-0.0,43.0,-95.017,-95.017,-95.017,0.0,0.0,-0.0,33.0,-69.756,-70.244,-70.244,8.0,0.0,-0.0,34.0,-32.99,-33.196,-33.196,8.0,0.0,0.066,34.0
7.4801,1,fwd,90.0,12.2,5.528,5.4,5.4,8.0,0.0,-0.0,34.0,-100.0,-100.0,-100.0,-8.0,0.0,-0.0,33.0,-74.964,90.0,-74.129,-32.0,1.0,3.621,33.0,-65.467,-65.0,-65.0,-24.0,1.0,-0.0,43.0,-95.017,-95.017,-95.017,0.0,0.0,-0.0,33.0,-69.756,-70.244,-70.244,8.0,0.0,-0.0,34.0,-32.99,-33.196,-33.196,8.0,0.0,0.032,34.0
7.5332,1,fwd,90.0,12.2,5.528,5.4,5.4,8.0,0.0,-0.0,34.0,-100.0,-100.0,-100.0,-8.0,0.0,-0.0,33.0,-74.68,90.0,-73.916,-32.0,1.0,4.497,33.0,-65.467,-65.0,-65.0,-24.0,1.0,-0.0,43.0,-95.017,-95.017,-95.017,0.0,0.0,-0.0,33.0,-69.756,-70.244,-70.244,8.0,0.0,-0.0,34.0,-32.99,-33.196,-33.196,8.0,0.0,0.016,34.0
7.5862,1,fwd,90.0,12.2,5.528,5.4,5.4,8.0,0.0,-0.0,34.0,-100.0,-100.0,-100.0,-8.0,0.0,-0.0,33.0,-74.395,90.0,-73.703,-32.0,1.0,5.42,33.0,-65.467,-65.0,-65.0,-24.0,1.0,-0.0,43.0,-95.017,-95.017,-95.017,0.0,0.0,-0.0,33.0,-69.756,-70.244,-70.244,8.0,0.0,-0.0,34.0,-32.99,-33.196,-33.196,8.0,0.0,0.008,34.0
7.6392,1,fwd,90.0,12.2,5.528,5.4,5.4,8.0,0.0,-0.0,34.0,-100.0,-100.0,-100.0,-8.0,0.0,-0.0,33.0,-74.253,90.0,-73.491,-32.0,1.0,4.26,33.0,-65.467,-65.0,-65.0,-24.0,1.0,-0.0,43.0,-95.017,-95.017,-95.017,0.0,0.0,-0.0,33.0,-69.756,-70.244,-70.244,8.0,0.0,-0.0,34.0,-32.99,-33.196,-33.196,8.0,0.0,0.004,34.0
7.6922,1,fwd,90.0,12.2,5.528,5.4,5.4,8.0,0.0,-0.0,34.0,-100.0,-100.0,-100.0,-8.0,0.0,-0.0,33.0,-74.111,90.0,-73.277,-32.0,1.0,3.645,33.0,-65.467,-65.0,-65.0,-24.0,1.0,-0.0,43.0,-95.017,-95.017,-95.017,0.0,0.0,-0.0,33.0,-69.756,-70.244,-70.244,8.0,0.0,-0.0,34.0,-32.99,-33.196,-33.196,8.0,0.0,0.002,34.0
7.7443,1,fwd,90.0,12.2,5.528,5.4,5.4,8.0,0.0,-0.0,34.0,-100.0,-100.0,-100.0,-8.0,0.0,-0.0,33.0,-73.826,90.0,-73.037,-32.0,1.0,3.991,33.0,-65.467,-65.0,-65.0,-24.0,1.0,-0.0,43.0,-95.017,-95.017,-95.017,0.0,0.0,-0.0,33.0,-69.756,-70.244,-70.244,8.0,0.0,-0.0,34.0,-32.99,-33.196,-33.196,8.0,0.0,0.001,34.0
7.7963,1,fwd,90.0,12.2,5.528,5.4,5.4,8.0,0.0,-0.0,34.0,-100.0,-100.0,-100.0,-8.0,0.0,-0.0,33.0,-73.684,90.0,-72.825,-32.0,1.0,3.558,33.0,-65.467,-65.0,-65.0,-24.0,1.0,-0.0,43.0,-95.017,-95.017,-95.017,0.0,0.0,-0.0,33.0,-69.756,-70.244,-70.244,8.0,0.0,-0.0,34.0,-32.99,-33.196,-33.196,8.0,0.0,0.001,34.0
7.8483,1,fwd,90.0,12.2,5.528,5.4,5.4,8.0,0.0,-0.0,34.0,-100.0,-100.0,-100.0,-8.0,0.0,-0.0,33.0,-73.4,90.0,-72.612,-32.0,1.0,4.469,33.0,-65.467,-65.0,-65.0,-24.0,1.0,-0.0,43.0,-95.017,-95.017,-95.017,0.0,0.0,-0.0,33.0,-69.756,-70.244,-70.244,8.0,0.0,-0.0,34.0,-32.99,-33.196,-33.196,8.0,0.0,0.0,34.0
7.9014,1,fwd,90.0,12.2,5.528,5.4,5.4,8.0,0.0,-0.0,34.0,-100.0,-100.0,-100.0,-8.0,0.0,-0.0,33.0,-73.257,90.0,-72.399,-32.0,1.0,3.308,33.0,-65.467,-65.0,-65.0,-24.0,1.0,-0.0,43.0,-95.017,-95.017,-95.017,0.0,0.0,-0.0,33.0,-69.756,-70.244,-70.244,8.0,0.0,-0.0,34.0,-32.99,-33.196,-33.196,8.0,0.0,0.0,34.0
7.9534,1,fwd,90.0,12.2,5.528,5.4,5.4,8.0,0.0,-0.0,34.0,-100.0,-100.0,-100.0,-8.0,0.0,-0.0,33.0,-72.973,90.0,-72.185,-32.0,1.0,4.355,33.0,-65.467,-65.0,-65.0,-24.0,1.0,-0.0,43.0,-95.017,-95.017,-95.017,0.0,0.0,-0.0,33.0,-69.756,-70.244,-70.244,8.0,0.0,-0.0,34.0,-32.99,-33.196,-33.196,8.0,0.0,0.0,34.0
8.0066,1,fwd,90.0,12.2,5.528,5.4,5.4,8.0,0.0,-0.0,34.0,-100.0,-100.0,-100.0,-8.0,0.0,-0.0,33.0,-72.831,90.0,-71.973,-32.0,1.0,3.258,33.0,-65.467,-65.0,-65.0,-24.0,1.0,-0.0,43.0,-95.017,-95.017,-95.017,0.0,0.0,-0.0,33.0,-69.756,-70.244,-70.244,8.0,0.0,-0.0,34.0,-32.99,-33.196,-33.196,8.0,0.0,0.0,34.0
8.0596,1,fwd,90.0,12.2,5.528,5.4,5.4,8.0,0.0,-0.0,34.0,-100.0,-100.0,-100.0,-8.0,0.0,-0.0,33.0,-72.546,90.0,-71.761,-32.0,1.0,4.333,33.0,-65.467,-65.0,-65.0,-24.0,1.0,-0.0,43.0,-95.017,-95.017,-95.017,0.0,0.0,-0.0,33.0,-69.756,-70.244,-70.244,8.0,0.0,-0.0,34.0,-32.99,-33.196,-33.196,8.0,0.0,0.0,34.0
8.1128,1,fwd,90.0,12.2,5.528,5.4,5.4,8.0,0.0,-0.0,34.0,-100.0,-100.0,-100.0,-8.0,0.0,-0.0,33.0,-72.404,90.0,-71.548,-32.0,1.0,3.237,33.0,-65.467,-65.0,-65.0,-24.0,1.0,-0.0,43.0,-95.017,-95.017,-95.017,0.0,0.0,-0.0,33.0,-69.756,-70.244,-70.244,8.0,0.0,-0.0,34.0,-33.196,-33.196,-33.196,8.0,0.0,-1.615,34.0
8.1656,1,fwd,90.0,12.2,5.528,5.4,5.4,8.0,0.0,-0.0,34.0,-100.0,-100.0,-100.0,-8.0,0.0,-0.0,33.0,-72.119,90.0,-71.335,-32.0,1.0,4.311,33.0,-65.467,-65.0,-65.0,-24.0,1.0,-0.0,43.0,-95.017,-95.017,-95.017,0.0,0.0,-0.0,33.0,-69.756,-70.244,-70.244,8.0,0.0,-0.0,34.0,-33.196,-33.196,-33.196,8.0,0.0,-0.791,34.0
8.2185,1,fwd,90.0,12.2,5.528,5.4,5.4,8.0,0.0,-0.0,34.0,-100.0,-100.0,-100.0,-8.0,0.0,-0.0,33.0,-71.977,90.0,-71.122,-32.0,1.0,3.713,33.0,-65.467,-65.0,-65.0,-24.0,1.0,-0.0,43.0,-95.017,-95.017,-95.017,0.0,0.0,-0.0,33.0,-69.756,-70.244,-70.244,8.0,0.0,-0.0,34.0,-33.196,-33.196,-33.196,8.0,0.0,-0.388,34.0
8.2703,1,fwd,90.0,12.2,5.528,5.4,5.4,8.0,0.0,-0.0,34.0,-100.0,-100.0,-100.0,-8.0,0.0,-0.0,33.0,-71.835,90.0,-71.015,-32.0,1.0,4.202,33.0,-65.467,-65.0,-65.0,-24.0,1.0,-0.0,43.0,-95.017,-95.017,-95.017,0.0,0.0,-0.0,33.0,-69.756,-70.244,-70.244,8.0,0.0,-0.0,34.0,-33.196,-33.196,-33.196,8.0,0.0,-0.271,34.0
8.3234,1,fwd,90.0,12.2,5.528,5.4,5.4,8.0,0.0,-0.0,34.0,-100.0,-100.0,-100.0,-8.0,0.0,-0.0,33.0,-71.55,90.0,-70.666,-28.0,3.0,4.348,33.0,-65.467,-65.0,-65.0,-24.0,1.0,-0.0,43.0,-95.017,-95.017,-95.017,0.0,0.0,-0.0,33.0,-69.756,-70.244,-70.244,8.0,0.0,-0.0,34.0,-33.196,-33.196,-33.196,0.0,0.0,-0.19,34.0
8.3765,1,fwd,90.0,12.2,5.528,5.4,5.4,8.0,0.0,-0.0,34.0,-100.0,-100.0,-100.0,-8.0,0.0,-0.0,33.0,-71.55,90.0,-70.558,-28.0,3.0,2.131,33.0,-65.467,-65.0,-65.0,-24.0,1.0,-0.0,43.0,-95.017,-95.017,-95.017,0.0,0.0,-0.0,33.0,-69.756,-70.244,-70.244,8.0,0.0,-0.0,34.0,-33.196,-33.196,-33.196,0.0,0.0,-0.093,34.0
8.4297,1,fwd,90.0,12.2,5.528,5.4,5.4,8.0,0.0,-0.0,34.0,-100.0,-100.0,-100.0,-8.0,0.0,-0.0,33.0,-71.124,90.0,-70.333,-28.0,3.0,4.655,33.0,-65.467,-65.0,-65.0,-24.0,1.0,-0.0,43.0,-95.017,-95.017,-95.017,0.0,0.0,-0.0,33.0,-69.756,-70.244,-70.244,8.0,0.0,-0.0,34.0,-33.196,-33.196,-33.196,0.0,0.0,-0.046,34.0
8.4823,1,fwd,90.0,12.2,5.528,5.4,5.4,8.0,0.0,-0.0,34.0,-100.0,-100.0,-100.0,-8.0,0.0,-0.0,33.0,-70.982,90.0,-70.119,-28.0,3.0,3.408,33.0,-65.467,-65.0,-65.0,-24.0,1.0,-0.0,43.0,-95.017,-95.017,-95.017,0.0,0.0,-0.0,33.0,-69.756,-70.244,-70.244,8.0,0.0,-0.0,34.0,-33.196,-33.196,-33.196,0.0,0.0,-0.022,34.0
8.5345,1,fwd,90.0,12.2,5.528,5.4,5.4,8.0,0.0,-0.0,34.0,-100.0,-100.0,-100.0,-8.0,0.0,-0.0,33.0,-70.697,90.0,-69.906,-28.0,3.0,4.407,33.0,-65.467,-65.0,-65.0,-24.0,1.0,-0.0,43.0,-95.017,-95.017,-95.017,0.0,0.0,-0.0,33.0,-69.756,-70.244,-70.244,8.0,0.0,-0.0,34.0,-33.196,-33.196,-33.196,0.0,0.0,-0.011,34.0
8.5863,1,fwd,90.0,12.2,5.528,5.4,5.4,8.0,0.0,-0.0,34.0,-100.0,-100.0,-100.0,-8.0,0.0,-0.0,33.0,-70.555,90.0,-69.693,-28.0,3.0,3.283,33.0,-65.467,-65.0,-65.0,-24.0,1.0,-0.0,43.0,-95.017,-95.017,-95.017,0.0,0.0,-0.0,33.0,-69.756,-70.244,-70.244,8.0,0.0,-0.0,34.0,-33.196,-33.196,-33.196,0.0,0.0,-0.005,34.0
8.6383,1,fwd,90.0,12.2,5.528,5.4,5.4,8.0,0.0,-0.0,34.0,-100.0,-100.0,-100.0,-8.0,0.0,-0.0,33.0,-70.27,90.0,-69.48,-28.0,3.0,4.345,33.0,-65.467,-65.0,-65.0,-24.0,1.0,-0.0,43.0,-95.017,-95.017,-95.017,0.0,0.0,-0.0,33.0,-69.756,-70.244,-70.244,8.0,0.0,-0.0,34.0,-33.196,-33.196,-33.196,0.0,0.0,-0.003,34.0
8.6903,1,fwd,90.0,12.2,5.528,5.4,5.4,8.0,0.0,-0.0,34.0,-100.0,-100.0,-100.0,-8.0,0.0,-0.0,33.0,-70.128,90.0,-69.268,-28.0,3.0,3.257,33.0,-65.467,-65.0,-65.0,-24.0,1.0,-0.0,43.0,-95.017,-95.017,-95.017,0.0,0.0,-0.0,33.0,-69.756,-70.244,-70.244,8.0,0.0,-0.0,34.0,-33.196,-33.196,-33.196,0.0,0.0,-0.001,34.0
8.7434,1,fwd,90.0,12.2,5.528,5.4,5.4,8.0,0.0,-0.0,34.0,-100.0,-100.0,-100.0,-8.0,0.0,-0.0,33.0,-69.844,90.0,-69.055,-28.0,3.0,4.3,33.0,-65.467,-65.0,-65.0,-24.0,1.0,-0.0,43.0,-95.017,-95.017,-95.017,0.0,0.0,-0.0,33.0,-69.756,-70.244,-70.244,8.0,0.0,-0.0,34.0,-33.196,-33.196,-33.196,0.0,0.0,-0.001,34.0
8.7953,1,fwd,90.0,12.2,5.528,5.4,5.4,8.0,0.0,-0.0,34.0,-100.0,-100.0,-100.0,-8.0,0.0,-0.0,33.0,-69.701,90.0,-68.842,-28.0,3.0,3.707,33.0,-65.467,-65.0,-65.0,-24.0,1.0,-0.0,43.0,-95.017,-95.017,-95.017,0.0,0.0,-0.0,33.0,-69.756,-70.244,-70.244,8.0,0.0,-0.0,34.0,-33.196,-33.196,-33.196,0.0,0.0,-0.0,34.0
8.8473,1,fwd,90.0,12.2,5.528,5.4,5.4,8.0,0.0,-0.0,34.0,-100.0,-100.0,-100.0,-8.0,0.0,-0.0,33.0,-69.559,90.0,-68.735,-40.0,3.0,4.2,33.0,-65.467,-65.0,-65.0,-24.0,1.0,-0.0,43.0,-95.017,-95.017,-95.017,0.0,0.0,-0.0,33.0,-69.756,-70.244,-70.244,8.0,0.0,-0.0,34.0,-33.196,-33.196,-33.196,0.0,0.0,-0.0,34.0
8.8995,1,fwd,90.0,12.2,5.528,5.4,5.4,8.0,0.0,-0.0,34.0,-100.0,-100.0,-100.0,-8.0,0.0,-0.0,33.0,-69.417,90.0,-68.401,-40.0,3.0,2.582,33.0,-65.467,-65.0,-65.0,-24.0,1.0,-0.0,43.0,-95.017,-95.017,-95.017,0.0,0.0,-0.0,33.0,-69.756,-70.244,-70.244,8.0,0.0,-0.0,34.0,-33.196,-33.196,-33.196,0.0,0.0,-0.0,34.0
8.9527,1,fwd,90.0,12.2,5.528,5.4,5.4,8.0,0.0,-0.0,34.0,-100.0,-100.0,-100.0,-8.0,0.0,-0.0,33.0,-69.132,90.0,-68.19,-40.0,3.0,3.998,33.0,-65.467,-65.0,-65.0,-24.0,1.0,-0.0,43.0,-95.017,-95.017,-95.017,0.0,0.0,-0.0,33.0,-69.756,-70.244,-70.244,8.0,0.0,-0.0,34.0,-33.196,-33.196,-33.196,0.0,0.0,-0.0,34.0
9.0055,1,fwd,90.0,12.2,5.528,5.4,5.4,8.0,0.0,-0.0,34.0,-100.0,-100.0,-100.0,-8.0,0.0,-0.0,33.0,-68.848,90.0,-67.977,-40.0,3.0,4.695,33.0,-65.467,-65.0,-65.0,-24.0,1.0,-0.0,43.0,-95.017,-95.017,-95.017,0.0,0.0,-0.0,33.0,-69.756,-70.244,-70.244,8.0,0.0,-0.0,34.0,-33.196,-33.196,-33.196,0.0,0.0,-0.0,34.0
9.0586,1,fwd,90.0,12.2,5.528,5.4,5.4,8.0,0.0,-0.0,34.0,-100.0,-100.0,-100.0,-8.0,0.0,-0.0,33.0,-68.563,90.0,-67.764,-40.0,3.0,5.01,33.0,-65.467,-65.0,-65.0,-24.0,1.0,-0.0,43.0,-95.017,-95.017,-95.017,0.0,0.0,-0.0,33.0,-69.756,-70.244,-70.244,8.0,0.0,-0.0,34.0,-33.196,-33.196,-33.196,0.0,0.0,-0.0,34.0
9.1115,1,fwd,90.0,12.2,5.528,5.4,5.4,8.0,0.0,-0.0,34.0,-100.0,-100.0,-100.0,-8.0,0.0,-0.0,33.0,-68.421,90.0,-67.551,-40.0,3.0,4.047,33.0,-65.467,-65.0,-65.0,-24.0,1.0,-0.0,43.0,-95.017,-95.017,-95.017,0.0,0.0,-0.0,33.0,-69.756,-70.244,-70.244,8.0,0.0,-0.0,34.0,-33.196,-33.196,-33.196,0.0,0.0,-0.0,34.0
9.1645,1,fwd,90.0,12.2,5.528,5.4,5.4,8.0,0.0,-0.0,34.0,-100.0,-100.0,-100.0,-8.0,0.0,-0.0,33.0,-68.137,90.0,-67.336,-40.0,3.0,4.692,33.0,-65.467,-65.0,-65.0,-24.0,1.0,-0.0,43.0,-95.017,-95.017,-95.017,0.0,0.0,-0.0,33.0,-69.756,-70.244,-70.244,8.0,0.0,-0.0,34.0,-33.196,-33.196,-33.196,0.0,0.0,-0.0,34.0
9.2163,1,fwd,90.0,12.2,5.528,5.4,5.4,8.0,0.0,-0.0,34.0,-100.0,-100.0,-100.0,-8.0,0.0,-0.0,33.0,-67.994,90.0,-67.123,-40.0,3.0,3.421,33.0,-65.467,-65.0,-65.0,-24.0,1.0,-0.0,43.0,-95.017,-95.017,-95.017,0.0,0.0,-0.0,33.0,-69.756,-70.244,-70.244,8.0,0.0,-0.0,34.0,-33.196,-33.196,-33.196,0.0,0.0,-0.0,34.0
9.2683,1,fwd,90.0,12.2,5.528,5.4,5.4,8.0,0.0,-0.0,34.0,-100.0,-100.0,-100.0,-8.0,0.0,-0.0,33.0,-67.852,90.0,-66.909,-40.0,3.0,4.003,33.0,-65.467,-65.0,-65.0,-24.0,1.0,-0.0,43.0,-95.017,-95.017,-95.017,0.0,0.0,-0.0,33.0,-69.756,-70.244,-70.244,8.0,0.0,-0.0,34.0,-33.196,-33.196,-33.196,0.0,0.0,-0.0,34.0
9.3211,1,fwd,90.0,12.2,5.528,5.4,5.4,8.0,0.0,-0.0,34.0,-100.0,-100.0,-100.0,-8.0,0.0,-0.0,33.0,-67.568,90.0,-66.683,-40.0,3.0,4.558,33.0,-65.467,-65.0,-65.0,-24.0,1.0,-0.0,43.0,-95.017,-95.017,-95.017,0.0,0.0,-0.0,33.0,-69.756,-70.244,-70.244,8.0,0.0,-0.0,34.0,-33.196,-33.196,-33.196,0.0,0.0,-0.0,34.0
9.375,1,fwd,90.0,12.2,5.528,5.4,5.4,8.0,0.0,-0.0,34.0,-100.0,-100.0,-100.0,-8.0,0.0,-0.0,33.0,-67.425,90.0,-66.565,-40.0,3.0,3.818,33.0,-65.467,-65.0,-65.0,-24.0,1.0,-0.0,43.0,-95.017,-95.017,-95.017,0.0,0.0,-0.0,33.0,-69.756,-70.244,-70.244,8.0,0.0,-0.0,34.0,-33.196,-33.196,-33.196,0.0,0.0,-0.0,34.0
9.428,1,fwd,90.0,12.2,5.618,5.4,5.4,16.0,0.0,0.916,34.0,-100.0,-100.0,-100.0,0.0,0.0,-0.0,33.0,-67.283,90.0,-66.446,-32.0,1.0,4.122,33.0,-65.467,-65.0,-65.0,-24.0,1.0,-0.0,43.0,-95.017,-95.017,-95.017,0.0,0.0,-0.0,33.0,-69.756,-70.244,-70.244,8.0,0.0,-0.0,34.0,-33.196,-33.196,-33.196,0.0,0.0,-0.0,34.0
9.481,1,fwd,90.0,12.2,5.618,5.4,5.4,16.0,0.0,0.449,34.0,-100.0,-100.0,-100.0,0.0,0.0,-0.0,33.0,-66.999,90.0,-66.113,-32.0,1.0,4.153,33.0,-65.467,-65.0,-65.0,-24.0,1.0,-0.0,43.0,-95.017,-95.017,-95.017,0.0,0.0,-0.0,33.0,-69.756,-70.244,-70.244,8.0,0.0,-0.0,34.0,-33.196,-33.196,-33.196,0.0,0.0,-0.0,34.0
9.5341,1,fwd,90.0,12.2,5.618,5.4,5.4,16.0,0.0,0.22,34.0,-100.0,-100.0,-100.0,0.0,0.0,-0.0,33.0,-66.714,90.0,-65.899,-32.0,1.0,4.756,33.0,-65.467,-65.0,-65.0,-24.0,1.0,-0.0,43.0,-95.017,-95.017,-95.017,0.0,0.0,-0.0,33.0,-69.756,-70.244,-70.244,8.0,0.0,-0.0,34.0,-33.196,-33.196,-33.196,0.0,0.0,-0.0,34.0
9.5871,1,fwd,90.0,12.2,5.618,5.4,5.4,16.0,0.0,0.108,34.0,-100.0,-100.0,-100.0,0.0,0.0,-0.0,33.0,-66.572,90.0,-65.686,-32.0,1.0,3.453,33.0,-65.467,-65.0,-65.0,-24.0,1.0,-0.0,43.0,-95.017,-95.017,-95.017,0.0,0.0,-0.0,33.0,-69.756,-70.244,-70.244,8.0,0.0,-0.0,34.0,-33.196,-33.196,-33.196,0.0,0.0,-0.0,34.0
9.6402,1,fwd,90.0,12.2,5.618,5.4,5.4,16.0,0.0,0.053,34.0,-100.0,-100.0,-100.0,0.0,0.0,-0.0,33.0,-66.287,90.0,-65.474,-32.0,1.0,4.423,33.0,-65.467,-65.0,-65.0,-24.0,1.0,-0.0,43.0,-95.017,-95.017,-95.017,0.0,0.0,-0.0,33.0,-69.756,-70.244,-70.244,8.0,0.0,-0.0,34.0,-33.196,-33.196,-33.196,0.0,0.0,-0.0,34.0
9.6932,1,fwd,90.0,12.2,5.618,5.4,5.4,16.0,0.0,0.026,34.0,-100.0,-100.0,-100.0,0.0,0.0,-0.0,33.0,-66.145,90.0,-65.261,-32.0,1.0,3.762,33.0,-65.467,-65.0,-65.0,-24.0,1.0,-0.0,43.0,-95.017,-95.017,-95.017,0.0,0.0,-0.0,33.0,-69.756,-70.244,-70.244,8.0,0.0,-0.0,34.0,-33.196,-33.196,-33.196,0.0,0.0,-0.0,34.0
9.7458,1,fwd,90.0,12.2,5.618,5.4,5.4,16.0,0.0,0.013,34.0,-100.0,-100.0,-100.0,0.0,0.0,-0.0,33.0,-65.861,90.0,-65.047,-32.0,1.0,4.568,33.0,-65.467,-65.0,-65.0,-24.0,1.0,-0.0,43.0,-95.017,-95.017,-95.017,0.0,0.0,-0.0,33.0,-69.756,-70.244,-70.244,8.0,0.0,-0.0,34.0,-33.196,-33.196,-33.196,0.0,0.0,-0.0,34.0
9.7989,1,fwd,90.0,12.2,5.618,5.4,5.4,16.0,0.0,0.006,34.0,-100.0,-100.0,-100.0,0.0,0.0,-0.0,33.0,-65.718,90.0,-64.835,-32.0,1.0,3.84,33.0,-65.467,-65.0,-65.0,-24.0,1.0,-0.0,43.0,-95.017,-95.017,-95.017,0.0,0.0,-0.0,33.0,-69.756,-70.244,-70.244,8.0,0.0,-0.0,34.0,-33.196,-33.196,-33.196,0.0,0.0,-0.0,34.0
9.8521,1,fwd,90.0,12.2,5.618,5.4,5.4,16.0,0.0,0.003,34.0,-100.0,-100.0,-100.0,0.0,0.0,-0.0,33.0,-65.434,90.0,-64.621,-32.0,1.0,4.604,33.0,-65.467,-65.0,-65.0,-24.0,1.0,-0.0,43.0,-95.017,-95.017,-95.017,0.0,0.0,-0.0,33.0,-69.756,-70.244,-70.244,8.0,0.0,-0.0,34.0,-33.196,-33.196,-33.196,0.0,0.0,-0.0,34.0
9.9051,1,fwd,90.0,12.2,5.618,5.4,5.4,16.0,0.0,0.001,34.0,-100.0,-100.0,-100.0,0.0,0.0,-0.0,33.0,-65.292,90.0,-64.408,-32.0,1.0,3.851,33.0,-65.467,-65.0,-65.0,-24.0,1.0,-0.0,43.0,-95.017,-95.017,-95.017,0.0,0.0,-0.0,33.0,-69.756,-70.244,-70.244,8.0,0.0,-0.0,34.0,-33.196,-33.196,-33.196,0.0,0.0,-0.0,34.0
9.9582,1,fwd,90.0,12.2,5.618,5.4,5.4,16.0,0.0,0.001,34.0,-100.0,-100.0,-100.0,0.0,0.0,-0.0,33.0,-65.007,90.0,-64.194,-32.0,1.0,4.612,33.0,-65.467,-65.0,-65.0,-24.0,1.0,-0.0,43.0,-95.017,-95.017,-95.017,0.0,0.0,-0.0,33.0,-69.756,-70.244,-70.244,8.0,0.0,-0.0,34.0,-33.196,-33.196,-33.196,0.0,0.0,-0.0,34.0
10.0111,1,fwd,90.0,12.2,5.618,5.4,5.4,16.0,0.0,0.001,34.0,-100.0,-100.0,-100.0,-8.0,0.0,-0.0,33.0,-64.865,90.0,-63.955,-32.0,1.0,3.941,33.0,-65.467,-65.0,-65.0,-24.0,1.0,-0.0,43.0,-95.017,-95.017,-95.017,0.0,0.0,-0.0,33.0,-69.756,-70.244,-70.244,8.0,0.0,-0.0,34.0,-33.196,-33.196,-33.196,0.0,0.0,-0.0,34.0
10.0646,1,fwd,90.0,12.2,5.618,5.4,5.4,16.0,0.0,0.0,34.0,-100.0,-100.0,-100.0,-8.0,0.0,-0.0,33.0,-64.723,90.0,-63.742,-32.0,1.0,3.536,33.0,-65.467,-65.0,-65.0,-24.0,1.0,-0.0,43.0,-95.017,-95.017,-95.017,0.0,0.0,-0.0,33.0,-69.756,-70.244,-70.244,8.0,0.0,-0.0,34.0,-33.196,-33.196,-33.196,0.0,0.0,-0.0,34.0
10.1175,1,fwd,90.0,12.2,5.618,5.4,5.4,16.0,0.0,0.0,34.0,-100.0,-100.0,-100.0,-8.0,0.0,-0.0,33.0,-64.438,90.0,-63.528,-32.0,1.0,4.453,33.0,-65.467,-65.0,-65.0,-24.0,1.0,-0.0,43.0,-95.017,-95.017,-95.017,0.0,0.0,-0.0,33.0,-69.756,-70.244,-70.244,8.0,0.0,-0.0,34.0,-33.196,-33.196,-33.196,0.0,0.0,-0.0,34.0
10.1705,1,fwd,90.0,12.2,5.618,5.4,5.4,16.0,0.0,0.0,34.0,-100.0,-100.0,-100.0,-8.0,0.0,-0.0,33.0,-64.154,90.0,-63.315,-32.0,1.0,4.902,33.0,-65.467,-65.0,-65.0,-24.0,1.0,-0.0,43.0,-95.017,-95.017,-95.017,0.0,0.0,-0.0,33.0,-69.756,-70.244,-70.244,8.0,0.0,-0.0,34.0,-33.196,-33.196,-33.196,0.0,0.0,-0.0,34.0
10.2234,1,fwd,90.0,12.2,5.618,5.4,5.4,16.0,0.0,0.0,34.0,-100.0,-100.0,-100.0,-8.0,0.0,-0.0,33.0,-63.869,90.0,-63.102,-32.0,1.0,5.111,33.0,-65.467,-65.0,-65.0,-24.0,1.0,-0.0,43.0,-95.017,-95.017,-95.017,0.0,0.0,-0.0,33.0,-69.756,-70.244,-70.244,8.0,0.0,-0.0,34.0,-33.196,-33.196,-33.196,0.0,0.0,-0.0,34.0
10.2764,1,fwd,90.0,12.2,5.618,5.4,5.4,16.0,0.0,0.0,34.0,-100.0,-100.0,-100.0,-8.0,0.0,-0.0,33.0,-63.727,90.0,-62.887,-32.0,1.0,4.12,33.0,-65.467,-65.0,-65.0,-24.0,1.0,-0.0,43.0,-95.017,-95.017,-95.017,0.0,0.0,-0.0,33.0,-69.756,-70.244,-70.244,8.0,0.0,-0.0,34.0,-33.196,-33.196,-33.196,0.0,0.0,-0.0,34.0
10.3292,1,fwd,90.0,12.2,5.618,5.4,5.4,16.0,0.0,0.0,34.0,-100.0,-100.0,-100.0,-8.0,0.0,-0.0,33.0,-63.585,90.0,-62.675,-32.0,1.0,3.135,33.0,-65.467,-65.0,-65.0,-24.0,1.0,-0.0,43.0,-95.017,-95.017,-95.017,0.0,0.0,-0.0,33.0,-69.756,-70.244,-70.244,8.0,0.0,-0.0,34.0,-33.196,-33.196,-33.196,0.0,0.0,-0.0,34.0
10.3828,1,fwd,90.0,12.2,5.618,5.4,5.4,16.0,0.0,0.0,34.0,-100.0,-100.0,-100.0,-8.0,0.0,-0.0,33.0,-63.3,90.0,-62.461,-32.0,1.0,4.254,33.0,-65.467,-65.0,-65.0,-24.0,1.0,-0.0,43.0,-95.017,-95.017,-95.017,0.0,0.0,-0.0,33.0,-69.756,-70.244,-70.244,8.0,0.0,-0.0,34.0,-33.196,-33.196,-33.196,0.0,0.0,-0.0,34.0
10.4357,1,fwd,90.0,12.2,5.618,5.4,5.4,16.0,0.0,0.0,34.0,-100.0,-100.0,-100.0,-8.0,0.0,-0.0,33.0,-63.158,90.0,-62.247,-32.0,1.0,3.198,33.0,-65.467,-65.0,-65.0,-24.0,1.0,-0.0,43.0,-95.017,-95.017,-95.017,0.0,0.0,-0.0,33.0,-69.756,-70.244,-70.244,8.0,0.0,-0.0,34.0,-33.196,-33.196,-33.196,0.0,0.0,-0.0,34.0
10.4884,1,fwd,90.0,12.2,5.618,5.4,5.4,16.0,0.0,0.0,34.0,-100.0,-100.0,-100.0,-8.0,0.0,-0.0,33.0,-62.873,90.0,-62.034,-32.0,1.0,4.285,33.0,-65.467,-65.0,-65.0,-24.0,1.0,-0.0,43.0,-95.017,-95.017,-95.017,0.0,0.0,-0.0,33.0,-69.756,-70.244,-70.244,8.0,0.0,-0.0,34.0,-33.196,-33.196,-33.196,0.0,0.0,-0.0,34.0
10.5405,1,fwd,90.0,12.2,5.618,5.4,5.4,16.0,0.0,0.0,34.0,-100.0,-100.0,-100.0,-8.0,0.0,-0.0,33.0,-62.731,90.0,-61.927,-32.0,1.0,4.602,33.0,-65.467,-65.0,-65.0,-24.0,1.0,-0.0,43.0,-95.017,-95.017,-95.017,0.0,0.0,-0.0,33.0,-69.756,-70.244,-70.244,8.0,0.0,-0.0,34.0,-33.196,-33.196,-33.196,0.0,0.0,-0.0,34.0
10.5936,1,fwd,90.0,12.2,5.618,5.4,5.4,16.0,0.0,0.0,34.0,-100.0,-100.0,-100.0,0.0,0.0,-0.0,33.0,-62.589,90.0,-61.686,-32.0,2.0,3.926,33.0,-65.467,-65.0,-65.0,-24.0,0.0,-0.0,43.0,-95.017,-95.017,-95.017,0.0,0.0,-0.0,33.0,-69.756,-70.244,-70.244,8.0,0.0,-0.0,34.0,-33.196,-33.196,-33.196,0.0,0.0,-0.0,34.0
10.6466,1,fwd,90.0,12.2,5.618,5.4,5.4,16.0,0.0,0.0,34.0,-100.0,-100.0,-100.0,0.0,0.0,-0.0,33.0,-62.447,90.0,-61.466,-32.0,2.0,3.537,33.0,-65.467,-65.0,-65.0,-24.0,0.0,-0.0,43.0,-95.017,-95.017,-95.017,0.0,0.0,-0.0,33.0,-69.756,-70.244,-70.244,8.0,0.0,-0.0,34.0,-33.196,-33.196,-33.196,0.0,0.0,-0.0,34.0
10.7,1,fwd,90.0,12.2,5.618,5.4,5.4,16.0,0.0,0.0,34.0,-100.0,-100.0,-100.0,0.0,0.0,-0.0,33.0,-62.162,90.0,-61.253,-32.0,2.0,4.448,33.0,-65.467,-65.0,-65.0,-24.0,0.0,-0.0,43.0,-95.017,-95.017,-95.017,0.0,0.0,-0.0,33.0,-69.756,-70.244,-70.244,8.0,0.0,-0.0,34.0,-33.196,-33.196,-33.196,0.0,0.0,-0.0,34.0
10.7538,1,fwd,90.0,12.2,5.618,5.4,5.4,16.0,0.0,0.0,34.0,-100.0,-100.0,-100.0,0.0,0.0,-0.0,33.0,-61.878,90.0,-61.037,-32.0,2.0,4.868,33.0,-65.467,-65.0,-65.0,-24.0,0.0,-0.0,43.0,-95.017,-95.017,-95.017,0.0,0.0,-0.0,33.0,-69.756,-70.244,-70.244,8.0,0.0,-0.0,34.0,-33.196,-33.196,-33.196,0.0,0.0,-0.0,34.0
10.807,1,fwd,90.0,12.2,5.618,5.4,5.4,16.0,0.0,0.0,34.0,-100.0,-100.0,-100.0,0.0,0.0,-0.0,33.0,-61.735,90.0,-60.822,-32.0,2.0,3.49,33.0,-65.467,-65.0,-65.0,-24.0,0.0,-0.0,43.0,-95.017,-95.017,-95.017,0.0,0.0,-0.0,33.0,-69.756,-70.244,-70.244,8.0,0.0,-0.0,34.0,-33.196,-33.196,-33.196,0.0,0.0,-0.0,34.0
10.8606,1,fwd,90.0,12.2,5.618,5.4,5.4,16.0,0.0,0.0,34.0,-100.0,-100.0,-100.0,0.0,0.0,-0.0,33.0,-61.451,90.0,-60.609,-32.0,2.0,4.437,33.0,-65.467,-65.0,-65.0,-24.0,0.0,-0.0,43.0,-95.017,-95.017,-95.017,0.0,0.0,-0.0,33.0,-69.756,-70.244,-70.244,8.0,0.0,-0.0,34.0,-33.196,-33.196,-33.196,0.0,0.0,-0.0,34.0
10.9134,1,fwd,90.0,12.2,5.618,5.4,5.4,16.0,0.0,0.0,34.0,-100.0,-100.0,-100.0,0.0,0.0,-0.0,33.0,-61.309,90.0,-60.395,-32.0,2.0,3.288,33.0,-65.467,-65.0,-65.0,-24.0,0.0,-0.0,43.0,-95.017,-95.017,-95.017,0.0,0.0,-0.0,33.0,-69.756,-70.244,-70.244,8.0,0.0,-0.0,34.0,-33.196,-33.196,-33.196,0.0,0.0,-0.0,34.0
10.9666,1,fwd,90.0,12.2,5.618,5.4,5.4,16.0,0.0,0.0,34.0,-100.0,-100.0,-100.0,0.0,0.0,-0.0,33.0,-61.024,90.0,-60.181,-32.0,2.0,4.325,33.0,-65.467,-65.0,-65.0,-24.0,0.0,-0.0,43.0,-95.017,-95.017,-95.017,0.0,0.0,-0.0,33.0,-69.756,-70.244,-70.244,8.0,0.0,-0.0,34.0,-33.196,-33.196,-33.196,0.0,0.0,-0.0,34.0
11.0197,1,fwd,90.0,12.2,5.618,5.4,5.4,16.0,0.0,0.0,34.0,-100.0,-100.0,-100.0,0.0,0.0,-0.0,33.0,-60.882,90.0,-59.968,-32.0,2.0,3.248,33.0,-65.467,-65.0,-65.0,-24.0,0.0,-0.0,43.0,-95.017,-95.017,-95.017,0.0,0.0,-0.0,33.0,-69.756,-70.244,-70.244,8.0,0.0,-0.0,34.0,-33.196,-33.196,-33.196,0.0,0.0,-0.0,34.0
11.0721,1,fwd,90.0,12.2,5.618,5.4,5.4,16.0,0.0,0.0,34.0,-100.0,-100.0,-100.0,0.0,0.0,-0.0,33.0,-60.597,90.0,-59.756,-32.0,2.0,4.311,33.0,-65.467,-65.0,-65.0,-24.0,0.0,-0.0,43.0,-95.017,-95.017,-95.017,0.0,0.0,-0.0,33.0,-69.756,-70.244,-70.244,8.0,0.0,-0.0,34.0,-33.196,-33.196,-33.196,0.0,0.0,-0.0,34.0
11.1256,1,fwd,90.0,12.2,5.618,5.4,5.4,16.0,0.0,0.0,34.0,-100.0,-100.0,-100.0,0.0,0.0,-0.0,33.0,-60.455,90.0,-59.649,-32.0,2.0,4.615,33.0,-65.467,-65.0,-65.0,-24.0,1.0,-0.0,43.0,-95.017,-95.017,-95.017,0.0,0.0,-0.0,33.0,-69.756,-70.244,-70.244,8.0,0.0,-0.0,34.0,-33.196,-33.196,-33.196,0.0,0.0,-0.0,34.0
11.1786,1,fwd,90.0,12.2,5.618,5.4,5.4,16.0,0.0,0.0,34.0,-100.0,-100.0,-100.0,0.0,0.0,-0.0,33.0,-60.313,90.0,-59.314,-32.0,2.0,2.785,33.0,-65.467,-65.0,-65.0,-24.0,1.0,-0.0,43.0,-95.017,-95.017,-95.017,0.0,0.0,-0.0,33.0,-69.756,-70.244,-70.244,8.0,0.0,-0.0,34.0,-33.196,-33.196,-33.196,0.0,0.0,-0.0,34.0
11.232,1,fwd,90.0,12.2,5.618,5.4,5.4,16.0,0.0,0.0,34.0,-100.0,-100.0,-100.0,0.0,0.0,-0.0,33.0,-60.028,90.0,-59.098,-32.0,2.0,4.05,33.0,-65.467,-65.0,-65.0,-24.0,1.0,-0.0,43.0,-95.017,-95.017,-95.017,0.0,0.0,-0.0,33.0,-69.756,-70.244,-70.244,8.0,0.0,-0.0,34.0,-33.196,-33.196,-33.196,0.0,0.0,-0.0,34.0
11.2844,1,fwd,90.0,12.2,5.618,5.4,5.4,16.0,0.0,0.0,34.0,-100.0,-100.0,-100.0,0.0,0.0,-0.0,33.0,-59.744,90.0,-58.882,-32.0,2.0,4.673,33.0,-65.467,-65.0,-65.0,-24.0,1.0,-0.0,43.0,-95.017,-95.017,-95.017,0.0,0.0,-0.0,33.0,-69.756,-70.244,-70.244,8.0,0.0,-0.0,34.0,-33.196,-33.196,-33.196,0.0,0.0,-0.0,34.0
11.3373,1,fwd,90.0,12.2,5.618,5.4,5.4,16.0,0.0,0.0,34.0,-100.0,-100.0,-100.0,0.0,0.0,-0.0,33.0,-59.459,90.0,-58.668,-32.0,2.0,5.011,33.0,-65.467,-65.0,-65.0,-24.0,1.0,-0.0,43.0,-95.017,-95.017,-95.017,0.0,0.0,-0.0,33.0,-69.756,-70.244,-70.244,8.0,0.0,-0.0,34.0,-33.196,-33.196,-33.196,0.0,0.0,-0.0,34.0
11.3911,1,fwd,90.0,12.2,5.618,5.4,5.4,16.0,0.0,0.0,34.0,-100.0,-100.0,-100.0,0.0,0.0,-0.0,33.0,-59.317,90.0,-58.453,-32.0,2.0,4.021,33.0,-65.467,-65.0,-65.0,-24.0,1.0,-0.0,43.0,-95.017,-95.017,-95.017,0.0,0.0,-0.0,33.0,-69.756,-70.244,-70.244,8.0,0.0,-0.0,34.0,-33.196,-33.196,-33.196,0.0,0.0,-0.0,34.0
11.445,1,fwd,90.0,12.2,5.618,5.4,5.4,16.0,0.0,0.0,34.0,-100.0,-100.0,-100.0,0.0,0.0,-0.0,33.0,-59.033,90.0,-58.236,-32.0,2.0,4.639,33.0,-65.467,-65.0,-65.0,-24.0,1.0,-0.0,43.0,-95.017,-95.017,-95.017,0.0,0.0,-0.0,33.0,-69.756,-70.244,-70.244,8.0,0.0,-0.0,34.0,-33.196,-33.196,-33.196,0.0,0.0,-0.0,34.0
11.4984,1,fwd,90.0,12.2,5.618,5.4,5.4,16.0,0.0,0.0,34.0,-100.0,-100.0,-100.0,0.0,0.0,-0.0,33.0,-58.89,90.0,-58.022,-32.0,2.0,3.869,33.0,-65.467,-65.0,-65.0,-24.0,1.0,-0.0,43.0,-95.017,-95.017,-95.017,0.0,0.0,-0.0,33.0,-69.756,-70.244,-70.244,8.0,0.0,-0.0,34.0,-33.196,-33.196,-33.196,0.0,0.0,-0.0,34.0
11.5518,1,fwd,90.0,12.2,5.618,5.4,5.4,16.0,0.0,0.0,34.0,-100.0,-100.0,-100.0,0.0,0.0,-0.0,33.0,-58.606,90.0,-57.806,-32.0,2.0,4.59,33.0,-65.467,-65.0,-65.0,-24.0,1.0,-0.0,43.0,-95.017,-95.017,-95.017,0.0,0.0,-0.0,33.0,-69.756,-70.244,-70.244,8.0,0.0,-0.0,34.0,-33.196,-33.196,-33.196,0.0,0.0,-0.0,34.0
11.605,1,fwd,90.0,12.2,5.618,5.4,5.4,16.0,0.0,0.0,34.0,-100.0,-100.0,-100.0,0.0,0.0,-0.0,33.0,-58.464,90.0,-57.59,-32.0,2.0,3.853,33.0,-65.467,-65.0,-65.0,-24.0,1.0,-0.0,43.0,-95.017,-95.017,-95.017,0.0,0.0,-0.0,33.0,-69.756,-70.244,-70.244,8.0,0.0,-0.0,34.0,-33.196,-33.196,-33.196,0.0,0.0,-0.0,34.0
11.6572,1,fwd,90.0,12.2,5.618,5.4,5.4,16.0,0.0,0.0,34.0,-100.0,-100.0,-100.0,0.0,0.0,-0.0,33.0,-58.179,90.0,-57.376,-32.0,2.0,4.601,33.0,-65.467,-65.0,-65.0,-24.0,1.0,-0.0,43.0,-95.017,-95.017,-95.017,0.0,0.0,-0.0,33.0,-69.756,-70.244,-70.244,8.0,0.0,-0.0,34.0,-33.196,-33.196,-33.196,0.0,0.0,-0.0,34.0
11.7107,1,fwd,90.0,12.2,5.618,5.4,5.4,16.0,0.0,0.0,34.0,-100.0,-100.0,-100.0,0.0,0.0,-0.0,33.0,-58.179,90.0,-57.138,-32.0,2.0,4.601,33.0,-65.467,-65.0,-65.0,-24.0,1.0,-0.0,43.0,-95.017,-95.017,-95.017,0.0,0.0,-0.0,33.0,-69.756,-70.244,-70.244,8.0,0.0,-0.0,34.0,-33.196,-33.196,-33.196,0.0,0.0,-0.0,34.0
11.7637,1,fwd,90.0,12.2,5.618,5.4,5.4,16.0,0.0,0.0,34.0,-100.0,-100.0,-100.0,0.0,0.0,-0.0,33.0,-58.037,90.0,-56.911,-32.0,2.0,2.729,33.0,-65.467,-65.0,-65.0,-24.0,1.0,-0.0,43.0,-95.017,-95.017,-95.017,0.0,0.0,-0.0,33.0,-69.756,-70.244,-70.244,8.0,0.0,-0.0,34.0,-33.196,-33.196,-33.196,0.0,0.0,-0.0,34.0
11.8164,1,fwd,90.0,12.2,5.618,5.4,5.4,16.0,0.0,0.0,34.0,-100.0,-100.0,-100.0,0.0,0.0,-0.0,33.0,-57.61,90.0,-56.796,-32.0,2.0,5.55,33.0,-65.467,-65.0,-65.0,-24.0,1.0,-0.0,43.0,-95.017,-95.017,-95.017,0.0,0.0,-0.0,33.0,-69.756,-70.244,-70.244,8.0,0.0,-0.0,34.0,-33.196,-33.196,-33.196,0.0,0.0,-0.0,34.0
11.8693,1,fwd,90.0,12.2,5.618,5.4,5.4,16.0,0.0,0.0,34.0,-100.0,-100.0,-100.0,0.0,0.0,-0.0,33.0,-57.468,90.0,-56.571,-32.0,2.0,4.337,33.0,-65.467,-65.0,-65.0,-24.0,1.0,-0.0,43.0,-95.017,-95.017,-95.017,0.0,0.0,-0.0,33.0,-69.756,-70.244,-70.244,8.0,0.0,-0.0,34.0,-33.196,-33.196,-33.196,0.0,0.0,-0.0,34.0
11.9213,1,fwd,90.0,12.2,5.618,5.4,5.4,16.0,0.0,0.0,34.0,-100.0,-100.0,-100.0,0.0,0.0,-0.0,33.0,-57.183,90.0,-56.359,-32.0,2.0,4.845,33.0,-65.467,-65.0,-65.0,-24.0,1.0,-0.0,43.0,-95.017,-95.017,-95.017,0.0,0.0,-0.0,33.0,-69.756,-70.244,-70.244,8.0,0.0,-0.0,34.0,-33.196,-33.196,-33.196,0.0,0.0,-0.0,34.0
11.9738,1,fwd,90.0,12.2,5.618,5.4,5.4,16.0,0.0,0.0,34.0,-100.0,-100.0,-100.0,0.0,0.0,-0.0,33.0,-57.041,90.0,-56.145,-32.0,2.0,3.495,33.0,-65.467,-65.0,-65.0,-24.0,1.0,-0.0,43.0,-95.017,-95.017,-95.017,0.0,0.0,-0.0,33.0,-69.756,-70.244,-70.244,8.0,0.0,-0.0,34.0,-33.196,-33.196,-33.196,0.0,0.0,-0.0,34.0
12.0269,1,fwd,90.0,12.2,5.618,5.4,5.4,16.0,0.0,0.0,34.0,-100.0,-100.0,-100.0,0.0,0.0,-0.0,33.0,-56.757,90.0,-55.932,-32.0,2.0,4.454,33.0,-65.467,-65.0,-65.0,-24.0,1.0,-0.0,43.0,-95.017,-95.017,-95.017,0.0,0.0,-0.0,33.0,-69.756,-70.244,-70.244,8.0,0.0,-0.0,34.0,-33.196,-33.196,-33.196,0.0,0.0,-0.0,34.0
12.0793,1,fwd,90.0,12.2,5.618,5.4,5.4,16.0,0.0,0.0,34.0,-100.0,-100.0,-100.0,0.0,0.0,-0.0,33.0,-56.615,90.0,-55.72,-32.0,2.0,3.302,33.0,-65.467,-65.0,-65.0,-24.0,1.0,-0.0,43.0,-95.017,-95.017,-95.017,0.0,0.0,-0.0,33.0,-69.756,-70.244,-70.244,8.0,0.0,-0.0,34.0,-33.196,-33.196,-33.196,0.0,0.0,-0.0,34.0
12.1323,1,fwd,90.0,12.2,5.618,5.4,5.4,16.0,0.0,0.0,34.0,-100.0,-100.0,-100.0,0.0,0.0,-0.0,33.0,-56.33,90.0,-55.506,-32.0,2.0,4.315,33.0,-65.467,-65.0,-65.0,-24.0,1.0,-0.0,43.0,-95.017,-95.017,-95.017,0.0,0.0,-0.0,33.0,-69.756,-70.244,-70.244,8.0,0.0,-0.0,34.0,-33.196,-33.196,-33.196,0.0,0.0,-0.0,34.0
12.1842,1,fwd,90.0,12.2,5.618,5.4,5.4,16.0,0.0,0.0,34.0,-100.0,-100.0,-100.0,0.0,0.0,-0.0,33.0,-56.188,90.0,-55.291,-32.0,2.0,3.236,33.0,-65.467,-65.0,-65.0,-24.0,1.0,-0.0,43.0,-95.017,-95.017,-95.017,0.0,0.0,-0.0,33.0,-69.756,-70.244,-70.244,8.0,0.0,-0.0,34.0,-33.196,-33.196,-33.196,0.0,0.0,-0.0,34.0
12.2363,1,fwd,90.0,12.2,5.618,5.4,5.4,16.0,0.0,0.0,34.0,-100.0,-100.0,-100.0,0.0,0.0,-0.0,33.0,-56.046,90.0,-55.078,-32.0,2.0,3.173,33.0,-65.467,-65.0,-65.0,-24.0,1.0,-0.0,43.0,-95.017,-95.017,-95.017,0.0,0.0,-0.0,33.0,-69.756,-70.244,-70.244,8.0,0.0,-0.0,34.0,-33.196,-33.196,-33.196,0.0,0.0,-0.0,34.0
12.2895,1,fwd,90.0,12.2,5.618,5.4,5.4,16.0,0.0,0.0,34.0,-100.0,-100.0,-100.0,0.0,0.0,-0.0,33.0,-55.761,90.0,-54.839,-36.0,3.0,3.653,33.0,-65.467,-65.0,-65.0,-24.0,1.0,-0.0,43.0,-95.017,-95.017,-95.017,0.0,0.0,-0.0,33.0,-69.756,-70.244,-70.244,8.0,0.0,-0.0,34.0,-33.196,-33.196,-33.196,0.0,0.0,-0.0,34.0
12.3432,1,fwd,90.0,12.2,5.618,5.4,5.4,16.0,0.0,0.0,34.0,-100.0,-100.0,-100.0,0.0,0.0,-0.0,33.0,-55.619,90.0,-54.626,-36.0,3.0,3.378,33.0,-65.467,-65.0,-65.0,-24.0,1.0,-0.0,43.0,-95.017,-95.017,-95.017,0.0,0.0,-0.0,33.0,-69.756,-70.244,-70.244,8.0,0.0,-0.0,34.0,-33.196,-33.196,-33.196,0.0,0.0,-0.0,34.0
12.3963,1,fwd,90.0,12.2,5.618,5.4,5.4,16.0,0.0,0.0,34.0,-100.0,-100.0,-100.0,0.0,0.0,-0.0,33.0,-55.334,90.0,-54.41,-36.0,3.0,4.368,33.0,-65.467,-65.0,-65.0,-24.0,1.0,-0.0,43.0,-95.017,-95.017,-95.017,0.0,0.0,-0.0,33.0,-69.756,-70.244,-70.244,8.0,0.0,-0.0,34.0,-33.196,-33.196,-33.196,0.0,0.0,-0.0,34.0
12.4484,1,fwd,90.0,12.2,5.618,5.4,5.4,16.0,0.0,0.0,34.0,-100.0,-100.0,-100.0,0.0,0.0,-0.0,33.0,-55.05,90.0,-54.198,-36.0,3.0,4.844,33.0,-65.467,-65.0,-65.0,-24.0,1.0,-0.0,43.0,-95.017,-95.017,-95.017,0.0,0.0,-0.0,33.0,-69.756,-70.244,-70.244,8.0,0.0,-0.0,34.0,-33.196,-33.196,-33.196,0.0,0.0,-0.0,34.0
12.5012,1,fwd,90.0,12.2,5.618,5.4,5.4,16.0,0.0,0.0,34.0,-100.0,-100.0,-100.0,0.0,0.0,-0.0,33.0,-54.908,90.0,-53.982,-36.0,3.0,3.482,33.0,-65.467,-65.0,-65.0,-24.0,1.0,-0.0,43.0,-95.017,-95.017,-95.017,0.0,0.0,-0.0,33.0,-69.756,-70.244,-70.244,8.0,0.0,-0.0,34.0,-33.196,-33.196,-33.196,0.0,0.0,-0.0,34.0
12.5533,1,fwd,90.0,12.2,5.618,5.4,5.4,16.0,0.0,0.0,34.0,-100.0,-100.0,-100.0,0.0,0.0,-0.0,33.0,-54.765,90.0,-53.768,-36.0,3.0,4.03,33.0,-65.467,-65.0,-65.0,-24.0,1.0,-0.0,43.0,-95.017,-95.017,-95.017,0.0,0.0,-0.0,33.0,-69.756,-70.244,-70.244,8.0,0.0,-0.0,34.0,-33.196,-33.196,-33.196,0.0,0.0,-0.0,34.0
12.6068,1,fwd,90.0,12.2,5.618,5.4,5.4,16.0,0.0,0.0,34.0,-100.0,-100.0,-100.0,0.0,0.0,-0.0,33.0,-54.481,90.0,-53.539,-36.0,3.0,4.538,33.0,-65.467,-65.0,-65.0,-24.0,1.0,-0.0,43.0,-95.017,-95.017,-95.017,0.0,0.0,-0.0,33.0,-69.756,-70.244,-70.244,8.0,0.0,-0.0,34.0,-32.99,-33.196,-33.196,0.0,0.0,1.441,34.0
12.66,1,fwd,90.0,12.2,5.618,5.4,5.4,16.0,0.0,0.0,34.0,-100.0,-100.0,-100.0,0.0,0.0,-0.0,33.0,-54.339,90.0,-53.423,-36.0,3.0,3.259,33.0,-65.467,-65.0,-65.0,-24.0,1.0,-0.0,43.0,-95.017,-95.017,-95.017,0.0,0.0,-0.0,33.0,-69.756,-70.244,-70.244,8.0,0.0,-0.0,34.0,-32.99,-33.196,-33.196,0.0,0.0,0.706,34.0
12.7138,1,fwd,90.0,12.2,5.618,5.4,5.4,16.0,0.0,0.0,34.0,-100.0,-100.0,-100.0,0.0,0.0,-0.0,33.0,-54.054,90.0,-53.195,-36.0,3.0,4.191,33.0,-65.467,-65.0,-65.0,-24.0,1.0,-0.0,43.0,-95.017,-95.017,-95.017,0.0,0.0,-0.0,33.0,-69.756,-70.244,-70.244,8.0,0.0,-0.0,34.0,-32.99,-33.196,-33.196,0.0,0.0,0.346,34.0
12.7669,1,fwd,90.0,12.2,5.618,5.4,5.4,16.0,0.0,0.0,34.0,-100.0,-100.0,-100.0,0.0,0.0,-0.0,33.0,-53.77,90.0,-52.98,-36.0,3.0,4.775,33.0,-65.467,-65.0,-65.0,-24.0,1.0,-0.0,43.0,-95.017,-95.017,-95.017,0.0,0.0,-0.0,33.0,-69.756,-70.244,-70.244,8.0,0.0,-0.0,34.0,-32.99,-33.196,-33.196,0.0,0.0,0.17,34.0
12.8202,1,fwd,90.0,12.2,5.618,5.4,5.4,16.0,0.0,0.0,34.0,-100.0,-100.0,-100.0,0.0,0.0,-0.0,33.0,-53.627,90.0,-52.766,-36.0,3.0,3.909,33.0,-65.467,-65.0,-65.0,-24.0,1.0,-0.0,43.0,-95.017,-95.017,-95.017,0.0,0.0,-0.0,33.0,-69.756,-70.244,-70.244,8.0,0.0,-0.0,34.0,-32.99,-33.196,-33.196,0.0,0.0,0.083,34.0
12.8738,1,fwd,90.0,12.2,5.618,5.4,5.4,16.0,0.0,0.0,34.0,-100.0,-100.0,-100.0,0.0,0.0,-0.0,33.0,-53.343,90.0,-52.526,-40.0,3.0,4.157,33.0,-65.467,-65.0,-65.0,-24.0,1.0,-0.0,43.0,-95.017,-95.017,-95.017,0.0,0.0,-0.0,33.0,-69.756,-70.244,-70.244,8.0,0.0,-0.0,34.0,-32.99,-33.196,-33.196,8.0,0.0,0.058,34.0
12.9266,1,fwd,90.0,12.2,5.618,5.4,5.4,16.0,0.0,0.0,34.0,-100.0,-100.0,-100.0,0.0,0.0,-0.0,33.0,-53.201,90.0,-52.31,-40.0,3.0,3.649,33.0,-65.467,-65.0,-65.0,-24.0,1.0,-0.0,43.0,-95.017,-95.017,-95.017,0.0,0.0,-0.0,33.0,-69.756,-70.244,-70.244,8.0,0.0,-0.0,34.0,-32.99,-33.196,-33.196,8.0,0.0,0.028,34.0
12.9801,1,fwd,90.0,12.2,5.618,5.4,5.4,16.0,0.0,0.0,34.0,-100.0,-100.0,-100.0,0.0,0.0,-0.0,33.0,-52.916,90.0,-52.095,-40.0,3.0,4.46,33.0,-65.467,-65.0,-65.0,-24.0,1.0,-0.0,43.0,-95.017,-95.017,-95.017,0.0,0.0,-0.0,33.0,-69.756,-70.244,-70.244,8.0,0.0,-0.0,34.0,-32.99,-33.196,-33.196,8.0,0.0,0.014,34.0
13.0324,1,fwd,90.0,12.2,5.618,5.4,5.4,16.0,0.0,0.0,34.0,-100.0,-100.0,-100.0,0.0,0.0,-0.0,33.0,-52.774,90.0,-51.88,-40.0,3.0,3.798,33.0,-65.467,-65.0,-65.0,-24.0,1.0,-0.0,43.0,-95.017,-95.017,-95.017,0.0,0.0,-0.0,33.0,-69.756,-70.244,-70.244,8.0,0.0,-0.0,34.0,-32.99,-33.196,-33.196,8.0,0.0,0.007,34.0
13.0855,1,fwd,90.0,12.2,5.618,5.4,5.4,16.0,0.0,0.0,34.0,-99.82,-100.0,-100.0,0.0,0.0,2.027,33.0,-52.632,90.0,-51.666,-40.0,3.0,3.461,33.0,-65.467,-65.0,-65.0,-24.0,1.0,-0.0,43.0,-95.017,-95.017,-95.017,0.0,0.0,-0.0,33.0,-69.756,-70.244,-70.244,8.0,0.0,-0.0,34.0,-32.99,-33.196,-33.196,8.0,0.0,0.003,34.0
13.1388,1,fwd,90.0,12.2,5.618,5.4,5.4,16.0,0.0,0.0,34.0,-99.82,-100.0,-100.0,0.0,0.0,0.993,33.0,-52.347,90.0,-51.45,-40.0,3.0,3.922,33.0,-65.467,-65.0,-65.0,-24.0,1.0,-0.0,43.0,-95.017,-95.017,-95.017,0.0,0.0,-0.0,33.0,-69.756,-70.244,-70.244,8.0,0.0,-0.0,34.0,-32.99,-33.196,-33.196,8.0,0.0,0.002,34.0
13.1921,1,fwd,90.0,12.2,5.618,5.4,5.4,16.0,0.0,0.0,34.0,-100.0,-100.0,-100.0,0.0,0.0,-0.917,33.0,-52.063,90.0,-51.235,-40.0,3.0,4.588,33.0,-65.467,-65.0,-65.0,-24.0,1.0,-0.0,43.0,-95.017,-95.017,-95.017,0.0,0.0,-0.0,33.0,-69.756,-70.244,-70.244,8.0,0.0,-0.0,34.0,-32.99,-33.196,-33.196,8.0,0.0,0.001,34.0
13.246,1,fwd,90.0,12.2,5.618,5.4,5.4,16.0,0.0,0.0,34.0,-100.0,-100.0,-100.0,0.0,0.0,-0.45,33.0,-51.92,90.0,-51.017,-40.0,3.0,3.36,33.0,-65.467,-65.0,-65.0,-24.0,1.0,-0.0,43.0,-95.017,-95.017,-95.017,0.0,0.0,-0.0,33.0,-69.756,-70.244,-70.244,8.0,0.0,-0.0,34.0,-32.99,-33.196,-33.196,8.0,0.0,0.0,34.0
13.2985,1,fwd,90.0,12.2,5.618,5.4,5.4,16.0,0.0,0.0,34.0,-100.0,-100.0,-100.0,0.0,0.0,-0.22,33.0,-51.636,90.0,-50.802,-40.0,3.0,4.33,33.0,-65.467,-65.0,-65.0,-24.0,1.0,-0.0,43.0,-95.017,-95.017,-95.017,0.0,0.0,-0.0,33.0,-69.756,-70.244,-70.244,8.0,0.0,-0.0,34.0,-32.99,-33.196,-33.196,8.0,0.0,0.0,34.0
13.352,1,fwd,90.0,12.2,5.618,5.4,5.4,16.0,0.0,0.0,34.0,-100.0,-100.0,-100.0,0.0,0.0,-0.108,33.0,-51.494,90.0,-50.587,-40.0,3.0,3.238,33.0,-65.467,-65.0,-65.0,-24.0,1.0,-0.0,43.0,-95.017,-95.017,-95.017,0.0,0.0,-0.0,33.0,-69.756,-70.244,-70.244,8.0,0.0,-0.0,34.0,-33.196,-33.196,-33.196,8.0,0.0,-1.618,34.0
13.4062,1,fwd,90.0,12.2,5.618,5.4,5.4,16.0,0.0,0.0,34.0,-100.0,-100.0,-100.0,0.0,0.0,-0.076,33.0,-51.351,90.0,-50.48,-40.0,3.0,3.833,33.0,-65.467,-65.0,-65.0,-24.0,1.0,-0.0,43.0,-95.017,-95.017,-95.017,0.0,0.0,-0.0,33.0,-69.756,-70.244,-70.244,8.0,0.0,-0.0,34.0,-33.196,-33.196,-33.196,8.0,0.0,-1.133,34.0
13.4597,1,fwd,90.0,12.2,5.618,5.4,5.4,16.0,0.0,0.0,34.0,-100.0,-100.0,-100.0,0.0,0.0,-0.053,33.0,-51.067,90.0,-50.132,-40.0,2.0,4.107,33.0,-65.467,-65.0,-65.0,-24.0,1.0,-0.0,43.0,-95.017,-95.017,-95.017,0.0,0.0,-0.0,33.0,-69.756,-70.244,-70.244,8.0,0.0,-0.0,34.0,-33.196,-33.196,-33.196,0.0,0.0,-0.793,34.0
13.513,1,fwd,90.0,12.2,5.618,5.4,5.4,16.0,0.0,0.0,34.0,-100.0,-100.0,-100.0,0.0,0.0,-0.026,33.0,-50.925,90.0,-49.906,-40.0,2.0,3.609,33.0,-65.467,-65.0,-65.0,-24.0,1.0,-0.0,43.0,-95.017,-95.017,-95.017,0.0,0.0,-0.0,33.0,-69.756,-70.244,-70.244,8.0,0.0,-0.0,34.0,-33.196,-33.196,-33.196,0.0,0.0,-0.388,34.0
13.5656,1,fwd,90.0,12.2,5.618,5.4,5.4,16.0,0.0,0.0,34.0,-100.0,-100.0,-100.0,0.0,0.0,-0.013,33.0,-50.64,90.0,-49.788,-40.0,2.0,4.349,33.0,-65.467,-65.0,-65.0,-24.0,1.0,-0.0,43.0,-95.017,-95.017,-95.017,0.0,0.0,-0.0,33.0,-69.756,-70.244,-70.244,8.0,0.0,-0.0,34.0,-33.196,-33.196,-33.196,0.0,0.0,-0.19,34.0
13.6189,1,fwd,90.0,12.2,5.618,5.4,5.4,16.0,0.0,0.0,34.0,-100.0,-100.0,-100.0,0.0,0.0,-0.006,33.0,-50.498,90.0,-49.572,-40.0,2.0,3.234,33.0,-65.467,-65.0,-65.0,-24.0,1.0,-0.0,43.0,-95.017,-95.017,-95.017,0.0,0.0,-0.0,33.0,-69.756,-70.244,-70.244,8.0,0.0,-0.0,34.0,-33.196,-33.196,-33.196,0.0,0.0,-0.093,34.0
13.6722,1,fwd,90.0,12.2,5.618,5.4,5.4,16.0,0.0,0.0,34.0,-100.0,-100.0,-100.0,0.0,0.0,-0.003,33.0,-50.213,90.0,-49.359,-40.0,2.0,4.311,33.0,-65.467,-65.0,-65.0,-24.0,1.0,-0.0,43.0,-95.017,-95.017,-95.017,0.0,0.0,-0.0,33.0,-69.756,-70.244,-70.244,8.0,0.0,-0.0,34.0,-33.196,-33.196,-33.196,0.0,0.0,-0.046,34.0
13.7255,1,fwd,90.0,12.2,5.618,5.4,5.4,16.0,0.0,0.0,34.0,-100.0,-100.0,-100.0,0.0,0.0,-0.001,33.0,-49.929,90.0,-49.146,-40.0,2.0,4.826,33.0,-65.467,-65.0,-65.0,-24.0,1.0,-0.0,43.0,-95.017,-95.017,-95.017,0.0,0.0,-0.0,33.0,-69.756,-70.244,-70.244,8.0,0.0,-0.0,34.0,-33.196,-33.196,-33.196,0.0,0.0,-0.022,34.0
13.7785,1,fwd,90.0,12.2,5.618,5.4,5.4,16.0,0.0,0.0,34.0,-100.0,-100.0,-100.0,0.0,0.0,-0.001,33.0,-49.787,90.0,-48.93,-40.0,2.0,3.957,33.0,-65.467,-65.0,-65.0,-24.0,1.0,-0.0,43.0,-95.017,-95.017,-95.017,0.0,0.0,-0.0,33.0,-69.756,-70.244,-70.244,8.0,0.0,-0.0,34.0,-33.196,-33.196,-33.196,0.0,0.0,-0.011,34.0
13.8319,1,fwd,90.0,12.2,5.618,5.4,5.4,16.0,0.0,0.0,34.0,-100.0,-100.0,-100.0,0.0,0.0,-0.0,33.0,-49.502,90.0,-48.716,-40.0,2.0,4.625,33.0,-65.467,-65.0,-65.0,-24.0,1.0,-0.0,43.0,-95.017,-95.017,-95.017,0.0,0.0,-0.0,33.0,-69.756,-70.244,-70.244,8.0,0.0,-0.0,34.0,-33.196,-33.196,-33.196,0.0,0.0,-0.005,34.0
13.8859,1,fwd,90.0,12.2,5.618,5.4,5.4,16.0,0.0,0.0,34.0,-100.0,-100.0,-100.0,0.0,0.0,-0.0,33.0,-49.36,90.0,-48.498,-40.0,2.0,3.839,33.0,-65.467,-65.0,-65.0,-24.0,1.0,-0.0,43.0,-95.017,-95.017,-95.017,0.0,0.0,-0.0,33.0,-69.756,-70.244,-70.244,8.0,0.0,-0.0,34.0,-33.196,-33.196,-33.196,0.0,0.0,-0.003,34.0
13.9386,1,fwd,90.0,12.2,5.618,5.4,5.4,16.0,0.0,0.0,34.0,-100.0,-100.0,-100.0,0.0,0.0,-0.0,33.0,-49.075,90.0,-48.284,-40.0,2.0,4.601,33.0,-65.467,-65.0,-65.0,-24.0,1.0,-0.0,43.0,-95.017,-95.017,-95.017,0.0,0.0,-0.0,33.0,-69.756,-70.244,-70.244,8.0,0.0,-0.0,34.0,-33.196,-33.196,-33.196,0.0,0.0,-0.001,34.0
13.9918,1,fwd,90.0,12.2,5.618,5.4,5.4,16.0,0.0,0.0,34.0,-100.0,-100.0,-100.0,0.0,0.0,-0.0,33.0,-49.075,90.0,-48.178,-40.0,3.0,3.22,33.0,-65.467,-65.0,-65.0,-24.0,1.0,-0.0,43.0,-95.017,-95.017,-95.017,0.0,0.0,-0.0,33.0,-69.756,-70.244,-70.244,8.0,0.0,-0.0,34.0,-33.196,-33.196,-33.196,0.0,0.0,-0.001,34.0
14.0448,1,fwd,90.0,12.2,5.618,5.4,5.4,16.0,0.0,0.0,34.0,-100.0,-100.0,-100.0,0.0,0.0,-0.0,33.0,-48.791,90.0,-47.846,-40.0,3.0,2.643,33.0,-65.467,-65.0,-65.0,-24.0,1.0,-0.0,43.0,-95.017,-95.017,-95.017,0.0,0.0,-0.0,33.0,-69.756,-70.244,-70.244,8.0,0.0,-0.0,34.0,-33.196,-33.196,-33.196,0.0,0.0,-0.0,34.0
14.0977,1,fwd,90.0,12.2,5.618,5.4,5.4,16.0,0.0,0.0,34.0,-100.0,-100.0,-100.0,0.0,0.0,-0.0,33.0,-48.506,90.0,-47.633,-40.0,3.0,4.009,33.0,-65.467,-65.0,-65.0,-24.0,1.0,-0.0,43.0,-95.017,-95.017,-95.017,0.0,0.0,-0.0,33.0,-69.756,-70.244,-70.244,8.0,0.0,-0.0,34.0,-33.196,-33.196,-33.196,0.0,0.0,-0.0,34.0
14.151,1,fwd,90.0,12.2,5.618,5.4,5.4,16.0,0.0,0.0,34.0,-100.0,-100.0,-100.0,0.0,0.0,-0.0,33.0,-48.222,90.0,-47.419,-40.0,3.0,4.66,33.0,-65.467,-65.0,-65.0,-24.0,1.0,-0.0,43.0,-95.017,-95.017,-95.017,0.0,0.0,-0.0,33.0,-69.756,-70.244,-70.244,8.0,0.0,-0.0,34.0,-33.196,-33.196,-33.196,0.0,0.0,-0.0,34.0
14.2041,1,fwd,90.0,12.2,5.618,5.4,5.4,16.0,0.0,0.0,34.0,-100.0,-100.0,-100.0,0.0,0.0,-0.0,33.0,-48.08,90.0,-47.205,-40.0,3.0,3.876,33.0,-65.467,-65.0,-65.0,-24.0,1.0,-0.0,43.0,-95.087,-95.017,-95.017,0.0,0.0,-0.775,33.0,-69.756,-70.244,-70.244,8.0,0.0,-0.0,34.0,-33.196,-33.196,-33.196,0.0,0.0,-0.0,34.0
14.2576,1,fwd,90.0,12.2,5.618,5.4,5.4,16.0,0.0,0.0,34.0,-100.0,-100.0,-100.0,0.0,0.0,-0.0,33.0,-47.795,90.0,-46.989,-40.0,3.0,4.595,33.0,-65.467,-65.0,-65.0,-24.0,1.0,-0.0,43.0,-95.087,-95.017,-95.017,0.0,0.0,-0.38,33.0,-69.756,-70.244,-70.244,8.0,0.0,-0.0,34.0,-33.196,-33.196,-33.196,0.0,0.0,-0.0,34.0
14.3109,1,fwd,90.0,12.2,5.618,5.4,5.4,16.0,0.0,0.0,34.0,-100.0,-100.0,-100.0,0.0,0.0,-0.0,33.0,-47.653,90.0,-46.774,-40.0,3.0,3.833,33.0,-65.467,-65.0,-65.0,-24.0,1.0,-0.0,43.0,-95.017,-95.017,-95.017,0.0,0.0,0.353,33.0,-69.756,-70.244,-70.244,8.0,0.0,-0.0,34.0,-33.196,-33.196,-33.196,0.0,0.0,-0.0,34.0
14.3633,1,fwd,90.0,12.2,5.618,5.4,5.4,16.0,0.0,0.0,34.0,-100.0,-100.0,-100.0,0.0,0.0,-0.0,33.0,-47.368,90.0,-46.559,-40.0,3.0,4.574,33.0,-65.467,-65.0,-65.0,-24.0,1.0,-0.0,43.0,-95.017,-95.017,-95.017,0.0,0.0,0.173,33.0,-69.756,-70.244,-70.244,8.0,0.0,-0.0,34.0,-33.196,-33.196,-33.196,0.0,0.0,-0.0,34.0
14.4175,1,fwd,90.0,12.2,5.618,5.4,5.4,16.0,0.0,0.0,34.0,-100.0,-100.0,-100.0,0.0,0.0,-0.0,33.0,-47.226,90.0,-46.343,-40.0,3.0,3.848,33.0,-65.467,-65.0,-65.0,-24.0,1.0,-0.0,43.0,-95.017,-95.017,-95.017,0.0,0.0,0.085,33.0,-69.756,-70.244,-70.244,8.0,0.0,-0.0,34.0,-33.196,-33.196,-33.196,0.0,0.0,-0.0,34.0
14.471,1,fwd,90.0,12.2,5.618,5.4,5.4,16.0,0.0,0.0,34.0,-100.0,-100.0,-100.0,0.0,0.0,-0.605,33.0,-46.942,90.0,-46.128,-40.0,3.0,4.572,33.0,-65.467,-65.0,-65.0,-24.0,1.0,-0.0,43.0,-95.017,-95.017,-95.017,0.0,0.0,0.042,33.0,-69.756,-70.244,-70.244,8.0,0.0,-0.0,34.0,-33.196,-33.196,-33.196,0.0,0.0,-0.0,34.0
14.5244,1,fwd,90.0,12.2,5.618,5.4,5.4,16.0,0.0,0.0,34.0,-100.0,-100.0,-100.0,0.0,0.0,-0.297,33.0,-46.799,90.0,-45.914,-40.0,3.0,3.845,33.0,-65.467,-65.0,-65.0,-24.0,1.0,-0.0,43.0,-95.017,-95.017,-95.017,0.0,0.0,0.02,33.0,-69.756,-70.244,-70.244,8.0,0.0,-0.0,34.0,-33.196,-33.196,-33.196,0.0,0.0,-0.0,34.0
14.5777,1,fwd,90.0,12.2,5.618,5.4,5.4,16.0,0.0,0.0,34.0,-100.0,-100.0,-100.0,0.0,0.0,-0.208,33.0,-46.515,90.0,-45.676,-40.0,3.0,4.12,33.0,-65.467,-65.0,-65.0,-24.0,1.0,-0.0,43.0,-95.017,-95.017,-95.017,0.0,0.0,0.014,33.0,-69.756,-70.244,-70.244,8.0,0.0,-0.0,34.0,-33.196,-33.196,-33.196,0.0,0.0,-0.0,34.0
14.631,1,fwd,90.0,12.2,5.618,5.4,5.4,16.0,0.0,0.0,34.0,-100.0,-100.0,-100.0,0.0,0.0,-0.102,33.0,-46.373,90.0,-45.461,-40.0,3.0,3.616,33.0,-65.467,-65.0,-65.0,-24.0,1.0,-0.0,43.0,-95.017,-95.017,-95.017,0.0,0.0,0.007,33.0,-69.756,-70.244,-70.244,8.0,0.0,-0.0,34.0,-33.196,-33.196,-33.196,0.0,0.0,-0.0,34.0
14.6834,1,fwd,90.0,12.2,5.618,5.4,5.4,16.0,0.0,0.0,34.0,-100.0,-100.0,-100.0,0.0,0.0,-0.071,33.0,-46.23,90.0,-45.247,-40.0,3.0,4.139,33.0,-65.467,-65.0,-65.0,-24.0,1.0,-0.0,43.0,-95.017,-95.017,-95.017,0.0,0.0,0.005,33.0,-69.756,-70.244,-70.244,8.0,0.0,-0.0,34.0,-33.196,-33.196,-33.196,0.0,0.0,-0.0,34.0
14.7364,1,fwd,90.0,12.2,5.618,5.4,5.4,16.0,0.0,0.0,34.0,-100.0,-100.0,-100.0,0.0,0.0,-0.035,33.0,-45.946,90.0,-45.017,-40.0,3.0,4.602,33.0,-65.467,-65.0,-65.0,-24.0,1.0,-0.0,43.0,-95.017,-95.017,-95.017,0.0,0.0,0.002,33.0,-69.756,-70.244,-70.244,8.0,0.0,-0.0,34.0,-33.196,-33.196,-33.196,0.0,0.0,-0.0,34.0
14.7904,1,fwd,90.0,12.2,5.618,5.4,5.4,16.0,0.0,0.0,34.0,-100.0,-100.0,-100.0,0.0,0.0,-0.017,33.0,-45.946,90.0,-44.796,-40.0,3.0,2.255,33.0,-65.467,-65.0,-65.0,-24.0,1.0,-0.0,43.0,-95.017,-95.017,-95.017,0.0,0.0,0.001,33.0,-69.756,-70.244,-70.244,8.0,0.0,-0.0,34.0,-33.196,-33.196,-33.196,0.0,0.0,-0.0,34.0
14.8441,1,fwd,90.0,12.2,5.618,5.4,5.4,16.0,0.0,0.0,34.0,-100.0,-100.0,-100.0,0.0,0.0,-0.008,33.0,-45.519,90.0,-44.686,-40.0,3.0,4.834,33.0,-65.467,-65.0,-65.0,-24.0,1.0,-0.0,43.0,-95.017,-95.017,-95.017,0.0,0.0,0.001,33.0,-69.756,-70.244,-70.244,8.0,0.0,-0.0,34.0,-33.196,-33.196,-33.196,0.0,0.0,-0.0,34.0
14.8975,1,fwd,90.0,12.2,5.618,5.4,5.4,16.0,0.0,0.0,34.0,-100.0,-100.0,-100.0,0.0,0.0,-0.004,33.0,-45.377,90.0,-44.463,-40.0,3.0,3.405,33.0,-65.467,-65.0,-65.0,-24.0,1.0,-0.0,43.0,-95.017,-95.017,-95.017,0.0,0.0,0.0,33.0,-69.756,-70.244,-70.244,8.0,0.0,-0.0,34.0,-33.196,-33.196,-33.196,0.0,0.0,-0.0,34.0
14.9502,1,fwd,90.0,12.2,5.618,5.4,5.4,16.0,0.0,0.0,34.0,-100.0,-100.0,-100.0,0.0,0.0,-0.002,33.0,-45.092,90.0,-44.25,-40.0,3.0,4.399,33.0,-65.467,-65.0,-65.0,-24.0,1.0,-0.0,43.0,-95.017,-95.017,-95.017,0.0,0.0,0.0,33.0,-69.756,-70.244,-70.244,8.0,0.0,-0.0,34.0,-33.196,-33.196,-33.196,0.0,0.0,-0.0,34.0
15.003,1,fwd,90.0,12.2,5.618,5.4,5.4,16.0,0.0,0.0,34.0,-100.0,-100.0,-100.0,0.0,0.0,-0.001,33.0,-44.95,90.0,-44.037,-40.0,3.0,3.751,33.0,-65.467,-65.0,-65.0,-24.0,1.0,-0.0,43.0,-95.017,-95.017,-95.017,0.0,0.0,0.0,33.0,-69.756,-70.244,-70.244,8.0,0.0,-0.0,34.0,-33.196,-33.196,-33.196,0.0,0.0,-0.0,34.0
15.0559,1,fwd,90.0,12.2,5.618,5.4,5.4,16.0,0.0,0.0,34.0,-100.0,-100.0,-100.0,0.0,0.0,-0.0,33.0,-44.666,90.0,-43.824,-40.0,3.0,5.028,33.0,-65.467,-65.0,-65.0,-24.0,1.0,-0.0,43.0,-95.017,-95.017,-95.017,0.0,0.0,0.0,33.0,-69.756,-70.244,-70.244,8.0,0.0,-0.0,34.0,-33.196,-33.196,-33.196,0.0,0.0,-0.0,34.0
15.1088,1,fwd,90.0,12.2,5.618,5.4,5.4,16.0,0.0,0.0,34.0,-100.0,-100.0,-100.0,0.0,0.0,-0.0,33.0,-44.523,90.0,-43.611,-40.0,3.0,3.593,33.0,-65.467,-65.0,-65.0,-24.0,1.0,-0.0,43.0,-95.017,-95.017,-95.017,0.0,0.0,0.0,33.0,-69.756,-70.244,-70.244,8.0,0.0,-0.0,34.0,-33.196,-33.196,-33.196,0.0,0.0,-0.0,34.0
15.1619,1,fwd,90.0,12.2,5.618,5.4,5.4,16.0,0.0,0.0,34.0,-100.0,-100.0,-100.0,0.0,0.0,-0.0,33.0,-44.239,90.0,-43.374,-40.0,3.0,3.955,33.0,-65.467,-65.0,-65.0,-24.0,1.0,-0.0,43.0,-95.017,-95.017,-95.017,0.0,0.0,0.0,33.0,-69.756,-70.244,-70.244,8.0,0.0,-0.0,34.0,-33.196,-33.196,-33.196,0.0,0.0,-0.0,34.0
15.2142,1,fwd,90.0,12.2,5.618,5.4,5.4,16.0,0.0,0.0,34.0,-100.0,-100.0,-100.0,0.0,0.0,-0.0,33.0,-44.097,90.0,-43.159,-40.0,3.0,3.51,33.0,-65.467,-65.0,-65.0,-24.0,1.0,-0.0,43.0,-95.017,-95.017,-95.017,0.0,0.0,0.0,33.0,-69.756,-70.244,-70.244,8.0,0.0,-0.0,34.0,-33.196,-33.196,-33.196,0.0,0.0,-0.0,34.0
15.2677,1,fwd,90.0,12.2,5.618,5.4,5.4,16.0,0.0,0.0,34.0,-99.82,-100.0,-100.0,0.0,0.0,2.009,33.0,-43.812,90.0,-42.94,-40.0,3.0,4.393,33.0,-65.467,-65.0,-65.0,-24.0,1.0,-0.0,43.0,-95.017,-95.017,-95.017,0.0,0.0,0.0,33.0,-69.756,-70.244,-70.244,8.0,0.0,-0.0,34.0,-33.196,-33.196,-33.196,0.0,0.0,-0.0,34.0
15.321,1,fwd,90.0,12.2,5.618,5.4,5.4,16.0,0.0,0.0,34.0,-100.0,-100.0,-100.0,0.0,0.0,-1.025,33.0,-43.528,90.0,-42.725,-40.0,3.0,4.847,33.0,-65.467,-65.0,-65.0,-24.0,1.0,-0.0,43.0,-95.017,-95.017,-95.017,0.0,0.0,0.0,33.0,-69.756,-70.244,-70.244,8.0,0.0,-0.0,34.0,-33.196,-33.196,-33.196,0.0,0.0,-0.0,34.0
15.3739,1,fwd,90.0,12.2,5.618,5.4,5.4,16.0,0.0,0.0,34.0,-100.0,-100.0,-100.0,0.0,0.0,-0.502,33.0,-43.385,90.0,-42.51,-40.0,3.0,3.978,33.0,-65.467,-65.0,-65.0,-24.0,1.0,-0.0,43.0,-95.017,-95.017,-95.017,0.0,0.0,0.0,33.0,-69.756,-70.244,-70.244,8.0,0.0,-0.0,34.0,-33.196,-33.196,-33.196,0.0,0.0,-0.0,34.0
15.4281,1,fwd,90.0,12.2,5.618,5.4,5.4,16.0,0.0,0.0,34.0,-100.0,-100.0,-100.0,0.0,0.0,-0.246,33.0,-43.101,90.0,-42.295,-40.0,3.0,4.627,33.0,-65.467,-65.0,-65.0,-24.0,1.0,-0.0,43.0,-95.017,-95.017,-95.017,0.0,0.0,0.0,33.0,-69.756,-70.244,-70.244,8.0,0.0,-0.0,34.0,-33.196,-33.196,-33.196,0.0,0.0,-0.0,34.0
15.4821,1,fwd,90.0,12.2,5.618,5.4,5.4,16.0,0.0,0.0,34.0,-100.0,-100.0,-100.0,0.0,0.0,-0.121,33.0,-42.959,90.0,-42.079,-40.0,3.0,3.852,33.0,-65.467,-65.0,-65.0,-24.0,1.0,-0.0,43.0,-95.017,-95.017,-95.017,0.0,0.0,0.0,33.0,-69.756,-70.244,-70.244,8.0,0.0,-0.0,34.0,-33.196,-33.196,-33.196,0.0,0.0,-0.0,34.0
15.5356,1,fwd,90.0,12.2,5.618,5.4,5.4,16.0,0.0,0.0,34.0,-100.0,-100.0,-100.0,0.0,0.0,-0.059,33.0,-42.674,90.0,-41.864,-40.0,3.0,4.58,33.0,-65.467,-65.0,-65.0,-24.0,1.0,-0.0,43.0,-95.017,-95.017,-95.017,0.0,0.0,0.0,33.0,-69.756,-70.244,-70.244,8.0,0.0,-0.0,34.0,-33.196,-33.196,-33.196,0.0,0.0,-0.0,34.0
15.5888,1,fwd,90.0,12.2,5.618,5.4,5.4,16.0,0.0,0.0,34.0,-100.0,-100.0,-100.0,0.0,0.0,-0.029,33.0,-42.674,90.0,-41.649,-40.0,3.0,2.244,33.0,-65.467,-65.0,-65.0,-24.0,1.0,-0.0,43.0,-95.017,-95.017,-95.017,0.0,0.0,0.0,33.0,-69.756,-70.244,-70.244,8.0,0.0,-0.0,34.0,-32.99,-33.196,-33.196,0.0,0.0,1.626,34.0
15.6418,1,fwd,90.0,12.2,5.618,5.4,5.4,16.0,0.0,0.0,34.0,-100.0,-100.0,-100.0,0.0,0.0,-0.014,33.0,-42.248,90.0,-41.434,-40.0,3.0,4.857,33.0,-65.467,-65.0,-65.0,-24.0,1.0,-0.0,43.0,-95.017,-95.017,-95.017,0.0,0.0,0.0,33.0,-69.756,-70.244,-70.244,8.0,0.0,-0.0,34.0,-32.99,-33.196,-33.196,0.0,0.0,0.797,34.0
15.695,1,fwd,90.0,12.2,5.618,5.4,5.4,16.0,0.0,0.0,34.0,-100.0,-100.0,-100.0,0.0,0.0,-0.01,33.0,-42.248,90.0,-41.325,-40.0,3.0,3.4,33.0,-65.467,-65.0,-65.0,-24.0,0.0,-0.0,43.0,-95.017,-95.017,-95.017,0.0,0.0,0.0,33.0,-69.756,-70.244,-70.244,8.0,0.0,-0.0,34.0,-32.99,-33.196,-33.196,8.0,0.0,0.558,34.0
15.7482,1,fwd,90.0,12.2,5.618,5.4,5.4,16.0,0.0,0.0,34.0,-100.0,-100.0,-100.0,0.0,0.0,-0.007,33.0,-41.963,90.0,-40.987,-40.0,3.0,3.853,33.0,-65.467,-65.0,-65.0,-24.0,0.0,-0.0,43.0,-95.017,-95.017,-95.017,0.0,0.0,0.0,33.0,-69.756,-70.244,-70.244,8.0,0.0,-0.0,34.0,-32.99,-33.196,-33.196,8.0,0.0,0.39,34.0
15.802,1,fwd,90.0,12.2,5.618,5.4,5.4,16.0,0.0,0.0,34.0,-100.0,-100.0,-100.0,0.0,0.0,-0.003,33.0,-41.821,90.0,-40.757,-40.0,3.0,3.483,33.0,-65.467,-65.0,-65.0,-24.0,0.0,-0.0,43.0,-95.017,-95.017,-95.017,0.0,0.0,0.0,33.0,-69.756,-70.244,-70.244,8.0,0.0,-0.0,34.0,-32.99,-33.196,-33.196,8.0,0.0,0.191,34.0
15.8556,1,fwd,90.0,12.2,5.618,5.4,5.4,16.0,0.0,0.0,34.0,-100.0,-100.0,-100.0,0.0,0.0,-0.002,33.0,-41.536,90.0,-40.641,-40.0,3.0,4.318,33.0,-65.467,-65.0,-65.0,-24.0,0.0,-0.0,43.0,-95.017,-95.017,-95.017,0.0,0.0,0.0,33.0,-69.756,-70.244,-70.244,8.0,0.0,-0.0,34.0,-32.99,-33.196,-33.196,8.0,0.0,0.094,34.0
15.9084,1,fwd,90.0,12.2,5.618,5.4,5.4,16.0,0.0,0.0,34.0,-100.0,-100.0,-100.0,0.0,0.0,-0.001,33.0,-41.252,90.0,-40.414,-40.0,3.0,4.704,33.0,-65.467,-65.0,-65.0,-24.0,0.0,-0.0,43.0,-95.017,-95.017,-95.017,0.0,0.0,0.0,33.0,-69.756,-70.244,-70.244,8.0,0.0,-0.0,34.0,-32.99,-33.196,-33.196,8.0,0.0,0.046,34.0
15.9618,1,fwd,90.0,12.2,5.618,5.4,5.4,16.0,0.0,0.0,34.0,-100.0,-100.0,-100.0,0.0,0.0,-0.0,33.0,-41.11,90.0,-40.198,-40.0,3.0,3.416,33.0,-65.467,-65.0,-65.0,-24.0,0.0,-0.0,43.0,-95.017,-95.017,-95.017,0.0,0.0,0.0,33.0,-69.756,-70.244,-70.244,8.0,0.0,-0.0,34.0,-32.99,-33.196,-33.196,8.0,0.0,0.023,34.0
16.0145,1,fwd,90.0,12.2,5.618,5.4,5.4,16.0,0.0,0.0,34.0,-100.0,-100.0,-100.0,0.0,0.0,-0.62,33.0,-40.967,90.0,-39.984,-40.0,3.0,2.791,33.0,-65.467,-65.0,-65.0,-24.0,0.0,-0.0,43.0,-95.017,-95.017,-95.017,0.0,0.0,0.0,33.0,-69.756,-70.244,-70.244,8.0,0.0,-0.0,34.0,-33.196,-33.196,-33.196,8.0,0.0,-1.608,34.0
16.0681,1,fwd,90.0,12.2,5.618,5.4,5.4,16.0,0.0,0.0,34.0,-100.0,-100.0,-100.0,0.0,0.0,-0.304,33.0,-40.683,90.0,-39.771,-40.0,3.0,3.607,33.0,-65.467,-65.0,-65.0,-24.0,0.0,-0.0,43.0,-95.017,-95.017,-95.017,0.0,0.0,0.0,33.0,-69.756,-70.244,-70.244,8.0,0.0,-0.0,34.0,-33.196,-33.196,-33.196,8.0,0.0,-0.788,34.0
16.1214,1,fwd,90.0,12.2,5.618,5.4,5.4,16.0,0.0,0.0,34.0,-100.0,-100.0,-100.0,0.0,0.0,-0.149,33.0,-40.398,90.0,-39.557,-40.0,3.0,4.482,33.0,-65.467,-65.0,-65.0,-24.0,0.0,-0.0,43.0,-95.017,-95.017,-95.017,0.0,0.0,0.0,33.0,-69.756,-70.244,-70.244,8.0,0.0,-0.0,34.0,-33.196,-33.196,-33.196,8.0,0.0,-0.386,34.0
16.1749,1,fwd,90.0,12.2,5.618,5.4,5.4,16.0,0.0,0.0,34.0,-100.0,-100.0,-100.0,0.0,0.0,-0.073,33.0,-40.256,90.0,-39.343,-40.0,3.0,3.314,33.0,-65.467,-65.0,-65.0,-24.0,0.0,-0.0,43.0,-95.017,-95.017,-95.017,0.0,0.0,0.0,33.0,-69.756,-70.244,-70.244,8.0,0.0,-0.0,34.0,-33.196,-33.196,-33.196,8.0,0.0,-0.189,34.0
16.2285,1,fwd,90.0,12.2,5.618,5.4,5.4,16.0,0.0,0.0,34.0,-100.0,-100.0,-100.0,0.0,0.0,-0.036,33.0,-39.972,90.0,-39.128,-40.0,3.0,4.322,33.0,-65.467,-65.0,-65.0,-24.0,0.0,-0.0,43.0,-95.017,-95.017,-95.017,0.0,0.0,0.0,33.0,-69.756,-70.244,-70.244,8.0,0.0,-0.0,34.0,-33.196,-33.196,-33.196,8.0,0.0,-0.093,34.0
16.2813,1,fwd,90.0,12.2,5.618,5.4,5.4,16.0,0.0,0.0,34.0,-100.0,-100.0,-100.0,0.0,0.0,-0.025,33.0,-39.829,90.0,-39.021,-32.0,2.0,4.62,33.0,-65.467,-65.0,-65.0,-24.0,1.0,-0.0,43.0,-95.017,-95.017,-95.017,0.0,0.0,0.0,33.0,-69.756,-70.244,-70.244,8.0,0.0,-0.0,34.0,-33.196,-33.196,-33.196,0.0,0.0,-0.065,34.0
16.3344,1,fwd,90.0,12.2,5.618,5.4,5.4,16.0,0.0,0.0,34.0,-100.0,-100.0,-100.0,0.0,0.0,-0.012,33.0,-39.687,90.0,-38.685,-32.0,2.0,2.79,33.0,-65.467,-65.0,-65.0,-24.0,1.0,-0.0,43.0,-95.017,-95.017,-95.017,0.0,0.0,0.0,33.0,-69.756,-70.244,-70.244,8.0,0.0,-0.0,34.0,-33.196,-33.196,-33.196,0.0,0.0,-0.032,34.0
16.3871,1,fwd,90.0,12.2,5.618,5.4,5.4,16.0,0.0,0.0,34.0,-100.0,-100.0,-100.0,0.0,0.0,-0.006,33.0,-39.403,90.0,-38.471,-32.0,2.0,4.052,33.0,-65.467,-65.0,-65.0,-24.0,1.0,-0.0,43.0,-95.017,-95.017,-95.017,0.0,0.0,0.0,33.0,-69.756,-70.244,-70.244,8.0,0.0,-0.0,34.0,-33.196,-33.196,-33.196,0.0,0.0,-0.016,34.0
16.4405,1,fwd,90.0,12.2,5.618,5.4,5.4,16.0,0.0,0.0,34.0,-100.0,-100.0,-100.0,0.0,0.0,-0.003,33.0,-39.118,90.0,-38.254,-32.0,2.0,4.667,33.0,-65.467,-65.0,-65.0,-24.0,1.0,-0.0,43.0,-95.017,-95.017,-95.017,0.0,0.0,0.0,33.0,-69.756,-70.244,-70.244,8.0,0.0,-0.0,34.0,-33.196,-33.196,-33.196,0.0,0.0,-0.008,34.0
16.4939,1,fwd,90.0,12.2,5.618,5.4,5.4,16.0,0.0,0.0,34.0,-100.0,-100.0,-100.0,0.0,0.0,-0.001,33.0,-38.834,90.0,-38.036,-32.0,2.0,4.95,33.0,-65.467,-65.0,-65.0,-24.0,1.0,-0.0,43.0,-95.017,-95.017,-95.017,0.0,0.0,0.0,33.0,-69.756,-70.244,-70.244,8.0,0.0,-0.0,34.0,-33.196,-33.196,-33.196,0.0,0.0,-0.004,34.0
16.5473,1,fwd,90.0,12.2,5.618,5.4,5.4,16.0,0.0,0.0,34.0,-100.0,-100.0,-100.0,0.0,0.0,-0.599,33.0,-38.691,90.0,-37.821,-32.0,2.0,4.013,33.0,-65.467,-65.0,-65.0,-24.0,1.0,-0.0,43.0,-95.017,-95.017,-95.017,0.0,0.0,0.0,33.0,-69.756,-70.244,-70.244,8.0,0.0,-0.0,34.0,-33.196,-33.196,-33.196,0.0,0.0,-0.002,34.0
16.6003,1,fwd,90.0,12.2,5.618,5.4,5.4,16.0,0.0,0.0,34.0,-100.0,-100.0,-100.0,0.0,0.0,-0.293,33.0,-38.407,90.0,-37.606,-32.0,2.0,4.664,33.0,-65.467,-65.0,-65.0,-24.0,1.0,-0.0,43.0,-95.017,-95.017,-95.017,0.0,0.0,0.0,33.0,-69.756,-70.244,-70.244,8.0,0.0,-0.0,34.0,-33.196,-33.196,-33.196,0.0,0.0,-0.001,34.0
16.6524,1,fwd,90.0,12.2,5.618,5.4,5.4,16.0,0.0,0.0,34.0,-100.0,-100.0,-100.0,0.0,0.0,-0.144,33.0,-38.265,90.0,-37.392,-32.0,2.0,3.86,33.0,-65.467,-65.0,-65.0,-24.0,1.0,-0.0,43.0,-95.017,-95.017,-95.017,0.0,0.0,0.0,33.0,-69.756,-70.244,-70.244,8.0,0.0,-0.0,34.0,-33.196,-33.196,-33.196,0.0,0.0,-0.0,34.0
16.7054,1,fwd,90.0,12.2,5.618,5.4,5.4,16.0,0.0,0.0,34.0,-100.0,-100.0,-100.0,0.0,0.0,-0.07,33.0,-37.98,90.0,-37.174,-32.0,2.0,4.56,33.0,-65.467,-65.0,-65.0,-24.0,1.0,-0.0,43.0,-95.017,-95.017,-95.017,0.0,0.0,0.0,33.0,-69.756,-70.244,-70.244,8.0,0.0,-0.0,34.0,-33.196,-33.196,-33.196,0.0,0.0,-0.0,34.0
16.7586,1,fwd,90.0,12.2,5.618,5.4,5.4,16.0,0.0,0.0,34.0,-100.0,-100.0,-100.0,0.0,0.0,-0.035,33.0,-37.838,90.0,-36.958,-32.0,2.0,3.834,33.0,-65.467,-65.0,-65.0,-24.0,1.0,-0.0,43.0,-95.017,-95.017,-95.017,0.0,0.0,0.0,33.0,-69.756,-70.244,-70.244,8.0,0.0,-0.0,34.0,-32.99,-33.196,-33.196,0.0,0.0,1.593,34.0
16.8118,1,fwd,90.0,12.2,5.618,5.4,5.4,16.0,0.0,0.0,34.0,-100.0,-100.0,-100.0,0.0,0.0,-0.017,33.0,-37.553,90.0,-36.743,-32.0,2.0,4.578,33.0,-65.467,-65.0,-65.0,-24.0,1.0,-0.0,43.0,-95.017,-95.017,-95.017,0.0,0.0,0.0,33.0,-69.756,-70.244,-70.244,8.0,0.0,-0.0,34.0,-32.99,-33.196,-33.196,0.0,0.0,0.781,34.0
16.8643,1,fwd,90.0,12.2,5.618,5.4,5.4,16.0,0.0,0.0,34.0,-100.0,-100.0,-100.0,0.0,0.0,-0.017,33.0,-37.553,90.0,-36.509,-32.0,2.0,4.578,33.0,-65.467,-65.0,-65.0,-24.0,1.0,-0.0,43.0,-95.017,-95.017,-95.017,0.0,0.0,0.0,33.0,-69.756,-70.244,-70.244,8.0,0.0,-0.0,34.0,-32.99,-33.196,-33.196,8.0,0.0,0.781,34.0
16.9176,1,fwd,90.0,12.2,5.618,5.4,5.4,16.0,0.0,0.0,34.0,-100.0,-100.0,-100.0,0.0,0.0,-0.008,33.0,-37.411,90.0,-36.394,-32.0,2.0,2.737,33.0,-65.467,-65.0,-65.0,-24.0,1.0,-0.0,43.0,-95.017,-95.017,-95.017,0.0,0.0,0.0,33.0,-69.756,-70.244,-70.244,8.0,0.0,-0.0,34.0,-33.196,-33.196,-33.196,8.0,0.0,-1.916,34.0
16.971,1,fwd,90.0,12.2,5.618,5.4,5.4,16.0,0.0,0.0,34.0,-100.0,-100.0,-100.0,0.0,0.0,-0.004,33.0,-36.984,90.0,-36.165,-32.0,2.0,5.457,33.0,-65.467,-65.0,-65.0,-24.0,1.0,-0.0,43.0,-95.017,-95.017,-95.017,0.0,0.0,0.0,33.0,-69.756,-70.244,-70.244,8.0,0.0,-0.0,34.0,-33.196,-33.196,-33.196,8.0,0.0,-0.939,34.0
17.0236,1,fwd,90.0,12.2,5.618,5.4,5.4,16.0,0.0,0.0,34.0,-100.0,-100.0,-100.0,0.0,0.0,-0.002,33.0,-36.842,90.0,-35.95,-32.0,2.0,4.253,33.0,-65.467,-65.0,-65.0,-24.0,1.0,-0.0,43.0,-95.017,-95.017,-95.017,0.0,0.0,0.0,33.0,-69.756,-70.244,-70.244,8.0,0.0,-0.0,34.0,-33.196,-33.196,-33.196,8.0,0.0,-0.46,34.0
17.0772,1,fwd,90.0,12.2,5.618,5.4,5.4,16.0,0.0,0.0,34.0,-100.0,-100.0,-100.0,0.0,0.0,-0.578,33.0,-36.558,90.0,-35.735,-32.0,2.0,4.773,33.0,-65.467,-65.0,-65.0,-24.0,1.0,-0.0,43.0,-95.017,-95.017,-95.017,0.0,0.0,0.0,33.0,-69.756,-70.244,-70.244,8.0,0.0,-0.0,34.0,-33.196,-33.196,-33.196,8.0,0.0,-0.225,34.0
17.1293,1,fwd,90.0,12.2,5.618,5.4,5.4,16.0,0.0,0.0,34.0,-100.0,-100.0,-100.0,0.0,0.0,-0.283,33.0,-36.415,90.0,-35.518,-32.0,2.0,3.448,33.0,-65.467,-65.0,-65.0,-24.0,1.0,-0.0,43.0,-95.017,-95.017,-95.017,0.0,0.0,0.0,33.0,-69.756,-70.244,-70.244,8.0,0.0,-0.0,34.0,-33.196,-33.196,-33.196,8.0,0.0,-0.11,34.0
17.1814,1,fwd,90.0,12.2,5.618,5.4,5.4,16.0,0.0,0.0,34.0,-100.0,-100.0,-100.0,0.0,0.0,-0.139,33.0,-36.131,90.0,-35.305,-32.0,2.0,4.412,33.0,-65.467,-65.0,-65.0,-24.0,1.0,-0.0,43.0,-95.017,-95.017,-95.017,0.0,0.0,0.0,33.0,-69.756,-70.244,-70.244,8.0,0.0,-0.0,34.0,-33.196,-33.196,-33.196,8.0,0.0,-0.054,34.0
17.2344,1,fwd,90.0,12.2,5.618,5.4,5.4,16.0,0.0,0.0,34.0,-100.0,-100.0,-100.0,0.0,0.0,-0.068,33.0,-35.989,90.0,-35.092,-32.0,2.0,3.286,33.0,-65.467,-65.0,-65.0,-24.0,1.0,-0.0,43.0,-95.017,-95.017,-95.017,0.0,0.0,0.0,33.0,-69.756,-70.244,-70.244,8.0,0.0,-0.0,34.0,-33.196,-33.196,-33.196,8.0,0.0,-0.027,34.0
17.2876,1,fwd,90.0,12.2,5.618,5.4,5.4,16.0,0.0,0.0,34.0,-100.0,-100.0,-100.0,0.0,0.0,-0.033,33.0,-35.704,90.0,-34.877,-32.0,2.0,4.295,33.0,-65.467,-65.0,-65.0,-24.0,1.0,-0.0,43.0,-95.017,-95.017,-95.017,0.0,0.0,0.0,33.0,-69.756,-70.244,-70.244,8.0,0.0,-0.0,34.0,-33.196,-33.196,-33.196,8.0,0.0,-0.013,34.0
17.3409,1,fwd,90.0,12.2,5.618,5.4,5.4,16.0,0.0,0.0,34.0,-100.0,-100.0,-100.0,0.0,0.0,-0.016,33.0,-35.562,90.0,-34.663,-32.0,2.0,3.231,33.0,-65.467,-65.0,-65.0,-24.0,1.0,-0.0,43.0,-95.017,-95.017,-95.017,0.0,0.0,0.0,33.0,-69.756,-70.244,-70.244,8.0,0.0,-0.0,34.0,-33.196,-33.196,-33.196,8.0,0.0,-0.006,34.0
17.3939,1,fwd,90.0,12.2,5.618,5.4,5.4,16.0,0.0,0.0,34.0,-100.0,-100.0,-100.0,0.0,0.0,-0.008,33.0,-35.277,90.0,-34.449,-32.0,2.0,4.307,33.0,-65.467,-65.0,-65.0,-24.0,1.0,-0.0,43.0,-95.017,-95.017,-95.017,0.0,0.0,0.0,33.0,-69.756,-70.244,-70.244,8.0,0.0,-0.0,34.0,-33.196,-33.196,-33.196,8.0,0.0,-0.003,34.0
17.4479,1,fwd,90.0,12.2,5.618,5.4,5.4,16.0,0.0,0.0,34.0,-100.0,-100.0,-100.0,0.0,0.0,-0.006,33.0,-35.135,90.0,-34.21,-32.0,2.0,3.728,33.0,-65.467,-65.0,-65.0,-24.0,1.0,-0.0,43.0,-95.017,-95.017,-95.017,0.0,0.0,0.0,33.0,-69.756,-70.244,-70.244,8.0,0.0,-0.0,34.0,-33.196,-33.196,-33.196,0.0,0.0,-0.002,34.0
17.5012,1,fwd,90.0,12.2,5.618,5.4,5.4,16.0,0.0,0.0,34.0,-100.0,-100.0,-100.0,0.0,0.0,-0.604,33.0,-34.993,90.0,-33.993,-32.0,2.0,3.392,33.0,-65.467,-65.0,-65.0,-24.0,1.0,-0.0,43.0,-95.017,-95.017,-95.017,0.0,0.0,0.0,33.0,-69.756,-70.244,-70.244,8.0,0.0,-0.0,34.0,-33.196,-33.196,-33.196,0.0,0.0,-0.001,34.0
17.5544,1,fwd,90.0,12.2,5.618,5.4,5.4,16.0,0.0,0.0,34.0,-100.0,-100.0,-100.0,0.0,0.0,-0.296,33.0,-34.566,90.0,-33.776,-32.0,2.0,5.943,33.0,-65.467,-65.0,-65.0,-24.0,1.0,-0.0,43.0,-95.017,-95.017,-95.017,0.0,0.0,0.0,33.0,-69.756,-70.244,-70.244,8.0,0.0,-0.0,34.0,-33.196,-33.196,-33.196,0.0,0.0,-0.001,34.0
17.6079,1,fwd,90.0,12.2,5.618,5.4,5.4,16.0,0.0,0.0,34.0,-100.0,-100.0,-100.0,0.0,0.0,-0.145,33.0,-34.424,90.0,-33.561,-32.0,2.0,4.496,33.0,-65.467,-65.0,-65.0,-24.0,1.0,-0.0,43.0,-95.017,-95.017,-95.017,0.0,0.0,0.0,33.0,-69.756,-70.244,-70.244,8.0,0.0,-0.0,34.0,-33.196,-33.196,-33.196,0.0,0.0,-0.0,34.0
17.6603,1,fwd,90.0,12.2,5.618,5.4,5.4,16.0,0.0,0.0,34.0,-100.0,-100.0,-100.0,0.0,0.0,-0.071,33.0,-34.139,90.0,-33.346,-32.0,2.0,4.907,33.0,-65.467,-65.0,-65.0,-24.0,1.0,-0.0,43.0,-95.017,-95.017,-95.017,0.0,0.0,0.0,33.0,-69.756,-70.244,-70.244,8.0,0.0,-0.0,34.0,-33.196,-33.196,-33.196,0.0,0.0,-0.0,34.0
17.7137,1,fwd,90.0,12.2,5.618,5.4,5.4,16.0,0.0,0.0,34.0,-100.0,-100.0,-100.0,0.0,0.0,-0.035,33.0,-33.997,90.0,-33.132,-32.0,2.0,4.013,33.0,-65.467,-65.0,-65.0,-24.0,1.0,-0.0,43.0,-95.017,-95.017,-95.017,0.0,0.0,0.0,33.0,-69.756,-70.244,-70.244,8.0,0.0,-0.0,34.0,-33.196,-33.196,-33.196,0.0,0.0,-0.0,34.0
17.7667,1,fwd,90.0,12.2,5.618,5.4,5.4,16.0,0.0,0.0,34.0,-100.0,-100.0,-100.0,0.0,0.0,-0.024,33.0,-33.855,90.0,-32.917,-32.0,2.0,4.389,33.0,-65.467,-65.0,-65.0,-24.0,1.0,-0.0,43.0,-95.017,-95.017,-95.017,0.0,0.0,0.0,33.0,-69.756,-70.244,-70.244,8.0,0.0,-0.0,34.0,-33.196,-33.196,-33.196,0.0,0.0,-0.0,34.0
17.8202,1,fwd,90.0,12.2,5.618,5.4,5.4,16.0,0.0,0.0,34.0,-100.0,-100.0,-100.0,0.0,0.0,-0.012,33.0,-33.57,90.0,-32.69,-32.0,2.0,4.739,33.0,-65.467,-65.0,-65.0,-24.0,1.0,-0.0,43.0,-95.017,-95.017,-95.017,0.0,0.0,0.0,33.0,-69.756,-70.244,-70.244,8.0,0.0,-0.0,34.0,-33.196,-33.196,-33.196,0.0,0.0,-0.0,34.0
17.8736,1,fwd,90.0,12.2,5.618,5.4,5.4,16.0,0.0,0.0,34.0,-99.82,-100.0,-100.0,0.0,0.0,2.016,33.0,-33.428,90.0,-32.464,-32.0,2.0,3.919,33.0,-65.467,-65.0,-65.0,-24.0,1.0,-0.0,43.0,-95.017,-95.017,-95.017,0.0,0.0,0.0,33.0,-69.756,-70.244,-70.244,8.0,0.0,-0.0,34.0,-33.196,-33.196,-33.196,0.0,0.0,-0.0,34.0
17.9271,1,fwd,90.0,12.2,5.618,5.4,5.4,16.0,0.0,0.0,34.0,-100.0,-100.0,-100.0,0.0,0.0,-0.42,33.0,-33.144,90.0,-32.356,-32.0,2.0,4.612,33.0,-65.467,-65.0,-65.0,-24.0,1.0,-0.0,43.0,-95.017,-95.017,-95.017,0.0,0.0,0.0,33.0,-69.756,-70.244,-70.244,8.0,0.0,-0.0,34.0,-33.196,-33.196,-33.196,0.0,0.0,-0.0,34.0
17.9806,1,fwd,90.0,12.2,5.618,5.4,5.4,16.0,0.0,0.0,34.0,-100.0,-100.0,-100.0,0.0,0.0,-0.206,33.0,-33.001,90.0,-32.128,-32.0,2.0,3.826,33.0,-65.467,-65.0,-65.0,-24.0,1.0,-0.0,43.0,-95.017,-95.017,-95.017,0.0,0.0,0.0,33.0,-69.756,-70.244,-70.244,8.0,0.0,-0.0,34.0,-33.196,-33.196,-33.196,0.0,0.0,-0.0,34.0
18.0337,1,fwd,90.0,12.2,5.618,5.4,5.4,16.0,0.0,0.0,34.0,-100.0,-100.0,-100.0,0.0,0.0,-0.144,33.0,-32.717,90.0,-31.885,-28.0,3.0,4.089,33.0,-65.467,-65.0,-65.0,-24.0,0.0,-0.0,43.0,-95.017,-95.017,-95.017,0.0,0.0,0.0,33.0,-69.756,-70.244,-70.244,8.0,0.0,-0.0,34.0,-33.196,-33.196,-33.196,0.0,0.0,-0.0,34.0
18.0865,1,fwd,90.0,12.2,5.618,5.4,5.4,16.0,0.0,0.0,34.0,-100.0,-100.0,-100.0,0.0,0.0,-0.071,33.0,-32.575,90.0,-31.669,-28.0,3.0,3.564,33.0,-65.467,-65.0,-65.0,-24.0,0.0,-0.0,43.0,-95.017,-95.017,-95.017,0.0,0.0,0.0,33.0,-69.756,-70.244,-70.244,8.0,0.0,-0.0,34.0,-33.196,-33.196,-33.196,0.0,0.0,-0.0,34.0
18.1399,1,fwd,90.0,12.2,5.618,5.4,5.4,16.0,0.0,0.0,34.0,-100.0,-100.0,-100.0,0.0,0.0,-0.035,33.0,-32.29,90.0,-31.451,-28.0,3.0,4.435,33.0,-65.467,-65.0,-65.0,-24.0,0.0,-0.0,43.0,-95.017,-95.017,-95.017,0.0,0.0,0.0,33.0,-69.756,-70.244,-70.244,8.0,0.0,-0.0,34.0,-33.196,-33.196,-33.196,0.0,0.0,-0.0,34.0
18.1928,1,fwd,90.0,12.2,5.618,5.4,5.4,16.0,0.0,0.0,34.0,-100.0,-100.0,-100.0,0.0,0.0,-0.017,33.0,-32.148,90.0,-31.236,-28.0,3.0,3.282,33.0,-65.467,-65.0,-65.0,-24.0,0.0,-0.0,43.0,-95.017,-95.017,-95.017,0.0,0.0,0.0,33.0,-69.756,-70.244,-70.244,8.0,0.0,-0.0,34.0,-33.196,-33.196,-33.196,0.0,0.0,-0.0,34.0
18.2459,1,fwd,90.0,12.2,5.618,5.4,5.4,16.0,0.0,0.0,34.0,-99.82,-100.0,-100.0,0.0,0.0,2.035,33.0,-31.863,90.0,-31.013,-28.0,3.0,4.346,33.0,-65.467,-65.0,-65.0,-24.0,0.0,-0.0,43.0,-95.017,-95.017,-95.017,0.0,0.0,0.0,33.0,-69.756,-70.244,-70.244,8.0,0.0,-0.0,34.0,-33.196,-33.196,-33.196,0.0,0.0,-0.0,34.0
18.2989,1,fwd,90.0,12.2,5.618,5.4,5.4,16.0,0.0,0.0,34.0,-100.0,-100.0,-100.0,0.0,0.0,-0.431,33.0,-31.721,90.0,-30.802,-28.0,3.0,3.257,33.0,-65.467,-65.0,-65.0,-24.0,0.0,-0.0,43.0,-95.017,-95.017,-95.017,0.0,0.0,0.0,33.0,-69.756,-70.244,-70.244,8.0,0.0,-0.0,34.0,-33.196,-33.196,-33.196,0.0,0.0,-0.0,34.0
18.352,1,fwd,90.0,12.2,5.618,5.4,5.4,16.0,0.0,0.0,34.0,-100.0,-100.0,-100.0,0.0,0.0,-0.211,33.0,-31.437,90.0,-30.587,-28.0,3.0,4.286,33.0,-65.467,-65.0,-65.0,-24.0,0.0,-0.0,43.0,-95.017,-95.017,-95.017,0.0,0.0,0.0,33.0,-69.756,-70.244,-70.244,8.0,0.0,-0.0,34.0,-33.196,-33.196,-33.196,0.0,0.0,-0.0,34.0
18.4052,1,fwd,90.0,12.2,5.618,5.4,5.4,16.0,0.0,0.0,34.0,-100.0,-100.0,-100.0,0.0,0.0,-0.103,33.0,-31.294,90.0,-30.372,-28.0,3.0,3.208,33.0,-65.467,-65.0,-65.0,-24.0,0.0,-0.0,43.0,-95.017,-95.017,-95.017,0.0,0.0,0.0,33.0,-69.756,-70.244,-70.244,8.0,0.0,-0.0,34.0,-33.196,-33.196,-33.196,0.0,0.0,-0.0,34.0
18.4597,1,fwd,90.0,12.2,5.618,5.4,5.4,16.0,0.0,0.0,34.0,-100.0,-100.0,-100.0,0.0,0.0,-0.051,33.0,-31.01,90.0,-30.155,-28.0,3.0,4.266,33.0,-65.467,-65.0,-65.0,-24.0,0.0,-0.0,43.0,-95.017,-95.017,-95.017,0.0,0.0,0.0,33.0,-69.756,-70.244,-70.244,8.0,0.0,-0.0,34.0,-33.196,-33.196,-33.196,0.0,0.0,-0.0,34.0
18.5129,1,fwd,90.0,12.2,5.618,5.4,5.4,16.0,0.0,0.0,34.0,-100.0,-100.0,-100.0,0.0,0.0,-0.025,33.0,-30.725,90.0,-29.94,-28.0,3.0,4.772,33.0,-65.467,-65.0,-65.0,-24.0,0.0,-0.0,43.0,-95.017,-95.017,-95.017,0.0,0.0,0.0,33.0,-69.756,-70.244,-70.244,8.0,0.0,-0.0,34.0,-33.196,-33.196,-33.196,0.0,0.0,-0.0,34.0
18.5662,1,fwd,90.0,12.2,5.618,5.4,5.4,16.0,0.0,0.0,34.0,-100.0,-100.0,-100.0,0.0,0.0,-0.017,33.0,-30.583,90.0,-29.83,-28.0,3.0,4.901,33.0,-65.467,-65.0,-65.0,-24.0,0.0,-0.0,43.0,-95.017,-95.017,-95.017,0.0,0.0,0.0,33.0,-69.756,-70.244,-70.244,8.0,0.0,-0.0,34.0,-33.196,-33.196,-33.196,0.0,0.0,-0.0,34.0
18.6195,1,fwd,90.0,12.2,5.618,5.4,5.4,16.0,0.0,0.0,34.0,-99.82,-100.0,-100.0,0.0,0.0,0.882,33.0,-30.441,90.0,-29.48,-32.0,2.0,4.137,33.0,-65.467,-65.0,-65.0,-24.0,1.0,-0.0,43.0,-95.017,-95.017,-95.017,0.0,0.0,0.0,33.0,-69.756,-70.244,-70.244,8.0,0.0,-0.0,34.0,-33.196,-33.196,-33.196,0.0,0.0,-0.0,34.0
18.6731,1,fwd,90.0,12.2,5.618,5.4,5.4,16.0,0.0,0.0,34.0,-100.0,-100.0,-100.0,0.0,0.0,-0.972,33.0,-30.299,90.0,-29.266,-32.0,2.0,3.135,33.0,-65.467,-65.0,-65.0,-24.0,1.0,-0.0,43.0,-95.017,-95.017,-95.017,0.0,0.0,0.0,33.0,-69.756,-70.244,-70.244,8.0,0.0,-0.0,34.0,-33.196,-33.196,-33.196,0.0,0.0,-0.0,34.0
18.7264,1,fwd,90.0,12.2,5.618,5.4,5.4,16.0,0.0,0.0,34.0,-100.0,-100.0,-100.0,0.0,0.0,-0.476,33.0,-30.014,90.0,-29.053,-32.0,2.0,4.254,33.0,-65.467,-65.0,-65.0,-24.0,1.0,-0.0,43.0,-95.017,-95.017,-95.017,0.0,0.0,0.0,33.0,-69.756,-70.244,-70.244,8.0,0.0,-0.0,34.0,-33.196,-33.196,-33.196,0.0,0.0,-0.0,34.0
18.7797,1,fwd,90.0,12.2,5.618,5.4,5.4,16.0,0.0,0.0,34.0,-100.0,-100.0,-100.0,0.0,0.0,-0.233,33.0,-29.73,90.0,-28.839,-32.0,2.0,4.801,33.0,-65.467,-65.0,-65.0,-24.0,1.0,-0.0,43.0,-95.017,-95.017,-95.017,0.0,0.0,0.0,33.0,-69.756,-70.244,-70.244,8.0,0.0,-0.0,34.0,-33.196,-33.196,-33.196,0.0,0.0,-0.0,34.0
18.8329,1,fwd,90.0,12.2,5.618,5.4,5.4,16.0,0.0,0.0,34.0,-100.0,-100.0,-100.0,0.0,0.0,-0.114,33.0,-29.587,90.0,-28.72,-32.0,2.0,3.357,33.0,-65.467,-65.0,-65.0,-24.0,1.0,-0.0,43.0,-95.017,-95.017,-95.017,0.0,0.0,0.0,33.0,-69.756,-70.244,-70.244,8.0,0.0,-0.0,34.0,-33.196,-33.196,-33.196,0.0,0.0,-0.0,34.0
18.8863,1,fwd,90.0,12.2,5.618,5.4,5.4,16.0,0.0,0.0,34.0,-100.0,-100.0,-100.0,0.0,0.0,-0.056,33.0,-29.303,90.0,-28.507,-32.0,2.0,4.339,33.0,-65.467,-65.0,-65.0,-24.0,1.0,-0.0,43.0,-95.017,-95.017,-95.017,0.0,0.0,0.0,33.0,-69.756,-70.244,-70.244,8.0,0.0,-0.0,34.0,-33.196,-33.196,-33.196,0.0,0.0,-0.0,34.0
18.9404,1,fwd,90.0,12.2,5.618,5.4,5.4,16.0,0.0,0.0,34.0,-99.82,-100.0,-100.0,0.0,0.0,1.988,33.0,-29.161,90.0,-28.291,-32.0,2.0,3.717,33.0,-65.467,-65.0,-65.0,-24.0,1.0,-0.0,43.0,-95.017,-95.017,-95.017,0.0,0.0,0.0,33.0,-69.756,-70.244,-70.244,8.0,0.0,-0.0,34.0,-33.196,-33.196,-33.196,0.0,0.0,-0.0,34.0
18.9941,1,fwd,90.0,12.2,5.618,5.4,5.4,16.0,0.0,0.0,34.0,-100.0,-100.0,-100.0,0.0,0.0,-1.023,33.0,-28.876,90.0,-28.077,-32.0,2.0,4.515,33.0,-65.467,-65.0,-65.0,-24.0,1.0,-0.0,43.0,-95.017,-95.017,-95.017,0.0,0.0,0.0,33.0,-69.756,-70.244,-70.244,8.0,0.0,-0.0,34.0,-33.196,-33.196,-33.196,0.0,0.0,-0.0,34.0
19.0472,1,fwd,90.0,12.2,5.618,5.4,5.4,16.0,0.0,0.0,34.0,-100.0,-100.0,-100.0,0.0,0.0,-0.501,33.0,-28.734,90.0,-27.861,-32.0,2.0,3.807,33.0,-65.467,-65.0,-65.0,-24.0,1.0,-0.0,43.0,-95.017,-95.017,-95.017,0.0,0.0,0.0,33.0,-69.756,-70.244,-70.244,8.0,0.0,-0.0,34.0,-33.196,-33.196,-33.196,0.0,0.0,-0.0,34.0
19.0998,1,fwd,90.0,12.2,5.618,5.4,5.4,16.0,0.0,0.0,34.0,-100.0,-100.0,-100.0,0.0,0.0,-0.246,33.0,-28.45,90.0,-27.647,-32.0,2.0,4.552,33.0,-65.467,-65.0,-65.0,-24.0,1.0,-0.0,43.0,-95.017,-95.017,-95.017,0.0,0.0,0.0,33.0,-69.756,-70.244,-70.244,8.0,0.0,-0.0,34.0,-33.196,-33.196,-33.196,0.0,0.0,-0.0,34.0
19.1532,1,fwd,90.0,12.2,5.618,5.4,5.4,16.0,0.0,0.0,34.0,-100.0,-100.0,-100.0,0.0,0.0,-0.172,33.0,-28.45,90.0,-27.538,-40.0,3.0,3.186,33.0,-65.467,-65.0,-65.0,-24.0,0.0,-0.0,43.0,-95.017,-95.017,-95.017,0.0,0.0,0.0,33.0,-69.756,-70.244,-70.244,8.0,0.0,-0.0,34.0,-33.196,-33.196,-33.196,0.0,0.0,-0.0,34.0
19.2061,1,fwd,90.0,12.2,5.618,5.4,5.4,16.0,0.0,0.0,34.0,-100.0,-100.0,-100.0,0.0,0.0,-0.084,33.0,-28.165,90.0,-27.203,-40.0,3.0,2.611,33.0,-65.467,-65.0,-65.0,-24.0,0.0,-0.0,43.0,-95.017,-95.017,-95.017,0.0,0.0,0.0,33.0,-69.756,-70.244,-70.244,8.0,0.0,-0.0,34.0,-33.196,-33.196,-33.196,0.0,0.0,-0.0,34.0
19.2583,1,fwd,90.0,12.2,5.618,5.4,5.4,16.0,0.0,0.0,34.0,-100.0,-100.0,-100.0,0.0,0.0,-0.041,33.0,-27.881,90.0,-26.989,-40.0,3.0,4.001,33.0,-65.467,-65.0,-65.0,-24.0,0.0,-0.0,43.0,-95.017,-95.017,-95.017,0.0,0.0,0.0,33.0,-69.756,-70.244,-70.244,8.0,0.0,-0.0,34.0,-33.196,-33.196,-33.196,0.0,0.0,-0.0,34.0
19.3101,1,fwd,90.0,12.2,5.618,5.4,5.4,16.0,0.0,0.0,34.0,-100.0,-100.0,-100.0,0.0,0.0,-0.632,33.0,-27.596,90.0,-26.776,-40.0,3.0,4.695,33.0,-65.467,-65.0,-65.0,-24.0,0.0,-0.0,43.0,-95.017,-95.017,-95.017,0.0,0.0,0.0,33.0,-69.756,-70.244,-70.244,8.0,0.0,-0.0,34.0,-33.196,-33.196,-33.196,0.0,0.0,-0.0,34.0
19.3632,1,fwd,90.0,12.2,5.618,5.4,5.4,16.0,0.0,0.0,34.0,-100.0,-100.0,-100.0,0.0,0.0,-0.31,33.0,-27.312,90.0,-26.563,-40.0,3.0,5.021,33.0,-65.467,-65.0,-65.0,-24.0,0.0,-0.0,43.0,-95.017,-95.017,-95.017,0.0,0.0,0.0,33.0,-69.756,-70.244,-70.244,8.0,0.0,-0.0,34.0,-33.196,-33.196,-33.196,0.0,0.0,-0.0,34.0
19.4167,1,fwd,90.0,12.2,5.618,5.4,5.4,16.0,0.0,0.0,34.0,-100.0,-100.0,-100.0,0.0,0.0,-0.152,33.0,-27.169,90.0,-26.345,-40.0,3.0,4.064,33.0,-65.467,-65.0,-65.0,-24.0,0.0,-0.0,43.0,-95.017,-95.017,-95.017,0.0,0.0,0.0,33.0,-69.756,-70.244,-70.244,8.0,0.0,-0.0,34.0,-33.196,-33.196,-33.196,0.0,0.0,-0.0,34.0
19.4711,1,fwd,90.0,12.2,5.618,5.4,5.4,16.0,0.0,0.0,34.0,-100.0,-100.0,-100.0,0.0,0.0,-0.074,33.0,-27.027,90.0,-26.131,-40.0,3.0,3.113,33.0,-65.467,-65.0,-65.0,-24.0,0.0,-0.0,43.0,-95.017,-95.017,-95.017,0.0,0.0,0.0,33.0,-69.756,-70.244,-70.244,8.0,0.0,-0.0,34.0,-33.196,-33.196,-33.196,0.0,0.0,-0.0,34.0
19.5234,1,fwd,90.0,12.2,5.618,5.4,5.4,16.0,0.0,0.0,34.0,-100.0,-100.0,-100.0,0.0,0.0,-0.036,33.0,-26.743,90.0,-25.914,-40.0,3.0,4.192,33.0,-65.467,-65.0,-65.0,-24.0,0.0,-0.0,43.0,-95.017,-95.017,-95.017,0.0,0.0,0.0,33.0,-69.756,-70.244,-70.244,8.0,0.0,-0.0,34.0,-33.196,-33.196,-33.196,0.0,0.0,-0.0,34.0
19.5772,1,fwd,90.0,12.2,5.618,5.4,5.4,16.0,0.0,0.0,34.0,-100.0,-100.0,-100.0,0.0,0.0,-0.018,33.0,-26.458,90.0,-25.699,-40.0,3.0,4.76,33.0,-65.467,-65.0,-65.0,-24.0,0.0,-0.0,43.0,-95.017,-95.017,-95.017,0.0,0.0,0.0,33.0,-69.756,-70.244,-70.244,8.0,0.0,-0.0,34.0,-33.196,-33.196,-33.196,0.0,0.0,-0.0,34.0
19.6294,1,fwd,90.0,12.2,5.618,5.4,5.4,16.0,0.0,0.0,34.0,-99.82,-100.0,-100.0,0.0,0.0,1.387,33.0,-26.316,90.0,-25.482,-40.0,3.0,3.888,33.0,-65.467,-65.0,-65.0,-24.0,0.0,-0.0,43.0,-95.017,-95.017,-95.017,0.0,0.0,0.0,33.0,-69.756,-70.244,-70.244,8.0,0.0,-0.0,34.0,-33.196,-33.196,-33.196,0.0,0.0,-0.0,34.0
19.6827,1,fwd,90.0,12.2,5.618,5.4,5.4,16.0,0.0,0.0,34.0,-100.0,-100.0,-100.0,0.0,0.0,-0.743,33.0,-26.174,90.0,-25.266,-40.0,3.0,3.028,33.0,-65.467,-65.0,-65.0,-24.0,0.0,-0.0,43.0,-95.017,-95.017,-95.017,0.0,0.0,0.0,33.0,-69.756,-70.244,-70.244,8.0,0.0,-0.0,34.0,-33.196,-33.196,-33.196,0.0,0.0,-0.0,34.0
19.7365,1,fwd,90.0,12.2,5.618,5.4,5.4,16.0,0.0,0.0,34.0,-100.0,-100.0,-100.0,0.0,0.0,-0.743,33.0,-26.174,90.0,-25.023,-28.0,2.0,3.028,33.0,-65.467,-65.0,-65.0,-24.0,1.0,-0.0,43.0,-95.017,-95.017,-95.017,0.0,0.0,0.0,33.0,-69.756,-70.244,-70.244,8.0,0.0,-0.0,34.0,-33.196,-33.196,-33.196,0.0,0.0,-0.0,34.0
19.7894,1,fwd,90.0,12.2,5.618,5.4,5.4,16.0,0.0,0.0,34.0,-100.0,-100.0,-100.0,0.0,0.0,-0.364,33.0,-25.747,90.0,-24.904,-28.0,2.0,4.034,33.0,-65.467,-65.0,-65.0,-24.0,1.0,-0.0,43.0,-95.017,-95.017,-95.017,0.0,0.0,0.0,33.0,-69.756,-70.244,-70.244,8.0,0.0,-0.0,34.0,-33.196,-33.196,-33.196,0.0,0.0,-0.0,34.0
19.8415,1,fwd,90.0,12.2,5.618,5.4,5.4,16.0,0.0,0.0,34.0,-100.0,-100.0,-100.0,0.0,0.0,-0.178,33.0,-25.605,90.0,-24.682,-28.0,2.0,3.007,33.0,-65.467,-65.0,-65.0,-24.0,1.0,-0.0,43.0,-95.017,-95.017,-95.017,0.0,0.0,0.0,33.0,-69.756,-70.244,-70.244,8.0,0.0,-0.0,34.0,-33.196,-33.196,-33.196,0.0,0.0,-0.0,34.0
19.8952,1,fwd,90.0,12.2,5.618,5.4,5.4,16.0,0.0,0.0,34.0,-100.0,-100.0,-100.0,0.0,0.0,-0.087,33.0,-25.32,90.0,-24.467,-28.0,2.0,4.186,33.0,-65.467,-65.0,-65.0,-24.0,1.0,-0.0,43.0,-95.017,-95.017,-95.017,0.0,0.0,0.0,33.0,-69.756,-70.244,-70.244,8.0,0.0,-0.0,34.0,-33.196,-33.196,-33.196,0.0,0.0,-0.0,34.0
19.9472,1,fwd,90.0,12.2,5.618,5.4,5.4,16.0,0.0,0.0,34.0,-100.0,-100.0,-100.0,0.0,0.0,-0.62,33.0,-25.178,90.0,-24.253,-28.0,2.0,3.169,33.0,-65.467,-65.0,-65.0,-24.0,1.0,-0.0,43.0,-95.017,-95.017,-95.017,0.0,0.0,0.0,33.0,-69.756,-70.244,-70.244,8.0,0.0,-0.0,34.0,-33.196,-33.196,-33.196,0.0,0.0,-0.0,34.0
20.0004,1,fwd,90.0,12.2,5.618,5.4,5.4,16.0,0.0,0.0,34.0,-100.0,-100.0,-100.0,0.0,0.0,-0.304,33.0,-24.893,90.0,-24.038,-28.0,2.0,4.261,33.0,-65.467,-65.0,-65.0,-24.0,1.0,-0.0,43.0,-95.017,-95.017,-95.017,0.0,0.0,0.0,33.0,-69.756,-70.244,-70.244,8.0,0.0,-0.0,34.0,-33.196,-33.196,-33.196,0.0,0.0,-0.0,34.0
20.0535,1,fwd,90.0,12.2,5.618,5.4,5.4,16.0,0.0,0.0,34.0,-100.0,-100.0,-100.0,0.0,0.0,-0.149,33.0,-24.609,90.0,-23.825,-28.0,2.0,4.815,33.0,-65.467,-65.0,-65.0,-24.0,1.0,-0.0,43.0,-95.017,-95.017,-95.017,0.0,0.0,0.0,33.0,-69.756,-70.244,-70.244,8.0,0.0,-0.0,34.0,-33.196,-33.196,-33.196,0.0,0.0,-0.0,34.0
20.1066,1,fwd,90.0,12.2,5.618,5.4,5.4,16.0,0.0,0.0,34.0,-100.0,-100.0,-100.0,0.0,0.0,-0.073,33.0,-24.467,90.0,-23.611,-28.0,2.0,3.952,33.0,-65.467,-65.0,-65.0,-24.0,1.0,-0.0,43.0,-95.017,-95.017,-95.017,0.0,0.0,0.0,33.0,-69.756,-70.244,-70.244,8.0,0.0,-0.0,34.0,-33.196,-33.196,-33.196,0.0,0.0,-0.0,34.0
20.1601,1,fwd,90.0,12.2,5.618,5.4,5.4,16.0,0.0,0.0,34.0,-99.82,-100.0,-100.0,0.0,0.0,1.951,33.0,-24.182,90.0,-23.396,-28.0,2.0,4.621,33.0,-65.467,-65.0,-65.0,-24.0,1.0,-0.0,43.0,-95.017,-95.017,-95.017,0.0,0.0,0.0,33.0,-69.756,-70.244,-70.244,8.0,0.0,-0.0,34.0,-33.196,-33.196,-33.196,0.0,0.0,-0.0,34.0
20.2123,1,fwd,90.0,12.2,5.618,5.4,5.4,16.0,0.0,0.0,34.0,-100.0,-100.0,-100.0,0.0,0.0,-1.057,33.0,-24.04,90.0,-23.182,-28.0,2.0,3.853,33.0,-65.467,-65.0,-65.0,-24.0,1.0,-0.0,43.0,-95.017,-95.017,-95.017,0.0,0.0,0.0,33.0,-69.756,-70.244,-70.244,8.0,0.0,-0.0,34.0,-33.196,-33.196,-33.196,0.0,0.0,-0.0,34.0
20.2656,1,fwd,90.0,12.2,5.618,5.4,5.4,16.0,0.0,0.0,34.0,-100.0,-100.0,-100.0,0.0,0.0,-0.518,33.0,-23.755,90.0,-22.965,-28.0,2.0,4.556,33.0,-65.467,-65.0,-65.0,-24.0,1.0,-0.0,43.0,-95.017,-95.017,-95.017,0.0,0.0,0.0,33.0,-69.756,-70.244,-70.244,8.0,0.0,-0.0,34.0,-33.196,-33.196,-33.196,0.0,0.0,-0.0,34.0
20.3191,1,fwd,90.0,12.2,5.618,5.4,5.4,16.0,0.0,0.0,34.0,-100.0,-100.0,-100.0,0.0,0.0,-0.363,33.0,-23.613,90.0,-22.721,-32.0,2.0,3.894,33.0,-65.467,-65.0,-65.0,-24.0,1.0,-0.0,43.0,-95.017,-95.017,-95.017,0.0,0.0,0.0,33.0,-69.756,-70.244,-70.244,8.0,0.0,-0.0,34.0,-33.196,-33.196,-33.196,0.0,0.0,-0.0,34.0
20.372,1,fwd,90.0,12.2,5.618,5.4,5.4,16.0,0.0,0.0,34.0,-100.0,-100.0,-100.0,0.0,0.0,-0.178,33.0,-23.471,90.0,-22.508,-32.0,2.0,3.032,33.0,-65.467,-65.0,-65.0,-24.0,1.0,-0.0,43.0,-95.017,-95.017,-95.017,0.0,0.0,0.0,33.0,-69.756,-70.244,-70.244,8.0,0.0,-0.0,34.0,-33.196,-33.196,-33.196,0.0,0.0,-0.0,34.0
20.4243,1,fwd,90.0,12.2,5.618,5.4,5.4,16.0,0.0,0.0,34.0,-100.0,-100.0,-100.0,0.0,0.0,-0.087,33.0,-23.044,90.0,-22.294,-32.0,2.0,5.312,33.0,-65.467,-65.0,-65.0,-24.0,1.0,-0.0,43.0,-95.017,-95.017,-95.017,0.0,0.0,0.0,33.0,-69.756,-70.244,-70.244,8.0,0.0,-0.0,34.0,-33.196,-33.196,-33.196,0.0,0.0,-0.0,34.0
20.4787,1,fwd,90.0,12.2,5.618,5.4,5.4,16.0,0.0,0.0,34.0,-99.82,-100.0,-100.0,0.0,0.0,1.368,33.0,-22.902,90.0,-22.081,-32.0,2.0,4.198,33.0,-65.467,-65.0,-65.0,-24.0,1.0,-0.0,43.0,-95.017,-95.017,-95.017,0.0,0.0,0.0,33.0,-69.756,-70.244,-70.244,8.0,0.0,-0.0,34.0,-33.196,-33.196,-33.196,0.0,0.0,-0.0,34.0
20.532,1,fwd,90.0,12.2,5.618,5.4,5.4,16.0,0.0,0.0,34.0,-100.0,-100.0,-100.0,0.0,0.0,-1.338,33.0,-22.617,90.0,-21.867,-32.0,2.0,4.762,33.0,-65.467,-65.0,-65.0,-24.0,1.0,-0.0,43.0,-95.017,-95.017,-95.017,0.0,0.0,0.0,33.0,-69.756,-70.244,-70.244,8.0,0.0,-0.0,34.0,-33.196,-33.196,-33.196,0.0,0.0,-0.0,34.0
20.5844,1,fwd,90.0,12.2,5.618,5.4,5.4,16.0,0.0,0.0,34.0,-100.0,-100.0,-100.0,0.0,0.0,-0.656,33.0,-22.475,90.0,-21.649,-32.0,2.0,3.901,33.0,-65.467,-65.0,-65.0,-24.0,1.0,-0.0,43.0,-95.017,-95.017,-95.017,0.0,0.0,0.0,33.0,-69.756,-70.244,-70.244,8.0,0.0,-0.0,34.0,-33.196,-33.196,-33.196,0.0,0.0,-0.0,34.0
20.6382,1,fwd,90.0,12.2,5.618,5.4,5.4,16.0,0.0,0.0,34.0,-100.0,-100.0,-100.0,0.0,0.0,-0.321,33.0,-22.191,90.0,-21.434,-32.0,2.0,4.609,33.0,-65.467,-65.0,-65.0,-24.0,1.0,-0.0,43.0,-95.017,-95.017,-95.017,0.0,0.0,0.0,33.0,-69.756,-70.244,-70.244,8.0,0.0,-0.0,34.0,-33.196,-33.196,-33.196,0.0,0.0,-0.0,34.0
20.691,1,fwd,90.0,12.2,5.618,5.4,5.4,16.0,0.0,0.0,34.0,-100.0,-100.0,-100.0,0.0,0.0,-0.157,33.0,-22.048,90.0,-21.221,-32.0,2.0,3.846,33.0,-65.467,-65.0,-65.0,-24.0,1.0,-0.0,43.0,-95.017,-95.017,-95.017,0.0,0.0,0.0,33.0,-69.756,-70.244,-70.244,8.0,0.0,-0.0,34.0,-33.196,-33.196,-33.196,0.0,0.0,-0.0,34.0
20.7442,1,fwd,90.0,12.2,5.618,5.4,5.4,16.0,0.0,0.0,34.0,-100.0,-100.0,-100.0,0.0,0.0,-0.11,33.0,-21.906,90.0,-21.006,-32.0,2.0,4.281,33.0,-65.467,-65.0,-65.0,-24.0,1.0,-0.0,43.0,-95.017,-95.017,-95.017,0.0,0.0,0.0,33.0,-69.756,-70.244,-70.244,8.0,0.0,-0.0,34.0,-33.196,-33.196,-33.196,0.0,0.0,-0.0,34.0
20.7975,1,fwd,90.0,12.2,5.618,5.4,5.4,16.0,0.0,0.0,34.0,-99.82,-100.0,-100.0,0.0,0.0,1.225,33.0,-21.764,90.0,-20.781,-32.0,2.0,3.107,33.0,-65.467,-65.0,-65.0,-24.0,1.0,-0.0,43.0,-95.017,-95.017,-95.017,0.0,0.0,0.0,33.0,-69.756,-70.244,-70.244,8.0,0.0,-0.0,34.0,-33.196,-33.196,-33.196,0.0,0.0,-0.0,34.0
20.8507,1,fwd,90.0,12.2,5.618,5.4,5.4,16.0,0.0,0.0,34.0,-100.0,-100.0,-100.0,0.0,0.0,-0.681,33.0,-21.479,90.0,-20.663,-32.0,2.0,4.136,33.0,-65.467,-65.0,-65.0,-24.0,1.0,-0.0,43.0,-95.017,-95.017,-95.017,0.0,0.0,0.0,33.0,-69.756,-70.244,-70.244,8.0,0.0,-0.0,34.0,-33.196,-33.196,-33.196,0.0,0.0,-0.0,34.0
20.9037,1,fwd,90.0,12.2,5.618,5.4,5.4,16.0,0.0,0.0,34.0,-100.0,-100.0,-100.0,0.0,0.0,-0.477,33.0,-21.337,90.0,-20.423,-24.0,1.0,3.608,33.0,-65.467,-65.0,-65.0,-24.0,0.0,-0.0,43.0,-95.017,-95.017,-95.017,0.0,0.0,0.0,33.0,-69.756,-70.244,-70.244,8.0,0.0,-0.0,34.0,-33.196,-33.196,-33.196,0.0,0.0,-0.0,34.0
20.9569,1,fwd,90.0,12.2,5.618,5.4,5.4,16.0,0.0,0.0,34.0,-100.0,-100.0,-100.0,0.0,0.0,-0.234,33.0,-21.053,90.0,-20.207,-24.0,1.0,4.453,33.0,-65.467,-65.0,-65.0,-24.0,0.0,-0.0,43.0,-95.017,-95.017,-95.017,0.0,0.0,0.0,33.0,-69.756,-70.244,-70.244,8.0,0.0,-0.0,34.0,-33.196,-33.196,-33.196,0.0,0.0,-0.0,34.0
21.0099,1,fwd,90.0,12.2,5.618,5.4,5.4,16.0,0.0,0.0,34.0,-99.82,-100.0,-100.0,0.0,0.0,1.891,33.0,-20.91,90.0,-19.994,-24.0,1.0,3.308,33.0,-65.467,-65.0,-65.0,-24.0,0.0,-0.0,43.0,-95.017,-95.017,-95.017,0.0,0.0,0.0,33.0,-69.756,-70.244,-70.244,8.0,0.0,-0.0,34.0,-33.196,-33.196,-33.196,0.0,0.0,-0.0,34.0
21.0631,1,fwd,90.0,12.2,5.618,5.4,5.4,16.0,0.0,0.0,34.0,-100.0,-100.0,-100.0,0.0,0.0,-1.083,33.0,-20.626,90.0,-19.779,-24.0,1.0,4.319,33.0,-65.467,-65.0,-65.0,-24.0,0.0,-0.0,43.0,-95.017,-95.017,-95.017,0.0,0.0,0.0,33.0,-69.756,-70.244,-70.244,8.0,0.0,-0.0,34.0,-33.196,-33.196,-33.196,0.0,0.0,-0.0,34.0
21.1153,1,fwd,90.0,12.2,5.618,5.4,5.4,16.0,0.0,0.0,34.0,-100.0,-100.0,-100.0,0.0,0.0,-0.53,33.0,-20.341,90.0,-19.565,-24.0,1.0,4.84,33.0,-65.467,-65.0,-65.0,-24.0,0.0,-0.0,43.0,-95.017,-95.017,-95.017,0.0,0.0,0.0,33.0,-69.756,-70.244,-70.244,8.0,0.0,-0.0,34.0,-33.196,-33.196,-33.196,0.0,0.0,-0.0,34.0
21.1673,1,fwd,90.0,12.2,5.618,5.4,5.4,16.0,0.0,0.0,34.0,-100.0,-100.0,-100.0,0.0,0.0,-0.26,33.0,-20.199,90.0,-19.351,-24.0,1.0,3.951,33.0,-65.467,-65.0,-65.0,-24.0,0.0,-0.0,43.0,-95.017,-95.017,-95.017,0.0,0.0,0.0,33.0,-69.756,-70.244,-70.244,8.0,0.0,-0.0,34.0,-33.196,-33.196,-33.196,0.0,0.0,-0.0,34.0
21.2208,1,fwd,90.0,12.2,5.618,5.4,5.4,16.0,0.0,0.0,34.0,-100.0,-100.0,-100.0,0.0,0.0,-0.127,33.0,-19.915,90.0,-19.135,-24.0,1.0,4.642,33.0,-65.467,-65.0,-65.0,-24.0,0.0,-0.0,43.0,-95.017,-95.017,-95.017,0.0,0.0,0.0,33.0,-69.756,-70.244,-70.244,8.0,0.0,-0.0,34.0,-33.196,-33.196,-33.196,0.0,0.0,-0.0,34.0
21.2731,1,fwd,90.0,12.2,5.618,5.4,5.4,16.0,0.0,0.0,34.0,-99.82,-100.0,-100.0,0.0,0.0,1.918,33.0,-19.63,90.0,-18.92,-24.0,1.0,5.401,33.0,-65.467,-65.0,-65.0,-24.0,0.0,-0.0,43.0,-95.017,-95.017,-95.017,0.0,0.0,0.0,33.0,-69.756,-70.244,-70.244,8.0,0.0,-0.0,34.0,-33.196,-33.196,-33.196,0.0,0.0,-0.0,34.0
21.3264,1,fwd,90.0,12.2,5.618,5.4,5.4,16.0,0.0,0.0,34.0,-99.82,-100.0,-100.0,0.0,0.0,0.94,33.0,-19.488,90.0,-18.705,-24.0,1.0,3.758,33.0,-65.467,-65.0,-65.0,-24.0,0.0,-0.0,43.0,-95.017,-95.017,-95.017,0.0,0.0,0.0,33.0,-69.756,-70.244,-70.244,8.0,0.0,-0.0,34.0,-33.196,-33.196,-33.196,0.0,0.0,-0.0,34.0
21.3796,1,fwd,90.0,12.2,5.618,5.4,5.4,16.0,0.0,0.0,34.0,-100.0,-100.0,-100.0,0.0,0.0,-0.963,33.0,-19.346,90.0,-18.493,-24.0,1.0,3.434,33.0,-65.467,-65.0,-65.0,-24.0,0.0,-0.0,43.0,-95.017,-95.017,-95.017,0.0,0.0,0.0,33.0,-69.756,-70.244,-70.244,8.0,0.0,-0.0,34.0,-33.196,-33.196,-33.196,0.0,0.0,-0.0,34.0
21.4322,1,fwd,90.0,12.2,5.618,5.4,5.4,16.0,0.0,0.0,34.0,-100.0,-100.0,-100.0,0.0,0.0,-0.674,33.0,-19.203,90.0,-18.385,-20.0,2.0,3.95,32.0,-65.467,-65.0,-65.0,-24.0,1.0,-0.0,43.0,-95.017,-95.017,-95.017,0.0,0.0,0.0,33.0,-69.756,-70.244,-70.244,8.0,0.0,-0.0,34.0,-33.196,-33.196,-33.196,0.0,0.0,-0.0,34.0
21.4861,1,fwd,90.0,12.2,5.618,5.4,5.4,16.0,0.0,0.0,34.0,-100.0,-100.0,-100.0,0.0,0.0,-0.33,33.0,-18.919,90.0,-18.047,-20.0,2.0,4.023,32.0,-65.467,-65.0,-65.0,-24.0,1.0,-0.0,43.0,-95.017,-95.017,-95.017,0.0,0.0,0.0,33.0,-69.756,-70.244,-70.244,8.0,0.0,-0.0,34.0,-33.196,-33.196,-33.196,0.0,0.0,-0.0,34.0
21.5384,1,fwd,90.0,12.2,5.618,5.4,5.4,16.0,0.0,0.0,34.0,-99.82,-100.0,-100.0,0.0,0.0,1.256,33.0,-18.634,90.0,-17.832,-20.0,2.0,4.693,32.0,-65.467,-65.0,-65.0,-24.0,1.0,-0.0,43.0,-95.017,-95.017,-95.017,0.0,0.0,0.0,33.0,-69.756,-70.244,-70.244,8.0,0.0,-0.0,34.0,-33.196,-33.196,-33.196,0.0,0.0,-0.0,34.0
21.592,1,fwd,90.0,12.2,5.618,5.4,5.4,16.0,0.0,0.0,34.0,-99.82,-100.0,-100.0,0.0,0.0,0.879,33.0,-18.492,90.0,-17.616,-20.0,2.0,4.867,32.0,-65.467,-65.0,-65.0,-24.0,1.0,-0.0,43.0,-95.017,-95.017,-95.017,0.0,0.0,0.0,33.0,-69.756,-70.244,-70.244,8.0,0.0,-0.0,34.0,-33.196,-33.196,-33.196,0.0,0.0,-0.0,34.0
21.6455,1,fwd,90.0,12.2,5.618,5.4,5.4,16.0,0.0,0.0,34.0,-100.0,-100.0,-100.0,0.0,0.0,-0.816,33.0,-18.208,90.0,-17.388,-20.0,2.0,5.553,32.0,-65.467,-65.0,-65.0,-24.0,1.0,-0.0,43.0,-95.017,-95.017,-95.017,0.0,0.0,0.0,33.0,-69.756,-70.244,-70.244,8.0,0.0,-0.0,34.0,-33.196,-33.196,-33.196,0.0,0.0,-0.0,34.0
21.6991,1,fwd,90.0,12.2,5.618,5.4,5.4,16.0,0.0,0.0,34.0,-100.0,-100.0,-100.0,0.0,0.0,-0.4,33.0,-18.065,90.0,-17.162,-20.0,2.0,4.326,32.0,-65.467,-65.0,-65.0,-24.0,1.0,-0.0,43.0,-95.017,-95.017,-95.017,0.0,0.0,0.0,33.0,-69.756,-70.244,-70.244,8.0,0.0,-0.0,34.0,-33.196,-33.196,-33.196,0.0,0.0,-0.0,34.0
21.7513,1,fwd,90.0,12.2,5.618,5.4,5.4,16.0,0.0,0.0,34.0,-100.0,-100.0,-100.0,0.0,0.0,-0.196,33.0,-17.923,90.0,-17.056,-20.0,2.0,3.242,32.0,-65.467,-65.0,-65.0,-24.0,1.0,-0.0,43.0,-95.017,-95.017,-95.017,0.0,0.0,0.0,33.0,-69.756,-70.244,-70.244,8.0,0.0,-0.0,34.0,-33.196,-33.196,-33.196,0.0,0.0,-0.0,34.0
21.8033,1,fwd,90.0,12.2,5.618,5.4,5.4,16.0,0.0,0.0,34.0,-99.82,-100.0,-100.0,0.0,0.0,1.235,33.0,-17.496,90.0,-16.834,-20.0,2.0,5.779,32.0,-65.467,-65.0,-65.0,-24.0,1.0,-0.0,43.0,-95.017,-95.017,-95.017,0.0,0.0,0.0,33.0,-69.756,-70.244,-70.244,8.0,0.0,-0.0,34.0,-33.196,-33.196,-33.196,0.0,0.0,-0.0,34.0
21.8565,1,fwd,90.0,12.2,5.618,5.4,5.4,16.0,0.0,0.0,34.0,-100.0,-100.0,-100.0,0.0,0.0,-0.796,33.0,-17.496,90.0,-16.616,-20.0,2.0,2.832,32.0,-65.467,-65.0,-65.0,-24.0,1.0,-0.0,43.0,-95.017,-95.017,-95.017,0.0,0.0,0.0,33.0,-69.756,-70.244,-70.244,8.0,0.0,-0.0,34.0,-33.196,-33.196,-33.196,0.0,0.0,-0.0,34.0
21.9099,1,fwd,90.0,12.2,5.618,5.4,5.4,16.0,0.0,0.0,34.0,-100.0,-100.0,-100.0,0.0,0.0,-0.39,33.0,-17.07,90.0,-16.403,-20.0,2.0,5.728,32.0,-65.467,-65.0,-65.0,-24.0,1.0,-0.0,43.0,-95.017,-95.017,-95.017,0.0,0.0,0.0,33.0,-69.756,-70.244,-70.244,8.0,0.0,-0.0,34.0,-33.196,-33.196,-33.196,0.0,0.0,-0.0,34.0
21.9628,1,fwd,90.0,12.2,5.618,5.4,5.4,16.0,0.0,0.0,34.0,-100.0,-100.0,-100.0,0.0,0.0,-0.191,33.0,-17.07,90.0,-16.191,-20.0,2.0,2.807,32.0,-65.467,-65.0,-65.0,-24.0,1.0,-0.0,43.0,-95.017,-95.017,-95.017,0.0,0.0,0.0,33.0,-69.756,-70.244,-70.244,8.0,0.0,-0.0,34.0,-33.196,-33.196,-33.196,0.0,0.0,-0.0,34.0
22.0159,1,fwd,90.0,12.2,5.618,5.4,5.4,16.0,0.0,0.0,34.0,-99.82,-100.0,-100.0,8.0,0.0,1.878,33.0,-16.927,90.0,-16.083,-28.0,2.0,3.553,33.0,-65.467,-65.0,-65.0,-24.0,0.0,-0.0,43.0,-95.017,-95.017,-95.017,0.0,0.0,0.0,33.0,-69.756,-70.244,-70.244,8.0,0.0,-0.0,34.0,-33.196,-33.196,-33.196,0.0,0.0,-0.0,34.0
22.0692,1,fwd,90.0,12.2,5.618,5.4,5.4,16.0,0.0,0.0,34.0,-100.0,-100.0,-100.0,8.0,0.0,0.262,33.0,-16.643,90.0,-15.747,-28.0,2.0,2.781,33.0,-65.467,-65.0,-65.0,-24.0,0.0,-0.0,43.0,-95.017,-95.017,-95.017,0.0,0.0,0.0,33.0,-69.756,-70.244,-70.244,8.0,0.0,-0.0,34.0,-33.196,-33.196,-33.196,0.0,0.0,-0.0,34.0
22.1225,1,fwd,90.0,12.2,5.618,5.4,5.4,16.0,0.0,0.0,34.0,-100.0,-100.0,-100.0,8.0,0.0,0.128,33.0,-16.358,90.0,-15.532,-28.0,2.0,4.045,33.0,-65.467,-65.0,-65.0,-24.0,0.0,-0.0,43.0,-95.017,-95.017,-95.017,0.0,0.0,0.0,33.0,-69.756,-70.244,-70.244,8.0,0.0,-0.0,34.0,-33.196,-33.196,-33.196,0.0,0.0,-0.0,34.0
22.1761,1,fwd,90.0,12.2,5.618,5.4,5.4,16.0,0.0,0.0,34.0,-100.0,-100.0,-100.0,8.0,0.0,0.063,33.0,-16.074,90.0,-15.315,-28.0,2.0,4.178,33.0,-65.467,-65.0,-65.0,-24.0,0.0,-0.0,43.0,-95.017,-95.017,-95.017,0.0,0.0,0.0,33.0,-69.756,-70.244,-70.244,8.0,0.0,-0.0,34.0,-33.196,-33.196,-33.196,0.0,0.0,-0.0,34.0
22.2284,1,fwd,90.0,12.2,5.618,5.4,5.4,16.0,0.0,0.0,34.0,-99.82,-100.0,-100.0,8.0,0.0,2.056,33.0,-15.932,90.0,-15.101,-28.0,2.0,3.646,33.0,-65.467,-65.0,-65.0,-24.0,0.0,-0.0,43.0,-95.017,-95.017,-95.017,0.0,0.0,0.0,33.0,-69.756,-70.244,-70.244,8.0,0.0,-0.0,34.0,-33.196,-33.196,-33.196,0.0,0.0,-0.0,34.0
22.2815,1,fwd,90.0,12.2,5.618,5.4,5.4,16.0,0.0,0.0,34.0,-99.82,-100.0,-100.0,8.0,0.0,1.007,33.0,-15.647,90.0,-14.888,-28.0,2.0,4.035,33.0,-65.467,-65.0,-65.0,-24.0,0.0,-0.0,43.0,-95.017,-95.017,-95.017,0.0,0.0,0.0,33.0,-69.756,-70.244,-70.244,8.0,0.0,-0.0,34.0,-33.196,-33.196,-33.196,0.0,0.0,-0.0,34.0
22.3346,1,fwd,90.0,12.2,5.618,5.4,5.4,16.0,0.0,0.0,34.0,-100.0,-100.0,-100.0,8.0,0.0,-0.918,33.0,-15.505,90.0,-14.674,-28.0,2.0,3.091,33.0,-65.467,-65.0,-65.0,-24.0,0.0,-0.0,43.0,-95.017,-95.017,-95.017,0.0,0.0,0.0,33.0,-69.756,-70.244,-70.244,8.0,0.0,-0.0,34.0,-33.196,-33.196,-33.196,0.0,0.0,-0.0,34.0
22.388,1,fwd,90.0,12.2,5.618,5.4,5.4,16.0,0.0,0.0,34.0,-100.0,-100.0,-100.0,8.0,0.0,-0.45,33.0,-15.22,90.0,-14.46,-28.0,2.0,4.232,33.0,-65.467,-65.0,-65.0,-24.0,0.0,-0.0,43.0,-95.017,-95.017,-95.017,0.0,0.0,0.0,33.0,-69.756,-70.244,-70.244,8.0,0.0,-0.0,34.0,-33.196,-33.196,-33.196,0.0,0.0,-0.0,34.0
22.441,1,fwd,90.0,12.2,5.618,5.4,5.4,16.0,0.0,0.0,34.0,-100.0,-100.0,-100.0,8.0,0.0,-0.22,33.0,-15.078,90.0,-14.246,-28.0,2.0,3.68,33.0,-65.467,-65.0,-65.0,-24.0,0.0,-0.0,43.0,-95.017,-95.017,-95.017,0.0,0.0,0.0,33.0,-69.756,-70.244,-70.244,8.0,0.0,-0.0,34.0,-33.196,-33.196,-33.196,0.0,0.0,-0.0,34.0
22.4949,1,fwd,90.0,12.2,5.618,5.4,5.4,16.0,0.0,0.0,34.0,-99.82,-100.0,-100.0,8.0,0.0,1.929,33.0,-14.794,90.0,-14.033,-28.0,2.0,4.532,33.0,-65.467,-65.0,-65.0,-24.0,0.0,-0.0,43.0,-95.017,-95.017,-95.017,0.0,0.0,0.0,33.0,-69.756,-70.244,-70.244,8.0,0.0,-0.0,34.0,-33.196,-33.196,-33.196,0.0,0.0,-0.0,34.0
22.5479,1,fwd,90.0,12.2,5.618,5.4,5.4,16.0,0.0,0.0,34.0,-99.82,-100.0,-100.0,8.0,0.0,0.945,33.0,-14.651,90.0,-13.82,-28.0,2.0,3.825,33.0,-65.467,-65.0,-65.0,-24.0,0.0,-0.0,43.0,-95.017,-95.017,-95.017,0.0,0.0,0.0,33.0,-69.756,-70.244,-70.244,8.0,0.0,-0.0,34.0,-33.196,-33.196,-33.196,0.0,0.0,-0.0,34.0
22.601,1,fwd,90.0,12.2,5.618,5.4,5.4,16.0,0.0,0.0,34.0,-100.0,-100.0,-100.0,8.0,0.0,-0.238,33.0,-14.367,90.0,-13.58,-32.0,1.0,4.098,33.0,-65.467,-65.0,-65.0,-24.0,1.0,-0.0,43.0,-95.017,-95.017,-95.017,0.0,0.0,0.0,33.0,-69.756,-70.244,-70.244,8.0,0.0,-0.0,34.0,-33.196,-33.196,-33.196,0.0,0.0,-0.0,34.0
22.6539,1,fwd,90.0,12.2,5.618,5.4,5.4,16.0,0.0,0.0,34.0,-100.0,-100.0,-100.0,8.0,0.0,-0.167,33.0,-14.367,90.0,-13.366,-32.0,1.0,2.869,33.0,-65.467,-65.0,-65.0,-24.0,1.0,-0.0,43.0,-95.017,-95.017,-95.017,0.0,0.0,0.0,33.0,-69.756,-70.244,-70.244,8.0,0.0,-0.0,34.0,-33.196,-33.196,-33.196,0.0,0.0,-0.0,34.0
22.7073,1,fwd,90.0,12.2,5.618,5.4,5.4,16.0,0.0,0.0,34.0,-100.0,-100.0,-100.0,8.0,0.0,-0.082,33.0,-14.083,90.0,-13.14,-32.0,1.0,3.993,33.0,-65.467,-65.0,-65.0,-24.0,1.0,-0.0,43.0,-95.017,-95.017,-95.017,0.0,0.0,0.0,33.0,-69.756,-70.244,-70.244,8.0,0.0,-0.0,34.0,-33.196,-33.196,-33.196,0.0,0.0,-0.0,34.0
22.7609,1,fwd,90.0,12.2,5.618,5.4,5.4,16.0,0.0,0.0,34.0,-99.82,-100.0,-100.0,8.0,0.0,1.989,33.0,-13.798,90.0,-12.915,-32.0,1.0,4.58,33.0,-65.467,-65.0,-65.0,-24.0,1.0,-0.0,43.0,-95.017,-95.017,-95.017,0.0,0.0,0.0,33.0,-69.756,-70.244,-70.244,8.0,0.0,-0.0,34.0,-33.196,-33.196,-33.196,0.0,0.0,-0.0,34.0
22.8148,1,fwd,90.0,12.2,5.618,5.4,5.4,16.0,0.0,0.0,34.0,-99.82,-100.0,-100.0,8.0,0.0,0.975,33.0,-13.514,90.0,-12.795,-32.0,1.0,4.826,33.0,-65.467,-65.0,-65.0,-24.0,1.0,-0.0,43.0,-95.017,-95.017,-95.017,0.0,0.0,0.0,33.0,-69.756,-70.244,-70.244,8.0,0.0,-0.0,34.0,-33.196,-33.196,-33.196,0.0,0.0,-0.0,34.0
22.8673,1,fwd,90.0,12.2,5.618,5.4,5.4,16.0,0.0,0.0,34.0,-100.0,-100.0,-100.0,8.0,0.0,-1.535,33.0,-13.229,90.0,-12.579,-32.0,1.0,5.048,33.0,-65.467,-65.0,-65.0,-24.0,1.0,-0.0,43.0,-95.017,-95.017,-95.017,0.0,0.0,0.0,33.0,-69.756,-70.244,-70.244,8.0,0.0,-0.0,34.0,-33.196,-33.196,-33.196,0.0,0.0,-0.0,34.0
22.9192,1,fwd,90.0,12.2,5.618,5.4,5.4,16.0,0.0,0.0,34.0,-100.0,-100.0,-100.0,8.0,0.0,-0.752,33.0,-13.087,90.0,-12.364,-32.0,1.0,4.084,33.0,-65.467,-65.0,-65.0,-24.0,1.0,-0.0,43.0,-95.017,-95.017,-95.017,0.0,0.0,0.0,33.0,-69.756,-70.244,-70.244,8.0,0.0,-0.0,34.0,-33.196,-33.196,-33.196,0.0,0.0,-0.0,34.0
22.9722,1,fwd,90.0,12.2,5.618,5.4,5.4,16.0,0.0,0.0,34.0,-100.0,-100.0,-100.0,8.0,0.0,-0.369,33.0,-12.802,90.0,-12.152,-32.0,1.0,4.727,33.0,-65.467,-65.0,-65.0,-24.0,1.0,-0.0,43.0,-95.017,-95.017,-95.017,0.0,0.0,0.0,33.0,-69.756,-70.244,-70.244,8.0,0.0,-0.0,34.0,-33.196,-33.196,-33.196,0.0,0.0,-0.0,34.0
23.0252,1,fwd,90.0,12.2,5.618,5.4,5.4,16.0,0.0,0.0,34.0,-99.82,-100.0,-100.0,8.0,0.0,1.229,33.0,-12.66,90.0,-11.938,-32.0,1.0,3.907,33.0,-65.467,-65.0,-65.0,-24.0,1.0,-0.0,43.0,-95.017,-95.017,-95.017,0.0,0.0,0.0,33.0,-69.756,-70.244,-70.244,8.0,0.0,-0.0,34.0,-33.196,-33.196,-33.196,0.0,0.0,-0.0,34.0
23.0782,1,fwd,90.0,12.2,5.618,5.4,5.4,16.0,0.0,0.0,34.0,-100.0,-100.0,-100.0,8.0,0.0,-1.423,33.0,-12.518,90.0,-11.723,-32.0,1.0,3.513,33.0,-65.467,-65.0,-65.0,-24.0,1.0,-0.0,43.0,-95.017,-95.017,-95.017,0.0,0.0,0.0,33.0,-69.756,-70.244,-70.244,8.0,0.0,-0.0,34.0,-33.196,-33.196,-33.196,0.0,0.0,-0.0,34.0
23.1314,1,fwd,90.0,12.2,5.618,5.4,5.4,16.0,0.0,0.0,34.0,-100.0,-100.0,-100.0,8.0,0.0,-0.697,33.0,-12.233,90.0,-11.51,-32.0,1.0,4.449,33.0,-65.467,-65.0,-65.0,-24.0,1.0,-0.0,43.0,-95.017,-95.017,-95.017,0.0,0.0,0.0,33.0,-69.756,-70.244,-70.244,8.0,0.0,-0.0,34.0,-33.196,-33.196,-33.196,0.0,0.0,-0.0,34.0
23.1847,1,fwd,90.0,12.2,5.618,5.4,5.4,16.0,0.0,0.0,34.0,-99.82,-100.0,-100.0,0.0,0.0,0.448,33.0,-11.949,90.0,-11.28,-32.0,2.0,4.592,33.0,-65.467,-65.0,-65.0,-24.0,1.0,-0.0,43.0,-95.017,-95.017,-95.017,0.0,0.0,0.0,33.0,-69.756,-70.244,-70.244,8.0,0.0,-0.0,34.0,-33.196,-33.196,-33.196,0.0,0.0,-0.0,34.0
23.2378,1,fwd,90.0,12.2,5.618,5.4,5.4,16.0,0.0,0.0,34.0,-99.82,-100.0,-100.0,0.0,0.0,0.219,33.0,-11.949,90.0,-11.064,-32.0,2.0,2.25,33.0,-65.467,-65.0,-65.0,-24.0,1.0,-0.0,43.0,-95.017,-95.017,-95.017,0.0,0.0,0.0,33.0,-69.756,-70.244,-70.244,8.0,0.0,-0.0,34.0,-33.196,-33.196,-33.196,0.0,0.0,-0.0,34.0
23.2912,1,fwd,90.0,12.2,5.618,5.4,5.4,16.0,0.0,0.0,34.0,-100.0,-100.0,-100.0,0.0,0.0,-1.868,33.0,-11.664,90.0,-10.849,-32.0,2.0,3.788,33.0,-65.467,-65.0,-65.0,-24.0,1.0,-0.0,43.0,-95.017,-95.017,-95.017,0.0,0.0,0.0,33.0,-69.756,-70.244,-70.244,8.0,0.0,-0.0,34.0,-33.196,-33.196,-33.196,0.0,0.0,-0.0,34.0
23.3445,1,fwd,90.0,12.2,5.618,5.4,5.4,16.0,0.0,0.0,34.0,-100.0,-100.0,-100.0,0.0,0.0,-0.915,33.0,-11.38,90.0,-10.634,-32.0,2.0,4.553,33.0,-65.467,-65.0,-65.0,-24.0,1.0,-0.0,43.0,-95.017,-95.017,-95.017,0.0,0.0,0.0,33.0,-69.756,-70.244,-70.244,8.0,0.0,-0.0,34.0,-33.196,-33.196,-33.196,0.0,0.0,-0.0,34.0
23.3976,1,fwd,90.0,12.2,5.618,5.4,5.4,16.0,0.0,0.0,34.0,-100.0,-100.0,-100.0,0.0,0.0,-0.448,33.0,-11.095,90.0,-10.42,-32.0,2.0,4.956,33.0,-65.467,-65.0,-65.0,-24.0,1.0,-0.0,43.0,-95.017,-95.017,-95.017,0.0,0.0,0.0,33.0,-69.756,-70.244,-70.244,8.0,0.0,-0.0,34.0,-33.196,-33.196,-33.196,0.0,0.0,-0.0,34.0
23.4511,1,fwd,90.0,12.2,5.618,5.4,5.4,16.0,0.0,0.0,34.0,-99.82,-100.0,-100.0,0.0,0.0,1.206,33.0,-10.953,90.0,-10.207,-32.0,2.0,4.04,33.0,-65.467,-65.0,-65.0,-24.0,1.0,-0.0,43.0,-95.017,-95.017,-95.017,0.0,0.0,0.0,33.0,-69.756,-70.244,-70.244,8.0,0.0,-0.0,34.0,-33.196,-33.196,-33.196,0.0,0.0,-0.0,34.0
23.5051,1,fwd,90.0,12.2,5.618,5.4,5.4,16.0,0.0,0.0,34.0,-99.82,-100.0,-100.0,0.0,0.0,0.591,33.0,-10.811,90.0,-9.995,-32.0,2.0,3.107,33.0,-65.467,-65.0,-65.0,-24.0,1.0,-0.0,43.0,-95.017,-95.017,-95.017,0.0,0.0,0.0,33.0,-69.756,-70.244,-70.244,8.0,0.0,-0.0,34.0,-33.196,-33.196,-33.196,0.0,0.0,-0.0,34.0
23.5579,1,fwd,90.0,12.2,5.618,5.4,5.4,16.0,0.0,0.0,34.0,-100.0,-100.0,-100.0,0.0,0.0,-1.693,33.0,-10.526,90.0,-9.78,-32.0,2.0,4.205,33.0,-65.467,-65.0,-65.0,-24.0,1.0,-0.0,43.0,-95.017,-95.017,-95.017,0.0,0.0,0.0,33.0,-69.756,-70.244,-70.244,8.0,0.0,-0.0,34.0,-33.196,-33.196,-33.196,0.0,0.0,-0.0,34.0
23.6103,1,fwd,90.0,12.2,5.618,5.4,5.4,16.0,0.0,0.0,34.0,-100.0,-100.0,-100.0,0.0,0.0,-0.829,33.0,-10.242,90.0,-9.564,-32.0,2.0,4.756,33.0,-65.467,-65.0,-65.0,-24.0,1.0,-0.0,43.0,-95.017,-95.017,-95.017,0.0,0.0,0.0,33.0,-69.756,-70.244,-70.244,8.0,0.0,-0.0,34.0,-33.196,-33.196,-33.196,0.0,0.0,-0.0,34.0
23.6639,1,fwd,90.0,12.2,5.618,5.4,5.4,16.0,0.0,0.0,34.0,-99.82,-100.0,-100.0,0.0,0.0,1.596,33.0,-10.1,90.0,-9.349,-32.0,2.0,3.444,33.0,-65.467,-65.0,-65.0,-24.0,1.0,-0.0,43.0,-95.017,-95.017,-95.017,0.0,0.0,0.0,33.0,-69.756,-70.244,-70.244,8.0,0.0,-0.0,34.0,-33.196,-33.196,-33.196,0.0,0.0,-0.0,34.0
23.7163,1,fwd,90.0,12.2,5.618,5.4,5.4,16.0,0.0,0.0,34.0,-99.82,-100.0,-100.0,8.0,0.0,1.117,33.0,-9.957,90.0,-9.241,-32.0,1.0,4.02,33.0,-65.467,-65.0,-65.0,-24.0,0.0,-0.0,43.0,-95.017,-95.017,-95.017,0.0,0.0,0.0,33.0,-69.756,-70.244,-70.244,8.0,0.0,-0.0,34.0,-33.196,-33.196,-33.196,0.0,0.0,-0.0,34.0
23.7683,1,fwd,90.0,12.2,5.618,5.4,5.4,16.0,0.0,0.0,34.0,-99.82,-100.0,-100.0,8.0,0.0,0.782,33.0,-9.673,90.0,-8.906,-32.0,1.0,4.305,33.0,-65.467,-65.0,-65.0,-24.0,0.0,-0.0,43.0,-95.017,-95.017,-95.017,0.0,0.0,0.0,33.0,-69.756,-70.244,-70.244,8.0,0.0,-0.0,34.0,-33.196,-33.196,-33.196,0.0,0.0,-0.0,34.0
23.8214,1,fwd,90.0,12.2,5.618,5.4,5.4,16.0,0.0,0.0,34.0,-99.82,-100.0,-100.0,8.0,0.0,0.383,33.0,-9.531,90.0,-8.68,-32.0,1.0,3.684,33.0,-65.467,-65.0,-65.0,-24.0,0.0,-0.0,43.0,-95.017,-95.017,-95.017,0.0,0.0,0.0,33.0,-69.756,-70.244,-70.244,8.0,0.0,-0.0,34.0,-33.196,-33.196,-33.196,0.0,0.0,-0.0,34.0
23.8747,1,fwd,90.0,12.2,5.618,5.4,5.4,16.0,0.0,0.0,34.0,-100.0,-100.0,-100.0,8.0,0.0,-1.821,33.0,-9.246,90.0,-8.565,-32.0,1.0,4.427,33.0,-65.467,-65.0,-65.0,-24.0,0.0,-0.0,43.0,-95.017,-95.017,-95.017,0.0,0.0,0.0,33.0,-69.756,-70.244,-70.244,8.0,0.0,-0.0,34.0,-33.196,-33.196,-33.196,0.0,0.0,-0.0,34.0
23.9273,1,fwd,90.0,12.2,5.618,5.4,5.4,16.0,0.0,0.0,34.0,-100.0,-100.0,-100.0,8.0,0.0,-0.892,33.0,-9.104,90.0,-8.338,-32.0,1.0,3.768,33.0,-65.467,-65.0,-65.0,-24.0,0.0,-0.0,43.0,-95.017,-95.017,-95.017,0.0,0.0,0.0,33.0,-69.756,-70.244,-70.244,8.0,0.0,-0.0,34.0,-33.196,-33.196,-33.196,0.0,0.0,-0.0,34.0
23.9797,1,fwd,90.0,12.2,5.618,5.4,5.4,16.0,0.0,0.0,34.0,-99.82,-100.0,-100.0,8.0,0.0,1.485,33.0,-8.819,90.0,-8.122,-32.0,1.0,4.467,33.0,-65.467,-65.0,-65.0,-24.0,0.0,-0.0,43.0,-95.017,-95.017,-95.017,0.0,0.0,0.0,33.0,-69.756,-70.244,-70.244,8.0,0.0,-0.0,34.0,-33.196,-33.196,-33.196,0.0,0.0,-0.0,34.0
24.033,1,fwd,90.0,12.2,5.618,5.4,5.4,16.0,0.0,0.0,34.0,-99.82,-100.0,-100.0,8.0,0.0,0.728,33.0,-8.677,90.0,-7.904,-32.0,1.0,3.315,33.0,-65.467,-65.0,-65.0,-24.0,0.0,-0.0,43.0,-95.017,-95.017,-95.017,0.0,0.0,0.0,33.0,-69.756,-70.244,-70.244,8.0,0.0,-0.0,34.0,-33.196,-33.196,-33.196,0.0,0.0,-0.0,34.0
24.0858,1,fwd,90.0,12.2,5.618,5.4,5.4,16.0,0.0,0.0,34.0,-99.82,-100.0,-100.0,8.0,0.0,0.357,33.0,-8.393,90.0,-7.691,-32.0,1.0,4.327,33.0,-65.467,-65.0,-65.0,-24.0,0.0,-0.0,43.0,-95.017,-95.017,-95.017,0.0,0.0,0.0,33.0,-69.756,-70.244,-70.244,8.0,0.0,-0.0,34.0,-33.196,-33.196,-33.196,0.0,0.0,-0.0,34.0
24.1381,1,fwd,90.0,12.2,5.618,5.4,5.4,16.0,0.0,0.0,34.0,-99.82,-100.0,-100.0,8.0,0.0,0.175,33.0,-8.25,90.0,-7.476,-32.0,1.0,3.239,33.0,-65.467,-65.0,-65.0,-24.0,0.0,-0.0,43.0,-95.017,-95.017,-95.017,0.0,0.0,0.0,33.0,-69.756,-70.244,-70.244,8.0,0.0,-0.0,34.0,-33.196,-33.196,-33.196,0.0,0.0,-0.0,34.0
24.1913,1,fwd,90.0,12.2,5.618,5.4,5.4,16.0,0.0,0.0,34.0,-99.82,-100.0,-100.0,8.0,0.0,0.086,33.0,-7.966,90.0,-7.26,-32.0,1.0,4.255,33.0,-65.467,-65.0,-65.0,-24.0,0.0,-0.0,43.0,-95.017,-95.017,-95.017,0.0,0.0,0.0,33.0,-69.756,-70.244,-70.244,8.0,0.0,-0.0,34.0,-33.196,-33.196,-33.196,0.0,0.0,-0.0,34.0
24.2446,1,fwd,90.0,12.2,5.618,5.4,5.4,16.0,0.0,0.0,34.0,-99.82,-100.0,-100.0,8.0,0.0,0.042,33.0,-7.824,90.0,-7.043,-32.0,1.0,3.659,33.0,-65.467,-65.0,-65.0,-24.0,0.0,-0.0,43.0,-95.017,-95.017,-95.017,0.0,0.0,0.0,33.0,-69.756,-70.244,-70.244,8.0,0.0,-0.0,34.0,-33.196,-33.196,-33.196,0.0,0.0,-0.0,34.0
24.298,1,fwd,90.0,12.2,5.618,5.4,5.4,16.0,0.0,0.0,34.0,-99.82,-100.0,-100.0,-4.0,0.0,0.029,33.0,-7.681,90.0,-6.935,-32.0,1.0,4.155,33.0,-65.467,-65.0,-65.0,-24.0,1.0,-0.0,43.0,-95.017,-95.017,-95.017,0.0,0.0,0.0,33.0,-69.756,-70.244,-70.244,8.0,0.0,-0.0,34.0,-33.196,-33.196,-33.196,0.0,0.0,-0.0,34.0
24.351,1,fwd,90.0,12.2,5.618,5.4,5.4,16.0,0.0,0.0,34.0,-100.0,-100.0,-100.0,-4.0,0.0,-0.646,33.0,-7.397,90.0,-6.596,-32.0,1.0,3.078,33.0,-65.467,-65.0,-65.0,-24.0,1.0,-0.0,43.0,-95.017,-95.017,-95.017,0.0,0.0,0.0,33.0,-69.756,-70.244,-70.244,8.0,0.0,-0.0,34.0,-33.196,-33.196,-33.196,0.0,0.0,-0.0,34.0
24.4034,1,fwd,90.0,12.2,5.618,5.4,5.4,16.0,0.0,0.0,34.0,-99.82,-100.0,-100.0,-4.0,0.0,1.085,33.0,-7.112,90.0,-6.379,-32.0,1.0,4.171,33.0,-65.467,-65.0,-65.0,-24.0,1.0,-0.0,43.0,-95.017,-95.017,-95.017,0.0,0.0,0.0,33.0,-69.756,-70.244,-70.244,8.0,0.0,-0.0,34.0,-33.196,-33.196,-33.196,0.0,0.0,-0.0,34.0
24.4566,1,fwd,90.0,12.2,5.618,5.4,5.4,16.0,0.0,0.0,34.0,-99.82,-100.0,-100.0,-4.0,0.0,0.532,33.0,-6.828,90.0,-6.165,-32.0,1.0,4.763,33.0,-65.467,-65.0,-65.0,-24.0,1.0,-0.0,43.0,-95.017,-95.017,-95.017,0.0,0.0,0.0,33.0,-69.756,-70.244,-70.244,8.0,0.0,-0.0,34.0,-33.196,-33.196,-33.196,0.0,0.0,-0.0,34.0
24.5107,1,fwd,90.0,12.2,5.618,5.4,5.4,16.0,0.0,0.0,34.0,-99.82,-100.0,-100.0,-4.0,0.0,0.261,33.0,-6.828,90.0,-5.95,-32.0,1.0,2.334,33.0,-65.467,-65.0,-65.0,-24.0,1.0,-0.0,43.0,-95.017,-95.017,-95.017,0.0,0.0,0.0,33.0,-69.756,-70.244,-70.244,8.0,0.0,-0.0,34.0,-33.196,-33.196,-33.196,0.0,0.0,-0.0,34.0
24.564,1,fwd,90.0,12.2,5.618,5.4,5.4,16.0,0.0,0.0,34.0,-99.82,-100.0,-100.0,-4.0,0.0,0.128,33.0,-6.401,90.0,-5.736,-32.0,1.0,4.978,33.0,-65.467,-65.0,-65.0,-24.0,1.0,-0.0,43.0,-95.017,-95.017,-95.017,0.0,0.0,0.0,33.0,-69.756,-70.244,-70.244,8.0,0.0,-0.0,34.0,-33.196,-33.196,-33.196,0.0,0.0,-0.0,34.0
24.6171,1,fwd,90.0,12.2,5.618,5.4,5.4,16.0,0.0,0.0,34.0,-99.82,-100.0,-100.0,-4.0,0.0,0.063,33.0,-6.259,90.0,-5.522,-32.0,1.0,4.023,33.0,-65.467,-65.0,-65.0,-24.0,1.0,-0.0,43.0,-95.017,-95.017,-95.017,0.0,0.0,0.0,33.0,-69.756,-70.244,-70.244,8.0,0.0,-0.0,34.0,-33.196,-33.196,-33.196,0.0,0.0,-0.0,34.0
24.6697,1,fwd,90.0,12.2,5.618,5.4,5.4,16.0,0.0,0.0,34.0,-99.82,-100.0,-100.0,-4.0,0.0,0.031,33.0,-5.974,90.0,-5.307,-32.0,1.0,4.677,33.0,-65.467,-65.0,-65.0,-24.0,1.0,-0.0,43.0,-95.017,-95.017,-95.017,0.0,0.0,0.0,33.0,-69.756,-70.244,-70.244,8.0,0.0,-0.0,34.0,-33.196,-33.196,-33.196,0.0,0.0,-0.0,34.0
24.7228,1,fwd,90.0,12.2,5.618,5.4,5.4,16.0,0.0,0.0,34.0,-99.82,-100.0,-100.0,-4.0,0.0,0.015,33.0,-5.832,90.0,-5.093,-32.0,1.0,3.881,33.0,-65.467,-65.0,-65.0,-24.0,1.0,-0.0,43.0,-95.017,-95.017,-95.017,0.0,0.0,0.0,33.0,-69.756,-70.244,-70.244,8.0,0.0,-0.0,34.0,-33.196,-33.196,-33.196,0.0,0.0,-0.0,34.0
24.776,1,fwd,90.0,12.2,5.618,5.4,5.4,16.0,0.0,0.0,34.0,-99.82,-100.0,-100.0,-4.0,0.0,0.011,33.0,-5.69,90.0,-4.876,-32.0,1.0,4.266,33.0,-65.467,-65.0,-65.0,-24.0,1.0,-0.0,43.0,-95.017,-95.017,-95.017,0.0,0.0,0.0,33.0,-69.756,-70.244,-70.244,8.0,0.0,-0.0,34.0,-33.196,-33.196,-33.196,0.0,0.0,-0.0,34.0
24.8293,1,fwd,90.0,12.2,5.618,5.4,5.4,16.0,0.0,0.0,34.0,-99.82,-100.0,-100.0,-4.0,0.0,0.005,33.0,-5.548,90.0,-4.651,-32.0,1.0,3.097,33.0,-65.467,-65.0,-65.0,-24.0,1.0,-0.0,43.0,-95.017,-95.017,-95.017,0.0,0.0,0.0,33.0,-69.756,-70.244,-70.244,8.0,0.0,-0.0,34.0,-33.196,-33.196,-33.196,0.0,0.0,-0.0,34.0
24.8828,1,fwd,90.0,12.2,5.618,5.4,5.4,16.0,0.0,0.0,34.0,-99.82,-100.0,-100.0,8.0,0.0,0.004,33.0,-5.405,90.0,-4.651,-32.0,2.0,3.62,33.0,-65.467,-65.0,-65.0,-24.0,1.0,-0.0,43.0,-95.017,-95.017,-95.017,0.0,0.0,0.0,33.0,-69.756,-70.244,-70.244,8.0,0.0,-0.0,34.0,-33.196,-33.196,-33.196,0.0,0.0,-0.0,34.0
24.9357,1,fwd,90.0,12.2,5.618,5.4,5.4,16.0,0.0,0.0,34.0,-99.82,-100.0,-100.0,8.0,0.0,0.002,33.0,-5.121,90.0,-4.304,-32.0,2.0,2.816,33.0,-65.467,-65.0,-65.0,-24.0,1.0,-0.0,43.0,-95.017,-95.017,-95.017,0.0,0.0,0.0,33.0,-69.756,-70.244,-70.244,8.0,0.0,-0.0,34.0,-33.196,-33.196,-33.196,0.0,0.0,-0.0,34.0
24.9883,1,fwd,90.0,12.2,5.618,5.4,5.4,16.0,0.0,0.0,34.0,-99.82,-100.0,-100.0,8.0,0.0,0.001,33.0,-4.836,90.0,-4.09,-32.0,2.0,4.093,33.0,-65.467,-65.0,-65.0,-24.0,1.0,-0.0,43.0,-95.017,-95.017,-95.017,0.0,0.0,0.0,33.0,-69.756,-70.244,-70.244,8.0,0.0,-0.0,34.0,-33.196,-33.196,-33.196,0.0,0.0,-0.0,34.0
25.0414,1,fwd,90.0,12.2,5.618,5.4,5.4,16.0,0.0,0.0,34.0,-99.82,-100.0,-100.0,8.0,0.0,0.0,33.0,-4.552,90.0,-3.876,-32.0,2.0,4.726,33.0,-65.467,-65.0,-65.0,-24.0,1.0,-0.0,43.0,-95.017,-95.017,-95.017,0.0,0.0,0.0,33.0,-69.756,-70.244,-70.244,8.0,0.0,-0.0,34.0,-33.196,-33.196,-33.196,0.0,0.0,-0.0,34.0
25.0945,1,fwd,90.0,12.2,5.618,5.4,5.4,16.0,0.0,0.0,34.0,-99.82,-100.0,-100.0,8.0,0.0,0.0,33.0,-4.41,90.0,-3.663,-32.0,2.0,3.438,33.0,-65.467,-65.0,-65.0,-24.0,1.0,-0.0,43.0,-95.017,-95.017,-95.017,0.0,0.0,0.0,33.0,-69.756,-70.244,-70.244,8.0,0.0,-0.0,34.0,-33.196,-33.196,-33.196,0.0,0.0,-0.0,34.0
25.1463,1,fwd,90.0,12.2,5.618,5.4,5.4,16.0,0.0,0.0,34.0,-99.82,-100.0,-100.0,8.0,0.0,0.0,33.0,-4.125,90.0,-3.451,-32.0,2.0,4.396,33.0,-65.467,-65.0,-65.0,-24.0,1.0,-0.0,43.0,-95.017,-95.017,-95.017,0.0,0.0,0.0,33.0,-69.756,-70.244,-70.244,8.0,0.0,-0.0,34.0,-33.196,-33.196,-33.196,0.0,0.0,-0.0,34.0
25.1989,1,fwd,90.0,12.2,5.618,5.4,5.4,16.0,0.0,0.0,34.0,-99.82,-100.0,-100.0,8.0,0.0,0.0,33.0,-3.983,90.0,-3.236,-32.0,2.0,3.742,33.0,-65.467,-65.0,-65.0,-24.0,1.0,-0.0,43.0,-95.017,-95.017,-95.017,0.0,0.0,0.0,33.0,-69.756,-70.244,-70.244,8.0,0.0,-0.0,34.0,-33.196,-33.196,-33.196,0.0,0.0,-0.0,34.0
25.2512,1,fwd,90.0,12.2,5.618,5.4,5.4,16.0,0.0,0.0,34.0,-99.82,-100.0,-100.0,8.0,0.0,0.0,33.0,-3.698,90.0,-3.022,-32.0,2.0,4.534,33.0,-65.467,-65.0,-65.0,-24.0,1.0,-0.0,43.0,-95.017,-95.017,-95.017,0.0,0.0,0.0,33.0,-69.756,-70.244,-70.244,8.0,0.0,-0.0,34.0,-33.196,-33.196,-33.196,0.0,0.0,-0.0,34.0
25.3046,1,fwd,90.0,12.2,5.618,5.4,5.4,16.0,0.0,0.0,34.0,-99.82,-100.0,-100.0,8.0,0.0,0.0,33.0,-3.556,90.0,-2.805,-32.0,2.0,3.324,33.0,-65.467,-65.0,-65.0,-24.0,1.0,-0.0,43.0,-95.017,-95.017,-95.017,0.0,0.0,0.0,33.0,-69.756,-70.244,-70.244,8.0,0.0,-0.0,34.0,-33.196,-33.196,-33.196,0.0,0.0,-0.0,34.0
25.3582,1,fwd,90.0,12.2,5.618,5.4,5.4,16.0,0.0,0.0,34.0,-99.82,-100.0,-100.0,8.0,0.0,0.0,33.0,-3.272,90.0,-2.59,-32.0,2.0,4.296,33.0,-65.467,-65.0,-65.0,-24.0,1.0,-0.0,43.0,-95.017,-95.017,-95.017,0.0,0.0,0.0,33.0,-69.756,-70.244,-70.244,8.0,0.0,-0.0,34.0,-33.196,-33.196,-33.196,0.0,0.0,-0.0,34.0
25.4115,1,fwd,90.0,12.2,5.618,5.4,5.4,16.0,0.0,0.0,34.0,-99.82,-100.0,-100.0,8.0,0.0,0.0,33.0,-2.987,90.0,-2.371,-32.0,2.0,4.767,33.0,-65.467,-65.0,-65.0,-24.0,1.0,-0.0,43.0,-95.017,-95.017,-95.017,0.0,0.0,0.0,33.0,-69.756,-70.244,-70.244,8.0,0.0,-0.0,34.0,-33.196,-33.196,-33.196,0.0,0.0,-0.0,34.0
25.465,1,fwd,90.0,12.2,5.618,5.4,5.4,16.0,0.0,0.0,34.0,-99.82,-100.0,-100.0,8.0,0.0,0.0,33.0,-2.845,90.0,-2.131,-24.0,0.0,4.052,33.0,-65.467,-65.0,-65.0,-24.0,0.0,-0.0,43.0,-95.017,-95.017,-95.017,0.0,0.0,0.0,33.0,-69.756,-70.244,-70.244,8.0,0.0,-0.0,34.0,-33.196,-33.196,-33.196,0.0,0.0,-0.0,34.0
25.5188,1,fwd,90.0,12.2,5.618,5.4,5.4,16.0,0.0,0.0,34.0,-99.82,-100.0,-100.0,8.0,0.0,0.0,33.0,-2.703,90.0,-1.92,-24.0,0.0,3.578,33.0,-65.467,-65.0,-65.0,-24.0,0.0,-0.0,43.0,-95.017,-95.017,-95.017,0.0,0.0,0.0,33.0,-69.756,-70.244,-70.244,8.0,0.0,-0.0,34.0,-33.196,-33.196,-33.196,0.0,0.0,-0.0,34.0
25.572,1,fwd,90.0,12.2,5.618,5.4,5.4,16.0,0.0,0.0,34.0,-99.82,-100.0,-100.0,8.0,0.0,0.0,33.0,-2.418,90.0,-1.704,-24.0,0.0,4.466,33.0,-65.467,-65.0,-65.0,-24.0,0.0,-0.0,43.0,-95.017,-95.017,-95.017,0.0,0.0,0.0,33.0,-69.756,-70.244,-70.244,8.0,0.0,-0.0,34.0,-33.196,-33.196,-33.196,0.0,0.0,-0.0,34.0
25.6252,1,fwd,90.0,12.2,5.618,5.4,5.4,16.0,0.0,0.0,34.0,-99.82,-100.0,-100.0,8.0,0.0,0.0,33.0,-2.134,90.0,-1.491,-24.0,0.0,4.916,33.0,-65.467,-65.0,-65.0,-24.0,0.0,-0.0,43.0,-95.017,-95.017,-95.017,0.0,0.0,0.0,33.0,-69.756,-70.244,-70.244,8.0,0.0,-0.0,34.0,-33.196,-33.196,-33.196,0.0,0.0,-0.0,34.0
25.6782,1,fwd,90.0,12.2,5.618,5.4,5.4,16.0,0.0,0.0,34.0,-99.82,-100.0,-100.0,8.0,0.0,0.0,33.0,-1.991,90.0,-1.277,-24.0,0.0,4.009,33.0,-65.467,-65.0,-65.0,-24.0,0.0,-0.0,43.0,-95.017,-95.017,-95.017,0.0,0.0,0.0,33.0,-69.756,-70.244,-70.244,8.0,0.0,-0.0,34.0,-33.196,-33.196,-33.196,0.0,0.0,-0.0,34.0
25.7316,1,fwd,90.0,12.2,5.618,5.4,5.4,16.0,0.0,0.0,34.0,-99.82,-100.0,-100.0,8.0,0.0,0.0,33.0,-1.707,90.0,-1.062,-24.0,0.0,4.648,33.0,-65.467,-65.0,-65.0,-24.0,0.0,-0.0,43.0,-95.017,-95.017,-95.017,0.0,0.0,0.0,33.0,-69.756,-70.244,-70.244,8.0,0.0,-0.0,34.0,-33.196,-33.196,-33.196,0.0,0.0,-0.0,34.0
25.785,1,fwd,90.0,12.2,5.618,5.4,5.4,16.0,0.0,0.0,34.0,-99.82,-100.0,-100.0,8.0,0.0,0.0,33.0,-1.565,90.0,-0.846,-24.0,0.0,3.865,33.0,-65.467,-65.0,-65.0,-24.0,0.0,-0.0,43.0,-95.017,-95.017,-95.017,0.0,0.0,0.0,33.0,-69.756,-70.244,-70.244,8.0,0.0,-0.0,34.0,-33.196,-33.196,-33.196,0.0,0.0,-0.0,34.0
25.8373,1,fwd,90.0,12.2,5.618,5.4,5.4,16.0,0.0,0.0,34.0,-99.82,-100.0,-100.0,8.0,0.0,0.0,33.0,-1.422,90.0,-0.63,-24.0,0.0,4.275,33.0,-65.467,-65.0,-65.0,-24.0,0.0,-0.0,43.0,-95.017,-95.017,-95.017,0.0,0.0,0.0,33.0,-69.756,-70.244,-70.244,8.0,0.0,-0.0,34.0,-33.196,-33.196,-33.196,0.0,0.0,-0.0,34.0
25.8911,1,fwd,90.0,12.2,5.618,5.4,5.4,16.0,0.0,0.0,34.0,-99.82,-100.0,-100.0,8.0,0.0,0.0,33.0,-1.28,90.0,-0.403,-24.0,0.0,3.088,33.0,-65.467,-65.0,-65.0,-24.0,0.0,-0.0,43.0,-95.017,-95.017,-95.017,0.0,0.0,0.0,33.0,-69.756,-70.244,-70.244,8.0,0.0,-0.0,34.0,-33.196,-33.196,-33.196,0.0,0.0,-0.0,34.0
25.9446,1,fwd,90.0,12.2,5.618,5.4,5.4,16.0,0.0,0.0,34.0,-99.82,-100.0,-100.0,8.0,0.0,0.0,33.0,-0.996,90.0,-0.286,-24.0,0.0,4.13,33.0,-65.467,-65.0,-65.0,-24.0,0.0,-0.0,43.0,-95.017,-95.017,-95.017,0.0,0.0,0.0,33.0,-69.756,-70.244,-70.244,8.0,0.0,-0.0,34.0,-33.196,-33.196,-33.196,0.0,0.0,-0.0,34.0
25.9982,1,fwd,90.0,12.2,5.618,5.4,5.4,16.0,0.0,0.0,34.0,-99.82,-100.0,-100.0,8.0,0.0,0.0,33.0,-0.853,90.0,-0.06,-24.0,0.0,3.026,33.0,-65.467,-65.0,-65.0,-24.0,0.0,-0.0,43.0,-95.017,-95.017,-95.017,0.0,0.0,0.0,33.0,-69.756,-70.244,-70.244,8.0,0.0,-0.0,34.0,-33.196,-33.196,-33.196,0.0,0.0,-0.0,34.0
26.0503,1,fwd,90.0,12.2,5.618,5.4,5.4,16.0,0.0,0.0,34.0,-99.82,-100.0,-100.0,8.0,0.0,0.0,33.0,-0.569,90.0,0.179,-24.0,1.0,3.548,33.0,-65.467,-65.0,-65.0,-24.0,0.0,-0.0,43.0,-95.017,-95.017,-95.017,0.0,0.0,0.0,33.0,-69.756,-70.244,-70.244,8.0,1.0,-0.0,34.0,-33.196,-33.196,-33.196,0.0,0.0,-0.0,34.0
26.1024,1,fwd,90.0,12.2,5.618,5.4,5.4,16.0,0.0,0.0,34.0,-99.82,-100.0,-100.0,8.0,0.0,0.0,33.0,-0.427,90.0,0.394,-24.0,1.0,3.334,33.0,-65.467,-65.0,-65.0,-24.0,0.0,-0.0,43.0,-95.017,-95.017,-95.017,0.0,0.0,0.0,33.0,-69.756,-70.244,-70.244,8.0,1.0,-0.0,34.0,-33.196,-33.196,-33.196,0.0,0.0,-0.0,34.0
26.1544,1,fwd,90.0,12.2,5.618,5.4,5.4,16.0,0.0,0.0,34.0,-99.82,-100.0,-100.0,8.0,0.0,0.0,33.0,-0.142,90.0,0.608,-24.0,1.0,3.878,33.0,-65.467,-65.0,-65.0,-24.0,0.0,-0.0,43.0,-95.017,-95.017,-95.017,0.0,0.0,0.0,33.0,-69.756,-70.244,-70.244,8.0,1.0,-0.0,34.0,-33.196,-33.196,-33.196,0.0,0.0,-0.0,34.0
26.2065,1,fwd,90.0,12.2,5.618,5.4,5.4,16.0,0.0,0.0,34.0,-99.82,-100.0,-100.0,8.0,0.0,0.0,33.0,0.142,90.0,0.824,-24.0,1.0,4.125,33.0,-65.467,-65.0,-65.0,-24.0,0.0,-0.0,43.0,-95.017,-95.017,-95.017,0.0,0.0,0.0,33.0,-69.756,-70.244,-70.244,8.0,1.0,-0.0,34.0,-33.196,-33.196,-33.196,0.0,0.0,-0.0,34.0
26.2599,1,fwd,90.0,12.2,5.618,5.4,5.4,16.0,0.0,0.0,34.0,-99.82,-100.0,-100.0,8.0,0.0,0.0,33.0,0.427,90.0,1.041,-24.0,1.0,4.728,33.0,-65.467,-65.0,-65.0,-24.0,0.0,-0.0,43.0,-95.017,-95.017,-95.017,0.0,0.0,0.0,33.0,-69.756,-70.244,-70.244,8.0,1.0,-0.0,34.0,-33.196,-33.196,-33.196,0.0,0.0,-0.0,34.0
26.3132,1,fwd,90.0,12.2,5.618,5.4,5.4,16.0,0.0,0.0,34.0,-100.0,-100.0,-100.0,8.0,0.0,-2.012,33.0,0.569,90.0,1.256,-24.0,1.0,3.905,33.0,-65.467,-65.0,-65.0,-24.0,0.0,-0.0,43.0,-95.017,-95.017,-95.017,0.0,0.0,0.0,33.0,-69.756,-70.244,-70.244,8.0,1.0,-0.0,34.0,-33.196,-33.196,-33.196,0.0,0.0,-0.0,34.0
26.3666,1,fwd,90.0,12.2,5.618,5.4,5.4,16.0,0.0,0.0,34.0,-100.0,-100.0,-100.0,8.0,0.0,-0.986,33.0,0.853,90.0,1.472,-24.0,1.0,4.592,33.0,-65.467,-65.0,-65.0,-24.0,0.0,-0.0,43.0,-95.017,-95.017,-95.017,0.0,0.0,0.0,33.0,-69.756,-70.244,-70.244,8.0,1.0,-0.0,34.0,-33.196,-33.196,-33.196,0.0,0.0,-0.0,34.0
26.42,1,fwd,90.0,12.2,5.618,5.4,5.4,16.0,0.0,0.0,34.0,-99.82,-100.0,-100.0,8.0,0.0,0.909,33.0,0.996,90.0,1.689,-24.0,1.0,3.853,33.0,-65.467,-65.0,-65.0,-24.0,0.0,-0.0,43.0,-95.017,-95.017,-95.017,0.0,0.0,0.0,33.0,-69.756,-70.244,-70.244,8.0,1.0,-0.0,34.0,-33.196,-33.196,-33.196,0.0,0.0,-0.0,34.0
26.4725,1,fwd,90.0,12.2,5.618,5.4,5.4,16.0,0.0,0.0,34.0,-99.82,-100.0,-100.0,8.0,0.0,0.445,33.0,1.138,90.0,1.902,-24.0,1.0,3.004,33.0,-65.467,-65.0,-65.0,-24.0,0.0,-0.0,43.0,-95.017,-95.017,-95.017,0.0,0.0,0.0,33.0,-69.756,-70.244,-70.244,8.0,1.0,-0.0,34.0,-33.196,-33.196,-33.196,0.0,0.0,-0.0,34.0
26.5266,1,fwd,90.0,12.2,5.618,5.4,5.4,16.0,0.0,0.0,34.0,-99.82,-100.0,-100.0,8.0,0.0,0.218,33.0,1.422,90.0,2.117,-24.0,1.0,4.21,33.0,-65.467,-65.0,-65.0,-24.0,0.0,-0.0,43.0,-95.017,-95.017,-95.017,0.0,0.0,0.0,33.0,-69.756,-70.244,-70.244,8.0,1.0,-0.0,34.0,-33.196,-33.196,-33.196,0.0,0.0,-0.0,34.0
26.5798,1,fwd,90.0,12.2,5.618,5.4,5.4,16.0,0.0,0.0,34.0,-99.82,-100.0,-100.0,8.0,0.0,0.153,33.0,1.565,90.0,2.223,-24.0,1.0,4.532,33.0,-65.467,-65.0,-65.0,-24.0,0.0,-0.0,43.0,-95.017,-95.017,-95.017,0.0,0.0,0.0,33.0,-69.756,-70.244,-70.244,8.0,1.0,-0.0,34.0,-33.196,-33.196,-33.196,0.0,0.0,-0.0,34.0
26.633,1,fwd,90.0,12.2,5.618,5.4,5.4,16.0,0.0,0.0,34.0,-99.82,-100.0,-100.0,8.0,0.0,0.107,33.0,1.707,90.0,2.573,-24.0,0.0,3.878,33.0,-65.467,-65.0,-65.0,-24.0,1.0,-0.0,43.0,-95.017,-95.017,-95.017,0.0,0.0,0.0,33.0,-69.756,-70.244,-70.244,8.0,0.0,-0.0,34.0,-33.196,-33.196,-33.196,0.0,0.0,-0.0,34.0
26.6864,1,fwd,90.0,12.2,5.618,5.4,5.4,16.0,0.0,0.0,34.0,-99.82,-100.0,-100.0,8.0,0.0,0.052,33.0,1.849,90.0,2.682,-24.0,0.0,2.991,33.0,-65.467,-65.0,-65.0,-24.0,1.0,-0.0,43.0,-95.017,-95.017,-95.017,0.0,0.0,0.0,33.0,-69.756,-70.244,-70.244,8.0,0.0,-0.0,34.0,-33.196,-33.196,-33.196,0.0,0.0,-0.0,34.0
26.7398,1,fwd,90.0,12.2,5.618,5.4,5.4,16.0,0.0,0.0,34.0,-99.82,-100.0,-100.0,8.0,0.0,0.026,33.0,2.134,90.0,2.907,-24.0,0.0,3.505,33.0,-65.467,-65.0,-65.0,-24.0,1.0,-0.0,43.0,-95.017,-95.017,-95.017,0.0,0.0,0.0,33.0,-69.756,-70.244,-70.244,8.0,0.0,-0.0,34.0,-33.196,-33.196,-33.196,0.0,0.0,-0.0,34.0
26.7928,1,fwd,90.0,12.2,5.618,5.4,5.4,16.0,0.0,0.0,34.0,-99.82,-100.0,-100.0,8.0,0.0,0.013,33.0,2.418,90.0,3.122,-24.0,0.0,4.406,33.0,-65.467,-65.0,-65.0,-24.0,1.0,-0.0,43.0,-95.017,-95.017,-95.017,0.0,0.0,0.0,33.0,-69.756,-70.244,-70.244,8.0,0.0,-0.0,34.0,-33.196,-33.196,-33.196,0.0,0.0,-0.0,34.0
26.8462,1,fwd,90.0,12.2,5.618,5.4,5.4,16.0,0.0,0.0,34.0,-99.82,-100.0,-100.0,8.0,0.0,0.006,33.0,2.703,90.0,3.34,-24.0,0.0,4.819,33.0,-65.467,-65.0,-65.0,-24.0,1.0,-0.0,43.0,-95.017,-95.017,-95.017,0.0,0.0,0.0,33.0,-69.756,-70.244,-70.244,8.0,0.0,-0.0,34.0,-33.196,-33.196,-33.196,0.0,0.0,-0.0,34.0
26.8996,1,fwd,90.0,12.2,5.618,5.4,5.4,16.0,0.0,0.0,34.0,-99.82,-100.0,-100.0,8.0,0.0,0.003,33.0,2.845,90.0,3.555,-24.0,0.0,3.95,33.0,-65.467,-65.0,-65.0,-24.0,1.0,-0.0,43.0,-95.017,-95.017,-95.017,0.0,0.0,0.0,33.0,-69.756,-70.244,-70.244,8.0,0.0,-0.0,34.0,-33.196,-33.196,-33.196,0.0,0.0,-0.0,34.0
26.9526,1,fwd,90.0,12.2,5.618,5.4,5.4,16.0,0.0,0.0,34.0,-99.82,-100.0,-100.0,8.0,0.0,0.001,33.0,3.129,90.0,3.772,-24.0,0.0,4.605,33.0,-65.467,-65.0,-65.0,-24.0,1.0,-0.0,43.0,-95.017,-95.017,-95.017,0.0,0.0,0.0,33.0,-69.756,-70.244,-70.244,8.0,0.0,-0.0,34.0,-33.196,-33.196,-33.196,0.0,0.0,-0.0,34.0
27.006,1,fwd,90.0,12.2,5.618,5.4,5.4,16.0,0.0,0.0,34.0,-99.82,-100.0,-100.0,8.0,0.0,0.001,33.0,3.272,90.0,3.987,-24.0,0.0,3.842,33.0,-65.467,-65.0,-65.0,-24.0,1.0,-0.0,43.0,-95.017,-95.017,-95.017,0.0,0.0,0.0,33.0,-69.756,-70.244,-70.244,8.0,0.0,-0.0,34.0,-33.196,-33.196,-33.196,0.0,0.0,-0.0,34.0
27.059,1,fwd,90.0,12.2,5.618,5.4,5.4,16.0,0.0,0.0,34.0,-99.82,-100.0,-100.0,8.0,0.0,0.0,33.0,3.556,90.0,4.201,-24.0,0.0,4.577,33.0,-65.467,-65.0,-65.0,-24.0,1.0,-0.0,43.0,-95.017,-95.017,-95.017,0.0,0.0,0.0,33.0,-69.756,-70.244,-70.244,8.0,0.0,-0.0,34.0,-33.196,-33.196,-33.196,0.0,0.0,-0.0,34.0
27.1117,1,fwd,90.0,12.2,5.618,5.4,5.4,16.0,0.0,0.0,34.0,-99.82,-100.0,-100.0,8.0,0.0,0.0,33.0,3.698,90.0,4.416,-24.0,0.0,3.363,33.0,-65.467,-65.0,-65.0,-24.0,1.0,-0.0,43.0,-95.017,-95.017,-95.017,0.0,0.0,0.0,33.0,-69.756,-70.244,-70.244,8.0,0.0,-0.0,34.0,-33.196,-33.196,-33.196,0.0,0.0,-0.0,34.0
27.165,1,fwd,90.0,12.2,5.618,5.4,5.4,16.0,0.0,0.0,34.0,-99.82,-100.0,-100.0,8.0,0.0,0.0,33.0,3.841,90.0,4.524,-20.0,0.0,3.942,33.0,-65.467,-65.0,-65.0,-24.0,1.0,-0.0,43.0,-95.017,-95.017,-95.017,0.0,0.0,0.0,33.0,-69.756,-70.244,-70.244,8.0,0.0,-0.0,34.0,-33.196,-33.196,-33.196,0.0,0.0,-0.0,34.0
27.2173,1,fwd,90.0,12.2,5.618,5.4,5.4,16.0,0.0,0.0,34.0,-99.82,-100.0,-100.0,8.0,0.0,0.0,33.0,4.125,90.0,4.864,-20.0,0.0,2.956,33.0,-65.467,-65.0,-65.0,-24.0,1.0,-0.0,43.0,-95.017,-95.017,-95.017,0.0,0.0,0.0,33.0,-69.756,-70.244,-70.244,8.0,0.0,-0.0,34.0,-33.196,-33.196,-33.196,0.0,0.0,-0.0,34.0
27.2695,1,fwd,90.0,12.2,5.618,5.4,5.4,16.0,0.0,0.0,34.0,-99.82,-100.0,-100.0,8.0,0.0,0.0,33.0,4.41,90.0,5.08,-20.0,0.0,4.588,33.0,-65.467,-65.0,-65.0,-24.0,1.0,-0.0,43.0,-95.017,-95.017,-95.017,0.0,0.0,0.0,33.0,-69.756,-70.244,-70.244,8.0,0.0,-0.0,34.0,-33.196,-33.196,-33.196,0.0,0.0,-0.0,34.0
27.3227,1,fwd,90.0,12.2,5.618,5.4,5.4,16.0,0.0,0.0,34.0,-99.82,-100.0,-100.0,8.0,0.0,0.0,33.0,4.552,90.0,5.297,-20.0,0.0,3.355,33.0,-65.467,-65.0,-65.0,-24.0,1.0,-0.0,43.0,-95.017,-95.017,-95.017,0.0,0.0,0.0,33.0,-69.756,-70.244,-70.244,8.0,0.0,-0.0,34.0,-33.196,-33.196,-33.196,0.0,0.0,-0.0,34.0
27.3754,1,fwd,90.0,12.2,5.618,5.4,5.4,16.0,0.0,0.0,34.0,-99.82,-100.0,-100.0,8.0,0.0,0.0,33.0,4.836,90.0,5.511,-20.0,0.0,4.332,33.0,-65.467,-65.0,-65.0,-24.0,1.0,-0.0,43.0,-95.017,-95.017,-95.017,0.0,0.0,0.0,33.0,-69.756,-70.244,-70.244,8.0,0.0,-0.0,34.0,-33.196,-33.196,-33.196,0.0,0.0,-0.0,34.0
27.4286,1,fwd,90.0,12.2,5.618,5.4,5.4,16.0,0.0,0.0,34.0,-99.82,-100.0,-100.0,8.0,0.0,0.0,33.0,4.979,90.0,5.728,-20.0,0.0,3.226,33.0,-65.467,-65.0,-65.0,-24.0,1.0,-0.0,43.0,-95.017,-95.017,-95.017,0.0,0.0,0.0,33.0,-69.756,-70.244,-70.244,8.0,0.0,-0.0,34.0,-33.196,-33.196,-33.196,0.0,0.0,-0.0,34.0
27.4821,1,fwd,90.0,12.2,5.618,5.4,5.4,16.0,0.0,0.0,34.0,-99.82,-100.0,-100.0,8.0,0.0,0.0,33.0,5.121,90.0,5.944,-20.0,0.0,3.815,33.0,-65.467,-65.0,-65.0,-24.0,1.0,-0.0,43.0,-95.017,-95.017,-95.017,0.0,0.0,0.0,33.0,-69.756,-70.244,-70.244,8.0,0.0,-0.0,34.0,-33.196,-33.196,-33.196,0.0,0.0,-0.0,34.0
27.5361,1,fwd,90.0,12.2,5.618,5.4,5.4,16.0,0.0,0.0,34.0,-99.82,-100.0,-100.0,8.0,0.0,0.0,33.0,5.405,90.0,6.159,-20.0,0.0,3.202,33.0,-65.467,-65.0,-65.0,-24.0,1.0,-0.0,43.0,-95.017,-95.017,-95.017,0.0,0.0,0.0,33.0,-69.756,-70.244,-70.244,8.0,0.0,-0.0,34.0,-33.196,-33.196,-33.196,0.0,0.0,-0.0,34.0
27.5895,1,fwd,90.0,12.2,5.618,5.4,5.4,16.0,0.0,0.0,34.0,-99.82,-100.0,-100.0,8.0,0.0,0.0,33.0,5.69,90.0,6.372,-20.0,0.0,4.308,33.0,-65.467,-65.0,-65.0,-24.0,1.0,-0.0,43.0,-95.017,-95.017,-95.017,0.0,0.0,0.0,33.0,-69.756,-70.244,-70.244,8.0,0.0,-0.0,34.0,-32.99,-33.196,-33.196,0.0,0.0,2.339,34.0
27.6425,1,fwd,90.0,12.2,5.618,5.4,5.4,16.0,0.0,0.0,34.0,-99.82,-100.0,-100.0,8.0,0.0,0.0,33.0,5.974,90.0,6.585,-20.0,0.0,4.818,33.0,-65.467,-65.0,-65.0,-24.0,1.0,-0.0,43.0,-95.017,-95.017,-95.017,0.0,0.0,0.0,33.0,-69.756,-70.244,-70.244,8.0,0.0,-0.0,34.0,-32.99,-33.196,-33.196,0.0,0.0,1.146,34.0
27.6953,1,fwd,90.0,12.2,5.618,5.4,5.4,16.0,0.0,0.0,34.0,-99.82,-100.0,-100.0,8.0,0.0,0.0,33.0,5.974,90.0,6.8,-20.0,0.0,3.373,33.0,-65.467,-65.0,-65.0,-24.0,1.0,-0.0,43.0,-95.017,-95.017,-95.017,0.0,0.0,0.0,33.0,-69.756,-70.244,-70.244,8.0,0.0,-0.0,34.0,-32.99,-33.196,-33.196,0.0,0.0,0.802,34.0
27.7489,1,fwd,90.0,12.2,5.618,5.4,5.4,16.0,0.0,0.0,34.0,-99.82,-100.0,-100.0,8.0,0.0,0.0,33.0,6.117,90.0,6.8,-24.0,1.0,3.787,33.0,-65.467,-65.0,-65.0,-24.0,1.0,-0.0,43.0,-95.017,-95.017,-95.017,0.0,0.0,0.0,33.0,-69.756,-70.244,-70.244,8.0,0.0,-0.0,34.0,-32.99,-33.196,-33.196,8.0,0.0,0.562,34.0
27.8028,1,fwd,90.0,12.2,5.618,5.4,5.4,16.0,0.0,0.0,34.0,-99.82,-100.0,-100.0,8.0,0.0,0.0,33.0,6.401,90.0,7.16,-24.0,1.0,2.85,33.0,-65.467,-65.0,-65.0,-24.0,1.0,-0.0,43.0,-95.017,-95.017,-95.017,0.0,0.0,0.0,33.0,-69.756,-70.244,-70.244,8.0,0.0,-0.0,34.0,-32.99,-33.196,-33.196,8.0,0.0,0.275,34.0
27.8552,1,fwd,90.0,12.2,5.618,5.4,5.4,16.0,0.0,0.0,34.0,-99.82,-100.0,-100.0,8.0,0.0,0.0,33.0,6.686,90.0,7.374,-24.0,1.0,4.579,33.0,-65.467,-65.0,-65.0,-24.0,1.0,-0.0,43.0,-95.017,-95.017,-95.017,0.0,0.0,0.0,33.0,-69.756,-70.244,-70.244,8.0,0.0,-0.0,34.0,-33.196,-33.196,-33.196,8.0,0.0,-2.172,34.0
27.9075,1,fwd,90.0,12.2,5.618,5.4,5.4,16.0,0.0,0.0,34.0,-99.82,-100.0,-100.0,8.0,0.0,0.0,33.0,6.97,90.0,7.589,-24.0,1.0,4.957,33.0,-65.467,-65.0,-65.0,-24.0,1.0,-0.0,43.0,-95.017,-95.017,-95.017,0.0,0.0,0.0,33.0,-69.756,-70.244,-70.244,8.0,0.0,-0.0,34.0,-33.196,-33.196,-33.196,8.0,0.0,-1.064,34.0
27.9605,1,fwd,90.0,12.2,5.618,5.4,5.4,16.0,0.0,0.0,34.0,-99.82,-100.0,-100.0,8.0,0.0,0.0,33.0,7.112,90.0,7.806,-24.0,1.0,4.022,33.0,-65.467,-65.0,-65.0,-24.0,1.0,-0.0,43.0,-95.017,-95.017,-95.017,0.0,0.0,0.0,33.0,-69.756,-70.244,-70.244,8.0,0.0,-0.0,34.0,-33.196,-33.196,-33.196,8.0,0.0,-0.521,34.0
28.0137,1,fwd,90.0,12.2,5.618,5.4,5.4,16.0,0.0,0.0,34.0,-99.82,-100.0,-100.0,8.0,0.0,0.0,33.0,7.397,90.0,8.022,-24.0,1.0,4.191,33.0,-65.467,-65.0,-65.0,-24.0,1.0,-0.0,43.0,-95.017,-95.017,-95.017,0.0,0.0,0.0,33.0,-69.756,-70.244,-70.244,8.0,0.0,-0.0,34.0,-33.196,-33.196,-33.196,8.0,0.0,-0.255,34.0
28.0663,1,fwd,90.0,12.2,5.618,5.4,5.4,16.0,0.0,0.0,34.0,-99.82,-100.0,-100.0,8.0,0.0,0.0,33.0,7.539,90.0,8.242,-24.0,1.0,3.634,33.0,-65.467,-65.0,-65.0,-24.0,1.0,-0.0,43.0,-95.017,-95.017,-95.017,0.0,0.0,0.0,33.0,-69.756,-70.244,-70.244,8.0,0.0,-0.0,34.0,-33.196,-33.196,-33.196,8.0,0.0,-0.125,34.0
28.1197,1,fwd,90.0,12.2,5.618,5.4,5.4,16.0,0.0,0.0,34.0,-99.82,-100.0,-100.0,8.0,0.0,0.0,33.0,7.824,90.0,8.458,-24.0,1.0,4.47,33.0,-65.467,-65.0,-65.0,-24.0,1.0,-0.0,43.0,-95.017,-95.017,-95.017,0.0,0.0,0.0,33.0,-69.756,-70.244,-70.244,8.0,0.0,-0.0,34.0,-33.196,-33.196,-33.196,8.0,0.0,-0.061,34.0
28.173,1,fwd,90.0,12.2,5.618,5.4,5.4,16.0,0.0,0.0,34.0,-99.82,-100.0,-100.0,8.0,0.0,0.0,33.0,7.966,90.0,8.674,-24.0,1.0,3.75,33.0,-65.467,-65.0,-65.0,-24.0,1.0,-0.0,43.0,-95.017,-95.017,-95.017,0.0,0.0,0.0,33.0,-69.756,-70.244,-70.244,8.0,0.0,-0.0,34.0,-33.196,-33.196,-33.196,8.0,0.0,-0.03,34.0
28.2262,1,fwd,90.0,12.2,5.618,5.4,5.4,16.0,0.0,0.0,34.0,-99.82,-100.0,-100.0,8.0,0.0,0.0,33.0,8.25,90.0,8.889,-24.0,1.0,4.557,33.0,-65.467,-65.0,-65.0,-24.0,1.0,-0.0,43.0,-95.017,-95.017,-95.017,0.0,0.0,0.0,33.0,-69.756,-70.244,-70.244,8.0,0.0,-0.0,34.0,-33.196,-33.196,-33.196,8.0,0.0,-0.015,34.0
28.28,1,fwd,90.0,12.2,5.618,5.4,5.4,16.0,0.0,0.0,34.0,-99.82,-100.0,-100.0,8.0,0.0,0.0,33.0,8.393,90.0,9.103,-24.0,1.0,3.837,33.0,-65.467,-65.0,-65.0,-24.0,1.0,-0.0,43.0,-95.017,-95.017,-95.017,0.0,0.0,0.0,33.0,-69.756,-70.244,-70.244,8.0,0.0,-0.0,34.0,-33.196,-33.196,-33.196,8.0,0.0,-0.007,34.0
28.3329,1,fwd,90.0,12.2,5.618,5.4,5.4,16.0,0.0,0.0,34.0,-99.82,-100.0,-100.0,8.0,0.0,0.0,33.0,8.677,90.0,9.339,-24.0,2.0,4.131,33.0,-65.467,-65.0,-65.0,-24.0,1.0,-0.0,43.0,-95.017,-95.017,-95.017,0.0,0.0,0.0,33.0,-69.756,-70.244,-70.244,8.0,0.0,-0.0,34.0,-33.196,-33.196,-33.196,0.0,0.0,-0.005,34.0
28.3862,1,fwd,90.0,12.2,5.618,5.4,5.4,16.0,0.0,0.0,34.0,-99.82,-100.0,-100.0,8.0,0.0,0.0,33.0,8.677,90.0,9.555,-24.0,2.0,2.024,33.0,-65.467,-65.0,-65.0,-24.0,1.0,-0.0,43.0,-95.017,-95.017,-95.017,0.0,0.0,0.0,33.0,-69.756,-70.244,-70.244,8.0,0.0,-0.0,34.0,-33.196,-33.196,-33.196,0.0,0.0,-0.002,34.0
28.4395,1,fwd,90.0,12.2,5.618,5.4,5.4,16.0,0.0,0.0,34.0,-99.82,-100.0,-100.0,8.0,0.0,0.0,33.0,9.104,90.0,9.77,-24.0,2.0,4.816,33.0,-65.467,-65.0,-65.0,-24.0,1.0,-0.0,43.0,-95.017,-95.017,-95.017,0.0,0.0,0.0,33.0,-69.756,-70.244,-70.244,8.0,0.0,-0.0,34.0,-33.196,-33.196,-33.196,0.0,0.0,-0.001,34.0
28.4929,1,fwd,90.0,12.2,5.618,5.4,5.4,16.0,0.0,0.0,34.0,-99.82,-100.0,-100.0,8.0,0.0,0.0,33.0,9.246,90.0,9.985,-24.0,2.0,3.472,33.0,-65.467,-65.0,-65.0,-24.0,1.0,-0.0,43.0,-95.017,-95.017,-95.017,0.0,0.0,0.0,33.0,-69.756,-70.244,-70.244,8.0,0.0,-0.0,34.0,-33.196,-33.196,-33.196,0.0,0.0,-0.001,34.0
28.5473,1,fwd,90.0,12.2,5.618,5.4,5.4,16.0,0.0,0.0,34.0,-99.82,-100.0,-100.0,8.0,0.0,0.0,33.0,9.531,90.0,10.201,-24.0,2.0,4.396,33.0,-65.467,-65.0,-65.0,-24.0,1.0,-0.0,43.0,-95.017,-95.017,-95.017,0.0,0.0,0.0,33.0,-69.756,-70.244,-70.244,8.0,0.0,-0.0,34.0,-33.196,-33.196,-33.196,0.0,0.0,-0.0,34.0
28.6006,1,fwd,90.0,12.2,5.618,5.4,5.4,16.0,0.0,0.0,34.0,-99.82,-100.0,-100.0,8.0,0.0,0.0,33.0,9.673,90.0,10.415,-24.0,2.0,3.275,33.0,-65.467,-65.0,-65.0,-24.0,1.0,-0.0,43.0,-95.017,-95.017,-95.017,0.0,0.0,0.0,33.0,-69.756,-70.244,-70.244,8.0,0.0,-0.0,34.0,-33.196,-33.196,-33.196,0.0,0.0,-0.0,34.0
28.6535,1,fwd,90.0,12.2,5.618,5.4,5.4,16.0,0.0,0.0,34.0,-99.82,-100.0,-100.0,8.0,0.0,0.0,33.0,10.1,90.0,10.628,-24.0,2.0,5.896,33.0,-65.467,-65.0,-65.0,-24.0,1.0,-0.0,43.0,-95.017,-95.017,-95.017,0.0,0.0,0.0,33.0,-69.756,-70.244,-70.244,8.0,0.0,-0.0,34.0,-33.196,-33.196,-33.196,0.0,0.0,-0.0,34.0
28.7068,1,fwd,90.0,12.2,5.618,5.4,5.4,16.0,0.0,0.0,34.0,-99.82,-100.0,-100.0,8.0,0.0,0.0,33.0,10.1,90.0,10.842,-24.0,2.0,2.889,33.0,-65.467,-65.0,-65.0,-24.0,1.0,-0.0,43.0,-95.017,-95.017,-95.017,0.0,0.0,0.0,33.0,-69.756,-70.244,-70.244,8.0,0.0,-0.0,34.0,-33.196,-33.196,-33.196,0.0,0.0,-0.0,34.0
28.7602,1,fwd,90.0,12.2,5.618,5.4,5.4,16.0,0.0,0.0,34.0,-99.82,-100.0,-100.0,8.0,0.0,0.0,33.0,10.384,90.0,11.056,-24.0,2.0,4.145,33.0,-65.467,-65.0,-65.0,-24.0,1.0,-0.0,43.0,-95.017,-95.017,-95.017,0.0,0.0,0.0,33.0,-69.756,-70.244,-70.244,8.0,0.0,-0.0,34.0,-33.196,-33.196,-33.196,0.0,0.0,-0.0,34.0
28.8123,1,fwd,90.0,12.2,5.618,5.4,5.4,16.0,0.0,0.0,34.0,-99.82,-100.0,-100.0,8.0,0.0,0.0,33.0,10.526,90.0,11.27,-24.0,2.0,4.502,33.0,-65.467,-65.0,-65.0,-24.0,1.0,-0.0,43.0,-95.017,-95.017,-95.017,0.0,0.0,0.0,33.0,-69.756,-70.244,-70.244,8.0,0.0,-0.0,34.0,-33.196,-33.196,-33.196,0.0,0.0,-0.0,34.0
28.8658,1,fwd,90.0,12.2,5.618,5.4,5.4,16.0,0.0,0.0,34.0,-99.82,-100.0,-100.0,8.0,0.0,0.0,33.0,10.811,90.0,11.389,-24.0,2.0,5.358,33.0,-65.467,-65.0,-65.0,-24.0,1.0,-0.0,43.0,-95.017,-95.017,-95.017,0.0,0.0,0.0,33.0,-69.756,-70.244,-70.244,8.0,0.0,-0.0,34.0,-33.196,-33.196,-33.196,0.0,0.0,-0.0,34.0
28.9183,1,fwd,90.0,12.2,5.618,5.4,5.4,16.0,0.0,0.0,34.0,-99.82,-100.0,-100.0,8.0,0.0,0.0,33.0,10.953,90.0,11.624,-24.0,0.0,4.476,33.0,-65.467,-65.0,-65.0,-24.0,1.0,-0.0,43.0,-95.017,-95.017,-95.017,0.0,0.0,0.0,33.0,-69.756,-70.244,-70.244,8.0,0.0,-0.0,34.0,-33.196,-33.196,-33.196,0.0,0.0,-0.0,34.0
28.9712,1,fwd,90.0,12.2,5.618,5.4,5.4,16.0,0.0,0.0,34.0,-99.82,-100.0,-100.0,8.0,0.0,0.0,33.0,11.095,90.0,11.839,-24.0,0.0,3.314,33.0,-65.467,-65.0,-65.0,-24.0,1.0,-0.0,43.0,-95.017,-95.017,-95.017,0.0,0.0,0.0,33.0,-69.756,-70.244,-70.244,8.0,0.0,-0.0,34.0,-33.196,-33.196,-33.196,0.0,0.0,-0.0,34.0
29.0246,1,fwd,90.0,12.2,5.618,5.4,5.4,16.0,0.0,0.0,34.0,-99.82,-100.0,-100.0,8.0,0.0,0.0,33.0,11.38,90.0,12.053,-24.0,0.0,4.309,33.0,-65.467,-65.0,-65.0,-24.0,1.0,-0.0,43.0,-95.017,-95.017,-95.017,0.0,0.0,0.0,33.0,-69.756,-70.244,-70.244,8.0,0.0,-0.0,34.0,-33.196,-33.196,-33.196,0.0,0.0,-0.0,34.0
29.0779,1,fwd,90.0,12.2,5.618,5.4,5.4,16.0,0.0,0.0,34.0,-99.82,-100.0,-100.0,8.0,0.0,0.0,33.0,11.522,90.0,12.269,-24.0,0.0,3.22,33.0,-65.467,-65.0,-65.0,-24.0,1.0,-0.0,43.0,-95.017,-95.017,-95.017,0.0,0.0,0.0,33.0,-69.756,-70.244,-70.244,8.0,0.0,-0.0,34.0,-33.196,-33.196,-33.196,0.0,0.0,-0.0,34.0
29.1304,1,fwd,90.0,12.2,5.618,5.4,5.4,16.0,0.0,0.0,34.0,-99.82,-100.0,-100.0,8.0,0.0,0.0,33.0,11.807,90.0,12.485,-24.0,0.0,4.241,33.0,-65.467,-65.0,-65.0,-24.0,1.0,-0.0,43.0,-95.017,-95.017,-95.017,0.0,0.0,0.0,33.0,-69.756,-70.244,-70.244,8.0,0.0,-0.0,34.0,-33.196,-33.196,-33.196,0.0,0.0,-0.0,34.0
29.1842,1,fwd,90.0,12.2,5.618,5.4,5.4,16.0,0.0,0.0,34.0,-99.82,-100.0,-100.0,8.0,0.0,0.0,33.0,12.091,90.0,12.703,-24.0,0.0,4.753,33.0,-65.467,-65.0,-65.0,-24.0,1.0,-0.0,43.0,-95.017,-95.017,-95.017,0.0,0.0,0.0,33.0,-69.756,-70.244,-70.244,8.0,0.0,-0.0,34.0,-33.196,-33.196,-33.196,0.0,0.0,-0.0,34.0
29.2376,1,fwd,90.0,12.2,5.618,5.4,5.4,16.0,0.0,0.0,34.0,-99.82,-100.0,-100.0,8.0,0.0,0.0,33.0,12.233,90.0,12.921,-24.0,0.0,3.904,33.0,-65.467,-65.0,-65.0,-24.0,1.0,-0.0,43.0,-95.017,-95.017,-95.017,0.0,0.0,0.0,33.0,-69.756,-70.244,-70.244,8.0,0.0,-0.0,34.0,-33.196,-33.196,-33.196,0.0,0.0,-0.0,34.0
29.2908,1,fwd,90.0,12.2,5.618,5.4,5.4,16.0,0.0,0.0,34.0,-99.82,-100.0,-100.0,8.0,0.0,0.0,33.0,12.518,90.0,13.136,-24.0,0.0,4.639,33.0,-65.467,-65.0,-65.0,-24.0,1.0,-0.0,43.0,-95.017,-95.017,-95.017,0.0,0.0,0.0,33.0,-69.756,-70.244,-70.244,8.0,0.0,-0.0,34.0,-33.196,-33.196,-33.196,0.0,0.0,-0.0,34.0
29.344,1,fwd,90.0,12.2,5.618,5.4,5.4,16.0,0.0,0.0,34.0,-99.82,-100.0,-100.0,8.0,0.0,0.0,33.0,12.66,90.0,13.348,-24.0,0.0,3.89,33.0,-65.467,-65.0,-65.0,-24.0,1.0,-0.0,43.0,-95.017,-95.017,-95.017,0.0,0.0,0.0,33.0,-69.756,-70.244,-70.244,8.0,0.0,-0.0,34.0,-33.196,-33.196,-33.196,0.0,0.0,-0.0,34.0
29.397,1,fwd,90.0,12.2,5.618,5.4,5.4,16.0,0.0,0.0,34.0,-99.82,-100.0,-100.0,8.0,0.0,0.0,33.0,12.945,90.0,13.56,-24.0,0.0,4.618,33.0,-65.467,-65.0,-65.0,-24.0,1.0,-0.0,43.0,-95.017,-95.017,-95.017,0.0,0.0,0.0,33.0,-69.756,-70.244,-70.244,8.0,0.0,-0.0,34.0,-33.196,-33.196,-33.196,0.0,0.0,-0.0,34.0
29.4494,1,fwd,90.0,12.2,5.618,5.4,5.4,16.0,0.0,0.0,34.0,-99.82,-100.0,-100.0,8.0,0.0,0.0,33.0,12.945,90.0,13.669,-32.0,2.0,3.232,33.0,-65.467,-65.0,-65.0,-24.0,0.0,-0.0,43.0,-95.017,-95.017,-95.017,0.0,0.0,0.0,33.0,-69.756,-70.244,-70.244,8.0,0.0,-0.0,34.0,-33.196,-33.196,-33.196,0.0,0.0,-0.0,34.0
29.5027,1,fwd,90.0,12.2,5.618,5.4,5.4,16.0,0.0,0.0,34.0,-99.82,-100.0,-100.0,8.0,0.0,0.0,33.0,13.371,90.0,14.007,-32.0,2.0,3.146,33.0,-65.467,-65.0,-65.0,-24.0,0.0,-0.0,43.0,-95.017,-95.017,-95.017,0.0,0.0,0.0,33.0,-69.756,-70.244,-70.244,8.0,0.0,-0.0,34.0,-33.196,-33.196,-33.196,0.0,0.0,-0.0,34.0
29.5569,1,fwd,90.0,12.2,5.618,5.4,5.4,16.0,0.0,0.0,34.0,-99.82,-100.0,-100.0,8.0,0.0,0.0,33.0,13.514,90.0,14.221,-32.0,2.0,3.117,33.0,-65.467,-65.0,-65.0,-24.0,0.0,-0.0,43.0,-95.017,-95.017,-95.017,0.0,0.0,0.0,33.0,-69.756,-70.244,-70.244,8.0,0.0,-0.0,34.0,-33.196,-33.196,-33.196,0.0,0.0,-0.0,34.0
29.6095,1,fwd,90.0,12.2,5.618,5.4,5.4,16.0,0.0,0.0,34.0,-99.82,-100.0,-100.0,8.0,0.0,0.0,33.0,13.656,90.0,14.436,-32.0,2.0,3.78,33.0,-65.467,-65.0,-65.0,-24.0,0.0,-0.0,43.0,-95.017,-95.017,-95.017,0.0,0.0,0.0,33.0,-69.756,-70.244,-70.244,8.0,0.0,-0.0,34.0,-33.196,-33.196,-33.196,0.0,0.0,-0.0,34.0
29.663,1,fwd,90.0,12.2,5.618,5.4,5.4,16.0,0.0,0.0,34.0,-99.82,-100.0,-100.0,8.0,0.0,0.0,33.0,13.94,90.0,14.681,-32.0,2.0,4.312,33.0,-65.467,-65.0,-65.0,-24.0,0.0,-0.0,43.0,-95.017,-95.017,-95.017,0.0,0.0,0.0,33.0,-69.756,-70.244,-70.244,8.0,0.0,-0.0,34.0,-33.196,-33.196,-33.196,0.0,0.0,-0.0,34.0
29.7166,1,fwd,90.0,12.2,5.618,5.4,5.4,16.0,0.0,0.0,34.0,-99.82,-100.0,-100.0,8.0,0.0,0.0,33.0,14.225,90.0,14.802,-32.0,2.0,4.667,33.0,-65.467,-65.0,-65.0,-24.0,0.0,-0.0,43.0,-95.017,-95.017,-95.017,0.0,0.0,0.0,33.0,-69.756,-70.244,-70.244,8.0,0.0,-0.0,34.0,-33.196,-33.196,-33.196,0.0,0.0,-0.0,34.0
29.7705,1,fwd,90.0,12.2,5.618,5.4,5.4,16.0,0.0,0.0,34.0,-99.82,-100.0,-100.0,8.0,0.0,0.0,33.0,14.367,90.0,15.031,-32.0,2.0,3.278,33.0,-65.467,-65.0,-65.0,-24.0,0.0,-0.0,43.0,-95.017,-95.017,-95.017,0.0,0.0,0.0,33.0,-69.756,-70.244,-70.244,8.0,0.0,-0.0,34.0,-33.196,-33.196,-33.196,0.0,0.0,-0.0,34.0
29.8234,1,fwd,90.0,12.2,5.618,5.4,5.4,16.0,0.0,0.0,34.0,-99.82,-100.0,-100.0,8.0,0.0,0.0,33.0,14.509,90.0,15.244,-32.0,2.0,2.726,33.0,-65.467,-65.0,-65.0,-24.0,0.0,-0.0,43.0,-95.017,-95.017,-95.017,0.0,0.0,0.0,33.0,-69.756,-70.244,-70.244,8.0,0.0,-0.0,34.0,-33.196,-33.196,-33.196,0.0,0.0,-0.0,34.0
29.8753,1,fwd,90.0,12.2,5.618,5.4,5.4,16.0,0.0,0.0,34.0,-99.82,-100.0,-100.0,8.0,0.0,0.0,33.0,14.794,90.0,15.456,-32.0,2.0,4.055,33.0,-65.467,-65.0,-65.0,-24.0,0.0,-0.0,43.0,-95.017,-95.017,-95.017,0.0,0.0,0.0,33.0,-69.756,-70.244,-70.244,8.0,0.0,-0.0,34.0,-33.196,-33.196,-33.196,0.0,0.0,-0.0,34.0
29.9278,1,fwd,90.0,12.2,5.618,5.4,5.4,16.0,0.0,0.0,34.0,-99.82,-100.0,-100.0,8.0,0.0,0.0,33.0,14.936,90.0,15.67,-32.0,2.0,3.105,33.0,-65.467,-65.0,-65.0,-24.0,0.0,-0.0,43.0,-95.017,-95.017,-95.017,0.0,0.0,0.0,33.0,-69.756,-70.244,-70.244,8.0,0.0,-0.0,34.0,-33.196,-33.196,-33.196,0.0,0.0,-0.0,34.0
29.9811,1,fwd,90.0,12.2,5.618,5.4,5.4,16.0,0.0,0.0,34.0,-99.82,-100.0,-100.0,8.0,0.0,0.0,33.0,15.22,90.0,15.884,-32.0,2.0,4.207,33.0,-65.467,-65.0,-65.0,-24.0,0.0,-0.0,43.0,-95.017,-95.017,-95.017,0.0,0.0,0.0,33.0,-69.756,-70.244,-70.244,8.0,0.0,-0.0,34.0,-33.196,-33.196,-33.196,0.0,0.0,-0.0,34.0
30.0344,1,fwd,90.0,12.2,5.618,5.4,5.4,16.0,0.0,0.0,34.0,-99.82,-100.0,-100.0,8.0,0.0,0.0,33.0,15.363,90.0,15.992,-24.0,1.0,4.546,33.0,-65.467,-65.0,-65.0,-24.0,1.0,-0.0,43.0,-95.017,-95.017,-95.017,0.0,0.0,0.0,33.0,-69.756,-70.244,-70.244,8.0,0.0,-0.0,34.0,-33.196,-33.196,-33.196,0.0,0.0,-0.0,34.0
30.0874,1,fwd,90.0,12.2,5.618,5.4,5.4,16.0,0.0,0.0,34.0,-99.82,-100.0,-100.0,8.0,0.0,0.0,33.0,15.647,90.0,16.325,-24.0,1.0,4.343,33.0,-65.467,-65.0,-65.0,-24.0,1.0,-0.0,43.0,-95.017,-95.017,-95.017,0.0,0.0,0.0,33.0,-69.756,-70.244,-70.244,8.0,0.0,-0.0,34.0,-33.196,-33.196,-33.196,0.0,0.0,-0.0,34.0
30.1405,1,fwd,90.0,12.2,5.618,5.4,5.4,16.0,0.0,0.0,34.0,-99.82,-100.0,-100.0,8.0,0.0,0.0,33.0,15.932,90.0,16.541,-24.0,1.0,4.817,33.0,-65.467,-65.0,-65.0,-24.0,1.0,-0.0,43.0,-95.017,-95.017,-95.017,0.0,0.0,0.0,33.0,-69.756,-70.244,-70.244,8.0,0.0,-0.0,34.0,-33.196,-33.196,-33.196,0.0,0.0,-0.0,34.0
30.1939,1,fwd,90.0,12.2,5.618,5.4,5.4,16.0,0.0,0.0,34.0,-99.82,-100.0,-100.0,8.0,0.0,0.0,33.0,16.074,90.0,16.76,-24.0,1.0,3.434,33.0,-65.467,-65.0,-65.0,-24.0,1.0,-0.0,43.0,-95.017,-95.017,-95.017,0.0,0.0,0.0,33.0,-69.756,-70.244,-70.244,8.0,0.0,-0.0,34.0,-33.196,-33.196,-33.196,0.0,0.0,-0.0,34.0
30.2464,1,fwd,90.0,12.2,5.618,5.4,5.4,16.0,0.0,0.0,34.0,-99.82,-100.0,-100.0,8.0,0.0,0.0,33.0,16.358,90.0,16.976,-24.0,1.0,3.906,33.0,-65.467,-65.0,-65.0,-24.0,1.0,-0.0,43.0,-95.017,-95.017,-95.017,0.0,0.0,0.0,33.0,-69.756,-70.244,-70.244,8.0,0.0,-0.0,34.0,-33.196,-33.196,-33.196,0.0,0.0,-0.0,34.0
30.2997,1,fwd,90.0,12.2,5.618,5.4,5.4,16.0,0.0,0.0,34.0,-99.82,-100.0,-100.0,8.0,0.0,0.0,33.0,16.643,90.0,17.192,-24.0,1.0,5.095,33.0,-65.467,-65.0,-65.0,-24.0,1.0,-0.0,43.0,-95.017,-95.017,-95.017,0.0,0.0,0.0,33.0,-69.756,-70.244,-70.244,8.0,0.0,-0.0,34.0,-33.196,-33.196,-33.196,0.0,0.0,-0.0,34.0
30.3527,1,fwd,90.0,12.2,5.618,5.4,5.4,16.0,0.0,0.0,34.0,-99.82,-100.0,-100.0,8.0,0.0,0.0,33.0,16.785,90.0,17.406,-24.0,1.0,4.092,33.0,-65.467,-65.0,-65.0,-24.0,1.0,-0.0,43.0,-95.017,-95.017,-95.017,0.0,0.0,0.0,33.0,-69.756,-70.244,-70.244,8.0,0.0,-0.0,34.0,-33.196,-33.196,-33.196,0.0,0.0,-0.0,34.0
30.4058,1,fwd,90.0,12.2,5.618,5.4,5.4,16.0,0.0,0.0,34.0,-99.82,-100.0,-100.0,8.0,0.0,0.0,33.0,16.927,90.0,17.621,-24.0,1.0,3.551,33.0,-65.467,-65.0,-65.0,-24.0,1.0,-0.0,43.0,-95.017,-95.017,-95.017,0.0,0.0,0.0,33.0,-69.756,-70.244,-70.244,8.0,0.0,-0.0,34.0,-33.196,-33.196,-33.196,0.0,0.0,-0.0,34.0
30.459,1,fwd,90.0,12.2,5.618,5.4,5.4,16.0,0.0,0.0,34.0,-99.82,-100.0,-100.0,8.0,0.0,0.0,33.0,17.212,90.0,17.837,-24.0,1.0,3.977,33.0,-65.467,-65.0,-65.0,-24.0,1.0,-0.0,43.0,-95.017,-95.017,-95.017,0.0,0.0,0.0,33.0,-69.756,-70.244,-70.244,8.0,0.0,-0.0,34.0,-33.196,-33.196,-33.196,0.0,0.0,-0.0,34.0
30.5115,1,fwd,90.0,12.2,5.618,5.4,5.4,16.0,0.0,0.0,34.0,-99.82,-100.0,-100.0,8.0,0.0,0.0,33.0,17.354,90.0,18.054,-24.0,1.0,3.52,33.0,-65.467,-65.0,-65.0,-24.0,1.0,-0.0,43.0,-95.017,-95.017,-95.017,0.0,0.0,0.0,33.0,-69.756,-70.244,-70.244,8.0,0.0,-0.0,34.0,-33.196,-33.196,-33.196,0.0,0.0,-0.0,34.0
30.5658,1,fwd,90.0,12.2,5.618,5.4,5.4,16.0,0.0,0.0,34.0,-99.82,-100.0,-100.0,8.0,0.0,0.0,33.0,17.639,90.0,18.271,-24.0,1.0,3.929,33.0,-65.467,-65.0,-65.0,-24.0,1.0,-0.0,43.0,-95.017,-95.017,-95.017,0.0,0.0,0.0,33.0,-69.756,-70.244,-70.244,8.0,0.0,-0.0,34.0,-33.196,-33.196,-33.196,0.0,0.0,-0.0,34.0
30.6191,1,fwd,90.0,12.2,5.618,5.4,5.4,16.0,0.0,0.0,34.0,-99.82,-100.0,-100.0,8.0,0.0,0.0,33.0,17.639,90.0,18.509,-24.0,1.0,3.929,33.0,-65.467,-65.0,-65.0,-24.0,1.0,-0.0,43.0,-95.017,-95.017,-95.017,0.0,0.0,0.0,33.0,-69.756,-70.244,-70.244,8.0,0.0,-0.0,34.0,-33.196,-33.196,-33.196,0.0,0.0,-0.0,34.0
30.6727,1,fwd,90.0,12.2,5.618,5.4,5.4,16.0,0.0,0.0,34.0,-99.82,-100.0,-100.0,8.0,0.0,0.0,33.0,17.923,90.0,18.732,-24.0,1.0,2.892,33.0,-65.467,-65.0,-65.0,-24.0,1.0,-0.0,43.0,-95.017,-95.017,-95.017,0.0,0.0,0.0,33.0,-69.756,-70.244,-70.244,8.0,0.0,-0.0,34.0,-33.196,-33.196,-33.196,0.0,0.0,-0.0,34.0
30.7262,1,fwd,90.0,12.2,5.618,5.4,5.4,16.0,0.0,0.0,34.0,-99.82,-100.0,-100.0,8.0,0.0,0.0,33.0,18.208,90.0,18.947,-24.0,1.0,4.13,33.0,-65.467,-65.0,-65.0,-24.0,1.0,-0.0,43.0,-95.017,-95.017,-95.017,0.0,0.0,0.0,33.0,-69.756,-70.244,-70.244,8.0,0.0,-0.0,34.0,-33.196,-33.196,-33.196,0.0,0.0,-0.0,34.0
30.7797,1,fwd,90.0,12.2,5.618,5.4,5.4,16.0,0.0,0.0,34.0,-99.82,-100.0,-100.0,8.0,0.0,0.0,33.0,18.492,90.0,19.066,-24.0,1.0,5.161,33.0,-65.467,-65.0,-65.0,-24.0,1.0,-0.0,43.0,-95.017,-95.017,-95.017,0.0,0.0,0.0,33.0,-69.756,-70.244,-70.244,8.0,0.0,-0.0,34.0,-33.196,-33.196,-33.196,0.0,0.0,-0.0,34.0
30.8331,1,fwd,90.0,12.2,5.618,5.4,5.4,16.0,0.0,0.0,34.0,-99.82,-100.0,-100.0,8.0,0.0,0.0,33.0,18.634,90.0,19.282,-24.0,1.0,3.64,33.0,-65.467,-65.0,-65.0,-24.0,1.0,-0.0,43.0,-95.017,-95.017,-95.017,0.0,0.0,0.0,33.0,-69.756,-70.244,-70.244,8.0,0.0,-0.0,34.0,-33.196,-33.196,-33.196,0.0,0.0,-0.0,34.0
30.8866,1,fwd,90.0,12.2,5.618,5.4,5.4,16.0,0.0,0.0,34.0,-99.82,-100.0,-100.0,8.0,0.0,0.0,33.0,18.777,90.0,19.496,-24.0,1.0,2.896,33.0,-65.467,-65.0,-65.0,-24.0,1.0,-0.0,43.0,-95.017,-95.017,-95.017,0.0,0.0,0.0,33.0,-69.756,-70.244,-70.244,8.0,0.0,-0.0,34.0,-33.196,-33.196,-33.196,0.0,0.0,-0.0,34.0
30.9395,1,fwd,90.0,12.2,5.618,5.4,5.4,16.0,0.0,0.0,34.0,-99.82,-100.0,-100.0,8.0,0.0,0.0,33.0,19.061,90.0,19.71,-24.0,1.0,3.652,33.0,-65.467,-65.0,-65.0,-24.0,1.0,-0.0,43.0,-95.017,-95.017,-95.017,0.0,0.0,0.0,33.0,-69.756,-70.244,-70.244,8.0,0.0,-0.0,34.0,-33.196,-33.196,-33.196,0.0,0.0,-0.0,34.0
30.993,1,fwd,90.0,12.2,5.618,5.4,5.4,16.0,0.0,0.0,34.0,-99.82,-100.0,-100.0,8.0,0.0,0.0,33.0,19.203,90.0,19.924,-24.0,1.0,2.913,33.0,-65.467,-65.0,-65.0,-24.0,1.0,-0.0,43.0,-95.017,-95.017,-95.017,0.0,0.0,0.0,33.0,-69.756,-70.244,-70.244,8.0,0.0,-0.0,34.0,-33.196,-33.196,-33.196,0.0,0.0,-0.0,34.0
31.0468,1,fwd,90.0,12.2,5.618,5.4,5.4,16.0,0.0,0.0,34.0,-99.82,-100.0,-100.0,8.0,0.0,0.0,33.0,19.488,90.0,20.138,-24.0,1.0,4.133,33.0,-65.467,-65.0,-65.0,-24.0,1.0,-0.0,43.0,-95.017,-95.017,-95.017,0.0,0.0,0.0,33.0,-69.756,-70.244,-70.244,8.0,0.0,-0.0,34.0,-33.196,-33.196,-33.196,0.0,0.0,-0.0,34.0
31.1,1,fwd,90.0,12.2,5.618,5.4,5.4,16.0,0.0,0.0,34.0,-99.82,-100.0,-100.0,8.0,0.0,0.0,33.0,19.63,90.0,20.352,-24.0,1.0,3.138,33.0,-65.467,-65.0,-65.0,-24.0,1.0,-0.0,43.0,-95.017,-95.017,-95.017,0.0,0.0,0.0,33.0,-69.756,-70.244,-70.244,8.0,0.0,-0.0,34.0,-32.99,-33.196,-33.196,0.0,0.0,1.613,34.0
31.153,1,fwd,90.0,12.2,5.618,5.4,5.4,16.0,0.0,0.0,34.0,-99.82,-100.0,-100.0,8.0,0.0,0.0,33.0,19.915,90.0,20.566,-24.0,1.0,3.784,33.0,-65.467,-65.0,-65.0,-24.0,1.0,-0.0,43.0,-95.017,-95.017,-95.017,0.0,0.0,0.0,33.0,-69.756,-70.244,-70.244,8.0,0.0,-0.0,34.0,-32.99,-33.196,-33.196,0.0,0.0,0.79,34.0
31.2067,1,fwd,90.0,12.2,5.618,5.4,5.4,16.0,0.0,0.0,34.0,-99.82,-100.0,-100.0,8.0,0.0,0.0,33.0,20.199,90.0,20.807,-12.0,0.0,4.086,33.0,-65.467,-65.0,-65.0,-24.0,1.0,-0.0,43.0,-95.017,-95.017,-95.017,0.0,0.0,0.0,33.0,-69.756,-70.244,-70.244,8.0,0.0,-0.0,34.0,-32.99,-33.196,-33.196,8.0,0.0,0.553,34.0
31.2596,1,fwd,90.0,12.2,5.618,5.4,5.4,16.0,0.0,0.0,34.0,-99.82,-100.0,-100.0,8.0,0.0,0.0,33.0,20.199,90.0,21.022,-12.0,0.0,2.002,33.0,-65.467,-65.0,-65.0,-24.0,1.0,-0.0,43.0,-95.017,-95.017,-95.017,0.0,0.0,0.0,33.0,-69.756,-70.244,-70.244,8.0,0.0,-0.0,34.0,-32.99,-33.196,-33.196,8.0,0.0,0.271,34.0
31.3129,1,fwd,90.0,12.2,5.618,5.4,5.4,16.0,0.0,0.0,34.0,-99.82,-100.0,-100.0,8.0,0.0,0.0,33.0,20.626,90.0,21.237,-12.0,0.0,4.805,33.0,-65.467,-65.0,-65.0,-24.0,1.0,-0.0,43.0,-95.017,-95.017,-95.017,0.0,0.0,0.0,33.0,-69.756,-70.244,-70.244,8.0,0.0,-0.0,34.0,-32.99,-33.196,-33.196,8.0,0.0,0.133,34.0
31.3661,1,fwd,90.0,12.2,5.618,5.4,5.4,16.0,0.0,0.0,34.0,-99.82,-100.0,-100.0,8.0,0.0,0.0,33.0,20.91,90.0,21.454,-12.0,0.0,5.01,33.0,-65.467,-65.0,-65.0,-24.0,1.0,-0.0,43.0,-95.017,-95.017,-95.017,0.0,0.0,0.0,33.0,-69.756,-70.244,-70.244,8.0,0.0,-0.0,34.0,-32.99,-33.196,-33.196,8.0,0.0,0.065,34.0
31.4194,1,fwd,90.0,12.2,5.618,5.4,5.4,16.0,0.0,0.0,34.0,-99.82,-100.0,-100.0,8.0,0.0,0.0,33.0,21.053,90.0,21.669,-12.0,0.0,3.577,33.0,-65.467,-65.0,-65.0,-24.0,1.0,-0.0,43.0,-95.017,-95.017,-95.017,0.0,0.0,0.0,33.0,-69.756,-70.244,-70.244,8.0,0.0,-0.0,34.0,-32.99,-33.196,-33.196,8.0,0.0,0.032,34.0
31.4725,1,fwd,90.0,12.2,5.618,5.4,5.4,16.0,0.0,0.0,34.0,-99.82,-100.0,-100.0,8.0,0.0,0.0,33.0,21.195,90.0,21.882,-12.0,0.0,3.365,33.0,-65.467,-65.0,-65.0,-24.0,1.0,-0.0,43.0,-95.017,-95.017,-95.017,0.0,0.0,0.0,33.0,-69.756,-70.244,-70.244,8.0,0.0,-0.0,34.0,-32.99,-33.196,-33.196,8.0,0.0,0.016,34.0
31.5259,1,fwd,90.0,12.2,5.618,5.4,5.4,16.0,0.0,0.0,34.0,-99.82,-100.0,-100.0,8.0,0.0,0.0,33.0,21.479,90.0,22.096,-12.0,0.0,4.352,33.0,-65.467,-65.0,-65.0,-24.0,1.0,-0.0,43.0,-95.017,-95.017,-95.017,0.0,0.0,0.0,33.0,-69.756,-70.244,-70.244,8.0,0.0,-0.0,34.0,-33.196,-33.196,-33.196,8.0,0.0,-2.303,34.0
31.5802,1,fwd,90.0,12.2,5.618,5.4,5.4,16.0,0.0,0.0,34.0,-99.82,-100.0,-100.0,8.0,0.0,0.0,33.0,21.764,90.0,22.309,-12.0,0.0,5.326,33.0,-65.467,-65.0,-65.0,-24.0,1.0,-0.0,43.0,-95.017,-95.017,-95.017,0.0,0.0,0.0,33.0,-69.756,-70.244,-70.244,8.0,0.0,-0.0,34.0,-33.196,-33.196,-33.196,8.0,0.0,-1.129,34.0
31.6335,1,fwd,90.0,12.2,5.618,5.4,5.4,16.0,0.0,0.0,34.0,-99.82,-100.0,-100.0,8.0,0.0,0.0,33.0,21.906,90.0,22.522,-12.0,0.0,4.172,33.0,-65.467,-65.0,-65.0,-24.0,1.0,-0.0,43.0,-95.017,-95.017,-95.017,0.0,0.0,0.0,33.0,-69.756,-70.244,-70.244,8.0,0.0,-0.0,34.0,-33.196,-33.196,-33.196,8.0,0.0,-0.553,34.0
31.6869,1,fwd,90.0,12.2,5.618,5.4,5.4,16.0,0.0,0.0,34.0,-99.82,-100.0,-100.0,8.0,0.0,0.0,33.0,22.191,90.0,22.739,-12.0,0.0,4.962,33.0,-65.467,-65.0,-65.0,-24.0,1.0,-0.0,43.0,-95.017,-95.017,-95.017,0.0,0.0,0.0,33.0,-69.756,-70.244,-70.244,8.0,0.0,-0.0,34.0,-33.196,-33.196,-33.196,8.0,0.0,-0.271,34.0
31.7402,1,fwd,90.0,12.2,5.618,5.4,5.4,16.0,0.0,0.0,34.0,-99.82,-100.0,-100.0,8.0,0.0,0.0,33.0,22.191,90.0,22.856,-12.0,0.0,3.473,33.0,-65.467,-65.0,-65.0,-24.0,1.0,-0.0,43.0,-95.017,-95.017,-95.017,0.0,0.0,0.0,33.0,-69.756,-70.244,-70.244,8.0,0.0,-0.0,34.0,-33.196,-33.196,-33.196,0.0,0.0,-0.19,34.0
31.7931,1,fwd,90.0,12.2,5.618,5.4,5.4,16.0,0.0,0.0,34.0,-99.82,-100.0,-100.0,8.0,0.0,0.0,33.0,22.333,90.0,23.19,-12.0,0.0,3.178,33.0,-65.467,-65.0,-65.0,-24.0,1.0,-0.0,43.0,-95.017,-95.017,-95.017,0.0,0.0,0.0,33.0,-69.756,-70.244,-70.244,8.0,0.0,-0.0,34.0,-33.196,-33.196,-33.196,0.0,0.0,-0.133,34.0
31.8468,1,fwd,90.0,12.2,5.618,5.4,5.4,16.0,0.0,0.0,34.0,-99.82,-100.0,-100.0,8.0,0.0,0.0,33.0,22.617,90.0,23.42,-12.0,0.0,4.131,33.0,-65.467,-65.0,-65.0,-24.0,1.0,-0.0,43.0,-95.017,-95.017,-95.017,0.0,0.0,0.0,33.0,-69.756,-70.244,-70.244,8.0,0.0,-0.0,34.0,-33.196,-33.196,-33.196,0.0,0.0,-0.065,34.0
31.8998,1,fwd,90.0,12.2,5.618,5.4,5.4,16.0,0.0,0.0,34.0,-99.82,-100.0,-100.0,8.0,0.0,0.0,33.0,22.902,90.0,23.538,-12.0,0.0,4.617,33.0,-65.467,-65.0,-65.0,-24.0,1.0,-0.0,43.0,-95.017,-95.017,-95.017,0.0,0.0,0.0,33.0,-69.756,-70.244,-70.244,8.0,0.0,-0.0,34.0,-33.196,-33.196,-33.196,0.0,0.0,-0.032,34.0
31.953,1,fwd,90.0,12.2,5.618,5.4,5.4,16.0,0.0,0.0,34.0,-99.82,-100.0,-100.0,8.0,0.0,0.0,33.0,23.044,90.0,23.76,-12.0,0.0,3.297,33.0,-65.467,-65.0,-65.0,-24.0,1.0,-0.0,43.0,-95.017,-95.017,-95.017,0.0,0.0,0.0,33.0,-69.756,-70.244,-70.244,8.0,0.0,-0.0,34.0,-33.196,-33.196,-33.196,0.0,0.0,-0.016,34.0
32.0054,1,fwd,90.0,12.2,5.618,5.4,5.4,16.0,0.0,0.0,34.0,-99.82,-100.0,-100.0,8.0,0.0,0.0,33.0,23.329,90.0,23.973,-12.0,0.0,3.871,33.0,-65.467,-65.0,-65.0,-24.0,1.0,-0.0,43.0,-95.017,-95.017,-95.017,0.0,0.0,0.0,33.0,-69.756,-70.244,-70.244,8.0,0.0,-0.0,34.0,-33.196,-33.196,-33.196,0.0,0.0,-0.008,34.0
32.0594,1,fwd,90.0,12.2,5.618,5.4,5.4,16.0,0.0,0.0,34.0,-99.82,-100.0,-100.0,8.0,0.0,0.0,33.0,23.471,90.0,24.187,-12.0,0.0,3.013,33.0,-65.467,-65.0,-65.0,-24.0,1.0,-0.0,43.0,-95.017,-95.017,-95.017,0.0,0.0,0.0,33.0,-69.756,-70.244,-70.244,8.0,0.0,-0.0,34.0,-33.196,-33.196,-33.196,0.0,0.0,-0.004,34.0
32.1129,1,fwd,90.0,12.2,5.618,5.4,5.4,16.0,0.0,0.0,34.0,-99.82,-100.0,-100.0,8.0,0.0,0.0,33.0,23.755,90.0,24.401,-12.0,0.0,3.724,33.0,-65.467,-65.0,-65.0,-24.0,1.0,-0.0,43.0,-95.017,-95.017,-95.017,0.0,0.0,0.0,33.0,-69.756,-70.244,-70.244,8.0,0.0,-0.0,34.0,-33.196,-33.196,-33.196,0.0,0.0,-0.002,34.0
32.166,1,fwd,90.0,12.2,5.618,5.4,5.4,16.0,0.0,0.0,34.0,-99.82,-100.0,-100.0,8.0,0.0,0.0,33.0,24.04,90.0,24.615,-12.0,0.0,4.532,33.0,-65.467,-65.0,-65.0,-24.0,1.0,-0.0,43.0,-95.017,-95.017,-95.017,0.0,0.0,0.0,33.0,-69.756,-70.244,-70.244,8.0,0.0,-0.0,34.0,-33.196,-33.196,-33.196,0.0,0.0,-0.001,34.0
32.2199,1,fwd,90.0,12.2,5.618,5.4,5.4,16.0,0.0,0.0,34.0,-99.82,-100.0,-100.0,8.0,0.0,0.0,33.0,24.182,90.0,24.831,-12.0,0.0,3.322,33.0,-65.467,-65.0,-65.0,-24.0,1.0,-0.0,43.0,-95.017,-95.017,-95.017,0.0,0.0,0.0,33.0,-69.756,-70.244,-70.244,8.0,0.0,-0.0,34.0,-33.196,-33.196,-33.196,0.0,0.0,-0.0,34.0
32.2725,1,fwd,90.0,12.2,5.618,5.4,5.4,16.0,0.0,0.0,34.0,-99.82,-100.0,-100.0,8.0,0.0,0.0,33.0,24.324,90.0,25.044,-12.0,0.0,2.751,33.0,-65.467,-65.0,-65.0,-24.0,1.0,-0.0,43.0,-95.017,-95.017,-95.017,0.0,0.0,0.0,33.0,-69.756,-70.244,-70.244,8.0,0.0,-0.0,34.0,-33.196,-33.196,-33.196,0.0,0.0,-0.0,34.0
32.326,1,fwd,90.0,12.2,5.618,5.4,5.4,16.0,0.0,0.0,34.0,-99.82,-100.0,-100.0,8.0,0.0,0.0,33.0,24.467,90.0,25.151,-20.0,0.0,3.527,33.0,-65.467,-65.0,-65.0,-24.0,1.0,-0.0,43.0,-95.017,-95.017,-95.017,0.0,0.0,0.0,33.0,-69.756,-70.244,-70.244,8.0,0.0,-0.0,34.0,-33.196,-33.196,-33.196,0.0,0.0,-0.0,34.0
32.3792,1,fwd,90.0,12.2,5.618,5.4,5.4,16.0,0.0,0.0,34.0,-99.82,-100.0,-100.0,8.0,0.0,0.0,33.0,24.751,90.0,25.488,-20.0,0.0,2.767,33.0,-65.467,-65.0,-65.0,-24.0,1.0,-0.0,43.0,-95.017,-95.017,-95.017,0.0,0.0,0.0,33.0,-69.756,-70.244,-70.244,8.0,0.0,-0.0,34.0,-33.196,-33.196,-33.196,0.0,0.0,-0.0,34.0
32.4326,1,fwd,90.0,12.2,5.618,5.4,5.4,16.0,0.0,0.0,34.0,-99.82,-100.0,-100.0,8.0,0.0,0.0,33.0,25.036,90.0,25.703,-20.0,0.0,4.548,33.0,-65.467,-65.0,-65.0,-24.0,1.0,-0.0,43.0,-95.017,-95.017,-95.017,0.0,0.0,0.0,33.0,-69.756,-70.244,-70.244,8.0,0.0,-0.0,34.0,-33.196,-33.196,-33.196,0.0,0.0,-0.0,34.0
32.4858,1,fwd,90.0,12.2,5.618,5.4,5.4,16.0,0.0,0.0,34.0,-99.82,-100.0,-100.0,8.0,0.0,0.0,33.0,25.178,90.0,25.916,-20.0,0.0,3.347,33.0,-65.467,-65.0,-65.0,-24.0,1.0,-0.0,43.0,-95.017,-95.017,-95.017,0.0,0.0,0.0,33.0,-69.756,-70.244,-70.244,8.0,0.0,-0.0,34.0,-33.196,-33.196,-33.196,0.0,0.0,-0.0,34.0
32.5386,1,fwd,90.0,12.2,5.618,5.4,5.4,16.0,0.0,0.0,34.0,-99.82,-100.0,-100.0,8.0,0.0,0.0,33.0,25.462,90.0,26.131,-20.0,0.0,4.358,33.0,-65.467,-65.0,-65.0,-24.0,1.0,-0.0,43.0,-95.017,-95.017,-95.017,0.0,0.0,0.0,33.0,-69.756,-70.244,-70.244,8.0,0.0,-0.0,34.0,-33.196,-33.196,-33.196,0.0,0.0,-0.0,34.0
32.5926,1,fwd,90.0,12.2,5.618,5.4,5.4,16.0,0.0,0.0,34.0,-99.82,-100.0,-100.0,8.0,0.0,0.0,33.0,25.605,90.0,26.347,-20.0,0.0,3.241,33.0,-65.467,-65.0,-65.0,-24.0,1.0,-0.0,43.0,-95.017,-95.017,-95.017,0.0,0.0,0.0,33.0,-69.756,-70.244,-70.244,8.0,0.0,-0.0,34.0,-33.196,-33.196,-33.196,0.0,0.0,-0.0,34.0
32.6459,1,fwd,90.0,12.2,5.618,5.4,5.4,16.0,0.0,0.0,34.0,-99.82,-100.0,-100.0,8.0,0.0,0.0,33.0,25.889,90.0,26.564,-20.0,0.0,4.274,33.0,-65.467,-65.0,-65.0,-24.0,1.0,-0.0,43.0,-95.017,-95.017,-95.017,0.0,0.0,0.0,33.0,-69.756,-70.244,-70.244,8.0,0.0,-0.0,34.0,-33.196,-33.196,-33.196,0.0,0.0,-0.0,34.0
32.6992,1,fwd,90.0,12.2,5.618,5.4,5.4,16.0,0.0,0.0,34.0,-99.82,-100.0,-100.0,8.0,0.0,0.0,33.0,26.031,90.0,26.777,-20.0,0.0,3.222,33.0,-65.467,-65.0,-65.0,-24.0,1.0,-0.0,43.0,-95.017,-95.017,-95.017,0.0,0.0,0.0,33.0,-69.756,-70.244,-70.244,8.0,0.0,-0.0,34.0,-33.196,-33.196,-33.196,0.0,0.0,-0.0,34.0
32.7529,1,fwd,90.0,12.2,5.618,5.4,5.4,16.0,0.0,0.0,34.0,-99.82,-100.0,-100.0,8.0,0.0,0.0,33.0,26.316,90.0,26.991,-20.0,0.0,4.307,33.0,-65.467,-65.0,-65.0,-24.0,1.0,-0.0,43.0,-95.017,-95.017,-95.017,0.0,0.0,0.0,33.0,-69.756,-70.244,-70.244,8.0,0.0,-0.0,34.0,-33.196,-33.196,-33.196,0.0,0.0,-0.0,34.0
32.8058,1,fwd,90.0,12.2,5.618,5.4,5.4,16.0,0.0,0.0,34.0,-99.82,-100.0,-100.0,8.0,0.0,0.0,33.0,26.458,90.0,27.203,-20.0,0.0,3.238,33.0,-65.467,-65.0,-65.0,-24.0,1.0,-0.0,43.0,-95.017,-95.017,-95.017,0.0,0.0,0.0,33.0,-69.756,-70.244,-70.244,8.0,0.0,-0.0,34.0,-33.196,-33.196,-33.196,0.0,0.0,-0.0,34.0
32.8587,1,fwd,90.0,12.2,5.618,5.4,5.4,16.0,0.0,0.0,34.0,-99.82,-100.0,-100.0,8.0,0.0,0.0,33.0,26.743,90.0,27.417,-20.0,0.0,4.288,33.0,-65.467,-65.0,-65.0,-24.0,1.0,-0.0,43.0,-95.017,-95.017,-95.017,0.0,0.0,0.0,33.0,-69.756,-70.244,-70.244,8.0,0.0,-0.0,34.0,-33.196,-33.196,-33.196,0.0,0.0,-0.0,34.0
32.9122,1,fwd,90.0,12.2,5.618,5.4,5.4,16.0,0.0,0.0,34.0,-99.82,-100.0,-100.0,8.0,0.0,0.0,33.0,26.885,90.0,27.655,-24.0,0.0,3.718,33.0,-65.467,-65.0,-65.0,-24.0,0.0,-0.0,43.0,-95.017,-95.017,-95.017,0.0,0.0,0.0,33.0,-69.756,-70.244,-70.244,8.0,0.0,-0.0,34.0,-33.196,-33.196,-33.196,0.0,0.0,-0.0,34.0
32.9656,1,fwd,90.0,12.2,5.618,5.4,5.4,16.0,0.0,0.0,34.0,-99.82,-100.0,-100.0,8.0,0.0,0.0,33.0,27.169,90.0,27.872,-24.0,0.0,4.511,33.0,-65.467,-65.0,-65.0,-24.0,0.0,-0.0,43.0,-95.017,-95.017,-95.017,0.0,0.0,0.0,33.0,-69.756,-70.244,-70.244,8.0,0.0,-0.0,34.0,-33.196,-33.196,-33.196,0.0,0.0,-0.0,34.0
33.0188,1,fwd,90.0,12.2,5.618,5.4,5.4,16.0,0.0,0.0,34.0,-99.82,-100.0,-100.0,8.0,0.0,0.0,33.0,27.454,90.0,28.084,-24.0,0.0,4.944,33.0,-65.467,-65.0,-65.0,-24.0,0.0,-0.0,43.0,-95.017,-95.017,-95.017,0.0,0.0,0.0,33.0,-69.756,-70.244,-70.244,8.0,0.0,-0.0,34.0,-33.196,-33.196,-33.196,0.0,0.0,-0.0,34.0
33.0716,1,fwd,90.0,12.2,5.618,5.4,5.4,16.0,0.0,0.0,34.0,-99.82,-100.0,-100.0,8.0,0.0,0.0,33.0,27.738,90.0,28.298,-24.0,0.0,5.637,33.0,-65.467,-65.0,-65.0,-24.0,0.0,-0.0,43.0,-95.017,-95.017,-95.017,0.0,0.0,0.0,33.0,-69.756,-70.244,-70.244,8.0,0.0,-0.0,34.0,-33.196,-33.196,-33.196,0.0,0.0,-0.0,34.0
33.1248,1,fwd,90.0,12.2,5.618,5.4,5.4,16.0,0.0,0.0,34.0,-99.82,-100.0,-100.0,8.0,0.0,0.0,33.0,27.881,90.0,28.511,-24.0,0.0,4.354,33.0,-65.467,-65.0,-65.0,-24.0,0.0,-0.0,43.0,-95.017,-95.017,-95.017,0.0,0.0,0.0,33.0,-69.756,-70.244,-70.244,8.0,0.0,-0.0,34.0,-33.196,-33.196,-33.196,0.0,0.0,-0.0,34.0
33.1775,1,fwd,90.0,12.2,5.618,5.4,5.4,16.0,0.0,0.0,34.0,-99.82,-100.0,-100.0,8.0,0.0,0.0,33.0,28.023,90.0,28.727,-24.0,0.0,4.615,33.0,-65.467,-65.0,-65.0,-24.0,0.0,-0.0,43.0,-95.017,-95.017,-95.017,0.0,0.0,0.0,33.0,-69.756,-70.244,-70.244,8.0,0.0,-0.0,34.0,-33.196,-33.196,-33.196,0.0,0.0,-0.0,34.0
33.2309,1,fwd,90.0,12.2,5.618,5.4,5.4,16.0,0.0,0.0,34.0,-99.82,-100.0,-100.0,8.0,0.0,0.0,33.0,28.307,90.0,28.944,-24.0,0.0,4.947,33.0,-65.467,-65.0,-65.0,-24.0,0.0,-0.0,43.0,-95.017,-95.017,-95.017,0.0,0.0,0.0,33.0,-69.756,-70.244,-70.244,8.0,0.0,-0.0,34.0,-33.196,-33.196,-33.196,0.0,0.0,-0.0,34.0
33.2834,1,fwd,90.0,12.2,5.618,5.4,5.4,16.0,0.0,0.0,34.0,-99.82,-100.0,-100.0,8.0,0.0,0.0,33.0,28.307,90.0,29.169,-24.0,0.0,2.424,33.0,-65.467,-65.0,-65.0,-24.0,0.0,-0.0,43.0,-95.017,-95.017,-95.017,0.0,0.0,0.0,33.0,-69.756,-70.244,-70.244,8.0,0.0,-0.0,34.0,-33.196,-33.196,-33.196,0.0,0.0,-0.0,34.0
33.3369,1,fwd,90.0,12.2,5.618,5.4,5.4,16.0,0.0,0.0,34.0,-99.82,-100.0,-100.0,8.0,0.0,0.0,33.0,28.734,90.0,29.388,-24.0,0.0,5.467,33.0,-65.467,-65.0,-65.0,-24.0,0.0,-0.0,43.0,-95.017,-95.017,-95.017,0.0,0.0,0.0,33.0,-69.756,-70.244,-70.244,8.0,0.0,-0.0,34.0,-33.196,-33.196,-33.196,0.0,0.0,-0.0,34.0
33.3894,1,fwd,90.0,12.2,5.618,5.4,5.4,16.0,0.0,0.0,34.0,-99.82,-100.0,-100.0,8.0,0.0,0.0,33.0,28.876,90.0,29.496,-24.0,0.0,3.789,33.0,-65.467,-65.0,-65.0,-24.0,0.0,-0.0,43.0,-95.017,-95.017,-95.017,0.0,0.0,0.0,33.0,-69.756,-70.244,-70.244,8.0,0.0,-0.0,34.0,-33.196,-33.196,-33.196,0.0,0.0,-0.0,34.0
33.4431,1,fwd,90.0,12.2,5.618,5.4,5.4,16.0,0.0,0.0,34.0,-99.82,-100.0,-100.0,8.0,0.0,0.0,33.0,29.161,90.0,29.721,-24.0,0.0,4.457,33.0,-65.467,-65.0,-65.0,-24.0,0.0,-0.0,43.0,-95.017,-95.017,-95.017,0.0,0.0,0.0,33.0,-69.756,-70.244,-70.244,8.0,0.0,-0.0,34.0,-33.196,-33.196,-33.196,0.0,0.0,-0.0,34.0
33.4967,1,fwd,90.0,12.2,5.618,5.4,5.4,16.0,0.0,0.0,34.0,-99.82,-100.0,-100.0,8.0,0.0,0.0,33.0,29.303,90.0,29.961,-24.0,1.0,3.832,33.0,-65.467,-65.0,-65.0,-24.0,1.0,-0.0,43.0,-95.017,-95.017,-95.017,0.0,0.0,0.0,33.0,-69.756,-70.244,-70.244,8.0,0.0,-0.0,34.0,-33.196,-33.196,-33.196,0.0,0.0,-0.0,34.0
33.5498,1,fwd,90.0,12.2,5.618,5.4,5.4,16.0,0.0,0.0,34.0,-99.82,-100.0,-100.0,8.0,0.0,0.0,33.0,29.303,90.0,30.174,-24.0,1.0,1.878,33.0,-65.467,-65.0,-65.0,-24.0,1.0,-0.0,43.0,-95.017,-95.017,-95.017,0.0,0.0,0.0,33.0,-69.756,-70.244,-70.244,8.0,0.0,-0.0,34.0,-33.196,-33.196,-33.196,0.0,0.0,-0.0,34.0
33.6042,1,fwd,90.0,12.2,5.618,5.4,5.4,16.0,0.0,0.0,34.0,-99.82,-100.0,-100.0,8.0,0.0,0.0,33.0,29.872,90.0,30.387,-24.0,1.0,6.373,33.0,-65.467,-65.0,-65.0,-24.0,1.0,-0.0,43.0,-95.017,-95.017,-95.017,0.0,0.0,0.0,33.0,-69.756,-70.244,-70.244,8.0,0.0,-0.0,34.0,-33.196,-33.196,-33.196,0.0,0.0,-0.0,34.0
33.6564,1,fwd,90.0,12.2,5.618,5.4,5.4,16.0,0.0,0.0,34.0,-99.82,-100.0,-100.0,8.0,0.0,0.0,33.0,30.014,90.0,30.603,-24.0,1.0,4.703,33.0,-65.467,-65.0,-65.0,-24.0,1.0,-0.0,43.0,-95.017,-95.017,-95.017,0.0,0.0,0.0,33.0,-69.756,-70.244,-70.244,8.0,0.0,-0.0,34.0,-33.196,-33.196,-33.196,0.0,0.0,-0.0,34.0
33.7099,1,fwd,90.0,12.2,5.618,5.4,5.4,16.0,0.0,0.0,34.0,-99.82,-100.0,-100.0,8.0,0.0,0.0,33.0,30.156,90.0,30.817,-24.0,1.0,3.429,33.0,-65.467,-65.0,-65.0,-24.0,1.0,-0.0,43.0,-95.017,-95.017,-95.017,0.0,0.0,0.0,33.0,-69.756,-70.244,-70.244,8.0,0.0,-0.0,34.0,-33.196,-33.196,-33.196,0.0,0.0,-0.0,34.0
33.7631,1,fwd,90.0,12.2,5.618,5.4,5.4,16.0,0.0,0.0,34.0,-99.82,-100.0,-100.0,8.0,0.0,0.0,33.0,30.441,90.0,31.03,-24.0,1.0,4.304,33.0,-65.467,-65.0,-65.0,-24.0,1.0,-0.0,43.0,-95.017,-95.017,-95.017,0.0,0.0,0.0,33.0,-69.756,-70.244,-70.244,8.0,0.0,-0.0,34.0,-33.196,-33.196,-33.196,0.0,0.0,-0.0,34.0
33.8162,1,fwd,90.0,12.2,5.618,5.4,5.4,16.0,0.0,0.0,34.0,-99.82,-100.0,-100.0,8.0,0.0,0.0,33.0,30.725,90.0,31.251,-24.0,1.0,4.816,33.0,-65.467,-65.0,-65.0,-24.0,1.0,-0.0,43.0,-95.017,-95.017,-95.017,0.0,0.0,0.0,33.0,-69.756,-70.244,-70.244,8.0,0.0,-0.0,34.0,-33.196,-33.196,-33.196,0.0,0.0,-0.0,34.0
33.8683,1,fwd,90.0,12.2,5.618,5.4,5.4,16.0,0.0,0.0,34.0,-99.82,-100.0,-100.0,8.0,0.0,0.0,33.0,30.868,90.0,31.467,-24.0,1.0,3.918,33.0,-65.467,-65.0,-65.0,-24.0,1.0,-0.0,43.0,-95.017,-95.017,-95.017,0.0,0.0,0.0,33.0,-69.756,-70.244,-70.244,8.0,0.0,-0.0,34.0,-33.196,-33.196,-33.196,0.0,0.0,-0.0,34.0
33.9219,1,fwd,90.0,12.2,5.618,5.4,5.4,16.0,0.0,0.0,34.0,-99.82,-100.0,-100.0,8.0,0.0,0.0,33.0,31.152,90.0,31.681,-24.0,1.0,4.604,33.0,-65.467,-65.0,-65.0,-24.0,1.0,-0.0,43.0,-95.017,-95.017,-95.017,0.0,0.0,0.0,33.0,-69.756,-70.244,-70.244,8.0,0.0,-0.0,34.0,-33.196,-33.196,-33.196,0.0,0.0,-0.0,34.0
33.9748,1,fwd,90.0,12.2,5.618,5.4,5.4,16.0,0.0,0.0,34.0,-99.82,-100.0,-100.0,8.0,0.0,0.0,33.0,31.294,90.0,31.898,-24.0,1.0,3.828,33.0,-65.467,-65.0,-65.0,-24.0,1.0,-0.0,43.0,-95.017,-95.017,-95.017,0.0,0.0,0.0,33.0,-69.756,-70.244,-70.244,8.0,0.0,-0.0,34.0,-33.196,-33.196,-33.196,0.0,0.0,-0.0,34.0
34.028,1,fwd,90.0,12.2,5.618,5.4,5.4,16.0,0.0,0.0,34.0,-99.82,-100.0,-100.0,8.0,0.0,0.0,33.0,31.294,90.0,32.006,-24.0,1.0,2.679,33.0,-65.467,-65.0,-65.0,-24.0,1.0,-0.0,43.0,-95.017,-95.017,-95.017,0.0,0.0,0.0,33.0,-69.756,-70.244,-70.244,8.0,0.0,-0.0,34.0,-33.196,-33.196,-33.196,0.0,0.0,-0.0,34.0
34.0803,1,fwd,90.0,12.2,5.618,5.4,5.4,16.0,0.0,0.0,34.0,-99.82,-100.0,-100.0,8.0,0.0,0.0,33.0,31.579,90.0,32.342,-24.0,1.0,3.367,33.0,-65.467,-65.0,-65.0,-24.0,1.0,-0.0,43.0,-95.017,-95.017,-95.017,0.0,0.0,0.0,33.0,-69.756,-70.244,-70.244,8.0,0.0,-0.0,34.0,-33.196,-33.196,-33.196,0.0,0.0,-0.0,34.0
34.1336,1,fwd,90.0,12.2,5.618,5.4,5.4,16.0,0.0,0.0,34.0,-99.82,-100.0,-100.0,8.0,0.0,0.0,33.0,31.721,90.0,32.568,-24.0,1.0,3.24,33.0,-65.467,-65.0,-65.0,-24.0,1.0,-0.0,43.0,-95.017,-95.017,-95.017,0.0,0.0,0.0,33.0,-69.756,-70.244,-70.244,8.0,0.0,-0.0,34.0,-33.196,-33.196,-33.196,0.0,0.0,-0.0,34.0
34.1873,1,fwd,90.0,12.2,5.618,5.4,5.4,16.0,0.0,0.0,34.0,-99.82,-100.0,-100.0,8.0,0.0,0.0,33.0,32.148,90.0,32.685,-24.0,1.0,5.189,33.0,-65.467,-65.0,-65.0,-24.0,1.0,-0.0,43.0,-95.017,-95.017,-95.017,0.0,0.0,0.0,33.0,-69.756,-70.244,-70.244,8.0,0.0,-0.0,34.0,-33.196,-33.196,-33.196,0.0,0.0,-0.0,34.0
34.2413,1,fwd,90.0,12.2,5.618,5.4,5.4,16.0,0.0,0.0,34.0,-99.82,-100.0,-100.0,8.0,0.0,0.0,33.0,32.29,90.0,32.914,-24.0,1.0,4.137,33.0,-65.467,-65.0,-65.0,-24.0,1.0,-0.0,43.0,-95.017,-95.017,-95.017,0.0,0.0,0.0,33.0,-69.756,-70.244,-70.244,8.0,0.0,-0.0,34.0,-33.196,-33.196,-33.196,0.0,0.0,-0.0,34.0
34.2949,1,fwd,90.0,12.2,5.618,5.4,5.4,16.0,0.0,0.0,34.0,-99.82,-100.0,-100.0,8.0,0.0,0.0,33.0,32.575,90.0,33.128,-24.0,1.0,4.723,33.0,-65.467,-65.0,-65.0,-24.0,1.0,-0.0,43.0,-95.017,-95.017,-95.017,0.0,0.0,0.0,33.0,-69.756,-70.244,-70.244,8.0,0.0,-0.0,34.0,-33.196,-33.196,-33.196,0.0,0.0,-0.0,34.0
34.348,1,fwd,90.0,12.2,5.618,5.4,5.4,16.0,0.0,0.0,34.0,-99.82,-100.0,-100.0,8.0,0.0,0.0,33.0,32.717,90.0,33.342,-24.0,1.0,3.436,33.0,-65.467,-65.0,-65.0,-24.0,1.0,-0.0,43.0,-95.017,-95.017,-95.017,0.0,0.0,0.0,33.0,-69.756,-70.244,-70.244,8.0,0.0,-0.0,34.0,-33.196,-33.196,-33.196,0.0,0.0,-0.0,34.0
34.401,1,fwd,90.0,12.2,5.618,5.4,5.4,16.0,0.0,0.0,34.0,-99.82,-100.0,-100.0,8.0,0.0,0.0,33.0,33.001,90.0,33.559,-24.0,1.0,4.36,33.0,-65.467,-65.0,-65.0,-24.0,1.0,-0.0,43.0,-95.017,-95.017,-95.017,0.0,0.0,0.0,33.0,-69.756,-70.244,-70.244,8.0,0.0,-0.0,34.0,-33.196,-33.196,-33.196,0.0,0.0,-0.0,34.0
34.4546,1,fwd,90.0,12.2,5.618,5.4,5.4,16.0,0.0,0.0,34.0,-99.82,-100.0,-100.0,8.0,0.0,0.0,33.0,33.144,90.0,33.774,-24.0,1.0,3.254,33.0,-65.467,-65.0,-65.0,-24.0,1.0,-0.0,43.0,-95.017,-95.017,-95.017,0.0,0.0,0.0,33.0,-69.756,-70.244,-70.244,8.0,0.0,-0.0,34.0,-33.196,-33.196,-33.196,0.0,0.0,-0.0,34.0
34.5081,1,fwd,90.0,12.2,5.618,5.4,5.4,16.0,0.0,0.0,34.0,-99.82,-100.0,-100.0,8.0,0.0,0.0,33.0,33.428,90.0,33.991,-24.0,1.0,4.265,33.0,-65.467,-65.0,-65.0,-24.0,1.0,-0.0,43.0,-95.017,-95.017,-95.017,0.0,0.0,0.0,33.0,-69.756,-70.244,-70.244,8.0,0.0,-0.0,34.0,-33.196,-33.196,-33.196,0.0,0.0,-0.0,34.0
34.5616,1,fwd,90.0,12.2,5.618,5.4,5.4,16.0,0.0,0.0,34.0,-99.82,-100.0,-100.0,8.0,0.0,0.0,33.0,33.57,90.0,34.205,-24.0,1.0,3.209,33.0,-65.467,-65.0,-65.0,-24.0,1.0,-0.0,43.0,-95.017,-95.017,-95.017,0.0,0.0,0.0,33.0,-69.756,-70.244,-70.244,8.0,0.0,-0.0,34.0,-33.196,-33.196,-33.196,0.0,0.0,-0.0,34.0
34.6159,1,fwd,90.0,12.2,5.618,5.4,5.4,16.0,0.0,0.0,34.0,-99.82,-100.0,-100.0,8.0,0.0,0.0,33.0,33.713,90.0,34.312,-24.0,0.0,3.847,33.0,-65.467,-65.0,-65.0,-24.0,1.0,-0.0,43.0,-95.017,-95.017,-95.017,0.0,0.0,0.0,33.0,-69.756,-70.244,-70.244,8.0,0.0,-0.0,34.0,-33.196,-33.196,-33.196,0.0,0.0,-0.0,34.0
34.6688,1,fwd,90.0,12.2,5.618,5.4,5.4,16.0,0.0,0.0,34.0,-99.82,-100.0,-100.0,8.0,0.0,0.0,33.0,33.997,90.0,34.648,-24.0,0.0,2.927,33.0,-65.467,-65.0,-65.0,-24.0,1.0,-0.0,43.0,-95.017,-95.017,-95.017,0.0,0.0,0.0,33.0,-69.756,-70.244,-70.244,8.0,0.0,-0.0,34.0,-33.196,-33.196,-33.196,0.0,0.0,-0.0,34.0
34.722,1,fwd,90.0,12.2,5.618,5.4,5.4,16.0,0.0,0.0,34.0,-99.82,-100.0,-100.0,8.0,0.0,0.0,33.0,34.282,90.0,34.867,-24.0,0.0,4.117,33.0,-65.467,-65.0,-65.0,-24.0,1.0,-0.0,43.0,-95.017,-95.017,-95.017,0.0,0.0,0.0,33.0,-69.756,-70.244,-70.244,8.0,0.0,-0.0,34.0,-33.196,-33.196,-33.196,0.0,0.0,-0.0,34.0
34.7744,1,fwd,90.0,12.2,5.618,5.4,5.4,16.0,0.0,0.0,34.0,-99.82,-100.0,-100.0,8.0,0.0,0.0,33.0,34.566,90.0,35.084,-24.0,0.0,4.697,33.0,-65.467,-65.0,-65.0,-24.0,1.0,-0.0,43.0,-95.017,-95.017,-95.017,0.0,0.0,0.0,33.0,-69.756,-70.244,-70.244,8.0,0.0,-0.0,34.0,-33.196,-33.196,-33.196,0.0,0.0,-0.0,34.0
34.8277,1,fwd,90.0,12.2,5.618,5.4,5.4,16.0,0.0,0.0,34.0,-99.82,-100.0,-100.0,8.0,0.0,0.0,33.0,34.708,90.0,35.297,-24.0,0.0,3.909,33.0,-65.467,-65.0,-65.0,-24.0,1.0,-0.0,43.0,-95.017,-95.017,-95.017,0.0,0.0,0.0,33.0,-69.756,-70.244,-70.244,8.0,0.0,-0.0,34.0,-33.196,-33.196,-33.196,0.0,0.0,-0.0,34.0
34.8808,1,fwd,90.0,12.2,5.618,5.4,5.4,16.0,0.0,0.0,34.0,-99.82,-100.0,-100.0,8.0,0.0,0.0,33.0,34.993,90.0,35.509,-24.0,0.0,4.632,33.0,-65.467,-65.0,-65.0,-24.0,1.0,-0.0,43.0,-95.017,-95.017,-95.017,0.0,0.0,0.0,33.0,-69.756,-70.244,-70.244,8.0,0.0,-0.0,34.0,-33.196,-33.196,-33.196,0.0,0.0,-0.0,34.0
34.934,1,fwd,90.0,12.2,5.618,5.4,5.4,16.0,0.0,0.0,34.0,-99.82,-100.0,-100.0,8.0,0.0,0.0,33.0,35.135,90.0,35.726,-24.0,0.0,3.86,33.0,-65.467,-65.0,-65.0,-24.0,1.0,-0.0,43.0,-95.017,-95.017,-95.017,0.0,0.0,0.0,33.0,-69.756,-70.244,-70.244,8.0,0.0,-0.0,34.0,-33.196,-33.196,-33.196,0.0,0.0,-0.0,34.0
34.9864,1,fwd,90.0,12.2,5.618,5.4,5.4,16.0,0.0,0.0,34.0,-99.82,-100.0,-100.0,8.0,0.0,0.0,33.0,35.42,90.0,35.942,-24.0,0.0,4.579,33.0,-65.467,-65.0,-65.0,-24.0,1.0,-0.0,43.0,-95.017,-95.017,-95.017,0.0,0.0,0.0,33.0,-69.756,-70.244,-70.244,8.0,0.0,-0.0,34.0,-33.196,-33.196,-33.196,0.0,0.0,-0.0,34.0
35.0395,1,fwd,90.0,12.2,5.618,5.4,5.4,16.0,0.0,0.0,34.0,-99.82,-100.0,-100.0,8.0,0.0,0.0,33.0,35.562,90.0,36.158,-24.0,0.0,3.832,33.0,-65.467,-65.0,-65.0,-24.0,1.0,-0.0,43.0,-95.017,-95.017,-95.017,0.0,0.0,0.0,33.0,-69.756,-70.244,-70.244,8.0,0.0,-0.0,34.0,-33.196,-33.196,-33.196,0.0,0.0,-0.0,34.0
35.0926,1,fwd,90.0,12.2,5.618,5.4,5.4,16.0,0.0,0.0,34.0,-99.82,-100.0,-100.0,8.0,0.0,0.0,33.0,35.846,90.0,36.375,-24.0,0.0,4.574,33.0,-65.467,-65.0,-65.0,-24.0,1.0,-0.0,43.0,-95.017,-95.017,-95.017,0.0,0.0,0.0,33.0,-69.756,-70.244,-70.244,8.0,0.0,-0.0,34.0,-33.196,-33.196,-33.196,0.0,0.0,-0.0,34.0
35.146,1,fwd,90.0,12.2,5.618,5.4,5.4,16.0,0.0,0.0,34.0,-99.82,-100.0,-100.0,8.0,0.0,0.0,33.0,35.989,90.0,36.588,-24.0,0.0,3.843,33.0,-65.467,-65.0,-65.0,-24.0,1.0,-0.0,43.0,-95.017,-95.017,-95.017,0.0,0.0,0.0,33.0,-69.756,-70.244,-70.244,8.0,0.0,-0.0,34.0,-33.196,-33.196,-33.196,0.0,0.0,-0.0,34.0
35.1991,1,fwd,90.0,12.2,5.618,5.4,5.4,16.0,0.0,0.0,34.0,-99.82,-100.0,-100.0,8.0,0.0,0.0,33.0,35.989,90.0,36.818,-24.0,0.0,3.843,33.0,-65.467,-65.0,-65.0,-24.0,1.0,-0.0,43.0,-95.017,-95.017,-95.017,0.0,0.0,0.0,33.0,-69.756,-70.244,-70.244,8.0,0.0,-0.0,34.0,-33.196,-33.196,-33.196,0.0,0.0,-0.0,34.0
35.2527,1,fwd,90.0,12.2,5.618,5.4,5.4,16.0,0.0,0.0,34.0,-99.82,-100.0,-100.0,8.0,0.0,0.0,33.0,36.273,90.0,37.046,-24.0,0.0,2.867,33.0,-65.467,-65.0,-65.0,-24.0,1.0,-0.0,43.0,-95.017,-95.017,-95.017,0.0,0.0,0.0,33.0,-69.756,-70.244,-70.244,8.0,0.0,-0.0,34.0,-33.196,-33.196,-33.196,0.0,0.0,-0.0,34.0
35.3063,1,fwd,90.0,12.2,5.618,5.4,5.4,16.0,0.0,0.0,34.0,-99.82,-100.0,-100.0,8.0,0.0,0.0,33.0,36.558,90.0,37.162,-24.0,0.0,4.008,33.0,-65.467,-65.0,-65.0,-24.0,1.0,-0.0,43.0,-95.017,-95.017,-95.017,0.0,0.0,0.0,33.0,-69.756,-70.244,-70.244,8.0,0.0,-0.0,34.0,-33.196,-33.196,-33.196,0.0,0.0,-0.0,34.0
35.3594,1,fwd,90.0,12.2,5.618,5.4,5.4,16.0,0.0,0.0,34.0,-99.82,-100.0,-100.0,8.0,0.0,0.0,33.0,36.842,90.0,37.387,-24.0,0.0,4.556,33.0,-65.467,-65.0,-65.0,-24.0,1.0,-0.0,43.0,-95.017,-95.017,-95.017,0.0,0.0,0.0,33.0,-69.756,-70.244,-70.244,8.0,0.0,-0.0,34.0,-33.196,-33.196,-33.196,0.0,0.0,-0.0,34.0
35.4134,1,fwd,90.0,12.2,5.618,5.4,5.4,16.0,0.0,0.0,34.0,-99.82,-100.0,-100.0,8.0,0.0,0.0,33.0,36.984,90.0,37.604,-24.0,0.0,3.333,33.0,-65.467,-65.0,-65.0,-24.0,1.0,-0.0,43.0,-95.017,-95.017,-95.017,0.0,0.0,0.0,33.0,-69.756,-70.244,-70.244,8.0,0.0,-0.0,34.0,-33.196,-33.196,-33.196,0.0,0.0,-0.0,34.0
35.4667,1,fwd,90.0,12.2,5.618,5.4,5.4,16.0,0.0,0.0,34.0,-99.82,-100.0,-100.0,8.0,0.0,0.0,33.0,37.269,90.0,37.819,-24.0,0.0,4.344,33.0,-65.467,-65.0,-65.0,-24.0,1.0,-0.0,43.0,-95.017,-95.017,-95.017,0.0,0.0,0.0,33.0,-69.756,-70.244,-70.244,8.0,0.0,-0.0,34.0,-33.196,-33.196,-33.196,0.0,0.0,-0.0,34.0
35.5202,1,fwd,90.0,12.2,5.618,5.4,5.4,16.0,0.0,0.0,34.0,-99.82,-100.0,-100.0,8.0,0.0,0.0,33.0,37.411,90.0,38.035,-24.0,0.0,3.243,33.0,-65.467,-65.0,-65.0,-24.0,1.0,-0.0,43.0,-95.017,-95.017,-95.017,0.0,0.0,0.0,33.0,-69.756,-70.244,-70.244,8.0,0.0,-0.0,34.0,-33.196,-33.196,-33.196,0.0,0.0,-0.0,34.0
35.5738,1,fwd,90.0,12.2,5.618,5.4,5.4,16.0,0.0,0.0,34.0,-99.82,-100.0,-100.0,8.0,0.0,0.0,33.0,37.696,90.0,38.249,-24.0,0.0,4.3,33.0,-65.467,-65.0,-65.0,-24.0,1.0,-0.0,43.0,-95.017,-95.017,-95.017,0.0,0.0,0.0,33.0,-69.756,-70.244,-70.244,8.0,0.0,-0.0,34.0,-33.196,-33.196,-33.196,0.0,0.0,-0.0,34.0
35.6276,1,fwd,90.0,12.2,5.618,5.4,5.4,16.0,0.0,0.0,34.0,-99.82,-100.0,-100.0,8.0,0.0,0.0,33.0,37.838,90.0,38.463,-24.0,0.0,3.219,33.0,-65.467,-65.0,-65.0,-24.0,1.0,-0.0,43.0,-95.017,-95.017,-95.017,0.0,0.0,0.0,33.0,-69.756,-70.244,-70.244,8.0,0.0,-0.0,34.0,-33.196,-33.196,-33.196,0.0,0.0,-0.0,34.0
35.6806,1,fwd,90.0,12.2,5.618,5.4,5.4,16.0,0.0,0.0,34.0,-99.82,-100.0,-100.0,8.0,0.0,0.0,33.0,38.122,90.0,38.677,-24.0,0.0,4.285,33.0,-65.467,-65.0,-65.0,-24.0,1.0,-0.0,43.0,-95.017,-95.017,-95.017,0.0,0.0,0.0,33.0,-69.756,-70.244,-70.244,8.0,0.0,-0.0,34.0,-33.196,-33.196,-33.196,0.0,0.0,-0.0,34.0
35.7339,1,fwd,90.0,12.2,5.618,5.4,5.4,16.0,0.0,0.0,34.0,-99.82,-100.0,-100.0,8.0,0.0,0.0,33.0,38.265,90.0,38.892,-24.0,0.0,3.223,33.0,-65.467,-65.0,-65.0,-24.0,1.0,-0.0,43.0,-95.017,-95.017,-95.017,0.0,0.0,0.0,33.0,-69.756,-70.244,-70.244,8.0,0.0,-0.0,34.0,-33.196,-33.196,-33.196,0.0,0.0,-0.0,34.0
35.7876,1,fwd,90.0,12.2,5.618,5.4,5.4,16.0,0.0,0.0,34.0,-99.82,-100.0,-100.0,8.0,0.0,0.0,33.0,38.549,90.0,39.132,-24.0,1.0,3.681,33.0,-65.467,-65.0,-65.0,-24.0,0.0,-0.0,43.0,-95.017,-95.017,-95.017,0.0,0.0,0.0,33.0,-69.756,-70.244,-70.244,8.0,0.0,-0.0,34.0,-33.196,-33.196,-33.196,0.0,0.0,-0.0,34.0
35.8409,1,fwd,90.0,12.2,5.618,5.4,5.4,16.0,0.0,0.0,34.0,-99.82,-100.0,-100.0,8.0,0.0,0.0,33.0,38.691,90.0,39.346,-24.0,1.0,3.41,33.0,-65.467,-65.0,-65.0,-24.0,0.0,-0.0,43.0,-95.017,-95.017,-95.017,0.0,0.0,0.0,33.0,-69.756,-70.244,-70.244,8.0,0.0,-0.0,34.0,-33.196,-33.196,-33.196,0.0,0.0,-0.0,34.0
35.8942,1,fwd,90.0,12.2,5.618,5.4,5.4,16.0,0.0,0.0,34.0,-99.82,-100.0,-100.0,8.0,0.0,0.0,33.0,38.976,90.0,39.559,-24.0,1.0,4.389,33.0,-65.467,-65.0,-65.0,-24.0,0.0,-0.0,43.0,-95.017,-95.017,-95.017,0.0,0.0,0.0,33.0,-69.756,-70.244,-70.244,8.0,0.0,-0.0,34.0,-33.196,-33.196,-33.196,0.0,0.0,-0.0,34.0
35.9466,1,fwd,90.0,12.2,5.618,5.4,5.4,16.0,0.0,0.0,34.0,-99.82,-100.0,-100.0,8.0,0.0,0.0,33.0,39.26,90.0,39.776,-24.0,1.0,4.814,33.0,-65.467,-65.0,-65.0,-24.0,0.0,-0.0,43.0,-95.017,-95.017,-95.017,0.0,0.0,0.0,33.0,-69.756,-70.244,-70.244,8.0,0.0,-0.0,34.0,-33.196,-33.196,-33.196,0.0,0.0,-0.0,34.0
35.9997,1,fwd,90.0,12.2,5.618,5.4,5.4,16.0,0.0,0.0,34.0,-99.82,-100.0,-100.0,8.0,0.0,0.0,33.0,39.403,90.0,39.991,-24.0,1.0,3.94,33.0,-65.467,-65.0,-65.0,-24.0,0.0,-0.0,43.0,-95.017,-95.017,-95.017,0.0,0.0,0.0,33.0,-69.756,-70.244,-70.244,8.0,0.0,-0.0,34.0,-33.196,-33.196,-33.196,0.0,0.0,-0.0,34.0
36.053,1,fwd,90.0,12.2,5.618,5.4,5.4,16.0,0.0,0.0,34.0,-99.82,-100.0,-100.0,8.0,0.0,0.0,33.0,39.687,90.0,40.207,-24.0,1.0,4.622,33.0,-65.467,-65.0,-65.0,-24.0,0.0,-0.0,43.0,-95.017,-95.017,-95.017,0.0,0.0,0.0,33.0,-69.756,-70.244,-70.244,8.0,0.0,-0.0,34.0,-33.196,-33.196,-33.196,0.0,0.0,-0.0,34.0
36.1053,1,fwd,90.0,12.2,5.618,5.4,5.4,16.0,0.0,0.0,34.0,-99.82,-100.0,-100.0,8.0,0.0,0.0,33.0,39.829,90.0,40.423,-24.0,1.0,3.818,33.0,-65.467,-65.0,-65.0,-24.0,0.0,-0.0,43.0,-95.017,-95.017,-95.017,0.0,0.0,0.0,33.0,-69.756,-70.244,-70.244,8.0,0.0,-0.0,34.0,-33.196,-33.196,-33.196,0.0,0.0,-0.0,34.0
36.1587,1,fwd,90.0,12.2,5.618,5.4,5.4,16.0,0.0,0.0,34.0,-99.82,-100.0,-100.0,8.0,0.0,0.0,33.0,40.114,90.0,40.638,-24.0,1.0,4.606,33.0,-65.467,-65.0,-65.0,-24.0,0.0,-0.0,43.0,-95.017,-95.017,-95.017,0.0,0.0,0.0,33.0,-69.756,-70.244,-70.244,8.0,0.0,-0.0,34.0,-33.196,-33.196,-33.196,0.0,0.0,-0.0,34.0
36.2118,1,fwd,90.0,12.2,5.618,5.4,5.4,16.0,0.0,0.0,34.0,-99.82,-100.0,-100.0,8.0,0.0,0.0,33.0,40.256,90.0,40.851,-24.0,1.0,3.815,33.0,-65.467,-65.0,-65.0,-24.0,0.0,-0.0,43.0,-95.017,-95.017,-95.017,0.0,0.0,0.0,33.0,-69.756,-70.244,-70.244,8.0,0.0,-0.0,34.0,-33.196,-33.196,-33.196,0.0,0.0,-0.0,34.0
36.2652,1,fwd,90.0,12.2,5.618,5.4,5.4,16.0,0.0,0.0,34.0,-99.82,-100.0,-100.0,8.0,0.0,0.0,33.0,40.541,90.0,41.068,-24.0,1.0,4.542,33.0,-65.467,-65.0,-65.0,-24.0,0.0,-0.0,43.0,-95.017,-95.017,-95.017,0.0,0.0,0.0,33.0,-69.756,-70.244,-70.244,8.0,0.0,-0.0,34.0,-33.196,-33.196,-33.196,0.0,0.0,-0.0,34.0
36.3187,1,fwd,90.0,12.2,5.618,5.4,5.4,16.0,0.0,0.0,34.0,-99.82,-100.0,-100.0,8.0,0.0,0.0,33.0,40.541,90.0,41.176,-24.0,1.0,3.18,33.0,-65.467,-65.0,-65.0,-24.0,0.0,-0.0,43.0,-95.017,-95.017,-95.017,0.0,0.0,0.0,33.0,-69.756,-70.244,-70.244,8.0,0.0,-0.0,34.0,-33.196,-33.196,-33.196,0.0,0.0,-0.0,34.0
36.3717,1,fwd,90.0,12.2,5.618,5.4,5.4,16.0,0.0,0.0,34.0,-99.82,-100.0,-100.0,8.0,0.0,0.0,33.0,40.825,90.0,41.522,-24.0,0.0,3.663,33.0,-65.467,-65.0,-65.0,-24.0,1.0,-0.0,43.0,-95.017,-95.017,-95.017,0.0,0.0,0.0,33.0,-69.756,-70.244,-70.244,8.0,0.0,-0.0,34.0,-33.196,-33.196,-33.196,0.0,0.0,-0.0,34.0
36.4252,1,fwd,90.0,12.2,5.618,5.4,5.4,16.0,0.0,0.0,34.0,-99.82,-100.0,-100.0,8.0,0.0,0.0,33.0,40.967,90.0,41.638,-24.0,0.0,3.363,33.0,-65.467,-65.0,-65.0,-24.0,1.0,-0.0,43.0,-95.017,-95.017,-95.017,0.0,0.0,0.0,33.0,-69.756,-70.244,-70.244,8.0,0.0,-0.0,34.0,-33.196,-33.196,-33.196,0.0,0.0,-0.0,34.0
36.4795,1,fwd,90.0,12.2,5.618,5.4,5.4,16.0,0.0,0.0,34.0,-99.82,-100.0,-100.0,8.0,0.0,0.0,33.0,41.252,90.0,41.864,-24.0,0.0,4.237,33.0,-65.467,-65.0,-65.0,-24.0,1.0,-0.0,43.0,-95.017,-95.017,-95.017,0.0,0.0,0.0,33.0,-69.756,-70.244,-70.244,8.0,0.0,-0.0,34.0,-33.196,-33.196,-33.196,0.0,0.0,-0.0,34.0
36.5329,1,fwd,90.0,12.2,5.618,5.4,5.4,16.0,0.0,0.0,34.0,-99.82,-100.0,-100.0,8.0,0.0,0.0,33.0,41.536,90.0,42.079,-24.0,0.0,4.769,33.0,-65.467,-65.0,-65.0,-24.0,1.0,-0.0,43.0,-95.017,-95.017,-95.017,0.0,0.0,0.0,33.0,-69.756,-70.244,-70.244,8.0,0.0,-0.0,34.0,-33.196,-33.196,-33.196,0.0,0.0,-0.0,34.0
36.5858,1,fwd,90.0,12.2,5.618,5.4,5.4,16.0,0.0,0.0,34.0,-99.82,-100.0,-100.0,8.0,0.0,0.0,33.0,41.679,90.0,42.295,-24.0,0.0,3.449,33.0,-65.467,-65.0,-65.0,-24.0,1.0,-0.0,43.0,-95.017,-95.017,-95.017,0.0,0.0,0.0,33.0,-69.756,-70.244,-70.244,8.0,0.0,-0.0,34.0,-33.196,-33.196,-33.196,0.0,0.0,-0.0,34.0
36.6399,1,fwd,90.0,12.2,5.618,5.4,5.4,16.0,0.0,0.0,34.0,-99.82,-100.0,-100.0,8.0,0.0,0.0,33.0,41.963,90.0,42.511,-24.0,0.0,4.38,33.0,-65.467,-65.0,-65.0,-24.0,1.0,-0.0,43.0,-95.017,-95.017,-95.017,0.0,0.0,0.0,33.0,-69.756,-70.244,-70.244,8.0,0.0,-0.0,34.0,-33.196,-33.196,-33.196,0.0,0.0,-0.0,34.0
36.6923,1,fwd,90.0,12.2,5.618,5.4,5.4,16.0,0.0,0.0,34.0,-99.82,-100.0,-100.0,8.0,0.0,0.0,33.0,42.105,90.0,42.726,-24.0,0.0,3.261,33.0,-65.467,-65.0,-65.0,-24.0,1.0,-0.0,43.0,-95.017,-95.017,-95.017,0.0,0.0,0.0,33.0,-69.756,-70.244,-70.244,8.0,0.0,-0.0,34.0,-33.196,-33.196,-33.196,0.0,0.0,-0.0,34.0
36.7455,1,fwd,90.0,12.2,5.618,5.4,5.4,16.0,0.0,0.0,34.0,-99.82,-100.0,-100.0,8.0,0.0,0.0,33.0,42.39,90.0,42.939,-24.0,0.0,4.263,33.0,-65.467,-65.0,-65.0,-24.0,1.0,-0.0,43.0,-95.017,-95.017,-95.017,0.0,0.0,0.0,33.0,-69.756,-70.244,-70.244,8.0,0.0,-0.0,34.0,-33.196,-33.196,-33.196,0.0,0.0,-0.0,34.0
36.7974,1,fwd,90.0,12.2,5.618,5.4,5.4,16.0,0.0,0.0,34.0,-99.82,-100.0,-100.0,8.0,0.0,0.0,33.0,42.532,90.0,43.157,-24.0,0.0,3.208,33.0,-65.467,-65.0,-65.0,-24.0,1.0,-0.0,43.0,-95.017,-95.017,-95.017,0.0,0.0,0.0,33.0,-69.756,-70.244,-70.244,8.0,0.0,-0.0,34.0,-33.196,-33.196,-33.196,0.0,0.0,-0.0,34.0
36.8508,1,fwd,90.0,12.2,5.618,5.4,5.4,16.0,0.0,0.0,34.0,-99.82,-100.0,-100.0,8.0,0.0,0.0,33.0,42.817,90.0,43.376,-24.0,0.0,4.247,33.0,-65.467,-65.0,-65.0,-24.0,1.0,-0.0,43.0,-95.017,-95.017,-95.017,0.0,0.0,0.0,33.0,-69.756,-70.244,-70.244,8.0,0.0,-0.0,34.0,-33.196,-33.196,-33.196,0.0,0.0,-0.0,34.0
36.9041,1,fwd,90.0,12.2,5.618,5.4,5.4,16.0,0.0,0.0,34.0,-99.82,-100.0,-100.0,8.0,0.0,0.0,33.0,42.959,90.0,43.482,-16.0,0.0,4.568,33.0,-65.467,-65.0,-65.0,-24.0,1.0,-0.0,43.0,-95.017,-95.017,-95.017,0.0,0.0,0.0,33.0,-69.756,-70.244,-70.244,8.0,0.0,-0.0,34.0,-33.196,-33.196,-33.196,0.0,0.0,-0.0,34.0
36.9572,1,fwd,90.0,12.2,5.618,5.4,5.4,16.0,0.0,0.0,34.0,-99.82,-100.0,-100.0,8.0,0.0,0.0,33.0,43.101,90.0,43.818,-16.0,0.0,2.761,33.0,-65.467,-65.0,-65.0,-24.0,1.0,-0.0,43.0,-95.017,-95.017,-95.017,0.0,0.0,0.0,33.0,-69.756,-70.244,-70.244,8.0,0.0,-0.0,34.0,-33.196,-33.196,-33.196,0.0,0.0,-0.0,34.0
37.0107,1,fwd,90.0,12.2,5.618,5.4,5.4,16.0,0.0,0.0,34.0,-99.82,-100.0,-100.0,8.0,0.0,0.0,33.0,43.385,90.0,44.035,-16.0,0.0,4.017,33.0,-65.467,-65.0,-65.0,-24.0,1.0,-0.0,43.0,-95.017,-95.017,-95.017,0.0,0.0,0.0,33.0,-69.756,-70.244,-70.244,8.0,0.0,-0.0,34.0,-33.196,-33.196,-33.196,0.0,0.0,-0.0,34.0
37.064,1,fwd,90.0,12.2,5.618,5.4,5.4,16.0,0.0,0.0,34.0,-99.82,-100.0,-100.0,8.0,0.0,0.0,33.0,43.67,90.0,44.252,-16.0,0.0,4.655,33.0,-65.467,-65.0,-65.0,-24.0,1.0,-0.0,43.0,-95.017,-95.017,-95.017,0.0,0.0,0.0,33.0,-69.756,-70.244,-70.244,8.0,0.0,-0.0,34.0,-33.196,-33.196,-33.196,0.0,0.0,-0.0,34.0
37.1165,1,fwd,90.0,12.2,5.618,5.4,5.4,16.0,0.0,0.0,34.0,-99.82,-100.0,-100.0,8.0,0.0,0.0,33.0,43.954,90.0,44.468,-16.0,0.0,4.965,33.0,-65.467,-65.0,-65.0,-24.0,1.0,-0.0,43.0,-95.017,-95.017,-95.017,0.0,0.0,0.0,33.0,-69.756,-70.244,-70.244,8.0,0.0,-0.0,34.0,-33.196,-33.196,-33.196,0.0,0.0,-0.0,34.0
37.1694,1,fwd,90.0,12.2,5.618,5.4,5.4,16.0,0.0,0.0,34.0,-99.82,-100.0,-100.0,8.0,0.0,0.0,33.0,44.097,90.0,44.682,-16.0,0.0,4.032,33.0,-65.467,-65.0,-65.0,-24.0,1.0,-0.0,43.0,-95.017,-95.017,-95.017,0.0,0.0,0.0,33.0,-69.756,-70.244,-70.244,8.0,0.0,-0.0,34.0,-33.196,-33.196,-33.196,0.0,0.0,-0.0,34.0
37.2228,1,fwd,90.0,12.2,5.618,5.4,5.4,16.0,0.0,0.0,34.0,-99.82,-100.0,-100.0,8.0,0.0,0.0,33.0,44.381,90.0,44.897,-16.0,0.0,4.693,33.0,-65.467,-65.0,-65.0,-24.0,1.0,-0.0,43.0,-95.017,-95.017,-95.017,0.0,0.0,0.0,33.0,-69.756,-70.244,-70.244,8.0,0.0,-0.0,34.0,-33.196,-33.196,-33.196,0.0,0.0,-0.0,34.0
37.276,1,fwd,90.0,12.2,5.618,5.4,5.4,16.0,0.0,0.0,34.0,-99.82,-100.0,-100.0,8.0,0.0,0.0,33.0,44.523,90.0,45.109,-16.0,0.0,3.895,33.0,-65.467,-65.0,-65.0,-24.0,1.0,-0.0,43.0,-95.017,-95.017,-95.017,0.0,0.0,0.0,33.0,-69.756,-70.244,-70.244,8.0,0.0,-0.0,34.0,-33.196,-33.196,-33.196,0.0,0.0,-0.0,34.0
37.329,1,fwd,90.0,12.2,5.618,5.4,5.4,16.0,0.0,0.0,34.0,-99.82,-100.0,-100.0,8.0,0.0,0.0,33.0,44.808,90.0,45.324,-16.0,0.0,4.593,33.0,-65.467,-65.0,-65.0,-24.0,1.0,-0.0,43.0,-95.017,-95.017,-95.017,0.0,0.0,0.0,33.0,-69.756,-70.244,-70.244,8.0,0.0,-0.0,34.0,-33.196,-33.196,-33.196,0.0,0.0,-0.0,34.0
37.3822,1,fwd,90.0,12.2,5.618,5.4,5.4,16.0,0.0,0.0,34.0,-99.82,-100.0,-100.0,8.0,0.0,0.0,33.0,44.95,90.0,45.541,-16.0,0.0,3.815,33.0,-65.467,-65.0,-65.0,-24.0,1.0,-0.0,43.0,-95.017,-95.017,-95.017,0.0,0.0,0.0,33.0,-69.756,-70.244,-70.244,8.0,0.0,-0.0,34.0,-33.196,-33.196,-33.196,0.0,0.0,-0.0,34.0
37.4357,1,fwd,90.0,12.2,5.618,5.4,5.4,16.0,0.0,0.0,34.0,-99.82,-100.0,-100.0,8.0,0.0,0.0,33.0,45.092,90.0,45.76,-16.0,0.0,4.226,33.0,-65.467,-65.0,-65.0,-24.0,1.0,-0.0,43.0,-95.017,-95.017,-95.017,0.0,0.0,0.0,33.0,-69.756,-70.244,-70.244,8.0,0.0,-0.0,34.0,-32.99,-33.196,-33.196,0.0,0.0,2.255,34.0
37.4892,1,fwd,90.0,12.2,5.618,5.4,5.4,16.0,0.0,0.0,34.0,-99.82,-100.0,-100.0,8.0,0.0,0.0,33.0,45.235,90.0,45.988,-16.0,0.0,4.529,33.0,-65.467,-65.0,-65.0,-24.0,1.0,-0.0,43.0,-95.017,-95.017,-95.017,0.0,0.0,0.0,33.0,-69.756,-70.244,-70.244,8.0,0.0,-0.0,34.0,-32.99,-33.196,-33.196,8.0,0.0,1.578,34.0
37.5429,1,fwd,90.0,12.2,5.618,5.4,5.4,16.0,0.0,0.0,34.0,-99.82,-100.0,-100.0,8.0,0.0,0.0,33.0,45.377,90.0,46.214,-16.0,0.0,2.718,33.0,-65.467,-65.0,-65.0,-24.0,1.0,-0.0,43.0,-95.017,-95.017,-95.017,0.0,0.0,0.0,33.0,-69.756,-70.244,-70.244,8.0,0.0,-0.0,34.0,-33.196,-33.196,-33.196,8.0,0.0,0.051,34.0
37.5966,1,fwd,90.0,12.2,5.618,5.4,5.4,16.0,0.0,0.0,34.0,-99.82,-100.0,-100.0,8.0,0.0,0.0,33.0,45.804,90.0,46.334,-16.0,0.0,5.501,33.0,-65.467,-65.0,-65.0,-24.0,1.0,-0.0,43.0,-95.017,-95.017,-95.017,0.0,0.0,0.0,33.0,-69.756,-70.244,-70.244,8.0,0.0,-0.0,34.0,-33.196,-33.196,-33.196,8.0,0.0,0.025,34.0
37.6511,1,fwd,90.0,12.2,5.618,5.4,5.4,16.0,0.0,0.0,34.0,-99.82,-100.0,-100.0,8.0,0.0,0.0,33.0,45.946,90.0,46.553,-16.0,0.0,4.269,33.0,-65.467,-65.0,-65.0,-24.0,1.0,-0.0,43.0,-95.017,-95.017,-95.017,0.0,0.0,0.0,33.0,-69.756,-70.244,-70.244,8.0,0.0,-0.0,34.0,-33.196,-33.196,-33.196,8.0,0.0,0.012,34.0
37.7034,1,fwd,90.0,12.2,5.618,5.4,5.4,16.0,0.0,0.0,34.0,-99.82,-100.0,-100.0,8.0,0.0,0.0,33.0,46.23,90.0,46.768,-16.0,0.0,4.815,33.0,-65.467,-65.0,-65.0,-24.0,1.0,-0.0,43.0,-95.017,-95.017,-95.017,0.0,0.0,0.0,33.0,-69.756,-70.244,-70.244,8.0,0.0,-0.0,34.0,-33.196,-33.196,-33.196,8.0,0.0,0.006,34.0
37.7568,1,fwd,90.0,12.2,5.618,5.4,5.4,16.0,0.0,0.0,34.0,-99.82,-100.0,-100.0,8.0,0.0,0.0,33.0,46.373,90.0,46.981,-16.0,0.0,3.948,33.0,-65.467,-65.0,-65.0,-24.0,1.0,-0.0,43.0,-95.017,-95.017,-95.017,0.0,0.0,0.0,33.0,-69.756,-70.244,-70.244,8.0,0.0,-0.0,34.0,-33.196,-33.196,-33.196,8.0,0.0,0.003,34.0
37.8099,1,fwd,90.0,12.2,5.618,5.4,5.4,16.0,0.0,0.0,34.0,-99.82,-100.0,-100.0,8.0,0.0,0.0,33.0,46.657,90.0,47.195,-16.0,0.0,4.635,33.0,-65.467,-65.0,-65.0,-24.0,1.0,-0.0,43.0,-95.017,-95.017,-95.017,0.0,0.0,0.0,33.0,-69.756,-70.244,-70.244,8.0,0.0,-0.0,34.0,-33.196,-33.196,-33.196,8.0,0.0,0.001,34.0
37.8633,1,fwd,90.0,12.2,5.618,5.4,5.4,16.0,0.0,0.0,34.0,-99.82,-100.0,-100.0,8.0,0.0,0.0,33.0,46.799,90.0,47.41,-16.0,0.0,3.396,33.0,-65.467,-65.0,-65.0,-24.0,1.0,-0.0,43.0,-95.017,-95.017,-95.017,0.0,0.0,0.0,33.0,-69.756,-70.244,-70.244,8.0,0.0,-0.0,34.0,-33.196,-33.196,-33.196,8.0,0.0,0.001,34.0
37.9166,1,fwd,90.0,12.2,5.618,5.4,5.4,16.0,0.0,0.0,34.0,-99.82,-100.0,-100.0,8.0,0.0,0.0,33.0,47.084,90.0,47.624,-16.0,0.0,4.386,33.0,-65.467,-65.0,-65.0,-24.0,1.0,-0.0,43.0,-95.017,-95.017,-95.017,0.0,0.0,0.0,33.0,-69.756,-70.244,-70.244,8.0,0.0,-0.0,34.0,-33.196,-33.196,-33.196,8.0,0.0,0.0,34.0
37.9699,1,fwd,90.0,12.2,5.618,5.4,5.4,16.0,0.0,0.0,34.0,-99.82,-100.0,-100.0,8.0,0.0,0.0,33.0,47.226,90.0,47.838,-16.0,0.0,3.257,33.0,-65.467,-65.0,-65.0,-24.0,1.0,-0.0,43.0,-95.017,-95.017,-95.017,0.0,0.0,0.0,33.0,-69.756,-70.244,-70.244,8.0,0.0,-0.0,34.0,-33.196,-33.196,-33.196,8.0,0.0,0.0,34.0
38.0223,1,fwd,90.0,12.2,5.618,5.4,5.4,16.0,0.0,0.0,34.0,-99.82,-100.0,-100.0,8.0,0.0,0.0,33.0,47.511,90.0,48.053,-16.0,0.0,4.277,33.0,-65.467,-65.0,-65.0,-24.0,1.0,-0.0,43.0,-95.017,-95.017,-95.017,0.0,0.0,0.0,33.0,-69.756,-70.244,-70.244,8.0,0.0,-0.0,34.0,-33.196,-33.196,-33.196,8.0,0.0,0.0,34.0
38.0762,1,fwd,90.0,12.2,5.618,5.4,5.4,16.0,0.0,0.0,34.0,-99.82,-100.0,-100.0,8.0,0.0,0.0,33.0,47.653,90.0,48.288,-16.0,1.0,3.72,33.0,-65.467,-65.0,-65.0,-24.0,0.0,-0.0,43.0,-95.017,-95.017,-95.017,0.0,0.0,0.0,33.0,-69.756,-70.244,-70.244,8.0,0.0,-0.0,34.0,-33.196,-33.196,-33.196,0.0,0.0,0.0,34.0
38.1285,1,fwd,90.0,12.2,5.618,5.4,5.4,16.0,0.0,0.0,34.0,-99.82,-100.0,-100.0,8.0,0.0,0.0,33.0,47.795,90.0,48.503,-16.0,1.0,3.42,33.0,-65.467,-65.0,-65.0,-24.0,0.0,-0.0,43.0,-95.017,-95.017,-95.017,0.0,0.0,0.0,33.0,-69.756,-70.244,-70.244,8.0,0.0,-0.0,34.0,-33.196,-33.196,-33.196,0.0,0.0,0.0,34.0
38.182,1,fwd,90.0,12.2,5.618,5.4,5.4,16.0,0.0,0.0,34.0,-99.82,-100.0,-100.0,8.0,0.0,0.0,33.0,48.08,90.0,48.719,-16.0,1.0,4.346,33.0,-65.467,-65.0,-65.0,-24.0,0.0,-0.0,43.0,-95.017,-95.017,-95.017,0.0,0.0,0.0,33.0,-69.756,-70.244,-70.244,8.0,0.0,-0.0,34.0,-33.196,-33.196,-33.196,0.0,0.0,0.0,34.0
38.2353,1,fwd,90.0,12.2,5.618,5.4,5.4,16.0,0.0,0.0,34.0,-99.82,-100.0,-100.0,8.0,0.0,0.0,33.0,48.364,90.0,48.938,-16.0,1.0,4.789,33.0,-65.467,-65.0,-65.0,-24.0,0.0,-0.0,43.0,-95.017,-95.017,-95.017,0.0,0.0,0.0,33.0,-69.756,-70.244,-70.244,8.0,0.0,-0.0,34.0,-33.196,-33.196,-33.196,0.0,0.0,0.0,34.0
38.2887,1,fwd,90.0,12.2,5.618,5.4,5.4,16.0,0.0,0.0,34.0,-99.82,-100.0,-100.0,8.0,0.0,0.0,33.0,48.506,90.0,49.151,-16.0,1.0,3.473,33.0,-65.467,-65.0,-65.0,-24.0,0.0,-0.0,43.0,-95.017,-95.017,-95.017,0.0,0.0,0.0,33.0,-69.756,-70.244,-70.244,8.0,0.0,-0.0,34.0,-33.196,-33.196,-33.196,0.0,0.0,0.0,34.0
38.3418,1,fwd,90.0,12.2,5.618,5.4,5.4,16.0,0.0,0.0,34.0,-99.82,-100.0,-100.0,8.0,0.0,0.0,33.0,48.791,90.0,49.367,-16.0,1.0,4.398,33.0,-65.467,-65.0,-65.0,-24.0,0.0,-0.0,43.0,-95.017,-95.017,-95.017,0.0,0.0,0.0,33.0,-69.756,-70.244,-70.244,8.0,0.0,-0.0,34.0,-33.196,-33.196,-33.196,0.0,0.0,0.0,34.0
38.395,1,fwd,90.0,12.2,5.618,5.4,5.4,16.0,0.0,0.0,34.0,-99.82,-100.0,-100.0,8.0,0.0,0.0,33.0,49.075,90.0,49.58,-16.0,1.0,4.849,33.0,-65.467,-65.0,-65.0,-24.0,0.0,-0.0,43.0,-95.017,-95.017,-95.017,0.0,0.0,0.0,33.0,-69.756,-70.244,-70.244,8.0,0.0,-0.0,34.0,-33.196,-33.196,-33.196,0.0,0.0,0.0,34.0
38.4473,1,fwd,90.0,12.2,5.618,5.4,5.4,16.0,0.0,0.0,34.0,-99.82,-100.0,-100.0,8.0,0.0,0.0,33.0,49.218,90.0,49.797,-16.0,1.0,3.979,33.0,-65.467,-65.0,-65.0,-24.0,0.0,-0.0,43.0,-95.017,-95.017,-95.017,0.0,0.0,0.0,33.0,-69.756,-70.244,-70.244,8.0,0.0,-0.0,34.0,-33.196,-33.196,-33.196,0.0,0.0,0.0,34.0
38.5009,1,fwd,90.0,12.2,5.618,5.4,5.4,16.0,0.0,0.0,34.0,-99.82,-100.0,-100.0,8.0,0.0,0.0,33.0,49.502,90.0,50.013,-16.0,1.0,4.623,33.0,-65.467,-65.0,-65.0,-24.0,0.0,-0.0,43.0,-95.017,-95.017,-95.017,0.0,0.0,0.0,33.0,-69.756,-70.244,-70.244,8.0,0.0,-0.0,34.0,-33.196,-33.196,-33.196,0.0,0.0,0.0,34.0
38.5533,1,fwd,90.0,12.2,5.618,5.4,5.4,16.0,0.0,0.0,34.0,-99.82,-100.0,-100.0,8.0,0.0,0.0,33.0,49.644,90.0,50.229,-16.0,1.0,3.855,33.0,-65.467,-65.0,-65.0,-24.0,0.0,-0.0,43.0,-95.017,-95.017,-95.017,0.0,0.0,0.0,33.0,-69.756,-70.244,-70.244,8.0,0.0,-0.0,34.0,-33.196,-33.196,-33.196,0.0,0.0,0.0,34.0
38.6068,1,fwd,90.0,12.2,5.618,5.4,5.4,16.0,0.0,0.0,34.0,-99.82,-100.0,-100.0,8.0,0.0,0.0,33.0,49.787,90.0,50.336,-16.0,1.0,4.298,33.0,-65.467,-65.0,-65.0,-24.0,0.0,-0.0,43.0,-95.017,-95.017,-95.017,0.0,0.0,0.0,33.0,-69.756,-70.244,-70.244,8.0,0.0,-0.0,34.0,-33.196,-33.196,-33.196,0.0,0.0,0.0,34.0
38.6613,1,fwd,90.0,12.2,5.618,5.4,5.4,16.0,0.0,0.0,34.0,-99.82,-100.0,-100.0,8.0,0.0,0.0,33.0,49.929,90.0,50.682,-24.0,1.0,3.722,33.0,-65.467,-65.0,-65.0,-24.0,0.0,-0.0,43.0,-95.017,-95.017,-95.017,0.0,0.0,0.0,33.0,-69.756,-70.244,-70.244,8.0,0.0,-0.0,34.0,-33.196,-33.196,-33.196,0.0,0.0,0.0,34.0
38.7153,1,fwd,90.0,12.2,5.618,5.4,5.4,16.0,0.0,0.0,34.0,-99.82,-100.0,-100.0,8.0,0.0,0.0,33.0,50.071,90.0,50.903,-24.0,1.0,3.401,33.0,-65.467,-65.0,-65.0,-24.0,0.0,-0.0,43.0,-95.017,-95.017,-95.017,0.0,0.0,0.0,33.0,-69.756,-70.244,-70.244,8.0,0.0,-0.0,34.0,-33.196,-33.196,-33.196,0.0,0.0,0.0,34.0
38.7692,1,fwd,90.0,12.2,5.618,5.4,5.4,16.0,0.0,0.0,34.0,-99.82,-100.0,-100.0,8.0,0.0,0.0,33.0,50.498,90.0,51.022,-24.0,1.0,5.225,33.0,-65.467,-65.0,-65.0,-24.0,0.0,-0.0,43.0,-95.017,-95.017,-95.017,0.0,0.0,0.0,33.0,-69.756,-70.244,-70.244,8.0,0.0,-0.0,34.0,-33.196,-33.196,-33.196,0.0,0.0,0.0,34.0
38.8214,1,fwd,90.0,12.2,5.618,5.4,5.4,16.0,0.0,0.0,34.0,-99.82,-100.0,-100.0,8.0,0.0,0.0,33.0,50.64,90.0,51.238,-24.0,1.0,4.169,33.0,-65.467,-65.0,-65.0,-24.0,0.0,-0.0,43.0,-95.017,-95.017,-95.017,0.0,0.0,0.0,33.0,-69.756,-70.244,-70.244,8.0,0.0,-0.0,34.0,-33.196,-33.196,-33.196,0.0,0.0,0.0,34.0
38.8746,1,fwd,90.0,12.2,5.618,5.4,5.4,16.0,0.0,0.0,34.0,-99.82,-100.0,-100.0,8.0,0.0,0.0,33.0,50.925,90.0,51.45,-24.0,1.0,4.758,33.0,-65.467,-65.0,-65.0,-24.0,0.0,-0.0,43.0,-95.017,-95.017,-95.017,0.0,0.0,0.0,33.0,-69.756,-70.244,-70.244,8.0,0.0,-0.0,34.0,-33.196,-33.196,-33.196,0.0,0.0,0.0,34.0
38.9281,1,fwd,90.0,12.2,5.618,5.4,5.4,16.0,0.0,0.0,34.0,-99.82,-100.0,-100.0,8.0,0.0,0.0,33.0,51.067,90.0,51.667,-24.0,1.0,3.892,33.0,-65.467,-65.0,-65.0,-24.0,0.0,-0.0,43.0,-95.017,-95.017,-95.017,0.0,0.0,0.0,33.0,-69.756,-70.244,-70.244,8.0,0.0,-0.0,34.0,-33.196,-33.196,-33.196,0.0,0.0,0.0,34.0
38.9803,1,fwd,90.0,12.2,5.618,5.4,5.4,16.0,0.0,0.0,34.0,-99.82,-100.0,-100.0,8.0,0.0,0.0,33.0,51.351,90.0,51.881,-24.0,1.0,4.636,33.0,-65.467,-65.0,-65.0,-24.0,0.0,-0.0,43.0,-95.017,-95.017,-95.017,0.0,0.0,0.0,33.0,-69.756,-70.244,-70.244,8.0,0.0,-0.0,34.0,-33.196,-33.196,-33.196,0.0,0.0,0.0,34.0
39.0334,1,fwd,90.0,12.2,5.618,5.4,5.4,16.0,0.0,0.0,34.0,-99.82,-100.0,-100.0,8.0,0.0,0.0,33.0,51.494,90.0,52.093,-24.0,1.0,3.881,33.0,-65.467,-65.0,-65.0,-24.0,0.0,-0.0,43.0,-95.017,-95.017,-95.017,0.0,0.0,0.0,33.0,-69.756,-70.244,-70.244,8.0,0.0,-0.0,34.0,-33.196,-33.196,-33.196,0.0,0.0,0.0,34.0
39.0868,1,fwd,90.0,12.2,5.618,5.4,5.4,16.0,0.0,0.0,34.0,-99.82,-100.0,-100.0,8.0,0.0,0.0,33.0,51.778,90.0,52.306,-24.0,1.0,4.613,33.0,-65.467,-65.0,-65.0,-24.0,0.0,-0.0,43.0,-95.017,-95.017,-95.017,0.0,0.0,0.0,33.0,-69.756,-70.244,-70.244,8.0,0.0,-0.0,34.0,-33.196,-33.196,-33.196,0.0,0.0,0.0,34.0
39.1395,1,fwd,90.0,12.2,5.618,5.4,5.4,16.0,0.0,0.0,34.0,-99.82,-100.0,-100.0,8.0,0.0,0.0,33.0,51.92,90.0,52.52,-24.0,1.0,3.841,33.0,-65.467,-65.0,-65.0,-24.0,0.0,-0.0,43.0,-95.017,-95.017,-95.017,0.0,0.0,0.0,33.0,-69.756,-70.244,-70.244,8.0,0.0,-0.0,34.0,-33.196,-33.196,-33.196,0.0,0.0,0.0,34.0
39.1929,1,fwd,90.0,12.2,5.618,5.4,5.4,16.0,0.0,0.0,34.0,-99.82,-100.0,-100.0,8.0,0.0,0.0,33.0,52.063,90.0,52.629,-24.0,1.0,4.244,33.0,-65.467,-65.0,-65.0,-24.0,0.0,-0.0,43.0,-95.017,-95.017,-95.017,0.0,0.0,0.0,33.0,-69.756,-70.244,-70.244,8.0,0.0,-0.0,34.0,-33.196,-33.196,-33.196,0.0,0.0,0.0,34.0
39.2462,1,fwd,90.0,12.2,5.618,5.4,5.4,16.0,0.0,0.0,34.0,-99.82,-100.0,-100.0,8.0,0.0,0.0,33.0,52.205,90.0,52.97,-24.0,1.0,2.597,33.0,-65.467,-65.0,-65.0,-24.0,0.0,-0.0,43.0,-95.017,-95.017,-95.017,0.0,0.0,0.0,33.0,-69.756,-70.244,-70.244,8.0,0.0,-0.0,34.0,-33.196,-33.196,-33.196,0.0,0.0,0.0,34.0
39.2985,1,fwd,90.0,12.2,5.618,5.4,5.4,16.0,0.0,0.0,34.0,-99.82,-100.0,-100.0,8.0,0.0,0.0,33.0,52.489,90.0,53.187,-24.0,1.0,3.925,33.0,-65.467,-65.0,-65.0,-24.0,0.0,-0.0,43.0,-95.017,-95.017,-95.017,0.0,0.0,0.0,33.0,-69.756,-70.244,-70.244,8.0,0.0,-0.0,34.0,-33.196,-33.196,-33.196,0.0,0.0,0.0,34.0
39.3519,1,fwd,90.0,12.2,5.618,5.4,5.4,16.0,0.0,0.0,34.0,-99.82,-100.0,-100.0,8.0,0.0,0.0,33.0,52.774,90.0,53.402,-24.0,1.0,4.182,33.0,-65.467,-65.0,-65.0,-24.0,0.0,-0.0,43.0,-95.017,-95.017,-95.017,0.0,0.0,0.0,33.0,-69.756,-70.244,-70.244,8.0,0.0,-0.0,34.0,-33.196,-33.196,-33.196,0.0,0.0,0.0,34.0
39.4048,1,fwd,90.0,12.2,5.618,5.4,5.4,16.0,0.0,0.0,34.0,-99.82,-100.0,-100.0,8.0,0.0,0.0,33.0,52.916,90.0,53.617,-24.0,1.0,3.168,33.0,-65.467,-65.0,-65.0,-24.0,0.0,-0.0,43.0,-95.017,-95.017,-95.017,0.0,0.0,0.0,33.0,-69.756,-70.244,-70.244,8.0,0.0,-0.0,34.0,-33.196,-33.196,-33.196,0.0,0.0,0.0,34.0
39.4581,1,fwd,90.0,12.2,5.618,5.4,5.4,16.0,0.0,0.0,34.0,-99.82,-100.0,-100.0,8.0,0.0,0.0,33.0,53.201,90.0,53.833,-24.0,1.0,3.773,33.0,-65.467,-65.0,-65.0,-24.0,0.0,-0.0,43.0,-95.017,-95.017,-95.017,0.0,0.0,0.0,33.0,-69.756,-70.244,-70.244,8.0,0.0,-0.0,34.0,-33.196,-33.196,-33.196,0.0,0.0,0.0,34.0
39.5104,1,fwd,90.0,12.2,5.618,5.4,5.4,16.0,0.0,0.0,34.0,-99.82,-100.0,-100.0,8.0,0.0,0.0,33.0,53.485,90.0,54.049,-24.0,1.0,5.065,33.0,-65.467,-65.0,-65.0,-24.0,0.0,-0.0,43.0,-95.017,-95.017,-95.017,0.0,0.0,0.0,33.0,-69.756,-70.244,-70.244,8.0,0.0,-0.0,34.0,-33.196,-33.196,-33.196,0.0,0.0,0.0,34.0
39.5639,1,fwd,90.0,12.2,5.618,5.4,5.4,16.0,0.0,0.0,34.0,-99.82,-100.0,-100.0,8.0,0.0,0.0,33.0,53.627,90.0,54.263,-24.0,1.0,3.594,33.0,-65.467,-65.0,-65.0,-24.0,0.0,-0.0,43.0,-95.017,-95.017,-95.017,0.0,0.0,0.0,33.0,-69.756,-70.244,-70.244,8.0,0.0,-0.0,34.0,-33.196,-33.196,-33.196,0.0,0.0,0.0,34.0
39.6166,1,fwd,90.0,12.2,5.618,5.4,5.4,16.0,0.0,0.0,34.0,-99.82,-100.0,-100.0,8.0,0.0,0.0,33.0,53.912,90.0,54.479,-24.0,1.0,4.439,33.0,-65.467,-65.0,-65.0,-24.0,0.0,-0.0,43.0,-95.017,-95.017,-95.017,0.0,0.0,0.0,33.0,-69.756,-70.244,-70.244,8.0,0.0,-0.0,34.0,-33.196,-33.196,-33.196,0.0,0.0,0.0,34.0
39.6708,1,fwd,90.0,12.2,5.618,5.4,5.4,16.0,0.0,0.0,34.0,-99.82,-100.0,-100.0,8.0,0.0,0.0,33.0,54.054,90.0,54.694,-24.0,1.0,3.294,33.0,-65.467,-65.0,-65.0,-24.0,0.0,-0.0,43.0,-95.017,-95.017,-95.017,0.0,0.0,0.0,33.0,-69.756,-70.244,-70.244,8.0,0.0,-0.0,34.0,-33.196,-33.196,-33.196,0.0,0.0,0.0,34.0
39.7239,1,fwd,90.0,12.2,5.618,5.4,5.4,16.0,0.0,0.0,34.0,-99.82,-100.0,-100.0,8.0,0.0,0.0,33.0,54.339,90.0,54.909,-24.0,1.0,4.312,33.0,-65.467,-65.0,-65.0,-24.0,0.0,-0.0,43.0,-95.017,-95.017,-95.017,0.0,0.0,0.0,33.0,-69.756,-70.244,-70.244,8.0,0.0,-0.0,34.0,-33.196,-33.196,-33.196,0.0,0.0,0.0,34.0
39.7764,1,fwd,90.0,12.2,5.618,5.4,5.4,16.0,0.0,0.0,34.0,-99.82,-100.0,-100.0,8.0,0.0,0.0,33.0,54.339,90.0,55.14,-24.0,0.0,4.312,33.0,-65.467,-65.0,-65.0,-24.0,1.0,-0.0,43.0,-95.017,-95.017,-95.017,0.0,0.0,0.0,33.0,-69.756,-70.244,-70.244,8.0,0.0,-0.0,34.0,-33.196,-33.196,-33.196,0.0,0.0,0.0,34.0
39.8301,1,fwd,90.0,12.2,5.618,5.4,5.4,16.0,0.0,0.0,34.0,-99.82,-100.0,-100.0,8.0,0.0,0.0,33.0,54.623,90.0,55.363,-24.0,0.0,3.113,33.0,-65.467,-65.0,-65.0,-24.0,1.0,-0.0,43.0,-95.017,-95.017,-95.017,0.0,0.0,0.0,33.0,-69.756,-70.244,-70.244,8.0,0.0,-0.0,34.0,-33.196,-33.196,-33.196,0.0,0.0,0.0,34.0
39.8835,1,fwd,90.0,12.2,5.618,5.4,5.4,16.0,0.0,0.0,34.0,-99.82,-100.0,-100.0,8.0,0.0,0.0,33.0,54.908,90.0,55.483,-24.0,0.0,4.098,33.0,-65.467,-65.0,-65.0,-24.0,1.0,-0.0,43.0,-95.017,-95.017,-95.017,0.0,0.0,0.0,33.0,-69.756,-70.244,-70.244,8.0,0.0,-0.0,34.0,-33.196,-33.196,-33.196,0.0,0.0,0.0,34.0
39.9366,1,fwd,90.0,12.2,5.618,5.4,5.4,16.0,0.0,0.0,34.0,-99.82,-100.0,-100.0,8.0,0.0,0.0,33.0,55.05,90.0,55.697,-24.0,0.0,3.129,33.0,-65.467,-65.0,-65.0,-24.0,1.0,-0.0,43.0,-95.017,-95.017,-95.017,0.0,0.0,0.0,33.0,-69.756,-70.244,-70.244,8.0,0.0,-0.0,34.0,-33.196,-33.196,-33.196,0.0,0.0,0.0,34.0
39.9893,1,fwd,90.0,12.2,5.618,5.4,5.4,16.0,0.0,0.0,34.0,-99.82,-100.0,-100.0,8.0,0.0,0.0,33.0,55.192,90.0,55.914,-24.0,0.0,2.641,33.0,-65.467,-65.0,-65.0,-24.0,1.0,-0.0,43.0,-95.017,-95.017,-95.017,0.0,0.0,0.0,33.0,-69.756,-70.244,-70.244,8.0,0.0,-0.0,34.0,-33.196,-33.196,-33.196,0.0,0.0,0.0,34.0
40.0425,1,fwd,90.0,12.2,5.618,5.4,5.4,16.0,0.0,0.0,34.0,-99.82,-100.0,-100.0,8.0,0.0,0.0,33.0,55.619,90.0,56.129,-24.0,0.0,5.582,33.0,-65.467,-65.0,-65.0,-24.0,1.0,-0.0,43.0,-95.017,-95.017,-95.017,0.0,0.0,0.0,33.0,-69.756,-70.244,-70.244,8.0,0.0,-0.0,34.0,-33.196,-33.196,-33.196,0.0,0.0,0.0,34.0
40.0958,1,fwd,90.0,12.2,5.618,5.4,5.4,16.0,0.0,0.0,34.0,-99.82,-100.0,-100.0,8.0,0.0,0.0,33.0,55.761,90.0,56.344,-24.0,0.0,4.343,33.0,-65.467,-65.0,-65.0,-24.0,1.0,-0.0,43.0,-95.017,-95.017,-95.017,0.0,0.0,0.0,33.0,-69.756,-70.244,-70.244,8.0,0.0,-0.0,34.0,-33.196,-33.196,-33.196,0.0,0.0,0.0,34.0
40.1492,1,fwd,90.0,12.2,5.618,5.4,5.4,16.0,0.0,0.0,34.0,-99.82,-100.0,-100.0,8.0,0.0,0.0,33.0,56.046,90.0,56.557,-24.0,0.0,4.842,33.0,-65.467,-65.0,-65.0,-24.0,1.0,-0.0,43.0,-95.017,-95.017,-95.017,0.0,0.0,0.0,33.0,-69.756,-70.244,-70.244,8.0,0.0,-0.0,34.0,-33.196,-33.196,-33.196,0.0,0.0,0.0,34.0
40.2026,1,fwd,90.0,12.2,5.618,5.4,5.4,16.0,0.0,0.0,34.0,-99.82,-100.0,-100.0,8.0,0.0,0.0,33.0,56.046,90.0,56.773,-24.0,0.0,2.373,33.0,-65.467,-65.0,-65.0,-24.0,1.0,-0.0,43.0,-95.017,-95.017,-95.017,0.0,0.0,0.0,33.0,-69.756,-70.244,-70.244,8.0,0.0,-0.0,34.0,-33.196,-33.196,-33.196,0.0,0.0,0.0,34.0
40.2554,1,fwd,90.0,12.2,5.618,5.4,5.4,16.0,0.0,0.0,34.0,-99.82,-100.0,-100.0,8.0,0.0,0.0,33.0,56.33,90.0,56.99,-24.0,0.0,3.365,33.0,-65.467,-65.0,-65.0,-24.0,1.0,-0.0,43.0,-95.017,-95.017,-95.017,0.0,0.0,0.0,33.0,-69.756,-70.244,-70.244,8.0,0.0,-0.0,34.0,-33.196,-33.196,-33.196,0.0,0.0,0.0,34.0
40.3089,1,fwd,90.0,12.2,5.618,5.4,5.4,16.0,0.0,0.0,34.0,-99.82,-100.0,-100.0,8.0,0.0,0.0,33.0,56.472,90.0,57.207,-24.0,0.0,2.754,33.0,-65.467,-65.0,-65.0,-24.0,1.0,-0.0,43.0,-95.017,-95.017,-95.017,0.0,0.0,0.0,33.0,-69.756,-70.244,-70.244,8.0,0.0,-0.0,34.0,-33.196,-33.196,-33.196,0.0,0.0,0.0,34.0
40.3613,1,fwd,90.0,12.2,5.618,5.4,5.4,16.0,0.0,0.0,34.0,-99.82,-100.0,-100.0,8.0,0.0,0.0,33.0,56.899,90.0,57.444,-24.0,0.0,4.092,33.0,-65.467,-65.0,-65.0,-24.0,1.0,-0.0,43.0,-95.017,-95.017,-95.017,0.0,0.0,0.0,33.0,-69.756,-70.244,-70.244,8.0,1.0,-0.0,34.0,-33.196,-33.196,-33.196,0.0,0.0,0.0,34.0
40.4142,1,fwd,90.0,12.2,5.618,5.4,5.4,16.0,0.0,0.0,34.0,-99.82,-100.0,-100.0,8.0,0.0,0.0,33.0,56.899,90.0,57.656,-24.0,0.0,2.005,33.0,-65.467,-65.0,-65.0,-24.0,1.0,-0.0,43.0,-95.017,-95.017,-95.017,0.0,0.0,0.0,33.0,-69.756,-70.244,-70.244,8.0,1.0,-0.0,34.0,-33.196,-33.196,-33.196,0.0,0.0,0.0,34.0
40.4672,1,fwd,90.0,12.2,5.618,5.4,5.4,16.0,0.0,0.0,34.0,-99.82,-100.0,-100.0,8.0,0.0,0.0,33.0,57.326,90.0,57.872,-24.0,0.0,4.784,33.0,-65.467,-65.0,-65.0,-24.0,1.0,-0.0,43.0,-95.017,-95.017,-95.017,0.0,0.0,0.0,33.0,-69.756,-70.244,-70.244,8.0,1.0,-0.0,34.0,-33.196,-33.196,-33.196,0.0,0.0,0.0,34.0
40.5206,1,fwd,90.0,12.2,5.618,5.4,5.4,16.0,0.0,0.0,34.0,-99.82,-100.0,-100.0,8.0,0.0,0.0,33.0,57.468,90.0,58.085,-24.0,0.0,3.948,33.0,-65.467,-65.0,-65.0,-24.0,1.0,-0.0,43.0,-95.017,-95.017,-95.017,0.0,0.0,0.0,33.0,-69.756,-70.244,-70.244,8.0,1.0,-0.0,34.0,-33.196,-33.196,-33.196,0.0,0.0,0.0,34.0
40.5737,1,fwd,90.0,12.2,5.618,5.4,5.4,16.0,0.0,0.0,34.0,-99.82,-100.0,-100.0,8.0,0.0,0.0,33.0,57.752,90.0,58.3,-24.0,0.0,4.616,33.0,-65.467,-65.0,-65.0,-24.0,1.0,-0.0,43.0,-95.017,-95.017,-95.017,0.0,0.0,0.0,33.0,-69.756,-70.244,-70.244,8.0,1.0,-0.0,34.0,-33.196,-33.196,-33.196,0.0,0.0,0.0,34.0
40.627,1,fwd,90.0,12.2,5.618,5.4,5.4,16.0,0.0,0.0,34.0,-99.82,-100.0,-100.0,8.0,0.0,0.0,33.0,57.895,90.0,58.515,-24.0,0.0,3.861,33.0,-65.467,-65.0,-65.0,-24.0,1.0,-0.0,43.0,-95.017,-95.017,-95.017,0.0,0.0,0.0,33.0,-69.756,-70.244,-70.244,8.0,1.0,-0.0,34.0,-33.196,-33.196,-33.196,0.0,0.0,0.0,34.0
40.681,1,fwd,90.0,12.2,5.618,5.4,5.4,16.0,0.0,0.0,34.0,-99.82,-100.0,-100.0,8.0,0.0,0.0,33.0,58.037,90.0,58.732,-24.0,0.0,3.451,33.0,-65.467,-65.0,-65.0,-24.0,1.0,-0.0,43.0,-95.017,-95.017,-95.017,0.0,0.0,0.0,33.0,-69.756,-70.244,-70.244,8.0,1.0,-0.0,34.0,-33.196,-33.196,-33.196,0.0,0.0,0.0,34.0
40.7341,1,fwd,90.0,12.2,5.618,5.4,5.4,16.0,0.0,0.0,34.0,-99.82,-100.0,-100.0,8.0,0.0,0.0,33.0,58.321,90.0,58.947,-24.0,0.0,4.389,33.0,-65.467,-65.0,-65.0,-24.0,1.0,-0.0,43.0,-95.017,-95.017,-95.017,0.0,0.0,0.0,33.0,-69.756,-70.244,-70.244,8.0,1.0,-0.0,34.0,-33.196,-33.196,-33.196,0.0,0.0,0.0,34.0
40.7872,1,fwd,90.0,12.2,5.618,5.4,5.4,16.0,0.0,0.0,34.0,-99.82,-100.0,-100.0,8.0,0.0,0.0,33.0,58.464,90.0,59.163,-24.0,0.0,3.743,33.0,-65.467,-65.0,-65.0,-24.0,1.0,-0.0,43.0,-95.017,-95.017,-95.017,0.0,0.0,0.0,33.0,-69.756,-70.244,-70.244,8.0,1.0,-0.0,34.0,-33.196,-33.196,-33.196,0.0,0.0,0.0,34.0
40.8393,1,fwd,90.0,12.2,5.618,5.4,5.4,16.0,0.0,0.0,34.0,-99.82,-100.0,-100.0,8.0,0.0,0.0,33.0,58.606,90.0,59.378,-24.0,0.0,4.201,33.0,-65.467,-65.0,-65.0,-24.0,1.0,-0.0,43.0,-95.017,-95.017,-95.017,0.0,0.0,0.0,33.0,-69.756,-70.244,-70.244,8.0,1.0,-0.0,34.0,-33.196,-33.196,-33.196,0.0,0.0,0.0,34.0
40.8927,1,fwd,90.0,12.2,5.618,5.4,5.4,16.0,0.0,0.0,34.0,-99.82,-100.0,-100.0,8.0,0.0,0.0,33.0,58.748,90.0,59.5,-24.0,0.0,3.058,33.0,-65.467,-65.0,-65.0,-24.0,1.0,-0.0,43.0,-95.017,-95.017,-95.017,0.0,0.0,0.0,33.0,-69.756,-70.244,-70.244,8.0,1.0,-0.0,34.0,-33.196,-33.196,-33.196,0.0,0.0,0.0,34.0
40.9462,1,fwd,90.0,12.2,5.618,5.4,5.4,16.0,0.0,0.0,34.0,-99.82,-100.0,-100.0,8.0,0.0,0.0,33.0,59.033,90.0,59.747,-24.0,0.0,3.528,33.0,-65.467,-65.0,-65.0,-24.0,0.0,-0.0,43.0,-95.017,-95.017,-95.017,0.0,0.0,0.0,33.0,-69.756,-70.244,-70.244,8.0,0.0,-0.0,34.0,-33.196,-33.196,-33.196,0.0,0.0,0.0,34.0
40.9983,1,fwd,90.0,12.2,5.618,5.4,5.4,16.0,0.0,0.0,34.0,-99.82,-100.0,-100.0,8.0,0.0,0.0,33.0,59.175,90.0,59.962,-24.0,0.0,2.836,33.0,-65.467,-65.0,-65.0,-24.0,0.0,-0.0,43.0,-95.017,-95.017,-95.017,0.0,0.0,0.0,33.0,-69.756,-70.244,-70.244,8.0,0.0,-0.0,34.0,-33.196,-33.196,-33.196,0.0,0.0,0.0,34.0
41.0517,1,fwd,90.0,12.2,5.618,5.4,5.4,16.0,0.0,0.0,34.0,-99.82,-100.0,-100.0,8.0,0.0,0.0,33.0,59.602,90.0,60.175,-24.0,0.0,5.714,33.0,-65.467,-65.0,-65.0,-24.0,0.0,-0.0,43.0,-95.017,-95.017,-95.017,0.0,0.0,0.0,33.0,-69.756,-70.244,-70.244,8.0,0.0,-0.0,34.0,-33.196,-33.196,-33.196,0.0,0.0,0.0,34.0
41.1044,1,fwd,90.0,12.2,5.618,5.4,5.4,16.0,0.0,0.0,34.0,-99.82,-100.0,-100.0,8.0,0.0,0.0,33.0,59.744,90.0,60.388,-24.0,0.0,4.388,33.0,-65.467,-65.0,-65.0,-24.0,0.0,-0.0,43.0,-95.017,-95.017,-95.017,0.0,0.0,0.0,33.0,-69.756,-70.244,-70.244,8.0,0.0,-0.0,34.0,-33.196,-33.196,-33.196,0.0,0.0,0.0,34.0
41.1578,1,fwd,90.0,12.2,5.618,5.4,5.4,16.0,0.0,0.0,34.0,-99.82,-100.0,-100.0,8.0,0.0,0.0,33.0,59.886,90.0,60.604,-24.0,0.0,3.256,33.0,-65.467,-65.0,-65.0,-24.0,0.0,-0.0,43.0,-95.017,-95.017,-95.017,0.0,0.0,0.0,33.0,-69.756,-70.244,-70.244,8.0,0.0,-0.0,34.0,-33.196,-33.196,-33.196,0.0,0.0,0.0,34.0
41.211,1,fwd,90.0,12.2,5.618,5.4,5.4,16.0,0.0,0.0,34.0,-99.82,-100.0,-100.0,8.0,0.0,0.0,33.0,60.313,90.0,60.817,-24.0,0.0,5.921,33.0,-65.467,-65.0,-65.0,-24.0,0.0,-0.0,43.0,-95.017,-95.017,-95.017,0.0,0.0,0.0,33.0,-69.756,-70.244,-70.244,8.0,0.0,-0.0,34.0,-33.196,-33.196,-33.196,0.0,0.0,0.0,34.0
41.2641,1,fwd,90.0,12.2,5.618,5.4,5.4,16.0,0.0,0.0,34.0,-99.82,-100.0,-100.0,8.0,0.0,0.0,33.0,60.313,90.0,61.031,-24.0,0.0,2.901,33.0,-65.467,-65.0,-65.0,-24.0,0.0,-0.0,43.0,-95.017,-95.017,-95.017,0.0,0.0,0.0,33.0,-69.756,-70.244,-70.244,8.0,0.0,-0.0,34.0,-33.196,-33.196,-33.196,0.0,0.0,0.0,34.0
41.3163,1,fwd,90.0,12.2,5.618,5.4,5.4,16.0,0.0,0.0,34.0,-99.82,-100.0,-100.0,8.0,0.0,0.0,33.0,60.597,90.0,61.247,-24.0,0.0,4.119,33.0,-65.467,-65.0,-65.0,-24.0,0.0,-0.0,43.0,-95.017,-95.017,-95.017,0.0,0.0,0.0,33.0,-69.756,-70.244,-70.244,8.0,0.0,-0.0,34.0,-33.196,-33.196,-33.196,0.0,0.0,0.0,34.0
41.3694,1,fwd,90.0,12.2,5.618,5.4,5.4,16.0,0.0,0.0,34.0,-99.82,-100.0,-100.0,8.0,0.0,0.0,33.0,60.74,90.0,61.462,-24.0,0.0,3.125,33.0,-65.467,-65.0,-65.0,-24.0,0.0,-0.0,43.0,-95.017,-95.017,-95.017,0.0,0.0,0.0,33.0,-69.756,-70.244,-70.244,8.0,0.0,-0.0,34.0,-33.196,-33.196,-33.196,0.0,0.0,0.0,34.0
41.4226,1,fwd,90.0,12.2,5.618,5.4,5.4,16.0,0.0,0.0,34.0,-99.82,-100.0,-100.0,8.0,0.0,0.0,33.0,61.024,90.0,61.677,-24.0,0.0,3.758,33.0,-65.467,-65.0,-65.0,-24.0,0.0,-0.0,43.0,-95.017,-95.017,-95.017,0.0,0.0,0.0,33.0,-69.756,-70.244,-70.244,8.0,0.0,-0.0,34.0,-33.196,-33.196,-33.196,0.0,0.0,0.0,34.0
41.476,1,fwd,90.0,12.2,5.618,5.4,5.4,16.0,0.0,0.0,34.0,-99.82,-100.0,-100.0,8.0,0.0,0.0,33.0,61.166,90.0,61.784,-24.0,1.0,4.236,33.0,-65.467,-65.0,-65.0,-24.0,1.0,-0.0,43.0,-95.017,-95.017,-95.017,0.0,0.0,0.0,33.0,-69.756,-70.244,-70.244,8.0,0.0,-0.0,34.0,-33.196,-33.196,-33.196,0.0,0.0,0.0,34.0
41.529,1,fwd,90.0,12.2,5.618,5.4,5.4,16.0,0.0,0.0,34.0,-99.82,-100.0,-100.0,8.0,0.0,0.0,33.0,61.451,90.0,62.117,-24.0,1.0,4.155,33.0,-65.467,-65.0,-65.0,-24.0,1.0,-0.0,43.0,-95.017,-95.017,-95.017,0.0,0.0,0.0,33.0,-69.756,-70.244,-70.244,8.0,0.0,-0.0,34.0,-33.196,-33.196,-33.196,0.0,0.0,0.0,34.0
41.5814,1,fwd,90.0,12.2,5.618,5.4,5.4,16.0,0.0,0.0,34.0,-99.82,-100.0,-100.0,8.0,0.0,0.0,33.0,61.593,90.0,62.335,-24.0,1.0,3.606,33.0,-65.467,-65.0,-65.0,-24.0,1.0,-0.0,43.0,-95.017,-95.017,-95.017,0.0,0.0,0.0,33.0,-69.756,-70.244,-70.244,8.0,0.0,-0.0,34.0,-33.196,-33.196,-33.196,0.0,0.0,0.0,34.0
41.6351,1,fwd,90.0,12.2,5.618,5.4,5.4,16.0,0.0,0.0,34.0,-99.82,-100.0,-100.0,8.0,0.0,0.0,33.0,61.878,90.0,62.549,-24.0,1.0,4.434,33.0,-65.467,-65.0,-65.0,-24.0,1.0,-0.0,43.0,-95.017,-95.017,-95.017,0.0,0.0,0.0,33.0,-69.756,-70.244,-70.244,8.0,0.0,-0.0,34.0,-33.196,-33.196,-33.196,0.0,0.0,0.0,34.0
41.6884,1,fwd,90.0,12.2,5.618,5.4,5.4,16.0,0.0,0.0,34.0,-99.82,-100.0,-100.0,8.0,0.0,0.0,33.0,62.02,90.0,62.766,-24.0,1.0,3.282,33.0,-65.467,-65.0,-65.0,-24.0,1.0,-0.0,43.0,-95.017,-95.017,-95.017,0.0,0.0,0.0,33.0,-69.756,-70.244,-70.244,8.0,0.0,-0.0,34.0,-33.196,-33.196,-33.196,0.0,0.0,0.0,34.0
41.7417,1,fwd,90.0,12.2,5.618,5.4,5.4,16.0,0.0,0.0,34.0,-99.82,-100.0,-100.0,8.0,0.0,0.0,33.0,62.162,90.0,62.983,-24.0,1.0,3.852,33.0,-65.467,-65.0,-65.0,-24.0,1.0,-0.0,43.0,-95.017,-95.017,-95.017,0.0,0.0,0.0,33.0,-69.756,-70.244,-70.244,8.0,0.0,-0.0,34.0,-33.196,-33.196,-33.196,0.0,0.0,0.0,34.0
41.7952,1,fwd,90.0,12.2,5.618,5.4,5.4,16.0,0.0,0.0,34.0,-99.82,-100.0,-100.0,8.0,0.0,0.0,33.0,62.447,90.0,63.199,-24.0,1.0,4.097,33.0,-65.467,-65.0,-65.0,-24.0,1.0,-0.0,43.0,-95.017,-95.017,-95.017,0.0,0.0,0.0,33.0,-69.756,-70.244,-70.244,8.0,0.0,-0.0,34.0,-33.196,-33.196,-33.196,0.0,0.0,0.0,34.0
41.8486,1,fwd,90.0,12.2,5.618,5.4,5.4,16.0,0.0,0.0,34.0,-99.82,-100.0,-100.0,8.0,0.0,0.0,33.0,62.589,90.0,63.426,-24.0,1.0,3.011,33.0,-65.467,-65.0,-65.0,-24.0,1.0,-0.0,43.0,-95.017,-95.017,-95.017,0.0,0.0,0.0,33.0,-69.756,-70.244,-70.244,8.0,0.0,-0.0,34.0,-33.196,-33.196,-33.196,0.0,0.0,0.0,34.0
41.9028,1,fwd,90.0,12.2,5.618,5.4,5.4,16.0,0.0,0.0,34.0,-99.82,-100.0,-100.0,8.0,0.0,0.0,33.0,62.873,90.0,63.653,-24.0,1.0,4.058,33.0,-65.467,-65.0,-65.0,-24.0,1.0,-0.0,43.0,-95.017,-95.017,-95.017,0.0,0.0,0.0,33.0,-69.756,-70.244,-70.244,8.0,0.0,-0.0,34.0,-33.196,-33.196,-33.196,0.0,0.0,0.0,34.0
41.9561,1,fwd,90.0,12.2,5.618,5.4,5.4,16.0,0.0,0.0,34.0,-99.82,-100.0,-100.0,8.0,0.0,0.0,33.0,63.158,90.0,63.771,-24.0,1.0,4.601,33.0,-65.467,-65.0,-65.0,-24.0,1.0,-0.0,43.0,-95.017,-95.017,-95.017,0.0,0.0,0.0,33.0,-69.756,-70.244,-70.244,8.0,0.0,-0.0,34.0,-33.196,-33.196,-33.196,0.0,0.0,0.0,34.0
42.0088,1,fwd,90.0,12.2,5.618,5.4,5.4,16.0,0.0,0.0,34.0,-99.82,-100.0,-100.0,8.0,0.0,0.0,33.0,63.442,90.0,63.984,-24.0,1.0,5.458,33.0,-65.467,-65.0,-65.0,-24.0,1.0,-0.0,43.0,-95.017,-95.017,-95.017,0.0,0.0,0.0,33.0,-69.756,-70.244,-70.244,8.0,0.0,-0.0,34.0,-33.196,-33.196,-33.196,0.0,0.0,0.0,34.0
42.0619,1,fwd,90.0,12.2,5.618,5.4,5.4,16.0,0.0,0.0,34.0,-99.82,-100.0,-100.0,8.0,0.0,0.0,33.0,63.442,90.0,64.091,-12.0,1.0,3.821,33.0,-65.467,-65.0,-65.0,-24.0,1.0,-0.0,42.0,-95.017,-95.017,-95.017,0.0,0.0,0.0,33.0,-69.756,-70.244,-70.244,8.0,0.0,-0.0,34.0,-33.196,-33.196,-33.196,0.0,0.0,0.0,34.0
42.115,1,fwd,90.0,12.2,5.618,5.4,5.4,16.0,0.0,0.0,34.0,-99.82,-100.0,-100.0,8.0,0.0,0.0,33.0,63.727,90.0,64.425,-12.0,1.0,3.977,33.0,-65.467,-65.0,-65.0,-24.0,1.0,-0.0,42.0,-95.017,-95.017,-95.017,0.0,0.0,0.0,33.0,-69.756,-70.244,-70.244,8.0,0.0,-0.0,34.0,-33.196,-33.196,-33.196,0.0,0.0,0.0,34.0
42.1679,1,fwd,90.0,12.2,5.618,5.4,5.4,16.0,0.0,0.0,34.0,-99.82,-100.0,-100.0,8.0,0.0,0.0,33.0,64.011,90.0,64.639,-12.0,1.0,5.149,33.0,-65.467,-65.0,-65.0,-24.0,1.0,-0.0,42.0,-95.017,-95.017,-95.017,0.0,0.0,0.0,33.0,-69.756,-70.244,-70.244,8.0,0.0,-0.0,34.0,-33.196,-33.196,-33.196,0.0,0.0,0.0,34.0
42.2203,1,fwd,90.0,12.2,5.618,5.4,5.4,16.0,0.0,0.0,34.0,-99.82,-100.0,-100.0,8.0,0.0,0.0,33.0,64.296,90.0,64.853,-12.0,1.0,5.233,33.0,-65.467,-65.0,-65.0,-24.0,1.0,-0.0,42.0,-95.017,-95.017,-95.017,0.0,0.0,0.0,33.0,-69.756,-70.244,-70.244,8.0,0.0,-0.0,34.0,-33.196,-33.196,-33.196,0.0,0.0,0.0,34.0
42.2736,1,fwd,90.0,12.2,5.618,5.4,5.4,16.0,0.0,0.0,34.0,-99.82,-100.0,-100.0,8.0,0.0,0.0,33.0,64.438,90.0,65.066,-12.0,1.0,3.68,33.0,-65.467,-65.0,-65.0,-24.0,1.0,-0.0,42.0,-95.017,-95.017,-95.017,0.0,0.0,0.0,33.0,-69.756,-70.244,-70.244,8.0,0.0,-0.0,34.0,-33.196,-33.196,-33.196,0.0,0.0,0.0,34.0
42.327,1,fwd,90.0,12.2,5.618,5.4,5.4,16.0,0.0,0.0,34.0,-99.82,-100.0,-100.0,8.0,0.0,0.0,33.0,64.723,90.0,65.282,-12.0,1.0,4.962,33.0,-65.467,-65.0,-65.0,-24.0,1.0,-0.0,42.0,-95.017,-95.017,-95.017,0.0,0.0,0.0,33.0,-69.756,-70.244,-70.244,8.0,0.0,-0.0,34.0,-33.196,-33.196,-33.196,0.0,0.0,0.0,34.0
42.3793,1,fwd,90.0,12.2,5.618,5.4,5.4,16.0,0.0,0.0,34.0,-99.82,-100.0,-100.0,8.0,0.0,0.0,33.0,64.865,90.0,65.496,-12.0,1.0,3.545,33.0,-65.467,-65.0,-65.0,-24.0,1.0,-0.0,42.0,-95.017,-95.017,-95.017,0.0,0.0,0.0,33.0,-69.756,-70.244,-70.244,8.0,0.0,-0.0,34.0,-33.196,-33.196,-33.196,0.0,0.0,0.0,34.0
42.4329,1,fwd,90.0,12.2,5.618,5.4,5.4,16.0,0.0,0.0,34.0,-99.82,-100.0,-100.0,8.0,0.0,0.0,33.0,65.149,90.0,65.712,-12.0,1.0,4.435,33.0,-65.467,-65.0,-65.0,-24.0,1.0,-0.0,42.0,-95.017,-95.017,-95.017,0.0,0.0,0.0,33.0,-69.756,-70.244,-70.244,8.0,0.0,-0.0,34.0,-33.196,-33.196,-33.196,0.0,0.0,0.0,34.0
42.4862,1,fwd,90.0,12.2,5.618,5.4,5.4,16.0,0.0,0.0,34.0,-99.82,-100.0,-100.0,8.0,0.0,0.0,33.0,65.292,90.0,65.928,-12.0,1.0,3.749,33.0,-65.467,-65.0,-65.0,-24.0,1.0,-0.0,42.0,-95.017,-95.017,-95.017,0.0,0.0,0.0,33.0,-69.756,-70.244,-70.244,8.0,0.0,-0.0,34.0,-33.196,-33.196,-33.196,0.0,0.0,0.0,34.0
42.5394,1,fwd,90.0,12.2,5.618,5.4,5.4,16.0,0.0,0.0,34.0,-99.82,-100.0,-100.0,8.0,0.0,0.0,33.0,65.434,90.0,66.143,-12.0,1.0,2.959,33.0,-65.467,-65.0,-65.0,-24.0,1.0,-0.0,42.0,-95.017,-95.017,-95.017,0.0,0.0,0.0,33.0,-69.756,-70.244,-70.244,8.0,0.0,-0.0,34.0,-33.196,-33.196,-33.196,0.0,0.0,0.0,34.0
42.5915,1,fwd,90.0,12.2,5.618,5.4,5.4,16.0,0.0,0.0,34.0,-99.82,-100.0,-100.0,8.0,0.0,0.0,33.0,65.718,90.0,66.354,-12.0,1.0,4.168,33.0,-65.467,-65.0,-65.0,-24.0,1.0,-0.0,42.0,-95.017,-95.017,-95.017,0.0,0.0,0.0,33.0,-69.756,-70.244,-70.244,8.0,0.0,-0.0,34.0,-33.196,-33.196,-33.196,0.0,0.0,0.0,34.0
42.6451,1,fwd,90.0,12.2,5.618,5.4,5.4,16.0,0.0,0.0,34.0,-99.82,-100.0,-100.0,8.0,0.0,0.0,33.0,66.003,90.0,66.594,-24.0,1.0,4.34,33.0,-65.467,-65.0,-65.0,-24.0,1.0,-0.0,43.0,-95.017,-95.017,-95.017,0.0,0.0,0.0,33.0,-69.756,-70.244,-70.244,8.0,0.0,-0.0,34.0,-33.196,-33.196,-33.196,0.0,0.0,0.0,34.0
42.6988,1,fwd,90.0,12.2,5.618,5.4,5.4,16.0,0.0,0.0,34.0,-99.82,-100.0,-100.0,8.0,0.0,0.0,33.0,66.145,90.0,66.808,-24.0,1.0,3.719,33.0,-65.467,-65.0,-65.0,-24.0,1.0,-0.0,43.0,-95.017,-95.017,-95.017,0.0,0.0,0.0,33.0,-69.756,-70.244,-70.244,8.0,0.0,-0.0,34.0,-33.196,-33.196,-33.196,0.0,0.0,0.0,34.0
42.7521,1,fwd,90.0,12.2,5.618,5.4,5.4,16.0,0.0,0.0,34.0,-99.82,-100.0,-100.0,8.0,0.0,0.0,33.0,66.43,90.0,67.023,-24.0,1.0,4.518,33.0,-65.467,-65.0,-65.0,-24.0,1.0,-0.0,43.0,-95.017,-95.017,-95.017,0.0,0.0,0.0,33.0,-69.756,-70.244,-70.244,8.0,0.0,-0.0,34.0,-33.196,-33.196,-33.196,0.0,0.0,0.0,34.0
42.8046,1,fwd,90.0,12.2,5.618,5.4,5.4,16.0,0.0,0.0,34.0,-99.82,-100.0,-100.0,8.0,0.0,0.0,33.0,66.43,90.0,67.239,-24.0,1.0,3.163,33.0,-65.467,-65.0,-65.0,-24.0,1.0,-0.0,43.0,-95.017,-95.017,-95.017,0.0,0.0,0.0,33.0,-69.756,-70.244,-70.244,8.0,0.0,-0.0,34.0,-33.196,-33.196,-33.196,0.0,0.0,0.0,34.0
42.8579,1,fwd,90.0,12.2,5.618,5.4,5.4,16.0,0.0,0.0,34.0,-99.82,-100.0,-100.0,8.0,0.0,0.0,33.0,66.714,90.0,67.465,-24.0,1.0,4.143,33.0,-65.467,-65.0,-65.0,-24.0,1.0,-0.0,43.0,-95.017,-95.017,-95.017,0.0,0.0,0.0,33.0,-69.756,-70.244,-70.244,8.0,0.0,-0.0,34.0,-33.196,-33.196,-33.196,0.0,0.0,0.0,34.0
42.9104,1,fwd,90.0,12.2,5.618,5.4,5.4,16.0,0.0,0.0,34.0,-99.82,-100.0,-100.0,8.0,0.0,0.0,33.0,66.999,90.0,67.58,-24.0,1.0,4.657,33.0,-65.467,-65.0,-65.0,-24.0,1.0,-0.0,43.0,-95.017,-95.017,-95.017,0.0,0.0,0.0,33.0,-69.756,-70.244,-70.244,8.0,0.0,-0.0,34.0,-33.196,-33.196,-33.196,0.0,0.0,0.0,34.0
42.9636,1,fwd,90.0,12.2,5.618,5.4,5.4,16.0,0.0,0.0,34.0,-99.82,-100.0,-100.0,8.0,0.0,0.0,33.0,67.141,90.0,67.804,-24.0,1.0,3.312,33.0,-65.467,-65.0,-65.0,-24.0,1.0,-0.0,43.0,-95.017,-95.017,-95.017,0.0,0.0,0.0,33.0,-69.756,-70.244,-70.244,8.0,0.0,-0.0,34.0,-33.196,-33.196,-33.196,0.0,0.0,0.0,34.0
43.017,1,fwd,90.0,12.2,5.618,5.4,5.4,16.0,0.0,0.0,34.0,-99.82,-100.0,-100.0,8.0,0.0,0.0,33.0,67.425,90.0,68.017,-24.0,1.0,4.345,33.0,-65.467,-65.0,-65.0,-24.0,1.0,-0.0,43.0,-95.017,-95.017,-95.017,0.0,0.0,0.0,33.0,-69.756,-70.244,-70.244,8.0,0.0,-0.0,34.0,-33.196,-33.196,-33.196,0.0,0.0,0.0,34.0
43.0699,1,fwd,90.0,12.2,5.618,5.4,5.4,16.0,0.0,0.0,34.0,-99.82,-100.0,-100.0,8.0,0.0,0.0,33.0,67.71,90.0,68.23,-24.0,1.0,5.309,33.0,-65.467,-65.0,-65.0,-24.0,1.0,-0.0,43.0,-95.017,-95.017,-95.017,0.0,0.0,0.0,33.0,-69.756,-70.244,-70.244,8.0,0.0,-0.0,34.0,-33.196,-33.196,-33.196,0.0,0.0,0.0,34.0
43.1246,1,fwd,90.0,12.2,5.618,5.4,5.4,16.0,0.0,0.0,34.0,-99.82,-100.0,-100.0,8.0,0.0,0.0,33.0,67.852,90.0,68.447,-24.0,1.0,4.184,33.0,-65.467,-65.0,-65.0,-24.0,1.0,-0.0,43.0,-95.017,-95.017,-95.017,0.0,0.0,0.0,33.0,-69.756,-70.244,-70.244,8.0,0.0,-0.0,34.0,-33.196,-33.196,-33.196,0.0,0.0,0.0,34.0
43.1777,1,fwd,90.0,12.2,5.618,5.4,5.4,16.0,0.0,0.0,34.0,-99.82,-100.0,-100.0,8.0,0.0,0.0,33.0,68.137,90.0,68.662,-24.0,1.0,4.763,33.0,-65.467,-65.0,-65.0,-24.0,1.0,-0.0,43.0,-95.017,-95.017,-95.017,0.0,0.0,0.0,33.0,-69.756,-70.244,-70.244,8.0,0.0,-0.0,34.0,-33.196,-33.196,-33.196,0.0,0.0,0.0,34.0
43.2313,1,fwd,90.0,12.2,5.618,5.4,5.4,16.0,0.0,0.0,34.0,-99.82,-100.0,-100.0,8.0,0.0,0.0,33.0,68.279,90.0,68.899,-16.0,0.0,4.053,33.0,-65.467,-65.0,-65.0,-24.0,1.0,-0.0,43.0,-95.017,-95.017,-95.017,0.0,0.0,0.0,33.0,-69.756,-70.244,-70.244,8.0,0.0,-0.0,34.0,-33.196,-33.196,-33.196,0.0,0.0,0.0,34.0
43.2842,1,fwd,90.0,12.2,5.618,5.4,5.4,16.0,0.0,0.0,34.0,-99.82,-100.0,-100.0,8.0,0.0,0.0,33.0,68.421,90.0,69.113,-16.0,0.0,3.589,33.0,-65.467,-65.0,-65.0,-24.0,1.0,-0.0,43.0,-95.017,-95.017,-95.017,0.0,0.0,0.0,33.0,-69.756,-70.244,-70.244,8.0,0.0,-0.0,34.0,-33.196,-33.196,-33.196,0.0,0.0,0.0,34.0
43.337,1,fwd,90.0,12.2,5.618,5.4,5.4,16.0,0.0,0.0,34.0,-99.82,-100.0,-100.0,8.0,0.0,0.0,33.0,68.706,90.0,69.327,-16.0,0.0,4.456,33.0,-65.467,-65.0,-65.0,-24.0,1.0,-0.0,43.0,-95.017,-95.017,-95.017,0.0,0.0,0.0,33.0,-69.756,-70.244,-70.244,8.0,0.0,-0.0,34.0,-33.196,-33.196,-33.196,0.0,0.0,0.0,34.0
43.39,1,fwd,90.0,12.2,5.618,5.4,5.4,16.0,0.0,0.0,34.0,-99.82,-100.0,-100.0,8.0,0.0,0.0,33.0,68.848,90.0,69.542,-16.0,0.0,3.292,33.0,-65.467,-65.0,-65.0,-24.0,1.0,-0.0,43.0,-95.017,-95.017,-95.017,0.0,0.0,0.0,33.0,-69.756,-70.244,-70.244,8.0,0.0,-0.0,34.0,-33.196,-33.196,-33.196,0.0,0.0,0.0,34.0
43.4429,1,fwd,90.0,12.2,5.618,5.4,5.4,16.0,0.0,0.0,34.0,-99.82,-100.0,-100.0,8.0,0.0,0.0,33.0,69.132,90.0,69.756,-16.0,0.0,3.857,33.0,-65.467,-65.0,-65.0,-24.0,1.0,-0.0,43.0,-95.017,-95.017,-95.017,0.0,0.0,0.0,33.0,-69.756,-70.244,-70.244,8.0,0.0,-0.0,34.0,-33.196,-33.196,-33.196,0.0,0.0,0.0,34.0
43.496,1,fwd,90.0,12.2,5.618,5.4,5.4,16.0,0.0,0.0,34.0,-99.82,-100.0,-100.0,8.0,0.0,0.0,33.0,69.417,90.0,69.969,-16.0,0.0,4.611,33.0,-65.467,-65.0,-65.0,-24.0,1.0,-0.0,43.0,-95.017,-95.017,-95.017,0.0,0.0,0.0,33.0,-69.756,-70.244,-70.244,8.0,0.0,-0.0,34.0,-33.196,-33.196,-33.196,0.0,0.0,0.0,34.0
43.5492,1,fwd,90.0,12.2,5.618,5.4,5.4,16.0,0.0,0.0,34.0,-99.82,-100.0,-100.0,8.0,0.0,0.0,33.0,69.559,90.0,70.182,-16.0,0.0,3.858,33.0,-65.467,-65.0,-65.0,-24.0,1.0,-0.0,43.0,-95.017,-95.017,-95.017,0.0,0.0,0.0,33.0,-69.756,-70.244,-70.244,8.0,0.0,-0.0,34.0,-33.196,-33.196,-33.196,0.0,0.0,0.0,34.0
43.6015,1,fwd,90.0,12.2,5.618,5.4,5.4,16.0,0.0,0.0,34.0,-99.82,-100.0,-100.0,8.0,0.0,0.0,33.0,69.844,90.0,70.395,-16.0,0.0,4.63,33.0,-65.467,-65.0,-65.0,-24.0,1.0,-0.0,43.0,-95.017,-95.017,-95.017,0.0,0.0,0.0,33.0,-69.756,-70.244,-70.244,8.0,0.0,-0.0,34.0,-33.196,-33.196,-33.196,0.0,0.0,0.0,34.0
43.6547,1,fwd,90.0,12.2,5.618,5.4,5.4,16.0,0.0,0.0,34.0,-99.82,-100.0,-100.0,8.0,0.0,0.0,33.0,69.986,90.0,70.608,-16.0,0.0,3.385,33.0,-65.467,-65.0,-65.0,-24.0,1.0,-0.0,43.0,-95.017,-95.017,-95.017,0.0,0.0,0.0,33.0,-69.756,-70.244,-70.244,8.0,0.0,-0.0,34.0,-33.196,-33.196,-33.196,0.0,0.0,0.0,34.0
43.7088,1,fwd,90.0,12.2,5.618,5.4,5.4,16.0,0.0,0.0,34.0,-99.82,-100.0,-100.0,8.0,0.0,0.0,33.0,70.27,90.0,70.822,-16.0,0.0,4.869,33.0,-65.467,-65.0,-65.0,-24.0,1.0,-0.0,43.0,-95.017,-95.017,-95.017,0.0,0.0,0.0,33.0,-69.756,-70.244,-70.244,8.0,0.0,-0.0,34.0,-33.196,-33.196,-33.196,0.0,0.0,0.0,34.0
43.7619,1,fwd,90.0,12.2,5.618,5.4,5.4,16.0,0.0,0.0,34.0,-99.82,-100.0,-100.0,8.0,0.0,0.0,33.0,70.413,90.0,70.928,-16.0,0.0,5.024,33.0,-65.467,-65.0,-65.0,-24.0,1.0,-0.0,43.0,-95.017,-95.017,-95.017,0.0,0.0,0.0,33.0,-69.756,-70.244,-70.244,8.0,0.0,-0.0,34.0,-33.196,-33.196,-33.196,0.0,0.0,0.0,34.0
43.815,1,fwd,90.0,12.2,5.618,5.4,5.4,16.0,0.0,0.0,34.0,-99.82,-100.0,-100.0,8.0,0.0,0.0,33.0,70.555,90.0,71.26,-16.0,0.0,4.063,33.0,-65.467,-65.0,-65.0,-24.0,1.0,-0.0,43.0,-95.017,-95.017,-95.017,0.0,0.0,0.0,33.0,-69.756,-70.244,-70.244,8.0,0.0,-0.0,34.0,-33.196,-33.196,-33.196,0.0,0.0,0.0,34.0
43.8682,1,fwd,90.0,12.2,5.618,5.4,5.4,16.0,0.0,0.0,34.0,-99.82,-100.0,-100.0,8.0,0.0,0.0,33.0,70.839,90.0,71.473,-16.0,0.0,4.713,33.0,-65.467,-65.0,-65.0,-24.0,1.0,-0.0,43.0,-95.017,-95.017,-95.017,0.0,0.0,0.0,33.0,-69.756,-70.244,-70.244,8.0,0.0,-0.0,34.0,-33.196,-33.196,-33.196,0.0,0.0,0.0,34.0
43.921,1,fwd,90.0,12.2,5.618,5.4,5.4,16.0,0.0,0.0,34.0,-99.82,-100.0,-100.0,8.0,0.0,0.0,33.0,71.124,90.0,71.687,-16.0,0.0,5.045,33.0,-65.467,-65.0,-65.0,-24.0,1.0,-0.0,43.0,-95.017,-95.017,-95.017,0.0,0.0,0.0,33.0,-69.756,-70.244,-70.244,8.0,0.0,-0.0,34.0,-33.196,-33.196,-33.196,0.0,0.0,0.0,34.0
43.9738,1,fwd,90.0,12.2,5.618,5.4,5.4,16.0,0.0,0.0,34.0,-99.82,-100.0,-100.0,8.0,0.0,0.0,33.0,71.266,90.0,71.898,-16.0,0.0,3.6,33.0,-65.467,-65.0,-65.0,-24.0,1.0,-0.0,43.0,-95.017,-95.017,-95.017,0.0,0.0,0.0,33.0,-69.756,-70.244,-70.244,8.0,0.0,-0.0,34.0,-33.196,-33.196,-33.196,0.0,0.0,0.0,34.0
44.0263,1,fwd,90.0,12.2,5.618,5.4,5.4,16.0,0.0,0.0,34.0,-99.82,-100.0,-100.0,8.0,0.0,0.0,33.0,71.55,90.0,72.112,-16.0,0.0,4.473,33.0,-65.467,-65.0,-65.0,-24.0,1.0,-0.0,43.0,-95.017,-95.017,-95.017,0.0,0.0,0.0,33.0,-69.756,-70.244,-70.244,8.0,0.0,-0.0,34.0,-33.196,-33.196,-33.196,0.0,0.0,0.0,34.0
44.0783,1,fwd,90.0,12.2,5.618,5.4,5.4,16.0,0.0,0.0,34.0,-99.82,-100.0,-100.0,8.0,0.0,0.0,33.0,71.693,90.0,72.327,-16.0,0.0,3.303,33.0,-65.467,-65.0,-65.0,-24.0,1.0,-0.0,43.0,-95.017,-95.017,-95.017,0.0,0.0,0.0,33.0,-69.756,-70.244,-70.244,8.0,0.0,-0.0,34.0,-33.196,-33.196,-33.196,0.0,0.0,0.0,34.0
44.1303,1,fwd,90.0,12.2,5.618,5.4,5.4,16.0,0.0,0.0,34.0,-99.82,-100.0,-100.0,8.0,0.0,0.0,33.0,71.835,90.0,72.539,-16.0,0.0,3.922,33.0,-65.467,-65.0,-65.0,-24.0,1.0,-0.0,43.0,-95.017,-95.017,-95.017,0.0,0.0,0.0,33.0,-69.756,-70.244,-70.244,8.0,0.0,-0.0,34.0,-33.196,-33.196,-33.196,0.0,0.0,0.0,34.0
44.1832,1,fwd,90.0,12.2,5.618,5.4,5.4,16.0,0.0,0.0,34.0,-99.82,-100.0,-100.0,8.0,0.0,0.0,33.0,72.119,90.0,72.763,-16.0,0.0,5.139,33.0,-65.467,-65.0,-65.0,-24.0,1.0,-0.0,43.0,-95.017,-95.017,-95.017,0.0,0.0,0.0,33.0,-69.756,-70.244,-70.244,8.0,0.0,-0.0,34.0,-33.196,-33.196,-33.196,0.0,0.0,0.0,34.0
44.2354,1,fwd,90.0,12.2,5.618,5.4,5.4,16.0,0.0,0.0,34.0,-99.82,-100.0,-100.0,8.0,0.0,0.0,33.0,72.262,90.0,72.88,-16.0,0.0,4.123,33.0,-65.467,-65.0,-65.0,-24.0,1.0,-0.0,43.0,-95.017,-95.017,-95.017,0.0,0.0,0.0,33.0,-69.756,-70.244,-70.244,8.0,0.0,-0.0,34.0,-33.196,-33.196,-33.196,0.0,0.0,0.0,34.0
44.2887,1,fwd,90.0,12.2,5.618,5.4,5.4,16.0,0.0,0.0,34.0,-99.82,-100.0,-100.0,8.0,0.0,0.0,33.0,72.546,90.0,73.102,-16.0,0.0,4.652,33.0,-65.467,-65.0,-65.0,-24.0,1.0,-0.0,43.0,-95.017,-95.017,-95.017,0.0,0.0,0.0,33.0,-69.756,-70.244,-70.244,8.0,0.0,-0.0,34.0,-33.196,-33.196,-33.196,0.0,0.0,0.0,34.0
44.3418,1,fwd,90.0,12.2,5.618,5.4,5.4,16.0,0.0,0.0,34.0,-99.82,-100.0,-100.0,8.0,0.0,0.0,33.0,72.688,90.0,73.209,-16.0,0.0,4.864,33.0,-65.467,-65.0,-65.0,-24.0,0.0,-0.0,43.0,-95.017,-95.017,-95.017,0.0,0.0,0.0,33.0,-69.756,-70.244,-70.244,8.0,0.0,-0.0,34.0,-33.196,-33.196,-33.196,0.0,0.0,0.0,34.0
44.3951,1,fwd,90.0,12.2,5.618,5.4,5.4,16.0,0.0,0.0,34.0,-99.82,-100.0,-100.0,8.0,0.0,0.0,33.0,72.831,90.0,73.542,-16.0,0.0,2.911,33.0,-65.467,-65.0,-65.0,-24.0,0.0,-0.0,43.0,-95.017,-95.017,-95.017,0.0,0.0,0.0,33.0,-69.756,-70.244,-70.244,8.0,0.0,-0.0,34.0,-33.196,-33.196,-33.196,0.0,0.0,0.0,34.0
44.448,1,fwd,90.0,12.2,5.618,5.4,5.4,16.0,0.0,0.0,34.0,-99.82,-100.0,-100.0,8.0,0.0,0.0,33.0,73.115,90.0,73.755,-16.0,0.0,4.151,33.0,-65.467,-65.0,-65.0,-24.0,0.0,-0.0,43.0,-95.017,-95.017,-95.017,0.0,0.0,0.0,33.0,-69.756,-70.244,-70.244,8.0,0.0,-0.0,34.0,-33.196,-33.196,-33.196,0.0,0.0,0.0,34.0
44.5011,1,fwd,90.0,12.2,5.618,5.4,5.4,16.0,0.0,0.0,34.0,-99.82,-100.0,-100.0,8.0,0.0,0.0,33.0,73.4,90.0,73.969,-16.0,0.0,4.748,33.0,-65.467,-65.0,-65.0,-24.0,0.0,-0.0,43.0,-95.017,-95.017,-95.017,0.0,0.0,0.0,33.0,-69.756,-70.244,-70.244,8.0,0.0,-0.0,34.0,-33.196,-33.196,-33.196,0.0,0.0,0.0,34.0
44.5541,1,fwd,90.0,12.2,5.618,5.4,5.4,16.0,0.0,0.0,34.0,-99.82,-100.0,-100.0,8.0,0.0,0.0,33.0,73.684,90.0,74.182,-16.0,0.0,5.507,33.0,-65.467,-65.0,-65.0,-24.0,0.0,-0.0,43.0,-95.017,-95.017,-95.017,0.0,0.0,0.0,33.0,-69.756,-70.244,-70.244,8.0,0.0,-0.0,34.0,-33.196,-33.196,-33.196,0.0,0.0,0.0,34.0
44.6071,1,fwd,90.0,12.2,5.618,5.4,5.4,16.0,0.0,0.0,34.0,-99.82,-100.0,-100.0,8.0,0.0,0.0,33.0,73.826,90.0,74.396,-16.0,0.0,4.298,33.0,-65.467,-65.0,-65.0,-24.0,0.0,-0.0,43.0,-95.017,-95.017,-95.017,0.0,0.0,0.0,33.0,-69.756,-70.244,-70.244,8.0,0.0,-0.0,34.0,-33.196,-33.196,-33.196,0.0,0.0,0.0,34.0
44.6601,1,fwd,90.0,12.2,5.618,5.4,5.4,16.0,0.0,0.0,34.0,-99.82,-100.0,-100.0,8.0,0.0,0.0,33.0,74.111,90.0,74.609,-16.0,0.0,4.827,33.0,-65.467,-65.0,-65.0,-24.0,0.0,-0.0,43.0,-95.017,-95.017,-95.017,0.0,0.0,0.0,33.0,-69.756,-70.244,-70.244,8.0,0.0,-0.0,34.0,-33.196,-33.196,-33.196,0.0,0.0,0.0,34.0
44.7133,1,fwd,90.0,12.2,5.618,5.4,5.4,16.0,0.0,0.0,34.0,-99.82,-100.0,-100.0,8.0,0.0,0.0,33.0,74.253,90.0,74.822,-16.0,0.0,3.961,33.0,-65.467,-65.0,-65.0,-24.0,0.0,-0.0,43.0,-95.017,-95.017,-95.017,0.0,0.0,0.0,33.0,-69.756,-70.244,-70.244,8.0,0.0,-0.0,34.0,-33.196,-33.196,-33.196,0.0,0.0,0.0,34.0
44.7662,1,fwd,90.0,12.2,5.618,5.4,5.4,16.0,0.0,0.0,34.0,-99.82,-100.0,-100.0,8.0,0.0,0.0,33.0,74.538,90.0,75.037,-16.0,0.0,4.654,33.0,-65.467,-65.0,-65.0,-24.0,0.0,-0.0,43.0,-95.017,-95.017,-95.017,0.0,0.0,0.0,33.0,-69.756,-70.244,-70.244,8.0,0.0,-0.0,34.0,-33.196,-33.196,-33.196,0.0,0.0,0.0,34.0
44.8186,1,fwd,90.0,12.2,5.618,5.4,5.4,16.0,0.0,0.0,34.0,-99.82,-100.0,-100.0,8.0,0.0,0.0,33.0,74.538,90.0,75.25,-16.0,0.0,2.28,33.0,-65.467,-65.0,-65.0,-24.0,0.0,-0.0,43.0,-95.017,-95.017,-95.017,0.0,0.0,0.0,33.0,-69.756,-70.244,-70.244,8.0,0.0,-0.0,34.0,-33.196,-33.196,-33.196,0.0,0.0,0.0,34.0
44.8714,1,fwd,90.0,12.2,5.618,5.4,5.4,16.0,0.0,0.0,34.0,-99.82,-100.0,-100.0,8.0,0.0,0.0,33.0,74.964,90.0,75.463,-16.0,0.0,4.954,33.0,-65.467,-65.0,-65.0,-24.0,0.0,-0.0,43.0,-95.017,-95.017,-95.017,0.0,0.0,0.0,33.0,-69.756,-70.244,-70.244,8.0,0.0,-0.0,34.0,-33.196,-33.196,-33.196,0.0,0.0,0.0,34.0
44.9245,1,fwd,90.0,12.2,5.528,5.4,5.4,16.0,0.0,-0.452,34.0,-99.82,-100.0,-100.0,8.0,0.0,0.0,33.0,75.107,90.0,75.702,-16.0,0.0,4.182,33.0,-65.467,-65.0,-65.0,-24.0,1.0,-0.0,43.0,-95.017,-95.017,-95.017,0.0,0.0,0.0,33.0,-69.756,-70.244,-70.244,8.0,1.0,-0.0,34.0,-33.196,-33.196,-33.196,0.0,0.0,0.0,34.0
44.9774,1,fwd,90.0,12.2,5.528,5.4,5.4,16.0,0.0,-0.221,34.0,-99.82,-100.0,-100.0,8.0,0.0,0.0,33.0,75.249,90.0,75.915,-16.0,0.0,3.651,33.0,-65.467,-65.0,-65.0,-24.0,1.0,-0.0,43.0,-95.017,-95.017,-95.017,0.0,0.0,0.0,33.0,-69.756,-70.244,-70.244,8.0,1.0,-0.0,34.0,-33.196,-33.196,-33.196,0.0,0.0,0.0,34.0
45.0305,1,fwd,90.0,12.2,5.528,5.4,5.4,16.0,0.0,-0.108,34.0,-99.82,-100.0,-100.0,8.0,0.0,0.0,33.0,75.533,90.0,76.127,-16.0,0.0,4.503,33.0,-65.467,-65.0,-65.0,-24.0,1.0,-0.0,43.0,-95.017,-95.017,-95.017,0.0,0.0,0.0,33.0,-69.756,-70.244,-70.244,8.0,1.0,-0.0,34.0,-33.196,-33.196,-33.196,0.0,0.0,0.0,34.0
45.0823,1,fwd,90.0,12.2,5.528,5.4,5.4,16.0,0.0,-0.053,34.0,-99.82,-100.0,-100.0,8.0,0.0,0.0,33.0,75.818,90.0,76.342,-16.0,0.0,5.42,33.0,-65.467,-65.0,-65.0,-24.0,1.0,-0.0,43.0,-95.017,-95.017,-95.017,0.0,0.0,0.0,33.0,-69.756,-70.244,-70.244,8.0,1.0,-0.0,34.0,-33.196,-33.196,-33.196,0.0,0.0,0.0,34.0
45.1351,1,fwd,90.0,12.2,5.528,5.4,5.4,16.0,0.0,-0.026,34.0,-99.82,-100.0,-100.0,8.0,0.0,0.0,33.0,75.96,90.0,76.555,-16.0,0.0,4.258,33.0,-65.467,-65.0,-65.0,-24.0,1.0,-0.0,43.0,-95.017,-95.017,-95.017,0.0,0.0,0.0,33.0,-69.756,-70.244,-70.244,8.0,1.0,-0.0,34.0,-33.196,-33.196,-33.196,0.0,0.0,0.0,34.0
45.1878,1,fwd,90.0,12.2,5.528,5.4,5.4,16.0,0.0,-0.013,34.0,-99.82,-100.0,-100.0,8.0,0.0,0.0,33.0,76.245,90.0,76.768,-16.0,0.0,4.821,33.0,-65.467,-65.0,-65.0,-24.0,1.0,-0.0,43.0,-95.017,-95.017,-95.017,0.0,0.0,0.0,33.0,-69.756,-70.244,-70.244,8.0,1.0,-0.0,34.0,-33.196,-33.196,-33.196,0.0,0.0,0.0,34.0
45.2404,1,fwd,90.0,12.2,5.528,5.4,5.4,16.0,0.0,-0.009,34.0,-99.82,-100.0,-100.0,8.0,0.0,0.0,33.0,76.245,90.0,76.983,-16.0,0.0,3.374,33.0,-65.467,-65.0,-65.0,-24.0,1.0,-0.0,43.0,-95.017,-95.017,-95.017,0.0,0.0,0.0,33.0,-69.756,-70.244,-70.244,8.0,1.0,-0.0,34.0,-33.196,-33.196,-33.196,0.0,0.0,0.0,34.0
45.2935,1,fwd,90.0,12.2,5.528,5.4,5.4,16.0,0.0,-0.004,34.0,-99.82,-100.0,-100.0,8.0,0.0,0.0,33.0,76.529,90.0,77.209,-16.0,0.0,4.247,33.0,-65.467,-65.0,-65.0,-24.0,1.0,-0.0,43.0,-95.017,-95.017,-95.017,0.0,0.0,0.0,33.0,-69.756,-70.244,-70.244,8.0,1.0,-0.0,34.0,-33.196,-33.196,-33.196,0.0,0.0,0.0,34.0
45.3468,1,fwd,90.0,12.2,5.528,5.4,5.4,16.0,0.0,-0.002,34.0,-99.82,-100.0,-100.0,8.0,0.0,0.0,33.0,76.814,90.0,77.429,-16.0,0.0,4.732,33.0,-65.467,-65.0,-65.0,-24.0,1.0,-0.0,43.0,-95.017,-95.017,-95.017,0.0,0.0,0.0,33.0,-69.756,-70.244,-70.244,8.0,1.0,-0.0,34.0,-33.196,-33.196,-33.196,0.0,0.0,0.0,34.0
45.4001,1,fwd,90.0,12.2,5.528,5.4,5.4,16.0,0.0,-0.001,34.0,-99.82,-100.0,-100.0,8.0,0.0,0.0,33.0,76.956,90.0,77.642,-16.0,0.0,3.928,33.0,-65.467,-65.0,-65.0,-24.0,1.0,-0.0,43.0,-95.017,-95.017,-95.017,0.0,0.0,0.0,33.0,-69.756,-70.244,-70.244,8.0,1.0,-0.0,34.0,-33.196,-33.196,-33.196,0.0,0.0,0.0,34.0
45.4532,1,fwd,90.0,12.2,5.528,5.4,5.4,16.0,0.0,-0.001,34.0,-99.82,-100.0,-100.0,8.0,0.0,0.0,33.0,77.098,90.0,77.748,-16.0,0.0,3.048,33.0,-65.467,-65.0,-65.0,-24.0,1.0,-0.0,43.0,-95.017,-95.017,-95.017,0.0,0.0,0.0,33.0,-69.756,-70.244,-70.244,8.0,1.0,-0.0,34.0,-33.196,-33.196,-33.196,0.0,0.0,0.0,34.0
45.5054,1,fwd,90.0,12.2,5.528,5.4,5.4,8.0,0.0,-0.0,34.0,-99.82,-100.0,-100.0,8.0,1.0,0.0,33.0,77.383,90.0,77.988,-16.0,0.0,3.559,33.0,-65.467,-65.0,-65.0,-24.0,1.0,-0.0,43.0,-95.017,-95.017,-95.017,0.0,0.0,0.0,33.0,-69.756,-70.244,-70.244,8.0,0.0,-0.0,34.0,-33.196,-33.196,-33.196,0.0,0.0,0.0,34.0
45.5582,1,fwd,90.0,12.2,5.528,5.4,5.4,8.0,0.0,-0.0,34.0,-99.82,-100.0,-100.0,8.0,1.0,0.0,33.0,77.525,90.0,78.2,-16.0,0.0,3.338,33.0,-65.467,-65.0,-65.0,-24.0,1.0,-0.0,43.0,-95.017,-95.017,-95.017,0.0,0.0,0.0,33.0,-69.756,-70.244,-70.244,8.0,0.0,-0.0,34.0,-33.196,-33.196,-33.196,0.0,0.0,0.0,34.0
45.6112,1,fwd,90.0,12.2,5.528,5.4,5.4,8.0,0.0,-0.0,34.0,-99.82,-100.0,-100.0,8.0,1.0,0.0,33.0,77.809,90.0,78.413,-16.0,0.0,4.357,33.0,-65.467,-65.0,-65.0,-24.0,1.0,-0.0,43.0,-95.017,-95.017,-95.017,0.0,0.0,0.0,33.0,-69.756,-70.244,-70.244,8.0,0.0,-0.0,34.0,-33.196,-33.196,-33.196,0.0,0.0,0.0,34.0
45.6635,1,fwd,90.0,12.2,5.528,5.4,5.4,8.0,0.0,-0.0,34.0,-99.82,-100.0,-100.0,8.0,1.0,0.0,33.0,78.094,90.0,78.628,-16.0,0.0,4.854,33.0,-65.467,-65.0,-65.0,-24.0,1.0,-0.0,43.0,-95.017,-95.017,-95.017,0.0,0.0,0.0,33.0,-69.756,-70.244,-70.244,8.0,0.0,-0.0,34.0,-33.196,-33.196,-33.196,0.0,0.0,0.0,34.0
45.7178,1,fwd,90.0,12.2,5.528,5.4,5.4,8.0,0.0,-0.0,34.0,-99.82,-100.0,-100.0,8.0,1.0,0.0,33.0,78.236,90.0,78.84,-16.0,0.0,3.959,33.0,-65.467,-65.0,-65.0,-24.0,1.0,-0.0,43.0,-95.017,-95.017,-95.017,0.0,0.0,0.0,33.0,-69.756,-70.244,-70.244,8.0,0.0,-0.0,34.0,-33.196,-33.196,-33.196,0.0,0.0,0.0,34.0
45.7708,1,fwd,90.0,12.2,5.528,5.4,5.4,8.0,0.0,-0.0,34.0,-99.82,-100.0,-100.0,8.0,1.0,0.0,33.0,78.521,90.0,79.055,-16.0,0.0,4.659,33.0,-65.467,-65.0,-65.0,-24.0,1.0,-0.0,43.0,-95.017,-95.017,-95.017,0.0,0.0,0.0,33.0,-69.756,-70.244,-70.244,8.0,0.0,-0.0,34.0,-33.196,-33.196,-33.196,0.0,0.0,0.0,34.0
45.824,1,fwd,90.0,12.2,5.528,5.4,5.4,8.0,0.0,-0.0,34.0,-99.82,-100.0,-100.0,8.0,1.0,0.0,33.0,78.663,90.0,79.271,-16.0,0.0,3.379,33.0,-65.467,-65.0,-65.0,-24.0,1.0,-0.0,43.0,-95.017,-95.017,-95.017,0.0,0.0,0.0,33.0,-69.756,-70.244,-70.244,8.0,0.0,-0.0,34.0,-33.196,-33.196,-33.196,0.0,0.0,0.0,34.0
45.877,1,fwd,90.0,12.2,5.528,5.4,5.4,8.0,0.0,-0.0,34.0,-99.82,-100.0,-100.0,8.0,1.0,0.0,33.0,78.805,90.0,79.483,-16.0,0.0,2.782,33.0,-65.467,-65.0,-65.0,-24.0,1.0,-0.0,43.0,-95.017,-95.017,-95.017,0.0,0.0,0.0,33.0,-69.756,-70.244,-70.244,8.0,0.0,-0.0,34.0,-33.196,-33.196,-33.196,0.0,0.0,0.0,34.0
45.93,1,fwd,90.0,12.2,5.528,5.4,5.4,8.0,0.0,-0.0,34.0,-99.82,-100.0,-100.0,8.0,1.0,0.0,33.0,79.09,90.0,79.696,-16.0,0.0,3.607,33.0,-65.467,-65.0,-65.0,-24.0,1.0,-0.0,43.0,-95.017,-95.017,-95.017,0.0,0.0,0.0,33.0,-69.756,-70.244,-70.244,8.0,0.0,-0.0,34.0,-33.196,-33.196,-33.196,0.0,0.0,0.0,34.0
45.983,1,fwd,90.0,12.2,5.528,5.4,5.4,8.0,0.0,-0.0,34.0,-99.82,-100.0,-100.0,8.0,1.0,0.0,33.0,79.374,90.0,79.91,-16.0,0.0,4.962,33.0,-65.467,-65.0,-65.0,-24.0,1.0,-0.0,43.0,-95.017,-95.017,-95.017,0.0,0.0,0.0,33.0,-69.756,-70.244,-70.244,8.0,0.0,-0.0,34.0,-33.196,-33.196,-33.196,0.0,0.0,0.0,34.0
46.036,1,fwd,90.0,12.2,5.528,5.4,5.4,8.0,0.0,-0.0,34.0,-99.82,-100.0,-100.0,8.0,0.0,0.0,33.0,79.374,90.0,80.017,-12.0,0.0,3.473,33.0,-65.467,-65.0,-65.0,-24.0,1.0,-0.0,43.0,-95.017,-95.017,-95.017,0.0,0.0,0.0,33.0,-69.756,-70.244,-70.244,8.0,0.0,-0.0,34.0,-33.196,-33.196,-33.196,0.0,0.0,0.0,34.0
46.0888,1,fwd,90.0,12.2,5.528,5.4,5.4,8.0,0.0,-0.0,34.0,-99.82,-100.0,-100.0,8.0,0.0,0.0,33.0,79.659,90.0,80.353,-12.0,0.0,2.748,33.0,-65.467,-65.0,-65.0,-24.0,1.0,-0.0,43.0,-95.017,-95.017,-95.017,0.0,0.0,0.0,33.0,-69.756,-70.244,-70.244,8.0,0.0,-0.0,34.0,-33.196,-33.196,-33.196,0.0,0.0,0.0,34.0
46.1419,1,fwd,90.0,12.2,5.528,5.4,5.4,8.0,0.0,-0.0,34.0,-99.82,-100.0,-100.0,8.0,0.0,0.0,33.0,79.943,90.0,80.567,-12.0,0.0,4.078,33.0,-65.467,-65.0,-65.0,-24.0,1.0,-0.0,43.0,-95.017,-95.017,-95.017,0.0,0.0,0.0,33.0,-69.756,-70.244,-70.244,8.0,0.0,-0.0,34.0,-33.196,-33.196,-33.196,0.0,0.0,0.0,34.0
46.195,1,fwd,90.0,12.2,5.528,5.4,5.4,8.0,0.0,-0.0,34.0,-99.82,-100.0,-100.0,8.0,0.0,0.0,33.0,80.228,90.0,80.778,-12.0,0.0,4.629,33.0,-65.467,-65.0,-65.0,-24.0,1.0,-0.0,43.0,-95.017,-95.017,-95.017,0.0,0.0,0.0,33.0,-69.756,-70.244,-70.244,8.0,0.0,-0.0,34.0,-33.196,-33.196,-33.196,0.0,0.0,0.0,34.0
46.248,1,fwd,90.0,12.2,5.528,5.4,5.4,8.0,0.0,-0.0,34.0,-99.82,-100.0,-100.0,8.0,0.0,0.0,33.0,80.37,90.0,80.999,-12.0,0.0,3.39,33.0,-65.467,-65.0,-65.0,-24.0,1.0,-0.0,43.0,-95.017,-95.017,-95.017,0.0,0.0,0.0,33.0,-69.756,-70.244,-70.244,8.0,0.0,-0.0,34.0,-33.196,-33.196,-33.196,0.0,0.0,0.0,34.0
46.3011,1,fwd,90.0,12.2,5.528,5.4,5.4,8.0,0.0,-0.0,34.0,-99.82,-100.0,-100.0,8.0,0.0,0.0,33.0,80.654,90.0,81.211,-12.0,0.0,4.861,33.0,-65.467,-65.0,-65.0,-24.0,1.0,-0.0,43.0,-95.017,-95.017,-95.017,0.0,0.0,0.0,33.0,-69.756,-70.244,-70.244,8.0,0.0,-0.0,34.0,-33.196,-33.196,-33.196,0.0,0.0,0.0,34.0
46.3539,1,fwd,90.0,12.2,5.528,5.4,5.4,8.0,0.0,-0.0,34.0,-99.82,-100.0,-100.0,8.0,0.0,0.0,33.0,80.797,90.0,81.425,-12.0,0.0,3.497,33.0,-65.467,-65.0,-65.0,-24.0,1.0,-0.0,43.0,-95.017,-95.017,-95.017,0.0,0.0,0.0,33.0,-69.756,-70.244,-70.244,8.0,0.0,-0.0,34.0,-33.196,-33.196,-33.196,0.0,0.0,0.0,34.0
46.4067,1,fwd,90.0,12.2,5.528,5.4,5.4,8.0,0.0,-0.0,34.0,-99.82,-100.0,-100.0,8.0,0.0,0.0,33.0,80.939,90.0,81.64,-12.0,0.0,2.813,33.0,-65.467,-65.0,-65.0,-24.0,1.0,-0.0,43.0,-95.017,-95.017,-95.017,0.0,0.0,0.0,33.0,-69.756,-70.244,-70.244,8.0,0.0,-0.0,34.0,-33.196,-33.196,-33.196,0.0,0.0,0.0,34.0
46.4599,1,fwd,90.0,12.2,5.528,5.4,5.4,8.0,0.0,-0.0,34.0,-99.82,-100.0,-100.0,8.0,0.0,0.0,33.0,81.223,90.0,81.855,-12.0,0.0,3.602,33.0,-65.467,-65.0,-65.0,-24.0,1.0,-0.0,43.0,-95.017,-95.017,-95.017,0.0,0.0,0.0,33.0,-69.756,-70.244,-70.244,8.0,0.0,-0.0,34.0,-33.196,-33.196,-33.196,0.0,0.0,0.0,34.0
46.513,1,fwd,90.0,12.2,5.528,5.4,5.4,8.0,0.0,-0.0,34.0,-99.82,-100.0,-100.0,8.0,0.0,0.0,33.0,81.508,90.0,82.067,-12.0,0.0,4.477,33.0,-65.467,-65.0,-65.0,-24.0,1.0,-0.0,43.0,-95.017,-95.017,-95.017,0.0,0.0,0.0,33.0,-69.756,-70.244,-70.244,8.0,0.0,-0.0,34.0,-33.196,-33.196,-33.196,0.0,0.0,0.0,34.0
46.566,1,fwd,90.0,12.2,5.528,5.4,5.4,8.0,0.0,-0.0,34.0,-99.82,-100.0,-100.0,8.0,0.0,0.0,33.0,81.65,90.0,82.281,-12.0,0.0,4.735,33.0,-65.467,-65.0,-65.0,-24.0,1.0,-0.0,43.0,-95.017,-95.017,-95.017,0.0,0.0,0.0,33.0,-69.756,-70.244,-70.244,8.0,0.0,-0.0,34.0,-33.196,-33.196,-33.196,0.0,0.0,0.0,34.0
46.6183,1,fwd,90.0,12.2,5.528,5.4,5.4,8.0,0.0,-0.0,34.0,-99.82,-100.0,-100.0,8.0,0.0,0.0,33.0,81.65,90.0,82.281,-24.0,0.0,3.315,33.0,-65.467,-65.0,-65.0,-24.0,1.0,-0.0,43.0,-95.017,-95.017,-95.017,0.0,0.0,0.0,33.0,-69.756,-70.244,-70.244,8.0,0.0,-0.0,34.0,-33.196,-33.196,-33.196,0.0,0.0,0.0,34.0
46.6703,1,fwd,90.0,12.2,5.528,5.4,5.4,8.0,0.0,-0.0,34.0,-99.82,-100.0,-100.0,8.0,0.0,0.0,33.0,81.935,90.0,82.633,-24.0,0.0,2.645,33.0,-65.467,-65.0,-65.0,-24.0,1.0,-0.0,43.0,-95.017,-95.017,-95.017,0.0,0.0,0.0,33.0,-69.756,-70.244,-70.244,8.0,0.0,-0.0,34.0,-33.196,-33.196,-33.196,0.0,0.0,0.0,34.0
46.7245,1,fwd,90.0,12.2,5.528,5.4,5.4,8.0,0.0,-0.0,34.0,-99.82,-100.0,-100.0,8.0,0.0,0.0,33.0,82.219,90.0,82.847,-24.0,0.0,4.034,33.0,-65.467,-65.0,-65.0,-24.0,1.0,-0.0,43.0,-95.017,-95.017,-95.017,0.0,0.0,0.0,33.0,-69.756,-70.244,-70.244,8.0,0.0,-0.0,34.0,-33.196,-33.196,-33.196,0.0,0.0,0.0,34.0
46.7777,1,fwd,90.0,12.2,5.528,5.4,5.4,8.0,0.0,-0.0,34.0,-99.82,-100.0,-100.0,8.0,0.0,0.0,33.0,82.361,90.0,83.06,-24.0,0.0,3.093,33.0,-65.467,-65.0,-65.0,-24.0,1.0,-0.0,43.0,-95.017,-95.017,-95.017,0.0,0.0,0.0,33.0,-69.756,-70.244,-70.244,8.0,0.0,-0.0,34.0,-33.196,-33.196,-33.196,0.0,0.0,0.0,34.0
46.8306,1,fwd,90.0,12.2,5.528,5.4,5.4,8.0,0.0,-0.0,34.0,-99.82,-100.0,-100.0,8.0,0.0,0.0,33.0,82.646,90.0,83.273,-24.0,0.0,4.241,33.0,-65.467,-65.0,-65.0,-24.0,1.0,-0.0,43.0,-95.017,-95.017,-95.017,0.0,0.0,0.0,33.0,-69.756,-70.244,-70.244,8.0,0.0,-0.0,34.0,-33.196,-33.196,-33.196,0.0,0.0,0.0,34.0
46.8834,1,fwd,90.0,12.2,5.528,5.4,5.4,8.0,0.0,-0.0,34.0,-99.82,-100.0,-100.0,8.0,0.0,0.0,33.0,82.788,90.0,83.486,-24.0,0.0,3.2,33.0,-65.467,-65.0,-65.0,-24.0,1.0,-0.0,43.0,-95.017,-95.017,-95.017,0.0,0.0,0.0,33.0,-69.756,-70.244,-70.244,8.0,0.0,-0.0,34.0,-33.196,-33.196,-33.196,0.0,0.0,0.0,34.0
46.9364,1,fwd,90.0,12.2,5.528,5.4,5.4,8.0,0.0,-0.0,34.0,-99.82,-100.0,-100.0,8.0,0.0,0.0,33.0,83.073,90.0,83.699,-24.0,0.0,3.813,33.0,-65.467,-65.0,-65.0,-24.0,1.0,-0.0,43.0,-95.017,-95.017,-95.017,0.0,0.0,0.0,33.0,-69.756,-70.244,-70.244,8.0,0.0,-0.0,34.0,-33.196,-33.196,-33.196,0.0,0.0,0.0,34.0
46.9883,1,fwd,90.0,12.2,5.528,5.4,5.4,8.0,0.0,-0.0,34.0,-99.82,-100.0,-100.0,8.0,0.0,0.0,33.0,83.357,90.0,83.913,-24.0,0.0,5.103,33.0,-65.467,-65.0,-65.0,-24.0,1.0,-0.0,43.0,-95.017,-95.017,-95.017,0.0,0.0,0.0,33.0,-69.756,-70.244,-70.244,8.0,0.0,-0.0,34.0,-33.196,-33.196,-33.196,0.0,0.0,0.0,34.0
47.0405,1,fwd,90.0,12.2,5.528,5.4,5.4,8.0,0.0,-0.0,34.0,-99.82,-100.0,-100.0,8.0,0.0,0.0,33.0,83.499,90.0,84.125,-24.0,0.0,3.618,33.0,-65.467,-65.0,-65.0,-24.0,1.0,-0.0,43.0,-95.017,-95.017,-95.017,0.0,0.0,0.0,33.0,-69.756,-70.244,-70.244,8.0,0.0,-0.0,34.0,-33.196,-33.196,-33.196,0.0,0.0,0.0,34.0
47.0939,1,fwd,90.0,12.2,5.528,5.4,5.4,8.0,0.0,-0.0,34.0,-99.82,-100.0,-100.0,8.0,0.0,0.0,33.0,83.642,90.0,84.342,-24.0,0.0,3.343,33.0,-65.467,-65.0,-65.0,-24.0,1.0,-0.0,43.0,-95.017,-95.017,-95.017,0.0,0.0,0.0,33.0,-69.756,-70.244,-70.244,8.0,0.0,-0.0,34.0,-33.196,-33.196,-33.196,0.0,0.0,0.0,34.0
47.1468,1,fwd,90.0,12.2,5.528,5.4,5.4,8.0,0.0,-0.0,34.0,-99.82,-100.0,-100.0,8.0,0.0,0.0,33.0,83.926,90.0,84.558,-24.0,0.0,4.318,33.0,-65.467,-65.0,-65.0,-24.0,1.0,-0.0,43.0,-95.017,-95.017,-95.017,0.0,0.0,0.0,33.0,-69.756,-70.244,-70.244,8.0,0.0,-0.0,34.0,-33.196,-33.196,-33.196,0.0,0.0,0.0,34.0
47.1994,1,fwd,90.0,12.2,5.528,5.4,5.4,8.0,0.0,-0.0,34.0,-99.82,-100.0,-100.0,8.0,0.0,0.0,33.0,84.211,90.0,84.799,-24.0,1.0,4.446,33.0,-65.467,-65.0,-65.0,-24.0,1.0,-0.0,43.0,-95.017,-95.017,-95.017,0.0,0.0,0.0,33.0,-69.756,-70.244,-70.244,8.0,0.0,-0.0,34.0,-33.196,-33.196,-33.196,0.0,0.0,0.0,34.0
47.2523,1,fwd,90.0,12.2,5.528,5.4,5.4,8.0,0.0,-0.0,34.0,-99.82,-100.0,-100.0,8.0,0.0,0.0,33.0,84.353,90.0,85.011,-24.0,1.0,3.778,33.0,-65.467,-65.0,-65.0,-24.0,1.0,-0.0,43.0,-95.017,-95.017,-95.017,0.0,0.0,0.0,33.0,-69.756,-70.244,-70.244,8.0,0.0,-0.0,34.0,-33.196,-33.196,-33.196,0.0,0.0,0.0,34.0
47.3051,1,fwd,90.0,12.2,5.528,5.4,5.4,8.0,0.0,-0.0,34.0,-99.82,-100.0,-100.0,8.0,0.0,0.0,33.0,84.637,90.0,85.225,-24.0,1.0,4.57,33.0,-65.467,-65.0,-65.0,-24.0,1.0,-0.0,43.0,-95.017,-95.017,-95.017,0.0,0.0,0.0,33.0,-69.756,-70.244,-70.244,8.0,0.0,-0.0,34.0,-33.196,-33.196,-33.196,0.0,0.0,0.0,34.0
47.3582,1,fwd,90.0,12.2,5.528,5.4,5.4,8.0,0.0,-0.0,34.0,-99.82,-100.0,-100.0,8.0,0.0,0.0,33.0,84.922,90.0,85.44,-24.0,1.0,5.422,33.0,-65.467,-65.0,-65.0,-24.0,1.0,-0.0,43.0,-95.017,-95.017,-95.017,0.0,0.0,0.0,33.0,-69.756,-70.244,-70.244,8.0,0.0,-0.0,34.0,-33.196,-33.196,-33.196,0.0,0.0,0.0,34.0
47.412,1,fwd,90.0,12.2,5.528,5.4,5.4,8.0,0.0,-0.0,34.0,-99.82,-100.0,-100.0,8.0,0.0,0.0,33.0,85.064,90.0,85.655,-24.0,1.0,4.234,33.0,-65.467,-65.0,-65.0,-24.0,1.0,-0.0,43.0,-95.017,-95.017,-95.017,0.0,0.0,0.0,33.0,-69.756,-70.244,-70.244,8.0,0.0,-0.0,34.0,-33.196,-33.196,-33.196,0.0,0.0,0.0,34.0
47.4644,1,fwd,90.0,12.2,5.528,5.4,5.4,8.0,0.0,-0.0,34.0,-99.82,-100.0,-100.0,8.0,0.0,0.0,33.0,85.206,90.0,85.874,-24.0,1.0,4.523,33.0,-65.467,-65.0,-65.0,-24.0,1.0,-0.0,43.0,-95.017,-95.017,-95.017,0.0,0.0,0.0,33.0,-69.756,-70.244,-70.244,8.0,0.0,-0.0,34.0,-33.196,-33.196,-33.196,0.0,0.0,0.0,34.0
47.518,1,fwd,90.0,12.2,5.528,5.4,5.4,8.0,0.0,-0.0,34.0,-99.82,-100.0,-100.0,8.0,0.0,0.0,33.0,85.349,90.0,86.101,-24.0,1.0,3.208,33.0,-65.467,-65.0,-65.0,-24.0,1.0,-0.0,43.0,-95.017,-95.017,-95.017,0.0,0.0,0.0,33.0,-69.756,-70.244,-70.244,8.0,0.0,-0.0,34.0,-33.196,-33.196,-33.196,0.0,0.0,0.0,34.0
47.5716,1,fwd,90.0,12.2,5.528,5.4,5.4,8.0,0.0,-0.0,34.0,-99.82,-100.0,-100.0,8.0,0.0,0.0,33.0,85.633,90.0,86.328,-24.0,1.0,4.164,33.0,-65.467,-65.0,-65.0,-24.0,1.0,-0.0,43.0,-95.017,-95.017,-95.017,0.0,0.0,0.0,33.0,-69.756,-70.244,-70.244,8.0,0.0,-0.0,34.0,-33.196,-33.196,-33.196,0.0,0.0,0.0,34.0
47.6256,1,fwd,90.0,12.2,5.528,5.4,5.4,8.0,0.0,-0.0,34.0,-99.82,-100.0,-100.0,8.0,0.0,0.0,33.0,85.917,90.0,86.448,-24.0,1.0,4.629,33.0,-65.467,-65.0,-65.0,-24.0,1.0,-0.0,43.0,-95.017,-95.017,-95.017,0.0,0.0,0.0,33.0,-69.756,-70.244,-70.244,8.0,0.0,-0.0,34.0,-33.196,-33.196,-33.196,0.0,0.0,0.0,34.0
47.6789,1,fwd,90.0,12.2,5.528,5.4,5.4,8.0,0.0,-0.0,34.0,-99.82,-100.0,-100.0,8.0,0.0,0.0,33.0,86.06,90.0,86.667,-24.0,1.0,3.87,33.0,-65.467,-65.0,-65.0,-24.0,1.0,-0.0,43.0,-95.017,-95.017,-95.017,0.0,0.0,0.0,33.0,-69.756,-70.244,-70.244,8.0,0.0,-0.0,34.0,-33.196,-33.196,-33.196,0.0,0.0,0.0,34.0
47.7331,1,fwd,90.0,12.2,5.528,5.4,5.4,8.0,0.0,-0.0,34.0,-99.82,-100.0,-100.0,8.0,0.0,0.0,33.0,86.344,90.0,86.881,-24.0,1.0,5.097,33.0,-65.467,-65.0,-65.0,-24.0,1.0,-0.0,43.0,-95.017,-95.017,-95.017,0.0,0.0,0.0,33.0,-69.756,-70.244,-70.244,8.0,0.0,-0.0,34.0,-33.196,-33.196,-33.196,0.0,0.0,0.0,34.0
47.7853,1,fwd,90.0,12.2,5.528,5.4,5.4,8.0,0.0,-0.0,34.0,-99.82,-100.0,-100.0,8.0,0.0,0.0,33.0,86.486,90.0,87.119,-24.0,1.0,4.286,33.0,-65.467,-65.0,-65.0,-24.0,1.0,-0.0,43.0,-95.017,-95.017,-95.017,0.0,0.0,0.0,33.0,-69.756,-70.244,-70.244,8.0,0.0,-0.0,34.0,-33.196,-33.196,-33.196,0.0,0.0,0.0,34.0
47.8374,1,fwd,90.0,12.2,5.528,5.4,5.4,8.0,0.0,-0.0,34.0,-99.82,-100.0,-100.0,8.0,0.0,0.0,33.0,86.629,90.0,87.335,-24.0,1.0,3.694,33.0,-65.467,-65.0,-65.0,-24.0,1.0,-0.0,43.0,-95.017,-95.017,-95.017,0.0,0.0,0.0,33.0,-69.756,-70.244,-70.244,8.0,0.0,-0.0,34.0,-33.196,-33.196,-33.196,0.0,0.0,0.0,34.0
47.8907,1,fwd,90.0,12.2,5.528,5.4,5.4,8.0,0.0,-0.0,34.0,-99.82,-100.0,-100.0,8.0,0.0,0.0,33.0,86.913,90.0,87.551,-24.0,1.0,4.48,33.0,-65.467,-65.0,-65.0,-24.0,1.0,-0.0,43.0,-95.017,-95.017,-95.017,0.0,0.0,0.0,33.0,-69.756,-70.244,-70.244,8.0,0.0,-0.0,34.0,-33.196,-33.196,-33.196,0.0,0.0,0.0,34.0
47.9441,1,fwd,90.0,12.2,5.528,5.4,5.4,8.0,0.0,-0.0,34.0,-99.82,-100.0,-100.0,8.0,0.0,0.0,33.0,87.198,90.0,87.767,-24.0,1.0,4.881,33.0,-65.467,-65.0,-65.0,-24.0,1.0,-0.0,43.0,-95.017,-95.017,-95.017,0.0,0.0,0.0,33.0,-69.756,-70.244,-70.244,8.0,0.0,-0.0,34.0,-33.196,-33.196,-33.196,0.0,0.0,0.0,34.0
47.9975,1,fwd,90.0,12.2,5.528,5.4,5.4,8.0,0.0,-0.0,34.0,-99.82,-100.0,-100.0,8.0,0.0,0.0,33.0,87.482,90.0,87.983,-24.0,1.0,5.075,33.0,-65.467,-65.0,-65.0,-24.0,1.0,-0.0,43.0,-95.017,-95.017,-95.017,0.0,0.0,0.0,33.0,-69.756,-70.244,-70.244,8.0,0.0,-0.0,34.0,-33.196,-33.196,-33.196,0.0,0.0,0.0,34.0
48.0509,1,fwd,90.0,12.2,5.528,5.4,5.4,8.0,0.0,-0.0,34.0,-99.82,-100.0,-100.0,8.0,0.0,0.0,33.0,87.482,90.0,88.199,-24.0,1.0,2.487,33.0,-65.467,-65.0,-65.0,-24.0,1.0,-0.0,43.0,-95.017,-95.017,-95.017,0.0,0.0,0.0,33.0,-69.756,-70.244,-70.244,8.0,0.0,-0.0,34.0,-33.196,-33.196,-33.196,0.0,0.0,0.0,34.0
48.1033,1,fwd,90.0,12.2,5.528,5.4,5.4,8.0,0.0,-0.0,34.0,-99.82,-100.0,-100.0,8.0,0.0,0.0,33.0,87.909,90.0,88.415,-24.0,1.0,5.007,33.0,-65.467,-65.0,-65.0,-24.0,1.0,-0.0,43.0,-95.017,-95.017,-95.017,0.0,0.0,0.0,33.0,-69.756,-70.244,-70.244,8.0,0.0,-0.0,34.0,-33.196,-33.196,-33.196,0.0,0.0,0.0,34.0
48.1566,1,fwd,90.0,12.2,5.528,5.4,5.4,8.0,0.0,-0.0,34.0,-99.82,-100.0,-100.0,8.0,0.0,0.0,33.0,88.051,90.0,88.631,-24.0,1.0,4.015,33.0,-65.467,-65.0,-65.0,-24.0,1.0,-0.0,43.0,-95.017,-95.017,-95.017,0.0,0.0,0.0,33.0,-69.756,-70.244,-70.244,8.0,0.0,-0.0,34.0,-33.196,-33.196,-33.196,0.0,0.0,0.0,34.0
48.21,1,fwd,90.0,12.2,5.528,5.4,5.4,8.0,0.0,-0.0,34.0,-99.82,-100.0,-100.0,8.0,0.0,0.0,33.0,88.336,90.0,88.848,-24.0,1.0,4.643,33.0,-65.467,-65.0,-65.0,-24.0,1.0,-0.0,43.0,-95.017,-95.017,-95.017,0.0,0.0,0.0,33.0,-69.756,-70.244,-70.244,8.0,0.0,-0.0,34.0,-33.196,-33.196,-33.196,0.0,0.0,0.0,34.0
48.2623,1,fwd,90.0,12.2,5.528,5.4,5.4,8.0,0.0,-0.0,34.0,-99.82,-100.0,-100.0,8.0,0.0,0.0,33.0,88.336,90.0,89.064,-24.0,1.0,2.275,33.0,-65.467,-65.0,-65.0,-24.0,1.0,-0.0,43.0,-95.017,-95.017,-95.017,0.0,0.0,0.0,33.0,-69.756,-70.244,-70.244,8.0,0.0,-0.0,34.0,-33.196,-33.196,-33.196,0.0,0.0,0.0,34.0
48.3155,1,fwd,90.0,12.2,5.528,5.4,5.4,8.0,0.0,-0.0,34.0,-99.82,-100.0,-100.0,8.0,0.0,0.0,33.0,88.62,90.0,89.171,-24.0,1.0,4.827,33.0,-65.467,-65.0,-65.0,-24.0,1.0,-0.0,43.0,-95.017,-95.017,-95.017,0.0,0.0,0.0,33.0,-69.756,-70.244,-70.244,8.0,0.0,-0.0,34.0,-33.196,-33.196,-33.196,0.0,0.0,0.0,34.0
48.3686,1,fwd,90.0,12.2,5.528,5.4,5.4,8.0,0.0,-0.0,34.0,-99.82,-100.0,-100.0,8.0,0.0,0.0,33.0,88.762,90.0,89.516,-24.0,1.0,4.092,33.0,-65.467,-65.0,-65.0,-24.0,1.0,-0.0,43.0,-95.017,-95.017,-95.017,0.0,0.0,0.0,33.0,-69.756,-70.244,-70.244,8.0,0.0,-0.0,34.0,-33.196,-33.196,-33.196,0.0,0.0,0.0,34.0
48.4226,1,fwd,90.0,12.2,5.528,5.4,5.4,8.0,0.0,-0.0,34.0,-99.82,-100.0,-100.0,8.0,0.0,0.0,33.0,88.905,90.0,89.625,-24.0,1.0,3.561,33.0,-65.467,-65.0,-65.0,-24.0,1.0,-0.0,43.0,-95.017,-95.017,-95.017,0.0,0.0,0.0,33.0,-69.756,-70.244,-70.244,8.0,0.0,-0.0,34.0,-33.196,-33.196,-33.196,0.0,0.0,0.0,34.0
48.4758,1,fwd,90.0,12.2,5.528,5.4,5.4,8.0,0.0,-0.0,34.0,-99.82,-100.0,-100.0,8.0,0.0,0.0,33.0,89.189,90.0,89.853,-24.0,1.0,4.358,33.0,-65.467,-65.0,-65.0,-24.0,1.0,-0.0,43.0,-95.017,-95.017,-95.017,0.0,0.0,0.0,33.0,-69.756,-70.244,-70.244,8.0,0.0,-0.0,34.0,-33.196,-33.196,-33.196,0.0,0.0,0.0,34.0
48.529,1,hold_end,90.0,12.2,5.528,5.4,5.4,8.0,0.0,-0.0,34.0,-99.82,-100.0,-100.0,8.0,0.0,0.0,33.0,89.331,90.0,90.0,-24.0,1.0,3.254,33.0,-65.467,-65.0,-65.0,-24.0,1.0,-0.0,43.0,-95.017,-95.017,-95.017,0.0,0.0,0.0,33.0,-69.756,-70.244,-70.244,8.0,0.0,-0.0,34.0,-33.196,-33.196,-33.196,0.0,0.0,0.0,34.0
48.5815,1,hold_end,90.0,12.2,5.528,5.4,5.4,8.0,0.0,-0.0,34.0,-99.82,-100.0,-100.0,8.0,0.0,0.0,33.0,89.616,90.0,90.0,-24.0,1.0,4.315,33.0,-65.467,-65.0,-65.0,-24.0,1.0,-0.0,43.0,-95.017,-95.017,-95.017,0.0,0.0,0.0,33.0,-69.756,-70.244,-70.244,8.0,0.0,-0.0,34.0,-33.196,-33.196,-33.196,0.0,0.0,0.0,34.0
48.6349,1,hold_end,90.0,12.2,5.528,5.4,5.4,8.0,0.0,-0.0,34.0,-99.82,-100.0,-100.0,8.0,0.0,0.0,33.0,89.616,90.0,90.0,-24.0,1.0,2.114,33.0,-65.467,-65.0,-65.0,-24.0,1.0,-0.0,43.0,-95.017,-95.017,-95.017,0.0,0.0,0.0,33.0,-69.756,-70.244,-70.244,8.0,0.0,-0.0,34.0,-33.196,-33.196,-33.196,0.0,0.0,0.0,34.0
48.689,1,hold_end,90.0,12.2,5.528,5.4,5.4,8.0,0.0,-0.0,34.0,-99.82,-100.0,-100.0,8.0,0.0,0.0,33.0,89.616,90.0,90.0,-24.0,1.0,1.036,33.0,-65.467,-65.0,-65.0,-24.0,1.0,-0.0,43.0,-95.017,-95.017,-95.017,0.0,0.0,0.0,33.0,-69.756,-70.244,-70.244,8.0,0.0,-0.0,34.0,-33.196,-33.196,-33.196,0.0,0.0,0.0,34.0
48.7432,1,hold_end,90.0,12.2,5.528,5.4,5.4,8.0,0.0,-0.0,34.0,-99.82,-100.0,-100.0,8.0,0.0,0.0,33.0,89.616,90.0,90.0,-24.0,1.0,0.508,33.0,-65.467,-65.0,-65.0,-24.0,1.0,-0.0,43.0,-95.017,-95.017,-95.017,0.0,0.0,0.0,33.0,-69.756,-70.244,-70.244,8.0,0.0,-0.0,34.0,-33.196,-33.196,-33.196,0.0,0.0,0.0,34.0
48.7975,1,hold_end,90.0,12.2,5.528,5.4,5.4,8.0,0.0,-0.0,34.0,-99.82,-100.0,-100.0,8.0,0.0,0.0,33.0,89.616,90.0,90.0,-24.0,1.0,0.249,33.0,-65.467,-65.0,-65.0,-24.0,1.0,-0.0,43.0,-95.017,-95.017,-95.017,0.0,0.0,0.0,33.0,-69.756,-70.244,-70.244,8.0,0.0,-0.0,34.0,-33.196,-33.196,-33.196,0.0,0.0,0.0,34.0
48.8493,1,hold_end,90.0,12.2,5.528,5.4,5.4,8.0,0.0,-0.0,34.0,-99.82,-100.0,-100.0,8.0,0.0,0.0,33.0,89.616,90.0,90.0,-24.0,1.0,0.122,33.0,-65.467,-65.0,-65.0,-24.0,1.0,-0.0,43.0,-95.017,-95.017,-95.017,0.0,0.0,0.0,33.0,-69.756,-70.244,-70.244,8.0,0.0,-0.0,34.0,-33.196,-33.196,-33.196,0.0,0.0,0.0,34.0
48.9027,1,hold_end,90.0,12.2,5.528,5.4,5.4,8.0,0.0,-0.0,34.0,-99.82,-100.0,-100.0,8.0,0.0,0.0,33.0,89.616,90.0,90.0,-16.0,0.0,0.085,33.0,-65.467,-65.0,-65.0,-24.0,1.0,-0.0,43.0,-95.017,-95.017,-95.017,0.0,0.0,0.0,33.0,-69.756,-70.244,-70.244,8.0,0.0,-0.0,34.0,-33.196,-33.196,-33.196,0.0,0.0,0.0,34.0
48.9559,1,hold_end,90.0,12.2,5.528,5.4,5.4,8.0,0.0,-0.0,34.0,-99.82,-100.0,-100.0,8.0,0.0,0.0,33.0,89.616,90.0,90.0,-16.0,0.0,0.042,33.0,-65.467,-65.0,-65.0,-24.0,1.0,-0.0,43.0,-95.017,-95.017,-95.017,0.0,0.0,0.0,33.0,-69.756,-70.244,-70.244,8.0,0.0,-0.0,34.0,-33.196,-33.196,-33.196,0.0,0.0,0.0,34.0
49.0093,1,hold_end,90.0,12.2,5.528,5.4,5.4,8.0,0.0,-0.0,34.0,-99.82,-100.0,-100.0,8.0,0.0,0.0,33.0,89.616,90.0,90.0,-16.0,0.0,0.02,33.0,-65.467,-65.0,-65.0,-24.0,1.0,-0.0,43.0,-95.017,-95.017,-95.017,0.0,0.0,0.0,33.0,-69.756,-70.244,-70.244,8.0,0.0,-0.0,34.0,-33.196,-33.196,-33.196,0.0,0.0,0.0,34.0
49.0613,1,hold_end,90.0,12.2,5.528,5.4,5.4,8.0,0.0,-0.0,34.0,-99.82,-100.0,-100.0,8.0,0.0,0.0,33.0,89.616,90.0,90.0,-16.0,0.0,0.01,33.0,-65.467,-65.0,-65.0,-24.0,1.0,-0.0,43.0,-95.017,-95.017,-95.017,0.0,0.0,0.0,33.0,-69.756,-70.244,-70.244,8.0,0.0,-0.0,34.0,-33.196,-33.196,-33.196,0.0,0.0,0.0,34.0
49.1124,1,hold_end,90.0,12.2,5.528,5.4,5.4,8.0,0.0,-0.0,34.0,-99.82,-100.0,-100.0,8.0,0.0,0.0,33.0,89.616,90.0,90.0,-16.0,0.0,0.005,33.0,-65.467,-65.0,-65.0,-24.0,1.0,-0.0,43.0,-95.017,-95.017,-95.017,0.0,0.0,0.0,33.0,-69.756,-70.244,-70.244,8.0,0.0,-0.0,34.0,-33.196,-33.196,-33.196,0.0,0.0,0.0,34.0
49.1658,1,hold_end,90.0,12.2,5.528,5.4,5.4,8.0,0.0,-0.0,34.0,-99.82,-100.0,-100.0,8.0,0.0,0.0,33.0,89.616,90.0,90.0,-16.0,0.0,0.002,33.0,-65.467,-65.0,-65.0,-24.0,1.0,-0.0,43.0,-95.017,-95.017,-95.017,0.0,0.0,0.0,33.0,-69.756,-70.244,-70.244,8.0,0.0,-0.0,34.0,-33.196,-33.196,-33.196,0.0,0.0,0.0,34.0
49.2191,1,hold_end,90.0,12.2,5.528,5.4,5.4,8.0,0.0,-0.0,34.0,-99.82,-100.0,-100.0,8.0,0.0,0.0,33.0,89.616,90.0,90.0,-16.0,0.0,0.001,33.0,-65.467,-65.0,-65.0,-24.0,1.0,-0.0,43.0,-95.017,-95.017,-95.017,0.0,0.0,0.0,33.0,-69.756,-70.244,-70.244,8.0,0.0,-0.0,34.0,-33.196,-33.196,-33.196,0.0,0.0,0.0,34.0
49.2725,1,hold_end,90.0,12.2,5.528,5.4,5.4,8.0,0.0,-0.0,34.0,-99.82,-100.0,-100.0,8.0,0.0,0.0,33.0,89.616,90.0,90.0,-16.0,0.0,0.001,33.0,-65.467,-65.0,-65.0,-24.0,1.0,-0.0,43.0,-95.017,-95.017,-95.017,0.0,0.0,0.0,33.0,-69.756,-70.244,-70.244,8.0,0.0,-0.0,34.0,-33.196,-33.196,-33.196,0.0,0.0,0.0,34.0
49.3266,1,hold_end,90.0,12.2,5.528,5.4,5.4,8.0,0.0,-0.0,34.0,-99.82,-100.0,-100.0,8.0,0.0,0.0,33.0,89.616,90.0,90.0,-16.0,0.0,0.0,33.0,-65.467,-65.0,-65.0,-24.0,1.0,-0.0,43.0,-95.017,-95.017,-95.017,0.0,0.0,0.0,33.0,-69.756,-70.244,-70.244,8.0,0.0,-0.0,34.0,-33.196,-33.196,-33.196,0.0,0.0,0.0,34.0
49.3796,1,hold_end,90.0,12.2,5.528,5.4,5.4,8.0,0.0,-0.0,34.0,-99.82,-100.0,-100.0,8.0,0.0,0.0,33.0,89.616,90.0,90.0,-16.0,0.0,0.0,33.0,-65.467,-65.0,-65.0,-24.0,1.0,-0.0,43.0,-95.017,-95.017,-95.017,0.0,0.0,0.0,33.0,-69.756,-70.244,-70.244,8.0,0.0,-0.0,34.0,-33.196,-33.196,-33.196,0.0,0.0,0.0,34.0
49.433,1,hold_end,90.0,12.2,5.528,5.4,5.4,8.0,0.0,-0.0,34.0,-99.82,-100.0,-100.0,8.0,0.0,0.0,33.0,89.616,90.0,90.0,-16.0,0.0,0.0,33.0,-65.467,-65.0,-65.0,-24.0,1.0,-0.0,43.0,-95.017,-95.017,-95.017,0.0,0.0,0.0,33.0,-69.756,-70.244,-70.244,8.0,0.0,-0.0,34.0,-33.196,-33.196,-33.196,0.0,0.0,0.0,34.0
49.4866,1,hold_end,90.0,12.2,5.528,5.4,5.4,8.0,0.0,-0.0,34.0,-99.82,-100.0,-100.0,8.0,0.0,0.0,33.0,89.616,90.0,90.0,-16.0,0.0,0.0,33.0,-65.467,-65.0,-65.0,-24.0,1.0,-0.0,43.0,-95.017,-95.017,-95.017,0.0,0.0,0.0,33.0,-69.756,-70.244,-70.244,8.0,0.0,-0.0,34.0,-33.196,-33.196,-33.196,0.0,0.0,0.0,34.0
49.54,1,rev,-90.0,12.2,5.528,5.4,5.4,8.0,0.0,-0.0,34.0,-99.82,-100.0,-100.0,8.0,0.0,0.0,33.0,89.616,90.0,90.0,-16.0,0.0,0.0,33.0,-65.467,-65.0,-65.0,-24.0,1.0,-0.0,43.0,-95.017,-95.017,-95.017,0.0,0.0,0.0,33.0,-69.756,-70.244,-70.244,8.0,0.0,-0.0,34.0,-33.196,-33.196,-33.196,0.0,0.0,0.0,34.0
49.5924,1,rev,-90.0,12.2,5.528,5.4,5.4,8.0,0.0,-0.0,34.0,-99.82,-100.0,-100.0,8.0,0.0,0.0,33.0,89.616,-90.0,89.784,-16.0,0.0,0.0,33.0,-65.467,-65.0,-65.0,-24.0,1.0,-0.0,43.0,-95.017,-95.017,-95.017,0.0,0.0,0.0,33.0,-69.756,-70.244,-70.244,8.0,0.0,-0.0,34.0,-33.196,-33.196,-33.196,0.0,0.0,0.0,34.0
49.646,1,rev,-90.0,12.2,5.528,5.4,5.4,8.0,0.0,-0.0,34.0,-99.82,-100.0,-100.0,8.0,0.0,0.0,33.0,89.616,-90.0,89.556,-16.0,0.0,0.0,33.0,-65.467,-65.0,-65.0,-24.0,1.0,-0.0,43.0,-95.017,-95.017,-95.017,0.0,0.0,0.0,33.0,-69.756,-70.244,-70.244,8.0,0.0,-0.0,34.0,-33.196,-33.196,-33.196,0.0,0.0,0.0,34.0
49.6994,1,rev,-90.0,12.2,5.528,5.4,5.4,8.0,0.0,-0.0,34.0,-99.82,-100.0,-100.0,8.0,0.0,0.0,33.0,89.474,-90.0,89.44,-16.0,0.0,-1.612,33.0,-65.467,-65.0,-65.0,-24.0,1.0,-0.0,43.0,-95.017,-95.017,-95.017,0.0,0.0,0.0,33.0,-69.756,-70.244,-70.244,8.0,0.0,-0.0,34.0,-33.196,-33.196,-33.196,0.0,0.0,0.0,34.0
49.7543,1,rev,-90.0,12.2,5.528,5.4,5.4,8.0,0.0,-0.0,34.0,-99.82,-100.0,-100.0,8.0,0.0,0.0,33.0,89.331,-90.0,89.222,-16.0,0.0,-2.356,33.0,-65.467,-65.0,-65.0,-24.0,1.0,-0.0,43.0,-95.017,-95.017,-95.017,0.0,0.0,0.0,33.0,-69.756,-70.244,-70.244,8.0,0.0,-0.0,34.0,-33.196,-33.196,-33.196,0.0,0.0,0.0,34.0
49.8081,1,rev,-90.0,12.2,5.528,5.4,5.4,8.0,0.0,-0.0,34.0,-99.82,-100.0,-100.0,8.0,0.0,0.0,33.0,89.331,-90.0,88.993,-16.0,0.0,-1.154,33.0,-65.467,-65.0,-65.0,-24.0,1.0,-0.0,43.0,-95.017,-95.017,-95.017,0.0,0.0,0.0,33.0,-69.756,-70.244,-70.244,8.0,0.0,-0.0,34.0,-33.196,-33.196,-33.196,0.0,0.0,0.0,34.0
49.8604,1,rev,-90.0,12.2,5.528,5.4,5.4,8.0,0.0,-0.0,34.0,-99.82,-100.0,-100.0,8.0,0.0,0.0,33.0,88.905,-90.0,88.78,-16.0,0.0,-4.421,33.0,-65.467,-65.0,-65.0,-24.0,1.0,-0.0,43.0,-95.017,-95.017,-95.017,0.0,0.0,0.0,33.0,-69.756,-70.244,-70.244,8.0,0.0,-0.0,34.0,-33.196,-33.196,-33.196,0.0,0.0,0.0,34.0
49.9129,1,rev,-90.0,12.2,5.528,5.4,5.4,8.0,0.0,-0.0,34.0,-99.82,-100.0,-100.0,8.0,0.0,0.0,33.0,88.762,-90.0,88.568,-16.0,0.0,-3.763,33.0,-65.467,-65.0,-65.0,-24.0,1.0,-0.0,43.0,-95.017,-95.017,-95.017,0.0,0.0,0.0,33.0,-69.756,-70.244,-70.244,8.0,0.0,-0.0,34.0,-33.196,-33.196,-33.196,0.0,0.0,0.0,34.0
49.9657,1,rev,-90.0,12.2,5.528,5.4,5.4,8.0,0.0,-0.0,34.0,-99.82,-100.0,-100.0,8.0,0.0,0.0,33.0,88.478,-90.0,88.353,-16.0,0.0,-4.955,33.0,-65.467,-65.0,-65.0,-24.0,1.0,-0.0,43.0,-95.017,-95.017,-95.017,0.0,0.0,0.0,33.0,-69.756,-70.244,-70.244,8.0,0.0,-0.0,34.0,-33.196,-33.196,-33.196,0.0,0.0,0.0,34.0
50.0191,1,rev,-90.0,12.2,5.528,5.4,5.4,8.0,0.0,-0.0,34.0,-99.82,-100.0,-100.0,8.0,0.0,0.0,33.0,88.478,-90.0,88.137,-16.0,0.0,-2.428,33.0,-65.467,-65.0,-65.0,-24.0,1.0,-0.0,43.0,-95.017,-95.017,-95.017,0.0,0.0,0.0,33.0,-69.756,-70.244,-70.244,8.0,0.0,-0.0,34.0,-33.196,-33.196,-33.196,0.0,0.0,0.0,34.0
50.0729,1,rev,-90.0,12.2,5.528,5.4,5.4,8.0,0.0,-0.0,34.0,-99.82,-100.0,-100.0,8.0,0.0,0.0,33.0,88.193,-90.0,87.9,24.0,1.0,-3.131,33.0,-65.467,-65.0,-65.0,-24.0,1.0,-0.0,43.0,-95.017,-95.017,-95.017,0.0,0.0,0.0,33.0,-69.756,-70.244,-70.244,8.0,0.0,-0.0,34.0,-33.196,-33.196,-33.196,0.0,0.0,0.0,34.0
50.1261,1,rev,-90.0,12.2,5.528,5.4,5.4,8.0,0.0,-0.0,34.0,-99.82,-100.0,-100.0,8.0,0.0,0.0,33.0,88.051,-90.0,87.685,24.0,1.0,-3.13,33.0,-65.467,-65.0,-65.0,-24.0,1.0,-0.0,43.0,-95.017,-95.017,-95.017,0.0,0.0,0.0,33.0,-69.756,-70.244,-70.244,8.0,0.0,-0.0,34.0,-33.196,-33.196,-33.196,0.0,0.0,0.0,34.0
50.1795,1,rev,-90.0,12.2,5.528,5.4,5.4,8.0,0.0,-0.0,34.0,-99.82,-100.0,-100.0,8.0,0.0,0.0,33.0,87.767,-90.0,87.468,24.0,1.0,-4.202,33.0,-65.467,-65.0,-65.0,-24.0,1.0,-0.0,43.0,-95.017,-95.017,-95.017,0.0,0.0,0.0,33.0,-69.756,-70.244,-70.244,8.0,0.0,-0.0,34.0,-33.196,-33.196,-33.196,0.0,0.0,0.0,34.0
50.2328,1,rev,-90.0,12.2,5.528,5.4,5.4,8.0,0.0,-0.0,34.0,-99.82,-100.0,-100.0,8.0,0.0,0.0,33.0,87.624,-90.0,87.249,24.0,1.0,-3.65,33.0,-65.467,-65.0,-65.0,-24.0,1.0,-0.0,43.0,-95.017,-95.017,-95.017,0.0,0.0,0.0,33.0,-69.756,-70.244,-70.244,8.0,0.0,-0.0,34.0,-33.196,-33.196,-33.196,0.0,0.0,0.0,34.0
50.286,1,rev,-90.0,12.2,5.528,5.4,5.4,8.0,0.0,-0.0,34.0,-99.82,-100.0,-100.0,8.0,0.0,0.0,33.0,87.482,-90.0,87.034,24.0,1.0,-3.383,33.0,-65.467,-65.0,-65.0,-24.0,1.0,-0.0,43.0,-95.017,-95.017,-95.017,0.0,0.0,0.0,33.0,-69.756,-70.244,-70.244,8.0,0.0,-0.0,34.0,-33.196,-33.196,-33.196,0.0,0.0,0.0,34.0
50.3382,1,rev,-90.0,12.2,5.528,5.4,5.4,8.0,0.0,-0.0,34.0,-99.82,-100.0,-100.0,8.0,0.0,0.0,33.0,87.198,-90.0,86.819,24.0,1.0,-4.373,33.0,-65.467,-65.0,-65.0,-24.0,1.0,-0.0,43.0,-95.017,-95.017,-95.017,0.0,0.0,0.0,33.0,-69.756,-70.244,-70.244,8.0,0.0,-0.0,34.0,-33.196,-33.196,-33.196,0.0,0.0,0.0,34.0
50.3916,1,rev,-90.0,12.2,5.528,5.4,5.4,8.0,0.0,-0.0,34.0,-99.82,-100.0,-100.0,8.0,0.0,0.0,33.0,87.055,-90.0,86.606,24.0,1.0,-3.741,33.0,-65.467,-65.0,-65.0,-24.0,1.0,-0.0,43.0,-95.017,-95.017,-95.017,0.0,0.0,0.0,33.0,-69.756,-70.244,-70.244,8.0,0.0,-0.0,34.0,-33.196,-33.196,-33.196,0.0,0.0,0.0,34.0
50.4447,1,rev,-90.0,12.2,5.528,5.4,5.4,8.0,0.0,-0.0,34.0,-99.82,-100.0,-100.0,8.0,0.0,0.0,33.0,86.913,-90.0,86.393,24.0,1.0,-2.953,33.0,-65.467,-65.0,-65.0,-24.0,1.0,-0.0,43.0,-95.017,-95.017,-95.017,0.0,0.0,0.0,33.0,-69.756,-70.244,-70.244,8.0,0.0,-0.0,34.0,-33.196,-33.196,-33.196,0.0,0.0,0.0,34.0
50.4977,1,rev,-90.0,12.2,5.528,5.4,5.4,8.0,0.0,-0.0,34.0,-99.82,-100.0,-100.0,8.0,0.0,0.0,33.0,86.629,-90.0,86.176,24.0,1.0,-4.128,33.0,-65.467,-65.0,-65.0,-24.0,1.0,-0.0,43.0,-95.017,-95.017,-95.017,0.0,0.0,0.0,33.0,-69.756,-70.244,-70.244,8.0,0.0,-0.0,34.0,-33.196,-33.196,-33.196,0.0,0.0,0.0,34.0
50.5509,1,rev,-90.0,12.2,5.528,5.4,5.4,8.0,0.0,-0.0,34.0,-99.82,-100.0,-100.0,8.0,0.0,0.0,33.0,86.486,-90.0,85.962,24.0,1.0,-3.148,33.0,-65.467,-65.0,-65.0,-24.0,1.0,-0.0,43.0,-95.017,-95.017,-95.017,0.0,0.0,0.0,33.0,-69.756,-70.244,-70.244,8.0,0.0,-0.0,34.0,-33.196,-33.196,-33.196,0.0,0.0,0.0,34.0
50.6034,1,rev,-90.0,12.2,5.528,5.4,5.4,8.0,0.0,-0.0,34.0,-99.82,-100.0,-100.0,8.0,0.0,0.0,33.0,86.486,-90.0,85.854,24.0,1.0,-2.204,33.0,-65.467,-65.0,-65.0,-24.0,1.0,-0.0,43.0,-95.017,-95.017,-95.017,0.0,0.0,0.0,33.0,-69.756,-70.244,-70.244,8.0,0.0,-0.0,34.0,-33.196,-33.196,-33.196,0.0,0.0,0.0,34.0
50.6568,1,rev,-90.0,12.2,5.528,5.4,5.4,8.0,0.0,-0.0,34.0,-99.82,-100.0,-100.0,8.0,0.0,0.0,33.0,86.202,-90.0,85.506,28.0,3.0,-2.959,33.0,-65.467,-65.0,-65.0,-24.0,1.0,-0.0,43.0,-95.017,-95.017,-95.017,0.0,0.0,0.0,33.0,-69.756,-70.244,-70.244,8.0,0.0,-0.0,34.0,-33.196,-33.196,-33.196,0.0,0.0,0.0,34.0
50.7096,1,rev,-90.0,12.2,5.528,5.4,5.4,8.0,0.0,-0.0,34.0,-99.82,-100.0,-100.0,8.0,0.0,0.0,33.0,86.06,-90.0,85.399,28.0,3.0,-3.058,33.0,-65.467,-65.0,-65.0,-24.0,1.0,-0.0,43.0,-95.017,-95.017,-95.017,0.0,0.0,0.0,33.0,-69.756,-70.244,-70.244,8.0,0.0,-0.0,34.0,-33.196,-33.196,-33.196,0.0,0.0,0.0,34.0
50.7632,1,rev,-90.0,12.2,5.528,5.4,5.4,8.0,0.0,-0.0,34.0,-99.82,-100.0,-100.0,8.0,0.0,0.0,33.0,85.775,-90.0,85.171,28.0,3.0,-4.072,33.0,-65.467,-65.0,-65.0,-24.0,1.0,-0.0,43.0,-95.017,-95.017,-95.017,0.0,0.0,0.0,33.0,-69.756,-70.244,-70.244,8.0,0.0,-0.0,34.0,-33.196,-33.196,-33.196,0.0,0.0,0.0,34.0
50.8171,1,rev,-90.0,12.2,5.528,5.4,5.4,8.0,0.0,-0.0,34.0,-99.82,-100.0,-100.0,8.0,0.0,0.0,33.0,85.633,-90.0,84.956,28.0,3.0,-3.104,33.0,-65.467,-65.0,-65.0,-24.0,1.0,-0.0,43.0,-95.017,-95.017,-95.017,0.0,0.0,0.0,33.0,-69.756,-70.244,-70.244,8.0,0.0,-0.0,34.0,-33.196,-33.196,-33.196,0.0,0.0,0.0,34.0
50.8704,1,rev,-90.0,12.2,5.528,5.4,5.4,8.0,0.0,-0.0,34.0,-99.82,-100.0,-100.0,8.0,0.0,0.0,33.0,85.349,-90.0,84.742,28.0,3.0,-4.231,33.0,-65.467,-65.0,-65.0,-24.0,1.0,-0.0,43.0,-95.017,-95.017,-95.017,0.0,0.0,0.0,33.0,-69.756,-70.244,-70.244,8.0,0.0,-0.0,34.0,-33.196,-33.196,-33.196,0.0,0.0,0.0,34.0
50.9235,1,rev,-90.0,12.2,5.528,5.4,5.4,8.0,0.0,-0.0,34.0,-99.82,-100.0,-100.0,8.0,0.0,0.0,33.0,85.064,-90.0,84.529,28.0,3.0,-4.801,33.0,-65.467,-65.0,-65.0,-24.0,1.0,-0.0,43.0,-95.017,-95.017,-95.017,0.0,0.0,0.0,33.0,-69.756,-70.244,-70.244,8.0,0.0,-0.0,34.0,-33.196,-33.196,-33.196,0.0,0.0,0.0,34.0
50.9763,1,rev,-90.0,12.2,5.528,5.4,5.4,8.0,0.0,-0.0,34.0,-99.82,-100.0,-100.0,8.0,0.0,0.0,33.0,84.922,-90.0,84.316,28.0,3.0,-3.471,33.0,-65.467,-65.0,-65.0,-24.0,1.0,-0.0,43.0,-95.017,-95.017,-95.017,0.0,0.0,0.0,33.0,-69.756,-70.244,-70.244,8.0,0.0,-0.0,34.0,-33.196,-33.196,-33.196,0.0,0.0,0.0,34.0
51.0301,1,rev,-90.0,12.2,5.528,5.4,5.4,8.0,0.0,-0.0,34.0,-99.82,-100.0,-100.0,8.0,0.0,0.0,33.0,84.637,-90.0,84.1,28.0,3.0,-4.381,33.0,-65.467,-65.0,-65.0,-24.0,1.0,-0.0,43.0,-95.017,-95.017,-95.017,0.0,0.0,0.0,33.0,-69.756,-70.244,-70.244,8.0,0.0,-0.0,34.0,-33.196,-33.196,-33.196,0.0,0.0,0.0,34.0
51.0815,1,rev,-90.0,12.2,5.528,5.4,5.4,8.0,0.0,-0.0,34.0,-99.82,-100.0,-100.0,8.0,0.0,0.0,33.0,84.495,-90.0,83.883,28.0,3.0,-3.257,33.0,-65.467,-65.0,-65.0,-24.0,1.0,-0.0,43.0,-95.017,-95.017,-95.017,0.0,0.0,0.0,33.0,-69.756,-70.244,-70.244,8.0,0.0,-0.0,34.0,-33.196,-33.196,-33.196,0.0,0.0,0.0,34.0
51.1343,1,rev,-90.0,12.2,5.528,5.4,5.4,8.0,0.0,-0.0,34.0,-99.82,-100.0,-100.0,8.0,0.0,0.0,33.0,84.211,-90.0,83.67,28.0,3.0,-4.286,33.0,-65.467,-65.0,-65.0,-24.0,1.0,-0.0,43.0,-95.017,-95.017,-95.017,0.0,0.0,0.0,33.0,-69.756,-70.244,-70.244,8.0,0.0,-0.0,34.0,-33.196,-33.196,-33.196,0.0,0.0,0.0,34.0
51.1876,1,rev,-90.0,12.2,5.528,5.4,5.4,8.0,0.0,-0.0,34.0,-99.82,-100.0,-100.0,8.0,0.0,0.0,33.0,84.068,-90.0,83.561,32.0,3.0,-4.599,33.0,-65.467,-65.0,-65.0,-24.0,1.0,-0.0,43.0,-95.017,-95.017,-95.017,0.0,0.0,0.0,33.0,-69.756,-70.244,-70.244,8.0,0.0,-0.0,34.0,-33.196,-33.196,-33.196,0.0,0.0,0.0,34.0
51.2398,1,rev,-90.0,12.2,5.528,5.4,5.4,8.0,0.0,-0.0,34.0,-99.82,-100.0,-100.0,8.0,0.0,0.0,33.0,83.926,-90.0,83.228,32.0,3.0,-2.782,33.0,-65.467,-65.0,-65.0,-24.0,1.0,-0.0,43.0,-95.017,-95.017,-95.017,0.0,0.0,0.0,33.0,-69.756,-70.244,-70.244,8.0,0.0,-0.0,34.0,-33.196,-33.196,-33.196,0.0,0.0,0.0,34.0
51.2932,1,rev,-90.0,12.2,5.528,5.4,5.4,8.0,0.0,-0.0,34.0,-99.82,-100.0,-100.0,8.0,0.0,0.0,33.0,83.642,-90.0,83.012,32.0,3.0,-4.081,33.0,-65.467,-65.0,-65.0,-24.0,1.0,-0.0,43.0,-95.017,-95.017,-95.017,0.0,0.0,0.0,33.0,-69.756,-70.244,-70.244,8.0,0.0,-0.0,34.0,-33.196,-33.196,-33.196,0.0,0.0,0.0,34.0
51.3465,1,rev,-90.0,12.2,5.528,5.4,5.4,8.0,0.0,-0.0,34.0,-99.82,-100.0,-100.0,8.0,0.0,0.0,33.0,83.357,-90.0,82.8,32.0,3.0,-4.719,33.0,-65.467,-65.0,-65.0,-24.0,1.0,-0.0,43.0,-95.017,-95.017,-95.017,0.0,0.0,0.0,33.0,-69.756,-70.244,-70.244,8.0,0.0,-0.0,34.0,-33.196,-33.196,-33.196,0.0,0.0,0.0,34.0
51.3997,1,rev,-90.0,12.2,5.528,5.4,5.4,8.0,0.0,-0.0,34.0,-99.82,-100.0,-100.0,8.0,0.0,0.0,33.0,83.215,-90.0,82.585,32.0,3.0,-3.428,33.0,-65.467,-65.0,-65.0,-24.0,1.0,-0.0,43.0,-95.017,-95.017,-95.017,0.0,0.0,0.0,33.0,-69.756,-70.244,-70.244,8.0,0.0,-0.0,34.0,-33.196,-33.196,-33.196,0.0,0.0,0.0,34.0
51.4527,1,rev,-90.0,12.2,5.528,5.4,5.4,8.0,0.0,-0.0,34.0,-99.82,-100.0,-100.0,8.0,0.0,0.0,33.0,82.93,-90.0,82.373,32.0,3.0,-4.407,33.0,-65.467,-65.0,-65.0,-24.0,1.0,-0.0,43.0,-95.017,-95.017,-95.017,0.0,0.0,0.0,33.0,-69.756,-70.244,-70.244,8.0,0.0,-0.0,34.0,-33.196,-33.196,-33.196,0.0,0.0,0.0,34.0
51.5057,1,rev,-90.0,12.2,5.528,5.4,5.4,8.0,0.0,-0.0,34.0,-99.82,-100.0,-100.0,8.0,0.0,0.0,33.0,82.646,-90.0,82.159,32.0,3.0,-4.857,33.0,-65.467,-65.0,-65.0,-24.0,1.0,-0.0,43.0,-95.017,-95.017,-95.017,0.0,0.0,0.0,33.0,-69.756,-70.244,-70.244,8.0,0.0,-0.0,34.0,-33.196,-33.196,-33.196,0.0,0.0,0.0,34.0
51.5589,1,rev,-90.0,12.2,5.528,5.4,5.4,8.0,0.0,-0.0,34.0,-99.82,-100.0,-100.0,8.0,0.0,0.0,33.0,82.504,-90.0,81.943,32.0,3.0,-3.932,33.0,-65.467,-65.0,-65.0,-24.0,1.0,-0.0,43.0,-95.017,-95.017,-95.017,0.0,0.0,0.0,33.0,-69.756,-70.244,-70.244,8.0,0.0,-0.0,34.0,-33.196,-33.196,-33.196,0.0,0.0,0.0,34.0
51.6122,1,rev,-90.0,12.2,5.528,5.4,5.4,8.0,0.0,-0.0,34.0,-99.82,-100.0,-100.0,8.0,0.0,0.0,33.0,82.361,-90.0,81.727,32.0,3.0,-3.042,33.0,-65.467,-65.0,-65.0,-24.0,1.0,-0.0,43.0,-95.017,-95.017,-95.017,0.0,0.0,0.0,33.0,-69.756,-70.244,-70.244,8.0,0.0,-0.0,34.0,-32.99,-33.196,-33.196,0.0,0.0,2.314,34.0
51.6655,1,rev,-90.0,12.2,5.528,5.4,5.4,8.0,0.0,-0.0,34.0,-99.82,-100.0,-100.0,8.0,0.0,0.0,33.0,82.077,-90.0,81.514,32.0,3.0,-4.224,33.0,-65.467,-65.0,-65.0,-24.0,1.0,-0.0,43.0,-95.017,-95.017,-95.017,0.0,0.0,0.0,33.0,-69.756,-70.244,-70.244,8.0,0.0,-0.0,34.0,-32.99,-33.196,-33.196,0.0,0.0,1.134,34.0
51.7192,1,rev,-90.0,12.2,5.528,5.4,5.4,8.0,0.0,-0.0,34.0,-99.82,-100.0,-100.0,8.0,0.0,0.0,33.0,81.935,-90.0,81.301,32.0,3.0,-3.18,33.0,-65.467,-65.0,-65.0,-24.0,1.0,-0.0,43.0,-95.017,-95.017,-95.017,0.0,0.0,0.0,33.0,-69.756,-70.244,-70.244,8.0,0.0,-0.0,34.0,-32.99,-33.196,-33.196,0.0,0.0,0.556,34.0
51.7733,1,rev,-90.0,12.2,5.528,5.4,5.4,8.0,0.0,-0.0,34.0,-99.82,-100.0,-100.0,8.0,0.0,0.0,33.0,81.935,-90.0,81.064,40.0,3.0,-3.18,33.0,-65.467,-65.0,-65.0,-24.0,1.0,-0.0,43.0,-95.017,-95.017,-95.017,0.0,0.0,0.0,33.0,-69.756,-70.244,-70.244,8.0,0.0,-0.0,34.0,-32.99,-33.196,-33.196,8.0,0.0,0.556,34.0
51.8268,1,rev,-90.0,12.2,5.528,5.4,5.4,8.0,0.0,-0.0,34.0,-99.82,-100.0,-100.0,8.0,0.0,0.0,33.0,81.65,-90.0,80.848,40.0,3.0,-2.563,33.0,-65.467,-65.0,-65.0,-24.0,1.0,-0.0,43.0,-95.017,-95.017,-95.017,0.0,0.0,0.0,33.0,-69.756,-70.244,-70.244,8.0,0.0,-0.0,34.0,-33.196,-33.196,-33.196,8.0,0.0,-0.456,34.0
51.8802,1,rev,-90.0,12.2,5.528,5.4,5.4,8.0,0.0,-0.0,34.0,-99.82,-100.0,-100.0,8.0,0.0,0.0,33.0,81.366,-90.0,80.624,40.0,3.0,-3.881,33.0,-65.467,-65.0,-65.0,-24.0,1.0,-0.0,43.0,-95.017,-95.017,-95.017,0.0,0.0,0.0,33.0,-69.756,-70.244,-70.244,8.0,0.0,-0.0,34.0,-33.196,-33.196,-33.196,8.0,0.0,-0.224,34.0
51.9339,1,rev,-90.0,12.2,5.528,5.4,5.4,8.0,0.0,-0.0,34.0,-99.82,-100.0,-100.0,8.0,0.0,0.0,33.0,81.081,-90.0,80.397,40.0,3.0,-4.491,33.0,-65.467,-65.0,-65.0,-24.0,1.0,-0.0,43.0,-95.017,-95.017,-95.017,0.0,0.0,0.0,33.0,-69.756,-70.244,-70.244,8.0,0.0,-0.0,34.0,-33.196,-33.196,-33.196,8.0,0.0,-0.11,34.0
51.9875,1,rev,-90.0,12.2,5.528,5.4,5.4,8.0,0.0,-0.0,34.0,-99.82,-100.0,-100.0,8.0,0.0,0.0,33.0,80.797,-90.0,80.183,40.0,3.0,-4.913,33.0,-65.467,-65.0,-65.0,-24.0,1.0,-0.0,43.0,-95.017,-95.017,-95.017,0.0,0.0,0.0,33.0,-69.756,-70.244,-70.244,8.0,0.0,-0.0,34.0,-33.196,-33.196,-33.196,8.0,0.0,-0.054,34.0
52.0415,1,rev,-90.0,12.2,5.528,5.4,5.4,8.0,0.0,-0.0,34.0,-99.82,-100.0,-100.0,8.0,0.0,0.0,33.0,80.654,-90.0,79.966,40.0,3.0,-3.983,33.0,-65.467,-65.0,-65.0,-24.0,1.0,-0.0,43.0,-95.017,-95.017,-95.017,0.0,0.0,0.0,33.0,-69.756,-70.244,-70.244,8.0,0.0,-0.0,34.0,-33.196,-33.196,-33.196,8.0,0.0,-0.026,34.0
52.0945,1,rev,-90.0,12.2,5.528,5.4,5.4,8.0,0.0,-0.0,34.0,-99.82,-100.0,-100.0,8.0,0.0,0.0,33.0,80.512,-90.0,79.847,40.0,3.0,-2.937,33.0,-65.467,-65.0,-65.0,-24.0,1.0,-0.0,43.0,-95.017,-95.017,-95.017,0.0,0.0,0.0,33.0,-69.756,-70.244,-70.244,8.0,0.0,-0.0,34.0,-33.196,-33.196,-33.196,8.0,0.0,-0.013,34.0
52.1477,1,rev,-90.0,12.2,5.528,5.4,5.4,8.0,0.0,-0.0,34.0,-99.82,-100.0,-100.0,8.0,0.0,0.0,33.0,80.228,-90.0,79.633,40.0,3.0,-4.162,33.0,-65.467,-65.0,-65.0,-24.0,1.0,-0.0,43.0,-95.017,-95.017,-95.017,0.0,0.0,0.0,33.0,-69.756,-70.244,-70.244,8.0,0.0,-0.0,34.0,-33.196,-33.196,-33.196,8.0,0.0,-0.006,34.0
52.2005,1,rev,-90.0,12.2,5.528,5.4,5.4,8.0,0.0,-0.0,34.0,-99.82,-100.0,-100.0,8.0,0.0,0.0,33.0,79.943,-90.0,79.42,40.0,3.0,-4.764,33.0,-65.467,-65.0,-65.0,-24.0,1.0,-0.0,43.0,-95.017,-95.017,-95.017,0.0,0.0,0.0,33.0,-69.756,-70.244,-70.244,8.0,0.0,-0.0,34.0,-33.196,-33.196,-33.196,8.0,0.0,-0.003,34.0
52.2534,1,rev,-90.0,12.2,5.528,5.4,5.4,8.0,0.0,-0.0,34.0,-99.82,-100.0,-100.0,8.0,0.0,0.0,33.0,79.801,-90.0,79.206,40.0,3.0,-3.914,33.0,-65.467,-65.0,-65.0,-24.0,1.0,-0.0,43.0,-95.017,-95.017,-95.017,0.0,0.0,0.0,33.0,-69.756,-70.244,-70.244,8.0,0.0,-0.0,34.0,-33.196,-33.196,-33.196,8.0,0.0,-0.002,34.0
52.3072,1,rev,-90.0,12.2,5.528,5.4,5.4,8.0,0.0,-0.0,34.0,-99.82,-100.0,-100.0,8.0,0.0,0.0,33.0,79.659,-90.0,78.99,40.0,3.0,-3.041,33.0,-65.467,-65.0,-65.0,-24.0,1.0,-0.0,43.0,-95.017,-95.017,-95.017,0.0,0.0,0.0,33.0,-69.756,-70.244,-70.244,8.0,0.0,-0.0,34.0,-33.196,-33.196,-33.196,8.0,0.0,-0.001,34.0
52.3607,1,rev,-90.0,12.2,5.528,5.4,5.4,8.0,0.0,-0.0,34.0,-99.82,-100.0,-100.0,8.0,0.0,0.0,33.0,79.374,-90.0,78.748,28.0,2.0,-3.537,33.0,-65.467,-65.0,-65.0,-24.0,1.0,-0.0,43.0,-95.017,-95.017,-95.017,0.0,0.0,0.0,33.0,-69.756,-70.244,-70.244,8.0,0.0,-0.0,34.0,-33.196,-33.196,-33.196,0.0,0.0,-0.001,34.0
52.4141,1,rev,-90.0,12.2,5.528,5.4,5.4,8.0,0.0,-0.0,34.0,-99.82,-100.0,-100.0,8.0,0.0,0.0,33.0,79.232,-90.0,78.533,28.0,2.0,-3.344,33.0,-65.467,-65.0,-65.0,-24.0,1.0,-0.0,43.0,-95.017,-95.017,-95.017,0.0,0.0,0.0,33.0,-69.756,-70.244,-70.244,8.0,0.0,-0.0,34.0,-33.196,-33.196,-33.196,0.0,0.0,-0.0,34.0
52.4672,1,rev,-90.0,12.2,5.528,5.4,5.4,8.0,0.0,-0.0,34.0,-99.82,-100.0,-100.0,8.0,0.0,0.0,33.0,78.947,-90.0,78.321,28.0,2.0,-4.342,33.0,-65.467,-65.0,-65.0,-24.0,1.0,-0.0,43.0,-95.017,-95.017,-95.017,0.0,0.0,0.0,33.0,-69.756,-70.244,-70.244,8.0,0.0,-0.0,34.0,-33.196,-33.196,-33.196,0.0,0.0,-0.0,34.0
52.5202,1,rev,-90.0,12.2,5.528,5.4,5.4,8.0,0.0,-0.0,34.0,-99.82,-100.0,-100.0,8.0,0.0,0.0,33.0,78.663,-90.0,78.106,28.0,2.0,-4.859,33.0,-65.467,-65.0,-65.0,-24.0,1.0,-0.0,43.0,-95.017,-95.017,-95.017,0.0,0.0,0.0,33.0,-69.756,-70.244,-70.244,8.0,0.0,-0.0,34.0,-33.196,-33.196,-33.196,0.0,0.0,-0.0,34.0
52.5723,1,rev,-90.0,12.2,5.528,5.4,5.4,8.0,0.0,-0.0,34.0,-99.82,-100.0,-100.0,8.0,0.0,0.0,33.0,78.521,-90.0,77.892,28.0,2.0,-3.952,33.0,-65.467,-65.0,-65.0,-24.0,1.0,-0.0,43.0,-95.017,-95.017,-95.017,0.0,0.0,0.0,33.0,-69.756,-70.244,-70.244,8.0,0.0,-0.0,34.0,-33.196,-33.196,-33.196,0.0,0.0,-0.0,34.0
52.6258,1,rev,-90.0,12.2,5.528,5.4,5.4,8.0,0.0,-0.0,34.0,-99.82,-100.0,-100.0,8.0,0.0,0.0,33.0,78.236,-90.0,77.678,28.0,2.0,-4.652,33.0,-65.467,-65.0,-65.0,-24.0,1.0,-0.0,43.0,-95.017,-95.017,-95.017,0.0,0.0,0.0,33.0,-69.756,-70.244,-70.244,8.0,0.0,-0.0,34.0,-33.196,-33.196,-33.196,0.0,0.0,-0.0,34.0
52.679,1,rev,-90.0,12.2,5.528,5.4,5.4,8.0,0.0,-0.0,34.0,-99.82,-100.0,-100.0,8.0,0.0,0.0,33.0,78.094,-90.0,77.464,28.0,2.0,-3.884,33.0,-65.467,-65.0,-65.0,-24.0,1.0,-0.0,43.0,-95.017,-95.017,-95.017,0.0,0.0,0.0,33.0,-69.756,-70.244,-70.244,8.0,0.0,-0.0,34.0,-33.196,-33.196,-33.196,0.0,0.0,-0.0,34.0
52.7314,1,rev,-90.0,12.2,5.528,5.4,5.4,8.0,0.0,-0.0,34.0,-99.82,-100.0,-100.0,8.0,0.0,0.0,33.0,77.809,-90.0,77.251,28.0,2.0,-4.616,33.0,-65.467,-65.0,-65.0,-24.0,1.0,-0.0,43.0,-95.017,-95.017,-95.017,0.0,0.0,0.0,33.0,-69.756,-70.244,-70.244,8.0,0.0,-0.0,34.0,-33.196,-33.196,-33.196,0.0,0.0,-0.0,34.0
52.7855,1,rev,-90.0,12.2,5.528,5.4,5.4,8.0,0.0,-0.0,34.0,-99.82,-100.0,-100.0,8.0,0.0,0.0,33.0,77.667,-90.0,77.035,28.0,2.0,-3.854,33.0,-65.467,-65.0,-65.0,-24.0,1.0,-0.0,43.0,-95.017,-95.017,-95.017,0.0,0.0,0.0,33.0,-69.756,-70.244,-70.244,8.0,0.0,-0.0,34.0,-32.99,-33.196,-33.196,0.0,0.0,2.307,34.0
52.8387,1,rev,-90.0,12.2,5.528,5.4,5.4,8.0,0.0,-0.0,34.0,-99.82,-100.0,-100.0,8.0,0.0,0.0,33.0,77.383,-90.0,76.821,28.0,2.0,-4.588,33.0,-65.467,-65.0,-65.0,-24.0,1.0,-0.0,43.0,-95.017,-95.017,-95.017,0.0,0.0,0.0,33.0,-69.756,-70.244,-70.244,8.0,0.0,-0.0,34.0,-32.99,-33.196,-33.196,0.0,0.0,1.131,34.0
52.892,1,rev,-90.0,12.2,5.528,5.4,5.4,8.0,0.0,-0.0,34.0,-99.82,-100.0,-100.0,8.0,0.0,0.0,33.0,77.383,-90.0,76.713,28.0,2.0,-3.212,33.0,-65.467,-65.0,-65.0,-24.0,1.0,-0.0,43.0,-95.017,-95.017,-95.017,0.0,0.0,0.0,33.0,-69.756,-70.244,-70.244,8.0,0.0,-0.0,34.0,-32.99,-33.196,-33.196,0.0,0.0,0.791,34.0
52.9452,1,rev,-90.0,12.2,5.528,5.4,5.4,8.0,0.0,-0.0,34.0,-99.82,-100.0,-100.0,8.0,0.0,0.0,33.0,77.24,-90.0,76.366,28.0,4.0,-2.961,33.0,-65.467,-65.0,-65.0,-24.0,0.0,-0.0,43.0,-95.017,-95.017,-95.017,0.0,0.0,0.0,33.0,-69.756,-70.244,-70.244,8.0,0.0,-0.0,34.0,-32.99,-33.196,-33.196,8.0,0.0,0.554,34.0
52.9988,1,rev,-90.0,12.2,5.528,5.4,5.4,8.0,0.0,-0.0,34.0,-99.82,-100.0,-100.0,8.0,0.0,0.0,33.0,76.814,-90.0,76.138,28.0,4.0,-5.609,33.0,-65.467,-65.0,-65.0,-24.0,0.0,-0.0,43.0,-95.017,-95.017,-95.017,0.0,0.0,0.0,33.0,-69.756,-70.244,-70.244,8.0,0.0,-0.0,34.0,-33.196,-33.196,-33.196,8.0,0.0,-2.021,34.0
53.0513,1,rev,-90.0,12.2,5.528,5.4,5.4,8.0,0.0,-0.0,34.0,-99.82,-100.0,-100.0,8.0,0.0,0.0,33.0,76.671,-90.0,76.031,28.0,4.0,-3.864,33.0,-65.467,-65.0,-65.0,-24.0,0.0,-0.0,43.0,-95.017,-95.017,-95.017,0.0,0.0,0.0,33.0,-69.756,-70.244,-70.244,8.0,0.0,-0.0,34.0,-33.196,-33.196,-33.196,8.0,0.0,-0.99,34.0
53.1039,1,rev,-90.0,12.2,5.528,5.4,5.4,8.0,0.0,-0.0,34.0,-99.82,-100.0,-100.0,8.0,0.0,0.0,33.0,76.387,-90.0,75.807,28.0,4.0,-4.513,33.0,-65.467,-65.0,-65.0,-24.0,0.0,-0.0,43.0,-95.017,-95.017,-95.017,0.0,0.0,0.0,33.0,-69.756,-70.244,-70.244,8.0,0.0,-0.0,34.0,-33.196,-33.196,-33.196,8.0,0.0,-0.485,34.0
53.1573,1,rev,-90.0,12.2,5.528,5.4,5.4,8.0,0.0,-0.0,34.0,-99.82,-100.0,-100.0,8.0,0.0,0.0,33.0,76.102,-90.0,75.592,28.0,4.0,-4.9,33.0,-65.467,-65.0,-65.0,-24.0,0.0,-0.0,43.0,-95.017,-95.017,-95.017,0.0,0.0,0.0,33.0,-69.756,-70.244,-70.244,8.0,0.0,-0.0,34.0,-33.196,-33.196,-33.196,8.0,0.0,-0.238,34.0
53.2103,1,rev,-90.0,12.2,5.528,5.4,5.4,8.0,0.0,-0.0,34.0,-99.82,-100.0,-100.0,8.0,0.0,0.0,33.0,75.96,-90.0,75.378,28.0,4.0,-3.996,33.0,-65.467,-65.0,-65.0,-24.0,0.0,-0.0,43.0,-95.017,-95.017,-95.017,0.0,0.0,0.0,33.0,-69.756,-70.244,-70.244,8.0,0.0,-0.0,34.0,-33.196,-33.196,-33.196,8.0,0.0,-0.116,34.0
53.2626,1,rev,-90.0,12.2,5.528,5.4,5.4,8.0,0.0,-0.0,34.0,-99.82,-100.0,-100.0,8.0,0.0,0.0,33.0,75.676,-90.0,75.163,28.0,4.0,-4.631,33.0,-65.467,-65.0,-65.0,-24.0,0.0,-0.0,43.0,-95.017,-95.017,-95.017,0.0,0.0,0.0,33.0,-69.756,-70.244,-70.244,8.0,0.0,-0.0,34.0,-33.196,-33.196,-33.196,8.0,0.0,-0.057,34.0
53.3157,1,rev,-90.0,12.2,5.528,5.4,5.4,8.0,0.0,-0.0,34.0,-99.82,-100.0,-100.0,8.0,0.0,0.0,33.0,75.676,-90.0,74.948,28.0,4.0,-2.269,33.0,-65.467,-65.0,-65.0,-24.0,0.0,-0.0,43.0,-95.017,-95.017,-95.017,0.0,0.0,0.0,33.0,-69.756,-70.244,-70.244,8.0,0.0,-0.0,34.0,-33.196,-33.196,-33.196,8.0,0.0,-0.028,34.0
53.368,1,rev,-90.0,12.2,5.528,5.4,5.4,8.0,0.0,-0.0,34.0,-99.82,-100.0,-100.0,8.0,0.0,0.0,33.0,75.391,-90.0,74.735,28.0,4.0,-3.367,33.0,-65.467,-65.0,-65.0,-24.0,0.0,-0.0,43.0,-95.017,-95.017,-95.017,0.0,0.0,0.0,33.0,-69.756,-70.244,-70.244,8.0,0.0,-0.0,34.0,-33.196,-33.196,-33.196,8.0,0.0,-0.014,34.0
53.4217,1,rev,-90.0,12.2,5.528,5.4,5.4,8.0,0.0,-0.0,34.0,-99.82,-100.0,-100.0,8.0,0.0,0.0,33.0,75.107,-90.0,74.518,28.0,4.0,-4.347,33.0,-65.467,-65.0,-65.0,-24.0,0.0,-0.0,43.0,-95.017,-95.017,-95.017,0.0,0.0,0.0,33.0,-69.756,-70.244,-70.244,8.0,0.0,-0.0,34.0,-33.196,-33.196,-33.196,8.0,0.0,-0.007,34.0
53.4752,1,rev,-90.0,12.2,5.528,5.4,5.4,8.0,0.0,-0.0,34.0,-99.82,-100.0,-100.0,8.0,0.0,0.0,33.0,74.964,-90.0,74.412,32.0,1.0,-4.646,33.0,-65.467,-65.0,-65.0,-24.0,1.0,-0.0,43.0,-95.017,-95.017,-95.017,0.0,0.0,0.0,33.0,-69.756,-70.244,-70.244,8.0,0.0,-0.0,34.0,-33.196,-33.196,-33.196,0.0,0.0,-0.005,34.0
53.5273,1,rev,-90.0,12.2,5.528,5.4,5.4,8.0,0.0,-0.0,34.0,-100.0,-100.0,-100.0,8.0,0.0,-2.038,33.0,74.822,-90.0,74.076,32.0,1.0,-3.886,33.0,-65.467,-65.0,-65.0,-24.0,1.0,-0.0,43.0,-95.017,-95.017,-95.017,0.0,0.0,0.0,33.0,-69.756,-70.244,-70.244,8.0,0.0,-0.0,34.0,-33.196,-33.196,-33.196,0.0,0.0,-0.002,34.0
53.5804,1,rev,-90.0,12.2,5.528,5.4,5.4,8.0,0.0,-0.0,34.0,-100.0,-100.0,-100.0,8.0,0.0,-0.999,33.0,74.538,-90.0,73.863,32.0,1.0,-4.63,33.0,-65.467,-65.0,-65.0,-24.0,1.0,-0.0,43.0,-95.017,-95.017,-95.017,0.0,0.0,0.0,33.0,-69.756,-70.244,-70.244,8.0,0.0,-0.0,34.0,-33.196,-33.196,-33.196,0.0,0.0,-0.001,34.0
53.6336,1,rev,-90.0,12.2,5.528,5.4,5.4,8.0,0.0,-0.0,34.0,-100.0,-100.0,-100.0,8.0,0.0,-0.489,33.0,74.253,-90.0,73.645,32.0,1.0,-4.916,33.0,-65.467,-65.0,-65.0,-24.0,1.0,-0.0,43.0,-95.017,-95.017,-95.017,0.0,0.0,0.0,33.0,-69.756,-70.244,-70.244,8.0,0.0,-0.0,34.0,-33.196,-33.196,-33.196,0.0,0.0,-0.001,34.0
53.6868,1,rev,-90.0,12.2,5.528,5.4,5.4,8.0,0.0,-0.0,34.0,-99.82,-100.0,-100.0,8.0,0.0,1.171,33.0,73.969,-90.0,73.428,32.0,1.0,-5.065,33.0,-65.467,-65.0,-65.0,-24.0,1.0,-0.0,43.0,-95.017,-95.017,-95.017,0.0,0.0,0.0,33.0,-69.756,-70.244,-70.244,8.0,0.0,-0.0,34.0,-33.196,-33.196,-33.196,0.0,0.0,-0.0,34.0
53.7396,1,rev,-90.0,12.2,5.528,5.4,5.4,8.0,0.0,-0.0,34.0,-99.82,-100.0,-100.0,8.0,0.0,0.574,33.0,73.969,-90.0,73.212,32.0,1.0,-2.482,33.0,-65.467,-65.0,-65.0,-24.0,1.0,-0.0,43.0,-95.017,-95.017,-95.017,0.0,0.0,0.0,33.0,-69.756,-70.244,-70.244,8.0,0.0,-0.0,34.0,-33.196,-33.196,-33.196,0.0,0.0,-0.0,34.0
53.7937,1,rev,-90.0,12.2,5.528,5.4,5.4,8.0,0.0,-0.0,34.0,-99.82,-100.0,-100.0,8.0,0.0,0.281,33.0,73.542,-90.0,72.999,32.0,1.0,-5.043,33.0,-65.467,-65.0,-65.0,-24.0,1.0,-0.0,43.0,-95.017,-95.017,-95.017,0.0,0.0,0.0,33.0,-69.756,-70.244,-70.244,8.0,0.0,-0.0,34.0,-33.196,-33.196,-33.196,0.0,0.0,-0.0,34.0
53.847,1,rev,-90.0,12.2,5.528,5.4,5.4,8.0,0.0,-0.0,34.0,-100.0,-100.0,-100.0,8.0,0.0,-1.87,33.0,73.4,-90.0,72.784,32.0,1.0,-4.056,33.0,-65.467,-65.0,-65.0,-24.0,1.0,-0.0,43.0,-95.017,-95.017,-95.017,0.0,0.0,0.0,33.0,-69.756,-70.244,-70.244,8.0,0.0,-0.0,34.0,-33.196,-33.196,-33.196,0.0,0.0,-0.0,34.0
53.9002,1,rev,-90.0,12.2,5.528,5.4,5.4,8.0,0.0,-0.0,34.0,-100.0,-100.0,-100.0,8.0,0.0,-0.916,33.0,73.115,-90.0,72.569,32.0,1.0,-4.685,33.0,-65.467,-65.0,-65.0,-24.0,1.0,-0.0,43.0,-95.017,-95.017,-95.017,0.0,0.0,0.0,33.0,-69.756,-70.244,-70.244,8.0,0.0,-0.0,34.0,-33.196,-33.196,-33.196,0.0,0.0,-0.0,34.0
53.9543,1,rev,-90.0,12.2,5.528,5.4,5.4,8.0,0.0,-0.0,34.0,-100.0,-100.0,-100.0,8.0,0.0,-0.449,33.0,72.973,-90.0,72.353,32.0,1.0,-3.859,33.0,-65.467,-65.0,-65.0,-24.0,1.0,-0.0,43.0,-95.017,-95.017,-95.017,0.0,0.0,0.0,33.0,-69.756,-70.244,-70.244,8.0,0.0,-0.0,34.0,-33.196,-33.196,-33.196,0.0,0.0,-0.0,34.0
54.0076,1,rev,-90.0,12.2,5.528,5.4,5.4,8.0,0.0,-0.0,34.0,-99.82,-100.0,-100.0,8.0,0.0,1.783,33.0,72.688,-90.0,72.136,32.0,1.0,-5.053,33.0,-65.467,-65.0,-65.0,-24.0,1.0,-0.0,43.0,-95.017,-95.017,-95.017,0.0,0.0,0.0,33.0,-69.756,-70.244,-70.244,8.0,0.0,-0.0,34.0,-33.196,-33.196,-33.196,0.0,0.0,-0.0,34.0
54.0604,1,rev,-90.0,12.2,5.528,5.4,5.4,8.0,0.0,-0.0,34.0,-99.82,-100.0,-100.0,8.0,0.0,1.783,33.0,72.688,-90.0,71.897,32.0,2.0,-5.053,33.0,-65.467,-65.0,-65.0,-24.0,0.0,-0.0,43.0,-95.017,-95.017,-95.017,0.0,0.0,0.0,33.0,-69.756,-70.244,-70.244,8.0,0.0,-0.0,34.0,-33.196,-33.196,-33.196,0.0,0.0,-0.0,34.0
54.1135,1,rev,-90.0,12.2,5.528,5.4,5.4,8.0,0.0,-0.0,34.0,-99.82,-100.0,-100.0,8.0,0.0,0.873,33.0,72.546,-90.0,71.68,32.0,2.0,-2.968,33.0,-65.467,-65.0,-65.0,-24.0,0.0,-0.0,43.0,-95.017,-95.017,-95.017,0.0,0.0,0.0,33.0,-69.756,-70.244,-70.244,8.0,0.0,-0.0,34.0,-33.196,-33.196,-33.196,0.0,0.0,-0.0,34.0
54.1664,1,rev,-90.0,12.2,5.528,5.4,5.4,8.0,0.0,-0.0,34.0,-99.82,-100.0,-100.0,8.0,0.0,0.428,33.0,72.119,-90.0,71.468,32.0,2.0,-5.81,33.0,-65.467,-65.0,-65.0,-24.0,0.0,-0.0,43.0,-95.017,-95.017,-95.017,0.0,0.0,0.0,33.0,-69.756,-70.244,-70.244,8.0,0.0,-0.0,34.0,-33.196,-33.196,-33.196,0.0,0.0,-0.0,34.0
54.219,1,rev,-90.0,12.2,5.528,5.4,5.4,8.0,0.0,-0.0,34.0,-100.0,-100.0,-100.0,8.0,0.0,-1.188,33.0,71.977,-90.0,71.359,32.0,2.0,-4.427,33.0,-65.467,-65.0,-65.0,-24.0,0.0,-0.0,43.0,-95.017,-95.017,-95.017,0.0,0.0,0.0,33.0,-69.756,-70.244,-70.244,8.0,0.0,-0.0,34.0,-33.196,-33.196,-33.196,0.0,0.0,-0.0,34.0
54.2719,1,rev,-90.0,12.2,5.528,5.4,5.4,8.0,0.0,-0.0,34.0,-100.0,-100.0,-100.0,8.0,0.0,-0.582,33.0,71.693,-90.0,71.135,32.0,2.0,-5.335,33.0,-65.467,-65.0,-65.0,-24.0,0.0,-0.0,43.0,-95.017,-95.017,-95.017,0.0,0.0,0.0,33.0,-69.756,-70.244,-70.244,8.0,0.0,-0.0,34.0,-33.196,-33.196,-33.196,0.0,0.0,-0.0,34.0
54.3243,1,rev,-90.0,12.2,5.528,5.4,5.4,8.0,0.0,-0.0,34.0,-100.0,-100.0,-100.0,8.0,0.0,-0.285,33.0,71.55,-90.0,70.921,32.0,2.0,-4.202,33.0,-65.467,-65.0,-65.0,-24.0,0.0,-0.0,43.0,-95.017,-95.017,-95.017,0.0,0.0,0.0,33.0,-69.756,-70.244,-70.244,8.0,0.0,-0.0,34.0,-33.196,-33.196,-33.196,0.0,0.0,-0.0,34.0
54.3766,1,rev,-90.0,12.2,5.528,5.4,5.4,8.0,0.0,-0.0,34.0,-99.82,-100.0,-100.0,8.0,0.0,1.879,33.0,71.266,-90.0,70.707,32.0,2.0,-5.246,33.0,-65.467,-65.0,-65.0,-24.0,0.0,-0.0,43.0,-95.017,-95.017,-95.017,0.0,0.0,0.0,33.0,-69.756,-70.244,-70.244,8.0,0.0,-0.0,34.0,-33.196,-33.196,-33.196,0.0,0.0,-0.0,34.0
54.4305,1,rev,-90.0,12.2,5.528,5.4,5.4,8.0,0.0,-0.0,34.0,-99.82,-100.0,-100.0,8.0,0.0,0.921,33.0,71.124,-90.0,70.493,32.0,2.0,-4.178,33.0,-65.467,-65.0,-65.0,-24.0,0.0,-0.0,43.0,-95.017,-95.017,-95.017,0.0,0.0,0.0,33.0,-69.756,-70.244,-70.244,8.0,0.0,-0.0,34.0,-33.196,-33.196,-33.196,0.0,0.0,-0.0,34.0
54.4832,1,rev,-90.0,12.2,5.528,5.4,5.4,8.0,0.0,-0.0,34.0,-100.0,-100.0,-100.0,8.0,0.0,-1.529,33.0,70.839,-90.0,70.279,32.0,2.0,-4.734,33.0,-65.467,-65.0,-65.0,-24.0,0.0,-0.0,43.0,-95.017,-95.017,-95.017,0.0,0.0,0.0,33.0,-69.756,-70.244,-70.244,8.0,0.0,-0.0,34.0,-33.196,-33.196,-33.196,0.0,0.0,-0.0,34.0
54.5372,1,rev,-90.0,12.2,5.528,5.4,5.4,8.0,0.0,-0.0,34.0,-100.0,-100.0,-100.0,8.0,0.0,-0.749,33.0,70.697,-90.0,70.064,32.0,2.0,-3.92,33.0,-65.467,-65.0,-65.0,-24.0,0.0,-0.0,43.0,-95.017,-95.017,-95.017,0.0,0.0,0.0,33.0,-69.756,-70.244,-70.244,8.0,0.0,-0.0,34.0,-33.196,-33.196,-33.196,0.0,0.0,-0.0,34.0
54.5893,1,rev,-90.0,12.2,5.528,5.4,5.4,8.0,0.0,-0.0,34.0,-100.0,-100.0,-100.0,8.0,0.0,-0.367,33.0,70.555,-90.0,69.847,32.0,2.0,-3.521,33.0,-65.467,-65.0,-65.0,-24.0,0.0,-0.0,43.0,-95.017,-95.017,-95.017,0.0,0.0,0.0,33.0,-69.756,-70.244,-70.244,8.0,0.0,-0.0,34.0,-33.196,-33.196,-33.196,0.0,0.0,-0.0,34.0
54.6427,1,rev,-90.0,12.2,5.528,5.4,5.4,8.0,0.0,-0.0,34.0,-100.0,-100.0,-100.0,0.0,0.0,-0.257,33.0,70.413,-90.0,69.607,28.0,2.0,-3.176,33.0,-65.467,-65.0,-65.0,-24.0,1.0,-0.0,43.0,-95.017,-95.017,-95.017,0.0,0.0,0.0,33.0,-69.756,-70.244,-70.244,8.0,0.0,-0.0,34.0,-33.196,-33.196,-33.196,0.0,0.0,-0.0,34.0
54.6957,1,rev,-90.0,12.2,5.528,5.4,5.4,8.0,0.0,-0.0,34.0,-100.0,-100.0,-100.0,0.0,0.0,-0.126,33.0,70.128,-90.0,69.394,28.0,2.0,-4.278,33.0,-65.467,-65.0,-65.0,-24.0,1.0,-0.0,43.0,-95.017,-95.017,-95.017,0.0,0.0,0.0,33.0,-69.756,-70.244,-70.244,8.0,0.0,-0.0,34.0,-33.196,-33.196,-33.196,0.0,0.0,-0.0,34.0
54.7492,1,rev,-90.0,12.2,5.528,5.4,5.4,8.0,0.0,-0.0,34.0,-100.0,-100.0,-100.0,0.0,0.0,-0.062,33.0,69.844,-90.0,69.178,28.0,2.0,-4.289,33.0,-65.467,-65.0,-65.0,-24.0,1.0,-0.0,43.0,-95.017,-95.017,-95.017,0.0,0.0,0.0,33.0,-69.756,-70.244,-70.244,8.0,0.0,-0.0,34.0,-33.196,-33.196,-33.196,0.0,0.0,-0.0,34.0
54.8036,1,rev,-90.0,12.2,5.528,5.4,5.4,8.0,0.0,-0.0,34.0,-99.82,-100.0,-100.0,0.0,0.0,1.382,33.0,69.559,-90.0,68.963,28.0,2.0,-4.808,33.0,-65.467,-65.0,-65.0,-24.0,1.0,-0.0,43.0,-95.017,-95.017,-95.017,0.0,0.0,0.0,33.0,-69.756,-70.244,-70.244,8.0,0.0,-0.0,34.0,-33.196,-33.196,-33.196,0.0,0.0,-0.0,34.0
54.8571,1,rev,-90.0,12.2,5.528,5.4,5.4,8.0,0.0,-0.0,34.0,-99.82,-100.0,-100.0,0.0,0.0,0.677,33.0,69.417,-90.0,68.746,28.0,2.0,-3.915,33.0,-65.467,-65.0,-65.0,-24.0,1.0,-0.0,43.0,-95.017,-95.017,-95.017,0.0,0.0,0.0,33.0,-69.756,-70.244,-70.244,8.0,0.0,-0.0,34.0,-33.196,-33.196,-33.196,0.0,0.0,-0.0,34.0
54.9096,1,rev,-90.0,12.2,5.528,5.4,5.4,8.0,0.0,-0.0,34.0,-100.0,-100.0,-100.0,0.0,0.0,-1.071,33.0,69.132,-90.0,68.53,28.0,2.0,-4.614,33.0,-65.467,-65.0,-65.0,-24.0,1.0,-0.0,43.0,-95.017,-95.017,-95.017,0.0,0.0,0.0,33.0,-69.756,-70.244,-70.244,8.0,0.0,-0.0,34.0,-33.196,-33.196,-33.196,0.0,0.0,-0.0,34.0
54.9632,1,rev,-90.0,12.2,5.528,5.4,5.4,8.0,0.0,-0.0,34.0,-100.0,-100.0,-100.0,0.0,0.0,-0.525,33.0,68.99,-90.0,68.315,28.0,2.0,-3.377,33.0,-65.467,-65.0,-65.0,-24.0,1.0,-0.0,43.0,-95.017,-95.017,-95.017,0.0,0.0,0.0,33.0,-69.756,-70.244,-70.244,8.0,0.0,-0.0,34.0,-33.196,-33.196,-33.196,0.0,0.0,-0.0,34.0
55.0154,1,rev,-90.0,12.2,5.528,5.4,5.4,8.0,0.0,-0.0,34.0,-100.0,-100.0,-100.0,0.0,0.0,-0.257,33.0,68.706,-90.0,68.098,28.0,2.0,-4.346,33.0,-65.467,-65.0,-65.0,-24.0,1.0,-0.0,43.0,-95.017,-95.017,-95.017,0.0,0.0,0.0,33.0,-69.756,-70.244,-70.244,8.0,0.0,-0.0,34.0,-33.196,-33.196,-33.196,0.0,0.0,-0.0,34.0
55.0691,1,rev,-90.0,12.2,5.528,5.4,5.4,8.0,0.0,-0.0,34.0,-100.0,-100.0,-100.0,0.0,0.0,-0.18,33.0,68.706,-90.0,67.882,28.0,2.0,-3.042,33.0,-65.467,-65.0,-65.0,-24.0,1.0,-0.0,43.0,-95.017,-95.017,-95.017,0.0,0.0,0.0,33.0,-69.756,-70.244,-70.244,8.0,0.0,-0.0,34.0,-33.196,-33.196,-33.196,0.0,0.0,-0.0,34.0
55.1227,1,rev,-90.0,12.2,5.528,5.4,5.4,8.0,0.0,-0.0,34.0,-100.0,-100.0,-100.0,0.0,0.0,-0.088,33.0,68.421,-90.0,67.656,28.0,2.0,-4.077,33.0,-65.467,-65.0,-65.0,-24.0,1.0,-0.0,43.0,-95.017,-95.017,-95.017,0.0,0.0,0.0,33.0,-69.756,-70.244,-70.244,8.0,0.0,-0.0,34.0,-33.196,-33.196,-33.196,0.0,0.0,-0.0,34.0
55.1757,1,rev,-90.0,12.2,5.528,5.4,5.4,8.0,0.0,-0.0,34.0,-100.0,-100.0,-100.0,0.0,0.0,-0.043,33.0,68.279,-90.0,67.538,28.0,2.0,-3.015,33.0,-65.467,-65.0,-65.0,-24.0,1.0,-0.0,43.0,-95.017,-95.017,-95.017,0.0,0.0,0.0,33.0,-69.756,-70.244,-70.244,8.0,0.0,-0.0,34.0,-33.196,-33.196,-33.196,0.0,0.0,-0.0,34.0
55.2289,1,rev,-90.0,12.2,5.528,5.4,5.4,8.0,0.0,-0.0,34.0,-100.0,-100.0,-100.0,0.0,0.0,-0.03,33.0,67.994,-90.0,67.301,40.0,3.0,-3.549,33.0,-65.467,-65.0,-65.0,-24.0,1.0,-0.0,43.0,-95.017,-95.017,-95.017,0.0,0.0,0.0,33.0,-69.756,-70.244,-70.244,8.0,0.0,-0.0,34.0,-33.196,-33.196,-33.196,0.0,0.0,-0.0,34.0
55.2808,1,rev,-90.0,12.2,5.528,5.4,5.4,8.0,0.0,-0.0,34.0,-100.0,-100.0,-100.0,0.0,0.0,-0.015,33.0,67.71,-90.0,67.085,40.0,3.0,-4.411,33.0,-65.467,-65.0,-65.0,-24.0,1.0,-0.0,43.0,-95.017,-95.017,-95.017,0.0,0.0,0.0,33.0,-69.756,-70.244,-70.244,8.0,0.0,-0.0,34.0,-33.196,-33.196,-33.196,0.0,0.0,-0.0,34.0
55.3342,1,rev,-90.0,12.2,5.528,5.4,5.4,8.0,0.0,-0.0,34.0,-100.0,-100.0,-100.0,0.0,0.0,-0.007,33.0,67.568,-90.0,66.867,40.0,3.0,-3.244,33.0,-65.467,-65.0,-65.0,-24.0,1.0,-0.0,43.0,-95.017,-95.017,-95.017,0.0,0.0,0.0,33.0,-69.756,-70.244,-70.244,8.0,0.0,-0.0,34.0,-33.196,-33.196,-33.196,0.0,0.0,-0.0,34.0
55.3871,1,rev,-90.0,12.2,5.528,5.4,5.4,8.0,0.0,-0.0,34.0,-100.0,-100.0,-100.0,0.0,0.0,-0.004,33.0,67.283,-90.0,66.651,40.0,3.0,-4.267,33.0,-65.467,-65.0,-65.0,-24.0,1.0,-0.0,43.0,-95.017,-95.017,-95.017,0.0,0.0,0.0,33.0,-69.756,-70.244,-70.244,8.0,0.0,-0.0,34.0,-33.196,-33.196,-33.196,0.0,0.0,-0.0,34.0
55.4396,1,rev,-90.0,12.2,5.528,5.4,5.4,8.0,0.0,-0.0,34.0,-100.0,-100.0,-100.0,0.0,0.0,-0.002,33.0,66.999,-90.0,66.435,40.0,3.0,-4.772,33.0,-65.467,-65.0,-65.0,-24.0,1.0,-0.0,43.0,-95.017,-95.017,-95.017,0.0,0.0,0.0,33.0,-69.756,-70.244,-70.244,8.0,0.0,-0.0,34.0,-33.196,-33.196,-33.196,0.0,0.0,-0.0,34.0
55.493,1,rev,-90.0,12.2,5.528,5.4,5.4,8.0,0.0,-0.0,34.0,-100.0,-100.0,-100.0,0.0,0.0,-0.001,33.0,66.856,-90.0,66.218,40.0,3.0,-3.932,33.0,-65.467,-65.0,-65.0,-24.0,1.0,-0.0,43.0,-95.017,-95.017,-95.017,0.0,0.0,0.0,33.0,-69.756,-70.244,-70.244,8.0,0.0,-0.0,34.0,-33.196,-33.196,-33.196,0.0,0.0,-0.0,34.0
55.5462,1,rev,-90.0,12.2,5.528,5.4,5.4,8.0,0.0,-0.0,34.0,-100.0,-100.0,-100.0,0.0,0.0,-0.0,33.0,66.572,-90.0,66.003,40.0,3.0,-4.622,33.0,-65.467,-65.0,-65.0,-24.0,1.0,-0.0,43.0,-95.017,-95.017,-95.017,0.0,0.0,0.0,33.0,-69.756,-70.244,-70.244,8.0,0.0,-0.0,34.0,-33.196,-33.196,-33.196,0.0,0.0,-0.0,34.0
55.5994,1,rev,-90.0,12.2,5.528,5.4,5.4,8.0,0.0,-0.0,34.0,-100.0,-100.0,-100.0,0.0,0.0,-0.0,33.0,66.43,-90.0,65.79,40.0,3.0,-3.871,33.0,-65.467,-65.0,-65.0,-24.0,1.0,-0.0,43.0,-95.017,-95.017,-95.017,0.0,0.0,0.0,33.0,-69.756,-70.244,-70.244,8.0,0.0,-0.0,34.0,-33.196,-33.196,-33.196,0.0,0.0,-0.0,34.0
55.6526,1,rev,-90.0,12.2,5.528,5.4,5.4,8.0,0.0,-0.0,34.0,-100.0,-100.0,-100.0,0.0,0.0,-0.0,33.0,66.145,-90.0,65.576,40.0,3.0,-4.602,33.0,-65.467,-65.0,-65.0,-24.0,1.0,-0.0,43.0,-95.017,-95.017,-95.017,0.0,0.0,0.0,33.0,-69.756,-70.244,-70.244,8.0,0.0,-0.0,34.0,-33.196,-33.196,-33.196,0.0,0.0,-0.0,34.0
55.7057,1,rev,-90.0,12.2,5.528,5.4,5.4,8.0,0.0,-0.0,34.0,-100.0,-100.0,-100.0,0.0,0.0,-0.0,33.0,66.003,-90.0,65.362,40.0,3.0,-3.376,33.0,-65.467,-65.0,-65.0,-24.0,1.0,-0.0,43.0,-95.017,-95.017,-95.017,0.0,0.0,0.0,33.0,-69.756,-70.244,-70.244,8.0,0.0,-0.0,34.0,-33.196,-33.196,-33.196,0.0,0.0,-0.0,34.0
55.7584,1,rev,-90.0,12.2,5.528,5.4,5.4,8.0,0.0,-0.0,34.0,-100.0,-100.0,-100.0,0.0,0.0,-0.0,33.0,65.861,-90.0,65.255,40.0,3.0,-3.939,33.0,-65.467,-65.0,-65.0,-24.0,1.0,-0.0,43.0,-95.017,-95.017,-95.017,0.0,0.0,0.0,33.0,-69.756,-70.244,-70.244,8.0,0.0,-0.0,34.0,-33.196,-33.196,-33.196,0.0,0.0,-0.0,34.0
55.8126,1,rev,-90.0,12.2,5.528,5.4,5.4,8.0,0.0,-0.0,34.0,-100.0,-100.0,-100.0,0.0,0.0,-0.0,33.0,65.718,-90.0,64.919,40.0,3.0,-2.454,33.0,-65.467,-65.0,-65.0,-24.0,1.0,-0.0,43.0,-95.017,-95.017,-95.017,0.0,0.0,0.0,33.0,-69.756,-70.244,-70.244,8.0,0.0,-0.0,34.0,-33.196,-33.196,-33.196,0.0,0.0,-0.0,34.0
55.866,1,rev,-90.0,12.2,5.528,5.4,5.4,8.0,0.0,-0.0,34.0,-100.0,-100.0,-100.0,0.0,0.0,-0.0,33.0,65.292,-90.0,64.705,40.0,3.0,-5.002,33.0,-65.467,-65.0,-65.0,-24.0,1.0,-0.0,43.0,-95.017,-95.017,-95.017,0.0,0.0,0.0,33.0,-69.756,-70.244,-70.244,8.0,0.0,-0.0,34.0,-33.196,-33.196,-33.196,0.0,0.0,-0.0,34.0
55.9184,1,rev,-90.0,12.2,5.528,5.4,5.4,8.0,0.0,-0.0,34.0,-100.0,-100.0,-100.0,0.0,0.0,-0.0,33.0,65.149,-90.0,64.488,40.0,3.0,-3.565,33.0,-65.467,-65.0,-65.0,-24.0,1.0,-0.0,43.0,-95.017,-95.017,-95.017,0.0,0.0,0.0,33.0,-69.756,-70.244,-70.244,8.0,0.0,-0.0,34.0,-33.196,-33.196,-33.196,0.0,0.0,-0.0,34.0
55.9717,1,rev,-90.0,12.2,5.528,5.4,5.4,8.0,0.0,-0.0,34.0,-100.0,-100.0,-100.0,0.0,0.0,-0.0,33.0,65.007,-90.0,64.272,40.0,3.0,-3.314,33.0,-65.467,-65.0,-65.0,-24.0,1.0,-0.0,43.0,-95.017,-95.017,-95.017,0.0,0.0,0.0,33.0,-69.756,-70.244,-70.244,8.0,0.0,-0.0,34.0,-33.196,-33.196,-33.196,0.0,0.0,-0.0,34.0
56.0246,1,rev,-90.0,12.2,5.528,5.4,5.4,8.0,0.0,-0.0,34.0,-100.0,-100.0,-100.0,0.0,0.0,-0.0,33.0,64.865,-90.0,64.057,40.0,3.0,-3.903,33.0,-65.467,-65.0,-65.0,-24.0,1.0,-0.0,43.0,-95.017,-95.017,-95.017,0.0,0.0,0.0,33.0,-69.756,-70.244,-70.244,8.0,0.0,-0.0,34.0,-33.196,-33.196,-33.196,0.0,0.0,-0.0,34.0
56.0781,1,rev,-90.0,12.2,5.528,5.4,5.4,8.0,0.0,-0.0,34.0,-100.0,-100.0,-100.0,0.0,0.0,-0.0,33.0,64.723,-90.0,63.829,40.0,3.0,-2.906,33.0,-65.467,-65.0,-65.0,-24.0,1.0,-0.0,43.0,-95.017,-95.017,-95.017,0.0,0.0,0.0,33.0,-69.756,-70.244,-70.244,8.0,0.0,-0.0,34.0,-33.196,-33.196,-33.196,0.0,0.0,-0.0,34.0
56.131,1,rev,-90.0,12.2,5.528,5.4,5.4,8.0,0.0,-0.0,34.0,-100.0,-100.0,-100.0,0.0,0.0,-0.0,33.0,64.438,-90.0,63.713,40.0,3.0,-4.038,33.0,-65.467,-65.0,-65.0,-24.0,1.0,-0.0,43.0,-95.017,-95.017,-95.017,0.0,0.0,0.0,33.0,-69.756,-70.244,-70.244,8.0,0.0,-0.0,34.0,-33.196,-33.196,-33.196,0.0,0.0,-0.0,34.0
56.1842,1,rev,-90.0,12.2,5.528,5.4,5.4,8.0,0.0,-0.0,34.0,-100.0,-100.0,-100.0,0.0,0.0,-0.0,33.0,64.154,-90.0,63.488,40.0,3.0,-4.027,33.0,-65.467,-65.0,-65.0,-24.0,1.0,-0.0,43.0,-95.017,-95.017,-95.017,0.0,0.0,0.0,33.0,-69.756,-70.244,-70.244,8.0,0.0,-0.0,34.0,-33.196,-33.196,-33.196,0.0,0.0,-0.0,34.0
56.2364,1,rev,-90.0,12.2,5.528,5.4,5.4,8.0,0.0,-0.0,34.0,-100.0,-100.0,-100.0,0.0,0.0,-0.0,33.0,64.011,-90.0,63.275,40.0,3.0,-3.584,33.0,-65.467,-65.0,-65.0,-24.0,1.0,-0.0,43.0,-95.017,-95.017,-95.017,0.0,0.0,0.0,33.0,-69.756,-70.244,-70.244,8.0,0.0,-0.0,34.0,-33.196,-33.196,-33.196,0.0,0.0,-0.0,34.0
56.29,1,rev,-90.0,12.2,5.528,5.4,5.4,8.0,0.0,-0.0,34.0,-100.0,-100.0,-100.0,0.0,0.0,-0.0,33.0,63.727,-90.0,63.059,40.0,3.0,-4.405,33.0,-65.467,-65.0,-65.0,-24.0,1.0,-0.0,43.0,-95.017,-95.017,-95.017,0.0,0.0,0.0,33.0,-69.756,-70.244,-70.244,8.0,0.0,-0.0,34.0,-33.196,-33.196,-33.196,0.0,0.0,-0.0,34.0
56.3432,1,rev,-90.0,12.2,5.528,5.4,5.4,8.0,0.0,-0.0,34.0,-100.0,-100.0,-100.0,0.0,0.0,-0.0,33.0,63.727,-90.0,62.95,40.0,3.0,-3.083,33.0,-65.467,-65.0,-65.0,-24.0,1.0,-0.0,43.0,-95.017,-95.017,-95.017,0.0,0.0,0.0,33.0,-69.756,-70.244,-70.244,8.0,0.0,-0.0,34.0,-33.196,-33.196,-33.196,0.0,0.0,-0.0,34.0
56.3954,1,rev,-90.0,12.2,5.528,5.4,5.4,8.0,0.0,-0.0,34.0,-100.0,-100.0,-100.0,0.0,0.0,-0.0,33.0,63.3,-90.0,62.611,40.0,3.0,-4.098,33.0,-65.467,-65.0,-65.0,-24.0,1.0,-0.0,43.0,-95.017,-95.017,-95.017,0.0,0.0,0.0,33.0,-69.756,-70.244,-70.244,8.0,0.0,-0.0,34.0,-33.196,-33.196,-33.196,0.0,0.0,-0.0,34.0
56.4488,1,rev,-90.0,12.2,5.528,5.4,5.4,8.0,0.0,-0.0,34.0,-100.0,-100.0,-100.0,0.0,0.0,-0.0,33.0,63.158,-90.0,62.395,40.0,3.0,-3.592,33.0,-65.467,-65.0,-65.0,-24.0,1.0,-0.0,43.0,-95.017,-95.017,-95.017,0.0,0.0,0.0,33.0,-69.756,-70.244,-70.244,8.0,0.0,-0.0,34.0,-33.196,-33.196,-33.196,0.0,0.0,-0.0,34.0
56.5022,1,rev,-90.0,12.2,5.528,5.4,5.4,8.0,0.0,-0.0,34.0,-100.0,-100.0,-100.0,0.0,0.0,-0.0,33.0,62.731,-90.0,62.178,40.0,3.0,-6.024,33.0,-65.467,-65.0,-65.0,-24.0,1.0,-0.0,43.0,-95.017,-95.017,-95.017,0.0,0.0,0.0,33.0,-69.756,-70.244,-70.244,8.0,0.0,-0.0,34.0,-33.196,-33.196,-33.196,0.0,0.0,-0.0,34.0
56.5548,1,rev,-90.0,12.2,5.528,5.4,5.4,8.0,0.0,-0.0,34.0,-100.0,-100.0,-100.0,0.0,0.0,-0.0,33.0,62.731,-90.0,61.964,40.0,3.0,-2.952,33.0,-65.467,-65.0,-65.0,-24.0,1.0,-0.0,43.0,-95.017,-95.017,-95.017,0.0,0.0,0.0,33.0,-69.756,-70.244,-70.244,8.0,0.0,-0.0,34.0,-33.196,-33.196,-33.196,0.0,0.0,-0.0,34.0
56.6078,1,rev,-90.0,12.2,5.528,5.4,5.4,8.0,0.0,-0.0,34.0,-100.0,-100.0,-100.0,0.0,0.0,-0.0,33.0,62.447,-90.0,61.75,40.0,3.0,-4.167,33.0,-65.467,-65.0,-65.0,-24.0,1.0,-0.0,43.0,-95.017,-95.017,-95.017,0.0,0.0,0.0,33.0,-69.756,-70.244,-70.244,8.0,0.0,-0.0,34.0,-33.196,-33.196,-33.196,0.0,0.0,-0.0,34.0
56.6609,1,rev,-90.0,12.2,5.528,5.4,5.4,8.0,0.0,-0.0,34.0,-100.0,-100.0,-100.0,0.0,0.0,-0.0,33.0,62.304,-90.0,61.537,40.0,3.0,-3.159,33.0,-65.467,-65.0,-65.0,-24.0,1.0,-0.0,43.0,-95.017,-95.017,-95.017,0.0,0.0,0.0,33.0,-69.756,-70.244,-70.244,8.0,0.0,-0.0,34.0,-33.196,-33.196,-33.196,0.0,0.0,-0.0,34.0
56.714,1,rev,-90.0,12.2,5.528,5.4,5.4,8.0,0.0,-0.0,34.0,-100.0,-100.0,-100.0,0.0,0.0,-0.0,33.0,62.02,-90.0,61.321,40.0,3.0,-4.275,33.0,-65.467,-65.0,-65.0,-24.0,1.0,-0.0,43.0,-95.017,-95.017,-95.017,0.0,0.0,0.0,33.0,-69.756,-70.244,-70.244,8.0,0.0,-0.0,34.0,-33.196,-33.196,-33.196,0.0,0.0,-0.0,34.0
56.767,1,rev,-90.0,12.2,5.528,5.4,5.4,8.0,0.0,-0.0,34.0,-100.0,-100.0,-100.0,0.0,0.0,-0.0,33.0,61.878,-90.0,61.11,40.0,3.0,-3.224,33.0,-65.467,-65.0,-65.0,-24.0,1.0,-0.0,43.0,-95.017,-95.017,-95.017,0.0,0.0,0.0,33.0,-69.756,-70.244,-70.244,8.0,0.0,-0.0,34.0,-33.196,-33.196,-33.196,0.0,0.0,-0.0,34.0
56.821,1,rev,-90.0,12.2,5.528,5.4,5.4,8.0,0.0,-0.0,34.0,-100.0,-100.0,-100.0,0.0,0.0,-0.0,33.0,61.593,-90.0,60.896,40.0,3.0,-4.279,33.0,-65.467,-65.0,-65.0,-24.0,1.0,-0.0,43.0,-95.017,-95.017,-95.017,0.0,0.0,0.0,33.0,-69.756,-70.244,-70.244,8.0,0.0,-0.0,34.0,-33.196,-33.196,-33.196,0.0,0.0,-0.0,34.0
56.8733,1,rev,-90.0,12.2,5.528,5.4,5.4,8.0,0.0,-0.0,34.0,-100.0,-100.0,-100.0,0.0,0.0,-0.0,33.0,61.451,-90.0,60.679,40.0,3.0,-3.671,33.0,-65.467,-65.0,-65.0,-24.0,1.0,-0.0,43.0,-95.017,-95.017,-95.017,0.0,0.0,0.0,33.0,-69.756,-70.244,-70.244,8.0,0.0,-0.0,34.0,-33.196,-33.196,-33.196,0.0,0.0,-0.0,34.0
56.9264,1,rev,-90.0,12.2,5.528,5.4,5.4,8.0,0.0,-0.0,34.0,-100.0,-100.0,-100.0,-8.0,0.0,-0.0,33.0,61.451,-90.0,60.449,40.0,4.0,-3.671,33.0,-65.467,-65.0,-65.0,-24.0,1.0,-0.0,43.0,-95.017,-95.017,-95.017,0.0,0.0,0.0,33.0,-69.756,-70.244,-70.244,8.0,0.0,-0.0,34.0,-33.196,-33.196,-33.196,0.0,0.0,-0.0,34.0
56.9803,1,rev,-90.0,12.2,5.528,5.4,5.4,8.0,0.0,-0.0,34.0,-100.0,-100.0,-100.0,-8.0,0.0,-0.0,33.0,61.166,-90.0,60.222,40.0,4.0,-2.781,33.0,-65.467,-65.0,-65.0,-24.0,1.0,-0.0,43.0,-95.017,-95.017,-95.017,0.0,0.0,0.0,33.0,-69.756,-70.244,-70.244,8.0,0.0,-0.0,34.0,-33.196,-33.196,-33.196,0.0,0.0,-0.0,34.0
57.034,1,rev,-90.0,12.2,5.528,5.4,5.4,8.0,0.0,-0.0,34.0,-100.0,-100.0,-100.0,-8.0,0.0,-0.0,33.0,60.882,-90.0,59.996,40.0,4.0,-3.954,33.0,-65.467,-65.0,-65.0,-24.0,1.0,-0.0,43.0,-95.017,-95.017,-95.017,0.0,0.0,0.0,33.0,-69.756,-70.244,-70.244,8.0,0.0,-0.0,34.0,-33.196,-33.196,-33.196,0.0,0.0,-0.0,34.0
57.0858,1,rev,-90.0,12.2,5.528,5.4,5.4,8.0,0.0,-0.0,34.0,-100.0,-100.0,-100.0,-8.0,0.0,-0.0,33.0,60.597,-90.0,59.878,40.0,4.0,-4.528,33.0,-65.467,-65.0,-65.0,-24.0,1.0,-0.0,43.0,-95.017,-95.017,-95.017,0.0,0.0,0.0,33.0,-69.756,-70.244,-70.244,8.0,0.0,-0.0,34.0,-33.196,-33.196,-33.196,0.0,0.0,-0.0,34.0
57.1391,1,rev,-90.0,12.2,5.528,5.4,5.4,8.0,0.0,-0.0,34.0,-100.0,-100.0,-100.0,-8.0,0.0,-0.0,33.0,60.313,-90.0,59.663,40.0,4.0,-4.933,33.0,-65.467,-65.0,-65.0,-24.0,1.0,-0.0,43.0,-95.017,-95.017,-95.017,0.0,0.0,0.0,33.0,-69.756,-70.244,-70.244,8.0,0.0,-0.0,34.0,-33.196,-33.196,-33.196,0.0,0.0,-0.0,34.0
57.1919,1,rev,-90.0,12.2,5.528,5.4,5.4,8.0,0.0,-0.0,34.0,-100.0,-100.0,-100.0,-8.0,0.0,-0.0,33.0,60.171,-90.0,59.45,40.0,4.0,-4.016,33.0,-65.467,-65.0,-65.0,-24.0,1.0,-0.0,43.0,-95.017,-95.017,-95.017,0.0,0.0,0.0,33.0,-69.756,-70.244,-70.244,8.0,0.0,-0.0,34.0,-33.196,-33.196,-33.196,0.0,0.0,-0.0,34.0
57.2443,1,rev,-90.0,12.2,5.528,5.4,5.4,8.0,0.0,-0.0,34.0,-100.0,-100.0,-100.0,-8.0,0.0,-0.0,33.0,59.886,-90.0,59.231,40.0,4.0,-4.103,33.0,-65.467,-65.0,-65.0,-24.0,1.0,-0.0,43.0,-95.017,-95.017,-95.017,0.0,0.0,0.0,33.0,-69.756,-70.244,-70.244,8.0,0.0,-0.0,34.0,-33.196,-33.196,-33.196,0.0,0.0,-0.0,34.0
57.2961,1,rev,-90.0,12.2,5.528,5.4,5.4,8.0,0.0,-0.0,34.0,-100.0,-100.0,-100.0,-8.0,0.0,-0.0,33.0,59.744,-90.0,59.016,40.0,4.0,-3.607,33.0,-65.467,-65.0,-65.0,-24.0,1.0,-0.0,43.0,-95.017,-95.017,-95.017,0.0,0.0,0.0,33.0,-69.756,-70.244,-70.244,8.0,0.0,-0.0,34.0,-33.196,-33.196,-33.196,0.0,0.0,-0.0,34.0
57.3487,1,rev,-90.0,12.2,5.618,5.4,5.4,8.0,0.0,1.012,34.0,-100.0,-100.0,-100.0,-8.0,0.0,-0.0,33.0,59.459,-90.0,58.798,40.0,4.0,-3.91,33.0,-65.467,-65.0,-65.0,-24.0,1.0,-0.0,43.0,-95.017,-95.017,-95.017,0.0,0.0,0.0,33.0,-69.756,-70.244,-70.244,8.0,0.0,-0.0,34.0,-33.196,-33.196,-33.196,0.0,0.0,-0.0,34.0
57.4008,1,rev,-90.0,12.2,5.618,5.4,5.4,8.0,0.0,0.496,34.0,-100.0,-100.0,-100.0,-8.0,0.0,-0.0,33.0,59.317,-90.0,58.585,40.0,4.0,-3.511,33.0,-65.467,-65.0,-65.0,-24.0,1.0,-0.0,43.0,-95.017,-95.017,-95.017,0.0,0.0,0.0,33.0,-69.756,-70.244,-70.244,8.0,0.0,-0.0,34.0,-33.196,-33.196,-33.196,0.0,0.0,-0.0,34.0
57.4542,1,rev,-90.0,12.2,5.618,5.4,5.4,8.0,0.0,0.243,34.0,-100.0,-100.0,-100.0,-8.0,0.0,-0.0,33.0,59.033,-90.0,58.367,40.0,4.0,-4.398,33.0,-65.467,-65.0,-65.0,-24.0,1.0,-0.0,43.0,-95.017,-95.017,-95.017,0.0,0.0,0.0,33.0,-69.756,-70.244,-70.244,8.0,0.0,-0.0,34.0,-33.196,-33.196,-33.196,0.0,0.0,-0.0,34.0
57.5077,1,rev,-90.0,12.2,5.618,5.4,5.4,16.0,0.0,0.17,34.0,-100.0,-100.0,-100.0,0.0,0.0,-0.0,33.0,58.89,-90.0,58.128,40.0,2.0,-3.792,33.0,-65.467,-65.0,-65.0,-24.0,1.0,-0.0,43.0,-95.017,-95.017,-95.017,0.0,0.0,0.0,33.0,-69.756,-70.244,-70.244,8.0,0.0,-0.0,34.0,-33.196,-33.196,-33.196,0.0,0.0,-0.0,34.0
57.5609,1,rev,-90.0,12.2,5.618,5.4,5.4,16.0,0.0,0.119,34.0,-100.0,-100.0,-100.0,0.0,0.0,-0.0,33.0,58.89,-90.0,57.911,40.0,2.0,-2.655,33.0,-65.467,-65.0,-65.0,-24.0,1.0,-0.0,43.0,-95.017,-95.017,-95.017,0.0,0.0,0.0,33.0,-69.756,-70.244,-70.244,8.0,0.0,-0.0,34.0,-33.196,-33.196,-33.196,0.0,0.0,-0.0,34.0
57.6132,1,rev,-90.0,12.2,5.618,5.4,5.4,16.0,0.0,0.058,34.0,-100.0,-100.0,-100.0,0.0,0.0,-0.0,33.0,58.464,-90.0,57.684,40.0,2.0,-4.874,33.0,-65.467,-65.0,-65.0,-24.0,1.0,-0.0,43.0,-95.017,-95.017,-95.017,0.0,0.0,0.0,33.0,-69.756,-70.244,-70.244,8.0,0.0,-0.0,34.0,-33.196,-33.196,-33.196,0.0,0.0,-0.0,34.0
57.6666,1,rev,-90.0,12.2,5.618,5.4,5.4,16.0,0.0,0.029,34.0,-100.0,-100.0,-100.0,0.0,0.0,-0.0,33.0,58.321,-90.0,57.573,40.0,2.0,-3.962,33.0,-65.467,-65.0,-65.0,-24.0,1.0,-0.0,43.0,-95.017,-95.017,-95.017,0.0,0.0,0.0,33.0,-69.756,-70.244,-70.244,8.0,0.0,-0.0,34.0,-33.196,-33.196,-33.196,0.0,0.0,-0.0,34.0
57.7199,1,rev,-90.0,12.2,5.618,5.4,5.4,16.0,0.0,0.014,34.0,-100.0,-100.0,-100.0,0.0,0.0,-0.0,33.0,58.037,-90.0,57.345,40.0,2.0,-4.54,33.0,-65.467,-65.0,-65.0,-24.0,1.0,-0.0,43.0,-95.017,-95.017,-95.017,0.0,0.0,0.0,33.0,-69.756,-70.244,-70.244,8.0,0.0,-0.0,34.0,-33.196,-33.196,-33.196,0.0,0.0,-0.0,34.0
57.7723,1,rev,-90.0,12.2,5.618,5.4,5.4,16.0,0.0,0.007,34.0,-100.0,-100.0,-100.0,0.0,0.0,-0.0,33.0,57.895,-90.0,57.132,40.0,2.0,-3.352,33.0,-65.467,-65.0,-65.0,-24.0,1.0,-0.0,43.0,-95.017,-95.017,-95.017,0.0,0.0,0.0,33.0,-69.756,-70.244,-70.244,8.0,0.0,-0.0,34.0,-33.196,-33.196,-33.196,0.0,0.0,-0.0,34.0
57.8251,1,rev,-90.0,12.2,5.618,5.4,5.4,16.0,0.0,0.003,34.0,-100.0,-100.0,-100.0,0.0,0.0,-0.0,33.0,57.61,-90.0,56.919,40.0,2.0,-4.346,33.0,-65.467,-65.0,-65.0,-24.0,1.0,-0.0,43.0,-95.017,-95.017,-95.017,0.0,0.0,0.0,33.0,-69.756,-70.244,-70.244,8.0,0.0,-0.0,34.0,-33.196,-33.196,-33.196,0.0,0.0,-0.0,34.0
57.8771,1,rev,-90.0,12.2,5.618,5.4,5.4,16.0,0.0,0.002,34.0,-100.0,-100.0,-100.0,0.0,0.0,-0.0,33.0,57.468,-90.0,56.704,40.0,2.0,-3.248,33.0,-65.467,-65.0,-65.0,-24.0,1.0,-0.0,43.0,-95.017,-95.017,-95.017,0.0,0.0,0.0,33.0,-69.756,-70.244,-70.244,8.0,0.0,-0.0,34.0,-33.196,-33.196,-33.196,0.0,0.0,-0.0,34.0
57.9294,1,rev,-90.0,12.2,5.618,5.4,5.4,16.0,0.0,0.001,34.0,-100.0,-100.0,-100.0,0.0,0.0,-0.0,33.0,57.183,-90.0,56.49,40.0,2.0,-4.29,33.0,-65.467,-65.0,-65.0,-24.0,1.0,-0.0,43.0,-95.017,-95.017,-95.017,0.0,0.0,0.0,33.0,-69.756,-70.244,-70.244,8.0,0.0,-0.0,34.0,-33.196,-33.196,-33.196,0.0,0.0,-0.0,34.0
57.9828,1,rev,-90.0,12.2,5.618,5.4,5.4,16.0,0.0,0.0,34.0,-100.0,-100.0,-100.0,0.0,0.0,-0.0,33.0,57.041,-90.0,56.274,40.0,2.0,-3.216,33.0,-65.467,-65.0,-65.0,-24.0,1.0,-0.0,43.0,-95.017,-95.017,-95.017,0.0,0.0,0.0,33.0,-69.756,-70.244,-70.244,8.0,0.0,-0.0,34.0,-33.196,-33.196,-33.196,0.0,0.0,-0.0,34.0
58.0353,1,rev,-90.0,12.2,5.618,5.4,5.4,16.0,0.0,0.0,34.0,-100.0,-100.0,-100.0,0.0,0.0,-0.0,33.0,56.615,-90.0,56.059,40.0,2.0,-5.779,33.0,-65.467,-65.0,-65.0,-24.0,1.0,-0.0,43.0,-95.017,-95.017,-95.017,0.0,0.0,0.0,33.0,-69.756,-70.244,-70.244,8.0,0.0,-0.0,34.0,-33.196,-33.196,-33.196,0.0,0.0,-0.0,34.0
58.0888,1,rev,-90.0,12.2,5.618,5.4,5.4,16.0,0.0,0.0,34.0,-100.0,-100.0,-100.0,0.0,0.0,-0.0,33.0,56.615,-90.0,55.816,32.0,2.0,-4.045,33.0,-65.467,-65.0,-65.0,-24.0,1.0,-0.0,43.0,-95.017,-95.017,-95.017,0.0,0.0,0.0,33.0,-69.756,-70.244,-70.244,8.0,0.0,-0.0,34.0,-33.196,-33.196,-33.196,0.0,0.0,-0.0,34.0
58.1413,1,rev,-90.0,12.2,5.618,5.4,5.4,16.0,0.0,0.0,34.0,-100.0,-100.0,-100.0,0.0,0.0,-0.0,33.0,56.33,-90.0,55.603,32.0,2.0,-5.162,33.0,-65.467,-65.0,-65.0,-24.0,1.0,-0.0,43.0,-95.017,-95.017,-95.017,0.0,0.0,0.0,33.0,-69.756,-70.244,-70.244,8.0,0.0,-0.0,34.0,-33.196,-33.196,-33.196,0.0,0.0,-0.0,34.0
58.1934,1,rev,-90.0,12.2,5.618,5.4,5.4,16.0,0.0,0.0,34.0,-100.0,-100.0,-100.0,0.0,0.0,-0.0,33.0,56.046,-90.0,55.388,32.0,2.0,-5.206,33.0,-65.467,-65.0,-65.0,-24.0,1.0,-0.0,43.0,-95.017,-95.017,-95.017,0.0,0.0,0.0,33.0,-69.756,-70.244,-70.244,8.0,0.0,-0.0,34.0,-33.196,-33.196,-33.196,0.0,0.0,-0.0,34.0
58.247,1,rev,-90.0,12.2,5.618,5.4,5.4,16.0,0.0,0.0,34.0,-100.0,-100.0,-100.0,0.0,0.0,-0.0,33.0,56.046,-90.0,55.169,32.0,2.0,-3.644,33.0,-65.467,-65.0,-65.0,-24.0,1.0,-0.0,43.0,-95.017,-95.017,-95.017,0.0,0.0,0.0,33.0,-69.756,-70.244,-70.244,8.0,0.0,-0.0,34.0,-33.196,-33.196,-33.196,0.0,0.0,-0.0,34.0
58.3002,1,rev,-90.0,12.2,5.618,5.4,5.4,16.0,0.0,0.0,34.0,-100.0,-100.0,-100.0,0.0,0.0,-0.0,33.0,55.761,-90.0,54.943,32.0,2.0,-4.378,33.0,-65.467,-65.0,-65.0,-24.0,1.0,-0.0,43.0,-95.017,-95.017,-95.017,0.0,0.0,0.0,33.0,-69.756,-70.244,-70.244,8.0,0.0,-0.0,34.0,-33.196,-33.196,-33.196,0.0,0.0,-0.0,34.0
58.3532,1,rev,-90.0,12.2,5.618,5.4,5.4,16.0,0.0,0.0,34.0,-100.0,-100.0,-100.0,0.0,0.0,-0.0,33.0,55.619,-90.0,54.825,32.0,2.0,-3.154,33.0,-65.467,-65.0,-65.0,-24.0,1.0,-0.0,43.0,-95.017,-95.017,-95.017,0.0,0.0,0.0,33.0,-69.756,-70.244,-70.244,8.0,0.0,-0.0,34.0,-33.196,-33.196,-33.196,0.0,0.0,-0.0,34.0
58.4056,1,rev,-90.0,12.2,5.618,5.4,5.4,16.0,0.0,0.0,34.0,-100.0,-100.0,-100.0,0.0,0.0,-0.0,33.0,55.334,-90.0,54.599,32.0,2.0,-4.122,33.0,-65.467,-65.0,-65.0,-24.0,1.0,-0.0,43.0,-95.017,-95.017,-95.017,0.0,0.0,0.0,33.0,-69.756,-70.244,-70.244,8.0,0.0,-0.0,34.0,-33.196,-33.196,-33.196,0.0,0.0,-0.0,34.0
58.4579,1,rev,-90.0,12.2,5.618,5.4,5.4,16.0,0.0,0.0,34.0,-100.0,-100.0,-100.0,0.0,0.0,-0.0,33.0,55.05,-90.0,54.383,32.0,2.0,-4.713,33.0,-65.467,-65.0,-65.0,-24.0,1.0,-0.0,43.0,-95.017,-95.017,-95.017,0.0,0.0,0.0,33.0,-69.756,-70.244,-70.244,8.0,0.0,-0.0,34.0,-33.196,-33.196,-33.196,0.0,0.0,-0.0,34.0
58.5103,1,rev,-90.0,12.2,5.618,5.4,5.4,16.0,0.0,0.0,34.0,-100.0,-100.0,-100.0,0.0,0.0,-0.0,33.0,54.908,-90.0,54.167,32.0,2.0,-3.9,33.0,-65.467,-65.0,-65.0,-24.0,1.0,-0.0,43.0,-95.017,-95.017,-95.017,0.0,0.0,0.0,33.0,-69.756,-70.244,-70.244,8.0,0.0,-0.0,34.0,-33.196,-33.196,-33.196,0.0,0.0,-0.0,34.0
58.5633,1,rev,-90.0,12.2,5.618,5.4,5.4,16.0,0.0,0.0,34.0,-100.0,-100.0,-100.0,0.0,0.0,-0.0,33.0,54.623,-90.0,53.953,32.0,2.0,-4.609,33.0,-65.467,-65.0,-65.0,-24.0,1.0,-0.0,43.0,-95.017,-95.017,-95.017,0.0,0.0,0.0,33.0,-69.756,-70.244,-70.244,8.0,0.0,-0.0,34.0,-33.196,-33.196,-33.196,0.0,0.0,-0.0,34.0
58.6168,1,rev,-90.0,12.2,5.618,5.4,5.4,16.0,0.0,0.0,34.0,-100.0,-100.0,-100.0,0.0,0.0,-0.0,33.0,54.481,-90.0,53.736,32.0,2.0,-3.839,33.0,-65.467,-65.0,-65.0,-24.0,1.0,-0.0,43.0,-95.017,-95.017,-95.017,0.0,0.0,0.0,33.0,-69.756,-70.244,-70.244,8.0,0.0,-0.0,34.0,-33.196,-33.196,-33.196,0.0,0.0,-0.0,34.0
58.6702,1,rev,-90.0,12.2,5.618,5.4,5.4,16.0,0.0,0.0,34.0,-100.0,-100.0,-100.0,-8.0,0.0,-0.0,33.0,54.196,-90.0,53.498,36.0,3.0,-4.125,33.0,-65.467,-65.0,-65.0,-24.0,1.0,-0.0,43.0,-95.017,-95.017,-95.017,0.0,0.0,0.0,33.0,-69.756,-70.244,-70.244,8.0,0.0,-0.0,34.0,-33.196,-33.196,-33.196,0.0,0.0,-0.0,34.0
58.7237,1,rev,-90.0,12.2,5.618,5.4,5.4,16.0,0.0,0.0,34.0,-100.0,-100.0,-100.0,-8.0,0.0,-0.0,33.0,54.054,-90.0,53.282,36.0,3.0,-3.564,33.0,-65.467,-65.0,-65.0,-24.0,1.0,-0.0,43.0,-95.017,-95.017,-95.017,0.0,0.0,0.0,33.0,-69.756,-70.244,-70.244,8.0,0.0,-0.0,34.0,-33.196,-33.196,-33.196,0.0,0.0,-0.0,34.0
58.777,1,rev,-90.0,12.2,5.618,5.4,5.4,16.0,0.0,0.0,34.0,-100.0,-100.0,-100.0,-8.0,0.0,-0.0,33.0,53.77,-90.0,53.064,36.0,3.0,-4.406,33.0,-65.467,-65.0,-65.0,-24.0,1.0,-0.0,43.0,-95.017,-95.017,-95.017,0.0,0.0,0.0,33.0,-69.756,-70.244,-70.244,8.0,0.0,-0.0,34.0,-33.196,-33.196,-33.196,0.0,0.0,-0.0,34.0
58.8311,1,rev,-90.0,12.2,5.618,5.4,5.4,16.0,0.0,0.0,34.0,-100.0,-100.0,-100.0,-8.0,0.0,-0.0,33.0,53.627,-90.0,52.849,36.0,3.0,-3.28,33.0,-65.467,-65.0,-65.0,-24.0,1.0,-0.0,43.0,-95.017,-95.017,-95.017,0.0,0.0,0.0,33.0,-69.756,-70.244,-70.244,8.0,0.0,-0.0,34.0,-33.196,-33.196,-33.196,0.0,0.0,-0.0,34.0
58.8841,1,rev,-90.0,12.2,5.618,5.4,5.4,16.0,0.0,0.0,34.0,-100.0,-100.0,-100.0,-8.0,0.0,-0.0,33.0,53.343,-90.0,52.636,36.0,3.0,-4.32,33.0,-65.467,-65.0,-65.0,-24.0,1.0,-0.0,43.0,-95.017,-95.017,-95.017,0.0,0.0,0.0,33.0,-69.756,-70.244,-70.244,8.0,0.0,-0.0,34.0,-33.196,-33.196,-33.196,0.0,0.0,-0.0,34.0
58.9371,1,rev,-90.0,12.2,5.618,5.4,5.4,16.0,0.0,0.0,34.0,-100.0,-100.0,-100.0,-8.0,0.0,-0.0,33.0,53.201,-90.0,52.423,36.0,3.0,-3.244,33.0,-65.467,-65.0,-65.0,-24.0,1.0,-0.0,43.0,-95.017,-95.017,-95.017,0.0,0.0,0.0,33.0,-69.756,-70.244,-70.244,8.0,0.0,-0.0,34.0,-33.196,-33.196,-33.196,0.0,0.0,-0.0,34.0
58.9902,1,rev,-90.0,12.2,5.618,5.4,5.4,16.0,0.0,0.0,34.0,-100.0,-100.0,-100.0,-8.0,0.0,-0.0,33.0,52.774,-90.0,52.209,36.0,3.0,-5.913,33.0,-65.467,-65.0,-65.0,-24.0,1.0,-0.0,43.0,-95.017,-95.017,-95.017,0.0,0.0,0.0,33.0,-69.756,-70.244,-70.244,8.0,0.0,-0.0,34.0,-33.196,-33.196,-33.196,0.0,0.0,-0.0,34.0
59.0431,1,rev,-90.0,12.2,5.618,5.4,5.4,16.0,0.0,0.0,34.0,-100.0,-100.0,-100.0,-8.0,0.0,-0.0,33.0,52.774,-90.0,51.993,36.0,3.0,-2.898,33.0,-65.467,-65.0,-65.0,-24.0,1.0,-0.0,43.0,-95.017,-95.017,-95.017,0.0,0.0,0.0,33.0,-69.756,-70.244,-70.244,8.0,0.0,-0.0,34.0,-33.196,-33.196,-33.196,0.0,0.0,-0.0,34.0
59.0962,1,rev,-90.0,12.2,5.618,5.4,5.4,16.0,0.0,0.0,34.0,-100.0,-100.0,-100.0,-8.0,0.0,-0.0,33.0,52.489,-90.0,51.776,36.0,3.0,-3.624,33.0,-65.467,-65.0,-65.0,-24.0,1.0,-0.0,43.0,-95.017,-95.017,-95.017,0.0,0.0,0.0,33.0,-69.756,-70.244,-70.244,8.0,0.0,-0.0,34.0,-33.196,-33.196,-33.196,0.0,0.0,-0.0,34.0
59.1484,1,rev,-90.0,12.2,5.618,5.4,5.4,16.0,0.0,0.0,34.0,-100.0,-100.0,-100.0,-8.0,0.0,-0.0,33.0,52.347,-90.0,51.56,36.0,3.0,-4.115,33.0,-65.467,-65.0,-65.0,-24.0,1.0,-0.0,43.0,-95.017,-95.017,-95.017,0.0,0.0,0.0,33.0,-69.756,-70.244,-70.244,8.0,0.0,-0.0,34.0,-33.196,-33.196,-33.196,0.0,0.0,-0.0,34.0
59.202,1,rev,-90.0,12.2,5.618,5.4,5.4,16.0,0.0,0.0,34.0,-100.0,-100.0,-100.0,-8.0,0.0,-0.0,33.0,52.205,-90.0,51.439,36.0,3.0,-3.003,33.0,-65.467,-65.0,-65.0,-24.0,1.0,-0.0,43.0,-95.017,-95.017,-95.017,0.0,0.0,0.0,33.0,-69.756,-70.244,-70.244,8.0,0.0,-0.0,34.0,-33.196,-33.196,-33.196,0.0,0.0,-0.0,34.0
59.2553,1,rev,-90.0,12.2,5.618,5.4,5.4,16.0,0.0,0.0,34.0,-100.0,-100.0,-100.0,0.0,0.0,-0.0,33.0,51.92,-90.0,51.205,40.0,2.0,-3.57,33.0,-65.467,-65.0,-65.0,-24.0,1.0,-0.0,43.0,-95.017,-95.017,-95.017,0.0,0.0,0.0,33.0,-69.756,-70.244,-70.244,8.0,0.0,-0.0,34.0,-33.196,-33.196,-33.196,0.0,0.0,-0.0,34.0
59.3084,1,rev,-90.0,12.2,5.618,5.4,5.4,16.0,0.0,0.0,34.0,-100.0,-100.0,-100.0,0.0,0.0,-0.0,33.0,51.636,-90.0,50.989,40.0,2.0,-4.916,33.0,-65.467,-65.0,-65.0,-24.0,1.0,-0.0,43.0,-95.017,-95.017,-95.017,0.0,0.0,0.0,33.0,-69.756,-70.244,-70.244,8.0,0.0,-0.0,34.0,-33.196,-33.196,-33.196,0.0,0.0,-0.0,34.0
59.3616,1,rev,-90.0,12.2,5.618,5.4,5.4,16.0,0.0,0.0,34.0,-100.0,-100.0,-100.0,0.0,0.0,-0.0,33.0,51.494,-90.0,50.775,40.0,2.0,-4.014,33.0,-65.467,-65.0,-65.0,-24.0,1.0,-0.0,43.0,-95.017,-95.017,-95.017,0.0,0.0,0.0,33.0,-69.756,-70.244,-70.244,8.0,0.0,-0.0,34.0,-33.196,-33.196,-33.196,0.0,0.0,-0.0,34.0
59.4134,1,rev,-90.0,12.2,5.618,5.4,5.4,16.0,0.0,0.0,34.0,-100.0,-100.0,-100.0,0.0,0.0,-0.0,33.0,51.209,-90.0,50.562,40.0,2.0,-4.706,33.0,-65.467,-65.0,-65.0,-24.0,1.0,-0.0,43.0,-95.017,-95.017,-95.017,0.0,0.0,0.0,33.0,-69.756,-70.244,-70.244,8.0,0.0,-0.0,34.0,-33.196,-33.196,-33.196,0.0,0.0,-0.0,34.0
59.4667,1,rev,-90.0,12.2,5.618,5.4,5.4,16.0,0.0,0.0,34.0,-100.0,-100.0,-100.0,0.0,0.0,-0.0,33.0,51.067,-90.0,50.346,40.0,2.0,-3.887,33.0,-65.467,-65.0,-65.0,-24.0,1.0,-0.0,43.0,-95.017,-95.017,-95.017,0.0,0.0,0.0,33.0,-69.756,-70.244,-70.244,8.0,0.0,-0.0,34.0,-33.196,-33.196,-33.196,0.0,0.0,-0.0,34.0
59.5201,1,rev,-90.0,12.2,5.618,5.4,5.4,16.0,0.0,0.0,34.0,-100.0,-100.0,-100.0,0.0,0.0,-0.0,33.0,50.782,-90.0,50.127,40.0,2.0,-4.553,33.0,-65.467,-65.0,-65.0,-24.0,1.0,-0.0,43.0,-95.017,-95.017,-95.017,0.0,0.0,0.0,33.0,-69.756,-70.244,-70.244,8.0,0.0,-0.0,34.0,-33.196,-33.196,-33.196,0.0,0.0,-0.0,34.0
59.5724,1,rev,-90.0,12.2,5.618,5.4,5.4,16.0,0.0,0.0,34.0,-100.0,-100.0,-100.0,0.0,0.0,-0.0,33.0,50.64,-90.0,49.911,40.0,2.0,-3.82,33.0,-65.467,-65.0,-65.0,-24.0,1.0,-0.0,43.0,-95.017,-95.017,-95.017,0.0,0.0,0.0,33.0,-69.756,-70.244,-70.244,8.0,0.0,-0.0,34.0,-33.196,-33.196,-33.196,0.0,0.0,-0.0,34.0
59.6248,1,rev,-90.0,12.2,5.618,5.4,5.4,16.0,0.0,0.0,34.0,-100.0,-100.0,-100.0,0.0,0.0,-0.0,33.0,50.356,-90.0,49.696,40.0,2.0,-4.551,33.0,-65.467,-65.0,-65.0,-24.0,1.0,-0.0,43.0,-95.017,-95.017,-95.017,0.0,0.0,0.0,33.0,-69.756,-70.244,-70.244,8.0,0.0,-0.0,34.0,-33.196,-33.196,-33.196,0.0,0.0,-0.0,34.0
59.6782,1,rev,-90.0,12.2,5.618,5.4,5.4,16.0,0.0,0.0,34.0,-100.0,-100.0,-100.0,0.0,0.0,-0.0,33.0,50.213,-90.0,49.478,40.0,2.0,-3.841,33.0,-65.467,-65.0,-65.0,-24.0,1.0,-0.0,43.0,-95.017,-95.017,-95.017,0.0,0.0,0.0,33.0,-69.756,-70.244,-70.244,8.0,0.0,-0.0,34.0,-33.196,-33.196,-33.196,0.0,0.0,-0.0,34.0
59.7303,1,rev,-90.0,12.2,5.618,5.4,5.4,16.0,0.0,0.0,34.0,-100.0,-100.0,-100.0,0.0,0.0,-0.0,33.0,49.929,-90.0,49.265,40.0,2.0,-4.578,33.0,-65.467,-65.0,-65.0,-24.0,1.0,-0.0,43.0,-95.017,-95.017,-95.017,0.0,0.0,0.0,33.0,-69.756,-70.244,-70.244,8.0,0.0,-0.0,34.0,-33.196,-33.196,-33.196,0.0,0.0,-0.0,34.0
59.7837,1,rev,-90.0,12.2,5.618,5.4,5.4,16.0,0.0,0.0,34.0,-100.0,-100.0,-100.0,0.0,0.0,-0.0,33.0,49.929,-90.0,49.157,48.0,4.0,-3.205,33.0,-65.467,-65.0,-65.0,-24.0,1.0,-0.0,43.0,-95.017,-95.017,-95.017,0.0,0.0,0.0,33.0,-69.756,-70.244,-70.244,8.0,0.0,-0.0,34.0,-33.196,-33.196,-33.196,0.0,0.0,-0.0,34.0
59.8378,1,rev,-90.0,12.2,5.618,5.4,5.4,16.0,0.0,0.0,34.0,-100.0,-100.0,-100.0,0.0,0.0,-0.0,33.0,49.644,-90.0,48.82,48.0,4.0,-2.612,33.0,-65.467,-65.0,-65.0,-24.0,1.0,-0.0,43.0,-95.017,-95.017,-95.017,0.0,0.0,0.0,33.0,-69.756,-70.244,-70.244,8.0,0.0,-0.0,34.0,-33.196,-33.196,-33.196,0.0,0.0,-0.0,34.0
59.8911,1,rev,-90.0,12.2,5.618,5.4,5.4,16.0,0.0,0.0,34.0,-100.0,-100.0,-100.0,0.0,0.0,-0.0,33.0,49.36,-90.0,48.606,48.0,4.0,-4.006,33.0,-65.467,-65.0,-65.0,-24.0,1.0,-0.0,43.0,-95.017,-95.017,-95.017,0.0,0.0,0.0,33.0,-69.756,-70.244,-70.244,8.0,0.0,-0.0,34.0,-33.196,-33.196,-33.196,0.0,0.0,-0.0,34.0
59.944,1,rev,-90.0,12.2,5.618,5.4,5.4,16.0,0.0,0.0,34.0,-100.0,-100.0,-100.0,0.0,0.0,-0.0,33.0,49.075,-90.0,48.393,48.0,4.0,-4.678,33.0,-65.467,-65.0,-65.0,-24.0,1.0,-0.0,43.0,-95.017,-95.017,-95.017,0.0,0.0,0.0,33.0,-69.756,-70.244,-70.244,8.0,0.0,-0.0,34.0,-33.196,-33.196,-33.196,0.0,0.0,-0.0,34.0
59.9973,1,rev,-90.0,12.2,5.618,5.4,5.4,16.0,0.0,0.0,34.0,-100.0,-100.0,-100.0,0.0,0.0,-0.0,33.0,48.933,-90.0,48.178,48.0,4.0,-3.405,33.0,-65.467,-65.0,-65.0,-24.0,1.0,-0.0,43.0,-95.017,-95.017,-95.017,0.0,0.0,0.0,33.0,-69.756,-70.244,-70.244,8.0,0.0,-0.0,34.0,-33.196,-33.196,-33.196,0.0,0.0,-0.0,34.0
60.0505,1,rev,-90.0,12.2,5.618,5.4,5.4,16.0,0.0,0.0,34.0,-100.0,-100.0,-100.0,0.0,0.0,-0.0,33.0,48.649,-90.0,47.965,48.0,4.0,-4.395,33.0,-65.467,-65.0,-65.0,-24.0,1.0,-0.0,43.0,-95.017,-95.017,-95.017,0.0,0.0,0.0,33.0,-69.756,-70.244,-70.244,8.0,0.0,-0.0,34.0,-33.196,-33.196,-33.196,0.0,0.0,-0.0,34.0
60.1037,1,rev,-90.0,12.2,5.618,5.4,5.4,16.0,0.0,0.0,34.0,-100.0,-100.0,-100.0,0.0,0.0,-0.0,33.0,48.506,-90.0,47.748,48.0,4.0,-3.235,33.0,-65.467,-65.0,-65.0,-24.0,1.0,-0.0,43.0,-95.017,-95.017,-95.017,0.0,0.0,0.0,33.0,-69.756,-70.244,-70.244,8.0,0.0,-0.0,34.0,-33.196,-33.196,-33.196,0.0,0.0,-0.0,34.0
60.1563,1,rev,-90.0,12.2,5.618,5.4,5.4,16.0,0.0,0.0,34.0,-100.0,-100.0,-100.0,0.0,0.0,-0.0,33.0,48.364,-90.0,47.531,48.0,4.0,-3.831,33.0,-65.467,-65.0,-65.0,-24.0,1.0,-0.0,43.0,-95.017,-95.017,-95.017,0.0,0.0,0.0,33.0,-69.756,-70.244,-70.244,8.0,0.0,-0.0,34.0,-33.196,-33.196,-33.196,0.0,0.0,-0.0,34.0
60.2098,1,rev,-90.0,12.2,5.618,5.4,5.4,16.0,0.0,0.0,34.0,-100.0,-100.0,-100.0,0.0,0.0,-0.0,33.0,48.08,-90.0,47.306,48.0,4.0,-4.491,33.0,-65.467,-65.0,-65.0,-24.0,1.0,-0.0,43.0,-95.017,-95.017,-95.017,0.0,0.0,0.0,33.0,-69.756,-70.244,-70.244,8.0,0.0,-0.0,34.0,-33.196,-33.196,-33.196,0.0,0.0,-0.0,34.0
60.2624,1,rev,-90.0,12.2,5.618,5.4,5.4,16.0,0.0,0.0,34.0,-100.0,-100.0,-100.0,0.0,0.0,-0.0,33.0,47.937,-90.0,47.186,48.0,4.0,-3.776,33.0,-65.467,-65.0,-65.0,-24.0,1.0,-0.0,43.0,-95.017,-95.017,-95.017,0.0,0.0,0.0,33.0,-69.756,-70.244,-70.244,8.0,0.0,-0.0,34.0,-33.196,-33.196,-33.196,0.0,0.0,-0.0,34.0
60.3154,1,rev,-90.0,12.2,5.618,5.4,5.4,16.0,0.0,0.0,34.0,-100.0,-100.0,-100.0,0.0,0.0,-0.0,33.0,47.653,-90.0,46.962,48.0,4.0,-4.466,33.0,-65.467,-65.0,-65.0,-24.0,1.0,-0.0,43.0,-95.017,-95.017,-95.017,0.0,0.0,0.0,33.0,-69.756,-70.244,-70.244,8.0,0.0,-0.0,34.0,-33.196,-33.196,-33.196,0.0,0.0,-0.0,34.0
60.3693,1,rev,-90.0,12.2,5.618,5.4,5.4,16.0,0.0,0.0,34.0,-100.0,-100.0,-100.0,0.0,0.0,-0.0,33.0,47.653,-90.0,46.854,48.0,4.0,-3.126,33.0,-65.467,-65.0,-65.0,-24.0,1.0,-0.0,43.0,-95.017,-95.017,-95.017,0.0,0.0,0.0,33.0,-69.756,-70.244,-70.244,8.0,0.0,-0.0,34.0,-33.196,-33.196,-33.196,0.0,0.0,-0.0,34.0
60.4226,1,rev,-90.0,12.2,5.618,5.4,5.4,16.0,0.0,0.0,34.0,-100.0,-100.0,-100.0,0.0,0.0,-0.0,33.0,47.368,-90.0,46.519,48.0,4.0,-3.662,33.0,-65.467,-65.0,-65.0,-24.0,1.0,-0.0,43.0,-94.948,-95.017,-95.017,0.0,0.0,0.781,33.0,-69.756,-70.244,-70.244,8.0,0.0,-0.0,34.0,-33.196,-33.196,-33.196,0.0,0.0,-0.0,34.0
60.4748,1,rev,-90.0,12.2,5.618,5.4,5.4,16.0,0.0,0.0,34.0,-100.0,-100.0,-100.0,0.0,0.0,-0.0,33.0,47.084,-90.0,46.305,48.0,4.0,-4.487,33.0,-65.467,-65.0,-65.0,-24.0,1.0,-0.0,43.0,-94.948,-95.017,-95.017,0.0,0.0,0.383,33.0,-69.756,-70.244,-70.244,8.0,0.0,-0.0,34.0,-33.196,-33.196,-33.196,0.0,0.0,-0.0,34.0
60.5271,1,rev,-90.0,12.2,5.618,5.4,5.4,16.0,0.0,0.0,34.0,-100.0,-100.0,-100.0,0.0,0.0,-0.0,33.0,46.799,-90.0,46.088,48.0,4.0,-4.889,33.0,-65.467,-65.0,-65.0,-24.0,1.0,-0.0,43.0,-95.017,-95.017,-95.017,0.0,0.0,-0.342,33.0,-69.756,-70.244,-70.244,8.0,0.0,-0.0,34.0,-33.196,-33.196,-33.196,0.0,0.0,-0.0,34.0
60.58,1,rev,-90.0,12.2,5.618,5.4,5.4,16.0,0.0,0.0,34.0,-100.0,-100.0,-100.0,0.0,0.0,-0.0,33.0,46.657,-90.0,45.874,48.0,4.0,-3.505,33.0,-65.467,-65.0,-65.0,-24.0,1.0,-0.0,43.0,-95.017,-95.017,-95.017,0.0,0.0,-0.168,33.0,-69.756,-70.244,-70.244,8.0,0.0,-0.0,34.0,-33.196,-33.196,-33.196,0.0,0.0,-0.0,34.0
60.6323,1,rev,-90.0,12.2,5.618,5.4,5.4,16.0,0.0,0.0,34.0,-100.0,-100.0,-100.0,0.0,0.0,-0.0,33.0,46.373,-90.0,45.656,48.0,4.0,-4.374,33.0,-65.467,-65.0,-65.0,-24.0,1.0,-0.0,43.0,-95.017,-95.017,-95.017,0.0,0.0,-0.082,33.0,-69.756,-70.244,-70.244,8.0,0.0,-0.0,34.0,-33.196,-33.196,-33.196,0.0,0.0,-0.0,34.0
60.6856,1,rev,-90.0,12.2,5.618,5.4,5.4,16.0,0.0,0.0,34.0,-100.0,-100.0,-100.0,0.0,0.0,-0.0,33.0,46.088,-90.0,45.441,48.0,4.0,-4.843,33.0,-65.467,-65.0,-65.0,-24.0,1.0,-0.0,43.0,-95.017,-95.017,-95.017,0.0,0.0,-0.04,33.0,-69.756,-70.244,-70.244,8.0,0.0,-0.0,34.0,-33.196,-33.196,-33.196,0.0,0.0,-0.0,34.0
60.7389,1,rev,-90.0,12.2,5.618,5.4,5.4,16.0,0.0,0.0,34.0,-100.0,-100.0,-100.0,0.0,0.0,-0.0,33.0,45.946,-90.0,45.226,48.0,4.0,-3.978,33.0,-65.467,-65.0,-65.0,-24.0,1.0,-0.0,43.0,-95.017,-95.017,-95.017,0.0,0.0,-0.02,33.0,-69.756,-70.244,-70.244,8.0,0.0,-0.0,34.0,-33.196,-33.196,-33.196,0.0,0.0,-0.0,34.0
60.7919,1,rev,-90.0,12.2,5.618,5.4,5.4,16.0,0.0,0.0,34.0,-100.0,-100.0,-100.0,0.0,0.0,-0.0,33.0,45.804,-90.0,45.014,48.0,4.0,-3.075,33.0,-65.467,-65.0,-65.0,-24.0,1.0,-0.0,43.0,-95.017,-95.017,-95.017,0.0,0.0,-0.01,33.0,-69.756,-70.244,-70.244,8.0,0.0,-0.0,34.0,-33.196,-33.196,-33.196,0.0,0.0,-0.0,34.0
60.846,1,rev,-90.0,12.2,5.618,5.4,5.4,16.0,0.0,0.0,34.0,-100.0,-100.0,-100.0,0.0,0.0,-0.0,33.0,45.519,-90.0,44.799,48.0,4.0,-4.194,33.0,-65.467,-65.0,-65.0,-24.0,1.0,-0.0,43.0,-95.017,-95.017,-95.017,0.0,0.0,-0.005,33.0,-69.756,-70.244,-70.244,8.0,0.0,-0.0,34.0,-33.196,-33.196,-33.196,0.0,0.0,-0.0,34.0
60.8983,1,rev,-90.0,12.2,5.618,5.4,5.4,16.0,0.0,0.0,34.0,-100.0,-100.0,-100.0,0.0,0.0,-0.0,33.0,45.377,-90.0,44.584,48.0,4.0,-3.17,33.0,-65.467,-65.0,-65.0,-24.0,1.0,-0.0,43.0,-95.017,-95.017,-95.017,0.0,0.0,-0.002,33.0,-69.756,-70.244,-70.244,8.0,0.0,-0.0,34.0,-33.196,-33.196,-33.196,0.0,0.0,-0.0,34.0
60.9517,1,rev,-90.0,12.2,5.618,5.4,5.4,16.0,0.0,0.0,34.0,-100.0,-100.0,-100.0,-8.0,0.0,-0.0,33.0,45.377,-90.0,44.348,40.0,4.0,-3.17,33.0,-65.467,-65.0,-65.0,-24.0,1.0,-0.0,43.0,-95.017,-95.017,-95.017,0.0,0.0,-0.002,33.0,-69.756,-70.244,-70.244,8.0,0.0,-0.0,34.0,-33.196,-33.196,-33.196,0.0,0.0,-0.0,34.0
61.0046,1,rev,-90.0,12.2,5.618,5.4,5.4,16.0,0.0,0.0,34.0,-100.0,-100.0,-100.0,-8.0,0.0,-0.0,33.0,45.092,-90.0,44.121,40.0,4.0,-3.623,33.0,-65.467,-65.0,-65.0,-24.0,1.0,-0.0,43.0,-95.017,-95.017,-95.017,0.0,0.0,-0.001,33.0,-69.756,-70.244,-70.244,8.0,0.0,-0.0,34.0,-33.196,-33.196,-33.196,0.0,0.0,-0.0,34.0
61.0583,1,rev,-90.0,12.2,5.618,5.4,5.4,16.0,0.0,0.0,34.0,-100.0,-100.0,-100.0,-8.0,0.0,-0.0,33.0,44.666,-90.0,43.899,40.0,4.0,-5.486,33.0,-65.467,-65.0,-65.0,-24.0,1.0,-0.0,43.0,-95.017,-95.017,-95.017,0.0,0.0,-0.001,33.0,-69.756,-70.244,-70.244,8.0,0.0,-0.0,34.0,-33.196,-33.196,-33.196,0.0,0.0,-0.0,34.0
61.1118,1,rev,-90.0,12.2,5.618,5.4,5.4,16.0,0.0,0.0,34.0,-100.0,-100.0,-100.0,-8.0,0.0,-0.0,33.0,44.523,-90.0,43.781,40.0,4.0,-4.264,33.0,-65.467,-65.0,-65.0,-24.0,1.0,-0.0,43.0,-95.017,-95.017,-95.017,0.0,0.0,-0.0,33.0,-69.756,-70.244,-70.244,8.0,0.0,-0.0,34.0,-33.196,-33.196,-33.196,0.0,0.0,-0.0,34.0
61.1643,1,rev,-90.0,12.2,5.618,5.4,5.4,16.0,0.0,0.0,34.0,-100.0,-100.0,-100.0,-8.0,0.0,-0.0,33.0,44.381,-90.0,43.565,40.0,4.0,-3.203,33.0,-65.467,-65.0,-65.0,-24.0,1.0,-0.0,43.0,-95.017,-95.017,-95.017,0.0,0.0,-0.0,33.0,-69.756,-70.244,-70.244,8.0,0.0,-0.0,34.0,-33.196,-33.196,-33.196,0.0,0.0,-0.0,34.0
61.2177,1,rev,-90.0,12.2,5.618,5.4,5.4,16.0,0.0,0.0,34.0,-100.0,-100.0,-100.0,-8.0,0.0,-0.0,33.0,44.097,-90.0,43.349,40.0,4.0,-4.254,33.0,-65.467,-65.0,-65.0,-24.0,1.0,-0.0,43.0,-95.017,-95.017,-95.017,0.0,0.0,-0.0,33.0,-69.756,-70.244,-70.244,8.0,0.0,-0.0,34.0,-33.196,-33.196,-33.196,0.0,0.0,-0.0,34.0
61.2704,1,rev,-90.0,12.2,5.618,5.4,5.4,16.0,0.0,0.0,34.0,-100.0,-100.0,-100.0,-8.0,0.0,-0.0,33.0,43.812,-90.0,43.134,40.0,4.0,-4.791,33.0,-65.467,-65.0,-65.0,-24.0,1.0,-0.0,43.0,-95.017,-95.017,-95.017,0.0,0.0,-0.0,33.0,-69.756,-70.244,-70.244,8.0,0.0,-0.0,34.0,-33.196,-33.196,-33.196,0.0,0.0,-0.0,34.0
61.3243,1,rev,-90.0,12.2,5.618,5.4,5.4,16.0,0.0,0.0,34.0,-100.0,-100.0,-100.0,-8.0,0.0,-0.0,33.0,43.67,-90.0,42.919,40.0,4.0,-3.459,33.0,-65.467,-65.0,-65.0,-24.0,1.0,-0.0,43.0,-95.017,-95.017,-95.017,0.0,0.0,-0.0,33.0,-69.756,-70.244,-70.244,8.0,0.0,-0.0,34.0,-33.196,-33.196,-33.196,0.0,0.0,-0.0,34.0
61.3773,1,rev,-90.0,12.2,5.618,5.4,5.4,16.0,0.0,0.0,34.0,-100.0,-100.0,-100.0,-8.0,0.0,-0.0,33.0,43.385,-90.0,42.705,40.0,4.0,-4.396,33.0,-65.467,-65.0,-65.0,-24.0,1.0,-0.0,43.0,-95.017,-95.017,-95.017,0.0,0.0,-0.0,33.0,-69.756,-70.244,-70.244,8.0,0.0,-0.0,34.0,-33.196,-33.196,-33.196,0.0,0.0,-0.0,34.0
61.4293,1,rev,-90.0,12.2,5.618,5.4,5.4,16.0,0.0,0.0,34.0,-100.0,-100.0,-100.0,-8.0,0.0,-0.0,33.0,43.243,-90.0,42.489,40.0,4.0,-3.264,33.0,-65.467,-65.0,-65.0,-24.0,1.0,-0.0,43.0,-95.017,-95.017,-95.017,0.0,0.0,-0.0,33.0,-69.756,-70.244,-70.244,8.0,0.0,-0.0,34.0,-33.196,-33.196,-33.196,0.0,0.0,-0.0,34.0
61.4825,1,rev,-90.0,12.2,5.618,5.4,5.4,16.0,0.0,0.0,34.0,-100.0,-100.0,-100.0,-8.0,0.0,-0.0,33.0,42.959,-90.0,42.274,40.0,4.0,-4.306,33.0,-65.467,-65.0,-65.0,-24.0,1.0,-0.0,43.0,-95.017,-95.017,-95.017,0.0,0.0,-0.0,33.0,-69.756,-70.244,-70.244,8.0,0.0,-0.0,34.0,-33.196,-33.196,-33.196,0.0,0.0,-0.0,34.0
61.5357,1,rev,-90.0,12.2,5.618,5.4,5.4,16.0,0.0,0.0,34.0,-100.0,-100.0,-100.0,4.0,0.0,-0.0,33.0,42.817,-90.0,42.036,40.0,2.0,-3.727,33.0,-65.467,-65.0,-65.0,-24.0,1.0,-0.0,43.0,-95.017,-95.017,-95.017,0.0,0.0,-0.0,33.0,-69.756,-70.244,-70.244,8.0,0.0,-0.0,34.0,-33.196,-33.196,-33.196,0.0,0.0,-0.0,34.0
61.5887,1,rev,-90.0,12.2,5.618,5.4,5.4,16.0,0.0,0.0,34.0,-100.0,-100.0,-100.0,4.0,0.0,-0.0,33.0,42.674,-90.0,41.819,40.0,2.0,-3.418,33.0,-65.467,-65.0,-65.0,-24.0,1.0,-0.0,43.0,-95.017,-95.017,-95.017,0.0,0.0,-0.0,33.0,-69.756,-70.244,-70.244,8.0,0.0,-0.0,34.0,-33.196,-33.196,-33.196,0.0,0.0,-0.0,34.0
61.6418,1,rev,-90.0,12.2,5.618,5.4,5.4,16.0,0.0,0.0,34.0,-100.0,-100.0,-100.0,4.0,0.0,-0.0,33.0,42.248,-90.0,41.604,40.0,2.0,-5.48,33.0,-65.467,-65.0,-65.0,-24.0,1.0,-0.0,43.0,-95.017,-95.017,-95.017,0.0,0.0,-0.0,33.0,-69.756,-70.244,-70.244,8.0,0.0,-0.0,34.0,-33.196,-33.196,-33.196,0.0,0.0,-0.0,34.0
61.695,1,rev,-90.0,12.2,5.618,5.4,5.4,16.0,0.0,0.0,34.0,-100.0,-100.0,-100.0,4.0,0.0,-0.0,33.0,42.105,-90.0,41.39,40.0,2.0,-4.296,33.0,-65.467,-65.0,-65.0,-24.0,1.0,-0.0,43.0,-95.017,-95.017,-95.017,0.0,0.0,-0.0,33.0,-69.756,-70.244,-70.244,8.0,0.0,-0.0,34.0,-33.196,-33.196,-33.196,0.0,0.0,-0.0,34.0
61.7481,1,rev,-90.0,12.2,5.618,5.4,5.4,16.0,0.0,0.0,34.0,-100.0,-100.0,-100.0,4.0,0.0,-0.0,33.0,41.821,-90.0,41.175,40.0,2.0,-4.794,33.0,-65.467,-65.0,-65.0,-24.0,1.0,-0.0,43.0,-95.017,-95.017,-95.017,0.0,0.0,-0.0,33.0,-69.756,-70.244,-70.244,8.0,0.0,-0.0,34.0,-33.196,-33.196,-33.196,0.0,0.0,-0.0,34.0
61.8005,1,rev,-90.0,12.2,5.618,5.4,5.4,16.0,0.0,0.0,34.0,-100.0,-100.0,-100.0,4.0,0.0,-0.0,33.0,41.679,-90.0,40.96,40.0,2.0,-3.946,33.0,-65.467,-65.0,-65.0,-24.0,1.0,-0.0,43.0,-95.017,-95.017,-95.017,0.0,0.0,-0.0,33.0,-69.756,-70.244,-70.244,8.0,0.0,-0.0,34.0,-33.196,-33.196,-33.196,0.0,0.0,-0.0,34.0
61.855,1,rev,-90.0,12.2,5.618,5.4,5.4,16.0,0.0,0.0,34.0,-100.0,-100.0,-100.0,4.0,0.0,-0.0,33.0,41.394,-90.0,40.745,40.0,2.0,-4.616,33.0,-65.467,-65.0,-65.0,-24.0,1.0,-0.0,43.0,-95.017,-95.017,-95.017,0.0,0.0,-0.0,33.0,-69.756,-70.244,-70.244,8.0,0.0,-0.0,34.0,-33.196,-33.196,-33.196,0.0,0.0,-0.0,34.0
61.9073,1,rev,-90.0,12.2,5.618,5.4,5.4,16.0,0.0,0.0,34.0,-100.0,-100.0,-100.0,4.0,0.0,-0.0,33.0,41.394,-90.0,40.529,40.0,2.0,-3.232,33.0,-65.467,-65.0,-65.0,-24.0,1.0,-0.0,43.0,-95.017,-95.017,-95.017,0.0,0.0,-0.0,33.0,-69.756,-70.244,-70.244,8.0,0.0,-0.0,34.0,-33.196,-33.196,-33.196,0.0,0.0,-0.0,34.0
61.9607,1,rev,-90.0,12.2,5.618,5.4,5.4,16.0,0.0,0.0,34.0,-100.0,-100.0,-100.0,4.0,0.0,-0.0,33.0,41.11,-90.0,40.302,40.0,2.0,-4.176,33.0,-65.467,-65.0,-65.0,-24.0,1.0,-0.0,43.0,-95.017,-95.017,-95.017,0.0,0.0,-0.0,33.0,-69.756,-70.244,-70.244,8.0,0.0,-0.0,34.0,-33.196,-33.196,-33.196,0.0,0.0,-0.0,34.0
62.0141,1,rev,-90.0,12.2,5.618,5.4,5.4,16.0,0.0,0.0,34.0,-100.0,-100.0,-100.0,4.0,0.0,-0.0,33.0,40.967,-90.0,40.077,40.0,2.0,-3.045,33.0,-65.467,-65.0,-65.0,-24.0,1.0,-0.0,43.0,-95.017,-95.017,-95.017,0.0,0.0,-0.0,33.0,-69.756,-70.244,-70.244,8.0,0.0,-0.0,34.0,-33.196,-33.196,-33.196,0.0,0.0,-0.0,34.0
62.0663,1,rev,-90.0,12.2,5.618,5.4,5.4,16.0,0.0,0.0,34.0,-100.0,-100.0,-100.0,4.0,0.0,-0.0,33.0,40.683,-90.0,39.97,40.0,2.0,-4.204,33.0,-65.467,-65.0,-65.0,-24.0,1.0,-0.0,43.0,-95.017,-95.017,-95.017,0.0,0.0,-0.0,33.0,-69.756,-70.244,-70.244,8.0,0.0,-0.0,34.0,-33.196,-33.196,-33.196,0.0,0.0,-0.0,34.0
62.1182,1,rev,-90.0,12.2,5.618,5.4,5.4,16.0,0.0,0.0,34.0,-100.0,-100.0,-100.0,0.0,0.0,-0.0,33.0,40.398,-90.0,39.731,36.0,3.0,-4.369,33.0,-65.467,-65.0,-65.0,-24.0,1.0,-0.0,43.0,-95.017,-95.017,-95.017,0.0,0.0,-0.0,33.0,-69.756,-70.244,-70.244,8.0,0.0,-0.0,34.0,-33.196,-33.196,-33.196,0.0,0.0,-0.0,34.0
62.1715,1,rev,-90.0,12.2,5.618,5.4,5.4,16.0,0.0,0.0,34.0,-100.0,-100.0,-100.0,0.0,0.0,-0.0,33.0,40.256,-90.0,39.515,36.0,3.0,-3.73,33.0,-65.467,-65.0,-65.0,-24.0,1.0,-0.0,43.0,-95.017,-95.017,-95.017,0.0,0.0,-0.0,33.0,-69.756,-70.244,-70.244,8.0,0.0,-0.0,34.0,-33.196,-33.196,-33.196,0.0,0.0,-0.0,34.0
62.2243,1,rev,-90.0,12.2,5.618,5.4,5.4,16.0,0.0,0.0,34.0,-100.0,-100.0,-100.0,0.0,0.0,-0.0,33.0,39.972,-90.0,39.301,36.0,3.0,-4.531,33.0,-65.467,-65.0,-65.0,-24.0,1.0,-0.0,43.0,-95.017,-95.017,-95.017,0.0,0.0,-0.0,33.0,-69.756,-70.244,-70.244,8.0,0.0,-0.0,34.0,-33.196,-33.196,-33.196,0.0,0.0,-0.0,34.0
62.2777,1,rev,-90.0,12.2,5.618,5.4,5.4,16.0,0.0,0.0,34.0,-100.0,-100.0,-100.0,0.0,0.0,-0.0,33.0,39.829,-90.0,39.087,36.0,3.0,-3.344,33.0,-65.467,-65.0,-65.0,-24.0,1.0,-0.0,43.0,-95.017,-95.017,-95.017,0.0,0.0,-0.0,33.0,-69.756,-70.244,-70.244,8.0,0.0,-0.0,34.0,-33.196,-33.196,-33.196,0.0,0.0,-0.0,34.0
62.3311,1,rev,-90.0,12.2,5.618,5.4,5.4,16.0,0.0,0.0,34.0,-100.0,-100.0,-100.0,0.0,0.0,-0.0,33.0,39.545,-90.0,38.87,36.0,3.0,-4.331,33.0,-65.467,-65.0,-65.0,-24.0,1.0,-0.0,43.0,-95.017,-95.017,-95.017,0.0,0.0,-0.0,33.0,-69.756,-70.244,-70.244,8.0,0.0,-0.0,34.0,-33.196,-33.196,-33.196,0.0,0.0,-0.0,34.0
62.3834,1,rev,-90.0,12.2,5.618,5.4,5.4,16.0,0.0,0.0,34.0,-100.0,-100.0,-100.0,0.0,0.0,-0.0,33.0,39.403,-90.0,38.657,36.0,3.0,-3.703,33.0,-65.467,-65.0,-65.0,-24.0,1.0,-0.0,43.0,-95.017,-95.017,-95.017,0.0,0.0,-0.0,33.0,-69.756,-70.244,-70.244,8.0,0.0,-0.0,34.0,-33.196,-33.196,-33.196,0.0,0.0,-0.0,34.0
62.4367,1,rev,-90.0,12.2,5.618,5.4,5.4,16.0,0.0,0.0,34.0,-100.0,-100.0,-100.0,0.0,0.0,-0.0,33.0,38.976,-90.0,38.441,36.0,3.0,-6.094,33.0,-65.467,-65.0,-65.0,-24.0,1.0,-0.0,43.0,-95.017,-95.017,-95.017,0.0,0.0,-0.0,33.0,-69.756,-70.244,-70.244,8.0,0.0,-0.0,34.0,-33.196,-33.196,-33.196,0.0,0.0,-0.0,34.0
62.4893,1,rev,-90.0,12.2,5.618,5.4,5.4,16.0,0.0,0.0,34.0,-100.0,-100.0,-100.0,0.0,0.0,-0.0,33.0,38.976,-90.0,38.224,36.0,3.0,-2.986,33.0,-65.467,-65.0,-65.0,-24.0,1.0,-0.0,43.0,-95.017,-95.017,-95.017,0.0,0.0,-0.0,33.0,-69.756,-70.244,-70.244,8.0,0.0,-0.0,34.0,-33.196,-33.196,-33.196,0.0,0.0,-0.0,34.0
62.5425,1,rev,-90.0,12.2,5.618,5.4,5.4,16.0,0.0,0.0,34.0,-100.0,-100.0,-100.0,0.0,0.0,-0.0,33.0,38.691,-90.0,38.009,36.0,3.0,-4.172,33.0,-65.467,-65.0,-65.0,-24.0,1.0,-0.0,43.0,-95.017,-95.017,-95.017,0.0,0.0,-0.0,33.0,-69.756,-70.244,-70.244,8.0,0.0,-0.0,34.0,-33.196,-33.196,-33.196,0.0,0.0,-0.0,34.0
62.5959,1,rev,-90.0,12.2,5.618,5.4,5.4,16.0,0.0,0.0,34.0,-100.0,-100.0,-100.0,0.0,0.0,-0.0,33.0,38.549,-90.0,37.796,36.0,3.0,-3.168,33.0,-65.467,-65.0,-65.0,-24.0,1.0,-0.0,43.0,-95.017,-95.017,-95.017,0.0,0.0,-0.0,33.0,-69.756,-70.244,-70.244,8.0,0.0,-0.0,34.0,-33.196,-33.196,-33.196,0.0,0.0,-0.0,34.0
62.6489,1,rev,-90.0,12.2,5.618,5.4,5.4,16.0,0.0,0.0,34.0,-100.0,-100.0,-100.0,-8.0,0.0,-0.0,33.0,38.407,-90.0,37.688,40.0,4.0,-3.79,33.0,-65.467,-65.0,-65.0,-24.0,1.0,-0.0,43.0,-95.017,-95.017,-95.017,0.0,0.0,-0.0,33.0,-69.756,-70.244,-70.244,8.0,0.0,-0.0,34.0,-33.196,-33.196,-33.196,0.0,0.0,-0.0,34.0
62.7021,1,rev,-90.0,12.2,5.618,5.4,5.4,16.0,0.0,0.0,34.0,-100.0,-100.0,-100.0,-8.0,0.0,-0.0,33.0,38.122,-90.0,37.355,40.0,4.0,-2.914,33.0,-65.467,-65.0,-65.0,-24.0,1.0,-0.0,43.0,-95.017,-95.017,-95.017,0.0,0.0,-0.0,33.0,-69.756,-70.244,-70.244,8.0,0.0,-0.0,34.0,-33.196,-33.196,-33.196,0.0,0.0,-0.0,34.0
62.7544,1,rev,-90.0,12.2,5.618,5.4,5.4,16.0,0.0,0.0,34.0,-100.0,-100.0,-100.0,-8.0,0.0,-0.0,33.0,37.98,-90.0,37.14,40.0,4.0,-3.618,33.0,-65.467,-65.0,-65.0,-24.0,1.0,-0.0,43.0,-95.017,-95.017,-95.017,0.0,0.0,-0.0,33.0,-69.756,-70.244,-70.244,8.0,0.0,-0.0,34.0,-33.196,-33.196,-33.196,0.0,0.0,-0.0,34.0
62.8076,1,rev,-90.0,12.2,5.618,5.4,5.4,16.0,0.0,0.0,34.0,-100.0,-100.0,-100.0,-8.0,0.0,-0.0,33.0,37.696,-90.0,36.925,40.0,4.0,-4.467,33.0,-65.467,-65.0,-65.0,-24.0,1.0,-0.0,43.0,-95.017,-95.017,-95.017,0.0,0.0,-0.0,33.0,-69.756,-70.244,-70.244,8.0,0.0,-0.0,34.0,-33.196,-33.196,-33.196,0.0,0.0,-0.0,34.0
62.8619,1,rev,-90.0,12.2,5.618,5.4,5.4,16.0,0.0,0.0,34.0,-100.0,-100.0,-100.0,-8.0,0.0,-0.0,33.0,37.553,-90.0,36.698,40.0,4.0,-3.8,33.0,-65.467,-65.0,-65.0,-24.0,1.0,-0.0,43.0,-95.017,-95.017,-95.017,0.0,0.0,-0.0,33.0,-69.756,-70.244,-70.244,8.0,0.0,-0.0,34.0,-33.196,-33.196,-33.196,0.0,0.0,-0.0,34.0
62.9145,1,rev,-90.0,12.2,5.618,5.4,5.4,16.0,0.0,0.0,34.0,-100.0,-100.0,-100.0,-8.0,0.0,-0.0,33.0,37.269,-90.0,36.578,40.0,4.0,-4.44,33.0,-65.467,-65.0,-65.0,-24.0,1.0,-0.0,43.0,-95.017,-95.017,-95.017,0.0,0.0,-0.0,33.0,-69.756,-70.244,-70.244,8.0,0.0,-0.0,34.0,-33.196,-33.196,-33.196,0.0,0.0,-0.0,34.0
62.9675,1,rev,-90.0,12.2,5.618,5.4,5.4,16.0,0.0,0.0,34.0,-100.0,-100.0,-100.0,-8.0,0.0,-0.0,33.0,37.127,-90.0,36.354,40.0,4.0,-3.202,33.0,-65.467,-65.0,-65.0,-24.0,1.0,-0.0,43.0,-95.017,-95.017,-95.017,0.0,0.0,-0.0,33.0,-69.756,-70.244,-70.244,8.0,0.0,-0.0,34.0,-33.196,-33.196,-33.196,0.0,0.0,-0.0,34.0
63.0205,1,rev,-90.0,12.2,5.618,5.4,5.4,16.0,0.0,0.0,34.0,-100.0,-100.0,-100.0,-8.0,0.0,-0.0,33.0,36.842,-90.0,36.141,40.0,4.0,-4.273,33.0,-65.467,-65.0,-65.0,-24.0,1.0,-0.0,43.0,-95.017,-95.017,-95.017,0.0,0.0,-0.0,33.0,-69.756,-70.244,-70.244,8.0,0.0,-0.0,34.0,-33.196,-33.196,-33.196,0.0,0.0,-0.0,34.0
63.0737,1,rev,-90.0,12.2,5.618,5.4,5.4,16.0,0.0,0.0,34.0,-100.0,-100.0,-100.0,-8.0,0.0,-0.0,33.0,36.7,-90.0,35.925,40.0,4.0,-3.204,33.0,-65.467,-65.0,-65.0,-24.0,1.0,-0.0,43.0,-95.017,-95.017,-95.017,0.0,0.0,-0.0,33.0,-69.756,-70.244,-70.244,8.0,0.0,-0.0,34.0,-33.196,-33.196,-33.196,0.0,0.0,-0.0,34.0
63.1267,1,rev,-90.0,12.2,5.618,5.4,5.4,16.0,0.0,0.0,34.0,-100.0,-100.0,-100.0,-8.0,0.0,-0.0,33.0,36.273,-90.0,35.711,40.0,4.0,-5.827,33.0,-65.467,-65.0,-65.0,-24.0,1.0,-0.0,43.0,-95.017,-95.017,-95.017,0.0,0.0,-0.0,33.0,-69.756,-70.244,-70.244,8.0,0.0,-0.0,34.0,-33.196,-33.196,-33.196,0.0,0.0,-0.0,34.0
63.1794,1,rev,-90.0,12.2,5.618,5.4,5.4,16.0,0.0,0.0,34.0,-100.0,-100.0,-100.0,-8.0,0.0,-0.0,33.0,36.273,-90.0,35.494,40.0,4.0,-2.855,33.0,-65.467,-65.0,-65.0,-24.0,1.0,-0.0,43.0,-95.017,-95.017,-95.017,0.0,0.0,-0.0,33.0,-69.756,-70.244,-70.244,8.0,0.0,-0.0,34.0,-33.196,-33.196,-33.196,0.0,0.0,-0.0,34.0
63.2327,1,rev,-90.0,12.2,5.618,5.4,5.4,16.0,0.0,0.0,34.0,-100.0,-100.0,-100.0,-8.0,0.0,-0.0,33.0,36.131,-90.0,35.387,48.0,5.0,-3.589,33.0,-65.467,-65.0,-65.0,-24.0,1.0,-0.0,43.0,-95.017,-95.017,-95.017,0.0,0.0,-0.0,33.0,-69.756,-70.244,-70.244,8.0,0.0,-0.0,34.0,-33.196,-33.196,-33.196,0.0,0.0,-0.0,34.0
63.286,1,rev,-90.0,12.2,5.618,5.4,5.4,16.0,0.0,0.0,34.0,-100.0,-100.0,-100.0,-8.0,0.0,-0.0,33.0,35.846,-90.0,35.051,48.0,5.0,-2.804,33.0,-65.467,-65.0,-65.0,-24.0,1.0,-0.0,43.0,-95.017,-95.017,-95.017,0.0,0.0,-0.0,33.0,-69.756,-70.244,-70.244,8.0,0.0,-0.0,34.0,-33.196,-33.196,-33.196,0.0,0.0,-0.0,34.0
63.3384,1,rev,-90.0,12.2,5.618,5.4,5.4,16.0,0.0,0.0,34.0,-100.0,-100.0,-100.0,-8.0,0.0,-0.0,33.0,35.562,-90.0,34.833,48.0,5.0,-4.028,33.0,-65.467,-65.0,-65.0,-24.0,1.0,-0.0,43.0,-95.017,-95.017,-95.017,0.0,0.0,-0.0,33.0,-69.756,-70.244,-70.244,8.0,0.0,-0.0,34.0,-33.196,-33.196,-33.196,0.0,0.0,-0.0,34.0
63.3922,1,rev,-90.0,12.2,5.618,5.4,5.4,16.0,0.0,0.0,34.0,-100.0,-100.0,-100.0,-8.0,0.0,-0.0,33.0,35.42,-90.0,34.614,48.0,5.0,-3.064,33.0,-65.467,-65.0,-65.0,-24.0,1.0,-0.0,43.0,-95.017,-95.017,-95.017,0.0,0.0,-0.0,33.0,-69.756,-70.244,-70.244,8.0,0.0,-0.0,34.0,-33.196,-33.196,-33.196,0.0,0.0,-0.0,34.0
63.4452,1,rev,-90.0,12.2,5.618,5.4,5.4,16.0,0.0,0.0,34.0,-100.0,-100.0,-100.0,-8.0,0.0,-0.0,33.0,35.135,-90.0,34.398,48.0,5.0,-4.204,33.0,-65.467,-65.0,-65.0,-24.0,1.0,-0.0,43.0,-95.017,-95.017,-95.017,0.0,0.0,-0.0,33.0,-69.756,-70.244,-70.244,8.0,0.0,-0.0,34.0,-33.196,-33.196,-33.196,0.0,0.0,-0.0,34.0
63.4987,1,rev,-90.0,12.2,5.618,5.4,5.4,16.0,0.0,0.0,34.0,-100.0,-100.0,-100.0,-8.0,0.0,-0.0,33.0,34.851,-90.0,34.182,48.0,5.0,-4.727,33.0,-65.467,-65.0,-65.0,-24.0,1.0,-0.0,43.0,-95.017,-95.017,-95.017,0.0,0.0,-0.0,33.0,-69.756,-70.244,-70.244,8.0,0.0,-0.0,34.0,-33.196,-33.196,-33.196,0.0,0.0,-0.0,34.0
63.5522,1,rev,-90.0,12.2,5.618,5.4,5.4,16.0,0.0,0.0,34.0,-100.0,-100.0,-100.0,-8.0,0.0,-0.0,33.0,34.708,-90.0,33.967,48.0,5.0,-3.908,33.0,-65.467,-65.0,-65.0,-24.0,1.0,-0.0,43.0,-95.017,-95.017,-95.017,0.0,0.0,-0.0,33.0,-69.756,-70.244,-70.244,8.0,0.0,-0.0,34.0,-33.196,-33.196,-33.196,0.0,0.0,-0.0,34.0
63.6055,1,rev,-90.0,12.2,5.618,5.4,5.4,16.0,0.0,0.0,34.0,-100.0,-100.0,-100.0,-8.0,0.0,-0.0,33.0,34.566,-90.0,33.754,48.0,5.0,-3.041,33.0,-65.467,-65.0,-65.0,-24.0,1.0,-0.0,43.0,-95.017,-95.017,-95.017,0.0,0.0,-0.0,33.0,-69.756,-70.244,-70.244,8.0,0.0,-0.0,34.0,-33.196,-33.196,-33.196,0.0,0.0,-0.0,34.0
63.6575,1,rev,-90.0,12.2,5.618,5.4,5.4,16.0,0.0,0.0,34.0,-100.0,-100.0,-100.0,-8.0,0.0,-0.0,33.0,34.424,-90.0,33.537,48.0,5.0,-2.572,33.0,-65.467,-65.0,-65.0,-24.0,1.0,-0.0,43.0,-95.017,-95.017,-95.017,0.0,0.0,-0.0,33.0,-69.756,-70.244,-70.244,8.0,0.0,-0.0,34.0,-33.196,-33.196,-33.196,0.0,0.0,-0.0,34.0
63.7106,1,rev,-90.0,12.2,5.618,5.4,5.4,16.0,0.0,0.0,34.0,-100.0,-100.0,-100.0,-8.0,0.0,-0.0,33.0,33.997,-90.0,33.321,48.0,5.0,-5.053,33.0,-65.467,-65.0,-65.0,-24.0,1.0,-0.0,43.0,-95.017,-95.017,-95.017,0.0,0.0,-0.0,33.0,-69.756,-70.244,-70.244,8.0,0.0,-0.0,34.0,-33.196,-33.196,-33.196,0.0,0.0,-0.0,34.0
63.7637,1,rev,-90.0,12.2,5.618,5.4,5.4,16.0,0.0,0.0,34.0,-100.0,-100.0,-100.0,-8.0,0.0,-0.0,33.0,33.855,-90.0,33.105,48.0,5.0,-4.068,33.0,-65.467,-65.0,-65.0,-24.0,1.0,-0.0,43.0,-95.017,-95.017,-95.017,0.0,0.0,-0.0,33.0,-69.756,-70.244,-70.244,8.0,0.0,-0.0,34.0,-33.196,-33.196,-33.196,0.0,0.0,-0.0,34.0
63.8168,1,rev,-90.0,12.2,5.618,5.4,5.4,16.0,0.0,0.0,34.0,-100.0,-100.0,-100.0,0.0,0.0,-0.0,33.0,33.855,-90.0,32.875,48.0,4.0,-4.068,33.0,-65.467,-65.0,-65.0,-24.0,0.0,-0.0,43.0,-95.017,-95.017,-95.017,0.0,0.0,-0.0,33.0,-69.756,-70.244,-70.244,8.0,0.0,-0.0,34.0,-33.196,-33.196,-33.196,0.0,0.0,-0.0,34.0
63.871,1,rev,-90.0,12.2,5.618,5.4,5.4,16.0,0.0,0.0,34.0,-100.0,-100.0,-100.0,0.0,0.0,-0.0,33.0,33.57,-90.0,32.65,48.0,4.0,-4.078,33.0,-65.467,-65.0,-65.0,-24.0,0.0,-0.0,43.0,-95.017,-95.017,-95.017,0.0,0.0,-0.0,33.0,-69.756,-70.244,-70.244,8.0,0.0,-0.0,34.0,-33.196,-33.196,-33.196,0.0,0.0,-0.0,34.0
63.9239,1,rev,-90.0,12.2,5.618,5.4,5.4,16.0,0.0,0.0,34.0,-100.0,-100.0,-100.0,0.0,0.0,-0.0,33.0,33.286,-90.0,32.438,48.0,4.0,-4.732,33.0,-65.467,-65.0,-65.0,-24.0,0.0,-0.0,43.0,-95.017,-95.017,-95.017,0.0,0.0,-0.0,33.0,-69.756,-70.244,-70.244,8.0,0.0,-0.0,34.0,-33.196,-33.196,-33.196,0.0,0.0,-0.0,34.0
63.9776,1,rev,-90.0,12.2,5.618,5.4,5.4,16.0,0.0,0.0,34.0,-100.0,-100.0,-100.0,0.0,0.0,-0.0,33.0,33.001,-90.0,32.222,48.0,4.0,-5.019,33.0,-65.467,-65.0,-65.0,-24.0,0.0,-0.0,43.0,-95.017,-95.017,-95.017,0.0,0.0,-0.0,33.0,-69.756,-70.244,-70.244,8.0,0.0,-0.0,34.0,-33.196,-33.196,-33.196,0.0,0.0,-0.0,34.0
64.031,1,rev,-90.0,12.2,5.618,5.4,5.4,16.0,0.0,0.0,34.0,-100.0,-100.0,-100.0,0.0,0.0,-0.0,33.0,32.859,-90.0,32.103,48.0,4.0,-4.06,33.0,-65.467,-65.0,-65.0,-24.0,0.0,-0.0,43.0,-95.017,-95.017,-95.017,0.0,0.0,-0.0,33.0,-69.756,-70.244,-70.244,8.0,0.0,-0.0,34.0,-33.196,-33.196,-33.196,0.0,0.0,-0.0,34.0
64.0835,1,rev,-90.0,12.2,5.618,5.4,5.4,16.0,0.0,0.0,34.0,-100.0,-100.0,-100.0,0.0,0.0,-0.0,33.0,32.575,-90.0,31.889,48.0,4.0,-4.668,33.0,-65.467,-65.0,-65.0,-24.0,0.0,-0.0,43.0,-95.017,-95.017,-95.017,0.0,0.0,-0.0,33.0,-69.756,-70.244,-70.244,8.0,0.0,-0.0,34.0,-33.196,-33.196,-33.196,0.0,0.0,-0.0,34.0
64.1367,1,rev,-90.0,12.2,5.618,5.4,5.4,16.0,0.0,0.0,34.0,-100.0,-100.0,-100.0,0.0,0.0,-0.0,33.0,32.432,-90.0,31.674,48.0,4.0,-3.409,33.0,-65.467,-65.0,-65.0,-24.0,0.0,-0.0,43.0,-95.017,-95.017,-95.017,0.0,0.0,-0.0,33.0,-69.756,-70.244,-70.244,8.0,0.0,-0.0,34.0,-33.196,-33.196,-33.196,0.0,0.0,-0.0,34.0
64.1893,1,rev,-90.0,12.2,5.618,5.4,5.4,16.0,0.0,0.0,34.0,-100.0,-100.0,-100.0,0.0,0.0,-0.0,33.0,32.148,-90.0,31.461,48.0,4.0,-4.373,33.0,-65.467,-65.0,-65.0,-24.0,0.0,-0.0,43.0,-95.017,-95.017,-95.017,0.0,0.0,-0.0,33.0,-69.756,-70.244,-70.244,8.0,0.0,-0.0,34.0,-33.196,-33.196,-33.196,0.0,0.0,-0.0,34.0
64.2424,1,rev,-90.0,12.2,5.618,5.4,5.4,16.0,0.0,0.0,34.0,-100.0,-100.0,-100.0,0.0,0.0,-0.0,33.0,32.006,-90.0,31.246,48.0,4.0,-3.723,33.0,-65.467,-65.0,-65.0,-24.0,0.0,-0.0,43.0,-95.017,-95.017,-95.017,0.0,0.0,-0.0,33.0,-69.756,-70.244,-70.244,8.0,0.0,-0.0,34.0,-33.196,-33.196,-33.196,0.0,0.0,-0.0,34.0
64.2946,1,rev,-90.0,12.2,5.618,5.4,5.4,16.0,0.0,0.0,34.0,-100.0,-100.0,-100.0,0.0,0.0,-0.0,33.0,31.721,-90.0,31.031,48.0,4.0,-4.525,33.0,-65.467,-65.0,-65.0,-24.0,0.0,-0.0,43.0,-95.017,-95.017,-95.017,0.0,0.0,-0.0,33.0,-69.756,-70.244,-70.244,8.0,0.0,-0.0,34.0,-33.196,-33.196,-33.196,0.0,0.0,-0.0,34.0
64.348,1,rev,-90.0,12.2,5.618,5.4,5.4,16.0,0.0,0.0,34.0,-100.0,-100.0,-100.0,0.0,0.0,-0.0,33.0,31.579,-90.0,30.813,48.0,4.0,-3.312,33.0,-65.467,-65.0,-65.0,-24.0,0.0,-0.0,43.0,-95.017,-95.017,-95.017,0.0,0.0,-0.0,33.0,-69.756,-70.244,-70.244,8.0,0.0,-0.0,34.0,-33.196,-33.196,-33.196,0.0,0.0,-0.0,34.0
64.4004,1,rev,-90.0,12.2,5.618,5.4,5.4,16.0,0.0,0.0,34.0,-100.0,-100.0,-100.0,0.0,0.0,-0.0,33.0,31.437,-90.0,30.576,36.0,3.0,-3.037,33.0,-65.467,-65.0,-65.0,-24.0,1.0,-0.0,43.0,-95.017,-95.017,-95.017,0.0,0.0,-0.0,33.0,-69.756,-70.244,-70.244,8.0,0.0,-0.0,34.0,-33.196,-33.196,-33.196,0.0,0.0,-0.0,34.0
64.4538,1,rev,-90.0,12.2,5.618,5.4,5.4,16.0,0.0,0.0,34.0,-100.0,-100.0,-100.0,0.0,0.0,-0.0,33.0,31.152,-90.0,30.36,36.0,3.0,-4.184,33.0,-65.467,-65.0,-65.0,-24.0,1.0,-0.0,43.0,-95.017,-95.017,-95.017,0.0,0.0,-0.0,33.0,-69.756,-70.244,-70.244,8.0,0.0,-0.0,34.0,-33.196,-33.196,-33.196,0.0,0.0,-0.0,34.0
64.5064,1,rev,-90.0,12.2,5.618,5.4,5.4,16.0,0.0,0.0,34.0,-100.0,-100.0,-100.0,0.0,0.0,-0.0,33.0,30.868,-90.0,30.144,36.0,3.0,-4.727,33.0,-65.467,-65.0,-65.0,-24.0,1.0,-0.0,43.0,-95.017,-95.017,-95.017,0.0,0.0,-0.0,33.0,-69.756,-70.244,-70.244,8.0,0.0,-0.0,34.0,-33.196,-33.196,-33.196,0.0,0.0,-0.0,34.0
64.5597,1,rev,-90.0,12.2,5.618,5.4,5.4,16.0,0.0,0.0,34.0,-100.0,-100.0,-100.0,0.0,0.0,-0.0,33.0,30.583,-90.0,29.926,36.0,3.0,-4.974,33.0,-65.467,-65.0,-65.0,-24.0,1.0,-0.0,43.0,-95.017,-95.017,-95.017,0.0,0.0,-0.0,33.0,-69.756,-70.244,-70.244,8.0,0.0,-0.0,34.0,-33.196,-33.196,-33.196,0.0,0.0,-0.0,34.0
64.6123,1,rev,-90.0,12.2,5.618,5.4,5.4,16.0,0.0,0.0,34.0,-100.0,-100.0,-100.0,0.0,0.0,-0.0,33.0,30.441,-90.0,29.71,36.0,3.0,-4.031,33.0,-65.467,-65.0,-65.0,-24.0,1.0,-0.0,43.0,-95.017,-95.017,-95.017,0.0,0.0,-0.0,33.0,-69.756,-70.244,-70.244,8.0,0.0,-0.0,34.0,-33.196,-33.196,-33.196,0.0,0.0,-0.0,34.0
64.6644,1,rev,-90.0,12.2,5.618,5.4,5.4,16.0,0.0,0.0,34.0,-100.0,-100.0,-100.0,0.0,0.0,-0.0,33.0,30.299,-90.0,29.497,36.0,3.0,-4.428,33.0,-65.467,-65.0,-65.0,-24.0,1.0,-0.0,43.0,-95.017,-95.017,-95.017,0.0,0.0,-0.0,33.0,-69.756,-70.244,-70.244,8.0,0.0,-0.0,34.0,-33.196,-33.196,-33.196,0.0,0.0,-0.0,34.0
64.7178,1,rev,-90.0,12.2,5.618,5.4,5.4,16.0,0.0,0.0,34.0,-100.0,-100.0,-100.0,0.0,0.0,-0.0,33.0,30.156,-90.0,29.272,36.0,3.0,-3.76,33.0,-65.467,-65.0,-65.0,-24.0,1.0,-0.0,43.0,-95.017,-95.017,-95.017,0.0,0.0,-0.0,33.0,-69.756,-70.244,-70.244,8.0,0.0,-0.0,34.0,-33.196,-33.196,-33.196,0.0,0.0,-0.0,34.0
64.7704,1,rev,-90.0,12.2,5.618,5.4,5.4,16.0,0.0,0.0,34.0,-100.0,-100.0,-100.0,0.0,0.0,-0.0,33.0,29.872,-90.0,29.154,36.0,3.0,-4.438,33.0,-65.467,-65.0,-65.0,-24.0,1.0,-0.0,43.0,-95.017,-95.017,-95.017,0.0,0.0,-0.0,33.0,-69.756,-70.244,-70.244,8.0,0.0,-0.0,34.0,-33.196,-33.196,-33.196,0.0,0.0,-0.0,34.0
64.8229,1,rev,-90.0,12.2,5.618,5.4,5.4,16.0,0.0,0.0,34.0,-100.0,-100.0,-100.0,0.0,0.0,-0.0,33.0,29.587,-90.0,28.932,36.0,3.0,-4.813,33.0,-65.467,-65.0,-65.0,-24.0,1.0,-0.0,43.0,-95.017,-95.017,-95.017,0.0,0.0,-0.0,33.0,-69.756,-70.244,-70.244,8.0,0.0,-0.0,34.0,-33.196,-33.196,-33.196,0.0,0.0,-0.0,34.0
64.8763,1,rev,-90.0,12.2,5.618,5.4,5.4,16.0,0.0,0.0,34.0,-100.0,-100.0,-100.0,0.0,0.0,-0.0,33.0,29.445,-90.0,28.717,36.0,3.0,-3.942,33.0,-65.467,-65.0,-65.0,-24.0,1.0,-0.0,43.0,-95.017,-95.017,-95.017,0.0,0.0,-0.0,33.0,-69.756,-70.244,-70.244,8.0,0.0,-0.0,34.0,-33.196,-33.196,-33.196,0.0,0.0,-0.0,34.0
64.9294,1,rev,-90.0,12.2,5.618,5.4,5.4,16.0,0.0,0.0,34.0,-100.0,-100.0,-100.0,0.0,0.0,-0.0,33.0,29.161,-90.0,28.502,36.0,3.0,-4.66,33.0,-65.467,-65.0,-65.0,-24.0,1.0,-0.0,43.0,-95.017,-95.017,-95.017,0.0,0.0,-0.0,33.0,-69.756,-70.244,-70.244,8.0,0.0,-0.0,34.0,-33.196,-33.196,-33.196,0.0,0.0,-0.0,34.0
64.9832,1,rev,-90.0,12.2,5.618,5.4,5.4,16.0,0.0,0.0,34.0,-100.0,-100.0,-100.0,0.0,0.0,-0.0,33.0,29.018,-90.0,28.264,40.0,3.0,-3.974,33.0,-65.467,-65.0,-65.0,-24.0,1.0,-0.0,43.0,-95.017,-95.017,-95.017,0.0,0.0,-0.0,33.0,-69.756,-70.244,-70.244,8.0,0.0,-0.0,34.0,-33.196,-33.196,-33.196,0.0,0.0,-0.0,34.0
65.0366,1,rev,-90.0,12.2,5.618,5.4,5.4,16.0,0.0,0.0,34.0,-100.0,-100.0,-100.0,0.0,0.0,-0.0,33.0,28.734,-90.0,28.048,40.0,3.0,-5.162,33.0,-65.467,-65.0,-65.0,-24.0,1.0,-0.0,43.0,-95.017,-95.017,-95.017,0.0,0.0,-0.0,33.0,-69.756,-70.244,-70.244,8.0,0.0,-0.0,34.0,-33.196,-33.196,-33.196,0.0,0.0,-0.0,34.0
65.0892,1,rev,-90.0,12.2,5.618,5.4,5.4,16.0,0.0,0.0,34.0,-100.0,-100.0,-100.0,0.0,0.0,-0.0,33.0,28.592,-90.0,27.832,40.0,3.0,-4.12,33.0,-65.467,-65.0,-65.0,-24.0,1.0,-0.0,43.0,-95.017,-95.017,-95.017,0.0,0.0,-0.0,33.0,-69.756,-70.244,-70.244,8.0,0.0,-0.0,34.0,-33.196,-33.196,-33.196,0.0,0.0,-0.0,34.0
65.1429,1,rev,-90.0,12.2,5.618,5.4,5.4,16.0,0.0,0.0,34.0,-100.0,-100.0,-100.0,0.0,0.0,-0.0,33.0,28.307,-90.0,27.616,40.0,3.0,-4.724,33.0,-65.467,-65.0,-65.0,-24.0,1.0,-0.0,43.0,-95.017,-95.017,-95.017,0.0,0.0,-0.0,33.0,-69.756,-70.244,-70.244,8.0,0.0,-0.0,34.0,-33.196,-33.196,-33.196,0.0,0.0,-0.0,34.0
65.1953,1,rev,-90.0,12.2,5.618,5.4,5.4,16.0,0.0,0.0,34.0,-100.0,-100.0,-100.0,0.0,0.0,-0.0,33.0,28.165,-90.0,27.403,40.0,3.0,-3.437,33.0,-65.467,-65.0,-65.0,-24.0,1.0,-0.0,43.0,-95.017,-95.017,-95.017,0.0,0.0,-0.0,33.0,-69.756,-70.244,-70.244,8.0,0.0,-0.0,34.0,-33.196,-33.196,-33.196,0.0,0.0,-0.0,34.0
65.2472,1,rev,-90.0,12.2,5.618,5.4,5.4,16.0,0.0,0.0,34.0,-100.0,-100.0,-100.0,0.0,0.0,-0.0,33.0,27.881,-90.0,27.189,40.0,3.0,-4.38,33.0,-65.467,-65.0,-65.0,-24.0,1.0,-0.0,43.0,-95.017,-95.017,-95.017,0.0,0.0,-0.0,33.0,-69.756,-70.244,-70.244,8.0,0.0,-0.0,34.0,-33.196,-33.196,-33.196,0.0,0.0,-0.0,34.0
65.2994,1,rev,-90.0,12.2,5.618,5.4,5.4,16.0,0.0,0.0,34.0,-100.0,-100.0,-100.0,0.0,0.0,-0.0,33.0,27.738,-90.0,26.974,40.0,3.0,-3.261,33.0,-65.467,-65.0,-65.0,-24.0,1.0,-0.0,43.0,-95.017,-95.017,-95.017,0.0,0.0,-0.0,33.0,-69.756,-70.244,-70.244,8.0,0.0,-0.0,34.0,-33.196,-33.196,-33.196,0.0,0.0,-0.0,34.0
65.3514,1,rev,-90.0,12.2,5.618,5.4,5.4,16.0,0.0,0.0,34.0,-100.0,-100.0,-100.0,0.0,0.0,-0.0,33.0,27.454,-90.0,26.761,40.0,3.0,-4.313,33.0,-65.467,-65.0,-65.0,-24.0,1.0,-0.0,43.0,-95.017,-95.017,-95.017,0.0,0.0,-0.0,33.0,-69.756,-70.244,-70.244,8.0,0.0,-0.0,34.0,-33.196,-33.196,-33.196,0.0,0.0,-0.0,34.0
65.4049,1,rev,-90.0,12.2,5.618,5.4,5.4,16.0,0.0,0.0,34.0,-100.0,-100.0,-100.0,0.0,0.0,-0.0,33.0,27.312,-90.0,26.546,40.0,3.0,-3.217,33.0,-65.467,-65.0,-65.0,-24.0,1.0,-0.0,43.0,-95.017,-95.017,-95.017,0.0,0.0,-0.0,33.0,-69.756,-70.244,-70.244,8.0,0.0,-0.0,34.0,-33.196,-33.196,-33.196,0.0,0.0,-0.0,34.0
65.4577,1,rev,-90.0,12.2,5.618,5.4,5.4,16.0,0.0,0.0,34.0,-100.0,-100.0,-100.0,0.0,0.0,-0.0,33.0,27.027,-90.0,26.331,40.0,3.0,-4.291,33.0,-65.467,-65.0,-65.0,-24.0,1.0,-0.0,43.0,-95.017,-95.017,-95.017,0.0,0.0,-0.0,33.0,-69.756,-70.244,-70.244,8.0,0.0,-0.0,34.0,-33.196,-33.196,-33.196,0.0,0.0,-0.0,34.0
65.5112,1,rev,-90.0,12.2,5.618,5.4,5.4,16.0,0.0,0.0,34.0,-100.0,-100.0,-100.0,0.0,0.0,-0.0,33.0,26.885,-90.0,26.224,40.0,3.0,-4.599,33.0,-65.467,-65.0,-65.0,-24.0,1.0,-0.0,43.0,-95.017,-95.017,-95.017,0.0,0.0,-0.0,33.0,-69.756,-70.244,-70.244,8.0,0.0,-0.0,34.0,-33.196,-33.196,-33.196,0.0,0.0,-0.0,34.0
65.5646,1,rev,-90.0,12.2,5.618,5.4,5.4,16.0,0.0,0.0,34.0,-100.0,-100.0,-100.0,0.0,0.0,-0.0,33.0,26.743,-90.0,25.876,40.0,3.0,-3.934,33.0,-65.467,-65.0,-65.0,-24.0,1.0,-0.0,43.0,-95.017,-95.017,-95.017,0.0,0.0,-0.0,33.0,-69.756,-70.244,-70.244,8.0,0.0,-0.0,34.0,-33.196,-33.196,-33.196,0.0,0.0,-0.0,34.0
65.6186,1,rev,-90.0,12.2,5.618,5.4,5.4,16.0,0.0,0.0,34.0,-100.0,-100.0,-100.0,0.0,0.0,-0.0,33.0,26.458,-90.0,25.765,40.0,3.0,-5.069,33.0,-65.467,-65.0,-65.0,-24.0,1.0,-0.0,43.0,-95.017,-95.017,-95.017,0.0,0.0,-0.0,33.0,-69.756,-70.244,-70.244,8.0,0.0,-0.0,34.0,-33.196,-33.196,-33.196,0.0,0.0,-0.0,34.0
65.6718,1,rev,-90.0,12.2,5.618,5.4,5.4,16.0,0.0,0.0,34.0,-100.0,-100.0,-100.0,0.0,0.0,-0.0,33.0,26.316,-90.0,25.538,40.0,3.0,-4.064,33.0,-65.467,-65.0,-65.0,-24.0,1.0,-0.0,43.0,-95.017,-95.017,-95.017,0.0,0.0,-0.0,33.0,-69.756,-70.244,-70.244,8.0,0.0,-0.0,34.0,-33.196,-33.196,-33.196,0.0,0.0,-0.0,34.0
65.7252,1,rev,-90.0,12.2,5.618,5.4,5.4,16.0,0.0,0.0,34.0,-100.0,-100.0,-100.0,0.0,0.0,-0.0,33.0,25.889,-90.0,25.322,40.0,3.0,-6.299,33.0,-65.467,-65.0,-65.0,-24.0,1.0,-0.0,43.0,-95.017,-95.017,-95.017,0.0,0.0,-0.0,33.0,-69.756,-70.244,-70.244,8.0,0.0,-0.0,34.0,-33.196,-33.196,-33.196,0.0,0.0,-0.0,34.0
65.7773,1,rev,-90.0,12.2,5.618,5.4,5.4,16.0,0.0,0.0,34.0,-100.0,-100.0,-100.0,0.0,0.0,-0.0,33.0,25.889,-90.0,25.108,40.0,3.0,-3.086,33.0,-65.467,-65.0,-65.0,-24.0,1.0,-0.0,43.0,-95.017,-95.017,-95.017,0.0,0.0,-0.0,33.0,-69.756,-70.244,-70.244,8.0,0.0,-0.0,34.0,-33.196,-33.196,-33.196,0.0,0.0,-0.0,34.0
65.8293,1,rev,-90.0,12.2,5.618,5.4,5.4,16.0,0.0,0.0,34.0,-100.0,-100.0,-100.0,0.0,0.0,-0.0,33.0,25.605,-90.0,24.893,40.0,3.0,-4.188,33.0,-65.467,-65.0,-65.0,-24.0,1.0,-0.0,43.0,-95.017,-95.017,-95.017,0.0,0.0,-0.0,33.0,-69.756,-70.244,-70.244,8.0,0.0,-0.0,34.0,-33.196,-33.196,-33.196,0.0,0.0,-0.0,34.0
65.8836,1,rev,-90.0,12.2,5.618,5.4,5.4,16.0,0.0,0.0,34.0,-100.0,-100.0,-100.0,0.0,0.0,-0.0,33.0,25.462,-90.0,24.679,40.0,3.0,-3.18,33.0,-65.467,-65.0,-65.0,-24.0,1.0,-0.0,43.0,-95.017,-95.017,-95.017,0.0,0.0,-0.0,33.0,-69.756,-70.244,-70.244,8.0,0.0,-0.0,34.0,-33.196,-33.196,-33.196,0.0,0.0,-0.0,34.0
65.937,1,rev,-90.0,12.2,5.618,5.4,5.4,16.0,0.0,0.0,34.0,-100.0,-100.0,-100.0,0.0,0.0,-0.0,33.0,25.178,-90.0,24.463,40.0,3.0,-4.283,33.0,-65.467,-65.0,-65.0,-24.0,1.0,-0.0,43.0,-95.017,-95.017,-95.017,0.0,0.0,-0.0,33.0,-69.756,-70.244,-70.244,8.0,0.0,-0.0,34.0,-33.196,-33.196,-33.196,0.0,0.0,-0.0,34.0
65.9896,1,rev,-90.0,12.2,5.618,5.4,5.4,16.0,0.0,0.0,34.0,-100.0,-100.0,-100.0,0.0,0.0,-0.0,33.0,24.893,-90.0,24.249,40.0,3.0,-4.791,33.0,-65.467,-65.0,-65.0,-24.0,1.0,-0.0,43.0,-95.017,-95.017,-95.017,0.0,0.0,-0.0,33.0,-69.756,-70.244,-70.244,8.0,0.0,-0.0,34.0,-33.196,-33.196,-33.196,0.0,0.0,-0.0,34.0
66.0418,1,rev,-90.0,12.2,5.618,5.4,5.4,16.0,0.0,0.0,34.0,-100.0,-100.0,-100.0,0.0,0.0,-0.0,33.0,24.751,-90.0,24.03,40.0,3.0,-3.919,33.0,-65.467,-65.0,-65.0,-24.0,1.0,-0.0,43.0,-95.017,-95.017,-95.017,0.0,0.0,-0.0,33.0,-69.756,-70.244,-70.244,8.0,0.0,-0.0,34.0,-33.196,-33.196,-33.196,0.0,0.0,-0.0,34.0
66.0943,1,rev,-90.0,12.2,5.618,5.4,5.4,16.0,0.0,0.0,34.0,-100.0,-100.0,-100.0,0.0,0.0,-0.0,33.0,24.609,-90.0,23.923,40.0,3.0,-4.345,33.0,-65.467,-65.0,-65.0,-24.0,0.0,-0.0,43.0,-95.017,-95.017,-95.017,0.0,0.0,-0.0,33.0,-69.756,-70.244,-70.244,8.0,0.0,-0.0,34.0,-33.196,-33.196,-33.196,0.0,0.0,-0.0,34.0
66.1472,1,rev,-90.0,12.2,5.618,5.4,5.4,16.0,0.0,0.0,34.0,-100.0,-100.0,-100.0,0.0,0.0,-0.0,33.0,24.467,-90.0,23.59,40.0,3.0,-2.66,33.0,-65.467,-65.0,-65.0,-24.0,0.0,-0.0,43.0,-95.017,-95.017,-95.017,0.0,0.0,-0.0,33.0,-69.756,-70.244,-70.244,8.0,0.0,-0.0,34.0,-33.196,-33.196,-33.196,0.0,0.0,-0.0,34.0
66.2007,1,rev,-90.0,12.2,5.618,5.4,5.4,16.0,0.0,0.0,34.0,-100.0,-100.0,-100.0,0.0,0.0,-0.0,33.0,24.182,-90.0,23.372,40.0,3.0,-4.007,33.0,-65.467,-65.0,-65.0,-24.0,0.0,-0.0,43.0,-95.017,-95.017,-95.017,0.0,0.0,-0.0,33.0,-69.756,-70.244,-70.244,8.0,0.0,-0.0,34.0,-33.196,-33.196,-33.196,0.0,0.0,-0.0,34.0
66.2538,1,rev,-90.0,12.2,5.618,5.4,5.4,16.0,0.0,0.0,34.0,-100.0,-100.0,-100.0,0.0,0.0,-0.0,33.0,23.898,-90.0,23.16,40.0,3.0,-4.689,33.0,-65.467,-65.0,-65.0,-24.0,0.0,-0.0,43.0,-95.017,-95.017,-95.017,0.0,0.0,-0.0,33.0,-69.756,-70.244,-70.244,8.0,0.0,-0.0,34.0,-33.196,-33.196,-33.196,0.0,0.0,-0.0,34.0
66.3066,1,rev,-90.0,12.2,5.618,5.4,5.4,16.0,0.0,0.0,34.0,-100.0,-100.0,-100.0,0.0,0.0,-0.0,33.0,23.755,-90.0,22.947,40.0,3.0,-3.416,33.0,-65.467,-65.0,-65.0,-24.0,0.0,-0.0,43.0,-95.017,-95.017,-95.017,0.0,0.0,-0.0,33.0,-69.756,-70.244,-70.244,8.0,0.0,-0.0,34.0,-33.196,-33.196,-33.196,0.0,0.0,-0.0,34.0
66.3599,1,rev,-90.0,12.2,5.618,5.4,5.4,16.0,0.0,0.0,34.0,-100.0,-100.0,-100.0,0.0,0.0,-0.0,33.0,23.471,-90.0,22.732,40.0,3.0,-4.385,33.0,-65.467,-65.0,-65.0,-24.0,0.0,-0.0,43.0,-95.017,-95.017,-95.017,0.0,0.0,-0.0,33.0,-69.756,-70.244,-70.244,8.0,0.0,-0.0,34.0,-33.196,-33.196,-33.196,0.0,0.0,-0.0,34.0
66.4123,1,rev,-90.0,12.2,5.618,5.4,5.4,16.0,0.0,0.0,34.0,-100.0,-100.0,-100.0,0.0,0.0,-0.0,33.0,23.186,-90.0,22.517,40.0,3.0,-4.845,33.0,-65.467,-65.0,-65.0,-24.0,0.0,-0.0,43.0,-95.017,-95.017,-95.017,0.0,0.0,-0.0,33.0,-69.756,-70.244,-70.244,8.0,0.0,-0.0,34.0,-33.196,-33.196,-33.196,0.0,0.0,-0.0,34.0
66.4656,1,rev,-90.0,12.2,5.618,5.4,5.4,16.0,0.0,0.0,34.0,-100.0,-100.0,-100.0,0.0,0.0,-0.0,33.0,23.044,-90.0,22.302,40.0,3.0,-3.947,33.0,-65.467,-65.0,-65.0,-24.0,0.0,-0.0,43.0,-95.017,-95.017,-95.017,0.0,0.0,-0.0,33.0,-69.756,-70.244,-70.244,8.0,0.0,-0.0,34.0,-33.196,-33.196,-33.196,0.0,0.0,-0.0,34.0
66.5189,1,rev,-90.0,12.2,5.618,5.4,5.4,16.0,0.0,0.0,34.0,-100.0,-100.0,-100.0,0.0,0.0,-0.0,33.0,22.76,-90.0,22.087,40.0,3.0,-4.656,33.0,-65.467,-65.0,-65.0,-24.0,0.0,-0.0,43.0,-95.017,-95.017,-95.017,0.0,0.0,-0.0,33.0,-69.756,-70.244,-70.244,8.0,0.0,-0.0,34.0,-33.196,-33.196,-33.196,0.0,0.0,-0.0,34.0
66.5713,1,rev,-90.0,12.2,5.618,5.4,5.4,16.0,0.0,0.0,34.0,-100.0,-100.0,-100.0,0.0,0.0,-0.0,33.0,22.76,-90.0,21.873,40.0,3.0,-3.259,33.0,-65.467,-65.0,-65.0,-24.0,0.0,-0.0,43.0,-95.017,-95.017,-95.017,0.0,0.0,-0.0,33.0,-69.756,-70.244,-70.244,8.0,0.0,-0.0,34.0,-33.196,-33.196,-33.196,0.0,0.0,-0.0,34.0
66.6252,1,rev,-90.0,12.2,5.618,5.4,5.4,16.0,0.0,0.0,34.0,-100.0,-100.0,-100.0,0.0,0.0,-0.0,33.0,22.475,-90.0,21.655,40.0,3.0,-4.274,33.0,-65.467,-65.0,-65.0,-24.0,0.0,-0.0,43.0,-95.017,-95.017,-95.017,0.0,0.0,-0.0,33.0,-69.756,-70.244,-70.244,8.0,0.0,-0.0,34.0,-33.196,-33.196,-33.196,0.0,0.0,-0.0,34.0
66.6784,1,rev,-90.0,12.2,5.618,5.4,5.4,16.0,0.0,0.0,34.0,-100.0,-100.0,-100.0,0.0,0.0,-0.0,33.0,22.333,-90.0,21.655,40.0,2.0,-4.398,33.0,-65.467,-65.0,-65.0,-24.0,0.0,-0.0,43.0,-95.017,-95.017,-95.017,0.0,0.0,-0.0,33.0,-69.756,-70.244,-70.244,8.0,0.0,-0.0,34.0,-33.196,-33.196,-33.196,0.0,0.0,-0.0,34.0
66.7318,1,rev,-90.0,12.2,5.618,5.4,5.4,16.0,0.0,0.0,34.0,-100.0,-100.0,-100.0,0.0,0.0,-0.0,33.0,22.191,-90.0,21.301,40.0,2.0,-3.742,33.0,-65.467,-65.0,-65.0,-24.0,0.0,-0.0,43.0,-95.017,-95.017,-95.017,0.0,0.0,-0.0,33.0,-69.756,-70.244,-70.244,8.0,0.0,-0.0,34.0,-33.196,-33.196,-33.196,0.0,0.0,-0.0,34.0
66.7844,1,rev,-90.0,12.2,5.618,5.4,5.4,16.0,0.0,0.0,34.0,-100.0,-100.0,-100.0,0.0,0.0,-0.0,33.0,21.764,-90.0,21.086,40.0,2.0,-5.653,33.0,-65.467,-65.0,-65.0,-24.0,0.0,-0.0,43.0,-95.017,-95.017,-95.017,0.0,0.0,-0.0,33.0,-69.756,-70.244,-70.244,8.0,0.0,-0.0,34.0,-33.196,-33.196,-33.196,0.0,0.0,-0.0,34.0
66.8383,1,rev,-90.0,12.2,5.618,5.4,5.4,16.0,0.0,0.0,34.0,-100.0,-100.0,-100.0,0.0,0.0,-0.0,33.0,21.622,-90.0,20.872,40.0,2.0,-3.883,33.0,-65.467,-65.0,-65.0,-24.0,0.0,-0.0,43.0,-95.017,-95.017,-95.017,0.0,0.0,-0.0,33.0,-69.756,-70.244,-70.244,8.0,0.0,-0.0,34.0,-33.196,-33.196,-33.196,0.0,0.0,-0.0,34.0
66.8928,1,rev,-90.0,12.2,5.618,5.4,5.4,16.0,0.0,0.0,34.0,-100.0,-100.0,-100.0,0.0,0.0,-0.0,33.0,21.337,-90.0,20.655,40.0,2.0,-4.609,33.0,-65.467,-65.0,-65.0,-24.0,0.0,-0.0,43.0,-95.017,-95.017,-95.017,0.0,0.0,-0.0,33.0,-69.756,-70.244,-70.244,8.0,0.0,-0.0,34.0,-33.196,-33.196,-33.196,0.0,0.0,-0.0,34.0
66.9461,1,rev,-90.0,12.2,5.618,5.4,5.4,16.0,0.0,0.0,34.0,-100.0,-100.0,-100.0,0.0,0.0,-0.0,33.0,21.195,-90.0,20.441,40.0,2.0,-3.863,33.0,-65.467,-65.0,-65.0,-24.0,0.0,-0.0,43.0,-95.017,-95.017,-95.017,0.0,0.0,-0.0,33.0,-69.756,-70.244,-70.244,8.0,0.0,-0.0,34.0,-33.196,-33.196,-33.196,0.0,0.0,-0.0,34.0
66.9991,1,rev,-90.0,12.2,5.618,5.4,5.4,16.0,0.0,0.0,34.0,-100.0,-100.0,-100.0,0.0,0.0,-0.0,33.0,20.91,-90.0,20.228,40.0,2.0,-4.619,33.0,-65.467,-65.0,-65.0,-24.0,0.0,-0.0,43.0,-95.017,-95.017,-95.017,0.0,0.0,-0.0,33.0,-69.756,-70.244,-70.244,8.0,0.0,-0.0,34.0,-33.196,-33.196,-33.196,0.0,0.0,-0.0,34.0
67.0519,1,rev,-90.0,12.2,5.618,5.4,5.4,16.0,0.0,0.0,34.0,-100.0,-100.0,-100.0,0.0,0.0,-0.0,33.0,20.768,-90.0,20.015,40.0,2.0,-3.867,33.0,-65.467,-65.0,-65.0,-24.0,0.0,-0.0,43.0,-95.017,-95.017,-95.017,0.0,0.0,-0.0,33.0,-69.756,-70.244,-70.244,8.0,0.0,-0.0,34.0,-33.196,-33.196,-33.196,0.0,0.0,-0.0,34.0
67.1044,1,rev,-90.0,12.2,5.618,5.4,5.4,16.0,0.0,0.0,34.0,-100.0,-100.0,-100.0,0.0,0.0,-0.0,33.0,20.484,-90.0,19.802,40.0,2.0,-4.598,33.0,-65.467,-65.0,-65.0,-24.0,0.0,-0.0,43.0,-95.017,-95.017,-95.017,0.0,0.0,-0.0,33.0,-69.756,-70.244,-70.244,8.0,0.0,-0.0,34.0,-33.196,-33.196,-33.196,0.0,0.0,-0.0,34.0
67.1567,1,rev,-90.0,12.2,5.618,5.4,5.4,16.0,0.0,0.0,34.0,-100.0,-100.0,-100.0,0.0,0.0,-0.0,33.0,20.341,-90.0,19.587,40.0,2.0,-3.843,33.0,-65.467,-65.0,-65.0,-24.0,0.0,-0.0,43.0,-95.017,-95.017,-95.017,0.0,0.0,-0.0,33.0,-69.756,-70.244,-70.244,8.0,0.0,-0.0,34.0,-33.196,-33.196,-33.196,0.0,0.0,-0.0,34.0
67.2092,1,rev,-90.0,12.2,5.618,5.4,5.4,16.0,0.0,0.0,34.0,-100.0,-100.0,-100.0,0.0,0.0,-0.0,33.0,20.057,-90.0,19.373,40.0,2.0,-4.591,33.0,-65.467,-65.0,-65.0,-24.0,0.0,-0.0,43.0,-95.017,-95.017,-95.017,0.0,0.0,-0.0,33.0,-69.756,-70.244,-70.244,8.0,0.0,-0.0,34.0,-33.196,-33.196,-33.196,0.0,0.0,-0.0,34.0
67.2626,1,rev,-90.0,12.2,5.618,5.4,5.4,16.0,0.0,0.0,34.0,-100.0,-100.0,-100.0,-12.0,0.0,-0.0,33.0,19.915,-90.0,19.141,40.0,3.0,-3.95,33.0,-65.467,-65.0,-65.0,-24.0,1.0,-0.0,43.0,-95.017,-95.017,-95.017,0.0,0.0,-0.0,33.0,-69.756,-70.244,-70.244,8.0,0.0,-0.0,34.0,-33.196,-33.196,-33.196,0.0,0.0,-0.0,34.0
67.3156,1,rev,-90.0,12.2,5.618,5.4,5.4,16.0,0.0,0.0,34.0,-100.0,-100.0,-100.0,-12.0,0.0,-0.0,33.0,19.772,-90.0,18.928,40.0,3.0,-3.531,33.0,-65.467,-65.0,-65.0,-24.0,1.0,-0.0,43.0,-95.017,-95.017,-95.017,0.0,0.0,-0.0,33.0,-69.756,-70.244,-70.244,8.0,0.0,-0.0,34.0,-33.196,-33.196,-33.196,0.0,0.0,-0.0,34.0
67.3685,1,rev,-90.0,12.2,5.618,5.4,5.4,16.0,0.0,0.0,34.0,-100.0,-100.0,-100.0,-12.0,0.0,-0.0,33.0,19.488,-90.0,18.714,40.0,3.0,-4.45,33.0,-65.467,-65.0,-65.0,-24.0,1.0,-0.0,43.0,-95.017,-95.017,-95.017,0.0,0.0,-0.0,33.0,-69.756,-70.244,-70.244,8.0,0.0,-0.0,34.0,-33.196,-33.196,-33.196,0.0,0.0,-0.0,34.0
67.4206,1,rev,-90.0,12.2,5.618,5.4,5.4,16.0,0.0,0.0,34.0,-100.0,-100.0,-100.0,-12.0,0.0,-0.0,33.0,19.203,-90.0,18.5,40.0,3.0,-4.883,33.0,-65.467,-65.0,-65.0,-24.0,1.0,-0.0,43.0,-95.017,-95.017,-95.017,0.0,0.0,-0.0,33.0,-69.756,-70.244,-70.244,8.0,0.0,-0.0,34.0,-33.196,-33.196,-33.196,0.0,0.0,-0.0,34.0
67.4741,1,rev,-90.0,12.2,5.618,5.4,5.4,16.0,0.0,0.0,34.0,-100.0,-100.0,-100.0,-12.0,0.0,-0.0,33.0,19.061,-90.0,18.284,40.0,3.0,-3.509,33.0,-65.467,-65.0,-65.0,-24.0,1.0,-0.0,43.0,-95.017,-95.017,-95.017,0.0,0.0,-0.0,33.0,-69.756,-70.244,-70.244,8.0,0.0,-0.0,34.0,-33.196,-33.196,-33.196,0.0,0.0,-0.0,34.0
67.5274,1,rev,-90.0,12.2,5.618,5.4,5.4,16.0,0.0,0.0,34.0,-100.0,-100.0,-100.0,-12.0,0.0,-0.0,33.0,18.777,-90.0,18.069,40.0,3.0,-4.382,33.0,-65.467,-65.0,-65.0,-24.0,1.0,-0.0,43.0,-95.017,-95.017,-95.017,0.0,0.0,-0.0,33.0,-69.756,-70.244,-70.244,8.0,0.0,-0.0,34.0,-33.196,-33.196,-33.196,0.0,0.0,-0.0,34.0
67.5809,1,rev,-90.0,12.2,5.618,5.4,5.4,16.0,0.0,0.0,34.0,-100.0,-100.0,-100.0,-12.0,0.0,-0.0,33.0,18.634,-90.0,17.852,40.0,3.0,-3.735,33.0,-65.467,-65.0,-65.0,-24.0,1.0,-0.0,43.0,-95.017,-95.017,-95.017,0.0,0.0,-0.0,33.0,-69.756,-70.244,-70.244,8.0,0.0,-0.0,34.0,-33.196,-33.196,-33.196,0.0,0.0,-0.0,34.0
67.6333,1,rev,-90.0,12.2,5.618,5.4,5.4,16.0,0.0,0.0,34.0,-100.0,-100.0,-100.0,-12.0,0.0,-0.0,33.0,18.35,-90.0,17.634,40.0,3.0,-4.5,33.0,-65.467,-65.0,-65.0,-24.0,1.0,-0.0,43.0,-95.017,-95.017,-95.017,0.0,0.0,-0.0,33.0,-69.756,-70.244,-70.244,8.0,0.0,-0.0,34.0,-33.196,-33.196,-33.196,0.0,0.0,-0.0,34.0
67.6867,1,rev,-90.0,12.2,5.618,5.4,5.4,16.0,0.0,0.0,34.0,-100.0,-100.0,-100.0,-12.0,0.0,-0.0,33.0,18.208,-90.0,17.42,40.0,3.0,-3.321,33.0,-65.467,-65.0,-65.0,-24.0,1.0,-0.0,43.0,-95.017,-95.017,-95.017,0.0,0.0,-0.0,33.0,-69.756,-70.244,-70.244,8.0,0.0,-0.0,34.0,-33.196,-33.196,-33.196,0.0,0.0,-0.0,34.0
67.74,1,rev,-90.0,12.2,5.618,5.4,5.4,16.0,0.0,0.0,34.0,-100.0,-100.0,-100.0,-12.0,0.0,-0.0,33.0,17.923,-90.0,17.205,40.0,3.0,-4.304,33.0,-65.467,-65.0,-65.0,-24.0,1.0,-0.0,43.0,-95.017,-95.017,-95.017,0.0,0.0,-0.0,33.0,-69.756,-70.244,-70.244,8.0,0.0,-0.0,34.0,-33.196,-33.196,-33.196,0.0,0.0,-0.0,34.0
67.7925,1,rev,-90.0,12.2,5.618,5.4,5.4,16.0,0.0,0.0,34.0,-100.0,-100.0,-100.0,-12.0,0.0,-0.0,33.0,17.781,-90.0,17.097,40.0,3.0,-4.601,33.0,-65.467,-65.0,-65.0,-24.0,1.0,-0.0,43.0,-95.017,-95.017,-95.017,0.0,0.0,-0.0,33.0,-69.756,-70.244,-70.244,8.0,0.0,-0.0,34.0,-33.196,-33.196,-33.196,0.0,0.0,-0.0,34.0
67.8458,1,rev,-90.0,12.2,5.618,5.4,5.4,16.0,0.0,0.0,34.0,-100.0,-100.0,-100.0,0.0,0.0,-0.0,33.0,17.639,-90.0,16.854,40.0,3.0,-3.922,33.0,-65.467,-65.0,-65.0,-24.0,0.0,-0.0,43.0,-95.017,-95.017,-95.017,0.0,0.0,-0.0,33.0,-69.756,-70.244,-70.244,8.0,0.0,-0.0,34.0,-33.196,-33.196,-33.196,0.0,0.0,-0.0,34.0
67.8997,1,rev,-90.0,12.2,5.618,5.4,5.4,16.0,0.0,0.0,34.0,-100.0,-100.0,-100.0,0.0,0.0,-0.0,33.0,17.496,-90.0,16.628,40.0,3.0,-3.533,33.0,-65.467,-65.0,-65.0,-24.0,0.0,-0.0,43.0,-95.017,-95.017,-95.017,0.0,0.0,-0.0,33.0,-69.756,-70.244,-70.244,8.0,0.0,-0.0,34.0,-33.196,-33.196,-33.196,0.0,0.0,-0.0,34.0
67.953,1,rev,-90.0,12.2,5.618,5.4,5.4,16.0,0.0,0.0,34.0,-100.0,-100.0,-100.0,0.0,0.0,-0.0,33.0,17.212,-90.0,16.415,40.0,3.0,-3.972,33.0,-65.467,-65.0,-65.0,-24.0,0.0,-0.0,43.0,-95.017,-95.017,-95.017,0.0,0.0,-0.0,33.0,-69.756,-70.244,-70.244,8.0,0.0,-0.0,34.0,-33.196,-33.196,-33.196,0.0,0.0,-0.0,34.0
68.0065,1,rev,-90.0,12.2,5.618,5.4,5.4,16.0,0.0,0.0,34.0,-100.0,-100.0,-100.0,0.0,0.0,-0.0,33.0,16.927,-90.0,16.201,40.0,3.0,-4.681,33.0,-65.467,-65.0,-65.0,-24.0,0.0,-0.0,43.0,-95.017,-95.017,-95.017,0.0,0.0,-0.0,33.0,-69.756,-70.244,-70.244,8.0,0.0,-0.0,34.0,-33.196,-33.196,-33.196,0.0,0.0,-0.0,34.0
68.0595,1,rev,-90.0,12.2,5.618,5.4,5.4,16.0,0.0,0.0,34.0,-100.0,-100.0,-100.0,0.0,0.0,-0.0,33.0,16.643,-90.0,15.989,40.0,3.0,-5.028,33.0,-65.467,-65.0,-65.0,-24.0,0.0,-0.0,43.0,-95.017,-95.017,-95.017,0.0,0.0,-0.0,33.0,-69.756,-70.244,-70.244,8.0,0.0,-0.0,34.0,-33.196,-33.196,-33.196,0.0,0.0,-0.0,34.0
68.112,1,rev,-90.0,12.2,5.618,5.4,5.4,16.0,0.0,0.0,34.0,-100.0,-100.0,-100.0,0.0,0.0,-0.0,33.0,16.501,-90.0,15.771,40.0,3.0,-4.024,33.0,-65.467,-65.0,-65.0,-24.0,0.0,-0.0,43.0,-95.017,-95.017,-95.017,0.0,0.0,-0.0,33.0,-69.756,-70.244,-70.244,8.0,0.0,-0.0,34.0,-33.196,-33.196,-33.196,0.0,0.0,-0.0,34.0
68.1642,1,rev,-90.0,12.2,5.618,5.4,5.4,16.0,0.0,0.0,34.0,-100.0,-100.0,-100.0,0.0,0.0,-0.0,33.0,16.216,-90.0,15.557,40.0,3.0,-4.682,33.0,-65.467,-65.0,-65.0,-24.0,0.0,-0.0,43.0,-95.017,-95.017,-95.017,0.0,0.0,-0.0,33.0,-69.756,-70.244,-70.244,8.0,0.0,-0.0,34.0,-33.196,-33.196,-33.196,0.0,0.0,-0.0,34.0
68.2176,1,rev,-90.0,12.2,5.618,5.4,5.4,16.0,0.0,0.0,34.0,-100.0,-100.0,-100.0,0.0,0.0,-0.0,33.0,16.074,-90.0,15.343,40.0,3.0,-3.881,33.0,-65.467,-65.0,-65.0,-24.0,0.0,-0.0,43.0,-95.017,-95.017,-95.017,0.0,0.0,-0.0,33.0,-69.756,-70.244,-70.244,8.0,0.0,-0.0,34.0,-33.196,-33.196,-33.196,0.0,0.0,-0.0,34.0
68.2706,1,rev,-90.0,12.2,5.618,5.4,5.4,16.0,0.0,0.0,34.0,-100.0,-100.0,-100.0,0.0,0.0,-0.0,33.0,15.789,-90.0,15.126,40.0,3.0,-4.592,33.0,-65.467,-65.0,-65.0,-24.0,0.0,-0.0,43.0,-95.017,-95.017,-95.017,0.0,0.0,-0.0,33.0,-69.756,-70.244,-70.244,8.0,0.0,-0.0,34.0,-33.196,-33.196,-33.196,0.0,0.0,-0.0,34.0
68.3238,1,rev,-90.0,12.2,5.618,5.4,5.4,16.0,0.0,0.0,34.0,-100.0,-100.0,-100.0,0.0,0.0,-0.0,33.0,15.647,-90.0,14.912,40.0,3.0,-3.838,33.0,-65.467,-65.0,-65.0,-24.0,0.0,-0.0,43.0,-95.017,-95.017,-95.017,0.0,0.0,-0.0,33.0,-69.756,-70.244,-70.244,8.0,0.0,-0.0,34.0,-33.196,-33.196,-33.196,0.0,0.0,-0.0,34.0
68.3759,1,rev,-90.0,12.2,5.618,5.4,5.4,16.0,0.0,0.0,34.0,-100.0,-100.0,-100.0,0.0,0.0,-0.0,33.0,15.505,-90.0,14.804,40.0,3.0,-4.283,33.0,-65.467,-65.0,-65.0,-24.0,1.0,-0.0,43.0,-95.017,-95.017,-95.017,0.0,0.0,-0.0,33.0,-69.756,-70.244,-70.244,8.0,0.0,-0.0,34.0,-33.196,-33.196,-33.196,0.0,0.0,-0.0,34.0
68.429,1,rev,-90.0,12.2,5.618,5.4,5.4,16.0,0.0,0.0,34.0,-100.0,-100.0,-100.0,0.0,0.0,-0.0,33.0,15.363,-90.0,14.469,40.0,3.0,-2.621,33.0,-65.467,-65.0,-65.0,-24.0,1.0,-0.0,43.0,-95.017,-95.017,-95.017,0.0,0.0,-0.0,33.0,-69.756,-70.244,-70.244,8.0,0.0,-0.0,34.0,-33.196,-33.196,-33.196,0.0,0.0,-0.0,34.0
68.4813,1,rev,-90.0,12.2,5.618,5.4,5.4,16.0,0.0,0.0,34.0,-100.0,-100.0,-100.0,0.0,0.0,-0.0,33.0,14.936,-90.0,14.255,40.0,3.0,-5.096,33.0,-65.467,-65.0,-65.0,-24.0,1.0,-0.0,43.0,-95.017,-95.017,-95.017,0.0,0.0,-0.0,33.0,-69.756,-70.244,-70.244,8.0,0.0,-0.0,34.0,-33.196,-33.196,-33.196,0.0,0.0,-0.0,34.0
68.5347,1,rev,-90.0,12.2,5.618,5.4,5.4,16.0,0.0,0.0,34.0,-100.0,-100.0,-100.0,0.0,0.0,-0.0,33.0,14.794,-90.0,14.038,40.0,3.0,-3.604,33.0,-65.467,-65.0,-65.0,-24.0,1.0,-0.0,43.0,-95.017,-95.017,-95.017,0.0,0.0,-0.0,33.0,-69.756,-70.244,-70.244,8.0,0.0,-0.0,34.0,-33.196,-33.196,-33.196,0.0,0.0,-0.0,34.0
68.5882,1,rev,-90.0,12.2,5.618,5.4,5.4,16.0,0.0,0.0,34.0,-100.0,-100.0,-100.0,0.0,0.0,-0.0,33.0,14.509,-90.0,13.822,40.0,3.0,-4.46,33.0,-65.467,-65.0,-65.0,-24.0,1.0,-0.0,43.0,-95.017,-95.017,-95.017,0.0,0.0,-0.0,33.0,-69.756,-70.244,-70.244,8.0,0.0,-0.0,34.0,-33.196,-33.196,-33.196,0.0,0.0,-0.0,34.0
68.6414,1,rev,-90.0,12.2,5.618,5.4,5.4,16.0,0.0,0.0,34.0,-100.0,-100.0,-100.0,0.0,0.0,-0.0,33.0,14.367,-90.0,13.605,40.0,3.0,-3.726,33.0,-65.467,-65.0,-65.0,-24.0,1.0,-0.0,43.0,-95.017,-95.017,-95.017,0.0,0.0,-0.0,33.0,-69.756,-70.244,-70.244,8.0,0.0,-0.0,34.0,-33.196,-33.196,-33.196,0.0,0.0,-0.0,34.0
68.6945,1,rev,-90.0,12.2,5.618,5.4,5.4,16.0,0.0,0.0,34.0,-100.0,-100.0,-100.0,0.0,0.0,-0.0,33.0,14.083,-90.0,13.389,40.0,3.0,-4.542,33.0,-65.467,-65.0,-65.0,-24.0,1.0,-0.0,43.0,-95.017,-95.017,-95.017,0.0,0.0,-0.0,33.0,-69.756,-70.244,-70.244,8.0,0.0,-0.0,34.0,-33.196,-33.196,-33.196,0.0,0.0,-0.0,34.0
68.7477,1,rev,-90.0,12.2,5.618,5.4,5.4,16.0,0.0,0.0,34.0,-100.0,-100.0,-100.0,0.0,0.0,-0.0,33.0,13.94,-90.0,13.172,40.0,3.0,-3.332,33.0,-65.467,-65.0,-65.0,-24.0,1.0,-0.0,43.0,-95.017,-95.017,-95.017,0.0,0.0,-0.0,33.0,-69.756,-70.244,-70.244,8.0,0.0,-0.0,34.0,-33.196,-33.196,-33.196,0.0,0.0,-0.0,34.0
68.8009,1,rev,-90.0,12.2,5.618,5.4,5.4,16.0,0.0,0.0,34.0,-100.0,-100.0,-100.0,0.0,0.0,-0.0,33.0,13.656,-90.0,12.957,40.0,3.0,-4.327,33.0,-65.467,-65.0,-65.0,-24.0,1.0,-0.0,43.0,-95.017,-95.017,-95.017,0.0,0.0,-0.0,33.0,-69.756,-70.244,-70.244,8.0,0.0,-0.0,34.0,-33.196,-33.196,-33.196,0.0,0.0,-0.0,34.0
68.854,1,rev,-90.0,12.2,5.618,5.4,5.4,16.0,0.0,0.0,34.0,-100.0,-100.0,-100.0,0.0,0.0,-0.0,33.0,13.514,-90.0,12.742,40.0,3.0,-3.237,33.0,-65.467,-65.0,-65.0,-24.0,1.0,-0.0,43.0,-95.017,-95.017,-95.017,0.0,0.0,-0.0,33.0,-69.756,-70.244,-70.244,8.0,0.0,-0.0,34.0,-33.196,-33.196,-33.196,0.0,0.0,-0.0,34.0
68.9086,1,rev,-90.0,12.2,5.618,5.4,5.4,16.0,0.0,0.0,34.0,-100.0,-100.0,-100.0,0.0,0.0,-0.0,33.0,13.087,-90.0,12.529,40.0,3.0,-5.897,33.0,-65.467,-65.0,-65.0,-24.0,1.0,-0.0,43.0,-95.017,-95.017,-95.017,0.0,0.0,-0.0,33.0,-69.756,-70.244,-70.244,8.0,0.0,-0.0,34.0,-33.196,-33.196,-33.196,0.0,0.0,-0.0,34.0
68.9616,1,rev,-90.0,12.2,5.618,5.4,5.4,16.0,0.0,0.0,34.0,-100.0,-100.0,-100.0,0.0,0.0,-0.0,33.0,13.087,-90.0,12.3,32.0,2.0,-5.897,33.0,-65.467,-65.0,-65.0,-24.0,0.0,-0.0,43.0,-95.017,-95.017,-95.017,0.0,0.0,-0.0,33.0,-69.756,-70.244,-70.244,8.0,0.0,-0.0,34.0,-33.196,-33.196,-33.196,0.0,0.0,-0.0,34.0
69.0148,1,rev,-90.0,12.2,5.618,5.4,5.4,16.0,0.0,0.0,34.0,-100.0,-100.0,-100.0,0.0,0.0,-0.0,33.0,13.087,-90.0,12.074,32.0,2.0,-2.889,33.0,-65.467,-65.0,-65.0,-24.0,0.0,-0.0,43.0,-95.017,-95.017,-95.017,0.0,0.0,-0.0,33.0,-69.756,-70.244,-70.244,8.0,0.0,-0.0,34.0,-33.196,-33.196,-33.196,0.0,0.0,-0.0,34.0
69.0691,1,rev,-90.0,12.2,5.618,5.4,5.4,16.0,0.0,0.0,34.0,-100.0,-100.0,-100.0,0.0,0.0,-0.0,33.0,12.66,-90.0,11.86,32.0,2.0,-5.238,33.0,-65.467,-65.0,-65.0,-24.0,0.0,-0.0,43.0,-95.017,-95.017,-95.017,0.0,0.0,-0.0,33.0,-69.756,-70.244,-70.244,8.0,0.0,-0.0,34.0,-33.196,-33.196,-33.196,0.0,0.0,-0.0,34.0
69.1223,1,rev,-90.0,12.2,5.618,5.4,5.4,16.0,0.0,0.0,34.0,-100.0,-100.0,-100.0,0.0,0.0,-0.0,33.0,12.376,-90.0,11.643,32.0,2.0,-5.249,33.0,-65.467,-65.0,-65.0,-24.0,0.0,-0.0,43.0,-95.017,-95.017,-95.017,0.0,0.0,-0.0,33.0,-69.756,-70.244,-70.244,8.0,0.0,-0.0,34.0,-33.196,-33.196,-33.196,0.0,0.0,-0.0,34.0
69.1755,1,rev,-90.0,12.2,5.618,5.4,5.4,16.0,0.0,0.0,34.0,-100.0,-100.0,-100.0,0.0,0.0,-0.0,33.0,12.233,-90.0,11.526,32.0,2.0,-4.172,33.0,-65.467,-65.0,-65.0,-24.0,0.0,-0.0,43.0,-95.017,-95.017,-95.017,0.0,0.0,-0.0,33.0,-69.756,-70.244,-70.244,8.0,0.0,-0.0,34.0,-33.196,-33.196,-33.196,0.0,0.0,-0.0,34.0
69.2281,1,rev,-90.0,12.2,5.618,5.4,5.4,16.0,0.0,0.0,34.0,-100.0,-100.0,-100.0,0.0,0.0,-0.0,33.0,12.091,-90.0,11.31,32.0,2.0,-3.147,33.0,-65.467,-65.0,-65.0,-24.0,0.0,-0.0,43.0,-95.017,-95.017,-95.017,0.0,0.0,-0.0,33.0,-69.756,-70.244,-70.244,8.0,0.0,-0.0,34.0,-33.196,-33.196,-33.196,0.0,0.0,-0.0,34.0
69.2817,1,rev,-90.0,12.2,5.618,5.4,5.4,16.0,0.0,0.0,34.0,-100.0,-100.0,-100.0,0.0,0.0,-0.0,33.0,11.807,-90.0,11.095,32.0,2.0,-4.215,33.0,-65.467,-65.0,-65.0,-24.0,0.0,-0.0,43.0,-95.017,-95.017,-95.017,0.0,0.0,-0.0,33.0,-69.756,-70.244,-70.244,8.0,0.0,-0.0,34.0,-33.196,-33.196,-33.196,0.0,0.0,-0.0,34.0
69.3344,1,rev,-90.0,12.2,5.618,5.4,5.4,16.0,0.0,0.0,34.0,-100.0,-100.0,-100.0,0.0,0.0,-0.0,33.0,11.522,-90.0,10.877,32.0,2.0,-4.738,33.0,-65.467,-65.0,-65.0,-24.0,0.0,-0.0,43.0,-95.017,-95.017,-95.017,0.0,0.0,-0.0,33.0,-69.756,-70.244,-70.244,8.0,0.0,-0.0,34.0,-33.196,-33.196,-33.196,0.0,0.0,-0.0,34.0
69.3878,1,rev,-90.0,12.2,5.618,5.4,5.4,16.0,0.0,0.0,34.0,-100.0,-100.0,-100.0,0.0,0.0,-0.0,33.0,11.38,-90.0,10.662,32.0,2.0,-3.919,33.0,-65.467,-65.0,-65.0,-24.0,0.0,-0.0,43.0,-95.017,-95.017,-95.017,0.0,0.0,-0.0,33.0,-69.756,-70.244,-70.244,8.0,0.0,-0.0,34.0,-33.196,-33.196,-33.196,0.0,0.0,-0.0,34.0
69.4406,1,rev,-90.0,12.2,5.618,5.4,5.4,16.0,0.0,0.0,34.0,-100.0,-100.0,-100.0,0.0,0.0,-0.0,33.0,11.095,-90.0,10.448,32.0,2.0,-4.641,33.0,-65.467,-65.0,-65.0,-24.0,0.0,-0.0,43.0,-95.017,-95.017,-95.017,0.0,0.0,-0.0,33.0,-69.756,-70.244,-70.244,8.0,0.0,-0.0,34.0,-33.196,-33.196,-33.196,0.0,0.0,-0.0,34.0
69.494,1,rev,-90.0,12.2,5.618,5.4,5.4,16.0,0.0,0.0,34.0,-100.0,-100.0,-100.0,0.0,0.0,-0.0,33.0,10.953,-90.0,10.233,32.0,2.0,-3.866,33.0,-65.467,-65.0,-65.0,-24.0,0.0,-0.0,43.0,-95.017,-95.017,-95.017,0.0,0.0,-0.0,33.0,-69.756,-70.244,-70.244,8.0,0.0,-0.0,34.0,-33.196,-33.196,-33.196,0.0,0.0,-0.0,34.0
69.5475,1,rev,-90.0,12.2,5.618,5.4,5.4,16.0,0.0,0.0,34.0,-100.0,-100.0,-100.0,0.0,0.0,-0.0,33.0,10.669,-90.0,10.003,36.0,4.0,-4.185,33.0,-65.467,-65.0,-65.0,-24.0,1.0,-0.0,43.0,-95.017,-95.017,-95.017,0.0,0.0,-0.0,33.0,-69.756,-70.244,-70.244,8.0,0.0,-0.0,34.0,-33.196,-33.196,-33.196,0.0,0.0,-0.0,34.0
69.6009,1,rev,-90.0,12.2,5.618,5.4,5.4,16.0,0.0,0.0,34.0,-100.0,-100.0,-100.0,0.0,0.0,-0.0,33.0,10.526,-90.0,9.787,36.0,4.0,-3.635,33.0,-65.467,-65.0,-65.0,-24.0,1.0,-0.0,43.0,-95.017,-95.017,-95.017,0.0,0.0,-0.0,33.0,-69.756,-70.244,-70.244,8.0,0.0,-0.0,34.0,-33.196,-33.196,-33.196,0.0,0.0,-0.0,34.0
69.6534,1,rev,-90.0,12.2,5.618,5.4,5.4,16.0,0.0,0.0,34.0,-100.0,-100.0,-100.0,0.0,0.0,-0.0,33.0,10.242,-90.0,9.572,36.0,4.0,-4.486,33.0,-65.467,-65.0,-65.0,-24.0,1.0,-0.0,43.0,-95.017,-95.017,-95.017,0.0,0.0,-0.0,33.0,-69.756,-70.244,-70.244,8.0,0.0,-0.0,34.0,-33.196,-33.196,-33.196,0.0,0.0,-0.0,34.0
69.7069,1,rev,-90.0,12.2,5.618,5.4,5.4,16.0,0.0,0.0,34.0,-100.0,-100.0,-100.0,0.0,0.0,-0.0,33.0,10.1,-90.0,9.356,36.0,4.0,-3.764,33.0,-65.467,-65.0,-65.0,-24.0,1.0,-0.0,43.0,-95.017,-95.017,-95.017,0.0,0.0,-0.0,33.0,-69.756,-70.244,-70.244,8.0,0.0,-0.0,34.0,-33.196,-33.196,-33.196,0.0,0.0,-0.0,34.0
69.7593,1,rev,-90.0,12.2,5.618,5.4,5.4,16.0,0.0,0.0,34.0,-100.0,-100.0,-100.0,0.0,0.0,-0.0,33.0,9.815,-90.0,9.141,36.0,4.0,-4.067,33.0,-65.467,-65.0,-65.0,-24.0,1.0,-0.0,43.0,-95.017,-95.017,-95.017,0.0,0.0,-0.0,33.0,-69.756,-70.244,-70.244,8.0,0.0,-0.0,34.0,-33.196,-33.196,-33.196,0.0,0.0,-0.0,34.0
69.8128,1,rev,-90.0,12.2,5.618,5.4,5.4,16.0,0.0,0.0,34.0,-100.0,-100.0,-100.0,0.0,0.0,-0.0,33.0,9.673,-90.0,8.924,36.0,4.0,-3.555,33.0,-65.467,-65.0,-65.0,-24.0,1.0,-0.0,43.0,-95.017,-95.017,-95.017,0.0,0.0,-0.0,33.0,-69.756,-70.244,-70.244,8.0,0.0,-0.0,34.0,-33.196,-33.196,-33.196,0.0,0.0,-0.0,34.0
69.866,1,rev,-90.0,12.2,5.618,5.4,5.4,16.0,0.0,0.0,34.0,-100.0,-100.0,-100.0,0.0,0.0,-0.0,33.0,9.388,-90.0,8.708,36.0,4.0,-4.449,33.0,-65.467,-65.0,-65.0,-24.0,1.0,-0.0,43.0,-95.017,-95.017,-95.017,0.0,0.0,-0.0,33.0,-69.756,-70.244,-70.244,8.0,0.0,-0.0,34.0,-33.196,-33.196,-33.196,0.0,0.0,-0.0,34.0
69.92,1,rev,-90.0,12.2,5.618,5.4,5.4,16.0,0.0,0.0,34.0,-100.0,-100.0,-100.0,0.0,0.0,-0.0,33.0,9.246,-90.0,8.495,36.0,4.0,-3.3,33.0,-65.467,-65.0,-65.0,-24.0,1.0,-0.0,43.0,-95.017,-95.017,-95.017,0.0,0.0,-0.0,33.0,-69.756,-70.244,-70.244,8.0,0.0,-0.0,34.0,-33.196,-33.196,-33.196,0.0,0.0,-0.0,34.0
69.9731,1,rev,-90.0,12.2,5.618,5.4,5.4,16.0,0.0,0.0,34.0,-100.0,-100.0,-100.0,0.0,0.0,-0.0,33.0,8.962,-90.0,8.282,36.0,4.0,-4.325,33.0,-65.467,-65.0,-65.0,-24.0,1.0,-0.0,43.0,-95.017,-95.017,-95.017,0.0,0.0,-0.0,33.0,-69.756,-70.244,-70.244,8.0,0.0,-0.0,34.0,-33.196,-33.196,-33.196,0.0,0.0,-0.0,34.0
70.026,1,rev,-90.0,12.2,5.618,5.4,5.4,16.0,0.0,0.0,34.0,-100.0,-100.0,-100.0,0.0,0.0,-0.0,33.0,8.819,-90.0,8.066,36.0,4.0,-3.231,33.0,-65.467,-65.0,-65.0,-24.0,1.0,-0.0,43.0,-95.017,-95.017,-95.017,0.0,0.0,-0.0,33.0,-69.756,-70.244,-70.244,8.0,0.0,-0.0,34.0,-33.196,-33.196,-33.196,0.0,0.0,-0.0,34.0
70.0792,1,rev,-90.0,12.2,5.618,5.4,5.4,16.0,0.0,0.0,34.0,-100.0,-100.0,-100.0,0.0,0.0,-0.0,33.0,8.677,-90.0,7.959,36.0,4.0,-3.847,33.0,-65.467,-65.0,-65.0,-24.0,1.0,-0.0,43.0,-95.017,-95.017,-95.017,0.0,0.0,-0.0,33.0,-69.756,-70.244,-70.244,8.0,0.0,-0.0,34.0,-33.196,-33.196,-33.196,0.0,0.0,-0.0,34.0
70.1314,1,rev,-90.0,12.2,5.618,5.4,5.4,16.0,0.0,0.0,34.0,-100.0,-100.0,-100.0,0.0,0.0,-0.0,33.0,8.393,-90.0,7.611,40.0,3.0,-4.114,33.0,-65.467,-65.0,-65.0,-24.0,0.0,-0.0,43.0,-95.017,-95.017,-95.017,0.0,0.0,-0.0,33.0,-69.756,-70.244,-70.244,8.0,0.0,-0.0,34.0,-33.196,-33.196,-33.196,0.0,0.0,-0.0,34.0
70.1847,1,rev,-90.0,12.2,5.618,5.4,5.4,16.0,0.0,0.0,34.0,-100.0,-100.0,-100.0,0.0,0.0,-0.0,33.0,8.25,-90.0,7.499,40.0,3.0,-3.607,33.0,-65.467,-65.0,-65.0,-24.0,0.0,-0.0,43.0,-95.017,-95.017,-95.017,0.0,0.0,-0.0,33.0,-69.756,-70.244,-70.244,8.0,0.0,-0.0,34.0,-33.196,-33.196,-33.196,0.0,0.0,-0.0,34.0
70.2373,1,rev,-90.0,12.2,5.618,5.4,5.4,16.0,0.0,0.0,34.0,-100.0,-100.0,-100.0,0.0,0.0,-0.0,33.0,7.824,-90.0,7.273,40.0,3.0,-5.952,33.0,-65.467,-65.0,-65.0,-24.0,0.0,-0.0,43.0,-95.017,-95.017,-95.017,0.0,0.0,-0.0,33.0,-69.756,-70.244,-70.244,8.0,0.0,-0.0,34.0,-33.196,-33.196,-33.196,0.0,0.0,-0.0,34.0
70.2897,1,rev,-90.0,12.2,5.618,5.4,5.4,16.0,0.0,0.0,34.0,-100.0,-100.0,-100.0,0.0,0.0,-0.0,33.0,7.824,-90.0,7.059,40.0,3.0,-2.916,33.0,-65.467,-65.0,-65.0,-24.0,0.0,-0.0,43.0,-95.017,-95.017,-95.017,0.0,0.0,-0.0,33.0,-69.756,-70.244,-70.244,8.0,0.0,-0.0,34.0,-33.196,-33.196,-33.196,0.0,0.0,-0.0,34.0
70.3427,1,rev,-90.0,12.2,5.618,5.4,5.4,16.0,0.0,0.0,34.0,-100.0,-100.0,-100.0,0.0,0.0,-0.0,33.0,7.539,-90.0,6.847,40.0,3.0,-4.134,33.0,-65.467,-65.0,-65.0,-24.0,0.0,-0.0,43.0,-95.017,-95.017,-95.017,0.0,0.0,-0.0,33.0,-69.756,-70.244,-70.244,8.0,0.0,-0.0,34.0,-33.196,-33.196,-33.196,0.0,0.0,-0.0,34.0
70.3958,1,rev,-90.0,12.2,5.618,5.4,5.4,16.0,0.0,0.0,34.0,-100.0,-100.0,-100.0,0.0,0.0,-0.0,33.0,7.255,-90.0,6.628,40.0,3.0,-4.689,33.0,-65.467,-65.0,-65.0,-24.0,0.0,-0.0,43.0,-95.017,-95.017,-95.017,0.0,0.0,-0.0,33.0,-69.756,-70.244,-70.244,8.0,0.0,-0.0,34.0,-33.196,-33.196,-33.196,0.0,0.0,-0.0,34.0
70.449,1,rev,-90.0,12.2,5.618,5.4,5.4,16.0,0.0,0.0,34.0,-100.0,-100.0,-100.0,0.0,0.0,-0.0,33.0,7.112,-90.0,6.413,40.0,3.0,-3.898,33.0,-65.467,-65.0,-65.0,-24.0,0.0,-0.0,43.0,-95.017,-95.017,-95.017,0.0,0.0,-0.0,33.0,-69.756,-70.244,-70.244,8.0,0.0,-0.0,34.0,-33.196,-33.196,-33.196,0.0,0.0,-0.0,34.0
70.5015,1,rev,-90.0,12.2,5.618,5.4,5.4,16.0,0.0,0.0,34.0,-100.0,-100.0,-100.0,0.0,0.0,-0.0,33.0,6.97,-90.0,6.199,40.0,3.0,-3.028,33.0,-65.467,-65.0,-65.0,-24.0,0.0,-0.0,43.0,-95.017,-95.017,-95.017,0.0,0.0,-0.0,33.0,-69.756,-70.244,-70.244,8.0,0.0,-0.0,34.0,-33.196,-33.196,-33.196,0.0,0.0,-0.0,34.0
70.5545,1,rev,-90.0,12.2,5.618,5.4,5.4,16.0,0.0,0.0,34.0,-100.0,-100.0,-100.0,0.0,0.0,-0.0,33.0,6.686,-90.0,5.986,40.0,3.0,-4.197,33.0,-65.467,-65.0,-65.0,-24.0,0.0,-0.0,43.0,-95.017,-95.017,-95.017,0.0,0.0,-0.0,33.0,-69.756,-70.244,-70.244,8.0,0.0,-0.0,34.0,-33.196,-33.196,-33.196,0.0,0.0,-0.0,34.0
70.6079,1,rev,-90.0,12.2,5.618,5.4,5.4,16.0,0.0,0.0,34.0,-100.0,-100.0,-100.0,0.0,0.0,-0.0,33.0,6.543,-90.0,5.77,40.0,3.0,-3.157,33.0,-65.467,-65.0,-65.0,-24.0,0.0,-0.0,43.0,-95.017,-95.017,-95.017,0.0,0.0,-0.0,33.0,-69.756,-70.244,-70.244,8.0,0.0,-0.0,34.0,-33.196,-33.196,-33.196,0.0,0.0,-0.0,34.0
70.6609,1,rev,-90.0,12.2,5.618,5.4,5.4,16.0,0.0,0.0,34.0,-100.0,-100.0,-100.0,-8.0,0.0,-0.0,33.0,6.401,-90.0,5.662,36.0,4.0,-3.809,33.0,-65.467,-65.0,-65.0,-24.0,1.0,-0.0,43.0,-95.017,-95.017,-95.017,0.0,0.0,-0.0,33.0,-69.756,-70.244,-70.244,8.0,0.0,-0.0,34.0,-33.196,-33.196,-33.196,0.0,0.0,-0.0,34.0
70.714,1,rev,-90.0,12.2,5.618,5.4,5.4,16.0,0.0,0.0,34.0,-100.0,-100.0,-100.0,-8.0,0.0,-0.0,33.0,6.117,-90.0,5.329,36.0,4.0,-2.921,33.0,-65.467,-65.0,-65.0,-24.0,1.0,-0.0,43.0,-95.017,-95.017,-95.017,0.0,0.0,-0.0,33.0,-69.756,-70.244,-70.244,8.0,0.0,-0.0,34.0,-33.196,-33.196,-33.196,0.0,0.0,-0.0,34.0
70.7675,1,rev,-90.0,12.2,5.618,5.4,5.4,16.0,0.0,0.0,34.0,-100.0,-100.0,-100.0,-8.0,0.0,-0.0,33.0,5.832,-90.0,5.113,36.0,4.0,-3.642,33.0,-65.467,-65.0,-65.0,-24.0,1.0,-0.0,43.0,-95.017,-95.017,-95.017,0.0,0.0,-0.0,33.0,-69.756,-70.244,-70.244,8.0,0.0,-0.0,34.0,-33.196,-33.196,-33.196,0.0,0.0,-0.0,34.0
70.821,1,rev,-90.0,12.2,5.618,5.4,5.4,16.0,0.0,0.0,34.0,-100.0,-100.0,-100.0,-8.0,0.0,-0.0,33.0,5.548,-90.0,4.897,36.0,4.0,-4.475,33.0,-65.467,-65.0,-65.0,-24.0,1.0,-0.0,43.0,-95.017,-95.017,-95.017,0.0,0.0,-0.0,33.0,-69.756,-70.244,-70.244,8.0,0.0,-0.0,34.0,-33.196,-33.196,-33.196,0.0,0.0,-0.0,34.0
70.8743,1,rev,-90.0,12.2,5.618,5.4,5.4,16.0,0.0,0.0,34.0,-100.0,-100.0,-100.0,-8.0,0.0,-0.0,33.0,5.405,-90.0,4.682,36.0,4.0,-3.785,33.0,-65.467,-65.0,-65.0,-24.0,1.0,-0.0,43.0,-95.017,-95.017,-95.017,0.0,0.0,-0.0,33.0,-69.756,-70.244,-70.244,8.0,0.0,-0.0,34.0,-33.196,-33.196,-33.196,0.0,0.0,-0.0,34.0
70.9291,1,rev,-90.0,12.2,5.618,5.4,5.4,16.0,0.0,0.0,34.0,-100.0,-100.0,-100.0,-8.0,0.0,-0.0,33.0,5.121,-90.0,4.467,36.0,4.0,-4.559,33.0,-65.467,-65.0,-65.0,-24.0,1.0,-0.0,43.0,-95.017,-95.017,-95.017,0.0,0.0,-0.0,33.0,-69.756,-70.244,-70.244,8.0,0.0,-0.0,34.0,-33.196,-33.196,-33.196,0.0,0.0,-0.0,34.0
70.9825,1,rev,-90.0,12.2,5.618,5.4,5.4,16.0,0.0,0.0,34.0,-100.0,-100.0,-100.0,-8.0,0.0,-0.0,33.0,4.979,-90.0,4.254,36.0,4.0,-3.835,33.0,-65.467,-65.0,-65.0,-24.0,1.0,-0.0,43.0,-95.017,-95.017,-95.017,0.0,0.0,-0.0,33.0,-69.756,-70.244,-70.244,8.0,0.0,-0.0,34.0,-33.196,-33.196,-33.196,0.0,0.0,-0.0,34.0
71.0355,1,rev,-90.0,12.2,5.618,5.4,5.4,16.0,0.0,0.0,34.0,-100.0,-100.0,-100.0,-8.0,0.0,-0.0,33.0,4.694,-90.0,4.04,36.0,4.0,-4.591,33.0,-65.467,-65.0,-65.0,-24.0,1.0,-0.0,43.0,-95.017,-95.017,-95.017,0.0,0.0,-0.0,33.0,-69.756,-70.244,-70.244,8.0,0.0,-0.0,34.0,-33.196,-33.196,-33.196,0.0,0.0,-0.0,34.0
71.089,1,rev,-90.0,12.2,5.618,5.4,5.4,16.0,0.0,0.0,34.0,-100.0,-100.0,-100.0,-8.0,0.0,-0.0,33.0,4.552,-90.0,3.823,36.0,4.0,-3.844,33.0,-65.467,-65.0,-65.0,-24.0,1.0,-0.0,43.0,-95.017,-95.017,-95.017,0.0,0.0,-0.0,33.0,-69.756,-70.244,-70.244,8.0,0.0,-0.0,34.0,-33.196,-33.196,-33.196,0.0,0.0,-0.0,34.0
71.1413,1,rev,-90.0,12.2,5.618,5.4,5.4,16.0,0.0,0.0,34.0,-100.0,-100.0,-100.0,-8.0,0.0,-0.0,33.0,4.267,-90.0,3.609,36.0,4.0,-4.618,33.0,-65.467,-65.0,-65.0,-24.0,1.0,-0.0,43.0,-95.017,-95.017,-95.017,0.0,0.0,-0.0,33.0,-69.756,-70.244,-70.244,8.0,0.0,-0.0,34.0,-33.196,-33.196,-33.196,0.0,0.0,-0.0,34.0
71.1935,1,rev,-90.0,12.2,5.618,5.4,5.4,16.0,0.0,0.0,34.0,-100.0,-100.0,-100.0,-8.0,0.0,-0.0,33.0,4.125,-90.0,3.395,36.0,4.0,-3.849,33.0,-65.467,-65.0,-65.0,-24.0,1.0,-0.0,43.0,-95.017,-95.017,-95.017,0.0,0.0,-0.0,33.0,-69.756,-70.244,-70.244,8.0,0.0,-0.0,34.0,-33.196,-33.196,-33.196,0.0,0.0,-0.0,34.0
71.2472,1,rev,-90.0,12.2,5.618,5.4,5.4,16.0,0.0,0.0,34.0,-100.0,-100.0,-100.0,0.0,0.0,-0.0,33.0,4.125,-90.0,3.152,40.0,4.0,-3.849,33.0,-65.467,-65.0,-65.0,-24.0,1.0,-0.0,43.0,-95.017,-95.017,-95.017,0.0,0.0,-0.0,33.0,-69.756,-70.244,-70.244,8.0,0.0,-0.0,34.0,-33.196,-33.196,-33.196,0.0,0.0,-0.0,34.0
71.3009,1,rev,-90.0,12.2,5.618,5.4,5.4,16.0,0.0,0.0,34.0,-100.0,-100.0,-100.0,0.0,0.0,-0.0,33.0,3.841,-90.0,3.033,40.0,4.0,-2.834,33.0,-65.467,-65.0,-65.0,-24.0,1.0,-0.0,43.0,-95.017,-95.017,-95.017,0.0,0.0,-0.0,33.0,-69.756,-70.244,-70.244,8.0,0.0,-0.0,34.0,-33.196,-33.196,-33.196,0.0,0.0,-0.0,34.0
71.3529,1,rev,-90.0,12.2,5.618,5.4,5.4,16.0,0.0,0.0,34.0,-100.0,-100.0,-100.0,0.0,0.0,-0.0,33.0,3.556,-90.0,2.809,40.0,4.0,-4.005,33.0,-65.467,-65.0,-65.0,-24.0,1.0,-0.0,43.0,-95.017,-95.017,-95.017,0.0,0.0,-0.0,33.0,-69.756,-70.244,-70.244,8.0,0.0,-0.0,34.0,-33.196,-33.196,-33.196,0.0,0.0,-0.0,34.0
71.4056,1,rev,-90.0,12.2,5.618,5.4,5.4,16.0,0.0,0.0,34.0,-100.0,-100.0,-100.0,0.0,0.0,-0.0,33.0,3.272,-90.0,2.595,40.0,4.0,-4.676,33.0,-65.467,-65.0,-65.0,-24.0,1.0,-0.0,43.0,-95.017,-95.017,-95.017,0.0,0.0,-0.0,33.0,-69.756,-70.244,-70.244,8.0,0.0,-0.0,34.0,-33.196,-33.196,-33.196,0.0,0.0,-0.0,34.0
71.4583,1,rev,-90.0,12.2,5.618,5.4,5.4,16.0,0.0,0.0,34.0,-100.0,-100.0,-100.0,0.0,0.0,-0.0,33.0,3.129,-90.0,2.381,40.0,4.0,-3.405,33.0,-65.467,-65.0,-65.0,-24.0,1.0,-0.0,43.0,-95.017,-95.017,-95.017,0.0,0.0,-0.0,33.0,-69.756,-70.244,-70.244,8.0,0.0,-0.0,34.0,-33.196,-33.196,-33.196,0.0,0.0,-0.0,34.0
71.512,1,rev,-90.0,12.2,5.618,5.4,5.4,16.0,0.0,0.0,34.0,-100.0,-100.0,-100.0,0.0,0.0,-0.0,33.0,2.703,-90.0,2.165,40.0,4.0,-5.978,33.0,-65.467,-65.0,-65.0,-24.0,1.0,-0.0,43.0,-95.017,-95.017,-95.017,0.0,0.0,-0.0,33.0,-69.756,-70.244,-70.244,8.0,0.0,-0.0,34.0,-33.196,-33.196,-33.196,0.0,0.0,-0.0,34.0
71.5642,1,rev,-90.0,12.2,5.618,5.4,5.4,16.0,0.0,0.0,34.0,-100.0,-100.0,-100.0,0.0,0.0,-0.0,33.0,2.703,-90.0,1.952,40.0,4.0,-2.929,33.0,-65.467,-65.0,-65.0,-24.0,1.0,-0.0,43.0,-95.017,-95.017,-95.017,0.0,0.0,-0.0,33.0,-69.756,-70.244,-70.244,8.0,0.0,-0.0,34.0,-33.196,-33.196,-33.196,0.0,0.0,-0.0,34.0
71.6172,1,rev,-90.0,12.2,5.618,5.4,5.4,16.0,0.0,0.0,34.0,-100.0,-100.0,-100.0,0.0,0.0,-0.0,33.0,2.418,-90.0,1.737,40.0,4.0,-4.133,33.0,-65.467,-65.0,-65.0,-24.0,1.0,-0.0,43.0,-95.017,-95.017,-95.017,0.0,0.0,-0.0,33.0,-69.756,-70.244,-70.244,8.0,0.0,-0.0,34.0,-33.196,-33.196,-33.196,0.0,0.0,-0.0,34.0
71.6705,1,rev,-90.0,12.2,5.618,5.4,5.4,16.0,0.0,0.0,34.0,-100.0,-100.0,-100.0,0.0,0.0,-0.0,33.0,2.276,-90.0,1.522,40.0,4.0,-3.136,33.0,-65.467,-65.0,-65.0,-24.0,1.0,-0.0,43.0,-95.017,-95.017,-95.017,0.0,0.0,-0.0,33.0,-69.756,-70.244,-70.244,8.0,0.0,-0.0,34.0,-33.196,-33.196,-33.196,0.0,0.0,-0.0,34.0
71.7239,1,rev,-90.0,12.2,5.618,5.4,5.4,16.0,0.0,0.0,34.0,-100.0,-100.0,-100.0,0.0,0.0,-0.0,33.0,1.849,-90.0,1.303,40.0,4.0,-5.262,33.0,-65.467,-65.0,-65.0,-24.0,1.0,-0.0,43.0,-95.017,-95.017,-95.017,0.0,0.0,-0.0,33.0,-69.756,-70.244,-70.244,8.0,0.0,-0.0,34.0,-33.196,-33.196,-33.196,0.0,0.0,-0.0,34.0
71.7764,1,rev,-90.0,12.2,5.618,5.4,5.4,16.0,0.0,0.0,34.0,-100.0,-100.0,-100.0,0.0,0.0,-0.0,33.0,1.849,-90.0,1.084,40.0,4.0,-2.578,33.0,-65.467,-65.0,-65.0,-24.0,1.0,-0.0,43.0,-95.017,-95.017,-95.017,0.0,0.0,-0.0,33.0,-69.756,-70.244,-70.244,8.0,0.0,-0.0,34.0,-33.196,-33.196,-33.196,0.0,0.0,-0.0,34.0
71.8299,1,rev,-90.0,12.2,5.618,5.4,5.4,16.0,0.0,0.0,34.0,-100.0,-100.0,-100.0,0.0,0.0,-0.0,33.0,1.565,-90.0,0.844,36.0,4.0,-3.228,33.0,-65.467,-65.0,-65.0,-24.0,1.0,-0.0,43.0,-95.017,-95.017,-95.017,0.0,0.0,-0.0,33.0,-69.756,-70.244,-70.244,8.0,0.0,-0.0,34.0,-33.196,-33.196,-33.196,0.0,0.0,-0.0,34.0
71.8828,1,rev,-90.0,12.2,5.618,5.4,5.4,16.0,0.0,0.0,34.0,-100.0,-100.0,-100.0,0.0,0.0,-0.0,33.0,1.28,-90.0,0.629,36.0,4.0,-4.791,33.0,-65.467,-65.0,-65.0,-24.0,1.0,-0.0,43.0,-95.017,-95.017,-95.017,0.0,0.0,-0.0,33.0,-69.756,-70.244,-70.244,8.0,0.0,-0.0,34.0,-33.196,-33.196,-33.196,0.0,0.0,-0.0,34.0
71.9372,1,rev,-90.0,12.2,5.618,5.4,5.4,16.0,0.0,0.0,34.0,-100.0,-100.0,-100.0,0.0,0.0,-0.0,33.0,1.138,-90.0,0.414,36.0,4.0,-3.444,33.0,-65.467,-65.0,-65.0,-24.0,1.0,-0.0,43.0,-95.017,-95.017,-95.017,0.0,0.0,-0.0,33.0,-69.756,-70.244,-70.244,8.0,0.0,-0.0,34.0,-33.196,-33.196,-33.196,0.0,0.0,-0.0,34.0
71.9907,1,rev,-90.0,12.2,5.618,5.4,5.4,16.0,0.0,0.0,34.0,-100.0,-100.0,-100.0,0.0,0.0,-0.0,33.0,0.853,-90.0,0.195,36.0,4.0,-5.52,33.0,-65.467,-65.0,-65.0,-24.0,1.0,-0.0,43.0,-95.017,-95.017,-95.017,0.0,0.0,-0.0,33.0,-69.756,-70.244,-70.244,8.0,0.0,-0.0,34.0,-33.196,-33.196,-33.196,0.0,0.0,-0.0,34.0
72.0439,1,rev,-90.0,12.2,5.618,5.4,5.4,16.0,0.0,0.0,34.0,-100.0,-100.0,-100.0,0.0,0.0,-0.0,33.0,0.853,-90.0,-0.02,36.0,4.0,-2.705,33.0,-65.467,-65.0,-65.0,-24.0,1.0,-0.0,43.0,-95.017,-95.017,-95.017,0.0,0.0,-0.0,33.0,-69.756,-70.244,-70.244,8.0,0.0,-0.0,34.0,-33.196,-33.196,-33.196,0.0,0.0,-0.0,34.0
72.0972,1,rev,-90.0,12.2,5.618,5.4,5.4,16.0,0.0,0.0,34.0,-100.0,-100.0,-100.0,0.0,0.0,-0.0,33.0,0.569,-90.0,-0.247,36.0,4.0,-3.911,33.0,-65.467,-65.0,-65.0,-24.0,1.0,-0.0,43.0,-95.017,-95.017,-95.017,0.0,0.0,-0.0,33.0,-69.756,-70.244,-70.244,8.0,0.0,-0.0,34.0,-33.196,-33.196,-33.196,0.0,0.0,-0.0,34.0
72.1493,1,rev,-90.0,12.2,5.618,5.4,5.4,16.0,0.0,0.0,34.0,-100.0,-100.0,-100.0,0.0,0.0,-0.0,33.0,0.284,-90.0,-0.361,36.0,4.0,-4.561,33.0,-65.467,-65.0,-65.0,-24.0,1.0,-0.0,43.0,-95.017,-95.017,-95.017,0.0,0.0,-0.0,33.0,-69.756,-70.244,-70.244,8.0,0.0,-0.0,34.0,-33.196,-33.196,-33.196,0.0,0.0,-0.0,34.0
72.2036,1,rev,-90.0,12.2,5.618,5.4,5.4,16.0,0.0,0.0,34.0,-100.0,-100.0,-100.0,0.0,0.0,-0.0,33.0,0.0,-90.0,-0.583,36.0,4.0,-5.453,33.0,-65.467,-65.0,-65.0,-24.0,1.0,-0.0,43.0,-95.017,-95.017,-95.017,0.0,0.0,-0.0,33.0,-69.756,-70.244,-70.244,8.0,0.0,-0.0,34.0,-33.196,-33.196,-33.196,0.0,0.0,-0.0,34.0
72.2562,1,rev,-90.0,12.2,5.618,5.4,5.4,16.0,0.0,0.0,34.0,-100.0,-100.0,-100.0,0.0,0.0,-0.0,33.0,-0.142,-90.0,-0.803,36.0,4.0,-4.26,33.0,-65.467,-65.0,-65.0,-24.0,1.0,-0.0,43.0,-95.017,-95.017,-95.017,0.0,0.0,-0.0,33.0,-69.756,-70.244,-70.244,8.0,0.0,-0.0,34.0,-33.196,-33.196,-33.196,0.0,0.0,-0.0,34.0
72.31,1,rev,-90.0,12.2,5.618,5.4,5.4,16.0,0.0,0.0,34.0,-100.0,-100.0,-100.0,0.0,0.0,-0.0,33.0,-0.427,-90.0,-1.018,36.0,4.0,-4.756,33.0,-65.467,-65.0,-65.0,-24.0,1.0,-0.0,43.0,-95.017,-95.017,-95.017,0.0,0.0,-0.0,33.0,-69.756,-70.244,-70.244,8.0,0.0,-0.0,34.0,-33.196,-33.196,-33.196,0.0,0.0,-0.0,34.0
72.3632,1,rev,-90.0,12.2,5.618,5.4,5.4,16.0,0.0,0.0,34.0,-100.0,-100.0,-100.0,0.0,0.0,-0.0,33.0,-0.569,-90.0,-1.236,36.0,4.0,-3.445,33.0,-65.467,-65.0,-65.0,-24.0,1.0,-0.0,43.0,-95.017,-95.017,-95.017,0.0,0.0,-0.0,33.0,-69.756,-70.244,-70.244,8.0,0.0,-0.0,34.0,-33.196,-33.196,-33.196,0.0,0.0,-0.0,34.0
72.4166,1,rev,-90.0,12.2,5.618,5.4,5.4,16.0,0.0,0.0,34.0,-100.0,-100.0,-100.0,0.0,0.0,-0.0,33.0,-0.711,-90.0,-1.473,40.0,3.0,-3.133,33.0,-65.467,-65.0,-65.0,-24.0,1.0,-0.0,43.0,-95.017,-95.017,-95.017,0.0,0.0,-0.0,33.0,-69.756,-70.244,-70.244,8.0,0.0,-0.0,34.0,-33.196,-33.196,-33.196,0.0,0.0,-0.0,34.0
72.4694,1,rev,-90.0,12.2,5.618,5.4,5.4,16.0,0.0,0.0,34.0,-100.0,-100.0,-100.0,0.0,0.0,-0.0,33.0,-0.996,-90.0,-1.689,40.0,3.0,-4.224,33.0,-65.467,-65.0,-65.0,-24.0,1.0,-0.0,43.0,-95.017,-95.017,-95.017,0.0,0.0,-0.0,33.0,-69.756,-70.244,-70.244,8.0,0.0,-0.0,34.0,-33.196,-33.196,-33.196,0.0,0.0,-0.0,34.0
72.5229,1,rev,-90.0,12.2,5.618,5.4,5.4,16.0,0.0,0.0,34.0,-100.0,-100.0,-100.0,0.0,0.0,-0.0,33.0,-1.28,-90.0,-1.905,40.0,3.0,-4.768,33.0,-65.467,-65.0,-65.0,-24.0,1.0,-0.0,43.0,-95.017,-95.017,-95.017,0.0,0.0,-0.0,33.0,-69.756,-70.244,-70.244,8.0,0.0,-0.0,34.0,-33.196,-33.196,-33.196,0.0,0.0,-0.0,34.0
72.576,1,rev,-90.0,12.2,5.618,5.4,5.4,16.0,0.0,0.0,34.0,-100.0,-100.0,-100.0,0.0,0.0,-0.0,33.0,-1.565,-90.0,-2.117,40.0,3.0,-5.069,33.0,-65.467,-65.0,-65.0,-24.0,1.0,-0.0,43.0,-95.017,-95.017,-95.017,0.0,0.0,-0.0,33.0,-69.756,-70.244,-70.244,8.0,0.0,-0.0,34.0,-33.196,-33.196,-33.196,0.0,0.0,-0.0,34.0
72.6282,1,rev,-90.0,12.2,5.618,5.4,5.4,16.0,0.0,0.0,34.0,-100.0,-100.0,-100.0,0.0,0.0,-0.0,33.0,-1.565,-90.0,-2.33,40.0,3.0,-2.484,33.0,-65.467,-65.0,-65.0,-24.0,1.0,-0.0,43.0,-95.017,-95.017,-95.017,0.0,0.0,-0.0,33.0,-69.756,-70.244,-70.244,8.0,0.0,-0.0,34.0,-33.196,-33.196,-33.196,0.0,0.0,-0.0,34.0
72.6819,1,rev,-90.0,12.2,5.618,5.4,5.4,16.0,0.0,0.0,34.0,-100.0,-100.0,-100.0,0.0,0.0,-0.0,33.0,-1.849,-90.0,-2.548,40.0,3.0,-3.914,33.0,-65.467,-65.0,-65.0,-24.0,1.0,-0.0,43.0,-95.017,-95.017,-95.017,0.0,0.0,-0.0,33.0,-69.756,-70.244,-70.244,8.0,0.0,-0.0,34.0,-33.196,-33.196,-33.196,0.0,0.0,-0.0,34.0
72.7351,1,rev,-90.0,12.2,5.618,5.4,5.4,16.0,0.0,0.0,34.0,-100.0,-100.0,-100.0,0.0,0.0,-0.0,33.0,-2.134,-90.0,-2.761,40.0,3.0,-4.647,33.0,-65.467,-65.0,-65.0,-24.0,1.0,-0.0,43.0,-95.017,-95.017,-95.017,0.0,0.0,-0.0,33.0,-69.756,-70.244,-70.244,8.0,0.0,-0.0,34.0,-33.196,-33.196,-33.196,0.0,0.0,-0.0,34.0
72.7882,1,rev,-90.0,12.2,5.618,5.4,5.4,16.0,0.0,0.0,34.0,-100.0,-100.0,-100.0,0.0,0.0,-0.0,33.0,-2.276,-90.0,-2.976,40.0,3.0,-3.387,33.0,-65.467,-65.0,-65.0,-24.0,1.0,-0.0,43.0,-95.017,-95.017,-95.017,0.0,0.0,-0.0,33.0,-69.756,-70.244,-70.244,8.0,0.0,-0.0,34.0,-33.196,-33.196,-33.196,0.0,0.0,-0.0,34.0
72.8404,1,rev,-90.0,12.2,5.618,5.4,5.4,16.0,0.0,0.0,34.0,-100.0,-100.0,-100.0,0.0,0.0,-0.0,33.0,-2.418,-90.0,-3.191,40.0,3.0,-2.767,33.0,-65.467,-65.0,-65.0,-24.0,1.0,-0.0,43.0,-95.017,-95.017,-95.017,0.0,0.0,-0.0,33.0,-69.756,-70.244,-70.244,8.0,0.0,-0.0,34.0,-33.196,-33.196,-33.196,0.0,0.0,-0.0,34.0
72.8935,1,rev,-90.0,12.2,5.618,5.4,5.4,16.0,0.0,0.0,34.0,-100.0,-100.0,-100.0,0.0,0.0,-0.0,33.0,-2.703,-90.0,-3.404,40.0,3.0,-4.085,33.0,-65.467,-65.0,-65.0,-24.0,1.0,-0.0,43.0,-95.017,-95.017,-95.017,0.0,0.0,-0.0,33.0,-69.756,-70.244,-70.244,8.0,0.0,-0.0,34.0,-33.196,-33.196,-33.196,0.0,0.0,-0.0,34.0
72.9463,1,rev,-90.0,12.2,5.618,5.4,5.4,16.0,0.0,0.0,34.0,-100.0,-100.0,-100.0,0.0,0.0,-0.0,33.0,-2.845,-90.0,-3.512,40.0,3.0,-4.42,33.0,-65.467,-65.0,-65.0,-24.0,1.0,-0.0,43.0,-95.017,-95.017,-95.017,0.0,0.0,-0.0,33.0,-69.756,-70.244,-70.244,8.0,0.0,-0.0,34.0,-33.196,-33.196,-33.196,0.0,0.0,-0.0,34.0
72.9999,1,rev,-90.0,12.2,5.618,5.4,5.4,16.0,0.0,0.0,34.0,-100.0,-100.0,-100.0,0.0,0.0,-0.0,33.0,-2.987,-90.0,-3.861,40.0,3.0,-3.803,33.0,-65.467,-65.0,-65.0,-24.0,1.0,-0.0,43.0,-95.017,-95.017,-95.017,0.0,0.0,-0.0,33.0,-69.756,-70.244,-70.244,8.0,0.0,-0.0,34.0,-33.196,-33.196,-33.196,0.0,0.0,-0.0,34.0
73.0536,1,rev,-90.0,12.2,5.618,5.4,5.4,16.0,0.0,0.0,34.0,-100.0,-100.0,-100.0,0.0,0.0,-0.0,33.0,-3.272,-90.0,-4.081,40.0,3.0,-4.515,33.0,-65.467,-65.0,-65.0,-24.0,1.0,-0.0,43.0,-95.017,-95.017,-95.017,0.0,0.0,-0.0,33.0,-69.756,-70.244,-70.244,8.0,0.0,-0.0,34.0,-33.196,-33.196,-33.196,0.0,0.0,-0.0,34.0
73.1064,1,rev,-90.0,12.2,5.618,5.4,5.4,16.0,0.0,0.0,34.0,-100.0,-100.0,-100.0,0.0,0.0,-0.0,33.0,-3.556,-90.0,-4.293,40.0,3.0,-4.95,33.0,-65.467,-65.0,-65.0,-24.0,1.0,-0.0,43.0,-95.017,-95.017,-95.017,0.0,0.0,-0.0,33.0,-69.756,-70.244,-70.244,8.0,0.0,-0.0,34.0,-33.196,-33.196,-33.196,0.0,0.0,-0.0,34.0
73.1596,1,rev,-90.0,12.2,5.618,5.4,5.4,16.0,0.0,0.0,34.0,-100.0,-100.0,-100.0,0.0,0.0,-0.0,33.0,-3.698,-90.0,-4.4,40.0,3.0,-3.55,33.0,-65.467,-65.0,-65.0,-24.0,1.0,-0.0,43.0,-95.017,-95.017,-95.017,0.0,0.0,-0.0,33.0,-69.756,-70.244,-70.244,8.0,0.0,-0.0,34.0,-33.196,-33.196,-33.196,0.0,0.0,-0.0,34.0
73.2131,1,rev,-90.0,12.2,5.618,5.4,5.4,16.0,0.0,0.0,34.0,-100.0,-100.0,-100.0,0.0,0.0,-0.0,33.0,-3.983,-90.0,-4.627,40.0,3.0,-4.35,33.0,-65.467,-65.0,-65.0,-24.0,1.0,-0.0,43.0,-95.017,-95.017,-95.017,0.0,0.0,-0.0,33.0,-69.756,-70.244,-70.244,8.0,0.0,-0.0,34.0,-33.196,-33.196,-33.196,0.0,0.0,-0.0,34.0
73.2657,1,rev,-90.0,12.2,5.618,5.4,5.4,16.0,0.0,0.0,34.0,-100.0,-100.0,-100.0,0.0,0.0,-0.0,33.0,-4.267,-90.0,-4.84,40.0,3.0,-5.32,33.0,-65.467,-65.0,-65.0,-24.0,1.0,-0.0,43.0,-95.017,-95.017,-95.017,0.0,0.0,-0.0,33.0,-69.756,-70.244,-70.244,8.0,0.0,-0.0,34.0,-33.196,-33.196,-33.196,0.0,0.0,-0.0,34.0
73.3181,1,rev,-90.0,12.2,5.618,5.4,5.4,16.0,0.0,0.0,34.0,-100.0,-100.0,-100.0,0.0,0.0,-0.0,33.0,-4.41,-90.0,-5.054,40.0,3.0,-3.726,33.0,-65.467,-65.0,-65.0,-24.0,1.0,-0.0,43.0,-95.017,-95.017,-95.017,0.0,0.0,-0.0,33.0,-69.756,-70.244,-70.244,8.0,0.0,-0.0,34.0,-33.196,-33.196,-33.196,0.0,0.0,-0.0,34.0
73.3712,1,rev,-90.0,12.2,5.618,5.4,5.4,16.0,0.0,0.0,34.0,-100.0,-100.0,-100.0,0.0,0.0,-0.0,33.0,-4.694,-90.0,-5.267,40.0,3.0,-4.547,33.0,-65.467,-65.0,-65.0,-24.0,1.0,-0.0,43.0,-95.017,-95.017,-95.017,0.0,0.0,-0.0,33.0,-69.756,-70.244,-70.244,8.0,0.0,-0.0,34.0,-33.196,-33.196,-33.196,0.0,0.0,-0.0,34.0
73.4233,1,rev,-90.0,12.2,5.618,5.4,5.4,16.0,0.0,0.0,34.0,-100.0,-100.0,-100.0,0.0,0.0,-0.0,33.0,-4.836,-90.0,-5.48,40.0,3.0,-3.347,33.0,-65.467,-65.0,-65.0,-24.0,1.0,-0.0,43.0,-95.017,-95.017,-95.017,0.0,0.0,-0.0,33.0,-69.756,-70.244,-70.244,8.0,0.0,-0.0,34.0,-33.196,-33.196,-33.196,0.0,0.0,-0.0,34.0
73.4754,1,rev,-90.0,12.2,5.618,5.4,5.4,16.0,0.0,0.0,34.0,-100.0,-100.0,-100.0,0.0,0.0,-0.0,33.0,-5.121,-90.0,-5.695,40.0,3.0,-4.83,33.0,-65.467,-65.0,-65.0,-24.0,1.0,-0.0,43.0,-95.017,-95.017,-95.017,0.0,0.0,-0.0,33.0,-69.756,-70.244,-70.244,8.0,0.0,-0.0,34.0,-33.196,-33.196,-33.196,0.0,0.0,-0.0,34.0
73.5292,1,rev,-90.0,12.2,5.618,5.4,5.4,16.0,0.0,0.0,34.0,-100.0,-100.0,-100.0,0.0,0.0,-0.0,33.0,-5.263,-90.0,-5.802,32.0,2.0,-4.981,33.0,-65.467,-65.0,-65.0,-24.0,0.0,-0.0,43.0,-95.017,-95.017,-95.017,0.0,0.0,-0.0,33.0,-69.756,-70.244,-70.244,8.0,0.0,-0.0,34.0,-33.196,-33.196,-33.196,0.0,0.0,-0.0,34.0
73.5813,1,rev,-90.0,12.2,5.618,5.4,5.4,16.0,0.0,0.0,34.0,-100.0,-100.0,-100.0,0.0,0.0,-0.0,33.0,-5.405,-90.0,-6.137,32.0,2.0,-4.037,33.0,-65.467,-65.0,-65.0,-24.0,0.0,-0.0,43.0,-95.017,-95.017,-95.017,0.0,0.0,-0.0,33.0,-69.756,-70.244,-70.244,8.0,0.0,-0.0,34.0,-33.196,-33.196,-33.196,0.0,0.0,-0.0,34.0
73.6346,1,rev,-90.0,12.2,5.618,5.4,5.4,16.0,0.0,0.0,34.0,-100.0,-100.0,-100.0,0.0,0.0,-0.0,33.0,-5.69,-90.0,-6.35,32.0,2.0,-4.703,33.0,-65.467,-65.0,-65.0,-24.0,0.0,-0.0,43.0,-95.017,-95.017,-95.017,0.0,0.0,-0.0,33.0,-69.756,-70.244,-70.244,8.0,0.0,-0.0,34.0,-33.196,-33.196,-33.196,0.0,0.0,-0.0,34.0
73.6876,1,rev,-90.0,12.2,5.618,5.4,5.4,16.0,0.0,0.0,34.0,-100.0,-100.0,-100.0,0.0,0.0,-0.0,33.0,-5.832,-90.0,-6.563,32.0,2.0,-3.917,33.0,-65.467,-65.0,-65.0,-24.0,0.0,-0.0,43.0,-95.017,-95.017,-95.017,0.0,0.0,-0.0,33.0,-69.756,-70.244,-70.244,8.0,0.0,-0.0,34.0,-33.196,-33.196,-33.196,0.0,0.0,-0.0,34.0
73.7408,1,rev,-90.0,12.2,5.618,5.4,5.4,16.0,0.0,0.0,34.0,-100.0,-100.0,-100.0,0.0,0.0,-0.0,33.0,-6.117,-90.0,-6.777,32.0,2.0,-4.145,33.0,-65.467,-65.0,-65.0,-24.0,0.0,-0.0,43.0,-95.017,-95.017,-95.017,0.0,0.0,-0.0,33.0,-69.756,-70.244,-70.244,8.0,0.0,-0.0,34.0,-33.196,-33.196,-33.196,0.0,0.0,-0.0,34.0
73.7942,1,rev,-90.0,12.2,5.618,5.4,5.4,16.0,0.0,0.0,34.0,-100.0,-100.0,-100.0,0.0,0.0,-0.0,33.0,-6.401,-90.0,-6.992,32.0,2.0,-4.725,33.0,-65.467,-65.0,-65.0,-24.0,0.0,-0.0,43.0,-95.017,-95.017,-95.017,0.0,0.0,-0.0,33.0,-69.756,-70.244,-70.244,8.0,0.0,-0.0,34.0,-33.196,-33.196,-33.196,0.0,0.0,-0.0,34.0
73.8476,1,rev,-90.0,12.2,5.618,5.4,5.4,16.0,0.0,0.0,34.0,-100.0,-100.0,-100.0,0.0,0.0,-0.0,33.0,-6.543,-90.0,-7.206,32.0,2.0,-3.432,33.0,-65.467,-65.0,-65.0,-24.0,0.0,-0.0,43.0,-95.017,-95.017,-95.017,0.0,0.0,-0.0,33.0,-69.756,-70.244,-70.244,8.0,0.0,-0.0,34.0,-33.196,-33.196,-33.196,0.0,0.0,-0.0,34.0
73.9012,1,rev,-90.0,12.2,5.618,5.4,5.4,16.0,0.0,0.0,34.0,-100.0,-100.0,-100.0,0.0,0.0,-0.0,33.0,-6.686,-90.0,-7.421,32.0,2.0,-3.291,33.0,-65.467,-65.0,-65.0,-24.0,0.0,-0.0,43.0,-95.017,-95.017,-95.017,0.0,0.0,-0.0,33.0,-69.756,-70.244,-70.244,8.0,0.0,-0.0,34.0,-33.196,-33.196,-33.196,0.0,0.0,-0.0,34.0
73.9544,1,rev,-90.0,12.2,5.618,5.4,5.4,16.0,0.0,0.0,34.0,-100.0,-100.0,-100.0,0.0,0.0,-0.0,33.0,-6.97,-90.0,-7.637,32.0,2.0,-3.813,33.0,-65.467,-65.0,-65.0,-24.0,0.0,-0.0,43.0,-95.017,-95.017,-95.017,0.0,0.0,-0.0,33.0,-69.756,-70.244,-70.244,8.0,0.0,-0.0,34.0,-33.196,-33.196,-33.196,0.0,0.0,-0.0,34.0
74.008,1,rev,-90.0,12.2,5.618,5.4,5.4,16.0,0.0,0.0,34.0,-100.0,-100.0,-100.0,0.0,0.0,-0.0,33.0,-7.255,-90.0,-7.853,32.0,2.0,-4.557,33.0,-65.467,-65.0,-65.0,-24.0,0.0,-0.0,43.0,-95.017,-95.017,-95.017,0.0,0.0,-0.0,33.0,-69.756,-70.244,-70.244,8.0,0.0,-0.0,34.0,-33.196,-33.196,-33.196,0.0,0.0,-0.0,34.0
74.0612,1,rev,-90.0,12.2,5.618,5.4,5.4,16.0,0.0,0.0,34.0,-100.0,-100.0,-100.0,0.0,0.0,-0.0,33.0,-7.397,-90.0,-8.067,32.0,2.0,-3.354,33.0,-65.467,-65.0,-65.0,-24.0,0.0,-0.0,43.0,-95.017,-95.017,-95.017,0.0,0.0,-0.0,33.0,-69.756,-70.244,-70.244,8.0,0.0,-0.0,34.0,-33.196,-33.196,-33.196,0.0,0.0,-0.0,34.0
74.1148,1,rev,-90.0,12.2,5.618,5.4,5.4,16.0,0.0,0.0,34.0,-100.0,-100.0,-100.0,-8.0,0.0,-0.0,33.0,-7.397,-90.0,-8.304,40.0,3.0,-3.354,33.0,-65.467,-65.0,-65.0,-24.0,0.0,-0.0,43.0,-95.017,-95.017,-95.017,0.0,0.0,-0.0,33.0,-69.756,-70.244,-70.244,8.0,0.0,-0.0,34.0,-33.196,-33.196,-33.196,0.0,0.0,-0.0,34.0
74.1681,1,rev,-90.0,12.2,5.618,5.4,5.4,16.0,0.0,0.0,34.0,-100.0,-100.0,-100.0,-8.0,0.0,-0.0,33.0,-7.681,-90.0,-8.529,40.0,3.0,-3.724,33.0,-65.467,-65.0,-65.0,-24.0,0.0,-0.0,43.0,-95.017,-95.017,-95.017,0.0,0.0,-0.0,33.0,-69.756,-70.244,-70.244,8.0,0.0,-0.0,34.0,-33.196,-33.196,-33.196,0.0,0.0,-0.0,34.0
74.2204,1,rev,-90.0,12.2,5.618,5.4,5.4,16.0,0.0,0.0,34.0,-100.0,-100.0,-100.0,-8.0,0.0,-0.0,33.0,-7.966,-90.0,-8.646,40.0,3.0,-4.367,33.0,-65.467,-65.0,-65.0,-24.0,0.0,-0.0,43.0,-95.017,-95.017,-95.017,0.0,0.0,-0.0,33.0,-69.756,-70.244,-70.244,8.0,0.0,-0.0,34.0,-33.196,-33.196,-33.196,0.0,0.0,-0.0,34.0
74.2736,1,rev,-90.0,12.2,5.618,5.4,5.4,16.0,0.0,0.0,34.0,-100.0,-100.0,-100.0,-8.0,0.0,-0.0,33.0,-8.25,-90.0,-8.869,40.0,3.0,-4.835,33.0,-65.467,-65.0,-65.0,-24.0,0.0,-0.0,43.0,-95.017,-95.017,-95.017,0.0,0.0,-0.0,33.0,-69.756,-70.244,-70.244,8.0,0.0,-0.0,34.0,-33.196,-33.196,-33.196,0.0,0.0,-0.0,34.0
74.3272,1,rev,-90.0,12.2,5.618,5.4,5.4,16.0,0.0,0.0,34.0,-100.0,-100.0,-100.0,-8.0,0.0,-0.0,33.0,-8.393,-90.0,-9.081,40.0,3.0,-3.97,33.0,-65.467,-65.0,-65.0,-24.0,0.0,-0.0,43.0,-95.017,-95.017,-95.017,0.0,0.0,-0.0,33.0,-69.756,-70.244,-70.244,8.0,0.0,-0.0,34.0,-33.196,-33.196,-33.196,0.0,0.0,-0.0,34.0
74.3807,1,rev,-90.0,12.2,5.618,5.4,5.4,16.0,0.0,0.0,34.0,-100.0,-100.0,-100.0,-8.0,0.0,-0.0,33.0,-8.535,-90.0,-9.297,40.0,3.0,-3.036,33.0,-65.467,-65.0,-65.0,-24.0,0.0,-0.0,43.0,-95.017,-95.017,-95.017,0.0,0.0,-0.0,33.0,-69.756,-70.244,-70.244,8.0,0.0,-0.0,34.0,-33.196,-33.196,-33.196,0.0,0.0,-0.0,34.0
74.4343,1,rev,-90.0,12.2,5.618,5.4,5.4,16.0,0.0,0.0,34.0,-100.0,-100.0,-100.0,-8.0,0.0,-0.0,33.0,-8.819,-90.0,-9.511,40.0,3.0,-3.713,33.0,-65.467,-65.0,-65.0,-24.0,0.0,-0.0,43.0,-95.017,-95.017,-95.017,0.0,0.0,-0.0,33.0,-69.756,-70.244,-70.244,8.0,0.0,-0.0,34.0,-33.196,-33.196,-33.196,0.0,0.0,-0.0,34.0
74.4879,1,rev,-90.0,12.2,5.618,5.4,5.4,16.0,0.0,0.0,34.0,-100.0,-100.0,-100.0,-8.0,0.0,-0.0,33.0,-9.104,-90.0,-9.727,40.0,3.0,-4.524,33.0,-65.467,-65.0,-65.0,-24.0,0.0,-0.0,43.0,-95.017,-95.017,-95.017,0.0,0.0,-0.0,33.0,-69.756,-70.244,-70.244,8.0,0.0,-0.0,34.0,-33.196,-33.196,-33.196,0.0,0.0,-0.0,34.0
74.5412,1,rev,-90.0,12.2,5.618,5.4,5.4,16.0,0.0,0.0,34.0,-100.0,-100.0,-100.0,-8.0,0.0,-0.0,33.0,-9.246,-90.0,-9.942,40.0,3.0,-3.831,33.0,-65.467,-65.0,-65.0,-24.0,0.0,-0.0,43.0,-95.017,-95.017,-95.017,0.0,0.0,-0.0,33.0,-69.756,-70.244,-70.244,8.0,0.0,-0.0,34.0,-33.196,-33.196,-33.196,0.0,0.0,-0.0,34.0
74.5929,1,rev,-90.0,12.2,5.618,5.4,5.4,16.0,0.0,0.0,34.0,-100.0,-100.0,-100.0,-8.0,0.0,-0.0,33.0,-9.531,-90.0,-10.154,40.0,3.0,-4.597,33.0,-65.467,-65.0,-65.0,-24.0,0.0,-0.0,43.0,-95.017,-95.017,-95.017,0.0,0.0,-0.0,33.0,-69.756,-70.244,-70.244,8.0,0.0,-0.0,34.0,-33.196,-33.196,-33.196,0.0,0.0,-0.0,34.0
74.6463,1,rev,-90.0,12.2,5.618,5.4,5.4,16.0,0.0,0.0,34.0,-100.0,-100.0,-100.0,-8.0,0.0,-0.0,33.0,-9.673,-90.0,-10.369,40.0,3.0,-3.836,33.0,-65.467,-65.0,-65.0,-24.0,0.0,-0.0,43.0,-95.017,-95.017,-95.017,0.0,0.0,-0.0,33.0,-69.756,-70.244,-70.244,8.0,0.0,-0.0,34.0,-33.196,-33.196,-33.196,0.0,0.0,-0.0,34.0
74.7002,1,rev,-90.0,12.2,5.618,5.4,5.4,16.0,0.0,0.0,34.0,-100.0,-100.0,-100.0,-8.0,0.0,-0.0,33.0,-9.815,-90.0,-10.612,40.0,3.0,-3.393,33.0,-65.467,-65.0,-65.0,-24.0,1.0,-0.0,43.0,-95.017,-95.017,-95.017,0.0,0.0,-0.0,33.0,-69.756,-70.244,-70.244,8.0,0.0,-0.0,34.0,-33.196,-33.196,-33.196,0.0,0.0,-0.0,34.0
74.7521,1,rev,-90.0,12.2,5.618,5.4,5.4,16.0,0.0,0.0,34.0,-100.0,-100.0,-100.0,-8.0,0.0,-0.0,33.0,-10.1,-90.0,-10.826,40.0,3.0,-4.343,33.0,-65.467,-65.0,-65.0,-24.0,1.0,-0.0,43.0,-95.017,-95.017,-95.017,0.0,0.0,-0.0,33.0,-69.756,-70.244,-70.244,8.0,0.0,-0.0,34.0,-33.196,-33.196,-33.196,0.0,0.0,-0.0,34.0
74.8056,1,rev,-90.0,12.2,5.618,5.4,5.4,16.0,0.0,0.0,34.0,-100.0,-100.0,-100.0,-8.0,0.0,-0.0,33.0,-10.384,-90.0,-11.041,40.0,3.0,-4.83,33.0,-65.467,-65.0,-65.0,-24.0,1.0,-0.0,43.0,-95.017,-95.017,-95.017,0.0,0.0,-0.0,33.0,-69.756,-70.244,-70.244,8.0,0.0,-0.0,34.0,-33.196,-33.196,-33.196,0.0,0.0,-0.0,34.0
74.8588,1,rev,-90.0,12.2,5.618,5.4,5.4,16.0,0.0,0.0,34.0,-100.0,-100.0,-100.0,-8.0,0.0,-0.0,33.0,-10.669,-90.0,-11.256,40.0,3.0,-5.058,33.0,-65.467,-65.0,-65.0,-24.0,1.0,-0.0,43.0,-95.017,-95.017,-95.017,0.0,0.0,-0.0,33.0,-69.756,-70.244,-70.244,8.0,0.0,-0.0,34.0,-33.196,-33.196,-33.196,0.0,0.0,-0.0,34.0
74.912,1,rev,-90.0,12.2,5.618,5.4,5.4,16.0,0.0,0.0,34.0,-100.0,-100.0,-100.0,-8.0,0.0,-0.0,33.0,-10.811,-90.0,-11.472,40.0,3.0,-4.088,33.0,-65.467,-65.0,-65.0,-24.0,1.0,-0.0,43.0,-95.017,-95.017,-95.017,0.0,0.0,-0.0,33.0,-69.756,-70.244,-70.244,8.0,0.0,-0.0,34.0,-33.196,-33.196,-33.196,0.0,0.0,-0.0,34.0
74.9659,1,rev,-90.0,12.2,5.618,5.4,5.4,16.0,0.0,0.0,34.0,-100.0,-100.0,-100.0,-8.0,0.0,-0.0,33.0,-11.095,-90.0,-11.684,40.0,3.0,-5.133,33.0,-65.467,-65.0,-65.0,-24.0,1.0,-0.0,43.0,-95.017,-95.017,-95.017,0.0,0.0,-0.0,33.0,-69.756,-70.244,-70.244,8.0,0.0,-0.0,34.0,-33.196,-33.196,-33.196,0.0,0.0,-0.0,34.0
75.0191,1,rev,-90.0,12.2,5.618,5.4,5.4,16.0,0.0,0.0,34.0,-100.0,-100.0,-100.0,-8.0,0.0,-0.0,33.0,-11.238,-90.0,-11.901,40.0,3.0,-3.619,33.0,-65.467,-65.0,-65.0,-24.0,1.0,-0.0,43.0,-95.017,-95.017,-95.017,0.0,0.0,-0.0,33.0,-69.756,-70.244,-70.244,8.0,0.0,-0.0,34.0,-33.196,-33.196,-33.196,0.0,0.0,-0.0,34.0
75.0722,1,rev,-90.0,12.2,5.618,5.4,5.4,16.0,0.0,0.0,34.0,-100.0,-100.0,-100.0,-8.0,0.0,-0.0,33.0,-11.522,-90.0,-12.116,40.0,3.0,-4.464,33.0,-65.467,-65.0,-65.0,-24.0,1.0,-0.0,43.0,-95.017,-95.017,-95.017,0.0,0.0,-0.0,33.0,-69.756,-70.244,-70.244,8.0,0.0,-0.0,34.0,-33.196,-33.196,-33.196,0.0,0.0,-0.0,34.0
75.1247,1,rev,-90.0,12.2,5.618,5.4,5.4,16.0,0.0,0.0,34.0,-100.0,-100.0,-100.0,-8.0,0.0,-0.0,33.0,-11.664,-90.0,-12.333,40.0,3.0,-3.279,33.0,-65.467,-65.0,-65.0,-24.0,1.0,-0.0,43.0,-95.017,-95.017,-95.017,0.0,0.0,-0.0,33.0,-69.756,-70.244,-70.244,8.0,0.0,-0.0,34.0,-33.196,-33.196,-33.196,0.0,0.0,-0.0,34.0
75.1778,1,rev,-90.0,12.2,5.618,5.4,5.4,16.0,0.0,0.0,34.0,-100.0,-100.0,-100.0,-8.0,0.0,-0.0,33.0,-11.949,-90.0,-12.549,40.0,3.0,-4.768,33.0,-65.467,-65.0,-65.0,-24.0,1.0,-0.0,43.0,-95.017,-95.017,-95.017,0.0,0.0,-0.0,33.0,-69.756,-70.244,-70.244,8.0,0.0,-0.0,34.0,-33.196,-33.196,-33.196,0.0,0.0,-0.0,34.0
75.2309,1,rev,-90.0,12.2,5.618,5.4,5.4,16.0,0.0,0.0,34.0,-100.0,-100.0,-100.0,-8.0,0.0,-0.0,33.0,-12.091,-90.0,-12.657,40.0,3.0,-4.934,33.0,-65.467,-65.0,-65.0,-24.0,1.0,-0.0,43.0,-95.017,-95.017,-95.017,0.0,0.0,-0.0,33.0,-69.756,-70.244,-70.244,8.0,0.0,-0.0,34.0,-33.196,-33.196,-33.196,0.0,0.0,-0.0,34.0
75.2841,1,rev,-90.0,12.2,5.618,5.4,5.4,16.0,0.0,0.0,34.0,-100.0,-100.0,-100.0,0.0,0.0,-0.0,33.0,-12.233,-90.0,-13.004,32.0,2.0,-4.165,33.0,-65.467,-65.0,-65.0,-24.0,1.0,-0.0,43.0,-95.017,-95.017,-95.017,0.0,0.0,-0.0,33.0,-69.756,-70.244,-70.244,8.0,0.0,-0.0,34.0,-33.196,-33.196,-33.196,0.0,0.0,-0.0,34.0
75.3365,1,rev,-90.0,12.2,5.618,5.4,5.4,16.0,0.0,0.0,34.0,-100.0,-100.0,-100.0,0.0,0.0,-0.0,33.0,-12.376,-90.0,-13.114,32.0,2.0,-3.62,33.0,-65.467,-65.0,-65.0,-24.0,1.0,-0.0,43.0,-95.017,-95.017,-95.017,0.0,0.0,-0.0,33.0,-69.756,-70.244,-70.244,8.0,0.0,-0.0,34.0,-33.196,-33.196,-33.196,0.0,0.0,-0.0,34.0
75.3901,1,rev,-90.0,12.2,5.618,5.4,5.4,16.0,0.0,0.0,34.0,-100.0,-100.0,-100.0,0.0,0.0,-0.0,33.0,-12.66,-90.0,-13.336,32.0,2.0,-4.392,33.0,-65.467,-65.0,-65.0,-24.0,1.0,-0.0,43.0,-95.017,-95.017,-95.017,0.0,0.0,-0.0,33.0,-69.756,-70.244,-70.244,8.0,0.0,-0.0,34.0,-33.196,-33.196,-33.196,0.0,0.0,-0.0,34.0
75.443,1,rev,-90.0,12.2,5.618,5.4,5.4,16.0,0.0,0.0,34.0,-100.0,-100.0,-100.0,0.0,0.0,-0.0,33.0,-12.945,-90.0,-13.551,32.0,2.0,-4.851,33.0,-65.467,-65.0,-65.0,-24.0,1.0,-0.0,43.0,-95.017,-95.017,-95.017,0.0,0.0,-0.0,33.0,-69.756,-70.244,-70.244,8.0,0.0,-0.0,34.0,-33.196,-33.196,-33.196,0.0,0.0,-0.0,34.0
75.4955,1,rev,-90.0,12.2,5.618,5.4,5.4,16.0,0.0,0.0,34.0,-100.0,-100.0,-100.0,0.0,0.0,-0.0,33.0,-13.229,-90.0,-13.766,32.0,2.0,-5.075,33.0,-65.467,-65.0,-65.0,-24.0,1.0,-0.0,43.0,-95.017,-95.017,-95.017,0.0,0.0,-0.0,33.0,-69.756,-70.244,-70.244,8.0,0.0,-0.0,34.0,-33.196,-33.196,-33.196,0.0,0.0,-0.0,34.0
75.549,1,rev,-90.0,12.2,5.618,5.4,5.4,16.0,0.0,0.0,34.0,-100.0,-100.0,-100.0,0.0,0.0,-0.0,33.0,-13.371,-90.0,-13.981,32.0,2.0,-4.046,33.0,-65.467,-65.0,-65.0,-24.0,1.0,-0.0,43.0,-95.017,-95.017,-95.017,0.0,0.0,-0.0,33.0,-69.756,-70.244,-70.244,8.0,0.0,-0.0,34.0,-33.196,-33.196,-33.196,0.0,0.0,-0.0,34.0
75.6008,1,rev,-90.0,12.2,5.618,5.4,5.4,16.0,0.0,0.0,34.0,-100.0,-100.0,-100.0,0.0,0.0,-0.0,33.0,-13.656,-90.0,-14.197,32.0,2.0,-4.688,33.0,-65.467,-65.0,-65.0,-24.0,1.0,-0.0,43.0,-95.017,-95.017,-95.017,0.0,0.0,-0.0,33.0,-69.756,-70.244,-70.244,8.0,0.0,-0.0,34.0,-33.196,-33.196,-33.196,0.0,0.0,-0.0,34.0
75.6534,1,rev,-90.0,12.2,5.618,5.4,5.4,16.0,0.0,0.0,34.0,-100.0,-100.0,-100.0,0.0,0.0,-0.0,33.0,-13.798,-90.0,-14.413,32.0,2.0,-3.405,33.0,-65.467,-65.0,-65.0,-24.0,1.0,-0.0,43.0,-95.017,-95.017,-95.017,0.0,0.0,-0.0,33.0,-69.756,-70.244,-70.244,8.0,0.0,-0.0,34.0,-33.196,-33.196,-33.196,0.0,0.0,-0.0,34.0
75.7067,1,rev,-90.0,12.2,5.618,5.4,5.4,16.0,0.0,0.0,34.0,-100.0,-100.0,-100.0,0.0,0.0,-0.0,33.0,-14.083,-90.0,-14.629,32.0,2.0,-4.383,33.0,-65.467,-65.0,-65.0,-24.0,1.0,-0.0,43.0,-95.017,-95.017,-95.017,0.0,0.0,-0.0,33.0,-69.756,-70.244,-70.244,8.0,0.0,-0.0,34.0,-33.196,-33.196,-33.196,0.0,0.0,-0.0,34.0
75.76,1,rev,-90.0,12.2,5.618,5.4,5.4,16.0,0.0,0.0,34.0,-100.0,-100.0,-100.0,0.0,0.0,-0.0,33.0,-14.225,-90.0,-14.843,32.0,2.0,-3.741,33.0,-65.467,-65.0,-65.0,-24.0,1.0,-0.0,43.0,-95.017,-95.017,-95.017,0.0,0.0,-0.0,33.0,-69.756,-70.244,-70.244,8.0,0.0,-0.0,34.0,-33.196,-33.196,-33.196,0.0,0.0,-0.0,34.0
75.813,1,rev,-90.0,12.2,5.618,5.4,5.4,16.0,0.0,0.0,34.0,-100.0,-100.0,-100.0,0.0,0.0,-0.0,33.0,-14.367,-90.0,-14.95,40.0,2.0,-4.209,33.0,-65.467,-65.0,-65.0,-24.0,1.0,-0.0,43.0,-95.017,-95.017,-95.017,0.0,0.0,-0.0,33.0,-69.756,-70.244,-70.244,8.0,0.0,-0.0,34.0,-33.196,-33.196,-33.196,0.0,0.0,-0.0,34.0
75.866,1,rev,-90.0,12.2,5.618,5.4,5.4,16.0,0.0,0.0,34.0,-100.0,-100.0,-100.0,0.0,0.0,-0.0,33.0,-14.651,-90.0,-15.283,40.0,2.0,-3.122,33.0,-65.467,-65.0,-65.0,-24.0,1.0,-0.0,43.0,-95.017,-95.017,-95.017,0.0,0.0,-0.0,33.0,-69.756,-70.244,-70.244,8.0,0.0,-0.0,34.0,-33.196,-33.196,-33.196,0.0,0.0,-0.0,34.0
75.9186,1,rev,-90.0,12.2,5.618,5.4,5.4,16.0,0.0,0.0,34.0,-100.0,-100.0,-100.0,0.0,0.0,-0.0,33.0,-14.936,-90.0,-15.497,40.0,2.0,-4.233,33.0,-65.467,-65.0,-65.0,-24.0,1.0,-0.0,43.0,-95.017,-95.017,-95.017,0.0,0.0,-0.0,33.0,-69.756,-70.244,-70.244,8.0,0.0,-0.0,34.0,-33.196,-33.196,-33.196,0.0,0.0,-0.0,34.0
75.9713,1,rev,-90.0,12.2,5.618,5.4,5.4,16.0,0.0,0.0,34.0,-100.0,-100.0,-100.0,0.0,0.0,-0.0,33.0,-15.078,-90.0,-15.712,40.0,2.0,-3.645,33.0,-65.467,-65.0,-65.0,-24.0,1.0,-0.0,43.0,-95.017,-95.017,-95.017,0.0,0.0,-0.0,33.0,-69.756,-70.244,-70.244,8.0,0.0,-0.0,34.0,-33.196,-33.196,-33.196,0.0,0.0,-0.0,34.0
76.0248,1,rev,-90.0,12.2,5.618,5.4,5.4,16.0,0.0,0.0,34.0,-100.0,-100.0,-100.0,0.0,0.0,-0.0,33.0,-15.363,-90.0,-15.928,40.0,2.0,-4.462,33.0,-65.467,-65.0,-65.0,-24.0,1.0,-0.0,43.0,-95.017,-95.017,-95.017,0.0,0.0,-0.0,33.0,-69.756,-70.244,-70.244,8.0,0.0,-0.0,34.0,-33.196,-33.196,-33.196,0.0,0.0,-0.0,34.0
76.0781,1,rev,-90.0,12.2,5.618,5.4,5.4,16.0,0.0,0.0,34.0,-100.0,-100.0,-100.0,0.0,0.0,-0.0,33.0,-15.505,-90.0,-16.143,40.0,2.0,-3.304,33.0,-65.467,-65.0,-65.0,-24.0,1.0,-0.0,43.0,-95.017,-95.017,-95.017,0.0,0.0,-0.0,33.0,-69.756,-70.244,-70.244,8.0,0.0,-0.0,34.0,-33.196,-33.196,-33.196,0.0,0.0,-0.0,34.0
76.1304,1,rev,-90.0,12.2,5.618,5.4,5.4,16.0,0.0,0.0,34.0,-100.0,-100.0,-100.0,0.0,0.0,-0.0,33.0,-15.789,-90.0,-16.361,40.0,2.0,-4.277,33.0,-65.467,-65.0,-65.0,-24.0,1.0,-0.0,43.0,-95.017,-95.017,-95.017,0.0,0.0,-0.0,33.0,-69.756,-70.244,-70.244,8.0,0.0,-0.0,34.0,-33.196,-33.196,-33.196,0.0,0.0,-0.0,34.0
76.1836,1,rev,-90.0,12.2,5.618,5.4,5.4,16.0,0.0,0.0,34.0,-100.0,-100.0,-100.0,0.0,0.0,-0.0,33.0,-15.932,-90.0,-16.576,40.0,2.0,-4.585,33.0,-65.467,-65.0,-65.0,-24.0,1.0,-0.0,43.0,-95.017,-95.017,-95.017,0.0,0.0,-0.0,33.0,-69.756,-70.244,-70.244,8.0,0.0,-0.0,34.0,-33.196,-33.196,-33.196,0.0,0.0,-0.0,34.0
76.2365,1,rev,-90.0,12.2,5.618,5.4,5.4,16.0,0.0,0.0,34.0,-100.0,-100.0,-100.0,0.0,0.0,-0.0,33.0,-16.074,-90.0,-16.804,40.0,2.0,-3.825,33.0,-65.467,-65.0,-65.0,-24.0,1.0,-0.0,43.0,-95.017,-95.017,-95.017,0.0,0.0,-0.0,33.0,-69.756,-70.244,-70.244,8.0,0.0,-0.0,34.0,-33.196,-33.196,-33.196,0.0,0.0,-0.0,34.0
76.29,1,rev,-90.0,12.2,5.618,5.4,5.4,16.0,0.0,0.0,34.0,-100.0,-100.0,-100.0,0.0,0.0,-0.0,33.0,-16.358,-90.0,-17.027,40.0,2.0,-4.499,33.0,-65.467,-65.0,-65.0,-24.0,1.0,-0.0,43.0,-95.017,-95.017,-95.017,0.0,0.0,-0.0,33.0,-69.756,-70.244,-70.244,8.0,0.0,-0.0,34.0,-33.196,-33.196,-33.196,0.0,0.0,-0.0,34.0
76.3435,1,rev,-90.0,12.2,5.618,5.4,5.4,16.0,0.0,0.0,34.0,-100.0,-100.0,-100.0,0.0,0.0,-0.0,33.0,-16.501,-90.0,-17.24,40.0,2.0,-3.819,33.0,-65.467,-65.0,-65.0,-24.0,1.0,-0.0,43.0,-95.017,-95.017,-95.017,0.0,0.0,-0.0,33.0,-69.756,-70.244,-70.244,8.0,0.0,-0.0,34.0,-33.196,-33.196,-33.196,0.0,0.0,-0.0,34.0
76.3969,1,rev,-90.0,12.2,5.618,5.4,5.4,16.0,0.0,0.0,34.0,-100.0,-100.0,-100.0,-12.0,0.0,-0.0,33.0,-16.643,-90.0,-17.24,40.0,3.0,-4.245,33.0,-65.467,-65.0,-65.0,-24.0,0.0,-0.0,43.0,-95.017,-95.017,-95.017,0.0,0.0,-0.0,33.0,-69.756,-70.244,-70.244,8.0,0.0,-0.0,34.0,-33.196,-33.196,-33.196,0.0,0.0,-0.0,34.0
76.4493,1,rev,-90.0,12.2,5.618,5.4,5.4,16.0,0.0,0.0,34.0,-100.0,-100.0,-100.0,-12.0,0.0,-0.0,33.0,-16.927,-90.0,-17.577,40.0,3.0,-4.191,33.0,-65.467,-65.0,-65.0,-24.0,0.0,-0.0,43.0,-95.017,-95.017,-95.017,0.0,0.0,-0.0,33.0,-69.756,-70.244,-70.244,8.0,0.0,-0.0,34.0,-33.196,-33.196,-33.196,0.0,0.0,-0.0,34.0
76.5019,1,rev,-90.0,12.2,5.618,5.4,5.4,16.0,0.0,0.0,34.0,-100.0,-100.0,-100.0,-12.0,0.0,-0.0,33.0,-17.212,-90.0,-17.79,40.0,3.0,-4.758,33.0,-65.467,-65.0,-65.0,-24.0,0.0,-0.0,43.0,-95.017,-95.017,-95.017,0.0,0.0,-0.0,33.0,-69.756,-70.244,-70.244,8.0,0.0,-0.0,34.0,-33.196,-33.196,-33.196,0.0,0.0,-0.0,34.0
76.5547,1,rev,-90.0,12.2,5.618,5.4,5.4,16.0,0.0,0.0,34.0,-100.0,-100.0,-100.0,-12.0,0.0,-0.0,33.0,-17.354,-90.0,-18.005,40.0,3.0,-3.457,33.0,-65.467,-65.0,-65.0,-24.0,0.0,-0.0,43.0,-95.017,-95.017,-95.017,0.0,0.0,-0.0,33.0,-69.756,-70.244,-70.244,8.0,0.0,-0.0,34.0,-33.196,-33.196,-33.196,0.0,0.0,-0.0,34.0
76.6081,1,rev,-90.0,12.2,5.618,5.4,5.4,16.0,0.0,0.0,34.0,-100.0,-100.0,-100.0,-12.0,0.0,-0.0,33.0,-17.639,-90.0,-18.22,40.0,3.0,-4.378,33.0,-65.467,-65.0,-65.0,-24.0,0.0,-0.0,43.0,-95.017,-95.017,-95.017,0.0,0.0,-0.0,33.0,-69.756,-70.244,-70.244,8.0,0.0,-0.0,34.0,-33.196,-33.196,-33.196,0.0,0.0,-0.0,34.0
76.6604,1,rev,-90.0,12.2,5.618,5.4,5.4,16.0,0.0,0.0,34.0,-100.0,-100.0,-100.0,-12.0,0.0,-0.0,33.0,-17.781,-90.0,-18.436,40.0,3.0,-3.245,33.0,-65.467,-65.0,-65.0,-24.0,0.0,-0.0,43.0,-95.017,-95.017,-95.017,0.0,0.0,-0.0,33.0,-69.756,-70.244,-70.244,8.0,0.0,-0.0,34.0,-33.196,-33.196,-33.196,0.0,0.0,-0.0,34.0
76.7135,1,rev,-90.0,12.2,5.618,5.4,5.4,16.0,0.0,0.0,34.0,-100.0,-100.0,-100.0,-12.0,0.0,-0.0,33.0,-18.065,-90.0,-18.65,40.0,3.0,-4.308,33.0,-65.467,-65.0,-65.0,-24.0,0.0,-0.0,43.0,-95.017,-95.017,-95.017,0.0,0.0,-0.0,33.0,-69.756,-70.244,-70.244,8.0,0.0,-0.0,34.0,-33.196,-33.196,-33.196,0.0,0.0,-0.0,34.0
76.7668,1,rev,-90.0,12.2,5.618,5.4,5.4,16.0,0.0,0.0,34.0,-100.0,-100.0,-100.0,-12.0,0.0,-0.0,33.0,-18.208,-90.0,-18.864,40.0,3.0,-3.234,33.0,-65.467,-65.0,-65.0,-24.0,0.0,-0.0,43.0,-95.017,-95.017,-95.017,0.0,0.0,-0.0,33.0,-69.756,-70.244,-70.244,8.0,0.0,-0.0,34.0,-33.196,-33.196,-33.196,0.0,0.0,-0.0,34.0
76.8201,1,rev,-90.0,12.2,5.618,5.4,5.4,16.0,0.0,0.0,34.0,-100.0,-100.0,-100.0,-12.0,0.0,-0.0,33.0,-18.492,-90.0,-19.078,40.0,3.0,-4.293,33.0,-65.467,-65.0,-65.0,-24.0,0.0,-0.0,43.0,-95.017,-95.017,-95.017,0.0,0.0,-0.0,33.0,-69.756,-70.244,-70.244,8.0,0.0,-0.0,34.0,-33.196,-33.196,-33.196,0.0,0.0,-0.0,34.0
76.873,1,rev,-90.0,12.2,5.618,5.4,5.4,16.0,0.0,0.0,34.0,-100.0,-100.0,-100.0,-12.0,0.0,-0.0,33.0,-18.634,-90.0,-19.293,40.0,3.0,-3.218,33.0,-65.467,-65.0,-65.0,-24.0,0.0,-0.0,43.0,-95.017,-95.017,-95.017,0.0,0.0,-0.0,33.0,-69.756,-70.244,-70.244,8.0,0.0,-0.0,34.0,-33.196,-33.196,-33.196,0.0,0.0,-0.0,34.0
76.9262,1,rev,-90.0,12.2,5.618,5.4,5.4,16.0,0.0,0.0,34.0,-100.0,-100.0,-100.0,-12.0,0.0,-0.0,33.0,-18.919,-90.0,-19.508,40.0,3.0,-4.25,33.0,-65.467,-65.0,-65.0,-24.0,0.0,-0.0,43.0,-95.017,-95.017,-95.017,0.0,0.0,-0.0,33.0,-69.756,-70.244,-70.244,8.0,0.0,-0.0,34.0,-33.196,-33.196,-33.196,0.0,0.0,-0.0,34.0
76.9808,1,rev,-90.0,12.2,5.618,5.4,5.4,16.0,0.0,0.0,34.0,-100.0,-100.0,-100.0,0.0,0.0,-0.0,33.0,-19.061,-90.0,-19.752,40.0,3.0,-3.683,33.0,-65.467,-65.0,-65.0,-24.0,1.0,-0.0,43.0,-95.017,-95.017,-95.017,0.0,0.0,-0.0,33.0,-69.756,-70.244,-70.244,8.0,0.0,-0.0,34.0,-33.196,-33.196,-33.196,0.0,0.0,-0.0,34.0
77.0338,1,rev,-90.0,12.2,5.618,5.4,5.4,16.0,0.0,0.0,34.0,-100.0,-100.0,-100.0,0.0,0.0,-0.0,33.0,-19.346,-90.0,-19.967,40.0,3.0,-4.485,33.0,-65.467,-65.0,-65.0,-24.0,1.0,-0.0,43.0,-95.017,-95.017,-95.017,0.0,0.0,-0.0,33.0,-69.756,-70.244,-70.244,8.0,0.0,-0.0,34.0,-33.196,-33.196,-33.196,0.0,0.0,-0.0,34.0
77.0869,1,rev,-90.0,12.2,5.618,5.4,5.4,16.0,0.0,0.0,34.0,-100.0,-100.0,-100.0,0.0,0.0,-0.0,33.0,-19.63,-90.0,-20.185,40.0,3.0,-4.871,33.0,-65.467,-65.0,-65.0,-24.0,1.0,-0.0,43.0,-95.017,-95.017,-95.017,0.0,0.0,-0.0,33.0,-69.756,-70.244,-70.244,8.0,0.0,-0.0,34.0,-33.196,-33.196,-33.196,0.0,0.0,-0.0,34.0
77.1393,1,rev,-90.0,12.2,5.618,5.4,5.4,16.0,0.0,0.0,34.0,-100.0,-100.0,-100.0,0.0,0.0,-0.0,33.0,-19.772,-90.0,-20.399,40.0,3.0,-4.997,33.0,-65.467,-65.0,-65.0,-24.0,1.0,-0.0,43.0,-95.017,-95.017,-95.017,0.0,0.0,-0.0,33.0,-69.756,-70.244,-70.244,8.0,0.0,-0.0,34.0,-33.196,-33.196,-33.196,0.0,0.0,-0.0,34.0
77.1926,1,rev,-90.0,12.2,5.618,5.4,5.4,16.0,0.0,0.0,34.0,-100.0,-100.0,-100.0,0.0,0.0,-0.0,33.0,-19.915,-90.0,-20.629,40.0,3.0,-4.008,33.0,-65.467,-65.0,-65.0,-24.0,1.0,-0.0,43.0,-95.017,-95.017,-95.017,0.0,0.0,-0.0,33.0,-69.756,-70.244,-70.244,8.0,0.0,-0.0,34.0,-33.196,-33.196,-33.196,0.0,0.0,-0.0,34.0
77.2457,1,rev,-90.0,12.2,5.618,5.4,5.4,16.0,0.0,0.0,34.0,-100.0,-100.0,-100.0,0.0,0.0,-0.0,33.0,-20.199,-90.0,-20.747,40.0,3.0,-4.553,33.0,-65.467,-65.0,-65.0,-24.0,1.0,-0.0,43.0,-95.017,-95.017,-95.017,0.0,0.0,-0.0,33.0,-69.756,-70.244,-70.244,8.0,0.0,-0.0,34.0,-33.196,-33.196,-33.196,0.0,0.0,-0.0,34.0
77.2996,1,rev,-90.0,12.2,5.618,5.4,5.4,16.0,0.0,0.0,34.0,-100.0,-100.0,-100.0,0.0,0.0,-0.0,33.0,-20.341,-90.0,-20.974,40.0,3.0,-3.819,33.0,-65.467,-65.0,-65.0,-24.0,1.0,-0.0,43.0,-95.017,-95.017,-95.017,0.0,0.0,-0.0,33.0,-69.756,-70.244,-70.244,8.0,0.0,-0.0,34.0,-33.196,-33.196,-33.196,0.0,0.0,-0.0,34.0
77.3527,1,rev,-90.0,12.2,5.618,5.4,5.4,16.0,0.0,0.0,34.0,-100.0,-100.0,-100.0,0.0,0.0,-0.0,33.0,-20.626,-90.0,-21.187,40.0,3.0,-4.611,33.0,-65.467,-65.0,-65.0,-24.0,1.0,-0.0,43.0,-95.017,-95.017,-95.017,0.0,0.0,-0.0,33.0,-69.756,-70.244,-70.244,8.0,0.0,-0.0,34.0,-33.196,-33.196,-33.196,0.0,0.0,-0.0,34.0
77.4053,1,rev,-90.0,12.2,5.618,5.4,5.4,16.0,0.0,0.0,34.0,-100.0,-100.0,-100.0,0.0,0.0,-0.0,33.0,-20.768,-90.0,-21.401,40.0,3.0,-3.848,33.0,-65.467,-65.0,-65.0,-24.0,1.0,-0.0,43.0,-95.017,-95.017,-95.017,0.0,0.0,-0.0,33.0,-69.756,-70.244,-70.244,8.0,0.0,-0.0,34.0,-33.196,-33.196,-33.196,0.0,0.0,-0.0,34.0
77.4588,1,rev,-90.0,12.2,5.618,5.4,5.4,16.0,0.0,0.0,34.0,-100.0,-100.0,-100.0,0.0,0.0,-0.0,33.0,-21.053,-90.0,-21.614,40.0,3.0,-5.043,33.0,-65.467,-65.0,-65.0,-24.0,1.0,-0.0,43.0,-95.017,-95.017,-95.017,0.0,0.0,-0.0,33.0,-69.756,-70.244,-70.244,8.0,0.0,-0.0,34.0,-33.196,-33.196,-33.196,0.0,0.0,-0.0,34.0
77.512,1,rev,-90.0,12.2,5.618,5.4,5.4,16.0,0.0,0.0,34.0,-100.0,-100.0,-100.0,0.0,0.0,-0.0,33.0,-21.195,-90.0,-21.829,40.0,3.0,-4.059,33.0,-65.467,-65.0,-65.0,-24.0,1.0,-0.0,43.0,-95.017,-95.017,-95.017,0.0,0.0,-0.0,33.0,-69.756,-70.244,-70.244,8.0,0.0,-0.0,34.0,-33.196,-33.196,-33.196,0.0,0.0,-0.0,34.0
77.5651,1,rev,-90.0,12.2,5.618,5.4,5.4,16.0,0.0,0.0,34.0,-100.0,-100.0,-100.0,-8.0,0.0,-0.0,33.0,-21.479,-90.0,-22.069,40.0,3.0,-4.272,33.0,-65.467,-65.0,-65.0,-24.0,1.0,-0.0,43.0,-95.017,-95.017,-95.017,0.0,0.0,-0.0,33.0,-69.756,-70.244,-70.244,8.0,0.0,-0.0,34.0,-33.196,-33.196,-33.196,0.0,0.0,-0.0,34.0
77.6173,1,rev,-90.0,12.2,5.618,5.4,5.4,16.0,0.0,0.0,34.0,-100.0,-100.0,-100.0,-8.0,0.0,-0.0,33.0,-21.622,-90.0,-22.282,40.0,3.0,-3.665,33.0,-65.467,-65.0,-65.0,-24.0,1.0,-0.0,43.0,-95.017,-95.017,-95.017,0.0,0.0,-0.0,33.0,-69.756,-70.244,-70.244,8.0,0.0,-0.0,34.0,-33.196,-33.196,-33.196,0.0,0.0,-0.0,34.0
77.6708,1,rev,-90.0,12.2,5.618,5.4,5.4,16.0,0.0,0.0,34.0,-100.0,-100.0,-100.0,-8.0,0.0,-0.0,33.0,-21.906,-90.0,-22.498,40.0,3.0,-4.52,33.0,-65.467,-65.0,-65.0,-24.0,1.0,-0.0,43.0,-95.017,-95.017,-95.017,0.0,0.0,-0.0,33.0,-69.756,-70.244,-70.244,8.0,0.0,-0.0,34.0,-33.196,-33.196,-33.196,0.0,0.0,-0.0,34.0
77.724,1,rev,-90.0,12.2,5.618,5.4,5.4,16.0,0.0,0.0,34.0,-100.0,-100.0,-100.0,-8.0,0.0,-0.0,33.0,-22.048,-90.0,-22.711,40.0,3.0,-3.339,33.0,-65.467,-65.0,-65.0,-24.0,1.0,-0.0,43.0,-95.017,-95.017,-95.017,0.0,0.0,-0.0,33.0,-69.756,-70.244,-70.244,8.0,0.0,-0.0,34.0,-33.196,-33.196,-33.196,0.0,0.0,-0.0,34.0
77.7772,1,rev,-90.0,12.2,5.618,5.4,5.4,16.0,0.0,0.0,34.0,-100.0,-100.0,-100.0,-8.0,0.0,-0.0,33.0,-22.333,-90.0,-22.928,40.0,3.0,-4.303,33.0,-65.467,-65.0,-65.0,-24.0,1.0,-0.0,43.0,-95.017,-95.017,-95.017,0.0,0.0,-0.0,33.0,-69.756,-70.244,-70.244,8.0,0.0,-0.0,34.0,-33.196,-33.196,-33.196,0.0,0.0,-0.0,34.0
77.8293,1,rev,-90.0,12.2,5.618,5.4,5.4,16.0,0.0,0.0,34.0,-100.0,-100.0,-100.0,-8.0,0.0,-0.0,33.0,-22.475,-90.0,-23.144,40.0,3.0,-3.211,33.0,-65.467,-65.0,-65.0,-24.0,1.0,-0.0,43.0,-95.017,-95.017,-95.017,0.0,0.0,-0.0,33.0,-69.756,-70.244,-70.244,8.0,0.0,-0.0,34.0,-33.196,-33.196,-33.196,0.0,0.0,-0.0,34.0
77.8824,1,rev,-90.0,12.2,5.618,5.4,5.4,16.0,0.0,0.0,34.0,-100.0,-100.0,-100.0,-8.0,0.0,-0.0,33.0,-22.76,-90.0,-23.357,40.0,3.0,-4.291,33.0,-65.467,-65.0,-65.0,-24.0,1.0,-0.0,43.0,-95.017,-95.017,-95.017,0.0,0.0,-0.0,33.0,-69.756,-70.244,-70.244,8.0,0.0,-0.0,34.0,-33.196,-33.196,-33.196,0.0,0.0,-0.0,34.0
77.9343,1,rev,-90.0,12.2,5.618,5.4,5.4,16.0,0.0,0.0,34.0,-100.0,-100.0,-100.0,-8.0,0.0,-0.0,33.0,-22.902,-90.0,-23.572,40.0,3.0,-3.209,33.0,-65.467,-65.0,-65.0,-24.0,1.0,-0.0,43.0,-95.017,-95.017,-95.017,0.0,0.0,-0.0,33.0,-69.756,-70.244,-70.244,8.0,0.0,-0.0,34.0,-33.196,-33.196,-33.196,0.0,0.0,-0.0,34.0
77.9873,1,rev,-90.0,12.2,5.618,5.4,5.4,16.0,0.0,0.0,34.0,-100.0,-100.0,-100.0,-8.0,0.0,-0.0,33.0,-23.186,-90.0,-23.787,40.0,3.0,-4.258,33.0,-65.467,-65.0,-65.0,-24.0,1.0,-0.0,43.0,-95.017,-95.017,-95.017,0.0,0.0,-0.0,33.0,-69.756,-70.244,-70.244,8.0,0.0,-0.0,34.0,-33.196,-33.196,-33.196,0.0,0.0,-0.0,34.0
78.0405,1,rev,-90.0,12.2,5.618,5.4,5.4,16.0,0.0,0.0,34.0,-100.0,-100.0,-100.0,-8.0,0.0,-0.0,33.0,-23.329,-90.0,-24.003,40.0,3.0,-3.2,33.0,-65.467,-65.0,-65.0,-24.0,1.0,-0.0,43.0,-95.017,-95.017,-95.017,0.0,0.0,-0.0,33.0,-69.756,-70.244,-70.244,8.0,0.0,-0.0,34.0,-33.196,-33.196,-33.196,0.0,0.0,-0.0,34.0
78.0923,1,rev,-90.0,12.2,5.618,5.4,5.4,16.0,0.0,0.0,34.0,-100.0,-100.0,-100.0,-8.0,0.0,-0.0,33.0,-23.471,-90.0,-24.11,40.0,3.0,-3.839,33.0,-65.467,-65.0,-65.0,-24.0,1.0,-0.0,43.0,-95.017,-95.017,-95.017,0.0,0.0,-0.0,33.0,-69.756,-70.244,-70.244,8.0,0.0,-0.0,34.0,-33.196,-33.196,-33.196,0.0,0.0,-0.0,34.0
78.1459,1,rev,-90.0,12.2,5.618,5.4,5.4,16.0,0.0,0.0,34.0,-100.0,-100.0,-100.0,0.0,0.0,-0.0,33.0,-23.755,-90.0,-24.349,40.0,4.0,-4.111,33.0,-65.467,-65.0,-65.0,-24.0,1.0,-0.0,43.0,-95.017,-95.017,-95.017,0.0,0.0,-0.0,33.0,-69.756,-70.244,-70.244,8.0,0.0,-0.0,34.0,-33.196,-33.196,-33.196,0.0,0.0,-0.0,34.0
78.1989,1,rev,-90.0,12.2,5.618,5.4,5.4,16.0,0.0,0.0,34.0,-100.0,-100.0,-100.0,0.0,0.0,-0.0,33.0,-23.898,-90.0,-24.572,40.0,4.0,-3.609,33.0,-65.467,-65.0,-65.0,-24.0,1.0,-0.0,43.0,-95.017,-95.017,-95.017,0.0,0.0,-0.0,33.0,-69.756,-70.244,-70.244,8.0,0.0,-0.0,34.0,-33.196,-33.196,-33.196,0.0,0.0,-0.0,34.0
78.2513,1,rev,-90.0,12.2,5.618,5.4,5.4,16.0,0.0,0.0,34.0,-100.0,-100.0,-100.0,0.0,0.0,-0.0,33.0,-24.182,-90.0,-24.786,40.0,4.0,-4.484,33.0,-65.467,-65.0,-65.0,-24.0,1.0,-0.0,43.0,-95.017,-95.017,-95.017,0.0,0.0,-0.0,33.0,-69.756,-70.244,-70.244,8.0,0.0,-0.0,34.0,-33.196,-33.196,-33.196,0.0,0.0,-0.0,34.0
78.3038,1,rev,-90.0,12.2,5.618,5.4,5.4,16.0,0.0,0.0,34.0,-100.0,-100.0,-100.0,0.0,0.0,-0.0,33.0,-24.467,-90.0,-24.999,40.0,4.0,-4.911,33.0,-65.467,-65.0,-65.0,-24.0,1.0,-0.0,43.0,-95.017,-95.017,-95.017,0.0,0.0,-0.0,33.0,-69.756,-70.244,-70.244,8.0,0.0,-0.0,34.0,-33.196,-33.196,-33.196,0.0,0.0,-0.0,34.0
78.3572,1,rev,-90.0,12.2,5.618,5.4,5.4,16.0,0.0,0.0,34.0,-100.0,-100.0,-100.0,0.0,0.0,-0.0,33.0,-24.609,-90.0,-25.214,40.0,4.0,-4.021,33.0,-65.467,-65.0,-65.0,-24.0,1.0,-0.0,43.0,-95.017,-95.017,-95.017,0.0,0.0,-0.0,33.0,-69.756,-70.244,-70.244,8.0,0.0,-0.0,34.0,-33.196,-33.196,-33.196,0.0,0.0,-0.0,34.0
78.4093,1,rev,-90.0,12.2,5.618,5.4,5.4,16.0,0.0,0.0,34.0,-100.0,-100.0,-100.0,0.0,0.0,-0.0,33.0,-24.893,-90.0,-25.426,40.0,4.0,-4.696,33.0,-65.467,-65.0,-65.0,-24.0,1.0,-0.0,43.0,-95.017,-95.017,-95.017,0.0,0.0,-0.0,33.0,-69.756,-70.244,-70.244,8.0,0.0,-0.0,34.0,-33.196,-33.196,-33.196,0.0,0.0,-0.0,34.0
78.4625,1,rev,-90.0,12.2,5.618,5.4,5.4,16.0,0.0,0.0,34.0,-100.0,-100.0,-100.0,0.0,0.0,-0.0,33.0,-25.036,-90.0,-25.638,40.0,4.0,-3.896,33.0,-65.467,-65.0,-65.0,-24.0,1.0,-0.0,43.0,-95.017,-95.017,-95.017,0.0,0.0,-0.0,33.0,-69.756,-70.244,-70.244,8.0,0.0,-0.0,34.0,-33.196,-33.196,-33.196,0.0,0.0,-0.0,34.0
78.5154,1,rev,-90.0,12.2,5.618,5.4,5.4,16.0,0.0,0.0,34.0,-100.0,-100.0,-100.0,0.0,0.0,-0.0,33.0,-25.32,-90.0,-25.855,40.0,4.0,-4.583,33.0,-65.467,-65.0,-65.0,-24.0,1.0,-0.0,43.0,-95.017,-95.017,-95.017,0.0,0.0,-0.0,33.0,-69.756,-70.244,-70.244,8.0,0.0,-0.0,34.0,-33.196,-33.196,-33.196,0.0,0.0,-0.0,34.0
78.5688,1,rev,-90.0,12.2,5.618,5.4,5.4,16.0,0.0,0.0,34.0,-100.0,-100.0,-100.0,0.0,0.0,-0.0,33.0,-25.462,-90.0,-26.069,40.0,4.0,-3.853,33.0,-65.467,-65.0,-65.0,-24.0,1.0,-0.0,43.0,-95.017,-95.017,-95.017,0.0,0.0,-0.0,33.0,-69.756,-70.244,-70.244,8.0,0.0,-0.0,34.0,-33.196,-33.196,-33.196,0.0,0.0,-0.0,34.0
78.6222,1,rev,-90.0,12.2,5.618,5.4,5.4,16.0,0.0,0.0,34.0,-100.0,-100.0,-100.0,0.0,0.0,-0.0,33.0,-25.747,-90.0,-26.284,40.0,4.0,-4.604,33.0,-65.467,-65.0,-65.0,-24.0,1.0,-0.0,43.0,-95.017,-95.017,-95.017,0.0,0.0,-0.0,33.0,-69.756,-70.244,-70.244,8.0,0.0,-0.0,34.0,-33.196,-33.196,-33.196,0.0,0.0,-0.0,34.0
78.6754,1,rev,-90.0,12.2,5.618,5.4,5.4,16.0,0.0,0.0,34.0,-100.0,-100.0,-100.0,0.0,0.0,-0.0,33.0,-25.889,-90.0,-26.39,32.0,2.0,-4.818,33.0,-65.467,-65.0,-65.0,-24.0,1.0,-0.0,43.0,-95.017,-95.017,-95.017,0.0,0.0,-0.0,33.0,-69.756,-70.244,-70.244,8.0,0.0,-0.0,34.0,-33.196,-33.196,-33.196,0.0,0.0,-0.0,34.0
78.7284,1,rev,-90.0,12.2,5.618,5.4,5.4,16.0,0.0,0.0,34.0,-100.0,-100.0,-100.0,0.0,0.0,-0.0,33.0,-26.031,-90.0,-26.726,32.0,2.0,-3.934,33.0,-65.467,-65.0,-65.0,-24.0,1.0,-0.0,43.0,-95.017,-95.017,-95.017,0.0,0.0,-0.0,33.0,-69.756,-70.244,-70.244,8.0,0.0,-0.0,34.0,-33.196,-33.196,-33.196,0.0,0.0,-0.0,34.0
78.7819,1,rev,-90.0,12.2,5.618,5.4,5.4,16.0,0.0,0.0,34.0,-100.0,-100.0,-100.0,0.0,0.0,-0.0,33.0,-26.316,-90.0,-26.939,32.0,2.0,-4.645,33.0,-65.467,-65.0,-65.0,-24.0,1.0,-0.0,43.0,-95.017,-95.017,-95.017,0.0,0.0,-0.0,33.0,-69.756,-70.244,-70.244,8.0,0.0,-0.0,34.0,-33.196,-33.196,-33.196,0.0,0.0,-0.0,34.0
78.8338,1,rev,-90.0,12.2,5.618,5.4,5.4,16.0,0.0,0.0,34.0,-100.0,-100.0,-100.0,0.0,0.0,-0.0,33.0,-26.6,-90.0,-27.154,32.0,2.0,-4.994,33.0,-65.467,-65.0,-65.0,-24.0,1.0,-0.0,43.0,-95.017,-95.017,-95.017,0.0,0.0,-0.0,33.0,-69.756,-70.244,-70.244,8.0,0.0,-0.0,34.0,-33.196,-33.196,-33.196,0.0,0.0,-0.0,34.0
78.8871,1,rev,-90.0,12.2,5.618,5.4,5.4,16.0,0.0,0.0,34.0,-100.0,-100.0,-100.0,0.0,0.0,-0.0,33.0,-26.743,-90.0,-27.368,32.0,2.0,-4.035,33.0,-65.467,-65.0,-65.0,-24.0,1.0,-0.0,43.0,-95.017,-95.017,-95.017,0.0,0.0,-0.0,33.0,-69.756,-70.244,-70.244,8.0,0.0,-0.0,34.0,-33.196,-33.196,-33.196,0.0,0.0,-0.0,34.0
78.9393,1,rev,-90.0,12.2,5.618,5.4,5.4,16.0,0.0,0.0,34.0,-100.0,-100.0,-100.0,0.0,0.0,-0.0,33.0,-27.027,-90.0,-27.581,32.0,2.0,-4.708,33.0,-65.467,-65.0,-65.0,-24.0,1.0,-0.0,43.0,-95.017,-95.017,-95.017,0.0,0.0,-0.0,33.0,-69.756,-70.244,-70.244,8.0,0.0,-0.0,34.0,-33.196,-33.196,-33.196,0.0,0.0,-0.0,34.0
78.9931,1,rev,-90.0,12.2,5.618,5.4,5.4,16.0,0.0,0.0,34.0,-100.0,-100.0,-100.0,0.0,0.0,-0.0,33.0,-27.169,-90.0,-27.797,32.0,2.0,-3.401,33.0,-65.467,-65.0,-65.0,-24.0,1.0,-0.0,43.0,-95.017,-95.017,-95.017,0.0,0.0,-0.0,33.0,-69.756,-70.244,-70.244,8.0,0.0,-0.0,34.0,-33.196,-33.196,-33.196,0.0,0.0,-0.0,34.0
79.0453,1,rev,-90.0,12.2,5.618,5.4,5.4,16.0,0.0,0.0,34.0,-100.0,-100.0,-100.0,0.0,0.0,-0.0,33.0,-27.454,-90.0,-28.011,32.0,2.0,-4.358,33.0,-65.467,-65.0,-65.0,-24.0,1.0,-0.0,43.0,-95.017,-95.017,-95.017,0.0,0.0,-0.0,33.0,-69.756,-70.244,-70.244,8.0,0.0,-0.0,34.0,-33.196,-33.196,-33.196,0.0,0.0,-0.0,34.0
79.0985,1,rev,-90.0,12.2,5.618,5.4,5.4,16.0,0.0,0.0,34.0,-100.0,-100.0,-100.0,0.0,0.0,-0.0,33.0,-27.596,-90.0,-28.226,32.0,2.0,-3.251,33.0,-65.467,-65.0,-65.0,-24.0,1.0,-0.0,43.0,-95.017,-95.017,-95.017,0.0,0.0,-0.0,33.0,-69.756,-70.244,-70.244,8.0,0.0,-0.0,34.0,-33.196,-33.196,-33.196,0.0,0.0,-0.0,34.0
79.1516,1,rev,-90.0,12.2,5.618,5.4,5.4,16.0,0.0,0.0,34.0,-100.0,-100.0,-100.0,0.0,0.0,-0.0,33.0,-27.881,-90.0,-28.441,32.0,2.0,-4.292,33.0,-65.467,-65.0,-65.0,-24.0,1.0,-0.0,43.0,-95.017,-95.017,-95.017,0.0,0.0,-0.0,33.0,-69.756,-70.244,-70.244,8.0,0.0,-0.0,34.0,-33.196,-33.196,-33.196,0.0,0.0,-0.0,34.0
79.2049,1,rev,-90.0,12.2,5.618,5.4,5.4,16.0,0.0,0.0,34.0,-100.0,-100.0,-100.0,0.0,0.0,-0.0,33.0,-28.023,-90.0,-28.66,32.0,2.0,-3.195,33.0,-65.467,-65.0,-65.0,-24.0,1.0,-0.0,43.0,-95.017,-95.017,-95.017,0.0,0.0,-0.0,33.0,-69.756,-70.244,-70.244,8.0,0.0,-0.0,34.0,-33.196,-33.196,-33.196,0.0,0.0,-0.0,34.0
79.2585,1,rev,-90.0,12.2,5.618,5.4,5.4,16.0,0.0,0.0,34.0,-100.0,-100.0,-100.0,0.0,0.0,-0.0,33.0,-28.023,-90.0,-28.893,40.0,3.0,-3.195,33.0,-65.467,-65.0,-65.0,-24.0,1.0,-0.0,43.0,-95.017,-95.017,-95.017,0.0,0.0,-0.0,33.0,-69.756,-70.244,-70.244,8.0,0.0,-0.0,34.0,-33.196,-33.196,-33.196,0.0,0.0,-0.0,34.0
79.3114,1,rev,-90.0,12.2,5.618,5.4,5.4,16.0,0.0,0.0,34.0,-100.0,-100.0,-100.0,0.0,0.0,-0.0,33.0,-28.307,-90.0,-29.011,40.0,3.0,-2.551,33.0,-65.467,-65.0,-65.0,-24.0,1.0,-0.0,43.0,-95.017,-95.017,-95.017,0.0,0.0,-0.0,33.0,-69.756,-70.244,-70.244,8.0,0.0,-0.0,34.0,-33.196,-33.196,-33.196,0.0,0.0,-0.0,34.0
79.3646,1,rev,-90.0,12.2,5.618,5.4,5.4,16.0,0.0,0.0,34.0,-100.0,-100.0,-100.0,0.0,0.0,-0.0,33.0,-28.592,-90.0,-29.236,40.0,3.0,-3.845,33.0,-65.467,-65.0,-65.0,-24.0,1.0,-0.0,43.0,-95.017,-95.017,-95.017,0.0,0.0,-0.0,33.0,-69.756,-70.244,-70.244,8.0,0.0,-0.0,34.0,-33.196,-33.196,-33.196,0.0,0.0,-0.0,34.0
79.418,1,rev,-90.0,12.2,5.618,5.4,5.4,16.0,0.0,0.0,34.0,-100.0,-100.0,-100.0,0.0,0.0,-0.0,33.0,-28.876,-90.0,-29.45,40.0,3.0,-4.613,33.0,-65.467,-65.0,-65.0,-24.0,1.0,-0.0,43.0,-95.017,-95.017,-95.017,0.0,0.0,-0.0,33.0,-69.756,-70.244,-70.244,8.0,0.0,-0.0,34.0,-33.196,-33.196,-33.196,0.0,0.0,-0.0,34.0
79.471,1,rev,-90.0,12.2,5.618,5.4,5.4,16.0,0.0,0.0,34.0,-100.0,-100.0,-100.0,0.0,0.0,-0.0,33.0,-29.161,-90.0,-29.663,40.0,3.0,-4.982,33.0,-65.467,-65.0,-65.0,-24.0,1.0,-0.0,43.0,-95.017,-95.017,-95.017,0.0,0.0,-0.0,33.0,-69.756,-70.244,-70.244,8.0,0.0,-0.0,34.0,-33.196,-33.196,-33.196,0.0,0.0,-0.0,34.0
79.5241,1,rev,-90.0,12.2,5.618,5.4,5.4,16.0,0.0,0.0,34.0,-100.0,-100.0,-100.0,0.0,0.0,-0.0,33.0,-29.303,-90.0,-29.877,40.0,3.0,-4.036,33.0,-65.467,-65.0,-65.0,-24.0,1.0,-0.0,43.0,-95.017,-95.017,-95.017,0.0,0.0,-0.0,33.0,-69.756,-70.244,-70.244,8.0,0.0,-0.0,34.0,-33.196,-33.196,-33.196,0.0,0.0,-0.0,34.0
79.5772,1,rev,-90.0,12.2,5.618,5.4,5.4,16.0,0.0,0.0,34.0,-100.0,-100.0,-100.0,0.0,0.0,-0.0,33.0,-29.587,-90.0,-30.09,40.0,3.0,-4.697,33.0,-65.467,-65.0,-65.0,-24.0,1.0,-0.0,43.0,-95.017,-95.017,-95.017,0.0,0.0,-0.0,33.0,-69.756,-70.244,-70.244,8.0,0.0,-0.0,34.0,-33.196,-33.196,-33.196,0.0,0.0,-0.0,34.0
79.6294,1,rev,-90.0,12.2,5.618,5.4,5.4,16.0,0.0,0.0,34.0,-100.0,-100.0,-100.0,0.0,0.0,-0.0,33.0,-29.73,-90.0,-30.304,40.0,3.0,-3.886,33.0,-65.467,-65.0,-65.0,-24.0,1.0,-0.0,43.0,-95.017,-95.017,-95.017,0.0,0.0,-0.0,33.0,-69.756,-70.244,-70.244,8.0,0.0,-0.0,34.0,-33.196,-33.196,-33.196,0.0,0.0,-0.0,34.0
79.6825,1,rev,-90.0,12.2,5.618,5.4,5.4,16.0,0.0,0.0,34.0,-100.0,-100.0,-100.0,0.0,0.0,-0.0,33.0,-30.014,-90.0,-30.518,40.0,3.0,-4.625,33.0,-65.467,-65.0,-65.0,-24.0,1.0,-0.0,43.0,-95.017,-95.017,-95.017,0.0,0.0,-0.0,33.0,-69.756,-70.244,-70.244,8.0,0.0,-0.0,34.0,-33.196,-33.196,-33.196,0.0,0.0,-0.0,34.0
79.7357,1,rev,-90.0,12.2,5.618,5.4,5.4,16.0,0.0,0.0,34.0,-100.0,-100.0,-100.0,0.0,0.0,-0.0,33.0,-30.156,-90.0,-30.731,40.0,3.0,-3.868,33.0,-65.467,-65.0,-65.0,-24.0,1.0,-0.0,43.0,-95.017,-95.017,-95.017,0.0,0.0,-0.0,33.0,-69.756,-70.244,-70.244,8.0,0.0,-0.0,34.0,-33.196,-33.196,-33.196,0.0,0.0,-0.0,34.0
79.7887,1,rev,-90.0,12.2,5.618,5.4,5.4,16.0,0.0,0.0,34.0,-100.0,-100.0,-100.0,0.0,0.0,-0.0,33.0,-30.441,-90.0,-30.945,40.0,3.0,-4.615,33.0,-65.467,-65.0,-65.0,-24.0,1.0,-0.0,43.0,-95.017,-95.017,-95.017,0.0,0.0,-0.0,33.0,-69.756,-70.244,-70.244,8.0,0.0,-0.0,34.0,-33.196,-33.196,-33.196,0.0,0.0,-0.0,34.0
79.8419,1,rev,-90.0,12.2,5.618,5.4,5.4,16.0,0.0,0.0,34.0,-100.0,-100.0,-100.0,-8.0,0.0,-0.0,33.0,-30.583,-90.0,-31.172,32.0,3.0,-3.977,33.0,-65.467,-65.0,-65.0,-24.0,0.0,-0.0,43.0,-95.017,-95.017,-95.017,0.0,0.0,-0.0,33.0,-69.756,-70.244,-70.244,8.0,0.0,-0.0,34.0,-33.196,-33.196,-33.196,0.0,0.0,-0.0,34.0
79.8948,1,rev,-90.0,12.2,5.618,5.4,5.4,16.0,0.0,0.0,34.0,-100.0,-100.0,-100.0,-8.0,0.0,-0.0,33.0,-30.725,-90.0,-31.386,32.0,3.0,-3.56,33.0,-65.467,-65.0,-65.0,-24.0,0.0,-0.0,43.0,-95.017,-95.017,-95.017,0.0,0.0,-0.0,33.0,-69.756,-70.244,-70.244,8.0,0.0,-0.0,34.0,-33.196,-33.196,-33.196,0.0,0.0,-0.0,34.0
79.9478,1,rev,-90.0,12.2,5.618,5.4,5.4,16.0,0.0,0.0,34.0,-100.0,-100.0,-100.0,-8.0,0.0,-0.0,33.0,-31.01,-90.0,-31.6,32.0,3.0,-4.449,33.0,-65.467,-65.0,-65.0,-24.0,0.0,-0.0,43.0,-95.017,-95.017,-95.017,0.0,0.0,-0.0,33.0,-69.756,-70.244,-70.244,8.0,0.0,-0.0,34.0,-33.196,-33.196,-33.196,0.0,0.0,-0.0,34.0
80.0016,1,rev,-90.0,12.2,5.618,5.4,5.4,16.0,0.0,0.0,34.0,-100.0,-100.0,-100.0,-8.0,0.0,-0.0,33.0,-31.294,-90.0,-31.815,32.0,3.0,-4.888,33.0,-65.467,-65.0,-65.0,-24.0,0.0,-0.0,43.0,-95.017,-95.017,-95.017,0.0,0.0,-0.0,33.0,-69.756,-70.244,-70.244,8.0,0.0,-0.0,34.0,-33.196,-33.196,-33.196,0.0,0.0,-0.0,34.0
80.0548,1,rev,-90.0,12.2,5.618,5.4,5.4,16.0,0.0,0.0,34.0,-100.0,-100.0,-100.0,-8.0,0.0,-0.0,33.0,-31.437,-90.0,-32.028,32.0,3.0,-3.993,33.0,-65.467,-65.0,-65.0,-24.0,0.0,-0.0,43.0,-95.017,-95.017,-95.017,0.0,0.0,-0.0,33.0,-69.756,-70.244,-70.244,8.0,0.0,-0.0,34.0,-33.196,-33.196,-33.196,0.0,0.0,-0.0,34.0
80.1078,1,rev,-90.0,12.2,5.618,5.4,5.4,16.0,0.0,0.0,34.0,-100.0,-100.0,-100.0,-8.0,0.0,-0.0,33.0,-31.721,-90.0,-32.242,32.0,3.0,-4.663,33.0,-65.467,-65.0,-65.0,-24.0,0.0,-0.0,43.0,-95.017,-95.017,-95.017,0.0,0.0,-0.0,33.0,-69.756,-70.244,-70.244,8.0,0.0,-0.0,34.0,-33.196,-33.196,-33.196,0.0,0.0,-0.0,34.0
80.1608,1,rev,-90.0,12.2,5.618,5.4,5.4,16.0,0.0,0.0,34.0,-100.0,-100.0,-100.0,-8.0,0.0,-0.0,33.0,-31.863,-90.0,-32.455,32.0,3.0,-3.889,33.0,-65.467,-65.0,-65.0,-24.0,0.0,-0.0,43.0,-95.017,-95.017,-95.017,0.0,0.0,-0.0,33.0,-69.756,-70.244,-70.244,8.0,0.0,-0.0,34.0,-33.196,-33.196,-33.196,0.0,0.0,-0.0,34.0
80.2138,1,rev,-90.0,12.2,5.618,5.4,5.4,16.0,0.0,0.0,34.0,-100.0,-100.0,-100.0,-8.0,0.0,-0.0,33.0,-32.148,-90.0,-32.668,32.0,3.0,-4.624,33.0,-65.467,-65.0,-65.0,-24.0,0.0,-0.0,43.0,-95.017,-95.017,-95.017,0.0,0.0,-0.0,33.0,-69.756,-70.244,-70.244,8.0,0.0,-0.0,34.0,-33.196,-33.196,-33.196,0.0,0.0,-0.0,34.0
80.2668,1,rev,-90.0,12.2,5.618,5.4,5.4,16.0,0.0,0.0,34.0,-100.0,-100.0,-100.0,-8.0,0.0,-0.0,33.0,-32.432,-90.0,-32.882,32.0,3.0,-5.471,33.0,-65.467,-65.0,-65.0,-24.0,0.0,-0.0,43.0,-95.017,-95.017,-95.017,0.0,0.0,-0.0,33.0,-69.756,-70.244,-70.244,8.0,0.0,-0.0,34.0,-33.196,-33.196,-33.196,0.0,0.0,-0.0,34.0
80.3199,1,rev,-90.0,12.2,5.618,5.4,5.4,16.0,0.0,0.0,34.0,-100.0,-100.0,-100.0,-8.0,0.0,-0.0,33.0,-32.575,-90.0,-33.095,32.0,3.0,-4.289,33.0,-65.467,-65.0,-65.0,-24.0,0.0,-0.0,43.0,-95.017,-95.017,-95.017,0.0,0.0,-0.0,33.0,-69.756,-70.244,-70.244,8.0,0.0,-0.0,34.0,-33.196,-33.196,-33.196,0.0,0.0,-0.0,34.0
80.3729,1,rev,-90.0,12.2,5.618,5.4,5.4,16.0,0.0,0.0,34.0,-100.0,-100.0,-100.0,0.0,0.0,-0.0,33.0,-32.575,-90.0,-33.201,32.0,3.0,-3.003,33.0,-65.467,-65.0,-65.0,-24.0,0.0,-0.0,43.0,-95.017,-95.017,-95.017,0.0,0.0,-0.0,33.0,-69.756,-70.244,-70.244,8.0,0.0,-0.0,34.0,-33.196,-33.196,-33.196,0.0,0.0,-0.0,34.0
80.426,1,rev,-90.0,12.2,5.618,5.4,5.4,16.0,0.0,0.0,34.0,-100.0,-100.0,-100.0,0.0,0.0,-0.0,33.0,-32.859,-90.0,-33.536,32.0,3.0,-2.519,33.0,-65.467,-65.0,-65.0,-24.0,0.0,-0.0,43.0,-95.017,-95.017,-95.017,0.0,0.0,-0.0,33.0,-69.756,-70.244,-70.244,8.0,0.0,-0.0,34.0,-33.196,-33.196,-33.196,0.0,0.0,-0.0,34.0
80.4788,1,rev,-90.0,12.2,5.618,5.4,5.4,16.0,0.0,0.0,34.0,-100.0,-100.0,-100.0,0.0,0.0,-0.0,33.0,-33.144,-90.0,-33.748,32.0,3.0,-3.478,33.0,-65.467,-65.0,-65.0,-24.0,0.0,-0.0,43.0,-95.017,-95.017,-95.017,0.0,0.0,-0.0,33.0,-69.756,-70.244,-70.244,8.0,0.0,-0.0,34.0,-33.196,-33.196,-33.196,0.0,0.0,-0.0,34.0
80.5316,1,rev,-90.0,12.2,5.618,5.4,5.4,16.0,0.0,0.0,34.0,-100.0,-100.0,-100.0,0.0,0.0,-0.0,33.0,-33.428,-90.0,-33.961,32.0,3.0,-4.422,33.0,-65.467,-65.0,-65.0,-24.0,0.0,-0.0,43.0,-95.017,-95.017,-95.017,0.0,0.0,-0.0,33.0,-69.756,-70.244,-70.244,8.0,0.0,-0.0,34.0,-33.196,-33.196,-33.196,0.0,0.0,-0.0,34.0
80.5844,1,rev,-90.0,12.2,5.618,5.4,5.4,16.0,0.0,0.0,34.0,-100.0,-100.0,-100.0,0.0,0.0,-0.0,33.0,-33.57,-90.0,-34.175,32.0,3.0,-3.29,33.0,-65.467,-65.0,-65.0,-24.0,0.0,-0.0,43.0,-95.017,-95.017,-95.017,0.0,0.0,-0.0,33.0,-69.756,-70.244,-70.244,8.0,0.0,-0.0,34.0,-33.196,-33.196,-33.196,0.0,0.0,-0.0,34.0
80.6376,1,rev,-90.0,12.2,5.618,5.4,5.4,16.0,0.0,0.0,34.0,-100.0,-100.0,-100.0,0.0,0.0,-0.0,33.0,-33.855,-90.0,-34.387,32.0,3.0,-4.347,33.0,-65.467,-65.0,-65.0,-24.0,0.0,-0.0,43.0,-95.017,-95.017,-95.017,0.0,0.0,-0.0,33.0,-69.756,-70.244,-70.244,8.0,0.0,-0.0,34.0,-33.196,-33.196,-33.196,0.0,0.0,-0.0,34.0
80.6906,1,rev,-90.0,12.2,5.618,5.4,5.4,16.0,0.0,0.0,34.0,-100.0,-100.0,-100.0,0.0,0.0,-0.0,33.0,-33.997,-90.0,-34.599,32.0,3.0,-3.703,33.0,-65.467,-65.0,-65.0,-24.0,0.0,-0.0,43.0,-95.017,-95.017,-95.017,0.0,0.0,-0.0,33.0,-69.756,-70.244,-70.244,8.0,0.0,-0.0,34.0,-33.196,-33.196,-33.196,0.0,0.0,-0.0,34.0
80.7435,1,rev,-90.0,12.2,5.618,5.4,5.4,16.0,0.0,0.0,34.0,-100.0,-100.0,-100.0,0.0,0.0,-0.0,33.0,-34.282,-90.0,-34.813,32.0,3.0,-4.558,33.0,-65.467,-65.0,-65.0,-24.0,0.0,-0.0,43.0,-95.017,-95.017,-95.017,0.0,0.0,-0.0,33.0,-69.756,-70.244,-70.244,8.0,0.0,-0.0,34.0,-33.196,-33.196,-33.196,0.0,0.0,-0.0,34.0
80.7956,1,rev,-90.0,12.2,5.618,5.4,5.4,16.0,0.0,0.0,34.0,-100.0,-100.0,-100.0,0.0,0.0,-0.0,33.0,-34.282,-90.0,-35.025,32.0,3.0,-3.191,33.0,-65.467,-65.0,-65.0,-24.0,0.0,-0.0,43.0,-95.017,-95.017,-95.017,0.0,0.0,-0.0,33.0,-69.756,-70.244,-70.244,8.0,0.0,-0.0,34.0,-33.196,-33.196,-33.196,0.0,0.0,-0.0,34.0
80.8489,1,rev,-90.0,12.2,5.618,5.4,5.4,16.0,0.0,0.0,34.0,-100.0,-100.0,-100.0,0.0,0.0,-0.0,33.0,-34.708,-90.0,-35.25,32.0,3.0,-5.77,33.0,-65.467,-65.0,-65.0,-24.0,0.0,-0.0,43.0,-95.017,-95.017,-95.017,0.0,0.0,-0.0,33.0,-69.756,-70.244,-70.244,8.0,0.0,-0.0,34.0,-33.196,-33.196,-33.196,0.0,0.0,-0.0,34.0
80.9022,1,rev,-90.0,12.2,5.618,5.4,5.4,16.0,0.0,0.0,34.0,-100.0,-100.0,-100.0,0.0,0.0,-0.0,33.0,-34.851,-90.0,-35.475,32.0,3.0,-4.429,33.0,-65.467,-65.0,-65.0,-24.0,0.0,-0.0,43.0,-95.017,-95.017,-95.017,0.0,0.0,-0.0,33.0,-69.756,-70.244,-70.244,8.0,0.0,-0.0,34.0,-33.196,-33.196,-33.196,0.0,0.0,-0.0,34.0
80.9544,1,rev,-90.0,12.2,5.618,5.4,5.4,16.0,0.0,0.0,34.0,-100.0,-100.0,-100.0,0.0,0.0,-0.0,33.0,-34.851,-90.0,-35.475,40.0,3.0,-3.1,33.0,-65.467,-65.0,-65.0,-24.0,1.0,-0.0,43.0,-95.017,-95.017,-95.017,0.0,0.0,-0.0,33.0,-69.756,-70.244,-70.244,8.0,0.0,-0.0,34.0,-33.196,-33.196,-33.196,0.0,0.0,-0.0,34.0
81.0073,1,rev,-90.0,12.2,5.618,5.4,5.4,16.0,0.0,0.0,34.0,-100.0,-100.0,-100.0,0.0,0.0,-0.0,33.0,-35.277,-90.0,-35.812,40.0,3.0,-4.167,33.0,-65.467,-65.0,-65.0,-24.0,1.0,-0.0,43.0,-95.017,-95.017,-95.017,0.0,0.0,-0.0,33.0,-69.756,-70.244,-70.244,8.0,0.0,-0.0,34.0,-33.196,-33.196,-33.196,0.0,0.0,-0.0,34.0
81.0594,1,rev,-90.0,12.2,5.618,5.4,5.4,16.0,0.0,0.0,34.0,-100.0,-100.0,-100.0,0.0,0.0,-0.0,33.0,-35.562,-90.0,-36.025,40.0,3.0,-5.216,33.0,-65.467,-65.0,-65.0,-24.0,1.0,-0.0,43.0,-95.017,-95.017,-95.017,0.0,0.0,-0.0,33.0,-69.756,-70.244,-70.244,8.0,0.0,-0.0,34.0,-33.196,-33.196,-33.196,0.0,0.0,-0.0,34.0
81.1126,1,rev,-90.0,12.2,5.618,5.4,5.4,16.0,0.0,0.0,34.0,-100.0,-100.0,-100.0,0.0,0.0,-0.0,33.0,-35.704,-90.0,-36.239,40.0,3.0,-4.164,33.0,-65.467,-65.0,-65.0,-24.0,1.0,-0.0,43.0,-95.017,-95.017,-95.017,0.0,0.0,-0.0,33.0,-69.756,-70.244,-70.244,8.0,0.0,-0.0,34.0,-33.196,-33.196,-33.196,0.0,0.0,-0.0,34.0
81.1655,1,rev,-90.0,12.2,5.618,5.4,5.4,16.0,0.0,0.0,34.0,-100.0,-100.0,-100.0,0.0,0.0,-0.0,33.0,-35.846,-90.0,-36.452,40.0,3.0,-3.163,33.0,-65.467,-65.0,-65.0,-24.0,1.0,-0.0,43.0,-95.017,-95.017,-95.017,0.0,0.0,-0.0,33.0,-69.756,-70.244,-70.244,8.0,0.0,-0.0,34.0,-33.196,-33.196,-33.196,0.0,0.0,-0.0,34.0
81.2173,1,rev,-90.0,12.2,5.618,5.4,5.4,16.0,0.0,0.0,34.0,-100.0,-100.0,-100.0,0.0,0.0,-0.0,33.0,-36.131,-90.0,-36.666,40.0,3.0,-4.285,33.0,-65.467,-65.0,-65.0,-24.0,1.0,-0.0,43.0,-95.017,-95.017,-95.017,0.0,0.0,-0.0,33.0,-69.756,-70.244,-70.244,8.0,0.0,-0.0,34.0,-33.196,-33.196,-33.196,0.0,0.0,-0.0,34.0
81.2702,1,rev,-90.0,12.2,5.618,5.4,5.4,16.0,0.0,0.0,34.0,-100.0,-100.0,-100.0,0.0,0.0,-0.0,33.0,-36.273,-90.0,-36.878,40.0,3.0,-3.226,33.0,-65.467,-65.0,-65.0,-24.0,1.0,-0.0,43.0,-95.017,-95.017,-95.017,0.0,0.0,-0.0,33.0,-69.756,-70.244,-70.244,8.0,0.0,-0.0,34.0,-33.196,-33.196,-33.196,0.0,0.0,-0.0,34.0
81.3232,1,rev,-90.0,12.2,5.618,5.4,5.4,16.0,0.0,0.0,34.0,-100.0,-100.0,-100.0,0.0,0.0,-0.0,33.0,-36.558,-90.0,-37.09,40.0,3.0,-4.327,33.0,-65.467,-65.0,-65.0,-24.0,1.0,-0.0,43.0,-95.017,-95.017,-95.017,0.0,0.0,-0.0,33.0,-69.756,-70.244,-70.244,8.0,0.0,-0.0,34.0,-33.196,-33.196,-33.196,0.0,0.0,-0.0,34.0
81.3761,1,rev,-90.0,12.2,5.618,5.4,5.4,16.0,0.0,0.0,34.0,-100.0,-100.0,-100.0,0.0,0.0,-0.0,33.0,-36.7,-90.0,-37.302,40.0,3.0,-3.712,33.0,-65.467,-65.0,-65.0,-24.0,1.0,-0.0,43.0,-95.017,-95.017,-95.017,0.0,0.0,-0.0,33.0,-69.756,-70.244,-70.244,8.0,0.0,-0.0,34.0,-33.196,-33.196,-33.196,0.0,0.0,-0.0,34.0
81.4291,1,rev,-90.0,12.2,5.618,5.4,5.4,16.0,0.0,0.0,34.0,-100.0,-100.0,-100.0,0.0,0.0,-0.0,33.0,-36.984,-90.0,-37.515,40.0,3.0,-4.553,33.0,-65.467,-65.0,-65.0,-24.0,1.0,-0.0,43.0,-95.017,-95.017,-95.017,0.0,0.0,-0.0,33.0,-69.756,-70.244,-70.244,8.0,0.0,-0.0,34.0,-33.196,-33.196,-33.196,0.0,0.0,-0.0,34.0
81.4821,1,rev,-90.0,12.2,5.618,5.4,5.4,16.0,0.0,0.0,34.0,-100.0,-100.0,-100.0,0.0,0.0,-0.0,33.0,-37.127,-90.0,-37.728,40.0,3.0,-3.842,33.0,-65.467,-65.0,-65.0,-24.0,1.0,-0.0,43.0,-95.017,-95.017,-95.017,0.0,0.0,-0.0,33.0,-69.756,-70.244,-70.244,8.0,0.0,-0.0,34.0,-33.196,-33.196,-33.196,0.0,0.0,-0.0,34.0
81.5353,1,rev,-90.0,12.2,5.618,5.4,5.4,16.0,0.0,0.0,34.0,-100.0,-100.0,-100.0,0.0,0.0,-0.0,33.0,-37.411,-90.0,-37.966,40.0,3.0,-4.112,33.0,-65.467,-65.0,-65.0,-24.0,0.0,-0.0,43.0,-95.017,-95.017,-95.017,0.0,0.0,-0.0,33.0,-69.756,-70.244,-70.244,8.0,0.0,-0.0,34.0,-33.196,-33.196,-33.196,0.0,0.0,-0.0,34.0
81.5877,1,rev,-90.0,12.2,5.618,5.4,5.4,16.0,0.0,0.0,34.0,-100.0,-100.0,-100.0,0.0,0.0,-0.0,33.0,-37.553,-90.0,-38.181,40.0,3.0,-3.619,33.0,-65.467,-65.0,-65.0,-24.0,0.0,-0.0,43.0,-95.017,-95.017,-95.017,0.0,0.0,-0.0,33.0,-69.756,-70.244,-70.244,8.0,0.0,-0.0,34.0,-33.196,-33.196,-33.196,0.0,0.0,-0.0,34.0
81.6408,1,rev,-90.0,12.2,5.618,5.4,5.4,16.0,0.0,0.0,34.0,-100.0,-100.0,-100.0,0.0,0.0,-0.0,33.0,-37.838,-90.0,-38.394,40.0,3.0,-4.012,33.0,-65.467,-65.0,-65.0,-24.0,0.0,-0.0,43.0,-95.017,-95.017,-95.017,0.0,0.0,-0.0,33.0,-69.756,-70.244,-70.244,8.0,0.0,-0.0,34.0,-33.196,-33.196,-33.196,0.0,0.0,-0.0,34.0
81.6936,1,rev,-90.0,12.2,5.618,5.4,5.4,16.0,0.0,0.0,34.0,-100.0,-100.0,-100.0,0.0,0.0,-0.0,33.0,-37.98,-90.0,-38.608,40.0,3.0,-3.093,33.0,-65.467,-65.0,-65.0,-24.0,0.0,-0.0,43.0,-95.017,-95.017,-95.017,0.0,0.0,-0.0,33.0,-69.756,-70.244,-70.244,8.0,0.0,-0.0,34.0,-33.196,-33.196,-33.196,0.0,0.0,-0.0,34.0
81.7466,1,rev,-90.0,12.2,5.618,5.4,5.4,16.0,0.0,0.0,34.0,-100.0,-100.0,-100.0,0.0,0.0,-0.0,33.0,-38.407,-90.0,-38.821,40.0,3.0,-5.854,33.0,-65.467,-65.0,-65.0,-24.0,0.0,-0.0,43.0,-95.017,-95.017,-95.017,0.0,0.0,-0.0,33.0,-69.756,-70.244,-70.244,8.0,0.0,-0.0,34.0,-33.196,-33.196,-33.196,0.0,0.0,-0.0,34.0
81.7994,1,rev,-90.0,12.2,5.618,5.4,5.4,16.0,0.0,0.0,34.0,-100.0,-100.0,-100.0,0.0,0.0,-0.0,33.0,-38.549,-90.0,-39.033,40.0,3.0,-4.452,33.0,-65.467,-65.0,-65.0,-24.0,0.0,-0.0,43.0,-95.017,-95.017,-95.017,0.0,0.0,-0.0,33.0,-69.756,-70.244,-70.244,8.0,0.0,-0.0,34.0,-33.196,-33.196,-33.196,0.0,0.0,-0.0,34.0
81.8522,1,rev,-90.0,12.2,5.618,5.4,5.4,16.0,0.0,0.0,34.0,-100.0,-100.0,-100.0,0.0,0.0,-0.0,33.0,-38.691,-90.0,-39.247,40.0,3.0,-3.313,33.0,-65.467,-65.0,-65.0,-24.0,0.0,-0.0,43.0,-95.017,-95.017,-95.017,0.0,0.0,-0.0,33.0,-69.756,-70.244,-70.244,8.0,0.0,-0.0,34.0,-33.196,-33.196,-33.196,0.0,0.0,-0.0,34.0
81.905,1,rev,-90.0,12.2,5.618,5.4,5.4,16.0,0.0,0.0,34.0,-100.0,-100.0,-100.0,0.0,0.0,-0.0,33.0,-38.834,-90.0,-39.461,40.0,3.0,-2.742,33.0,-65.467,-65.0,-65.0,-24.0,0.0,-0.0,43.0,-95.017,-95.017,-95.017,0.0,0.0,-0.0,33.0,-69.756,-70.244,-70.244,8.0,0.0,-0.0,34.0,-33.196,-33.196,-33.196,0.0,0.0,-0.0,34.0
81.9578,1,rev,-90.0,12.2,5.618,5.4,5.4,16.0,0.0,0.0,34.0,-100.0,-100.0,-100.0,0.0,0.0,-0.0,33.0,-38.976,-90.0,-39.673,40.0,3.0,-3.529,33.0,-65.467,-65.0,-65.0,-24.0,0.0,-0.0,43.0,-95.017,-95.017,-95.017,0.0,0.0,-0.0,33.0,-69.756,-70.244,-70.244,8.0,0.0,-0.0,34.0,-33.196,-33.196,-33.196,0.0,0.0,-0.0,34.0
82.0118,1,rev,-90.0,12.2,5.618,5.4,5.4,16.0,0.0,0.0,34.0,-100.0,-100.0,-100.0,0.0,0.0,-0.0,33.0,-39.403,-90.0,-39.887,40.0,3.0,-4.718,33.0,-65.467,-65.0,-65.0,-24.0,0.0,-0.0,43.0,-95.017,-95.017,-95.017,0.0,0.0,-0.0,33.0,-69.756,-70.244,-70.244,8.0,0.0,-0.0,34.0,-33.196,-33.196,-33.196,0.0,0.0,-0.0,34.0
82.0649,1,rev,-90.0,12.2,5.618,5.4,5.4,16.0,0.0,0.0,34.0,-100.0,-100.0,-100.0,0.0,0.0,-0.0,33.0,-39.545,-90.0,-39.993,40.0,3.0,-4.906,33.0,-65.467,-65.0,-65.0,-24.0,0.0,-0.0,43.0,-95.017,-95.017,-95.017,0.0,0.0,-0.0,33.0,-69.756,-70.244,-70.244,8.0,0.0,-0.0,34.0,-33.196,-33.196,-33.196,0.0,0.0,-0.0,34.0
82.1181,1,rev,-90.0,12.2,5.618,5.4,5.4,16.0,0.0,0.0,34.0,-100.0,-100.0,-100.0,0.0,0.0,-0.0,33.0,-39.687,-90.0,-40.34,32.0,2.0,-4.146,33.0,-65.467,-65.0,-65.0,-24.0,1.0,-0.0,43.0,-95.017,-95.017,-95.017,0.0,0.0,-0.0,33.0,-69.756,-70.244,-70.244,8.0,0.0,-0.0,34.0,-33.196,-33.196,-33.196,0.0,0.0,-0.0,34.0
82.1711,1,rev,-90.0,12.2,5.618,5.4,5.4,16.0,0.0,0.0,34.0,-100.0,-100.0,-100.0,0.0,0.0,-0.0,33.0,-39.972,-90.0,-40.552,32.0,2.0,-5.244,33.0,-65.467,-65.0,-65.0,-24.0,1.0,-0.0,43.0,-95.017,-95.017,-95.017,0.0,0.0,-0.0,33.0,-69.756,-70.244,-70.244,8.0,0.0,-0.0,34.0,-33.196,-33.196,-33.196,0.0,0.0,-0.0,34.0
82.2246,1,rev,-90.0,12.2,5.618,5.4,5.4,16.0,0.0,0.0,34.0,-100.0,-100.0,-100.0,0.0,0.0,-0.0,33.0,-40.114,-90.0,-40.765,32.0,2.0,-4.171,33.0,-65.467,-65.0,-65.0,-24.0,1.0,-0.0,43.0,-95.017,-95.017,-95.017,0.0,0.0,-0.0,33.0,-69.756,-70.244,-70.244,8.0,0.0,-0.0,34.0,-33.196,-33.196,-33.196,0.0,0.0,-0.0,34.0
82.2779,1,rev,-90.0,12.2,5.618,5.4,5.4,16.0,0.0,0.0,34.0,-100.0,-100.0,-100.0,0.0,0.0,-0.0,33.0,-40.398,-90.0,-40.98,32.0,2.0,-4.752,33.0,-65.467,-65.0,-65.0,-24.0,1.0,-0.0,43.0,-95.017,-95.017,-95.017,0.0,0.0,-0.0,33.0,-69.756,-70.244,-70.244,8.0,0.0,-0.0,34.0,-33.196,-33.196,-33.196,0.0,0.0,-0.0,34.0
82.3304,1,rev,-90.0,12.2,5.618,5.4,5.4,16.0,0.0,0.0,34.0,-100.0,-100.0,-100.0,0.0,0.0,-0.0,33.0,-40.683,-90.0,-41.099,32.0,2.0,-4.933,33.0,-65.467,-65.0,-65.0,-24.0,1.0,-0.0,43.0,-95.017,-95.017,-95.017,0.0,0.0,-0.0,33.0,-69.756,-70.244,-70.244,8.0,0.0,-0.0,34.0,-33.196,-33.196,-33.196,0.0,0.0,-0.0,34.0
82.3832,1,rev,-90.0,12.2,5.618,5.4,5.4,16.0,0.0,0.0,34.0,-100.0,-100.0,-100.0,0.0,0.0,-0.0,33.0,-40.825,-90.0,-41.311,32.0,2.0,-3.987,33.0,-65.467,-65.0,-65.0,-24.0,1.0,-0.0,43.0,-95.017,-95.017,-95.017,0.0,0.0,-0.0,33.0,-69.756,-70.244,-70.244,8.0,0.0,-0.0,34.0,-32.99,-33.196,-33.196,0.0,0.0,1.632,34.0
82.4353,1,rev,-90.0,12.2,5.618,5.4,5.4,16.0,0.0,0.0,34.0,-100.0,-100.0,-100.0,0.0,0.0,-0.0,33.0,-41.11,-90.0,-41.527,32.0,2.0,-4.663,33.0,-65.467,-65.0,-65.0,-24.0,1.0,-0.0,43.0,-95.017,-95.017,-95.017,0.0,0.0,-0.0,33.0,-69.756,-70.244,-70.244,8.0,0.0,-0.0,34.0,-32.99,-33.196,-33.196,0.0,0.0,0.8,34.0
82.4882,1,rev,-90.0,12.2,5.618,5.4,5.4,16.0,0.0,0.0,34.0,-100.0,-100.0,-100.0,0.0,0.0,-0.0,33.0,-41.252,-90.0,-41.741,32.0,2.0,-3.896,33.0,-65.467,-65.0,-65.0,-24.0,1.0,-0.0,43.0,-95.017,-95.017,-95.017,0.0,0.0,-0.0,33.0,-69.756,-70.244,-70.244,8.0,0.0,-0.0,34.0,-32.99,-33.196,-33.196,0.0,0.0,0.392,34.0
82.5411,1,rev,-90.0,12.2,5.618,5.4,5.4,16.0,0.0,0.0,34.0,-100.0,-100.0,-100.0,0.0,0.0,-0.0,33.0,-41.536,-90.0,-41.953,32.0,2.0,-4.632,33.0,-65.467,-65.0,-65.0,-24.0,1.0,-0.0,43.0,-95.017,-95.017,-95.017,0.0,0.0,-0.0,33.0,-69.756,-70.244,-70.244,8.0,0.0,-0.0,34.0,-33.196,-33.196,-33.196,0.0,0.0,-1.436,34.0
82.5942,1,rev,-90.0,12.2,5.618,5.4,5.4,16.0,0.0,0.0,34.0,-100.0,-100.0,-100.0,0.0,0.0,-0.0,33.0,-41.679,-90.0,-42.167,32.0,2.0,-3.852,33.0,-65.467,-65.0,-65.0,-24.0,1.0,-0.0,43.0,-95.017,-95.017,-95.017,0.0,0.0,-0.0,33.0,-69.756,-70.244,-70.244,8.0,0.0,-0.0,34.0,-33.196,-33.196,-33.196,0.0,0.0,-0.704,34.0
82.6472,1,rev,-90.0,12.2,5.618,5.4,5.4,16.0,0.0,0.0,34.0,-100.0,-100.0,-100.0,0.0,0.0,-0.0,33.0,-41.821,-90.0,-42.275,32.0,2.0,-4.305,33.0,-65.467,-65.0,-65.0,-24.0,0.0,-0.0,43.0,-95.017,-95.017,-95.017,0.0,0.0,-0.0,33.0,-69.756,-70.244,-70.244,8.0,0.0,-0.0,34.0,-33.196,-33.196,-33.196,0.0,0.0,-0.493,34.0
82.7002,1,rev,-90.0,12.2,5.618,5.4,5.4,16.0,0.0,0.0,34.0,-100.0,-100.0,-100.0,0.0,0.0,-0.0,33.0,-42.105,-90.0,-42.61,32.0,2.0,-3.152,33.0,-65.467,-65.0,-65.0,-24.0,0.0,-0.0,43.0,-95.017,-95.017,-95.017,0.0,0.0,-0.0,33.0,-69.756,-70.244,-70.244,8.0,0.0,-0.0,34.0,-33.196,-33.196,-33.196,0.0,0.0,-0.241,34.0
82.7532,1,rev,-90.0,12.2,5.618,5.4,5.4,16.0,0.0,0.0,34.0,-100.0,-100.0,-100.0,0.0,0.0,-0.0,33.0,-42.39,-90.0,-42.821,32.0,2.0,-4.759,33.0,-65.467,-65.0,-65.0,-24.0,0.0,-0.0,43.0,-95.017,-95.017,-95.017,0.0,0.0,-0.0,33.0,-69.756,-70.244,-70.244,8.0,0.0,-0.0,34.0,-33.196,-33.196,-33.196,0.0,0.0,-0.118,34.0
82.8055,1,rev,-90.0,12.2,5.618,5.4,5.4,16.0,0.0,0.0,34.0,-100.0,-100.0,-100.0,0.0,0.0,-0.0,33.0,-42.532,-90.0,-43.036,32.0,2.0,-3.439,33.0,-65.467,-65.0,-65.0,-24.0,0.0,-0.0,43.0,-95.017,-95.017,-95.017,0.0,0.0,-0.0,33.0,-69.756,-70.244,-70.244,8.0,0.0,-0.0,34.0,-33.196,-33.196,-33.196,0.0,0.0,-0.058,34.0
82.8586,1,rev,-90.0,12.2,5.618,5.4,5.4,16.0,0.0,0.0,34.0,-100.0,-100.0,-100.0,0.0,0.0,-0.0,33.0,-42.817,-90.0,-43.25,32.0,2.0,-4.407,33.0,-65.467,-65.0,-65.0,-24.0,0.0,-0.0,43.0,-95.017,-95.017,-95.017,0.0,0.0,-0.0,33.0,-69.756,-70.244,-70.244,8.0,0.0,-0.0,34.0,-33.196,-33.196,-33.196,0.0,0.0,-0.028,34.0
82.9117,1,rev,-90.0,12.2,5.618,5.4,5.4,16.0,0.0,0.0,34.0,-100.0,-100.0,-100.0,0.0,0.0,-0.0,33.0,-42.959,-90.0,-43.464,32.0,2.0,-3.279,33.0,-65.467,-65.0,-65.0,-24.0,0.0,-0.0,43.0,-95.017,-95.017,-95.017,0.0,0.0,-0.0,33.0,-69.756,-70.244,-70.244,8.0,0.0,-0.0,34.0,-33.196,-33.196,-33.196,0.0,0.0,-0.014,34.0
82.9643,1,rev,-90.0,12.2,5.618,5.4,5.4,16.0,0.0,0.0,34.0,-100.0,-100.0,-100.0,0.0,0.0,-0.0,33.0,-43.243,-90.0,-43.675,32.0,2.0,-4.349,33.0,-65.467,-65.0,-65.0,-24.0,0.0,-0.0,43.0,-95.017,-95.017,-95.017,0.0,0.0,-0.0,33.0,-69.756,-70.244,-70.244,8.0,0.0,-0.0,34.0,-33.196,-33.196,-33.196,0.0,0.0,-0.007,34.0
83.0182,1,rev,-90.0,12.2,5.618,5.4,5.4,16.0,0.0,0.0,34.0,-100.0,-100.0,-100.0,0.0,0.0,-0.0,33.0,-43.385,-90.0,-43.888,32.0,2.0,-3.251,33.0,-65.467,-65.0,-65.0,-24.0,0.0,-0.0,43.0,-95.017,-95.017,-95.017,0.0,0.0,-0.0,33.0,-69.756,-70.244,-70.244,8.0,0.0,-0.0,34.0,-33.196,-33.196,-33.196,0.0,0.0,-0.003,34.0
83.0711,1,rev,-90.0,12.2,5.618,5.4,5.4,16.0,0.0,0.0,34.0,-100.0,-100.0,-100.0,0.0,0.0,-0.0,33.0,-43.67,-90.0,-44.1,32.0,2.0,-4.328,33.0,-65.467,-65.0,-65.0,-24.0,0.0,-0.0,43.0,-95.017,-95.017,-95.017,0.0,0.0,-0.0,33.0,-69.756,-70.244,-70.244,8.0,0.0,-0.0,34.0,-33.196,-33.196,-33.196,0.0,0.0,-0.002,34.0
83.1233,1,rev,-90.0,12.2,5.618,5.4,5.4,16.0,0.0,0.0,34.0,-100.0,-100.0,-100.0,0.0,0.0,-0.0,33.0,-43.812,-90.0,-44.313,32.0,2.0,-3.244,33.0,-65.467,-65.0,-65.0,-24.0,0.0,-0.0,43.0,-95.017,-95.017,-95.017,0.0,0.0,-0.0,33.0,-69.756,-70.244,-70.244,8.0,0.0,-0.0,34.0,-33.196,-33.196,-33.196,0.0,0.0,-0.001,34.0
83.177,1,rev,-90.0,12.2,5.618,5.4,5.4,16.0,0.0,0.0,34.0,-100.0,-100.0,-100.0,0.0,0.0,-0.0,33.0,-44.097,-90.0,-44.525,32.0,2.0,-4.307,33.0,-65.467,-65.0,-65.0,-24.0,0.0,-0.0,43.0,-95.017,-95.017,-95.017,0.0,0.0,-0.0,33.0,-69.756,-70.244,-70.244,8.0,0.0,-0.0,34.0,-33.196,-33.196,-33.196,0.0,0.0,-0.0,34.0
83.2297,1,rev,-90.0,12.2,5.618,5.4,5.4,16.0,0.0,0.0,34.0,-100.0,-100.0,-100.0,0.0,0.0,-0.0,33.0,-44.097,-90.0,-44.764,32.0,2.0,-4.307,33.0,-65.467,-65.0,-65.0,-24.0,1.0,-0.0,43.0,-95.017,-95.017,-95.017,0.0,0.0,-0.0,33.0,-69.756,-70.244,-70.244,8.0,0.0,-0.0,34.0,-33.196,-33.196,-33.196,0.0,0.0,-0.0,34.0
83.2829,1,rev,-90.0,12.2,5.618,5.4,5.4,16.0,0.0,0.0,34.0,-100.0,-100.0,-100.0,0.0,0.0,-0.0,33.0,-44.381,-90.0,-44.989,32.0,2.0,-4.204,33.0,-65.467,-65.0,-65.0,-24.0,1.0,-0.0,43.0,-95.017,-95.017,-95.017,0.0,0.0,-0.0,33.0,-69.756,-70.244,-70.244,8.0,0.0,-0.0,34.0,-33.196,-33.196,-33.196,0.0,0.0,-0.0,34.0
83.3357,1,rev,-90.0,12.2,5.618,5.4,5.4,16.0,0.0,0.0,34.0,-100.0,-100.0,-100.0,0.0,0.0,-0.0,33.0,-44.666,-90.0,-45.105,32.0,2.0,-4.697,33.0,-65.467,-65.0,-65.0,-24.0,1.0,-0.0,43.0,-95.017,-95.017,-95.017,0.0,0.0,-0.0,33.0,-69.756,-70.244,-70.244,8.0,0.0,-0.0,34.0,-33.196,-33.196,-33.196,0.0,0.0,-0.0,34.0
83.3896,1,rev,-90.0,12.2,5.618,5.4,5.4,16.0,0.0,0.0,34.0,-100.0,-100.0,-100.0,0.0,0.0,-0.0,33.0,-44.808,-90.0,-45.332,32.0,2.0,-3.293,33.0,-65.467,-65.0,-65.0,-24.0,1.0,-0.0,43.0,-95.017,-95.017,-95.017,0.0,0.0,-0.0,33.0,-69.756,-70.244,-70.244,8.0,0.0,-0.0,34.0,-33.196,-33.196,-33.196,0.0,0.0,-0.0,34.0
83.4427,1,rev,-90.0,12.2,5.618,5.4,5.4,16.0,0.0,0.0,34.0,-100.0,-100.0,-100.0,0.0,0.0,-0.0,33.0,-45.092,-90.0,-45.547,32.0,2.0,-4.308,33.0,-65.467,-65.0,-65.0,-24.0,1.0,-0.0,43.0,-95.017,-95.017,-95.017,0.0,0.0,-0.0,33.0,-69.756,-70.244,-70.244,8.0,0.0,-0.0,34.0,-33.196,-33.196,-33.196,0.0,0.0,-0.0,34.0
83.4951,1,rev,-90.0,12.2,5.618,5.4,5.4,16.0,0.0,0.0,34.0,-100.0,-100.0,-100.0,0.0,0.0,-0.0,33.0,-45.377,-90.0,-45.763,32.0,2.0,-4.806,33.0,-65.467,-65.0,-65.0,-24.0,1.0,-0.0,43.0,-95.017,-95.017,-95.017,0.0,0.0,-0.0,33.0,-69.756,-70.244,-70.244,8.0,0.0,-0.0,34.0,-33.196,-33.196,-33.196,0.0,0.0,-0.0,34.0
83.5474,1,rev,-90.0,12.2,5.618,5.4,5.4,16.0,0.0,0.0,34.0,-100.0,-100.0,-100.0,0.0,0.0,-0.0,33.0,-45.519,-90.0,-45.978,32.0,2.0,-3.943,33.0,-65.467,-65.0,-65.0,-24.0,1.0,-0.0,43.0,-95.017,-95.017,-95.017,0.0,0.0,-0.0,33.0,-69.756,-70.244,-70.244,8.0,0.0,-0.0,34.0,-33.196,-33.196,-33.196,0.0,0.0,-0.0,34.0
83.5997,1,rev,-90.0,12.2,5.618,5.4,5.4,16.0,0.0,0.0,34.0,-100.0,-100.0,-100.0,0.0,0.0,-0.0,33.0,-45.661,-90.0,-46.192,32.0,2.0,-3.059,33.0,-65.467,-65.0,-65.0,-24.0,1.0,-0.0,43.0,-95.017,-95.017,-95.017,0.0,0.0,-0.0,33.0,-69.756,-70.244,-70.244,8.0,0.0,-0.0,34.0,-33.196,-33.196,-33.196,0.0,0.0,-0.0,34.0
83.6528,1,rev,-90.0,12.2,5.618,5.4,5.4,16.0,0.0,0.0,34.0,-100.0,-100.0,-100.0,0.0,0.0,-0.0,33.0,-45.946,-90.0,-46.405,32.0,2.0,-4.232,33.0,-65.467,-65.0,-65.0,-24.0,1.0,-0.0,43.0,-95.017,-95.017,-95.017,0.0,0.0,-0.0,33.0,-69.756,-70.244,-70.244,8.0,0.0,-0.0,34.0,-33.196,-33.196,-33.196,0.0,0.0,-0.0,34.0
83.7057,1,rev,-90.0,12.2,5.618,5.4,5.4,16.0,0.0,0.0,34.0,-100.0,-100.0,-100.0,0.0,0.0,-0.0,33.0,-46.088,-90.0,-46.617,32.0,2.0,-3.197,33.0,-65.467,-65.0,-65.0,-24.0,1.0,-0.0,43.0,-95.017,-95.017,-95.017,0.0,0.0,-0.0,33.0,-69.756,-70.244,-70.244,8.0,0.0,-0.0,34.0,-33.196,-33.196,-33.196,0.0,0.0,-0.0,34.0
83.7591,1,rev,-90.0,12.2,5.618,5.4,5.4,16.0,0.0,0.0,34.0,-100.0,-100.0,-100.0,0.0,0.0,-0.0,33.0,-46.373,-90.0,-46.835,32.0,2.0,-4.244,33.0,-65.467,-65.0,-65.0,-24.0,1.0,-0.0,43.0,-95.017,-95.017,-95.017,0.0,0.0,-0.0,33.0,-69.756,-70.244,-70.244,8.0,0.0,-0.0,34.0,-33.196,-33.196,-33.196,0.0,0.0,-0.0,34.0
83.8126,1,rev,-90.0,12.2,5.618,5.4,5.4,16.0,0.0,0.0,34.0,-100.0,-100.0,-100.0,0.0,0.0,-0.0,33.0,-46.515,-90.0,-47.076,32.0,2.0,-3.68,33.0,-65.467,-65.0,-65.0,-24.0,1.0,-0.0,43.0,-95.017,-95.017,-95.017,0.0,0.0,-0.0,33.0,-69.756,-70.244,-70.244,8.0,1.0,-0.0,34.0,-33.196,-33.196,-33.196,0.0,0.0,-0.0,34.0
83.8658,1,rev,-90.0,12.2,5.618,5.4,5.4,16.0,0.0,0.0,34.0,-100.0,-100.0,-100.0,0.0,0.0,-0.0,33.0,-46.799,-90.0,-47.294,32.0,2.0,-4.454,33.0,-65.467,-65.0,-65.0,-24.0,1.0,-0.0,43.0,-95.017,-95.017,-95.017,0.0,0.0,-0.0,33.0,-69.756,-70.244,-70.244,8.0,1.0,-0.0,34.0,-33.196,-33.196,-33.196,0.0,0.0,-0.0,34.0
83.9191,1,rev,-90.0,12.2,5.618,5.4,5.4,16.0,0.0,0.0,34.0,-100.0,-100.0,-100.0,0.0,0.0,-0.0,33.0,-47.084,-90.0,-47.51,32.0,2.0,-4.859,33.0,-65.467,-65.0,-65.0,-24.0,1.0,-0.0,43.0,-95.017,-95.017,-95.017,0.0,0.0,-0.0,33.0,-69.756,-70.244,-70.244,8.0,1.0,-0.0,34.0,-33.196,-33.196,-33.196,0.0,0.0,-0.0,34.0
83.9723,1,rev,-90.0,12.2,5.618,5.4,5.4,16.0,0.0,0.0,34.0,-100.0,-100.0,-100.0,0.0,0.0,-0.0,33.0,-47.226,-90.0,-47.726,32.0,2.0,-3.982,33.0,-65.467,-65.0,-65.0,-24.0,1.0,-0.0,43.0,-95.017,-95.017,-95.017,0.0,0.0,-0.0,33.0,-69.756,-70.244,-70.244,8.0,1.0,-0.0,34.0,-33.196,-33.196,-33.196,0.0,0.0,-0.0,34.0
84.0256,1,rev,-90.0,12.2,5.618,5.4,5.4,16.0,0.0,0.0,34.0,-100.0,-100.0,-100.0,0.0,0.0,-0.0,33.0,-47.511,-90.0,-47.94,32.0,2.0,-4.656,33.0,-65.467,-65.0,-65.0,-24.0,1.0,-0.0,43.0,-95.017,-95.017,-95.017,0.0,0.0,-0.0,33.0,-69.756,-70.244,-70.244,8.0,1.0,-0.0,34.0,-33.196,-33.196,-33.196,0.0,0.0,-0.0,34.0
84.0788,1,rev,-90.0,12.2,5.618,5.4,5.4,16.0,0.0,0.0,34.0,-100.0,-100.0,-100.0,0.0,0.0,-0.0,33.0,-47.653,-90.0,-48.156,32.0,2.0,-3.379,33.0,-65.467,-65.0,-65.0,-24.0,1.0,-0.0,43.0,-95.017,-95.017,-95.017,0.0,0.0,-0.0,33.0,-69.756,-70.244,-70.244,8.0,1.0,-0.0,34.0,-32.99,-33.196,-33.196,0.0,0.0,2.314,34.0
84.132,1,rev,-90.0,12.2,5.618,5.4,5.4,16.0,0.0,0.0,34.0,-100.0,-100.0,-100.0,0.0,0.0,-0.0,33.0,-47.795,-90.0,-48.371,32.0,2.0,-3.95,33.0,-65.467,-65.0,-65.0,-24.0,1.0,-0.0,43.0,-95.017,-95.017,-95.017,0.0,0.0,-0.0,33.0,-69.756,-70.244,-70.244,8.0,1.0,-0.0,34.0,-32.99,-33.196,-33.196,0.0,0.0,1.62,34.0
84.1852,1,rev,-90.0,12.2,5.618,5.4,5.4,16.0,0.0,0.0,34.0,-100.0,-100.0,-100.0,0.0,0.0,-0.0,33.0,-48.08,-90.0,-48.596,32.0,2.0,-4.542,33.0,-65.467,-65.0,-65.0,-24.0,1.0,-0.0,43.0,-95.017,-95.017,-95.017,0.0,0.0,-0.0,33.0,-69.756,-70.244,-70.244,8.0,1.0,-0.0,34.0,-33.196,-33.196,-33.196,0.0,0.0,-1.519,34.0
84.239,1,rev,-90.0,12.2,5.618,5.4,5.4,16.0,0.0,0.0,34.0,-100.0,-100.0,-100.0,0.0,0.0,-0.0,33.0,-48.222,-90.0,-48.824,32.0,2.0,-3.809,33.0,-65.467,-65.0,-65.0,-24.0,1.0,-0.0,43.0,-95.017,-95.017,-95.017,0.0,0.0,-0.0,33.0,-69.756,-70.244,-70.244,8.0,1.0,-0.0,34.0,-33.196,-33.196,-33.196,0.0,0.0,-0.744,34.0
84.2926,1,rev,-90.0,12.2,5.618,5.4,5.4,16.0,0.0,0.0,34.0,-100.0,-100.0,-100.0,0.0,0.0,-0.0,33.0,-48.506,-90.0,-48.943,32.0,2.0,-4.451,33.0,-65.467,-65.0,-65.0,-24.0,1.0,-0.0,43.0,-95.017,-95.017,-95.017,0.0,0.0,-0.0,33.0,-69.756,-70.244,-70.244,8.0,1.0,-0.0,34.0,-33.196,-33.196,-33.196,0.0,0.0,-0.365,34.0
84.3453,1,rev,-90.0,12.2,5.618,5.4,5.4,16.0,0.0,0.0,34.0,-100.0,-100.0,-100.0,0.0,0.0,-0.0,33.0,-48.649,-90.0,-49.158,32.0,2.0,-3.29,33.0,-65.467,-65.0,-65.0,-24.0,1.0,-0.0,43.0,-95.017,-95.017,-95.017,0.0,0.0,-0.0,33.0,-69.756,-70.244,-70.244,8.0,1.0,-0.0,34.0,-33.196,-33.196,-33.196,0.0,0.0,-0.179,34.0
84.3973,1,rev,-90.0,12.2,5.618,5.4,5.4,16.0,0.0,0.0,34.0,-100.0,-100.0,-100.0,-8.0,0.0,-0.0,33.0,-48.791,-90.0,-49.398,32.0,2.0,-3.013,33.0,-65.467,-65.0,-65.0,-24.0,0.0,-0.0,43.0,-95.017,-95.017,-95.017,0.0,0.0,-0.0,33.0,-69.756,-70.244,-70.244,8.0,0.0,-0.0,34.0,-32.99,-33.196,-33.196,0.0,0.0,0.904,34.0
84.4494,1,rev,-90.0,12.2,5.618,5.4,5.4,16.0,0.0,0.0,34.0,-100.0,-100.0,-100.0,-8.0,0.0,-0.0,33.0,-49.075,-90.0,-49.613,32.0,2.0,-4.192,33.0,-65.467,-65.0,-65.0,-24.0,0.0,-0.0,43.0,-95.017,-95.017,-95.017,0.0,0.0,-0.0,33.0,-69.756,-70.244,-70.244,8.0,0.0,-0.0,34.0,-32.99,-33.196,-33.196,0.0,0.0,0.443,34.0
84.5027,1,rev,-90.0,12.2,5.618,5.4,5.4,16.0,0.0,0.0,34.0,-100.0,-100.0,-100.0,-8.0,0.0,-0.0,33.0,-49.36,-90.0,-49.83,32.0,2.0,-4.717,33.0,-65.467,-65.0,-65.0,-24.0,0.0,-0.0,43.0,-95.017,-95.017,-95.017,0.0,0.0,-0.0,33.0,-69.756,-70.244,-70.244,8.0,0.0,-0.0,34.0,-32.99,-33.196,-33.196,0.0,0.0,0.217,34.0
84.5561,1,rev,-90.0,12.2,5.618,5.4,5.4,16.0,0.0,0.0,34.0,-100.0,-100.0,-100.0,-8.0,0.0,-0.0,33.0,-49.644,-90.0,-50.044,32.0,2.0,-5.039,33.0,-65.467,-65.0,-65.0,-24.0,0.0,-0.0,43.0,-95.017,-95.017,-95.017,0.0,0.0,-0.0,33.0,-69.756,-70.244,-70.244,8.0,0.0,-0.0,34.0,-32.99,-33.196,-33.196,0.0,0.0,0.106,34.0
84.609,1,rev,-90.0,12.2,5.618,5.4,5.4,16.0,0.0,0.0,34.0,-100.0,-100.0,-100.0,-8.0,0.0,-0.0,33.0,-49.787,-90.0,-50.258,32.0,2.0,-4.082,33.0,-65.467,-65.0,-65.0,-24.0,0.0,-0.0,43.0,-95.017,-95.017,-95.017,0.0,0.0,-0.0,33.0,-69.756,-70.244,-70.244,8.0,0.0,-0.0,34.0,-32.99,-33.196,-33.196,0.0,0.0,0.052,34.0
84.6621,1,rev,-90.0,12.2,5.618,5.4,5.4,16.0,0.0,0.0,34.0,-100.0,-100.0,-100.0,-8.0,0.0,-0.0,33.0,-50.071,-90.0,-50.47,32.0,2.0,-4.73,33.0,-65.467,-65.0,-65.0,-24.0,0.0,-0.0,43.0,-95.017,-95.017,-95.017,0.0,0.0,-0.0,33.0,-69.756,-70.244,-70.244,8.0,0.0,-0.0,34.0,-33.196,-33.196,-33.196,0.0,0.0,-2.307,34.0
84.7152,1,rev,-90.0,12.2,5.618,5.4,5.4,16.0,0.0,0.0,34.0,-100.0,-100.0,-100.0,-8.0,0.0,-0.0,33.0,-50.213,-90.0,-50.683,32.0,2.0,-3.898,33.0,-65.467,-65.0,-65.0,-24.0,0.0,-0.0,43.0,-95.017,-95.017,-95.017,0.0,0.0,-0.0,33.0,-69.756,-70.244,-70.244,8.0,0.0,-0.0,34.0,-33.196,-33.196,-33.196,0.0,0.0,-1.13,34.0
84.7674,1,rev,-90.0,12.2,5.618,5.4,5.4,16.0,0.0,0.0,34.0,-100.0,-100.0,-100.0,-8.0,0.0,-0.0,33.0,-50.498,-90.0,-50.9,32.0,2.0,-4.599,33.0,-65.467,-65.0,-65.0,-24.0,0.0,-0.0,43.0,-95.017,-95.017,-95.017,0.0,0.0,-0.0,33.0,-69.756,-70.244,-70.244,8.0,0.0,-0.0,34.0,-33.196,-33.196,-33.196,0.0,0.0,-0.554,34.0
84.8212,1,rev,-90.0,12.2,5.618,5.4,5.4,16.0,0.0,0.0,34.0,-100.0,-100.0,-100.0,-8.0,0.0,-0.0,33.0,-50.64,-90.0,-51.115,32.0,2.0,-3.847,33.0,-65.467,-65.0,-65.0,-24.0,0.0,-0.0,43.0,-95.017,-95.017,-95.017,0.0,0.0,-0.0,33.0,-69.756,-70.244,-70.244,8.0,0.0,-0.0,34.0,-33.196,-33.196,-33.196,0.0,0.0,-0.271,34.0
84.874,1,rev,-90.0,12.2,5.618,5.4,5.4,16.0,0.0,0.0,34.0,-100.0,-100.0,-100.0,-8.0,0.0,-0.0,33.0,-50.925,-90.0,-51.328,32.0,2.0,-4.59,33.0,-65.467,-65.0,-65.0,-24.0,0.0,-0.0,43.0,-95.017,-95.017,-95.017,0.0,0.0,-0.0,33.0,-69.756,-70.244,-70.244,8.0,0.0,-0.0,34.0,-33.196,-33.196,-33.196,0.0,0.0,-0.133,34.0
84.9272,1,rev,-90.0,12.2,5.618,5.4,5.4,16.0,0.0,0.0,34.0,-100.0,-100.0,-100.0,-8.0,0.0,-0.0,33.0,-50.925,-90.0,-51.436,32.0,2.0,-3.213,33.0,-65.467,-65.0,-65.0,-24.0,0.0,-0.0,43.0,-95.017,-95.017,-95.017,0.0,0.0,-0.0,33.0,-69.756,-70.244,-70.244,8.0,0.0,-0.0,34.0,-33.196,-33.196,-33.196,0.0,0.0,-0.093,34.0
84.9809,1,rev,-90.0,12.2,5.618,5.4,5.4,16.0,0.0,0.0,34.0,-100.0,-100.0,-100.0,0.0,0.0,-0.0,33.0,-51.209,-90.0,-51.786,32.0,2.0,-3.663,33.0,-65.467,-65.0,-65.0,-24.0,0.0,-0.0,43.0,-95.017,-95.017,-95.017,0.0,0.0,-0.0,33.0,-69.756,-70.244,-70.244,8.0,0.0,-0.0,34.0,-33.196,-33.196,-33.196,0.0,0.0,-0.065,34.0
85.0361,1,rev,-90.0,12.2,5.618,5.4,5.4,16.0,0.0,0.0,34.0,-100.0,-100.0,-100.0,0.0,0.0,-0.0,33.0,-51.494,-90.0,-52.012,32.0,2.0,-4.999,33.0,-65.467,-65.0,-65.0,-24.0,0.0,-0.0,43.0,-95.017,-95.017,-95.017,0.0,0.0,-0.0,33.0,-69.756,-70.244,-70.244,8.0,0.0,-0.0,34.0,-33.196,-33.196,-33.196,0.0,0.0,-0.032,34.0
85.0893,1,rev,-90.0,12.2,5.618,5.4,5.4,16.0,0.0,0.0,34.0,-100.0,-100.0,-100.0,0.0,0.0,-0.0,33.0,-51.636,-90.0,-52.133,32.0,2.0,-4.029,33.0,-65.467,-65.0,-65.0,-24.0,0.0,-0.0,43.0,-95.017,-95.017,-95.017,0.0,0.0,-0.0,33.0,-69.756,-70.244,-70.244,8.0,0.0,-0.0,34.0,-33.196,-33.196,-33.196,0.0,0.0,-0.016,34.0
85.1428,1,rev,-90.0,12.2,5.618,5.4,5.4,16.0,0.0,0.0,34.0,-100.0,-100.0,-100.0,0.0,0.0,-0.0,33.0,-51.92,-90.0,-52.348,32.0,2.0,-4.664,33.0,-65.467,-65.0,-65.0,-24.0,0.0,-0.0,43.0,-95.017,-95.017,-95.017,0.0,0.0,-0.0,33.0,-69.756,-70.244,-70.244,8.0,0.0,-0.0,34.0,-33.196,-33.196,-33.196,0.0,0.0,-0.008,34.0
85.1955,1,rev,-90.0,12.2,5.618,5.4,5.4,16.0,0.0,0.0,34.0,-100.0,-100.0,-100.0,0.0,0.0,-0.0,33.0,-52.063,-90.0,-52.564,32.0,2.0,-3.397,33.0,-65.467,-65.0,-65.0,-24.0,0.0,-0.0,43.0,-95.017,-95.017,-95.017,0.0,0.0,-0.0,33.0,-69.756,-70.244,-70.244,8.0,0.0,-0.0,34.0,-33.196,-33.196,-33.196,0.0,0.0,-0.004,34.0
85.2468,1,rev,-90.0,12.2,5.618,5.4,5.4,16.0,0.0,0.0,34.0,-100.0,-100.0,-100.0,0.0,0.0,-0.0,33.0,-52.347,-90.0,-52.779,32.0,2.0,-4.331,33.0,-65.467,-65.0,-65.0,-24.0,0.0,-0.0,43.0,-95.017,-95.017,-95.017,0.0,0.0,-0.0,33.0,-69.756,-70.244,-70.244,8.0,0.0,-0.0,34.0,-33.196,-33.196,-33.196,0.0,0.0,-0.002,34.0
85.3002,1,rev,-90.0,12.2,5.618,5.4,5.4,16.0,0.0,0.0,34.0,-100.0,-100.0,-100.0,0.0,0.0,-0.0,33.0,-52.489,-90.0,-52.995,32.0,2.0,-3.238,33.0,-65.467,-65.0,-65.0,-24.0,0.0,-0.0,43.0,-95.017,-95.017,-95.017,0.0,0.0,-0.0,33.0,-69.756,-70.244,-70.244,8.0,0.0,-0.0,34.0,-33.196,-33.196,-33.196,0.0,0.0,-0.001,34.0
85.354,1,rev,-90.0,12.2,5.618,5.4,5.4,16.0,0.0,0.0,34.0,-100.0,-100.0,-100.0,0.0,0.0,-0.0,33.0,-52.774,-90.0,-53.21,32.0,2.0,-4.249,33.0,-65.467,-65.0,-65.0,-24.0,0.0,-0.0,43.0,-95.017,-95.017,-95.017,0.0,0.0,-0.0,33.0,-69.756,-70.244,-70.244,8.0,0.0,-0.0,34.0,-33.196,-33.196,-33.196,0.0,0.0,-0.0,34.0
85.4072,1,rev,-90.0,12.2,5.618,5.4,5.4,16.0,0.0,0.0,34.0,-100.0,-100.0,-100.0,0.0,0.0,-0.0,33.0,-52.916,-90.0,-53.432,32.0,2.0,-3.167,33.0,-65.467,-65.0,-65.0,-24.0,0.0,-0.0,43.0,-95.017,-95.017,-95.017,0.0,0.0,-0.0,33.0,-69.756,-70.244,-70.244,8.0,0.0,-0.0,34.0,-33.196,-33.196,-33.196,0.0,0.0,-0.0,34.0
85.4605,1,rev,-90.0,12.2,5.618,5.4,5.4,16.0,0.0,0.0,34.0,-100.0,-100.0,-100.0,0.0,0.0,-0.0,33.0,-53.201,-90.0,-53.646,32.0,2.0,-4.245,33.0,-65.467,-65.0,-65.0,-24.0,0.0,-0.0,43.0,-95.017,-95.017,-95.017,0.0,0.0,-0.0,33.0,-69.756,-70.244,-70.244,8.0,0.0,-0.0,34.0,-33.196,-33.196,-33.196,0.0,0.0,-0.0,34.0
85.5137,1,rev,-90.0,12.2,5.618,5.4,5.4,16.0,0.0,0.0,34.0,-100.0,-100.0,-100.0,0.0,0.0,-0.0,33.0,-53.343,-90.0,-53.754,24.0,1.0,-4.546,33.0,-65.467,-65.0,-65.0,-24.0,1.0,-0.0,43.0,-95.017,-95.017,-95.017,0.0,0.0,-0.0,33.0,-69.756,-70.244,-70.244,8.0,0.0,-0.0,34.0,-33.196,-33.196,-33.196,0.0,0.0,-0.0,34.0
85.5662,1,rev,-90.0,12.2,5.618,5.4,5.4,16.0,0.0,0.0,34.0,-100.0,-100.0,-100.0,0.0,0.0,-0.0,33.0,-53.485,-90.0,-54.091,24.0,1.0,-3.83,33.0,-65.467,-65.0,-65.0,-24.0,1.0,-0.0,43.0,-95.017,-95.017,-95.017,0.0,0.0,-0.0,33.0,-69.756,-70.244,-70.244,8.0,0.0,-0.0,34.0,-33.196,-33.196,-33.196,0.0,0.0,-0.0,34.0
85.6194,1,rev,-90.0,12.2,5.618,5.4,5.4,16.0,0.0,0.0,34.0,-100.0,-100.0,-100.0,0.0,0.0,-0.0,33.0,-53.912,-90.0,-54.305,24.0,1.0,-6.171,33.0,-65.467,-65.0,-65.0,-24.0,1.0,-0.0,43.0,-95.017,-95.017,-95.017,0.0,0.0,-0.0,33.0,-69.756,-70.244,-70.244,8.0,0.0,-0.0,34.0,-33.196,-33.196,-33.196,0.0,0.0,-0.0,34.0
85.6724,1,rev,-90.0,12.2,5.618,5.4,5.4,16.0,0.0,0.0,34.0,-100.0,-100.0,-100.0,0.0,0.0,-0.0,33.0,-54.054,-90.0,-54.519,24.0,1.0,-4.625,33.0,-65.467,-65.0,-65.0,-24.0,1.0,-0.0,43.0,-95.017,-95.017,-95.017,0.0,0.0,-0.0,33.0,-69.756,-70.244,-70.244,8.0,0.0,-0.0,34.0,-33.196,-33.196,-33.196,0.0,0.0,-0.0,34.0
85.7256,1,rev,-90.0,12.2,5.618,5.4,5.4,16.0,0.0,0.0,34.0,-100.0,-100.0,-100.0,0.0,0.0,-0.0,33.0,-54.339,-90.0,-54.732,24.0,1.0,-5.454,33.0,-65.467,-65.0,-65.0,-24.0,1.0,-0.0,43.0,-95.017,-95.017,-95.017,0.0,0.0,-0.0,33.0,-69.756,-70.244,-70.244,8.0,0.0,-0.0,34.0,-33.196,-33.196,-33.196,0.0,0.0,-0.0,34.0
85.7785,1,rev,-90.0,12.2,5.618,5.4,5.4,16.0,0.0,0.0,34.0,-100.0,-100.0,-100.0,0.0,0.0,-0.0,33.0,-54.481,-90.0,-54.946,24.0,1.0,-4.236,33.0,-65.467,-65.0,-65.0,-24.0,1.0,-0.0,43.0,-95.017,-95.017,-95.017,0.0,0.0,-0.0,33.0,-69.756,-70.244,-70.244,8.0,0.0,-0.0,34.0,-33.196,-33.196,-33.196,0.0,0.0,-0.0,34.0
85.832,1,rev,-90.0,12.2,5.618,5.4,5.4,16.0,0.0,0.0,34.0,-100.0,-100.0,-100.0,0.0,0.0,-0.0,33.0,-54.765,-90.0,-55.165,24.0,1.0,-4.732,33.0,-65.467,-65.0,-65.0,-24.0,1.0,-0.0,43.0,-95.017,-95.017,-95.017,0.0,0.0,-0.0,33.0,-69.756,-70.244,-70.244,8.0,0.0,-0.0,34.0,-33.196,-33.196,-33.196,0.0,0.0,-0.0,34.0
85.8844,1,rev,-90.0,12.2,5.618,5.4,5.4,16.0,0.0,0.0,34.0,-100.0,-100.0,-100.0,0.0,0.0,-0.0,33.0,-54.765,-90.0,-55.383,24.0,1.0,-3.312,33.0,-65.467,-65.0,-65.0,-24.0,1.0,-0.0,43.0,-95.017,-95.017,-95.017,0.0,0.0,-0.0,33.0,-69.756,-70.244,-70.244,8.0,0.0,-0.0,34.0,-33.196,-33.196,-33.196,0.0,0.0,-0.0,34.0
85.9378,1,rev,-90.0,12.2,5.618,5.4,5.4,16.0,0.0,0.0,34.0,-100.0,-100.0,-100.0,0.0,0.0,-0.0,33.0,-55.05,-90.0,-55.61,24.0,1.0,-4.217,33.0,-65.467,-65.0,-65.0,-24.0,1.0,-0.0,43.0,-95.017,-95.017,-95.017,0.0,0.0,-0.0,33.0,-69.756,-70.244,-70.244,8.0,0.0,-0.0,34.0,-33.196,-33.196,-33.196,0.0,0.0,-0.0,34.0
85.9907,1,rev,-90.0,12.2,5.618,5.4,5.4,16.0,0.0,0.0,34.0,-100.0,-100.0,-100.0,0.0,0.0,-0.0,33.0,-55.192,-90.0,-55.728,24.0,1.0,-3.076,33.0,-65.467,-65.0,-65.0,-24.0,1.0,-0.0,43.0,-95.017,-95.017,-95.017,0.0,0.0,-0.0,33.0,-69.756,-70.244,-70.244,8.0,0.0,-0.0,34.0,-33.196,-33.196,-33.196,0.0,0.0,-0.0,34.0
86.0455,1,rev,-90.0,12.2,5.618,5.4,5.4,16.0,0.0,0.0,34.0,-100.0,-100.0,-100.0,0.0,0.0,-0.0,33.0,-55.477,-90.0,-55.955,24.0,1.0,-4.091,33.0,-65.467,-65.0,-65.0,-24.0,1.0,-0.0,43.0,-95.017,-95.017,-95.017,0.0,0.0,-0.0,33.0,-69.756,-70.244,-70.244,8.0,0.0,-0.0,34.0,-33.196,-33.196,-33.196,0.0,0.0,-0.0,34.0
86.099,1,rev,-90.0,12.2,5.618,5.4,5.4,16.0,0.0,0.0,34.0,-100.0,-100.0,-100.0,0.0,0.0,-0.0,33.0,-55.619,-90.0,-56.063,32.0,2.0,-4.45,33.0,-65.467,-65.0,-65.0,-24.0,1.0,-0.0,43.0,-95.017,-95.017,-95.017,0.0,0.0,-0.0,33.0,-69.756,-70.244,-70.244,8.0,0.0,-0.0,34.0,-33.196,-33.196,-33.196,0.0,0.0,-0.0,34.0
86.152,1,rev,-90.0,12.2,5.618,5.4,5.4,16.0,0.0,0.0,34.0,-100.0,-100.0,-100.0,0.0,0.0,-0.0,33.0,-55.903,-90.0,-56.399,32.0,2.0,-4.274,33.0,-65.467,-65.0,-65.0,-24.0,1.0,-0.0,43.0,-95.017,-95.017,-95.017,0.0,0.0,-0.0,33.0,-69.756,-70.244,-70.244,8.0,0.0,-0.0,34.0,-32.99,-33.196,-33.196,0.0,0.0,2.278,34.0
86.2043,1,rev,-90.0,12.2,5.618,5.4,5.4,16.0,0.0,0.0,34.0,-100.0,-100.0,-100.0,0.0,0.0,-0.0,33.0,-56.188,-90.0,-56.617,32.0,2.0,-4.779,33.0,-65.467,-65.0,-65.0,-24.0,1.0,-0.0,43.0,-95.017,-95.017,-95.017,0.0,0.0,-0.0,33.0,-69.756,-70.244,-70.244,8.0,0.0,-0.0,34.0,-32.99,-33.196,-33.196,0.0,0.0,1.116,34.0
86.2577,1,rev,-90.0,12.2,5.618,5.4,5.4,16.0,0.0,0.0,34.0,-100.0,-100.0,-100.0,0.0,0.0,-0.0,33.0,-56.33,-90.0,-56.832,32.0,2.0,-3.456,33.0,-65.467,-65.0,-65.0,-24.0,1.0,-0.0,43.0,-95.017,-95.017,-95.017,0.0,0.0,-0.0,33.0,-69.756,-70.244,-70.244,8.0,0.0,-0.0,34.0,-32.99,-33.196,-33.196,0.0,0.0,0.547,34.0
86.3099,1,rev,-90.0,12.2,5.618,5.4,5.4,16.0,0.0,0.0,34.0,-100.0,-100.0,-100.0,0.0,0.0,-0.0,33.0,-56.615,-90.0,-57.045,32.0,2.0,-4.419,33.0,-65.467,-65.0,-65.0,-24.0,1.0,-0.0,43.0,-95.017,-95.017,-95.017,0.0,0.0,-0.0,33.0,-69.756,-70.244,-70.244,8.0,0.0,-0.0,34.0,-32.99,-33.196,-33.196,0.0,0.0,0.268,34.0
86.3623,1,rev,-90.0,12.2,5.618,5.4,5.4,16.0,0.0,0.0,34.0,-100.0,-100.0,-100.0,0.0,0.0,-0.0,33.0,-56.757,-90.0,-57.259,32.0,2.0,-3.279,33.0,-65.467,-65.0,-65.0,-24.0,1.0,-0.0,43.0,-95.017,-95.017,-95.017,0.0,0.0,-0.0,33.0,-69.756,-70.244,-70.244,8.0,0.0,-0.0,34.0,-32.99,-33.196,-33.196,0.0,0.0,0.131,34.0
86.4156,1,rev,-90.0,12.2,5.618,5.4,5.4,16.0,0.0,0.0,34.0,-100.0,-100.0,-100.0,0.0,0.0,-0.0,33.0,-57.041,-90.0,-57.475,32.0,2.0,-4.263,33.0,-65.467,-65.0,-65.0,-24.0,1.0,-0.0,43.0,-95.017,-95.017,-95.017,0.0,0.0,-0.0,33.0,-69.756,-70.244,-70.244,8.0,0.0,-0.0,34.0,-32.99,-33.196,-33.196,0.0,0.0,0.064,34.0
86.4686,1,rev,-90.0,12.2,5.618,5.4,5.4,16.0,0.0,0.0,34.0,-100.0,-100.0,-100.0,0.0,0.0,-0.0,33.0,-57.183,-90.0,-57.692,32.0,2.0,-3.198,33.0,-65.467,-65.0,-65.0,-24.0,1.0,-0.0,43.0,-95.017,-95.017,-95.017,0.0,0.0,-0.0,33.0,-69.756,-70.244,-70.244,8.0,0.0,-0.0,34.0,-32.99,-33.196,-33.196,0.0,0.0,0.032,34.0
86.5219,1,rev,-90.0,12.2,5.618,5.4,5.4,16.0,0.0,0.0,34.0,-100.0,-100.0,-100.0,0.0,0.0,-0.0,33.0,-57.468,-90.0,-57.907,32.0,2.0,-4.263,33.0,-65.467,-65.0,-65.0,-24.0,1.0,-0.0,43.0,-95.017,-95.017,-95.017,0.0,0.0,-0.0,33.0,-69.756,-70.244,-70.244,8.0,0.0,-0.0,34.0,-32.99,-33.196,-33.196,0.0,0.0,0.015,34.0
86.575,1,rev,-90.0,12.2,5.618,5.4,5.4,16.0,0.0,0.0,34.0,-100.0,-100.0,-100.0,0.0,0.0,-0.0,33.0,-57.752,-90.0,-58.124,32.0,2.0,-4.765,33.0,-65.467,-65.0,-65.0,-24.0,1.0,-0.0,43.0,-95.017,-95.017,-95.017,0.0,0.0,-0.0,33.0,-69.756,-70.244,-70.244,8.0,0.0,-0.0,34.0,-32.99,-33.196,-33.196,0.0,0.0,0.008,34.0
86.6276,1,rev,-90.0,12.2,5.618,5.4,5.4,16.0,0.0,0.0,34.0,-100.0,-100.0,-100.0,0.0,0.0,-0.0,33.0,-57.895,-90.0,-58.341,32.0,2.0,-3.93,33.0,-65.467,-65.0,-65.0,-24.0,1.0,-0.0,43.0,-95.017,-95.017,-95.017,0.0,0.0,-0.0,33.0,-69.756,-70.244,-70.244,8.0,0.0,-0.0,34.0,-33.196,-33.196,-33.196,0.0,0.0,-1.581,34.0
86.6811,1,rev,-90.0,12.2,5.618,5.4,5.4,16.0,0.0,0.0,34.0,-100.0,-100.0,-100.0,-8.0,0.0,-0.0,33.0,-57.895,-90.0,-58.58,32.0,2.0,-3.93,33.0,-65.467,-65.0,-65.0,-24.0,1.0,-0.0,43.0,-95.017,-95.017,-95.017,0.0,0.0,-0.0,33.0,-69.756,-70.244,-70.244,8.0,0.0,-0.0,34.0,-33.196,-33.196,-33.196,0.0,0.0,-1.581,34.0
86.7345,1,rev,-90.0,12.2,5.618,5.4,5.4,16.0,0.0,0.0,34.0,-100.0,-100.0,-100.0,-8.0,0.0,-0.0,33.0,-58.179,-90.0,-58.699,32.0,2.0,-3.979,33.0,-65.467,-65.0,-65.0,-24.0,1.0,-0.0,43.0,-95.017,-95.017,-95.017,0.0,0.0,-0.0,33.0,-69.756,-70.244,-70.244,8.0,0.0,-0.0,34.0,-33.196,-33.196,-33.196,0.0,0.0,-0.775,34.0
86.7879,1,rev,-90.0,12.2,5.618,5.4,5.4,16.0,0.0,0.0,34.0,-100.0,-100.0,-100.0,-8.0,0.0,-0.0,33.0,-58.464,-90.0,-58.924,32.0,2.0,-4.575,33.0,-65.467,-65.0,-65.0,-24.0,1.0,-0.0,43.0,-95.017,-95.017,-95.017,0.0,0.0,-0.0,33.0,-69.756,-70.244,-70.244,8.0,0.0,-0.0,34.0,-33.196,-33.196,-33.196,0.0,0.0,-0.38,34.0
86.8406,1,rev,-90.0,12.2,5.618,5.4,5.4,16.0,0.0,0.0,34.0,-100.0,-100.0,-100.0,-8.0,0.0,-0.0,33.0,-58.748,-90.0,-59.139,32.0,2.0,-4.947,33.0,-65.467,-65.0,-65.0,-24.0,1.0,-0.0,43.0,-95.017,-95.017,-95.017,0.0,0.0,-0.0,33.0,-69.756,-70.244,-70.244,8.0,0.0,-0.0,34.0,-33.196,-33.196,-33.196,0.0,0.0,-0.186,34.0
86.894,1,rev,-90.0,12.2,5.618,5.4,5.4,16.0,0.0,0.0,34.0,-100.0,-100.0,-100.0,-8.0,0.0,-0.0,33.0,-58.748,-90.0,-59.352,32.0,2.0,-2.424,33.0,-65.467,-65.0,-65.0,-24.0,1.0,-0.0,43.0,-95.017,-95.017,-95.017,0.0,0.0,-0.0,33.0,-69.756,-70.244,-70.244,8.0,0.0,-0.0,34.0,-33.196,-33.196,-33.196,0.0,0.0,-0.091,34.0
86.9467,1,rev,-90.0,12.2,5.618,5.4,5.4,16.0,0.0,0.0,34.0,-100.0,-100.0,-100.0,-8.0,0.0,-0.0,33.0,-59.175,-90.0,-59.571,32.0,2.0,-4.948,33.0,-65.467,-65.0,-65.0,-24.0,1.0,-0.0,43.0,-95.017,-95.017,-95.017,0.0,0.0,-0.0,33.0,-69.756,-70.244,-70.244,8.0,0.0,-0.0,34.0,-33.196,-33.196,-33.196,0.0,0.0,-0.045,34.0
87.0,1,rev,-90.0,12.2,5.618,5.4,5.4,16.0,0.0,0.0,34.0,-100.0,-100.0,-100.0,-8.0,0.0,-0.0,33.0,-59.317,-90.0,-59.788,32.0,2.0,-4.032,33.0,-65.467,-65.0,-65.0,-24.0,1.0,-0.0,43.0,-95.017,-95.017,-95.017,0.0,0.0,-0.0,33.0,-69.756,-70.244,-70.244,8.0,0.0,-0.0,34.0,-33.196,-33.196,-33.196,0.0,0.0,-0.022,34.0
87.0533,1,rev,-90.0,12.2,5.618,5.4,5.4,16.0,0.0,0.0,34.0,-100.0,-100.0,-100.0,-8.0,0.0,-0.0,33.0,-59.602,-90.0,-60.001,32.0,2.0,-4.69,33.0,-65.467,-65.0,-65.0,-24.0,1.0,-0.0,43.0,-95.017,-95.017,-95.017,0.0,0.0,-0.0,33.0,-69.756,-70.244,-70.244,8.0,0.0,-0.0,34.0,-33.196,-33.196,-33.196,0.0,0.0,-0.011,34.0
87.1066,1,rev,-90.0,12.2,5.618,5.4,5.4,16.0,0.0,0.0,34.0,-100.0,-100.0,-100.0,-8.0,0.0,-0.0,33.0,-59.744,-90.0,-60.214,32.0,2.0,-3.887,33.0,-65.467,-65.0,-65.0,-24.0,1.0,-0.0,43.0,-95.017,-95.017,-95.017,0.0,0.0,-0.0,33.0,-69.756,-70.244,-70.244,8.0,0.0,-0.0,34.0,-33.196,-33.196,-33.196,0.0,0.0,-0.005,34.0
87.1599,1,rev,-90.0,12.2,5.618,5.4,5.4,16.0,0.0,0.0,34.0,-100.0,-100.0,-100.0,-8.0,0.0,-0.0,33.0,-60.028,-90.0,-60.429,32.0,2.0,-4.62,33.0,-65.467,-65.0,-65.0,-24.0,1.0,-0.0,43.0,-95.017,-95.017,-95.017,0.0,0.0,-0.0,33.0,-69.756,-70.244,-70.244,8.0,0.0,-0.0,34.0,-33.196,-33.196,-33.196,0.0,0.0,-0.003,34.0
87.2123,1,rev,-90.0,12.2,5.618,5.4,5.4,16.0,0.0,0.0,34.0,-100.0,-100.0,-100.0,-8.0,0.0,-0.0,33.0,-60.171,-90.0,-60.642,32.0,2.0,-3.854,33.0,-65.467,-65.0,-65.0,-24.0,1.0,-0.0,43.0,-95.017,-95.017,-95.017,0.0,0.0,-0.0,33.0,-69.756,-70.244,-70.244,8.0,0.0,-0.0,34.0,-33.196,-33.196,-33.196,0.0,0.0,-0.001,34.0
87.2657,1,rev,-90.0,12.2,5.618,5.4,5.4,16.0,0.0,0.0,34.0,-100.0,-100.0,-100.0,0.0,0.0,-0.0,33.0,-60.313,-90.0,-60.882,32.0,2.0,-3.405,33.0,-65.467,-65.0,-65.0,-24.0,0.0,-0.0,43.0,-95.017,-95.017,-95.017,0.0,0.0,-0.0,33.0,-69.756,-70.244,-70.244,8.0,0.0,-0.0,34.0,-33.196,-33.196,-33.196,0.0,0.0,-0.001,34.0
87.3186,1,rev,-90.0,12.2,5.618,5.4,5.4,16.0,0.0,0.0,34.0,-100.0,-100.0,-100.0,0.0,0.0,-0.0,33.0,-60.597,-90.0,-61.097,32.0,2.0,-4.387,33.0,-65.467,-65.0,-65.0,-24.0,0.0,-0.0,43.0,-95.017,-95.017,-95.017,0.0,0.0,-0.0,33.0,-69.756,-70.244,-70.244,8.0,0.0,-0.0,34.0,-32.99,-33.196,-33.196,0.0,0.0,2.307,34.0
87.3716,1,rev,-90.0,12.2,5.618,5.4,5.4,16.0,0.0,0.0,34.0,-100.0,-100.0,-100.0,0.0,0.0,-0.0,33.0,-60.882,-90.0,-61.312,32.0,2.0,-5.257,33.0,-65.467,-65.0,-65.0,-24.0,0.0,-0.0,43.0,-95.017,-95.017,-95.017,0.0,0.0,-0.0,33.0,-69.756,-70.244,-70.244,8.0,0.0,-0.0,34.0,-32.99,-33.196,-33.196,0.0,0.0,1.13,34.0
87.425,1,rev,-90.0,12.2,5.618,5.4,5.4,16.0,0.0,0.0,34.0,-100.0,-100.0,-100.0,0.0,0.0,-0.0,33.0,-61.024,-90.0,-61.53,32.0,2.0,-3.683,33.0,-65.467,-65.0,-65.0,-24.0,0.0,-0.0,43.0,-95.017,-95.017,-95.017,0.0,0.0,-0.0,33.0,-69.756,-70.244,-70.244,8.0,0.0,-0.0,34.0,-32.99,-33.196,-33.196,0.0,0.0,0.554,34.0
87.4774,1,rev,-90.0,12.2,5.618,5.4,5.4,16.0,0.0,0.0,34.0,-100.0,-100.0,-100.0,0.0,0.0,-0.0,33.0,-61.309,-90.0,-61.747,32.0,2.0,-4.485,33.0,-65.467,-65.0,-65.0,-24.0,0.0,-0.0,43.0,-95.017,-95.017,-95.017,0.0,0.0,-0.0,33.0,-69.756,-70.244,-70.244,8.0,0.0,-0.0,34.0,-33.196,-33.196,-33.196,0.0,0.0,-2.022,34.0
87.5308,1,rev,-90.0,12.2,5.618,5.4,5.4,16.0,0.0,0.0,34.0,-100.0,-100.0,-100.0,0.0,0.0,-0.0,33.0,-61.451,-90.0,-61.962,32.0,2.0,-3.303,33.0,-65.467,-65.0,-65.0,-24.0,0.0,-0.0,43.0,-95.017,-95.017,-95.017,0.0,0.0,-0.0,33.0,-69.756,-70.244,-70.244,8.0,0.0,-0.0,34.0,-33.196,-33.196,-33.196,0.0,0.0,-0.991,34.0
87.5842,1,rev,-90.0,12.2,5.618,5.4,5.4,16.0,0.0,0.0,34.0,-100.0,-100.0,-100.0,0.0,0.0,-0.0,33.0,-61.593,-90.0,-62.177,32.0,2.0,-3.904,33.0,-65.467,-65.0,-65.0,-24.0,0.0,-0.0,43.0,-95.017,-95.017,-95.017,0.0,0.0,-0.0,33.0,-69.756,-70.244,-70.244,8.0,0.0,-0.0,34.0,-33.196,-33.196,-33.196,0.0,0.0,-0.693,34.0
87.6373,1,rev,-90.0,12.2,5.618,5.4,5.4,16.0,0.0,0.0,34.0,-100.0,-100.0,-100.0,0.0,0.0,-0.0,33.0,-61.878,-90.0,-62.405,32.0,2.0,-4.481,33.0,-65.467,-65.0,-65.0,-24.0,0.0,-0.0,43.0,-95.017,-95.017,-95.017,0.0,0.0,-0.0,33.0,-69.756,-70.244,-70.244,8.0,0.0,-0.0,34.0,-33.196,-33.196,-33.196,0.0,0.0,-0.34,34.0
87.6904,1,rev,-90.0,12.2,5.618,5.4,5.4,16.0,0.0,0.0,34.0,-100.0,-100.0,-100.0,0.0,0.0,-0.0,33.0,-62.02,-90.0,-62.629,32.0,2.0,-3.8,33.0,-65.467,-65.0,-65.0,-24.0,0.0,-0.0,43.0,-95.017,-95.017,-95.017,0.0,0.0,-0.0,33.0,-69.756,-70.244,-70.244,8.0,0.0,-0.0,34.0,-33.196,-33.196,-33.196,0.0,0.0,-0.166,34.0
87.744,1,rev,-90.0,12.2,5.618,5.4,5.4,16.0,0.0,0.0,34.0,-100.0,-100.0,-100.0,0.0,0.0,-0.0,33.0,-62.304,-90.0,-62.843,32.0,2.0,-5.068,33.0,-65.467,-65.0,-65.0,-24.0,0.0,-0.0,43.0,-95.017,-95.017,-95.017,0.0,0.0,-0.0,33.0,-69.756,-70.244,-70.244,8.0,0.0,-0.0,34.0,-33.196,-33.196,-33.196,0.0,0.0,-0.082,34.0
87.7979,1,rev,-90.0,12.2,5.618,5.4,5.4,16.0,0.0,0.0,34.0,-100.0,-100.0,-100.0,0.0,0.0,-0.0,33.0,-62.447,-90.0,-62.964,32.0,2.0,-3.47,33.0,-65.467,-65.0,-65.0,-24.0,0.0,-0.0,43.0,-95.017,-95.017,-95.017,0.0,0.0,-0.0,33.0,-69.756,-70.244,-70.244,8.0,0.0,-0.0,34.0,-33.196,-33.196,-33.196,0.0,0.0,-0.04,34.0
87.8503,1,rev,-90.0,12.2,5.618,5.4,5.4,16.0,0.0,0.0,34.0,-100.0,-100.0,-100.0,0.0,0.0,-0.0,33.0,-62.589,-90.0,-63.208,32.0,2.0,-3.125,33.0,-65.467,-65.0,-65.0,-24.0,1.0,-0.0,43.0,-95.017,-95.017,-95.017,0.0,0.0,-0.0,33.0,-69.756,-70.244,-70.244,8.0,0.0,-0.0,34.0,-33.196,-33.196,-33.196,0.0,0.0,-0.028,34.0
87.9022,1,rev,-90.0,12.2,5.618,5.4,5.4,16.0,0.0,0.0,34.0,-100.0,-100.0,-100.0,0.0,0.0,-0.0,33.0,-62.873,-90.0,-63.422,32.0,2.0,-4.269,33.0,-65.467,-65.0,-65.0,-24.0,1.0,-0.0,43.0,-95.017,-95.017,-95.017,0.0,0.0,-0.0,33.0,-69.756,-70.244,-70.244,8.0,0.0,-0.0,34.0,-33.196,-33.196,-33.196,0.0,0.0,-0.014,34.0
87.9543,1,rev,-90.0,12.2,5.618,5.4,5.4,16.0,0.0,0.0,34.0,-100.0,-100.0,-100.0,0.0,0.0,-0.0,33.0,-63.016,-90.0,-63.637,32.0,2.0,-3.192,33.0,-65.467,-65.0,-65.0,-24.0,1.0,-0.0,43.0,-95.017,-95.017,-95.017,0.0,0.0,-0.0,33.0,-69.756,-70.244,-70.244,8.0,0.0,-0.0,34.0,-33.196,-33.196,-33.196,0.0,0.0,-0.007,34.0
88.0075,1,rev,-90.0,12.2,5.618,5.4,5.4,16.0,0.0,0.0,34.0,-100.0,-100.0,-100.0,0.0,0.0,-0.0,33.0,-63.442,-90.0,-63.851,32.0,2.0,-5.835,33.0,-65.467,-65.0,-65.0,-24.0,1.0,-0.0,43.0,-95.017,-95.017,-95.017,0.0,0.0,-0.0,33.0,-69.756,-70.244,-70.244,8.0,0.0,-0.0,34.0,-33.196,-33.196,-33.196,0.0,0.0,-0.003,34.0
88.0616,1,rev,-90.0,12.2,5.618,5.4,5.4,16.0,0.0,0.0,34.0,-100.0,-100.0,-100.0,0.0,0.0,-0.0,33.0,-63.585,-90.0,-64.065,32.0,2.0,-4.453,33.0,-65.467,-65.0,-65.0,-24.0,1.0,-0.0,43.0,-95.017,-95.017,-95.017,0.0,0.0,-0.0,33.0,-69.756,-70.244,-70.244,8.0,0.0,-0.0,34.0,-33.196,-33.196,-33.196,0.0,0.0,-0.002,34.0
88.1146,1,rev,-90.0,12.2,5.618,5.4,5.4,16.0,0.0,0.0,34.0,-100.0,-100.0,-100.0,0.0,0.0,-0.0,33.0,-63.727,-90.0,-64.282,32.0,2.0,-3.28,33.0,-65.467,-65.0,-65.0,-24.0,1.0,-0.0,43.0,-95.017,-95.017,-95.017,0.0,0.0,-0.0,33.0,-69.756,-70.244,-70.244,8.0,0.0,-0.0,34.0,-33.196,-33.196,-33.196,0.0,0.0,-0.001,34.0
88.1674,1,rev,-90.0,12.2,5.618,5.4,5.4,16.0,0.0,0.0,34.0,-100.0,-100.0,-100.0,0.0,0.0,-0.0,33.0,-64.011,-90.0,-64.497,32.0,2.0,-4.301,33.0,-65.467,-65.0,-65.0,-24.0,1.0,-0.0,43.0,-95.017,-95.017,-95.017,0.0,0.0,-0.0,33.0,-69.756,-70.244,-70.244,8.0,0.0,-0.0,34.0,-33.196,-33.196,-33.196,0.0,0.0,-0.0,34.0
88.2207,1,rev,-90.0,12.2,5.618,5.4,5.4,16.0,0.0,0.0,34.0,-100.0,-100.0,-100.0,0.0,0.0,-0.0,33.0,-64.154,-90.0,-64.711,32.0,2.0,-3.689,33.0,-65.467,-65.0,-65.0,-24.0,1.0,-0.0,43.0,-95.017,-95.017,-95.017,0.0,0.0,-0.0,33.0,-69.756,-70.244,-70.244,8.0,0.0,-0.0,34.0,-32.99,-33.196,-33.196,0.0,0.0,2.291,34.0
88.2741,1,rev,-90.0,12.2,5.618,5.4,5.4,16.0,0.0,0.0,34.0,-100.0,-100.0,-100.0,0.0,0.0,-0.0,33.0,-64.438,-90.0,-64.927,32.0,2.0,-4.505,33.0,-65.467,-65.0,-65.0,-24.0,1.0,-0.0,43.0,-95.017,-95.017,-95.017,0.0,0.0,-0.0,33.0,-69.756,-70.244,-70.244,8.0,0.0,-0.0,34.0,-32.99,-33.196,-33.196,0.0,0.0,1.123,34.0
88.3275,1,rev,-90.0,12.2,5.618,5.4,5.4,16.0,0.0,0.0,34.0,-100.0,-100.0,-100.0,0.0,0.0,-0.0,33.0,-64.723,-90.0,-65.14,32.0,2.0,-4.917,33.0,-65.467,-65.0,-65.0,-24.0,1.0,-0.0,43.0,-95.017,-95.017,-95.017,0.0,0.0,-0.0,33.0,-69.756,-70.244,-70.244,8.0,0.0,-0.0,34.0,-32.99,-33.196,-33.196,0.0,0.0,0.55,34.0
88.3804,1,rev,-90.0,12.2,5.618,5.4,5.4,16.0,0.0,0.0,34.0,-100.0,-100.0,-100.0,0.0,0.0,-0.0,33.0,-64.723,-90.0,-65.248,32.0,2.0,-3.442,33.0,-65.467,-65.0,-65.0,-24.0,1.0,-0.0,43.0,-95.017,-95.017,-95.017,0.0,0.0,-0.0,33.0,-69.756,-70.244,-70.244,8.0,0.0,-0.0,34.0,-32.99,-33.196,-33.196,0.0,0.0,0.385,34.0
88.4339,1,rev,-90.0,12.2,5.618,5.4,5.4,16.0,0.0,0.0,34.0,-100.0,-100.0,-100.0,-8.0,0.0,-0.0,33.0,-64.865,-90.0,-65.591,32.0,2.0,-3.136,33.0,-65.467,-65.0,-65.0,-24.0,0.0,-0.0,43.0,-95.017,-95.017,-95.017,0.0,0.0,-0.0,33.0,-69.756,-70.244,-70.244,8.0,0.0,-0.0,34.0,-32.99,-33.196,-33.196,8.0,0.0,0.27,34.0
88.4872,1,rev,-90.0,12.2,5.618,5.4,5.4,16.0,0.0,0.0,34.0,-100.0,-100.0,-100.0,-8.0,0.0,-0.0,33.0,-65.149,-90.0,-65.71,32.0,2.0,-4.696,33.0,-65.467,-65.0,-65.0,-24.0,0.0,-0.0,43.0,-95.017,-95.017,-95.017,0.0,0.0,-0.0,33.0,-69.756,-70.244,-70.244,8.0,0.0,-0.0,34.0,-32.99,-33.196,-33.196,8.0,0.0,0.132,34.0
88.5415,1,rev,-90.0,12.2,5.618,5.4,5.4,16.0,0.0,0.0,34.0,-100.0,-100.0,-100.0,-8.0,0.0,-0.0,33.0,-65.434,-90.0,-65.937,32.0,2.0,-4.905,33.0,-65.467,-65.0,-65.0,-24.0,0.0,-0.0,43.0,-95.017,-95.017,-95.017,0.0,0.0,-0.0,33.0,-69.756,-70.244,-70.244,8.0,0.0,-0.0,34.0,-32.99,-33.196,-33.196,8.0,0.0,0.065,34.0
88.5955,1,rev,-90.0,12.2,5.618,5.4,5.4,16.0,0.0,0.0,34.0,-100.0,-100.0,-100.0,-8.0,0.0,-0.0,33.0,-65.576,-90.0,-66.154,32.0,2.0,-3.49,33.0,-65.467,-65.0,-65.0,-24.0,0.0,-0.0,43.0,-95.017,-95.017,-95.017,0.0,0.0,-0.0,33.0,-69.756,-70.244,-70.244,8.0,0.0,-0.0,34.0,-32.99,-33.196,-33.196,8.0,0.0,0.032,34.0
88.6491,1,rev,-90.0,12.2,5.618,5.4,5.4,16.0,0.0,0.0,34.0,-100.0,-100.0,-100.0,-8.0,0.0,-0.0,33.0,-65.861,-90.0,-66.369,32.0,2.0,-4.398,33.0,-65.467,-65.0,-65.0,-24.0,0.0,-0.0,43.0,-95.017,-95.017,-95.017,0.0,0.0,-0.0,33.0,-69.756,-70.244,-70.244,8.0,0.0,-0.0,34.0,-32.99,-33.196,-33.196,8.0,0.0,0.016,34.0
88.7031,1,rev,-90.0,12.2,5.618,5.4,5.4,16.0,0.0,0.0,34.0,-100.0,-100.0,-100.0,-8.0,0.0,-0.0,33.0,-66.003,-90.0,-66.585,32.0,2.0,-3.261,33.0,-65.467,-65.0,-65.0,-24.0,0.0,-0.0,43.0,-95.017,-95.017,-95.017,0.0,0.0,-0.0,33.0,-69.756,-70.244,-70.244,8.0,0.0,-0.0,34.0,-33.196,-33.196,-33.196,8.0,0.0,-2.267,34.0
88.7565,1,rev,-90.0,12.2,5.618,5.4,5.4,16.0,0.0,0.0,34.0,-100.0,-100.0,-100.0,-8.0,0.0,-0.0,33.0,-66.287,-90.0,-66.799,32.0,2.0,-3.857,33.0,-65.467,-65.0,-65.0,-24.0,0.0,-0.0,43.0,-95.017,-95.017,-95.017,0.0,0.0,-0.0,33.0,-69.756,-70.244,-70.244,8.0,0.0,-0.0,34.0,-33.196,-33.196,-33.196,8.0,0.0,-1.111,34.0
88.8094,1,rev,-90.0,12.2,5.618,5.4,5.4,16.0,0.0,0.0,34.0,-100.0,-100.0,-100.0,-8.0,0.0,-0.0,33.0,-66.572,-90.0,-67.013,32.0,2.0,-4.613,33.0,-65.467,-65.0,-65.0,-24.0,0.0,-0.0,43.0,-95.017,-95.017,-95.017,0.0,0.0,-0.0,33.0,-69.756,-70.244,-70.244,8.0,0.0,-0.0,34.0,-33.196,-33.196,-33.196,8.0,0.0,-0.544,34.0
88.8624,1,rev,-90.0,12.2,5.618,5.4,5.4,16.0,0.0,0.0,34.0,-100.0,-100.0,-100.0,-8.0,0.0,-0.0,33.0,-66.714,-90.0,-67.225,32.0,2.0,-3.384,33.0,-65.467,-65.0,-65.0,-24.0,0.0,-0.0,43.0,-95.017,-95.017,-95.017,0.0,0.0,-0.0,33.0,-69.756,-70.244,-70.244,8.0,0.0,-0.0,34.0,-33.196,-33.196,-33.196,8.0,0.0,-0.267,34.0
88.9154,1,rev,-90.0,12.2,5.618,5.4,5.4,16.0,0.0,0.0,34.0,-100.0,-100.0,-100.0,-8.0,0.0,-0.0,33.0,-66.999,-90.0,-67.439,32.0,2.0,-4.391,33.0,-65.467,-65.0,-65.0,-24.0,0.0,-0.0,43.0,-95.017,-95.017,-95.017,0.0,0.0,-0.0,33.0,-69.756,-70.244,-70.244,8.0,0.0,-0.0,34.0,-33.196,-33.196,-33.196,8.0,0.0,-0.131,34.0
88.9684,1,rev,-90.0,12.2,5.618,5.4,5.4,16.0,0.0,0.0,34.0,-100.0,-100.0,-100.0,-8.0,0.0,-0.0,33.0,-66.999,-90.0,-67.545,20.0,1.0,-3.074,33.0,-65.467,-65.0,-65.0,-24.0,0.0,-0.0,43.0,-95.017,-95.017,-95.017,0.0,0.0,-0.0,33.0,-69.756,-70.244,-70.244,8.0,0.0,-0.0,34.0,-33.196,-33.196,-33.196,0.0,1.0,-0.091,34.0
89.0218,1,rev,-90.0,12.2,5.618,5.4,5.4,16.0,0.0,0.0,34.0,-100.0,-100.0,-100.0,-8.0,0.0,-0.0,33.0,-67.283,-90.0,-67.883,20.0,1.0,-3.612,33.0,-65.467,-65.0,-65.0,-24.0,0.0,-0.0,43.0,-95.017,-95.017,-95.017,0.0,0.0,-0.0,33.0,-69.756,-70.244,-70.244,8.0,0.0,-0.0,34.0,-33.196,-33.196,-33.196,0.0,1.0,-0.045,34.0
89.0752,1,rev,-90.0,12.2,5.618,5.4,5.4,16.0,0.0,0.0,34.0,-100.0,-100.0,-100.0,-8.0,0.0,-0.0,33.0,-67.568,-90.0,-68.099,20.0,1.0,-4.438,33.0,-65.467,-65.0,-65.0,-24.0,0.0,-0.0,43.0,-95.017,-95.017,-95.017,0.0,0.0,-0.0,33.0,-69.756,-70.244,-70.244,8.0,0.0,-0.0,34.0,-33.196,-33.196,-33.196,0.0,1.0,-0.022,34.0
89.1287,1,rev,-90.0,12.2,5.618,5.4,5.4,16.0,0.0,0.0,34.0,-100.0,-100.0,-100.0,-8.0,0.0,-0.0,33.0,-67.71,-90.0,-68.315,20.0,1.0,-3.286,33.0,-65.467,-65.0,-65.0,-24.0,0.0,-0.0,43.0,-95.017,-95.017,-95.017,0.0,0.0,-0.0,33.0,-69.756,-70.244,-70.244,8.0,0.0,-0.0,34.0,-33.196,-33.196,-33.196,0.0,1.0,-0.011,34.0
89.181,1,rev,-90.0,12.2,5.618,5.4,5.4,16.0,0.0,0.0,34.0,-100.0,-100.0,-100.0,-8.0,0.0,-0.0,33.0,-68.137,-90.0,-68.53,20.0,1.0,-5.411,33.0,-65.467,-65.0,-65.0,-24.0,0.0,-0.0,43.0,-95.017,-95.017,-95.017,0.0,0.0,-0.0,33.0,-69.756,-70.244,-70.244,8.0,0.0,-0.0,34.0,-33.196,-33.196,-33.196,0.0,1.0,-0.005,34.0
89.2334,1,rev,-90.0,12.2,5.618,5.4,5.4,16.0,0.0,0.0,34.0,-100.0,-100.0,-100.0,-8.0,0.0,-0.0,33.0,-68.279,-90.0,-68.746,20.0,1.0,-4.239,33.0,-65.467,-65.0,-65.0,-24.0,0.0,-0.0,43.0,-95.017,-95.017,-95.017,0.0,0.0,-0.0,33.0,-69.756,-70.244,-70.244,8.0,0.0,-0.0,34.0,-33.196,-33.196,-33.196,0.0,1.0,-0.003,34.0
89.2859,1,rev,-90.0,12.2,5.618,5.4,5.4,16.0,0.0,0.0,34.0,-100.0,-100.0,-100.0,-8.0,0.0,-0.0,33.0,-68.563,-90.0,-68.961,20.0,1.0,-4.779,33.0,-65.467,-65.0,-65.0,-24.0,0.0,-0.0,43.0,-95.017,-95.017,-95.017,0.0,0.0,-0.0,33.0,-69.756,-70.244,-70.244,8.0,0.0,-0.0,34.0,-33.196,-33.196,-33.196,0.0,1.0,-0.001,34.0
89.3383,1,rev,-90.0,12.2,5.618,5.4,5.4,16.0,0.0,0.0,34.0,-100.0,-100.0,-100.0,-8.0,0.0,-0.0,33.0,-68.706,-90.0,-69.177,20.0,1.0,-3.44,33.0,-65.467,-65.0,-65.0,-24.0,0.0,-0.0,43.0,-95.017,-95.017,-95.017,0.0,0.0,-0.0,33.0,-69.756,-70.244,-70.244,8.0,0.0,-0.0,34.0,-33.196,-33.196,-33.196,0.0,1.0,-0.001,34.0
89.3916,1,rev,-90.0,12.2,5.618,5.4,5.4,16.0,0.0,0.0,34.0,-100.0,-100.0,-100.0,-8.0,0.0,-0.0,33.0,-68.99,-90.0,-69.392,20.0,1.0,-4.395,33.0,-65.467,-65.0,-65.0,-24.0,0.0,-0.0,43.0,-95.017,-95.017,-95.017,0.0,0.0,-0.0,33.0,-69.756,-70.244,-70.244,8.0,0.0,-0.0,34.0,-33.196,-33.196,-33.196,0.0,1.0,-0.0,34.0
89.4448,1,rev,-90.0,12.2,5.618,5.4,5.4,16.0,0.0,0.0,34.0,-100.0,-100.0,-100.0,-8.0,0.0,-0.0,33.0,-68.99,-90.0,-69.607,20.0,1.0,-2.154,33.0,-65.467,-65.0,-65.0,-24.0,0.0,-0.0,43.0,-95.017,-95.017,-95.017,0.0,0.0,-0.0,33.0,-69.756,-70.244,-70.244,8.0,0.0,-0.0,34.0,-33.196,-33.196,-33.196,0.0,1.0,-0.0,34.0
89.498,1,rev,-90.0,12.2,5.618,5.4,5.4,16.0,0.0,0.0,34.0,-100.0,-100.0,-100.0,-8.0,0.0,-0.0,33.0,-69.417,-90.0,-69.822,20.0,1.0,-4.843,33.0,-65.467,-65.0,-65.0,-24.0,0.0,-0.0,43.0,-95.017,-95.017,-95.017,0.0,0.0,-0.0,33.0,-69.756,-70.244,-70.244,8.0,0.0,-0.0,34.0,-33.196,-33.196,-33.196,0.0,1.0,-0.0,34.0
89.5516,1,rev,-90.0,12.2,5.618,5.4,5.4,16.0,0.0,0.0,34.0,-100.0,-100.0,-100.0,-8.0,0.0,-0.0,33.0,-69.417,-90.0,-70.063,24.0,1.0,-4.843,33.0,-65.467,-65.0,-65.0,-24.0,1.0,-0.0,43.0,-95.017,-95.017,-95.017,0.0,0.0,-0.0,33.0,-69.756,-70.244,-70.244,8.0,0.0,-0.0,34.0,-33.196,-33.196,-33.196,0.0,0.0,-0.0,34.0
89.6051,1,rev,-90.0,12.2,5.618,5.4,5.4,16.0,0.0,0.0,34.0,-100.0,-100.0,-100.0,-8.0,0.0,-0.0,33.0,-69.559,-90.0,-70.183,24.0,1.0,-3.948,33.0,-65.467,-65.0,-65.0,-24.0,1.0,-0.0,43.0,-95.017,-95.017,-95.017,0.0,0.0,-0.0,33.0,-69.756,-70.244,-70.244,8.0,0.0,-0.0,34.0,-33.196,-33.196,-33.196,0.0,0.0,-0.0,34.0
89.6586,1,rev,-90.0,12.2,5.618,5.4,5.4,16.0,0.0,0.0,34.0,-100.0,-100.0,-100.0,-8.0,0.0,-0.0,33.0,-69.986,-90.0,-70.409,24.0,1.0,-6.028,33.0,-65.467,-65.0,-65.0,-24.0,1.0,-0.0,43.0,-95.017,-95.017,-95.017,0.0,0.0,-0.0,33.0,-69.756,-70.244,-70.244,8.0,0.0,-0.0,34.0,-32.99,-33.196,-33.196,0.0,0.0,2.241,34.0
89.7118,1,rev,-90.0,12.2,5.618,5.4,5.4,16.0,0.0,0.0,34.0,-100.0,-100.0,-100.0,-8.0,0.0,-0.0,33.0,-70.128,-90.0,-70.625,24.0,1.0,-4.565,33.0,-65.467,-65.0,-65.0,-24.0,1.0,-0.0,43.0,-95.017,-95.017,-95.017,0.0,0.0,-0.0,33.0,-69.756,-70.244,-70.244,8.0,0.0,-0.0,34.0,-32.99,-33.196,-33.196,0.0,0.0,1.098,34.0
89.7648,1,rev,-90.0,12.2,5.618,5.4,5.4,16.0,0.0,0.0,34.0,-100.0,-100.0,-100.0,-8.0,0.0,-0.0,33.0,-70.413,-90.0,-70.837,24.0,1.0,-4.975,33.0,-65.467,-65.0,-65.0,-24.0,1.0,-0.0,43.0,-95.017,-95.017,-95.017,0.0,0.0,-0.0,33.0,-69.756,-70.244,-70.244,8.0,0.0,-0.0,34.0,-32.99,-33.196,-33.196,0.0,0.0,0.538,34.0
89.8176,1,rev,-90.0,12.2,5.618,5.4,5.4,16.0,0.0,0.0,34.0,-100.0,-100.0,-100.0,-8.0,0.0,-0.0,33.0,-70.555,-90.0,-71.049,24.0,1.0,-4.033,33.0,-65.467,-65.0,-65.0,-24.0,1.0,-0.0,43.0,-95.017,-95.017,-95.017,0.0,0.0,-0.0,33.0,-69.756,-70.244,-70.244,8.0,0.0,-0.0,34.0,-32.99,-33.196,-33.196,0.0,0.0,0.264,34.0
89.8708,1,rev,-90.0,12.2,5.618,5.4,5.4,16.0,0.0,0.0,34.0,-100.0,-100.0,-100.0,-8.0,0.0,-0.0,33.0,-70.839,-90.0,-71.263,24.0,1.0,-4.672,33.0,-65.467,-65.0,-65.0,-24.0,1.0,-0.0,43.0,-95.017,-95.017,-95.017,0.0,0.0,-0.0,33.0,-69.756,-70.244,-70.244,8.0,0.0,-0.0,34.0,-32.99,-33.196,-33.196,0.0,0.0,0.129,34.0
89.9239,1,rev,-90.0,12.2,5.618,5.4,5.4,16.0,0.0,0.0,34.0,-100.0,-100.0,-100.0,-8.0,0.0,-0.0,33.0,-70.982,-90.0,-71.478,24.0,1.0,-3.886,33.0,-65.467,-65.0,-65.0,-24.0,1.0,-0.0,43.0,-95.017,-95.017,-95.017,0.0,0.0,-0.0,33.0,-69.756,-70.244,-70.244,8.0,0.0,-0.0,34.0,-32.99,-33.196,-33.196,0.0,0.0,0.063,34.0
89.9763,1,rev,-90.0,12.2,5.618,5.4,5.4,16.0,0.0,0.0,34.0,-100.0,-100.0,-100.0,-8.0,0.0,-0.0,33.0,-71.266,-90.0,-71.69,24.0,1.0,-4.619,33.0,-65.467,-65.0,-65.0,-24.0,1.0,-0.0,43.0,-95.017,-95.017,-95.017,0.0,0.0,-0.0,33.0,-69.756,-70.244,-70.244,8.0,0.0,-0.0,34.0,-32.99,-33.196,-33.196,0.0,0.0,0.031,34.0
90.0285,1,rev,-90.0,12.2,5.618,5.4,5.4,16.0,0.0,0.0,34.0,-100.0,-100.0,-100.0,-8.0,0.0,-0.0,33.0,-71.408,-90.0,-71.906,24.0,1.0,-3.851,33.0,-65.467,-65.0,-65.0,-24.0,1.0,-0.0,43.0,-95.017,-95.017,-95.017,0.0,0.0,-0.0,33.0,-69.756,-70.244,-70.244,8.0,0.0,-0.0,34.0,-32.99,-33.196,-33.196,0.0,0.0,0.015,34.0
90.0822,1,rev,-90.0,12.2,5.618,5.4,5.4,16.0,0.0,0.0,34.0,-100.0,-100.0,-100.0,-8.0,0.0,-0.0,33.0,-71.693,-90.0,-72.121,24.0,1.0,-4.586,33.0,-65.467,-65.0,-65.0,-24.0,1.0,-0.0,43.0,-95.017,-95.017,-95.017,0.0,0.0,-0.0,33.0,-69.756,-70.244,-70.244,8.0,0.0,-0.0,34.0,-32.99,-33.196,-33.196,0.0,0.0,0.007,34.0
90.1345,1,rev,-90.0,12.2,5.618,5.4,5.4,16.0,0.0,0.0,34.0,-100.0,-100.0,-100.0,-8.0,0.0,-0.0,33.0,-71.835,-90.0,-72.35,32.0,2.0,-3.956,33.0,-65.467,-65.0,-65.0,-24.0,1.0,-0.0,43.0,-95.017,-95.017,-95.017,0.0,0.0,-0.0,33.0,-69.756,-70.244,-70.244,8.0,0.0,-0.0,34.0,-32.99,-33.196,-33.196,8.0,0.0,0.005,34.0
90.1878,1,rev,-90.0,12.2,5.618,5.4,5.4,16.0,0.0,0.0,34.0,-100.0,-100.0,-100.0,-8.0,0.0,-0.0,33.0,-72.119,-90.0,-72.564,32.0,2.0,-4.635,33.0,-65.467,-65.0,-65.0,-24.0,1.0,-0.0,43.0,-95.017,-95.017,-95.017,0.0,0.0,-0.0,33.0,-69.756,-70.244,-70.244,8.0,0.0,-0.0,34.0,-32.99,-33.196,-33.196,8.0,0.0,0.003,34.0
90.2411,1,rev,-90.0,12.2,5.618,5.4,5.4,16.0,0.0,0.0,34.0,-100.0,-100.0,-100.0,-8.0,0.0,-0.0,33.0,-72.262,-90.0,-72.779,32.0,2.0,-3.384,33.0,-65.467,-65.0,-65.0,-24.0,1.0,-0.0,43.0,-95.017,-95.017,-95.017,0.0,0.0,-0.0,33.0,-69.756,-70.244,-70.244,8.0,0.0,-0.0,34.0,-32.99,-33.196,-33.196,8.0,0.0,0.001,34.0
90.2945,1,rev,-90.0,12.2,5.618,5.4,5.4,16.0,0.0,0.0,34.0,-100.0,-100.0,-100.0,-8.0,0.0,-0.0,33.0,-72.546,-90.0,-72.996,32.0,2.0,-4.33,33.0,-65.467,-65.0,-65.0,-24.0,1.0,-0.0,43.0,-95.017,-95.017,-95.017,0.0,0.0,-0.0,33.0,-69.756,-70.244,-70.244,8.0,0.0,-0.0,34.0,-32.99,-33.196,-33.196,8.0,0.0,0.001,34.0
90.348,1,rev,-90.0,12.2,5.618,5.4,5.4,16.0,0.0,0.0,34.0,-100.0,-100.0,-100.0,-8.0,0.0,-0.0,33.0,-72.688,-90.0,-73.211,32.0,2.0,-3.23,33.0,-65.467,-65.0,-65.0,-24.0,1.0,-0.0,43.0,-95.017,-95.017,-95.017,0.0,0.0,-0.0,33.0,-69.756,-70.244,-70.244,8.0,0.0,-0.0,34.0,-32.99,-33.196,-33.196,8.0,0.0,0.0,34.0
90.4015,1,rev,-90.0,12.2,5.618,5.4,5.4,16.0,0.0,0.0,34.0,-100.0,-100.0,-100.0,-8.0,0.0,-0.0,33.0,-72.973,-90.0,-73.43,32.0,2.0,-4.227,33.0,-65.467,-65.0,-65.0,-24.0,1.0,-0.0,43.0,-95.017,-95.017,-95.017,0.0,0.0,-0.0,33.0,-69.756,-70.244,-70.244,8.0,0.0,-0.0,34.0,-33.196,-33.196,-33.196,8.0,0.0,-2.259,34.0
90.4549,1,rev,-90.0,12.2,5.618,5.4,5.4,16.0,0.0,0.0,34.0,-100.0,-100.0,-100.0,-8.0,0.0,-0.0,33.0,-73.115,-90.0,-73.645,32.0,2.0,-3.667,33.0,-65.467,-65.0,-65.0,-24.0,1.0,-0.0,43.0,-95.017,-95.017,-95.017,0.0,0.0,-0.0,33.0,-69.756,-70.244,-70.244,8.0,0.0,-0.0,34.0,-33.196,-33.196,-33.196,8.0,0.0,-1.107,34.0
90.5077,1,rev,-90.0,12.2,5.618,5.4,5.4,16.0,0.0,0.0,34.0,-100.0,-100.0,-100.0,-8.0,0.0,-0.0,33.0,-73.4,-90.0,-73.859,32.0,2.0,-4.506,33.0,-65.467,-65.0,-65.0,-24.0,1.0,-0.0,43.0,-95.017,-95.017,-95.017,0.0,0.0,-0.0,33.0,-69.756,-70.244,-70.244,8.0,0.0,-0.0,34.0,-33.196,-33.196,-33.196,8.0,0.0,-0.542,34.0
90.5607,1,rev,-90.0,12.2,5.618,5.4,5.4,16.0,0.0,0.0,34.0,-100.0,-100.0,-100.0,-8.0,0.0,-0.0,33.0,-73.542,-90.0,-74.073,32.0,2.0,-3.333,33.0,-65.467,-65.0,-65.0,-24.0,1.0,-0.0,43.0,-95.017,-95.017,-95.017,0.0,0.0,-0.0,33.0,-69.756,-70.244,-70.244,8.0,0.0,-0.0,34.0,-33.196,-33.196,-33.196,8.0,0.0,-0.266,34.0
90.6139,1,rev,-90.0,12.2,5.618,5.4,5.4,16.0,0.0,0.0,34.0,-100.0,-100.0,-100.0,-8.0,0.0,-0.0,33.0,-73.684,-90.0,-74.288,32.0,2.0,-2.74,33.0,-65.467,-65.0,-65.0,-24.0,1.0,-0.0,43.0,-95.017,-95.017,-95.017,0.0,0.0,-0.0,33.0,-69.756,-70.244,-70.244,8.0,0.0,-0.0,34.0,-33.196,-33.196,-33.196,8.0,0.0,-0.13,34.0
90.6666,1,rev,-90.0,12.2,5.618,5.4,5.4,16.0,0.0,0.0,34.0,-100.0,-100.0,-100.0,-8.0,0.0,-0.0,33.0,-73.969,-90.0,-74.395,32.0,2.0,-5.062,33.0,-65.467,-65.0,-65.0,-24.0,1.0,-0.0,43.0,-95.017,-95.017,-95.017,0.0,0.0,-0.0,33.0,-69.756,-70.244,-70.244,8.0,0.0,-0.0,34.0,-33.196,-33.196,-33.196,8.0,0.0,-0.091,34.0
90.7202,1,rev,-90.0,12.2,5.618,5.4,5.4,16.0,0.0,0.0,34.0,-100.0,-100.0,-100.0,-8.0,0.0,-0.0,33.0,-73.969,-90.0,-74.745,24.0,1.0,-3.543,33.0,-65.467,-65.0,-65.0,-24.0,1.0,-0.0,43.0,-95.017,-95.017,-95.017,0.0,0.0,-0.0,33.0,-69.756,-70.244,-70.244,8.0,0.0,-0.0,34.0,-33.196,-33.196,-33.196,0.0,0.0,-0.064,34.0
90.7739,1,rev,-90.0,12.2,5.618,5.4,5.4,16.0,0.0,0.0,34.0,-100.0,-100.0,-100.0,-8.0,0.0,-0.0,33.0,-74.253,-90.0,-74.857,24.0,1.0,-4.398,33.0,-65.467,-65.0,-65.0,-24.0,1.0,-0.0,43.0,-95.017,-95.017,-95.017,0.0,0.0,-0.0,33.0,-69.756,-70.244,-70.244,8.0,0.0,-0.0,34.0,-33.196,-33.196,-33.196,0.0,0.0,-0.031,34.0
90.8278,1,rev,-90.0,12.2,5.618,5.4,5.4,16.0,0.0,0.0,34.0,-100.0,-100.0,-100.0,-8.0,0.0,-0.0,33.0,-74.68,-90.0,-75.085,24.0,1.0,-5.731,33.0,-65.467,-65.0,-65.0,-24.0,1.0,-0.0,43.0,-95.017,-95.017,-95.017,0.0,0.0,-0.0,33.0,-69.756,-70.244,-70.244,8.0,0.0,-0.0,34.0,-33.196,-33.196,-33.196,0.0,0.0,-0.015,34.0
90.8807,1,rev,-90.0,12.2,5.618,5.4,5.4,16.0,0.0,0.0,34.0,-100.0,-100.0,-100.0,-8.0,0.0,-0.0,33.0,-74.822,-90.0,-75.299,24.0,1.0,-4.413,33.0,-65.467,-65.0,-65.0,-24.0,1.0,-0.0,43.0,-95.017,-95.017,-95.017,0.0,0.0,-0.0,33.0,-69.756,-70.244,-70.244,8.0,0.0,-0.0,34.0,-33.196,-33.196,-33.196,0.0,0.0,-0.008,34.0
90.9335,1,rev,-90.0,12.2,5.618,5.4,5.4,16.0,0.0,0.0,34.0,-100.0,-100.0,-100.0,-8.0,0.0,-0.0,33.0,-74.964,-90.0,-75.513,24.0,1.0,-3.28,33.0,-65.467,-65.0,-65.0,-24.0,1.0,-0.0,43.0,-95.017,-95.017,-95.017,0.0,0.0,-0.0,33.0,-69.756,-70.244,-70.244,8.0,0.0,-0.0,34.0,-33.196,-33.196,-33.196,0.0,0.0,-0.004,34.0
90.9869,1,rev,-90.0,12.2,5.618,5.4,5.4,16.0,0.0,0.0,34.0,-100.0,-100.0,-100.0,-8.0,0.0,-0.0,33.0,-75.249,-90.0,-75.726,24.0,1.0,-4.314,33.0,-65.467,-65.0,-65.0,-24.0,1.0,-0.0,43.0,-95.017,-95.017,-95.017,0.0,0.0,-0.0,33.0,-69.756,-70.244,-70.244,8.0,0.0,-0.0,34.0,-33.196,-33.196,-33.196,0.0,0.0,-0.002,34.0
91.041,1,rev,-90.0,12.2,5.618,5.4,5.4,16.0,0.0,0.0,34.0,-100.0,-100.0,-100.0,-8.0,0.0,-0.0,33.0,-75.533,-90.0,-75.941,24.0,1.0,-4.828,33.0,-65.467,-65.0,-65.0,-24.0,1.0,-0.0,43.0,-95.017,-95.017,-95.017,0.0,0.0,-0.0,33.0,-69.756,-70.244,-70.244,8.0,0.0,-0.0,34.0,-33.196,-33.196,-33.196,0.0,0.0,-0.001,34.0
91.0949,1,rev,-90.0,12.2,5.618,5.4,5.4,16.0,0.0,0.0,34.0,-100.0,-100.0,-100.0,-8.0,0.0,-0.0,33.0,-75.676,-90.0,-76.155,24.0,1.0,-3.968,33.0,-65.467,-65.0,-65.0,-24.0,1.0,-0.0,43.0,-95.017,-95.017,-95.017,0.0,0.0,-0.0,33.0,-69.756,-70.244,-70.244,8.0,0.0,-0.0,34.0,-33.196,-33.196,-33.196,0.0,0.0,-0.0,34.0
91.1483,1,rev,-90.0,12.2,5.618,5.4,5.4,16.0,0.0,0.0,34.0,-100.0,-100.0,-100.0,-8.0,0.0,-0.0,33.0,-75.96,-90.0,-76.37,24.0,1.0,-4.633,33.0,-65.467,-65.0,-65.0,-24.0,1.0,-0.0,43.0,-95.017,-95.017,-95.017,0.0,0.0,-0.0,33.0,-69.756,-70.244,-70.244,8.0,0.0,-0.0,34.0,-33.196,-33.196,-33.196,0.0,0.0,-0.0,34.0
91.202,1,rev,-90.0,12.2,5.618,5.4,5.4,16.0,0.0,0.0,34.0,-100.0,-100.0,-100.0,-8.0,0.0,-0.0,33.0,-76.102,-90.0,-76.585,24.0,1.0,-3.859,33.0,-65.467,-65.0,-65.0,-24.0,1.0,-0.0,43.0,-95.017,-95.017,-95.017,0.0,0.0,-0.0,33.0,-69.756,-70.244,-70.244,8.0,0.0,-0.0,34.0,-33.196,-33.196,-33.196,0.0,0.0,-0.0,34.0
91.2545,1,rev,-90.0,12.2,5.618,5.4,5.4,16.0,0.0,0.0,34.0,-100.0,-100.0,-100.0,-8.0,0.0,-0.0,33.0,-76.245,-90.0,-76.692,32.0,2.0,-4.297,33.0,-65.467,-65.0,-65.0,-24.0,0.0,-0.0,43.0,-95.017,-95.017,-95.017,0.0,0.0,-0.0,33.0,-69.756,-70.244,-70.244,8.0,0.0,-0.0,34.0,-33.196,-33.196,-33.196,0.0,0.0,-0.0,34.0
91.3063,1,rev,-90.0,12.2,5.618,5.4,5.4,16.0,0.0,0.0,34.0,-100.0,-100.0,-100.0,-8.0,0.0,-0.0,33.0,-76.529,-90.0,-77.025,32.0,2.0,-4.216,33.0,-65.467,-65.0,-65.0,-24.0,0.0,-0.0,43.0,-95.017,-95.017,-95.017,0.0,0.0,-0.0,33.0,-69.756,-70.244,-70.244,8.0,0.0,-0.0,34.0,-33.196,-33.196,-33.196,0.0,0.0,-0.0,34.0
91.3597,1,rev,-90.0,12.2,5.618,5.4,5.4,16.0,0.0,0.0,34.0,-100.0,-100.0,-100.0,-8.0,0.0,-0.0,33.0,-76.814,-90.0,-77.24,32.0,2.0,-4.772,33.0,-65.467,-65.0,-65.0,-24.0,0.0,-0.0,43.0,-95.017,-95.017,-95.017,0.0,0.0,-0.0,33.0,-69.756,-70.244,-70.244,8.0,0.0,-0.0,34.0,-33.196,-33.196,-33.196,0.0,0.0,-0.0,34.0
91.412,1,rev,-90.0,12.2,5.618,5.4,5.4,16.0,0.0,0.0,34.0,-100.0,-100.0,-100.0,-8.0,0.0,-0.0,33.0,-76.956,-90.0,-77.455,32.0,2.0,-3.926,33.0,-65.467,-65.0,-65.0,-24.0,0.0,-0.0,43.0,-95.017,-95.017,-95.017,0.0,0.0,-0.0,33.0,-69.756,-70.244,-70.244,8.0,0.0,-0.0,34.0,-33.196,-33.196,-33.196,0.0,0.0,-0.0,34.0
91.4655,1,rev,-90.0,12.2,5.618,5.4,5.4,16.0,0.0,0.0,34.0,-100.0,-100.0,-100.0,-8.0,0.0,-0.0,33.0,-77.098,-90.0,-77.671,32.0,2.0,-3.517,33.0,-65.467,-65.0,-65.0,-24.0,0.0,-0.0,43.0,-95.017,-95.017,-95.017,0.0,0.0,-0.0,33.0,-69.756,-70.244,-70.244,8.0,0.0,-0.0,34.0,-33.196,-33.196,-33.196,0.0,0.0,-0.0,34.0
91.5188,1,rev,-90.0,12.2,5.618,5.4,5.4,16.0,0.0,0.0,34.0,-100.0,-100.0,-100.0,-8.0,0.0,-0.0,33.0,-77.383,-90.0,-77.886,32.0,2.0,-3.918,33.0,-65.467,-65.0,-65.0,-24.0,0.0,-0.0,43.0,-95.017,-95.017,-95.017,0.0,0.0,-0.0,33.0,-69.756,-70.244,-70.244,8.0,0.0,-0.0,34.0,-33.196,-33.196,-33.196,0.0,0.0,-0.0,34.0
91.5721,1,rev,-90.0,12.2,5.618,5.4,5.4,16.0,0.0,0.0,34.0,-100.0,-100.0,-100.0,-8.0,0.0,-0.0,33.0,-77.667,-90.0,-78.099,32.0,2.0,-5.115,33.0,-65.467,-65.0,-65.0,-24.0,0.0,-0.0,43.0,-95.017,-95.017,-95.017,0.0,0.0,-0.0,33.0,-69.756,-70.244,-70.244,8.0,0.0,-0.0,34.0,-33.196,-33.196,-33.196,0.0,0.0,-0.0,34.0
91.6252,1,rev,-90.0,12.2,5.618,5.4,5.4,16.0,0.0,0.0,34.0,-100.0,-100.0,-100.0,-8.0,0.0,-0.0,33.0,-77.809,-90.0,-78.313,32.0,2.0,-3.624,33.0,-65.467,-65.0,-65.0,-24.0,0.0,-0.0,43.0,-95.017,-95.017,-95.017,0.0,0.0,-0.0,33.0,-69.756,-70.244,-70.244,8.0,0.0,-0.0,34.0,-33.196,-33.196,-33.196,0.0,0.0,-0.0,34.0
91.6774,1,rev,-90.0,12.2,5.618,5.4,5.4,16.0,0.0,0.0,34.0,-100.0,-100.0,-100.0,-8.0,0.0,-0.0,33.0,-77.952,-90.0,-78.527,32.0,2.0,-2.892,33.0,-65.467,-65.0,-65.0,-24.0,0.0,-0.0,43.0,-95.017,-95.017,-95.017,0.0,0.0,-0.0,33.0,-69.756,-70.244,-70.244,8.0,0.0,-0.0,34.0,-32.99,-33.196,-33.196,0.0,0.0,1.619,34.0
91.7305,1,rev,-90.0,12.2,5.618,5.4,5.4,16.0,0.0,0.0,34.0,-100.0,-100.0,-100.0,-8.0,0.0,-0.0,33.0,-78.236,-90.0,-78.74,32.0,2.0,-4.13,33.0,-65.467,-65.0,-65.0,-24.0,0.0,-0.0,43.0,-95.017,-95.017,-95.017,0.0,0.0,-0.0,33.0,-69.756,-70.244,-70.244,8.0,0.0,-0.0,34.0,-32.99,-33.196,-33.196,0.0,0.0,0.793,34.0
91.7836,1,rev,-90.0,12.2,5.618,5.4,5.4,16.0,0.0,0.0,34.0,-100.0,-100.0,-100.0,-8.0,0.0,-0.0,33.0,-78.521,-90.0,-78.956,32.0,2.0,-4.715,33.0,-65.467,-65.0,-65.0,-24.0,0.0,-0.0,43.0,-95.017,-95.017,-95.017,0.0,0.0,-0.0,33.0,-69.756,-70.244,-70.244,8.0,0.0,-0.0,34.0,-32.99,-33.196,-33.196,0.0,0.0,0.389,34.0
91.8363,1,rev,-90.0,12.2,5.618,5.4,5.4,16.0,0.0,0.0,34.0,-100.0,-100.0,-100.0,-8.0,0.0,-0.0,33.0,-78.521,-90.0,-79.194,32.0,1.0,-4.715,33.0,-65.467,-65.0,-65.0,-24.0,1.0,-0.0,43.0,-95.017,-95.017,-95.017,0.0,0.0,-0.0,33.0,-69.756,-70.244,-70.244,8.0,0.0,-0.0,34.0,-32.99,-33.196,-33.196,8.0,0.0,0.389,34.0
91.8897,1,rev,-90.0,12.2,5.618,5.4,5.4,16.0,0.0,0.0,34.0,-100.0,-100.0,-100.0,-8.0,0.0,-0.0,33.0,-78.805,-90.0,-79.419,32.0,1.0,-4.391,33.0,-65.467,-65.0,-65.0,-24.0,1.0,-0.0,43.0,-95.017,-95.017,-95.017,0.0,0.0,-0.0,33.0,-69.756,-70.244,-70.244,8.0,0.0,-0.0,34.0,-32.99,-33.196,-33.196,8.0,0.0,0.19,34.0
91.943,1,rev,-90.0,12.2,5.618,5.4,5.4,16.0,0.0,0.0,34.0,-100.0,-100.0,-100.0,-8.0,0.0,-0.0,33.0,-78.947,-90.0,-79.533,32.0,1.0,-3.2,33.0,-65.467,-65.0,-65.0,-24.0,1.0,-0.0,43.0,-95.017,-95.017,-95.017,0.0,0.0,-0.0,33.0,-69.756,-70.244,-70.244,8.0,0.0,-0.0,34.0,-32.99,-33.196,-33.196,8.0,0.0,0.093,34.0
91.9969,1,rev,-90.0,12.2,5.618,5.4,5.4,16.0,0.0,0.0,34.0,-100.0,-100.0,-100.0,-8.0,0.0,-0.0,33.0,-79.232,-90.0,-79.76,32.0,1.0,-3.574,33.0,-65.467,-65.0,-65.0,-24.0,1.0,-0.0,43.0,-95.017,-95.017,-95.017,0.0,0.0,-0.0,33.0,-69.756,-70.244,-70.244,8.0,0.0,-0.0,34.0,-32.99,-33.196,-33.196,8.0,0.0,0.046,34.0
92.0494,1,rev,-90.0,12.2,5.618,5.4,5.4,16.0,0.0,0.0,34.0,-100.0,-100.0,-100.0,-8.0,0.0,-0.0,33.0,-79.374,-90.0,-79.975,32.0,1.0,-2.862,33.0,-65.467,-65.0,-65.0,-24.0,1.0,-0.0,43.0,-95.017,-95.017,-95.017,0.0,0.0,-0.0,33.0,-69.756,-70.244,-70.244,8.0,0.0,-0.0,34.0,-32.99,-33.196,-33.196,8.0,0.0,0.022,34.0
92.1031,1,rev,-90.0,12.2,5.618,5.4,5.4,16.0,0.0,0.0,34.0,-100.0,-100.0,-100.0,-8.0,0.0,-0.0,33.0,-79.659,-90.0,-80.19,32.0,1.0,-3.598,33.0,-65.467,-65.0,-65.0,-24.0,1.0,-0.0,43.0,-95.017,-95.017,-95.017,0.0,0.0,-0.0,33.0,-69.756,-70.244,-70.244,8.0,0.0,-0.0,34.0,-32.99,-33.196,-33.196,8.0,0.0,0.011,34.0
92.156,1,rev,-90.0,12.2,5.618,5.4,5.4,16.0,0.0,0.0,34.0,-100.0,-100.0,-100.0,-8.0,0.0,-0.0,33.0,-79.943,-90.0,-80.404,32.0,1.0,-4.451,33.0,-65.467,-65.0,-65.0,-24.0,1.0,-0.0,43.0,-95.017,-95.017,-95.017,0.0,0.0,-0.0,33.0,-69.756,-70.244,-70.244,8.0,0.0,-0.0,34.0,-32.99,-33.196,-33.196,8.0,0.0,0.005,34.0
92.2101,1,rev,-90.0,12.2,5.618,5.4,5.4,16.0,0.0,0.0,34.0,-100.0,-100.0,-100.0,-8.0,0.0,-0.0,33.0,-80.085,-90.0,-80.62,32.0,1.0,-3.768,33.0,-65.467,-65.0,-65.0,-24.0,1.0,-0.0,43.0,-95.017,-95.017,-95.017,0.0,0.0,-0.0,33.0,-69.756,-70.244,-70.244,8.0,0.0,-0.0,34.0,-32.99,-33.196,-33.196,8.0,0.0,0.003,34.0
92.2637,1,rev,-90.0,12.2,5.618,5.4,5.4,16.0,0.0,0.0,34.0,-100.0,-100.0,-100.0,-8.0,0.0,-0.0,33.0,-80.37,-90.0,-80.835,32.0,1.0,-4.561,33.0,-65.467,-65.0,-65.0,-24.0,1.0,-0.0,43.0,-95.017,-95.017,-95.017,0.0,0.0,-0.0,33.0,-69.756,-70.244,-70.244,8.0,0.0,-0.0,34.0,-32.99,-33.196,-33.196,8.0,0.0,0.001,34.0
92.3172,1,rev,-90.0,12.2,5.618,5.4,5.4,16.0,0.0,0.0,34.0,-100.0,-100.0,-100.0,-8.0,0.0,-0.0,33.0,-80.512,-90.0,-81.049,32.0,1.0,-3.821,33.0,-65.467,-65.0,-65.0,-24.0,1.0,-0.0,43.0,-95.017,-95.017,-95.017,0.0,0.0,-0.0,33.0,-69.756,-70.244,-70.244,8.0,0.0,-0.0,34.0,-32.99,-33.196,-33.196,8.0,0.0,0.001,34.0
92.3707,1,rev,-90.0,12.2,5.618,5.4,5.4,16.0,0.0,0.0,34.0,-100.0,-100.0,-100.0,-8.0,0.0,-0.0,33.0,-80.654,-90.0,-81.264,32.0,1.0,-2.994,33.0,-65.467,-65.0,-65.0,-24.0,1.0,-0.0,43.0,-95.017,-95.017,-95.017,0.0,0.0,-0.0,33.0,-69.756,-70.244,-70.244,8.0,0.0,-0.0,34.0,-32.99,-33.196,-33.196,8.0,0.0,0.0,34.0
92.4244,1,rev,-90.0,12.2,5.618,5.4,5.4,16.0,0.0,0.0,34.0,-100.0,-100.0,-100.0,-8.0,0.0,-0.0,33.0,-80.939,-90.0,-81.503,28.0,2.0,-3.537,33.0,-65.467,-65.0,-65.0,-24.0,1.0,-0.0,43.0,-95.017,-95.017,-95.017,0.0,0.0,-0.0,33.0,-69.756,-70.244,-70.244,8.0,0.0,-0.0,34.0,-32.99,-33.196,-33.196,8.0,0.0,0.0,34.0
92.4779,1,rev,-90.0,12.2,5.618,5.4,5.4,16.0,0.0,0.0,34.0,-100.0,-100.0,-100.0,-8.0,0.0,-0.0,33.0,-81.223,-90.0,-81.718,28.0,2.0,-4.916,33.0,-65.467,-65.0,-65.0,-24.0,1.0,-0.0,43.0,-95.017,-95.017,-95.017,0.0,0.0,-0.0,33.0,-69.756,-70.244,-70.244,8.0,0.0,-0.0,34.0,-32.99,-33.196,-33.196,8.0,0.0,0.0,34.0
92.5299,1,rev,-90.0,12.2,5.618,5.4,5.4,16.0,0.0,0.0,34.0,-100.0,-100.0,-100.0,-8.0,0.0,-0.0,33.0,-81.366,-90.0,-81.932,28.0,2.0,-3.528,33.0,-65.467,-65.0,-65.0,-24.0,1.0,-0.0,43.0,-95.017,-95.017,-95.017,0.0,0.0,-0.0,33.0,-69.756,-70.244,-70.244,8.0,0.0,-0.0,34.0,-32.99,-33.196,-33.196,8.0,0.0,0.0,34.0
92.5828,1,rev,-90.0,12.2,5.618,5.4,5.4,16.0,0.0,0.0,34.0,-100.0,-100.0,-100.0,-8.0,0.0,-0.0,33.0,-81.65,-90.0,-82.145,28.0,2.0,-4.438,33.0,-65.467,-65.0,-65.0,-24.0,1.0,-0.0,43.0,-95.017,-95.017,-95.017,0.0,0.0,-0.0,33.0,-69.756,-70.244,-70.244,8.0,0.0,-0.0,34.0,-32.99,-33.196,-33.196,8.0,0.0,0.0,34.0
92.6362,1,rev,-90.0,12.2,5.618,5.4,5.4,16.0,0.0,0.0,34.0,-100.0,-100.0,-100.0,-8.0,0.0,-0.0,33.0,-81.935,-90.0,-82.36,28.0,2.0,-4.88,33.0,-65.467,-65.0,-65.0,-24.0,1.0,-0.0,43.0,-95.017,-95.017,-95.017,0.0,0.0,-0.0,33.0,-69.756,-70.244,-70.244,8.0,0.0,-0.0,34.0,-32.99,-33.196,-33.196,8.0,0.0,0.0,34.0
92.6896,1,rev,-90.0,12.2,5.618,5.4,5.4,16.0,0.0,0.0,34.0,-100.0,-100.0,-100.0,-8.0,0.0,-0.0,33.0,-81.935,-90.0,-82.575,28.0,2.0,-2.391,33.0,-65.467,-65.0,-65.0,-24.0,1.0,-0.0,43.0,-95.017,-95.017,-95.017,0.0,0.0,-0.0,33.0,-69.756,-70.244,-70.244,8.0,0.0,-0.0,34.0,-33.196,-33.196,-33.196,8.0,0.0,-2.307,34.0
92.743,1,rev,-90.0,12.2,5.618,5.4,5.4,16.0,0.0,0.0,34.0,-100.0,-100.0,-100.0,-8.0,0.0,-0.0,33.0,-82.361,-90.0,-82.789,28.0,2.0,-4.992,33.0,-65.467,-65.0,-65.0,-24.0,1.0,-0.0,43.0,-95.017,-95.017,-95.017,0.0,0.0,-0.0,33.0,-69.756,-70.244,-70.244,8.0,0.0,-0.0,34.0,-33.196,-33.196,-33.196,8.0,0.0,-1.13,34.0
92.7965,1,rev,-90.0,12.2,5.528,5.4,5.4,16.0,0.0,-0.692,34.0,-100.0,-100.0,-100.0,-8.0,0.0,-0.0,33.0,-82.504,-90.0,-83.006,28.0,2.0,-3.542,33.0,-65.467,-65.0,-65.0,-24.0,1.0,-0.0,43.0,-95.017,-95.017,-95.017,0.0,0.0,-0.0,33.0,-69.756,-70.244,-70.244,8.0,0.0,-0.0,34.0,-33.196,-33.196,-33.196,8.0,0.0,-0.554,34.0
92.85,1,rev,-90.0,12.2,5.528,5.4,5.4,16.0,0.0,-0.339,34.0,-100.0,-100.0,-100.0,-8.0,0.0,-0.0,33.0,-82.788,-90.0,-83.221,28.0,2.0,-4.849,33.0,-65.467,-65.0,-65.0,-24.0,1.0,-0.0,43.0,-95.017,-95.017,-95.017,0.0,0.0,-0.0,33.0,-69.756,-70.244,-70.244,8.0,0.0,-0.0,34.0,-33.196,-33.196,-33.196,8.0,0.0,-0.271,34.0
92.9027,1,rev,-90.0,12.2,5.528,5.4,5.4,16.0,0.0,-0.166,34.0,-100.0,-100.0,-100.0,-8.0,0.0,-0.0,33.0,-82.93,-90.0,-83.44,28.0,2.0,-3.966,33.0,-65.467,-65.0,-65.0,-24.0,1.0,-0.0,43.0,-95.017,-95.017,-95.017,0.0,0.0,-0.0,33.0,-69.756,-70.244,-70.244,8.0,0.0,-0.0,34.0,-33.196,-33.196,-33.196,8.0,0.0,-0.133,34.0
92.9556,1,rev,-90.0,12.2,5.528,5.4,5.4,16.0,0.0,-0.116,34.0,-100.0,-100.0,-100.0,-8.0,0.0,-0.0,33.0,-83.073,-90.0,-83.547,28.0,2.0,-4.38,33.0,-65.467,-65.0,-65.0,-24.0,1.0,-0.0,43.0,-95.017,-95.017,-95.017,0.0,0.0,-0.0,33.0,-69.756,-70.244,-70.244,8.0,0.0,-0.0,34.0,-33.196,-33.196,-33.196,8.0,0.0,-0.093,34.0
93.0087,1,rev,-90.0,12.2,5.528,5.4,5.4,8.0,0.0,-0.081,34.0,-100.0,-100.0,-100.0,-8.0,0.0,-0.0,33.0,-83.215,-90.0,-83.893,32.0,2.0,-3.779,33.0,-65.467,-65.0,-65.0,-24.0,1.0,-0.0,43.0,-95.017,-95.017,-95.017,0.0,0.0,-0.0,33.0,-69.756,-70.244,-70.244,8.0,0.0,-0.0,34.0,-33.196,-33.196,-33.196,0.0,0.0,-0.065,34.0
93.0622,1,rev,-90.0,12.2,5.528,5.4,5.4,8.0,0.0,-0.04,34.0,-100.0,-100.0,-100.0,-8.0,0.0,-0.0,33.0,-83.499,-90.0,-84.116,32.0,2.0,-5.046,33.0,-65.467,-65.0,-65.0,-24.0,1.0,-0.0,43.0,-95.017,-95.017,-95.017,0.0,0.0,-0.0,33.0,-69.756,-70.244,-70.244,8.0,0.0,-0.0,34.0,-33.196,-33.196,-33.196,0.0,0.0,-0.032,34.0
93.1167,1,rev,-90.0,12.2,5.528,5.4,5.4,8.0,0.0,-0.02,34.0,-100.0,-100.0,-100.0,-8.0,0.0,-0.0,33.0,-83.642,-90.0,-84.227,32.0,2.0,-3.549,33.0,-65.467,-65.0,-65.0,-24.0,1.0,-0.0,43.0,-95.017,-95.017,-95.017,0.0,0.0,-0.0,33.0,-69.756,-70.244,-70.244,8.0,0.0,-0.0,34.0,-33.196,-33.196,-33.196,0.0,0.0,-0.016,34.0
93.1694,1,rev,-90.0,12.2,5.528,5.4,5.4,8.0,0.0,-0.01,34.0,-100.0,-100.0,-100.0,-8.0,0.0,-0.0,33.0,-83.926,-90.0,-84.453,32.0,2.0,-3.768,33.0,-65.467,-65.0,-65.0,-24.0,1.0,-0.0,43.0,-95.017,-95.017,-95.017,0.0,0.0,-0.0,33.0,-69.756,-70.244,-70.244,8.0,0.0,-0.0,34.0,-33.196,-33.196,-33.196,0.0,0.0,-0.008,34.0
93.2222,1,rev,-90.0,12.2,5.528,5.4,5.4,8.0,0.0,-0.005,34.0,-100.0,-100.0,-100.0,-8.0,0.0,-0.0,33.0,-84.211,-90.0,-84.669,32.0,2.0,-4.516,33.0,-65.467,-65.0,-65.0,-24.0,1.0,-0.0,43.0,-95.017,-95.017,-95.017,0.0,0.0,-0.0,33.0,-69.756,-70.244,-70.244,8.0,0.0,-0.0,34.0,-33.196,-33.196,-33.196,0.0,0.0,-0.004,34.0
93.2754,1,rev,-90.0,12.2,5.528,5.4,5.4,8.0,0.0,-0.002,34.0,-100.0,-100.0,-100.0,-8.0,0.0,-0.0,33.0,-84.353,-90.0,-84.885,32.0,2.0,-3.804,33.0,-65.467,-65.0,-65.0,-24.0,1.0,-0.0,43.0,-95.017,-95.017,-95.017,0.0,0.0,-0.0,33.0,-69.756,-70.244,-70.244,8.0,0.0,-0.0,34.0,-33.196,-33.196,-33.196,0.0,0.0,-0.002,34.0
93.3281,1,rev,-90.0,12.2,5.528,5.4,5.4,8.0,0.0,-0.001,34.0,-100.0,-100.0,-100.0,-8.0,0.0,-0.0,33.0,-84.637,-90.0,-85.1,32.0,2.0,-4.558,33.0,-65.467,-65.0,-65.0,-24.0,1.0,-0.0,43.0,-95.017,-95.017,-95.017,0.0,0.0,-0.0,33.0,-69.756,-70.244,-70.244,8.0,0.0,-0.0,34.0,-33.196,-33.196,-33.196,0.0,0.0,-0.001,34.0
93.3803,1,rev,-90.0,12.2,5.528,5.4,5.4,8.0,0.0,-0.001,34.0,-100.0,-100.0,-100.0,-8.0,0.0,-0.0,33.0,-84.922,-90.0,-85.315,32.0,2.0,-4.953,33.0,-65.467,-65.0,-65.0,-24.0,1.0,-0.0,43.0,-95.017,-95.017,-95.017,0.0,0.0,-0.0,33.0,-69.756,-70.244,-70.244,8.0,0.0,-0.0,34.0,-33.196,-33.196,-33.196,0.0,0.0,-0.0,34.0
93.4323,1,rev,-90.0,12.2,5.528,5.4,5.4,8.0,0.0,-0.0,34.0,-100.0,-100.0,-100.0,-8.0,0.0,-0.0,33.0,-85.064,-90.0,-85.529,32.0,2.0,-4.037,33.0,-65.467,-65.0,-65.0,-24.0,1.0,-0.0,43.0,-95.017,-95.017,-95.017,0.0,0.0,-0.0,33.0,-69.756,-70.244,-70.244,8.0,0.0,-0.0,34.0,-33.196,-33.196,-33.196,0.0,0.0,-0.0,34.0
93.4844,1,rev,-90.0,12.2,5.528,5.4,5.4,8.0,0.0,-0.0,34.0,-100.0,-100.0,-100.0,-8.0,0.0,-0.0,33.0,-85.349,-90.0,-85.741,32.0,2.0,-5.164,33.0,-65.467,-65.0,-65.0,-24.0,1.0,-0.0,43.0,-95.017,-95.017,-95.017,0.0,0.0,-0.0,33.0,-69.756,-70.244,-70.244,8.0,0.0,-0.0,34.0,-33.196,-33.196,-33.196,0.0,0.0,-0.0,34.0
93.5378,1,rev,-90.0,12.2,5.528,5.4,5.4,8.0,0.0,-0.0,34.0,-100.0,-100.0,-100.0,-8.0,0.0,-0.0,33.0,-85.349,-90.0,-85.849,32.0,1.0,-3.615,33.0,-65.467,-65.0,-65.0,-24.0,1.0,-0.0,43.0,-95.017,-95.017,-95.017,0.0,0.0,-0.0,33.0,-69.756,-70.244,-70.244,8.0,0.0,-0.0,34.0,-33.196,-33.196,-33.196,0.0,0.0,-0.0,34.0
93.5911,1,rev,-90.0,12.2,5.528,5.4,5.4,8.0,0.0,-0.0,34.0,-100.0,-100.0,-100.0,-8.0,0.0,-0.0,33.0,-85.633,-90.0,-86.187,32.0,1.0,-3.86,33.0,-65.467,-65.0,-65.0,-24.0,1.0,-0.0,43.0,-95.017,-95.017,-95.017,0.0,0.0,-0.0,33.0,-69.756,-70.244,-70.244,8.0,0.0,-0.0,34.0,-33.196,-33.196,-33.196,0.0,0.0,-0.0,34.0
93.6433,1,rev,-90.0,12.2,5.528,5.4,5.4,8.0,0.0,-0.0,34.0,-100.0,-100.0,-100.0,-8.0,0.0,-0.0,33.0,-85.917,-90.0,-86.401,32.0,1.0,-4.613,33.0,-65.467,-65.0,-65.0,-24.0,1.0,-0.0,43.0,-95.017,-95.017,-95.017,0.0,0.0,-0.0,33.0,-69.756,-70.244,-70.244,8.0,0.0,-0.0,34.0,-33.196,-33.196,-33.196,0.0,0.0,-0.0,34.0
93.697,1,rev,-90.0,12.2,5.528,5.4,5.4,8.0,0.0,-0.0,34.0,-100.0,-100.0,-100.0,-8.0,0.0,-0.0,33.0,-86.06,-90.0,-86.615,32.0,1.0,-3.38,33.0,-65.467,-65.0,-65.0,-24.0,1.0,-0.0,43.0,-95.017,-95.017,-95.017,0.0,0.0,-0.0,33.0,-69.756,-70.244,-70.244,8.0,0.0,-0.0,34.0,-33.196,-33.196,-33.196,0.0,0.0,-0.0,34.0
93.7502,1,rev,-90.0,12.2,5.528,5.4,5.4,8.0,0.0,-0.0,34.0,-100.0,-100.0,-100.0,-8.0,0.0,-0.0,33.0,-86.202,-90.0,-86.83,32.0,1.0,-2.771,33.0,-65.467,-65.0,-65.0,-24.0,1.0,-0.0,43.0,-95.017,-95.017,-95.017,0.0,0.0,-0.0,33.0,-69.756,-70.244,-70.244,8.0,0.0,-0.0,34.0,-33.196,-33.196,-33.196,0.0,0.0,-0.0,34.0
93.8023,1,rev,-90.0,12.2,5.528,5.4,5.4,8.0,0.0,-0.0,34.0,-100.0,-100.0,-100.0,-8.0,0.0,-0.0,33.0,-86.629,-90.0,-87.046,32.0,1.0,-5.134,33.0,-65.467,-65.0,-65.0,-24.0,1.0,-0.0,43.0,-95.017,-95.017,-95.017,0.0,0.0,-0.0,33.0,-69.756,-70.244,-70.244,8.0,0.0,-0.0,34.0,-33.196,-33.196,-33.196,0.0,0.0,-0.0,34.0
93.8555,1,rev,-90.0,12.2,5.528,5.4,5.4,8.0,0.0,-0.0,34.0,-100.0,-100.0,-100.0,-8.0,0.0,-0.0,33.0,-86.771,-90.0,-87.263,32.0,1.0,-4.1,33.0,-65.467,-65.0,-65.0,-24.0,1.0,-0.0,43.0,-95.017,-95.017,-95.017,0.0,0.0,-0.0,33.0,-69.756,-70.244,-70.244,8.0,0.0,-0.0,34.0,-32.99,-33.196,-33.196,0.0,0.0,1.6,34.0
93.9086,1,rev,-90.0,12.2,5.528,5.4,5.4,8.0,0.0,-0.0,34.0,-100.0,-100.0,-100.0,-8.0,0.0,-0.0,33.0,-86.771,-90.0,-87.477,32.0,1.0,-2.87,33.0,-65.467,-65.0,-65.0,-24.0,1.0,-0.0,43.0,-95.017,-95.017,-95.017,0.0,0.0,-0.0,33.0,-69.756,-70.244,-70.244,8.0,0.0,-0.0,34.0,-32.99,-33.196,-33.196,0.0,0.0,1.12,34.0
93.9619,1,rev,-90.0,12.2,5.528,5.4,5.4,8.0,0.0,-0.0,34.0,-100.0,-100.0,-100.0,-8.0,0.0,-0.0,33.0,-87.055,-90.0,-87.704,32.0,1.0,-3.406,33.0,-65.467,-65.0,-65.0,-24.0,1.0,-0.0,43.0,-95.017,-95.017,-95.017,0.0,0.0,-0.0,33.0,-69.756,-70.244,-70.244,8.0,0.0,-0.0,34.0,-32.99,-33.196,-33.196,0.0,0.0,0.549,34.0
94.0151,1,rev,-90.0,12.2,5.528,5.4,5.4,8.0,0.0,-0.0,34.0,-100.0,-100.0,-100.0,-8.0,0.0,-0.0,33.0,-87.34,-90.0,-87.928,32.0,1.0,-4.854,33.0,-65.467,-65.0,-65.0,-24.0,1.0,-0.0,43.0,-95.017,-95.017,-95.017,0.0,0.0,-0.0,33.0,-69.756,-70.244,-70.244,8.0,0.0,-0.0,34.0,-32.99,-33.196,-33.196,0.0,0.0,0.269,34.0
94.0685,1,rev,-90.0,12.2,5.528,5.4,5.4,8.0,0.0,-0.0,34.0,-100.0,-100.0,-100.0,-8.0,0.0,-0.0,33.0,-87.482,-90.0,-88.048,32.0,1.0,-3.988,33.0,-65.467,-65.0,-65.0,-24.0,1.0,-0.0,43.0,-95.017,-95.017,-95.017,0.0,0.0,-0.0,33.0,-69.756,-70.244,-70.244,8.0,0.0,-0.0,34.0,-32.99,-33.196,-33.196,0.0,0.0,0.132,34.0
94.1228,1,rev,-90.0,12.2,5.528,5.4,5.4,8.0,0.0,-0.0,34.0,-100.0,-100.0,-100.0,-8.0,0.0,-0.0,33.0,-87.624,-90.0,-88.157,32.0,3.0,-4.322,33.0,-65.467,-65.0,-65.0,-24.0,1.0,-0.0,43.0,-95.017,-95.017,-95.017,0.0,0.0,-0.0,33.0,-69.756,-70.244,-70.244,8.0,0.0,-0.0,34.0,-32.99,-33.196,-33.196,8.0,0.0,0.092,34.0
94.1758,1,rev,-90.0,12.2,5.528,5.4,5.4,8.0,0.0,-0.0,34.0,-100.0,-100.0,-100.0,-8.0,0.0,-0.0,33.0,-87.909,-90.0,-88.493,32.0,3.0,-4.241,33.0,-65.467,-65.0,-65.0,-24.0,1.0,-0.0,43.0,-95.017,-95.017,-95.017,0.0,0.0,-0.0,33.0,-69.756,-70.244,-70.244,8.0,0.0,-0.0,34.0,-32.99,-33.196,-33.196,8.0,0.0,0.045,34.0
94.2288,1,rev,-90.0,12.2,5.528,5.4,5.4,8.0,0.0,-0.0,34.0,-100.0,-100.0,-100.0,-8.0,0.0,-0.0,33.0,-88.193,-90.0,-88.709,32.0,3.0,-4.761,33.0,-65.467,-65.0,-65.0,-24.0,1.0,-0.0,43.0,-95.017,-95.017,-95.017,0.0,0.0,-0.0,33.0,-69.756,-70.244,-70.244,8.0,0.0,-0.0,34.0,-32.99,-33.196,-33.196,8.0,0.0,0.022,34.0
94.2815,1,rev,-90.0,12.2,5.528,5.4,5.4,8.0,0.0,-0.0,34.0,-100.0,-100.0,-100.0,-8.0,0.0,-0.0,33.0,-88.336,-90.0,-88.925,32.0,3.0,-3.905,33.0,-65.467,-65.0,-65.0,-24.0,1.0,-0.0,43.0,-95.017,-95.017,-95.017,0.0,0.0,-0.0,33.0,-69.756,-70.244,-70.244,8.0,0.0,-0.0,34.0,-32.99,-33.196,-33.196,8.0,0.0,0.011,34.0
94.3348,1,rev,-90.0,12.2,5.528,5.4,5.4,8.0,0.0,-0.0,34.0,-100.0,-100.0,-100.0,-8.0,0.0,-0.0,33.0,-88.62,-90.0,-89.14,32.0,3.0,-4.624,33.0,-65.467,-65.0,-65.0,-24.0,1.0,-0.0,43.0,-95.017,-95.017,-95.017,0.0,0.0,-0.0,33.0,-69.756,-70.244,-70.244,8.0,0.0,-0.0,34.0,-32.99,-33.196,-33.196,8.0,0.0,0.005,34.0
94.3878,1,rev,-90.0,12.2,5.528,5.4,5.4,8.0,0.0,-0.0,34.0,-100.0,-100.0,-100.0,-8.0,0.0,-0.0,33.0,-88.762,-90.0,-89.356,32.0,3.0,-3.823,33.0,-65.467,-65.0,-65.0,-24.0,1.0,-0.0,43.0,-95.017,-95.017,-95.017,0.0,0.0,-0.0,33.0,-69.756,-70.244,-70.244,8.0,0.0,-0.0,34.0,-33.196,-33.196,-33.196,8.0,0.0,-2.254,34.0
94.4402,1,rev,-90.0,12.2,5.528,5.4,5.4,8.0,0.0,-0.0,34.0,-100.0,-100.0,-100.0,-8.0,0.0,-0.0,33.0,-89.047,-90.0,-89.572,32.0,3.0,-4.083,33.0,-65.467,-65.0,-65.0,-24.0,1.0,-0.0,43.0,-95.017,-95.017,-95.017,0.0,0.0,-0.0,33.0,-69.756,-70.244,-70.244,8.0,0.0,-0.0,34.0,-33.196,-33.196,-33.196,8.0,0.0,-1.105,34.0
94.4942,1,rev,-90.0,12.2,5.528,5.4,5.4,8.0,0.0,-0.0,34.0,-100.0,-100.0,-100.0,-8.0,0.0,-0.0,33.0,-89.189,-90.0,-89.786,32.0,3.0,-3.593,33.0,-65.467,-65.0,-65.0,-24.0,1.0,-0.0,43.0,-95.017,-95.017,-95.017,0.0,0.0,-0.0,33.0,-69.756,-70.244,-70.244,8.0,0.0,-0.0,34.0,-33.196,-33.196,-33.196,8.0,0.0,-0.541,34.0
94.5476,1,hold_start,-90.0,12.2,5.528,5.4,5.4,8.0,0.0,-0.0,34.0,-100.0,-100.0,-100.0,-8.0,0.0,-0.0,33.0,-89.474,-90.0,-90.0,32.0,3.0,-4.451,33.0,-65.467,-65.0,-65.0,-24.0,1.0,-0.0,43.0,-95.017,-95.017,-95.017,0.0,0.0,-0.0,33.0,-69.756,-70.244,-70.244,8.0,0.0,-0.0,34.0,-33.196,-33.196,-33.196,8.0,0.0,-0.265,34.0
94.6009,1,hold_start,-90.0,12.2,5.528,5.4,5.4,8.0,0.0,-0.0,34.0,-100.0,-100.0,-100.0,-8.0,0.0,-0.0,33.0,-89.616,-90.0,-90.0,32.0,3.0,-3.757,33.0,-65.467,-65.0,-65.0,-24.0,1.0,-0.0,43.0,-95.017,-95.017,-95.017,0.0,0.0,-0.0,33.0,-69.756,-70.244,-70.244,8.0,0.0,-0.0,34.0,-32.99,-33.196,-33.196,8.0,0.0,1.465,34.0
94.6532,1,hold_start,-90.0,12.2,5.528,5.4,5.4,8.0,0.0,-0.0,34.0,-100.0,-100.0,-100.0,-8.0,0.0,-0.0,33.0,-89.616,-90.0,-90.0,32.0,3.0,-1.841,33.0,-65.467,-65.0,-65.0,-24.0,1.0,-0.0,43.0,-95.017,-95.017,-95.017,0.0,0.0,-0.0,33.0,-69.756,-70.244,-70.244,8.0,0.0,-0.0,34.0,-32.99,-33.196,-33.196,8.0,0.0,0.718,34.0
94.7065,1,hold_start,-90.0,12.2,5.528,5.4,5.4,8.0,0.0,-0.0,34.0,-100.0,-100.0,-100.0,-8.0,0.0,-0.0,33.0,-89.616,-90.0,-90.0,24.0,1.0,-1.841,33.0,-65.467,-65.0,-65.0,-24.0,1.0,-0.0,43.0,-95.017,-95.017,-95.017,0.0,0.0,-0.0,33.0,-69.756,-70.244,-70.244,8.0,0.0,-0.0,34.0,-32.99,-33.196,-33.196,8.0,0.0,0.718,34.0
94.7598,1,hold_start,-90.0,12.2,5.528,5.4,5.4,8.0,0.0,-0.0,34.0,-100.0,-100.0,-100.0,-8.0,0.0,-0.0,33.0,-89.616,-90.0,-90.0,24.0,1.0,-0.902,33.0,-65.467,-65.0,-65.0,-24.0,1.0,-0.0,43.0,-95.017,-95.017,-95.017,0.0,0.0,-0.0,33.0,-69.756,-70.244,-70.244,8.0,0.0,-0.0,34.0,-32.99,-33.196,-33.196,8.0,0.0,0.352,34.0
94.8128,1,hold_start,-90.0,12.2,5.528,5.4,5.4,8.0,0.0,-0.0,34.0,-100.0,-100.0,-100.0,-8.0,0.0,-0.0,33.0,-89.616,-90.0,-90.0,24.0,1.0,-0.442,33.0,-65.467,-65.0,-65.0,-24.0,1.0,-0.0,43.0,-95.017,-95.017,-95.017,0.0,0.0,-0.0,33.0,-69.756,-70.244,-70.244,8.0,0.0,-0.0,34.0,-32.99,-33.196,-33.196,8.0,0.0,0.172,34.0
94.8657,1,hold_start,-90.0,12.2,5.528,5.4,5.4,8.0,0.0,-0.0,34.0,-100.0,-100.0,-100.0,-8.0,0.0,-0.0,33.0,-89.616,-90.0,-90.0,24.0,1.0,-0.217,33.0,-65.467,-65.0,-65.0,-24.0,1.0,-0.0,43.0,-95.017,-95.017,-95.017,0.0,0.0,-0.0,33.0,-69.756,-70.244,-70.244,8.0,0.0,-0.0,34.0,-32.99,-33.196,-33.196,8.0,0.0,0.084,34.0
94.9188,1,hold_start,-90.0,12.2,5.528,5.4,5.4,8.0,0.0,-0.0,34.0,-100.0,-100.0,-100.0,-8.0,0.0,-0.0,33.0,-89.616,-90.0,-90.0,24.0,1.0,-0.106,33.0,-65.467,-65.0,-65.0,-24.0,1.0,-0.0,43.0,-95.017,-95.017,-95.017,0.0,0.0,-0.0,33.0,-69.756,-70.244,-70.244,8.0,0.0,-0.0,34.0,-32.99,-33.196,-33.196,8.0,0.0,0.041,34.0
94.9719,1,hold_start,-90.0,12.2,5.528,5.4,5.4,8.0,0.0,-0.0,34.0,-100.0,-100.0,-100.0,-8.0,0.0,-0.0,33.0,-89.616,-90.0,-90.0,24.0,1.0,-0.052,33.0,-65.467,-65.0,-65.0,-24.0,1.0,-0.0,43.0,-95.017,-95.017,-95.017,0.0,0.0,-0.0,33.0,-69.756,-70.244,-70.244,8.0,0.0,-0.0,34.0,-32.99,-33.196,-33.196,8.0,0.0,0.02,34.0
95.025,1,hold_start,-90.0,12.2,5.528,5.4,5.4,8.0,0.0,-0.0,34.0,-100.0,-100.0,-100.0,-8.0,0.0,-0.0,33.0,-89.616,-90.0,-90.0,24.0,1.0,-0.025,33.0,-65.467,-65.0,-65.0,-24.0,1.0,-0.0,43.0,-95.017,-95.017,-95.017,0.0,0.0,-0.0,33.0,-69.756,-70.244,-70.244,8.0,0.0,-0.0,34.0,-32.99,-33.196,-33.196,8.0,0.0,0.01,34.0
95.0773,1,hold_start,-90.0,12.2,5.528,5.4,5.4,8.0,0.0,-0.0,34.0,-100.0,-100.0,-100.0,-8.0,0.0,-0.0,33.0,-89.616,-90.0,-90.0,24.0,1.0,-0.012,33.0,-65.467,-65.0,-65.0,-24.0,1.0,-0.0,43.0,-95.017,-95.017,-95.017,0.0,0.0,-0.0,33.0,-69.756,-70.244,-70.244,8.0,0.0,-0.0,34.0,-32.99,-33.196,-33.196,8.0,0.0,0.005,34.0
95.1316,1,hold_start,-90.0,12.2,5.528,5.4,5.4,8.0,0.0,-0.0,34.0,-100.0,-100.0,-100.0,-8.0,0.0,-0.0,33.0,-89.616,-90.0,-90.0,24.0,1.0,-0.006,33.0,-65.467,-65.0,-65.0,-24.0,1.0,-0.0,43.0,-95.017,-95.017,-95.017,0.0,0.0,-0.0,33.0,-69.756,-70.244,-70.244,8.0,0.0,-0.0,34.0,-32.99,-33.196,-33.196,8.0,0.0,0.002,34.0
95.184,1,hold_start,-90.0,12.2,5.528,5.4,5.4,8.0,0.0,-0.0,34.0,-100.0,-100.0,-100.0,-8.0,0.0,-0.0,33.0,-89.616,-90.0,-90.0,24.0,1.0,-0.003,33.0,-65.467,-65.0,-65.0,-24.0,1.0,-0.0,43.0,-95.017,-95.017,-95.017,0.0,0.0,-0.0,33.0,-69.756,-70.244,-70.244,8.0,0.0,-0.0,34.0,-32.99,-33.196,-33.196,8.0,0.0,0.001,34.0
95.2369,1,hold_start,-90.0,12.2,5.528,5.4,5.4,8.0,0.0,-0.0,34.0,-100.0,-100.0,-100.0,-8.0,0.0,-0.0,33.0,-89.616,-90.0,-90.0,24.0,1.0,-0.001,33.0,-65.467,-65.0,-65.0,-24.0,1.0,-0.0,43.0,-95.017,-95.017,-95.017,0.0,0.0,-0.0,33.0,-69.756,-70.244,-70.244,8.0,0.0,-0.0,34.0,-32.99,-33.196,-33.196,8.0,0.0,0.001,34.0
95.2894,1,hold_start,-90.0,12.2,5.528,5.4,5.4,8.0,0.0,-0.0,34.0,-100.0,-100.0,-100.0,-8.0,0.0,-0.0,33.0,-89.616,-90.0,-90.0,24.0,1.0,-0.001,33.0,-65.467,-65.0,-65.0,-24.0,0.0,-0.0,43.0,-95.017,-95.017,-95.017,0.0,0.0,-0.0,33.0,-69.756,-70.244,-70.244,8.0,0.0,-0.0,34.0,-32.99,-33.196,-33.196,8.0,0.0,0.0,34.0
95.3425,1,hold_start,-90.0,12.2,5.528,5.4,5.4,8.0,0.0,-0.0,34.0,-100.0,-100.0,-100.0,-8.0,0.0,-0.0,33.0,-89.616,-90.0,-90.0,24.0,1.0,-0.001,33.0,-65.467,-65.0,-65.0,-24.0,0.0,-0.0,43.0,-95.017,-95.017,-95.017,0.0,0.0,-0.0,33.0,-69.756,-70.244,-70.244,8.0,0.0,-0.0,34.0,-32.99,-33.196,-33.196,8.0,0.0,0.0,34.0
95.3956,1,hold_start,-90.0,12.2,5.528,5.4,5.4,8.0,0.0,-0.0,34.0,-100.0,-100.0,-100.0,-8.0,0.0,-0.0,33.0,-89.616,-90.0,-90.0,24.0,1.0,-0.0,33.0,-65.467,-65.0,-65.0,-24.0,0.0,-0.0,43.0,-95.017,-95.017,-95.017,0.0,0.0,-0.0,33.0,-69.756,-70.244,-70.244,8.0,0.0,-0.0,34.0,-32.99,-33.196,-33.196,8.0,0.0,0.0,34.0
95.4491,1,hold_start,-90.0,12.2,5.528,5.4,5.4,8.0,0.0,-0.0,34.0,-100.0,-100.0,-100.0,-8.0,0.0,-0.0,33.0,-89.616,-90.0,-90.0,24.0,1.0,-0.0,33.0,-65.467,-65.0,-65.0,-24.0,0.0,-0.0,43.0,-95.017,-95.017,-95.017,0.0,0.0,-0.0,33.0,-69.756,-70.244,-70.244,8.0,0.0,-0.0,34.0,-32.99,-33.196,-33.196,8.0,0.0,0.0,34.0
95.5013,1,hold_start,-90.0,12.2,5.528,5.4,5.4,8.0,0.0,-0.0,34.0,-100.0,-100.0,-100.0,-8.0,0.0,-0.0,33.0,-89.616,-90.0,-90.0,24.0,1.0,-0.0,33.0,-65.467,-65.0,-65.0,-24.0,0.0,-0.0,43.0,-95.017,-95.017,-95.017,0.0,0.0,-0.0,33.0,-69.756,-70.244,-70.244,8.0,0.0,-0.0,34.0,-32.99,-33.196,-33.196,8.0,0.0,0.0,34.0
