t,cycle,leg,target,volt,shoulder_pitch_q,shoulder_pitch_cmd,shoulder_pitch_out,shoulder_pitch_i,shoulder_pitch_cur,shoulder_pitch_qd,shoulder_pitch_temp,shoulder_yaw_q,shoulder_yaw_cmd,shoulder_yaw_out,shoulder_yaw_i,shoulder_yaw_cur,shoulder_yaw_qd,shoulder_yaw_temp,shoulder_roll_q,shoulder_roll_cmd,shoulder_roll_out,shoulder_roll_i,shoulder_roll_cur,shoulder_roll_qd,shoulder_roll_temp,elbow_flex_q,elbow_flex_cmd,elbow_flex_out,elbow_flex_i,elbow_flex_cur,elbow_flex_qd,elbow_flex_temp,wrist_roll_q,wrist_roll_cmd,wrist_roll_out,wrist_roll_i,wrist_roll_cur,wrist_roll_qd,wrist_roll_temp,wrist_yaw_q,wrist_yaw_cmd,wrist_yaw_out,wrist_yaw_i,wrist_yaw_cur,wrist_yaw_qd,wrist_yaw_temp,wrist_pitch_q,wrist_pitch_cmd,wrist_pitch_out,wrist_pitch_i,wrist_pitch_cur,wrist_pitch_qd,wrist_pitch_temp
-0.05,0,approach,-90.0,12.2,5.528,5.4,5.4,8.0,0.0,-0.0,34.0,-100.0,-100.0,-100.0,-8.0,0.0,-0.0,33.0,-99.716,-100.0,-100.0,16.0,0.0,-0.0,33.0,-65.467,-65.0,-65.0,-24.0,1.0,-0.0,42.0,-95.017,-95.017,-95.017,0.0,0.0,-0.0,33.0,-69.756,-70.244,-70.244,8.0,0.0,-0.0,34.0,-33.196,-33.196,-33.196,0.0,0.0,-0.0,34.0
0.003,0,approach,-90.0,12.2,5.528,5.4,5.4,8.0,0.0,-0.0,34.0,-100.0,-90.0,-100.0,-8.0,0.0,-0.0,33.0,-99.716,-100.0,-100.0,16.0,0.0,-0.0,33.0,-65.467,-65.0,-65.0,-24.0,1.0,-0.0,42.0,-95.017,-95.017,-95.017,0.0,0.0,-0.0,33.0,-69.756,-70.244,-70.244,8.0,0.0,-0.0,34.0,-33.196,-33.196,-33.196,0.0,0.0,-0.0,34.0
0.0553,0,approach,-90.0,12.2,5.528,5.4,5.4,8.0,0.0,-0.0,34.0,-100.0,-90.0,-99.768,-8.0,0.0,-0.0,33.0,-99.716,-100.0,-100.0,16.0,0.0,-0.0,33.0,-65.467,-65.0,-65.0,-24.0,1.0,-0.0,42.0,-95.017,-95.017,-95.017,0.0,0.0,-0.0,33.0,-69.756,-70.244,-70.244,8.0,0.0,-0.0,34.0,-33.196,-33.196,-33.196,0.0,0.0,-0.0,34.0
0.1089,0,approach,-90.0,12.2,5.528,5.4,5.4,8.0,0.0,-0.0,34.0,-100.0,-90.0,-99.542,-8.0,0.0,-0.0,33.0,-99.716,-100.0,-100.0,16.0,0.0,-0.0,33.0,-65.467,-65.0,-65.0,-24.0,1.0,-0.0,42.0,-95.017,-95.017,-95.017,0.0,0.0,-0.0,33.0,-69.756,-70.244,-70.244,8.0,0.0,-0.0,34.0,-33.196,-33.196,-33.196,0.0,0.0,-0.0,34.0
0.1624,0,approach,-90.0,12.2,5.528,5.4,5.4,8.0,0.0,-0.0,34.0,-100.0,-90.0,-99.423,-8.0,0.0,-0.0,33.0,-99.716,-100.0,-100.0,16.0,0.0,-0.0,33.0,-65.467,-65.0,-65.0,-24.0,1.0,-0.0,42.0,-95.017,-95.017,-95.017,0.0,0.0,-0.0,33.0,-69.756,-70.244,-70.244,8.0,0.0,-0.0,34.0,-33.196,-33.196,-33.196,0.0,0.0,-0.0,34.0
0.2157,0,approach,-90.0,12.2,5.528,5.4,5.4,8.0,0.0,-0.0,34.0,-99.82,-90.0,-99.183,-24.0,0.0,0.899,33.0,-99.716,-100.0,-100.0,16.0,1.0,-0.0,33.0,-65.467,-65.0,-65.0,-24.0,1.0,-0.0,42.0,-95.017,-95.017,-95.017,0.0,0.0,-0.0,33.0,-69.756,-70.244,-70.244,8.0,0.0,-0.0,34.0,-33.196,-33.196,-33.196,0.0,0.0,-0.0,34.0
0.2682,0,approach,-90.0,12.2,5.528,5.4,5.4,8.0,0.0,-0.0,34.0,-99.64,-90.0,-98.967,-24.0,0.0,2.418,33.0,-99.716,-100.0,-100.0,16.0,1.0,-0.0,33.0,-65.467,-65.0,-65.0,-24.0,1.0,-0.0,42.0,-95.017,-95.017,-95.017,0.0,0.0,-0.0,33.0,-69.756,-70.244,-70.244,8.0,0.0,-0.0,34.0,-33.196,-33.196,-33.196,0.0,0.0,-0.0,34.0
0.3217,0,approach,-90.0,12.2,5.528,5.4,5.4,8.0,0.0,-0.0,34.0,-99.459,-90.0,-98.753,-24.0,0.0,2.61,33.0,-99.716,-100.0,-100.0,16.0,1.0,-0.0,33.0,-65.467,-65.0,-65.0,-24.0,1.0,-0.0,42.0,-95.017,-95.017,-95.017,0.0,0.0,-0.0,33.0,-69.756,-70.244,-70.244,8.0,0.0,-0.0,34.0,-33.196,-33.196,-33.196,0.0,0.0,-0.0,34.0
0.3742,0,approach,-90.0,12.2,5.528,5.4,5.4,8.0,0.0,-0.0,34.0,-99.279,-90.0,-98.537,-24.0,0.0,2.702,33.0,-99.716,-100.0,-100.0,16.0,1.0,-0.0,33.0,-65.467,-65.0,-65.0,-24.0,1.0,-0.0,42.0,-95.017,-95.017,-95.017,0.0,0.0,-0.0,33.0,-69.756,-70.244,-70.244,8.0,0.0,-0.0,34.0,-33.196,-33.196,-33.196,0.0,0.0,-0.0,34.0
0.427,0,approach,-90.0,12.2,5.528,5.4,5.4,8.0,0.0,-0.0,34.0,-98.919,-90.0,-98.323,-24.0,0.0,4.768,33.0,-99.716,-100.0,-100.0,16.0,1.0,-0.0,33.0,-65.467,-65.0,-65.0,-24.0,1.0,-0.0,42.0,-95.017,-95.017,-95.017,0.0,0.0,-0.0,33.0,-69.756,-70.244,-70.244,8.0,0.0,-0.0,34.0,-33.196,-33.196,-33.196,0.0,0.0,-0.0,34.0
0.4801,0,approach,-90.0,12.2,5.528,5.4,5.4,8.0,0.0,-0.0,34.0,-98.919,-90.0,-98.11,-24.0,0.0,2.336,33.0,-99.716,-100.0,-100.0,16.0,1.0,-0.0,33.0,-65.467,-65.0,-65.0,-24.0,1.0,-0.0,42.0,-95.017,-95.017,-95.017,0.0,0.0,-0.0,33.0,-69.756,-70.244,-70.244,8.0,0.0,-0.0,34.0,-33.196,-33.196,-33.196,0.0,0.0,-0.0,34.0
0.533,0,approach,-90.0,12.2,5.528,5.4,5.4,8.0,0.0,-0.0,34.0,-98.739,-90.0,-97.897,-24.0,0.0,2.56,33.0,-99.716,-100.0,-100.0,16.0,1.0,-0.0,33.0,-65.467,-65.0,-65.0,-24.0,1.0,-0.0,42.0,-95.017,-95.017,-95.017,0.0,0.0,-0.0,33.0,-69.756,-70.244,-70.244,8.0,0.0,-0.0,34.0,-33.196,-33.196,-33.196,0.0,0.0,-0.0,34.0
0.585,0,approach,-90.0,12.2,5.528,5.4,5.4,8.0,0.0,-0.0,34.0,-98.559,-90.0,-97.684,-24.0,0.0,2.674,33.0,-99.716,-100.0,-100.0,16.0,1.0,-0.0,33.0,-65.467,-65.0,-65.0,-24.0,1.0,-0.0,42.0,-95.017,-95.017,-95.017,0.0,0.0,-0.0,33.0,-69.756,-70.244,-70.244,8.0,0.0,-0.0,34.0,-33.196,-33.196,-33.196,0.0,0.0,-0.0,34.0
0.637,0,approach,-90.0,12.2,5.528,5.4,5.4,8.0,0.0,-0.0,34.0,-98.198,-90.0,-97.469,-24.0,0.0,4.74,33.0,-99.716,-100.0,-100.0,16.0,1.0,-0.0,33.0,-65.467,-65.0,-65.0,-24.0,1.0,-0.0,42.0,-95.017,-95.017,-95.017,0.0,0.0,-0.0,33.0,-69.756,-70.244,-70.244,8.0,0.0,-0.0,34.0,-33.196,-33.196,-33.196,0.0,0.0,-0.0,34.0
0.6902,0,approach,-90.0,12.2,5.528,5.4,5.4,8.0,0.0,-0.0,34.0,-98.018,-90.0,-97.256,-24.0,0.0,4.361,33.0,-99.716,-100.0,-100.0,16.0,1.0,-0.0,33.0,-65.467,-65.0,-65.0,-24.0,1.0,-0.0,42.0,-95.017,-95.017,-95.017,0.0,0.0,-0.0,33.0,-69.756,-70.244,-70.244,8.0,0.0,-0.0,34.0,-33.196,-33.196,-33.196,0.0,0.0,-0.0,34.0
0.7435,0,approach,-90.0,12.1,5.528,5.4,5.4,8.0,0.0,-0.0,34.0,-98.018,-90.0,-97.15,-24.0,0.0,3.053,33.0,-99.716,-100.0,-100.0,16.0,0.0,-0.0,33.0,-65.467,-65.0,-65.0,-24.0,0.0,-0.0,42.0,-95.017,-95.017,-95.017,0.0,0.0,-0.0,33.0,-69.756,-70.244,-70.244,8.0,0.0,-0.0,34.0,-33.196,-33.196,-33.196,0.0,0.0,-0.0,34.0
0.7968,0,approach,-90.0,12.1,5.528,5.4,5.4,8.0,0.0,-0.0,34.0,-97.658,-90.0,-96.813,-24.0,0.0,4.171,33.0,-99.716,-100.0,-100.0,16.0,0.0,-0.0,33.0,-65.467,-65.0,-65.0,-24.0,0.0,-0.0,42.0,-95.017,-95.017,-95.017,0.0,0.0,-0.0,33.0,-69.756,-70.244,-70.244,8.0,0.0,-0.0,34.0,-33.196,-33.196,-33.196,0.0,0.0,-0.0,34.0
0.8491,0,approach,-90.0,12.1,5.528,5.4,5.4,8.0,0.0,-0.0,34.0,-97.477,-90.0,-96.599,-24.0,0.0,4.066,33.0,-99.716,-100.0,-100.0,16.0,0.0,-0.0,33.0,-65.467,-65.0,-65.0,-24.0,0.0,-0.0,42.0,-95.017,-95.017,-95.017,0.0,0.0,-0.0,33.0,-69.756,-70.244,-70.244,8.0,0.0,-0.0,34.0,-33.196,-33.196,-33.196,0.0,0.0,-0.0,34.0
0.9028,0,approach,-90.0,12.1,5.528,5.4,5.4,8.0,0.0,-0.0,34.0,-97.297,-90.0,-96.383,-24.0,0.0,3.395,33.0,-99.716,-100.0,-100.0,16.0,0.0,-0.0,33.0,-65.467,-65.0,-65.0,-24.0,0.0,-0.0,42.0,-95.017,-95.017,-95.017,0.0,0.0,-0.0,33.0,-69.756,-70.244,-70.244,8.0,0.0,-0.0,34.0,-33.196,-33.196,-33.196,0.0,0.0,-0.0,34.0
0.9551,0,approach,-90.0,12.1,5.528,5.4,5.4,8.0,0.0,-0.0,34.0,-97.117,-90.0,-96.169,-24.0,0.0,4.405,33.0,-99.716,-100.0,-100.0,16.0,0.0,-0.0,33.0,-65.467,-65.0,-65.0,-24.0,0.0,-0.0,42.0,-95.017,-95.017,-95.017,0.0,0.0,-0.0,33.0,-69.756,-70.244,-70.244,8.0,0.0,-0.0,34.0,-33.196,-33.196,-33.196,0.0,0.0,-0.0,34.0
1.0082,0,approach,-90.0,12.1,5.528,5.4,5.4,8.0,0.0,-0.0,34.0,-96.937,-90.0,-95.943,-24.0,0.0,3.437,33.0,-99.716,-100.0,-100.0,16.0,0.0,-0.0,33.0,-65.467,-65.0,-65.0,-24.0,0.0,-0.0,42.0,-95.017,-95.017,-95.017,0.0,0.0,-0.0,33.0,-69.756,-70.244,-70.244,8.0,0.0,-0.0,34.0,-33.196,-33.196,-33.196,0.0,0.0,-0.0,34.0
1.0617,0,approach,-90.0,12.1,5.528,5.4,5.4,8.0,0.0,-0.0,34.0,-96.757,-90.0,-95.825,-24.0,0.0,2.979,33.0,-99.716,-100.0,-100.0,16.0,0.0,-0.0,33.0,-65.467,-65.0,-65.0,-24.0,0.0,-0.0,42.0,-95.017,-95.017,-95.017,0.0,0.0,-0.0,33.0,-69.756,-70.244,-70.244,8.0,0.0,-0.0,34.0,-33.196,-33.196,-33.196,0.0,0.0,-0.0,34.0
1.1153,0,approach,-90.0,12.1,5.528,5.4,5.4,8.0,0.0,-0.0,34.0,-96.577,-90.0,-95.597,-24.0,0.0,2.711,33.0,-99.716,-100.0,-100.0,16.0,0.0,-0.0,33.0,-65.467,-65.0,-65.0,-24.0,0.0,-0.0,42.0,-95.017,-95.017,-95.017,0.0,0.0,-0.0,33.0,-69.756,-70.244,-70.244,8.0,0.0,-0.0,34.0,-33.196,-33.196,-33.196,0.0,0.0,-0.0,34.0
1.1685,0,approach,-90.0,12.1,5.528,5.4,5.4,8.0,0.0,-0.0,34.0,-96.396,-90.0,-95.385,-24.0,0.0,2.756,33.0,-99.716,-100.0,-100.0,16.0,0.0,-0.0,33.0,-65.467,-65.0,-65.0,-24.0,0.0,-0.0,42.0,-95.017,-95.017,-95.017,0.0,0.0,-0.0,33.0,-69.756,-70.244,-70.244,8.0,0.0,-0.0,34.0,-33.196,-33.196,-33.196,0.0,0.0,-0.0,34.0
1.221,0,approach,-90.0,12.1,5.528,5.4,5.4,8.0,0.0,-0.0,34.0,-96.216,-90.0,-95.171,-24.0,0.0,2.775,33.0,-99.716,-100.0,-100.0,16.0,0.0,-0.0,33.0,-65.467,-65.0,-65.0,-24.0,0.0,-0.0,42.0,-95.017,-95.017,-95.017,0.0,0.0,-0.0,33.0,-69.756,-70.244,-70.244,8.0,0.0,-0.0,34.0,-33.196,-33.196,-33.196,0.0,0.0,-0.0,34.0
1.273,0,approach,-90.0,12.1,5.528,5.4,5.4,8.0,0.0,-0.0,34.0,-95.856,-90.0,-94.958,-24.0,0.0,4.801,33.0,-99.716,-100.0,-100.0,16.0,0.0,-0.0,33.0,-65.467,-65.0,-65.0,-24.0,0.0,-0.0,42.0,-95.017,-95.017,-95.017,0.0,0.0,-0.0,33.0,-69.756,-70.244,-70.244,8.0,0.0,-0.0,34.0,-33.196,-33.196,-33.196,0.0,0.0,-0.0,34.0
1.325,0,approach,-90.0,12.2,5.528,5.4,5.4,8.0,0.0,-0.0,34.0,-95.856,-90.0,-94.851,-32.0,1.0,3.36,33.0,-99.716,-100.0,-100.0,16.0,0.0,-0.0,33.0,-65.467,-65.0,-65.0,-24.0,1.0,-0.0,42.0,-95.017,-95.017,-95.017,0.0,0.0,-0.0,33.0,-69.756,-70.244,-70.244,8.0,0.0,-0.0,34.0,-33.196,-33.196,-33.196,0.0,0.0,-0.0,34.0
1.377,0,approach,-90.0,12.2,5.528,5.4,5.4,8.0,0.0,-0.0,34.0,-95.495,-90.0,-94.517,-32.0,1.0,4.332,33.0,-99.716,-100.0,-100.0,16.0,0.0,-0.0,33.0,-65.467,-65.0,-65.0,-24.0,1.0,-0.0,42.0,-95.017,-95.017,-95.017,0.0,0.0,-0.0,33.0,-69.756,-70.244,-70.244,8.0,0.0,-0.0,34.0,-33.196,-33.196,-33.196,0.0,0.0,-0.0,34.0
1.4303,0,approach,-90.0,12.2,5.528,5.4,5.4,8.0,0.0,-0.0,34.0,-95.315,-90.0,-94.303,-32.0,1.0,4.143,33.0,-99.716,-100.0,-100.0,16.0,0.0,-0.0,33.0,-65.467,-65.0,-65.0,-24.0,1.0,-0.0,42.0,-95.017,-95.017,-95.017,0.0,0.0,-0.0,33.0,-69.756,-70.244,-70.244,8.0,0.0,-0.0,34.0,-33.196,-33.196,-33.196,0.0,0.0,-0.0,34.0
1.4837,0,approach,-90.0,12.2,5.528,5.4,5.4,8.0,0.0,-0.0,34.0,-95.135,-90.0,-94.09,-32.0,1.0,3.459,33.0,-99.716,-100.0,-100.0,16.0,0.0,-0.0,33.0,-65.467,-65.0,-65.0,-24.0,1.0,-0.0,42.0,-95.017,-95.017,-95.017,0.0,0.0,-0.0,33.0,-69.756,-70.244,-70.244,8.0,0.0,-0.0,34.0,-33.196,-33.196,-33.196,0.0,0.0,-0.0,34.0
1.5368,0,approach,-90.0,12.2,5.528,5.4,5.4,8.0,0.0,-0.0,34.0,-94.775,-90.0,-93.876,-32.0,1.0,5.132,33.0,-99.716,-100.0,-100.0,16.0,0.0,-0.0,33.0,-65.467,-65.0,-65.0,-24.0,1.0,-0.0,42.0,-95.017,-95.017,-95.017,0.0,0.0,-0.0,33.0,-69.756,-70.244,-70.244,8.0,0.0,-0.0,34.0,-33.196,-33.196,-33.196,0.0,0.0,-0.0,34.0
1.5888,0,approach,-90.0,12.2,5.528,5.4,5.4,8.0,0.0,-0.0,34.0,-94.775,-90.0,-93.661,-32.0,1.0,2.515,33.0,-99.716,-100.0,-100.0,16.0,0.0,-0.0,33.0,-65.467,-65.0,-65.0,-24.0,1.0,-0.0,42.0,-95.017,-95.017,-95.017,0.0,0.0,-0.0,33.0,-69.756,-70.244,-70.244,8.0,0.0,-0.0,34.0,-33.196,-33.196,-33.196,0.0,0.0,-0.0,34.0
1.6421,0,approach,-90.0,12.2,5.528,5.4,5.4,8.0,0.0,-0.0,34.0,-94.414,-90.0,-93.445,-32.0,1.0,4.665,33.0,-99.716,-100.0,-100.0,16.0,0.0,-0.0,33.0,-65.467,-65.0,-65.0,-24.0,1.0,-0.0,42.0,-95.017,-95.017,-95.017,0.0,0.0,-0.0,33.0,-69.756,-70.244,-70.244,8.0,0.0,-0.0,34.0,-33.196,-33.196,-33.196,0.0,0.0,-0.0,34.0
1.6951,0,approach,-90.0,12.2,5.528,5.4,5.4,8.0,0.0,-0.0,34.0,-94.234,-90.0,-93.231,-32.0,1.0,4.313,33.0,-99.716,-100.0,-100.0,16.0,0.0,-0.0,33.0,-65.467,-65.0,-65.0,-24.0,1.0,-0.0,42.0,-95.017,-95.017,-95.017,0.0,0.0,-0.0,33.0,-69.756,-70.244,-70.244,8.0,0.0,-0.0,34.0,-33.196,-33.196,-33.196,0.0,0.0,-0.0,34.0
1.747,0,approach,-90.0,12.2,5.528,5.4,5.4,8.0,0.0,-0.0,34.0,-94.054,-90.0,-93.017,-32.0,1.0,4.124,33.0,-99.716,-100.0,-100.0,16.0,0.0,-0.0,33.0,-65.467,-65.0,-65.0,-24.0,1.0,-0.0,42.0,-95.017,-95.017,-95.017,0.0,0.0,-0.0,33.0,-69.756,-70.244,-70.244,8.0,0.0,-0.0,34.0,-33.196,-33.196,-33.196,0.0,0.0,-0.0,34.0
1.8003,0,approach,-90.0,12.2,5.528,5.4,5.4,8.0,0.0,-0.0,34.0,-93.874,-90.0,-92.802,-32.0,1.0,3.425,33.0,-99.716,-100.0,-100.0,16.0,0.0,-0.0,33.0,-65.467,-65.0,-65.0,-24.0,1.0,-0.0,42.0,-95.017,-95.017,-95.017,0.0,0.0,-0.0,33.0,-69.756,-70.244,-70.244,8.0,0.0,-0.0,34.0,-33.196,-33.196,-33.196,0.0,0.0,-0.0,34.0
1.8537,0,approach,-90.0,12.2,5.528,5.4,5.4,8.0,0.0,-0.0,34.0,-93.694,-90.0,-92.588,-32.0,1.0,3.096,33.0,-99.716,-100.0,-100.0,16.0,0.0,-0.0,33.0,-65.467,-65.0,-65.0,-24.0,1.0,-0.0,42.0,-95.017,-95.017,-95.017,0.0,0.0,-0.0,33.0,-69.756,-70.244,-70.244,8.0,0.0,-0.0,34.0,-33.196,-33.196,-33.196,0.0,0.0,-0.0,34.0
1.9079,0,approach,-90.0,12.2,5.528,5.4,5.4,8.0,0.0,-0.0,34.0,-93.694,-90.0,-92.357,-40.0,3.0,3.096,33.0,-99.716,-100.0,-100.0,16.0,0.0,-0.0,33.0,-65.467,-65.0,-65.0,-24.0,0.0,-0.0,42.0,-95.017,-95.017,-95.017,0.0,0.0,-0.0,33.0,-69.756,-70.244,-70.244,8.0,0.0,-0.0,34.0,-33.196,-33.196,-33.196,0.0,0.0,-0.0,34.0
1.9614,0,approach,-90.0,12.2,5.528,5.4,5.4,8.0,0.0,-0.0,34.0,-93.333,-90.0,-92.131,-40.0,3.0,2.774,33.0,-99.716,-100.0,-100.0,16.0,0.0,-0.0,33.0,-65.467,-65.0,-65.0,-24.0,0.0,-0.0,42.0,-95.017,-95.017,-95.017,0.0,0.0,-0.0,33.0,-69.756,-70.244,-70.244,8.0,0.0,-0.0,34.0,-33.196,-33.196,-33.196,0.0,0.0,-0.0,34.0
2.0139,0,approach,-90.0,12.2,5.528,5.4,5.4,8.0,0.0,-0.0,34.0,-92.973,-90.0,-92.012,-40.0,3.0,4.656,33.0,-99.716,-100.0,-100.0,16.0,0.0,-0.0,33.0,-65.467,-65.0,-65.0,-24.0,0.0,-0.0,42.0,-95.017,-95.017,-95.017,0.0,0.0,-0.0,33.0,-69.756,-70.244,-70.244,8.0,0.0,-0.0,34.0,-33.196,-33.196,-33.196,0.0,0.0,-0.0,34.0
2.0669,0,approach,-90.0,12.2,5.528,5.4,5.4,8.0,0.0,-0.0,34.0,-92.973,-90.0,-91.789,-40.0,3.0,2.281,33.0,-99.716,-100.0,-100.0,16.0,0.0,-0.0,33.0,-65.467,-65.0,-65.0,-24.0,0.0,-0.0,42.0,-95.017,-95.017,-95.017,0.0,0.0,-0.0,33.0,-69.756,-70.244,-70.244,8.0,0.0,-0.0,34.0,-33.196,-33.196,-33.196,0.0,0.0,-0.0,34.0
2.119,0,approach,-90.0,12.2,5.528,5.4,5.4,8.0,0.0,-0.0,34.0,-92.793,-90.0,-91.575,-40.0,3.0,2.536,33.0,-99.716,-100.0,-100.0,16.0,0.0,-0.0,33.0,-65.467,-65.0,-65.0,-24.0,0.0,-0.0,42.0,-95.017,-95.017,-95.017,0.0,0.0,-0.0,33.0,-69.756,-70.244,-70.244,8.0,0.0,-0.0,34.0,-33.196,-33.196,-33.196,0.0,0.0,-0.0,34.0
2.1725,0,approach,-90.0,12.2,5.528,5.4,5.4,8.0,0.0,-0.0,34.0,-92.613,-90.0,-91.359,-40.0,3.0,2.661,33.0,-99.716,-100.0,-100.0,16.0,0.0,-0.0,33.0,-65.467,-65.0,-65.0,-24.0,0.0,-0.0,42.0,-95.017,-95.017,-95.017,0.0,0.0,-0.0,33.0,-69.756,-70.244,-70.244,8.0,0.0,-0.0,34.0,-33.196,-33.196,-33.196,0.0,0.0,-0.0,34.0
2.2253,0,approach,-90.0,12.2,5.528,5.4,5.4,8.0,0.0,-0.0,34.0,-92.432,-90.0,-91.142,-40.0,3.0,2.687,33.0,-99.716,-100.0,-100.0,16.0,0.0,-0.0,33.0,-65.467,-65.0,-65.0,-24.0,0.0,-0.0,42.0,-95.017,-95.017,-95.017,0.0,0.0,-0.0,33.0,-69.756,-70.244,-70.244,8.0,0.0,-0.0,34.0,-33.196,-33.196,-33.196,0.0,0.0,-0.0,34.0
2.2787,0,approach,-90.0,12.2,5.528,5.4,5.4,8.0,0.0,-0.0,34.0,-92.072,-90.0,-90.926,-40.0,3.0,4.724,33.0,-99.716,-100.0,-100.0,16.0,0.0,-0.0,33.0,-65.467,-65.0,-65.0,-24.0,0.0,-0.0,42.0,-95.017,-95.017,-95.017,0.0,0.0,-0.0,33.0,-69.756,-70.244,-70.244,8.0,0.0,-0.0,34.0,-33.196,-33.196,-33.196,0.0,0.0,-0.0,34.0
2.331,0,approach,-90.0,12.2,5.528,5.4,5.4,8.0,0.0,-0.0,34.0,-91.892,-90.0,-90.711,-40.0,3.0,4.332,33.0,-99.716,-100.0,-100.0,16.0,0.0,-0.0,33.0,-65.467,-65.0,-65.0,-24.0,0.0,-0.0,42.0,-95.017,-95.017,-95.017,0.0,0.0,-0.0,33.0,-69.756,-70.244,-70.244,8.0,0.0,-0.0,34.0,-33.196,-33.196,-33.196,0.0,0.0,-0.0,34.0
2.3844,0,approach,-90.0,12.2,5.528,5.4,5.4,8.0,0.0,-0.0,34.0,-91.712,-90.0,-90.498,-40.0,3.0,4.153,33.0,-99.716,-100.0,-100.0,16.0,0.0,-0.0,33.0,-65.467,-65.0,-65.0,-24.0,0.0,-0.0,42.0,-95.017,-95.017,-95.017,0.0,0.0,-0.0,33.0,-69.756,-70.244,-70.244,8.0,0.0,-0.0,34.0,-33.196,-33.196,-33.196,0.0,0.0,-0.0,34.0
2.4374,0,approach,-90.0,12.2,5.528,5.4,5.4,8.0,0.0,-0.0,34.0,-91.532,-90.0,-90.283,-40.0,3.0,3.434,33.0,-99.716,-100.0,-100.0,16.0,0.0,-0.0,33.0,-65.467,-65.0,-65.0,-24.0,0.0,-0.0,42.0,-95.017,-95.017,-95.017,0.0,0.0,-0.0,33.0,-69.756,-70.244,-70.244,8.0,0.0,-0.0,34.0,-33.196,-33.196,-33.196,0.0,0.0,-0.0,34.0
2.4909,0,approach,-90.0,12.2,5.528,5.4,5.4,8.0,0.0,-0.0,34.0,-91.351,-90.0,-90.042,-48.0,3.0,3.308,33.0,-99.716,-100.0,-100.0,16.0,1.0,-0.0,33.0,-65.467,-65.0,-65.0,-24.0,0.0,-0.0,42.0,-95.017,-95.017,-95.017,0.0,0.0,-0.0,33.0,-69.756,-70.244,-70.244,8.0,0.0,-0.0,34.0,-33.196,-33.196,-33.196,0.0,0.0,-0.0,34.0
2.5442,0,approach,-90.0,12.2,5.528,5.4,5.4,8.0,0.0,-0.0,34.0,-91.171,-90.0,-90.0,-48.0,3.0,3.66,33.0,-99.716,-100.0,-100.0,16.0,1.0,-0.0,33.0,-65.467,-65.0,-65.0,-24.0,0.0,-0.0,42.0,-95.017,-95.017,-95.017,0.0,0.0,-0.0,33.0,-69.756,-70.244,-70.244,8.0,0.0,-0.0,34.0,-33.196,-33.196,-33.196,0.0,0.0,-0.0,34.0
2.597,0,approach,-90.0,12.2,5.528,5.4,5.4,8.0,0.0,-0.0,34.0,-90.991,-90.0,-90.0,-48.0,3.0,3.214,33.0,-99.716,-100.0,-100.0,16.0,1.0,-0.0,33.0,-65.467,-65.0,-65.0,-24.0,0.0,-0.0,42.0,-95.017,-95.017,-95.017,0.0,0.0,-0.0,33.0,-69.756,-70.244,-70.244,8.0,0.0,-0.0,34.0,-33.196,-33.196,-33.196,0.0,0.0,-0.0,34.0
2.6502,0,approach,-90.0,12.2,5.528,5.4,5.4,8.0,0.0,-0.0,34.0,-90.991,-90.0,-90.0,-48.0,3.0,1.575,33.0,-99.716,-100.0,-100.0,16.0,1.0,-0.0,33.0,-65.467,-65.0,-65.0,-24.0,0.0,-0.0,42.0,-95.017,-95.017,-95.017,0.0,0.0,-0.0,33.0,-69.756,-70.244,-70.244,8.0,0.0,-0.0,34.0,-33.196,-33.196,-33.196,0.0,0.0,-0.0,34.0
2.7032,0,approach,-90.0,12.2,5.528,5.4,5.4,8.0,0.0,-0.0,34.0,-90.811,-90.0,-90.0,-48.0,3.0,2.807,33.0,-99.716,-100.0,-100.0,16.0,1.0,-0.0,33.0,-65.467,-65.0,-65.0,-24.0,0.0,-0.0,42.0,-95.017,-95.017,-95.017,0.0,0.0,-0.0,33.0,-69.756,-70.244,-70.244,8.0,0.0,-0.0,34.0,-33.196,-33.196,-33.196,0.0,0.0,-0.0,34.0
2.7564,0,approach,-90.0,12.2,5.528,5.4,5.4,8.0,0.0,-0.0,34.0,-90.811,-90.0,-90.0,-48.0,3.0,1.375,33.0,-99.716,-100.0,-100.0,16.0,1.0,-0.0,33.0,-65.467,-65.0,-65.0,-24.0,0.0,-0.0,42.0,-95.017,-95.017,-95.017,0.0,0.0,-0.0,33.0,-69.756,-70.244,-70.244,8.0,0.0,-0.0,34.0,-33.196,-33.196,-33.196,0.0,0.0,-0.0,34.0
2.8094,0,approach,-90.0,12.2,5.528,5.4,5.4,8.0,0.0,-0.0,34.0,-90.811,-90.0,-90.0,-48.0,3.0,0.674,33.0,-99.716,-100.0,-100.0,16.0,1.0,-0.0,33.0,-65.467,-65.0,-65.0,-24.0,0.0,-0.0,42.0,-95.017,-95.017,-95.017,0.0,0.0,-0.0,33.0,-69.756,-70.244,-70.244,8.0,0.0,-0.0,34.0,-33.196,-33.196,-33.196,0.0,0.0,-0.0,34.0
2.8627,0,approach,-90.0,12.2,5.528,5.4,5.4,8.0,0.0,-0.0,34.0,-90.811,-90.0,-90.0,-48.0,3.0,0.472,33.0,-99.716,-100.0,-100.0,16.0,1.0,-0.0,33.0,-65.467,-65.0,-65.0,-24.0,0.0,-0.0,42.0,-95.017,-95.017,-95.017,0.0,0.0,-0.0,33.0,-69.756,-70.244,-70.244,8.0,0.0,-0.0,34.0,-33.196,-33.196,-33.196,0.0,0.0,-0.0,34.0
2.916,0,approach,-90.0,12.2,5.528,5.4,5.4,8.0,0.0,-0.0,34.0,-90.811,-90.0,-90.0,-48.0,3.0,0.231,33.0,-99.716,-100.0,-100.0,16.0,1.0,-0.0,33.0,-65.467,-65.0,-65.0,-24.0,0.0,-0.0,42.0,-95.017,-95.017,-95.017,0.0,0.0,-0.0,33.0,-69.756,-70.244,-70.244,8.0,0.0,-0.0,34.0,-33.196,-33.196,-33.196,0.0,0.0,-0.0,34.0
2.9695,0,approach,-90.0,12.2,5.528,5.4,5.4,8.0,0.0,-0.0,34.0,-90.811,-90.0,-90.0,-48.0,3.0,0.113,33.0,-99.716,-100.0,-100.0,16.0,1.0,-0.0,33.0,-65.467,-65.0,-65.0,-24.0,0.0,-0.0,42.0,-95.017,-95.017,-95.017,0.0,0.0,-0.0,33.0,-69.756,-70.244,-70.244,8.0,0.0,-0.0,34.0,-33.196,-33.196,-33.196,0.0,0.0,-0.0,34.0
3.0228,0,approach,-90.0,12.2,5.528,5.4,5.4,8.0,0.0,-0.0,34.0,-90.811,-90.0,-90.0,-48.0,3.0,0.056,33.0,-99.716,-100.0,-100.0,16.0,1.0,-0.0,33.0,-65.467,-65.0,-65.0,-24.0,0.0,-0.0,42.0,-95.017,-95.017,-95.017,0.0,0.0,-0.0,33.0,-69.756,-70.244,-70.244,8.0,0.0,-0.0,34.0,-33.196,-33.196,-33.196,0.0,0.0,-0.0,34.0
3.0762,0,approach,-90.0,12.2,5.528,5.4,5.4,8.0,0.0,-0.0,34.0,-90.811,-90.0,-90.0,-32.0,1.0,0.039,33.0,-99.716,-100.0,-100.0,16.0,0.0,-0.0,33.0,-65.467,-65.0,-65.0,-24.0,1.0,-0.0,42.0,-95.017,-95.017,-95.017,0.0,0.0,-0.0,33.0,-69.756,-70.244,-70.244,8.0,0.0,-0.0,34.0,-33.196,-33.196,-33.196,0.0,0.0,-0.0,34.0
3.1292,0,approach,-90.0,12.2,5.528,5.4,5.4,8.0,0.0,-0.0,34.0,-90.811,-90.0,-90.0,-32.0,1.0,0.019,33.0,-99.716,-100.0,-100.0,16.0,0.0,-0.0,33.0,-65.467,-65.0,-65.0,-24.0,1.0,-0.0,42.0,-95.017,-95.017,-95.017,0.0,0.0,-0.0,33.0,-69.756,-70.244,-70.244,8.0,0.0,-0.0,34.0,-33.196,-33.196,-33.196,0.0,0.0,-0.0,34.0
3.182,0,approach,-90.0,12.2,5.528,5.4,5.4,8.0,0.0,-0.0,34.0,-90.811,-90.0,-90.0,-32.0,1.0,0.009,33.0,-99.716,-100.0,-100.0,16.0,0.0,-0.0,33.0,-65.467,-65.0,-65.0,-24.0,1.0,-0.0,42.0,-95.017,-95.017,-95.017,0.0,0.0,-0.0,33.0,-69.756,-70.244,-70.244,8.0,0.0,-0.0,34.0,-33.196,-33.196,-33.196,0.0,0.0,-0.0,34.0
3.2355,0,approach,-90.0,12.2,5.528,5.4,5.4,8.0,0.0,-0.0,34.0,-90.811,-90.0,-90.0,-32.0,1.0,0.005,33.0,-99.716,-100.0,-100.0,16.0,0.0,-0.0,33.0,-65.467,-65.0,-65.0,-24.0,1.0,-0.0,42.0,-95.017,-95.017,-95.017,0.0,0.0,-0.0,33.0,-69.756,-70.244,-70.244,8.0,0.0,-0.0,34.0,-33.196,-33.196,-33.196,0.0,0.0,-0.0,34.0
3.2884,0,approach,-90.0,12.2,5.528,5.4,5.4,8.0,0.0,-0.0,34.0,-90.811,-90.0,-90.0,-32.0,1.0,0.002,33.0,-99.716,-100.0,-100.0,16.0,0.0,-0.0,33.0,-65.467,-65.0,-65.0,-24.0,1.0,-0.0,42.0,-95.017,-95.017,-95.017,0.0,0.0,-0.0,33.0,-69.756,-70.244,-70.244,8.0,0.0,-0.0,34.0,-33.196,-33.196,-33.196,0.0,0.0,-0.0,34.0
3.3419,0,approach,-90.0,12.2,5.528,5.4,5.4,8.0,0.0,-0.0,34.0,-90.811,-90.0,-90.0,-32.0,1.0,0.001,33.0,-99.716,-100.0,-100.0,16.0,0.0,-0.0,33.0,-65.467,-65.0,-65.0,-24.0,1.0,-0.0,42.0,-95.017,-95.017,-95.017,0.0,0.0,-0.0,33.0,-69.756,-70.244,-70.244,8.0,0.0,-0.0,34.0,-33.196,-33.196,-33.196,0.0,0.0,-0.0,34.0
3.3952,0,approach,-90.0,12.2,5.528,5.4,5.4,8.0,0.0,-0.0,34.0,-90.811,-90.0,-90.0,-32.0,1.0,0.001,33.0,-99.716,-100.0,-100.0,16.0,0.0,-0.0,33.0,-65.467,-65.0,-65.0,-24.0,1.0,-0.0,42.0,-95.017,-95.017,-95.017,0.0,0.0,-0.0,33.0,-69.756,-70.244,-70.244,8.0,0.0,-0.0,34.0,-33.196,-33.196,-33.196,0.0,0.0,-0.0,34.0
3.4485,0,approach,-90.0,12.2,5.528,5.4,5.4,8.0,0.0,-0.0,34.0,-90.811,-90.0,-90.0,-32.0,1.0,0.0,33.0,-99.716,-100.0,-100.0,16.0,0.0,-0.0,33.0,-65.467,-65.0,-65.0,-24.0,1.0,-0.0,42.0,-95.017,-95.017,-95.017,0.0,0.0,-0.0,33.0,-69.756,-70.244,-70.244,8.0,0.0,-0.0,34.0,-33.196,-33.196,-33.196,0.0,0.0,-0.0,34.0
3.5009,1,fwd,-60.0,12.2,5.528,5.4,5.4,8.0,0.0,-0.0,34.0,-90.811,-90.0,-90.0,-32.0,1.0,0.0,33.0,-99.716,-100.0,-100.0,16.0,0.0,-0.0,33.0,-65.467,-65.0,-65.0,-24.0,1.0,-0.0,42.0,-95.017,-95.017,-95.017,0.0,0.0,-0.0,33.0,-69.756,-70.244,-70.244,8.0,0.0,-0.0,34.0,-33.196,-33.196,-33.196,0.0,0.0,-0.0,34.0
3.5544,1,fwd,-60.0,12.2,5.528,5.4,5.4,8.0,0.0,-0.0,34.0,-90.811,-60.0,-89.784,-32.0,1.0,0.0,33.0,-99.716,-100.0,-100.0,16.0,0.0,-0.0,33.0,-65.467,-65.0,-65.0,-24.0,1.0,-0.0,42.0,-95.017,-95.017,-95.017,0.0,0.0,-0.0,33.0,-69.756,-70.244,-70.244,8.0,0.0,-0.0,34.0,-33.196,-33.196,-33.196,0.0,0.0,-0.0,34.0
3.6078,1,fwd,-60.0,12.2,5.528,5.4,5.4,8.0,0.0,-0.0,34.0,-90.811,-60.0,-89.677,-40.0,3.0,0.0,33.0,-99.716,-100.0,-100.0,16.0,0.0,-0.0,33.0,-65.467,-65.0,-65.0,-24.0,1.0,-0.0,42.0,-95.017,-95.017,-95.017,0.0,0.0,-0.0,33.0,-69.756,-70.244,-70.244,8.0,0.0,-0.0,34.0,-33.196,-33.196,-33.196,0.0,0.0,-0.0,34.0
3.6602,1,fwd,-60.0,12.2,5.528,5.4,5.4,8.0,0.0,-0.0,34.0,-90.631,-60.0,-89.344,-40.0,3.0,0.669,33.0,-99.716,-100.0,-100.0,16.0,0.0,-0.0,33.0,-65.467,-65.0,-65.0,-24.0,1.0,-0.0,42.0,-95.017,-95.017,-95.017,0.0,0.0,-0.0,33.0,-69.756,-70.244,-70.244,8.0,0.0,-0.0,34.0,-33.196,-33.196,-33.196,0.0,0.0,-0.0,34.0
3.712,1,fwd,-60.0,12.2,5.528,5.4,5.4,8.0,0.0,-0.0,34.0,-90.27,-60.0,-89.13,-40.0,3.0,3.751,33.0,-99.716,-100.0,-100.0,16.0,0.0,-0.0,33.0,-65.467,-65.0,-65.0,-24.0,1.0,-0.0,42.0,-95.017,-95.017,-95.017,0.0,0.0,-0.0,33.0,-69.756,-70.244,-70.244,8.0,0.0,-0.0,34.0,-33.196,-33.196,-33.196,0.0,0.0,-0.0,34.0
3.7652,1,fwd,-60.0,12.2,5.528,5.4,5.4,8.0,0.0,-0.0,34.0,-90.27,-60.0,-88.915,-40.0,3.0,2.625,33.0,-99.716,-100.0,-100.0,16.0,0.0,-0.0,33.0,-65.467,-65.0,-65.0,-24.0,1.0,-0.0,42.0,-95.017,-95.017,-95.017,0.0,0.0,-0.0,33.0,-69.756,-70.244,-70.244,8.0,0.0,-0.0,34.0,-33.196,-33.196,-33.196,0.0,0.0,-0.0,34.0
3.8182,1,fwd,-60.0,12.2,5.528,5.4,5.4,8.0,0.0,-0.0,34.0,-90.09,-60.0,-88.687,-40.0,3.0,2.551,33.0,-99.716,-100.0,-100.0,16.0,0.0,-0.0,33.0,-65.467,-65.0,-65.0,-24.0,1.0,-0.0,42.0,-95.017,-95.017,-95.017,0.0,0.0,-0.0,33.0,-69.756,-70.244,-70.244,8.0,0.0,-0.0,34.0,-33.196,-33.196,-33.196,0.0,0.0,-0.0,34.0
3.8717,1,fwd,-60.0,12.2,5.528,5.4,5.4,8.0,0.0,-0.0,34.0,-89.73,-60.0,-88.569,-40.0,3.0,4.514,33.0,-99.716,-100.0,-100.0,16.0,0.0,-0.0,33.0,-65.467,-65.0,-65.0,-24.0,1.0,-0.0,42.0,-95.017,-95.017,-95.017,0.0,0.0,-0.0,33.0,-69.756,-70.244,-70.244,8.0,0.0,-0.0,34.0,-33.196,-33.196,-33.196,0.0,0.0,-0.0,34.0
3.9266,1,fwd,-60.0,12.2,5.528,5.4,5.4,8.0,0.0,-0.0,34.0,-89.55,-60.0,-88.244,-40.0,3.0,4.214,33.0,-99.716,-100.0,-100.0,16.0,0.0,-0.0,33.0,-65.467,-65.0,-65.0,-24.0,1.0,-0.0,42.0,-95.017,-95.017,-95.017,0.0,0.0,-0.0,33.0,-69.756,-70.244,-70.244,8.0,0.0,-0.0,34.0,-33.196,-33.196,-33.196,0.0,0.0,-0.0,34.0
3.9804,1,fwd,-60.0,12.2,5.528,5.4,5.4,8.0,0.0,-0.0,34.0,-89.369,-60.0,-88.125,-40.0,3.0,4.078,33.0,-99.716,-100.0,-100.0,16.0,0.0,-0.0,33.0,-65.467,-65.0,-65.0,-24.0,1.0,-0.0,42.0,-95.017,-95.017,-95.017,0.0,0.0,-0.0,33.0,-69.756,-70.244,-70.244,8.0,0.0,-0.0,34.0,-33.196,-33.196,-33.196,0.0,0.0,-0.0,34.0
4.0337,1,fwd,-60.0,12.2,5.528,5.4,5.4,8.0,0.0,-0.0,34.0,-89.189,-60.0,-87.909,-40.0,3.0,4.031,33.0,-99.716,-100.0,-100.0,16.0,0.0,-0.0,33.0,-65.467,-65.0,-65.0,-24.0,1.0,-0.0,42.0,-95.017,-95.017,-95.017,0.0,0.0,-0.0,33.0,-69.756,-70.244,-70.244,8.0,0.0,-0.0,34.0,-33.196,-33.196,-33.196,0.0,0.0,-0.0,34.0
4.0866,1,fwd,-60.0,12.2,5.528,5.4,5.4,8.0,0.0,-0.0,34.0,-88.829,-60.0,-87.694,-40.0,3.0,5.407,33.0,-99.716,-100.0,-100.0,16.0,0.0,-0.0,33.0,-65.467,-65.0,-65.0,-24.0,1.0,-0.0,42.0,-95.017,-95.017,-95.017,0.0,0.0,-0.0,33.0,-69.756,-70.244,-70.244,8.0,0.0,-0.0,34.0,-33.196,-33.196,-33.196,0.0,0.0,-0.0,34.0
4.1394,1,fwd,-60.0,12.2,5.528,5.4,5.4,8.0,0.0,-0.0,34.0,-88.649,-60.0,-87.48,-40.0,3.0,4.67,33.0,-99.716,-100.0,-100.0,16.0,0.0,-0.0,33.0,-65.467,-65.0,-65.0,-24.0,1.0,-0.0,42.0,-95.017,-95.017,-95.017,0.0,0.0,-0.0,33.0,-69.756,-70.244,-70.244,8.0,0.0,-0.0,34.0,-33.196,-33.196,-33.196,0.0,0.0,-0.0,34.0
4.1925,1,fwd,-60.0,12.2,5.528,5.4,5.4,8.0,0.0,-0.0,34.0,-88.649,-60.0,-87.374,-48.0,3.0,3.269,33.0,-99.716,-100.0,-100.0,16.0,0.0,-0.0,33.0,-65.467,-65.0,-65.0,-24.0,1.0,-0.0,42.0,-95.017,-95.017,-95.017,0.0,0.0,-0.0,33.0,-69.756,-70.244,-70.244,8.0,0.0,-0.0,34.0,-33.196,-33.196,-33.196,0.0,0.0,-0.0,34.0
4.2458,1,fwd,-60.0,12.2,5.528,5.4,5.4,8.0,0.0,-0.0,34.0,-88.288,-60.0,-87.038,-48.0,3.0,4.272,33.0,-99.716,-100.0,-100.0,16.0,0.0,-0.0,33.0,-65.467,-65.0,-65.0,-24.0,1.0,-0.0,42.0,-95.017,-95.017,-95.017,0.0,0.0,-0.0,33.0,-69.756,-70.244,-70.244,8.0,0.0,-0.0,34.0,-33.196,-33.196,-33.196,0.0,0.0,-0.0,34.0
4.2992,1,fwd,-60.0,12.2,5.528,5.4,5.4,8.0,0.0,-0.0,34.0,-88.288,-60.0,-86.821,-48.0,3.0,2.093,33.0,-99.716,-100.0,-100.0,16.0,0.0,-0.0,33.0,-65.467,-65.0,-65.0,-24.0,1.0,-0.0,42.0,-95.017,-95.017,-95.017,0.0,0.0,-0.0,33.0,-69.756,-70.244,-70.244,8.0,0.0,-0.0,34.0,-33.196,-33.196,-33.196,0.0,0.0,-0.0,34.0
4.3525,1,fwd,-60.0,12.2,5.528,5.4,5.4,8.0,0.0,-0.0,34.0,-87.928,-60.0,-86.607,-48.0,3.0,4.463,33.0,-99.716,-100.0,-100.0,16.0,0.0,-0.0,33.0,-65.467,-65.0,-65.0,-24.0,1.0,-0.0,42.0,-95.017,-95.017,-95.017,0.0,0.0,-0.0,33.0,-69.756,-70.244,-70.244,8.0,0.0,-0.0,34.0,-33.196,-33.196,-33.196,0.0,0.0,-0.0,34.0
4.4056,1,fwd,-60.0,12.2,5.528,5.4,5.4,8.0,0.0,-0.0,34.0,-87.748,-60.0,-86.393,-48.0,3.0,3.6,33.0,-99.716,-100.0,-100.0,16.0,0.0,-0.0,33.0,-65.467,-65.0,-65.0,-24.0,1.0,-0.0,42.0,-95.017,-95.017,-95.017,0.0,0.0,-0.0,33.0,-69.756,-70.244,-70.244,8.0,0.0,-0.0,34.0,-33.196,-33.196,-33.196,0.0,0.0,-0.0,34.0
4.4586,1,fwd,-60.0,12.2,5.528,5.4,5.4,8.0,0.0,-0.0,34.0,-87.568,-60.0,-86.179,-48.0,3.0,3.755,33.0,-99.716,-100.0,-100.0,16.0,0.0,-0.0,33.0,-65.467,-65.0,-65.0,-24.0,1.0,-0.0,42.0,-95.017,-95.017,-95.017,0.0,0.0,-0.0,33.0,-69.756,-70.244,-70.244,8.0,0.0,-0.0,34.0,-33.196,-33.196,-33.196,0.0,0.0,-0.0,34.0
4.5109,1,fwd,-60.0,12.2,5.528,5.4,5.4,8.0,0.0,-0.0,34.0,-87.387,-60.0,-85.963,-48.0,3.0,3.241,33.0,-99.716,-100.0,-100.0,16.0,0.0,-0.0,33.0,-65.467,-65.0,-65.0,-24.0,1.0,-0.0,42.0,-95.017,-95.017,-95.017,0.0,0.0,-0.0,33.0,-69.756,-70.244,-70.244,8.0,0.0,-0.0,34.0,-33.196,-33.196,-33.196,0.0,0.0,-0.0,34.0
4.5644,1,fwd,-60.0,12.2,5.528,5.4,5.4,8.0,0.0,-0.0,34.0,-87.027,-60.0,-85.748,-48.0,3.0,5.028,33.0,-99.716,-100.0,-100.0,16.0,0.0,-0.0,33.0,-65.467,-65.0,-65.0,-24.0,1.0,-0.0,42.0,-95.017,-95.017,-95.017,0.0,0.0,-0.0,33.0,-69.756,-70.244,-70.244,8.0,0.0,-0.0,34.0,-33.196,-33.196,-33.196,0.0,0.0,-0.0,34.0
4.6176,1,fwd,-60.0,12.2,5.528,5.4,5.4,8.0,0.0,-0.0,34.0,-86.847,-60.0,-85.532,-48.0,3.0,4.493,33.0,-99.716,-100.0,-100.0,16.0,0.0,-0.0,33.0,-65.467,-65.0,-65.0,-24.0,1.0,-0.0,42.0,-95.017,-95.017,-95.017,0.0,0.0,-0.0,33.0,-69.756,-70.244,-70.244,8.0,0.0,-0.0,34.0,-33.196,-33.196,-33.196,0.0,0.0,-0.0,34.0
4.67,1,fwd,-60.0,12.2,5.528,5.4,5.4,8.0,0.0,-0.0,34.0,-86.667,-60.0,-85.319,-48.0,3.0,3.625,33.0,-99.716,-100.0,-100.0,16.0,0.0,-0.0,33.0,-65.467,-65.0,-65.0,-24.0,1.0,-0.0,42.0,-95.017,-95.017,-95.017,0.0,0.0,-0.0,33.0,-69.756,-70.244,-70.244,8.0,0.0,-0.0,34.0,-33.196,-33.196,-33.196,0.0,0.0,-0.0,34.0
4.723,1,fwd,-60.0,12.2,5.528,5.4,5.4,8.0,0.0,-0.0,34.0,-86.486,-60.0,-85.107,-48.0,3.0,3.815,33.0,-99.716,-100.0,-100.0,16.0,0.0,-0.0,33.0,-65.467,-65.0,-65.0,-24.0,1.0,-0.0,42.0,-95.017,-95.017,-95.017,0.0,0.0,-0.0,33.0,-69.756,-70.244,-70.244,8.0,0.0,-0.0,34.0,-33.196,-33.196,-33.196,0.0,0.0,-0.0,34.0
4.7763,1,fwd,-60.0,12.2,5.528,5.4,5.4,8.0,0.0,-0.0,34.0,-86.486,-60.0,-84.869,-48.0,4.0,3.815,33.0,-99.716,-100.0,-100.0,16.0,0.0,-0.0,33.0,-65.467,-65.0,-65.0,-24.0,1.0,-0.0,42.0,-95.017,-95.017,-95.017,0.0,0.0,-0.0,33.0,-69.756,-70.244,-70.244,8.0,0.0,-0.0,34.0,-33.196,-33.196,-33.196,0.0,0.0,-0.0,34.0
4.8294,1,fwd,-60.0,12.2,5.528,5.4,5.4,8.0,0.0,-0.0,34.0,-86.126,-60.0,-84.645,-48.0,4.0,4.498,33.0,-99.716,-100.0,-100.0,16.0,0.0,-0.0,33.0,-65.467,-65.0,-65.0,-24.0,1.0,-0.0,42.0,-95.017,-95.017,-95.017,0.0,0.0,-0.0,33.0,-69.756,-70.244,-70.244,8.0,0.0,-0.0,34.0,-33.196,-33.196,-33.196,0.0,0.0,-0.0,34.0
4.8827,1,fwd,-60.0,12.2,5.528,5.4,5.4,8.0,0.0,-0.0,34.0,-85.946,-60.0,-84.421,-48.0,4.0,4.231,33.0,-99.716,-100.0,-100.0,16.0,0.0,-0.0,33.0,-65.467,-65.0,-65.0,-24.0,1.0,-0.0,42.0,-95.017,-95.017,-95.017,0.0,0.0,-0.0,33.0,-69.756,-70.244,-70.244,8.0,0.0,-0.0,34.0,-33.196,-33.196,-33.196,0.0,0.0,-0.0,34.0
4.9376,1,fwd,-60.0,12.2,5.528,5.4,5.4,8.0,0.0,-0.0,34.0,-85.766,-60.0,-84.2,-48.0,4.0,3.404,33.0,-99.716,-100.0,-100.0,16.0,0.0,-0.0,33.0,-65.467,-65.0,-65.0,-24.0,1.0,-0.0,42.0,-95.017,-95.017,-95.017,0.0,0.0,-0.0,33.0,-69.756,-70.244,-70.244,8.0,0.0,-0.0,34.0,-33.196,-33.196,-33.196,0.0,0.0,-0.0,34.0
4.9902,1,fwd,-60.0,12.2,5.528,5.4,5.4,8.0,0.0,-0.0,34.0,-85.405,-60.0,-84.082,-48.0,4.0,4.948,33.0,-99.716,-100.0,-100.0,16.0,0.0,-0.0,33.0,-65.467,-65.0,-65.0,-24.0,1.0,-0.0,42.0,-95.017,-95.017,-95.017,0.0,0.0,-0.0,33.0,-69.756,-70.244,-70.244,8.0,0.0,-0.0,34.0,-33.196,-33.196,-33.196,0.0,0.0,-0.0,34.0
5.0429,1,fwd,-60.0,12.2,5.528,5.4,5.4,8.0,0.0,-0.0,34.0,-85.225,-60.0,-83.868,-48.0,4.0,4.422,33.0,-99.716,-100.0,-100.0,16.0,0.0,-0.0,33.0,-65.467,-65.0,-65.0,-24.0,1.0,-0.0,42.0,-95.017,-95.017,-95.017,0.0,0.0,-0.0,33.0,-69.756,-70.244,-70.244,8.0,0.0,-0.0,34.0,-33.196,-33.196,-33.196,0.0,0.0,-0.0,34.0
5.0962,1,fwd,-60.0,12.2,5.528,5.4,5.4,8.0,0.0,-0.0,34.0,-85.045,-60.0,-83.653,-48.0,4.0,4.183,33.0,-99.716,-100.0,-100.0,16.0,0.0,-0.0,33.0,-65.467,-65.0,-65.0,-24.0,1.0,-0.0,42.0,-95.017,-95.017,-95.017,0.0,0.0,-0.0,33.0,-69.756,-70.244,-70.244,8.0,0.0,-0.0,34.0,-33.196,-33.196,-33.196,0.0,0.0,-0.0,34.0
5.1495,1,fwd,-60.0,12.2,5.528,5.4,5.4,8.0,0.0,-0.0,34.0,-84.865,-60.0,-83.439,-48.0,4.0,3.471,33.0,-99.716,-100.0,-100.0,16.0,0.0,-0.0,33.0,-65.467,-65.0,-65.0,-24.0,1.0,-0.0,42.0,-95.017,-95.017,-95.017,0.0,0.0,-0.0,33.0,-69.756,-70.244,-70.244,8.0,0.0,-0.0,34.0,-33.196,-33.196,-33.196,0.0,0.0,-0.0,34.0
5.2031,1,fwd,-60.0,12.2,5.528,5.4,5.4,8.0,0.0,-0.0,34.0,-84.685,-60.0,-83.221,-48.0,4.0,3.127,33.0,-99.716,-100.0,-100.0,16.0,0.0,-0.0,33.0,-65.467,-65.0,-65.0,-24.0,1.0,-0.0,42.0,-95.017,-95.017,-95.017,0.0,0.0,-0.0,33.0,-69.756,-70.244,-70.244,8.0,0.0,-0.0,34.0,-33.196,-33.196,-33.196,0.0,0.0,-0.0,34.0
5.2564,1,fwd,-60.0,12.2,5.528,5.4,5.4,8.0,0.0,-0.0,34.0,-84.505,-60.0,-83.004,-48.0,4.0,2.946,33.0,-99.716,-100.0,-100.0,16.0,0.0,-0.0,33.0,-65.467,-65.0,-65.0,-24.0,1.0,-0.0,42.0,-95.017,-95.017,-95.017,0.0,0.0,-0.0,33.0,-69.756,-70.244,-70.244,8.0,0.0,-0.0,34.0,-33.196,-33.196,-33.196,0.0,0.0,-0.0,34.0
5.3094,1,fwd,-60.0,12.2,5.528,5.4,5.4,8.0,0.0,-0.0,34.0,-84.324,-60.0,-82.79,-48.0,4.0,2.862,33.0,-99.716,-100.0,-100.0,16.0,0.0,-0.0,33.0,-65.467,-65.0,-65.0,-24.0,1.0,-0.0,42.0,-95.017,-95.017,-95.017,0.0,0.0,-0.0,33.0,-69.756,-70.244,-70.244,8.0,0.0,-0.0,34.0,-33.196,-33.196,-33.196,0.0,0.0,-0.0,34.0
5.362,1,fwd,-60.0,12.2,5.528,5.4,5.4,8.0,0.0,-0.0,34.0,-84.144,-60.0,-82.56,-56.0,5.0,2.935,33.0,-99.716,-100.0,-100.0,16.0,0.0,-0.0,33.0,-65.467,-65.0,-65.0,-24.0,0.0,-0.0,42.0,-95.017,-95.017,-95.017,0.0,0.0,-0.0,33.0,-69.756,-70.244,-70.244,8.0,0.0,-0.0,34.0,-33.196,-33.196,-33.196,0.0,0.0,-0.0,34.0
5.4153,1,fwd,-60.0,12.2,5.528,5.4,5.4,8.0,0.0,-0.0,34.0,-83.964,-60.0,-82.343,-56.0,5.0,3.421,33.0,-99.716,-100.0,-100.0,16.0,0.0,-0.0,33.0,-65.467,-65.0,-65.0,-24.0,0.0,-0.0,42.0,-95.017,-95.017,-95.017,0.0,0.0,-0.0,33.0,-69.756,-70.244,-70.244,8.0,0.0,-0.0,34.0,-33.196,-33.196,-33.196,0.0,0.0,-0.0,34.0
5.4679,1,fwd,-60.0,12.2,5.528,5.4,5.4,8.0,0.0,-0.0,34.0,-83.604,-60.0,-82.127,-56.0,5.0,5.071,33.0,-99.716,-100.0,-100.0,16.0,0.0,-0.0,33.0,-65.467,-65.0,-65.0,-24.0,0.0,-0.0,42.0,-95.017,-95.017,-95.017,0.0,0.0,-0.0,33.0,-69.756,-70.244,-70.244,8.0,0.0,-0.0,34.0,-33.196,-33.196,-33.196,0.0,0.0,-0.0,34.0
5.5213,1,fwd,-60.0,12.2,5.528,5.4,5.4,8.0,0.0,-0.0,34.0,-83.423,-60.0,-81.91,-56.0,5.0,4.493,33.0,-99.716,-100.0,-100.0,16.0,0.0,-0.0,33.0,-65.467,-65.0,-65.0,-24.0,0.0,-0.0,42.0,-95.017,-95.017,-95.017,0.0,0.0,-0.0,33.0,-69.756,-70.244,-70.244,8.0,0.0,-0.0,34.0,-33.196,-33.196,-33.196,0.0,0.0,-0.0,34.0
5.5747,1,fwd,-60.0,12.2,5.528,5.4,5.4,8.0,0.0,-0.0,34.0,-83.243,-60.0,-81.695,-56.0,5.0,4.203,33.0,-99.716,-100.0,-100.0,16.0,0.0,-0.0,33.0,-65.467,-65.0,-65.0,-24.0,0.0,-0.0,42.0,-95.017,-95.017,-95.017,0.0,0.0,-0.0,33.0,-69.756,-70.244,-70.244,8.0,0.0,-0.0,34.0,-32.99,-33.196,-33.196,0.0,0.0,2.29,34.0
5.6271,1,fwd,-60.0,12.2,5.528,5.4,5.4,8.0,0.0,-0.0,34.0,-83.063,-60.0,-81.478,-56.0,5.0,4.061,33.0,-99.716,-100.0,-100.0,16.0,0.0,-0.0,33.0,-65.467,-65.0,-65.0,-24.0,0.0,-0.0,42.0,-95.017,-95.017,-95.017,0.0,0.0,-0.0,33.0,-69.756,-70.244,-70.244,8.0,0.0,-0.0,34.0,-32.99,-33.196,-33.196,0.0,0.0,1.122,34.0
5.6806,1,fwd,-60.0,12.2,5.528,5.4,5.4,8.0,0.0,-0.0,34.0,-82.703,-60.0,-81.261,-56.0,5.0,4.746,33.0,-99.716,-100.0,-100.0,16.0,0.0,-0.0,33.0,-65.467,-65.0,-65.0,-24.0,0.0,-0.0,42.0,-95.017,-95.017,-95.017,0.0,0.0,-0.0,33.0,-69.756,-70.244,-70.244,8.0,0.0,-0.0,34.0,-32.99,-33.196,-33.196,0.0,0.0,0.55,34.0
5.7335,1,fwd,-60.0,12.2,5.528,5.4,5.4,8.0,0.0,-0.0,34.0,-82.523,-60.0,-81.047,-56.0,5.0,4.341,33.0,-99.716,-100.0,-100.0,16.0,0.0,-0.0,33.0,-65.467,-65.0,-65.0,-24.0,0.0,-0.0,42.0,-95.017,-95.017,-95.017,0.0,0.0,-0.0,33.0,-69.756,-70.244,-70.244,8.0,0.0,-0.0,34.0,-32.99,-33.196,-33.196,0.0,0.0,0.269,34.0
5.7864,1,fwd,-60.0,12.2,5.528,5.4,5.4,8.0,0.0,-0.0,34.0,-82.342,-60.0,-80.831,-56.0,5.0,3.525,33.0,-99.716,-100.0,-100.0,16.0,0.0,-0.0,33.0,-65.467,-65.0,-65.0,-24.0,0.0,-0.0,42.0,-95.017,-95.017,-95.017,0.0,0.0,-0.0,33.0,-69.756,-70.244,-70.244,8.0,0.0,-0.0,34.0,-32.99,-33.196,-33.196,0.0,0.0,0.132,34.0
5.8394,1,fwd,-60.0,12.2,5.528,5.4,5.4,8.0,0.0,-0.0,34.0,-82.162,-60.0,-80.619,-56.0,5.0,3.767,33.0,-99.716,-100.0,-100.0,16.0,0.0,-0.0,33.0,-65.467,-65.0,-65.0,-24.0,0.0,-0.0,42.0,-95.017,-95.017,-95.017,0.0,0.0,-0.0,33.0,-69.756,-70.244,-70.244,8.0,0.0,-0.0,34.0,-32.99,-33.196,-33.196,0.0,0.0,0.065,34.0
5.8923,1,fwd,-60.0,12.2,5.528,5.4,5.4,8.0,0.0,-0.0,34.0,-82.162,-60.0,-80.512,-56.0,5.0,2.637,33.0,-99.716,-100.0,-100.0,16.0,0.0,-0.0,33.0,-65.467,-65.0,-65.0,-24.0,0.0,-0.0,42.0,-95.017,-95.017,-95.017,0.0,0.0,-0.0,33.0,-69.756,-70.244,-70.244,8.0,0.0,-0.0,34.0,-32.99,-33.196,-33.196,0.0,0.0,0.045,34.0
5.9463,1,fwd,-60.0,12.2,5.528,5.4,5.4,8.0,0.0,-0.0,34.0,-81.802,-60.0,-80.166,-64.0,6.0,3.654,33.0,-99.716,-100.0,-100.0,16.0,0.0,-0.0,33.0,-65.467,-65.0,-65.0,-24.0,0.0,-0.0,42.0,-95.017,-95.017,-95.017,0.0,0.0,-0.0,33.0,-69.756,-70.244,-70.244,8.0,0.0,-0.0,34.0,-33.196,-33.196,-33.196,8.0,0.0,-1.003,34.0
5.9993,1,fwd,-60.0,12.2,5.528,5.4,5.4,8.0,0.0,-0.0,34.0,-81.622,-60.0,-79.954,-64.0,6.0,3.215,33.0,-99.716,-100.0,-100.0,16.0,0.0,-0.0,33.0,-65.467,-65.0,-65.0,-24.0,0.0,-0.0,42.0,-95.017,-95.017,-95.017,0.0,0.0,-0.0,33.0,-69.756,-70.244,-70.244,8.0,0.0,-0.0,34.0,-33.196,-33.196,-33.196,8.0,0.0,-0.492,34.0
6.0528,1,fwd,-60.0,12.2,5.528,5.4,5.4,8.0,0.0,-0.0,34.0,-81.441,-60.0,-79.74,-64.0,6.0,2.972,33.0,-99.716,-100.0,-100.0,16.0,0.0,-0.0,33.0,-65.467,-65.0,-65.0,-24.0,0.0,-0.0,42.0,-95.017,-95.017,-95.017,0.0,0.0,-0.0,33.0,-69.756,-70.244,-70.244,8.0,0.0,-0.0,34.0,-33.196,-33.196,-33.196,8.0,0.0,-0.241,34.0
6.1064,1,fwd,-60.0,12.2,5.528,5.4,5.4,8.0,0.0,-0.0,34.0,-81.261,-60.0,-79.524,-64.0,6.0,2.85,33.0,-99.716,-100.0,-100.0,16.0,0.0,-0.0,33.0,-65.467,-65.0,-65.0,-24.0,0.0,-0.0,42.0,-95.017,-95.017,-95.017,0.0,0.0,-0.0,33.0,-69.756,-70.244,-70.244,8.0,0.0,-0.0,34.0,-33.196,-33.196,-33.196,8.0,0.0,-0.118,34.0
6.159,1,fwd,-60.0,12.2,5.528,5.4,5.4,8.0,0.0,-0.0,34.0,-80.901,-60.0,-79.405,-64.0,6.0,4.666,33.0,-99.716,-100.0,-100.0,16.0,0.0,-0.0,33.0,-65.467,-65.0,-65.0,-24.0,0.0,-0.0,42.0,-95.017,-95.017,-95.017,0.0,0.0,-0.0,33.0,-69.756,-70.244,-70.244,8.0,0.0,-0.0,34.0,-33.196,-33.196,-33.196,8.0,0.0,-0.058,34.0
6.2122,1,fwd,-60.0,12.2,5.528,5.4,5.4,8.0,0.0,-0.0,34.0,-80.721,-60.0,-79.191,-64.0,6.0,4.3,33.0,-99.716,-100.0,-100.0,16.0,0.0,-0.0,33.0,-65.467,-65.0,-65.0,-24.0,0.0,-0.0,42.0,-95.017,-95.017,-95.017,0.0,0.0,-0.0,33.0,-69.756,-70.244,-70.244,8.0,0.0,-0.0,34.0,-33.196,-33.196,-33.196,8.0,0.0,-0.028,34.0
6.2653,1,fwd,-60.0,12.2,5.528,5.4,5.4,8.0,0.0,-0.0,34.0,-80.541,-60.0,-78.978,-64.0,6.0,4.133,33.0,-99.716,-100.0,-100.0,16.0,0.0,-0.0,33.0,-65.467,-65.0,-65.0,-24.0,0.0,-0.0,42.0,-95.017,-95.017,-95.017,0.0,0.0,-0.0,33.0,-69.756,-70.244,-70.244,8.0,0.0,-0.0,34.0,-33.196,-33.196,-33.196,8.0,0.0,-0.014,34.0
6.3182,1,fwd,-60.0,12.2,5.528,5.4,5.4,8.0,0.0,-0.0,34.0,-80.36,-60.0,-78.764,-64.0,6.0,4.038,33.0,-99.716,-100.0,-100.0,16.0,0.0,-0.0,33.0,-65.467,-65.0,-65.0,-24.0,0.0,-0.0,42.0,-95.017,-95.017,-95.017,0.0,0.0,-0.0,33.0,-69.756,-70.244,-70.244,8.0,0.0,-0.0,34.0,-33.196,-33.196,-33.196,8.0,0.0,-0.007,34.0
6.3714,1,fwd,-60.0,12.2,5.528,5.4,5.4,8.0,0.0,-0.0,34.0,-80.18,-60.0,-78.549,-64.0,6.0,3.955,33.0,-99.716,-100.0,-100.0,16.0,0.0,-0.0,33.0,-65.467,-65.0,-65.0,-24.0,0.0,-0.0,42.0,-95.017,-95.017,-95.017,0.0,0.0,-0.0,33.0,-69.756,-70.244,-70.244,8.0,0.0,-0.0,34.0,-33.196,-33.196,-33.196,8.0,0.0,-0.003,34.0
6.4245,1,fwd,-60.0,12.2,5.528,5.4,5.4,8.0,0.0,-0.0,34.0,-80.0,-60.0,-78.335,-64.0,6.0,3.965,33.0,-99.716,-100.0,-100.0,16.0,0.0,-0.0,33.0,-65.467,-65.0,-65.0,-24.0,0.0,-0.0,42.0,-95.017,-95.017,-95.017,0.0,0.0,-0.0,33.0,-69.756,-70.244,-70.244,8.0,0.0,-0.0,34.0,-33.196,-33.196,-33.196,8.0,0.0,-0.002,34.0
6.4775,1,fwd,-60.0,12.2,5.528,5.4,5.4,8.0,0.0,-0.0,34.0,-80.0,-60.0,-78.228,-72.0,9.0,2.775,33.0,-99.716,-100.0,-100.0,16.0,0.0,-0.0,33.0,-65.467,-65.0,-65.0,-24.0,0.0,-0.0,41.0,-95.017,-95.017,-95.017,0.0,0.0,-0.0,33.0,-69.756,-70.244,-70.244,8.0,0.0,-0.0,34.0,-33.196,-33.196,-33.196,0.0,0.0,-0.001,34.0
6.5298,1,fwd,-60.0,12.2,5.528,5.4,5.4,8.0,0.0,-0.0,34.0,-79.64,-60.0,-77.889,-72.0,9.0,2.662,33.0,-99.716,-100.0,-100.0,16.0,0.0,-0.0,33.0,-65.467,-65.0,-65.0,-24.0,0.0,-0.0,41.0,-95.017,-95.017,-95.017,0.0,0.0,-0.0,33.0,-69.756,-70.244,-70.244,8.0,0.0,-0.0,34.0,-33.196,-33.196,-33.196,0.0,0.0,-0.001,34.0
6.5832,1,fwd,-60.0,12.2,5.528,5.4,5.4,8.0,0.0,-0.0,34.0,-79.459,-60.0,-77.676,-72.0,9.0,3.339,33.0,-99.716,-100.0,-100.0,16.0,0.0,-0.0,33.0,-65.467,-65.0,-65.0,-24.0,0.0,-0.0,41.0,-95.017,-95.017,-95.017,0.0,0.0,-0.0,33.0,-69.756,-70.244,-70.244,8.0,0.0,-0.0,34.0,-33.196,-33.196,-33.196,0.0,0.0,-0.0,34.0
6.6366,1,fwd,-60.0,12.2,5.528,5.4,5.4,8.0,0.0,-0.0,34.0,-79.279,-60.0,-77.46,-72.0,9.0,3.026,33.0,-99.716,-100.0,-100.0,16.0,0.0,-0.0,33.0,-65.467,-65.0,-65.0,-24.0,0.0,-0.0,41.0,-95.017,-95.017,-95.017,0.0,0.0,-0.0,33.0,-69.756,-70.244,-70.244,8.0,0.0,-0.0,34.0,-33.196,-33.196,-33.196,0.0,0.0,-0.0,34.0
6.6891,1,fwd,-60.0,12.2,5.528,5.4,5.4,8.0,0.0,-0.0,34.0,-78.919,-60.0,-77.247,-72.0,9.0,4.929,33.0,-99.716,-100.0,-100.0,16.0,0.0,-0.0,33.0,-65.467,-65.0,-65.0,-24.0,0.0,-0.0,41.0,-95.017,-95.017,-95.017,0.0,0.0,-0.0,33.0,-69.756,-70.244,-70.244,8.0,0.0,-0.0,34.0,-33.196,-33.196,-33.196,0.0,0.0,-0.0,34.0
6.7422,1,fwd,-60.0,12.2,5.528,5.4,5.4,8.0,0.0,-0.0,34.0,-78.739,-60.0,-77.035,-72.0,9.0,3.849,33.0,-99.716,-100.0,-100.0,16.0,0.0,-0.0,33.0,-65.467,-65.0,-65.0,-24.0,0.0,-0.0,41.0,-95.017,-95.017,-95.017,0.0,0.0,-0.0,33.0,-69.756,-70.244,-70.244,8.0,0.0,-0.0,34.0,-33.196,-33.196,-33.196,0.0,0.0,-0.0,34.0
6.7954,1,fwd,-60.0,12.2,5.528,5.4,5.4,8.0,0.0,-0.0,34.0,-78.559,-60.0,-76.823,-72.0,9.0,3.314,33.0,-99.716,-100.0,-100.0,16.0,0.0,-0.0,33.0,-65.467,-65.0,-65.0,-24.0,0.0,-0.0,41.0,-95.017,-95.017,-95.017,0.0,0.0,-0.0,33.0,-69.756,-70.244,-70.244,8.0,0.0,-0.0,34.0,-33.196,-33.196,-33.196,0.0,0.0,-0.0,34.0
6.8483,1,fwd,-60.0,12.2,5.528,5.4,5.4,8.0,0.0,-0.0,34.0,-78.378,-60.0,-76.604,-72.0,9.0,3.046,33.0,-99.716,-100.0,-100.0,16.0,0.0,-0.0,33.0,-65.467,-65.0,-65.0,-24.0,0.0,-0.0,41.0,-95.017,-95.017,-95.017,0.0,0.0,-0.0,33.0,-69.756,-70.244,-70.244,8.0,0.0,-0.0,34.0,-33.196,-33.196,-33.196,0.0,0.0,-0.0,34.0
6.9016,1,fwd,-60.0,12.2,5.528,5.4,5.4,8.0,0.0,-0.0,34.0,-78.198,-60.0,-76.39,-72.0,9.0,2.905,33.0,-99.716,-100.0,-100.0,16.0,0.0,-0.0,33.0,-65.467,-65.0,-65.0,-24.0,0.0,-0.0,41.0,-95.017,-95.017,-95.017,0.0,0.0,-0.0,33.0,-69.756,-70.244,-70.244,8.0,0.0,-0.0,34.0,-33.196,-33.196,-33.196,0.0,0.0,-0.0,34.0
6.9556,1,fwd,-60.0,12.2,5.528,5.4,5.4,8.0,0.0,-0.0,34.0,-77.838,-60.0,-76.175,-72.0,9.0,4.837,33.0,-99.716,-100.0,-100.0,16.0,0.0,-0.0,33.0,-65.467,-65.0,-65.0,-24.0,0.0,-0.0,41.0,-95.017,-95.017,-95.017,0.0,0.0,-0.0,33.0,-69.756,-70.244,-70.244,8.0,0.0,-0.0,34.0,-33.196,-33.196,-33.196,0.0,0.0,-0.0,34.0
7.0081,1,fwd,-60.0,12.2,5.528,5.4,5.4,8.0,0.0,-0.0,34.0,-77.658,-60.0,-75.96,-72.0,9.0,4.392,33.0,-99.716,-100.0,-100.0,16.0,0.0,-0.0,33.0,-65.467,-65.0,-65.0,-24.0,0.0,-0.0,41.0,-95.017,-95.017,-95.017,0.0,0.0,-0.0,33.0,-69.756,-70.244,-70.244,8.0,0.0,-0.0,34.0,-33.196,-33.196,-33.196,0.0,0.0,-0.0,34.0
7.0616,1,fwd,-60.0,12.2,5.528,5.4,5.4,8.0,0.0,-0.0,34.0,-77.658,-60.0,-75.727,-64.0,8.0,4.392,33.0,-99.716,-100.0,-100.0,16.0,0.0,-0.0,33.0,-65.467,-65.0,-65.0,-24.0,0.0,-0.0,42.0,-95.017,-95.017,-95.017,0.0,0.0,-0.0,33.0,-69.756,-70.244,-70.244,8.0,0.0,-0.0,34.0,-33.196,-33.196,-33.196,0.0,0.0,-0.0,34.0
7.1149,1,fwd,-60.0,12.2,5.528,5.4,5.4,8.0,0.0,-0.0,34.0,-77.477,-60.0,-75.502,-64.0,8.0,2.773,33.0,-99.716,-100.0,-100.0,16.0,0.0,-0.0,33.0,-65.467,-65.0,-65.0,-24.0,0.0,-0.0,42.0,-95.017,-95.017,-95.017,0.0,0.0,-0.0,33.0,-69.756,-70.244,-70.244,8.0,0.0,-0.0,34.0,-33.196,-33.196,-33.196,0.0,0.0,-0.0,34.0
7.1685,1,fwd,-60.0,12.2,5.528,5.4,5.4,8.0,0.0,-0.0,34.0,-77.297,-60.0,-75.277,-64.0,8.0,2.639,33.0,-99.716,-100.0,-100.0,16.0,0.0,-0.0,33.0,-65.467,-65.0,-65.0,-24.0,0.0,-0.0,42.0,-95.017,-95.017,-95.017,0.0,0.0,-0.0,33.0,-69.756,-70.244,-70.244,8.0,0.0,-0.0,34.0,-33.196,-33.196,-33.196,0.0,0.0,-0.0,34.0
7.2214,1,fwd,-60.0,12.2,5.528,5.4,5.4,8.0,0.0,-0.0,34.0,-77.117,-60.0,-75.168,-64.0,8.0,2.693,33.0,-99.716,-100.0,-100.0,16.0,0.0,-0.0,33.0,-65.467,-65.0,-65.0,-24.0,0.0,-0.0,42.0,-95.017,-95.017,-95.017,0.0,0.0,-0.0,33.0,-69.756,-70.244,-70.244,8.0,0.0,-0.0,34.0,-33.196,-33.196,-33.196,0.0,0.0,-0.0,34.0
7.2752,1,fwd,-60.0,12.2,5.528,5.4,5.4,8.0,0.0,-0.0,34.0,-76.937,-60.0,-74.944,-64.0,8.0,2.592,33.0,-99.716,-100.0,-100.0,16.0,0.0,-0.0,33.0,-65.467,-65.0,-65.0,-24.0,0.0,-0.0,42.0,-95.017,-95.017,-95.017,0.0,0.0,-0.0,33.0,-69.756,-70.244,-70.244,8.0,0.0,-0.0,34.0,-33.196,-33.196,-33.196,0.0,0.0,-0.0,34.0
7.3282,1,fwd,-60.0,12.2,5.528,5.4,5.4,8.0,0.0,-0.0,34.0,-76.577,-60.0,-74.731,-64.0,8.0,4.699,33.0,-99.716,-100.0,-100.0,16.0,0.0,-0.0,33.0,-65.467,-65.0,-65.0,-24.0,0.0,-0.0,42.0,-95.017,-95.017,-95.017,0.0,0.0,-0.0,33.0,-69.756,-70.244,-70.244,8.0,0.0,-0.0,34.0,-33.196,-33.196,-33.196,0.0,0.0,-0.0,34.0
7.3811,1,fwd,-60.0,12.2,5.528,5.4,5.4,8.0,0.0,-0.0,34.0,-76.396,-60.0,-74.517,-64.0,8.0,3.727,33.0,-99.716,-100.0,-100.0,16.0,0.0,-0.0,33.0,-65.467,-65.0,-65.0,-24.0,0.0,-0.0,42.0,-95.017,-95.017,-95.017,0.0,0.0,-0.0,33.0,-69.756,-70.244,-70.244,8.0,0.0,-0.0,34.0,-33.196,-33.196,-33.196,0.0,0.0,-0.0,34.0
7.4344,1,fwd,-60.0,12.2,5.528,5.4,5.4,8.0,0.0,-0.0,34.0,-76.216,-60.0,-74.302,-64.0,8.0,3.861,33.0,-99.716,-100.0,-100.0,16.0,0.0,-0.0,33.0,-65.467,-65.0,-65.0,-24.0,0.0,-0.0,42.0,-95.017,-95.017,-95.017,0.0,0.0,-0.0,33.0,-69.756,-70.244,-70.244,8.0,0.0,-0.0,34.0,-33.196,-33.196,-33.196,0.0,0.0,-0.0,34.0
7.4877,1,fwd,-60.0,12.2,5.528,5.4,5.4,8.0,0.0,-0.0,34.0,-76.036,-60.0,-74.086,-64.0,8.0,3.863,33.0,-99.716,-100.0,-100.0,16.0,0.0,-0.0,33.0,-65.467,-65.0,-65.0,-24.0,0.0,-0.0,42.0,-95.017,-95.017,-95.017,0.0,0.0,-0.0,33.0,-69.756,-70.244,-70.244,8.0,0.0,-0.0,34.0,-33.196,-33.196,-33.196,0.0,0.0,-0.0,34.0
7.5414,1,fwd,-60.0,12.2,5.528,5.4,5.4,8.0,0.0,-0.0,34.0,-75.856,-60.0,-73.872,-64.0,8.0,3.932,33.0,-99.716,-100.0,-100.0,16.0,0.0,-0.0,33.0,-65.467,-65.0,-65.0,-24.0,0.0,-0.0,42.0,-95.017,-95.017,-95.017,0.0,0.0,-0.0,33.0,-69.756,-70.244,-70.244,8.0,0.0,-0.0,34.0,-33.196,-33.196,-33.196,0.0,0.0,-0.0,34.0
7.5944,1,fwd,-60.0,12.2,5.528,5.4,5.4,8.0,0.0,-0.0,34.0,-75.676,-60.0,-73.66,-64.0,8.0,3.944,33.0,-99.716,-100.0,-100.0,16.0,0.0,-0.0,33.0,-65.467,-65.0,-65.0,-24.0,0.0,-0.0,42.0,-95.017,-95.017,-95.017,0.0,0.0,-0.0,33.0,-69.756,-70.244,-70.244,8.0,0.0,-0.0,34.0,-33.196,-33.196,-33.196,0.0,0.0,-0.0,34.0
7.6478,1,fwd,-60.0,12.2,5.528,5.4,5.4,8.0,0.0,-0.0,34.0,-75.315,-60.0,-73.42,-68.0,12.0,4.563,33.0,-99.716,-100.0,-100.0,16.0,0.0,-0.0,33.0,-65.467,-65.0,-65.0,-24.0,1.0,-0.0,42.0,-95.017,-95.017,-95.017,0.0,0.0,-0.0,33.0,-69.756,-70.244,-70.244,8.0,0.0,-0.0,34.0,-33.196,-33.196,-33.196,0.0,0.0,-0.0,34.0
7.7013,1,fwd,-60.0,12.2,5.528,5.4,5.4,8.0,0.0,-0.0,34.0,-75.315,-60.0,-73.207,-68.0,12.0,2.236,33.0,-99.716,-100.0,-100.0,16.0,0.0,-0.0,33.0,-65.467,-65.0,-65.0,-24.0,1.0,-0.0,42.0,-95.017,-95.017,-95.017,0.0,0.0,-0.0,33.0,-69.756,-70.244,-70.244,8.0,0.0,-0.0,34.0,-33.196,-33.196,-33.196,0.0,0.0,-0.0,34.0
7.7544,1,fwd,-60.0,12.2,5.528,5.4,5.4,8.0,0.0,-0.0,34.0,-75.135,-60.0,-72.991,-68.0,12.0,2.5,33.0,-99.716,-100.0,-100.0,16.0,0.0,-0.0,33.0,-65.467,-65.0,-65.0,-24.0,1.0,-0.0,42.0,-95.017,-95.017,-95.017,0.0,0.0,-0.0,33.0,-69.756,-70.244,-70.244,8.0,0.0,-0.0,34.0,-33.196,-33.196,-33.196,0.0,0.0,-0.0,34.0
7.8075,1,fwd,-60.0,12.2,5.528,5.4,5.4,8.0,0.0,-0.0,34.0,-74.775,-60.0,-72.775,-68.0,12.0,4.682,33.0,-99.716,-100.0,-100.0,16.0,0.0,-0.0,33.0,-65.467,-65.0,-65.0,-24.0,1.0,-0.0,42.0,-95.017,-95.017,-95.017,0.0,0.0,-0.0,33.0,-69.756,-70.244,-70.244,8.0,0.0,-0.0,34.0,-33.196,-33.196,-33.196,0.0,0.0,-0.0,34.0
7.8605,1,fwd,-60.0,12.2,5.528,5.4,5.4,8.0,0.0,-0.0,34.0,-74.414,-60.0,-72.563,-68.0,12.0,5.756,33.0,-99.716,-100.0,-100.0,16.0,0.0,-0.0,33.0,-65.467,-65.0,-65.0,-24.0,1.0,-0.0,42.0,-95.017,-95.017,-95.017,0.0,0.0,-0.0,33.0,-69.756,-70.244,-70.244,8.0,0.0,-0.0,34.0,-33.196,-33.196,-33.196,0.0,0.0,-0.0,34.0
7.9132,1,fwd,-60.0,12.2,5.528,5.4,5.4,8.0,0.0,-0.0,34.0,-74.234,-60.0,-72.351,-68.0,12.0,4.811,33.0,-99.716,-100.0,-100.0,16.0,0.0,-0.0,33.0,-65.467,-65.0,-65.0,-24.0,1.0,-0.0,42.0,-95.017,-95.017,-95.017,0.0,0.0,-0.0,33.0,-69.756,-70.244,-70.244,8.0,0.0,-0.0,34.0,-33.196,-33.196,-33.196,0.0,0.0,-0.0,34.0
7.9671,1,fwd,-60.0,12.2,5.528,5.4,5.4,8.0,0.0,-0.0,34.0,-74.234,-60.0,-72.136,-68.0,12.0,2.358,33.0,-99.716,-100.0,-100.0,16.0,0.0,-0.0,33.0,-65.467,-65.0,-65.0,-24.0,1.0,-0.0,42.0,-95.017,-95.017,-95.017,0.0,0.0,-0.0,33.0,-69.756,-70.244,-70.244,8.0,0.0,-0.0,34.0,-33.196,-33.196,-33.196,0.0,0.0,-0.0,34.0
8.0188,1,fwd,-60.0,12.2,5.528,5.4,5.4,8.0,0.0,-0.0,34.0,-73.874,-60.0,-71.922,-68.0,12.0,4.603,33.0,-99.716,-100.0,-100.0,16.0,0.0,-0.0,33.0,-65.467,-65.0,-65.0,-24.0,1.0,-0.0,42.0,-95.017,-95.017,-95.017,0.0,0.0,-0.0,33.0,-69.756,-70.244,-70.244,8.0,0.0,-0.0,34.0,-33.196,-33.196,-33.196,0.0,0.0,-0.0,34.0
8.0717,1,fwd,-60.0,12.2,5.528,5.4,5.4,8.0,0.0,-0.0,34.0,-73.694,-60.0,-71.707,-68.0,12.0,4.279,33.0,-99.716,-100.0,-100.0,16.0,0.0,-0.0,33.0,-65.467,-65.0,-65.0,-24.0,1.0,-0.0,42.0,-95.017,-95.017,-95.017,0.0,0.0,-0.0,33.0,-69.756,-70.244,-70.244,8.0,0.0,-0.0,34.0,-33.196,-33.196,-33.196,0.0,0.0,-0.0,34.0
8.1242,1,fwd,-60.0,12.2,5.528,5.4,5.4,8.0,0.0,-0.0,34.0,-73.514,-60.0,-71.492,-68.0,12.0,3.503,33.0,-99.716,-100.0,-100.0,16.0,0.0,-0.0,33.0,-65.467,-65.0,-65.0,-24.0,1.0,-0.0,42.0,-95.017,-95.017,-95.017,0.0,0.0,-0.0,33.0,-69.756,-70.244,-70.244,8.0,0.0,-0.0,34.0,-33.196,-33.196,-33.196,0.0,0.0,-0.0,34.0
8.1771,1,fwd,-60.0,12.2,5.528,5.4,5.4,8.0,0.0,-0.0,34.0,-73.333,-60.0,-71.385,-68.0,12.0,4.47,33.0,-99.716,-100.0,-100.0,16.0,0.0,-0.0,33.0,-65.467,-65.0,-65.0,-24.0,1.0,-0.0,42.0,-95.017,-95.017,-95.017,0.0,0.0,-0.0,33.0,-69.756,-70.244,-70.244,8.0,0.0,-0.0,34.0,-33.196,-33.196,-33.196,0.0,0.0,-0.0,34.0
8.2304,1,fwd,-60.0,12.2,5.528,5.4,5.4,8.0,0.0,-0.0,34.0,-73.153,-60.0,-71.054,-80.0,9.0,2.864,33.0,-99.716,-100.0,-100.0,16.0,0.0,-0.0,33.0,-65.467,-65.0,-65.0,-24.0,1.0,-0.0,42.0,-95.017,-95.017,-95.017,0.0,0.0,-0.0,33.0,-69.756,-70.244,-70.244,8.0,0.0,-0.0,34.0,-33.196,-33.196,-33.196,0.0,0.0,-0.0,34.0
8.2833,1,fwd,-60.0,12.2,5.528,5.4,5.4,8.0,0.0,-0.0,34.0,-73.153,-60.0,-70.84,-80.0,9.0,2.005,33.0,-99.716,-100.0,-100.0,16.0,0.0,-0.0,33.0,-65.467,-65.0,-65.0,-24.0,1.0,-0.0,42.0,-95.017,-95.017,-95.017,0.0,0.0,-0.0,33.0,-69.756,-70.244,-70.244,8.0,0.0,-0.0,34.0,-33.196,-33.196,-33.196,0.0,0.0,-0.0,34.0
8.3365,1,fwd,-60.0,12.2,5.528,5.4,5.4,8.0,0.0,-0.0,34.0,-72.793,-60.0,-70.613,-80.0,9.0,4.252,33.0,-99.716,-100.0,-100.0,16.0,0.0,-0.0,33.0,-65.467,-65.0,-65.0,-24.0,1.0,-0.0,42.0,-95.017,-95.017,-95.017,0.0,0.0,-0.0,33.0,-69.756,-70.244,-70.244,8.0,0.0,-0.0,34.0,-33.196,-33.196,-33.196,0.0,0.0,-0.0,34.0
8.389,1,fwd,-60.0,12.2,5.528,5.4,5.4,8.0,0.0,-0.0,34.0,-72.613,-60.0,-70.498,-80.0,9.0,4.128,33.0,-99.716,-100.0,-100.0,16.0,0.0,-0.0,33.0,-65.467,-65.0,-65.0,-24.0,1.0,-0.0,42.0,-95.017,-95.017,-95.017,0.0,0.0,-0.0,33.0,-69.756,-70.244,-70.244,8.0,0.0,-0.0,34.0,-33.196,-33.196,-33.196,0.0,0.0,-0.0,34.0
8.4426,1,fwd,-60.0,12.2,5.528,5.4,5.4,8.0,0.0,-0.0,34.0,-72.432,-60.0,-70.274,-80.0,9.0,3.306,33.0,-99.716,-100.0,-100.0,16.0,0.0,-0.0,33.0,-65.467,-65.0,-65.0,-24.0,1.0,-0.0,42.0,-95.017,-95.017,-95.017,0.0,0.0,-0.0,33.0,-69.756,-70.244,-70.244,8.0,0.0,-0.0,34.0,-33.196,-33.196,-33.196,0.0,0.0,-0.0,34.0
8.4951,1,fwd,-60.0,12.2,5.528,5.4,5.4,8.0,0.0,-0.0,34.0,-72.252,-60.0,-70.059,-80.0,9.0,3.013,33.0,-99.716,-100.0,-100.0,16.0,0.0,-0.0,33.0,-65.467,-65.0,-65.0,-24.0,1.0,-0.0,42.0,-95.017,-95.017,-95.017,0.0,0.0,-0.0,33.0,-69.756,-70.244,-70.244,8.0,0.0,-0.0,34.0,-33.196,-33.196,-33.196,0.0,0.0,-0.0,34.0
8.547,1,fwd,-60.0,12.2,5.528,5.4,5.4,8.0,0.0,-0.0,34.0,-72.072,-60.0,-69.846,-80.0,9.0,3.486,33.0,-99.716,-100.0,-100.0,16.0,0.0,-0.0,33.0,-65.467,-65.0,-65.0,-24.0,1.0,-0.0,42.0,-95.017,-95.017,-95.017,0.0,0.0,-0.0,33.0,-69.756,-70.244,-70.244,8.0,0.0,-0.0,34.0,-33.196,-33.196,-33.196,0.0,0.0,-0.0,34.0
8.6004,1,fwd,-60.0,12.2,5.528,5.4,5.4,8.0,0.0,-0.0,34.0,-71.892,-60.0,-69.631,-80.0,9.0,3.716,33.0,-99.716,-100.0,-100.0,16.0,0.0,-0.0,33.0,-65.467,-65.0,-65.0,-24.0,1.0,-0.0,42.0,-95.017,-95.017,-95.017,0.0,0.0,-0.0,33.0,-69.756,-70.244,-70.244,8.0,0.0,-0.0,34.0,-33.196,-33.196,-33.196,0.0,0.0,-0.0,34.0
8.6536,1,fwd,-60.0,12.2,5.528,5.4,5.4,8.0,0.0,-0.0,34.0,-71.712,-60.0,-69.416,-80.0,9.0,3.233,33.0,-99.716,-100.0,-100.0,16.0,0.0,-0.0,33.0,-65.467,-65.0,-65.0,-24.0,1.0,-0.0,42.0,-95.017,-95.017,-95.017,0.0,0.0,-0.0,33.0,-69.756,-70.244,-70.244,8.0,0.0,-0.0,34.0,-33.196,-33.196,-33.196,0.0,0.0,-0.0,34.0
8.7062,1,fwd,-60.0,12.2,5.528,5.4,5.4,8.0,0.0,-0.0,34.0,-71.351,-60.0,-69.202,-80.0,9.0,5.017,33.0,-99.716,-100.0,-100.0,16.0,0.0,-0.0,33.0,-65.467,-65.0,-65.0,-24.0,1.0,-0.0,42.0,-95.017,-95.017,-95.017,0.0,0.0,-0.0,33.0,-69.756,-70.244,-70.244,8.0,0.0,-0.0,34.0,-33.196,-33.196,-33.196,0.0,0.0,-0.0,34.0
8.7595,1,fwd,-60.0,12.2,5.528,5.4,5.4,8.0,0.0,-0.0,34.0,-71.351,-60.0,-69.094,-88.0,14.0,3.512,33.0,-99.716,-100.0,-100.0,16.0,0.0,-0.0,33.0,-65.467,-65.0,-65.0,-24.0,0.0,-0.0,42.0,-95.017,-95.017,-95.017,0.0,0.0,-0.0,33.0,-69.756,-70.244,-70.244,8.0,0.0,-0.0,34.0,-33.196,-33.196,-33.196,0.0,0.0,-0.0,34.0
8.8125,1,fwd,-60.0,12.2,5.528,5.4,5.4,8.0,0.0,-0.0,34.0,-71.171,-60.0,-68.761,-88.0,14.0,2.388,33.0,-99.716,-100.0,-100.0,16.0,0.0,-0.0,33.0,-65.467,-65.0,-65.0,-24.0,0.0,-0.0,42.0,-95.017,-95.017,-95.017,0.0,0.0,-0.0,33.0,-69.756,-70.244,-70.244,8.0,0.0,-0.0,34.0,-33.196,-33.196,-33.196,0.0,0.0,-0.0,34.0
8.8659,1,fwd,-60.0,12.2,5.528,5.4,5.4,8.0,0.0,-0.0,34.0,-70.991,-60.0,-68.543,-88.0,14.0,2.534,33.0,-99.716,-100.0,-100.0,16.0,0.0,-0.0,33.0,-65.467,-65.0,-65.0,-24.0,0.0,-0.0,42.0,-95.017,-95.017,-95.017,0.0,0.0,-0.0,33.0,-69.756,-70.244,-70.244,8.0,0.0,-0.0,34.0,-33.196,-33.196,-33.196,0.0,0.0,-0.0,34.0
8.9197,1,fwd,-60.0,12.2,5.528,5.4,5.4,8.0,0.0,-0.0,34.0,-70.631,-60.0,-68.329,-88.0,14.0,4.693,33.0,-99.716,-100.0,-100.0,16.0,0.0,-0.0,33.0,-65.467,-65.0,-65.0,-24.0,0.0,-0.0,42.0,-95.017,-95.017,-95.017,0.0,0.0,-0.0,33.0,-69.756,-70.244,-70.244,8.0,0.0,-0.0,34.0,-33.196,-33.196,-33.196,0.0,0.0,-0.0,34.0
8.9736,1,fwd,-60.0,12.2,5.528,5.4,5.4,8.0,0.0,-0.0,34.0,-70.27,-60.0,-68.116,-88.0,14.0,5.148,33.0,-99.716,-100.0,-100.0,16.0,0.0,-0.0,33.0,-65.467,-65.0,-65.0,-24.0,0.0,-0.0,42.0,-95.017,-95.017,-95.017,0.0,0.0,-0.0,33.0,-69.756,-70.244,-70.244,8.0,0.0,-0.0,34.0,-33.196,-33.196,-33.196,0.0,0.0,-0.0,34.0
9.0271,1,fwd,-60.0,12.2,5.528,5.4,5.4,8.0,0.0,-0.0,34.0,-70.09,-60.0,-67.903,-88.0,14.0,3.942,33.0,-99.716,-100.0,-100.0,16.0,0.0,-0.0,33.0,-65.467,-65.0,-65.0,-24.0,0.0,-0.0,42.0,-95.017,-95.017,-95.017,0.0,0.0,-0.0,33.0,-69.756,-70.244,-70.244,8.0,0.0,-0.0,34.0,-33.196,-33.196,-33.196,0.0,0.0,-0.0,34.0
9.0805,1,fwd,-60.0,12.2,5.528,5.4,5.4,8.0,0.0,-0.0,34.0,-69.91,-60.0,-67.686,-88.0,14.0,3.924,33.0,-99.716,-100.0,-100.0,16.0,0.0,-0.0,33.0,-65.467,-65.0,-65.0,-24.0,0.0,-0.0,42.0,-95.017,-95.017,-95.017,0.0,0.0,-0.0,33.0,-69.756,-70.244,-70.244,8.0,0.0,-0.0,34.0,-33.196,-33.196,-33.196,0.0,0.0,-0.0,34.0
9.1328,1,fwd,-60.0,12.2,5.528,5.4,5.4,8.0,0.0,-0.0,34.0,-69.73,-60.0,-67.471,-88.0,14.0,3.948,33.0,-99.716,-100.0,-100.0,16.0,0.0,-0.0,33.0,-65.467,-65.0,-65.0,-24.0,0.0,-0.0,42.0,-95.017,-95.017,-95.017,0.0,0.0,-0.0,33.0,-69.756,-70.244,-70.244,8.0,0.0,-0.0,34.0,-33.196,-33.196,-33.196,0.0,0.0,-0.0,34.0
9.1862,1,fwd,-60.0,12.2,5.528,5.4,5.4,8.0,0.0,-0.0,34.0,-69.55,-60.0,-67.259,-88.0,14.0,3.358,33.0,-99.716,-100.0,-100.0,16.0,0.0,-0.0,33.0,-65.467,-65.0,-65.0,-24.0,0.0,-0.0,42.0,-95.017,-95.017,-95.017,0.0,0.0,-0.0,33.0,-69.756,-70.244,-70.244,8.0,0.0,-0.0,34.0,-33.196,-33.196,-33.196,0.0,0.0,-0.0,34.0
9.2392,1,fwd,-60.0,12.2,5.528,5.4,5.4,8.0,0.0,-0.0,34.0,-69.369,-60.0,-67.042,-88.0,14.0,3.044,33.0,-99.716,-100.0,-100.0,16.0,0.0,-0.0,33.0,-65.467,-65.0,-65.0,-24.0,0.0,-0.0,42.0,-95.017,-95.017,-95.017,0.0,0.0,-0.0,33.0,-69.756,-70.244,-70.244,8.0,0.0,-0.0,34.0,-33.196,-33.196,-33.196,0.0,0.0,-0.0,34.0
9.2919,1,fwd,-60.0,12.2,5.528,5.4,5.4,8.0,0.0,-0.0,34.0,-69.189,-60.0,-66.826,-88.0,14.0,2.871,33.0,-99.716,-100.0,-100.0,16.0,0.0,-0.0,33.0,-65.467,-65.0,-65.0,-24.0,0.0,-0.0,42.0,-95.017,-95.017,-95.017,0.0,0.0,-0.0,33.0,-69.756,-70.244,-70.244,8.0,0.0,-0.0,34.0,-33.196,-33.196,-33.196,0.0,0.0,-0.0,34.0
9.3451,1,fwd,-60.0,12.2,5.528,5.4,5.4,8.0,0.0,-0.0,34.0,-69.189,-60.0,-66.592,-84.0,14.0,2.871,33.0,-99.716,-100.0,-100.0,16.0,0.0,-0.0,33.0,-65.467,-65.0,-65.0,-24.0,1.0,-0.0,41.0,-95.017,-95.017,-95.017,0.0,0.0,-0.0,33.0,-69.756,-70.244,-70.244,8.0,0.0,-0.0,34.0,-33.196,-33.196,-33.196,0.0,0.0,-0.0,34.0
9.3985,1,fwd,-60.0,12.2,5.528,5.4,5.4,8.0,0.0,-0.0,34.0,-68.829,-60.0,-66.367,-84.0,14.0,2.649,33.0,-99.716,-100.0,-100.0,16.0,0.0,-0.0,33.0,-65.467,-65.0,-65.0,-24.0,1.0,-0.0,41.0,-95.017,-95.017,-95.017,0.0,0.0,-0.0,33.0,-69.756,-70.244,-70.244,8.0,0.0,-0.0,34.0,-33.196,-33.196,-33.196,0.0,0.0,-0.0,34.0
9.4517,1,fwd,-60.0,12.2,5.528,5.4,5.4,8.0,0.0,-0.0,34.0,-68.468,-60.0,-66.144,-84.0,14.0,4.623,33.0,-99.716,-100.0,-100.0,16.0,0.0,-0.0,33.0,-65.467,-65.0,-65.0,-24.0,1.0,-0.0,41.0,-95.017,-95.017,-95.017,0.0,0.0,-0.0,33.0,-69.756,-70.244,-70.244,8.0,0.0,-0.0,34.0,-33.196,-33.196,-33.196,0.0,0.0,-0.0,34.0
9.5056,1,fwd,-60.0,12.2,5.528,5.4,5.4,8.0,0.0,-0.0,34.0,-68.288,-60.0,-66.024,-84.0,14.0,4.289,33.0,-99.716,-100.0,-100.0,16.0,0.0,-0.0,33.0,-65.467,-65.0,-65.0,-24.0,1.0,-0.0,41.0,-95.017,-95.017,-95.017,0.0,0.0,-0.0,33.0,-69.756,-70.244,-70.244,8.0,0.0,-0.0,34.0,-33.196,-33.196,-33.196,0.0,0.0,-0.0,34.0
9.558,1,fwd,-60.0,12.2,5.528,5.4,5.4,8.0,0.0,-0.0,34.0,-68.108,-60.0,-65.808,-84.0,14.0,4.122,33.0,-99.716,-100.0,-100.0,16.0,0.0,-0.0,33.0,-65.467,-65.0,-65.0,-24.0,1.0,-0.0,41.0,-95.017,-95.017,-95.017,0.0,0.0,-0.0,33.0,-69.756,-70.244,-70.244,8.0,0.0,-0.0,34.0,-33.196,-33.196,-33.196,0.0,0.0,-0.0,34.0
9.6113,1,fwd,-60.0,12.2,5.528,5.4,5.4,8.0,0.0,-0.0,34.0,-68.108,-60.0,-65.595,-84.0,14.0,2.02,33.0,-99.716,-100.0,-100.0,16.0,0.0,-0.0,33.0,-65.467,-65.0,-65.0,-24.0,1.0,-0.0,41.0,-95.017,-95.017,-95.017,0.0,0.0,-0.0,33.0,-69.756,-70.244,-70.244,8.0,0.0,-0.0,34.0,-33.196,-33.196,-33.196,0.0,0.0,-0.0,34.0
9.6668,1,fwd,-60.0,12.2,5.528,5.4,5.4,8.0,0.0,-0.0,34.0,-67.928,-60.0,-65.381,-84.0,14.0,2.406,33.0,-99.716,-100.0,-100.0,16.0,0.0,-0.0,33.0,-65.467,-65.0,-65.0,-24.0,1.0,-0.0,41.0,-95.017,-95.017,-95.017,0.0,0.0,-0.0,33.0,-69.756,-70.244,-70.244,8.0,0.0,-0.0,34.0,-33.196,-33.196,-33.196,0.0,0.0,-0.0,34.0
9.7235,1,fwd,-60.0,12.2,5.528,5.4,5.4,8.0,0.0,-0.0,34.0,-67.568,-60.0,-65.153,-84.0,14.0,4.46,33.0,-99.716,-100.0,-100.0,16.0,0.0,-0.0,33.0,-65.467,-65.0,-65.0,-24.0,1.0,-0.0,41.0,-95.017,-95.017,-95.017,0.0,0.0,-0.0,33.0,-69.756,-70.244,-70.244,8.0,0.0,-0.0,34.0,-33.196,-33.196,-33.196,0.0,0.0,-0.0,34.0
9.776,1,fwd,-60.0,12.2,5.528,5.4,5.4,8.0,0.0,-0.0,34.0,-67.387,-60.0,-64.936,-84.0,14.0,3.553,33.0,-99.716,-100.0,-100.0,16.0,0.0,-0.0,33.0,-65.467,-65.0,-65.0,-24.0,1.0,-0.0,41.0,-95.017,-95.017,-95.017,0.0,0.0,-0.0,33.0,-69.756,-70.244,-70.244,8.0,0.0,-0.0,34.0,-33.196,-33.196,-33.196,0.0,0.0,-0.0,34.0
9.8293,1,fwd,-60.0,12.2,5.528,5.4,5.4,8.0,0.0,-0.0,34.0,-67.207,-60.0,-64.716,-84.0,14.0,3.162,33.0,-99.716,-100.0,-100.0,16.0,0.0,-0.0,33.0,-65.467,-65.0,-65.0,-24.0,1.0,-0.0,41.0,-95.017,-95.017,-95.017,0.0,0.0,-0.0,33.0,-69.756,-70.244,-70.244,8.0,0.0,-0.0,34.0,-33.196,-33.196,-33.196,0.0,0.0,-0.0,34.0
9.8825,1,fwd,-60.0,12.2,5.528,5.4,5.4,8.0,0.0,-0.0,34.0,-67.027,-60.0,-64.502,-84.0,14.0,3.58,33.0,-99.716,-100.0,-100.0,16.0,0.0,-0.0,33.0,-65.467,-65.0,-65.0,-24.0,1.0,-0.0,41.0,-95.017,-95.017,-95.017,0.0,0.0,-0.0,33.0,-69.756,-70.244,-70.244,8.0,0.0,-0.0,34.0,-33.196,-33.196,-33.196,0.0,0.0,-0.0,34.0
9.9355,1,fwd,-60.0,12.2,5.528,5.4,5.4,8.0,0.0,-0.0,34.0,-66.847,-60.0,-64.268,-104.0,24.0,3.425,33.0,-99.716,-100.0,-100.0,16.0,0.0,-0.0,33.0,-65.467,-65.0,-65.0,-24.0,1.0,-0.0,42.0,-95.017,-95.017,-95.017,0.0,0.0,-0.0,33.0,-69.756,-70.244,-70.244,8.0,0.0,-0.0,34.0,-33.196,-33.196,-33.196,0.0,0.0,-0.0,34.0
9.9894,1,fwd,-60.0,12.2,5.528,5.4,5.4,8.0,0.0,-0.0,34.0,-66.667,-60.0,-64.054,-104.0,24.0,3.687,33.0,-99.716,-100.0,-100.0,16.0,0.0,-0.0,33.0,-65.467,-65.0,-65.0,-24.0,1.0,-0.0,42.0,-95.017,-95.017,-95.017,0.0,0.0,-0.0,33.0,-69.756,-70.244,-70.244,8.0,0.0,-0.0,34.0,-33.196,-33.196,-33.196,0.0,0.0,-0.0,34.0
10.0424,1,fwd,-60.0,12.2,5.528,5.4,5.4,8.0,0.0,-0.0,34.0,-66.486,-60.0,-63.84,-104.0,24.0,3.222,33.0,-99.716,-100.0,-100.0,16.0,0.0,-0.0,33.0,-65.467,-65.0,-65.0,-24.0,1.0,-0.0,42.0,-95.017,-95.017,-95.017,0.0,0.0,-0.0,33.0,-69.756,-70.244,-70.244,8.0,0.0,-0.0,34.0,-33.196,-33.196,-33.196,0.0,0.0,-0.0,34.0
10.0951,1,fwd,-60.0,12.2,5.528,5.4,5.4,8.0,0.0,-0.0,34.0,-66.126,-60.0,-63.624,-104.0,24.0,4.359,33.0,-99.716,-100.0,-100.0,16.0,0.0,-0.0,33.0,-65.467,-65.0,-65.0,-24.0,1.0,-0.0,42.0,-95.017,-95.017,-95.017,0.0,0.0,-0.0,33.0,-69.756,-70.244,-70.244,8.0,0.0,-0.0,34.0,-33.196,-33.196,-33.196,0.0,0.0,-0.0,34.0
10.1481,1,fwd,-60.0,12.2,5.528,5.4,5.4,8.0,0.0,-0.0,34.0,-65.946,-60.0,-63.409,-104.0,24.0,3.539,33.0,-99.716,-100.0,-100.0,16.0,0.0,-0.0,33.0,-65.467,-65.0,-65.0,-24.0,1.0,-0.0,42.0,-95.017,-95.017,-95.017,0.0,0.0,-0.0,33.0,-69.756,-70.244,-70.244,8.0,0.0,-0.0,34.0,-33.196,-33.196,-33.196,0.0,0.0,-0.0,34.0
10.2018,1,fwd,-60.0,12.2,5.528,5.4,5.4,8.0,0.0,-0.0,34.0,-65.586,-60.0,-63.196,-104.0,24.0,5.186,33.0,-99.716,-100.0,-100.0,16.0,0.0,-0.0,33.0,-65.467,-65.0,-65.0,-24.0,1.0,-0.0,42.0,-95.017,-95.017,-95.017,0.0,0.0,-0.0,33.0,-69.756,-70.244,-70.244,8.0,0.0,-0.0,34.0,-33.196,-33.196,-33.196,0.0,0.0,-0.0,34.0
10.2552,1,fwd,-60.0,12.2,5.528,5.4,5.4,8.0,0.0,-0.0,34.0,-65.405,-60.0,-62.983,-104.0,24.0,4.566,33.0,-99.716,-100.0,-100.0,16.0,0.0,-0.0,33.0,-65.467,-65.0,-65.0,-24.0,1.0,-0.0,42.0,-95.017,-95.017,-95.017,0.0,0.0,-0.0,33.0,-69.756,-70.244,-70.244,8.0,0.0,-0.0,34.0,-33.196,-33.196,-33.196,0.0,0.0,-0.0,34.0
10.3085,1,fwd,-60.0,12.2,5.528,5.4,5.4,8.0,0.0,-0.0,34.0,-65.225,-60.0,-62.769,-104.0,24.0,4.274,33.0,-99.716,-100.0,-100.0,16.0,0.0,-0.0,33.0,-65.467,-65.0,-65.0,-24.0,1.0,-0.0,42.0,-95.017,-95.017,-95.017,0.0,0.0,-0.0,33.0,-69.756,-70.244,-70.244,8.0,0.0,-0.0,34.0,-33.196,-33.196,-33.196,0.0,0.0,-0.0,34.0
10.3618,1,fwd,-60.0,12.2,5.528,5.4,5.4,8.0,0.0,-0.0,34.0,-65.045,-60.0,-62.556,-104.0,24.0,3.505,33.0,-99.716,-100.0,-100.0,16.0,0.0,-0.0,33.0,-65.467,-65.0,-65.0,-24.0,1.0,-0.0,42.0,-95.017,-95.017,-95.017,0.0,0.0,-0.0,33.0,-69.756,-70.244,-70.244,8.0,0.0,-0.0,34.0,-33.196,-33.196,-33.196,0.0,0.0,-0.0,34.0
10.4138,1,fwd,-60.0,12.2,5.528,5.4,5.4,8.0,0.0,-0.0,34.0,-64.865,-60.0,-62.343,-104.0,24.0,3.14,33.0,-99.716,-100.0,-100.0,16.0,0.0,-0.0,33.0,-65.467,-65.0,-65.0,-24.0,1.0,-0.0,42.0,-95.017,-95.017,-95.017,0.0,0.0,-0.0,33.0,-69.756,-70.244,-70.244,8.0,0.0,-0.0,34.0,-33.196,-33.196,-33.196,0.0,0.0,-0.0,34.0
10.4676,1,fwd,-60.0,12.2,5.528,5.4,5.4,8.0,0.0,-0.0,34.0,-64.865,-60.0,-62.235,-104.0,18.0,2.198,33.0,-99.716,-100.0,-100.0,16.0,1.0,-0.0,33.0,-65.467,-65.0,-65.0,-24.0,1.0,-0.0,42.0,-95.017,-95.017,-95.017,0.0,0.0,-0.0,33.0,-69.756,-70.244,-70.244,8.0,0.0,-0.0,34.0,-33.196,-33.196,-33.196,0.0,0.0,-0.0,34.0
10.5208,1,fwd,-60.0,12.2,5.528,5.4,5.4,8.0,0.0,-0.0,34.0,-64.685,-60.0,-61.9,-104.0,18.0,1.74,33.0,-99.716,-100.0,-100.0,16.0,1.0,-0.0,33.0,-65.467,-65.0,-65.0,-24.0,1.0,-0.0,42.0,-95.017,-95.017,-95.017,0.0,0.0,-0.0,33.0,-69.756,-70.244,-70.244,8.0,0.0,-0.0,34.0,-33.196,-33.196,-33.196,0.0,0.0,-0.0,34.0
10.5738,1,fwd,-60.0,12.2,5.528,5.4,5.4,8.0,0.0,-0.0,34.0,-64.324,-60.0,-61.686,-104.0,18.0,4.307,33.0,-99.716,-100.0,-100.0,16.0,1.0,-0.0,33.0,-65.467,-65.0,-65.0,-24.0,1.0,-0.0,42.0,-95.017,-95.017,-95.017,0.0,0.0,-0.0,33.0,-69.756,-70.244,-70.244,8.0,0.0,-0.0,34.0,-33.196,-33.196,-33.196,0.0,0.0,-0.0,34.0
10.6272,1,fwd,-60.0,12.2,5.528,5.4,5.4,8.0,0.0,-0.0,34.0,-64.144,-60.0,-61.474,-104.0,18.0,3.53,33.0,-99.716,-100.0,-100.0,16.0,1.0,-0.0,33.0,-65.467,-65.0,-65.0,-24.0,1.0,-0.0,42.0,-95.017,-95.017,-95.017,0.0,0.0,-0.0,33.0,-69.756,-70.244,-70.244,8.0,0.0,-0.0,34.0,-33.196,-33.196,-33.196,0.0,0.0,-0.0,34.0
10.6804,1,fwd,-60.0,12.2,5.528,5.4,5.4,8.0,0.0,-0.0,34.0,-63.964,-60.0,-61.26,-104.0,18.0,3.146,33.0,-99.716,-100.0,-100.0,16.0,1.0,-0.0,33.0,-65.467,-65.0,-65.0,-24.0,1.0,-0.0,42.0,-95.017,-95.017,-95.017,0.0,0.0,-0.0,33.0,-69.756,-70.244,-70.244,8.0,0.0,-0.0,34.0,-33.196,-33.196,-33.196,0.0,0.0,-0.0,34.0
10.7335,1,fwd,-60.0,12.2,5.528,5.4,5.4,8.0,0.0,-0.0,34.0,-63.784,-60.0,-61.043,-104.0,18.0,3.57,33.0,-99.716,-100.0,-100.0,16.0,1.0,-0.0,33.0,-65.467,-65.0,-65.0,-24.0,1.0,-0.0,42.0,-95.017,-95.017,-95.017,0.0,0.0,-0.0,33.0,-69.756,-70.244,-70.244,8.0,0.0,-0.0,34.0,-33.196,-33.196,-33.196,0.0,0.0,-0.0,34.0
10.7868,1,fwd,-60.0,12.2,5.528,5.4,5.4,8.0,0.0,-0.0,34.0,-63.784,-60.0,-60.828,-104.0,18.0,2.499,33.0,-99.716,-100.0,-100.0,16.0,1.0,-0.0,33.0,-65.467,-65.0,-65.0,-24.0,1.0,-0.0,42.0,-95.017,-95.017,-95.017,0.0,0.0,-0.0,33.0,-69.756,-70.244,-70.244,8.0,0.0,-0.0,34.0,-33.196,-33.196,-33.196,0.0,0.0,-0.0,34.0
10.8403,1,fwd,-60.0,12.2,5.528,5.4,5.4,8.0,0.0,-0.0,34.0,-63.423,-60.0,-60.601,-104.0,18.0,4.507,33.0,-99.716,-100.0,-100.0,16.0,1.0,-0.0,33.0,-65.467,-65.0,-65.0,-24.0,1.0,-0.0,42.0,-95.017,-95.017,-95.017,0.0,0.0,-0.0,33.0,-69.756,-70.244,-70.244,8.0,0.0,-0.0,34.0,-33.196,-33.196,-33.196,0.0,0.0,-0.0,34.0
10.8938,1,fwd,-60.0,12.2,5.528,5.4,5.4,8.0,0.0,-0.0,34.0,-63.243,-60.0,-60.376,-104.0,18.0,4.231,33.0,-99.716,-100.0,-100.0,16.0,1.0,-0.0,33.0,-65.467,-65.0,-65.0,-24.0,1.0,-0.0,42.0,-95.017,-95.017,-95.017,0.0,0.0,-0.0,33.0,-69.756,-70.244,-70.244,8.0,0.0,-0.0,34.0,-33.196,-33.196,-33.196,0.0,0.0,-0.0,34.0
10.946,1,fwd,-60.0,12.2,5.528,5.4,5.4,8.0,0.0,-0.0,34.0,-63.063,-60.0,-60.268,-104.0,18.0,4.104,33.0,-99.716,-100.0,-100.0,16.0,1.0,-0.0,33.0,-65.467,-65.0,-65.0,-24.0,1.0,-0.0,42.0,-95.017,-95.017,-95.017,0.0,0.0,-0.0,33.0,-69.756,-70.244,-70.244,8.0,0.0,-0.0,34.0,-33.196,-33.196,-33.196,0.0,0.0,-0.0,34.0
11.0006,1,fwd,-60.0,12.2,5.528,5.4,5.4,8.0,0.0,-0.0,34.0,-62.883,-60.0,-60.041,-104.0,18.0,4.03,33.0,-99.716,-100.0,-100.0,16.0,1.0,-0.0,33.0,-65.467,-65.0,-65.0,-24.0,1.0,-0.0,42.0,-95.017,-95.017,-95.017,0.0,0.0,-0.0,33.0,-69.756,-70.244,-70.244,8.0,0.0,-0.0,34.0,-33.196,-33.196,-33.196,0.0,0.0,-0.0,34.0
11.0535,1,hold_end,-60.0,12.1,5.528,5.4,5.4,8.0,0.0,-0.0,34.0,-62.883,-60.0,-60.0,-120.0,33.0,2.821,33.0,-99.716,-100.0,-100.0,16.0,1.0,-0.0,33.0,-65.467,-65.0,-65.0,-24.0,1.0,-0.0,41.0,-95.017,-95.017,-95.017,0.0,0.0,-0.0,33.0,-69.756,-70.244,-70.244,8.0,0.0,-0.0,34.0,-33.196,-33.196,-33.196,0.0,0.0,-0.0,34.0
11.1065,1,hold_end,-60.0,12.1,5.528,5.4,5.4,8.0,0.0,-0.0,34.0,-62.523,-60.0,-60.0,-120.0,33.0,2.698,33.0,-99.716,-100.0,-100.0,16.0,1.0,-0.0,33.0,-65.467,-65.0,-65.0,-24.0,1.0,-0.0,41.0,-95.017,-95.017,-95.017,0.0,0.0,-0.0,33.0,-69.756,-70.244,-70.244,8.0,0.0,-0.0,34.0,-33.196,-33.196,-33.196,0.0,0.0,-0.0,34.0
11.1596,1,hold_end,-60.0,12.1,5.528,5.4,5.4,8.0,0.0,-0.0,34.0,-62.523,-60.0,-60.0,-120.0,33.0,1.322,33.0,-99.716,-100.0,-100.0,16.0,1.0,-0.0,33.0,-65.467,-65.0,-65.0,-24.0,1.0,-0.0,41.0,-95.017,-95.017,-95.017,0.0,0.0,-0.0,33.0,-69.756,-70.244,-70.244,8.0,0.0,-0.0,34.0,-33.196,-33.196,-33.196,0.0,0.0,-0.0,34.0
11.2127,1,hold_end,-60.0,12.1,5.528,5.4,5.4,8.0,0.0,-0.0,34.0,-62.523,-60.0,-60.0,-120.0,33.0,0.648,33.0,-99.716,-100.0,-100.0,16.0,1.0,-0.0,33.0,-65.467,-65.0,-65.0,-24.0,1.0,-0.0,41.0,-95.017,-95.017,-95.017,0.0,0.0,-0.0,33.0,-69.756,-70.244,-70.244,8.0,0.0,-0.0,34.0,-33.196,-33.196,-33.196,0.0,0.0,-0.0,34.0
11.2656,1,hold_end,-60.0,12.1,5.528,5.4,5.4,8.0,0.0,-0.0,34.0,-62.523,-60.0,-60.0,-120.0,33.0,0.317,33.0,-99.716,-100.0,-100.0,16.0,1.0,-0.0,33.0,-65.467,-65.0,-65.0,-24.0,1.0,-0.0,41.0,-95.017,-95.017,-95.017,0.0,0.0,-0.0,33.0,-69.756,-70.244,-70.244,8.0,0.0,-0.0,34.0,-33.196,-33.196,-33.196,0.0,0.0,-0.0,34.0
11.3179,1,hold_end,-60.0,12.1,5.528,5.4,5.4,8.0,0.0,-0.0,34.0,-62.523,-60.0,-60.0,-120.0,33.0,0.156,33.0,-99.716,-100.0,-100.0,16.0,1.0,-0.0,33.0,-65.467,-65.0,-65.0,-24.0,1.0,-0.0,41.0,-95.017,-95.017,-95.017,0.0,0.0,-0.0,33.0,-69.756,-70.244,-70.244,8.0,0.0,-0.0,34.0,-33.196,-33.196,-33.196,0.0,0.0,-0.0,34.0
11.3714,1,hold_end,-60.0,12.1,5.528,5.4,5.4,8.0,0.0,-0.0,34.0,-62.523,-60.0,-60.0,-120.0,33.0,0.076,33.0,-99.716,-100.0,-100.0,16.0,1.0,-0.0,33.0,-65.467,-65.0,-65.0,-24.0,1.0,-0.0,41.0,-95.017,-95.017,-95.017,0.0,0.0,-0.0,33.0,-69.756,-70.244,-70.244,8.0,0.0,-0.0,34.0,-33.196,-33.196,-33.196,0.0,0.0,-0.0,34.0
11.4247,1,hold_end,-60.0,12.1,5.528,5.4,5.4,8.0,0.0,-0.0,34.0,-62.523,-60.0,-60.0,-120.0,33.0,0.037,33.0,-99.716,-100.0,-100.0,16.0,1.0,-0.0,33.0,-65.467,-65.0,-65.0,-24.0,1.0,-0.0,41.0,-95.017,-95.017,-95.017,0.0,0.0,-0.0,33.0,-69.756,-70.244,-70.244,8.0,0.0,-0.0,34.0,-33.196,-33.196,-33.196,0.0,0.0,-0.0,34.0
11.4771,1,hold_end,-60.0,12.1,5.528,5.4,5.4,8.0,0.0,-0.0,34.0,-62.342,-60.0,-60.0,-120.0,33.0,2.021,33.0,-99.716,-100.0,-100.0,16.0,1.0,-0.0,33.0,-65.467,-65.0,-65.0,-24.0,1.0,-0.0,41.0,-95.017,-95.017,-95.017,0.0,0.0,-0.0,33.0,-69.756,-70.244,-70.244,8.0,0.0,-0.0,34.0,-33.196,-33.196,-33.196,0.0,0.0,-0.0,34.0
11.5304,1,hold_end,-60.0,12.1,5.528,5.4,5.4,8.0,0.0,-0.0,34.0,-62.342,-60.0,-60.0,-120.0,33.0,0.991,33.0,-99.716,-100.0,-100.0,16.0,1.0,-0.0,33.0,-65.467,-65.0,-65.0,-24.0,1.0,-0.0,41.0,-95.017,-95.017,-95.017,0.0,0.0,-0.0,33.0,-69.756,-70.244,-70.244,8.0,0.0,-0.0,34.0,-33.196,-33.196,-33.196,0.0,0.0,-0.0,34.0
11.5835,1,hold_end,-60.0,12.1,5.528,5.4,5.4,8.0,0.0,-0.0,34.0,-62.342,-60.0,-60.0,-120.0,33.0,0.485,33.0,-99.716,-100.0,-100.0,16.0,1.0,-0.0,33.0,-65.467,-65.0,-65.0,-24.0,1.0,-0.0,41.0,-95.017,-95.017,-95.017,0.0,0.0,-0.0,33.0,-69.756,-70.244,-70.244,8.0,0.0,-0.0,34.0,-33.196,-33.196,-33.196,0.0,0.0,-0.0,34.0
11.6369,1,hold_end,-60.0,12.2,5.528,5.4,5.4,8.0,0.0,-0.0,34.0,-62.342,-60.0,-60.0,-104.0,17.0,0.485,33.0,-99.716,-100.0,-100.0,16.0,0.0,-0.0,33.0,-65.467,-65.0,-65.0,-24.0,0.0,-0.0,41.0,-95.017,-95.017,-95.017,0.0,0.0,-0.0,33.0,-69.756,-70.244,-70.244,8.0,0.0,-0.0,34.0,-33.196,-33.196,-33.196,0.0,0.0,-0.0,34.0
11.6906,1,hold_end,-60.0,12.2,5.528,5.4,5.4,8.0,0.0,-0.0,34.0,-62.342,-60.0,-60.0,-104.0,17.0,0.238,33.0,-99.716,-100.0,-100.0,16.0,0.0,-0.0,33.0,-65.467,-65.0,-65.0,-24.0,0.0,-0.0,41.0,-95.017,-95.017,-95.017,0.0,0.0,-0.0,33.0,-69.756,-70.244,-70.244,8.0,0.0,-0.0,34.0,-33.196,-33.196,-33.196,0.0,0.0,-0.0,34.0
11.7438,1,hold_end,-60.0,12.2,5.528,5.4,5.4,8.0,0.0,-0.0,34.0,-62.342,-60.0,-60.0,-104.0,17.0,0.117,33.0,-99.716,-100.0,-100.0,16.0,0.0,-0.0,33.0,-65.467,-65.0,-65.0,-24.0,0.0,-0.0,41.0,-95.017,-95.017,-95.017,0.0,0.0,-0.0,33.0,-69.756,-70.244,-70.244,8.0,0.0,-0.0,34.0,-33.196,-33.196,-33.196,0.0,0.0,-0.0,34.0
11.7961,1,hold_end,-60.0,12.2,5.528,5.4,5.4,8.0,0.0,-0.0,34.0,-62.342,-60.0,-60.0,-104.0,17.0,0.057,33.0,-99.716,-100.0,-100.0,16.0,0.0,-0.0,33.0,-65.467,-65.0,-65.0,-24.0,0.0,-0.0,41.0,-95.017,-95.017,-95.017,0.0,0.0,-0.0,33.0,-69.756,-70.244,-70.244,8.0,0.0,-0.0,34.0,-33.196,-33.196,-33.196,0.0,0.0,-0.0,34.0
11.8494,1,hold_end,-60.0,12.2,5.528,5.4,5.4,8.0,0.0,-0.0,34.0,-62.342,-60.0,-60.0,-104.0,17.0,0.028,33.0,-99.716,-100.0,-100.0,16.0,0.0,-0.0,33.0,-65.467,-65.0,-65.0,-24.0,0.0,-0.0,41.0,-95.017,-95.017,-95.017,0.0,0.0,-0.0,33.0,-69.756,-70.244,-70.244,8.0,0.0,-0.0,34.0,-33.196,-33.196,-33.196,0.0,0.0,-0.0,34.0
11.9024,1,hold_end,-60.0,12.2,5.528,5.4,5.4,8.0,0.0,-0.0,34.0,-62.342,-60.0,-60.0,-104.0,17.0,0.014,33.0,-99.716,-100.0,-100.0,16.0,0.0,-0.0,33.0,-65.467,-65.0,-65.0,-24.0,0.0,-0.0,41.0,-95.017,-95.017,-95.017,0.0,0.0,-0.0,33.0,-69.756,-70.244,-70.244,8.0,0.0,-0.0,34.0,-33.196,-33.196,-33.196,0.0,0.0,-0.0,34.0
11.9561,1,hold_end,-60.0,12.2,5.528,5.4,5.4,8.0,0.0,-0.0,34.0,-62.342,-60.0,-60.0,-104.0,17.0,0.007,33.0,-99.716,-100.0,-100.0,16.0,0.0,-0.0,33.0,-65.467,-65.0,-65.0,-24.0,0.0,-0.0,41.0,-95.017,-95.017,-95.017,0.0,0.0,-0.0,33.0,-69.756,-70.244,-70.244,8.0,0.0,-0.0,34.0,-33.196,-33.196,-33.196,0.0,0.0,-0.0,34.0
12.0105,1,hold_end,-60.0,12.2,5.528,5.4,5.4,8.0,0.0,-0.0,34.0,-62.342,-60.0,-60.0,-104.0,17.0,0.003,33.0,-99.716,-100.0,-100.0,16.0,0.0,-0.0,33.0,-65.467,-65.0,-65.0,-24.0,0.0,-0.0,41.0,-95.017,-95.017,-95.017,0.0,0.0,-0.0,33.0,-69.756,-70.244,-70.244,8.0,0.0,-0.0,34.0,-33.196,-33.196,-33.196,0.0,0.0,-0.0,34.0
12.0638,1,rev,-90.0,12.2,5.528,5.4,5.4,8.0,0.0,-0.0,34.0,-62.342,-90.0,-60.106,-104.0,17.0,0.002,33.0,-99.716,-100.0,-100.0,16.0,0.0,-0.0,33.0,-65.467,-65.0,-65.0,-24.0,0.0,-0.0,41.0,-95.017,-95.017,-95.017,0.0,0.0,-0.0,33.0,-69.756,-70.244,-70.244,8.0,0.0,-0.0,34.0,-33.196,-33.196,-33.196,0.0,0.0,-0.0,34.0
12.1168,1,rev,-90.0,12.2,5.528,5.4,5.4,8.0,0.0,-0.0,34.0,-62.342,-90.0,-60.32,-104.0,17.0,0.001,33.0,-99.716,-100.0,-100.0,16.0,0.0,-0.0,33.0,-65.467,-65.0,-65.0,-24.0,0.0,-0.0,41.0,-95.017,-95.017,-95.017,0.0,0.0,-0.0,33.0,-69.756,-70.244,-70.244,8.0,0.0,-0.0,34.0,-33.196,-33.196,-33.196,0.0,0.0,-0.0,34.0
12.1697,1,rev,-90.0,12.2,5.528,5.4,5.4,8.0,0.0,-0.0,34.0,-62.342,-90.0,-60.533,-104.0,17.0,0.0,33.0,-99.716,-100.0,-100.0,16.0,0.0,-0.0,33.0,-65.467,-65.0,-65.0,-24.0,0.0,-0.0,41.0,-95.017,-95.017,-95.017,0.0,0.0,-0.0,33.0,-69.756,-70.244,-70.244,8.0,0.0,-0.0,34.0,-33.196,-33.196,-33.196,0.0,0.0,-0.0,34.0
12.2227,1,rev,-90.0,12.2,5.528,5.4,5.4,8.0,0.0,-0.0,34.0,-62.342,-90.0,-60.77,-80.0,13.0,0.0,33.0,-99.716,-100.0,-100.0,16.0,0.0,-0.0,33.0,-65.467,-65.0,-65.0,-24.0,1.0,-0.0,42.0,-95.017,-95.017,-95.017,0.0,0.0,-0.0,33.0,-69.756,-70.244,-70.244,8.0,0.0,-0.0,34.0,-33.196,-33.196,-33.196,0.0,0.0,-0.0,34.0
12.2758,1,rev,-90.0,12.2,5.528,5.4,5.4,8.0,0.0,-0.0,34.0,-62.342,-90.0,-60.984,-80.0,13.0,0.0,33.0,-99.716,-100.0,-100.0,16.0,0.0,-0.0,33.0,-65.467,-65.0,-65.0,-24.0,1.0,-0.0,42.0,-95.017,-95.017,-95.017,0.0,0.0,-0.0,33.0,-69.756,-70.244,-70.244,8.0,0.0,-0.0,34.0,-33.196,-33.196,-33.196,0.0,0.0,-0.0,34.0
12.3292,1,rev,-90.0,12.2,5.528,5.4,5.4,8.0,0.0,-0.0,34.0,-62.342,-90.0,-61.2,-80.0,13.0,0.0,33.0,-99.716,-100.0,-100.0,16.0,0.0,-0.0,33.0,-65.467,-65.0,-65.0,-24.0,1.0,-0.0,42.0,-95.017,-95.017,-95.017,0.0,0.0,-0.0,33.0,-69.756,-70.244,-70.244,8.0,0.0,-0.0,34.0,-33.196,-33.196,-33.196,0.0,0.0,-0.0,34.0
12.382,1,rev,-90.0,12.2,5.528,5.4,5.4,8.0,0.0,-0.0,34.0,-62.523,-90.0,-61.415,-80.0,13.0,-1.993,33.0,-99.716,-100.0,-100.0,16.0,0.0,-0.0,33.0,-65.467,-65.0,-65.0,-24.0,1.0,-0.0,42.0,-95.017,-95.017,-95.017,0.0,0.0,-0.0,33.0,-69.756,-70.244,-70.244,8.0,0.0,-0.0,34.0,-33.196,-33.196,-33.196,0.0,0.0,-0.0,34.0
12.4354,1,rev,-90.0,12.2,5.528,5.4,5.4,8.0,0.0,-0.0,34.0,-62.523,-90.0,-61.631,-80.0,13.0,-0.977,33.0,-99.716,-100.0,-100.0,16.0,0.0,-0.0,33.0,-65.467,-65.0,-65.0,-24.0,1.0,-0.0,42.0,-95.017,-95.017,-95.017,0.0,0.0,-0.0,33.0,-69.756,-70.244,-70.244,8.0,0.0,-0.0,34.0,-33.196,-33.196,-33.196,0.0,0.0,-0.0,34.0
12.4886,1,rev,-90.0,12.2,5.528,5.4,5.4,8.0,0.0,-0.0,34.0,-62.703,-90.0,-61.845,-80.0,13.0,-1.902,33.0,-99.716,-100.0,-100.0,16.0,0.0,-0.0,33.0,-65.467,-65.0,-65.0,-24.0,1.0,-0.0,42.0,-95.017,-95.017,-95.017,0.0,0.0,-0.0,33.0,-69.756,-70.244,-70.244,8.0,0.0,-0.0,34.0,-33.196,-33.196,-33.196,0.0,0.0,-0.0,34.0
12.5418,1,rev,-90.0,12.2,5.528,5.4,5.4,8.0,0.0,-0.0,34.0,-62.883,-90.0,-62.062,-80.0,13.0,-2.339,33.0,-99.716,-100.0,-100.0,16.0,0.0,-0.0,33.0,-65.467,-65.0,-65.0,-24.0,1.0,-0.0,42.0,-95.017,-95.017,-95.017,0.0,0.0,-0.0,33.0,-69.756,-70.244,-70.244,8.0,0.0,-0.0,34.0,-33.196,-33.196,-33.196,0.0,0.0,-0.0,34.0
12.5939,1,rev,-90.0,12.2,5.528,5.4,5.4,8.0,0.0,-0.0,34.0,-63.243,-90.0,-62.276,-80.0,13.0,-4.609,33.0,-99.716,-100.0,-100.0,16.0,0.0,-0.0,33.0,-65.467,-65.0,-65.0,-24.0,1.0,-0.0,42.0,-95.017,-95.017,-95.017,0.0,0.0,-0.0,33.0,-69.756,-70.244,-70.244,8.0,0.0,-0.0,34.0,-33.196,-33.196,-33.196,0.0,0.0,-0.0,34.0
12.647,1,rev,-90.0,12.2,5.528,5.4,5.4,8.0,0.0,-0.0,34.0,-63.423,-90.0,-62.49,-80.0,13.0,-3.661,33.0,-99.716,-100.0,-100.0,16.0,0.0,-0.0,33.0,-65.467,-65.0,-65.0,-24.0,1.0,-0.0,42.0,-95.017,-95.017,-95.017,0.0,0.0,-0.0,33.0,-69.756,-70.244,-70.244,8.0,0.0,-0.0,34.0,-33.196,-33.196,-33.196,0.0,0.0,-0.0,34.0
12.7005,1,rev,-90.0,12.2,5.528,5.4,5.4,8.0,0.0,-0.0,34.0,-63.604,-90.0,-62.706,-80.0,13.0,-3.193,33.0,-99.716,-100.0,-100.0,16.0,0.0,-0.0,33.0,-65.467,-65.0,-65.0,-24.0,1.0,-0.0,42.0,-95.017,-95.017,-95.017,0.0,0.0,-0.0,33.0,-69.756,-70.244,-70.244,8.0,0.0,-0.0,34.0,-33.196,-33.196,-33.196,0.0,0.0,-0.0,34.0
12.7538,1,rev,-90.0,12.2,5.528,5.4,5.4,8.0,0.0,-0.0,34.0,-63.604,-90.0,-62.815,-80.0,13.0,-2.235,33.0,-99.716,-100.0,-100.0,16.0,0.0,-0.0,33.0,-65.467,-65.0,-65.0,-24.0,1.0,-0.0,42.0,-95.017,-95.017,-95.017,0.0,0.0,-0.0,33.0,-69.756,-70.244,-70.244,8.0,0.0,-0.0,34.0,-33.196,-33.196,-33.196,0.0,0.0,-0.0,34.0
12.8074,1,rev,-90.0,12.2,5.528,5.4,5.4,8.0,0.0,-0.0,34.0,-63.784,-90.0,-63.166,-40.0,3.0,-2.45,33.0,-99.716,-100.0,-100.0,16.0,0.0,-0.0,33.0,-65.467,-65.0,-65.0,-24.0,1.0,-0.0,42.0,-95.017,-95.017,-95.017,0.0,1.0,-0.0,33.0,-69.756,-70.244,-70.244,8.0,0.0,-0.0,34.0,-33.196,-33.196,-33.196,0.0,0.0,-0.0,34.0
12.8606,1,rev,-90.0,12.2,5.528,5.4,5.4,8.0,0.0,-0.0,34.0,-64.144,-90.0,-63.281,-40.0,3.0,-4.518,33.0,-99.716,-100.0,-100.0,16.0,0.0,-0.0,33.0,-65.467,-65.0,-65.0,-24.0,1.0,-0.0,42.0,-95.017,-95.017,-95.017,0.0,1.0,-0.0,33.0,-69.756,-70.244,-70.244,8.0,0.0,-0.0,34.0,-33.196,-33.196,-33.196,0.0,0.0,-0.0,34.0
12.9144,1,rev,-90.0,12.2,5.528,5.4,5.4,8.0,0.0,-0.0,34.0,-64.324,-90.0,-63.507,-40.0,3.0,-3.494,33.0,-99.716,-100.0,-100.0,16.0,0.0,-0.0,33.0,-65.467,-65.0,-65.0,-24.0,1.0,-0.0,42.0,-95.017,-95.017,-95.017,0.0,1.0,-0.0,33.0,-69.756,-70.244,-70.244,8.0,0.0,-0.0,34.0,-33.196,-33.196,-33.196,0.0,0.0,-0.0,34.0
12.9677,1,rev,-90.0,12.2,5.528,5.4,5.4,8.0,0.0,-0.0,34.0,-64.685,-90.0,-63.722,-40.0,3.0,-5.143,33.0,-99.716,-100.0,-100.0,16.0,0.0,-0.0,33.0,-65.467,-65.0,-65.0,-24.0,1.0,-0.0,42.0,-95.017,-95.017,-95.017,0.0,1.0,-0.0,33.0,-69.756,-70.244,-70.244,8.0,0.0,-0.0,34.0,-33.196,-33.196,-33.196,0.0,0.0,-0.0,34.0
13.0215,1,rev,-90.0,12.2,5.528,5.4,5.4,8.0,0.0,-0.0,34.0,-64.865,-90.0,-63.937,-40.0,3.0,-4.54,33.0,-99.716,-100.0,-100.0,16.0,0.0,-0.0,33.0,-65.467,-65.0,-65.0,-24.0,1.0,-0.0,42.0,-95.017,-95.017,-95.017,0.0,1.0,-0.0,33.0,-69.756,-70.244,-70.244,8.0,0.0,-0.0,34.0,-33.196,-33.196,-33.196,0.0,0.0,-0.0,34.0
13.0739,1,rev,-90.0,12.2,5.528,5.4,5.4,8.0,0.0,-0.0,34.0,-65.045,-90.0,-64.152,-40.0,3.0,-4.232,33.0,-99.716,-100.0,-100.0,16.0,0.0,-0.0,33.0,-65.467,-65.0,-65.0,-24.0,1.0,-0.0,42.0,-95.017,-95.017,-95.017,0.0,1.0,-0.0,33.0,-69.756,-70.244,-70.244,8.0,0.0,-0.0,34.0,-33.196,-33.196,-33.196,0.0,0.0,-0.0,34.0
13.1273,1,rev,-90.0,12.2,5.528,5.4,5.4,8.0,0.0,-0.0,34.0,-65.405,-90.0,-64.366,-40.0,3.0,-5.532,33.0,-99.716,-100.0,-100.0,16.0,0.0,-0.0,33.0,-65.467,-65.0,-65.0,-24.0,1.0,-0.0,42.0,-95.017,-95.017,-95.017,0.0,1.0,-0.0,33.0,-69.756,-70.244,-70.244,8.0,0.0,-0.0,34.0,-33.196,-33.196,-33.196,0.0,0.0,-0.0,34.0
13.1804,1,rev,-90.0,12.2,5.528,5.4,5.4,8.0,0.0,-0.0,34.0,-65.405,-90.0,-64.578,-40.0,3.0,-2.711,33.0,-99.716,-100.0,-100.0,16.0,0.0,-0.0,33.0,-65.467,-65.0,-65.0,-24.0,1.0,-0.0,42.0,-95.017,-95.017,-95.017,0.0,1.0,-0.0,33.0,-69.756,-70.244,-70.244,8.0,0.0,-0.0,34.0,-33.196,-33.196,-33.196,0.0,0.0,-0.0,34.0
13.2334,1,rev,-90.0,12.2,5.528,5.4,5.4,8.0,0.0,-0.0,34.0,-65.586,-90.0,-64.791,-40.0,3.0,-2.734,33.0,-99.716,-100.0,-100.0,16.0,0.0,-0.0,33.0,-65.467,-65.0,-65.0,-24.0,1.0,-0.0,42.0,-95.017,-95.017,-95.017,0.0,1.0,-0.0,33.0,-69.756,-70.244,-70.244,8.0,0.0,-0.0,34.0,-33.196,-33.196,-33.196,0.0,0.0,-0.0,34.0
13.286,1,rev,-90.0,12.2,5.528,5.4,5.4,8.0,0.0,-0.0,34.0,-65.946,-90.0,-65.004,-40.0,3.0,-4.764,33.0,-99.716,-100.0,-100.0,16.0,0.0,-0.0,33.0,-65.467,-65.0,-65.0,-24.0,1.0,-0.0,42.0,-95.017,-95.017,-95.017,0.0,1.0,-0.0,33.0,-69.756,-70.244,-70.244,8.0,0.0,-0.0,34.0,-33.196,-33.196,-33.196,0.0,0.0,-0.0,34.0
13.3393,1,rev,-90.0,12.2,5.528,5.4,5.4,8.0,0.0,-0.0,34.0,-65.946,-90.0,-65.112,-32.0,1.0,-3.335,33.0,-99.716,-100.0,-100.0,16.0,0.0,-0.0,33.0,-65.467,-65.0,-65.0,-24.0,1.0,-0.0,42.0,-95.017,-95.017,-95.017,0.0,0.0,-0.0,33.0,-69.756,-70.244,-70.244,8.0,0.0,-0.0,34.0,-33.196,-33.196,-33.196,0.0,0.0,-0.0,34.0
13.3925,1,rev,-90.0,12.2,5.528,5.4,5.4,8.0,0.0,-0.0,34.0,-66.126,-90.0,-65.45,-32.0,1.0,-2.289,33.0,-99.716,-100.0,-100.0,16.0,0.0,-0.0,33.0,-65.467,-65.0,-65.0,-24.0,1.0,-0.0,42.0,-95.017,-95.017,-95.017,0.0,0.0,-0.0,33.0,-69.756,-70.244,-70.244,8.0,0.0,-0.0,34.0,-33.196,-33.196,-33.196,0.0,0.0,-0.0,34.0
13.4461,1,rev,-90.0,12.2,5.528,5.4,5.4,8.0,0.0,-0.0,34.0,-66.486,-90.0,-65.668,-32.0,1.0,-4.546,33.0,-99.716,-100.0,-100.0,16.0,0.0,-0.0,33.0,-65.467,-65.0,-65.0,-24.0,1.0,-0.0,42.0,-95.017,-95.017,-95.017,0.0,0.0,-0.0,33.0,-69.756,-70.244,-70.244,8.0,0.0,-0.0,34.0,-33.196,-33.196,-33.196,0.0,0.0,-0.0,34.0
13.4994,1,rev,-90.0,12.2,5.528,5.4,5.4,8.0,0.0,-0.0,34.0,-66.667,-90.0,-65.88,-32.0,1.0,-4.25,33.0,-99.716,-100.0,-100.0,16.0,0.0,-0.0,33.0,-65.467,-65.0,-65.0,-24.0,1.0,-0.0,42.0,-95.017,-95.017,-95.017,0.0,0.0,-0.0,33.0,-69.756,-70.244,-70.244,8.0,0.0,-0.0,34.0,-33.196,-33.196,-33.196,0.0,0.0,-0.0,34.0
13.5525,1,rev,-90.0,12.2,5.528,5.4,5.4,8.0,0.0,-0.0,34.0,-66.847,-90.0,-66.095,-32.0,1.0,-4.065,33.0,-99.716,-100.0,-100.0,16.0,0.0,-0.0,33.0,-65.467,-65.0,-65.0,-24.0,1.0,-0.0,42.0,-95.017,-95.017,-95.017,0.0,0.0,-0.0,33.0,-69.756,-70.244,-70.244,8.0,0.0,-0.0,34.0,-33.196,-33.196,-33.196,0.0,0.0,-0.0,34.0
13.6058,1,rev,-90.0,12.2,5.528,5.4,5.4,8.0,0.0,-0.0,34.0,-67.027,-90.0,-66.31,-32.0,1.0,-3.871,33.0,-99.716,-100.0,-100.0,16.0,0.0,-0.0,33.0,-65.467,-65.0,-65.0,-24.0,1.0,-0.0,42.0,-95.017,-95.017,-95.017,0.0,0.0,-0.0,33.0,-69.756,-70.244,-70.244,8.0,0.0,-0.0,34.0,-33.196,-33.196,-33.196,0.0,0.0,-0.0,34.0
13.6588,1,rev,-90.0,12.2,5.528,5.4,5.4,8.0,0.0,-0.0,34.0,-67.387,-90.0,-66.534,-32.0,1.0,-5.325,33.0,-99.716,-100.0,-100.0,16.0,0.0,-0.0,33.0,-65.467,-65.0,-65.0,-24.0,1.0,-0.0,42.0,-95.017,-95.017,-95.017,0.0,0.0,-0.0,33.0,-69.756,-70.244,-70.244,8.0,0.0,-0.0,34.0,-33.196,-33.196,-33.196,0.0,0.0,-0.0,34.0
13.7111,1,rev,-90.0,12.2,5.528,5.4,5.4,8.0,0.0,-0.0,34.0,-67.568,-90.0,-66.748,-32.0,1.0,-4.615,33.0,-99.716,-100.0,-100.0,16.0,0.0,-0.0,33.0,-65.467,-65.0,-65.0,-24.0,1.0,-0.0,42.0,-95.017,-95.017,-95.017,0.0,0.0,-0.0,33.0,-69.756,-70.244,-70.244,8.0,0.0,-0.0,34.0,-33.196,-33.196,-33.196,0.0,0.0,-0.0,34.0
13.7643,1,rev,-90.0,12.2,5.528,5.4,5.4,8.0,0.0,-0.0,34.0,-67.748,-90.0,-66.963,-32.0,1.0,-4.246,33.0,-99.716,-100.0,-100.0,16.0,0.0,-0.0,33.0,-65.467,-65.0,-65.0,-24.0,1.0,-0.0,42.0,-95.017,-95.017,-95.017,0.0,0.0,-0.0,33.0,-69.756,-70.244,-70.244,8.0,0.0,-0.0,34.0,-33.196,-33.196,-33.196,0.0,0.0,-0.0,34.0
13.8171,1,rev,-90.0,12.2,5.528,5.4,5.4,8.0,0.0,-0.0,34.0,-67.928,-90.0,-67.179,-32.0,1.0,-3.496,33.0,-99.716,-100.0,-100.0,16.0,0.0,-0.0,33.0,-65.467,-65.0,-65.0,-24.0,1.0,-0.0,42.0,-95.017,-95.017,-95.017,0.0,0.0,-0.0,33.0,-69.756,-70.244,-70.244,8.0,0.0,-0.0,34.0,-33.196,-33.196,-33.196,0.0,0.0,-0.0,34.0
13.8706,1,rev,-90.0,12.2,5.528,5.4,5.4,8.0,0.0,-0.0,34.0,-67.928,-90.0,-67.395,-32.0,1.0,-1.713,33.0,-99.716,-100.0,-100.0,16.0,0.0,-0.0,33.0,-65.467,-65.0,-65.0,-24.0,1.0,-0.0,42.0,-95.017,-95.017,-95.017,0.0,0.0,-0.0,33.0,-69.756,-70.244,-70.244,8.0,0.0,-0.0,34.0,-33.196,-33.196,-33.196,0.0,0.0,-0.0,34.0
13.924,1,rev,-90.0,12.2,5.528,5.4,5.4,8.0,0.0,-0.0,34.0,-67.928,-90.0,-67.628,-24.0,1.0,-1.713,33.0,-99.716,-100.0,-100.0,16.0,1.0,-0.0,33.0,-65.467,-65.0,-65.0,-24.0,1.0,-0.0,41.0,-95.017,-95.017,-95.017,0.0,0.0,-0.0,33.0,-69.756,-70.244,-70.244,8.0,0.0,-0.0,34.0,-33.196,-33.196,-33.196,0.0,0.0,-0.0,34.0
13.9777,1,rev,-90.0,12.2,5.528,5.4,5.4,8.0,0.0,-0.0,34.0,-68.468,-90.0,-67.749,-24.0,1.0,-4.077,33.0,-99.716,-100.0,-100.0,16.0,1.0,-0.0,33.0,-65.467,-65.0,-65.0,-24.0,1.0,-0.0,41.0,-95.017,-95.017,-95.017,0.0,0.0,-0.0,33.0,-69.756,-70.244,-70.244,8.0,0.0,-0.0,34.0,-33.196,-33.196,-33.196,0.0,0.0,-0.0,34.0
14.032,1,rev,-90.0,12.2,5.528,5.4,5.4,8.0,0.0,-0.0,34.0,-68.649,-90.0,-67.979,-24.0,1.0,-3.224,33.0,-99.716,-100.0,-100.0,16.0,1.0,-0.0,33.0,-65.467,-65.0,-65.0,-24.0,1.0,-0.0,41.0,-95.017,-95.017,-95.017,0.0,0.0,-0.0,33.0,-69.756,-70.244,-70.244,8.0,0.0,-0.0,34.0,-33.196,-33.196,-33.196,0.0,0.0,-0.0,34.0
14.0859,1,rev,-90.0,12.2,5.528,5.4,5.4,8.0,0.0,-0.0,34.0,-68.829,-90.0,-68.193,-24.0,1.0,-3.0,33.0,-99.716,-100.0,-100.0,16.0,1.0,-0.0,33.0,-65.467,-65.0,-65.0,-24.0,1.0,-0.0,41.0,-95.017,-95.017,-95.017,0.0,0.0,-0.0,33.0,-69.756,-70.244,-70.244,8.0,0.0,-0.0,34.0,-33.196,-33.196,-33.196,0.0,0.0,-0.0,34.0
14.1392,1,rev,-90.0,12.2,5.528,5.4,5.4,8.0,0.0,-0.0,34.0,-69.189,-90.0,-68.408,-24.0,1.0,-4.897,33.0,-99.716,-100.0,-100.0,16.0,1.0,-0.0,33.0,-65.467,-65.0,-65.0,-24.0,1.0,-0.0,41.0,-95.017,-95.017,-95.017,0.0,0.0,-0.0,33.0,-69.756,-70.244,-70.244,8.0,0.0,-0.0,34.0,-33.196,-33.196,-33.196,0.0,0.0,-0.0,34.0
14.1922,1,rev,-90.0,12.2,5.528,5.4,5.4,8.0,0.0,-0.0,34.0,-69.369,-90.0,-68.622,-24.0,1.0,-4.422,33.0,-99.716,-100.0,-100.0,16.0,1.0,-0.0,33.0,-65.467,-65.0,-65.0,-24.0,1.0,-0.0,41.0,-95.017,-95.017,-95.017,0.0,0.0,-0.0,33.0,-69.756,-70.244,-70.244,8.0,0.0,-0.0,34.0,-33.196,-33.196,-33.196,0.0,0.0,-0.0,34.0
14.2453,1,rev,-90.0,12.2,5.528,5.4,5.4,8.0,0.0,-0.0,34.0,-69.55,-90.0,-68.836,-24.0,1.0,-3.579,33.0,-99.716,-100.0,-100.0,16.0,1.0,-0.0,33.0,-65.467,-65.0,-65.0,-24.0,1.0,-0.0,41.0,-95.017,-95.017,-95.017,0.0,0.0,-0.0,33.0,-69.756,-70.244,-70.244,8.0,0.0,-0.0,34.0,-33.196,-33.196,-33.196,0.0,0.0,-0.0,34.0
14.2986,1,rev,-90.0,12.2,5.528,5.4,5.4,8.0,0.0,-0.0,34.0,-69.73,-90.0,-69.053,-24.0,1.0,-3.147,33.0,-99.716,-100.0,-100.0,16.0,1.0,-0.0,33.0,-65.467,-65.0,-65.0,-24.0,1.0,-0.0,41.0,-95.017,-95.017,-95.017,0.0,0.0,-0.0,33.0,-69.756,-70.244,-70.244,8.0,0.0,-0.0,34.0,-33.196,-33.196,-33.196,0.0,0.0,-0.0,34.0
14.3516,1,rev,-90.0,12.2,5.528,5.4,5.4,8.0,0.0,-0.0,34.0,-69.91,-90.0,-69.268,-24.0,1.0,-3.544,33.0,-99.716,-100.0,-100.0,16.0,1.0,-0.0,33.0,-65.467,-65.0,-65.0,-24.0,1.0,-0.0,41.0,-95.017,-95.017,-95.017,0.0,0.0,-0.0,33.0,-69.756,-70.244,-70.244,8.0,0.0,-0.0,34.0,-33.196,-33.196,-33.196,0.0,0.0,-0.0,34.0
14.4039,1,rev,-90.0,12.2,5.528,5.4,5.4,8.0,0.0,-0.0,34.0,-70.27,-90.0,-69.486,-24.0,1.0,-5.099,33.0,-99.716,-100.0,-100.0,16.0,1.0,-0.0,33.0,-65.467,-65.0,-65.0,-24.0,1.0,-0.0,41.0,-95.017,-95.017,-95.017,0.0,0.0,-0.0,33.0,-69.756,-70.244,-70.244,8.0,0.0,-0.0,34.0,-33.196,-33.196,-33.196,0.0,0.0,-0.0,34.0
14.4572,1,rev,-90.0,12.2,5.528,5.4,5.4,8.0,0.0,-0.0,34.0,-70.45,-90.0,-69.702,-24.0,1.0,-4.533,33.0,-99.716,-100.0,-100.0,16.0,1.0,-0.0,33.0,-65.467,-65.0,-65.0,-24.0,1.0,-0.0,41.0,-95.017,-95.017,-95.017,0.0,0.0,-0.0,33.0,-69.756,-70.244,-70.244,8.0,0.0,-0.0,34.0,-33.196,-33.196,-33.196,0.0,0.0,-0.0,34.0
14.5107,1,rev,-90.0,12.1,5.528,5.4,5.4,8.0,0.0,-0.0,34.0,-70.45,-90.0,-69.939,-32.0,2.0,-3.173,33.0,-99.716,-100.0,-100.0,16.0,0.0,-0.0,33.0,-65.467,-65.0,-65.0,-24.0,0.0,-0.0,42.0,-95.017,-95.017,-95.017,0.0,0.0,-0.0,33.0,-69.756,-70.244,-70.244,8.0,0.0,-0.0,34.0,-33.196,-33.196,-33.196,0.0,0.0,-0.0,34.0
14.5629,1,rev,-90.0,12.1,5.528,5.4,5.4,8.0,0.0,-0.0,34.0,-70.631,-90.0,-70.153,-32.0,2.0,-2.962,33.0,-99.716,-100.0,-100.0,16.0,0.0,-0.0,33.0,-65.467,-65.0,-65.0,-24.0,0.0,-0.0,42.0,-95.017,-95.017,-95.017,0.0,0.0,-0.0,33.0,-69.756,-70.244,-70.244,8.0,0.0,-0.0,34.0,-33.196,-33.196,-33.196,0.0,0.0,-0.0,34.0
14.6149,1,rev,-90.0,12.1,5.528,5.4,5.4,8.0,0.0,-0.0,34.0,-70.811,-90.0,-70.369,-32.0,2.0,-2.872,33.0,-99.716,-100.0,-100.0,16.0,0.0,-0.0,33.0,-65.467,-65.0,-65.0,-24.0,0.0,-0.0,42.0,-95.017,-95.017,-95.017,0.0,0.0,-0.0,33.0,-69.756,-70.244,-70.244,8.0,0.0,-0.0,34.0,-33.196,-33.196,-33.196,0.0,0.0,-0.0,34.0
14.6671,1,rev,-90.0,12.1,5.528,5.4,5.4,8.0,0.0,-0.0,34.0,-71.171,-90.0,-70.583,-32.0,2.0,-4.847,33.0,-99.716,-100.0,-100.0,16.0,0.0,-0.0,33.0,-65.467,-65.0,-65.0,-24.0,0.0,-0.0,42.0,-95.017,-95.017,-95.017,0.0,0.0,-0.0,33.0,-69.756,-70.244,-70.244,8.0,0.0,-0.0,34.0,-33.196,-33.196,-33.196,0.0,0.0,-0.0,34.0
14.7202,1,rev,-90.0,12.1,5.528,5.4,5.4,8.0,0.0,-0.0,34.0,-71.351,-90.0,-70.796,-32.0,2.0,-3.79,33.0,-99.716,-100.0,-100.0,16.0,0.0,-0.0,33.0,-65.467,-65.0,-65.0,-24.0,0.0,-0.0,42.0,-95.017,-95.017,-95.017,0.0,0.0,-0.0,33.0,-69.756,-70.244,-70.244,8.0,0.0,-0.0,34.0,-33.196,-33.196,-33.196,0.0,0.0,-0.0,34.0
14.7732,1,rev,-90.0,12.1,5.528,5.4,5.4,8.0,0.0,-0.0,34.0,-71.532,-90.0,-71.012,-32.0,2.0,-4.659,33.0,-99.716,-100.0,-100.0,16.0,0.0,-0.0,33.0,-65.467,-65.0,-65.0,-24.0,0.0,-0.0,42.0,-95.017,-95.017,-95.017,0.0,0.0,-0.0,33.0,-69.756,-70.244,-70.244,8.0,0.0,-0.0,34.0,-33.196,-33.196,-33.196,0.0,0.0,-0.0,34.0
14.8267,1,rev,-90.0,12.1,5.528,5.4,5.4,8.0,0.0,-0.0,34.0,-71.712,-90.0,-71.237,-32.0,2.0,-4.316,33.0,-99.716,-100.0,-100.0,16.0,0.0,-0.0,33.0,-65.467,-65.0,-65.0,-24.0,0.0,-0.0,42.0,-95.017,-95.017,-95.017,0.0,0.0,-0.0,33.0,-69.756,-70.244,-70.244,8.0,0.0,-0.0,34.0,-33.196,-33.196,-33.196,0.0,0.0,-0.0,34.0
14.8791,1,rev,-90.0,12.1,5.528,5.4,5.4,8.0,0.0,-0.0,34.0,-71.892,-90.0,-71.356,-32.0,2.0,-3.387,33.0,-99.716,-100.0,-100.0,16.0,0.0,-0.0,33.0,-65.467,-65.0,-65.0,-24.0,0.0,-0.0,42.0,-95.017,-95.017,-95.017,0.0,0.0,-0.0,33.0,-69.756,-70.244,-70.244,8.0,0.0,-0.0,34.0,-33.196,-33.196,-33.196,0.0,0.0,-0.0,34.0
14.932,1,rev,-90.0,12.1,5.528,5.4,5.4,8.0,0.0,-0.0,34.0,-72.252,-90.0,-71.578,-32.0,2.0,-4.992,33.0,-99.716,-100.0,-100.0,16.0,0.0,-0.0,33.0,-65.467,-65.0,-65.0,-24.0,0.0,-0.0,42.0,-95.017,-95.017,-95.017,0.0,0.0,-0.0,33.0,-69.756,-70.244,-70.244,8.0,0.0,-0.0,34.0,-33.196,-33.196,-33.196,0.0,0.0,-0.0,34.0
14.9856,1,rev,-90.0,12.1,5.528,5.4,5.4,8.0,0.0,-0.0,34.0,-72.432,-90.0,-71.793,-32.0,2.0,-4.453,33.0,-99.716,-100.0,-100.0,16.0,0.0,-0.0,33.0,-65.467,-65.0,-65.0,-24.0,0.0,-0.0,42.0,-95.017,-95.017,-95.017,0.0,0.0,-0.0,33.0,-69.756,-70.244,-70.244,8.0,0.0,-0.0,34.0,-32.99,-33.196,-33.196,0.0,0.0,1.605,34.0
15.0395,1,rev,-90.0,12.1,5.528,5.4,5.4,8.0,0.0,-0.0,34.0,-72.613,-90.0,-72.007,-32.0,2.0,-4.203,33.0,-99.716,-100.0,-100.0,16.0,0.0,-0.0,33.0,-65.467,-65.0,-65.0,-24.0,0.0,-0.0,42.0,-95.017,-95.017,-95.017,0.0,0.0,-0.0,33.0,-69.756,-70.244,-70.244,8.0,0.0,-0.0,34.0,-32.99,-33.196,-33.196,0.0,0.0,0.786,34.0
15.0926,1,rev,-90.0,12.2,5.528,5.4,5.4,8.0,0.0,-0.0,34.0,-72.613,-90.0,-72.248,-24.0,1.0,-2.942,33.0,-99.716,-100.0,-100.0,16.0,1.0,-0.0,33.0,-65.467,-65.0,-65.0,-24.0,1.0,-0.0,41.0,-95.017,-95.017,-95.017,0.0,0.0,-0.0,33.0,-69.756,-70.244,-70.244,8.0,0.0,-0.0,34.0,-32.99,-33.196,-33.196,8.0,1.0,0.551,34.0
15.1449,1,rev,-90.0,12.2,5.528,5.4,5.4,8.0,0.0,-0.0,34.0,-72.973,-90.0,-72.464,-24.0,1.0,-4.874,33.0,-99.716,-100.0,-100.0,16.0,1.0,-0.0,33.0,-65.467,-65.0,-65.0,-24.0,1.0,-0.0,41.0,-95.017,-95.017,-95.017,0.0,0.0,-0.0,33.0,-69.756,-70.244,-70.244,8.0,0.0,-0.0,34.0,-33.196,-33.196,-33.196,8.0,1.0,-1.341,34.0
15.1983,1,rev,-90.0,12.2,5.528,5.4,5.4,8.0,0.0,-0.0,34.0,-73.153,-90.0,-72.677,-24.0,1.0,-3.816,33.0,-99.716,-100.0,-100.0,16.0,1.0,-0.0,33.0,-65.467,-65.0,-65.0,-24.0,1.0,-0.0,41.0,-95.017,-95.017,-95.017,0.0,0.0,-0.0,33.0,-69.756,-70.244,-70.244,8.0,0.0,-0.0,34.0,-33.196,-33.196,-33.196,8.0,1.0,-0.657,34.0
15.2512,1,rev,-90.0,12.2,5.528,5.4,5.4,8.0,0.0,-0.0,34.0,-73.333,-90.0,-72.889,-24.0,1.0,-3.293,33.0,-99.716,-100.0,-100.0,16.0,1.0,-0.0,33.0,-65.467,-65.0,-65.0,-24.0,1.0,-0.0,41.0,-95.017,-95.017,-95.017,0.0,0.0,-0.0,33.0,-69.756,-70.244,-70.244,8.0,0.0,-0.0,34.0,-33.196,-33.196,-33.196,8.0,1.0,-0.322,34.0
15.3045,1,rev,-90.0,12.2,5.528,5.4,5.4,8.0,0.0,-0.0,34.0,-73.694,-90.0,-73.105,-24.0,1.0,-5.019,33.0,-99.716,-100.0,-100.0,16.0,1.0,-0.0,33.0,-65.467,-65.0,-65.0,-24.0,1.0,-0.0,41.0,-95.017,-95.017,-95.017,0.0,0.0,-0.0,33.0,-69.756,-70.244,-70.244,8.0,0.0,-0.0,34.0,-33.196,-33.196,-33.196,8.0,1.0,-0.158,34.0
15.3575,1,rev,-90.0,12.2,5.528,5.4,5.4,8.0,0.0,-0.0,34.0,-73.874,-90.0,-73.319,-24.0,1.0,-4.481,33.0,-99.716,-100.0,-100.0,16.0,1.0,-0.0,33.0,-65.467,-65.0,-65.0,-24.0,1.0,-0.0,41.0,-95.017,-95.017,-95.017,0.0,0.0,-0.0,33.0,-69.756,-70.244,-70.244,8.0,0.0,-0.0,34.0,-33.196,-33.196,-33.196,8.0,1.0,-0.077,34.0
15.4101,1,rev,-90.0,12.2,5.528,5.4,5.4,8.0,0.0,-0.0,34.0,-74.054,-90.0,-73.534,-24.0,1.0,-4.217,33.0,-99.716,-100.0,-100.0,16.0,1.0,-0.0,33.0,-65.467,-65.0,-65.0,-24.0,1.0,-0.0,41.0,-95.017,-95.017,-95.017,0.0,0.0,-0.0,33.0,-69.756,-70.244,-70.244,8.0,0.0,-0.0,34.0,-33.196,-33.196,-33.196,8.0,1.0,-0.038,34.0
15.4635,1,rev,-90.0,12.2,5.528,5.4,5.4,8.0,0.0,-0.0,34.0,-74.234,-90.0,-73.75,-24.0,1.0,-3.462,33.0,-99.716,-100.0,-100.0,16.0,1.0,-0.0,33.0,-65.467,-65.0,-65.0,-24.0,1.0,-0.0,41.0,-95.017,-95.017,-95.017,0.0,0.0,-0.0,33.0,-69.756,-70.244,-70.244,8.0,0.0,-0.0,34.0,-33.196,-33.196,-33.196,8.0,1.0,-0.019,34.0
15.5169,1,rev,-90.0,12.2,5.528,5.4,5.4,8.0,0.0,-0.0,34.0,-74.414,-90.0,-73.964,-24.0,1.0,-3.106,33.0,-99.716,-100.0,-100.0,16.0,1.0,-0.0,33.0,-65.467,-65.0,-65.0,-24.0,1.0,-0.0,41.0,-95.017,-95.017,-95.017,0.0,0.0,-0.0,33.0,-69.756,-70.244,-70.244,8.0,0.0,-0.0,34.0,-33.196,-33.196,-33.196,8.0,1.0,-0.009,34.0
15.5691,1,rev,-90.0,12.2,5.528,5.4,5.4,8.0,0.0,-0.0,34.0,-74.595,-90.0,-74.181,-24.0,1.0,-3.538,33.0,-99.716,-100.0,-100.0,16.0,1.0,-0.0,33.0,-65.467,-65.0,-65.0,-24.0,1.0,-0.0,41.0,-95.017,-95.017,-95.017,0.0,0.0,-0.0,33.0,-69.756,-70.244,-70.244,8.0,0.0,-0.0,34.0,-33.196,-33.196,-33.196,8.0,1.0,-0.004,34.0
15.6222,1,rev,-90.0,12.2,5.528,5.4,5.4,8.0,0.0,-0.0,34.0,-74.775,-90.0,-74.289,-24.0,1.0,-4.443,33.0,-99.716,-100.0,-100.0,16.0,1.0,-0.0,33.0,-65.467,-65.0,-65.0,-24.0,1.0,-0.0,41.0,-95.017,-95.017,-95.017,0.0,0.0,-0.0,33.0,-69.756,-70.244,-70.244,8.0,0.0,-0.0,34.0,-33.196,-33.196,-33.196,8.0,1.0,-0.003,34.0
15.6758,1,rev,-90.0,12.2,5.528,5.4,5.4,8.0,0.0,-0.0,34.0,-74.955,-90.0,-74.639,-16.0,0.0,-4.008,33.0,-99.716,-100.0,-100.0,16.0,1.0,-0.0,33.0,-65.467,-65.0,-65.0,-24.0,1.0,-0.0,42.0,-95.017,-95.017,-95.017,0.0,0.0,-0.0,33.0,-69.756,-70.244,-70.244,8.0,0.0,-0.0,34.0,-33.196,-33.196,-33.196,0.0,0.0,-0.002,34.0
15.7291,1,rev,-90.0,12.2,5.528,5.4,5.4,8.0,0.0,-0.0,34.0,-75.135,-90.0,-74.754,-16.0,0.0,-3.964,33.0,-99.716,-100.0,-100.0,16.0,1.0,-0.0,33.0,-65.467,-65.0,-65.0,-24.0,1.0,-0.0,42.0,-95.017,-95.017,-95.017,0.0,0.0,-0.0,33.0,-69.756,-70.244,-70.244,8.0,0.0,-0.0,34.0,-33.196,-33.196,-33.196,0.0,0.0,-0.001,34.0
15.7825,1,rev,-90.0,12.2,5.528,5.4,5.4,8.0,0.0,-0.0,34.0,-75.315,-90.0,-74.979,-16.0,0.0,-3.235,33.0,-99.716,-100.0,-100.0,16.0,1.0,-0.0,33.0,-65.467,-65.0,-65.0,-24.0,1.0,-0.0,42.0,-95.017,-95.017,-95.017,0.0,0.0,-0.0,33.0,-69.756,-70.244,-70.244,8.0,0.0,-0.0,34.0,-33.196,-33.196,-33.196,0.0,0.0,-0.001,34.0
15.8359,1,rev,-90.0,12.2,5.528,5.4,5.4,8.0,0.0,-0.0,34.0,-75.676,-90.0,-75.193,-16.0,0.0,-5.037,33.0,-99.716,-100.0,-100.0,16.0,1.0,-0.0,33.0,-65.467,-65.0,-65.0,-24.0,1.0,-0.0,42.0,-95.017,-95.017,-95.017,0.0,0.0,-0.0,33.0,-69.756,-70.244,-70.244,8.0,0.0,-0.0,34.0,-33.196,-33.196,-33.196,0.0,0.0,-0.0,34.0
15.8894,1,rev,-90.0,12.2,5.528,5.4,5.4,8.0,0.0,-0.0,34.0,-75.856,-90.0,-75.408,-16.0,0.0,-4.492,33.0,-99.716,-100.0,-100.0,16.0,1.0,-0.0,33.0,-65.467,-65.0,-65.0,-24.0,1.0,-0.0,42.0,-95.017,-95.017,-95.017,0.0,0.0,-0.0,33.0,-69.756,-70.244,-70.244,8.0,0.0,-0.0,34.0,-33.196,-33.196,-33.196,0.0,0.0,-0.0,34.0
15.9427,1,rev,-90.0,12.2,5.528,5.4,5.4,8.0,0.0,-0.0,34.0,-76.036,-90.0,-75.622,-16.0,0.0,-4.206,33.0,-99.716,-100.0,-100.0,16.0,1.0,-0.0,33.0,-65.467,-65.0,-65.0,-24.0,1.0,-0.0,42.0,-95.017,-95.017,-95.017,0.0,0.0,-0.0,33.0,-69.756,-70.244,-70.244,8.0,0.0,-0.0,34.0,-33.196,-33.196,-33.196,0.0,0.0,-0.0,34.0
15.995,1,rev,-90.0,12.2,5.528,5.4,5.4,8.0,0.0,-0.0,34.0,-76.216,-90.0,-75.839,-16.0,0.0,-3.468,33.0,-99.716,-100.0,-100.0,16.0,1.0,-0.0,33.0,-65.467,-65.0,-65.0,-24.0,1.0,-0.0,42.0,-95.017,-95.017,-95.017,0.0,0.0,-0.0,33.0,-69.756,-70.244,-70.244,8.0,0.0,-0.0,34.0,-33.196,-33.196,-33.196,0.0,0.0,-0.0,34.0
16.0493,1,rev,-90.0,12.2,5.528,5.4,5.4,8.0,0.0,-0.0,34.0,-76.577,-90.0,-76.056,-16.0,0.0,-5.102,33.0,-99.716,-100.0,-100.0,16.0,1.0,-0.0,33.0,-65.467,-65.0,-65.0,-24.0,1.0,-0.0,42.0,-95.017,-95.017,-95.017,0.0,0.0,-0.0,33.0,-69.756,-70.244,-70.244,8.0,0.0,-0.0,34.0,-33.196,-33.196,-33.196,0.0,0.0,-0.0,34.0
16.1026,1,rev,-90.0,12.2,5.528,5.4,5.4,8.0,0.0,-0.0,34.0,-76.757,-90.0,-76.273,-16.0,0.0,-4.515,33.0,-99.716,-100.0,-100.0,16.0,1.0,-0.0,33.0,-65.467,-65.0,-65.0,-24.0,1.0,-0.0,42.0,-95.017,-95.017,-95.017,0.0,0.0,-0.0,33.0,-69.756,-70.244,-70.244,8.0,0.0,-0.0,34.0,-33.196,-33.196,-33.196,0.0,0.0,-0.0,34.0
16.1552,1,rev,-90.0,12.2,5.528,5.4,5.4,8.0,0.0,-0.0,34.0,-76.937,-90.0,-76.489,-16.0,0.0,-4.203,33.0,-99.716,-100.0,-100.0,16.0,1.0,-0.0,33.0,-65.467,-65.0,-65.0,-24.0,1.0,-0.0,42.0,-95.017,-95.017,-95.017,0.0,0.0,-0.0,33.0,-69.756,-70.244,-70.244,8.0,0.0,-0.0,34.0,-33.196,-33.196,-33.196,0.0,0.0,-0.0,34.0
16.2083,1,rev,-90.0,12.2,5.528,5.4,5.4,8.0,0.0,-0.0,34.0,-76.937,-90.0,-76.596,-8.0,0.0,-2.942,33.0,-99.716,-100.0,-100.0,16.0,0.0,-0.0,33.0,-65.467,-65.0,-65.0,-24.0,1.0,-0.0,42.0,-95.017,-95.017,-95.017,0.0,0.0,-0.0,33.0,-69.756,-70.244,-70.244,8.0,0.0,-0.0,34.0,-33.196,-33.196,-33.196,0.0,0.0,-0.0,34.0
16.2613,1,rev,-90.0,12.2,5.528,5.4,5.4,8.0,0.0,-0.0,34.0,-77.297,-90.0,-76.927,-8.0,0.0,-2.788,33.0,-99.716,-100.0,-100.0,16.0,0.0,-0.0,33.0,-65.467,-65.0,-65.0,-24.0,1.0,-0.0,42.0,-95.017,-95.017,-95.017,0.0,0.0,-0.0,33.0,-69.756,-70.244,-70.244,8.0,0.0,-0.0,34.0,-33.196,-33.196,-33.196,0.0,0.0,-0.0,34.0
16.3144,1,rev,-90.0,12.2,5.528,5.4,5.4,8.0,0.0,-0.0,34.0,-77.477,-90.0,-77.14,-8.0,0.0,-2.787,33.0,-99.716,-100.0,-100.0,16.0,0.0,-0.0,33.0,-65.467,-65.0,-65.0,-24.0,1.0,-0.0,42.0,-95.017,-95.017,-95.017,0.0,0.0,-0.0,33.0,-69.756,-70.244,-70.244,8.0,0.0,-0.0,34.0,-33.196,-33.196,-33.196,0.0,0.0,-0.0,34.0
16.3675,1,rev,-90.0,12.2,5.528,5.4,5.4,8.0,0.0,-0.0,34.0,-77.838,-90.0,-77.354,-8.0,0.0,-4.755,33.0,-99.716,-100.0,-100.0,16.0,0.0,-0.0,33.0,-65.467,-65.0,-65.0,-24.0,1.0,-0.0,42.0,-95.017,-95.017,-95.017,0.0,0.0,-0.0,33.0,-69.756,-70.244,-70.244,8.0,0.0,-0.0,34.0,-33.196,-33.196,-33.196,0.0,0.0,-0.0,34.0
16.4208,1,rev,-90.0,12.2,5.528,5.4,5.4,8.0,0.0,-0.0,34.0,-77.838,-90.0,-77.569,-8.0,0.0,-2.33,33.0,-99.716,-100.0,-100.0,16.0,0.0,-0.0,33.0,-65.467,-65.0,-65.0,-24.0,1.0,-0.0,42.0,-95.017,-95.017,-95.017,0.0,0.0,-0.0,33.0,-69.756,-70.244,-70.244,8.0,0.0,-0.0,34.0,-33.196,-33.196,-33.196,0.0,0.0,-0.0,34.0
16.4731,1,rev,-90.0,12.2,5.528,5.4,5.4,8.0,0.0,-0.0,34.0,-78.198,-90.0,-77.783,-8.0,0.0,-4.594,33.0,-99.716,-100.0,-100.0,16.0,0.0,-0.0,33.0,-65.467,-65.0,-65.0,-24.0,1.0,-0.0,42.0,-95.017,-95.017,-95.017,0.0,0.0,-0.0,33.0,-69.756,-70.244,-70.244,8.0,0.0,-0.0,34.0,-33.196,-33.196,-33.196,0.0,0.0,-0.0,34.0
16.5249,1,rev,-90.0,12.2,5.528,5.4,5.4,8.0,0.0,-0.0,34.0,-78.378,-90.0,-77.995,-8.0,0.0,-4.291,33.0,-99.716,-100.0,-100.0,16.0,0.0,-0.0,33.0,-65.467,-65.0,-65.0,-24.0,1.0,-0.0,42.0,-95.017,-95.017,-95.017,0.0,0.0,-0.0,33.0,-69.756,-70.244,-70.244,8.0,0.0,-0.0,34.0,-33.196,-33.196,-33.196,0.0,0.0,-0.0,34.0
16.5771,1,rev,-90.0,12.2,5.528,5.4,5.4,8.0,0.0,-0.0,34.0,-78.559,-90.0,-78.207,-8.0,0.0,-4.127,33.0,-99.716,-100.0,-100.0,16.0,0.0,-0.0,33.0,-65.467,-65.0,-65.0,-24.0,1.0,-0.0,42.0,-95.017,-95.017,-95.017,0.0,0.0,-0.0,33.0,-69.756,-70.244,-70.244,8.0,0.0,-0.0,34.0,-33.196,-33.196,-33.196,0.0,0.0,-0.0,34.0
16.6302,1,rev,-90.0,12.2,5.528,5.4,5.4,8.0,0.0,-0.0,34.0,-78.739,-90.0,-78.421,-8.0,0.0,-3.434,33.0,-99.716,-100.0,-100.0,16.0,0.0,-0.0,33.0,-65.467,-65.0,-65.0,-24.0,1.0,-0.0,42.0,-95.017,-95.017,-95.017,0.0,0.0,-0.0,33.0,-69.756,-70.244,-70.244,8.0,0.0,-0.0,34.0,-33.196,-33.196,-33.196,0.0,0.0,-0.0,34.0
16.6831,1,rev,-90.0,12.2,5.528,5.4,5.4,8.0,0.0,-0.0,34.0,-78.919,-90.0,-78.635,-8.0,0.0,-3.09,33.0,-99.716,-100.0,-100.0,16.0,0.0,-0.0,33.0,-65.467,-65.0,-65.0,-24.0,1.0,-0.0,42.0,-95.017,-95.017,-95.017,0.0,0.0,-0.0,33.0,-69.756,-70.244,-70.244,8.0,0.0,-0.0,34.0,-33.196,-33.196,-33.196,0.0,0.0,-0.0,34.0
16.7372,1,rev,-90.0,12.2,5.528,5.4,5.4,8.0,0.0,-0.0,34.0,-79.099,-90.0,-78.847,-8.0,0.0,-2.946,33.0,-99.716,-100.0,-100.0,16.0,0.0,-0.0,33.0,-65.467,-65.0,-65.0,-24.0,1.0,-0.0,42.0,-95.017,-95.017,-95.017,0.0,0.0,-0.0,33.0,-69.756,-70.244,-70.244,8.0,0.0,-0.0,34.0,-33.196,-33.196,-33.196,0.0,0.0,-0.0,34.0
16.7943,1,rev,-90.0,12.2,5.528,5.4,5.4,8.0,0.0,-0.0,34.0,-79.279,-90.0,-79.088,-20.0,0.0,-2.955,33.0,-99.716,-100.0,-100.0,16.0,0.0,-0.0,33.0,-65.467,-65.0,-65.0,-24.0,1.0,-0.0,41.0,-95.017,-95.017,-95.017,0.0,0.0,-0.0,33.0,-69.756,-70.244,-70.244,8.0,0.0,-0.0,34.0,-33.196,-33.196,-33.196,0.0,0.0,-0.0,34.0
16.8474,1,rev,-90.0,12.2,5.528,5.4,5.4,8.0,0.0,-0.0,34.0,-79.459,-90.0,-79.302,-20.0,0.0,-2.869,33.0,-99.716,-100.0,-100.0,16.0,0.0,-0.0,33.0,-65.467,-65.0,-65.0,-24.0,1.0,-0.0,41.0,-95.017,-95.017,-95.017,0.0,0.0,-0.0,33.0,-69.756,-70.244,-70.244,8.0,0.0,-0.0,34.0,-33.196,-33.196,-33.196,0.0,0.0,-0.0,34.0
16.9008,1,rev,-90.0,12.2,5.528,5.4,5.4,8.0,0.0,-0.0,34.0,-79.82,-90.0,-79.516,-20.0,0.0,-4.83,33.0,-99.716,-100.0,-100.0,16.0,0.0,-0.0,33.0,-65.467,-65.0,-65.0,-24.0,1.0,-0.0,41.0,-95.017,-95.017,-95.017,0.0,0.0,-0.0,33.0,-69.756,-70.244,-70.244,8.0,0.0,-0.0,34.0,-33.196,-33.196,-33.196,0.0,0.0,-0.0,34.0
16.9541,1,rev,-90.0,12.2,5.528,5.4,5.4,8.0,0.0,-0.0,34.0,-79.82,-90.0,-79.731,-20.0,0.0,-3.381,33.0,-99.716,-100.0,-100.0,16.0,0.0,-0.0,33.0,-65.467,-65.0,-65.0,-24.0,1.0,-0.0,41.0,-95.017,-95.017,-95.017,0.0,0.0,-0.0,33.0,-69.756,-70.244,-70.244,8.0,0.0,-0.0,34.0,-33.196,-33.196,-33.196,0.0,0.0,-0.0,34.0
17.0076,1,rev,-90.0,12.2,5.528,5.4,5.4,8.0,0.0,-0.0,34.0,-80.18,-90.0,-79.961,-20.0,0.0,-4.913,33.0,-99.716,-100.0,-100.0,16.0,0.0,-0.0,33.0,-65.467,-65.0,-65.0,-24.0,1.0,-0.0,41.0,-95.017,-95.017,-95.017,0.0,0.0,-0.0,33.0,-69.756,-70.244,-70.244,8.0,0.0,-0.0,34.0,-33.196,-33.196,-33.196,0.0,0.0,-0.0,34.0
17.061,1,rev,-90.0,12.2,5.528,5.4,5.4,8.0,0.0,-0.0,34.0,-80.36,-90.0,-80.083,-20.0,0.0,-4.419,33.0,-99.716,-100.0,-100.0,16.0,0.0,-0.0,33.0,-65.467,-65.0,-65.0,-24.0,1.0,-0.0,41.0,-95.017,-95.017,-95.017,0.0,0.0,-0.0,33.0,-69.756,-70.244,-70.244,8.0,0.0,-0.0,34.0,-33.196,-33.196,-33.196,0.0,0.0,-0.0,34.0
17.1151,1,rev,-90.0,12.2,5.528,5.4,5.4,8.0,0.0,-0.0,34.0,-80.721,-90.0,-80.309,-20.0,0.0,-5.437,33.0,-99.716,-100.0,-100.0,16.0,0.0,-0.0,33.0,-65.467,-65.0,-65.0,-24.0,1.0,-0.0,41.0,-95.017,-95.017,-95.017,0.0,0.0,-0.0,33.0,-69.756,-70.244,-70.244,8.0,0.0,-0.0,34.0,-33.196,-33.196,-33.196,0.0,0.0,-0.0,34.0
17.1684,1,rev,-90.0,12.2,5.528,5.4,5.4,8.0,0.0,-0.0,34.0,-80.721,-90.0,-80.526,-20.0,0.0,-2.664,33.0,-99.716,-100.0,-100.0,16.0,0.0,-0.0,33.0,-65.467,-65.0,-65.0,-24.0,1.0,-0.0,41.0,-95.017,-95.017,-95.017,0.0,0.0,-0.0,33.0,-69.756,-70.244,-70.244,8.0,0.0,-0.0,34.0,-33.196,-33.196,-33.196,0.0,0.0,-0.0,34.0
17.2216,1,rev,-90.0,12.2,5.528,5.4,5.4,8.0,0.0,-0.0,34.0,-80.901,-90.0,-80.741,-20.0,0.0,-2.717,33.0,-99.716,-100.0,-100.0,16.0,0.0,-0.0,33.0,-65.467,-65.0,-65.0,-24.0,1.0,-0.0,41.0,-95.017,-95.017,-95.017,0.0,0.0,-0.0,33.0,-69.756,-70.244,-70.244,8.0,0.0,-0.0,34.0,-33.196,-33.196,-33.196,0.0,0.0,-0.0,34.0
17.2749,1,rev,-90.0,12.2,5.528,5.4,5.4,8.0,0.0,-0.0,34.0,-81.261,-90.0,-80.955,-20.0,0.0,-4.172,33.0,-99.716,-100.0,-100.0,16.0,0.0,-0.0,33.0,-65.467,-65.0,-65.0,-24.0,1.0,-0.0,41.0,-95.017,-95.017,-95.017,0.0,0.0,-0.0,33.0,-69.756,-70.244,-70.244,8.0,0.0,-0.0,34.0,-33.196,-33.196,-33.196,0.0,0.0,-0.0,34.0
17.3278,1,rev,-90.0,12.2,5.528,5.4,5.4,8.0,0.0,-0.0,34.0,-81.441,-90.0,-81.172,-20.0,0.0,-4.069,33.0,-99.716,-100.0,-100.0,16.0,0.0,-0.0,33.0,-65.467,-65.0,-65.0,-24.0,1.0,-0.0,41.0,-95.017,-95.017,-95.017,0.0,0.0,-0.0,33.0,-69.756,-70.244,-70.244,8.0,0.0,-0.0,34.0,-33.196,-33.196,-33.196,0.0,0.0,-0.0,34.0
17.3799,1,rev,-90.0,12.2,5.528,5.4,5.4,8.0,0.0,-0.0,34.0,-81.622,-90.0,-81.406,-8.0,0.0,-3.772,33.0,-99.716,-100.0,-100.0,16.0,0.0,-0.0,33.0,-65.467,-65.0,-65.0,-24.0,1.0,-0.0,41.0,-95.017,-95.017,-95.017,0.0,0.0,-0.0,33.0,-69.756,-70.244,-70.244,8.0,0.0,-0.0,34.0,-33.196,-33.196,-33.196,0.0,0.0,-0.0,34.0
17.432,1,rev,-90.0,12.2,5.528,5.4,5.4,8.0,0.0,-0.0,34.0,-81.802,-90.0,-81.619,-8.0,0.0,-3.264,33.0,-99.716,-100.0,-100.0,16.0,0.0,-0.0,33.0,-65.467,-65.0,-65.0,-24.0,1.0,-0.0,41.0,-95.017,-95.017,-95.017,0.0,0.0,-0.0,33.0,-69.756,-70.244,-70.244,8.0,0.0,-0.0,34.0,-33.196,-33.196,-33.196,0.0,0.0,-0.0,34.0
17.4853,1,rev,-90.0,12.2,5.528,5.4,5.4,8.0,0.0,-0.0,34.0,-81.982,-90.0,-81.833,-8.0,0.0,-3.018,33.0,-99.716,-100.0,-100.0,16.0,0.0,-0.0,33.0,-65.467,-65.0,-65.0,-24.0,1.0,-0.0,41.0,-95.017,-95.017,-95.017,0.0,0.0,-0.0,33.0,-69.756,-70.244,-70.244,8.0,0.0,-0.0,34.0,-33.196,-33.196,-33.196,0.0,0.0,-0.0,34.0
17.5387,1,rev,-90.0,12.2,5.528,5.4,5.4,8.0,0.0,-0.0,34.0,-82.342,-90.0,-82.048,-8.0,0.0,-4.908,33.0,-99.716,-100.0,-100.0,16.0,0.0,-0.0,33.0,-65.467,-65.0,-65.0,-24.0,1.0,-0.0,41.0,-95.017,-95.017,-95.017,0.0,0.0,-0.0,33.0,-69.756,-70.244,-70.244,8.0,0.0,-0.0,34.0,-33.196,-33.196,-33.196,0.0,0.0,-0.0,34.0
17.5911,1,rev,-90.0,12.2,5.528,5.4,5.4,8.0,0.0,-0.0,34.0,-82.523,-90.0,-82.262,-8.0,0.0,-3.815,33.0,-99.716,-100.0,-100.0,16.0,0.0,-0.0,33.0,-65.467,-65.0,-65.0,-24.0,1.0,-0.0,41.0,-95.017,-95.017,-95.017,0.0,0.0,-0.0,33.0,-69.756,-70.244,-70.244,8.0,0.0,-0.0,34.0,-33.196,-33.196,-33.196,0.0,0.0,-0.0,34.0
17.6445,1,rev,-90.0,12.2,5.528,5.4,5.4,8.0,0.0,-0.0,34.0,-82.703,-90.0,-82.477,-8.0,0.0,-3.853,33.0,-99.716,-100.0,-100.0,16.0,0.0,-0.0,33.0,-65.467,-65.0,-65.0,-24.0,1.0,-0.0,41.0,-95.017,-95.017,-95.017,0.0,0.0,-0.0,33.0,-69.756,-70.244,-70.244,8.0,0.0,-0.0,34.0,-33.196,-33.196,-33.196,0.0,0.0,-0.0,34.0
17.697,1,rev,-90.0,12.2,5.528,5.4,5.4,8.0,0.0,-0.0,34.0,-82.883,-90.0,-82.692,-8.0,0.0,-3.302,33.0,-99.716,-100.0,-100.0,16.0,0.0,-0.0,33.0,-65.467,-65.0,-65.0,-24.0,1.0,-0.0,41.0,-95.017,-95.017,-95.017,0.0,0.0,-0.0,33.0,-69.756,-70.244,-70.244,8.0,0.0,-0.0,34.0,-33.196,-33.196,-33.196,0.0,0.0,-0.0,34.0
17.7503,1,rev,-90.0,12.2,5.528,5.4,5.4,8.0,0.0,-0.0,34.0,-83.063,-90.0,-82.907,-8.0,0.0,-3.031,33.0,-99.716,-100.0,-100.0,16.0,0.0,-0.0,33.0,-65.467,-65.0,-65.0,-24.0,1.0,-0.0,41.0,-95.017,-95.017,-95.017,0.0,0.0,-0.0,33.0,-69.756,-70.244,-70.244,8.0,0.0,-0.0,34.0,-33.196,-33.196,-33.196,0.0,0.0,-0.0,34.0
17.8037,1,rev,-90.0,12.2,5.528,5.4,5.4,8.0,0.0,-0.0,34.0,-83.243,-90.0,-83.121,-8.0,0.0,-2.899,33.0,-99.716,-100.0,-100.0,16.0,0.0,-0.0,33.0,-65.467,-65.0,-65.0,-24.0,1.0,-0.0,41.0,-95.017,-95.017,-95.017,0.0,0.0,-0.0,33.0,-69.756,-70.244,-70.244,8.0,0.0,-0.0,34.0,-33.196,-33.196,-33.196,0.0,0.0,-0.0,34.0
17.8565,1,rev,-90.0,12.2,5.528,5.4,5.4,8.0,0.0,-0.0,34.0,-83.604,-90.0,-83.335,-8.0,0.0,-4.876,33.0,-99.716,-100.0,-100.0,16.0,0.0,-0.0,33.0,-65.467,-65.0,-65.0,-24.0,1.0,-0.0,41.0,-95.017,-95.017,-95.017,0.0,0.0,-0.0,33.0,-69.756,-70.244,-70.244,8.0,0.0,-0.0,34.0,-33.196,-33.196,-33.196,0.0,0.0,-0.0,34.0
17.9096,1,rev,-90.0,12.2,5.528,5.4,5.4,8.0,0.0,-0.0,34.0,-83.604,-90.0,-83.44,-8.0,0.0,-3.413,33.0,-99.716,-100.0,-100.0,16.0,0.0,-0.0,33.0,-65.467,-65.0,-65.0,-24.0,1.0,-0.0,41.0,-95.017,-95.017,-95.017,0.0,0.0,-0.0,33.0,-69.756,-70.244,-70.244,8.0,0.0,-0.0,34.0,-33.196,-33.196,-33.196,0.0,0.0,-0.0,34.0
17.9629,1,rev,-90.0,12.2,5.528,5.4,5.4,8.0,0.0,-0.0,34.0,-83.784,-90.0,-83.789,0.0,0.0,-3.289,33.0,-99.716,-100.0,-100.0,16.0,0.0,-0.0,33.0,-65.467,-65.0,-65.0,-24.0,1.0,-0.0,42.0,-95.017,-95.017,-95.017,0.0,0.0,-0.0,33.0,-69.756,-70.244,-70.244,8.0,0.0,-0.0,34.0,-33.196,-33.196,-33.196,0.0,0.0,-0.0,34.0
18.0164,1,rev,-90.0,12.2,5.528,5.4,5.4,8.0,0.0,-0.0,34.0,-84.144,-90.0,-84.009,0.0,0.0,-4.955,33.0,-99.716,-100.0,-100.0,16.0,0.0,-0.0,33.0,-65.467,-65.0,-65.0,-24.0,1.0,-0.0,42.0,-95.017,-95.017,-95.017,0.0,0.0,-0.0,33.0,-69.756,-70.244,-70.244,8.0,0.0,-0.0,34.0,-33.196,-33.196,-33.196,0.0,0.0,-0.0,34.0
18.07,1,rev,-90.0,12.2,5.528,5.4,5.4,8.0,0.0,-0.0,34.0,-84.324,-90.0,-84.121,0.0,0.0,-3.775,33.0,-99.716,-100.0,-100.0,16.0,0.0,-0.0,33.0,-65.467,-65.0,-65.0,-24.0,1.0,-0.0,42.0,-95.017,-95.017,-95.017,0.0,0.0,-0.0,33.0,-69.756,-70.244,-70.244,8.0,0.0,-0.0,34.0,-33.196,-33.196,-33.196,0.0,0.0,-0.0,34.0
18.1236,1,rev,-90.0,12.2,5.528,5.4,5.4,8.0,0.0,-0.0,34.0,-84.505,-90.0,-84.344,0.0,0.0,-3.874,33.0,-99.716,-100.0,-100.0,16.0,0.0,-0.0,33.0,-65.467,-65.0,-65.0,-24.0,1.0,-0.0,42.0,-95.017,-95.017,-95.017,0.0,0.0,-0.0,33.0,-69.756,-70.244,-70.244,8.0,0.0,-0.0,34.0,-33.196,-33.196,-33.196,0.0,0.0,-0.0,34.0
18.1765,1,rev,-90.0,12.2,5.528,5.4,5.4,8.0,0.0,-0.0,34.0,-84.865,-90.0,-84.557,0.0,0.0,-5.31,33.0,-99.716,-100.0,-100.0,16.0,0.0,-0.0,33.0,-65.467,-65.0,-65.0,-24.0,1.0,-0.0,42.0,-95.017,-95.017,-95.017,0.0,0.0,-0.0,33.0,-69.756,-70.244,-70.244,8.0,0.0,-0.0,34.0,-33.196,-33.196,-33.196,0.0,0.0,-0.0,34.0
18.2294,1,rev,-90.0,12.2,5.528,5.4,5.4,8.0,0.0,-0.0,34.0,-84.865,-90.0,-84.773,0.0,0.0,-2.602,33.0,-99.716,-100.0,-100.0,16.0,0.0,-0.0,33.0,-65.467,-65.0,-65.0,-24.0,1.0,-0.0,42.0,-95.017,-95.017,-95.017,0.0,0.0,-0.0,33.0,-69.756,-70.244,-70.244,8.0,0.0,-0.0,34.0,-33.196,-33.196,-33.196,0.0,0.0,-0.0,34.0
18.2821,1,rev,-90.0,12.2,5.528,5.4,5.4,8.0,0.0,-0.0,34.0,-85.225,-90.0,-84.988,0.0,0.0,-4.71,33.0,-99.716,-100.0,-100.0,16.0,0.0,-0.0,33.0,-65.467,-65.0,-65.0,-24.0,1.0,-0.0,42.0,-95.017,-95.017,-95.017,0.0,0.0,-0.0,33.0,-69.756,-70.244,-70.244,8.0,0.0,-0.0,34.0,-33.196,-33.196,-33.196,0.0,0.0,-0.0,34.0
18.3354,1,rev,-90.0,12.2,5.528,5.4,5.4,8.0,0.0,-0.0,34.0,-85.405,-90.0,-85.201,0.0,0.0,-4.334,33.0,-99.716,-100.0,-100.0,16.0,0.0,-0.0,33.0,-65.467,-65.0,-65.0,-24.0,1.0,-0.0,42.0,-95.017,-95.017,-95.017,0.0,0.0,-0.0,33.0,-69.756,-70.244,-70.244,8.0,0.0,-0.0,34.0,-33.196,-33.196,-33.196,0.0,0.0,-0.0,34.0
18.3885,1,rev,-90.0,12.2,5.528,5.4,5.4,8.0,0.0,-0.0,34.0,-85.586,-90.0,-85.415,0.0,0.0,-4.165,33.0,-99.716,-100.0,-100.0,16.0,0.0,-0.0,33.0,-65.467,-65.0,-65.0,-24.0,1.0,-0.0,42.0,-95.017,-95.017,-95.017,0.0,0.0,-0.0,33.0,-69.756,-70.244,-70.244,8.0,0.0,-0.0,34.0,-33.196,-33.196,-33.196,0.0,0.0,-0.0,34.0
18.4416,1,rev,-90.0,12.2,5.528,5.4,5.4,8.0,0.0,-0.0,34.0,-85.766,-90.0,-85.628,0.0,0.0,-3.45,33.0,-99.716,-100.0,-100.0,16.0,0.0,-0.0,33.0,-65.467,-65.0,-65.0,-24.0,1.0,-0.0,42.0,-95.017,-95.017,-95.017,0.0,0.0,-0.0,33.0,-69.756,-70.244,-70.244,8.0,0.0,-0.0,34.0,-33.196,-33.196,-33.196,0.0,0.0,-0.0,34.0
18.4948,1,rev,-90.0,12.2,5.528,5.4,5.4,8.0,0.0,-0.0,34.0,-85.946,-90.0,-85.734,-8.0,0.0,-4.455,33.0,-99.716,-100.0,-100.0,16.0,0.0,-0.0,33.0,-65.467,-65.0,-65.0,-24.0,1.0,-0.0,41.0,-95.017,-95.017,-95.017,0.0,0.0,-0.0,33.0,-69.756,-70.244,-70.244,8.0,0.0,-0.0,34.0,-33.196,-33.196,-33.196,0.0,0.0,-0.0,34.0
18.5478,1,rev,-90.0,12.2,5.528,5.4,5.4,8.0,0.0,-0.0,34.0,-86.126,-90.0,-86.068,-8.0,0.0,-4.215,33.0,-99.716,-100.0,-100.0,16.0,0.0,-0.0,33.0,-65.467,-65.0,-65.0,-24.0,1.0,-0.0,41.0,-95.017,-95.017,-95.017,0.0,0.0,-0.0,33.0,-69.756,-70.244,-70.244,8.0,0.0,-0.0,34.0,-33.196,-33.196,-33.196,0.0,0.0,-0.0,34.0
18.6001,1,rev,-90.0,12.2,5.528,5.4,5.4,8.0,0.0,-0.0,34.0,-86.486,-90.0,-86.283,-8.0,0.0,-5.503,33.0,-99.716,-100.0,-100.0,16.0,0.0,-0.0,33.0,-65.467,-65.0,-65.0,-24.0,1.0,-0.0,41.0,-95.017,-95.017,-95.017,0.0,0.0,-0.0,33.0,-69.756,-70.244,-70.244,8.0,0.0,-0.0,34.0,-33.196,-33.196,-33.196,0.0,0.0,-0.0,34.0
18.652,1,rev,-90.0,12.2,5.528,5.4,5.4,8.0,0.0,-0.0,34.0,-86.667,-90.0,-86.498,-8.0,0.0,-4.717,33.0,-99.716,-100.0,-100.0,16.0,0.0,-0.0,33.0,-65.467,-65.0,-65.0,-24.0,1.0,-0.0,41.0,-95.017,-95.017,-95.017,0.0,0.0,-0.0,33.0,-69.756,-70.244,-70.244,8.0,0.0,-0.0,34.0,-33.196,-33.196,-33.196,0.0,0.0,-0.0,34.0
18.7054,1,rev,-90.0,12.2,5.528,5.4,5.4,8.0,0.0,-0.0,34.0,-86.847,-90.0,-86.713,-8.0,0.0,-3.707,33.0,-99.716,-100.0,-100.0,16.0,0.0,-0.0,33.0,-65.467,-65.0,-65.0,-24.0,1.0,-0.0,41.0,-95.017,-95.017,-95.017,0.0,0.0,-0.0,33.0,-69.756,-70.244,-70.244,8.0,0.0,-0.0,34.0,-33.196,-33.196,-33.196,0.0,0.0,-0.0,34.0
18.7588,1,rev,-90.0,12.2,5.528,5.4,5.4,8.0,0.0,-0.0,34.0,-87.027,-90.0,-86.929,-8.0,0.0,-3.219,33.0,-99.716,-100.0,-100.0,16.0,0.0,-0.0,33.0,-65.467,-65.0,-65.0,-24.0,1.0,-0.0,41.0,-95.017,-95.017,-95.017,0.0,0.0,-0.0,33.0,-69.756,-70.244,-70.244,8.0,0.0,-0.0,34.0,-33.196,-33.196,-33.196,0.0,0.0,-0.0,34.0
18.8123,1,rev,-90.0,12.2,5.528,5.4,5.4,8.0,0.0,-0.0,34.0,-87.207,-90.0,-87.142,-8.0,0.0,-3.589,33.0,-99.716,-100.0,-100.0,16.0,0.0,-0.0,33.0,-65.467,-65.0,-65.0,-24.0,1.0,-0.0,41.0,-95.017,-95.017,-95.017,0.0,0.0,-0.0,33.0,-69.756,-70.244,-70.244,8.0,0.0,-0.0,34.0,-33.196,-33.196,-33.196,0.0,0.0,-0.0,34.0
18.8655,1,rev,-90.0,12.2,5.528,5.4,5.4,8.0,0.0,-0.0,34.0,-87.387,-90.0,-87.357,-8.0,0.0,-3.171,33.0,-99.716,-100.0,-100.0,16.0,0.0,-0.0,33.0,-65.467,-65.0,-65.0,-24.0,1.0,-0.0,41.0,-95.017,-95.017,-95.017,0.0,0.0,-0.0,33.0,-69.756,-70.244,-70.244,8.0,0.0,-0.0,34.0,-33.196,-33.196,-33.196,0.0,0.0,-0.0,34.0
18.9189,1,rev,-90.0,12.2,5.528,5.4,5.4,8.0,0.0,-0.0,34.0,-87.568,-90.0,-87.572,-8.0,0.0,-2.967,33.0,-99.716,-100.0,-100.0,16.0,0.0,-0.0,33.0,-65.467,-65.0,-65.0,-24.0,1.0,-0.0,41.0,-95.017,-95.017,-95.017,0.0,0.0,-0.0,33.0,-69.756,-70.244,-70.244,8.0,0.0,-0.0,34.0,-33.196,-33.196,-33.196,0.0,0.0,-0.0,34.0
18.971,1,rev,-90.0,12.2,5.528,5.4,5.4,8.0,0.0,-0.0,34.0,-87.928,-90.0,-87.785,-8.0,0.0,-4.871,33.0,-99.716,-100.0,-100.0,16.0,0.0,-0.0,33.0,-65.467,-65.0,-65.0,-24.0,1.0,-0.0,41.0,-95.017,-95.017,-95.017,0.0,0.0,-0.0,33.0,-69.756,-70.244,-70.244,8.0,0.0,-0.0,34.0,-33.196,-33.196,-33.196,0.0,0.0,-0.0,34.0
19.024,1,rev,-90.0,12.2,5.528,5.4,5.4,8.0,0.0,-0.0,34.0,-88.108,-90.0,-88.0,-8.0,0.0,-4.395,33.0,-99.716,-100.0,-100.0,16.0,0.0,-0.0,33.0,-65.467,-65.0,-65.0,-24.0,1.0,-0.0,41.0,-95.017,-95.017,-95.017,0.0,0.0,-0.0,33.0,-69.756,-70.244,-70.244,8.0,0.0,-0.0,34.0,-33.196,-33.196,-33.196,0.0,0.0,-0.0,34.0
19.0771,1,rev,-90.0,12.2,5.528,5.4,5.4,8.0,0.0,-0.0,34.0,-88.108,-90.0,-88.233,0.0,0.0,-4.395,33.0,-99.716,-100.0,-100.0,16.0,0.0,-0.0,33.0,-65.467,-65.0,-65.0,-24.0,1.0,-0.0,41.0,-95.017,-95.017,-95.017,0.0,0.0,-0.0,33.0,-69.756,-70.244,-70.244,8.0,0.0,-0.0,34.0,-33.196,-33.196,-33.196,0.0,0.0,-0.0,34.0
19.1304,1,rev,-90.0,12.2,5.528,5.4,5.4,8.0,0.0,-0.0,34.0,-88.288,-90.0,-88.46,0.0,0.0,-2.769,33.0,-99.716,-100.0,-100.0,16.0,0.0,-0.0,33.0,-65.467,-65.0,-65.0,-24.0,1.0,-0.0,41.0,-95.017,-95.017,-95.017,0.0,0.0,-0.0,33.0,-69.756,-70.244,-70.244,8.0,0.0,-0.0,34.0,-33.196,-33.196,-33.196,0.0,0.0,-0.0,34.0
19.183,1,rev,-90.0,12.2,5.528,5.4,5.4,8.0,0.0,-0.0,34.0,-88.649,-90.0,-88.575,0.0,0.0,-4.674,33.0,-99.716,-100.0,-100.0,16.0,0.0,-0.0,33.0,-65.467,-65.0,-65.0,-24.0,1.0,-0.0,41.0,-95.017,-95.017,-95.017,0.0,0.0,-0.0,33.0,-69.756,-70.244,-70.244,8.0,0.0,-0.0,34.0,-33.196,-33.196,-33.196,0.0,0.0,-0.0,34.0
19.2369,1,rev,-90.0,12.2,5.528,5.4,5.4,8.0,0.0,-0.0,34.0,-89.009,-90.0,-88.796,0.0,0.0,-6.268,33.0,-99.716,-100.0,-100.0,16.0,0.0,-0.0,33.0,-65.467,-65.0,-65.0,-24.0,1.0,-0.0,41.0,-95.017,-95.017,-95.017,0.0,0.0,-0.0,33.0,-69.756,-70.244,-70.244,8.0,0.0,-0.0,34.0,-33.196,-33.196,-33.196,0.0,0.0,-0.0,34.0
19.2909,1,rev,-90.0,12.2,5.528,5.4,5.4,8.0,0.0,-0.0,34.0,-89.009,-90.0,-89.012,0.0,0.0,-3.071,33.0,-99.716,-100.0,-100.0,16.0,0.0,-0.0,33.0,-65.467,-65.0,-65.0,-24.0,1.0,-0.0,41.0,-95.017,-95.017,-95.017,0.0,0.0,-0.0,33.0,-69.756,-70.244,-70.244,8.0,0.0,-0.0,34.0,-33.196,-33.196,-33.196,0.0,0.0,-0.0,34.0
19.3444,1,rev,-90.0,12.2,5.528,5.4,5.4,8.0,0.0,-0.0,34.0,-89.369,-90.0,-89.244,0.0,0.0,-4.743,33.0,-99.716,-100.0,-100.0,16.0,0.0,-0.0,33.0,-65.467,-65.0,-65.0,-24.0,1.0,-0.0,41.0,-95.017,-95.017,-95.017,0.0,0.0,-0.0,33.0,-69.756,-70.244,-70.244,8.0,0.0,-0.0,34.0,-33.196,-33.196,-33.196,0.0,0.0,-0.0,34.0
19.3978,1,rev,-90.0,12.2,5.528,5.4,5.4,8.0,0.0,-0.0,34.0,-89.55,-90.0,-89.458,0.0,0.0,-4.362,33.0,-99.716,-100.0,-100.0,16.0,0.0,-0.0,33.0,-65.467,-65.0,-65.0,-24.0,1.0,-0.0,41.0,-95.017,-95.017,-95.017,0.0,0.0,-0.0,33.0,-69.756,-70.244,-70.244,8.0,0.0,-0.0,34.0,-33.196,-33.196,-33.196,0.0,0.0,-0.0,34.0
19.4508,1,rev,-90.0,12.2,5.528,5.4,5.4,8.0,0.0,-0.0,34.0,-89.73,-90.0,-89.67,0.0,0.0,-4.159,33.0,-99.716,-100.0,-100.0,16.0,0.0,-0.0,33.0,-65.467,-65.0,-65.0,-24.0,1.0,-0.0,41.0,-95.017,-95.017,-95.017,0.0,0.0,-0.0,33.0,-69.756,-70.244,-70.244,8.0,0.0,-0.0,34.0,-33.196,-33.196,-33.196,0.0,0.0,-0.0,34.0
19.5041,1,rev,-90.0,12.2,5.528,5.4,5.4,8.0,0.0,-0.0,34.0,-89.91,-90.0,-89.884,0.0,0.0,-4.069,33.0,-99.716,-100.0,-100.0,16.0,0.0,-0.0,33.0,-65.467,-65.0,-65.0,-24.0,1.0,-0.0,41.0,-95.017,-95.017,-95.017,0.0,0.0,-0.0,33.0,-69.756,-70.244,-70.244,8.0,0.0,-0.0,34.0,-33.196,-33.196,-33.196,0.0,0.0,-0.0,34.0
19.556,1,hold_start,-90.0,12.2,5.528,5.4,5.4,8.0,0.0,-0.0,34.0,-90.09,-90.0,-90.0,0.0,0.0,-3.414,33.0,-99.716,-100.0,-100.0,16.0,0.0,-0.0,33.0,-65.467,-65.0,-65.0,-24.0,1.0,-0.0,41.0,-95.017,-95.017,-95.017,0.0,0.0,-0.0,33.0,-69.756,-70.244,-70.244,8.0,0.0,-0.0,34.0,-33.196,-33.196,-33.196,0.0,0.0,-0.0,34.0
19.6093,1,hold_start,-90.0,12.2,5.528,5.4,5.4,8.0,0.0,-0.0,34.0,-90.27,-90.0,-90.0,0.0,0.0,-3.073,33.0,-99.716,-100.0,-100.0,16.0,0.0,-0.0,33.0,-65.467,-65.0,-65.0,-24.0,1.0,-0.0,41.0,-95.017,-95.017,-95.017,0.0,0.0,-0.0,33.0,-69.756,-70.244,-70.244,8.0,0.0,-0.0,34.0,-33.196,-33.196,-33.196,0.0,0.0,-0.0,34.0
19.6625,1,hold_start,-90.0,12.2,5.528,5.4,5.4,8.0,0.0,-0.0,34.0,-90.27,-90.0,-90.0,-8.0,0.0,-2.151,33.0,-99.716,-100.0,-100.0,16.0,0.0,-0.0,33.0,-65.467,-65.0,-65.0,-24.0,1.0,-0.0,41.0,-95.017,-95.017,-95.017,0.0,0.0,-0.0,33.0,-69.756,-70.244,-70.244,8.0,0.0,-0.0,34.0,-33.196,-33.196,-33.196,0.0,0.0,-0.0,34.0
19.7153,1,hold_start,-90.0,12.2,5.528,5.4,5.4,8.0,0.0,-0.0,34.0,-90.27,-90.0,-90.0,-8.0,0.0,-1.054,33.0,-99.716,-100.0,-100.0,16.0,0.0,-0.0,33.0,-65.467,-65.0,-65.0,-24.0,1.0,-0.0,41.0,-95.017,-95.017,-95.017,0.0,0.0,-0.0,33.0,-69.756,-70.244,-70.244,8.0,0.0,-0.0,34.0,-33.196,-33.196,-33.196,0.0,0.0,-0.0,34.0
19.7685,1,hold_start,-90.0,12.2,5.528,5.4,5.4,8.0,0.0,-0.0,34.0,-90.27,-90.0,-90.0,-8.0,0.0,-0.516,33.0,-99.716,-100.0,-100.0,16.0,0.0,-0.0,33.0,-65.467,-65.0,-65.0,-24.0,1.0,-0.0,41.0,-95.017,-95.017,-95.017,0.0,0.0,-0.0,33.0,-69.756,-70.244,-70.244,8.0,0.0,-0.0,34.0,-33.196,-33.196,-33.196,0.0,0.0,-0.0,34.0
19.821,1,hold_start,-90.0,12.2,5.528,5.4,5.4,8.0,0.0,-0.0,34.0,-90.27,-90.0,-90.0,-8.0,0.0,-0.253,33.0,-99.716,-100.0,-100.0,16.0,0.0,-0.0,33.0,-65.467,-65.0,-65.0,-24.0,1.0,-0.0,41.0,-95.017,-95.017,-95.017,0.0,0.0,-0.0,33.0,-69.756,-70.244,-70.244,8.0,0.0,-0.0,34.0,-33.196,-33.196,-33.196,0.0,0.0,-0.0,34.0
19.8738,1,hold_start,-90.0,12.2,5.528,5.4,5.4,8.0,0.0,-0.0,34.0,-90.27,-90.0,-90.0,-8.0,0.0,-0.124,33.0,-99.716,-100.0,-100.0,16.0,0.0,-0.0,33.0,-65.467,-65.0,-65.0,-24.0,1.0,-0.0,41.0,-95.017,-95.017,-95.017,0.0,0.0,-0.0,33.0,-69.756,-70.244,-70.244,8.0,0.0,-0.0,34.0,-33.196,-33.196,-33.196,0.0,0.0,-0.0,34.0
19.9259,1,hold_start,-90.0,12.2,5.528,5.4,5.4,8.0,0.0,-0.0,34.0,-90.27,-90.0,-90.0,-8.0,0.0,-0.087,33.0,-99.716,-100.0,-100.0,16.0,0.0,-0.0,33.0,-65.467,-65.0,-65.0,-24.0,1.0,-0.0,41.0,-95.017,-95.017,-95.017,0.0,0.0,-0.0,33.0,-69.756,-70.244,-70.244,8.0,0.0,-0.0,34.0,-33.196,-33.196,-33.196,0.0,0.0,-0.0,34.0
19.9792,1,hold_start,-90.0,12.2,5.528,5.4,5.4,8.0,0.0,-0.0,34.0,-90.27,-90.0,-90.0,-8.0,0.0,-0.043,33.0,-99.716,-100.0,-100.0,16.0,0.0,-0.0,33.0,-65.467,-65.0,-65.0,-24.0,1.0,-0.0,41.0,-95.017,-95.017,-95.017,0.0,0.0,-0.0,33.0,-69.756,-70.244,-70.244,8.0,0.0,-0.0,34.0,-32.99,-33.196,-33.196,0.0,0.0,2.305,34.0
20.0324,1,hold_start,-90.0,12.2,5.528,5.4,5.4,8.0,0.0,-0.0,34.0,-90.27,-90.0,-90.0,-8.0,0.0,-0.021,33.0,-99.716,-100.0,-100.0,16.0,0.0,-0.0,33.0,-65.467,-65.0,-65.0,-24.0,1.0,-0.0,41.0,-95.017,-95.017,-95.017,0.0,0.0,-0.0,33.0,-69.756,-70.244,-70.244,8.0,0.0,-0.0,34.0,-32.99,-33.196,-33.196,0.0,0.0,1.13,34.0
20.0876,1,hold_start,-90.0,12.2,5.528,5.4,5.4,8.0,0.0,-0.0,34.0,-90.27,-90.0,-90.0,-8.0,0.0,-0.01,33.0,-99.716,-100.0,-100.0,16.0,0.0,-0.0,33.0,-65.467,-65.0,-65.0,-24.0,1.0,-0.0,41.0,-95.017,-95.017,-95.017,0.0,0.0,-0.0,33.0,-69.756,-70.244,-70.244,8.0,0.0,-0.0,34.0,-32.99,-33.196,-33.196,0.0,0.0,0.554,34.0
20.1411,1,hold_start,-90.0,12.2,5.528,5.4,5.4,8.0,0.0,-0.0,34.0,-90.27,-90.0,-90.0,-8.0,0.0,-0.005,33.0,-99.716,-100.0,-100.0,16.0,0.0,-0.0,33.0,-65.467,-65.0,-65.0,-24.0,1.0,-0.0,41.0,-95.017,-95.017,-95.017,0.0,0.0,-0.0,33.0,-69.756,-70.244,-70.244,8.0,0.0,-0.0,34.0,-32.99,-33.196,-33.196,0.0,0.0,0.271,34.0
20.1945,1,hold_start,-90.0,12.2,5.528,5.4,5.4,8.0,0.0,-0.0,34.0,-90.27,-90.0,-90.0,-8.0,0.0,-0.002,33.0,-99.716,-100.0,-100.0,16.0,0.0,-0.0,33.0,-65.467,-65.0,-65.0,-24.0,1.0,-0.0,41.0,-95.017,-95.017,-95.017,0.0,0.0,-0.0,33.0,-69.756,-70.244,-70.244,8.0,0.0,-0.0,34.0,-33.196,-33.196,-33.196,0.0,0.0,-1.466,34.0
20.2477,1,hold_start,-90.0,12.2,5.528,5.4,5.4,8.0,0.0,-0.0,34.0,-90.27,-90.0,-90.0,-8.0,0.0,-0.002,33.0,-99.716,-100.0,-100.0,16.0,0.0,-0.0,33.0,-65.467,-65.0,-65.0,-24.0,1.0,-0.0,41.0,-95.017,-95.017,-95.017,0.0,0.0,-0.0,33.0,-69.756,-70.244,-70.244,8.0,0.0,-0.0,34.0,-33.196,-33.196,-33.196,0.0,0.0,-1.026,34.0
20.3005,1,hold_start,-90.0,12.2,5.528,5.4,5.4,8.0,0.0,-0.0,34.0,-90.27,-90.0,-90.0,-8.0,0.0,-0.001,33.0,-99.716,-100.0,-100.0,16.0,0.0,-0.0,33.0,-65.467,-65.0,-65.0,-24.0,1.0,-0.0,41.0,-95.017,-95.017,-95.017,0.0,0.0,-0.0,33.0,-69.756,-70.244,-70.244,8.0,0.0,-0.0,34.0,-33.196,-33.196,-33.196,0.0,0.0,-0.503,34.0
20.3534,1,hold_start,-90.0,12.2,5.528,5.4,5.4,8.0,0.0,-0.0,34.0,-90.27,-90.0,-90.0,-8.0,0.0,-0.0,33.0,-99.716,-100.0,-100.0,16.0,0.0,-0.0,33.0,-65.467,-65.0,-65.0,-24.0,1.0,-0.0,41.0,-95.017,-95.017,-95.017,0.0,0.0,-0.0,33.0,-69.756,-70.244,-70.244,8.0,0.0,-0.0,34.0,-33.196,-33.196,-33.196,0.0,0.0,-0.246,34.0
20.4065,1,hold_start,-90.0,12.2,5.528,5.4,5.4,8.0,0.0,-0.0,34.0,-90.27,-90.0,-90.0,-8.0,0.0,-0.0,33.0,-99.716,-100.0,-100.0,16.0,0.0,-0.0,33.0,-65.467,-65.0,-65.0,-24.0,1.0,-0.0,41.0,-95.017,-95.017,-95.017,0.0,0.0,-0.0,33.0,-69.756,-70.244,-70.244,8.0,0.0,-0.0,34.0,-33.196,-33.196,-33.196,0.0,0.0,-0.121,34.0
20.4595,1,hold_start,-90.0,12.2,5.528,5.4,5.4,8.0,0.0,-0.0,34.0,-90.27,-90.0,-90.0,-8.0,0.0,-0.0,33.0,-99.716,-100.0,-100.0,16.0,0.0,-0.0,33.0,-65.467,-65.0,-65.0,-24.0,1.0,-0.0,41.0,-95.017,-95.017,-95.017,0.0,0.0,-0.0,33.0,-69.756,-70.244,-70.244,8.0,0.0,-0.0,34.0,-33.196,-33.196,-33.196,0.0,0.0,-0.059,34.0
20.5129,1,hold_start,-90.0,12.2,5.528,5.4,5.4,8.0,0.0,-0.0,34.0,-90.27,-90.0,-90.0,-8.0,0.0,-0.0,33.0,-99.716,-100.0,-100.0,16.0,0.0,-0.0,33.0,-65.467,-65.0,-65.0,-24.0,1.0,-0.0,41.0,-95.017,-95.017,-95.017,0.0,0.0,-0.0,33.0,-69.756,-70.244,-70.244,8.0,0.0,-0.0,34.0,-33.196,-33.196,-33.196,0.0,0.0,-0.029,34.0
