t,cycle,leg,target,volt,shoulder_pitch_q,shoulder_pitch_cmd,shoulder_pitch_out,shoulder_pitch_i,shoulder_pitch_cur,shoulder_pitch_qd,shoulder_pitch_temp,shoulder_yaw_q,shoulder_yaw_cmd,shoulder_yaw_out,shoulder_yaw_i,shoulder_yaw_cur,shoulder_yaw_qd,shoulder_yaw_temp,shoulder_roll_q,shoulder_roll_cmd,shoulder_roll_out,shoulder_roll_i,shoulder_roll_cur,shoulder_roll_qd,shoulder_roll_temp,elbow_flex_q,elbow_flex_cmd,elbow_flex_out,elbow_flex_i,elbow_flex_cur,elbow_flex_qd,elbow_flex_temp,wrist_roll_q,wrist_roll_cmd,wrist_roll_out,wrist_roll_i,wrist_roll_cur,wrist_roll_qd,wrist_roll_temp,wrist_yaw_q,wrist_yaw_cmd,wrist_yaw_out,wrist_yaw_i,wrist_yaw_cur,wrist_yaw_qd,wrist_yaw_temp,wrist_pitch_q,wrist_pitch_cmd,wrist_pitch_out,wrist_pitch_i,wrist_pitch_cur,wrist_pitch_qd,wrist_pitch_temp
-0.0101,0,approach,-65.0,12.1,5.618,5.4,5.4,16.0,0.0,0.0,37.0,-100.0,-100.0,-100.0,0.0,0.0,-0.0,32.0,-99.858,-100.0,-100.0,8.0,0.0,-0.0,33.0,-1.733,0.0,0.0,-104.0,17.0,-0.0,39.0,-100.0,-100.0,-100.0,-16.0,0.0,-0.0,31.0,10.244,9.756,9.756,8.0,0.0,-0.0,32.0,22.887,23.299,23.299,-16.0,0.0,-0.0,32.0
0.0431,0,approach,-65.0,12.1,5.618,5.4,5.4,16.0,0.0,0.0,37.0,-100.0,-100.0,-100.0,0.0,0.0,-0.0,32.0,-99.858,-100.0,-100.0,8.0,0.0,-0.0,33.0,-1.733,-65.0,-0.176,-104.0,17.0,-0.0,39.0,-100.0,-100.0,-100.0,-16.0,0.0,-0.0,31.0,10.244,9.756,9.756,8.0,0.0,-0.0,32.0,22.887,23.299,23.299,-16.0,0.0,-0.0,32.0
0.0965,0,approach,-65.0,12.1,5.618,5.4,5.4,16.0,0.0,0.0,37.0,-100.0,-100.0,-100.0,0.0,0.0,-0.0,32.0,-99.858,-100.0,-100.0,8.0,0.0,-0.0,33.0,-1.733,-65.0,-0.498,-104.0,17.0,-0.0,39.0,-100.0,-100.0,-100.0,-16.0,0.0,-0.0,31.0,10.244,9.756,9.756,8.0,0.0,-0.0,32.0,22.887,23.299,23.299,-16.0,0.0,-0.0,32.0
0.149,0,approach,-65.0,12.1,5.618,5.4,5.4,16.0,0.0,0.0,37.0,-100.0,-100.0,-100.0,0.0,0.0,-0.0,32.0,-99.858,-100.0,-100.0,8.0,0.0,-0.0,33.0,-2.133,-65.0,-0.816,-104.0,17.0,-3.629,39.0,-100.0,-100.0,-100.0,-16.0,0.0,-0.0,31.0,10.244,9.756,9.756,8.0,0.0,-0.0,32.0,22.887,23.299,23.299,-16.0,0.0,-0.0,32.0
0.2026,0,approach,-65.0,12.1,5.618,5.4,5.4,16.0,0.0,0.0,37.0,-100.0,-100.0,-100.0,0.0,0.0,-0.0,32.0,-99.858,-100.0,-100.0,8.0,0.0,-0.0,33.0,-2.4,-65.0,-1.135,-104.0,17.0,-4.765,39.0,-100.0,-100.0,-100.0,-16.0,0.0,-0.0,31.0,10.244,9.756,9.756,8.0,0.0,-0.0,32.0,22.887,23.299,23.299,-16.0,0.0,-0.0,32.0
0.255,0,approach,-65.0,12.1,5.618,5.4,5.4,16.0,0.0,0.0,37.0,-100.0,-100.0,-100.0,0.0,0.0,-0.0,32.0,-99.858,-100.0,-100.0,8.0,0.0,-0.0,33.0,-2.8,-65.0,-1.298,-88.0,13.0,-7.747,39.0,-100.0,-100.0,-100.0,-16.0,1.0,-0.0,31.0,10.244,9.756,9.756,8.0,0.0,-0.0,32.0,22.887,23.299,23.299,-16.0,0.0,-0.0,32.0
0.3084,0,approach,-65.0,12.1,5.618,5.4,5.4,16.0,0.0,0.0,37.0,-100.0,-100.0,-100.0,0.0,0.0,-0.0,32.0,-99.858,-100.0,-100.0,8.0,0.0,-0.0,33.0,-2.933,-65.0,-1.808,-88.0,13.0,-5.268,39.0,-100.0,-100.0,-100.0,-16.0,1.0,-0.0,31.0,10.244,9.756,9.756,8.0,0.0,-0.0,32.0,22.887,23.299,23.299,-16.0,0.0,-0.0,32.0
0.3608,0,approach,-65.0,12.1,5.618,5.4,5.4,16.0,0.0,0.0,37.0,-100.0,-100.0,-100.0,0.0,0.0,-0.0,32.0,-99.858,-100.0,-100.0,8.0,0.0,-0.0,33.0,-3.467,-65.0,-2.128,-88.0,13.0,-7.71,39.0,-100.0,-100.0,-100.0,-16.0,1.0,-0.0,31.0,10.244,9.756,9.756,8.0,0.0,-0.0,32.0,22.887,23.299,23.299,-16.0,0.0,-0.0,32.0
0.4128,0,approach,-65.0,12.1,5.618,5.4,5.4,16.0,0.0,0.0,37.0,-100.0,-100.0,-100.0,0.0,0.0,-0.0,32.0,-99.858,-100.0,-100.0,8.0,0.0,-0.0,33.0,-3.6,-65.0,-2.45,-88.0,13.0,-4.835,39.0,-100.0,-100.0,-100.0,-16.0,1.0,-0.0,31.0,10.244,9.756,9.756,8.0,0.0,-0.0,32.0,22.887,23.299,23.299,-16.0,0.0,-0.0,32.0
0.4672,0,approach,-65.0,12.1,5.618,5.4,5.4,16.0,0.0,0.0,37.0,-100.0,-100.0,-100.0,0.0,0.0,-0.0,32.0,-99.858,-100.0,-100.0,8.0,0.0,-0.0,33.0,-4.133,-65.0,-2.772,-88.0,13.0,-7.412,39.0,-100.0,-100.0,-100.0,-16.0,1.0,-0.0,31.0,10.244,9.756,9.756,8.0,0.0,-0.0,32.0,22.887,23.299,23.299,-16.0,0.0,-0.0,32.0
0.5217,0,approach,-65.0,12.1,5.618,5.4,5.4,16.0,0.0,0.0,37.0,-100.0,-100.0,-100.0,0.0,0.0,-0.0,32.0,-99.858,-100.0,-100.0,8.0,0.0,-0.0,33.0,-4.267,-65.0,-3.092,-88.0,13.0,-4.688,39.0,-100.0,-100.0,-100.0,-16.0,1.0,-0.0,31.0,10.244,9.756,9.756,8.0,0.0,-0.0,32.0,22.887,23.299,23.299,-16.0,0.0,-0.0,32.0
0.5759,0,approach,-65.0,12.1,5.618,5.4,5.4,16.0,0.0,0.0,37.0,-100.0,-100.0,-100.0,0.0,0.0,-0.0,32.0,-99.858,-100.0,-100.0,8.0,0.0,-0.0,33.0,-4.667,-65.0,-3.418,-88.0,13.0,-6.258,39.0,-100.0,-100.0,-100.0,-16.0,1.0,-0.0,31.0,10.244,9.756,9.756,8.0,0.0,-0.0,32.0,22.887,23.299,23.299,-16.0,0.0,-0.0,32.0
0.6292,1,fwd,-30.0,12.1,5.618,5.4,5.4,16.0,0.0,0.0,37.0,-100.0,-100.0,-100.0,0.0,0.0,-0.0,32.0,-99.858,-100.0,-100.0,8.0,0.0,-0.0,33.0,-5.067,-30.0,-3.74,-88.0,13.0,-6.667,39.0,-100.0,-100.0,-100.0,-16.0,1.0,-0.0,31.0,10.244,9.756,9.756,8.0,0.0,-0.0,32.0,22.887,23.299,23.299,-16.0,0.0,-0.0,32.0
0.6837,1,fwd,-30.0,12.1,5.618,5.4,5.4,16.0,0.0,0.0,37.0,-100.0,-100.0,-100.0,0.0,0.0,-0.0,32.0,-99.858,-100.0,-100.0,8.0,0.0,-0.0,33.0,-5.067,-30.0,-4.062,-88.0,13.0,-3.267,39.0,-100.0,-100.0,-100.0,-16.0,1.0,-0.0,31.0,10.244,9.756,9.756,8.0,0.0,-0.0,32.0,22.887,23.299,23.299,-16.0,0.0,-0.0,32.0
0.7381,1,fwd,-30.0,12.1,5.618,5.4,5.4,16.0,0.0,0.0,37.0,-100.0,-100.0,-100.0,0.0,0.0,-0.0,32.0,-99.858,-100.0,-100.0,8.0,0.0,-0.0,33.0,-5.867,-30.0,-4.382,-88.0,13.0,-8.81,39.0,-100.0,-100.0,-100.0,-16.0,1.0,-0.0,31.0,10.244,9.756,9.756,8.0,0.0,-0.0,32.0,22.887,23.299,23.299,-16.0,0.0,-0.0,32.0
0.7914,1,fwd,-30.0,12.1,5.618,5.4,5.4,16.0,0.0,0.0,37.0,-100.0,-100.0,-100.0,0.0,0.0,-0.0,32.0,-99.858,-100.0,-100.0,8.0,0.0,-0.0,33.0,-6.0,-30.0,-4.705,-88.0,13.0,-5.776,39.0,-100.0,-100.0,-100.0,-16.0,1.0,-0.0,31.0,10.244,9.756,9.756,8.0,0.0,-0.0,32.0,22.887,23.299,23.299,-16.0,0.0,-0.0,32.0
0.8462,1,fwd,-30.0,12.1,5.618,5.4,5.4,16.0,0.0,0.0,37.0,-100.0,-100.0,-100.0,0.0,0.0,-0.0,32.0,-99.858,-100.0,-100.0,8.0,0.0,-0.0,33.0,-6.4,-30.0,-5.068,-80.0,11.0,-6.047,39.0,-100.0,-100.0,-100.0,-16.0,1.0,-0.0,31.0,10.244,9.756,9.756,8.0,0.0,-0.0,32.0,22.887,23.299,23.299,-16.0,0.0,-0.0,32.0
0.9012,1,fwd,-30.0,12.1,5.618,5.4,5.4,16.0,0.0,0.0,37.0,-100.0,-100.0,-100.0,0.0,0.0,-0.0,32.0,-99.858,-100.0,-100.0,8.0,0.0,-0.0,33.0,-6.533,-30.0,-5.385,-80.0,11.0,-4.024,39.0,-100.0,-100.0,-100.0,-16.0,1.0,-0.0,31.0,10.244,9.756,9.756,8.0,0.0,-0.0,32.0,22.887,23.299,23.299,-16.0,0.0,-0.0,32.0
0.9543,1,fwd,-30.0,12.1,5.618,5.4,5.4,16.0,0.0,0.0,37.0,-100.0,-100.0,-100.0,0.0,0.0,-0.0,32.0,-99.858,-100.0,-100.0,8.0,0.0,-0.0,33.0,-6.933,-30.0,-5.71,-80.0,11.0,-5.961,39.0,-100.0,-100.0,-100.0,-16.0,1.0,-0.0,31.0,10.244,9.756,9.756,8.0,0.0,-0.0,32.0,22.887,23.299,23.299,-16.0,0.0,-0.0,32.0
1.0079,1,fwd,-30.0,12.1,5.618,5.4,5.4,16.0,0.0,0.0,37.0,-100.0,-100.0,-100.0,0.0,0.0,-0.0,32.0,-99.858,-100.0,-100.0,8.0,0.0,-0.0,33.0,-7.333,-30.0,-6.034,-80.0,11.0,-6.011,39.0,-100.0,-100.0,-100.0,-16.0,1.0,-0.0,31.0,10.244,9.756,9.756,8.0,0.0,-0.0,32.0,22.887,23.299,23.299,-16.0,0.0,-0.0,32.0
1.0601,1,fwd,-30.0,12.1,5.618,5.4,5.4,16.0,0.0,0.0,37.0,-100.0,-100.0,-100.0,0.0,0.0,-0.0,32.0,-99.858,-100.0,-100.0,8.0,0.0,-0.0,33.0,-7.6,-30.0,-6.354,-80.0,11.0,-5.487,39.0,-100.0,-100.0,-100.0,-16.0,1.0,-0.0,31.0,10.244,9.756,9.756,8.0,0.0,-0.0,32.0,22.887,23.299,23.299,-16.0,0.0,-0.0,32.0
1.1118,1,fwd,-30.0,12.1,5.618,5.4,5.4,16.0,0.0,0.0,37.0,-100.0,-100.0,-100.0,0.0,0.0,-0.0,32.0,-99.858,-100.0,-100.0,8.0,0.0,-0.0,33.0,-7.867,-30.0,-6.676,-80.0,11.0,-6.821,39.0,-100.0,-100.0,-100.0,-16.0,1.0,-0.0,31.0,10.244,9.756,9.756,8.0,0.0,-0.0,32.0,22.887,23.299,23.299,-16.0,0.0,-0.0,32.0
1.1663,1,fwd,-30.0,12.1,5.618,5.4,5.4,16.0,0.0,0.0,37.0,-100.0,-100.0,-100.0,0.0,0.0,-0.0,32.0,-99.858,-100.0,-100.0,8.0,0.0,-0.0,33.0,-8.133,-30.0,-7.017,-80.0,11.0,-5.243,39.0,-100.0,-100.0,-100.0,-16.0,1.0,-0.0,31.0,10.244,9.756,9.756,8.0,0.0,-0.0,32.0,22.887,23.299,23.299,-16.0,0.0,-0.0,32.0
1.219,1,fwd,-30.0,12.1,5.618,5.4,5.4,16.0,0.0,0.0,37.0,-100.0,-100.0,-100.0,0.0,0.0,-0.0,32.0,-99.858,-100.0,-100.0,8.0,0.0,-0.0,33.0,-8.533,-30.0,-7.194,-80.0,11.0,-6.52,39.0,-100.0,-100.0,-100.0,-16.0,1.0,-0.0,31.0,10.244,9.756,9.756,8.0,0.0,-0.0,32.0,22.887,23.299,23.299,-16.0,0.0,-0.0,32.0
1.2738,1,fwd,-30.0,12.1,5.618,5.4,5.4,16.0,0.0,0.0,37.0,-100.0,-100.0,-100.0,0.0,0.0,-0.0,32.0,-99.858,-100.0,-100.0,8.0,0.0,-0.0,33.0,-8.933,-30.0,-7.529,-80.0,11.0,-6.603,39.0,-100.0,-100.0,-100.0,-16.0,1.0,-0.0,31.0,10.244,9.756,9.756,8.0,0.0,-0.0,32.0,22.887,23.299,23.299,-16.0,0.0,-0.0,32.0
1.3275,1,fwd,-30.0,12.1,5.618,5.4,5.4,16.0,0.0,0.0,37.0,-100.0,-100.0,-100.0,0.0,0.0,-0.0,32.0,-99.858,-100.0,-100.0,8.0,0.0,-0.0,33.0,-9.067,-30.0,-7.858,-80.0,11.0,-4.703,39.0,-100.0,-100.0,-100.0,-16.0,1.0,-0.0,31.0,10.244,9.756,9.756,8.0,0.0,-0.0,32.0,22.887,23.299,23.299,-16.0,0.0,-0.0,32.0
1.3808,1,fwd,-30.0,12.1,5.618,5.4,5.4,16.0,0.0,0.0,37.0,-100.0,-100.0,-100.0,0.0,0.0,-0.0,32.0,-99.858,-100.0,-100.0,8.0,0.0,-0.0,33.0,-9.6,-30.0,-8.181,-80.0,11.0,-7.362,39.0,-100.0,-100.0,-100.0,-16.0,1.0,-0.0,31.0,10.244,9.756,9.756,8.0,0.0,-0.0,32.0,22.887,23.299,23.299,-16.0,0.0,-0.0,32.0
1.434,1,fwd,-30.0,12.1,5.618,5.4,5.4,16.0,0.0,0.0,37.0,-100.0,-100.0,-100.0,0.0,0.0,-0.0,32.0,-99.858,-100.0,-100.0,8.0,0.0,-0.0,33.0,-9.733,-30.0,-8.538,-88.0,11.0,-5.832,39.0,-100.0,-100.0,-100.0,-16.0,0.0,-0.0,31.0,10.244,9.756,9.756,8.0,0.0,-0.0,32.0,22.887,23.299,23.299,-16.0,0.0,-0.0,32.0
1.4849,1,fwd,-30.0,12.1,5.618,5.4,5.4,16.0,0.0,0.0,37.0,-100.0,-100.0,-100.0,0.0,0.0,-0.0,32.0,-99.858,-100.0,-100.0,8.0,0.0,-0.0,33.0,-10.133,-30.0,-8.859,-88.0,11.0,-7.331,39.0,-100.0,-100.0,-100.0,-16.0,0.0,-0.0,31.0,10.244,9.756,9.756,8.0,0.0,-0.0,32.0,22.887,23.299,23.299,-16.0,0.0,-0.0,32.0
1.5373,1,fwd,-30.0,12.1,5.618,5.4,5.4,16.0,0.0,0.0,37.0,-100.0,-100.0,-100.0,0.0,0.0,-0.0,32.0,-99.858,-100.0,-100.0,8.0,0.0,-0.0,33.0,-10.533,-30.0,-9.183,-88.0,11.0,-7.603,39.0,-100.0,-100.0,-100.0,-16.0,0.0,-0.0,31.0,10.244,9.756,9.756,8.0,0.0,-0.0,32.0,22.887,23.299,23.299,-16.0,0.0,-0.0,32.0
1.5916,1,fwd,-30.0,12.1,5.618,5.4,5.4,16.0,0.0,0.0,37.0,-100.0,-100.0,-100.0,0.0,0.0,-0.0,32.0,-99.858,-100.0,-100.0,8.0,0.0,-0.0,33.0,-10.533,-30.0,-9.505,-88.0,11.0,-3.725,39.0,-100.0,-100.0,-100.0,-16.0,0.0,-0.0,31.0,10.244,9.756,9.756,8.0,0.0,-0.0,32.0,22.887,23.299,23.299,-16.0,0.0,-0.0,32.0
1.644,1,fwd,-30.0,12.1,5.618,5.4,5.4,16.0,0.0,0.0,37.0,-100.0,-100.0,-100.0,0.0,0.0,-0.0,32.0,-99.858,-100.0,-100.0,8.0,0.0,-0.0,33.0,-11.067,-30.0,-9.829,-88.0,11.0,-6.436,39.0,-100.0,-100.0,-100.0,-16.0,0.0,-0.0,31.0,10.244,9.756,9.756,8.0,0.0,-0.0,32.0,22.887,23.299,23.299,-16.0,0.0,-0.0,32.0
1.6959,1,fwd,-30.0,12.1,5.618,5.4,5.4,16.0,0.0,0.0,37.0,-100.0,-100.0,-100.0,0.0,0.0,-0.0,32.0,-99.858,-100.0,-100.0,8.0,0.0,-0.0,33.0,-11.2,-30.0,-10.151,-88.0,11.0,-4.19,39.0,-100.0,-100.0,-100.0,-16.0,0.0,-0.0,31.0,10.244,9.756,9.756,8.0,0.0,-0.0,32.0,22.887,23.299,23.299,-16.0,0.0,-0.0,32.0
1.7493,1,fwd,-30.0,12.1,5.618,5.4,5.4,16.0,0.0,0.0,37.0,-100.0,-100.0,-100.0,0.0,0.0,-0.0,32.0,-99.858,-100.0,-100.0,8.0,0.0,-0.0,33.0,-11.467,-30.0,-10.475,-88.0,11.0,-4.568,39.0,-100.0,-100.0,-100.0,-16.0,0.0,-0.0,31.0,10.244,9.756,9.756,8.0,0.0,-0.0,32.0,22.887,23.299,23.299,-16.0,0.0,-0.0,32.0
1.8027,1,fwd,-30.0,12.1,5.618,5.4,5.4,16.0,0.0,0.0,37.0,-100.0,-100.0,-100.0,0.0,0.0,-0.0,32.0,-99.858,-100.0,-100.0,8.0,0.0,-0.0,33.0,-12.0,-30.0,-10.798,-88.0,11.0,-6.855,39.0,-100.0,-100.0,-100.0,-16.0,0.0,-0.0,31.0,10.244,9.756,9.756,8.0,0.0,-0.0,32.0,22.887,23.299,23.299,-16.0,0.0,-0.0,32.0
1.8551,1,fwd,-30.0,12.1,5.618,5.4,5.4,16.0,0.0,0.0,37.0,-100.0,-100.0,-100.0,0.0,0.0,-0.0,32.0,-99.858,-100.0,-100.0,8.0,0.0,-0.0,33.0,-12.133,-30.0,-11.12,-88.0,11.0,-4.844,39.0,-100.0,-100.0,-100.0,-16.0,0.0,-0.0,31.0,10.244,9.756,9.756,8.0,0.0,-0.0,32.0,22.887,23.299,23.299,-16.0,0.0,-0.0,32.0
1.9085,1,fwd,-30.0,12.1,5.618,5.4,5.4,16.0,0.0,0.0,37.0,-100.0,-100.0,-100.0,0.0,0.0,-0.0,32.0,-99.858,-100.0,-100.0,8.0,0.0,-0.0,33.0,-12.667,-30.0,-11.441,-88.0,11.0,-7.478,39.0,-100.0,-100.0,-100.0,-16.0,0.0,-0.0,31.0,10.244,9.756,9.756,8.0,0.0,-0.0,32.0,22.887,23.299,23.299,-16.0,0.0,-0.0,32.0
1.9618,1,fwd,-30.0,12.1,5.618,5.4,5.4,16.0,0.0,0.0,37.0,-100.0,-100.0,-100.0,0.0,0.0,-0.0,32.0,-99.858,-100.0,-100.0,8.0,0.0,-0.0,33.0,-12.8,-30.0,-11.601,-88.0,11.0,-6.727,39.0,-100.0,-100.0,-100.0,-16.0,0.0,-0.0,31.0,10.244,9.756,9.756,8.0,0.0,-0.0,32.0,22.887,23.299,23.299,-16.0,0.0,-0.0,32.0
2.0143,1,fwd,-30.0,12.2,5.618,5.4,5.4,16.0,0.0,0.0,37.0,-100.0,-100.0,-100.0,0.0,0.0,-0.0,32.0,-99.858,-100.0,-100.0,8.0,0.0,-0.0,33.0,-12.933,-30.0,-12.121,-72.0,7.0,-5.381,39.0,-100.0,-100.0,-100.0,-16.0,0.0,-0.0,31.0,10.244,9.756,9.756,8.0,0.0,-0.0,32.0,22.887,23.299,23.299,-16.0,1.0,-0.0,32.0
2.0668,1,fwd,-30.0,12.2,5.618,5.4,5.4,16.0,0.0,0.0,37.0,-100.0,-100.0,-100.0,0.0,0.0,-0.0,32.0,-99.858,-100.0,-100.0,8.0,0.0,-0.0,33.0,-13.467,-30.0,-12.299,-72.0,7.0,-7.511,39.0,-100.0,-100.0,-100.0,-16.0,0.0,-0.0,31.0,10.244,9.756,9.756,8.0,0.0,-0.0,32.0,22.887,23.299,23.299,-16.0,1.0,-0.0,32.0
2.1188,1,fwd,-30.0,12.2,5.618,5.4,5.4,16.0,0.0,0.0,37.0,-100.0,-100.0,-100.0,0.0,0.0,-0.0,32.0,-99.858,-100.0,-100.0,8.0,0.0,-0.0,33.0,-13.6,-30.0,-12.618,-72.0,7.0,-4.734,39.0,-100.0,-100.0,-100.0,-16.0,0.0,-0.0,31.0,10.244,9.756,9.756,8.0,0.0,-0.0,32.0,22.887,23.299,23.299,-16.0,1.0,-0.0,32.0
2.1709,1,fwd,-30.0,12.2,5.618,5.4,5.4,16.0,0.0,0.0,37.0,-100.0,-100.0,-100.0,0.0,0.0,-0.0,32.0,-99.858,-100.0,-100.0,8.0,0.0,-0.0,33.0,-14.0,-30.0,-12.938,-72.0,7.0,-6.295,39.0,-100.0,-100.0,-100.0,-16.0,0.0,-0.0,31.0,10.244,9.756,9.756,8.0,0.0,-0.0,32.0,22.887,23.299,23.299,-16.0,1.0,-0.0,32.0
2.2242,1,fwd,-30.0,12.2,5.618,5.4,5.4,16.0,0.0,0.0,37.0,-100.0,-100.0,-100.0,0.0,0.0,-0.0,32.0,-99.858,-100.0,-100.0,8.0,0.0,-0.0,33.0,-14.267,-30.0,-13.263,-72.0,7.0,-5.171,39.0,-100.0,-100.0,-100.0,-16.0,0.0,-0.0,31.0,10.244,9.756,9.756,8.0,0.0,-0.0,32.0,22.887,23.299,23.299,-16.0,1.0,-0.0,32.0
2.2774,1,fwd,-30.0,12.2,5.618,5.4,5.4,16.0,0.0,0.0,37.0,-100.0,-100.0,-100.0,0.0,0.0,-0.0,32.0,-99.858,-100.0,-100.0,8.0,0.0,-0.0,33.0,-14.667,-30.0,-13.586,-72.0,7.0,-6.512,39.0,-100.0,-100.0,-100.0,-16.0,0.0,-0.0,31.0,10.244,9.756,9.756,8.0,0.0,-0.0,32.0,22.887,23.299,23.299,-16.0,1.0,-0.0,32.0
2.3298,1,fwd,-30.0,12.2,5.618,5.4,5.4,16.0,0.0,0.0,37.0,-100.0,-100.0,-100.0,0.0,0.0,-0.0,32.0,-99.858,-100.0,-100.0,8.0,0.0,-0.0,33.0,-15.067,-30.0,-13.91,-72.0,7.0,-6.771,39.0,-100.0,-100.0,-100.0,-16.0,0.0,-0.0,31.0,10.244,9.756,9.756,8.0,0.0,-0.0,32.0,22.887,23.299,23.299,-16.0,1.0,-0.0,32.0
2.3831,1,fwd,-30.0,12.2,5.618,5.4,5.4,16.0,0.0,0.0,37.0,-100.0,-100.0,-100.0,0.0,0.0,-0.0,32.0,-99.858,-100.0,-100.0,8.0,0.0,-0.0,33.0,-15.333,-30.0,-14.233,-72.0,7.0,-6.295,39.0,-100.0,-100.0,-100.0,-16.0,0.0,-0.0,31.0,10.244,9.756,9.756,8.0,0.0,-0.0,32.0,22.887,23.299,23.299,-16.0,1.0,-0.0,32.0
2.4366,1,fwd,-30.0,12.2,5.618,5.4,5.4,16.0,0.0,0.0,37.0,-100.0,-100.0,-100.0,0.0,0.0,-0.0,32.0,-99.858,-100.0,-100.0,8.0,0.0,-0.0,33.0,-15.733,-30.0,-14.554,-72.0,7.0,-6.68,39.0,-100.0,-100.0,-100.0,-16.0,0.0,-0.0,31.0,10.244,9.756,9.756,8.0,0.0,-0.0,32.0,22.887,23.299,23.299,-16.0,1.0,-0.0,32.0
2.4897,1,fwd,-30.0,12.2,5.618,5.4,5.4,16.0,0.0,0.0,37.0,-100.0,-100.0,-100.0,0.0,0.0,-0.0,32.0,-99.858,-100.0,-100.0,8.0,0.0,-0.0,33.0,-16.0,-30.0,-14.873,-72.0,7.0,-5.829,39.0,-100.0,-100.0,-100.0,-16.0,0.0,-0.0,31.0,10.244,9.756,9.756,8.0,0.0,-0.0,32.0,22.887,23.299,23.299,-16.0,1.0,-0.0,32.0
2.5418,1,fwd,-30.0,12.1,5.618,5.4,5.4,16.0,0.0,0.0,37.0,-100.0,-100.0,-100.0,0.0,0.0,-0.0,32.0,-99.858,-100.0,-100.0,8.0,0.0,-0.0,33.0,-16.133,-30.0,-15.032,-64.0,8.0,-5.58,39.0,-100.0,-100.0,-100.0,-16.0,0.0,-0.0,31.0,10.244,9.756,9.756,8.0,0.0,-0.0,32.0,22.887,23.299,23.299,-16.0,0.0,-0.0,32.0
2.5949,1,fwd,-30.0,12.1,5.618,5.4,5.4,16.0,0.0,0.0,37.0,-100.0,-100.0,-100.0,0.0,0.0,-0.0,32.0,-99.858,-100.0,-100.0,8.0,0.0,-0.0,33.0,-16.533,-30.0,-15.534,-64.0,8.0,-5.205,39.0,-100.0,-100.0,-100.0,-16.0,0.0,-0.0,31.0,10.244,9.756,9.756,8.0,0.0,-0.0,32.0,22.887,23.299,23.299,-16.0,0.0,-0.0,32.0
2.6482,1,fwd,-30.0,12.1,5.618,5.4,5.4,16.0,0.0,0.0,37.0,-100.0,-100.0,-100.0,0.0,0.0,-0.0,32.0,-99.858,-100.0,-100.0,8.0,0.0,-0.0,33.0,-16.8,-30.0,-15.857,-64.0,8.0,-5.076,39.0,-100.0,-100.0,-100.0,-16.0,0.0,-0.0,31.0,10.244,9.756,9.756,8.0,0.0,-0.0,32.0,22.887,23.299,23.299,-16.0,0.0,-0.0,32.0
2.7013,1,fwd,-30.0,12.1,5.618,5.4,5.4,16.0,0.0,0.0,37.0,-100.0,-100.0,-100.0,0.0,0.0,-0.0,32.0,-99.858,-100.0,-100.0,8.0,0.0,-0.0,33.0,-17.2,-30.0,-16.18,-64.0,8.0,-6.492,39.0,-100.0,-100.0,-100.0,-16.0,0.0,-0.0,31.0,10.244,9.756,9.756,8.0,0.0,-0.0,32.0,22.887,23.299,23.299,-16.0,0.0,-0.0,32.0
2.7545,1,fwd,-30.0,12.1,5.618,5.4,5.4,16.0,0.0,0.0,37.0,-100.0,-100.0,-100.0,0.0,0.0,-0.0,32.0,-99.858,-100.0,-100.0,8.0,0.0,-0.0,33.0,-17.467,-30.0,-16.503,-64.0,8.0,-5.731,39.0,-100.0,-100.0,-100.0,-16.0,0.0,-0.0,31.0,10.244,9.756,9.756,8.0,0.0,-0.0,32.0,22.887,23.299,23.299,-16.0,0.0,-0.0,32.0
2.8078,1,fwd,-30.0,12.1,5.618,5.4,5.4,16.0,0.0,0.0,37.0,-100.0,-100.0,-100.0,0.0,0.0,-0.0,32.0,-99.858,-100.0,-100.0,8.0,0.0,-0.0,33.0,-17.867,-30.0,-16.826,-64.0,8.0,-6.348,39.0,-100.0,-100.0,-100.0,-16.0,0.0,-0.0,31.0,10.244,9.756,9.756,8.0,0.0,-0.0,32.0,22.887,23.299,23.299,-16.0,0.0,-0.0,32.0
2.8613,1,fwd,-30.0,12.1,5.618,5.4,5.4,16.0,0.0,0.0,37.0,-100.0,-100.0,-100.0,0.0,0.0,-0.0,32.0,-99.858,-100.0,-100.0,8.0,0.0,-0.0,33.0,-18.133,-30.0,-17.15,-64.0,8.0,-5.622,39.0,-100.0,-100.0,-100.0,-16.0,0.0,-0.0,31.0,10.244,9.756,9.756,8.0,0.0,-0.0,32.0,22.887,23.299,23.299,-16.0,0.0,-0.0,32.0
2.9139,1,fwd,-30.0,12.1,5.618,5.4,5.4,16.0,0.0,0.0,37.0,-100.0,-100.0,-100.0,0.0,0.0,-0.0,32.0,-99.858,-100.0,-100.0,8.0,0.0,-0.0,33.0,-18.667,-30.0,-17.478,-64.0,8.0,-7.802,39.0,-100.0,-100.0,-100.0,-16.0,0.0,-0.0,31.0,10.244,9.756,9.756,8.0,0.0,-0.0,32.0,22.887,23.299,23.299,-16.0,0.0,-0.0,32.0
2.9671,1,fwd,-30.0,12.1,5.618,5.4,5.4,16.0,0.0,0.0,37.0,-100.0,-100.0,-100.0,0.0,0.0,-0.0,32.0,-99.858,-100.0,-100.0,8.0,0.0,-0.0,33.0,-18.8,-30.0,-17.797,-64.0,8.0,-4.873,39.0,-100.0,-100.0,-100.0,-16.0,0.0,-0.0,31.0,10.244,9.756,9.756,8.0,0.0,-0.0,32.0,22.887,23.299,23.299,-16.0,0.0,-0.0,32.0
3.0201,1,fwd,-30.0,12.1,5.618,5.4,5.4,16.0,0.0,0.0,37.0,-100.0,-100.0,-100.0,0.0,0.0,-0.0,32.0,-99.858,-100.0,-100.0,8.0,0.0,-0.0,33.0,-18.933,-30.0,-18.118,-64.0,8.0,-4.907,39.0,-100.0,-100.0,-100.0,-16.0,0.0,-0.0,31.0,10.244,9.756,9.756,8.0,0.0,-0.0,32.0,22.887,23.299,23.299,-16.0,0.0,-0.0,32.0
3.0735,1,fwd,-30.0,12.1,5.618,5.4,5.4,16.0,0.0,0.0,37.0,-100.0,-100.0,-100.0,0.0,0.0,-0.0,32.0,-99.858,-100.0,-100.0,8.0,0.0,-0.0,33.0,-19.467,-30.0,-18.46,-64.0,8.0,-7.222,39.0,-100.0,-100.0,-100.0,-16.0,0.0,-0.0,31.0,10.244,9.756,9.756,8.0,0.0,-0.0,32.0,22.887,23.299,23.299,-16.0,0.0,-0.0,32.0
3.1269,1,fwd,-30.0,12.2,5.618,5.4,5.4,16.0,0.0,0.0,37.0,-100.0,-100.0,-100.0,0.0,0.0,-0.0,32.0,-99.858,-100.0,-100.0,8.0,0.0,-0.0,33.0,-19.467,-30.0,-18.46,-76.0,11.0,-5.055,39.0,-100.0,-100.0,-100.0,-16.0,1.0,-0.0,31.0,10.244,9.756,9.756,8.0,0.0,-0.0,32.0,22.887,23.299,23.299,-16.0,0.0,-0.0,32.0
3.1792,1,fwd,-30.0,12.2,5.618,5.4,5.4,16.0,0.0,0.0,37.0,-100.0,-100.0,-100.0,0.0,0.0,-0.0,32.0,-99.858,-100.0,-100.0,8.0,0.0,-0.0,33.0,-19.733,-30.0,-18.977,-76.0,11.0,-3.462,39.0,-100.0,-100.0,-100.0,-16.0,1.0,-0.0,31.0,10.244,9.756,9.756,8.0,0.0,-0.0,32.0,22.887,23.299,23.299,-16.0,0.0,-0.0,32.0
3.2318,1,fwd,-30.0,12.2,5.618,5.4,5.4,16.0,0.0,0.0,37.0,-100.0,-100.0,-100.0,0.0,0.0,-0.0,32.0,-99.858,-100.0,-100.0,8.0,0.0,-0.0,33.0,-20.4,-30.0,-19.298,-76.0,11.0,-8.257,39.0,-100.0,-100.0,-100.0,-16.0,1.0,-0.0,31.0,10.244,9.756,9.756,8.0,0.0,-0.0,32.0,22.887,23.299,23.299,-16.0,0.0,-0.0,32.0
3.2832,1,fwd,-30.0,12.2,5.618,5.4,5.4,16.0,0.0,0.0,37.0,-100.0,-100.0,-100.0,0.0,0.0,-0.0,32.0,-99.858,-100.0,-100.0,8.0,0.0,-0.0,33.0,-20.533,-30.0,-19.62,-76.0,11.0,-5.534,39.0,-100.0,-100.0,-100.0,-16.0,1.0,-0.0,31.0,10.244,9.756,9.756,8.0,0.0,-0.0,32.0,22.887,23.299,23.299,-16.0,0.0,-0.0,32.0
3.3371,1,fwd,-30.0,12.2,5.618,5.4,5.4,16.0,0.0,0.0,37.0,-100.0,-100.0,-100.0,0.0,0.0,-0.0,32.0,-99.858,-100.0,-100.0,8.0,0.0,-0.0,33.0,-21.067,-30.0,-19.941,-76.0,11.0,-8.221,39.0,-100.0,-100.0,-100.0,-16.0,1.0,-0.0,31.0,10.244,9.756,9.756,8.0,0.0,-0.0,32.0,22.887,23.299,23.299,-16.0,0.0,-0.0,32.0
3.3899,1,fwd,-30.0,12.2,5.618,5.4,5.4,16.0,0.0,0.0,37.0,-100.0,-100.0,-100.0,0.0,0.0,-0.0,32.0,-99.858,-100.0,-100.0,8.0,0.0,-0.0,33.0,-21.2,-30.0,-20.262,-76.0,11.0,-5.078,39.0,-100.0,-100.0,-100.0,-16.0,1.0,-0.0,31.0,10.244,9.756,9.756,8.0,0.0,-0.0,32.0,22.887,23.299,23.299,-16.0,0.0,-0.0,32.0
3.4434,1,fwd,-30.0,12.2,5.618,5.4,5.4,16.0,0.0,0.0,37.0,-100.0,-100.0,-100.0,0.0,0.0,-0.0,32.0,-99.858,-100.0,-100.0,8.0,0.0,-0.0,33.0,-21.733,-30.0,-20.585,-76.0,11.0,-7.57,39.0,-100.0,-100.0,-100.0,-16.0,1.0,-0.0,31.0,10.244,9.756,9.756,8.0,0.0,-0.0,32.0,22.887,23.299,23.299,-16.0,0.0,-0.0,32.0
3.4967,1,fwd,-30.0,12.2,5.618,5.4,5.4,16.0,0.0,0.0,37.0,-100.0,-100.0,-100.0,0.0,0.0,-0.0,32.0,-99.858,-100.0,-100.0,8.0,0.0,-0.0,33.0,-22.0,-30.0,-20.905,-76.0,11.0,-6.258,39.0,-100.0,-100.0,-100.0,-16.0,1.0,-0.0,31.0,10.244,9.756,9.756,8.0,0.0,-0.0,32.0,22.887,23.299,23.299,-16.0,0.0,-0.0,32.0
3.5489,1,fwd,-30.0,12.2,5.618,5.4,5.4,16.0,0.0,0.0,37.0,-100.0,-100.0,-100.0,0.0,0.0,-0.0,32.0,-99.858,-100.0,-100.0,8.0,0.0,-0.0,33.0,-22.267,-30.0,-21.225,-76.0,11.0,-5.627,39.0,-100.0,-100.0,-100.0,-16.0,1.0,-0.0,31.0,10.244,9.756,9.756,8.0,0.0,-0.0,32.0,22.887,23.299,23.299,-16.0,0.0,-0.0,32.0
3.6019,1,fwd,-30.0,12.2,5.618,5.4,5.4,16.0,0.0,0.0,37.0,-100.0,-100.0,-100.0,0.0,0.0,-0.0,32.0,-99.858,-100.0,-100.0,8.0,0.0,-0.0,33.0,-22.667,-30.0,-21.544,-76.0,11.0,-6.799,39.0,-100.0,-100.0,-100.0,-16.0,1.0,-0.0,31.0,10.244,9.756,9.756,8.0,0.0,-0.0,32.0,22.887,23.299,23.299,-16.0,0.0,-0.0,32.0
3.6553,1,fwd,-30.0,12.2,5.618,5.4,5.4,16.0,0.0,0.0,37.0,-100.0,-100.0,-100.0,0.0,0.0,-0.0,32.0,-99.858,-100.0,-100.0,8.0,0.0,-0.0,33.0,-22.8,-30.0,-21.864,-76.0,11.0,-4.384,39.0,-100.0,-100.0,-100.0,-16.0,1.0,-0.0,31.0,10.244,9.756,9.756,8.0,0.0,-0.0,32.0,22.887,23.299,23.299,-16.0,0.0,-0.0,32.0
3.7086,1,fwd,-30.0,12.1,5.618,5.4,5.4,16.0,0.0,0.0,37.0,-100.0,-100.0,-100.0,0.0,0.0,-0.0,32.0,-99.858,-100.0,-100.0,8.0,0.0,-0.0,33.0,-23.067,-30.0,-22.225,-68.0,7.0,-4.404,39.0,-100.0,-100.0,-100.0,-16.0,0.0,-0.0,31.0,10.244,9.756,9.756,8.0,0.0,-0.0,32.0,22.887,23.299,23.299,-16.0,0.0,-0.0,32.0
3.7617,1,fwd,-30.0,12.1,5.618,5.4,5.4,16.0,0.0,0.0,37.0,-100.0,-100.0,-100.0,0.0,0.0,-0.0,32.0,-99.858,-100.0,-100.0,8.0,0.0,-0.0,33.0,-23.467,-30.0,-22.544,-68.0,7.0,-6.632,39.0,-100.0,-100.0,-100.0,-16.0,0.0,-0.0,31.0,10.244,9.756,9.756,8.0,0.0,-0.0,32.0,22.887,23.299,23.299,-16.0,0.0,-0.0,32.0
3.8139,1,fwd,-30.0,12.1,5.618,5.4,5.4,16.0,0.0,0.0,37.0,-100.0,-100.0,-100.0,0.0,0.0,-0.0,32.0,-99.858,-100.0,-100.0,8.0,0.0,-0.0,33.0,-23.6,-30.0,-22.865,-68.0,7.0,-4.745,39.0,-100.0,-100.0,-100.0,-16.0,0.0,-0.0,31.0,10.244,9.756,9.756,8.0,0.0,-0.0,32.0,22.887,23.299,23.299,-16.0,0.0,-0.0,32.0
3.8661,1,fwd,-30.0,12.1,5.618,5.4,5.4,16.0,0.0,0.0,37.0,-100.0,-100.0,-100.0,0.0,0.0,-0.0,32.0,-99.858,-100.0,-100.0,8.0,0.0,-0.0,33.0,-24.133,-30.0,-23.188,-68.0,7.0,-7.414,39.0,-100.0,-100.0,-100.0,-16.0,0.0,-0.0,31.0,10.244,9.756,9.756,8.0,0.0,-0.0,32.0,22.887,23.299,23.299,-16.0,0.0,-0.0,32.0
3.9193,1,fwd,-30.0,12.1,5.618,5.4,5.4,16.0,0.0,0.0,37.0,-100.0,-100.0,-100.0,0.0,0.0,-0.0,32.0,-99.858,-100.0,-100.0,8.0,0.0,-0.0,33.0,-24.267,-30.0,-23.51,-68.0,7.0,-4.662,39.0,-100.0,-100.0,-100.0,-16.0,0.0,-0.0,31.0,10.244,9.756,9.756,8.0,0.0,-0.0,32.0,22.887,23.299,23.299,-16.0,0.0,-0.0,32.0
3.9724,1,fwd,-30.0,12.1,5.618,5.4,5.4,16.0,0.0,0.0,37.0,-100.0,-100.0,-100.0,0.0,0.0,-0.0,32.0,-99.858,-100.0,-100.0,8.0,0.0,-0.0,33.0,-24.533,-30.0,-23.832,-68.0,7.0,-6.229,39.0,-100.0,-100.0,-100.0,-16.0,0.0,-0.0,31.0,10.244,9.756,9.756,8.0,0.0,-0.0,32.0,22.887,23.299,23.299,-16.0,0.0,-0.0,32.0
4.0249,1,fwd,-30.0,12.1,5.618,5.4,5.4,16.0,0.0,0.0,37.0,-100.0,-100.0,-100.0,0.0,0.0,-0.0,32.0,-99.858,-100.0,-100.0,8.0,0.0,-0.0,33.0,-24.933,-30.0,-24.176,-68.0,7.0,-6.383,39.0,-100.0,-100.0,-100.0,-16.0,0.0,-0.0,31.0,10.244,9.756,9.756,8.0,0.0,-0.0,32.0,22.887,23.299,23.299,-16.0,0.0,-0.0,32.0
4.0786,1,fwd,-30.0,12.1,5.618,5.4,5.4,16.0,0.0,0.0,37.0,-100.0,-100.0,-100.0,0.0,0.0,-0.0,32.0,-99.858,-100.0,-100.0,8.0,0.0,-0.0,33.0,-25.2,-30.0,-24.505,-68.0,7.0,-5.628,39.0,-100.0,-100.0,-100.0,-16.0,0.0,-0.0,31.0,10.244,9.756,9.756,8.0,0.0,-0.0,32.0,22.887,23.299,23.299,-16.0,0.0,-0.0,32.0
4.1321,1,fwd,-30.0,12.1,5.618,5.4,5.4,16.0,0.0,0.0,37.0,-100.0,-100.0,-100.0,0.0,0.0,-0.0,32.0,-99.858,-100.0,-100.0,8.0,0.0,-0.0,33.0,-25.6,-30.0,-24.668,-68.0,7.0,-6.441,39.0,-100.0,-100.0,-100.0,-16.0,0.0,-0.0,31.0,10.244,9.756,9.756,8.0,0.0,-0.0,32.0,22.887,23.299,23.299,-16.0,0.0,-0.0,32.0
4.1851,1,fwd,-30.0,12.1,5.618,5.4,5.4,16.0,0.0,0.0,37.0,-100.0,-100.0,-100.0,0.0,0.0,-0.0,32.0,-99.858,-100.0,-100.0,8.0,0.0,-0.0,33.0,-25.867,-30.0,-25.012,-68.0,7.0,-5.69,39.0,-100.0,-100.0,-100.0,-16.0,0.0,-0.0,31.0,10.244,9.756,9.756,8.0,0.0,-0.0,32.0,22.887,23.299,23.299,-16.0,0.0,-0.0,32.0
4.2387,1,fwd,-30.0,12.1,5.618,5.4,5.4,16.0,0.0,0.0,37.0,-100.0,-100.0,-100.0,0.0,0.0,-0.0,32.0,-99.858,-100.0,-100.0,8.0,0.0,-0.0,33.0,-26.267,-30.0,-25.334,-68.0,7.0,-6.776,39.0,-100.0,-100.0,-100.0,-16.0,0.0,-0.0,31.0,10.244,9.756,9.756,8.0,0.0,-0.0,32.0,22.887,23.299,23.299,-16.0,0.0,-0.0,32.0
4.2921,1,fwd,-30.0,12.2,5.618,5.4,5.4,16.0,0.0,0.0,37.0,-100.0,-100.0,-100.0,0.0,0.0,-0.0,32.0,-99.858,-100.0,-100.0,8.0,0.0,-0.0,33.0,-26.4,-30.0,-25.698,-56.0,5.0,-5.403,39.0,-100.0,-100.0,-100.0,-16.0,0.0,-0.0,31.0,10.244,9.756,9.756,8.0,0.0,-0.0,32.0,22.887,23.299,23.299,-16.0,0.0,-0.0,32.0
4.3454,1,fwd,-30.0,12.2,5.618,5.4,5.4,16.0,0.0,0.0,37.0,-100.0,-100.0,-100.0,0.0,0.0,-0.0,32.0,-99.858,-100.0,-100.0,8.0,0.0,-0.0,33.0,-26.667,-30.0,-26.022,-56.0,5.0,-5.172,39.0,-100.0,-100.0,-100.0,-16.0,0.0,-0.0,31.0,10.244,9.756,9.756,8.0,0.0,-0.0,32.0,22.887,23.299,23.299,-16.0,0.0,-0.0,32.0
4.3978,1,fwd,-30.0,12.2,5.618,5.4,5.4,16.0,0.0,0.0,37.0,-100.0,-100.0,-100.0,0.0,0.0,-0.0,32.0,-99.858,-100.0,-100.0,8.0,0.0,-0.0,33.0,-27.2,-30.0,-26.345,-56.0,5.0,-7.564,39.0,-100.0,-100.0,-100.0,-16.0,0.0,-0.0,31.0,10.244,9.756,9.756,8.0,0.0,-0.0,32.0,22.887,23.299,23.299,-16.0,0.0,-0.0,32.0
4.4505,1,fwd,-30.0,12.2,5.618,5.4,5.4,16.0,0.0,0.0,37.0,-100.0,-100.0,-100.0,0.0,0.0,-0.0,32.0,-99.858,-100.0,-100.0,8.0,0.0,-0.0,33.0,-27.467,-30.0,-26.673,-56.0,5.0,-6.205,39.0,-100.0,-100.0,-100.0,-16.0,0.0,-0.0,31.0,10.244,9.756,9.756,8.0,0.0,-0.0,32.0,22.887,23.299,23.299,-16.0,0.0,-0.0,32.0
4.503,1,fwd,-30.0,12.2,5.618,5.4,5.4,16.0,0.0,0.0,37.0,-100.0,-100.0,-100.0,0.0,0.0,-0.0,32.0,-99.858,-100.0,-100.0,8.0,0.0,-0.0,33.0,-28.0,-30.0,-26.998,-56.0,5.0,-8.098,39.0,-100.0,-100.0,-100.0,-16.0,0.0,-0.0,31.0,10.244,9.756,9.756,8.0,0.0,-0.0,32.0,22.887,23.299,23.299,-16.0,0.0,-0.0,32.0
4.5563,1,fwd,-30.0,12.2,5.618,5.4,5.4,16.0,0.0,0.0,37.0,-100.0,-100.0,-100.0,0.0,0.0,-0.0,32.0,-99.858,-100.0,-100.0,8.0,0.0,-0.0,33.0,-28.133,-30.0,-27.319,-56.0,5.0,-5.459,39.0,-100.0,-100.0,-100.0,-16.0,0.0,-0.0,31.0,10.244,9.756,9.756,8.0,0.0,-0.0,32.0,22.887,23.299,23.299,-16.0,0.0,-0.0,32.0
4.6103,1,fwd,-30.0,12.2,5.618,5.4,5.4,16.0,0.0,0.0,37.0,-100.0,-100.0,-100.0,0.0,0.0,-0.0,32.0,-99.858,-100.0,-100.0,8.0,0.0,-0.0,33.0,-28.533,-30.0,-27.64,-56.0,5.0,-6.664,39.0,-100.0,-100.0,-100.0,-16.0,0.0,-0.0,31.0,10.244,9.756,9.756,8.0,0.0,-0.0,32.0,22.887,23.299,23.299,-16.0,0.0,-0.0,32.0
4.6628,1,fwd,-30.0,12.2,5.618,5.4,5.4,16.0,0.0,0.0,37.0,-100.0,-100.0,-100.0,0.0,0.0,-0.0,32.0,-99.858,-100.0,-100.0,8.0,0.0,-0.0,33.0,-28.8,-30.0,-27.966,-56.0,5.0,-5.331,39.0,-100.0,-100.0,-100.0,-16.0,0.0,-0.0,31.0,10.244,9.756,9.756,8.0,0.0,-0.0,32.0,22.887,23.299,23.299,-16.0,0.0,-0.0,32.0
4.7161,1,fwd,-30.0,12.2,5.618,5.4,5.4,16.0,0.0,0.0,37.0,-100.0,-100.0,-100.0,0.0,0.0,-0.0,32.0,-99.858,-100.0,-100.0,8.0,0.0,-0.0,33.0,-29.067,-30.0,-28.288,-56.0,5.0,-5.132,39.0,-100.0,-100.0,-100.0,-16.0,0.0,-0.0,31.0,10.244,9.756,9.756,8.0,0.0,-0.0,32.0,22.887,23.299,23.299,-16.0,0.0,-0.0,32.0
4.7696,1,fwd,-30.0,12.2,5.618,5.4,5.4,16.0,0.0,0.0,37.0,-100.0,-100.0,-100.0,0.0,0.0,-0.0,32.0,-99.858,-100.0,-100.0,8.0,0.0,-0.0,33.0,-29.2,-30.0,-28.613,-56.0,5.0,-5.076,39.0,-100.0,-100.0,-100.0,-16.0,0.0,-0.0,31.0,10.244,9.756,9.756,8.0,0.0,-0.0,32.0,22.887,23.299,23.299,-16.0,0.0,-0.0,32.0
4.8231,1,fwd,-30.0,12.2,5.618,5.4,5.4,16.0,0.0,0.0,37.0,-100.0,-100.0,-100.0,0.0,0.0,-0.0,32.0,-99.858,-100.0,-100.0,8.0,0.0,-0.0,33.0,-29.467,-30.0,-28.793,-56.0,5.0,-4.348,39.0,-100.0,-100.0,-100.0,-16.0,0.0,-0.0,31.0,10.244,9.756,9.756,8.0,0.0,-0.0,32.0,22.887,23.299,23.299,-16.0,0.0,-0.0,32.0
4.8755,1,fwd,-30.0,12.1,5.618,5.4,5.4,16.0,0.0,0.0,37.0,-100.0,-100.0,-100.0,0.0,0.0,-0.0,32.0,-99.858,-100.0,-100.0,8.0,0.0,-0.0,33.0,-29.733,-30.0,-29.15,-48.0,4.0,-4.39,39.0,-100.0,-100.0,-100.0,-16.0,1.0,-0.0,31.0,10.244,9.756,9.756,8.0,0.0,-0.0,32.0,22.887,23.299,23.299,-16.0,0.0,-0.0,32.0
4.9276,1,fwd,-30.0,12.1,5.618,5.4,5.4,16.0,0.0,0.0,37.0,-100.0,-100.0,-100.0,0.0,0.0,-0.0,32.0,-99.858,-100.0,-100.0,8.0,0.0,-0.0,33.0,-30.133,-30.0,-29.471,-48.0,4.0,-6.184,39.0,-100.0,-100.0,-100.0,-16.0,1.0,-0.0,31.0,10.244,9.756,9.756,8.0,0.0,-0.0,32.0,22.887,23.299,23.299,-16.0,0.0,-0.0,32.0
4.9789,1,fwd,-30.0,12.1,5.618,5.4,5.4,16.0,0.0,0.0,37.0,-100.0,-100.0,-100.0,0.0,0.0,-0.0,32.0,-99.858,-100.0,-100.0,8.0,0.0,-0.0,33.0,-30.4,-30.0,-29.791,-48.0,4.0,-5.572,39.0,-100.0,-100.0,-100.0,-16.0,1.0,-0.0,31.0,10.244,9.756,9.756,8.0,0.0,-0.0,32.0,22.887,23.299,23.299,-16.0,0.0,-0.0,32.0
5.0299,1,fwd,-30.0,12.1,5.618,5.4,5.4,16.0,0.0,0.0,37.0,-100.0,-100.0,-100.0,0.0,0.0,-0.0,32.0,-99.858,-100.0,-100.0,8.0,0.0,-0.0,33.0,-30.933,-30.0,-30.0,-48.0,4.0,-7.823,39.0,-100.0,-100.0,-100.0,-16.0,1.0,-0.0,31.0,10.244,9.756,9.756,8.0,0.0,-0.0,32.0,22.887,23.299,23.299,-16.0,0.0,-0.0,32.0
5.0821,1,fwd,-30.0,12.1,5.618,5.4,5.4,16.0,0.0,0.0,37.0,-100.0,-100.0,-100.0,0.0,0.0,-0.0,32.0,-99.858,-100.0,-100.0,8.0,0.0,-0.0,33.0,-31.067,-30.0,-30.0,-48.0,4.0,-4.837,39.0,-100.0,-100.0,-100.0,-16.0,1.0,-0.0,31.0,10.244,9.756,9.756,8.0,0.0,-0.0,32.0,22.887,23.299,23.299,-16.0,0.0,-0.0,32.0
5.1353,1,fwd,-30.0,12.1,5.618,5.4,5.4,16.0,0.0,0.0,37.0,-100.0,-100.0,-100.0,0.0,0.0,-0.0,32.0,-99.858,-100.0,-100.0,8.0,0.0,-0.0,33.0,-31.067,-30.0,-30.0,-48.0,4.0,-2.37,39.0,-100.0,-100.0,-100.0,-16.0,1.0,-0.0,31.0,10.244,9.756,9.756,8.0,0.0,-0.0,32.0,22.887,23.299,23.299,-16.0,0.0,-0.0,32.0
5.1884,1,fwd,-30.0,12.1,5.618,5.4,5.4,16.0,0.0,0.0,37.0,-100.0,-100.0,-100.0,0.0,0.0,-0.0,32.0,-99.858,-100.0,-100.0,8.0,0.0,-0.0,33.0,-31.067,-30.0,-30.0,-48.0,4.0,-1.161,39.0,-100.0,-100.0,-100.0,-16.0,1.0,-0.0,31.0,10.244,9.756,9.756,8.0,0.0,-0.0,32.0,22.887,23.299,23.299,-16.0,0.0,-0.0,32.0
5.2408,1,fwd,-30.0,12.1,5.618,5.4,5.4,16.0,0.0,0.0,37.0,-100.0,-100.0,-100.0,0.0,0.0,-0.0,32.0,-99.858,-100.0,-100.0,8.0,0.0,-0.0,33.0,-31.067,-30.0,-30.0,-48.0,4.0,-0.569,39.0,-100.0,-100.0,-100.0,-16.0,1.0,-0.0,31.0,10.244,9.756,9.756,8.0,0.0,-0.0,32.0,22.887,23.299,23.299,-16.0,0.0,-0.0,32.0
5.2936,1,fwd,-30.0,12.1,5.618,5.4,5.4,16.0,0.0,0.0,37.0,-100.0,-100.0,-100.0,0.0,0.0,-0.0,32.0,-99.858,-100.0,-100.0,8.0,0.0,-0.0,33.0,-31.067,-30.0,-30.0,-48.0,4.0,-0.279,39.0,-100.0,-100.0,-100.0,-16.0,1.0,-0.0,31.0,10.244,9.756,9.756,8.0,0.0,-0.0,32.0,22.887,23.299,23.299,-16.0,0.0,-0.0,32.0
5.3459,1,fwd,-30.0,12.1,5.618,5.4,5.4,16.0,0.0,0.0,37.0,-100.0,-100.0,-100.0,0.0,0.0,-0.0,32.0,-99.858,-100.0,-100.0,8.0,0.0,-0.0,33.0,-31.067,-30.0,-30.0,-48.0,4.0,-0.137,39.0,-100.0,-100.0,-100.0,-16.0,1.0,-0.0,31.0,10.244,9.756,9.756,8.0,0.0,-0.0,32.0,22.887,23.299,23.299,-16.0,0.0,-0.0,32.0
5.3991,1,fwd,-30.0,12.1,5.618,5.4,5.4,16.0,0.0,0.0,37.0,-100.0,-100.0,-100.0,0.0,0.0,-0.0,32.0,-99.858,-100.0,-100.0,8.0,0.0,-0.0,33.0,-31.067,-30.0,-30.0,-48.0,4.0,-0.096,39.0,-100.0,-100.0,-100.0,-16.0,1.0,-0.0,31.0,10.244,9.756,9.756,8.0,0.0,-0.0,32.0,22.887,23.299,23.299,-16.0,0.0,-0.0,32.0
5.4522,1,fwd,-30.0,12.2,5.618,5.4,5.4,16.0,0.0,0.0,37.0,-100.0,-100.0,-100.0,-8.0,0.0,-0.0,32.0,-99.858,-100.0,-100.0,8.0,0.0,-0.0,33.0,-31.067,-30.0,-30.0,-64.0,6.0,-0.067,39.0,-100.0,-100.0,-100.0,-16.0,1.0,-0.0,31.0,10.244,9.756,9.756,8.0,0.0,-0.0,32.0,22.887,23.299,23.299,-16.0,0.0,-0.0,32.0
5.5048,1,fwd,-30.0,12.2,5.618,5.4,5.4,16.0,0.0,0.0,37.0,-100.0,-100.0,-100.0,-8.0,0.0,-0.0,32.0,-99.858,-100.0,-100.0,8.0,0.0,-0.0,33.0,-31.067,-30.0,-30.0,-64.0,6.0,-0.033,39.0,-100.0,-100.0,-100.0,-16.0,1.0,-0.0,31.0,10.244,9.756,9.756,8.0,0.0,-0.0,32.0,22.887,23.299,23.299,-16.0,0.0,-0.0,32.0
5.5583,1,fwd,-30.0,12.2,5.618,5.4,5.4,16.0,0.0,0.0,37.0,-100.0,-100.0,-100.0,-8.0,0.0,-0.0,32.0,-99.858,-100.0,-100.0,8.0,0.0,-0.0,33.0,-31.067,-30.0,-30.0,-64.0,6.0,-0.016,39.0,-100.0,-100.0,-100.0,-16.0,1.0,-0.0,31.0,10.244,9.756,9.756,8.0,0.0,-0.0,32.0,22.887,23.299,23.299,-16.0,0.0,-0.0,32.0
5.6124,1,fwd,-30.0,12.2,5.618,5.4,5.4,16.0,0.0,0.0,37.0,-100.0,-100.0,-100.0,-8.0,0.0,-0.0,32.0,-99.858,-100.0,-100.0,8.0,0.0,-0.0,33.0,-31.067,-30.0,-30.0,-64.0,6.0,-0.008,39.0,-100.0,-100.0,-100.0,-16.0,1.0,-0.0,31.0,10.244,9.756,9.756,8.0,0.0,-0.0,32.0,22.887,23.299,23.299,-16.0,0.0,-0.0,32.0
5.6659,1,fwd,-30.0,12.2,5.618,5.4,5.4,16.0,0.0,0.0,37.0,-100.0,-100.0,-100.0,-8.0,0.0,-0.0,32.0,-99.858,-100.0,-100.0,8.0,0.0,-0.0,33.0,-31.067,-30.0,-30.0,-64.0,6.0,-0.004,39.0,-100.0,-100.0,-100.0,-16.0,1.0,-0.0,31.0,10.244,9.756,9.756,8.0,0.0,-0.0,32.0,22.887,23.299,23.299,-16.0,0.0,-0.0,32.0
5.7188,1,fwd,-30.0,12.2,5.618,5.4,5.4,16.0,0.0,0.0,37.0,-100.0,-100.0,-100.0,-8.0,0.0,-0.0,32.0,-99.858,-100.0,-100.0,8.0,0.0,-0.0,33.0,-31.067,-30.0,-30.0,-64.0,6.0,-0.002,39.0,-100.0,-100.0,-100.0,-16.0,1.0,-0.0,31.0,10.244,9.756,9.756,8.0,0.0,-0.0,32.0,22.887,23.299,23.299,-16.0,0.0,-0.0,32.0
5.7713,1,fwd,-30.0,12.2,5.528,5.4,5.4,16.0,0.0,-0.694,37.0,-100.0,-100.0,-100.0,-8.0,0.0,-0.0,32.0,-99.858,-100.0,-100.0,8.0,0.0,-0.0,33.0,-31.067,-30.0,-30.0,-64.0,6.0,-0.001,39.0,-100.0,-100.0,-100.0,-16.0,1.0,-0.0,31.0,10.244,9.756,9.756,8.0,0.0,-0.0,32.0,22.887,23.299,23.299,-16.0,0.0,-0.0,32.0
5.8231,1,fwd,-30.0,12.2,5.528,5.4,5.4,16.0,0.0,-0.34,37.0,-100.0,-100.0,-100.0,-8.0,0.0,-0.0,32.0,-99.858,-100.0,-100.0,8.0,0.0,-0.0,33.0,-31.067,-30.0,-30.0,-64.0,6.0,-0.0,39.0,-100.0,-100.0,-100.0,-16.0,1.0,-0.0,31.0,10.244,9.756,9.756,8.0,0.0,-0.0,32.0,22.887,23.299,23.299,-16.0,0.0,-0.0,32.0
5.8754,1,fwd,-30.0,12.2,5.528,5.4,5.4,16.0,0.0,-0.167,37.0,-100.0,-100.0,-100.0,-8.0,0.0,-0.0,32.0,-99.858,-100.0,-100.0,8.0,0.0,-0.0,33.0,-31.067,-30.0,-30.0,-64.0,6.0,-0.0,39.0,-100.0,-100.0,-100.0,-16.0,1.0,-0.0,31.0,10.244,9.756,9.756,8.0,0.0,-0.0,32.0,22.887,23.299,23.299,-16.0,0.0,-0.0,32.0
5.9286,1,fwd,-30.0,12.2,5.528,5.4,5.4,16.0,0.0,-0.082,37.0,-100.0,-100.0,-100.0,-8.0,0.0,-0.0,32.0,-99.858,-100.0,-100.0,8.0,0.0,-0.0,33.0,-31.067,-30.0,-30.0,-64.0,6.0,-0.0,39.0,-100.0,-100.0,-100.0,-16.0,1.0,-0.0,31.0,10.244,9.756,9.756,8.0,0.0,-0.0,32.0,22.887,23.299,23.299,-16.0,0.0,-0.0,32.0
5.9809,1,fwd,-30.0,12.2,5.528,5.4,5.4,8.0,0.0,-0.057,37.0,-100.0,-100.0,-100.0,0.0,0.0,-0.0,32.0,-99.858,-100.0,-100.0,8.0,0.0,-0.0,33.0,-31.067,-30.0,-30.0,-64.0,6.0,-0.0,39.0,-100.0,-100.0,-100.0,-16.0,1.0,-0.0,31.0,10.244,9.756,9.756,8.0,0.0,-0.0,32.0,22.887,23.299,23.299,-16.0,1.0,-0.0,32.0
6.0339,1,fwd,-30.0,12.2,5.528,5.4,5.4,8.0,0.0,-0.028,37.0,-100.0,-100.0,-100.0,0.0,0.0,-0.0,32.0,-99.858,-100.0,-100.0,8.0,0.0,-0.0,33.0,-31.067,-30.0,-30.0,-64.0,6.0,-0.0,39.0,-100.0,-100.0,-100.0,-16.0,1.0,-0.0,31.0,10.244,9.756,9.756,8.0,0.0,-0.0,32.0,22.887,23.299,23.299,-16.0,1.0,-0.0,32.0
6.0873,1,fwd,-30.0,12.2,5.528,5.4,5.4,8.0,0.0,-0.014,37.0,-100.0,-100.0,-100.0,0.0,0.0,-0.0,32.0,-99.858,-100.0,-100.0,8.0,0.0,-0.0,33.0,-31.067,-30.0,-30.0,-64.0,6.0,-0.0,39.0,-100.0,-100.0,-100.0,-16.0,1.0,-0.0,31.0,10.244,9.756,9.756,8.0,0.0,-0.0,32.0,22.887,23.299,23.299,-16.0,1.0,-0.0,32.0
6.1406,1,fwd,-30.0,12.2,5.528,5.4,5.4,8.0,0.0,-0.007,37.0,-100.0,-100.0,-100.0,0.0,0.0,-0.0,32.0,-99.858,-100.0,-100.0,8.0,0.0,-0.0,33.0,-31.067,-30.0,-30.0,-64.0,6.0,-0.0,39.0,-100.0,-100.0,-100.0,-16.0,1.0,-0.0,31.0,10.244,9.756,9.756,8.0,0.0,-0.0,32.0,22.887,23.299,23.299,-16.0,1.0,-0.0,32.0
6.1935,1,fwd,-30.0,12.2,5.528,5.4,5.4,8.0,0.0,-0.003,37.0,-100.0,-100.0,-100.0,0.0,0.0,-0.0,32.0,-99.858,-100.0,-100.0,8.0,0.0,-0.0,33.0,-31.067,-30.0,-30.0,-64.0,6.0,-0.0,39.0,-100.0,-100.0,-100.0,-16.0,1.0,-0.0,31.0,10.244,9.756,9.756,8.0,0.0,-0.0,32.0,22.887,23.299,23.299,-16.0,1.0,-0.0,32.0
6.2463,1,fwd,-30.0,12.2,5.528,5.4,5.4,8.0,0.0,-0.002,37.0,-100.0,-100.0,-100.0,0.0,0.0,-0.0,32.0,-99.858,-100.0,-100.0,8.0,0.0,-0.0,33.0,-31.067,-30.0,-30.0,-64.0,6.0,-0.0,39.0,-100.0,-100.0,-100.0,-16.0,1.0,-0.0,31.0,10.244,9.756,9.756,8.0,0.0,-0.0,32.0,22.887,23.299,23.299,-16.0,1.0,-0.0,32.0
6.2991,1,fwd,-30.0,12.2,5.528,5.4,5.4,8.0,0.0,-0.001,37.0,-100.0,-100.0,-100.0,0.0,0.0,-0.0,32.0,-99.858,-100.0,-100.0,8.0,0.0,-0.0,33.0,-31.067,-30.0,-30.0,-64.0,6.0,-0.0,39.0,-100.0,-100.0,-100.0,-16.0,1.0,-0.0,31.0,10.244,9.756,9.756,8.0,0.0,-0.0,32.0,22.887,23.299,23.299,-16.0,1.0,-0.0,32.0
6.3523,1,fwd,-30.0,12.2,5.528,5.4,5.4,8.0,0.0,-0.0,37.0,-100.0,-100.0,-100.0,0.0,0.0,-0.0,32.0,-99.858,-100.0,-100.0,8.0,0.0,-0.0,33.0,-31.067,-30.0,-30.0,-64.0,6.0,-0.0,39.0,-100.0,-100.0,-100.0,-16.0,1.0,-0.0,31.0,10.244,9.756,9.756,8.0,0.0,-0.0,32.0,22.887,23.299,23.299,-16.0,1.0,-0.0,32.0
6.4053,1,fwd,-30.0,12.2,5.528,5.4,5.4,8.0,0.0,-0.0,37.0,-100.0,-100.0,-100.0,0.0,0.0,-0.0,32.0,-99.858,-100.0,-100.0,8.0,0.0,-0.0,33.0,-31.067,-30.0,-30.0,-64.0,6.0,-0.0,39.0,-100.0,-100.0,-100.0,-16.0,1.0,-0.0,31.0,10.244,9.756,9.756,8.0,0.0,-0.0,32.0,22.887,23.299,23.299,-16.0,1.0,-0.0,32.0
6.4583,1,hold_end,-30.0,12.2,5.528,5.4,5.4,8.0,0.0,-0.0,37.0,-100.0,-100.0,-100.0,0.0,0.0,-0.0,32.0,-99.858,-100.0,-100.0,8.0,0.0,-0.0,33.0,-31.067,-30.0,-30.0,-64.0,6.0,-0.0,39.0,-100.0,-100.0,-100.0,-16.0,1.0,-0.0,31.0,10.244,9.756,9.756,8.0,0.0,-0.0,32.0,22.887,23.299,23.299,-16.0,1.0,-0.0,32.0
6.5109,1,hold_end,-30.0,12.2,5.528,5.4,5.4,8.0,0.0,-0.0,37.0,-100.0,-100.0,-100.0,0.0,0.0,-0.0,32.0,-99.858,-100.0,-100.0,8.0,0.0,-0.0,33.0,-31.067,-30.0,-30.0,-64.0,6.0,-0.0,39.0,-100.0,-100.0,-100.0,-16.0,1.0,-0.0,31.0,10.244,9.756,9.756,8.0,0.0,-0.0,32.0,22.887,23.299,23.299,-16.0,1.0,-0.0,32.0
6.5649,1,hold_end,-30.0,12.1,5.528,5.4,5.4,8.0,0.0,-0.0,37.0,-100.0,-100.0,-100.0,4.0,0.0,-0.0,32.0,-99.858,-100.0,-100.0,8.0,0.0,-0.0,33.0,-31.067,-30.0,-30.0,-64.0,6.0,-0.0,39.0,-100.0,-100.0,-100.0,-16.0,1.0,-0.0,31.0,10.244,9.756,9.756,8.0,0.0,-0.0,32.0,22.887,23.299,23.299,-16.0,0.0,-0.0,32.0
6.6194,1,hold_end,-30.0,12.1,5.528,5.4,5.4,8.0,0.0,-0.0,37.0,-100.0,-100.0,-100.0,4.0,0.0,-0.0,32.0,-99.858,-100.0,-100.0,8.0,0.0,-0.0,33.0,-31.067,-30.0,-30.0,-64.0,6.0,-0.0,39.0,-100.0,-100.0,-100.0,-16.0,1.0,-0.0,31.0,10.244,9.756,9.756,8.0,0.0,-0.0,32.0,22.887,23.299,23.299,-16.0,0.0,-0.0,32.0
6.6726,1,hold_end,-30.0,12.1,5.528,5.4,5.4,8.0,0.0,-0.0,37.0,-100.0,-100.0,-100.0,4.0,0.0,-0.0,32.0,-99.858,-100.0,-100.0,8.0,0.0,-0.0,33.0,-31.067,-30.0,-30.0,-64.0,6.0,-0.0,39.0,-100.0,-100.0,-100.0,-16.0,1.0,-0.0,31.0,10.244,9.756,9.756,8.0,0.0,-0.0,32.0,22.887,23.299,23.299,-16.0,0.0,-0.0,32.0
6.7257,1,hold_end,-30.0,12.1,5.528,5.4,5.4,8.0,0.0,-0.0,37.0,-100.0,-100.0,-100.0,4.0,0.0,-0.0,32.0,-99.858,-100.0,-100.0,8.0,0.0,-0.0,33.0,-31.067,-30.0,-30.0,-64.0,6.0,-0.0,39.0,-100.0,-100.0,-100.0,-16.0,1.0,-0.0,31.0,10.244,9.756,9.756,8.0,0.0,-0.0,32.0,22.887,23.299,23.299,-16.0,0.0,-0.0,32.0
6.7778,1,hold_end,-30.0,12.1,5.528,5.4,5.4,8.0,0.0,-0.0,37.0,-100.0,-100.0,-100.0,4.0,0.0,-0.0,32.0,-99.858,-100.0,-100.0,8.0,0.0,-0.0,33.0,-31.067,-30.0,-30.0,-64.0,6.0,-0.0,39.0,-100.0,-100.0,-100.0,-16.0,1.0,-0.0,31.0,10.244,9.756,9.756,8.0,0.0,-0.0,32.0,22.887,23.299,23.299,-16.0,0.0,-0.0,32.0
6.8295,1,hold_end,-30.0,12.1,5.528,5.4,5.4,8.0,0.0,-0.0,37.0,-100.0,-100.0,-100.0,4.0,0.0,-0.0,32.0,-99.858,-100.0,-100.0,8.0,0.0,-0.0,33.0,-31.067,-30.0,-30.0,-64.0,6.0,-0.0,39.0,-100.0,-100.0,-100.0,-16.0,1.0,-0.0,31.0,10.244,9.756,9.756,8.0,0.0,-0.0,32.0,22.887,23.299,23.299,-16.0,0.0,-0.0,32.0
6.882,1,hold_end,-30.0,12.1,5.528,5.4,5.4,8.0,0.0,-0.0,37.0,-100.0,-100.0,-100.0,4.0,0.0,-0.0,32.0,-99.858,-100.0,-100.0,8.0,0.0,-0.0,33.0,-31.067,-30.0,-30.0,-64.0,6.0,-0.0,39.0,-100.0,-100.0,-100.0,-16.0,1.0,-0.0,31.0,10.244,9.756,9.756,8.0,0.0,-0.0,32.0,22.887,23.299,23.299,-16.0,0.0,-0.0,32.0
6.9343,1,hold_end,-30.0,12.1,5.528,5.4,5.4,8.0,0.0,-0.0,37.0,-100.0,-100.0,-100.0,4.0,0.0,-0.0,32.0,-99.858,-100.0,-100.0,8.0,0.0,-0.0,33.0,-31.067,-30.0,-30.0,-64.0,6.0,-0.0,39.0,-100.0,-100.0,-100.0,-16.0,1.0,-0.0,31.0,10.244,9.756,9.756,8.0,0.0,-0.0,32.0,22.887,23.299,23.299,-16.0,0.0,-0.0,32.0
6.9866,1,hold_end,-30.0,12.1,5.528,5.4,5.4,8.0,0.0,-0.0,37.0,-100.0,-100.0,-100.0,4.0,0.0,-0.0,32.0,-99.858,-100.0,-100.0,8.0,0.0,-0.0,33.0,-31.067,-30.0,-30.0,-64.0,6.0,-0.0,39.0,-100.0,-100.0,-100.0,-16.0,1.0,-0.0,31.0,10.244,9.756,9.756,8.0,0.0,-0.0,32.0,22.887,23.299,23.299,-16.0,0.0,-0.0,32.0
7.0379,1,hold_end,-30.0,12.1,5.528,5.4,5.4,8.0,0.0,-0.0,37.0,-100.0,-100.0,-100.0,4.0,0.0,-0.0,32.0,-99.858,-100.0,-100.0,8.0,0.0,-0.0,33.0,-31.067,-30.0,-30.0,-64.0,6.0,-0.0,39.0,-100.0,-100.0,-100.0,-16.0,1.0,-0.0,31.0,10.244,9.756,9.756,8.0,0.0,-0.0,32.0,22.887,23.299,23.299,-16.0,0.0,-0.0,32.0
7.0914,1,rev,-65.0,12.1,5.528,5.4,5.4,8.0,0.0,-0.0,37.0,-100.0,-100.0,-100.0,4.0,0.0,-0.0,32.0,-99.858,-100.0,-100.0,8.0,0.0,-0.0,33.0,-31.067,-65.0,-30.164,-64.0,6.0,-0.0,39.0,-100.0,-100.0,-100.0,-16.0,1.0,-0.0,31.0,10.244,9.756,9.756,8.0,0.0,-0.0,32.0,22.887,23.299,23.299,-16.0,0.0,-0.0,32.0
7.1439,1,rev,-65.0,12.2,5.528,5.4,5.4,8.0,0.0,-0.0,37.0,-100.0,-100.0,-100.0,0.0,0.0,-0.0,32.0,-99.858,-100.0,-100.0,8.0,0.0,-0.0,33.0,-31.067,-65.0,-30.529,-56.0,5.0,-0.0,39.0,-100.0,-100.0,-100.0,-16.0,0.0,-0.0,31.0,10.244,9.756,9.756,8.0,0.0,-0.0,32.0,22.887,23.299,23.299,-16.0,1.0,-0.0,32.0
7.197,1,rev,-65.0,12.2,5.528,5.4,5.4,8.0,0.0,-0.0,37.0,-100.0,-100.0,-100.0,0.0,0.0,-0.0,32.0,-99.858,-100.0,-100.0,8.0,0.0,-0.0,33.0,-31.333,-65.0,-30.868,-56.0,5.0,-1.939,39.0,-100.0,-100.0,-100.0,-16.0,0.0,-0.0,31.0,10.244,9.756,9.756,8.0,0.0,-0.0,32.0,22.887,23.299,23.299,-16.0,1.0,-0.0,32.0
7.25,1,rev,-65.0,12.2,5.528,5.4,5.4,8.0,0.0,-0.0,37.0,-100.0,-100.0,-100.0,0.0,0.0,-0.0,32.0,-99.858,-100.0,-100.0,8.0,0.0,-0.0,33.0,-31.733,-65.0,-31.193,-56.0,5.0,-4.966,39.0,-100.0,-100.0,-100.0,-16.0,0.0,-0.0,31.0,10.244,9.756,9.756,8.0,0.0,-0.0,32.0,22.887,23.299,23.299,-16.0,1.0,-0.0,32.0
7.3035,1,rev,-65.0,12.2,5.528,5.4,5.4,8.0,0.0,-0.0,37.0,-100.0,-100.0,-100.0,0.0,0.0,-0.0,32.0,-99.858,-100.0,-100.0,8.0,0.0,-0.0,33.0,-32.0,-65.0,-31.515,-56.0,5.0,-4.979,39.0,-100.0,-100.0,-100.0,-16.0,0.0,-0.0,31.0,10.244,9.756,9.756,8.0,0.0,-0.0,32.0,22.887,23.299,23.299,-16.0,1.0,-0.0,32.0
7.3562,1,rev,-65.0,12.2,5.528,5.4,5.4,8.0,0.0,-0.0,37.0,-100.0,-100.0,-100.0,0.0,0.0,-0.0,32.0,-99.858,-100.0,-100.0,8.0,0.0,-0.0,33.0,-32.533,-65.0,-31.696,-56.0,5.0,-7.287,39.0,-100.0,-100.0,-100.0,-16.0,0.0,-0.0,31.0,10.244,9.756,9.756,8.0,0.0,-0.0,32.0,22.887,23.299,23.299,-16.0,1.0,-0.0,32.0
7.4083,1,rev,-65.0,12.2,5.528,5.4,5.4,8.0,0.0,-0.0,37.0,-100.0,-100.0,-100.0,0.0,0.0,-0.0,32.0,-99.858,-100.0,-100.0,8.0,0.0,-0.0,33.0,-32.8,-65.0,-32.017,-56.0,5.0,-6.111,39.0,-100.0,-100.0,-100.0,-16.0,0.0,-0.0,31.0,10.244,9.756,9.756,8.0,0.0,-0.0,32.0,22.887,23.299,23.299,-16.0,1.0,-0.0,32.0
7.4617,1,rev,-65.0,12.2,5.528,5.4,5.4,8.0,0.0,-0.0,37.0,-100.0,-100.0,-100.0,0.0,0.0,-0.0,32.0,-99.858,-100.0,-100.0,8.0,0.0,-0.0,33.0,-33.2,-65.0,-32.338,-56.0,5.0,-7.033,39.0,-100.0,-100.0,-100.0,-16.0,0.0,-0.0,31.0,10.244,9.756,9.756,8.0,0.0,-0.0,32.0,22.887,23.299,23.299,-16.0,1.0,-0.0,32.0
7.5147,1,rev,-65.0,12.2,5.528,5.4,5.4,8.0,0.0,-0.0,37.0,-100.0,-100.0,-100.0,0.0,0.0,-0.0,32.0,-99.858,-100.0,-100.0,8.0,0.0,-0.0,33.0,-33.467,-65.0,-32.658,-56.0,5.0,-6.004,39.0,-100.0,-100.0,-100.0,-16.0,0.0,-0.0,31.0,10.244,9.756,9.756,8.0,0.0,-0.0,32.0,22.887,23.299,23.299,-16.0,1.0,-0.0,32.0
7.5668,1,rev,-65.0,12.2,5.528,5.4,5.4,8.0,0.0,-0.0,37.0,-100.0,-100.0,-100.0,0.0,0.0,-0.0,32.0,-99.858,-100.0,-100.0,8.0,0.0,-0.0,33.0,-33.733,-65.0,-32.977,-56.0,5.0,-5.479,39.0,-100.0,-100.0,-100.0,-16.0,0.0,-0.0,31.0,10.244,9.756,9.756,8.0,0.0,-0.0,32.0,22.887,23.299,23.299,-16.0,1.0,-0.0,32.0
7.6197,1,rev,-65.0,12.2,5.528,5.4,5.4,8.0,0.0,-0.0,37.0,-100.0,-100.0,-100.0,0.0,0.0,-0.0,32.0,-99.858,-100.0,-100.0,8.0,0.0,-0.0,33.0,-34.0,-65.0,-33.3,-56.0,5.0,-4.769,39.0,-100.0,-100.0,-100.0,-16.0,0.0,-0.0,31.0,10.244,9.756,9.756,8.0,0.0,-0.0,32.0,22.887,23.299,23.299,-16.0,1.0,-0.0,32.0
7.6728,1,rev,-65.0,12.2,5.528,5.4,5.4,8.0,0.0,-0.0,37.0,-100.0,-100.0,-100.0,0.0,0.0,-0.0,32.0,-99.858,-100.0,-100.0,8.0,0.0,-0.0,33.0,-34.267,-65.0,-33.619,-56.0,5.0,-4.873,39.0,-100.0,-100.0,-100.0,-16.0,0.0,-0.0,31.0,10.244,9.756,9.756,8.0,0.0,-0.0,32.0,22.887,23.299,23.299,-16.0,1.0,-0.0,32.0
7.7264,1,rev,-65.0,12.2,5.528,5.4,5.4,8.0,0.0,-0.0,37.0,-100.0,-100.0,-100.0,-8.0,0.0,-0.0,32.0,-99.858,-100.0,-100.0,8.0,0.0,-0.0,33.0,-34.667,-65.0,-33.981,-48.0,3.0,-5.401,39.0,-100.0,-100.0,-100.0,-16.0,0.0,-0.0,31.0,10.244,9.756,9.756,8.0,0.0,-0.0,32.0,22.887,23.299,23.299,-16.0,0.0,-0.0,32.0
7.7788,1,rev,-65.0,12.2,5.528,5.4,5.4,8.0,0.0,-0.0,37.0,-100.0,-100.0,-100.0,-8.0,0.0,-0.0,32.0,-99.858,-100.0,-100.0,8.0,0.0,-0.0,33.0,-34.933,-65.0,-34.305,-48.0,3.0,-5.171,39.0,-100.0,-100.0,-100.0,-16.0,0.0,-0.0,31.0,10.244,9.756,9.756,8.0,0.0,-0.0,32.0,22.887,23.299,23.299,-16.0,0.0,-0.0,32.0
7.8322,1,rev,-65.0,12.2,5.528,5.4,5.4,8.0,0.0,-0.0,37.0,-100.0,-100.0,-100.0,-8.0,0.0,-0.0,32.0,-99.858,-100.0,-100.0,8.0,0.0,-0.0,33.0,-35.333,-65.0,-34.627,-48.0,3.0,-6.099,39.0,-100.0,-100.0,-100.0,-16.0,0.0,-0.0,31.0,10.244,9.756,9.756,8.0,0.0,-0.0,32.0,22.887,23.299,23.299,-16.0,0.0,-0.0,32.0
7.8857,1,rev,-65.0,12.2,5.528,5.4,5.4,8.0,0.0,-0.0,37.0,-100.0,-100.0,-100.0,-8.0,0.0,-0.0,32.0,-99.858,-100.0,-100.0,8.0,0.0,-0.0,33.0,-35.6,-65.0,-34.95,-48.0,3.0,-5.066,39.0,-100.0,-100.0,-100.0,-16.0,0.0,-0.0,31.0,10.244,9.756,9.756,8.0,0.0,-0.0,32.0,22.887,23.299,23.299,-16.0,0.0,-0.0,32.0
7.939,1,rev,-65.0,12.2,5.528,5.4,5.4,8.0,0.0,-0.0,37.0,-100.0,-100.0,-100.0,-8.0,0.0,-0.0,32.0,-99.858,-100.0,-100.0,8.0,0.0,-0.0,33.0,-36.0,-65.0,-35.27,-48.0,3.0,-6.551,39.0,-100.0,-100.0,-100.0,-16.0,0.0,-0.0,31.0,10.244,9.756,9.756,8.0,0.0,-0.0,32.0,22.887,23.299,23.299,-16.0,0.0,-0.0,32.0
7.9923,1,rev,-65.0,12.2,5.528,5.4,5.4,8.0,0.0,-0.0,37.0,-100.0,-100.0,-100.0,-8.0,0.0,-0.0,32.0,-99.858,-100.0,-100.0,8.0,0.0,-0.0,33.0,-36.4,-65.0,-35.59,-48.0,3.0,-7.27,39.0,-100.0,-100.0,-100.0,-16.0,0.0,-0.0,31.0,10.244,9.756,9.756,8.0,0.0,-0.0,32.0,22.887,23.299,23.299,-16.0,0.0,-0.0,32.0
8.0451,1,rev,-65.0,12.2,5.528,5.4,5.4,8.0,0.0,-0.0,37.0,-100.0,-100.0,-100.0,-8.0,0.0,-0.0,32.0,-99.858,-100.0,-100.0,8.0,0.0,-0.0,33.0,-36.4,-65.0,-35.908,-48.0,3.0,-3.562,39.0,-100.0,-100.0,-100.0,-16.0,0.0,-0.0,31.0,10.244,9.756,9.756,8.0,0.0,-0.0,32.0,22.887,23.299,23.299,-16.0,0.0,-0.0,32.0
8.098,1,rev,-65.0,12.2,5.528,5.4,5.4,8.0,0.0,-0.0,37.0,-100.0,-100.0,-100.0,-8.0,0.0,-0.0,32.0,-99.858,-100.0,-100.0,8.0,0.0,-0.0,33.0,-36.933,-65.0,-36.229,-48.0,3.0,-6.84,39.0,-100.0,-100.0,-100.0,-16.0,0.0,-0.0,31.0,10.244,9.756,9.756,8.0,0.0,-0.0,32.0,22.887,23.299,23.299,-16.0,0.0,-0.0,32.0
8.1513,1,rev,-65.0,12.2,5.528,5.4,5.4,8.0,0.0,-0.0,37.0,-100.0,-100.0,-100.0,-8.0,0.0,-0.0,32.0,-99.858,-100.0,-100.0,8.0,0.0,-0.0,33.0,-37.2,-65.0,-36.551,-48.0,3.0,-5.435,39.0,-100.0,-100.0,-100.0,-16.0,0.0,-0.0,31.0,10.244,9.756,9.756,8.0,0.0,-0.0,32.0,22.887,23.299,23.299,-16.0,0.0,-0.0,32.0
8.2045,1,rev,-65.0,12.2,5.528,5.4,5.4,8.0,0.0,-0.0,37.0,-100.0,-100.0,-100.0,-8.0,0.0,-0.0,32.0,-99.858,-100.0,-100.0,8.0,0.0,-0.0,33.0,-37.467,-65.0,-36.875,-48.0,3.0,-5.645,39.0,-100.0,-100.0,-100.0,-16.0,0.0,-0.0,31.0,10.244,9.756,9.756,8.0,0.0,-0.0,32.0,22.887,23.299,23.299,-16.0,0.0,-0.0,32.0
8.2577,1,rev,-65.0,12.2,5.528,5.4,5.4,8.0,0.0,-0.0,37.0,-100.0,-100.0,-100.0,-8.0,0.0,-0.0,32.0,-99.858,-100.0,-100.0,8.0,0.0,-0.0,33.0,-37.733,-65.0,-37.036,-48.0,3.0,-6.947,39.0,-100.0,-100.0,-100.0,-16.0,0.0,-0.0,31.0,10.244,9.756,9.756,8.0,0.0,-0.0,32.0,22.887,23.299,23.299,-16.0,0.0,-0.0,32.0
8.3099,1,rev,-65.0,12.2,5.528,5.4,5.4,8.0,0.0,-0.0,37.0,-100.0,-100.0,-100.0,0.0,0.0,-0.0,32.0,-99.858,-100.0,-100.0,8.0,0.0,-0.0,33.0,-37.867,-65.0,-37.553,-40.0,3.0,-5.536,39.0,-100.0,-100.0,-100.0,-16.0,1.0,-0.0,31.0,10.244,9.756,9.756,8.0,0.0,-0.0,32.0,22.887,23.299,23.299,-16.0,0.0,-0.0,32.0
8.3622,1,rev,-65.0,12.2,5.528,5.4,5.4,8.0,0.0,-0.0,37.0,-100.0,-100.0,-100.0,0.0,0.0,-0.0,32.0,-99.858,-100.0,-100.0,8.0,0.0,-0.0,33.0,-38.133,-65.0,-37.714,-40.0,3.0,-5.702,39.0,-100.0,-100.0,-100.0,-16.0,1.0,-0.0,31.0,10.244,9.756,9.756,8.0,0.0,-0.0,32.0,22.887,23.299,23.299,-16.0,0.0,-0.0,32.0
8.415,1,rev,-65.0,12.2,5.528,5.4,5.4,8.0,0.0,-0.0,37.0,-100.0,-100.0,-100.0,0.0,0.0,-0.0,32.0,-99.858,-100.0,-100.0,8.0,0.0,-0.0,33.0,-38.533,-65.0,-38.05,-40.0,3.0,-6.195,39.0,-100.0,-100.0,-100.0,-16.0,1.0,-0.0,31.0,10.244,9.756,9.756,8.0,0.0,-0.0,32.0,22.887,23.299,23.299,-16.0,0.0,-0.0,32.0
8.4691,1,rev,-65.0,12.2,5.528,5.4,5.4,8.0,0.0,-0.0,37.0,-100.0,-100.0,-100.0,0.0,0.0,-0.0,32.0,-99.858,-100.0,-100.0,8.0,0.0,-0.0,33.0,-38.933,-65.0,-38.373,-40.0,3.0,-6.591,39.0,-100.0,-100.0,-100.0,-16.0,1.0,-0.0,31.0,10.244,9.756,9.756,8.0,0.0,-0.0,32.0,22.887,23.299,23.299,-16.0,0.0,-0.0,32.0
8.5215,1,rev,-65.0,12.2,5.528,5.4,5.4,8.0,0.0,-0.0,37.0,-100.0,-100.0,-100.0,0.0,0.0,-0.0,32.0,-99.858,-100.0,-100.0,8.0,0.0,-0.0,33.0,-39.333,-65.0,-38.698,-40.0,3.0,-7.222,39.0,-100.0,-100.0,-100.0,-16.0,1.0,-0.0,31.0,10.244,9.756,9.756,8.0,0.0,-0.0,32.0,22.887,23.299,23.299,-16.0,0.0,-0.0,32.0
8.5738,1,rev,-65.0,12.2,5.528,5.4,5.4,8.0,0.0,-0.0,37.0,-100.0,-100.0,-100.0,0.0,0.0,-0.0,32.0,-99.858,-100.0,-100.0,8.0,0.0,-0.0,33.0,-39.6,-65.0,-39.023,-40.0,3.0,-6.077,39.0,-100.0,-100.0,-100.0,-16.0,1.0,-0.0,31.0,10.244,9.756,9.756,8.0,0.0,-0.0,32.0,22.887,23.299,23.299,-16.0,0.0,-0.0,32.0
8.6284,1,rev,-65.0,12.2,5.528,5.4,5.4,8.0,0.0,-0.0,37.0,-100.0,-100.0,-100.0,0.0,0.0,-0.0,32.0,-99.858,-100.0,-100.0,8.0,0.0,-0.0,33.0,-40.0,-65.0,-39.346,-40.0,3.0,-6.982,39.0,-100.0,-100.0,-100.0,-16.0,1.0,-0.0,31.0,10.244,9.756,9.756,8.0,0.0,-0.0,32.0,22.887,23.299,23.299,-16.0,0.0,-0.0,32.0
8.6808,1,rev,-65.0,12.2,5.528,5.4,5.4,8.0,0.0,-0.0,37.0,-100.0,-100.0,-100.0,0.0,0.0,-0.0,32.0,-99.858,-100.0,-100.0,8.0,0.0,-0.0,33.0,-40.267,-65.0,-39.671,-40.0,3.0,-5.946,39.0,-100.0,-100.0,-100.0,-16.0,1.0,-0.0,31.0,10.244,9.756,9.756,8.0,0.0,-0.0,32.0,22.887,23.299,23.299,-16.0,0.0,-0.0,32.0
8.7331,1,rev,-65.0,12.2,5.528,5.4,5.4,8.0,0.0,-0.0,37.0,-100.0,-100.0,-100.0,0.0,0.0,-0.0,32.0,-99.858,-100.0,-100.0,8.0,0.0,-0.0,33.0,-40.533,-65.0,-39.993,-40.0,3.0,-5.438,39.0,-100.0,-100.0,-100.0,-16.0,1.0,-0.0,31.0,10.244,9.756,9.756,8.0,0.0,-0.0,32.0,22.887,23.299,23.299,-16.0,0.0,-0.0,32.0
8.7864,1,rev,-65.0,12.2,5.528,5.4,5.4,8.0,0.0,-0.0,37.0,-100.0,-100.0,-100.0,0.0,0.0,-0.0,32.0,-99.858,-100.0,-100.0,8.0,0.0,-0.0,33.0,-40.8,-65.0,-40.32,-40.0,3.0,-4.691,39.0,-100.0,-100.0,-100.0,-16.0,1.0,-0.0,31.0,10.244,9.756,9.756,8.0,0.0,-0.0,32.0,22.887,23.299,23.299,-16.0,0.0,-0.0,32.0
8.8397,1,rev,-65.0,12.2,5.528,5.4,5.4,8.0,0.0,-0.0,37.0,-100.0,-100.0,-100.0,-8.0,0.0,-0.0,32.0,-99.858,-100.0,-100.0,8.0,0.0,-0.0,33.0,-41.067,-65.0,-40.479,-28.0,1.0,-6.278,39.0,-100.0,-100.0,-100.0,-16.0,0.0,-0.0,31.0,10.244,9.756,9.756,8.0,0.0,-0.0,32.0,22.887,23.299,23.299,-16.0,1.0,-0.0,32.0
8.8927,1,rev,-65.0,12.2,5.528,5.4,5.4,8.0,0.0,-0.0,37.0,-100.0,-100.0,-100.0,-8.0,0.0,-0.0,32.0,-99.858,-100.0,-100.0,8.0,0.0,-0.0,33.0,-41.333,-65.0,-40.981,-28.0,1.0,-4.06,39.0,-100.0,-100.0,-100.0,-16.0,0.0,-0.0,31.0,10.244,9.756,9.756,8.0,0.0,-0.0,32.0,22.887,23.299,23.299,-16.0,1.0,-0.0,32.0
8.9457,1,rev,-65.0,12.2,5.528,5.4,5.4,8.0,0.0,-0.0,37.0,-100.0,-100.0,-100.0,-8.0,0.0,-0.0,32.0,-99.858,-100.0,-100.0,8.0,0.0,-0.0,33.0,-41.733,-65.0,-41.301,-28.0,1.0,-5.598,39.0,-100.0,-100.0,-100.0,-16.0,0.0,-0.0,31.0,10.244,9.756,9.756,8.0,0.0,-0.0,32.0,22.887,23.299,23.299,-16.0,1.0,-0.0,32.0
8.9978,1,rev,-65.0,12.2,5.528,5.4,5.4,8.0,0.0,-0.0,37.0,-100.0,-100.0,-100.0,-8.0,0.0,-0.0,32.0,-99.858,-100.0,-100.0,8.0,0.0,-0.0,33.0,-42.133,-65.0,-41.623,-28.0,1.0,-6.74,39.0,-100.0,-100.0,-100.0,-16.0,0.0,-0.0,31.0,10.244,9.756,9.756,8.0,0.0,-0.0,32.0,22.887,23.299,23.299,-16.0,1.0,-0.0,32.0
9.0503,1,rev,-65.0,12.2,5.528,5.4,5.4,8.0,0.0,-0.0,37.0,-100.0,-100.0,-100.0,-8.0,0.0,-0.0,32.0,-99.858,-100.0,-100.0,8.0,0.0,-0.0,33.0,-42.533,-65.0,-41.946,-28.0,1.0,-7.322,39.0,-100.0,-100.0,-100.0,-16.0,0.0,-0.0,31.0,10.244,9.756,9.756,8.0,0.0,-0.0,32.0,22.887,23.299,23.299,-16.0,1.0,-0.0,32.0
9.1033,1,rev,-65.0,12.2,5.528,5.4,5.4,8.0,0.0,-0.0,37.0,-100.0,-100.0,-100.0,-8.0,0.0,-0.0,32.0,-99.858,-100.0,-100.0,8.0,0.0,-0.0,33.0,-42.8,-65.0,-42.266,-28.0,1.0,-6.154,39.0,-100.0,-100.0,-100.0,-16.0,0.0,-0.0,31.0,10.244,9.756,9.756,8.0,0.0,-0.0,32.0,22.887,23.299,23.299,-16.0,1.0,-0.0,32.0
9.1564,1,rev,-65.0,12.2,5.528,5.4,5.4,8.0,0.0,-0.0,37.0,-100.0,-100.0,-100.0,-8.0,0.0,-0.0,32.0,-99.858,-100.0,-100.0,8.0,0.0,-0.0,33.0,-43.2,-65.0,-42.586,-28.0,1.0,-7.037,39.0,-100.0,-100.0,-100.0,-16.0,0.0,-0.0,31.0,10.244,9.756,9.756,8.0,0.0,-0.0,32.0,22.887,23.299,23.299,-16.0,1.0,-0.0,32.0
9.2096,1,rev,-65.0,12.2,5.528,5.4,5.4,8.0,0.0,-0.0,37.0,-100.0,-100.0,-100.0,-8.0,0.0,-0.0,32.0,-99.858,-100.0,-100.0,8.0,0.0,-0.0,33.0,-43.467,-65.0,-42.907,-28.0,1.0,-5.983,39.0,-100.0,-100.0,-100.0,-16.0,0.0,-0.0,31.0,10.244,9.756,9.756,8.0,0.0,-0.0,32.0,22.887,23.299,23.299,-16.0,1.0,-0.0,32.0
9.2619,1,rev,-65.0,12.2,5.528,5.4,5.4,8.0,0.0,-0.0,37.0,-100.0,-100.0,-100.0,-8.0,0.0,-0.0,32.0,-99.858,-100.0,-100.0,8.0,0.0,-0.0,33.0,-43.6,-65.0,-43.229,-28.0,1.0,-5.681,39.0,-100.0,-100.0,-100.0,-16.0,0.0,-0.0,31.0,10.244,9.756,9.756,8.0,0.0,-0.0,32.0,22.887,23.299,23.299,-16.0,1.0,-0.0,32.0
9.315,1,rev,-65.0,12.2,5.528,5.4,5.4,8.0,0.0,-0.0,37.0,-100.0,-100.0,-100.0,-8.0,0.0,-0.0,32.0,-99.858,-100.0,-100.0,8.0,0.0,-0.0,33.0,-44.0,-65.0,-43.566,-28.0,1.0,-6.725,39.0,-100.0,-100.0,-100.0,-16.0,0.0,-0.0,31.0,10.244,9.756,9.756,8.0,0.0,-0.0,32.0,22.887,23.299,23.299,-16.0,1.0,-0.0,32.0
9.3683,1,rev,-65.0,12.2,5.528,5.4,5.4,8.0,0.0,-0.0,37.0,-100.0,-100.0,-100.0,-8.0,0.0,-0.0,32.0,-99.858,-100.0,-100.0,8.0,0.0,-0.0,33.0,-44.133,-65.0,-43.904,-28.0,1.0,-4.238,39.0,-100.0,-100.0,-100.0,-16.0,0.0,-0.0,31.0,10.244,9.756,9.756,8.0,0.0,-0.0,32.0,22.887,23.299,23.299,-16.0,1.0,-0.0,32.0
9.4216,1,rev,-65.0,12.2,5.528,5.4,5.4,8.0,0.0,-0.0,37.0,-100.0,-100.0,-100.0,-8.0,0.0,-0.0,32.0,-99.858,-100.0,-100.0,8.0,0.0,-0.0,33.0,-44.4,-65.0,-43.904,-40.0,2.0,-5.963,39.0,-100.0,-100.0,-100.0,-16.0,1.0,-0.0,31.0,10.244,9.756,9.756,8.0,1.0,-0.0,32.0,22.887,23.299,23.299,-16.0,0.0,-0.0,32.0
9.4747,1,rev,-65.0,12.2,5.528,5.4,5.4,8.0,0.0,-0.0,37.0,-100.0,-100.0,-100.0,-8.0,0.0,-0.0,32.0,-99.858,-100.0,-100.0,8.0,0.0,-0.0,33.0,-44.8,-65.0,-44.406,-40.0,2.0,-5.397,39.0,-100.0,-100.0,-100.0,-16.0,1.0,-0.0,31.0,9.756,9.756,9.756,8.0,1.0,-1.802,32.0,22.887,23.299,23.299,-16.0,0.0,-0.0,32.0
9.5284,1,rev,-65.0,12.2,5.528,5.4,5.4,8.0,0.0,-0.0,37.0,-100.0,-100.0,-100.0,-8.0,0.0,-0.0,32.0,-99.858,-100.0,-100.0,8.0,0.0,-0.0,33.0,-45.067,-65.0,-44.725,-40.0,2.0,-5.197,39.0,-100.0,-100.0,-100.0,-16.0,1.0,-0.0,31.0,9.756,9.756,9.756,8.0,1.0,-0.883,32.0,22.887,23.299,23.299,-16.0,0.0,-0.0,32.0
9.5818,1,rev,-65.0,12.2,5.528,5.4,5.4,8.0,0.0,-0.0,37.0,-100.0,-100.0,-100.0,-8.0,0.0,-0.0,32.0,-99.858,-100.0,-100.0,8.0,0.0,-0.0,33.0,-45.467,-65.0,-45.048,-40.0,2.0,-6.114,39.0,-100.0,-100.0,-100.0,-16.0,1.0,-0.0,31.0,9.756,9.756,9.756,8.0,1.0,-0.433,32.0,22.887,23.299,23.299,-16.0,0.0,-0.0,32.0
9.6356,1,rev,-65.0,12.2,5.528,5.4,5.4,8.0,0.0,-0.0,37.0,-100.0,-100.0,-100.0,-8.0,0.0,-0.0,32.0,-99.858,-100.0,-100.0,8.0,0.0,-0.0,33.0,-45.867,-65.0,-45.371,-40.0,2.0,-6.572,39.0,-100.0,-100.0,-100.0,-16.0,1.0,-0.0,31.0,9.756,9.756,9.756,8.0,1.0,-0.212,32.0,22.887,23.299,23.299,-16.0,0.0,-0.0,32.0
9.688,1,rev,-65.0,12.2,5.528,5.4,5.4,8.0,0.0,-0.0,37.0,-100.0,-100.0,-100.0,-8.0,0.0,-0.0,32.0,-99.858,-100.0,-100.0,8.0,0.0,-0.0,33.0,-46.267,-65.0,-45.695,-40.0,2.0,-7.188,39.0,-100.0,-100.0,-100.0,-16.0,1.0,-0.0,31.0,9.756,9.756,9.756,8.0,1.0,-0.104,32.0,22.887,23.299,23.299,-16.0,0.0,-0.0,32.0
9.7414,1,rev,-65.0,12.2,5.528,5.4,5.4,8.0,0.0,-0.0,37.0,-100.0,-100.0,-100.0,-8.0,0.0,-0.0,32.0,-99.858,-100.0,-100.0,8.0,0.0,-0.0,33.0,-46.533,-65.0,-46.017,-40.0,2.0,-6.052,39.0,-100.0,-100.0,-100.0,-16.0,1.0,-0.0,31.0,9.756,9.756,9.756,8.0,1.0,-0.051,32.0,22.887,23.299,23.299,-16.0,0.0,-0.0,32.0
9.7944,1,rev,-65.0,12.2,5.528,5.4,5.4,8.0,0.0,-0.0,37.0,-100.0,-100.0,-100.0,-8.0,0.0,-0.0,32.0,-99.858,-100.0,-100.0,8.0,0.0,-0.0,33.0,-46.933,-65.0,-46.337,-40.0,2.0,-6.99,39.0,-100.0,-100.0,-100.0,-16.0,1.0,-0.0,31.0,9.756,9.756,9.756,8.0,1.0,-0.025,32.0,22.887,23.299,23.299,-16.0,0.0,-0.0,32.0
9.8476,1,rev,-65.0,12.2,5.528,5.4,5.4,8.0,0.0,-0.0,37.0,-100.0,-100.0,-100.0,-8.0,0.0,-0.0,32.0,-99.858,-100.0,-100.0,8.0,0.0,-0.0,33.0,-47.2,-65.0,-46.659,-40.0,2.0,-5.963,39.0,-100.0,-100.0,-100.0,-16.0,1.0,-0.0,31.0,9.756,9.756,9.756,8.0,1.0,-0.012,32.0,22.887,23.299,23.299,-16.0,0.0,-0.0,32.0
9.9012,1,rev,-65.0,12.2,5.528,5.4,5.4,8.0,0.0,-0.0,37.0,-100.0,-100.0,-100.0,-8.0,0.0,-0.0,32.0,-99.858,-100.0,-100.0,8.0,0.0,-0.0,33.0,-47.467,-65.0,-46.979,-40.0,2.0,-5.481,39.0,-100.0,-100.0,-100.0,-16.0,1.0,-0.0,31.0,9.756,9.756,9.756,8.0,1.0,-0.006,32.0,22.887,23.299,23.299,-16.0,0.0,-0.0,32.0
9.9544,1,rev,-65.0,12.2,5.528,5.4,5.4,8.0,0.0,-0.0,37.0,-100.0,-100.0,-100.0,-8.0,0.0,-0.0,32.0,-99.858,-100.0,-100.0,8.0,0.0,-0.0,33.0,-47.867,-65.0,-47.301,-40.0,2.0,-6.706,39.0,-100.0,-100.0,-100.0,-16.0,1.0,-0.0,31.0,9.756,9.756,9.756,8.0,1.0,-0.003,32.0,22.887,23.299,23.299,-16.0,0.0,-0.0,32.0
10.0074,1,rev,-65.0,12.2,5.528,5.4,5.4,8.0,0.0,-0.0,37.0,-100.0,-100.0,-100.0,-8.0,0.0,-0.0,32.0,-99.858,-100.0,-100.0,8.0,0.0,-0.0,33.0,-47.867,-65.0,-47.648,-32.0,1.0,-4.694,39.0,-100.0,-100.0,-100.0,-16.0,0.0,-0.0,31.0,9.756,9.756,9.756,0.0,0.0,-0.002,32.0,22.887,23.299,23.299,-16.0,0.0,-0.0,32.0
10.0604,1,rev,-65.0,12.2,5.528,5.4,5.4,8.0,0.0,-0.0,37.0,-100.0,-100.0,-100.0,-8.0,0.0,-0.0,32.0,-99.858,-100.0,-100.0,8.0,0.0,-0.0,33.0,-48.267,-65.0,-47.968,-32.0,1.0,-6.31,39.0,-100.0,-100.0,-100.0,-16.0,0.0,-0.0,31.0,9.756,9.756,9.756,0.0,0.0,-0.001,32.0,22.887,23.299,23.299,-16.0,0.0,-0.0,32.0
10.1126,1,rev,-65.0,12.2,5.528,5.4,5.4,8.0,0.0,-0.0,37.0,-100.0,-100.0,-100.0,-8.0,0.0,-0.0,32.0,-99.858,-100.0,-100.0,8.0,0.0,-0.0,33.0,-48.667,-65.0,-48.289,-32.0,1.0,-6.684,39.0,-100.0,-100.0,-100.0,-16.0,0.0,-0.0,31.0,9.756,9.756,9.756,0.0,0.0,-0.0,32.0,22.887,23.299,23.299,-16.0,0.0,-0.0,32.0
10.1661,1,rev,-65.0,12.2,5.528,5.4,5.4,8.0,0.0,-0.0,37.0,-100.0,-100.0,-100.0,-8.0,0.0,-0.0,32.0,-99.858,-100.0,-100.0,8.0,0.0,-0.0,33.0,-48.933,-65.0,-48.608,-32.0,1.0,-5.819,39.0,-100.0,-100.0,-100.0,-16.0,0.0,-0.0,31.0,9.756,9.756,9.756,0.0,0.0,-0.0,32.0,22.887,23.299,23.299,-16.0,0.0,-0.0,32.0
10.2195,1,rev,-65.0,12.2,5.528,5.4,5.4,8.0,0.0,-0.0,37.0,-100.0,-100.0,-100.0,-8.0,0.0,-0.0,32.0,-99.858,-100.0,-100.0,8.0,0.0,-0.0,33.0,-49.333,-65.0,-48.933,-32.0,1.0,-6.388,39.0,-100.0,-100.0,-100.0,-16.0,0.0,-0.0,31.0,10.244,9.756,9.756,0.0,0.0,3.761,32.0,22.887,23.299,23.299,-16.0,0.0,-0.0,32.0
10.2727,1,rev,-65.0,12.2,5.528,5.4,5.4,8.0,0.0,-0.0,37.0,-100.0,-100.0,-100.0,-8.0,0.0,-0.0,32.0,-99.858,-100.0,-100.0,8.0,0.0,-0.0,33.0,-49.733,-65.0,-49.255,-32.0,1.0,-7.154,39.0,-100.0,-100.0,-100.0,-16.0,0.0,-0.0,31.0,10.244,9.756,9.756,0.0,0.0,1.843,32.0,22.887,23.299,23.299,-16.0,0.0,-0.0,32.0
10.3256,1,rev,-65.0,12.2,5.528,5.4,5.4,8.0,0.0,-0.0,37.0,-100.0,-100.0,-100.0,-8.0,0.0,-0.0,32.0,-99.858,-100.0,-100.0,8.0,0.0,-0.0,33.0,-50.0,-65.0,-49.578,-32.0,1.0,-6.031,39.0,-100.0,-100.0,-100.0,-16.0,0.0,-0.0,31.0,10.244,9.756,9.756,0.0,0.0,0.903,32.0,22.887,23.299,23.299,-16.0,0.0,-0.0,32.0
10.3787,1,rev,-65.0,12.2,5.528,5.4,5.4,8.0,0.0,-0.0,37.0,-100.0,-100.0,-100.0,-8.0,0.0,-0.0,32.0,-99.858,-100.0,-100.0,8.0,0.0,-0.0,33.0,-50.267,-65.0,-49.899,-32.0,1.0,-5.518,39.0,-100.0,-100.0,-100.0,-16.0,0.0,-0.0,31.0,10.244,9.756,9.756,0.0,0.0,0.442,32.0,22.887,23.299,23.299,-16.0,0.0,-0.0,32.0
10.4309,1,rev,-65.0,12.2,5.528,5.4,5.4,8.0,0.0,-0.0,37.0,-100.0,-100.0,-100.0,-8.0,0.0,-0.0,32.0,-99.858,-100.0,-100.0,8.0,0.0,-0.0,33.0,-50.667,-65.0,-50.218,-32.0,1.0,-6.734,39.0,-100.0,-100.0,-100.0,-16.0,0.0,-0.0,31.0,10.244,9.756,9.756,0.0,0.0,0.217,32.0,22.887,23.299,23.299,-16.0,0.0,-0.0,32.0
10.484,1,rev,-65.0,12.2,5.528,5.4,5.4,8.0,0.0,-0.0,37.0,-100.0,-100.0,-100.0,-8.0,0.0,-0.0,32.0,-99.858,-100.0,-100.0,8.0,0.0,-0.0,33.0,-50.933,-65.0,-50.542,-32.0,1.0,-5.818,39.0,-100.0,-100.0,-100.0,-16.0,0.0,-0.0,31.0,9.756,9.756,9.756,0.0,0.0,-3.659,32.0,22.887,23.299,23.299,-16.0,0.0,-0.0,32.0
10.5372,1,rev,-65.0,12.2,5.528,5.4,5.4,8.0,0.0,-0.0,37.0,-100.0,-100.0,-100.0,-8.0,0.0,-0.0,32.0,-99.858,-100.0,-100.0,8.0,0.0,-0.0,33.0,-51.067,-65.0,-50.703,-32.0,1.0,-5.561,39.0,-100.0,-100.0,-100.0,-16.0,0.0,-0.0,31.0,9.756,9.756,9.756,0.0,0.0,-2.561,32.0,22.887,23.299,23.299,-16.0,0.0,-0.0,32.0
10.5911,1,rev,-65.0,12.2,5.528,5.4,5.4,8.0,0.0,-0.0,37.0,-100.0,-100.0,-100.0,-8.0,0.0,-0.0,32.0,-99.858,-100.0,-100.0,8.0,0.0,-0.0,33.0,-51.333,-65.0,-51.228,-24.0,1.0,-5.214,39.0,-100.0,-100.0,-100.0,-16.0,0.0,-0.0,31.0,9.756,9.756,9.756,0.0,0.0,-1.793,32.0,22.887,23.299,23.299,-16.0,0.0,-0.0,32.0
10.6456,1,rev,-65.0,12.2,5.528,5.4,5.4,8.0,0.0,-0.0,37.0,-100.0,-100.0,-100.0,-8.0,0.0,-0.0,32.0,-99.858,-100.0,-100.0,8.0,0.0,-0.0,33.0,-51.6,-65.0,-51.566,-24.0,1.0,-4.991,39.0,-100.0,-100.0,-100.0,-16.0,0.0,-0.0,31.0,9.756,9.756,9.756,0.0,0.0,-0.879,32.0,22.887,23.299,23.299,-16.0,0.0,-0.0,32.0
10.7003,1,rev,-65.0,12.2,5.528,5.4,5.4,8.0,0.0,-0.0,37.0,-100.0,-100.0,-100.0,-8.0,0.0,-0.0,32.0,-99.858,-100.0,-100.0,8.0,0.0,-0.0,33.0,-52.0,-65.0,-51.893,-24.0,1.0,-6.448,39.0,-100.0,-100.0,-100.0,-16.0,0.0,-0.0,31.0,9.756,9.756,9.756,0.0,0.0,-0.43,32.0,22.887,23.299,23.299,-16.0,0.0,-0.0,32.0
10.753,1,rev,-65.0,12.2,5.528,5.4,5.4,8.0,0.0,-0.0,37.0,-100.0,-100.0,-100.0,-8.0,0.0,-0.0,32.0,-99.858,-100.0,-100.0,8.0,0.0,-0.0,33.0,-52.4,-65.0,-52.062,-24.0,1.0,-6.611,39.0,-100.0,-100.0,-100.0,-16.0,0.0,-0.0,31.0,9.756,9.756,9.756,0.0,0.0,-0.211,32.0,22.887,23.299,23.299,-16.0,0.0,-0.0,32.0
10.8059,1,rev,-65.0,12.2,5.528,5.4,5.4,8.0,0.0,-0.0,37.0,-100.0,-100.0,-100.0,-8.0,0.0,-0.0,32.0,-99.858,-100.0,-100.0,8.0,0.0,-0.0,33.0,-52.667,-65.0,-52.395,-24.0,1.0,-5.71,39.0,-100.0,-100.0,-100.0,-16.0,0.0,-0.0,31.0,9.756,9.756,9.756,0.0,0.0,-0.103,32.0,22.887,23.299,23.299,-16.0,0.0,-0.0,32.0
10.8595,1,rev,-65.0,12.2,5.528,5.4,5.4,8.0,0.0,-0.0,37.0,-100.0,-100.0,-100.0,-8.0,0.0,-0.0,32.0,-99.858,-100.0,-100.0,8.0,0.0,-0.0,33.0,-53.067,-65.0,-52.717,-24.0,1.0,-6.367,39.0,-100.0,-100.0,-100.0,-16.0,0.0,-0.0,31.0,9.756,9.756,9.756,0.0,0.0,-0.051,32.0,22.887,23.299,23.299,-16.0,0.0,-0.0,32.0
10.9126,1,rev,-65.0,12.2,5.528,5.4,5.4,8.0,0.0,-0.0,37.0,-100.0,-100.0,-100.0,-8.0,0.0,-0.0,32.0,-99.858,-100.0,-100.0,8.0,0.0,-0.0,33.0,-53.333,-65.0,-53.038,-24.0,1.0,-5.658,39.0,-100.0,-100.0,-100.0,-16.0,0.0,-0.0,31.0,9.756,9.756,9.756,0.0,0.0,-0.025,32.0,22.887,23.299,23.299,-16.0,0.0,-0.0,32.0
10.9649,1,rev,-65.0,12.2,5.528,5.4,5.4,8.0,0.0,-0.0,37.0,-100.0,-100.0,-100.0,-8.0,0.0,-0.0,32.0,-99.858,-100.0,-100.0,8.0,0.0,-0.0,33.0,-53.733,-65.0,-53.361,-24.0,1.0,-6.791,39.0,-100.0,-100.0,-100.0,-16.0,0.0,-0.0,31.0,9.756,9.756,9.756,0.0,0.0,-0.012,32.0,22.887,23.299,23.299,-16.0,0.0,-0.0,32.0
11.0182,1,rev,-65.0,12.2,5.528,5.4,5.4,8.0,0.0,-0.0,37.0,-100.0,-100.0,-100.0,-8.0,0.0,-0.0,32.0,-99.858,-100.0,-100.0,8.0,0.0,-0.0,33.0,-54.0,-65.0,-53.684,-24.0,1.0,-5.872,39.0,-100.0,-100.0,-100.0,-16.0,0.0,-0.0,31.0,9.756,9.756,9.756,0.0,0.0,-0.006,32.0,22.887,23.299,23.299,-16.0,0.0,-0.0,32.0
11.0708,1,rev,-65.0,12.2,5.528,5.4,5.4,8.0,0.0,-0.0,37.0,-100.0,-100.0,-100.0,-8.0,0.0,-0.0,32.0,-99.858,-100.0,-100.0,8.0,0.0,-0.0,33.0,-54.4,-65.0,-54.003,-24.0,1.0,-6.881,39.0,-100.0,-100.0,-100.0,-16.0,0.0,-0.0,31.0,9.756,9.756,9.756,0.0,0.0,-0.003,32.0,22.887,23.299,23.299,-16.0,0.0,-0.0,32.0
11.1242,1,rev,-65.0,12.2,5.528,5.4,5.4,8.0,0.0,-0.0,37.0,-100.0,-100.0,-100.0,-8.0,0.0,-0.0,32.0,-99.858,-100.0,-100.0,8.0,0.0,-0.0,33.0,-54.4,-65.0,-54.168,-24.0,1.0,-4.817,39.0,-100.0,-100.0,-100.0,-8.0,0.0,-0.0,31.0,9.756,9.756,9.756,0.0,0.0,-0.002,32.0,22.887,23.299,23.299,-16.0,1.0,-0.0,32.0
11.1768,1,rev,-65.0,12.2,5.528,5.4,5.4,8.0,0.0,-0.0,37.0,-100.0,-100.0,-100.0,-8.0,0.0,-0.0,32.0,-99.858,-100.0,-100.0,8.0,0.0,-0.0,33.0,-54.8,-65.0,-54.675,-24.0,1.0,-4.802,39.0,-100.0,-100.0,-100.0,-8.0,0.0,-0.0,31.0,9.756,9.756,9.756,0.0,0.0,-0.001,32.0,22.887,23.299,23.299,-16.0,1.0,-0.0,32.0
11.2303,1,rev,-65.0,12.2,5.528,5.4,5.4,8.0,0.0,-0.0,37.0,-100.0,-100.0,-100.0,-8.0,0.0,-0.0,32.0,-99.858,-100.0,-100.0,8.0,0.0,-0.0,33.0,-55.2,-65.0,-55.001,-24.0,1.0,-5.916,39.0,-100.0,-100.0,-100.0,-8.0,0.0,-0.0,31.0,9.756,9.756,9.756,0.0,0.0,-0.0,32.0,22.887,23.299,23.299,-16.0,1.0,-0.0,32.0
11.2835,1,rev,-65.0,12.2,5.528,5.4,5.4,8.0,0.0,-0.0,37.0,-100.0,-100.0,-100.0,-8.0,0.0,-0.0,32.0,-99.858,-100.0,-100.0,8.0,0.0,-0.0,33.0,-55.6,-65.0,-55.322,-24.0,1.0,-6.463,39.0,-100.0,-100.0,-100.0,-8.0,0.0,-0.0,31.0,9.756,9.756,9.756,0.0,0.0,-0.0,32.0,22.887,23.299,23.299,-16.0,1.0,-0.0,32.0
11.3367,1,rev,-65.0,12.2,5.528,5.4,5.4,8.0,0.0,-0.0,37.0,-100.0,-100.0,-100.0,-8.0,0.0,-0.0,32.0,-99.858,-100.0,-100.0,8.0,0.0,-0.0,33.0,-55.867,-65.0,-55.649,-24.0,1.0,-5.677,39.0,-100.0,-100.0,-100.0,-8.0,0.0,-0.0,31.0,9.756,9.756,9.756,0.0,0.0,-0.0,32.0,22.887,23.299,23.299,-16.0,1.0,-0.0,32.0
11.3903,1,rev,-65.0,12.2,5.528,5.4,5.4,8.0,0.0,-0.0,37.0,-100.0,-100.0,-100.0,-8.0,0.0,-0.0,32.0,-99.858,-100.0,-100.0,8.0,0.0,-0.0,33.0,-56.267,-65.0,-55.973,-24.0,1.0,-6.34,39.0,-100.0,-100.0,-100.0,-8.0,0.0,-0.0,31.0,9.756,9.756,9.756,0.0,0.0,-0.0,32.0,22.887,23.299,23.299,-16.0,1.0,-0.0,32.0
11.4435,1,rev,-65.0,12.2,5.528,5.4,5.4,8.0,0.0,-0.0,37.0,-100.0,-100.0,-100.0,-8.0,0.0,-0.0,32.0,-99.858,-100.0,-100.0,8.0,0.0,-0.0,33.0,-56.533,-65.0,-56.293,-24.0,1.0,-5.674,39.0,-100.0,-100.0,-100.0,-8.0,0.0,-0.0,31.0,9.756,9.756,9.756,0.0,0.0,-0.0,32.0,22.887,23.299,23.299,-16.0,1.0,-0.0,32.0
11.4955,1,rev,-65.0,12.2,5.528,5.4,5.4,8.0,0.0,-0.0,37.0,-100.0,-100.0,-100.0,-8.0,0.0,-0.0,32.0,-99.858,-100.0,-100.0,8.0,0.0,-0.0,33.0,-56.933,-65.0,-56.612,-24.0,1.0,-6.393,39.0,-100.0,-100.0,-100.0,-8.0,0.0,-0.0,31.0,9.756,9.756,9.756,0.0,0.0,-0.0,32.0,22.887,23.299,23.299,-16.0,1.0,-0.0,32.0
11.5488,1,rev,-65.0,12.2,5.528,5.4,5.4,8.0,0.0,-0.0,37.0,-100.0,-100.0,-100.0,-8.0,0.0,-0.0,32.0,-99.858,-100.0,-100.0,8.0,0.0,-0.0,33.0,-57.2,-65.0,-56.933,-24.0,1.0,-5.632,39.0,-100.0,-100.0,-100.0,-8.0,0.0,-0.0,31.0,9.756,9.756,9.756,0.0,0.0,-0.0,32.0,22.887,23.299,23.299,-16.0,1.0,-0.0,32.0
11.6023,1,rev,-65.0,12.2,5.528,5.4,5.4,8.0,0.0,-0.0,37.0,-100.0,-100.0,-100.0,-8.0,0.0,-0.0,32.0,-99.858,-100.0,-100.0,8.0,0.0,-0.0,33.0,-57.467,-65.0,-57.257,-24.0,1.0,-5.32,39.0,-100.0,-100.0,-100.0,-8.0,0.0,-0.0,31.0,9.756,9.756,9.756,0.0,0.0,-0.0,32.0,22.887,23.299,23.299,-16.0,1.0,-0.0,32.0
11.6562,1,rev,-65.0,12.2,5.528,5.4,5.4,8.0,0.0,-0.0,37.0,-100.0,-100.0,-100.0,-8.0,0.0,-0.0,32.0,-99.858,-100.0,-100.0,8.0,0.0,-0.0,33.0,-57.867,-65.0,-57.575,-24.0,1.0,-6.217,39.0,-100.0,-100.0,-100.0,-8.0,0.0,-0.0,31.0,9.756,9.756,9.756,0.0,0.0,-0.0,32.0,22.887,23.299,23.299,-16.0,1.0,-0.0,32.0
11.7095,1,rev,-65.0,12.2,5.528,5.4,5.4,8.0,0.0,-0.0,37.0,-100.0,-100.0,-100.0,-8.0,0.0,-0.0,32.0,-99.858,-100.0,-100.0,8.0,0.0,-0.0,33.0,-57.867,-65.0,-57.931,-16.0,0.0,-6.217,39.0,-100.0,-100.0,-100.0,-8.0,0.0,-0.0,31.0,9.756,9.756,9.756,0.0,1.0,-0.0,32.0,22.887,23.299,23.299,-16.0,1.0,-0.0,32.0
11.761,1,rev,-65.0,12.2,5.528,5.4,5.4,8.0,0.0,-0.0,37.0,-100.0,-100.0,-100.0,-8.0,0.0,-0.0,32.0,-99.858,-100.0,-100.0,8.0,0.0,-0.0,33.0,-58.133,-65.0,-58.114,-16.0,0.0,-4.967,39.0,-100.0,-100.0,-100.0,-8.0,0.0,-0.0,31.0,9.756,9.756,9.756,0.0,1.0,-0.0,32.0,22.887,23.299,23.299,-16.0,1.0,-0.0,32.0
11.8144,1,rev,-65.0,12.2,5.528,5.4,5.4,8.0,0.0,-0.0,37.0,-100.0,-100.0,-100.0,-8.0,0.0,-0.0,32.0,-99.858,-100.0,-100.0,8.0,0.0,-0.0,33.0,-58.533,-65.0,-58.44,-16.0,0.0,-5.961,39.0,-100.0,-100.0,-100.0,-8.0,0.0,-0.0,31.0,9.756,9.756,9.756,0.0,1.0,-0.0,32.0,22.887,23.299,23.299,-16.0,1.0,-0.0,32.0
11.8671,1,rev,-65.0,12.2,5.528,5.4,5.4,8.0,0.0,-0.0,37.0,-100.0,-100.0,-100.0,-8.0,0.0,-0.0,32.0,-99.858,-100.0,-100.0,8.0,0.0,-0.0,33.0,-58.933,-65.0,-58.761,-16.0,0.0,-6.497,39.0,-100.0,-100.0,-100.0,-8.0,0.0,-0.0,31.0,9.756,9.756,9.756,0.0,1.0,-0.0,32.0,22.887,23.299,23.299,-16.0,1.0,-0.0,32.0
11.9203,1,rev,-65.0,12.2,5.528,5.4,5.4,8.0,0.0,-0.0,37.0,-100.0,-100.0,-100.0,-8.0,0.0,-0.0,32.0,-99.858,-100.0,-100.0,8.0,0.0,-0.0,33.0,-59.333,-65.0,-59.082,-16.0,0.0,-7.218,39.0,-100.0,-100.0,-100.0,-8.0,0.0,-0.0,31.0,9.756,9.756,9.756,0.0,1.0,-0.0,32.0,22.887,23.299,23.299,-16.0,1.0,-0.0,32.0
11.9736,1,rev,-65.0,12.2,5.528,5.4,5.4,8.0,0.0,-0.0,37.0,-100.0,-100.0,-100.0,-8.0,0.0,-0.0,32.0,-99.858,-100.0,-100.0,8.0,0.0,-0.0,33.0,-59.6,-65.0,-59.402,-16.0,0.0,-6.097,39.0,-100.0,-100.0,-100.0,-8.0,0.0,-0.0,31.0,9.756,9.756,9.756,0.0,1.0,-0.0,32.0,22.887,23.299,23.299,-16.0,1.0,-0.0,32.0
12.0268,1,rev,-65.0,12.2,5.528,5.4,5.4,8.0,0.0,-0.0,37.0,-100.0,-100.0,-100.0,-8.0,0.0,-0.0,32.0,-99.858,-100.0,-100.0,8.0,0.0,-0.0,33.0,-60.0,-65.0,-59.723,-16.0,0.0,-6.561,39.0,-100.0,-100.0,-100.0,-8.0,0.0,-0.0,31.0,9.756,9.756,9.756,0.0,1.0,-0.0,32.0,22.887,23.299,23.299,-16.0,1.0,-0.0,32.0
12.0796,1,rev,-65.0,12.2,5.528,5.4,5.4,8.0,0.0,-0.0,37.0,-100.0,-100.0,-100.0,-8.0,0.0,-0.0,32.0,-99.858,-100.0,-100.0,8.0,0.0,-0.0,33.0,-60.267,-65.0,-60.044,-16.0,0.0,-5.744,39.0,-100.0,-100.0,-100.0,-8.0,0.0,-0.0,31.0,9.756,9.756,9.756,0.0,1.0,-0.0,32.0,22.887,23.299,23.299,-16.0,1.0,-0.0,32.0
12.1329,1,rev,-65.0,12.2,5.528,5.4,5.4,8.0,0.0,-0.0,37.0,-100.0,-100.0,-100.0,-8.0,0.0,-0.0,32.0,-99.858,-100.0,-100.0,8.0,0.0,-0.0,33.0,-60.667,-65.0,-60.365,-16.0,0.0,-6.869,39.0,-100.0,-100.0,-100.0,-8.0,0.0,-0.0,31.0,9.756,9.756,9.756,0.0,1.0,-0.0,32.0,22.887,23.299,23.299,-16.0,1.0,-0.0,32.0
12.1856,1,rev,-65.0,12.2,5.528,5.4,5.4,8.0,0.0,-0.0,37.0,-100.0,-100.0,-100.0,-8.0,0.0,-0.0,32.0,-99.858,-100.0,-100.0,8.0,0.0,-0.0,33.0,-60.8,-65.0,-60.686,-16.0,0.0,-4.415,39.0,-100.0,-100.0,-100.0,-8.0,0.0,-0.0,31.0,9.756,9.756,9.756,0.0,1.0,-0.0,32.0,22.887,23.299,23.299,-16.0,1.0,-0.0,32.0
12.2398,1,rev,-65.0,12.2,5.528,5.4,5.4,8.0,0.0,-0.0,37.0,-100.0,-100.0,-100.0,-8.0,0.0,-0.0,32.0,-99.858,-100.0,-100.0,8.0,0.0,-0.0,33.0,-61.2,-65.0,-61.009,-16.0,0.0,-6.139,39.0,-100.0,-100.0,-100.0,-8.0,0.0,-0.0,31.0,9.756,9.756,9.756,0.0,1.0,-0.0,32.0,22.887,23.299,23.299,-16.0,1.0,-0.0,32.0
12.2929,1,rev,-65.0,12.2,5.528,5.4,5.4,8.0,0.0,-0.0,37.0,-100.0,-100.0,-100.0,-8.0,0.0,-0.0,32.0,-99.858,-100.0,-100.0,8.0,0.0,-0.0,33.0,-61.467,-65.0,-61.369,-4.0,0.0,-5.634,39.0,-100.0,-100.0,-100.0,-8.0,0.0,-0.0,31.0,9.756,9.756,9.756,0.0,0.0,-0.0,32.0,22.887,23.299,23.299,-16.0,0.0,-0.0,32.0
12.3464,1,rev,-65.0,12.2,5.528,5.4,5.4,8.0,0.0,-0.0,37.0,-100.0,-100.0,-100.0,-8.0,0.0,-0.0,32.0,-99.858,-100.0,-100.0,8.0,0.0,-0.0,33.0,-61.733,-65.0,-61.692,-4.0,0.0,-5.283,39.0,-100.0,-100.0,-100.0,-8.0,0.0,-0.0,31.0,9.756,9.756,9.756,0.0,0.0,-0.0,32.0,22.887,23.299,23.299,-16.0,0.0,-0.0,32.0
12.3989,1,rev,-65.0,12.2,5.528,5.4,5.4,8.0,0.0,-0.0,37.0,-100.0,-100.0,-100.0,-8.0,0.0,-0.0,32.0,-99.858,-100.0,-100.0,8.0,0.0,-0.0,33.0,-62.133,-65.0,-62.015,-4.0,0.0,-6.148,39.0,-100.0,-100.0,-100.0,-8.0,0.0,-0.0,31.0,9.756,9.756,9.756,0.0,0.0,-0.0,32.0,22.887,23.299,23.299,-16.0,0.0,-0.0,32.0
12.4523,1,rev,-65.0,12.2,5.528,5.4,5.4,8.0,0.0,-0.0,37.0,-100.0,-100.0,-100.0,-8.0,0.0,-0.0,32.0,-99.858,-100.0,-100.0,8.0,0.0,-0.0,33.0,-62.533,-65.0,-62.335,-4.0,0.0,-7.094,39.0,-100.0,-100.0,-100.0,-8.0,0.0,-0.0,31.0,9.756,9.756,9.756,0.0,0.0,-0.0,32.0,22.887,23.299,23.299,-16.0,0.0,-0.0,32.0
12.5053,1,rev,-65.0,12.2,5.528,5.4,5.4,8.0,0.0,-0.0,37.0,-100.0,-100.0,-100.0,-8.0,0.0,-0.0,32.0,-99.858,-100.0,-100.0,8.0,0.0,-0.0,33.0,-62.8,-65.0,-62.652,-4.0,0.0,-6.027,39.0,-100.0,-100.0,-100.0,-8.0,0.0,-0.0,31.0,9.756,9.756,9.756,0.0,0.0,-0.0,32.0,22.887,23.299,23.299,-16.0,0.0,-0.0,32.0
12.5578,1,rev,-65.0,12.2,5.528,5.4,5.4,8.0,0.0,-0.0,37.0,-100.0,-100.0,-100.0,-8.0,0.0,-0.0,32.0,-99.858,-100.0,-100.0,8.0,0.0,-0.0,33.0,-63.067,-65.0,-62.976,-4.0,0.0,-5.461,39.0,-100.0,-100.0,-100.0,-8.0,0.0,-0.0,31.0,9.756,9.756,9.756,0.0,0.0,-0.0,32.0,22.887,23.299,23.299,-16.0,0.0,-0.0,32.0
12.6112,1,rev,-65.0,12.2,5.438,5.4,5.4,8.0,0.0,-0.705,37.0,-100.0,-100.0,-100.0,-8.0,0.0,-0.0,32.0,-99.858,-100.0,-100.0,8.0,0.0,-0.0,33.0,-63.467,-65.0,-63.299,-4.0,0.0,-6.676,39.0,-100.0,-100.0,-100.0,-8.0,0.0,-0.0,31.0,9.756,9.756,9.756,0.0,0.0,-0.0,32.0,22.887,23.299,23.299,-16.0,0.0,-0.0,32.0
12.6655,1,rev,-65.0,12.2,5.438,5.4,5.4,8.0,0.0,-0.345,37.0,-100.0,-100.0,-100.0,-8.0,0.0,-0.0,32.0,-99.858,-100.0,-100.0,8.0,0.0,-0.0,33.0,-63.733,-65.0,-63.622,-4.0,0.0,-5.807,39.0,-100.0,-100.0,-100.0,-8.0,0.0,-0.0,31.0,9.756,9.756,9.756,0.0,0.0,-0.0,32.0,22.887,23.299,23.299,-16.0,0.0,-0.0,32.0
12.7187,1,rev,-65.0,12.2,5.438,5.4,5.4,8.0,0.0,-0.169,37.0,-100.0,-100.0,-100.0,-8.0,0.0,-0.0,32.0,-99.858,-100.0,-100.0,8.0,0.0,-0.0,33.0,-64.0,-65.0,-63.944,-4.0,0.0,-5.402,39.0,-100.0,-100.0,-100.0,-8.0,0.0,-0.0,31.0,9.756,9.756,9.756,0.0,0.0,-0.0,32.0,22.887,23.299,23.299,-16.0,0.0,-0.0,32.0
12.7716,1,rev,-65.0,12.2,5.438,5.4,5.4,8.0,0.0,-0.083,37.0,-100.0,-100.0,-100.0,-8.0,0.0,-0.0,32.0,-99.858,-100.0,-100.0,8.0,0.0,-0.0,33.0,-64.4,-65.0,-64.263,-4.0,0.0,-6.249,39.0,-100.0,-100.0,-100.0,-8.0,0.0,-0.0,31.0,9.756,9.756,9.756,0.0,0.0,-0.0,32.0,22.887,23.299,23.299,-16.0,0.0,-0.0,32.0
12.8251,1,rev,-65.0,12.2,5.438,5.4,5.4,0.0,0.0,-0.058,37.0,-100.0,-100.0,-100.0,-8.0,0.0,-0.0,32.0,-99.858,-100.0,-100.0,8.0,0.0,-0.0,33.0,-64.533,-65.0,-64.423,-8.0,0.0,-5.868,39.0,-100.0,-100.0,-100.0,-8.0,1.0,-0.0,31.0,9.756,9.756,9.756,0.0,0.0,-0.0,32.0,22.887,23.299,23.299,-16.0,0.0,-0.0,32.0
12.8784,1,rev,-65.0,12.2,5.438,5.4,5.4,0.0,0.0,-0.028,37.0,-100.0,-100.0,-100.0,-8.0,0.0,-0.0,32.0,-99.858,-100.0,-100.0,8.0,0.0,-0.0,33.0,-64.933,-65.0,-64.926,-8.0,0.0,-5.36,39.0,-100.0,-100.0,-100.0,-8.0,1.0,-0.0,31.0,9.756,9.756,9.756,0.0,0.0,-0.0,32.0,22.887,23.299,23.299,-16.0,0.0,-0.0,32.0
12.9315,1,hold_start,-65.0,12.2,5.438,5.4,5.4,0.0,0.0,-0.02,37.0,-100.0,-100.0,-100.0,-8.0,0.0,-0.0,32.0,-99.858,-100.0,-100.0,8.0,0.0,-0.0,33.0,-65.067,-65.0,-65.0,-8.0,0.0,-5.248,39.0,-100.0,-100.0,-100.0,-8.0,1.0,-0.0,31.0,9.756,9.756,9.756,0.0,0.0,-0.0,32.0,22.887,23.299,23.299,-16.0,0.0,-0.0,32.0
12.9839,1,hold_start,-65.0,12.2,5.438,5.4,5.4,0.0,0.0,-0.01,37.0,-100.0,-100.0,-100.0,-8.0,0.0,-0.0,32.0,-99.858,-100.0,-100.0,8.0,0.0,-0.0,33.0,-65.333,-65.0,-65.0,-8.0,0.0,-4.466,39.0,-100.0,-100.0,-100.0,-8.0,1.0,-0.0,31.0,9.756,9.756,9.756,0.0,0.0,-0.0,32.0,22.887,23.299,23.299,-16.0,0.0,-0.0,32.0
13.0373,1,hold_start,-65.0,12.2,5.438,5.4,5.4,0.0,0.0,-0.005,37.0,-100.0,-100.0,-100.0,-8.0,0.0,-0.0,32.0,-99.858,-100.0,-100.0,8.0,0.0,-0.0,33.0,-65.467,-65.0,-65.0,-8.0,0.0,-3.69,39.0,-100.0,-100.0,-100.0,-8.0,1.0,-0.0,31.0,9.756,9.756,9.756,0.0,0.0,-0.0,32.0,22.887,23.299,23.299,-16.0,0.0,-0.0,32.0
13.0912,1,hold_start,-65.0,12.2,5.438,5.4,5.4,0.0,0.0,-0.002,37.0,-100.0,-100.0,-100.0,-8.0,0.0,-0.0,32.0,-99.858,-100.0,-100.0,8.0,0.0,-0.0,33.0,-65.467,-65.0,-65.0,-8.0,0.0,-1.808,39.0,-100.0,-100.0,-100.0,-8.0,1.0,-0.0,31.0,9.756,9.756,9.756,0.0,0.0,-0.0,32.0,22.887,23.299,23.299,-16.0,0.0,-0.0,32.0
13.1448,1,hold_start,-65.0,12.2,5.438,5.4,5.4,0.0,0.0,-0.001,37.0,-100.0,-100.0,-100.0,-8.0,0.0,-0.0,32.0,-99.858,-100.0,-100.0,8.0,0.0,-0.0,33.0,-65.467,-65.0,-65.0,-8.0,0.0,-0.886,39.0,-100.0,-100.0,-100.0,-8.0,1.0,-0.0,31.0,9.756,9.756,9.756,0.0,0.0,-0.0,32.0,22.887,23.299,23.299,-16.0,0.0,-0.0,32.0
13.1981,1,hold_start,-65.0,12.2,5.438,5.4,5.4,0.0,0.0,-0.001,37.0,-100.0,-100.0,-100.0,-8.0,0.0,-0.0,32.0,-99.858,-100.0,-100.0,8.0,0.0,-0.0,33.0,-65.467,-65.0,-65.0,-8.0,0.0,-0.434,39.0,-100.0,-100.0,-100.0,-8.0,1.0,-0.0,31.0,9.756,9.756,9.756,0.0,0.0,-0.0,32.0,22.887,23.299,23.299,-16.0,0.0,-0.0,32.0
13.2513,1,hold_start,-65.0,12.2,5.348,5.4,5.4,0.0,0.0,-0.698,37.0,-100.0,-100.0,-100.0,-8.0,0.0,-0.0,32.0,-99.858,-100.0,-100.0,8.0,0.0,-0.0,33.0,-65.467,-65.0,-65.0,-8.0,0.0,-0.213,39.0,-100.0,-100.0,-100.0,-8.0,1.0,-0.0,31.0,9.756,9.756,9.756,0.0,0.0,-0.0,32.0,22.887,23.299,23.299,-16.0,0.0,-0.0,32.0
13.3042,1,hold_start,-65.0,12.2,5.348,5.4,5.4,0.0,0.0,-0.342,37.0,-100.0,-100.0,-100.0,-8.0,0.0,-0.0,32.0,-99.858,-100.0,-100.0,8.0,0.0,-0.0,33.0,-65.467,-65.0,-65.0,-8.0,0.0,-0.104,39.0,-100.0,-100.0,-100.0,-8.0,1.0,-0.0,31.0,9.756,9.756,9.756,0.0,0.0,-0.0,32.0,22.887,23.299,23.299,-16.0,0.0,-0.0,32.0
13.3569,1,hold_start,-65.0,12.2,5.348,5.4,5.4,0.0,0.0,-0.168,37.0,-100.0,-100.0,-100.0,-8.0,0.0,-0.0,32.0,-99.858,-100.0,-100.0,8.0,0.0,-0.0,33.0,-65.467,-65.0,-65.0,-8.0,0.0,-0.051,39.0,-100.0,-100.0,-100.0,-8.0,1.0,-0.0,31.0,9.756,9.756,9.756,0.0,0.0,-0.0,32.0,22.887,23.299,23.299,-16.0,0.0,-0.0,32.0
13.4103,1,hold_start,-65.0,12.2,5.348,5.4,5.4,0.0,0.0,-0.117,37.0,-100.0,-100.0,-100.0,-8.0,0.0,-0.0,32.0,-99.858,-100.0,-100.0,8.0,0.0,-0.0,33.0,-65.467,-65.0,-65.0,-24.0,0.0,-0.036,39.0,-100.0,-100.0,-100.0,-8.0,0.0,-0.0,31.0,9.756,9.756,9.756,0.0,0.0,-0.0,32.0,22.887,23.299,23.299,-16.0,0.0,-0.0,32.0
13.4634,1,hold_start,-65.0,12.2,5.348,5.4,5.4,0.0,0.0,-0.057,37.0,-100.0,-100.0,-100.0,-8.0,0.0,-0.0,32.0,-99.858,-100.0,-100.0,8.0,0.0,-0.0,33.0,-65.467,-65.0,-65.0,-24.0,0.0,-0.018,39.0,-100.0,-100.0,-100.0,-8.0,0.0,-0.0,31.0,9.756,9.756,9.756,0.0,0.0,-0.0,32.0,22.887,23.299,23.299,-16.0,0.0,-0.0,32.0
13.5166,2,fwd,-30.0,12.2,5.348,5.4,5.4,0.0,0.0,-0.028,37.0,-100.0,-100.0,-100.0,-8.0,0.0,-0.0,32.0,-99.858,-100.0,-100.0,8.0,0.0,-0.0,33.0,-65.467,-65.0,-65.0,-24.0,0.0,-0.009,39.0,-100.0,-100.0,-100.0,-8.0,0.0,-0.0,31.0,9.756,9.756,9.756,0.0,0.0,-0.0,32.0,22.887,23.299,23.299,-16.0,0.0,-0.0,32.0
13.5696,2,fwd,-30.0,12.2,5.348,5.4,5.4,0.0,0.0,-0.014,37.0,-100.0,-100.0,-100.0,-8.0,0.0,-0.0,32.0,-99.858,-100.0,-100.0,8.0,0.0,-0.0,33.0,-65.467,-30.0,-64.68,-24.0,0.0,-0.004,39.0,-100.0,-100.0,-100.0,-8.0,0.0,-0.0,31.0,9.756,9.756,9.756,0.0,0.0,-0.0,32.0,22.887,23.299,23.299,-16.0,0.0,-0.0,32.0
13.6214,2,fwd,-30.0,12.2,5.348,5.4,5.4,0.0,0.0,-0.007,37.0,-100.0,-100.0,-100.0,-8.0,0.0,-0.0,32.0,-99.858,-100.0,-100.0,8.0,0.0,-0.0,33.0,-65.467,-30.0,-64.361,-24.0,0.0,-0.002,39.0,-100.0,-100.0,-100.0,-8.0,0.0,-0.0,31.0,9.756,9.756,9.756,0.0,0.0,-0.0,32.0,22.887,23.299,23.299,-16.0,0.0,-0.0,32.0
13.6754,2,fwd,-30.0,12.2,5.348,5.4,5.4,0.0,0.0,-0.003,37.0,-100.0,-100.0,-100.0,-8.0,0.0,-0.0,32.0,-99.858,-100.0,-100.0,8.0,0.0,-0.0,33.0,-65.333,-30.0,-64.039,-24.0,0.0,1.037,39.0,-100.0,-100.0,-100.0,-8.0,0.0,-0.0,31.0,9.756,9.756,9.756,0.0,0.0,-0.0,32.0,22.887,23.299,23.299,-16.0,0.0,-0.0,32.0
13.729,2,fwd,-30.0,12.2,5.348,5.4,5.4,0.0,0.0,-0.002,37.0,-100.0,-100.0,-100.0,-8.0,0.0,-0.0,32.0,-99.858,-100.0,-100.0,8.0,0.0,-0.0,33.0,-65.2,-30.0,-63.714,-24.0,0.0,1.554,39.0,-100.0,-100.0,-100.0,-8.0,0.0,-0.0,31.0,9.756,9.756,9.756,0.0,0.0,-0.0,32.0,22.887,23.299,23.299,-16.0,0.0,-0.0,32.0
13.7819,2,fwd,-30.0,12.2,5.348,5.4,5.4,0.0,0.0,-0.001,37.0,-100.0,-100.0,-100.0,-8.0,0.0,-0.0,32.0,-99.858,-100.0,-100.0,8.0,0.0,-0.0,33.0,-65.067,-30.0,-63.391,-24.0,0.0,1.798,39.0,-100.0,-100.0,-100.0,-8.0,0.0,-0.0,31.0,9.756,9.756,9.756,0.0,0.0,-0.0,32.0,22.887,23.299,23.299,-16.0,0.0,-0.0,32.0
13.8354,2,fwd,-30.0,12.2,5.348,5.4,5.4,0.0,0.0,-0.0,37.0,-100.0,-100.0,-100.0,-8.0,0.0,-0.0,32.0,-99.858,-100.0,-100.0,8.0,0.0,-0.0,33.0,-64.8,-30.0,-63.067,-24.0,0.0,3.406,39.0,-100.0,-100.0,-100.0,-8.0,0.0,-0.0,31.0,9.756,9.756,9.756,0.0,0.0,-0.0,32.0,22.887,23.299,23.299,-16.0,0.0,-0.0,32.0
13.8887,2,fwd,-30.0,12.2,5.348,5.4,5.4,0.0,0.0,-0.0,37.0,-100.0,-100.0,-100.0,-8.0,0.0,-0.0,32.0,-99.858,-100.0,-100.0,8.0,0.0,-0.0,33.0,-64.667,-30.0,-62.744,-24.0,0.0,3.169,39.0,-100.0,-100.0,-100.0,-8.0,0.0,-0.0,31.0,9.756,9.756,9.756,0.0,0.0,-0.0,32.0,22.887,23.299,23.299,-16.0,0.0,-0.0,32.0
13.9409,2,fwd,-30.0,12.2,5.348,5.4,5.4,0.0,0.0,-0.0,37.0,-100.0,-100.0,-100.0,-8.0,0.0,-0.0,32.0,-99.858,-100.0,-100.0,8.0,0.0,-0.0,33.0,-64.533,-30.0,-62.423,-24.0,0.0,3.039,39.0,-100.0,-100.0,-100.0,-8.0,0.0,-0.0,31.0,9.756,9.756,9.756,0.0,0.0,-0.0,32.0,22.887,23.299,23.299,-16.0,0.0,-0.0,32.0
13.9945,2,fwd,-30.0,12.1,5.348,5.4,5.4,0.0,0.0,-0.0,37.0,-100.0,-100.0,-100.0,-8.0,0.0,-0.0,32.0,-99.858,-100.0,-100.0,8.0,0.0,-0.0,33.0,-64.533,-30.0,-62.077,-100.0,26.0,3.039,39.0,-100.0,-100.0,-100.0,0.0,0.0,-0.0,31.0,9.756,9.756,9.756,0.0,0.0,-0.0,32.0,22.887,23.299,23.299,-16.0,0.0,-0.0,32.0
14.0469,2,fwd,-30.0,12.1,5.348,5.4,5.4,0.0,0.0,-0.0,37.0,-100.0,-100.0,-100.0,-8.0,0.0,-0.0,32.0,-99.858,-100.0,-100.0,8.0,0.0,-0.0,33.0,-64.267,-30.0,-61.739,-100.0,26.0,2.418,39.0,-100.0,-100.0,-100.0,0.0,0.0,-0.0,31.0,9.756,9.756,9.756,0.0,0.0,-0.0,32.0,22.887,23.299,23.299,-16.0,0.0,-0.0,32.0
14.0998,2,fwd,-30.0,12.1,5.348,5.4,5.4,0.0,0.0,-0.0,37.0,-100.0,-100.0,-100.0,-8.0,0.0,-0.0,32.0,-99.858,-100.0,-100.0,8.0,0.0,-0.0,33.0,-64.133,-30.0,-61.563,-100.0,26.0,2.691,39.0,-100.0,-100.0,-100.0,0.0,0.0,-0.0,31.0,9.756,9.756,9.756,0.0,0.0,-0.0,32.0,22.887,23.299,23.299,-16.0,0.0,-0.0,32.0
14.1534,2,fwd,-30.0,12.1,5.348,5.4,5.4,0.0,0.0,-0.0,37.0,-100.0,-100.0,-100.0,-8.0,0.0,-0.0,32.0,-99.858,-100.0,-100.0,8.0,0.0,-0.0,33.0,-63.867,-30.0,-61.23,-100.0,26.0,3.771,39.0,-100.0,-100.0,-100.0,0.0,0.0,-0.0,31.0,9.756,9.756,9.756,0.0,0.0,-0.0,32.0,22.887,23.299,23.299,-16.0,0.0,-0.0,32.0
14.2059,2,fwd,-30.0,12.1,5.348,5.4,5.4,0.0,0.0,-0.0,37.0,-100.0,-100.0,-100.0,-8.0,0.0,-0.0,32.0,-99.858,-100.0,-100.0,8.0,0.0,-0.0,33.0,-63.733,-30.0,-60.908,-100.0,26.0,2.896,39.0,-100.0,-100.0,-100.0,0.0,0.0,-0.0,31.0,9.756,9.756,9.756,0.0,0.0,-0.0,32.0,22.887,23.299,23.299,-16.0,0.0,-0.0,32.0
14.2583,2,fwd,-30.0,12.1,5.348,5.4,5.4,0.0,0.0,-0.0,37.0,-100.0,-100.0,-100.0,-8.0,0.0,-0.0,32.0,-99.858,-100.0,-100.0,8.0,0.0,-0.0,33.0,-63.467,-30.0,-60.585,-100.0,26.0,3.962,39.0,-100.0,-100.0,-100.0,0.0,0.0,-0.0,31.0,9.756,9.756,9.756,0.0,0.0,-0.0,32.0,22.887,23.299,23.299,-16.0,0.0,-0.0,32.0
14.3108,2,fwd,-30.0,12.1,5.348,5.4,5.4,0.0,0.0,-0.0,37.0,-100.0,-100.0,-100.0,-8.0,0.0,-0.0,32.0,-99.858,-100.0,-100.0,8.0,0.0,-0.0,33.0,-63.067,-30.0,-60.264,-100.0,26.0,6.363,39.0,-100.0,-100.0,-100.0,0.0,0.0,-0.0,31.0,9.756,9.756,9.756,0.0,0.0,-0.0,32.0,22.887,23.299,23.299,-16.0,0.0,-0.0,32.0
14.3642,2,fwd,-30.0,12.1,5.438,5.4,5.4,0.0,0.0,0.708,37.0,-100.0,-100.0,-100.0,-8.0,0.0,-0.0,32.0,-99.858,-100.0,-100.0,8.0,0.0,-0.0,33.0,-62.8,-30.0,-59.943,-100.0,26.0,5.665,39.0,-100.0,-100.0,-100.0,0.0,0.0,-0.0,31.0,9.756,9.756,9.756,0.0,0.0,-0.0,32.0,22.887,23.299,23.299,-16.0,0.0,-0.0,32.0
14.4172,2,fwd,-30.0,12.1,5.438,5.4,5.4,0.0,0.0,0.347,37.0,-100.0,-100.0,-100.0,-8.0,0.0,-0.0,32.0,-99.858,-100.0,-100.0,8.0,0.0,-0.0,33.0,-62.667,-30.0,-59.619,-100.0,26.0,4.241,39.0,-100.0,-100.0,-100.0,0.0,0.0,-0.0,31.0,9.756,9.756,9.756,0.0,0.0,-0.0,32.0,22.887,23.299,23.299,-16.0,0.0,-0.0,32.0
14.4691,2,fwd,-30.0,12.1,5.438,5.4,5.4,0.0,0.0,0.17,37.0,-100.0,-100.0,-100.0,-8.0,0.0,-0.0,32.0,-99.858,-100.0,-100.0,8.0,0.0,-0.0,33.0,-62.267,-30.0,-59.294,-100.0,26.0,5.643,39.0,-100.0,-100.0,-100.0,0.0,0.0,-0.0,31.0,9.756,9.756,9.756,0.0,0.0,-0.0,32.0,22.887,23.299,23.299,-16.0,0.0,-0.0,32.0
14.5225,2,fwd,-30.0,12.1,5.438,5.4,5.4,0.0,0.0,0.083,37.0,-100.0,-100.0,-100.0,-8.0,0.0,-0.0,32.0,-99.858,-100.0,-100.0,8.0,0.0,-0.0,33.0,-62.267,-30.0,-58.971,-100.0,26.0,2.765,39.0,-100.0,-100.0,-100.0,0.0,0.0,-0.0,31.0,9.756,9.756,9.756,0.0,0.0,-0.0,32.0,22.887,23.299,23.299,-16.0,0.0,-0.0,32.0
14.5748,2,fwd,-30.0,12.1,5.438,5.4,5.4,0.0,0.0,0.058,37.0,-100.0,-100.0,-100.0,-8.0,0.0,-0.0,32.0,-99.858,-100.0,-100.0,8.0,0.0,-0.0,33.0,-61.733,-30.0,-58.619,-172.0,44.0,4.652,44.0,-100.0,-100.0,-100.0,0.0,0.0,-0.0,31.0,9.756,9.756,9.756,0.0,0.0,-0.0,32.0,22.887,23.299,23.299,-16.0,1.0,-0.0,32.0
14.6269,2,fwd,-30.0,12.1,5.438,5.4,5.4,0.0,0.0,0.029,37.0,-100.0,-100.0,-100.0,-8.0,0.0,-0.0,32.0,-99.858,-100.0,-100.0,8.0,0.0,-0.0,33.0,-61.733,-30.0,-58.296,-172.0,44.0,2.28,44.0,-100.0,-100.0,-100.0,0.0,0.0,-0.0,31.0,9.756,9.756,9.756,0.0,0.0,-0.0,32.0,22.887,23.299,23.299,-16.0,1.0,-0.0,32.0
14.6808,2,fwd,-30.0,12.1,5.438,5.4,5.4,0.0,0.0,0.014,37.0,-100.0,-100.0,-100.0,-8.0,0.0,-0.0,32.0,-99.858,-100.0,-100.0,8.0,0.0,-0.0,33.0,-61.333,-30.0,-57.971,-172.0,44.0,5.095,44.0,-100.0,-100.0,-100.0,0.0,0.0,-0.0,31.0,9.756,9.756,9.756,0.0,0.0,-0.0,32.0,22.887,23.299,23.299,-16.0,1.0,-0.0,32.0
14.734,2,fwd,-30.0,12.1,5.438,5.4,5.4,0.0,0.0,0.007,37.0,-100.0,-100.0,-100.0,-8.0,0.0,-0.0,32.0,-99.858,-100.0,-100.0,8.0,0.0,-0.0,33.0,-60.933,-30.0,-57.646,-172.0,44.0,6.524,44.0,-100.0,-100.0,-100.0,0.0,0.0,-0.0,31.0,9.756,9.756,9.756,0.0,0.0,-0.0,32.0,22.887,23.299,23.299,-16.0,1.0,-0.0,32.0
14.7872,2,fwd,-30.0,12.1,5.438,5.4,5.4,0.0,0.0,0.005,37.0,-100.0,-100.0,-100.0,-8.0,0.0,-0.0,32.0,-99.858,-100.0,-100.0,8.0,0.0,-0.0,33.0,-60.8,-30.0,-57.323,-172.0,44.0,6.035,44.0,-100.0,-100.0,-100.0,0.0,0.0,-0.0,31.0,9.756,9.756,9.756,0.0,0.0,-0.0,32.0,22.887,23.299,23.299,-16.0,1.0,-0.0,32.0
14.8406,2,fwd,-30.0,12.1,5.438,5.4,5.4,0.0,0.0,0.002,37.0,-100.0,-100.0,-100.0,-8.0,0.0,-0.0,32.0,-99.858,-100.0,-100.0,8.0,0.0,-0.0,33.0,-60.533,-30.0,-56.981,-172.0,44.0,5.386,44.0,-100.0,-100.0,-100.0,0.0,0.0,-0.0,31.0,9.756,9.756,9.756,0.0,0.0,-0.0,32.0,22.887,23.299,23.299,-16.0,1.0,-0.0,32.0
14.8937,2,fwd,-30.0,12.1,5.438,5.4,5.4,0.0,0.0,0.001,37.0,-100.0,-100.0,-100.0,-8.0,0.0,-0.0,32.0,-99.858,-100.0,-100.0,8.0,0.0,-0.0,33.0,-60.0,-30.0,-56.646,-172.0,44.0,8.086,44.0,-100.0,-100.0,-100.0,0.0,0.0,-0.0,31.0,9.756,9.756,9.756,0.0,0.0,-0.0,32.0,22.887,23.299,23.299,-16.0,1.0,-0.0,32.0
14.9468,2,fwd,-30.0,12.1,5.438,5.4,5.4,0.0,0.0,0.001,37.0,-100.0,-100.0,-100.0,-8.0,0.0,-0.0,32.0,-99.858,-100.0,-100.0,8.0,0.0,-0.0,33.0,-59.733,-30.0,-56.485,-172.0,44.0,6.049,44.0,-100.0,-100.0,-100.0,0.0,0.0,-0.0,31.0,9.756,9.756,9.756,0.0,0.0,-0.0,32.0,22.887,23.299,23.299,-16.0,1.0,-0.0,32.0
15.0006,2,fwd,-30.0,12.1,5.438,5.4,5.4,0.0,0.0,0.0,37.0,-100.0,-100.0,-100.0,-8.0,0.0,-0.0,32.0,-99.858,-100.0,-100.0,8.0,0.0,-0.0,33.0,-59.333,-30.0,-56.144,-172.0,44.0,6.899,44.0,-100.0,-100.0,-100.0,0.0,0.0,-0.0,31.0,9.756,9.756,9.756,0.0,0.0,-0.0,32.0,22.887,23.299,23.299,-16.0,1.0,-0.0,32.0
15.0537,2,fwd,-30.0,12.1,5.438,5.4,5.4,0.0,0.0,0.0,37.0,-100.0,-100.0,-100.0,-8.0,0.0,-0.0,32.0,-99.858,-100.0,-100.0,8.0,0.0,-0.0,33.0,-59.067,-30.0,-55.826,-172.0,44.0,5.931,44.0,-100.0,-100.0,-100.0,0.0,0.0,-0.0,31.0,9.756,9.756,9.756,0.0,0.0,-0.0,32.0,22.887,23.299,23.299,-16.0,1.0,-0.0,32.0
15.1058,2,fwd,-30.0,12.1,5.438,5.4,5.4,0.0,0.0,0.0,37.0,-100.0,-100.0,-100.0,-8.0,0.0,-0.0,32.0,-99.858,-100.0,-100.0,8.0,0.0,-0.0,33.0,-58.933,-30.0,-55.503,-172.0,44.0,4.403,44.0,-100.0,-100.0,-100.0,0.0,0.0,-0.0,31.0,9.756,9.756,9.756,0.0,0.0,-0.0,32.0,22.887,23.299,23.299,-16.0,1.0,-0.0,32.0
15.1595,2,fwd,-30.0,12.0,5.438,5.4,5.4,0.0,0.0,0.0,37.0,-100.0,-100.0,-100.0,-8.0,0.0,-0.0,32.0,-99.858,-100.0,-100.0,8.0,0.0,-0.0,33.0,-58.533,-30.0,-55.14,-192.0,67.0,5.057,39.0,-100.0,-100.0,-100.0,-8.0,0.0,-0.0,31.0,9.756,9.756,9.756,0.0,0.0,-0.0,32.0,22.887,23.299,23.299,-16.0,1.0,-0.0,32.0
15.2119,2,fwd,-30.0,12.0,5.438,5.4,5.4,0.0,0.0,0.0,37.0,-100.0,-100.0,-100.0,-8.0,0.0,-0.0,32.0,-99.858,-100.0,-100.0,8.0,0.0,-0.0,33.0,-58.533,-30.0,-54.816,-192.0,67.0,2.478,39.0,-100.0,-100.0,-100.0,-8.0,0.0,-0.0,31.0,9.756,9.756,9.756,0.0,0.0,-0.0,32.0,22.887,23.299,23.299,-16.0,1.0,-0.0,32.0
15.2656,2,fwd,-30.0,12.0,5.438,5.4,5.4,0.0,0.0,0.0,37.0,-100.0,-100.0,-100.0,-8.0,0.0,-0.0,32.0,-99.858,-100.0,-100.0,8.0,0.0,-0.0,33.0,-58.133,-30.0,-54.492,-192.0,67.0,5.189,39.0,-100.0,-100.0,-100.0,-8.0,0.0,-0.0,31.0,9.756,9.756,9.756,0.0,0.0,-0.0,32.0,22.887,23.299,23.299,-16.0,1.0,-0.0,32.0
15.318,2,fwd,-30.0,12.0,5.528,5.4,5.4,0.0,0.0,1.007,37.0,-100.0,-100.0,-100.0,-8.0,0.0,-0.0,32.0,-99.858,-100.0,-100.0,8.0,0.0,-0.0,33.0,-57.733,-30.0,-54.167,-192.0,67.0,6.098,39.0,-100.0,-100.0,-100.0,-8.0,0.0,-0.0,31.0,9.756,9.756,9.756,0.0,0.0,-0.0,32.0,22.887,23.299,23.299,-16.0,1.0,-0.0,32.0
15.3703,2,fwd,-30.0,12.0,5.528,5.4,5.4,0.0,0.0,0.493,37.0,-100.0,-100.0,-100.0,-8.0,0.0,-0.0,32.0,-99.858,-100.0,-100.0,8.0,0.0,-0.0,33.0,-57.467,-30.0,-53.844,-192.0,67.0,5.513,39.0,-100.0,-100.0,-100.0,-8.0,0.0,-0.0,31.0,9.756,9.756,9.756,0.0,0.0,-0.0,32.0,22.887,23.299,23.299,-16.0,1.0,-0.0,32.0
15.4236,2,fwd,-30.0,12.0,5.528,5.4,5.4,0.0,0.0,0.242,37.0,-100.0,-100.0,-100.0,-8.0,0.0,-0.0,32.0,-99.858,-100.0,-100.0,8.0,0.0,-0.0,33.0,-56.933,-30.0,-53.52,-192.0,67.0,8.109,39.0,-100.0,-100.0,-100.0,-8.0,0.0,-0.0,31.0,9.756,9.756,9.756,0.0,0.0,-0.0,32.0,22.887,23.299,23.299,-16.0,1.0,-0.0,32.0
15.4772,2,fwd,-30.0,12.0,5.528,5.4,5.4,0.0,0.0,0.118,37.0,-100.0,-100.0,-100.0,-8.0,0.0,-0.0,32.0,-99.858,-100.0,-100.0,8.0,0.0,-0.0,33.0,-56.533,-30.0,-53.196,-192.0,67.0,7.557,39.0,-100.0,-100.0,-100.0,-8.0,0.0,-0.0,31.0,9.756,9.756,9.756,0.0,0.0,-0.0,32.0,22.887,23.299,23.299,-16.0,1.0,-0.0,32.0
15.5306,2,fwd,-30.0,12.0,5.528,5.4,5.4,0.0,0.0,0.058,37.0,-100.0,-100.0,-100.0,-8.0,0.0,-0.0,32.0,-99.858,-100.0,-100.0,8.0,0.0,-0.0,33.0,-56.133,-30.0,-52.87,-192.0,67.0,7.681,39.0,-100.0,-100.0,-100.0,-8.0,0.0,-0.0,31.0,9.756,9.756,9.756,0.0,0.0,-0.0,32.0,22.887,23.299,23.299,-16.0,1.0,-0.0,32.0
15.5841,2,fwd,-30.0,12.0,5.528,5.4,5.4,0.0,0.0,0.028,37.0,-100.0,-100.0,-100.0,-8.0,0.0,-0.0,32.0,-99.858,-100.0,-100.0,8.0,0.0,-0.0,33.0,-56.0,-30.0,-52.55,-192.0,67.0,4.813,39.0,-100.0,-100.0,-100.0,-8.0,0.0,-0.0,31.0,9.756,9.756,9.756,0.0,0.0,-0.0,32.0,22.887,23.299,23.299,-16.0,1.0,-0.0,32.0
15.6369,2,fwd,-30.0,12.0,5.528,5.4,5.4,0.0,0.0,0.014,37.0,-100.0,-100.0,-100.0,-8.0,0.0,-0.0,32.0,-99.858,-100.0,-100.0,8.0,0.0,-0.0,33.0,-55.867,-30.0,-52.228,-192.0,67.0,3.4,39.0,-100.0,-100.0,-100.0,-8.0,0.0,-0.0,31.0,9.756,9.756,9.756,0.0,0.0,-0.0,32.0,22.887,23.299,23.299,-16.0,1.0,-0.0,32.0
15.6898,2,fwd,-30.0,12.0,5.528,5.4,5.4,0.0,0.0,0.01,37.0,-100.0,-100.0,-100.0,-8.0,0.0,-0.0,32.0,-99.858,-100.0,-100.0,8.0,0.0,-0.0,33.0,-55.867,-30.0,-52.068,-192.0,67.0,2.38,39.0,-100.0,-100.0,-100.0,-8.0,0.0,-0.0,31.0,9.756,9.756,9.756,0.0,0.0,-0.0,32.0,22.887,23.299,23.299,-16.0,1.0,-0.0,32.0
15.7431,2,fwd,-30.0,11.9,5.528,5.4,5.4,8.0,0.0,0.007,37.0,-100.0,-100.0,-100.0,-8.0,0.0,-0.0,32.0,-99.858,-100.0,-100.0,8.0,0.0,-0.0,33.0,-55.333,-30.0,-51.55,-208.0,54.0,4.344,39.0,-100.0,-100.0,-100.0,-8.0,0.0,-0.0,31.0,9.756,9.756,9.756,0.0,0.0,-0.0,32.0,22.887,23.299,23.299,-16.0,0.0,-0.0,32.0
15.7966,2,fwd,-30.0,11.9,5.528,5.4,5.4,8.0,0.0,0.003,37.0,-100.0,-100.0,-100.0,-8.0,0.0,-0.0,32.0,-99.858,-100.0,-100.0,8.0,0.0,-0.0,33.0,-55.2,-30.0,-51.229,-208.0,54.0,3.634,39.0,-100.0,-100.0,-100.0,-8.0,0.0,-0.0,31.0,9.756,9.756,9.756,0.0,0.0,-0.0,32.0,22.887,23.299,23.299,-16.0,0.0,-0.0,32.0
15.8503,2,fwd,-30.0,11.9,5.528,5.4,5.4,8.0,0.0,0.002,37.0,-100.0,-100.0,-100.0,-8.0,0.0,-0.0,32.0,-99.858,-100.0,-100.0,8.0,0.0,-0.0,33.0,-54.933,-30.0,-51.065,-208.0,54.0,4.733,39.0,-100.0,-100.0,-100.0,-8.0,0.0,-0.0,31.0,9.756,9.756,9.756,0.0,0.0,-0.0,32.0,22.887,23.299,23.299,-16.0,0.0,-0.0,32.0
15.9043,2,fwd,-30.0,11.9,5.528,5.4,5.4,8.0,0.0,0.001,37.0,-100.0,-100.0,-100.0,-8.0,0.0,-0.0,32.0,-99.858,-100.0,-100.0,8.0,0.0,-0.0,33.0,-54.533,-30.0,-50.721,-208.0,54.0,5.682,39.0,-100.0,-100.0,-100.0,-8.0,0.0,-0.0,31.0,9.756,9.756,9.756,0.0,0.0,-0.0,32.0,22.887,23.299,23.299,-16.0,0.0,-0.0,32.0
15.9577,2,fwd,-30.0,11.9,5.528,5.4,5.4,8.0,0.0,0.0,37.0,-100.0,-100.0,-100.0,-8.0,0.0,-0.0,32.0,-99.858,-100.0,-100.0,8.0,0.0,-0.0,33.0,-54.4,-30.0,-50.402,-208.0,54.0,3.831,39.0,-100.0,-100.0,-100.0,-8.0,0.0,-0.0,31.0,9.756,9.756,9.756,0.0,0.0,-0.0,32.0,22.887,23.299,23.299,-16.0,0.0,-0.0,32.0
16.0096,2,fwd,-30.0,11.9,5.528,5.4,5.4,8.0,0.0,0.0,37.0,-100.0,-100.0,-100.0,-8.0,0.0,-0.0,32.0,-99.858,-100.0,-100.0,8.0,0.0,-0.0,33.0,-53.733,-30.0,-50.08,-208.0,54.0,7.995,39.0,-100.0,-100.0,-100.0,-8.0,0.0,-0.0,31.0,9.756,9.756,9.756,0.0,0.0,-0.0,32.0,22.887,23.299,23.299,-16.0,0.0,-0.0,32.0
16.0628,2,fwd,-30.0,11.9,5.528,5.4,5.4,8.0,0.0,0.0,37.0,-100.0,-100.0,-100.0,-8.0,0.0,-0.0,32.0,-99.858,-100.0,-100.0,8.0,0.0,-0.0,33.0,-53.6,-30.0,-49.759,-208.0,54.0,4.971,39.0,-100.0,-100.0,-100.0,-8.0,0.0,-0.0,31.0,9.756,9.756,9.756,0.0,0.0,-0.0,32.0,22.887,23.299,23.299,-16.0,0.0,-0.0,32.0
16.1165,2,fwd,-30.0,11.9,5.528,5.4,5.4,8.0,0.0,0.0,37.0,-100.0,-100.0,-100.0,-8.0,0.0,-0.0,32.0,-99.858,-100.0,-100.0,8.0,0.0,-0.0,33.0,-53.067,-30.0,-49.441,-208.0,54.0,7.529,39.0,-100.0,-100.0,-100.0,-8.0,0.0,-0.0,31.0,9.756,9.756,9.756,0.0,0.0,-0.0,32.0,22.887,23.299,23.299,-16.0,0.0,-0.0,32.0
16.1688,2,fwd,-30.0,11.9,5.528,5.4,5.4,8.0,0.0,0.0,37.0,-100.0,-100.0,-100.0,-8.0,0.0,-0.0,32.0,-99.858,-100.0,-100.0,8.0,0.0,-0.0,33.0,-52.933,-30.0,-49.118,-208.0,54.0,4.728,39.0,-100.0,-100.0,-100.0,-8.0,0.0,-0.0,31.0,9.756,9.756,9.756,0.0,0.0,-0.0,32.0,22.887,23.299,23.299,-16.0,0.0,-0.0,32.0
16.2208,2,fwd,-30.0,11.9,5.528,5.4,5.4,8.0,0.0,0.0,37.0,-100.0,-100.0,-100.0,-8.0,0.0,-0.0,32.0,-99.858,-100.0,-100.0,8.0,0.0,-0.0,33.0,-52.8,-30.0,-48.8,-208.0,54.0,3.374,39.0,-100.0,-100.0,-100.0,-8.0,0.0,-0.0,31.0,9.756,9.756,9.756,0.0,0.0,-0.0,32.0,22.887,23.299,23.299,-16.0,0.0,-0.0,32.0
16.274,2,fwd,-30.0,12.1,5.528,5.4,5.4,8.0,0.0,0.0,37.0,-100.0,-100.0,-100.0,-8.0,0.0,-0.0,32.0,-99.858,-100.0,-100.0,8.0,0.0,-0.0,33.0,-52.667,-30.0,-48.64,-212.0,71.0,3.844,39.0,-100.0,-100.0,-100.0,-8.0,0.0,-0.0,31.0,9.756,9.756,9.756,0.0,0.0,-0.0,32.0,22.887,23.299,23.299,-16.0,0.0,-0.0,32.0
16.3274,2,fwd,-30.0,12.1,5.528,5.4,5.4,8.0,0.0,0.0,37.0,-100.0,-100.0,-100.0,-8.0,0.0,-0.0,32.0,-99.858,-100.0,-100.0,8.0,0.0,-0.0,33.0,-52.133,-30.0,-48.135,-212.0,71.0,3.84,39.0,-100.0,-100.0,-100.0,-8.0,0.0,-0.0,31.0,9.756,9.756,9.756,0.0,0.0,-0.0,32.0,22.887,23.299,23.299,-16.0,0.0,-0.0,32.0
16.3798,2,fwd,-30.0,12.1,5.528,5.4,5.4,8.0,0.0,0.0,37.0,-100.0,-100.0,-100.0,-8.0,0.0,-0.0,32.0,-99.858,-100.0,-100.0,8.0,0.0,-0.0,33.0,-52.133,-30.0,-47.813,-212.0,71.0,1.881,39.0,-100.0,-100.0,-100.0,-8.0,0.0,-0.0,31.0,9.756,9.756,9.756,0.0,0.0,-0.0,32.0,22.887,23.299,23.299,-16.0,0.0,-0.0,32.0
16.4332,2,fwd,-30.0,12.1,5.528,5.4,5.4,8.0,0.0,0.0,37.0,-100.0,-100.0,-100.0,-8.0,0.0,-0.0,32.0,-99.858,-100.0,-100.0,8.0,0.0,-0.0,33.0,-51.6,-30.0,-47.493,-212.0,71.0,5.984,39.0,-100.0,-100.0,-100.0,-8.0,0.0,-0.0,31.0,9.756,9.756,9.756,0.0,0.0,-0.0,32.0,22.887,23.299,23.299,-16.0,0.0,-0.0,32.0
16.4867,2,fwd,-30.0,12.1,5.528,5.4,5.4,8.0,0.0,0.0,37.0,-100.0,-100.0,-100.0,-8.0,0.0,-0.0,32.0,-99.858,-100.0,-100.0,8.0,0.0,-0.0,33.0,-51.333,-30.0,-47.168,-212.0,71.0,5.023,39.0,-100.0,-100.0,-100.0,-8.0,0.0,-0.0,31.0,9.756,9.756,9.756,0.0,0.0,-0.0,32.0,22.887,23.299,23.299,-16.0,0.0,-0.0,32.0
16.5388,2,fwd,-30.0,12.1,5.528,5.4,5.4,8.0,0.0,0.0,37.0,-100.0,-100.0,-100.0,-8.0,0.0,-0.0,32.0,-99.858,-100.0,-100.0,8.0,0.0,-0.0,33.0,-51.2,-30.0,-46.844,-212.0,71.0,3.943,39.0,-100.0,-100.0,-100.0,-8.0,0.0,-0.0,31.0,9.756,9.756,9.756,0.0,0.0,-0.0,32.0,22.887,23.299,23.299,-16.0,0.0,-0.0,32.0
16.5923,2,fwd,-30.0,12.1,5.528,5.4,5.4,8.0,0.0,0.0,37.0,-100.0,-100.0,-100.0,-8.0,0.0,-0.0,32.0,-99.858,-100.0,-100.0,8.0,0.0,-0.0,33.0,-50.4,-30.0,-46.521,-212.0,71.0,9.083,39.0,-100.0,-100.0,-100.0,-8.0,0.0,-0.0,31.0,9.756,9.756,9.756,0.0,0.0,-0.0,32.0,22.887,23.299,23.299,-16.0,0.0,-0.0,32.0
16.6451,2,fwd,-30.0,12.1,5.528,5.4,5.4,8.0,0.0,0.0,37.0,-100.0,-100.0,-100.0,-8.0,0.0,-0.0,32.0,-99.858,-100.0,-100.0,8.0,0.0,-0.0,33.0,-50.0,-30.0,-46.202,-212.0,71.0,8.521,39.0,-100.0,-100.0,-100.0,-8.0,0.0,-0.0,31.0,9.756,9.756,9.756,0.0,0.0,-0.0,32.0,22.887,23.299,23.299,-16.0,0.0,-0.0,32.0
16.6978,2,fwd,-30.0,12.1,5.528,5.4,5.4,8.0,0.0,0.0,37.0,-100.0,-100.0,-100.0,-8.0,0.0,-0.0,32.0,-99.858,-100.0,-100.0,8.0,0.0,-0.0,33.0,-49.867,-30.0,-45.884,-212.0,71.0,5.232,39.0,-100.0,-100.0,-100.0,-8.0,0.0,-0.0,31.0,9.756,9.756,9.756,0.0,0.0,-0.0,32.0,22.887,23.299,23.299,-16.0,0.0,-0.0,32.0
16.7506,2,fwd,-30.0,12.1,5.528,5.4,5.4,8.0,0.0,0.0,37.0,-100.0,-100.0,-100.0,-8.0,0.0,-0.0,32.0,-99.858,-100.0,-100.0,8.0,0.0,-0.0,33.0,-49.6,-30.0,-45.562,-212.0,71.0,5.547,39.0,-100.0,-100.0,-100.0,-8.0,0.0,-0.0,31.0,9.756,9.756,9.756,0.0,0.0,-0.0,32.0,22.887,23.299,23.299,-16.0,0.0,-0.0,32.0
16.803,2,fwd,-30.0,12.1,5.528,5.4,5.4,8.0,0.0,0.0,37.0,-100.0,-100.0,-100.0,-8.0,0.0,-0.0,32.0,-99.858,-100.0,-100.0,8.0,0.0,-0.0,33.0,-49.2,-30.0,-45.239,-212.0,71.0,5.826,39.0,-100.0,-100.0,-100.0,-8.0,0.0,-0.0,31.0,9.756,9.756,9.756,0.0,0.0,-0.0,32.0,22.887,23.299,23.299,-16.0,0.0,-0.0,32.0
16.8565,2,fwd,-30.0,11.9,5.528,5.4,5.4,8.0,0.0,0.0,37.0,-100.0,-100.0,-100.0,-8.0,0.0,-0.0,32.0,-99.858,-100.0,-100.0,8.0,1.0,-0.0,33.0,-49.2,-30.0,-44.885,-224.0,70.0,5.826,39.0,-100.0,-100.0,-100.0,-8.0,0.0,-0.0,31.0,9.756,9.756,9.756,0.0,0.0,-0.0,32.0,22.887,23.299,23.299,-16.0,1.0,-0.0,32.0
16.9091,2,fwd,-30.0,11.9,5.528,5.4,5.4,8.0,0.0,0.0,37.0,-100.0,-100.0,-100.0,-8.0,0.0,-0.0,32.0,-99.858,-100.0,-100.0,8.0,1.0,-0.0,33.0,-49.067,-30.0,-44.706,-224.0,70.0,3.31,39.0,-100.0,-100.0,-100.0,-8.0,0.0,-0.0,31.0,9.756,9.756,9.756,0.0,0.0,-0.0,32.0,22.887,23.299,23.299,-16.0,1.0,-0.0,32.0
16.9625,2,fwd,-30.0,11.9,5.528,5.4,5.4,8.0,0.0,0.0,37.0,-100.0,-100.0,-100.0,-8.0,0.0,-0.0,32.0,-99.858,-100.0,-100.0,8.0,1.0,-0.0,33.0,-49.067,-30.0,-44.371,-224.0,70.0,1.622,39.0,-100.0,-100.0,-100.0,-8.0,0.0,-0.0,31.0,9.756,9.756,9.756,0.0,0.0,-0.0,32.0,22.887,23.299,23.299,-16.0,1.0,-0.0,32.0
17.015,2,fwd,-30.0,11.9,5.528,5.4,5.4,8.0,0.0,0.0,37.0,-100.0,-100.0,-100.0,-8.0,0.0,-0.0,32.0,-99.858,-100.0,-100.0,8.0,1.0,-0.0,33.0,-48.267,-30.0,-44.051,-224.0,70.0,7.997,39.0,-100.0,-100.0,-100.0,-8.0,0.0,-0.0,31.0,9.756,9.756,9.756,0.0,0.0,-0.0,32.0,22.887,23.299,23.299,-16.0,1.0,-0.0,32.0
17.0681,2,fwd,-30.0,11.9,5.528,5.4,5.4,8.0,0.0,0.0,37.0,-100.0,-100.0,-100.0,-8.0,0.0,-0.0,32.0,-99.858,-100.0,-100.0,8.0,1.0,-0.0,33.0,-48.267,-30.0,-43.73,-224.0,70.0,3.918,39.0,-100.0,-100.0,-100.0,-8.0,0.0,-0.0,31.0,9.756,9.756,9.756,0.0,0.0,-0.0,32.0,22.887,23.299,23.299,-16.0,1.0,-0.0,32.0
17.1216,2,fwd,-30.0,11.9,5.528,5.4,5.4,8.0,0.0,0.0,37.0,-100.0,-100.0,-100.0,-8.0,0.0,-0.0,32.0,-99.858,-100.0,-100.0,8.0,1.0,-0.0,33.0,-47.467,-30.0,-43.407,-224.0,70.0,10.498,39.0,-100.0,-100.0,-100.0,-8.0,0.0,-0.0,31.0,9.756,9.756,9.756,0.0,0.0,-0.0,32.0,22.887,23.299,23.299,-16.0,1.0,-0.0,32.0
17.1736,2,fwd,-30.0,11.9,5.528,5.4,5.4,8.0,0.0,0.0,37.0,-100.0,-100.0,-100.0,-8.0,0.0,-0.0,32.0,-99.858,-100.0,-100.0,8.0,1.0,-0.0,33.0,-46.933,-30.0,-43.088,-224.0,70.0,10.247,39.0,-100.0,-100.0,-100.0,-8.0,0.0,-0.0,31.0,9.756,9.756,9.756,0.0,0.0,-0.0,32.0,22.887,23.299,23.299,-16.0,1.0,-0.0,32.0
17.2259,2,fwd,-30.0,11.9,5.528,5.4,5.4,8.0,0.0,0.0,37.0,-100.0,-100.0,-100.0,-8.0,0.0,-0.0,32.0,-99.858,-100.0,-100.0,8.0,1.0,-0.0,33.0,-46.8,-30.0,-42.766,-224.0,70.0,6.058,39.0,-100.0,-100.0,-100.0,-8.0,0.0,-0.0,31.0,9.756,9.756,9.756,0.0,0.0,-0.0,32.0,22.887,23.299,23.299,-16.0,1.0,-0.0,32.0
17.2788,2,fwd,-30.0,11.9,5.528,5.4,5.4,8.0,0.0,0.0,37.0,-100.0,-100.0,-100.0,-8.0,0.0,-0.0,32.0,-99.858,-100.0,-100.0,8.0,1.0,-0.0,33.0,-46.667,-30.0,-42.446,-224.0,70.0,4.02,39.0,-100.0,-100.0,-100.0,-8.0,0.0,-0.0,31.0,9.756,9.756,9.756,0.0,0.0,-0.0,32.0,22.887,23.299,23.299,-16.0,1.0,-0.0,32.0
17.3314,2,fwd,-30.0,11.9,5.528,5.4,5.4,8.0,0.0,0.0,37.0,-100.0,-100.0,-100.0,-8.0,0.0,-0.0,32.0,-99.858,-100.0,-100.0,8.0,1.0,-0.0,33.0,-46.133,-30.0,-42.123,-224.0,70.0,7.02,39.0,-100.0,-100.0,-100.0,-8.0,0.0,-0.0,31.0,9.756,9.756,9.756,0.0,0.0,-0.0,32.0,22.887,23.299,23.299,-16.0,1.0,-0.0,32.0
17.3839,2,fwd,-30.0,11.9,5.528,5.4,5.4,8.0,0.0,0.0,37.0,-100.0,-100.0,-100.0,-8.0,0.0,-0.0,32.0,-99.858,-100.0,-100.0,8.0,1.0,-0.0,33.0,-46.0,-30.0,-41.798,-224.0,70.0,4.473,39.0,-100.0,-100.0,-100.0,-8.0,0.0,-0.0,31.0,9.756,9.756,9.756,0.0,0.0,-0.0,32.0,22.887,23.299,23.299,-16.0,1.0,-0.0,32.0
17.4374,2,fwd,-30.0,11.9,5.528,5.4,5.4,8.0,0.0,0.0,37.0,-100.0,-100.0,-100.0,-8.0,0.0,-0.0,32.0,-99.858,-100.0,-100.0,8.0,0.0,-0.0,33.0,-46.0,-30.0,-41.432,-244.0,98.0,3.131,39.0,-100.0,-100.0,-100.0,-8.0,0.0,-0.0,31.0,9.756,9.756,9.756,0.0,0.0,-0.0,32.0,22.887,23.299,23.299,-16.0,0.0,-0.0,32.0
17.4905,2,fwd,-30.0,11.9,5.528,5.4,5.4,8.0,0.0,0.0,37.0,-100.0,-100.0,-100.0,-8.0,0.0,-0.0,32.0,-99.858,-100.0,-100.0,8.0,0.0,-0.0,33.0,-45.867,-30.0,-41.107,-244.0,98.0,2.552,39.0,-100.0,-100.0,-100.0,-8.0,0.0,-0.0,31.0,9.756,9.756,9.756,0.0,0.0,-0.0,32.0,22.887,23.299,23.299,-16.0,0.0,-0.0,32.0
17.5437,2,fwd,-30.0,11.9,5.528,5.4,5.4,8.0,0.0,0.0,37.0,-100.0,-100.0,-100.0,-8.0,0.0,-0.0,32.0,-99.858,-100.0,-100.0,8.0,0.0,-0.0,33.0,-45.867,-30.0,-40.784,-244.0,98.0,1.786,39.0,-100.0,-100.0,-100.0,-8.0,0.0,-0.0,31.0,9.756,9.756,9.756,0.0,0.0,-0.0,32.0,22.887,23.299,23.299,-16.0,0.0,-0.0,32.0
17.5969,2,fwd,-30.0,11.9,5.528,5.4,5.4,8.0,0.0,0.0,37.0,-100.0,-100.0,-100.0,-8.0,0.0,-0.0,32.0,-99.858,-100.0,-100.0,8.0,0.0,-0.0,33.0,-45.067,-30.0,-40.437,-244.0,98.0,7.497,39.0,-100.0,-100.0,-100.0,-8.0,0.0,-0.0,31.0,10.244,9.756,9.756,0.0,0.0,5.399,32.0,22.887,23.299,23.299,-16.0,0.0,-0.0,32.0
17.6507,2,fwd,-30.0,11.9,5.528,5.4,5.4,8.0,0.0,0.0,37.0,-100.0,-100.0,-100.0,-8.0,0.0,-0.0,32.0,-99.858,-100.0,-100.0,8.0,0.0,-0.0,33.0,-45.067,-30.0,-40.104,-244.0,98.0,3.673,39.0,-100.0,-100.0,-100.0,-8.0,0.0,-0.0,31.0,10.244,9.756,9.756,0.0,0.0,2.646,32.0,22.887,23.299,23.299,-16.0,0.0,-0.0,32.0
17.7053,2,fwd,-30.0,11.9,5.528,5.4,5.4,8.0,0.0,0.0,37.0,-100.0,-100.0,-100.0,-8.0,0.0,-0.0,32.0,-99.858,-100.0,-100.0,8.0,0.0,-0.0,33.0,-44.133,-30.0,-39.778,-244.0,98.0,11.366,39.0,-100.0,-100.0,-100.0,-8.0,0.0,-0.0,31.0,10.244,9.756,9.756,0.0,0.0,1.296,32.0,22.887,23.299,23.299,-16.0,0.0,-0.0,32.0
17.7592,2,fwd,-30.0,11.9,5.528,5.4,5.4,8.0,0.0,0.0,37.0,-100.0,-100.0,-100.0,-8.0,0.0,-0.0,32.0,-99.858,-100.0,-100.0,8.0,0.0,-0.0,33.0,-43.733,-30.0,-39.604,-244.0,98.0,8.474,39.0,-100.0,-100.0,-100.0,-8.0,0.0,-0.0,31.0,10.244,9.756,9.756,0.0,0.0,0.635,32.0,22.887,23.299,23.299,-16.0,0.0,-0.0,32.0
17.8126,2,fwd,-30.0,11.9,5.528,5.4,5.4,8.0,0.0,0.0,37.0,-100.0,-100.0,-100.0,-8.0,0.0,-0.0,32.0,-99.858,-100.0,-100.0,8.0,0.0,-0.0,33.0,-43.733,-30.0,-39.274,-244.0,98.0,4.152,39.0,-100.0,-100.0,-100.0,-8.0,0.0,-0.0,31.0,10.244,9.756,9.756,0.0,0.0,0.311,32.0,22.887,23.299,23.299,-16.0,0.0,-0.0,32.0
17.8657,2,fwd,-30.0,11.9,5.528,5.4,5.4,8.0,0.0,0.0,37.0,-100.0,-100.0,-100.0,-8.0,0.0,-0.0,32.0,-99.858,-100.0,-100.0,8.0,0.0,-0.0,33.0,-43.333,-30.0,-38.954,-244.0,98.0,5.63,39.0,-100.0,-100.0,-100.0,-8.0,0.0,-0.0,31.0,10.244,9.756,9.756,0.0,0.0,0.153,32.0,22.887,23.299,23.299,-16.0,0.0,-0.0,32.0
17.9187,2,fwd,-30.0,11.9,5.528,5.4,5.4,8.0,0.0,0.0,37.0,-100.0,-100.0,-100.0,-8.0,0.0,-0.0,32.0,-99.858,-100.0,-100.0,8.0,0.0,-0.0,33.0,-42.933,-30.0,-38.633,-244.0,98.0,6.334,39.0,-100.0,-100.0,-100.0,-8.0,0.0,-0.0,31.0,10.244,9.756,9.756,0.0,0.0,0.075,32.0,22.887,23.299,23.299,-16.0,0.0,-0.0,32.0
17.9718,2,fwd,-30.0,11.9,5.528,5.4,5.4,8.0,0.0,0.0,37.0,-100.0,-100.0,-100.0,-8.0,0.0,-0.0,32.0,-99.858,-100.0,-100.0,8.0,0.0,-0.0,33.0,-42.933,-30.0,-38.311,-244.0,98.0,3.104,39.0,-100.0,-100.0,-100.0,-8.0,0.0,-0.0,31.0,10.244,9.756,9.756,0.0,0.0,0.037,32.0,22.887,23.299,23.299,-16.0,0.0,-0.0,32.0
18.0265,2,fwd,-30.0,11.8,5.528,5.4,5.4,8.0,0.0,0.0,37.0,-100.0,-100.0,-100.0,-8.0,0.0,-0.0,32.0,-99.858,-100.0,-100.0,8.0,0.0,-0.0,33.0,-42.933,-30.0,-37.948,-264.0,93.0,2.173,39.0,-100.0,-100.0,-100.0,-8.0,0.0,-0.0,31.0,10.244,9.756,9.756,8.0,0.0,0.026,32.0,22.887,23.299,23.299,-16.0,0.0,-0.0,32.0
18.0792,2,fwd,-30.0,11.8,5.528,5.4,5.4,8.0,0.0,0.0,37.0,-100.0,-100.0,-100.0,-8.0,0.0,-0.0,32.0,-99.858,-100.0,-100.0,8.0,0.0,-0.0,33.0,-42.667,-30.0,-37.627,-264.0,93.0,4.087,39.0,-100.0,-100.0,-100.0,-8.0,0.0,-0.0,31.0,10.244,9.756,9.756,8.0,0.0,0.013,32.0,22.887,23.299,23.299,-16.0,0.0,-0.0,32.0
18.1323,2,fwd,-30.0,11.8,5.528,5.4,5.4,8.0,0.0,0.0,37.0,-100.0,-100.0,-100.0,-8.0,0.0,-0.0,32.0,-99.858,-100.0,-100.0,8.0,0.0,-0.0,33.0,-42.133,-30.0,-37.309,-264.0,93.0,6.226,39.0,-100.0,-100.0,-100.0,-8.0,0.0,-0.0,31.0,9.756,9.756,9.756,8.0,0.0,-5.494,32.0,22.887,23.299,23.299,-16.0,0.0,-0.0,32.0
18.1855,2,fwd,-30.0,11.8,5.528,5.4,5.4,8.0,0.0,0.0,37.0,-100.0,-100.0,-100.0,-8.0,0.0,-0.0,32.0,-99.858,-100.0,-100.0,8.0,0.0,-0.0,33.0,-42.0,-30.0,-36.991,-264.0,93.0,4.555,39.0,-100.0,-100.0,-100.0,-8.0,0.0,-0.0,31.0,9.756,9.756,9.756,8.0,0.0,-2.692,32.0,22.887,23.299,23.299,-16.0,0.0,-0.0,32.0
18.2386,2,fwd,-30.0,11.8,5.528,5.4,5.4,8.0,0.0,0.0,37.0,-100.0,-100.0,-100.0,-8.0,0.0,-0.0,32.0,-99.858,-100.0,-100.0,8.0,0.0,-0.0,33.0,-41.2,-30.0,-36.671,-264.0,93.0,9.889,39.0,-100.0,-100.0,-100.0,-8.0,0.0,-0.0,31.0,9.756,9.756,9.756,8.0,0.0,-1.319,32.0,22.887,23.299,23.299,-16.0,0.0,-0.0,32.0
18.2908,2,fwd,-30.0,11.8,5.528,5.4,5.4,8.0,0.0,0.0,37.0,-100.0,-100.0,-100.0,-8.0,0.0,-0.0,32.0,-99.858,-100.0,-100.0,8.0,0.0,-0.0,33.0,-40.667,-30.0,-36.35,-264.0,93.0,10.419,39.0,-100.0,-100.0,-100.0,-8.0,0.0,-0.0,31.0,9.756,9.756,9.756,8.0,0.0,-0.646,32.0,22.887,23.299,23.299,-16.0,0.0,-0.0,32.0
18.3437,2,fwd,-30.0,11.8,5.528,5.4,5.4,8.0,0.0,0.0,37.0,-100.0,-100.0,-100.0,-8.0,0.0,-0.0,32.0,-99.858,-100.0,-100.0,8.0,0.0,-0.0,33.0,-40.667,-30.0,-36.032,-264.0,93.0,5.105,39.0,-100.0,-100.0,-100.0,-8.0,0.0,-0.0,31.0,9.756,9.756,9.756,8.0,0.0,-0.317,32.0,22.887,23.299,23.299,-16.0,0.0,-0.0,32.0
18.3958,2,fwd,-30.0,11.8,5.528,5.4,5.4,8.0,0.0,0.0,37.0,-100.0,-100.0,-100.0,-8.0,0.0,-0.0,32.0,-99.858,-100.0,-100.0,8.0,0.0,-0.0,33.0,-40.267,-30.0,-35.71,-264.0,93.0,6.56,39.0,-100.0,-100.0,-100.0,-8.0,0.0,-0.0,31.0,9.756,9.756,9.756,8.0,0.0,-0.155,32.0,22.887,23.299,23.299,-16.0,0.0,-0.0,32.0
18.4478,2,fwd,-30.0,11.8,5.528,5.4,5.4,8.0,0.0,0.0,37.0,-100.0,-100.0,-100.0,-8.0,0.0,-0.0,32.0,-99.858,-100.0,-100.0,8.0,0.0,-0.0,33.0,-40.0,-30.0,-35.392,-264.0,93.0,5.327,39.0,-100.0,-100.0,-100.0,-8.0,0.0,-0.0,31.0,9.756,9.756,9.756,8.0,0.0,-0.076,32.0,22.887,23.299,23.299,-16.0,0.0,-0.0,32.0
18.4998,2,fwd,-30.0,11.8,5.528,5.4,5.4,8.0,0.0,0.0,37.0,-100.0,-100.0,-100.0,-8.0,0.0,-0.0,32.0,-99.858,-100.0,-100.0,8.0,0.0,-0.0,33.0,-40.0,-30.0,-35.073,-264.0,93.0,2.61,39.0,-100.0,-100.0,-100.0,-8.0,0.0,-0.0,31.0,9.756,9.756,9.756,8.0,0.0,-0.037,32.0,22.887,23.299,23.299,-16.0,0.0,-0.0,32.0
18.553,2,fwd,-30.0,11.8,5.528,5.4,5.4,8.0,0.0,0.0,37.0,-100.0,-100.0,-100.0,0.0,0.0,-0.0,32.0,-99.858,-100.0,-100.0,8.0,0.0,-0.0,33.0,-39.867,-30.0,-34.912,-280.0,117.0,3.329,39.0,-100.0,-100.0,-100.0,-8.0,0.0,-0.0,31.0,9.756,9.756,9.756,0.0,0.0,-0.026,32.0,22.887,23.299,23.299,-16.0,0.0,-0.0,32.0
18.6062,2,fwd,-30.0,11.8,5.528,5.4,5.4,8.0,0.0,0.0,37.0,-100.0,-100.0,-100.0,0.0,0.0,-0.0,32.0,-99.858,-100.0,-100.0,8.0,0.0,-0.0,33.0,-39.733,-30.0,-34.413,-280.0,117.0,2.127,39.0,-100.0,-100.0,-100.0,-8.0,0.0,-0.0,31.0,9.756,9.756,9.756,0.0,0.0,-0.013,32.0,22.887,23.299,23.299,-16.0,0.0,-0.0,32.0
18.6593,2,fwd,-30.0,11.8,5.528,5.4,5.4,8.0,0.0,0.0,37.0,-100.0,-100.0,-100.0,0.0,0.0,-0.0,32.0,-99.858,-100.0,-100.0,8.0,0.0,-0.0,33.0,-39.067,-30.0,-34.094,-280.0,117.0,8.099,39.0,-100.0,-100.0,-100.0,-8.0,0.0,-0.0,31.0,9.756,9.756,9.756,0.0,0.0,-0.006,32.0,22.887,23.299,23.299,-16.0,0.0,-0.0,32.0
18.7132,2,fwd,-30.0,11.8,5.528,5.4,5.4,8.0,0.0,0.0,37.0,-100.0,-100.0,-100.0,0.0,0.0,-0.0,32.0,-99.858,-100.0,-100.0,8.0,0.0,-0.0,33.0,-38.933,-30.0,-33.775,-280.0,117.0,5.024,39.0,-100.0,-100.0,-100.0,-8.0,0.0,-0.0,31.0,9.756,9.756,9.756,0.0,0.0,-0.003,32.0,22.887,23.299,23.299,-16.0,0.0,-0.0,32.0
18.766,2,fwd,-30.0,11.8,5.528,5.4,5.4,8.0,0.0,0.0,37.0,-100.0,-100.0,-100.0,0.0,0.0,-0.0,32.0,-99.858,-100.0,-100.0,8.0,0.0,-0.0,33.0,-38.267,-30.0,-33.457,-280.0,117.0,9.094,39.0,-100.0,-100.0,-100.0,-8.0,0.0,-0.0,31.0,10.244,9.756,9.756,0.0,0.0,3.876,32.0,22.887,23.299,23.299,-16.0,0.0,-0.0,32.0
18.8179,2,fwd,-30.0,11.8,5.528,5.4,5.4,8.0,0.0,0.0,37.0,-100.0,-100.0,-100.0,0.0,0.0,-0.0,32.0,-99.858,-100.0,-100.0,8.0,0.0,-0.0,33.0,-38.0,-30.0,-33.136,-280.0,117.0,9.353,39.0,-100.0,-100.0,-100.0,-8.0,0.0,-0.0,31.0,10.244,9.756,9.756,0.0,0.0,2.713,32.0,22.887,23.299,23.299,-16.0,0.0,-0.0,32.0
18.8698,2,fwd,-30.0,11.8,5.528,5.4,5.4,8.0,0.0,0.0,37.0,-100.0,-100.0,-100.0,0.0,0.0,-0.0,32.0,-99.858,-100.0,-100.0,8.0,0.0,-0.0,33.0,-37.467,-30.0,-32.801,-280.0,117.0,8.96,39.0,-100.0,-100.0,-100.0,-8.0,0.0,-0.0,31.0,10.244,9.756,9.756,0.0,0.0,1.33,32.0,22.887,23.299,23.299,-16.0,0.0,-0.0,32.0
18.9232,2,fwd,-30.0,11.8,5.528,5.4,5.4,8.0,0.0,0.0,37.0,-100.0,-100.0,-100.0,0.0,0.0,-0.0,32.0,-99.858,-100.0,-100.0,8.0,0.0,-0.0,33.0,-37.467,-30.0,-32.468,-280.0,117.0,4.39,39.0,-100.0,-100.0,-100.0,-8.0,0.0,-0.0,31.0,10.244,9.756,9.756,0.0,0.0,0.651,32.0,22.887,23.299,23.299,-16.0,0.0,-0.0,32.0
18.9766,2,fwd,-30.0,11.8,5.528,5.4,5.4,8.0,0.0,0.0,37.0,-100.0,-100.0,-100.0,0.0,0.0,-0.0,32.0,-99.858,-100.0,-100.0,8.0,0.0,-0.0,33.0,-36.933,-30.0,-32.308,-280.0,117.0,7.219,39.0,-100.0,-100.0,-100.0,-8.0,0.0,-0.0,31.0,10.244,9.756,9.756,0.0,0.0,0.319,32.0,22.887,23.299,23.299,-16.0,0.0,-0.0,32.0
19.0288,2,fwd,-30.0,11.8,5.528,5.4,5.4,8.0,0.0,0.0,37.0,-100.0,-100.0,-100.0,0.0,0.0,-0.0,32.0,-99.858,-100.0,-100.0,8.0,0.0,-0.0,33.0,-36.8,-30.0,-31.968,-280.0,117.0,5.044,39.0,-100.0,-100.0,-100.0,-8.0,0.0,-0.0,31.0,10.244,9.756,9.756,0.0,0.0,0.156,32.0,22.887,23.299,23.299,-16.0,0.0,-0.0,32.0
19.0808,2,fwd,-30.0,11.8,5.528,5.4,5.4,8.0,0.0,0.0,37.0,-100.0,-100.0,-100.0,0.0,0.0,-0.0,32.0,-99.858,-100.0,-100.0,8.0,0.0,-0.0,33.0,-36.8,-30.0,-31.649,-280.0,117.0,2.472,39.0,-100.0,-100.0,-100.0,-8.0,0.0,-0.0,31.0,10.244,9.756,9.756,0.0,0.0,0.077,32.0,22.887,23.299,23.299,-16.0,0.0,-0.0,32.0
19.1328,2,fwd,-30.0,11.9,5.528,5.4,5.4,8.0,0.0,0.0,37.0,-100.0,-100.0,-100.0,0.0,0.0,-0.0,32.0,-99.858,-100.0,-100.0,8.0,0.0,-0.0,33.0,-36.667,-30.0,-31.49,-296.0,119.0,3.244,39.0,-100.0,-100.0,-100.0,-8.0,0.0,-0.0,31.0,10.244,9.756,9.756,8.0,0.0,0.054,32.0,22.887,23.299,23.299,-16.0,1.0,-0.0,32.0
19.1856,2,fwd,-30.0,11.9,5.528,5.4,5.4,8.0,0.0,0.0,37.0,-100.0,-100.0,-100.0,0.0,0.0,-0.0,32.0,-99.858,-100.0,-100.0,8.0,0.0,-0.0,33.0,-36.267,-30.0,-30.993,-296.0,119.0,3.081,39.0,-100.0,-100.0,-100.0,-8.0,0.0,-0.0,31.0,10.244,9.756,9.756,8.0,0.0,0.026,32.0,22.887,23.299,23.299,-16.0,1.0,-0.0,32.0
19.2386,2,fwd,-30.0,11.9,5.528,5.4,5.4,8.0,0.0,0.0,37.0,-100.0,-100.0,-100.0,0.0,0.0,-0.0,32.0,-99.858,-100.0,-100.0,8.0,0.0,-0.0,33.0,-35.867,-30.0,-30.675,-296.0,119.0,5.577,39.0,-100.0,-100.0,-100.0,-8.0,0.0,-0.0,31.0,10.244,9.756,9.756,8.0,0.0,0.013,32.0,22.887,23.299,23.299,-16.0,1.0,-0.0,32.0
19.2916,2,fwd,-30.0,11.9,5.528,5.4,5.4,8.0,0.0,0.0,37.0,-100.0,-100.0,-100.0,0.0,0.0,-0.0,32.0,-99.858,-100.0,-100.0,8.0,0.0,-0.0,33.0,-35.733,-30.0,-30.356,-296.0,119.0,4.22,39.0,-100.0,-100.0,-100.0,-8.0,0.0,-0.0,31.0,10.244,9.756,9.756,8.0,0.0,0.006,32.0,22.887,23.299,23.299,-16.0,1.0,-0.0,32.0
19.3446,2,fwd,-30.0,11.9,5.528,5.4,5.4,8.0,0.0,0.0,37.0,-100.0,-100.0,-100.0,0.0,0.0,-0.0,32.0,-99.858,-100.0,-100.0,8.0,0.0,-0.0,33.0,-34.8,-30.0,-30.035,-296.0,119.0,10.323,39.0,-100.0,-100.0,-100.0,-8.0,0.0,-0.0,31.0,10.244,9.756,9.756,8.0,0.0,0.003,32.0,22.887,23.299,23.299,-16.0,1.0,-0.0,32.0
19.3976,2,hold_end,-30.0,11.9,5.528,5.4,5.4,8.0,0.0,0.0,37.0,-100.0,-100.0,-100.0,0.0,0.0,-0.0,32.0,-99.858,-100.0,-100.0,8.0,0.0,-0.0,33.0,-34.533,-30.0,-30.0,-296.0,119.0,7.599,39.0,-100.0,-100.0,-100.0,-8.0,0.0,-0.0,31.0,10.244,9.756,9.756,8.0,0.0,0.002,32.0,22.887,23.299,23.299,-16.0,1.0,-0.0,32.0
19.4505,2,hold_end,-30.0,11.9,5.528,5.4,5.4,8.0,0.0,0.0,37.0,-100.0,-100.0,-100.0,0.0,0.0,-0.0,32.0,-99.858,-100.0,-100.0,8.0,0.0,-0.0,33.0,-34.4,-30.0,-30.0,-296.0,119.0,4.775,39.0,-100.0,-100.0,-100.0,-8.0,0.0,-0.0,31.0,10.244,9.756,9.756,8.0,0.0,0.001,32.0,22.887,23.299,23.299,-16.0,1.0,-0.0,32.0
19.5037,2,hold_end,-30.0,11.9,5.528,5.4,5.4,8.0,0.0,0.0,37.0,-100.0,-100.0,-100.0,0.0,0.0,-0.0,32.0,-99.858,-100.0,-100.0,8.0,0.0,-0.0,33.0,-34.4,-30.0,-30.0,-296.0,119.0,2.34,39.0,-100.0,-100.0,-100.0,-8.0,0.0,-0.0,31.0,10.244,9.756,9.756,8.0,0.0,0.0,32.0,22.887,23.299,23.299,-16.0,1.0,-0.0,32.0
19.5567,2,hold_end,-30.0,11.9,5.528,5.4,5.4,8.0,0.0,0.0,37.0,-100.0,-100.0,-100.0,0.0,0.0,-0.0,32.0,-99.858,-100.0,-100.0,8.0,0.0,-0.0,33.0,-34.4,-30.0,-30.0,-296.0,119.0,1.146,39.0,-100.0,-100.0,-100.0,-8.0,0.0,-0.0,31.0,10.244,9.756,9.756,8.0,0.0,0.0,32.0,22.887,23.299,23.299,-16.0,1.0,-0.0,32.0
19.6097,2,hold_end,-30.0,11.9,5.528,5.4,5.4,8.0,0.0,0.0,37.0,-100.0,-100.0,-100.0,0.0,0.0,-0.0,32.0,-99.858,-100.0,-100.0,8.0,0.0,-0.0,33.0,-34.4,-30.0,-30.0,-296.0,119.0,0.562,39.0,-100.0,-100.0,-100.0,-8.0,0.0,-0.0,31.0,10.244,9.756,9.756,8.0,0.0,0.0,32.0,22.887,23.299,23.299,-16.0,1.0,-0.0,32.0
19.6626,2,hold_end,-30.0,11.9,5.528,5.4,5.4,8.0,0.0,0.0,37.0,-100.0,-100.0,-100.0,0.0,0.0,-0.0,32.0,-99.858,-100.0,-100.0,8.0,0.0,-0.0,33.0,-34.4,-30.0,-30.0,-296.0,119.0,0.275,39.0,-100.0,-100.0,-100.0,-8.0,0.0,-0.0,31.0,10.244,9.756,9.756,8.0,0.0,0.0,32.0,22.887,23.299,23.299,-16.0,1.0,-0.0,32.0
19.7165,2,hold_end,-30.0,11.8,5.528,5.4,5.4,8.0,0.0,0.0,37.0,-100.0,-100.0,-100.0,0.0,0.0,-0.0,32.0,-99.858,-100.0,-100.0,8.0,0.0,-0.0,33.0,-34.4,-30.0,-30.0,-264.0,92.0,0.193,39.0,-100.0,-100.0,-100.0,-16.0,0.0,-0.0,31.0,9.756,9.756,9.756,8.0,0.0,-2.477,32.0,22.887,23.299,23.299,-16.0,0.0,-0.0,32.0
19.7693,2,hold_end,-30.0,11.8,5.528,5.4,5.4,8.0,0.0,0.0,37.0,-100.0,-100.0,-100.0,0.0,0.0,-0.0,32.0,-99.858,-100.0,-100.0,8.0,0.0,-0.0,33.0,-34.4,-30.0,-30.0,-264.0,92.0,0.094,39.0,-100.0,-100.0,-100.0,-16.0,0.0,-0.0,31.0,9.756,9.756,9.756,8.0,0.0,-1.214,32.0,22.887,23.299,23.299,-16.0,0.0,-0.0,32.0
19.8221,2,hold_end,-30.0,11.8,5.528,5.4,5.4,8.0,0.0,0.0,37.0,-100.0,-100.0,-100.0,0.0,0.0,-0.0,32.0,-99.858,-100.0,-100.0,8.0,0.0,-0.0,33.0,-34.4,-30.0,-30.0,-264.0,92.0,0.046,39.0,-100.0,-100.0,-100.0,-16.0,0.0,-0.0,31.0,9.756,9.756,9.756,8.0,0.0,-0.595,32.0,22.887,23.299,23.299,-16.0,0.0,-0.0,32.0
19.8749,2,hold_end,-30.0,11.8,5.528,5.4,5.4,8.0,0.0,0.0,37.0,-100.0,-100.0,-100.0,0.0,0.0,-0.0,32.0,-99.858,-100.0,-100.0,8.0,0.0,-0.0,33.0,-34.4,-30.0,-30.0,-264.0,92.0,0.023,39.0,-100.0,-100.0,-100.0,-16.0,0.0,-0.0,31.0,9.756,9.756,9.756,8.0,0.0,-0.291,32.0,22.887,23.299,23.299,-16.0,0.0,-0.0,32.0
19.928,2,hold_end,-30.0,11.8,5.528,5.4,5.4,8.0,0.0,0.0,37.0,-100.0,-100.0,-100.0,0.0,0.0,-0.0,32.0,-99.858,-100.0,-100.0,8.0,0.0,-0.0,33.0,-34.4,-30.0,-30.0,-264.0,92.0,0.011,39.0,-100.0,-100.0,-100.0,-16.0,0.0,-0.0,31.0,9.756,9.756,9.756,8.0,0.0,-0.143,32.0,22.887,23.299,23.299,-16.0,0.0,-0.0,32.0
19.981,2,rev,-65.0,11.8,5.528,5.4,5.4,8.0,0.0,0.0,37.0,-100.0,-100.0,-100.0,0.0,0.0,-0.0,32.0,-99.858,-100.0,-100.0,8.0,0.0,-0.0,33.0,-34.4,-30.0,-30.0,-264.0,92.0,0.005,39.0,-100.0,-100.0,-100.0,-16.0,0.0,-0.0,31.0,9.756,9.756,9.756,8.0,0.0,-0.07,32.0,22.887,23.299,23.299,-16.0,0.0,-0.0,32.0
20.0343,2,rev,-65.0,11.8,5.528,5.4,5.4,8.0,0.0,0.0,37.0,-100.0,-100.0,-100.0,0.0,0.0,-0.0,32.0,-99.858,-100.0,-100.0,8.0,0.0,-0.0,33.0,-34.4,-65.0,-30.322,-264.0,92.0,0.003,39.0,-100.0,-100.0,-100.0,-16.0,0.0,-0.0,31.0,9.756,9.756,9.756,8.0,0.0,-0.034,32.0,22.887,23.299,23.299,-16.0,0.0,-0.0,32.0
20.0873,2,rev,-65.0,11.8,5.528,5.4,5.4,8.0,0.0,0.0,37.0,-100.0,-100.0,-100.0,0.0,0.0,-0.0,32.0,-99.858,-100.0,-100.0,8.0,0.0,-0.0,33.0,-34.4,-65.0,-30.642,-264.0,92.0,0.002,39.0,-100.0,-100.0,-100.0,-16.0,0.0,-0.0,31.0,9.756,9.756,9.756,8.0,0.0,-0.024,32.0,22.887,23.299,23.299,-16.0,0.0,-0.0,32.0
20.1405,2,rev,-65.0,11.8,5.528,5.4,5.4,8.0,0.0,0.0,37.0,-100.0,-100.0,-100.0,0.0,0.0,-0.0,32.0,-99.858,-100.0,-100.0,8.0,0.0,-0.0,33.0,-34.4,-65.0,-30.979,-264.0,92.0,0.001,39.0,-100.0,-100.0,-100.0,-16.0,0.0,-0.0,31.0,9.756,9.756,9.756,8.0,0.0,-0.012,32.0,22.887,23.299,23.299,-16.0,0.0,-0.0,32.0
20.1935,2,rev,-65.0,11.8,5.528,5.4,5.4,8.0,0.0,0.0,37.0,-100.0,-100.0,-100.0,0.0,0.0,-0.0,32.0,-99.858,-100.0,-100.0,8.0,0.0,-0.0,33.0,-34.4,-65.0,-31.313,-264.0,92.0,0.0,39.0,-100.0,-100.0,-100.0,-16.0,0.0,-0.0,31.0,9.756,9.756,9.756,8.0,0.0,-0.006,32.0,22.887,23.299,23.299,-16.0,0.0,-0.0,32.0
20.2464,2,rev,-65.0,11.8,5.528,5.4,5.4,8.0,0.0,0.0,37.0,-100.0,-100.0,-100.0,0.0,0.0,-0.0,32.0,-99.858,-100.0,-100.0,8.0,0.0,-0.0,33.0,-34.4,-65.0,-31.475,-264.0,92.0,0.0,39.0,-100.0,-100.0,-100.0,-16.0,0.0,-0.0,31.0,10.244,9.756,9.756,8.0,0.0,5.541,32.0,22.887,23.299,23.299,-16.0,0.0,-0.0,32.0
20.2994,2,rev,-65.0,12.1,5.528,5.4,5.4,8.0,0.0,0.0,37.0,-100.0,-100.0,-100.0,0.0,0.0,-0.0,32.0,-99.858,-100.0,-100.0,8.0,0.0,-0.0,33.0,-34.4,-65.0,-31.835,-176.0,46.0,0.0,40.0,-100.0,-100.0,-100.0,-16.0,0.0,-0.0,31.0,10.244,9.756,9.756,8.0,0.0,3.879,32.0,22.887,23.299,23.299,-16.0,1.0,-0.0,32.0
20.3522,2,rev,-65.0,12.1,5.528,5.4,5.4,8.0,0.0,0.0,37.0,-100.0,-100.0,-100.0,0.0,0.0,-0.0,32.0,-99.858,-100.0,-100.0,8.0,0.0,-0.0,33.0,-34.4,-65.0,-32.156,-176.0,46.0,0.0,40.0,-100.0,-100.0,-100.0,-16.0,0.0,-0.0,31.0,10.244,9.756,9.756,8.0,0.0,1.901,32.0,22.887,23.299,23.299,-16.0,1.0,-0.0,32.0
20.405,2,rev,-65.0,12.1,5.528,5.4,5.4,8.0,0.0,0.0,37.0,-100.0,-100.0,-100.0,0.0,0.0,-0.0,32.0,-99.858,-100.0,-100.0,8.0,0.0,-0.0,33.0,-34.4,-65.0,-32.476,-176.0,46.0,0.0,40.0,-100.0,-100.0,-100.0,-16.0,0.0,-0.0,31.0,10.244,9.756,9.756,8.0,0.0,0.931,32.0,22.887,23.299,23.299,-16.0,1.0,-0.0,32.0
20.4577,2,rev,-65.0,12.1,5.528,5.4,5.4,8.0,0.0,0.0,37.0,-100.0,-100.0,-100.0,0.0,0.0,-0.0,32.0,-99.858,-100.0,-100.0,8.0,0.0,-0.0,33.0,-34.533,-65.0,-32.796,-176.0,46.0,-1.493,40.0,-100.0,-100.0,-100.0,-16.0,0.0,-0.0,31.0,10.244,9.756,9.756,8.0,0.0,0.456,32.0,22.887,23.299,23.299,-16.0,1.0,-0.0,32.0
20.5105,2,rev,-65.0,12.1,5.528,5.4,5.4,8.0,0.0,0.0,37.0,-100.0,-100.0,-100.0,0.0,0.0,-0.0,32.0,-99.858,-100.0,-100.0,8.0,0.0,-0.0,33.0,-34.8,-65.0,-33.117,-176.0,46.0,-3.282,40.0,-100.0,-100.0,-100.0,-16.0,0.0,-0.0,31.0,10.244,9.756,9.756,8.0,0.0,0.224,32.0,22.887,23.299,23.299,-16.0,1.0,-0.0,32.0
20.5636,2,rev,-65.0,12.1,5.528,5.4,5.4,8.0,0.0,0.0,37.0,-100.0,-100.0,-100.0,0.0,0.0,-0.0,32.0,-99.858,-100.0,-100.0,8.0,0.0,-0.0,33.0,-34.933,-65.0,-33.435,-176.0,46.0,-3.105,40.0,-100.0,-100.0,-100.0,-16.0,0.0,-0.0,31.0,10.244,9.756,9.756,8.0,0.0,0.11,32.0,22.887,23.299,23.299,-16.0,1.0,-0.0,32.0
20.6166,2,rev,-65.0,12.1,5.528,5.4,5.4,8.0,0.0,0.0,37.0,-100.0,-100.0,-100.0,0.0,0.0,-0.0,32.0,-99.858,-100.0,-100.0,8.0,0.0,-0.0,33.0,-35.067,-65.0,-33.756,-176.0,46.0,-3.019,40.0,-100.0,-100.0,-100.0,-16.0,0.0,-0.0,31.0,10.244,9.756,9.756,8.0,0.0,0.054,32.0,22.887,23.299,23.299,-16.0,1.0,-0.0,32.0
20.6695,2,rev,-65.0,12.1,5.528,5.4,5.4,8.0,0.0,0.0,37.0,-100.0,-100.0,-100.0,0.0,0.0,-0.0,32.0,-99.858,-100.0,-100.0,8.0,0.0,-0.0,33.0,-35.333,-65.0,-34.076,-176.0,46.0,-4.035,40.0,-100.0,-100.0,-100.0,-16.0,0.0,-0.0,31.0,10.244,9.756,9.756,8.0,0.0,0.026,32.0,22.887,23.299,23.299,-16.0,1.0,-0.0,32.0
20.7235,2,rev,-65.0,12.1,5.528,5.4,5.4,8.0,0.0,0.0,37.0,-100.0,-100.0,-100.0,0.0,0.0,-0.0,32.0,-99.858,-100.0,-100.0,8.0,0.0,-0.0,33.0,-35.467,-65.0,-34.395,-176.0,46.0,-3.031,40.0,-100.0,-100.0,-100.0,-16.0,0.0,-0.0,31.0,10.244,9.756,9.756,8.0,0.0,0.013,32.0,22.887,23.299,23.299,-16.0,1.0,-0.0,32.0
20.7765,2,rev,-65.0,12.1,5.528,5.4,5.4,8.0,0.0,0.0,37.0,-100.0,-100.0,-100.0,0.0,0.0,-0.0,32.0,-99.858,-100.0,-100.0,8.0,0.0,-0.0,33.0,-35.6,-65.0,-34.714,-176.0,46.0,-2.538,40.0,-100.0,-100.0,-100.0,-16.0,0.0,-0.0,31.0,10.244,9.756,9.756,8.0,0.0,0.006,32.0,22.887,23.299,23.299,-16.0,1.0,-0.0,32.0
20.8295,2,rev,-65.0,12.2,5.528,5.4,5.4,8.0,0.0,0.0,37.0,-100.0,-100.0,-100.0,0.0,0.0,-0.0,32.0,-99.858,-100.0,-100.0,8.0,0.0,-0.0,33.0,-35.733,-65.0,-34.873,-44.0,5.0,-3.271,39.0,-100.0,-100.0,-100.0,-16.0,0.0,-0.0,31.0,10.244,9.756,9.756,8.0,0.0,0.004,32.0,22.887,23.299,23.299,-16.0,0.0,-0.0,32.0
20.8825,2,rev,-65.0,12.2,5.528,5.4,5.4,8.0,0.0,0.0,37.0,-100.0,-100.0,-100.0,0.0,0.0,-0.0,32.0,-99.858,-100.0,-100.0,8.0,0.0,-0.0,33.0,-36.0,-65.0,-35.374,-44.0,5.0,-2.591,39.0,-100.0,-100.0,-100.0,-16.0,0.0,-0.0,31.0,10.244,9.756,9.756,8.0,0.0,0.002,32.0,22.887,23.299,23.299,-16.0,0.0,-0.0,32.0
20.935,2,rev,-65.0,12.2,5.528,5.4,5.4,8.0,0.0,0.0,37.0,-100.0,-100.0,-100.0,0.0,0.0,-0.0,32.0,-99.858,-100.0,-100.0,8.0,0.0,-0.0,33.0,-36.4,-65.0,-35.693,-44.0,5.0,-4.89,39.0,-100.0,-100.0,-100.0,-16.0,0.0,-0.0,31.0,10.244,9.756,9.756,8.0,0.0,0.001,32.0,22.887,23.299,23.299,-16.0,0.0,-0.0,32.0
20.9883,2,rev,-65.0,12.2,5.528,5.4,5.4,8.0,0.0,0.0,37.0,-100.0,-100.0,-100.0,0.0,0.0,-0.0,32.0,-99.858,-100.0,-100.0,8.0,0.0,-0.0,33.0,-36.667,-65.0,-36.011,-44.0,5.0,-5.415,39.0,-100.0,-100.0,-100.0,-16.0,0.0,-0.0,31.0,10.244,9.756,9.756,8.0,0.0,0.001,32.0,22.887,23.299,23.299,-16.0,0.0,-0.0,32.0
21.0412,2,rev,-65.0,12.2,5.528,5.4,5.4,8.0,0.0,0.0,37.0,-100.0,-100.0,-100.0,0.0,0.0,-0.0,32.0,-99.858,-100.0,-100.0,8.0,0.0,-0.0,33.0,-37.067,-65.0,-36.329,-44.0,5.0,-6.713,39.0,-100.0,-100.0,-100.0,-16.0,0.0,-0.0,31.0,10.244,9.756,9.756,8.0,0.0,0.0,32.0,22.887,23.299,23.299,-16.0,0.0,-0.0,32.0
21.0939,2,rev,-65.0,12.2,5.528,5.4,5.4,8.0,0.0,0.0,37.0,-100.0,-100.0,-100.0,0.0,0.0,-0.0,32.0,-99.858,-100.0,-100.0,8.0,0.0,-0.0,33.0,-37.333,-65.0,-36.648,-44.0,5.0,-5.841,39.0,-100.0,-100.0,-100.0,-16.0,0.0,-0.0,31.0,10.244,9.756,9.756,8.0,0.0,0.0,32.0,22.887,23.299,23.299,-16.0,0.0,-0.0,32.0
21.1458,2,rev,-65.0,12.2,5.528,5.4,5.4,8.0,0.0,0.0,37.0,-100.0,-100.0,-100.0,0.0,0.0,-0.0,32.0,-99.858,-100.0,-100.0,8.0,0.0,-0.0,33.0,-37.6,-65.0,-36.97,-44.0,5.0,-5.416,39.0,-100.0,-100.0,-100.0,-16.0,0.0,-0.0,31.0,10.244,9.756,9.756,8.0,0.0,0.0,32.0,22.887,23.299,23.299,-16.0,0.0,-0.0,32.0
21.199,2,rev,-65.0,12.2,5.528,5.4,5.4,8.0,0.0,0.0,37.0,-100.0,-100.0,-100.0,0.0,0.0,-0.0,32.0,-99.858,-100.0,-100.0,8.0,0.0,-0.0,33.0,-38.0,-65.0,-37.289,-44.0,5.0,-6.257,39.0,-100.0,-100.0,-100.0,-16.0,0.0,-0.0,31.0,10.244,9.756,9.756,8.0,0.0,0.0,32.0,22.887,23.299,23.299,-16.0,0.0,-0.0,32.0
21.2524,2,rev,-65.0,12.2,5.528,5.4,5.4,8.0,0.0,0.0,37.0,-100.0,-100.0,-100.0,0.0,0.0,-0.0,32.0,-99.858,-100.0,-100.0,8.0,0.0,-0.0,33.0,-38.267,-65.0,-37.608,-44.0,5.0,-5.608,39.0,-100.0,-100.0,-100.0,-16.0,0.0,-0.0,31.0,10.244,9.756,9.756,8.0,0.0,0.0,32.0,22.887,23.299,23.299,-16.0,0.0,-0.0,32.0
21.3053,2,rev,-65.0,12.2,5.528,5.4,5.4,8.0,0.0,0.0,37.0,-100.0,-100.0,-100.0,0.0,0.0,-0.0,32.0,-99.858,-100.0,-100.0,8.0,0.0,-0.0,33.0,-38.667,-65.0,-37.93,-44.0,5.0,-6.794,39.0,-100.0,-100.0,-100.0,-16.0,0.0,-0.0,31.0,10.244,9.756,9.756,8.0,0.0,0.0,32.0,22.887,23.299,23.299,-16.0,0.0,-0.0,32.0
21.3582,2,rev,-65.0,12.2,5.528,5.4,5.4,8.0,0.0,0.0,37.0,-100.0,-100.0,-100.0,0.0,0.0,-0.0,32.0,-99.858,-100.0,-100.0,8.0,0.0,-0.0,33.0,-38.8,-65.0,-38.249,-44.0,5.0,-4.836,39.0,-100.0,-100.0,-100.0,-16.0,0.0,-0.0,31.0,10.244,9.756,9.756,8.0,0.0,0.0,32.0,22.887,23.299,23.299,-16.0,0.0,-0.0,32.0
21.4114,2,rev,-65.0,12.2,5.528,5.4,5.4,8.0,0.0,0.0,37.0,-100.0,-100.0,-100.0,0.0,0.0,-0.0,32.0,-99.858,-100.0,-100.0,8.0,0.0,-0.0,33.0,-38.8,-65.0,-38.608,-40.0,3.0,-4.836,39.0,-100.0,-100.0,-100.0,-16.0,1.0,-0.0,31.0,10.244,9.756,9.756,8.0,0.0,0.0,32.0,22.887,23.299,23.299,-16.0,0.0,-0.0,32.0
21.4647,2,rev,-65.0,12.2,5.528,5.4,5.4,8.0,0.0,0.0,37.0,-100.0,-100.0,-100.0,0.0,0.0,-0.0,32.0,-99.858,-100.0,-100.0,8.0,0.0,-0.0,33.0,-39.2,-65.0,-38.944,-40.0,3.0,-4.764,39.0,-100.0,-100.0,-100.0,-16.0,1.0,-0.0,31.0,10.244,9.756,9.756,8.0,0.0,0.0,32.0,22.887,23.299,23.299,-16.0,0.0,-0.0,32.0
21.5168,2,rev,-65.0,12.2,5.528,5.4,5.4,8.0,0.0,0.0,37.0,-100.0,-100.0,-100.0,0.0,0.0,-0.0,32.0,-99.858,-100.0,-100.0,8.0,0.0,-0.0,33.0,-39.6,-65.0,-39.104,-40.0,3.0,-6.402,39.0,-100.0,-100.0,-100.0,-16.0,1.0,-0.0,31.0,10.244,9.756,9.756,8.0,0.0,0.0,32.0,22.887,23.299,23.299,-16.0,0.0,-0.0,32.0
21.5689,2,rev,-65.0,12.2,5.528,5.4,5.4,8.0,0.0,0.0,37.0,-100.0,-100.0,-100.0,0.0,0.0,-0.0,32.0,-99.858,-100.0,-100.0,8.0,0.0,-0.0,33.0,-40.133,-65.0,-39.434,-40.0,3.0,-8.127,39.0,-100.0,-100.0,-100.0,-16.0,1.0,-0.0,31.0,10.244,9.756,9.756,8.0,0.0,0.0,32.0,22.887,23.299,23.299,-16.0,0.0,-0.0,32.0
21.6209,2,rev,-65.0,12.2,5.528,5.4,5.4,8.0,0.0,0.0,37.0,-100.0,-100.0,-100.0,0.0,0.0,-0.0,32.0,-99.858,-100.0,-100.0,8.0,0.0,-0.0,33.0,-40.4,-65.0,-39.752,-40.0,3.0,-6.525,39.0,-100.0,-100.0,-100.0,-16.0,1.0,-0.0,31.0,10.244,9.756,9.756,8.0,0.0,0.0,32.0,22.887,23.299,23.299,-16.0,0.0,-0.0,32.0
21.6729,2,rev,-65.0,12.2,5.528,5.4,5.4,8.0,0.0,0.0,37.0,-100.0,-100.0,-100.0,0.0,0.0,-0.0,32.0,-99.858,-100.0,-100.0,8.0,0.0,-0.0,33.0,-40.667,-65.0,-40.076,-40.0,3.0,-5.741,39.0,-100.0,-100.0,-100.0,-16.0,1.0,-0.0,31.0,10.244,9.756,9.756,8.0,0.0,0.0,32.0,22.887,23.299,23.299,-16.0,0.0,-0.0,32.0
21.7267,2,rev,-65.0,12.2,5.528,5.4,5.4,8.0,0.0,0.0,37.0,-100.0,-100.0,-100.0,0.0,0.0,-0.0,32.0,-99.858,-100.0,-100.0,8.0,0.0,-0.0,33.0,-41.067,-65.0,-40.394,-40.0,3.0,-6.434,39.0,-100.0,-100.0,-100.0,-16.0,1.0,-0.0,31.0,10.244,9.756,9.756,8.0,0.0,0.0,32.0,22.887,23.299,23.299,-16.0,0.0,-0.0,32.0
21.7788,2,rev,-65.0,12.2,5.528,5.4,5.4,8.0,0.0,0.0,37.0,-100.0,-100.0,-100.0,0.0,0.0,-0.0,32.0,-99.858,-100.0,-100.0,8.0,0.0,-0.0,33.0,-41.333,-65.0,-40.713,-40.0,3.0,-5.704,39.0,-100.0,-100.0,-100.0,-16.0,1.0,-0.0,31.0,10.244,9.756,9.756,8.0,0.0,0.0,32.0,22.887,23.299,23.299,-16.0,0.0,-0.0,32.0
21.8309,2,rev,-65.0,12.2,5.528,5.4,5.4,8.0,0.0,0.0,37.0,-100.0,-100.0,-100.0,0.0,0.0,-0.0,32.0,-99.858,-100.0,-100.0,8.0,0.0,-0.0,33.0,-41.733,-65.0,-41.033,-40.0,3.0,-6.861,39.0,-100.0,-100.0,-100.0,-16.0,1.0,-0.0,31.0,10.244,9.756,9.756,8.0,0.0,0.0,32.0,22.887,23.299,23.299,-16.0,0.0,-0.0,32.0
21.8838,2,rev,-65.0,12.2,5.528,5.4,5.4,8.0,0.0,0.0,37.0,-100.0,-100.0,-100.0,0.0,0.0,-0.0,32.0,-99.858,-100.0,-100.0,8.0,0.0,-0.0,33.0,-41.867,-65.0,-41.352,-40.0,3.0,-4.861,39.0,-100.0,-100.0,-100.0,-16.0,1.0,-0.0,31.0,10.244,9.756,9.756,8.0,0.0,0.0,32.0,22.887,23.299,23.299,-16.0,0.0,-0.0,32.0
21.9371,2,rev,-65.0,12.2,5.528,5.4,5.4,8.0,0.0,0.0,37.0,-100.0,-100.0,-100.0,0.0,0.0,-0.0,32.0,-99.858,-100.0,-100.0,8.0,0.0,-0.0,33.0,-42.267,-65.0,-41.672,-40.0,3.0,-6.432,39.0,-100.0,-100.0,-100.0,-16.0,1.0,-0.0,31.0,10.244,9.756,9.756,8.0,0.0,0.0,32.0,22.887,23.299,23.299,-16.0,0.0,-0.0,32.0
21.9905,2,rev,-65.0,12.2,5.528,5.4,5.4,8.0,0.0,0.0,37.0,-100.0,-100.0,-100.0,-8.0,0.0,-0.0,32.0,-99.858,-100.0,-100.0,8.0,0.0,-0.0,33.0,-42.533,-65.0,-42.031,-32.0,2.0,-5.841,39.0,-100.0,-100.0,-100.0,-16.0,0.0,-0.0,31.0,10.244,9.756,9.756,8.0,0.0,0.0,32.0,22.887,23.299,23.299,-16.0,1.0,-0.0,32.0
22.0437,2,rev,-65.0,12.2,5.528,5.4,5.4,8.0,0.0,0.0,37.0,-100.0,-100.0,-100.0,-8.0,0.0,-0.0,32.0,-99.858,-100.0,-100.0,8.0,0.0,-0.0,33.0,-42.8,-65.0,-42.351,-32.0,2.0,-5.874,39.0,-100.0,-100.0,-100.0,-16.0,0.0,-0.0,31.0,10.244,9.756,9.756,8.0,0.0,0.0,32.0,22.887,23.299,23.299,-16.0,1.0,-0.0,32.0
22.0967,2,rev,-65.0,12.2,5.528,5.4,5.4,8.0,0.0,0.0,37.0,-100.0,-100.0,-100.0,-8.0,0.0,-0.0,32.0,-99.858,-100.0,-100.0,8.0,0.0,-0.0,33.0,-43.2,-65.0,-42.673,-32.0,2.0,-6.907,39.0,-100.0,-100.0,-100.0,-16.0,0.0,-0.0,31.0,10.244,9.756,9.756,8.0,0.0,0.0,32.0,22.887,23.299,23.299,-16.0,1.0,-0.0,32.0
22.1497,2,rev,-65.0,12.2,5.528,5.4,5.4,8.0,0.0,0.0,37.0,-100.0,-100.0,-100.0,-8.0,0.0,-0.0,32.0,-99.858,-100.0,-100.0,8.0,0.0,-0.0,33.0,-43.467,-65.0,-42.992,-32.0,2.0,-5.938,39.0,-100.0,-100.0,-100.0,-16.0,0.0,-0.0,31.0,10.244,9.756,9.756,8.0,0.0,0.0,32.0,22.887,23.299,23.299,-16.0,1.0,-0.0,32.0
22.2027,2,rev,-65.0,12.2,5.528,5.4,5.4,8.0,0.0,0.0,37.0,-100.0,-100.0,-100.0,-8.0,0.0,-0.0,32.0,-99.858,-100.0,-100.0,8.0,0.0,-0.0,33.0,-43.867,-65.0,-43.316,-32.0,2.0,-6.45,39.0,-100.0,-100.0,-100.0,-16.0,0.0,-0.0,31.0,10.244,9.756,9.756,8.0,0.0,0.0,32.0,22.887,23.299,23.299,-16.0,1.0,-0.0,32.0
22.2549,2,rev,-65.0,12.2,5.528,5.4,5.4,8.0,0.0,0.0,37.0,-100.0,-100.0,-100.0,-8.0,0.0,-0.0,32.0,-99.858,-100.0,-100.0,8.0,0.0,-0.0,33.0,-44.133,-65.0,-43.641,-32.0,2.0,-5.686,39.0,-100.0,-100.0,-100.0,-16.0,0.0,-0.0,31.0,10.244,9.756,9.756,8.0,0.0,0.0,32.0,22.887,23.299,23.299,-16.0,1.0,-0.0,32.0
22.3086,2,rev,-65.0,12.2,5.528,5.4,5.4,8.0,0.0,0.0,37.0,-100.0,-100.0,-100.0,-8.0,0.0,-0.0,32.0,-99.858,-100.0,-100.0,8.0,0.0,-0.0,33.0,-44.533,-65.0,-43.964,-32.0,2.0,-6.802,39.0,-100.0,-100.0,-100.0,-16.0,0.0,-0.0,31.0,9.756,9.756,9.756,8.0,0.0,-5.462,32.0,22.887,23.299,23.299,-16.0,1.0,-0.0,32.0
22.361,2,rev,-65.0,12.2,5.528,5.4,5.4,8.0,0.0,0.0,37.0,-100.0,-100.0,-100.0,-8.0,0.0,-0.0,32.0,-99.858,-100.0,-100.0,8.0,0.0,-0.0,33.0,-44.667,-65.0,-44.285,-32.0,2.0,-6.259,39.0,-100.0,-100.0,-100.0,-16.0,0.0,-0.0,31.0,9.756,9.756,9.756,8.0,0.0,-3.824,32.0,22.887,23.299,23.299,-16.0,1.0,-0.0,32.0
22.4145,2,rev,-65.0,12.2,5.528,5.4,5.4,8.0,0.0,0.0,37.0,-100.0,-100.0,-100.0,-8.0,0.0,-0.0,32.0,-99.858,-100.0,-100.0,8.0,0.0,-0.0,33.0,-44.933,-65.0,-44.623,-32.0,2.0,-5.505,39.0,-100.0,-100.0,-100.0,-16.0,0.0,-0.0,31.0,9.756,9.756,9.756,8.0,0.0,-1.874,32.0,22.887,23.299,23.299,-16.0,1.0,-0.0,32.0
22.4668,2,rev,-65.0,12.2,5.528,5.4,5.4,8.0,0.0,0.0,37.0,-100.0,-100.0,-100.0,-8.0,0.0,-0.0,32.0,-99.858,-100.0,-100.0,8.0,0.0,-0.0,33.0,-45.333,-65.0,-44.8,-32.0,2.0,-6.104,39.0,-100.0,-100.0,-100.0,-16.0,0.0,-0.0,31.0,9.756,9.756,9.756,8.0,0.0,-0.918,32.0,22.887,23.299,23.299,-16.0,1.0,-0.0,32.0
22.52,2,rev,-65.0,12.2,5.528,5.4,5.4,8.0,0.0,0.0,37.0,-100.0,-100.0,-100.0,-8.0,0.0,-0.0,32.0,-99.858,-100.0,-100.0,8.0,0.0,-0.0,33.0,-45.6,-65.0,-45.135,-32.0,2.0,-5.457,39.0,-100.0,-100.0,-100.0,-16.0,0.0,-0.0,31.0,9.756,9.756,9.756,8.0,0.0,-0.45,32.0,22.887,23.299,23.299,-16.0,1.0,-0.0,32.0
22.5729,2,rev,-65.0,12.1,5.528,5.4,5.4,8.0,0.0,0.0,37.0,-100.0,-100.0,-100.0,0.0,0.0,-0.0,32.0,-99.858,-100.0,-100.0,8.0,0.0,-0.0,33.0,-45.867,-65.0,-45.489,-24.0,0.0,-5.173,40.0,-100.0,-100.0,-100.0,-16.0,1.0,-0.0,31.0,9.756,9.756,9.756,0.0,0.0,-0.315,32.0,22.887,23.299,23.299,-16.0,1.0,-0.0,32.0
22.626,2,rev,-65.0,12.1,5.528,5.4,5.4,8.0,0.0,0.0,37.0,-100.0,-100.0,-100.0,0.0,0.0,-0.0,32.0,-99.858,-100.0,-100.0,8.0,0.0,-0.0,33.0,-46.267,-65.0,-45.808,-24.0,0.0,-6.584,40.0,-100.0,-100.0,-100.0,-16.0,1.0,-0.0,31.0,9.756,9.756,9.756,0.0,0.0,-0.154,32.0,22.887,23.299,23.299,-16.0,1.0,-0.0,32.0
22.6779,2,rev,-65.0,12.1,5.528,5.4,5.4,8.0,0.0,0.0,37.0,-100.0,-100.0,-100.0,0.0,0.0,-0.0,32.0,-99.858,-100.0,-100.0,8.0,0.0,-0.0,33.0,-46.667,-65.0,-46.128,-24.0,0.0,-7.281,40.0,-100.0,-100.0,-100.0,-16.0,1.0,-0.0,31.0,9.756,9.756,9.756,0.0,0.0,-0.076,32.0,22.887,23.299,23.299,-16.0,1.0,-0.0,32.0
22.7309,2,rev,-65.0,12.1,5.528,5.4,5.4,8.0,0.0,0.0,37.0,-100.0,-100.0,-100.0,0.0,0.0,-0.0,32.0,-99.858,-100.0,-100.0,8.0,0.0,-0.0,33.0,-46.933,-65.0,-46.453,-24.0,0.0,-6.062,40.0,-100.0,-100.0,-100.0,-16.0,1.0,-0.0,31.0,9.756,9.756,9.756,0.0,0.0,-0.037,32.0,22.887,23.299,23.299,-16.0,1.0,-0.0,32.0
22.7831,2,rev,-65.0,12.1,5.528,5.4,5.4,8.0,0.0,0.0,37.0,-100.0,-100.0,-100.0,0.0,0.0,-0.0,32.0,-99.858,-100.0,-100.0,8.0,0.0,-0.0,33.0,-47.333,-65.0,-46.775,-24.0,0.0,-6.997,40.0,-100.0,-100.0,-100.0,-16.0,1.0,-0.0,31.0,9.756,9.756,9.756,0.0,0.0,-0.018,32.0,22.887,23.299,23.299,-16.0,1.0,-0.0,32.0
22.8361,2,rev,-65.0,12.1,5.528,5.4,5.4,8.0,0.0,0.0,37.0,-100.0,-100.0,-100.0,0.0,0.0,-0.0,32.0,-99.858,-100.0,-100.0,8.0,0.0,-0.0,33.0,-47.6,-65.0,-47.098,-24.0,0.0,-5.968,40.0,-100.0,-100.0,-100.0,-16.0,1.0,-0.0,31.0,9.756,9.756,9.756,0.0,0.0,-0.009,32.0,22.887,23.299,23.299,-16.0,1.0,-0.0,32.0
22.8894,2,rev,-65.0,12.1,5.528,5.4,5.4,8.0,0.0,0.0,37.0,-100.0,-100.0,-100.0,0.0,0.0,-0.0,32.0,-99.858,-100.0,-100.0,8.0,0.0,-0.0,33.0,-47.867,-65.0,-47.418,-24.0,0.0,-5.02,40.0,-100.0,-100.0,-100.0,-16.0,1.0,-0.0,31.0,9.756,9.756,9.756,0.0,0.0,-0.004,32.0,22.887,23.299,23.299,-16.0,1.0,-0.0,32.0
22.9426,2,rev,-65.0,12.1,5.528,5.4,5.4,8.0,0.0,0.0,37.0,-100.0,-100.0,-100.0,0.0,0.0,-0.0,32.0,-99.858,-100.0,-100.0,8.0,0.0,-0.0,33.0,-48.267,-65.0,-47.738,-24.0,0.0,-6.398,40.0,-100.0,-100.0,-100.0,-16.0,1.0,-0.0,31.0,9.756,9.756,9.756,0.0,0.0,-0.002,32.0,22.887,23.299,23.299,-16.0,1.0,-0.0,32.0
22.9956,2,rev,-65.0,12.1,5.528,5.4,5.4,8.0,0.0,0.0,37.0,-100.0,-100.0,-100.0,0.0,0.0,-0.0,32.0,-99.858,-100.0,-100.0,8.0,0.0,-0.0,33.0,-48.533,-65.0,-48.063,-24.0,0.0,-5.697,40.0,-100.0,-100.0,-100.0,-16.0,1.0,-0.0,31.0,9.756,9.756,9.756,0.0,0.0,-0.001,32.0,22.887,23.299,23.299,-16.0,1.0,-0.0,32.0
23.0487,2,rev,-65.0,12.1,5.528,5.4,5.4,8.0,0.0,0.0,37.0,-100.0,-100.0,-100.0,0.0,0.0,-0.0,32.0,-99.858,-100.0,-100.0,8.0,0.0,-0.0,33.0,-48.8,-65.0,-48.383,-24.0,0.0,-5.315,40.0,-100.0,-100.0,-100.0,-16.0,1.0,-0.0,31.0,9.756,9.756,9.756,0.0,0.0,-0.001,32.0,22.887,23.299,23.299,-16.0,1.0,-0.0,32.0
23.1009,2,rev,-65.0,12.1,5.528,5.4,5.4,8.0,0.0,0.0,37.0,-100.0,-100.0,-100.0,0.0,0.0,-0.0,32.0,-99.858,-100.0,-100.0,8.0,0.0,-0.0,33.0,-48.933,-65.0,-48.545,-24.0,0.0,-5.224,40.0,-100.0,-100.0,-100.0,-16.0,1.0,-0.0,31.0,9.756,9.756,9.756,0.0,0.0,-0.0,32.0,22.887,23.299,23.299,-16.0,1.0,-0.0,32.0
23.1541,2,rev,-65.0,12.2,5.528,5.4,5.4,8.0,0.0,0.0,37.0,-100.0,-100.0,-100.0,-8.0,0.0,-0.0,32.0,-99.858,-100.0,-100.0,8.0,0.0,-0.0,33.0,-49.333,-65.0,-49.064,-36.0,1.0,-5.661,39.0,-100.0,-100.0,-100.0,-16.0,0.0,-0.0,31.0,9.756,9.756,9.756,0.0,0.0,-0.0,32.0,22.887,23.299,23.299,-16.0,0.0,-0.0,32.0
23.2075,2,rev,-65.0,12.2,5.528,5.4,5.4,8.0,0.0,0.0,37.0,-100.0,-100.0,-100.0,-8.0,0.0,-0.0,32.0,-99.858,-100.0,-100.0,8.0,0.0,-0.0,33.0,-49.6,-65.0,-49.242,-36.0,1.0,-5.763,39.0,-100.0,-100.0,-100.0,-16.0,0.0,-0.0,31.0,9.756,9.756,9.756,0.0,0.0,-0.0,32.0,22.887,23.299,23.299,-16.0,0.0,-0.0,32.0
23.2599,2,rev,-65.0,12.2,5.528,5.4,5.4,8.0,0.0,0.0,37.0,-100.0,-100.0,-100.0,-8.0,0.0,-0.0,32.0,-99.858,-100.0,-100.0,8.0,0.0,-0.0,33.0,-50.0,-65.0,-49.583,-36.0,1.0,-6.171,39.0,-100.0,-100.0,-100.0,-16.0,0.0,-0.0,31.0,9.756,9.756,9.756,0.0,0.0,-0.0,32.0,22.887,23.299,23.299,-16.0,0.0,-0.0,32.0
23.3134,2,rev,-65.0,12.2,5.528,5.4,5.4,8.0,0.0,0.0,37.0,-100.0,-100.0,-100.0,-8.0,0.0,-0.0,32.0,-99.858,-100.0,-100.0,8.0,0.0,-0.0,33.0,-50.267,-65.0,-49.905,-36.0,1.0,-5.547,39.0,-100.0,-100.0,-100.0,-16.0,0.0,-0.0,31.0,9.756,9.756,9.756,0.0,0.0,-0.0,32.0,22.887,23.299,23.299,-16.0,0.0,-0.0,32.0
23.3662,2,rev,-65.0,12.2,5.528,5.4,5.4,8.0,0.0,0.0,37.0,-100.0,-100.0,-100.0,-8.0,0.0,-0.0,32.0,-99.858,-100.0,-100.0,8.0,0.0,-0.0,33.0,-50.667,-65.0,-50.229,-36.0,1.0,-6.285,39.0,-100.0,-100.0,-100.0,-16.0,0.0,-0.0,31.0,9.756,9.756,9.756,0.0,0.0,-0.0,32.0,22.887,23.299,23.299,-16.0,0.0,-0.0,32.0
23.4196,2,rev,-65.0,12.2,5.528,5.4,5.4,8.0,0.0,0.0,37.0,-100.0,-100.0,-100.0,-8.0,0.0,-0.0,32.0,-99.858,-100.0,-100.0,8.0,0.0,-0.0,33.0,-50.933,-65.0,-50.552,-36.0,1.0,-5.599,39.0,-100.0,-100.0,-100.0,-16.0,0.0,-0.0,31.0,9.756,9.756,9.756,0.0,0.0,-0.0,32.0,22.887,23.299,23.299,-16.0,0.0,-0.0,32.0
23.473,2,rev,-65.0,12.2,5.528,5.4,5.4,8.0,0.0,0.0,37.0,-100.0,-100.0,-100.0,-8.0,0.0,-0.0,32.0,-99.858,-100.0,-100.0,8.0,0.0,-0.0,33.0,-51.2,-65.0,-50.875,-36.0,1.0,-5.289,39.0,-100.0,-100.0,-100.0,-16.0,0.0,-0.0,31.0,9.756,9.756,9.756,0.0,0.0,-0.0,32.0,22.887,23.299,23.299,-16.0,0.0,-0.0,32.0
23.526,2,rev,-65.0,12.2,5.528,5.4,5.4,8.0,0.0,0.0,37.0,-100.0,-100.0,-100.0,-8.0,0.0,-0.0,32.0,-99.858,-100.0,-100.0,8.0,0.0,-0.0,33.0,-51.6,-65.0,-51.194,-36.0,1.0,-6.178,39.0,-100.0,-100.0,-100.0,-16.0,0.0,-0.0,31.0,9.756,9.756,9.756,0.0,0.0,-0.0,32.0,22.887,23.299,23.299,-16.0,0.0,-0.0,32.0
23.579,2,rev,-65.0,12.2,5.528,5.4,5.4,8.0,0.0,0.0,37.0,-100.0,-100.0,-100.0,-8.0,0.0,-0.0,32.0,-99.858,-100.0,-100.0,8.0,0.0,-0.0,33.0,-51.733,-65.0,-51.518,-36.0,1.0,-4.083,39.0,-100.0,-100.0,-100.0,-16.0,0.0,-0.0,31.0,9.756,9.756,9.756,0.0,0.0,-0.0,32.0,22.887,23.299,23.299,-16.0,0.0,-0.0,32.0
23.6323,2,rev,-65.0,12.2,5.528,5.4,5.4,8.0,0.0,0.0,37.0,-100.0,-100.0,-100.0,-8.0,0.0,-0.0,32.0,-99.858,-100.0,-100.0,8.0,0.0,-0.0,33.0,-52.267,-65.0,-51.844,-36.0,1.0,-7.045,39.0,-100.0,-100.0,-100.0,-16.0,0.0,-0.0,31.0,9.756,9.756,9.756,0.0,0.0,-0.0,32.0,22.887,23.299,23.299,-16.0,0.0,-0.0,32.0
23.6857,2,rev,-65.0,12.2,5.528,5.4,5.4,8.0,0.0,0.0,37.0,-100.0,-100.0,-100.0,-8.0,0.0,-0.0,32.0,-99.858,-100.0,-100.0,8.0,0.0,-0.0,33.0,-52.4,-65.0,-52.005,-24.0,1.0,-6.419,40.0,-100.0,-100.0,-100.0,-8.0,0.0,-0.0,31.0,9.756,9.756,9.756,0.0,0.0,-0.0,32.0,22.887,23.299,23.299,-16.0,1.0,-0.0,32.0
23.7405,2,rev,-65.0,12.2,5.528,5.4,5.4,8.0,0.0,0.0,37.0,-100.0,-100.0,-100.0,-8.0,0.0,-0.0,32.0,-99.858,-100.0,-100.0,8.0,0.0,-0.0,33.0,-52.8,-65.0,-52.513,-24.0,1.0,-5.609,40.0,-100.0,-100.0,-100.0,-8.0,0.0,-0.0,31.0,9.756,9.756,9.756,0.0,0.0,-0.0,32.0,22.887,23.299,23.299,-16.0,1.0,-0.0,32.0
23.7937,2,rev,-65.0,12.2,5.528,5.4,5.4,8.0,0.0,0.0,37.0,-100.0,-100.0,-100.0,-8.0,0.0,-0.0,32.0,-99.858,-100.0,-100.0,8.0,0.0,-0.0,33.0,-53.2,-65.0,-52.834,-24.0,1.0,-6.786,40.0,-100.0,-100.0,-100.0,-8.0,0.0,-0.0,31.0,9.756,9.756,9.756,0.0,0.0,-0.0,32.0,22.887,23.299,23.299,-16.0,1.0,-0.0,32.0
23.8458,2,rev,-65.0,12.2,5.528,5.4,5.4,8.0,0.0,0.0,37.0,-100.0,-100.0,-100.0,-8.0,0.0,-0.0,32.0,-99.858,-100.0,-100.0,8.0,0.0,-0.0,33.0,-53.467,-65.0,-53.157,-24.0,1.0,-5.841,40.0,-100.0,-100.0,-100.0,-8.0,0.0,-0.0,31.0,9.756,9.756,9.756,0.0,0.0,-0.0,32.0,22.887,23.299,23.299,-16.0,1.0,-0.0,32.0
23.898,2,rev,-65.0,12.2,5.528,5.4,5.4,8.0,0.0,0.0,37.0,-100.0,-100.0,-100.0,-8.0,0.0,-0.0,32.0,-99.858,-100.0,-100.0,8.0,0.0,-0.0,33.0,-53.867,-65.0,-53.478,-24.0,1.0,-6.911,40.0,-100.0,-100.0,-100.0,-8.0,0.0,-0.0,31.0,9.756,9.756,9.756,0.0,0.0,-0.0,32.0,22.887,23.299,23.299,-16.0,1.0,-0.0,32.0
23.9511,2,rev,-65.0,12.2,5.528,5.4,5.4,8.0,0.0,0.0,37.0,-100.0,-100.0,-100.0,-8.0,0.0,-0.0,32.0,-99.858,-100.0,-100.0,8.0,0.0,-0.0,33.0,-54.133,-65.0,-53.799,-24.0,1.0,-5.923,40.0,-100.0,-100.0,-100.0,-8.0,0.0,-0.0,31.0,9.756,9.756,9.756,0.0,0.0,-0.0,32.0,22.887,23.299,23.299,-16.0,1.0,-0.0,32.0
24.0044,2,rev,-65.0,12.2,5.528,5.4,5.4,8.0,0.0,0.0,37.0,-100.0,-100.0,-100.0,-8.0,0.0,-0.0,32.0,-99.858,-100.0,-100.0,8.0,0.0,-0.0,33.0,-54.4,-65.0,-54.119,-24.0,1.0,-5.459,40.0,-100.0,-100.0,-100.0,-8.0,0.0,-0.0,31.0,9.756,9.756,9.756,0.0,0.0,-0.0,32.0,22.887,23.299,23.299,-16.0,1.0,-0.0,32.0
24.0575,2,rev,-65.0,12.2,5.528,5.4,5.4,8.0,0.0,0.0,37.0,-100.0,-100.0,-100.0,-8.0,0.0,-0.0,32.0,-99.858,-100.0,-100.0,8.0,0.0,-0.0,33.0,-54.667,-65.0,-54.438,-24.0,1.0,-4.785,40.0,-100.0,-100.0,-100.0,-8.0,0.0,-0.0,31.0,9.756,9.756,9.756,0.0,0.0,-0.0,32.0,22.887,23.299,23.299,-16.0,1.0,-0.0,32.0
24.1102,2,rev,-65.0,12.2,5.528,5.4,5.4,8.0,0.0,0.0,37.0,-100.0,-100.0,-100.0,-8.0,0.0,-0.0,32.0,-99.858,-100.0,-100.0,8.0,0.0,-0.0,33.0,-55.067,-65.0,-54.758,-24.0,1.0,-6.292,40.0,-100.0,-100.0,-100.0,-8.0,0.0,-0.0,31.0,9.756,9.756,9.756,0.0,0.0,-0.0,32.0,22.887,23.299,23.299,-16.0,1.0,-0.0,32.0
24.1633,2,rev,-65.0,12.2,5.528,5.4,5.4,8.0,0.0,0.0,37.0,-100.0,-100.0,-100.0,-8.0,0.0,-0.0,32.0,-99.858,-100.0,-100.0,8.0,0.0,-0.0,33.0,-55.333,-65.0,-55.083,-24.0,1.0,-5.636,40.0,-100.0,-100.0,-100.0,-8.0,0.0,-0.0,31.0,9.756,9.756,9.756,0.0,0.0,-0.0,32.0,22.887,23.299,23.299,-16.0,1.0,-0.0,32.0
24.2158,2,rev,-65.0,12.2,5.528,5.4,5.4,8.0,0.0,0.0,37.0,-100.0,-100.0,-100.0,-8.0,0.0,-0.0,32.0,-99.858,-100.0,-100.0,8.0,0.0,-0.0,33.0,-55.6,-65.0,-55.405,-24.0,1.0,-5.285,40.0,-100.0,-100.0,-100.0,-8.0,0.0,-0.0,31.0,9.756,9.756,9.756,0.0,0.0,-0.0,32.0,22.887,23.299,23.299,-16.0,1.0,-0.0,32.0
24.2693,2,rev,-65.0,12.2,5.528,5.4,5.4,8.0,0.0,0.0,37.0,-100.0,-100.0,-100.0,-8.0,0.0,-0.0,32.0,-99.858,-100.0,-100.0,8.0,0.0,-0.0,33.0,-55.6,-65.0,-55.755,-16.0,0.0,-5.285,40.0,-100.0,-100.0,-100.0,-8.0,0.0,-0.0,31.0,9.756,9.756,9.756,0.0,0.0,-0.0,32.0,22.887,23.299,23.299,-16.0,0.0,-0.0,32.0
24.3232,2,rev,-65.0,12.2,5.528,5.4,5.4,8.0,0.0,0.0,37.0,-100.0,-100.0,-100.0,-8.0,0.0,-0.0,32.0,-99.858,-100.0,-100.0,8.0,0.0,-0.0,33.0,-56.0,-65.0,-56.095,-16.0,0.0,-3.967,40.0,-100.0,-100.0,-100.0,-8.0,0.0,-0.0,31.0,9.756,9.756,9.756,0.0,0.0,-0.0,32.0,22.887,23.299,23.299,-16.0,0.0,-0.0,32.0
24.3771,2,rev,-65.0,12.2,5.528,5.4,5.4,8.0,0.0,0.0,37.0,-100.0,-100.0,-100.0,-8.0,0.0,-0.0,32.0,-99.858,-100.0,-100.0,8.0,0.0,-0.0,33.0,-56.4,-65.0,-56.276,-16.0,0.0,-5.265,40.0,-100.0,-100.0,-100.0,-8.0,0.0,-0.0,31.0,9.756,9.756,9.756,0.0,0.0,-0.0,32.0,22.887,23.299,23.299,-16.0,0.0,-0.0,32.0
24.4307,2,rev,-65.0,12.2,5.528,5.4,5.4,8.0,0.0,0.0,37.0,-100.0,-100.0,-100.0,-8.0,0.0,-0.0,32.0,-99.858,-100.0,-100.0,8.0,0.0,-0.0,33.0,-56.8,-65.0,-56.597,-16.0,0.0,-6.182,40.0,-100.0,-100.0,-100.0,-8.0,0.0,-0.0,31.0,9.756,9.756,9.756,0.0,0.0,-0.0,32.0,22.887,23.299,23.299,-16.0,0.0,-0.0,32.0
24.4828,2,rev,-65.0,12.2,5.528,5.4,5.4,8.0,0.0,0.0,37.0,-100.0,-100.0,-100.0,-8.0,0.0,-0.0,32.0,-99.858,-100.0,-100.0,8.0,0.0,-0.0,33.0,-57.2,-65.0,-56.918,-16.0,0.0,-6.616,40.0,-100.0,-100.0,-100.0,-8.0,0.0,-0.0,31.0,9.756,9.756,9.756,0.0,0.0,-0.0,32.0,22.887,23.299,23.299,-16.0,0.0,-0.0,32.0
24.5365,2,rev,-65.0,12.2,5.528,5.4,5.4,8.0,0.0,0.0,37.0,-100.0,-100.0,-100.0,-8.0,0.0,-0.0,32.0,-99.858,-100.0,-100.0,8.0,0.0,-0.0,33.0,-57.467,-65.0,-57.237,-16.0,0.0,-5.79,40.0,-100.0,-100.0,-100.0,-8.0,0.0,-0.0,31.0,9.756,9.756,9.756,0.0,0.0,-0.0,32.0,22.887,23.299,23.299,-16.0,0.0,-0.0,32.0
24.5897,2,rev,-65.0,12.2,5.528,5.4,5.4,8.0,0.0,0.0,37.0,-100.0,-100.0,-100.0,-8.0,0.0,-0.0,32.0,-99.858,-100.0,-100.0,8.0,0.0,-0.0,33.0,-57.867,-65.0,-57.56,-16.0,0.0,-6.413,40.0,-100.0,-100.0,-100.0,-8.0,0.0,-0.0,31.0,9.756,9.756,9.756,0.0,0.0,-0.0,32.0,22.887,23.299,23.299,-16.0,0.0,-0.0,32.0
24.6419,2,rev,-65.0,12.2,5.528,5.4,5.4,8.0,0.0,0.0,37.0,-100.0,-100.0,-100.0,-8.0,0.0,-0.0,32.0,-99.858,-100.0,-100.0,8.0,0.0,-0.0,33.0,-58.133,-65.0,-57.879,-16.0,0.0,-5.694,40.0,-100.0,-100.0,-100.0,-8.0,0.0,-0.0,31.0,9.756,9.756,9.756,0.0,0.0,-0.0,32.0,22.887,23.299,23.299,-16.0,0.0,-0.0,32.0
24.6943,2,rev,-65.0,12.2,5.528,5.4,5.4,8.0,0.0,0.0,37.0,-100.0,-100.0,-100.0,-8.0,0.0,-0.0,32.0,-99.858,-100.0,-100.0,8.0,0.0,-0.0,33.0,-58.533,-65.0,-58.198,-16.0,0.0,-6.84,40.0,-100.0,-100.0,-100.0,-8.0,0.0,-0.0,31.0,9.756,9.756,9.756,0.0,0.0,-0.0,32.0,22.887,23.299,23.299,-16.0,0.0,-0.0,32.0
24.7484,2,rev,-65.0,12.2,5.528,5.4,5.4,8.0,0.0,0.0,37.0,-100.0,-100.0,-100.0,-8.0,0.0,-0.0,32.0,-99.858,-100.0,-100.0,8.0,0.0,-0.0,33.0,-58.8,-65.0,-58.519,-16.0,0.0,-5.902,40.0,-100.0,-100.0,-100.0,-8.0,0.0,-0.0,31.0,9.756,9.756,9.756,0.0,0.0,-0.0,32.0,22.887,23.299,23.299,-16.0,0.0,-0.0,32.0
24.8016,2,rev,-65.0,12.2,5.528,5.4,5.4,8.0,0.0,0.0,37.0,-100.0,-100.0,-100.0,-8.0,0.0,-0.0,32.0,-99.858,-100.0,-100.0,8.0,0.0,-0.0,33.0,-59.067,-65.0,-58.837,-16.0,0.0,-5.451,40.0,-100.0,-100.0,-100.0,-8.0,0.0,-0.0,31.0,9.756,9.756,9.756,0.0,0.0,-0.0,32.0,22.887,23.299,23.299,-16.0,0.0,-0.0,32.0
24.8547,2,rev,-65.0,12.2,5.528,5.4,5.4,8.0,0.0,0.0,37.0,-100.0,-100.0,-100.0,-8.0,0.0,-0.0,32.0,-99.858,-100.0,-100.0,8.0,0.0,-0.0,33.0,-59.333,-65.0,-59.193,-16.0,0.0,-5.155,40.0,-100.0,-100.0,-100.0,-8.0,0.0,-0.0,31.0,9.756,9.756,9.756,0.0,0.0,-0.0,32.0,22.887,23.299,23.299,-16.0,0.0,-0.0,33.0
24.9069,2,rev,-65.0,12.2,5.528,5.4,5.4,8.0,0.0,0.0,37.0,-100.0,-100.0,-100.0,-8.0,0.0,-0.0,32.0,-99.858,-100.0,-100.0,8.0,0.0,-0.0,33.0,-59.6,-65.0,-59.514,-16.0,0.0,-5.092,40.0,-100.0,-100.0,-100.0,-8.0,0.0,-0.0,31.0,9.756,9.756,9.756,0.0,0.0,-0.0,32.0,22.887,23.299,23.299,-16.0,0.0,-0.0,33.0
24.9601,2,rev,-65.0,12.2,5.528,5.4,5.4,8.0,0.0,0.0,37.0,-100.0,-100.0,-100.0,-8.0,0.0,-0.0,32.0,-99.858,-100.0,-100.0,8.0,0.0,-0.0,33.0,-60.0,-65.0,-59.834,-16.0,0.0,-6.09,40.0,-100.0,-100.0,-100.0,-8.0,0.0,-0.0,31.0,9.756,9.756,9.756,0.0,0.0,-0.0,32.0,22.887,23.299,23.299,-16.0,0.0,-0.0,33.0
25.0131,2,rev,-65.0,12.2,5.528,5.4,5.4,8.0,0.0,0.0,37.0,-100.0,-100.0,-100.0,-8.0,0.0,-0.0,32.0,-99.858,-100.0,-100.0,8.0,0.0,-0.0,33.0,-60.267,-65.0,-60.153,-16.0,0.0,-5.532,40.0,-100.0,-100.0,-100.0,-8.0,0.0,-0.0,31.0,9.756,9.756,9.756,0.0,0.0,-0.0,32.0,22.887,23.299,23.299,-16.0,0.0,-0.0,33.0
25.0662,2,rev,-65.0,12.2,5.528,5.4,5.4,8.0,0.0,0.0,37.0,-100.0,-100.0,-100.0,-8.0,0.0,-0.0,32.0,-99.858,-100.0,-100.0,8.0,0.0,-0.0,33.0,-60.667,-65.0,-60.473,-16.0,0.0,-6.775,40.0,-100.0,-100.0,-100.0,-8.0,0.0,-0.0,31.0,9.756,9.756,9.756,0.0,0.0,-0.0,32.0,22.887,23.299,23.299,-16.0,0.0,-0.0,33.0
25.1192,2,rev,-65.0,12.2,5.528,5.4,5.4,8.0,0.0,0.0,37.0,-100.0,-100.0,-100.0,-8.0,0.0,-0.0,32.0,-99.858,-100.0,-100.0,8.0,0.0,-0.0,33.0,-60.933,-65.0,-60.793,-16.0,0.0,-5.867,40.0,-100.0,-100.0,-100.0,-8.0,0.0,-0.0,31.0,9.756,9.756,9.756,0.0,0.0,-0.0,32.0,22.887,23.299,23.299,-16.0,0.0,-0.0,33.0
25.1727,2,rev,-65.0,12.2,5.528,5.4,5.4,8.0,0.0,0.0,37.0,-100.0,-100.0,-100.0,-8.0,0.0,-0.0,32.0,-99.858,-100.0,-100.0,8.0,0.0,-0.0,33.0,-61.2,-65.0,-61.115,-16.0,0.0,-4.958,40.0,-100.0,-100.0,-100.0,-8.0,0.0,-0.0,31.0,9.756,9.756,9.756,0.0,0.0,-0.0,32.0,22.887,23.299,23.299,-16.0,0.0,-0.0,33.0
25.2249,2,rev,-65.0,12.2,5.528,5.4,5.4,8.0,0.0,0.0,37.0,-100.0,-100.0,-100.0,-8.0,0.0,-0.0,32.0,-99.858,-100.0,-100.0,8.0,0.0,-0.0,33.0,-61.6,-65.0,-61.436,-16.0,0.0,-6.016,40.0,-100.0,-100.0,-100.0,-8.0,0.0,-0.0,31.0,9.756,9.756,9.756,0.0,0.0,-0.0,32.0,22.887,23.299,23.299,-16.0,0.0,-0.0,33.0
25.278,2,rev,-65.0,12.2,5.528,5.4,5.4,8.0,0.0,0.0,37.0,-100.0,-100.0,-100.0,-8.0,0.0,-0.0,32.0,-99.858,-100.0,-100.0,8.0,0.0,-0.0,33.0,-61.867,-65.0,-61.759,-16.0,0.0,-5.477,40.0,-100.0,-100.0,-100.0,-8.0,0.0,-0.0,31.0,9.756,9.756,9.756,0.0,0.0,-0.0,32.0,22.887,23.299,23.299,-16.0,0.0,-0.0,33.0
25.3298,2,rev,-65.0,12.2,5.528,5.4,5.4,8.0,0.0,0.0,37.0,-100.0,-100.0,-100.0,-8.0,0.0,-0.0,32.0,-99.858,-100.0,-100.0,8.0,0.0,-0.0,33.0,-62.267,-65.0,-62.08,-16.0,0.0,-6.261,40.0,-100.0,-100.0,-100.0,-8.0,0.0,-0.0,31.0,9.756,9.756,9.756,0.0,0.0,-0.0,32.0,22.887,23.299,23.299,-16.0,0.0,-0.0,33.0
25.382,2,rev,-65.0,12.2,5.528,5.4,5.4,8.0,0.0,0.0,37.0,-100.0,-100.0,-100.0,-8.0,0.0,-0.0,32.0,-99.858,-100.0,-100.0,8.0,0.0,-0.0,33.0,-62.4,-65.0,-62.242,-16.0,0.0,-5.873,40.0,-100.0,-100.0,-100.0,-8.0,0.0,-0.0,31.0,9.756,9.756,9.756,0.0,0.0,-0.0,32.0,22.887,23.299,23.299,-16.0,0.0,-0.0,33.0
25.4355,2,rev,-65.0,12.2,5.528,5.4,5.4,8.0,0.0,0.0,37.0,-100.0,-100.0,-100.0,-8.0,0.0,-0.0,32.0,-99.858,-100.0,-100.0,8.0,0.0,-0.0,33.0,-62.667,-65.0,-62.762,-8.0,0.0,-5.454,40.0,-100.0,-100.0,-100.0,-8.0,0.0,-0.0,31.0,9.756,9.756,9.756,0.0,0.0,-0.0,32.0,22.887,23.299,23.299,-16.0,0.0,-0.0,32.0
25.4895,2,rev,-65.0,12.2,5.528,5.4,5.4,8.0,0.0,0.0,37.0,-100.0,-100.0,-100.0,-8.0,0.0,-0.0,32.0,-99.858,-100.0,-100.0,8.0,0.0,-0.0,33.0,-62.933,-65.0,-63.093,-8.0,0.0,-5.642,40.0,-100.0,-100.0,-100.0,-8.0,0.0,-0.0,31.0,9.756,9.756,9.756,0.0,0.0,-0.0,32.0,22.887,23.299,23.299,-16.0,0.0,-0.0,32.0
25.5421,2,rev,-65.0,12.2,5.528,5.4,5.4,8.0,0.0,0.0,37.0,-100.0,-100.0,-100.0,-8.0,0.0,-0.0,32.0,-99.858,-100.0,-100.0,8.0,0.0,-0.0,33.0,-63.2,-65.0,-63.271,-8.0,0.0,-5.187,40.0,-100.0,-100.0,-100.0,-8.0,0.0,-0.0,31.0,9.756,9.756,9.756,0.0,0.0,-0.0,32.0,22.887,23.299,23.299,-16.0,0.0,-0.0,32.0
25.5955,2,rev,-65.0,12.2,5.438,5.4,5.4,8.0,0.0,-0.7,37.0,-100.0,-100.0,-100.0,-8.0,0.0,-0.0,32.0,-99.858,-100.0,-100.0,8.0,0.0,-0.0,33.0,-63.733,-65.0,-63.594,-8.0,0.0,-7.619,40.0,-100.0,-100.0,-100.0,-8.0,0.0,-0.0,31.0,9.756,9.756,9.756,0.0,0.0,-0.0,32.0,22.887,23.299,23.299,-16.0,0.0,-0.0,32.0
25.649,2,rev,-65.0,12.2,5.438,5.4,5.4,8.0,0.0,-0.343,37.0,-100.0,-100.0,-100.0,-8.0,0.0,-0.0,32.0,-99.858,-100.0,-100.0,8.0,0.0,-0.0,33.0,-64.0,-65.0,-63.913,-8.0,0.0,-6.277,40.0,-100.0,-100.0,-100.0,-8.0,0.0,-0.0,31.0,9.756,9.756,9.756,0.0,0.0,-0.0,32.0,22.887,23.299,23.299,-16.0,0.0,-0.0,32.0
25.7014,2,rev,-65.0,12.2,5.438,5.4,5.4,8.0,0.0,-0.168,37.0,-100.0,-100.0,-100.0,-8.0,0.0,-0.0,32.0,-99.858,-100.0,-100.0,8.0,0.0,-0.0,33.0,-64.4,-65.0,-64.235,-8.0,0.0,-7.113,40.0,-100.0,-100.0,-100.0,-8.0,0.0,-0.0,31.0,9.756,9.756,9.756,0.0,0.0,-0.0,32.0,22.887,23.299,23.299,-16.0,0.0,-0.0,32.0
25.7558,2,rev,-65.0,12.2,5.438,5.4,5.4,8.0,0.0,-0.082,37.0,-100.0,-100.0,-100.0,-8.0,0.0,-0.0,32.0,-99.858,-100.0,-100.0,8.0,0.0,-0.0,33.0,-64.667,-65.0,-64.555,-8.0,0.0,-6.002,40.0,-100.0,-100.0,-100.0,-8.0,0.0,-0.0,31.0,9.756,9.756,9.756,0.0,0.0,-0.0,32.0,22.887,23.299,23.299,-16.0,0.0,-0.0,32.0
25.8092,2,rev,-65.0,12.2,5.438,5.4,5.4,8.0,0.0,-0.04,37.0,-100.0,-100.0,-100.0,-8.0,0.0,-0.0,32.0,-99.858,-100.0,-100.0,8.0,0.0,-0.0,33.0,-64.933,-65.0,-64.881,-8.0,0.0,-5.483,40.0,-100.0,-100.0,-100.0,-8.0,0.0,-0.0,31.0,9.756,9.756,9.756,0.0,0.0,-0.0,32.0,22.887,23.299,23.299,-16.0,0.0,-0.0,32.0
25.8621,2,hold_start,-65.0,12.2,5.438,5.4,5.4,8.0,0.0,-0.02,37.0,-100.0,-100.0,-100.0,-8.0,0.0,-0.0,32.0,-99.858,-100.0,-100.0,8.0,0.0,-0.0,33.0,-65.333,-65.0,-65.0,-8.0,0.0,-6.303,40.0,-100.0,-100.0,-100.0,-8.0,0.0,-0.0,31.0,9.756,9.756,9.756,0.0,0.0,-0.0,32.0,22.887,23.299,23.299,-16.0,0.0,-0.0,32.0
25.9156,2,hold_start,-65.0,12.2,5.438,5.4,5.4,8.0,0.0,-0.01,37.0,-100.0,-100.0,-100.0,-8.0,0.0,-0.0,32.0,-99.858,-100.0,-100.0,8.0,0.0,-0.0,33.0,-65.333,-65.0,-65.0,-8.0,0.0,-3.088,40.0,-100.0,-100.0,-100.0,-8.0,0.0,-0.0,31.0,9.756,9.756,9.756,0.0,0.0,-0.0,32.0,22.887,23.299,23.299,-16.0,0.0,-0.0,32.0
25.9689,2,hold_start,-65.0,12.2,5.438,5.4,5.4,0.0,0.0,-0.007,37.0,-100.0,-100.0,-100.0,-8.0,0.0,-0.0,32.0,-99.858,-100.0,-100.0,8.0,0.0,-0.0,33.0,-65.333,-65.0,-65.0,-16.0,0.0,-2.162,40.0,-100.0,-100.0,-100.0,-8.0,0.0,-0.0,31.0,9.756,9.756,9.756,0.0,0.0,-0.0,32.0,22.887,23.299,23.299,-16.0,0.0,-0.0,32.0
26.0208,2,hold_start,-65.0,12.2,5.438,5.4,5.4,0.0,0.0,-0.003,37.0,-100.0,-100.0,-100.0,-8.0,0.0,-0.0,32.0,-99.858,-100.0,-100.0,8.0,0.0,-0.0,33.0,-65.333,-65.0,-65.0,-16.0,0.0,-1.059,40.0,-100.0,-100.0,-100.0,-8.0,0.0,-0.0,31.0,9.756,9.756,9.756,0.0,0.0,-0.0,32.0,22.887,23.299,23.299,-16.0,0.0,-0.0,32.0
26.0743,2,hold_start,-65.0,12.2,5.438,5.4,5.4,0.0,0.0,-0.002,37.0,-100.0,-100.0,-100.0,-8.0,0.0,-0.0,32.0,-99.858,-100.0,-100.0,8.0,0.0,-0.0,33.0,-65.333,-65.0,-65.0,-16.0,0.0,-0.519,40.0,-100.0,-100.0,-100.0,-8.0,0.0,-0.0,31.0,9.756,9.756,9.756,0.0,0.0,-0.0,32.0,22.887,23.299,23.299,-16.0,0.0,-0.0,32.0
26.1274,2,hold_start,-65.0,12.2,5.438,5.4,5.4,0.0,0.0,-0.001,37.0,-100.0,-100.0,-100.0,-8.0,0.0,-0.0,32.0,-99.858,-100.0,-100.0,8.0,0.0,-0.0,33.0,-65.333,-65.0,-65.0,-16.0,0.0,-0.254,40.0,-100.0,-100.0,-100.0,-8.0,0.0,-0.0,31.0,9.756,9.756,9.756,0.0,0.0,-0.0,32.0,22.887,23.299,23.299,-16.0,0.0,-0.0,32.0
26.1802,2,hold_start,-65.0,12.2,5.438,5.4,5.4,0.0,0.0,-0.0,37.0,-100.0,-100.0,-100.0,-8.0,0.0,-0.0,32.0,-99.858,-100.0,-100.0,8.0,0.0,-0.0,33.0,-65.333,-65.0,-65.0,-16.0,0.0,-0.125,40.0,-100.0,-100.0,-100.0,-8.0,0.0,-0.0,31.0,9.756,9.756,9.756,0.0,0.0,-0.0,32.0,22.887,23.299,23.299,-16.0,0.0,-0.0,32.0
26.2336,2,hold_start,-65.0,12.2,5.348,5.4,5.4,0.0,0.0,-1.004,37.0,-100.0,-100.0,-100.0,-8.0,0.0,-0.0,32.0,-99.858,-100.0,-100.0,8.0,0.0,-0.0,33.0,-65.333,-65.0,-65.0,-16.0,0.0,-0.061,40.0,-100.0,-100.0,-100.0,-8.0,0.0,-0.0,31.0,9.756,9.756,9.756,0.0,0.0,-0.0,32.0,22.887,23.299,23.299,-16.0,0.0,-0.0,32.0
26.2858,2,hold_start,-65.0,12.2,5.348,5.4,5.4,0.0,0.0,-0.492,37.0,-100.0,-100.0,-100.0,-8.0,0.0,-0.0,32.0,-99.858,-100.0,-100.0,8.0,0.0,-0.0,33.0,-65.333,-65.0,-65.0,-16.0,0.0,-0.03,40.0,-100.0,-100.0,-100.0,-8.0,0.0,-0.0,31.0,9.756,9.756,9.756,0.0,0.0,-0.0,32.0,22.887,23.299,23.299,-16.0,0.0,-0.0,32.0
26.3395,2,hold_start,-65.0,12.2,5.348,5.4,5.4,0.0,0.0,-0.241,37.0,-100.0,-100.0,-100.0,-8.0,0.0,-0.0,32.0,-99.858,-100.0,-100.0,8.0,0.0,-0.0,33.0,-65.333,-65.0,-65.0,-16.0,0.0,-0.015,40.0,-100.0,-100.0,-100.0,-8.0,0.0,-0.0,31.0,9.756,9.756,9.756,0.0,0.0,-0.0,32.0,22.887,23.299,23.299,-16.0,0.0,-0.0,32.0
26.3919,2,hold_start,-65.0,12.2,5.348,5.4,5.4,0.0,0.0,-0.118,37.0,-100.0,-100.0,-100.0,-8.0,0.0,-0.0,32.0,-99.858,-100.0,-100.0,8.0,0.0,-0.0,33.0,-65.333,-65.0,-65.0,-16.0,0.0,-0.007,40.0,-100.0,-100.0,-100.0,-8.0,0.0,-0.0,31.0,9.756,9.756,9.756,0.0,0.0,-0.0,32.0,22.887,23.299,23.299,-16.0,0.0,-0.0,32.0
